{
   "type": "FeatureCollection",
   "features": [
  {
    "type": "Feature",
    "geometry": {
       "type": "Point",
       "coordinates":  [ 121.528283,25.02603 ]
    },
    "properties": {
    "name":"國立臺灣師範大學校本部(和平東路1段162號) ",
    "address":"和平東路1段162號",
    "district_code":63000030,
    "type":"學校、大型集會場所",
    "subtype":"大專院校",
    "AED_location":"校本部體育館2樓",
    "district":"大安區"
    }
  },
  {
    "type": "Feature",
    "geometry": {
       "type": "Point",
       "coordinates":  [ 121.548432,25.10235 ]
    },
    "properties": {
    "name":"國立故宮博物院",
    "address":"至善路2段221號",
    "district_code":63000110,
    "type":"大型休閒場所",
    "subtype":"博物館",
    "AED_location":"國立故宮博物院研究大樓1樓大廳",
    "district":"士林區"
    }
  },
  {
    "type": "Feature",
    "geometry": {
       "type": "Point",
       "coordinates":  [ 121.548432,25.10235 ]
    },
    "properties": {
    "name":"國立故宮博物院",
    "address":"至善路2段221號",
    "district_code":63000110,
    "type":"大型休閒場所",
    "subtype":"博物館",
    "AED_location":"地下一樓醫務室醫務室",
    "district":"士林區"
    }
  },
  {
    "type": "Feature",
    "geometry": {
       "type": "Point",
       "coordinates":  [ 121.538749,25.136543 ]
    },
    "properties": {
    "name":"中國文化大學 大恩館",
    "address":"華岡路55號",
    "district_code":63000110,
    "type":"學校、大型集會場所",
    "subtype":"大專院校",
    "AED_location":"大孝館(體育館)",
    "district":"士林區"
    }
  },
  {
    "type": "Feature",
    "geometry": {
       "type": "Point",
       "coordinates":  [ 121.53721,25.036628 ]
    },
    "properties": {
    "name":"福容大飯店股份有限公司台北分公司",
    "address":"建國南路一段266號",
    "district_code":63000030,
    "type":"其他",
    "subtype":"其他場所",
    "AED_location":"一樓大廳櫃檯前方",
    "district":"大安區"
    }
  },
  {
    "type": "Feature",
    "geometry": {
       "type": "Point",
       "coordinates":  [ 121.521052,25.052266 ]
    },
    "properties": {
    "name":"新光三越百貨（股）公司台北南西分公司",
    "address":"南京西路12號1樓服務台",
    "district_code":63000040,
    "type":"大型購物場所",
    "subtype":"百貨業",
    "AED_location":"1樓服務台",
    "district":"中山區"
    }
  },
  {
    "type": "Feature",
    "geometry": {
       "type": "Point",
       "coordinates":  [ 121.565136,25.040914 ]
    },
    "properties": {
    "name":"市府轉運站",
    "address":"忠孝東路五段六號",
    "district_code":63000020,
    "type":"交通要衝",
    "subtype":"轉運站",
    "AED_location":"售票大廳",
    "district":"信義區"
    }
  },
  {
    "type": "Feature",
    "geometry": {
       "type": "Point",
       "coordinates":  [ 121.565888,25.040587 ]
    },
    "properties": {
    "name":"統一百華股份有限公司(統一時代百貨公司台北店)",
    "address":"忠孝東路5段8號",
    "district_code":63000020,
    "type":"大型購物場所",
    "subtype":"百貨業",
    "AED_location":"一樓服務台",
    "district":"信義區"
    }
  },
  {
    "type": "Feature",
    "geometry": {
       "type": "Point",
       "coordinates":  [ 121.552742,25.06369 ]
    },
    "properties": {
    "name":"交通部民用航空局臺北國際航空站(松山機場)",
    "address":"敦化北路340-9號",
    "district_code":63000010,
    "type":"交通要衝",
    "subtype":"機場",
    "AED_location":"國際線2樓內候機室(東)",
    "district":"松山區"
    }
  },
  {
    "type": "Feature",
    "geometry": {
       "type": "Point",
       "coordinates":  [ 121.526287,25.078611 ]
    },
    "properties": {
    "name":"財團法人臺灣敦睦聯誼會所屬作業組織圓山大飯店",
    "address":"中山北路4段1巷1號",
    "district_code":63000040,
    "type":"旅宿場所",
    "subtype":"旅館",
    "AED_location":"聯誼會游泳池",
    "district":"中山區"
    }
  },
  {
    "type": "Feature",
    "geometry": {
       "type": "Point",
       "coordinates":  [ 121.534463,25.016323 ]
    },
    "properties": {
    "name":"國立臺灣大學(校總區)",
    "address":"羅斯福路4段1號",
    "district_code":63000030,
    "type":"學校、大型集會場所",
    "subtype":"大專院校",
    "AED_location":"管理研教館",
    "district":"大安區"
    }
  },
  {
    "type": "Feature",
    "geometry": {
       "type": "Point",
       "coordinates":  [ 121.520655,25.040772 ]
    },
    "properties": {
    "name":"國立臺灣大學(醫學校區)",
    "address":"仁愛路1段1號",
    "district_code":63000050,
    "type":"學校、大型集會場所",
    "subtype":"大專院校",
    "AED_location":"醫學體育館",
    "district":"中正區"
    }
  },
  {
    "type": "Feature",
    "geometry": {
       "type": "Point",
       "coordinates":  [ 121.520655,25.040772 ]
    },
    "properties": {
    "name":"國立臺灣大學(醫學校區)",
    "address":"仁愛路1段1號",
    "district_code":63000050,
    "type":"學校、大型集會場所",
    "subtype":"大專院校",
    "AED_location":"醫學基醫大樓",
    "district":"中正區"
    }
  },
  {
    "type": "Feature",
    "geometry": {
       "type": "Point",
       "coordinates":  [ 121.520655,25.040772 ]
    },
    "properties": {
    "name":"國立臺灣大學(醫學校區)",
    "address":"仁愛路1段1號",
    "district_code":63000050,
    "type":"學校、大型集會場所",
    "subtype":"大專院校",
    "AED_location":"醫學國際會議中心",
    "district":"中正區"
    }
  },
  {
    "type": "Feature",
    "geometry": {
       "type": "Point",
       "coordinates":  [ 121.520607,25.052708 ]
    },
    "properties": {
    "name":"新光三越百貨(股)公司台北南西分公司三館",
    "address":"南京西路15號4樓",
    "district_code":63000040,
    "type":"大型購物場所",
    "subtype":"百貨業",
    "AED_location":"4F顧客服務中心",
    "district":"中山區"
    }
  },
  {
    "type": "Feature",
    "geometry": {
       "type": "Point",
       "coordinates":  [ 121.50869,25.038274 ]
    },
    "properties": {
    "name":"中國文化大學推廣教育部 大新館",
    "address":"延平南路127號一樓",
    "district_code":63000050,
    "type":"學校、大型集會場所",
    "subtype":"大專院校",
    "AED_location":"大新館一樓",
    "district":"中正區"
    }
  },
  {
    "type": "Feature",
    "geometry": {
       "type": "Point",
       "coordinates":  [ 121.520679,25.117539 ]
    },
    "properties": {
    "name":"國立臺北護理健康大學",
    "address":"明德路365號",
    "district_code":63000120,
    "type":"學校、大型集會場所",
    "subtype":"大專院校",
    "AED_location":"科技大樓一樓健康中心對面",
    "district":"北投區"
    }
  },
  {
    "type": "Feature",
    "geometry": {
       "type": "Point",
       "coordinates":  [ 121.538016,25.026078 ]
    },
    "properties": {
    "name":"中國文化大學推廣教育部 大夏館",
    "address":"建國南路2段231號1樓",
    "district_code":63000030,
    "type":"學校、大型集會場所",
    "subtype":"大專院校",
    "AED_location":"六樓電梯口處",
    "district":"大安區"
    }
  },
  {
    "type": "Feature",
    "geometry": {
       "type": "Point",
       "coordinates":  [ 121.58184,25.048938 ]
    },
    "properties": {
    "name":"臺北市南港運動中心",
    "address":"玉成街69號",
    "district_code":63000090,
    "type":"學校、大型集會場所",
    "subtype":"健身中心",
    "AED_location":"二樓健身入口處",
    "district":"南港區"
    }
  },
  {
    "type": "Feature",
    "geometry": {
       "type": "Point",
       "coordinates":  [ 121.516422,25.046259 ]
    },
    "properties": {
    "name":"台北凱撒大飯店",
    "address":"忠孝西路1段38號",
    "district_code":63000050,
    "type":"旅宿場所",
    "subtype":"飯店",
    "AED_location":"飯店大廳",
    "district":"中正區"
    }
  },
  {
    "type": "Feature",
    "geometry": {
       "type": "Point",
       "coordinates":  [ 121.5241572,25.0846148 ]
    },
    "properties": {
    "name":"臺北表演藝術中心",
    "address":"劍潭路1號",
    "district_code":63000110,
    "type":"大型休閒場所",
    "subtype":"演藝廳",
    "AED_location":"10樓辦公區",
    "district":"士林區"
    }
  },
  {
    "type": "Feature",
    "geometry": {
       "type": "Point",
       "coordinates":  [ 121.559901,25.044363 ]
    },
    "properties": {
    "name":"松山文創園區",
    "address":"光復南路133號",
    "district_code":63000020,
    "type":"觀光旅遊地區",
    "subtype":"文化園區",
    "AED_location":"育嬰室",
    "district":"信義區"
    }
  },
  {
    "type": "Feature",
    "geometry": {
       "type": "Point",
       "coordinates":  [ 121.559901,25.044363 ]
    },
    "properties": {
    "name":"松山文創園區",
    "address":"光復南路133號",
    "district_code":63000020,
    "type":"觀光旅遊地區",
    "subtype":"文化園區",
    "AED_location":"二號倉庫旁",
    "district":"信義區"
    }
  },
  {
    "type": "Feature",
    "geometry": {
       "type": "Point",
       "coordinates":  [ 121.552742,25.06369 ]
    },
    "properties": {
    "name":"交通部民用航空局臺北國際航空站(松山機場)",
    "address":"敦化北路340-9號",
    "district_code":63000010,
    "type":"交通要衝",
    "subtype":"機場",
    "AED_location":"國際線3樓環亞貴賓室",
    "district":"松山區"
    }
  },
  {
    "type": "Feature",
    "geometry": {
       "type": "Point",
       "coordinates":  [ 121.572369,25.077252 ]
    },
    "properties": {
    "name":"中租控股股份有限公司",
    "address":"瑞光路362號",
    "district_code":63000100,
    "type":"其他",
    "subtype":"其他場所",
    "AED_location":"公司咖啡廳門口",
    "district":"內湖區"
    }
  },
  {
    "type": "Feature",
    "geometry": {
       "type": "Point",
       "coordinates":  [ 121.538886,25.038984 ]
    },
    "properties": {
    "name":"臺灣當代文化實驗場",
    "address":"建國南路一段177號",
    "district_code":63000030,
    "type":"其他",
    "subtype":"其他場所",
    "AED_location":"圖書館大門旁",
    "district":"大安區"
    }
  },
  {
    "type": "Feature",
    "geometry": {
       "type": "Point",
       "coordinates":  [ 121.5325824,25.0518068 ]
    },
    "properties": {
    "name":"寒居酒店",
    "address":"松江路116號",
    "district_code":63000040,
    "type":"旅宿場所",
    "subtype":"飯店",
    "AED_location":"健身中心",
    "district":"中山區"
    }
  },
  {
    "type": "Feature",
    "geometry": {
       "type": "Point",
       "coordinates":  [ 121.5325824,25.0518068 ]
    },
    "properties": {
    "name":"寒居酒店",
    "address":"松江路116號",
    "district_code":63000040,
    "type":"旅宿場所",
    "subtype":"飯店",
    "AED_location":"飯店大廳",
    "district":"中山區"
    }
  },
  {
    "type": "Feature",
    "geometry": {
       "type": "Point",
       "coordinates":  [ 121.6072083,25.05267019 ]
    },
    "properties": {
    "name":"潤泰旭展股份有限公司(CITYLINK南港店)",
    "address":"忠孝東路七段369號",
    "district_code":63000090,
    "type":"大型購物場所",
    "subtype":"商場",
    "AED_location":"A棟7F",
    "district":"南港區"
    }
  },
  {
    "type": "Feature",
    "geometry": {
       "type": "Point",
       "coordinates":  [ 121.5241572,25.0846148 ]
    },
    "properties": {
    "name":"臺北表演藝術中心",
    "address":"劍潭路1號",
    "district_code":63000110,
    "type":"大型休閒場所",
    "subtype":"演藝廳",
    "AED_location":"5F 大劇院門口",
    "district":"士林區"
    }
  },
  {
    "type": "Feature",
    "geometry": {
       "type": "Point",
       "coordinates":  [ 121.565888,25.040587 ]
    },
    "properties": {
    "name":"統一百華股份有限公司(統一時代百貨公司台北店)",
    "address":"忠孝東路5段8號",
    "district_code":63000020,
    "type":"大型購物場所",
    "subtype":"百貨業",
    "AED_location":"7樓",
    "district":"信義區"
    }
  },
  {
    "type": "Feature",
    "geometry": {
       "type": "Point",
       "coordinates":  [ 121.50689,25.135921 ]
    },
    "properties": {
    "name":"日勝生加賀屋國際溫泉飯店",
    "address":"光明路236號",
    "district_code":63000120,
    "type":"大型公眾浴場或溫泉區",
    "subtype":"溫泉區",
    "AED_location":"2樓手扶梯上來右側",
    "district":"北投區"
    }
  },
  {
    "type": "Feature",
    "geometry": {
       "type": "Point",
       "coordinates":  [ 121.5241572,25.0846148 ]
    },
    "properties": {
    "name":"臺北表演藝術中心",
    "address":"劍潭路1號",
    "district_code":63000110,
    "type":"大型休閒場所",
    "subtype":"演藝廳",
    "AED_location":"1F大廳 服務台旁",
    "district":"士林區"
    }
  },
  {
    "type": "Feature",
    "geometry": {
       "type": "Point",
       "coordinates":  [ 121.559901,25.044363 ]
    },
    "properties": {
    "name":"松山文創園區",
    "address":"光復南路133號",
    "district_code":63000020,
    "type":"觀光旅遊地區",
    "subtype":"文化園區",
    "AED_location":"北二門",
    "district":"信義區"
    }
  },
  {
    "type": "Feature",
    "geometry": {
       "type": "Point",
       "coordinates":  [ 121.5241572,25.0846148 ]
    },
    "properties": {
    "name":"臺北表演藝術中心",
    "address":"劍潭路1號",
    "district_code":63000110,
    "type":"大型休閒場所",
    "subtype":"演藝廳",
    "AED_location":"7樓後場",
    "district":"士林區"
    }
  },
  {
    "type": "Feature",
    "geometry": {
       "type": "Point",
       "coordinates":  [ 121.5241572,25.0846148 ]
    },
    "properties": {
    "name":"臺北表演藝術中心",
    "address":"劍潭路1號",
    "district_code":63000110,
    "type":"大型休閒場所",
    "subtype":"演藝廳",
    "AED_location":"本館4樓藍盒子劇場",
    "district":"士林區"
    }
  },
  {
    "type": "Feature",
    "geometry": {
       "type": "Point",
       "coordinates":  [ 121.5241572,25.0846148 ]
    },
    "properties": {
    "name":"臺北表演藝術中心",
    "address":"劍潭路1號",
    "district_code":63000110,
    "type":"大型休閒場所",
    "subtype":"演藝廳",
    "AED_location":"2樓大廳",
    "district":"士林區"
    }
  },
  {
    "type": "Feature",
    "geometry": {
       "type": "Point",
       "coordinates":  [ 121.559024,25.0349859 ]
    },
    "properties": {
    "name":"臺北市立信義幼兒園",
    "address":"基隆路一段364巷24號",
    "district_code":63000020,
    "type":"其他",
    "subtype":"其他場所",
    "AED_location":"台北市信義區基隆路一段364巷24號",
    "district":"信義區"
    }
  },
  {
    "type": "Feature",
    "geometry": {
       "type": "Point",
       "coordinates":  [ 121.562245,25.03317 ]
    },
    "properties": {
    "name":"台北世貿中心展覽大樓",
    "address":"信義路5段5號",
    "district_code":63000020,
    "type":"其他",
    "subtype":"其他場所",
    "AED_location":"世貿中心展覽大樓南大門哺乳室旁",
    "district":"信義區"
    }
  },
  {
    "type": "Feature",
    "geometry": {
       "type": "Point",
       "coordinates":  [ 121.562245,25.03317 ]
    },
    "properties": {
    "name":"台北世貿中心展覽大樓",
    "address":"信義路5段5號",
    "district_code":63000020,
    "type":"其他",
    "subtype":"其他場所",
    "AED_location":"世貿中心展覽大樓西大門郵局旁",
    "district":"信義區"
    }
  },
  {
    "type": "Feature",
    "geometry": {
       "type": "Point",
       "coordinates":  [ 121.562245,25.03317 ]
    },
    "properties": {
    "name":"台北世貿中心展覽大樓",
    "address":"信義路5段5號",
    "district_code":63000020,
    "type":"其他",
    "subtype":"其他場所",
    "AED_location":"世貿中心展覽大樓二樓貴賓室旁",
    "district":"信義區"
    }
  },
  {
    "type": "Feature",
    "geometry": {
       "type": "Point",
       "coordinates":  [ 121.562245,25.03317 ]
    },
    "properties": {
    "name":"台北世貿中心展覽大樓",
    "address":"信義路5段5號",
    "district_code":63000020,
    "type":"其他",
    "subtype":"其他場所",
    "AED_location":"展覽大樓5樓D區21室前",
    "district":"信義區"
    }
  },
  {
    "type": "Feature",
    "geometry": {
       "type": "Point",
       "coordinates":  [ 121.561022,25.03369 ]
    },
    "properties": {
    "name":"外貿協會台北國際會議中心",
    "address":"信義路5段1號",
    "district_code":63000020,
    "type":"大型休閒場所",
    "subtype":"演藝廳",
    "AED_location":"1樓大廳服務台",
    "district":"信義區"
    }
  },
  {
    "type": "Feature",
    "geometry": {
       "type": "Point",
       "coordinates":  [ 121.560814,25.034417 ]
    },
    "properties": {
    "name":"台北世界貿易中心國際貿易大樓",
    "address":"基隆路1段333號",
    "district_code":63000020,
    "type":"其他",
    "subtype":"其他場所",
    "AED_location":"一樓大廳服務台",
    "district":"信義區"
    }
  },
  {
    "type": "Feature",
    "geometry": {
       "type": "Point",
       "coordinates":  [ 121.537218,25.067471 ]
    },
    "properties": {
    "name":"臺北農產運銷股份有限公司",
    "address":"民族東路336號",
    "district_code":63000040,
    "type":"其他",
    "subtype":"其他場所",
    "AED_location":"中控室旁",
    "district":"中山區"
    }
  },
  {
    "type": "Feature",
    "geometry": {
       "type": "Point",
       "coordinates":  [ 121.496902,25.016648 ]
    },
    "properties": {
    "name":"臺北農產運銷股份有限公司(第一果菜批發市場)",
    "address":"萬大路533號",
    "district_code":63000070,
    "type":"其他",
    "subtype":"其他場所",
    "AED_location":"前大門一樓業管組辦公室",
    "district":"萬華區"
    }
  },
  {
    "type": "Feature",
    "geometry": {
       "type": "Point",
       "coordinates":  [ 121.517719,25.052264 ]
    },
    "properties": {
    "name":"Curves女性專用30分鐘健身中心捷運中山店",
    "address":"承德路一段77-1號2樓",
    "district_code":63000060,
    "type":"學校、大型集會場所",
    "subtype":"健身房",
    "AED_location":"店內",
    "district":"大同區"
    }
  },
  {
    "type": "Feature",
    "geometry": {
       "type": "Point",
       "coordinates":  [ 121.506498,25.045226 ]
    },
    "properties": {
    "name":"香港商世界健身事業有限公司西門分公司",
    "address":"西寧南路36號B1",
    "district_code":63000070,
    "type":"學校、大型集會場所",
    "subtype":"健身房",
    "AED_location":"會員休息區",
    "district":"萬華區"
    }
  },
  {
    "type": "Feature",
    "geometry": {
       "type": "Point",
       "coordinates":  [ 121.515823,25.04630432 ]
    },
    "properties": {
    "name":"香港商世界健身事業有限公司台北分公司",
    "address":"忠孝西路1段50號地下二樓",
    "district_code":63000050,
    "type":"學校、大型集會場所",
    "subtype":"健身房",
    "AED_location":"忠孝西路店客服櫃台前方",
    "district":"中正區"
    }
  },
  {
    "type": "Feature",
    "geometry": {
       "type": "Point",
       "coordinates":  [ 121.565783,25.032515 ]
    },
    "properties": {
    "name":"信義房屋股份有限公司",
    "address":"信義路五段100號1樓",
    "district_code":63000020,
    "type":"其他",
    "subtype":"其他場所",
    "AED_location":"1樓",
    "district":"信義區"
    }
  },
  {
    "type": "Feature",
    "geometry": {
       "type": "Point",
       "coordinates":  [ 121.575896,25.062902 ]
    },
    "properties": {
    "name":"大潤發流通事業股份有限公司南湖分公司",
    "address":"舊宗路1段188號",
    "district_code":63000100,
    "type":"大型購物場所",
    "subtype":"賣場",
    "AED_location":"賣場的入口直走進來的正前方",
    "district":"內湖區"
    }
  },
  {
    "type": "Feature",
    "geometry": {
       "type": "Point",
       "coordinates":  [ 121.611276,25.070238 ]
    },
    "properties": {
    "name":"香港商世界健身事業有限公司內湖分公司",
    "address":"康寧路3段72號6樓",
    "district_code":63000100,
    "type":"學校、大型集會場所",
    "subtype":"健身房",
    "AED_location":"內湖店6樓心肺區",
    "district":"內湖區"
    }
  },
  {
    "type": "Feature",
    "geometry": {
       "type": "Point",
       "coordinates":  [ 121.542555,25.046873 ]
    },
    "properties": {
    "name":"潤泰創新國際股份有限公司中崙分公司",
    "address":"八德路二段306號地下三樓",
    "district_code":63000040,
    "type":"大型購物場所",
    "subtype":"商場",
    "AED_location":"B2賣場出口",
    "district":"中山區"
    }
  },
  {
    "type": "Feature",
    "geometry": {
       "type": "Point",
       "coordinates":  [ 121.6115069,25.0523268 ]
    },
    "properties": {
    "name":"洛碁大飯店南港館",
    "address":"忠孝東路七段528號",
    "district_code":63000090,
    "type":"旅宿場所",
    "subtype":"旅館",
    "AED_location":"本館大廳座位區",
    "district":"南港區"
    }
  },
  {
    "type": "Feature",
    "geometry": {
       "type": "Point",
       "coordinates":  [ 121.5373432,25.0517484 ]
    },
    "properties": {
    "name":"洛碁大飯店南京館",
    "address":"南京東路三段8號",
    "district_code":63000040,
    "type":"旅宿場所",
    "subtype":"旅館",
    "AED_location":"本館大廳座位區",
    "district":"中山區"
    }
  },
  {
    "type": "Feature",
    "geometry": {
       "type": "Point",
       "coordinates":  [ 121.547572,25.057461 ]
    },
    "properties": {
    "name":"京庚健康世界股份有限公司民生分公司",
    "address":"民生東路3段156號地下1樓",
    "district_code":63000010,
    "type":"學校、大型集會場所",
    "subtype":"健身房",
    "AED_location":"地下1樓入口左側",
    "district":"松山區"
    }
  },
  {
    "type": "Feature",
    "geometry": {
       "type": "Point",
       "coordinates":  [ 121.519083,25.04275 ]
    },
    "properties": {
    "name":"教育部",
    "address":"中山南路5號",
    "district_code":63000050,
    "type":"其他",
    "subtype":"其他場所",
    "AED_location":"大廳右側",
    "district":"中正區"
    }
  },
  {
    "type": "Feature",
    "geometry": {
       "type": "Point",
       "coordinates":  [ 121.5068646,25.03645563 ]
    },
    "properties": {
    "name":"台北花園大酒店股份有限公司",
    "address":"中華路二段1號",
    "district_code":63000050,
    "type":"旅宿場所",
    "subtype":"飯店",
    "AED_location":"本館大廳",
    "district":"中正區"
    }
  },
  {
    "type": "Feature",
    "geometry": {
       "type": "Point",
       "coordinates":  [ 121.624634,25.032825 ]
    },
    "properties": {
    "name":"臺北市政府環境保護局山豬窟游泳池館",
    "address":"舊莊街一段290巷32號",
    "district_code":63000090,
    "type":"學校、大型集會場所",
    "subtype":"健身房",
    "AED_location":"一樓大廳",
    "district":"南港區"
    }
  },
  {
    "type": "Feature",
    "geometry": {
       "type": "Point",
       "coordinates":  [ 121.543237,25.101951 ]
    },
    "properties": {
    "name":"臺北市至善老人安養護中心",
    "address":"仰德大道二段二巷50號",
    "district_code":63000110,
    "type":"其他",
    "subtype":"其他場所",
    "AED_location":"中心大廳",
    "district":"士林區"
    }
  },
  {
    "type": "Feature",
    "geometry": {
       "type": "Point",
       "coordinates":  [ 121.575257,25.000284 ]
    },
    "properties": {
    "name":"博嘉運動公園",
    "address":"木柵路4段159巷16號",
    "district_code":63000080,
    "type":"學校、大型集會場所",
    "subtype":"健身中心",
    "AED_location":"B1泳池櫃檯",
    "district":"文山區"
    }
  },
  {
    "type": "Feature",
    "geometry": {
       "type": "Point",
       "coordinates":  [ 121.5219939,25.0271784 ]
    },
    "properties": {
    "name":"TutorABC  麥奇數位股份有限公司",
    "address":"和平西路一段3號2樓",
    "district_code":63000050,
    "type":"其他",
    "subtype":"其他場所",
    "AED_location":"2樓辦公室內",
    "district":"中正區"
    }
  },
  {
    "type": "Feature",
    "geometry": {
       "type": "Point",
       "coordinates":  [ 121.526814,25.112934 ]
    },
    "properties": {
    "name":"臺北市士林區士東國民小學",
    "address":"中山北路六段392號",
    "district_code":63000110,
    "type":"其他",
    "subtype":"其他場所",
    "AED_location":"士東國小健康中心",
    "district":"士林區"
    }
  },
  {
    "type": "Feature",
    "geometry": {
       "type": "Point",
       "coordinates":  [ 121.53419,25.014576 ]
    },
    "properties": {
    "name":"Curves女性專用30分鐘健身中心台大公館店",
    "address":"羅斯福路4段64號4樓",
    "district_code":63000050,
    "type":"學校、大型集會場所",
    "subtype":"健身房",
    "AED_location":"櫃檯後方",
    "district":"中正區"
    }
  },
  {
    "type": "Feature",
    "geometry": {
       "type": "Point",
       "coordinates":  [ 121.618175,25.056902 ]
    },
    "properties": {
    "name":"臺北南港展覽館1館",
    "address":"經貿二路1號",
    "district_code":63000090,
    "type":"其他",
    "subtype":"其他場所",
    "AED_location":"1樓大廳",
    "district":"南港區"
    }
  },
  {
    "type": "Feature",
    "geometry": {
       "type": "Point",
       "coordinates":  [ 121.618175,25.056902 ]
    },
    "properties": {
    "name":"臺北南港展覽館1館",
    "address":"經貿二路1號",
    "district_code":63000090,
    "type":"其他",
    "subtype":"其他場所",
    "AED_location":"4樓服務台",
    "district":"南港區"
    }
  },
  {
    "type": "Feature",
    "geometry": {
       "type": "Point",
       "coordinates":  [ 121.575896,25.062902 ]
    },
    "properties": {
    "name":"大潤發流通事業股份有限公司南湖分公司",
    "address":"舊宗路1段188號",
    "district_code":63000100,
    "type":"大型購物場所",
    "subtype":"賣場",
    "AED_location":"3F未購物出口(食品入口)對面柱子上",
    "district":"內湖區"
    }
  },
  {
    "type": "Feature",
    "geometry": {
       "type": "Point",
       "coordinates":  [ 121.505259,25.044067 ]
    },
    "properties": {
    "name":"西門就業服務站",
    "address":"峨嵋街81號",
    "district_code":63000070,
    "type":"其他",
    "subtype":"其他場所",
    "AED_location":"西門就業服務站",
    "district":"萬華區"
    }
  },
  {
    "type": "Feature",
    "geometry": {
       "type": "Point",
       "coordinates":  [ 121.565037,25.050314 ]
    },
    "properties": {
    "name":"統一大樓管理委員會",
    "address":"東興路8號",
    "district_code":63000010,
    "type":"其他",
    "subtype":"其他場所",
    "AED_location":"10樓梯廳",
    "district":"松山區"
    }
  },
  {
    "type": "Feature",
    "geometry": {
       "type": "Point",
       "coordinates":  [ 121.471255,25.108098 ]
    },
    "properties": {
    "name":"台北海洋科技大學",
    "address":"延平北路9段212號",
    "district_code":63000110,
    "type":"學校、大型集會場所",
    "subtype":"大專院校",
    "AED_location":"台北海洋技術學院士林校區樂群樓101教室旁",
    "district":"士林區"
    }
  },
  {
    "type": "Feature",
    "geometry": {
       "type": "Point",
       "coordinates":  [ 121.57996,24.984837 ]
    },
    "properties": {
    "name":"國立政治大學附設實驗國民小學",
    "address":"指南路三段12號",
    "district_code":63000080,
    "type":"其他",
    "subtype":"其他場所",
    "AED_location":"健康中心",
    "district":"文山區"
    }
  },
  {
    "type": "Feature",
    "geometry": {
       "type": "Point",
       "coordinates":  [ 121.605294,25.083426 ]
    },
    "properties": {
    "name":"慈濟內湖聯絡處環保站",
    "address":"成功路5段168號",
    "district_code":63000100,
    "type":"其他",
    "subtype":"其他場所",
    "AED_location":"環保站",
    "district":"內湖區"
    }
  },
  {
    "type": "Feature",
    "geometry": {
       "type": "Point",
       "coordinates":  [ 121.605294,25.083426 ]
    },
    "properties": {
    "name":"慈濟內湖聯絡處人文館",
    "address":"成功路5段168號",
    "district_code":63000100,
    "type":"其他",
    "subtype":"其他場所",
    "AED_location":"人文館入口左側",
    "district":"內湖區"
    }
  },
  {
    "type": "Feature",
    "geometry": {
       "type": "Point",
       "coordinates":  [ 121.5281604,25.09243604 ]
    },
    "properties": {
    "name":"悅庭牙醫診所",
    "address":"中山北路五段472號6樓",
    "district_code":63000110,
    "type":"其他",
    "subtype":"其他場所",
    "AED_location":"櫃台右側後方牆上",
    "district":"士林區"
    }
  },
  {
    "type": "Feature",
    "geometry": {
       "type": "Point",
       "coordinates":  [ 121.51333,25.037044 ]
    },
    "properties": {
    "name":"臺北市立大學博愛校區",
    "address":"愛國西路1號",
    "district_code":63000050,
    "type":"學校、大型集會場所",
    "subtype":"大專院校",
    "AED_location":"勤樸樓一樓健康促進中心門外",
    "district":"中正區"
    }
  },
  {
    "type": "Feature",
    "geometry": {
       "type": "Point",
       "coordinates":  [ 121.504789,25.025995 ]
    },
    "properties": {
    "name":"Curves女性專用30分鐘健身中心萬華青年公園店",
    "address":"青年路30巷2-3號1樓",
    "district_code":63000070,
    "type":"學校、大型集會場所",
    "subtype":"健身房",
    "AED_location":"環狀運動圈內",
    "district":"萬華區"
    }
  },
  {
    "type": "Feature",
    "geometry": {
       "type": "Point",
       "coordinates":  [ 121.562251,25.038463 ]
    },
    "properties": {
    "name":"臺北市議會",
    "address":"仁愛路4段507號",
    "district_code":63000020,
    "type":"學校、大型集會場所",
    "subtype":"議會",
    "AED_location":"1樓大廳右側警衛台旁",
    "district":"信義區"
    }
  },
  {
    "type": "Feature",
    "geometry": {
       "type": "Point",
       "coordinates":  [ 121.509748,25.040388 ]
    },
    "properties": {
    "name":"最高法院第二辦公室寶慶院區",
    "address":"長沙街一段27號",
    "district_code":63000050,
    "type":"學校、大型集會場所",
    "subtype":"法院",
    "AED_location":"最高法院第二辦公室寶慶院區",
    "district":"中正區"
    }
  },
  {
    "type": "Feature",
    "geometry": {
       "type": "Point",
       "coordinates":  [ 121.516602,25.095757 ]
    },
    "properties": {
    "name":"國立臺灣科學教育館",
    "address":"士商路189號",
    "district_code":63000110,
    "type":"大型休閒場所",
    "subtype":"博物館",
    "AED_location":"本館1樓服務台旁",
    "district":"士林區"
    }
  },
  {
    "type": "Feature",
    "geometry": {
       "type": "Point",
       "coordinates":  [ 121.537984,25.052245 ]
    },
    "properties": {
    "name":"凱羅斯健康有限公司（練健康)",
    "address":"南京東路三段29號B1",
    "district_code":63000040,
    "type":"學校、大型集會場所",
    "subtype":"健身房",
    "AED_location":"台北市中山區南京東路三段29號B1",
    "district":"中山區"
    }
  },
  {
    "type": "Feature",
    "geometry": {
       "type": "Point",
       "coordinates":  [ 121.612808,25.052806 ]
    },
    "properties": {
    "name":"國家文官學院",
    "address":"忠孝東路7段576號",
    "district_code":63000090,
    "type":"其他",
    "subtype":"其他場所",
    "AED_location":"教學大樓1樓服務中心前",
    "district":"南港區"
    }
  },
  {
    "type": "Feature",
    "geometry": {
       "type": "Point",
       "coordinates":  [ 121.548432,25.039435 ]
    },
    "properties": {
    "name":"臺北市私立復興實驗高級中學",
    "address":"敦化南路一段262號",
    "district_code":63000030,
    "type":"學校、大型集會場所",
    "subtype":"高中職",
    "AED_location":"學校慎思樓四樓電梯口",
    "district":"大安區"
    }
  },
  {
    "type": "Feature",
    "geometry": {
       "type": "Point",
       "coordinates":  [ 121.566075,25.035666 ]
    },
    "properties": {
    "name":"吸引力生活事業股份有限公司 ATT 4 FUN",
    "address":"松壽路12號",
    "district_code":63000020,
    "type":"大型購物場所",
    "subtype":"百貨業",
    "AED_location":"ATT 4 FUN B2F",
    "district":"信義區"
    }
  },
  {
    "type": "Feature",
    "geometry": {
       "type": "Point",
       "coordinates":  [ 121.49689,25.133393 ]
    },
    "properties": {
    "name":"幼華學校財團法人臺北市幼華高級中等學校",
    "address":"北投路二段55號",
    "district_code":63000120,
    "type":"學校、大型集會場所",
    "subtype":"高中職",
    "AED_location":"教學大樓保健室內",
    "district":"北投區"
    }
  },
  {
    "type": "Feature",
    "geometry": {
       "type": "Point",
       "coordinates":  [ 121.512074,25.032293 ]
    },
    "properties": {
    "name":"國立臺灣藝術教育館",
    "address":"南海路43號",
    "district_code":63000050,
    "type":"大型休閒場所",
    "subtype":"美術館",
    "AED_location":"南海書院1樓警衛室旁",
    "district":"中正區"
    }
  },
  {
    "type": "Feature",
    "geometry": {
       "type": "Point",
       "coordinates":  [ 121.547465,25.02483356 ]
    },
    "properties": {
    "name":"臺灣土地銀行和平分行",
    "address":"和平東路三段15號",
    "district_code":63000030,
    "type":"其他",
    "subtype":"其他場所",
    "AED_location":"1樓營業廳",
    "district":"大安區"
    }
  },
  {
    "type": "Feature",
    "geometry": {
       "type": "Point",
       "coordinates":  [ 121.549282,25.026612 ]
    },
    "properties": {
    "name":"鼎鼎大飯店股份有限公司(香格里拉台北遠東國際大飯店)",
    "address":"敦化南路二段201號",
    "district_code":63000030,
    "type":"旅宿場所",
    "subtype":"飯店",
    "AED_location":"1F 客務部辦公室",
    "district":"大安區"
    }
  },
  {
    "type": "Feature",
    "geometry": {
       "type": "Point",
       "coordinates":  [ 121.557863,25.08324 ]
    },
    "properties": {
    "name":"美麗華大直影城",
    "address":"敬業三路22號6樓",
    "district_code":63000040,
    "type":"大型休閒場所",
    "subtype":"電影片映演場所(戲院、電影院)",
    "AED_location":"6樓客梯左方",
    "district":"中山區"
    }
  },
  {
    "type": "Feature",
    "geometry": {
       "type": "Point",
       "coordinates":  [ 121.5307463,25.0143914 ]
    },
    "properties": {
    "name":"管家婆科技股份有限公司(禮客時尚館公館店)",
    "address":"思源街16號1F",
    "district_code":63000050,
    "type":"大型購物場所",
    "subtype":"百貨業",
    "AED_location":"特賣區正對面走道上",
    "district":"中正區"
    }
  },
  {
    "type": "Feature",
    "geometry": {
       "type": "Point",
       "coordinates":  [ 121.57476,25.064243 ]
    },
    "properties": {
    "name":"禮客Outlet內湖一館",
    "address":"民善街205號1F",
    "district_code":63000100,
    "type":"大型購物場所",
    "subtype":"商場",
    "AED_location":"禮客內湖一館西雅圖旁",
    "district":"內湖區"
    }
  },
  {
    "type": "Feature",
    "geometry": {
       "type": "Point",
       "coordinates":  [ 121.529829,25.016476 ]
    },
    "properties": {
    "name":"三軍總醫院汀州院區",
    "address":"汀州路三段40號",
    "district_code":63000050,
    "type":"其他",
    "subtype":"其他場所",
    "AED_location":"綜合大樓1樓門診大廳",
    "district":"中正區"
    }
  },
  {
    "type": "Feature",
    "geometry": {
       "type": "Point",
       "coordinates":  [ 121.529829,25.016476 ]
    },
    "properties": {
    "name":"三軍總醫院汀州院區",
    "address":"汀州路三段40號",
    "district_code":63000050,
    "type":"其他",
    "subtype":"其他場所",
    "AED_location":"綜合大樓2樓大廳",
    "district":"中正區"
    }
  },
  {
    "type": "Feature",
    "geometry": {
       "type": "Point",
       "coordinates":  [ 121.529829,25.016476 ]
    },
    "properties": {
    "name":"三軍總醫院汀州院區",
    "address":"汀州路三段40號",
    "district_code":63000050,
    "type":"其他",
    "subtype":"其他場所",
    "AED_location":"介壽大樓1樓大廳",
    "district":"中正區"
    }
  },
  {
    "type": "Feature",
    "geometry": {
       "type": "Point",
       "coordinates":  [ 121.5222096,25.06684013 ]
    },
    "properties": {
    "name":"大同大學",
    "address":"中山北路3段40號",
    "district_code":63000040,
    "type":"學校、大型集會場所",
    "subtype":"大專院校",
    "AED_location":"德惠宿舍",
    "district":"中山區"
    }
  },
  {
    "type": "Feature",
    "geometry": {
       "type": "Point",
       "coordinates":  [ 121.577742,25.051054 ]
    },
    "properties": {
    "name":"財團法人台北市松山慈祐宮",
    "address":"八德路4段761號",
    "district_code":63000010,
    "type":"其他",
    "subtype":"其他場所",
    "AED_location":"服務台正前方",
    "district":"松山區"
    }
  },
  {
    "type": "Feature",
    "geometry": {
       "type": "Point",
       "coordinates":  [ 121.587484,25.03652 ]
    },
    "properties": {
    "name":"松山慈惠堂",
    "address":"福德街251巷33號",
    "district_code":63000020,
    "type":"其他",
    "subtype":"其他場所",
    "AED_location":"服務台外左側",
    "district":"信義區"
    }
  },
  {
    "type": "Feature",
    "geometry": {
       "type": "Point",
       "coordinates":  [ 121.5301123,25.1164004 ]
    },
    "properties": {
    "name":"台北美國學校",
    "address":"11152 中山北路六段 800號",
    "district_code":63000110,
    "type":"學校、大型集會場所",
    "subtype":"高中職",
    "AED_location":"LS Playground Entrance",
    "district":"士林區"
    }
  },
  {
    "type": "Feature",
    "geometry": {
       "type": "Point",
       "coordinates":  [ 121.5301123,25.1164004 ]
    },
    "properties": {
    "name":"台北美國學校",
    "address":"11152 中山北路六段 800號",
    "district_code":63000110,
    "type":"學校、大型集會場所",
    "subtype":"高中職",
    "AED_location":"US Entrance Foyer",
    "district":"士林區"
    }
  },
  {
    "type": "Feature",
    "geometry": {
       "type": "Point",
       "coordinates":  [ 121.510497,25.137778 ]
    },
    "properties": {
    "name":"彩色人生興業股份有限公司(三二行館)",
    "address":"中山路32號",
    "district_code":63000120,
    "type":"大型公眾浴場或溫泉區",
    "subtype":"大型公眾浴場",
    "AED_location":"二樓迎賓櫃檯旁",
    "district":"北投區"
    }
  },
  {
    "type": "Feature",
    "geometry": {
       "type": "Point",
       "coordinates":  [ 121.510497,25.137778 ]
    },
    "properties": {
    "name":"彩色人生興業股份有限公司(三二行館)",
    "address":"中山路32號",
    "district_code":63000120,
    "type":"大型公眾浴場或溫泉區",
    "subtype":"大型公眾浴場",
    "AED_location":"3F VIP室",
    "district":"北投區"
    }
  },
  {
    "type": "Feature",
    "geometry": {
       "type": "Point",
       "coordinates":  [ 121.561213,25.047712 ]
    },
    "properties": {
    "name":"台北偶戲館",
    "address":"市民大道五段99號2樓",
    "district_code":63000010,
    "type":"大型休閒場所",
    "subtype":"博物館",
    "AED_location":"2樓展場大門旁",
    "district":"松山區"
    }
  },
  {
    "type": "Feature",
    "geometry": {
       "type": "Point",
       "coordinates":  [ 121.558914,25.000625 ]
    },
    "properties": {
    "name":"臺北市立萬芳高級中學",
    "address":"興隆路3段115巷1號",
    "district_code":63000080,
    "type":"學校、大型集會場所",
    "subtype":"高中職",
    "AED_location":"警衛室",
    "district":"文山區"
    }
  },
  {
    "type": "Feature",
    "geometry": {
       "type": "Point",
       "coordinates":  [ 121.551576,25.001643 ]
    },
    "properties": {
    "name":"臺北市文山區戶政事務所（景美辦事處） ",
    "address":"興隆路二段160號3樓",
    "district_code":63000080,
    "type":"其他",
    "subtype":"其他場所",
    "AED_location":"3樓戶政事務所民眾等待區",
    "district":"文山區"
    }
  },
  {
    "type": "Feature",
    "geometry": {
       "type": "Point",
       "coordinates":  [ 121.606781,25.054514 ]
    },
    "properties": {
    "name":"臺北市南港區公所",
    "address":"南港路1段360號",
    "district_code":63000090,
    "type":"其他",
    "subtype":"其他場所",
    "AED_location":"2樓服務台旁",
    "district":"南港區"
    }
  },
  {
    "type": "Feature",
    "geometry": {
       "type": "Point",
       "coordinates":  [ 121.575688,25.081617 ]
    },
    "properties": {
    "name":"臺北市立麗山國民中學",
    "address":"內湖路一段629巷42號",
    "district_code":63000100,
    "type":"其他",
    "subtype":"其他場所",
    "AED_location":"健康中心",
    "district":"內湖區"
    }
  },
  {
    "type": "Feature",
    "geometry": {
       "type": "Point",
       "coordinates":  [ 121.589099,25.069231 ]
    },
    "properties": {
    "name":"臺北市內湖區公所",
    "address":"民權東路六段99號",
    "district_code":63000100,
    "type":"其他",
    "subtype":"其他場所",
    "AED_location":"1樓駐警台旁",
    "district":"內湖區"
    }
  },
  {
    "type": "Feature",
    "geometry": {
       "type": "Point",
       "coordinates":  [ 121.565588,25.043646 ]
    },
    "properties": {
    "name":"臺北市立松山高級中學",
    "address":"基隆路一段156號",
    "district_code":63000020,
    "type":"學校、大型集會場所",
    "subtype":"高中職",
    "AED_location":"本校穿堂",
    "district":"信義區"
    }
  },
  {
    "type": "Feature",
    "geometry": {
       "type": "Point",
       "coordinates":  [ 121.515119,25.06606 ]
    },
    "properties": {
    "name":"臺北市大同區戶政事務所",
    "address":"昌吉街57號三樓之1",
    "district_code":63000060,
    "type":"其他",
    "subtype":"其他場所",
    "AED_location":"大門入口明顯處",
    "district":"大同區"
    }
  },
  {
    "type": "Feature",
    "geometry": {
       "type": "Point",
       "coordinates":  [ 121.515106,25.066061 ]
    },
    "properties": {
    "name":"臺北市大同區公所",
    "address":"昌吉街57號4樓",
    "district_code":63000060,
    "type":"其他",
    "subtype":"其他場所",
    "AED_location":"為民服務區(西側入口)",
    "district":"大同區"
    }
  },
  {
    "type": "Feature",
    "geometry": {
       "type": "Point",
       "coordinates":  [ 121.516146,25.064769 ]
    },
    "properties": {
    "name":"臺北市大同運動中心",
    "address":"大龍街51號",
    "district_code":63000060,
    "type":"學校、大型集會場所",
    "subtype":"健身中心",
    "AED_location":"B2泳池館救護站",
    "district":"大同區"
    }
  },
  {
    "type": "Feature",
    "geometry": {
       "type": "Point",
       "coordinates":  [ 121.57726,25.049907 ]
    },
    "properties": {
    "name":"臺北市松山區戶政事務所",
    "address":"八德路4段692號4樓",
    "district_code":63000010,
    "type":"其他",
    "subtype":"其他場所",
    "AED_location":"4樓入口處進門右側服務檯內",
    "district":"松山區"
    }
  },
  {
    "type": "Feature",
    "geometry": {
       "type": "Point",
       "coordinates":  [ 121.58184,25.048938 ]
    },
    "properties": {
    "name":"臺北市南港運動中心",
    "address":"玉成街69號",
    "district_code":63000090,
    "type":"學校、大型集會場所",
    "subtype":"健身中心",
    "AED_location":"六樓羽球場",
    "district":"南港區"
    }
  },
  {
    "type": "Feature",
    "geometry": {
       "type": "Point",
       "coordinates":  [ 121.577126,25.049768 ]
    },
    "properties": {
    "name":"臺北市松山區公所",
    "address":"八德路4段692號7樓",
    "district_code":63000010,
    "type":"其他",
    "subtype":"其他場所",
    "AED_location":"7樓電梯口",
    "district":"松山區"
    }
  },
  {
    "type": "Feature",
    "geometry": {
       "type": "Point",
       "coordinates":  [ 121.511306,25.062724 ]
    },
    "properties": {
    "name":"臺北市寧夏商圈發展協會",
    "address":"位於民生西路至南京西路間。",
    "district_code":63000060,
    "type":"其他",
    "subtype":"其他場所",
    "AED_location":"台北市寧夏夜市協會",
    "district":"大同區"
    }
  },
  {
    "type": "Feature",
    "geometry": {
       "type": "Point",
       "coordinates":  [ 121.5667558,25.03180456 ]
    },
    "properties": {
    "name":"臺北市信義運動中心",
    "address":"松勤街100號",
    "district_code":63000020,
    "type":"學校、大型集會場所",
    "subtype":"健身中心",
    "AED_location":"本館四樓",
    "district":"信義區"
    }
  },
  {
    "type": "Feature",
    "geometry": {
       "type": "Point",
       "coordinates":  [ 121.534511,25.02642 ]
    },
    "properties": {
    "name":"臺北市大安區戶政事務所",
    "address":"新生南路二段86號一樓",
    "district_code":63000030,
    "type":"其他",
    "subtype":"其他場所",
    "AED_location":"一樓志工服務台旁",
    "district":"大安區"
    }
  },
  {
    "type": "Feature",
    "geometry": {
       "type": "Point",
       "coordinates":  [ 121.524689,25.044253 ]
    },
    "properties": {
    "name":"臺北市中正區戶政事務所",
    "address":"忠孝東路一段108號7樓",
    "district_code":63000050,
    "type":"其他",
    "subtype":"其他場所",
    "AED_location":"AED放置7樓大廳門口電梯旁",
    "district":"中正區"
    }
  },
  {
    "type": "Feature",
    "geometry": {
       "type": "Point",
       "coordinates":  [ 121.518325,25.032193 ]
    },
    "properties": {
    "name":"臺北市中正區公所",
    "address":"忠孝東路一段108號8樓",
    "district_code":63000050,
    "type":"其他",
    "subtype":"其他場所",
    "AED_location":"8樓洽公大廳",
    "district":"中正區"
    }
  },
  {
    "type": "Feature",
    "geometry": {
       "type": "Point",
       "coordinates":  [ 121.534511,25.02642 ]
    },
    "properties": {
    "name":"臺北市大安區公所",
    "address":"新生南路2段86號",
    "district_code":63000030,
    "type":"其他",
    "subtype":"其他場所",
    "AED_location":"區公所8樓大廳(電梯出口)",
    "district":"大安區"
    }
  },
  {
    "type": "Feature",
    "geometry": {
       "type": "Point",
       "coordinates":  [ 121.54336,25.032033 ]
    },
    "properties": {
    "name":"臺北市立大安高級工業職業學校",
    "address":"復興南路2段52號",
    "district_code":63000030,
    "type":"學校、大型集會場所",
    "subtype":"高中職",
    "AED_location":"大安高工健康中心",
    "district":"大安區"
    }
  },
  {
    "type": "Feature",
    "geometry": {
       "type": "Point",
       "coordinates":  [ 121.574983,24.986398 ]
    },
    "properties": {
    "name":"國立政治大學",
    "address":"指南路2段64號",
    "district_code":63000080,
    "type":"學校、大型集會場所",
    "subtype":"大專院校",
    "AED_location":"體育館大門入口處",
    "district":"文山區"
    }
  },
  {
    "type": "Feature",
    "geometry": {
       "type": "Point",
       "coordinates":  [ 121.570083,24.98964 ]
    },
    "properties": {
    "name":"臺北市文山區公所",
    "address":"木柵路3段220號8.9樓",
    "district_code":63000080,
    "type":"其他",
    "subtype":"其他場所",
    "AED_location":"行政中心8樓區公所大門口入口",
    "district":"文山區"
    }
  },
  {
    "type": "Feature",
    "geometry": {
       "type": "Point",
       "coordinates":  [ 121.559673,24.997017 ]
    },
    "properties": {
    "name":"臺北市文山運動中心",
    "address":"興隆路三段222號",
    "district_code":63000080,
    "type":"學校、大型集會場所",
    "subtype":"健身中心",
    "AED_location":"三樓游泳池",
    "district":"文山區"
    }
  },
  {
    "type": "Feature",
    "geometry": {
       "type": "Point",
       "coordinates":  [ 121.562213,25.049505 ]
    },
    "properties": {
    "name":"臺北市立中崙高級中學",
    "address":"八德路四段101號",
    "district_code":63000010,
    "type":"學校、大型集會場所",
    "subtype":"高中職",
    "AED_location":"1樓川堂",
    "district":"松山區"
    }
  },
  {
    "type": "Feature",
    "geometry": {
       "type": "Point",
       "coordinates":  [ 121.5301123,25.1164004 ]
    },
    "properties": {
    "name":"台北美國學校",
    "address":"11152 中山北路六段 800號",
    "district_code":63000110,
    "type":"學校、大型集會場所",
    "subtype":"高中職",
    "AED_location":"MS Outside Entrance",
    "district":"士林區"
    }
  },
  {
    "type": "Feature",
    "geometry": {
       "type": "Point",
       "coordinates":  [ 121.5301123,25.1164004 ]
    },
    "properties": {
    "name":"台北美國學校",
    "address":"11152 中山北路六段 800號",
    "district_code":63000110,
    "type":"學校、大型集會場所",
    "subtype":"高中職",
    "AED_location":"LS Gym Back Foyer",
    "district":"士林區"
    }
  },
  {
    "type": "Feature",
    "geometry": {
       "type": "Point",
       "coordinates":  [ 121.5301123,25.1164004 ]
    },
    "properties": {
    "name":"台北美國學校",
    "address":"11152 中山北路六段 800號",
    "district_code":63000110,
    "type":"學校、大型集會場所",
    "subtype":"高中職",
    "AED_location":"Tech Cube",
    "district":"士林區"
    }
  },
  {
    "type": "Feature",
    "geometry": {
       "type": "Point",
       "coordinates":  [ 121.5301123,25.1164004 ]
    },
    "properties": {
    "name":"台北美國學校",
    "address":"11152 中山北路六段 800號",
    "district_code":63000110,
    "type":"學校、大型集會場所",
    "subtype":"高中職",
    "AED_location":"Mobile Nurse’s AED",
    "district":"士林區"
    }
  },
  {
    "type": "Feature",
    "geometry": {
       "type": "Point",
       "coordinates":  [ 121.5301123,25.1164004 ]
    },
    "properties": {
    "name":"台北美國學校",
    "address":"11152 中山北路六段 800號",
    "district_code":63000110,
    "type":"學校、大型集會場所",
    "subtype":"高中職",
    "AED_location":"US 4th Floor",
    "district":"士林區"
    }
  },
  {
    "type": "Feature",
    "geometry": {
       "type": "Point",
       "coordinates":  [ 121.5301123,25.1164004 ]
    },
    "properties": {
    "name":"台北美國學校",
    "address":"11152 中山北路六段 800號",
    "district_code":63000110,
    "type":"學校、大型集會場所",
    "subtype":"高中職",
    "AED_location":"Pool Deck",
    "district":"士林區"
    }
  },
  {
    "type": "Feature",
    "geometry": {
       "type": "Point",
       "coordinates":  [ 121.539728,25.049685 ]
    },
    "properties": {
    "name":"教育部體育署",
    "address":"朱崙街20號",
    "district_code":63000040,
    "type":"其他",
    "subtype":"其他場所",
    "AED_location":"教育部體育署",
    "district":"中山區"
    }
  },
  {
    "type": "Feature",
    "geometry": {
       "type": "Point",
       "coordinates":  [ 121.5018,25.143591 ]
    },
    "properties": {
    "name":"臺北市立復興高級中學",
    "address":"復興四路70號",
    "district_code":63000120,
    "type":"學校、大型集會場所",
    "subtype":"高中職",
    "AED_location":"校門入口右側勤學樓1樓",
    "district":"北投區"
    }
  },
  {
    "type": "Feature",
    "geometry": {
       "type": "Point",
       "coordinates":  [ 121.540411,25.033674 ]
    },
    "properties": {
    "name":"國立臺灣師範大學附屬高中",
    "address":"信義路三段143號(師大附中)",
    "district_code":63000030,
    "type":"學校、大型集會場所",
    "subtype":"高中職",
    "AED_location":"中正樓穿堂",
    "district":"大安區"
    }
  },
  {
    "type": "Feature",
    "geometry": {
       "type": "Point",
       "coordinates":  [ 121.50674,25.047075 ]
    },
    "properties": {
    "name":"臺北市萬華運動中心",
    "address":"西寧南路6-1號",
    "district_code":63000070,
    "type":"學校、大型集會場所",
    "subtype":"健身中心",
    "AED_location":"B1游泳池",
    "district":"萬華區"
    }
  },
  {
    "type": "Feature",
    "geometry": {
       "type": "Point",
       "coordinates":  [ 121.5819729,25.03772618 ]
    },
    "properties": {
    "name":"臺北市信義區公所",
    "address":"福德街86號",
    "district_code":63000020,
    "type":"其他",
    "subtype":"其他場所",
    "AED_location":"1樓大廳",
    "district":"信義區"
    }
  },
  {
    "type": "Feature",
    "geometry": {
       "type": "Point",
       "coordinates":  [ 121.551034,25.049461 ]
    },
    "properties": {
    "name":"臺北體育園區田徑場",
    "address":"敦化北路3號",
    "district_code":63000010,
    "type":"大型休閒場所",
    "subtype":"運動場館(如小巨蛋)",
    "AED_location":"臺北田徑場行政廊道",
    "district":"松山區"
    }
  },
  {
    "type": "Feature",
    "geometry": {
       "type": "Point",
       "coordinates":  [ 121.547793,25.030721 ]
    },
    "properties": {
    "name":"臺北市立大安國民中學",
    "address":"四維路156號",
    "district_code":63000030,
    "type":"學校、大型集會場所",
    "subtype":"國中",
    "AED_location":"五育樓1樓樓梯間",
    "district":"大安區"
    }
  },
  {
    "type": "Feature",
    "geometry": {
       "type": "Point",
       "coordinates":  [ 121.574895,25.030508 ]
    },
    "properties": {
    "name":"臺北市立聯合醫院松德院區",
    "address":"松德路309號",
    "district_code":63000020,
    "type":"其他",
    "subtype":"其他場所",
    "AED_location":"松德院區第三院區一樓",
    "district":"信義區"
    }
  },
  {
    "type": "Feature",
    "geometry": {
       "type": "Point",
       "coordinates":  [ 121.610643,25.07062 ]
    },
    "properties": {
    "name":"臺北市立明湖國民中學",
    "address":"康寧路3段60號",
    "district_code":63000100,
    "type":"其他",
    "subtype":"其他場所",
    "AED_location":"健康中心內",
    "district":"內湖區"
    }
  },
  {
    "type": "Feature",
    "geometry": {
       "type": "Point",
       "coordinates":  [ 121.552094,25.051292 ]
    },
    "properties": {
    "name":"臺北體育館羽球場",
    "address":"南京東路4段10號7樓",
    "district_code":63000010,
    "type":"大型休閒場所",
    "subtype":"運動場館(如小巨蛋)",
    "AED_location":"7樓羽球場",
    "district":"松山區"
    }
  },
  {
    "type": "Feature",
    "geometry": {
       "type": "Point",
       "coordinates":  [ 121.509762,25.116473 ]
    },
    "properties": {
    "name":"臺北市北投運動中心",
    "address":"石牌路1段39巷100號",
    "district_code":63000120,
    "type":"學校、大型集會場所",
    "subtype":"健身中心",
    "AED_location":"一樓中控室前方",
    "district":"北投區"
    }
  },
  {
    "type": "Feature",
    "geometry": {
       "type": "Point",
       "coordinates":  [ 121.503,25.132426 ]
    },
    "properties": {
    "name":"臺北市北投區公所",
    "address":"新市街30號4樓",
    "district_code":63000120,
    "type":"其他",
    "subtype":"其他場所",
    "AED_location":"北投區公所4樓服務台旁",
    "district":"北投區"
    }
  },
  {
    "type": "Feature",
    "geometry": {
       "type": "Point",
       "coordinates":  [ 121.552094,25.051292 ]
    },
    "properties": {
    "name":"臺北市政府體育局體育行政樓",
    "address":"南京東路4段10號1樓",
    "district_code":63000010,
    "type":"其他",
    "subtype":"其他場所",
    "AED_location":"1樓電梯旁",
    "district":"松山區"
    }
  },
  {
    "type": "Feature",
    "geometry": {
       "type": "Point",
       "coordinates":  [ 121.550231,25.048607 ]
    },
    "properties": {
    "name":"臺北巿松山運動中心",
    "address":"敦化北路1號",
    "district_code":63000010,
    "type":"學校、大型集會場所",
    "subtype":"健身中心",
    "AED_location":"一樓泳池",
    "district":"松山區"
    }
  },
  {
    "type": "Feature",
    "geometry": {
       "type": "Point",
       "coordinates":  [ 121.57203,25.039645 ]
    },
    "properties": {
    "name":"臺北市立松山高級工農職業學校",
    "address":"忠孝東路5段236巷15號",
    "district_code":63000020,
    "type":"學校、大型集會場所",
    "subtype":"高中職",
    "AED_location":"松山工農警衛室",
    "district":"信義區"
    }
  },
  {
    "type": "Feature",
    "geometry": {
       "type": "Point",
       "coordinates":  [ 121.593965,25.071562 ]
    },
    "properties": {
    "name":"三軍總醫院",
    "address":"成功路二段325號",
    "district_code":63000100,
    "type":"其他",
    "subtype":"其他場所",
    "AED_location":"女醫護宿舍",
    "district":"內湖區"
    }
  },
  {
    "type": "Feature",
    "geometry": {
       "type": "Point",
       "coordinates":  [ 121.531212,25.104846 ]
    },
    "properties": {
    "name":"臺北市立聯合醫院陽明院區",
    "address":"雨聲街105號",
    "district_code":63000110,
    "type":"其他",
    "subtype":"其他場所",
    "AED_location":"健檢中心入口左側櫃檯旁",
    "district":"士林區"
    }
  },
  {
    "type": "Feature",
    "geometry": {
       "type": "Point",
       "coordinates":  [ 121.574525,25.062877 ]
    },
    "properties": {
    "name":"臺北市花卉批發市場",
    "address":"新湖三路28號",
    "district_code":63000100,
    "type":"其他",
    "subtype":"其他場所",
    "AED_location":"A館管理室入口旁",
    "district":"內湖區"
    }
  },
  {
    "type": "Feature",
    "geometry": {
       "type": "Point",
       "coordinates":  [ 121.55628,25.056421 ]
    },
    "properties": {
    "name":"臺北巿立介壽國民中學",
    "address":"延壽街401號",
    "district_code":63000010,
    "type":"學校、大型集會場所",
    "subtype":"國中",
    "AED_location":"校門口穿堂活動教室(二)藍廳門口前",
    "district":"松山區"
    }
  },
  {
    "type": "Feature",
    "geometry": {
       "type": "Point",
       "coordinates":  [ 121.533456,25.064408 ]
    },
    "properties": {
    "name":"臺北市中山區公所",
    "address":"松江路367號",
    "district_code":63000040,
    "type":"其他",
    "subtype":"其他場所",
    "AED_location":"臺北市中山區行政中心1樓大廳",
    "district":"中山區"
    }
  },
  {
    "type": "Feature",
    "geometry": {
       "type": "Point",
       "coordinates":  [ 121.513103,25.038561 ]
    },
    "properties": {
    "name":"臺北市立第一女子高級中學",
    "address":"重慶南路一段165號",
    "district_code":63000050,
    "type":"學校、大型集會場所",
    "subtype":"高中職",
    "AED_location":"大門口內的會客室",
    "district":"中正區"
    }
  },
  {
    "type": "Feature",
    "geometry": {
       "type": "Point",
       "coordinates":  [ 121.489814,25.029942 ]
    },
    "properties": {
    "name":"臺北市公有環南市場 ",
    "address":"環河南路二段245號",
    "district_code":63000070,
    "type":"其他",
    "subtype":"其他場所",
    "AED_location":"環南市場清潔辦公室前",
    "district":"萬華區"
    }
  },
  {
    "type": "Feature",
    "geometry": {
       "type": "Point",
       "coordinates":  [ 121.519559,25.092762 ]
    },
    "properties": {
    "name":"臺北市士林區公所",
    "address":"中正路439號1樓",
    "district_code":63000110,
    "type":"其他",
    "subtype":"其他場所",
    "AED_location":"9樓洽公民眾區",
    "district":"士林區"
    }
  },
  {
    "type": "Feature",
    "geometry": {
       "type": "Point",
       "coordinates":  [ 121.534265,25.053519 ]
    },
    "properties": {
    "name":"臺北市公有建國市場",
    "address":"伊通街94號",
    "district_code":63000040,
    "type":"其他",
    "subtype":"其他場所",
    "AED_location":"公廁外",
    "district":"中山區"
    }
  },
  {
    "type": "Feature",
    "geometry": {
       "type": "Point",
       "coordinates":  [ 121.495453,25.034614 ]
    },
    "properties": {
    "name":"財團法人台北市私立愛愛院",
    "address":"大理街175巷27號",
    "district_code":63000070,
    "type":"其他",
    "subtype":"其他場所",
    "AED_location":"愛愛院入口1樓接待大廳",
    "district":"萬華區"
    }
  },
  {
    "type": "Feature",
    "geometry": {
       "type": "Point",
       "coordinates":  [ 121.564359,25.038211 ]
    },
    "properties": {
    "name":"臺北市政府市政大樓",
    "address":"臺北市市府路1號",
    "district_code":63000020,
    "type":"其他",
    "subtype":"其他場所",
    "AED_location":"B2員工健康教室",
    "district":"信義區"
    }
  },
  {
    "type": "Feature",
    "geometry": {
       "type": "Point",
       "coordinates":  [ 121.5865892,25.08146821 ]
    },
    "properties": {
    "name":"國立臺灣戲曲學院-內湖校區",
    "address":"內湖路2段177號",
    "district_code":63000100,
    "type":"學校、大型集會場所",
    "subtype":"大專院校",
    "AED_location":"警衛室",
    "district":"內湖區"
    }
  },
  {
    "type": "Feature",
    "geometry": {
       "type": "Point",
       "coordinates":  [ 121.593965,25.071562 ]
    },
    "properties": {
    "name":"三軍總醫院",
    "address":"成功路二段325號",
    "district_code":63000100,
    "type":"其他",
    "subtype":"其他場所",
    "AED_location":"西迴二樓入口",
    "district":"內湖區"
    }
  },
  {
    "type": "Feature",
    "geometry": {
       "type": "Point",
       "coordinates":  [ 121.567082,25.055551 ]
    },
    "properties": {
    "name":"臺北市立西松高級中學",
    "address":"健康路325巷7號",
    "district_code":63000010,
    "type":"學校、大型集會場所",
    "subtype":"高中職",
    "AED_location":"活動中心一樓",
    "district":"松山區"
    }
  },
  {
    "type": "Feature",
    "geometry": {
       "type": "Point",
       "coordinates":  [ 121.499877,25.03467 ]
    },
    "properties": {
    "name":"臺北市萬華區戶政事務所",
    "address":"和平西路三段120號4樓",
    "district_code":63000070,
    "type":"其他",
    "subtype":"其他場所",
    "AED_location":"4樓服務台旁",
    "district":"萬華區"
    }
  },
  {
    "type": "Feature",
    "geometry": {
       "type": "Point",
       "coordinates":  [ 121.535198,25.055031 ]
    },
    "properties": {
    "name":"臺北市立大同高級中學",
    "address":"長春路167號",
    "district_code":63000040,
    "type":"學校、大型集會場所",
    "subtype":"高中職",
    "AED_location":"活動中心３樓",
    "district":"中山區"
    }
  },
  {
    "type": "Feature",
    "geometry": {
       "type": "Point",
       "coordinates":  [ 121.593965,25.071562 ]
    },
    "properties": {
    "name":"三軍總醫院",
    "address":"成功路二段325號",
    "district_code":63000100,
    "type":"其他",
    "subtype":"其他場所",
    "AED_location":"牙科門診入口",
    "district":"內湖區"
    }
  },
  {
    "type": "Feature",
    "geometry": {
       "type": "Point",
       "coordinates":  [ 121.515731,25.095825 ]
    },
    "properties": {
    "name":"臺北市立士林高級商業職業學校",
    "address":"士商路150號",
    "district_code":63000110,
    "type":"學校、大型集會場所",
    "subtype":"高中職",
    "AED_location":"體育組",
    "district":"士林區"
    }
  },
  {
    "type": "Feature",
    "geometry": {
       "type": "Point",
       "coordinates":  [ 121.567082,25.055551 ]
    },
    "properties": {
    "name":"臺北市立西松高級中學",
    "address":"健康路325巷7號",
    "district_code":63000010,
    "type":"學校、大型集會場所",
    "subtype":"高中職",
    "AED_location":"一樓穿堂",
    "district":"松山區"
    }
  },
  {
    "type": "Feature",
    "geometry": {
       "type": "Point",
       "coordinates":  [ 121.593965,25.071562 ]
    },
    "properties": {
    "name":"三軍總醫院",
    "address":"成功路二段325號",
    "district_code":63000100,
    "type":"其他",
    "subtype":"其他場所",
    "AED_location":"一樓門診大廳入口",
    "district":"內湖區"
    }
  },
  {
    "type": "Feature",
    "geometry": {
       "type": "Point",
       "coordinates":  [ 121.519905,25.075448 ]
    },
    "properties": {
    "name":"臺北市立明倫高級中學",
    "address":"承德路3段336號",
    "district_code":63000060,
    "type":"學校、大型集會場所",
    "subtype":"高中職",
    "AED_location":"1樓健康中心門口旁",
    "district":"大同區"
    }
  },
  {
    "type": "Feature",
    "geometry": {
       "type": "Point",
       "coordinates":  [ 121.498361,25.037647 ]
    },
    "properties": {
    "name":"華西街臨時攤販集中場",
    "address":"華西街，位於廣州街至西園路一段72巷口",
    "district_code":63000070,
    "type":"其他",
    "subtype":"其他場所",
    "AED_location":"華西街商圈區協會辦公室(台北市華西街28之1號2樓)",
    "district":"萬華區"
    }
  },
  {
    "type": "Feature",
    "geometry": {
       "type": "Point",
       "coordinates":  [ 121.496058,25.028594 ]
    },
    "properties": {
    "name":"臺北市立華江高級中學",
    "address":"西藏路213號",
    "district_code":63000070,
    "type":"學校、大型集會場所",
    "subtype":"高中職",
    "AED_location":"健康中心",
    "district":"萬華區"
    }
  },
  {
    "type": "Feature",
    "geometry": {
       "type": "Point",
       "coordinates":  [ 121.512152,25.0312 ]
    },
    "properties": {
    "name":"臺北市立建國高級中學",
    "address":"南海路56號",
    "district_code":63000050,
    "type":"學校、大型集會場所",
    "subtype":"高中職",
    "AED_location":"建國中學校門",
    "district":"中正區"
    }
  },
  {
    "type": "Feature",
    "geometry": {
       "type": "Point",
       "coordinates":  [ 121.565695,25.085027 ]
    },
    "properties": {
    "name":"臺北市立西湖國民中學",
    "address":"環山路一段27號",
    "district_code":63000100,
    "type":"學校、大型集會場所",
    "subtype":"國中",
    "AED_location":"大門口穿堂",
    "district":"內湖區"
    }
  },
  {
    "type": "Feature",
    "geometry": {
       "type": "Point",
       "coordinates":  [ 121.497642,25.023174 ]
    },
    "properties": {
    "name":"臺北市立聯合醫院附設萬華門診部",
    "address":"東園街152號",
    "district_code":63000070,
    "type":"其他",
    "subtype":"其他場所",
    "AED_location":"大門入口右側",
    "district":"萬華區"
    }
  },
  {
    "type": "Feature",
    "geometry": {
       "type": "Point",
       "coordinates":  [ 121.535198,25.055031 ]
    },
    "properties": {
    "name":"臺北市立大同高級中學",
    "address":"長春路167號",
    "district_code":63000040,
    "type":"學校、大型集會場所",
    "subtype":"高中職",
    "AED_location":"健康中心前走廊",
    "district":"中山區"
    }
  },
  {
    "type": "Feature",
    "geometry": {
       "type": "Point",
       "coordinates":  [ 121.593965,25.071562 ]
    },
    "properties": {
    "name":"三軍總醫院",
    "address":"成功路二段325號",
    "district_code":63000100,
    "type":"其他",
    "subtype":"其他場所",
    "AED_location":"能源事務室2樓",
    "district":"內湖區"
    }
  },
  {
    "type": "Feature",
    "geometry": {
       "type": "Point",
       "coordinates":  [ 121.533456,25.064408 ]
    },
    "properties": {
    "name":"臺北市中山區戶政事務所",
    "address":"松江路367號2樓",
    "district_code":63000040,
    "type":"其他",
    "subtype":"其他場所",
    "AED_location":"電機室門口",
    "district":"中山區"
    }
  },
  {
    "type": "Feature",
    "geometry": {
       "type": "Point",
       "coordinates":  [ 121.566231,24.986627 ]
    },
    "properties": {
    "name":"國立臺灣戲曲學院-木柵校區",
    "address":"木柵路三段66巷8之1號",
    "district_code":63000080,
    "type":"學校、大型集會場所",
    "subtype":"大專院校",
    "AED_location":"木柵校區警衛室",
    "district":"文山區"
    }
  },
  {
    "type": "Feature",
    "geometry": {
       "type": "Point",
       "coordinates":  [ 121.593965,25.071562 ]
    },
    "properties": {
    "name":"三軍總醫院",
    "address":"成功路二段325號",
    "district_code":63000100,
    "type":"其他",
    "subtype":"其他場所",
    "AED_location":"正子中心1樓",
    "district":"內湖區"
    }
  },
  {
    "type": "Feature",
    "geometry": {
       "type": "Point",
       "coordinates":  [ 121.512152,25.0312 ]
    },
    "properties": {
    "name":"臺北市立建國高級中學",
    "address":"南海路56號",
    "district_code":63000050,
    "type":"學校、大型集會場所",
    "subtype":"高中職",
    "AED_location":"體育組",
    "district":"中正區"
    }
  },
  {
    "type": "Feature",
    "geometry": {
       "type": "Point",
       "coordinates":  [ 121.58005,25.035129 ]
    },
    "properties": {
    "name":"臺北市立松山高級商業家事職業學校",
    "address":"松山路655號",
    "district_code":63000020,
    "type":"學校、大型集會場所",
    "subtype":"高中職",
    "AED_location":"健康中心",
    "district":"信義區"
    }
  },
  {
    "type": "Feature",
    "geometry": {
       "type": "Point",
       "coordinates":  [ 121.593965,25.071562 ]
    },
    "properties": {
    "name":"三軍總醫院",
    "address":"成功路二段325號",
    "district_code":63000100,
    "type":"其他",
    "subtype":"其他場所",
    "AED_location":"B1演講廳大廳",
    "district":"內湖區"
    }
  },
  {
    "type": "Feature",
    "geometry": {
       "type": "Point",
       "coordinates":  [ 121.499888,25.035002 ]
    },
    "properties": {
    "name":"臺北市萬華區公所",
    "address":"和平西路3段120號11樓",
    "district_code":63000070,
    "type":"其他",
    "subtype":"其他場所",
    "AED_location":"11樓服務台",
    "district":"萬華區"
    }
  },
  {
    "type": "Feature",
    "geometry": {
       "type": "Point",
       "coordinates":  [ 121.540847,25.04015 ]
    },
    "properties": {
    "name":"臺北市立懷生國民中學",
    "address":"忠孝東路3段248巷30號",
    "district_code":63000030,
    "type":"學校、大型集會場所",
    "subtype":"國中",
    "AED_location":"2F學務處內",
    "district":"大安區"
    }
  },
  {
    "type": "Feature",
    "geometry": {
       "type": "Point",
       "coordinates":  [ 121.569156,25.032515 ]
    },
    "properties": {
    "name":"新光信義傑仕堡",
    "address":"信義路5段126-128號",
    "district_code":63000020,
    "type":"其他",
    "subtype":"其他場所",
    "AED_location":"正門進入1樓大廳",
    "district":"信義區"
    }
  },
  {
    "type": "Feature",
    "geometry": {
       "type": "Point",
       "coordinates":  [ 121.546662,25.155336 ]
    },
    "properties": {
    "name":"內政部國家公園署陽明山國家公園管理處遊客中心",
    "address":"竹子湖路1-20號",
    "district_code":63000120,
    "type":"觀光旅遊地區",
    "subtype":"國家公園",
    "AED_location":"遊客中心服務台旁",
    "district":"北投區"
    }
  },
  {
    "type": "Feature",
    "geometry": {
       "type": "Point",
       "coordinates":  [ 121.546896,25.176434 ]
    },
    "properties": {
    "name":"陽明山國家公園小油坑遊客服務站",
    "address":"竹子湖路69號",
    "district_code":63000120,
    "type":"觀光旅遊地區",
    "subtype":"國家公園",
    "AED_location":"小油坑遊客服務站內",
    "district":"北投區"
    }
  },
  {
    "type": "Feature",
    "geometry": {
       "type": "Point",
       "coordinates":  [ 121.574182,25.167212 ]
    },
    "properties": {
    "name":"內政部國家公園署陽明山國家公園管理處-擎天崗遊客服務站",
    "address":"菁山路101巷246號",
    "district_code":63000110,
    "type":"觀光旅遊地區",
    "subtype":"國家公園",
    "AED_location":"服務站大門入口處",
    "district":"士林區"
    }
  },
  {
    "type": "Feature",
    "geometry": {
       "type": "Point",
       "coordinates":  [ 121.56391,25.165613 ]
    },
    "properties": {
    "name":"陽明山國家公園冷水坑遊客服務站",
    "address":"菁山路101巷170號",
    "district_code":63000110,
    "type":"觀光旅遊地區",
    "subtype":"國家公園",
    "AED_location":"一樓展場內",
    "district":"士林區"
    }
  },
  {
    "type": "Feature",
    "geometry": {
       "type": "Point",
       "coordinates":  [ 121.552742,25.06369 ]
    },
    "properties": {
    "name":"交通部民用航空局臺北國際航空站(松山機場)",
    "address":"敦化北路340-9號",
    "district_code":63000010,
    "type":"交通要衝",
    "subtype":"機場",
    "AED_location":"國內線報到大廳",
    "district":"松山區"
    }
  },
  {
    "type": "Feature",
    "geometry": {
       "type": "Point",
       "coordinates":  [ 121.552742,25.06369 ]
    },
    "properties": {
    "name":"交通部民用航空局臺北國際航空站(松山機場)",
    "address":"敦化北路340-9號",
    "district_code":63000010,
    "type":"交通要衝",
    "subtype":"機場",
    "AED_location":"國內線內候機室1樓",
    "district":"松山區"
    }
  },
  {
    "type": "Feature",
    "geometry": {
       "type": "Point",
       "coordinates":  [ 121.552742,25.06369 ]
    },
    "properties": {
    "name":"交通部民用航空局臺北國際航空站(松山機場)",
    "address":"敦化北路340-9號",
    "district_code":63000010,
    "type":"交通要衝",
    "subtype":"機場",
    "AED_location":"國際線3樓入境廊道:昇恒昌對面",
    "district":"松山區"
    }
  },
  {
    "type": "Feature",
    "geometry": {
       "type": "Point",
       "coordinates":  [ 121.552742,25.06369 ]
    },
    "properties": {
    "name":"交通部民用航空局臺北國際航空站(松山機場)",
    "address":"敦化北路340-9號",
    "district_code":63000010,
    "type":"交通要衝",
    "subtype":"機場",
    "AED_location":"國內線內候機室2樓",
    "district":"松山區"
    }
  },
  {
    "type": "Feature",
    "geometry": {
       "type": "Point",
       "coordinates":  [ 121.552742,25.06369 ]
    },
    "properties": {
    "name":"交通部民用航空局臺北國際航空站(松山機場)",
    "address":"敦化北路340-9號",
    "district_code":63000010,
    "type":"交通要衝",
    "subtype":"機場",
    "AED_location":"國際線2樓內候機室:8R登機門東側",
    "district":"松山區"
    }
  },
  {
    "type": "Feature",
    "geometry": {
       "type": "Point",
       "coordinates":  [ 121.500442,25.033349 ]
    },
    "properties": {
    "name":"交通部臺灣鐵路管理局臺北運務段萬華站",
    "address":"康定路382號",
    "district_code":63000070,
    "type":"交通要衝",
    "subtype":"台鐵車站",
    "AED_location":"一月台行車室",
    "district":"萬華區"
    }
  },
  {
    "type": "Feature",
    "geometry": {
       "type": "Point",
       "coordinates":  [ 121.517081,25.047924 ]
    },
    "properties": {
    "name":"交通部臺灣鐵路管理局臺北運務段臺北站",
    "address":"北平西路3號1樓",
    "district_code":63000050,
    "type":"交通要衝",
    "subtype":"台鐵車站",
    "AED_location":"B1F西側出口內方",
    "district":"中正區"
    }
  },
  {
    "type": "Feature",
    "geometry": {
       "type": "Point",
       "coordinates":  [ 121.578054,25.049263 ]
    },
    "properties": {
    "name":"國營臺灣鐵路股份有限公司北區營運處臺北運務段松山站",
    "address":"永吉里松山路11號",
    "district_code":63000020,
    "type":"交通要衝",
    "subtype":"台鐵車站",
    "AED_location":"松山站旅客諮詢服務中心旁",
    "district":"信義區"
    }
  },
  {
    "type": "Feature",
    "geometry": {
       "type": "Point",
       "coordinates":  [ 121.612808,25.052806 ]
    },
    "properties": {
    "name":"國家文官學院",
    "address":"忠孝東路7段576號",
    "district_code":63000090,
    "type":"其他",
    "subtype":"其他場所",
    "AED_location":"行政大樓1樓菁英講堂前",
    "district":"南港區"
    }
  },
  {
    "type": "Feature",
    "geometry": {
       "type": "Point",
       "coordinates":  [ 121.534192,25.022831 ]
    },
    "properties": {
    "name":"行政院人事行政總處公務人力發展學院福華國際文教會館",
    "address":"新生南路3段30號",
    "district_code":63000030,
    "type":"旅宿場所",
    "subtype":"飯店",
    "AED_location":"1樓大廳東側",
    "district":"大安區"
    }
  },
  {
    "type": "Feature",
    "geometry": {
       "type": "Point",
       "coordinates":  [ 121.574268,25.034413 ]
    },
    "properties": {
    "name":"誠品生活股份有限公司204號辦公室",
    "address":"松德路204號B1",
    "district_code":63000020,
    "type":"其他",
    "subtype":"其他場所",
    "AED_location":"大會議室1門口",
    "district":"信義區"
    }
  },
  {
    "type": "Feature",
    "geometry": {
       "type": "Point",
       "coordinates":  [ 121.505412,25.043798 ]
    },
    "properties": {
    "name":"誠品生活股份有限公司西門店",
    "address":"峨眉街52號B1F-3F",
    "district_code":63000070,
    "type":"大型購物場所",
    "subtype":"百貨業",
    "AED_location":"誠品生活西門店B1F",
    "district":"萬華區"
    }
  },
  {
    "type": "Feature",
    "geometry": {
       "type": "Point",
       "coordinates":  [ 121.505568,25.04517 ]
    },
    "properties": {
    "name":"誠品生活股份有限公司武昌店",
    "address":"武昌街2段77號",
    "district_code":63000070,
    "type":"大型購物場所",
    "subtype":"百貨業",
    "AED_location":"誠品武昌店4F服務台旁",
    "district":"萬華區"
    }
  },
  {
    "type": "Feature",
    "geometry": {
       "type": "Point",
       "coordinates":  [ 121.584753,25.068474 ]
    },
    "properties": {
    "name":"重生REBORN體能工作室",
    "address":"民權東路6段56巷1弄4號1樓",
    "district_code":63000100,
    "type":"其他",
    "subtype":"其他場所",
    "AED_location":"櫃台旁牆上(壁掛式)",
    "district":"內湖區"
    }
  },
  {
    "type": "Feature",
    "geometry": {
       "type": "Point",
       "coordinates":  [ 121.533065,25.016996 ]
    },
    "properties": {
    "name":"誠品生活股份有限公司台大店",
    "address":"新生南路3段98號",
    "district_code":63000030,
    "type":"大型購物場所",
    "subtype":"百貨業",
    "AED_location":"誠品書店台大店1F緊急逃生出口處",
    "district":"大安區"
    }
  },
  {
    "type": "Feature",
    "geometry": {
       "type": "Point",
       "coordinates":  [ 121.562439,25.035255 ]
    },
    "properties": {
    "name":"豐隆大飯店股份有限公司(台北君悅酒店)1樓商務中心",
    "address":"松壽路2號",
    "district_code":63000020,
    "type":"旅宿場所",
    "subtype":"飯店",
    "AED_location":"一樓商務中心旁",
    "district":"信義區"
    }
  },
  {
    "type": "Feature",
    "geometry": {
       "type": "Point",
       "coordinates":  [ 121.566763,25.023742 ]
    },
    "properties": {
    "name":"學校財團法人中華浸信會基督教台灣浸會神學院",
    "address":"吳興街394巷1號",
    "district_code":63000020,
    "type":"學校、大型集會場所",
    "subtype":"大專院校",
    "AED_location":"二號辦公室",
    "district":"信義區"
    }
  },
  {
    "type": "Feature",
    "geometry": {
       "type": "Point",
       "coordinates":  [ 121.524275,25.025228 ]
    },
    "properties": {
    "name":"武甲運動事業有限公司古亭營業所",
    "address":"羅斯福路二段93號B1",
    "district_code":63000030,
    "type":"學校、大型集會場所",
    "subtype":"健身房",
    "AED_location":"台北市羅斯福路二段93號B1",
    "district":"大安區"
    }
  },
  {
    "type": "Feature",
    "geometry": {
       "type": "Point",
       "coordinates":  [ 121.5156511,25.0467151 ]
    },
    "properties": {
    "name":"天成大飯店",
    "address":"忠孝西路一段四十三號",
    "district_code":63000050,
    "type":"旅宿場所",
    "subtype":"旅館",
    "AED_location":"飯店一樓大廳",
    "district":"中正區"
    }
  },
  {
    "type": "Feature",
    "geometry": {
       "type": "Point",
       "coordinates":  [ 121.557519,25.08076 ]
    },
    "properties": {
    "name":"全聯實業股份有限公司(大直總部)",
    "address":"敬業四路31、33號1樓",
    "district_code":63000040,
    "type":"其他",
    "subtype":"其他場所",
    "AED_location":"1樓電梯口旁走廊",
    "district":"中山區"
    }
  },
  {
    "type": "Feature",
    "geometry": {
       "type": "Point",
       "coordinates":  [ 121.529652,25.041679 ]
    },
    "properties": {
    "name":"臺北市政府衛生局社區心理衛生中心",
    "address":"金山南路一段5號",
    "district_code":63000050,
    "type":"其他",
    "subtype":"其他場所",
    "AED_location":"1樓大廳",
    "district":"中正區"
    }
  },
  {
    "type": "Feature",
    "geometry": {
       "type": "Point",
       "coordinates":  [ 121.516389,25.031667 ]
    },
    "properties": {
    "name":"臺北市中正區健康服務中心",
    "address":"牯嶺街24號",
    "district_code":63000050,
    "type":"其他",
    "subtype":"其他場所",
    "AED_location":"側門入口電梯旁",
    "district":"中正區"
    }
  },
  {
    "type": "Feature",
    "geometry": {
       "type": "Point",
       "coordinates":  [ 121.558997,25.048478 ]
    },
    "properties": {
    "name":"交通部公路總局臺北市區監理所",
    "address":"八德路4段21號",
    "district_code":63000010,
    "type":"其他",
    "subtype":"其他場所",
    "AED_location":"監理所1樓",
    "district":"松山區"
    }
  },
  {
    "type": "Feature",
    "geometry": {
       "type": "Point",
       "coordinates":  [ 121.5626807,25.0543148 ]
    },
    "properties": {
    "name":"GYMEFIT健康店",
    "address":"台北市松山區健康路227號",
    "district_code":63000010,
    "type":"其他",
    "subtype":"其他場所",
    "AED_location":"入們扣口左側牆上",
    "district":"松山區"
    }
  },
  {
    "type": "Feature",
    "geometry": {
       "type": "Point",
       "coordinates":  [ 121.519559,25.092762 ]
    },
    "properties": {
    "name":"臺北市士林區公所",
    "address":"中正路439號1樓",
    "district_code":63000110,
    "type":"其他",
    "subtype":"其他場所",
    "AED_location":"士林行政中心一樓電梯左側",
    "district":"士林區"
    }
  },
  {
    "type": "Feature",
    "geometry": {
       "type": "Point",
       "coordinates":  [ 121.569739,25.024338 ]
    },
    "properties": {
    "name":"香港商世界健身事業有限公司台北松仁分公司",
    "address":"松仁路277號B1.1樓",
    "district_code":63000020,
    "type":"學校、大型集會場所",
    "subtype":"健身房",
    "AED_location":"健身中心B1",
    "district":"信義區"
    }
  },
  {
    "type": "Feature",
    "geometry": {
       "type": "Point",
       "coordinates":  [ 121.615618,25.056239 ]
    },
    "properties": {
    "name":"臺北南港展覽館2館",
    "address":"經貿二路2號",
    "district_code":63000090,
    "type":"其他",
    "subtype":"其他場所",
    "AED_location":"展覽館7樓",
    "district":"南港區"
    }
  },
  {
    "type": "Feature",
    "geometry": {
       "type": "Point",
       "coordinates":  [ 121.503,25.132426 ]
    },
    "properties": {
    "name":"臺北市北投區公所",
    "address":"新市街30號4樓",
    "district_code":63000120,
    "type":"其他",
    "subtype":"其他場所",
    "AED_location":"北投區行政中心1樓",
    "district":"北投區"
    }
  },
  {
    "type": "Feature",
    "geometry": {
       "type": "Point",
       "coordinates":  [ 121.5430092,25.0331889 ]
    },
    "properties": {
    "name":"Curves 女性30分鐘環狀運動 大安店",
    "address":"信義路三段192號2樓",
    "district_code":63000030,
    "type":"學校、大型集會場所",
    "subtype":"健身房",
    "AED_location":"台北市大安區信義路三段192號2樓",
    "district":"大安區"
    }
  },
  {
    "type": "Feature",
    "geometry": {
       "type": "Point",
       "coordinates":  [ 121.555697,25.041247 ]
    },
    "properties": {
    "name":"交通部觀光署",
    "address":"忠孝東路4段290號9樓",
    "district_code":63000030,
    "type":"其他",
    "subtype":"其他場所",
    "AED_location":"9樓服務台",
    "district":"大安區"
    }
  },
  {
    "type": "Feature",
    "geometry": {
       "type": "Point",
       "coordinates":  [ 121.530058,25.06282 ]
    },
    "properties": {
    "name":"台北亞都麗緻大飯店",
    "address":"民權東路2段41號",
    "district_code":63000040,
    "type":"其他",
    "subtype":"其他場所",
    "AED_location":"台北市民權東路二段41號",
    "district":"中山區"
    }
  },
  {
    "type": "Feature",
    "geometry": {
       "type": "Point",
       "coordinates":  [ 121.51099,25.050333 ]
    },
    "properties": {
    "name":"宸光體適能有限公司",
    "address":"鄭州路119號B1",
    "district_code":63000060,
    "type":"學校、大型集會場所",
    "subtype":"健身房",
    "AED_location":"櫃檯前方",
    "district":"大同區"
    }
  },
  {
    "type": "Feature",
    "geometry": {
       "type": "Point",
       "coordinates":  [ 121.551655,25.041677 ]
    },
    "properties": {
    "name":"香港商世界健身事業有限公司忠孝分公司",
    "address":"忠孝東路4段201號3樓",
    "district_code":63000030,
    "type":"學校、大型集會場所",
    "subtype":"健身房",
    "AED_location":"健身中心三樓洽談區",
    "district":"大安區"
    }
  },
  {
    "type": "Feature",
    "geometry": {
       "type": "Point",
       "coordinates":  [ 121.531381,25.018002 ]
    },
    "properties": {
    "name":"香港商世界健身事業有限公司飛動公館分公司",
    "address":"羅斯福路三段281號",
    "district_code":63000030,
    "type":"學校、大型集會場所",
    "subtype":"健身房",
    "AED_location":"櫃台大廳",
    "district":"大安區"
    }
  },
  {
    "type": "Feature",
    "geometry": {
       "type": "Point",
       "coordinates":  [ 121.5269975,25.0156342 ]
    },
    "properties": {
    "name":"嘉禾新村",
    "address":"永春街131巷",
    "district_code":63000050,
    "type":"觀光旅遊地區",
    "subtype":"文化園區",
    "AED_location":"嘉禾故事館服務台",
    "district":"中正區"
    }
  },
  {
    "type": "Feature",
    "geometry": {
       "type": "Point",
       "coordinates":  [ 121.538413,25.036378 ]
    },
    "properties": {
    "name":"臺北市私立延平高級中學",
    "address":"建國南路1段275號",
    "district_code":63000030,
    "type":"學校、大型集會場所",
    "subtype":"高中職",
    "AED_location":"操場 司令台",
    "district":"大安區"
    }
  },
  {
    "type": "Feature",
    "geometry": {
       "type": "Point",
       "coordinates":  [ 121.558521,25.079966 ]
    },
    "properties": {
    "name":"LIGHT WORKER 私人運動招待所",
    "address":"中山區樂群二路187號五樓之2",
    "district_code":63000040,
    "type":"其他",
    "subtype":"其他場所",
    "AED_location":"台北市中山區樂群二路187號五樓之2",
    "district":"中山區"
    }
  },
  {
    "type": "Feature",
    "geometry": {
       "type": "Point",
       "coordinates":  [ 121.5479408,25.0626529 ]
    },
    "properties": {
    "name":"根基營造-民權東案",
    "address":"民權東路三段175巷旁工地",
    "district_code":63000010,
    "type":"其他",
    "subtype":"其他場所",
    "AED_location":"1F組合屋休息區",
    "district":"松山區"
    }
  },
  {
    "type": "Feature",
    "geometry": {
       "type": "Point",
       "coordinates":  [ 121.5064315,25.04714076 ]
    },
    "properties": {
    "name":"臺北市萬華老人服務中心",
    "address":"開封街二段39號3樓",
    "district_code":63000070,
    "type":"其他",
    "subtype":"其他場所",
    "AED_location":"萬華老人中心3樓公共區域辦公室旁",
    "district":"萬華區"
    }
  },
  {
    "type": "Feature",
    "geometry": {
       "type": "Point",
       "coordinates":  [ 121.514231,25.114965 ]
    },
    "properties": {
    "name":"臺北市立石牌國民中學",
    "address":"石牌路一段139號",
    "district_code":63000120,
    "type":"學校、大型集會場所",
    "subtype":"國中",
    "AED_location":"總務前穿堂(701教室旁)",
    "district":"北投區"
    }
  },
  {
    "type": "Feature",
    "geometry": {
       "type": "Point",
       "coordinates":  [ 121.5349587,25.0485735 ]
    },
    "properties": {
    "name":"GonnaFat-權宇",
    "address":"長安東路二段99號2樓",
    "district_code":63000040,
    "type":"學校、大型集會場所",
    "subtype":"健身房",
    "AED_location":"二樓櫃台旁",
    "district":"中山區"
    }
  },
  {
    "type": "Feature",
    "geometry": {
       "type": "Point",
       "coordinates":  [ 121.518975,25.050725 ]
    },
    "properties": {
    "name":"財團法人台北市文化基金會台北當代藝術館",
    "address":"長安西路39號",
    "district_code":63000060,
    "type":"大型休閒場所",
    "subtype":"美術館",
    "AED_location":"售票大廳處",
    "district":"大同區"
    }
  },
  {
    "type": "Feature",
    "geometry": {
       "type": "Point",
       "coordinates":  [ 121.516835,25.044454 ]
    },
    "properties": {
    "name":"醫療財團法人好心肝基金會好心肝診所",
    "address":"公園路30號2樓之2",
    "district_code":63000050,
    "type":"其他",
    "subtype":"其他場所",
    "AED_location":"醫療財團法人好心肝基金會好心肝診所",
    "district":"中正區"
    }
  },
  {
    "type": "Feature",
    "geometry": {
       "type": "Point",
       "coordinates":  [ 121.517406,25.044786 ]
    },
    "properties": {
    "name":"衛生福利部中央健康保險署臺北業務組",
    "address":"公園路15之1號5樓",
    "district_code":63000050,
    "type":"其他",
    "subtype":"其他場所",
    "AED_location":"聯合服務中心五樓服務台前方",
    "district":"中正區"
    }
  },
  {
    "type": "Feature",
    "geometry": {
       "type": "Point",
       "coordinates":  [ 121.549293,24.987862 ]
    },
    "properties": {
    "name":"公務人員保障暨培訓委員會",
    "address":"試院路1之3號",
    "district_code":63000080,
    "type":"其他",
    "subtype":"其他場所",
    "AED_location":"玉衡樓1樓大廳",
    "district":"文山區"
    }
  },
  {
    "type": "Feature",
    "geometry": {
       "type": "Point",
       "coordinates":  [ 121.6166635,25.04201962 ]
    },
    "properties": {
    "name":"衛生福利部疾病管制署研檢南港臨時辦公室",
    "address":"研究院路二段128號(中央研究院院區內)",
    "district_code":63000090,
    "type":"其他",
    "subtype":"其他場所",
    "AED_location":"研檢南港臨時辦公室一樓大廳",
    "district":"南港區"
    }
  },
  {
    "type": "Feature",
    "geometry": {
       "type": "Point",
       "coordinates":  [ 121.607058,25.053216 ]
    },
    "properties": {
    "name":"國營臺灣鐵路股份有限公司北區營運處臺北運務段 南港站",
    "address":"南港路1段313號",
    "district_code":63000090,
    "type":"交通要衝",
    "subtype":"台鐵車站",
    "AED_location":"第二月台行車室門前",
    "district":"南港區"
    }
  },
  {
    "type": "Feature",
    "geometry": {
       "type": "Point",
       "coordinates":  [ 121.595335,25.050197 ]
    },
    "properties": {
    "name":"衛生福利部",
    "address":"忠孝東路六段488號",
    "district_code":63000090,
    "type":"其他",
    "subtype":"其他場所",
    "AED_location":"1樓東側梯廳前",
    "district":"南港區"
    }
  },
  {
    "type": "Feature",
    "geometry": {
       "type": "Point",
       "coordinates":  [ 121.595335,25.050197 ]
    },
    "properties": {
    "name":"衛生福利部",
    "address":"忠孝東路六段488號",
    "district_code":63000090,
    "type":"其他",
    "subtype":"其他場所",
    "AED_location":"8樓西側公共空間",
    "district":"南港區"
    }
  },
  {
    "type": "Feature",
    "geometry": {
       "type": "Point",
       "coordinates":  [ 121.595335,25.050197 ]
    },
    "properties": {
    "name":"衛生福利部",
    "address":"忠孝東路六段488號",
    "district_code":63000090,
    "type":"其他",
    "subtype":"其他場所",
    "AED_location":"3樓西側哺乳室前",
    "district":"南港區"
    }
  },
  {
    "type": "Feature",
    "geometry": {
       "type": "Point",
       "coordinates":  [ 121.554239,24.997535 ]
    },
    "properties": {
    "name":"中國科技大學臺北校區",
    "address":"興隆路3段56號",
    "district_code":63000080,
    "type":"學校、大型集會場所",
    "subtype":"大專院校",
    "AED_location":"中山育樂館2樓",
    "district":"文山區"
    }
  },
  {
    "type": "Feature",
    "geometry": {
       "type": "Point",
       "coordinates":  [ 121.544749,25.084817 ]
    },
    "properties": {
    "name":"實踐大學台北校區",
    "address":"大直街70號",
    "district_code":63000040,
    "type":"學校、大型集會場所",
    "subtype":"大專院校",
    "AED_location":"G棟1樓衛生保健一組前",
    "district":"中山區"
    }
  },
  {
    "type": "Feature",
    "geometry": {
       "type": "Point",
       "coordinates":  [ 121.5823711,25.079821 ]
    },
    "properties": {
    "name":"愛健康肌力教室",
    "address":"內湖路二段73號1樓",
    "district_code":63000100,
    "type":"其他",
    "subtype":"其他場所",
    "AED_location":"門口",
    "district":"內湖區"
    }
  },
  {
    "type": "Feature",
    "geometry": {
       "type": "Point",
       "coordinates":  [ 121.533178,25.031201 ]
    },
    "properties": {
    "name":"臺北市立金華國民中學",
    "address":"新生南路二段32號",
    "district_code":63000030,
    "type":"其他",
    "subtype":"其他場所",
    "AED_location":"中穿堂樓梯旁廊道",
    "district":"大安區"
    }
  },
  {
    "type": "Feature",
    "geometry": {
       "type": "Point",
       "coordinates":  [ 121.526287,25.078611 ]
    },
    "properties": {
    "name":"財團法人臺灣敦睦聯誼會所屬作業組織圓山大飯店",
    "address":"中山北路4段1巷1號",
    "district_code":63000040,
    "type":"旅宿場所",
    "subtype":"旅館",
    "AED_location":"本館2樓健身房",
    "district":"中山區"
    }
  },
  {
    "type": "Feature",
    "geometry": {
       "type": "Point",
       "coordinates":  [ 121.512982,25.043012 ]
    },
    "properties": {
    "name":"虎鐵健身工作室",
    "address":"重慶南路一段88號2樓",
    "district_code":63000050,
    "type":"大型休閒場所",
    "subtype":"運動場館(如小巨蛋)",
    "AED_location":"入口處",
    "district":"中正區"
    }
  },
  {
    "type": "Feature",
    "geometry": {
       "type": "Point",
       "coordinates":  [ 121.578299,25.04919 ]
    },
    "properties": {
    "name":"潤泰百益股份有限公司/CITYLINK松山壹號店",
    "address":"松山路11號",
    "district_code":63000020,
    "type":"大型購物場所",
    "subtype":"商場",
    "AED_location":"2樓服務台 右方",
    "district":"信義區"
    }
  },
  {
    "type": "Feature",
    "geometry": {
       "type": "Point",
       "coordinates":  [ 121.525601,25.05421 ]
    },
    "properties": {
    "name":"欣欣大眾市場股份有限公司",
    "address":"林森北路247號",
    "district_code":63000040,
    "type":"大型購物場所",
    "subtype":"百貨業",
    "AED_location":"B1美食街",
    "district":"中山區"
    }
  },
  {
    "type": "Feature",
    "geometry": {
       "type": "Point",
       "coordinates":  [ 121.513555,25.137585 ]
    },
    "properties": {
    "name":"春天酒店股份有限公司",
    "address":"幽雅路18號",
    "district_code":63000120,
    "type":"旅宿場所",
    "subtype":"旅館",
    "AED_location":"1樓大廳櫃台",
    "district":"北投區"
    }
  },
  {
    "type": "Feature",
    "geometry": {
       "type": "Point",
       "coordinates":  [ 121.529399,25.04413 ]
    },
    "properties": {
    "name":"華山1914文化創意產業園區",
    "address":"八德路一段一號",
    "district_code":63000050,
    "type":"觀光旅遊地區",
    "subtype":"文化園區",
    "AED_location":"紅磚區哨所",
    "district":"中正區"
    }
  },
  {
    "type": "Feature",
    "geometry": {
       "type": "Point",
       "coordinates":  [ 121.501879,25.036768 ]
    },
    "properties": {
    "name":"剝皮寮歷史街區西側",
    "address":"廣州街151號",
    "district_code":63000070,
    "type":"觀光旅遊地區",
    "subtype":"文化園區",
    "AED_location":"廣州街155號",
    "district":"萬華區"
    }
  },
  {
    "type": "Feature",
    "geometry": {
       "type": "Point",
       "coordinates":  [ 121.536905,25.007963 ]
    },
    "properties": {
    "name":"國立臺灣師範大學公館校區(汀州路4段88號)",
    "address":"汀州路4段88號",
    "district_code":63000080,
    "type":"學校、大型集會場所",
    "subtype":"大專院校",
    "AED_location":"公館校區學七舍1樓",
    "district":"文山區"
    }
  },
  {
    "type": "Feature",
    "geometry": {
       "type": "Point",
       "coordinates":  [ 121.517479,25.049369 ]
    },
    "properties": {
    "name":"台北京站威秀影城",
    "address":"市民大道一段209號5F",
    "district_code":63000060,
    "type":"大型休閒場所",
    "subtype":"電影片映演場所(戲院、電影院)",
    "AED_location":"5F大廳",
    "district":"大同區"
    }
  },
  {
    "type": "Feature",
    "geometry": {
       "type": "Point",
       "coordinates":  [ 121.527551,25.086068 ]
    },
    "properties": {
    "name":"銘傳大學台北校區(士林區中山北路5段)",
    "address":"中山北路5段250號",
    "district_code":63000110,
    "type":"學校、大型集會場所",
    "subtype":"大專院校",
    "AED_location":"男生宿舍2樓",
    "district":"士林區"
    }
  },
  {
    "type": "Feature",
    "geometry": {
       "type": "Point",
       "coordinates":  [ 121.529399,25.04413 ]
    },
    "properties": {
    "name":"華山1914文化創意產業園區",
    "address":"八德路一段一號",
    "district_code":63000050,
    "type":"觀光旅遊地區",
    "subtype":"文化園區",
    "AED_location":"側門警衛室",
    "district":"中正區"
    }
  },
  {
    "type": "Feature",
    "geometry": {
       "type": "Point",
       "coordinates":  [ 121.5467679,25.0819332 ]
    },
    "properties": {
    "name":"臺北市立中山幼兒園",
    "address":"大直街25號1樓",
    "district_code":63000040,
    "type":"其他",
    "subtype":"其他場所",
    "AED_location":"幼兒園 大門口",
    "district":"中山區"
    }
  },
  {
    "type": "Feature",
    "geometry": {
       "type": "Point",
       "coordinates":  [ 121.52322,25.060735 ]
    },
    "properties": {
    "name":"台灣水泥股份有限公司",
    "address":"中山北路2段113號",
    "district_code":63000040,
    "type":"其他",
    "subtype":"其他場所",
    "AED_location":"大廳右側入口",
    "district":"中山區"
    }
  },
  {
    "type": "Feature",
    "geometry": {
       "type": "Point",
       "coordinates":  [ 121.52322,25.060735 ]
    },
    "properties": {
    "name":"台灣水泥股份有限公司",
    "address":"中山北路2段113號",
    "district_code":63000040,
    "type":"其他",
    "subtype":"其他場所",
    "AED_location":"3樓前廳",
    "district":"中山區"
    }
  },
  {
    "type": "Feature",
    "geometry": {
       "type": "Point",
       "coordinates":  [ 121.567099,25.035636 ]
    },
    "properties": {
    "name":"威秀影城股份有限公司信義分公司",
    "address":"松壽路20號",
    "district_code":63000020,
    "type":"大型休閒場所",
    "subtype":"電影片映演場所(戲院、電影院)",
    "AED_location":"2F售票處",
    "district":"信義區"
    }
  },
  {
    "type": "Feature",
    "geometry": {
       "type": "Point",
       "coordinates":  [ 121.538749,25.136543 ]
    },
    "properties": {
    "name":"中國文化大學 大恩館",
    "address":"華岡路55號",
    "district_code":63000110,
    "type":"學校、大型集會場所",
    "subtype":"大專院校",
    "AED_location":"大恩館",
    "district":"士林區"
    }
  },
  {
    "type": "Feature",
    "geometry": {
       "type": "Point",
       "coordinates":  [ 121.610717,25.04703 ]
    },
    "properties": {
    "name":"財團法人國家實驗研究院國家實驗動物中心-台北中心",
    "address":"中南里研究院路1段130巷111號",
    "district_code":63000090,
    "type":"其他",
    "subtype":"其他場所",
    "AED_location":"國家實驗動物中心1樓大廳",
    "district":"南港區"
    }
  },
  {
    "type": "Feature",
    "geometry": {
       "type": "Point",
       "coordinates":  [ 121.523022,25.089169 ]
    },
    "properties": {
    "name":"台南海鮮會館",
    "address":"基河路130號B1",
    "district_code":63000110,
    "type":"其他",
    "subtype":"其他場所",
    "AED_location":"會館大廳櫃檯",
    "district":"士林區"
    }
  },
  {
    "type": "Feature",
    "geometry": {
       "type": "Point",
       "coordinates":  [ 121.562213,25.049505 ]
    },
    "properties": {
    "name":"臺北市立中崙高級中學",
    "address":"八德路四段101號",
    "district_code":63000010,
    "type":"學校、大型集會場所",
    "subtype":"高中職",
    "AED_location":"1樓健康中心門口",
    "district":"松山區"
    }
  },
  {
    "type": "Feature",
    "geometry": {
       "type": "Point",
       "coordinates":  [ 121.54535,25.060537 ]
    },
    "properties": {
    "name":"臺北市立中山國民中學",
    "address":"復興北路361巷7號",
    "district_code":63000010,
    "type":"其他",
    "subtype":"其他場所",
    "AED_location":"健康中心內",
    "district":"松山區"
    }
  },
  {
    "type": "Feature",
    "geometry": {
       "type": "Point",
       "coordinates":  [ 121.561929,25.025685 ]
    },
    "properties": {
    "name":"臺北醫學大學 環保暨安全衛生處",
    "address":"吳興街250號",
    "district_code":63000020,
    "type":"學校、大型集會場所",
    "subtype":"大專院校",
    "AED_location":"綜合大樓",
    "district":"信義區"
    }
  },
  {
    "type": "Feature",
    "geometry": {
       "type": "Point",
       "coordinates":  [ 121.561929,25.025685 ]
    },
    "properties": {
    "name":"臺北醫學大學 環保暨安全衛生處",
    "address":"吳興街250號",
    "district_code":63000020,
    "type":"學校、大型集會場所",
    "subtype":"大專院校",
    "AED_location":"體育館",
    "district":"信義區"
    }
  },
  {
    "type": "Feature",
    "geometry": {
       "type": "Point",
       "coordinates":  [ 121.561929,25.025685 ]
    },
    "properties": {
    "name":"臺北醫學大學 環保暨安全衛生處",
    "address":"吳興街250號",
    "district_code":63000020,
    "type":"學校、大型集會場所",
    "subtype":"大專院校",
    "AED_location":"拇山學院",
    "district":"信義區"
    }
  },
  {
    "type": "Feature",
    "geometry": {
       "type": "Point",
       "coordinates":  [ 121.58869,25.077035 ]
    },
    "properties": {
    "name":"臺北市內湖國中",
    "address":"台北市內湖區陽光街1號",
    "district_code":63000100,
    "type":"學校、大型集會場所",
    "subtype":"國中",
    "AED_location":"學務處走廊",
    "district":"內湖區"
    }
  },
  {
    "type": "Feature",
    "geometry": {
       "type": "Point",
       "coordinates":  [ 121.577969,25.08437 ]
    },
    "properties": {
    "name":"臺北市立麗山高級中學",
    "address":"環山路2段100號",
    "district_code":63000100,
    "type":"學校、大型集會場所",
    "subtype":"高中職",
    "AED_location":"學務處門口",
    "district":"內湖區"
    }
  },
  {
    "type": "Feature",
    "geometry": {
       "type": "Point",
       "coordinates":  [ 121.576059,25.063967 ]
    },
    "properties": {
    "name":"好市多股份有限公司內湖分公司",
    "address":"舊宗路1段268號",
    "district_code":63000100,
    "type":"大型購物場所",
    "subtype":"賣場",
    "AED_location":"3樓藥局櫃台旁",
    "district":"內湖區"
    }
  },
  {
    "type": "Feature",
    "geometry": {
       "type": "Point",
       "coordinates":  [ 121.5860526,25.0698092 ]
    },
    "properties": {
    "name":"臺北市立三民國中",
    "address":"114台北市內湖區民權東路六段45號",
    "district_code":63000100,
    "type":"學校、大型集會場所",
    "subtype":"國中",
    "AED_location":"穿堂",
    "district":"內湖區"
    }
  },
  {
    "type": "Feature",
    "geometry": {
       "type": "Point",
       "coordinates":  [ 121.521326,25.054844 ]
    },
    "properties": {
    "name":"臺北市中山運動中心",
    "address":"中山北路2段44巷2號",
    "district_code":63000040,
    "type":"學校、大型集會場所",
    "subtype":"健身中心",
    "AED_location":"1樓客梯旁",
    "district":"中山區"
    }
  },
  {
    "type": "Feature",
    "geometry": {
       "type": "Point",
       "coordinates":  [ 121.581036,24.998347 ]
    },
    "properties": {
    "name":"臺北市立動物園",
    "address":"新光路二段30號",
    "district_code":63000080,
    "type":"其他",
    "subtype":"其他場所",
    "AED_location":"大門入口服務台",
    "district":"文山區"
    }
  },
  {
    "type": "Feature",
    "geometry": {
       "type": "Point",
       "coordinates":  [ 121.521411,25.089668 ]
    },
    "properties": {
    "name":"臺北市士林運動中心",
    "address":"士商路一號",
    "district_code":63000110,
    "type":"學校、大型集會場所",
    "subtype":"健身中心",
    "AED_location":"二樓健身房設施",
    "district":"士林區"
    }
  },
  {
    "type": "Feature",
    "geometry": {
       "type": "Point",
       "coordinates":  [ 121.575229,25.078266 ]
    },
    "properties": {
    "name":"臺北市內湖運動中心",
    "address":"洲子街12號",
    "district_code":63000100,
    "type":"學校、大型集會場所",
    "subtype":"健身中心",
    "AED_location":"5樓健身房",
    "district":"內湖區"
    }
  },
  {
    "type": "Feature",
    "geometry": {
       "type": "Point",
       "coordinates":  [ 121.576059,25.063967 ]
    },
    "properties": {
    "name":"好市多股份有限公司內湖分公司",
    "address":"舊宗路1段268號",
    "district_code":63000100,
    "type":"大型購物場所",
    "subtype":"賣場",
    "AED_location":"1樓賣場大門出入口旁",
    "district":"內湖區"
    }
  },
  {
    "type": "Feature",
    "geometry": {
       "type": "Point",
       "coordinates":  [ 121.51055,25.054862 ]
    },
    "properties": {
    "name":"臺北市公有永樂市場(布業商場)",
    "address":"迪化街1段21號",
    "district_code":63000060,
    "type":"其他",
    "subtype":"其他場所",
    "AED_location":"永樂市場布業商場二樓自治會辦公室",
    "district":"大同區"
    }
  },
  {
    "type": "Feature",
    "geometry": {
       "type": "Point",
       "coordinates":  [ 121.550674,25.037529 ]
    },
    "properties": {
    "name":"臺北市立仁愛國民中學",
    "address":"仁愛路4段130號",
    "district_code":63000030,
    "type":"其他",
    "subtype":"其他場所",
    "AED_location":"司令台後方",
    "district":"大安區"
    }
  },
  {
    "type": "Feature",
    "geometry": {
       "type": "Point",
       "coordinates":  [ 121.583376,24.98668 ]
    },
    "properties": {
    "name":"國立政治大學附屬高級中學",
    "address":"政大一街353號",
    "district_code":63000080,
    "type":"學校、大型集會場所",
    "subtype":"高中職",
    "AED_location":"籃球場",
    "district":"文山區"
    }
  },
  {
    "type": "Feature",
    "geometry": {
       "type": "Point",
       "coordinates":  [ 121.499544,25.036085 ]
    },
    "properties": {
    "name":"臺北市龍山寺地下街商場",
    "address":"西園路1段145號 B1 行政中心",
    "district_code":63000070,
    "type":"大型購物場所",
    "subtype":"地下街",
    "AED_location":"B1 B區廣場",
    "district":"萬華區"
    }
  },
  {
    "type": "Feature",
    "geometry": {
       "type": "Point",
       "coordinates":  [ 121.528283,25.02603 ]
    },
    "properties": {
    "name":"國立臺灣師範大學校本部(和平東路1段162號) ",
    "address":"和平東路1段162號",
    "district_code":63000030,
    "type":"學校、大型集會場所",
    "subtype":"大專院校",
    "AED_location":"校本部誠大樓5樓走廊",
    "district":"大安區"
    }
  },
  {
    "type": "Feature",
    "geometry": {
       "type": "Point",
       "coordinates":  [ 121.552553,25.013535 ]
    },
    "properties": {
    "name":"臺北市懷愛館",
    "address":"辛亥路3段330號",
    "district_code":63000030,
    "type":"學校、大型集會場所",
    "subtype":"殯儀館",
    "AED_location":"第二殯儀館駐警室入口處",
    "district":"大安區"
    }
  },
  {
    "type": "Feature",
    "geometry": {
       "type": "Point",
       "coordinates":  [ 121.579143,25.051109 ]
    },
    "properties": {
    "name":"臺北市松山區松山國民小學",
    "address":"八德路4段746號",
    "district_code":63000010,
    "type":"其他",
    "subtype":"其他場所",
    "AED_location":"游泳池",
    "district":"松山區"
    }
  },
  {
    "type": "Feature",
    "geometry": {
       "type": "Point",
       "coordinates":  [ 121.516316,25.065792 ]
    },
    "properties": {
    "name":"臺北市大同區健康服務中心",
    "address":"昌吉街52號",
    "district_code":63000060,
    "type":"其他",
    "subtype":"其他場所",
    "AED_location":"大門入口處",
    "district":"大同區"
    }
  },
  {
    "type": "Feature",
    "geometry": {
       "type": "Point",
       "coordinates":  [ 121.530152,25.094898 ]
    },
    "properties": {
    "name":"士林官邸正館",
    "address":"福林路60號",
    "district_code":63000110,
    "type":"觀光旅遊地區",
    "subtype":"地方政府主管風景區",
    "AED_location":"正館一樓",
    "district":"士林區"
    }
  },
  {
    "type": "Feature",
    "geometry": {
       "type": "Point",
       "coordinates":  [ 121.544274,25.021577 ]
    },
    "properties": {
    "name":"臺北市大安區健康服務中心",
    "address":"臥龍里辛亥路三段15號",
    "district_code":63000030,
    "type":"其他",
    "subtype":"其他場所",
    "AED_location":"1樓服務台",
    "district":"大安區"
    }
  },
  {
    "type": "Feature",
    "geometry": {
       "type": "Point",
       "coordinates":  [ 121.574983,24.986398 ]
    },
    "properties": {
    "name":"國立政治大學",
    "address":"指南路2段64號",
    "district_code":63000080,
    "type":"學校、大型集會場所",
    "subtype":"大專院校",
    "AED_location":"百年樓(文學院)1樓門口",
    "district":"文山區"
    }
  },
  {
    "type": "Feature",
    "geometry": {
       "type": "Point",
       "coordinates":  [ 121.516179,25.072762 ]
    },
    "properties": {
    "name":"臺北孔廟",
    "address":"大龍街275號",
    "district_code":63000060,
    "type":"觀光旅遊地區",
    "subtype":"文化園區",
    "AED_location":"孔廟明倫堂1樓近劇院",
    "district":"大同區"
    }
  },
  {
    "type": "Feature",
    "geometry": {
       "type": "Point",
       "coordinates":  [ 121.552906,25.028995 ]
    },
    "properties": {
    "name":"臨江街夜市",
    "address":"大安區臨江街，位於通化街至基隆路口間。",
    "district_code":63000030,
    "type":"其他",
    "subtype":"其他場所",
    "AED_location":"臺北市大安區臨江街89之5號",
    "district":"大安區"
    }
  },
  {
    "type": "Feature",
    "geometry": {
       "type": "Point",
       "coordinates":  [ 121.51532,25.04691 ]
    },
    "properties": {
    "name":"保證責任臺北市站前地下街場地利用合作社",
    "address":"忠孝西路1段50-1號 B1",
    "district_code":63000050,
    "type":"大型購物場所",
    "subtype":"地下街",
    "AED_location":"控制中心門口",
    "district":"中正區"
    }
  },
  {
    "type": "Feature",
    "geometry": {
       "type": "Point",
       "coordinates":  [ 121.538369,25.029152 ]
    },
    "properties": {
    "name":"臺北市立圖書館總館",
    "address":"建國南路二段125號",
    "district_code":63000030,
    "type":"大型休閒場所",
    "subtype":"圖書館",
    "AED_location":"總館1樓 (通往2樓樓梯旁)",
    "district":"大安區"
    }
  },
  {
    "type": "Feature",
    "geometry": {
       "type": "Point",
       "coordinates":  [ 121.552553,25.013535 ]
    },
    "properties": {
    "name":"臺北市懷愛館",
    "address":"辛亥路3段330號",
    "district_code":63000030,
    "type":"學校、大型集會場所",
    "subtype":"殯儀館",
    "AED_location":"景行樓1F駐警室旁",
    "district":"大安區"
    }
  },
  {
    "type": "Feature",
    "geometry": {
       "type": "Point",
       "coordinates":  [ 121.5222096,25.06684013 ]
    },
    "properties": {
    "name":"大同大學",
    "address":"中山北路3段40號",
    "district_code":63000040,
    "type":"學校、大型集會場所",
    "subtype":"大專院校",
    "AED_location":"大同大學警衛室",
    "district":"中山區"
    }
  },
  {
    "type": "Feature",
    "geometry": {
       "type": "Point",
       "coordinates":  [ 121.535005,25.013743 ]
    },
    "properties": {
    "name":"臺北市公有水源市場",
    "address":"羅斯福路4段92號",
    "district_code":63000050,
    "type":"其他",
    "subtype":"其他場所",
    "AED_location":"水源市場一樓機房旁走道",
    "district":"中正區"
    }
  },
  {
    "type": "Feature",
    "geometry": {
       "type": "Point",
       "coordinates":  [ 121.532875,25.113451 ]
    },
    "properties": {
    "name":"天母運動場區棒球場",
    "address":"忠誠路二段77號",
    "district_code":63000110,
    "type":"大型休閒場所",
    "subtype":"運動場館(如小巨蛋)",
    "AED_location":"行政辦公室入口右側",
    "district":"士林區"
    }
  },
  {
    "type": "Feature",
    "geometry": {
       "type": "Point",
       "coordinates":  [ 121.519291,25.038234 ]
    },
    "properties": {
    "name":"臺北市中正運動中心",
    "address":"信義路一段1號",
    "district_code":63000050,
    "type":"學校、大型集會場所",
    "subtype":"健身中心",
    "AED_location":"7樓羽球場",
    "district":"中正區"
    }
  },
  {
    "type": "Feature",
    "geometry": {
       "type": "Point",
       "coordinates":  [ 121.510168,25.043085 ]
    },
    "properties": {
    "name":"臺北市中山堂管理所",
    "address":"延平南路98號",
    "district_code":63000050,
    "type":"大型休閒場所",
    "subtype":"演藝廳",
    "AED_location":"中正廳入口",
    "district":"中正區"
    }
  },
  {
    "type": "Feature",
    "geometry": {
       "type": "Point",
       "coordinates":  [ 121.577153,25.043229 ]
    },
    "properties": {
    "name":"臺北市公有永春市場",
    "address":"松山路294號",
    "district_code":63000020,
    "type":"其他",
    "subtype":"其他場所",
    "AED_location":"永春市場一樓128攤位旁",
    "district":"信義區"
    }
  },
  {
    "type": "Feature",
    "geometry": {
       "type": "Point",
       "coordinates":  [ 121.528283,25.02603 ]
    },
    "properties": {
    "name":"國立臺灣師範大學校本部(和平東路1段162號) ",
    "address":"和平東路1段162號",
    "district_code":63000030,
    "type":"學校、大型集會場所",
    "subtype":"大專院校",
    "AED_location":"校本部誠大樓6樓",
    "district":"大安區"
    }
  },
  {
    "type": "Feature",
    "geometry": {
       "type": "Point",
       "coordinates":  [ 121.534969,25.116621 ]
    },
    "properties": {
    "name":"臺北市立啟明學校",
    "address":"忠誠路二段207巷1號",
    "district_code":63000110,
    "type":"學校、大型集會場所",
    "subtype":"高中職",
    "AED_location":"本校學務處旁川堂",
    "district":"士林區"
    }
  },
  {
    "type": "Feature",
    "geometry": {
       "type": "Point",
       "coordinates":  [ 121.513385,25.074684 ]
    },
    "properties": {
    "name":"臺北市立啟聰學校",
    "address":"重慶北路3段320號",
    "district_code":63000060,
    "type":"學校、大型集會場所",
    "subtype":"高中職",
    "AED_location":"一樓健康中心",
    "district":"大同區"
    }
  },
  {
    "type": "Feature",
    "geometry": {
       "type": "Point",
       "coordinates":  [ 121.520483,25.070064 ]
    },
    "properties": {
    "name":"財團法人臺北市會展產業發展基金會(花博公園圓山園區)",
    "address":"玉門街一號",
    "district_code":63000040,
    "type":"其他",
    "subtype":"其他場所",
    "AED_location":"爭豔館內",
    "district":"中山區"
    }
  },
  {
    "type": "Feature",
    "geometry": {
       "type": "Point",
       "coordinates":  [ 121.530253,25.013286 ]
    },
    "properties": {
    "name":"臺北自來水園區",
    "address":"思源街1號(臺北自來水園區)",
    "district_code":63000050,
    "type":"觀光旅遊地區",
    "subtype":"地方政府主管風景區",
    "AED_location":"思源票口",
    "district":"中正區"
    }
  },
  {
    "type": "Feature",
    "geometry": {
       "type": "Point",
       "coordinates":  [ 121.517118,25.118031 ]
    },
    "properties": {
    "name":"臺北市北投區健康服務中心",
    "address":"石牌路二段111號",
    "district_code":63000120,
    "type":"其他",
    "subtype":"其他場所",
    "AED_location":"1樓服務台",
    "district":"北投區"
    }
  },
  {
    "type": "Feature",
    "geometry": {
       "type": "Point",
       "coordinates":  [ 121.5765572,25.0506881 ]
    },
    "properties": {
    "name":"臺北市饒河街觀光夜市",
    "address":"饒河街186號2樓",
    "district_code":63000010,
    "type":"其他",
    "subtype":"其他場所",
    "AED_location":"藥局前",
    "district":"松山區"
    }
  },
  {
    "type": "Feature",
    "geometry": {
       "type": "Point",
       "coordinates":  [ 121.538749,25.136543 ]
    },
    "properties": {
    "name":"中國文化大學 大恩館",
    "address":"華岡路55號",
    "district_code":63000110,
    "type":"學校、大型集會場所",
    "subtype":"大專院校",
    "AED_location":"曉峰紀念館(圖書館)",
    "district":"士林區"
    }
  },
  {
    "type": "Feature",
    "geometry": {
       "type": "Point",
       "coordinates":  [ 121.515469,25.040363 ]
    },
    "properties": {
    "name":"台北二二八紀念館",
    "address":"凱達格蘭大道3號",
    "district_code":63000050,
    "type":"大型休閒場所",
    "subtype":"博物館",
    "AED_location":"1樓服務台",
    "district":"中正區"
    }
  },
  {
    "type": "Feature",
    "geometry": {
       "type": "Point",
       "coordinates":  [ 121.540131,25.159213 ]
    },
    "properties": {
    "name":"陽明公園",
    "address":"湖山路2段26號",
    "district_code":63000120,
    "type":"其他",
    "subtype":"其他場所",
    "AED_location":"遊客服務中心",
    "district":"北投區"
    }
  },
  {
    "type": "Feature",
    "geometry": {
       "type": "Point",
       "coordinates":  [ 121.536225,25.116617 ]
    },
    "properties": {
    "name":"臺北市立臺北特殊教育學校",
    "address":"忠誠路二段207巷3號",
    "district_code":63000110,
    "type":"學校、大型集會場所",
    "subtype":"高中職",
    "AED_location":"一樓健康中心",
    "district":"士林區"
    }
  },
  {
    "type": "Feature",
    "geometry": {
       "type": "Point",
       "coordinates":  [ 121.506935,25.042065 ]
    },
    "properties": {
    "name":"財團法人台北市文化基金會西門紅樓",
    "address":"成都路10號1樓",
    "district_code":63000070,
    "type":"其他",
    "subtype":"其他場所",
    "AED_location":"西門紅樓八角樓",
    "district":"萬華區"
    }
  },
  {
    "type": "Feature",
    "geometry": {
       "type": "Point",
       "coordinates":  [ 121.546276,25.094004 ]
    },
    "properties": {
    "name":"東吳大學(雙溪校區)",
    "address":"臨溪路70號",
    "district_code":63000110,
    "type":"學校、大型集會場所",
    "subtype":"大專院校",
    "AED_location":"第一教研大樓門口",
    "district":"士林區"
    }
  },
  {
    "type": "Feature",
    "geometry": {
       "type": "Point",
       "coordinates":  [ 121.535564,25.113749 ]
    },
    "properties": {
    "name":"天母運動場區網球場",
    "address":"忠誠路二段77號",
    "district_code":63000110,
    "type":"其他",
    "subtype":"其他場所",
    "AED_location":"網球場辦公室南側大門旁",
    "district":"士林區"
    }
  },
  {
    "type": "Feature",
    "geometry": {
       "type": "Point",
       "coordinates":  [ 121.518299,25.095829 ]
    },
    "properties": {
    "name":"臺北市立天文科學教育館",
    "address":"基河路363號",
    "district_code":63000110,
    "type":"大型休閒場所",
    "subtype":"博物館",
    "AED_location":"一樓大廳哺集乳室旁",
    "district":"士林區"
    }
  },
  {
    "type": "Feature",
    "geometry": {
       "type": "Point",
       "coordinates":  [ 121.506825,25.028629 ]
    },
    "properties": {
    "name":"南機場臨時攤販集中場",
    "address":"中華路2段313巷30號1樓",
    "district_code":63000050,
    "type":"其他",
    "subtype":"其他場所",
    "AED_location":"南機場夜市自治會辦公室(台北市中華路2段309巷26號)",
    "district":"中正區"
    }
  },
  {
    "type": "Feature",
    "geometry": {
       "type": "Point",
       "coordinates":  [ 121.471433,25.119378 ]
    },
    "properties": {
    "name":"關渡自然公園",
    "address":"關渡路55號",
    "district_code":63000120,
    "type":"觀光旅遊地區",
    "subtype":"地方政府主管風景區",
    "AED_location":"自然中心一樓",
    "district":"北投區"
    }
  },
  {
    "type": "Feature",
    "geometry": {
       "type": "Point",
       "coordinates":  [ 121.528283,25.02603 ]
    },
    "properties": {
    "name":"國立臺灣師範大學校本部(和平東路1段162號) ",
    "address":"和平東路1段162號",
    "district_code":63000030,
    "type":"學校、大型集會場所",
    "subtype":"大專院校",
    "AED_location":"本校游泳館內",
    "district":"大安區"
    }
  },
  {
    "type": "Feature",
    "geometry": {
       "type": "Point",
       "coordinates":  [ 121.542336,25.054729 ]
    },
    "properties": {
    "name":"臺北市公有長春市場",
    "address":"長春路299號",
    "district_code":63000040,
    "type":"其他",
    "subtype":"其他場所",
    "AED_location":"長春路側出入口",
    "district":"中山區"
    }
  },
  {
    "type": "Feature",
    "geometry": {
       "type": "Point",
       "coordinates":  [ 121.565177,25.050271 ]
    },
    "properties": {
    "name":"統一綜合證券股份有限公司",
    "address":"東興路8號1樓",
    "district_code":63000010,
    "type":"其他",
    "subtype":"其他場所",
    "AED_location":"1樓大廳",
    "district":"松山區"
    }
  },
  {
    "type": "Feature",
    "geometry": {
       "type": "Point",
       "coordinates":  [ 121.613095,25.042905 ]
    },
    "properties": {
    "name":"中央研究院",
    "address":"研究院路2段128號",
    "district_code":63000090,
    "type":"其他",
    "subtype":"其他場所",
    "AED_location":"綜合體育館大廳",
    "district":"南港區"
    }
  },
  {
    "type": "Feature",
    "geometry": {
       "type": "Point",
       "coordinates":  [ 121.5941194,25.0614696 ]
    },
    "properties": {
    "name":"中國信託商業銀行 (行政大樓)",
    "address":"安康路22巷33號",
    "district_code":63000100,
    "type":"其他",
    "subtype":"其他場所",
    "AED_location":"行政大樓大廳",
    "district":"內湖區"
    }
  },
  {
    "type": "Feature",
    "geometry": {
       "type": "Point",
       "coordinates":  [ 121.525078,25.040115 ]
    },
    "properties": {
    "name":"教育部第三辦公室",
    "address":"徐州路48-1號",
    "district_code":63000050,
    "type":"其他",
    "subtype":"其他場所",
    "AED_location":"2樓大廳正面左側",
    "district":"中正區"
    }
  },
  {
    "type": "Feature",
    "geometry": {
       "type": "Point",
       "coordinates":  [ 121.5287632,25.12302961 ]
    },
    "properties": {
    "name":"合作金庫商業銀行-員工訓練中心",
    "address":"中山北路七段81巷49號",
    "district_code":63000110,
    "type":"其他",
    "subtype":"其他場所",
    "AED_location":"1樓警衛櫃台前",
    "district":"士林區"
    }
  },
  {
    "type": "Feature",
    "geometry": {
       "type": "Point",
       "coordinates":  [ 121.5190018,25.0523135 ]
    },
    "properties": {
    "name":"臺北市立大同幼兒園",
    "address":"南京西路64巷9弄8號",
    "district_code":63000060,
    "type":"其他",
    "subtype":"其他場所",
    "AED_location":"臺北市立大同幼兒園內的接送室走廊處",
    "district":"大同區"
    }
  },
  {
    "type": "Feature",
    "geometry": {
       "type": "Point",
       "coordinates":  [ 121.514231,25.114965 ]
    },
    "properties": {
    "name":"臺北市立石牌國民中學",
    "address":"石牌路一段139號",
    "district_code":63000120,
    "type":"學校、大型集會場所",
    "subtype":"國中",
    "AED_location":"操場內的司令台後方",
    "district":"北投區"
    }
  },
  {
    "type": "Feature",
    "geometry": {
       "type": "Point",
       "coordinates":  [ 121.5134161,25.0468931 ]
    },
    "properties": {
    "name":"凱基證券(台開大樓)",
    "address":"重慶南路1段2號14樓",
    "district_code":63000050,
    "type":"其他",
    "subtype":"其他場所",
    "AED_location":"台開大樓14樓",
    "district":"中正區"
    }
  },
  {
    "type": "Feature",
    "geometry": {
       "type": "Point",
       "coordinates":  [ 121.568314,25.036882 ]
    },
    "properties": {
    "name":"台北遠百信義A13威秀影城",
    "address":"松仁路58號10樓",
    "district_code":63000020,
    "type":"大型購物場所",
    "subtype":"商場",
    "AED_location":"售票大廳",
    "district":"信義區"
    }
  },
  {
    "type": "Feature",
    "geometry": {
       "type": "Point",
       "coordinates":  [ 121.528664,25.025765 ]
    },
    "properties": {
    "name":"國立臺灣師範大學校本部(師大路11號) ",
    "address":"師大路11號",
    "district_code":63000030,
    "type":"學校、大型集會場所",
    "subtype":"大專院校",
    "AED_location":"校本部男一舍1樓",
    "district":"大安區"
    }
  },
  {
    "type": "Feature",
    "geometry": {
       "type": "Point",
       "coordinates":  [ 121.50674,25.047075 ]
    },
    "properties": {
    "name":"臺北市萬華運動中心",
    "address":"西寧南路6-1號",
    "district_code":63000070,
    "type":"學校、大型集會場所",
    "subtype":"健身中心",
    "AED_location":"3F",
    "district":"萬華區"
    }
  },
  {
    "type": "Feature",
    "geometry": {
       "type": "Point",
       "coordinates":  [ 121.5550488,25.02174455 ]
    },
    "properties": {
    "name":"體育客體適能學院",
    "address":"和平東路三段246號1樓",
    "district_code":63000030,
    "type":"其他",
    "subtype":"其他場所",
    "AED_location":"大廳",
    "district":"大安區"
    }
  },
  {
    "type": "Feature",
    "geometry": {
       "type": "Point",
       "coordinates":  [ 121.5515646,25.0411234 ]
    },
    "properties": {
    "name":"洛碁大飯店忠孝館",
    "address":"忠孝東路四段180號",
    "district_code":63000030,
    "type":"旅宿場所",
    "subtype":"旅館",
    "AED_location":"本館4樓",
    "district":"大安區"
    }
  },
  {
    "type": "Feature",
    "geometry": {
       "type": "Point",
       "coordinates":  [ 121.544388,25.060561 ]
    },
    "properties": {
    "name":"臺灣集中保管結算所股份有限公司",
    "address":"復興北路363號2樓",
    "district_code":63000010,
    "type":"其他",
    "subtype":"其他場所",
    "AED_location":"台北市松山區復興北路365號2樓",
    "district":"松山區"
    }
  },
  {
    "type": "Feature",
    "geometry": {
       "type": "Point",
       "coordinates":  [ 121.613095,25.042905 ]
    },
    "properties": {
    "name":"中央研究院",
    "address":"研究院路2段128號",
    "district_code":63000090,
    "type":"其他",
    "subtype":"其他場所",
    "AED_location":"學術活動中心",
    "district":"南港區"
    }
  },
  {
    "type": "Feature",
    "geometry": {
       "type": "Point",
       "coordinates":  [ 121.51669,25.060161 ]
    },
    "properties": {
    "name":"臺北市大同區雙蓮國民小學",
    "address":"錦西街51號",
    "district_code":63000060,
    "type":"其他",
    "subtype":"其他場所",
    "AED_location":"警衛室",
    "district":"大同區"
    }
  },
  {
    "type": "Feature",
    "geometry": {
       "type": "Point",
       "coordinates":  [ 121.517002,25.047916 ]
    },
    "properties": {
    "name":"台灣高速鐵路(股)公司-台北車站",
    "address":"北平西路3號",
    "district_code":63000050,
    "type":"交通要衝",
    "subtype":"高鐵站",
    "AED_location":"一月台站務室北側柱面",
    "district":"中正區"
    }
  },
  {
    "type": "Feature",
    "geometry": {
       "type": "Point",
       "coordinates":  [ 121.517002,25.047916 ]
    },
    "properties": {
    "name":"台灣高速鐵路(股)公司-台北車站",
    "address":"北平西路3號",
    "district_code":63000050,
    "type":"交通要衝",
    "subtype":"高鐵站",
    "AED_location":"二月台站務室北側柱面",
    "district":"中正區"
    }
  },
  {
    "type": "Feature",
    "geometry": {
       "type": "Point",
       "coordinates":  [ 121.61647,25.057297 ]
    },
    "properties": {
    "name":"台灣高速鐵路公司",
    "address":"經貿二路66號",
    "district_code":63000090,
    "type":"長距離交通工具",
    "subtype":"高鐵",
    "AED_location":"11號車列車長室(6.7車間)",
    "district":"南港區"
    }
  },
  {
    "type": "Feature",
    "geometry": {
       "type": "Point",
       "coordinates":  [ 121.61647,25.057297 ]
    },
    "properties": {
    "name":"台灣高速鐵路公司",
    "address":"經貿二路66號",
    "district_code":63000090,
    "type":"長距離交通工具",
    "subtype":"高鐵",
    "AED_location":"23號車列車長室(6.7車間)",
    "district":"南港區"
    }
  },
  {
    "type": "Feature",
    "geometry": {
       "type": "Point",
       "coordinates":  [ 121.61647,25.057297 ]
    },
    "properties": {
    "name":"台灣高速鐵路公司",
    "address":"經貿二路66號",
    "district_code":63000090,
    "type":"長距離交通工具",
    "subtype":"高鐵",
    "AED_location":"25號車列車長室(6.7車間)",
    "district":"南港區"
    }
  },
  {
    "type": "Feature",
    "geometry": {
       "type": "Point",
       "coordinates":  [ 121.61647,25.057297 ]
    },
    "properties": {
    "name":"台灣高速鐵路公司",
    "address":"經貿二路66號",
    "district_code":63000090,
    "type":"長距離交通工具",
    "subtype":"高鐵",
    "AED_location":"16號車列車長室(6.7車間)",
    "district":"南港區"
    }
  },
  {
    "type": "Feature",
    "geometry": {
       "type": "Point",
       "coordinates":  [ 121.61647,25.057297 ]
    },
    "properties": {
    "name":"台灣高速鐵路公司",
    "address":"經貿二路66號",
    "district_code":63000090,
    "type":"長距離交通工具",
    "subtype":"高鐵",
    "AED_location":"20號車列車長室(6.7車間)",
    "district":"南港區"
    }
  },
  {
    "type": "Feature",
    "geometry": {
       "type": "Point",
       "coordinates":  [ 121.61647,25.057297 ]
    },
    "properties": {
    "name":"台灣高速鐵路公司",
    "address":"經貿二路66號",
    "district_code":63000090,
    "type":"長距離交通工具",
    "subtype":"高鐵",
    "AED_location":"4號車列車長室(6.7車間)",
    "district":"南港區"
    }
  },
  {
    "type": "Feature",
    "geometry": {
       "type": "Point",
       "coordinates":  [ 121.61647,25.057297 ]
    },
    "properties": {
    "name":"台灣高速鐵路公司",
    "address":"經貿二路66號",
    "district_code":63000090,
    "type":"長距離交通工具",
    "subtype":"高鐵",
    "AED_location":"6號車列車長室(6.7車間)",
    "district":"南港區"
    }
  },
  {
    "type": "Feature",
    "geometry": {
       "type": "Point",
       "coordinates":  [ 121.61647,25.057297 ]
    },
    "properties": {
    "name":"台灣高速鐵路公司",
    "address":"經貿二路66號",
    "district_code":63000090,
    "type":"長距離交通工具",
    "subtype":"高鐵",
    "AED_location":"30號車列車長室(6.7車間)",
    "district":"南港區"
    }
  },
  {
    "type": "Feature",
    "geometry": {
       "type": "Point",
       "coordinates":  [ 121.61647,25.057297 ]
    },
    "properties": {
    "name":"台灣高速鐵路公司",
    "address":"經貿二路66號",
    "district_code":63000090,
    "type":"長距離交通工具",
    "subtype":"高鐵",
    "AED_location":"26號車列車長室(6.7車間)",
    "district":"南港區"
    }
  },
  {
    "type": "Feature",
    "geometry": {
       "type": "Point",
       "coordinates":  [ 121.61647,25.057297 ]
    },
    "properties": {
    "name":"台灣高速鐵路公司",
    "address":"經貿二路66號",
    "district_code":63000090,
    "type":"長距離交通工具",
    "subtype":"高鐵",
    "AED_location":"21號車列車長室(6.7車間)",
    "district":"南港區"
    }
  },
  {
    "type": "Feature",
    "geometry": {
       "type": "Point",
       "coordinates":  [ 121.61647,25.057297 ]
    },
    "properties": {
    "name":"台灣高速鐵路公司",
    "address":"經貿二路66號",
    "district_code":63000090,
    "type":"長距離交通工具",
    "subtype":"高鐵",
    "AED_location":"29號車列車長室(6.7車間)",
    "district":"南港區"
    }
  },
  {
    "type": "Feature",
    "geometry": {
       "type": "Point",
       "coordinates":  [ 121.61647,25.057297 ]
    },
    "properties": {
    "name":"台灣高速鐵路公司",
    "address":"經貿二路66號",
    "district_code":63000090,
    "type":"長距離交通工具",
    "subtype":"高鐵",
    "AED_location":"9號車列車長室(6.7車間)",
    "district":"南港區"
    }
  },
  {
    "type": "Feature",
    "geometry": {
       "type": "Point",
       "coordinates":  [ 121.61647,25.057297 ]
    },
    "properties": {
    "name":"台灣高速鐵路公司",
    "address":"經貿二路66號",
    "district_code":63000090,
    "type":"長距離交通工具",
    "subtype":"高鐵",
    "AED_location":"32號車列車長室(6.7車間)",
    "district":"南港區"
    }
  },
  {
    "type": "Feature",
    "geometry": {
       "type": "Point",
       "coordinates":  [ 121.61647,25.057297 ]
    },
    "properties": {
    "name":"台灣高速鐵路公司",
    "address":"經貿二路66號",
    "district_code":63000090,
    "type":"長距離交通工具",
    "subtype":"高鐵",
    "AED_location":"33號車列車長室(6.7車間)",
    "district":"南港區"
    }
  },
  {
    "type": "Feature",
    "geometry": {
       "type": "Point",
       "coordinates":  [ 121.616403,25.057065 ]
    },
    "properties": {
    "name":"台灣高鐵 營運列車",
    "address":"經貿二路66號",
    "district_code":63000090,
    "type":"交通要衝",
    "subtype":"高鐵站",
    "AED_location":"34號車列車長室(6.7車間)",
    "district":"南港區"
    }
  },
  {
    "type": "Feature",
    "geometry": {
       "type": "Point",
       "coordinates":  [ 121.61647,25.057297 ]
    },
    "properties": {
    "name":"台灣高速鐵路公司",
    "address":"經貿二路66號",
    "district_code":63000090,
    "type":"長距離交通工具",
    "subtype":"高鐵",
    "AED_location":"10號車列車長室(6.7車間)",
    "district":"南港區"
    }
  },
  {
    "type": "Feature",
    "geometry": {
       "type": "Point",
       "coordinates":  [ 121.61647,25.057297 ]
    },
    "properties": {
    "name":"台灣高速鐵路公司",
    "address":"經貿二路66號",
    "district_code":63000090,
    "type":"長距離交通工具",
    "subtype":"高鐵",
    "AED_location":"18號車列車長室(6.7車間)",
    "district":"南港區"
    }
  },
  {
    "type": "Feature",
    "geometry": {
       "type": "Point",
       "coordinates":  [ 121.61647,25.057297 ]
    },
    "properties": {
    "name":"台灣高速鐵路公司",
    "address":"經貿二路66號",
    "district_code":63000090,
    "type":"長距離交通工具",
    "subtype":"高鐵",
    "AED_location":"2號車列車長室(6.7車間)",
    "district":"南港區"
    }
  },
  {
    "type": "Feature",
    "geometry": {
       "type": "Point",
       "coordinates":  [ 121.61647,25.057297 ]
    },
    "properties": {
    "name":"台灣高速鐵路公司",
    "address":"經貿二路66號",
    "district_code":63000090,
    "type":"長距離交通工具",
    "subtype":"高鐵",
    "AED_location":"31號車列車長室(6.7車間)",
    "district":"南港區"
    }
  },
  {
    "type": "Feature",
    "geometry": {
       "type": "Point",
       "coordinates":  [ 121.61647,25.057297 ]
    },
    "properties": {
    "name":"台灣高速鐵路公司",
    "address":"經貿二路66號",
    "district_code":63000090,
    "type":"長距離交通工具",
    "subtype":"高鐵",
    "AED_location":"27號車列車長室(6.7車間)",
    "district":"南港區"
    }
  },
  {
    "type": "Feature",
    "geometry": {
       "type": "Point",
       "coordinates":  [ 121.61647,25.057297 ]
    },
    "properties": {
    "name":"台灣高速鐵路公司",
    "address":"經貿二路66號",
    "district_code":63000090,
    "type":"長距離交通工具",
    "subtype":"高鐵",
    "AED_location":"12號車列車長室(6.7車間)",
    "district":"南港區"
    }
  },
  {
    "type": "Feature",
    "geometry": {
       "type": "Point",
       "coordinates":  [ 121.61647,25.057297 ]
    },
    "properties": {
    "name":"台灣高速鐵路公司",
    "address":"經貿二路66號",
    "district_code":63000090,
    "type":"長距離交通工具",
    "subtype":"高鐵",
    "AED_location":"15號車列車長室(6.7車間)",
    "district":"南港區"
    }
  },
  {
    "type": "Feature",
    "geometry": {
       "type": "Point",
       "coordinates":  [ 121.61647,25.057297 ]
    },
    "properties": {
    "name":"台灣高速鐵路公司",
    "address":"經貿二路66號",
    "district_code":63000090,
    "type":"長距離交通工具",
    "subtype":"高鐵",
    "AED_location":"7號車列車長室(6.7車間)",
    "district":"南港區"
    }
  },
  {
    "type": "Feature",
    "geometry": {
       "type": "Point",
       "coordinates":  [ 121.61647,25.057297 ]
    },
    "properties": {
    "name":"台灣高速鐵路公司",
    "address":"經貿二路66號",
    "district_code":63000090,
    "type":"長距離交通工具",
    "subtype":"高鐵",
    "AED_location":"28號車列車長室(6.7車間)",
    "district":"南港區"
    }
  },
  {
    "type": "Feature",
    "geometry": {
       "type": "Point",
       "coordinates":  [ 121.61647,25.057297 ]
    },
    "properties": {
    "name":"台灣高速鐵路公司",
    "address":"經貿二路66號",
    "district_code":63000090,
    "type":"長距離交通工具",
    "subtype":"高鐵",
    "AED_location":"22號車列車長室(6.7車間)",
    "district":"南港區"
    }
  },
  {
    "type": "Feature",
    "geometry": {
       "type": "Point",
       "coordinates":  [ 121.61647,25.057297 ]
    },
    "properties": {
    "name":"台灣高速鐵路公司",
    "address":"經貿二路66號",
    "district_code":63000090,
    "type":"長距離交通工具",
    "subtype":"高鐵",
    "AED_location":"14號車列車長室(6.7車間)",
    "district":"南港區"
    }
  },
  {
    "type": "Feature",
    "geometry": {
       "type": "Point",
       "coordinates":  [ 121.61647,25.057297 ]
    },
    "properties": {
    "name":"台灣高速鐵路公司",
    "address":"經貿二路66號",
    "district_code":63000090,
    "type":"長距離交通工具",
    "subtype":"高鐵",
    "AED_location":"13號車列車長室(6.7車間)",
    "district":"南港區"
    }
  },
  {
    "type": "Feature",
    "geometry": {
       "type": "Point",
       "coordinates":  [ 121.61647,25.057297 ]
    },
    "properties": {
    "name":"台灣高速鐵路公司",
    "address":"經貿二路66號",
    "district_code":63000090,
    "type":"長距離交通工具",
    "subtype":"高鐵",
    "AED_location":"24號車列車長室(6.7車間)",
    "district":"南港區"
    }
  },
  {
    "type": "Feature",
    "geometry": {
       "type": "Point",
       "coordinates":  [ 121.61647,25.057297 ]
    },
    "properties": {
    "name":"台灣高速鐵路公司",
    "address":"經貿二路66號",
    "district_code":63000090,
    "type":"長距離交通工具",
    "subtype":"高鐵",
    "AED_location":"19號車列車長室(6.7車間)",
    "district":"南港區"
    }
  },
  {
    "type": "Feature",
    "geometry": {
       "type": "Point",
       "coordinates":  [ 121.61647,25.057297 ]
    },
    "properties": {
    "name":"台灣高速鐵路公司",
    "address":"經貿二路66號",
    "district_code":63000090,
    "type":"長距離交通工具",
    "subtype":"高鐵",
    "AED_location":"3號車列車長室(6.7車間)",
    "district":"南港區"
    }
  },
  {
    "type": "Feature",
    "geometry": {
       "type": "Point",
       "coordinates":  [ 121.61647,25.057297 ]
    },
    "properties": {
    "name":"台灣高速鐵路公司",
    "address":"經貿二路66號",
    "district_code":63000090,
    "type":"長距離交通工具",
    "subtype":"高鐵",
    "AED_location":"1號車列車長室(6.7車間)",
    "district":"南港區"
    }
  },
  {
    "type": "Feature",
    "geometry": {
       "type": "Point",
       "coordinates":  [ 121.61647,25.057297 ]
    },
    "properties": {
    "name":"台灣高速鐵路公司",
    "address":"經貿二路66號",
    "district_code":63000090,
    "type":"長距離交通工具",
    "subtype":"高鐵",
    "AED_location":"5號車列車長室(6.7車間)",
    "district":"南港區"
    }
  },
  {
    "type": "Feature",
    "geometry": {
       "type": "Point",
       "coordinates":  [ 121.61647,25.057297 ]
    },
    "properties": {
    "name":"台灣高速鐵路公司",
    "address":"經貿二路66號",
    "district_code":63000090,
    "type":"長距離交通工具",
    "subtype":"高鐵",
    "AED_location":"17號車列車長室(6.7車間)",
    "district":"南港區"
    }
  },
  {
    "type": "Feature",
    "geometry": {
       "type": "Point",
       "coordinates":  [ 121.61647,25.057297 ]
    },
    "properties": {
    "name":"台灣高速鐵路公司",
    "address":"經貿二路66號",
    "district_code":63000090,
    "type":"長距離交通工具",
    "subtype":"高鐵",
    "AED_location":"8號車列車長室(6.7車間)",
    "district":"南港區"
    }
  },
  {
    "type": "Feature",
    "geometry": {
       "type": "Point",
       "coordinates":  [ 121.537041,25.046084 ]
    },
    "properties": {
    "name":"慈濟中山八德聯絡處",
    "address":"八德路二段118號",
    "district_code":63000040,
    "type":"其他",
    "subtype":"其他場所",
    "AED_location":"一樓大廳",
    "district":"中山區"
    }
  },
  {
    "type": "Feature",
    "geometry": {
       "type": "Point",
       "coordinates":  [ 121.518767,25.101359 ]
    },
    "properties": {
    "name":"臺北高等行政法院",
    "address":"福國路101號",
    "district_code":63000110,
    "type":"學校、大型集會場所",
    "subtype":"法院",
    "AED_location":"本院1樓法警室",
    "district":"士林區"
    }
  },
  {
    "type": "Feature",
    "geometry": {
       "type": "Point",
       "coordinates":  [ 121.505068,25.136189 ]
    },
    "properties": {
    "name":"水美溫泉浴室企業股份有限公司",
    "address":"光明路224號",
    "district_code":63000120,
    "type":"大型公眾浴場或溫泉區",
    "subtype":"溫泉區",
    "AED_location":"大廳右方",
    "district":"北投區"
    }
  },
  {
    "type": "Feature",
    "geometry": {
       "type": "Point",
       "coordinates":  [ 121.509905,25.040018 ]
    },
    "properties": {
    "name":"最高法院-6樓東側",
    "address":"長沙街1段6號",
    "district_code":63000050,
    "type":"學校、大型集會場所",
    "subtype":"法院",
    "AED_location":"本院辦公室6樓東側電梯前空地",
    "district":"中正區"
    }
  },
  {
    "type": "Feature",
    "geometry": {
       "type": "Point",
       "coordinates":  [ 121.533924,25.11795 ]
    },
    "properties": {
    "name":"新光三越百貨股份有限公司台北天母分公司-一館",
    "address":"天母東路68號地下一樓.地上1樓至7樓",
    "district_code":63000110,
    "type":"大型購物場所",
    "subtype":"商場",
    "AED_location":"A棟6樓醫護室",
    "district":"士林區"
    }
  },
  {
    "type": "Feature",
    "geometry": {
       "type": "Point",
       "coordinates":  [ 121.546276,25.094004 ]
    },
    "properties": {
    "name":"東吳大學(雙溪校區)",
    "address":"臨溪路70號",
    "district_code":63000110,
    "type":"學校、大型集會場所",
    "subtype":"大專院校",
    "AED_location":"雙溪校區綜合大樓1樓軍訓室門口",
    "district":"士林區"
    }
  },
  {
    "type": "Feature",
    "geometry": {
       "type": "Point",
       "coordinates":  [ 121.509663,25.037856 ]
    },
    "properties": {
    "name":"東吳大學(城中校區)",
    "address":"貴陽街1段56號",
    "district_code":63000050,
    "type":"學校、大型集會場所",
    "subtype":"大專院校",
    "AED_location":"第六大樓門口",
    "district":"中正區"
    }
  },
  {
    "type": "Feature",
    "geometry": {
       "type": "Point",
       "coordinates":  [ 121.562439,25.035255 ]
    },
    "properties": {
    "name":"豐隆大飯店股份有限公司(台北君悅酒店)1樓商務中心",
    "address":"松壽路2號",
    "district_code":63000020,
    "type":"旅宿場所",
    "subtype":"飯店",
    "AED_location":"5樓健身中心",
    "district":"信義區"
    }
  },
  {
    "type": "Feature",
    "geometry": {
       "type": "Point",
       "coordinates":  [ 121.547821,25.101359 ]
    },
    "properties": {
    "name":"故宮晶華股份有限公司",
    "address":"至善路二段221號",
    "district_code":63000110,
    "type":"其他",
    "subtype":"其他場所",
    "AED_location":"故宮晶華股份有限公司",
    "district":"士林區"
    }
  },
  {
    "type": "Feature",
    "geometry": {
       "type": "Point",
       "coordinates":  [ 121.517081,25.047924 ]
    },
    "properties": {
    "name":"交通部臺灣鐵路管理局臺北運務段臺北站",
    "address":"北平西路3號1樓",
    "district_code":63000050,
    "type":"交通要衝",
    "subtype":"台鐵車站",
    "AED_location":"1F值班站長室旁",
    "district":"中正區"
    }
  },
  {
    "type": "Feature",
    "geometry": {
       "type": "Point",
       "coordinates":  [ 121.517081,25.047924 ]
    },
    "properties": {
    "name":"交通部臺灣鐵路管理局臺北運務段臺北站",
    "address":"北平西路3號1樓",
    "district_code":63000050,
    "type":"交通要衝",
    "subtype":"台鐵車站",
    "AED_location":"B3F捷運共構轉乘處候車休息區內",
    "district":"中正區"
    }
  },
  {
    "type": "Feature",
    "geometry": {
       "type": "Point",
       "coordinates":  [ 121.527551,25.086068 ]
    },
    "properties": {
    "name":"銘傳大學台北校區(士林區中山北路5段)",
    "address":"中山北路5段250號",
    "district_code":63000110,
    "type":"學校、大型集會場所",
    "subtype":"大專院校",
    "AED_location":"A棟學務處1樓誠實商店",
    "district":"士林區"
    }
  },
  {
    "type": "Feature",
    "geometry": {
       "type": "Point",
       "coordinates":  [ 121.509762,25.116473 ]
    },
    "properties": {
    "name":"臺北市北投運動中心",
    "address":"石牌路1段39巷100號",
    "district_code":63000120,
    "type":"學校、大型集會場所",
    "subtype":"健身中心",
    "AED_location":"5F大廳樓梯旁",
    "district":"北投區"
    }
  },
  {
    "type": "Feature",
    "geometry": {
       "type": "Point",
       "coordinates":  [ 121.505393,25.043788 ]
    },
    "properties": {
    "name":"今日秀泰影城",
    "address":"峨眉街52號",
    "district_code":63000070,
    "type":"大型休閒場所",
    "subtype":"電影片映演場所(戲院、電影院)",
    "AED_location":"四樓大廳休息區",
    "district":"萬華區"
    }
  },
  {
    "type": "Feature",
    "geometry": {
       "type": "Point",
       "coordinates":  [ 121.516883,25.037241 ]
    },
    "properties": {
    "name":"國家圖書館",
    "address":"中山南路20號",
    "district_code":63000050,
    "type":"大型休閒場所",
    "subtype":"圖書館",
    "AED_location":"入口左側",
    "district":"中正區"
    }
  },
  {
    "type": "Feature",
    "geometry": {
       "type": "Point",
       "coordinates":  [ 121.542015,24.990124 ]
    },
    "properties": {
    "name":"臺北市立圖書館景新分館",
    "address":"景後街151號5-10樓",
    "district_code":63000080,
    "type":"其他",
    "subtype":"其他場所",
    "AED_location":"7樓的落地窗旁",
    "district":"文山區"
    }
  },
  {
    "type": "Feature",
    "geometry": {
       "type": "Point",
       "coordinates":  [ 121.510763,25.039805 ]
    },
    "properties": {
    "name":"臺灣高等法院民事庭大廈",
    "address":"貴陽路1段233號",
    "district_code":63000050,
    "type":"學校、大型集會場所",
    "subtype":"法院",
    "AED_location":"1樓大廳",
    "district":"中正區"
    }
  },
  {
    "type": "Feature",
    "geometry": {
       "type": "Point",
       "coordinates":  [ 121.581036,24.998347 ]
    },
    "properties": {
    "name":"臺北市立動物園",
    "address":"新光路二段30號",
    "district_code":63000080,
    "type":"其他",
    "subtype":"其他場所",
    "AED_location":"新光特展館",
    "district":"文山區"
    }
  },
  {
    "type": "Feature",
    "geometry": {
       "type": "Point",
       "coordinates":  [ 121.509748,25.040388 ]
    },
    "properties": {
    "name":"臺灣臺北地方法院寶慶院區",
    "address":"長沙街一段27號",
    "district_code":63000050,
    "type":"學校、大型集會場所",
    "subtype":"法院",
    "AED_location":"一樓孺慕堂大門入口左側",
    "district":"中正區"
    }
  },
  {
    "type": "Feature",
    "geometry": {
       "type": "Point",
       "coordinates":  [ 121.518555,25.064848 ]
    },
    "properties": {
    "name":"三德觀光大飯店股份有限公司",
    "address":"承德路3段49號",
    "district_code":63000060,
    "type":"旅宿場所",
    "subtype":"飯店",
    "AED_location":"一樓大廳",
    "district":"大同區"
    }
  },
  {
    "type": "Feature",
    "geometry": {
       "type": "Point",
       "coordinates":  [ 121.552742,25.06369 ]
    },
    "properties": {
    "name":"交通部民用航空局臺北國際航空站(松山機場)",
    "address":"敦化北路340-9號",
    "district_code":63000010,
    "type":"交通要衝",
    "subtype":"機場",
    "AED_location":"國際線報到大廳",
    "district":"松山區"
    }
  },
  {
    "type": "Feature",
    "geometry": {
       "type": "Point",
       "coordinates":  [ 121.552742,25.06369 ]
    },
    "properties": {
    "name":"交通部民用航空局臺北國際航空站(松山機場)",
    "address":"敦化北路340-9號",
    "district_code":63000010,
    "type":"交通要衝",
    "subtype":"機場",
    "AED_location":"國際線共用貴賓室",
    "district":"松山區"
    }
  },
  {
    "type": "Feature",
    "geometry": {
       "type": "Point",
       "coordinates":  [ 121.552742,25.06369 ]
    },
    "properties": {
    "name":"交通部民用航空局臺北國際航空站(松山機場)",
    "address":"敦化北路340-9號",
    "district_code":63000010,
    "type":"交通要衝",
    "subtype":"機場",
    "AED_location":"國際線3樓入境廊道-6號入境門對面",
    "district":"松山區"
    }
  },
  {
    "type": "Feature",
    "geometry": {
       "type": "Point",
       "coordinates":  [ 121.552742,25.06369 ]
    },
    "properties": {
    "name":"交通部民用航空局臺北國際航空站(松山機場)",
    "address":"敦化北路340-9號",
    "district_code":63000010,
    "type":"交通要衝",
    "subtype":"機場",
    "AED_location":"國際線入境證照查驗大廳",
    "district":"松山區"
    }
  },
  {
    "type": "Feature",
    "geometry": {
       "type": "Point",
       "coordinates":  [ 121.552742,25.06369 ]
    },
    "properties": {
    "name":"交通部民用航空局臺北國際航空站(松山機場)",
    "address":"敦化北路340-9號",
    "district_code":63000010,
    "type":"交通要衝",
    "subtype":"機場",
    "AED_location":"國際線入境大廳",
    "district":"松山區"
    }
  },
  {
    "type": "Feature",
    "geometry": {
       "type": "Point",
       "coordinates":  [ 121.538016,25.026078 ]
    },
    "properties": {
    "name":"中國文化大學推廣教育部 大夏館",
    "address":"建國南路2段231號1樓",
    "district_code":63000030,
    "type":"學校、大型集會場所",
    "subtype":"大專院校",
    "AED_location":"大夏館一樓,C樓梯梯間",
    "district":"大安區"
    }
  },
  {
    "type": "Feature",
    "geometry": {
       "type": "Point",
       "coordinates":  [ 121.559901,25.044363 ]
    },
    "properties": {
    "name":"松山文創園區",
    "address":"光復南路133號",
    "district_code":63000020,
    "type":"觀光旅遊地區",
    "subtype":"文化園區",
    "AED_location":"辦公區",
    "district":"信義區"
    }
  },
  {
    "type": "Feature",
    "geometry": {
       "type": "Point",
       "coordinates":  [ 121.552742,25.06369 ]
    },
    "properties": {
    "name":"交通部民用航空局臺北國際航空站(松山機場)",
    "address":"敦化北路340-9號",
    "district_code":63000010,
    "type":"交通要衝",
    "subtype":"機場",
    "AED_location":"國際線入境行李提領大廳",
    "district":"松山區"
    }
  },
  {
    "type": "Feature",
    "geometry": {
       "type": "Point",
       "coordinates":  [ 121.526707,25.034539 ]
    },
    "properties": {
    "name":"臺北市公有東門市場",
    "address":"信義路二段81號",
    "district_code":63000050,
    "type":"其他",
    "subtype":"其他場所",
    "AED_location":"自治會辦公室",
    "district":"中正區"
    }
  },
  {
    "type": "Feature",
    "geometry": {
       "type": "Point",
       "coordinates":  [ 121.518569,25.048786 ]
    },
    "properties": {
    "name":"臺北轉運站",
    "address":"市民大道一段209號1樓",
    "district_code":63000060,
    "type":"交通要衝",
    "subtype":"轉運站",
    "AED_location":"1樓大廳",
    "district":"大同區"
    }
  },
  {
    "type": "Feature",
    "geometry": {
       "type": "Point",
       "coordinates":  [ 121.521326,25.054844 ]
    },
    "properties": {
    "name":"臺北市中山運動中心",
    "address":"中山北路2段44巷2號",
    "district_code":63000040,
    "type":"學校、大型集會場所",
    "subtype":"健身中心",
    "AED_location":"2樓健身房旁",
    "district":"中山區"
    }
  },
  {
    "type": "Feature",
    "geometry": {
       "type": "Point",
       "coordinates":  [ 121.519995,25.045221 ]
    },
    "properties": {
    "name":"監察院",
    "address":"忠孝東路一段2號",
    "district_code":63000050,
    "type":"其他",
    "subtype":"其他場所",
    "AED_location":"大門入口",
    "district":"中正區"
    }
  },
  {
    "type": "Feature",
    "geometry": {
       "type": "Point",
       "coordinates":  [ 121.510304,25.050395 ]
    },
    "properties": {
    "name":"立偉電子股份有限公司",
    "address":"鄭州路139號3樓",
    "district_code":63000060,
    "type":"其他",
    "subtype":"其他場所",
    "AED_location":"3樓辦公室內",
    "district":"大同區"
    }
  },
  {
    "type": "Feature",
    "geometry": {
       "type": "Point",
       "coordinates":  [ 121.557636,25.06304 ]
    },
    "properties": {
    "name":"華信航空股份有限公司",
    "address":"台北市松山區敦化北路405巷123弄3號",
    "district_code":63000010,
    "type":"長距離交通工具",
    "subtype":"航空器",
    "AED_location":"B-16858飛機",
    "district":"松山區"
    }
  },
  {
    "type": "Feature",
    "geometry": {
       "type": "Point",
       "coordinates":  [ 121.56405,25.041589 ]
    },
    "properties": {
    "name":"全真概念健康事業股份有限公司-忠孝分公司",
    "address":"忠孝東路4段563號地下一樓",
    "district_code":63000020,
    "type":"其他",
    "subtype":"其他場所",
    "AED_location":"地下一樓教練部櫃檯旁",
    "district":"信義區"
    }
  },
  {
    "type": "Feature",
    "geometry": {
       "type": "Point",
       "coordinates":  [ 121.563104,24.98512 ]
    },
    "properties": {
    "name":"忠順里辦公處",
    "address":"興隆路四段145巷30號",
    "district_code":63000080,
    "type":"其他",
    "subtype":"其他場所",
    "AED_location":"興隆路四段145巷30號",
    "district":"文山區"
    }
  },
  {
    "type": "Feature",
    "geometry": {
       "type": "Point",
       "coordinates":  [ 121.5431,25.063482 ]
    },
    "properties": {
    "name":"臺北市立五常國民中學",
    "address":"復興北路430巷1號",
    "district_code":63000040,
    "type":"其他",
    "subtype":"其他場所",
    "AED_location":"1樓東側川堂男廁旁",
    "district":"中山區"
    }
  },
  {
    "type": "Feature",
    "geometry": {
       "type": "Point",
       "coordinates":  [ 121.537773,25.11374 ]
    },
    "properties": {
    "name":"臺北市職能發展學院",
    "address":"士東路301號",
    "district_code":63000110,
    "type":"其他",
    "subtype":"其他場所",
    "AED_location":"行政大樓1樓志工服務台旁",
    "district":"士林區"
    }
  },
  {
    "type": "Feature",
    "geometry": {
       "type": "Point",
       "coordinates":  [ 121.521713,25.026785 ]
    },
    "properties": {
    "name":"全真概念健康事業股份有限公司-古亭館",
    "address":"和平西路一段2號",
    "district_code":63000050,
    "type":"學校、大型集會場所",
    "subtype":"健身房",
    "AED_location":"1F櫃檯旁",
    "district":"中正區"
    }
  },
  {
    "type": "Feature",
    "geometry": {
       "type": "Point",
       "coordinates":  [ 121.558469,25.0309321 ]
    },
    "properties": {
    "name":"越練越好運動事業有限公司",
    "address":"基隆路二段51號B1",
    "district_code":63000020,
    "type":"學校、大型集會場所",
    "subtype":"大專院校",
    "AED_location":"櫃檯",
    "district":"信義區"
    }
  },
  {
    "type": "Feature",
    "geometry": {
       "type": "Point",
       "coordinates":  [ 121.51669,25.060161 ]
    },
    "properties": {
    "name":"臺北市大同區雙蓮國民小學",
    "address":"錦西街51號",
    "district_code":63000060,
    "type":"其他",
    "subtype":"其他場所",
    "AED_location":"活動中心三樓",
    "district":"大同區"
    }
  },
  {
    "type": "Feature",
    "geometry": {
       "type": "Point",
       "coordinates":  [ 121.51417,25.094378 ]
    },
    "properties": {
    "name":"交通部公路總局台北市區監理所士林監理站",
    "address":"承德路5段80號",
    "district_code":63000110,
    "type":"其他",
    "subtype":"其他場所",
    "AED_location":"行政大樓1樓",
    "district":"士林區"
    }
  },
  {
    "type": "Feature",
    "geometry": {
       "type": "Point",
       "coordinates":  [ 121.543183,25.101946 ]
    },
    "properties": {
    "name":"臺北市至善老人安養護中心",
    "address":"仰德大道二段二巷50號",
    "district_code":63000110,
    "type":"其他",
    "subtype":"其他場所",
    "AED_location":"安養3樓服務台前",
    "district":"士林區"
    }
  },
  {
    "type": "Feature",
    "geometry": {
       "type": "Point",
       "coordinates":  [ 121.504667,25.135224 ]
    },
    "properties": {
    "name":"漾館時尚溫泉飯店",
    "address":"溫泉路63號",
    "district_code":63000120,
    "type":"大型公眾浴場或溫泉區",
    "subtype":"溫泉區",
    "AED_location":"大廳公廁前方",
    "district":"北投區"
    }
  },
  {
    "type": "Feature",
    "geometry": {
       "type": "Point",
       "coordinates":  [ 121.565225,25.086706 ]
    },
    "properties": {
    "name":"德明財經科技大學(綜合大樓)",
    "address":"環山路1段56號",
    "district_code":63000100,
    "type":"學校、大型集會場所",
    "subtype":"大專院校",
    "AED_location":"又新樓1樓電梯旁",
    "district":"內湖區"
    }
  },
  {
    "type": "Feature",
    "geometry": {
       "type": "Point",
       "coordinates":  [ 121.508675,25.137023 ]
    },
    "properties": {
    "name":"北投公園露天溫泉浴池",
    "address":"中山路6號旁",
    "district_code":63000120,
    "type":"大型公眾浴場或溫泉區",
    "subtype":"大型公眾浴場",
    "AED_location":"整容區",
    "district":"北投區"
    }
  },
  {
    "type": "Feature",
    "geometry": {
       "type": "Point",
       "coordinates":  [ 121.550707,25.071722 ]
    },
    "properties": {
    "name":"民航人員訓練所",
    "address":"濱江街362號",
    "district_code":63000010,
    "type":"其他",
    "subtype":"其他場所",
    "AED_location":"105教室前面",
    "district":"松山區"
    }
  },
  {
    "type": "Feature",
    "geometry": {
       "type": "Point",
       "coordinates":  [ 121.525715,25.019752 ]
    },
    "properties": {
    "name":"臺北市客家文化主題公園",
    "address":"汀州路3段2號",
    "district_code":63000050,
    "type":"觀光旅遊地區",
    "subtype":"文化園區",
    "AED_location":"客家文化中心",
    "district":"中正區"
    }
  },
  {
    "type": "Feature",
    "geometry": {
       "type": "Point",
       "coordinates":  [ 121.534463,25.016323 ]
    },
    "properties": {
    "name":"國立臺灣大學(校總區)",
    "address":"羅斯福路4段1號",
    "district_code":63000030,
    "type":"學校、大型集會場所",
    "subtype":"大專院校",
    "AED_location":"工學院綜合大樓",
    "district":"大安區"
    }
  },
  {
    "type": "Feature",
    "geometry": {
       "type": "Point",
       "coordinates":  [ 121.575345,25.080302 ]
    },
    "properties": {
    "name":"全真概念健康事業股份有限公司-內湖分公司",
    "address":"內湖路1段659號B1",
    "district_code":63000100,
    "type":"學校、大型集會場所",
    "subtype":"健身房",
    "AED_location":"電腦訂課區",
    "district":"內湖區"
    }
  },
  {
    "type": "Feature",
    "geometry": {
       "type": "Point",
       "coordinates":  [ 121.565225,25.086706 ]
    },
    "properties": {
    "name":"德明財經科技大學(綜合大樓)",
    "address":"環山路1段56號",
    "district_code":63000100,
    "type":"學校、大型集會場所",
    "subtype":"大專院校",
    "AED_location":"綜合大樓學務處衛保組",
    "district":"內湖區"
    }
  },
  {
    "type": "Feature",
    "geometry": {
       "type": "Point",
       "coordinates":  [ 121.544145,25.033176 ]
    },
    "properties": {
    "name":"香港商世界健身事業有限公司大安分公司",
    "address":"信義路四段6號3樓",
    "district_code":63000030,
    "type":"學校、大型集會場所",
    "subtype":"健身房",
    "AED_location":"健身中心三樓入口大廳",
    "district":"大安區"
    }
  },
  {
    "type": "Feature",
    "geometry": {
       "type": "Point",
       "coordinates":  [ 121.565225,25.086706 ]
    },
    "properties": {
    "name":"德明財經科技大學(綜合大樓)",
    "address":"環山路1段56號",
    "district_code":63000100,
    "type":"學校、大型集會場所",
    "subtype":"大專院校",
    "AED_location":"綜合大樓六樓重量訓練室門口處",
    "district":"內湖區"
    }
  },
  {
    "type": "Feature",
    "geometry": {
       "type": "Point",
       "coordinates":  [ 121.575257,25.000284 ]
    },
    "properties": {
    "name":"博嘉運動公園",
    "address":"木柵路4段159巷16號",
    "district_code":63000080,
    "type":"學校、大型集會場所",
    "subtype":"健身中心",
    "AED_location":"1F服務臺後方",
    "district":"文山區"
    }
  },
  {
    "type": "Feature",
    "geometry": {
       "type": "Point",
       "coordinates":  [ 121.51669,25.060161 ]
    },
    "properties": {
    "name":"臺北市大同區雙蓮國民小學",
    "address":"錦西街51號",
    "district_code":63000060,
    "type":"其他",
    "subtype":"其他場所",
    "AED_location":"健康中心內",
    "district":"大同區"
    }
  },
  {
    "type": "Feature",
    "geometry": {
       "type": "Point",
       "coordinates":  [ 121.5151256,25.0295551 ]
    },
    "properties": {
    "name":"台北 NPO 聚落",
    "address":"重慶南路三段2號",
    "district_code":63000050,
    "type":"學校、大型集會場所",
    "subtype":"大專院校",
    "AED_location":"四樓櫃檯旁",
    "district":"中正區"
    }
  },
  {
    "type": "Feature",
    "geometry": {
       "type": "Point",
       "coordinates":  [ 121.5071659,25.0841054 ]
    },
    "properties": {
    "name":"葫蘆國小-鷹萬游泳學苑",
    "address":"環河北路三段95號1F",
    "district_code":63000110,
    "type":"學校、大型集會場所",
    "subtype":"健身中心",
    "AED_location":"救生員辦公室",
    "district":"士林區"
    }
  },
  {
    "type": "Feature",
    "geometry": {
       "type": "Point",
       "coordinates":  [ 121.506936,25.02386 ]
    },
    "properties": {
    "name":"臺北市萬華親子館",
    "address":"水源路199號2樓",
    "district_code":63000070,
    "type":"其他",
    "subtype":"其他場所",
    "AED_location":"服務台左側",
    "district":"萬華區"
    }
  },
  {
    "type": "Feature",
    "geometry": {
       "type": "Point",
       "coordinates":  [ 121.501879,25.036768 ]
    },
    "properties": {
    "name":"剝皮寮歷史街區西側",
    "address":"廣州街151號",
    "district_code":63000070,
    "type":"觀光旅遊地區",
    "subtype":"文化園區",
    "AED_location":"遊客諮詢中心",
    "district":"萬華區"
    }
  },
  {
    "type": "Feature",
    "geometry": {
       "type": "Point",
       "coordinates":  [ 121.6148153,25.0598354 ]
    },
    "properties": {
    "name":"南港老爺行旅",
    "address":"台北市南港區經貿二路196號10樓",
    "district_code":63000090,
    "type":"旅宿場所",
    "subtype":"旅館",
    "AED_location":"10樓健身房",
    "district":"南港區"
    }
  },
  {
    "type": "Feature",
    "geometry": {
       "type": "Point",
       "coordinates":  [ 121.581036,24.998347 ]
    },
    "properties": {
    "name":"臺北市立動物園",
    "address":"新光路二段30號",
    "district_code":63000080,
    "type":"其他",
    "subtype":"其他場所",
    "AED_location":"爬蟲館",
    "district":"文山區"
    }
  },
  {
    "type": "Feature",
    "geometry": {
       "type": "Point",
       "coordinates":  [ 121.490958,25.03022 ]
    },
    "properties": {
    "name":"臺北市立大理高級中學",
    "address":"長順街2號",
    "district_code":63000070,
    "type":"學校、大型集會場所",
    "subtype":"高中職",
    "AED_location":"勤學樓穿堂",
    "district":"萬華區"
    }
  },
  {
    "type": "Feature",
    "geometry": {
       "type": "Point",
       "coordinates":  [ 121.587484,25.03652 ]
    },
    "properties": {
    "name":"松山慈惠堂",
    "address":"福德街251巷33號",
    "district_code":63000020,
    "type":"其他",
    "subtype":"其他場所",
    "AED_location":"義消辦公室外左側",
    "district":"信義區"
    }
  },
  {
    "type": "Feature",
    "geometry": {
       "type": "Point",
       "coordinates":  [ 121.607058,25.053216 ]
    },
    "properties": {
    "name":"國營臺灣鐵路股份有限公司北區營運處臺北運務段 南港站",
    "address":"南港路1段313號",
    "district_code":63000090,
    "type":"交通要衝",
    "subtype":"台鐵車站",
    "AED_location":"南港火車站B2營運層旅客出口處",
    "district":"南港區"
    }
  },
  {
    "type": "Feature",
    "geometry": {
       "type": "Point",
       "coordinates":  [ 121.554888,25.051478 ]
    },
    "properties": {
    "name":"臺北市松山區美仁里里民活動場所(久石讓大樓)",
    "address":"南京東路4段118號",
    "district_code":63000010,
    "type":"其他",
    "subtype":"其他場所",
    "AED_location":"南京東路4段118號",
    "district":"松山區"
    }
  },
  {
    "type": "Feature",
    "geometry": {
       "type": "Point",
       "coordinates":  [ 121.587484,25.03652 ]
    },
    "properties": {
    "name":"松山慈惠堂",
    "address":"福德街251巷33號",
    "district_code":63000020,
    "type":"其他",
    "subtype":"其他場所",
    "AED_location":"文昌帝君殿左側",
    "district":"信義區"
    }
  },
  {
    "type": "Feature",
    "geometry": {
       "type": "Point",
       "coordinates":  [ 121.564602,24.983651 ]
    },
    "properties": {
    "name":"財團法人台北市木柵忠順廟",
    "address":"中崙路13號",
    "district_code":63000080,
    "type":"其他",
    "subtype":"其他場所",
    "AED_location":"大廳金紙放置旁",
    "district":"文山區"
    }
  },
  {
    "type": "Feature",
    "geometry": {
       "type": "Point",
       "coordinates":  [ 121.55412,25.048789 ]
    },
    "properties": {
    "name":"寧安街8號1樓",
    "address":"寧安街8號1樓",
    "district_code":63000010,
    "type":"其他",
    "subtype":"其他場所",
    "AED_location":"寧安街8號1樓",
    "district":"松山區"
    }
  },
  {
    "type": "Feature",
    "geometry": {
       "type": "Point",
       "coordinates":  [ 121.55344,25.048342 ]
    },
    "properties": {
    "name":"臺北市松山區美仁里里民活動場所(敦北傑座大樓)",
    "address":"八德路3段97號",
    "district_code":63000010,
    "type":"其他",
    "subtype":"其他場所",
    "AED_location":"八德路3段97號",
    "district":"松山區"
    }
  },
  {
    "type": "Feature",
    "geometry": {
       "type": "Point",
       "coordinates":  [ 121.553489,25.05076 ]
    },
    "properties": {
    "name":"臺北市松山區美仁里里民活動場所(敦傑大樓)",
    "address":"南京東路4段52巷8號",
    "district_code":63000010,
    "type":"其他",
    "subtype":"其他場所",
    "AED_location":"南京東路4段52巷8號",
    "district":"松山區"
    }
  },
  {
    "type": "Feature",
    "geometry": {
       "type": "Point",
       "coordinates":  [ 121.552842,25.050896 ]
    },
    "properties": {
    "name":"臺北市松山區美仁里里民活動場所(祥園)",
    "address":"北寧路66---66-1號",
    "district_code":63000010,
    "type":"其他",
    "subtype":"其他場所",
    "AED_location":"北寧路66---66-1號",
    "district":"松山區"
    }
  },
  {
    "type": "Feature",
    "geometry": {
       "type": "Point",
       "coordinates":  [ 121.553013,25.050614 ]
    },
    "properties": {
    "name":"臺北市松山區美仁里里民活動場所(敦化林園大樓)",
    "address":"北寧路62號",
    "district_code":63000010,
    "type":"其他",
    "subtype":"其他場所",
    "AED_location":"北寧路62號",
    "district":"松山區"
    }
  },
  {
    "type": "Feature",
    "geometry": {
       "type": "Point",
       "coordinates":  [ 121.552728,25.048393 ]
    },
    "properties": {
    "name":"臺北市松山區美仁里里民活動場所(詠堅商業大樓)",
    "address":"八德路3段27號",
    "district_code":63000010,
    "type":"其他",
    "subtype":"其他場所",
    "AED_location":"八德路3段27號",
    "district":"松山區"
    }
  },
  {
    "type": "Feature",
    "geometry": {
       "type": "Point",
       "coordinates":  [ 121.553028,25.048356 ]
    },
    "properties": {
    "name":"臺北市松山區美仁里里民活動場所 (福之鄉大廈)",
    "address":"八德路3段75號",
    "district_code":63000010,
    "type":"其他",
    "subtype":"其他場所",
    "AED_location":"八德路3段75號",
    "district":"松山區"
    }
  },
  {
    "type": "Feature",
    "geometry": {
       "type": "Point",
       "coordinates":  [ 121.551105,25.04807 ]
    },
    "properties": {
    "name":"安橋綜合設施管理服務",
    "address":"八德路三段20號10樓之1及之2",
    "district_code":63000010,
    "type":"其他",
    "subtype":"其他場所",
    "AED_location":"公司門口",
    "district":"松山區"
    }
  },
  {
    "type": "Feature",
    "geometry": {
       "type": "Point",
       "coordinates":  [ 121.564752,25.051193 ]
    },
    "properties": {
    "name":"Curves女性專用30分鐘健身中心南京三民店",
    "address":"南京東路5段202號3F-5",
    "district_code":63000010,
    "type":"學校、大型集會場所",
    "subtype":"健身房",
    "AED_location":"環狀運動區",
    "district":"松山區"
    }
  },
  {
    "type": "Feature",
    "geometry": {
       "type": "Point",
       "coordinates":  [ 121.560537,25.048609 ]
    },
    "properties": {
    "name":"李長榮化學工業股份有限公司",
    "address":"八德路4段85號3樓",
    "district_code":63000010,
    "type":"其他",
    "subtype":"其他場所",
    "AED_location":"85號3樓電梯旁",
    "district":"松山區"
    }
  },
  {
    "type": "Feature",
    "geometry": {
       "type": "Point",
       "coordinates":  [ 121.512032,25.06419 ]
    },
    "properties": {
    "name":"私立稻江商業職業學校",
    "address":"民權西路225巷24號",
    "district_code":63000060,
    "type":"學校、大型集會場所",
    "subtype":"高中職",
    "AED_location":"警衛室",
    "district":"大同區"
    }
  },
  {
    "type": "Feature",
    "geometry": {
       "type": "Point",
       "coordinates":  [ 121.51055,25.054862 ]
    },
    "properties": {
    "name":"臺北市藝文推廣處-大稻埕戲苑",
    "address":"迪化街一段21號8、9樓",
    "district_code":63000060,
    "type":"其他",
    "subtype":"其他場所",
    "AED_location":"9樓劇場服務台後方",
    "district":"大同區"
    }
  },
  {
    "type": "Feature",
    "geometry": {
       "type": "Point",
       "coordinates":  [ 121.511306,25.062724 ]
    },
    "properties": {
    "name":"臺北市大龍養護中心",
    "address":"民族西路105號1樓",
    "district_code":63000060,
    "type":"其他",
    "subtype":"其他場所",
    "AED_location":"1樓護理站",
    "district":"大同區"
    }
  },
  {
    "type": "Feature",
    "geometry": {
       "type": "Point",
       "coordinates":  [ 121.564067,25.051197 ]
    },
    "properties": {
    "name":"香港商世界健身事業有限公司南京分公司",
    "address":"南京東路5段196號1樓",
    "district_code":63000010,
    "type":"學校、大型集會場所",
    "subtype":"健身房",
    "AED_location":"一樓櫃檯",
    "district":"松山區"
    }
  },
  {
    "type": "Feature",
    "geometry": {
       "type": "Point",
       "coordinates":  [ 121.552742,25.06369 ]
    },
    "properties": {
    "name":"交通部民用航空局臺北國際航空站(松山機場)",
    "address":"敦化北路340-9號",
    "district_code":63000010,
    "type":"交通要衝",
    "subtype":"機場",
    "AED_location":"本站停車場",
    "district":"松山區"
    }
  },
  {
    "type": "Feature",
    "geometry": {
       "type": "Point",
       "coordinates":  [ 121.552742,25.06369 ]
    },
    "properties": {
    "name":"交通部民用航空局臺北國際航空站(松山機場)",
    "address":"敦化北路340-9號",
    "district_code":63000010,
    "type":"交通要衝",
    "subtype":"機場",
    "AED_location":"本站停車場",
    "district":"松山區"
    }
  },
  {
    "type": "Feature",
    "geometry": {
       "type": "Point",
       "coordinates":  [ 121.576145,25.073447 ]
    },
    "properties": {
    "name":"妮飛健身空間",
    "address":"瑞湖街99號",
    "district_code":63000100,
    "type":"學校、大型集會場所",
    "subtype":"健身房",
    "AED_location":"妮飛健身空間",
    "district":"內湖區"
    }
  },
  {
    "type": "Feature",
    "geometry": {
       "type": "Point",
       "coordinates":  [ 121.520876,25.038642 ]
    },
    "properties": {
    "name":"臺北市中正區東門國民小學",
    "address":"仁愛路一段2-4號",
    "district_code":63000050,
    "type":"其他",
    "subtype":"其他場所",
    "AED_location":"川堂",
    "district":"中正區"
    }
  },
  {
    "type": "Feature",
    "geometry": {
       "type": "Point",
       "coordinates":  [ 121.513358,25.062297 ]
    },
    "properties": {
    "name":"台北市私立崇生康復之家",
    "address":"重慶北路2段188號3樓",
    "district_code":63000060,
    "type":"其他",
    "subtype":"其他場所",
    "AED_location":"機構活動區",
    "district":"大同區"
    }
  },
  {
    "type": "Feature",
    "geometry": {
       "type": "Point",
       "coordinates":  [ 121.519159,25.040274 ]
    },
    "properties": {
    "name":"微風廣場實業股份有限公司台大分公司",
    "address":"中山南路7號B1",
    "district_code":63000050,
    "type":"大型購物場所",
    "subtype":"商場",
    "AED_location":"微風台大醫院商場服務台左側",
    "district":"中正區"
    }
  },
  {
    "type": "Feature",
    "geometry": {
       "type": "Point",
       "coordinates":  [ 121.5532909,25.04068859 ]
    },
    "properties": {
    "name":"陽昇牙醫診所",
    "address":"忠孝東路路四段216巷11弄6號3樓",
    "district_code":63000030,
    "type":"其他",
    "subtype":"其他場所",
    "AED_location":"台北市大安區仁愛路四段345巷15弄14號1樓",
    "district":"大安區"
    }
  },
  {
    "type": "Feature",
    "geometry": {
       "type": "Point",
       "coordinates":  [ 121.552742,25.06369 ]
    },
    "properties": {
    "name":"交通部民用航空局臺北國際航空站(松山機場)",
    "address":"敦化北路340-9號",
    "district_code":63000010,
    "type":"交通要衝",
    "subtype":"機場",
    "AED_location":"國際線2樓外候機室",
    "district":"松山區"
    }
  },
  {
    "type": "Feature",
    "geometry": {
       "type": "Point",
       "coordinates":  [ 121.538771,25.168429 ]
    },
    "properties": {
    "name":"臺北市湖田實驗國民小學",
    "address":"竹子湖路17-2號",
    "district_code":63000120,
    "type":"其他",
    "subtype":"其他場所",
    "AED_location":"1樓走廊校長室門口",
    "district":"北投區"
    }
  },
  {
    "type": "Feature",
    "geometry": {
       "type": "Point",
       "coordinates":  [ 121.509952,25.033752 ]
    },
    "properties": {
    "name":"中華民國紅十字會台灣省分會",
    "address":"博愛路230巷6號",
    "district_code":63000050,
    "type":"其他",
    "subtype":"其他場所",
    "AED_location":"走道",
    "district":"中正區"
    }
  },
  {
    "type": "Feature",
    "geometry": {
       "type": "Point",
       "coordinates":  [ 121.513674,25.106183 ]
    },
    "properties": {
    "name":"臺北市北投區文林國民小學",
    "address":"文林北路155號",
    "district_code":63000120,
    "type":"其他",
    "subtype":"其他場所",
    "AED_location":"警衛室內",
    "district":"北投區"
    }
  },
  {
    "type": "Feature",
    "geometry": {
       "type": "Point",
       "coordinates":  [ 121.466292,25.126631 ]
    },
    "properties": {
    "name":"臺北市北投區關渡國民小學",
    "address":"中央北路4段581號",
    "district_code":63000120,
    "type":"學校、大型集會場所",
    "subtype":"國小",
    "AED_location":"穿堂走廊",
    "district":"北投區"
    }
  },
  {
    "type": "Feature",
    "geometry": {
       "type": "Point",
       "coordinates":  [ 121.528366,25.031176 ]
    },
    "properties": {
    "name":"淡江大學台北校園",
    "address":"金華街199巷5號",
    "district_code":63000030,
    "type":"學校、大型集會場所",
    "subtype":"大專院校",
    "AED_location":"大門警衛台旁",
    "district":"大安區"
    }
  },
  {
    "type": "Feature",
    "geometry": {
       "type": "Point",
       "coordinates":  [ 121.51866,25.108023 ]
    },
    "properties": {
    "name":"臺北市立明德國民中學",
    "address":"明德路50號",
    "district_code":63000120,
    "type":"其他",
    "subtype":"其他場所",
    "AED_location":"四維樓1樓",
    "district":"北投區"
    }
  },
  {
    "type": "Feature",
    "geometry": {
       "type": "Point",
       "coordinates":  [ 121.528283,25.02603 ]
    },
    "properties": {
    "name":"國立臺灣師範大學校本部(和平東路1段162號) ",
    "address":"和平東路1段162號",
    "district_code":63000030,
    "type":"學校、大型集會場所",
    "subtype":"大專院校",
    "AED_location":"校本部樸大樓2樓",
    "district":"大安區"
    }
  },
  {
    "type": "Feature",
    "geometry": {
       "type": "Point",
       "coordinates":  [ 121.496669,25.137094 ]
    },
    "properties": {
    "name":"臺北市北投區文化國民小學",
    "address":"文化三路一號",
    "district_code":63000120,
    "type":"其他",
    "subtype":"其他場所",
    "AED_location":"學校正門穿堂",
    "district":"北投區"
    }
  },
  {
    "type": "Feature",
    "geometry": {
       "type": "Point",
       "coordinates":  [ 121.515496,25.057931 ]
    },
    "properties": {
    "name":"臺北市私立靜修高級中學",
    "address":"寧夏路59號",
    "district_code":63000060,
    "type":"學校、大型集會場所",
    "subtype":"高中職",
    "AED_location":"警衛室",
    "district":"大同區"
    }
  },
  {
    "type": "Feature",
    "geometry": {
       "type": "Point",
       "coordinates":  [ 121.469349,25.132457 ]
    },
    "properties": {
    "name":"國立臺北藝術大學_展演中心",
    "address":"學園路1號展演中心",
    "district_code":63000120,
    "type":"學校、大型集會場所",
    "subtype":"大專院校",
    "AED_location":"展演中心大門入口處",
    "district":"北投區"
    }
  },
  {
    "type": "Feature",
    "geometry": {
       "type": "Point",
       "coordinates":  [ 121.525007,25.104917 ]
    },
    "properties": {
    "name":"天母國際聯誼會",
    "address":"中山北路六段88號B1",
    "district_code":63000110,
    "type":"學校、大型集會場所",
    "subtype":"健身房",
    "AED_location":"B2游泳池旁",
    "district":"士林區"
    }
  },
  {
    "type": "Feature",
    "geometry": {
       "type": "Point",
       "coordinates":  [ 121.527422,25.120167 ]
    },
    "properties": {
    "name":"臺北市士林區天母國民小學",
    "address":"天玉街12號",
    "district_code":63000110,
    "type":"其他",
    "subtype":"其他場所",
    "AED_location":"警衛室內",
    "district":"士林區"
    }
  },
  {
    "type": "Feature",
    "geometry": {
       "type": "Point",
       "coordinates":  [ 121.5574794,25.05135843 ]
    },
    "properties": {
    "name":"體線運動工作室",
    "address":"南京東路4段186號6F之9",
    "district_code":63000010,
    "type":"學校、大型集會場所",
    "subtype":"健身房",
    "AED_location":"櫃檯",
    "district":"松山區"
    }
  },
  {
    "type": "Feature",
    "geometry": {
       "type": "Point",
       "coordinates":  [ 121.517002,25.047916 ]
    },
    "properties": {
    "name":"台灣高速鐵路(股)公司-台北車站",
    "address":"北平西路3號",
    "district_code":63000050,
    "type":"交通要衝",
    "subtype":"高鐵站",
    "AED_location":"B1西進候車區",
    "district":"中正區"
    }
  },
  {
    "type": "Feature",
    "geometry": {
       "type": "Point",
       "coordinates":  [ 121.54811,25.055711 ]
    },
    "properties": {
    "name":"台北文華東方酒店",
    "address":"敦化北路158號",
    "district_code":63000010,
    "type":"旅宿場所",
    "subtype":"飯店",
    "AED_location":"6F SPA 辦公室",
    "district":"松山區"
    }
  },
  {
    "type": "Feature",
    "geometry": {
       "type": "Point",
       "coordinates":  [ 121.548336,25.055726 ]
    },
    "properties": {
    "name":"台北文華東方酒店",
    "address":"敦化北路158號",
    "district_code":63000010,
    "type":"旅宿場所",
    "subtype":"飯店",
    "AED_location":"一樓客務部辦公室",
    "district":"松山區"
    }
  },
  {
    "type": "Feature",
    "geometry": {
       "type": "Point",
       "coordinates":  [ 121.548384,25.055779 ]
    },
    "properties": {
    "name":"台北文華東方酒店",
    "address":"敦化北路158號",
    "district_code":63000010,
    "type":"旅宿場所",
    "subtype":"飯店",
    "AED_location":"B3 安全辦公室",
    "district":"松山區"
    }
  },
  {
    "type": "Feature",
    "geometry": {
       "type": "Point",
       "coordinates":  [ 121.578673,25.048578 ]
    },
    "properties": {
    "name":"財團法人中華民國佛教慈濟慈善事業基金會-台北東區聯絡處",
    "address":"松隆路327號1樓",
    "district_code":63000020,
    "type":"其他",
    "subtype":"其他場所",
    "AED_location":"台北市信義區松隆路327號1樓",
    "district":"信義區"
    }
  },
  {
    "type": "Feature",
    "geometry": {
       "type": "Point",
       "coordinates":  [ 121.5139,25.062502 ]
    },
    "properties": {
    "name":"陽明海運股份有限公司台灣營業部",
    "address":"重慶北路2段243號",
    "district_code":63000060,
    "type":"其他",
    "subtype":"其他場所",
    "AED_location":"陽明海運重慶大樓一樓大廳",
    "district":"大同區"
    }
  },
  {
    "type": "Feature",
    "geometry": {
       "type": "Point",
       "coordinates":  [ 121.53504,25.040063 ]
    },
    "properties": {
    "name":"Fit Five Fitness",
    "address":"濟南路三段28號1樓",
    "district_code":63000030,
    "type":"學校、大型集會場所",
    "subtype":"健身房",
    "AED_location":"大門口",
    "district":"大安區"
    }
  },
  {
    "type": "Feature",
    "geometry": {
       "type": "Point",
       "coordinates":  [ 121.543139,25.048092 ]
    },
    "properties": {
    "name":"大地清旅旅店",
    "address":"長安東路2段246號4樓",
    "district_code":63000040,
    "type":"其他",
    "subtype":"其他場所",
    "AED_location":"4樓大廳",
    "district":"中山區"
    }
  },
  {
    "type": "Feature",
    "geometry": {
       "type": "Point",
       "coordinates":  [ 121.549653,25.151185 ]
    },
    "properties": {
    "name":"臺北市教師研習中心",
    "address":"建國街2號",
    "district_code":63000120,
    "type":"其他",
    "subtype":"其他場所",
    "AED_location":"研習大樓",
    "district":"北投區"
    }
  },
  {
    "type": "Feature",
    "geometry": {
       "type": "Point",
       "coordinates":  [ 121.499305,25.141693 ]
    },
    "properties": {
    "name":"家福股份有限公司北投分公司(家樂福北投店)",
    "address":"中和街366號B1F",
    "district_code":63000120,
    "type":"大型購物場所",
    "subtype":"商場",
    "AED_location":"B1F服務中心",
    "district":"北投區"
    }
  },
  {
    "type": "Feature",
    "geometry": {
       "type": "Point",
       "coordinates":  [ 121.540497,25.047436 ]
    },
    "properties": {
    "name":"臺北市朱崙老人公寓",
    "address":"龍江路15號4樓",
    "district_code":63000040,
    "type":"其他",
    "subtype":"其他場所",
    "AED_location":"朱崙老人公寓4樓大廳",
    "district":"中山區"
    }
  },
  {
    "type": "Feature",
    "geometry": {
       "type": "Point",
       "coordinates":  [ 121.555697,25.041247 ]
    },
    "properties": {
    "name":"交通部觀光署",
    "address":"忠孝東路4段290號9樓",
    "district_code":63000030,
    "type":"其他",
    "subtype":"其他場所",
    "AED_location":"6樓服務台",
    "district":"大安區"
    }
  },
  {
    "type": "Feature",
    "geometry": {
       "type": "Point",
       "coordinates":  [ 121.520956,25.046317 ]
    },
    "properties": {
    "name":"行政院",
    "address":"忠孝東路一段1號",
    "district_code":63000050,
    "type":"其他",
    "subtype":"其他場所",
    "AED_location":"1樓會客室",
    "district":"中正區"
    }
  },
  {
    "type": "Feature",
    "geometry": {
       "type": "Point",
       "coordinates":  [ 121.5614553,25.04260664 ]
    },
    "properties": {
    "name":"臺北大巨蛋",
    "address":"忠孝東路4段545號",
    "district_code":63000020,
    "type":"大型休閒場所",
    "subtype":"運動場館(如小巨蛋)",
    "AED_location":"巨蛋廣場B2",
    "district":"信義區"
    }
  },
  {
    "type": "Feature",
    "geometry": {
       "type": "Point",
       "coordinates":  [ 121.543397,25.041809 ]
    },
    "properties": {
    "name":"于賓診所",
    "address":"忠孝東路3段305號7樓之5",
    "district_code":63000030,
    "type":"其他",
    "subtype":"其他場所",
    "AED_location":"一診診療室",
    "district":"大安區"
    }
  },
  {
    "type": "Feature",
    "geometry": {
       "type": "Point",
       "coordinates":  [ 121.605298,25.062515 ]
    },
    "properties": {
    "name":"臺北市政府環境保護局內湖垃圾焚化廠",
    "address":"安康路290號",
    "district_code":63000100,
    "type":"其他",
    "subtype":"其他場所",
    "AED_location":"管理大樓1樓廠房電梯前",
    "district":"內湖區"
    }
  },
  {
    "type": "Feature",
    "geometry": {
       "type": "Point",
       "coordinates":  [ 121.549406,25.078776 ]
    },
    "properties": {
    "name":"臺北市中山區永安國民小學",
    "address":"明水路397巷19弄1號",
    "district_code":63000040,
    "type":"其他",
    "subtype":"其他場所",
    "AED_location":"健康中心前走廊",
    "district":"中山區"
    }
  },
  {
    "type": "Feature",
    "geometry": {
       "type": "Point",
       "coordinates":  [ 121.468879,25.133617 ]
    },
    "properties": {
    "name":"城市學校財團法人臺北城市科技大學",
    "address":"學園路2號",
    "district_code":63000120,
    "type":"學校、大型集會場所",
    "subtype":"大專院校",
    "AED_location":"財經大樓大廳",
    "district":"北投區"
    }
  },
  {
    "type": "Feature",
    "geometry": {
       "type": "Point",
       "coordinates":  [ 121.557636,25.06304 ]
    },
    "properties": {
    "name":"華信航空股份有限公司",
    "address":"台北市松山區敦化北路405巷123弄3號",
    "district_code":63000010,
    "type":"長距離交通工具",
    "subtype":"航空器",
    "AED_location":"B16855飛機",
    "district":"松山區"
    }
  },
  {
    "type": "Feature",
    "geometry": {
       "type": "Point",
       "coordinates":  [ 121.517358,25.068726 ]
    },
    "properties": {
    "name":"臺北市大龍老人住宅",
    "address":"民族西路105號4樓",
    "district_code":63000060,
    "type":"其他",
    "subtype":"其他場所",
    "AED_location":"臺北市大龍老人住宅",
    "district":"大同區"
    }
  },
  {
    "type": "Feature",
    "geometry": {
       "type": "Point",
       "coordinates":  [ 121.538886,25.038984 ]
    },
    "properties": {
    "name":"臺灣當代文化實驗場",
    "address":"建國南路一段177號",
    "district_code":63000030,
    "type":"其他",
    "subtype":"其他場所",
    "AED_location":"中正堂門口",
    "district":"大安區"
    }
  },
  {
    "type": "Feature",
    "geometry": {
       "type": "Point",
       "coordinates":  [ 121.495065,25.033203 ]
    },
    "properties": {
    "name":"糖部文化園區",
    "address":"大理街132-10號",
    "district_code":63000070,
    "type":"觀光旅遊地區",
    "subtype":"文化園區",
    "AED_location":"糖業文化展示館左邊大門入口右側",
    "district":"萬華區"
    }
  },
  {
    "type": "Feature",
    "geometry": {
       "type": "Point",
       "coordinates":  [ 121.557636,25.06304 ]
    },
    "properties": {
    "name":"華信航空股份有限公司",
    "address":"台北市松山區敦化北路405巷123弄3號",
    "district_code":63000010,
    "type":"長距離交通工具",
    "subtype":"航空器",
    "AED_location":"B16856飛機",
    "district":"松山區"
    }
  },
  {
    "type": "Feature",
    "geometry": {
       "type": "Point",
       "coordinates":  [ 121.5614553,25.04260664 ]
    },
    "properties": {
    "name":"臺北大巨蛋",
    "address":"忠孝東路4段545號",
    "district_code":63000020,
    "type":"大型休閒場所",
    "subtype":"運動場館(如小巨蛋)",
    "AED_location":"80米通廊",
    "district":"信義區"
    }
  },
  {
    "type": "Feature",
    "geometry": {
       "type": "Point",
       "coordinates":  [ 121.557636,25.06304 ]
    },
    "properties": {
    "name":"華信航空股份有限公司",
    "address":"台北市松山區敦化北路405巷123弄3號",
    "district_code":63000010,
    "type":"長距離交通工具",
    "subtype":"航空器",
    "AED_location":"B-16852飛機",
    "district":"松山區"
    }
  },
  {
    "type": "Feature",
    "geometry": {
       "type": "Point",
       "coordinates":  [ 121.577092,25.047184 ]
    },
    "properties": {
    "name":"台北府城隍廟",
    "address":"虎林街3號",
    "district_code":63000010,
    "type":"其他",
    "subtype":"其他場所",
    "AED_location":"福德正神旁",
    "district":"松山區"
    }
  },
  {
    "type": "Feature",
    "geometry": {
       "type": "Point",
       "coordinates":  [ 121.5614553,25.04260664 ]
    },
    "properties": {
    "name":"臺北大巨蛋",
    "address":"忠孝東路4段545號",
    "district_code":63000020,
    "type":"大型休閒場所",
    "subtype":"運動場館(如小巨蛋)",
    "AED_location":"GATE 7 出口",
    "district":"信義區"
    }
  },
  {
    "type": "Feature",
    "geometry": {
       "type": "Point",
       "coordinates":  [ 121.5614553,25.04260664 ]
    },
    "properties": {
    "name":"臺北大巨蛋",
    "address":"忠孝東路4段545號",
    "district_code":63000020,
    "type":"大型休閒場所",
    "subtype":"運動場館(如小巨蛋)",
    "AED_location":"GATE 8",
    "district":"信義區"
    }
  },
  {
    "type": "Feature",
    "geometry": {
       "type": "Point",
       "coordinates":  [ 121.5614553,25.04260664 ]
    },
    "properties": {
    "name":"臺北大巨蛋",
    "address":"忠孝東路4段545號",
    "district_code":63000020,
    "type":"大型休閒場所",
    "subtype":"運動場館(如小巨蛋)",
    "AED_location":"B1職場辦公室",
    "district":"信義區"
    }
  },
  {
    "type": "Feature",
    "geometry": {
       "type": "Point",
       "coordinates":  [ 121.469682,25.132518 ]
    },
    "properties": {
    "name":"國立臺北藝術大學_游泳館大門外",
    "address":"學園路1號游泳館大門外",
    "district_code":63000120,
    "type":"學校、大型集會場所",
    "subtype":"大專院校",
    "AED_location":"北藝大游泳館大門外",
    "district":"北投區"
    }
  },
  {
    "type": "Feature",
    "geometry": {
       "type": "Point",
       "coordinates":  [ 121.557636,25.06304 ]
    },
    "properties": {
    "name":"台灣虎航股份有限公司",
    "address":"敦化北路405巷123弄3號",
    "district_code":63000010,
    "type":"長距離交通工具",
    "subtype":"航空器",
    "AED_location":"B-50006航機, 第13排 DEF行李艙",
    "district":"松山區"
    }
  },
  {
    "type": "Feature",
    "geometry": {
       "type": "Point",
       "coordinates":  [ 121.5614553,25.04260664 ]
    },
    "properties": {
    "name":"臺北大巨蛋",
    "address":"忠孝東路4段545號",
    "district_code":63000020,
    "type":"大型休閒場所",
    "subtype":"運動場館(如小巨蛋)",
    "AED_location":"影城棟停車場1F出口",
    "district":"信義區"
    }
  },
  {
    "type": "Feature",
    "geometry": {
       "type": "Point",
       "coordinates":  [ 121.594819,25.080064 ]
    },
    "properties": {
    "name":"臺北市內湖區康寧國民小學",
    "address":"星雲街121號",
    "district_code":63000100,
    "type":"其他",
    "subtype":"其他場所",
    "AED_location":"活動中心平台",
    "district":"內湖區"
    }
  },
  {
    "type": "Feature",
    "geometry": {
       "type": "Point",
       "coordinates":  [ 121.557636,25.06304 ]
    },
    "properties": {
    "name":"華信航空股份有限公司",
    "address":"台北市松山區敦化北路405巷123弄3號",
    "district_code":63000010,
    "type":"長距離交通工具",
    "subtype":"航空器",
    "AED_location":"B-16853飛機",
    "district":"松山區"
    }
  },
  {
    "type": "Feature",
    "geometry": {
       "type": "Point",
       "coordinates":  [ 121.557636,25.06304 ]
    },
    "properties": {
    "name":"華信航空股份有限公司",
    "address":"台北市松山區敦化北路405巷123弄3號",
    "district_code":63000010,
    "type":"長距離交通工具",
    "subtype":"航空器",
    "AED_location":"B-16851飛機",
    "district":"松山區"
    }
  },
  {
    "type": "Feature",
    "geometry": {
       "type": "Point",
       "coordinates":  [ 121.557636,25.06304 ]
    },
    "properties": {
    "name":"華信航空股份有限公司",
    "address":"台北市松山區敦化北路405巷123弄3號",
    "district_code":63000010,
    "type":"長距離交通工具",
    "subtype":"航空器",
    "AED_location":"B16861飛機",
    "district":"松山區"
    }
  },
  {
    "type": "Feature",
    "geometry": {
       "type": "Point",
       "coordinates":  [ 121.5614553,25.04260664 ]
    },
    "properties": {
    "name":"臺北大巨蛋",
    "address":"忠孝東路4段545號",
    "district_code":63000020,
    "type":"大型休閒場所",
    "subtype":"運動場館(如小巨蛋)",
    "AED_location":"棒球博物館入口",
    "district":"信義區"
    }
  },
  {
    "type": "Feature",
    "geometry": {
       "type": "Point",
       "coordinates":  [ 121.557636,25.06304 ]
    },
    "properties": {
    "name":"華信航空股份有限公司",
    "address":"台北市松山區敦化北路405巷123弄3號",
    "district_code":63000010,
    "type":"長距離交通工具",
    "subtype":"航空器",
    "AED_location":"B16860飛機",
    "district":"松山區"
    }
  },
  {
    "type": "Feature",
    "geometry": {
       "type": "Point",
       "coordinates":  [ 121.505788,25.137067 ]
    },
    "properties": {
    "name":"凱達格蘭文化館",
    "address":"中山路3-1號",
    "district_code":63000120,
    "type":"大型休閒場所",
    "subtype":"博物館",
    "AED_location":"一樓大廳大門左側",
    "district":"北投區"
    }
  },
  {
    "type": "Feature",
    "geometry": {
       "type": "Point",
       "coordinates":  [ 121.507598,25.056367 ]
    },
    "properties": {
    "name":"台北市河濱自行車租借站大稻埕站",
    "address":"民生西路底，大稻埕疏散門進入，大稻埕碼頭旁。",
    "district_code":63000060,
    "type":"其他",
    "subtype":"其他場所",
    "AED_location":"大稻埕租車站貨櫃內",
    "district":"大同區"
    }
  },
  {
    "type": "Feature",
    "geometry": {
       "type": "Point",
       "coordinates":  [ 121.504435,25.019772 ]
    },
    "properties": {
    "name":"台北市河濱自行車租借站馬場町站",
    "address":"開車請由青年路底水源路交叉口，馬場疏散門進入。",
    "district_code":63000070,
    "type":"其他",
    "subtype":"其他場所",
    "AED_location":"櫃台右側",
    "district":"萬華區"
    }
  },
  {
    "type": "Feature",
    "geometry": {
       "type": "Point",
       "coordinates":  [ 121.528235,25.011213 ]
    },
    "properties": {
    "name":"台北市河濱自行車租借站景福站",
    "address":"自來水園區公館水岸廣場上(思源路底)永福橋旁",
    "district_code":63000050,
    "type":"其他",
    "subtype":"其他場所",
    "AED_location":"景福租借站內",
    "district":"中正區"
    }
  },
  {
    "type": "Feature",
    "geometry": {
       "type": "Point",
       "coordinates":  [ 121.580152,24.999429 ]
    },
    "properties": {
    "name":"台北市河濱自行車租借站木柵站",
    "address":"新光路2段，動物園前方道南河濱公園廣場上。",
    "district_code":63000080,
    "type":"其他",
    "subtype":"其他場所",
    "AED_location":"台北市河濱自行車租借站木柵站",
    "district":"文山區"
    }
  },
  {
    "type": "Feature",
    "geometry": {
       "type": "Point",
       "coordinates":  [ 121.570179,25.071062 ]
    },
    "properties": {
    "name":"台北市河濱自行車租借站觀山站",
    "address":"塔悠路轉入塔悠疏散門往大直橋方向，高速公路橋下方。",
    "district_code":63000060,
    "type":"其他",
    "subtype":"其他場所",
    "AED_location":"櫃檯後方",
    "district":"大同區"
    }
  },
  {
    "type": "Feature",
    "geometry": {
       "type": "Point",
       "coordinates":  [ 121.541101,25.07469 ]
    },
    "properties": {
    "name":"台北市河濱自行車租借站大佳站",
    "address":"大佳河濱公園九號水門旁",
    "district_code":63000010,
    "type":"其他",
    "subtype":"其他場所",
    "AED_location":"櫃檯後方",
    "district":"松山區"
    }
  },
  {
    "type": "Feature",
    "geometry": {
       "type": "Point",
       "coordinates":  [ 121.573795,25.052849 ]
    },
    "properties": {
    "name":"台北市河濱自行車租借站彩虹站",
    "address":"開車經越堤坡道(新湖2路與堤頂大道交會口臨河側附近)轉入河濱公園於麥帥一橋右岸下、步行由彩虹橋或行善路前往麥帥一橋右岸)",
    "district_code":63000010,
    "type":"其他",
    "subtype":"其他場所",
    "AED_location":"彩虹租車站內",
    "district":"松山區"
    }
  },
  {
    "type": "Feature",
    "geometry": {
       "type": "Point",
       "coordinates":  [ 121.558549,25.075376 ]
    },
    "properties": {
    "name":"台北市河濱自行車租借站美堤站",
    "address":"美堤疏散門(敬業三路底)進入後左轉，土坡曲道賽場旁。",
    "district_code":63000040,
    "type":"其他",
    "subtype":"其他場所",
    "AED_location":"台北市河濱自行車租借站美堤站",
    "district":"中山區"
    }
  },
  {
    "type": "Feature",
    "geometry": {
       "type": "Point",
       "coordinates":  [ 121.461888,25.12242 ]
    },
    "properties": {
    "name":"台北市河濱自行車租借站關渡站",
    "address":"知行路上，關渡宮北側，關渡碼頭旁。",
    "district_code":63000120,
    "type":"其他",
    "subtype":"其他場所",
    "AED_location":"櫃台右側",
    "district":"北投區"
    }
  },
  {
    "type": "Feature",
    "geometry": {
       "type": "Point",
       "coordinates":  [ 121.58005,25.035129 ]
    },
    "properties": {
    "name":"臺北市立松山高級商業家事職業學校",
    "address":"松山路655號",
    "district_code":63000020,
    "type":"學校、大型集會場所",
    "subtype":"高中職",
    "AED_location":"傳達室",
    "district":"信義區"
    }
  },
  {
    "type": "Feature",
    "geometry": {
       "type": "Point",
       "coordinates":  [ 121.554335,25.051284 ]
    },
    "properties": {
    "name":"臺北市松山區美仁里里民活動場所(3鄰鄰長住宅)",
    "address":"寧安街68巷15-1號1樓",
    "district_code":63000010,
    "type":"其他",
    "subtype":"其他場所",
    "AED_location":"寧安街68巷15-1號1樓",
    "district":"松山區"
    }
  },
  {
    "type": "Feature",
    "geometry": {
       "type": "Point",
       "coordinates":  [ 121.552833,25.050254 ]
    },
    "properties": {
    "name":"臺北市松山區美仁里里民活動場所(敦北園中園大樓)",
    "address":"北寧路58號",
    "district_code":63000010,
    "type":"其他",
    "subtype":"其他場所",
    "AED_location":"北寧路58號",
    "district":"松山區"
    }
  },
  {
    "type": "Feature",
    "geometry": {
       "type": "Point",
       "coordinates":  [ 121.554447,25.04992 ]
    },
    "properties": {
    "name":"育達學校財團法人臺北市私立育達高級中等學校",
    "address":"寧安街12號",
    "district_code":63000010,
    "type":"學校、大型集會場所",
    "subtype":"高中職",
    "AED_location":"學校健康中心",
    "district":"松山區"
    }
  },
  {
    "type": "Feature",
    "geometry": {
       "type": "Point",
       "coordinates":  [ 121.553517,25.049193 ]
    },
    "properties": {
    "name":"臺北市松山區美仁里里民活動場所",
    "address":"八德路3段99巷12-8號",
    "district_code":63000010,
    "type":"其他",
    "subtype":"其他場所",
    "AED_location":"八德路3段99巷12-8號1樓",
    "district":"松山區"
    }
  },
  {
    "type": "Feature",
    "geometry": {
       "type": "Point",
       "coordinates":  [ 121.532342,25.012506 ]
    },
    "properties": {
    "name":"臺北自來水園區環境教育中心",
    "address":"思源街1號",
    "district_code":63000050,
    "type":"觀光旅遊地區",
    "subtype":"地方政府主管風景區",
    "AED_location":"環教中心1樓",
    "district":"中正區"
    }
  },
  {
    "type": "Feature",
    "geometry": {
       "type": "Point",
       "coordinates":  [ 121.566594,25.046907 ]
    },
    "properties": {
    "name":"統一超商股份有限公司總公司",
    "address":"東興路65號2F",
    "district_code":63000020,
    "type":"其他",
    "subtype":"其他場所",
    "AED_location":"總公司辦公室2F",
    "district":"信義區"
    }
  },
  {
    "type": "Feature",
    "geometry": {
       "type": "Point",
       "coordinates":  [ 121.563409,25.051278 ]
    },
    "properties": {
    "name":"NisoroFit 台北南京三民店",
    "address":"南京東路五段176號",
    "district_code":63000010,
    "type":"學校、大型集會場所",
    "subtype":"健身房",
    "AED_location":"運動區",
    "district":"松山區"
    }
  },
  {
    "type": "Feature",
    "geometry": {
       "type": "Point",
       "coordinates":  [ 121.532141,25.010089 ]
    },
    "properties": {
    "name":"財團法人台北市文化基金會臺北市影視音實驗教育機構",
    "address":"汀州路三段230巷18弄5-2號",
    "district_code":63000050,
    "type":"其他",
    "subtype":"其他場所",
    "AED_location":"台北市中正區汀州路三段230巷18弄5-2號",
    "district":"中正區"
    }
  },
  {
    "type": "Feature",
    "geometry": {
       "type": "Point",
       "coordinates":  [ 121.524153,25.066547 ]
    },
    "properties": {
    "name":"欣葉國際餐飲-台灣料理創始店",
    "address":"雙城街34-1號",
    "district_code":63000040,
    "type":"其他",
    "subtype":"其他場所",
    "AED_location":"1樓門市入口處",
    "district":"中山區"
    }
  },
  {
    "type": "Feature",
    "geometry": {
       "type": "Point",
       "coordinates":  [ 121.538885,24.989488 ]
    },
    "properties": {
    "name":"臺北市私立滬江高級中學",
    "address":"羅斯福路六段336號",
    "district_code":63000080,
    "type":"學校、大型集會場所",
    "subtype":"高中職",
    "AED_location":"滬江高中信義樓一樓",
    "district":"文山區"
    }
  },
  {
    "type": "Feature",
    "geometry": {
       "type": "Point",
       "coordinates":  [ 121.54929,25.033942 ]
    },
    "properties": {
    "name":"國泰商旅股份有限公司敦南分公司(慕軒飯店)",
    "address":"敦化南路1段331號",
    "district_code":63000030,
    "type":"其他",
    "subtype":"其他場所",
    "AED_location":"一樓大廳走道",
    "district":"大安區"
    }
  },
  {
    "type": "Feature",
    "geometry": {
       "type": "Point",
       "coordinates":  [ 121.521127,25.085832 ]
    },
    "properties": {
    "name":"前港公園游泳池",
    "address":"前港街45號",
    "district_code":63000110,
    "type":"其他",
    "subtype":"其他場所",
    "AED_location":"入口大廳右側",
    "district":"士林區"
    }
  },
  {
    "type": "Feature",
    "geometry": {
       "type": "Point",
       "coordinates":  [ 121.580118,25.063894 ]
    },
    "properties": {
    "name":"台灣新光保全股份有限公司科技總部",
    "address":"行愛路128號1樓",
    "district_code":63000100,
    "type":"其他",
    "subtype":"其他場所",
    "AED_location":"大門入口右側",
    "district":"內湖區"
    }
  },
  {
    "type": "Feature",
    "geometry": {
       "type": "Point",
       "coordinates":  [ 121.578749,25.062436 ]
    },
    "properties": {
    "name":"台灣新光保全股份有限公司2館優勢領航大樓",
    "address":"新湖二路128號3樓",
    "district_code":63000100,
    "type":"其他",
    "subtype":"其他場所",
    "AED_location":"3樓左側屋內",
    "district":"內湖區"
    }
  },
  {
    "type": "Feature",
    "geometry": {
       "type": "Point",
       "coordinates":  [ 121.531079,25.01568 ]
    },
    "properties": {
    "name":"臺北市私立南華高級中學職業進修學校",
    "address":"汀州路三段58號",
    "district_code":63000050,
    "type":"學校、大型集會場所",
    "subtype":"高中職",
    "AED_location":"一樓川堂",
    "district":"中正區"
    }
  },
  {
    "type": "Feature",
    "geometry": {
       "type": "Point",
       "coordinates":  [ 121.536201,25.12634 ]
    },
    "properties": {
    "name":"財團法人台北市南海普陀山慧濟寺",
    "address":"中山北路七段190巷34-1號",
    "district_code":63000110,
    "type":"其他",
    "subtype":"其他場所",
    "AED_location":"寺務處門口",
    "district":"士林區"
    }
  },
  {
    "type": "Feature",
    "geometry": {
       "type": "Point",
       "coordinates":  [ 121.555829,25.038069 ]
    },
    "properties": {
    "name":"澤力有限公司",
    "address":"仁愛路四段407-1號",
    "district_code":63000030,
    "type":"其他",
    "subtype":"其他場所",
    "AED_location":"休息區",
    "district":"大安區"
    }
  },
  {
    "type": "Feature",
    "geometry": {
       "type": "Point",
       "coordinates":  [ 121.518681,25.063301 ]
    },
    "properties": {
    "name":"sky fitness",
    "address":"承德路三段9-1號",
    "district_code":63000060,
    "type":"其他",
    "subtype":"其他場所",
    "AED_location":"入口右手邊",
    "district":"大同區"
    }
  },
  {
    "type": "Feature",
    "geometry": {
       "type": "Point",
       "coordinates":  [ 121.495917,25.036439 ]
    },
    "properties": {
    "name":"臺北市萬華區龍山國民小學",
    "address":"和平西路3段235號",
    "district_code":63000070,
    "type":"其他",
    "subtype":"其他場所",
    "AED_location":"健康中心內",
    "district":"萬華區"
    }
  },
  {
    "type": "Feature",
    "geometry": {
       "type": "Point",
       "coordinates":  [ 121.551118,25.057665 ]
    },
    "properties": {
    "name":"長庚生物科技公司-身心靈轉化中心",
    "address":"民生東路4段54號1樓",
    "district_code":63000010,
    "type":"學校、大型集會場所",
    "subtype":"健身房",
    "AED_location":"健身房入口",
    "district":"松山區"
    }
  },
  {
    "type": "Feature",
    "geometry": {
       "type": "Point",
       "coordinates":  [ 121.50629,25.037743 ]
    },
    "properties": {
    "name":"家福股份有限公司台北桂林分公司(家樂福桂林店)",
    "address":"桂林路1號",
    "district_code":63000070,
    "type":"大型購物場所",
    "subtype":"賣場",
    "AED_location":"3F",
    "district":"萬華區"
    }
  },
  {
    "type": "Feature",
    "geometry": {
       "type": "Point",
       "coordinates":  [ 121.513807,25.059148 ]
    },
    "properties": {
    "name":"家福股份有限公司臺北重慶分公司(家樂福重慶店)",
    "address":"重慶北路二段171號",
    "district_code":63000060,
    "type":"大型購物場所",
    "subtype":"賣場",
    "AED_location":"B1收銀線",
    "district":"大同區"
    }
  },
  {
    "type": "Feature",
    "geometry": {
       "type": "Point",
       "coordinates":  [ 121.546893,25.041364 ]
    },
    "properties": {
    "name":"欣葉國際餐飲-台灣料理忠孝店",
    "address":"忠孝東路4段112號2樓",
    "district_code":63000030,
    "type":"其他",
    "subtype":"其他場所",
    "AED_location":"餐廳櫃檯前與#10桌間”大柱子”上",
    "district":"大安區"
    }
  },
  {
    "type": "Feature",
    "geometry": {
       "type": "Point",
       "coordinates":  [ 121.53308,25.112514 ]
    },
    "properties": {
    "name":"臺灣士林地方法院",
    "address":"士東路190號",
    "district_code":63000110,
    "type":"學校、大型集會場所",
    "subtype":"法院",
    "AED_location":"法警室門口",
    "district":"士林區"
    }
  },
  {
    "type": "Feature",
    "geometry": {
       "type": "Point",
       "coordinates":  [ 121.557174,25.053597 ]
    },
    "properties": {
    "name":"欣葉國際餐飲-日本料理健康店",
    "address":"健康路156號",
    "district_code":63000010,
    "type":"其他",
    "subtype":"其他場所",
    "AED_location":"餐廳入口處",
    "district":"松山區"
    }
  },
  {
    "type": "Feature",
    "geometry": {
       "type": "Point",
       "coordinates":  [ 121.52963,25.054721 ]
    },
    "properties": {
    "name":"臺北市中山區吉林國民小學",
    "address":"長春路116號",
    "district_code":63000040,
    "type":"其他",
    "subtype":"其他場所",
    "AED_location":"穿堂",
    "district":"中山區"
    }
  },
  {
    "type": "Feature",
    "geometry": {
       "type": "Point",
       "coordinates":  [ 121.4645596,25.12194737 ]
    },
    "properties": {
    "name":"馬偕學校財團法人馬偕醫護管理專科學校(關渡校區)",
    "address":"聖景路92號",
    "district_code":63000120,
    "type":"學校、大型集會場所",
    "subtype":"大專院校",
    "AED_location":"關渡校區慈輝樓1樓",
    "district":"北投區"
    }
  },
  {
    "type": "Feature",
    "geometry": {
       "type": "Point",
       "coordinates":  [ 121.524182,25.034768 ]
    },
    "properties": {
    "name":"臺北市私立金甌女子高級中學",
    "address":"杭州南路2段1號",
    "district_code":63000030,
    "type":"學校、大型集會場所",
    "subtype":"高中職",
    "AED_location":"警衛室",
    "district":"大安區"
    }
  },
  {
    "type": "Feature",
    "geometry": {
       "type": "Point",
       "coordinates":  [ 121.557636,25.06304 ]
    },
    "properties": {
    "name":"台灣虎航股份有限公司",
    "address":"敦化北路405巷123弄3號",
    "district_code":63000010,
    "type":"長距離交通工具",
    "subtype":"航空器",
    "AED_location":"B-50001航機，第13排 DEF行李艙",
    "district":"松山區"
    }
  },
  {
    "type": "Feature",
    "geometry": {
       "type": "Point",
       "coordinates":  [ 121.557636,25.06304 ]
    },
    "properties": {
    "name":"台灣虎航股份有限公司",
    "address":"敦化北路405巷123弄3號",
    "district_code":63000010,
    "type":"長距離交通工具",
    "subtype":"航空器",
    "AED_location":"B-50016航機, 第13排 DEF行李艙",
    "district":"松山區"
    }
  },
  {
    "type": "Feature",
    "geometry": {
       "type": "Point",
       "coordinates":  [ 121.50689,25.135921 ]
    },
    "properties": {
    "name":"日勝生加賀屋國際溫泉飯店",
    "address":"光明路236號",
    "district_code":63000120,
    "type":"大型公眾浴場或溫泉區",
    "subtype":"溫泉區",
    "AED_location":"5樓櫃台後方逃生口旁走道",
    "district":"北投區"
    }
  },
  {
    "type": "Feature",
    "geometry": {
       "type": "Point",
       "coordinates":  [ 121.466847,25.130315 ]
    },
    "properties": {
    "name":"國立臺北藝術大學_警衛室",
    "address":"學園路1號警衛室",
    "district_code":63000120,
    "type":"學校、大型集會場所",
    "subtype":"大專院校",
    "AED_location":"警衛室",
    "district":"北投區"
    }
  },
  {
    "type": "Feature",
    "geometry": {
       "type": "Point",
       "coordinates":  [ 121.557636,25.06304 ]
    },
    "properties": {
    "name":"台灣虎航股份有限公司",
    "address":"敦化北路405巷123弄3號",
    "district_code":63000010,
    "type":"長距離交通工具",
    "subtype":"航空器",
    "AED_location":"B-50018航機, 第13排 DEF行李艙",
    "district":"松山區"
    }
  },
  {
    "type": "Feature",
    "geometry": {
       "type": "Point",
       "coordinates":  [ 121.5614553,25.04260664 ]
    },
    "properties": {
    "name":"臺北大巨蛋",
    "address":"忠孝東路4段545號",
    "district_code":63000020,
    "type":"大型休閒場所",
    "subtype":"運動場館(如小巨蛋)",
    "AED_location":"巨蛋國際中心一樓大廳",
    "district":"信義區"
    }
  },
  {
    "type": "Feature",
    "geometry": {
       "type": "Point",
       "coordinates":  [ 121.551862,25.085031 ]
    },
    "properties": {
    "name":"凱基證券(大直 總公司)",
    "address":"明水路700號4樓",
    "district_code":63000040,
    "type":"其他",
    "subtype":"其他場所",
    "AED_location":"四樓電梯出口左方",
    "district":"中山區"
    }
  },
  {
    "type": "Feature",
    "geometry": {
       "type": "Point",
       "coordinates":  [ 121.538886,25.038984 ]
    },
    "properties": {
    "name":"臺灣當代文化實驗場",
    "address":"建國南路一段177號",
    "district_code":63000030,
    "type":"其他",
    "subtype":"其他場所",
    "AED_location":"面會吧內",
    "district":"大安區"
    }
  },
  {
    "type": "Feature",
    "geometry": {
       "type": "Point",
       "coordinates":  [ 121.538749,25.136543 ]
    },
    "properties": {
    "name":"中國文化大學 大恩館",
    "address":"華岡路55號",
    "district_code":63000110,
    "type":"學校、大型集會場所",
    "subtype":"大專院校",
    "AED_location":"大雅館（女生宿舍）",
    "district":"士林區"
    }
  },
  {
    "type": "Feature",
    "geometry": {
       "type": "Point",
       "coordinates":  [ 121.536905,25.007963 ]
    },
    "properties": {
    "name":"國立臺灣師範大學公館校區(汀州路4段88號)",
    "address":"汀州路4段88號",
    "district_code":63000080,
    "type":"學校、大型集會場所",
    "subtype":"大專院校",
    "AED_location":"公館校區體育運動大樓一樓",
    "district":"文山區"
    }
  },
  {
    "type": "Feature",
    "geometry": {
       "type": "Point",
       "coordinates":  [ 121.503907,25.138874 ]
    },
    "properties": {
    "name":"臺北市私立薇閣高級中學",
    "address":"珠海路50號",
    "district_code":63000120,
    "type":"學校、大型集會場所",
    "subtype":"高中職",
    "AED_location":"進德樓一樓",
    "district":"北投區"
    }
  },
  {
    "type": "Feature",
    "geometry": {
       "type": "Point",
       "coordinates":  [ 121.534463,25.016323 ]
    },
    "properties": {
    "name":"國立臺灣大學(校總區)",
    "address":"羅斯福路4段1號",
    "district_code":63000030,
    "type":"學校、大型集會場所",
    "subtype":"大專院校",
    "AED_location":"社科學院警衛室",
    "district":"大安區"
    }
  },
  {
    "type": "Feature",
    "geometry": {
       "type": "Point",
       "coordinates":  [ 121.469682,25.132518 ]
    },
    "properties": {
    "name":"國立臺北藝術大學_衛生保健組",
    "address":"學園路1號衛生保健組",
    "district_code":63000120,
    "type":"學校、大型集會場所",
    "subtype":"大專院校",
    "AED_location":"衛生保健組",
    "district":"北投區"
    }
  },
  {
    "type": "Feature",
    "geometry": {
       "type": "Point",
       "coordinates":  [ 121.5202,25.092605 ]
    },
    "properties": {
    "name":"特力屋股份有限公司士林分公司",
    "address":"基河路258號1F",
    "district_code":63000110,
    "type":"大型購物場所",
    "subtype":"賣場",
    "AED_location":"1F入口處",
    "district":"士林區"
    }
  },
  {
    "type": "Feature",
    "geometry": {
       "type": "Point",
       "coordinates":  [ 121.555272,25.056572 ]
    },
    "properties": {
    "name":"臺北市松山區東昌里民活動場所",
    "address":"民生東路4段112巷7弄24號",
    "district_code":63000010,
    "type":"其他",
    "subtype":"其他場所",
    "AED_location":"台北市松山區東昌里里辦公處大門口",
    "district":"松山區"
    }
  },
  {
    "type": "Feature",
    "geometry": {
       "type": "Point",
       "coordinates":  [ 121.522365,25.038999 ]
    },
    "properties": {
    "name":"臺北市政府青年局",
    "address":"仁愛路一段17號",
    "district_code":63000050,
    "type":"其他",
    "subtype":"其他場所",
    "AED_location":"本局1樓大廳",
    "district":"中正區"
    }
  },
  {
    "type": "Feature",
    "geometry": {
       "type": "Point",
       "coordinates":  [ 121.534973,25.068077 ]
    },
    "properties": {
    "name":"臺北市中山區行孝里辦公處",
    "address":"民族東路282號5樓",
    "district_code":63000040,
    "type":"其他",
    "subtype":"其他場所",
    "AED_location":"行孝里辦公處",
    "district":"中山區"
    }
  },
  {
    "type": "Feature",
    "geometry": {
       "type": "Point",
       "coordinates":  [ 121.5222096,25.06684013 ]
    },
    "properties": {
    "name":"大同大學",
    "address":"中山北路3段40號",
    "district_code":63000040,
    "type":"學校、大型集會場所",
    "subtype":"大專院校",
    "AED_location":"體育室-辦公室",
    "district":"中山區"
    }
  },
  {
    "type": "Feature",
    "geometry": {
       "type": "Point",
       "coordinates":  [ 121.522365,25.038999 ]
    },
    "properties": {
    "name":"臺北市政府青年局",
    "address":"仁愛路一段17號",
    "district_code":63000050,
    "type":"其他",
    "subtype":"其他場所",
    "AED_location":"本局地下1樓直排輪場域",
    "district":"中正區"
    }
  },
  {
    "type": "Feature",
    "geometry": {
       "type": "Point",
       "coordinates":  [ 121.574983,24.986398 ]
    },
    "properties": {
    "name":"國立政治大學",
    "address":"指南路2段64號",
    "district_code":63000080,
    "type":"學校、大型集會場所",
    "subtype":"大專院校",
    "AED_location":"環山網球場管理室",
    "district":"文山區"
    }
  },
  {
    "type": "Feature",
    "geometry": {
       "type": "Point",
       "coordinates":  [ 121.575514,25.079369 ]
    },
    "properties": {
    "name":"臺北市立內湖高級工業職業學校",
    "address":"內湖路一段520號",
    "district_code":63000100,
    "type":"學校、大型集會場所",
    "subtype":"高中職",
    "AED_location":"行政大樓1樓川堂",
    "district":"內湖區"
    }
  },
  {
    "type": "Feature",
    "geometry": {
       "type": "Point",
       "coordinates":  [ 121.574983,24.986398 ]
    },
    "properties": {
    "name":"國立政治大學",
    "address":"指南路2段64號",
    "district_code":63000080,
    "type":"學校、大型集會場所",
    "subtype":"大專院校",
    "AED_location":"商學院1樓管理室外面",
    "district":"文山區"
    }
  },
  {
    "type": "Feature",
    "geometry": {
       "type": "Point",
       "coordinates":  [ 121.551453,25.032235 ]
    },
    "properties": {
    "name":"臺北市私立東方高級工商職業學校",
    "address":"信義路四段186巷8號",
    "district_code":63000030,
    "type":"學校、大型集會場所",
    "subtype":"高中職",
    "AED_location":"大門口警衛室內",
    "district":"大安區"
    }
  },
  {
    "type": "Feature",
    "geometry": {
       "type": "Point",
       "coordinates":  [ 121.574983,24.986398 ]
    },
    "properties": {
    "name":"國立政治大學",
    "address":"指南路2段64號",
    "district_code":63000080,
    "type":"學校、大型集會場所",
    "subtype":"大專院校",
    "AED_location":"行政大樓2樓大廳",
    "district":"文山區"
    }
  },
  {
    "type": "Feature",
    "geometry": {
       "type": "Point",
       "coordinates":  [ 121.544478,25.051998 ]
    },
    "properties": {
    "name":"兄弟大飯店",
    "address":"南京東路三段255號",
    "district_code":63000010,
    "type":"旅宿場所",
    "subtype":"飯店",
    "AED_location":"商店部門口",
    "district":"松山區"
    }
  },
  {
    "type": "Feature",
    "geometry": {
       "type": "Point",
       "coordinates":  [ 121.499694,25.121955 ]
    },
    "properties": {
    "name":"國都汽車陽明服務廠",
    "address":"大業路6號",
    "district_code":63000120,
    "type":"其他",
    "subtype":"其他場所",
    "AED_location":"服務廠客休室",
    "district":"北投區"
    }
  },
  {
    "type": "Feature",
    "geometry": {
       "type": "Point",
       "coordinates":  [ 121.528616,25.065354 ]
    },
    "properties": {
    "name":"臺北市私立稻江高級護理家事職業學校",
    "address":"新生北路3段55號",
    "district_code":63000040,
    "type":"學校、大型集會場所",
    "subtype":"高中職",
    "AED_location":"稻江護家警衛室",
    "district":"中山區"
    }
  },
  {
    "type": "Feature",
    "geometry": {
       "type": "Point",
       "coordinates":  [ 121.53721,25.036628 ]
    },
    "properties": {
    "name":"福容大飯店股份有限公司台北分公司",
    "address":"建國南路一段266號",
    "district_code":63000030,
    "type":"其他",
    "subtype":"其他場所",
    "AED_location":"三樓麗泉俱樂部內",
    "district":"大安區"
    }
  },
  {
    "type": "Feature",
    "geometry": {
       "type": "Point",
       "coordinates":  [ 121.51123,25.032621 ]
    },
    "properties": {
    "name":"國立教育廣播電臺",
    "address":"南海路45號",
    "district_code":63000050,
    "type":"其他",
    "subtype":"其他場所",
    "AED_location":"大門進入後之大廳右側",
    "district":"中正區"
    }
  },
  {
    "type": "Feature",
    "geometry": {
       "type": "Point",
       "coordinates":  [ 121.518758,25.052162 ]
    },
    "properties": {
    "name":"臺北市私立志仁高級中學職業進修學校",
    "address":"南京西路64巷17號",
    "district_code":63000060,
    "type":"學校、大型集會場所",
    "subtype":"高中職",
    "AED_location":"1樓辦公室",
    "district":"大同區"
    }
  },
  {
    "type": "Feature",
    "geometry": {
       "type": "Point",
       "coordinates":  [ 121.521821,25.04242 ]
    },
    "properties": {
    "name":"開南學校財團法人臺北市開南高級中等學校",
    "address":"濟南路一段6號",
    "district_code":63000050,
    "type":"學校、大型集會場所",
    "subtype":"高中職",
    "AED_location":"健康中心",
    "district":"中正區"
    }
  },
  {
    "type": "Feature",
    "geometry": {
       "type": "Point",
       "coordinates":  [ 121.523062,25.08699 ]
    },
    "properties": {
    "name":"臺北市立百齡高級中學",
    "address":"承德路四段177號",
    "district_code":63000110,
    "type":"學校、大型集會場所",
    "subtype":"高中職",
    "AED_location":"一樓穿堂 公用電話旁",
    "district":"士林區"
    }
  },
  {
    "type": "Feature",
    "geometry": {
       "type": "Point",
       "coordinates":  [ 121.533946,25.097366 ]
    },
    "properties": {
    "name":"臺北市私立泰北高級中學",
    "address":"福林路240號",
    "district_code":63000110,
    "type":"學校、大型集會場所",
    "subtype":"高中職",
    "AED_location":"泰北高中向榮樓健康中心前方",
    "district":"士林區"
    }
  },
  {
    "type": "Feature",
    "geometry": {
       "type": "Point",
       "coordinates":  [ 121.5762301,25.0412995 ]
    },
    "properties": {
    "name":"健身銀行(在一起運動工作室)",
    "address":"忠孝東路五段423巷4弄16號",
    "district_code":63000020,
    "type":"其他",
    "subtype":"其他場所",
    "AED_location":"忠孝東路5段423巷4弄16號",
    "district":"信義區"
    }
  },
  {
    "type": "Feature",
    "geometry": {
       "type": "Point",
       "coordinates":  [ 121.549095,25.137145 ]
    },
    "properties": {
    "name":"臺北市私立華岡藝術學校",
    "address":"建業路73巷8號",
    "district_code":63000110,
    "type":"學校、大型集會場所",
    "subtype":"高中職",
    "AED_location":"保健室",
    "district":"士林區"
    }
  },
  {
    "type": "Feature",
    "geometry": {
       "type": "Point",
       "coordinates":  [ 121.578524,24.991053 ]
    },
    "properties": {
    "name":"臺北市私立大誠高級中學",
    "address":"秀明路2段175號",
    "district_code":63000080,
    "type":"學校、大型集會場所",
    "subtype":"高中職",
    "AED_location":"健康中心",
    "district":"文山區"
    }
  },
  {
    "type": "Feature",
    "geometry": {
       "type": "Point",
       "coordinates":  [ 121.561698,24.972689 ]
    },
    "properties": {
    "name":"臺北市私立東山高級中學",
    "address":"老泉街26巷3號",
    "district_code":63000080,
    "type":"學校、大型集會場所",
    "subtype":"高中職",
    "AED_location":"健康中心外",
    "district":"文山區"
    }
  },
  {
    "type": "Feature",
    "geometry": {
       "type": "Point",
       "coordinates":  [ 121.574983,24.986398 ]
    },
    "properties": {
    "name":"國立政治大學",
    "address":"指南路2段64號",
    "district_code":63000080,
    "type":"學校、大型集會場所",
    "subtype":"大專院校",
    "AED_location":"政治大學游泳館大門內側",
    "district":"文山區"
    }
  },
  {
    "type": "Feature",
    "geometry": {
       "type": "Point",
       "coordinates":  [ 121.51333,25.037044 ]
    },
    "properties": {
    "name":"臺北市立大學博愛校區",
    "address":"愛國西路1號",
    "district_code":63000050,
    "type":"學校、大型集會場所",
    "subtype":"大專院校",
    "AED_location":"公誠樓地下2樓游泳池櫃台對面",
    "district":"中正區"
    }
  },
  {
    "type": "Feature",
    "geometry": {
       "type": "Point",
       "coordinates":  [ 121.568102,25.035532 ]
    },
    "properties": {
    "name":"健身工廠信義廠",
    "address":"松壽路22號4樓",
    "district_code":63000020,
    "type":"學校、大型集會場所",
    "subtype":"健身房",
    "AED_location":"櫃台前方",
    "district":"信義區"
    }
  },
  {
    "type": "Feature",
    "geometry": {
       "type": "Point",
       "coordinates":  [ 121.52411,25.087887 ]
    },
    "properties": {
    "name":"臺北市公有士林市場",
    "address":"基河路101號",
    "district_code":63000110,
    "type":"其他",
    "subtype":"其他場所",
    "AED_location":"士林市場清潔室入口",
    "district":"士林區"
    }
  },
  {
    "type": "Feature",
    "geometry": {
       "type": "Point",
       "coordinates":  [ 121.581036,24.998347 ]
    },
    "properties": {
    "name":"臺北市立動物園",
    "address":"新光路二段30號",
    "district_code":63000080,
    "type":"其他",
    "subtype":"其他場所",
    "AED_location":"保養場",
    "district":"文山區"
    }
  },
  {
    "type": "Feature",
    "geometry": {
       "type": "Point",
       "coordinates":  [ 121.581036,24.998347 ]
    },
    "properties": {
    "name":"臺北市立動物園",
    "address":"新光路二段30號",
    "district_code":63000080,
    "type":"其他",
    "subtype":"其他場所",
    "AED_location":"企鵝館",
    "district":"文山區"
    }
  },
  {
    "type": "Feature",
    "geometry": {
       "type": "Point",
       "coordinates":  [ 121.581036,24.998347 ]
    },
    "properties": {
    "name":"臺北市立動物園",
    "address":"新光路二段30號",
    "district_code":63000080,
    "type":"其他",
    "subtype":"其他場所",
    "AED_location":"溫帶區",
    "district":"文山區"
    }
  },
  {
    "type": "Feature",
    "geometry": {
       "type": "Point",
       "coordinates":  [ 121.581036,24.998347 ]
    },
    "properties": {
    "name":"臺北市立動物園",
    "address":"新光路二段30號",
    "district_code":63000080,
    "type":"其他",
    "subtype":"其他場所",
    "AED_location":"溫帶區",
    "district":"文山區"
    }
  },
  {
    "type": "Feature",
    "geometry": {
       "type": "Point",
       "coordinates":  [ 121.581036,24.998347 ]
    },
    "properties": {
    "name":"臺北市立動物園",
    "address":"新光路二段30號",
    "district_code":63000080,
    "type":"其他",
    "subtype":"其他場所",
    "AED_location":"非洲區",
    "district":"文山區"
    }
  },
  {
    "type": "Feature",
    "geometry": {
       "type": "Point",
       "coordinates":  [ 121.581036,24.998347 ]
    },
    "properties": {
    "name":"臺北市立動物園",
    "address":"新光路二段30號",
    "district_code":63000080,
    "type":"其他",
    "subtype":"其他場所",
    "AED_location":"非洲區",
    "district":"文山區"
    }
  },
  {
    "type": "Feature",
    "geometry": {
       "type": "Point",
       "coordinates":  [ 121.581036,24.998347 ]
    },
    "properties": {
    "name":"臺北市立動物園",
    "address":"新光路二段30號",
    "district_code":63000080,
    "type":"其他",
    "subtype":"其他場所",
    "AED_location":"非洲區",
    "district":"文山區"
    }
  },
  {
    "type": "Feature",
    "geometry": {
       "type": "Point",
       "coordinates":  [ 121.581036,24.998347 ]
    },
    "properties": {
    "name":"臺北市立動物園",
    "address":"新光路二段30號",
    "district_code":63000080,
    "type":"其他",
    "subtype":"其他場所",
    "AED_location":"非洲區",
    "district":"文山區"
    }
  },
  {
    "type": "Feature",
    "geometry": {
       "type": "Point",
       "coordinates":  [ 121.581036,24.998347 ]
    },
    "properties": {
    "name":"臺北市立動物園",
    "address":"新光路二段30號",
    "district_code":63000080,
    "type":"其他",
    "subtype":"其他場所",
    "AED_location":"澳洲區",
    "district":"文山區"
    }
  },
  {
    "type": "Feature",
    "geometry": {
       "type": "Point",
       "coordinates":  [ 121.581036,24.998347 ]
    },
    "properties": {
    "name":"臺北市立動物園",
    "address":"新光路二段30號",
    "district_code":63000080,
    "type":"其他",
    "subtype":"其他場所",
    "AED_location":"沙澳區",
    "district":"文山區"
    }
  },
  {
    "type": "Feature",
    "geometry": {
       "type": "Point",
       "coordinates":  [ 121.581036,24.998347 ]
    },
    "properties": {
    "name":"臺北市立動物園",
    "address":"新光路二段30號",
    "district_code":63000080,
    "type":"其他",
    "subtype":"其他場所",
    "AED_location":"鳥園",
    "district":"文山區"
    }
  },
  {
    "type": "Feature",
    "geometry": {
       "type": "Point",
       "coordinates":  [ 121.581036,24.998347 ]
    },
    "properties": {
    "name":"臺北市立動物園",
    "address":"新光路二段30號",
    "district_code":63000080,
    "type":"其他",
    "subtype":"其他場所",
    "AED_location":"亞洲熱帶雨林區",
    "district":"文山區"
    }
  },
  {
    "type": "Feature",
    "geometry": {
       "type": "Point",
       "coordinates":  [ 121.581036,24.998347 ]
    },
    "properties": {
    "name":"臺北市立動物園",
    "address":"新光路二段30號",
    "district_code":63000080,
    "type":"其他",
    "subtype":"其他場所",
    "AED_location":"亞洲熱帶雨林區",
    "district":"文山區"
    }
  },
  {
    "type": "Feature",
    "geometry": {
       "type": "Point",
       "coordinates":  [ 121.581036,24.998347 ]
    },
    "properties": {
    "name":"臺北市立動物園",
    "address":"新光路二段30號",
    "district_code":63000080,
    "type":"其他",
    "subtype":"其他場所",
    "AED_location":"穿山甲館",
    "district":"文山區"
    }
  },
  {
    "type": "Feature",
    "geometry": {
       "type": "Point",
       "coordinates":  [ 121.581036,24.998347 ]
    },
    "properties": {
    "name":"臺北市立動物園",
    "address":"新光路二段30號",
    "district_code":63000080,
    "type":"其他",
    "subtype":"其他場所",
    "AED_location":"鳥園車站",
    "district":"文山區"
    }
  },
  {
    "type": "Feature",
    "geometry": {
       "type": "Point",
       "coordinates":  [ 121.581036,24.998347 ]
    },
    "properties": {
    "name":"臺北市立動物園",
    "address":"新光路二段30號",
    "district_code":63000080,
    "type":"其他",
    "subtype":"其他場所",
    "AED_location":"園內站",
    "district":"文山區"
    }
  },
  {
    "type": "Feature",
    "geometry": {
       "type": "Point",
       "coordinates":  [ 121.581036,24.998347 ]
    },
    "properties": {
    "name":"臺北市立動物園",
    "address":"新光路二段30號",
    "district_code":63000080,
    "type":"其他",
    "subtype":"其他場所",
    "AED_location":"列車總站",
    "district":"文山區"
    }
  },
  {
    "type": "Feature",
    "geometry": {
       "type": "Point",
       "coordinates":  [ 121.581036,24.998347 ]
    },
    "properties": {
    "name":"臺北市立動物園",
    "address":"新光路二段30號",
    "district_code":63000080,
    "type":"其他",
    "subtype":"其他場所",
    "AED_location":"大門廣場",
    "district":"文山區"
    }
  },
  {
    "type": "Feature",
    "geometry": {
       "type": "Point",
       "coordinates":  [ 121.581036,24.998347 ]
    },
    "properties": {
    "name":"臺北市立動物園",
    "address":"新光路二段30號",
    "district_code":63000080,
    "type":"其他",
    "subtype":"其他場所",
    "AED_location":"兒童動物區",
    "district":"文山區"
    }
  },
  {
    "type": "Feature",
    "geometry": {
       "type": "Point",
       "coordinates":  [ 121.581036,24.998347 ]
    },
    "properties": {
    "name":"臺北市立動物園",
    "address":"新光路二段30號",
    "district_code":63000080,
    "type":"其他",
    "subtype":"其他場所",
    "AED_location":"兒童動物區",
    "district":"文山區"
    }
  },
  {
    "type": "Feature",
    "geometry": {
       "type": "Point",
       "coordinates":  [ 121.581036,24.998347 ]
    },
    "properties": {
    "name":"臺北市立動物園",
    "address":"新光路二段30號",
    "district_code":63000080,
    "type":"其他",
    "subtype":"其他場所",
    "AED_location":"臺灣動物區",
    "district":"文山區"
    }
  },
  {
    "type": "Feature",
    "geometry": {
       "type": "Point",
       "coordinates":  [ 121.581036,24.998347 ]
    },
    "properties": {
    "name":"臺北市立動物園",
    "address":"新光路二段30號",
    "district_code":63000080,
    "type":"其他",
    "subtype":"其他場所",
    "AED_location":"臺灣動物區",
    "district":"文山區"
    }
  },
  {
    "type": "Feature",
    "geometry": {
       "type": "Point",
       "coordinates":  [ 121.581036,24.998347 ]
    },
    "properties": {
    "name":"臺北市立動物園",
    "address":"新光路二段30號",
    "district_code":63000080,
    "type":"其他",
    "subtype":"其他場所",
    "AED_location":"昆蟲館",
    "district":"文山區"
    }
  },
  {
    "type": "Feature",
    "geometry": {
       "type": "Point",
       "coordinates":  [ 121.581036,24.998347 ]
    },
    "properties": {
    "name":"臺北市立動物園",
    "address":"新光路二段30號",
    "district_code":63000080,
    "type":"其他",
    "subtype":"其他場所",
    "AED_location":"昆蟲館",
    "district":"文山區"
    }
  },
  {
    "type": "Feature",
    "geometry": {
       "type": "Point",
       "coordinates":  [ 121.581036,24.998347 ]
    },
    "properties": {
    "name":"臺北市立動物園",
    "address":"新光路二段30號",
    "district_code":63000080,
    "type":"其他",
    "subtype":"其他場所",
    "AED_location":"蟲蟲探索谷",
    "district":"文山區"
    }
  },
  {
    "type": "Feature",
    "geometry": {
       "type": "Point",
       "coordinates":  [ 121.581036,24.998347 ]
    },
    "properties": {
    "name":"臺北市立動物園",
    "address":"新光路二段30號",
    "district_code":63000080,
    "type":"其他",
    "subtype":"其他場所",
    "AED_location":"圖書館",
    "district":"文山區"
    }
  },
  {
    "type": "Feature",
    "geometry": {
       "type": "Point",
       "coordinates":  [ 121.581036,24.998347 ]
    },
    "properties": {
    "name":"臺北市立動物園",
    "address":"新光路二段30號",
    "district_code":63000080,
    "type":"其他",
    "subtype":"其他場所",
    "AED_location":"教育中心",
    "district":"文山區"
    }
  },
  {
    "type": "Feature",
    "geometry": {
       "type": "Point",
       "coordinates":  [ 121.581036,24.998347 ]
    },
    "properties": {
    "name":"臺北市立動物園",
    "address":"新光路二段30號",
    "district_code":63000080,
    "type":"其他",
    "subtype":"其他場所",
    "AED_location":"教育中心",
    "district":"文山區"
    }
  },
  {
    "type": "Feature",
    "geometry": {
       "type": "Point",
       "coordinates":  [ 121.581036,24.998347 ]
    },
    "properties": {
    "name":"臺北市立動物園",
    "address":"新光路二段30號",
    "district_code":63000080,
    "type":"其他",
    "subtype":"其他場所",
    "AED_location":"行政大樓",
    "district":"文山區"
    }
  },
  {
    "type": "Feature",
    "geometry": {
       "type": "Point",
       "coordinates":  [ 121.581036,24.998347 ]
    },
    "properties": {
    "name":"臺北市立動物園",
    "address":"新光路二段30號",
    "district_code":63000080,
    "type":"其他",
    "subtype":"其他場所",
    "AED_location":"新光特展館",
    "district":"文山區"
    }
  },
  {
    "type": "Feature",
    "geometry": {
       "type": "Point",
       "coordinates":  [ 121.587643,25.081253 ]
    },
    "properties": {
    "name":"臺北市私立達人高級中學",
    "address":"內湖路2段314號",
    "district_code":63000100,
    "type":"學校、大型集會場所",
    "subtype":"高中職",
    "AED_location":"輔導中心前",
    "district":"內湖區"
    }
  },
  {
    "type": "Feature",
    "geometry": {
       "type": "Point",
       "coordinates":  [ 121.611421,25.06982 ]
    },
    "properties": {
    "name":"哈拉數位影城",
    "address":"康寧路3段72號",
    "district_code":63000100,
    "type":"大型休閒場所",
    "subtype":"電影片映演場所(戲院、電影院)",
    "AED_location":"四樓大廳中間",
    "district":"內湖區"
    }
  },
  {
    "type": "Feature",
    "geometry": {
       "type": "Point",
       "coordinates":  [ 121.500442,25.033349 ]
    },
    "properties": {
    "name":"交通部臺灣鐵路管理局臺北運務段萬華站",
    "address":"康定路382號",
    "district_code":63000070,
    "type":"交通要衝",
    "subtype":"台鐵車站",
    "AED_location":"萬華站西剪票口",
    "district":"萬華區"
    }
  },
  {
    "type": "Feature",
    "geometry": {
       "type": "Point",
       "coordinates":  [ 121.517081,25.047924 ]
    },
    "properties": {
    "name":"交通部臺灣鐵路管理局臺北運務段臺北站",
    "address":"北平西路3號1樓",
    "district_code":63000050,
    "type":"交通要衝",
    "subtype":"台鐵車站",
    "AED_location":"B2F月台層第三月台旅客響導室內",
    "district":"中正區"
    }
  },
  {
    "type": "Feature",
    "geometry": {
       "type": "Point",
       "coordinates":  [ 121.517081,25.047924 ]
    },
    "properties": {
    "name":"交通部臺灣鐵路管理局臺北運務段臺北站",
    "address":"北平西路3號1樓",
    "district_code":63000050,
    "type":"交通要衝",
    "subtype":"台鐵車站",
    "AED_location":"1樓北側鐵路警察局外",
    "district":"中正區"
    }
  },
  {
    "type": "Feature",
    "geometry": {
       "type": "Point",
       "coordinates":  [ 121.517081,25.047924 ]
    },
    "properties": {
    "name":"交通部臺灣鐵路管理局臺北運務段臺北站",
    "address":"北平西路3號1樓",
    "district_code":63000050,
    "type":"交通要衝",
    "subtype":"台鐵車站",
    "AED_location":"1樓大廳南側服務中心內",
    "district":"中正區"
    }
  },
  {
    "type": "Feature",
    "geometry": {
       "type": "Point",
       "coordinates":  [ 121.522184,25.066838 ]
    },
    "properties": {
    "name":"臺北市私立大同高級中學",
    "address":"中山北路三段40號",
    "district_code":63000040,
    "type":"學校、大型集會場所",
    "subtype":"高中職",
    "AED_location":"健康中心櫃架",
    "district":"中山區"
    }
  },
  {
    "type": "Feature",
    "geometry": {
       "type": "Point",
       "coordinates":  [ 121.517081,25.047924 ]
    },
    "properties": {
    "name":"交通部臺灣鐵路管理局臺北運務段臺北站",
    "address":"北平西路3號1樓",
    "district_code":63000050,
    "type":"交通要衝",
    "subtype":"台鐵車站",
    "AED_location":"B2F月台層第四月台嚮導室內",
    "district":"中正區"
    }
  },
  {
    "type": "Feature",
    "geometry": {
       "type": "Point",
       "coordinates":  [ 121.578054,25.049263 ]
    },
    "properties": {
    "name":"國營臺灣鐵路股份有限公司北區營運處臺北運務段松山站",
    "address":"永吉里松山路11號",
    "district_code":63000020,
    "type":"交通要衝",
    "subtype":"台鐵車站",
    "AED_location":"東邊剪收票口入口右前方",
    "district":"信義區"
    }
  },
  {
    "type": "Feature",
    "geometry": {
       "type": "Point",
       "coordinates":  [ 121.545089,25.041372 ]
    },
    "properties": {
    "name":"艾瑞斯健身工作室",
    "address":"忠孝東路四段54號四樓",
    "district_code":63000030,
    "type":"其他",
    "subtype":"其他場所",
    "AED_location":"健身區",
    "district":"大安區"
    }
  },
  {
    "type": "Feature",
    "geometry": {
       "type": "Point",
       "coordinates":  [ 121.572925,25.077034 ]
    },
    "properties": {
    "name":"北都汽車股份有限公司-lexus內湖所廠",
    "address":"瑞光路356號",
    "district_code":63000100,
    "type":"其他",
    "subtype":"其他場所",
    "AED_location":"入口玻璃門旁",
    "district":"內湖區"
    }
  },
  {
    "type": "Feature",
    "geometry": {
       "type": "Point",
       "coordinates":  [ 121.5756847,25.0498897 ]
    },
    "properties": {
    "name":"首都飯店松山館",
    "address":"八德路四段658號",
    "district_code":63000010,
    "type":"旅宿場所",
    "subtype":"旅館",
    "AED_location":"旅館大廳",
    "district":"松山區"
    }
  },
  {
    "type": "Feature",
    "geometry": {
       "type": "Point",
       "coordinates":  [ 121.538104,25.042019 ]
    },
    "properties": {
    "name":"北都汽車股份有限公司-lexus大安所",
    "address":"忠孝東路三段1號億光大樓",
    "district_code":63000010,
    "type":"其他",
    "subtype":"其他場所",
    "AED_location":"展示間",
    "district":"松山區"
    }
  },
  {
    "type": "Feature",
    "geometry": {
       "type": "Point",
       "coordinates":  [ 121.5334977,25.06575046 ]
    },
    "properties": {
    "name":"國都汽車L松江營所",
    "address":"松江路433號",
    "district_code":63000040,
    "type":"其他",
    "subtype":"其他場所",
    "AED_location":"營業所展間",
    "district":"中山區"
    }
  },
  {
    "type": "Feature",
    "geometry": {
       "type": "Point",
       "coordinates":  [ 121.56227,25.085628 ]
    },
    "properties": {
    "name":"北都汽車股份有限公司-內湖所廠",
    "address":"內湖路一段91巷34號",
    "district_code":63000100,
    "type":"其他",
    "subtype":"其他場所",
    "AED_location":"營業櫃檯後方",
    "district":"內湖區"
    }
  },
  {
    "type": "Feature",
    "geometry": {
       "type": "Point",
       "coordinates":  [ 121.549426,25.048114 ]
    },
    "properties": {
    "name":"北都汽車股份有限公司-敦化所",
    "address":"八德路三段2號1樓",
    "district_code":63000010,
    "type":"其他",
    "subtype":"其他場所",
    "AED_location":"展示間吧台處",
    "district":"松山區"
    }
  },
  {
    "type": "Feature",
    "geometry": {
       "type": "Point",
       "coordinates":  [ 121.5650519,25.0496968 ]
    },
    "properties": {
    "name":"中國石油化學工業開發股份有限公司臺北營業所",
    "address":"東興路12號",
    "district_code":63000010,
    "type":"其他",
    "subtype":"其他場所",
    "AED_location":"本棟大樓9樓",
    "district":"松山區"
    }
  },
  {
    "type": "Feature",
    "geometry": {
       "type": "Point",
       "coordinates":  [ 121.495889,25.028871 ]
    },
    "properties": {
    "name":"北都汽車雙園所",
    "address":"西園路2段161號",
    "district_code":63000070,
    "type":"其他",
    "subtype":"其他場所",
    "AED_location":"1樓櫃台後方",
    "district":"萬華區"
    }
  },
  {
    "type": "Feature",
    "geometry": {
       "type": "Point",
       "coordinates":  [ 121.568716,25.025743 ]
    },
    "properties": {
    "name":"臺北市信義區吳興國民小學",
    "address":"松仁路226號",
    "district_code":63000020,
    "type":"其他",
    "subtype":"其他場所",
    "AED_location":"交通安全室外",
    "district":"信義區"
    }
  },
  {
    "type": "Feature",
    "geometry": {
       "type": "Point",
       "coordinates":  [ 121.5448579,24.996541 ]
    },
    "properties": {
    "name":"焠齡運動空間",
    "address":"景興路59、61號1樓",
    "district_code":63000080,
    "type":"學校、大型集會場所",
    "subtype":"健身房",
    "AED_location":"本館飲水機上方",
    "district":"文山區"
    }
  },
  {
    "type": "Feature",
    "geometry": {
       "type": "Point",
       "coordinates":  [ 121.509441,25.044924 ]
    },
    "properties": {
    "name":"洛碁大飯店中華館",
    "address":"中華路一段41號13樓",
    "district_code":63000050,
    "type":"旅宿場所",
    "subtype":"旅館",
    "AED_location":"飯店大廳 電梯口",
    "district":"中正區"
    }
  },
  {
    "type": "Feature",
    "geometry": {
       "type": "Point",
       "coordinates":  [ 121.558073,25.049718 ]
    },
    "properties": {
    "name":"北都汽車股份有限公司-光復所廠",
    "address":"光復北路15號",
    "district_code":63000010,
    "type":"其他",
    "subtype":"其他場所",
    "AED_location":"1樓結帳辦公室",
    "district":"松山區"
    }
  },
  {
    "type": "Feature",
    "geometry": {
       "type": "Point",
       "coordinates":  [ 121.567326,25.046411 ]
    },
    "properties": {
    "name":"北都汽車股份有限公司-松山廠",
    "address":"基隆路一段88號",
    "district_code":63000020,
    "type":"其他",
    "subtype":"其他場所",
    "AED_location":"3樓結帳櫃檯後方",
    "district":"信義區"
    }
  },
  {
    "type": "Feature",
    "geometry": {
       "type": "Point",
       "coordinates":  [ 121.590551,25.053879 ]
    },
    "properties": {
    "name":"北都汽車股份有限公司中古車所",
    "address":"南港路3段92號",
    "district_code":63000090,
    "type":"其他",
    "subtype":"其他場所",
    "AED_location":"接洽大廳",
    "district":"南港區"
    }
  },
  {
    "type": "Feature",
    "geometry": {
       "type": "Point",
       "coordinates":  [ 121.59429,25.054884 ]
    },
    "properties": {
    "name":"北都汽車總公司大樓",
    "address":"南港路2段312號",
    "district_code":63000090,
    "type":"其他",
    "subtype":"其他場所",
    "AED_location":"客戶休息室內",
    "district":"南港區"
    }
  },
  {
    "type": "Feature",
    "geometry": {
       "type": "Point",
       "coordinates":  [ 121.531596,25.042475 ]
    },
    "properties": {
    "name":"北都汽車股份有限公司-中正廠",
    "address":"忠孝東路2段122號",
    "district_code":63000050,
    "type":"其他",
    "subtype":"其他場所",
    "AED_location":"1樓辦公室結帳櫃檯後方",
    "district":"中正區"
    }
  },
  {
    "type": "Feature",
    "geometry": {
       "type": "Point",
       "coordinates":  [ 121.502704,25.033782 ]
    },
    "properties": {
    "name":"北都汽車股份有限公司-萬大廠",
    "address":"艋舺大道91號",
    "district_code":63000070,
    "type":"其他",
    "subtype":"其他場所",
    "AED_location":"客戶休息室",
    "district":"萬華區"
    }
  },
  {
    "type": "Feature",
    "geometry": {
       "type": "Point",
       "coordinates":  [ 121.5150171,25.1157933 ]
    },
    "properties": {
    "name":"hamerfitness石牌店",
    "address":"東華街二段6號2樓",
    "district_code":63000120,
    "type":"學校、大型集會場所",
    "subtype":"健身房",
    "AED_location":"場館進門左手邊",
    "district":"北投區"
    }
  },
  {
    "type": "Feature",
    "geometry": {
       "type": "Point",
       "coordinates":  [ 121.53118,25.128423 ]
    },
    "properties": {
    "name":"天溪綠地游泳池",
    "address":"中山北路7段219巷3弄170號",
    "district_code":63000110,
    "type":"其他",
    "subtype":"其他場所",
    "AED_location":"盥洗室出路口",
    "district":"士林區"
    }
  },
  {
    "type": "Feature",
    "geometry": {
       "type": "Point",
       "coordinates":  [ 121.521022,25.095783 ]
    },
    "properties": {
    "name":"國都汽車士林營業所",
    "address":"文昌路69號",
    "district_code":63000110,
    "type":"其他",
    "subtype":"其他場所",
    "AED_location":"營業所展示間",
    "district":"士林區"
    }
  },
  {
    "type": "Feature",
    "geometry": {
       "type": "Point",
       "coordinates":  [ 121.516998,25.055138 ]
    },
    "properties": {
    "name":"桑富士運動俱樂部",
    "address":"平陽街29號",
    "district_code":63000060,
    "type":"學校、大型集會場所",
    "subtype":"健身房",
    "AED_location":"一樓櫃台正前方牆面",
    "district":"大同區"
    }
  },
  {
    "type": "Feature",
    "geometry": {
       "type": "Point",
       "coordinates":  [ 121.515246,25.036073 ]
    },
    "properties": {
    "name":"臺北市立大學附設實驗國民小學",
    "address":"公園路29號",
    "district_code":63000050,
    "type":"其他",
    "subtype":"其他場所",
    "AED_location":"教務處前飲水機旁",
    "district":"中正區"
    }
  },
  {
    "type": "Feature",
    "geometry": {
       "type": "Point",
       "coordinates":  [ 121.566188,25.067394 ]
    },
    "properties": {
    "name":"北都汽車股份有限公司-撫遠廠",
    "address":"撫遠街419號",
    "district_code":63000010,
    "type":"其他",
    "subtype":"其他場所",
    "AED_location":"服務接待櫃台後方",
    "district":"松山區"
    }
  },
  {
    "type": "Feature",
    "geometry": {
       "type": "Point",
       "coordinates":  [ 121.541586,25.072852 ]
    },
    "properties": {
    "name":"國都L濱江廠",
    "address":"濱江街251號",
    "district_code":63000040,
    "type":"其他",
    "subtype":"其他場所",
    "AED_location":"服務廠客休室",
    "district":"中山區"
    }
  },
  {
    "type": "Feature",
    "geometry": {
       "type": "Point",
       "coordinates":  [ 121.538437,25.104975 ]
    },
    "properties": {
    "name":"臺北市私立華興小學",
    "address":"仰德大道一段101號",
    "district_code":63000110,
    "type":"其他",
    "subtype":"其他場所",
    "AED_location":"教學大樓鐵捲門旁",
    "district":"士林區"
    }
  },
  {
    "type": "Feature",
    "geometry": {
       "type": "Point",
       "coordinates":  [ 121.553989,25.033406 ]
    },
    "properties": {
    "name":"Curves女性專用30分鐘健身中心-信義通化店",
    "address":"信義路四段263號3樓之1",
    "district_code":63000030,
    "type":"學校、大型集會場所",
    "subtype":"健身房",
    "AED_location":"大門入口側邊櫃子上",
    "district":"大安區"
    }
  },
  {
    "type": "Feature",
    "geometry": {
       "type": "Point",
       "coordinates":  [ 121.537108,25.066673 ]
    },
    "properties": {
    "name":"上引水產有限公司(台北漁市)",
    "address":"民族東路410巷2弄18號",
    "district_code":63000040,
    "type":"大型購物場所",
    "subtype":"商場",
    "AED_location":"賣場中央位置區",
    "district":"中山區"
    }
  },
  {
    "type": "Feature",
    "geometry": {
       "type": "Point",
       "coordinates":  [ 121.533248,25.053374 ]
    },
    "properties": {
    "name":"國都汽車南松江營業所",
    "address":"松江路127號",
    "district_code":63000040,
    "type":"其他",
    "subtype":"其他場所",
    "AED_location":"營業所展示間",
    "district":"中山區"
    }
  },
  {
    "type": "Feature",
    "geometry": {
       "type": "Point",
       "coordinates":  [ 121.571049,25.081241 ]
    },
    "properties": {
    "name":"Curves可爾姿女性30分鐘環狀運動 內湖西湖店",
    "address":"內湖路1段360巷15號7樓之4",
    "district_code":63000100,
    "type":"學校、大型集會場所",
    "subtype":"健身房",
    "AED_location":"辦公室冰箱上面",
    "district":"內湖區"
    }
  },
  {
    "type": "Feature",
    "geometry": {
       "type": "Point",
       "coordinates":  [ 121.506039,25.135904 ]
    },
    "properties": {
    "name":"嘉賓閣旅館股份有限公司",
    "address":"光明路230號",
    "district_code":63000120,
    "type":"大型公眾浴場或溫泉區",
    "subtype":"溫泉區",
    "AED_location":"光明路230號3樓",
    "district":"北投區"
    }
  },
  {
    "type": "Feature",
    "geometry": {
       "type": "Point",
       "coordinates":  [ 121.533887,25.062269 ]
    },
    "properties": {
    "name":"南山人壽保險股份有限公司(南山人壽大樓)",
    "address":"民權東路二段144號",
    "district_code":63000040,
    "type":"其他",
    "subtype":"其他場所",
    "AED_location":"1樓大廳",
    "district":"中山區"
    }
  },
  {
    "type": "Feature",
    "geometry": {
       "type": "Point",
       "coordinates":  [ 121.575298,25.060415 ]
    },
    "properties": {
    "name":"家福股份有限公司台北內湖分公司(家樂福內湖店)",
    "address":"民善街88號",
    "district_code":63000100,
    "type":"大型購物場所",
    "subtype":"賣場",
    "AED_location":"2F收銀線結帳處",
    "district":"內湖區"
    }
  },
  {
    "type": "Feature",
    "geometry": {
       "type": "Point",
       "coordinates":  [ 121.53245,25.040679 ]
    },
    "properties": {
    "name":"Curves女性專用30分鐘健身中心忠孝新生店",
    "address":"新生南路1段60號3樓",
    "district_code":63000050,
    "type":"學校、大型集會場所",
    "subtype":"健身房",
    "AED_location":"店內櫃台旁",
    "district":"中正區"
    }
  },
  {
    "type": "Feature",
    "geometry": {
       "type": "Point",
       "coordinates":  [ 121.531367,25.033409 ]
    },
    "properties": {
    "name":"Curves女性專用30分鐘健身中心信義永康店",
    "address":"信義路二段222號2樓",
    "district_code":63000030,
    "type":"學校、大型集會場所",
    "subtype":"健身房",
    "AED_location":"辦公室",
    "district":"大安區"
    }
  },
  {
    "type": "Feature",
    "geometry": {
       "type": "Point",
       "coordinates":  [ 121.606593,25.052485 ]
    },
    "properties": {
    "name":"南港轉運站西站",
    "address":"忠孝東路七段359號",
    "district_code":63000090,
    "type":"交通要衝",
    "subtype":"轉運站",
    "AED_location":"1樓大廳",
    "district":"南港區"
    }
  },
  {
    "type": "Feature",
    "geometry": {
       "type": "Point",
       "coordinates":  [ 121.524834,25.044194 ]
    },
    "properties": {
    "name":"臺北市公有華山市場",
    "address":"忠孝東路1段108號",
    "district_code":63000050,
    "type":"其他",
    "subtype":"其他場所",
    "AED_location":"2樓1號攤前公共走道",
    "district":"中正區"
    }
  },
  {
    "type": "Feature",
    "geometry": {
       "type": "Point",
       "coordinates":  [ 121.522161,25.053279 ]
    },
    "properties": {
    "name":"台北之家（光點台北）",
    "address":"中山北路二段18號",
    "district_code":63000040,
    "type":"大型休閒場所",
    "subtype":"電影片映演場所(戲院、電影院)",
    "AED_location":"1F入口處",
    "district":"中山區"
    }
  },
  {
    "type": "Feature",
    "geometry": {
       "type": "Point",
       "coordinates":  [ 121.616403,25.057065 ]
    },
    "properties": {
    "name":"世正經貿大樓",
    "address":"經貿二路66號",
    "district_code":63000090,
    "type":"其他",
    "subtype":"其他場所",
    "AED_location":"台北市南港區經貿二路66號2樓服務台旁",
    "district":"南港區"
    }
  },
  {
    "type": "Feature",
    "geometry": {
       "type": "Point",
       "coordinates":  [ 121.570909,25.050068 ]
    },
    "properties": {
    "name":"勁能健身俱樂部",
    "address":"八德路四段465號2樓",
    "district_code":63000010,
    "type":"學校、大型集會場所",
    "subtype":"健身房",
    "AED_location":"健身區",
    "district":"松山區"
    }
  },
  {
    "type": "Feature",
    "geometry": {
       "type": "Point",
       "coordinates":  [ 121.544225,24.996187 ]
    },
    "properties": {
    "name":"臺北市立景興國民中學",
    "address":"景興路46巷2號",
    "district_code":63000080,
    "type":"學校、大型集會場所",
    "subtype":"國中",
    "AED_location":"健康中心外走廊",
    "district":"文山區"
    }
  },
  {
    "type": "Feature",
    "geometry": {
       "type": "Point",
       "coordinates":  [ 121.576593,24.990429 ]
    },
    "properties": {
    "name":"臺北市文山區萬興國民小學",
    "address":"秀明路2段114號",
    "district_code":63000080,
    "type":"其他",
    "subtype":"其他場所",
    "AED_location":"活動中心1樓游泳池入口處",
    "district":"文山區"
    }
  },
  {
    "type": "Feature",
    "geometry": {
       "type": "Point",
       "coordinates":  [ 121.520421,25.021649 ]
    },
    "properties": {
    "name":"財團法人台灣文學發展基金會市定古蹟紀州庵及新館營運管理處",
    "address":"同安街107號",
    "district_code":63000050,
    "type":"大型休閒場所",
    "subtype":"博物館",
    "AED_location":"2F",
    "district":"中正區"
    }
  },
  {
    "type": "Feature",
    "geometry": {
       "type": "Point",
       "coordinates":  [ 121.537029,25.044986 ]
    },
    "properties": {
    "name":"美麗信酒店股份有限公司",
    "address":"市民大道三段83號",
    "district_code":63000040,
    "type":"其他",
    "subtype":"其他場所",
    "AED_location":"飯店大廳",
    "district":"中山區"
    }
  },
  {
    "type": "Feature",
    "geometry": {
       "type": "Point",
       "coordinates":  [ 121.5104486,25.0725688 ]
    },
    "properties": {
    "name":"臺北市政府工務局衛生下水道工程處",
    "address":"酒泉街235號",
    "district_code":63000060,
    "type":"其他",
    "subtype":"其他場所",
    "AED_location":"本處一樓大廳",
    "district":"大同區"
    }
  },
  {
    "type": "Feature",
    "geometry": {
       "type": "Point",
       "coordinates":  [ 121.535355,25.012775 ]
    },
    "properties": {
    "name":"東南亞秀泰影城",
    "address":"羅斯福路4段136巷3號",
    "district_code":63000050,
    "type":"大型休閒場所",
    "subtype":"電影片映演場所(戲院、電影院)",
    "AED_location":"2樓販賣部旁邊",
    "district":"中正區"
    }
  },
  {
    "type": "Feature",
    "geometry": {
       "type": "Point",
       "coordinates":  [ 121.531518,25.074788 ]
    },
    "properties": {
    "name":"大直橋下基層訓練站",
    "address":"基隆河左岸大佳段大直橋下貨櫃屋",
    "district_code":63000040,
    "type":"其他",
    "subtype":"其他場所",
    "AED_location":"基隆河左岸大佳段大直橋下貨櫃屋",
    "district":"中山區"
    }
  },
  {
    "type": "Feature",
    "geometry": {
       "type": "Point",
       "coordinates":  [ 121.506905,25.022052 ]
    },
    "properties": {
    "name":"青年公園棒球場",
    "address":"水源路199號",
    "district_code":63000070,
    "type":"大型休閒場所",
    "subtype":"運動場館(如小巨蛋)",
    "AED_location":"正門入口處",
    "district":"萬華區"
    }
  },
  {
    "type": "Feature",
    "geometry": {
       "type": "Point",
       "coordinates":  [ 121.551796,25.051289 ]
    },
    "properties": {
    "name":"臺北網球場",
    "address":"南京東路四段6號",
    "district_code":63000010,
    "type":"大型休閒場所",
    "subtype":"運動場館(如小巨蛋)",
    "AED_location":"台北網球場",
    "district":"松山區"
    }
  },
  {
    "type": "Feature",
    "geometry": {
       "type": "Point",
       "coordinates":  [ 121.607311,25.051855 ]
    },
    "properties": {
    "name":"臺北市極限運動訓練中心",
    "address":"忠孝東路七段382號",
    "district_code":63000090,
    "type":"學校、大型集會場所",
    "subtype":"健身房",
    "AED_location":"訓練中心一樓重訓室",
    "district":"南港區"
    }
  },
  {
    "type": "Feature",
    "geometry": {
       "type": "Point",
       "coordinates":  [ 121.552002,25.051128 ]
    },
    "properties": {
    "name":"臺北體育館技擊館",
    "address":"南京東路4段10號4樓",
    "district_code":63000010,
    "type":"學校、大型集會場所",
    "subtype":"健身中心",
    "AED_location":"4樓球場東側走道",
    "district":"松山區"
    }
  },
  {
    "type": "Feature",
    "geometry": {
       "type": "Point",
       "coordinates":  [ 121.532543,25.068958 ]
    },
    "properties": {
    "name":"新生公園棒球場",
    "address":"新生北路3段105號",
    "district_code":63000040,
    "type":"其他",
    "subtype":"其他場所",
    "AED_location":"正門入口處",
    "district":"中山區"
    }
  },
  {
    "type": "Feature",
    "geometry": {
       "type": "Point",
       "coordinates":  [ 121.523313,25.052506 ]
    },
    "properties": {
    "name":"台北大倉久和大飯店健身俱樂部",
    "address":"南京東路1段9號20樓",
    "district_code":63000040,
    "type":"學校、大型集會場所",
    "subtype":"健身房",
    "AED_location":"20樓健身房入口正前方",
    "district":"中山區"
    }
  },
  {
    "type": "Feature",
    "geometry": {
       "type": "Point",
       "coordinates":  [ 121.553517,25.049193 ]
    },
    "properties": {
    "name":"臺北市松山區美仁里里民活動場所",
    "address":"八德路3段99巷12-8號",
    "district_code":63000010,
    "type":"其他",
    "subtype":"其他場所",
    "AED_location":"八德路3段99巷12-8號",
    "district":"松山區"
    }
  },
  {
    "type": "Feature",
    "geometry": {
       "type": "Point",
       "coordinates":  [ 121.553517,25.049193 ]
    },
    "properties": {
    "name":"臺北市松山區美仁里里民活動場所",
    "address":"八德路3段99巷12-8號",
    "district_code":63000010,
    "type":"其他",
    "subtype":"其他場所",
    "AED_location":"八德路3段99巷12-8號",
    "district":"松山區"
    }
  },
  {
    "type": "Feature",
    "geometry": {
       "type": "Point",
       "coordinates":  [ 121.499364,25.109602 ]
    },
    "properties": {
    "name":"北投焚化廠回饋設施洲美運動公園(主題館)",
    "address":"洲美街271號(洲美運動公園)",
    "district_code":63000120,
    "type":"學校、大型集會場所",
    "subtype":"健身中心",
    "AED_location":"游泳館飲水機旁",
    "district":"北投區"
    }
  },
  {
    "type": "Feature",
    "geometry": {
       "type": "Point",
       "coordinates":  [ 121.604794,25.054443 ]
    },
    "properties": {
    "name":"南港東明青銀就業服務站",
    "address":"南港路二段60巷19號1、2樓",
    "district_code":63000090,
    "type":"其他",
    "subtype":"其他場所",
    "AED_location":"南港東明青銀就業服務站2樓",
    "district":"南港區"
    }
  },
  {
    "type": "Feature",
    "geometry": {
       "type": "Point",
       "coordinates":  [ 121.524608,25.095049 ]
    },
    "properties": {
    "name":"臺北市私立華興高級中等學校",
    "address":"仰德大道1段101號",
    "district_code":63000110,
    "type":"學校、大型集會場所",
    "subtype":"大專院校",
    "AED_location":"美齡樓4樓",
    "district":"士林區"
    }
  },
  {
    "type": "Feature",
    "geometry": {
       "type": "Point",
       "coordinates":  [ 121.531148,25.119924 ]
    },
    "properties": {
    "name":"香港商世界健身事業有限公司天母分公司",
    "address":"中山北路7段34號",
    "district_code":63000110,
    "type":"學校、大型集會場所",
    "subtype":"健身房",
    "AED_location":"1樓洽談區",
    "district":"士林區"
    }
  },
  {
    "type": "Feature",
    "geometry": {
       "type": "Point",
       "coordinates":  [ 121.567516,25.038884 ]
    },
    "properties": {
    "name":"寒舍國際酒店股份有限公司",
    "address":"松高路18號",
    "district_code":63000020,
    "type":"其他",
    "subtype":"其他場所",
    "AED_location":"8樓健身中心器材區域",
    "district":"信義區"
    }
  },
  {
    "type": "Feature",
    "geometry": {
       "type": "Point",
       "coordinates":  [ 121.504496,25.046304 ]
    },
    "properties": {
    "name":"300壯士跨時代健身中心",
    "address":"漢口街2段73號B1",
    "district_code":63000070,
    "type":"學校、大型集會場所",
    "subtype":"健身房",
    "AED_location":"健身房入口處",
    "district":"萬華區"
    }
  },
  {
    "type": "Feature",
    "geometry": {
       "type": "Point",
       "coordinates":  [ 121.542531,25.072604 ]
    },
    "properties": {
    "name":"國都濱江服務廠",
    "address":"濱江街269號",
    "district_code":63000040,
    "type":"其他",
    "subtype":"其他場所",
    "AED_location":"服務廠展間",
    "district":"中山區"
    }
  },
  {
    "type": "Feature",
    "geometry": {
       "type": "Point",
       "coordinates":  [ 121.613095,25.042905 ]
    },
    "properties": {
    "name":"中央研究院",
    "address":"研究院路2段128號",
    "district_code":63000090,
    "type":"其他",
    "subtype":"其他場所",
    "AED_location":"生化所一樓櫃台旁",
    "district":"南港區"
    }
  },
  {
    "type": "Feature",
    "geometry": {
       "type": "Point",
       "coordinates":  [ 121.502095,25.133249 ]
    },
    "properties": {
    "name":"Curves女性專用30分鐘環狀運動北投店",
    "address":"磺港路8號4樓",
    "district_code":63000120,
    "type":"學校、大型集會場所",
    "subtype":"健身房",
    "AED_location":"置物櫃旁",
    "district":"北投區"
    }
  },
  {
    "type": "Feature",
    "geometry": {
       "type": "Point",
       "coordinates":  [ 121.591676,25.081816 ]
    },
    "properties": {
    "name":"Curves女性專用30分鐘健身中心內湖成功店",
    "address":"成功路四段34號二樓",
    "district_code":63000100,
    "type":"學校、大型集會場所",
    "subtype":"健身房",
    "AED_location":"Curves女性30分鐘環狀運動",
    "district":"內湖區"
    }
  },
  {
    "type": "Feature",
    "geometry": {
       "type": "Point",
       "coordinates":  [ 121.550213,25.056688 ]
    },
    "properties": {
    "name":"臺北市政府警察局松山分局東社派出所",
    "address":"敦化北路199巷5號",
    "district_code":63000010,
    "type":"公眾服務單位設施",
    "subtype":"派出所",
    "AED_location":"值班台旁",
    "district":"松山區"
    }
  },
  {
    "type": "Feature",
    "geometry": {
       "type": "Point",
       "coordinates":  [ 121.5551985,25.02367434 ]
    },
    "properties": {
    "name":"臺北市政府警察局信義分局六張犁派出所",
    "address":"嘉興街301號",
    "district_code":63000020,
    "type":"公眾服務單位設施",
    "subtype":"派出所",
    "AED_location":"派出所大門進入直走到底後門旁",
    "district":"信義區"
    }
  },
  {
    "type": "Feature",
    "geometry": {
       "type": "Point",
       "coordinates":  [ 121.577389,25.049957 ]
    },
    "properties": {
    "name":"臺北市政府警察局松山分局松山派出所",
    "address":"八德路4段692號",
    "district_code":63000010,
    "type":"公眾服務單位設施",
    "subtype":"派出所",
    "AED_location":"值班台旁",
    "district":"松山區"
    }
  },
  {
    "type": "Feature",
    "geometry": {
       "type": "Point",
       "coordinates":  [ 121.536047,25.068007 ]
    },
    "properties": {
    "name":"臺北市政府警察局中山分局建國派出所",
    "address":"民族東路284號",
    "district_code":63000040,
    "type":"公眾服務單位設施",
    "subtype":"派出所",
    "AED_location":"1樓門口",
    "district":"中山區"
    }
  },
  {
    "type": "Feature",
    "geometry": {
       "type": "Point",
       "coordinates":  [ 121.575887,25.045646 ]
    },
    "properties": {
    "name":"臺北市政府警察局信義分局五分埔派出所",
    "address":"永吉路333號",
    "district_code":63000020,
    "type":"公眾服務單位設施",
    "subtype":"派出所",
    "AED_location":"一樓半",
    "district":"信義區"
    }
  },
  {
    "type": "Feature",
    "geometry": {
       "type": "Point",
       "coordinates":  [ 121.594756,25.055028 ]
    },
    "properties": {
    "name":"臺北市政府警察局南港分局玉成派出所",
    "address":"向陽路150號",
    "district_code":63000090,
    "type":"公眾服務單位設施",
    "subtype":"派出所",
    "AED_location":"受理報案區內",
    "district":"南港區"
    }
  },
  {
    "type": "Feature",
    "geometry": {
       "type": "Point",
       "coordinates":  [ 121.591331,25.066261 ]
    },
    "properties": {
    "name":"交通部高速公路局北區養護工程分局",
    "address":"成功路2段193巷12號",
    "district_code":63000100,
    "type":"其他",
    "subtype":"其他場所",
    "AED_location":"行政大樓1樓大廳",
    "district":"內湖區"
    }
  },
  {
    "type": "Feature",
    "geometry": {
       "type": "Point",
       "coordinates":  [ 121.6146164,25.06086616 ]
    },
    "properties": {
    "name":"臺北市政府警察局南港分局南港派出所",
    "address":"經貿二路239號",
    "district_code":63000090,
    "type":"公眾服務單位設施",
    "subtype":"派出所",
    "AED_location":"1樓大廳值班台旁",
    "district":"南港區"
    }
  },
  {
    "type": "Feature",
    "geometry": {
       "type": "Point",
       "coordinates":  [ 121.523861,25.072731 ]
    },
    "properties": {
    "name":"臺北市政府警察局中山分局圓山派出所",
    "address":"中山北路3段62號",
    "district_code":63000040,
    "type":"公眾服務單位設施",
    "subtype":"派出所",
    "AED_location":"一樓值班檯旁",
    "district":"中山區"
    }
  },
  {
    "type": "Feature",
    "geometry": {
       "type": "Point",
       "coordinates":  [ 121.622663,25.038431 ]
    },
    "properties": {
    "name":"臺北市政府警察局南港分局舊莊派出所",
    "address":"舊莊街一段213號",
    "district_code":63000090,
    "type":"公眾服務單位設施",
    "subtype":"派出所",
    "AED_location":"一樓大門入口左側，值勤檯前",
    "district":"南港區"
    }
  },
  {
    "type": "Feature",
    "geometry": {
       "type": "Point",
       "coordinates":  [ 121.540529,25.048447 ]
    },
    "properties": {
    "name":"臺北市政府警察局中山分局長安東路派出所",
    "address":"長安東路2段165號",
    "district_code":63000040,
    "type":"公眾服務單位設施",
    "subtype":"派出所",
    "AED_location":"值班台旁",
    "district":"中山區"
    }
  },
  {
    "type": "Feature",
    "geometry": {
       "type": "Point",
       "coordinates":  [ 121.523334,25.052401 ]
    },
    "properties": {
    "name":"台北大倉久和大飯店",
    "address":"南京東路一段9號1樓",
    "district_code":63000040,
    "type":"旅宿場所",
    "subtype":"旅館",
    "AED_location":"大廳",
    "district":"中山區"
    }
  },
  {
    "type": "Feature",
    "geometry": {
       "type": "Point",
       "coordinates":  [ 121.563928,25.026586 ]
    },
    "properties": {
    "name":"臺北市政府警察局信義分局吳興街派出所",
    "address":"吳興街262號",
    "district_code":63000020,
    "type":"公眾服務單位設施",
    "subtype":"派出所",
    "AED_location":"派出所大門進入右方",
    "district":"信義區"
    }
  },
  {
    "type": "Feature",
    "geometry": {
       "type": "Point",
       "coordinates":  [ 121.563066,25.059536 ]
    },
    "properties": {
    "name":"臺北市政府警察局松山分局三民派出所",
    "address":"三民路5段163之1號",
    "district_code":63000010,
    "type":"公眾服務單位設施",
    "subtype":"派出所",
    "AED_location":"三民派出所備勤室內",
    "district":"松山區"
    }
  },
  {
    "type": "Feature",
    "geometry": {
       "type": "Point",
       "coordinates":  [ 121.5819729,25.03772618 ]
    },
    "properties": {
    "name":"臺北市政府警察局信義分局福德街派出所",
    "address":"福德街86號(福德街派出所)",
    "district_code":63000020,
    "type":"公眾服務單位設施",
    "subtype":"派出所",
    "AED_location":"1樓值班台後方",
    "district":"信義區"
    }
  },
  {
    "type": "Feature",
    "geometry": {
       "type": "Point",
       "coordinates":  [ 121.567508,25.03317 ]
    },
    "properties": {
    "name":"臺北市政府警察局交通警察大隊信義分隊",
    "address":"信義路5段17號西側",
    "district_code":63000020,
    "type":"其他",
    "subtype":"其他場所",
    "AED_location":"一樓辦公室為民服務區",
    "district":"信義區"
    }
  },
  {
    "type": "Feature",
    "geometry": {
       "type": "Point",
       "coordinates":  [ 121.542948,25.048745 ]
    },
    "properties": {
    "name":"臺北市中山區力行里固定里民活動場所",
    "address":"遼寧街45巷24號",
    "district_code":63000040,
    "type":"其他",
    "subtype":"其他場所",
    "AED_location":"力行里固定里民活動場所",
    "district":"中山區"
    }
  },
  {
    "type": "Feature",
    "geometry": {
       "type": "Point",
       "coordinates":  [ 121.5212012,25.05016305 ]
    },
    "properties": {
    "name":"臺北市政府警察局中山分局警備隊",
    "address":"長安西路3號五樓",
    "district_code":63000040,
    "type":"公眾服務單位設施",
    "subtype":"派出所",
    "AED_location":"一樓辦公室(大門入口左側)",
    "district":"中山區"
    }
  },
  {
    "type": "Feature",
    "geometry": {
       "type": "Point",
       "coordinates":  [ 121.536047,25.05464 ]
    },
    "properties": {
    "name":"臺北市政府警察局中山分局長春路派出所",
    "address":"長春路206號1樓",
    "district_code":63000040,
    "type":"公眾服務單位設施",
    "subtype":"派出所",
    "AED_location":"值班台旁",
    "district":"中山區"
    }
  },
  {
    "type": "Feature",
    "geometry": {
       "type": "Point",
       "coordinates":  [ 121.52274,25.026369 ]
    },
    "properties": {
    "name":"Curves女性專用30分鐘健身中心古亭店",
    "address":"羅斯福路二段116號3樓之1",
    "district_code":63000050,
    "type":"學校、大型集會場所",
    "subtype":"健身房",
    "AED_location":"置物櫃左側",
    "district":"中正區"
    }
  },
  {
    "type": "Feature",
    "geometry": {
       "type": "Point",
       "coordinates":  [ 121.52206,25.085703 ]
    },
    "properties": {
    "name":"英業達股份有限公司A棟",
    "address":"後港街66號",
    "district_code":63000110,
    "type":"其他",
    "subtype":"其他場所",
    "AED_location":"台北市士林區後港街66號",
    "district":"士林區"
    }
  },
  {
    "type": "Feature",
    "geometry": {
       "type": "Point",
       "coordinates":  [ 121.613479,25.069596 ]
    },
    "properties": {
    "name":"Curves 女性專用30分鐘健身中心東湖店",
    "address":"東湖路33巷17號",
    "district_code":63000100,
    "type":"學校、大型集會場所",
    "subtype":"健身房",
    "AED_location":"運動區",
    "district":"內湖區"
    }
  },
  {
    "type": "Feature",
    "geometry": {
       "type": "Point",
       "coordinates":  [ 121.523071,25.085741 ]
    },
    "properties": {
    "name":"英業達股份有限公司D棟",
    "address":"承德路四段166號",
    "district_code":63000110,
    "type":"其他",
    "subtype":"其他場所",
    "AED_location":"公司D棟大廳",
    "district":"士林區"
    }
  },
  {
    "type": "Feature",
    "geometry": {
       "type": "Point",
       "coordinates":  [ 121.543701,25.024602 ]
    },
    "properties": {
    "name":"北都汽車股份有限公司-大安所廠",
    "address":"和平東路二段128號",
    "district_code":63000030,
    "type":"其他",
    "subtype":"其他場所",
    "AED_location":"A廠出入口",
    "district":"大安區"
    }
  },
  {
    "type": "Feature",
    "geometry": {
       "type": "Point",
       "coordinates":  [ 121.558625,25.051731 ]
    },
    "properties": {
    "name":"南京雙星國宅",
    "address":"南京東路五段四十五號、四十七號",
    "district_code":63000010,
    "type":"其他",
    "subtype":"其他場所",
    "AED_location":"南京雙星管委會會議室",
    "district":"松山區"
    }
  },
  {
    "type": "Feature",
    "geometry": {
       "type": "Point",
       "coordinates":  [ 121.554177,25.041271 ]
    },
    "properties": {
    "name":"Curves 女性專用30分鐘健身中心忠孝敦化店",
    "address":"忠孝東路4段250號2樓之3",
    "district_code":63000030,
    "type":"學校、大型集會場所",
    "subtype":"健身房",
    "AED_location":"健身區",
    "district":"大安區"
    }
  },
  {
    "type": "Feature",
    "geometry": {
       "type": "Point",
       "coordinates":  [ 121.532383,25.010654 ]
    },
    "properties": {
    "name":"寶藏巖國際藝術村",
    "address":"汀洲路3段230巷14弄2號",
    "district_code":63000050,
    "type":"觀光旅遊地區",
    "subtype":"文化園區",
    "AED_location":"寶藏巖國際藝術村",
    "district":"中正區"
    }
  },
  {
    "type": "Feature",
    "geometry": {
       "type": "Point",
       "coordinates":  [ 121.617389,25.053742 ]
    },
    "properties": {
    "name":"楓肌力MP Health Fitness",
    "address":"富康街21號1樓",
    "district_code":63000090,
    "type":"其他",
    "subtype":"其他場所",
    "AED_location":"接待區",
    "district":"南港區"
    }
  },
  {
    "type": "Feature",
    "geometry": {
       "type": "Point",
       "coordinates":  [ 121.535198,25.055031 ]
    },
    "properties": {
    "name":"臺北市立大同高級中學",
    "address":"長春路167號",
    "district_code":63000040,
    "type":"學校、大型集會場所",
    "subtype":"高中職",
    "AED_location":"臺北市立大同高級中學游泳池",
    "district":"中山區"
    }
  },
  {
    "type": "Feature",
    "geometry": {
       "type": "Point",
       "coordinates":  [ 121.528777,25.020583 ]
    },
    "properties": {
    "name":"臺北市大安區古亭國民小學",
    "address":"羅斯福路三段201號",
    "district_code":63000030,
    "type":"其他",
    "subtype":"其他場所",
    "AED_location":"健康中心",
    "district":"大安區"
    }
  },
  {
    "type": "Feature",
    "geometry": {
       "type": "Point",
       "coordinates":  [ 121.53423,25.014616 ]
    },
    "properties": {
    "name":"香港商世界健身事業有限公司公館分公司",
    "address":"羅斯福路四段68號2F",
    "district_code":63000050,
    "type":"學校、大型集會場所",
    "subtype":"健身房",
    "AED_location":"2F櫃檯飲料販賣機旁邊",
    "district":"中正區"
    }
  },
  {
    "type": "Feature",
    "geometry": {
       "type": "Point",
       "coordinates":  [ 121.498596,25.126384 ]
    },
    "properties": {
    "name":"優力國際安全認證有限公司",
    "address":"大業路260號1F",
    "district_code":63000120,
    "type":"其他",
    "subtype":"其他場所",
    "AED_location":"一樓逃生疏散樓梯旁",
    "district":"北投區"
    }
  },
  {
    "type": "Feature",
    "geometry": {
       "type": "Point",
       "coordinates":  [ 121.543868,25.024857 ]
    },
    "properties": {
    "name":"Curves女性30分鐘環狀運動和平科技店",
    "address":"和平東路二段257號3樓",
    "district_code":63000030,
    "type":"學校、大型集會場所",
    "subtype":"健身房",
    "AED_location":"3F大門進入,櫃台前方約200公分距離",
    "district":"大安區"
    }
  },
  {
    "type": "Feature",
    "geometry": {
       "type": "Point",
       "coordinates":  [ 121.514709,25.097094 ]
    },
    "properties": {
    "name":"臺北市立兒童新樂園",
    "address":"承德路5段55號",
    "district_code":63000110,
    "type":"觀光旅遊地區",
    "subtype":"民營遊樂業",
    "AED_location":"2樓美食街外廣場",
    "district":"士林區"
    }
  },
  {
    "type": "Feature",
    "geometry": {
       "type": "Point",
       "coordinates":  [ 121.534192,25.022831 ]
    },
    "properties": {
    "name":"行政院人事行政總處公務人力發展學院福華國際文教會館",
    "address":"新生南路3段30號",
    "district_code":63000030,
    "type":"旅宿場所",
    "subtype":"飯店",
    "AED_location":"地下室一樓休閒中心櫃檯旁",
    "district":"大安區"
    }
  },
  {
    "type": "Feature",
    "geometry": {
       "type": "Point",
       "coordinates":  [ 121.545103,25.022729 ]
    },
    "properties": {
    "name":"國立臺北教育大學(體育館)",
    "address":"和平東路2段134號",
    "district_code":63000030,
    "type":"學校、大型集會場所",
    "subtype":"大專院校",
    "AED_location":"體育館一樓體育室門口",
    "district":"大安區"
    }
  },
  {
    "type": "Feature",
    "geometry": {
       "type": "Point",
       "coordinates":  [ 121.57685,25.049847 ]
    },
    "properties": {
    "name":"臺北市政府社會局委託財團法人台北市自閉兒社會福利基金會經營管理臺北市東湖發展中心",
    "address":"東湖路1號4、5樓",
    "district_code":63000100,
    "type":"其他",
    "subtype":"其他場所",
    "AED_location":"3樓辦公室",
    "district":"內湖區"
    }
  },
  {
    "type": "Feature",
    "geometry": {
       "type": "Point",
       "coordinates":  [ 121.521711,25.064449 ]
    },
    "properties": {
    "name":"大同股份有限公司",
    "address":"中山北路3段22號",
    "district_code":63000040,
    "type":"其他",
    "subtype":"其他場所",
    "AED_location":"新設工2樓餐廳內",
    "district":"中山區"
    }
  },
  {
    "type": "Feature",
    "geometry": {
       "type": "Point",
       "coordinates":  [ 121.521711,25.064449 ]
    },
    "properties": {
    "name":"大同股份有限公司",
    "address":"中山北路3段22號",
    "district_code":63000040,
    "type":"其他",
    "subtype":"其他場所",
    "AED_location":"北設工大樓一樓大廳",
    "district":"中山區"
    }
  },
  {
    "type": "Feature",
    "geometry": {
       "type": "Point",
       "coordinates":  [ 121.566737,25.059805 ]
    },
    "properties": {
    "name":"臺北市立民生國民中學",
    "address":"新東街30巷1號",
    "district_code":63000010,
    "type":"其他",
    "subtype":"其他場所",
    "AED_location":"民生國中室內游泳池",
    "district":"松山區"
    }
  },
  {
    "type": "Feature",
    "geometry": {
       "type": "Point",
       "coordinates":  [ 121.5676304,25.0332045 ]
    },
    "properties": {
    "name":"臺北市政府警察局信義分局三張犁派出所",
    "address":"信義路五段17號1樓",
    "district_code":63000020,
    "type":"公眾服務單位設施",
    "subtype":"派出所",
    "AED_location":"臺北市信義區信義路五段17號1樓(三張犁派出所)",
    "district":"信義區"
    }
  },
  {
    "type": "Feature",
    "geometry": {
       "type": "Point",
       "coordinates":  [ 121.547896,25.017325 ]
    },
    "properties": {
    "name":"財團法人國家實驗研究院國家地震工程研究中心",
    "address":"辛亥路三段200號",
    "district_code":63000030,
    "type":"其他",
    "subtype":"其他場所",
    "AED_location":"本中心大廳",
    "district":"大安區"
    }
  },
  {
    "type": "Feature",
    "geometry": {
       "type": "Point",
       "coordinates":  [ 121.5272488,25.0322008 ]
    },
    "properties": {
    "name":"中華郵政股份有限公司金山大樓",
    "address":"金山南路二段55號",
    "district_code":63000030,
    "type":"其他",
    "subtype":"其他場所",
    "AED_location":"本棟大樓大廳",
    "district":"大安區"
    }
  },
  {
    "type": "Feature",
    "geometry": {
       "type": "Point",
       "coordinates":  [ 121.529596,25.119208 ]
    },
    "properties": {
    "name":"Curves女性專用30分鐘健身中心天母店",
    "address":"天母西路3號3樓之11",
    "district_code":63000110,
    "type":"其他",
    "subtype":"其他場所",
    "AED_location":"3樓健身房面向運動區左方柱子後側",
    "district":"士林區"
    }
  },
  {
    "type": "Feature",
    "geometry": {
       "type": "Point",
       "coordinates":  [ 121.52274,25.105749 ]
    },
    "properties": {
    "name":"家福股份有限公司台北天母分公司(家樂福天母店)",
    "address":"德行西路47號",
    "district_code":63000110,
    "type":"大型購物場所",
    "subtype":"賣場",
    "AED_location":"2F收銀線外",
    "district":"士林區"
    }
  },
  {
    "type": "Feature",
    "geometry": {
       "type": "Point",
       "coordinates":  [ 121.53118,25.128423 ]
    },
    "properties": {
    "name":"天溪綠地游泳池",
    "address":"中山北路7段219巷3弄170號",
    "district_code":63000110,
    "type":"其他",
    "subtype":"其他場所",
    "AED_location":"游泳池入口進入泳池旁",
    "district":"士林區"
    }
  },
  {
    "type": "Feature",
    "geometry": {
       "type": "Point",
       "coordinates":  [ 121.615618,25.056239 ]
    },
    "properties": {
    "name":"臺北南港展覽館2館",
    "address":"經貿二路2號",
    "district_code":63000090,
    "type":"其他",
    "subtype":"其他場所",
    "AED_location":"展覽館1樓",
    "district":"南港區"
    }
  },
  {
    "type": "Feature",
    "geometry": {
       "type": "Point",
       "coordinates":  [ 121.549497,25.060121 ]
    },
    "properties": {
    "name":"交通部運輸研究所",
    "address":"敦化北路240號",
    "district_code":63000010,
    "type":"其他",
    "subtype":"其他場所",
    "AED_location":"1樓大廳",
    "district":"松山區"
    }
  },
  {
    "type": "Feature",
    "geometry": {
       "type": "Point",
       "coordinates":  [ 121.550245,25.051908 ]
    },
    "properties": {
    "name":"超越體能顧問有限公司",
    "address":"南京東路四段17號b1",
    "district_code":63000010,
    "type":"學校、大型集會場所",
    "subtype":"健身房",
    "AED_location":"下樓梯右側",
    "district":"松山區"
    }
  },
  {
    "type": "Feature",
    "geometry": {
       "type": "Point",
       "coordinates":  [ 121.520421,25.021649 ]
    },
    "properties": {
    "name":"財團法人台灣文學發展基金會市定古蹟紀州庵及新館營運管理處",
    "address":"同安街107號",
    "district_code":63000050,
    "type":"大型休閒場所",
    "subtype":"博物館",
    "AED_location":"1F",
    "district":"中正區"
    }
  },
  {
    "type": "Feature",
    "geometry": {
       "type": "Point",
       "coordinates":  [ 121.553897,25.080489 ]
    },
    "properties": {
    "name":"台北美福大飯店",
    "address":"樂群二路55號",
    "district_code":63000040,
    "type":"其他",
    "subtype":"其他場所",
    "AED_location":"1樓商務中心",
    "district":"中山區"
    }
  },
  {
    "type": "Feature",
    "geometry": {
       "type": "Point",
       "coordinates":  [ 121.5614532,25.0445736 ]
    },
    "properties": {
    "name":"誠品行旅",
    "address":"菸廠路98號",
    "district_code":63000020,
    "type":"旅宿場所",
    "subtype":"旅館",
    "AED_location":"飯店入口服務中心",
    "district":"信義區"
    }
  },
  {
    "type": "Feature",
    "geometry": {
       "type": "Point",
       "coordinates":  [ 121.531848,25.122814 ]
    },
    "properties": {
    "name":"沃田有限公司",
    "address":"中山北路7段127號",
    "district_code":63000110,
    "type":"旅宿場所",
    "subtype":"旅館",
    "AED_location":"1樓櫃檯",
    "district":"士林區"
    }
  },
  {
    "type": "Feature",
    "geometry": {
       "type": "Point",
       "coordinates":  [ 121.501697,25.138848 ]
    },
    "properties": {
    "name":"老爺榮康股份有限公司(北投老爺酒店)",
    "address":"中和街2號",
    "district_code":63000120,
    "type":"大型公眾浴場或溫泉區",
    "subtype":"溫泉區",
    "AED_location":"1F大廳",
    "district":"北投區"
    }
  },
  {
    "type": "Feature",
    "geometry": {
       "type": "Point",
       "coordinates":  [ 121.574767,25.064639 ]
    },
    "properties": {
    "name":"禮客Outlet內湖二館",
    "address":"民善街215號1F",
    "district_code":63000100,
    "type":"大型購物場所",
    "subtype":"商場",
    "AED_location":"禮客內湖二館服務台前",
    "district":"內湖區"
    }
  },
  {
    "type": "Feature",
    "geometry": {
       "type": "Point",
       "coordinates":  [ 121.5137266,25.06095826 ]
    },
    "properties": {
    "name":"臺北市政府警察局刑事警察大隊",
    "address":"重慶北路二段219號",
    "district_code":63000060,
    "type":"公眾服務單位設施",
    "subtype":"警察分局",
    "AED_location":"1樓值班台及3樓特勤中隊值班台入口",
    "district":"大同區"
    }
  },
  {
    "type": "Feature",
    "geometry": {
       "type": "Point",
       "coordinates":  [ 121.5117383,25.05222458 ]
    },
    "properties": {
    "name":"臺北市政府警察局大同分局寧夏路派出所",
    "address":"錦西街200號",
    "district_code":63000060,
    "type":"公眾服務單位設施",
    "subtype":"派出所",
    "AED_location":"一樓值勤臺右斜前方",
    "district":"大同區"
    }
  },
  {
    "type": "Feature",
    "geometry": {
       "type": "Point",
       "coordinates":  [ 121.517685,25.025864 ]
    },
    "properties": {
    "name":"臺北市政府警察局中正第二分局廈門街派出所",
    "address":"廈門街43號",
    "district_code":63000050,
    "type":"公眾服務單位設施",
    "subtype":"派出所",
    "AED_location":"值班台旁",
    "district":"中正區"
    }
  },
  {
    "type": "Feature",
    "geometry": {
       "type": "Point",
       "coordinates":  [ 121.512054,25.059224 ]
    },
    "properties": {
    "name":"臺北市政府警察局大同分局民生西路派出所",
    "address":"保安街47-1號",
    "district_code":63000060,
    "type":"公眾服務單位設施",
    "subtype":"派出所",
    "AED_location":"值班台左後方，受理報案區",
    "district":"大同區"
    }
  },
  {
    "type": "Feature",
    "geometry": {
       "type": "Point",
       "coordinates":  [ 121.538127,25.011194 ]
    },
    "properties": {
    "name":"臺北市政府警察局大安分局羅斯福路派出所",
    "address":"羅斯福路4段113巷13號(羅斯福路派出所)",
    "district_code":63000030,
    "type":"公眾服務單位設施",
    "subtype":"派出所",
    "AED_location":"派出所一樓值班台旁",
    "district":"大安區"
    }
  },
  {
    "type": "Feature",
    "geometry": {
       "type": "Point",
       "coordinates":  [ 121.535775,25.035039 ]
    },
    "properties": {
    "name":"臺北市政府警察局交通警察大隊大安分隊",
    "address":"新生南路1段157巷19號4樓",
    "district_code":63000030,
    "type":"其他",
    "subtype":"其他場所",
    "AED_location":"值班台旁",
    "district":"大安區"
    }
  },
  {
    "type": "Feature",
    "geometry": {
       "type": "Point",
       "coordinates":  [ 121.522573,25.039163 ]
    },
    "properties": {
    "name":"臺北市政府警察局中正第一分局仁愛路派出所",
    "address":"仁愛路1段19號",
    "district_code":63000050,
    "type":"公眾服務單位設施",
    "subtype":"派出所",
    "AED_location":"值班臺旁",
    "district":"中正區"
    }
  },
  {
    "type": "Feature",
    "geometry": {
       "type": "Point",
       "coordinates":  [ 121.527171,25.043674 ]
    },
    "properties": {
    "name":"臺北市政府警察局中正第一分局忠孝東路派出所",
    "address":"忠孝東路二段10號",
    "district_code":63000050,
    "type":"公眾服務單位設施",
    "subtype":"派出所",
    "AED_location":"大門口旁",
    "district":"中正區"
    }
  },
  {
    "type": "Feature",
    "geometry": {
       "type": "Point",
       "coordinates":  [ 121.532063,25.015134 ]
    },
    "properties": {
    "name":"臺北市政府警察局中正第二分局思源街派出所",
    "address":"汀州路三段72號",
    "district_code":63000050,
    "type":"公眾服務單位設施",
    "subtype":"派出所",
    "AED_location":"值班台右前方",
    "district":"中正區"
    }
  },
  {
    "type": "Feature",
    "geometry": {
       "type": "Point",
       "coordinates":  [ 121.51348,25.068829 ]
    },
    "properties": {
    "name":"臺北市政府警察局大同分局民族路派出所",
    "address":"重慶北路三段168號",
    "district_code":63000060,
    "type":"公眾服務單位設施",
    "subtype":"派出所",
    "AED_location":"進門右手邊角落(警報台旁)",
    "district":"大同區"
    }
  },
  {
    "type": "Feature",
    "geometry": {
       "type": "Point",
       "coordinates":  [ 121.552391,25.050613 ]
    },
    "properties": {
    "name":"臺北市政府警察局松山分局中崙派出所",
    "address":"南京東路4段12號",
    "district_code":63000010,
    "type":"公眾服務單位設施",
    "subtype":"派出所",
    "AED_location":"大門入口右側",
    "district":"松山區"
    }
  },
  {
    "type": "Feature",
    "geometry": {
       "type": "Point",
       "coordinates":  [ 121.54812,25.061853 ]
    },
    "properties": {
    "name":"臺北市政府警察局松山分局民有派出所",
    "address":"民權東路3段162號",
    "district_code":63000010,
    "type":"公眾服務單位設施",
    "subtype":"派出所",
    "AED_location":"民有派所值班台旁",
    "district":"松山區"
    }
  },
  {
    "type": "Feature",
    "geometry": {
       "type": "Point",
       "coordinates":  [ 121.581576,25.055359 ]
    },
    "properties": {
    "name":"臺北市政府警察局內湖分局潭美派出所",
    "address":"新明路324號",
    "district_code":63000100,
    "type":"公眾服務單位設施",
    "subtype":"派出所",
    "AED_location":"辦公室內",
    "district":"內湖區"
    }
  },
  {
    "type": "Feature",
    "geometry": {
       "type": "Point",
       "coordinates":  [ 121.517314,25.045088 ]
    },
    "properties": {
    "name":"臺北市政府警察局中正第一分局忠孝西路派出所",
    "address":"公園路15號",
    "district_code":63000050,
    "type":"公眾服務單位設施",
    "subtype":"派出所",
    "AED_location":"一樓值勤台旁",
    "district":"中正區"
    }
  },
  {
    "type": "Feature",
    "geometry": {
       "type": "Point",
       "coordinates":  [ 121.585677,25.046109 ]
    },
    "properties": {
    "name":"臺北市政府警察局南港分局同德派出所",
    "address":"同德路83號",
    "district_code":63000090,
    "type":"公眾服務單位設施",
    "subtype":"派出所",
    "AED_location":"1樓辦公室內",
    "district":"南港區"
    }
  },
  {
    "type": "Feature",
    "geometry": {
       "type": "Point",
       "coordinates":  [ 121.5228309,25.05260935 ]
    },
    "properties": {
    "name":"臺北市政府警察局中山分局",
    "address":"中山北路2段1號",
    "district_code":63000040,
    "type":"公眾服務單位設施",
    "subtype":"警察分局",
    "AED_location":"1樓大廳出入口右側",
    "district":"中山區"
    }
  },
  {
    "type": "Feature",
    "geometry": {
       "type": "Point",
       "coordinates":  [ 121.515106,25.066061 ]
    },
    "properties": {
    "name":"臺北市政府警察局交通警察大隊大同分隊",
    "address":"昌吉街57號5樓之2",
    "district_code":63000060,
    "type":"其他",
    "subtype":"其他場所",
    "AED_location":"民眾洽公服務區",
    "district":"大同區"
    }
  },
  {
    "type": "Feature",
    "geometry": {
       "type": "Point",
       "coordinates":  [ 121.511693,25.052166 ]
    },
    "properties": {
    "name":"臺北市政府警察局大同分局延平派出所",
    "address":"延平北路一段86號",
    "district_code":63000060,
    "type":"公眾服務單位設施",
    "subtype":"派出所",
    "AED_location":"值班台旁",
    "district":"大同區"
    }
  },
  {
    "type": "Feature",
    "geometry": {
       "type": "Point",
       "coordinates":  [ 121.517341,25.052725 ]
    },
    "properties": {
    "name":"臺北市政府警察局大同分局建成派出所",
    "address":"承德路1段80號",
    "district_code":63000060,
    "type":"公眾服務單位設施",
    "subtype":"派出所",
    "AED_location":"值班台右後側",
    "district":"大同區"
    }
  },
  {
    "type": "Feature",
    "geometry": {
       "type": "Point",
       "coordinates":  [ 121.521431,25.050006 ]
    },
    "properties": {
    "name":"臺北市政府警察局中山分局中山一派出所",
    "address":"中山北路一段110號",
    "district_code":63000040,
    "type":"公眾服務單位設施",
    "subtype":"派出所",
    "AED_location":"志工服務台左側",
    "district":"中山區"
    }
  },
  {
    "type": "Feature",
    "geometry": {
       "type": "Point",
       "coordinates":  [ 121.513553,25.075351 ]
    },
    "properties": {
    "name":"臺北市政府警察局大同分局重慶北路派出所",
    "address":"重慶北路三段320之2號",
    "district_code":63000060,
    "type":"公眾服務單位設施",
    "subtype":"派出所",
    "AED_location":"值勤臺右側",
    "district":"大同區"
    }
  },
  {
    "type": "Feature",
    "geometry": {
       "type": "Point",
       "coordinates":  [ 121.559617,25.0568 ]
    },
    "properties": {
    "name":"臺北市政府警察局保安警察大隊",
    "address":"延壽街339號",
    "district_code":63000010,
    "type":"公眾服務單位設施",
    "subtype":"警察分局",
    "AED_location":"2樓大廳入口處(中庭右側)",
    "district":"松山區"
    }
  },
  {
    "type": "Feature",
    "geometry": {
       "type": "Point",
       "coordinates":  [ 121.50212,25.021913 ]
    },
    "properties": {
    "name":"臺北市政府警察局萬華分局青年路派出所",
    "address":"萬大路423巷112號",
    "district_code":63000070,
    "type":"其他",
    "subtype":"其他場所",
    "AED_location":"1樓值勤臺旁",
    "district":"萬華區"
    }
  },
  {
    "type": "Feature",
    "geometry": {
       "type": "Point",
       "coordinates":  [ 121.512129,25.024225 ]
    },
    "properties": {
    "name":"臺北市政府警察局交通警察大隊直屬第三分隊",
    "address":"泉州街40號10樓",
    "district_code":63000050,
    "type":"其他",
    "subtype":"其他場所",
    "AED_location":"10樓值班台前",
    "district":"中正區"
    }
  },
  {
    "type": "Feature",
    "geometry": {
       "type": "Point",
       "coordinates":  [ 121.5137266,25.06095826 ]
    },
    "properties": {
    "name":"臺北市政府警察局刑事警察大隊",
    "address":"重慶北路二段219號",
    "district_code":63000060,
    "type":"公眾服務單位設施",
    "subtype":"警察分局",
    "AED_location":"1樓入口右邊",
    "district":"大同區"
    }
  },
  {
    "type": "Feature",
    "geometry": {
       "type": "Point",
       "coordinates":  [ 121.512073,25.024304 ]
    },
    "properties": {
    "name":"臺北市政府警察局中正第二分局泉州街派出所",
    "address":"中華路二段503號",
    "district_code":63000050,
    "type":"公眾服務單位設施",
    "subtype":"派出所",
    "AED_location":"值班台旁",
    "district":"中正區"
    }
  },
  {
    "type": "Feature",
    "geometry": {
       "type": "Point",
       "coordinates":  [ 121.512328,25.024511 ]
    },
    "properties": {
    "name":"臺北市政府警察局交通警察大隊中正第二分隊",
    "address":"泉州街40號8樓",
    "district_code":63000050,
    "type":"其他",
    "subtype":"其他場所",
    "AED_location":"8樓勤臺旁",
    "district":"中正區"
    }
  },
  {
    "type": "Feature",
    "geometry": {
       "type": "Point",
       "coordinates":  [ 121.5095664,25.0439422 ]
    },
    "properties": {
    "name":"臺北市政府警察局",
    "address":"延平南路96號1樓",
    "district_code":63000050,
    "type":"公眾服務單位設施",
    "subtype":"警察分局",
    "AED_location":"外事服務中心",
    "district":"中正區"
    }
  },
  {
    "type": "Feature",
    "geometry": {
       "type": "Point",
       "coordinates":  [ 121.516608,25.032327 ]
    },
    "properties": {
    "name":"臺北市政府警察局中正第二分局南昌路派出所",
    "address":"南昌路1段7號",
    "district_code":63000050,
    "type":"公眾服務單位設施",
    "subtype":"派出所",
    "AED_location":"值班台後方往二樓樓梯間。",
    "district":"中正區"
    }
  },
  {
    "type": "Feature",
    "geometry": {
       "type": "Point",
       "coordinates":  [ 121.511619,25.041737 ]
    },
    "properties": {
    "name":"臺北市政府警察局中正第一分局博愛路派出所",
    "address":"博愛路119號",
    "district_code":63000050,
    "type":"公眾服務單位設施",
    "subtype":"派出所",
    "AED_location":"民眾服務區櫃檯前",
    "district":"中正區"
    }
  },
  {
    "type": "Feature",
    "geometry": {
       "type": "Point",
       "coordinates":  [ 121.520938,25.047222 ]
    },
    "properties": {
    "name":"臺北市政府警察局交通警察大隊中正第一交通分隊",
    "address":"北平東路1號",
    "district_code":63000050,
    "type":"其他",
    "subtype":"其他場所",
    "AED_location":"駐地大門外側",
    "district":"中正區"
    }
  },
  {
    "type": "Feature",
    "geometry": {
       "type": "Point",
       "coordinates":  [ 121.521122,25.050229 ]
    },
    "properties": {
    "name":"臺北市政府警察局交通警察大隊中山分隊",
    "address":"長安西路3號3樓",
    "district_code":63000040,
    "type":"公眾服務單位設施",
    "subtype":"派出所",
    "AED_location":"值班台右側",
    "district":"中山區"
    }
  },
  {
    "type": "Feature",
    "geometry": {
       "type": "Point",
       "coordinates":  [ 121.513975,25.032041 ]
    },
    "properties": {
    "name":"臺北市政府警察局中正第二分局南海路派出所",
    "address":"南海路35號",
    "district_code":63000050,
    "type":"公眾服務單位設施",
    "subtype":"派出所",
    "AED_location":"值班台旁",
    "district":"中正區"
    }
  },
  {
    "type": "Feature",
    "geometry": {
       "type": "Point",
       "coordinates":  [ 121.502761,25.031112 ]
    },
    "properties": {
    "name":"臺北市政府警察局萬華分局莒光派出所",
    "address":"莒光路171號",
    "district_code":63000070,
    "type":"其他",
    "subtype":"其他場所",
    "AED_location":"一樓大門旁",
    "district":"萬華區"
    }
  },
  {
    "type": "Feature",
    "geometry": {
       "type": "Point",
       "coordinates":  [ 121.495632,25.028137 ]
    },
    "properties": {
    "name":"臺北市政府警察局萬華分局西園路派出所",
    "address":"東園街17號",
    "district_code":63000070,
    "type":"其他",
    "subtype":"其他場所",
    "AED_location":"值勤臺後方",
    "district":"萬華區"
    }
  },
  {
    "type": "Feature",
    "geometry": {
       "type": "Point",
       "coordinates":  [ 121.498205,25.022316 ]
    },
    "properties": {
    "name":"臺北市政府警察局萬華分局東園街派出所",
    "address":"長泰街130號",
    "district_code":63000070,
    "type":"其他",
    "subtype":"其他場所",
    "AED_location":"值勤臺旁",
    "district":"萬華區"
    }
  },
  {
    "type": "Feature",
    "geometry": {
       "type": "Point",
       "coordinates":  [ 121.569151,25.079179 ]
    },
    "properties": {
    "name":"臺北市政府警察局內湖分局西湖派出所",
    "address":"瑞光路515號",
    "district_code":63000100,
    "type":"公眾服務單位設施",
    "subtype":"派出所",
    "AED_location":"派出所備勤室",
    "district":"內湖區"
    }
  },
  {
    "type": "Feature",
    "geometry": {
       "type": "Point",
       "coordinates":  [ 121.503935,25.037834 ]
    },
    "properties": {
    "name":"臺北市政府警察局萬華分局龍山機動派出所",
    "address":"昆明街245號",
    "district_code":63000070,
    "type":"其他",
    "subtype":"其他場所",
    "AED_location":"1樓電腦桌辦公室內",
    "district":"萬華區"
    }
  },
  {
    "type": "Feature",
    "geometry": {
       "type": "Point",
       "coordinates":  [ 121.589565,25.069189 ]
    },
    "properties": {
    "name":"臺北市政府警察局內湖分局(本部)",
    "address":"民權東路6段101號",
    "district_code":63000100,
    "type":"公眾服務單位設施",
    "subtype":"警察分局",
    "AED_location":"1樓便民服務臺後面",
    "district":"內湖區"
    }
  },
  {
    "type": "Feature",
    "geometry": {
       "type": "Point",
       "coordinates":  [ 121.578944,25.066589 ]
    },
    "properties": {
    "name":"臺北市政府警察局內湖分局文德派出所",
    "address":"民權東路6段26號",
    "district_code":63000100,
    "type":"公眾服務單位設施",
    "subtype":"派出所",
    "AED_location":"派出所值班台後方",
    "district":"內湖區"
    }
  },
  {
    "type": "Feature",
    "geometry": {
       "type": "Point",
       "coordinates":  [ 121.502865,25.045083 ]
    },
    "properties": {
    "name":"臺北市政府警察局萬華分局西門町派出所",
    "address":"康定路22號1樓",
    "district_code":63000070,
    "type":"其他",
    "subtype":"其他場所",
    "AED_location":"值勤臺旁",
    "district":"萬華區"
    }
  },
  {
    "type": "Feature",
    "geometry": {
       "type": "Point",
       "coordinates":  [ 121.507367,25.042099 ]
    },
    "properties": {
    "name":"臺北市政府警察局萬華分局西門町機動所",
    "address":"漢中街122號",
    "district_code":63000070,
    "type":"其他",
    "subtype":"其他場所",
    "AED_location":"1樓值勤臺旁",
    "district":"萬華區"
    }
  },
  {
    "type": "Feature",
    "geometry": {
       "type": "Point",
       "coordinates":  [ 121.499354,25.03858 ]
    },
    "properties": {
    "name":"臺北市政府警察局萬華分局龍山派出所",
    "address":"桂林路135號1樓",
    "district_code":63000070,
    "type":"其他",
    "subtype":"其他場所",
    "AED_location":"一樓值班台旁",
    "district":"萬華區"
    }
  },
  {
    "type": "Feature",
    "geometry": {
       "type": "Point",
       "coordinates":  [ 121.498298,25.034403 ]
    },
    "properties": {
    "name":"臺北市政府警察局萬華分局大理街派出所",
    "address":"大理街99號",
    "district_code":63000070,
    "type":"其他",
    "subtype":"其他場所",
    "AED_location":"大門入口左側",
    "district":"萬華區"
    }
  },
  {
    "type": "Feature",
    "geometry": {
       "type": "Point",
       "coordinates":  [ 121.527944,25.059955 ]
    },
    "properties": {
    "name":"臺北市政府警察局中山分局民權一派出所",
    "address":"新生北路二段127之1號",
    "district_code":63000040,
    "type":"公眾服務單位設施",
    "subtype":"派出所",
    "AED_location":"派出所內，詳洽值班台",
    "district":"中山區"
    }
  },
  {
    "type": "Feature",
    "geometry": {
       "type": "Point",
       "coordinates":  [ 121.507367,25.042099 ]
    },
    "properties": {
    "name":"臺北市政府警察局萬華分局西門町機動所",
    "address":"漢中街122號",
    "district_code":63000070,
    "type":"其他",
    "subtype":"其他場所",
    "AED_location":"進大門口右側受理報案區前方",
    "district":"萬華區"
    }
  },
  {
    "type": "Feature",
    "geometry": {
       "type": "Point",
       "coordinates":  [ 121.493218,25.034285 ]
    },
    "properties": {
    "name":"臺北市政府警察局萬華分局華江派出所",
    "address":"環河南路2段196號",
    "district_code":63000070,
    "type":"其他",
    "subtype":"其他場所",
    "AED_location":"值勤台右側",
    "district":"萬華區"
    }
  },
  {
    "type": "Feature",
    "geometry": {
       "type": "Point",
       "coordinates":  [ 121.495492,25.036893 ]
    },
    "properties": {
    "name":"臺北市政府警察局交通警察大隊萬華分隊",
    "address":"環河南路2段102號6樓",
    "district_code":63000070,
    "type":"其他",
    "subtype":"其他場所",
    "AED_location":"值班台入口前",
    "district":"萬華區"
    }
  },
  {
    "type": "Feature",
    "geometry": {
       "type": "Point",
       "coordinates":  [ 121.510978,25.035289 ]
    },
    "properties": {
    "name":"臺北市政府警察局交通警察大隊",
    "address":"愛國西路26號",
    "district_code":63000050,
    "type":"公眾服務單位設施",
    "subtype":"警察分局",
    "AED_location":"1樓值勤臺左側門旁",
    "district":"中正區"
    }
  },
  {
    "type": "Feature",
    "geometry": {
       "type": "Point",
       "coordinates":  [ 121.50051,25.035082 ]
    },
    "properties": {
    "name":"臺北市政府警察局萬華分局康定路派出所",
    "address":"和平西路3段112號",
    "district_code":63000070,
    "type":"其他",
    "subtype":"其他場所",
    "AED_location":"辦公室內",
    "district":"萬華區"
    }
  },
  {
    "type": "Feature",
    "geometry": {
       "type": "Point",
       "coordinates":  [ 121.515535,25.039994 ]
    },
    "properties": {
    "name":"臺北市政府警察局中正第一分局介壽路派出所",
    "address":"公園路54號",
    "district_code":63000050,
    "type":"公眾服務單位設施",
    "subtype":"派出所",
    "AED_location":"派出所1樓辦公室後方",
    "district":"中正區"
    }
  },
  {
    "type": "Feature",
    "geometry": {
       "type": "Point",
       "coordinates":  [ 121.546911,25.040373 ]
    },
    "properties": {
    "name":"臺北市政府警察局大安分局敦化南路派出所",
    "address":"復興南路1段219-1號",
    "district_code":63000030,
    "type":"公眾服務單位設施",
    "subtype":"派出所",
    "AED_location":"值班臺旁",
    "district":"大安區"
    }
  },
  {
    "type": "Feature",
    "geometry": {
       "type": "Point",
       "coordinates":  [ 121.533106,25.037872 ]
    },
    "properties": {
    "name":"臺北市政府警察局大安分局",
    "address":"仁愛路3段2號",
    "district_code":63000030,
    "type":"公眾服務單位設施",
    "subtype":"警察分局",
    "AED_location":"1樓大廳值班臺旁",
    "district":"大安區"
    }
  },
  {
    "type": "Feature",
    "geometry": {
       "type": "Point",
       "coordinates":  [ 121.574983,24.986398 ]
    },
    "properties": {
    "name":"國立政治大學",
    "address":"指南路2段64號",
    "district_code":63000080,
    "type":"學校、大型集會場所",
    "subtype":"大專院校",
    "AED_location":"政治大學自強二舍大門內側",
    "district":"文山區"
    }
  },
  {
    "type": "Feature",
    "geometry": {
       "type": "Point",
       "coordinates":  [ 121.561478,24.998038 ]
    },
    "properties": {
    "name":"臺灣警察專科學校",
    "address":"興隆路三段153號",
    "district_code":63000080,
    "type":"學校、大型集會場所",
    "subtype":"大專院校",
    "AED_location":"樂群樓2樓",
    "district":"文山區"
    }
  },
  {
    "type": "Feature",
    "geometry": {
       "type": "Point",
       "coordinates":  [ 121.508698,25.040286 ]
    },
    "properties": {
    "name":"社團法人中華民國軍人之友社台北國軍英雄館",
    "address":"長沙街1段20號",
    "district_code":63000050,
    "type":"其他",
    "subtype":"其他場所",
    "AED_location":"7樓1至3號電梯外",
    "district":"中正區"
    }
  },
  {
    "type": "Feature",
    "geometry": {
       "type": "Point",
       "coordinates":  [ 121.561478,24.998038 ]
    },
    "properties": {
    "name":"臺灣警察專科學校",
    "address":"興隆路三段153號",
    "district_code":63000080,
    "type":"學校、大型集會場所",
    "subtype":"大專院校",
    "AED_location":"游泳池入口處",
    "district":"文山區"
    }
  },
  {
    "type": "Feature",
    "geometry": {
       "type": "Point",
       "coordinates":  [ 121.561478,24.998038 ]
    },
    "properties": {
    "name":"臺灣警察專科學校",
    "address":"興隆路三段153號",
    "district_code":63000080,
    "type":"學校、大型集會場所",
    "subtype":"大專院校",
    "AED_location":"大禮堂1樓",
    "district":"文山區"
    }
  },
  {
    "type": "Feature",
    "geometry": {
       "type": "Point",
       "coordinates":  [ 121.517957,25.08728 ]
    },
    "properties": {
    "name":"臺北市政府警察局士林分局後港派出所",
    "address":"福港街151號1樓",
    "district_code":63000110,
    "type":"其他",
    "subtype":"其他場所",
    "AED_location":"大門右邊",
    "district":"士林區"
    }
  },
  {
    "type": "Feature",
    "geometry": {
       "type": "Point",
       "coordinates":  [ 121.561478,24.998038 ]
    },
    "properties": {
    "name":"臺灣警察專科學校",
    "address":"興隆路三段153號",
    "district_code":63000080,
    "type":"學校、大型集會場所",
    "subtype":"大專院校",
    "AED_location":"民生樓1樓",
    "district":"文山區"
    }
  },
  {
    "type": "Feature",
    "geometry": {
       "type": "Point",
       "coordinates":  [ 121.530509,25.026615 ]
    },
    "properties": {
    "name":"臺北市政府警察局大安分局和平東路派出所",
    "address":"和平東路1段143號",
    "district_code":63000030,
    "type":"公眾服務單位設施",
    "subtype":"派出所",
    "AED_location":"1樓門口值班臺前",
    "district":"大安區"
    }
  },
  {
    "type": "Feature",
    "geometry": {
       "type": "Point",
       "coordinates":  [ 121.551835,25.018001 ]
    },
    "properties": {
    "name":"臺北市政府警察局大安分局臥龍街派出所",
    "address":"臥龍街185號",
    "district_code":63000030,
    "type":"公眾服務單位設施",
    "subtype":"派出所",
    "AED_location":"大門入口處",
    "district":"大安區"
    }
  },
  {
    "type": "Feature",
    "geometry": {
       "type": "Point",
       "coordinates":  [ 121.574318,25.033095 ]
    },
    "properties": {
    "name":"臺北市政府警察局婦幼警察隊",
    "address":"信義路5段180號",
    "district_code":63000020,
    "type":"其他",
    "subtype":"其他場所",
    "AED_location":"1樓大廳右方",
    "district":"信義區"
    }
  },
  {
    "type": "Feature",
    "geometry": {
       "type": "Point",
       "coordinates":  [ 121.552185,25.032995 ]
    },
    "properties": {
    "name":"臺北市政府警察局大安分局安和路派出所",
    "address":"信義路四段216號",
    "district_code":63000030,
    "type":"公眾服務單位設施",
    "subtype":"派出所",
    "AED_location":"一樓值班臺旁",
    "district":"大安區"
    }
  },
  {
    "type": "Feature",
    "geometry": {
       "type": "Point",
       "coordinates":  [ 121.545068,25.031193 ]
    },
    "properties": {
    "name":"臺北市政府警察局大安分局瑞安街派出所",
    "address":"瑞安街23巷17號",
    "district_code":63000030,
    "type":"公眾服務單位設施",
    "subtype":"派出所",
    "AED_location":"值班台旁鏡子前",
    "district":"大安區"
    }
  },
  {
    "type": "Feature",
    "geometry": {
       "type": "Point",
       "coordinates":  [ 121.597549,25.081261 ]
    },
    "properties": {
    "name":"臺北市政府警察局內湖分局康寧派出所",
    "address":"金湖路83號",
    "district_code":63000100,
    "type":"公眾服務單位設施",
    "subtype":"派出所",
    "AED_location":"值勤臺後方",
    "district":"內湖區"
    }
  },
  {
    "type": "Feature",
    "geometry": {
       "type": "Point",
       "coordinates":  [ 121.523005,25.046835 ]
    },
    "properties": {
    "name":"臺北市稅捐稽徵處",
    "address":"北平東路7之2號",
    "district_code":63000050,
    "type":"其他",
    "subtype":"其他場所",
    "AED_location":"前棟1樓東側走廊",
    "district":"中正區"
    }
  },
  {
    "type": "Feature",
    "geometry": {
       "type": "Point",
       "coordinates":  [ 121.574983,24.986398 ]
    },
    "properties": {
    "name":"國立政治大學",
    "address":"指南路2段64號",
    "district_code":63000080,
    "type":"學校、大型集會場所",
    "subtype":"大專院校",
    "AED_location":"研究總中心",
    "district":"文山區"
    }
  },
  {
    "type": "Feature",
    "geometry": {
       "type": "Point",
       "coordinates":  [ 121.618388,25.070427 ]
    },
    "properties": {
    "name":"臺北市政府警察局內湖分局康樂派出所",
    "address":"康樂街110巷16弄20號",
    "district_code":63000100,
    "type":"公眾服務單位設施",
    "subtype":"派出所",
    "AED_location":"一樓值班臺",
    "district":"內湖區"
    }
  },
  {
    "type": "Feature",
    "geometry": {
       "type": "Point",
       "coordinates":  [ 121.546359,25.137285 ]
    },
    "properties": {
    "name":"臺北市政府警察局士林分局山仔后派出所",
    "address":"格致路39號",
    "district_code":63000110,
    "type":"公眾服務單位設施",
    "subtype":"派出所",
    "AED_location":"派出所內值班台旁",
    "district":"士林區"
    }
  },
  {
    "type": "Feature",
    "geometry": {
       "type": "Point",
       "coordinates":  [ 121.577867,24.987381 ]
    },
    "properties": {
    "name":"臺北市政府警察局文山第一分局指南派出所",
    "address":"指南路2段177號1樓",
    "district_code":63000080,
    "type":"公眾服務單位設施",
    "subtype":"派出所",
    "AED_location":"值班台後方",
    "district":"文山區"
    }
  },
  {
    "type": "Feature",
    "geometry": {
       "type": "Point",
       "coordinates":  [ 121.504243,25.13737 ]
    },
    "properties": {
    "name":"臺北市政府警察局北投分局光明派出所",
    "address":"泉源路14號",
    "district_code":63000120,
    "type":"公眾服務單位設施",
    "subtype":"派出所",
    "AED_location":"大門進入右側",
    "district":"北投區"
    }
  },
  {
    "type": "Feature",
    "geometry": {
       "type": "Point",
       "coordinates":  [ 121.537886,25.101122 ]
    },
    "properties": {
    "name":"臺北市政府警察局士林分局芝山岩派出所",
    "address":"仰德大道一段16號",
    "district_code":63000110,
    "type":"其他",
    "subtype":"其他場所",
    "AED_location":"一樓便民服務區內",
    "district":"士林區"
    }
  },
  {
    "type": "Feature",
    "geometry": {
       "type": "Point",
       "coordinates":  [ 121.532966,25.125001 ]
    },
    "properties": {
    "name":"臺北市政府警察局士林分局天母派出所",
    "address":"中山北路七段192號",
    "district_code":63000110,
    "type":"公眾服務單位設施",
    "subtype":"派出所",
    "AED_location":"派出所內值勤台旁",
    "district":"士林區"
    }
  },
  {
    "type": "Feature",
    "geometry": {
       "type": "Point",
       "coordinates":  [ 121.508044,25.127651 ]
    },
    "properties": {
    "name":"臺北市政府警察局北投分局奇岩派出所",
    "address":"公館路209巷11號",
    "district_code":63000120,
    "type":"公眾服務單位設施",
    "subtype":"派出所",
    "AED_location":"1樓值班台旁",
    "district":"北投區"
    }
  },
  {
    "type": "Feature",
    "geometry": {
       "type": "Point",
       "coordinates":  [ 121.512507,25.109935 ]
    },
    "properties": {
    "name":"臺北市政府警察局北投分局石牌派出所",
    "address":"文林北路296號",
    "district_code":63000120,
    "type":"公眾服務單位設施",
    "subtype":"派出所",
    "AED_location":"1樓偵詢室旁",
    "district":"北投區"
    }
  },
  {
    "type": "Feature",
    "geometry": {
       "type": "Point",
       "coordinates":  [ 121.517957,25.08728 ]
    },
    "properties": {
    "name":"臺北市政府警察局交通警察大隊士林分隊",
    "address":"福港街151號6樓",
    "district_code":63000110,
    "type":"其他",
    "subtype":"其他場所",
    "AED_location":"交通分隊辦公室值勤台後方",
    "district":"士林區"
    }
  },
  {
    "type": "Feature",
    "geometry": {
       "type": "Point",
       "coordinates":  [ 121.544124,25.079511 ]
    },
    "properties": {
    "name":"臺北市政府警察局中山分局大直派出所",
    "address":"北安路456號",
    "district_code":63000040,
    "type":"公眾服務單位設施",
    "subtype":"派出所",
    "AED_location":"大門口旁",
    "district":"中山區"
    }
  },
  {
    "type": "Feature",
    "geometry": {
       "type": "Point",
       "coordinates":  [ 121.546886,25.000021 ]
    },
    "properties": {
    "name":"臺北市政府警察局交通警察大隊文山第二分隊",
    "address":"興隆路2段95巷8號",
    "district_code":63000080,
    "type":"公眾服務單位設施",
    "subtype":"派出所",
    "AED_location":"1樓辦公室內",
    "district":"文山區"
    }
  },
  {
    "type": "Feature",
    "geometry": {
       "type": "Point",
       "coordinates":  [ 121.548615,25.148752 ]
    },
    "properties": {
    "name":"臺北市政府警察局北投分局公園派出所",
    "address":"紗帽路110號",
    "district_code":63000120,
    "type":"公眾服務單位設施",
    "subtype":"派出所",
    "AED_location":"門口旁",
    "district":"北投區"
    }
  },
  {
    "type": "Feature",
    "geometry": {
       "type": "Point",
       "coordinates":  [ 121.541107,24.992734 ]
    },
    "properties": {
    "name":"臺北市政府警察局文山第二分局景美派出所",
    "address":"景中街2號",
    "district_code":63000080,
    "type":"公眾服務單位設施",
    "subtype":"派出所",
    "AED_location":"值班臺旁邊",
    "district":"文山區"
    }
  },
  {
    "type": "Feature",
    "geometry": {
       "type": "Point",
       "coordinates":  [ 121.560262,25.108126 ]
    },
    "properties": {
    "name":"臺北市政府警察局士林分局翠山派出所",
    "address":"中社路一段56號",
    "district_code":63000110,
    "type":"其他",
    "subtype":"其他場所",
    "AED_location":"值班台左前方",
    "district":"士林區"
    }
  },
  {
    "type": "Feature",
    "geometry": {
       "type": "Point",
       "coordinates":  [ 121.563546,24.988789 ]
    },
    "properties": {
    "name":"臺北市政府警察局文山第一分局木柵派出所",
    "address":"木柵路二段202號",
    "district_code":63000080,
    "type":"公眾服務單位設施",
    "subtype":"派出所",
    "AED_location":"木柵派出所大門旁(由外面對大門，門內右邊)",
    "district":"文山區"
    }
  },
  {
    "type": "Feature",
    "geometry": {
       "type": "Point",
       "coordinates":  [ 121.538908,25.003904 ]
    },
    "properties": {
    "name":"臺北市政府警察局文山第二分局萬盛派出所",
    "address":"羅斯福路5段151號",
    "district_code":63000080,
    "type":"公眾服務單位設施",
    "subtype":"派出所",
    "AED_location":"一樓受理報案區旁",
    "district":"文山區"
    }
  },
  {
    "type": "Feature",
    "geometry": {
       "type": "Point",
       "coordinates":  [ 121.501298,25.133282 ]
    },
    "properties": {
    "name":"臺北市政府警察局北投分局長安派出所",
    "address":"中央北路1段1號1樓",
    "district_code":63000120,
    "type":"公眾服務單位設施",
    "subtype":"派出所",
    "AED_location":"入口進門左手邊",
    "district":"北投區"
    }
  },
  {
    "type": "Feature",
    "geometry": {
       "type": "Point",
       "coordinates":  [ 121.576473,25.131156 ]
    },
    "properties": {
    "name":"臺北市政府警察局士林分局溪山派出所平等駐在所",
    "address":"平等里平菁街86號",
    "district_code":63000110,
    "type":"其他",
    "subtype":"其他場所",
    "AED_location":"值勤臺後方",
    "district":"士林區"
    }
  },
  {
    "type": "Feature",
    "geometry": {
       "type": "Point",
       "coordinates":  [ 121.465947,25.122997 ]
    },
    "properties": {
    "name":"臺北市政府警察局北投分局關渡派出所",
    "address":"關渡里大度路3段305號",
    "district_code":63000120,
    "type":"公眾服務單位設施",
    "subtype":"派出所",
    "AED_location":"值班台右側",
    "district":"北投區"
    }
  },
  {
    "type": "Feature",
    "geometry": {
       "type": "Point",
       "coordinates":  [ 121.584527,25.119736 ]
    },
    "properties": {
    "name":"臺北市政府警察局士林分局溪山派出所",
    "address":"至善路3段263號",
    "district_code":63000110,
    "type":"其他",
    "subtype":"其他場所",
    "AED_location":"大門入口右側",
    "district":"士林區"
    }
  },
  {
    "type": "Feature",
    "geometry": {
       "type": "Point",
       "coordinates":  [ 121.552328,25.118447 ]
    },
    "properties": {
    "name":"臺北市政府警察局士林分局永福派出所",
    "address":"仰德大道三段49號",
    "district_code":63000110,
    "type":"公眾服務單位設施",
    "subtype":"派出所",
    "AED_location":"值班台旁",
    "district":"士林區"
    }
  },
  {
    "type": "Feature",
    "geometry": {
       "type": "Point",
       "coordinates":  [ 121.547017,24.986769 ]
    },
    "properties": {
    "name":"臺北市政府警察局文山第一分局復興派出所",
    "address":"木柵路一段54號",
    "district_code":63000080,
    "type":"公眾服務單位設施",
    "subtype":"派出所",
    "AED_location":"受理民眾E化報案區旁",
    "district":"文山區"
    }
  },
  {
    "type": "Feature",
    "geometry": {
       "type": "Point",
       "coordinates":  [ 121.61299,25.067469 ]
    },
    "properties": {
    "name":"臺北市政府警察局內湖分局東湖派出所",
    "address":"五分街10號",
    "district_code":63000100,
    "type":"公眾服務單位設施",
    "subtype":"派出所",
    "AED_location":"進門左側",
    "district":"內湖區"
    }
  },
  {
    "type": "Feature",
    "geometry": {
       "type": "Point",
       "coordinates":  [ 121.567298,24.982404 ]
    },
    "properties": {
    "name":"臺北市政府警察局文山第一分局木新派出所",
    "address":"恆光街45號",
    "district_code":63000080,
    "type":"公眾服務單位設施",
    "subtype":"派出所",
    "AED_location":"一樓為民服務區內",
    "district":"文山區"
    }
  },
  {
    "type": "Feature",
    "geometry": {
       "type": "Point",
       "coordinates":  [ 121.551187,25.001512 ]
    },
    "properties": {
    "name":"臺北市政府警察局文山第二分局興隆派出所",
    "address":"興隆路2段156號",
    "district_code":63000080,
    "type":"公眾服務單位設施",
    "subtype":"派出所",
    "AED_location":"派出所大門口",
    "district":"文山區"
    }
  },
  {
    "type": "Feature",
    "geometry": {
       "type": "Point",
       "coordinates":  [ 121.526763,25.090688 ]
    },
    "properties": {
    "name":"臺北市政府警察局士林分局文林派出所",
    "address":"文林路235號",
    "district_code":63000110,
    "type":"其他",
    "subtype":"其他場所",
    "AED_location":"一樓值勤台旁",
    "district":"士林區"
    }
  },
  {
    "type": "Feature",
    "geometry": {
       "type": "Point",
       "coordinates":  [ 121.566897,25.002266 ]
    },
    "properties": {
    "name":"臺北市政府警察局交通警察大隊文山一分隊",
    "address":"萬美街1段50號3樓",
    "district_code":63000080,
    "type":"公眾服務單位設施",
    "subtype":"派出所",
    "AED_location":"辦公室門口",
    "district":"文山區"
    }
  },
  {
    "type": "Feature",
    "geometry": {
       "type": "Point",
       "coordinates":  [ 121.49335,25.145513 ]
    },
    "properties": {
    "name":"臺北市政府警察局北投分局大屯派出所",
    "address":"中和街534號",
    "district_code":63000120,
    "type":"公眾服務單位設施",
    "subtype":"派出所",
    "AED_location":"值班台後方",
    "district":"北投區"
    }
  },
  {
    "type": "Feature",
    "geometry": {
       "type": "Point",
       "coordinates":  [ 121.576762,25.078846 ]
    },
    "properties": {
    "name":"臺北市政府警察局內湖分局港墘派出所",
    "address":"內湖路1段550號",
    "district_code":63000100,
    "type":"公眾服務單位設施",
    "subtype":"派出所",
    "AED_location":"值勤臺後方",
    "district":"內湖區"
    }
  },
  {
    "type": "Feature",
    "geometry": {
       "type": "Point",
       "coordinates":  [ 121.540207,25.167467 ]
    },
    "properties": {
    "name":"臺北市政府警察局北投分局竹子湖派出所",
    "address":"竹子湖路16號",
    "district_code":63000120,
    "type":"公眾服務單位設施",
    "subtype":"派出所",
    "AED_location":"派出所內值班台左側",
    "district":"北投區"
    }
  },
  {
    "type": "Feature",
    "geometry": {
       "type": "Point",
       "coordinates":  [ 121.590133,25.082075 ]
    },
    "properties": {
    "name":"臺北市政府警察局內湖分局內湖派出所",
    "address":"內湖路二段261號",
    "district_code":63000100,
    "type":"公眾服務單位設施",
    "subtype":"派出所",
    "AED_location":"便民服務室內",
    "district":"內湖區"
    }
  },
  {
    "type": "Feature",
    "geometry": {
       "type": "Point",
       "coordinates":  [ 121.524685,25.106571 ]
    },
    "properties": {
    "name":"臺北市政府警察局士林分局蘭雅派出所",
    "address":"中山北路6段153號",
    "district_code":63000110,
    "type":"其他",
    "subtype":"其他場所",
    "AED_location":"大門口右側，民眾服務區後方",
    "district":"士林區"
    }
  },
  {
    "type": "Feature",
    "geometry": {
       "type": "Point",
       "coordinates":  [ 121.5055377,25.08965604 ]
    },
    "properties": {
    "name":"臺北市政府警察局士林分局社子派出所",
    "address":"延平北路6段200號",
    "district_code":63000110,
    "type":"其他",
    "subtype":"其他場所",
    "AED_location":"值勤台旁",
    "district":"士林區"
    }
  },
  {
    "type": "Feature",
    "geometry": {
       "type": "Point",
       "coordinates":  [ 121.516949,25.117934 ]
    },
    "properties": {
    "name":"臺北市政府警察局北投分局永明派出所",
    "address":"石牌路2段101號",
    "district_code":63000120,
    "type":"公眾服務單位設施",
    "subtype":"派出所",
    "AED_location":"值勤臺旁",
    "district":"北投區"
    }
  },
  {
    "type": "Feature",
    "geometry": {
       "type": "Point",
       "coordinates":  [ 121.524852,25.072594 ]
    },
    "properties": {
    "name":"臺北市立美術館",
    "address":"中山北路三段181號",
    "district_code":63000040,
    "type":"其他",
    "subtype":"其他場所",
    "AED_location":"大門入口",
    "district":"中山區"
    }
  },
  {
    "type": "Feature",
    "geometry": {
       "type": "Point",
       "coordinates":  [ 121.520172,25.025111 ]
    },
    "properties": {
    "name":"臺北市私立強恕高級中學",
    "address":"汀州路2段143號",
    "district_code":63000050,
    "type":"學校、大型集會場所",
    "subtype":"高中職",
    "AED_location":"健康中心內",
    "district":"中正區"
    }
  },
  {
    "type": "Feature",
    "geometry": {
       "type": "Point",
       "coordinates":  [ 121.561022,25.03369 ]
    },
    "properties": {
    "name":"外貿協會台北國際會議中心",
    "address":"信義路5段1號",
    "district_code":63000020,
    "type":"大型休閒場所",
    "subtype":"演藝廳",
    "AED_location":"2樓",
    "district":"信義區"
    }
  },
  {
    "type": "Feature",
    "geometry": {
       "type": "Point",
       "coordinates":  [ 121.540099,24.998245 ]
    },
    "properties": {
    "name":"北都汽車股份有限公司(文山所廠)",
    "address":"羅斯福路六段92巷2號B1",
    "district_code":63000080,
    "type":"其他",
    "subtype":"其他場所",
    "AED_location":"一樓辦公室左側",
    "district":"文山區"
    }
  },
  {
    "type": "Feature",
    "geometry": {
       "type": "Point",
       "coordinates":  [ 121.561022,25.03369 ]
    },
    "properties": {
    "name":"外貿協會台北國際會議中心",
    "address":"信義路5段1號",
    "district_code":63000020,
    "type":"大型休閒場所",
    "subtype":"演藝廳",
    "AED_location":"3樓",
    "district":"信義區"
    }
  },
  {
    "type": "Feature",
    "geometry": {
       "type": "Point",
       "coordinates":  [ 121.519244,25.037355 ]
    },
    "properties": {
    "name":"國家表演藝術中心國家兩廳院(國家音樂廳)",
    "address":"中山南路21-1號",
    "district_code":63000050,
    "type":"大型休閒場所",
    "subtype":"電影片映演場所(戲院、電影院)",
    "AED_location":"音樂廳1樓",
    "district":"中正區"
    }
  },
  {
    "type": "Feature",
    "geometry": {
       "type": "Point",
       "coordinates":  [ 121.561022,25.03369 ]
    },
    "properties": {
    "name":"外貿協會台北國際會議中心",
    "address":"信義路5段1號",
    "district_code":63000020,
    "type":"大型休閒場所",
    "subtype":"演藝廳",
    "AED_location":"4樓",
    "district":"信義區"
    }
  },
  {
    "type": "Feature",
    "geometry": {
       "type": "Point",
       "coordinates":  [ 121.555235,25.02652 ]
    },
    "properties": {
    "name":"北都汽車股份有限公司-信義廠",
    "address":"基隆路二段149-36號",
    "district_code":63000020,
    "type":"其他",
    "subtype":"其他場所",
    "AED_location":"客休室助理背後",
    "district":"信義區"
    }
  },
  {
    "type": "Feature",
    "geometry": {
       "type": "Point",
       "coordinates":  [ 121.498835,25.029107 ]
    },
    "properties": {
    "name":"臺北市立萬華國民中學",
    "address":"西藏路201號",
    "district_code":63000070,
    "type":"其他",
    "subtype":"其他場所",
    "AED_location":"健康中心內",
    "district":"萬華區"
    }
  },
  {
    "type": "Feature",
    "geometry": {
       "type": "Point",
       "coordinates":  [ 121.610599,25.063786 ]
    },
    "properties": {
    "name":"北都汽車股份有限公司-東湖廠",
    "address":"潭美街791號",
    "district_code":63000100,
    "type":"其他",
    "subtype":"其他場所",
    "AED_location":"工廠內客戶休息室",
    "district":"內湖區"
    }
  },
  {
    "type": "Feature",
    "geometry": {
       "type": "Point",
       "coordinates":  [ 121.519244,25.037355 ]
    },
    "properties": {
    "name":"國家表演藝術中心國家兩廳院(國家音樂廳)",
    "address":"中山南路21-1號",
    "district_code":63000050,
    "type":"大型休閒場所",
    "subtype":"電影片映演場所(戲院、電影院)",
    "AED_location":"音樂廳一號門售票口",
    "district":"中正區"
    }
  },
  {
    "type": "Feature",
    "geometry": {
       "type": "Point",
       "coordinates":  [ 121.523071,25.085741 ]
    },
    "properties": {
    "name":"英業達股份有限公司D棟",
    "address":"承德路四段166號",
    "district_code":63000110,
    "type":"其他",
    "subtype":"其他場所",
    "AED_location":"公司D棟大廳",
    "district":"士林區"
    }
  },
  {
    "type": "Feature",
    "geometry": {
       "type": "Point",
       "coordinates":  [ 121.5283693,25.05188954 ]
    },
    "properties": {
    "name":"STEPX FITNESS",
    "address":"南京東路二段八號B1",
    "district_code":63000040,
    "type":"學校、大型集會場所",
    "subtype":"健身房",
    "AED_location":"健身房內",
    "district":"中山區"
    }
  },
  {
    "type": "Feature",
    "geometry": {
       "type": "Point",
       "coordinates":  [ 121.557303,25.042523 ]
    },
    "properties": {
    "name":"漢杰健康事業股份有限公司(HowHowGym好好健身)",
    "address":"光復南路180巷6號2樓",
    "district_code":63000030,
    "type":"學校、大型集會場所",
    "subtype":"健身房",
    "AED_location":"飲水機上方",
    "district":"大安區"
    }
  },
  {
    "type": "Feature",
    "geometry": {
       "type": "Point",
       "coordinates":  [ 121.5564462,25.02116541 ]
    },
    "properties": {
    "name":"體育客團體教室",
    "address":"富陽街90號1樓",
    "district_code":63000020,
    "type":"其他",
    "subtype":"其他場所",
    "AED_location":"本院大廳",
    "district":"信義區"
    }
  },
  {
    "type": "Feature",
    "geometry": {
       "type": "Point",
       "coordinates":  [ 121.5024596,25.1265032 ]
    },
    "properties": {
    "name":"耐森健身工作室",
    "address":"三合街二段435號1樓",
    "district_code":63000120,
    "type":"學校、大型集會場所",
    "subtype":"健身房",
    "AED_location":"大廳",
    "district":"北投區"
    }
  },
  {
    "type": "Feature",
    "geometry": {
       "type": "Point",
       "coordinates":  [ 121.5550116,25.0302378 ]
    },
    "properties": {
    "name":"香港商世界健身事業有限公司台北通化分公司",
    "address":"臨江街87號2樓",
    "district_code":63000030,
    "type":"學校、大型集會場所",
    "subtype":"健身房",
    "AED_location":"2樓大廳",
    "district":"大安區"
    }
  },
  {
    "type": "Feature",
    "geometry": {
       "type": "Point",
       "coordinates":  [ 121.611276,25.070238 ]
    },
    "properties": {
    "name":"香港商世界健身事業有限公司內湖分公司",
    "address":"康寧路3段72號6樓",
    "district_code":63000100,
    "type":"學校、大型集會場所",
    "subtype":"健身房",
    "AED_location":"8F教練部重訓區",
    "district":"內湖區"
    }
  },
  {
    "type": "Feature",
    "geometry": {
       "type": "Point",
       "coordinates":  [ 121.526814,25.112934 ]
    },
    "properties": {
    "name":"臺北市士林區士東國民小學",
    "address":"中山北路六段392號",
    "district_code":63000110,
    "type":"其他",
    "subtype":"其他場所",
    "AED_location":"士東國小附設幼兒園內",
    "district":"士林區"
    }
  },
  {
    "type": "Feature",
    "geometry": {
       "type": "Point",
       "coordinates":  [ 121.566897,25.002266 ]
    },
    "properties": {
    "name":"臺北市政府警察局文山第一分局萬芳派出所",
    "address":"萬美街1段50號",
    "district_code":63000080,
    "type":"公眾服務單位設施",
    "subtype":"派出所",
    "AED_location":"大門入口左側",
    "district":"文山區"
    }
  },
  {
    "type": "Feature",
    "geometry": {
       "type": "Point",
       "coordinates":  [ 121.5095664,25.0439422 ]
    },
    "properties": {
    "name":"臺北市政府警察局",
    "address":"延平南路96號1樓",
    "district_code":63000050,
    "type":"公眾服務單位設施",
    "subtype":"警察分局",
    "AED_location":"本局大廳",
    "district":"中正區"
    }
  },
  {
    "type": "Feature",
    "geometry": {
       "type": "Point",
       "coordinates":  [ 121.601403,25.084248 ]
    },
    "properties": {
    "name":"臺北市政府警察局內湖分局大湖派出所",
    "address":"成功路五段1號",
    "district_code":63000100,
    "type":"公眾服務單位設施",
    "subtype":"派出所",
    "AED_location":"大湖所值班台左側",
    "district":"內湖區"
    }
  },
  {
    "type": "Feature",
    "geometry": {
       "type": "Point",
       "coordinates":  [ 121.534012,25.037815 ]
    },
    "properties": {
    "name":"臺北市政府警察局大安分局新生南路派出所",
    "address":"仁愛路3段18號",
    "district_code":63000030,
    "type":"公眾服務單位設施",
    "subtype":"派出所",
    "AED_location":"1樓大門出入口旁",
    "district":"大安區"
    }
  },
  {
    "type": "Feature",
    "geometry": {
       "type": "Point",
       "coordinates":  [ 121.612902,25.067475 ]
    },
    "properties": {
    "name":"臺北市政府警察局交通警察大隊內湖分隊",
    "address":"五分街8號六樓",
    "district_code":63000100,
    "type":"其他",
    "subtype":"其他場所",
    "AED_location":"值班台正後方",
    "district":"內湖區"
    }
  },
  {
    "type": "Feature",
    "geometry": {
       "type": "Point",
       "coordinates":  [ 121.507998,25.036052 ]
    },
    "properties": {
    "name":"內政部移民署台北市服務站",
    "address":"廣州街15號",
    "district_code":63000050,
    "type":"其他",
    "subtype":"其他場所",
    "AED_location":"一樓大廳服務台旁邊",
    "district":"中正區"
    }
  },
  {
    "type": "Feature",
    "geometry": {
       "type": "Point",
       "coordinates":  [ 121.5444254,25.04757307 ]
    },
    "properties": {
    "name":"內政部國土管理署",
    "address":"八德路二段342號",
    "district_code":63000010,
    "type":"其他",
    "subtype":"其他場所",
    "AED_location":"一樓大門口",
    "district":"松山區"
    }
  },
  {
    "type": "Feature",
    "geometry": {
       "type": "Point",
       "coordinates":  [ 121.552226,25.056463 ]
    },
    "properties": {
    "name":"臺北市松山區民生國民小學",
    "address":"敦化北路199巷18號",
    "district_code":63000010,
    "type":"其他",
    "subtype":"其他場所",
    "AED_location":"本校正門進入左側警衛室外",
    "district":"松山區"
    }
  },
  {
    "type": "Feature",
    "geometry": {
       "type": "Point",
       "coordinates":  [ 121.553116,25.057108 ]
    },
    "properties": {
    "name":"及人大廈",
    "address":"民生東路4段80巷7號",
    "district_code":63000010,
    "type":"其他",
    "subtype":"其他場所",
    "AED_location":"大門左側",
    "district":"松山區"
    }
  },
  {
    "type": "Feature",
    "geometry": {
       "type": "Point",
       "coordinates":  [ 121.5108887,25.0304771 ]
    },
    "properties": {
    "name":"臺北市國語實驗國民小學",
    "address":"南海路58號",
    "district_code":63000050,
    "type":"其他",
    "subtype":"其他場所",
    "AED_location":"健康中心走廊",
    "district":"中正區"
    }
  },
  {
    "type": "Feature",
    "geometry": {
       "type": "Point",
       "coordinates":  [ 121.525817,25.044512 ]
    },
    "properties": {
    "name":"中國文化大學推廣教育部 忠孝館",
    "address":"忠孝東路1段41號1樓",
    "district_code":63000050,
    "type":"學校、大型集會場所",
    "subtype":"大專院校",
    "AED_location":"忠孝分部國際語言中心一樓服務櫃台旁",
    "district":"中正區"
    }
  },
  {
    "type": "Feature",
    "geometry": {
       "type": "Point",
       "coordinates":  [ 121.5054883,25.0386173 ]
    },
    "properties": {
    "name":"鳳凰體能訓練中心",
    "address":"柳州街31-1",
    "district_code":63000070,
    "type":"學校、大型集會場所",
    "subtype":"健身房",
    "AED_location":"進門右手邊",
    "district":"萬華區"
    }
  },
  {
    "type": "Feature",
    "geometry": {
       "type": "Point",
       "coordinates":  [ 121.571808,25.046793 ]
    },
    "properties": {
    "name":"香港商世界健身事業有限公司台北松隆分公司",
    "address":"松隆路125號",
    "district_code":63000020,
    "type":"學校、大型集會場所",
    "subtype":"健身房",
    "AED_location":"香港商世界健身事業有限公司台北松隆分公司",
    "district":"信義區"
    }
  },
  {
    "type": "Feature",
    "geometry": {
       "type": "Point",
       "coordinates":  [ 121.5650519,25.0496968 ]
    },
    "properties": {
    "name":"中國石油化學工業開發股份有限公司臺北營業所",
    "address":"東興路12號",
    "district_code":63000010,
    "type":"其他",
    "subtype":"其他場所",
    "AED_location":"本棟大樓10樓",
    "district":"松山區"
    }
  },
  {
    "type": "Feature",
    "geometry": {
       "type": "Point",
       "coordinates":  [ 121.5589431,25.08048916 ]
    },
    "properties": {
    "name":"Marriott Taipei 台北萬豪酒店",
    "address":"樂群二路199號",
    "district_code":63000040,
    "type":"旅宿場所",
    "subtype":"飯店",
    "AED_location":"一樓FO櫃檯辦公室",
    "district":"中山區"
    }
  },
  {
    "type": "Feature",
    "geometry": {
       "type": "Point",
       "coordinates":  [ 121.5589431,25.08048916 ]
    },
    "properties": {
    "name":"Marriott Taipei 台北萬豪酒店",
    "address":"樂群二路199號",
    "district_code":63000040,
    "type":"旅宿場所",
    "subtype":"飯店",
    "AED_location":"一樓安全部",
    "district":"中山區"
    }
  },
  {
    "type": "Feature",
    "geometry": {
       "type": "Point",
       "coordinates":  [ 121.579912,25.045231 ]
    },
    "properties": {
    "name":"台北市中華基督教青年會永吉會館",
    "address":"永吉路500號",
    "district_code":63000020,
    "type":"其他",
    "subtype":"其他場所",
    "AED_location":"一樓櫃台右側",
    "district":"信義區"
    }
  },
  {
    "type": "Feature",
    "geometry": {
       "type": "Point",
       "coordinates":  [ 121.59861,25.052319 ]
    },
    "properties": {
    "name":"臺北流行音樂中心",
    "address":"市民大道八段99號",
    "district_code":63000090,
    "type":"大型休閒場所",
    "subtype":"演藝廳",
    "AED_location":"表演廳1樓前廳",
    "district":"南港區"
    }
  },
  {
    "type": "Feature",
    "geometry": {
       "type": "Point",
       "coordinates":  [ 121.5256839,25.0304773 ]
    },
    "properties": {
    "name":"榕錦時光生活園區-遊客服務中心",
    "address":"金華街167號",
    "district_code":63000030,
    "type":"觀光旅遊地區",
    "subtype":"文化園區",
    "AED_location":"台北市大安區金華街167號",
    "district":"大安區"
    }
  },
  {
    "type": "Feature",
    "geometry": {
       "type": "Point",
       "coordinates":  [ 121.509309,25.042787 ]
    },
    "properties": {
    "name":"德立莊酒店",
    "address":"秀山街4號",
    "district_code":63000050,
    "type":"旅宿場所",
    "subtype":"旅館",
    "AED_location":"一樓大廳",
    "district":"中正區"
    }
  },
  {
    "type": "Feature",
    "geometry": {
       "type": "Point",
       "coordinates":  [ 121.5589431,25.08048916 ]
    },
    "properties": {
    "name":"Marriott Taipei 台北萬豪酒店",
    "address":"樂群二路199號",
    "district_code":63000040,
    "type":"旅宿場所",
    "subtype":"飯店",
    "AED_location":"萬豪酒店19F健身房大門旁",
    "district":"中山區"
    }
  },
  {
    "type": "Feature",
    "geometry": {
       "type": "Point",
       "coordinates":  [ 121.516736,25.069322 ]
    },
    "properties": {
    "name":"臺北市立蘭州國民中學",
    "address":"大龍街187巷1號",
    "district_code":63000060,
    "type":"其他",
    "subtype":"其他場所",
    "AED_location":"本校大門口穿堂",
    "district":"大同區"
    }
  },
  {
    "type": "Feature",
    "geometry": {
       "type": "Point",
       "coordinates":  [ 121.587751,25.045059 ]
    },
    "properties": {
    "name":"成德國中運動中心-舞動陽光",
    "address":"東新街108巷23號",
    "district_code":63000090,
    "type":"學校、大型集會場所",
    "subtype":"健身中心",
    "AED_location":"1樓大廳",
    "district":"南港區"
    }
  },
  {
    "type": "Feature",
    "geometry": {
       "type": "Point",
       "coordinates":  [ 121.534825,25.096268 ]
    },
    "properties": {
    "name":"內政部警政署保安警察第六總隊第二大隊第三中隊",
    "address":"自祥街36號",
    "district_code":63000110,
    "type":"其他",
    "subtype":"其他場所",
    "AED_location":"保六二大三中備勤室",
    "district":"士林區"
    }
  },
  {
    "type": "Feature",
    "geometry": {
       "type": "Point",
       "coordinates":  [ 121.562072,25.051215 ]
    },
    "properties": {
    "name":"Dr.Nail足研所",
    "address":"南京東路五段108號6樓",
    "district_code":63000010,
    "type":"其他",
    "subtype":"其他場所",
    "AED_location":"大門進入後的右前方",
    "district":"松山區"
    }
  },
  {
    "type": "Feature",
    "geometry": {
       "type": "Point",
       "coordinates":  [ 121.615618,25.056239 ]
    },
    "properties": {
    "name":"臺北南港展覽館2館",
    "address":"經貿二路2號",
    "district_code":63000090,
    "type":"其他",
    "subtype":"其他場所",
    "AED_location":"展覽館4樓",
    "district":"南港區"
    }
  },
  {
    "type": "Feature",
    "geometry": {
       "type": "Point",
       "coordinates":  [ 121.510105,25.050491 ]
    },
    "properties": {
    "name":"中興保全股份有限公司(1樓接待大廳)",
    "address":"鄭州路139號",
    "district_code":63000060,
    "type":"其他",
    "subtype":"其他場所",
    "AED_location":"大廳入口左側",
    "district":"大同區"
    }
  },
  {
    "type": "Feature",
    "geometry": {
       "type": "Point",
       "coordinates":  [ 121.526375,25.055722 ]
    },
    "properties": {
    "name":"頗行健體運動空間",
    "address":"長春路61巷27號",
    "district_code":63000040,
    "type":"學校、大型集會場所",
    "subtype":"健身中心",
    "AED_location":"入口右側",
    "district":"中山區"
    }
  },
  {
    "type": "Feature",
    "geometry": {
       "type": "Point",
       "coordinates":  [ 121.519244,25.037355 ]
    },
    "properties": {
    "name":"國家表演藝術中心國家兩廳院(國家戲劇院)",
    "address":"中山南路21-1號",
    "district_code":63000050,
    "type":"大型休閒場所",
    "subtype":"電影片映演場所(戲院、電影院)",
    "AED_location":"戲劇院大廳",
    "district":"中正區"
    }
  },
  {
    "type": "Feature",
    "geometry": {
       "type": "Point",
       "coordinates":  [ 121.523097,25.050904 ]
    },
    "properties": {
    "name":"果毅健身有限公司（O.M Fit 運動空間)",
    "address":"林森北路147號2樓",
    "district_code":63000040,
    "type":"學校、大型集會場所",
    "subtype":"健身房",
    "AED_location":"健身運動教室",
    "district":"中山區"
    }
  },
  {
    "type": "Feature",
    "geometry": {
       "type": "Point",
       "coordinates":  [ 121.592457,25.068201 ]
    },
    "properties": {
    "name":"香港商世界健身事業有限公司內湖民權分公司",
    "address":"民權東路六段180巷6號B2",
    "district_code":63000100,
    "type":"學校、大型集會場所",
    "subtype":"健身房",
    "AED_location":"櫃檯前方",
    "district":"內湖區"
    }
  },
  {
    "type": "Feature",
    "geometry": {
       "type": "Point",
       "coordinates":  [ 121.59861,25.052319 ]
    },
    "properties": {
    "name":"臺北流行音樂中心",
    "address":"市民大道八段99號",
    "district_code":63000090,
    "type":"大型休閒場所",
    "subtype":"演藝廳",
    "AED_location":"表演廳1樓後場",
    "district":"南港區"
    }
  },
  {
    "type": "Feature",
    "geometry": {
       "type": "Point",
       "coordinates":  [ 121.535594,25.002948 ]
    },
    "properties": {
    "name":"臺北市文山區萬和里辦公處",
    "address":"汀洲路4段251號1樓",
    "district_code":63000080,
    "type":"其他",
    "subtype":"其他場所",
    "AED_location":"關懷據點內",
    "district":"文山區"
    }
  },
  {
    "type": "Feature",
    "geometry": {
       "type": "Point",
       "coordinates":  [ 121.590059,25.085765 ]
    },
    "properties": {
    "name":"臺北市金龍發展中心",
    "address":"金龍路136-1號",
    "district_code":63000100,
    "type":"其他",
    "subtype":"其他場所",
    "AED_location":"本棟2樓",
    "district":"內湖區"
    }
  },
  {
    "type": "Feature",
    "geometry": {
       "type": "Point",
       "coordinates":  [ 121.514877,25.03407 ]
    },
    "properties": {
    "name":"臺灣菸酒股份有限公司",
    "address":"南昌路1段四號",
    "district_code":63000050,
    "type":"其他",
    "subtype":"其他場所",
    "AED_location":"法務處門口右側",
    "district":"中正區"
    }
  },
  {
    "type": "Feature",
    "geometry": {
       "type": "Point",
       "coordinates":  [ 121.582899,25.082751 ]
    },
    "properties": {
    "name":"碧湖公園",
    "address":"內湖路2段175號",
    "district_code":63000100,
    "type":"其他",
    "subtype":"其他場所",
    "AED_location":"管理室(小白宮)",
    "district":"內湖區"
    }
  },
  {
    "type": "Feature",
    "geometry": {
       "type": "Point",
       "coordinates":  [ 121.591476,25.045919 ]
    },
    "properties": {
    "name":"南港公園",
    "address":"東新街170之1號",
    "district_code":63000090,
    "type":"其他",
    "subtype":"其他場所",
    "AED_location":"南港公園駐警室內",
    "district":"南港區"
    }
  },
  {
    "type": "Feature",
    "geometry": {
       "type": "Point",
       "coordinates":  [ 121.548548,25.150242 ]
    },
    "properties": {
    "name":"前山公園男公共浴室",
    "address":"建國街7-1號",
    "district_code":63000120,
    "type":"大型公眾浴場或溫泉區",
    "subtype":"大型公眾浴場",
    "AED_location":"管理室內",
    "district":"北投區"
    }
  },
  {
    "type": "Feature",
    "geometry": {
       "type": "Point",
       "coordinates":  [ 121.548604,25.149135 ]
    },
    "properties": {
    "name":"前山公園女公共浴室",
    "address":"紗帽路108-1號",
    "district_code":63000120,
    "type":"大型公眾浴場或溫泉區",
    "subtype":"大型公眾浴場",
    "AED_location":"管理室內",
    "district":"北投區"
    }
  },
  {
    "type": "Feature",
    "geometry": {
       "type": "Point",
       "coordinates":  [ 121.506612,25.090899 ]
    },
    "properties": {
    "name":"社子公園",
    "address":"永平街20巷37弄對面",
    "district_code":63000110,
    "type":"其他",
    "subtype":"其他場所",
    "AED_location":"社子公園圖書讀書閱覽室",
    "district":"士林區"
    }
  },
  {
    "type": "Feature",
    "geometry": {
       "type": "Point",
       "coordinates":  [ 121.549282,25.026612 ]
    },
    "properties": {
    "name":"鼎鼎大飯店股份有限公司(香格里拉台北遠東國際大飯店)",
    "address":"敦化南路二段201號",
    "district_code":63000030,
    "type":"旅宿場所",
    "subtype":"飯店",
    "AED_location":"6樓健身中心",
    "district":"大安區"
    }
  },
  {
    "type": "Feature",
    "geometry": {
       "type": "Point",
       "coordinates":  [ 121.567002,25.041035 ]
    },
    "properties": {
    "name":"微風置地股份有限公司信義分公司",
    "address":"忠孝東路五段68號3F",
    "district_code":63000020,
    "type":"大型購物場所",
    "subtype":"百貨業",
    "AED_location":"3F服務台旁",
    "district":"信義區"
    }
  },
  {
    "type": "Feature",
    "geometry": {
       "type": "Point",
       "coordinates":  [ 121.557636,25.06304 ]
    },
    "properties": {
    "name":"台灣虎航股份有限公司",
    "address":"敦化北路405巷123弄3號",
    "district_code":63000010,
    "type":"長距離交通工具",
    "subtype":"航空器",
    "AED_location":"B-50008航機, 第13排 DEF行李艙",
    "district":"松山區"
    }
  },
  {
    "type": "Feature",
    "geometry": {
       "type": "Point",
       "coordinates":  [ 121.503359,25.041755 ]
    },
    "properties": {
    "name":"國立臺北護理健康大學(城區部)",
    "address":"內江街89號",
    "district_code":63000070,
    "type":"學校、大型集會場所",
    "subtype":"大專院校",
    "AED_location":"學生活動中心外",
    "district":"萬華區"
    }
  },
  {
    "type": "Feature",
    "geometry": {
       "type": "Point",
       "coordinates":  [ 121.554239,24.997535 ]
    },
    "properties": {
    "name":"中國科技大學臺北校區",
    "address":"興隆路3段56號",
    "district_code":63000080,
    "type":"學校、大型集會場所",
    "subtype":"大專院校",
    "AED_location":"格致樓3樓",
    "district":"文山區"
    }
  },
  {
    "type": "Feature",
    "geometry": {
       "type": "Point",
       "coordinates":  [ 121.567002,25.041035 ]
    },
    "properties": {
    "name":"微風置地股份有限公司信義分公司",
    "address":"忠孝東路五段68號3F",
    "district_code":63000020,
    "type":"大型購物場所",
    "subtype":"百貨業",
    "AED_location":"45樓電梯出口右手邊",
    "district":"信義區"
    }
  },
  {
    "type": "Feature",
    "geometry": {
       "type": "Point",
       "coordinates":  [ 121.547303,25.025368 ]
    },
    "properties": {
    "name":"交通部航港局",
    "address":"和平東路3段1巷1號",
    "district_code":63000030,
    "type":"其他",
    "subtype":"其他場所",
    "AED_location":"一樓大廳",
    "district":"大安區"
    }
  },
  {
    "type": "Feature",
    "geometry": {
       "type": "Point",
       "coordinates":  [ 121.528263,25.026732 ]
    },
    "properties": {
    "name":"國立臺灣師範大學圖書館校區(和平東路1段129號) ",
    "address":"和平東路1段129號",
    "district_code":63000030,
    "type":"學校、大型集會場所",
    "subtype":"大專院校",
    "AED_location":"圖書館校區教育學院一樓大廳左側",
    "district":"大安區"
    }
  },
  {
    "type": "Feature",
    "geometry": {
       "type": "Point",
       "coordinates":  [ 121.557636,25.06304 ]
    },
    "properties": {
    "name":"台灣虎航股份有限公司",
    "address":"敦化北路405巷123弄3號",
    "district_code":63000010,
    "type":"長距離交通工具",
    "subtype":"航空器",
    "AED_location":"B-50011航機, 第13排 DEF行李艙",
    "district":"松山區"
    }
  },
  {
    "type": "Feature",
    "geometry": {
       "type": "Point",
       "coordinates":  [ 121.557636,25.06304 ]
    },
    "properties": {
    "name":"台灣虎航股份有限公司",
    "address":"敦化北路405巷123弄3號",
    "district_code":63000010,
    "type":"長距離交通工具",
    "subtype":"航空器",
    "AED_location":"B-50027航機，第13排 DEF行李艙",
    "district":"松山區"
    }
  },
  {
    "type": "Feature",
    "geometry": {
       "type": "Point",
       "coordinates":  [ 121.554239,24.997535 ]
    },
    "properties": {
    "name":"中國科技大學臺北校區",
    "address":"興隆路3段56號",
    "district_code":63000080,
    "type":"學校、大型集會場所",
    "subtype":"大專院校",
    "AED_location":"自強樓1樓",
    "district":"文山區"
    }
  },
  {
    "type": "Feature",
    "geometry": {
       "type": "Point",
       "coordinates":  [ 121.548289,25.052006 ]
    },
    "properties": {
    "name":"微風置地股份有限公司南京分公司",
    "address":"南京東路三段337號",
    "district_code":63000010,
    "type":"大型購物場所",
    "subtype":"百貨業",
    "AED_location":"3F贈獎處旁",
    "district":"松山區"
    }
  },
  {
    "type": "Feature",
    "geometry": {
       "type": "Point",
       "coordinates":  [ 121.546354,25.13085 ]
    },
    "properties": {
    "name":"臺北市立格致國民中學",
    "address":"仰德大道四段75號健康中心",
    "district_code":63000110,
    "type":"其他",
    "subtype":"其他場所",
    "AED_location":"格致國中健康中心外走廊牆上",
    "district":"士林區"
    }
  },
  {
    "type": "Feature",
    "geometry": {
       "type": "Point",
       "coordinates":  [ 121.526287,25.078611 ]
    },
    "properties": {
    "name":"財團法人臺灣敦睦聯誼會所屬作業組織圓山大飯店",
    "address":"中山北路4段1巷1號",
    "district_code":63000040,
    "type":"旅宿場所",
    "subtype":"旅館",
    "AED_location":"B1西側3.4號電梯右手邊",
    "district":"中山區"
    }
  },
  {
    "type": "Feature",
    "geometry": {
       "type": "Point",
       "coordinates":  [ 121.502361,25.141611 ]
    },
    "properties": {
    "name":"新北投71園區",
    "address":"開明街71號",
    "district_code":63000120,
    "type":"其他",
    "subtype":"其他場所",
    "AED_location":"臺北市北投區開明街71靠",
    "district":"北投區"
    }
  },
  {
    "type": "Feature",
    "geometry": {
       "type": "Point",
       "coordinates":  [ 121.488071,25.102855 ]
    },
    "properties": {
    "name":"臺北市立福安國民中學",
    "address":"延平北路七段250號",
    "district_code":63000110,
    "type":"學校、大型集會場所",
    "subtype":"國中",
    "AED_location":"總務處走廊",
    "district":"士林區"
    }
  },
  {
    "type": "Feature",
    "geometry": {
       "type": "Point",
       "coordinates":  [ 121.561478,24.998038 ]
    },
    "properties": {
    "name":"臺灣警察專科學校",
    "address":"興隆路三段153號",
    "district_code":63000080,
    "type":"學校、大型集會場所",
    "subtype":"大專院校",
    "AED_location":"莊敬樓1樓",
    "district":"文山區"
    }
  },
  {
    "type": "Feature",
    "geometry": {
       "type": "Point",
       "coordinates":  [ 121.5380262,25.0809269 ]
    },
    "properties": {
    "name":"海軍司令部醫務所",
    "address":"北安路305號",
    "district_code":63000040,
    "type":"特殊機構",
    "subtype":"軍營",
    "AED_location":"醫務所大門(室內)",
    "district":"中山區"
    }
  },
  {
    "type": "Feature",
    "geometry": {
       "type": "Point",
       "coordinates":  [ 121.561478,24.998038 ]
    },
    "properties": {
    "name":"臺灣警察專科學校",
    "address":"興隆路三段153號",
    "district_code":63000080,
    "type":"學校、大型集會場所",
    "subtype":"大專院校",
    "AED_location":"後操場司令台",
    "district":"文山區"
    }
  },
  {
    "type": "Feature",
    "geometry": {
       "type": "Point",
       "coordinates":  [ 121.568992,25.057429 ]
    },
    "properties": {
    "name":"臺北市松山區新東里辦公處",
    "address":"延壽街3號",
    "district_code":63000010,
    "type":"其他",
    "subtype":"其他場所",
    "AED_location":"里辦公處大門口左側",
    "district":"松山區"
    }
  },
  {
    "type": "Feature",
    "geometry": {
       "type": "Point",
       "coordinates":  [ 121.574983,24.986398 ]
    },
    "properties": {
    "name":"國立政治大學",
    "address":"指南路2段64號",
    "district_code":63000080,
    "type":"學校、大型集會場所",
    "subtype":"大專院校",
    "AED_location":"綜合院館(北棟)",
    "district":"文山區"
    }
  },
  {
    "type": "Feature",
    "geometry": {
       "type": "Point",
       "coordinates":  [ 121.574983,24.986398 ]
    },
    "properties": {
    "name":"國立政治大學",
    "address":"指南路2段64號",
    "district_code":63000080,
    "type":"學校、大型集會場所",
    "subtype":"大專院校",
    "AED_location":"傳播學院",
    "district":"文山區"
    }
  },
  {
    "type": "Feature",
    "geometry": {
       "type": "Point",
       "coordinates":  [ 121.561478,24.998038 ]
    },
    "properties": {
    "name":"臺灣警察專科學校",
    "address":"興隆路三段153號",
    "district_code":63000080,
    "type":"學校、大型集會場所",
    "subtype":"大專院校",
    "AED_location":"民族樓3樓",
    "district":"文山區"
    }
  },
  {
    "type": "Feature",
    "geometry": {
       "type": "Point",
       "coordinates":  [ 121.561478,24.998038 ]
    },
    "properties": {
    "name":"臺灣警察專科學校",
    "address":"興隆路三段153號",
    "district_code":63000080,
    "type":"學校、大型集會場所",
    "subtype":"大專院校",
    "AED_location":"樹人樓1樓",
    "district":"文山區"
    }
  },
  {
    "type": "Feature",
    "geometry": {
       "type": "Point",
       "coordinates":  [ 121.574983,24.986398 ]
    },
    "properties": {
    "name":"國立政治大學",
    "address":"指南路2段64號",
    "district_code":63000080,
    "type":"學校、大型集會場所",
    "subtype":"大專院校",
    "AED_location":"藝文中心",
    "district":"文山區"
    }
  },
  {
    "type": "Feature",
    "geometry": {
       "type": "Point",
       "coordinates":  [ 121.574983,24.986398 ]
    },
    "properties": {
    "name":"國立政治大學",
    "address":"指南路2段64號",
    "district_code":63000080,
    "type":"學校、大型集會場所",
    "subtype":"大專院校",
    "AED_location":"後山警衛室",
    "district":"文山區"
    }
  },
  {
    "type": "Feature",
    "geometry": {
       "type": "Point",
       "coordinates":  [ 121.561478,24.998038 ]
    },
    "properties": {
    "name":"臺灣警察專科學校",
    "address":"興隆路三段153號",
    "district_code":63000080,
    "type":"學校、大型集會場所",
    "subtype":"大專院校",
    "AED_location":"中興樓1樓",
    "district":"文山區"
    }
  },
  {
    "type": "Feature",
    "geometry": {
       "type": "Point",
       "coordinates":  [ 121.574983,24.986398 ]
    },
    "properties": {
    "name":"國立政治大學",
    "address":"指南路2段64號",
    "district_code":63000080,
    "type":"學校、大型集會場所",
    "subtype":"大專院校",
    "AED_location":"國立政治大學(四維網球場)",
    "district":"文山區"
    }
  },
  {
    "type": "Feature",
    "geometry": {
       "type": "Point",
       "coordinates":  [ 121.5047367,25.0443436 ]
    },
    "properties": {
    "name":"臺北市立聯合醫院昆明大樓",
    "address":"昆明街100號",
    "district_code":63000070,
    "type":"其他",
    "subtype":"其他場所",
    "AED_location":"昆明大樓一樓大廳",
    "district":"萬華區"
    }
  },
  {
    "type": "Feature",
    "geometry": {
       "type": "Point",
       "coordinates":  [ 121.520461,25.070457 ]
    },
    "properties": {
    "name":"MAJI MAJI集食行樂",
    "address":"玉門街1號",
    "district_code":63000040,
    "type":"大型購物場所",
    "subtype":"商場",
    "AED_location":"服務台前",
    "district":"中山區"
    }
  },
  {
    "type": "Feature",
    "geometry": {
       "type": "Point",
       "coordinates":  [ 121.533665,25.116401 ]
    },
    "properties": {
    "name":"全真概念健康事業股份有限公司-天母分公司",
    "address":"忠誠路二段188號B1",
    "district_code":63000110,
    "type":"學校、大型集會場所",
    "subtype":"健身房",
    "AED_location":"B1入口櫃台正對面",
    "district":"士林區"
    }
  },
  {
    "type": "Feature",
    "geometry": {
       "type": "Point",
       "coordinates":  [ 121.543117,25.062119 ]
    },
    "properties": {
    "name":"香港商世界健身事業有限公司台北民權東分公司",
    "address":"民權東路三段72號地下1樓",
    "district_code":63000040,
    "type":"學校、大型集會場所",
    "subtype":"健身房",
    "AED_location":"健身中心B1樓",
    "district":"中山區"
    }
  },
  {
    "type": "Feature",
    "geometry": {
       "type": "Point",
       "coordinates":  [ 121.537904,25.111802 ]
    },
    "properties": {
    "name":"香港商世界健身事業有限公司天母德行分公司",
    "address":"德行東路331巷35號",
    "district_code":63000110,
    "type":"學校、大型集會場所",
    "subtype":"健身房",
    "AED_location":"健身中心一樓",
    "district":"士林區"
    }
  },
  {
    "type": "Feature",
    "geometry": {
       "type": "Point",
       "coordinates":  [ 121.576095,25.04988 ]
    },
    "properties": {
    "name":"Curves女性專用30分鐘健身中心松山店",
    "address":"八德路四段666號4樓",
    "district_code":63000010,
    "type":"學校、大型集會場所",
    "subtype":"健身房",
    "AED_location":"櫃台旁置物櫃",
    "district":"松山區"
    }
  },
  {
    "type": "Feature",
    "geometry": {
       "type": "Point",
       "coordinates":  [ 121.534198,25.047119 ]
    },
    "properties": {
    "name":"臺灣菸酒股份有限公司台北啤酒工場",
    "address":"八德路二段85號",
    "district_code":63000040,
    "type":"觀光旅遊地區",
    "subtype":"文化園區",
    "AED_location":"打卡室內",
    "district":"中山區"
    }
  },
  {
    "type": "Feature",
    "geometry": {
       "type": "Point",
       "coordinates":  [ 121.582314,25.044263 ]
    },
    "properties": {
    "name":"維康生活股份有限公司",
    "address":"忠孝東路5段970號B1",
    "district_code":63000090,
    "type":"學校、大型集會場所",
    "subtype":"健身房",
    "AED_location":"門口左邊",
    "district":"南港區"
    }
  },
  {
    "type": "Feature",
    "geometry": {
       "type": "Point",
       "coordinates":  [ 121.519291,25.038234 ]
    },
    "properties": {
    "name":"臺北市中正運動中心",
    "address":"信義路一段1號",
    "district_code":63000050,
    "type":"學校、大型集會場所",
    "subtype":"健身中心",
    "AED_location":"3樓籃球場",
    "district":"中正區"
    }
  },
  {
    "type": "Feature",
    "geometry": {
       "type": "Point",
       "coordinates":  [ 121.519291,25.038234 ]
    },
    "properties": {
    "name":"臺北市中正運動中心",
    "address":"信義路一段1號",
    "district_code":63000050,
    "type":"學校、大型集會場所",
    "subtype":"健身中心",
    "AED_location":"2樓體適能中心",
    "district":"中正區"
    }
  },
  {
    "type": "Feature",
    "geometry": {
       "type": "Point",
       "coordinates":  [ 121.523062,25.08699 ]
    },
    "properties": {
    "name":"臺北市立百齡高級中學",
    "address":"承德路四段177號",
    "district_code":63000110,
    "type":"學校、大型集會場所",
    "subtype":"高中職",
    "AED_location":"活動中心2樓樓梯口右側",
    "district":"士林區"
    }
  },
  {
    "type": "Feature",
    "geometry": {
       "type": "Point",
       "coordinates":  [ 121.544388,25.060561 ]
    },
    "properties": {
    "name":"臺灣集中保管結算所股份有限公司",
    "address":"復興北路363號2樓",
    "district_code":63000010,
    "type":"其他",
    "subtype":"其他場所",
    "AED_location":"台北市松山區復興北路363號11樓",
    "district":"松山區"
    }
  },
  {
    "type": "Feature",
    "geometry": {
       "type": "Point",
       "coordinates":  [ 121.544388,25.060561 ]
    },
    "properties": {
    "name":"臺灣集中保管結算所股份有限公司",
    "address":"復興北路363號2樓",
    "district_code":63000010,
    "type":"其他",
    "subtype":"其他場所",
    "AED_location":"台北市松山區復興北路363號3樓",
    "district":"松山區"
    }
  },
  {
    "type": "Feature",
    "geometry": {
       "type": "Point",
       "coordinates":  [ 121.544388,25.060561 ]
    },
    "properties": {
    "name":"臺灣集中保管結算所股份有限公司",
    "address":"復興北路363號2樓",
    "district_code":63000010,
    "type":"其他",
    "subtype":"其他場所",
    "AED_location":"台北市松山區復興北路363號9樓",
    "district":"松山區"
    }
  },
  {
    "type": "Feature",
    "geometry": {
       "type": "Point",
       "coordinates":  [ 121.532956,25.034032 ]
    },
    "properties": {
    "name":"誠隆汽車股份有限公司新生展示中心",
    "address":"新生南路一段175號",
    "district_code":63000030,
    "type":"其他",
    "subtype":"其他場所",
    "AED_location":"新生展示中心",
    "district":"大安區"
    }
  },
  {
    "type": "Feature",
    "geometry": {
       "type": "Point",
       "coordinates":  [ 121.547119,25.059159 ]
    },
    "properties": {
    "name":"布勒斯運動顧問",
    "address":"復興北路446號",
    "district_code":63000040,
    "type":"學校、大型集會場所",
    "subtype":"健身房",
    "AED_location":"布勒斯運動顧問",
    "district":"中山區"
    }
  },
  {
    "type": "Feature",
    "geometry": {
       "type": "Point",
       "coordinates":  [ 121.544388,25.060561 ]
    },
    "properties": {
    "name":"臺灣集中保管結算所股份有限公司",
    "address":"復興北路363號2樓",
    "district_code":63000010,
    "type":"其他",
    "subtype":"其他場所",
    "AED_location":"台北市松山區復興北路363號7樓",
    "district":"松山區"
    }
  },
  {
    "type": "Feature",
    "geometry": {
       "type": "Point",
       "coordinates":  [ 121.5747656,25.0738669 ]
    },
    "properties": {
    "name":"香港商世界健身事業有限公司內湖港墘分公司",
    "address":"港墘路221巷33號2-4樓",
    "district_code":63000100,
    "type":"學校、大型集會場所",
    "subtype":"健身房",
    "AED_location":"3樓客服櫃台旁",
    "district":"內湖區"
    }
  },
  {
    "type": "Feature",
    "geometry": {
       "type": "Point",
       "coordinates":  [ 121.54904,25.033037 ]
    },
    "properties": {
    "name":"裕融企業股份有限公司",
    "address":"敦化南路二段2號13樓",
    "district_code":63000030,
    "type":"其他",
    "subtype":"其他場所",
    "AED_location":"13樓電梯出口左手處",
    "district":"大安區"
    }
  },
  {
    "type": "Feature",
    "geometry": {
       "type": "Point",
       "coordinates":  [ 121.6129441,25.05712634 ]
    },
    "properties": {
    "name":"臺灣集中保管結算所股份有限公司-南港",
    "address":"三重路19 之6 號C 棟5. 樓",
    "district_code":63000090,
    "type":"其他",
    "subtype":"其他場所",
    "AED_location":"C 棟5. 樓",
    "district":"南港區"
    }
  },
  {
    "type": "Feature",
    "geometry": {
       "type": "Point",
       "coordinates":  [ 121.544388,25.060561 ]
    },
    "properties": {
    "name":"臺灣集中保管結算所股份有限公司",
    "address":"復興北路363號2樓",
    "district_code":63000010,
    "type":"其他",
    "subtype":"其他場所",
    "AED_location":"台北市松山區復興北路363號10樓",
    "district":"松山區"
    }
  },
  {
    "type": "Feature",
    "geometry": {
       "type": "Point",
       "coordinates":  [ 121.542081,25.028796 ]
    },
    "properties": {
    "name":"臺北市私立開平餐飲職業學校",
    "address":"復興南路二段148巷24號",
    "district_code":63000030,
    "type":"學校、大型集會場所",
    "subtype":"高中職",
    "AED_location":"校本部1樓",
    "district":"大安區"
    }
  },
  {
    "type": "Feature",
    "geometry": {
       "type": "Point",
       "coordinates":  [ 121.5018,25.143591 ]
    },
    "properties": {
    "name":"臺北市立復興高級中學",
    "address":"復興四路70號",
    "district_code":63000120,
    "type":"學校、大型集會場所",
    "subtype":"高中職",
    "AED_location":"藝術大樓一樓",
    "district":"北投區"
    }
  },
  {
    "type": "Feature",
    "geometry": {
       "type": "Point",
       "coordinates":  [ 121.518569,25.048786 ]
    },
    "properties": {
    "name":"統一健身俱樂部-京站館",
    "address":"市民大道1段209號8樓",
    "district_code":63000060,
    "type":"學校、大型集會場所",
    "subtype":"健身房",
    "AED_location":"京站館8樓心肺區",
    "district":"大同區"
    }
  },
  {
    "type": "Feature",
    "geometry": {
       "type": "Point",
       "coordinates":  [ 121.5018,25.143591 ]
    },
    "properties": {
    "name":"臺北市立復興高級中學",
    "address":"復興四路70號",
    "district_code":63000120,
    "type":"學校、大型集會場所",
    "subtype":"高中職",
    "AED_location":"篤行1樓男側外",
    "district":"北投區"
    }
  },
  {
    "type": "Feature",
    "geometry": {
       "type": "Point",
       "coordinates":  [ 121.619539,25.040245 ]
    },
    "properties": {
    "name":"臺北市南港區舊莊國民小學",
    "address":"舊莊街一段100號",
    "district_code":63000090,
    "type":"其他",
    "subtype":"其他場所",
    "AED_location":"健康中心",
    "district":"南港區"
    }
  },
  {
    "type": "Feature",
    "geometry": {
       "type": "Point",
       "coordinates":  [ 121.5018,25.143591 ]
    },
    "properties": {
    "name":"臺北市立復興高級中學",
    "address":"復興四路70號",
    "district_code":63000120,
    "type":"學校、大型集會場所",
    "subtype":"高中職",
    "AED_location":"復興大川堂",
    "district":"北投區"
    }
  },
  {
    "type": "Feature",
    "geometry": {
       "type": "Point",
       "coordinates":  [ 121.519042,25.05275198 ]
    },
    "properties": {
    "name":"欣葉國際餐飲股份有限公司新中山門市部",
    "address":"南京西路62號4樓",
    "district_code":63000060,
    "type":"其他",
    "subtype":"其他場所",
    "AED_location":"臺北市大同區南京西路62號4樓",
    "district":"大同區"
    }
  },
  {
    "type": "Feature",
    "geometry": {
       "type": "Point",
       "coordinates":  [ 121.5596698,25.0805494 ]
    },
    "properties": {
    "name":"義華酒店",
    "address":"樂群二路197號",
    "district_code":63000040,
    "type":"旅宿場所",
    "subtype":"旅館",
    "AED_location":"2F義華俱樂部",
    "district":"中山區"
    }
  },
  {
    "type": "Feature",
    "geometry": {
       "type": "Point",
       "coordinates":  [ 121.499888,25.035002 ]
    },
    "properties": {
    "name":"臺北市建成地政事務所",
    "address":"和平西路3段120號7-9樓",
    "district_code":63000070,
    "type":"其他",
    "subtype":"其他場所",
    "AED_location":"8樓民眾服務區",
    "district":"萬華區"
    }
  },
  {
    "type": "Feature",
    "geometry": {
       "type": "Point",
       "coordinates":  [ 121.5499539,25.05135558 ]
    },
    "properties": {
    "name":"全真概念健康事業股份有限公司-環亞分公司",
    "address":"南京東路四段2號1樓 14號店鋪",
    "district_code":63000010,
    "type":"學校、大型集會場所",
    "subtype":"健身房",
    "AED_location":"台北市南京東路四段2號1樓14號店鋪",
    "district":"松山區"
    }
  },
  {
    "type": "Feature",
    "geometry": {
       "type": "Point",
       "coordinates":  [ 121.5150037,25.05471528 ]
    },
    "properties": {
    "name":"香港商世界健身事業有限公司台北寧夏分公司",
    "address":"寧夏路11號地下1樓",
    "district_code":63000060,
    "type":"學校、大型集會場所",
    "subtype":"健身房",
    "AED_location":"B1心肺區",
    "district":"大同區"
    }
  },
  {
    "type": "Feature",
    "geometry": {
       "type": "Point",
       "coordinates":  [ 121.508762,25.136932 ]
    },
    "properties": {
    "name":"梅庭",
    "address":"中山路6號",
    "district_code":63000120,
    "type":"其他",
    "subtype":"其他場所",
    "AED_location":"梅庭",
    "district":"北投區"
    }
  },
  {
    "type": "Feature",
    "geometry": {
       "type": "Point",
       "coordinates":  [ 121.556434,25.033834 ]
    },
    "properties": {
    "name":"臺北市大安地政事務所",
    "address":"信義路4段335巷6號",
    "district_code":63000030,
    "type":"其他",
    "subtype":"其他場所",
    "AED_location":"1樓大廳",
    "district":"大安區"
    }
  },
  {
    "type": "Feature",
    "geometry": {
       "type": "Point",
       "coordinates":  [ 121.52424,25.054187 ]
    },
    "properties": {
    "name":"晶華國際酒店股份有限公司",
    "address":"中山北路2段39巷3號",
    "district_code":63000040,
    "type":"旅宿場所",
    "subtype":"飯店",
    "AED_location":"20樓往游泳池樓梯口",
    "district":"中山區"
    }
  },
  {
    "type": "Feature",
    "geometry": {
       "type": "Point",
       "coordinates":  [ 121.607064,25.053189 ]
    },
    "properties": {
    "name":"台灣高速鐵路(股)公司-南港車站",
    "address":"南港路一段313號",
    "district_code":63000090,
    "type":"交通要衝",
    "subtype":"高鐵站",
    "AED_location":"台灣高速鐵路(股)公司-南港車站",
    "district":"南港區"
    }
  },
  {
    "type": "Feature",
    "geometry": {
       "type": "Point",
       "coordinates":  [ 121.607064,25.053189 ]
    },
    "properties": {
    "name":"台灣高速鐵路(股)公司-南港車站",
    "address":"南港路一段313號",
    "district_code":63000090,
    "type":"交通要衝",
    "subtype":"高鐵站",
    "AED_location":"台灣高速鐵路(股)公司-南港車站",
    "district":"南港區"
    }
  },
  {
    "type": "Feature",
    "geometry": {
       "type": "Point",
       "coordinates":  [ 121.607064,25.053189 ]
    },
    "properties": {
    "name":"台灣高速鐵路(股)公司-南港車站",
    "address":"南港路一段313號",
    "district_code":63000090,
    "type":"交通要衝",
    "subtype":"高鐵站",
    "AED_location":"台灣高速鐵路(股)公司-南港車站",
    "district":"南港區"
    }
  },
  {
    "type": "Feature",
    "geometry": {
       "type": "Point",
       "coordinates":  [ 121.607064,25.053189 ]
    },
    "properties": {
    "name":"台灣高速鐵路(股)公司-南港車站",
    "address":"南港路一段313號",
    "district_code":63000090,
    "type":"交通要衝",
    "subtype":"高鐵站",
    "AED_location":"台灣高速鐵路(股)公司-南港車站",
    "district":"南港區"
    }
  },
  {
    "type": "Feature",
    "geometry": {
       "type": "Point",
       "coordinates":  [ 121.5540851,25.0480485 ]
    },
    "properties": {
    "name":"Force Fitness 小巨蛋",
    "address":"八德路三段120號2樓",
    "district_code":63000010,
    "type":"大型休閒場所",
    "subtype":"運動場館(如小巨蛋)",
    "AED_location":"台北市松山區八德路三段120號2樓",
    "district":"松山區"
    }
  },
  {
    "type": "Feature",
    "geometry": {
       "type": "Point",
       "coordinates":  [ 121.526371,25.143153 ]
    },
    "properties": {
    "name":"陽明山國家公園龍鳳谷遊客服務站",
    "address":"泉源路200號",
    "district_code":63000120,
    "type":"觀光旅遊地區",
    "subtype":"國家公園",
    "AED_location":"服務站入口處右方",
    "district":"北投區"
    }
  },
  {
    "type": "Feature",
    "geometry": {
       "type": "Point",
       "coordinates":  [ 121.519291,25.038234 ]
    },
    "properties": {
    "name":"臺北市中正運動中心",
    "address":"信義路一段1號",
    "district_code":63000050,
    "type":"學校、大型集會場所",
    "subtype":"健身中心",
    "AED_location":"B1游泳池入口",
    "district":"中正區"
    }
  },
  {
    "type": "Feature",
    "geometry": {
       "type": "Point",
       "coordinates":  [ 121.570022,25.046751 ]
    },
    "properties": {
    "name":"臺北市信義區興雅國民小學",
    "address":"基隆路一段83巷9號",
    "district_code":63000020,
    "type":"學校、大型集會場所",
    "subtype":"國小",
    "AED_location":"臺北市信義區興雅國民小學",
    "district":"信義區"
    }
  },
  {
    "type": "Feature",
    "geometry": {
       "type": "Point",
       "coordinates":  [ 121.471839,25.126936 ]
    },
    "properties": {
    "name":"好市多股份有限公司北投分公司",
    "address":"立德路117號",
    "district_code":63000120,
    "type":"大型購物場所",
    "subtype":"賣場",
    "AED_location":"賣場B1",
    "district":"北投區"
    }
  },
  {
    "type": "Feature",
    "geometry": {
       "type": "Point",
       "coordinates":  [ 121.570456,25.036184 ]
    },
    "properties": {
    "name":"臺北市信義區博愛國民小學",
    "address":"松仁路95巷20號(博愛國小)",
    "district_code":63000020,
    "type":"其他",
    "subtype":"其他場所",
    "AED_location":"1F前穿堂",
    "district":"信義區"
    }
  },
  {
    "type": "Feature",
    "geometry": {
       "type": "Point",
       "coordinates":  [ 121.566153,25.028846 ]
    },
    "properties": {
    "name":"臺北市松山地政事務所",
    "address":"莊敬路391巷11弄2號",
    "district_code":63000020,
    "type":"其他",
    "subtype":"其他場所",
    "AED_location":"一樓大廳",
    "district":"信義區"
    }
  },
  {
    "type": "Feature",
    "geometry": {
       "type": "Point",
       "coordinates":  [ 121.520509,25.052254 ]
    },
    "properties": {
    "name":"誠品生活股份有限公司南西店",
    "address":"南京西路14號",
    "district_code":63000040,
    "type":"大型購物場所",
    "subtype":"商場",
    "AED_location":"4F",
    "district":"中山區"
    }
  },
  {
    "type": "Feature",
    "geometry": {
       "type": "Point",
       "coordinates":  [ 121.520509,25.052254 ]
    },
    "properties": {
    "name":"誠品生活股份有限公司南西店",
    "address":"南京西路14號",
    "district_code":63000040,
    "type":"大型購物場所",
    "subtype":"商場",
    "AED_location":"1F",
    "district":"中山區"
    }
  },
  {
    "type": "Feature",
    "geometry": {
       "type": "Point",
       "coordinates":  [ 121.55235,25.035773 ]
    },
    "properties": {
    "name":"臺北市大安區仁愛國民小學",
    "address":"安和路1段60號",
    "district_code":63000030,
    "type":"其他",
    "subtype":"其他場所",
    "AED_location":"進穿堂左邊佈告欄旁",
    "district":"大安區"
    }
  },
  {
    "type": "Feature",
    "geometry": {
       "type": "Point",
       "coordinates":  [ 121.53565,25.04246 ]
    },
    "properties": {
    "name":"國立臺北科技大學",
    "address":"忠孝東路3 段1號",
    "district_code":63000030,
    "type":"學校、大型集會場所",
    "subtype":"大專院校",
    "AED_location":"中正館",
    "district":"大安區"
    }
  },
  {
    "type": "Feature",
    "geometry": {
       "type": "Point",
       "coordinates":  [ 121.506346,25.02963 ]
    },
    "properties": {
    "name":"臺北市中正區忠義國民小學",
    "address":"中華路二段307巷17號",
    "district_code":63000050,
    "type":"其他",
    "subtype":"其他場所",
    "AED_location":"川堂",
    "district":"中正區"
    }
  },
  {
    "type": "Feature",
    "geometry": {
       "type": "Point",
       "coordinates":  [ 121.539439,25.168282 ]
    },
    "properties": {
    "name":"陽明山國家公園竹子湖蓬萊米原種田故事館",
    "address":"竹子湖路15-1號",
    "district_code":63000120,
    "type":"觀光旅遊地區",
    "subtype":"國家公園",
    "AED_location":"竹子湖路15-1號",
    "district":"北投區"
    }
  },
  {
    "type": "Feature",
    "geometry": {
       "type": "Point",
       "coordinates":  [ 121.54769,25.155667 ]
    },
    "properties": {
    "name":"內政部國家公園署陽明山國家公園管理處行政中心",
    "address":"竹子湖路1-20號",
    "district_code":63000120,
    "type":"觀光旅遊地區",
    "subtype":"國家公園",
    "AED_location":"大門進入後右側",
    "district":"北投區"
    }
  },
  {
    "type": "Feature",
    "geometry": {
       "type": "Point",
       "coordinates":  [ 121.563886,25.106069 ]
    },
    "properties": {
    "name":"臺北市士林區雙溪國民小學",
    "address":"中社路2段66號",
    "district_code":63000110,
    "type":"其他",
    "subtype":"其他場所",
    "AED_location":"吟風樓大門",
    "district":"士林區"
    }
  },
  {
    "type": "Feature",
    "geometry": {
       "type": "Point",
       "coordinates":  [ 121.586503,25.038899 ]
    },
    "properties": {
    "name":"臺北市信義區福德國民小學",
    "address":"福德街253號",
    "district_code":63000020,
    "type":"其他",
    "subtype":"其他場所",
    "AED_location":"福德國小校門口川堂",
    "district":"信義區"
    }
  },
  {
    "type": "Feature",
    "geometry": {
       "type": "Point",
       "coordinates":  [ 121.561637,25.078001 ]
    },
    "properties": {
    "name":"臺北市中山區濱江國民小學",
    "address":"樂群二路266巷99號",
    "district_code":63000040,
    "type":"其他",
    "subtype":"其他場所",
    "AED_location":"1樓聯合辦公室(靠近總務處)入口處",
    "district":"中山區"
    }
  },
  {
    "type": "Feature",
    "geometry": {
       "type": "Point",
       "coordinates":  [ 121.518053,25.117796 ]
    },
    "properties": {
    "name":"國立臺北護理健康大學水療中心(展昭國際企業(股)公司)",
    "address":"明德路365號(水療中心)",
    "district_code":63000120,
    "type":"學校、大型集會場所",
    "subtype":"大專院校",
    "AED_location":"水療中心",
    "district":"北投區"
    }
  },
  {
    "type": "Feature",
    "geometry": {
       "type": "Point",
       "coordinates":  [ 121.512237,25.026566 ]
    },
    "properties": {
    "name":"臺北市中正區永功里民活動場所",
    "address":"汀州路1段324號",
    "district_code":63000050,
    "type":"其他",
    "subtype":"其他場所",
    "AED_location":"永功里民活動場所入口飲水機旁",
    "district":"中正區"
    }
  },
  {
    "type": "Feature",
    "geometry": {
       "type": "Point",
       "coordinates":  [ 121.542372,25.028543 ]
    },
    "properties": {
    "name":"臺北市私立開平餐飲職業學校(主廚之家)",
    "address":"復興南路2段148巷15號",
    "district_code":63000030,
    "type":"學校、大型集會場所",
    "subtype":"高中職",
    "AED_location":"主廚之家1樓",
    "district":"大安區"
    }
  },
  {
    "type": "Feature",
    "geometry": {
       "type": "Point",
       "coordinates":  [ 121.521134,25.029217 ]
    },
    "properties": {
    "name":"社團法人愛福家協會附設私立愛活樂園社區長照機構",
    "address":"羅斯福路2段5號2樓",
    "district_code":63000050,
    "type":"其他",
    "subtype":"其他場所",
    "AED_location":"中正多元照顧中心",
    "district":"中正區"
    }
  },
  {
    "type": "Feature",
    "geometry": {
       "type": "Point",
       "coordinates":  [ 121.567733,25.039668 ]
    },
    "properties": {
    "name":"BELLAVITA 寶麗廣場",
    "address":"松仁路28號",
    "district_code":63000020,
    "type":"大型購物場所",
    "subtype":"百貨業",
    "AED_location":"B1F客服中心",
    "district":"信義區"
    }
  },
  {
    "type": "Feature",
    "geometry": {
       "type": "Point",
       "coordinates":  [ 121.505801,25.046776 ]
    },
    "properties": {
    "name":"城市商旅股份有限公司昆明分公司",
    "address":"昆明街46號",
    "district_code":63000070,
    "type":"旅宿場所",
    "subtype":"旅館",
    "AED_location":"大廳入口詢問處旁",
    "district":"萬華區"
    }
  },
  {
    "type": "Feature",
    "geometry": {
       "type": "Point",
       "coordinates":  [ 121.553019,24.988156 ]
    },
    "properties": {
    "name":"誠隆汽車股份有限公司木柵服務廠",
    "address":"木柵路一段257巷1號",
    "district_code":63000080,
    "type":"其他",
    "subtype":"其他場所",
    "AED_location":"木柵服務廠出納櫃台",
    "district":"文山區"
    }
  },
  {
    "type": "Feature",
    "geometry": {
       "type": "Point",
       "coordinates":  [ 121.555587,25.021244 ]
    },
    "properties": {
    "name":"誠隆汽車股份有限公司大安服務廠",
    "address":"和平東路三段268號",
    "district_code":63000030,
    "type":"其他",
    "subtype":"其他場所",
    "AED_location":"大安服務廠客休室",
    "district":"大安區"
    }
  },
  {
    "type": "Feature",
    "geometry": {
       "type": "Point",
       "coordinates":  [ 121.610384,25.057163 ]
    },
    "properties": {
    "name":"南港國小運動中心(緯創運動行銷公司)",
    "address":"惠民街67號",
    "district_code":63000090,
    "type":"學校、大型集會場所",
    "subtype":"健身中心",
    "AED_location":"活動中心",
    "district":"南港區"
    }
  },
  {
    "type": "Feature",
    "geometry": {
       "type": "Point",
       "coordinates":  [ 121.547473,25.034215 ]
    },
    "properties": {
    "name":"臺北市大安老人服務暨日間照顧中心",
    "address":"四維路76巷12號",
    "district_code":63000030,
    "type":"其他",
    "subtype":"其他場所",
    "AED_location":"5樓交誼廳",
    "district":"大安區"
    }
  },
  {
    "type": "Feature",
    "geometry": {
       "type": "Point",
       "coordinates":  [ 121.5672288,24.9885015 ]
    },
    "properties": {
    "name":"香港商世界健身事業有限公司台北木柵分公司",
    "address":"木柵路三段96號B1、B2",
    "district_code":63000080,
    "type":"學校、大型集會場所",
    "subtype":"健身房",
    "AED_location":"B1教練櫃台旁",
    "district":"文山區"
    }
  },
  {
    "type": "Feature",
    "geometry": {
       "type": "Point",
       "coordinates":  [ 121.497335,25.031299 ]
    },
    "properties": {
    "name":"誠隆汽車股份有限公司萬華服務廠",
    "address":"莒光路328號",
    "district_code":63000070,
    "type":"其他",
    "subtype":"其他場所",
    "AED_location":"萬華服務廠終檢區",
    "district":"萬華區"
    }
  },
  {
    "type": "Feature",
    "geometry": {
       "type": "Point",
       "coordinates":  [ 121.488071,25.102855 ]
    },
    "properties": {
    "name":"臺北市立福安國民中學",
    "address":"延平北路七段250號",
    "district_code":63000110,
    "type":"學校、大型集會場所",
    "subtype":"國中",
    "AED_location":"健康中心外走廊",
    "district":"士林區"
    }
  },
  {
    "type": "Feature",
    "geometry": {
       "type": "Point",
       "coordinates":  [ 121.521296,25.09941 ]
    },
    "properties": {
    "name":"臺北市士林區文昌國民小學",
    "address":"文林路615巷20號",
    "district_code":63000110,
    "type":"其他",
    "subtype":"其他場所",
    "AED_location":"健康中心門口外之牆邊",
    "district":"士林區"
    }
  },
  {
    "type": "Feature",
    "geometry": {
       "type": "Point",
       "coordinates":  [ 121.5333292,25.05716156 ]
    },
    "properties": {
    "name":"勞動部",
    "address":"松江路207號",
    "district_code":63000040,
    "type":"其他",
    "subtype":"其他場所",
    "AED_location":"1樓大廳服務台旁",
    "district":"中山區"
    }
  },
  {
    "type": "Feature",
    "geometry": {
       "type": "Point",
       "coordinates":  [ 121.5486089,25.0399743 ]
    },
    "properties": {
    "name":"佳齡診所",
    "address":"台北市大安區敦化南路一段205號B1",
    "district_code":63000030,
    "type":"學校、大型集會場所",
    "subtype":"健身房",
    "AED_location":"佳齡診所附設加力運醫",
    "district":"大安區"
    }
  },
  {
    "type": "Feature",
    "geometry": {
       "type": "Point",
       "coordinates":  [ 121.5541741,25.02618 ]
    },
    "properties": {
    "name":"麗舍整形外科診所",
    "address":"基隆路二段172-1號6樓",
    "district_code":63000030,
    "type":"其他",
    "subtype":"其他場所",
    "AED_location":"本院恢復室",
    "district":"大安區"
    }
  },
  {
    "type": "Feature",
    "geometry": {
       "type": "Point",
       "coordinates":  [ 121.468879,25.133617 ]
    },
    "properties": {
    "name":"城市學校財團法人臺北城市科技大學",
    "address":"學園路2號",
    "district_code":63000120,
    "type":"學校、大型集會場所",
    "subtype":"大專院校",
    "AED_location":"愛園大樓2樓宿舍旁",
    "district":"北投區"
    }
  },
  {
    "type": "Feature",
    "geometry": {
       "type": "Point",
       "coordinates":  [ 121.538749,25.136543 ]
    },
    "properties": {
    "name":"中國文化大學 大恩館",
    "address":"華岡路55號",
    "district_code":63000110,
    "type":"學校、大型集會場所",
    "subtype":"大專院校",
    "AED_location":"大慈館 (女生宿舍)",
    "district":"士林區"
    }
  },
  {
    "type": "Feature",
    "geometry": {
       "type": "Point",
       "coordinates":  [ 121.530027,25.090522 ]
    },
    "properties": {
    "name":"士林203號公園",
    "address":"中山北路五段378巷26號",
    "district_code":63000110,
    "type":"其他",
    "subtype":"其他場所",
    "AED_location":"陽明山公園管理所",
    "district":"士林區"
    }
  },
  {
    "type": "Feature",
    "geometry": {
       "type": "Point",
       "coordinates":  [ 121.529609,25.068582 ]
    },
    "properties": {
    "name":"新生公園(閱覽室)",
    "address":"新生北路3段105號",
    "district_code":63000040,
    "type":"其他",
    "subtype":"其他場所",
    "AED_location":"新生公園圓山所辦公室1樓",
    "district":"中山區"
    }
  },
  {
    "type": "Feature",
    "geometry": {
       "type": "Point",
       "coordinates":  [ 121.553232,25.041149 ]
    },
    "properties": {
    "name":"B.P.Y220",
    "address":"忠孝東路四段220號10樓",
    "district_code":63000030,
    "type":"學校、大型集會場所",
    "subtype":"健身房",
    "AED_location":"場館大廳",
    "district":"大安區"
    }
  },
  {
    "type": "Feature",
    "geometry": {
       "type": "Point",
       "coordinates":  [ 121.538749,25.136543 ]
    },
    "properties": {
    "name":"中國文化大學 大恩館",
    "address":"華岡路55號",
    "district_code":63000110,
    "type":"學校、大型集會場所",
    "subtype":"大專院校",
    "AED_location":"大倫館 (男生宿舍)",
    "district":"士林區"
    }
  },
  {
    "type": "Feature",
    "geometry": {
       "type": "Point",
       "coordinates":  [ 121.54381,25.134983 ]
    },
    "properties": {
    "name":"臺北市政府工務局公園路燈工程管理處花卉試驗中心",
    "address":"仰德大道四段175巷32號",
    "district_code":63000110,
    "type":"其他",
    "subtype":"其他場所",
    "AED_location":"綠化教室",
    "district":"士林區"
    }
  },
  {
    "type": "Feature",
    "geometry": {
       "type": "Point",
       "coordinates":  [ 121.530248,25.09458725 ]
    },
    "properties": {
    "name":"士林官邸公園",
    "address":"福林路60-1號",
    "district_code":63000110,
    "type":"觀光旅遊地區",
    "subtype":"地方政府主管風景區",
    "AED_location":"駐衛警室",
    "district":"士林區"
    }
  },
  {
    "type": "Feature",
    "geometry": {
       "type": "Point",
       "coordinates":  [ 121.510316,25.051644 ]
    },
    "properties": {
    "name":"衛生福利部國民健康署台北辦公室",
    "address":"塔城街36號",
    "district_code":63000060,
    "type":"其他",
    "subtype":"其他場所",
    "AED_location":"1樓梯廳北側",
    "district":"大同區"
    }
  },
  {
    "type": "Feature",
    "geometry": {
       "type": "Point",
       "coordinates":  [ 121.58184,25.048938 ]
    },
    "properties": {
    "name":"臺北市南港運動中心",
    "address":"玉成街69號",
    "district_code":63000090,
    "type":"學校、大型集會場所",
    "subtype":"健身中心",
    "AED_location":"3樓籃球場",
    "district":"南港區"
    }
  },
  {
    "type": "Feature",
    "geometry": {
       "type": "Point",
       "coordinates":  [ 121.6072083,25.05267019 ]
    },
    "properties": {
    "name":"潤泰旭展股份有限公司(CITYLINK南港店)",
    "address":"忠孝東路七段369號",
    "district_code":63000090,
    "type":"大型購物場所",
    "subtype":"商場",
    "AED_location":"B棟3樓服務台旁",
    "district":"南港區"
    }
  },
  {
    "type": "Feature",
    "geometry": {
       "type": "Point",
       "coordinates":  [ 121.532776,25.053026 ]
    },
    "properties": {
    "name":"萬海航運股份有限公司(松江辦公室)",
    "address":"松江路136號9樓",
    "district_code":63000040,
    "type":"其他",
    "subtype":"其他場所",
    "AED_location":"大門左側",
    "district":"中山區"
    }
  },
  {
    "type": "Feature",
    "geometry": {
       "type": "Point",
       "coordinates":  [ 121.5843356,25.06365669 ]
    },
    "properties": {
    "name":"萬海航運股份有限公司(內湖辦公室)",
    "address":"新湖一路361號",
    "district_code":63000100,
    "type":"其他",
    "subtype":"其他場所",
    "AED_location":"新湖一路361號1F 大廳 Logo 旁",
    "district":"內湖區"
    }
  },
  {
    "type": "Feature",
    "geometry": {
       "type": "Point",
       "coordinates":  [ 121.500265,25.031333 ]
    },
    "properties": {
    "name":"萬華靜思堂",
    "address":"莒光路222號",
    "district_code":63000070,
    "type":"其他",
    "subtype":"其他場所",
    "AED_location":"大廳",
    "district":"萬華區"
    }
  },
  {
    "type": "Feature",
    "geometry": {
       "type": "Point",
       "coordinates":  [ 121.507931,25.046784 ]
    },
    "properties": {
    "name":"臺北市萬華區福星國民小學",
    "address":"中華路一段66號",
    "district_code":63000070,
    "type":"其他",
    "subtype":"其他場所",
    "AED_location":"校門警衛室旁",
    "district":"萬華區"
    }
  },
  {
    "type": "Feature",
    "geometry": {
       "type": "Point",
       "coordinates":  [ 121.580239,25.079126 ]
    },
    "properties": {
    "name":"臺北市內湖區內湖國民小學",
    "address":"內湖路2段41號",
    "district_code":63000100,
    "type":"學校、大型集會場所",
    "subtype":"國小",
    "AED_location":"一樓北側門警衛室旁",
    "district":"內湖區"
    }
  },
  {
    "type": "Feature",
    "geometry": {
       "type": "Point",
       "coordinates":  [ 121.502725,25.038046 ]
    },
    "properties": {
    "name":"臺北市萬華區老松國民小學",
    "address":"桂林路64號",
    "district_code":63000070,
    "type":"其他",
    "subtype":"其他場所",
    "AED_location":"川堂",
    "district":"萬華區"
    }
  },
  {
    "type": "Feature",
    "geometry": {
       "type": "Point",
       "coordinates":  [ 121.560518,25.051912 ]
    },
    "properties": {
    "name":"森蒲有限公司（Energym)",
    "address":"南京東路五段123巷1弄4號1F",
    "district_code":63000010,
    "type":"學校、大型集會場所",
    "subtype":"健身房",
    "AED_location":"店裡室內",
    "district":"松山區"
    }
  },
  {
    "type": "Feature",
    "geometry": {
       "type": "Point",
       "coordinates":  [ 121.504618,25.036077 ]
    },
    "properties": {
    "name":"臺北市立龍山國民中學",
    "address":"南寧路46號",
    "district_code":63000070,
    "type":"其他",
    "subtype":"其他場所",
    "AED_location":"穿堂",
    "district":"萬華區"
    }
  },
  {
    "type": "Feature",
    "geometry": {
       "type": "Point",
       "coordinates":  [ 121.514353,25.025138 ]
    },
    "properties": {
    "name":"臺北市中正區螢橋國民小學",
    "address":"詔安街29號",
    "district_code":63000050,
    "type":"其他",
    "subtype":"其他場所",
    "AED_location":"穿堂",
    "district":"中正區"
    }
  },
  {
    "type": "Feature",
    "geometry": {
       "type": "Point",
       "coordinates":  [ 121.522007,25.032339 ]
    },
    "properties": {
    "name":"臺北市立中正國民中學",
    "address":"愛國東路158號",
    "district_code":63000050,
    "type":"學校、大型集會場所",
    "subtype":"大專院校",
    "AED_location":"大門口",
    "district":"中正區"
    }
  },
  {
    "type": "Feature",
    "geometry": {
       "type": "Point",
       "coordinates":  [ 121.503337,25.025983 ]
    },
    "properties": {
    "name":"臺北市萬華區新和國民小學",
    "address":"西藏路125巷31號",
    "district_code":63000070,
    "type":"學校、大型集會場所",
    "subtype":"國小",
    "AED_location":"校門口穿堂",
    "district":"萬華區"
    }
  },
  {
    "type": "Feature",
    "geometry": {
       "type": "Point",
       "coordinates":  [ 121.5273834,25.051807 ]
    },
    "properties": {
    "name":"50+健身薈",
    "address":"南京東路一段138號4樓",
    "district_code":63000040,
    "type":"其他",
    "subtype":"其他場所",
    "AED_location":"門口櫃台左側",
    "district":"中山區"
    }
  },
  {
    "type": "Feature",
    "geometry": {
       "type": "Point",
       "coordinates":  [ 121.578562,25.032801 ]
    },
    "properties": {
    "name":"臺北市立永春高級中學",
    "address":"松山路654號",
    "district_code":63000020,
    "type":"學校、大型集會場所",
    "subtype":"高中職",
    "AED_location":"行政大樓1樓穿堂",
    "district":"信義區"
    }
  },
  {
    "type": "Feature",
    "geometry": {
       "type": "Point",
       "coordinates":  [ 121.564101,25.033493 ]
    },
    "properties": {
    "name":"京庚健康世界股份有限公司101分公司",
    "address":"市府路45號6樓之2",
    "district_code":63000020,
    "type":"學校、大型集會場所",
    "subtype":"健身房",
    "AED_location":"6F教練櫃台右前方",
    "district":"信義區"
    }
  },
  {
    "type": "Feature",
    "geometry": {
       "type": "Point",
       "coordinates":  [ 121.512947,25.04614 ]
    },
    "properties": {
    "name":"摩莎曼拉精品旅館-台北車站館",
    "address":"開封街一段33號",
    "district_code":63000050,
    "type":"其他",
    "subtype":"其他場所",
    "AED_location":"台北市中正區開封街一段33號",
    "district":"中正區"
    }
  },
  {
    "type": "Feature",
    "geometry": {
       "type": "Point",
       "coordinates":  [ 121.505792,25.045673 ]
    },
    "properties": {
    "name":"高絲旅股份有限公司漢口館",
    "address":"漢口街二段54號",
    "district_code":63000070,
    "type":"其他",
    "subtype":"其他場所",
    "AED_location":"台北市萬華區漢口街二段54號",
    "district":"萬華區"
    }
  },
  {
    "type": "Feature",
    "geometry": {
       "type": "Point",
       "coordinates":  [ 121.56104,25.004577 ]
    },
    "properties": {
    "name":"臺北市政府公務人員訓練處",
    "address":"萬美街2段21巷20號",
    "district_code":63000080,
    "type":"其他",
    "subtype":"其他場所",
    "AED_location":"B區-體育館",
    "district":"文山區"
    }
  },
  {
    "type": "Feature",
    "geometry": {
       "type": "Point",
       "coordinates":  [ 121.5488165,25.00027763 ]
    },
    "properties": {
    "name":"臺北市文山老人服務暨日間照顧中心",
    "address":"興隆路2段88號1樓之3",
    "district_code":63000080,
    "type":"其他",
    "subtype":"其他場所",
    "AED_location":"中心內大廳",
    "district":"文山區"
    }
  },
  {
    "type": "Feature",
    "geometry": {
       "type": "Point",
       "coordinates":  [ 121.528283,25.02603 ]
    },
    "properties": {
    "name":"國立臺灣師範大學校本部(和平東路1段162號) ",
    "address":"和平東路1段162號",
    "district_code":63000030,
    "type":"學校、大型集會場所",
    "subtype":"大專院校",
    "AED_location":"校本部勤大樓一樓",
    "district":"大安區"
    }
  },
  {
    "type": "Feature",
    "geometry": {
       "type": "Point",
       "coordinates":  [ 121.555713,25.0363 ]
    },
    "properties": {
    "name":"好時光女生運動樂園(古亭樂園)",
    "address":"南昌路二段53號1樓",
    "district_code":63000050,
    "type":"學校、大型集會場所",
    "subtype":"健身房",
    "AED_location":"櫃檯旁邊",
    "district":"中正區"
    }
  },
  {
    "type": "Feature",
    "geometry": {
       "type": "Point",
       "coordinates":  [ 121.521025,25.111304 ]
    },
    "properties": {
    "name":"奎山學校財團法人臺北市奎山實驗高級中等學校",
    "address":"明德路200號",
    "district_code":63000120,
    "type":"學校、大型集會場所",
    "subtype":"高中職",
    "AED_location":"健康中心",
    "district":"北投區"
    }
  },
  {
    "type": "Feature",
    "geometry": {
       "type": "Point",
       "coordinates":  [ 121.502713,25.121445 ]
    },
    "properties": {
    "name":"財團法人台北市私立陽明養護中心",
    "address":"公館路209巷18號",
    "district_code":63000120,
    "type":"其他",
    "subtype":"其他場所",
    "AED_location":"辦公室前",
    "district":"北投區"
    }
  },
  {
    "type": "Feature",
    "geometry": {
       "type": "Point",
       "coordinates":  [ 121.522887,25.079924 ]
    },
    "properties": {
    "name":"臺北市士林區劍潭國民小學",
    "address":"通河街16號",
    "district_code":63000110,
    "type":"其他",
    "subtype":"其他場所",
    "AED_location":"川堂",
    "district":"士林區"
    }
  },
  {
    "type": "Feature",
    "geometry": {
       "type": "Point",
       "coordinates":  [ 121.535265,25.102662 ]
    },
    "properties": {
    "name":"臺北市士林區雨聲國民小學",
    "address":"至誠路一段62巷70號",
    "district_code":63000110,
    "type":"其他",
    "subtype":"其他場所",
    "AED_location":"穿堂",
    "district":"士林區"
    }
  },
  {
    "type": "Feature",
    "geometry": {
       "type": "Point",
       "coordinates":  [ 121.526717,25.062062 ]
    },
    "properties": {
    "name":"臺北市立新興國民中學",
    "address":"林森北路511號",
    "district_code":63000040,
    "type":"學校、大型集會場所",
    "subtype":"國中",
    "AED_location":"臺北市立新興國民中學健康中心外走廊",
    "district":"中山區"
    }
  },
  {
    "type": "Feature",
    "geometry": {
       "type": "Point",
       "coordinates":  [ 121.538757,24.99413 ]
    },
    "properties": {
    "name":"臺北市文山區溪口國民小學",
    "address":"景福街225號",
    "district_code":63000080,
    "type":"其他",
    "subtype":"其他場所",
    "AED_location":"健康中心走廊",
    "district":"文山區"
    }
  },
  {
    "type": "Feature",
    "geometry": {
       "type": "Point",
       "coordinates":  [ 121.540493,25.003889 ]
    },
    "properties": {
    "name":"臺北市文山區武功國民小學",
    "address":"興隆路一段68號",
    "district_code":63000080,
    "type":"其他",
    "subtype":"其他場所",
    "AED_location":"警衛室外牆",
    "district":"文山區"
    }
  },
  {
    "type": "Feature",
    "geometry": {
       "type": "Point",
       "coordinates":  [ 121.57582,25.001764 ]
    },
    "properties": {
    "name":"臺北市博嘉實驗國民小學",
    "address":"木柵路4段159巷14-1號",
    "district_code":63000080,
    "type":"其他",
    "subtype":"其他場所",
    "AED_location":"校門口警衛室內",
    "district":"文山區"
    }
  },
  {
    "type": "Feature",
    "geometry": {
       "type": "Point",
       "coordinates":  [ 121.531533,25.042927 ]
    },
    "properties": {
    "name":"臺北市中正區忠孝國民小學",
    "address":"忠孝東路二段101號",
    "district_code":63000050,
    "type":"其他",
    "subtype":"其他場所",
    "AED_location":"忠孝國小",
    "district":"中正區"
    }
  },
  {
    "type": "Feature",
    "geometry": {
       "type": "Point",
       "coordinates":  [ 121.511085,25.061297 ]
    },
    "properties": {
    "name":"臺北市大同區永樂國民小學",
    "address":"延平北路二段266號",
    "district_code":63000060,
    "type":"學校、大型集會場所",
    "subtype":"國小",
    "AED_location":"一樓健康中心門口(靠近體育器材室)",
    "district":"大同區"
    }
  },
  {
    "type": "Feature",
    "geometry": {
       "type": "Point",
       "coordinates":  [ 121.51571,25.056387 ]
    },
    "properties": {
    "name":"臺北市大同區蓬萊國民小學",
    "address":"寧夏路35號",
    "district_code":63000060,
    "type":"其他",
    "subtype":"其他場所",
    "AED_location":"臺北市大同區蓬萊國民小學太原門穿堂",
    "district":"大同區"
    }
  },
  {
    "type": "Feature",
    "geometry": {
       "type": "Point",
       "coordinates":  [ 121.56075,25.07955 ]
    },
    "properties": {
    "name":"臺北市濱江實驗國民中學",
    "address":"樂群二路262號",
    "district_code":63000040,
    "type":"學校、大型集會場所",
    "subtype":"國中",
    "AED_location":"文樓協和廣場",
    "district":"中山區"
    }
  },
  {
    "type": "Feature",
    "geometry": {
       "type": "Point",
       "coordinates":  [ 121.524608,25.095049 ]
    },
    "properties": {
    "name":"臺北市士林區士林國民小學",
    "address":"大東路165號",
    "district_code":63000110,
    "type":"其他",
    "subtype":"其他場所",
    "AED_location":"士林國小健康中心",
    "district":"士林區"
    }
  },
  {
    "type": "Feature",
    "geometry": {
       "type": "Point",
       "coordinates":  [ 121.507931,25.046784 ]
    },
    "properties": {
    "name":"臺北市萬華區福星國民小學",
    "address":"中華路一段66號",
    "district_code":63000070,
    "type":"其他",
    "subtype":"其他場所",
    "AED_location":"健康中心",
    "district":"萬華區"
    }
  },
  {
    "type": "Feature",
    "geometry": {
       "type": "Point",
       "coordinates":  [ 121.507931,25.046784 ]
    },
    "properties": {
    "name":"臺北市萬華區福星國民小學",
    "address":"中華路一段66號",
    "district_code":63000070,
    "type":"其他",
    "subtype":"其他場所",
    "AED_location":"學群大樓五樓游泳池旁",
    "district":"萬華區"
    }
  },
  {
    "type": "Feature",
    "geometry": {
       "type": "Point",
       "coordinates":  [ 121.507931,25.046784 ]
    },
    "properties": {
    "name":"臺北市萬華區福星國民小學",
    "address":"中華路一段66號",
    "district_code":63000070,
    "type":"其他",
    "subtype":"其他場所",
    "AED_location":"活動中心1樓球場",
    "district":"萬華區"
    }
  },
  {
    "type": "Feature",
    "geometry": {
       "type": "Point",
       "coordinates":  [ 121.557636,25.06304 ]
    },
    "properties": {
    "name":"台灣虎航股份有限公司",
    "address":"敦化北路405巷123弄3號",
    "district_code":63000010,
    "type":"長距離交通工具",
    "subtype":"航空器",
    "AED_location":"B-50021航機, 第13排 DEF行李艙",
    "district":"松山區"
    }
  },
  {
    "type": "Feature",
    "geometry": {
       "type": "Point",
       "coordinates":  [ 121.578194,25.077287 ]
    },
    "properties": {
    "name":"麥克王運動訓練有公司",
    "address":"江南街65巷6號1樓",
    "district_code":63000100,
    "type":"學校、大型集會場所",
    "subtype":"健身房",
    "AED_location":"店內一樓",
    "district":"內湖區"
    }
  },
  {
    "type": "Feature",
    "geometry": {
       "type": "Point",
       "coordinates":  [ 121.520679,25.117539 ]
    },
    "properties": {
    "name":"國立臺北護理健康大學",
    "address":"明德路365號",
    "district_code":63000120,
    "type":"學校、大型集會場所",
    "subtype":"大專院校",
    "AED_location":"學生餐廳一樓外",
    "district":"北投區"
    }
  },
  {
    "type": "Feature",
    "geometry": {
       "type": "Point",
       "coordinates":  [ 121.507474,25.032802 ]
    },
    "properties": {
    "name":"臺北市南海發展中心",
    "address":"延平南路207號1、2樓",
    "district_code":63000050,
    "type":"其他",
    "subtype":"其他場所",
    "AED_location":"2樓交誼廳",
    "district":"中正區"
    }
  },
  {
    "type": "Feature",
    "geometry": {
       "type": "Point",
       "coordinates":  [ 121.54336,25.032033 ]
    },
    "properties": {
    "name":"臺北市立大安高級工業職業學校",
    "address":"復興南路2段52號",
    "district_code":63000030,
    "type":"學校、大型集會場所",
    "subtype":"高中職",
    "AED_location":"大安高工活動中心管控室",
    "district":"大安區"
    }
  },
  {
    "type": "Feature",
    "geometry": {
       "type": "Point",
       "coordinates":  [ 121.578562,25.032801 ]
    },
    "properties": {
    "name":"臺北市立永春高級中學",
    "address":"松山路654號",
    "district_code":63000020,
    "type":"學校、大型集會場所",
    "subtype":"高中職",
    "AED_location":"英華樓圖書館前",
    "district":"信義區"
    }
  },
  {
    "type": "Feature",
    "geometry": {
       "type": "Point",
       "coordinates":  [ 121.519891,25.042079 ]
    },
    "properties": {
    "name":"臺北市中正區南門國民小學",
    "address":"廣州街6號",
    "district_code":63000050,
    "type":"其他",
    "subtype":"其他場所",
    "AED_location":"學務處外走廊",
    "district":"中正區"
    }
  },
  {
    "type": "Feature",
    "geometry": {
       "type": "Point",
       "coordinates":  [ 121.559309,24.990051 ]
    },
    "properties": {
    "name":"臺北市私立再興小學",
    "address":"興隆路四段2號",
    "district_code":63000080,
    "type":"其他",
    "subtype":"其他場所",
    "AED_location":"小學部大樓1樓",
    "district":"文山區"
    }
  },
  {
    "type": "Feature",
    "geometry": {
       "type": "Point",
       "coordinates":  [ 121.5256839,25.0304773 ]
    },
    "properties": {
    "name":"榕錦時光生活園區-遊客服務中心",
    "address":"金華街167號",
    "district_code":63000030,
    "type":"觀光旅遊地區",
    "subtype":"文化園區",
    "AED_location":"幸福逸居辦公室",
    "district":"大安區"
    }
  },
  {
    "type": "Feature",
    "geometry": {
       "type": "Point",
       "coordinates":  [ 121.529399,25.04413 ]
    },
    "properties": {
    "name":"華山1914文化創意產業園區",
    "address":"八德路一段一號",
    "district_code":63000050,
    "type":"觀光旅遊地區",
    "subtype":"文化園區",
    "AED_location":"遊客服務中心",
    "district":"中正區"
    }
  },
  {
    "type": "Feature",
    "geometry": {
       "type": "Point",
       "coordinates":  [ 121.544225,24.996187 ]
    },
    "properties": {
    "name":"臺北市立景興國民中學",
    "address":"景興路46巷2號",
    "district_code":63000080,
    "type":"學校、大型集會場所",
    "subtype":"國中",
    "AED_location":"體育組後門",
    "district":"文山區"
    }
  },
  {
    "type": "Feature",
    "geometry": {
       "type": "Point",
       "coordinates":  [ 121.590903,25.068942 ]
    },
    "properties": {
    "name":"臺灣士林地方法院民事庭",
    "address":"民權東路六段91號",
    "district_code":63000100,
    "type":"學校、大型集會場所",
    "subtype":"法院",
    "AED_location":"1F法警室外面",
    "district":"內湖區"
    }
  },
  {
    "type": "Feature",
    "geometry": {
       "type": "Point",
       "coordinates":  [ 121.551888,25.002436 ]
    },
    "properties": {
    "name":"臺北市文山區興隆國民小學",
    "address":"福興路2號",
    "district_code":63000080,
    "type":"其他",
    "subtype":"其他場所",
    "AED_location":"大門口警衛室",
    "district":"文山區"
    }
  },
  {
    "type": "Feature",
    "geometry": {
       "type": "Point",
       "coordinates":  [ 121.510282,25.035013 ]
    },
    "properties": {
    "name":"永豐餘消費品實業股份有限公司(臺北市)",
    "address":"重慶南路二段51號(16F)",
    "district_code":63000050,
    "type":"其他",
    "subtype":"其他場所",
    "AED_location":"台北市中正區重慶南路二段51號17F",
    "district":"中正區"
    }
  },
  {
    "type": "Feature",
    "geometry": {
       "type": "Point",
       "coordinates":  [ 121.5819729,25.03772618 ]
    },
    "properties": {
    "name":"信義就業服務站",
    "address":"福德街86號8樓",
    "district_code":63000020,
    "type":"其他",
    "subtype":"其他場所",
    "AED_location":"信義就業服務站",
    "district":"信義區"
    }
  },
  {
    "type": "Feature",
    "geometry": {
       "type": "Point",
       "coordinates":  [ 121.579677,25.06307 ]
    },
    "properties": {
    "name":"騰富科技大樓",
    "address":"新湖二路168號六樓",
    "district_code":63000100,
    "type":"其他",
    "subtype":"其他場所",
    "AED_location":"大廳一樓",
    "district":"內湖區"
    }
  },
  {
    "type": "Feature",
    "geometry": {
       "type": "Point",
       "coordinates":  [ 121.529399,25.04413 ]
    },
    "properties": {
    "name":"華山1914文化創意產業園區",
    "address":"八德路一段一號",
    "district_code":63000050,
    "type":"觀光旅遊地區",
    "subtype":"文化園區",
    "AED_location":"中4-2樓文化部小客廳外公共區",
    "district":"中正區"
    }
  },
  {
    "type": "Feature",
    "geometry": {
       "type": "Point",
       "coordinates":  [ 121.50461,25.134939 ]
    },
    "properties": {
    "name":"臺北市立北投國民中學",
    "address":"溫泉路62號",
    "district_code":63000120,
    "type":"其他",
    "subtype":"其他場所",
    "AED_location":"操場1F體育組外",
    "district":"北投區"
    }
  },
  {
    "type": "Feature",
    "geometry": {
       "type": "Point",
       "coordinates":  [ 121.497388,25.037357 ]
    },
    "properties": {
    "name":"臺北市萬華龍山老人服務中心",
    "address":"梧州街36號3樓",
    "district_code":63000070,
    "type":"其他",
    "subtype":"其他場所",
    "AED_location":"中庭角落",
    "district":"萬華區"
    }
  },
  {
    "type": "Feature",
    "geometry": {
       "type": "Point",
       "coordinates":  [ 121.617235,25.042389 ]
    },
    "properties": {
    "name":"臺北市南港區胡適國民小學",
    "address":"舊莊街1段一號",
    "district_code":63000090,
    "type":"其他",
    "subtype":"其他場所",
    "AED_location":"聯合辦公室外牆面上",
    "district":"南港區"
    }
  },
  {
    "type": "Feature",
    "geometry": {
       "type": "Point",
       "coordinates":  [ 121.54074,24.992148 ]
    },
    "properties": {
    "name":"景美就業服務站",
    "address":"羅斯福路6段393號2樓",
    "district_code":63000080,
    "type":"其他",
    "subtype":"其他場所",
    "AED_location":"景美就業服務站",
    "district":"文山區"
    }
  },
  {
    "type": "Feature",
    "geometry": {
       "type": "Point",
       "coordinates":  [ 121.503279,25.036655 ]
    },
    "properties": {
    "name":"臺北市鄉土教育中心",
    "address":"廣州街101號",
    "district_code":63000070,
    "type":"其他",
    "subtype":"其他場所",
    "AED_location":"服務台",
    "district":"萬華區"
    }
  },
  {
    "type": "Feature",
    "geometry": {
       "type": "Point",
       "coordinates":  [ 121.579005,25.049366 ]
    },
    "properties": {
    "name":"全球人壽保險股份有限公司",
    "address":"市民大道六段288號4樓",
    "district_code":63000020,
    "type":"其他",
    "subtype":"其他場所",
    "AED_location":"4樓大廳",
    "district":"信義區"
    }
  },
  {
    "type": "Feature",
    "geometry": {
       "type": "Point",
       "coordinates":  [ 121.530163,25.049769 ]
    },
    "properties": {
    "name":"臺北市中山區長安國民小學",
    "address":"吉林路15號",
    "district_code":63000040,
    "type":"學校、大型集會場所",
    "subtype":"國小",
    "AED_location":"本校活力新天地大樓1樓",
    "district":"中山區"
    }
  },
  {
    "type": "Feature",
    "geometry": {
       "type": "Point",
       "coordinates":  [ 121.541784,25.04524 ]
    },
    "properties": {
    "name":"臺北市中山區懷生國民小學",
    "address":"安東街16巷2號",
    "district_code":63000040,
    "type":"其他",
    "subtype":"其他場所",
    "AED_location":"懷生國小健康中心走廊",
    "district":"中山區"
    }
  },
  {
    "type": "Feature",
    "geometry": {
       "type": "Point",
       "coordinates":  [ 121.533901,25.054936 ]
    },
    "properties": {
    "name":"臺北市中山區長春國民小學",
    "address":"長春路165號",
    "district_code":63000040,
    "type":"其他",
    "subtype":"其他場所",
    "AED_location":"信義樓一樓樓梯間",
    "district":"中山區"
    }
  },
  {
    "type": "Feature",
    "geometry": {
       "type": "Point",
       "coordinates":  [ 121.596285,25.054423 ]
    },
    "properties": {
    "name":"臺北市南港區東新國民小學",
    "address":"興南街62號",
    "district_code":63000090,
    "type":"其他",
    "subtype":"其他場所",
    "AED_location":"信義樓及和平樓轉角處",
    "district":"南港區"
    }
  },
  {
    "type": "Feature",
    "geometry": {
       "type": "Point",
       "coordinates":  [ 121.564286,25.063178 ]
    },
    "properties": {
    "name":"臺北市松山區三民國民小學",
    "address":"民權東路5段1號",
    "district_code":63000010,
    "type":"其他",
    "subtype":"其他場所",
    "AED_location":"三民國小校門口",
    "district":"松山區"
    }
  },
  {
    "type": "Feature",
    "geometry": {
       "type": "Point",
       "coordinates":  [ 121.610761,25.071323 ]
    },
    "properties": {
    "name":"臺北市內湖區明湖國民小學",
    "address":"康寧路三段105號",
    "district_code":63000100,
    "type":"其他",
    "subtype":"其他場所",
    "AED_location":"明湖國小警衛室",
    "district":"內湖區"
    }
  },
  {
    "type": "Feature",
    "geometry": {
       "type": "Point",
       "coordinates":  [ 121.551337,25.05935 ]
    },
    "properties": {
    "name":"臺北市松山區民族國民小學",
    "address":"民生東路4段97巷7號",
    "district_code":63000010,
    "type":"其他",
    "subtype":"其他場所",
    "AED_location":"校門警衛室樓梯旁",
    "district":"松山區"
    }
  },
  {
    "type": "Feature",
    "geometry": {
       "type": "Point",
       "coordinates":  [ 121.557853,25.04027 ]
    },
    "properties": {
    "name":"臺北市信義區光復國民小學",
    "address":"光復南路271號",
    "district_code":63000020,
    "type":"其他",
    "subtype":"其他場所",
    "AED_location":"明德樓一樓",
    "district":"信義區"
    }
  },
  {
    "type": "Feature",
    "geometry": {
       "type": "Point",
       "coordinates":  [ 121.572465,25.083679 ]
    },
    "properties": {
    "name":"臺北市內湖區麗山國民小學",
    "address":"港華街100號",
    "district_code":63000100,
    "type":"其他",
    "subtype":"其他場所",
    "AED_location":"前棟穿堂(進校門右側)",
    "district":"內湖區"
    }
  },
  {
    "type": "Feature",
    "geometry": {
       "type": "Point",
       "coordinates":  [ 121.545851,25.080638 ]
    },
    "properties": {
    "name":"臺北市中山區大直國民小學",
    "address":"大直街2號",
    "district_code":63000040,
    "type":"其他",
    "subtype":"其他場所",
    "AED_location":"健康中心前走廊",
    "district":"中山區"
    }
  },
  {
    "type": "Feature",
    "geometry": {
       "type": "Point",
       "coordinates":  [ 121.557165,25.083307 ]
    },
    "properties": {
    "name":"美麗華城市發展股份有限公司(美麗華百樂園)",
    "address":"敬業三路20號",
    "district_code":63000040,
    "type":"大型購物場所",
    "subtype":"百貨業",
    "AED_location":"本館2F",
    "district":"中山區"
    }
  },
  {
    "type": "Feature",
    "geometry": {
       "type": "Point",
       "coordinates":  [ 121.54617,25.029397 ]
    },
    "properties": {
    "name":"臺北市大安區建安國民小學",
    "address":"大安路二段99號",
    "district_code":63000030,
    "type":"其他",
    "subtype":"其他場所",
    "AED_location":"博思樓一樓學務處前的走廊",
    "district":"大安區"
    }
  },
  {
    "type": "Feature",
    "geometry": {
       "type": "Point",
       "coordinates":  [ 121.570022,25.046751 ]
    },
    "properties": {
    "name":"臺北市信義區興雅國民小學",
    "address":"基隆路一段83巷9號",
    "district_code":63000020,
    "type":"學校、大型集會場所",
    "subtype":"國小",
    "AED_location":"臺北市信義區興雅國民小學",
    "district":"信義區"
    }
  },
  {
    "type": "Feature",
    "geometry": {
       "type": "Point",
       "coordinates":  [ 121.557165,25.083307 ]
    },
    "properties": {
    "name":"美麗華城市發展股份有限公司(美麗華百樂園)",
    "address":"敬業三路20號",
    "district_code":63000040,
    "type":"大型購物場所",
    "subtype":"百貨業",
    "AED_location":"本館4F",
    "district":"中山區"
    }
  },
  {
    "type": "Feature",
    "geometry": {
       "type": "Point",
       "coordinates":  [ 121.581583,25.059121 ]
    },
    "properties": {
    "name":"臺北市內湖區潭美國民小學",
    "address":"行善路179號",
    "district_code":63000100,
    "type":"其他",
    "subtype":"其他場所",
    "AED_location":"健康中心外",
    "district":"內湖區"
    }
  },
  {
    "type": "Feature",
    "geometry": {
       "type": "Point",
       "coordinates":  [ 121.557165,25.083307 ]
    },
    "properties": {
    "name":"美麗華城市發展股份有限公司(美麗華百樂園)",
    "address":"敬業三路20號",
    "district_code":63000040,
    "type":"大型購物場所",
    "subtype":"百貨業",
    "AED_location":"本館B1",
    "district":"中山區"
    }
  },
  {
    "type": "Feature",
    "geometry": {
       "type": "Point",
       "coordinates":  [ 121.568716,25.025743 ]
    },
    "properties": {
    "name":"臺北市信義區吳興國民小學",
    "address":"松仁路226號",
    "district_code":63000020,
    "type":"其他",
    "subtype":"其他場所",
    "AED_location":"一樓電腦教室2的走廊",
    "district":"信義區"
    }
  },
  {
    "type": "Feature",
    "geometry": {
       "type": "Point",
       "coordinates":  [ 121.557165,25.083307 ]
    },
    "properties": {
    "name":"美麗華城市發展股份有限公司(美麗華百樂園)",
    "address":"敬業三路20號",
    "district_code":63000040,
    "type":"大型購物場所",
    "subtype":"百貨業",
    "AED_location":"本館1F",
    "district":"中山區"
    }
  },
  {
    "type": "Feature",
    "geometry": {
       "type": "Point",
       "coordinates":  [ 121.540072,25.05049 ]
    },
    "properties": {
    "name":"臺北市中山區中正國民小學",
    "address":"龍江路62號",
    "district_code":63000040,
    "type":"其他",
    "subtype":"其他場所",
    "AED_location":"1樓C側樓梯口(健康中心旁)",
    "district":"中山區"
    }
  },
  {
    "type": "Feature",
    "geometry": {
       "type": "Point",
       "coordinates":  [ 121.589636,25.045532 ]
    },
    "properties": {
    "name":"臺北市南港區修德國民小學",
    "address":"東新街118巷86號",
    "district_code":63000090,
    "type":"其他",
    "subtype":"其他場所",
    "AED_location":"1樓視聽教室前",
    "district":"南港區"
    }
  },
  {
    "type": "Feature",
    "geometry": {
       "type": "Point",
       "coordinates":  [ 121.540946,25.025043 ]
    },
    "properties": {
    "name":"國立臺北教育大學附設實驗國民小學",
    "address":"和平東路二段94號",
    "district_code":63000030,
    "type":"其他",
    "subtype":"其他場所",
    "AED_location":"健康中心",
    "district":"大安區"
    }
  },
  {
    "type": "Feature",
    "geometry": {
       "type": "Point",
       "coordinates":  [ 121.562292,25.062525 ]
    },
    "properties": {
    "name":"臺北市松山區民權國民小學",
    "address":"民權東路4段200號",
    "district_code":63000010,
    "type":"其他",
    "subtype":"其他場所",
    "AED_location":"南大門川堂",
    "district":"松山區"
    }
  },
  {
    "type": "Feature",
    "geometry": {
       "type": "Point",
       "coordinates":  [ 121.5301123,25.1164004 ]
    },
    "properties": {
    "name":"台北美國學校",
    "address":"11152 中山北路六段 800號",
    "district_code":63000110,
    "type":"學校、大型集會場所",
    "subtype":"高中職",
    "AED_location":"US Gym",
    "district":"士林區"
    }
  },
  {
    "type": "Feature",
    "geometry": {
       "type": "Point",
       "coordinates":  [ 121.574983,24.986398 ]
    },
    "properties": {
    "name":"國立政治大學",
    "address":"指南路2段64號",
    "district_code":63000080,
    "type":"學校、大型集會場所",
    "subtype":"大專院校",
    "AED_location":"中正圖書館入門左側壁",
    "district":"文山區"
    }
  },
  {
    "type": "Feature",
    "geometry": {
       "type": "Point",
       "coordinates":  [ 121.507491,25.035916 ]
    },
    "properties": {
    "name":"內政部警政署警察廣播電臺",
    "address":"廣州街17號",
    "district_code":63000050,
    "type":"其他",
    "subtype":"其他場所",
    "AED_location":"1樓大廳",
    "district":"中正區"
    }
  },
  {
    "type": "Feature",
    "geometry": {
       "type": "Point",
       "coordinates":  [ 121.586873,25.04709 ]
    },
    "properties": {
    "name":"臺北市南港區成德國民小學",
    "address":"東新街65號",
    "district_code":63000090,
    "type":"其他",
    "subtype":"其他場所",
    "AED_location":"前穿堂右側",
    "district":"南港區"
    }
  },
  {
    "type": "Feature",
    "geometry": {
       "type": "Point",
       "coordinates":  [ 121.558267,25.029467 ]
    },
    "properties": {
    "name":"臺北市信義區三興國民小學",
    "address":"基隆路二段99號",
    "district_code":63000020,
    "type":"其他",
    "subtype":"其他場所",
    "AED_location":"忠孝樓一樓健康中心",
    "district":"信義區"
    }
  },
  {
    "type": "Feature",
    "geometry": {
       "type": "Point",
       "coordinates":  [ 121.557165,25.083307 ]
    },
    "properties": {
    "name":"美麗華城市發展股份有限公司(美麗華百樂園)",
    "address":"敬業三路20號",
    "district_code":63000040,
    "type":"大型購物場所",
    "subtype":"百貨業",
    "AED_location":"本館3F",
    "district":"中山區"
    }
  },
  {
    "type": "Feature",
    "geometry": {
       "type": "Point",
       "coordinates":  [ 121.563556,25.040191 ]
    },
    "properties": {
    "name":"達新壯股份有限公司(Hypercore超核心健身中心台北忠孝市府館)",
    "address":"基隆路一段200號地下2樓",
    "district_code":63000020,
    "type":"學校、大型集會場所",
    "subtype":"健身房",
    "AED_location":"有氧器材區",
    "district":"信義區"
    }
  },
  {
    "type": "Feature",
    "geometry": {
       "type": "Point",
       "coordinates":  [ 121.498579,25.12839 ]
    },
    "properties": {
    "name":"台北北投雅樂軒酒店",
    "address":"大業路300巷1號",
    "district_code":63000120,
    "type":"旅宿場所",
    "subtype":"飯店",
    "AED_location":"1F櫃檯旁",
    "district":"北投區"
    }
  },
  {
    "type": "Feature",
    "geometry": {
       "type": "Point",
       "coordinates":  [ 121.498579,25.12839 ]
    },
    "properties": {
    "name":"台北北投雅樂軒酒店",
    "address":"大業路300巷1號",
    "district_code":63000120,
    "type":"旅宿場所",
    "subtype":"飯店",
    "AED_location":"地下一樓B1保安室旁(員工打卡處)",
    "district":"北投區"
    }
  },
  {
    "type": "Feature",
    "geometry": {
       "type": "Point",
       "coordinates":  [ 121.498579,25.12839 ]
    },
    "properties": {
    "name":"台北北投雅樂軒酒店",
    "address":"大業路300巷1號",
    "district_code":63000120,
    "type":"旅宿場所",
    "subtype":"飯店",
    "AED_location":"19樓健身房",
    "district":"北投區"
    }
  },
  {
    "type": "Feature",
    "geometry": {
       "type": "Point",
       "coordinates":  [ 121.570149,24.99027 ]
    },
    "properties": {
    "name":"臺北市文山區木柵國民小學",
    "address":"木柵路3段191號",
    "district_code":63000080,
    "type":"其他",
    "subtype":"其他場所",
    "AED_location":"穿堂",
    "district":"文山區"
    }
  },
  {
    "type": "Feature",
    "geometry": {
       "type": "Point",
       "coordinates":  [ 121.558903,24.99975 ]
    },
    "properties": {
    "name":"臺北市文山區興華國民小學",
    "address":"興隆路3段125巷6號",
    "district_code":63000080,
    "type":"學校、大型集會場所",
    "subtype":"國小",
    "AED_location":"學校健康中心",
    "district":"文山區"
    }
  },
  {
    "type": "Feature",
    "geometry": {
       "type": "Point",
       "coordinates":  [ 121.563862,25.054159 ]
    },
    "properties": {
    "name":"臺北市松山區西松國民小學",
    "address":"三民路5號",
    "district_code":63000010,
    "type":"其他",
    "subtype":"其他場所",
    "AED_location":"總務處",
    "district":"松山區"
    }
  },
  {
    "type": "Feature",
    "geometry": {
       "type": "Point",
       "coordinates":  [ 121.586873,25.04709 ]
    },
    "properties": {
    "name":"臺北市南港區成德國民小學",
    "address":"東新街65號",
    "district_code":63000090,
    "type":"其他",
    "subtype":"其他場所",
    "AED_location":"幼兒園辦公室前",
    "district":"南港區"
    }
  },
  {
    "type": "Feature",
    "geometry": {
       "type": "Point",
       "coordinates":  [ 121.589636,25.045532 ]
    },
    "properties": {
    "name":"臺北市南港區修德國民小學",
    "address":"東新街118巷86號",
    "district_code":63000090,
    "type":"其他",
    "subtype":"其他場所",
    "AED_location":"臺北市南港區修德國小健康中心",
    "district":"南港區"
    }
  },
  {
    "type": "Feature",
    "geometry": {
       "type": "Point",
       "coordinates":  [ 121.584669,25.037385 ]
    },
    "properties": {
    "name":"松山奉天宮",
    "address":"福德街221巷12號",
    "district_code":63000020,
    "type":"其他",
    "subtype":"其他場所",
    "AED_location":"1樓大殿東側樓梯旁",
    "district":"信義區"
    }
  },
  {
    "type": "Feature",
    "geometry": {
       "type": "Point",
       "coordinates":  [ 121.502116,25.039973 ]
    },
    "properties": {
    "name":"第一商業銀行萬華分行",
    "address":"康定路87號",
    "district_code":63000070,
    "type":"其他",
    "subtype":"其他場所",
    "AED_location":"一樓營業廳",
    "district":"萬華區"
    }
  },
  {
    "type": "Feature",
    "geometry": {
       "type": "Point",
       "coordinates":  [ 121.548336,25.055726 ]
    },
    "properties": {
    "name":"台北文華東方酒店",
    "address":"敦化北路158號",
    "district_code":63000010,
    "type":"旅宿場所",
    "subtype":"飯店",
    "AED_location":"地下2樓宴會廳辦公室",
    "district":"松山區"
    }
  },
  {
    "type": "Feature",
    "geometry": {
       "type": "Point",
       "coordinates":  [ 121.514239,25.048674 ]
    },
    "properties": {
    "name":"桃園大眾捷運股份有限公司(桃園捷運A1台北車站)",
    "address":"鄭州路8號",
    "district_code":63000050,
    "type":"交通要衝",
    "subtype":"捷運站",
    "AED_location":"B2寫字檯前(非付費區)",
    "district":"中正區"
    }
  },
  {
    "type": "Feature",
    "geometry": {
       "type": "Point",
       "coordinates":  [ 121.514239,25.048674 ]
    },
    "properties": {
    "name":"桃園大眾捷運股份有限公司(桃園捷運A1台北車站)",
    "address":"鄭州路8號",
    "district_code":63000050,
    "type":"交通要衝",
    "subtype":"捷運站",
    "AED_location":"B1預辦登機層預辦登機區販賣店前(非付費區)",
    "district":"中正區"
    }
  },
  {
    "type": "Feature",
    "geometry": {
       "type": "Point",
       "coordinates":  [ 121.514239,25.048674 ]
    },
    "properties": {
    "name":"桃園大眾捷運股份有限公司(桃園捷運A1台北車站)",
    "address":"鄭州路8號",
    "district_code":63000050,
    "type":"交通要衝",
    "subtype":"捷運站",
    "AED_location":"B1PAO男廁前(非付費區)",
    "district":"中正區"
    }
  },
  {
    "type": "Feature",
    "geometry": {
       "type": "Point",
       "coordinates":  [ 121.514239,25.048674 ]
    },
    "properties": {
    "name":"桃園大眾捷運股份有限公司(桃園捷運A1台北車站)",
    "address":"鄭州路8號",
    "district_code":63000050,
    "type":"交通要衝",
    "subtype":"捷運站",
    "AED_location":"B1預辦登機層遺失物中心前(非付費區)",
    "district":"中正區"
    }
  },
  {
    "type": "Feature",
    "geometry": {
       "type": "Point",
       "coordinates":  [ 121.565888,25.040587 ]
    },
    "properties": {
    "name":"統一百華股份有限公司(統一時代百貨公司台北店)",
    "address":"忠孝東路5段8號",
    "district_code":63000020,
    "type":"大型購物場所",
    "subtype":"百貨業",
    "AED_location":"B2樓",
    "district":"信義區"
    }
  },
  {
    "type": "Feature",
    "geometry": {
       "type": "Point",
       "coordinates":  [ 121.51379,25.031614 ]
    },
    "properties": {
    "name":"二二八國家紀念館",
    "address":"南海路54號",
    "district_code":63000050,
    "type":"大型休閒場所",
    "subtype":"博物館",
    "AED_location":"一樓大廳右側(志工服務台前方)",
    "district":"中正區"
    }
  },
  {
    "type": "Feature",
    "geometry": {
       "type": "Point",
       "coordinates":  [ 121.548009,25.094169 ]
    },
    "properties": {
    "name":"錢穆故居（館所施工中，暫不對外開放）",
    "address":"臨溪路72號",
    "district_code":63000110,
    "type":"大型休閒場所",
    "subtype":"博物館",
    "AED_location":"館所施工中，暫不對外開放，已移置保管。",
    "district":"士林區"
    }
  },
  {
    "type": "Feature",
    "geometry": {
       "type": "Point",
       "coordinates":  [ 121.530618,25.103178 ]
    },
    "properties": {
    "name":"芝山巖惠濟宮",
    "address":"至誠路一段326巷26號",
    "district_code":63000110,
    "type":"其他",
    "subtype":"其他場所",
    "AED_location":"芝山巖惠濟宮福德殿",
    "district":"士林區"
    }
  },
  {
    "type": "Feature",
    "geometry": {
       "type": "Point",
       "coordinates":  [ 121.570994,25.028196 ]
    },
    "properties": {
    "name":"環球世貿大樓",
    "address":"信義路5段150巷2號",
    "district_code":63000020,
    "type":"其他",
    "subtype":"其他場所",
    "AED_location":"台北市信義路五段150巷2號",
    "district":"信義區"
    }
  },
  {
    "type": "Feature",
    "geometry": {
       "type": "Point",
       "coordinates":  [ 121.59278,25.084202 ]
    },
    "properties": {
    "name":"轉捩點健康工作室",
    "address":"內湖路二段395號2樓",
    "district_code":63000100,
    "type":"學校、大型集會場所",
    "subtype":"健身房",
    "AED_location":"入門右手邊",
    "district":"內湖區"
    }
  },
  {
    "type": "Feature",
    "geometry": {
       "type": "Point",
       "coordinates":  [ 121.604757,25.05506 ]
    },
    "properties": {
    "name":"臺北市東明扶愛家園",
    "address":"南港路二段38巷8弄1號",
    "district_code":63000090,
    "type":"其他",
    "subtype":"其他場所",
    "AED_location":"一樓咖啡小棧",
    "district":"南港區"
    }
  },
  {
    "type": "Feature",
    "geometry": {
       "type": "Point",
       "coordinates":  [ 121.539206,25.052205 ]
    },
    "properties": {
    "name":"財團法人陽光社會福利基金會附設臺北市私立陽光重建中心 ",
    "address":"南京東路三段91號3樓",
    "district_code":63000040,
    "type":"其他",
    "subtype":"其他場所",
    "AED_location":"國泰南京商業大樓",
    "district":"中山區"
    }
  },
  {
    "type": "Feature",
    "geometry": {
       "type": "Point",
       "coordinates":  [ 121.523687,25.042334 ]
    },
    "properties": {
    "name":"成功高中運動中心(舞動陽光有限公司)",
    "address":"濟南路一段71號",
    "district_code":63000050,
    "type":"學校、大型集會場所",
    "subtype":"健身中心",
    "AED_location":"綜合大樓B1游泳池",
    "district":"中正區"
    }
  },
  {
    "type": "Feature",
    "geometry": {
       "type": "Point",
       "coordinates":  [ 121.523687,25.042334 ]
    },
    "properties": {
    "name":"成功高中運動中心(舞動陽光有限公司)",
    "address":"濟南路一段71號",
    "district_code":63000050,
    "type":"學校、大型集會場所",
    "subtype":"健身中心",
    "AED_location":"綜合大樓8F球場",
    "district":"中正區"
    }
  },
  {
    "type": "Feature",
    "geometry": {
       "type": "Point",
       "coordinates":  [ 121.540781,24.989527 ]
    },
    "properties": {
    "name":"臺北市文山區景美國民小學",
    "address":"景文街108號",
    "district_code":63000080,
    "type":"其他",
    "subtype":"其他場所",
    "AED_location":"忠孝樓1樓穿堂",
    "district":"文山區"
    }
  },
  {
    "type": "Feature",
    "geometry": {
       "type": "Point",
       "coordinates":  [ 121.546274,25.023455 ]
    },
    "properties": {
    "name":"國立臺北教育大學(學生活動中心)",
    "address":"和平東路二段134號",
    "district_code":63000030,
    "type":"學校、大型集會場所",
    "subtype":"大專院校",
    "AED_location":"國立臺北教育大學(學生活動中心)",
    "district":"大安區"
    }
  },
  {
    "type": "Feature",
    "geometry": {
       "type": "Point",
       "coordinates":  [ 121.522528,25.059418 ]
    },
    "properties": {
    "name":"嘉新水泥股份有限公司",
    "address":"中山北路二段96號",
    "district_code":63000040,
    "type":"其他",
    "subtype":"其他場所",
    "AED_location":"一樓大廳",
    "district":"中山區"
    }
  },
  {
    "type": "Feature",
    "geometry": {
       "type": "Point",
       "coordinates":  [ 121.532188,25.097959 ]
    },
    "properties": {
    "name":"BOSS健身工作室",
    "address":"雨農路19號",
    "district_code":63000110,
    "type":"學校、大型集會場所",
    "subtype":"健身房",
    "AED_location":"啞鈴區旁",
    "district":"士林區"
    }
  },
  {
    "type": "Feature",
    "geometry": {
       "type": "Point",
       "coordinates":  [ 121.532287,25.111436 ]
    },
    "properties": {
    "name":"臺北市士林老人服務暨日間照顧中心",
    "address":"忠誠路二段53巷7號6樓",
    "district_code":63000110,
    "type":"其他",
    "subtype":"其他場所",
    "AED_location":"日照大廳廁所旁",
    "district":"士林區"
    }
  },
  {
    "type": "Feature",
    "geometry": {
       "type": "Point",
       "coordinates":  [ 121.569847,25.081603 ]
    },
    "properties": {
    "name":"正能量Fitness",
    "address":"內湖路一段322號2樓",
    "district_code":63000100,
    "type":"學校、大型集會場所",
    "subtype":"健身房",
    "AED_location":"健身區",
    "district":"內湖區"
    }
  },
  {
    "type": "Feature",
    "geometry": {
       "type": "Point",
       "coordinates":  [ 121.5133787,25.06428715 ]
    },
    "properties": {
    "name":"臺北市大同區大橋國民小學",
    "address":"重慶北路三段2號",
    "district_code":63000060,
    "type":"學校、大型集會場所",
    "subtype":"國小",
    "AED_location":"台北市大橋國小川堂",
    "district":"大同區"
    }
  },
  {
    "type": "Feature",
    "geometry": {
       "type": "Point",
       "coordinates":  [ 121.5414198,25.0375121 ]
    },
    "properties": {
    "name":"安心食品服務股份有限公司總部2樓201室",
    "address":"仁愛路三段136號2樓201室",
    "district_code":63000030,
    "type":"其他",
    "subtype":"其他場所",
    "AED_location":"安心食品服務股份有限公司2樓(201室)總機位置前方",
    "district":"大安區"
    }
  },
  {
    "type": "Feature",
    "geometry": {
       "type": "Point",
       "coordinates":  [ 121.548432,25.10235 ]
    },
    "properties": {
    "name":"國立故宮博物院",
    "address":"至善路2段221號",
    "district_code":63000110,
    "type":"大型休閒場所",
    "subtype":"博物館",
    "AED_location":"南側藝文園區圖書館",
    "district":"士林區"
    }
  },
  {
    "type": "Feature",
    "geometry": {
       "type": "Point",
       "coordinates":  [ 121.511856,25.039065 ]
    },
    "properties": {
    "name":"總統府",
    "address":"重慶南路一段122號",
    "district_code":63000050,
    "type":"其他",
    "subtype":"其他場所",
    "AED_location":"醫務所",
    "district":"中正區"
    }
  },
  {
    "type": "Feature",
    "geometry": {
       "type": "Point",
       "coordinates":  [ 121.556865,25.079526 ]
    },
    "properties": {
    "name":"臺北市中山區金泰里辦公處",
    "address":"敬業三路160號2樓",
    "district_code":63000040,
    "type":"其他",
    "subtype":"其他場所",
    "AED_location":"里辦公處門口",
    "district":"中山區"
    }
  },
  {
    "type": "Feature",
    "geometry": {
       "type": "Point",
       "coordinates":  [ 121.5188189,25.0442304 ]
    },
    "properties": {
    "name":"台大兒醫杏一商場",
    "address":"中山南路8號B1",
    "district_code":63000050,
    "type":"大型購物場所",
    "subtype":"商場",
    "AED_location":"台大兒醫杏一商場B1客席區",
    "district":"中正區"
    }
  },
  {
    "type": "Feature",
    "geometry": {
       "type": "Point",
       "coordinates":  [ 121.525247,25.058208 ]
    },
    "properties": {
    "name":"台北健身中心有限公司",
    "address":"民生東路一段29號B1",
    "district_code":63000040,
    "type":"學校、大型集會場所",
    "subtype":"健身房",
    "AED_location":"樓梯口",
    "district":"中山區"
    }
  },
  {
    "type": "Feature",
    "geometry": {
       "type": "Point",
       "coordinates":  [ 121.531127,25.045482 ]
    },
    "properties": {
    "name":"遠傳電信台北資訊園區",
    "address":"市民大道三段2號1樓",
    "district_code":63000050,
    "type":"其他",
    "subtype":"其他場所",
    "AED_location":"包膜櫃台旁",
    "district":"中正區"
    }
  },
  {
    "type": "Feature",
    "geometry": {
       "type": "Point",
       "coordinates":  [ 121.515142,25.045439 ]
    },
    "properties": {
    "name":"遠傳股份有限公司-台北館前門市",
    "address":"館前路43號",
    "district_code":63000050,
    "type":"其他",
    "subtype":"其他場所",
    "AED_location":"櫃檯後方",
    "district":"中正區"
    }
  },
  {
    "type": "Feature",
    "geometry": {
       "type": "Point",
       "coordinates":  [ 121.5062103,25.04408744 ]
    },
    "properties": {
    "name":"遠傳股份有限公司-台北西寧南門市",
    "address":"西寧南路56號",
    "district_code":63000070,
    "type":"其他",
    "subtype":"其他場所",
    "AED_location":"櫃檯右後方",
    "district":"萬華區"
    }
  },
  {
    "type": "Feature",
    "geometry": {
       "type": "Point",
       "coordinates":  [ 121.530429,25.045092 ]
    },
    "properties": {
    "name":"新生高架橋下運動場",
    "address":"八德路一段1號附近",
    "district_code":63000050,
    "type":"其他",
    "subtype":"其他場所",
    "AED_location":"滑板場與籃球場中間",
    "district":"中正區"
    }
  },
  {
    "type": "Feature",
    "geometry": {
       "type": "Point",
       "coordinates":  [ 121.590033,25.079713 ]
    },
    "properties": {
    "name":"練一下GYMCUBE",
    "address":"成功路三段145號B1",
    "district_code":63000100,
    "type":"學校、大型集會場所",
    "subtype":"健身房",
    "AED_location":"消防栓下方",
    "district":"內湖區"
    }
  },
  {
    "type": "Feature",
    "geometry": {
       "type": "Point",
       "coordinates":  [ 121.5632798,25.08318814 ]
    },
    "properties": {
    "name":"夢啟動健身事業有限公司",
    "address":"內湖路一段118號 1樓",
    "district_code":63000100,
    "type":"學校、大型集會場所",
    "subtype":"健身房",
    "AED_location":"櫃台右側",
    "district":"內湖區"
    }
  },
  {
    "type": "Feature",
    "geometry": {
       "type": "Point",
       "coordinates":  [ 121.510506,25.047181 ]
    },
    "properties": {
    "name":"citizenM Taipei Northgate世民酒店",
    "address":"中華路一段3號",
    "district_code":63000050,
    "type":"旅宿場所",
    "subtype":"飯店",
    "AED_location":"飯店 1F 大廳",
    "district":"中正區"
    }
  },
  {
    "type": "Feature",
    "geometry": {
       "type": "Point",
       "coordinates":  [ 121.505163,25.138372 ]
    },
    "properties": {
    "name":"臺北市北投區逸仙國民小學",
    "address":"新民路2號",
    "district_code":63000120,
    "type":"其他",
    "subtype":"其他場所",
    "AED_location":"川堂",
    "district":"北投區"
    }
  },
  {
    "type": "Feature",
    "geometry": {
       "type": "Point",
       "coordinates":  [ 121.544038,25.043336 ]
    },
    "properties": {
    "name":"HiFIT運動空間",
    "address":"復興南路一段125號3樓",
    "district_code":63000030,
    "type":"學校、大型集會場所",
    "subtype":"健身房",
    "AED_location":"櫃檯旁",
    "district":"大安區"
    }
  },
  {
    "type": "Feature",
    "geometry": {
       "type": "Point",
       "coordinates":  [ 121.5374156,25.0249847 ]
    },
    "properties": {
    "name":"陽光汽車美容中心和平店",
    "address":"建國南路二段280號",
    "district_code":63000030,
    "type":"其他",
    "subtype":"其他場所",
    "AED_location":"客戶休息室",
    "district":"大安區"
    }
  },
  {
    "type": "Feature",
    "geometry": {
       "type": "Point",
       "coordinates":  [ 121.499664,25.033267 ]
    },
    "properties": {
    "name":"馥裕商旅股份有限公司萬大分公司(凱達大飯店)",
    "address":"艋舺大道167號",
    "district_code":63000070,
    "type":"旅宿場所",
    "subtype":"飯店",
    "AED_location":"一樓大廳門口",
    "district":"萬華區"
    }
  },
  {
    "type": "Feature",
    "geometry": {
       "type": "Point",
       "coordinates":  [ 121.499664,25.033267 ]
    },
    "properties": {
    "name":"馥裕商旅股份有限公司萬大分公司(凱達大飯店)",
    "address":"艋舺大道167號",
    "district_code":63000070,
    "type":"旅宿場所",
    "subtype":"飯店",
    "AED_location":"3樓手扶梯旁",
    "district":"萬華區"
    }
  },
  {
    "type": "Feature",
    "geometry": {
       "type": "Point",
       "coordinates":  [ 121.499664,25.033267 ]
    },
    "properties": {
    "name":"馥裕商旅股份有限公司萬大分公司(凱達大飯店)",
    "address":"艋舺大道167號",
    "district_code":63000070,
    "type":"旅宿場所",
    "subtype":"飯店",
    "AED_location":"7樓健身中心游泳池",
    "district":"萬華區"
    }
  },
  {
    "type": "Feature",
    "geometry": {
       "type": "Point",
       "coordinates":  [ 121.499664,25.033267 ]
    },
    "properties": {
    "name":"馥裕商旅股份有限公司萬大分公司(凱達大飯店)",
    "address":"艋舺大道167號",
    "district_code":63000070,
    "type":"旅宿場所",
    "subtype":"飯店",
    "AED_location":"停車塔警衛室旁邊的電梯間",
    "district":"萬華區"
    }
  },
  {
    "type": "Feature",
    "geometry": {
       "type": "Point",
       "coordinates":  [ 121.514239,25.048674 ]
    },
    "properties": {
    "name":"桃園大眾捷運股份有限公司(桃園捷運A1台北車站)",
    "address":"鄭州路8號",
    "district_code":63000050,
    "type":"交通要衝",
    "subtype":"捷運站",
    "AED_location":"B1臨停車道P3前(非付費區)",
    "district":"中正區"
    }
  },
  {
    "type": "Feature",
    "geometry": {
       "type": "Point",
       "coordinates":  [ 121.5535462,25.0374016 ]
    },
    "properties": {
    "name":"國泰世紀產物保險股份有限公司",
    "address":"台北市大安區仁愛路四段296號7樓",
    "district_code":63000030,
    "type":"其他",
    "subtype":"其他場所",
    "AED_location":"5樓電梯口旁",
    "district":"大安區"
    }
  },
  {
    "type": "Feature",
    "geometry": {
       "type": "Point",
       "coordinates":  [ 121.5828,25.068579 ]
    },
    "properties": {
    "name":"誠隆汽車股份有限公司民權分公司",
    "address":"民權東路六段23號2樓",
    "district_code":63000100,
    "type":"其他",
    "subtype":"其他場所",
    "AED_location":"服務廠客休室",
    "district":"內湖區"
    }
  },
  {
    "type": "Feature",
    "geometry": {
       "type": "Point",
       "coordinates":  [ 121.540775,25.072733 ]
    },
    "properties": {
    "name":"誠隆汽車股份有限公司濱江分公司",
    "address":"濱江街213號",
    "district_code":63000040,
    "type":"其他",
    "subtype":"其他場所",
    "AED_location":"服務廠客休室",
    "district":"中山區"
    }
  },
  {
    "type": "Feature",
    "geometry": {
       "type": "Point",
       "coordinates":  [ 121.540041,25.073389 ]
    },
    "properties": {
    "name":"誠隆汽車股份有限公司交車中心",
    "address":"濱江街199巷1號",
    "district_code":63000040,
    "type":"其他",
    "subtype":"其他場所",
    "AED_location":"交車中心辦公室",
    "district":"中山區"
    }
  },
  {
    "type": "Feature",
    "geometry": {
       "type": "Point",
       "coordinates":  [ 121.587507,25.053155 ]
    },
    "properties": {
    "name":"誠隆汽車股份有限公司南港服務廠",
    "address":"南港路三段168號",
    "district_code":63000090,
    "type":"其他",
    "subtype":"其他場所",
    "AED_location":"展廳內",
    "district":"南港區"
    }
  },
  {
    "type": "Feature",
    "geometry": {
       "type": "Point",
       "coordinates":  [ 121.511629,25.103888 ]
    },
    "properties": {
    "name":"誠隆汽車股份有限公司承德服務廠",
    "address":"承德路6段339號",
    "district_code":63000120,
    "type":"其他",
    "subtype":"其他場所",
    "AED_location":"承德服務廠客休室",
    "district":"北投區"
    }
  },
  {
    "type": "Feature",
    "geometry": {
       "type": "Point",
       "coordinates":  [ 121.497744,25.126846 ]
    },
    "properties": {
    "name":"誠隆汽車股份有限公司北投分公司",
    "address":"大業路265號",
    "district_code":63000120,
    "type":"其他",
    "subtype":"其他場所",
    "AED_location":"展示中心",
    "district":"北投區"
    }
  },
  {
    "type": "Feature",
    "geometry": {
       "type": "Point",
       "coordinates":  [ 121.560893,25.084132 ]
    },
    "properties": {
    "name":"香港商世界健身事業有限公司大直分公司",
    "address":"堤頂大道二段588號、590號",
    "district_code":63000040,
    "type":"學校、大型集會場所",
    "subtype":"健身房",
    "AED_location":"一樓心肺區",
    "district":"中山區"
    }
  },
  {
    "type": "Feature",
    "geometry": {
       "type": "Point",
       "coordinates":  [ 121.514794,25.120313 ]
    },
    "properties": {
    "name":"國立陽明交通大學-陽明校區",
    "address":"立農街2段155號（陽明交通大學）",
    "district_code":63000120,
    "type":"學校、大型集會場所",
    "subtype":"大專院校",
    "AED_location":"博雅中心",
    "district":"北投區"
    }
  },
  {
    "type": "Feature",
    "geometry": {
       "type": "Point",
       "coordinates":  [ 121.593268,25.079074 ]
    },
    "properties": {
    "name":"財團法人基督教台灣信義會 思恩堂",
    "address":"星雲街９０號",
    "district_code":63000100,
    "type":"其他",
    "subtype":"其他場所",
    "AED_location":"思恩堂教會門廳內",
    "district":"內湖區"
    }
  },
  {
    "type": "Feature",
    "geometry": {
       "type": "Point",
       "coordinates":  [ 121.545908,24.999915 ]
    },
    "properties": {
    "name":"臺北市文山老人養護中心",
    "address":"興隆路二段95巷8號三樓",
    "district_code":63000080,
    "type":"其他",
    "subtype":"其他場所",
    "AED_location":"4樓交誼廳",
    "district":"文山區"
    }
  },
  {
    "type": "Feature",
    "geometry": {
       "type": "Point",
       "coordinates":  [ 121.545327,25.021364 ]
    },
    "properties": {
    "name":"臺北市和平實驗國民小學學生活動中心(暖身球場)",
    "address":"敦南街76巷28號",
    "district_code":63000030,
    "type":"學校、大型集會場所",
    "subtype":"健身中心",
    "AED_location":"二樓暖身球場進出口",
    "district":"大安區"
    }
  },
  {
    "type": "Feature",
    "geometry": {
       "type": "Point",
       "coordinates":  [ 121.545327,25.021364 ]
    },
    "properties": {
    "name":"臺北和平籃球館",
    "address":"敦南街76巷28號",
    "district_code":63000030,
    "type":"學校、大型集會場所",
    "subtype":"健身中心",
    "AED_location":"場館二樓東側",
    "district":"大安區"
    }
  },
  {
    "type": "Feature",
    "geometry": {
       "type": "Point",
       "coordinates":  [ 121.545327,25.021364 ]
    },
    "properties": {
    "name":"臺北和平籃球館",
    "address":"敦南街76巷28號",
    "district_code":63000030,
    "type":"學校、大型集會場所",
    "subtype":"健身中心",
    "AED_location":"場館二樓西側",
    "district":"大安區"
    }
  },
  {
    "type": "Feature",
    "geometry": {
       "type": "Point",
       "coordinates":  [ 121.5330062,25.027614 ]
    },
    "properties": {
    "name":"台灣基督長老教會-台北和平教會",
    "address":"和平東路一段183巷9號",
    "district_code":63000030,
    "type":"學校、大型集會場所",
    "subtype":"宗教聚會場所",
    "AED_location":"本會一樓大廳",
    "district":"大安區"
    }
  },
  {
    "type": "Feature",
    "geometry": {
       "type": "Point",
       "coordinates":  [ 121.561403,25.051262 ]
    },
    "properties": {
    "name":"窩糕運動事業有限公司",
    "address":"南京東路五段84號2樓",
    "district_code":63000010,
    "type":"學校、大型集會場所",
    "subtype":"健身房",
    "AED_location":"窩糕運動事業有限公司",
    "district":"松山區"
    }
  },
  {
    "type": "Feature",
    "geometry": {
       "type": "Point",
       "coordinates":  [ 121.516179,25.072762 ]
    },
    "properties": {
    "name":"臺北孔廟",
    "address":"大龍街275號",
    "district_code":63000060,
    "type":"觀光旅遊地區",
    "subtype":"文化園區",
    "AED_location":"孔廟東苑側門入口",
    "district":"大同區"
    }
  },
  {
    "type": "Feature",
    "geometry": {
       "type": "Point",
       "coordinates":  [ 121.562908,25.059315 ]
    },
    "properties": {
    "name":"臺北市民生社區中心(民政局管理樓層)",
    "address":"民生東路5段163之1號",
    "district_code":63000010,
    "type":"學校、大型集會場所",
    "subtype":"健身房",
    "AED_location":"民生社區中心(民政局管理樓層)",
    "district":"松山區"
    }
  },
  {
    "type": "Feature",
    "geometry": {
       "type": "Point",
       "coordinates":  [ 121.524221,25.0453245 ]
    },
    "properties": {
    "name":"藝響空間-林森59",
    "address":"林森北路5巷9號",
    "district_code":63000050,
    "type":"其他",
    "subtype":"其他場所",
    "AED_location":"1樓梯間",
    "district":"中正區"
    }
  },
  {
    "type": "Feature",
    "geometry": {
       "type": "Point",
       "coordinates":  [ 121.539119,25.033718 ]
    },
    "properties": {
    "name":"SoulFit健身魂",
    "address":"信義路三段109號B1",
    "district_code":63000030,
    "type":"學校、大型集會場所",
    "subtype":"健身房",
    "AED_location":"台北市大安區信義路三段109號B1",
    "district":"大安區"
    }
  },
  {
    "type": "Feature",
    "geometry": {
       "type": "Point",
       "coordinates":  [ 121.574983,24.986398 ]
    },
    "properties": {
    "name":"國立政治大學",
    "address":"指南路2段64號",
    "district_code":63000080,
    "type":"學校、大型集會場所",
    "subtype":"大專院校",
    "AED_location":"校門口",
    "district":"文山區"
    }
  },
  {
    "type": "Feature",
    "geometry": {
       "type": "Point",
       "coordinates":  [ 121.562908,25.059315 ]
    },
    "properties": {
    "name":"臺北市民生社區中心(民政局管理樓層)",
    "address":"民生東路5段163之1號",
    "district_code":63000010,
    "type":"學校、大型集會場所",
    "subtype":"健身房",
    "AED_location":"民生社區中心(民政局管理樓層)",
    "district":"松山區"
    }
  },
  {
    "type": "Feature",
    "geometry": {
       "type": "Point",
       "coordinates":  [ 121.530628,25.072262 ]
    },
    "properties": {
    "name":"林安泰古厝民俗文物館",
    "address":"濱江街5號",
    "district_code":63000040,
    "type":"觀光旅遊地區",
    "subtype":"文化園區",
    "AED_location":"書房",
    "district":"中山區"
    }
  },
  {
    "type": "Feature",
    "geometry": {
       "type": "Point",
       "coordinates":  [ 121.596653,25.067445 ]
    },
    "properties": {
    "name":"臺北市網球中心",
    "address":"民權東路六段208號",
    "district_code":63000100,
    "type":"學校、大型集會場所",
    "subtype":"健身中心",
    "AED_location":"體適能中心",
    "district":"內湖區"
    }
  },
  {
    "type": "Feature",
    "geometry": {
       "type": "Point",
       "coordinates":  [ 121.560762,25.053297 ]
    },
    "properties": {
    "name":"臺北市松山區東光里辦公處",
    "address":"南京東路5段123巷41號",
    "district_code":63000010,
    "type":"其他",
    "subtype":"其他場所",
    "AED_location":"臺北市松山區東光里辦公處",
    "district":"松山區"
    }
  },
  {
    "type": "Feature",
    "geometry": {
       "type": "Point",
       "coordinates":  [ 121.591557,25.011621 ]
    },
    "properties": {
    "name":"富德靈骨樓",
    "address":"木柵路五段43巷190號",
    "district_code":63000080,
    "type":"學校、大型集會場所",
    "subtype":"殯儀館",
    "AED_location":"大門入口左方辦公室外牆",
    "district":"文山區"
    }
  },
  {
    "type": "Feature",
    "geometry": {
       "type": "Point",
       "coordinates":  [ 121.596653,25.067445 ]
    },
    "properties": {
    "name":"臺北市網球中心",
    "address":"民權東路六段208號",
    "district_code":63000100,
    "type":"學校、大型集會場所",
    "subtype":"健身中心",
    "AED_location":"美食餐飲區",
    "district":"內湖區"
    }
  },
  {
    "type": "Feature",
    "geometry": {
       "type": "Point",
       "coordinates":  [ 121.5535462,25.0374016 ]
    },
    "properties": {
    "name":"國泰世紀產物保險股份有限公司",
    "address":"台北市大安區仁愛路四段296號7樓",
    "district_code":63000030,
    "type":"其他",
    "subtype":"其他場所",
    "AED_location":"7樓電梯口前",
    "district":"大安區"
    }
  },
  {
    "type": "Feature",
    "geometry": {
       "type": "Point",
       "coordinates":  [ 121.552553,25.013535 ]
    },
    "properties": {
    "name":"臺北市懷愛館",
    "address":"辛亥路3段330號",
    "district_code":63000030,
    "type":"學校、大型集會場所",
    "subtype":"殯儀館",
    "AED_location":"景行樓B2F家屬休息區",
    "district":"大安區"
    }
  },
  {
    "type": "Feature",
    "geometry": {
       "type": "Point",
       "coordinates":  [ 121.552553,25.013535 ]
    },
    "properties": {
    "name":"臺北市懷愛館",
    "address":"辛亥路3段330號",
    "district_code":63000030,
    "type":"學校、大型集會場所",
    "subtype":"殯儀館",
    "AED_location":"B2化妝室入口處",
    "district":"大安區"
    }
  },
  {
    "type": "Feature",
    "geometry": {
       "type": "Point",
       "coordinates":  [ 121.5530311,25.0512958 ]
    },
    "properties": {
    "name":"國泰世紀產物保險股份有限公司-北區行政分公司",
    "address":"南京東路四段16號4樓",
    "district_code":63000010,
    "type":"其他",
    "subtype":"其他場所",
    "AED_location":"公司入口處",
    "district":"松山區"
    }
  },
  {
    "type": "Feature",
    "geometry": {
       "type": "Point",
       "coordinates":  [ 121.5491942,25.03119634 ]
    },
    "properties": {
    "name":"59 Fitness 客制化運動空間",
    "address":"敦化南路2段59號地下1樓",
    "district_code":63000030,
    "type":"大型休閒場所",
    "subtype":"運動場館(如小巨蛋)",
    "AED_location":"B1大門入口處",
    "district":"大安區"
    }
  },
  {
    "type": "Feature",
    "geometry": {
       "type": "Point",
       "coordinates":  [ 121.544749,25.084817 ]
    },
    "properties": {
    "name":"實踐大學台北校區",
    "address":"大直街70號",
    "district_code":63000040,
    "type":"學校、大型集會場所",
    "subtype":"大專院校",
    "AED_location":"體育館1F",
    "district":"中山區"
    }
  },
  {
    "type": "Feature",
    "geometry": {
       "type": "Point",
       "coordinates":  [ 121.5301123,25.1164004 ]
    },
    "properties": {
    "name":"台北美國學校",
    "address":"11152 中山北路六段 800號",
    "district_code":63000110,
    "type":"學校、大型集會場所",
    "subtype":"高中職",
    "AED_location":"Main Lobby Entrance",
    "district":"士林區"
    }
  },
  {
    "type": "Feature",
    "geometry": {
       "type": "Point",
       "coordinates":  [ 121.502627,25.044001 ]
    },
    "properties": {
    "name":"享樂文旅飯店股份有限公司康定分公司",
    "address":"康定路32號",
    "district_code":63000070,
    "type":"其他",
    "subtype":"其他場所",
    "AED_location":"台北市萬華區康定路32號",
    "district":"萬華區"
    }
  },
  {
    "type": "Feature",
    "geometry": {
       "type": "Point",
       "coordinates":  [ 121.561698,24.972689 ]
    },
    "properties": {
    "name":"臺北市私立東山高級中學",
    "address":"老泉街26巷3號",
    "district_code":63000080,
    "type":"學校、大型集會場所",
    "subtype":"高中職",
    "AED_location":"後山運動場",
    "district":"文山區"
    }
  },
  {
    "type": "Feature",
    "geometry": {
       "type": "Point",
       "coordinates":  [ 121.512766,25.046128 ]
    },
    "properties": {
    "name":"綺樂文旅飯店股份有限公司",
    "address":"開封街一段35號",
    "district_code":63000050,
    "type":"其他",
    "subtype":"其他場所",
    "AED_location":"享樂文旅開封館",
    "district":"中正區"
    }
  },
  {
    "type": "Feature",
    "geometry": {
       "type": "Point",
       "coordinates":  [ 121.550117,25.057968 ]
    },
    "properties": {
    "name":"阿基里斯 Fitness GYM",
    "address":"敦化北路207號地下之一、地下一層",
    "district_code":63000010,
    "type":"學校、大型集會場所",
    "subtype":"健身房",
    "AED_location":"置物櫃區",
    "district":"松山區"
    }
  },
  {
    "type": "Feature",
    "geometry": {
       "type": "Point",
       "coordinates":  [ 121.556314,24.979629 ]
    },
    "properties": {
    "name":"臺北市一壽照顧中心",
    "address":"一壽街22號4樓",
    "district_code":63000080,
    "type":"其他",
    "subtype":"其他場所",
    "AED_location":"台北市文山區一壽街22號4樓",
    "district":"文山區"
    }
  },
  {
    "type": "Feature",
    "geometry": {
       "type": "Point",
       "coordinates":  [ 121.610177,25.049267 ]
    },
    "properties": {
    "name":"財團法人生物技術開發中心",
    "address":"研究院路一段130巷107號",
    "district_code":63000090,
    "type":"其他",
    "subtype":"其他場所",
    "AED_location":"一樓出入口處服務台旁",
    "district":"南港區"
    }
  },
  {
    "type": "Feature",
    "geometry": {
       "type": "Point",
       "coordinates":  [ 121.516938,25.065022 ]
    },
    "properties": {
    "name":"臺北市大同區大同國民小學",
    "address":"大龍街51號健康中心",
    "district_code":63000060,
    "type":"其他",
    "subtype":"其他場所",
    "AED_location":"大同國小健康中心",
    "district":"大同區"
    }
  },
  {
    "type": "Feature",
    "geometry": {
       "type": "Point",
       "coordinates":  [ 121.575229,25.078266 ]
    },
    "properties": {
    "name":"臺北市內湖運動中心",
    "address":"洲子街12號",
    "district_code":63000100,
    "type":"學校、大型集會場所",
    "subtype":"健身中心",
    "AED_location":"7樓游泳池",
    "district":"內湖區"
    }
  },
  {
    "type": "Feature",
    "geometry": {
       "type": "Point",
       "coordinates":  [ 121.514239,25.048674 ]
    },
    "properties": {
    "name":"桃園大眾捷運股份有限公司(桃園捷運A1台北車站)",
    "address":"鄭州路8號",
    "district_code":63000050,
    "type":"交通要衝",
    "subtype":"捷運站",
    "AED_location":"B1層地下街Y24U入口旁 (非付費區)",
    "district":"中正區"
    }
  },
  {
    "type": "Feature",
    "geometry": {
       "type": "Point",
       "coordinates":  [ 121.5710139,25.0822673 ]
    },
    "properties": {
    "name":"TMMA台北格鬥運動館 內科館",
    "address":"內湖路一段411巷10-2號",
    "district_code":63000100,
    "type":"其他",
    "subtype":"其他場所",
    "AED_location":"TMMA內科館一樓",
    "district":"內湖區"
    }
  },
  {
    "type": "Feature",
    "geometry": {
       "type": "Point",
       "coordinates":  [ 121.59861,25.052319 ]
    },
    "properties": {
    "name":"臺北流行音樂中心",
    "address":"市民大道八段99號",
    "district_code":63000090,
    "type":"大型休閒場所",
    "subtype":"演藝廳",
    "AED_location":"表演廳2樓CD入口旁",
    "district":"南港區"
    }
  },
  {
    "type": "Feature",
    "geometry": {
       "type": "Point",
       "coordinates":  [ 121.4993,25.124433 ]
    },
    "properties": {
    "name":"家福股份有限公司",
    "address":"大業路136號5樓",
    "district_code":63000120,
    "type":"其他",
    "subtype":"其他場所",
    "AED_location":"5樓總機",
    "district":"北投區"
    }
  },
  {
    "type": "Feature",
    "geometry": {
       "type": "Point",
       "coordinates":  [ 121.542645,25.047373 ]
    },
    "properties": {
    "name":"絲瓜運動股份有限公司",
    "address":"八德路二段309號",
    "district_code":63000040,
    "type":"學校、大型集會場所",
    "subtype":"健身房",
    "AED_location":"八德路二段309號",
    "district":"中山區"
    }
  },
  {
    "type": "Feature",
    "geometry": {
       "type": "Point",
       "coordinates":  [ 121.59861,25.052319 ]
    },
    "properties": {
    "name":"臺北流行音樂中心",
    "address":"市民大道八段99號",
    "district_code":63000090,
    "type":"大型休閒場所",
    "subtype":"演藝廳",
    "AED_location":"表演廳3樓CD入口及DE入口間",
    "district":"南港區"
    }
  },
  {
    "type": "Feature",
    "geometry": {
       "type": "Point",
       "coordinates":  [ 121.510806,25.046713 ]
    },
    "properties": {
    "name":"市定古蹟臺北撫臺街洋樓",
    "address":"延平南路26號",
    "district_code":63000050,
    "type":"其他",
    "subtype":"其他場所",
    "AED_location":"一樓閱覽室",
    "district":"中正區"
    }
  },
  {
    "type": "Feature",
    "geometry": {
       "type": "Point",
       "coordinates":  [ 121.56916,24.988513 ]
    },
    "properties": {
    "name":"臺北市立圖書館木柵分館",
    "address":"保儀路13巷三號3、4樓",
    "district_code":63000080,
    "type":"大型休閒場所",
    "subtype":"圖書館",
    "AED_location":"三樓",
    "district":"文山區"
    }
  },
  {
    "type": "Feature",
    "geometry": {
       "type": "Point",
       "coordinates":  [ 121.556314,24.979629 ]
    },
    "properties": {
    "name":"臺北市立圖書館力行分館",
    "address":"台北市文山區一壽街22號5樓",
    "district_code":63000080,
    "type":"大型休閒場所",
    "subtype":"圖書館",
    "AED_location":"圖書館五樓",
    "district":"文山區"
    }
  },
  {
    "type": "Feature",
    "geometry": {
       "type": "Point",
       "coordinates":  [ 121.574983,24.986398 ]
    },
    "properties": {
    "name":"國立政治大學",
    "address":"指南路2段64號",
    "district_code":63000080,
    "type":"學校、大型集會場所",
    "subtype":"大專院校",
    "AED_location":"自強十舍服務中心外面",
    "district":"文山區"
    }
  },
  {
    "type": "Feature",
    "geometry": {
       "type": "Point",
       "coordinates":  [ 121.536345,25.003607 ]
    },
    "properties": {
    "name":"臺北市立圖書館景美分館",
    "address":"羅斯福路五段176巷50號2樓",
    "district_code":63000080,
    "type":"大型休閒場所",
    "subtype":"圖書館",
    "AED_location":"2樓出入門口",
    "district":"文山區"
    }
  },
  {
    "type": "Feature",
    "geometry": {
       "type": "Point",
       "coordinates":  [ 121.576501,24.988685 ]
    },
    "properties": {
    "name":"臺北市立圖書館萬興分館",
    "address":"萬壽路27號4-5樓",
    "district_code":63000080,
    "type":"大型休閒場所",
    "subtype":"圖書館",
    "AED_location":"4樓圖書館",
    "district":"文山區"
    }
  },
  {
    "type": "Feature",
    "geometry": {
       "type": "Point",
       "coordinates":  [ 121.569178,25.002215 ]
    },
    "properties": {
    "name":"臺北市立圖書館萬芳民眾閱覽室",
    "address":"萬美街一段25號1樓",
    "district_code":63000080,
    "type":"大型休閒場所",
    "subtype":"圖書館",
    "AED_location":"閱覽室一樓門口",
    "district":"文山區"
    }
  },
  {
    "type": "Feature",
    "geometry": {
       "type": "Point",
       "coordinates":  [ 121.560875,24.987525 ]
    },
    "properties": {
    "name":"臺北市立圖書館安康民眾閱覽室",
    "address":"興隆路4段105巷1號4樓",
    "district_code":63000080,
    "type":"大型休閒場所",
    "subtype":"圖書館",
    "AED_location":"4樓入口右側",
    "district":"文山區"
    }
  },
  {
    "type": "Feature",
    "geometry": {
       "type": "Point",
       "coordinates":  [ 121.539119,25.04198 ]
    },
    "properties": {
    "name":"力坊體適能產業有限公司(忠孝復興)",
    "address":"忠孝東路三段203號2樓",
    "district_code":63000030,
    "type":"學校、大型集會場所",
    "subtype":"健身房",
    "AED_location":"進門口左手邊地上",
    "district":"大安區"
    }
  },
  {
    "type": "Feature",
    "geometry": {
       "type": "Point",
       "coordinates":  [ 121.511829,25.037313 ]
    },
    "properties": {
    "name":"最高行政法院",
    "address":"重慶南路1段126巷1號",
    "district_code":63000050,
    "type":"學校、大型集會場所",
    "subtype":"法院",
    "AED_location":"法院5樓",
    "district":"中正區"
    }
  },
  {
    "type": "Feature",
    "geometry": {
       "type": "Point",
       "coordinates":  [ 121.557385,25.041049 ]
    },
    "properties": {
    "name":"香港商世界健身事業有限公司光復分公司",
    "address":"忠孝東路四段330號B1",
    "district_code":63000030,
    "type":"學校、大型集會場所",
    "subtype":"健身房",
    "AED_location":"健身中心B1",
    "district":"大安區"
    }
  },
  {
    "type": "Feature",
    "geometry": {
       "type": "Point",
       "coordinates":  [ 121.542709,25.026158 ]
    },
    "properties": {
    "name":"香港商世界健身事業有限公司台北麗水分公司",
    "address":"麗水街18號1樓",
    "district_code":63000030,
    "type":"學校、大型集會場所",
    "subtype":"健身房",
    "AED_location":"健身中心B2",
    "district":"大安區"
    }
  },
  {
    "type": "Feature",
    "geometry": {
       "type": "Point",
       "coordinates":  [ 121.525113,25.090228 ]
    },
    "properties": {
    "name":"波爾管理顧問有限公司",
    "address":"大北路72號1樓",
    "district_code":63000110,
    "type":"學校、大型集會場所",
    "subtype":"健身房",
    "AED_location":"櫃台旁",
    "district":"士林區"
    }
  },
  {
    "type": "Feature",
    "geometry": {
       "type": "Point",
       "coordinates":  [ 121.568747,25.037165 ]
    },
    "properties": {
    "name":"達新壯股份有限公司(Hypercore超核心健身中心台北信義松仁館)",
    "address":"松仁路89號地下一樓",
    "district_code":63000020,
    "type":"學校、大型集會場所",
    "subtype":"健身房",
    "AED_location":"有氧器材區",
    "district":"信義區"
    }
  },
  {
    "type": "Feature",
    "geometry": {
       "type": "Point",
       "coordinates":  [ 121.611882,25.058486 ]
    },
    "properties": {
    "name":"南港生技育成中心",
    "address":"園區街3號17樓",
    "district_code":63000090,
    "type":"其他",
    "subtype":"其他場所",
    "AED_location":"育成中心17樓電梯口旁",
    "district":"南港區"
    }
  },
  {
    "type": "Feature",
    "geometry": {
       "type": "Point",
       "coordinates":  [ 121.518083,25.037401 ]
    },
    "properties": {
    "name":"諧動健康科技股份有限公司",
    "address":"信義路2段74號10樓",
    "district_code":63000030,
    "type":"其他",
    "subtype":"其他場所",
    "AED_location":"場館正門口",
    "district":"大安區"
    }
  },
  {
    "type": "Feature",
    "geometry": {
       "type": "Point",
       "coordinates":  [ 121.536905,25.007963 ]
    },
    "properties": {
    "name":"國立臺灣師範大學公館校區(汀州路4段88號)",
    "address":"汀州路4段88號",
    "district_code":63000080,
    "type":"學校、大型集會場所",
    "subtype":"大專院校",
    "AED_location":"理學院大樓B棟1樓(健康中心門口)",
    "district":"文山區"
    }
  },
  {
    "type": "Feature",
    "geometry": {
       "type": "Point",
       "coordinates":  [ 121.5384056,25.0332922 ]
    },
    "properties": {
    "name":"Master fitness專業健身職人",
    "address":"信義路三段106號6樓",
    "district_code":63000030,
    "type":"其他",
    "subtype":"其他場所",
    "AED_location":"台北市大安區信義路三段106號6樓",
    "district":"大安區"
    }
  },
  {
    "type": "Feature",
    "geometry": {
       "type": "Point",
       "coordinates":  [ 121.515089,25.137099 ]
    },
    "properties": {
    "name":"欣亞國際酒店股份有限公司(北投亞太飯店)",
    "address":"幽雅路31號",
    "district_code":63000120,
    "type":"大型公眾浴場或溫泉區",
    "subtype":"溫泉區",
    "AED_location":"大廳大門旁",
    "district":"北投區"
    }
  },
  {
    "type": "Feature",
    "geometry": {
       "type": "Point",
       "coordinates":  [ 121.54067,24.997128 ]
    },
    "properties": {
    "name":"芳鄰健身事業有限公司(景美店)",
    "address":"羅斯福路六段130號地下一樓",
    "district_code":63000080,
    "type":"學校、大型集會場所",
    "subtype":"健身房",
    "AED_location":"櫃台旁",
    "district":"文山區"
    }
  },
  {
    "type": "Feature",
    "geometry": {
       "type": "Point",
       "coordinates":  [ 121.560814,25.034417 ]
    },
    "properties": {
    "name":"台北世界貿易中心國際貿易大樓",
    "address":"基隆路1段333號",
    "district_code":63000020,
    "type":"其他",
    "subtype":"其他場所",
    "AED_location":"一樓大廳警衛服務台",
    "district":"信義區"
    }
  },
  {
    "type": "Feature",
    "geometry": {
       "type": "Point",
       "coordinates":  [ 121.5728212,25.0636933 ]
    },
    "properties": {
    "name":"鏡電視股份有限公司",
    "address":"堤頂大道一段365號1、3、4樓",
    "district_code":63000100,
    "type":"其他",
    "subtype":"其他場所",
    "AED_location":"台北市內湖區堤頂大道一段365號3樓大廳",
    "district":"內湖區"
    }
  },
  {
    "type": "Feature",
    "geometry": {
       "type": "Point",
       "coordinates":  [ 121.5728212,25.0636933 ]
    },
    "properties": {
    "name":"鏡電視股份有限公司",
    "address":"堤頂大道一段365號1、3、4樓",
    "district_code":63000100,
    "type":"其他",
    "subtype":"其他場所",
    "AED_location":"台北市內湖區堤頂大道一段365號4樓大廳",
    "district":"內湖區"
    }
  },
  {
    "type": "Feature",
    "geometry": {
       "type": "Point",
       "coordinates":  [ 121.5728212,25.0636933 ]
    },
    "properties": {
    "name":"鏡電視股份有限公司",
    "address":"堤頂大道一段365號1、3、4樓",
    "district_code":63000100,
    "type":"其他",
    "subtype":"其他場所",
    "AED_location":"台北市內湖區堤頂大道一段365號1樓大廳",
    "district":"內湖區"
    }
  },
  {
    "type": "Feature",
    "geometry": {
       "type": "Point",
       "coordinates":  [ 121.525762,25.060423 ]
    },
    "properties": {
    "name":"薇閣旅館股份有限公司",
    "address":"林森北路419號",
    "district_code":63000040,
    "type":"其他",
    "subtype":"其他場所",
    "AED_location":"櫃檯區",
    "district":"中山區"
    }
  },
  {
    "type": "Feature",
    "geometry": {
       "type": "Point",
       "coordinates":  [ 121.509673,25.039029 ]
    },
    "properties": {
    "name":"中華民國紅十字會台灣省分會(中正區老人服務暨日間照顧中心)(貴陽街)",
    "address":"貴陽街一段60號",
    "district_code":63000050,
    "type":"其他",
    "subtype":"其他場所",
    "AED_location":"大廳",
    "district":"中正區"
    }
  },
  {
    "type": "Feature",
    "geometry": {
       "type": "Point",
       "coordinates":  [ 121.600503,25.053782 ]
    },
    "properties": {
    "name":"家福股份有限公司南港二分公司(家樂福南港店)",
    "address":"南港路二段146號B1",
    "district_code":63000090,
    "type":"大型購物場所",
    "subtype":"賣場",
    "AED_location":"B1賣場入口旁",
    "district":"南港區"
    }
  },
  {
    "type": "Feature",
    "geometry": {
       "type": "Point",
       "coordinates":  [ 121.509312,25.086201 ]
    },
    "properties": {
    "name":"Curves社子延北店",
    "address":"延平北路五段307號2樓",
    "district_code":63000110,
    "type":"學校、大型集會場所",
    "subtype":"健身房",
    "AED_location":"運動圈",
    "district":"士林區"
    }
  },
  {
    "type": "Feature",
    "geometry": {
       "type": "Point",
       "coordinates":  [ 121.531248,25.121245 ]
    },
    "properties": {
    "name":"香港商世界健身事業有限公司飛動天母分公司",
    "address":"中山北路七段73號.75號",
    "district_code":63000110,
    "type":"學校、大型集會場所",
    "subtype":"健身房",
    "AED_location":"大廳",
    "district":"士林區"
    }
  },
  {
    "type": "Feature",
    "geometry": {
       "type": "Point",
       "coordinates":  [ 121.5429252,24.9919383 ]
    },
    "properties": {
    "name":"香港商世界健身事業有限公司台北景美分公司",
    "address":"景後街95號2樓",
    "district_code":63000080,
    "type":"學校、大型集會場所",
    "subtype":"健身房",
    "AED_location":"客服櫃檯前方",
    "district":"文山區"
    }
  },
  {
    "type": "Feature",
    "geometry": {
       "type": "Point",
       "coordinates":  [ 121.554476,24.987956 ]
    },
    "properties": {
    "name":"臺北市文山區華興里辦公處",
    "address":"木柵路一段264號",
    "district_code":63000080,
    "type":"其他",
    "subtype":"其他場所",
    "AED_location":"華興里辦公處",
    "district":"文山區"
    }
  },
  {
    "type": "Feature",
    "geometry": {
       "type": "Point",
       "coordinates":  [ 121.504675,25.1382859 ]
    },
    "properties": {
    "name":"北投晶泉丰旅",
    "address":"泉源路19號",
    "district_code":63000120,
    "type":"旅宿場所",
    "subtype":"飯店",
    "AED_location":"5F湯屋接待櫃檯",
    "district":"北投區"
    }
  },
  {
    "type": "Feature",
    "geometry": {
       "type": "Point",
       "coordinates":  [ 121.504675,25.1382859 ]
    },
    "properties": {
    "name":"北投晶泉丰旅",
    "address":"泉源路19號",
    "district_code":63000120,
    "type":"旅宿場所",
    "subtype":"飯店",
    "AED_location":"1F溫泉接待櫃檯",
    "district":"北投區"
    }
  },
  {
    "type": "Feature",
    "geometry": {
       "type": "Point",
       "coordinates":  [ 121.514734,25.044113 ]
    },
    "properties": {
    "name":"臺灣土地銀行",
    "address":"館前路46號",
    "district_code":63000050,
    "type":"其他",
    "subtype":"其他場所",
    "AED_location":"大樓1樓川堂",
    "district":"中正區"
    }
  },
  {
    "type": "Feature",
    "geometry": {
       "type": "Point",
       "coordinates":  [ 121.5140597,25.0748652 ]
    },
    "properties": {
    "name":"臺北市政府環境保護局環保稽查大隊",
    "address":"重慶北路3段347號4樓",
    "district_code":63000060,
    "type":"其他",
    "subtype":"其他場所",
    "AED_location":"4樓服務臺",
    "district":"大同區"
    }
  },
  {
    "type": "Feature",
    "geometry": {
       "type": "Point",
       "coordinates":  [ 121.549624,25.048835 ]
    },
    "properties": {
    "name":"臺北體育園區田徑場(暖身場)",
    "address":"敦化北路3號(暖身場)",
    "district_code":63000010,
    "type":"大型休閒場所",
    "subtype":"運動場館(如小巨蛋)",
    "AED_location":"暖身場警衛亭",
    "district":"松山區"
    }
  },
  {
    "type": "Feature",
    "geometry": {
       "type": "Point",
       "coordinates":  [ 121.527473,25.032877 ]
    },
    "properties": {
    "name":"十勻有限公司(PB Sport)",
    "address":"金山南路二段33號B1",
    "district_code":63000030,
    "type":"其他",
    "subtype":"其他場所",
    "AED_location":"櫃台旁",
    "district":"大安區"
    }
  },
  {
    "type": "Feature",
    "geometry": {
       "type": "Point",
       "coordinates":  [ 121.5364955,25.05554676 ]
    },
    "properties": {
    "name":"DHL_洋基通運股份有限公司_台北服務中心",
    "address":"建國北路二段82號地下一樓",
    "district_code":63000040,
    "type":"其他",
    "subtype":"其他場所",
    "AED_location":"B1貨件分流區",
    "district":"中山區"
    }
  },
  {
    "type": "Feature",
    "geometry": {
       "type": "Point",
       "coordinates":  [ 121.517498,25.046273 ]
    },
    "properties": {
    "name":"臺北捷運台北車站BL12",
    "address":"忠孝西路1段49號",
    "district_code":63000050,
    "type":"交通要衝",
    "subtype":"捷運站",
    "AED_location":"捷運板南線台北車站B2層3號詢問處旁(付費區)",
    "district":"中正區"
    }
  },
  {
    "type": "Feature",
    "geometry": {
       "type": "Point",
       "coordinates":  [ 121.557207,25.053563 ]
    },
    "properties": {
    "name":"健身工廠健康廠",
    "address":"健康路156號B1",
    "district_code":63000010,
    "type":"其他",
    "subtype":"其他場所",
    "AED_location":"氣密門旁",
    "district":"松山區"
    }
  },
  {
    "type": "Feature",
    "geometry": {
       "type": "Point",
       "coordinates":  [ 121.525599,25.034604 ]
    },
    "properties": {
    "name":"漢杰健康事業股份有限公司東門分公司",
    "address":"信義路二段36號",
    "district_code":63000030,
    "type":"學校、大型集會場所",
    "subtype":"健身房",
    "AED_location":"2樓",
    "district":"大安區"
    }
  },
  {
    "type": "Feature",
    "geometry": {
       "type": "Point",
       "coordinates":  [ 121.564911,25.058261 ]
    },
    "properties": {
    "name":"肌擊有限公司",
    "address":"民生東路5段204號1樓2室",
    "district_code":63000010,
    "type":"學校、大型集會場所",
    "subtype":"健身房",
    "AED_location":"大門右側",
    "district":"松山區"
    }
  },
  {
    "type": "Feature",
    "geometry": {
       "type": "Point",
       "coordinates":  [ 121.583725,25.041676 ]
    },
    "properties": {
    "name":"韻鏗學校財團法人臺北市協和祐德高級中等學校",
    "address":"忠孝東路5段790巷27號",
    "district_code":63000020,
    "type":"學校、大型集會場所",
    "subtype":"高中職",
    "AED_location":"臺北市協和祐德高中校門口警衛室內",
    "district":"信義區"
    }
  },
  {
    "type": "Feature",
    "geometry": {
       "type": "Point",
       "coordinates":  [ 121.551575,25.001497 ]
    },
    "properties": {
    "name":"臺北市立圖書館文山分館",
    "address":"興隆路2段160號7樓",
    "district_code":63000080,
    "type":"大型休閒場所",
    "subtype":"圖書館",
    "AED_location":"臺北市立圖書館文山分館7樓",
    "district":"文山區"
    }
  },
  {
    "type": "Feature",
    "geometry": {
       "type": "Point",
       "coordinates":  [ 121.53821,25.057614 ]
    },
    "properties": {
    "name":"台北國泰萬怡酒店(國泰飯店管理顧問事業(股)公司民生建國分公司)",
    "address":"民生東路三段6號1樓及地下1層",
    "district_code":63000040,
    "type":"旅宿場所",
    "subtype":"旅館",
    "AED_location":"一樓大廳",
    "district":"中山區"
    }
  },
  {
    "type": "Feature",
    "geometry": {
       "type": "Point",
       "coordinates":  [ 121.608466,25.053124 ]
    },
    "properties": {
    "name":"風暴體適能股份有限公司",
    "address":"市民大道八段360號2樓",
    "district_code":63000090,
    "type":"大型購物場所",
    "subtype":"商場",
    "AED_location":"二樓櫃檯",
    "district":"南港區"
    }
  },
  {
    "type": "Feature",
    "geometry": {
       "type": "Point",
       "coordinates":  [ 121.547794,25.057202 ]
    },
    "properties": {
    "name":"元大人壽保險股份有限公司",
    "address":"民生東路3段156號17樓",
    "district_code":63000010,
    "type":"其他",
    "subtype":"其他場所",
    "AED_location":"元大人壽保險股份有限公司",
    "district":"松山區"
    }
  },
  {
    "type": "Feature",
    "geometry": {
       "type": "Point",
       "coordinates":  [ 121.521789,25.102629 ]
    },
    "properties": {
    "name":"本部槓鈴有限公司",
    "address":"福國路100-3號",
    "district_code":63000110,
    "type":"其他",
    "subtype":"其他場所",
    "AED_location":"台北市士林區福國路100-3號",
    "district":"士林區"
    }
  },
  {
    "type": "Feature",
    "geometry": {
       "type": "Point",
       "coordinates":  [ 121.511829,25.037313 ]
    },
    "properties": {
    "name":"最高行政法院",
    "address":"重慶南路1段126巷1號",
    "district_code":63000050,
    "type":"學校、大型集會場所",
    "subtype":"法院",
    "AED_location":"法院1樓",
    "district":"中正區"
    }
  },
  {
    "type": "Feature",
    "geometry": {
       "type": "Point",
       "coordinates":  [ 121.5416244,25.0777879 ]
    },
    "properties": {
    "name":"臺北市立北安國民中學",
    "address":"明水路325號",
    "district_code":63000040,
    "type":"學校、大型集會場所",
    "subtype":"國中",
    "AED_location":"北安運動休閒會館櫃檯旁",
    "district":"中山區"
    }
  },
  {
    "type": "Feature",
    "geometry": {
       "type": "Point",
       "coordinates":  [ 121.5832762,25.0388955 ]
    },
    "properties": {
    "name":"臺北市立浩然敬老院 廣慈園區B棟",
    "address":"大道路116號",
    "district_code":63000020,
    "type":"其他",
    "subtype":"其他場所",
    "AED_location":"2樓迎賓大廳",
    "district":"信義區"
    }
  },
  {
    "type": "Feature",
    "geometry": {
       "type": "Point",
       "coordinates":  [ 121.548383,25.03936 ]
    },
    "properties": {
    "name":"臺北市私立復興實驗高級中學(小學部)",
    "address":"敦化南路一段262號",
    "district_code":63000030,
    "type":"其他",
    "subtype":"其他場所",
    "AED_location":"學校慎思樓一樓電梯口",
    "district":"大安區"
    }
  },
  {
    "type": "Feature",
    "geometry": {
       "type": "Point",
       "coordinates":  [ 121.524693,25.023107 ]
    },
    "properties": {
    "name":"智澄體能有限公司",
    "address":"金門街2-5號1樓",
    "district_code":63000050,
    "type":"其他",
    "subtype":"其他場所",
    "AED_location":"櫃檯後側",
    "district":"中正區"
    }
  },
  {
    "type": "Feature",
    "geometry": {
       "type": "Point",
       "coordinates":  [ 121.55541,25.0416 ]
    },
    "properties": {
    "name":"生命焠鍊體能顧問有限公司",
    "address":"忠孝東路四段303號b1",
    "district_code":63000030,
    "type":"學校、大型集會場所",
    "subtype":"健身房",
    "AED_location":"櫃台旁",
    "district":"大安區"
    }
  },
  {
    "type": "Feature",
    "geometry": {
       "type": "Point",
       "coordinates":  [ 121.610531,25.076465 ]
    },
    "properties": {
    "name":"康寧學校財團法人康寧大學",
    "address":"康寧路3段75巷137號",
    "district_code":63000100,
    "type":"學校、大型集會場所",
    "subtype":"大專院校",
    "AED_location":"宿舍門口",
    "district":"內湖區"
    }
  },
  {
    "type": "Feature",
    "geometry": {
       "type": "Point",
       "coordinates":  [ 121.610531,25.076465 ]
    },
    "properties": {
    "name":"康寧學校財團法人康寧大學",
    "address":"康寧路3段75巷137號",
    "district_code":63000100,
    "type":"學校、大型集會場所",
    "subtype":"大專院校",
    "AED_location":"野聲館門口",
    "district":"內湖區"
    }
  },
  {
    "type": "Feature",
    "geometry": {
       "type": "Point",
       "coordinates":  [ 121.5197885,25.10350813 ]
    },
    "properties": {
    "name":"Curves可爾姿芝山文林店",
    "address":"文林路762號2樓",
    "district_code":63000110,
    "type":"學校、大型集會場所",
    "subtype":"健身中心",
    "AED_location":"本店櫃檯",
    "district":"士林區"
    }
  },
  {
    "type": "Feature",
    "geometry": {
       "type": "Point",
       "coordinates":  [ 121.5245638,25.10297085 ]
    },
    "properties": {
    "name":"Surmount運動空間-芝山店(巧翊體適能館)",
    "address":"中山北路6段35巷18號",
    "district_code":63000110,
    "type":"學校、大型集會場所",
    "subtype":"健身房",
    "AED_location":"中山北路6段35巷18號",
    "district":"士林區"
    }
  },
  {
    "type": "Feature",
    "geometry": {
       "type": "Point",
       "coordinates":  [ 121.53295,25.059861 ]
    },
    "properties": {
    "name":"康璽運動行銷有限公司(Monkey Training猴子體能訓練)",
    "address":"松江路276號6樓",
    "district_code":63000040,
    "type":"學校、大型集會場所",
    "subtype":"健身房",
    "AED_location":"門口",
    "district":"中山區"
    }
  },
  {
    "type": "Feature",
    "geometry": {
       "type": "Point",
       "coordinates":  [ 121.543749,25.054416 ]
    },
    "properties": {
    "name":"駿騰事業有限公司(鍛鍊基地Workout Base)",
    "address":"長春路410號2樓",
    "district_code":63000040,
    "type":"學校、大型集會場所",
    "subtype":"健身房",
    "AED_location":"門口",
    "district":"中山區"
    }
  },
  {
    "type": "Feature",
    "geometry": {
       "type": "Point",
       "coordinates":  [ 121.5262081,25.10440302 ]
    },
    "properties": {
    "name":"Surmount運動空間-天母店(巧翊體適能館)",
    "address":"忠誠路一段30號",
    "district_code":63000110,
    "type":"學校、大型集會場所",
    "subtype":"健身房",
    "AED_location":"櫃檯旁",
    "district":"士林區"
    }
  },
  {
    "type": "Feature",
    "geometry": {
       "type": "Point",
       "coordinates":  [ 121.543303,24.998606 ]
    },
    "properties": {
    "name":"承新國際管理股份有限公司文山分公司(in gym樂康健身俱樂部)",
    "address":"景隆街36巷2號2樓",
    "district_code":63000080,
    "type":"學校、大型集會場所",
    "subtype":"健身房",
    "AED_location":"場館入口處",
    "district":"文山區"
    }
  },
  {
    "type": "Feature",
    "geometry": {
       "type": "Point",
       "coordinates":  [ 121.566075,25.035666 ]
    },
    "properties": {
    "name":"吸引力生活事業股份有限公司 ATT 4 FUN",
    "address":"松壽路12號",
    "district_code":63000020,
    "type":"大型購物場所",
    "subtype":"百貨業",
    "AED_location":"ATT4FUN 6F",
    "district":"信義區"
    }
  },
  {
    "type": "Feature",
    "geometry": {
       "type": "Point",
       "coordinates":  [ 121.542805,25.053436 ]
    },
    "properties": {
    "name":"臺北市復華長青多元服務中心",
    "address":"遼寧街185巷11號",
    "district_code":63000040,
    "type":"其他",
    "subtype":"其他場所",
    "AED_location":"一樓",
    "district":"中山區"
    }
  },
  {
    "type": "Feature",
    "geometry": {
       "type": "Point",
       "coordinates":  [ 121.542709,25.079202 ]
    },
    "properties": {
    "name":"台北中山九昱希爾頓逸林酒店",
    "address":"中山北路一段123號",
    "district_code":63000040,
    "type":"旅宿場所",
    "subtype":"飯店",
    "AED_location":"一樓大廳",
    "district":"中山區"
    }
  },
  {
    "type": "Feature",
    "geometry": {
       "type": "Point",
       "coordinates":  [ 121.5589862,25.0332978 ]
    },
    "properties": {
    "name":"新榮恩資產管理有限公司",
    "address":"信義路四段413號2樓",
    "district_code":63000020,
    "type":"學校、大型集會場所",
    "subtype":"健身房",
    "AED_location":"本院大廳",
    "district":"信義區"
    }
  },
  {
    "type": "Feature",
    "geometry": {
       "type": "Point",
       "coordinates":  [ 121.471599,25.136049 ]
    },
    "properties": {
    "name":"國立臺北藝術大學(女生第一宿舍)",
    "address":"學園路1號 女生第一宿舍",
    "district_code":63000120,
    "type":"學校、大型集會場所",
    "subtype":"大專院校",
    "AED_location":"女生第一宿舍",
    "district":"北投區"
    }
  },
  {
    "type": "Feature",
    "geometry": {
       "type": "Point",
       "coordinates":  [ 121.523022,25.048546 ]
    },
    "properties": {
    "name":"全創適能有限公司 / 橡體有限公司",
    "address":"中山北路1段33巷25號",
    "district_code":63000040,
    "type":"學校、大型集會場所",
    "subtype":"健身房",
    "AED_location":"面對啞鈴區左側柱上",
    "district":"中山區"
    }
  },
  {
    "type": "Feature",
    "geometry": {
       "type": "Point",
       "coordinates":  [ 121.521943,25.143561 ]
    },
    "properties": {
    "name":"硫磺谷泡腳池",
    "address":"泉源路77號斜對面，陽明山國家公園硫磺谷遊憩區內",
    "district_code":63000120,
    "type":"大型公眾浴場或溫泉區",
    "subtype":"溫泉區",
    "AED_location":"管理室旁置物櫃上",
    "district":"北投區"
    }
  },
  {
    "type": "Feature",
    "geometry": {
       "type": "Point",
       "coordinates":  [ 121.502198,25.138819 ]
    },
    "properties": {
    "name":"復興公園泡腳池",
    "address":"中和街61號對面",
    "district_code":63000120,
    "type":"大型公眾浴場或溫泉區",
    "subtype":"溫泉區",
    "AED_location":"管理室前置物櫃上",
    "district":"北投區"
    }
  },
  {
    "type": "Feature",
    "geometry": {
       "type": "Point",
       "coordinates":  [ 121.509722,25.141783 ]
    },
    "properties": {
    "name":"泉源公園泡腳池",
    "address":"珠海路155號(義方國小)正對面",
    "district_code":63000120,
    "type":"大型公眾浴場或溫泉區",
    "subtype":"溫泉區",
    "AED_location":"置櫃物旁",
    "district":"北投區"
    }
  },
  {
    "type": "Feature",
    "geometry": {
       "type": "Point",
       "coordinates":  [ 121.4773,25.134647 ]
    },
    "properties": {
    "name":"臺北市立桃源國民中學",
    "address":"中央北路4段48號",
    "district_code":63000120,
    "type":"其他",
    "subtype":"其他場所",
    "AED_location":"學務處",
    "district":"北投區"
    }
  },
  {
    "type": "Feature",
    "geometry": {
       "type": "Point",
       "coordinates":  [ 121.516146,25.064769 ]
    },
    "properties": {
    "name":"臺北市大同運動中心",
    "address":"大龍街51號",
    "district_code":63000060,
    "type":"學校、大型集會場所",
    "subtype":"健身中心",
    "AED_location":"1樓梯廳",
    "district":"大同區"
    }
  },
  {
    "type": "Feature",
    "geometry": {
       "type": "Point",
       "coordinates":  [ 121.545321,25.041393 ]
    },
    "properties": {
    "name":"陽光健身(Sunshine Fitness)",
    "address":"忠孝東路4段60號2樓",
    "district_code":63000030,
    "type":"學校、大型集會場所",
    "subtype":"健身房",
    "AED_location":"2樓健身房入口門後",
    "district":"大安區"
    }
  },
  {
    "type": "Feature",
    "geometry": {
       "type": "Point",
       "coordinates":  [ 121.542808,25.012408 ]
    },
    "properties": {
    "name":"臺北市大安區公館國民小學",
    "address":"基隆路4段41巷68弄2號",
    "district_code":63000030,
    "type":"其他",
    "subtype":"其他場所",
    "AED_location":"學校穿堂",
    "district":"大安區"
    }
  },
  {
    "type": "Feature",
    "geometry": {
       "type": "Point",
       "coordinates":  [ 121.563252,25.055708 ]
    },
    "properties": {
    "name":"健安新城D社區管理委員會",
    "address":"三民路35巷2號",
    "district_code":63000010,
    "type":"其他",
    "subtype":"其他場所",
    "AED_location":"管理中心門外",
    "district":"松山區"
    }
  },
  {
    "type": "Feature",
    "geometry": {
       "type": "Point",
       "coordinates":  [ 121.541732,24.99422 ]
    },
    "properties": {
    "name":"拳適能館",
    "address":"景美街1-4號",
    "district_code":63000080,
    "type":"學校、大型集會場所",
    "subtype":"健身房",
    "AED_location":"台北市文山區景美街1-4號",
    "district":"文山區"
    }
  },
  {
    "type": "Feature",
    "geometry": {
       "type": "Point",
       "coordinates":  [ 121.570785,25.041187 ]
    },
    "properties": {
    "name":"Curves女性專用30分鐘健身中心市府永春店",
    "address":"忠孝東路5段259號3樓",
    "district_code":63000020,
    "type":"學校、大型集會場所",
    "subtype":"健身房",
    "AED_location":"門口進來右側",
    "district":"信義區"
    }
  },
  {
    "type": "Feature",
    "geometry": {
       "type": "Point",
       "coordinates":  [ 121.516985,25.11654743 ]
    },
    "properties": {
    "name":"Curves女性30分鐘環狀運動石牌店",
    "address":"裕民一路30號2樓",
    "district_code":63000120,
    "type":"學校、大型集會場所",
    "subtype":"健身房",
    "AED_location":"櫃台左前方",
    "district":"北投區"
    }
  },
  {
    "type": "Feature",
    "geometry": {
       "type": "Point",
       "coordinates":  [ 121.544499,25.061747 ]
    },
    "properties": {
    "name":"台灣歐姆龍健康事業股份有限公司",
    "address":"復興北路367號9樓",
    "district_code":63000010,
    "type":"其他",
    "subtype":"其他場所",
    "AED_location":"辦公區",
    "district":"松山區"
    }
  },
  {
    "type": "Feature",
    "geometry": {
       "type": "Point",
       "coordinates":  [ 121.594264,25.083992 ]
    },
    "properties": {
    "name":"潤泰建設股份有限公司(CITYLINK內湖店)",
    "address":"成功路四段188號1樓",
    "district_code":63000100,
    "type":"大型購物場所",
    "subtype":"商場",
    "AED_location":"一樓服務台旁",
    "district":"內湖區"
    }
  },
  {
    "type": "Feature",
    "geometry": {
       "type": "Point",
       "coordinates":  [ 121.516484,25.062735 ]
    },
    "properties": {
    "name":"香港商世界健身事業有限公司台北民權西分公司",
    "address":"民權西路136號一樓",
    "district_code":63000060,
    "type":"學校、大型集會場所",
    "subtype":"健身房",
    "AED_location":"B1入口處",
    "district":"大同區"
    }
  },
  {
    "type": "Feature",
    "geometry": {
       "type": "Point",
       "coordinates":  [ 121.5186544,25.07012863 ]
    },
    "properties": {
    "name":"Curves可爾姿女性專用30分鐘環狀運動圓山花博店",
    "address":"承德路三段223-1號1樓",
    "district_code":63000060,
    "type":"學校、大型集會場所",
    "subtype":"健身房",
    "AED_location":"運動區落地窗角落",
    "district":"大同區"
    }
  },
  {
    "type": "Feature",
    "geometry": {
       "type": "Point",
       "coordinates":  [ 121.530769,25.051901 ]
    },
    "properties": {
    "name":"曼都整形外科診所",
    "address":"南京東路二段76號7樓",
    "district_code":63000040,
    "type":"其他",
    "subtype":"其他場所",
    "AED_location":"櫃台旁",
    "district":"中山區"
    }
  },
  {
    "type": "Feature",
    "geometry": {
       "type": "Point",
       "coordinates":  [ 121.535611,25.000028 ]
    },
    "properties": {
    "name":"沅利建設股份有限公司",
    "address":"汀洲路四段281號",
    "district_code":63000080,
    "type":"其他",
    "subtype":"其他場所",
    "AED_location":"一樓警衛室",
    "district":"文山區"
    }
  },
  {
    "type": "Feature",
    "geometry": {
       "type": "Point",
       "coordinates":  [ 121.518307,25.029942 ]
    },
    "properties": {
    "name":"Force Fitness 中正",
    "address":"南昌路一段123號2樓之2",
    "district_code":63000050,
    "type":"學校、大型集會場所",
    "subtype":"健身房",
    "AED_location":"置物櫃門前",
    "district":"中正區"
    }
  },
  {
    "type": "Feature",
    "geometry": {
       "type": "Point",
       "coordinates":  [ 121.515561,25.114496 ]
    },
    "properties": {
    "name":"健身工廠石牌廠",
    "address":"裕民六路2號B1",
    "district_code":63000120,
    "type":"其他",
    "subtype":"其他場所",
    "AED_location":"啞鈴區牆上",
    "district":"北投區"
    }
  },
  {
    "type": "Feature",
    "geometry": {
       "type": "Point",
       "coordinates":  [ 121.552802,25.082035 ]
    },
    "properties": {
    "name":"穆樂牙醫診所",
    "address":"敬業二路69巷61號",
    "district_code":63000040,
    "type":"其他",
    "subtype":"其他場所",
    "AED_location":"牙醫診所玄關",
    "district":"中山區"
    }
  },
  {
    "type": "Feature",
    "geometry": {
       "type": "Point",
       "coordinates":  [ 121.5170109,25.03249266 ]
    },
    "properties": {
    "name":"國立歷史博物館南海行政辦公室",
    "address":"南海路20號9樓",
    "district_code":63000050,
    "type":"其他",
    "subtype":"其他場所",
    "AED_location":"9樓大門入口旁",
    "district":"中正區"
    }
  },
  {
    "type": "Feature",
    "geometry": {
       "type": "Point",
       "coordinates":  [ 121.550034,25.051923 ]
    },
    "properties": {
    "name":"To Do Fitness",
    "address":"南京東路四段15號3樓之一",
    "district_code":63000010,
    "type":"學校、大型集會場所",
    "subtype":"健身房",
    "AED_location":"店門口旁",
    "district":"松山區"
    }
  },
  {
    "type": "Feature",
    "geometry": {
       "type": "Point",
       "coordinates":  [ 121.571925,24.996002 ]
    },
    "properties": {
    "name":"臺北市立木柵高級工業職業學校",
    "address":"木柵路四段77號",
    "district_code":63000080,
    "type":"學校、大型集會場所",
    "subtype":"高中職",
    "AED_location":"健康中心",
    "district":"文山區"
    }
  },
  {
    "type": "Feature",
    "geometry": {
       "type": "Point",
       "coordinates":  [ 121.527041,25.051864 ]
    },
    "properties": {
    "name":"神旺商務酒店",
    "address":"南京東路1段128號",
    "district_code":63000040,
    "type":"其他",
    "subtype":"其他場所",
    "AED_location":"一樓柏晶廳",
    "district":"中山區"
    }
  },
  {
    "type": "Feature",
    "geometry": {
       "type": "Point",
       "coordinates":  [ 121.544425,25.059676 ]
    },
    "properties": {
    "name":"Curves女性專用30分鐘健身中心復興民權店",
    "address":"復興北路331號2樓",
    "district_code":63000010,
    "type":"大型休閒場所",
    "subtype":"運動場館(如小巨蛋)",
    "AED_location":"Curves復興民權店",
    "district":"松山區"
    }
  },
  {
    "type": "Feature",
    "geometry": {
       "type": "Point",
       "coordinates":  [ 121.524667,25.060968 ]
    },
    "properties": {
    "name":"Curves女性專用30分鐘健身中心中山錦州店",
    "address":"中山北路二段115巷45號1樓",
    "district_code":63000040,
    "type":"學校、大型集會場所",
    "subtype":"健身房",
    "AED_location":"門口進入左前方",
    "district":"中山區"
    }
  },
  {
    "type": "Feature",
    "geometry": {
       "type": "Point",
       "coordinates":  [ 121.557636,25.06304 ]
    },
    "properties": {
    "name":"華信航空股份有限公司",
    "address":"台北市松山區敦化北路405巷123弄3號",
    "district_code":63000010,
    "type":"長距離交通工具",
    "subtype":"航空器",
    "AED_location":"B-16857飛機",
    "district":"松山區"
    }
  },
  {
    "type": "Feature",
    "geometry": {
       "type": "Point",
       "coordinates":  [ 121.491591,25.027812 ]
    },
    "properties": {
    "name":"雙園國中室內綜合球館-舞動陽光有限公司",
    "address":"西園路二段320巷55弄3號5樓",
    "district_code":63000070,
    "type":"學校、大型集會場所",
    "subtype":"健身中心",
    "AED_location":"雙園國中綜合大樓5樓",
    "district":"萬華區"
    }
  },
  {
    "type": "Feature",
    "geometry": {
       "type": "Point",
       "coordinates":  [ 121.526323,25.029581 ]
    },
    "properties": {
    "name":"Start Fitness",
    "address":"金山南路二段134號",
    "district_code":63000030,
    "type":"學校、大型集會場所",
    "subtype":"健身房",
    "AED_location":"地下一樓",
    "district":"大安區"
    }
  },
  {
    "type": "Feature",
    "geometry": {
       "type": "Point",
       "coordinates":  [ 121.550231,25.048607 ]
    },
    "properties": {
    "name":"臺北巿松山運動中心",
    "address":"敦化北路1號",
    "district_code":63000010,
    "type":"學校、大型集會場所",
    "subtype":"健身中心",
    "AED_location":"一樓大廳",
    "district":"松山區"
    }
  },
  {
    "type": "Feature",
    "geometry": {
       "type": "Point",
       "coordinates":  [ 121.499571,25.021416 ]
    },
    "properties": {
    "name":"臺北市私立光仁國民小學",
    "address":"萬大路423巷15號",
    "district_code":63000070,
    "type":"其他",
    "subtype":"其他場所",
    "AED_location":"校門口警衛室",
    "district":"萬華區"
    }
  },
  {
    "type": "Feature",
    "geometry": {
       "type": "Point",
       "coordinates":  [ 121.519078,25.10234 ]
    },
    "properties": {
    "name":"國立傳統藝術中心臺灣戲曲中心",
    "address":"文林路751號",
    "district_code":63000110,
    "type":"大型休閒場所",
    "subtype":"演藝廳",
    "AED_location":"小表演廳",
    "district":"士林區"
    }
  },
  {
    "type": "Feature",
    "geometry": {
       "type": "Point",
       "coordinates":  [ 121.519078,25.10234 ]
    },
    "properties": {
    "name":"國立傳統藝術中心臺灣戲曲中心",
    "address":"文林路751號",
    "district_code":63000110,
    "type":"大型休閒場所",
    "subtype":"演藝廳",
    "AED_location":"大表演廳",
    "district":"士林區"
    }
  },
  {
    "type": "Feature",
    "geometry": {
       "type": "Point",
       "coordinates":  [ 121.520049,25.102218 ]
    },
    "properties": {
    "name":"國立傳統藝術中心臺灣音樂館",
    "address":"文林路751號",
    "district_code":63000110,
    "type":"大型休閒場所",
    "subtype":"演藝廳",
    "AED_location":"臺灣音樂館",
    "district":"士林區"
    }
  },
  {
    "type": "Feature",
    "geometry": {
       "type": "Point",
       "coordinates":  [ 121.519078,25.10234 ]
    },
    "properties": {
    "name":"國立傳統藝術中心臺灣戲曲中心",
    "address":"文林路751號",
    "district_code":63000110,
    "type":"大型休閒場所",
    "subtype":"演藝廳",
    "AED_location":"B2停車場管理室",
    "district":"士林區"
    }
  },
  {
    "type": "Feature",
    "geometry": {
       "type": "Point",
       "coordinates":  [ 121.517406,25.044786 ]
    },
    "properties": {
    "name":"衛生福利部中央健康保險署臺北業務組",
    "address":"公園路15之1號5樓",
    "district_code":63000050,
    "type":"其他",
    "subtype":"其他場所",
    "AED_location":"聯合服務中心一樓領卡櫃台左側",
    "district":"中正區"
    }
  },
  {
    "type": "Feature",
    "geometry": {
       "type": "Point",
       "coordinates":  [ 121.598498,25.057718 ]
    },
    "properties": {
    "name":"臺北市南港老人服務暨日間照顧中心",
    "address":"重陽路187巷5號",
    "district_code":63000090,
    "type":"其他",
    "subtype":"其他場所",
    "AED_location":"二樓日間照顧中心外",
    "district":"南港區"
    }
  },
  {
    "type": "Feature",
    "geometry": {
       "type": "Point",
       "coordinates":  [ 121.565955,25.034307 ]
    },
    "properties": {
    "name":"微風置地股份有限公司南山分公司",
    "address":"松智路17號",
    "district_code":63000020,
    "type":"大型購物場所",
    "subtype":"百貨業",
    "AED_location":"ATRE 3F",
    "district":"信義區"
    }
  },
  {
    "type": "Feature",
    "geometry": {
       "type": "Point",
       "coordinates":  [ 121.565955,25.034307 ]
    },
    "properties": {
    "name":"微風置地股份有限公司南山分公司",
    "address":"松智路17號",
    "district_code":63000020,
    "type":"大型購物場所",
    "subtype":"百貨業",
    "AED_location":"B2F服務台旁",
    "district":"信義區"
    }
  },
  {
    "type": "Feature",
    "geometry": {
       "type": "Point",
       "coordinates":  [ 121.565955,25.034307 ]
    },
    "properties": {
    "name":"微風置地股份有限公司南山分公司",
    "address":"松智路17號",
    "district_code":63000020,
    "type":"大型購物場所",
    "subtype":"百貨業",
    "AED_location":"微風南山46電梯旁",
    "district":"信義區"
    }
  },
  {
    "type": "Feature",
    "geometry": {
       "type": "Point",
       "coordinates":  [ 121.54237,25.057956 ]
    },
    "properties": {
    "name":"國立臺北大學民生校區",
    "address":"民生東路3段67 號",
    "district_code":63000040,
    "type":"學校、大型集會場所",
    "subtype":"大專院校",
    "AED_location":"校門口警衛室",
    "district":"中山區"
    }
  },
  {
    "type": "Feature",
    "geometry": {
       "type": "Point",
       "coordinates":  [ 121.5880759,25.0693178 ]
    },
    "properties": {
    "name":"內湖郵局",
    "address":"民權東路六段83號",
    "district_code":63000100,
    "type":"其他",
    "subtype":"其他場所",
    "AED_location":"後門警衛室",
    "district":"內湖區"
    }
  },
  {
    "type": "Feature",
    "geometry": {
       "type": "Point",
       "coordinates":  [ 121.534155,25.02841 ]
    },
    "properties": {
    "name":"森林跑站大安館",
    "address":"新生南路二段60號1樓",
    "district_code":63000030,
    "type":"其他",
    "subtype":"其他場所",
    "AED_location":"運動按摩室",
    "district":"大安區"
    }
  },
  {
    "type": "Feature",
    "geometry": {
       "type": "Point",
       "coordinates":  [ 121.582828,25.070544 ]
    },
    "properties": {
    "name":"內政部警政署保安警察第六總隊第二大隊第四中隊",
    "address":"瑞光路63號",
    "district_code":63000100,
    "type":"其他",
    "subtype":"其他場所",
    "AED_location":"值班台左側牆面",
    "district":"內湖區"
    }
  },
  {
    "type": "Feature",
    "geometry": {
       "type": "Point",
       "coordinates":  [ 121.5353615,25.0403206 ]
    },
    "properties": {
    "name":"英雄豪傑體能訓練有限公司（YELLOW training studio）",
    "address":"濟南路三段31號1樓",
    "district_code":63000030,
    "type":"大型休閒場所",
    "subtype":"運動場館(如小巨蛋)",
    "AED_location":"台北市大安區濟南路三段31號1樓",
    "district":"大安區"
    }
  },
  {
    "type": "Feature",
    "geometry": {
       "type": "Point",
       "coordinates":  [ 121.5114587,25.04729395 ]
    },
    "properties": {
    "name":"臺北郵局快捷郵件科快捷收發股",
    "address":"忠孝西路一段120號",
    "district_code":63000050,
    "type":"其他",
    "subtype":"其他場所",
    "AED_location":"臺北郵局快捷郵件科快捷收發股",
    "district":"中正區"
    }
  },
  {
    "type": "Feature",
    "geometry": {
       "type": "Point",
       "coordinates":  [ 121.5319132,25.07120249 ]
    },
    "properties": {
    "name":"臺北典藏植物園",
    "address":"濱江街16號",
    "district_code":63000040,
    "type":"其他",
    "subtype":"其他場所",
    "AED_location":"臺北典藏植物園 服務台",
    "district":"中山區"
    }
  },
  {
    "type": "Feature",
    "geometry": {
       "type": "Point",
       "coordinates":  [ 121.559673,24.997017 ]
    },
    "properties": {
    "name":"臺北市文山運動中心",
    "address":"興隆路三段222號",
    "district_code":63000080,
    "type":"學校、大型集會場所",
    "subtype":"健身中心",
    "AED_location":"六樓綜合球場外",
    "district":"文山區"
    }
  },
  {
    "type": "Feature",
    "geometry": {
       "type": "Point",
       "coordinates":  [ 121.557636,25.06304 ]
    },
    "properties": {
    "name":"台灣虎航股份有限公司",
    "address":"敦化北路405巷123弄3號",
    "district_code":63000010,
    "type":"長距離交通工具",
    "subtype":"航空器",
    "AED_location":"B-50005航機, 第13排 DEF行李艙",
    "district":"松山區"
    }
  },
  {
    "type": "Feature",
    "geometry": {
       "type": "Point",
       "coordinates":  [ 121.557636,25.06304 ]
    },
    "properties": {
    "name":"台灣虎航股份有限公司",
    "address":"敦化北路405巷123弄3號",
    "district_code":63000010,
    "type":"長距離交通工具",
    "subtype":"航空器",
    "AED_location":"B-50017航機, 第13排 DEF行李艙",
    "district":"松山區"
    }
  },
  {
    "type": "Feature",
    "geometry": {
       "type": "Point",
       "coordinates":  [ 121.563862,25.054159 ]
    },
    "properties": {
    "name":"好習慣健康企業有限公司（好習慣運動教室)",
    "address":"復興北路217號",
    "district_code":63000010,
    "type":"學校、大型集會場所",
    "subtype":"健身房",
    "AED_location":"側門門口",
    "district":"松山區"
    }
  },
  {
    "type": "Feature",
    "geometry": {
       "type": "Point",
       "coordinates":  [ 121.553897,25.080489 ]
    },
    "properties": {
    "name":"台北美福大飯店",
    "address":"樂群二路55號",
    "district_code":63000040,
    "type":"其他",
    "subtype":"其他場所",
    "AED_location":"4樓健身中心護理站門旁邊",
    "district":"中山區"
    }
  },
  {
    "type": "Feature",
    "geometry": {
       "type": "Point",
       "coordinates":  [ 121.588976,25.077971 ]
    },
    "properties": {
    "name":"臺北市私立文德女子高級中學",
    "address":"成功路3段70號",
    "district_code":63000100,
    "type":"學校、大型集會場所",
    "subtype":"高中職",
    "AED_location":"海星樓一樓穿堂",
    "district":"內湖區"
    }
  },
  {
    "type": "Feature",
    "geometry": {
       "type": "Point",
       "coordinates":  [ 121.54634,24.989821 ]
    },
    "properties": {
    "name":"世新大學",
    "address":"試院路148號",
    "district_code":63000080,
    "type":"學校、大型集會場所",
    "subtype":"大專院校",
    "AED_location":"大禮堂4樓體育館",
    "district":"文山區"
    }
  },
  {
    "type": "Feature",
    "geometry": {
       "type": "Point",
       "coordinates":  [ 121.548439,25.054305 ]
    },
    "properties": {
    "name":"萬海航運股份有限公司(敦北辦公室)",
    "address":"敦化北路122號10樓",
    "district_code":63000010,
    "type":"其他",
    "subtype":"其他場所",
    "AED_location":"大門右側",
    "district":"松山區"
    }
  },
  {
    "type": "Feature",
    "geometry": {
       "type": "Point",
       "coordinates":  [ 121.5439129,25.03853238 ]
    },
    "properties": {
    "name":"康博健康生技股份有限公司",
    "address":"復興南路一段227號1樓",
    "district_code":63000030,
    "type":"其他",
    "subtype":"其他場所",
    "AED_location":"1樓走廊前",
    "district":"大安區"
    }
  },
  {
    "type": "Feature",
    "geometry": {
       "type": "Point",
       "coordinates":  [ 121.5742138,25.16720989 ]
    },
    "properties": {
    "name":"陽明山國家公園擎天崗中央步道0.5K處牧場教育解說中心(亞洲形上觀音山揹水隊捐贈)",
    "address":"菁山路101巷246號",
    "district_code":63000110,
    "type":"其他",
    "subtype":"其他場所",
    "AED_location":"陽明山國家公園擎天崗中央步道0.5K處牧場教育解說中心(亞洲形上觀音山揹水隊捐贈)",
    "district":"士林區"
    }
  },
  {
    "type": "Feature",
    "geometry": {
       "type": "Point",
       "coordinates":  [ 121.519489,25.026712 ]
    },
    "properties": {
    "name":"臺北市政府工務局道路挖掘管理中心",
    "address":"和平西路一段59號",
    "district_code":63000050,
    "type":"其他",
    "subtype":"其他場所",
    "AED_location":"台北市中正區和平西路一段59號",
    "district":"中正區"
    }
  },
  {
    "type": "Feature",
    "geometry": {
       "type": "Point",
       "coordinates":  [ 121.508934,25.121837 ]
    },
    "properties": {
    "name":"臺北市政府工務局新建工程處養護工程隊第五分隊",
    "address":"致遠三路158號",
    "district_code":63000120,
    "type":"其他",
    "subtype":"其他場所",
    "AED_location":"北投區致遠三路158號2樓",
    "district":"北投區"
    }
  },
  {
    "type": "Feature",
    "geometry": {
       "type": "Point",
       "coordinates":  [ 121.51169,25.024133 ]
    },
    "properties": {
    "name":"臺北市政府工務局新建工程處養護工程隊第三分隊",
    "address":"中華路二段680號",
    "district_code":63000070,
    "type":"其他",
    "subtype":"其他場所",
    "AED_location":"2樓",
    "district":"萬華區"
    }
  },
  {
    "type": "Feature",
    "geometry": {
       "type": "Point",
       "coordinates":  [ 121.5253249,25.0346715 ]
    },
    "properties": {
    "name":"超越體能顧問有限公司東門門市",
    "address":"信義路二段28號一樓",
    "district_code":63000030,
    "type":"學校、大型集會場所",
    "subtype":"健身房",
    "AED_location":"前區蹲舉架旁",
    "district":"大安區"
    }
  },
  {
    "type": "Feature",
    "geometry": {
       "type": "Point",
       "coordinates":  [ 121.521664,25.034594 ]
    },
    "properties": {
    "name":"台灣人壽保險股份有限公司(台北分公司)",
    "address":"許昌街17號16樓",
    "district_code":63000050,
    "type":"其他",
    "subtype":"其他場所",
    "AED_location":"保戶櫃台大廳",
    "district":"中正區"
    }
  },
  {
    "type": "Feature",
    "geometry": {
       "type": "Point",
       "coordinates":  [ 121.6064016,25.0733914 ]
    },
    "properties": {
    "name":"大湖璞旅",
    "address":"成功路五段462號3樓",
    "district_code":63000100,
    "type":"旅宿場所",
    "subtype":"旅館",
    "AED_location":"一樓大廳",
    "district":"內湖區"
    }
  },
  {
    "type": "Feature",
    "geometry": {
       "type": "Point",
       "coordinates":  [ 121.526287,25.078611 ]
    },
    "properties": {
    "name":"財團法人臺灣敦睦聯誼會所屬作業組織圓山大飯店",
    "address":"中山北路4段1巷1號",
    "district_code":63000040,
    "type":"旅宿場所",
    "subtype":"旅館",
    "AED_location":"1樓大廳諮詢櫃檯旁邊",
    "district":"中山區"
    }
  },
  {
    "type": "Feature",
    "geometry": {
       "type": "Point",
       "coordinates":  [ 121.593863,25.05542 ]
    },
    "properties": {
    "name":"臺北市政府工務局新建工程處養護工程隊(南港保養場)",
    "address":"向陽路139號",
    "district_code":63000090,
    "type":"其他",
    "subtype":"其他場所",
    "AED_location":"辦公樓二樓入口處",
    "district":"南港區"
    }
  },
  {
    "type": "Feature",
    "geometry": {
       "type": "Point",
       "coordinates":  [ 121.503597,25.043172 ]
    },
    "properties": {
    "name":"臺北市萬華區西門國民小學",
    "address":"成都路98號",
    "district_code":63000070,
    "type":"其他",
    "subtype":"其他場所",
    "AED_location":"游泳池",
    "district":"萬華區"
    }
  },
  {
    "type": "Feature",
    "geometry": {
       "type": "Point",
       "coordinates":  [ 121.610897,25.066822 ]
    },
    "properties": {
    "name":"南湖高中運動中心",
    "address":"康寧路三段220號",
    "district_code":63000100,
    "type":"學校、大型集會場所",
    "subtype":"健身中心",
    "AED_location":"游泳池階梯看台",
    "district":"內湖區"
    }
  },
  {
    "type": "Feature",
    "geometry": {
       "type": "Point",
       "coordinates":  [ 121.507474,25.032802 ]
    },
    "properties": {
    "name":"臺北市南海發展中心",
    "address":"延平南路207號1、2樓",
    "district_code":63000050,
    "type":"其他",
    "subtype":"其他場所",
    "AED_location":"1樓公共走道",
    "district":"中正區"
    }
  },
  {
    "type": "Feature",
    "geometry": {
       "type": "Point",
       "coordinates":  [ 121.548438,25.04732 ]
    },
    "properties": {
    "name":"元大金控大樓暨元大銀行",
    "address":"敦化南路一段66號",
    "district_code":63000010,
    "type":"其他",
    "subtype":"其他場所",
    "AED_location":"B1公共空間",
    "district":"松山區"
    }
  },
  {
    "type": "Feature",
    "geometry": {
       "type": "Point",
       "coordinates":  [ 121.516874,25.049469 ]
    },
    "properties": {
    "name":"台北君品大酒店",
    "address":"承德路一段三號",
    "district_code":63000060,
    "type":"旅宿場所",
    "subtype":"飯店",
    "AED_location":"六樓大廳",
    "district":"大同區"
    }
  },
  {
    "type": "Feature",
    "geometry": {
       "type": "Point",
       "coordinates":  [ 121.516874,25.049469 ]
    },
    "properties": {
    "name":"台北君品大酒店",
    "address":"承德路一段三號",
    "district_code":63000060,
    "type":"旅宿場所",
    "subtype":"飯店",
    "AED_location":"B3F中控室",
    "district":"大同區"
    }
  },
  {
    "type": "Feature",
    "geometry": {
       "type": "Point",
       "coordinates":  [ 121.516874,25.049469 ]
    },
    "properties": {
    "name":"台北君品大酒店",
    "address":"承德路一段三號",
    "district_code":63000060,
    "type":"旅宿場所",
    "subtype":"飯店",
    "AED_location":"17樓健身房",
    "district":"大同區"
    }
  },
  {
    "type": "Feature",
    "geometry": {
       "type": "Point",
       "coordinates":  [ 121.517646,25.04623 ]
    },
    "properties": {
    "name":"臺北捷運台北車站R10",
    "address":"忠孝西路1段49號",
    "district_code":63000050,
    "type":"交通要衝",
    "subtype":"捷運站",
    "AED_location":"捷運淡水信義線台北車站B3層1號詢問處旁(付費區)",
    "district":"中正區"
    }
  },
  {
    "type": "Feature",
    "geometry": {
       "type": "Point",
       "coordinates":  [ 121.579136,25.049634 ]
    },
    "properties": {
    "name":"潤泰建設股份有限公司(CITYLINK松山貳號店)",
    "address":"市民大道六段131號1樓",
    "district_code":63000010,
    "type":"其他",
    "subtype":"其他場所",
    "AED_location":"1樓電梯旁",
    "district":"松山區"
    }
  },
  {
    "type": "Feature",
    "geometry": {
       "type": "Point",
       "coordinates":  [ 121.527217,25.1412 ]
    },
    "properties": {
    "name":"陽明山臻愛樓",
    "address":"泉源路220號",
    "district_code":63000120,
    "type":"學校、大型集會場所",
    "subtype":"殯儀館",
    "AED_location":"大廳電梯旁",
    "district":"北投區"
    }
  },
  {
    "type": "Feature",
    "geometry": {
       "type": "Point",
       "coordinates":  [ 121.60726,25.052896 ]
    },
    "properties": {
    "name":"冠樺生活股份有限公司(環球購物中心南港車站店)",
    "address":"忠孝東路七段371號B1",
    "district_code":63000090,
    "type":"大型購物場所",
    "subtype":"商場",
    "AED_location":"B1A層中央旋轉樓梯後方",
    "district":"南港區"
    }
  },
  {
    "type": "Feature",
    "geometry": {
       "type": "Point",
       "coordinates":  [ 121.5465617,25.15149182 ]
    },
    "properties": {
    "name":"七星公園-苗圃涼亭(亞洲形上觀音山揹水隊捐贈)",
    "address":" ",
    "district_code":63000120,
    "type":"其他",
    "subtype":"其他場所",
    "AED_location":"七星公園-苗圃涼亭(亞洲形上觀音山揹水隊捐贈)",
    "district":"北投區"
    }
  },
  {
    "type": "Feature",
    "geometry": {
       "type": "Point",
       "coordinates":  [ 121.5570392,25.16405687 ]
    },
    "properties": {
    "name":"七星山公園-七星山公園廁所旁(亞洲形上觀音山揹水隊捐贈)",
    "address":" ",
    "district_code":63000110,
    "type":"交通要衝",
    "subtype":"機場",
    "AED_location":"七星山公園-七星山公園廁所旁(亞洲形上觀音山揹水隊捐贈)",
    "district":"士林區"
    }
  },
  {
    "type": "Feature",
    "geometry": {
       "type": "Point",
       "coordinates":  [ 121.5640096,25.16567508 ]
    },
    "properties": {
    "name":"七星公園-雙層涼亭(亞洲形上觀音山揹水隊捐贈)",
    "address":" ",
    "district_code":63000110,
    "type":"其他",
    "subtype":"其他場所",
    "AED_location":"七星公園-雙層涼亭(亞洲形上觀音山揹水隊捐贈)",
    "district":"士林區"
    }
  },
  {
    "type": "Feature",
    "geometry": {
       "type": "Point",
       "coordinates":  [ 121.5615707,25.04216558 ]
    },
    "properties": {
    "name":"星宇航空股份有限公司",
    "address":"忠孝東路四段525號11樓",
    "district_code":63000020,
    "type":"長距離交通工具",
    "subtype":"航空器",
    "AED_location":"星宇客機B-58206",
    "district":"信義區"
    }
  },
  {
    "type": "Feature",
    "geometry": {
       "type": "Point",
       "coordinates":  [ 121.5615707,25.04216558 ]
    },
    "properties": {
    "name":"星宇航空股份有限公司",
    "address":"忠孝東路四段525號11樓",
    "district_code":63000020,
    "type":"長距離交通工具",
    "subtype":"航空器",
    "AED_location":"星宇客機B-58210",
    "district":"信義區"
    }
  },
  {
    "type": "Feature",
    "geometry": {
       "type": "Point",
       "coordinates":  [ 121.5615707,25.04216558 ]
    },
    "properties": {
    "name":"星宇航空股份有限公司",
    "address":"忠孝東路四段525號11樓",
    "district_code":63000020,
    "type":"長距離交通工具",
    "subtype":"航空器",
    "AED_location":"星宇客機B-58302",
    "district":"信義區"
    }
  },
  {
    "type": "Feature",
    "geometry": {
       "type": "Point",
       "coordinates":  [ 121.565225,25.086706 ]
    },
    "properties": {
    "name":"德明財經科技大學(綜合大樓)",
    "address":"環山路1段56號",
    "district_code":63000100,
    "type":"學校、大型集會場所",
    "subtype":"大專院校",
    "AED_location":"學生宿舍1F電梯口",
    "district":"內湖區"
    }
  },
  {
    "type": "Feature",
    "geometry": {
       "type": "Point",
       "coordinates":  [ 121.503907,25.138874 ]
    },
    "properties": {
    "name":"臺北市私立薇閣高級中學",
    "address":"珠海路50號",
    "district_code":63000120,
    "type":"學校、大型集會場所",
    "subtype":"高中職",
    "AED_location":"綜合大樓一樓健康中心前",
    "district":"北投區"
    }
  },
  {
    "type": "Feature",
    "geometry": {
       "type": "Point",
       "coordinates":  [ 121.540675,25.154443 ]
    },
    "properties": {
    "name":"臺北市北投區湖山里辦公處",
    "address":"湖山路一段48之2號",
    "district_code":63000120,
    "type":"其他",
    "subtype":"其他場所",
    "AED_location":"湖山路一段48-2號",
    "district":"北投區"
    }
  },
  {
    "type": "Feature",
    "geometry": {
       "type": "Point",
       "coordinates":  [ 121.504,25.1382 ]
    },
    "properties": {
    "name":"山水樂會館",
    "address":"中和街20巷6號",
    "district_code":63000120,
    "type":"旅宿場所",
    "subtype":"飯店",
    "AED_location":"山水樂1F櫃台",
    "district":"北投區"
    }
  },
  {
    "type": "Feature",
    "geometry": {
       "type": "Point",
       "coordinates":  [ 121.557636,25.06304 ]
    },
    "properties": {
    "name":"台灣虎航股份有限公司",
    "address":"敦化北路405巷123弄3號",
    "district_code":63000010,
    "type":"長距離交通工具",
    "subtype":"航空器",
    "AED_location":"B-50015航機, 第13排 DEF行李艙",
    "district":"松山區"
    }
  },
  {
    "type": "Feature",
    "geometry": {
       "type": "Point",
       "coordinates":  [ 121.568944,24.98445 ]
    },
    "properties": {
    "name":"故事工廠永安藝文館",
    "address":"木新路二段156-1號",
    "district_code":63000080,
    "type":"大型休閒場所",
    "subtype":"博物館",
    "AED_location":"故事工廠永安藝文館",
    "district":"文山區"
    }
  },
  {
    "type": "Feature",
    "geometry": {
       "type": "Point",
       "coordinates":  [ 121.522992,25.056177 ]
    },
    "properties": {
    "name":"第一商業銀行信用卡處(中山大樓)",
    "address":"中山北路二段61號5樓",
    "district_code":63000040,
    "type":"其他",
    "subtype":"其他場所",
    "AED_location":"中山大樓5樓",
    "district":"中山區"
    }
  },
  {
    "type": "Feature",
    "geometry": {
       "type": "Point",
       "coordinates":  [ 121.5791373,25.04921453 ]
    },
    "properties": {
    "name":"台灣飛利浦股份有限公司(台北)",
    "address":"市民大道六段288號10樓之6",
    "district_code":63000020,
    "type":"其他",
    "subtype":"其他場所",
    "AED_location":"台灣飛利浦接待大廳",
    "district":"信義區"
    }
  },
  {
    "type": "Feature",
    "geometry": {
       "type": "Point",
       "coordinates":  [ 121.53015,25.139586 ]
    },
    "properties": {
    "name":"皇池溫泉御膳館",
    "address":"行義路402巷42之1號",
    "district_code":63000120,
    "type":"大型公眾浴場或溫泉區",
    "subtype":"大型公眾浴場",
    "AED_location":"1館櫃台旁",
    "district":"北投區"
    }
  },
  {
    "type": "Feature",
    "geometry": {
       "type": "Point",
       "coordinates":  [ 121.526121,25.067585 ]
    },
    "properties": {
    "name":"跑者肌地有限公司(跑者肌地)",
    "address":"新生北路三段84巷47號",
    "district_code":63000040,
    "type":"學校、大型集會場所",
    "subtype":"健身房",
    "AED_location":"進門左側",
    "district":"中山區"
    }
  },
  {
    "type": "Feature",
    "geometry": {
       "type": "Point",
       "coordinates":  [ 121.5875426,25.03661554 ]
    },
    "properties": {
    "name":"四獸山-象山95峰(亞洲形上觀音山揹水隊捐贈)",
    "address":" ",
    "district_code":63000020,
    "type":"其他",
    "subtype":"其他場所",
    "AED_location":"四獸山-象山95峰(亞洲形上觀音山揹水隊捐贈)",
    "district":"信義區"
    }
  },
  {
    "type": "Feature",
    "geometry": {
       "type": "Point",
       "coordinates":  [ 121.574983,24.986398 ]
    },
    "properties": {
    "name":"國立政治大學",
    "address":"指南路2段64號",
    "district_code":63000080,
    "type":"學校、大型集會場所",
    "subtype":"大專院校",
    "AED_location":"達賢圖書館2樓",
    "district":"文山區"
    }
  },
  {
    "type": "Feature",
    "geometry": {
       "type": "Point",
       "coordinates":  [ 121.567116,25.078695 ]
    },
    "properties": {
    "name":"台灣之星電信股份有限公司",
    "address":"堤頂大道2段239號6樓",
    "district_code":63000100,
    "type":"其他",
    "subtype":"其他場所",
    "AED_location":"6樓梯廳",
    "district":"內湖區"
    }
  },
  {
    "type": "Feature",
    "geometry": {
       "type": "Point",
       "coordinates":  [ 121.569343,25.188826 ]
    },
    "properties": {
    "name":"馬槽花藝商行陽明營業所",
    "address":"竹子湖路251巷20號",
    "district_code":63000110,
    "type":"大型公眾浴場或溫泉區",
    "subtype":"大型公眾浴場",
    "AED_location":"大眾池收票台左側",
    "district":"士林區"
    }
  },
  {
    "type": "Feature",
    "geometry": {
       "type": "Point",
       "coordinates":  [ 121.498594,25.135034 ]
    },
    "properties": {
    "name":"超力達工作室(臺北市健力訓練站)",
    "address":"大同街137號",
    "district_code":63000120,
    "type":"學校、大型集會場所",
    "subtype":"健身房",
    "AED_location":"進門右側",
    "district":"北投區"
    }
  },
  {
    "type": "Feature",
    "geometry": {
       "type": "Point",
       "coordinates":  [ 121.579005,25.049366 ]
    },
    "properties": {
    "name":"全球人壽保險股份有限公司",
    "address":"市民大道六段288號4樓",
    "district_code":63000020,
    "type":"其他",
    "subtype":"其他場所",
    "AED_location":"全球人壽17樓",
    "district":"信義區"
    }
  },
  {
    "type": "Feature",
    "geometry": {
       "type": "Point",
       "coordinates":  [ 121.522624,25.113142 ]
    },
    "properties": {
    "name":"臺北市立北投幼兒園",
    "address":"明德路208巷5號1樓",
    "district_code":63000120,
    "type":"其他",
    "subtype":"其他場所",
    "AED_location":"1樓活動室",
    "district":"北投區"
    }
  },
  {
    "type": "Feature",
    "geometry": {
       "type": "Point",
       "coordinates":  [ 121.56391,25.165613 ]
    },
    "properties": {
    "name":"陽明山國家公園冷水坑遊客服務站",
    "address":"菁山路101巷170號",
    "district_code":63000110,
    "type":"觀光旅遊地區",
    "subtype":"國家公園",
    "AED_location":"冷水坑公共溫泉浴室",
    "district":"士林區"
    }
  },
  {
    "type": "Feature",
    "geometry": {
       "type": "Point",
       "coordinates":  [ 121.5271348,25.095354 ]
    },
    "properties": {
    "name":"V Line Fitmess",
    "address":"中正路187巷2號1樓",
    "district_code":63000110,
    "type":"學校、大型集會場所",
    "subtype":"健身房",
    "AED_location":"沙發旁",
    "district":"士林區"
    }
  },
  {
    "type": "Feature",
    "geometry": {
       "type": "Point",
       "coordinates":  [ 121.562581,24.98732 ]
    },
    "properties": {
    "name":"臺北市文山區明道國民小學",
    "address":"木柵路二段138巷61號",
    "district_code":63000080,
    "type":"其他",
    "subtype":"其他場所",
    "AED_location":"明道國小明道樓1樓",
    "district":"文山區"
    }
  },
  {
    "type": "Feature",
    "geometry": {
       "type": "Point",
       "coordinates":  [ 121.524643,25.049954 ]
    },
    "properties": {
    "name":"健生活 Living Fitness(艾斯克健身有限公司)",
    "address":"林森北路96號2樓",
    "district_code":63000040,
    "type":"其他",
    "subtype":"其他場所",
    "AED_location":"進門左轉柱子旁",
    "district":"中山區"
    }
  },
  {
    "type": "Feature",
    "geometry": {
       "type": "Point",
       "coordinates":  [ 121.546276,25.094004 ]
    },
    "properties": {
    "name":"東吳大學(雙溪校區)",
    "address":"臨溪路70號",
    "district_code":63000110,
    "type":"學校、大型集會場所",
    "subtype":"大專院校",
    "AED_location":"機車停車場管理哨",
    "district":"士林區"
    }
  },
  {
    "type": "Feature",
    "geometry": {
       "type": "Point",
       "coordinates":  [ 121.5493623,25.0263107 ]
    },
    "properties": {
    "name":"亞東百貨股份有限公司遠企分公司",
    "address":"敦化南路二段203號",
    "district_code":63000030,
    "type":"大型購物場所",
    "subtype":"百貨業",
    "AED_location":"遠企購物中心",
    "district":"大安區"
    }
  },
  {
    "type": "Feature",
    "geometry": {
       "type": "Point",
       "coordinates":  [ 121.557636,25.06304 ]
    },
    "properties": {
    "name":"華信航空股份有限公司",
    "address":"台北市松山區敦化北路405巷123弄3號",
    "district_code":63000010,
    "type":"長距離交通工具",
    "subtype":"航空器",
    "AED_location":"B16859飛機",
    "district":"松山區"
    }
  },
  {
    "type": "Feature",
    "geometry": {
       "type": "Point",
       "coordinates":  [ 121.545523,25.040425 ]
    },
    "properties": {
    "name":"金普頓大安酒店(KIMPTON DA NA HOTEL)",
    "address":"仁愛路四段27巷25號",
    "district_code":63000030,
    "type":"旅宿場所",
    "subtype":"旅館",
    "AED_location":"二樓健身房",
    "district":"大安區"
    }
  },
  {
    "type": "Feature",
    "geometry": {
       "type": "Point",
       "coordinates":  [ 121.594442,25.048951 ]
    },
    "properties": {
    "name":"衛生福利部食品藥物管理署(昆陽大樓)",
    "address":"昆陽街161之2號",
    "district_code":63000090,
    "type":"其他",
    "subtype":"其他場所",
    "AED_location":"本署大門右側",
    "district":"南港區"
    }
  },
  {
    "type": "Feature",
    "geometry": {
       "type": "Point",
       "coordinates":  [ 121.6112851,25.04767825 ]
    },
    "properties": {
    "name":"衛生福利部食品藥物管理署(F棟)",
    "address":"研究院路一段130巷109號",
    "district_code":63000090,
    "type":"其他",
    "subtype":"其他場所",
    "AED_location":"大門右側",
    "district":"南港區"
    }
  },
  {
    "type": "Feature",
    "geometry": {
       "type": "Point",
       "coordinates":  [ 121.5049533,25.04320749 ]
    },
    "properties": {
    "name":"合作金庫商業銀行-西門分行",
    "address":"昆明街77號",
    "district_code":63000070,
    "type":"其他",
    "subtype":"其他場所",
    "AED_location":"1樓往2樓櫃台旁",
    "district":"萬華區"
    }
  },
  {
    "type": "Feature",
    "geometry": {
       "type": "Point",
       "coordinates":  [ 121.527753,25.137625 ]
    },
    "properties": {
    "name":"椰子林溫泉會館",
    "address":"行義路269號",
    "district_code":63000120,
    "type":"大型公眾浴場或溫泉區",
    "subtype":"溫泉區",
    "AED_location":"6號間",
    "district":"北投區"
    }
  },
  {
    "type": "Feature",
    "geometry": {
       "type": "Point",
       "coordinates":  [ 121.528991,25.139728 ]
    },
    "properties": {
    "name":"櫻崗溫泉會館有限公司",
    "address":"行義路300巷3之1號1、2樓",
    "district_code":63000120,
    "type":"大型公眾浴場或溫泉區",
    "subtype":"溫泉區",
    "AED_location":"櫻崗溫泉會館",
    "district":"北投區"
    }
  },
  {
    "type": "Feature",
    "geometry": {
       "type": "Point",
       "coordinates":  [ 121.52962,25.141605 ]
    },
    "properties": {
    "name":"山之林SPA溫泉美食餐廳",
    "address":"行義路402巷15號",
    "district_code":63000120,
    "type":"大型公眾浴場或溫泉區",
    "subtype":"溫泉區",
    "AED_location":"櫃台",
    "district":"北投區"
    }
  },
  {
    "type": "Feature",
    "geometry": {
       "type": "Point",
       "coordinates":  [ 121.564946,25.051162 ]
    },
    "properties": {
    "name":"祿翊健康事業有限公司（FOCUS TRAINING專注訓練空間)",
    "address":"南京東路五段208號2樓",
    "district_code":63000010,
    "type":"學校、大型集會場所",
    "subtype":"健身房",
    "AED_location":"門口",
    "district":"松山區"
    }
  },
  {
    "type": "Feature",
    "geometry": {
       "type": "Point",
       "coordinates":  [ 121.51217,25.047901 ]
    },
    "properties": {
    "name":"台北記憶倉庫",
    "address":"忠孝西路一段265號",
    "district_code":63000050,
    "type":"大型休閒場所",
    "subtype":"博物館",
    "AED_location":"記憶倉庫",
    "district":"中正區"
    }
  },
  {
    "type": "Feature",
    "geometry": {
       "type": "Point",
       "coordinates":  [ 121.525639,25.058537 ]
    },
    "properties": {
    "name":"給力健身房林森店",
    "address":"林森北路381號B1",
    "district_code":63000040,
    "type":"大型休閒場所",
    "subtype":"運動場館(如小巨蛋)",
    "AED_location":"健身區",
    "district":"中山區"
    }
  },
  {
    "type": "Feature",
    "geometry": {
       "type": "Point",
       "coordinates":  [ 121.497512,25.0373367 ]
    },
    "properties": {
    "name":"臺北市立萬華幼兒園",
    "address":"梧州街36號",
    "district_code":63000050,
    "type":"學校、大型集會場所",
    "subtype":"國小",
    "AED_location":"台北市萬華區梧州街36號",
    "district":"中正區"
    }
  },
  {
    "type": "Feature",
    "geometry": {
       "type": "Point",
       "coordinates":  [ 121.5301123,25.1164004 ]
    },
    "properties": {
    "name":"台北美國學校",
    "address":"11152 中山北路六段 800號",
    "district_code":63000110,
    "type":"學校、大型集會場所",
    "subtype":"高中職",
    "AED_location":"Mobile Athletic Trainer’s AED",
    "district":"士林區"
    }
  },
  {
    "type": "Feature",
    "geometry": {
       "type": "Point",
       "coordinates":  [ 121.536712,25.004893 ]
    },
    "properties": {
    "name":"臺北市文山區萬福國民小學",
    "address":"羅斯福路5段170巷32號",
    "district_code":63000080,
    "type":"學校、大型集會場所",
    "subtype":"國小",
    "AED_location":"川堂",
    "district":"文山區"
    }
  },
  {
    "type": "Feature",
    "geometry": {
       "type": "Point",
       "coordinates":  [ 121.5476622,25.04081019 ]
    },
    "properties": {
    "name":"聖宜診所(忠孝)",
    "address":"敦化南路一段232巷8號1樓",
    "district_code":63000030,
    "type":"其他",
    "subtype":"其他場所",
    "AED_location":"聖宜診所",
    "district":"大安區"
    }
  },
  {
    "type": "Feature",
    "geometry": {
       "type": "Point",
       "coordinates":  [ 121.501439,25.044624 ]
    },
    "properties": {
    "name":"豪景大酒店",
    "address":"環河南路一段77號",
    "district_code":63000070,
    "type":"其他",
    "subtype":"其他場所",
    "AED_location":"四F健身房內",
    "district":"萬華區"
    }
  },
  {
    "type": "Feature",
    "geometry": {
       "type": "Point",
       "coordinates":  [ 121.501439,25.044624 ]
    },
    "properties": {
    "name":"豪景大酒店",
    "address":"環河南路一段77號",
    "district_code":63000070,
    "type":"其他",
    "subtype":"其他場所",
    "AED_location":"大廳大門左方等待區電腦旁",
    "district":"萬華區"
    }
  },
  {
    "type": "Feature",
    "geometry": {
       "type": "Point",
       "coordinates":  [ 121.559673,24.997017 ]
    },
    "properties": {
    "name":"臺北市文山運動中心",
    "address":"興隆路三段222號",
    "district_code":63000080,
    "type":"學校、大型集會場所",
    "subtype":"健身中心",
    "AED_location":"2樓大廳",
    "district":"文山區"
    }
  },
  {
    "type": "Feature",
    "geometry": {
       "type": "Point",
       "coordinates":  [ 121.537253,25.115897 ]
    },
    "properties": {
    "name":"臺北市立大學天母校區",
    "address":"忠誠路二段101號",
    "district_code":63000110,
    "type":"學校、大型集會場所",
    "subtype":"大專院校",
    "AED_location":"行政大樓一樓警衛室",
    "district":"士林區"
    }
  },
  {
    "type": "Feature",
    "geometry": {
       "type": "Point",
       "coordinates":  [ 121.548326,25.041841 ]
    },
    "properties": {
    "name":"菲律賓首都銀行台北分行",
    "address":"忠孝東路四段107號2樓",
    "district_code":63000030,
    "type":"其他",
    "subtype":"其他場所",
    "AED_location":"2樓營業大廳",
    "district":"大安區"
    }
  },
  {
    "type": "Feature",
    "geometry": {
       "type": "Point",
       "coordinates":  [ 121.596603,25.001125 ]
    },
    "properties": {
    "name":"交通部高速公路局北區養護工程分局木柵工務段",
    "address":"新光路2段100號",
    "district_code":63000080,
    "type":"其他",
    "subtype":"其他場所",
    "AED_location":"辦公大1樓入口大廳",
    "district":"文山區"
    }
  },
  {
    "type": "Feature",
    "geometry": {
       "type": "Point",
       "coordinates":  [ 121.598111,25.06466 ]
    },
    "properties": {
    "name":"交通部高速公路局北區養護工程分局內湖工務段",
    "address":"民權東路6段206巷143弄93號",
    "district_code":63000100,
    "type":"其他",
    "subtype":"其他場所",
    "AED_location":"交通部高速公路局北區養護工程分局內湖工務段",
    "district":"內湖區"
    }
  },
  {
    "type": "Feature",
    "geometry": {
       "type": "Point",
       "coordinates":  [ 121.509521,25.04542 ]
    },
    "properties": {
    "name":"台糖台北會館",
    "address":"光復里中華路一段39號",
    "district_code":63000050,
    "type":"其他",
    "subtype":"其他場所",
    "AED_location":"台糖台北會館",
    "district":"中正區"
    }
  },
  {
    "type": "Feature",
    "geometry": {
       "type": "Point",
       "coordinates":  [ 121.528655,25.112997 ]
    },
    "properties": {
    "name":"動動MoveMove體適能教室",
    "address":"士東路９１巷３６號1F",
    "district_code":63000110,
    "type":"學校、大型集會場所",
    "subtype":"健身房",
    "AED_location":"動動櫃檯旁邊",
    "district":"士林區"
    }
  },
  {
    "type": "Feature",
    "geometry": {
       "type": "Point",
       "coordinates":  [ 121.5108022,25.04338689 ]
    },
    "properties": {
    "name":"合作金庫商業銀行集中作業中心",
    "address":"延平南路85號6樓",
    "district_code":63000050,
    "type":"其他",
    "subtype":"其他場所",
    "AED_location":"台北市中正區延平南路85號6樓",
    "district":"中正區"
    }
  },
  {
    "type": "Feature",
    "geometry": {
       "type": "Point",
       "coordinates":  [ 121.563347,25.061641 ]
    },
    "properties": {
    "name":"家福股份有限公司三民分公司(家樂福三民店)",
    "address":"三民路160號",
    "district_code":63000010,
    "type":"大型購物場所",
    "subtype":"賣場",
    "AED_location":"地下一樓賣場入口",
    "district":"松山區"
    }
  },
  {
    "type": "Feature",
    "geometry": {
       "type": "Point",
       "coordinates":  [ 121.508698,25.040286 ]
    },
    "properties": {
    "name":"社團法人中華民國軍人之友社台北國軍英雄館",
    "address":"長沙街1段20號",
    "district_code":63000050,
    "type":"其他",
    "subtype":"其他場所",
    "AED_location":"一樓大廳服務櫃檯旁",
    "district":"中正區"
    }
  },
  {
    "type": "Feature",
    "geometry": {
       "type": "Point",
       "coordinates":  [ 121.515575,25.046495 ]
    },
    "properties": {
    "name":"美亞商旅股份有限公司",
    "address":"忠孝西路1段50號3~5F",
    "district_code":63000050,
    "type":"旅宿場所",
    "subtype":"飯店",
    "AED_location":"5樓大廳",
    "district":"中正區"
    }
  },
  {
    "type": "Feature",
    "geometry": {
       "type": "Point",
       "coordinates":  [ 121.540594,25.162652 ]
    },
    "properties": {
    "name":"內政部國家公園署陽明山國家公園管理處陽明書屋管理站",
    "address":"台北市北投區中興路12號",
    "district_code":63000120,
    "type":"觀光旅遊地區",
    "subtype":"國家公園",
    "AED_location":"服務站內",
    "district":"北投區"
    }
  },
  {
    "type": "Feature",
    "geometry": {
       "type": "Point",
       "coordinates":  [ 121.592613,25.132304 ]
    },
    "properties": {
    "name":"陽明山國家公園天溪園生態教育中心",
    "address":"至善路3段336巷45號",
    "district_code":63000110,
    "type":"觀光旅遊地區",
    "subtype":"國家公園",
    "AED_location":"服務站入口進入左側處",
    "district":"士林區"
    }
  },
  {
    "type": "Feature",
    "geometry": {
       "type": "Point",
       "coordinates":  [ 121.507196,25.043824 ]
    },
    "properties": {
    "name":"絕色影城股份有限公司",
    "address":"漢中街52號10樓",
    "district_code":63000070,
    "type":"大型休閒場所",
    "subtype":"電影片映演場所(戲院、電影院)",
    "AED_location":"10樓",
    "district":"萬華區"
    }
  },
  {
    "type": "Feature",
    "geometry": {
       "type": "Point",
       "coordinates":  [ 121.495496,25.013594 ]
    },
    "properties": {
    "name":"台北漁產運銷股份有限公司",
    "address":"萬大路華中橋下堤外拍賣場",
    "district_code":63000070,
    "type":"其他",
    "subtype":"其他場所",
    "AED_location":"拍賣場",
    "district":"萬華區"
    }
  },
  {
    "type": "Feature",
    "geometry": {
       "type": "Point",
       "coordinates":  [ 121.521197,25.055752 ]
    },
    "properties": {
    "name":"台北捷運行政大樓",
    "address":"中山北路2段48巷7號",
    "district_code":63000040,
    "type":"其他",
    "subtype":"其他場所",
    "AED_location":"捷運行政大樓一樓大廳",
    "district":"中山區"
    }
  },
  {
    "type": "Feature",
    "geometry": {
       "type": "Point",
       "coordinates":  [ 121.525656,25.041874 ]
    },
    "properties": {
    "name":"國立臺北商業大學",
    "address":"濟南路一段321號",
    "district_code":63000050,
    "type":"學校、大型集會場所",
    "subtype":"大專院校",
    "AED_location":"環境暨健康保健組",
    "district":"中正區"
    }
  },
  {
    "type": "Feature",
    "geometry": {
       "type": "Point",
       "coordinates":  [ 121.548751,24.988883 ]
    },
    "properties": {
    "name":"銓敘部",
    "address":"試院路1-2號",
    "district_code":63000080,
    "type":"其他",
    "subtype":"其他場所",
    "AED_location":"銓敘部銓政樓1樓",
    "district":"文山區"
    }
  },
  {
    "type": "Feature",
    "geometry": {
       "type": "Point",
       "coordinates":  [ 121.50689,25.135921 ]
    },
    "properties": {
    "name":"日勝生加賀屋國際溫泉飯店",
    "address":"光明路236號",
    "district_code":63000120,
    "type":"大型公眾浴場或溫泉區",
    "subtype":"溫泉區",
    "AED_location":"4樓櫃檯後方",
    "district":"北投區"
    }
  },
  {
    "type": "Feature",
    "geometry": {
       "type": "Point",
       "coordinates":  [ 121.538874,25.011186 ]
    },
    "properties": {
    "name":"臺北市民族實驗國民中學",
    "address":"羅斯福路4段113巷13號",
    "district_code":63000030,
    "type":"學校、大型集會場所",
    "subtype":"國中",
    "AED_location":"警衛室",
    "district":"大安區"
    }
  },
  {
    "type": "Feature",
    "geometry": {
       "type": "Point",
       "coordinates":  [ 121.551945,25.036522 ]
    },
    "properties": {
    "name":"臺北市立仁愛國民中學(藍鯨游泳學校仁愛校區)",
    "address":"仁愛路四段130號",
    "district_code":63000030,
    "type":"其他",
    "subtype":"其他場所",
    "AED_location":"藍鯨游泳學校仁愛校區櫃台",
    "district":"大安區"
    }
  },
  {
    "type": "Feature",
    "geometry": {
       "type": "Point",
       "coordinates":  [ 121.554505,25.025907 ]
    },
    "properties": {
    "name":"臺北市私立喬治高級工商職業學校",
    "address":"基隆路二段155號",
    "district_code":63000020,
    "type":"學校、大型集會場所",
    "subtype":"高中職",
    "AED_location":"浩然樓1樓教務處內",
    "district":"信義區"
    }
  },
  {
    "type": "Feature",
    "geometry": {
       "type": "Point",
       "coordinates":  [ 121.536162,25.057653 ]
    },
    "properties": {
    "name":"國泰商旅股份有限公司民生分公司(和逸飯店台北民生館)",
    "address":"民生東路二段178號",
    "district_code":63000040,
    "type":"其他",
    "subtype":"其他場所",
    "AED_location":"2F The Lounge",
    "district":"中山區"
    }
  },
  {
    "type": "Feature",
    "geometry": {
       "type": "Point",
       "coordinates":  [ 121.566723,25.051139 ]
    },
    "properties": {
    "name":"Xjumping 68跳床俱樂部南京店",
    "address":"南京東路五段268號三樓",
    "district_code":63000010,
    "type":"學校、大型集會場所",
    "subtype":"健身中心",
    "AED_location":"休憩區",
    "district":"松山區"
    }
  },
  {
    "type": "Feature",
    "geometry": {
       "type": "Point",
       "coordinates":  [ 121.53565,25.04246 ]
    },
    "properties": {
    "name":"國泰商旅股份有限公司忠孝分公司(和逸飯店台北忠孝館)",
    "address":"忠孝東路1段31號",
    "district_code":63000050,
    "type":"其他",
    "subtype":"其他場所",
    "AED_location":"2樓餐廳",
    "district":"中正區"
    }
  },
  {
    "type": "Feature",
    "geometry": {
       "type": "Point",
       "coordinates":  [ 121.514191,25.052151 ]
    },
    "properties": {
    "name":"天龍興業股份有限公司(天龍三溫暖)",
    "address":"重慶北路一段73號9樓",
    "district_code":63000060,
    "type":"大型公眾浴場或溫泉區",
    "subtype":"大型公眾浴場",
    "AED_location":"大廳",
    "district":"大同區"
    }
  },
  {
    "type": "Feature",
    "geometry": {
       "type": "Point",
       "coordinates":  [ 121.501374,25.033444 ]
    },
    "properties": {
    "name":"艋舺就業服務站",
    "address":"艋舺大道101號3樓",
    "district_code":63000070,
    "type":"其他",
    "subtype":"其他場所",
    "AED_location":"艋舺就業服務站",
    "district":"萬華區"
    }
  },
  {
    "type": "Feature",
    "geometry": {
       "type": "Point",
       "coordinates":  [ 121.572237,25.03642 ]
    },
    "properties": {
    "name":"臺北市立興雅國民中學",
    "address":"松德路168巷15號",
    "district_code":63000020,
    "type":"學校、大型集會場所",
    "subtype":"國中",
    "AED_location":"川堂",
    "district":"信義區"
    }
  },
  {
    "type": "Feature",
    "geometry": {
       "type": "Point",
       "coordinates":  [ 121.525007,25.104917 ]
    },
    "properties": {
    "name":"天母國際聯誼會",
    "address":"中山北路六段88號B1",
    "district_code":63000110,
    "type":"學校、大型集會場所",
    "subtype":"健身房",
    "AED_location":"B2健身房前",
    "district":"士林區"
    }
  },
  {
    "type": "Feature",
    "geometry": {
       "type": "Point",
       "coordinates":  [ 121.616441,25.06805 ]
    },
    "properties": {
    "name":"斜槓人生實業有限公司（FITLAB健身試驗所)",
    "address":"東湖路126號2樓",
    "district_code":63000100,
    "type":"學校、大型集會場所",
    "subtype":"健身房",
    "AED_location":"櫃檯旁",
    "district":"內湖區"
    }
  },
  {
    "type": "Feature",
    "geometry": {
       "type": "Point",
       "coordinates":  [ 121.556747,25.048003 ]
    },
    "properties": {
    "name":"新動力體能顧問有限公司",
    "address":"八德路三段212號4樓",
    "district_code":63000010,
    "type":"其他",
    "subtype":"其他場所",
    "AED_location":"入口左側",
    "district":"松山區"
    }
  },
  {
    "type": "Feature",
    "geometry": {
       "type": "Point",
       "coordinates":  [ 121.547119,25.059159 ]
    },
    "properties": {
    "name":"布勒斯運動顧問",
    "address":"復興北路446號",
    "district_code":63000040,
    "type":"學校、大型集會場所",
    "subtype":"健身房",
    "AED_location":"健身房",
    "district":"中山區"
    }
  },
  {
    "type": "Feature",
    "geometry": {
       "type": "Point",
       "coordinates":  [ 121.500866,25.138462 ]
    },
    "properties": {
    "name":"飛健身合作社",
    "address":"永興路一段32巷3弄14號",
    "district_code":63000120,
    "type":"學校、大型集會場所",
    "subtype":"健身房",
    "AED_location":"飛健身合作社",
    "district":"北投區"
    }
  },
  {
    "type": "Feature",
    "geometry": {
       "type": "Point",
       "coordinates":  [ 121.550504,25.080141 ]
    },
    "properties": {
    "name":"找時間動一動俱樂部",
    "address":"明水路581巷25號地下一樓",
    "district_code":63000040,
    "type":"學校、大型集會場所",
    "subtype":"健身房",
    "AED_location":"找時間動一動俱樂部櫃台前",
    "district":"中山區"
    }
  },
  {
    "type": "Feature",
    "geometry": {
       "type": "Point",
       "coordinates":  [ 121.524813,25.094737 ]
    },
    "properties": {
    "name":"REFINE FITNESS",
    "address":"中正路122號及122號之一地下一樓",
    "district_code":63000110,
    "type":"學校、大型集會場所",
    "subtype":"健身房",
    "AED_location":"入口閘門左側柱子",
    "district":"士林區"
    }
  },
  {
    "type": "Feature",
    "geometry": {
       "type": "Point",
       "coordinates":  [ 121.609889,25.033596 ]
    },
    "properties": {
    "name":"中華學校財團法人中華科技大學",
    "address":"研究院路3段245號",
    "district_code":63000090,
    "type":"學校、大型集會場所",
    "subtype":"大專院校",
    "AED_location":"圖書館一樓",
    "district":"南港區"
    }
  },
  {
    "type": "Feature",
    "geometry": {
       "type": "Point",
       "coordinates":  [ 121.609889,25.033596 ]
    },
    "properties": {
    "name":"中華學校財團法人中華科技大學",
    "address":"研究院路3段245號",
    "district_code":63000090,
    "type":"學校、大型集會場所",
    "subtype":"大專院校",
    "AED_location":"學苑一樓入口(男生宿舍)",
    "district":"南港區"
    }
  },
  {
    "type": "Feature",
    "geometry": {
       "type": "Point",
       "coordinates":  [ 121.511894,25.031741 ]
    },
    "properties": {
    "name":"國立臺灣藝術教育館-南海劇場",
    "address":"南海路47號",
    "district_code":63000050,
    "type":"大型休閒場所",
    "subtype":"演藝廳",
    "AED_location":"南海劇場1樓大廳",
    "district":"中正區"
    }
  },
  {
    "type": "Feature",
    "geometry": {
       "type": "Point",
       "coordinates":  [ 121.512606,25.045296 ]
    },
    "properties": {
    "name":"元大銀行中正分行",
    "address":"漢口街一段45號3樓",
    "district_code":63000050,
    "type":"其他",
    "subtype":"其他場所",
    "AED_location":"3樓辦公場所",
    "district":"中正區"
    }
  },
  {
    "type": "Feature",
    "geometry": {
       "type": "Point",
       "coordinates":  [ 121.527813,25.094023 ]
    },
    "properties": {
    "name":"Fun Fitness運動旅程 士林館",
    "address":"中山北路5段519號2樓",
    "district_code":63000110,
    "type":"其他",
    "subtype":"其他場所",
    "AED_location":"櫃檯",
    "district":"士林區"
    }
  },
  {
    "type": "Feature",
    "geometry": {
       "type": "Point",
       "coordinates":  [ 121.57125,24.992921 ]
    },
    "properties": {
    "name":"威利體有限公司",
    "address":"景文街41號2樓",
    "district_code":63000080,
    "type":"其他",
    "subtype":"其他場所",
    "AED_location":"二樓",
    "district":"文山區"
    }
  },
  {
    "type": "Feature",
    "geometry": {
       "type": "Point",
       "coordinates":  [ 121.56688,25.039943 ]
    },
    "properties": {
    "name":"時代國際飯店股份有限公司(台北W飯店)安全部",
    "address":"忠孝東路5段10號",
    "district_code":63000020,
    "type":"旅宿場所",
    "subtype":"飯店",
    "AED_location":"12F",
    "district":"信義區"
    }
  },
  {
    "type": "Feature",
    "geometry": {
       "type": "Point",
       "coordinates":  [ 121.526982,25.05908 ]
    },
    "properties": {
    "name":"台北市中山區錦州街基地公共住宅新建工程",
    "address":"吉林段三小段982地號土地",
    "district_code":63000040,
    "type":"其他",
    "subtype":"其他場所",
    "AED_location":"台北市中山區吉林段三小段982地號土地",
    "district":"中山區"
    }
  },
  {
    "type": "Feature",
    "geometry": {
       "type": "Point",
       "coordinates":  [ 121.5048711,25.04286349 ]
    },
    "properties": {
    "name":"釋放體能工作室",
    "address":"昆明街79號2樓之2",
    "district_code":63000070,
    "type":"學校、大型集會場所",
    "subtype":"健身房",
    "AED_location":"工作室門口",
    "district":"萬華區"
    }
  },
  {
    "type": "Feature",
    "geometry": {
       "type": "Point",
       "coordinates":  [ 121.561032,24.985844 ]
    },
    "properties": {
    "name":"喬傑瑞國際有限公司(HIVE FITNESS瘋動健身工作室)",
    "address":"興隆路四段54-8號",
    "district_code":63000080,
    "type":"其他",
    "subtype":"其他場所",
    "AED_location":"櫃台處",
    "district":"文山區"
    }
  },
  {
    "type": "Feature",
    "geometry": {
       "type": "Point",
       "coordinates":  [ 121.574767,25.075678 ]
    },
    "properties": {
    "name":"至上電子股份有限公司",
    "address":"港墘路189號6樓",
    "district_code":63000100,
    "type":"其他",
    "subtype":"其他場所",
    "AED_location":"六樓",
    "district":"內湖區"
    }
  },
  {
    "type": "Feature",
    "geometry": {
       "type": "Point",
       "coordinates":  [ 121.531941,25.016753 ]
    },
    "properties": {
    "name":"Fun Fitness運動旅程 公館館",
    "address":"羅斯福路三段272號7樓",
    "district_code":63000050,
    "type":"其他",
    "subtype":"其他場所",
    "AED_location":"櫃檯",
    "district":"中正區"
    }
  },
  {
    "type": "Feature",
    "geometry": {
       "type": "Point",
       "coordinates":  [ 121.52424,25.054187 ]
    },
    "properties": {
    "name":"晶華國際酒店股份有限公司",
    "address":"中山北路2段39巷3號",
    "district_code":63000040,
    "type":"旅宿場所",
    "subtype":"飯店",
    "AED_location":"飯店大廳",
    "district":"中山區"
    }
  },
  {
    "type": "Feature",
    "geometry": {
       "type": "Point",
       "coordinates":  [ 121.52424,25.054187 ]
    },
    "properties": {
    "name":"晶華國際酒店股份有限公司",
    "address":"中山北路2段39巷3號",
    "district_code":63000040,
    "type":"旅宿場所",
    "subtype":"飯店",
    "AED_location":"員工出入口",
    "district":"中山區"
    }
  },
  {
    "type": "Feature",
    "geometry": {
       "type": "Point",
       "coordinates":  [ 121.52424,25.054187 ]
    },
    "properties": {
    "name":"晶華國際酒店股份有限公司",
    "address":"中山北路2段39巷3號",
    "district_code":63000040,
    "type":"旅宿場所",
    "subtype":"飯店",
    "AED_location":"地下三樓健身房",
    "district":"中山區"
    }
  },
  {
    "type": "Feature",
    "geometry": {
       "type": "Point",
       "coordinates":  [ 121.528306,25.05085 ]
    },
    "properties": {
    "name":"健鑫體適能有限公司(FREE POWER 器材代購買賣)",
    "address":"新生北路一段83號地下室",
    "district_code":63000040,
    "type":"學校、大型集會場所",
    "subtype":"健身房",
    "AED_location":"地下室",
    "district":"中山區"
    }
  },
  {
    "type": "Feature",
    "geometry": {
       "type": "Point",
       "coordinates":  [ 121.57279,25.075892 ]
    },
    "properties": {
    "name":"F45 Training Neihu",
    "address":"瑞光路358巷38弄一號1F",
    "district_code":63000100,
    "type":"其他",
    "subtype":"其他場所",
    "AED_location":"健身工作室",
    "district":"內湖區"
    }
  },
  {
    "type": "Feature",
    "geometry": {
       "type": "Point",
       "coordinates":  [ 121.56688,25.039943 ]
    },
    "properties": {
    "name":"時代國際飯店股份有限公司(台北W飯店)安全部",
    "address":"忠孝東路5段10號",
    "district_code":63000020,
    "type":"旅宿場所",
    "subtype":"飯店",
    "AED_location":"10樓迎賓櫃檯後方",
    "district":"信義區"
    }
  },
  {
    "type": "Feature",
    "geometry": {
       "type": "Point",
       "coordinates":  [ 121.5106789,25.04618843 ]
    },
    "properties": {
    "name":"第一商業銀行延平大樓",
    "address":"延平南路38號",
    "district_code":63000050,
    "type":"其他",
    "subtype":"其他場所",
    "AED_location":"大門入口左側、客戶等候椅旁邊",
    "district":"中正區"
    }
  },
  {
    "type": "Feature",
    "geometry": {
       "type": "Point",
       "coordinates":  [ 121.576252,25.041104 ]
    },
    "properties": {
    "name":"第一商業銀行永春分行",
    "address":"忠孝東路五段451號",
    "district_code":63000020,
    "type":"其他",
    "subtype":"其他場所",
    "AED_location":"大門進入右側數位體驗區處",
    "district":"信義區"
    }
  },
  {
    "type": "Feature",
    "geometry": {
       "type": "Point",
       "coordinates":  [ 121.554714,25.041701 ]
    },
    "properties": {
    "name":"第一商業銀行延吉分行",
    "address":"忠孝東路四段289號",
    "district_code":63000030,
    "type":"其他",
    "subtype":"其他場所",
    "AED_location":"一樓大廳進入後左側",
    "district":"大安區"
    }
  },
  {
    "type": "Feature",
    "geometry": {
       "type": "Point",
       "coordinates":  [ 121.590008,25.07958 ]
    },
    "properties": {
    "name":"第一商業銀行內湖分行",
    "address":"成功路3段143、145號",
    "district_code":63000100,
    "type":"其他",
    "subtype":"其他場所",
    "AED_location":"一樓大廳右側客戶寫字檯旁邊",
    "district":"內湖區"
    }
  },
  {
    "type": "Feature",
    "geometry": {
       "type": "Point",
       "coordinates":  [ 121.547848,25.057932 ]
    },
    "properties": {
    "name":"第一商業銀行民生分行",
    "address":"民生東路3段131號",
    "district_code":63000010,
    "type":"其他",
    "subtype":"其他場所",
    "AED_location":"大門進入後右側、數位體驗區旁邊",
    "district":"松山區"
    }
  },
  {
    "type": "Feature",
    "geometry": {
       "type": "Point",
       "coordinates":  [ 121.528598,25.051905 ]
    },
    "properties": {
    "name":"第一商業銀行新生分行",
    "address":"南京東路二段8號",
    "district_code":63000040,
    "type":"其他",
    "subtype":"其他場所",
    "AED_location":"一樓大廳進入後右側",
    "district":"中山區"
    }
  },
  {
    "type": "Feature",
    "geometry": {
       "type": "Point",
       "coordinates":  [ 121.525036,25.048894 ]
    },
    "properties": {
    "name":"第一商業銀行華山分行",
    "address":"長安東路1段22號",
    "district_code":63000040,
    "type":"其他",
    "subtype":"其他場所",
    "AED_location":"一樓大廳進入後右側",
    "district":"中山區"
    }
  },
  {
    "type": "Feature",
    "geometry": {
       "type": "Point",
       "coordinates":  [ 121.513307,25.041934 ]
    },
    "properties": {
    "name":"第一商業銀行總行營業部",
    "address":"重慶南路1段30號",
    "district_code":63000050,
    "type":"其他",
    "subtype":"其他場所",
    "AED_location":"一樓營業大廳左側健康量測站旁邊",
    "district":"中正區"
    }
  },
  {
    "type": "Feature",
    "geometry": {
       "type": "Point",
       "coordinates":  [ 121.527387,25.104853 ]
    },
    "properties": {
    "name":"第一商業銀行天母分行",
    "address":"忠誠路一段62號",
    "district_code":63000110,
    "type":"其他",
    "subtype":"其他場所",
    "AED_location":"大門進入後左側、客戶公用電腦旁邊",
    "district":"士林區"
    }
  },
  {
    "type": "Feature",
    "geometry": {
       "type": "Point",
       "coordinates":  [ 121.549142,25.02525 ]
    },
    "properties": {
    "name":"第一商業銀行敦化分行",
    "address":"敦化南路2段267號",
    "district_code":63000030,
    "type":"其他",
    "subtype":"其他場所",
    "AED_location":"大門左側上二樓樓梯旁",
    "district":"大安區"
    }
  },
  {
    "type": "Feature",
    "geometry": {
       "type": "Point",
       "coordinates":  [ 121.565975,25.040671 ]
    },
    "properties": {
    "name":"時代國際飯店股份有限公司(台北W飯店) 健身房",
    "address":"忠孝東路5段10號",
    "district_code":63000020,
    "type":"旅宿場所",
    "subtype":"飯店",
    "AED_location":"12樓健身中心",
    "district":"信義區"
    }
  },
  {
    "type": "Feature",
    "geometry": {
       "type": "Point",
       "coordinates":  [ 121.534463,25.016323 ]
    },
    "properties": {
    "name":"國立臺灣大學(校總區)",
    "address":"羅斯福路4段1號",
    "district_code":63000030,
    "type":"學校、大型集會場所",
    "subtype":"大專院校",
    "AED_location":"研一女舍",
    "district":"大安區"
    }
  },
  {
    "type": "Feature",
    "geometry": {
       "type": "Point",
       "coordinates":  [ 121.544436,25.016473 ]
    },
    "properties": {
    "name":"國立臺灣大學(長興校區)",
    "address":"長興街50號",
    "district_code":63000030,
    "type":"學校、大型集會場所",
    "subtype":"大專院校",
    "AED_location":"男一舍",
    "district":"大安區"
    }
  },
  {
    "type": "Feature",
    "geometry": {
       "type": "Point",
       "coordinates":  [ 121.534463,25.016323 ]
    },
    "properties": {
    "name":"國立臺灣大學(校總區)",
    "address":"羅斯福路4段1號",
    "district_code":63000030,
    "type":"學校、大型集會場所",
    "subtype":"大專院校",
    "AED_location":"女一舍",
    "district":"大安區"
    }
  },
  {
    "type": "Feature",
    "geometry": {
       "type": "Point",
       "coordinates":  [ 121.534463,25.016323 ]
    },
    "properties": {
    "name":"國立臺灣大學(校總區)",
    "address":"羅斯福路4段1號",
    "district_code":63000030,
    "type":"學校、大型集會場所",
    "subtype":"大專院校",
    "AED_location":"圖書館",
    "district":"大安區"
    }
  },
  {
    "type": "Feature",
    "geometry": {
       "type": "Point",
       "coordinates":  [ 121.534463,25.016323 ]
    },
    "properties": {
    "name":"國立臺灣大學(校總區)",
    "address":"羅斯福路4段1號",
    "district_code":63000030,
    "type":"學校、大型集會場所",
    "subtype":"大專院校",
    "AED_location":"國青宿舍",
    "district":"大安區"
    }
  },
  {
    "type": "Feature",
    "geometry": {
       "type": "Point",
       "coordinates":  [ 121.530447,25.013948 ]
    },
    "properties": {
    "name":"國立臺灣大學(水源校區)",
    "address":"思源街18號",
    "district_code":63000050,
    "type":"學校、大型集會場所",
    "subtype":"大專院校",
    "AED_location":"水源校區修齊會館",
    "district":"中正區"
    }
  },
  {
    "type": "Feature",
    "geometry": {
       "type": "Point",
       "coordinates":  [ 121.526287,25.078611 ]
    },
    "properties": {
    "name":"財團法人臺灣敦睦聯誼會所屬作業組織圓山大飯店",
    "address":"中山北路4段1巷1號",
    "district_code":63000040,
    "type":"旅宿場所",
    "subtype":"旅館",
    "AED_location":"聯誼會孔二故居",
    "district":"中山區"
    }
  },
  {
    "type": "Feature",
    "geometry": {
       "type": "Point",
       "coordinates":  [ 121.557636,25.06304 ]
    },
    "properties": {
    "name":"華信航空股份有限公司",
    "address":"台北市松山區敦化北路405巷123弄3號",
    "district_code":63000010,
    "type":"長距離交通工具",
    "subtype":"航空器",
    "AED_location":"B-16862飛機",
    "district":"松山區"
    }
  },
  {
    "type": "Feature",
    "geometry": {
       "type": "Point",
       "coordinates":  [ 121.534463,25.016323 ]
    },
    "properties": {
    "name":"國立臺灣大學(校總區)",
    "address":"羅斯福路4段1號",
    "district_code":63000030,
    "type":"學校、大型集會場所",
    "subtype":"大專院校",
    "AED_location":"女九舍",
    "district":"大安區"
    }
  },
  {
    "type": "Feature",
    "geometry": {
       "type": "Point",
       "coordinates":  [ 121.4645596,25.12194737 ]
    },
    "properties": {
    "name":"馬偕學校財團法人馬偕醫護管理專科學校(關渡校區)",
    "address":"聖景路92號",
    "district_code":63000120,
    "type":"學校、大型集會場所",
    "subtype":"大專院校",
    "AED_location":"關渡校區警衛室",
    "district":"北投區"
    }
  },
  {
    "type": "Feature",
    "geometry": {
       "type": "Point",
       "coordinates":  [ 121.534463,25.016323 ]
    },
    "properties": {
    "name":"國立臺灣大學(校總區)",
    "address":"羅斯福路4段1號",
    "district_code":63000030,
    "type":"學校、大型集會場所",
    "subtype":"大專院校",
    "AED_location":"女四舍",
    "district":"大安區"
    }
  },
  {
    "type": "Feature",
    "geometry": {
       "type": "Point",
       "coordinates":  [ 121.534463,25.016323 ]
    },
    "properties": {
    "name":"國立臺灣大學(校總區)",
    "address":"羅斯福路4段1號",
    "district_code":63000030,
    "type":"學校、大型集會場所",
    "subtype":"大專院校",
    "AED_location":"新生大樓",
    "district":"大安區"
    }
  },
  {
    "type": "Feature",
    "geometry": {
       "type": "Point",
       "coordinates":  [ 121.534463,25.016323 ]
    },
    "properties": {
    "name":"國立臺灣大學(校總區)",
    "address":"羅斯福路4段1號",
    "district_code":63000030,
    "type":"學校、大型集會場所",
    "subtype":"大專院校",
    "AED_location":"語文中心",
    "district":"大安區"
    }
  },
  {
    "type": "Feature",
    "geometry": {
       "type": "Point",
       "coordinates":  [ 121.534463,25.016323 ]
    },
    "properties": {
    "name":"國立臺灣大學(校總區)",
    "address":"羅斯福路4段1號",
    "district_code":63000030,
    "type":"學校、大型集會場所",
    "subtype":"大專院校",
    "AED_location":"舊體育館",
    "district":"大安區"
    }
  },
  {
    "type": "Feature",
    "geometry": {
       "type": "Point",
       "coordinates":  [ 121.530447,25.013948 ]
    },
    "properties": {
    "name":"國立臺灣大學(水源校區)",
    "address":"思源街18號",
    "district_code":63000050,
    "type":"學校、大型集會場所",
    "subtype":"大專院校",
    "AED_location":"水源校區C棟宿舍",
    "district":"中正區"
    }
  },
  {
    "type": "Feature",
    "geometry": {
       "type": "Point",
       "coordinates":  [ 121.544436,25.016473 ]
    },
    "properties": {
    "name":"國立臺灣大學(長興校區)",
    "address":"長興街50號",
    "district_code":63000030,
    "type":"學校、大型集會場所",
    "subtype":"大專院校",
    "AED_location":"男七舍",
    "district":"大安區"
    }
  },
  {
    "type": "Feature",
    "geometry": {
       "type": "Point",
       "coordinates":  [ 121.534463,25.016323 ]
    },
    "properties": {
    "name":"國立臺灣大學(校總區)",
    "address":"羅斯福路4段1號",
    "district_code":63000030,
    "type":"學校、大型集會場所",
    "subtype":"大專院校",
    "AED_location":"普通大樓",
    "district":"大安區"
    }
  },
  {
    "type": "Feature",
    "geometry": {
       "type": "Point",
       "coordinates":  [ 121.468879,25.133617 ]
    },
    "properties": {
    "name":"城市學校財團法人臺北城市科技大學",
    "address":"學園路2號",
    "district_code":63000120,
    "type":"學校、大型集會場所",
    "subtype":"大專院校",
    "AED_location":"圖資大樓3樓入口處",
    "district":"北投區"
    }
  },
  {
    "type": "Feature",
    "geometry": {
       "type": "Point",
       "coordinates":  [ 121.5392342,25.0467443 ]
    },
    "properties": {
    "name":"彰化商業銀行中崙分行",
    "address":"八德路二段201號",
    "district_code":63000040,
    "type":"其他",
    "subtype":"其他場所",
    "AED_location":"接待大廳保全座位旁",
    "district":"中山區"
    }
  },
  {
    "type": "Feature",
    "geometry": {
       "type": "Point",
       "coordinates":  [ 121.4645596,25.12194737 ]
    },
    "properties": {
    "name":"馬偕學校財團法人馬偕醫護管理專科學校(關渡校區)",
    "address":"聖景路92號",
    "district_code":63000120,
    "type":"學校、大型集會場所",
    "subtype":"大專院校",
    "AED_location":"關渡校區慈輝樓4樓",
    "district":"北投區"
    }
  },
  {
    "type": "Feature",
    "geometry": {
       "type": "Point",
       "coordinates":  [ 121.524536,25.104745 ]
    },
    "properties": {
    "name":"太平洋崇光百貨股份有限公司天母分公司",
    "address":"中山北路六段77號",
    "district_code":63000110,
    "type":"大型購物場所",
    "subtype":"百貨業",
    "AED_location":"SOGO天母店1樓北大門旁",
    "district":"士林區"
    }
  },
  {
    "type": "Feature",
    "geometry": {
       "type": "Point",
       "coordinates":  [ 121.548315,25.040432 ]
    },
    "properties": {
    "name":"太平洋崇光百貨股份有限公司敦化分公司",
    "address":"敦化南路一段246號",
    "district_code":63000030,
    "type":"大型購物場所",
    "subtype":"百貨業",
    "AED_location":"4樓貴賓廳前",
    "district":"大安區"
    }
  },
  {
    "type": "Feature",
    "geometry": {
       "type": "Point",
       "coordinates":  [ 121.544667,25.041893 ]
    },
    "properties": {
    "name":"太平洋崇光百貨股份有限公司",
    "address":"忠孝東路四段45號",
    "district_code":63000030,
    "type":"大型購物場所",
    "subtype":"百貨業",
    "AED_location":"1樓西後出口",
    "district":"大安區"
    }
  },
  {
    "type": "Feature",
    "geometry": {
       "type": "Point",
       "coordinates":  [ 121.543082,25.041442 ]
    },
    "properties": {
    "name":"太平洋崇光百貨股份有限公司復興分公司",
    "address":"忠孝東路三段300號",
    "district_code":63000030,
    "type":"大型購物場所",
    "subtype":"百貨業",
    "AED_location":"B2樓手扶梯旁",
    "district":"大安區"
    }
  },
  {
    "type": "Feature",
    "geometry": {
       "type": "Point",
       "coordinates":  [ 121.541535,25.025329 ]
    },
    "properties": {
    "name":"推動力體適能運動有限公司（PUSH Fitness)",
    "address":"和平東路二段163號1樓",
    "district_code":63000030,
    "type":"學校、大型集會場所",
    "subtype":"健身房",
    "AED_location":"台北市大安區和平東路二段163號1樓",
    "district":"大安區"
    }
  },
  {
    "type": "Feature",
    "geometry": {
       "type": "Point",
       "coordinates":  [ 121.547395,25.0725 ]
    },
    "properties": {
    "name":"長源汽車台北服務廠",
    "address":"濱江街321號",
    "district_code":63000040,
    "type":"其他",
    "subtype":"其他場所",
    "AED_location":"1F",
    "district":"中山區"
    }
  },
  {
    "type": "Feature",
    "geometry": {
       "type": "Point",
       "coordinates":  [ 121.524852,25.072594 ]
    },
    "properties": {
    "name":"臺北市立美術館",
    "address":"中山北路三段181號",
    "district_code":63000040,
    "type":"其他",
    "subtype":"其他場所",
    "AED_location":"南進門入口",
    "district":"中山區"
    }
  },
  {
    "type": "Feature",
    "geometry": {
       "type": "Point",
       "coordinates":  [ 121.529745,25.113727 ]
    },
    "properties": {
    "name":"動動MOVEMOVE體適能教室-天母館",
    "address":"士林區士東路91巷49號",
    "district_code":63000110,
    "type":"學校、大型集會場所",
    "subtype":"健身房",
    "AED_location":"台北市士林區士東路91巷49號",
    "district":"士林區"
    }
  },
  {
    "type": "Feature",
    "geometry": {
       "type": "Point",
       "coordinates":  [ 121.522318,25.044786 ]
    },
    "properties": {
    "name":"台北寒舍喜來登大飯店",
    "address":"忠孝東路1段12號",
    "district_code":63000050,
    "type":"旅宿場所",
    "subtype":"飯店",
    "AED_location":"一樓安全室外面",
    "district":"中正區"
    }
  },
  {
    "type": "Feature",
    "geometry": {
       "type": "Point",
       "coordinates":  [ 121.533406,25.052523 ]
    },
    "properties": {
    "name":"和泰汽車股份有限公司",
    "address":"松江路121號4樓",
    "district_code":63000040,
    "type":"其他",
    "subtype":"其他場所",
    "AED_location":"4樓大廳",
    "district":"中山區"
    }
  },
  {
    "type": "Feature",
    "geometry": {
       "type": "Point",
       "coordinates":  [ 121.514833,25.137952 ]
    },
    "properties": {
    "name":"北投麗禧溫泉酒店",
    "address":"幽雅路30號",
    "district_code":63000120,
    "type":"旅宿場所",
    "subtype":"旅館",
    "AED_location":"一樓大廳櫃台旁",
    "district":"北投區"
    }
  },
  {
    "type": "Feature",
    "geometry": {
       "type": "Point",
       "coordinates":  [ 121.524852,25.072594 ]
    },
    "properties": {
    "name":"臺北市立美術館",
    "address":"中山北路三段181號",
    "district_code":63000040,
    "type":"其他",
    "subtype":"其他場所",
    "AED_location":"D展間",
    "district":"中山區"
    }
  },
  {
    "type": "Feature",
    "geometry": {
       "type": "Point",
       "coordinates":  [ 121.522243,25.044742 ]
    },
    "properties": {
    "name":"寒舍台北喜來登大飯店",
    "address":"忠孝東路一段12號",
    "district_code":63000050,
    "type":"旅宿場所",
    "subtype":"旅館",
    "AED_location":"17樓會員俱樂部內",
    "district":"中正區"
    }
  },
  {
    "type": "Feature",
    "geometry": {
       "type": "Point",
       "coordinates":  [ 121.5497725,25.0417539 ]
    },
    "properties": {
    "name":"傑克在健身（敦南館）",
    "address":"忠孝東路四段147巷1號11樓",
    "district_code":63000030,
    "type":"學校、大型集會場所",
    "subtype":"健身房",
    "AED_location":"入口旁",
    "district":"大安區"
    }
  },
  {
    "type": "Feature",
    "geometry": {
       "type": "Point",
       "coordinates":  [ 121.522318,25.044786 ]
    },
    "properties": {
    "name":"台北寒舍喜來登大飯店",
    "address":"忠孝東路1段12號",
    "district_code":63000050,
    "type":"旅宿場所",
    "subtype":"飯店",
    "AED_location":"一樓團體報到櫃檯旁",
    "district":"中正區"
    }
  },
  {
    "type": "Feature",
    "geometry": {
       "type": "Point",
       "coordinates":  [ 121.5330041,25.0351496 ]
    },
    "properties": {
    "name":"達康勁健康事業股份有限公司",
    "address":"新生南路一段155號B1",
    "district_code":63000030,
    "type":"大型休閒場所",
    "subtype":"運動場館(如小巨蛋)",
    "AED_location":"門口",
    "district":"大安區"
    }
  },
  {
    "type": "Feature",
    "geometry": {
       "type": "Point",
       "coordinates":  [ 121.612816,25.068894 ]
    },
    "properties": {
    "name":"模範體能實業社",
    "address":"東湖路11號二樓",
    "district_code":63000100,
    "type":"學校、大型集會場所",
    "subtype":"健身房",
    "AED_location":"櫃台",
    "district":"內湖區"
    }
  },
  {
    "type": "Feature",
    "geometry": {
       "type": "Point",
       "coordinates":  [ 121.541498,25.041891 ]
    },
    "properties": {
    "name":"AXIS FITNESS 亞西斯VIP私人健身會館",
    "address":"忠孝東路三段249-1號2樓",
    "district_code":63000030,
    "type":"學校、大型集會場所",
    "subtype":"健身房",
    "AED_location":"心肺區",
    "district":"大安區"
    }
  },
  {
    "type": "Feature",
    "geometry": {
       "type": "Point",
       "coordinates":  [ 121.523316,25.049707 ]
    },
    "properties": {
    "name":"台北運動健身中心",
    "address":"長安東路一段21號B1",
    "district_code":63000040,
    "type":"學校、大型集會場所",
    "subtype":"健身房",
    "AED_location":"櫃台左前方",
    "district":"中山區"
    }
  },
  {
    "type": "Feature",
    "geometry": {
       "type": "Point",
       "coordinates":  [ 121.583154,25.07818 ]
    },
    "properties": {
    "name":"曌躍股份有限公司",
    "address":"文德路108號B1",
    "district_code":63000100,
    "type":"學校、大型集會場所",
    "subtype":"健身房",
    "AED_location":"櫃台入口處",
    "district":"內湖區"
    }
  },
  {
    "type": "Feature",
    "geometry": {
       "type": "Point",
       "coordinates":  [ 121.5324,25.048574 ]
    },
    "properties": {
    "name":"好時光松江樂園",
    "address":"長安東路二段49號2樓",
    "district_code":63000030,
    "type":"學校、大型集會場所",
    "subtype":"健身房",
    "AED_location":"健身用具的架子上",
    "district":"大安區"
    }
  },
  {
    "type": "Feature",
    "geometry": {
       "type": "Point",
       "coordinates":  [ 121.540351,25.052397 ]
    },
    "properties": {
    "name":"好時光南京樂園",
    "address":"龍江路96號4樓",
    "district_code":63000040,
    "type":"學校、大型集會場所",
    "subtype":"健身房",
    "AED_location":"辦公室牆上",
    "district":"中山區"
    }
  },
  {
    "type": "Feature",
    "geometry": {
       "type": "Point",
       "coordinates":  [ 121.567905,25.082385 ]
    },
    "properties": {
    "name":"好時光西湖樂園",
    "address":"內湖路一段321號2樓",
    "district_code":63000100,
    "type":"學校、大型集會場所",
    "subtype":"健身房",
    "AED_location":"辦公室內櫃子上",
    "district":"內湖區"
    }
  },
  {
    "type": "Feature",
    "geometry": {
       "type": "Point",
       "coordinates":  [ 121.522626,25.063935 ]
    },
    "properties": {
    "name":"好時光民權樂園",
    "address":"中山區中山北路三段1號",
    "district_code":63000050,
    "type":"學校、大型集會場所",
    "subtype":"健身房",
    "AED_location":"休息區椅子上",
    "district":"中正區"
    }
  },
  {
    "type": "Feature",
    "geometry": {
       "type": "Point",
       "coordinates":  [ 121.523208,25.048823 ]
    },
    "properties": {
    "name":"柯達大飯店 台北天津",
    "address":"中山北路一段53巷22號",
    "district_code":63000040,
    "type":"其他",
    "subtype":"其他場所",
    "AED_location":"一樓大廳旁",
    "district":"中山區"
    }
  },
  {
    "type": "Feature",
    "geometry": {
       "type": "Point",
       "coordinates":  [ 121.52698,25.144847 ]
    },
    "properties": {
    "name":"臺北市私立惇?高級工商職業學校",
    "address":"泉源路221號",
    "district_code":63000120,
    "type":"學校、大型集會場所",
    "subtype":"高中職",
    "AED_location":"學務處",
    "district":"北投區"
    }
  },
  {
    "type": "Feature",
    "geometry": {
       "type": "Point",
       "coordinates":  [ 121.593307,25.083084 ]
    },
    "properties": {
    "name":"達新壯股份有限公司(Hypercore超核心健身中心台北內湖成功館)",
    "address":"成功路4段168號地下二層",
    "district_code":63000100,
    "type":"學校、大型集會場所",
    "subtype":"健身房",
    "AED_location":"有氧器材區",
    "district":"內湖區"
    }
  },
  {
    "type": "Feature",
    "geometry": {
       "type": "Point",
       "coordinates":  [ 121.5022063,25.1370121 ]
    },
    "properties": {
    "name":"列特博運動健身機構",
    "address":"大業路700號 (列特博運動健身機構)",
    "district_code":63000120,
    "type":"學校、大型集會場所",
    "subtype":"健身房",
    "AED_location":"列特博運動健身機構休息區",
    "district":"北投區"
    }
  },
  {
    "type": "Feature",
    "geometry": {
       "type": "Point",
       "coordinates":  [ 121.561637,25.078001 ]
    },
    "properties": {
    "name":"臺北市中山區濱江國民小學",
    "address":"樂群二路266巷99號",
    "district_code":63000040,
    "type":"其他",
    "subtype":"其他場所",
    "AED_location":"泳池場館(觀看休息室)",
    "district":"中山區"
    }
  },
  {
    "type": "Feature",
    "geometry": {
       "type": "Point",
       "coordinates":  [ 121.536327,25.050301 ]
    },
    "properties": {
    "name":"PulseGym建國店",
    "address":"建國北路一段96號1樓",
    "district_code":63000040,
    "type":"學校、大型集會場所",
    "subtype":"健身房",
    "AED_location":"入門左側",
    "district":"中山區"
    }
  },
  {
    "type": "Feature",
    "geometry": {
       "type": "Point",
       "coordinates":  [ 121.519713,25.052635 ]
    },
    "properties": {
    "name":"嘉和智能科技股份有限公司 中山營業處（PULSE GYM)中山店",
    "address":"南京西路32號2樓",
    "district_code":63000060,
    "type":"學校、大型集會場所",
    "subtype":"健身房",
    "AED_location":"櫃台左側",
    "district":"大同區"
    }
  },
  {
    "type": "Feature",
    "geometry": {
       "type": "Point",
       "coordinates":  [ 121.528203,25.018151 ]
    },
    "properties": {
    "name":"傑瑞運動整合有限公司",
    "address":"汀州路三段61號",
    "district_code":63000040,
    "type":"學校、大型集會場所",
    "subtype":"健身房",
    "AED_location":"門口",
    "district":"中山區"
    }
  },
  {
    "type": "Feature",
    "geometry": {
       "type": "Point",
       "coordinates":  [ 121.5241,25.055819 ]
    },
    "properties": {
    "name":"初健身TRUE GYM",
    "address":"中山北路二段59巷28號",
    "district_code":63000040,
    "type":"其他",
    "subtype":"其他場所",
    "AED_location":"門口",
    "district":"中山區"
    }
  },
  {
    "type": "Feature",
    "geometry": {
       "type": "Point",
       "coordinates":  [ 121.549793,25.041702 ]
    },
    "properties": {
    "name":"YOGA EDITION",
    "address":"忠孝東路四段151號3樓",
    "district_code":63000030,
    "type":"學校、大型集會場所",
    "subtype":"健身房",
    "AED_location":"三樓櫃台",
    "district":"大安區"
    }
  },
  {
    "type": "Feature",
    "geometry": {
       "type": "Point",
       "coordinates":  [ 121.599957,25.056819 ]
    },
    "properties": {
    "name":"和怡商旅股份有限公司",
    "address":"重陽路122號",
    "district_code":63000090,
    "type":"旅宿場所",
    "subtype":"旅館",
    "AED_location":"B1健身房",
    "district":"南港區"
    }
  },
  {
    "type": "Feature",
    "geometry": {
       "type": "Point",
       "coordinates":  [ 121.616748,25.058113 ]
    },
    "properties": {
    "name":"全真概念健康事業股份有限公司-南港分公司",
    "address":"經貿二路188號B棟4樓",
    "district_code":63000090,
    "type":"大型購物場所",
    "subtype":"商場",
    "AED_location":"全真瑜珈南港館",
    "district":"南港區"
    }
  },
  {
    "type": "Feature",
    "geometry": {
       "type": "Point",
       "coordinates":  [ 121.544388,25.060561 ]
    },
    "properties": {
    "name":"臺灣集中保管結算所股份有限公司",
    "address":"復興北路363號2樓",
    "district_code":63000010,
    "type":"其他",
    "subtype":"其他場所",
    "AED_location":"台北市松山區復興北路365號8樓",
    "district":"松山區"
    }
  },
  {
    "type": "Feature",
    "geometry": {
       "type": "Point",
       "coordinates":  [ 121.543869,25.062783 ]
    },
    "properties": {
    "name":"英屬維京群島商李肇勳國際室內設計顧問股份有限公司台灣分公司",
    "address":"復興北路420號5樓",
    "district_code":63000040,
    "type":"其他",
    "subtype":"其他場所",
    "AED_location":"辦公室外面",
    "district":"中山區"
    }
  },
  {
    "type": "Feature",
    "geometry": {
       "type": "Point",
       "coordinates":  [ 121.56645,25.044072 ]
    },
    "properties": {
    "name":"加減健康管理顧問有限公司台北信義分公司",
    "address":"基隆路一段135號1樓",
    "district_code":63000020,
    "type":"其他",
    "subtype":"其他場所",
    "AED_location":"健身房內櫃檯旁",
    "district":"信義區"
    }
  },
  {
    "type": "Feature",
    "geometry": {
       "type": "Point",
       "coordinates":  [ 121.538413,25.036378 ]
    },
    "properties": {
    "name":"臺北市私立延平高級中學",
    "address":"建國南路1段275號",
    "district_code":63000030,
    "type":"學校、大型集會場所",
    "subtype":"高中職",
    "AED_location":"昭陽樓3樓",
    "district":"大安區"
    }
  },
  {
    "type": "Feature",
    "geometry": {
       "type": "Point",
       "coordinates":  [ 121.55412,25.041122 ]
    },
    "properties": {
    "name":"PFC肌力與體能訓練",
    "address":"忠孝東路四段250號2樓之4",
    "district_code":63000030,
    "type":"學校、大型集會場所",
    "subtype":"健身房",
    "AED_location":"PFC肌力與體能訓練",
    "district":"大安區"
    }
  },
  {
    "type": "Feature",
    "geometry": {
       "type": "Point",
       "coordinates":  [ 121.577277,25.082189 ]
    },
    "properties": {
    "name":"三健客體能顧問工作室",
    "address":"港華街18號1樓",
    "district_code":63000100,
    "type":"學校、大型集會場所",
    "subtype":"健身房",
    "AED_location":"休息室外",
    "district":"內湖區"
    }
  },
  {
    "type": "Feature",
    "geometry": {
       "type": "Point",
       "coordinates":  [ 121.553906,25.038108 ]
    },
    "properties": {
    "name":"超越健身工坊",
    "address":"仁愛路四段341號2樓",
    "district_code":63000030,
    "type":"學校、大型集會場所",
    "subtype":"健身房",
    "AED_location":"超越健身工坊",
    "district":"大安區"
    }
  },
  {
    "type": "Feature",
    "geometry": {
       "type": "Point",
       "coordinates":  [ 121.5340927,25.02595039 ]
    },
    "properties": {
    "name":"運動皮質區體適能訓練所",
    "address":"和平東路一段274之1號4樓",
    "district_code":63000030,
    "type":"學校、大型集會場所",
    "subtype":"健身房",
    "AED_location":"門口",
    "district":"大安區"
    }
  },
  {
    "type": "Feature",
    "geometry": {
       "type": "Point",
       "coordinates":  [ 121.5572099,25.0525144 ]
    },
    "properties": {
    "name":"Blitz",
    "address":"光復北路129號地下",
    "district_code":63000010,
    "type":"大型休閒場所",
    "subtype":"運動場館(如小巨蛋)",
    "AED_location":"一下樓梯右手邊",
    "district":"松山區"
    }
  },
  {
    "type": "Feature",
    "geometry": {
       "type": "Point",
       "coordinates":  [ 121.499229,25.141857 ]
    },
    "properties": {
    "name":"香港商世界健身事業有限公司北投中和分公司",
    "address":"中和街366-1號",
    "district_code":63000120,
    "type":"學校、大型集會場所",
    "subtype":"健身房",
    "AED_location":"健身房1樓",
    "district":"北投區"
    }
  },
  {
    "type": "Feature",
    "geometry": {
       "type": "Point",
       "coordinates":  [ 121.553165,25.041953 ]
    },
    "properties": {
    "name":"AT力場，絕對領域健康股份有限公司",
    "address":"忠孝東路四段223巷10弄2號2樓",
    "district_code":63000030,
    "type":"學校、大型集會場所",
    "subtype":"健身房",
    "AED_location":"入口處",
    "district":"大安區"
    }
  },
  {
    "type": "Feature",
    "geometry": {
       "type": "Point",
       "coordinates":  [ 121.515472,25.052949 ]
    },
    "properties": {
    "name":"臺北市大同區公所建功里里民活動場所",
    "address":"重慶北路一段83巷37號",
    "district_code":63000060,
    "type":"其他",
    "subtype":"其他場所",
    "AED_location":"重慶北路一段83巷37號",
    "district":"大同區"
    }
  },
  {
    "type": "Feature",
    "geometry": {
       "type": "Point",
       "coordinates":  [ 121.546262,25.040895 ]
    },
    "properties": {
    "name":"Goal Fitness 走！健身",
    "address":"大安路一段85號2樓",
    "district_code":63000030,
    "type":"其他",
    "subtype":"其他場所",
    "AED_location":"台北市大安區大安路一段85號2樓",
    "district":"大安區"
    }
  },
  {
    "type": "Feature",
    "geometry": {
       "type": "Point",
       "coordinates":  [ 121.548598,25.052339 ]
    },
    "properties": {
    "name":"仙妮蕾德餐旅管理有限公司 茹曦酒店",
    "address":"敦化北路100號",
    "district_code":63000010,
    "type":"旅宿場所",
    "subtype":"飯店",
    "AED_location":"1樓大廳",
    "district":"松山區"
    }
  },
  {
    "type": "Feature",
    "geometry": {
       "type": "Point",
       "coordinates":  [ 121.604518,25.052558 ]
    },
    "properties": {
    "name":"潤泰旭展股份有限公司(CITYLINK南港店)",
    "address":"台北市南港區忠孝東路七段299號",
    "district_code":63000090,
    "type":"大型購物場所",
    "subtype":"商場",
    "AED_location":"C棟5樓洗手間入口處",
    "district":"南港區"
    }
  },
  {
    "type": "Feature",
    "geometry": {
       "type": "Point",
       "coordinates":  [ 121.622085,25.038552 ]
    },
    "properties": {
    "name":"BIG BOSS SPORTS CENTER大老闆運動中心",
    "address":"舊莊街一段196號2樓",
    "district_code":63000090,
    "type":"其他",
    "subtype":"其他場所",
    "AED_location":"櫃台休息區",
    "district":"南港區"
    }
  },
  {
    "type": "Feature",
    "geometry": {
       "type": "Point",
       "coordinates":  [ 121.504248,25.040537 ]
    },
    "properties": {
    "name":"CV玩家體適能訓練室(貴子體適能工作室)",
    "address":"昆明街222號2F",
    "district_code":63000070,
    "type":"學校、大型集會場所",
    "subtype":"健身房",
    "AED_location":"入口前方",
    "district":"萬華區"
    }
  },
  {
    "type": "Feature",
    "geometry": {
       "type": "Point",
       "coordinates":  [ 121.543635,25.047122 ]
    },
    "properties": {
    "name":"麥威肌力體能股份有限公司(MYWAY Fitness)",
    "address":"復興南路一段2號B1",
    "district_code":63000040,
    "type":"學校、大型集會場所",
    "subtype":"健身房",
    "AED_location":"大門前柱",
    "district":"中山區"
    }
  },
  {
    "type": "Feature",
    "geometry": {
       "type": "Point",
       "coordinates":  [ 121.5253362,25.09258425 ]
    },
    "properties": {
    "name":"群康彼拉提斯(大東)",
    "address":"大東路162號2樓",
    "district_code":63000110,
    "type":"學校、大型集會場所",
    "subtype":"健身房",
    "AED_location":"行政櫃台旁",
    "district":"士林區"
    }
  },
  {
    "type": "Feature",
    "geometry": {
       "type": "Point",
       "coordinates":  [ 121.471433,25.119378 ]
    },
    "properties": {
    "name":"關渡自然公園",
    "address":"關渡路55號",
    "district_code":63000120,
    "type":"觀光旅遊地區",
    "subtype":"地方政府主管風景區",
    "AED_location":"票亭",
    "district":"北投區"
    }
  },
  {
    "type": "Feature",
    "geometry": {
       "type": "Point",
       "coordinates":  [ 121.5220569,25.0323216 ]
    },
    "properties": {
    "name":"台北市立中正國中游泳池",
    "address":"愛國東路158號-游泳池",
    "district_code":63000050,
    "type":"學校、大型集會場所",
    "subtype":"國中",
    "AED_location":"藍鯨游泳學校(中正國中校區)",
    "district":"中正區"
    }
  },
  {
    "type": "Feature",
    "geometry": {
       "type": "Point",
       "coordinates":  [ 121.590844,25.06964 ]
    },
    "properties": {
    "name":"良想貴工作室",
    "address":"成功路二段309號1樓",
    "district_code":63000100,
    "type":"其他",
    "subtype":"其他場所",
    "AED_location":"Charles Fitness",
    "district":"內湖區"
    }
  },
  {
    "type": "Feature",
    "geometry": {
       "type": "Point",
       "coordinates":  [ 121.5428451,25.0455188 ]
    },
    "properties": {
    "name":"萬泰物流供應鏈股份有限公司",
    "address":"八德路二段308號5樓",
    "district_code":63000040,
    "type":"其他",
    "subtype":"其他場所",
    "AED_location":"G樓大廳",
    "district":"中山區"
    }
  },
  {
    "type": "Feature",
    "geometry": {
       "type": "Point",
       "coordinates":  [ 121.523687,25.042334 ]
    },
    "properties": {
    "name":"臺北市立成功高級中學",
    "address":"濟南路一段71號",
    "district_code":63000050,
    "type":"學校、大型集會場所",
    "subtype":"高中職",
    "AED_location":"學務處前走廊",
    "district":"中正區"
    }
  },
  {
    "type": "Feature",
    "geometry": {
       "type": "Point",
       "coordinates":  [ 121.491611,25.027829 ]
    },
    "properties": {
    "name":"加勒比健康事業股份有限公司(日本伊藤萬台北艋舺校)",
    "address":"西園路二段320巷55弄3號B1",
    "district_code":63000070,
    "type":"其他",
    "subtype":"其他場所",
    "AED_location":"休息區",
    "district":"萬華區"
    }
  },
  {
    "type": "Feature",
    "geometry": {
       "type": "Point",
       "coordinates":  [ 121.576463,25.071724 ]
    },
    "properties": {
    "name":"遊戲橘子數位科技股份有限公司",
    "address":"瑞湖街111號",
    "district_code":63000100,
    "type":"其他",
    "subtype":"其他場所",
    "AED_location":"1樓大廳右側匝門口",
    "district":"內湖區"
    }
  },
  {
    "type": "Feature",
    "geometry": {
       "type": "Point",
       "coordinates":  [ 121.615153,25.052024 ]
    },
    "properties": {
    "name":"Jessica’s fitness",
    "address":"中南街140-5號1樓",
    "district_code":63000090,
    "type":"其他",
    "subtype":"其他場所",
    "AED_location":"台北市南港區中南街140-5號1樓",
    "district":"南港區"
    }
  },
  {
    "type": "Feature",
    "geometry": {
       "type": "Point",
       "coordinates":  [ 121.550473,25.03932 ]
    },
    "properties": {
    "name":"優競健身事業股份有限公司",
    "address":"安和路一段27號B1",
    "district_code":63000030,
    "type":"學校、大型集會場所",
    "subtype":"健身房",
    "AED_location":"安和路一段27號B2",
    "district":"大安區"
    }
  },
  {
    "type": "Feature",
    "geometry": {
       "type": "Point",
       "coordinates":  [ 121.550473,25.03932 ]
    },
    "properties": {
    "name":"優競健身事業股份有限公司",
    "address":"安和路一段27號B1",
    "district_code":63000030,
    "type":"學校、大型集會場所",
    "subtype":"健身房",
    "AED_location":"VIP室",
    "district":"大安區"
    }
  },
  {
    "type": "Feature",
    "geometry": {
       "type": "Point",
       "coordinates":  [ 121.533128,25.078381 ]
    },
    "properties": {
    "name":"國民革命忠烈祠",
    "address":"北安路139號",
    "district_code":63000040,
    "type":"觀光旅遊地區",
    "subtype":"文化園區",
    "AED_location":"安管桌後",
    "district":"中山區"
    }
  },
  {
    "type": "Feature",
    "geometry": {
       "type": "Point",
       "coordinates":  [ 121.543927,25.035513 ]
    },
    "properties": {
    "name":"群安健康事業有限公司",
    "address":"長春路368號2樓之1",
    "district_code":63000040,
    "type":"學校、大型集會場所",
    "subtype":"健身房",
    "AED_location":"台北市中山區長春路368號2樓之1",
    "district":"中山區"
    }
  },
  {
    "type": "Feature",
    "geometry": {
       "type": "Point",
       "coordinates":  [ 121.524349,25.05737 ]
    },
    "properties": {
    "name":"菲特邦健康管理",
    "address":"中山北路二段77巷14號3樓",
    "district_code":63000040,
    "type":"學校、大型集會場所",
    "subtype":"健身房",
    "AED_location":"運動教室內",
    "district":"中山區"
    }
  },
  {
    "type": "Feature",
    "geometry": {
       "type": "Point",
       "coordinates":  [ 121.4906,25.029251 ]
    },
    "properties": {
    "name":"臺北市市場處所屬公有環南市場改建工程主體工程",
    "address":"環河南路二段245號",
    "district_code":63000070,
    "type":"其他",
    "subtype":"其他場所",
    "AED_location":"1號門出入口",
    "district":"萬華區"
    }
  },
  {
    "type": "Feature",
    "geometry": {
       "type": "Point",
       "coordinates":  [ 121.5615707,25.04216558 ]
    },
    "properties": {
    "name":"星宇航空股份有限公司",
    "address":"忠孝東路四段525號11樓",
    "district_code":63000020,
    "type":"長距離交通工具",
    "subtype":"航空器",
    "AED_location":"星宇客機B-58301",
    "district":"信義區"
    }
  },
  {
    "type": "Feature",
    "geometry": {
       "type": "Point",
       "coordinates":  [ 121.507974,25.138039 ]
    },
    "properties": {
    "name":"臺北市立新民國民中學",
    "address":"新民路10號",
    "district_code":63000120,
    "type":"其他",
    "subtype":"其他場所",
    "AED_location":"健康中心門口",
    "district":"北投區"
    }
  },
  {
    "type": "Feature",
    "geometry": {
       "type": "Point",
       "coordinates":  [ 121.527053,25.054791 ]
    },
    "properties": {
    "name":"香港商世界健身事業有限公司台北長春分公司",
    "address":"長春路90號1樓",
    "district_code":63000040,
    "type":"學校、大型集會場所",
    "subtype":"健身房",
    "AED_location":"一樓大廳處",
    "district":"中山區"
    }
  },
  {
    "type": "Feature",
    "geometry": {
       "type": "Point",
       "coordinates":  [ 121.523074,25.061986 ]
    },
    "properties": {
    "name":"柯達大飯店股份有限公司中山分公司",
    "address":"中山北路二段139號",
    "district_code":63000040,
    "type":"旅宿場所",
    "subtype":"旅館",
    "AED_location":"接待大廳自動門左側",
    "district":"中山區"
    }
  },
  {
    "type": "Feature",
    "geometry": {
       "type": "Point",
       "coordinates":  [ 121.523346,25.052813 ]
    },
    "properties": {
    "name":"柯達大飯店台北一店",
    "address":"中山北路二段11巷1號",
    "district_code":63000040,
    "type":"其他",
    "subtype":"其他場所",
    "AED_location":"一樓商務中心內",
    "district":"中山區"
    }
  },
  {
    "type": "Feature",
    "geometry": {
       "type": "Point",
       "coordinates":  [ 121.533459,25.05933 ]
    },
    "properties": {
    "name":"柯達大飯店股份有限公司松江分公司",
    "address":"松江路251號",
    "district_code":63000040,
    "type":"旅宿場所",
    "subtype":"旅館",
    "AED_location":"一樓電梯口左側",
    "district":"中山區"
    }
  },
  {
    "type": "Feature",
    "geometry": {
       "type": "Point",
       "coordinates":  [ 121.522318,25.044786 ]
    },
    "properties": {
    "name":"台北寒舍喜來登大飯店",
    "address":"忠孝東路1段12號",
    "district_code":63000050,
    "type":"旅宿場所",
    "subtype":"飯店",
    "AED_location":"B2宴會廳吸菸室旁",
    "district":"中正區"
    }
  },
  {
    "type": "Feature",
    "geometry": {
       "type": "Point",
       "coordinates":  [ 121.5512333,25.0838246 ]
    },
    "properties": {
    "name":"OPTiMAX動作重塑與肌力訓練",
    "address":"明水路678號",
    "district_code":63000040,
    "type":"學校、大型集會場所",
    "subtype":"健身房",
    "AED_location":"一樓場館大廳",
    "district":"中山區"
    }
  },
  {
    "type": "Feature",
    "geometry": {
       "type": "Point",
       "coordinates":  [ 121.558182,25.03288 ]
    },
    "properties": {
    "name":"狂潮健身事業有限公司",
    "address":"信義路四段456號B1",
    "district_code":63000020,
    "type":"學校、大型集會場所",
    "subtype":"健身房",
    "AED_location":"櫃台",
    "district":"信義區"
    }
  },
  {
    "type": "Feature",
    "geometry": {
       "type": "Point",
       "coordinates":  [ 121.536437,25.055047 ]
    },
    "properties": {
    "name":"Curves可爾姿 建國長春店",
    "address":"建國北路二段74號3F",
    "district_code":63000040,
    "type":"學校、大型集會場所",
    "subtype":"健身房",
    "AED_location":"Curves可爾姿 建國長春店",
    "district":"中山區"
    }
  },
  {
    "type": "Feature",
    "geometry": {
       "type": "Point",
       "coordinates":  [ 121.558744,25.018705 ]
    },
    "properties": {
    "name":"跨越體適能有限公司",
    "address":"和平東路三段333號地下",
    "district_code":63000020,
    "type":"學校、大型集會場所",
    "subtype":"健身房",
    "AED_location":"場所大廳",
    "district":"信義區"
    }
  },
  {
    "type": "Feature",
    "geometry": {
       "type": "Point",
       "coordinates":  [ 121.5750805,25.0774077 ]
    },
    "properties": {
    "name":"宏匯瑞光廣場335號B棟",
    "address":"瑞光路335號",
    "district_code":63000100,
    "type":"其他",
    "subtype":"其他場所",
    "AED_location":"本棟一樓大廳",
    "district":"內湖區"
    }
  },
  {
    "type": "Feature",
    "geometry": {
       "type": "Point",
       "coordinates":  [ 121.517503,25.024734 ]
    },
    "properties": {
    "name":"尋動率",
    "address":"廈門街75-1號1樓",
    "district_code":63000050,
    "type":"學校、大型集會場所",
    "subtype":"健身房",
    "AED_location":"健身房門口",
    "district":"中正區"
    }
  },
  {
    "type": "Feature",
    "geometry": {
       "type": "Point",
       "coordinates":  [ 121.564992,24.987783 ]
    },
    "properties": {
    "name":"有道工作室",
    "address":"木柵路三段48巷1弄7號",
    "district_code":63000080,
    "type":"學校、大型集會場所",
    "subtype":"健身房",
    "AED_location":"鏡牆左側",
    "district":"文山區"
    }
  },
  {
    "type": "Feature",
    "geometry": {
       "type": "Point",
       "coordinates":  [ 121.564352,25.061145 ]
    },
    "properties": {
    "name":"Curves女性專用30分鐘健身中心民生圓環店",
    "address":"富錦街505號1樓",
    "district_code":63000010,
    "type":"學校、大型集會場所",
    "subtype":"健身房",
    "AED_location":"櫃台前",
    "district":"松山區"
    }
  },
  {
    "type": "Feature",
    "geometry": {
       "type": "Point",
       "coordinates":  [ 121.5272749,25.1048744 ]
    },
    "properties": {
    "name":"PQ FITNESS",
    "address":"忠誠路一段60號B1F",
    "district_code":63000110,
    "type":"其他",
    "subtype":"其他場所",
    "AED_location":"櫃檯前方",
    "district":"士林區"
    }
  },
  {
    "type": "Feature",
    "geometry": {
       "type": "Point",
       "coordinates":  [ 121.5289071,25.0392718 ]
    },
    "properties": {
    "name":"彰化商業銀行中正分行",
    "address":"金山南路一段47號1樓",
    "district_code":63000050,
    "type":"其他",
    "subtype":"其他場所",
    "AED_location":"一樓營業廳大門進入左側",
    "district":"中正區"
    }
  },
  {
    "type": "Feature",
    "geometry": {
       "type": "Point",
       "coordinates":  [ 121.5754394,25.0498402 ]
    },
    "properties": {
    "name":"台北健身院八德店",
    "address":"台北市松山區八德路四段656號",
    "district_code":63000010,
    "type":"其他",
    "subtype":"其他場所",
    "AED_location":"機械拉背的後方走道",
    "district":"松山區"
    }
  },
  {
    "type": "Feature",
    "geometry": {
       "type": "Point",
       "coordinates":  [ 121.507988,25.085495 ]
    },
    "properties": {
    "name":"臺北市士林區社子國民小學",
    "address":"延平北路六段308號",
    "district_code":63000110,
    "type":"其他",
    "subtype":"其他場所",
    "AED_location":"民生樓 游泳池",
    "district":"士林區"
    }
  },
  {
    "type": "Feature",
    "geometry": {
       "type": "Point",
       "coordinates":  [ 121.549076,25.020012 ]
    },
    "properties": {
    "name":"臺北市大安區大安國民小學",
    "address":"臥龍街129號",
    "district_code":63000030,
    "type":"其他",
    "subtype":"其他場所",
    "AED_location":"學務處旁",
    "district":"大安區"
    }
  },
  {
    "type": "Feature",
    "geometry": {
       "type": "Point",
       "coordinates":  [ 121.549076,25.020012 ]
    },
    "properties": {
    "name":"臺北市大安區大安國民小學",
    "address":"臥龍街129號",
    "district_code":63000030,
    "type":"其他",
    "subtype":"其他場所",
    "AED_location":"游泳池2樓",
    "district":"大安區"
    }
  },
  {
    "type": "Feature",
    "geometry": {
       "type": "Point",
       "coordinates":  [ 121.524608,25.095049 ]
    },
    "properties": {
    "name":"臺北市溪山實驗國民小學",
    "address":"至善路3段199號",
    "district_code":63000110,
    "type":"其他",
    "subtype":"其他場所",
    "AED_location":"校園內健康中心門口",
    "district":"士林區"
    }
  },
  {
    "type": "Feature",
    "geometry": {
       "type": "Point",
       "coordinates":  [ 121.561162,24.980969 ]
    },
    "properties": {
    "name":"臺北市文山區力行國民小學",
    "address":"木新路三段155巷7號2樓",
    "district_code":63000080,
    "type":"其他",
    "subtype":"其他場所",
    "AED_location":"臺北市文山區力行國民小學",
    "district":"文山區"
    }
  },
  {
    "type": "Feature",
    "geometry": {
       "type": "Point",
       "coordinates":  [ 121.566478,25.036086 ]
    },
    "properties": {
    "name":"新光三越百貨股份有限公司台北信義分公司三館",
    "address":"松壽路9號",
    "district_code":63000020,
    "type":"大型購物場所",
    "subtype":"百貨業",
    "AED_location":"3樓醫務室",
    "district":"信義區"
    }
  },
  {
    "type": "Feature",
    "geometry": {
       "type": "Point",
       "coordinates":  [ 121.559553,25.083544 ]
    },
    "properties": {
    "name":"Hotel Indigo Taipei North 台北大直英迪格酒店",
    "address":"植福路200號",
    "district_code":63000040,
    "type":"旅宿場所",
    "subtype":"飯店",
    "AED_location":"飯店大廳櫃台辦公室",
    "district":"中山區"
    }
  },
  {
    "type": "Feature",
    "geometry": {
       "type": "Point",
       "coordinates":  [ 121.5270008,25.0901023 ]
    },
    "properties": {
    "name":"TeamLift運動空間士林館",
    "address":"文林路205號3樓",
    "district_code":63000110,
    "type":"學校、大型集會場所",
    "subtype":"健身房",
    "AED_location":"場館內",
    "district":"士林區"
    }
  },
  {
    "type": "Feature",
    "geometry": {
       "type": "Point",
       "coordinates":  [ 121.5744301,25.07702458 ]
    },
    "properties": {
    "name":"宏匯瑞光廣場333號A棟",
    "address":"瑞光路333號",
    "district_code":63000100,
    "type":"其他",
    "subtype":"其他場所",
    "AED_location":"本棟一樓大廳",
    "district":"內湖區"
    }
  },
  {
    "type": "Feature",
    "geometry": {
       "type": "Point",
       "coordinates":  [ 121.519244,25.037355 ]
    },
    "properties": {
    "name":"國家表演藝術中心國家兩廳院(國家戲劇院)",
    "address":"中山南路21-1號",
    "district_code":63000050,
    "type":"大型休閒場所",
    "subtype":"電影片映演場所(戲院、電影院)",
    "AED_location":"實驗劇場",
    "district":"中正區"
    }
  },
  {
    "type": "Feature",
    "geometry": {
       "type": "Point",
       "coordinates":  [ 121.57125,24.992921 ]
    },
    "properties": {
    "name":"臺北市指南實驗國民小學",
    "address":"指南路三段38巷5-2號",
    "district_code":63000080,
    "type":"其他",
    "subtype":"其他場所",
    "AED_location":"活動中心大門旁",
    "district":"文山區"
    }
  },
  {
    "type": "Feature",
    "geometry": {
       "type": "Point",
       "coordinates":  [ 121.552817,25.119332 ]
    },
    "properties": {
    "name":"臺北巿士林區陽明山國民小學",
    "address":"仰德大道3段61號",
    "district_code":63000110,
    "type":"其他",
    "subtype":"其他場所",
    "AED_location":"活動中心一樓",
    "district":"士林區"
    }
  },
  {
    "type": "Feature",
    "geometry": {
       "type": "Point",
       "coordinates":  [ 121.501023,25.135958 ]
    },
    "properties": {
    "name":"臺北市私立薇閣國民小學",
    "address":"育仁路106號",
    "district_code":63000120,
    "type":"學校、大型集會場所",
    "subtype":"國小",
    "AED_location":"健康中心",
    "district":"北投區"
    }
  },
  {
    "type": "Feature",
    "geometry": {
       "type": "Point",
       "coordinates":  [ 121.563538,25.040171 ]
    },
    "properties": {
    "name":"遠雄房地產發展股份有限公司",
    "address":"基隆路一段200號",
    "district_code":63000020,
    "type":"其他",
    "subtype":"其他場所",
    "AED_location":"遠雄房地產發展股份有限公司",
    "district":"信義區"
    }
  },
  {
    "type": "Feature",
    "geometry": {
       "type": "Point",
       "coordinates":  [ 121.521411,25.089668 ]
    },
    "properties": {
    "name":"臺北市士林運動中心",
    "address":"士商路一號",
    "district_code":63000110,
    "type":"學校、大型集會場所",
    "subtype":"健身中心",
    "AED_location":"放置三樓游泳池場館,靠近服務櫃檯處",
    "district":"士林區"
    }
  },
  {
    "type": "Feature",
    "geometry": {
       "type": "Point",
       "coordinates":  [ 121.548864,25.14344075 ]
    },
    "properties": {
    "name":"雀客國際酒店股份有限公司雀客藏居台北陽明山",
    "address":"格致路237號",
    "district_code":63000110,
    "type":"大型公眾浴場或溫泉區",
    "subtype":"溫泉區",
    "AED_location":"111台北市士林區格致路237號 一樓櫃台",
    "district":"士林區"
    }
  },
  {
    "type": "Feature",
    "geometry": {
       "type": "Point",
       "coordinates":  [ 121.507113,25.043897 ]
    },
    "properties": {
    "name":"Uniqlo西門店",
    "address":"漢中街52號",
    "district_code":63000070,
    "type":"大型購物場所",
    "subtype":"商場",
    "AED_location":"大門口右側",
    "district":"萬華區"
    }
  },
  {
    "type": "Feature",
    "geometry": {
       "type": "Point",
       "coordinates":  [ 121.543516,25.041865 ]
    },
    "properties": {
    "name":"力平方有限公司",
    "address":"忠孝東路三段303號",
    "district_code":63000030,
    "type":"學校、大型集會場所",
    "subtype":"健身房",
    "AED_location":"忠孝東路三段303號",
    "district":"大安區"
    }
  },
  {
    "type": "Feature",
    "geometry": {
       "type": "Point",
       "coordinates":  [ 121.499863,25.03335 ]
    },
    "properties": {
    "name":"臺北市勞動力重建運用處",
    "address":"艋舺大道101號4樓、5樓",
    "district_code":63000070,
    "type":"其他",
    "subtype":"其他場所",
    "AED_location":"5樓",
    "district":"萬華區"
    }
  },
  {
    "type": "Feature",
    "geometry": {
       "type": "Point",
       "coordinates":  [ 121.581773,25.063758 ]
    },
    "properties": {
    "name":"久舜營造股份有限公司",
    "address":"新湖二路257號2F",
    "district_code":63000100,
    "type":"其他",
    "subtype":"其他場所",
    "AED_location":"大門右側",
    "district":"內湖區"
    }
  },
  {
    "type": "Feature",
    "geometry": {
       "type": "Point",
       "coordinates":  [ 121.539334,25.0094299 ]
    },
    "properties": {
    "name":"蟾蜍山｜煥民新村",
    "address":"羅斯福路四段119巷66弄12號",
    "district_code":63000030,
    "type":"觀光旅遊地區",
    "subtype":"文化園區",
    "AED_location":"蟾蜍山大客廳",
    "district":"大安區"
    }
  },
  {
    "type": "Feature",
    "geometry": {
       "type": "Point",
       "coordinates":  [ 121.5074276,25.0561283 ]
    },
    "properties": {
    "name":"大稻埕碼頭貨櫃市集",
    "address":"民生西路底(5號水門-大稻埕碼頭貨櫃市集)",
    "district_code":63000060,
    "type":"觀光旅遊地區",
    "subtype":"地方政府主管風景區",
    "AED_location":"服務台",
    "district":"大同區"
    }
  },
  {
    "type": "Feature",
    "geometry": {
       "type": "Point",
       "coordinates":  [ 121.5536711,25.04121218 ]
    },
    "properties": {
    "name":"her fitness她的專屬健身空間(忠孝店)",
    "address":"忠孝東路四段226號8樓",
    "district_code":63000030,
    "type":"其他",
    "subtype":"其他場所",
    "AED_location":"本場館入口處",
    "district":"大安區"
    }
  },
  {
    "type": "Feature",
    "geometry": {
       "type": "Point",
       "coordinates":  [ 121.535847,25.051839 ]
    },
    "properties": {
    "name":"奧斯卡建設股份有限公司",
    "address":"南京東路二段206號9樓之1",
    "district_code":63000040,
    "type":"其他",
    "subtype":"其他場所",
    "AED_location":"辦公室門口右側",
    "district":"中山區"
    }
  },
  {
    "type": "Feature",
    "geometry": {
       "type": "Point",
       "coordinates":  [ 121.537862,25.0621 ]
    },
    "properties": {
    "name":"香港商鈦澤集團有限公司-台灣分公司",
    "address":"民權東路三段2-1號2樓",
    "district_code":63000040,
    "type":"其他",
    "subtype":"其他場所",
    "AED_location":"進門靠左側1號櫃檯旁",
    "district":"中山區"
    }
  },
  {
    "type": "Feature",
    "geometry": {
       "type": "Point",
       "coordinates":  [ 121.52568,25.110115 ]
    },
    "properties": {
    "name":"Sweet*慢走體適能",
    "address":"中山北路六段284號",
    "district_code":63000110,
    "type":"學校、大型集會場所",
    "subtype":"健身房",
    "AED_location":"櫃檯前方",
    "district":"士林區"
    }
  },
  {
    "type": "Feature",
    "geometry": {
       "type": "Point",
       "coordinates":  [ 121.53928,25.029428 ]
    },
    "properties": {
    "name":"建南區民活動中心",
    "address":"信義路3段134巷82號2樓",
    "district_code":63000030,
    "type":"其他",
    "subtype":"其他場所",
    "AED_location":"活動中心內",
    "district":"大安區"
    }
  },
  {
    "type": "Feature",
    "geometry": {
       "type": "Point",
       "coordinates":  [ 121.498582,25.100116 ]
    },
    "properties": {
    "name":"臺北市政府環境保護局北投垃圾焚化廠",
    "address":"洲美街271號",
    "district_code":63000120,
    "type":"其他",
    "subtype":"其他場所",
    "AED_location":"值班宿舍1樓辦公室",
    "district":"北投區"
    }
  },
  {
    "type": "Feature",
    "geometry": {
       "type": "Point",
       "coordinates":  [ 121.573572,25.079305 ]
    },
    "properties": {
    "name":"冠競健康事業股份有限公司",
    "address":"洲子街55號1樓",
    "district_code":63000100,
    "type":"學校、大型集會場所",
    "subtype":"健身房",
    "AED_location":"台北市內湖區洲子街55號一樓",
    "district":"內湖區"
    }
  },
  {
    "type": "Feature",
    "geometry": {
       "type": "Point",
       "coordinates":  [ 121.529734,25.057855 ]
    },
    "properties": {
    "name":"天天健體能訓練",
    "address":"民生東路二段64號",
    "district_code":63000040,
    "type":"學校、大型集會場所",
    "subtype":"健身房",
    "AED_location":"櫃台門口",
    "district":"中山區"
    }
  },
  {
    "type": "Feature",
    "geometry": {
       "type": "Point",
       "coordinates":  [ 121.543226,25.03307 ]
    },
    "properties": {
    "name":"楷沐好好股份有限公司",
    "address":"信義路三段202號2樓",
    "district_code":63000030,
    "type":"學校、大型集會場所",
    "subtype":"健身房",
    "AED_location":"入口處右手邊",
    "district":"大安區"
    }
  },
  {
    "type": "Feature",
    "geometry": {
       "type": "Point",
       "coordinates":  [ 121.5639497,25.16564164 ]
    },
    "properties": {
    "name":"雞心崙觀景平台﹝冷水坑遊客中心﹞-(亞洲形上觀音山揹水隊捐贈)",
    "address":" ",
    "district_code":63000110,
    "type":"交通要衝",
    "subtype":"機場",
    "AED_location":"雞心崙觀景平台﹝冷水坑遊客中心﹞-(亞洲形上觀音山揹水隊捐贈)",
    "district":"士林區"
    }
  },
  {
    "type": "Feature",
    "geometry": {
       "type": "Point",
       "coordinates":  [ 121.528776,25.070256 ]
    },
    "properties": {
    "name":"新生公園游泳池",
    "address":"新生北路三段105號",
    "district_code":63000040,
    "type":"大型休閒場所",
    "subtype":"運動場館(如小巨蛋)",
    "AED_location":"本池櫃台",
    "district":"中山區"
    }
  },
  {
    "type": "Feature",
    "geometry": {
       "type": "Point",
       "coordinates":  [ 121.5809774,25.08284723 ]
    },
    "properties": {
    "name":"碧湖公園游泳池",
    "address":"內湖路二段103巷66號",
    "district_code":63000100,
    "type":"觀光旅遊地區",
    "subtype":"民營遊樂業",
    "AED_location":"本池櫃台",
    "district":"內湖區"
    }
  },
  {
    "type": "Feature",
    "geometry": {
       "type": "Point",
       "coordinates":  [ 121.503806,25.038275 ]
    },
    "properties": {
    "name":"財團法人台北市中華基督教青年會萬華會館",
    "address":"昆明街290號",
    "district_code":63000070,
    "type":"學校、大型集會場所",
    "subtype":"健身房",
    "AED_location":"1樓泳池櫃台",
    "district":"萬華區"
    }
  },
  {
    "type": "Feature",
    "geometry": {
       "type": "Point",
       "coordinates":  [ 121.551905,25.021089 ]
    },
    "properties": {
    "name":"嘉興區民活動中心",
    "address":"樂業街97號地下1樓",
    "district_code":63000030,
    "type":"其他",
    "subtype":"其他場所",
    "AED_location":"活動中心內",
    "district":"大安區"
    }
  },
  {
    "type": "Feature",
    "geometry": {
       "type": "Point",
       "coordinates":  [ 121.5650519,25.0496968 ]
    },
    "properties": {
    "name":"中國石油化學工業開發股份有限公司臺北營業所",
    "address":"東興路12號",
    "district_code":63000010,
    "type":"其他",
    "subtype":"其他場所",
    "AED_location":"本棟大樓11樓",
    "district":"松山區"
    }
  },
  {
    "type": "Feature",
    "geometry": {
       "type": "Point",
       "coordinates":  [ 121.518345,25.055749 ]
    },
    "properties": {
    "name":"Circus Corner",
    "address":"承德路二段67號1樓",
    "district_code":63000060,
    "type":"學校、大型集會場所",
    "subtype":"健身中心",
    "AED_location":"台北市大同區承德路二段67號1樓",
    "district":"大同區"
    }
  },
  {
    "type": "Feature",
    "geometry": {
       "type": "Point",
       "coordinates":  [ 121.5275888,25.1188588 ]
    },
    "properties": {
    "name":"群康健康事業股份有限公司",
    "address":"天母西路41巷2號B1",
    "district_code":63000110,
    "type":"學校、大型集會場所",
    "subtype":"健身房",
    "AED_location":"群康彼拉提斯",
    "district":"士林區"
    }
  },
  {
    "type": "Feature",
    "geometry": {
       "type": "Point",
       "coordinates":  [ 121.517081,25.047924 ]
    },
    "properties": {
    "name":"交通部臺灣鐵路管理局臺北運務段臺北站",
    "address":"北平西路3號1樓",
    "district_code":63000050,
    "type":"交通要衝",
    "subtype":"台鐵車站",
    "AED_location":"B1南迴廊",
    "district":"中正區"
    }
  },
  {
    "type": "Feature",
    "geometry": {
       "type": "Point",
       "coordinates":  [ 121.6039818,25.08283517 ]
    },
    "properties": {
    "name":"大湖公園游泳池",
    "address":"成功路五段31號",
    "district_code":63000100,
    "type":"大型公眾浴場或溫泉區",
    "subtype":"大型公眾浴場",
    "AED_location":"二樓健身房",
    "district":"內湖區"
    }
  },
  {
    "type": "Feature",
    "geometry": {
       "type": "Point",
       "coordinates":  [ 121.515506,25.045406 ]
    },
    "properties": {
    "name":"站前聖宜診所",
    "address":"許昌街42號7樓",
    "district_code":63000050,
    "type":"其他",
    "subtype":"其他場所",
    "AED_location":"站前聖宜診所",
    "district":"中正區"
    }
  },
  {
    "type": "Feature",
    "geometry": {
       "type": "Point",
       "coordinates":  [ 121.539878,25.044319 ]
    },
    "properties": {
    "name":"昌隆區民活動中心",
    "address":"市民大道3段206號4樓之1",
    "district_code":63000030,
    "type":"其他",
    "subtype":"其他場所",
    "AED_location":"活動中心內",
    "district":"大安區"
    }
  },
  {
    "type": "Feature",
    "geometry": {
       "type": "Point",
       "coordinates":  [ 121.555014,25.03613 ]
    },
    "properties": {
    "name":"光信區民活動中心",
    "address":"延吉街236巷17號2樓",
    "district_code":63000030,
    "type":"其他",
    "subtype":"其他場所",
    "AED_location":"活動中心內",
    "district":"大安區"
    }
  },
  {
    "type": "Feature",
    "geometry": {
       "type": "Point",
       "coordinates":  [ 121.541423,25.028037 ]
    },
    "properties": {
    "name":"瑞安區民活動中心",
    "address":"瑞安街71巷2號3樓",
    "district_code":63000030,
    "type":"其他",
    "subtype":"其他場所",
    "AED_location":"活動中心內",
    "district":"大安區"
    }
  },
  {
    "type": "Feature",
    "geometry": {
       "type": "Point",
       "coordinates":  [ 121.593775,25.072194 ]
    },
    "properties": {
    "name":"微風廣場實業股份有限公司三總分公司(微風三總商店街)",
    "address":"成功路二段325號B1",
    "district_code":63000100,
    "type":"大型購物場所",
    "subtype":"商場",
    "AED_location":"B1服務台",
    "district":"內湖區"
    }
  },
  {
    "type": "Feature",
    "geometry": {
       "type": "Point",
       "coordinates":  [ 121.529834,25.105257 ]
    },
    "properties": {
    "name":"臺北市士林區雨農國民小學",
    "address":"忠義街1號",
    "district_code":63000110,
    "type":"學校、大型集會場所",
    "subtype":"國小",
    "AED_location":"學校小穿堂",
    "district":"士林區"
    }
  },
  {
    "type": "Feature",
    "geometry": {
       "type": "Point",
       "coordinates":  [ 121.5327,25.022429 ]
    },
    "properties": {
    "name":"辛亥區民活動中心",
    "address":"辛亥路1段臨141號",
    "district_code":63000030,
    "type":"其他",
    "subtype":"其他場所",
    "AED_location":"活動中心內",
    "district":"大安區"
    }
  },
  {
    "type": "Feature",
    "geometry": {
       "type": "Point",
       "coordinates":  [ 121.5262341,25.0312712 ]
    },
    "properties": {
    "name":"中華郵政股份有限公司臺北郵件處理中心",
    "address":"金山南路二段86號",
    "district_code":63000030,
    "type":"其他",
    "subtype":"其他場所",
    "AED_location":"警衛室",
    "district":"大安區"
    }
  },
  {
    "type": "Feature",
    "geometry": {
       "type": "Point",
       "coordinates":  [ 121.461921,25.120927 ]
    },
    "properties": {
    "name":"大河之戀皇后號",
    "address":"關渡碼頭",
    "district_code":63000120,
    "type":"長距離交通工具",
    "subtype":"客船",
    "AED_location":"大河之戀皇后號",
    "district":"北投區"
    }
  },
  {
    "type": "Feature",
    "geometry": {
       "type": "Point",
       "coordinates":  [ 121.589994,25.081888 ]
    },
    "properties": {
    "name":"臺北市內湖區湖濱里區民活動中心",
    "address":"內湖路2段346號1樓",
    "district_code":63000100,
    "type":"其他",
    "subtype":"其他場所",
    "AED_location":"內湖路2段346號1樓",
    "district":"內湖區"
    }
  },
  {
    "type": "Feature",
    "geometry": {
       "type": "Point",
       "coordinates":  [ 121.584762,25.07707 ]
    },
    "properties": {
    "name":"臺北市內湖區紫陽里里民活動場所",
    "address":"文德路210巷30弄27號",
    "district_code":63000100,
    "type":"其他",
    "subtype":"其他場所",
    "AED_location":"文德路210巷30弄27號",
    "district":"內湖區"
    }
  },
  {
    "type": "Feature",
    "geometry": {
       "type": "Point",
       "coordinates":  [ 121.5639337,25.16564018 ]
    },
    "properties": {
    "name":"七星山主峰(冷水坑遊客服務站)-(亞洲形上觀音山揹水隊捐贈)",
    "address":" ",
    "district_code":63000110,
    "type":"其他",
    "subtype":"其他場所",
    "AED_location":"陽明山主峰(冷水坑遊客服務站)-(亞洲形上觀音山揹水隊捐贈)",
    "district":"士林區"
    }
  },
  {
    "type": "Feature",
    "geometry": {
       "type": "Point",
       "coordinates":  [ 121.564359,25.038211 ]
    },
    "properties": {
    "name":"臺北市政府市政大樓",
    "address":"臺北市市府路1號",
    "district_code":63000020,
    "type":"其他",
    "subtype":"其他場所",
    "AED_location":"西大門服務臺",
    "district":"信義區"
    }
  },
  {
    "type": "Feature",
    "geometry": {
       "type": "Point",
       "coordinates":  [ 121.525579,25.109536 ]
    },
    "properties": {
    "name":"境力健康事業有限公司",
    "address":"中山北路六段258號",
    "district_code":63000110,
    "type":"學校、大型集會場所",
    "subtype":"健身房",
    "AED_location":"境FITNESS",
    "district":"士林區"
    }
  },
  {
    "type": "Feature",
    "geometry": {
       "type": "Point",
       "coordinates":  [ 121.548324,25.021106 ]
    },
    "properties": {
    "name":"柯達大飯店台北敦南",
    "address":"敦化南路二段238號",
    "district_code":63000030,
    "type":"旅宿場所",
    "subtype":"旅館",
    "AED_location":"一樓接待大廳",
    "district":"大安區"
    }
  },
  {
    "type": "Feature",
    "geometry": {
       "type": "Point",
       "coordinates":  [ 121.514891,25.031284 ]
    },
    "properties": {
    "name":"永豐餘營運管理顧問股份有限公司(臺北市)",
    "address":"重慶南路二段51號1F",
    "district_code":63000050,
    "type":"其他",
    "subtype":"其他場所",
    "AED_location":"1樓大廳",
    "district":"中正區"
    }
  },
  {
    "type": "Feature",
    "geometry": {
       "type": "Point",
       "coordinates":  [ 121.5343789,25.0418375 ]
    },
    "properties": {
    "name":"和苑三井花園飯店 台北忠孝",
    "address":"忠孝東路三段30號",
    "district_code":63000030,
    "type":"旅宿場所",
    "subtype":"飯店",
    "AED_location":"本樓1樓大廳",
    "district":"大安區"
    }
  },
  {
    "type": "Feature",
    "geometry": {
       "type": "Point",
       "coordinates":  [ 121.554541,24.988241 ]
    },
    "properties": {
    "name":"臺北市文山區永建國民小學",
    "address":"木柵路1段311巷1號",
    "district_code":63000080,
    "type":"學校、大型集會場所",
    "subtype":"國小",
    "AED_location":"總務處旁走廊牆上",
    "district":"文山區"
    }
  },
  {
    "type": "Feature",
    "geometry": {
       "type": "Point",
       "coordinates":  [ 121.523837,25.068251 ]
    },
    "properties": {
    "name":"海克利斯運動器材有限公司",
    "address":"民族東路10號4樓",
    "district_code":63000040,
    "type":"其他",
    "subtype":"其他場所",
    "AED_location":"4樓入口大廳",
    "district":"中山區"
    }
  },
  {
    "type": "Feature",
    "geometry": {
       "type": "Point",
       "coordinates":  [ 121.501112,25.133906 ]
    },
    "properties": {
    "name":"北投青磺名湯(沉逸齋有限公司)",
    "address":"中央北路1段12號1樓",
    "district_code":63000120,
    "type":"大型公眾浴場或溫泉區",
    "subtype":"溫泉區",
    "AED_location":"北投青磺名湯一樓大廳",
    "district":"北投區"
    }
  },
  {
    "type": "Feature",
    "geometry": {
       "type": "Point",
       "coordinates":  [ 121.570091,25.081281 ]
    },
    "properties": {
    "name":"南陽實業股份有限公司台北分公司 內湖服務廠",
    "address":"內湖路1段332號",
    "district_code":63000100,
    "type":"大型購物場所",
    "subtype":"商場",
    "AED_location":"休息區旁邊",
    "district":"內湖區"
    }
  },
  {
    "type": "Feature",
    "geometry": {
       "type": "Point",
       "coordinates":  [ 121.509732,25.111542 ]
    },
    "properties": {
    "name":"南陽實業 現代汽車北投廠",
    "address":"承德路七段95號",
    "district_code":63000120,
    "type":"大型購物場所",
    "subtype":"商場",
    "AED_location":"休息區旁邊",
    "district":"北投區"
    }
  },
  {
    "type": "Feature",
    "geometry": {
       "type": "Point",
       "coordinates":  [ 121.534645,25.044526 ]
    },
    "properties": {
    "name":"忠初我有限公司",
    "address":"光復北路30號2樓",
    "district_code":63000010,
    "type":"大型休閒場所",
    "subtype":"運動場館(如小巨蛋)",
    "AED_location":"啞鈴放置區",
    "district":"松山區"
    }
  },
  {
    "type": "Feature",
    "geometry": {
       "type": "Point",
       "coordinates":  [ 121.5361858,25.05223435 ]
    },
    "properties": {
    "name":"合作金庫人壽保險股份有限公司",
    "address":"南京東路二段85.87號5樓",
    "district_code":63000040,
    "type":"其他",
    "subtype":"其他場所",
    "AED_location":"台北市中山區南京東路二段85.87號5樓",
    "district":"中山區"
    }
  },
  {
    "type": "Feature",
    "geometry": {
       "type": "Point",
       "coordinates":  [ 121.567269,25.036218 ]
    },
    "properties": {
    "name":"新光三越百貨股份有限公司台北信義分公司",
    "address":"松壽路11號",
    "district_code":63000020,
    "type":"大型購物場所",
    "subtype":"百貨業",
    "AED_location":"6F醫務室",
    "district":"信義區"
    }
  },
  {
    "type": "Feature",
    "geometry": {
       "type": "Point",
       "coordinates":  [ 121.554033,24.9995279 ]
    },
    "properties": {
    "name":"Power Bank運動教室",
    "address":"辛亥路五段35號1樓",
    "district_code":63000080,
    "type":"學校、大型集會場所",
    "subtype":"健身房",
    "AED_location":"場館進出口左側",
    "district":"文山區"
    }
  },
  {
    "type": "Feature",
    "geometry": {
       "type": "Point",
       "coordinates":  [ 121.536367,25.073294 ]
    },
    "properties": {
    "name":"臺北市中山區大佳國民小學",
    "address":"濱江街107號",
    "district_code":63000040,
    "type":"其他",
    "subtype":"其他場所",
    "AED_location":"穿堂",
    "district":"中山區"
    }
  },
  {
    "type": "Feature",
    "geometry": {
       "type": "Point",
       "coordinates":  [ 121.507484,25.138994 ]
    },
    "properties": {
    "name":"財團法人台北市文化基金會北投中心新村",
    "address":"新民路22巷9號",
    "district_code":63000120,
    "type":"其他",
    "subtype":"其他場所",
    "AED_location":"展區入口服務台前",
    "district":"北投區"
    }
  },
  {
    "type": "Feature",
    "geometry": {
       "type": "Point",
       "coordinates":  [ 121.565225,25.086706 ]
    },
    "properties": {
    "name":"德明財經科技大學(綜合大樓)",
    "address":"環山路1段56號",
    "district_code":63000100,
    "type":"學校、大型集會場所",
    "subtype":"大專院校",
    "AED_location":"四合院服務樓2樓川堂走道處",
    "district":"內湖區"
    }
  },
  {
    "type": "Feature",
    "geometry": {
       "type": "Point",
       "coordinates":  [ 121.5156511,25.0467151 ]
    },
    "properties": {
    "name":"天成大飯店",
    "address":"忠孝西路一段四十三號",
    "district_code":63000050,
    "type":"旅宿場所",
    "subtype":"旅館",
    "AED_location":"17樓健身房",
    "district":"中正區"
    }
  },
  {
    "type": "Feature",
    "geometry": {
       "type": "Point",
       "coordinates":  [ 121.545474,25.048797 ]
    },
    "properties": {
    "name":"合作金庫商業銀行",
    "address":"台北市松山區長安東路2段225號",
    "district_code":63000010,
    "type":"其他",
    "subtype":"其他場所",
    "AED_location":"合作金庫商業銀行總行大樓A棟1樓",
    "district":"松山區"
    }
  },
  {
    "type": "Feature",
    "geometry": {
       "type": "Point",
       "coordinates":  [ 121.602424,25.057802 ]
    },
    "properties": {
    "name":"統一速達股份有限公司",
    "address":"重陽路200號5樓",
    "district_code":63000090,
    "type":"其他",
    "subtype":"其他場所",
    "AED_location":"台北市南港區重陽路200號5樓電梯口",
    "district":"南港區"
    }
  },
  {
    "type": "Feature",
    "geometry": {
       "type": "Point",
       "coordinates":  [ 121.514495,25.0467 ]
    },
    "properties": {
    "name":"國家攝影文化中心",
    "address":"忠孝西路一段70號",
    "district_code":63000050,
    "type":"大型休閒場所",
    "subtype":"美術館",
    "AED_location":"忠孝西路側出入口走廊",
    "district":"中正區"
    }
  },
  {
    "type": "Feature",
    "geometry": {
       "type": "Point",
       "coordinates":  [ 121.5615707,25.04216558 ]
    },
    "properties": {
    "name":"星宇航空股份有限公司",
    "address":"忠孝東路四段525號11樓",
    "district_code":63000020,
    "type":"長距離交通工具",
    "subtype":"航空器",
    "AED_location":"星宇客機B-58205",
    "district":"信義區"
    }
  },
  {
    "type": "Feature",
    "geometry": {
       "type": "Point",
       "coordinates":  [ 121.515185,25.043675 ]
    },
    "properties": {
    "name":"合作金庫資產管理股份有限公司",
    "address":"館前路77號3樓",
    "district_code":63000050,
    "type":"其他",
    "subtype":"其他場所",
    "AED_location":"合作金庫資產管理股份有限公司辦公室內",
    "district":"中正區"
    }
  },
  {
    "type": "Feature",
    "geometry": {
       "type": "Point",
       "coordinates":  [ 121.589978,25.079545 ]
    },
    "properties": {
    "name":"上竣運動有限公司",
    "address":"成功路三段141號3樓",
    "district_code":63000100,
    "type":"學校、大型集會場所",
    "subtype":"健身房",
    "AED_location":"壁掛露臺",
    "district":"內湖區"
    }
  },
  {
    "type": "Feature",
    "geometry": {
       "type": "Point",
       "coordinates":  [ 121.541329,25.052302 ]
    },
    "properties": {
    "name":"JR東日本大飯店 台北",
    "address":"南京東路三段133號",
    "district_code":63000040,
    "type":"交通要衝",
    "subtype":"捷運站",
    "AED_location":"13F",
    "district":"中山區"
    }
  },
  {
    "type": "Feature",
    "geometry": {
       "type": "Point",
       "coordinates":  [ 121.541329,25.052302 ]
    },
    "properties": {
    "name":"JR東日本大飯店 台北",
    "address":"南京東路三段133號",
    "district_code":63000040,
    "type":"交通要衝",
    "subtype":"捷運站",
    "AED_location":"9F",
    "district":"中山區"
    }
  },
  {
    "type": "Feature",
    "geometry": {
       "type": "Point",
       "coordinates":  [ 121.541329,25.052302 ]
    },
    "properties": {
    "name":"JR東日本大飯店 台北",
    "address":"南京東路三段133號",
    "district_code":63000040,
    "type":"交通要衝",
    "subtype":"捷運站",
    "AED_location":"1F",
    "district":"中山區"
    }
  },
  {
    "type": "Feature",
    "geometry": {
       "type": "Point",
       "coordinates":  [ 121.541329,25.052302 ]
    },
    "properties": {
    "name":"JR東日本大飯店 台北",
    "address":"南京東路三段133號",
    "district_code":63000040,
    "type":"交通要衝",
    "subtype":"捷運站",
    "AED_location":"B1",
    "district":"中山區"
    }
  },
  {
    "type": "Feature",
    "geometry": {
       "type": "Point",
       "coordinates":  [ 121.522525,25.056511 ]
    },
    "properties": {
    "name":"心安實業(X-Fitstudio體適能健體空間)",
    "address":"中山北路二段56號3樓",
    "district_code":63000040,
    "type":"其他",
    "subtype":"其他場所",
    "AED_location":"台北市中山區中山北路二段56號三樓",
    "district":"中山區"
    }
  },
  {
    "type": "Feature",
    "geometry": {
       "type": "Point",
       "coordinates":  [ 121.533163,25.04874 ]
    },
    "properties": {
    "name":"柯達大飯店股份有限公司長安分公司",
    "address":"松江路61-1號",
    "district_code":63000040,
    "type":"其他",
    "subtype":"其他場所",
    "AED_location":"一樓接待大廳",
    "district":"中山區"
    }
  },
  {
    "type": "Feature",
    "geometry": {
       "type": "Point",
       "coordinates":  [ 121.560603,25.05128 ]
    },
    "properties": {
    "name":"RNA",
    "address":"南京東路五段62號2樓",
    "district_code":63000010,
    "type":"學校、大型集會場所",
    "subtype":"健身房",
    "AED_location":"RNA重訓教室",
    "district":"松山區"
    }
  },
  {
    "type": "Feature",
    "geometry": {
       "type": "Point",
       "coordinates":  [ 121.557989,25.047991 ]
    },
    "properties": {
    "name":"JUNGLE CENTER",
    "address":"台北市松山區光復南路1號B1",
    "district_code":63000010,
    "type":"其他",
    "subtype":"其他場所",
    "AED_location":"台北市松山區光復南路1號B1",
    "district":"松山區"
    }
  },
  {
    "type": "Feature",
    "geometry": {
       "type": "Point",
       "coordinates":  [ 121.5755459,25.07786514 ]
    },
    "properties": {
    "name":"宏匯瑞光廣場337號C棟",
    "address":"瑞光路337號",
    "district_code":63000100,
    "type":"其他",
    "subtype":"其他場所",
    "AED_location":"本棟一樓大廳",
    "district":"內湖區"
    }
  },
  {
    "type": "Feature",
    "geometry": {
       "type": "Point",
       "coordinates":  [ 121.561351,25.044561 ]
    },
    "properties": {
    "name":"誠品股份有限公司–誠品電影院",
    "address":"菸廠路88號",
    "district_code":63000020,
    "type":"大型休閒場所",
    "subtype":"電影片映演場所(戲院、電影院)",
    "AED_location":"B2F誠品電影院",
    "district":"信義區"
    }
  },
  {
    "type": "Feature",
    "geometry": {
       "type": "Point",
       "coordinates":  [ 121.567273,25.038983 ]
    },
    "properties": {
    "name":"微風置地股份有限公司松高分公司",
    "address":"松高路16號",
    "district_code":63000020,
    "type":"大型購物場所",
    "subtype":"百貨業",
    "AED_location":"3F女廁前面",
    "district":"信義區"
    }
  },
  {
    "type": "Feature",
    "geometry": {
       "type": "Point",
       "coordinates":  [ 121.562612,25.003439 ]
    },
    "properties": {
    "name":"萬美社區管理委員會",
    "address":"萬美街2段2巷1號",
    "district_code":63000080,
    "type":"其他",
    "subtype":"其他場所",
    "AED_location":"1號1樓樓梯間",
    "district":"文山區"
    }
  },
  {
    "type": "Feature",
    "geometry": {
       "type": "Point",
       "coordinates":  [ 121.59861,25.052319 ]
    },
    "properties": {
    "name":"臺北流行音樂中心",
    "address":"市民大道八段99號",
    "district_code":63000090,
    "type":"大型休閒場所",
    "subtype":"演藝廳",
    "AED_location":"哺集乳室（市民大道側）",
    "district":"南港區"
    }
  },
  {
    "type": "Feature",
    "geometry": {
       "type": "Point",
       "coordinates":  [ 121.53565,25.04246 ]
    },
    "properties": {
    "name":"國立臺北科技大學",
    "address":"忠孝東路3 段1號",
    "district_code":63000030,
    "type":"學校、大型集會場所",
    "subtype":"大專院校",
    "AED_location":"第3教學大樓",
    "district":"大安區"
    }
  },
  {
    "type": "Feature",
    "geometry": {
       "type": "Point",
       "coordinates":  [ 121.53565,25.04246 ]
    },
    "properties": {
    "name":"國立臺北科技大學",
    "address":"忠孝東路3 段1號",
    "district_code":63000030,
    "type":"學校、大型集會場所",
    "subtype":"大專院校",
    "AED_location":"學生宿舍二舍",
    "district":"大安區"
    }
  },
  {
    "type": "Feature",
    "geometry": {
       "type": "Point",
       "coordinates":  [ 121.534463,25.016323 ]
    },
    "properties": {
    "name":"國立臺灣大學(校總區)",
    "address":"羅斯福路4段1號",
    "district_code":63000030,
    "type":"學校、大型集會場所",
    "subtype":"大專院校",
    "AED_location":"新體育館",
    "district":"大安區"
    }
  },
  {
    "type": "Feature",
    "geometry": {
       "type": "Point",
       "coordinates":  [ 121.557636,25.06304 ]
    },
    "properties": {
    "name":"台灣虎航股份有限公司",
    "address":"敦化北路405巷123弄3號",
    "district_code":63000010,
    "type":"長距離交通工具",
    "subtype":"航空器",
    "AED_location":"B-50022航機, 第13排 DEF行李艙",
    "district":"松山區"
    }
  },
  {
    "type": "Feature",
    "geometry": {
       "type": "Point",
       "coordinates":  [ 121.53565,25.04246 ]
    },
    "properties": {
    "name":"國立臺北科技大學",
    "address":"忠孝東路3 段1號",
    "district_code":63000030,
    "type":"學校、大型集會場所",
    "subtype":"大專院校",
    "AED_location":"土木館",
    "district":"大安區"
    }
  },
  {
    "type": "Feature",
    "geometry": {
       "type": "Point",
       "coordinates":  [ 121.59861,25.052319 ]
    },
    "properties": {
    "name":"臺北流行音樂中心",
    "address":"市民大道八段99號",
    "district_code":63000090,
    "type":"大型休閒場所",
    "subtype":"演藝廳",
    "AED_location":"文化館4樓",
    "district":"南港區"
    }
  },
  {
    "type": "Feature",
    "geometry": {
       "type": "Point",
       "coordinates":  [ 121.59861,25.052319 ]
    },
    "properties": {
    "name":"臺北流行音樂中心",
    "address":"市民大道八段99號",
    "district_code":63000090,
    "type":"大型休閒場所",
    "subtype":"演藝廳",
    "AED_location":"產業區1樓梯廳（忠孝東路側）",
    "district":"南港區"
    }
  },
  {
    "type": "Feature",
    "geometry": {
       "type": "Point",
       "coordinates":  [ 121.53565,25.04246 ]
    },
    "properties": {
    "name":"國立臺北科技大學",
    "address":"忠孝東路3 段1號",
    "district_code":63000030,
    "type":"學校、大型集會場所",
    "subtype":"大專院校",
    "AED_location":"設計館",
    "district":"大安區"
    }
  },
  {
    "type": "Feature",
    "geometry": {
       "type": "Point",
       "coordinates":  [ 121.59861,25.052319 ]
    },
    "properties": {
    "name":"臺北流行音樂中心",
    "address":"市民大道八段99號",
    "district_code":63000090,
    "type":"大型休閒場所",
    "subtype":"演藝廳",
    "AED_location":"產業區1樓梯廳（市民大道側）",
    "district":"南港區"
    }
  },
  {
    "type": "Feature",
    "geometry": {
       "type": "Point",
       "coordinates":  [ 121.534463,25.016323 ]
    },
    "properties": {
    "name":"國立臺灣大學(校總區)",
    "address":"羅斯福路4段1號",
    "district_code":63000030,
    "type":"學校、大型集會場所",
    "subtype":"大專院校",
    "AED_location":"第2活動中心",
    "district":"大安區"
    }
  },
  {
    "type": "Feature",
    "geometry": {
       "type": "Point",
       "coordinates":  [ 121.53565,25.04246 ]
    },
    "properties": {
    "name":"國立臺北科技大學",
    "address":"忠孝東路3 段1號",
    "district_code":63000030,
    "type":"學校、大型集會場所",
    "subtype":"大專院校",
    "AED_location":"綜合科館",
    "district":"大安區"
    }
  },
  {
    "type": "Feature",
    "geometry": {
       "type": "Point",
       "coordinates":  [ 121.534463,25.016323 ]
    },
    "properties": {
    "name":"國立臺灣大學(校總區)",
    "address":"羅斯福路4段1號",
    "district_code":63000030,
    "type":"學校、大型集會場所",
    "subtype":"大專院校",
    "AED_location":"天文數學館",
    "district":"大安區"
    }
  },
  {
    "type": "Feature",
    "geometry": {
       "type": "Point",
       "coordinates":  [ 121.534463,25.016323 ]
    },
    "properties": {
    "name":"國立臺灣大學(校總區)",
    "address":"羅斯福路4段1號",
    "district_code":63000030,
    "type":"學校、大型集會場所",
    "subtype":"大專院校",
    "AED_location":"辛亥路警衛室內",
    "district":"大安區"
    }
  },
  {
    "type": "Feature",
    "geometry": {
       "type": "Point",
       "coordinates":  [ 121.534463,25.016323 ]
    },
    "properties": {
    "name":"國立臺灣大學(校總區)",
    "address":"羅斯福路4段1號",
    "district_code":63000030,
    "type":"學校、大型集會場所",
    "subtype":"大專院校",
    "AED_location":"羅斯福路崗亭",
    "district":"大安區"
    }
  },
  {
    "type": "Feature",
    "geometry": {
       "type": "Point",
       "coordinates":  [ 121.534463,25.016323 ]
    },
    "properties": {
    "name":"國立臺灣大學(校總區)",
    "address":"羅斯福路4段1號",
    "district_code":63000030,
    "type":"學校、大型集會場所",
    "subtype":"大專院校",
    "AED_location":"電機2館",
    "district":"大安區"
    }
  },
  {
    "type": "Feature",
    "geometry": {
       "type": "Point",
       "coordinates":  [ 121.520655,25.040772 ]
    },
    "properties": {
    "name":"國立臺灣大學(醫學校區)",
    "address":"仁愛路1段1號",
    "district_code":63000050,
    "type":"學校、大型集會場所",
    "subtype":"大專院校",
    "AED_location":"公衛學院",
    "district":"中正區"
    }
  },
  {
    "type": "Feature",
    "geometry": {
       "type": "Point",
       "coordinates":  [ 121.534463,25.016323 ]
    },
    "properties": {
    "name":"國立臺灣大學(校總區)",
    "address":"羅斯福路4段1號",
    "district_code":63000030,
    "type":"學校、大型集會場所",
    "subtype":"大專院校",
    "AED_location":"禮賢樓",
    "district":"大安區"
    }
  },
  {
    "type": "Feature",
    "geometry": {
       "type": "Point",
       "coordinates":  [ 121.5423653,25.05279586 ]
    },
    "properties": {
    "name":"健身工廠長春廠",
    "address":"遼寧街177號B2、B3、B3-2",
    "district_code":63000040,
    "type":"學校、大型集會場所",
    "subtype":"健身房",
    "AED_location":"B2櫃檯右方直行",
    "district":"中山區"
    }
  },
  {
    "type": "Feature",
    "geometry": {
       "type": "Point",
       "coordinates":  [ 121.506907,25.022041 ]
    },
    "properties": {
    "name":"青年公園游泳池",
    "address":"水源路199號",
    "district_code":63000070,
    "type":"其他",
    "subtype":"其他場所",
    "AED_location":"游泳池一樓大廳",
    "district":"萬華區"
    }
  },
  {
    "type": "Feature",
    "geometry": {
       "type": "Point",
       "coordinates":  [ 121.565225,25.086706 ]
    },
    "properties": {
    "name":"德明財經科技大學(綜合大樓)",
    "address":"環山路1段56號",
    "district_code":63000100,
    "type":"學校、大型集會場所",
    "subtype":"大專院校",
    "AED_location":"研究推廣大樓1F警衛室門口",
    "district":"內湖區"
    }
  },
  {
    "type": "Feature",
    "geometry": {
       "type": "Point",
       "coordinates":  [ 121.565225,25.086706 ]
    },
    "properties": {
    "name":"德明財經科技大學(綜合大樓)",
    "address":"環山路1段56號",
    "district_code":63000100,
    "type":"學校、大型集會場所",
    "subtype":"大專院校",
    "AED_location":"研究推廣大樓7F電梯出口左側",
    "district":"內湖區"
    }
  },
  {
    "type": "Feature",
    "geometry": {
       "type": "Point",
       "coordinates":  [ 121.565225,25.086706 ]
    },
    "properties": {
    "name":"德明財經科技大學(綜合大樓)",
    "address":"環山路1段56號",
    "district_code":63000100,
    "type":"學校、大型集會場所",
    "subtype":"大專院校",
    "AED_location":"中正樓1F大門口內左側",
    "district":"內湖區"
    }
  },
  {
    "type": "Feature",
    "geometry": {
       "type": "Point",
       "coordinates":  [ 121.565225,25.086706 ]
    },
    "properties": {
    "name":"德明財經科技大學(綜合大樓)",
    "address":"環山路1段56號",
    "district_code":63000100,
    "type":"學校、大型集會場所",
    "subtype":"大專院校",
    "AED_location":"又新樓4F財務經融系辦門口外",
    "district":"內湖區"
    }
  },
  {
    "type": "Feature",
    "geometry": {
       "type": "Point",
       "coordinates":  [ 121.5627241,24.9882386 ]
    },
    "properties": {
    "name":"臺北市政府社會局委託財團法人伊甸社會福利基金會經營管理臺北市興隆照顧中心",
    "address":"興隆路4段105巷45號2樓",
    "district_code":63000080,
    "type":"其他",
    "subtype":"其他場所",
    "AED_location":"興隆照顧中心大門入口處",
    "district":"文山區"
    }
  },
  {
    "type": "Feature",
    "geometry": {
       "type": "Point",
       "coordinates":  [ 121.5627241,24.9882386 ]
    },
    "properties": {
    "name":"臺北市政府社會局委託財團法人伊甸社會福利基金會經營管理臺北市興隆照顧中心",
    "address":"興隆路4段105巷45號2樓",
    "district_code":63000080,
    "type":"其他",
    "subtype":"其他場所",
    "AED_location":"興隆照顧中心內護理站旁",
    "district":"文山區"
    }
  },
  {
    "type": "Feature",
    "geometry": {
       "type": "Point",
       "coordinates":  [ 121.530555,25.115072 ]
    },
    "properties": {
    "name":"Bounce8",
    "address":"天母東路8巷80號",
    "district_code":63000110,
    "type":"其他",
    "subtype":"其他場所",
    "AED_location":"教室門口邊",
    "district":"士林區"
    }
  },
  {
    "type": "Feature",
    "geometry": {
       "type": "Point",
       "coordinates":  [ 121.5662608,24.9662587 ]
    },
    "properties": {
    "name":"慈音山莊休閒農場",
    "address":"老泉街26巷11號",
    "district_code":63000080,
    "type":"觀光旅遊地區",
    "subtype":"農場",
    "AED_location":"農場景觀餐廳門口",
    "district":"文山區"
    }
  },
  {
    "type": "Feature",
    "geometry": {
       "type": "Point",
       "coordinates":  [ 121.5678778,24.9711096 ]
    },
    "properties": {
    "name":"馥森梧桐墅（老泉休閒農場）",
    "address":"老泉街26巷27號",
    "district_code":63000080,
    "type":"觀光旅遊地區",
    "subtype":"農場",
    "AED_location":"馥森梧桐墅餐廳（老泉休閒農場）",
    "district":"文山區"
    }
  },
  {
    "type": "Feature",
    "geometry": {
       "type": "Point",
       "coordinates":  [ 121.5438761,25.03691763 ]
    },
    "properties": {
    "name":"好時光健身房大安樂園",
    "address":"復興南路一段249號4樓",
    "district_code":63000030,
    "type":"其他",
    "subtype":"其他場所",
    "AED_location":"休息區旁的鞋盒櫃上",
    "district":"大安區"
    }
  },
  {
    "type": "Feature",
    "geometry": {
       "type": "Point",
       "coordinates":  [ 121.5252606,25.1076519 ]
    },
    "properties": {
    "name":"coffit健身咖",
    "address":"中山北路六段184號",
    "district_code":63000110,
    "type":"學校、大型集會場所",
    "subtype":"健身房",
    "AED_location":"進門左手邊器材後方牆面",
    "district":"士林區"
    }
  },
  {
    "type": "Feature",
    "geometry": {
       "type": "Point",
       "coordinates":  [ 121.541208,24.991344 ]
    },
    "properties": {
    "name":"Curves女性專用30分鐘健身中心景美店",
    "address":"景文街46-1號3樓",
    "district_code":63000080,
    "type":"學校、大型集會場所",
    "subtype":"健身房",
    "AED_location":"店內儲藏室旁",
    "district":"文山區"
    }
  },
  {
    "type": "Feature",
    "geometry": {
       "type": "Point",
       "coordinates":  [ 121.5376446,25.0621023 ]
    },
    "properties": {
    "name":"美商泰優股份有限公司台灣分公司",
    "address":"民權東路三段2號5樓",
    "district_code":63000040,
    "type":"其他",
    "subtype":"其他場所",
    "AED_location":"公司大廳",
    "district":"中山區"
    }
  },
  {
    "type": "Feature",
    "geometry": {
       "type": "Point",
       "coordinates":  [ 121.5843356,25.06365669 ]
    },
    "properties": {
    "name":"萬海航運股份有限公司(內湖辦公室)",
    "address":"新湖一路361號",
    "district_code":63000100,
    "type":"其他",
    "subtype":"其他場所",
    "AED_location":"新湖一路361號4F",
    "district":"內湖區"
    }
  },
  {
    "type": "Feature",
    "geometry": {
       "type": "Point",
       "coordinates":  [ 121.5545238,25.05054908 ]
    },
    "properties": {
    "name":"育達高級中等學校-雙語國小/國中/高中部",
    "address":"寧安街52號",
    "district_code":63000010,
    "type":"學校、大型集會場所",
    "subtype":"國中",
    "AED_location":"思源大樓",
    "district":"松山區"
    }
  },
  {
    "type": "Feature",
    "geometry": {
       "type": "Point",
       "coordinates":  [ 121.5617427,24.9887036 ]
    },
    "properties": {
    "name":"臺北市政府社會局委託財團法人伊甸社會福利基金會經營管理臺北市興隆團體家庭",
    "address":"木柵路2段138巷33號3樓",
    "district_code":63000080,
    "type":"其他",
    "subtype":"其他場所",
    "AED_location":"機構辦公室",
    "district":"文山區"
    }
  },
  {
    "type": "Feature",
    "geometry": {
       "type": "Point",
       "coordinates":  [ 121.5447579,25.0626001 ]
    },
    "properties": {
    "name":"擊客基地",
    "address":"復興北路369號B1",
    "district_code":63000010,
    "type":"其他",
    "subtype":"其他場所",
    "AED_location":"入口處",
    "district":"松山區"
    }
  },
  {
    "type": "Feature",
    "geometry": {
       "type": "Point",
       "coordinates":  [ 121.50629,25.037743 ]
    },
    "properties": {
    "name":"家福股份有限公司台北桂林分公司(家樂福桂林店)",
    "address":"桂林路1號",
    "district_code":63000070,
    "type":"大型購物場所",
    "subtype":"賣場",
    "AED_location":"三樓扶梯口",
    "district":"萬華區"
    }
  },
  {
    "type": "Feature",
    "geometry": {
       "type": "Point",
       "coordinates":  [ 121.512982,25.043012 ]
    },
    "properties": {
    "name":"虎鐵健身工作室",
    "address":"重慶南路一段88號2樓",
    "district_code":63000050,
    "type":"大型休閒場所",
    "subtype":"運動場館(如小巨蛋)",
    "AED_location":"辦公室內",
    "district":"中正區"
    }
  },
  {
    "type": "Feature",
    "geometry": {
       "type": "Point",
       "coordinates":  [ 121.557636,25.06304 ]
    },
    "properties": {
    "name":"華信航空股份有限公司",
    "address":"台北市松山區敦化北路405巷123弄3號",
    "district_code":63000010,
    "type":"長距離交通工具",
    "subtype":"航空器",
    "AED_location":"B-16863飛機",
    "district":"松山區"
    }
  },
  {
    "type": "Feature",
    "geometry": {
       "type": "Point",
       "coordinates":  [ 121.604383,25.061926 ]
    },
    "properties": {
    "name":"臺北市政府環境保護局內湖垃圾焚化廠(葫蘆洲運動公園)",
    "address":"安康路228巷20號",
    "district_code":63000100,
    "type":"學校、大型集會場所",
    "subtype":"健身中心",
    "AED_location":"游泳池",
    "district":"內湖區"
    }
  },
  {
    "type": "Feature",
    "geometry": {
       "type": "Point",
       "coordinates":  [ 121.5310963,25.0523188 ]
    },
    "properties": {
    "name":"元大人壽元泰廣場",
    "address":"南京東路二段77號",
    "district_code":63000040,
    "type":"其他",
    "subtype":"其他場所",
    "AED_location":"台北市南京東路二段77號",
    "district":"中山區"
    }
  },
  {
    "type": "Feature",
    "geometry": {
       "type": "Point",
       "coordinates":  [ 121.543062,24.993264 ]
    },
    "properties": {
    "name":"臺北市立景美國民中學",
    "address":"景中街27號",
    "district_code":63000080,
    "type":"學校、大型集會場所",
    "subtype":"國中",
    "AED_location":"景美國中",
    "district":"文山區"
    }
  },
  {
    "type": "Feature",
    "geometry": {
       "type": "Point",
       "coordinates":  [ 121.537862,25.0621 ]
    },
    "properties": {
    "name":"香港商鈦澤集團有限公司-台灣分公司",
    "address":"民權東路三段2-1號2樓",
    "district_code":63000040,
    "type":"其他",
    "subtype":"其他場所",
    "AED_location":"進門右手邊走到底課表公布欄旁",
    "district":"中山區"
    }
  },
  {
    "type": "Feature",
    "geometry": {
       "type": "Point",
       "coordinates":  [ 121.53409,25.057692 ]
    },
    "properties": {
    "name":"長榮海運股份有限公司(臺北市)",
    "address":"民生東路二段166號",
    "district_code":63000040,
    "type":"其他",
    "subtype":"其他場所",
    "AED_location":"一樓大廳",
    "district":"中山區"
    }
  },
  {
    "type": "Feature",
    "geometry": {
       "type": "Point",
       "coordinates":  [ 121.524397,25.105726 ]
    },
    "properties": {
    "name":"中鼎工程公司",
    "address":"中山北路六段89號",
    "district_code":63000110,
    "type":"其他",
    "subtype":"其他場所",
    "AED_location":"1F大廳服務台旁",
    "district":"士林區"
    }
  },
  {
    "type": "Feature",
    "geometry": {
       "type": "Point",
       "coordinates":  [ 121.5547619,24.9834247 ]
    },
    "properties": {
    "name":"臺北市立實踐國民中學",
    "address":"辛亥路7段67號",
    "district_code":63000080,
    "type":"學校、大型集會場所",
    "subtype":"國中",
    "AED_location":"實踐國中實踐樓2樓川堂",
    "district":"文山區"
    }
  },
  {
    "type": "Feature",
    "geometry": {
       "type": "Point",
       "coordinates":  [ 121.5547619,24.9834247 ]
    },
    "properties": {
    "name":"臺北市立實踐國民中學",
    "address":"辛亥路7段67號",
    "district_code":63000080,
    "type":"學校、大型集會場所",
    "subtype":"國中",
    "AED_location":"活動中心2樓通廊",
    "district":"文山區"
    }
  },
  {
    "type": "Feature",
    "geometry": {
       "type": "Point",
       "coordinates":  [ 121.517081,25.047924 ]
    },
    "properties": {
    "name":"交通部臺灣鐵路管理局臺北運務段臺北站",
    "address":"北平西路3號1樓",
    "district_code":63000050,
    "type":"交通要衝",
    "subtype":"台鐵車站",
    "AED_location":"B1剪票口",
    "district":"中正區"
    }
  },
  {
    "type": "Feature",
    "geometry": {
       "type": "Point",
       "coordinates":  [ 121.5342129,25.052255 ]
    },
    "properties": {
    "name":"More Fit 松江店",
    "address":"南京東路二段125號B1",
    "district_code":63000040,
    "type":"學校、大型集會場所",
    "subtype":"健身房",
    "AED_location":"門口左手邊",
    "district":"中山區"
    }
  },
  {
    "type": "Feature",
    "geometry": {
       "type": "Point",
       "coordinates":  [ 121.579242,25.041791 ]
    },
    "properties": {
    "name":"Switch ON 妳的運動空間",
    "address":"忠孝東路五段625號",
    "district_code":63000020,
    "type":"學校、大型集會場所",
    "subtype":"健身房",
    "AED_location":"受信總機上",
    "district":"信義區"
    }
  },
  {
    "type": "Feature",
    "geometry": {
       "type": "Point",
       "coordinates":  [ 121.5557131,25.05817763 ]
    },
    "properties": {
    "name":"Joysport樂適能運動",
    "address":"民生東路五段206-6至8號一樓",
    "district_code":63000010,
    "type":"其他",
    "subtype":"其他場所",
    "AED_location":"門口",
    "district":"松山區"
    }
  },
  {
    "type": "Feature",
    "geometry": {
       "type": "Point",
       "coordinates":  [ 121.504508,25.117058 ]
    },
    "properties": {
    "name":"台北市中華基督教青年會唭哩岸會館",
    "address":"承德路七段312號",
    "district_code":63000120,
    "type":"學校、大型集會場所",
    "subtype":"健身房",
    "AED_location":"1樓櫃台旁",
    "district":"北投區"
    }
  },
  {
    "type": "Feature",
    "geometry": {
       "type": "Point",
       "coordinates":  [ 121.5392718,25.0448961 ]
    },
    "properties": {
    "name":"WEEEFITNESS",
    "address":"市民大道三段143號2F",
    "district_code":63000040,
    "type":"學校、大型集會場所",
    "subtype":"健身房",
    "AED_location":"櫃檯",
    "district":"中山區"
    }
  },
  {
    "type": "Feature",
    "geometry": {
       "type": "Point",
       "coordinates":  [ 121.5372562,25.0527114 ]
    },
    "properties": {
    "name":"漢普頓酒店",
    "address":"建國北路二段7號",
    "district_code":63000040,
    "type":"旅宿場所",
    "subtype":"旅館",
    "AED_location":"飯店大廳",
    "district":"中山區"
    }
  },
  {
    "type": "Feature",
    "geometry": {
       "type": "Point",
       "coordinates":  [ 121.5647943,25.0512257 ]
    },
    "properties": {
    "name":"超人運動事業有限公司",
    "address":"南京東路五段202號2樓",
    "district_code":63000010,
    "type":"其他",
    "subtype":"其他場所",
    "AED_location":"教室櫃台",
    "district":"松山區"
    }
  },
  {
    "type": "Feature",
    "geometry": {
       "type": "Point",
       "coordinates":  [ 121.552014,25.041232 ]
    },
    "properties": {
    "name":"明曜百貨股份有限公司",
    "address":"忠孝東路4段200號1樓",
    "district_code":63000030,
    "type":"大型購物場所",
    "subtype":"百貨業",
    "AED_location":"明曜百貨大門口",
    "district":"大安區"
    }
  },
  {
    "type": "Feature",
    "geometry": {
       "type": "Point",
       "coordinates":  [ 121.5670808,24.9848065 ]
    },
    "properties": {
    "name":"財團法人基督教臺北市私立伯大尼兒少家園",
    "address":"保儀路129號",
    "district_code":63000080,
    "type":"其他",
    "subtype":"其他場所",
    "AED_location":"本園大廳",
    "district":"文山區"
    }
  },
  {
    "type": "Feature",
    "geometry": {
       "type": "Point",
       "coordinates":  [ 121.559476,25.051244 ]
    },
    "properties": {
    "name":"喜都(男仕)三溫暖",
    "address":"南京東路五段38號B1",
    "district_code":63000010,
    "type":"",
    "subtype":"",
    "AED_location":"B區影片室門口",
    "district":"松山區"
    }
  },
  {
    "type": "Feature",
    "geometry": {
       "type": "Point",
       "coordinates":  [ 121.517081,25.047924 ]
    },
    "properties": {
    "name":"交通部臺灣鐵路管理局臺北運務段臺北站",
    "address":"北平西路3號1樓",
    "district_code":63000050,
    "type":"交通要衝",
    "subtype":"台鐵車站",
    "AED_location":"B1東出口",
    "district":"中正區"
    }
  },
  {
    "type": "Feature",
    "geometry": {
       "type": "Point",
       "coordinates":  [ 121.5744262,25.0588277 ]
    },
    "properties": {
    "name":"和泰興業股份有限公司",
    "address":"新湖一路36巷18號1樓",
    "district_code":63000100,
    "type":"其他",
    "subtype":"其他場所",
    "AED_location":"1樓大廳",
    "district":"內湖區"
    }
  },
  {
    "type": "Feature",
    "geometry": {
       "type": "Point",
       "coordinates":  [ 121.5489498,25.0801763 ]
    },
    "properties": {
    "name":"香港商世界健身事業有限公司大直北安分公司",
    "address":"北安路554巷19號B1",
    "district_code":63000040,
    "type":"學校、大型集會場所",
    "subtype":"健身房",
    "AED_location":"台北市中山區北安路554巷19號B1",
    "district":"中山區"
    }
  },
  {
    "type": "Feature",
    "geometry": {
       "type": "Point",
       "coordinates":  [ 121.5615707,25.04216558 ]
    },
    "properties": {
    "name":"星宇航空股份有限公司",
    "address":"忠孝東路四段525號11樓",
    "district_code":63000020,
    "type":"長距離交通工具",
    "subtype":"航空器",
    "AED_location":"星宇客機B-58201",
    "district":"信義區"
    }
  },
  {
    "type": "Feature",
    "geometry": {
       "type": "Point",
       "coordinates":  [ 121.537253,25.115897 ]
    },
    "properties": {
    "name":"臺北市立大學天母校區",
    "address":"忠誠路二段101號",
    "district_code":63000110,
    "type":"學校、大型集會場所",
    "subtype":"大專院校",
    "AED_location":"體育館一樓保全櫃台旁",
    "district":"士林區"
    }
  },
  {
    "type": "Feature",
    "geometry": {
       "type": "Point",
       "coordinates":  [ 121.577824,25.114503 ]
    },
    "properties": {
    "name":"內雙溪自然中心",
    "address":"至善路三段150巷27號",
    "district_code":63000110,
    "type":"其他",
    "subtype":"其他場所",
    "AED_location":"辦公室旁",
    "district":"士林區"
    }
  },
  {
    "type": "Feature",
    "geometry": {
       "type": "Point",
       "coordinates":  [ 121.5943158,24.96910948 ]
    },
    "properties": {
    "name":"臺北市鐵觀音包種茶研發推廣中心",
    "address":"指南路三段40巷8-2號",
    "district_code":63000080,
    "type":"其他",
    "subtype":"其他場所",
    "AED_location":"大廳",
    "district":"文山區"
    }
  },
  {
    "type": "Feature",
    "geometry": {
       "type": "Point",
       "coordinates":  [ 121.4934427,25.14857336 ]
    },
    "properties": {
    "name":"貴子坑露營場",
    "address":"秀山路161號",
    "district_code":63000120,
    "type":"其他",
    "subtype":"其他場所",
    "AED_location":"露營區入口處",
    "district":"北投區"
    }
  },
  {
    "type": "Feature",
    "geometry": {
       "type": "Point",
       "coordinates":  [ 121.52845,25.080496 ]
    },
    "properties": {
    "name":"圓山風景區藍鵲地景區",
    "address":"中山北路4段1號",
    "district_code":63000040,
    "type":"其他",
    "subtype":"其他場所",
    "AED_location":"藍鵲地景區",
    "district":"中山區"
    }
  },
  {
    "type": "Feature",
    "geometry": {
       "type": "Point",
       "coordinates":  [ 121.548003,24.992613 ]
    },
    "properties": {
    "name":"仙跡岩風景區仙岩廟",
    "address":"景興路243巷",
    "district_code":63000080,
    "type":"觀光旅遊地區",
    "subtype":"地方政府主管風景區",
    "AED_location":"仙岩廟",
    "district":"文山區"
    }
  },
  {
    "type": "Feature",
    "geometry": {
       "type": "Point",
       "coordinates":  [ 121.5554774,25.1002116 ]
    },
    "properties": {
    "name":"九蓮寺",
    "address":"劍南路203巷6號",
    "district_code":63000110,
    "type":"其他",
    "subtype":"其他場所",
    "AED_location":"正殿",
    "district":"士林區"
    }
  },
  {
    "type": "Feature",
    "geometry": {
       "type": "Point",
       "coordinates":  [ 121.57935,24.97301951 ]
    },
    "properties": {
    "name":"樟山寺",
    "address":"老泉街45巷29號",
    "district_code":63000080,
    "type":"其他",
    "subtype":"其他場所",
    "AED_location":"主殿旁建築物",
    "district":"文山區"
    }
  },
  {
    "type": "Feature",
    "geometry": {
       "type": "Point",
       "coordinates":  [ 121.5711121,25.0275872 ]
    },
    "properties": {
    "name":"象山步道代天殿靈雲宮",
    "address":"信義路五段150巷22弄43號",
    "district_code":63000020,
    "type":"其他",
    "subtype":"其他場所",
    "AED_location":"代天殿靈雲宮",
    "district":"信義區"
    }
  },
  {
    "type": "Feature",
    "geometry": {
       "type": "Point",
       "coordinates":  [ 121.5743011,25.0320284 ]
    },
    "properties": {
    "name":"台北市政府松德辦公大樓",
    "address":"松德路300號",
    "district_code":63000020,
    "type":"其他",
    "subtype":"其他場所",
    "AED_location":"3樓大地工程處",
    "district":"信義區"
    }
  },
  {
    "type": "Feature",
    "geometry": {
       "type": "Point",
       "coordinates":  [ 121.5743011,25.0320284 ]
    },
    "properties": {
    "name":"台北市政府松德辦公大樓",
    "address":"松德路300號",
    "district_code":63000020,
    "type":"其他",
    "subtype":"其他場所",
    "AED_location":"3樓大地工程處",
    "district":"信義區"
    }
  },
  {
    "type": "Feature",
    "geometry": {
       "type": "Point",
       "coordinates":  [ 121.548262,25.052651 ]
    },
    "properties": {
    "name":"宜家家居股份有限公司台北城市店小巨蛋分公司",
    "address":"敦化北路100號B1、B2",
    "district_code":63000010,
    "type":"大型購物場所",
    "subtype":"商場",
    "AED_location":"IKEA B2入口",
    "district":"松山區"
    }
  },
  {
    "type": "Feature",
    "geometry": {
       "type": "Point",
       "coordinates":  [ 121.548262,25.052651 ]
    },
    "properties": {
    "name":"宜家家居股份有限公司台北城市店小巨蛋分公司",
    "address":"敦化北路100號B1、B2",
    "district_code":63000010,
    "type":"大型購物場所",
    "subtype":"商場",
    "AED_location":"IKEA B1顧客服務區",
    "district":"松山區"
    }
  },
  {
    "type": "Feature",
    "geometry": {
       "type": "Point",
       "coordinates":  [ 121.590396,25.037736 ]
    },
    "properties": {
    "name":"北興宮步道之北興宮",
    "address":"成福路272號",
    "district_code":63000090,
    "type":"其他",
    "subtype":"其他場所",
    "AED_location":"南港區北興宮步道之北興宮",
    "district":"南港區"
    }
  },
  {
    "type": "Feature",
    "geometry": {
       "type": "Point",
       "coordinates":  [ 121.622896,25.087244 ]
    },
    "properties": {
    "name":"內溝溪生態展示館",
    "address":"康樂街236之3號",
    "district_code":63000100,
    "type":"其他",
    "subtype":"其他場所",
    "AED_location":"1樓大門入口右側",
    "district":"內湖區"
    }
  },
  {
    "type": "Feature",
    "geometry": {
       "type": "Point",
       "coordinates":  [ 121.5248543,25.0506452 ]
    },
    "properties": {
    "name":"米鈦工作室",
    "address":"林森北路100號8樓之6",
    "district_code":63000040,
    "type":"其他",
    "subtype":"其他場所",
    "AED_location":"進門左手邊櫃子",
    "district":"中山區"
    }
  },
  {
    "type": "Feature",
    "geometry": {
       "type": "Point",
       "coordinates":  [ 121.541528,25.064084 ]
    },
    "properties": {
    "name":"臺北市中山區五常國民小學",
    "address":"五常街16號",
    "district_code":63000040,
    "type":"其他",
    "subtype":"其他場所",
    "AED_location":"川堂至健康中心之走廊上",
    "district":"中山區"
    }
  },
  {
    "type": "Feature",
    "geometry": {
       "type": "Point",
       "coordinates":  [ 121.5644021,25.058566 ]
    },
    "properties": {
    "name":"香港商世界健身事業有限公司民生圓環分公司",
    "address":"民生東路五段196號B1",
    "district_code":63000010,
    "type":"學校、大型集會場所",
    "subtype":"健身房",
    "AED_location":"客服櫃台前方",
    "district":"松山區"
    }
  },
  {
    "type": "Feature",
    "geometry": {
       "type": "Point",
       "coordinates":  [ 121.545251,25.045943 ]
    },
    "properties": {
    "name":"微風廣場實業股份有限公司 ",
    "address":"復興南路一段39號",
    "district_code":63000010,
    "type":"大型購物場所",
    "subtype":"百貨業",
    "AED_location":"1樓服務台旁",
    "district":"松山區"
    }
  },
  {
    "type": "Feature",
    "geometry": {
       "type": "Point",
       "coordinates":  [ 121.554463,25.033016 ]
    },
    "properties": {
    "name":"黑松股份有限公司",
    "address":"信義路四段296號3樓",
    "district_code":63000030,
    "type":"其他",
    "subtype":"其他場所",
    "AED_location":"台北市大安區信義路四段296號5樓",
    "district":"大安區"
    }
  },
  {
    "type": "Feature",
    "geometry": {
       "type": "Point",
       "coordinates":  [ 121.5615707,25.04216558 ]
    },
    "properties": {
    "name":"星宇航空股份有限公司",
    "address":"忠孝東路四段525號11樓",
    "district_code":63000020,
    "type":"長距離交通工具",
    "subtype":"航空器",
    "AED_location":"星宇客機B-58209",
    "district":"信義區"
    }
  },
  {
    "type": "Feature",
    "geometry": {
       "type": "Point",
       "coordinates":  [ 121.607859,25.056498 ]
    },
    "properties": {
    "name":"臺北市立南港高級工業職業學校",
    "address":"興中路29號",
    "district_code":63000090,
    "type":"學校、大型集會場所",
    "subtype":"高中職",
    "AED_location":"宿舍一樓管理室旁",
    "district":"南港區"
    }
  },
  {
    "type": "Feature",
    "geometry": {
       "type": "Point",
       "coordinates":  [ 121.567643,24.987413 ]
    },
    "properties": {
    "name":"臺北市立木柵國民中學",
    "address":"木柵路3段102巷12號",
    "district_code":63000080,
    "type":"學校、大型集會場所",
    "subtype":"國中",
    "AED_location":"木柵國中警衛室門口外牆",
    "district":"文山區"
    }
  },
  {
    "type": "Feature",
    "geometry": {
       "type": "Point",
       "coordinates":  [ 121.5787424,25.05885107 ]
    },
    "properties": {
    "name":"瀚宇彩晶內湖總部",
    "address":"行善路168巷15號",
    "district_code":63000100,
    "type":"其他",
    "subtype":"其他場所",
    "AED_location":"瀚宇彩晶內湖總部5樓公共區域",
    "district":"內湖區"
    }
  },
  {
    "type": "Feature",
    "geometry": {
       "type": "Point",
       "coordinates":  [ 121.561478,24.998038 ]
    },
    "properties": {
    "name":"臺灣警察專科學校",
    "address":"興隆路三段153號",
    "district_code":63000080,
    "type":"學校、大型集會場所",
    "subtype":"大專院校",
    "AED_location":"醫務室外傷處理室",
    "district":"文山區"
    }
  },
  {
    "type": "Feature",
    "geometry": {
       "type": "Point",
       "coordinates":  [ 121.562475,24.986284 ]
    },
    "properties": {
    "name":"臺北市政府社會局老人自費安養中心",
    "address":"興隆路4段109巷30弄6號",
    "district_code":63000080,
    "type":"其他",
    "subtype":"其他場所",
    "AED_location":"松柏1樓服務台前",
    "district":"文山區"
    }
  },
  {
    "type": "Feature",
    "geometry": {
       "type": "Point",
       "coordinates":  [ 121.533915,25.021147 ]
    },
    "properties": {
    "name":"臺北市新生老人日間照顧中心",
    "address":"新生南路三段52-5號5樓",
    "district_code":63000030,
    "type":"其他",
    "subtype":"其他場所",
    "AED_location":"第三小家教室櫃子",
    "district":"大安區"
    }
  },
  {
    "type": "Feature",
    "geometry": {
       "type": "Point",
       "coordinates":  [ 121.56481,25.033718 ]
    },
    "properties": {
    "name":"台北金融大樓股份有限公司(辦公大樓)",
    "address":"信義路五段7號59樓",
    "district_code":63000020,
    "type":"其他",
    "subtype":"其他場所",
    "AED_location":"辦公大樓59樓櫃台",
    "district":"信義區"
    }
  },
  {
    "type": "Feature",
    "geometry": {
       "type": "Point",
       "coordinates":  [ 121.56481,25.033718 ]
    },
    "properties": {
    "name":"台北金融大樓股份有限公司(辦公大樓)",
    "address":"信義路五段7號59樓",
    "district_code":63000020,
    "type":"其他",
    "subtype":"其他場所",
    "AED_location":"辦公大樓1樓圓形櫃台",
    "district":"信義區"
    }
  },
  {
    "type": "Feature",
    "geometry": {
       "type": "Point",
       "coordinates":  [ 121.564751,25.03388 ]
    },
    "properties": {
    "name":"台北金融大樓股份有限公司(觀景台)",
    "address":"信義路5段7號",
    "district_code":63000020,
    "type":"觀光旅遊地區",
    "subtype":"民營遊樂業",
    "AED_location":"91樓南面出口旁",
    "district":"信義區"
    }
  },
  {
    "type": "Feature",
    "geometry": {
       "type": "Point",
       "coordinates":  [ 121.564735,25.033719 ]
    },
    "properties": {
    "name":"台北金融大樓股份有限公司(購物中心)",
    "address":"市府路45號",
    "district_code":63000020,
    "type":"大型購物場所",
    "subtype":"百貨業",
    "AED_location":"商場1樓員工出入口",
    "district":"信義區"
    }
  },
  {
    "type": "Feature",
    "geometry": {
       "type": "Point",
       "coordinates":  [ 121.564735,25.033719 ]
    },
    "properties": {
    "name":"台北金融大樓股份有限公司(購物中心)",
    "address":"市府路45號",
    "district_code":63000020,
    "type":"大型購物場所",
    "subtype":"百貨業",
    "AED_location":"6樓台北101尊榮俱樂部",
    "district":"信義區"
    }
  },
  {
    "type": "Feature",
    "geometry": {
       "type": "Point",
       "coordinates":  [ 121.56481,25.033718 ]
    },
    "properties": {
    "name":"台北金融大樓股份有限公司(辦公大樓)",
    "address":"信義路五段7號59樓",
    "district_code":63000020,
    "type":"其他",
    "subtype":"其他場所",
    "AED_location":"辦公大樓35樓",
    "district":"信義區"
    }
  },
  {
    "type": "Feature",
    "geometry": {
       "type": "Point",
       "coordinates":  [ 121.564751,25.03388 ]
    },
    "properties": {
    "name":"台北金融大樓股份有限公司(觀景台)",
    "address":"信義路5段7號",
    "district_code":63000020,
    "type":"觀光旅遊地區",
    "subtype":"民營遊樂業",
    "AED_location":"89樓西面服務台",
    "district":"信義區"
    }
  },
  {
    "type": "Feature",
    "geometry": {
       "type": "Point",
       "coordinates":  [ 121.564735,25.033719 ]
    },
    "properties": {
    "name":"台北金融大樓股份有限公司(購物中心)",
    "address":"市府路45號",
    "district_code":63000020,
    "type":"大型購物場所",
    "subtype":"百貨業",
    "AED_location":"商場B2停車場",
    "district":"信義區"
    }
  },
  {
    "type": "Feature",
    "geometry": {
       "type": "Point",
       "coordinates":  [ 121.564735,25.033719 ]
    },
    "properties": {
    "name":"台北金融大樓股份有限公司(購物中心)",
    "address":"市府路45號",
    "district_code":63000020,
    "type":"大型購物場所",
    "subtype":"百貨業",
    "AED_location":"B2停車場",
    "district":"信義區"
    }
  },
  {
    "type": "Feature",
    "geometry": {
       "type": "Point",
       "coordinates":  [ 121.564735,25.033719 ]
    },
    "properties": {
    "name":"台北金融大樓股份有限公司(購物中心)",
    "address":"市府路45號",
    "district_code":63000020,
    "type":"大型購物場所",
    "subtype":"百貨業",
    "AED_location":"商場2樓",
    "district":"信義區"
    }
  },
  {
    "type": "Feature",
    "geometry": {
       "type": "Point",
       "coordinates":  [ 121.564751,25.03388 ]
    },
    "properties": {
    "name":"台北金融大樓股份有限公司(觀景台)",
    "address":"信義路5段7號",
    "district_code":63000020,
    "type":"觀光旅遊地區",
    "subtype":"民營遊樂業",
    "AED_location":"101樓西面",
    "district":"信義區"
    }
  },
  {
    "type": "Feature",
    "geometry": {
       "type": "Point",
       "coordinates":  [ 121.564735,25.033719 ]
    },
    "properties": {
    "name":"台北金融大樓股份有限公司(購物中心)",
    "address":"市府路45號",
    "district_code":63000020,
    "type":"大型購物場所",
    "subtype":"百貨業",
    "AED_location":"商場B1",
    "district":"信義區"
    }
  },
  {
    "type": "Feature",
    "geometry": {
       "type": "Point",
       "coordinates":  [ 121.564751,25.03388 ]
    },
    "properties": {
    "name":"台北金融大樓股份有限公司(觀景台)",
    "address":"信義路5段7號",
    "district_code":63000020,
    "type":"觀光旅遊地區",
    "subtype":"民營遊樂業",
    "AED_location":"觀景台五樓購票口旁",
    "district":"信義區"
    }
  },
  {
    "type": "Feature",
    "geometry": {
       "type": "Point",
       "coordinates":  [ 121.564735,25.033719 ]
    },
    "properties": {
    "name":"台北金融大樓股份有限公司(購物中心)",
    "address":"市府路45號",
    "district_code":63000020,
    "type":"大型購物場所",
    "subtype":"百貨業",
    "AED_location":"商場B1美食街",
    "district":"信義區"
    }
  },
  {
    "type": "Feature",
    "geometry": {
       "type": "Point",
       "coordinates":  [ 121.564751,25.03388 ]
    },
    "properties": {
    "name":"台北金融大樓股份有限公司(觀景台)",
    "address":"信義路5段7號",
    "district_code":63000020,
    "type":"觀光旅遊地區",
    "subtype":"民營遊樂業",
    "AED_location":"88樓西面出口",
    "district":"信義區"
    }
  },
  {
    "type": "Feature",
    "geometry": {
       "type": "Point",
       "coordinates":  [ 121.56481,25.033718 ]
    },
    "properties": {
    "name":"台北金融大樓股份有限公司(辦公大樓)",
    "address":"信義路五段7號59樓",
    "district_code":63000020,
    "type":"其他",
    "subtype":"其他場所",
    "AED_location":"辦公大樓B2F貨梯管制站",
    "district":"信義區"
    }
  },
  {
    "type": "Feature",
    "geometry": {
       "type": "Point",
       "coordinates":  [ 121.564735,25.033719 ]
    },
    "properties": {
    "name":"台北金融大樓股份有限公司(購物中心)",
    "address":"市府路45號",
    "district_code":63000020,
    "type":"大型購物場所",
    "subtype":"百貨業",
    "AED_location":"商場4樓都會廣場",
    "district":"信義區"
    }
  },
  {
    "type": "Feature",
    "geometry": {
       "type": "Point",
       "coordinates":  [ 121.564735,25.033719 ]
    },
    "properties": {
    "name":"台北金融大樓股份有限公司(購物中心)",
    "address":"市府路45號",
    "district_code":63000020,
    "type":"大型購物場所",
    "subtype":"百貨業",
    "AED_location":"商場3樓",
    "district":"信義區"
    }
  },
  {
    "type": "Feature",
    "geometry": {
       "type": "Point",
       "coordinates":  [ 121.5101501,25.0557807 ]
    },
    "properties": {
    "name":"第一銀行大稻埕分行",
    "address":"迪化街一段63號",
    "district_code":63000060,
    "type":"其他",
    "subtype":"其他場所",
    "AED_location":"一樓大廳進入後右側",
    "district":"大同區"
    }
  },
  {
    "type": "Feature",
    "geometry": {
       "type": "Point",
       "coordinates":  [ 121.52619,25.022751 ]
    },
    "properties": {
    "name":"窩WoFITNESS",
    "address":"羅斯福路三段79號",
    "district_code":63000030,
    "type":"學校、大型集會場所",
    "subtype":"健身中心",
    "AED_location":"本館地下一樓",
    "district":"大安區"
    }
  },
  {
    "type": "Feature",
    "geometry": {
       "type": "Point",
       "coordinates":  [ 121.5615707,25.04216558 ]
    },
    "properties": {
    "name":"星宇航空股份有限公司",
    "address":"忠孝東路四段525號11樓",
    "district_code":63000020,
    "type":"長距離交通工具",
    "subtype":"航空器",
    "AED_location":"星宇客機B-58504",
    "district":"信義區"
    }
  },
  {
    "type": "Feature",
    "geometry": {
       "type": "Point",
       "coordinates":  [ 121.5615707,25.04216558 ]
    },
    "properties": {
    "name":"星宇航空股份有限公司",
    "address":"忠孝東路四段525號11樓",
    "district_code":63000020,
    "type":"長距離交通工具",
    "subtype":"航空器",
    "AED_location":"星宇客機B-58208",
    "district":"信義區"
    }
  },
  {
    "type": "Feature",
    "geometry": {
       "type": "Point",
       "coordinates":  [ 121.527538,25.0338325 ]
    },
    "properties": {
    "name":"芮宜股份有限公司",
    "address":"信義路2段104號8樓",
    "district_code":63000030,
    "type":"學校、大型集會場所",
    "subtype":"健身房",
    "AED_location":"入口左邊",
    "district":"大安區"
    }
  },
  {
    "type": "Feature",
    "geometry": {
       "type": "Point",
       "coordinates":  [ 121.5553266,25.0518323 ]
    },
    "properties": {
    "name":"唯欣健康股份有限公司",
    "address":"南京東路四段137號7樓",
    "district_code":63000010,
    "type":"其他",
    "subtype":"其他場所",
    "AED_location":"休息區",
    "district":"松山區"
    }
  },
  {
    "type": "Feature",
    "geometry": {
       "type": "Point",
       "coordinates":  [ 121.5241242,25.0448673 ]
    },
    "properties": {
    "name":"鴻鑫運動企業社",
    "address":"忠孝東路一段15號3樓",
    "district_code":63000050,
    "type":"其他",
    "subtype":"其他場所",
    "AED_location":"台北市中正區忠孝東路一段15號3樓",
    "district":"中正區"
    }
  },
  {
    "type": "Feature",
    "geometry": {
       "type": "Point",
       "coordinates":  [ 121.5804359,25.0581736 ]
    },
    "properties": {
    "name":"鎔德股份有限公司(內湖展示中心)",
    "address":"舊宗路一段36號",
    "district_code":63000100,
    "type":"大型購物場所",
    "subtype":"商場",
    "AED_location":"1F入口處",
    "district":"內湖區"
    }
  },
  {
    "type": "Feature",
    "geometry": {
       "type": "Point",
       "coordinates":  [ 121.575533,25.0572132 ]
    },
    "properties": {
    "name":"鎔德股份有限公司(行善服務中心)",
    "address":"行善路48巷9號",
    "district_code":63000100,
    "type":"其他",
    "subtype":"其他場所",
    "AED_location":"1F電梯前",
    "district":"內湖區"
    }
  },
  {
    "type": "Feature",
    "geometry": {
       "type": "Point",
       "coordinates":  [ 121.586632,24.979845 ]
    },
    "properties": {
    "name":"指南宮管理委員會",
    "address":"萬壽路115號",
    "district_code":63000080,
    "type":"其他",
    "subtype":"其他場所",
    "AED_location":"純陽寶殿茶亭內",
    "district":"文山區"
    }
  },
  {
    "type": "Feature",
    "geometry": {
       "type": "Point",
       "coordinates":  [ 121.5221648,25.04358799 ]
    },
    "properties": {
    "name":"臺北市非政府組織NGO會館",
    "address":"青島東路8號",
    "district_code":63000050,
    "type":"其他",
    "subtype":"其他場所",
    "AED_location":"臺北市青島東路8號",
    "district":"中正區"
    }
  },
  {
    "type": "Feature",
    "geometry": {
       "type": "Point",
       "coordinates":  [ 121.524257,25.058223 ]
    },
    "properties": {
    "name":"國家住宅及都市更新中心",
    "address":"民生東路一段21號",
    "district_code":63000040,
    "type":"其他",
    "subtype":"其他場所",
    "AED_location":"1F大廳",
    "district":"中山區"
    }
  },
  {
    "type": "Feature",
    "geometry": {
       "type": "Point",
       "coordinates":  [ 121.52082,25.050578 ]
    },
    "properties": {
    "name":"臺北市政府身心障礙綜合服務中心",
    "address":"長安西路5巷2號",
    "district_code":63000040,
    "type":"其他",
    "subtype":"其他場所",
    "AED_location":"1樓大廳",
    "district":"中山區"
    }
  },
  {
    "type": "Feature",
    "geometry": {
       "type": "Point",
       "coordinates":  [ 121.594862,25.0489186 ]
    },
    "properties": {
    "name":"現代化食品藥物國家級實驗大樓暨行政及訓練大樓興建工程",
    "address":"昆陽街161-2號旁工地",
    "district_code":63000090,
    "type":"其他",
    "subtype":"其他場所",
    "AED_location":"保全亭旁",
    "district":"南港區"
    }
  },
  {
    "type": "Feature",
    "geometry": {
       "type": "Point",
       "coordinates":  [ 121.532749,25.1238679 ]
    },
    "properties": {
    "name":"楷穎運動國際有限公司",
    "address":"中山北路七段156-1號一樓",
    "district_code":63000110,
    "type":"其他",
    "subtype":"其他場所",
    "AED_location":"本場所大廳",
    "district":"士林區"
    }
  },
  {
    "type": "Feature",
    "geometry": {
       "type": "Point",
       "coordinates":  [ 121.522007,25.032339 ]
    },
    "properties": {
    "name":"臺北市立中正國民中學",
    "address":"愛國東路158號",
    "district_code":63000050,
    "type":"學校、大型集會場所",
    "subtype":"大專院校",
    "AED_location":"中正國中活動中心2樓",
    "district":"中正區"
    }
  },
  {
    "type": "Feature",
    "geometry": {
       "type": "Point",
       "coordinates":  [ 121.557636,25.06304 ]
    },
    "properties": {
    "name":"台灣虎航股份有限公司",
    "address":"敦化北路405巷123弄3號",
    "district_code":63000010,
    "type":"長距離交通工具",
    "subtype":"航空器",
    "AED_location":"B-50023航機, 第13排 DEF行李艙",
    "district":"松山區"
    }
  },
  {
    "type": "Feature",
    "geometry": {
       "type": "Point",
       "coordinates":  [ 121.557636,25.06304 ]
    },
    "properties": {
    "name":"台灣虎航股份有限公司",
    "address":"敦化北路405巷123弄3號",
    "district_code":63000010,
    "type":"長距離交通工具",
    "subtype":"航空器",
    "AED_location":"B-50025航機,第13排 DEF行李艙",
    "district":"松山區"
    }
  },
  {
    "type": "Feature",
    "geometry": {
       "type": "Point",
       "coordinates":  [ 121.565699,25.08383 ]
    },
    "properties": {
    "name":"臺北市內湖區西湖國民小學",
    "address":"環山路一段25號",
    "district_code":63000100,
    "type":"其他",
    "subtype":"其他場所",
    "AED_location":"大門口川堂",
    "district":"內湖區"
    }
  },
  {
    "type": "Feature",
    "geometry": {
       "type": "Point",
       "coordinates":  [ 121.588549,25.068226 ]
    },
    "properties": {
    "name":"臺北市內湖區新湖國民小學",
    "address":"民權東路6段138號",
    "district_code":63000100,
    "type":"學校、大型集會場所",
    "subtype":"國小",
    "AED_location":"學務處前",
    "district":"內湖區"
    }
  },
  {
    "type": "Feature",
    "geometry": {
       "type": "Point",
       "coordinates":  [ 121.5227989,25.0636027 ]
    },
    "properties": {
    "name":"巨平方健身房",
    "address":"中山北路二段183之5號",
    "district_code":63000040,
    "type":"其他",
    "subtype":"其他場所",
    "AED_location":"二樓",
    "district":"中山區"
    }
  },
  {
    "type": "Feature",
    "geometry": {
       "type": "Point",
       "coordinates":  [ 121.507988,25.085495 ]
    },
    "properties": {
    "name":"臺北市士林區社子國民小學",
    "address":"延平北路六段308號",
    "district_code":63000110,
    "type":"其他",
    "subtype":"其他場所",
    "AED_location":"校門口左方民族樓穿堂",
    "district":"士林區"
    }
  },
  {
    "type": "Feature",
    "geometry": {
       "type": "Point",
       "coordinates":  [ 121.568673,24.988546 ]
    },
    "properties": {
    "name":"Curves 女性專用30分鐘健身中心文山保儀店",
    "address":"保儀路11號4F-1",
    "district_code":63000080,
    "type":"學校、大型集會場所",
    "subtype":"健身房",
    "AED_location":"可爾姿文山保儀店",
    "district":"文山區"
    }
  },
  {
    "type": "Feature",
    "geometry": {
       "type": "Point",
       "coordinates":  [ 121.468879,25.133617 ]
    },
    "properties": {
    "name":"城市學校財團法人臺北城市科技大學",
    "address":"學園路2號",
    "district_code":63000120,
    "type":"學校、大型集會場所",
    "subtype":"大專院校",
    "AED_location":"行政大樓一樓學務處旁",
    "district":"北投區"
    }
  },
  {
    "type": "Feature",
    "geometry": {
       "type": "Point",
       "coordinates":  [ 121.566513,25.054432 ]
    },
    "properties": {
    "name":"臺北市政府社會局松山老人服務中心",
    "address":"健康路317號2樓",
    "district_code":63000010,
    "type":"其他",
    "subtype":"其他場所",
    "AED_location":"臺北市松山老人服務暨日間照顧中心",
    "district":"松山區"
    }
  },
  {
    "type": "Feature",
    "geometry": {
       "type": "Point",
       "coordinates":  [ 121.5615707,25.04216558 ]
    },
    "properties": {
    "name":"星宇航空股份有限公司",
    "address":"忠孝東路四段525號11樓",
    "district_code":63000020,
    "type":"長距離交通工具",
    "subtype":"航空器",
    "AED_location":"星宇客機B-58202",
    "district":"信義區"
    }
  },
  {
    "type": "Feature",
    "geometry": {
       "type": "Point",
       "coordinates":  [ 121.5174799,25.04844486 ]
    },
    "properties": {
    "name":"保證責任臺北市台北地下街場地利用合作社",
    "address":"市民大道1段100號B1",
    "district_code":63000050,
    "type":"大型購物場所",
    "subtype":"地下街",
    "AED_location":"B2停車管理處",
    "district":"中正區"
    }
  },
  {
    "type": "Feature",
    "geometry": {
       "type": "Point",
       "coordinates":  [ 121.552113,25.04124061 ]
    },
    "properties": {
    "name":"觀示苑股份有限公司忠孝分公司",
    "address":"忠孝東路四段200號13樓",
    "district_code":63000030,
    "type":"其他",
    "subtype":"其他場所",
    "AED_location":"會館大廳",
    "district":"大安區"
    }
  },
  {
    "type": "Feature",
    "geometry": {
       "type": "Point",
       "coordinates":  [ 121.5503725,25.03916964 ]
    },
    "properties": {
    "name":"觀示苑股份有限公司附設臺北市私立觀示苑瑜珈技藝短期補習班敦化分班",
    "address":"安和路一段27號16樓",
    "district_code":63000030,
    "type":"其他",
    "subtype":"其他場所",
    "AED_location":"會館大廳",
    "district":"大安區"
    }
  },
  {
    "type": "Feature",
    "geometry": {
       "type": "Point",
       "coordinates":  [ 121.5299913,25.1113989 ]
    },
    "properties": {
    "name":"觀示苑股份有限公司天母分公司",
    "address":"忠誠路2段二十一巷二十七號1樓",
    "district_code":63000110,
    "type":"其他",
    "subtype":"其他場所",
    "AED_location":"會館大廳",
    "district":"士林區"
    }
  },
  {
    "type": "Feature",
    "geometry": {
       "type": "Point",
       "coordinates":  [ 121.5772589,25.0413976 ]
    },
    "properties": {
    "name":"永春活力館",
    "address":"松山路342巷13號1樓",
    "district_code":63000020,
    "type":"學校、大型集會場所",
    "subtype":"健身中心",
    "AED_location":"本館二樓",
    "district":"信義區"
    }
  },
  {
    "type": "Feature",
    "geometry": {
       "type": "Point",
       "coordinates":  [ 121.5378032,25.0638648 ]
    },
    "properties": {
    "name":"榮星花園游泳池",
    "address":"建國北路三段39號",
    "district_code":63000040,
    "type":"大型休閒場所",
    "subtype":"運動場館(如小巨蛋)",
    "AED_location":"2F健身房",
    "district":"中山區"
    }
  },
  {
    "type": "Feature",
    "geometry": {
       "type": "Point",
       "coordinates":  [ 121.5378032,25.0638648 ]
    },
    "properties": {
    "name":"榮星花園游泳池",
    "address":"建國北路三段39號",
    "district_code":63000040,
    "type":"大型休閒場所",
    "subtype":"運動場館(如小巨蛋)",
    "AED_location":"1F櫃台旁",
    "district":"中山區"
    }
  },
  {
    "type": "Feature",
    "geometry": {
       "type": "Point",
       "coordinates":  [ 121.5446863,25.03272182 ]
    },
    "properties": {
    "name":"合作金庫商業銀行-資訊部",
    "address":"信義路四段30巷9號",
    "district_code":63000030,
    "type":"其他",
    "subtype":"其他場所",
    "AED_location":"1樓大廳",
    "district":"大安區"
    }
  },
  {
    "type": "Feature",
    "geometry": {
       "type": "Point",
       "coordinates":  [ 121.521664,25.034594 ]
    },
    "properties": {
    "name":"國立中正紀念堂管理處",
    "address":"中山南路21號",
    "district_code":63000050,
    "type":"觀光旅遊地區",
    "subtype":"國家級風景區",
    "AED_location":"大孝門廳護理站前",
    "district":"中正區"
    }
  },
  {
    "type": "Feature",
    "geometry": {
       "type": "Point",
       "coordinates":  [ 121.521664,25.034594 ]
    },
    "properties": {
    "name":"國立中正紀念堂管理處",
    "address":"中山南路21號",
    "district_code":63000050,
    "type":"觀光旅遊地區",
    "subtype":"國家級風景區",
    "AED_location":"國立中正紀念堂4樓上廳",
    "district":"中正區"
    }
  },
  {
    "type": "Feature",
    "geometry": {
       "type": "Point",
       "coordinates":  [ 121.5736941,25.0770378 ]
    },
    "properties": {
    "name":"奇林樂活股份有限公司",
    "address":"瑞光路337號8樓",
    "district_code":63000100,
    "type":"大型休閒場所",
    "subtype":"運動場館(如小巨蛋)",
    "AED_location":"Precap休息區",
    "district":"內湖區"
    }
  },
  {
    "type": "Feature",
    "geometry": {
       "type": "Point",
       "coordinates":  [ 121.5418473,25.0481827 ]
    },
    "properties": {
    "name":"永動定律健身訓練工作室",
    "address":"長安東路二段204號",
    "district_code":63000040,
    "type":"其他",
    "subtype":"其他場所",
    "AED_location":"入門後右手邊牆壁上",
    "district":"中山區"
    }
  },
  {
    "type": "Feature",
    "geometry": {
       "type": "Point",
       "coordinates":  [ 121.535783,25.150082 ]
    },
    "properties": {
    "name":"臺北市北投區湖山國民小學",
    "address":"湖底路11號",
    "district_code":63000120,
    "type":"學校、大型集會場所",
    "subtype":"國小",
    "AED_location":"保健室旁梯間",
    "district":"北投區"
    }
  },
  {
    "type": "Feature",
    "geometry": {
       "type": "Point",
       "coordinates":  [ 121.5748708,25.0612852 ]
    },
    "properties": {
    "name":"美福食集",
    "address":"民善街128號1樓",
    "district_code":63000100,
    "type":"大型購物場所",
    "subtype":"商場",
    "AED_location":"美福食集入口",
    "district":"內湖區"
    }
  },
  {
    "type": "Feature",
    "geometry": {
       "type": "Point",
       "coordinates":  [ 121.5615707,25.04216558 ]
    },
    "properties": {
    "name":"星宇航空股份有限公司",
    "address":"忠孝東路四段525號11樓",
    "district_code":63000020,
    "type":"長距離交通工具",
    "subtype":"航空器",
    "AED_location":"星宇客機B-58303",
    "district":"信義區"
    }
  },
  {
    "type": "Feature",
    "geometry": {
       "type": "Point",
       "coordinates":  [ 121.525722,25.060814 ]
    },
    "properties": {
    "name":"探索國際開股份有限公司新舍商旅林森分公司(新舍商旅xinshe_linsen)",
    "address":"林森北路477號",
    "district_code":63000040,
    "type":"旅宿場所",
    "subtype":"旅館",
    "AED_location":"旅館櫃檯旁",
    "district":"中山區"
    }
  },
  {
    "type": "Feature",
    "geometry": {
       "type": "Point",
       "coordinates":  [ 121.5502723,25.05935517 ]
    },
    "properties": {
    "name":"玉山銀行股份有限公司(第二總部大樓A棟)",
    "address":"敦化北路315號",
    "district_code":63000010,
    "type":"其他",
    "subtype":"其他場所",
    "AED_location":"進大門後左手邊。",
    "district":"松山區"
    }
  },
  {
    "type": "Feature",
    "geometry": {
       "type": "Point",
       "coordinates":  [ 121.511074,25.043193 ]
    },
    "properties": {
    "name":"玉山商業銀行股份有限公司(博愛大樓)",
    "address":"永綏街5號",
    "district_code":63000050,
    "type":"其他",
    "subtype":"其他場所",
    "AED_location":"進大門後右手邊。",
    "district":"中正區"
    }
  },
  {
    "type": "Feature",
    "geometry": {
       "type": "Point",
       "coordinates":  [ 121.546642,25.057932 ]
    },
    "properties": {
    "name":"玉山商業銀行股份有限公司(總部大樓)",
    "address":"民生東路3段115號",
    "district_code":63000010,
    "type":"其他",
    "subtype":"其他場所",
    "AED_location":"進大門後右手邊。",
    "district":"松山區"
    }
  },
  {
    "type": "Feature",
    "geometry": {
       "type": "Point",
       "coordinates":  [ 121.5502014,25.05885949 ]
    },
    "properties": {
    "name":"玉山銀行股份有限公司(第二總部大樓B棟)",
    "address":"敦化北路313巷2號",
    "district_code":63000010,
    "type":"其他",
    "subtype":"其他場所",
    "AED_location":"進大門後右側。",
    "district":"松山區"
    }
  },
  {
    "type": "Feature",
    "geometry": {
       "type": "Point",
       "coordinates":  [ 121.519508,25.06427 ]
    },
    "properties": {
    "name":"玉山商業銀行股份有限公司(登峰大樓)",
    "address":"撫順街四十一巷十三號",
    "district_code":63000040,
    "type":"其他",
    "subtype":"其他場所",
    "AED_location":"進大門後左手邊。",
    "district":"中山區"
    }
  },
  {
    "type": "Feature",
    "geometry": {
       "type": "Point",
       "coordinates":  [ 121.520376,25.064295 ]
    },
    "properties": {
    "name":"玉山商業銀行股份有限公司(科技大樓)",
    "address":"天祥路86巷1號",
    "district_code":63000040,
    "type":"其他",
    "subtype":"其他場所",
    "AED_location":"進大門後左手邊。",
    "district":"中山區"
    }
  },
  {
    "type": "Feature",
    "geometry": {
       "type": "Point",
       "coordinates":  [ 121.543263,25.0341439 ]
    },
    "properties": {
    "name":"進化論Evolution Fitness健身房",
    "address":"復興南路一段380",
    "district_code":63000030,
    "type":"學校、大型集會場所",
    "subtype":"健身房",
    "AED_location":"進化論健身房B2櫃台",
    "district":"大安區"
    }
  },
  {
    "type": "Feature",
    "geometry": {
       "type": "Point",
       "coordinates":  [ 121.6042036,25.05375837 ]
    },
    "properties": {
    "name":"瓶蓋工廠台北製造所",
    "address":"南港路二段13號",
    "district_code":63000090,
    "type":"觀光旅遊地區",
    "subtype":"文化園區",
    "AED_location":"I棟服務台",
    "district":"南港區"
    }
  },
  {
    "type": "Feature",
    "geometry": {
       "type": "Point",
       "coordinates":  [ 121.6042036,25.05375837 ]
    },
    "properties": {
    "name":"瓶蓋工廠台北製造所",
    "address":"南港路二段13號",
    "district_code":63000090,
    "type":"觀光旅遊地區",
    "subtype":"文化園區",
    "AED_location":"實證場域服務台",
    "district":"南港區"
    }
  },
  {
    "type": "Feature",
    "geometry": {
       "type": "Point",
       "coordinates":  [ 121.516535,25.048203 ]
    },
    "properties": {
    "name":"微風場站開發股份有限公司",
    "address":"北平西路3號2樓",
    "district_code":63000050,
    "type":"大型購物場所",
    "subtype":"商場",
    "AED_location":"二樓東北角落",
    "district":"中正區"
    }
  },
  {
    "type": "Feature",
    "geometry": {
       "type": "Point",
       "coordinates":  [ 121.5615707,25.04216558 ]
    },
    "properties": {
    "name":"星宇航空股份有限公司",
    "address":"忠孝東路四段525號11樓",
    "district_code":63000020,
    "type":"長距離交通工具",
    "subtype":"航空器",
    "AED_location":"星宇客機B-58508",
    "district":"信義區"
    }
  },
  {
    "type": "Feature",
    "geometry": {
       "type": "Point",
       "coordinates":  [ 121.5615707,25.04216558 ]
    },
    "properties": {
    "name":"星宇航空股份有限公司",
    "address":"忠孝東路四段525號11樓",
    "district_code":63000020,
    "type":"長距離交通工具",
    "subtype":"航空器",
    "AED_location":"星宇客機B-58207",
    "district":"信義區"
    }
  },
  {
    "type": "Feature",
    "geometry": {
       "type": "Point",
       "coordinates":  [ 121.5615707,25.04216558 ]
    },
    "properties": {
    "name":"星宇航空股份有限公司",
    "address":"忠孝東路四段525號11樓",
    "district_code":63000020,
    "type":"長距離交通工具",
    "subtype":"航空器",
    "AED_location":"星宇客機B-58506",
    "district":"信義區"
    }
  },
  {
    "type": "Feature",
    "geometry": {
       "type": "Point",
       "coordinates":  [ 121.5615707,25.04216558 ]
    },
    "properties": {
    "name":"星宇航空股份有限公司",
    "address":"忠孝東路四段525號11樓",
    "district_code":63000020,
    "type":"長距離交通工具",
    "subtype":"航空器",
    "AED_location":"星宇客機B-58211",
    "district":"信義區"
    }
  },
  {
    "type": "Feature",
    "geometry": {
       "type": "Point",
       "coordinates":  [ 121.5615707,25.04216558 ]
    },
    "properties": {
    "name":"星宇航空股份有限公司",
    "address":"忠孝東路四段525號11樓",
    "district_code":63000020,
    "type":"長距離交通工具",
    "subtype":"航空器",
    "AED_location":"星宇客機B-58203",
    "district":"信義區"
    }
  },
  {
    "type": "Feature",
    "geometry": {
       "type": "Point",
       "coordinates":  [ 121.5615707,25.04216558 ]
    },
    "properties": {
    "name":"星宇航空股份有限公司",
    "address":"忠孝東路四段525號11樓",
    "district_code":63000020,
    "type":"長距離交通工具",
    "subtype":"航空器",
    "AED_location":"星宇客機B-58501",
    "district":"信義區"
    }
  },
  {
    "type": "Feature",
    "geometry": {
       "type": "Point",
       "coordinates":  [ 121.5615707,25.04216558 ]
    },
    "properties": {
    "name":"星宇航空股份有限公司",
    "address":"忠孝東路四段525號11樓",
    "district_code":63000020,
    "type":"長距離交通工具",
    "subtype":"航空器",
    "AED_location":"星宇客機B-58213",
    "district":"信義區"
    }
  },
  {
    "type": "Feature",
    "geometry": {
       "type": "Point",
       "coordinates":  [ 121.564472,25.033964 ]
    },
    "properties": {
    "name":"野村證券投資信託股份有限公司(臺北市)",
    "address":"信義路5段7號30樓",
    "district_code":63000020,
    "type":"其他",
    "subtype":"其他場所",
    "AED_location":"野村證券投資信託股份有限公司",
    "district":"信義區"
    }
  },
  {
    "type": "Feature",
    "geometry": {
       "type": "Point",
       "coordinates":  [ 121.579412,24.998269 ]
    },
    "properties": {
    "name":"臺北捷運動物園站BR01",
    "address":"新光路2段32號",
    "district_code":63000080,
    "type":"交通要衝",
    "subtype":"捷運站",
    "AED_location":"捷運文湖線動物園站",
    "district":"文山區"
    }
  },
  {
    "type": "Feature",
    "geometry": {
       "type": "Point",
       "coordinates":  [ 121.573145,24.998241 ]
    },
    "properties": {
    "name":"臺北捷運木柵站BR02",
    "address":"木柵路4段135號",
    "district_code":63000080,
    "type":"交通要衝",
    "subtype":"捷運站",
    "AED_location":"捷運文湖線木柵站",
    "district":"文山區"
    }
  },
  {
    "type": "Feature",
    "geometry": {
       "type": "Point",
       "coordinates":  [ 121.568058,24.998605 ]
    },
    "properties": {
    "name":"臺北捷運萬芳社區站BR03",
    "address":"萬芳路60號",
    "district_code":63000080,
    "type":"交通要衝",
    "subtype":"捷運站",
    "AED_location":"捷運文湖線萬芳社區站",
    "district":"文山區"
    }
  },
  {
    "type": "Feature",
    "geometry": {
       "type": "Point",
       "coordinates":  [ 121.558152,24.999386 ]
    },
    "properties": {
    "name":"臺北捷運萬芳醫院站BR04",
    "address":"興隆路3段113號",
    "district_code":63000080,
    "type":"交通要衝",
    "subtype":"捷運站",
    "AED_location":"捷運文湖線萬芳醫院站",
    "district":"文山區"
    }
  },
  {
    "type": "Feature",
    "geometry": {
       "type": "Point",
       "coordinates":  [ 121.557107,25.005475 ]
    },
    "properties": {
    "name":"臺北捷運辛亥站BR05",
    "address":"辛亥路4段128號",
    "district_code":63000080,
    "type":"交通要衝",
    "subtype":"捷運站",
    "AED_location":"捷運文湖線辛亥站",
    "district":"文山區"
    }
  },
  {
    "type": "Feature",
    "geometry": {
       "type": "Point",
       "coordinates":  [ 121.558791,25.018535 ]
    },
    "properties": {
    "name":"臺北捷運麟光站BR06",
    "address":"和平東路3段410號",
    "district_code":63000030,
    "type":"交通要衝",
    "subtype":"捷運站",
    "AED_location":"捷運文湖線麟光站",
    "district":"大安區"
    }
  },
  {
    "type": "Feature",
    "geometry": {
       "type": "Point",
       "coordinates":  [ 121.552984,25.023749 ]
    },
    "properties": {
    "name":"臺北捷運六張犁站BR07",
    "address":"和平東路3段168號",
    "district_code":63000030,
    "type":"交通要衝",
    "subtype":"捷運站",
    "AED_location":"捷運文湖線六張犁站",
    "district":"大安區"
    }
  },
  {
    "type": "Feature",
    "geometry": {
       "type": "Point",
       "coordinates":  [ 121.543647,25.026146 ]
    },
    "properties": {
    "name":"臺北捷運科技大樓站BR08",
    "address":"復興南路2段235號",
    "district_code":63000030,
    "type":"交通要衝",
    "subtype":"捷運站",
    "AED_location":"捷運文湖線科技大樓站",
    "district":"大安區"
    }
  },
  {
    "type": "Feature",
    "geometry": {
       "type": "Point",
       "coordinates":  [ 121.543768,25.041643 ]
    },
    "properties": {
    "name":"臺北捷運忠孝復興站BR10",
    "address":"忠孝東路3段302號",
    "district_code":63000030,
    "type":"交通要衝",
    "subtype":"捷運站",
    "AED_location":"捷運忠孝復興站3樓大廳",
    "district":"大安區"
    }
  },
  {
    "type": "Feature",
    "geometry": {
       "type": "Point",
       "coordinates":  [ 121.543572,25.033246 ]
    },
    "properties": {
    "name":"臺北捷運大安站BR09",
    "address":"信義路4段2號",
    "district_code":63000030,
    "type":"交通要衝",
    "subtype":"捷運站",
    "AED_location":"捷運大安站一樓",
    "district":"大安區"
    }
  },
  {
    "type": "Feature",
    "geometry": {
       "type": "Point",
       "coordinates":  [ 121.543969,25.052256 ]
    },
    "properties": {
    "name":"臺北捷運南京復興站BR11",
    "address":"南京東路3段253號",
    "district_code":63000010,
    "type":"交通要衝",
    "subtype":"捷運站",
    "AED_location":"捷運文湖線南京復興站",
    "district":"松山區"
    }
  },
  {
    "type": "Feature",
    "geometry": {
       "type": "Point",
       "coordinates":  [ 121.544151,25.060809 ]
    },
    "properties": {
    "name":"臺北捷運中山國中站BR12",
    "address":"復興北路376號",
    "district_code":63000040,
    "type":"交通要衝",
    "subtype":"捷運站",
    "AED_location":"捷運文湖線中山國中站三樓大廳",
    "district":"中山區"
    }
  },
  {
    "type": "Feature",
    "geometry": {
       "type": "Point",
       "coordinates":  [ 121.551919,25.063039 ]
    },
    "properties": {
    "name":"臺北捷運松山機場站BR13",
    "address":"敦化北路338號",
    "district_code":63000010,
    "type":"交通要衝",
    "subtype":"捷運站",
    "AED_location":"捷運松山機場站地下二樓大廳層",
    "district":"松山區"
    }
  },
  {
    "type": "Feature",
    "geometry": {
       "type": "Point",
       "coordinates":  [ 121.546844,25.079497 ]
    },
    "properties": {
    "name":"臺北捷運大直站BR14",
    "address":"北安路534-1號",
    "district_code":63000040,
    "type":"交通要衝",
    "subtype":"捷運站",
    "AED_location":"詢問處附近",
    "district":"中山區"
    }
  },
  {
    "type": "Feature",
    "geometry": {
       "type": "Point",
       "coordinates":  [ 121.555537,25.084875 ]
    },
    "properties": {
    "name":"臺北捷運劍南路站BR15",
    "address":"北安路798號",
    "district_code":63000040,
    "type":"交通要衝",
    "subtype":"捷運站",
    "AED_location":"主詢問處附近",
    "district":"中山區"
    }
  },
  {
    "type": "Feature",
    "geometry": {
       "type": "Point",
       "coordinates":  [ 121.56717,25.082159 ]
    },
    "properties": {
    "name":"臺北捷運西湖站BR16",
    "address":"內湖路1段256號",
    "district_code":63000100,
    "type":"交通要衝",
    "subtype":"捷運站",
    "AED_location":"主詢問處附近",
    "district":"內湖區"
    }
  },
  {
    "type": "Feature",
    "geometry": {
       "type": "Point",
       "coordinates":  [ 121.575024,25.080048 ]
    },
    "properties": {
    "name":"臺北捷運港墘站BR17",
    "address":"內湖路1段663號",
    "district_code":63000100,
    "type":"交通要衝",
    "subtype":"捷運站",
    "AED_location":"主詢問處附近",
    "district":"內湖區"
    }
  },
  {
    "type": "Feature",
    "geometry": {
       "type": "Point",
       "coordinates":  [ 121.584714,25.078552 ]
    },
    "properties": {
    "name":"臺北捷運文德站BR18",
    "address":"文德路214號",
    "district_code":63000100,
    "type":"交通要衝",
    "subtype":"捷運站",
    "AED_location":"主詢問處附近",
    "district":"內湖區"
    }
  },
  {
    "type": "Feature",
    "geometry": {
       "type": "Point",
       "coordinates":  [ 121.594368,25.083682 ]
    },
    "properties": {
    "name":"臺北捷運內湖站BR19",
    "address":"成功路4段186號",
    "district_code":63000100,
    "type":"交通要衝",
    "subtype":"捷運站",
    "AED_location":"主詢問處附近",
    "district":"內湖區"
    }
  },
  {
    "type": "Feature",
    "geometry": {
       "type": "Point",
       "coordinates":  [ 121.60209,25.083867 ]
    },
    "properties": {
    "name":"臺北捷運大湖公園站BR20",
    "address":"成功路5段11號",
    "district_code":63000100,
    "type":"交通要衝",
    "subtype":"捷運站",
    "AED_location":"主詢問處附近",
    "district":"內湖區"
    }
  },
  {
    "type": "Feature",
    "geometry": {
       "type": "Point",
       "coordinates":  [ 121.607111,25.072723 ]
    },
    "properties": {
    "name":"臺北捷運葫洲站BR21",
    "address":"康寧路3段16號",
    "district_code":63000100,
    "type":"交通要衝",
    "subtype":"捷運站",
    "AED_location":"主詢問處附近",
    "district":"內湖區"
    }
  },
  {
    "type": "Feature",
    "geometry": {
       "type": "Point",
       "coordinates":  [ 121.611483,25.067274 ]
    },
    "properties": {
    "name":"臺北捷運東湖站BR22",
    "address":"康寧路3段235號",
    "district_code":63000100,
    "type":"交通要衝",
    "subtype":"捷運站",
    "AED_location":"主詢問處附近",
    "district":"內湖區"
    }
  },
  {
    "type": "Feature",
    "geometry": {
       "type": "Point",
       "coordinates":  [ 121.6159,25.059968 ]
    },
    "properties": {
    "name":"臺北捷運南港軟體園區站BR23",
    "address":"經貿二路183號",
    "district_code":63000090,
    "type":"交通要衝",
    "subtype":"捷運站",
    "AED_location":"主詢問處附近",
    "district":"南港區"
    }
  },
  {
    "type": "Feature",
    "geometry": {
       "type": "Point",
       "coordinates":  [ 121.617555,25.05539 ]
    },
    "properties": {
    "name":"臺北捷運南港展覽館站BR24",
    "address":"南港路1段32號",
    "district_code":63000090,
    "type":"交通要衝",
    "subtype":"捷運站",
    "AED_location":"主詢問處附近",
    "district":"南港區"
    }
  },
  {
    "type": "Feature",
    "geometry": {
       "type": "Point",
       "coordinates":  [ 121.499814,25.035338 ]
    },
    "properties": {
    "name":"臺北捷運龍山寺站BL10",
    "address":"西園路1段153號",
    "district_code":63000070,
    "type":"交通要衝",
    "subtype":"捷運站",
    "AED_location":"捷運龍山寺站B1層",
    "district":"萬華區"
    }
  },
  {
    "type": "Feature",
    "geometry": {
       "type": "Point",
       "coordinates":  [ 121.508178,25.04205 ]
    },
    "properties": {
    "name":"臺北捷運西門站BL11",
    "address":"寶慶路32之1號",
    "district_code":63000050,
    "type":"交通要衝",
    "subtype":"捷運站",
    "AED_location":"捷運西門站B1層",
    "district":"中正區"
    }
  },
  {
    "type": "Feature",
    "geometry": {
       "type": "Point",
       "coordinates":  [ 121.523133,25.044746 ]
    },
    "properties": {
    "name":"臺北捷運善導寺站BL13",
    "address":"忠孝東路1段58號B1",
    "district_code":63000050,
    "type":"交通要衝",
    "subtype":"捷運站",
    "AED_location":"善導寺站出口3進入",
    "district":"中正區"
    }
  },
  {
    "type": "Feature",
    "geometry": {
       "type": "Point",
       "coordinates":  [ 121.532862,25.042378 ]
    },
    "properties": {
    "name":"臺北捷運忠孝新生站BL14",
    "address":"新生南路1段67號B1",
    "district_code":63000050,
    "type":"交通要衝",
    "subtype":"捷運站",
    "AED_location":"忠孝新生站出口2進入",
    "district":"中正區"
    }
  },
  {
    "type": "Feature",
    "geometry": {
       "type": "Point",
       "coordinates":  [ 121.543706,25.041654 ]
    },
    "properties": {
    "name":"臺北捷運忠孝復興站BL15",
    "address":"忠孝東路4段47號B1",
    "district_code":63000030,
    "type":"交通要衝",
    "subtype":"捷運站",
    "AED_location":"忠孝復興站出口2進入",
    "district":"大安區"
    }
  },
  {
    "type": "Feature",
    "geometry": {
       "type": "Point",
       "coordinates":  [ 121.55105,25.041498 ]
    },
    "properties": {
    "name":"臺北捷運忠孝敦化站BL16",
    "address":"忠孝東路4段182號B1",
    "district_code":63000030,
    "type":"交通要衝",
    "subtype":"捷運站",
    "AED_location":"忠孝敦化站出口3進入",
    "district":"大安區"
    }
  },
  {
    "type": "Feature",
    "geometry": {
       "type": "Point",
       "coordinates":  [ 121.557764,25.04137 ]
    },
    "properties": {
    "name":"臺北捷運國父紀念館站BL17",
    "address":"忠孝東路4段400號B1",
    "district_code":63000020,
    "type":"交通要衝",
    "subtype":"捷運站",
    "AED_location":"國父紀念館站出口3進入",
    "district":"信義區"
    }
  },
  {
    "type": "Feature",
    "geometry": {
       "type": "Point",
       "coordinates":  [ 121.565172,25.041192 ]
    },
    "properties": {
    "name":"臺北捷運市政府站BL18",
    "address":"忠孝東路5段2號B1",
    "district_code":63000020,
    "type":"交通要衝",
    "subtype":"捷運站",
    "AED_location":"市政府站出口3進入",
    "district":"信義區"
    }
  },
  {
    "type": "Feature",
    "geometry": {
       "type": "Point",
       "coordinates":  [ 121.576233,25.040879 ]
    },
    "properties": {
    "name":"臺北捷運永春站BL19",
    "address":"忠孝東路5段455號B1",
    "district_code":63000020,
    "type":"交通要衝",
    "subtype":"捷運站",
    "AED_location":"永春站出口5進入",
    "district":"信義區"
    }
  },
  {
    "type": "Feature",
    "geometry": {
       "type": "Point",
       "coordinates":  [ 121.582453,25.045083 ]
    },
    "properties": {
    "name":"臺北捷運後山埤站BL20",
    "address":"忠孝東路6段2號B1",
    "district_code":63000090,
    "type":"交通要衝",
    "subtype":"捷運站",
    "AED_location":"後山埤站出口4進入",
    "district":"南港區"
    }
  },
  {
    "type": "Feature",
    "geometry": {
       "type": "Point",
       "coordinates":  [ 121.593268,25.050461 ]
    },
    "properties": {
    "name":"臺北捷運昆陽站BL21",
    "address":"忠孝東路6段451號",
    "district_code":63000090,
    "type":"交通要衝",
    "subtype":"捷運站",
    "AED_location":"昆陽站出口4進入",
    "district":"南港區"
    }
  },
  {
    "type": "Feature",
    "geometry": {
       "type": "Point",
       "coordinates":  [ 121.606652,25.052139 ]
    },
    "properties": {
    "name":"臺北捷運南港站BL22",
    "address":"忠孝東路7段380號B1",
    "district_code":63000090,
    "type":"交通要衝",
    "subtype":"捷運站",
    "AED_location":"南港站出口2進入",
    "district":"南港區"
    }
  },
  {
    "type": "Feature",
    "geometry": {
       "type": "Point",
       "coordinates":  [ 121.61744,25.055288 ]
    },
    "properties": {
    "name":"臺北捷運南港展覽館站BL23",
    "address":"研究院路1段1號B1",
    "district_code":63000090,
    "type":"交通要衝",
    "subtype":"捷運站",
    "AED_location":"南港展覽館站出口5進入",
    "district":"南港區"
    }
  },
  {
    "type": "Feature",
    "geometry": {
       "type": "Point",
       "coordinates":  [ 121.540836,24.992807 ]
    },
    "properties": {
    "name":"臺北捷運景美站G05",
    "address":"羅斯福路6段393號B1",
    "district_code":63000080,
    "type":"交通要衝",
    "subtype":"捷運站",
    "AED_location":"地下1樓大廳層詢問處附近",
    "district":"文山區"
    }
  },
  {
    "type": "Feature",
    "geometry": {
       "type": "Point",
       "coordinates":  [ 121.538937,25.001811 ]
    },
    "properties": {
    "name":"臺北捷運萬隆站G06",
    "address":"羅斯路5段214號B1",
    "district_code":63000080,
    "type":"交通要衝",
    "subtype":"捷運站",
    "AED_location":"地下1樓大廳層詢問處附近",
    "district":"文山區"
    }
  },
  {
    "type": "Feature",
    "geometry": {
       "type": "Point",
       "coordinates":  [ 121.534222,25.014981 ]
    },
    "properties": {
    "name":"臺北捷運公館站G07",
    "address":"羅斯路4段74號",
    "district_code":63000030,
    "type":"交通要衝",
    "subtype":"捷運站",
    "AED_location":"地下1樓大廳層詢問處附近",
    "district":"大安區"
    }
  },
  {
    "type": "Feature",
    "geometry": {
       "type": "Point",
       "coordinates":  [ 121.528176,25.020785 ]
    },
    "properties": {
    "name":"臺北捷運台電大樓站G08",
    "address":"羅斯福3段126之5號",
    "district_code":63000050,
    "type":"交通要衝",
    "subtype":"捷運站",
    "AED_location":"地下1樓大廳層詢問處附近",
    "district":"中正區"
    }
  },
  {
    "type": "Feature",
    "geometry": {
       "type": "Point",
       "coordinates":  [ 121.522814,25.026377 ]
    },
    "properties": {
    "name":"臺北捷運古亭站G09",
    "address":"羅斯福路2段164-1號",
    "district_code":63000050,
    "type":"交通要衝",
    "subtype":"捷運站",
    "AED_location":"地下1樓大廳層詢問處附近",
    "district":"中正區"
    }
  },
  {
    "type": "Feature",
    "geometry": {
       "type": "Point",
       "coordinates":  [ 121.510817,25.035569 ]
    },
    "properties": {
    "name":"臺北捷運小南門站G11",
    "address":"愛國西路22號",
    "district_code":63000050,
    "type":"交通要衝",
    "subtype":"捷運站",
    "AED_location":"地下1樓大廳層詢問處附近",
    "district":"中正區"
    }
  },
  {
    "type": "Feature",
    "geometry": {
       "type": "Point",
       "coordinates":  [ 121.510243,25.049425 ]
    },
    "properties": {
    "name":"臺北捷運北門站G13",
    "address":"塔城街10號",
    "district_code":63000060,
    "type":"交通要衝",
    "subtype":"捷運站",
    "AED_location":"北門站大廳層",
    "district":"大同區"
    }
  },
  {
    "type": "Feature",
    "geometry": {
       "type": "Point",
       "coordinates":  [ 121.520331,25.052654 ]
    },
    "properties": {
    "name":"臺北捷運中山站G14",
    "address":"南京西路55號",
    "district_code":63000060,
    "type":"交通要衝",
    "subtype":"捷運站",
    "AED_location":"綠線中山站大廳層",
    "district":"大同區"
    }
  },
  {
    "type": "Feature",
    "geometry": {
       "type": "Point",
       "coordinates":  [ 121.5403964,25.03367504 ]
    },
    "properties": {
    "name":"舞動陽光-師大附中運動中心",
    "address":"信義路三段143號",
    "district_code":63000030,
    "type":"學校、大型集會場所",
    "subtype":"健身中心",
    "AED_location":"1樓櫃台大廳",
    "district":"大安區"
    }
  },
  {
    "type": "Feature",
    "geometry": {
       "type": "Point",
       "coordinates":  [ 121.54634,24.989821 ]
    },
    "properties": {
    "name":"世新大學",
    "address":"試院路148號",
    "district_code":63000080,
    "type":"學校、大型集會場所",
    "subtype":"大專院校",
    "AED_location":"世新大學管理學院",
    "district":"文山區"
    }
  },
  {
    "type": "Feature",
    "geometry": {
       "type": "Point",
       "coordinates":  [ 121.54634,24.989821 ]
    },
    "properties": {
    "name":"世新大學",
    "address":"試院路148號",
    "district_code":63000080,
    "type":"學校、大型集會場所",
    "subtype":"大專院校",
    "AED_location":"世新大學前門警衛室內",
    "district":"文山區"
    }
  },
  {
    "type": "Feature",
    "geometry": {
       "type": "Point",
       "coordinates":  [ 121.54634,24.989821 ]
    },
    "properties": {
    "name":"世新大學",
    "address":"試院路148號",
    "district_code":63000080,
    "type":"學校、大型集會場所",
    "subtype":"大專院校",
    "AED_location":"世新大學學務處",
    "district":"文山區"
    }
  },
  {
    "type": "Feature",
    "geometry": {
       "type": "Point",
       "coordinates":  [ 121.54634,24.989821 ]
    },
    "properties": {
    "name":"世新大學",
    "address":"試院路148號",
    "district_code":63000080,
    "type":"學校、大型集會場所",
    "subtype":"大專院校",
    "AED_location":"世新大學後門警衛室",
    "district":"文山區"
    }
  },
  {
    "type": "Feature",
    "geometry": {
       "type": "Point",
       "coordinates":  [ 121.54634,24.989821 ]
    },
    "properties": {
    "name":"世新大學",
    "address":"試院路148號",
    "district_code":63000080,
    "type":"學校、大型集會場所",
    "subtype":"大專院校",
    "AED_location":"衛生保健組保健室內",
    "district":"文山區"
    }
  },
  {
    "type": "Feature",
    "geometry": {
       "type": "Point",
       "coordinates":  [ 121.54634,24.989821 ]
    },
    "properties": {
    "name":"世新大學",
    "address":"試院路148號",
    "district_code":63000080,
    "type":"學校、大型集會場所",
    "subtype":"大專院校",
    "AED_location":"學生宿舍",
    "district":"文山區"
    }
  },
  {
    "type": "Feature",
    "geometry": {
       "type": "Point",
       "coordinates":  [ 121.54634,24.989821 ]
    },
    "properties": {
    "name":"世新大學",
    "address":"試院路148號",
    "district_code":63000080,
    "type":"學校、大型集會場所",
    "subtype":"大專院校",
    "AED_location":"傳播大樓一樓",
    "district":"文山區"
    }
  },
  {
    "type": "Feature",
    "geometry": {
       "type": "Point",
       "coordinates":  [ 121.509851,25.141948 ]
    },
    "properties": {
    "name":"臺北市北投區義方國民小學",
    "address":"珠海路155號",
    "district_code":63000120,
    "type":"其他",
    "subtype":"其他場所",
    "AED_location":"健康中心",
    "district":"北投區"
    }
  },
  {
    "type": "Feature",
    "geometry": {
       "type": "Point",
       "coordinates":  [ 121.5223842,25.042619 ]
    },
    "properties": {
    "name":"中國航運大樓",
    "address":"濟南路一段15號",
    "district_code":63000050,
    "type":"觀光旅遊地區",
    "subtype":"全區域",
    "AED_location":"本棟4樓",
    "district":"中正區"
    }
  },
  {
    "type": "Feature",
    "geometry": {
       "type": "Point",
       "coordinates":  [ 121.558974,24.990528 ]
    },
    "properties": {
    "name":"臺北市私立再興高級中學",
    "address":"興隆路四段二號",
    "district_code":63000080,
    "type":"學校、大型集會場所",
    "subtype":"高中職",
    "AED_location":"B3球場",
    "district":"文山區"
    }
  },
  {
    "type": "Feature",
    "geometry": {
       "type": "Point",
       "coordinates":  [ 121.558974,24.990528 ]
    },
    "properties": {
    "name":"臺北市私立再興高級中學",
    "address":"興隆路四段二號",
    "district_code":63000080,
    "type":"學校、大型集會場所",
    "subtype":"高中職",
    "AED_location":"5樓電梯前牆壁",
    "district":"文山區"
    }
  },
  {
    "type": "Feature",
    "geometry": {
       "type": "Point",
       "coordinates":  [ 121.558974,24.990528 ]
    },
    "properties": {
    "name":"臺北市私立再興高級中學",
    "address":"興隆路四段二號",
    "district_code":63000080,
    "type":"學校、大型集會場所",
    "subtype":"高中職",
    "AED_location":"秀榮大樓1樓",
    "district":"文山區"
    }
  },
  {
    "type": "Feature",
    "geometry": {
       "type": "Point",
       "coordinates":  [ 121.559309,24.990051 ]
    },
    "properties": {
    "name":"臺北市私立再興小學",
    "address":"興隆路四段2號",
    "district_code":63000080,
    "type":"其他",
    "subtype":"其他場所",
    "AED_location":"顧正秋大樓4樓",
    "district":"文山區"
    }
  },
  {
    "type": "Feature",
    "geometry": {
       "type": "Point",
       "coordinates":  [ 121.565036,25.028979 ]
    },
    "properties": {
    "name":"Curves 女性30分鐘環形運動 北醫世貿店",
    "address":"莊敬路325巷60號3樓",
    "district_code":63000020,
    "type":"學校、大型集會場所",
    "subtype":"健身房",
    "AED_location":"臺北市信義區莊敬路325巷60號",
    "district":"信義區"
    }
  },
  {
    "type": "Feature",
    "geometry": {
       "type": "Point",
       "coordinates":  [ 121.542709,25.026158 ]
    },
    "properties": {
    "name":"臺北市立龍門國民中學游泳池(委外)",
    "address":"建國南路二段269號",
    "district_code":63000030,
    "type":"大型休閒場所",
    "subtype":"運動場館(如小巨蛋)",
    "AED_location":"體育館泳池入口",
    "district":"大安區"
    }
  },
  {
    "type": "Feature",
    "geometry": {
       "type": "Point",
       "coordinates":  [ 121.533039,25.052035 ]
    },
    "properties": {
    "name":"臺北捷運松江南京站G15",
    "address":"南京東路2段108號B1",
    "district_code":63000040,
    "type":"交通要衝",
    "subtype":"捷運站",
    "AED_location":"綠線松江南京站大廳",
    "district":"中山區"
    }
  },
  {
    "type": "Feature",
    "geometry": {
       "type": "Point",
       "coordinates":  [ 121.551833,25.051687 ]
    },
    "properties": {
    "name":"臺北捷運台北小巨蛋站G17",
    "address":"南京東路4段10-1號",
    "district_code":63000010,
    "type":"交通要衝",
    "subtype":"捷運站",
    "AED_location":"台北小巨蛋站大廳層",
    "district":"松山區"
    }
  },
  {
    "type": "Feature",
    "geometry": {
       "type": "Point",
       "coordinates":  [ 121.563804,25.051449 ]
    },
    "properties": {
    "name":"臺北捷運南京三民站G18",
    "address":"南京東路5段237號",
    "district_code":63000010,
    "type":"交通要衝",
    "subtype":"捷運站",
    "AED_location":"南京三民站大廳層",
    "district":"松山區"
    }
  },
  {
    "type": "Feature",
    "geometry": {
       "type": "Point",
       "coordinates":  [ 121.577631,25.050042 ]
    },
    "properties": {
    "name":"臺北捷運松山站G19",
    "address":"八德路4段742號",
    "district_code":63000010,
    "type":"交通要衝",
    "subtype":"捷運站",
    "AED_location":"松山站大廳層",
    "district":"松山區"
    }
  },
  {
    "type": "Feature",
    "geometry": {
       "type": "Point",
       "coordinates":  [ 121.532816,25.042303 ]
    },
    "properties": {
    "name":"臺北捷運忠孝新生站O07",
    "address":"新生南路1段67號",
    "district_code":63000030,
    "type":"交通要衝",
    "subtype":"捷運站",
    "AED_location":"臺北捷運忠孝新生站O07詢問處附近",
    "district":"大安區"
    }
  },
  {
    "type": "Feature",
    "geometry": {
       "type": "Point",
       "coordinates":  [ 121.533028,25.052042 ]
    },
    "properties": {
    "name":"臺北捷運松江南京站O08",
    "address":"松江路126號",
    "district_code":63000040,
    "type":"交通要衝",
    "subtype":"捷運站",
    "AED_location":"橘線松江南京站大廳層",
    "district":"中山區"
    }
  },
  {
    "type": "Feature",
    "geometry": {
       "type": "Point",
       "coordinates":  [ 121.533095,25.059759 ]
    },
    "properties": {
    "name":"臺北捷運行天宮站O09",
    "address":"松江路316號",
    "district_code":63000040,
    "type":"交通要衝",
    "subtype":"捷運站",
    "AED_location":"臺北捷運行天宮站O09主詢問處附近",
    "district":"中山區"
    }
  },
  {
    "type": "Feature",
    "geometry": {
       "type": "Point",
       "coordinates":  [ 121.526417,25.062646 ]
    },
    "properties": {
    "name":"臺北捷運中山國小站O10",
    "address":"民權東路一段71號",
    "district_code":63000040,
    "type":"交通要衝",
    "subtype":"捷運站",
    "AED_location":"臺北捷運中山國小站O10詢問處附近",
    "district":"中山區"
    }
  },
  {
    "type": "Feature",
    "geometry": {
       "type": "Point",
       "coordinates":  [ 121.519531,25.062724 ]
    },
    "properties": {
    "name":"臺北捷運民權西路站O11",
    "address":"民權西路72號",
    "district_code":63000060,
    "type":"交通要衝",
    "subtype":"捷運站",
    "AED_location":"臺北捷運民權西路站O11主詢問處附近",
    "district":"大同區"
    }
  },
  {
    "type": "Feature",
    "geometry": {
       "type": "Point",
       "coordinates":  [ 121.513109,25.063176 ]
    },
    "properties": {
    "name":"臺北捷運大橋頭站O12",
    "address":"民權西路223號",
    "district_code":63000060,
    "type":"交通要衝",
    "subtype":"捷運站",
    "AED_location":"臺北捷運大橋頭站O12主詢問處附近",
    "district":"大同區"
    }
  },
  {
    "type": "Feature",
    "geometry": {
       "type": "Point",
       "coordinates":  [ 121.57026,25.032806 ]
    },
    "properties": {
    "name":"臺北捷運象山站R02",
    "address":"信義路5段152號",
    "district_code":63000020,
    "type":"交通要衝",
    "subtype":"捷運站",
    "AED_location":"台北捷運象山站",
    "district":"信義區"
    }
  },
  {
    "type": "Feature",
    "geometry": {
       "type": "Point",
       "coordinates":  [ 121.562503,25.032981 ]
    },
    "properties": {
    "name":"臺北捷運台北101/世貿站R03",
    "address":"信義路5段20號",
    "district_code":63000020,
    "type":"交通要衝",
    "subtype":"捷運站",
    "AED_location":"捷運台北101世貿站",
    "district":"信義區"
    }
  },
  {
    "type": "Feature",
    "geometry": {
       "type": "Point",
       "coordinates":  [ 121.552768,25.033128 ]
    },
    "properties": {
    "name":"臺北捷運信義安和站R04",
    "address":"信義路4段212之1號",
    "district_code":63000030,
    "type":"交通要衝",
    "subtype":"捷運站",
    "AED_location":"捷運信義安和站",
    "district":"大安區"
    }
  },
  {
    "type": "Feature",
    "geometry": {
       "type": "Point",
       "coordinates":  [ 121.543557,25.033259 ]
    },
    "properties": {
    "name":"臺北捷運大安站R05",
    "address":"信義路3段180號",
    "district_code":63000030,
    "type":"交通要衝",
    "subtype":"捷運站",
    "AED_location":"捷運淡水信義線大安站",
    "district":"大安區"
    }
  },
  {
    "type": "Feature",
    "geometry": {
       "type": "Point",
       "coordinates":  [ 121.534851,25.033544 ]
    },
    "properties": {
    "name":"臺北捷運大安森林公園站R06",
    "address":"信義路3段100號",
    "district_code":63000030,
    "type":"交通要衝",
    "subtype":"捷運站",
    "AED_location":"捷運大安森林公園站",
    "district":"大安區"
    }
  },
  {
    "type": "Feature",
    "geometry": {
       "type": "Point",
       "coordinates":  [ 121.528699,25.033868 ]
    },
    "properties": {
    "name":"臺北捷運東門站R07",
    "address":"信義路2段166號",
    "district_code":63000030,
    "type":"交通要衝",
    "subtype":"捷運站",
    "AED_location":"捷運東門站",
    "district":"大安區"
    }
  },
  {
    "type": "Feature",
    "geometry": {
       "type": "Point",
       "coordinates":  [ 121.51822,25.032755 ]
    },
    "properties": {
    "name":"臺北捷運中正紀念堂站R08",
    "address":"羅斯福路1段8-1號",
    "district_code":63000050,
    "type":"交通要衝",
    "subtype":"捷運站",
    "AED_location":"捷運中正紀念堂站",
    "district":"中正區"
    }
  },
  {
    "type": "Feature",
    "geometry": {
       "type": "Point",
       "coordinates":  [ 121.515967,25.041297 ]
    },
    "properties": {
    "name":"臺北捷運臺大醫院站R09",
    "address":"公園路52號",
    "district_code":63000050,
    "type":"交通要衝",
    "subtype":"捷運站",
    "AED_location":"捷運台大醫院站",
    "district":"中正區"
    }
  },
  {
    "type": "Feature",
    "geometry": {
       "type": "Point",
       "coordinates":  [ 121.520369,25.052694 ]
    },
    "properties": {
    "name":"臺北捷運中山站R11",
    "address":"南京西路16號",
    "district_code":63000040,
    "type":"交通要衝",
    "subtype":"捷運站",
    "AED_location":"紅線中山站大廳層",
    "district":"中山區"
    }
  },
  {
    "type": "Feature",
    "geometry": {
       "type": "Point",
       "coordinates":  [ 121.520661,25.057779 ]
    },
    "properties": {
    "name":"臺北捷運雙連站R12",
    "address":"民生西路47號",
    "district_code":63000060,
    "type":"交通要衝",
    "subtype":"捷運站",
    "AED_location":"捷運淡水信義線雙連站B1大廳層南非付費區通道",
    "district":"大同區"
    }
  },
  {
    "type": "Feature",
    "geometry": {
       "type": "Point",
       "coordinates":  [ 121.519528,25.062612 ]
    },
    "properties": {
    "name":"臺北捷運民權西路站R13",
    "address":"民權西路72號",
    "district_code":63000060,
    "type":"交通要衝",
    "subtype":"捷運站",
    "AED_location":"捷運淡水信義線民權西路站1F大廳層C016儲藏室旁(付費區)",
    "district":"大同區"
    }
  },
  {
    "type": "Feature",
    "geometry": {
       "type": "Point",
       "coordinates":  [ 121.520118,25.071353 ]
    },
    "properties": {
    "name":"臺北捷運圓山站R14",
    "address":"酒泉街9之1號",
    "district_code":63000060,
    "type":"交通要衝",
    "subtype":"捷運站",
    "AED_location":"捷運淡水信義線圓山站1號出口女廁旁(付費區)",
    "district":"大同區"
    }
  },
  {
    "type": "Feature",
    "geometry": {
       "type": "Point",
       "coordinates":  [ 121.525078,25.084873 ]
    },
    "properties": {
    "name":"臺北捷運劍潭站R15",
    "address":"中山北路5段65號",
    "district_code":63000110,
    "type":"交通要衝",
    "subtype":"捷運站",
    "AED_location":"捷運淡水信義線劍潭站1號出口詢問處旁(付費區)",
    "district":"士林區"
    }
  },
  {
    "type": "Feature",
    "geometry": {
       "type": "Point",
       "coordinates":  [ 121.52623,25.093535 ]
    },
    "properties": {
    "name":"臺北捷運士林站R16",
    "address":"福德路1號",
    "district_code":63000110,
    "type":"交通要衝",
    "subtype":"捷運站",
    "AED_location":"捷運淡水信義線士林站2號出口男廁旁(付費區)",
    "district":"士林區"
    }
  },
  {
    "type": "Feature",
    "geometry": {
       "type": "Point",
       "coordinates":  [ 121.522514,25.10306 ]
    },
    "properties": {
    "name":"臺北捷運芝山站R17",
    "address":"福國路70號",
    "district_code":63000110,
    "type":"交通要衝",
    "subtype":"捷運站",
    "AED_location":"捷運淡水信義線芝山站1號出口詢問處旁(付費區)",
    "district":"士林區"
    }
  },
  {
    "type": "Feature",
    "geometry": {
       "type": "Point",
       "coordinates":  [ 121.518848,25.109721 ]
    },
    "properties": {
    "name":"臺北捷運明德站R18",
    "address":"明德路95號",
    "district_code":63000120,
    "type":"交通要衝",
    "subtype":"捷運站",
    "AED_location":"捷運淡水信義線明德站詢問處旁(付費區)",
    "district":"北投區"
    }
  },
  {
    "type": "Feature",
    "geometry": {
       "type": "Point",
       "coordinates":  [ 121.515559,25.114523 ]
    },
    "properties": {
    "name":"臺北捷運石牌站R19",
    "address":"石牌路1段200號",
    "district_code":63000120,
    "type":"交通要衝",
    "subtype":"捷運站",
    "AED_location":"捷運石牌站一出口一樓大廳",
    "district":"北投區"
    }
  },
  {
    "type": "Feature",
    "geometry": {
       "type": "Point",
       "coordinates":  [ 121.506252,25.120872 ]
    },
    "properties": {
    "name":"臺北捷運唭哩岸站R20",
    "address":"東華街2段301號",
    "district_code":63000120,
    "type":"交通要衝",
    "subtype":"捷運站",
    "AED_location":"捷運唭哩岸站1號出口一樓大廳",
    "district":"北投區"
    }
  },
  {
    "type": "Feature",
    "geometry": {
       "type": "Point",
       "coordinates":  [ 121.501021,25.125543 ]
    },
    "properties": {
    "name":"臺北捷運奇岩站R21",
    "address":"三合街2段489號",
    "district_code":63000120,
    "type":"交通要衝",
    "subtype":"捷運站",
    "AED_location":"捷運奇岩站一樓大廳",
    "district":"北投區"
    }
  },
  {
    "type": "Feature",
    "geometry": {
       "type": "Point",
       "coordinates":  [ 121.498645,25.131956 ]
    },
    "properties": {
    "name":"臺北捷運北投站R22",
    "address":"光明路1號",
    "district_code":63000120,
    "type":"交通要衝",
    "subtype":"捷運站",
    "AED_location":"捷運北投站1號出口大廳付費區詢問處旁",
    "district":"北投區"
    }
  },
  {
    "type": "Feature",
    "geometry": {
       "type": "Point",
       "coordinates":  [ 121.50253,25.136933 ]
    },
    "properties": {
    "name":"臺北捷運新北投站R22A",
    "address":"大業路700號",
    "district_code":63000120,
    "type":"交通要衝",
    "subtype":"捷運站",
    "AED_location":"捷運新北投站_大廳",
    "district":"北投區"
    }
  },
  {
    "type": "Feature",
    "geometry": {
       "type": "Point",
       "coordinates":  [ 121.485444,25.137474 ]
    },
    "properties": {
    "name":"臺北捷運復興崗站R23",
    "address":"中央北路3段53巷10號",
    "district_code":63000120,
    "type":"交通要衝",
    "subtype":"捷運站",
    "AED_location":"捷運復興崗站一月台樓梯旁",
    "district":"北投區"
    }
  },
  {
    "type": "Feature",
    "geometry": {
       "type": "Point",
       "coordinates":  [ 121.47341,25.130969 ]
    },
    "properties": {
    "name":"臺北捷運忠義站R24",
    "address":"中央北路4段301號",
    "district_code":63000120,
    "type":"交通要衝",
    "subtype":"捷運站",
    "AED_location":"捷運忠義站一月台樓梯旁",
    "district":"北投區"
    }
  },
  {
    "type": "Feature",
    "geometry": {
       "type": "Point",
       "coordinates":  [ 121.46712,25.125651 ]
    },
    "properties": {
    "name":"臺北捷運關渡站R25",
    "address":"大度路3段296巷51號",
    "district_code":63000120,
    "type":"交通要衝",
    "subtype":"捷運站",
    "AED_location":"捷運關渡站二月台樓梯旁",
    "district":"北投區"
    }
  },
  {
    "type": "Feature",
    "geometry": {
       "type": "Point",
       "coordinates":  [ 121.543883,25.05227 ]
    },
    "properties": {
    "name":"臺北捷運南京復興站G16",
    "address":"南京東路3段172號",
    "district_code":63000040,
    "type":"交通要衝",
    "subtype":"捷運站",
    "AED_location":"綠線南京復興站大廳層",
    "district":"中山區"
    }
  },
  {
    "type": "Feature",
    "geometry": {
       "type": "Point",
       "coordinates":  [ 121.5615707,25.04216558 ]
    },
    "properties": {
    "name":"星宇航空股份有限公司",
    "address":"忠孝東路四段525號11樓",
    "district_code":63000020,
    "type":"長距離交通工具",
    "subtype":"航空器",
    "AED_location":"星宇客機B-58503",
    "district":"信義區"
    }
  },
  {
    "type": "Feature",
    "geometry": {
       "type": "Point",
       "coordinates":  [ 121.5615707,25.04216558 ]
    },
    "properties": {
    "name":"星宇航空股份有限公司",
    "address":"忠孝東路四段525號11樓",
    "district_code":63000020,
    "type":"長距離交通工具",
    "subtype":"航空器",
    "AED_location":"星宇客機B-58305",
    "district":"信義區"
    }
  },
  {
    "type": "Feature",
    "geometry": {
       "type": "Point",
       "coordinates":  [ 121.5589431,25.08048916 ]
    },
    "properties": {
    "name":"Marriott Taipei 台北萬豪酒店",
    "address":"樂群二路199號",
    "district_code":63000040,
    "type":"旅宿場所",
    "subtype":"飯店",
    "AED_location":"5F宴會廳休息區",
    "district":"中山區"
    }
  },
  {
    "type": "Feature",
    "geometry": {
       "type": "Point",
       "coordinates":  [ 121.6039951,25.0545932 ]
    },
    "properties": {
    "name":"臺北市南港銀髮人才服務據點",
    "address":"南港路二段60巷18號",
    "district_code":63000090,
    "type":"其他",
    "subtype":"其他場所",
    "AED_location":"臺北市南港銀髮人才服務據點",
    "district":"南港區"
    }
  },
  {
    "type": "Feature",
    "geometry": {
       "type": "Point",
       "coordinates":  [ 121.534463,25.016323 ]
    },
    "properties": {
    "name":"國立臺灣大學(校總區)",
    "address":"羅斯福路4段1號",
    "district_code":63000030,
    "type":"學校、大型集會場所",
    "subtype":"大專院校",
    "AED_location":"法律霖澤館",
    "district":"大安區"
    }
  },
  {
    "type": "Feature",
    "geometry": {
       "type": "Point",
       "coordinates":  [ 121.5033349,25.02600586 ]
    },
    "properties": {
    "name":"臺北市萬華區新和國民小學(活動中心)",
    "address":"西藏路125巷31號",
    "district_code":63000070,
    "type":"學校、大型集會場所",
    "subtype":"國小",
    "AED_location":"新和國小活動中心一樓",
    "district":"萬華區"
    }
  },
  {
    "type": "Feature",
    "geometry": {
       "type": "Point",
       "coordinates":  [ 121.5382499,25.0252636 ]
    },
    "properties": {
    "name":"作伙CrossFit",
    "address":"和平東路二段46巷11號",
    "district_code":63000030,
    "type":"學校、大型集會場所",
    "subtype":"健身房",
    "AED_location":"二樓",
    "district":"大安區"
    }
  },
  {
    "type": "Feature",
    "geometry": {
       "type": "Point",
       "coordinates":  [ 121.5446374,25.0246244 ]
    },
    "properties": {
    "name":"國立臺北教育大學泳健館-恆動力",
    "address":"和平東路二段134號1樓",
    "district_code":63000030,
    "type":"學校、大型集會場所",
    "subtype":"大專院校",
    "AED_location":"泳健館泳池區出入口旁",
    "district":"大安區"
    }
  },
  {
    "type": "Feature",
    "geometry": {
       "type": "Point",
       "coordinates":  [ 121.5573414,25.0373714 ]
    },
    "properties": {
    "name":"台灣飛軒理股份有限公司",
    "address":"仁愛",
    "district_code":63000030,
    "type":"其他",
    "subtype":"其他場所",
    "AED_location":"公司櫃檯販賣機旁",
    "district":"大安區"
    }
  },
  {
    "type": "Feature",
    "geometry": {
       "type": "Point",
       "coordinates":  [ 121.5576494,25.0315514 ]
    },
    "properties": {
    "name":"星球健身股份有限公司",
    "address":"光復南路547號",
    "district_code":63000020,
    "type":"學校、大型集會場所",
    "subtype":"健身中心",
    "AED_location":"一樓大廳",
    "district":"信義區"
    }
  },
  {
    "type": "Feature",
    "geometry": {
       "type": "Point",
       "coordinates":  [ 121.5527305,25.0341092 ]
    },
    "properties": {
    "name":"Fitnexx私人健身空間",
    "address":"安和路一段137號2樓",
    "district_code":63000030,
    "type":"學校、大型集會場所",
    "subtype":"健身房",
    "AED_location":"2F入口",
    "district":"大安區"
    }
  },
  {
    "type": "Feature",
    "geometry": {
       "type": "Point",
       "coordinates":  [ 121.5439576,25.0388565 ]
    },
    "properties": {
    "name":"台北大安伊普索酒店",
    "address":"復興南路一段219-2號5樓",
    "district_code":63000030,
    "type":"旅宿場所",
    "subtype":"旅館",
    "AED_location":"飯店5樓健身房內",
    "district":"大安區"
    }
  },
  {
    "type": "Feature",
    "geometry": {
       "type": "Point",
       "coordinates":  [ 121.5485686,25.05280224 ]
    },
    "properties": {
    "name":"優勢開發管理顧問有限公司-南京館",
    "address":"敦化北路100號1樓",
    "district_code":63000010,
    "type":"學校、大型集會場所",
    "subtype":"健身房",
    "AED_location":"跑步機旁",
    "district":"松山區"
    }
  },
  {
    "type": "Feature",
    "geometry": {
       "type": "Point",
       "coordinates":  [ 121.4645596,25.12194737 ]
    },
    "properties": {
    "name":"馬偕學校財團法人馬偕醫護管理專科學校(關渡校區)",
    "address":"聖景路92號",
    "district_code":63000120,
    "type":"學校、大型集會場所",
    "subtype":"大專院校",
    "AED_location":"關渡校區綜合大樓2樓大廳(電梯口旁)",
    "district":"北投區"
    }
  },
  {
    "type": "Feature",
    "geometry": {
       "type": "Point",
       "coordinates":  [ 121.546274,25.023455 ]
    },
    "properties": {
    "name":"國立臺北教育大學(學生活動中心)",
    "address":"和平東路二段134號",
    "district_code":63000030,
    "type":"學校、大型集會場所",
    "subtype":"大專院校",
    "AED_location":"衛保組門口",
    "district":"大安區"
    }
  },
  {
    "type": "Feature",
    "geometry": {
       "type": "Point",
       "coordinates":  [ 121.543377,25.037704 ]
    },
    "properties": {
    "name":"台北福華大飯店",
    "address":"仁愛路3段160號",
    "district_code":63000030,
    "type":"旅宿場所",
    "subtype":"飯店",
    "AED_location":"飯店大廳",
    "district":"大安區"
    }
  },
  {
    "type": "Feature",
    "geometry": {
       "type": "Point",
       "coordinates":  [ 121.534463,25.016323 ]
    },
    "properties": {
    "name":"國立臺灣大學(校總區)",
    "address":"羅斯福路4段1號",
    "district_code":63000030,
    "type":"學校、大型集會場所",
    "subtype":"大專院校",
    "AED_location":"凝態物理館",
    "district":"大安區"
    }
  },
  {
    "type": "Feature",
    "geometry": {
       "type": "Point",
       "coordinates":  [ 121.5224909,25.0892243 ]
    },
    "properties": {
    "name":"A fitness",
    "address":"基河路138號1樓",
    "district_code":63000110,
    "type":"其他",
    "subtype":"其他場所",
    "AED_location":"健身房內部",
    "district":"士林區"
    }
  },
  {
    "type": "Feature",
    "geometry": {
       "type": "Point",
       "coordinates":  [ 121.5443799,25.1790735 ]
    },
    "properties": {
    "name":"小觀音棧",
    "address":"竹子湖路64之13號",
    "district_code":63000120,
    "type":"觀光旅遊地區",
    "subtype":"國家公園",
    "AED_location":"入口進入後右轉牆上",
    "district":"北投區"
    }
  },
  {
    "type": "Feature",
    "geometry": {
       "type": "Point",
       "coordinates":  [ 121.5606691,25.0323537 ]
    },
    "properties": {
    "name":"Ynot Fitness 何不相信健身房",
    "address":"信義路五段8巷15號14樓",
    "district_code":63000020,
    "type":"學校、大型集會場所",
    "subtype":"健身房",
    "AED_location":"健身房裡面",
    "district":"信義區"
    }
  },
  {
    "type": "Feature",
    "geometry": {
       "type": "Point",
       "coordinates":  [ 121.534463,25.016323 ]
    },
    "properties": {
    "name":"國立臺灣大學(校總區)",
    "address":"羅斯福路4段1號",
    "district_code":63000030,
    "type":"學校、大型集會場所",
    "subtype":"大專院校",
    "AED_location":"應力館",
    "district":"大安區"
    }
  },
  {
    "type": "Feature",
    "geometry": {
       "type": "Point",
       "coordinates":  [ 121.534463,25.016323 ]
    },
    "properties": {
    "name":"國立臺灣大學(校總區)",
    "address":"羅斯福路4段1號",
    "district_code":63000030,
    "type":"學校、大型集會場所",
    "subtype":"大專院校",
    "AED_location":"土木館",
    "district":"大安區"
    }
  },
  {
    "type": "Feature",
    "geometry": {
       "type": "Point",
       "coordinates":  [ 121.544436,25.016473 ]
    },
    "properties": {
    "name":"國立臺灣大學(長興校區)",
    "address":"長興街50號",
    "district_code":63000030,
    "type":"學校、大型集會場所",
    "subtype":"大專院校",
    "AED_location":"男八宿舍",
    "district":"大安區"
    }
  },
  {
    "type": "Feature",
    "geometry": {
       "type": "Point",
       "coordinates":  [ 121.534463,25.016323 ]
    },
    "properties": {
    "name":"國立臺灣大學(校總區)",
    "address":"羅斯福路4段1號",
    "district_code":63000030,
    "type":"學校、大型集會場所",
    "subtype":"大專院校",
    "AED_location":"第一活動中心",
    "district":"大安區"
    }
  },
  {
    "type": "Feature",
    "geometry": {
       "type": "Point",
       "coordinates":  [ 121.534463,25.016323 ]
    },
    "properties": {
    "name":"國立臺灣大學(校總區)",
    "address":"羅斯福路4段1號",
    "district_code":63000030,
    "type":"學校、大型集會場所",
    "subtype":"大專院校",
    "AED_location":"管理1號館",
    "district":"大安區"
    }
  },
  {
    "type": "Feature",
    "geometry": {
       "type": "Point",
       "coordinates":  [ 121.5116571,25.0883275 ]
    },
    "properties": {
    "name":"百齡左岸河濱公園(社子岸)網球場",
    "address":"通河西街二段10號堤外(百齡橋下)",
    "district_code":63000110,
    "type":"其他",
    "subtype":"其他場所",
    "AED_location":"百齡左岸河濱公園(社子岸)網球場",
    "district":"士林區"
    }
  },
  {
    "type": "Feature",
    "geometry": {
       "type": "Point",
       "coordinates":  [ 121.5064568,25.09287155 ]
    },
    "properties": {
    "name":"百齡左岸河濱公園(社子岸)棒球場",
    "address":"通河西街二段126號堤外",
    "district_code":63000110,
    "type":"其他",
    "subtype":"其他場所",
    "AED_location":"百齡左岸河濱公園棒球G場",
    "district":"士林區"
    }
  },
  {
    "type": "Feature",
    "geometry": {
       "type": "Point",
       "coordinates":  [ 121.534463,25.016323 ]
    },
    "properties": {
    "name":"國立臺灣大學(校總區)",
    "address":"羅斯福路4段1號",
    "district_code":63000030,
    "type":"學校、大型集會場所",
    "subtype":"大專院校",
    "AED_location":"文學院大樓",
    "district":"大安區"
    }
  },
  {
    "type": "Feature",
    "geometry": {
       "type": "Point",
       "coordinates":  [ 121.534463,25.016323 ]
    },
    "properties": {
    "name":"國立臺灣大學(校總區)",
    "address":"羅斯福路4段1號",
    "district_code":63000030,
    "type":"學校、大型集會場所",
    "subtype":"大專院校",
    "AED_location":"動科畜產館",
    "district":"大安區"
    }
  },
  {
    "type": "Feature",
    "geometry": {
       "type": "Point",
       "coordinates":  [ 121.534463,25.016323 ]
    },
    "properties": {
    "name":"國立臺灣大學(校總區)",
    "address":"羅斯福路4段1號",
    "district_code":63000030,
    "type":"學校、大型集會場所",
    "subtype":"大專院校",
    "AED_location":"化學思亮館",
    "district":"大安區"
    }
  },
  {
    "type": "Feature",
    "geometry": {
       "type": "Point",
       "coordinates":  [ 121.508594,25.045066 ]
    },
    "properties": {
    "name":"台灣西鐵國際旅館",
    "address":"中華路一段88號6樓",
    "district_code":63000070,
    "type":"旅宿場所",
    "subtype":"飯店",
    "AED_location":"6樓大廳",
    "district":"萬華區"
    }
  },
  {
    "type": "Feature",
    "geometry": {
       "type": "Point",
       "coordinates":  [ 121.5563562,25.00015598 ]
    },
    "properties": {
    "name":"More Fit 萬芳店",
    "address":"興隆路三段71號",
    "district_code":63000080,
    "type":"學校、大型集會場所",
    "subtype":"健身房",
    "AED_location":"進門正前方",
    "district":"文山區"
    }
  },
  {
    "type": "Feature",
    "geometry": {
       "type": "Point",
       "coordinates":  [ 121.53263,25.01609713 ]
    },
    "properties": {
    "name":"NOWGO 健身工作室",
    "address":"羅斯福路三段312號8樓",
    "district_code":63000050,
    "type":"其他",
    "subtype":"其他場所",
    "AED_location":"NOWGO健身工作室",
    "district":"中正區"
    }
  },
  {
    "type": "Feature",
    "geometry": {
       "type": "Point",
       "coordinates":  [ 121.515283,25.046245 ]
    },
    "properties": {
    "name":"新光三越百貨股份有限公司台北站前分公司",
    "address":"忠孝西路1段66號8F",
    "district_code":63000050,
    "type":"大型購物場所",
    "subtype":"百貨業",
    "AED_location":"8樓育嬰室內醫護室",
    "district":"中正區"
    }
  },
  {
    "type": "Feature",
    "geometry": {
       "type": "Point",
       "coordinates":  [ 121.542993,25.014169 ]
    },
    "properties": {
    "name":"國立臺灣科技大學",
    "address":"基隆路4段43號",
    "district_code":63000030,
    "type":"學校、大型集會場所",
    "subtype":"大專院校",
    "AED_location":"綜合研究大樓一樓",
    "district":"大安區"
    }
  },
  {
    "type": "Feature",
    "geometry": {
       "type": "Point",
       "coordinates":  [ 121.542993,25.014169 ]
    },
    "properties": {
    "name":"國立臺灣科技大學",
    "address":"基隆路4段43號",
    "district_code":63000030,
    "type":"學校、大型集會場所",
    "subtype":"大專院校",
    "AED_location":"國際大樓",
    "district":"大安區"
    }
  },
  {
    "type": "Feature",
    "geometry": {
       "type": "Point",
       "coordinates":  [ 121.542993,25.014169 ]
    },
    "properties": {
    "name":"國立臺灣科技大學",
    "address":"基隆路4段43號",
    "district_code":63000030,
    "type":"學校、大型集會場所",
    "subtype":"大專院校",
    "AED_location":"工程二館",
    "district":"大安區"
    }
  },
  {
    "type": "Feature",
    "geometry": {
       "type": "Point",
       "coordinates":  [ 121.542993,25.014169 ]
    },
    "properties": {
    "name":"國立臺灣科技大學",
    "address":"基隆路4段43號",
    "district_code":63000030,
    "type":"學校、大型集會場所",
    "subtype":"大專院校",
    "AED_location":"電資學院",
    "district":"大安區"
    }
  },
  {
    "type": "Feature",
    "geometry": {
       "type": "Point",
       "coordinates":  [ 121.542993,25.014169 ]
    },
    "properties": {
    "name":"國立臺灣科技大學",
    "address":"基隆路4段43號",
    "district_code":63000030,
    "type":"學校、大型集會場所",
    "subtype":"大專院校",
    "AED_location":"大門警衛室",
    "district":"大安區"
    }
  },
  {
    "type": "Feature",
    "geometry": {
       "type": "Point",
       "coordinates":  [ 121.542993,25.014169 ]
    },
    "properties": {
    "name":"國立臺灣科技大學",
    "address":"基隆路4段43號",
    "district_code":63000030,
    "type":"學校、大型集會場所",
    "subtype":"大專院校",
    "AED_location":"研揚大樓1F川堂",
    "district":"大安區"
    }
  },
  {
    "type": "Feature",
    "geometry": {
       "type": "Point",
       "coordinates":  [ 121.542993,25.014169 ]
    },
    "properties": {
    "name":"國立臺灣科技大學",
    "address":"基隆路4段43號",
    "district_code":63000030,
    "type":"學校、大型集會場所",
    "subtype":"大專院校",
    "AED_location":"體育館",
    "district":"大安區"
    }
  },
  {
    "type": "Feature",
    "geometry": {
       "type": "Point",
       "coordinates":  [ 121.542993,25.014169 ]
    },
    "properties": {
    "name":"國立臺灣科技大學",
    "address":"基隆路4段43號",
    "district_code":63000030,
    "type":"學校、大型集會場所",
    "subtype":"大專院校",
    "AED_location":"第四教學大樓",
    "district":"大安區"
    }
  },
  {
    "type": "Feature",
    "geometry": {
       "type": "Point",
       "coordinates":  [ 121.542993,25.014169 ]
    },
    "properties": {
    "name":"國立臺灣科技大學",
    "address":"基隆路4段43號",
    "district_code":63000030,
    "type":"學校、大型集會場所",
    "subtype":"大專院校",
    "AED_location":"第三宿舍一樓",
    "district":"大安區"
    }
  },
  {
    "type": "Feature",
    "geometry": {
       "type": "Point",
       "coordinates":  [ 121.542993,25.014169 ]
    },
    "properties": {
    "name":"國立臺灣科技大學",
    "address":"基隆路4段43號",
    "district_code":63000030,
    "type":"學校、大型集會場所",
    "subtype":"大專院校",
    "AED_location":"管理大樓",
    "district":"大安區"
    }
  },
  {
    "type": "Feature",
    "geometry": {
       "type": "Point",
       "coordinates":  [ 121.542993,25.014169 ]
    },
    "properties": {
    "name":"國立臺灣科技大學",
    "address":"基隆路4段43號",
    "district_code":63000030,
    "type":"學校、大型集會場所",
    "subtype":"大專院校",
    "AED_location":"健康中心",
    "district":"大安區"
    }
  },
  {
    "type": "Feature",
    "geometry": {
       "type": "Point",
       "coordinates":  [ 121.542993,25.014169 ]
    },
    "properties": {
    "name":"國立臺灣科技大學",
    "address":"基隆路4段43號",
    "district_code":63000030,
    "type":"學校、大型集會場所",
    "subtype":"大專院校",
    "AED_location":"學生活動中心一樓",
    "district":"大安區"
    }
  },
  {
    "type": "Feature",
    "geometry": {
       "type": "Point",
       "coordinates":  [ 121.542993,25.014169 ]
    },
    "properties": {
    "name":"國立臺灣科技大學",
    "address":"基隆路4段43號",
    "district_code":63000030,
    "type":"學校、大型集會場所",
    "subtype":"大專院校",
    "AED_location":"第二宿舍一樓",
    "district":"大安區"
    }
  },
  {
    "type": "Feature",
    "geometry": {
       "type": "Point",
       "coordinates":  [ 121.542993,25.014169 ]
    },
    "properties": {
    "name":"國立臺灣科技大學",
    "address":"基隆路4段43號",
    "district_code":63000030,
    "type":"學校、大型集會場所",
    "subtype":"大專院校",
    "AED_location":"第一宿舍一樓",
    "district":"大安區"
    }
  },
  {
    "type": "Feature",
    "geometry": {
       "type": "Point",
       "coordinates":  [ 121.53565,25.04246 ]
    },
    "properties": {
    "name":"國立臺北科技大學",
    "address":"忠孝東路3 段1號",
    "district_code":63000030,
    "type":"學校、大型集會場所",
    "subtype":"大專院校",
    "AED_location":"先鋒國際研發大樓1樓",
    "district":"大安區"
    }
  },
  {
    "type": "Feature",
    "geometry": {
       "type": "Point",
       "coordinates":  [ 121.514794,25.120313 ]
    },
    "properties": {
    "name":"國立陽明交通大學-陽明校區",
    "address":"立農街2段155號（陽明交通大學）",
    "district_code":63000120,
    "type":"學校、大型集會場所",
    "subtype":"大專院校",
    "AED_location":"活動中心2樓",
    "district":"北投區"
    }
  },
  {
    "type": "Feature",
    "geometry": {
       "type": "Point",
       "coordinates":  [ 121.5289077,25.1109832 ]
    },
    "properties": {
    "name":"施達實業有限公司附設臺北市私立施達社區長照機構",
    "address":"德行東路109巷104號2樓",
    "district_code":63000110,
    "type":"學校、大型集會場所",
    "subtype":"健身中心",
    "AED_location":"辦公室 (近大門口)",
    "district":"士林區"
    }
  },
  {
    "type": "Feature",
    "geometry": {
       "type": "Point",
       "coordinates":  [ 121.607859,25.056498 ]
    },
    "properties": {
    "name":"臺北市立南港高級工業職業學校",
    "address":"興中路29號",
    "district_code":63000090,
    "type":"學校、大型集會場所",
    "subtype":"高中職",
    "AED_location":"警衛室(傳達室內)",
    "district":"南港區"
    }
  },
  {
    "type": "Feature",
    "geometry": {
       "type": "Point",
       "coordinates":  [ 121.5511697,25.0290777 ]
    },
    "properties": {
    "name":"瓦城安和店",
    "address":"安和路二段133號1樓",
    "district_code":63000030,
    "type":"大型休閒場所",
    "subtype":"電影片映演場所(戲院、電影院)",
    "AED_location":"餐廳內",
    "district":"大安區"
    }
  },
  {
    "type": "Feature",
    "geometry": {
       "type": "Point",
       "coordinates":  [ 121.507488,25.12683 ]
    },
    "properties": {
    "name":"臺北市北投區清江國民小學",
    "address":"公?路220號",
    "district_code":63000120,
    "type":"其他",
    "subtype":"其他場所",
    "AED_location":"本校後穿堂",
    "district":"北投區"
    }
  },
  {
    "type": "Feature",
    "geometry": {
       "type": "Point",
       "coordinates":  [ 121.5780389,25.0609683 ]
    },
    "properties": {
    "name":"宜家家居股份有限公司內湖店",
    "address":"舊宗路一段128號",
    "district_code":63000100,
    "type":"大型購物場所",
    "subtype":"賣場",
    "AED_location":"1F的2號門入口",
    "district":"內湖區"
    }
  },
  {
    "type": "Feature",
    "geometry": {
       "type": "Point",
       "coordinates":  [ 121.5780389,25.0609683 ]
    },
    "properties": {
    "name":"宜家家居股份有限公司內湖店",
    "address":"舊宗路一段128號",
    "district_code":63000100,
    "type":"大型購物場所",
    "subtype":"賣場",
    "AED_location":"3F斯慕蘭兒童遊樂場前",
    "district":"內湖區"
    }
  },
  {
    "type": "Feature",
    "geometry": {
       "type": "Point",
       "coordinates":  [ 121.5780389,25.0609683 ]
    },
    "properties": {
    "name":"宜家家居股份有限公司內湖店",
    "address":"舊宗路一段128號",
    "district_code":63000100,
    "type":"大型購物場所",
    "subtype":"賣場",
    "AED_location":"2F的瑞典餐廳入口處",
    "district":"內湖區"
    }
  },
  {
    "type": "Feature",
    "geometry": {
       "type": "Point",
       "coordinates":  [ 121.518626,25.051648 ]
    },
    "properties": {
    "name":"臺北市立建成國民中學",
    "address":"長安西路37之1號",
    "district_code":63000060,
    "type":"學校、大型集會場所",
    "subtype":"國中",
    "AED_location":"建成國中警衛室",
    "district":"大同區"
    }
  },
  {
    "type": "Feature",
    "geometry": {
       "type": "Point",
       "coordinates":  [ 121.5436883,25.0307551 ]
    },
    "properties": {
    "name":"閃電肌力體能訓練",
    "address":"復興南路二段65號2樓之2",
    "district_code":63000030,
    "type":"學校、大型集會場所",
    "subtype":"健身房",
    "AED_location":"臺北市大安區復興南路二段65號2樓之2",
    "district":"大安區"
    }
  },
  {
    "type": "Feature",
    "geometry": {
       "type": "Point",
       "coordinates":  [ 121.618819,25.054232 ]
    },
    "properties": {
    "name":"臺北市立誠正國民中學",
    "address":"富康街1巷24號",
    "district_code":63000090,
    "type":"學校、大型集會場所",
    "subtype":"國中",
    "AED_location":"1樓穿堂",
    "district":"南港區"
    }
  },
  {
    "type": "Feature",
    "geometry": {
       "type": "Point",
       "coordinates":  [ 121.59861,25.052319 ]
    },
    "properties": {
    "name":"臺北流行音樂中心",
    "address":"市民大道八段99號",
    "district_code":63000090,
    "type":"大型休閒場所",
    "subtype":"演藝廳",
    "AED_location":"文化館1樓大廳",
    "district":"南港區"
    }
  },
  {
    "type": "Feature",
    "geometry": {
       "type": "Point",
       "coordinates":  [ 121.5615707,25.04216558 ]
    },
    "properties": {
    "name":"星宇航空股份有限公司",
    "address":"忠孝東路四段525號11樓",
    "district_code":63000020,
    "type":"長距離交通工具",
    "subtype":"航空器",
    "AED_location":"星宇客機B-58505",
    "district":"信義區"
    }
  },
  {
    "type": "Feature",
    "geometry": {
       "type": "Point",
       "coordinates":  [ 121.5615707,25.04216558 ]
    },
    "properties": {
    "name":"星宇航空股份有限公司",
    "address":"忠孝東路四段525號11樓",
    "district_code":63000020,
    "type":"長距離交通工具",
    "subtype":"航空器",
    "AED_location":"星宇客機B-58304",
    "district":"信義區"
    }
  },
  {
    "type": "Feature",
    "geometry": {
       "type": "Point",
       "coordinates":  [ 121.5615707,25.04216558 ]
    },
    "properties": {
    "name":"星宇航空股份有限公司",
    "address":"忠孝東路四段525號11樓",
    "district_code":63000020,
    "type":"長距離交通工具",
    "subtype":"航空器",
    "AED_location":"星宇客機B-58212",
    "district":"信義區"
    }
  },
  {
    "type": "Feature",
    "geometry": {
       "type": "Point",
       "coordinates":  [ 121.5615707,25.04216558 ]
    },
    "properties": {
    "name":"星宇航空股份有限公司",
    "address":"忠孝東路四段525號11樓",
    "district_code":63000020,
    "type":"長距離交通工具",
    "subtype":"航空器",
    "AED_location":"星宇客機B-58502",
    "district":"信義區"
    }
  },
  {
    "type": "Feature",
    "geometry": {
       "type": "Point",
       "coordinates":  [ 121.53383,25.117942 ]
    },
    "properties": {
    "name":"新光三越百貨股份有限公司台北天母分公司-二館",
    "address":"忠誠路二段200號1樓.202號1樓.206號地下1樓.地上1樓至3樓",
    "district_code":63000110,
    "type":"大型購物場所",
    "subtype":"商場",
    "AED_location":"B館1F服務台後方",
    "district":"士林區"
    }
  },
  {
    "type": "Feature",
    "geometry": {
       "type": "Point",
       "coordinates":  [ 121.537253,25.115897 ]
    },
    "properties": {
    "name":"臺北市立大學天母校區",
    "address":"忠誠路二段101號",
    "district_code":63000110,
    "type":"學校、大型集會場所",
    "subtype":"大專院校",
    "AED_location":"綜合運動館(詩欣館)一樓保全櫃台",
    "district":"士林區"
    }
  },
  {
    "type": "Feature",
    "geometry": {
       "type": "Point",
       "coordinates":  [ 121.5188064,25.0731552 ]
    },
    "properties": {
    "name":"好團健身空間",
    "address":"承德路三段244號一樓",
    "district_code":63000060,
    "type":"其他",
    "subtype":"其他場所",
    "AED_location":"飲水機上方",
    "district":"大同區"
    }
  },
  {
    "type": "Feature",
    "geometry": {
       "type": "Point",
       "coordinates":  [ 121.5431425,25.0395052 ]
    },
    "properties": {
    "name":"拿鐵健身工作室",
    "address":"仁愛路3段143巷21號",
    "district_code":63000030,
    "type":"學校、大型集會場所",
    "subtype":"健身房",
    "AED_location":"一樓",
    "district":"大安區"
    }
  },
  {
    "type": "Feature",
    "geometry": {
       "type": "Point",
       "coordinates":  [ 121.5840989,25.0576522 ]
    },
    "properties": {
    "name":"週美里里民活動場所",
    "address":"南京東路六段330巷18弄12號",
    "district_code":63000100,
    "type":"其他",
    "subtype":"其他場所",
    "AED_location":"里辦公處內",
    "district":"內湖區"
    }
  },
  {
    "type": "Feature",
    "geometry": {
       "type": "Point",
       "coordinates":  [ 121.557636,25.06304 ]
    },
    "properties": {
    "name":"台灣虎航股份有限公司",
    "address":"敦化北路405巷123弄3號",
    "district_code":63000010,
    "type":"長距離交通工具",
    "subtype":"航空器",
    "AED_location":"B-50026航機, 第13排 DEF行李艙",
    "district":"松山區"
    }
  },
  {
    "type": "Feature",
    "geometry": {
       "type": "Point",
       "coordinates":  [ 121.500216,25.134142 ]
    },
    "properties": {
    "name":"臺北市北投區北投國民小學",
    "address":"中央北路1段73號",
    "district_code":63000120,
    "type":"學校、大型集會場所",
    "subtype":"國小",
    "AED_location":"川堂",
    "district":"北投區"
    }
  },
  {
    "type": "Feature",
    "geometry": {
       "type": "Point",
       "coordinates":  [ 121.5174415,25.0465183 ]
    },
    "properties": {
    "name":"K區東森廣場",
    "address":"忠孝西路一段47號B1",
    "district_code":63000050,
    "type":"大型購物場所",
    "subtype":"商場",
    "AED_location":"東森商場",
    "district":"中正區"
    }
  },
  {
    "type": "Feature",
    "geometry": {
       "type": "Point",
       "coordinates":  [ 121.511884,25.047245 ]
    },
    "properties": {
    "name":"國立陽明交通大學台北北門校區",
    "address":"忠孝西路1段118號",
    "district_code":63000050,
    "type":"學校、大型集會場所",
    "subtype":"大專院校",
    "AED_location":"警衛室後方",
    "district":"中正區"
    }
  },
  {
    "type": "Feature",
    "geometry": {
       "type": "Point",
       "coordinates":  [ 121.5523144,25.0483521 ]
    },
    "properties": {
    "name":"臺北市藝文推廣處",
    "address":"八德路3段25號3樓",
    "district_code":63000010,
    "type":"大型休閒場所",
    "subtype":"演藝廳",
    "AED_location":"藝文大樓4樓",
    "district":"松山區"
    }
  },
  {
    "type": "Feature",
    "geometry": {
       "type": "Point",
       "coordinates":  [ 121.5833534,25.05525672 ]
    },
    "properties": {
    "name":"洲尾庄興安宮",
    "address":"潭美街183號",
    "district_code":63000100,
    "type":"其他",
    "subtype":"其他場所",
    "AED_location":"放置於廟公辦公室",
    "district":"內湖區"
    }
  },
  {
    "type": "Feature",
    "geometry": {
       "type": "Point",
       "coordinates":  [ 121.536345,25.003607 ]
    },
    "properties": {
    "name":"景美游泳池",
    "address":"羅斯福路五段176巷50號",
    "district_code":63000080,
    "type":"大型休閒場所",
    "subtype":"運動場館(如小巨蛋)",
    "AED_location":"泳池入口處",
    "district":"文山區"
    }
  },
  {
    "type": "Feature",
    "geometry": {
       "type": "Point",
       "coordinates":  [ 121.556181,24.980744 ]
    },
    "properties": {
    "name":"臺北市立景美女子高級中學",
    "address":"木新路3段312號",
    "district_code":63000080,
    "type":"學校、大型集會場所",
    "subtype":"高中職",
    "AED_location":"景美女中",
    "district":"文山區"
    }
  },
  {
    "type": "Feature",
    "geometry": {
       "type": "Point",
       "coordinates":  [ 121.534463,25.016323 ]
    },
    "properties": {
    "name":"國立臺灣大學(校總區)",
    "address":"羅斯福路4段1號",
    "district_code":63000030,
    "type":"學校、大型集會場所",
    "subtype":"大專院校",
    "AED_location":"生科館",
    "district":"大安區"
    }
  },
  {
    "type": "Feature",
    "geometry": {
       "type": "Point",
       "coordinates":  [ 121.4976095,25.0296732 ]
    },
    "properties": {
    "name":"臺北市立南海實驗幼兒園",
    "address":"西藏路424號",
    "district_code":63000070,
    "type":"其他",
    "subtype":"其他場所",
    "AED_location":"穿堂",
    "district":"萬華區"
    }
  },
  {
    "type": "Feature",
    "geometry": {
       "type": "Point",
       "coordinates":  [ 121.544436,25.016473 ]
    },
    "properties": {
    "name":"國立臺灣大學(長興校區)",
    "address":"長興街50號",
    "district_code":63000030,
    "type":"學校、大型集會場所",
    "subtype":"大專院校",
    "AED_location":"生技中心",
    "district":"大安區"
    }
  },
  {
    "type": "Feature",
    "geometry": {
       "type": "Point",
       "coordinates":  [ 121.538127,25.117097 ]
    },
    "properties": {
    "name":"臺北市立天母國民中學",
    "address":"天母東路120號",
    "district_code":63000110,
    "type":"學校、大型集會場所",
    "subtype":"國中",
    "AED_location":"天母國中",
    "district":"士林區"
    }
  },
  {
    "type": "Feature",
    "geometry": {
       "type": "Point",
       "coordinates":  [ 121.526986,25.057205 ]
    },
    "properties": {
    "name":"臺北市政府工務局新建工程處養護工程隊第一分隊",
    "address":"新生北路二段78號",
    "district_code":63000040,
    "type":"其他",
    "subtype":"其他場所",
    "AED_location":"台北市中山區新生北路二段78號",
    "district":"中山區"
    }
  },
  {
    "type": "Feature",
    "geometry": {
       "type": "Point",
       "coordinates":  [ 121.534463,25.016323 ]
    },
    "properties": {
    "name":"國立臺灣大學(校總區)",
    "address":"羅斯福路4段1號",
    "district_code":63000030,
    "type":"學校、大型集會場所",
    "subtype":"大專院校",
    "AED_location":"資工德田館",
    "district":"大安區"
    }
  },
  {
    "type": "Feature",
    "geometry": {
       "type": "Point",
       "coordinates":  [ 121.5419161,24.99000107 ]
    },
    "properties": {
    "name":"臺北市政府工務局新建工程處養護工程隊第六分隊",
    "address":"景後街151號3樓",
    "district_code":63000080,
    "type":"其他",
    "subtype":"其他場所",
    "AED_location":"本棟三樓",
    "district":"文山區"
    }
  },
  {
    "type": "Feature",
    "geometry": {
       "type": "Point",
       "coordinates":  [ 121.5174415,25.0465183 ]
    },
    "properties": {
    "name":"K區東森廣場",
    "address":"忠孝西路一段47號B1",
    "district_code":63000050,
    "type":"大型購物場所",
    "subtype":"商場",
    "AED_location":"東森K區商場",
    "district":"中正區"
    }
  },
  {
    "type": "Feature",
    "geometry": {
       "type": "Point",
       "coordinates":  [ 121.620638,25.059942 ]
    },
    "properties": {
    "name":"臺北市政府工務局新建工程處養護工程隊第四分隊",
    "address":"港東街",
    "district_code":63000090,
    "type":"其他",
    "subtype":"其他場所",
    "AED_location":"1樓辦公室外",
    "district":"南港區"
    }
  },
  {
    "type": "Feature",
    "geometry": {
       "type": "Point",
       "coordinates":  [ 121.56075,25.07955 ]
    },
    "properties": {
    "name":"臺北市濱江實驗國民中學",
    "address":"樂群二路262號",
    "district_code":63000040,
    "type":"學校、大型集會場所",
    "subtype":"國中",
    "AED_location":"體三樓左側",
    "district":"中山區"
    }
  },
  {
    "type": "Feature",
    "geometry": {
       "type": "Point",
       "coordinates":  [ 121.499323,25.022984 ]
    },
    "properties": {
    "name":"臺北市萬華區萬大國民小學",
    "address":"萬大路346號",
    "district_code":63000070,
    "type":"其他",
    "subtype":"其他場所",
    "AED_location":"哺集乳室外門廊",
    "district":"萬華區"
    }
  },
  {
    "type": "Feature",
    "geometry": {
       "type": "Point",
       "coordinates":  [ 121.5523144,25.0483521 ]
    },
    "properties": {
    "name":"臺北市藝文推廣處",
    "address":"八德路3段25號3樓",
    "district_code":63000010,
    "type":"大型休閒場所",
    "subtype":"演藝廳",
    "AED_location":"城市舞台後台",
    "district":"松山區"
    }
  },
  {
    "type": "Feature",
    "geometry": {
       "type": "Point",
       "coordinates":  [ 121.534463,25.016323 ]
    },
    "properties": {
    "name":"國立臺灣大學(校總區)",
    "address":"羅斯福路4段1號",
    "district_code":63000030,
    "type":"學校、大型集會場所",
    "subtype":"大專院校",
    "AED_location":"工科海洋館",
    "district":"大安區"
    }
  },
  {
    "type": "Feature",
    "geometry": {
       "type": "Point",
       "coordinates":  [ 121.534463,25.016323 ]
    },
    "properties": {
    "name":"國立臺灣大學(校總區)",
    "address":"羅斯福路4段1號",
    "district_code":63000030,
    "type":"學校、大型集會場所",
    "subtype":"大專院校",
    "AED_location":"博雅教學館",
    "district":"大安區"
    }
  },
  {
    "type": "Feature",
    "geometry": {
       "type": "Point",
       "coordinates":  [ 121.534866,25.03758 ]
    },
    "properties": {
    "name":"臺北市大安區幸安國民小學",
    "address":"仁愛路三段22號",
    "district_code":63000030,
    "type":"學校、大型集會場所",
    "subtype":"國小",
    "AED_location":"臺北市大安區幸安國民小學游泳池(B1)",
    "district":"大安區"
    }
  },
  {
    "type": "Feature",
    "geometry": {
       "type": "Point",
       "coordinates":  [ 121.511757,25.115729 ]
    },
    "properties": {
    "name":"臺北市北投區石牌國民小學",
    "address":"致遠二路80號",
    "district_code":63000120,
    "type":"其他",
    "subtype":"其他場所",
    "AED_location":"石牌國小警衛室",
    "district":"北投區"
    }
  },
  {
    "type": "Feature",
    "geometry": {
       "type": "Point",
       "coordinates":  [ 121.54995,25.004723 ]
    },
    "properties": {
    "name":"臺北市立興福國民中學",
    "address":"福興路80號",
    "district_code":63000080,
    "type":"學校、大型集會場所",
    "subtype":"國中",
    "AED_location":"行政大樓川堂一側",
    "district":"文山區"
    }
  },
  {
    "type": "Feature",
    "geometry": {
       "type": "Point",
       "coordinates":  [ 121.5523144,25.0483521 ]
    },
    "properties": {
    "name":"臺北市藝文推廣處",
    "address":"八德路3段25號3樓",
    "district_code":63000010,
    "type":"大型休閒場所",
    "subtype":"演藝廳",
    "AED_location":"城市舞台前台",
    "district":"松山區"
    }
  },
  {
    "type": "Feature",
    "geometry": {
       "type": "Point",
       "coordinates":  [ 121.545055,25.011865 ]
    },
    "properties": {
    "name":"國立臺灣大學(芳蘭校區)",
    "address":"芳蘭路71號",
    "district_code":63000030,
    "type":"學校、大型集會場所",
    "subtype":"大專院校",
    "AED_location":"環研大樓",
    "district":"大安區"
    }
  },
  {
    "type": "Feature",
    "geometry": {
       "type": "Point",
       "coordinates":  [ 121.534463,25.016323 ]
    },
    "properties": {
    "name":"國立臺灣大學(校總區)",
    "address":"羅斯福路4段1號",
    "district_code":63000030,
    "type":"學校、大型集會場所",
    "subtype":"大專院校",
    "AED_location":"電機明達館",
    "district":"大安區"
    }
  },
  {
    "type": "Feature",
    "geometry": {
       "type": "Point",
       "coordinates":  [ 121.578255,24.98498 ]
    },
    "properties": {
    "name":"臺北市立北政國民中學",
    "address":"指南路3段2巷14號",
    "district_code":63000080,
    "type":"學校、大型集會場所",
    "subtype":"國中",
    "AED_location":"警衛室旁邊",
    "district":"文山區"
    }
  },
  {
    "type": "Feature",
    "geometry": {
       "type": "Point",
       "coordinates":  [ 121.505128,25.119147 ]
    },
    "properties": {
    "name":"臺北市北投區立農國民小學",
    "address":"立農街一段250號",
    "district_code":63000120,
    "type":"其他",
    "subtype":"其他場所",
    "AED_location":"立農國小",
    "district":"北投區"
    }
  },
  {
    "type": "Feature",
    "geometry": {
       "type": "Point",
       "coordinates":  [ 121.541233,24.991961 ]
    },
    "properties": {
    "name":"臺北市藝文推廣處-文山劇場",
    "address":"景文街32號",
    "district_code":63000080,
    "type":"大型休閒場所",
    "subtype":"演藝廳",
    "AED_location":"文山劇場1樓大廳戲林區",
    "district":"文山區"
    }
  },
  {
    "type": "Feature",
    "geometry": {
       "type": "Point",
       "coordinates":  [ 121.534463,25.016323 ]
    },
    "properties": {
    "name":"國立臺灣大學(校總區)",
    "address":"羅斯福路4段1號",
    "district_code":63000030,
    "type":"學校、大型集會場所",
    "subtype":"大專院校",
    "AED_location":"社工館",
    "district":"大安區"
    }
  },
  {
    "type": "Feature",
    "geometry": {
       "type": "Point",
       "coordinates":  [ 121.5523144,25.0483521 ]
    },
    "properties": {
    "name":"臺北市藝文推廣處",
    "address":"八德路3段25號3樓",
    "district_code":63000010,
    "type":"大型休閒場所",
    "subtype":"演藝廳",
    "AED_location":"藝文大樓5樓",
    "district":"松山區"
    }
  },
  {
    "type": "Feature",
    "geometry": {
       "type": "Point",
       "coordinates":  [ 121.534463,25.016323 ]
    },
    "properties": {
    "name":"國立臺灣大學(校總區)",
    "address":"羅斯福路4段1號",
    "district_code":63000030,
    "type":"學校、大型集會場所",
    "subtype":"大專院校",
    "AED_location":"第二行政大樓（東）",
    "district":"大安區"
    }
  },
  {
    "type": "Feature",
    "geometry": {
       "type": "Point",
       "coordinates":  [ 121.534463,25.016323 ]
    },
    "properties": {
    "name":"國立臺灣大學(校總區)",
    "address":"羅斯福路4段1號",
    "district_code":63000030,
    "type":"學校、大型集會場所",
    "subtype":"大專院校",
    "AED_location":"戲劇1號館",
    "district":"大安區"
    }
  },
  {
    "type": "Feature",
    "geometry": {
       "type": "Point",
       "coordinates":  [ 121.5523144,25.0483521 ]
    },
    "properties": {
    "name":"臺北市藝文推廣處",
    "address":"八德路3段25號3樓",
    "district_code":63000010,
    "type":"大型休閒場所",
    "subtype":"演藝廳",
    "AED_location":"藝文大樓3樓電梯旁",
    "district":"松山區"
    }
  },
  {
    "type": "Feature",
    "geometry": {
       "type": "Point",
       "coordinates":  [ 121.541256,25.135194 ]
    },
    "properties": {
    "name":"臺北市立陽明教養院華岡院區",
    "address":"凱旋路61巷4弄9號",
    "district_code":63000110,
    "type":"其他",
    "subtype":"其他場所",
    "AED_location":"文康大樓1樓",
    "district":"士林區"
    }
  },
  {
    "type": "Feature",
    "geometry": {
       "type": "Point",
       "coordinates":  [ 121.534463,25.016323 ]
    },
    "properties": {
    "name":"國立臺灣大學(校總區)",
    "address":"羅斯福路4段1號",
    "district_code":63000030,
    "type":"學校、大型集會場所",
    "subtype":"大專院校",
    "AED_location":"管理2號館",
    "district":"大安區"
    }
  },
  {
    "type": "Feature",
    "geometry": {
       "type": "Point",
       "coordinates":  [ 121.607409,25.053315 ]
    },
    "properties": {
    "name":"臺北市南港區戶政事務所",
    "address":"南港路1段360號4樓",
    "district_code":63000090,
    "type":"其他",
    "subtype":"其他場所",
    "AED_location":"民眾洽公區",
    "district":"南港區"
    }
  },
  {
    "type": "Feature",
    "geometry": {
       "type": "Point",
       "coordinates":  [ 121.574173,25.065479 ]
    },
    "properties": {
    "name":"臺北市政府工務局新建工程處養護工程隊第二分隊",
    "address":"民權東路六段臨8-1號",
    "district_code":63000100,
    "type":"其他",
    "subtype":"其他場所",
    "AED_location":"大門口",
    "district":"內湖區"
    }
  },
  {
    "type": "Feature",
    "geometry": {
       "type": "Point",
       "coordinates":  [ 121.605298,25.062515 ]
    },
    "properties": {
    "name":"臺北市政府環境保護局內湖垃圾焚化廠",
    "address":"安康路290號",
    "district_code":63000100,
    "type":"其他",
    "subtype":"其他場所",
    "AED_location":"管理大樓",
    "district":"內湖區"
    }
  },
  {
    "type": "Feature",
    "geometry": {
       "type": "Point",
       "coordinates":  [ 121.534866,25.03758 ]
    },
    "properties": {
    "name":"臺北市大安區幸安國民小學",
    "address":"仁愛路三段22號",
    "district_code":63000030,
    "type":"學校、大型集會場所",
    "subtype":"國小",
    "AED_location":"臺北市大安區幸安國民小學穿堂",
    "district":"大安區"
    }
  },
  {
    "type": "Feature",
    "geometry": {
       "type": "Point",
       "coordinates":  [ 121.534463,25.016323 ]
    },
    "properties": {
    "name":"國立臺灣大學(校總區)",
    "address":"羅斯福路4段1號",
    "district_code":63000030,
    "type":"學校、大型集會場所",
    "subtype":"大專院校",
    "AED_location":"化學積學館",
    "district":"大安區"
    }
  },
  {
    "type": "Feature",
    "geometry": {
       "type": "Point",
       "coordinates":  [ 121.534463,25.016323 ]
    },
    "properties": {
    "name":"國立臺灣大學(校總區)",
    "address":"羅斯福路4段1號",
    "district_code":63000030,
    "type":"學校、大型集會場所",
    "subtype":"大專院校",
    "AED_location":"法律萬才館",
    "district":"大安區"
    }
  },
  {
    "type": "Feature",
    "geometry": {
       "type": "Point",
       "coordinates":  [ 121.534463,25.016323 ]
    },
    "properties": {
    "name":"國立臺灣大學(校總區)",
    "address":"羅斯福路4段1號",
    "district_code":63000030,
    "type":"學校、大型集會場所",
    "subtype":"大專院校",
    "AED_location":"園藝加工館",
    "district":"大安區"
    }
  },
  {
    "type": "Feature",
    "geometry": {
       "type": "Point",
       "coordinates":  [ 121.541256,25.135194 ]
    },
    "properties": {
    "name":"臺北市立陽明教養院華岡院區",
    "address":"凱旋路61巷4弄9號",
    "district_code":63000110,
    "type":"其他",
    "subtype":"其他場所",
    "AED_location":"行政大樓1樓大廳",
    "district":"士林區"
    }
  },
  {
    "type": "Feature",
    "geometry": {
       "type": "Point",
       "coordinates":  [ 121.536905,25.007963 ]
    },
    "properties": {
    "name":"國立臺灣師範大學公館校區(汀州路4段88號)",
    "address":"汀州路4段88號",
    "district_code":63000080,
    "type":"學校、大型集會場所",
    "subtype":"大專院校",
    "AED_location":"女2舍1樓",
    "district":"文山區"
    }
  },
  {
    "type": "Feature",
    "geometry": {
       "type": "Point",
       "coordinates":  [ 121.536905,25.007963 ]
    },
    "properties": {
    "name":"國立臺灣師範大學公館校區(汀州路4段88號)",
    "address":"汀州路4段88號",
    "district_code":63000080,
    "type":"學校、大型集會場所",
    "subtype":"大專院校",
    "AED_location":"男2舍1樓",
    "district":"文山區"
    }
  },
  {
    "type": "Feature",
    "geometry": {
       "type": "Point",
       "coordinates":  [ 121.552742,25.06369 ]
    },
    "properties": {
    "name":"交通部民用航空局臺北國際航空站(松山機場)",
    "address":"敦化北路340-9號",
    "district_code":63000010,
    "type":"交通要衝",
    "subtype":"機場",
    "AED_location":"國內線2樓美食街",
    "district":"松山區"
    }
  },
  {
    "type": "Feature",
    "geometry": {
       "type": "Point",
       "coordinates":  [ 121.535545,25.048501 ]
    },
    "properties": {
    "name":"立榮航空股份有限公司",
    "address":"長安東路二段117號8樓",
    "district_code":63000040,
    "type":"長距離交通工具",
    "subtype":"航空器",
    "AED_location":"立榮客機",
    "district":"中山區"
    }
  },
  {
    "type": "Feature",
    "geometry": {
       "type": "Point",
       "coordinates":  [ 121.535545,25.048501 ]
    },
    "properties": {
    "name":"立榮航空股份有限公司",
    "address":"長安東路二段117號8樓",
    "district_code":63000040,
    "type":"長距離交通工具",
    "subtype":"航空器",
    "AED_location":"立榮客機",
    "district":"中山區"
    }
  },
  {
    "type": "Feature",
    "geometry": {
       "type": "Point",
       "coordinates":  [ 121.535545,25.048501 ]
    },
    "properties": {
    "name":"立榮航空股份有限公司",
    "address":"長安東路二段117號8樓",
    "district_code":63000040,
    "type":"長距離交通工具",
    "subtype":"航空器",
    "AED_location":"立榮客機",
    "district":"中山區"
    }
  },
  {
    "type": "Feature",
    "geometry": {
       "type": "Point",
       "coordinates":  [ 121.535545,25.048501 ]
    },
    "properties": {
    "name":"立榮航空股份有限公司",
    "address":"長安東路二段117號8樓",
    "district_code":63000040,
    "type":"長距離交通工具",
    "subtype":"航空器",
    "AED_location":"立榮客機",
    "district":"中山區"
    }
  },
  {
    "type": "Feature",
    "geometry": {
       "type": "Point",
       "coordinates":  [ 121.535545,25.048501 ]
    },
    "properties": {
    "name":"立榮航空股份有限公司",
    "address":"長安東路二段117號8樓",
    "district_code":63000040,
    "type":"長距離交通工具",
    "subtype":"航空器",
    "AED_location":"立榮客機",
    "district":"中山區"
    }
  },
  {
    "type": "Feature",
    "geometry": {
       "type": "Point",
       "coordinates":  [ 121.535545,25.048501 ]
    },
    "properties": {
    "name":"立榮航空股份有限公司",
    "address":"長安東路二段117號8樓",
    "district_code":63000040,
    "type":"長距離交通工具",
    "subtype":"航空器",
    "AED_location":"立榮客機",
    "district":"中山區"
    }
  },
  {
    "type": "Feature",
    "geometry": {
       "type": "Point",
       "coordinates":  [ 121.535545,25.048501 ]
    },
    "properties": {
    "name":"立榮航空股份有限公司",
    "address":"長安東路二段117號8樓",
    "district_code":63000040,
    "type":"長距離交通工具",
    "subtype":"航空器",
    "AED_location":"立榮客機",
    "district":"中山區"
    }
  },
  {
    "type": "Feature",
    "geometry": {
       "type": "Point",
       "coordinates":  [ 121.535545,25.048501 ]
    },
    "properties": {
    "name":"立榮航空股份有限公司",
    "address":"長安東路二段117號8樓",
    "district_code":63000040,
    "type":"長距離交通工具",
    "subtype":"航空器",
    "AED_location":"立榮客機",
    "district":"中山區"
    }
  },
  {
    "type": "Feature",
    "geometry": {
       "type": "Point",
       "coordinates":  [ 121.535545,25.048501 ]
    },
    "properties": {
    "name":"立榮航空股份有限公司",
    "address":"長安東路二段117號8樓",
    "district_code":63000040,
    "type":"長距離交通工具",
    "subtype":"航空器",
    "AED_location":"立榮客機",
    "district":"中山區"
    }
  },
  {
    "type": "Feature",
    "geometry": {
       "type": "Point",
       "coordinates":  [ 121.535545,25.048501 ]
    },
    "properties": {
    "name":"立榮航空股份有限公司",
    "address":"長安東路二段117號8樓",
    "district_code":63000040,
    "type":"長距離交通工具",
    "subtype":"航空器",
    "AED_location":"立榮客機",
    "district":"中山區"
    }
  },
  {
    "type": "Feature",
    "geometry": {
       "type": "Point",
       "coordinates":  [ 121.535545,25.048501 ]
    },
    "properties": {
    "name":"立榮航空股份有限公司",
    "address":"長安東路二段117號8樓",
    "district_code":63000040,
    "type":"長距離交通工具",
    "subtype":"航空器",
    "AED_location":"立榮客機",
    "district":"中山區"
    }
  },
  {
    "type": "Feature",
    "geometry": {
       "type": "Point",
       "coordinates":  [ 121.535545,25.048501 ]
    },
    "properties": {
    "name":"立榮航空股份有限公司",
    "address":"長安東路二段117號8樓",
    "district_code":63000040,
    "type":"長距離交通工具",
    "subtype":"航空器",
    "AED_location":"立榮客機",
    "district":"中山區"
    }
  },
  {
    "type": "Feature",
    "geometry": {
       "type": "Point",
       "coordinates":  [ 121.535545,25.048501 ]
    },
    "properties": {
    "name":"立榮航空股份有限公司",
    "address":"長安東路二段117號8樓",
    "district_code":63000040,
    "type":"長距離交通工具",
    "subtype":"航空器",
    "AED_location":"立榮客機",
    "district":"中山區"
    }
  },
  {
    "type": "Feature",
    "geometry": {
       "type": "Point",
       "coordinates":  [ 121.535545,25.048501 ]
    },
    "properties": {
    "name":"立榮航空股份有限公司",
    "address":"長安東路二段117號8樓",
    "district_code":63000040,
    "type":"長距離交通工具",
    "subtype":"航空器",
    "AED_location":"立榮客機",
    "district":"中山區"
    }
  },
  {
    "type": "Feature",
    "geometry": {
       "type": "Point",
       "coordinates":  [ 121.535545,25.048501 ]
    },
    "properties": {
    "name":"立榮航空股份有限公司",
    "address":"長安東路二段117號8樓",
    "district_code":63000040,
    "type":"長距離交通工具",
    "subtype":"航空器",
    "AED_location":"立榮客機",
    "district":"中山區"
    }
  },
  {
    "type": "Feature",
    "geometry": {
       "type": "Point",
       "coordinates":  [ 121.535545,25.048501 ]
    },
    "properties": {
    "name":"立榮航空股份有限公司",
    "address":"長安東路二段117號8樓",
    "district_code":63000040,
    "type":"長距離交通工具",
    "subtype":"航空器",
    "AED_location":"立榮客機",
    "district":"中山區"
    }
  },
  {
    "type": "Feature",
    "geometry": {
       "type": "Point",
       "coordinates":  [ 121.535545,25.048501 ]
    },
    "properties": {
    "name":"立榮航空股份有限公司",
    "address":"長安東路二段117號8樓",
    "district_code":63000040,
    "type":"長距離交通工具",
    "subtype":"航空器",
    "AED_location":"立榮客機",
    "district":"中山區"
    }
  },
  {
    "type": "Feature",
    "geometry": {
       "type": "Point",
       "coordinates":  [ 121.535545,25.048501 ]
    },
    "properties": {
    "name":"立榮航空股份有限公司",
    "address":"長安東路二段117號8樓",
    "district_code":63000040,
    "type":"長距離交通工具",
    "subtype":"航空器",
    "AED_location":"立榮客機",
    "district":"中山區"
    }
  },
  {
    "type": "Feature",
    "geometry": {
       "type": "Point",
       "coordinates":  [ 121.535545,25.048501 ]
    },
    "properties": {
    "name":"立榮航空股份有限公司",
    "address":"長安東路二段117號8樓",
    "district_code":63000040,
    "type":"長距離交通工具",
    "subtype":"航空器",
    "AED_location":"立榮客機",
    "district":"中山區"
    }
  },
  {
    "type": "Feature",
    "geometry": {
       "type": "Point",
       "coordinates":  [ 121.535545,25.048501 ]
    },
    "properties": {
    "name":"立榮航空股份有限公司",
    "address":"長安東路二段117號8樓",
    "district_code":63000040,
    "type":"長距離交通工具",
    "subtype":"航空器",
    "AED_location":"立榮客機",
    "district":"中山區"
    }
  },
  {
    "type": "Feature",
    "geometry": {
       "type": "Point",
       "coordinates":  [ 121.5667558,25.03180456 ]
    },
    "properties": {
    "name":"臺北市信義運動中心",
    "address":"松勤街100號",
    "district_code":63000020,
    "type":"學校、大型集會場所",
    "subtype":"健身中心",
    "AED_location":"本館二樓",
    "district":"信義區"
    }
  },
  {
    "type": "Feature",
    "geometry": {
       "type": "Point",
       "coordinates":  [ 121.606102,25.0552523 ]
    },
    "properties": {
    "name":"打鐵健身 南港店",
    "address":"興華路77號地下一樓",
    "district_code":63000090,
    "type":"大型休閒場所",
    "subtype":"運動場館(如小巨蛋)",
    "AED_location":"B1樓層",
    "district":"南港區"
    }
  },
  {
    "type": "Feature",
    "geometry": {
       "type": "Point",
       "coordinates":  [ 121.5521964,25.0480798 ]
    },
    "properties": {
    "name":"打鐵健身-松山店",
    "address":"八德路三段36號地下一樓",
    "district_code":63000010,
    "type":"交通要衝",
    "subtype":"捷運站",
    "AED_location":"B1樓層",
    "district":"松山區"
    }
  },
  {
    "type": "Feature",
    "geometry": {
       "type": "Point",
       "coordinates":  [ 121.5465583,25.15150071 ]
    },
    "properties": {
    "name":"小油坑往七星山主峰0.6k處觀景平台(亞洲形上觀音山揹水隊捐贈)",
    "address":" ",
    "district_code":63000120,
    "type":"其他",
    "subtype":"其他場所",
    "AED_location":"小油坑往七星山主峰0.6k處觀景平台(亞洲形上觀音山揹水隊捐贈)",
    "district":"北投區"
    }
  },
  {
    "type": "Feature",
    "geometry": {
       "type": "Point",
       "coordinates":  [ 121.5024249,25.1205827 ]
    },
    "properties": {
    "name":"栖里健身事業股份有限公司",
    "address":"公館路427號b1",
    "district_code":63000120,
    "type":"學校、大型集會場所",
    "subtype":"健身房",
    "AED_location":"本館b1教練櫃台",
    "district":"北投區"
    }
  },
  {
    "type": "Feature",
    "geometry": {
       "type": "Point",
       "coordinates":  [ 121.536354,25.1102978 ]
    },
    "properties": {
    "name":"芝山國小",
    "address":"德行東路285號",
    "district_code":63000110,
    "type":"其他",
    "subtype":"其他場所",
    "AED_location":"芝山國小穿堂右側",
    "district":"士林區"
    }
  },
  {
    "type": "Feature",
    "geometry": {
       "type": "Point",
       "coordinates":  [ 121.5669661,25.0797799 ]
    },
    "properties": {
    "name":"優勢開發管理顧問有限公司-內科館",
    "address":"瑞光路550號1樓",
    "district_code":63000100,
    "type":"學校、大型集會場所",
    "subtype":"健身房",
    "AED_location":"電視牆後方",
    "district":"內湖區"
    }
  },
  {
    "type": "Feature",
    "geometry": {
       "type": "Point",
       "coordinates":  [ 121.5436541,25.0445894 ]
    },
    "properties": {
    "name":"Pro Space",
    "address":"復興南路一段62號2樓之1",
    "district_code":63000030,
    "type":"大型休閒場所",
    "subtype":"運動場館(如小巨蛋)",
    "AED_location":"門口",
    "district":"大安區"
    }
  },
  {
    "type": "Feature",
    "geometry": {
       "type": "Point",
       "coordinates":  [ 121.584669,25.037385 ]
    },
    "properties": {
    "name":"松山奉天宮",
    "address":"福德街221巷12號",
    "district_code":63000020,
    "type":"其他",
    "subtype":"其他場所",
    "AED_location":"香客大樓1樓餐廳外",
    "district":"信義區"
    }
  },
  {
    "type": "Feature",
    "geometry": {
       "type": "Point",
       "coordinates":  [ 121.547884,25.049244 ]
    },
    "properties": {
    "name":"臺北市松山區敦化國民小學",
    "address":"敦化北路2號",
    "district_code":63000010,
    "type":"其他",
    "subtype":"其他場所",
    "AED_location":"至忠樓穿堂",
    "district":"松山區"
    }
  },
  {
    "type": "Feature",
    "geometry": {
       "type": "Point",
       "coordinates":  [ 121.547884,25.049244 ]
    },
    "properties": {
    "name":"臺北市松山區敦化國民小學",
    "address":"敦化北路2號",
    "district_code":63000010,
    "type":"其他",
    "subtype":"其他場所",
    "AED_location":"學生活動中心一樓穿堂",
    "district":"松山區"
    }
  },
  {
    "type": "Feature",
    "geometry": {
       "type": "Point",
       "coordinates":  [ 121.546707,25.051542 ]
    },
    "properties": {
    "name":"臺北市立敦化國民中學",
    "address":"南京東路三段300號",
    "district_code":63000010,
    "type":"學校、大型集會場所",
    "subtype":"國中",
    "AED_location":"1樓穿堂",
    "district":"松山區"
    }
  },
  {
    "type": "Feature",
    "geometry": {
       "type": "Point",
       "coordinates":  [ 121.555723,25.0513946 ]
    },
    "properties": {
    "name":"Fitness Hub",
    "address":"南京東路四段130號B1",
    "district_code":63000010,
    "type":"學校、大型集會場所",
    "subtype":"健身房",
    "AED_location":"大廳電視旁",
    "district":"松山區"
    }
  },
  {
    "type": "Feature",
    "geometry": {
       "type": "Point",
       "coordinates":  [ 121.546707,25.051542 ]
    },
    "properties": {
    "name":"臺北市立敦化國民中學",
    "address":"南京東路三段300號",
    "district_code":63000010,
    "type":"學校、大型集會場所",
    "subtype":"國中",
    "AED_location":"游泳池入口",
    "district":"松山區"
    }
  },
  {
    "type": "Feature",
    "geometry": {
       "type": "Point",
       "coordinates":  [ 121.507173,25.041502 ]
    },
    "properties": {
    "name":"可爾姿女性30分鐘環狀運動 西門漢中店",
    "address":"漢中街157號2樓-1",
    "district_code":63000070,
    "type":"學校、大型集會場所",
    "subtype":"健身房",
    "AED_location":"Curves 可爾姿女性30分鐘環狀運動西門漢中店",
    "district":"萬華區"
    }
  },
  {
    "type": "Feature",
    "geometry": {
       "type": "Point",
       "coordinates":  [ 121.568131,25.036718 ]
    },
    "properties": {
    "name":"遠東百貨股份有限公司信義分公司",
    "address":"松仁路58號",
    "district_code":63000020,
    "type":"大型購物場所",
    "subtype":"百貨業",
    "AED_location":"9樓服務台旁",
    "district":"信義區"
    }
  },
  {
    "type": "Feature",
    "geometry": {
       "type": "Point",
       "coordinates":  [ 121.568131,25.036718 ]
    },
    "properties": {
    "name":"遠東百貨股份有限公司信義分公司",
    "address":"松仁路58號",
    "district_code":63000020,
    "type":"大型購物場所",
    "subtype":"百貨業",
    "AED_location":"1樓服務台旁",
    "district":"信義區"
    }
  },
  {
    "type": "Feature",
    "geometry": {
       "type": "Point",
       "coordinates":  [ 121.5283754,25.03789699 ]
    },
    "properties": {
    "name":"波克萊體能顧問有限公司",
    "address":"金山南路一段65號1樓",
    "district_code":63000050,
    "type":"學校、大型集會場所",
    "subtype":"健身房",
    "AED_location":"進入門口左手邊置物櫃上方",
    "district":"中正區"
    }
  },
  {
    "type": "Feature",
    "geometry": {
       "type": "Point",
       "coordinates":  [ 121.559118,25.0317389 ]
    },
    "properties": {
    "name":"森運動工作室",
    "address":"基隆路二段23號b1",
    "district_code":63000020,
    "type":"學校、大型集會場所",
    "subtype":"健身房",
    "AED_location":"訓練區域",
    "district":"信義區"
    }
  },
  {
    "type": "Feature",
    "geometry": {
       "type": "Point",
       "coordinates":  [ 121.511059,25.036728 ]
    },
    "properties": {
    "name":"臺灣臺北地方法院",
    "address":"博愛路131號",
    "district_code":63000050,
    "type":"學校、大型集會場所",
    "subtype":"法院",
    "AED_location":"二樓開庭等候區",
    "district":"中正區"
    }
  },
  {
    "type": "Feature",
    "geometry": {
       "type": "Point",
       "coordinates":  [ 121.511059,25.036728 ]
    },
    "properties": {
    "name":"臺灣臺北地方法院",
    "address":"博愛路131號",
    "district_code":63000050,
    "type":"學校、大型集會場所",
    "subtype":"法院",
    "AED_location":"地下一樓",
    "district":"中正區"
    }
  },
  {
    "type": "Feature",
    "geometry": {
       "type": "Point",
       "coordinates":  [ 121.52257,25.094366 ]
    },
    "properties": {
    "name":"臺北市立士林國民中學",
    "address":"中正路345號",
    "district_code":63000110,
    "type":"學校、大型集會場所",
    "subtype":"國中",
    "AED_location":"騰雲館",
    "district":"士林區"
    }
  },
  {
    "type": "Feature",
    "geometry": {
       "type": "Point",
       "coordinates":  [ 121.544225,24.996187 ]
    },
    "properties": {
    "name":"臺北市立景興國民中學",
    "address":"景興路46巷2號",
    "district_code":63000080,
    "type":"學校、大型集會場所",
    "subtype":"國中",
    "AED_location":"警衛室",
    "district":"文山區"
    }
  },
  {
    "type": "Feature",
    "geometry": {
       "type": "Point",
       "coordinates":  [ 121.497953,25.022987 ]
    },
    "properties": {
    "name":"臺北市萬華區東園國民小學",
    "address":"東園街195號",
    "district_code":63000070,
    "type":"其他",
    "subtype":"其他場所",
    "AED_location":"總務處外走廊",
    "district":"萬華區"
    }
  },
  {
    "type": "Feature",
    "geometry": {
       "type": "Point",
       "coordinates":  [ 121.5444084,25.05817995 ]
    },
    "properties": {
    "name":"1010湘(復北店)",
    "address":"復興北路301號",
    "district_code":63000010,
    "type":"其他",
    "subtype":"其他場所",
    "AED_location":"餐廳內",
    "district":"松山區"
    }
  },
  {
    "type": "Feature",
    "geometry": {
       "type": "Point",
       "coordinates":  [ 121.5234467,25.11889814 ]
    },
    "properties": {
    "name":"瓦城泰國料理 天母店",
    "address":"天母西路111號",
    "district_code":63000120,
    "type":"其他",
    "subtype":"其他場所",
    "AED_location":"天母西路111號",
    "district":"北投區"
    }
  },
  {
    "type": "Feature",
    "geometry": {
       "type": "Point",
       "coordinates":  [ 121.5663634,25.08201156 ]
    },
    "properties": {
    "name":"瓦城泰國料理 - 西湖店",
    "address":"內湖路一段246-1號",
    "district_code":63000100,
    "type":"其他",
    "subtype":"其他場所",
    "AED_location":"餐廳內",
    "district":"內湖區"
    }
  },
  {
    "type": "Feature",
    "geometry": {
       "type": "Point",
       "coordinates":  [ 121.52257,25.094366 ]
    },
    "properties": {
    "name":"臺北市立士林國民中學",
    "address":"中正路345號",
    "district_code":63000110,
    "type":"學校、大型集會場所",
    "subtype":"國中",
    "AED_location":"繁星樓地下室1樓",
    "district":"士林區"
    }
  },
  {
    "type": "Feature",
    "geometry": {
       "type": "Point",
       "coordinates":  [ 121.52257,25.094366 ]
    },
    "properties": {
    "name":"臺北市立士林國民中學",
    "address":"中正路345號",
    "district_code":63000110,
    "type":"學校、大型集會場所",
    "subtype":"國中",
    "AED_location":"士林國中中正樓",
    "district":"士林區"
    }
  },
  {
    "type": "Feature",
    "geometry": {
       "type": "Point",
       "coordinates":  [ 121.516797,25.03035872 ]
    },
    "properties": {
    "name":"BeeFit蜂運動寧波教室",
    "address":"寧波西街79號",
    "district_code":63000050,
    "type":"學校、大型集會場所",
    "subtype":"健身房",
    "AED_location":"櫃台後方",
    "district":"中正區"
    }
  },
  {
    "type": "Feature",
    "geometry": {
       "type": "Point",
       "coordinates":  [ 121.4912696,25.0340872 ]
    },
    "properties": {
    "name":"臺北市萬華區華江國民小學",
    "address":"環河南路2段250巷42弄2號",
    "district_code":63000070,
    "type":"學校、大型集會場所",
    "subtype":"國小",
    "AED_location":"穿堂",
    "district":"萬華區"
    }
  },
  {
    "type": "Feature",
    "geometry": {
       "type": "Point",
       "coordinates":  [ 121.565885,25.04305517 ]
    },
    "properties": {
    "name":"More Fit 市府店",
    "address":"基隆路一段139號B1",
    "district_code":63000020,
    "type":"學校、大型集會場所",
    "subtype":"健身房",
    "AED_location":"櫃檯前",
    "district":"信義區"
    }
  },
  {
    "type": "Feature",
    "geometry": {
       "type": "Point",
       "coordinates":  [ 121.519244,25.037355 ]
    },
    "properties": {
    "name":"國家表演藝術中心國家兩廳院(國家戲劇院)",
    "address":"中山南路21-1號",
    "district_code":63000050,
    "type":"大型休閒場所",
    "subtype":"電影片映演場所(戲院、電影院)",
    "AED_location":"戲劇院一號門售票口",
    "district":"中正區"
    }
  },
  {
    "type": "Feature",
    "geometry": {
       "type": "Point",
       "coordinates":  [ 121.5847057,25.0940759 ]
    },
    "properties": {
    "name":"觀音佛祖慈聖宮",
    "address":"內湖路三段256巷16號",
    "district_code":63000100,
    "type":"其他",
    "subtype":"其他場所",
    "AED_location":"主殿2樓",
    "district":"內湖區"
    }
  },
  {
    "type": "Feature",
    "geometry": {
       "type": "Point",
       "coordinates":  [ 121.5811509,25.10417567 ]
    },
    "properties": {
    "name":"碧山露營場",
    "address":"碧山路26之7號",
    "district_code":63000100,
    "type":"其他",
    "subtype":"其他場所",
    "AED_location":"服務中心(管理室)",
    "district":"內湖區"
    }
  },
  {
    "type": "Feature",
    "geometry": {
       "type": "Point",
       "coordinates":  [ 121.5716043,25.0897944 ]
    },
    "properties": {
    "name":"金面山步道竹月寺",
    "address":"環山路二段50巷14弄14號之7號",
    "district_code":63000100,
    "type":"其他",
    "subtype":"其他場所",
    "AED_location":"正殿",
    "district":"內湖區"
    }
  },
  {
    "type": "Feature",
    "geometry": {
       "type": "Point",
       "coordinates":  [ 121.6640314,25.02742432 ]
    },
    "properties": {
    "name":"南港茶葉製造示範場",
    "address":"舊莊街二段336號",
    "district_code":63000090,
    "type":"其他",
    "subtype":"其他場所",
    "AED_location":"大廳",
    "district":"南港區"
    }
  },
  {
    "type": "Feature",
    "geometry": {
       "type": "Point",
       "coordinates":  [ 121.5907961,25.09765387 ]
    },
    "properties": {
    "name":"圓覺寺",
    "address":"碧山路39號",
    "district_code":63000100,
    "type":"其他",
    "subtype":"其他場所",
    "AED_location":"寺廟後方涼亭",
    "district":"內湖區"
    }
  },
  {
    "type": "Feature",
    "geometry": {
       "type": "Point",
       "coordinates":  [ 121.551394,25.08888454 ]
    },
    "properties": {
    "name":"靜修宮",
    "address":"劍南路336巷6號",
    "district_code":63000040,
    "type":"其他",
    "subtype":"其他場所",
    "AED_location":"左廂房",
    "district":"中山區"
    }
  },
  {
    "type": "Feature",
    "geometry": {
       "type": "Point",
       "coordinates":  [ 121.582898,25.065901 ]
    },
    "properties": {
    "name":"友訊科技股份有限公司",
    "address":"新湖三路289號1樓",
    "district_code":63000100,
    "type":"其他",
    "subtype":"其他場所",
    "AED_location":"1樓服務台旁",
    "district":"內湖區"
    }
  },
  {
    "type": "Feature",
    "geometry": {
       "type": "Point",
       "coordinates":  [ 121.582898,25.065901 ]
    },
    "properties": {
    "name":"友訊科技股份有限公司",
    "address":"新湖三路289號1樓",
    "district_code":63000100,
    "type":"其他",
    "subtype":"其他場所",
    "AED_location":"4樓醫務室前",
    "district":"內湖區"
    }
  },
  {
    "type": "Feature",
    "geometry": {
       "type": "Point",
       "coordinates":  [ 121.515731,25.095825 ]
    },
    "properties": {
    "name":"臺北市立士林高級商業職業學校",
    "address":"士商路150號",
    "district_code":63000110,
    "type":"學校、大型集會場所",
    "subtype":"高中職",
    "AED_location":"行政大樓1樓廣場",
    "district":"士林區"
    }
  },
  {
    "type": "Feature",
    "geometry": {
       "type": "Point",
       "coordinates":  [ 121.5712272,25.1836815 ]
    },
    "properties": {
    "name":"陽明山大屯山面天山觀景平台(亞洲形上觀音山揹水隊捐贈)",
    "address":"竹子湖路1-20號",
    "district_code":63000110,
    "type":"其他",
    "subtype":"其他場所",
    "AED_location":"陽明山大屯山面天山觀景平台(亞洲形上觀音山揹水隊捐贈)",
    "district":"士林區"
    }
  },
  {
    "type": "Feature",
    "geometry": {
       "type": "Point",
       "coordinates":  [ 121.5298914,25.0536299 ]
    },
    "properties": {
    "name":"臺北市數位實驗高級中等學校",
    "address":"吉林路110號5樓",
    "district_code":63000040,
    "type":"學校、大型集會場所",
    "subtype":"高中職",
    "AED_location":"電梯出入口處",
    "district":"中山區"
    }
  },
  {
    "type": "Feature",
    "geometry": {
       "type": "Point",
       "coordinates":  [ 121.554724,25.033374 ]
    },
    "properties": {
    "name":"Anytime Fitness 信義安和店",
    "address":"信義路四段279號B1-1",
    "district_code":63000030,
    "type":"學校、大型集會場所",
    "subtype":"健身房",
    "AED_location":"Anytime Fitness信義安和店",
    "district":"大安區"
    }
  },
  {
    "type": "Feature",
    "geometry": {
       "type": "Point",
       "coordinates":  [ 121.496058,25.028594 ]
    },
    "properties": {
    "name":"臺市立華江高級中學運動中心(舞動陽光有限公司)",
    "address":"西藏路213號",
    "district_code":63000070,
    "type":"學校、大型集會場所",
    "subtype":"高中職",
    "AED_location":"華江高中運動中心",
    "district":"萬華區"
    }
  },
  {
    "type": "Feature",
    "geometry": {
       "type": "Point",
       "coordinates":  [ 121.5467679,25.0819332 ]
    },
    "properties": {
    "name":"臺北市立圖書館大直分館",
    "address":"大直街25號3-5樓",
    "district_code":63000040,
    "type":"大型休閒場所",
    "subtype":"圖書館",
    "AED_location":"本館3樓",
    "district":"中山區"
    }
  },
  {
    "type": "Feature",
    "geometry": {
       "type": "Point",
       "coordinates":  [ 121.5174799,25.04844486 ]
    },
    "properties": {
    "name":"保證責任臺北市台北地下街場地利用合作社",
    "address":"市民大道1段100號B1",
    "district_code":63000050,
    "type":"大型購物場所",
    "subtype":"地下街",
    "AED_location":"Y28出口",
    "district":"中正區"
    }
  },
  {
    "type": "Feature",
    "geometry": {
       "type": "Point",
       "coordinates":  [ 121.5174799,25.04844486 ]
    },
    "properties": {
    "name":"保證責任臺北市台北地下街場地利用合作社",
    "address":"市民大道1段100號B1",
    "district_code":63000050,
    "type":"大型購物場所",
    "subtype":"地下街",
    "AED_location":"Y2出口",
    "district":"中正區"
    }
  },
  {
    "type": "Feature",
    "geometry": {
       "type": "Point",
       "coordinates":  [ 121.5174799,25.04844486 ]
    },
    "properties": {
    "name":"保證責任臺北市台北地下街場地利用合作社",
    "address":"市民大道1段100號B1",
    "district_code":63000050,
    "type":"大型購物場所",
    "subtype":"地下街",
    "AED_location":"Y8出口",
    "district":"中正區"
    }
  },
  {
    "type": "Feature",
    "geometry": {
       "type": "Point",
       "coordinates":  [ 121.5174799,25.04844486 ]
    },
    "properties": {
    "name":"保證責任臺北市台北地下街場地利用合作社",
    "address":"市民大道1段100號B1",
    "district_code":63000050,
    "type":"大型購物場所",
    "subtype":"地下街",
    "AED_location":"Y21廁所",
    "district":"中正區"
    }
  },
  {
    "type": "Feature",
    "geometry": {
       "type": "Point",
       "coordinates":  [ 121.5174799,25.04844486 ]
    },
    "properties": {
    "name":"保證責任臺北市台北地下街場地利用合作社",
    "address":"市民大道1段100號B1",
    "district_code":63000050,
    "type":"大型購物場所",
    "subtype":"地下街",
    "AED_location":"Y22出口",
    "district":"中正區"
    }
  },
  {
    "type": "Feature",
    "geometry": {
       "type": "Point",
       "coordinates":  [ 121.5174799,25.04844486 ]
    },
    "properties": {
    "name":"保證責任臺北市台北地下街場地利用合作社",
    "address":"市民大道1段100號B1",
    "district_code":63000050,
    "type":"大型購物場所",
    "subtype":"地下街",
    "AED_location":"Y13廁所",
    "district":"中正區"
    }
  },
  {
    "type": "Feature",
    "geometry": {
       "type": "Point",
       "coordinates":  [ 121.5174799,25.04844486 ]
    },
    "properties": {
    "name":"保證責任臺北市台北地下街場地利用合作社",
    "address":"市民大道1段100號B1",
    "district_code":63000050,
    "type":"大型購物場所",
    "subtype":"地下街",
    "AED_location":"Y17廁所",
    "district":"中正區"
    }
  },
  {
    "type": "Feature",
    "geometry": {
       "type": "Point",
       "coordinates":  [ 121.5174799,25.04844486 ]
    },
    "properties": {
    "name":"保證責任臺北市台北地下街場地利用合作社",
    "address":"市民大道1段100號B1",
    "district_code":63000050,
    "type":"大型購物場所",
    "subtype":"地下街",
    "AED_location":"Y5廁所",
    "district":"中正區"
    }
  },
  {
    "type": "Feature",
    "geometry": {
       "type": "Point",
       "coordinates":  [ 121.5258961,25.0275294 ]
    },
    "properties": {
    "name":"川復有限公司",
    "address":"金山南路二段222號B1",
    "district_code":63000030,
    "type":"其他",
    "subtype":"其他場所",
    "AED_location":"本場館多功能訓練區",
    "district":"大安區"
    }
  },
  {
    "type": "Feature",
    "geometry": {
       "type": "Point",
       "coordinates":  [ 121.5210223,25.0937342 ]
    },
    "properties": {
    "name":"407肌力訓練",
    "address":"中正路407號1樓",
    "district_code":63000110,
    "type":"學校、大型集會場所",
    "subtype":"健身房",
    "AED_location":"場所門口",
    "district":"士林區"
    }
  },
  {
    "type": "Feature",
    "geometry": {
       "type": "Point",
       "coordinates":  [ 121.563206,25.03186 ]
    },
    "properties": {
    "name":"臺北市信義區信義國民小學",
    "address":"松勤街60號",
    "district_code":63000020,
    "type":"其他",
    "subtype":"其他場所",
    "AED_location":"活動中心一樓",
    "district":"信義區"
    }
  },
  {
    "type": "Feature",
    "geometry": {
       "type": "Point",
       "coordinates":  [ 121.511059,25.036728 ]
    },
    "properties": {
    "name":"臺灣臺北地方法院",
    "address":"博愛路131號",
    "district_code":63000050,
    "type":"學校、大型集會場所",
    "subtype":"法院",
    "AED_location":"四樓開庭等候區",
    "district":"中正區"
    }
  },
  {
    "type": "Feature",
    "geometry": {
       "type": "Point",
       "coordinates":  [ 121.511059,25.036728 ]
    },
    "properties": {
    "name":"臺灣臺北地方法院",
    "address":"博愛路131號",
    "district_code":63000050,
    "type":"學校、大型集會場所",
    "subtype":"法院",
    "AED_location":"一樓大廳",
    "district":"中正區"
    }
  },
  {
    "type": "Feature",
    "geometry": {
       "type": "Point",
       "coordinates":  [ 121.551041,25.052025 ]
    },
    "properties": {
    "name":"K·Ｄ+ Fitness",
    "address":"南京東路四段51號2樓之1",
    "district_code":63000010,
    "type":"其他",
    "subtype":"其他場所",
    "AED_location":"休息區",
    "district":"松山區"
    }
  },
  {
    "type": "Feature",
    "geometry": {
       "type": "Point",
       "coordinates":  [ 121.522776,25.02797065 ]
    },
    "properties": {
    "name":"BeeFit蜂運動古亭教室",
    "address":"羅斯福路二段35巷13號",
    "district_code":63000030,
    "type":"學校、大型集會場所",
    "subtype":"健身房",
    "AED_location":"教室落地玻璃旁",
    "district":"大安區"
    }
  },
  {
    "type": "Feature",
    "geometry": {
       "type": "Point",
       "coordinates":  [ 121.58869,25.077035 ]
    },
    "properties": {
    "name":"臺北市內湖國中",
    "address":"台北市內湖區陽光街1號",
    "district_code":63000100,
    "type":"學校、大型集會場所",
    "subtype":"國中",
    "AED_location":"游泳池旁",
    "district":"內湖區"
    }
  },
  {
    "type": "Feature",
    "geometry": {
       "type": "Point",
       "coordinates":  [ 121.50461,25.134939 ]
    },
    "properties": {
    "name":"臺北市立北投國民中學",
    "address":"溫泉路62號",
    "district_code":63000120,
    "type":"其他",
    "subtype":"其他場所",
    "AED_location":"活動中心一樓",
    "district":"北投區"
    }
  },
  {
    "type": "Feature",
    "geometry": {
       "type": "Point",
       "coordinates":  [ 121.577812,25.074192 ]
    },
    "properties": {
    "name":"台達電子工業股份有限公司",
    "address":"瑞光路186號",
    "district_code":63000100,
    "type":"其他",
    "subtype":"其他場所",
    "AED_location":"1F大廳",
    "district":"內湖區"
    }
  },
  {
    "type": "Feature",
    "geometry": {
       "type": "Point",
       "coordinates":  [ 121.609889,25.033596 ]
    },
    "properties": {
    "name":"中華學校財團法人中華科技大學",
    "address":"研究院路3段245號",
    "district_code":63000090,
    "type":"學校、大型集會場所",
    "subtype":"大專院校",
    "AED_location":"日新樓一樓",
    "district":"南港區"
    }
  },
  {
    "type": "Feature",
    "geometry": {
       "type": "Point",
       "coordinates":  [ 121.5935424,25.0537916 ]
    },
    "properties": {
    "name":"臺北市玉成國小",
    "address":"臺北市南港區向陽路31號",
    "district_code":63000090,
    "type":"學校、大型集會場所",
    "subtype":"大專院校",
    "AED_location":"四維樓一樓",
    "district":"南港區"
    }
  },
  {
    "type": "Feature",
    "geometry": {
       "type": "Point",
       "coordinates":  [ 121.548293,24.996434 ]
    },
    "properties": {
    "name":"臺北市文山區景興國民小學",
    "address":"景華街150巷21號",
    "district_code":63000080,
    "type":"學校、大型集會場所",
    "subtype":"國小",
    "AED_location":"警衛室外",
    "district":"文山區"
    }
  },
  {
    "type": "Feature",
    "geometry": {
       "type": "Point",
       "coordinates":  [ 121.507149,25.136692 ]
    },
    "properties": {
    "name":"北投溫泉博物館",
    "address":"中山路2號",
    "district_code":63000120,
    "type":"大型休閒場所",
    "subtype":"博物館",
    "AED_location":"哺集乳室門口",
    "district":"北投區"
    }
  },
  {
    "type": "Feature",
    "geometry": {
       "type": "Point",
       "coordinates":  [ 121.6106211,25.0679496 ]
    },
    "properties": {
    "name":"南湖國小運動中心",
    "address":"康寧路三段200號運動中心2F",
    "district_code":63000100,
    "type":"學校、大型集會場所",
    "subtype":"健身中心",
    "AED_location":"臺北市內湖區康寧路三段200號運動中心2F",
    "district":"內湖區"
    }
  },
  {
    "type": "Feature",
    "geometry": {
       "type": "Point",
       "coordinates":  [ 121.5243144,25.031288 ]
    },
    "properties": {
    "name":"中華郵政股份有限公司愛國大樓",
    "address":"愛國東路216號",
    "district_code":63000030,
    "type":"其他",
    "subtype":"其他場所",
    "AED_location":"本公司1樓大廳",
    "district":"大安區"
    }
  },
  {
    "type": "Feature",
    "geometry": {
       "type": "Point",
       "coordinates":  [ 121.5589431,25.08048916 ]
    },
    "properties": {
    "name":"Marriott Taipei 台北萬豪酒店",
    "address":"樂群二路199號",
    "district_code":63000040,
    "type":"旅宿場所",
    "subtype":"飯店",
    "AED_location":"中城廣場",
    "district":"中山區"
    }
  },
  {
    "type": "Feature",
    "geometry": {
       "type": "Point",
       "coordinates":  [ 121.516692,25.073409 ]
    },
    "properties": {
    "name":"臺北市大同區大龍國民小學",
    "address":"哈密街47號",
    "district_code":63000060,
    "type":"其他",
    "subtype":"其他場所",
    "AED_location":"臺北市大同區大龍國民小學\t北側警衛室外",
    "district":"大同區"
    }
  },
  {
    "type": "Feature",
    "geometry": {
       "type": "Point",
       "coordinates":  [ 121.574281,25.034946 ]
    },
    "properties": {
    "name":"誠品股份有限公司196號辦公室",
    "address":"松德路196號B1F",
    "district_code":63000020,
    "type":"其他",
    "subtype":"其他場所",
    "AED_location":"松德辦公室門口",
    "district":"信義區"
    }
  },
  {
    "type": "Feature",
    "geometry": {
       "type": "Point",
       "coordinates":  [ 121.5411467,25.0521556 ]
    },
    "properties": {
    "name":"Jexer Fitness & Spa 南京復興",
    "address":"南京東路三段133號B2",
    "district_code":63000040,
    "type":"學校、大型集會場所",
    "subtype":"健身房",
    "AED_location":"出館手扶提附近",
    "district":"中山區"
    }
  },
  {
    "type": "Feature",
    "geometry": {
       "type": "Point",
       "coordinates":  [ 121.5245047,25.0560956 ]
    },
    "properties": {
    "name":"健身工廠-中山北廠",
    "address":"中山北路二段59巷45號B1F-B2F",
    "district_code":63000040,
    "type":"學校、大型集會場所",
    "subtype":"健身房",
    "AED_location":"B2F出入口",
    "district":"中山區"
    }
  },
  {
    "type": "Feature",
    "geometry": {
       "type": "Point",
       "coordinates":  [ 121.5230853,25.06256997 ]
    },
    "properties": {
    "name":"上海商業儲蓄銀行股份有限公司(總行大樓)",
    "address":"民權東路一段2號",
    "district_code":63000040,
    "type":"其他",
    "subtype":"其他場所",
    "AED_location":"上海商業儲蓄銀行 總行大樓",
    "district":"中山區"
    }
  },
  {
    "type": "Feature",
    "geometry": {
       "type": "Point",
       "coordinates":  [ 121.5819728,25.0377261 ]
    },
    "properties": {
    "name":"台北市立圖書館廣慈分館",
    "address":"福德街86號3-4樓",
    "district_code":63000020,
    "type":"大型休閒場所",
    "subtype":"圖書館",
    "AED_location":"4樓櫃檯旁",
    "district":"信義區"
    }
  },
  {
    "type": "Feature",
    "geometry": {
       "type": "Point",
       "coordinates":  [ 121.5199973,25.0636004 ]
    },
    "properties": {
    "name":"Transcend勸世健身",
    "address":"撫順街31號1樓",
    "district_code":63000040,
    "type":"學校、大型集會場所",
    "subtype":"健身中心",
    "AED_location":"健身房內休息區角落",
    "district":"中山區"
    }
  },
  {
    "type": "Feature",
    "geometry": {
       "type": "Point",
       "coordinates":  [ 121.5328065,25.0524582 ]
    },
    "properties": {
    "name":"財團法人陽光社會福利基金會陽光活力中心",
    "address":"松江路122號B1",
    "district_code":63000040,
    "type":"學校、大型集會場所",
    "subtype":"健身中心",
    "AED_location":"台北市中山區松江路122號",
    "district":"中山區"
    }
  },
  {
    "type": "Feature",
    "geometry": {
       "type": "Point",
       "coordinates":  [ 121.5559627,25.0380945 ]
    },
    "properties": {
    "name":"低氧喜客",
    "address":"仁愛路四段411號B1",
    "district_code":63000030,
    "type":"大型休閒場所",
    "subtype":"運動場館(如小巨蛋)",
    "AED_location":"本場所後方",
    "district":"大安區"
    }
  },
  {
    "type": "Feature",
    "geometry": {
       "type": "Point",
       "coordinates":  [ 121.54617,25.029397 ]
    },
    "properties": {
    "name":"臺北市大安區建安國民小學",
    "address":"大安路二段99號",
    "district_code":63000030,
    "type":"其他",
    "subtype":"其他場所",
    "AED_location":"藝術教學大樓B1游泳池",
    "district":"大安區"
    }
  },
  {
    "type": "Feature",
    "geometry": {
       "type": "Point",
       "coordinates":  [ 121.50748,25.134518 ]
    },
    "properties": {
    "name":"大地國際酒店股份有限公司",
    "address":"奇岩路1號",
    "district_code":63000120,
    "type":"大型公眾浴場或溫泉區",
    "subtype":"溫泉區",
    "AED_location":"本飯店獨立湯屋",
    "district":"北投區"
    }
  },
  {
    "type": "Feature",
    "geometry": {
       "type": "Point",
       "coordinates":  [ 121.50748,25.134518 ]
    },
    "properties": {
    "name":"大地國際酒店股份有限公司",
    "address":"奇岩路1號",
    "district_code":63000120,
    "type":"大型公眾浴場或溫泉區",
    "subtype":"溫泉區",
    "AED_location":"三樓游泳池區",
    "district":"北投區"
    }
  },
  {
    "type": "Feature",
    "geometry": {
       "type": "Point",
       "coordinates":  [ 121.525601,25.05421 ]
    },
    "properties": {
    "name":"欣欣秀泰影城",
    "address":"林森北路247號3~5樓",
    "district_code":63000040,
    "type":"大型休閒場所",
    "subtype":"電影片映演場所(戲院、電影院)",
    "AED_location":"5樓客梯左側",
    "district":"中山區"
    }
  },
  {
    "type": "Feature",
    "geometry": {
       "type": "Point",
       "coordinates":  [ 121.5572279,25.033661 ]
    },
    "properties": {
    "name":"構韋有限公司",
    "address":"光復南路578號2樓",
    "district_code":63000030,
    "type":"其他",
    "subtype":"其他場所",
    "AED_location":"卡蒂雅大廈２樓",
    "district":"大安區"
    }
  },
  {
    "type": "Feature",
    "geometry": {
       "type": "Point",
       "coordinates":  [ 121.545636,25.020777 ]
    },
    "properties": {
    "name":"臺北市大安運動中心",
    "address":"辛亥路3段55號",
    "district_code":63000030,
    "type":"學校、大型集會場所",
    "subtype":"健身中心",
    "AED_location":"一樓大廳",
    "district":"大安區"
    }
  },
  {
    "type": "Feature",
    "geometry": {
       "type": "Point",
       "coordinates":  [ 121.545636,25.020777 ]
    },
    "properties": {
    "name":"臺北市大安運動中心",
    "address":"辛亥路3段55號",
    "district_code":63000030,
    "type":"學校、大型集會場所",
    "subtype":"健身中心",
    "AED_location":"中心三樓",
    "district":"大安區"
    }
  },
  {
    "type": "Feature",
    "geometry": {
       "type": "Point",
       "coordinates":  [ 121.6193534,25.0584249 ]
    },
    "properties": {
    "name":"台北漢來大飯店GRAND HILAI TAIPEI",
    "address":"經貿一路168號",
    "district_code":63000090,
    "type":"旅宿場所",
    "subtype":"飯店",
    "AED_location":"五樓俱樂部",
    "district":"南港區"
    }
  },
  {
    "type": "Feature",
    "geometry": {
       "type": "Point",
       "coordinates":  [ 121.6193534,25.0584249 ]
    },
    "properties": {
    "name":"台北漢來大飯店GRAND HILAI TAIPEI",
    "address":"經貿一路168號",
    "district_code":63000090,
    "type":"旅宿場所",
    "subtype":"飯店",
    "AED_location":"一樓大廳櫃台",
    "district":"南港區"
    }
  },
  {
    "type": "Feature",
    "geometry": {
       "type": "Point",
       "coordinates":  [ 121.467145,25.119885 ]
    },
    "properties": {
    "name":"臺北市立關渡國民中學",
    "address":"知行路212號",
    "district_code":63000120,
    "type":"其他",
    "subtype":"其他場所",
    "AED_location":"學務處走廊",
    "district":"北投區"
    }
  },
  {
    "type": "Feature",
    "geometry": {
       "type": "Point",
       "coordinates":  [ 121.509983,25.024756 ]
    },
    "properties": {
    "name":"臺北市立古亭國民中學",
    "address":"中華路二段465號",
    "district_code":63000050,
    "type":"學校、大型集會場所",
    "subtype":"國中",
    "AED_location":"綜合大樓一樓",
    "district":"中正區"
    }
  },
  {
    "type": "Feature",
    "geometry": {
       "type": "Point",
       "coordinates":  [ 121.619458,25.072199 ]
    },
    "properties": {
    "name":"臺北市立東湖國民中學",
    "address":"康樂街131號",
    "district_code":63000100,
    "type":"其他",
    "subtype":"其他場所",
    "AED_location":"穿堂電梯旁",
    "district":"內湖區"
    }
  },
  {
    "type": "Feature",
    "geometry": {
       "type": "Point",
       "coordinates":  [ 121.60048,25.088121 ]
    },
    "properties": {
    "name":"臺北市內湖區大湖國民小學",
    "address":"大湖山莊街170號",
    "district_code":63000100,
    "type":"其他",
    "subtype":"其他場所",
    "AED_location":"台北市內湖區大湖山莊街170號",
    "district":"內湖區"
    }
  },
  {
    "type": "Feature",
    "geometry": {
       "type": "Point",
       "coordinates":  [ 121.516476,25.054389 ]
    },
    "properties": {
    "name":"臺北市大同區日新國民小學",
    "address":"太原路151號",
    "district_code":63000060,
    "type":"其他",
    "subtype":"其他場所",
    "AED_location":"日新國小紅樓外走廊(鄰近太原路門口)",
    "district":"大同區"
    }
  },
  {
    "type": "Feature",
    "geometry": {
       "type": "Point",
       "coordinates":  [ 121.508762,25.136932 ]
    },
    "properties": {
    "name":"梅庭",
    "address":"中山路6號",
    "district_code":63000120,
    "type":"其他",
    "subtype":"其他場所",
    "AED_location":"北投梅庭",
    "district":"北投區"
    }
  },
  {
    "type": "Feature",
    "geometry": {
       "type": "Point",
       "coordinates":  [ 121.619458,25.072199 ]
    },
    "properties": {
    "name":"臺北市立東湖國民中學",
    "address":"康樂街131號",
    "district_code":63000100,
    "type":"其他",
    "subtype":"其他場所",
    "AED_location":"東湖國中活動中心1樓(大樓內)",
    "district":"內湖區"
    }
  },
  {
    "type": "Feature",
    "geometry": {
       "type": "Point",
       "coordinates":  [ 121.55143,25.0794661 ]
    },
    "properties": {
    "name":"齊天健身",
    "address":"明水路567號一樓",
    "district_code":63000040,
    "type":"其他",
    "subtype":"其他場所",
    "AED_location":"館內大廳",
    "district":"中山區"
    }
  },
  {
    "type": "Feature",
    "geometry": {
       "type": "Point",
       "coordinates":  [ 121.509309,25.042787 ]
    },
    "properties": {
    "name":"德立莊酒店",
    "address":"秀山街4號",
    "district_code":63000050,
    "type":"旅宿場所",
    "subtype":"旅館",
    "AED_location":"飯店大廳",
    "district":"中正區"
    }
  },
  {
    "type": "Feature",
    "geometry": {
       "type": "Point",
       "coordinates":  [ 121.504555,25.040944 ]
    },
    "properties": {
    "name":"洛碁大飯店新仕界",
    "address":"昆明街141號",
    "district_code":63000070,
    "type":"旅宿場所",
    "subtype":"旅館",
    "AED_location":"本館大廳座位區",
    "district":"萬華區"
    }
  },
  {
    "type": "Feature",
    "geometry": {
       "type": "Point",
       "coordinates":  [ 121.516541,25.104472 ]
    },
    "properties": {
    "name":"臺北市立中正高級中學",
    "address":"文林北路77號",
    "district_code":63000120,
    "type":"學校、大型集會場所",
    "subtype":"高中職",
    "AED_location":"校門口警衛室內",
    "district":"北投區"
    }
  },
  {
    "type": "Feature",
    "geometry": {
       "type": "Point",
       "coordinates":  [ 121.544388,25.060561 ]
    },
    "properties": {
    "name":"臺灣集中保管結算所股份有限公司",
    "address":"復興北路363號2樓",
    "district_code":63000010,
    "type":"其他",
    "subtype":"其他場所",
    "AED_location":"台北市松山區復興北路365號5樓",
    "district":"松山區"
    }
  },
  {
    "type": "Feature",
    "geometry": {
       "type": "Point",
       "coordinates":  [ 121.5095859,25.0450456 ]
    },
    "properties": {
    "name":"捷絲旅西門館",
    "address":"中華路一段41號5樓",
    "district_code":63000050,
    "type":"旅宿場所",
    "subtype":"旅館",
    "AED_location":"大門入口左邊休息區",
    "district":"中正區"
    }
  },
  {
    "type": "Feature",
    "geometry": {
       "type": "Point",
       "coordinates":  [ 121.6204805,25.03642717 ]
    },
    "properties": {
    "name":"臺北市政府環境保護局南港區清潔隊停車場",
    "address":"南深路37號之1",
    "district_code":63000090,
    "type":"其他",
    "subtype":"其他場所",
    "AED_location":"1F電箱旁",
    "district":"南港區"
    }
  },
  {
    "type": "Feature",
    "geometry": {
       "type": "Point",
       "coordinates":  [ 121.5151892,25.02936973 ]
    },
    "properties": {
    "name":"臺北市政府環境保護局中正區清潔隊區隊部",
    "address":"重慶南路三段6號",
    "district_code":63000050,
    "type":"其他",
    "subtype":"其他場所",
    "AED_location":"大門旁",
    "district":"中正區"
    }
  },
  {
    "type": "Feature",
    "geometry": {
       "type": "Point",
       "coordinates":  [ 121.5473457,25.020008 ]
    },
    "properties": {
    "name":"臺北市政府環境保護局大安區清潔隊臥龍分隊",
    "address":"基隆路三段臨24號",
    "district_code":63000030,
    "type":"其他",
    "subtype":"其他場所",
    "AED_location":"在休息室",
    "district":"大安區"
    }
  },
  {
    "type": "Feature",
    "geometry": {
       "type": "Point",
       "coordinates":  [ 121.520677,25.076082 ]
    },
    "properties": {
    "name":"臺北市政府環境保護局大同區清潔隊大龍分隊",
    "address":"承德路3段303之1號",
    "district_code":63000060,
    "type":"其他",
    "subtype":"其他場所",
    "AED_location":"在會議室",
    "district":"大同區"
    }
  },
  {
    "type": "Feature",
    "geometry": {
       "type": "Point",
       "coordinates":  [ 121.5016253,25.04427837 ]
    },
    "properties": {
    "name":"臺北市政府環境保護局萬華區清潔隊青年分隊",
    "address":"成都路臨173號之1",
    "district_code":63000070,
    "type":"其他",
    "subtype":"其他場所",
    "AED_location":"大門右側",
    "district":"萬華區"
    }
  },
  {
    "type": "Feature",
    "geometry": {
       "type": "Point",
       "coordinates":  [ 121.533814,25.022008 ]
    },
    "properties": {
    "name":"臺北市政府環境保護局大安區清潔隊台大分隊",
    "address":"辛亥路一段臨138號",
    "district_code":63000030,
    "type":"其他",
    "subtype":"其他場所",
    "AED_location":"休息室",
    "district":"大安區"
    }
  },
  {
    "type": "Feature",
    "geometry": {
       "type": "Point",
       "coordinates":  [ 121.5456244,25.0727943 ]
    },
    "properties": {
    "name":"臺北市政府環境保護局中山區清潔隊停車場",
    "address":"濱江街301巷內",
    "district_code":63000040,
    "type":"其他",
    "subtype":"其他場所",
    "AED_location":"警衛室內",
    "district":"中山區"
    }
  },
  {
    "type": "Feature",
    "geometry": {
       "type": "Point",
       "coordinates":  [ 121.563185,24.984612 ]
    },
    "properties": {
    "name":"臺北市政府環境保護局文山區清潔隊復興分隊",
    "address":"忠順街二段22號2樓",
    "district_code":63000080,
    "type":"其他",
    "subtype":"其他場所",
    "AED_location":"點名場所",
    "district":"文山區"
    }
  },
  {
    "type": "Feature",
    "geometry": {
       "type": "Point",
       "coordinates":  [ 121.5687938,25.02445119 ]
    },
    "properties": {
    "name":"臺北市政府環境保護局信義區清潔隊吳興分隊",
    "address":"松仁路240巷19號3樓之3",
    "district_code":63000020,
    "type":"其他",
    "subtype":"其他場所",
    "AED_location":"大門左方",
    "district":"信義區"
    }
  },
  {
    "type": "Feature",
    "geometry": {
       "type": "Point",
       "coordinates":  [ 121.5140559,25.04435575 ]
    },
    "properties": {
    "name":"臺北市政府環境保護局中正區清潔隊博愛分隊",
    "address":"懷寧街58號1樓",
    "district_code":63000050,
    "type":"其他",
    "subtype":"其他場所",
    "AED_location":"辦公室門口",
    "district":"中正區"
    }
  },
  {
    "type": "Feature",
    "geometry": {
       "type": "Point",
       "coordinates":  [ 121.5369241,25.04225546 ]
    },
    "properties": {
    "name":"臺北市政府環境保護局大安區清潔隊敦化分隊",
    "address":"忠孝東路三段31號",
    "district_code":63000030,
    "type":"其他",
    "subtype":"其他場所",
    "AED_location":"大門右側",
    "district":"大安區"
    }
  },
  {
    "type": "Feature",
    "geometry": {
       "type": "Point",
       "coordinates":  [ 121.545716,25.073015 ]
    },
    "properties": {
    "name":"臺北市政府環境保護局松山區清潔隊停車場",
    "address":"濱江街301巷底",
    "district_code":63000010,
    "type":"其他",
    "subtype":"其他場所",
    "AED_location":"辦公室右側",
    "district":"松山區"
    }
  },
  {
    "type": "Feature",
    "geometry": {
       "type": "Point",
       "coordinates":  [ 121.537891,25.025078 ]
    },
    "properties": {
    "name":"臺北市政府環境保護局大安區清潔隊瑞安分隊",
    "address":"建國南路二段臨263號",
    "district_code":63000030,
    "type":"其他",
    "subtype":"其他場所",
    "AED_location":"辦公室內",
    "district":"大安區"
    }
  },
  {
    "type": "Feature",
    "geometry": {
       "type": "Point",
       "coordinates":  [ 121.5240874,25.04531265 ]
    },
    "properties": {
    "name":"臺北市政府環境保護局中正區清潔隊仁愛分隊",
    "address":"林森北路5巷7號",
    "district_code":63000050,
    "type":"其他",
    "subtype":"其他場所",
    "AED_location":"辦公室",
    "district":"中正區"
    }
  },
  {
    "type": "Feature",
    "geometry": {
       "type": "Point",
       "coordinates":  [ 121.502975,25.12312 ]
    },
    "properties": {
    "name":"臺北市政府環境保護局北投區清潔隊光明分隊",
    "address":"磺港路275號",
    "district_code":63000120,
    "type":"其他",
    "subtype":"其他場所",
    "AED_location":"辦公區",
    "district":"北投區"
    }
  },
  {
    "type": "Feature",
    "geometry": {
       "type": "Point",
       "coordinates":  [ 121.4934382,25.12364462 ]
    },
    "properties": {
    "name":"臺北市政府環境保護局士林區清潔隊停車場(大度)",
    "address":"大度路1段150巷11號",
    "district_code":63000120,
    "type":"其他",
    "subtype":"其他場所",
    "AED_location":"辦公室",
    "district":"北投區"
    }
  },
  {
    "type": "Feature",
    "geometry": {
       "type": "Point",
       "coordinates":  [ 121.562422,24.987285 ]
    },
    "properties": {
    "name":"臺北市政府環境保護局文山區清潔隊木柵分隊",
    "address":"木柵路二段138巷26號",
    "district_code":63000080,
    "type":"其他",
    "subtype":"其他場所",
    "AED_location":"3F會議室",
    "district":"文山區"
    }
  },
  {
    "type": "Feature",
    "geometry": {
       "type": "Point",
       "coordinates":  [ 121.467323,25.122937 ]
    },
    "properties": {
    "name":"臺北市政府環境保護局北投區清潔隊關渡分隊",
    "address":"大渡路3段臨250號",
    "district_code":63000120,
    "type":"其他",
    "subtype":"其他場所",
    "AED_location":"辦公室",
    "district":"北投區"
    }
  },
  {
    "type": "Feature",
    "geometry": {
       "type": "Point",
       "coordinates":  [ 121.54656,25.137067 ]
    },
    "properties": {
    "name":"臺北市政府環境保護局士林區清潔隊草山分隊",
    "address":"格致路 34 號",
    "district_code":63000110,
    "type":"其他",
    "subtype":"其他場所",
    "AED_location":"辦公休息區",
    "district":"士林區"
    }
  },
  {
    "type": "Feature",
    "geometry": {
       "type": "Point",
       "coordinates":  [ 121.5127477,25.14114335 ]
    },
    "properties": {
    "name":"臺北市政府環境保護局北投區清潔隊陽明分隊二班",
    "address":"新民路73-7號",
    "district_code":63000120,
    "type":"其他",
    "subtype":"其他場所",
    "AED_location":"辦公室",
    "district":"北投區"
    }
  },
  {
    "type": "Feature",
    "geometry": {
       "type": "Point",
       "coordinates":  [ 121.5070448,25.04793247 ]
    },
    "properties": {
    "name":"臺北市政府環境保護局萬華區清潔隊武昌分隊",
    "address":"西寧南路4號2F",
    "district_code":63000070,
    "type":"其他",
    "subtype":"其他場所",
    "AED_location":"大門右大門",
    "district":"萬華區"
    }
  },
  {
    "type": "Feature",
    "geometry": {
       "type": "Point",
       "coordinates":  [ 121.6017439,25.08604543 ]
    },
    "properties": {
    "name":"臺北市政府環境保護局內湖區清潔隊內湖分隊",
    "address":"大湖山莊街117號",
    "district_code":63000100,
    "type":"其他",
    "subtype":"其他場所",
    "AED_location":"1F梯間",
    "district":"內湖區"
    }
  },
  {
    "type": "Feature",
    "geometry": {
       "type": "Point",
       "coordinates":  [ 121.520136,25.077181 ]
    },
    "properties": {
    "name":"臺北市政府環境保護局中山區清潔隊中山分隊",
    "address":"新生北路二段臨30-1號",
    "district_code":63000040,
    "type":"其他",
    "subtype":"其他場所",
    "AED_location":"大門右側",
    "district":"中山區"
    }
  },
  {
    "type": "Feature",
    "geometry": {
       "type": "Point",
       "coordinates":  [ 121.527439,25.013179 ]
    },
    "properties": {
    "name":"臺北市政府環境保護局中正區清潔隊公館分隊",
    "address":"水源路臨2號",
    "district_code":63000050,
    "type":"其他",
    "subtype":"其他場所",
    "AED_location":"大門進去右手邊",
    "district":"中正區"
    }
  },
  {
    "type": "Feature",
    "geometry": {
       "type": "Point",
       "coordinates":  [ 121.532337,25.022699 ]
    },
    "properties": {
    "name":"臺北市政府環境保護局大安區清潔隊和平分隊",
    "address":"辛亥路一段臨143號",
    "district_code":63000030,
    "type":"其他",
    "subtype":"其他場所",
    "AED_location":"點名室內",
    "district":"大安區"
    }
  },
  {
    "type": "Feature",
    "geometry": {
       "type": "Point",
       "coordinates":  [ 121.570669,25.041175 ]
    },
    "properties": {
    "name":"臺北市政府環境保護局信義區清潔隊五分埔分隊",
    "address":"忠孝東路5段257巷2號",
    "district_code":63000020,
    "type":"其他",
    "subtype":"其他場所",
    "AED_location":"放梯廳間",
    "district":"信義區"
    }
  },
  {
    "type": "Feature",
    "geometry": {
       "type": "Point",
       "coordinates":  [ 121.5174605,25.09058619 ]
    },
    "properties": {
    "name":"臺北市政府環境保護局士林區清潔隊天母分隊",
    "address":"承德路7段413巷內",
    "district_code":63000110,
    "type":"其他",
    "subtype":"其他場所",
    "AED_location":"左側休息室",
    "district":"士林區"
    }
  },
  {
    "type": "Feature",
    "geometry": {
       "type": "Point",
       "coordinates":  [ 121.506607,25.08589695 ]
    },
    "properties": {
    "name":"臺北市政府環境保護局士林區清潔隊社子分隊葫蘆班",
    "address":"中正路 臨707-1號",
    "district_code":63000110,
    "type":"其他",
    "subtype":"其他場所",
    "AED_location":"辦公室",
    "district":"士林區"
    }
  },
  {
    "type": "Feature",
    "geometry": {
       "type": "Point",
       "coordinates":  [ 121.5140597,25.0748652 ]
    },
    "properties": {
    "name":"臺北市政府環境保護局環保稽查大隊",
    "address":"重慶北路3段347號4樓",
    "district_code":63000060,
    "type":"其他",
    "subtype":"其他場所",
    "AED_location":"2樓勤務中心",
    "district":"大同區"
    }
  },
  {
    "type": "Feature",
    "geometry": {
       "type": "Point",
       "coordinates":  [ 121.5523144,25.0483521 ]
    },
    "properties": {
    "name":"臺北市藝文推廣處",
    "address":"八德路3段25號3樓",
    "district_code":63000010,
    "type":"大型休閒場所",
    "subtype":"演藝廳",
    "AED_location":"藝文大樓1樓",
    "district":"松山區"
    }
  },
  {
    "type": "Feature",
    "geometry": {
       "type": "Point",
       "coordinates":  [ 121.4947582,25.03554096 ]
    },
    "properties": {
    "name":"臺北市政府環境保護局萬華區清潔隊昆明分隊",
    "address":"和平西路三段251號1樓",
    "district_code":63000070,
    "type":"其他",
    "subtype":"其他場所",
    "AED_location":"入口左側",
    "district":"萬華區"
    }
  },
  {
    "type": "Feature",
    "geometry": {
       "type": "Point",
       "coordinates":  [ 121.579137,25.073419 ]
    },
    "properties": {
    "name":"臺北市政府環境保護局內湖區清潔隊科技分隊",
    "address":"瑞光路160號B1",
    "district_code":63000100,
    "type":"其他",
    "subtype":"其他場所",
    "AED_location":"辦公室",
    "district":"內湖區"
    }
  },
  {
    "type": "Feature",
    "geometry": {
       "type": "Point",
       "coordinates":  [ 121.622895,25.028922 ]
    },
    "properties": {
    "name":"臺北市政府環境保護局廢棄物處理場行政辦公大樓",
    "address":"南深路37 號",
    "district_code":63000090,
    "type":"其他",
    "subtype":"其他場所",
    "AED_location":"閱覽室內",
    "district":"南港區"
    }
  },
  {
    "type": "Feature",
    "geometry": {
       "type": "Point",
       "coordinates":  [ 121.5369868,25.06025335 ]
    },
    "properties": {
    "name":"臺北市政府環境保護局中山區清潔隊民權二分隊",
    "address":"錦州街臨306號",
    "district_code":63000040,
    "type":"其他",
    "subtype":"其他場所",
    "AED_location":"大門左側",
    "district":"中山區"
    }
  },
  {
    "type": "Feature",
    "geometry": {
       "type": "Point",
       "coordinates":  [ 121.535308,24.999599 ]
    },
    "properties": {
    "name":"臺北市政府環境保護局文山區清潔隊景美分隊",
    "address":"溪州街臨220號",
    "district_code":63000080,
    "type":"其他",
    "subtype":"其他場所",
    "AED_location":"辦公室外",
    "district":"文山區"
    }
  },
  {
    "type": "Feature",
    "geometry": {
       "type": "Point",
       "coordinates":  [ 121.51099,25.02829299 ]
    },
    "properties": {
    "name":"臺北市政府環境保護局中正區清潔隊南昌分隊",
    "address":"三元街131號7樓",
    "district_code":63000050,
    "type":"其他",
    "subtype":"其他場所",
    "AED_location":"辦公室",
    "district":"中正區"
    }
  },
  {
    "type": "Feature",
    "geometry": {
       "type": "Point",
       "coordinates":  [ 121.5842632,25.06644882 ]
    },
    "properties": {
    "name":"臺北市政府環境保護局資源回收隊內湖再生家具",
    "address":"行忠路178巷1號",
    "district_code":63000100,
    "type":"其他",
    "subtype":"其他場所",
    "AED_location":"展示場一樓",
    "district":"內湖區"
    }
  },
  {
    "type": "Feature",
    "geometry": {
       "type": "Point",
       "coordinates":  [ 121.5532348,25.02941352 ]
    },
    "properties": {
    "name":"臺北市政府環境保護局大安區清潔隊安和分隊",
    "address":"通化街120巷20號",
    "district_code":63000030,
    "type":"其他",
    "subtype":"其他場所",
    "AED_location":"在門口正對面",
    "district":"大安區"
    }
  },
  {
    "type": "Feature",
    "geometry": {
       "type": "Point",
       "coordinates":  [ 121.524593,25.044355 ]
    },
    "properties": {
    "name":"臺北市政府環境保護局中正區清潔隊忠孝分隊",
    "address":"台北市中正區忠孝東路一段108號3樓之3",
    "district_code":63000050,
    "type":"其他",
    "subtype":"其他場所",
    "AED_location":"辦公室門口",
    "district":"中正區"
    }
  },
  {
    "type": "Feature",
    "geometry": {
       "type": "Point",
       "coordinates":  [ 121.568676,25.051439 ]
    },
    "properties": {
    "name":"臺北市政府環境保護局松山區清潔隊松山分隊",
    "address":"南京東路5段372號",
    "district_code":63000010,
    "type":"其他",
    "subtype":"其他場所",
    "AED_location":"辦公室門口",
    "district":"松山區"
    }
  },
  {
    "type": "Feature",
    "geometry": {
       "type": "Point",
       "coordinates":  [ 121.610413,25.066494 ]
    },
    "properties": {
    "name":"臺北市立南湖高級中學",
    "address":"康寧路3段220號",
    "district_code":63000100,
    "type":"學校、大型集會場所",
    "subtype":"高中職",
    "AED_location":"東風樓3樓學務處",
    "district":"內湖區"
    }
  },
  {
    "type": "Feature",
    "geometry": {
       "type": "Point",
       "coordinates":  [ 121.507974,25.138039 ]
    },
    "properties": {
    "name":"臺北市立新民國民中學",
    "address":"新民路10號",
    "district_code":63000120,
    "type":"其他",
    "subtype":"其他場所",
    "AED_location":"新民國中活動中心",
    "district":"北投區"
    }
  },
  {
    "type": "Feature",
    "geometry": {
       "type": "Point",
       "coordinates":  [ 121.471399,25.122762 ]
    },
    "properties": {
    "name":"臺北市政府環境保護局直屬隊機動二分隊",
    "address":"大度路150巷11號",
    "district_code":63000120,
    "type":"其他",
    "subtype":"其他場所",
    "AED_location":"一樓大門入口處",
    "district":"北投區"
    }
  },
  {
    "type": "Feature",
    "geometry": {
       "type": "Point",
       "coordinates":  [ 121.5116733,25.07651073 ]
    },
    "properties": {
    "name":"臺北市政府環境保護局大同區清潔隊蘭州分隊",
    "address":"敦煌路 臨151-1號",
    "district_code":63000060,
    "type":"其他",
    "subtype":"其他場所",
    "AED_location":"大門右前方",
    "district":"大同區"
    }
  },
  {
    "type": "Feature",
    "geometry": {
       "type": "Point",
       "coordinates":  [ 121.594465,25.053992 ]
    },
    "properties": {
    "name":"臺北市政府環境保護局南港區清潔隊玉成分隊",
    "address":"向陽路49號",
    "district_code":63000090,
    "type":"其他",
    "subtype":"其他場所",
    "AED_location":"地下一樓",
    "district":"南港區"
    }
  },
  {
    "type": "Feature",
    "geometry": {
       "type": "Point",
       "coordinates":  [ 121.495051,25.022115 ]
    },
    "properties": {
    "name":"臺北市政府環境保護局萬華區清潔隊東園分隊",
    "address":"寶興街222巷11-1號",
    "district_code":63000070,
    "type":"其他",
    "subtype":"其他場所",
    "AED_location":"備勤室內",
    "district":"萬華區"
    }
  },
  {
    "type": "Feature",
    "geometry": {
       "type": "Point",
       "coordinates":  [ 121.593804,24.99896 ]
    },
    "properties": {
    "name":"臺北市政府環境保護局信義區清潔隊四號停車場",
    "address":"木柵路5段151號往前500公尺",
    "district_code":63000080,
    "type":"其他",
    "subtype":"其他場所",
    "AED_location":"辦公室外",
    "district":"文山區"
    }
  },
  {
    "type": "Feature",
    "geometry": {
       "type": "Point",
       "coordinates":  [ 121.533669,25.148526 ]
    },
    "properties": {
    "name":"臺北市政府環境保護局北投區清潔隊陽明分隊一班",
    "address":"紗帽路141巷23號",
    "district_code":63000120,
    "type":"其他",
    "subtype":"其他場所",
    "AED_location":"辦公區休息區",
    "district":"北投區"
    }
  },
  {
    "type": "Feature",
    "geometry": {
       "type": "Point",
       "coordinates":  [ 121.507413,25.05258854 ]
    },
    "properties": {
    "name":"臺北市政府環境保護局大同區清潔隊延平分隊",
    "address":"環河北路一段 臨63-1號",
    "district_code":63000060,
    "type":"其他",
    "subtype":"其他場所",
    "AED_location":"大門進去正前方",
    "district":"大同區"
    }
  },
  {
    "type": "Feature",
    "geometry": {
       "type": "Point",
       "coordinates":  [ 121.499802,25.041776 ]
    },
    "properties": {
    "name":"臺北市政府環境保護局萬華區清潔隊漢中分隊",
    "address":"環河南路一段臨280-1號",
    "district_code":63000070,
    "type":"其他",
    "subtype":"其他場所",
    "AED_location":"入口左側",
    "district":"萬華區"
    }
  },
  {
    "type": "Feature",
    "geometry": {
       "type": "Point",
       "coordinates":  [ 121.529693,25.082404 ]
    },
    "properties": {
    "name":"臺北市政府環境保護局中山區清潔隊長安分隊",
    "address":"建國北路一段臨5-1號",
    "district_code":63000040,
    "type":"其他",
    "subtype":"其他場所",
    "AED_location":"在大門左邊",
    "district":"中山區"
    }
  },
  {
    "type": "Feature",
    "geometry": {
       "type": "Point",
       "coordinates":  [ 121.589987,25.06769 ]
    },
    "properties": {
    "name":"臺北市政府環境保護局內湖區清潔隊區隊部",
    "address":"成功路二段320巷19號4樓",
    "district_code":63000100,
    "type":"其他",
    "subtype":"其他場所",
    "AED_location":"辦公室",
    "district":"內湖區"
    }
  },
  {
    "type": "Feature",
    "geometry": {
       "type": "Point",
       "coordinates":  [ 121.57859,25.031523 ]
    },
    "properties": {
    "name":"臺北市政府環境保護局信義區清潔隊福德分隊",
    "address":"松山路658號2樓",
    "district_code":63000020,
    "type":"其他",
    "subtype":"其他場所",
    "AED_location":"在大廳",
    "district":"信義區"
    }
  },
  {
    "type": "Feature",
    "geometry": {
       "type": "Point",
       "coordinates":  [ 121.590903,25.068942 ]
    },
    "properties": {
    "name":"臺北市政府環境保護局內湖區清潔隊文德分隊",
    "address":"民權東路六段臨10-2號",
    "district_code":63000100,
    "type":"其他",
    "subtype":"其他場所",
    "AED_location":"辦公室",
    "district":"內湖區"
    }
  },
  {
    "type": "Feature",
    "geometry": {
       "type": "Point",
       "coordinates":  [ 121.5278416,25.08995592 ]
    },
    "properties": {
    "name":"臺北市政府環境保護局士林區清潔隊文林分隊文外班",
    "address":"中山北路五段376號6樓",
    "district_code":63000110,
    "type":"其他",
    "subtype":"其他場所",
    "AED_location":"辦公區",
    "district":"士林區"
    }
  },
  {
    "type": "Feature",
    "geometry": {
       "type": "Point",
       "coordinates":  [ 121.570083,24.98964 ]
    },
    "properties": {
    "name":"臺北市政府環境保護局文山區清潔隊區隊部",
    "address":"木柵路三段220號7樓",
    "district_code":63000080,
    "type":"其他",
    "subtype":"其他場所",
    "AED_location":"辦公室",
    "district":"文山區"
    }
  },
  {
    "type": "Feature",
    "geometry": {
       "type": "Point",
       "coordinates":  [ 121.53781,25.040966 ]
    },
    "properties": {
    "name":"臺北市政府環境保護局大安區清潔隊新生分隊",
    "address":"建國南路一段臨173號",
    "district_code":63000030,
    "type":"其他",
    "subtype":"其他場所",
    "AED_location":"大門左側",
    "district":"大安區"
    }
  },
  {
    "type": "Feature",
    "geometry": {
       "type": "Point",
       "coordinates":  [ 121.531294,25.071894 ]
    },
    "properties": {
    "name":"臺北市政府環境保護局中山區清潔隊圓山分隊",
    "address":"新生北路三段 51 -3號",
    "district_code":63000040,
    "type":"其他",
    "subtype":"其他場所",
    "AED_location":"大門進去左前方",
    "district":"中山區"
    }
  },
  {
    "type": "Feature",
    "geometry": {
       "type": "Point",
       "coordinates":  [ 121.5687938,25.02445119 ]
    },
    "properties": {
    "name":"臺北市政府環境保護局信義區清潔隊六張犁分隊",
    "address":"松仁路240巷19號6樓",
    "district_code":63000020,
    "type":"其他",
    "subtype":"其他場所",
    "AED_location":"大門左邊",
    "district":"信義區"
    }
  },
  {
    "type": "Feature",
    "geometry": {
       "type": "Point",
       "coordinates":  [ 121.5381993,25.02913727 ]
    },
    "properties": {
    "name":"臺北市政府環境保護局大安區清潔隊建南停車場",
    "address":"建國南路二段臨149號",
    "district_code":63000030,
    "type":"其他",
    "subtype":"其他場所",
    "AED_location":"警衛室",
    "district":"大安區"
    }
  },
  {
    "type": "Feature",
    "geometry": {
       "type": "Point",
       "coordinates":  [ 121.593804,24.99896 ]
    },
    "properties": {
    "name":"臺北市政府環境保護局資源回收隊木柵回收場",
    "address":"木柵路五段151號",
    "district_code":63000080,
    "type":"其他",
    "subtype":"其他場所",
    "AED_location":"地磅室外",
    "district":"文山區"
    }
  },
  {
    "type": "Feature",
    "geometry": {
       "type": "Point",
       "coordinates":  [ 121.5075731,25.02867945 ]
    },
    "properties": {
    "name":"臺北市政府環境保護局中正區清潔隊泉州分隊",
    "address":"惠安街47號",
    "district_code":63000050,
    "type":"其他",
    "subtype":"其他場所",
    "AED_location":"大門右側",
    "district":"中正區"
    }
  },
  {
    "type": "Feature",
    "geometry": {
       "type": "Point",
       "coordinates":  [ 121.51406,25.074865 ]
    },
    "properties": {
    "name":"臺北市政府環境保護局公廁管理隊",
    "address":"重慶北路三段347號2樓",
    "district_code":63000060,
    "type":"其他",
    "subtype":"其他場所",
    "AED_location":"門口左側",
    "district":"大同區"
    }
  },
  {
    "type": "Feature",
    "geometry": {
       "type": "Point",
       "coordinates":  [ 121.5679889,25.0351042 ]
    },
    "properties": {
    "name":"意寬精品旅館(HOME HOTEL)",
    "address":"松仁路90號",
    "district_code":63000020,
    "type":"旅宿場所",
    "subtype":"旅館",
    "AED_location":"進門右手邊",
    "district":"信義區"
    }
  },
  {
    "type": "Feature",
    "geometry": {
       "type": "Point",
       "coordinates":  [ 121.508718,25.05021259 ]
    },
    "properties": {
    "name":"臺北市政府環境保護局直屬隊機動分隊",
    "address":"鄭州路 臨50號",
    "district_code":63000060,
    "type":"其他",
    "subtype":"其他場所",
    "AED_location":"警衛室門口",
    "district":"大同區"
    }
  },
  {
    "type": "Feature",
    "geometry": {
       "type": "Point",
       "coordinates":  [ 121.50642,25.08579 ]
    },
    "properties": {
    "name":"臺北市政府環境保護局士林區清潔隊社子分隊社子班",
    "address":"中正路臨692號對面",
    "district_code":63000110,
    "type":"其他",
    "subtype":"其他場所",
    "AED_location":"辦公室",
    "district":"士林區"
    }
  },
  {
    "type": "Feature",
    "geometry": {
       "type": "Point",
       "coordinates":  [ 121.4985667,25.11328784 ]
    },
    "properties": {
    "name":"臺北市政府環境保護局北投區清潔隊石牌分隊",
    "address":"承德路7段393巷200號",
    "district_code":63000120,
    "type":"其他",
    "subtype":"其他場所",
    "AED_location":"辦公室",
    "district":"北投區"
    }
  },
  {
    "type": "Feature",
    "geometry": {
       "type": "Point",
       "coordinates":  [ 121.495459,25.03693 ]
    },
    "properties": {
    "name":"臺北市政府環境保護局資源回收隊萬華展示場",
    "address":"環河南路2段102號1.2樓",
    "district_code":63000070,
    "type":"其他",
    "subtype":"其他場所",
    "AED_location":"展示場二樓",
    "district":"萬華區"
    }
  },
  {
    "type": "Feature",
    "geometry": {
       "type": "Point",
       "coordinates":  [ 121.53713,25.056054 ]
    },
    "properties": {
    "name":"臺北市政府環境保護局溝渠清理第一隊停車場",
    "address":"建國北路2段及興安街交叉橋孔下",
    "district_code":63000040,
    "type":"其他",
    "subtype":"其他場所",
    "AED_location":"辦公室",
    "district":"中山區"
    }
  },
  {
    "type": "Feature",
    "geometry": {
       "type": "Point",
       "coordinates":  [ 121.52014,25.09999615 ]
    },
    "properties": {
    "name":"臺北市政府環境保護局士林區清潔隊蘭雅分隊",
    "address":"文昌路臨211號",
    "district_code":63000110,
    "type":"其他",
    "subtype":"其他場所",
    "AED_location":"辦公室",
    "district":"士林區"
    }
  },
  {
    "type": "Feature",
    "geometry": {
       "type": "Point",
       "coordinates":  [ 121.488772,25.032546 ]
    },
    "properties": {
    "name":"臺北市政府環境保護局萬華區清潔隊大理分隊",
    "address":"長順街臨131號",
    "district_code":63000070,
    "type":"其他",
    "subtype":"其他場所",
    "AED_location":"辦公室內",
    "district":"萬華區"
    }
  },
  {
    "type": "Feature",
    "geometry": {
       "type": "Point",
       "coordinates":  [ 121.533814,25.022008 ]
    },
    "properties": {
    "name":"臺北市政府環境保護局中正區清潔隊停車場(辛亥)",
    "address":"辛亥路1段臨136號",
    "district_code":63000050,
    "type":"其他",
    "subtype":"其他場所",
    "AED_location":"辦公室",
    "district":"中正區"
    }
  },
  {
    "type": "Feature",
    "geometry": {
       "type": "Point",
       "coordinates":  [ 121.53406,25.06703 ]
    },
    "properties": {
    "name":"臺北市政府環境保護局溝渠清理第二隊停車場",
    "address":"建國北路3段96-1號",
    "district_code":63000040,
    "type":"其他",
    "subtype":"其他場所",
    "AED_location":"貨櫃門口",
    "district":"中山區"
    }
  },
  {
    "type": "Feature",
    "geometry": {
       "type": "Point",
       "coordinates":  [ 121.612033,25.068697 ]
    },
    "properties": {
    "name":"臺北市內湖區南湖國民小學（五樓體育科辦公室外）",
    "address":"康寧路三段200號",
    "district_code":63000100,
    "type":"其他",
    "subtype":"其他場所",
    "AED_location":"五樓體育組辦公室外",
    "district":"內湖區"
    }
  },
  {
    "type": "Feature",
    "geometry": {
       "type": "Point",
       "coordinates":  [ 121.474113,25.02753 ]
    },
    "properties": {
    "name":"臺北市政府環境保護局萬華區清潔隊停車場",
    "address":"鄭州路底三號水門外",
    "district_code":63000070,
    "type":"其他",
    "subtype":"其他場所",
    "AED_location":"臺北市萬華區鄭州路底三號水門外",
    "district":"萬華區"
    }
  },
  {
    "type": "Feature",
    "geometry": {
       "type": "Point",
       "coordinates":  [ 121.622338,25.029077 ]
    },
    "properties": {
    "name":"臺北市政府環境保護局山水綠生態公園",
    "address":"南深路37號",
    "district_code":63000090,
    "type":"其他",
    "subtype":"其他場所",
    "AED_location":"管理室",
    "district":"南港區"
    }
  },
  {
    "type": "Feature",
    "geometry": {
       "type": "Point",
       "coordinates":  [ 121.579352,25.07335225 ]
    },
    "properties": {
    "name":"臺北市政府環境保護局內湖區清潔隊西湖分隊",
    "address":"瑞光路160號B1F",
    "district_code":63000100,
    "type":"其他",
    "subtype":"其他場所",
    "AED_location":"B1F辦公室",
    "district":"內湖區"
    }
  },
  {
    "type": "Feature",
    "geometry": {
       "type": "Point",
       "coordinates":  [ 121.5881,25.002578 ]
    },
    "properties": {
    "name":"臺北市政府環境保護局文山區清潔隊博嘉分隊",
    "address":"木柵路五段52號",
    "district_code":63000080,
    "type":"其他",
    "subtype":"其他場所",
    "AED_location":"入口處左轉茶水間外",
    "district":"文山區"
    }
  },
  {
    "type": "Feature",
    "geometry": {
       "type": "Point",
       "coordinates":  [ 121.541728,25.05450328 ]
    },
    "properties": {
    "name":"臺北市政府環境保護局中山區清潔隊南京分隊",
    "address":"長春路350號2樓",
    "district_code":63000040,
    "type":"其他",
    "subtype":"其他場所",
    "AED_location":"大門左側",
    "district":"中山區"
    }
  },
  {
    "type": "Feature",
    "geometry": {
       "type": "Point",
       "coordinates":  [ 121.589319,25.00740975 ]
    },
    "properties": {
    "name":"臺北市政府環境保護局文山區清潔隊停車場",
    "address":"木柵路5段151號(福德坑)",
    "district_code":63000080,
    "type":"其他",
    "subtype":"其他場所",
    "AED_location":"員工休息室",
    "district":"文山區"
    }
  },
  {
    "type": "Feature",
    "geometry": {
       "type": "Point",
       "coordinates":  [ 121.489133,25.10185101 ]
    },
    "properties": {
    "name":"臺北市政府環境保護局士林區清潔隊停車場(臨江)",
    "address":"延平北路7段224號",
    "district_code":63000110,
    "type":"其他",
    "subtype":"其他場所",
    "AED_location":"辦公室",
    "district":"士林區"
    }
  },
  {
    "type": "Feature",
    "geometry": {
       "type": "Point",
       "coordinates":  [ 121.522569,25.020418 ]
    },
    "properties": {
    "name":"臺北市政府環境保護局中正區清潔隊停車場(師大)",
    "address":"師大路臨241號",
    "district_code":63000050,
    "type":"其他",
    "subtype":"其他場所",
    "AED_location":"分隊長辦公室門口",
    "district":"中正區"
    }
  },
  {
    "type": "Feature",
    "geometry": {
       "type": "Point",
       "coordinates":  [ 121.5860526,25.0698092 ]
    },
    "properties": {
    "name":"臺北市立三民國中",
    "address":"114台北市內湖區民權東路六段45號",
    "district_code":63000100,
    "type":"學校、大型集會場所",
    "subtype":"國中",
    "AED_location":"活動中心",
    "district":"內湖區"
    }
  },
  {
    "type": "Feature",
    "geometry": {
       "type": "Point",
       "coordinates":  [ 121.586581,25.078396 ]
    },
    "properties": {
    "name":"臺北市立內湖高級中學",
    "address":"文德路218號",
    "district_code":63000100,
    "type":"學校、大型集會場所",
    "subtype":"高中職",
    "AED_location":"校門口警衛室",
    "district":"內湖區"
    }
  },
  {
    "type": "Feature",
    "geometry": {
       "type": "Point",
       "coordinates":  [ 121.540847,25.04015 ]
    },
    "properties": {
    "name":"臺北市立懷生國民中學",
    "address":"忠孝東路3段248巷30號",
    "district_code":63000030,
    "type":"學校、大型集會場所",
    "subtype":"國中",
    "AED_location":"二樓體育館室內籃球場",
    "district":"大安區"
    }
  },
  {
    "type": "Feature",
    "geometry": {
       "type": "Point",
       "coordinates":  [ 121.553696,25.054676 ]
    },
    "properties": {
    "name":"臺北市政府環境保護局松山區清潔隊東社分隊",
    "address":"光復北路190巷39號5樓",
    "district_code":63000010,
    "type":"其他",
    "subtype":"其他場所",
    "AED_location":"走廊",
    "district":"松山區"
    }
  },
  {
    "type": "Feature",
    "geometry": {
       "type": "Point",
       "coordinates":  [ 121.514414,25.062771 ]
    },
    "properties": {
    "name":"臺北市政府環境保護局大同區清潔隊建成分隊",
    "address":"民權西路194號之1",
    "district_code":63000060,
    "type":"其他",
    "subtype":"其他場所",
    "AED_location":"大門進去直走左邊",
    "district":"大同區"
    }
  },
  {
    "type": "Feature",
    "geometry": {
       "type": "Point",
       "coordinates":  [ 121.611194,25.061139 ]
    },
    "properties": {
    "name":"臺北市政府環境保護局南港區清潔隊南港分隊",
    "address":"松河街699號",
    "district_code":63000090,
    "type":"其他",
    "subtype":"其他場所",
    "AED_location":"1F左側",
    "district":"南港區"
    }
  },
  {
    "type": "Feature",
    "geometry": {
       "type": "Point",
       "coordinates":  [ 121.49926,25.107949 ]
    },
    "properties": {
    "name":"臺北市政府環境保護局北投區清潔隊停車場",
    "address":"洲美街271號(北投焚化廠內)",
    "district_code":63000120,
    "type":"其他",
    "subtype":"其他場所",
    "AED_location":"辦公室",
    "district":"北投區"
    }
  },
  {
    "type": "Feature",
    "geometry": {
       "type": "Point",
       "coordinates":  [ 121.520591,25.097786 ]
    },
    "properties": {
    "name":"臺北市政府環境保護局士林區清潔隊文林分隊文內班",
    "address":"文昌路臨159-1號",
    "district_code":63000110,
    "type":"其他",
    "subtype":"其他場所",
    "AED_location":"辦公室",
    "district":"士林區"
    }
  },
  {
    "type": "Feature",
    "geometry": {
       "type": "Point",
       "coordinates":  [ 121.567835,25.063475 ]
    },
    "properties": {
    "name":"臺北市政府環境保護局松山區清潔隊上塔悠分隊",
    "address":"民權東路5段臨94號",
    "district_code":63000010,
    "type":"其他",
    "subtype":"其他場所",
    "AED_location":"辦公室右側",
    "district":"松山區"
    }
  },
  {
    "type": "Feature",
    "geometry": {
       "type": "Point",
       "coordinates":  [ 121.527002,25.077802 ]
    },
    "properties": {
    "name":"臺北市政府環境保護局中山區清潔隊大直分隊",
    "address":"大直街21巷2號1樓",
    "district_code":63000040,
    "type":"其他",
    "subtype":"其他場所",
    "AED_location":"大門進去正左方",
    "district":"中山區"
    }
  },
  {
    "type": "Feature",
    "geometry": {
       "type": "Point",
       "coordinates":  [ 121.621004,25.073111 ]
    },
    "properties": {
    "name":"臺北市政府環境保護局內湖區清潔隊東湖分隊",
    "address":"康樂街150號4F之1",
    "district_code":63000100,
    "type":"其他",
    "subtype":"其他場所",
    "AED_location":"辦公室",
    "district":"內湖區"
    }
  },
  {
    "type": "Feature",
    "geometry": {
       "type": "Point",
       "coordinates":  [ 121.574832,25.070676 ]
    },
    "properties": {
    "name":"臺北市政府環境保護局內湖區清潔隊停車場",
    "address":"舊宗路二段158號",
    "district_code":63000100,
    "type":"其他",
    "subtype":"其他場所",
    "AED_location":"辦公室",
    "district":"內湖區"
    }
  },
  {
    "type": "Feature",
    "geometry": {
       "type": "Point",
       "coordinates":  [ 121.547842,24.999001 ]
    },
    "properties": {
    "name":"臺北市政府環境保護局文山區清潔隊興隆分隊",
    "address":"興隆路二段97號後棟4樓",
    "district_code":63000080,
    "type":"其他",
    "subtype":"其他場所",
    "AED_location":"點名場所",
    "district":"文山區"
    }
  },
  {
    "type": "Feature",
    "geometry": {
       "type": "Point",
       "coordinates":  [ 121.589319,25.00740975 ]
    },
    "properties": {
    "name":"臺北市政府環境保護局廢棄物處理場福德坑復育園區",
    "address":"木柵路5段151號",
    "district_code":63000080,
    "type":"其他",
    "subtype":"其他場所",
    "AED_location":"復育園區辦公室",
    "district":"文山區"
    }
  },
  {
    "type": "Feature",
    "geometry": {
       "type": "Point",
       "coordinates":  [ 121.5140597,25.0748652 ]
    },
    "properties": {
    "name":"臺北市政府環境保護局環保稽查大隊",
    "address":"重慶北路3段347號4樓",
    "district_code":63000060,
    "type":"其他",
    "subtype":"其他場所",
    "AED_location":"5樓梯廳",
    "district":"大同區"
    }
  },
  {
    "type": "Feature",
    "geometry": {
       "type": "Point",
       "coordinates":  [ 121.560122,25.085771 ]
    },
    "properties": {
    "name":"臺北市內湖區文湖國民小學",
    "address":"文湖街15號",
    "district_code":63000100,
    "type":"其他",
    "subtype":"其他場所",
    "AED_location":"本校穿堂外側",
    "district":"內湖區"
    }
  },
  {
    "type": "Feature",
    "geometry": {
       "type": "Point",
       "coordinates":  [ 121.5354606,25.0110471 ]
    },
    "properties": {
    "name":"公館計程車服務站",
    "address":"汀州路3段230巷15號",
    "district_code":63000050,
    "type":"其他",
    "subtype":"其他場所",
    "AED_location":"建物大門左側繳費機旁",
    "district":"中正區"
    }
  },
  {
    "type": "Feature",
    "geometry": {
       "type": "Point",
       "coordinates":  [ 121.591632,25.083976 ]
    },
    "properties": {
    "name":"臺北市內湖區碧湖國民小學",
    "address":"金龍路100號",
    "district_code":63000100,
    "type":"其他",
    "subtype":"其他場所",
    "AED_location":"健康中心",
    "district":"內湖區"
    }
  },
  {
    "type": "Feature",
    "geometry": {
       "type": "Point",
       "coordinates":  [ 121.536367,25.073294 ]
    },
    "properties": {
    "name":"臺北市中山區大佳國民小學",
    "address":"濱江街107號",
    "district_code":63000040,
    "type":"其他",
    "subtype":"其他場所",
    "AED_location":"幼兒園",
    "district":"中山區"
    }
  },
  {
    "type": "Feature",
    "geometry": {
       "type": "Point",
       "coordinates":  [ 121.541528,25.064084 ]
    },
    "properties": {
    "name":"臺北市中山區五常國民小學",
    "address":"五常街16號",
    "district_code":63000040,
    "type":"其他",
    "subtype":"其他場所",
    "AED_location":"本校5樓活動中心",
    "district":"中山區"
    }
  },
  {
    "type": "Feature",
    "geometry": {
       "type": "Point",
       "coordinates":  [ 121.545851,25.080638 ]
    },
    "properties": {
    "name":"臺北市中山區大直國民小學",
    "address":"大直街2號",
    "district_code":63000040,
    "type":"其他",
    "subtype":"其他場所",
    "AED_location":"游泳池入口處",
    "district":"中山區"
    }
  },
  {
    "type": "Feature",
    "geometry": {
       "type": "Point",
       "coordinates":  [ 121.5421391,25.0414375 ]
    },
    "properties": {
    "name":"新光三越Diamond Towers",
    "address":"忠孝東路三段268號",
    "district_code":63000030,
    "type":"大型購物場所",
    "subtype":"商場",
    "AED_location":"新光三越Diamond Towers 一館2樓醫護室",
    "district":"大安區"
    }
  },
  {
    "type": "Feature",
    "geometry": {
       "type": "Point",
       "coordinates":  [ 121.5421391,25.0414375 ]
    },
    "properties": {
    "name":"新光三越Diamond Towers",
    "address":"忠孝東路三段268號",
    "district_code":63000030,
    "type":"大型購物場所",
    "subtype":"商場",
    "AED_location":"新光三越Diamond towers 2館3樓梯廳處",
    "district":"大安區"
    }
  },
  {
    "type": "Feature",
    "geometry": {
       "type": "Point",
       "coordinates":  [ 121.5255369,25.0681206 ]
    },
    "properties": {
    "name":"歐華酒店",
    "address":"林森北路646號",
    "district_code":63000040,
    "type":"旅宿場所",
    "subtype":"飯店",
    "AED_location":"飯店大廳",
    "district":"中山區"
    }
  },
  {
    "type": "Feature",
    "geometry": {
       "type": "Point",
       "coordinates":  [ 121.6137978,25.0584693 ]
    },
    "properties": {
    "name":"東元電機股份有限公司",
    "address":"三重路19-9號5樓",
    "district_code":63000090,
    "type":"其他",
    "subtype":"其他場所",
    "AED_location":"台北市南港區三重路19-9號5樓",
    "district":"南港區"
    }
  },
  {
    "type": "Feature",
    "geometry": {
       "type": "Point",
       "coordinates":  [ 121.567395,24.985368 ]
    },
    "properties": {
    "name":"臺北市景文高級中學",
    "address":"保儀路127號",
    "district_code":63000080,
    "type":"學校、大型集會場所",
    "subtype":"高中職",
    "AED_location":"創新樓一樓",
    "district":"文山區"
    }
  },
  {
    "type": "Feature",
    "geometry": {
       "type": "Point",
       "coordinates":  [ 121.5515059,25.0567523 ]
    },
    "properties": {
    "name":"臺北市立松山幼兒園",
    "address":"敦化北路199巷5號2樓",
    "district_code":63000010,
    "type":"其他",
    "subtype":"其他場所",
    "AED_location":"臺北市松山區敦化北路199巷5號2樓",
    "district":"松山區"
    }
  },
  {
    "type": "Feature",
    "geometry": {
       "type": "Point",
       "coordinates":  [ 121.5085894,25.0416743 ]
    },
    "properties": {
    "name":"相鐵Grand Fresa台北西門",
    "address":"中華路一段57號",
    "district_code":63000050,
    "type":"旅宿場所",
    "subtype":"飯店",
    "AED_location":"飯店2樓大廳",
    "district":"中正區"
    }
  },
  {
    "type": "Feature",
    "geometry": {
       "type": "Point",
       "coordinates":  [ 121.6156885,25.0625012 ]
    },
    "properties": {
    "name":"好享健身有限公司",
    "address":"經貿二路235巷60弄2號、6號1樓",
    "district_code":63000090,
    "type":"學校、大型集會場所",
    "subtype":"健身房",
    "AED_location":"場館運動按摩區",
    "district":"南港區"
    }
  },
  {
    "type": "Feature",
    "geometry": {
       "type": "Point",
       "coordinates":  [ 121.5020158,25.0322385 ]
    },
    "properties": {
    "name":"頂碩區民活動中心",
    "address":"興寧街2號3樓",
    "district_code":63000070,
    "type":"其他",
    "subtype":"其他場所",
    "AED_location":"頂碩區民活動中心",
    "district":"萬華區"
    }
  },
  {
    "type": "Feature",
    "geometry": {
       "type": "Point",
       "coordinates":  [ 121.579143,25.051109 ]
    },
    "properties": {
    "name":"臺北市松山區松山國民小學",
    "address":"八德路4段746號",
    "district_code":63000010,
    "type":"其他",
    "subtype":"其他場所",
    "AED_location":"健康中心",
    "district":"松山區"
    }
  },
  {
    "type": "Feature",
    "geometry": {
       "type": "Point",
       "coordinates":  [ 121.575646,24.987703 ]
    },
    "properties": {
    "name":"臺北市立聯合醫院附設政大門診部",
    "address":"指南路2段117號",
    "district_code":63000080,
    "type":"其他",
    "subtype":"其他場所",
    "AED_location":"1樓門診大廳",
    "district":"文山區"
    }
  },
  {
    "type": "Feature",
    "geometry": {
       "type": "Point",
       "coordinates":  [ 121.540781,24.989527 ]
    },
    "properties": {
    "name":"臺北市文山區景美國民小學",
    "address":"景文街108號",
    "district_code":63000080,
    "type":"其他",
    "subtype":"其他場所",
    "AED_location":"游泳池",
    "district":"文山區"
    }
  },
  {
    "type": "Feature",
    "geometry": {
       "type": "Point",
       "coordinates":  [ 121.5430792,25.03447307 ]
    },
    "properties": {
    "name":"臺北市政府客家事務委員會(文化會館)",
    "address":"信義路3段157巷11號",
    "district_code":63000030,
    "type":"其他",
    "subtype":"其他場所",
    "AED_location":"保全桌旁邊",
    "district":"大安區"
    }
  },
  {
    "type": "Feature",
    "geometry": {
       "type": "Point",
       "coordinates":  [ 121.516541,25.104472 ]
    },
    "properties": {
    "name":"臺北市立中正高級中學",
    "address":"文林北路77號",
    "district_code":63000120,
    "type":"學校、大型集會場所",
    "subtype":"高中職",
    "AED_location":"健康中心",
    "district":"北投區"
    }
  },
  {
    "type": "Feature",
    "geometry": {
       "type": "Point",
       "coordinates":  [ 121.538208,25.024673 ]
    },
    "properties": {
    "name":"臺北市立龍門國民中學",
    "address":"建國南路2段269號",
    "district_code":63000030,
    "type":"學校、大型集會場所",
    "subtype":"國中",
    "AED_location":"學務處外走廊",
    "district":"大安區"
    }
  },
  {
    "type": "Feature",
    "geometry": {
       "type": "Point",
       "coordinates":  [ 121.557853,25.04027 ]
    },
    "properties": {
    "name":"臺北市信義區光復國民小學",
    "address":"光復南路271號",
    "district_code":63000020,
    "type":"其他",
    "subtype":"其他場所",
    "AED_location":"圓樓1樓",
    "district":"信義區"
    }
  },
  {
    "type": "Feature",
    "geometry": {
       "type": "Point",
       "coordinates":  [ 121.54336,25.032033 ]
    },
    "properties": {
    "name":"臺北市立大安高級工業職業學校",
    "address":"復興南路2段52號",
    "district_code":63000030,
    "type":"學校、大型集會場所",
    "subtype":"高中職",
    "AED_location":"大安高工游泳池",
    "district":"大安區"
    }
  },
  {
    "type": "Feature",
    "geometry": {
       "type": "Point",
       "coordinates":  [ 121.519559,25.092762 ]
    },
    "properties": {
    "name":"臺北市士林區戶政事務所",
    "address":"中正路439號3樓",
    "district_code":63000110,
    "type":"其他",
    "subtype":"其他場所",
    "AED_location":"3樓民眾等待區",
    "district":"士林區"
    }
  },
  {
    "type": "Feature",
    "geometry": {
       "type": "Point",
       "coordinates":  [ 121.557639,24.983727 ]
    },
    "properties": {
    "name":"臺北市文山區實踐國民小學",
    "address":"忠順街1段4號",
    "district_code":63000080,
    "type":"學校、大型集會場所",
    "subtype":"國小",
    "AED_location":"實踐國小前門穿堂",
    "district":"文山區"
    }
  },
  {
    "type": "Feature",
    "geometry": {
       "type": "Point",
       "coordinates":  [ 121.55077,25.001622 ]
    },
    "properties": {
    "name":"臺北市文山區興德國民小學",
    "address":"興隆路二段235號",
    "district_code":63000080,
    "type":"其他",
    "subtype":"其他場所",
    "AED_location":"本校1樓健康中心外",
    "district":"文山區"
    }
  },
  {
    "type": "Feature",
    "geometry": {
       "type": "Point",
       "coordinates":  [ 121.567433,25.003231 ]
    },
    "properties": {
    "name":"臺北市文山區萬芳國民小學",
    "address":"萬和街1號",
    "district_code":63000080,
    "type":"其他",
    "subtype":"其他場所",
    "AED_location":"穿堂右側",
    "district":"文山區"
    }
  },
  {
    "type": "Feature",
    "geometry": {
       "type": "Point",
       "coordinates":  [ 121.56104,25.004577 ]
    },
    "properties": {
    "name":"臺北市政府公務人員訓練處",
    "address":"萬美街2段21巷20號",
    "district_code":63000080,
    "type":"其他",
    "subtype":"其他場所",
    "AED_location":"C區-客服中心前",
    "district":"文山區"
    }
  },
  {
    "type": "Feature",
    "geometry": {
       "type": "Point",
       "coordinates":  [ 121.555425,25.103587 ]
    },
    "properties": {
    "name":"臺北市立至善國民中學",
    "address":"至善路二段360號",
    "district_code":63000110,
    "type":"其他",
    "subtype":"其他場所",
    "AED_location":"至善國中健康中心走廊",
    "district":"士林區"
    }
  },
  {
    "type": "Feature",
    "geometry": {
       "type": "Point",
       "coordinates":  [ 121.576607,25.129443 ]
    },
    "properties": {
    "name":"臺北市士林區平等國民小學",
    "address":"平菁街101號",
    "district_code":63000110,
    "type":"其他",
    "subtype":"其他場所",
    "AED_location":"一樓穿堂警衛室門前",
    "district":"士林區"
    }
  },
  {
    "type": "Feature",
    "geometry": {
       "type": "Point",
       "coordinates":  [ 121.529446,25.098216 ]
    },
    "properties": {
    "name":"臺北巿士林區福林國民小學",
    "address":"福志路75號",
    "district_code":63000110,
    "type":"其他",
    "subtype":"其他場所",
    "AED_location":"健康中心",
    "district":"士林區"
    }
  },
  {
    "type": "Feature",
    "geometry": {
       "type": "Point",
       "coordinates":  [ 121.5290463,25.0931135 ]
    },
    "properties": {
    "name":"台北士林萬麗酒店",
    "address":"中山北路5段470巷8號",
    "district_code":63000110,
    "type":"旅宿場所",
    "subtype":"旅館",
    "AED_location":"台北市士林區中山北路5段470巷8號",
    "district":"士林區"
    }
  },
  {
    "type": "Feature",
    "geometry": {
       "type": "Point",
       "coordinates":  [ 121.5667523,25.0474544 ]
    },
    "properties": {
    "name":"鴻名企業股份有限公司",
    "address":"東興路59號6樓",
    "district_code":63000020,
    "type":"其他",
    "subtype":"其他場所",
    "AED_location":"本公司六樓",
    "district":"信義區"
    }
  },
  {
    "type": "Feature",
    "geometry": {
       "type": "Point",
       "coordinates":  [ 121.5595295,25.04231503 ]
    },
    "properties": {
    "name":"臺北大巨蛋",
    "address":"忠孝東路4段515號",
    "district_code":63000020,
    "type":"大型休閒場所",
    "subtype":"運動場館(如小巨蛋)",
    "AED_location":"體育館_2F_三壘側_通廊",
    "district":"信義區"
    }
  },
  {
    "type": "Feature",
    "geometry": {
       "type": "Point",
       "coordinates":  [ 121.5595295,25.04231503 ]
    },
    "properties": {
    "name":"臺北大巨蛋",
    "address":"忠孝東路4段515號",
    "district_code":63000020,
    "type":"大型休閒場所",
    "subtype":"運動場館(如小巨蛋)",
    "AED_location":"體育館_2F_內野_一壘側_救護站",
    "district":"信義區"
    }
  },
  {
    "type": "Feature",
    "geometry": {
       "type": "Point",
       "coordinates":  [ 121.5595295,25.04231503 ]
    },
    "properties": {
    "name":"臺北大巨蛋",
    "address":"忠孝東路4段515號",
    "district_code":63000020,
    "type":"大型休閒場所",
    "subtype":"運動場館(如小巨蛋)",
    "AED_location":"體育館_B2_本後_GATE5內通廊",
    "district":"信義區"
    }
  },
  {
    "type": "Feature",
    "geometry": {
       "type": "Point",
       "coordinates":  [ 121.5595295,25.04231503 ]
    },
    "properties": {
    "name":"臺北大巨蛋",
    "address":"忠孝東路4段515號",
    "district_code":63000020,
    "type":"大型休閒場所",
    "subtype":"運動場館(如小巨蛋)",
    "AED_location":"體育館_B2_藥檢室",
    "district":"信義區"
    }
  },
  {
    "type": "Feature",
    "geometry": {
       "type": "Point",
       "coordinates":  [ 121.5595295,25.04231503 ]
    },
    "properties": {
    "name":"臺北大巨蛋",
    "address":"忠孝東路4段515號",
    "district_code":63000020,
    "type":"大型休閒場所",
    "subtype":"運動場館(如小巨蛋)",
    "AED_location":"體育館_B2_維修室",
    "district":"信義區"
    }
  },
  {
    "type": "Feature",
    "geometry": {
       "type": "Point",
       "coordinates":  [ 121.5595295,25.04231503 ]
    },
    "properties": {
    "name":"臺北大巨蛋",
    "address":"忠孝東路4段515號",
    "district_code":63000020,
    "type":"大型休閒場所",
    "subtype":"運動場館(如小巨蛋)",
    "AED_location":"體育館_B2_三壘側_重量訓練室",
    "district":"信義區"
    }
  },
  {
    "type": "Feature",
    "geometry": {
       "type": "Point",
       "coordinates":  [ 121.5595295,25.04231503 ]
    },
    "properties": {
    "name":"臺北大巨蛋",
    "address":"忠孝東路4段515號",
    "district_code":63000020,
    "type":"大型休閒場所",
    "subtype":"運動場館(如小巨蛋)",
    "AED_location":"體育館_B2_GATE7旁",
    "district":"信義區"
    }
  },
  {
    "type": "Feature",
    "geometry": {
       "type": "Point",
       "coordinates":  [ 121.5595295,25.04231503 ]
    },
    "properties": {
    "name":"臺北大巨蛋",
    "address":"忠孝東路4段515號",
    "district_code":63000020,
    "type":"大型休閒場所",
    "subtype":"運動場館(如小巨蛋)",
    "AED_location":"體育館_B1_內野_一壘側_救護站",
    "district":"信義區"
    }
  },
  {
    "type": "Feature",
    "geometry": {
       "type": "Point",
       "coordinates":  [ 121.5595295,25.04231503 ]
    },
    "properties": {
    "name":"臺北大巨蛋",
    "address":"忠孝東路4段515號",
    "district_code":63000020,
    "type":"大型休閒場所",
    "subtype":"運動場館(如小巨蛋)",
    "AED_location":"體育館_3F_內野_三壘側_通廊",
    "district":"信義區"
    }
  },
  {
    "type": "Feature",
    "geometry": {
       "type": "Point",
       "coordinates":  [ 121.5595295,25.04231503 ]
    },
    "properties": {
    "name":"臺北大巨蛋",
    "address":"忠孝東路4段515號",
    "district_code":63000020,
    "type":"大型休閒場所",
    "subtype":"運動場館(如小巨蛋)",
    "AED_location":"體育館_2F_左外野_通廊",
    "district":"信義區"
    }
  },
  {
    "type": "Feature",
    "geometry": {
       "type": "Point",
       "coordinates":  [ 121.5595295,25.04231503 ]
    },
    "properties": {
    "name":"臺北大巨蛋",
    "address":"忠孝東路4段515號",
    "district_code":63000020,
    "type":"大型休閒場所",
    "subtype":"運動場館(如小巨蛋)",
    "AED_location":"體育館_3F_救護站旁通廊",
    "district":"信義區"
    }
  },
  {
    "type": "Feature",
    "geometry": {
       "type": "Point",
       "coordinates":  [ 121.5595295,25.04231503 ]
    },
    "properties": {
    "name":"臺北大巨蛋",
    "address":"忠孝東路4段515號",
    "district_code":63000020,
    "type":"大型休閒場所",
    "subtype":"運動場館(如小巨蛋)",
    "AED_location":"體育館_4F_內野_三壘側_通廊",
    "district":"信義區"
    }
  },
  {
    "type": "Feature",
    "geometry": {
       "type": "Point",
       "coordinates":  [ 121.5595295,25.04231503 ]
    },
    "properties": {
    "name":"臺北大巨蛋",
    "address":"忠孝東路4段515號",
    "district_code":63000020,
    "type":"大型休閒場所",
    "subtype":"運動場館(如小巨蛋)",
    "AED_location":"體育館_4F_內野_一壘側_救護站前",
    "district":"信義區"
    }
  },
  {
    "type": "Feature",
    "geometry": {
       "type": "Point",
       "coordinates":  [ 121.5595295,25.04231503 ]
    },
    "properties": {
    "name":"臺北大巨蛋",
    "address":"忠孝東路4段515號",
    "district_code":63000020,
    "type":"大型休閒場所",
    "subtype":"運動場館(如小巨蛋)",
    "AED_location":"體育館_3F_左外野_VIP電梯口",
    "district":"信義區"
    }
  },
  {
    "type": "Feature",
    "geometry": {
       "type": "Point",
       "coordinates":  [ 121.5595295,25.04231503 ]
    },
    "properties": {
    "name":"臺北大巨蛋",
    "address":"忠孝東路4段515號",
    "district_code":63000020,
    "type":"大型休閒場所",
    "subtype":"運動場館(如小巨蛋)",
    "AED_location":"體育館_B2_重量訓練室",
    "district":"信義區"
    }
  },
  {
    "type": "Feature",
    "geometry": {
       "type": "Point",
       "coordinates":  [ 121.5595295,25.04231503 ]
    },
    "properties": {
    "name":"臺北大巨蛋",
    "address":"忠孝東路4段515號",
    "district_code":63000020,
    "type":"大型休閒場所",
    "subtype":"運動場館(如小巨蛋)",
    "AED_location":"體育館_B1_右外野_GATE8旁",
    "district":"信義區"
    }
  },
  {
    "type": "Feature",
    "geometry": {
       "type": "Point",
       "coordinates":  [ 121.5595295,25.04231503 ]
    },
    "properties": {
    "name":"臺北大巨蛋",
    "address":"忠孝東路4段515號",
    "district_code":63000020,
    "type":"大型休閒場所",
    "subtype":"運動場館(如小巨蛋)",
    "AED_location":"體育館_B1_內野_三壘_通廊",
    "district":"信義區"
    }
  },
  {
    "type": "Feature",
    "geometry": {
       "type": "Point",
       "coordinates":  [ 121.5595295,25.04231503 ]
    },
    "properties": {
    "name":"臺北大巨蛋",
    "address":"忠孝東路4段515號",
    "district_code":63000020,
    "type":"大型休閒場所",
    "subtype":"運動場館(如小巨蛋)",
    "AED_location":"體育館_B1_左外野_GATE6旁",
    "district":"信義區"
    }
  },
  {
    "type": "Feature",
    "geometry": {
       "type": "Point",
       "coordinates":  [ 121.5876463,25.0622627 ]
    },
    "properties": {
    "name":"碩天科技股份有限公司",
    "address":"金莊路26號11樓",
    "district_code":63000100,
    "type":"其他",
    "subtype":"其他場所",
    "AED_location":"12樓",
    "district":"內湖區"
    }
  },
  {
    "type": "Feature",
    "geometry": {
       "type": "Point",
       "coordinates":  [ 121.5595295,25.04231503 ]
    },
    "properties": {
    "name":"臺北大巨蛋",
    "address":"忠孝東路4段515號",
    "district_code":63000020,
    "type":"大型休閒場所",
    "subtype":"運動場館(如小巨蛋)",
    "AED_location":"體育館_1F_GATE1_入口",
    "district":"信義區"
    }
  },
  {
    "type": "Feature",
    "geometry": {
       "type": "Point",
       "coordinates":  [ 121.5388848,24.9895191 ]
    },
    "properties": {
    "name":"好習慣運動教室｜滬江高中館",
    "address":"羅斯福路六段336號(游泳池)",
    "district_code":63000080,
    "type":"大型休閒場所",
    "subtype":"運動場館(如小巨蛋)",
    "AED_location":"泳池櫃檯",
    "district":"文山區"
    }
  },
  {
    "type": "Feature",
    "geometry": {
       "type": "Point",
       "coordinates":  [ 121.619435,25.05813637 ]
    },
    "properties": {
    "name":"漢來美食股份有限公司台北南港分公司",
    "address":"經貿一路168號2樓",
    "district_code":63000090,
    "type":"其他",
    "subtype":"其他場所",
    "AED_location":"大廳二樓",
    "district":"南港區"
    }
  },
  {
    "type": "Feature",
    "geometry": {
       "type": "Point",
       "coordinates":  [ 121.603348,25.0604342 ]
    },
    "properties": {
    "name":"臺北市動物之家",
    "address":"安美街191號",
    "district_code":63000100,
    "type":"其他",
    "subtype":"其他場所",
    "AED_location":"服務台大廳",
    "district":"內湖區"
    }
  },
  {
    "type": "Feature",
    "geometry": {
       "type": "Point",
       "coordinates":  [ 121.610384,25.057163 ]
    },
    "properties": {
    "name":"臺北市南港區南港國民小學",
    "address":"惠民街67號",
    "district_code":63000090,
    "type":"其他",
    "subtype":"其他場所",
    "AED_location":"南港國小健康中心走廊",
    "district":"南港區"
    }
  },
  {
    "type": "Feature",
    "geometry": {
       "type": "Point",
       "coordinates":  [ 121.574145,25.048236 ]
    },
    "properties": {
    "name":"臺北市立永吉國民中學",
    "address":"松隆路161號",
    "district_code":63000020,
    "type":"其他",
    "subtype":"其他場所",
    "AED_location":"A1開放廁所入口右側",
    "district":"信義區"
    }
  },
  {
    "type": "Feature",
    "geometry": {
       "type": "Point",
       "coordinates":  [ 121.5172056,25.09185101 ]
    },
    "properties": {
    "name":"臺北市立陽明高級中學",
    "address":"中正路510號",
    "district_code":63000110,
    "type":"學校、大型集會場所",
    "subtype":"高中職",
    "AED_location":"健康中心",
    "district":"士林區"
    }
  },
  {
    "type": "Feature",
    "geometry": {
       "type": "Point",
       "coordinates":  [ 121.50865,25.051196 ]
    },
    "properties": {
    "name":"臺北市立聯合醫院中興院區",
    "address":"鄭州路145號",
    "district_code":63000060,
    "type":"其他",
    "subtype":"其他場所",
    "AED_location":"急診櫃台旁",
    "district":"大同區"
    }
  },
  {
    "type": "Feature",
    "geometry": {
       "type": "Point",
       "coordinates":  [ 121.549148,25.019627 ]
    },
    "properties": {
    "name":"臺北市立和平高級中學",
    "address":"臥龍街100號",
    "district_code":63000030,
    "type":"學校、大型集會場所",
    "subtype":"高中職",
    "AED_location":"台北市立和平高中活動中心4樓(靠近廁所)",
    "district":"大安區"
    }
  },
  {
    "type": "Feature",
    "geometry": {
       "type": "Point",
       "coordinates":  [ 121.544225,24.996187 ]
    },
    "properties": {
    "name":"臺北市立景興國民中學",
    "address":"景興路46巷2號",
    "district_code":63000080,
    "type":"學校、大型集會場所",
    "subtype":"國中",
    "AED_location":"活動中心3樓",
    "district":"文山區"
    }
  },
  {
    "type": "Feature",
    "geometry": {
       "type": "Point",
       "coordinates":  [ 121.559178,25.006502 ]
    },
    "properties": {
    "name":"臺北市文山區辛亥國民小學",
    "address":"辛亥路4段103號",
    "district_code":63000080,
    "type":"其他",
    "subtype":"其他場所",
    "AED_location":"警衛室",
    "district":"文山區"
    }
  },
  {
    "type": "Feature",
    "geometry": {
       "type": "Point",
       "coordinates":  [ 121.589099,25.069231 ]
    },
    "properties": {
    "name":"臺北市內湖區公所",
    "address":"民權東路六段99號",
    "district_code":63000100,
    "type":"其他",
    "subtype":"其他場所",
    "AED_location":"114台北市內湖區民權東路六段99號",
    "district":"內湖區"
    }
  },
  {
    "type": "Feature",
    "geometry": {
       "type": "Point",
       "coordinates":  [ 121.516541,25.104472 ]
    },
    "properties": {
    "name":"臺北市立中正高級中學",
    "address":"文林北路77號",
    "district_code":63000120,
    "type":"學校、大型集會場所",
    "subtype":"高中職",
    "AED_location":"中正高中迎曦樓",
    "district":"北投區"
    }
  },
  {
    "type": "Feature",
    "geometry": {
       "type": "Point",
       "coordinates":  [ 121.5822926,25.03923282 ]
    },
    "properties": {
    "name":"永福之家廣慈園區",
    "address":"大道路110號",
    "district_code":63000020,
    "type":"其他",
    "subtype":"其他場所",
    "AED_location":"護理站",
    "district":"信義區"
    }
  },
  {
    "type": "Feature",
    "geometry": {
       "type": "Point",
       "coordinates":  [ 121.516476,25.054389 ]
    },
    "properties": {
    "name":"臺北市大同區日新國民小學",
    "address":"太原路151號",
    "district_code":63000060,
    "type":"其他",
    "subtype":"其他場所",
    "AED_location":"旺台樓一樓(通往游泳池梯間)",
    "district":"大同區"
    }
  },
  {
    "type": "Feature",
    "geometry": {
       "type": "Point",
       "coordinates":  [ 121.595027,25.052412 ]
    },
    "properties": {
    "name":"臺北市立南港高級中學",
    "address":"向陽路21號",
    "district_code":63000090,
    "type":"學校、大型集會場所",
    "subtype":"高中職",
    "AED_location":"健康中心和補校中間的文化走廊",
    "district":"南港區"
    }
  },
  {
    "type": "Feature",
    "geometry": {
       "type": "Point",
       "coordinates":  [ 121.595027,25.052412 ]
    },
    "properties": {
    "name":"臺北市立南港高級中學",
    "address":"向陽路21號",
    "district_code":63000090,
    "type":"學校、大型集會場所",
    "subtype":"高中職",
    "AED_location":"研發處和幼兒園間的文化走廊",
    "district":"南港區"
    }
  },
  {
    "type": "Feature",
    "geometry": {
       "type": "Point",
       "coordinates":  [ 121.595027,25.052412 ]
    },
    "properties": {
    "name":"臺北市立南港高級中學",
    "address":"向陽路21號",
    "district_code":63000090,
    "type":"學校、大型集會場所",
    "subtype":"高中職",
    "AED_location":"活動中心",
    "district":"南港區"
    }
  },
  {
    "type": "Feature",
    "geometry": {
       "type": "Point",
       "coordinates":  [ 121.595027,25.052412 ]
    },
    "properties": {
    "name":"臺北市立南港高級中學",
    "address":"向陽路21號",
    "district_code":63000090,
    "type":"學校、大型集會場所",
    "subtype":"高中職",
    "AED_location":"游泳池",
    "district":"南港區"
    }
  },
  {
    "type": "Feature",
    "geometry": {
       "type": "Point",
       "coordinates":  [ 121.5439804,25.0342927 ]
    },
    "properties": {
    "name":"台北美侖大飯店",
    "address":"復興南路一段317號",
    "district_code":63000030,
    "type":"旅宿場所",
    "subtype":"飯店",
    "AED_location":"一樓大廳電梯口對面",
    "district":"大安區"
    }
  },
  {
    "type": "Feature",
    "geometry": {
       "type": "Point",
       "coordinates":  [ 121.56481,25.033718 ]
    },
    "properties": {
    "name":"台北金融大樓股份有限公司(辦公大樓)",
    "address":"信義路五段7號59樓",
    "district_code":63000020,
    "type":"其他",
    "subtype":"其他場所",
    "AED_location":"88樓",
    "district":"信義區"
    }
  },
  {
    "type": "Feature",
    "geometry": {
       "type": "Point",
       "coordinates":  [ 121.5257759,25.0613556 ]
    },
    "properties": {
    "name":"趣旅館．林森館",
    "address":"林森北路487號1樓",
    "district_code":63000040,
    "type":"旅宿場所",
    "subtype":"旅館",
    "AED_location":"本旅館1樓大廳",
    "district":"中山區"
    }
  },
  {
    "type": "Feature",
    "geometry": {
       "type": "Point",
       "coordinates":  [ 121.5196248,25.0927846 ]
    },
    "properties": {
    "name":"臺北市士林地政事務所",
    "address":"中正路439號5樓",
    "district_code":63000110,
    "type":"其他",
    "subtype":"其他場所",
    "AED_location":"本所5樓服務中心旁",
    "district":"士林區"
    }
  },
  {
    "type": "Feature",
    "geometry": {
       "type": "Point",
       "coordinates":  [ 121.5280762,25.070196 ]
    },
    "properties": {
    "name":"中山計程車服務站",
    "address":"新生北路3段170號",
    "district_code":63000040,
    "type":"其他",
    "subtype":"其他場所",
    "AED_location":"男廁",
    "district":"中山區"
    }
  },
  {
    "type": "Feature",
    "geometry": {
       "type": "Point",
       "coordinates":  [ 121.55032,25.018672 ]
    },
    "properties": {
    "name":"臺北市芳和實驗中學",
    "address":"臥龍街170號",
    "district_code":63000030,
    "type":"其他",
    "subtype":"其他場所",
    "AED_location":"本校一樓穿堂往二棟",
    "district":"大安區"
    }
  },
  {
    "type": "Feature",
    "geometry": {
       "type": "Point",
       "coordinates":  [ 121.549767,25.051346 ]
    },
    "properties": {
    "name":"臺北小巨蛋",
    "address":"南京東路4段2號",
    "district_code":63000010,
    "type":"大型休閒場所",
    "subtype":"運動場館(如小巨蛋)",
    "AED_location":"2樓售票櫃台前",
    "district":"松山區"
    }
  },
  {
    "type": "Feature",
    "geometry": {
       "type": "Point",
       "coordinates":  [ 121.562785,25.056667 ]
    },
    "properties": {
    "name":"臺北市松山區健康國民小學",
    "address":"延壽街168號",
    "district_code":63000010,
    "type":"其他",
    "subtype":"其他場所",
    "AED_location":"健康國小一樓",
    "district":"松山區"
    }
  },
  {
    "type": "Feature",
    "geometry": {
       "type": "Point",
       "coordinates":  [ 121.575257,25.000284 ]
    },
    "properties": {
    "name":"博嘉運動公園",
    "address":"木柵路4段159巷16號",
    "district_code":63000080,
    "type":"學校、大型集會場所",
    "subtype":"健身中心",
    "AED_location":"游泳池櫃台B1",
    "district":"文山區"
    }
  },
  {
    "type": "Feature",
    "geometry": {
       "type": "Point",
       "coordinates":  [ 121.564359,25.038211 ]
    },
    "properties": {
    "name":"臺北市政府市政大樓",
    "address":"臺北市市府路1號",
    "district_code":63000020,
    "type":"其他",
    "subtype":"其他場所",
    "AED_location":"市政大樓南門",
    "district":"信義區"
    }
  },
  {
    "type": "Feature",
    "geometry": {
       "type": "Point",
       "coordinates":  [ 121.53362,25.02982 ]
    },
    "properties": {
    "name":"臺北市大安區新生國民小學",
    "address":"新生南路二段36號",
    "district_code":63000030,
    "type":"其他",
    "subtype":"其他場所",
    "AED_location":"健康中心門口",
    "district":"大安區"
    }
  },
  {
    "type": "Feature",
    "geometry": {
       "type": "Point",
       "coordinates":  [ 121.564359,25.038211 ]
    },
    "properties": {
    "name":"臺北市政府市政大樓",
    "address":"臺北市市府路1號",
    "district_code":63000020,
    "type":"其他",
    "subtype":"其他場所",
    "AED_location":"本市政大樓2樓親子劇場門口",
    "district":"信義區"
    }
  },
  {
    "type": "Feature",
    "geometry": {
       "type": "Point",
       "coordinates":  [ 121.533164,25.046389 ]
    },
    "properties": {
    "name":"臺北市立長安國民中學",
    "address":"松江路70巷11號",
    "district_code":63000040,
    "type":"其他",
    "subtype":"其他場所",
    "AED_location":"學務處前樓梯轉角處",
    "district":"中山區"
    }
  },
  {
    "type": "Feature",
    "geometry": {
       "type": "Point",
       "coordinates":  [ 121.544771,25.038218 ]
    },
    "properties": {
    "name":"臺北市公有光復市場",
    "address":"仁愛路4段496巷19號",
    "district_code":63000020,
    "type":"其他",
    "subtype":"其他場所",
    "AED_location":"市場內47號攤",
    "district":"信義區"
    }
  },
  {
    "type": "Feature",
    "geometry": {
       "type": "Point",
       "coordinates":  [ 121.549767,25.051346 ]
    },
    "properties": {
    "name":"臺北小巨蛋",
    "address":"南京東路4段2號",
    "district_code":63000010,
    "type":"大型休閒場所",
    "subtype":"運動場館(如小巨蛋)",
    "AED_location":"1樓北大廳",
    "district":"松山區"
    }
  },
  {
    "type": "Feature",
    "geometry": {
       "type": "Point",
       "coordinates":  [ 121.542837,25.07922 ]
    },
    "properties": {
    "name":"臺北市立大直高級中學警衛室旁",
    "address":"北安路420號",
    "district_code":63000040,
    "type":"學校、大型集會場所",
    "subtype":"高中職",
    "AED_location":"台北市立大直高級中學",
    "district":"中山區"
    }
  },
  {
    "type": "Feature",
    "geometry": {
       "type": "Point",
       "coordinates":  [ 121.549148,25.019627 ]
    },
    "properties": {
    "name":"臺北市立和平高級中學",
    "address":"臥龍街100號",
    "district_code":63000030,
    "type":"學校、大型集會場所",
    "subtype":"高中職",
    "AED_location":"本校學務處門口(靠近教官室)",
    "district":"大安區"
    }
  },
  {
    "type": "Feature",
    "geometry": {
       "type": "Point",
       "coordinates":  [ 121.503,25.132426 ]
    },
    "properties": {
    "name":"臺北市北投區戶政事務所",
    "address":"新市街30號3樓",
    "district_code":63000120,
    "type":"其他",
    "subtype":"其他場所",
    "AED_location":"服務櫃檯旁",
    "district":"北投區"
    }
  },
  {
    "type": "Feature",
    "geometry": {
       "type": "Point",
       "coordinates":  [ 121.549148,25.019627 ]
    },
    "properties": {
    "name":"臺北市立和平高級中學",
    "address":"臥龍街100號",
    "district_code":63000030,
    "type":"學校、大型集會場所",
    "subtype":"高中職",
    "AED_location":"本校懷德樓1樓版畫教室(靠近基隆路)",
    "district":"大安區"
    }
  },
  {
    "type": "Feature",
    "geometry": {
       "type": "Point",
       "coordinates":  [ 121.4773,25.134647 ]
    },
    "properties": {
    "name":"臺北市立桃源國民中學",
    "address":"中央北路4段48號",
    "district_code":63000120,
    "type":"其他",
    "subtype":"其他場所",
    "AED_location":"本校育才樓一樓，健康中心內",
    "district":"北投區"
    }
  },
  {
    "type": "Feature",
    "geometry": {
       "type": "Point",
       "coordinates":  [ 121.574385,25.044334 ]
    },
    "properties": {
    "name":"臺北市公有永吉市場",
    "address":"永吉路278巷1弄30號",
    "district_code":63000020,
    "type":"其他",
    "subtype":"其他場所",
    "AED_location":"永吉市場自治會辦公室",
    "district":"信義區"
    }
  },
  {
    "type": "Feature",
    "geometry": {
       "type": "Point",
       "coordinates":  [ 121.515293,25.037488 ]
    },
    "properties": {
    "name":"臺北市立弘道國民中學",
    "address":"公園路21號",
    "district_code":63000050,
    "type":"其他",
    "subtype":"其他場所",
    "AED_location":"川堂",
    "district":"中正區"
    }
  },
  {
    "type": "Feature",
    "geometry": {
       "type": "Point",
       "coordinates":  [ 121.575257,25.000284 ]
    },
    "properties": {
    "name":"博嘉運動公園",
    "address":"木柵路4段159巷16號",
    "district_code":63000080,
    "type":"學校、大型集會場所",
    "subtype":"健身中心",
    "AED_location":"服務台1F",
    "district":"文山區"
    }
  },
  {
    "type": "Feature",
    "geometry": {
       "type": "Point",
       "coordinates":  [ 121.521788,25.112123 ]
    },
    "properties": {
    "name":"臺北市北投區明德國民小學",
    "address":"明德路190號",
    "district_code":63000120,
    "type":"其他",
    "subtype":"其他場所",
    "AED_location":"仁愛一樓--健康中心--前走廊",
    "district":"北投區"
    }
  },
  {
    "type": "Feature",
    "geometry": {
       "type": "Point",
       "coordinates":  [ 121.537021,25.0442235 ]
    },
    "properties": {
    "name":"建國計程車服務站",
    "address":"建國南路一段63號之1(對面)",
    "district_code":63000030,
    "type":"其他",
    "subtype":"其他場所",
    "AED_location":"女化粧室門口",
    "district":"大安區"
    }
  },
  {
    "type": "Feature",
    "geometry": {
       "type": "Point",
       "coordinates":  [ 121.564359,25.038211 ]
    },
    "properties": {
    "name":"臺北市政府市政大樓",
    "address":"臺北市市府路1號",
    "district_code":63000020,
    "type":"其他",
    "subtype":"其他場所",
    "AED_location":"市政大樓地下1樓府宴餐廳門口",
    "district":"信義區"
    }
  },
  {
    "type": "Feature",
    "geometry": {
       "type": "Point",
       "coordinates":  [ 121.507947,25.084102 ]
    },
    "properties": {
    "name":"臺北市士林區葫蘆國民小學",
    "address":"環河北路三段95號",
    "district_code":63000110,
    "type":"學校、大型集會場所",
    "subtype":"國小",
    "AED_location":"中正樓一樓學務處門外",
    "district":"士林區"
    }
  },
  {
    "type": "Feature",
    "geometry": {
       "type": "Point",
       "coordinates":  [ 121.4970056,25.0367026 ]
    },
    "properties": {
    "name":"台北市廣州街臨時攤販集中場",
    "address":"廣州街220號",
    "district_code":63000070,
    "type":"其他",
    "subtype":"其他場所",
    "AED_location":"台北市廣州街220號",
    "district":"萬華區"
    }
  },
  {
    "type": "Feature",
    "geometry": {
       "type": "Point",
       "coordinates":  [ 121.564359,25.038211 ]
    },
    "properties": {
    "name":"臺北市政府市政大樓",
    "address":"臺北市市府路1號",
    "district_code":63000020,
    "type":"其他",
    "subtype":"其他場所",
    "AED_location":"市政大樓地下2樓市府生活廣場",
    "district":"信義區"
    }
  },
  {
    "type": "Feature",
    "geometry": {
       "type": "Point",
       "coordinates":  [ 121.591632,25.083976 ]
    },
    "properties": {
    "name":"臺北市內湖區碧湖國民小學",
    "address":"金龍路100號",
    "district_code":63000100,
    "type":"其他",
    "subtype":"其他場所",
    "AED_location":"警衛室",
    "district":"內湖區"
    }
  },
  {
    "type": "Feature",
    "geometry": {
       "type": "Point",
       "coordinates":  [ 121.564359,25.038211 ]
    },
    "properties": {
    "name":"臺北市政府市政大樓",
    "address":"臺北市市府路1號",
    "district_code":63000020,
    "type":"其他",
    "subtype":"其他場所",
    "AED_location":"市政大樓1樓北門",
    "district":"信義區"
    }
  },
  {
    "type": "Feature",
    "geometry": {
       "type": "Point",
       "coordinates":  [ 121.586873,25.04709 ]
    },
    "properties": {
    "name":"臺北市南港區成德國民小學",
    "address":"東新街65號",
    "district_code":63000090,
    "type":"其他",
    "subtype":"其他場所",
    "AED_location":"四維樓4樓活動中心",
    "district":"南港區"
    }
  },
  {
    "type": "Feature",
    "geometry": {
       "type": "Point",
       "coordinates":  [ 121.53362,25.02982 ]
    },
    "properties": {
    "name":"臺北市大安區新生國民小學",
    "address":"新生南路二段36號",
    "district_code":63000030,
    "type":"其他",
    "subtype":"其他場所",
    "AED_location":"B1游泳池",
    "district":"大安區"
    }
  },
  {
    "type": "Feature",
    "geometry": {
       "type": "Point",
       "coordinates":  [ 121.53362,25.02982 ]
    },
    "properties": {
    "name":"臺北市大安區新生國民小學",
    "address":"新生南路二段36號",
    "district_code":63000030,
    "type":"其他",
    "subtype":"其他場所",
    "AED_location":"4樓活動中心",
    "district":"大安區"
    }
  },
  {
    "type": "Feature",
    "geometry": {
       "type": "Point",
       "coordinates":  [ 121.5791368,25.0734188 ]
    },
    "properties": {
    "name":"臺北市公共運輸處瑞光計程車服務站",
    "address":"瑞光路160號2樓",
    "district_code":63000100,
    "type":"其他",
    "subtype":"其他場所",
    "AED_location":"本站閱覽室大廳",
    "district":"內湖區"
    }
  },
  {
    "type": "Feature",
    "geometry": {
       "type": "Point",
       "coordinates":  [ 121.5864873,25.00515962 ]
    },
    "properties": {
    "name":"臺北市政府環境保護局木柵垃圾焚化廠",
    "address":"木柵路5段53號",
    "district_code":63000080,
    "type":"其他",
    "subtype":"其他場所",
    "AED_location":"廠房2樓中控室",
    "district":"文山區"
    }
  },
  {
    "type": "Feature",
    "geometry": {
       "type": "Point",
       "coordinates":  [ 121.564359,25.038211 ]
    },
    "properties": {
    "name":"臺北市政府市政大樓",
    "address":"臺北市市府路1號",
    "district_code":63000020,
    "type":"其他",
    "subtype":"其他場所",
    "AED_location":"市政大樓東門(服務臺旁邊)",
    "district":"信義區"
    }
  },
  {
    "type": "Feature",
    "geometry": {
       "type": "Point",
       "coordinates":  [ 121.52411,25.087887 ]
    },
    "properties": {
    "name":"臺北市公有士林市場",
    "address":"基河路101號",
    "district_code":63000110,
    "type":"其他",
    "subtype":"其他場所",
    "AED_location":"士林市場清潔室入口",
    "district":"士林區"
    }
  },
  {
    "type": "Feature",
    "geometry": {
       "type": "Point",
       "coordinates":  [ 121.5498998,25.0842757 ]
    },
    "properties": {
    "name":"大直計程車服務站",
    "address":"北安路676號",
    "district_code":63000040,
    "type":"其他",
    "subtype":"其他場所",
    "AED_location":"閱覽室門口",
    "district":"中山區"
    }
  },
  {
    "type": "Feature",
    "geometry": {
       "type": "Point",
       "coordinates":  [ 121.54535,25.060537 ]
    },
    "properties": {
    "name":"臺北市立中山國民中學",
    "address":"復興北路361巷7號",
    "district_code":63000010,
    "type":"其他",
    "subtype":"其他場所",
    "AED_location":"本校大門川堂",
    "district":"松山區"
    }
  },
  {
    "type": "Feature",
    "geometry": {
       "type": "Point",
       "coordinates":  [ 121.549406,25.078776 ]
    },
    "properties": {
    "name":"臺北市中山區永安國民小學",
    "address":"明水路397巷19弄1號",
    "district_code":63000040,
    "type":"其他",
    "subtype":"其他場所",
    "AED_location":"一年1班教室旁走廊",
    "district":"中山區"
    }
  },
  {
    "type": "Feature",
    "geometry": {
       "type": "Point",
       "coordinates":  [ 121.5416244,25.0777879 ]
    },
    "properties": {
    "name":"臺北市立北安國民中學",
    "address":"明水路325號",
    "district_code":63000040,
    "type":"學校、大型集會場所",
    "subtype":"國中",
    "AED_location":"校門口入口川堂",
    "district":"中山區"
    }
  },
  {
    "type": "Feature",
    "geometry": {
       "type": "Point",
       "coordinates":  [ 121.56075,25.07955 ]
    },
    "properties": {
    "name":"臺北市濱江實驗國民中學",
    "address":"樂群二路262號",
    "district_code":63000040,
    "type":"學校、大型集會場所",
    "subtype":"國中",
    "AED_location":"B1游泳池",
    "district":"中山區"
    }
  },
  {
    "type": "Feature",
    "geometry": {
       "type": "Point",
       "coordinates":  [ 121.5301123,25.1164004 ]
    },
    "properties": {
    "name":"台北美國學校",
    "address":"11152 中山北路六段 800號",
    "district_code":63000110,
    "type":"學校、大型集會場所",
    "subtype":"高中職",
    "AED_location":"Performing Arts Hallway",
    "district":"士林區"
    }
  },
  {
    "type": "Feature",
    "geometry": {
       "type": "Point",
       "coordinates":  [ 121.5301123,25.1164004 ]
    },
    "properties": {
    "name":"台北美國學校",
    "address":"11152 中山北路六段 800號",
    "district_code":63000110,
    "type":"學校、大型集會場所",
    "subtype":"高中職",
    "AED_location":"LS Stairwell",
    "district":"士林區"
    }
  },
  {
    "type": "Feature",
    "geometry": {
       "type": "Point",
       "coordinates":  [ 121.5301123,25.1164004 ]
    },
    "properties": {
    "name":"台北美國學校",
    "address":"11152 中山北路六段 800號",
    "district_code":63000110,
    "type":"學校、大型集會場所",
    "subtype":"高中職",
    "AED_location":"MS Gym Entrance",
    "district":"士林區"
    }
  },
  {
    "type": "Feature",
    "geometry": {
       "type": "Point",
       "coordinates":  [ 121.5301123,25.1164004 ]
    },
    "properties": {
    "name":"台北美國學校",
    "address":"11152 中山北路六段 800號",
    "district_code":63000110,
    "type":"學校、大型集會場所",
    "subtype":"高中職",
    "AED_location":"Art Hallway C-block",
    "district":"士林區"
    }
  },
  {
    "type": "Feature",
    "geometry": {
       "type": "Point",
       "coordinates":  [ 121.5301123,25.1164004 ]
    },
    "properties": {
    "name":"台北美國學校",
    "address":"11152 中山北路六段 800號",
    "district_code":63000110,
    "type":"學校、大型集會場所",
    "subtype":"高中職",
    "AED_location":"Mobile US Gym AED",
    "district":"士林區"
    }
  },
  {
    "type": "Feature",
    "geometry": {
       "type": "Point",
       "coordinates":  [ 121.567026,25.039329 ]
    },
    "properties": {
    "name":"新光三越百貨股份有限公司台北信義分公司四館",
    "address":"松高路19號",
    "district_code":63000020,
    "type":"大型購物場所",
    "subtype":"百貨業",
    "AED_location":"3F醫護室",
    "district":"信義區"
    }
  },
  {
    "type": "Feature",
    "geometry": {
       "type": "Point",
       "coordinates":  [ 121.5301123,25.1164004 ]
    },
    "properties": {
    "name":"台北美國學校",
    "address":"11152 中山北路六段 800號",
    "district_code":63000110,
    "type":"學校、大型集會場所",
    "subtype":"高中職",
    "AED_location":"MS Library Entrance",
    "district":"士林區"
    }
  },
  {
    "type": "Feature",
    "geometry": {
       "type": "Point",
       "coordinates":  [ 121.514709,25.097094 ]
    },
    "properties": {
    "name":"臺北市立兒童新樂園",
    "address":"承德路5段55號",
    "district_code":63000110,
    "type":"觀光旅遊地區",
    "subtype":"民營遊樂業",
    "AED_location":"兒童新樂園一樓緊急救護站前方",
    "district":"士林區"
    }
  },
  {
    "type": "Feature",
    "geometry": {
       "type": "Point",
       "coordinates":  [ 121.514709,25.097094 ]
    },
    "properties": {
    "name":"臺北市立兒童新樂園",
    "address":"承德路5段55號",
    "district_code":63000110,
    "type":"觀光旅遊地區",
    "subtype":"民營遊樂業",
    "AED_location":"三樓第二出入口",
    "district":"士林區"
    }
  },
  {
    "type": "Feature",
    "geometry": {
       "type": "Point",
       "coordinates":  [ 121.570903,25.036375 ]
    },
    "properties": {
    "name":"博愛國小運動中心-舞動陽光有限公司",
    "address":"松仁路95巷20號",
    "district_code":63000020,
    "type":"學校、大型集會場所",
    "subtype":"健身中心",
    "AED_location":"B1游泳池",
    "district":"信義區"
    }
  },
  {
    "type": "Feature",
    "geometry": {
       "type": "Point",
       "coordinates":  [ 121.616513,25.057702 ]
    },
    "properties": {
    "name":"世貿公園地下停車場",
    "address":"經貿2路88巷1號B1",
    "district_code":63000090,
    "type":"其他",
    "subtype":"其他場所",
    "AED_location":"經貿2路88巷1號B1",
    "district":"南港區"
    }
  },
  {
    "type": "Feature",
    "geometry": {
       "type": "Point",
       "coordinates":  [ 121.606489,25.056157 ]
    },
    "properties": {
    "name":"興中立體停車場",
    "address":"興中路44巷1號",
    "district_code":63000090,
    "type":"其他",
    "subtype":"其他場所",
    "AED_location":"興中路44巷1號",
    "district":"南港區"
    }
  },
  {
    "type": "Feature",
    "geometry": {
       "type": "Point",
       "coordinates":  [ 121.611801,25.056674 ]
    },
    "properties": {
    "name":"南港國小地下停車場",
    "address":"興東街59號B1",
    "district_code":63000090,
    "type":"其他",
    "subtype":"其他場所",
    "AED_location":"興東街59號B1",
    "district":"南港區"
    }
  },
  {
    "type": "Feature",
    "geometry": {
       "type": "Point",
       "coordinates":  [ 121.52113,25.08583 ]
    },
    "properties": {
    "name":"前港公園地下停車場",
    "address":"前港街45號B1",
    "district_code":63000110,
    "type":"其他",
    "subtype":"其他場所",
    "AED_location":"士林區前港街45號B1",
    "district":"士林區"
    }
  },
  {
    "type": "Feature",
    "geometry": {
       "type": "Point",
       "coordinates":  [ 121.504245,25.131119 ]
    },
    "properties": {
    "name":"大豐公園地下停車場",
    "address":"大興街145號B1",
    "district_code":63000120,
    "type":"其他",
    "subtype":"其他場所",
    "AED_location":"大興街145號B1",
    "district":"北投區"
    }
  },
  {
    "type": "Feature",
    "geometry": {
       "type": "Point",
       "coordinates":  [ 121.529277,25.109618 ]
    },
    "properties": {
    "name":"蘭雅公園地下停車場",
    "address":"德行東路129巷31號B1",
    "district_code":63000110,
    "type":"其他",
    "subtype":"其他場所",
    "AED_location":"德行東路129巷31號B1",
    "district":"士林區"
    }
  },
  {
    "type": "Feature",
    "geometry": {
       "type": "Point",
       "coordinates":  [ 121.530587,25.09603 ]
    },
    "properties": {
    "name":"福林公園地下停車場",
    "address":"中正路17號B1",
    "district_code":63000110,
    "type":"其他",
    "subtype":"其他場所",
    "AED_location":"中正路17號B1",
    "district":"士林區"
    }
  },
  {
    "type": "Feature",
    "geometry": {
       "type": "Point",
       "coordinates":  [ 121.505865,25.048335 ]
    },
    "properties": {
    "name":"洛陽立體停車場",
    "address":"環河南路1段1號",
    "district_code":63000070,
    "type":"其他",
    "subtype":"其他場所",
    "AED_location":"環河南路1段1號",
    "district":"萬華區"
    }
  },
  {
    "type": "Feature",
    "geometry": {
       "type": "Point",
       "coordinates":  [ 121.508492,25.080934 ]
    },
    "properties": {
    "name":"海光公園地下停車場",
    "address":"葫蘆街83號B1",
    "district_code":63000110,
    "type":"其他",
    "subtype":"其他場所",
    "AED_location":"葫蘆街83號B1",
    "district":"士林區"
    }
  },
  {
    "type": "Feature",
    "geometry": {
       "type": "Point",
       "coordinates":  [ 121.580466,25.046731 ]
    },
    "properties": {
    "name":"五分埔公園地下停車場",
    "address":"中坡北路57號口B1",
    "district_code":63000020,
    "type":"其他",
    "subtype":"其他場所",
    "AED_location":"中坡北路57號口B1",
    "district":"信義區"
    }
  },
  {
    "type": "Feature",
    "geometry": {
       "type": "Point",
       "coordinates":  [ 121.566153,25.028846 ]
    },
    "properties": {
    "name":"臺北市災害應變中心地下停車場",
    "address":"莊敬路391巷11弄2號B1",
    "district_code":63000020,
    "type":"其他",
    "subtype":"其他場所",
    "AED_location":"莊敬路391巷11弄2號B1",
    "district":"信義區"
    }
  },
  {
    "type": "Feature",
    "geometry": {
       "type": "Point",
       "coordinates":  [ 121.578299,25.04919 ]
    },
    "properties": {
    "name":"松山車站地下停車場",
    "address":"松山路11號B1",
    "district_code":63000020,
    "type":"其他",
    "subtype":"其他場所",
    "AED_location":"松山路11號B1",
    "district":"信義區"
    }
  },
  {
    "type": "Feature",
    "geometry": {
       "type": "Point",
       "coordinates":  [ 121.574243,25.032054 ]
    },
    "properties": {
    "name":"臺北市停車管理工程處",
    "address":"松德路300號6樓",
    "district_code":63000020,
    "type":"其他",
    "subtype":"其他場所",
    "AED_location":"松德路300號6樓",
    "district":"信義區"
    }
  },
  {
    "type": "Feature",
    "geometry": {
       "type": "Point",
       "coordinates":  [ 121.563053,24.990486 ]
    },
    "properties": {
    "name":"南方桃花源社區管理委員會",
    "address":"木柵路二段109巷27弄2號",
    "district_code":63000080,
    "type":"其他",
    "subtype":"其他場所",
    "AED_location":"文山區木柵路2段109巷27弄2號",
    "district":"文山區"
    }
  },
  {
    "type": "Feature",
    "geometry": {
       "type": "Point",
       "coordinates":  [ 121.563018,24.991445 ]
    },
    "properties": {
    "name":"敦南莊子社區管理室",
    "address":"木柵路二段109巷100弄1號",
    "district_code":63000080,
    "type":"其他",
    "subtype":"其他場所",
    "AED_location":"文山區木柵路2段109巷100弄1號",
    "district":"文山區"
    }
  },
  {
    "type": "Feature",
    "geometry": {
       "type": "Point",
       "coordinates":  [ 121.5704511,25.078798 ]
    },
    "properties": {
    "name":"沛力訓練",
    "address":"瑞光路443號1F",
    "district_code":63000100,
    "type":"學校、大型集會場所",
    "subtype":"健身房",
    "AED_location":"本店中心",
    "district":"內湖區"
    }
  },
  {
    "type": "Feature",
    "geometry": {
       "type": "Point",
       "coordinates":  [ 121.5133139,25.0593921 ]
    },
    "properties": {
    "name":"台北互舍酒店",
    "address":"台北市大同區重慶北路二段172號",
    "district_code":63000060,
    "type":"旅宿場所",
    "subtype":"旅館",
    "AED_location":"本飯店大廳",
    "district":"大同區"
    }
  },
  {
    "type": "Feature",
    "geometry": {
       "type": "Point",
       "coordinates":  [ 121.510056,25.023892 ]
    },
    "properties": {
    "name":"古亭國中地下停車場",
    "address":"中華路2段606巷1號B1",
    "district_code":63000070,
    "type":"其他",
    "subtype":"其他場所",
    "AED_location":"中華路2段606巷1號B1",
    "district":"萬華區"
    }
  },
  {
    "type": "Feature",
    "geometry": {
       "type": "Point",
       "coordinates":  [ 121.49926,25.027835 ]
    },
    "properties": {
    "name":"萬華國中地下停車場",
    "address":"西藏路201號B1",
    "district_code":63000070,
    "type":"其他",
    "subtype":"其他場所",
    "AED_location":"西藏路201號B1",
    "district":"萬華區"
    }
  },
  {
    "type": "Feature",
    "geometry": {
       "type": "Point",
       "coordinates":  [ 121.510732,25.05094 ]
    },
    "properties": {
    "name":"塔城公園地下停車場",
    "address":"塔城街11號B1",
    "district_code":63000060,
    "type":"其他",
    "subtype":"其他場所",
    "AED_location":"塔城街11號B1",
    "district":"大同區"
    }
  },
  {
    "type": "Feature",
    "geometry": {
       "type": "Point",
       "coordinates":  [ 121.502906,25.023826 ]
    },
    "properties": {
    "name":"青年公園棒球場地下停車場",
    "address":"青年路69號B1",
    "district_code":63000070,
    "type":"其他",
    "subtype":"其他場所",
    "AED_location":"青年路69號B1",
    "district":"萬華區"
    }
  },
  {
    "type": "Feature",
    "geometry": {
       "type": "Point",
       "coordinates":  [ 121.572799,25.034837 ]
    },
    "properties": {
    "name":"興雅國中地下停車場",
    "address":"松德路200巷18號B1",
    "district_code":63000020,
    "type":"其他",
    "subtype":"其他場所",
    "AED_location":"松德路200巷18號B1",
    "district":"信義區"
    }
  },
  {
    "type": "Feature",
    "geometry": {
       "type": "Point",
       "coordinates":  [ 121.567712,25.033211 ]
    },
    "properties": {
    "name":"信義廣場地下停車場",
    "address":"信義路5段11號B1",
    "district_code":63000020,
    "type":"其他",
    "subtype":"其他場所",
    "AED_location":"信義路5段11號B1",
    "district":"信義區"
    }
  },
  {
    "type": "Feature",
    "geometry": {
       "type": "Point",
       "coordinates":  [ 121.56822,25.040234 ]
    },
    "properties": {
    "name":"忠信公園地下停車場",
    "address":"松仁路2號B1",
    "district_code":63000020,
    "type":"其他",
    "subtype":"其他場所",
    "AED_location":"松仁路2號B1",
    "district":"信義區"
    }
  },
  {
    "type": "Feature",
    "geometry": {
       "type": "Point",
       "coordinates":  [ 121.563181,25.031566 ]
    },
    "properties": {
    "name":"信義國小地下停車場",
    "address":"松勤街60號B1",
    "district_code":63000020,
    "type":"其他",
    "subtype":"其他場所",
    "AED_location":"松勤街60號B1",
    "district":"信義區"
    }
  },
  {
    "type": "Feature",
    "geometry": {
       "type": "Point",
       "coordinates":  [ 121.565387,25.043505 ]
    },
    "properties": {
    "name":"松山高中地下停車場",
    "address":"基隆路1段156號B1",
    "district_code":63000020,
    "type":"其他",
    "subtype":"其他場所",
    "AED_location":"基隆路1段156號B1",
    "district":"信義區"
    }
  },
  {
    "type": "Feature",
    "geometry": {
       "type": "Point",
       "coordinates":  [ 121.519657,25.050409 ]
    },
    "properties": {
    "name":"建成國中地下停車場",
    "address":"長安西路37號之1 B1",
    "district_code":63000060,
    "type":"其他",
    "subtype":"其他場所",
    "AED_location":"長安西路37號之1 B1",
    "district":"大同區"
    }
  },
  {
    "type": "Feature",
    "geometry": {
       "type": "Point",
       "coordinates":  [ 121.511706,25.074343 ]
    },
    "properties": {
    "name":"?聰學校地下停車場",
    "address":"延平北路4段205號B1",
    "district_code":63000060,
    "type":"其他",
    "subtype":"其他場所",
    "AED_location":"延平北路4段205號B1",
    "district":"大同區"
    }
  },
  {
    "type": "Feature",
    "geometry": {
       "type": "Point",
       "coordinates":  [ 121.516693,25.073409 ]
    },
    "properties": {
    "name":"大龍國小地下停車場",
    "address":"哈密街47號B1",
    "district_code":63000060,
    "type":"其他",
    "subtype":"其他場所",
    "AED_location":"哈密街47號B1",
    "district":"大同區"
    }
  },
  {
    "type": "Feature",
    "geometry": {
       "type": "Point",
       "coordinates":  [ 121.524747,25.059242 ]
    },
    "properties": {
    "name":"永盛公園地下停車場",
    "address":"中山北路2段93巷30號B1",
    "district_code":63000040,
    "type":"其他",
    "subtype":"其他場所",
    "AED_location":"中山北路2段93巷30號B1",
    "district":"中山區"
    }
  },
  {
    "type": "Feature",
    "geometry": {
       "type": "Point",
       "coordinates":  [ 121.559839,24.990773 ]
    },
    "properties": {
    "name":"文山雅筑社區管理委員會",
    "address":"興隆路四段29巷4弄1號",
    "district_code":63000080,
    "type":"其他",
    "subtype":"其他場所",
    "AED_location":"文山區興隆路4段29巷4弄1號",
    "district":"文山區"
    }
  },
  {
    "type": "Feature",
    "geometry": {
       "type": "Point",
       "coordinates":  [ 121.5600007,24.9894423 ]
    },
    "properties": {
    "name":"明興社區巷弄長照站",
    "address":"興隆路4段61號",
    "district_code":63000080,
    "type":"其他",
    "subtype":"其他場所",
    "AED_location":"文山區興隆路4段61號",
    "district":"文山區"
    }
  },
  {
    "type": "Feature",
    "geometry": {
       "type": "Point",
       "coordinates":  [ 121.562851,24.990145 ]
    },
    "properties": {
    "name":"臺北市文山區明興里辦公處",
    "address":"木柵路二段109巷25弄6號",
    "district_code":63000080,
    "type":"其他",
    "subtype":"其他場所",
    "AED_location":"木柵路2段109巷25弄6號",
    "district":"文山區"
    }
  },
  {
    "type": "Feature",
    "geometry": {
       "type": "Point",
       "coordinates":  [ 121.559581,24.990387 ]
    },
    "properties": {
    "name":"太子新城建設",
    "address":"興隆路四段33號",
    "district_code":63000080,
    "type":"其他",
    "subtype":"其他場所",
    "AED_location":"文山區興隆路4段33號",
    "district":"文山區"
    }
  },
  {
    "type": "Feature",
    "geometry": {
       "type": "Point",
       "coordinates":  [ 121.566093,25.05584 ]
    },
    "properties": {
    "name":"西松高中地下停車場",
    "address":"健康路325巷19弄1號B1",
    "district_code":63000010,
    "type":"其他",
    "subtype":"其他場所",
    "AED_location":"健康路325巷19弄1號B1",
    "district":"松山區"
    }
  },
  {
    "type": "Feature",
    "geometry": {
       "type": "Point",
       "coordinates":  [ 121.559462,25.058343 ]
    },
    "properties": {
    "name":"民生立體停車場",
    "address":"民生東路5段84號",
    "district_code":63000010,
    "type":"其他",
    "subtype":"其他場所",
    "AED_location":"民生東路5段84號",
    "district":"松山區"
    }
  },
  {
    "type": "Feature",
    "geometry": {
       "type": "Point",
       "coordinates":  [ 121.547074,25.060401 ]
    },
    "properties": {
    "name":"民有市場地下停車場",
    "address":"民權東路3段140巷15號B1",
    "district_code":63000010,
    "type":"其他",
    "subtype":"其他場所",
    "AED_location":"民權東路3段140巷15號B1",
    "district":"松山區"
    }
  },
  {
    "type": "Feature",
    "geometry": {
       "type": "Point",
       "coordinates":  [ 121.577642,25.050016 ]
    },
    "properties": {
    "name":"松山國小地下停車場",
    "address":"八德路4段746號B1",
    "district_code":63000010,
    "type":"其他",
    "subtype":"其他場所",
    "AED_location":"八德路4段746號B1",
    "district":"松山區"
    }
  },
  {
    "type": "Feature",
    "geometry": {
       "type": "Point",
       "coordinates":  [ 121.538208,25.024673 ]
    },
    "properties": {
    "name":"龍門國中地下停車場",
    "address":"建國南路2段269號B1",
    "district_code":63000030,
    "type":"其他",
    "subtype":"其他場所",
    "AED_location":"建國南路2段269號B1",
    "district":"大安區"
    }
  },
  {
    "type": "Feature",
    "geometry": {
       "type": "Point",
       "coordinates":  [ 121.531614,25.029574 ]
    },
    "properties": {
    "name":"金華公園地下停車場",
    "address":"金華街190號B1",
    "district_code":63000030,
    "type":"其他",
    "subtype":"其他場所",
    "AED_location":"金華街190號B1",
    "district":"大安區"
    }
  },
  {
    "type": "Feature",
    "geometry": {
       "type": "Point",
       "coordinates":  [ 121.535844,25.033303 ]
    },
    "properties": {
    "name":"大安森林公園地下停車場",
    "address":"建國南路2段2號B1",
    "district_code":63000030,
    "type":"其他",
    "subtype":"其他場所",
    "AED_location":"建國南路2段2號B1",
    "district":"大安區"
    }
  },
  {
    "type": "Feature",
    "geometry": {
       "type": "Point",
       "coordinates":  [ 121.491611,25.027829 ]
    },
    "properties": {
    "name":"雙園國中地下停車場",
    "address":"西園路2段320巷55弄3號B1",
    "district_code":63000070,
    "type":"其他",
    "subtype":"其他場所",
    "AED_location":"西園路2段320巷55弄3號B1",
    "district":"萬華區"
    }
  },
  {
    "type": "Feature",
    "geometry": {
       "type": "Point",
       "coordinates":  [ 121.507451,25.024366 ]
    },
    "properties": {
    "name":"青年公園高爾夫球場地下停車場",
    "address":"國興路5號B1",
    "district_code":63000070,
    "type":"其他",
    "subtype":"其他場所",
    "AED_location":"國興路5號B1",
    "district":"萬華區"
    }
  },
  {
    "type": "Feature",
    "geometry": {
       "type": "Point",
       "coordinates":  [ 121.569436,25.079278 ]
    },
    "properties": {
    "name":"洲子立體停車場",
    "address":"瑞光路513巷22弄2號2樓",
    "district_code":63000100,
    "type":"其他",
    "subtype":"其他場所",
    "AED_location":"瑞光路513巷22弄2號2樓",
    "district":"內湖區"
    }
  },
  {
    "type": "Feature",
    "geometry": {
       "type": "Point",
       "coordinates":  [ 121.578365,25.080523 ]
    },
    "properties": {
    "name":"港富立體停車場",
    "address":"內湖路1段737巷50弄32號",
    "district_code":63000100,
    "type":"其他",
    "subtype":"其他場所",
    "AED_location":"內湖路1段737巷50弄32號",
    "district":"內湖區"
    }
  },
  {
    "type": "Feature",
    "geometry": {
       "type": "Point",
       "coordinates":  [ 121.572231,25.03918 ]
    },
    "properties": {
    "name":"松山工農地下停車場",
    "address":"忠孝東路5段236巷15號B1",
    "district_code":63000020,
    "type":"其他",
    "subtype":"其他場所",
    "AED_location":"忠孝東路5段236巷15號B1",
    "district":"信義區"
    }
  },
  {
    "type": "Feature",
    "geometry": {
       "type": "Point",
       "coordinates":  [ 121.616068,25.06916 ]
    },
    "properties": {
    "name":"東湖國小地下停車場",
    "address":"東湖路115號之1B1",
    "district_code":63000100,
    "type":"其他",
    "subtype":"其他場所",
    "AED_location":"東湖路115號之1B1",
    "district":"內湖區"
    }
  },
  {
    "type": "Feature",
    "geometry": {
       "type": "Point",
       "coordinates":  [ 121.587151,25.042236 ]
    },
    "properties": {
    "name":"玉成公園附建地下停車場",
    "address":"成福路118號B1",
    "district_code":63000090,
    "type":"其他",
    "subtype":"其他場所",
    "AED_location":"成福路118號B1",
    "district":"南港區"
    }
  },
  {
    "type": "Feature",
    "geometry": {
       "type": "Point",
       "coordinates":  [ 121.576716,24.989465 ]
    },
    "properties": {
    "name":"萬興國小地下停車場",
    "address":"秀明路2段116號B1",
    "district_code":63000080,
    "type":"其他",
    "subtype":"其他場所",
    "AED_location":"秀明路2段116號B1",
    "district":"文山區"
    }
  },
  {
    "type": "Feature",
    "geometry": {
       "type": "Point",
       "coordinates":  [ 121.551195,25.000594 ]
    },
    "properties": {
    "name":"興隆公園地下停車場",
    "address":"仙岩路128號B1",
    "district_code":63000080,
    "type":"其他",
    "subtype":"其他場所",
    "AED_location":"仙岩路128號B1",
    "district":"文山區"
    }
  },
  {
    "type": "Feature",
    "geometry": {
       "type": "Point",
       "coordinates":  [ 121.530187,25.049816 ]
    },
    "properties": {
    "name":"長安國小地下停車場",
    "address":"吉林路15號B1",
    "district_code":63000040,
    "type":"其他",
    "subtype":"其他場所",
    "AED_location":"吉林路15號B1",
    "district":"中山區"
    }
  },
  {
    "type": "Feature",
    "geometry": {
       "type": "Point",
       "coordinates":  [ 121.566737,25.059805 ]
    },
    "properties": {
    "name":"臺北市立民生國民中學",
    "address":"新東街30巷1號",
    "district_code":63000010,
    "type":"其他",
    "subtype":"其他場所",
    "AED_location":"警衛室旁",
    "district":"松山區"
    }
  },
  {
    "type": "Feature",
    "geometry": {
       "type": "Point",
       "coordinates":  [ 121.5805022,25.0492807 ]
    },
    "properties": {
    "name":"台北松山意舍酒店",
    "address":"市民大道七段8號17樓",
    "district_code":63000090,
    "type":"旅宿場所",
    "subtype":"飯店",
    "AED_location":"酒店大廳",
    "district":"南港區"
    }
  },
  {
    "type": "Feature",
    "geometry": {
       "type": "Point",
       "coordinates":  [ 121.5055703,25.0451667 ]
    },
    "properties": {
    "name":"台北西門町意舍酒店",
    "address":"武昌街二段77號5樓",
    "district_code":63000070,
    "type":"旅宿場所",
    "subtype":"飯店",
    "AED_location":"酒店5樓大廳",
    "district":"萬華區"
    }
  },
  {
    "type": "Feature",
    "geometry": {
       "type": "Point",
       "coordinates":  [ 121.5230674,25.0556973 ]
    },
    "properties": {
    "name":"台北中山意舍酒店",
    "address":"中山北路二段57-1號",
    "district_code":63000040,
    "type":"旅宿場所",
    "subtype":"飯店",
    "AED_location":"酒店大廳",
    "district":"中山區"
    }
  },
  {
    "type": "Feature",
    "geometry": {
       "type": "Point",
       "coordinates":  [ 121.561685,24.992593 ]
    },
    "properties": {
    "name":"觀星台北社區管理委員會(D棟閱報室)",
    "address":"木柵路二段109巷100弄66號1樓",
    "district_code":63000080,
    "type":"其他",
    "subtype":"其他場所",
    "AED_location":"文山區木柵路2段109巷100弄66號",
    "district":"文山區"
    }
  },
  {
    "type": "Feature",
    "geometry": {
       "type": "Point",
       "coordinates":  [ 121.561821,24.990285 ]
    },
    "properties": {
    "name":"幸福社區管理委員會",
    "address":"木柵路二段109巷25弄69號",
    "district_code":63000080,
    "type":"其他",
    "subtype":"其他場所",
    "AED_location":"文山區木柵路2段109巷25弄69號",
    "district":"文山區"
    }
  },
  {
    "type": "Feature",
    "geometry": {
       "type": "Point",
       "coordinates":  [ 121.562121,24.992453 ]
    },
    "properties": {
    "name":"觀星台北社區C棟閱報室",
    "address":"木柵路二段109巷100弄30號",
    "district_code":63000080,
    "type":"其他",
    "subtype":"其他場所",
    "AED_location":"文山區木柵路2段109巷100弄30號",
    "district":"文山區"
    }
  },
  {
    "type": "Feature",
    "geometry": {
       "type": "Point",
       "coordinates":  [ 121.484481,25.139607 ]
    },
    "properties": {
    "name":"臺北市北投區桃源國民小學",
    "address":"中央北路三段40巷45號",
    "district_code":63000120,
    "type":"其他",
    "subtype":"其他場所",
    "AED_location":"教務處走廊",
    "district":"北投區"
    }
  },
  {
    "type": "Feature",
    "geometry": {
       "type": "Point",
       "coordinates":  [ 121.531042,25.110656 ]
    },
    "properties": {
    "name":"臺北市立蘭雅國民中學",
    "address":"忠誠路2段51號",
    "district_code":63000110,
    "type":"學校、大型集會場所",
    "subtype":"國中",
    "AED_location":"一樓川堂(校門口)",
    "district":"士林區"
    }
  },
  {
    "type": "Feature",
    "geometry": {
       "type": "Point",
       "coordinates":  [ 121.574878,25.045326 ]
    },
    "properties": {
    "name":"博俊體能事業有限公司",
    "address":"永吉路302號B1",
    "district_code":63000020,
    "type":"學校、大型集會場所",
    "subtype":"健身房",
    "AED_location":"櫃台右側",
    "district":"信義區"
    }
  },
  {
    "type": "Feature",
    "geometry": {
       "type": "Point",
       "coordinates":  [ 121.5148529,25.0317071 ]
    },
    "properties": {
    "name":"郵政博物館",
    "address":"重慶南路2段45號",
    "district_code":63000050,
    "type":"大型休閒場所",
    "subtype":"博物館",
    "AED_location":"郵政博物館一樓",
    "district":"中正區"
    }
  },
  {
    "type": "Feature",
    "geometry": {
       "type": "Point",
       "coordinates":  [ 121.503597,25.043172 ]
    },
    "properties": {
    "name":"臺北市萬華區西門國民小學",
    "address":"成都路98號",
    "district_code":63000070,
    "type":"其他",
    "subtype":"其他場所",
    "AED_location":"本校川堂",
    "district":"萬華區"
    }
  },
  {
    "type": "Feature",
    "geometry": {
       "type": "Point",
       "coordinates":  [ 121.5631236,24.98918745 ]
    },
    "properties": {
    "name":"慧誠老人養護所",
    "address":"木柵路二段163號",
    "district_code":63000080,
    "type":"其他",
    "subtype":"其他場所",
    "AED_location":"文山區木柵路2段163號",
    "district":"文山區"
    }
  },
  {
    "type": "Feature",
    "geometry": {
       "type": "Point",
       "coordinates":  [ 121.503983,25.154895 ]
    },
    "properties": {
    "name":"臺北市北投區大屯國民小學",
    "address":"復興三路312號",
    "district_code":63000120,
    "type":"其他",
    "subtype":"其他場所",
    "AED_location":"大屯國小警衛室對面的牆壁",
    "district":"北投區"
    }
  },
  {
    "type": "Feature",
    "geometry": {
       "type": "Point",
       "coordinates":  [ 121.56688,25.039943 ]
    },
    "properties": {
    "name":"時代國際飯店股份有限公司(台北W飯店)安全部",
    "address":"忠孝東路5段10號",
    "district_code":63000020,
    "type":"旅宿場所",
    "subtype":"飯店",
    "AED_location":"1F",
    "district":"信義區"
    }
  },
  {
    "type": "Feature",
    "geometry": {
       "type": "Point",
       "coordinates":  [ 121.514231,25.114965 ]
    },
    "properties": {
    "name":"臺北市立石牌國民中學",
    "address":"石牌路一段139號",
    "district_code":63000120,
    "type":"學校、大型集會場所",
    "subtype":"國中",
    "AED_location":"體育館1樓",
    "district":"北投區"
    }
  },
  {
    "type": "Feature",
    "geometry": {
       "type": "Point",
       "coordinates":  [ 121.51353,25.1205388 ]
    },
    "properties": {
    "name":"日本伊藤萬游泳學校-陽明營業所",
    "address":"台北市北投區立農街二段155號",
    "district_code":63000120,
    "type":"其他",
    "subtype":"其他場所",
    "AED_location":"本場所二樓大廳",
    "district":"北投區"
    }
  },
  {
    "type": "Feature",
    "geometry": {
       "type": "Point",
       "coordinates":  [ 121.5192452,25.0212387 ]
    },
    "properties": {
    "name":"陪你健身運動空間",
    "address":"水源路91號",
    "district_code":63000050,
    "type":"學校、大型集會場所",
    "subtype":"健身房",
    "AED_location":"台北市中正區水源路91號",
    "district":"中正區"
    }
  },
  {
    "type": "Feature",
    "geometry": {
       "type": "Point",
       "coordinates":  [ 121.4661942,25.1263557 ]
    },
    "properties": {
    "name":"舞動陽光有限公司關渡國小",
    "address":"中央北路四段581號",
    "district_code":63000120,
    "type":"學校、大型集會場所",
    "subtype":"健身中心",
    "AED_location":"運動中心一樓櫃台",
    "district":"北投區"
    }
  },
  {
    "type": "Feature",
    "geometry": {
       "type": "Point",
       "coordinates":  [ 121.535576,25.014065 ]
    },
    "properties": {
    "name":"臺北市大安區銘傳國民小學",
    "address":"羅斯福路4段21號",
    "district_code":63000030,
    "type":"其他",
    "subtype":"其他場所",
    "AED_location":"一樓警衛室旁的川堂",
    "district":"大安區"
    }
  },
  {
    "type": "Feature",
    "geometry": {
       "type": "Point",
       "coordinates":  [ 121.533357,25.117664 ]
    },
    "properties": {
    "name":"旭昇健康有限公司",
    "address":"天母東路50巷8號",
    "district_code":63000110,
    "type":"學校、大型集會場所",
    "subtype":"健身房",
    "AED_location":"旭昇健康有限公司",
    "district":"士林區"
    }
  },
  {
    "type": "Feature",
    "geometry": {
       "type": "Point",
       "coordinates":  [ 121.5729501,25.0627834 ]
    },
    "properties": {
    "name":"燦坤內湖旗艦店",
    "address":"堤頂大道一段331號",
    "district_code":63000100,
    "type":"其他",
    "subtype":"其他場所",
    "AED_location":"賣場A棟2樓",
    "district":"內湖區"
    }
  },
  {
    "type": "Feature",
    "geometry": {
       "type": "Point",
       "coordinates":  [ 121.5729501,25.0627834 ]
    },
    "properties": {
    "name":"燦坤內湖旗艦店",
    "address":"堤頂大道一段331號",
    "district_code":63000100,
    "type":"其他",
    "subtype":"其他場所",
    "AED_location":"1樓大門口電梯右側WanDau門市前",
    "district":"內湖區"
    }
  },
  {
    "type": "Feature",
    "geometry": {
       "type": "Point",
       "coordinates":  [ 121.554242,25.000676 ]
    },
    "properties": {
    "name":"全球動競健康有限公司",
    "address":"興隆路二段252號B1",
    "district_code":63000080,
    "type":"學校、大型集會場所",
    "subtype":"健身房",
    "AED_location":"全球動競健康有限公司",
    "district":"文山區"
    }
  },
  {
    "type": "Feature",
    "geometry": {
       "type": "Point",
       "coordinates":  [ 121.573044,25.06271 ]
    },
    "properties": {
    "name":"燦坤實業股份有限公司",
    "address":"堤頂大道一段331號5樓",
    "district_code":63000100,
    "type":"其他",
    "subtype":"其他場所",
    "AED_location":"總部5樓會客大廳",
    "district":"內湖區"
    }
  },
  {
    "type": "Feature",
    "geometry": {
       "type": "Point",
       "coordinates":  [ 121.531367,25.111857 ]
    },
    "properties": {
    "name":"大葉高島屋百貨股份有限公司",
    "address":"忠誠路2段55號",
    "district_code":63000110,
    "type":"大型購物場所",
    "subtype":"百貨業",
    "AED_location":"1F員工出入口安全門旁",
    "district":"士林區"
    }
  },
  {
    "type": "Feature",
    "geometry": {
       "type": "Point",
       "coordinates":  [ 121.483311,25.13455 ]
    },
    "properties": {
    "name":"臺北捷運北投會館",
    "address":"大業路527巷88號",
    "district_code":63000120,
    "type":"學校、大型集會場所",
    "subtype":"健身中心",
    "AED_location":"北投會館捷之旅",
    "district":"北投區"
    }
  },
  {
    "type": "Feature",
    "geometry": {
       "type": "Point",
       "coordinates":  [ 121.483311,25.13455 ]
    },
    "properties": {
    "name":"臺北捷運北投會館",
    "address":"大業路527巷88號",
    "district_code":63000120,
    "type":"學校、大型集會場所",
    "subtype":"健身中心",
    "AED_location":"北投會館B1層",
    "district":"北投區"
    }
  },
  {
    "type": "Feature",
    "geometry": {
       "type": "Point",
       "coordinates":  [ 121.5460543,25.0419062 ]
    },
    "properties": {
    "name":"仙細工作室",
    "address":"忠孝東路四段59號6樓之5",
    "district_code":63000030,
    "type":"學校、大型集會場所",
    "subtype":"健身房",
    "AED_location":"本場館玄關",
    "district":"大安區"
    }
  },
  {
    "type": "Feature",
    "geometry": {
       "type": "Point",
       "coordinates":  [ 121.5814527,25.0383539 ]
    },
    "properties": {
    "name":"臺北市立浩然敬老院",
    "address":"福德街84巷36號2樓",
    "district_code":63000020,
    "type":"其他",
    "subtype":"其他場所",
    "AED_location":"2樓護理站",
    "district":"信義區"
    }
  },
  {
    "type": "Feature",
    "geometry": {
       "type": "Point",
       "coordinates":  [ 121.53362,25.02982 ]
    },
    "properties": {
    "name":"臺北市大安區新生國民小學",
    "address":"新生南路二段36號",
    "district_code":63000030,
    "type":"其他",
    "subtype":"其他場所",
    "AED_location":"南側三樓電梯消防栓旁",
    "district":"大安區"
    }
  },
  {
    "type": "Feature",
    "geometry": {
       "type": "Point",
       "coordinates":  [ 121.587729,25.045021 ]
    },
    "properties": {
    "name":"臺北市立成德國民中學",
    "address":"東新街108巷23號",
    "district_code":63000090,
    "type":"其他",
    "subtype":"其他場所",
    "AED_location":"公民培力中心教室",
    "district":"南港區"
    }
  },
  {
    "type": "Feature",
    "geometry": {
       "type": "Point",
       "coordinates":  [ 121.5637103,25.0811548 ]
    },
    "properties": {
    "name":"台灣大昌華嘉股份有限公司",
    "address":"堤頂大道２段407巷22號10樓",
    "district_code":63000100,
    "type":"其他",
    "subtype":"其他場所",
    "AED_location":"9F進門處",
    "district":"內湖區"
    }
  },
  {
    "type": "Feature",
    "geometry": {
       "type": "Point",
       "coordinates":  [ 121.5637103,25.0811548 ]
    },
    "properties": {
    "name":"台灣大昌華嘉股份有限公司",
    "address":"堤頂大道２段407巷22號10樓",
    "district_code":63000100,
    "type":"其他",
    "subtype":"其他場所",
    "AED_location":"5F 大廳",
    "district":"內湖區"
    }
  },
  {
    "type": "Feature",
    "geometry": {
       "type": "Point",
       "coordinates":  [ 121.5637103,25.0811548 ]
    },
    "properties": {
    "name":"台灣大昌華嘉股份有限公司",
    "address":"堤頂大道２段407巷22號10樓",
    "district_code":63000100,
    "type":"其他",
    "subtype":"其他場所",
    "AED_location":"10F大廳",
    "district":"內湖區"
    }
  },
  {
    "type": "Feature",
    "geometry": {
       "type": "Point",
       "coordinates":  [ 121.51785,25.086207 ]
    },
    "properties": {
    "name":"臺北市士林區百齡國民小學",
    "address":"福港街205號",
    "district_code":63000110,
    "type":"其他",
    "subtype":"其他場所",
    "AED_location":"百齡國小健康中心內",
    "district":"士林區"
    }
  },
  {
    "type": "Feature",
    "geometry": {
       "type": "Point",
       "coordinates":  [ 121.5439625,25.0595347 ]
    },
    "properties": {
    "name":"新驛旅店復興北路店",
    "address":"復興北路338號",
    "district_code":63000040,
    "type":"旅宿場所",
    "subtype":"旅館",
    "AED_location":"旅店1樓辦公室",
    "district":"中山區"
    }
  },
  {
    "type": "Feature",
    "geometry": {
       "type": "Point",
       "coordinates":  [ 121.497964,25.030891 ]
    },
    "properties": {
    "name":"臺北市萬華區雙園國民小學",
    "address":"莒光路315號",
    "district_code":63000070,
    "type":"其他",
    "subtype":"其他場所",
    "AED_location":"警衛室進門處",
    "district":"萬華區"
    }
  },
  {
    "type": "Feature",
    "geometry": {
       "type": "Point",
       "coordinates":  [ 121.492646,25.027554 ]
    },
    "properties": {
    "name":"臺北市立雙園國民中學",
    "address":"興義街2號",
    "district_code":63000070,
    "type":"學校、大型集會場所",
    "subtype":"國中",
    "AED_location":"大門警衛室旁",
    "district":"萬華區"
    }
  },
  {
    "type": "Feature",
    "geometry": {
       "type": "Point",
       "coordinates":  [ 121.5519283,25.0298352 ]
    },
    "properties": {
    "name":"臺北市立人國際國民中小學",
    "address":"安和路二段99號",
    "district_code":63000030,
    "type":"學校、大型集會場所",
    "subtype":"國小",
    "AED_location":"中央川堂",
    "district":"大安區"
    }
  },
  {
    "type": "Feature",
    "geometry": {
       "type": "Point",
       "coordinates":  [ 121.513103,25.038561 ]
    },
    "properties": {
    "name":"臺北市立第一女子高級中學",
    "address":"重慶南路一段165號",
    "district_code":63000050,
    "type":"學校、大型集會場所",
    "subtype":"高中職",
    "AED_location":"至善樓扇形廣場",
    "district":"中正區"
    }
  },
  {
    "type": "Feature",
    "geometry": {
       "type": "Point",
       "coordinates":  [ 121.519872,25.042141 ]
    },
    "properties": {
    "name":"臺北市中正區河堤國民小學",
    "address":"汀州路2段180號",
    "district_code":63000050,
    "type":"其他",
    "subtype":"其他場所",
    "AED_location":"河堤國小警衛室外牆",
    "district":"中正區"
    }
  },
  {
    "type": "Feature",
    "geometry": {
       "type": "Point",
       "coordinates":  [ 121.579487,25.04308 ]
    },
    "properties": {
    "name":"臺北市信義區雙永國民小學",
    "address":"松山路287巷5號",
    "district_code":63000020,
    "type":"其他",
    "subtype":"其他場所",
    "AED_location":"體育器材室走廊",
    "district":"信義區"
    }
  },
  {
    "type": "Feature",
    "geometry": {
       "type": "Point",
       "coordinates":  [ 121.586144,25.03682 ]
    },
    "properties": {
    "name":"臺北市立?公國民中學",
    "address":"福德街221巷15號",
    "district_code":63000020,
    "type":"其他",
    "subtype":"其他場所",
    "AED_location":"健康中心外走廊",
    "district":"信義區"
    }
  },
  {
    "type": "Feature",
    "geometry": {
       "type": "Point",
       "coordinates":  [ 121.5340184,25.0636234 ]
    },
    "properties": {
    "name":"臺北市中山地政事務所",
    "address":"臺北市中山區松江路357巷1號",
    "district_code":63000040,
    "type":"其他",
    "subtype":"其他場所",
    "AED_location":"臺北市中山地政事務所1樓洽公大廳",
    "district":"中山區"
    }
  },
  {
    "type": "Feature",
    "geometry": {
       "type": "Point",
       "coordinates":  [ 121.515826,25.032884 ]
    },
    "properties": {
    "name":"內政部警政署保安警察第六總隊",
    "address":"南昌路一段10號",
    "district_code":63000050,
    "type":"其他",
    "subtype":"其他場所",
    "AED_location":"保六總隊大樓1樓大廳",
    "district":"中正區"
    }
  },
  {
    "type": "Feature",
    "geometry": {
       "type": "Point",
       "coordinates":  [ 121.51515,25.059009 ]
    },
    "properties": {
    "name":"臺灣新文化運動紀念館",
    "address":"寧夏路87號",
    "district_code":63000060,
    "type":"大型休閒場所",
    "subtype":"博物館",
    "AED_location":"1樓遊客休憩區",
    "district":"大同區"
    }
  },
  {
    "type": "Feature",
    "geometry": {
       "type": "Point",
       "coordinates":  [ 121.526287,25.078611 ]
    },
    "properties": {
    "name":"財團法人臺灣敦睦聯誼會所屬作業組織圓山大飯店",
    "address":"中山北路4段1巷1號",
    "district_code":63000040,
    "type":"旅宿場所",
    "subtype":"旅館",
    "AED_location":"聯誼會健身房",
    "district":"中山區"
    }
  },
  {
    "type": "Feature",
    "geometry": {
       "type": "Point",
       "coordinates":  [ 121.568125,25.028601 ]
    },
    "properties": {
    "name":"臺北市立信義國民中學",
    "address":"松仁路158巷1號",
    "district_code":63000020,
    "type":"其他",
    "subtype":"其他場所",
    "AED_location":"信義國中門口警衛室",
    "district":"信義區"
    }
  },
  {
    "type": "Feature",
    "geometry": {
       "type": "Point",
       "coordinates":  [ 121.526235,25.019355 ]
    },
    "properties": {
    "name":"臺北市立螢橋國民中學",
    "address":"汀州路三段4號",
    "district_code":63000050,
    "type":"學校、大型集會場所",
    "subtype":"國中",
    "AED_location":"螢橋國中學務處前走廊",
    "district":"中正區"
    }
  },
  {
    "type": "Feature",
    "geometry": {
       "type": "Point",
       "coordinates":  [ 121.589172,25.069294 ]
    },
    "properties": {
    "name":"臺北市內湖區戶政事務所",
    "address":"民權東路六段99號三樓",
    "district_code":63000100,
    "type":"其他",
    "subtype":"其他場所",
    "AED_location":"3樓入口服務臺旁",
    "district":"內湖區"
    }
  },
  {
    "type": "Feature",
    "geometry": {
       "type": "Point",
       "coordinates":  [ 121.5374948,25.03969 ]
    },
    "properties": {
    "name":"台北市建國假日玉市A區",
    "address":"建國南路一段高架橋下第五橋孔",
    "district_code":63000030,
    "type":"大型購物場所",
    "subtype":"商場",
    "AED_location":"台北市建國假日玉市A區服務台",
    "district":"大安區"
    }
  },
  {
    "type": "Feature",
    "geometry": {
       "type": "Point",
       "coordinates":  [ 121.53191,25.045059 ]
    },
    "properties": {
    "name":"光華數位新天地",
    "address":"市民大道三段8號",
    "district_code":63000050,
    "type":"大型購物場所",
    "subtype":"商場",
    "AED_location":"一樓服務台",
    "district":"中正區"
    }
  },
  {
    "type": "Feature",
    "geometry": {
       "type": "Point",
       "coordinates":  [ 121.5819729,25.03772618 ]
    },
    "properties": {
    "name":"臺北市信義區戶政事務所",
    "address":"福德街86號6樓",
    "district_code":63000020,
    "type":"其他",
    "subtype":"其他場所",
    "AED_location":"信義區行政中心6樓戶政事務所",
    "district":"信義區"
    }
  },
  {
    "type": "Feature",
    "geometry": {
       "type": "Point",
       "coordinates":  [ 121.5127069,25.04715446 ]
    },
    "properties": {
    "name":"凱基證券股份有限公司(宏啟大樓13樓)",
    "address":"忠孝西路1段100號13樓",
    "district_code":63000050,
    "type":"其他",
    "subtype":"其他場所",
    "AED_location":"13樓梯廳",
    "district":"中正區"
    }
  },
  {
    "type": "Feature",
    "geometry": {
       "type": "Point",
       "coordinates":  [ 121.5108887,25.0304771 ]
    },
    "properties": {
    "name":"臺北市國語實驗國民小學",
    "address":"南海路58號",
    "district_code":63000050,
    "type":"其他",
    "subtype":"其他場所",
    "AED_location":"游泳池",
    "district":"中正區"
    }
  },
  {
    "type": "Feature",
    "geometry": {
       "type": "Point",
       "coordinates":  [ 121.517648,25.114535 ]
    },
    "properties": {
    "name":"財團法人伊甸社會福利基金會附設臺北市私立頤福社區式長期照顧服務機構",
    "address":"裕民六路120號3樓",
    "district_code":63000120,
    "type":"其他",
    "subtype":"其他場所",
    "AED_location":"臺北市北投區裕民六路120號3樓",
    "district":"北投區"
    }
  },
  {
    "type": "Feature",
    "geometry": {
       "type": "Point",
       "coordinates":  [ 121.5233404,25.0629726 ]
    },
    "properties": {
    "name":"燦路都飯店",
    "address":"民權東路一段9號",
    "district_code":63000040,
    "type":"旅宿場所",
    "subtype":"旅館",
    "AED_location":"1樓大廳",
    "district":"中山區"
    }
  },
  {
    "type": "Feature",
    "geometry": {
       "type": "Point",
       "coordinates":  [ 121.578054,25.049263 ]
    },
    "properties": {
    "name":"國營臺灣鐵路股份有限公司北區營運處臺北運務段松山站",
    "address":"永吉里松山路11號",
    "district_code":63000020,
    "type":"交通要衝",
    "subtype":"台鐵車站",
    "AED_location":"松山車站B1F東剪票口",
    "district":"信義區"
    }
  },
  {
    "type": "Feature",
    "geometry": {
       "type": "Point",
       "coordinates":  [ 121.5121508,25.0563616 ]
    },
    "properties": {
    "name":"星聚點壹號文創股份有限公司延平分公司",
    "address":"延平北路二段83號",
    "district_code":63000060,
    "type":"大型休閒場所",
    "subtype":"視聽歌唱場所",
    "AED_location":"左手處櫃台",
    "district":"大同區"
    }
  },
  {
    "type": "Feature",
    "geometry": {
       "type": "Point",
       "coordinates":  [ 121.5491942,25.03119634 ]
    },
    "properties": {
    "name":"植健身 敦南店",
    "address":"敦化南路二段59號B1",
    "district_code":63000030,
    "type":"學校、大型集會場所",
    "subtype":"健身房",
    "AED_location":"地下一樓休息區（按摩床旁）",
    "district":"大安區"
    }
  },
  {
    "type": "Feature",
    "geometry": {
       "type": "Point",
       "coordinates":  [ 121.53565,25.04246 ]
    },
    "properties": {
    "name":"國立臺北科技大學",
    "address":"忠孝東路3 段1號",
    "district_code":63000030,
    "type":"學校、大型集會場所",
    "subtype":"大專院校",
    "AED_location":"行政大樓一樓電梯旁",
    "district":"大安區"
    }
  },
  {
    "type": "Feature",
    "geometry": {
       "type": "Point",
       "coordinates":  [ 121.53565,25.04246 ]
    },
    "properties": {
    "name":"國立臺北科技大學",
    "address":"忠孝東路3 段1號",
    "district_code":63000030,
    "type":"學校、大型集會場所",
    "subtype":"大專院校",
    "AED_location":"先鋒國際研發大樓9樓",
    "district":"大安區"
    }
  },
  {
    "type": "Feature",
    "geometry": {
       "type": "Point",
       "coordinates":  [ 121.567807,24.99154 ]
    },
    "properties": {
    "name":"臺北市立文山特殊教育學校",
    "address":"秀明路一段169號",
    "district_code":63000080,
    "type":"學校、大型集會場所",
    "subtype":"高中職",
    "AED_location":"本校大廳",
    "district":"文山區"
    }
  },
  {
    "type": "Feature",
    "geometry": {
       "type": "Point",
       "coordinates":  [ 121.524397,25.105726 ]
    },
    "properties": {
    "name":"中鼎工程公司",
    "address":"中山北路六段89號",
    "district_code":63000110,
    "type":"其他",
    "subtype":"其他場所",
    "AED_location":"中鼎大樓10F觀景窗旁",
    "district":"士林區"
    }
  },
  {
    "type": "Feature",
    "geometry": {
       "type": "Point",
       "coordinates":  [ 121.526449,25.063005 ]
    },
    "properties": {
    "name":"臺北市中山區中山國民小學",
    "address":"民權東路1段69號",
    "district_code":63000040,
    "type":"其他",
    "subtype":"其他場所",
    "AED_location":"一樓川堂",
    "district":"中山區"
    }
  },
  {
    "type": "Feature",
    "geometry": {
       "type": "Point",
       "coordinates":  [ 121.574283,24.9990355 ]
    },
    "properties": {
    "name":"BELIEF_IT運動工作室",
    "address":"和平東路四段389號1樓",
    "district_code":63000080,
    "type":"學校、大型集會場所",
    "subtype":"健身房",
    "AED_location":"櫃檯前方",
    "district":"文山區"
    }
  },
  {
    "type": "Feature",
    "geometry": {
       "type": "Point",
       "coordinates":  [ 121.523137,25.10841 ]
    },
    "properties": {
    "name":"臺北市士林區蘭雅國民小學",
    "address":"磺溪街57號",
    "district_code":63000110,
    "type":"其他",
    "subtype":"其他場所",
    "AED_location":"蘭雅國民小學 一樓穿堂",
    "district":"士林區"
    }
  },
  {
    "type": "Feature",
    "geometry": {
       "type": "Point",
       "coordinates":  [ 121.509312,25.086201 ]
    },
    "properties": {
    "name":"Curves社子延北店",
    "address":"延平北路五段307號2樓",
    "district_code":63000110,
    "type":"學校、大型集會場所",
    "subtype":"健身房",
    "AED_location":"健身中心",
    "district":"士林區"
    }
  },
  {
    "type": "Feature",
    "geometry": {
       "type": "Point",
       "coordinates":  [ 121.514709,25.097094 ]
    },
    "properties": {
    "name":"臺北市立兒童新樂園",
    "address":"承德路5段55號",
    "district_code":63000110,
    "type":"觀光旅遊地區",
    "subtype":"民營遊樂業",
    "AED_location":"1樓停車場停管室旁",
    "district":"士林區"
    }
  },
  {
    "type": "Feature",
    "geometry": {
       "type": "Point",
       "coordinates":  [ 121.527219,25.097215 ]
    },
    "properties": {
    "name":"Curves可爾姿士林店",
    "address":"中山北路五段687號2樓之1",
    "district_code":63000110,
    "type":"學校、大型集會場所",
    "subtype":"健身房",
    "AED_location":"臺北市士林區中山北路五段687號2樓之1",
    "district":"士林區"
    }
  },
  {
    "type": "Feature",
    "geometry": {
       "type": "Point",
       "coordinates":  [ 121.5202,25.092605 ]
    },
    "properties": {
    "name":"特力屋股份有限公司士林分公司",
    "address":"基河路258號1F",
    "district_code":63000110,
    "type":"大型購物場所",
    "subtype":"賣場",
    "AED_location":"1F入口處",
    "district":"士林區"
    }
  },
  {
    "type": "Feature",
    "geometry": {
       "type": "Point",
       "coordinates":  [ 121.528413,25.057314 ]
    },
    "properties": {
    "name":"臺北市中山老人住宅暨服務中心",
    "address":"新生北路2段101巷2號",
    "district_code":63000040,
    "type":"其他",
    "subtype":"其他場所",
    "AED_location":"1F大廳接待區",
    "district":"中山區"
    }
  },
  {
    "type": "Feature",
    "geometry": {
       "type": "Point",
       "coordinates":  [ 121.560518,25.051912 ]
    },
    "properties": {
    "name":"森蒲有限公司（Energym)",
    "address":"南京東路五段123巷1弄4號1F",
    "district_code":63000010,
    "type":"學校、大型集會場所",
    "subtype":"健身房",
    "AED_location":"訓練區內",
    "district":"松山區"
    }
  },
  {
    "type": "Feature",
    "geometry": {
       "type": "Point",
       "coordinates":  [ 121.543218,25.051672 ]
    },
    "properties": {
    "name":"Curves女性專用30分鐘健身中心南京復興店",
    "address":"南京東路三段208號五樓",
    "district_code":63000040,
    "type":"學校、大型集會場所",
    "subtype":"健身房",
    "AED_location":"伸展區右方",
    "district":"中山區"
    }
  },
  {
    "type": "Feature",
    "geometry": {
       "type": "Point",
       "coordinates":  [ 121.614302,25.057111 ]
    },
    "properties": {
    "name":"世正南軟大樓",
    "address":"三重路66號2樓",
    "district_code":63000090,
    "type":"其他",
    "subtype":"其他場所",
    "AED_location":"台北市南港區三重路66號2樓服務台旁",
    "district":"南港區"
    }
  },
  {
    "type": "Feature",
    "geometry": {
       "type": "Point",
       "coordinates":  [ 121.5285113,25.0412035 ]
    },
    "properties": {
    "name":"國立臺灣文學館 臺北分館（臺灣文學基地）",
    "address":"濟南路二段27號",
    "district_code":63000050,
    "type":"大型休閒場所",
    "subtype":"博物館",
    "AED_location":"悅讀館",
    "district":"中正區"
    }
  },
  {
    "type": "Feature",
    "geometry": {
       "type": "Point",
       "coordinates":  [ 121.5744552,25.0269 ]
    },
    "properties": {
    "name":"象山步道",
    "address":"象山步道",
    "district_code":63000020,
    "type":"觀光旅遊地區",
    "subtype":"全區域",
    "AED_location":"象山步道-攝手平台",
    "district":"信義區"
    }
  },
  {
    "type": "Feature",
    "geometry": {
       "type": "Point",
       "coordinates":  [ 121.5744552,25.0269 ]
    },
    "properties": {
    "name":"象山步道",
    "address":"象山步道",
    "district_code":63000020,
    "type":"觀光旅遊地區",
    "subtype":"全區域",
    "AED_location":"六巨石",
    "district":"信義區"
    }
  },
  {
    "type": "Feature",
    "geometry": {
       "type": "Point",
       "coordinates":  [ 121.5744552,25.0269 ]
    },
    "properties": {
    "name":"象山步道",
    "address":"象山步道",
    "district_code":63000020,
    "type":"觀光旅遊地區",
    "subtype":"全區域",
    "AED_location":"六巨石往逸賢亭的交叉路口",
    "district":"信義區"
    }
  },
  {
    "type": "Feature",
    "geometry": {
       "type": "Point",
       "coordinates":  [ 121.5744552,25.0269 ]
    },
    "properties": {
    "name":"象山步道",
    "address":"象山步道",
    "district_code":63000020,
    "type":"觀光旅遊地區",
    "subtype":"全區域",
    "AED_location":"超然亭",
    "district":"信義區"
    }
  },
  {
    "type": "Feature",
    "geometry": {
       "type": "Point",
       "coordinates":  [ 121.5744552,25.0269 ]
    },
    "properties": {
    "name":"象山步道",
    "address":"象山步道",
    "district_code":63000020,
    "type":"觀光旅遊地區",
    "subtype":"全區域",
    "AED_location":"永春亭",
    "district":"信義區"
    }
  },
  {
    "type": "Feature",
    "geometry": {
       "type": "Point",
       "coordinates":  [ 121.5361642,25.0517133 ]
    },
    "properties": {
    "name":"維克訓練Victor’s Training",
    "address":"南京東路二段216號B1",
    "district_code":63000040,
    "type":"學校、大型集會場所",
    "subtype":"健身房",
    "AED_location":"場館顯眼位置",
    "district":"中山區"
    }
  },
  {
    "type": "Feature",
    "geometry": {
       "type": "Point",
       "coordinates":  [ 121.515283,25.046245 ]
    },
    "properties": {
    "name":"新光人壽保險股份有限公司",
    "address":"忠孝西路一段66號",
    "district_code":63000050,
    "type":"其他",
    "subtype":"其他場所",
    "AED_location":"一樓大廳左側",
    "district":"中正區"
    }
  },
  {
    "type": "Feature",
    "geometry": {
       "type": "Point",
       "coordinates":  [ 121.5611154,25.0516691 ]
    },
    "properties": {
    "name":"新光人壽保險股份有限公司_松山金融大樓",
    "address":"南京東路五段125號11樓",
    "district_code":63000010,
    "type":"其他",
    "subtype":"其他場所",
    "AED_location":"台北市松山區南京東路五段125號",
    "district":"松山區"
    }
  },
  {
    "type": "Feature",
    "geometry": {
       "type": "Point",
       "coordinates":  [ 121.5607501,24.9877892 ]
    },
    "properties": {
    "name":"臺北市立文山幼兒園",
    "address":"興隆路4段105巷1號",
    "district_code":63000080,
    "type":"其他",
    "subtype":"其他場所",
    "AED_location":"本園側門入口處",
    "district":"文山區"
    }
  },
  {
    "type": "Feature",
    "geometry": {
       "type": "Point",
       "coordinates":  [ 121.520526,25.052429 ]
    },
    "properties": {
    "name":"臺北捷運中山地下街",
    "address":"南京西路16號B1樓",
    "district_code":63000040,
    "type":"大型購物場所",
    "subtype":"地下街",
    "AED_location":"中山地下街書街R8逃生出口旁",
    "district":"中山區"
    }
  },
  {
    "type": "Feature",
    "geometry": {
       "type": "Point",
       "coordinates":  [ 121.512548,25.057081 ]
    },
    "properties": {
    "name":"新芳春茶行",
    "address":"民生西路309號",
    "district_code":63000060,
    "type":"大型休閒場所",
    "subtype":"博物館",
    "AED_location":"新芳春茶行",
    "district":"大同區"
    }
  },
  {
    "type": "Feature",
    "geometry": {
       "type": "Point",
       "coordinates":  [ 121.513866,25.063802 ]
    },
    "properties": {
    "name":"臺北市立民權國民中學",
    "address":"重慶北路3段1號",
    "district_code":63000060,
    "type":"其他",
    "subtype":"其他場所",
    "AED_location":"民權國中校門口警衛室內沙發椅旁邊",
    "district":"大同區"
    }
  },
  {
    "type": "Feature",
    "geometry": {
       "type": "Point",
       "coordinates":  [ 121.546424,25.041695 ]
    },
    "properties": {
    "name":"臺北捷運東區地下街",
    "address":"大安路1段77號地下1樓",
    "district_code":63000030,
    "type":"大型購物場所",
    "subtype":"地下街",
    "AED_location":"第四廣場10號出入口",
    "district":"大安區"
    }
  },
  {
    "type": "Feature",
    "geometry": {
       "type": "Point",
       "coordinates":  [ 121.608512,25.033608 ]
    },
    "properties": {
    "name":"臺北市立育成高級中學",
    "address":"重陽路366號",
    "district_code":63000090,
    "type":"學校、大型集會場所",
    "subtype":"高中職",
    "AED_location":"校門口1F穿堂",
    "district":"南港區"
    }
  },
  {
    "type": "Feature",
    "geometry": {
       "type": "Point",
       "coordinates":  [ 121.515185,25.043675 ]
    },
    "properties": {
    "name":"合作金庫資產管理股份有限公司",
    "address":"館前路77號3樓",
    "district_code":63000050,
    "type":"其他",
    "subtype":"其他場所",
    "AED_location":"合作金庫資產管理公司三樓辦公室",
    "district":"中正區"
    }
  },
  {
    "type": "Feature",
    "geometry": {
       "type": "Point",
       "coordinates":  [ 121.534885,25.023922 ]
    },
    "properties": {
    "name":"臺北巿大安區龍安國民小學",
    "address":"新生南路3段33號",
    "district_code":63000030,
    "type":"其他",
    "subtype":"其他場所",
    "AED_location":"台北市大安區龍安國民小學",
    "district":"大安區"
    }
  },
  {
    "type": "Feature",
    "geometry": {
       "type": "Point",
       "coordinates":  [ 121.512454,25.066047 ]
    },
    "properties": {
    "name":"臺北市大同區延平國民小學",
    "address":"昌吉街97號",
    "district_code":63000060,
    "type":"其他",
    "subtype":"其他場所",
    "AED_location":"學務處門旁",
    "district":"大同區"
    }
  },
  {
    "type": "Feature",
    "geometry": {
       "type": "Point",
       "coordinates":  [ 121.601146,25.072992 ]
    },
    "properties": {
    "name":"臺北市內湖區麗湖國民小學",
    "address":"金湖路363巷8號",
    "district_code":63000100,
    "type":"其他",
    "subtype":"其他場所",
    "AED_location":"1樓風雨操場(健康中心旁)",
    "district":"內湖區"
    }
  },
  {
    "type": "Feature",
    "geometry": {
       "type": "Point",
       "coordinates":  [ 121.601146,25.072992 ]
    },
    "properties": {
    "name":"臺北市內湖區麗湖國民小學",
    "address":"金湖路363巷8號",
    "district_code":63000100,
    "type":"其他",
    "subtype":"其他場所",
    "AED_location":"3樓游泳池",
    "district":"內湖區"
    }
  },
  {
    "type": "Feature",
    "geometry": {
       "type": "Point",
       "coordinates":  [ 121.5397017,25.0559733 ]
    },
    "properties": {
    "name":"甲山林湯旅(JSL HOTEL)",
    "address":"興安街60號",
    "district_code":63000040,
    "type":"旅宿場所",
    "subtype":"旅館",
    "AED_location":"一樓大廳",
    "district":"中山區"
    }
  },
  {
    "type": "Feature",
    "geometry": {
       "type": "Point",
       "coordinates":  [ 121.5405182,25.0043458 ]
    },
    "properties": {
    "name":"健身工廠萬隆廠",
    "address":"興隆路一段15號2樓",
    "district_code":63000080,
    "type":"大型休閒場所",
    "subtype":"運動場館(如小巨蛋)",
    "AED_location":"台北市文山區興隆路一段15號2樓",
    "district":"文山區"
    }
  },
  {
    "type": "Feature",
    "geometry": {
       "type": "Point",
       "coordinates":  [ 121.5522728,25.0301277 ]
    },
    "properties": {
    "name":"BEYOND FITNESS",
    "address":"安和路二段81號B1",
    "district_code":63000030,
    "type":"學校、大型集會場所",
    "subtype":"健身房",
    "AED_location":"櫃台旁櫃子",
    "district":"大安區"
    }
  },
  {
    "type": "Feature",
    "geometry": {
       "type": "Point",
       "coordinates":  [ 121.518102,25.076266 ]
    },
    "properties": {
    "name":"臺北市立重慶國民中學",
    "address":"敦煌路19號",
    "district_code":63000060,
    "type":"學校、大型集會場所",
    "subtype":"國中",
    "AED_location":"中庭/總務處外牆",
    "district":"大同區"
    }
  },
  {
    "type": "Feature",
    "geometry": {
       "type": "Point",
       "coordinates":  [ 121.569123,25.048408 ]
    },
    "properties": {
    "name":"藍陽國際有限公司",
    "address":"基隆路一段25號1樓",
    "district_code":63000020,
    "type":"學校、大型集會場所",
    "subtype":"健身房",
    "AED_location":"體能王區",
    "district":"信義區"
    }
  },
  {
    "type": "Feature",
    "geometry": {
       "type": "Point",
       "coordinates":  [ 121.537218,25.067471 ]
    },
    "properties": {
    "name":"臺北農產運銷股份有限公司",
    "address":"民族東路336號",
    "district_code":63000040,
    "type":"其他",
    "subtype":"其他場所",
    "AED_location":"5樓行政中心",
    "district":"中山區"
    }
  },
  {
    "type": "Feature",
    "geometry": {
       "type": "Point",
       "coordinates":  [ 121.518454,25.061177 ]
    },
    "properties": {
    "name":"臺北市立成淵高級中學",
    "address":"承德路2段235號",
    "district_code":63000060,
    "type":"學校、大型集會場所",
    "subtype":"高中職",
    "AED_location":"健康中心前走廊",
    "district":"大同區"
    }
  },
  {
    "type": "Feature",
    "geometry": {
       "type": "Point",
       "coordinates":  [ 121.552742,25.06369 ]
    },
    "properties": {
    "name":"交通部民用航空局臺北國際航空站(松山機場)",
    "address":"敦化北路340-9號",
    "district_code":63000010,
    "type":"交通要衝",
    "subtype":"機場",
    "AED_location":"國際線出境大廳自動查驗通關道後方",
    "district":"松山區"
    }
  },
  {
    "type": "Feature",
    "geometry": {
       "type": "Point",
       "coordinates":  [ 121.509089,25.033992 ]
    },
    "properties": {
    "name":"臺北市立南門國民中學",
    "address":"廣州街6號",
    "district_code":63000050,
    "type":"其他",
    "subtype":"其他場所",
    "AED_location":"南門國中",
    "district":"中正區"
    }
  },
  {
    "type": "Feature",
    "geometry": {
       "type": "Point",
       "coordinates":  [ 121.5336575,25.0672047 ]
    },
    "properties": {
    "name":"世方旅居文旅",
    "address":"松江路485號",
    "district_code":63000040,
    "type":"旅宿場所",
    "subtype":"旅館",
    "AED_location":"一樓大廳進門左手邊",
    "district":"中山區"
    }
  },
  {
    "type": "Feature",
    "geometry": {
       "type": "Point",
       "coordinates":  [ 121.5185486,25.0640643 ]
    },
    "properties": {
    "name":"樸苒安有限公司",
    "address":"承德路三段25號2.3樓",
    "district_code":63000060,
    "type":"學校、大型集會場所",
    "subtype":"健身中心",
    "AED_location":"櫃台左前方",
    "district":"大同區"
    }
  },
  {
    "type": "Feature",
    "geometry": {
       "type": "Point",
       "coordinates":  [ 121.5080496,25.0428894 ]
    },
    "properties": {
    "name":"永安棧 WESTGATEHOTEL",
    "address":"中華路一段150號",
    "district_code":63000070,
    "type":"旅宿場所",
    "subtype":"旅館",
    "AED_location":"中華路一段150號",
    "district":"萬華區"
    }
  },
  {
    "type": "Feature",
    "geometry": {
       "type": "Point",
       "coordinates":  [ 121.548432,25.10235 ]
    },
    "properties": {
    "name":"國立故宮博物院",
    "address":"至善路2段221號",
    "district_code":63000110,
    "type":"大型休閒場所",
    "subtype":"博物館",
    "AED_location":"第1展覽館1樓大廳",
    "district":"士林區"
    }
  },
  {
    "type": "Feature",
    "geometry": {
       "type": "Point",
       "coordinates":  [ 121.5406666,25.0522472 ]
    },
    "properties": {
    "name":"富驛時尚酒店",
    "address":"南京東路三段131號",
    "district_code":63000040,
    "type":"旅宿場所",
    "subtype":"旅館",
    "AED_location":"進門左側",
    "district":"中山區"
    }
  },
  {
    "type": "Feature",
    "geometry": {
       "type": "Point",
       "coordinates":  [ 121.539723,25.046957 ]
    },
    "properties": {
    "name":"第一商業銀行信用卡處(八德大樓)",
    "address":"八德路二段203號10樓",
    "district_code":63000040,
    "type":"其他",
    "subtype":"其他場所",
    "AED_location":"八德大樓10樓",
    "district":"中山區"
    }
  },
  {
    "type": "Feature",
    "geometry": {
       "type": "Point",
       "coordinates":  [ 121.5728493,25.04114669 ]
    },
    "properties": {
    "name":"柯旅天閣股份有限公司",
    "address":"忠孝東路五段297號",
    "district_code":63000020,
    "type":"旅宿場所",
    "subtype":"旅館",
    "AED_location":"交誼廳",
    "district":"信義區"
    }
  },
  {
    "type": "Feature",
    "geometry": {
       "type": "Point",
       "coordinates":  [ 121.482442,25.105869 ]
    },
    "properties": {
    "name":"臺北市士林區富安國民小學",
    "address":"延平北路8段135號",
    "district_code":63000110,
    "type":"其他",
    "subtype":"其他場所",
    "AED_location":"學校穿堂",
    "district":"士林區"
    }
  },
  {
    "type": "Feature",
    "geometry": {
       "type": "Point",
       "coordinates":  [ 121.5138259,25.0518459 ]
    },
    "properties": {
    "name":"承攜行旅台北重慶館",
    "address":"重慶北路一段62號",
    "district_code":63000060,
    "type":"旅宿場所",
    "subtype":"旅館",
    "AED_location":"旅館大廳",
    "district":"大同區"
    }
  },
  {
    "type": "Feature",
    "geometry": {
       "type": "Point",
       "coordinates":  [ 121.570012,25.0515071 ]
    },
    "properties": {
    "name":"城市商旅台北南東館",
    "address":"南京東路五段411號",
    "district_code":63000010,
    "type":"旅宿場所",
    "subtype":"旅館",
    "AED_location":"一樓大廳",
    "district":"松山區"
    }
  },
  {
    "type": "Feature",
    "geometry": {
       "type": "Point",
       "coordinates":  [ 121.5319808,25.0517577 ]
    },
    "properties": {
    "name":"希芙健康股份有限公司",
    "address":"南京東路二段100號",
    "district_code":63000040,
    "type":"大型休閒場所",
    "subtype":"運動場館(如小巨蛋)",
    "AED_location":"櫃台前方",
    "district":"中山區"
    }
  },
  {
    "type": "Feature",
    "geometry": {
       "type": "Point",
       "coordinates":  [ 121.5456185,25.0613514 ]
    },
    "properties": {
    "name":"中山國中星耀樓",
    "address":"民權東路三段106巷3弄2號",
    "district_code":63000010,
    "type":"大型休閒場所",
    "subtype":"運動場館(如小巨蛋)",
    "AED_location":"1樓電梯旁",
    "district":"松山區"
    }
  },
  {
    "type": "Feature",
    "geometry": {
       "type": "Point",
       "coordinates":  [ 121.5235742,25.0439639 ]
    },
    "properties": {
    "name":"台北時代寓所",
    "address":"幸福里林森南路7號",
    "district_code":63000050,
    "type":"旅宿場所",
    "subtype":"旅館",
    "AED_location":"本館3F健身房",
    "district":"中正區"
    }
  },
  {
    "type": "Feature",
    "geometry": {
       "type": "Point",
       "coordinates":  [ 121.5235742,25.0439639 ]
    },
    "properties": {
    "name":"台北時代寓所",
    "address":"幸福里林森南路7號",
    "district_code":63000050,
    "type":"旅宿場所",
    "subtype":"旅館",
    "AED_location":"本館大廳",
    "district":"中正區"
    }
  },
  {
    "type": "Feature",
    "geometry": {
       "type": "Point",
       "coordinates":  [ 121.5526449,25.0480759 ]
    },
    "properties": {
    "name":"阿樹國際旅店",
    "address":"八德路三段76號",
    "district_code":63000010,
    "type":"旅宿場所",
    "subtype":"飯店",
    "AED_location":"飯店4樓大廳",
    "district":"松山區"
    }
  },
  {
    "type": "Feature",
    "geometry": {
       "type": "Point",
       "coordinates":  [ 121.548432,25.10235 ]
    },
    "properties": {
    "name":"國立故宮博物院",
    "address":"至善路2段221號",
    "district_code":63000110,
    "type":"大型休閒場所",
    "subtype":"博物館",
    "AED_location":"至善園入口",
    "district":"士林區"
    }
  },
  {
    "type": "Feature",
    "geometry": {
       "type": "Point",
       "coordinates":  [ 121.576699,25.0384449 ]
    },
    "properties": {
    "name":"國揚健康事業有限公司",
    "address":"松德路65號B1",
    "district_code":63000020,
    "type":"學校、大型集會場所",
    "subtype":"健身中心",
    "AED_location":"右側入口",
    "district":"信義區"
    }
  },
  {
    "type": "Feature",
    "geometry": {
       "type": "Point",
       "coordinates":  [ 121.55342,25.05143 ]
    },
    "properties": {
    "name":"Curves 女性專用30分鐘健身中心南京小巨蛋店",
    "address":"南京東路4段50號4樓之2",
    "district_code":63000010,
    "type":"學校、大型集會場所",
    "subtype":"健身房",
    "AED_location":"伸展區前方",
    "district":"松山區"
    }
  },
  {
    "type": "Feature",
    "geometry": {
       "type": "Point",
       "coordinates":  [ 121.509983,25.024756 ]
    },
    "properties": {
    "name":"臺北市立古亭國民中學",
    "address":"中華路二段465號",
    "district_code":63000050,
    "type":"學校、大型集會場所",
    "subtype":"國中",
    "AED_location":"古亭國中一校健康中心門口",
    "district":"中正區"
    }
  },
  {
    "type": "Feature",
    "geometry": {
       "type": "Point",
       "coordinates":  [ 121.530225,25.0522811 ]
    },
    "properties": {
    "name":"第一華僑大飯店",
    "address":"南京東路二段63號",
    "district_code":63000040,
    "type":"旅宿場所",
    "subtype":"飯店",
    "AED_location":"進門後右前方",
    "district":"中山區"
    }
  },
  {
    "type": "Feature",
    "geometry": {
       "type": "Point",
       "coordinates":  [ 121.546995,25.057173 ]
    },
    "properties": {
    "name":"給力健身房民生店",
    "address":"民生東路三段128號B1",
    "district_code":63000010,
    "type":"學校、大型集會場所",
    "subtype":"健身房",
    "AED_location":"健身區",
    "district":"松山區"
    }
  },
  {
    "type": "Feature",
    "geometry": {
       "type": "Point",
       "coordinates":  [ 121.537452,25.054128 ]
    },
    "properties": {
    "name":"台新國際商業銀行建北分行",
    "address":"建國北路２段17號",
    "district_code":63000040,
    "type":"其他",
    "subtype":"其他場所",
    "AED_location":"分行大廳右側",
    "district":"中山區"
    }
  },
  {
    "type": "Feature",
    "geometry": {
       "type": "Point",
       "coordinates":  [ 121.550076,25.037574 ]
    },
    "properties": {
    "name":"台新國際商業銀行敦南分行",
    "address":"仁愛路四段118號1樓",
    "district_code":63000030,
    "type":"其他",
    "subtype":"其他場所",
    "AED_location":"分行主要出入口",
    "district":"大安區"
    }
  },
  {
    "type": "Feature",
    "geometry": {
       "type": "Point",
       "coordinates":  [ 121.574025,25.072963 ]
    },
    "properties": {
    "name":"台新國際商業銀行內湖大樓",
    "address":"舊宗路２段207號1樓",
    "district_code":63000100,
    "type":"其他",
    "subtype":"其他場所",
    "AED_location":"1樓大廳電梯旁",
    "district":"內湖區"
    }
  },
  {
    "type": "Feature",
    "geometry": {
       "type": "Point",
       "coordinates":  [ 121.555495,25.041196 ]
    },
    "properties": {
    "name":"台新國際商業銀行忠孝分行",
    "address":"忠孝東路４段282號1樓",
    "district_code":63000030,
    "type":"其他",
    "subtype":"其他場所",
    "AED_location":"忠孝分行1樓大廳",
    "district":"大安區"
    }
  },
  {
    "type": "Feature",
    "geometry": {
       "type": "Point",
       "coordinates":  [ 121.5615707,25.04216558 ]
    },
    "properties": {
    "name":"星宇航空股份有限公司",
    "address":"忠孝東路四段525號11樓",
    "district_code":63000020,
    "type":"長距離交通工具",
    "subtype":"航空器",
    "AED_location":"星宇客機B-58204",
    "district":"信義區"
    }
  },
  {
    "type": "Feature",
    "geometry": {
       "type": "Point",
       "coordinates":  [ 121.5615707,25.04216558 ]
    },
    "properties": {
    "name":"星宇航空股份有限公司",
    "address":"忠孝東路四段525號11樓",
    "district_code":63000020,
    "type":"長距離交通工具",
    "subtype":"航空器",
    "AED_location":"星宇客機B-58507",
    "district":"信義區"
    }
  },
  {
    "type": "Feature",
    "geometry": {
       "type": "Point",
       "coordinates":  [ 121.5615707,25.04216558 ]
    },
    "properties": {
    "name":"星宇航空股份有限公司",
    "address":"忠孝東路四段525號11樓",
    "district_code":63000020,
    "type":"長距離交通工具",
    "subtype":"航空器",
    "AED_location":"星宇客機B-58509",
    "district":"信義區"
    }
  },
  {
    "type": "Feature",
    "geometry": {
       "type": "Point",
       "coordinates":  [ 121.5142533,25.0522756 ]
    },
    "properties": {
    "name":"台北桃禧大飯店",
    "address":"重慶北路一段73號",
    "district_code":63000060,
    "type":"旅宿場所",
    "subtype":"飯店",
    "AED_location":"櫃台旁",
    "district":"大同區"
    }
  },
  {
    "type": "Feature",
    "geometry": {
       "type": "Point",
       "coordinates":  [ 121.534463,25.016323 ]
    },
    "properties": {
    "name":"國立臺灣大學(校總區)",
    "address":"羅斯福路4段1號",
    "district_code":63000030,
    "type":"學校、大型集會場所",
    "subtype":"大專院校",
    "AED_location":"戶外游泳池",
    "district":"大安區"
    }
  },
  {
    "type": "Feature",
    "geometry": {
       "type": "Point",
       "coordinates":  [ 121.53565,25.04246 ]
    },
    "properties": {
    "name":"國立臺北科技大學",
    "address":"忠孝東路3 段1號",
    "district_code":63000030,
    "type":"學校、大型集會場所",
    "subtype":"大專院校",
    "AED_location":"學生宿舍一舍電梯旁",
    "district":"大安區"
    }
  },
  {
    "type": "Feature",
    "geometry": {
       "type": "Point",
       "coordinates":  [ 121.506684,25.021782 ]
    },
    "properties": {
    "name":"青年公園",
    "address":"水源路199號-駐警隊",
    "district_code":63000070,
    "type":"其他",
    "subtype":"其他場所",
    "AED_location":"青年公園駐警室",
    "district":"萬華區"
    }
  },
  {
    "type": "Feature",
    "geometry": {
       "type": "Point",
       "coordinates":  [ 121.538749,25.136543 ]
    },
    "properties": {
    "name":"中國文化大學 大恩館",
    "address":"華岡路55號",
    "district_code":63000110,
    "type":"學校、大型集會場所",
    "subtype":"大專院校",
    "AED_location":"本校大孝館8樓",
    "district":"士林區"
    }
  },
  {
    "type": "Feature",
    "geometry": {
       "type": "Point",
       "coordinates":  [ 121.538749,25.136543 ]
    },
    "properties": {
    "name":"中國文化大學 大恩館",
    "address":"華岡路55號",
    "district_code":63000110,
    "type":"學校、大型集會場所",
    "subtype":"大專院校",
    "AED_location":"大義館",
    "district":"士林區"
    }
  },
  {
    "type": "Feature",
    "geometry": {
       "type": "Point",
       "coordinates":  [ 121.499544,25.036085 ]
    },
    "properties": {
    "name":"艋舺公園",
    "address":"西園路1段145號",
    "district_code":63000070,
    "type":"其他",
    "subtype":"其他場所",
    "AED_location":"艋舺公園駐警室",
    "district":"萬華區"
    }
  },
  {
    "type": "Feature",
    "geometry": {
       "type": "Point",
       "coordinates":  [ 121.53565,25.04246 ]
    },
    "properties": {
    "name":"國立臺北科技大學",
    "address":"忠孝東路3 段1號",
    "district_code":63000030,
    "type":"學校、大型集會場所",
    "subtype":"大專院校",
    "AED_location":"宏裕科技研究大樓1樓電梯旁",
    "district":"大安區"
    }
  },
  {
    "type": "Feature",
    "geometry": {
       "type": "Point",
       "coordinates":  [ 121.535496,25.030199 ]
    },
    "properties": {
    "name":"大安森林公園",
    "address":"新生南路2段1號",
    "district_code":63000030,
    "type":"其他",
    "subtype":"其他場所",
    "AED_location":"大安森林公園音樂台辦公室",
    "district":"大安區"
    }
  },
  {
    "type": "Feature",
    "geometry": {
       "type": "Point",
       "coordinates":  [ 121.538749,25.136543 ]
    },
    "properties": {
    "name":"中國文化大學 大恩館",
    "address":"華岡路55號",
    "district_code":63000110,
    "type":"學校、大型集會場所",
    "subtype":"大專院校",
    "AED_location":"本校大成館",
    "district":"士林區"
    }
  },
  {
    "type": "Feature",
    "geometry": {
       "type": "Point",
       "coordinates":  [ 121.536974,25.000662 ]
    },
    "properties": {
    "name":"臺北市古亭地政事務所",
    "address":"萬隆街47之12號3樓",
    "district_code":63000080,
    "type":"其他",
    "subtype":"其他場所",
    "AED_location":"本所3F入口處",
    "district":"文山區"
    }
  },
  {
    "type": "Feature",
    "geometry": {
       "type": "Point",
       "coordinates":  [ 121.4973483,25.03271143 ]
    },
    "properties": {
    "name":"和平青草園",
    "address":"西園路二段42號",
    "district_code":63000070,
    "type":"其他",
    "subtype":"其他場所",
    "AED_location":"和平青草園綠化教室門口",
    "district":"萬華區"
    }
  },
  {
    "type": "Feature",
    "geometry": {
       "type": "Point",
       "coordinates":  [ 121.506684,25.021782 ]
    },
    "properties": {
    "name":"青年公園",
    "address":"水源路199號-駐警隊",
    "district_code":63000070,
    "type":"其他",
    "subtype":"其他場所",
    "AED_location":"青年公園管理所辦公室",
    "district":"萬華區"
    }
  },
  {
    "type": "Feature",
    "geometry": {
       "type": "Point",
       "coordinates":  [ 121.514159,25.04184 ]
    },
    "properties": {
    "name":"二二八和平公園",
    "address":"懷寧街103號",
    "district_code":63000050,
    "type":"其他",
    "subtype":"其他場所",
    "AED_location":"二二八和平公園駐警室",
    "district":"中正區"
    }
  },
  {
    "type": "Feature",
    "geometry": {
       "type": "Point",
       "coordinates":  [ 121.53565,25.04246 ]
    },
    "properties": {
    "name":"國立臺北科技大學",
    "address":"忠孝東路3 段1號",
    "district_code":63000030,
    "type":"學校、大型集會場所",
    "subtype":"大專院校",
    "AED_location":"億光大樓",
    "district":"大安區"
    }
  },
  {
    "type": "Feature",
    "geometry": {
       "type": "Point",
       "coordinates":  [ 121.53565,25.04246 ]
    },
    "properties": {
    "name":"國立臺北科技大學",
    "address":"忠孝東路3 段1號",
    "district_code":63000030,
    "type":"學校、大型集會場所",
    "subtype":"大專院校",
    "AED_location":"忠孝東路警衛室",
    "district":"大安區"
    }
  },
  {
    "type": "Feature",
    "geometry": {
       "type": "Point",
       "coordinates":  [ 121.53565,25.04246 ]
    },
    "properties": {
    "name":"國立臺北科技大學",
    "address":"忠孝東路3 段1號",
    "district_code":63000030,
    "type":"學校、大型集會場所",
    "subtype":"大專院校",
    "AED_location":"衛生保健組",
    "district":"大安區"
    }
  },
  {
    "type": "Feature",
    "geometry": {
       "type": "Point",
       "coordinates":  [ 121.591476,25.045919 ]
    },
    "properties": {
    "name":"南港公園",
    "address":"東新街170之1號",
    "district_code":63000090,
    "type":"其他",
    "subtype":"其他場所",
    "AED_location":"南港公園駐警室內",
    "district":"南港區"
    }
  },
  {
    "type": "Feature",
    "geometry": {
       "type": "Point",
       "coordinates":  [ 121.508218,25.051223 ]
    },
    "properties": {
    "name":"臺北市立忠孝國民中學",
    "address":"西寧北路32號",
    "district_code":63000060,
    "type":"學校、大型集會場所",
    "subtype":"國中",
    "AED_location":"穿堂",
    "district":"大同區"
    }
  },
  {
    "type": "Feature",
    "geometry": {
       "type": "Point",
       "coordinates":  [ 121.513555,25.074304 ]
    },
    "properties": {
    "name":"臺北市立圖書館大同分館",
    "address":"重慶北路3段318號",
    "district_code":63000060,
    "type":"大型休閒場所",
    "subtype":"圖書館",
    "AED_location":"臺北市立圖書館大同分館入口處右側，服務台旁之牆面。",
    "district":"大同區"
    }
  },
  {
    "type": "Feature",
    "geometry": {
       "type": "Point",
       "coordinates":  [ 121.538908,24.998665 ]
    },
    "properties": {
    "name":"臺北市文山區志清國民小學",
    "address":"景福街21巷5號",
    "district_code":63000080,
    "type":"其他",
    "subtype":"其他場所",
    "AED_location":"川堂",
    "district":"文山區"
    }
  },
  {
    "type": "Feature",
    "geometry": {
       "type": "Point",
       "coordinates":  [ 121.61261,25.067415 ]
    },
    "properties": {
    "name":"臺北市立圖書館東湖分館",
    "address":"五分街6號",
    "district_code":63000100,
    "type":"大型休閒場所",
    "subtype":"圖書館",
    "AED_location":"圖書館大門口內",
    "district":"內湖區"
    }
  },
  {
    "type": "Feature",
    "geometry": {
       "type": "Point",
       "coordinates":  [ 121.563141,25.0587 ]
    },
    "properties": {
    "name":"臺北市立圖書館三民分館",
    "address":"民生東路5段163-1號5樓",
    "district_code":63000010,
    "type":"其他",
    "subtype":"其他場所",
    "AED_location":"5樓資訊檢索區",
    "district":"松山區"
    }
  },
  {
    "type": "Feature",
    "geometry": {
       "type": "Point",
       "coordinates":  [ 121.510873,25.082193 ]
    },
    "properties": {
    "name":"臺北市立圖書館葫蘆堵分館",
    "address":"延平北路五段136巷1號5樓",
    "district_code":63000110,
    "type":"大型休閒場所",
    "subtype":"圖書館",
    "AED_location":"5樓服務台後方",
    "district":"士林區"
    }
  },
  {
    "type": "Feature",
    "geometry": {
       "type": "Point",
       "coordinates":  [ 121.574145,25.048236 ]
    },
    "properties": {
    "name":"臺北市立永吉國民中學",
    "address":"松隆路161號",
    "district_code":63000020,
    "type":"其他",
    "subtype":"其他場所",
    "AED_location":"活動中心一樓，游泳池外川堂",
    "district":"信義區"
    }
  },
  {
    "type": "Feature",
    "geometry": {
       "type": "Point",
       "coordinates":  [ 121.616187,25.0589412 ]
    },
    "properties": {
    "name":"中國信託商業銀行",
    "address":"台北市南港區經貿二路168號1樓",
    "district_code":63000090,
    "type":"其他",
    "subtype":"其他場所",
    "AED_location":"A棟1樓大廳",
    "district":"南港區"
    }
  },
  {
    "type": "Feature",
    "geometry": {
       "type": "Point",
       "coordinates":  [ 121.616187,25.0589412 ]
    },
    "properties": {
    "name":"中國信託商業銀行",
    "address":"台北市南港區經貿二路168號1樓",
    "district_code":63000090,
    "type":"其他",
    "subtype":"其他場所",
    "AED_location":"經貿二路168號Ｃ棟１樓(服務台旁)",
    "district":"南港區"
    }
  },
  {
    "type": "Feature",
    "geometry": {
       "type": "Point",
       "coordinates":  [ 121.616187,25.0589412 ]
    },
    "properties": {
    "name":"中國信託商業銀行",
    "address":"台北市南港區經貿二路168號1樓",
    "district_code":63000090,
    "type":"其他",
    "subtype":"其他場所",
    "AED_location":"台北市南港區經貿二路188號1F",
    "district":"南港區"
    }
  },
  {
    "type": "Feature",
    "geometry": {
       "type": "Point",
       "coordinates":  [ 121.616187,25.0589412 ]
    },
    "properties": {
    "name":"中國信託商業銀行",
    "address":"台北市南港區經貿二路168號1樓",
    "district_code":63000090,
    "type":"其他",
    "subtype":"其他場所",
    "AED_location":"台北市南港區經貿二路168號2樓",
    "district":"南港區"
    }
  },
  {
    "type": "Feature",
    "geometry": {
       "type": "Point",
       "coordinates":  [ 121.616187,25.0589412 ]
    },
    "properties": {
    "name":"中國信託商業銀行",
    "address":"台北市南港區經貿二路168號1樓",
    "district_code":63000090,
    "type":"其他",
    "subtype":"其他場所",
    "AED_location":"經貿二路168號B棟3F",
    "district":"南港區"
    }
  },
  {
    "type": "Feature",
    "geometry": {
       "type": "Point",
       "coordinates":  [ 121.4907293,25.031361 ]
    },
    "properties": {
    "name":"長順區民活動中心",
    "address":"長順街臨127號",
    "district_code":63000070,
    "type":"其他",
    "subtype":"其他場所",
    "AED_location":"活動中心內",
    "district":"萬華區"
    }
  },
  {
    "type": "Feature",
    "geometry": {
       "type": "Point",
       "coordinates":  [ 121.5620206,25.0314202 ]
    },
    "properties": {
    "name":"臺北市信義公民會館（四四南村）",
    "address":"松勤街52號",
    "district_code":63000020,
    "type":"其他",
    "subtype":"其他場所",
    "AED_location":"入口大廳左側",
    "district":"信義區"
    }
  },
  {
    "type": "Feature",
    "geometry": {
       "type": "Point",
       "coordinates":  [ 121.6072083,25.05267019 ]
    },
    "properties": {
    "name":"潤泰旭展股份有限公司(CITYLINK南港店)",
    "address":"忠孝東路七段369號",
    "district_code":63000090,
    "type":"大型購物場所",
    "subtype":"商場",
    "AED_location":"C棟11F",
    "district":"南港區"
    }
  },
  {
    "type": "Feature",
    "geometry": {
       "type": "Point",
       "coordinates":  [ 121.522992,25.056177 ]
    },
    "properties": {
    "name":"第一商業銀行中山分行",
    "address":"中山北路二段61號",
    "district_code":63000040,
    "type":"其他",
    "subtype":"其他場所",
    "AED_location":"第一銀行中山分行營業廳",
    "district":"中山區"
    }
  },
  {
    "type": "Feature",
    "geometry": {
       "type": "Point",
       "coordinates":  [ 121.5204553,25.0891784 ]
    },
    "properties": {
    "name":"見潭璞旅",
    "address":"承德路四段250號",
    "district_code":63000110,
    "type":"旅宿場所",
    "subtype":"旅館",
    "AED_location":"旅館大廳",
    "district":"士林區"
    }
  },
  {
    "type": "Feature",
    "geometry": {
       "type": "Point",
       "coordinates":  [ 121.5256057,25.0769595 ]
    },
    "properties": {
    "name":"圓山步道",
    "address":"中山北路四段登山步道",
    "district_code":63000040,
    "type":"其他",
    "subtype":"其他場所",
    "AED_location":"初二觀景平台",
    "district":"中山區"
    }
  },
  {
    "type": "Feature",
    "geometry": {
       "type": "Point",
       "coordinates":  [ 121.5256057,25.0769595 ]
    },
    "properties": {
    "name":"圓山步道",
    "address":"中山北路四段登山步道",
    "district_code":63000040,
    "type":"其他",
    "subtype":"其他場所",
    "AED_location":"微風平台",
    "district":"中山區"
    }
  },
  {
    "type": "Feature",
    "geometry": {
       "type": "Point",
       "coordinates":  [ 121.5256057,25.0769595 ]
    },
    "properties": {
    "name":"圓山步道",
    "address":"中山北路四段登山步道",
    "district_code":63000040,
    "type":"其他",
    "subtype":"其他場所",
    "AED_location":"台北市中山區中山北路四段",
    "district":"中山區"
    }
  },
  {
    "type": "Feature",
    "geometry": {
       "type": "Point",
       "coordinates":  [ 121.530698,25.0431085 ]
    },
    "properties": {
    "name":"格拉斯麗台北飯店",
    "address":"忠孝東路二段89號3樓",
    "district_code":63000050,
    "type":"旅宿場所",
    "subtype":"飯店",
    "AED_location":"飯店3樓大廳禮賓桌旁",
    "district":"中正區"
    }
  },
  {
    "type": "Feature",
    "geometry": {
       "type": "Point",
       "coordinates":  [ 121.6099135,25.0522286 ]
    },
    "properties": {
    "name":"台北生技園區",
    "address":"忠孝東路七段508號2樓",
    "district_code":63000090,
    "type":"其他",
    "subtype":"其他場所",
    "AED_location":"2樓大廳",
    "district":"南港區"
    }
  },
  {
    "type": "Feature",
    "geometry": {
       "type": "Point",
       "coordinates":  [ 121.605437,25.0741169 ]
    },
    "properties": {
    "name":"?體能工作室",
    "address":"成功路五段79號",
    "district_code":63000100,
    "type":"其他",
    "subtype":"其他場所",
    "AED_location":"本館進門左側",
    "district":"內湖區"
    }
  },
  {
    "type": "Feature",
    "geometry": {
       "type": "Point",
       "coordinates":  [ 121.5256057,25.0769595 ]
    },
    "properties": {
    "name":"圓山步道",
    "address":"中山北路四段登山步道",
    "district_code":63000040,
    "type":"其他",
    "subtype":"其他場所",
    "AED_location":"老地方",
    "district":"中山區"
    }
  },
  {
    "type": "Feature",
    "geometry": {
       "type": "Point",
       "coordinates":  [ 121.5256057,25.0769595 ]
    },
    "properties": {
    "name":"圓山步道",
    "address":"中山北路四段登山步道",
    "district_code":63000040,
    "type":"其他",
    "subtype":"其他場所",
    "AED_location":"繁榮台北",
    "district":"中山區"
    }
  },
  {
    "type": "Feature",
    "geometry": {
       "type": "Point",
       "coordinates":  [ 121.554505,25.025907 ]
    },
    "properties": {
    "name":"臺北市私立喬治高級工商職業學校",
    "address":"基隆路二段155號",
    "district_code":63000020,
    "type":"學校、大型集會場所",
    "subtype":"高中職",
    "AED_location":"浩然樓1F實習處辦公室前",
    "district":"信義區"
    }
  },
  {
    "type": "Feature",
    "geometry": {
       "type": "Point",
       "coordinates":  [ 121.554505,25.025907 ]
    },
    "properties": {
    "name":"臺北市私立喬治高級工商職業學校",
    "address":"基隆路二段155號",
    "district_code":63000020,
    "type":"學校、大型集會場所",
    "subtype":"高中職",
    "AED_location":"霞雲樓1F梯廳",
    "district":"信義區"
    }
  },
  {
    "type": "Feature",
    "geometry": {
       "type": "Point",
       "coordinates":  [ 121.55231,25.101757 ]
    },
    "properties": {
    "name":"臺北市私立衛理女子高級中學",
    "address":"至善路2段321號",
    "district_code":63000110,
    "type":"學校、大型集會場所",
    "subtype":"高中職",
    "AED_location":"家長會辦公室外",
    "district":"士林區"
    }
  },
  {
    "type": "Feature",
    "geometry": {
       "type": "Point",
       "coordinates":  [ 121.55231,25.101757 ]
    },
    "properties": {
    "name":"臺北市私立衛理女子高級中學",
    "address":"至善路2段321號",
    "district_code":63000110,
    "type":"學校、大型集會場所",
    "subtype":"高中職",
    "AED_location":"桌球教室外面",
    "district":"士林區"
    }
  },
  {
    "type": "Feature",
    "geometry": {
       "type": "Point",
       "coordinates":  [ 121.572785,25.081045 ]
    },
    "properties": {
    "name":"強大肌力訓練中心有限公司",
    "address":"樂群二路265巷32號",
    "district_code":63000040,
    "type":"其他",
    "subtype":"其他場所",
    "AED_location":"台北市中山區樂群二路265巷32號 本中心櫃台上方",
    "district":"中山區"
    }
  },
  {
    "type": "Feature",
    "geometry": {
       "type": "Point",
       "coordinates":  [ 121.5133545,25.0458122 ]
    },
    "properties": {
    "name":"洛碁大飯店驛",
    "address":"黎明里重慶南路一段21號",
    "district_code":63000050,
    "type":"旅宿場所",
    "subtype":"旅館",
    "AED_location":"大廳座位區",
    "district":"中正區"
    }
  },
  {
    "type": "Feature",
    "geometry": {
       "type": "Point",
       "coordinates":  [ 121.563133,25.0397795 ]
    },
    "properties": {
    "name":"瀚寓酒店",
    "address":"基隆路一段206號",
    "district_code":63000020,
    "type":"旅宿場所",
    "subtype":"飯店",
    "AED_location":"酒店大廳",
    "district":"信義區"
    }
  },
  {
    "type": "Feature",
    "geometry": {
       "type": "Point",
       "coordinates":  [ 121.617555,25.05539 ]
    },
    "properties": {
    "name":"臺北捷運南港展覽館站BR24",
    "address":"南港路1段32號",
    "district_code":63000090,
    "type":"交通要衝",
    "subtype":"捷運站",
    "AED_location":"地下1樓",
    "district":"南港區"
    }
  },
  {
    "type": "Feature",
    "geometry": {
       "type": "Point",
       "coordinates":  [ 121.5243036,25.0658309 ]
    },
    "properties": {
    "name":"台北中山雅樂軒酒店",
    "address":"雙城街一號",
    "district_code":63000040,
    "type":"旅宿場所",
    "subtype":"飯店",
    "AED_location":"台北中山雅樂軒 - 一樓大廳電梯前方",
    "district":"中山區"
    }
  },
  {
    "type": "Feature",
    "geometry": {
       "type": "Point",
       "coordinates":  [ 121.519537,25.043902 ]
    },
    "properties": {
    "name":"立法院(中山南路1號)",
    "address":"中山南路1號",
    "district_code":63000050,
    "type":"學校、大型集會場所",
    "subtype":"立法院",
    "AED_location":"本院會客室",
    "district":"中正區"
    }
  },
  {
    "type": "Feature",
    "geometry": {
       "type": "Point",
       "coordinates":  [ 121.5357806,25.004467 ]
    },
    "properties": {
    "name":"煦陽適能空間",
    "address":"汀洲路四段173號1樓",
    "district_code":63000080,
    "type":"學校、大型集會場所",
    "subtype":"健身房",
    "AED_location":"櫃台",
    "district":"文山區"
    }
  },
  {
    "type": "Feature",
    "geometry": {
       "type": "Point",
       "coordinates":  [ 121.519537,25.043902 ]
    },
    "properties": {
    "name":"立法院(中山南路1號)",
    "address":"中山南路1號",
    "district_code":63000050,
    "type":"學校、大型集會場所",
    "subtype":"立法院",
    "AED_location":"醫務室",
    "district":"中正區"
    }
  },
  {
    "type": "Feature",
    "geometry": {
       "type": "Point",
       "coordinates":  [ 121.519895,25.043252 ]
    },
    "properties": {
    "name":"立法院(濟南路一段1號)",
    "address":"濟南路一段1號",
    "district_code":63000050,
    "type":"學校、大型集會場所",
    "subtype":"立法院",
    "AED_location":"群賢樓-1樓",
    "district":"中正區"
    }
  },
  {
    "type": "Feature",
    "geometry": {
       "type": "Point",
       "coordinates":  [ 121.5456185,25.0613514 ]
    },
    "properties": {
    "name":"中山國中星耀樓",
    "address":"民權東路三段106巷3弄2號",
    "district_code":63000010,
    "type":"大型休閒場所",
    "subtype":"運動場館(如小巨蛋)",
    "AED_location":"2樓電梯旁",
    "district":"松山區"
    }
  },
  {
    "type": "Feature",
    "geometry": {
       "type": "Point",
       "coordinates":  [ 121.5515828,25.0353243 ]
    },
    "properties": {
    "name":"畢人體能有限公司Berenfit",
    "address":"信義路四段199巷32號",
    "district_code":63000030,
    "type":"學校、大型集會場所",
    "subtype":"健身房",
    "AED_location":"健身房放鬆區",
    "district":"大安區"
    }
  },
  {
    "type": "Feature",
    "geometry": {
       "type": "Point",
       "coordinates":  [ 121.531661,25.022224 ]
    },
    "properties": {
    "name":"臺北市私立新民國民小學",
    "address":"辛亥路一段113號",
    "district_code":63000030,
    "type":"其他",
    "subtype":"其他場所",
    "AED_location":"學務處-健康中心",
    "district":"大安區"
    }
  },
  {
    "type": "Feature",
    "geometry": {
       "type": "Point",
       "coordinates":  [ 121.5705162,25.081453 ]
    },
    "properties": {
    "name":"力康健康事業股份有限公司",
    "address":"內湖路一段356號2樓",
    "district_code":63000100,
    "type":"其他",
    "subtype":"其他場所",
    "AED_location":"健康管理中心內",
    "district":"內湖區"
    }
  },
  {
    "type": "Feature",
    "geometry": {
       "type": "Point",
       "coordinates":  [ 121.5192037,25.1186138 ]
    },
    "properties": {
    "name":"力康運動醫學機構天母館",
    "address":"明德路365號學思樓3樓",
    "district_code":63000120,
    "type":"其他",
    "subtype":"其他場所",
    "AED_location":"運動教室",
    "district":"北投區"
    }
  },
  {
    "type": "Feature",
    "geometry": {
       "type": "Point",
       "coordinates":  [ 121.539156,25.004707 ]
    },
    "properties": {
    "name":"力康運動醫學機構萬隆館",
    "address":"羅斯福路五段127號1樓",
    "district_code":63000080,
    "type":"其他",
    "subtype":"其他場所",
    "AED_location":"本館教室內",
    "district":"文山區"
    }
  },
  {
    "type": "Feature",
    "geometry": {
       "type": "Point",
       "coordinates":  [ 121.56673,25.038021 ]
    },
    "properties": {
    "name":"新光三越百貨股份有限公司台北信義分公司二館",
    "address":"松高路12號",
    "district_code":63000020,
    "type":"大型購物場所",
    "subtype":"百貨業",
    "AED_location":"4F醫務室",
    "district":"信義區"
    }
  },
  {
    "type": "Feature",
    "geometry": {
       "type": "Point",
       "coordinates":  [ 121.5159794,25.1180834 ]
    },
    "properties": {
    "name":"維京健身工作室",
    "address":"義理街81號",
    "district_code":63000120,
    "type":"學校、大型集會場所",
    "subtype":"健身房",
    "AED_location":"大廳",
    "district":"北投區"
    }
  },
  {
    "type": "Feature",
    "geometry": {
       "type": "Point",
       "coordinates":  [ 121.512915,25.04606111 ]
    },
    "properties": {
    "name":"柯旅天閣股份有限公司開封分公司",
    "address":"開封街一段33號1樓",
    "district_code":63000050,
    "type":"旅宿場所",
    "subtype":"飯店",
    "AED_location":"本館大廳",
    "district":"中正區"
    }
  },
  {
    "type": "Feature",
    "geometry": {
       "type": "Point",
       "coordinates":  [ 121.533479,25.058616 ]
    },
    "properties": {
    "name":"英屬百慕達商友邦人壽保險股份有限公司台灣分公司(松江路)",
    "address":"松江路223號4樓",
    "district_code":63000040,
    "type":"其他",
    "subtype":"其他場所",
    "AED_location":"台北市松江路223號4樓",
    "district":"中山區"
    }
  },
  {
    "type": "Feature",
    "geometry": {
       "type": "Point",
       "coordinates":  [ 121.549117,25.022086 ]
    },
    "properties": {
    "name":"英屬百慕達商友邦人壽保險股份有限公司台灣分公司(敦化南路)",
    "address":"敦化南路二段333號17樓",
    "district_code":63000030,
    "type":"其他",
    "subtype":"其他場所",
    "AED_location":"台北市大安區敦化南路二段333號17樓",
    "district":"大安區"
    }
  },
  {
    "type": "Feature",
    "geometry": {
       "type": "Point",
       "coordinates":  [ 121.507287,25.040198 ]
    },
    "properties": {
    "name":"臺北市立文獻館",
    "address":"中華路一段174-1號",
    "district_code":63000070,
    "type":"大型休閒場所",
    "subtype":"博物館",
    "AED_location":"臺北市立文獻館",
    "district":"萬華區"
    }
  },
  {
    "type": "Feature",
    "geometry": {
       "type": "Point",
       "coordinates":  [ 121.607859,25.056498 ]
    },
    "properties": {
    "name":"臺北市立南港高級工業職業學校",
    "address":"興中路29號",
    "district_code":63000090,
    "type":"學校、大型集會場所",
    "subtype":"高中職",
    "AED_location":"教室區大樓1樓健康中心前走廊",
    "district":"南港區"
    }
  },
  {
    "type": "Feature",
    "geometry": {
       "type": "Point",
       "coordinates":  [ 121.514794,25.120313 ]
    },
    "properties": {
    "name":"國立陽明交通大學-陽明校區",
    "address":"立農街2段155號（陽明交通大學）",
    "district_code":63000120,
    "type":"學校、大型集會場所",
    "subtype":"大專院校",
    "AED_location":"陽明校區-軍艦岩親山步道入口",
    "district":"北投區"
    }
  },
  {
    "type": "Feature",
    "geometry": {
       "type": "Point",
       "coordinates":  [ 121.514794,25.120313 ]
    },
    "properties": {
    "name":"國立陽明交通大學-陽明校區",
    "address":"立農街2段155號（陽明交通大學）",
    "district_code":63000120,
    "type":"學校、大型集會場所",
    "subtype":"大專院校",
    "AED_location":"陽明校區守仁樓一樓駐警隊值班室",
    "district":"北投區"
    }
  },
  {
    "type": "Feature",
    "geometry": {
       "type": "Point",
       "coordinates":  [ 121.514794,25.120313 ]
    },
    "properties": {
    "name":"國立陽明交通大學-陽明校區",
    "address":"立農街2段155號（陽明交通大學）",
    "district_code":63000120,
    "type":"學校、大型集會場所",
    "subtype":"大專院校",
    "AED_location":"男一舍一樓門口",
    "district":"北投區"
    }
  },
  {
    "type": "Feature",
    "geometry": {
       "type": "Point",
       "coordinates":  [ 121.514794,25.120313 ]
    },
    "properties": {
    "name":"國立陽明交通大學-陽明校區",
    "address":"立農街2段155號（陽明交通大學）",
    "district_code":63000120,
    "type":"學校、大型集會場所",
    "subtype":"大專院校",
    "AED_location":"男五舍一樓門口外",
    "district":"北投區"
    }
  },
  {
    "type": "Feature",
    "geometry": {
       "type": "Point",
       "coordinates":  [ 121.514794,25.120313 ]
    },
    "properties": {
    "name":"國立陽明交通大學-陽明校區",
    "address":"立農街2段155號（陽明交通大學）",
    "district_code":63000120,
    "type":"學校、大型集會場所",
    "subtype":"大專院校",
    "AED_location":"陽明校區山頂操場",
    "district":"北投區"
    }
  },
  {
    "type": "Feature",
    "geometry": {
       "type": "Point",
       "coordinates":  [ 121.514794,25.120313 ]
    },
    "properties": {
    "name":"國立陽明交通大學-陽明校區",
    "address":"立農街2段155號（陽明交通大學）",
    "district_code":63000120,
    "type":"學校、大型集會場所",
    "subtype":"大專院校",
    "AED_location":"生物醫學大樓一樓外面風雨走廊",
    "district":"北投區"
    }
  },
  {
    "type": "Feature",
    "geometry": {
       "type": "Point",
       "coordinates":  [ 121.514794,25.120313 ]
    },
    "properties": {
    "name":"國立陽明交通大學-陽明校區",
    "address":"立農街2段155號（陽明交通大學）",
    "district_code":63000120,
    "type":"學校、大型集會場所",
    "subtype":"大專院校",
    "AED_location":"醫學二館一樓門口外",
    "district":"北投區"
    }
  },
  {
    "type": "Feature",
    "geometry": {
       "type": "Point",
       "coordinates":  [ 121.514794,25.120313 ]
    },
    "properties": {
    "name":"國立陽明交通大學-陽明校區",
    "address":"立農街2段155號（陽明交通大學）",
    "district_code":63000120,
    "type":"學校、大型集會場所",
    "subtype":"大專院校",
    "AED_location":"知行樓前棟，人社院一樓音前廳",
    "district":"北投區"
    }
  },
  {
    "type": "Feature",
    "geometry": {
       "type": "Point",
       "coordinates":  [ 121.514794,25.120313 ]
    },
    "properties": {
    "name":"國立陽明交通大學-陽明校區",
    "address":"立農街2段155號（陽明交通大學）",
    "district_code":63000120,
    "type":"學校、大型集會場所",
    "subtype":"大專院校",
    "AED_location":"實驗大樓一樓東側走廊",
    "district":"北投區"
    }
  },
  {
    "type": "Feature",
    "geometry": {
       "type": "Point",
       "coordinates":  [ 121.511471,25.061411 ]
    },
    "properties": {
    "name":"臺北市大同區太平國民小學",
    "address":"延平北路二段239號",
    "district_code":63000060,
    "type":"其他",
    "subtype":"其他場所",
    "AED_location":"行政大樓一樓",
    "district":"大同區"
    }
  },
  {
    "type": "Feature",
    "geometry": {
       "type": "Point",
       "coordinates":  [ 121.527675,25.032275 ]
    },
    "properties": {
    "name":"臺北市大安區金華國民小學",
    "address":"愛國東路79巷11號",
    "district_code":63000030,
    "type":"其他",
    "subtype":"其他場所",
    "AED_location":"川堂左側/警衛室門旁",
    "district":"大安區"
    }
  },
  {
    "type": "Feature",
    "geometry": {
       "type": "Point",
       "coordinates":  [ 121.616068,25.06916 ]
    },
    "properties": {
    "name":"臺北市內湖區東湖國民小學",
    "address":"東湖路115號",
    "district_code":63000100,
    "type":"其他",
    "subtype":"其他場所",
    "AED_location":"健康中心外走廊",
    "district":"內湖區"
    }
  },
  {
    "type": "Feature",
    "geometry": {
       "type": "Point",
       "coordinates":  [ 121.616068,25.06916 ]
    },
    "properties": {
    "name":"臺北市內湖區東湖國民小學",
    "address":"東湖路115號",
    "district_code":63000100,
    "type":"其他",
    "subtype":"其他場所",
    "AED_location":"穿堂",
    "district":"內湖區"
    }
  },
  {
    "type": "Feature",
    "geometry": {
       "type": "Point",
       "coordinates":  [ 121.554239,24.997535 ]
    },
    "properties": {
    "name":"中國科技大學臺北校區",
    "address":"興隆路3段56號",
    "district_code":63000080,
    "type":"學校、大型集會場所",
    "subtype":"大專院校",
    "AED_location":"中正樓2樓系辦公室門外",
    "district":"文山區"
    }
  },
  {
    "type": "Feature",
    "geometry": {
       "type": "Point",
       "coordinates":  [ 121.5494055,25.0523227 ]
    },
    "properties": {
    "name":"臺北嘉佩樂酒吧 Capella Glasshouse",
    "address":"敦化北路129號1F",
    "district_code":63000010,
    "type":"旅宿場所",
    "subtype":"旅館",
    "AED_location":"敦化北路129號1F",
    "district":"松山區"
    }
  },
  {
    "type": "Feature",
    "geometry": {
       "type": "Point",
       "coordinates":  [ 121.5034783,25.13661816 ]
    },
    "properties": {
    "name":"新北投車站",
    "address":"七星街1號1樓",
    "district_code":63000120,
    "type":"觀光旅遊地區",
    "subtype":"地方政府主管風景區",
    "AED_location":"車站展覽大廳",
    "district":"北投區"
    }
  },
  {
    "type": "Feature",
    "geometry": {
       "type": "Point",
       "coordinates":  [ 121.5499151,25.053229 ]
    },
    "properties": {
    "name":"臺北嘉佩樂酒店 Capella Taipei",
    "address":"敦化北路139號1-2,14樓",
    "district_code":63000010,
    "type":"旅宿場所",
    "subtype":"飯店",
    "AED_location":"酒店大廳1樓",
    "district":"松山區"
    }
  },
  {
    "type": "Feature",
    "geometry": {
       "type": "Point",
       "coordinates":  [ 121.498884,25.026663 ]
    },
    "properties": {
    "name":"臺北市萬華區西園國民小學",
    "address":"東園街73巷65號",
    "district_code":63000070,
    "type":"其他",
    "subtype":"其他場所",
    "AED_location":"書香樓一樓走廊(靠近警衛室)",
    "district":"萬華區"
    }
  },
  {
    "type": "Feature",
    "geometry": {
       "type": "Point",
       "coordinates":  [ 121.537344,25.118013 ]
    },
    "properties": {
    "name":"臺北市士林區三玉國民小學",
    "address":"天母東路116號",
    "district_code":63000110,
    "type":"其他",
    "subtype":"其他場所",
    "AED_location":"健康中心",
    "district":"士林區"
    }
  },
  {
    "type": "Feature",
    "geometry": {
       "type": "Point",
       "coordinates":  [ 121.529005,25.044983 ]
    },
    "properties": {
    "name":"光點華山電影館",
    "address":"八德路1段1號(中六電影館)",
    "district_code":63000050,
    "type":"大型休閒場所",
    "subtype":"電影片映演場所(戲院、電影院)",
    "AED_location":"光點華山電影館(售票櫃台)",
    "district":"中正區"
    }
  },
  {
    "type": "Feature",
    "geometry": {
       "type": "Point",
       "coordinates":  [ 121.495917,25.036439 ]
    },
    "properties": {
    "name":"臺北市萬華區龍山國民小學",
    "address":"和平西路3段235號",
    "district_code":63000070,
    "type":"其他",
    "subtype":"其他場所",
    "AED_location":"臺北市龍山國小健康中心",
    "district":"萬華區"
    }
  },
  {
    "type": "Feature",
    "geometry": {
       "type": "Point",
       "coordinates":  [ 121.501347,25.03346 ]
    },
    "properties": {
    "name":"臺北市勞動檢查處",
    "address":"艋舺大道101號7樓",
    "district_code":63000070,
    "type":"其他",
    "subtype":"其他場所",
    "AED_location":"7樓",
    "district":"萬華區"
    }
  },
  {
    "type": "Feature",
    "geometry": {
       "type": "Point",
       "coordinates":  [ 121.560265,25.03955 ]
    },
    "properties": {
    "name":"國立國父紀念館",
    "address":"仁愛路4段505號",
    "district_code":63000020,
    "type":"觀光旅遊地區",
    "subtype":"文化園區",
    "AED_location":"臨時辦公室-短棟近園區門內側",
    "district":"信義區"
    }
  },
  {
    "type": "Feature",
    "geometry": {
       "type": "Point",
       "coordinates":  [ 121.560265,25.03955 ]
    },
    "properties": {
    "name":"國立國父紀念館",
    "address":"仁愛路4段505號",
    "district_code":63000020,
    "type":"觀光旅遊地區",
    "subtype":"文化園區",
    "AED_location":"臨時辦公室-長棟服務台前",
    "district":"信義區"
    }
  },
  {
    "type": "Feature",
    "geometry": {
       "type": "Point",
       "coordinates":  [ 121.559302,25.043938 ]
    },
    "properties": {
    "name":"誠品生活股份有限公司松菸店",
    "address":"菸廠路88號",
    "district_code":63000020,
    "type":"大型購物場所",
    "subtype":"商場",
    "AED_location":"3F讀者服務中心",
    "district":"信義區"
    }
  },
  {
    "type": "Feature",
    "geometry": {
       "type": "Point",
       "coordinates":  [ 121.561219,25.03275 ]
    },
    "properties": {
    "name":"艾奕康工程顧問股份有限公司",
    "address":"信義路五段8號16樓",
    "district_code":63000020,
    "type":"其他",
    "subtype":"其他場所",
    "AED_location":"辦公室管制門內",
    "district":"信義區"
    }
  },
  {
    "type": "Feature",
    "geometry": {
       "type": "Point",
       "coordinates":  [ 121.5615707,25.04216558 ]
    },
    "properties": {
    "name":"星宇航空股份有限公司",
    "address":"忠孝東路四段525號11樓",
    "district_code":63000020,
    "type":"長距離交通工具",
    "subtype":"航空器",
    "AED_location":"星宇客機B-58510",
    "district":"信義區"
    }
  },
  {
    "type": "Feature",
    "geometry": {
       "type": "Point",
       "coordinates":  [ 121.534973,25.013651 ]
    },
    "properties": {
    "name":"臺北市水源劇場",
    "address":"羅斯福路四段92號10樓",
    "district_code":63000050,
    "type":"大型休閒場所",
    "subtype":"演藝廳",
    "AED_location":"水源劇場大廳走廊",
    "district":"中正區"
    }
  },
  {
    "type": "Feature",
    "geometry": {
       "type": "Point",
       "coordinates":  [ 121.5243036,25.0658309 ]
    },
    "properties": {
    "name":"台北中山雅樂軒酒店",
    "address":"雙城街一號",
    "district_code":63000040,
    "type":"旅宿場所",
    "subtype":"飯店",
    "AED_location":"台北中山雅樂軒16樓健身房",
    "district":"中山區"
    }
  },
  {
    "type": "Feature",
    "geometry": {
       "type": "Point",
       "coordinates":  [ 121.522844,25.053924 ]
    },
    "properties": {
    "name":"老爺大酒店股份有限公司",
    "address":"中山北路2段37-1號",
    "district_code":63000040,
    "type":"其他",
    "subtype":"其他場所",
    "AED_location":"在1樓大廳",
    "district":"中山區"
    }
  },
  {
    "type": "Feature",
    "geometry": {
       "type": "Point",
       "coordinates":  [ 121.5233558,25.0651017 ]
    },
    "properties": {
    "name":"GYM RULES 健身規則",
    "address":"農安街9號2樓",
    "district_code":63000040,
    "type":"學校、大型集會場所",
    "subtype":"健身房",
    "AED_location":"櫃台旁",
    "district":"中山區"
    }
  },
  {
    "type": "Feature",
    "geometry": {
       "type": "Point",
       "coordinates":  [ 121.559302,25.043938 ]
    },
    "properties": {
    "name":"誠品生活股份有限公司松菸店",
    "address":"菸廠路88號",
    "district_code":63000020,
    "type":"大型購物場所",
    "subtype":"商場",
    "AED_location":"B1F美食街手扶梯口",
    "district":"信義區"
    }
  },
  {
    "type": "Feature",
    "geometry": {
       "type": "Point",
       "coordinates":  [ 121.511306,25.062724 ]
    },
    "properties": {
    "name":"京站實業股份有限公司",
    "address":"承德路一段一號",
    "district_code":63000060,
    "type":"大型購物場所",
    "subtype":"百貨業",
    "AED_location":"1FQ1出入口",
    "district":"大同區"
    }
  },
  {
    "type": "Feature",
    "geometry": {
       "type": "Point",
       "coordinates":  [ 121.511306,25.062724 ]
    },
    "properties": {
    "name":"京站實業股份有限公司",
    "address":"承德路一段一號",
    "district_code":63000060,
    "type":"大型購物場所",
    "subtype":"百貨業",
    "AED_location":"B3東側",
    "district":"大同區"
    }
  },
  {
    "type": "Feature",
    "geometry": {
       "type": "Point",
       "coordinates":  [ 121.5327385,25.0511593 ]
    },
    "properties": {
    "name":"元大人壽金星大樓",
    "address":"(104)臺北市中山區松江路106號",
    "district_code":63000040,
    "type":"其他",
    "subtype":"其他場所",
    "AED_location":"1F信箱區",
    "district":"中山區"
    }
  },
  {
    "type": "Feature",
    "geometry": {
       "type": "Point",
       "coordinates":  [ 121.554239,24.997535 ]
    },
    "properties": {
    "name":"中國科技大學臺北校區",
    "address":"興隆路3段56號",
    "district_code":63000080,
    "type":"學校、大型集會場所",
    "subtype":"大專院校",
    "AED_location":"中國科技大學格致樓1樓大廳正門電視牆旁",
    "district":"文山區"
    }
  },
  {
    "type": "Feature",
    "geometry": {
       "type": "Point",
       "coordinates":  [ 121.542709,25.079202 ]
    },
    "properties": {
    "name":"臺北市立中山女子高級中學",
    "address":"長安東路2段141號",
    "district_code":63000040,
    "type":"學校、大型集會場所",
    "subtype":"高中職",
    "AED_location":"莊敬樓1樓入口",
    "district":"中山區"
    }
  },
  {
    "type": "Feature",
    "geometry": {
       "type": "Point",
       "coordinates":  [ 121.577094,24.99569 ]
    },
    "properties": {
    "name":"貓空纜車動物園站",
    "address":"新光路2段8號",
    "district_code":63000080,
    "type":"交通要衝",
    "subtype":"捷運站",
    "AED_location":"貓空纜車動物園站",
    "district":"文山區"
    }
  },
  {
    "type": "Feature",
    "geometry": {
       "type": "Point",
       "coordinates":  [ 121.587576,24.990172 ]
    },
    "properties": {
    "name":"貓空纜車動物園南站",
    "address":"新光路2段30-2號",
    "district_code":63000080,
    "type":"交通要衝",
    "subtype":"捷運站",
    "AED_location":"貓空纜車動物園南站",
    "district":"文山區"
    }
  },
  {
    "type": "Feature",
    "geometry": {
       "type": "Point",
       "coordinates":  [ 121.589698,24.979041 ]
    },
    "properties": {
    "name":"貓空纜車指南宮站",
    "address":"指南路3段157巷200號",
    "district_code":63000080,
    "type":"交通要衝",
    "subtype":"捷運站",
    "AED_location":"貓空纜車指南宮站",
    "district":"文山區"
    }
  },
  {
    "type": "Feature",
    "geometry": {
       "type": "Point",
       "coordinates":  [ 121.588297,24.968914 ]
    },
    "properties": {
    "name":"貓空纜車貓空站",
    "address":"指南路3段38巷35號",
    "district_code":63000080,
    "type":"交通要衝",
    "subtype":"捷運站",
    "AED_location":"貓空纜車貓空站",
    "district":"文山區"
    }
  },
  {
    "type": "Feature",
    "geometry": {
       "type": "Point",
       "coordinates":  [ 121.568976,25.040833 ]
    },
    "properties": {
    "name":"臺北市政府消防局信義分隊",
    "address":"松仁路1號",
    "district_code":63000020,
    "type":"其他",
    "subtype":"其他場所",
    "AED_location":"1樓值班室",
    "district":"信義區"
    }
  },
  {
    "type": "Feature",
    "geometry": {
       "type": "Point",
       "coordinates":  [ 121.513444,25.046998 ]
    },
    "properties": {
    "name":"臺北市政府消防局城中分隊",
    "address":"忠孝西路1段86號",
    "district_code":63000050,
    "type":"其他",
    "subtype":"其他場所",
    "AED_location":"1樓值班室",
    "district":"中正區"
    }
  },
  {
    "type": "Feature",
    "geometry": {
       "type": "Point",
       "coordinates":  [ 121.590343,25.069339 ]
    },
    "properties": {
    "name":"臺北市政府消防局防災科學教育館",
    "address":"成功路二段376號",
    "district_code":63000100,
    "type":"大型休閒場所",
    "subtype":"博物館",
    "AED_location":"1樓入口處",
    "district":"內湖區"
    }
  },
  {
    "type": "Feature",
    "geometry": {
       "type": "Point",
       "coordinates":  [ 121.566153,25.028846 ]
    },
    "properties": {
    "name":"臺北市災害應變中心",
    "address":"莊敬路391巷11弄2號(臺北市災害應變中心)",
    "district_code":63000020,
    "type":"其他",
    "subtype":"其他場所",
    "AED_location":"5樓整備應變科門口",
    "district":"信義區"
    }
  },
  {
    "type": "Feature",
    "geometry": {
       "type": "Point",
       "coordinates":  [ 121.542709,25.079202 ]
    },
    "properties": {
    "name":"臺北市立中山女子高級中學",
    "address":"長安東路2段141號",
    "district_code":63000040,
    "type":"學校、大型集會場所",
    "subtype":"高中職",
    "AED_location":"逸仙樓一樓",
    "district":"中山區"
    }
  }
]
}