{
   "type": "FeatureCollection",
   "features": [
  {
    "type": "Feature",
    "geometry": {
       "type": "Point",
       "coordinates":  [ 121.5097732544,25.069278717 ]
    },
    "properties": {
    "機構名稱":"(基隆)亞捷汽車租賃股份有限公司",
    "機構代碼":"BA0100038",
    "機構種類":"BA",
    "縣市":"臺北市",
    "區":"士林區",
    "地址全址":"臺北市士林區中正路499號1樓",
    "O_ABC":"B",
    "特約服務項目":"交通接送服務(DA01);社區式交通接送服務(BD03)"
    }
  },
  {
    "type": "Feature",
    "geometry": {
       "type": "Point",
       "coordinates":  [ 121.5569610596,25.0517578125 ]
    },
    "properties": {
    "機構名稱":"(基隆)金旺租賃有限公司",
    "機構代碼":"BA0100039",
    "機構種類":"BA",
    "縣市":"臺北市",
    "區":"松山區",
    "地址全址":"臺北市松山區南京東路四段197號7樓",
    "O_ABC":"B",
    "特約服務項目":"社區式交通接送服務(BD03);交通接送服務(DA01)"
    }
  },
  {
    "type": "Feature",
    "geometry": {
       "type": "Point",
       "coordinates":  [ 121.5900726318,25.0484714508 ]
    },
    "properties": {
    "機構名稱":"(基隆市)大豐國際租賃有限公司",
    "機構代碼":"BA0100053",
    "機構種類":"BA",
    "縣市":"臺北市",
    "區":"南港區",
    "地址全址":"臺北市南港區忠孝東路六段278巷23弄14號1樓",
    "O_ABC":"B",
    "特約服務項目":"交通接送服務(DA01);社區式交通接送服務(BD03)"
    }
  },
  {
    "type": "Feature",
    "geometry": {
       "type": "Point",
       "coordinates":  [ 121.5616760254,24.9847507477 ]
    },
    "properties": {
    "機構名稱":"(新北)三合利計程車客運有限公司",
    "機構代碼":"BA0100037",
    "機構種類":"BA",
    "縣市":"臺北市",
    "區":"文山區",
    "地址全址":"臺北市文山區興隆路四段151號3樓之4",
    "O_ABC":"B",
    "特約服務項目":"交通接送服務(DA01)"
    }
  },
  {
    "type": "Feature",
    "geometry": {
       "type": "Point",
       "coordinates":  [ 121.552986145,24.9982833862 ]
    },
    "properties": {
    "機構名稱":"(新北)三揚國際租賃有限公司",
    "機構代碼":"BA0100052",
    "機構種類":"BA",
    "縣市":"臺北市",
    "區":"文山區",
    "地址全址":"臺北市文山區辛亥路五段98號",
    "O_ABC":"B",
    "特約服務項目":"交通接送服務(DA01)"
    }
  },
  {
    "type": "Feature",
    "geometry": {
       "type": "Point",
       "coordinates":  [ 121.5182647705,25.0918464661 ]
    },
    "properties": {
    "機構名稱":"(新北)亞捷汽車租賃股份有限公司",
    "機構代碼":"BA0100011",
    "機構種類":"BA",
    "縣市":"臺北市",
    "區":"士林區",
    "地址全址":"臺北市士林區中正路499號1樓",
    "O_ABC":"B",
    "特約服務項目":"交通接送服務"
    }
  },
  {
    "type": "Feature",
    "geometry": {
       "type": "Point",
       "coordinates":  [ 121.5006484985,25.1367702484 ]
    },
    "properties": {
    "機構名稱":"(新北)吉盛交通股份有限公司",
    "機構代碼":"BA0100028",
    "機構種類":"BA",
    "縣市":"臺北市",
    "區":"北投區",
    "地址全址":"臺北市北投區育仁路155之1號2樓",
    "O_ABC":"B",
    "特約服務項目":"交通接送服務(DA01);社區式交通接送服務(BD03)"
    }
  },
  {
    "type": "Feature",
    "geometry": {
       "type": "Point",
       "coordinates":  [ 121.5378494263,24.9943199158 ]
    },
    "properties": {
    "機構名稱":"(新北)大豐交通有限公司台北市分公司",
    "機構代碼":"BA0100054",
    "機構種類":"BA",
    "縣市":"臺北市",
    "區":"文山區",
    "地址全址":"臺北市文山區木新路三段11號",
    "O_ABC":"B",
    "特約服務項目":"交通接送服務(DA01)"
    }
  },
  {
    "type": "Feature",
    "geometry": {
       "type": "Point",
       "coordinates":  [ 121.5900650024,25.048538208 ]
    },
    "properties": {
    "機構名稱":"(新北)大豐國際租賃有限公司",
    "機構代碼":"BA0200008",
    "機構種類":"BA",
    "縣市":"臺北市",
    "區":"南港區",
    "地址全址":"臺北市南港區忠孝東路六段278巷23弄14號",
    "O_ABC":"B",
    "特約服務項目":"交通接送服務"
    }
  },
  {
    "type": "Feature",
    "geometry": {
       "type": "Point",
       "coordinates":  [ 121.5167236328,25.1081428528 ]
    },
    "properties": {
    "機構名稱":"(新北)好爸爸無障礙爬梯機接送有限公司",
    "機構代碼":"BA0100029",
    "機構種類":"BA",
    "縣市":"臺北市",
    "區":"北投區",
    "地址全址":"臺北市北投區致遠一路一段29號",
    "O_ABC":"B",
    "特約服務項目":"交通接送服務"
    }
  },
  {
    "type": "Feature",
    "geometry": {
       "type": "Point",
       "coordinates":  [ 121.5097732544,25.069278717 ]
    },
    "properties": {
    "機構名稱":"(新北)捷安租賃股份有限公司",
    "機構代碼":"BA0100051",
    "機構種類":"BA",
    "縣市":"臺北市",
    "區":"大同區",
    "地址全址":"臺北市大同區環河北路二段205巷17號",
    "O_ABC":"B",
    "特約服務項目":"社區式交通接送服務(BD03);交通接送服務(DA01)"
    }
  },
  {
    "type": "Feature",
    "geometry": {
       "type": "Point",
       "coordinates":  [ 121.5492858887,25.0405673981 ]
    },
    "properties": {
    "機構名稱":"(新北)曼巴租賃有限公司",
    "機構代碼":"BA0100036",
    "機構種類":"BA",
    "縣市":"臺北市",
    "區":"大安區",
    "地址全址":"臺北市大安區敦化南路一段225號地下三層之7",
    "O_ABC":"B",
    "特約服務項目":"交通接送服務(DA01);社區式交通接送服務(BD03)"
    }
  },
  {
    "type": "Feature",
    "geometry": {
       "type": "Point",
       "coordinates":  [ 121.5233612061,25.0682983398 ]
    },
    "properties": {
    "機構名稱":"(新北)生活交通有限公司",
    "機構代碼":"BA0100050",
    "機構種類":"BA",
    "縣市":"臺北市",
    "區":"中山區",
    "地址全址":"臺北市中山區民族東路2號6樓",
    "O_ABC":"B",
    "特約服務項目":"交通接送服務(DA01)"
    }
  },
  {
    "type": "Feature",
    "geometry": {
       "type": "Point",
       "coordinates":  [ 121.5233612061,25.0682983398 ]
    },
    "properties": {
    "機構名稱":"(新北)生通股份有限公司",
    "機構代碼":"BA0100048",
    "機構種類":"BA",
    "縣市":"臺北市",
    "區":"中山區",
    "地址全址":"臺北市中山區民族東路2號6樓",
    "O_ABC":"B",
    "特約服務項目":"交通接送服務"
    }
  },
  {
    "type": "Feature",
    "geometry": {
       "type": "Point",
       "coordinates":  [ 121.5007019043,25.0389194489 ]
    },
    "properties": {
    "機構名稱":"(新北)社團法人臺灣58金融仕家協會",
    "機構代碼":"BE0100071",
    "機構種類":"BE",
    "縣市":"臺北市",
    "區":"萬華區",
    "地址全址":"臺北市萬華區西昌街171之2號1、2樓",
    "O_ABC":"B",
    "特約服務項目":"營養餐飲服務"
    }
  },
  {
    "type": "Feature",
    "geometry": {
       "type": "Point",
       "coordinates":  [ 121.5877456665,25.0528583527 ]
    },
    "properties": {
    "機構名稱":"(新北)神同行小客車租賃有限公司",
    "機構代碼":"BA0100018",
    "機構種類":"BA",
    "縣市":"臺北市",
    "區":"松山區",
    "地址全址":"臺北市松山區八德路二段386號12樓之7",
    "O_ABC":"B",
    "特約服務項目":"交通接送服務"
    }
  },
  {
    "type": "Feature",
    "geometry": {
       "type": "Point",
       "coordinates":  [ 121.5681152344,25.0023422241 ]
    },
    "properties": {
    "機構名稱":"(新北)財團法人伊甸社會福利基金會",
    "機構代碼":"BD0100056",
    "機構種類":"BD",
    "縣市":"臺北市",
    "區":"文山區",
    "地址全址":"臺北市文山區萬美街一段55號3樓；通訊：新北市中和區中山路二段351號8樓之9",
    "O_ABC":"B",
    "特約服務項目":"交通接送服務"
    }
  },
  {
    "type": "Feature",
    "geometry": {
       "type": "Point",
       "coordinates":  [ 121.5182647705,25.0918464661 ]
    },
    "properties": {
    "機構名稱":"(臺北市)亞捷汽車租賃股份有限公司",
    "機構代碼":"BA0100024",
    "機構種類":"BA",
    "縣市":"臺北市",
    "區":"士林區",
    "地址全址":"臺北市士林區中正路499號1樓",
    "O_ABC":"B",
    "特約服務項目":"交通接送服務(DA01);社區式交通接送服務(BD03)"
    }
  },
  {
    "type": "Feature",
    "geometry": {
       "type": "Point",
       "coordinates":  [ 121.5900650024,25.0658874512 ]
    },
    "properties": {
    "機構名稱":"(臺北市C+)中華民國天使之家全人關懷協會",
    "機構代碼":"BF0100037",
    "機構種類":"BF",
    "縣市":"臺北市",
    "區":"內湖區",
    "地址全址":"臺北市內湖區湖興里成功路2段242號1樓",
    "O_ABC":"B",
    "特約服務項目":"喘息服務"
    }
  },
  {
    "type": "Feature",
    "geometry": {
       "type": "Point",
       "coordinates":  [ 121.5900650024,25.0658874512 ]
    },
    "properties": {
    "機構名稱":"(臺北市C+)中華民國天使之家全人關懷協會",
    "機構代碼":"BF0100037",
    "機構種類":"BF",
    "縣市":"臺北市",
    "區":"內湖區",
    "地址全址":"臺北市內湖區湖興里成功路2段242號1樓",
    "O_ABC":"C",
    "特約服務項目":"巷弄長照站"
    }
  },
  {
    "type": "Feature",
    "geometry": {
       "type": "Point",
       "coordinates":  [ 121.6079330444,25.0537624359 ]
    },
    "properties": {
    "機構名稱":"(臺北市C+)財團法人弘道老人福利基金會",
    "機構代碼":"BD0100062",
    "機構種類":"BD",
    "縣市":"臺北市",
    "區":"中正區",
    "地址全址":"臺北市中正區紹興北街２巷３樓４樓",
    "O_ABC":"C",
    "特約服務項目":"巷弄長照站"
    }
  },
  {
    "type": "Feature",
    "geometry": {
       "type": "Point",
       "coordinates":  [ 121.5637817383,25.0375232697 ]
    },
    "properties": {
    "機構名稱":"(臺北市政府交通接送)接受派案帳號",
    "機構代碼":"BA0100015",
    "機構種類":"BA",
    "縣市":"臺北市",
    "區":"信義區",
    "地址全址":"臺北市信義區市府路1號北區2樓",
    "O_ABC":"B",
    "特約服務項目":"交通接送服務(DA01)"
    }
  },
  {
    "type": "Feature",
    "geometry": {
       "type": "Point",
       "coordinates":  [ 121.5554275513,25.0525875092 ]
    },
    "properties": {
    "機構名稱":"C+ 社團法人台北市向日葵慈善協會",
    "機構代碼":"BE0100057",
    "機構種類":"BE",
    "縣市":"臺北市",
    "區":"松山區",
    "地址全址":"臺北市松山區東勢里南京東路4段133巷7弄9號1樓",
    "O_ABC":"B",
    "特約服務項目":"喘息服務"
    }
  },
  {
    "type": "Feature",
    "geometry": {
       "type": "Point",
       "coordinates":  [ 121.5602035522,25.1087741852 ]
    },
    "properties": {
    "機構名稱":"C+-財團法人台北市中華基督教浸信會慈光堂",
    "機構代碼":"BD0100003",
    "機構種類":"BD",
    "縣市":"臺北市",
    "區":"士林區",
    "地址全址":"臺北市士林區翠山里中社路一段43巷3號",
    "O_ABC":"B",
    "特約服務項目":"營養餐飲服務;喘息服務"
    }
  },
  {
    "type": "Feature",
    "geometry": {
       "type": "Point",
       "coordinates":  [ 121.5602035522,25.1087741852 ]
    },
    "properties": {
    "機構名稱":"C+-財團法人台北市中華基督教浸信會慈光堂",
    "機構代碼":"BD0100003",
    "機構種類":"BD",
    "縣市":"臺北市",
    "區":"士林區",
    "地址全址":"臺北市士林區翠山里中社路一段43巷3號",
    "O_ABC":"C",
    "特約服務項目":"巷弄長照站"
    }
  },
  {
    "type": "Feature",
    "geometry": {
       "type": "Point",
       "coordinates":  [ 121.5272140503,25.0564002991 ]
    },
    "properties": {
    "機構名稱":"一大心國際有限公司",
    "機構代碼":"BB0100013",
    "機構種類":"BB",
    "縣市":"臺北市",
    "區":"中山區",
    "地址全址":"臺北市中山區中山里新生北路二段66之8號1樓",
    "O_ABC":"B",
    "特約服務項目":"輔具及居家無障礙環境服務"
    }
  },
  {
    "type": "Feature",
    "geometry": {
       "type": "Point",
       "coordinates":  [ 121.5536880493,25.0467262268 ]
    },
    "properties": {
    "機構名稱":"一心健康事業股份有限公司附設臺北市私立繫心居家長照機構",
    "機構代碼":"1R0100031",
    "機構種類":"1",
    "縣市":"臺北市",
    "區":"松山區",
    "地址全址":"臺北市松山區吉仁里延吉街11號4樓之1（A室）",
    "O_ABC":"B",
    "特約服務項目":"居家服務;喘息服務"
    }
  },
  {
    "type": "Feature",
    "geometry": {
       "type": "Point",
       "coordinates":  [ 121.6171340942,25.0699043274 ]
    },
    "properties": {
    "機構名稱":"丁大元診所",
    "機構代碼":"B20100111",
    "機構種類":"B2",
    "縣市":"臺北市",
    "區":"內湖區",
    "地址全址":"臺北市內湖區東湖路119巷49弄4號",
    "O_ABC":"B",
    "特約服務項目":"居家失能個案家庭醫師照護服務"
    }
  },
  {
    "type": "Feature",
    "geometry": {
       "type": "Point",
       "coordinates":  [ 121.5617446899,24.9847240448 ]
    },
    "properties": {
    "機構名稱":"三合利計程車客運有限公司",
    "機構代碼":"BA0100043",
    "機構種類":"BA",
    "縣市":"臺北市",
    "區":"文山區",
    "地址全址":"臺北市文山區興隆路四段151號2樓之4",
    "O_ABC":"B",
    "特約服務項目":"交通接送服務(DA01)"
    }
  },
  {
    "type": "Feature",
    "geometry": {
       "type": "Point",
       "coordinates":  [ 121.5576705933,25.0543727875 ]
    },
    "properties": {
    "機構名稱":"三軍總醫院松山分院附設民眾診療服務處附設居家護理所",
    "機構代碼":"B10100009",
    "機構種類":"B1",
    "縣市":"臺北市",
    "區":"松山區",
    "地址全址":"臺北市松山區龍田里健康路131號",
    "O_ABC":"B",
    "特約服務項目":"專業照護服務"
    }
  },
  {
    "type": "Feature",
    "geometry": {
       "type": "Point",
       "coordinates":  [ 121.5298843384,25.0164451599 ]
    },
    "properties": {
    "機構名稱":"三軍總醫院社區式長照服務機構",
    "機構代碼":"2null0100001",
    "機構種類":"2",
    "縣市":"臺北市",
    "區":"中正區",
    "地址全址":"臺北市中正區汀洲路3段40號",
    "O_ABC":"B",
    "特約服務項目":"日間照顧服務"
    }
  },
  {
    "type": "Feature",
    "geometry": {
       "type": "Point",
       "coordinates":  [ 121.5581588745,25.0517349243 ]
    },
    "properties": {
    "機構名稱":"世界潘氏宗親總會",
    "機構代碼":"BF0100176",
    "機構種類":"BF",
    "縣市":"臺北市",
    "區":"松山區",
    "地址全址":"臺北市松山區東光里南京東路5段29號3樓",
    "O_ABC":"C",
    "特約服務項目":"巷弄長照站"
    }
  },
  {
    "type": "Feature",
    "geometry": {
       "type": "Point",
       "coordinates":  [ 121.5152511597,25.0434951782 ]
    },
    "properties": {
    "機構名稱":"中化銀髮事業股份有限公司",
    "機構代碼":"BB0100012",
    "機構種類":"BB",
    "縣市":"臺北市",
    "區":"中正區",
    "地址全址":"臺北市中正區襄陽路23號10樓",
    "O_ABC":"B",
    "特約服務項目":"輔具及居家無障礙環境服務"
    }
  },
  {
    "type": "Feature",
    "geometry": {
       "type": "Point",
       "coordinates":  [ 121.5269546509,25.0976734161 ]
    },
    "properties": {
    "機構名稱":"中化銀髮事業股份有限公司附設臺北市私立中化銀髮居家式服務類長期照顧服務機構",
    "機構代碼":"1V0100002",
    "機構種類":"1",
    "縣市":"臺北市",
    "區":"士林區",
    "地址全址":"臺北市士林區舊佳里中山北路5段699巷1號1樓",
    "O_ABC":"B",
    "特約服務項目":"喘息服務;居家服務"
    }
  },
  {
    "type": "Feature",
    "geometry": {
       "type": "Point",
       "coordinates":  [ 121.5361633301,25.0485057831 ]
    },
    "properties": {
    "機構名稱":"中化銀髮事業股份有限公司附設臺北市私立暖時光社區長照機構",
    "機構代碼":"2S0100027",
    "機構種類":"2",
    "縣市":"臺北市",
    "區":"中山區",
    "地址全址":"臺北市中山區長安東路二段131-1號1-3樓及131-2號2-3樓",
    "O_ABC":"B",
    "特約服務項目":"日間照顧服務"
    }
  },
  {
    "type": "Feature",
    "geometry": {
       "type": "Point",
       "coordinates":  [ 121.5355606079,25.041727066 ]
    },
    "properties": {
    "機構名稱":"中崙諮商中心心理諮商所",
    "機構代碼":"B20100093",
    "機構種類":"B2",
    "縣市":"臺北市",
    "區":"大安區",
    "地址全址":"臺北市大安區忠孝東路三段54號4樓之一",
    "O_ABC":"B",
    "特約服務項目":"專業照護服務"
    }
  },
  {
    "type": "Feature",
    "geometry": {
       "type": "Point",
       "coordinates":  [ 121.5344238281,25.0241832733 ]
    },
    "properties": {
    "機構名稱":"中華民國紅十字會台灣省分會(社照C)",
    "機構代碼":"BE0100003",
    "機構種類":"BE",
    "縣市":"臺北市",
    "區":"大安區",
    "地址全址":"臺北市大安區龍坡里新生南路三段20-1號4樓",
    "O_ABC":"A",
    "特約服務項目":"個案管理服務"
    }
  },
  {
    "type": "Feature",
    "geometry": {
       "type": "Point",
       "coordinates":  [ 121.5344238281,25.0241832733 ]
    },
    "properties": {
    "機構名稱":"中華民國紅十字會台灣省分會(社照C)",
    "機構代碼":"BE0100003",
    "機構種類":"BE",
    "縣市":"臺北市",
    "區":"大安區",
    "地址全址":"臺北市大安區龍坡里新生南路三段20-1號4樓",
    "O_ABC":"B",
    "特約服務項目":"喘息服務"
    }
  },
  {
    "type": "Feature",
    "geometry": {
       "type": "Point",
       "coordinates":  [ 121.5344238281,25.0241832733 ]
    },
    "properties": {
    "機構名稱":"中華民國紅十字會台灣省分會(社照C)",
    "機構代碼":"BE0100003",
    "機構種類":"BE",
    "縣市":"臺北市",
    "區":"大安區",
    "地址全址":"臺北市大安區龍坡里新生南路三段20-1號4樓",
    "O_ABC":"C",
    "特約服務項目":"巷弄長照站"
    }
  },
  {
    "type": "Feature",
    "geometry": {
       "type": "Point",
       "coordinates":  [ 121.5344238281,25.0241832733 ]
    },
    "properties": {
    "機構名稱":"中華民國紅十字會台灣省分會附設臺北市私立紅十字居家式服務類長期照顧服務機構",
    "機構代碼":"1N0100001",
    "機構種類":"1",
    "縣市":"臺北市",
    "區":"大安區",
    "地址全址":"臺北市大安區龍坡里新生南路3段20之1號2樓",
    "O_ABC":"A",
    "特約服務項目":"個案管理服務"
    }
  },
  {
    "type": "Feature",
    "geometry": {
       "type": "Point",
       "coordinates":  [ 121.5344238281,25.0241832733 ]
    },
    "properties": {
    "機構名稱":"中華民國紅十字會台灣省分會附設臺北市私立紅十字居家式服務類長期照顧服務機構",
    "機構代碼":"1N0100001",
    "機構種類":"1",
    "縣市":"臺北市",
    "區":"大安區",
    "地址全址":"臺北市大安區龍坡里新生南路3段20之1號2樓",
    "O_ABC":"B",
    "特約服務項目":"居家服務;喘息服務"
    }
  },
  {
    "type": "Feature",
    "geometry": {
       "type": "Point",
       "coordinates":  [ 121.4964904785,25.0331745148 ]
    },
    "properties": {
    "機構名稱":"中華民國紅十字會總會",
    "機構代碼":"BF0100077",
    "機構種類":"BF",
    "縣市":"臺北市",
    "區":"萬華區",
    "地址全址":"臺北市萬華區糖廍里艋舺大道303號1、4樓",
    "O_ABC":"C",
    "特約服務項目":"巷弄長照站"
    }
  },
  {
    "type": "Feature",
    "geometry": {
       "type": "Point",
       "coordinates":  [ 121.559211731,25.0332794189 ]
    },
    "properties": {
    "機構名稱":"中華民國紅十字會臺北市分會",
    "機構代碼":"BF0100078",
    "機構種類":"BF",
    "縣市":"臺北市",
    "區":"信義區",
    "地址全址":"臺北市信義區中興里中興里信義路4段415號5樓-3",
    "O_ABC":"C",
    "特約服務項目":"巷弄長照站"
    }
  },
  {
    "type": "Feature",
    "geometry": {
       "type": "Point",
       "coordinates":  [ 121.5023117065,25.0424423218 ]
    },
    "properties": {
    "機構名稱":"中華民國紅十字會附設私立博愛居家長照機構",
    "機構代碼":"1N0100003",
    "機構種類":"1",
    "縣市":"臺北市",
    "區":"萬華區",
    "地址全址":"臺北市萬華區菜園里康定路62號11樓",
    "O_ABC":"B",
    "特約服務項目":"喘息服務;居家服務"
    }
  },
  {
    "type": "Feature",
    "geometry": {
       "type": "Point",
       "coordinates":  [ 121.5133514404,25.0449581146 ]
    },
    "properties": {
    "機構名稱":"中華民國紅心字會(信義區)",
    "機構代碼":"BF0100002",
    "機構種類":"BF",
    "縣市":"臺北市",
    "區":"信義區",
    "地址全址":"臺北市信義區四維里虎林街74巷2號1樓",
    "O_ABC":"A",
    "特約服務項目":"個案管理服務"
    }
  },
  {
    "type": "Feature",
    "geometry": {
       "type": "Point",
       "coordinates":  [ 121.5133514404,25.0449581146 ]
    },
    "properties": {
    "機構名稱":"中華民國紅心字會(信義區)",
    "機構代碼":"BF0100002",
    "機構種類":"BF",
    "縣市":"臺北市",
    "區":"信義區",
    "地址全址":"臺北市信義區四維里虎林街74巷2號1樓",
    "O_ABC":"C",
    "特約服務項目":"巷弄長照站"
    }
  },
  {
    "type": "Feature",
    "geometry": {
       "type": "Point",
       "coordinates":  [ 121.5631637573,24.987991333 ]
    },
    "properties": {
    "機構名稱":"中華民國紅心字會(興隆老人社會關懷照顧據點)",
    "機構代碼":"BF0100080",
    "機構種類":"BF",
    "縣市":"臺北市",
    "區":"文山區",
    "地址全址":"臺北市文山區明義里明義里興隆路4段105巷47號",
    "O_ABC":"B",
    "特約服務項目":"喘息服務"
    }
  },
  {
    "type": "Feature",
    "geometry": {
       "type": "Point",
       "coordinates":  [ 121.5631637573,24.987991333 ]
    },
    "properties": {
    "機構名稱":"中華民國紅心字會(興隆老人社會關懷照顧據點)",
    "機構代碼":"BF0100080",
    "機構種類":"BF",
    "縣市":"臺北市",
    "區":"文山區",
    "地址全址":"臺北市文山區明義里明義里興隆路4段105巷47號",
    "O_ABC":"C",
    "特約服務項目":"巷弄長照站"
    }
  },
  {
    "type": "Feature",
    "geometry": {
       "type": "Point",
       "coordinates":  [ 121.5631256104,24.98828125 ]
    },
    "properties": {
    "機構名稱":"中華民國紅心字會附設臺北市私立興隆社區長照機構",
    "機構代碼":"2N0100001",
    "機構種類":"2",
    "縣市":"臺北市",
    "區":"文山區",
    "地址全址":"臺北市文山區明義里興隆路四段105巷47號2樓",
    "O_ABC":"B",
    "特約服務項目":"日間照顧服務;營養餐飲服務"
    }
  },
  {
    "type": "Feature",
    "geometry": {
       "type": "Point",
       "coordinates":  [ 121.557220459,25.02602005 ]
    },
    "properties": {
    "機構名稱":"中華民國老人福利協進會",
    "機構代碼":"BF0100168",
    "機構種類":"BF",
    "縣市":"臺北市",
    "區":"信義區",
    "地址全址":"臺北市信義區嘉興里信安街78號2樓",
    "O_ABC":"C",
    "特約服務項目":"巷弄長照站"
    }
  },
  {
    "type": "Feature",
    "geometry": {
       "type": "Point",
       "coordinates":  [ 121.4990615845,25.0215625763 ]
    },
    "properties": {
    "機構名稱":"中華民國雙囍老人義務教育推廣協會",
    "機構代碼":"BF0100183",
    "機構種類":"BF",
    "縣市":"臺北市",
    "區":"萬華區",
    "地址全址":"臺北市萬華區壽德里萬大路411號2樓",
    "O_ABC":"C",
    "特約服務項目":"巷弄長照站"
    }
  },
  {
    "type": "Feature",
    "geometry": {
       "type": "Point",
       "coordinates":  [ 121.5181045532,25.0653305054 ]
    },
    "properties": {
    "機構名稱":"中華萌愛關懷協會",
    "機構代碼":"BF0100017",
    "機構種類":"BF",
    "縣市":"臺北市",
    "區":"大同區",
    "地址全址":"臺北市大同區蓬萊里承德路3段60號B1",
    "O_ABC":"C",
    "特約服務項目":"巷弄長照站"
    }
  },
  {
    "type": "Feature",
    "geometry": {
       "type": "Point",
       "coordinates":  [ 121.5154342651,25.0454483032 ]
    },
    "properties": {
    "機構名稱":"京鶴實業有限公司附設臺北市私立悅康居家長照機構",
    "機構代碼":"1V0100024",
    "機構種類":"1",
    "縣市":"臺北市",
    "區":"中正區",
    "地址全址":"臺北市中正區黎明里許昌街42之1號7樓700室",
    "O_ABC":"B",
    "特約服務項目":"居家服務;喘息服務"
    }
  },
  {
    "type": "Feature",
    "geometry": {
       "type": "Point",
       "coordinates":  [ 121.5191192627,25.0503177643 ]
    },
    "properties": {
    "機構名稱":"佳臻有限公司附設臺北市私立佳臻居家長照機構",
    "機構代碼":"1R0100065",
    "機構種類":"1",
    "縣市":"臺北市",
    "區":"大同區",
    "地址全址":"臺北市大同區長安西路84號6樓之1",
    "O_ABC":"B",
    "特約服務項目":"居家服務"
    }
  },
  {
    "type": "Feature",
    "geometry": {
       "type": "Point",
       "coordinates":  [ 121.5227127075,25.0600719452 ]
    },
    "properties": {
    "機構名稱":"佳顧股份有限公司附設臺北市私立佳顧居家長照機構",
    "機構代碼":"1V0100007",
    "機構種類":"1",
    "縣市":"臺北市",
    "區":"中山區",
    "地址全址":"臺北市中山區集英里中山北路2段102號11樓",
    "O_ABC":"B",
    "特約服務項目":"喘息服務;居家服務"
    }
  },
  {
    "type": "Feature",
    "geometry": {
       "type": "Point",
       "coordinates":  [ 121.5035400391,25.0405292511 ]
    },
    "properties": {
    "機構名稱":"保豐堂藥品儀器有限公司",
    "機構代碼":"BB0100006",
    "機構種類":"BB",
    "縣市":"臺北市",
    "區":"萬華區",
    "地址全址":"臺北市萬華區長沙街二段115號1樓",
    "O_ABC":"B",
    "特約服務項目":"輔具及居家無障礙環境服務"
    }
  },
  {
    "type": "Feature",
    "geometry": {
       "type": "Point",
       "coordinates":  [ 121.5366973877,25.037612915 ]
    },
    "properties": {
    "機構名稱":"健樂福生活事業股份有限公司",
    "機構代碼":"BF0100001",
    "機構種類":"BF",
    "縣市":"臺北市",
    "區":"大安區",
    "地址全址":"臺北市大安區民炤里仁愛路三段30號",
    "O_ABC":"B",
    "特約服務項目":"輔具及居家無障礙環境服務"
    }
  },
  {
    "type": "Feature",
    "geometry": {
       "type": "Point",
       "coordinates":  [ 121.5164108276,25.0627498627 ]
    },
    "properties": {
    "機構名稱":"傳家寶國際青銀教育有限公司私立傳家寶居家長照機構",
    "機構代碼":"1V0100034",
    "機構種類":"1",
    "縣市":"臺北市",
    "區":"中山區",
    "地址全址":"臺北市中山區中吉里松江路124巷23號5樓",
    "O_ABC":"B",
    "特約服務項目":"居家服務;喘息服務"
    }
  },
  {
    "type": "Feature",
    "geometry": {
       "type": "Point",
       "coordinates":  [ 121.5733566284,24.9896755219 ]
    },
    "properties": {
    "機構名稱":"優活健康顧問有限公司附設臺北市私立優活居家長照機構",
    "機構代碼":"1R0100045",
    "機構種類":"1",
    "縣市":"臺北市",
    "區":"文山區",
    "地址全址":"臺北市文山區景福街133巷30號1樓",
    "O_ABC":"B",
    "特約服務項目":"喘息服務;居家服務"
    }
  },
  {
    "type": "Feature",
    "geometry": {
       "type": "Point",
       "coordinates":  [ 121.5115737915,25.0637702942 ]
    },
    "properties": {
    "機構名稱":"優福國際股份有限公司附設臺北市私立優福居家長照機構",
    "機構代碼":"1R0100049",
    "機構種類":"1",
    "縣市":"臺北市",
    "區":"大同區",
    "地址全址":"臺北市大同區延平北路三段4號5樓(521室)",
    "O_ABC":"B",
    "特約服務項目":"居家服務;喘息服務"
    }
  },
  {
    "type": "Feature",
    "geometry": {
       "type": "Point",
       "coordinates":  [ 121.5266723633,25.0648136139 ]
    },
    "properties": {
    "機構名稱":"元愷有限公司附設臺北市私立安愷居家長照機構",
    "機構代碼":"1V0100012",
    "機構種類":"1",
    "縣市":"臺北市",
    "區":"中山區",
    "地址全址":"臺北市中山區正得里長安東路1段21號3樓",
    "O_ABC":"B",
    "特約服務項目":"居家服務;喘息服務"
    }
  },
  {
    "type": "Feature",
    "geometry": {
       "type": "Point",
       "coordinates":  [ 121.5168075562,25.1183280945 ]
    },
    "properties": {
    "機構名稱":"光明診所",
    "機構代碼":"B20100108",
    "機構種類":"B2",
    "縣市":"臺北市",
    "區":"北投區",
    "地址全址":"臺北市北投區石牌路二段99巷55號1樓",
    "O_ABC":"B",
    "特約服務項目":"居家失能個案家庭醫師照護服務"
    }
  },
  {
    "type": "Feature",
    "geometry": {
       "type": "Point",
       "coordinates":  [ 121.5966949463,25.0676364899 ]
    },
    "properties": {
    "機構名稱":"內湖區寶湖里辦公處",
    "機構代碼":"BF0100207",
    "機構種類":"BF",
    "縣市":"臺北市",
    "區":"內湖區",
    "地址全址":"臺北市內湖區寶湖里民權東路六段208號",
    "O_ABC":"C",
    "特約服務項目":"巷弄長照站"
    }
  },
  {
    "type": "Feature",
    "geometry": {
       "type": "Point",
       "coordinates":  [ 121.5899505615,25.0677337646 ]
    },
    "properties": {
    "機構名稱":"內湖區湖興里辦公處",
    "機構代碼":"BF0100206",
    "機構種類":"BF",
    "縣市":"臺北市",
    "區":"內湖區",
    "地址全址":"臺北市內湖區湖興里成功路二段320巷19號3樓",
    "O_ABC":"C",
    "特約服務項目":"巷弄長照站"
    }
  },
  {
    "type": "Feature",
    "geometry": {
       "type": "Point",
       "coordinates":  [ 121.5027008057,25.1382045746 ]
    },
    "properties": {
    "機構名稱":"全佳居家護理所",
    "機構代碼":"B10100075",
    "機構種類":"B1",
    "縣市":"臺北市",
    "區":"北投區",
    "地址全址":"臺北市北投區中和街40號6樓之45室",
    "O_ABC":"B",
    "特約服務項目":"居家失能個案家庭醫師照護服務"
    }
  },
  {
    "type": "Feature",
    "geometry": {
       "type": "Point",
       "coordinates":  [ 121.5335769653,25.0412921906 ]
    },
    "properties": {
    "機構名稱":"全福物理治療所",
    "機構代碼":"B40100024",
    "機構種類":"B4",
    "縣市":"臺北市",
    "區":"大安區",
    "地址全址":"臺北市大安區忠孝東路三段10巷3號7樓",
    "O_ABC":"B",
    "特約服務項目":"專業照護服務"
    }
  },
  {
    "type": "Feature",
    "geometry": {
       "type": "Point",
       "coordinates":  [ 121.548500061,25.0425453186 ]
    },
    "properties": {
    "機構名稱":"凱安居家有限公司附設臺北市私立凱安居家長照機構",
    "機構代碼":"1R0100070",
    "機構種類":"1",
    "縣市":"臺北市",
    "區":"大安區",
    "地址全址":"臺北市大安區光武里敦化南路一段192號3樓之3",
    "O_ABC":"B",
    "特約服務項目":"喘息服務;居家服務"
    }
  },
  {
    "type": "Feature",
    "geometry": {
       "type": "Point",
       "coordinates":  [ 121.5531158447,25.0821208954 ]
    },
    "properties": {
    "機構名稱":"凱琳居家護理所",
    "機構代碼":"B10100076",
    "機構種類":"B1",
    "縣市":"臺北市",
    "區":"中山區",
    "地址全址":"臺北市中山區敬業二路69巷57號7樓之1",
    "O_ABC":"B",
    "特約服務項目":"專業照護服務;居家失能個案家庭醫師照護服務"
    }
  },
  {
    "type": "Feature",
    "geometry": {
       "type": "Point",
       "coordinates":  [ 121.5528335571,25.0824737549 ]
    },
    "properties": {
    "機構名稱":"凱風長照股份有限公司附設臺北市私立凱風大直社區長照機構",
    "機構代碼":"2N0100002",
    "機構種類":"2",
    "縣市":"臺北市",
    "區":"中山區",
    "地址全址":"臺北市中山區樂群三路56號5樓之2",
    "O_ABC":"B",
    "特約服務項目":"喘息服務;日間照顧服務"
    }
  },
  {
    "type": "Feature",
    "geometry": {
       "type": "Point",
       "coordinates":  [ 121.5269241333,25.0657196045 ]
    },
    "properties": {
    "機構名稱":"凱風長照股份有限公司附設臺北市私立凱風新生北綜合長照機構",
    "機構代碼":"4R0100001",
    "機構種類":"4",
    "縣市":"臺北市",
    "區":"中山區",
    "地址全址":"臺北市中山區晴光里新生北路三段56巷17號1樓",
    "O_ABC":"A",
    "特約服務項目":"個案管理服務"
    }
  },
  {
    "type": "Feature",
    "geometry": {
       "type": "Point",
       "coordinates":  [ 121.5269241333,25.0657196045 ]
    },
    "properties": {
    "機構名稱":"凱風長照股份有限公司附設臺北市私立凱風新生北綜合長照機構",
    "機構代碼":"4R0100001",
    "機構種類":"4",
    "縣市":"臺北市",
    "區":"中山區",
    "地址全址":"臺北市中山區晴光里新生北路三段56巷17號1樓",
    "O_ABC":"B",
    "特約服務項目":"喘息服務;居家服務;日間照顧服務"
    }
  },
  {
    "type": "Feature",
    "geometry": {
       "type": "Point",
       "coordinates":  [ 121.5416946411,25.0625572205 ]
    },
    "properties": {
    "機構名稱":"凱風長照股份有限公司附設臺北市私立凱風民權社區長照機構",
    "機構代碼":"2R0100013",
    "機構種類":"2",
    "縣市":"臺北市",
    "區":"中山區",
    "地址全址":"臺北市中山區民權東路三段21號2樓之1及之2",
    "O_ABC":"B",
    "特約服務項目":"日間照顧服務;喘息服務"
    }
  },
  {
    "type": "Feature",
    "geometry": {
       "type": "Point",
       "coordinates":  [ 1.0,1.0 ]
    },
    "properties": {
    "機構名稱":"前瞻居家護理所",
    "機構代碼":"B10100074",
    "機構種類":"B1",
    "縣市":"臺北市",
    "區":"文山區",
    "地址全址":"臺北市文山區辛亥路四段21巷10號9樓A室",
    "O_ABC":"B",
    "特約服務項目":"專業照護服務"
    }
  },
  {
    "type": "Feature",
    "geometry": {
       "type": "Point",
       "coordinates":  [ 121.4911727905,25.0323638916 ]
    },
    "properties": {
    "機構名稱":"力麗長青長照社團法人附設台北市私立樂活社區長照機構",
    "機構代碼":"2R0100008",
    "機構種類":"2",
    "縣市":"臺北市",
    "區":"萬華區",
    "地址全址":"臺北市萬華區環河南路2段278號1樓",
    "O_ABC":"B",
    "特約服務項目":"日間照顧服務"
    }
  },
  {
    "type": "Feature",
    "geometry": {
       "type": "Point",
       "coordinates":  [ 121.4979705811,25.0322799683 ]
    },
    "properties": {
    "機構名稱":"力麗長青長照社團法人附設台北市私立長青居家長照機構",
    "機構代碼":"1J0100002",
    "機構種類":"1",
    "縣市":"臺北市",
    "區":"萬華區",
    "地址全址":"臺北市萬華區雙園里臺北市萬華區環河南路二段278之1號1樓",
    "O_ABC":"B",
    "特約服務項目":"居家服務"
    }
  },
  {
    "type": "Feature",
    "geometry": {
       "type": "Point",
       "coordinates":  [ 121.5535583496,25.0828037262 ]
    },
    "properties": {
    "機構名稱":"勁緻物理治療所",
    "機構代碼":"B40100010",
    "機構種類":"B4",
    "縣市":"臺北市",
    "區":"中山區",
    "地址全址":"臺北市中山區安民樂群三路71號",
    "O_ABC":"B",
    "特約服務項目":"專業照護服務"
    }
  },
  {
    "type": "Feature",
    "geometry": {
       "type": "Point",
       "coordinates":  [ 121.5268096924,25.0671539307 ]
    },
    "properties": {
    "機構名稱":"包子居家護理所",
    "機構代碼":"B10100016",
    "機構種類":"B1",
    "縣市":"臺北市",
    "區":"中山區",
    "地址全址":"臺北市中山區通明新生北路三段82巷23號",
    "O_ABC":"B",
    "特約服務項目":"專業照護服務"
    }
  },
  {
    "type": "Feature",
    "geometry": {
       "type": "Point",
       "coordinates":  [ 121.5577316284,25.0332832336 ]
    },
    "properties": {
    "機構名稱":"北醫大管理顧問股份有限公司附設私立君蔚居家長照機構",
    "機構代碼":"1R0100036",
    "機構種類":"1",
    "縣市":"臺北市",
    "區":"信義區",
    "地址全址":"臺北市信義區中興里信義路4段375號4樓之7",
    "O_ABC":"A",
    "特約服務項目":"個案管理服務"
    }
  },
  {
    "type": "Feature",
    "geometry": {
       "type": "Point",
       "coordinates":  [ 121.5577316284,25.0332832336 ]
    },
    "properties": {
    "機構名稱":"北醫大管理顧問股份有限公司附設私立君蔚居家長照機構",
    "機構代碼":"1R0100036",
    "機構種類":"1",
    "縣市":"臺北市",
    "區":"信義區",
    "地址全址":"臺北市信義區中興里信義路4段375號4樓之7",
    "O_ABC":"B",
    "特約服務項目":"喘息服務;居家服務"
    }
  },
  {
    "type": "Feature",
    "geometry": {
       "type": "Point",
       "coordinates":  [ 121.5692672729,25.0022506714 ]
    },
    "properties": {
    "機構名稱":"北醫大管理顧問股份有限公司附設私立杏芳居家長照機構",
    "機構代碼":"1R0100023",
    "機構種類":"1",
    "縣市":"臺北市",
    "區":"文山區",
    "地址全址":"臺北市文山區景後街190號2樓之1",
    "O_ABC":"A",
    "特約服務項目":"個案管理服務"
    }
  },
  {
    "type": "Feature",
    "geometry": {
       "type": "Point",
       "coordinates":  [ 121.5692672729,25.0022506714 ]
    },
    "properties": {
    "機構名稱":"北醫大管理顧問股份有限公司附設私立杏芳居家長照機構",
    "機構代碼":"1R0100023",
    "機構種類":"1",
    "縣市":"臺北市",
    "區":"文山區",
    "地址全址":"臺北市文山區景後街190號2樓之1",
    "O_ABC":"B",
    "特約服務項目":"居家服務;喘息服務"
    }
  },
  {
    "type": "Feature",
    "geometry": {
       "type": "Point",
       "coordinates":  [ 121.5576858521,25.0499095917 ]
    },
    "properties": {
    "機構名稱":"博仁綜合醫院附設居家護理所",
    "機構代碼":"B10100005",
    "機構種類":"B1",
    "縣市":"臺北市",
    "區":"松山區",
    "地址全址":"臺北市松山區復勢里光復北路66號",
    "O_ABC":"B",
    "特約服務項目":"專業照護服務"
    }
  },
  {
    "type": "Feature",
    "geometry": {
       "type": "Point",
       "coordinates":  [ 121.5006027222,25.0267486572 ]
    },
    "properties": {
    "機構名稱":"博昌復健科診所",
    "機構代碼":"B20100091",
    "機構種類":"B2",
    "縣市":"臺北市",
    "區":"萬華區",
    "地址全址":"臺北市萬華區萬大路221號1樓",
    "O_ABC":"B",
    "特約服務項目":"專業照護服務"
    }
  },
  {
    "type": "Feature",
    "geometry": {
       "type": "Point",
       "coordinates":  [ 121.5179367065,25.0462818146 ]
    },
    "properties": {
    "機構名稱":"博珍服務事業股份有限公司附設臺北市私立博珍居家長照機構",
    "機構代碼":"1V0100038",
    "機構種類":"1",
    "縣市":"臺北市",
    "區":"中正區",
    "地址全址":"臺北市中正區黎明里忠孝西路1段45號7樓之6",
    "O_ABC":"B",
    "特約服務項目":"居家服務"
    }
  },
  {
    "type": "Feature",
    "geometry": {
       "type": "Point",
       "coordinates":  [ 121.5557403564,25.0269737244 ]
    },
    "properties": {
    "機構名稱":"原力復健科診所",
    "機構代碼":"B20100039",
    "機構種類":"B2",
    "縣市":"臺北市",
    "區":"信義區",
    "地址全址":"臺北市信義區基隆路2段145號B1,1,2樓",
    "O_ABC":"B",
    "特約服務項目":"居家失能個案家庭醫師照護服務;專業照護服務"
    }
  },
  {
    "type": "Feature",
    "geometry": {
       "type": "Point",
       "coordinates":  [ 121.5502853394,25.0412845612 ]
    },
    "properties": {
    "機構名稱":"可馨居家護理所",
    "機構代碼":"B10100058",
    "機構種類":"B1",
    "縣市":"臺北市",
    "區":"大安區",
    "地址全址":"臺北市大安區忠孝東路四段162號9樓之五室",
    "O_ABC":"B",
    "特約服務項目":"專業照護服務"
    }
  },
  {
    "type": "Feature",
    "geometry": {
       "type": "Point",
       "coordinates":  [ 121.5694274902,25.0284118652 ]
    },
    "properties": {
    "機構名稱":"台北市信義區三犁里辦公處",
    "機構代碼":"BF0100127",
    "機構種類":"BF",
    "縣市":"臺北市",
    "區":"信義區",
    "地址全址":"臺北市信義區三犁里信義路5段150巷14弄6號1樓",
    "O_ABC":"C",
    "特約服務項目":"巷弄長照站"
    }
  },
  {
    "type": "Feature",
    "geometry": {
       "type": "Point",
       "coordinates":  [ 121.5929794312,25.0857639313 ]
    },
    "properties": {
    "機構名稱":"台北市內湖永續發展協會",
    "機構代碼":"BF0100036",
    "機構種類":"BF",
    "縣市":"臺北市",
    "區":"內湖區",
    "地址全址":"臺北市內湖區金龍里金龍路 67 巷 7 號",
    "O_ABC":"C",
    "特約服務項目":"巷弄長照站"
    }
  },
  {
    "type": "Feature",
    "geometry": {
       "type": "Point",
       "coordinates":  [ 121.5172119141,25.0842971802 ]
    },
    "properties": {
    "機構名稱":"台北市劍橋有愛全人關懷協會",
    "機構代碼":"BF0100009",
    "機構種類":"BF",
    "縣市":"臺北市",
    "區":"士林區",
    "地址全址":"臺北市士林區百齡里福港街244巷3號1樓",
    "O_ABC":"C",
    "特約服務項目":"巷弄長照站"
    }
  },
  {
    "type": "Feature",
    "geometry": {
       "type": "Point",
       "coordinates":  [ 121.5162963867,25.1103439331 ]
    },
    "properties": {
    "機構名稱":"台北市北投區新石牌社區發展協會",
    "機構代碼":"BF0100203",
    "機構種類":"BF",
    "縣市":"臺北市",
    "區":"北投區",
    "地址全址":"臺北市北投區石牌里自強街120巷15弄8號",
    "O_ABC":"C",
    "特約服務項目":"巷弄長照站"
    }
  },
  {
    "type": "Feature",
    "geometry": {
       "type": "Point",
       "coordinates":  [ 121.5075836182,25.1390857697 ]
    },
    "properties": {
    "機構名稱":"台北市北投區林泉社區發展協會",
    "機構代碼":"BF0100047",
    "機構種類":"BF",
    "縣市":"臺北市",
    "區":"北投區",
    "地址全址":"臺北市北投區林泉里新民路46巷37號",
    "O_ABC":"C",
    "特約服務項目":"巷弄長照站"
    }
  },
  {
    "type": "Feature",
    "geometry": {
       "type": "Point",
       "coordinates":  [ 121.5150146484,25.1140327454 ]
    },
    "properties": {
    "機構名稱":"台北市北投區榮光社區發展協會",
    "機構代碼":"BF0100140",
    "機構種類":"BF",
    "縣市":"臺北市",
    "區":"北投區",
    "地址全址":"臺北市北投區榮光里石牌路1段166巷43弄15號",
    "O_ABC":"C",
    "特約服務項目":"巷弄長照站"
    }
  },
  {
    "type": "Feature",
    "geometry": {
       "type": "Point",
       "coordinates":  [ 121.5123748779,25.1104602814 ]
    },
    "properties": {
    "機構名稱":"台北市北投區福興社區發展協會",
    "機構代碼":"BF0100141",
    "機構種類":"BF",
    "縣市":"臺北市",
    "區":"北投區",
    "地址全址":"臺北市北投區福興里自強街5巷22號",
    "O_ABC":"C",
    "特約服務項目":"巷弄長照站"
    }
  },
  {
    "type": "Feature",
    "geometry": {
       "type": "Point",
       "coordinates":  [ 121.5012435913,25.1375408173 ]
    },
    "properties": {
    "機構名稱":"台北市北投青溪協會",
    "機構代碼":"BF0100197",
    "機構種類":"BF",
    "縣市":"臺北市",
    "區":"北投區",
    "地址全址":"臺北市北投區中庸里珠海路2號",
    "O_ABC":"C",
    "特約服務項目":"巷弄長照站"
    }
  },
  {
    "type": "Feature",
    "geometry": {
       "type": "Point",
       "coordinates":  [ 121.6115264893,25.0559253693 ]
    },
    "properties": {
    "機構名稱":"台北市南港區南港社區發展協會",
    "機構代碼":"BF0100063",
    "機構種類":"BF",
    "縣市":"臺北市",
    "區":"南港區",
    "地址全址":"臺北市南港區南港里新民街64號2樓",
    "O_ABC":"C",
    "特約服務項目":"巷弄長照站"
    }
  },
  {
    "type": "Feature",
    "geometry": {
       "type": "Point",
       "coordinates":  [ 121.5853271484,25.0370674133 ]
    },
    "properties": {
    "機構名稱":"台北市君賀人本關懷協會",
    "機構代碼":"BF0100160",
    "機構種類":"BF",
    "縣市":"臺北市",
    "區":"信義區",
    "地址全址":"臺北市信義區中行里福德街221巷15號（瑠公國中）",
    "O_ABC":"C",
    "特約服務項目":"巷弄長照站"
    }
  },
  {
    "type": "Feature",
    "geometry": {
       "type": "Point",
       "coordinates":  [ 121.5110168457,25.1202163696 ]
    },
    "properties": {
    "機構名稱":"台北市基督教新城教會",
    "機構代碼":"BF0100200",
    "機構種類":"BF",
    "縣市":"臺北市",
    "區":"北投區",
    "地址全址":"臺北市北投區東華里東華街2段180之1號",
    "O_ABC":"C",
    "特約服務項目":"巷弄長照站"
    }
  },
  {
    "type": "Feature",
    "geometry": {
       "type": "Point",
       "coordinates":  [ 121.5071792603,25.1174583435 ]
    },
    "properties": {
    "機構名稱":"台北市基督教道生長老會唭哩岸全人關懷協會",
    "機構代碼":"BE0100058",
    "機構種類":"BE",
    "縣市":"臺北市",
    "區":"北投區",
    "地址全址":"臺北市北投區尊賢里尊賢街264巷1號",
    "O_ABC":"C",
    "特約服務項目":"巷弄長照站"
    }
  },
  {
    "type": "Feature",
    "geometry": {
       "type": "Point",
       "coordinates":  [ 121.5329437256,25.1234474182 ]
    },
    "properties": {
    "機構名稱":"台北市士林區天和社區發展協會",
    "機構代碼":"BF0100130",
    "機構種類":"BF",
    "縣市":"臺北市",
    "區":"士林區",
    "地址全址":"臺北市士林區天山里中山北路7段154巷6號4樓(天母區民活動中心)",
    "O_ABC":"C",
    "特約服務項目":"巷弄長照站"
    }
  },
  {
    "type": "Feature",
    "geometry": {
       "type": "Point",
       "coordinates":  [ 121.5141448975,25.0526695251 ]
    },
    "properties": {
    "機構名稱":"台北市大同區圓環社區發展協會",
    "機構代碼":"BF0100016",
    "機構種類":"BF",
    "縣市":"臺北市",
    "區":"大同區",
    "地址全址":"臺北市大同區建功里重慶北路1段83巷37號",
    "O_ABC":"C",
    "特約服務項目":"巷弄長照站"
    }
  },
  {
    "type": "Feature",
    "geometry": {
       "type": "Point",
       "coordinates":  [ 121.510597229,25.0595111847 ]
    },
    "properties": {
    "機構名稱":"台北市大同區大有里辦公處",
    "機構代碼":"BG0100001",
    "機構種類":"BG",
    "縣市":"臺北市",
    "區":"大同區",
    "地址全址":"臺北市大同區大有里民樂街179號1樓",
    "O_ABC":"C",
    "特約服務項目":"巷弄長照站"
    }
  },
  {
    "type": "Feature",
    "geometry": {
       "type": "Point",
       "coordinates":  [ 121.5171356201,25.075838089 ]
    },
    "properties": {
    "機構名稱":"台北市大同區慶安社區發展協會",
    "機構代碼":"BF0100135",
    "機構種類":"BF",
    "縣市":"臺北市",
    "區":"大同區",
    "地址全址":"臺北市大同區重慶里敦煌路90-92號1樓",
    "O_ABC":"C",
    "特約服務項目":"巷弄長照站"
    }
  },
  {
    "type": "Feature",
    "geometry": {
       "type": "Point",
       "coordinates":  [ 121.5324172974,25.0105667114 ]
    },
    "properties": {
    "機構名稱":"台北市寶藏巖文化村協會",
    "機構代碼":"BF0100216",
    "機構種類":"BF",
    "縣市":"臺北市",
    "區":"中正區",
    "地址全址":"臺北市中正區水源里汀州路三段230巷14弄10號",
    "O_ABC":"C",
    "特約服務項目":"巷弄長照站"
    }
  },
  {
    "type": "Feature",
    "geometry": {
       "type": "Point",
       "coordinates":  [ 121.5255355835,25.0444889069 ]
    },
    "properties": {
    "機構名稱":"台北市廣西同鄉會",
    "機構代碼":"BF0100149",
    "機構種類":"BF",
    "縣市":"臺北市",
    "區":"中正區",
    "地址全址":"臺北市中正區梅花里忠孝東路1段35號7樓",
    "O_ABC":"C",
    "特約服務項目":"巷弄長照站"
    }
  },
  {
    "type": "Feature",
    "geometry": {
       "type": "Point",
       "coordinates":  [ 121.5137329102,25.0283317566 ]
    },
    "properties": {
    "機構名稱":"台北市愛羊全人關懷協會",
    "機構代碼":"BF0100215",
    "機構種類":"BF",
    "縣市":"臺北市",
    "區":"中正區",
    "地址全址":"臺北市中正區龍光里和平西路二段17號2樓",
    "O_ABC":"C",
    "特約服務項目":"巷弄長照站"
    }
  },
  {
    "type": "Feature",
    "geometry": {
       "type": "Point",
       "coordinates":  [ 121.5392379761,24.9993476868 ]
    },
    "properties": {
    "機構名稱":"台北市文山區景人社區發展協會",
    "機構代碼":"BF0100045",
    "機構種類":"BF",
    "縣市":"臺北市",
    "區":"文山區",
    "地址全址":"臺北市文山區景仁里景福街5號1樓",
    "O_ABC":"C",
    "特約服務項目":"巷弄長照站"
    }
  },
  {
    "type": "Feature",
    "geometry": {
       "type": "Point",
       "coordinates":  [ 121.5359573364,24.9958152771 ]
    },
    "properties": {
    "機構名稱":"台北市文山區景慶社區發展協會",
    "機構代碼":"BF0100187",
    "機構種類":"BF",
    "縣市":"臺北市",
    "區":"文山區",
    "地址全址":"臺北市文山區景慶里景福街126號",
    "O_ABC":"C",
    "特約服務項目":"巷弄長照站"
    }
  },
  {
    "type": "Feature",
    "geometry": {
       "type": "Point",
       "coordinates":  [ 121.5569839478,24.9817733765 ]
    },
    "properties": {
    "機構名稱":"台北市文山區樟林社區發展協會",
    "機構代碼":"BF0100046",
    "機構種類":"BF",
    "縣市":"臺北市",
    "區":"文山區",
    "地址全址":"臺北市文山區樟文里木新路310巷4號2樓之1",
    "O_ABC":"C",
    "特約服務項目":"巷弄長照站"
    }
  },
  {
    "type": "Feature",
    "geometry": {
       "type": "Point",
       "coordinates":  [ 121.5355377197,25.0041637421 ]
    },
    "properties": {
    "機構名稱":"台北市文山區萬和社區發展協會",
    "機構代碼":"BF0100039",
    "機構種類":"BF",
    "縣市":"臺北市",
    "區":"文山區",
    "地址全址":"臺北市文山區萬和里汀州路4段215號1樓",
    "O_ABC":"C",
    "特約服務項目":"巷弄長照站"
    }
  },
  {
    "type": "Feature",
    "geometry": {
       "type": "Point",
       "coordinates":  [ 121.4733123779,25.1064453125 ]
    },
    "properties": {
    "機構名稱":"台北市新生活社會福利協進會",
    "機構代碼":"BF0100099",
    "機構種類":"BF",
    "縣市":"臺北市",
    "區":"士林區",
    "地址全址":"臺北市士林區富洲里延平北路九段122號",
    "O_ABC":"C",
    "特約服務項目":"巷弄長照站"
    }
  },
  {
    "type": "Feature",
    "geometry": {
       "type": "Point",
       "coordinates":  [ 121.5137863159,25.0552749634 ]
    },
    "properties": {
    "機構名稱":"台北市朝陽服飾材料街區發展協會",
    "機構代碼":"BF0100014",
    "機構種類":"BF",
    "縣市":"臺北市",
    "區":"大同區",
    "地址全址":"臺北市大同區朝陽里重慶北路2段46巷6號",
    "O_ABC":"C",
    "特約服務項目":"巷弄長照站"
    }
  },
  {
    "type": "Feature",
    "geometry": {
       "type": "Point",
       "coordinates":  [ 121.5581359863,25.0590820312 ]
    },
    "properties": {
    "機構名稱":"台北市松山區松榮社區發展協會",
    "機構代碼":"BF0100185",
    "機構種類":"BF",
    "縣市":"臺北市",
    "區":"松山區",
    "地址全址":"臺北市松山區東榮里民生東路5段69巷3號1樓",
    "O_ABC":"C",
    "特約服務項目":"巷弄長照站"
    }
  },
  {
    "type": "Feature",
    "geometry": {
       "type": "Point",
       "coordinates":  [ 121.5402526855,24.9923248291 ]
    },
    "properties": {
    "機構名稱":"台北市梘尾關懷互助協會",
    "機構代碼":"BF0100179",
    "機構種類":"BF",
    "縣市":"臺北市",
    "區":"文山區",
    "地址全址":"臺北市文山區景慶里萬慶街6號",
    "O_ABC":"B",
    "特約服務項目":"喘息服務"
    }
  },
  {
    "type": "Feature",
    "geometry": {
       "type": "Point",
       "coordinates":  [ 121.5402526855,24.9923248291 ]
    },
    "properties": {
    "機構名稱":"台北市梘尾關懷互助協會",
    "機構代碼":"BF0100179",
    "機構種類":"BF",
    "縣市":"臺北市",
    "區":"文山區",
    "地址全址":"臺北市文山區景慶里萬慶街6號",
    "O_ABC":"C",
    "特約服務項目":"巷弄長照站"
    }
  },
  {
    "type": "Feature",
    "geometry": {
       "type": "Point",
       "coordinates":  [ 121.5222091675,25.1150093079 ]
    },
    "properties": {
    "機構名稱":"台北市石牌全人關懷協會",
    "機構代碼":"BF0100202",
    "機構種類":"BF",
    "縣市":"臺北市",
    "區":"北投區",
    "地址全址":"臺北市北投區榮華里明德路283號",
    "O_ABC":"C",
    "特約服務項目":"巷弄長照站"
    }
  },
  {
    "type": "Feature",
    "geometry": {
       "type": "Point",
       "coordinates":  [ 121.5021514893,25.0287399292 ]
    },
    "properties": {
    "機構名稱":"台北市萬華區新忠里辦公處",
    "機構代碼":"BG0100008",
    "機構種類":"BG",
    "縣市":"臺北市",
    "區":"萬華區",
    "地址全址":"臺北市萬華區新忠里西藏路125巷7號1樓  (里民活動場所)",
    "O_ABC":"C",
    "特約服務項目":"巷弄長照站"
    }
  },
  {
    "type": "Feature",
    "geometry": {
       "type": "Point",
       "coordinates":  [ 121.5088043213,25.0242328644 ]
    },
    "properties": {
    "機構名稱":"台北市萬華區馬場町社區發展協會",
    "機構代碼":"BF0100167",
    "機構種類":"BF",
    "縣市":"臺北市",
    "區":"萬華區",
    "地址全址":"臺北市萬華區騰雲里國興路1巷2-4號(辦公處活動中心)",
    "O_ABC":"C",
    "特約服務項目":"巷弄長照站"
    }
  },
  {
    "type": "Feature",
    "geometry": {
       "type": "Point",
       "coordinates":  [ 121.5532836914,25.0274868011 ]
    },
    "properties": {
    "機構名稱":"台北市通化玫瑰社會關懷協會",
    "機構代碼":"BF0100220",
    "機構種類":"BF",
    "縣市":"臺北市",
    "區":"大安區",
    "地址全址":"臺北市大安區法治里通化街178號",
    "O_ABC":"C",
    "特約服務項目":"巷弄長照站"
    }
  },
  {
    "type": "Feature",
    "geometry": {
       "type": "Point",
       "coordinates":  [ 121.5131454468,25.1142730713 ]
    },
    "properties": {
    "機構名稱":"台北欣安耳鼻喉科診所",
    "機構代碼":"B20100113",
    "機構種類":"B2",
    "縣市":"臺北市",
    "區":"北投區",
    "地址全址":"臺北市北投區石牌路一段152號1樓",
    "O_ABC":"B",
    "特約服務項目":"居家失能個案家庭醫師照護服務"
    }
  },
  {
    "type": "Feature",
    "geometry": {
       "type": "Point",
       "coordinates":  [ 121.5321426392,25.1092453003 ]
    },
    "properties": {
    "機構名稱":"台灣健康社區自主發展協會",
    "機構代碼":"BF0100008",
    "機構種類":"BF",
    "縣市":"臺北市",
    "區":"士林區",
    "地址全址":"臺北市士林區三玉里德行東路203巷2號1樓",
    "O_ABC":"B",
    "特約服務項目":"喘息服務"
    }
  },
  {
    "type": "Feature",
    "geometry": {
       "type": "Point",
       "coordinates":  [ 121.5321426392,25.1092453003 ]
    },
    "properties": {
    "機構名稱":"台灣健康社區自主發展協會",
    "機構代碼":"BF0100008",
    "機構種類":"BF",
    "縣市":"臺北市",
    "區":"士林區",
    "地址全址":"臺北市士林區三玉里德行東路203巷2號1樓",
    "O_ABC":"C",
    "特約服務項目":"巷弄長照站"
    }
  },
  {
    "type": "Feature",
    "geometry": {
       "type": "Point",
       "coordinates":  [ 121.5163421631,25.0658149719 ]
    },
    "properties": {
    "機構名稱":"台灣基督長老教會馬偕醫療財團法人附設臺北市私立大同昌吉社區長照機構",
    "機構代碼":"2S0100017",
    "機構種類":"2",
    "縣市":"臺北市",
    "區":"大同區",
    "地址全址":"臺北市大同區蓬萊里昌吉街52號9至10樓",
    "O_ABC":"B",
    "特約服務項目":"日間照顧服務"
    }
  },
  {
    "type": "Feature",
    "geometry": {
       "type": "Point",
       "coordinates":  [ 121.5222244263,25.0598907471 ]
    },
    "properties": {
    "機構名稱":"台灣基督長老教會馬偕醫療財團法人附設馬偕居家護理所",
    "機構代碼":"B10100028",
    "機構種類":"B1",
    "縣市":"臺北市",
    "區":"中山區",
    "地址全址":"臺北市中山區健民中山北路二段96巷9號",
    "O_ABC":"B",
    "特約服務項目":"居家失能個案家庭醫師照護服務"
    }
  },
  {
    "type": "Feature",
    "geometry": {
       "type": "Point",
       "coordinates":  [ 121.5223693848,25.0588321686 ]
    },
    "properties": {
    "機構名稱":"台灣基督長老教會馬偕醫療財團法人馬偕紀念醫院",
    "機構代碼":"B20100005",
    "機構種類":"B2",
    "縣市":"臺北市",
    "區":"中山區",
    "地址全址":"臺北市中山區中山北路二段92號",
    "O_ABC":"A",
    "特約服務項目":"個案管理服務"
    }
  },
  {
    "type": "Feature",
    "geometry": {
       "type": "Point",
       "coordinates":  [ 121.5223693848,25.0588321686 ]
    },
    "properties": {
    "機構名稱":"台灣基督長老教會馬偕醫療財團法人馬偕紀念醫院",
    "機構代碼":"B20100005",
    "機構種類":"B2",
    "縣市":"臺北市",
    "區":"中山區",
    "地址全址":"臺北市中山區中山北路二段92號",
    "O_ABC":"B",
    "特約服務項目":"專業照護服務;營養餐飲服務"
    }
  },
  {
    "type": "Feature",
    "geometry": {
       "type": "Point",
       "coordinates":  [ 121.5377883911,25.0415019989 ]
    },
    "properties": {
    "機構名稱":"台灣居護股份有限公司附設臺北市私立聯承居家長照機構",
    "機構代碼":"1R0100025",
    "機構種類":"1",
    "縣市":"臺北市",
    "區":"大安區",
    "地址全址":"臺北市大安區義村里忠孝東路3段136號11樓1102辦公室",
    "O_ABC":"B",
    "特約服務項目":"居家服務;喘息服務"
    }
  },
  {
    "type": "Feature",
    "geometry": {
       "type": "Point",
       "coordinates":  [ 121.5260620117,25.0213680267 ]
    },
    "properties": {
    "機構名稱":"台灣旺齡協會",
    "機構代碼":"BF0100031",
    "機構種類":"BF",
    "縣市":"臺北市",
    "區":"中正區",
    "地址全址":"臺北市中正區頂東里羅斯福路3段84巷13號1樓",
    "O_ABC":"B",
    "特約服務項目":"喘息服務"
    }
  },
  {
    "type": "Feature",
    "geometry": {
       "type": "Point",
       "coordinates":  [ 121.5260620117,25.0213680267 ]
    },
    "properties": {
    "機構名稱":"台灣旺齡協會",
    "機構代碼":"BF0100031",
    "機構種類":"BF",
    "縣市":"臺北市",
    "區":"中正區",
    "地址全址":"臺北市中正區頂東里羅斯福路3段84巷13號1樓",
    "O_ABC":"C",
    "特約服務項目":"巷弄長照站"
    }
  },
  {
    "type": "Feature",
    "geometry": {
       "type": "Point",
       "coordinates":  [ 121.5624313354,25.0580596924 ]
    },
    "properties": {
    "機構名稱":"台灣樂康協會",
    "機構代碼":"BA0100034",
    "機構種類":"BA",
    "縣市":"臺北市",
    "區":"松山區",
    "地址全址":"臺北市松山區三民路113巷12號6樓",
    "O_ABC":"B",
    "特約服務項目":"交通接送服務(DA01)"
    }
  },
  {
    "type": "Feature",
    "geometry": {
       "type": "Point",
       "coordinates":  [ 121.5241622925,25.0632743835 ]
    },
    "properties": {
    "機構名稱":"台灣聽力語言學會",
    "機構代碼":"B70100001",
    "機構種類":"B7",
    "縣市":"臺北市",
    "區":"中山區",
    "地址全址":"臺北市中山區健民雙城街4巷2號",
    "O_ABC":"B",
    "特約服務項目":"專業照護服務"
    }
  },
  {
    "type": "Feature",
    "geometry": {
       "type": "Point",
       "coordinates":  [ 121.5443572998,24.9976539612 ]
    },
    "properties": {
    "機構名稱":"台灣迦美福音傳播協會",
    "機構代碼":"BF0100152",
    "機構種類":"BF",
    "縣市":"臺北市",
    "區":"文山區",
    "地址全址":"臺北市文山區景華里三福街74巷2號1樓",
    "O_ABC":"C",
    "特約服務項目":"巷弄長照站"
    }
  },
  {
    "type": "Feature",
    "geometry": {
       "type": "Point",
       "coordinates":  [ 121.503364563,25.0300426483 ]
    },
    "properties": {
    "機構名稱":"合康居家護理所",
    "機構代碼":"B10100023",
    "機構種類":"B1",
    "縣市":"臺北市",
    "區":"萬華區",
    "地址全址":"臺北市萬華區富福里和平西路三段396號1樓",
    "O_ABC":"B",
    "特約服務項目":"專業照護服務;居家失能個案家庭醫師照護服務"
    }
  },
  {
    "type": "Feature",
    "geometry": {
       "type": "Point",
       "coordinates":  [ 121.5006484985,25.1367702484 ]
    },
    "properties": {
    "機構名稱":"吉盛交通股份有限公司",
    "機構代碼":"BA0100032",
    "機構種類":"BA",
    "縣市":"臺北市",
    "區":"北投區",
    "地址全址":"臺北市北投區育仁路155之1號2樓",
    "O_ABC":"B",
    "特約服務項目":"交通接送服務(DA01)"
    }
  },
  {
    "type": "Feature",
    "geometry": {
       "type": "Point",
       "coordinates":  [ 121.512878418,25.0596485138 ]
    },
    "properties": {
    "機構名稱":"吉馨安居家護理所",
    "機構代碼":"B10100021",
    "機構種類":"B1",
    "縣市":"臺北市",
    "區":"大同區",
    "地址全址":"臺北市大同區甘州路51號4樓",
    "O_ABC":"B",
    "特約服務項目":"專業照護服務"
    }
  },
  {
    "type": "Feature",
    "geometry": {
       "type": "Point",
       "coordinates":  [ 121.5098190308,25.0239982605 ]
    },
    "properties": {
    "機構名稱":"同仁醫療財團法人萬華醫院",
    "機構代碼":"B20100026",
    "機構種類":"B2",
    "縣市":"臺北市",
    "區":"萬華區",
    "地址全址":"臺北市萬華區騰雲里中華路2段606巷6號",
    "O_ABC":"B",
    "特約服務項目":"專業照護服務"
    }
  },
  {
    "type": "Feature",
    "geometry": {
       "type": "Point",
       "coordinates":  [ 121.5098266602,25.0240497589 ]
    },
    "properties": {
    "機構名稱":"同仁醫療財團法人萬華醫院",
    "機構代碼":"B20100100",
    "機構種類":"B2",
    "縣市":"臺北市",
    "區":"萬華區",
    "地址全址":"臺北市萬華區中華路2段606巷6號",
    "O_ABC":"B",
    "特約服務項目":"專業照護服務"
    }
  },
  {
    "type": "Feature",
    "geometry": {
       "type": "Point",
       "coordinates":  [ 121.5098266602,25.0240497589 ]
    },
    "properties": {
    "機構名稱":"同仁院醫療財團法人萬華醫院附設居家護理所",
    "機構代碼":"B10100054",
    "機構種類":"B1",
    "縣市":"臺北市",
    "區":"萬華區",
    "地址全址":"臺北市萬華區中華路2段606巷6號",
    "O_ABC":"B",
    "特約服務項目":"專業照護服務"
    }
  },
  {
    "type": "Feature",
    "geometry": {
       "type": "Point",
       "coordinates":  [ 121.5098190308,25.0239982605 ]
    },
    "properties": {
    "機構名稱":"同仁院醫療財團法人附設居家護理所",
    "機構代碼":"B10100036",
    "機構種類":"B1",
    "縣市":"臺北市",
    "區":"萬華區",
    "地址全址":"臺北市萬華區中華路2段606巷6號6樓",
    "O_ABC":"B",
    "特約服務項目":"專業照護服務"
    }
  },
  {
    "type": "Feature",
    "geometry": {
       "type": "Point",
       "coordinates":  [ 121.5098190308,25.0239982605 ]
    },
    "properties": {
    "機構名稱":"同仁院醫療財團法人附設居家護理所",
    "機構代碼":"B10100048",
    "機構種類":"B1",
    "縣市":"臺北市",
    "區":"萬華區",
    "地址全址":"臺北市萬華區騰雲里中華路2段606巷6號",
    "O_ABC":"B",
    "特約服務項目":"專業照護服務"
    }
  },
  {
    "type": "Feature",
    "geometry": {
       "type": "Point",
       "coordinates":  [ 121.4916000366,25.0254077911 ]
    },
    "properties": {
    "機構名稱":"哈佛物理治療所",
    "機構代碼":"B40100005",
    "機構種類":"B4",
    "縣市":"臺北市",
    "區":"萬華區",
    "地址全址":"臺北市萬華區西圓路二段362號7樓",
    "O_ABC":"B",
    "特約服務項目":"專業照護服務"
    }
  },
  {
    "type": "Feature",
    "geometry": {
       "type": "Point",
       "coordinates":  [ 121.505355835,25.0445957184 ]
    },
    "properties": {
    "機構名稱":"善新健康事業有限公司附設臺北市私立善新居家長照機構",
    "機構代碼":"1R0100072",
    "機構種類":"1",
    "縣市":"臺北市",
    "區":"萬華區",
    "地址全址":"臺北市萬華區萬壽里昆明街 35-1號5樓",
    "O_ABC":"B",
    "特約服務項目":"居家服務"
    }
  },
  {
    "type": "Feature",
    "geometry": {
       "type": "Point",
       "coordinates":  [ 121.549911499,25.0412979126 ]
    },
    "properties": {
    "機構名稱":"善誠健康事業股份有限公司附設臺北市私立大安善誠居家長照機構",
    "機構代碼":"1V0100048",
    "機構種類":"1",
    "縣市":"臺北市",
    "區":"大安區",
    "地址全址":"臺北市大安區忠孝東路4段148號7樓717室",
    "O_ABC":"B",
    "特約服務項目":"居家服務;喘息服務"
    }
  },
  {
    "type": "Feature",
    "geometry": {
       "type": "Point",
       "coordinates":  [ 121.5617523193,25.0487098694 ]
    },
    "properties": {
    "機構名稱":"喜樂園長照股份有限公司附設臺北市私立喜樂園居家長照機構",
    "機構代碼":"1R0100011",
    "機構種類":"1",
    "縣市":"臺北市",
    "區":"松山區",
    "地址全址":"臺北市松山區吉祥里八德路4段123號2樓之4",
    "O_ABC":"B",
    "特約服務項目":"居家服務;喘息服務"
    }
  },
  {
    "type": "Feature",
    "geometry": {
       "type": "Point",
       "coordinates":  [ 121.5754165649,25.0498504639 ]
    },
    "properties": {
    "機構名稱":"嘉祿健康事業有限公司附設臺北市私立佳祿居家長照機構",
    "機構代碼":"1V0100049",
    "機構種類":"1",
    "縣市":"臺北市",
    "區":"松山區",
    "地址全址":"臺北市松山區八德路4段656號4樓(666室)",
    "O_ABC":"B",
    "特約服務項目":"居家服務"
    }
  },
  {
    "type": "Feature",
    "geometry": {
       "type": "Point",
       "coordinates":  [ 121.5123138428,25.0645103455 ]
    },
    "properties": {
    "機構名稱":"嘉陞健康事業股份有限公司附設臺北市私立嘉陞居家長照機構",
    "機構代碼":"1R0100046",
    "機構種類":"1",
    "縣市":"臺北市",
    "區":"大同區",
    "地址全址":"臺北市大同區民權西路136號15樓之3",
    "O_ABC":"B",
    "特約服務項目":"喘息服務;居家服務"
    }
  },
  {
    "type": "Feature",
    "geometry": {
       "type": "Point",
       "coordinates":  [ 121.5110473633,25.0634365082 ]
    },
    "properties": {
    "機構名稱":"四季春健康管理顧問事業股份有限公司附設臺北市私立四季春社區長照機構",
    "機構代碼":"2R0100009",
    "機構種類":"2",
    "縣市":"臺北市",
    "區":"大同區",
    "地址全址":"臺北市大同區延平北路三段4號3樓、3樓之1",
    "O_ABC":"B",
    "特約服務項目":"日間照顧服務"
    }
  },
  {
    "type": "Feature",
    "geometry": {
       "type": "Point",
       "coordinates":  [ 121.5110473633,25.0634365082 ]
    },
    "properties": {
    "機構名稱":"四正勤關懷照護有限公司附設臺北市私立四正勤居家長照機構",
    "機構代碼":"1V0100053",
    "機構種類":"1",
    "縣市":"臺北市",
    "區":"大同區",
    "地址全址":"臺北市大同區延平北路3段4號5樓之1(R530室)",
    "O_ABC":"B",
    "特約服務項目":"居家服務;喘息服務"
    }
  },
  {
    "type": "Feature",
    "geometry": {
       "type": "Point",
       "coordinates":  [ 121.5462799072,25.0425357819 ]
    },
    "properties": {
    "機構名稱":"回復點藥局",
    "機構代碼":"B30100007",
    "機構種類":"B3",
    "縣市":"臺北市",
    "區":"大安區",
    "地址全址":"臺北市大安區大安路一段65號2樓之1",
    "O_ABC":"B",
    "特約服務項目":"專業照護服務"
    }
  },
  {
    "type": "Feature",
    "geometry": {
       "type": "Point",
       "coordinates":  [ 121.4912567139,25.137342453 ]
    },
    "properties": {
    "機構名稱":"國亨行銷事業股份有限公司附設臺北市私立好好社區長照機構",
    "機構代碼":"2R0100020",
    "機構種類":"2",
    "縣市":"臺北市",
    "區":"北投區",
    "地址全址":"臺北市北投區豐年里大業路527巷33號1樓",
    "O_ABC":"B",
    "特約服務項目":"日間照顧服務;喘息服務"
    }
  },
  {
    "type": "Feature",
    "geometry": {
       "type": "Point",
       "coordinates":  [ 1.0,1.0 ]
    },
    "properties": {
    "機構名稱":"國泰醫療財團法人國泰綜合醫院",
    "機構代碼":"B20100054",
    "機構種類":"B2",
    "縣市":"臺北市",
    "區":"大安區",
    "地址全址":"臺北市大安區仁愛路四段266巷6號，280號",
    "O_ABC":"B",
    "特約服務項目":"專業照護服務"
    }
  },
  {
    "type": "Feature",
    "geometry": {
       "type": "Point",
       "coordinates":  [ 121.5548171997,25.0364532471 ]
    },
    "properties": {
    "機構名稱":"國泰醫療財團法人國泰綜合醫院附設居家護理所",
    "機構代碼":"B10100052",
    "機構種類":"B1",
    "縣市":"臺北市",
    "區":"大安區",
    "地址全址":"臺北市大安區敦煌里仁愛路4段280號第一分館(B2F)",
    "O_ABC":"B",
    "特約服務項目":"專業照護服務"
    }
  },
  {
    "type": "Feature",
    "geometry": {
       "type": "Point",
       "coordinates":  [ 121.5535812378,25.0368881226 ]
    },
    "properties": {
    "機構名稱":"國泰醫療財團法人附設居家護理所",
    "機構代碼":"B10100011",
    "機構種類":"B1",
    "縣市":"臺北市",
    "區":"大安區",
    "地址全址":"臺北市大安區敦煌里仁愛路四段280號",
    "O_ABC":"B",
    "特約服務項目":"專業照護服務"
    }
  },
  {
    "type": "Feature",
    "geometry": {
       "type": "Point",
       "coordinates":  [ 121.5035705566,25.0417194366 ]
    },
    "properties": {
    "機構名稱":"國立臺灣大學醫學院附設醫院北護分院",
    "機構代碼":"B20100023",
    "機構種類":"B2",
    "縣市":"臺北市",
    "區":"萬華區",
    "地址全址":"臺北市萬華區內江街87號",
    "O_ABC":"A",
    "特約服務項目":"個案管理服務"
    }
  },
  {
    "type": "Feature",
    "geometry": {
       "type": "Point",
       "coordinates":  [ 121.5035705566,25.0417194366 ]
    },
    "properties": {
    "機構名稱":"國立臺灣大學醫學院附設醫院北護分院",
    "機構代碼":"B20100023",
    "機構種類":"B2",
    "縣市":"臺北市",
    "區":"萬華區",
    "地址全址":"臺北市萬華區內江街87號",
    "O_ABC":"B",
    "特約服務項目":"居家失能個案家庭醫師照護服務;專業照護服務"
    }
  },
  {
    "type": "Feature",
    "geometry": {
       "type": "Point",
       "coordinates":  [ 121.5035476685,25.0417385101 ]
    },
    "properties": {
    "機構名稱":"國立臺灣大學醫學院附設醫院北護分院附設護理之家",
    "機構代碼":"A30100022",
    "機構種類":"A3",
    "縣市":"臺北市",
    "區":"萬華區",
    "地址全址":"臺北市萬華區內江街87號7、8、9樓",
    "O_ABC":"B",
    "特約服務項目":"喘息服務"
    }
  },
  {
    "type": "Feature",
    "geometry": {
       "type": "Point",
       "coordinates":  [ 121.4984588623,25.1426258087 ]
    },
    "properties": {
    "機構名稱":"國軒企業有限公司附設臺北市私立國軒居家長照機構",
    "機構代碼":"1V0100054",
    "機構種類":"1",
    "縣市":"臺北市",
    "區":"北投區",
    "地址全址":"臺北市北投區中和街395號1樓",
    "O_ABC":"B",
    "特約服務項目":"喘息服務;居家服務"
    }
  },
  {
    "type": "Feature",
    "geometry": {
       "type": "Point",
       "coordinates":  [ 121.5926513672,25.068195343 ]
    },
    "properties": {
    "機構名稱":"圓石實業股份有限公司附設臺北市私立內湖圓石社區長照機構",
    "機構代碼":"2V0100001",
    "機構種類":"2",
    "縣市":"臺北市",
    "區":"內湖區",
    "地址全址":"臺北市內湖區民權東路6段180巷6號8樓",
    "O_ABC":"B",
    "特約服務項目":"日間照顧服務;喘息服務"
    }
  },
  {
    "type": "Feature",
    "geometry": {
       "type": "Point",
       "coordinates":  [ 121.5112609863,25.056596756 ]
    },
    "properties": {
    "機構名稱":"圓石實業股份有限公司附設臺北市私立大同圓石社區長照機構",
    "機構代碼":"2V0100005",
    "機構種類":"2",
    "縣市":"臺北市",
    "區":"大同區",
    "地址全址":"臺北市大同區永樂里延平北路2段96號3樓",
    "O_ABC":"B",
    "特約服務項目":"小規模多機能服務;喘息服務;日間照顧服務"
    }
  },
  {
    "type": "Feature",
    "geometry": {
       "type": "Point",
       "coordinates":  [ 121.5115203857,25.0565166473 ]
    },
    "properties": {
    "機構名稱":"圓石實業股份有限公司附設臺北市私立大稻埕圓石社區長照機構",
    "機構代碼":"2V0100006",
    "機構種類":"2",
    "縣市":"臺北市",
    "區":"大同區",
    "地址全址":"臺北市大同區延平北路2段96號3樓之1",
    "O_ABC":"B",
    "特約服務項目":"日間照顧服務;喘息服務"
    }
  },
  {
    "type": "Feature",
    "geometry": {
       "type": "Point",
       "coordinates":  [ 121.5493545532,24.9848461151 ]
    },
    "properties": {
    "機構名稱":"圓石實業股份有限公司附設臺北市私立文山和興圓石社區長照機構",
    "機構代碼":"2V0100013",
    "機構種類":"2",
    "縣市":"臺北市",
    "區":"文山區",
    "地址全址":"臺北市文山區和興路88號1樓",
    "O_ABC":"B",
    "特約服務項目":"喘息服務;日間照顧服務"
    }
  },
  {
    "type": "Feature",
    "geometry": {
       "type": "Point",
       "coordinates":  [ 121.5473403931,25.0480537415 ]
    },
    "properties": {
    "機構名稱":"基督復臨安息日會醫療財團法人附設臺安居家護理所",
    "機構代碼":"B10100008",
    "機構種類":"B1",
    "縣市":"臺北市",
    "區":"松山區",
    "地址全址":"臺北市松山區民福里八德路二段424號",
    "O_ABC":"B",
    "特約服務項目":"專業照護服務"
    }
  },
  {
    "type": "Feature",
    "geometry": {
       "type": "Point",
       "coordinates":  [ 121.528755188,25.1036128998 ]
    },
    "properties": {
    "機構名稱":"士林區芝山岩社區發展協會",
    "機構代碼":"BF0100131",
    "機構種類":"BF",
    "縣市":"臺北市",
    "區":"士林區",
    "地址全址":"臺北市士林區名山里雨聲街68號(芝山岩區民活動中心)",
    "O_ABC":"C",
    "特約服務項目":"巷弄長照站"
    }
  },
  {
    "type": "Feature",
    "geometry": {
       "type": "Point",
       "coordinates":  [ 121.5601119995,24.9936923981 ]
    },
    "properties": {
    "機構名稱":"壽合居家職能治療所",
    "機構代碼":"B50100003",
    "機構種類":"B5",
    "縣市":"臺北市",
    "區":"文山區",
    "地址全址":"臺北市文山區興家里興隆路三段221巷4弄14號",
    "O_ABC":"B",
    "特約服務項目":"專業照護服務;專業照護服務(CC01)"
    }
  },
  {
    "type": "Feature",
    "geometry": {
       "type": "Point",
       "coordinates":  [ 121.5471191406,25.0519790649 ]
    },
    "properties": {
    "機構名稱":"夢想銀髮方舟股份有限公司附設臺北市私立花博居家長照機構",
    "機構代碼":"1V0100055",
    "機構種類":"1",
    "縣市":"臺北市",
    "區":"松山區",
    "地址全址":"臺北市松山區南京東路3段311號8樓",
    "O_ABC":"B",
    "特約服務項目":"喘息服務;居家服務"
    }
  },
  {
    "type": "Feature",
    "geometry": {
       "type": "Point",
       "coordinates":  [ 121.605758667,25.0577812195 ]
    },
    "properties": {
    "機構名稱":"大中華國際租賃有限公司",
    "機構代碼":"BA0100027",
    "機構種類":"BA",
    "縣市":"臺北市",
    "區":"南港區",
    "地址全址":"臺北市南港區重陽路318號",
    "O_ABC":"B",
    "特約服務項目":"交通接送服務"
    }
  },
  {
    "type": "Feature",
    "geometry": {
       "type": "Point",
       "coordinates":  [ 121.5927505493,25.0694465637 ]
    },
    "properties": {
    "機構名稱":"大安健康股份有限公司附設臺北市私立大安居家長照機構",
    "機構代碼":"1R0100059",
    "機構種類":"1",
    "縣市":"臺北市",
    "區":"內湖區",
    "地址全址":"臺北市內湖區寶湖里民權東路6段123巷16號6樓",
    "O_ABC":"B",
    "特約服務項目":"居家服務;喘息服務"
    }
  },
  {
    "type": "Feature",
    "geometry": {
       "type": "Point",
       "coordinates":  [ 121.5423812866,25.0351638794 ]
    },
    "properties": {
    "機構名稱":"大安居家語言治療所",
    "機構代碼":"B70100003",
    "機構種類":"B7",
    "縣市":"臺北市",
    "區":"大安區",
    "地址全址":"臺北市大安區信義路三段147巷15弄5號7樓",
    "O_ABC":"B",
    "特約服務項目":"專業照護服務"
    }
  },
  {
    "type": "Feature",
    "geometry": {
       "type": "Point",
       "coordinates":  [ 121.5290527344,25.1145648956 ]
    },
    "properties": {
    "機構名稱":"大心居家職能治療所",
    "機構代碼":"B50100002",
    "機構種類":"B5",
    "縣市":"臺北市",
    "區":"士林區",
    "地址全址":"臺北市士林區天祿里中山北路六段754巷22之1號",
    "O_ABC":"B",
    "特約服務項目":"專業照護服務;專業照護服務(CC01)"
    }
  },
  {
    "type": "Feature",
    "geometry": {
       "type": "Point",
       "coordinates":  [ 121.5257492065,25.0911312103 ]
    },
    "properties": {
    "機構名稱":"大東健保藥局",
    "機構代碼":"B30100002",
    "機構種類":"B3",
    "縣市":"臺北市",
    "區":"士林區",
    "地址全址":"臺北市士林區仁勇里大東路86之4號",
    "O_ABC":"B",
    "特約服務項目":"專業照護服務"
    }
  },
  {
    "type": "Feature",
    "geometry": {
       "type": "Point",
       "coordinates":  [ 121.549911499,25.0836029053 ]
    },
    "properties": {
    "機構名稱":"大直復健科診所",
    "機構代碼":"B20100038",
    "機構種類":"B2",
    "縣市":"臺北市",
    "區":"中山區",
    "地址全址":"臺北市中山區北安路630巷25弄16號",
    "O_ABC":"B",
    "特約服務項目":"居家失能個案家庭醫師照護服務"
    }
  },
  {
    "type": "Feature",
    "geometry": {
       "type": "Point",
       "coordinates":  [ 121.543800354,25.0306911469 ]
    },
    "properties": {
    "機構名稱":"天勤健康生活事業有限公司附設臺北市私立天勤居家長照機構",
    "機構代碼":"1R0100058",
    "機構種類":"1",
    "縣市":"臺北市",
    "區":"大安區",
    "地址全址":"臺北市大安區復興南路2段65號6樓之5",
    "O_ABC":"A",
    "特約服務項目":"個案管理服務"
    }
  },
  {
    "type": "Feature",
    "geometry": {
       "type": "Point",
       "coordinates":  [ 121.543800354,25.0306911469 ]
    },
    "properties": {
    "機構名稱":"天勤健康生活事業有限公司附設臺北市私立天勤居家長照機構",
    "機構代碼":"1R0100058",
    "機構種類":"1",
    "縣市":"臺北市",
    "區":"大安區",
    "地址全址":"臺北市大安區復興南路2段65號6樓之5",
    "O_ABC":"B",
    "特約服務項目":"居家服務;喘息服務"
    }
  },
  {
    "type": "Feature",
    "geometry": {
       "type": "Point",
       "coordinates":  [ 121.4950714111,25.0246353149 ]
    },
    "properties": {
    "機構名稱":"天行健診所",
    "機構代碼":"B20100047",
    "機構種類":"B2",
    "縣市":"臺北市",
    "區":"萬華區",
    "地址全址":"臺北市萬華區寶興街121、125、127號",
    "O_ABC":"B",
    "特約服務項目":"居家失能個案家庭醫師照護服務"
    }
  },
  {
    "type": "Feature",
    "geometry": {
       "type": "Point",
       "coordinates":  [ 121.5378494263,24.9943199158 ]
    },
    "properties": {
    "機構名稱":"太豐交通有限公司",
    "機構代碼":"BA0100004",
    "機構種類":"BA",
    "縣市":"臺北市",
    "區":"文山區",
    "地址全址":"臺北市文山區景福街196號",
    "O_ABC":"B",
    "特約服務項目":"交通接送服務"
    }
  },
  {
    "type": "Feature",
    "geometry": {
       "type": "Point",
       "coordinates":  [ 121.5649871826,24.9825820923 ]
    },
    "properties": {
    "機構名稱":"太豐交通有限公司",
    "機構代碼":"BA0100046",
    "機構種類":"BA",
    "縣市":"臺北市",
    "區":"文山區",
    "地址全址":"臺北市文山區木新路三段11號",
    "O_ABC":"B",
    "特約服務項目":"交通接送服務(DA01)"
    }
  },
  {
    "type": "Feature",
    "geometry": {
       "type": "Point",
       "coordinates":  [ 121.5151367188,25.0551662445 ]
    },
    "properties": {
    "機構名稱":"奇恩健康有限公司附設臺北市私立翔旭居家長照機構",
    "機構代碼":"1R0100051",
    "機構種類":"1",
    "縣市":"臺北市",
    "區":"大同區",
    "地址全址":"臺北市大同區寧夏路23-1號2樓206室",
    "O_ABC":"B",
    "特約服務項目":"喘息服務;居家服務"
    }
  },
  {
    "type": "Feature",
    "geometry": {
       "type": "Point",
       "coordinates":  [ 121.5264968872,25.0423641205 ]
    },
    "properties": {
    "機構名稱":"好康居家呼吸照護所",
    "機構代碼":"B80100001",
    "機構種類":"B8",
    "縣市":"臺北市",
    "區":"中正區",
    "地址全址":"臺北市中正區砂子杭州南路一段23號",
    "O_ABC":"B",
    "特約服務項目":"專業照護服務"
    }
  },
  {
    "type": "Feature",
    "geometry": {
       "type": "Point",
       "coordinates":  [ 121.5113525391,25.0866622925 ]
    },
    "properties": {
    "機構名稱":"好拾光居家有限公司附設臺北市私立好拾光居家長照機構",
    "機構代碼":"1R0100068",
    "機構種類":"1",
    "縣市":"臺北市",
    "區":"士林區",
    "地址全址":"臺北市士林區重慶北路四段248號4樓407室",
    "O_ABC":"B",
    "特約服務項目":"居家服務"
    }
  },
  {
    "type": "Feature",
    "geometry": {
       "type": "Point",
       "coordinates":  [ 121.5203170776,25.063583374 ]
    },
    "properties": {
    "機構名稱":"好朋友居家職能治療所",
    "機構代碼":"B50100006",
    "機構種類":"B5",
    "縣市":"臺北市",
    "區":"中山區",
    "地址全址":"臺北市中山區撫順街25號9樓之4",
    "O_ABC":"B",
    "特約服務項目":"專業照護服務(CC01);專業照護服務"
    }
  },
  {
    "type": "Feature",
    "geometry": {
       "type": "Point",
       "coordinates":  [ 121.501449585,25.0280723572 ]
    },
    "properties": {
    "機構名稱":"好服有限公司附設臺北市私立顧得豪居家長照機構",
    "機構代碼":"1V0100044",
    "機構種類":"1",
    "縣市":"臺北市",
    "區":"萬華區",
    "地址全址":"臺北市萬華區新安里萬大路187巷42號1樓",
    "O_ABC":"B",
    "特約服務項目":"居家服務"
    }
  },
  {
    "type": "Feature",
    "geometry": {
       "type": "Point",
       "coordinates":  [ 121.5953216553,25.0547142029 ]
    },
    "properties": {
    "機構名稱":"好爸爸無障礙爬梯機接送有限公司",
    "機構代碼":"BA0100033",
    "機構種類":"BA",
    "縣市":"臺北市",
    "區":"南港區",
    "地址全址":"臺北市南港區向陽路122號",
    "O_ABC":"B",
    "特約服務項目":"交通接送服務(DA01)"
    }
  },
  {
    "type": "Feature",
    "geometry": {
       "type": "Point",
       "coordinates":  [ 121.5167236328,25.1081428528 ]
    },
    "properties": {
    "機構名稱":"好爸爸無障礙爬梯機接送有限公司",
    "機構代碼":"BB0100014",
    "機構種類":"BB",
    "縣市":"臺北市",
    "區":"北投區",
    "地址全址":"臺北市北投區文林里致遠一路1段29號1樓",
    "O_ABC":"B",
    "特約服務項目":"輔具及居家無障礙環境服務"
    }
  },
  {
    "type": "Feature",
    "geometry": {
       "type": "Point",
       "coordinates":  [ 121.5370025635,25.0009212494 ]
    },
    "properties": {
    "機構名稱":"好物理治療所",
    "機構代碼":"B40100006",
    "機構種類":"B4",
    "縣市":"臺北市",
    "區":"文山區",
    "地址全址":"臺北市文山區萬隆里萬隆街64號",
    "O_ABC":"B",
    "特約服務項目":"專業照護服務;專業照護服務(CC01)"
    }
  },
  {
    "type": "Feature",
    "geometry": {
       "type": "Point",
       "coordinates":  [ 121.5286483765,25.0518875122 ]
    },
    "properties": {
    "機構名稱":"好生活居家職能治療所",
    "機構代碼":"B50100021",
    "機構種類":"B5",
    "縣市":"臺北市",
    "區":"中山區",
    "地址全址":"臺北市中山區中山北路三段25之12號（1樓128室）",
    "O_ABC":"B",
    "特約服務項目":"專業照護服務"
    }
  },
  {
    "type": "Feature",
    "geometry": {
       "type": "Point",
       "coordinates":  [ 121.4998245239,25.018535614 ]
    },
    "properties": {
    "機構名稱":"孝恩居家職能治療所",
    "機構代碼":"B50100007",
    "機構種類":"B5",
    "縣市":"臺北市",
    "區":"萬華區",
    "地址全址":"臺北市萬華區興德里富民路145巷15弄11號",
    "O_ABC":"B",
    "特約服務項目":"專業照護服務"
    }
  },
  {
    "type": "Feature",
    "geometry": {
       "type": "Point",
       "coordinates":  [ 121.5545883179,25.0329475403 ]
    },
    "properties": {
    "機構名稱":"守護星股份有限公司附設臺北市私立守護星居家長照機構",
    "機構代碼":"1R0100069",
    "機構種類":"1",
    "縣市":"臺北市",
    "區":"大安區",
    "地址全址":"臺北市大安區通化里信義路四段296號15樓5-2室",
    "O_ABC":"B",
    "特約服務項目":"居家服務"
    }
  },
  {
    "type": "Feature",
    "geometry": {
       "type": "Point",
       "coordinates":  [ 121.5564956665,25.0518341064 ]
    },
    "properties": {
    "機構名稱":"安健維康物理治療所",
    "機構代碼":"B40100002",
    "機構種類":"B4",
    "縣市":"臺北市",
    "區":"松山區",
    "地址全址":"臺北市松山區新東里南京東路四段183號",
    "O_ABC":"B",
    "特約服務項目":"專業照護服務(CC01);專業照護服務"
    }
  },
  {
    "type": "Feature",
    "geometry": {
       "type": "Point",
       "coordinates":  [ 121.5124816895,25.0833892822 ]
    },
    "properties": {
    "機構名稱":"安安物理治療所",
    "機構代碼":"B40100013",
    "機構種類":"B4",
    "縣市":"臺北市",
    "區":"士林區",
    "地址全址":"臺北市士林區重慶北路四段136號1樓",
    "O_ABC":"B",
    "特約服務項目":"專業照護服務(CC01);專業照護服務"
    }
  },
  {
    "type": "Feature",
    "geometry": {
       "type": "Point",
       "coordinates":  [ 121.5437469482,25.054473877 ]
    },
    "properties": {
    "機構名稱":"安德利互聯網股份有限公司附設臺北市私立安德利居家長照機構",
    "機構代碼":"1V0100013",
    "機構種類":"1",
    "縣市":"臺北市",
    "區":"中山區",
    "地址全址":"臺北市中山區五常街51號2樓",
    "O_ABC":"B",
    "特約服務項目":"居家服務;喘息服務"
    }
  },
  {
    "type": "Feature",
    "geometry": {
       "type": "Point",
       "coordinates":  [ 121.442527771,24.9845027924 ]
    },
    "properties": {
    "機構名稱":"安心好生活股份有限公司附設臺北市私立佳愛居家長照機構",
    "機構代碼":"1R0100044",
    "機構種類":"1",
    "縣市":"臺北市",
    "區":"中山區",
    "地址全址":"臺北市中山區朱崙里長安東路2段230號6樓之5",
    "O_ABC":"B",
    "特約服務項目":"喘息服務;居家服務"
    }
  },
  {
    "type": "Feature",
    "geometry": {
       "type": "Point",
       "coordinates":  [ 121.5562820435,25.0411548615 ]
    },
    "properties": {
    "機構名稱":"安心居家服務有限公司附設台北市私立安心居家長照機構",
    "機構代碼":"1R0100071",
    "機構種類":"1",
    "縣市":"臺北市",
    "區":"大安區",
    "地址全址":"臺北市大安區忠孝東路四段300號五樓",
    "O_ABC":"B",
    "特約服務項目":"居家服務;喘息服務"
    }
  },
  {
    "type": "Feature",
    "geometry": {
       "type": "Point",
       "coordinates":  [ 121.532661438,25.0481796265 ]
    },
    "properties": {
    "機構名稱":"安歆居家護理所",
    "機構代碼":"B10100024",
    "機構種類":"B1",
    "縣市":"臺北市",
    "區":"中山區",
    "地址全址":"臺北市中山區松江路50號3樓",
    "O_ABC":"B",
    "特約服務項目":"專業照護服務"
    }
  },
  {
    "type": "Feature",
    "geometry": {
       "type": "Point",
       "coordinates":  [ 121.5462799072,25.0425357819 ]
    },
    "properties": {
    "機構名稱":"安民家庭醫學科診所",
    "機構代碼":"B20100032",
    "機構種類":"B2",
    "縣市":"臺北市",
    "區":"大安區",
    "地址全址":"臺北市大安區大安路一段65號2樓之1",
    "O_ABC":"B",
    "特約服務項目":"專業照護服務;居家失能個案家庭醫師照護服務"
    }
  },
  {
    "type": "Feature",
    "geometry": {
       "type": "Point",
       "coordinates":  [ 121.569694519,25.0510616302 ]
    },
    "properties": {
    "機構名稱":"安照股份有限公司附設臺北市私立安照居家長照機構",
    "機構代碼":"1R0100066",
    "機構種類":"1",
    "縣市":"臺北市",
    "區":"松山區",
    "地址全址":"臺北市松山區南京東路5段356號8樓之1(801室)",
    "O_ABC":"B",
    "特約服務項目":"居家服務"
    }
  },
  {
    "type": "Feature",
    "geometry": {
       "type": "Point",
       "coordinates":  [ 121.5763702393,25.0477600098 ]
    },
    "properties": {
    "機構名稱":"宏光物理治療所",
    "機構代碼":"B40100022",
    "機構種類":"B4",
    "縣市":"臺北市",
    "區":"信義區",
    "地址全址":"臺北市信義區虎林街38號",
    "O_ABC":"B",
    "特約服務項目":"專業照護服務"
    }
  },
  {
    "type": "Feature",
    "geometry": {
       "type": "Point",
       "coordinates":  [ 121.5565948486,25.0533161163 ]
    },
    "properties": {
    "機構名稱":"宏康樂齡健康生活館",
    "機構代碼":"BB0100011",
    "機構種類":"BB",
    "縣市":"臺北市",
    "區":"松山區",
    "地址全址":"臺北市松山區光復北路172號1樓",
    "O_ABC":"B",
    "特約服務項目":"輔具及居家無障礙環境服務"
    }
  },
  {
    "type": "Feature",
    "geometry": {
       "type": "Point",
       "coordinates":  [ 121.5088577271,25.0561103821 ]
    },
    "properties": {
    "機構名稱":"宗展股份有限公司附設臺北市私立辰心居家長照機構",
    "機構代碼":"1V0100010",
    "機構種類":"1",
    "縣市":"臺北市",
    "區":"大同區",
    "地址全址":"臺北市大同區永樂里西寧北路112號4樓之1",
    "O_ABC":"B",
    "特約服務項目":"喘息服務;居家服務"
    }
  },
  {
    "type": "Feature",
    "geometry": {
       "type": "Point",
       "coordinates":  [ 121.5223770142,25.0870456696 ]
    },
    "properties": {
    "機構名稱":"宜寧居家護理所",
    "機構代碼":"B10100013",
    "機構種類":"B1",
    "縣市":"臺北市",
    "區":"士林區",
    "地址全址":"臺北市士林區前港里承德路四段235號9樓",
    "O_ABC":"B",
    "特約服務項目":"專業照護服務"
    }
  },
  {
    "type": "Feature",
    "geometry": {
       "type": "Point",
       "coordinates":  [ 121.5096740723,25.0848617554 ]
    },
    "properties": {
    "機構名稱":"宜蘭縣B級單位-佳音營養諮詢中心",
    "機構代碼":"B60100007",
    "機構種類":"B6",
    "縣市":"臺北市",
    "區":"士林區",
    "地址全址":"臺北市士林區延平北路五段253號2F",
    "O_ABC":"B",
    "特約服務項目":"營養餐飲服務"
    }
  },
  {
    "type": "Feature",
    "geometry": {
       "type": "Point",
       "coordinates":  [ 121.5355606079,25.041727066 ]
    },
    "properties": {
    "機構名稱":"家恩長期照顧服務股份有限公司附設臺北市私立恩上家恩居家長照機構",
    "機構代碼":"1V0100045",
    "機構種類":"1",
    "縣市":"臺北市",
    "區":"大安區",
    "地址全址":"臺北市大安區忠孝東路三段54號2樓之1（105室）",
    "O_ABC":"B",
    "特約服務項目":"居家服務"
    }
  },
  {
    "type": "Feature",
    "geometry": {
       "type": "Point",
       "coordinates":  [ 121.5842895508,24.985994339 ]
    },
    "properties": {
    "機構名稱":"家禾認知社區關懷協會",
    "機構代碼":"BF0100186",
    "機構種類":"BF",
    "縣市":"臺北市",
    "區":"文山區",
    "地址全址":"臺北市文山區政大里政大1街3號1樓",
    "O_ABC":"C",
    "特約服務項目":"巷弄長照站"
    }
  },
  {
    "type": "Feature",
    "geometry": {
       "type": "Point",
       "coordinates":  [ 121.6165084839,25.0518093109 ]
    },
    "properties": {
    "機構名稱":"富康活力藥局",
    "機構代碼":"B30100008",
    "機構種類":"B3",
    "縣市":"臺北市",
    "區":"南港區",
    "地址全址":"臺北市南港區研究院路一段101巷8號",
    "O_ABC":"B",
    "特約服務項目":"專業照護服務"
    }
  },
  {
    "type": "Feature",
    "geometry": {
       "type": "Point",
       "coordinates":  [ 121.5578918457,24.9965229034 ]
    },
    "properties": {
    "機構名稱":"寶安健康有限公司附設臺北市私立鑫安居家長照機構",
    "機構代碼":"1R0100047",
    "機構種類":"1",
    "縣市":"臺北市",
    "區":"文山區",
    "地址全址":"臺北市文山區興隆路三段206巷10弄1號",
    "O_ABC":"B",
    "特約服務項目":"居家服務;喘息服務"
    }
  },
  {
    "type": "Feature",
    "geometry": {
       "type": "Point",
       "coordinates":  [ 121.553276062,25.0291194916 ]
    },
    "properties": {
    "機構名稱":"寶珠職能治療所",
    "機構代碼":"B50100022",
    "機構種類":"B5",
    "縣市":"臺北市",
    "區":"大安區",
    "地址全址":"臺北市大安區通化街140巷17號2樓",
    "O_ABC":"B",
    "特約服務項目":"專業照護服務;專業照護服務(CC01)"
    }
  },
  {
    "type": "Feature",
    "geometry": {
       "type": "Point",
       "coordinates":  [ 121.5879821777,25.0394821167 ]
    },
    "properties": {
    "機構名稱":"小藥師健保藥局",
    "機構代碼":"BB0100003",
    "機構種類":"BB",
    "縣市":"臺北市",
    "區":"南港區",
    "地址全址":"臺北市南港區百福里福德街320之1號1樓",
    "O_ABC":"B",
    "特約服務項目":"輔具及居家無障礙環境服務"
    }
  },
  {
    "type": "Feature",
    "geometry": {
       "type": "Point",
       "coordinates":  [ 121.5877456665,25.0528583527 ]
    },
    "properties": {
    "機構名稱":"小驢駒小客車租賃有限公司(臺北市)",
    "機構代碼":"BA0100017",
    "機構種類":"BA",
    "縣市":"臺北市",
    "區":"南港區",
    "地址全址":"臺北市南港區南港路三段93號3樓",
    "O_ABC":"B",
    "特約服務項目":"交通接送服務(DA01)"
    }
  },
  {
    "type": "Feature",
    "geometry": {
       "type": "Point",
       "coordinates":  [ 121.5113601685,25.0866661072 ]
    },
    "properties": {
    "機構名稱":"尚好物理治療所",
    "機構代碼":"B40100023",
    "機構種類":"B4",
    "縣市":"臺北市",
    "區":"士林區",
    "地址全址":"臺北市士林區重慶北路四段250號3樓",
    "O_ABC":"B",
    "特約服務項目":"專業照護服務(CC01);專業照護服務"
    }
  },
  {
    "type": "Feature",
    "geometry": {
       "type": "Point",
       "coordinates":  [ 121.5273132324,25.0970954895 ]
    },
    "properties": {
    "機構名稱":"崇仁長照股份有限公司私立元泰社區長照機構",
    "機構代碼":"2V0100002",
    "機構種類":"2",
    "縣市":"臺北市",
    "區":"士林區",
    "地址全址":"臺北市士林區中山北路5段685號2樓",
    "O_ABC":"B",
    "特約服務項目":"日間照顧服務;喘息服務"
    }
  },
  {
    "type": "Feature",
    "geometry": {
       "type": "Point",
       "coordinates":  [ 121.5262451172,25.0581970215 ]
    },
    "properties": {
    "機構名稱":"常樂企業有限公司",
    "機構代碼":"BA0100025",
    "機構種類":"BA",
    "縣市":"臺北市",
    "區":"中山區",
    "地址全址":"臺北市中山區民生東路一段51號6樓之1",
    "O_ABC":"B",
    "特約服務項目":"交通接送服務(DA01)"
    }
  },
  {
    "type": "Feature",
    "geometry": {
       "type": "Point",
       "coordinates":  [ 121.5312194824,25.0485877991 ]
    },
    "properties": {
    "機構名稱":"常青樹國際股份有限公司附設臺北市私立常青樹社區長照機構",
    "機構代碼":"2S0100033",
    "機構種類":"2",
    "縣市":"臺北市",
    "區":"中山區",
    "地址全址":"臺北市中山區興亞里長安東路二段31號5樓之一",
    "O_ABC":"B",
    "特約服務項目":"喘息服務;日間照顧服務"
    }
  },
  {
    "type": "Feature",
    "geometry": {
       "type": "Point",
       "coordinates":  [ 121.4982299805,25.0317325592 ]
    },
    "properties": {
    "機構名稱":"幸福物理治療所",
    "機構代碼":"B40100017",
    "機構種類":"B4",
    "縣市":"臺北市",
    "區":"萬華區",
    "地址全址":"臺北市萬華區雙園里西園路二段13巷12號",
    "O_ABC":"B",
    "特約服務項目":"專業照護服務(CC01);專業照護服務"
    }
  },
  {
    "type": "Feature",
    "geometry": {
       "type": "Point",
       "coordinates":  [ 121.5926513672,25.068195343 ]
    },
    "properties": {
    "機構名稱":"康健居家護理所",
    "機構代碼":"B10100060",
    "機構種類":"B1",
    "縣市":"臺北市",
    "區":"內湖區",
    "地址全址":"臺北市內湖區民權東路六段180巷6號11樓之19",
    "O_ABC":"B",
    "特約服務項目":"居家失能個案家庭醫師照護服務;專業照護服務"
    }
  },
  {
    "type": "Feature",
    "geometry": {
       "type": "Point",
       "coordinates":  [ 121.5566864014,25.0051784515 ]
    },
    "properties": {
    "機構名稱":"康和文山樂活股份有限公司附設臺北市私立杏花學塾社區長照機構",
    "機構代碼":"2V0100007",
    "機構種類":"2",
    "縣市":"臺北市",
    "區":"文山區",
    "地址全址":"臺北市文山區辛亥路4段128-1號2樓",
    "O_ABC":"B",
    "特約服務項目":"喘息服務;小規模多機能服務"
    }
  },
  {
    "type": "Feature",
    "geometry": {
       "type": "Point",
       "coordinates":  [ 121.6087799072,25.0759525299 ]
    },
    "properties": {
    "機構名稱":"康寧醫療財團法人附設康寧居家護理所",
    "機構代碼":"B10100067",
    "機構種類":"B1",
    "縣市":"臺北市",
    "區":"內湖區",
    "地址全址":"臺北市內湖區成功路五段420巷26號B1",
    "O_ABC":"B",
    "特約服務項目":"專業照護服務"
    }
  },
  {
    "type": "Feature",
    "geometry": {
       "type": "Point",
       "coordinates":  [ 121.6088027954,25.0756378174 ]
    },
    "properties": {
    "機構名稱":"康寧醫療財團法人附設臺北市私立康寧社區長照機構",
    "機構代碼":"2S0100025",
    "機構種類":"2",
    "縣市":"臺北市",
    "區":"內湖區",
    "地址全址":"臺北市內湖區成功路五段420巷28號2樓之二",
    "O_ABC":"B",
    "特約服務項目":"日間照顧服務"
    }
  },
  {
    "type": "Feature",
    "geometry": {
       "type": "Point",
       "coordinates":  [ 121.5444030762,25.0586566925 ]
    },
    "properties": {
    "機構名稱":"康年銀髮樂活股份有限公司附設臺北市私立康年復興社區長照機構",
    "機構代碼":"2R0100010",
    "機構種類":"2",
    "縣市":"臺北市",
    "區":"松山區",
    "地址全址":"臺北市松山區復興北路309號4樓",
    "O_ABC":"B",
    "特約服務項目":"日間照顧服務"
    }
  },
  {
    "type": "Feature",
    "geometry": {
       "type": "Point",
       "coordinates":  [ 121.5100250244,25.0688285828 ]
    },
    "properties": {
    "機構名稱":"康捷居家長照有限公司附設臺北市私立康捷居家式服務類長期照顧服務機構",
    "機構代碼":"1V0100025",
    "機構種類":"1",
    "縣市":"臺北市",
    "區":"大同區",
    "地址全址":"臺北市大同區民權西路225巷6號1樓",
    "O_ABC":"B",
    "特約服務項目":"居家服務;喘息服務"
    }
  },
  {
    "type": "Feature",
    "geometry": {
       "type": "Point",
       "coordinates":  [ 121.5907821655,25.0803833008 ]
    },
    "properties": {
    "機構名稱":"康育診所",
    "機構代碼":"B20100115",
    "機構種類":"B2",
    "縣市":"臺北市",
    "區":"內湖區",
    "地址全址":"臺北市內湖區成功路三段189號2F",
    "O_ABC":"B",
    "特約服務項目":"居家失能個案家庭醫師照護服務"
    }
  },
  {
    "type": "Feature",
    "geometry": {
       "type": "Point",
       "coordinates":  [ 121.5570526123,25.0482883453 ]
    },
    "properties": {
    "機構名稱":"康齡安健物理治療所",
    "機構代碼":"B40100012",
    "機構種類":"B4",
    "縣市":"臺北市",
    "區":"松山區",
    "地址全址":"臺北市松山區復勢里八德路三段225號",
    "O_ABC":"B",
    "特約服務項目":"專業照護服務"
    }
  },
  {
    "type": "Feature",
    "geometry": {
       "type": "Point",
       "coordinates":  [ 121.5210952759,25.0967292786 ]
    },
    "properties": {
    "機構名稱":"弘新醫療器材有限公司",
    "機構代碼":"BB0100010",
    "機構種類":"BB",
    "縣市":"臺北市",
    "區":"士林區",
    "地址全址":"臺北市士林區文昌路108號1樓",
    "O_ABC":"B",
    "特約服務項目":"輔具及居家無障礙環境服務"
    }
  },
  {
    "type": "Feature",
    "geometry": {
       "type": "Point",
       "coordinates":  [ 121.5779953003,25.0405979156 ]
    },
    "properties": {
    "機構名稱":"德力居家有限公司附設臺北市私立德力居家長照機構",
    "機構代碼":"1V0100040",
    "機構種類":"1",
    "縣市":"臺北市",
    "區":"信義區",
    "地址全址":"臺北市信義區忠孝東路5段482號14樓之3",
    "O_ABC":"B",
    "特約服務項目":"居家服務;喘息服務"
    }
  },
  {
    "type": "Feature",
    "geometry": {
       "type": "Point",
       "coordinates":  [ 121.5221328735,25.1145133972 ]
    },
    "properties": {
    "機構名稱":"忠孝事業有限公司附設臺北市私立忠孝居家長照機構",
    "機構代碼":"1R0100027",
    "機構種類":"1",
    "縣市":"臺北市",
    "區":"北投區",
    "地址全址":"臺北市北投區榮華里明德路283號3樓",
    "O_ABC":"B",
    "特約服務項目":"喘息服務;居家服務"
    }
  },
  {
    "type": "Feature",
    "geometry": {
       "type": "Point",
       "coordinates":  [ 121.4948043823,25.0252285004 ]
    },
    "properties": {
    "機構名稱":"快樂兒童診所",
    "機構代碼":"B20100096",
    "機構種類":"B2",
    "縣市":"臺北市",
    "區":"萬華區",
    "地址全址":"臺北市萬華區寶興街121號",
    "O_ABC":"B",
    "特約服務項目":"居家失能個案家庭醫師照護服務"
    }
  },
  {
    "type": "Feature",
    "geometry": {
       "type": "Point",
       "coordinates":  [ 121.5392532349,25.0019645691 ]
    },
    "properties": {
    "機構名稱":"恩揚有限公司附設臺北市私立恩揚居家長照機構",
    "機構代碼":"1R0100013",
    "機構種類":"1",
    "縣市":"臺北市",
    "區":"文山區",
    "地址全址":"臺北市文山區萬祥里羅斯福路5段225之1號1樓",
    "O_ABC":"B",
    "特約服務項目":"喘息服務;居家服務"
    }
  },
  {
    "type": "Feature",
    "geometry": {
       "type": "Point",
       "coordinates":  [ 121.524307251,25.0240364075 ]
    },
    "properties": {
    "機構名稱":"悠藝股份有限公司附設臺北市私立悠藝居家長照機構",
    "機構代碼":"1V0100043",
    "機構種類":"1",
    "縣市":"臺北市",
    "區":"中正區",
    "地址全址":"臺北市中正區南福里南昌路2段206號3樓之1",
    "O_ABC":"B",
    "特約服務項目":"居家服務"
    }
  },
  {
    "type": "Feature",
    "geometry": {
       "type": "Point",
       "coordinates":  [ 121.5580062866,25.0486354828 ]
    },
    "properties": {
    "機構名稱":"悠適復健科診所",
    "機構代碼":"B20100089",
    "機構種類":"B2",
    "縣市":"臺北市",
    "區":"松山區",
    "地址全址":"臺北市松山區光復北路11弄65號",
    "O_ABC":"B",
    "特約服務項目":"專業照護服務"
    }
  },
  {
    "type": "Feature",
    "geometry": {
       "type": "Point",
       "coordinates":  [ 121.5484313965,24.9998111725 ]
    },
    "properties": {
    "機構名稱":"惠安護康科技有限公司附設臺北市私立惠安居家長照機構",
    "機構代碼":"1R0100050",
    "機構種類":"1",
    "縣市":"臺北市",
    "區":"文山區",
    "地址全址":"臺北市文山區興隆路2段86巷2號1樓",
    "O_ABC":"B",
    "特約服務項目":"喘息服務;居家服務"
    }
  },
  {
    "type": "Feature",
    "geometry": {
       "type": "Point",
       "coordinates":  [ 121.5743865967,25.0392112732 ]
    },
    "properties": {
    "機構名稱":"惠璿諮詢中心",
    "機構代碼":"B60100001",
    "機構種類":"B6",
    "縣市":"臺北市",
    "區":"信義區",
    "地址全址":"臺北市信義區智誠忠孝東路五段372巷29弄15號",
    "O_ABC":"B",
    "特約服務項目":"專業照護服務"
    }
  },
  {
    "type": "Feature",
    "geometry": {
       "type": "Point",
       "coordinates":  [ 121.518409729,25.0491333008 ]
    },
    "properties": {
    "機構名稱":"愛斯特居服有限公司附設臺北市私立愛斯特居家長照機構",
    "機構代碼":"1R0100060",
    "機構種類":"1",
    "縣市":"臺北市",
    "區":"大同區",
    "地址全址":"臺北市大同區建明里市民大道一段211號11樓之27",
    "O_ABC":"B",
    "特約服務項目":"喘息服務;居家服務"
    }
  },
  {
    "type": "Feature",
    "geometry": {
       "type": "Point",
       "coordinates":  [ 121.5225296021,25.0657024384 ]
    },
    "properties": {
    "機構名稱":"愛護家健康事業股份有限公司附設臺北市私立愛護家居家長照機構",
    "機構代碼":"1V0100008",
    "機構種類":"1",
    "縣市":"臺北市",
    "區":"中山區",
    "地址全址":"臺北市中山區晴光里中山北路3段31號7樓之1",
    "O_ABC":"A",
    "特約服務項目":"個案管理服務"
    }
  },
  {
    "type": "Feature",
    "geometry": {
       "type": "Point",
       "coordinates":  [ 121.5225296021,25.0657024384 ]
    },
    "properties": {
    "機構名稱":"愛護家健康事業股份有限公司附設臺北市私立愛護家居家長照機構",
    "機構代碼":"1V0100008",
    "機構種類":"1",
    "縣市":"臺北市",
    "區":"中山區",
    "地址全址":"臺北市中山區晴光里中山北路3段31號7樓之1",
    "O_ABC":"B",
    "特約服務項目":"專業照護服務;喘息服務;居家服務"
    }
  },
  {
    "type": "Feature",
    "geometry": {
       "type": "Point",
       "coordinates":  [ 121.5912399292,25.0403423309 ]
    },
    "properties": {
    "機構名稱":"愛迪樂居家職能治療所",
    "機構代碼":"B50100011",
    "機構種類":"B5",
    "縣市":"臺北市",
    "區":"南港區",
    "地址全址":"臺北市南港區福德街373巷5號15樓",
    "O_ABC":"B",
    "特約服務項目":"專業照護服務;專業照護服務(CC01)"
    }
  },
  {
    "type": "Feature",
    "geometry": {
       "type": "Point",
       "coordinates":  [ 121.5259170532,25.0439796448 ]
    },
    "properties": {
    "機構名稱":"愛馨居服有限公司附設臺北市私立愛馨居家長照機構",
    "機構代碼":"1V0100035",
    "機構種類":"1",
    "縣市":"臺北市",
    "區":"松山區",
    "地址全址":"臺北市松山區新聚里南京東路5段230號2樓之1",
    "O_ABC":"A",
    "特約服務項目":"個案管理服務"
    }
  },
  {
    "type": "Feature",
    "geometry": {
       "type": "Point",
       "coordinates":  [ 121.5259170532,25.0439796448 ]
    },
    "properties": {
    "機構名稱":"愛馨居服有限公司附設臺北市私立愛馨居家長照機構",
    "機構代碼":"1V0100035",
    "機構種類":"1",
    "縣市":"臺北市",
    "區":"松山區",
    "地址全址":"臺北市松山區新聚里南京東路5段230號2樓之1",
    "O_ABC":"B",
    "特約服務項目":"喘息服務;居家服務"
    }
  },
  {
    "type": "Feature",
    "geometry": {
       "type": "Point",
       "coordinates":  [ 121.5656814575,25.0511760712 ]
    },
    "properties": {
    "機構名稱":"愛馨居服有限公司附設臺北市私立松山悅馨社區長照機構",
    "機構代碼":"2V0100010",
    "機構種類":"2",
    "縣市":"臺北市",
    "區":"松山區",
    "地址全址":"臺北市松山區南京東路5段230號2樓之4、2樓之5及2樓之6",
    "O_ABC":"B",
    "特約服務項目":"日間照顧服務"
    }
  },
  {
    "type": "Feature",
    "geometry": {
       "type": "Point",
       "coordinates":  [ 121.5170516968,25.0502490997 ]
    },
    "properties": {
    "機構名稱":"承德居家護理所",
    "機構代碼":"B10100032",
    "機構種類":"B1",
    "縣市":"臺北市",
    "區":"大同區",
    "地址全址":"臺北市大同區承德路一段17號7樓之9",
    "O_ABC":"B",
    "特約服務項目":"居家失能個案家庭醫師照護服務"
    }
  },
  {
    "type": "Feature",
    "geometry": {
       "type": "Point",
       "coordinates":  [ 121.5224685669,25.1175117493 ]
    },
    "properties": {
    "機構名稱":"振興醫療財團法人附設振興居家護理所",
    "機構代碼":"B10100002",
    "機構種類":"B1",
    "縣市":"臺北市",
    "區":"北投區",
    "地址全址":"臺北市北投區榮華里振興街45號",
    "O_ABC":"B",
    "特約服務項目":"專業照護服務"
    }
  },
  {
    "type": "Feature",
    "geometry": {
       "type": "Point",
       "coordinates":  [ 121.5439300537,25.0587844849 ]
    },
    "properties": {
    "機構名稱":"振芝心身醫學診所",
    "機構代碼":"B20100085",
    "機構種類":"B2",
    "縣市":"臺北市",
    "區":"中山區",
    "地址全址":"臺北市中山區復興北路282號2樓",
    "O_ABC":"B",
    "特約服務項目":"專業照護服務"
    }
  },
  {
    "type": "Feature",
    "geometry": {
       "type": "Point",
       "coordinates":  [ 121.5174484253,25.117641449 ]
    },
    "properties": {
    "機構名稱":"挺好居家職能治療所",
    "機構代碼":"B50100016",
    "機構種類":"B5",
    "縣市":"臺北市",
    "區":"北投區",
    "地址全址":"臺北市北投區石牌路二段130巷4號",
    "O_ABC":"B",
    "特約服務項目":"專業照護服務"
    }
  },
  {
    "type": "Feature",
    "geometry": {
       "type": "Point",
       "coordinates":  [ 121.569694519,25.0510635376 ]
    },
    "properties": {
    "機構名稱":"政昇藥局",
    "機構代碼":"B30100005",
    "機構種類":"B3",
    "縣市":"臺北市",
    "區":"松山區",
    "地址全址":"臺北市松山區南京東路五段356號13及14樓",
    "O_ABC":"B",
    "特約服務項目":"專業照護服務"
    }
  },
  {
    "type": "Feature",
    "geometry": {
       "type": "Point",
       "coordinates":  [ 121.520980835,25.0962810516 ]
    },
    "properties": {
    "機構名稱":"新光醫療財團法人附設新光居家護理所",
    "機構代碼":"B10100003",
    "機構種類":"B1",
    "縣市":"臺北市",
    "區":"士林區",
    "地址全址":"臺北市士林區福佳里文昌路95號",
    "O_ABC":"B",
    "特約服務項目":"專業照護服務"
    }
  },
  {
    "type": "Feature",
    "geometry": {
       "type": "Point",
       "coordinates":  [ 121.6173782349,25.0536518097 ]
    },
    "properties": {
    "機構名稱":"新富里辦公處",
    "機構代碼":"BG0100006",
    "機構種類":"BG",
    "縣市":"臺北市",
    "區":"南港區",
    "地址全址":"臺北市南港區新富里富康街25號",
    "O_ABC":"C",
    "特約服務項目":"巷弄長照站"
    }
  },
  {
    "type": "Feature",
    "geometry": {
       "type": "Point",
       "coordinates":  [ 121.5113983154,25.0866203308 ]
    },
    "properties": {
    "機構名稱":"新康居家職能治療所",
    "機構代碼":"B50100005",
    "機構種類":"B5",
    "縣市":"臺北市",
    "區":"士林區",
    "地址全址":"臺北市士林區葫東里重慶北路四段248號",
    "O_ABC":"B",
    "特約服務項目":"專業照護服務(CC01);專業照護服務"
    }
  },
  {
    "type": "Feature",
    "geometry": {
       "type": "Point",
       "coordinates":  [ 121.4991760254,25.1311435699 ]
    },
    "properties": {
    "機構名稱":"新英格蘭診所",
    "機構代碼":"B20100110",
    "機構種類":"B2",
    "縣市":"臺北市",
    "區":"中山區",
    "地址全址":"臺北市中山區中山區松江路396號",
    "O_ABC":"B",
    "特約服務項目":"居家失能個案家庭醫師照護服務"
    }
  },
  {
    "type": "Feature",
    "geometry": {
       "type": "Point",
       "coordinates":  [ 121.5288543701,25.110956192 ]
    },
    "properties": {
    "機構名稱":"施達實業有限公司附設臺北市私立施達社區長照機構",
    "機構代碼":"2V0100008",
    "機構種類":"2",
    "縣市":"臺北市",
    "區":"士林區",
    "地址全址":"臺北市士林區德行東路109巷104號2樓",
    "O_ABC":"B",
    "特約服務項目":"日間照顧服務"
    }
  },
  {
    "type": "Feature",
    "geometry": {
       "type": "Point",
       "coordinates":  [ 121.5020065308,25.138677597 ]
    },
    "properties": {
    "機構名稱":"旭耀長期照顧股份有限公司附設臺北市私立旭耀居家長照機構",
    "機構代碼":"1R0100080",
    "機構種類":"1",
    "縣市":"臺北市",
    "區":"北投區",
    "地址全址":"臺北市北投區中和街63號2樓",
    "O_ABC":"B",
    "特約服務項目":"居家服務"
    }
  },
  {
    "type": "Feature",
    "geometry": {
       "type": "Point",
       "coordinates":  [ 121.553276062,25.0291194916 ]
    },
    "properties": {
    "機構名稱":"旺得福居家物理治療所",
    "機構代碼":"B40100025",
    "機構種類":"B4",
    "縣市":"臺北市",
    "區":"中山區",
    "地址全址":"臺北市中山區民權西路20號10樓之11",
    "O_ABC":"B",
    "特約服務項目":"專業照護服務(CC01);專業照護服務"
    }
  },
  {
    "type": "Feature",
    "geometry": {
       "type": "Point",
       "coordinates":  [ 121.5174331665,25.1179237366 ]
    },
    "properties": {
    "機構名稱":"明曜醫療儀器有限公司",
    "機構代碼":"BB0100008",
    "機構種類":"BB",
    "縣市":"臺北市",
    "區":"北投區",
    "地址全址":"臺北市北投區振華里石牌路2段128號1樓",
    "O_ABC":"B",
    "特約服務項目":"輔具及居家無障礙環境服務"
    }
  },
  {
    "type": "Feature",
    "geometry": {
       "type": "Point",
       "coordinates":  [ 121.58959198,25.0726547241 ]
    },
    "properties": {
    "機構名稱":"明陽保健醫療器材有限公司",
    "機構代碼":"BB0100009",
    "機構種類":"BB",
    "縣市":"臺北市",
    "區":"內湖區",
    "地址全址":"臺北市內湖區成功路2段472號1樓",
    "O_ABC":"B",
    "特約服務項目":"輔具及居家無障礙環境服務"
    }
  },
  {
    "type": "Feature",
    "geometry": {
       "type": "Point",
       "coordinates":  [ 121.544128418,25.0331287384 ]
    },
    "properties": {
    "機構名稱":"星樂活健康長期照顧股份有限公司附設臺北市私立星樂活居家式長期照顧服務機構",
    "機構代碼":"1R0100076",
    "機構種類":"1",
    "縣市":"臺北市",
    "區":"大安區",
    "地址全址":"臺北市大安區信義路四段6號15樓之9",
    "O_ABC":"B",
    "特約服務項目":"喘息服務;居家服務"
    }
  },
  {
    "type": "Feature",
    "geometry": {
       "type": "Point",
       "coordinates":  [ 121.5255508423,25.1096839905 ]
    },
    "properties": {
    "機構名稱":"晨穎長期照顧股份有限公司附設臺北市私立晨安居家長照機構",
    "機構代碼":"1V0100061",
    "機構種類":"1",
    "縣市":"臺北市",
    "區":"士林區",
    "地址全址":"臺北市士林區蘭雅里中山北路6段264號2樓",
    "O_ABC":"B",
    "特約服務項目":"居家服務"
    }
  },
  {
    "type": "Feature",
    "geometry": {
       "type": "Point",
       "coordinates":  [ 121.5929641724,25.0491352081 ]
    },
    "properties": {
    "機構名稱":"普眾股份有限公司附設臺北市私立普眾居家長照機構",
    "機構代碼":"1V0100022",
    "機構種類":"1",
    "縣市":"臺北市",
    "區":"南港區",
    "地址全址":"臺北市南港區新光里昆陽街152巷39號1樓",
    "O_ABC":"B",
    "特約服務項目":"居家服務;喘息服務"
    }
  },
  {
    "type": "Feature",
    "geometry": {
       "type": "Point",
       "coordinates":  [ 121.541229248,24.9917163849 ]
    },
    "properties": {
    "機構名稱":"智慧長照有限公司附設臺北市私立愛關懷居家長照機構",
    "機構代碼":"1R0100017",
    "機構種類":"1",
    "縣市":"臺北市",
    "區":"信義區",
    "地址全址":"臺北市信義區忠孝東路5段1號2樓207室",
    "O_ABC":"A",
    "特約服務項目":"個案管理服務"
    }
  },
  {
    "type": "Feature",
    "geometry": {
       "type": "Point",
       "coordinates":  [ 121.541229248,24.9917163849 ]
    },
    "properties": {
    "機構名稱":"智慧長照有限公司附設臺北市私立愛關懷居家長照機構",
    "機構代碼":"1R0100017",
    "機構種類":"1",
    "縣市":"臺北市",
    "區":"信義區",
    "地址全址":"臺北市信義區忠孝東路5段1號2樓207室",
    "O_ABC":"B",
    "特約服務項目":"喘息服務;居家服務"
    }
  },
  {
    "type": "Feature",
    "geometry": {
       "type": "Point",
       "coordinates":  [ 121.5695800781,24.987159729 ]
    },
    "properties": {
    "機構名稱":"暄悅長照有限公司附設臺北市私立暄悅永安社區長照機構",
    "機構代碼":"2V0100012",
    "機構種類":"2",
    "縣市":"臺北市",
    "區":"文山區",
    "地址全址":"臺北市文山區木新里永安街6巷11號1樓",
    "O_ABC":"B",
    "特約服務項目":"喘息服務;日間照顧服務"
    }
  },
  {
    "type": "Feature",
    "geometry": {
       "type": "Point",
       "coordinates":  [ 121.5966033936,25.0811862946 ]
    },
    "properties": {
    "機構名稱":"暉宇有限公司附設臺北市私立星雲祥家社區長照機構",
    "機構代碼":"2R0100014",
    "機構種類":"2",
    "縣市":"臺北市",
    "區":"內湖區",
    "地址全址":"臺北市內湖區清白里星雲街161巷3號3樓",
    "O_ABC":"B",
    "特約服務項目":"喘息服務;日間照顧服務"
    }
  },
  {
    "type": "Feature",
    "geometry": {
       "type": "Point",
       "coordinates":  [ 121.5133895874,25.0446166992 ]
    },
    "properties": {
    "機構名稱":"暐淩居家物理治療所",
    "機構代碼":"B40100011",
    "機構種類":"B4",
    "縣市":"臺北市",
    "區":"中正區",
    "地址全址":"臺北市中正區重慶南路一段57號",
    "O_ABC":"B",
    "特約服務項目":"專業照護服務"
    }
  },
  {
    "type": "Feature",
    "geometry": {
       "type": "Point",
       "coordinates":  [ 1.0,1.0 ]
    },
    "properties": {
    "機構名稱":"暖時光職能治療所",
    "機構代碼":"B50100023",
    "機構種類":"B5",
    "縣市":"臺北市",
    "區":"中山區",
    "地址全址":"臺北市中山區長安東路2段131之2號(1樓)",
    "O_ABC":"B",
    "特約服務項目":"專業照護服務"
    }
  },
  {
    "type": "Feature",
    "geometry": {
       "type": "Point",
       "coordinates":  [ 121.5021286011,25.0226593018 ]
    },
    "properties": {
    "機構名稱":"有限責任臺北市全國照服員勞動合作社附設臺北市私立全方位居家長照機構",
    "機構代碼":"1R0100035",
    "機構種類":"1",
    "縣市":"臺北市",
    "區":"萬華區",
    "地址全址":"臺北市萬華區青年路106巷9號",
    "O_ABC":"B",
    "特約服務項目":"居家服務"
    }
  },
  {
    "type": "Feature",
    "geometry": {
       "type": "Point",
       "coordinates":  [ 121.5052032471,25.1240577698 ]
    },
    "properties": {
    "機構名稱":"有限責任臺北市樂見在照顧服務勞動合作社附設私立樂見在居家長照機構",
    "機構代碼":"1T0100002",
    "機構種類":"1",
    "縣市":"臺北市",
    "區":"松山區",
    "地址全址":"臺北市松山區中崙里松山區八德路二段447號7樓",
    "O_ABC":"B",
    "特約服務項目":"居家服務;喘息服務"
    }
  },
  {
    "type": "Feature",
    "geometry": {
       "type": "Point",
       "coordinates":  [ 121.4992370605,25.1398200989 ]
    },
    "properties": {
    "機構名稱":"有限責任臺北市育坊社區照護勞動合作社私立育坊居家長照機構",
    "機構代碼":"1T0100001",
    "機構種類":"1",
    "縣市":"臺北市",
    "區":"北投區",
    "地址全址":"臺北市北投區中庸里大同街299號",
    "O_ABC":"B",
    "特約服務項目":"居家服務;喘息服務"
    }
  },
  {
    "type": "Feature",
    "geometry": {
       "type": "Point",
       "coordinates":  [ 121.5088119507,25.0532798767 ]
    },
    "properties": {
    "機構名稱":"有限責任臺灣第二照顧服務勞動合作社附設臺北市私立二顧居家長照機構",
    "機構代碼":"1R0100012",
    "機構種類":"1",
    "縣市":"臺北市",
    "區":"中正區",
    "地址全址":"臺北市中正區羅斯福路一段102號8樓",
    "O_ABC":"B",
    "特約服務項目":"喘息服務;居家服務"
    }
  },
  {
    "type": "Feature",
    "geometry": {
       "type": "Point",
       "coordinates":  [ 121.5179367065,25.0462818146 ]
    },
    "properties": {
    "機構名稱":"朗朗語言治療所",
    "機構代碼":"B70100004",
    "機構種類":"B7",
    "縣市":"臺北市",
    "區":"中正區",
    "地址全址":"臺北市中正區忠孝西路一段45號11樓之4",
    "O_ABC":"B",
    "特約服務項目":"專業照護服務"
    }
  },
  {
    "type": "Feature",
    "geometry": {
       "type": "Point",
       "coordinates":  [ 121.6151046753,25.0455703735 ]
    },
    "properties": {
    "機構名稱":"李文珍小兒科診所",
    "機構代碼":"B20100037",
    "機構種類":"B2",
    "縣市":"臺北市",
    "區":"南港區",
    "地址全址":"臺北市南港區研究院路二段74號",
    "O_ABC":"B",
    "特約服務項目":"居家失能個案家庭醫師照護服務"
    }
  },
  {
    "type": "Feature",
    "geometry": {
       "type": "Point",
       "coordinates":  [ 121.5408935547,25.0219345093 ]
    },
    "properties": {
    "機構名稱":"李細祥內科診所",
    "機構代碼":"B20100112",
    "機構種類":"B2",
    "縣市":"臺北市",
    "區":"大安區",
    "地址全址":"臺北市大安區龍淵里辛亥路二段171巷6弄4號16樓",
    "O_ABC":"B",
    "特約服務項目":"居家失能個案家庭醫師照護服務"
    }
  },
  {
    "type": "Feature",
    "geometry": {
       "type": "Point",
       "coordinates":  [ 121.5504608154,25.0334281921 ]
    },
    "properties": {
    "機構名稱":"杏誠復健科診所",
    "機構代碼":"B20100086",
    "機構種類":"B2",
    "縣市":"臺北市",
    "區":"大安區",
    "地址全址":"臺北市大安區信義路四段173號2樓",
    "O_ABC":"B",
    "特約服務項目":"喘息服務"
    }
  },
  {
    "type": "Feature",
    "geometry": {
       "type": "Point",
       "coordinates":  [ 121.5568161011,25.0513687134 ]
    },
    "properties": {
    "機構名稱":"東和居家有限公司附設臺北市私立東和居家長照機構",
    "機構代碼":"1R0100038",
    "機構種類":"1",
    "縣市":"臺北市",
    "區":"松山區",
    "地址全址":"臺北市松山區南京東路四段170號4樓之1",
    "O_ABC":"B",
    "特約服務項目":"喘息服務;居家服務"
    }
  },
  {
    "type": "Feature",
    "geometry": {
       "type": "Point",
       "coordinates":  [ 121.541229248,24.9917163849 ]
    },
    "properties": {
    "機構名稱":"東和居家有限公司附設臺北市私立東正居家長照機構",
    "機構代碼":"1R0100039",
    "機構種類":"1",
    "縣市":"臺北市",
    "區":"文山區",
    "地址全址":"臺北市文山區景文街42號3樓305室",
    "O_ABC":"B",
    "特約服務項目":"喘息服務;居家服務"
    }
  },
  {
    "type": "Feature",
    "geometry": {
       "type": "Point",
       "coordinates":  [ 121.5783004761,25.0397357941 ]
    },
    "properties": {
    "機構名稱":"松光里辦公處",
    "機構代碼":"BF0100166",
    "機構種類":"BF",
    "縣市":"臺北市",
    "區":"信義區",
    "地址全址":"臺北市信義區松光里忠孝東路5段492巷32號",
    "O_ABC":"C",
    "特約服務項目":"巷弄長照站"
    }
  },
  {
    "type": "Feature",
    "geometry": {
       "type": "Point",
       "coordinates":  [ 121.5560531616,25.0473632812 ]
    },
    "properties": {
    "機構名稱":"松山區建源社區發展協會",
    "機構代碼":"BF0100151",
    "機構種類":"BF",
    "縣市":"臺北市",
    "區":"松山區",
    "地址全址":"臺北市松山區復建里八德路3段158巷7弄20號(復建區民活動中心)",
    "O_ABC":"C",
    "特約服務項目":"巷弄長照站"
    }
  },
  {
    "type": "Feature",
    "geometry": {
       "type": "Point",
       "coordinates":  [ 121.5875091553,25.0365447998 ]
    },
    "properties": {
    "機構名稱":"松山慈惠堂",
    "機構代碼":"BF0100084",
    "機構種類":"BF",
    "縣市":"臺北市",
    "區":"信義區",
    "地址全址":"臺北市信義區中行里中行里中行里福德街251巷33號",
    "O_ABC":"C",
    "特約服務項目":"巷弄長照站"
    }
  },
  {
    "type": "Feature",
    "geometry": {
       "type": "Point",
       "coordinates":  [ 121.5088577271,25.0561103821 ]
    },
    "properties": {
    "機構名稱":"松德長照事業有限公司附設臺北市私立松德居家長照機構",
    "機構代碼":"1V0100033",
    "機構種類":"1",
    "縣市":"臺北市",
    "區":"大同區",
    "地址全址":"臺北市大同區永樂里西寧北路112號2樓之4",
    "O_ABC":"B",
    "特約服務項目":"居家服務;喘息服務"
    }
  },
  {
    "type": "Feature",
    "geometry": {
       "type": "Point",
       "coordinates":  [ 121.5149841309,25.0627689362 ]
    },
    "properties": {
    "機構名稱":"柴寮仔社區發展協會",
    "機構代碼":"BF0100012",
    "機構種類":"BF",
    "縣市":"臺北市",
    "區":"大同區",
    "地址全址":"臺北市大同區民權里民權西路172號1樓",
    "O_ABC":"C",
    "特約服務項目":"巷弄長照站"
    }
  },
  {
    "type": "Feature",
    "geometry": {
       "type": "Point",
       "coordinates":  [ 121.5756072998,25.0410137177 ]
    },
    "properties": {
    "機構名稱":"栢麗恆全人診所",
    "機構代碼":"B20100103",
    "機構種類":"B2",
    "縣市":"臺北市",
    "區":"信義區",
    "地址全址":"臺北市信義區忠孝東路五段431號2樓",
    "O_ABC":"B",
    "特約服務項目":"居家失能個案家庭醫師照護服務"
    }
  },
  {
    "type": "Feature",
    "geometry": {
       "type": "Point",
       "coordinates":  [ 121.5109786987,25.1137466431 ]
    },
    "properties": {
    "機構名稱":"樂昱有限公司附設臺北市私立樂昱居家長照機構",
    "機構代碼":"1V0100016",
    "機構種類":"1",
    "縣市":"臺北市",
    "區":"北投區",
    "地址全址":"臺北市北投區文林里文林北路262號2樓",
    "O_ABC":"A",
    "特約服務項目":"個案管理服務"
    }
  },
  {
    "type": "Feature",
    "geometry": {
       "type": "Point",
       "coordinates":  [ 121.5109786987,25.1137466431 ]
    },
    "properties": {
    "機構名稱":"樂昱有限公司附設臺北市私立樂昱居家長照機構",
    "機構代碼":"1V0100016",
    "機構種類":"1",
    "縣市":"臺北市",
    "區":"北投區",
    "地址全址":"臺北市北投區文林里文林北路262號2樓",
    "O_ABC":"B",
    "特約服務項目":"居家服務;喘息服務"
    }
  },
  {
    "type": "Feature",
    "geometry": {
       "type": "Point",
       "coordinates":  [ 121.5279693604,25.115070343 ]
    },
    "properties": {
    "機構名稱":"樂期頤有限公司附設臺北市私立樂期頤綜合長照機構",
    "機構代碼":"4V0100002",
    "機構種類":"4",
    "縣市":"臺北市",
    "區":"士林區",
    "地址全址":"臺北市士林區天祿里中山北路6段726號5樓",
    "O_ABC":"B",
    "特約服務項目":"社區式交通接送服務(BD03);日間照顧服務"
    }
  },
  {
    "type": "Feature",
    "geometry": {
       "type": "Point",
       "coordinates":  [ 121.5088577271,25.0561103821 ]
    },
    "properties": {
    "機構名稱":"樂福健康事業有限公司附設臺北市私立樂福居家長照機構",
    "機構代碼":"1R0100008",
    "機構種類":"1",
    "縣市":"臺北市",
    "區":"大同區",
    "地址全址":"臺北市大同區永樂里西寧北路81號5樓之2",
    "O_ABC":"A",
    "特約服務項目":"個案管理服務"
    }
  },
  {
    "type": "Feature",
    "geometry": {
       "type": "Point",
       "coordinates":  [ 121.5088577271,25.0561103821 ]
    },
    "properties": {
    "機構名稱":"樂福健康事業有限公司附設臺北市私立樂福居家長照機構",
    "機構代碼":"1R0100008",
    "機構種類":"1",
    "縣市":"臺北市",
    "區":"大同區",
    "地址全址":"臺北市大同區永樂里西寧北路81號5樓之2",
    "O_ABC":"B",
    "特約服務項目":"居家服務;喘息服務"
    }
  },
  {
    "type": "Feature",
    "geometry": {
       "type": "Point",
       "coordinates":  [ 121.4909744263,25.0353431702 ]
    },
    "properties": {
    "機構名稱":"樂親居家職能治療所",
    "機構代碼":"B50100017",
    "機構種類":"B5",
    "縣市":"臺北市",
    "區":"萬華區",
    "地址全址":"臺北市萬華區和平西路三段396號106室",
    "O_ABC":"B",
    "特約服務項目":"專業照護服務(CC01);專業照護服務"
    }
  },
  {
    "type": "Feature",
    "geometry": {
       "type": "Point",
       "coordinates":  [ 121.5086898804,25.0544300079 ]
    },
    "properties": {
    "機構名稱":"樂銓管理顧問股份有限公司附設臺北市私立慶銓居家長照機構",
    "機構代碼":"1R0100074",
    "機構種類":"1",
    "縣市":"臺北市",
    "區":"大同區",
    "地址全址":"臺北市大同區永樂里西寧北路78-18號913室",
    "O_ABC":"B",
    "特約服務項目":"居家服務;喘息服務"
    }
  },
  {
    "type": "Feature",
    "geometry": {
       "type": "Point",
       "coordinates":  [ 121.5438537598,25.0354976654 ]
    },
    "properties": {
    "機構名稱":"欣昇復健科診所",
    "機構代碼":"B20100031",
    "機構種類":"B2",
    "縣市":"臺北市",
    "區":"大安區",
    "地址全址":"臺北市大安區復興南路一段283號",
    "O_ABC":"B",
    "特約服務項目":"居家失能個案家庭醫師照護服務;專業照護服務"
    }
  },
  {
    "type": "Feature",
    "geometry": {
       "type": "Point",
       "coordinates":  [ 121.5151672363,25.055978775 ]
    },
    "properties": {
    "機構名稱":"欣然銀髮發展服務事業股份有限公司私立欣然社區長照機構",
    "機構代碼":"4V0100001",
    "機構種類":"4",
    "縣市":"臺北市",
    "區":"大同區",
    "地址全址":"臺北市大同區星明里寧夏路32號4樓",
    "O_ABC":"B",
    "特約服務項目":"日間照顧服務;喘息服務"
    }
  },
  {
    "type": "Feature",
    "geometry": {
       "type": "Point",
       "coordinates":  [ 121.5214767456,25.0958023071 ]
    },
    "properties": {
    "機構名稱":"永心醫療用品有限公司",
    "機構代碼":"BB0100004",
    "機構種類":"BB",
    "縣市":"臺北市",
    "區":"士林區",
    "地址全址":"臺北市士林區福佳里文昌路52號1樓",
    "O_ABC":"B",
    "特約服務項目":"輔具及居家無障礙環境服務"
    }
  },
  {
    "type": "Feature",
    "geometry": {
       "type": "Point",
       "coordinates":  [ 121.5071563721,25.0348892212 ]
    },
    "properties": {
    "機構名稱":"永愛居家護理所",
    "機構代碼":"B10100066",
    "機構種類":"B1",
    "縣市":"臺北市",
    "區":"中正區",
    "地址全址":"臺北市中正區福州街1號10樓之2",
    "O_ABC":"B",
    "特約服務項目":"專業照護服務"
    }
  },
  {
    "type": "Feature",
    "geometry": {
       "type": "Point",
       "coordinates":  [ 121.5136032104,25.0546188354 ]
    },
    "properties": {
    "機構名稱":"永昱居家呼吸照護所",
    "機構代碼":"B10100030",
    "機構種類":"B1",
    "縣市":"臺北市",
    "區":"大同區",
    "地址全址":"臺北市大同區玉泉里南京西路155巷28號",
    "O_ABC":"B",
    "特約服務項目":"專業照護服務"
    }
  },
  {
    "type": "Feature",
    "geometry": {
       "type": "Point",
       "coordinates":  [ 121.5064239502,25.1190891266 ]
    },
    "properties": {
    "機構名稱":"永欣健康股份有限公司附設臺北市私立金永欣居家長照機構",
    "機構代碼":"1V0100058",
    "機構種類":"1",
    "縣市":"臺北市",
    "區":"北投區",
    "地址全址":"臺北市北投區立農里吉利街123巷16號1樓",
    "O_ABC":"B",
    "特約服務項目":"居家服務;喘息服務"
    }
  },
  {
    "type": "Feature",
    "geometry": {
       "type": "Point",
       "coordinates":  [ 121.5431365967,25.0251255035 ]
    },
    "properties": {
    "機構名稱":"永誠復健科診所",
    "機構代碼":"B20100087",
    "機構種類":"B2",
    "縣市":"臺北市",
    "區":"大安區",
    "地址全址":"臺北市大安區復興南路二段236號2樓",
    "O_ABC":"B",
    "特約服務項目":"專業照護服務"
    }
  },
  {
    "type": "Feature",
    "geometry": {
       "type": "Point",
       "coordinates":  [ 121.5805130005,25.050863266 ]
    },
    "properties": {
    "機構名稱":"永鑫物理治療所",
    "機構代碼":"B40100032",
    "機構種類":"B4",
    "縣市":"臺北市",
    "區":"南港區",
    "地址全址":"臺北市南港區八德路四段885號3樓",
    "O_ABC":"B",
    "特約服務項目":"專業照護服務;專業照護服務(CC01)"
    }
  },
  {
    "type": "Feature",
    "geometry": {
       "type": "Point",
       "coordinates":  [ 121.5907058716,25.0661487579 ]
    },
    "properties": {
    "機構名稱":"沃恩有限公司附設臺北市私立耆樂居家長照機構",
    "機構代碼":"1R0100054",
    "機構種類":"1",
    "縣市":"臺北市",
    "區":"內湖區",
    "地址全址":"臺北市內湖區湖元里成功路2段171號1樓",
    "O_ABC":"B",
    "特約服務項目":"居家服務;喘息服務"
    }
  },
  {
    "type": "Feature",
    "geometry": {
       "type": "Point",
       "coordinates":  [ 121.6170425415,25.0771598816 ]
    },
    "properties": {
    "機構名稱":"沐晨職能治療所",
    "機構代碼":"B50100013",
    "機構種類":"B5",
    "縣市":"臺北市",
    "區":"內湖區",
    "地址全址":"臺北市內湖區安泰街125巷19號5樓",
    "O_ABC":"B",
    "特約服務項目":"專業照護服務;專業照護服務(CC01)"
    }
  },
  {
    "type": "Feature",
    "geometry": {
       "type": "Point",
       "coordinates":  [ 121.568397522,24.9879226685 ]
    },
    "properties": {
    "機構名稱":"泉益居家有限公司附設臺北市私立泉益居家長照機構",
    "機構代碼":"1R0100028",
    "機構種類":"1",
    "縣市":"臺北市",
    "區":"文山區",
    "地址全址":"臺北市文山區保儀路38號1、2樓",
    "O_ABC":"B",
    "特約服務項目":"居家服務;喘息服務"
    }
  },
  {
    "type": "Feature",
    "geometry": {
       "type": "Point",
       "coordinates":  [ 121.4979858398,25.0244979858 ]
    },
    "properties": {
    "機構名稱":"泉益居家有限公司附設臺北市私立眾益居家長照機構",
    "機構代碼":"1V0100050",
    "機構種類":"1",
    "縣市":"臺北市",
    "區":"萬華區",
    "地址全址":"臺北市萬華區萬大路322巷67號",
    "O_ABC":"B",
    "特約服務項目":"居家服務;喘息服務"
    }
  },
  {
    "type": "Feature",
    "geometry": {
       "type": "Point",
       "coordinates":  [ 121.5315551758,25.0614681244 ]
    },
    "properties": {
    "機構名稱":"泰安醫院",
    "機構代碼":"B20100027",
    "機構種類":"B2",
    "縣市":"臺北市",
    "區":"中山區",
    "地址全址":"臺北市中山區新生里民權東路2段92巷2-1號",
    "O_ABC":"B",
    "特約服務項目":"專業照護服務;喘息服務"
    }
  },
  {
    "type": "Feature",
    "geometry": {
       "type": "Point",
       "coordinates":  [ 121.501449585,25.1322040558 ]
    },
    "properties": {
    "機構名稱":"洪耳鼻喉科診所",
    "機構代碼":"B20100043",
    "機構種類":"B2",
    "縣市":"臺北市",
    "區":"北投區",
    "地址全址":"臺北市北投區中央南路一段43號",
    "O_ABC":"B",
    "特約服務項目":"居家失能個案家庭醫師照護服務"
    }
  },
  {
    "type": "Feature",
    "geometry": {
       "type": "Point",
       "coordinates":  [ 121.5624313354,25.0580596924 ]
    },
    "properties": {
    "機構名稱":"清山交通有限公司",
    "機構代碼":"BA0100023",
    "機構種類":"BA",
    "縣市":"臺北市",
    "區":"松山區",
    "地址全址":"臺北市松山區三民路113巷12號6樓",
    "O_ABC":"B",
    "特約服務項目":"交通接送服務(DA01)"
    }
  },
  {
    "type": "Feature",
    "geometry": {
       "type": "Point",
       "coordinates":  [ 121.5764160156,25.0498714447 ]
    },
    "properties": {
    "機構名稱":"清山交通有限公司",
    "機構代碼":"BA0100049",
    "機構種類":"BA",
    "縣市":"臺北市",
    "區":"松山區",
    "地址全址":"臺北市松山區八德路四段678號7樓之7",
    "O_ABC":"B",
    "特約服務項目":"交通接送服務(DA01)"
    }
  },
  {
    "type": "Feature",
    "geometry": {
       "type": "Point",
       "coordinates":  [ 121.5458374023,25.0520076752 ]
    },
    "properties": {
    "機構名稱":"渥康國際股份有限公司附設臺北市私立康禾社區長照機構",
    "機構代碼":"2R0100007",
    "機構種類":"2",
    "縣市":"臺北市",
    "區":"松山區",
    "地址全址":"臺北市松山區南京東路三段285號3樓",
    "O_ABC":"B",
    "特約服務項目":"日間照顧服務;喘息服務"
    }
  },
  {
    "type": "Feature",
    "geometry": {
       "type": "Point",
       "coordinates":  [ 121.4989700317,25.1305122375 ]
    },
    "properties": {
    "機構名稱":"湘寓蒔光有限公司附設臺北市私立湘寓蒔光居家長照機構",
    "機構代碼":"1V0100056",
    "機構種類":"1",
    "縣市":"臺北市",
    "區":"北投區",
    "地址全址":"臺北市北投區北投路2段9號5樓之2",
    "O_ABC":"B",
    "特約服務項目":"居家服務;喘息服務"
    }
  },
  {
    "type": "Feature",
    "geometry": {
       "type": "Point",
       "coordinates":  [ 121.5437850952,25.0504817963 ]
    },
    "properties": {
    "機構名稱":"溫心企業有限公司附設臺北市私立溫心居家長照機構",
    "機構代碼":"1R0100034",
    "機構種類":"1",
    "縣市":"臺北市",
    "區":"中山區",
    "地址全址":"臺北市中山區力行里復興北路62號3樓之1(6室)",
    "O_ABC":"B",
    "特約服務項目":"居家服務;喘息服務"
    }
  },
  {
    "type": "Feature",
    "geometry": {
       "type": "Point",
       "coordinates":  [ 121.5308303833,25.1180095673 ]
    },
    "properties": {
    "機構名稱":"漢唐健康長期照護事業股份有限公司附設臺北市私立晨晞社區長照機構",
    "機構代碼":"2R0100021",
    "機構種類":"2",
    "縣市":"臺北市",
    "區":"士林區",
    "地址全址":"臺北市士林區天母東路6之4號2樓",
    "O_ABC":"B",
    "特約服務項目":"日間照顧服務"
    }
  },
  {
    "type": "Feature",
    "geometry": {
       "type": "Point",
       "coordinates":  [ 121.5150299072,25.0327758789 ]
    },
    "properties": {
    "機構名稱":"潤田健康有限公司附設臺北市私立潤田居家長照機構",
    "機構代碼":"1V0100041",
    "機構種類":"1",
    "縣市":"臺北市",
    "區":"中正區",
    "地址全址":"臺北市中正區龍福里湖口街1之3號1樓",
    "O_ABC":"B",
    "特約服務項目":"居家服務;喘息服務"
    }
  },
  {
    "type": "Feature",
    "geometry": {
       "type": "Point",
       "coordinates":  [ 121.5414123535,24.9935359955 ]
    },
    "properties": {
    "機構名稱":"澄歆居家護理所",
    "機構代碼":"B10100046",
    "機構種類":"B1",
    "縣市":"臺北市",
    "區":"文山區",
    "地址全址":"臺北市文山區台北市景文街1號11樓之7",
    "O_ABC":"B",
    "特約服務項目":"專業照護服務"
    }
  },
  {
    "type": "Feature",
    "geometry": {
       "type": "Point",
       "coordinates":  [ 121.5149765015,25.1106376648 ]
    },
    "properties": {
    "機構名稱":"王永良診所",
    "機構代碼":"B20100042",
    "機構種類":"B2",
    "縣市":"臺北市",
    "區":"北投區",
    "地址全址":"臺北市北投區自強街94號1樓",
    "O_ABC":"B",
    "特約服務項目":"居家失能個案家庭醫師照護服務"
    }
  },
  {
    "type": "Feature",
    "geometry": {
       "type": "Point",
       "coordinates":  [ 121.5455169678,25.0337734222 ]
    },
    "properties": {
    "機構名稱":"玨心為爾股份有限公司附設臺北市私立六十三社區長照機構",
    "機構代碼":"2V0100003",
    "機構種類":"2",
    "縣市":"臺北市",
    "區":"大安區",
    "地址全址":"臺北市大安區仁慈里信義路4段63號3樓",
    "O_ABC":"B",
    "特約服務項目":"日間照顧服務"
    }
  },
  {
    "type": "Feature",
    "geometry": {
       "type": "Point",
       "coordinates":  [ 121.5581359863,25.0202465057 ]
    },
    "properties": {
    "機構名稱":"瑞之盟仁芯營養諮詢中心",
    "機構代碼":"B60100011",
    "機構種類":"B6",
    "縣市":"臺北市",
    "區":"信義區",
    "地址全址":"臺北市信義區和平東路三段391巷8弄18之2號3樓",
    "O_ABC":"B",
    "特約服務項目":"專業照護服務"
    }
  },
  {
    "type": "Feature",
    "geometry": {
       "type": "Point",
       "coordinates":  [ 121.5317764282,25.0580883026 ]
    },
    "properties": {
    "機構名稱":"瑞兆居服股份有限公司附設臺北市私立瑞兆居家長照機構",
    "機構代碼":"1R0100021",
    "機構種類":"1",
    "縣市":"臺北市",
    "區":"中山區",
    "地址全址":"臺北市中山區中庄里民生東路2段119號3樓之3",
    "O_ABC":"B",
    "特約服務項目":"居家服務;喘息服務"
    }
  },
  {
    "type": "Feature",
    "geometry": {
       "type": "Point",
       "coordinates":  [ 121.531036377,25.0517597198 ]
    },
    "properties": {
    "機構名稱":"瑞禾長照有限公司附設私立春江居家長照機構",
    "機構代碼":"1R0100053",
    "機構種類":"1",
    "縣市":"臺北市",
    "區":"中山區",
    "地址全址":"臺北市中山區松江里松江路293之705號(G室)",
    "O_ABC":"B",
    "特約服務項目":"居家服務"
    }
  },
  {
    "type": "Feature",
    "geometry": {
       "type": "Point",
       "coordinates":  [ 121.524887085,25.0629062653 ]
    },
    "properties": {
    "機構名稱":"生活交通有限公司",
    "機構代碼":"BA0100042",
    "機構種類":"BA",
    "縣市":"臺北市",
    "區":"中山區",
    "地址全址":"臺北市中山區民權東路一段55號六樓",
    "O_ABC":"B",
    "特約服務項目":"交通接送服務(DA01)"
    }
  },
  {
    "type": "Feature",
    "geometry": {
       "type": "Point",
       "coordinates":  [ 121.524887085,25.0629062653 ]
    },
    "properties": {
    "機構名稱":"生通股份有限公司",
    "機構代碼":"BA0100001",
    "機構種類":"BA",
    "縣市":"臺北市",
    "區":"中山區",
    "地址全址":"臺北市中山區民權東路一段55號",
    "O_ABC":"B",
    "特約服務項目":"社區式交通接送服務(BD03);交通接送服務;交通接送服務(DA01)"
    }
  },
  {
    "type": "Feature",
    "geometry": {
       "type": "Point",
       "coordinates":  [ 121.5051727295,25.0337467194 ]
    },
    "properties": {
    "機構名稱":"百佳健康事業有限公司附設臺北市私立百佳居家長照機構",
    "機構代碼":"1R0100081",
    "機構種類":"1",
    "縣市":"臺北市",
    "區":"萬華區",
    "地址全址":"臺北市萬華區和平西路2段149號3樓之4",
    "O_ABC":"B",
    "特約服務項目":"居家服務"
    }
  },
  {
    "type": "Feature",
    "geometry": {
       "type": "Point",
       "coordinates":  [ 121.5112686157,25.0842571259 ]
    },
    "properties": {
    "機構名稱":"百齡診所附設護理之家",
    "機構代碼":"A30100018",
    "機構種類":"A3",
    "縣市":"臺北市",
    "區":"士林區",
    "地址全址":"臺北市士林區葫東里重慶北路4段187號3-7樓",
    "O_ABC":"B",
    "特約服務項目":"喘息服務"
    }
  },
  {
    "type": "Feature",
    "geometry": {
       "type": "Point",
       "coordinates":  [ 121.5474777222,25.0267086029 ]
    },
    "properties": {
    "機構名稱":"皓仁健康照護事業有限公司附設臺北市私立皓仁居家長照機構",
    "機構代碼":"1V0100047",
    "機構種類":"1",
    "縣市":"臺北市",
    "區":"大安區",
    "地址全址":"臺北市大安區大安區四維路198巷29號2樓",
    "O_ABC":"B",
    "特約服務項目":"居家服務;喘息服務"
    }
  },
  {
    "type": "Feature",
    "geometry": {
       "type": "Point",
       "coordinates":  [ 121.5012207031,25.0206241608 ]
    },
    "properties": {
    "機構名稱":"益巨股份有限公司附設臺北市私立崇仁社區長照機構",
    "機構代碼":"2V0100004",
    "機構種類":"2",
    "縣市":"臺北市",
    "區":"萬華區",
    "地址全址":"臺北市萬華區青年路152巷28號1樓",
    "O_ABC":"B",
    "特約服務項目":"喘息服務;日間照顧服務"
    }
  },
  {
    "type": "Feature",
    "geometry": {
       "type": "Point",
       "coordinates":  [ 121.5428466797,24.9972381592 ]
    },
    "properties": {
    "機構名稱":"益百利國際實業有限公司",
    "機構代碼":"BB0100005",
    "機構種類":"BB",
    "縣市":"臺北市",
    "區":"文山區",
    "地址全址":"臺北市文山區景興路42巷8弄2、4號1樓",
    "O_ABC":"B",
    "特約服務項目":"輔具及居家無障礙環境服務"
    }
  },
  {
    "type": "Feature",
    "geometry": {
       "type": "Point",
       "coordinates":  [ 121.5168151855,25.0622806549 ]
    },
    "properties": {
    "機構名稱":"盤古銀髮股份有限公司附設臺北市私立家倍安居家長照機構",
    "機構代碼":"1V0100009",
    "機構種類":"1",
    "縣市":"臺北市",
    "區":"大同區",
    "地址全址":"臺北市大同區民權里民權西路118巷12號1樓",
    "O_ABC":"B",
    "特約服務項目":"居家服務;喘息服務"
    }
  },
  {
    "type": "Feature",
    "geometry": {
       "type": "Point",
       "coordinates":  [ 121.5141677856,25.0588035583 ]
    },
    "properties": {
    "機構名稱":"真心健康事業有限公司附設臺北市私立真心居家長照機構",
    "機構代碼":"1R0100063",
    "機構種類":"1",
    "縣市":"臺北市",
    "區":"大同區",
    "地址全址":"臺北市大同區延平里歸綏街209號5樓之1",
    "O_ABC":"B",
    "特約服務項目":"喘息服務;居家服務"
    }
  },
  {
    "type": "Feature",
    "geometry": {
       "type": "Point",
       "coordinates":  [ 121.5563964844,25.0229187012 ]
    },
    "properties": {
    "機構名稱":"碩穎健康股份有限公司附設臺北市私立碩穎居家長照機構",
    "機構代碼":"1R0100062",
    "機構種類":"1",
    "縣市":"臺北市",
    "區":"信義區",
    "地址全址":"臺北市信義區富陽街29號1樓",
    "O_ABC":"B",
    "特約服務項目":"居家服務;喘息服務"
    }
  },
  {
    "type": "Feature",
    "geometry": {
       "type": "Point",
       "coordinates":  [ 121.5332489014,25.0542488098 ]
    },
    "properties": {
    "機構名稱":"社團法人中國家庭教育協進會附設臺北市私立敬老居家式服務類長期照顧服務機構",
    "機構代碼":"1R0100002",
    "機構種類":"1",
    "縣市":"臺北市",
    "區":"中山區",
    "地址全址":"臺北市中山區中山里松江路131之12號6樓",
    "O_ABC":"A",
    "特約服務項目":"個案管理服務"
    }
  },
  {
    "type": "Feature",
    "geometry": {
       "type": "Point",
       "coordinates":  [ 121.5332489014,25.0542488098 ]
    },
    "properties": {
    "機構名稱":"社團法人中國家庭教育協進會附設臺北市私立敬老居家式服務類長期照顧服務機構",
    "機構代碼":"1R0100002",
    "機構種類":"1",
    "縣市":"臺北市",
    "區":"中山區",
    "地址全址":"臺北市中山區中山里松江路131之12號6樓",
    "O_ABC":"B",
    "特約服務項目":"喘息服務;居家服務"
    }
  },
  {
    "type": "Feature",
    "geometry": {
       "type": "Point",
       "coordinates":  [ 121.5022277832,25.1372718811 ]
    },
    "properties": {
    "機構名稱":"社團法人中華仁親社區關懷協會(北投好厝邊) ",
    "機構代碼":"BE0100033",
    "機構種類":"BE",
    "縣市":"臺北市",
    "區":"北投區",
    "地址全址":"臺北市北投區中心里大業路721號一樓",
    "O_ABC":"C",
    "特約服務項目":"巷弄長照站"
    }
  },
  {
    "type": "Feature",
    "geometry": {
       "type": "Point",
       "coordinates":  [ 121.5231323242,25.0886764526 ]
    },
    "properties": {
    "機構名稱":"社團法人中華仁親社區關懷協會(士林好厝邊)",
    "機構代碼":"BF0100133",
    "機構種類":"BF",
    "縣市":"臺北市",
    "區":"士林區",
    "地址全址":"臺北市士林區義信里基河路128號(士林靈糧堂)",
    "O_ABC":"C",
    "特約服務項目":"巷弄長照站"
    }
  },
  {
    "type": "Feature",
    "geometry": {
       "type": "Point",
       "coordinates":  [ 121.5188598633,25.1056995392 ]
    },
    "properties": {
    "機構名稱":"社團法人中華健康美好生活協會(建民)",
    "機構代碼":"BE0100028",
    "機構種類":"BE",
    "縣市":"臺北市",
    "區":"北投區",
    "地址全址":"臺北市北投區建民里文林北路80巷38弄2號",
    "O_ABC":"C",
    "特約服務項目":"巷弄長照站"
    }
  },
  {
    "type": "Feature",
    "geometry": {
       "type": "Point",
       "coordinates":  [ 121.5050048828,25.1000919342 ]
    },
    "properties": {
    "機構名稱":"社團法人中華健康美好生活協會(洲美)",
    "機構代碼":"BE0100061",
    "機構種類":"BE",
    "縣市":"臺北市",
    "區":"北投區",
    "地址全址":"臺北市北投區洲美里福美街207號",
    "O_ABC":"C",
    "特約服務項目":"巷弄長照站"
    }
  },
  {
    "type": "Feature",
    "geometry": {
       "type": "Point",
       "coordinates":  [ 121.6155166626,25.0536804199 ]
    },
    "properties": {
    "機構名稱":"社團法人中華基督教加倍愛全人關懷協會",
    "機構代碼":"BE0100043",
    "機構種類":"BE",
    "縣市":"臺北市",
    "區":"南港區",
    "地址全址":"臺北市南港區中南里忠孝東路七段625巷16號",
    "O_ABC":"C",
    "特約服務項目":"巷弄長照站"
    }
  },
  {
    "type": "Feature",
    "geometry": {
       "type": "Point",
       "coordinates":  [ 121.5377960205,25.0415039062 ]
    },
    "properties": {
    "機構名稱":"社團法人中華基督教合一宣教協會",
    "機構代碼":"BE0100069",
    "機構種類":"BE",
    "縣市":"臺北市",
    "區":"大安區",
    "地址全址":"臺北市大安區義村里忠孝東路三段136號13樓",
    "O_ABC":"C",
    "特約服務項目":"巷弄長照站"
    }
  },
  {
    "type": "Feature",
    "geometry": {
       "type": "Point",
       "coordinates":  [ 121.5413894653,25.0021858215 ]
    },
    "properties": {
    "機構名稱":"社團法人中華有依社會關懷協會",
    "機構代碼":"BE0100092",
    "機構種類":"BE",
    "縣市":"臺北市",
    "區":"文山區",
    "地址全址":"臺北市文山區興隆路一段102巷23號3樓",
    "O_ABC":"B",
    "特約服務項目":"營養餐飲服務"
    }
  },
  {
    "type": "Feature",
    "geometry": {
       "type": "Point",
       "coordinates":  [ 121.509185791,25.0815906525 ]
    },
    "properties": {
    "機構名稱":"社團法人中華民國士林靈糧堂社會福利協會",
    "機構代碼":"BE0100001",
    "機構種類":"BE",
    "縣市":"臺北市",
    "區":"士林區",
    "地址全址":"臺北市士林區延平北路五段83巷28弄11號1樓",
    "O_ABC":"A",
    "特約服務項目":"個案管理服務"
    }
  },
  {
    "type": "Feature",
    "geometry": {
       "type": "Point",
       "coordinates":  [ 121.5039291382,25.1265525818 ]
    },
    "properties": {
    "機構名稱":"社團法人中華民國士林靈糧堂社會福利協會受託經營管理本市北投老人服務中心",
    "機構代碼":"BE0100087",
    "機構種類":"BE",
    "縣市":"臺北市",
    "區":"北投區",
    "地址全址":"臺北市北投區奇岩里三合街1段119號6樓",
    "O_ABC":"B",
    "特約服務項目":"營養餐飲服務"
    }
  },
  {
    "type": "Feature",
    "geometry": {
       "type": "Point",
       "coordinates":  [ 121.509185791,25.0815906525 ]
    },
    "properties": {
    "機構名稱":"社團法人中華民國士林靈糧堂社會福利協會附設臺北市私立安馨居家式服務類長期照顧服務機構",
    "機構代碼":"1R0100003",
    "機構種類":"1",
    "縣市":"臺北市",
    "區":"士林區",
    "地址全址":"臺北市士林區富光里延平北路五段83巷28弄11號",
    "O_ABC":"B",
    "特約服務項目":"居家服務;喘息服務"
    }
  },
  {
    "type": "Feature",
    "geometry": {
       "type": "Point",
       "coordinates":  [ 121.5427627563,25.0534248352 ]
    },
    "properties": {
    "機構名稱":"社團法人中華民國士林靈糧堂社會福利協會附設臺北市私立復華社區長照機構",
    "機構代碼":"2R0100028",
    "機構種類":"2",
    "縣市":"臺北市",
    "區":"中山區",
    "地址全址":"臺北市中山區復華里遼寧街185巷11號2-3樓",
    "O_ABC":"B",
    "特約服務項目":"社區式交通接送服務(BD03);小規模多機能服務;日間照顧服務"
    }
  },
  {
    "type": "Feature",
    "geometry": {
       "type": "Point",
       "coordinates":  [ 121.5339279175,25.0212039948 ]
    },
    "properties": {
    "機構名稱":"社團法人中華民國士林靈糧堂社會福利協會附設臺北市私立新生社區長照機構老人日間照顧中心",
    "機構代碼":"2R0100002",
    "機構種類":"2",
    "縣市":"臺北市",
    "區":"大安區",
    "地址全址":"臺北市大安區新龍里新生南路三段52之5號",
    "O_ABC":"B",
    "特約服務項目":"日間照顧服務"
    }
  },
  {
    "type": "Feature",
    "geometry": {
       "type": "Point",
       "coordinates":  [ 121.5664978027,25.0824165344 ]
    },
    "properties": {
    "機構名稱":"社團法人中華民國士林靈糧堂社會福利協會附設臺北市私立西湖社區長照機構",
    "機構代碼":"2S0100010",
    "機構種類":"2",
    "縣市":"臺北市",
    "區":"內湖區",
    "地址全址":"臺北市內湖區西湖里內湖路一段285號6樓",
    "O_ABC":"B",
    "特約服務項目":"日間照顧服務;營養餐飲服務"
    }
  },
  {
    "type": "Feature",
    "geometry": {
       "type": "Point",
       "coordinates":  [ 121.5855102539,25.0471782684 ]
    },
    "properties": {
    "機構名稱":"社團法人中華民國我願意全人關懷協會",
    "機構代碼":"BE0100046",
    "機構種類":"BE",
    "縣市":"臺北市",
    "區":"南港區",
    "地址全址":"臺北市南港區萬福里東新街64巷7、11、13號",
    "O_ABC":"C",
    "特約服務項目":"巷弄長照站"
    }
  },
  {
    "type": "Feature",
    "geometry": {
       "type": "Point",
       "coordinates":  [ 121.5223236084,25.057718277 ]
    },
    "properties": {
    "機構名稱":"社團法人中華民國明健慈善公益協進會",
    "機構代碼":"BF0100107",
    "機構種類":"BF",
    "縣市":"臺北市",
    "區":"中山區",
    "地址全址":"臺北市中山區民安里民生西路6號6樓",
    "O_ABC":"C",
    "特約服務項目":"巷弄長照站"
    }
  },
  {
    "type": "Feature",
    "geometry": {
       "type": "Point",
       "coordinates":  [ 121.5520095825,24.999666214 ]
    },
    "properties": {
    "機構名稱":"社團法人中華民國沐光家園癌友關懷協會",
    "機構代碼":"BE0100026",
    "機構種類":"BE",
    "縣市":"臺北市",
    "區":"文山區",
    "地址全址":"臺北市文山區興業里興隆路二段220巷51-1號",
    "O_ABC":"C",
    "特約服務項目":"巷弄長照站"
    }
  },
  {
    "type": "Feature",
    "geometry": {
       "type": "Point",
       "coordinates":  [ 121.5133895874,25.0449562073 ]
    },
    "properties": {
    "機構名稱":"社團法人中華民國紅心字會附設臺北市私立紅心居家式服務類長期照顧服務機構",
    "機構代碼":"1R0100005",
    "機構種類":"1",
    "縣市":"臺北市",
    "區":"中正區",
    "地址全址":"臺北市中正區黎明里重慶南路一段43號3樓之2",
    "O_ABC":"B",
    "特約服務項目":"居家服務"
    }
  },
  {
    "type": "Feature",
    "geometry": {
       "type": "Point",
       "coordinates":  [ 121.6183853149,25.0703735352 ]
    },
    "properties": {
    "機構名稱":"社團法人中華民國香柏樹長者社區關懷協會",
    "機構代碼":"BE0100073",
    "機構種類":"BE",
    "縣市":"臺北市",
    "區":"內湖區",
    "地址全址":"臺北市內湖區東湖里康樂街110巷16弄20號5樓",
    "O_ABC":"B",
    "特約服務項目":"營養餐飲服務"
    }
  },
  {
    "type": "Feature",
    "geometry": {
       "type": "Point",
       "coordinates":  [ 121.5334396362,25.0185871124 ]
    },
    "properties": {
    "機構名稱":"社團法人中華民國香柏樹長者社區關懷協會台大據點",
    "機構代碼":"BE0100018",
    "機構種類":"BE",
    "縣市":"臺北市",
    "區":"大安區",
    "地址全址":"臺北市大安區大學里新生南路3段86號4、9樓(真理堂)",
    "O_ABC":"C",
    "特約服務項目":"巷弄長照站"
    }
  },
  {
    "type": "Feature",
    "geometry": {
       "type": "Point",
       "coordinates":  [ 121.5309753418,25.0183601379 ]
    },
    "properties": {
    "機構名稱":"社團法人中華民國香柏樹長者社區關懷協會大安台電據點",
    "機構代碼":"BE0100016",
    "機構種類":"BE",
    "縣市":"臺北市",
    "區":"大安區",
    "地址全址":"臺北市大安區大學里羅斯福路3段275號3樓",
    "O_ABC":"C",
    "特約服務項目":"巷弄長照站"
    }
  },
  {
    "type": "Feature",
    "geometry": {
       "type": "Point",
       "coordinates":  [ 121.5536727905,25.0222053528 ]
    },
    "properties": {
    "機構名稱":"社團法人中華生命關愛協會",
    "機構代碼":"BE0100085",
    "機構種類":"BE",
    "縣市":"臺北市",
    "區":"大安區",
    "地址全址":"臺北市大安區芳和里和平東路3段212巷12號",
    "O_ABC":"C",
    "特約服務項目":"巷弄長照站"
    }
  },
  {
    "type": "Feature",
    "geometry": {
       "type": "Point",
       "coordinates":  [ 121.5122299194,25.0647373199 ]
    },
    "properties": {
    "機構名稱":"社團法人中華視障安養福利協會",
    "機構代碼":"BE0100009",
    "機構種類":"BE",
    "縣市":"臺北市",
    "區":"大同區",
    "地址全址":"臺北市大同區隆和里伊寧街37號",
    "O_ABC":"C",
    "特約服務項目":"巷弄長照站"
    }
  },
  {
    "type": "Feature",
    "geometry": {
       "type": "Point",
       "coordinates":  [ 121.5442276001,24.9992790222 ]
    },
    "properties": {
    "機構名稱":"社團法人中華長照協會附設臺北市私立永樂居家長照機構",
    "機構代碼":"1R0100029",
    "機構種類":"1",
    "縣市":"臺北市",
    "區":"文山區",
    "地址全址":"臺北市文山區羅斯福路六段134號2樓",
    "O_ABC":"B",
    "特約服務項目":"居家服務;喘息服務"
    }
  },
  {
    "type": "Feature",
    "geometry": {
       "type": "Point",
       "coordinates":  [ 121.5587310791,25.0590839386 ]
    },
    "properties": {
    "機構名稱":"社團法人台北市二村基石關懷協會",
    "機構代碼":"BE0100038",
    "機構種類":"BE",
    "縣市":"臺北市",
    "區":"松山區",
    "地址全址":"臺北市松山區東榮里民生東路5段69巷2弄10、12號",
    "O_ABC":"C",
    "特約服務項目":"巷弄長照站"
    }
  },
  {
    "type": "Feature",
    "geometry": {
       "type": "Point",
       "coordinates":  [ 121.563079834,25.0243625641 ]
    },
    "properties": {
    "機構名稱":"社團法人台北市信義區雙和社區發展協會",
    "機構代碼":"BF0100056",
    "機構種類":"BF",
    "縣市":"臺北市",
    "區":"信義區",
    "地址全址":"臺北市信義區雙和里吳興街284巷24弄12號",
    "O_ABC":"C",
    "特約服務項目":"巷弄長照站"
    }
  },
  {
    "type": "Feature",
    "geometry": {
       "type": "Point",
       "coordinates":  [ 121.5698928833,25.002374649 ]
    },
    "properties": {
    "機構名稱":"社團法人台北市基督教萬芳浸信會",
    "機構代碼":"BE0100027",
    "機構種類":"BE",
    "縣市":"臺北市",
    "區":"文山區",
    "地址全址":"臺北市文山區萬芳里萬美街一段19巷五號一樓",
    "O_ABC":"C",
    "特約服務項目":"巷弄長照站"
    }
  },
  {
    "type": "Feature",
    "geometry": {
       "type": "Point",
       "coordinates":  [ 121.5232315063,25.0942115784 ]
    },
    "properties": {
    "機構名稱":"社團法人台北市士林全人關懷協會",
    "機構代碼":"BF0100134",
    "機構種類":"BF",
    "縣市":"臺北市",
    "區":"士林區",
    "地址全址":"臺北市士林區福德里文林路421巷30號2樓&中正路335巷9號",
    "O_ABC":"C",
    "特約服務項目":"巷弄長照站"
    }
  },
  {
    "type": "Feature",
    "geometry": {
       "type": "Point",
       "coordinates":  [ 121.5545883179,25.0861339569 ]
    },
    "properties": {
    "機構名稱":"社團法人台北市家庭照顧者關懷協會",
    "機構代碼":"BE0100082",
    "機構種類":"BE",
    "縣市":"臺北市",
    "區":"中山區",
    "地址全址":"臺北市中山區北安里北安路805巷4弄5號地下",
    "O_ABC":"C",
    "特約服務項目":"巷弄長照站"
    }
  },
  {
    "type": "Feature",
    "geometry": {
       "type": "Point",
       "coordinates":  [ 121.5546951294,25.0220489502 ]
    },
    "properties": {
    "機構名稱":"社團法人台北市家庭照顧者關懷協會附設臺北市私立家協居家式服務類長期照顧服務機構",
    "機構代碼":"1R0100004",
    "機構種類":"1",
    "縣市":"臺北市",
    "區":"大安區",
    "地址全址":"臺北市大安區黎孝里和平東路三段232號3樓",
    "O_ABC":"B",
    "特約服務項目":"喘息服務;居家服務"
    }
  },
  {
    "type": "Feature",
    "geometry": {
       "type": "Point",
       "coordinates":  [ 121.5628509521,24.9901447296 ]
    },
    "properties": {
    "機構名稱":"社團法人台北市文山區明興社區發展協會",
    "機構代碼":"BF0100041",
    "機構種類":"BF",
    "縣市":"臺北市",
    "區":"文山區",
    "地址全址":"臺北市文山區明興里木柵路二段109巷25弄6號",
    "O_ABC":"B",
    "特約服務項目":"喘息服務"
    }
  },
  {
    "type": "Feature",
    "geometry": {
       "type": "Point",
       "coordinates":  [ 121.5628509521,24.9901447296 ]
    },
    "properties": {
    "機構名稱":"社團法人台北市文山區明興社區發展協會",
    "機構代碼":"BF0100041",
    "機構種類":"BF",
    "縣市":"臺北市",
    "區":"文山區",
    "地址全址":"臺北市文山區明興里木柵路二段109巷25弄6號",
    "O_ABC":"C",
    "特約服務項目":"巷弄長照站"
    }
  },
  {
    "type": "Feature",
    "geometry": {
       "type": "Point",
       "coordinates":  [ 121.511505127,25.055393219 ]
    },
    "properties": {
    "機構名稱":"社團法人台北市歐伊寇斯OIKOS社區關懷協會",
    "機構代碼":"BE0100010",
    "機構種類":"BE",
    "縣市":"臺北市",
    "區":"大同區",
    "地址全址":"臺北市大同區永樂里延平北路2段60巷2號1~2樓",
    "O_ABC":"C",
    "特約服務項目":"巷弄長照站"
    }
  },
  {
    "type": "Feature",
    "geometry": {
       "type": "Point",
       "coordinates":  [ 121.5675964355,25.0531578064 ]
    },
    "properties": {
    "機構名稱":"社團法人台北市銀髮族協會",
    "機構代碼":"BE0100036",
    "機構種類":"BE",
    "縣市":"臺北市",
    "區":"松山區",
    "地址全址":"臺北市松山區安平里寶清街42號2樓",
    "O_ABC":"C",
    "特約服務項目":"巷弄長照站"
    }
  },
  {
    "type": "Feature",
    "geometry": {
       "type": "Point",
       "coordinates":  [ 121.5674743652,25.0433616638 ]
    },
    "properties": {
    "機構名稱":"社團法人台北市銀髮族協會",
    "機構代碼":"BE0100041",
    "機構種類":"BE",
    "縣市":"臺北市",
    "區":"信義區",
    "地址全址":"臺北市信義區中坡里中坡南路277號1樓",
    "O_ABC":"C",
    "特約服務項目":"巷弄長照站"
    }
  },
  {
    "type": "Feature",
    "geometry": {
       "type": "Point",
       "coordinates":  [ 121.5835952759,25.0391674042 ]
    },
    "properties": {
    "機構名稱":"社團法人台灣厝邊有愛關懷協會(中坡教會)",
    "機構代碼":"BE0100040",
    "機構種類":"BE",
    "縣市":"臺北市",
    "區":"信義區",
    "地址全址":"臺北市信義區中坡里大道路127-1號",
    "O_ABC":"C",
    "特約服務項目":"巷弄長照站"
    }
  },
  {
    "type": "Feature",
    "geometry": {
       "type": "Point",
       "coordinates":  [ 121.5375747681,25.0074081421 ]
    },
    "properties": {
    "機構名稱":"社團法人台灣厝邊有愛關懷協會(台北公舘)",
    "機構代碼":"BF0100154",
    "機構種類":"BF",
    "縣市":"臺北市",
    "區":"文山區",
    "地址全址":"臺北市文山區萬年里汀州路四段85巷2號",
    "O_ABC":"C",
    "特約服務項目":"巷弄長照站"
    }
  },
  {
    "type": "Feature",
    "geometry": {
       "type": "Point",
       "coordinates":  [ 121.5767974854,25.0394554138 ]
    },
    "properties": {
    "機構名稱":"社團法人台灣厝邊有愛關懷協會(永吉教會)",
    "機構代碼":"BE0100039",
    "機構種類":"BE",
    "縣市":"臺北市",
    "區":"信義區",
    "地址全址":"臺北市信義區廣居里虎林街155、157、159號",
    "O_ABC":"C",
    "特約服務項目":"巷弄長照站"
    }
  },
  {
    "type": "Feature",
    "geometry": {
       "type": "Point",
       "coordinates":  [ 121.6158294678,25.0466823578 ]
    },
    "properties": {
    "機構名稱":"社團法人台灣厝邊有愛關懷協會中研教會",
    "機構代碼":"BE0100044",
    "機構種類":"BE",
    "縣市":"臺北市",
    "區":"南港區",
    "地址全址":"臺北市南港區中研里研究院路二段11巷5號",
    "O_ABC":"C",
    "特約服務項目":"巷弄長照站"
    }
  },
  {
    "type": "Feature",
    "geometry": {
       "type": "Point",
       "coordinates":  [ 121.5536270142,25.0185203552 ]
    },
    "properties": {
    "機構名稱":"社團法人台灣厝邊有愛關懷協會六張犁教會",
    "機構代碼":"BE0100013",
    "機構種類":"BE",
    "縣市":"臺北市",
    "區":"大安區",
    "地址全址":"臺北市大安區黎元里臥龍街215號",
    "O_ABC":"C",
    "特約服務項目":"巷弄長照站"
    }
  },
  {
    "type": "Feature",
    "geometry": {
       "type": "Point",
       "coordinates":  [ 121.5330963135,25.0274276733 ]
    },
    "properties": {
    "機構名稱":"社團法人台灣厝邊有愛關懷協會台北和平據點",
    "機構代碼":"BE0100017",
    "機構種類":"BE",
    "縣市":"臺北市",
    "區":"大安區",
    "地址全址":"臺北市大安區龍安里和平東路一段183巷9號",
    "O_ABC":"C",
    "特約服務項目":"巷弄長照站"
    }
  },
  {
    "type": "Feature",
    "geometry": {
       "type": "Point",
       "coordinates":  [ 121.5299453735,25.0475215912 ]
    },
    "properties": {
    "機構名稱":"社團法人台灣厝邊有愛關懷協會榮星教會",
    "機構代碼":"BE0100020",
    "機構種類":"BE",
    "縣市":"臺北市",
    "區":"中山區",
    "地址全址":"臺北市中山區正守里新生北路一段82號B1",
    "O_ABC":"C",
    "特約服務項目":"巷弄長照站"
    }
  },
  {
    "type": "Feature",
    "geometry": {
       "type": "Point",
       "coordinates":  [ 121.5816497803,25.0503253937 ]
    },
    "properties": {
    "機構名稱":"社團法人台灣厝邊有愛關懷協會錫安教會",
    "機構代碼":"BE0100045",
    "機構種類":"BE",
    "縣市":"臺北市",
    "區":"南港區",
    "地址全址":"臺北市南港區玉成里玉成街20號",
    "O_ABC":"C",
    "特約服務項目":"巷弄長照站"
    }
  },
  {
    "type": "Feature",
    "geometry": {
       "type": "Point",
       "coordinates":  [ 121.5487213135,25.0603561401 ]
    },
    "properties": {
    "機構名稱":"社團法人台灣厝邊有愛關懷協會（敦化）",
    "機構代碼":"BD0100070",
    "機構種類":"BD",
    "縣市":"臺北市",
    "區":"松山區",
    "地址全址":"臺北市松山區民有里敦化北路238巷7-9號",
    "O_ABC":"C",
    "特約服務項目":"巷弄長照站"
    }
  },
  {
    "type": "Feature",
    "geometry": {
       "type": "Point",
       "coordinates":  [ 121.5243759155,25.1004104614 ]
    },
    "properties": {
    "機構名稱":"社團法人台灣喜樂家族協會附設臺北市私立冠冕居家長照機構",
    "機構代碼":"1R0100048",
    "機構種類":"1",
    "縣市":"臺北市",
    "區":"士林區",
    "地址全址":"臺北市士林區雙溪街140號1樓",
    "O_ABC":"B",
    "特約服務項目":"居家服務;喘息服務"
    }
  },
  {
    "type": "Feature",
    "geometry": {
       "type": "Point",
       "coordinates":  [ 121.5049057007,25.1349697113 ]
    },
    "properties": {
    "機構名稱":"社團法人台灣多元社會福利協會",
    "機構代碼":"BE0100062",
    "機構種類":"BE",
    "縣市":"臺北市",
    "區":"北投區",
    "地址全址":"臺北市北投區溫泉里溫泉里68-10號",
    "O_ABC":"C",
    "特約服務項目":"巷弄長照站"
    }
  },
  {
    "type": "Feature",
    "geometry": {
       "type": "Point",
       "coordinates":  [ 121.5473480225,25.034204483 ]
    },
    "properties": {
    "機構名稱":"社團法人台灣德安社會福利協會受託經營管理臺北市大安老人服務中心",
    "機構代碼":"BD0100057",
    "機構種類":"BD",
    "縣市":"臺北市",
    "區":"大安區",
    "地址全址":"臺北市大安區德安里四維路76巷12號",
    "O_ABC":"B",
    "特約服務項目":"營養餐飲服務;喘息服務"
    }
  },
  {
    "type": "Feature",
    "geometry": {
       "type": "Point",
       "coordinates":  [ 121.5473480225,25.034204483 ]
    },
    "properties": {
    "機構名稱":"社團法人台灣德安社會福利協會受託經營管理臺北市大安老人服務中心",
    "機構代碼":"BD0100057",
    "機構種類":"BD",
    "縣市":"臺北市",
    "區":"大安區",
    "地址全址":"臺北市大安區德安里四維路76巷12號",
    "O_ABC":"C",
    "特約服務項目":"巷弄長照站"
    }
  },
  {
    "type": "Feature",
    "geometry": {
       "type": "Point",
       "coordinates":  [ 121.5206604004,25.1115169525 ]
    },
    "properties": {
    "機構名稱":"社團法人台灣愛喜樂關懷協會",
    "機構代碼":"BE0100032",
    "機構種類":"BE",
    "縣市":"臺北市",
    "區":"北投區",
    "地址全址":"臺北市北投區裕民里明德路161號1樓",
    "O_ABC":"C",
    "特約服務項目":"巷弄長照站"
    }
  },
  {
    "type": "Feature",
    "geometry": {
       "type": "Point",
       "coordinates":  [ 121.5364227295,25.025636673 ]
    },
    "properties": {
    "機構名稱":"社團法人台灣愛鄰社區服務協會(信義區)",
    "機構代碼":"BE0100064",
    "機構種類":"BE",
    "縣市":"臺北市",
    "區":"大安區",
    "地址全址":"臺北市大安區和平東路2段24號11樓",
    "O_ABC":"B",
    "特約服務項目":"營養餐飲服務"
    }
  },
  {
    "type": "Feature",
    "geometry": {
       "type": "Point",
       "coordinates":  [ 121.5364761353,25.0255756378 ]
    },
    "properties": {
    "機構名稱":"社團法人台灣愛鄰社區服務協會(大安區)",
    "機構代碼":"BE0100002",
    "機構種類":"BE",
    "縣市":"臺北市",
    "區":"大安區",
    "地址全址":"臺北市大安區龍門里和平東路二段24號11樓",
    "O_ABC":"B",
    "特約服務項目":"營養餐飲服務"
    }
  },
  {
    "type": "Feature",
    "geometry": {
       "type": "Point",
       "coordinates":  [ 121.5364761353,25.0255756378 ]
    },
    "properties": {
    "機構名稱":"社團法人台灣愛鄰社區服務協會(大安區)",
    "機構代碼":"BE0100002",
    "機構種類":"BE",
    "縣市":"臺北市",
    "區":"大安區",
    "地址全址":"臺北市大安區龍門里和平東路二段24號11樓",
    "O_ABC":"C",
    "特約服務項目":"巷弄長照站"
    }
  },
  {
    "type": "Feature",
    "geometry": {
       "type": "Point",
       "coordinates":  [ 121.5624313354,25.0580596924 ]
    },
    "properties": {
    "機構名稱":"社團法人台灣樂康協會",
    "機構代碼":"BE0100091",
    "機構種類":"BE",
    "縣市":"臺北市",
    "區":"松山區",
    "地址全址":"臺北市松山區三民路113巷12號6樓",
    "O_ABC":"B",
    "特約服務項目":"交通接送服務"
    }
  },
  {
    "type": "Feature",
    "geometry": {
       "type": "Point",
       "coordinates":  [ 121.508605957,25.0890712738 ]
    },
    "properties": {
    "機構名稱":"社團法人台灣樂活服務發展協會(樂活社子)",
    "機構代碼":"BE0100074",
    "機構種類":"BE",
    "縣市":"臺北市",
    "區":"士林區",
    "地址全址":"臺北市士林區社子里延平北路6段82巷5號",
    "O_ABC":"C",
    "特約服務項目":"巷弄長照站"
    }
  },
  {
    "type": "Feature",
    "geometry": {
       "type": "Point",
       "coordinates":  [ 121.5548629761,25.0329437256 ]
    },
    "properties": {
    "機構名稱":"社團法人台灣樂活服務發展協會附設臺北市私立樂活居家長照機構",
    "機構代碼":"1R0100037",
    "機構種類":"1",
    "縣市":"臺北市",
    "區":"大安區",
    "地址全址":"臺北市大安區通化里信義路4段306號2樓L1室",
    "O_ABC":"B",
    "特約服務項目":"居家服務"
    }
  },
  {
    "type": "Feature",
    "geometry": {
       "type": "Point",
       "coordinates":  [ 121.5133514404,25.044670105 ]
    },
    "properties": {
    "機構名稱":"社團法人台灣比較刑法學會附設臺北市私立誠實居家長照機構",
    "機構代碼":"1R0100041",
    "機構種類":"1",
    "縣市":"臺北市",
    "區":"中正區",
    "地址全址":"臺北市中正區黎明里重慶南路3段42之3號2樓",
    "O_ABC":"B",
    "特約服務項目":"居家服務;喘息服務"
    }
  },
  {
    "type": "Feature",
    "geometry": {
       "type": "Point",
       "coordinates":  [ 121.5756225586,24.9864559174 ]
    },
    "properties": {
    "機構名稱":"社團法人台灣美滿家庭社區服務協會",
    "機構代碼":"BE0100025",
    "機構種類":"BE",
    "縣市":"臺北市",
    "區":"文山區",
    "地址全址":"臺北市文山區萬興里指南路二11號",
    "O_ABC":"C",
    "特約服務項目":"巷弄長照站"
    }
  },
  {
    "type": "Feature",
    "geometry": {
       "type": "Point",
       "coordinates":  [ 121.5907897949,25.0609512329 ]
    },
    "properties": {
    "機構名稱":"社團法人台灣認知功能促進協會附設臺北市私立敬智學苑社區長照機構",
    "機構代碼":"2R0100017",
    "機構種類":"2",
    "縣市":"臺北市",
    "區":"內湖區",
    "地址全址":"臺北市內湖區石潭里新明路22號2樓",
    "O_ABC":"B",
    "特約服務項目":"喘息服務;日間照顧服務"
    }
  },
  {
    "type": "Feature",
    "geometry": {
       "type": "Point",
       "coordinates":  [ 121.524887085,25.0629062653 ]
    },
    "properties": {
    "機構名稱":"社團法人台灣長善社群發展協會",
    "機構代碼":"BA0100041",
    "機構種類":"BA",
    "縣市":"臺北市",
    "區":"中山區",
    "地址全址":"臺北市中山區民權東路一段55號10樓",
    "O_ABC":"B",
    "特約服務項目":"交通接送服務(DA01)"
    }
  },
  {
    "type": "Feature",
    "geometry": {
       "type": "Point",
       "coordinates":  [ 121.5032501221,25.1236076355 ]
    },
    "properties": {
    "機構名稱":"社團法人台灣長期照顧教育訓練協會",
    "機構代碼":"BA0100044",
    "機構種類":"BA",
    "縣市":"臺北市",
    "區":"北投區",
    "地址全址":"臺北市北投區磺港路263號",
    "O_ABC":"B",
    "特約服務項目":"交通接送服務(DA01)"
    }
  },
  {
    "type": "Feature",
    "geometry": {
       "type": "Point",
       "coordinates":  [ 121.5109405518,25.1159381866 ]
    },
    "properties": {
    "機構名稱":"社團法人國際奔享體驗教育發展協會(吉利真光)",
    "機構代碼":"BF0100199",
    "機構種類":"BF",
    "縣市":"臺北市",
    "區":"北投區",
    "地址全址":"臺北市北投區吉利里石牌路一段39巷80弄41號1樓",
    "O_ABC":"C",
    "特約服務項目":"巷弄長照站"
    }
  },
  {
    "type": "Feature",
    "geometry": {
       "type": "Point",
       "coordinates":  [ 1.0,1.0 ]
    },
    "properties": {
    "機構名稱":"社團法人國際奔享體驗教育發展協會(稻香真光)",
    "機構代碼":"BF0100227",
    "機構種類":"BF",
    "縣市":"臺北市",
    "區":"北投區",
    "地址全址":"臺北市北投區稻香路85號1樓",
    "O_ABC":"B",
    "特約服務項目":"喘息服務"
    }
  },
  {
    "type": "Feature",
    "geometry": {
       "type": "Point",
       "coordinates":  [ 121.5239181519,25.0560073853 ]
    },
    "properties": {
    "機構名稱":"社團法人寧祈全人健康生命關懷協會",
    "機構代碼":"BE0100019",
    "機構種類":"BE",
    "縣市":"臺北市",
    "區":"中山區",
    "地址全址":"臺北市中山區中山里中山北路2段 59 巷 21 號2樓",
    "O_ABC":"C",
    "特約服務項目":"巷弄長照站"
    }
  },
  {
    "type": "Feature",
    "geometry": {
       "type": "Point",
       "coordinates":  [ 121.5244369507,25.0579280853 ]
    },
    "properties": {
    "機構名稱":"社團法人寧祈全人健康生命關懷協會附設臺北市私立寧祈居家長照機構",
    "機構代碼":"1R0100026",
    "機構種類":"1",
    "縣市":"臺北市",
    "區":"中山區",
    "地址全址":"臺北市中山區中山里民生東路1段42號12樓之14",
    "O_ABC":"B",
    "特約服務項目":"居家服務;喘息服務"
    }
  },
  {
    "type": "Feature",
    "geometry": {
       "type": "Point",
       "coordinates":  [ 121.5661087036,25.0638008118 ]
    },
    "properties": {
    "機構名稱":"社團法人愛樂福關懷文創發展協會",
    "機構代碼":"BE0100078",
    "機構種類":"BE",
    "縣市":"臺北市",
    "區":"松山區",
    "地址全址":"臺北市松山區莊敬里撫遠街367巷4號",
    "O_ABC":"C",
    "特約服務項目":"巷弄長照站"
    }
  },
  {
    "type": "Feature",
    "geometry": {
       "type": "Point",
       "coordinates":  [ 121.5210876465,25.0292453766 ]
    },
    "properties": {
    "機構名稱":"社團法人愛福家協會附設私立愛活樂園社區長照機構",
    "機構代碼":"2R0100001",
    "機構種類":"2",
    "縣市":"臺北市",
    "區":"中正區",
    "地址全址":"臺北市中正區羅斯福路2段5號2樓",
    "O_ABC":"B",
    "特約服務項目":"小規模多機能服務"
    }
  },
  {
    "type": "Feature",
    "geometry": {
       "type": "Point",
       "coordinates":  [ 121.5449447632,25.0275154114 ]
    },
    "properties": {
    "機構名稱":"社團法人愛福家協會附設私立成功愛活樂園社區長照機構",
    "機構代碼":"2R0100012",
    "機構種類":"2",
    "縣市":"臺北市",
    "區":"大安區",
    "地址全址":"臺北市大安區群英里復興南路2段171巷26號及28號1樓",
    "O_ABC":"B",
    "特約服務項目":"日間照顧服務"
    }
  },
  {
    "type": "Feature",
    "geometry": {
       "type": "Point",
       "coordinates":  [ 121.5966949463,25.0676364899 ]
    },
    "properties": {
    "機構名稱":"社團法人臺北市中山區大直社區發展協會(大直一)",
    "機構代碼":"BE0100081",
    "機構種類":"BE",
    "縣市":"臺北市",
    "區":"內湖區",
    "地址全址":"臺北市內湖區寶湖里民權東路六段208號",
    "O_ABC":"C",
    "特約服務項目":"巷弄長照站"
    }
  },
  {
    "type": "Feature",
    "geometry": {
       "type": "Point",
       "coordinates":  [ 121.5554122925,25.0525455475 ]
    },
    "properties": {
    "機構名稱":"社團法人臺北市向日葵慈善協會",
    "機構代碼":"BD0100005",
    "機構種類":"BD",
    "縣市":"臺北市",
    "區":"松山區",
    "地址全址":"臺北市松山區東勢里南京東路四段133巷7弄7號",
    "O_ABC":"B",
    "特約服務項目":"喘息服務"
    }
  },
  {
    "type": "Feature",
    "geometry": {
       "type": "Point",
       "coordinates":  [ 121.5554122925,25.0525455475 ]
    },
    "properties": {
    "機構名稱":"社團法人臺北市向日葵慈善協會",
    "機構代碼":"BD0100005",
    "機構種類":"BD",
    "縣市":"臺北市",
    "區":"松山區",
    "地址全址":"臺北市松山區東勢里南京東路四段133巷7弄7號",
    "O_ABC":"C",
    "特約服務項目":"巷弄長照站"
    }
  },
  {
    "type": "Feature",
    "geometry": {
       "type": "Point",
       "coordinates":  [ 121.5581359863,25.0202484131 ]
    },
    "properties": {
    "機構名稱":"社團法人臺北市心藝社會關懷協會",
    "機構代碼":"BE0100060",
    "機構種類":"BE",
    "縣市":"臺北市",
    "區":"信義區",
    "地址全址":"臺北市信義區黎忠里和平東路三段391巷16號",
    "O_ABC":"C",
    "特約服務項目":"巷弄長照站"
    }
  },
  {
    "type": "Feature",
    "geometry": {
       "type": "Point",
       "coordinates":  [ 121.546081543,25.0478782654 ]
    },
    "properties": {
    "機構名稱":"社團法人臺北市物理治療師公會",
    "機構代碼":"B40100001",
    "機構種類":"B4",
    "縣市":"臺北市",
    "區":"松山區",
    "地址全址":"臺北市松山區新益里八德路二段374號",
    "O_ABC":"B",
    "特約服務項目":"專業照護服務"
    }
  },
  {
    "type": "Feature",
    "geometry": {
       "type": "Point",
       "coordinates":  [ 121.5069961548,25.0284576416 ]
    },
    "properties": {
    "機構名稱":"社團法人臺北市臻佶祥社會服務協會",
    "機構代碼":"BE0100022",
    "機構種類":"BE",
    "縣市":"臺北市",
    "區":"中正區",
    "地址全址":"臺北市中正區忠勤里中華路2段315巷16、18號",
    "O_ABC":"B",
    "特約服務項目":"喘息服務"
    }
  },
  {
    "type": "Feature",
    "geometry": {
       "type": "Point",
       "coordinates":  [ 121.5069961548,25.0284576416 ]
    },
    "properties": {
    "機構名稱":"社團法人臺北市臻佶祥社會服務協會",
    "機構代碼":"BE0100022",
    "機構種類":"BE",
    "縣市":"臺北市",
    "區":"中正區",
    "地址全址":"臺北市中正區忠勤里中華路2段315巷16、18號",
    "O_ABC":"C",
    "特約服務項目":"巷弄長照站"
    }
  },
  {
    "type": "Feature",
    "geometry": {
       "type": "Point",
       "coordinates":  [ 121.5013580322,25.0353660583 ]
    },
    "properties": {
    "機構名稱":"社團法人臺北市艾馨公益慈善會",
    "機構代碼":"BE0100047",
    "機構種類":"BE",
    "縣市":"臺北市",
    "區":"萬華區",
    "地址全址":"臺北市萬華區福音里康定路229號6樓",
    "O_ABC":"C",
    "特約服務項目":"巷弄長照站"
    }
  },
  {
    "type": "Feature",
    "geometry": {
       "type": "Point",
       "coordinates":  [ 121.562713623,25.0552845001 ]
    },
    "properties": {
    "機構名稱":"社團法人臺北市長期照護發展協會",
    "機構代碼":"BE0100035",
    "機構種類":"BE",
    "縣市":"臺北市",
    "區":"松山區",
    "地址全址":"臺北市松山區自強里三民路35巷9號1、2樓",
    "O_ABC":"C",
    "特約服務項目":"巷弄長照站"
    }
  },
  {
    "type": "Feature",
    "geometry": {
       "type": "Point",
       "coordinates":  [ 121.5317382812,25.0678024292 ]
    },
    "properties": {
    "機構名稱":"社團法人臺灣樂福國際慈善福利協會(臺北市)",
    "機構代碼":"BE0100088",
    "機構種類":"BE",
    "縣市":"臺北市",
    "區":"中山區",
    "地址全址":"臺北市中山區民生東路1段70巷15號1樓",
    "O_ABC":"B",
    "特約服務項目":"到宅沐浴車服務"
    }
  },
  {
    "type": "Feature",
    "geometry": {
       "type": "Point",
       "coordinates":  [ 121.5114440918,25.047416687 ]
    },
    "properties": {
    "機構名稱":"社團法人臺灣職能學會",
    "機構代碼":"B50100001",
    "機構種類":"B5",
    "縣市":"臺北市",
    "區":"中正區",
    "地址全址":"臺北市中正區德義博愛路9號",
    "O_ABC":"B",
    "特約服務項目":"專業照護服務"
    }
  },
  {
    "type": "Feature",
    "geometry": {
       "type": "Point",
       "coordinates":  [ 121.5114440918,25.047416687 ]
    },
    "properties": {
    "機構名稱":"社團法人臺灣職能治療學會",
    "機構代碼":"B50100010",
    "機構種類":"B5",
    "縣市":"臺北市",
    "區":"中正區",
    "地址全址":"臺北市中正區德義博愛路9號",
    "O_ABC":"B",
    "特約服務項目":"專業照護服務"
    }
  },
  {
    "type": "Feature",
    "geometry": {
       "type": "Point",
       "coordinates":  [ 121.546333313,25.0480136871 ]
    },
    "properties": {
    "機構名稱":"神同行小客車租賃有限公司",
    "機構代碼":"BA0100047",
    "機構種類":"BA",
    "縣市":"臺北市",
    "區":"松山區",
    "地址全址":"臺北市松山區八德路二段386號12樓之7",
    "O_ABC":"B",
    "特約服務項目":"交通接送服務(DA01)"
    }
  },
  {
    "type": "Feature",
    "geometry": {
       "type": "Point",
       "coordinates":  [ 121.5797271729,25.0485172272 ]
    },
    "properties": {
    "機構名稱":"福倫交通股份有限公司",
    "機構代碼":"BB0100001",
    "機構種類":"BA",
    "縣市":"臺北市",
    "區":"信義區",
    "地址全址":"臺北市信義區松隆路337號1樓",
    "O_ABC":"B",
    "特約服務項目":"交通接送服務(DA01);交通接送服務"
    }
  },
  {
    "type": "Feature",
    "geometry": {
       "type": "Point",
       "coordinates":  [ 121.5783004761,25.040512085 ]
    },
    "properties": {
    "機構名稱":"福田居家有限公司私立福田居家長照機構",
    "機構代碼":"1V0100005",
    "機構種類":"1",
    "縣市":"臺北市",
    "區":"信義區",
    "地址全址":"臺北市信義區松光里忠孝東路5段492巷2號2樓",
    "O_ABC":"B",
    "特約服務項目":"居家服務;喘息服務"
    }
  },
  {
    "type": "Feature",
    "geometry": {
       "type": "Point",
       "coordinates":  [ 121.5576629639,25.0486125946 ]
    },
    "properties": {
    "機構名稱":"禾悅物理治療所",
    "機構代碼":"B40100027",
    "機構種類":"B4",
    "縣市":"臺北市",
    "區":"松山區",
    "地址全址":"臺北市松山區光復北路8號2樓",
    "O_ABC":"B",
    "特約服務項目":"專業照護服務;專業照護服務(CC01)"
    }
  },
  {
    "type": "Feature",
    "geometry": {
       "type": "Point",
       "coordinates":  [ 121.4963226318,25.0341567993 ]
    },
    "properties": {
    "機構名稱":"私立愛吾愛居家長照機構",
    "機構代碼":"1X0100005",
    "機構種類":"1",
    "縣市":"臺北市",
    "區":"萬華區",
    "地址全址":"臺北市萬華區大理街171之1號2樓207室",
    "O_ABC":"B",
    "特約服務項目":"居家服務;喘息服務"
    }
  },
  {
    "type": "Feature",
    "geometry": {
       "type": "Point",
       "coordinates":  [ 121.5573959351,25.052116394 ]
    },
    "properties": {
    "機構名稱":"秉心有限公司附設臺北市私立秉心居家長照機構",
    "機構代碼":"1V0100027",
    "機構種類":"1",
    "縣市":"臺北市",
    "區":"松山區",
    "地址全址":"臺北市松山區光復北路119-1號2樓",
    "O_ABC":"B",
    "特約服務項目":"居家服務;喘息服務"
    }
  },
  {
    "type": "Feature",
    "geometry": {
       "type": "Point",
       "coordinates":  [ 121.4892883301,25.1409130096 ]
    },
    "properties": {
    "機構名稱":"稻香居家護理所(委託臺北榮民總醫院經營管理)",
    "機構代碼":"B10100069",
    "機構種類":"B1",
    "縣市":"臺北市",
    "區":"北投區",
    "地址全址":"臺北市北投區稻香路81號",
    "O_ABC":"B",
    "特約服務項目":"居家失能個案家庭醫師照護服務;專業照護服務"
    }
  },
  {
    "type": "Feature",
    "geometry": {
       "type": "Point",
       "coordinates":  [ 121.5585632324,24.9839076996 ]
    },
    "properties": {
    "機構名稱":"端豈資產管理股份有限公司附設臺北市私立端豈居家長照機構",
    "機構代碼":"1R0100057",
    "機構種類":"1",
    "縣市":"臺北市",
    "區":"文山區",
    "地址全址":"臺北市文山區忠順街一段18號1樓",
    "O_ABC":"B",
    "特約服務項目":"居家服務"
    }
  },
  {
    "type": "Feature",
    "geometry": {
       "type": "Point",
       "coordinates":  [ 121.5093002319,25.0885505676 ]
    },
    "properties": {
    "機構名稱":"粱耳鼻喉科診所",
    "機構代碼":"B20100104",
    "機構種類":"B2",
    "縣市":"臺北市",
    "區":"士林區",
    "地址全址":"臺北市士林區社正路12-1號",
    "O_ABC":"B",
    "特約服務項目":"居家失能個案家庭醫師照護服務"
    }
  },
  {
    "type": "Feature",
    "geometry": {
       "type": "Point",
       "coordinates":  [ 121.4981307983,25.0265293121 ]
    },
    "properties": {
    "機構名稱":"純居家物理治療所",
    "機構代碼":"B40100026",
    "機構種類":"B4",
    "縣市":"臺北市",
    "區":"萬華區",
    "地址全址":"臺北市萬華區東園街73巷60號3樓",
    "O_ABC":"B",
    "特約服務項目":"專業照護服務;專業照護服務(CC01)"
    }
  },
  {
    "type": "Feature",
    "geometry": {
       "type": "Point",
       "coordinates":  [ 121.499206543,25.0359230042 ]
    },
    "properties": {
    "機構名稱":"紙飛機服務科技股份有限公司附設臺北市私立紙飛機居家長照機構",
    "機構代碼":"1V0100032",
    "機構種類":"1",
    "縣市":"臺北市",
    "區":"萬華區",
    "地址全址":"臺北市萬華區青山里西園路一段200號8樓之3",
    "O_ABC":"B",
    "特約服務項目":"喘息服務;居家服務"
    }
  },
  {
    "type": "Feature",
    "geometry": {
       "type": "Point",
       "coordinates":  [ 121.5133743286,25.042224884 ]
    },
    "properties": {
    "機構名稱":"美樺股份有限公司附設私立美美居家長照機構",
    "機構代碼":"1V0100019",
    "機構種類":"1",
    "縣市":"臺北市",
    "區":"中正區",
    "地址全址":"臺北市中正區黎明里重慶南路1段121號5樓之2",
    "O_ABC":"B",
    "特約服務項目":"喘息服務;居家服務"
    }
  },
  {
    "type": "Feature",
    "geometry": {
       "type": "Point",
       "coordinates":  [ 121.530380249,25.0612926483 ]
    },
    "properties": {
    "機構名稱":"美而美居家長照股份有限公司附設臺北市私立美而美居家長照機構",
    "機構代碼":"1V0100017",
    "機構種類":"1",
    "縣市":"臺北市",
    "區":"中山區",
    "地址全址":"臺北市中山區聚盛里錦州街46號12樓之3(R06室)",
    "O_ABC":"B",
    "特約服務項目":"喘息服務;居家服務"
    }
  },
  {
    "type": "Feature",
    "geometry": {
       "type": "Point",
       "coordinates":  [ 121.5317993164,25.0423984528 ]
    },
    "properties": {
    "機構名稱":"耀生長期照顧服務股份有限公司附設臺北市私立耀生居家長照機構",
    "機構代碼":"1V0100031",
    "機構種類":"1",
    "縣市":"臺北市",
    "區":"中正區",
    "地址全址":"臺北市中正區幸市里中正區懷寧街112號6樓、6樓之1",
    "O_ABC":"A",
    "特約服務項目":"個案管理服務"
    }
  },
  {
    "type": "Feature",
    "geometry": {
       "type": "Point",
       "coordinates":  [ 121.5317993164,25.0423984528 ]
    },
    "properties": {
    "機構名稱":"耀生長期照顧服務股份有限公司附設臺北市私立耀生居家長照機構",
    "機構代碼":"1V0100031",
    "機構種類":"1",
    "縣市":"臺北市",
    "區":"中正區",
    "地址全址":"臺北市中正區幸市里中正區懷寧街112號6樓、6樓之1",
    "O_ABC":"B",
    "特約服務項目":"喘息服務;居家服務"
    }
  },
  {
    "type": "Feature",
    "geometry": {
       "type": "Point",
       "coordinates":  [ 121.4985733032,25.1310386658 ]
    },
    "properties": {
    "機構名稱":"耆寓股份有限公司附設臺北市私立大興綜合長照機構",
    "機構代碼":"4R0100002",
    "機構種類":"4",
    "縣市":"臺北市",
    "區":"北投區",
    "地址全址":"臺北市北投區北投路二段13號6樓、6樓之1",
    "O_ABC":"B",
    "特約服務項目":"日間照顧服務;喘息服務"
    }
  },
  {
    "type": "Feature",
    "geometry": {
       "type": "Point",
       "coordinates":  [ 121.5624694824,25.0553207397 ]
    },
    "properties": {
    "機構名稱":"耆康實業有限公司附設臺北市私立小太陽居家長照機構",
    "機構代碼":"1R0100010",
    "機構種類":"1",
    "縣市":"臺北市",
    "區":"松山區",
    "地址全址":"臺北市松山區自強里三民路35巷9號2樓",
    "O_ABC":"B",
    "特約服務項目":"喘息服務;居家服務"
    }
  },
  {
    "type": "Feature",
    "geometry": {
       "type": "Point",
       "coordinates":  [ 121.55443573,25.0447463989 ]
    },
    "properties": {
    "機構名稱":"聊聊心理治療所",
    "機構代碼":"B70100002",
    "機構種類":"B7",
    "縣市":"臺北市",
    "區":"松山區",
    "地址全址":"臺北市松山區復源里八德路三段106巷67號",
    "O_ABC":"B",
    "特約服務項目":"專業照護服務"
    }
  },
  {
    "type": "Feature",
    "geometry": {
       "type": "Point",
       "coordinates":  [ 121.5577316284,25.0332832336 ]
    },
    "properties": {
    "機構名稱":"聖照股份有限公司附設臺北市私立邦寧居家長照機構",
    "機構代碼":"1R0100043",
    "機構種類":"1",
    "縣市":"臺北市",
    "區":"信義區",
    "地址全址":"臺北市信義區中興里信義路4段375號6樓之6",
    "O_ABC":"B",
    "特約服務項目":"喘息服務;居家服務"
    }
  },
  {
    "type": "Feature",
    "geometry": {
       "type": "Point",
       "coordinates":  [ 121.4973526001,25.0241680145 ]
    },
    "properties": {
    "機構名稱":"聖約翰婦產科診所",
    "機構代碼":"B20100097",
    "機構種類":"B2",
    "縣市":"臺北市",
    "區":"萬華區",
    "地址全址":"臺北市萬華區東園街175號",
    "O_ABC":"B",
    "特約服務項目":"居家失能個案家庭醫師照護服務"
    }
  },
  {
    "type": "Feature",
    "geometry": {
       "type": "Point",
       "coordinates":  [ 121.5433959961,25.0349349976 ]
    },
    "properties": {
    "機構名稱":"聯心健康顧問有限公司附設臺北市私立聯珩居家長照機構",
    "機構代碼":"1V0100046",
    "機構種類":"1",
    "縣市":"臺北市",
    "區":"大安區",
    "地址全址":"臺北市大安區和安里復興南路1段368號13樓(A6)",
    "O_ABC":"B",
    "特約服務項目":"喘息服務;居家服務"
    }
  },
  {
    "type": "Feature",
    "geometry": {
       "type": "Point",
       "coordinates":  [ 121.5151367188,25.0551662445 ]
    },
    "properties": {
    "機構名稱":"育和有限公司附設臺北市私立育和居家長照機構",
    "機構代碼":"1R0100040",
    "機構種類":"1",
    "縣市":"臺北市",
    "區":"大同區",
    "地址全址":"臺北市大同區寧夏路23-1號2樓202室",
    "O_ABC":"B",
    "特約服務項目":"居家服務;喘息服務"
    }
  },
  {
    "type": "Feature",
    "geometry": {
       "type": "Point",
       "coordinates":  [ 121.5653991699,25.0837745667 ]
    },
    "properties": {
    "機構名稱":"育睿診所",
    "機構代碼":"B20100040",
    "機構種類":"B2",
    "縣市":"臺北市",
    "區":"內湖區",
    "地址全址":"臺北市內湖區 內湖路1段217巷35號",
    "O_ABC":"B",
    "特約服務項目":"居家失能個案家庭醫師照護服務"
    }
  },
  {
    "type": "Feature",
    "geometry": {
       "type": "Point",
       "coordinates":  [ 121.5793533325,25.0455780029 ]
    },
    "properties": {
    "機構名稱":"脊立安居家物理治療所",
    "機構代碼":"B40100004",
    "機構種類":"B4",
    "縣市":"臺北市",
    "區":"信義區",
    "地址全址":"臺北市信義區永吉路491巷46號",
    "O_ABC":"B",
    "特約服務項目":"專業照護服務;專業照護服務(CC01)"
    }
  },
  {
    "type": "Feature",
    "geometry": {
       "type": "Point",
       "coordinates":  [ 121.507598877,25.0915660858 ]
    },
    "properties": {
    "機構名稱":"臺北市三樂樂齡關懷協會",
    "機構代碼":"BF0100093",
    "機構種類":"BF",
    "縣市":"臺北市",
    "區":"士林區",
    "地址全址":"臺北市士林區社園里社中街240號",
    "O_ABC":"C",
    "特約服務項目":"巷弄長照站"
    }
  },
  {
    "type": "Feature",
    "geometry": {
       "type": "Point",
       "coordinates":  [ 121.5469665527,25.0803451538 ]
    },
    "properties": {
    "機構名稱":"臺北市中山區大直社區發展協會(第二區民活動中心)",
    "機構代碼":"BF0100026",
    "機構種類":"BF",
    "縣市":"臺北市",
    "區":"中山區",
    "地址全址":"臺北市中山區大直里大直街1號4樓",
    "O_ABC":"C",
    "特約服務項目":"巷弄長照站"
    }
  },
  {
    "type": "Feature",
    "geometry": {
       "type": "Point",
       "coordinates":  [ 121.5230026245,25.0653858185 ]
    },
    "properties": {
    "機構名稱":"臺北市中山區晴光里辦公處",
    "機構代碼":"BF0100144",
    "機構種類":"BF",
    "縣市":"臺北市",
    "區":"中山區",
    "地址全址":"臺北市中山區晴光里雙城街18巷20號",
    "O_ABC":"C",
    "特約服務項目":"巷弄長照站"
    }
  },
  {
    "type": "Feature",
    "geometry": {
       "type": "Point",
       "coordinates":  [ 121.5404968262,25.0474357605 ]
    },
    "properties": {
    "機構名稱":"臺北市中山區朱厝崙社區發展協會",
    "機構代碼":"BF0100029",
    "機構種類":"BF",
    "縣市":"臺北市",
    "區":"中山區",
    "地址全址":"臺北市中山區朱崙里龍江路15號3樓",
    "O_ABC":"B",
    "特約服務項目":"喘息服務"
    }
  },
  {
    "type": "Feature",
    "geometry": {
       "type": "Point",
       "coordinates":  [ 121.5273284912,25.0196895599 ]
    },
    "properties": {
    "機構名稱":"臺北市中正區新林興社區發展協會",
    "機構代碼":"BF0100030",
    "機構種類":"BF",
    "縣市":"臺北市",
    "區":"中正區",
    "地址全址":"臺北市中正區林興里汀州路三段27巷16號",
    "O_ABC":"C",
    "特約服務項目":"巷弄長照站"
    }
  },
  {
    "type": "Feature",
    "geometry": {
       "type": "Point",
       "coordinates":  [ 121.5098419189,25.0270938873 ]
    },
    "properties": {
    "機構名稱":"臺北市中正區新永昌社區發展協會",
    "機構代碼":"BF0100214",
    "機構種類":"BF",
    "縣市":"臺北市",
    "區":"中正區",
    "地址全址":"臺北市中正區永昌里汀州路1段242巷17號",
    "O_ABC":"C",
    "特約服務項目":"巷弄長照站"
    }
  },
  {
    "type": "Feature",
    "geometry": {
       "type": "Point",
       "coordinates":  [ 121.5207138062,25.0323085785 ]
    },
    "properties": {
    "機構名稱":"臺北市中正區新營里辦公處",
    "機構代碼":"BF0100218",
    "機構種類":"BF",
    "縣市":"臺北市",
    "區":"中正區",
    "地址全址":"臺北市中正區新營里寧波東街16巷4號1樓",
    "O_ABC":"C",
    "特約服務項目":"巷弄長照站"
    }
  },
  {
    "type": "Feature",
    "geometry": {
       "type": "Point",
       "coordinates":  [ 121.5191345215,25.0218410492 ]
    },
    "properties": {
    "機構名稱":"臺北市中正區櫻花社區發展協會",
    "機構代碼":"BF0100117",
    "機構種類":"BF",
    "縣市":"臺北市",
    "區":"中正區",
    "地址全址":"臺北市中正區網溪里牯嶺街165號",
    "O_ABC":"C",
    "特約服務項目":"巷弄長照站"
    }
  },
  {
    "type": "Feature",
    "geometry": {
       "type": "Point",
       "coordinates":  [ 121.5104446411,25.0266113281 ]
    },
    "properties": {
    "機構名稱":"臺北市中正區永寬社區發展協會",
    "機構代碼":"BF0100146",
    "機構種類":"BF",
    "縣市":"臺北市",
    "區":"中正區",
    "地址全址":"臺北市中正區永昌里寧波西街181巷8號",
    "O_ABC":"C",
    "特約服務項目":"巷弄長照站"
    }
  },
  {
    "type": "Feature",
    "geometry": {
       "type": "Point",
       "coordinates":  [ 121.5143585205,25.0267028809 ]
    },
    "properties": {
    "機構名稱":"臺北市中正區螢橋社區發展協會",
    "機構代碼":"BF0100213",
    "機構種類":"BF",
    "縣市":"臺北市",
    "區":"中正區",
    "地址全址":"臺北市中正區螢雪里福州街59號1樓",
    "O_ABC":"C",
    "特約服務項目":"巷弄長照站"
    }
  },
  {
    "type": "Feature",
    "geometry": {
       "type": "Point",
       "coordinates":  [ 121.5857543945,25.0398902893 ]
    },
    "properties": {
    "機構名稱":"臺北市信義區中行里辦公處",
    "機構代碼":"BF0100155",
    "機構種類":"BF",
    "縣市":"臺北市",
    "區":"信義區",
    "地址全址":"臺北市信義區中行里福德街268巷32號",
    "O_ABC":"C",
    "特約服務項目":"巷弄長照站"
    }
  },
  {
    "type": "Feature",
    "geometry": {
       "type": "Point",
       "coordinates":  [ 121.5745849609,25.0450229645 ]
    },
    "properties": {
    "機構名稱":"臺北市信義區五全里辦公處",
    "機構代碼":"BF0100162",
    "機構種類":"BF",
    "縣市":"臺北市",
    "區":"信義區",
    "地址全址":"臺北市信義區五全里永吉路278巷1弄13號",
    "O_ABC":"C",
    "特約服務項目":"巷弄長照站"
    }
  },
  {
    "type": "Feature",
    "geometry": {
       "type": "Point",
       "coordinates":  [ 121.5759048462,25.035905838 ]
    },
    "properties": {
    "機構名稱":"臺北市信義區安康里辦公處",
    "機構代碼":"BG0100003",
    "機構種類":"BG",
    "縣市":"臺北市",
    "區":"信義區",
    "地址全址":"臺北市信義區安康里虎林街232巷58號",
    "O_ABC":"C",
    "特約服務項目":"巷弄長照站"
    }
  },
  {
    "type": "Feature",
    "geometry": {
       "type": "Point",
       "coordinates":  [ 121.5685119629,25.0229930878 ]
    },
    "properties": {
    "機構名稱":"臺北市信義區惠安里辦公處",
    "機構代碼":"BF0100196",
    "機構種類":"BF",
    "縣市":"臺北市",
    "區":"信義區",
    "地址全址":"臺北市信義區惠安里吳興街506巷21號",
    "O_ABC":"C",
    "特約服務項目":"巷弄長照站"
    }
  },
  {
    "type": "Feature",
    "geometry": {
       "type": "Point",
       "coordinates":  [ 121.576133728,25.034412384 ]
    },
    "properties": {
    "機構名稱":"臺北市信義區松友社區發展協會",
    "機構代碼":"BF0100058",
    "機構種類":"BF",
    "縣市":"臺北市",
    "區":"信義區",
    "地址全址":"臺北市信義區松友里信義路6段76巷2弄22號1樓",
    "O_ABC":"C",
    "特約服務項目":"巷弄長照站"
    }
  },
  {
    "type": "Feature",
    "geometry": {
       "type": "Point",
       "coordinates":  [ 121.5776443481,25.0430164337 ]
    },
    "properties": {
    "機構名稱":"臺北市信義區永安社區發展協會",
    "機構代碼":"BF0100210",
    "機構種類":"BF",
    "縣市":"臺北市",
    "區":"信義區",
    "地址全址":"臺北市信義區長春里松山路294號4樓",
    "O_ABC":"C",
    "特約服務項目":"巷弄長照站"
    }
  },
  {
    "type": "Feature",
    "geometry": {
       "type": "Point",
       "coordinates":  [ 121.5592193604,25.0350608826 ]
    },
    "properties": {
    "機構名稱":"臺北市信義區西村里辦公處",
    "機構代碼":"BF0100209",
    "機構種類":"BF",
    "縣市":"臺北市",
    "區":"信義區",
    "地址全址":"臺北市信義區西村里基隆路一段364巷22號",
    "O_ABC":"C",
    "特約服務項目":"巷弄長照站"
    }
  },
  {
    "type": "Feature",
    "geometry": {
       "type": "Point",
       "coordinates":  [ 121.5775756836,25.0430698395 ]
    },
    "properties": {
    "機構名稱":"臺北市信義區雙春社區發展協會",
    "機構代碼":"BF0100057",
    "機構種類":"BF",
    "縣市":"臺北市",
    "區":"信義區",
    "地址全址":"臺北市信義區長春里松山路294號2樓",
    "O_ABC":"C",
    "特約服務項目":"巷弄長照站"
    }
  },
  {
    "type": "Feature",
    "geometry": {
       "type": "Point",
       "coordinates":  [ 121.5546646118,25.0518741608 ]
    },
    "properties": {
    "機構名稱":"臺北市光鹽關懷發展協會",
    "機構代碼":"BF0100054",
    "機構種類":"BF",
    "縣市":"臺北市",
    "區":"松山區",
    "地址全址":"臺北市松山區東勢里南京東路4段107號12樓",
    "O_ABC":"C",
    "特約服務項目":"巷弄長照站"
    }
  },
  {
    "type": "Feature",
    "geometry": {
       "type": "Point",
       "coordinates":  [ 121.6017456055,25.0860443115 ]
    },
    "properties": {
    "機構名稱":"臺北市內湖區大湖里辦公處",
    "機構代碼":"BF0100129",
    "機構種類":"BF",
    "縣市":"臺北市",
    "區":"內湖區",
    "地址全址":"臺北市內湖區大湖里大湖山莊街117號3樓",
    "O_ABC":"C",
    "特約服務項目":"巷弄長照站"
    }
  },
  {
    "type": "Feature",
    "geometry": {
       "type": "Point",
       "coordinates":  [ 121.617149353,25.0749740601 ]
    },
    "properties": {
    "機構名稱":"臺北市內湖區安泰里社區發展協會 ",
    "機構代碼":"BF0100087",
    "機構種類":"BF",
    "縣市":"臺北市",
    "區":"內湖區",
    "地址全址":"臺北市內湖區安泰里安泰街65巷5號",
    "O_ABC":"C",
    "特約服務項目":"巷弄長照站"
    }
  },
  {
    "type": "Feature",
    "geometry": {
       "type": "Point",
       "coordinates":  [ 121.5970230103,25.0800323486 ]
    },
    "properties": {
    "機構名稱":"臺北市內湖區清白社區發展協會",
    "機構代碼":"BF0100038",
    "機構種類":"BF",
    "縣市":"臺北市",
    "區":"內湖區",
    "地址全址":"臺北市內湖區清白里星雲街168巷29號&清白區民活動中心(星雲街168巷29號)",
    "O_ABC":"C",
    "特約服務項目":"巷弄長照站"
    }
  },
  {
    "type": "Feature",
    "geometry": {
       "type": "Point",
       "coordinates":  [ 121.5966949463,25.0676383972 ]
    },
    "properties": {
    "機構名稱":"臺北市內湖區灣仔社區發展協會",
    "機構代碼":"BF0100095",
    "機構種類":"BF",
    "縣市":"臺北市",
    "區":"內湖區",
    "地址全址":"臺北市內湖區寶湖里民權東路6段208號",
    "O_ABC":"C",
    "特約服務項目":"巷弄長照站"
    }
  },
  {
    "type": "Feature",
    "geometry": {
       "type": "Point",
       "coordinates":  [ 121.590057373,25.0857639313 ]
    },
    "properties": {
    "機構名稱":"臺北市內湖區碧湖社區發展協會",
    "機構代碼":"BF0100075",
    "機構種類":"BF",
    "縣市":"臺北市",
    "區":"內湖區",
    "地址全址":"臺北市內湖區金龍里金龍里金龍路136-1號",
    "O_ABC":"C",
    "特約服務項目":"巷弄長照站"
    }
  },
  {
    "type": "Feature",
    "geometry": {
       "type": "Point",
       "coordinates":  [ 121.5949859619,25.0786571503 ]
    },
    "properties": {
    "機構名稱":"臺北市內湖區紫雲社區發展協會",
    "機構代碼":"BF0100035",
    "機構種類":"BF",
    "縣市":"臺北市",
    "區":"內湖區",
    "地址全址":"臺北市內湖區紫雲里康寧路一段190號",
    "O_ABC":"C",
    "特約服務項目":"巷弄長照站"
    }
  },
  {
    "type": "Feature",
    "geometry": {
       "type": "Point",
       "coordinates":  [ 121.5864105225,25.0691547394 ]
    },
    "properties": {
    "機構名稱":"臺北市內湖社區安全與健康協進會",
    "機構代碼":"BF0100073",
    "機構種類":"BF",
    "縣市":"臺北市",
    "區":"內湖區",
    "地址全址":"臺北市內湖區湖興里湖興里民權東路6段45號",
    "O_ABC":"C",
    "特約服務項目":"巷弄長照站"
    }
  },
  {
    "type": "Feature",
    "geometry": {
       "type": "Point",
       "coordinates":  [ 121.5771942139,25.0790634155 ]
    },
    "properties": {
    "機構名稱":"臺北市內湖紳士協會",
    "機構代碼":"BF0100033",
    "機構種類":"BF",
    "縣市":"臺北市",
    "區":"內湖區",
    "地址全址":"臺北市內湖區港墘里內湖路1段552號",
    "O_ABC":"C",
    "特約服務項目":"巷弄長照站"
    }
  },
  {
    "type": "Feature",
    "geometry": {
       "type": "Point",
       "coordinates":  [ 121.5799636841,25.0503044128 ]
    },
    "properties": {
    "機構名稱":"臺北市全人探索協會",
    "機構代碼":"BF0100182",
    "機構種類":"BF",
    "縣市":"臺北市",
    "區":"南港區",
    "地址全址":"臺北市南港區玉成里八德路4段768-1號4-6樓",
    "O_ABC":"C",
    "特約服務項目":"巷弄長照站"
    }
  },
  {
    "type": "Feature",
    "geometry": {
       "type": "Point",
       "coordinates":  [ 121.5116348267,25.1149749756 ]
    },
    "properties": {
    "機構名稱":"臺北市北投區吉慶社區發展協會",
    "機構代碼":"BF0100161",
    "機構種類":"BF",
    "縣市":"臺北市",
    "區":"北投區",
    "地址全址":"臺北市北投區吉慶里致遠二路61巷2-2號",
    "O_ABC":"C",
    "特約服務項目":"巷弄長照站"
    }
  },
  {
    "type": "Feature",
    "geometry": {
       "type": "Point",
       "coordinates":  [ 121.5279464722,25.1262130737 ]
    },
    "properties": {
    "機構名稱":"臺北市北投區幸福永和社區發展協會",
    "機構代碼":"BF0100198",
    "機構種類":"BF",
    "縣市":"臺北市",
    "區":"北投區",
    "地址全址":"臺北市北投區永和里行義路63號",
    "O_ABC":"C",
    "特約服務項目":"巷弄長照站"
    }
  },
  {
    "type": "Feature",
    "geometry": {
       "type": "Point",
       "coordinates":  [ 121.5178756714,25.1098480225 ]
    },
    "properties": {
    "機構名稱":"臺北市北投區我愛石牌社區發展協會",
    "機構代碼":"BF0100204",
    "機構種類":"BF",
    "縣市":"臺北市",
    "區":"北投區",
    "地址全址":"臺北市北投區石牌里建民路116巷13 號",
    "O_ABC":"C",
    "特約服務項目":"巷弄長照站"
    }
  },
  {
    "type": "Feature",
    "geometry": {
       "type": "Point",
       "coordinates":  [ 121.5177536011,25.1152057648 ]
    },
    "properties": {
    "機構名稱":"臺北市北投區振華社區發展協會",
    "機構代碼":"BF0100163",
    "機構種類":"BF",
    "縣市":"臺北市",
    "區":"北投區",
    "地址全址":"臺北市北投區振華里裕民一路40巷37號1樓",
    "O_ABC":"C",
    "特約服務項目":"巷弄長照站"
    }
  },
  {
    "type": "Feature",
    "geometry": {
       "type": "Point",
       "coordinates":  [ 121.527961731,25.1296043396 ]
    },
    "properties": {
    "機構名稱":"臺北市北投區永和社區發展協會",
    "機構代碼":"BF0100123",
    "機構種類":"BF",
    "縣市":"臺北市",
    "區":"北投區",
    "地址全址":"臺北市北投區永和里行義路138-1號1樓",
    "O_ABC":"C",
    "特約服務項目":"巷弄長照站"
    }
  },
  {
    "type": "Feature",
    "geometry": {
       "type": "Point",
       "coordinates":  [ 121.501914978,25.1275043488 ]
    },
    "properties": {
    "機構名稱":"臺北市北投區清江社區發展協會",
    "機構代碼":"BF0100164",
    "機構種類":"BF",
    "縣市":"臺北市",
    "區":"北投區",
    "地址全址":"臺北市北投區清江里清江路201號",
    "O_ABC":"C",
    "特約服務項目":"巷弄長照站"
    }
  },
  {
    "type": "Feature",
    "geometry": {
       "type": "Point",
       "coordinates":  [ 121.4960098267,25.1364784241 ]
    },
    "properties": {
    "機構名稱":"臺北市北投區硫磺谷社區發展協會",
    "機構代碼":"BF0100048",
    "機構種類":"BF",
    "縣市":"臺北市",
    "區":"北投區",
    "地址全址":"臺北市北投區文化里文化三路4、5樓",
    "O_ABC":"C",
    "特約服務項目":"巷弄長照站"
    }
  },
  {
    "type": "Feature",
    "geometry": {
       "type": "Point",
       "coordinates":  [ 121.5056915283,25.1176929474 ]
    },
    "properties": {
    "機構名稱":"臺北市北投區立群社區發展協會",
    "機構代碼":"BF0100049",
    "機構種類":"BF",
    "縣市":"臺北市",
    "區":"北投區",
    "地址全址":"臺北市北投區立賢里尊賢街251巷18號1樓 (里民活動場所)",
    "O_ABC":"C",
    "特約服務項目":"巷弄長照站"
    }
  },
  {
    "type": "Feature",
    "geometry": {
       "type": "Point",
       "coordinates":  [ 121.6130065918,25.0457992554 ]
    },
    "properties": {
    "機構名稱":"臺北市南港區中研新村社區發展協會",
    "機構代碼":"BF0100066",
    "機構種類":"BF",
    "縣市":"臺北市",
    "區":"南港區",
    "地址全址":"臺北市南港區中研里研究院路2段70巷47弄4號1樓",
    "O_ABC":"C",
    "特約服務項目":"巷弄長照站"
    }
  },
  {
    "type": "Feature",
    "geometry": {
       "type": "Point",
       "coordinates":  [ 121.6170806885,25.0367069244 ]
    },
    "properties": {
    "機構名稱":"臺北市南港區久如社區發展協會",
    "機構代碼":"BF0100067",
    "機構種類":"BF",
    "縣市":"臺北市",
    "區":"南港區",
    "地址全址":"臺北市南港區九如里研究院路2段208號1樓",
    "O_ABC":"B",
    "特約服務項目":"喘息服務"
    }
  },
  {
    "type": "Feature",
    "geometry": {
       "type": "Point",
       "coordinates":  [ 121.6170806885,25.0367069244 ]
    },
    "properties": {
    "機構名稱":"臺北市南港區久如社區發展協會",
    "機構代碼":"BF0100067",
    "機構種類":"BF",
    "縣市":"臺北市",
    "區":"南港區",
    "地址全址":"臺北市南港區九如里研究院路2段208號1樓",
    "O_ABC":"C",
    "特約服務項目":"巷弄長照站"
    }
  },
  {
    "type": "Feature",
    "geometry": {
       "type": "Point",
       "coordinates":  [ 121.5921401978,25.0394687653 ]
    },
    "properties": {
    "機構名稱":"臺北市南港區仁福社區發展協會",
    "機構代碼":"BF0100062",
    "機構種類":"BF",
    "縣市":"臺北市",
    "區":"南港區",
    "地址全址":"臺北市南港區仁福里福德街373巷61號1樓",
    "O_ABC":"C",
    "特約服務項目":"巷弄長照站"
    }
  },
  {
    "type": "Feature",
    "geometry": {
       "type": "Point",
       "coordinates":  [ 121.5906295776,25.0400028229 ]
    },
    "properties": {
    "機構名稱":"臺北市南港區仁福里辦公處",
    "機構代碼":"BG0100005",
    "機構種類":"BG",
    "縣市":"臺北市",
    "區":"南港區",
    "地址全址":"臺北市南港區仁福里福德街443號1樓",
    "O_ABC":"C",
    "特約服務項目":"巷弄長照站"
    }
  },
  {
    "type": "Feature",
    "geometry": {
       "type": "Point",
       "coordinates":  [ 121.6144866943,25.0454177856 ]
    },
    "properties": {
    "機構名稱":"臺北市南港區好厝邊社區發展協會",
    "機構代碼":"BF0100069",
    "機構種類":"BF",
    "縣市":"臺北市",
    "區":"南港區",
    "地址全址":"臺北市南港區中研里研究院路2段70巷12號2樓（中研區民活動中心）",
    "O_ABC":"C",
    "特約服務項目":"巷弄長照站"
    }
  },
  {
    "type": "Feature",
    "geometry": {
       "type": "Point",
       "coordinates":  [ 121.5865097046,25.0438690186 ]
    },
    "properties": {
    "機構名稱":"臺北市南港區鴻福社區發展協會",
    "機構代碼":"BF0100060",
    "機構種類":"BF",
    "縣市":"臺北市",
    "區":"南港區",
    "地址全址":"臺北市南港區鴻福里成福路82號",
    "O_ABC":"C",
    "特約服務項目":"巷弄長照站"
    }
  },
  {
    "type": "Feature",
    "geometry": {
       "type": "Point",
       "coordinates":  [ 121.6195220947,25.0413208008 ]
    },
    "properties": {
    "機構名稱":"臺北市南港舊莊社區發展協會",
    "機構代碼":"BF0100065",
    "機構種類":"BF",
    "縣市":"臺北市",
    "區":"南港區",
    "地址全址":"臺北市南港區舊莊里舊莊街1段91巷11號(舊莊區民活動中心)",
    "O_ABC":"C",
    "特約服務項目":"巷弄長照站"
    }
  },
  {
    "type": "Feature",
    "geometry": {
       "type": "Point",
       "coordinates":  [ 121.492149353,25.0268592834 ]
    },
    "properties": {
    "機構名稱":"臺北市和德長壽健康促進協會",
    "機構代碼":"BF0100171",
    "機構種類":"BF",
    "縣市":"臺北市",
    "區":"萬華區",
    "地址全址":"臺北市萬華區和德里興義街25號",
    "O_ABC":"C",
    "特約服務項目":"巷弄長照站"
    }
  },
  {
    "type": "Feature",
    "geometry": {
       "type": "Point",
       "coordinates":  [ 121.5816802979,25.0434780121 ]
    },
    "properties": {
    "機構名稱":"臺北市基督教新榮耀堂福音協進會",
    "機構代碼":"BF0100086",
    "機構種類":"BF",
    "縣市":"臺北市",
    "區":"信義區",
    "地址全址":"臺北市信義區大道里大道里忠孝東路5段782號",
    "O_ABC":"C",
    "特約服務項目":"巷弄長照站"
    }
  },
  {
    "type": "Feature",
    "geometry": {
       "type": "Point",
       "coordinates":  [ 121.5087432861,25.0808506012 ]
    },
    "properties": {
    "機構名稱":"臺北市士林區富光里辦公處",
    "機構代碼":"BF0100094",
    "機構種類":"BF",
    "縣市":"臺北市",
    "區":"士林區",
    "地址全址":"臺北市士林區富光里葫蘆街62號",
    "O_ABC":"C",
    "特約服務項目":"巷弄長照站"
    }
  },
  {
    "type": "Feature",
    "geometry": {
       "type": "Point",
       "coordinates":  [ 121.5287475586,25.1036891937 ]
    },
    "properties": {
    "機構名稱":"臺北市士林區幸福名山社區發展協會",
    "機構代碼":"BF0100006",
    "機構種類":"BF",
    "縣市":"臺北市",
    "區":"士林區",
    "地址全址":"臺北市士林區名山里雨聲街68號",
    "O_ABC":"C",
    "特約服務項目":"巷弄長照站"
    }
  },
  {
    "type": "Feature",
    "geometry": {
       "type": "Point",
       "coordinates":  [ 121.5234832764,25.1054706573 ]
    },
    "properties": {
    "機構名稱":"臺北市士林區德行里里辦公處",
    "機構代碼":"BF0100195",
    "機構種類":"BF",
    "縣市":"臺北市",
    "區":"士林區",
    "地址全址":"臺北市士林區德行里德行西路30號1樓",
    "O_ABC":"C",
    "特約服務項目":"巷弄長照站"
    }
  },
  {
    "type": "Feature",
    "geometry": {
       "type": "Point",
       "coordinates":  [ 121.5290374756,25.1067466736 ]
    },
    "properties": {
    "機構名稱":"臺北市士林區忠義社區發展協會",
    "機構代碼":"BF0100007",
    "機構種類":"BF",
    "縣市":"臺北市",
    "區":"士林區",
    "地址全址":"臺北市士林區忠誠里德行東路104巷9弄8號",
    "O_ABC":"C",
    "特約服務項目":"巷弄長照站"
    }
  },
  {
    "type": "Feature",
    "geometry": {
       "type": "Point",
       "coordinates":  [ 121.5180511475,25.0874195099 ]
    },
    "properties": {
    "機構名稱":"臺北市士林區福中里辦公處",
    "機構代碼":"BF0100194",
    "機構種類":"BF",
    "縣市":"臺北市",
    "區":"士林區",
    "地址全址":"臺北市士林區福中里福港街151號10樓9樓",
    "O_ABC":"C",
    "特約服務項目":"巷弄長照站"
    }
  },
  {
    "type": "Feature",
    "geometry": {
       "type": "Point",
       "coordinates":  [ 121.5114746094,25.0821876526 ]
    },
    "properties": {
    "機構名稱":"臺北市士林區福順里辦公處",
    "機構代碼":"BF0100225",
    "機構種類":"BF",
    "縣市":"臺北市",
    "區":"士林區",
    "地址全址":"臺北市士林區福順里延平北路5段136巷24號",
    "O_ABC":"C",
    "特約服務項目":"巷弄長照站"
    }
  },
  {
    "type": "Feature",
    "geometry": {
       "type": "Point",
       "coordinates":  [ 121.5107269287,25.086648941 ]
    },
    "properties": {
    "機構名稱":"臺北市士林區葫東里辦公處",
    "機構代碼":"BF0100193",
    "機構種類":"BF",
    "縣市":"臺北市",
    "區":"士林區",
    "地址全址":"臺北市士林區葫東里中正路589號1樓",
    "O_ABC":"C",
    "特約服務項目":"巷弄長照站"
    }
  },
  {
    "type": "Feature",
    "geometry": {
       "type": "Point",
       "coordinates":  [ 121.508605957,25.0838012695 ]
    },
    "properties": {
    "機構名稱":"臺北市士林區葫蘆里辦公處",
    "機構代碼":"BF0100092",
    "機構種類":"BF",
    "縣市":"臺北市",
    "區":"士林區",
    "地址全址":"臺北市士林區葫蘆里葫蘆街137號",
    "O_ABC":"C",
    "特約服務項目":"巷弄長照站"
    }
  },
  {
    "type": "Feature",
    "geometry": {
       "type": "Point",
       "coordinates":  [ 121.5104217529,25.0812301636 ]
    },
    "properties": {
    "機構名稱":"臺北市士林海光社區發展協會",
    "機構代碼":"BF0100010",
    "機構種類":"BF",
    "縣市":"臺北市",
    "區":"士林區",
    "地址全址":"臺北市士林區富光里延平北路5段99號",
    "O_ABC":"C",
    "特約服務項目":"巷弄長照站"
    }
  },
  {
    "type": "Feature",
    "geometry": {
       "type": "Point",
       "coordinates":  [ 121.5129318237,25.0676651001 ]
    },
    "properties": {
    "機構名稱":"臺北市大同區國慶社區發展協會",
    "機構代碼":"BF0100101",
    "機構種類":"BF",
    "縣市":"臺北市",
    "區":"大同區",
    "地址全址":"臺北市大同區國慶里重慶北路3段136巷18號",
    "O_ABC":"C",
    "特約服務項目":"巷弄長照站"
    }
  },
  {
    "type": "Feature",
    "geometry": {
       "type": "Point",
       "coordinates":  [ 121.5457077026,25.0321559906 ]
    },
    "properties": {
    "機構名稱":"臺北市大安區住安社區發展協會",
    "機構代碼":"BF0100022",
    "機構種類":"BF",
    "縣市":"臺北市",
    "區":"大安區",
    "地址全址":"臺北市大安區住安里信義路4段30巷27弄24號",
    "O_ABC":"C",
    "特約服務項目":"巷弄長照站"
    }
  },
  {
    "type": "Feature",
    "geometry": {
       "type": "Point",
       "coordinates":  [ 121.5257873535,25.0337982178 ]
    },
    "properties": {
    "機構名稱":"臺北市大安區光明里辦公處",
    "機構代碼":"BF0100211",
    "機構種類":"BF",
    "縣市":"臺北市",
    "區":"大安區",
    "地址全址":"臺北市大安區光明里信義路2段86巷26號",
    "O_ABC":"C",
    "特約服務項目":"巷弄長照站"
    }
  },
  {
    "type": "Feature",
    "geometry": {
       "type": "Point",
       "coordinates":  [ 121.5245742798,25.0255413055 ]
    },
    "properties": {
    "機構名稱":"臺北市大安區古莊社區發展協會",
    "機構代碼":"BF0100018",
    "機構種類":"BF",
    "縣市":"臺北市",
    "區":"大安區",
    "地址全址":"臺北市大安區古莊里6鄰羅斯福路2段81巷16弄1-2號2樓",
    "O_ABC":"C",
    "特約服務項目":"巷弄長照站"
    }
  },
  {
    "type": "Feature",
    "geometry": {
       "type": "Point",
       "coordinates":  [ 121.5286483765,25.022233963 ]
    },
    "properties": {
    "機構名稱":"臺北市大安區古風社區發展協會",
    "機構代碼":"BF0100137",
    "機構種類":"BF",
    "縣市":"臺北市",
    "區":"大安區",
    "地址全址":"臺北市大安區古風里師大路117巷1號  雲和街72巷9號",
    "O_ABC":"C",
    "特約服務項目":"巷弄長照站"
    }
  },
  {
    "type": "Feature",
    "geometry": {
       "type": "Point",
       "coordinates":  [ 121.5389480591,25.0290813446 ]
    },
    "properties": {
    "機構名稱":"臺北市大安區大安新龍社區發展協會",
    "機構代碼":"BF0100217",
    "機構種類":"BF",
    "縣市":"臺北市",
    "區":"大安區",
    "地址全址":"臺北市大安區新龍里信義路三段134巷98號1樓",
    "O_ABC":"C",
    "特約服務項目":"巷弄長照站"
    }
  },
  {
    "type": "Feature",
    "geometry": {
       "type": "Point",
       "coordinates":  [ 121.535774231,25.0361843109 ]
    },
    "properties": {
    "機構名稱":"臺北市大安區新民炤社區發展協會",
    "機構代碼":"BF0100023",
    "機構種類":"BF",
    "縣市":"臺北市",
    "區":"大安區",
    "地址全址":"臺北市大安區民炤里建國南路1段286巷35號1樓",
    "O_ABC":"B",
    "特約服務項目":"喘息服務"
    }
  },
  {
    "type": "Feature",
    "geometry": {
       "type": "Point",
       "coordinates":  [ 121.535774231,25.0361843109 ]
    },
    "properties": {
    "機構名稱":"臺北市大安區新民炤社區發展協會",
    "機構代碼":"BF0100023",
    "機構種類":"BF",
    "縣市":"臺北市",
    "區":"大安區",
    "地址全址":"臺北市大安區民炤里建國南路1段286巷35號1樓",
    "O_ABC":"C",
    "特約服務項目":"巷弄長照站"
    }
  },
  {
    "type": "Feature",
    "geometry": {
       "type": "Point",
       "coordinates":  [ 121.534614563,25.0341472626 ]
    },
    "properties": {
    "機構名稱":"臺北市大安區民炤里辦公處",
    "機構代碼":"BF0100219",
    "機構種類":"BF",
    "縣市":"臺北市",
    "區":"大安區",
    "地址全址":"臺北市大安區民炤里信義路3段31巷5號1樓",
    "O_ABC":"C",
    "特約服務項目":"巷弄長照站"
    }
  },
  {
    "type": "Feature",
    "geometry": {
       "type": "Point",
       "coordinates":  [ 121.5284194946,25.0305614471 ]
    },
    "properties": {
    "機構名稱":"臺北市大安區永康里辦公處",
    "機構代碼":"BF0100212",
    "機構種類":"BF",
    "縣市":"臺北市",
    "區":"大安區",
    "地址全址":"臺北市大安區永康里金華街199巷3弄6號1樓",
    "O_ABC":"C",
    "特約服務項目":"巷弄長照站"
    }
  },
  {
    "type": "Feature",
    "geometry": {
       "type": "Point",
       "coordinates":  [ 121.5529251099,25.0261707306 ]
    },
    "properties": {
    "機構名稱":"臺北市大安區法治里辦公處",
    "機構代碼":"BF0100223",
    "機構種類":"BF",
    "縣市":"臺北市",
    "區":"大安區",
    "地址全址":"臺北市大安區法治里通化街192號",
    "O_ABC":"C",
    "特約服務項目":"巷弄長照站"
    }
  },
  {
    "type": "Feature",
    "geometry": {
       "type": "Point",
       "coordinates":  [ 121.5460968018,25.026304245 ]
    },
    "properties": {
    "機構名稱":"臺北市大安區群英里辦公處",
    "機構代碼":"BG0100002",
    "機構種類":"BG",
    "縣市":"臺北市",
    "區":"大安區",
    "地址全址":"臺北市大安區群英里四維路198巷30弄9號",
    "O_ABC":"B",
    "特約服務項目":"喘息服務"
    }
  },
  {
    "type": "Feature",
    "geometry": {
       "type": "Point",
       "coordinates":  [ 121.5460968018,25.026304245 ]
    },
    "properties": {
    "機構名稱":"臺北市大安區群英里辦公處",
    "機構代碼":"BG0100002",
    "機構種類":"BG",
    "縣市":"臺北市",
    "區":"大安區",
    "地址全址":"臺北市大安區群英里四維路198巷30弄9號",
    "O_ABC":"C",
    "特約服務項目":"巷弄長照站"
    }
  },
  {
    "type": "Feature",
    "geometry": {
       "type": "Point",
       "coordinates":  [ 121.545501709,25.0284690857 ]
    },
    "properties": {
    "機構名稱":"臺北市大安區臺北龍雲社區發展協會",
    "機構代碼":"BF0100025",
    "機構種類":"BF",
    "縣市":"臺北市",
    "區":"大安區",
    "地址全址":"臺北市大安區龍雲里大安路二段160巷24號及復興南路二段151巷43號",
    "O_ABC":"C",
    "特約服務項目":"巷弄長照站"
    }
  },
  {
    "type": "Feature",
    "geometry": {
       "type": "Point",
       "coordinates":  [ 121.5529403687,25.0298480988 ]
    },
    "properties": {
    "機構名稱":"臺北市大安區通安里辦公處",
    "機構代碼":"BF0100103",
    "機構種類":"BF",
    "縣市":"臺北市",
    "區":"大安區",
    "地址全址":"臺北市大安區通安里通安街98號 (臺北市通安區民活動中心)",
    "O_ABC":"C",
    "特約服務項目":"巷弄長照站"
    }
  },
  {
    "type": "Feature",
    "geometry": {
       "type": "Point",
       "coordinates":  [ 121.5275726318,25.0285434723 ]
    },
    "properties": {
    "機構名稱":"臺北市大安區錦町社區發展協會",
    "機構代碼":"BF0100139",
    "機構種類":"BF",
    "縣市":"臺北市",
    "區":"大安區",
    "地址全址":"臺北市大安區錦安里潮州街130巷3號1樓",
    "O_ABC":"C",
    "特約服務項目":"巷弄長照站"
    }
  },
  {
    "type": "Feature",
    "geometry": {
       "type": "Point",
       "coordinates":  [ 121.5230102539,25.0282535553 ]
    },
    "properties": {
    "機構名稱":"臺北市大安區錦華里辦公處 ",
    "機構代碼":"BF0100222",
    "機構種類":"BF",
    "縣市":"臺北市",
    "區":"大安區",
    "地址全址":"臺北市大安區錦泰里羅斯福路2段35巷19弄6號1樓",
    "O_ABC":"C",
    "特約服務項目":"巷弄長照站"
    }
  },
  {
    "type": "Feature",
    "geometry": {
       "type": "Point",
       "coordinates":  [ 121.5148925781,25.0741767883 ]
    },
    "properties": {
    "機構名稱":"臺北市大龍峒長青協會",
    "機構代碼":"BF0100015",
    "機構種類":"BF",
    "縣市":"臺北市",
    "區":"大同區",
    "地址全址":"臺北市大同區保安里重慶北路3段313巷25號1樓~2樓",
    "O_ABC":"C",
    "特約服務項目":"巷弄長照站"
    }
  },
  {
    "type": "Feature",
    "geometry": {
       "type": "Point",
       "coordinates":  [ 121.5302658081,25.1218204498 ]
    },
    "properties": {
    "機構名稱":"臺北市天母全人關懷協會",
    "機構代碼":"BF0100011",
    "機構種類":"BF",
    "縣市":"臺北市",
    "區":"士林區",
    "地址全址":"臺北市士林區天玉里中山北路7段81巷7樓B2",
    "O_ABC":"C",
    "特約服務項目":"巷弄長照站"
    }
  },
  {
    "type": "Feature",
    "geometry": {
       "type": "Point",
       "coordinates":  [ 121.5891113281,25.046710968 ]
    },
    "properties": {
    "機構名稱":"臺北市後山埤文化發展協會",
    "機構代碼":"BF0100061",
    "機構種類":"BF",
    "縣市":"臺北市",
    "區":"南港區",
    "地址全址":"臺北市南港區聯成里東新街91號",
    "O_ABC":"B",
    "特約服務項目":"喘息服務"
    }
  },
  {
    "type": "Feature",
    "geometry": {
       "type": "Point",
       "coordinates":  [ 121.5891113281,25.046710968 ]
    },
    "properties": {
    "機構名稱":"臺北市後山埤文化發展協會",
    "機構代碼":"BF0100061",
    "機構種類":"BF",
    "縣市":"臺北市",
    "區":"南港區",
    "地址全址":"臺北市南港區聯成里東新街91號",
    "O_ABC":"C",
    "特約服務項目":"巷弄長照站"
    }
  },
  {
    "type": "Feature",
    "geometry": {
       "type": "Point",
       "coordinates":  [ 121.5427627563,25.0534248352 ]
    },
    "properties": {
    "機構名稱":"臺北市復華長青多元服務中心(財團法人台灣省私立健順養護中心)",
    "機構代碼":"BD0100071",
    "機構種類":"BD",
    "縣市":"臺北市",
    "區":"中山區",
    "地址全址":"臺北市中山區復華里遼寧街185巷11號",
    "O_ABC":"C",
    "特約服務項目":"巷弄長照站"
    }
  },
  {
    "type": "Feature",
    "geometry": {
       "type": "Point",
       "coordinates":  [ 121.5881347656,25.0425376892 ]
    },
    "properties": {
    "機構名稱":"臺北市心悅成福文化協會",
    "機構代碼":"BF0100064",
    "機構種類":"BF",
    "縣市":"臺北市",
    "區":"南港區",
    "地址全址":"臺北市南港區成福里成福路121巷34-1號1樓",
    "O_ABC":"C",
    "特約服務項目":"巷弄長照站"
    }
  },
  {
    "type": "Feature",
    "geometry": {
       "type": "Point",
       "coordinates":  [ 121.5300827026,25.0623474121 ]
    },
    "properties": {
    "機構名稱":"臺北市快樂松年社",
    "機構代碼":"BF0100208",
    "機構種類":"BF",
    "縣市":"臺北市",
    "區":"中山區",
    "地址全址":"臺北市中山區新生里民權東路2段46號3樓之2",
    "O_ABC":"C",
    "特約服務項目":"巷弄長照站"
    }
  },
  {
    "type": "Feature",
    "geometry": {
       "type": "Point",
       "coordinates":  [ 121.5090408325,25.0389251709 ]
    },
    "properties": {
    "機構名稱":"臺北市政府社會局委託中華民國紅十字會台灣省分會經營管理臺北市中正社區長照機構",
    "機構代碼":"2R0100006",
    "機構種類":"2",
    "縣市":"臺北市",
    "區":"中正區",
    "地址全址":"臺北市中正區建國里貴陽街一段60號3樓",
    "O_ABC":"B",
    "特約服務項目":"營養餐飲服務;日間照顧服務"
    }
  },
  {
    "type": "Feature",
    "geometry": {
       "type": "Point",
       "coordinates":  [ 121.5828857422,25.0386161804 ]
    },
    "properties": {
    "機構名稱":"臺北市政府社會局委託中華民國紅心字會經營管理臺北市廣慈社區長照機構",
    "機構代碼":"2R0100018",
    "機構種類":"2",
    "縣市":"臺北市",
    "區":"信義區",
    "地址全址":"臺北市信義區大道路116號4樓之3",
    "O_ABC":"B",
    "特約服務項目":"日間照顧服務;交通接送服務"
    }
  },
  {
    "type": "Feature",
    "geometry": {
       "type": "Point",
       "coordinates":  [ 121.5828857422,25.0386161804 ]
    },
    "properties": {
    "機構名稱":"臺北市政府社會局委託中華民國紅心字會經營管理臺北市達仁社區長照機構",
    "機構代碼":"2R0100019",
    "機構種類":"2",
    "縣市":"臺北市",
    "區":"信義區",
    "地址全址":"臺北市信義區大道路116號4樓之5",
    "O_ABC":"B",
    "特約服務項目":"小規模多機能服務"
    }
  },
  {
    "type": "Feature",
    "geometry": {
       "type": "Point",
       "coordinates":  [ 121.5841903687,24.989315033 ]
    },
    "properties": {
    "機構名稱":"臺北市政府社會局委託佳醫長照社團法人經營管理臺北市兆如老人安養護中心",
    "機構代碼":"A10100161",
    "機構種類":"A1",
    "縣市":"臺北市",
    "區":"文山區",
    "地址全址":"臺北市文山區政大二街129號",
    "O_ABC":"B",
    "特約服務項目":"日間照顧服務;喘息服務"
    }
  },
  {
    "type": "Feature",
    "geometry": {
       "type": "Point",
       "coordinates":  [ 121.5173568726,25.0687255859 ]
    },
    "properties": {
    "機構名稱":"臺北市政府社會局委託天主教耕莘醫療財團法人永和耕莘醫院經營管理臺北市大龍老人住宅(社照C)",
    "機構代碼":"B20100025",
    "機構種類":"B2",
    "縣市":"臺北市",
    "區":"大同區",
    "地址全址":"臺北市大同區至聖里至聖里民族西路105號4樓、4樓-1",
    "O_ABC":"B",
    "特約服務項目":"喘息服務"
    }
  },
  {
    "type": "Feature",
    "geometry": {
       "type": "Point",
       "coordinates":  [ 121.5173568726,25.0687255859 ]
    },
    "properties": {
    "機構名稱":"臺北市政府社會局委託天主教耕莘醫療財團法人永和耕莘醫院經營管理臺北市大龍老人住宅(社照C)",
    "機構代碼":"B20100025",
    "機構種類":"B2",
    "縣市":"臺北市",
    "區":"大同區",
    "地址全址":"臺北市大同區至聖里至聖里民族西路105號4樓、4樓-1",
    "O_ABC":"C",
    "特約服務項目":"巷弄長照站"
    }
  },
  {
    "type": "Feature",
    "geometry": {
       "type": "Point",
       "coordinates":  [ 121.5432510376,25.1019096375 ]
    },
    "properties": {
    "機構名稱":"臺北市政府社會局委託天主教耕莘醫療財團法人永和耕莘醫院經營管理臺北市至善老人安養護中心",
    "機構代碼":"A10100119",
    "機構種類":"A1",
    "縣市":"臺北市",
    "區":"士林區",
    "地址全址":"臺北市士林區永福里001鄰仰德大道2段2巷50號",
    "O_ABC":"B",
    "特約服務項目":"喘息服務"
    }
  },
  {
    "type": "Feature",
    "geometry": {
       "type": "Point",
       "coordinates":  [ 121.5064315796,25.0471401215 ]
    },
    "properties": {
    "機構名稱":"臺北市政府社會局委託社團法人中華民國士林靈糧堂社會福利協會經營管理福星身障社區長照機構（日間照顧）",
    "機構代碼":"2R0100027",
    "機構種類":"2",
    "縣市":"臺北市",
    "區":"萬華區",
    "地址全址":"臺北市萬華區福星里開封街2段39號3樓之1",
    "O_ABC":"B",
    "特約服務項目":"日間照顧服務;喘息服務"
    }
  },
  {
    "type": "Feature",
    "geometry": {
       "type": "Point",
       "coordinates":  [ 121.5322875977,25.1114368439 ]
    },
    "properties": {
    "機構名稱":"臺北市政府社會局委託社團法人中華民國士林靈糧堂社會福利協會經營管理臺北市士林社區式服務類長期照顧服務機構",
    "機構代碼":"2S0100007",
    "機構種類":"2",
    "縣市":"臺北市",
    "區":"士林區",
    "地址全址":"臺北市士林區三玉里忠誠路二段53巷7號6樓",
    "O_ABC":"B",
    "特約服務項目":"小規模多機能服務;喘息服務;營養餐飲服務"
    }
  },
  {
    "type": "Feature",
    "geometry": {
       "type": "Point",
       "coordinates":  [ 121.5039291382,25.1265525818 ]
    },
    "properties": {
    "機構名稱":"臺北市政府社會局委託社團法人中華民國士林靈糧堂社會福利協會經營管理臺北市奇岩樂活社區長照機構",
    "機構代碼":"2R0100005",
    "機構種類":"2",
    "縣市":"臺北市",
    "區":"北投區",
    "地址全址":"臺北市北投區三合街1段119號4、5樓",
    "O_ABC":"B",
    "特約服務項目":"日間照顧服務"
    }
  },
  {
    "type": "Feature",
    "geometry": {
       "type": "Point",
       "coordinates":  [ 121.5792617798,25.0734348297 ]
    },
    "properties": {
    "機構名稱":"臺北市政府社會局委託社團法人中華民國士林靈糧堂社會福利協會經營管理臺北市瑞光社區長照機構",
    "機構代碼":"2R0100011",
    "機構種類":"2",
    "縣市":"臺北市",
    "區":"內湖區",
    "地址全址":"臺北市內湖區湖元里瑞光路162號2樓之1",
    "O_ABC":"B",
    "特約服務項目":"小規模多機能服務;喘息服務"
    }
  },
  {
    "type": "Feature",
    "geometry": {
       "type": "Point",
       "coordinates":  [ 121.5675430298,25.0433940887 ]
    },
    "properties": {
    "機構名稱":"臺北市政府社會局委託社團法人中華民國紅心字會經營管理臺北市信義老人服務中心",
    "機構代碼":"2R0100004",
    "機構種類":"2",
    "縣市":"臺北市",
    "區":"信義區",
    "地址全址":"臺北市信義區大仁里大道路116號5樓之3",
    "O_ABC":"B",
    "特約服務項目":"日間照顧服務;營養餐飲服務"
    }
  },
  {
    "type": "Feature",
    "geometry": {
       "type": "Point",
       "coordinates":  [ 121.5473480225,25.034204483 ]
    },
    "properties": {
    "機構名稱":"臺北市政府社會局委託社團法人台灣德安社會福利協會經營管理臺北市大安社區長照機構",
    "機構代碼":"2S0100009",
    "機構種類":"2",
    "縣市":"臺北市",
    "區":"大安區",
    "地址全址":"臺北市大安區德安里四維路76巷12號",
    "O_ABC":"B",
    "特約服務項目":"喘息服務;小規模多機能服務"
    }
  },
  {
    "type": "Feature",
    "geometry": {
       "type": "Point",
       "coordinates":  [ 121.5419158936,24.9900016785 ]
    },
    "properties": {
    "機構名稱":"臺北市政府社會局委託財團法人中華民國唐氏症基金會經營管理景新身障社區長照機構（日間照顧）",
    "機構代碼":"2S0100026",
    "機構種類":"2",
    "縣市":"臺北市",
    "區":"文山區",
    "地址全址":"臺北市文山區景後街151號4樓",
    "O_ABC":"B",
    "特約服務項目":"日間照顧服務;喘息服務"
    }
  },
  {
    "type": "Feature",
    "geometry": {
       "type": "Point",
       "coordinates":  [ 121.5627670288,25.0590858459 ]
    },
    "properties": {
    "機構名稱":"臺北市政府社會局委託財團法人伊甸社會福利基金會經營管理民生身障社區長照機構（日間照顧）",
    "機構代碼":"2S0100002",
    "機構種類":"2",
    "縣市":"臺北市",
    "區":"松山區",
    "地址全址":"臺北市松山區三民里松山民生東路五段163之1號",
    "O_ABC":"B",
    "特約服務項目":"喘息服務;日間照顧服務"
    }
  },
  {
    "type": "Feature",
    "geometry": {
       "type": "Point",
       "coordinates":  [ 121.5468826294,25.0000209808 ]
    },
    "properties": {
    "機構名稱":"臺北市政府社會局委託財團法人利河伯社會福利基金會經營管理臺北市文山老人養護中心",
    "機構代碼":"A10100032",
    "機構種類":"A1",
    "縣市":"臺北市",
    "區":"文山區",
    "地址全址":"臺北市文山區興豐里興隆路二段95巷8號",
    "O_ABC":"B",
    "特約服務項目":"日間照顧服務"
    }
  },
  {
    "type": "Feature",
    "geometry": {
       "type": "Point",
       "coordinates":  [ 121.5140762329,25.0747833252 ]
    },
    "properties": {
    "機構名稱":"臺北市政府社會局委託財團法人台北市立心慈善基金會經營管理 臺北市大同老人服務暨日間照顧中心",
    "機構代碼":"2J0100001",
    "機構種類":"2",
    "縣市":"臺北市",
    "區":"大同區",
    "地址全址":"臺北市大同區重慶里重慶北路三段347號3樓",
    "O_ABC":"B",
    "特約服務項目":"營養餐飲服務"
    }
  },
  {
    "type": "Feature",
    "geometry": {
       "type": "Point",
       "coordinates":  [ 121.5140762329,25.0747833252 ]
    },
    "properties": {
    "機構名稱":"臺北市政府社會局委託財團法人台北市立心慈善基金會經營管理臺北市大同社區長照機構",
    "機構代碼":"2B0100001",
    "機構種類":"2",
    "縣市":"臺北市",
    "區":"大同區",
    "地址全址":"臺北市大同區重慶里重慶北路三段347號3樓之1",
    "O_ABC":"B",
    "特約服務項目":"日間照顧服務"
    }
  },
  {
    "type": "Feature",
    "geometry": {
       "type": "Point",
       "coordinates":  [ 121.4974899292,25.0373725891 ]
    },
    "properties": {
    "機構名稱":"臺北市政府社會局委託財團法人台北市立心慈善基金會經營管理臺北市萬華龍山社區長照機構",
    "機構代碼":"2S0100020",
    "機構種類":"2",
    "縣市":"臺北市",
    "區":"萬華區",
    "地址全址":"臺北市萬華區青山里梧州街36號3樓之1",
    "O_ABC":"B",
    "特約服務項目":"喘息服務;日間照顧服務;營養餐飲服務"
    }
  },
  {
    "type": "Feature",
    "geometry": {
       "type": "Point",
       "coordinates":  [ 121.5987625122,25.0571289062 ]
    },
    "properties": {
    "機構名稱":"臺北市政府社會局委託財團法人台灣省私立健順養護中心經營管理南港社區式長照機構",
    "機構代碼":"2S0100021",
    "機構種類":"2",
    "縣市":"臺北市",
    "區":"南港區",
    "地址全址":"臺北市南港區重陽里重陽路187巷5號",
    "O_ABC":"B",
    "特約服務項目":"日間照顧服務"
    }
  },
  {
    "type": "Feature",
    "geometry": {
       "type": "Point",
       "coordinates":  [ 121.528427124,25.0573177338 ]
    },
    "properties": {
    "機構名稱":"臺北市政府社會局委託財團法人台灣省私立健順養護中心經營管理臺北市中山社區式長期照顧服務機構",
    "機構代碼":"2S0100011",
    "機構種類":"2",
    "縣市":"臺北市",
    "區":"中山區",
    "地址全址":"臺北市中山區新生北路二段101巷2號",
    "O_ABC":"B",
    "特約服務項目":"日間照顧服務;營養餐飲服務"
    }
  },
  {
    "type": "Feature",
    "geometry": {
       "type": "Point",
       "coordinates":  [ 121.5427627563,25.0534248352 ]
    },
    "properties": {
    "機構名稱":"臺北市政府社會局委託財團法人台灣省私立健順養護中心經營管理臺北市復華社區長照機構",
    "機構代碼":"2S0100008",
    "機構種類":"2",
    "縣市":"臺北市",
    "區":"中山區",
    "地址全址":"臺北市中山區遼寧街185巷11號2-3樓",
    "O_ABC":"B",
    "特約服務項目":"小規模多機能服務;日間照顧服務;喘息服務"
    }
  },
  {
    "type": "Feature",
    "geometry": {
       "type": "Point",
       "coordinates":  [ 121.5665130615,25.0544319153 ]
    },
    "properties": {
    "機構名稱":"臺北市政府社會局委託財團法人台灣省私立健順養護中心經營管理臺北市松山社區式長期照顧服務機構",
    "機構代碼":"2S0100013",
    "機構種類":"2",
    "縣市":"臺北市",
    "區":"松山區",
    "地址全址":"臺北市松山區鵬程里健康路317號2樓",
    "O_ABC":"B",
    "特約服務項目":"日間照顧服務;喘息服務;營養餐飲服務"
    }
  },
  {
    "type": "Feature",
    "geometry": {
       "type": "Point",
       "coordinates":  [ 121.5212478638,25.0498371124 ]
    },
    "properties": {
    "機構名稱":"臺北市政府社會局委託財團法人喜憨兒社會福利基金會經營管理中山身障社區長照機構（日間照顧）",
    "機構代碼":"2S0100005",
    "機構種類":"2",
    "縣市":"臺北市",
    "區":"中山區",
    "地址全址":"臺北市中山區中山里長安西路5巷2號4樓",
    "O_ABC":"B",
    "特約服務項目":"日間照顧服務;喘息服務"
    }
  },
  {
    "type": "Feature",
    "geometry": {
       "type": "Point",
       "coordinates":  [ 121.4892883301,25.1409130096 ]
    },
    "properties": {
    "機構名稱":"臺北市政府社會局委託財團法人天主教白永恩神父社會福利基金會經營管理稻香身障社區長照機構（日間照顧）",
    "機構代碼":"2S0100028",
    "機構種類":"2",
    "縣市":"臺北市",
    "區":"北投區",
    "地址全址":"臺北市北投區稻香里稻香路81號3樓之1",
    "O_ABC":"B",
    "特約服務項目":"日間照顧服務;喘息服務"
    }
  },
  {
    "type": "Feature",
    "geometry": {
       "type": "Point",
       "coordinates":  [ 121.5488128662,25.0002784729 ]
    },
    "properties": {
    "機構名稱":"臺北市政府社會局委託財團法人恆安社會福利慈善事業基金會經營管理臺北市文山社區式長期照顧服務機構",
    "機構代碼":"2S0100032",
    "機構種類":"2",
    "縣市":"臺北市",
    "區":"文山區",
    "地址全址":"臺北市文山區興安里興隆路二段88號3樓之1",
    "O_ABC":"B",
    "特約服務項目":"日間照顧服務"
    }
  },
  {
    "type": "Feature",
    "geometry": {
       "type": "Point",
       "coordinates":  [ 121.5135192871,25.07513237 ]
    },
    "properties": {
    "機構名稱":"臺北市政府社會局委託財團法人臺北市喜樂家族社會福利基金會經營管理大龍峒身障社區長照機構（日間照顧）",
    "機構代碼":"2S0100019",
    "機構種類":"2",
    "縣市":"臺北市",
    "區":"大同區",
    "地址全址":"臺北市大同區老師里重慶北路3段320號3、4樓",
    "O_ABC":"B",
    "特約服務項目":"日間照顧服務;喘息服務"
    }
  },
  {
    "type": "Feature",
    "geometry": {
       "type": "Point",
       "coordinates":  [ 121.5488128662,25.0002784729 ]
    },
    "properties": {
    "機構名稱":"臺北市政府社會局委託財團法人臺北市喜樂家族社會福利基金會經營管理興岩身障社區長照機構（日間照顧）",
    "機構代碼":"2S0100031",
    "機構種類":"2",
    "縣市":"臺北市",
    "區":"文山區",
    "地址全址":"臺北市文山區興安里興隆路2段88號3樓",
    "O_ABC":"B",
    "特約服務項目":"日間照顧服務"
    }
  },
  {
    "type": "Feature",
    "geometry": {
       "type": "Point",
       "coordinates":  [ 121.4892883301,25.1409130096 ]
    },
    "properties": {
    "機構名稱":"臺北市政府衛生局委託臺北榮民總醫院經營管理稻陣社區長照機構",
    "機構代碼":"2B0100002",
    "機構種類":"2",
    "縣市":"臺北市",
    "區":"北投區",
    "地址全址":"臺北市北投區稻香路81號5樓",
    "O_ABC":"B",
    "特約服務項目":"小規模多機能服務"
    }
  },
  {
    "type": "Feature",
    "geometry": {
       "type": "Point",
       "coordinates":  [ 121.4892883301,25.1409130096 ]
    },
    "properties": {
    "機構名稱":"臺北市政府衛生局委託臺北榮民總醫院經營管理稻香社區長照機構",
    "機構代碼":"2G0100001",
    "機構種類":"2",
    "縣市":"臺北市",
    "區":"北投區",
    "地址全址":"臺北市北投區稻香路81號4樓",
    "O_ABC":"B",
    "特約服務項目":"喘息服務;小規模多機能服務;日間照顧服務"
    }
  },
  {
    "type": "Feature",
    "geometry": {
       "type": "Point",
       "coordinates":  [ 121.6044616699,25.0546665192 ]
    },
    "properties": {
    "機構名稱":"臺北市政府衛生局附設臺北市東明住宿長照機構 (委託財團法人台北市私立愛愛院經營管理)",
    "機構代碼":"3B0100001",
    "機構種類":"3",
    "縣市":"臺北市",
    "區":"南港區",
    "地址全址":"臺北市南港區東明里南港路二段60巷17號2樓",
    "O_ABC":"B",
    "特約服務項目":"喘息服務"
    }
  },
  {
    "type": "Feature",
    "geometry": {
       "type": "Point",
       "coordinates":  [ 121.5281829834,25.055431366 ]
    },
    "properties": {
    "機構名稱":"臺北市敬老協會",
    "機構代碼":"BF0100027",
    "機構種類":"BF",
    "縣市":"臺北市",
    "區":"中山區",
    "地址全址":"臺北市中山區中原里新生北路2段41巷7號1樓",
    "O_ABC":"C",
    "特約服務項目":"巷弄長照站"
    }
  },
  {
    "type": "Feature",
    "geometry": {
       "type": "Point",
       "coordinates":  [ 121.5480804443,25.0012187958 ]
    },
    "properties": {
    "機構名稱":"臺北市文山區德芳社區發展協會",
    "機構代碼":"BF0100043",
    "機構種類":"BF",
    "縣市":"臺北市",
    "區":"文山區",
    "地址全址":"臺北市文山區興邦里興隆路二段153巷6弄5號1樓",
    "O_ABC":"C",
    "特約服務項目":"巷弄長照站"
    }
  },
  {
    "type": "Feature",
    "geometry": {
       "type": "Point",
       "coordinates":  [ 121.5629730225,24.9851036072 ]
    },
    "properties": {
    "機構名稱":"臺北市文山區忠順社區發展協會",
    "機構代碼":"BF0100040",
    "機構種類":"BF",
    "縣市":"臺北市",
    "區":"文山區",
    "地址全址":"臺北市文山區忠順里興隆路4段145巷30號",
    "O_ABC":"B",
    "特約服務項目":"喘息服務"
    }
  },
  {
    "type": "Feature",
    "geometry": {
       "type": "Point",
       "coordinates":  [ 121.5629730225,24.9851036072 ]
    },
    "properties": {
    "機構名稱":"臺北市文山區忠順社區發展協會",
    "機構代碼":"BF0100040",
    "機構種類":"BF",
    "縣市":"臺北市",
    "區":"文山區",
    "地址全址":"臺北市文山區忠順里興隆路4段145巷30號",
    "O_ABC":"C",
    "特約服務項目":"巷弄長照站"
    }
  },
  {
    "type": "Feature",
    "geometry": {
       "type": "Point",
       "coordinates":  [ 121.5407409668,24.992099762 ]
    },
    "properties": {
    "機構名稱":"臺北市文山區景美社區發展協會",
    "機構代碼":"BF0100125",
    "機構種類":"BF",
    "縣市":"臺北市",
    "區":"文山區",
    "地址全址":"臺北市文山區景行里羅斯福路6段393號8樓",
    "O_ABC":"C",
    "特約服務項目":"巷弄長照站"
    }
  },
  {
    "type": "Feature",
    "geometry": {
       "type": "Point",
       "coordinates":  [ 121.5671691895,24.9904441833 ]
    },
    "properties": {
    "機構名稱":"臺北市文山區木柵社區發展協會",
    "機構代碼":"BF0100188",
    "機構種類":"BF",
    "縣市":"臺北市",
    "區":"文山區",
    "地址全址":"臺北市文山區木柵里久康街92-1號",
    "O_ABC":"C",
    "特約服務項目":"巷弄長照站"
    }
  },
  {
    "type": "Feature",
    "geometry": {
       "type": "Point",
       "coordinates":  [ 121.5562744141,24.9797115326 ]
    },
    "properties": {
    "機構名稱":"臺北市文山區樟新社區發展協會",
    "機構代碼":"BF0100157",
    "機構種類":"BF",
    "縣市":"臺北市",
    "區":"文山區",
    "地址全址":"臺北市文山區樟新里一壽街22號9樓教室二",
    "O_ABC":"C",
    "特約服務項目":"巷弄長照站"
    }
  },
  {
    "type": "Feature",
    "geometry": {
       "type": "Point",
       "coordinates":  [ 121.5511627197,25.0028038025 ]
    },
    "properties": {
    "機構名稱":"臺北市文山區興旺社區發展協會",
    "機構代碼":"BF0100191",
    "機構種類":"BF",
    "縣市":"臺北市",
    "區":"文山區",
    "地址全址":"臺北市文山區興旺里福興路27號",
    "O_ABC":"C",
    "特約服務項目":"巷弄長照站"
    }
  },
  {
    "type": "Feature",
    "geometry": {
       "type": "Point",
       "coordinates":  [ 121.5545120239,24.9879951477 ]
    },
    "properties": {
    "機構名稱":"臺北市文山區華興里辦公處",
    "機構代碼":"BF0100190",
    "機構種類":"BF",
    "縣市":"臺北市",
    "區":"文山區",
    "地址全址":"臺北市文山區華興里木柵路一段264號",
    "O_ABC":"C",
    "特約服務項目":"巷弄長照站"
    }
  },
  {
    "type": "Feature",
    "geometry": {
       "type": "Point",
       "coordinates":  [ 121.5626144409,24.9840621948 ]
    },
    "properties": {
    "機構名稱":"臺北市文山區順興社區發展協會",
    "機構代碼":"BF0100044",
    "機構種類":"BF",
    "縣市":"臺北市",
    "區":"文山區",
    "地址全址":"臺北市文山區順興里興隆路4段165巷12號1、2樓",
    "O_ABC":"B",
    "特約服務項目":"喘息服務"
    }
  },
  {
    "type": "Feature",
    "geometry": {
       "type": "Point",
       "coordinates":  [ 121.5626144409,24.9840621948 ]
    },
    "properties": {
    "機構名稱":"臺北市文山區順興社區發展協會",
    "機構代碼":"BF0100044",
    "機構種類":"BF",
    "縣市":"臺北市",
    "區":"文山區",
    "地址全址":"臺北市文山區順興里興隆路4段165巷12號1、2樓",
    "O_ABC":"C",
    "特約服務項目":"巷弄長照站"
    }
  },
  {
    "type": "Feature",
    "geometry": {
       "type": "Point",
       "coordinates":  [ 121.5640335083,24.9842739105 ]
    },
    "properties": {
    "機構名稱":"臺北市文山區順興里辦公處",
    "機構代碼":"BF0100189",
    "機構種類":"BF",
    "縣市":"臺北市",
    "區":"文山區",
    "地址全址":"臺北市文山區順興里興隆路4段165巷50號1樓",
    "O_ABC":"C",
    "特約服務項目":"巷弄長照站"
    }
  },
  {
    "type": "Feature",
    "geometry": {
       "type": "Point",
       "coordinates":  [ 121.5458526611,25.0483798981 ]
    },
    "properties": {
    "機構名稱":"臺北市松山區中正里辦公處",
    "機構代碼":"BF0100226",
    "機構種類":"BF",
    "縣市":"臺北市",
    "區":"松山區",
    "地址全址":"臺北市松山區中正里長安東路二段229號12樓",
    "O_ABC":"C",
    "特約服務項目":"巷弄長照站"
    }
  },
  {
    "type": "Feature",
    "geometry": {
       "type": "Point",
       "coordinates":  [ 121.5675964355,25.0531578064 ]
    },
    "properties": {
    "機構名稱":"臺北市松山區安平社區發展協會",
    "機構代碼":"BF0100052",
    "機構種類":"BF",
    "縣市":"臺北市",
    "區":"松山區",
    "地址全址":"臺北市松山區安平里寶清街42號2樓",
    "O_ABC":"C",
    "特約服務項目":"巷弄長照站"
    }
  },
  {
    "type": "Feature",
    "geometry": {
       "type": "Point",
       "coordinates":  [ 121.5717391968,25.049703598 ]
    },
    "properties": {
    "機構名稱":"臺北市松山區慈祐里辦公處",
    "機構代碼":"BF0100192",
    "機構種類":"BF",
    "縣市":"臺北市",
    "區":"松山區",
    "地址全址":"臺北市松山區慈祐里八德路4段580號1樓",
    "O_ABC":"C",
    "特約服務項目":"巷弄長照站"
    }
  },
  {
    "type": "Feature",
    "geometry": {
       "type": "Point",
       "coordinates":  [ 121.5543441772,25.0530376434 ]
    },
    "properties": {
    "機構名稱":"臺北市松山區東勢里辦公處",
    "機構代碼":"BF0100147",
    "機構種類":"BF",
    "縣市":"臺北市",
    "區":"松山區",
    "地址全址":"臺北市松山區東勢里南京東路4段133巷8弄17號",
    "O_ABC":"C",
    "特約服務項目":"巷弄長照站"
    }
  },
  {
    "type": "Feature",
    "geometry": {
       "type": "Point",
       "coordinates":  [ 121.5545654297,25.0559844971 ]
    },
    "properties": {
    "機構名稱":"臺北市松山區龍田里辦公處",
    "機構代碼":"BF0100221",
    "機構種類":"BF",
    "縣市":"臺北市",
    "區":"松山區",
    "地址全址":"臺北市松山區龍田里光復北路230巷21號B1",
    "O_ABC":"C",
    "特約服務項目":"巷弄長照站"
    }
  },
  {
    "type": "Feature",
    "geometry": {
       "type": "Point",
       "coordinates":  [ 121.5343933105,25.0480289459 ]
    },
    "properties": {
    "機構名稱":"臺北市樂齡發展協會(中山區朱園里)",
    "機構代碼":"BF0100028",
    "機構種類":"BF",
    "縣市":"臺北市",
    "區":"中山區",
    "地址全址":"臺北市中山區朱園里松江路45巷43號1樓",
    "O_ABC":"C",
    "特約服務項目":"巷弄長照站"
    }
  },
  {
    "type": "Feature",
    "geometry": {
       "type": "Point",
       "coordinates":  [ 121.5470581055,25.0568695068 ]
    },
    "properties": {
    "機構名稱":"臺北市樂齡發展協會(松基分會)",
    "機構代碼":"BF0100053",
    "機構種類":"BF",
    "縣市":"臺北市",
    "區":"松山區",
    "地址全址":"臺北市松山區松基里民生東路三段130巷5弄20號",
    "O_ABC":"C",
    "特約服務項目":"巷弄長照站"
    }
  },
  {
    "type": "Feature",
    "geometry": {
       "type": "Point",
       "coordinates":  [ 121.5100784302,25.0265541077 ]
    },
    "properties": {
    "機構名稱":"臺北市永昌長青會",
    "機構代碼":"BF0100003",
    "機構種類":"BF",
    "縣市":"臺北市",
    "區":"中正區",
    "地址全址":"臺北市中正區永昌里寧波西街181巷24號",
    "O_ABC":"B",
    "特約服務項目":"營養餐飲服務"
    }
  },
  {
    "type": "Feature",
    "geometry": {
       "type": "Point",
       "coordinates":  [ 121.5100784302,25.0265541077 ]
    },
    "properties": {
    "機構名稱":"臺北市永昌長青會",
    "機構代碼":"BF0100003",
    "機構種類":"BF",
    "縣市":"臺北市",
    "區":"中正區",
    "地址全址":"臺北市中正區永昌里寧波西街181巷24號",
    "O_ABC":"C",
    "特約服務項目":"巷弄長照站"
    }
  },
  {
    "type": "Feature",
    "geometry": {
       "type": "Point",
       "coordinates":  [ 121.5885696411,25.0405826569 ]
    },
    "properties": {
    "機構名稱":"臺北市獨立型態成福居家護理所",
    "機構代碼":"B10100025",
    "機構種類":"B1",
    "縣市":"臺北市",
    "區":"南港區",
    "地址全址":"臺北市南港區百福里成福路204號",
    "O_ABC":"B",
    "特約服務項目":"專業照護服務"
    }
  },
  {
    "type": "Feature",
    "geometry": {
       "type": "Point",
       "coordinates":  [ 121.5560150146,25.0477523804 ]
    },
    "properties": {
    "機構名稱":"臺北市私立一心居家長照機構",
    "機構代碼":"1X0100016",
    "機構種類":"1",
    "縣市":"臺北市",
    "區":"松山區",
    "地址全址":"臺北市松山區吉仁里八德路3段186號6樓之1",
    "O_ABC":"B",
    "特約服務項目":"居家服務;喘息服務"
    }
  },
  {
    "type": "Feature",
    "geometry": {
       "type": "Point",
       "coordinates":  [ 121.5446472168,25.0355033875 ]
    },
    "properties": {
    "機構名稱":"臺北市私立上上老人養護所",
    "機構代碼":"A10100143",
    "機構種類":"A1",
    "縣市":"臺北市",
    "區":"大安區",
    "地址全址":"臺北市大安區仁慈里009鄰復興南路1段279巷14、16號1樓",
    "O_ABC":"B",
    "特約服務項目":"喘息服務"
    }
  },
  {
    "type": "Feature",
    "geometry": {
       "type": "Point",
       "coordinates":  [ 121.5019760132,25.0446224213 ]
    },
    "properties": {
    "機構名稱":"臺北市私立中山老人長期照顧中心(養護型)",
    "機構代碼":"A10100011",
    "機構種類":"A1",
    "縣市":"臺北市",
    "區":"萬華區",
    "地址全址":"臺北市萬華區菜園里峨眉街124號1樓",
    "O_ABC":"B",
    "特約服務項目":"喘息服務"
    }
  },
  {
    "type": "Feature",
    "geometry": {
       "type": "Point",
       "coordinates":  [ 121.5323104858,25.03764534 ]
    },
    "properties": {
    "機構名稱":"臺北市私立仁泰老人長期照顧中心(養護型)",
    "機構代碼":"A10100067",
    "機構種類":"A1",
    "縣市":"臺北市",
    "區":"中正區",
    "地址全址":"臺北市中正區三愛里001鄰連雲街3號1、3樓、3之4號及三愛里001鄰新生南路1段124之3號5樓",
    "O_ABC":"B",
    "特約服務項目":"喘息服務"
    }
  },
  {
    "type": "Feature",
    "geometry": {
       "type": "Point",
       "coordinates":  [ 121.5419845581,25.0675392151 ]
    },
    "properties": {
    "機構名稱":"臺北市私立仁群居家長照機構",
    "機構代碼":"1X0100002",
    "機構種類":"1",
    "縣市":"臺北市",
    "區":"中山區",
    "地址全址":"臺北市中山區下埤里民族東路512巷12號1樓",
    "O_ABC":"B",
    "特約服務項目":"居家服務;喘息服務"
    }
  },
  {
    "type": "Feature",
    "geometry": {
       "type": "Point",
       "coordinates":  [ 121.5419006348,25.0673789978 ]
    },
    "properties": {
    "機構名稱":"臺北市私立仁群老人長期照顧中心(養護型)",
    "機構代碼":"A10100055",
    "機構種類":"A1",
    "縣市":"臺北市",
    "區":"中山區",
    "地址全址":"臺北市中山區民族東路512巷14號1-2樓、16號2樓",
    "O_ABC":"B",
    "特約服務項目":"喘息服務"
    }
  },
  {
    "type": "Feature",
    "geometry": {
       "type": "Point",
       "coordinates":  [ 121.5525741577,25.0416603088 ]
    },
    "properties": {
    "機構名稱":"臺北市私立來服居家長照機構",
    "機構代碼":"1X0100044",
    "機構種類":"1",
    "縣市":"臺北市",
    "區":"大安區",
    "地址全址":"臺北市大安區忠孝東路四段221號12樓(1230室) ",
    "O_ABC":"B",
    "特約服務項目":"居家服務;喘息服務"
    }
  },
  {
    "type": "Feature",
    "geometry": {
       "type": "Point",
       "coordinates":  [ 121.5152893066,25.117603302 ]
    },
    "properties": {
    "機構名稱":"臺北市私立倚青園老人長期照顧中心(養護型)",
    "機構代碼":"A10100013",
    "機構種類":"A1",
    "縣市":"臺北市",
    "區":"北投區",
    "地址全址":"臺北市北投區永明里義理街63巷4弄7、11之1~3號1樓",
    "O_ABC":"B",
    "特約服務項目":"喘息服務"
    }
  },
  {
    "type": "Feature",
    "geometry": {
       "type": "Point",
       "coordinates":  [ 121.5261383057,25.0287647247 ]
    },
    "properties": {
    "機構名稱":"臺北市私立健全老人長期照顧中心(養護型)",
    "機構代碼":"A10100140",
    "機構種類":"A1",
    "縣市":"臺北市",
    "區":"大安區",
    "地址全址":"臺北市大安區錦華里001鄰金山南路二段152號2-6樓",
    "O_ABC":"B",
    "特約服務項目":"喘息服務"
    }
  },
  {
    "type": "Feature",
    "geometry": {
       "type": "Point",
       "coordinates":  [ 121.4992980957,25.1385192871 ]
    },
    "properties": {
    "機構名稱":"臺北市私立傑緣居家長照機構",
    "機構代碼":"1X0100034",
    "機構種類":"1",
    "縣市":"臺北市",
    "區":"北投區",
    "地址全址":"臺北市北投區中庸里大同街210號1樓",
    "O_ABC":"B",
    "特約服務項目":"居家服務"
    }
  },
  {
    "type": "Feature",
    "geometry": {
       "type": "Point",
       "coordinates":  [ 121.5288543701,25.1266803741 ]
    },
    "properties": {
    "機構名稱":"臺北市私立全家老人長期照顧中心(養護型)",
    "機構代碼":"A10100096",
    "機構種類":"A1",
    "縣市":"臺北市",
    "區":"北投區",
    "地址全址":"臺北市北投區永和里007鄰行義路96巷1號1~2樓",
    "O_ABC":"B",
    "特約服務項目":"喘息服務"
    }
  },
  {
    "type": "Feature",
    "geometry": {
       "type": "Point",
       "coordinates":  [ 121.5231552124,25.1221313477 ]
    },
    "properties": {
    "機構名稱":"臺北市私立全寶老人長期照顧中心(養護型)",
    "機構代碼":"A10100153",
    "機構種類":"A1",
    "縣市":"臺北市",
    "區":"北投區",
    "地址全址":"臺北市北投區永欣里013石牌路二段315巷2號-2之一號1樓",
    "O_ABC":"B",
    "特約服務項目":"喘息服務"
    }
  },
  {
    "type": "Feature",
    "geometry": {
       "type": "Point",
       "coordinates":  [ 121.5284347534,25.1277351379 ]
    },
    "properties": {
    "機構名稱":"臺北市私立全泰老人長期照顧中心(養護型)",
    "機構代碼":"A10100152",
    "機構種類":"A1",
    "縣市":"臺北市",
    "區":"北投區",
    "地址全址":"臺北市北投區永和里007鄰行義路105號",
    "O_ABC":"B",
    "特約服務項目":"喘息服務"
    }
  },
  {
    "type": "Feature",
    "geometry": {
       "type": "Point",
       "coordinates":  [ 121.5590286255,25.0087375641 ]
    },
    "properties": {
    "機構名稱":"臺北市私立前瞻居家長照機構",
    "機構代碼":"1X0100030",
    "機構種類":"1",
    "縣市":"臺北市",
    "區":"文山區",
    "地址全址":"臺北市文山區興昌里辛亥路4段21巷10號9樓",
    "O_ABC":"B",
    "特約服務項目":"喘息服務;居家服務"
    }
  },
  {
    "type": "Feature",
    "geometry": {
       "type": "Point",
       "coordinates":  [ 121.5291824341,25.1249637604 ]
    },
    "properties": {
    "機構名稱":"臺北市私立千千之家社區式服務類長期照顧服務機構(家庭托顧)",
    "機構代碼":"2X0100004",
    "機構種類":"2",
    "縣市":"臺北市",
    "區":"北投區",
    "地址全址":"臺北市北投區永欣里同德街27巷16號",
    "O_ABC":"B",
    "特約服務項目":"家庭托顧服務"
    }
  },
  {
    "type": "Feature",
    "geometry": {
       "type": "Point",
       "coordinates":  [ 121.5441055298,25.0462265015 ]
    },
    "properties": {
    "機構名稱":"臺北市私立千意居家長照機構",
    "機構代碼":"1X0100038",
    "機構種類":"1",
    "縣市":"臺北市",
    "區":"松山區",
    "地址全址":"臺北市松山區中崙里復興南路一段37號2樓",
    "O_ABC":"B",
    "特約服務項目":"居家服務"
    }
  },
  {
    "type": "Feature",
    "geometry": {
       "type": "Point",
       "coordinates":  [ 121.5502853394,25.0412845612 ]
    },
    "properties": {
    "機構名稱":"臺北市私立可馨居家長照機構",
    "機構代碼":"1X0100018",
    "機構種類":"1",
    "縣市":"臺北市",
    "區":"大安區",
    "地址全址":"臺北市大安區建倫里忠孝東路4段162號12樓之3",
    "O_ABC":"B",
    "特約服務項目":"居家服務;喘息服務"
    }
  },
  {
    "type": "Feature",
    "geometry": {
       "type": "Point",
       "coordinates":  [ 121.5492858887,25.0469055176 ]
    },
    "properties": {
    "機構名稱":"臺北市私立台大老人長期照顧中心(養護型)",
    "機構代碼":"A10100009",
    "機構種類":"A1",
    "縣市":"臺北市",
    "區":"松山區",
    "地址全址":"臺北市松山區敦化里敦化南路一段7號",
    "O_ABC":"B",
    "特約服務項目":"喘息服務"
    }
  },
  {
    "type": "Feature",
    "geometry": {
       "type": "Point",
       "coordinates":  [ 121.5854949951,25.0889854431 ]
    },
    "properties": {
    "機構名稱":"臺北市私立吃吃社區長照機構",
    "機構代碼":"2X0100010",
    "機構種類":"2",
    "縣市":"臺北市",
    "區":"內湖區",
    "地址全址":"臺北市內湖區金瑞里台北市內湖區內湖路三段280號1樓",
    "O_ABC":"B",
    "特約服務項目":"日間照顧服務"
    }
  },
  {
    "type": "Feature",
    "geometry": {
       "type": "Point",
       "coordinates":  [ 121.5223007202,25.1152362823 ]
    },
    "properties": {
    "機構名稱":"臺北市私立同德老人長期照顧中心(養護型)",
    "機構代碼":"A10100114",
    "機構種類":"A1",
    "縣市":"臺北市",
    "區":"北投區",
    "地址全址":"臺北市北投區榮華里榮華里004鄰明德路306巷1-7樓",
    "O_ABC":"B",
    "特約服務項目":"喘息服務"
    }
  },
  {
    "type": "Feature",
    "geometry": {
       "type": "Point",
       "coordinates":  [ 121.5006790161,25.1259536743 ]
    },
    "properties": {
    "機構名稱":"臺北市私立和美居家長照機構",
    "機構代碼":"1X0100032",
    "機構種類":"1",
    "縣市":"臺北市",
    "區":"北投區",
    "地址全址":"臺北市北投區八仙里北投路一段59號2樓",
    "O_ABC":"B",
    "特約服務項目":"居家服務;喘息服務"
    }
  },
  {
    "type": "Feature",
    "geometry": {
       "type": "Point",
       "coordinates":  [ 121.5754165649,25.0498504639 ]
    },
    "properties": {
    "機構名稱":"臺北市私立喜宇居家長照機構",
    "機構代碼":"1X0100017",
    "機構種類":"1",
    "縣市":"臺北市",
    "區":"松山區",
    "地址全址":"臺北市松山區慈祐里臺北市松山區八德路四段678號6樓之1",
    "O_ABC":"B",
    "特約服務項目":"喘息服務;居家服務"
    }
  },
  {
    "type": "Feature",
    "geometry": {
       "type": "Point",
       "coordinates":  [ 121.5006713867,25.1380157471 ]
    },
    "properties": {
    "機構名稱":"臺北市私立大千之家社區式服務類長期照顧機構(家庭托顧)",
    "機構代碼":"2X0100005",
    "機構種類":"2",
    "縣市":"臺北市",
    "區":"北投區",
    "地址全址":"臺北市北投區中庸里雙全街48巷5號",
    "O_ABC":"B",
    "特約服務項目":"家庭托顧服務"
    }
  },
  {
    "type": "Feature",
    "geometry": {
       "type": "Point",
       "coordinates":  [ 121.5325317383,25.0375099182 ]
    },
    "properties": {
    "機構名稱":"臺北市私立大園老人長期照顧中心(養護型)",
    "機構代碼":"A10100072",
    "機構種類":"A1",
    "縣市":"臺北市",
    "區":"中正區",
    "地址全址":"臺北市中正區三愛里001鄰新生南路1段124之3號1~4樓",
    "O_ABC":"B",
    "特約服務項目":"喘息服務"
    }
  },
  {
    "type": "Feature",
    "geometry": {
       "type": "Point",
       "coordinates":  [ 121.4925003052,25.0255661011 ]
    },
    "properties": {
    "機構名稱":"臺北市私立大心居家長照機構",
    "機構代碼":"1X0100004",
    "機構種類":"1",
    "縣市":"臺北市",
    "區":"萬華區",
    "地址全址":"臺北市萬華區富民里康定路348號2樓之1",
    "O_ABC":"B",
    "特約服務項目":"喘息服務;居家服務"
    }
  },
  {
    "type": "Feature",
    "geometry": {
       "type": "Point",
       "coordinates":  [ 121.5303421021,25.1200714111 ]
    },
    "properties": {
    "機構名稱":"臺北市私立天玉老人長期照顧中心(長期照護型)",
    "機構代碼":"A10100127",
    "機構種類":"A1",
    "縣市":"臺北市",
    "區":"士林區",
    "地址全址":"臺北市士林區天玉里天玉街38巷18弄18號1-6樓",
    "O_ABC":"B",
    "特約服務項目":"喘息服務"
    }
  },
  {
    "type": "Feature",
    "geometry": {
       "type": "Point",
       "coordinates":  [ 121.541229248,24.9917163849 ]
    },
    "properties": {
    "機構名稱":"臺北市私立安家居家長照機構",
    "機構代碼":"1X0100015",
    "機構種類":"1",
    "縣市":"臺北市",
    "區":"文山區",
    "地址全址":"臺北市文山區景行里景文街42號3樓302室",
    "O_ABC":"B",
    "特約服務項目":"喘息服務;居家服務"
    }
  },
  {
    "type": "Feature",
    "geometry": {
       "type": "Point",
       "coordinates":  [ 121.532661438,25.0481796265 ]
    },
    "properties": {
    "機構名稱":"臺北市私立安歆居家式服務類長期照顧服務機構",
    "機構代碼":"1X0100003",
    "機構種類":"1",
    "縣市":"臺北市",
    "區":"中山區",
    "地址全址":"臺北市中山區興亞里松江路50號3樓",
    "O_ABC":"B",
    "特約服務項目":"居家服務;喘息服務"
    }
  },
  {
    "type": "Feature",
    "geometry": {
       "type": "Point",
       "coordinates":  [ 121.532661438,25.0481796265 ]
    },
    "properties": {
    "機構名稱":"臺北市私立安歆松江社區長照機構",
    "機構代碼":"2X0100001",
    "機構種類":"2",
    "縣市":"臺北市",
    "區":"中山區",
    "地址全址":"臺北市中山區中央里松江路50號3樓",
    "O_ABC":"B",
    "特約服務項目":"喘息服務;日間照顧服務"
    }
  },
  {
    "type": "Feature",
    "geometry": {
       "type": "Point",
       "coordinates":  [ 121.525390625,25.0933437347 ]
    },
    "properties": {
    "機構名稱":"臺北市私立安民居家長照機構",
    "機構代碼":"1X0100020",
    "機構種類":"1",
    "縣市":"臺北市",
    "區":"士林區",
    "地址全址":"臺北市士林區福德里文林路342號7樓K711室",
    "O_ABC":"B",
    "特約服務項目":"喘息服務;居家服務"
    }
  },
  {
    "type": "Feature",
    "geometry": {
       "type": "Point",
       "coordinates":  [ 121.5693054199,25.024438858 ]
    },
    "properties": {
    "機構名稱":"臺北市私立家福居家長照機構",
    "機構代碼":"1X0100029",
    "機構種類":"1",
    "縣市":"臺北市",
    "區":"信義區",
    "地址全址":"臺北市信義區六合里松仁路252號1樓",
    "O_ABC":"B",
    "特約服務項目":"居家服務"
    }
  },
  {
    "type": "Feature",
    "geometry": {
       "type": "Point",
       "coordinates":  [ 121.5185852051,25.0667552948 ]
    },
    "properties": {
    "機構名稱":"臺北市私立容禾居家長照機構",
    "機構代碼":"1X0100043",
    "機構種類":"1",
    "縣市":"臺北市",
    "區":"大同區",
    "地址全址":"臺北市大同區承德路三段109號4樓",
    "O_ABC":"B",
    "特約服務項目":"居家服務;喘息服務"
    }
  },
  {
    "type": "Feature",
    "geometry": {
       "type": "Point",
       "coordinates":  [ 121.4974975586,25.0312480927 ]
    },
    "properties": {
    "機構名稱":"臺北市私立寬安居家長照機構",
    "機構代碼":"1X0100037",
    "機構種類":"1",
    "縣市":"臺北市",
    "區":"萬華區",
    "地址全址":"臺北市萬華區雙園里莒光路328號6樓",
    "O_ABC":"B",
    "特約服務項目":"喘息服務;居家服務"
    }
  },
  {
    "type": "Feature",
    "geometry": {
       "type": "Point",
       "coordinates":  [ 121.4665145874,25.1208152771 ]
    },
    "properties": {
    "機構名稱":"臺北市私立寶貝社區長照機構",
    "機構代碼":"2X0100011",
    "機構種類":"2",
    "縣市":"臺北市",
    "區":"北投區",
    "地址全址":"臺北市北投區關渡里知行路245巷14號1樓",
    "O_ABC":"B",
    "特約服務項目":"家庭托顧服務"
    }
  },
  {
    "type": "Feature",
    "geometry": {
       "type": "Point",
       "coordinates":  [ 121.4674682617,25.1181602478 ]
    },
    "properties": {
    "機構名稱":"臺北市私立崇順老人養護所",
    "機構代碼":"A10100104",
    "機構種類":"A1",
    "縣市":"臺北市",
    "區":"北投區",
    "地址全址":"臺北市北投區關渡里013鄰知行路52巷1號、54號1、2號",
    "O_ABC":"B",
    "特約服務項目":"喘息服務"
    }
  },
  {
    "type": "Feature",
    "geometry": {
       "type": "Point",
       "coordinates":  [ 121.5046157837,25.1331214905 ]
    },
    "properties": {
    "機構名稱":"臺北市私立平安喜樂社區長照機構",
    "機構代碼":"2X0100007",
    "機構種類":"2",
    "縣市":"臺北市",
    "區":"北投區",
    "地址全址":"臺北市北投區溫泉里公?路63巷9弄7號",
    "O_ABC":"B",
    "特約服務項目":"家庭托顧服務"
    }
  },
  {
    "type": "Feature",
    "geometry": {
       "type": "Point",
       "coordinates":  [ 121.5926513672,25.068195343 ]
    },
    "properties": {
    "機構名稱":"臺北市私立康健居家式長照機構",
    "機構代碼":"1X0100021",
    "機構種類":"1",
    "縣市":"臺北市",
    "區":"內湖區",
    "地址全址":"臺北市內湖區寶湖里民權東路6段180巷6號6樓之18（A室）",
    "O_ABC":"B",
    "特約服務項目":"喘息服務;居家服務"
    }
  },
  {
    "type": "Feature",
    "geometry": {
       "type": "Point",
       "coordinates":  [ 121.5638504028,25.0489807129 ]
    },
    "properties": {
    "機構名稱":"臺北市私立康壯老人長期照顧中心(養護型)",
    "機構代碼":"A10100016",
    "機構種類":"A1",
    "縣市":"臺北市",
    "區":"松山區",
    "地址全址":"臺北市松山區吉祥里八德路四段203號.205號",
    "O_ABC":"B",
    "特約服務項目":"喘息服務"
    }
  },
  {
    "type": "Feature",
    "geometry": {
       "type": "Point",
       "coordinates":  [ 121.4655380249,25.1183853149 ]
    },
    "properties": {
    "機構名稱":"臺北市私立康福之家社區長照機構",
    "機構代碼":"2X0100014",
    "機構種類":"2",
    "縣市":"臺北市",
    "區":"北投區",
    "地址全址":"臺北市北投區知行路1巷15號",
    "O_ABC":"B",
    "特約服務項目":"家庭托顧服務"
    }
  },
  {
    "type": "Feature",
    "geometry": {
       "type": "Point",
       "coordinates":  [ 121.5076828003,25.1361923218 ]
    },
    "properties": {
    "機構名稱":"臺北市私立快樂之家社區式服務類長期照顧服務機構(家庭托顧)",
    "機構代碼":"2X0100003",
    "機構種類":"2",
    "縣市":"臺北市",
    "區":"北投區",
    "地址全址":"臺北市北投區溫泉里光明路240之4號",
    "O_ABC":"B",
    "特約服務項目":"家庭托顧服務"
    }
  },
  {
    "type": "Feature",
    "geometry": {
       "type": "Point",
       "coordinates":  [ 121.5142974854,25.0664958954 ]
    },
    "properties": {
    "機構名稱":"臺北市私立悠樂活居家長照機構",
    "機構代碼":"1X0100027",
    "機構種類":"1",
    "縣市":"臺北市",
    "區":"大同區",
    "地址全址":"臺北市大同區重慶北路一段67號3樓",
    "O_ABC":"B",
    "特約服務項目":"居家服務;喘息服務"
    }
  },
  {
    "type": "Feature",
    "geometry": {
       "type": "Point",
       "coordinates":  [ 121.5292282104,25.1289024353 ]
    },
    "properties": {
    "機構名稱":"臺北市私立意善園社區長照機構",
    "機構代碼":"2X0100012",
    "機構種類":"2",
    "縣市":"臺北市",
    "區":"北投區",
    "地址全址":"臺北市北投區行義路124巷3號1樓",
    "O_ABC":"B",
    "特約服務項目":"喘息服務;日間照顧服務"
    }
  },
  {
    "type": "Feature",
    "geometry": {
       "type": "Point",
       "coordinates":  [ 121.5288925171,25.0674514771 ]
    },
    "properties": {
    "機構名稱":"臺北市私立愛家居家長照機構",
    "機構代碼":"1X0100008",
    "機構種類":"1",
    "縣市":"臺北市",
    "區":"中山區",
    "地址全址":"臺北市中山區新庄里新生北路3段87巷23號",
    "O_ABC":"B",
    "特約服務項目":"喘息服務;居家服務"
    }
  },
  {
    "type": "Feature",
    "geometry": {
       "type": "Point",
       "coordinates":  [ 121.5151443481,25.0559539795 ]
    },
    "properties": {
    "機構名稱":"臺北市私立慧光老人養護所",
    "機構代碼":"A10100128",
    "機構種類":"A1",
    "縣市":"臺北市",
    "區":"大同區",
    "地址全址":"臺北市大同區星明里寧夏路32 號5樓",
    "O_ABC":"B",
    "特約服務項目":"喘息服務"
    }
  },
  {
    "type": "Feature",
    "geometry": {
       "type": "Point",
       "coordinates":  [ 121.586265564,25.0764408112 ]
    },
    "properties": {
    "機構名稱":"臺北市私立文德老人長期照顧中心(養護型)",
    "機構代碼":"A10100080",
    "機構種類":"A1",
    "縣市":"臺北市",
    "區":"內湖區",
    "地址全址":"臺北市內湖區紫陽里011鄰陽光街70-2、70-3、72、72-1號1樓",
    "O_ABC":"B",
    "特約服務項目":"喘息服務"
    }
  },
  {
    "type": "Feature",
    "geometry": {
       "type": "Point",
       "coordinates":  [ 121.5134887695,25.065284729 ]
    },
    "properties": {
    "機構名稱":"臺北市私立晉安老人長期照顧中心(養護型)",
    "機構代碼":"A10100135",
    "機構種類":"A1",
    "縣市":"臺北市",
    "區":"大同區",
    "地址全址":"臺北市大同區至聖里032鄰重慶北路3段175、177號1~4樓",
    "O_ABC":"B",
    "特約服務項目":"喘息服務"
    }
  },
  {
    "type": "Feature",
    "geometry": {
       "type": "Point",
       "coordinates":  [ 121.5219192505,25.0598964691 ]
    },
    "properties": {
    "機構名稱":"臺北市私立晨欣老人長期照顧中心(養護型)",
    "機構代碼":"A10100017",
    "機構種類":"A1",
    "縣市":"臺北市",
    "區":"中山區",
    "地址全址":"臺北市中山區集英里中山北路2段96巷19號3樓",
    "O_ABC":"B",
    "特約服務項目":"喘息服務"
    }
  },
  {
    "type": "Feature",
    "geometry": {
       "type": "Point",
       "coordinates":  [ 121.5004806519,25.0245800018 ]
    },
    "properties": {
    "機構名稱":"臺北市私立暖心居家長照機構",
    "機構代碼":"1X0100010",
    "機構種類":"1",
    "縣市":"臺北市",
    "區":"萬華區",
    "地址全址":"臺北市萬華區壽德里萬大路323號7樓702室",
    "O_ABC":"B",
    "特約服務項目":"居家服務;喘息服務"
    }
  },
  {
    "type": "Feature",
    "geometry": {
       "type": "Point",
       "coordinates":  [ 121.5108108521,25.0423240662 ]
    },
    "properties": {
    "機構名稱":"臺北市私立朵朵居家長照機構",
    "機構代碼":"1X0100036",
    "機構種類":"1",
    "縣市":"臺北市",
    "區":"中正區",
    "地址全址":"臺北市中正區幸福里東齊街78之1號1樓",
    "O_ABC":"B",
    "特約服務項目":"居家服務"
    }
  },
  {
    "type": "Feature",
    "geometry": {
       "type": "Point",
       "coordinates":  [ 121.5162582397,25.1071548462 ]
    },
    "properties": {
    "機構名稱":"臺北市私立榮祥老人長期照顧中心(養護型)",
    "機構代碼":"A10100101",
    "機構種類":"A1",
    "縣市":"臺北市",
    "區":"北投區",
    "地址全址":"臺北市北投區文林里文林里019鄰文林北路166巷5弄2號1~2樓、4號1樓",
    "O_ABC":"B",
    "特約服務項目":"喘息服務"
    }
  },
  {
    "type": "Feature",
    "geometry": {
       "type": "Point",
       "coordinates":  [ 121.5188827515,25.0919513702 ]
    },
    "properties": {
    "機構名稱":"臺北市私立樂陽居家長照機構",
    "機構代碼":"1X0100039",
    "機構種類":"1",
    "縣市":"臺北市",
    "區":"士林區",
    "地址全址":"臺北市士林區後港里士商路110號1樓",
    "O_ABC":"B",
    "特約服務項目":"喘息服務;居家服務"
    }
  },
  {
    "type": "Feature",
    "geometry": {
       "type": "Point",
       "coordinates":  [ 121.5135574341,25.0508613586 ]
    },
    "properties": {
    "機構名稱":"臺北市私立樂齡居家長照機構",
    "機構代碼":"1X0100042",
    "機構種類":"1",
    "縣市":"臺北市",
    "區":"大同區",
    "地址全址":"臺北市大同區重慶北路一段30號3樓(322室)",
    "O_ABC":"B",
    "特約服務項目":"居家服務;喘息服務"
    }
  },
  {
    "type": "Feature",
    "geometry": {
       "type": "Point",
       "coordinates":  [ 121.5135879517,25.0731468201 ]
    },
    "properties": {
    "機構名稱":"臺北市私立永安老人養護所",
    "機構代碼":"A10100130",
    "機構種類":"A1",
    "縣市":"臺北市",
    "區":"大同區",
    "地址全址":"臺北市大同區老師里008鄰重慶北路3段284號2~4樓、286號1~4樓",
    "O_ABC":"B",
    "特約服務項目":"喘息服務"
    }
  },
  {
    "type": "Feature",
    "geometry": {
       "type": "Point",
       "coordinates":  [ 121.4874572754,25.1382331848 ]
    },
    "properties": {
    "機構名稱":"臺北市私立永欣居家長照機構",
    "機構代碼":"1X0100031",
    "機構種類":"1",
    "縣市":"臺北市",
    "區":"北投區",
    "地址全址":"臺北市北投區豐年里中央北路二段371號1樓",
    "O_ABC":"A",
    "特約服務項目":"個案管理服務"
    }
  },
  {
    "type": "Feature",
    "geometry": {
       "type": "Point",
       "coordinates":  [ 121.4874572754,25.1382331848 ]
    },
    "properties": {
    "機構名稱":"臺北市私立永欣居家長照機構",
    "機構代碼":"1X0100031",
    "機構種類":"1",
    "縣市":"臺北市",
    "區":"北投區",
    "地址全址":"臺北市北投區豐年里中央北路二段371號1樓",
    "O_ABC":"B",
    "特約服務項目":"喘息服務;居家服務"
    }
  },
  {
    "type": "Feature",
    "geometry": {
       "type": "Point",
       "coordinates":  [ 121.5547103882,25.0333442688 ]
    },
    "properties": {
    "機構名稱":"臺北市私立燿翔居家長照機構",
    "機構代碼":"1X0100019",
    "機構種類":"1",
    "縣市":"臺北市",
    "區":"大安區",
    "地址全址":"臺北市大安區信義路4段279號8樓（808室）",
    "O_ABC":"B",
    "特約服務項目":"專業照護服務"
    }
  },
  {
    "type": "Feature",
    "geometry": {
       "type": "Point",
       "coordinates":  [ 121.4953765869,25.0266094208 ]
    },
    "properties": {
    "機構名稱":"臺北市私立璞馨居家長照機構",
    "機構代碼":"1X0100012",
    "機構種類":"1",
    "縣市":"臺北市",
    "區":"萬華區",
    "地址全址":"臺北市萬華區忠德里東園街66巷21弄51號2樓",
    "O_ABC":"B",
    "特約服務項目":"居家服務;喘息服務"
    }
  },
  {
    "type": "Feature",
    "geometry": {
       "type": "Point",
       "coordinates":  [ 121.5342712402,25.014503479 ]
    },
    "properties": {
    "機構名稱":"臺北市私立祝福居家長照機構",
    "機構代碼":"1X0100040",
    "機構種類":"1",
    "縣市":"臺北市",
    "區":"中正區",
    "地址全址":"臺北市中正區水源里羅斯福路4段68號7樓之10（6810-E室）",
    "O_ABC":"B",
    "特約服務項目":"居家服務"
    }
  },
  {
    "type": "Feature",
    "geometry": {
       "type": "Point",
       "coordinates":  [ 121.532951355,25.0631427765 ]
    },
    "properties": {
    "機構名稱":"臺北市私立福喜老人長期照顧中心(養護型)",
    "機構代碼":"A10100058",
    "機構種類":"A1",
    "縣市":"臺北市",
    "區":"中山區",
    "地址全址":"臺北市中山區松江路374、380、382號7樓",
    "O_ABC":"B",
    "特約服務項目":"喘息服務"
    }
  },
  {
    "type": "Feature",
    "geometry": {
       "type": "Point",
       "coordinates":  [ 121.532951355,25.0634117126 ]
    },
    "properties": {
    "機構名稱":"臺北市私立福成老人長期照顧中心(養護型)",
    "機構代碼":"A10100057",
    "機構種類":"A1",
    "縣市":"臺北市",
    "區":"中山區",
    "地址全址":"臺北市中山區松江路374、380、382號4樓",
    "O_ABC":"B",
    "特約服務項目":"喘息服務"
    }
  },
  {
    "type": "Feature",
    "geometry": {
       "type": "Point",
       "coordinates":  [ 121.5525741577,25.0416603088 ]
    },
    "properties": {
    "機構名稱":"臺北市私立禾雅居家長照機構",
    "機構代碼":"1V0100052",
    "機構種類":"1",
    "縣市":"臺北市",
    "區":"大安區",
    "地址全址":"臺北市大安區忠孝東路四段221號9樓A室",
    "O_ABC":"B",
    "特約服務項目":"居家服務"
    }
  },
  {
    "type": "Feature",
    "geometry": {
       "type": "Point",
       "coordinates":  [ 121.5492858887,25.0469055176 ]
    },
    "properties": {
    "機構名稱":"臺北市私立群英老人長期照顧中心(養護型)",
    "機構代碼":"A10100010",
    "機構種類":"A1",
    "縣市":"臺北市",
    "區":"松山區",
    "地址全址":"臺北市松山區敦化里敦化南路一段7號4樓",
    "O_ABC":"B",
    "特約服務項目":"喘息服務"
    }
  },
  {
    "type": "Feature",
    "geometry": {
       "type": "Point",
       "coordinates":  [ 121.5248641968,25.1236610413 ]
    },
    "properties": {
    "機構名稱":"臺北市私立義行老人長期照顧中心(養護型)",
    "機構代碼":"A10100099",
    "機構種類":"A1",
    "縣市":"臺北市",
    "區":"北投區",
    "地址全址":"臺北市北投區永和里001鄰石牌路2段357巷1號4~6樓",
    "O_ABC":"B",
    "特約服務項目":"喘息服務"
    }
  },
  {
    "type": "Feature",
    "geometry": {
       "type": "Point",
       "coordinates":  [ 121.5502471924,25.0287723541 ]
    },
    "properties": {
    "機構名稱":"臺北市私立老爺居家長照機構",
    "機構代碼":"1X0100022",
    "機構種類":"1",
    "縣市":"臺北市",
    "區":"大安區",
    "地址全址":"臺北市大安區安和路2段92號B1(A11室)",
    "O_ABC":"B",
    "特約服務項目":"喘息服務;居家服務"
    }
  },
  {
    "type": "Feature",
    "geometry": {
       "type": "Point",
       "coordinates":  [ 121.5248641968,25.1236610413 ]
    },
    "properties": {
    "機構名稱":"臺北市私立行義老人長期照顧中心(養護型)",
    "機構代碼":"A10100109",
    "機構種類":"A1",
    "縣市":"臺北市",
    "區":"北投區",
    "地址全址":"臺北市北投區永和里001鄰石牌路2段357巷1號1~3樓",
    "O_ABC":"B",
    "特約服務項目":"喘息服務"
    }
  },
  {
    "type": "Feature",
    "geometry": {
       "type": "Point",
       "coordinates":  [ 121.5720062256,25.0228290558 ]
    },
    "properties": {
    "機構名稱":"臺北市私立衍榕社區長照機構",
    "機構代碼":"2X0100013",
    "機構種類":"2",
    "縣市":"臺北市",
    "區":"信義區",
    "地址全址":"臺北市信義區六合里信義路5段150巷445弄15號",
    "O_ABC":"B",
    "特約服務項目":"家庭托顧服務"
    }
  },
  {
    "type": "Feature",
    "geometry": {
       "type": "Point",
       "coordinates":  [ 121.5773010254,25.0406627655 ]
    },
    "properties": {
    "機構名稱":"臺北市私立誠達居家長照機構",
    "機構代碼":"1X0100047",
    "機構種類":"1",
    "縣市":"臺北市",
    "區":"信義區",
    "地址全址":"臺北市信義區廣居里 忠孝東路5段476號8樓802室",
    "O_ABC":"B",
    "特約服務項目":"居家服務;喘息服務"
    }
  },
  {
    "type": "Feature",
    "geometry": {
       "type": "Point",
       "coordinates":  [ 121.4972915649,25.1317195892 ]
    },
    "properties": {
    "機構名稱":"臺北市私立豪門老人長期照顧中心(養護型)",
    "機構代碼":"A10100014",
    "機構種類":"A1",
    "縣市":"臺北市",
    "區":"北投區",
    "地址全址":"臺北市北投區大同里北投大業路452巷2號6-9F",
    "O_ABC":"B",
    "特約服務項目":"喘息服務"
    }
  },
  {
    "type": "Feature",
    "geometry": {
       "type": "Point",
       "coordinates":  [ 121.4972915649,25.1317195892 ]
    },
    "properties": {
    "機構名稱":"臺北市私立貴族老人長期照顧中心(養護型)",
    "機構代碼":"A10100015",
    "機構種類":"A1",
    "縣市":"臺北市",
    "區":"北投區",
    "地址全址":"臺北市北投區大同里北投大業路452巷2號2-5f",
    "O_ABC":"B",
    "特約服務項目":"喘息服務"
    }
  },
  {
    "type": "Feature",
    "geometry": {
       "type": "Point",
       "coordinates":  [ 121.5231781006,25.1232376099 ]
    },
    "properties": {
    "機構名稱":"臺北市私立賢暉老人長期照顧中心(養護型)",
    "機構代碼":"A10100094",
    "機構種類":"A1",
    "縣市":"臺北市",
    "區":"北投區",
    "地址全址":"臺北市北投區永欣里016鄰石牌路2段315巷34弄14、16號1樓",
    "O_ABC":"B",
    "特約服務項目":"喘息服務"
    }
  },
  {
    "type": "Feature",
    "geometry": {
       "type": "Point",
       "coordinates":  [ 121.5666351318,25.0278091431 ]
    },
    "properties": {
    "機構名稱":"臺北市私立賦能之家社區長照機構",
    "機構代碼":"2X0100016",
    "機構種類":"2",
    "縣市":"臺北市",
    "區":"信義區",
    "地址全址":"臺北市信義區莊敬路423巷3弄3號1樓",
    "O_ABC":"B",
    "特約服務項目":"家庭托顧服務"
    }
  },
  {
    "type": "Feature",
    "geometry": {
       "type": "Point",
       "coordinates":  [ 121.5113525391,25.0866317749 ]
    },
    "properties": {
    "機構名稱":"臺北市私立跑居家長照機構",
    "機構代碼":"1X0100014",
    "機構種類":"1",
    "縣市":"臺北市",
    "區":"士林區",
    "地址全址":"臺北市士林區葫東里重慶北路4段250號3樓313室",
    "O_ABC":"B",
    "特約服務項目":"居家服務;喘息服務"
    }
  },
  {
    "type": "Feature",
    "geometry": {
       "type": "Point",
       "coordinates":  [ 121.526802063,25.0434741974 ]
    },
    "properties": {
    "機構名稱":"臺北市私立雲朵社區長照機構",
    "機構代碼":"2X0100008",
    "機構種類":"2",
    "縣市":"臺北市",
    "區":"中正區",
    "地址全址":"臺北市中正區幸福里杭州南路1段63號4樓之1",
    "O_ABC":"B",
    "特約服務項目":"日間照顧服務"
    }
  },
  {
    "type": "Feature",
    "geometry": {
       "type": "Point",
       "coordinates":  [ 121.5029678345,25.1287136078 ]
    },
    "properties": {
    "機構名稱":"臺北市私立高德老人長期照顧中心(養護型)",
    "機構代碼":"A10100019",
    "機構種類":"A1",
    "縣市":"臺北市",
    "區":"北投區",
    "地址全址":"臺北市北投區清江里磺港路156號",
    "O_ABC":"B",
    "特約服務項目":"喘息服務"
    }
  },
  {
    "type": "Feature",
    "geometry": {
       "type": "Point",
       "coordinates":  [ 121.5223007202,25.0632133484 ]
    },
    "properties": {
    "機構名稱":"臺北市私立麗康居家長照機構",
    "機構代碼":"1X0100009",
    "機構種類":"1",
    "縣市":"臺北市",
    "區":"中山區",
    "地址全址":"臺北市中山區中山北路二段162號7樓之1（706）室",
    "O_ABC":"B",
    "特約服務項目":"居家服務;喘息服務"
    }
  },
  {
    "type": "Feature",
    "geometry": {
       "type": "Point",
       "coordinates":  [ 121.5039291382,25.1265525818 ]
    },
    "properties": {
    "機構名稱":"臺北市立奇岩長青住宿長照機構(委託社團法人中華民國士林靈糧堂社會褔利協會經營管理)",
    "機構代碼":"4B0100001",
    "機構種類":"4",
    "縣市":"臺北市",
    "區":"北投區",
    "地址全址":"臺北市北投區奇岩里三合街一段119號2-3樓",
    "O_ABC":"B",
    "特約服務項目":"日間照顧服務"
    }
  },
  {
    "type": "Feature",
    "geometry": {
       "type": "Point",
       "coordinates":  [ 121.5088882446,25.0506916046 ]
    },
    "properties": {
    "機構名稱":"臺北市立聯合醫院",
    "機構代碼":"B20100030",
    "機構種類":"B2",
    "縣市":"臺北市",
    "區":"大同區",
    "地址全址":"臺北市大同區鄭州路145號",
    "O_ABC":"A",
    "特約服務項目":"個案管理服務"
    }
  },
  {
    "type": "Feature",
    "geometry": {
       "type": "Point",
       "coordinates":  [ 121.5088882446,25.0506916046 ]
    },
    "properties": {
    "機構名稱":"臺北市立聯合醫院",
    "機構代碼":"B20100030",
    "機構種類":"B2",
    "縣市":"臺北市",
    "區":"大同區",
    "地址全址":"臺北市大同區鄭州路145號",
    "O_ABC":"B",
    "特約服務項目":"居家失能個案家庭醫師照護服務"
    }
  },
  {
    "type": "Feature",
    "geometry": {
       "type": "Point",
       "coordinates":  [ 121.5088882446,25.0506916046 ]
    },
    "properties": {
    "機構名稱":"臺北市立聯合醫院",
    "機構代碼":"B20100059",
    "機構種類":"B2",
    "縣市":"臺北市",
    "區":"大同區",
    "地址全址":"臺北市大同區鄭州路145號",
    "O_ABC":"B",
    "特約服務項目":"專業照護服務;居家失能個案家庭醫師照護服務"
    }
  },
  {
    "type": "Feature",
    "geometry": {
       "type": "Point",
       "coordinates":  [ 121.5093231201,25.0509700775 ]
    },
    "properties": {
    "機構名稱":"臺北市立聯合醫院(中興院區)",
    "機構代碼":"B20100003",
    "機構種類":"B2",
    "縣市":"臺北市",
    "區":"大同區",
    "地址全址":"臺北市大同區玉泉里鄭州路145號",
    "O_ABC":"B",
    "特約服務項目":"專業照護服務"
    }
  },
  {
    "type": "Feature",
    "geometry": {
       "type": "Point",
       "coordinates":  [ 121.5452270508,25.0375118256 ]
    },
    "properties": {
    "機構名稱":"臺北市立聯合醫院(仁愛院區)",
    "機構代碼":"B20100007",
    "機構種類":"B2",
    "縣市":"臺北市",
    "區":"大安區",
    "地址全址":"臺北市大安區仁慈里仁愛路四段10號",
    "O_ABC":"B",
    "特約服務項目":"專業照護服務"
    }
  },
  {
    "type": "Feature",
    "geometry": {
       "type": "Point",
       "coordinates":  [ 121.5066833496,25.0355300903 ]
    },
    "properties": {
    "機構名稱":"臺北市立聯合醫院(和平婦幼院區)",
    "機構代碼":"B20100009",
    "機構種類":"B2",
    "縣市":"臺北市",
    "區":"中正區",
    "地址全址":"臺北市中正區社寮中華路二段33號",
    "O_ABC":"B",
    "特約服務項目":"專業照護服務"
    }
  },
  {
    "type": "Feature",
    "geometry": {
       "type": "Point",
       "coordinates":  [ 121.5861587524,25.0466041565 ]
    },
    "properties": {
    "機構名稱":"臺北市立聯合醫院(忠孝院區)",
    "機構代碼":"B20100006",
    "機構種類":"B2",
    "縣市":"臺北市",
    "區":"南港區",
    "地址全址":"臺北市南港區中南里同德路87號",
    "O_ABC":"B",
    "特約服務項目":"專業照護服務"
    }
  },
  {
    "type": "Feature",
    "geometry": {
       "type": "Point",
       "coordinates":  [ 121.5254745483,25.0634632111 ]
    },
    "properties": {
    "機構名稱":"臺北市立聯合醫院(林森中醫院區)",
    "機構代碼":"B20100010",
    "機構種類":"B2",
    "縣市":"臺北市",
    "區":"中山區",
    "地址全址":"臺北市中山區健民林森北路530號",
    "O_ABC":"B",
    "特約服務項目":"專業照護服務"
    }
  },
  {
    "type": "Feature",
    "geometry": {
       "type": "Point",
       "coordinates":  [ 121.5314865112,25.1048316956 ]
    },
    "properties": {
    "機構名稱":"臺北市立聯合醫院(陽明院區)",
    "機構代碼":"B20100008",
    "機構種類":"B2",
    "縣市":"臺北市",
    "區":"士林區",
    "地址全址":"臺北市士林區岩山里雨聲街105號",
    "O_ABC":"B",
    "特約服務項目":"專業照護服務"
    }
  },
  {
    "type": "Feature",
    "geometry": {
       "type": "Point",
       "coordinates":  [ 121.5093231201,25.0509700775 ]
    },
    "properties": {
    "機構名稱":"臺北市立聯合醫院居家式服務類長期照顧服務機構",
    "機構代碼":"1U0100001",
    "機構種類":"1",
    "縣市":"臺北市",
    "區":"大同區",
    "地址全址":"臺北市大同區玉泉里鄭州路145號",
    "O_ABC":"B",
    "特約服務項目":"居家服務"
    }
  },
  {
    "type": "Feature",
    "geometry": {
       "type": "Point",
       "coordinates":  [ 121.5088882446,25.0506916046 ]
    },
    "properties": {
    "機構名稱":"臺北市立聯合醫院附設中興住宿長照機構",
    "機構代碼":"3C0100001",
    "機構種類":"3",
    "縣市":"臺北市",
    "區":"大同區",
    "地址全址":"臺北市大同區玉泉里鄭州路145號10樓B、C 區",
    "O_ABC":"B",
    "特約服務項目":"喘息服務"
    }
  },
  {
    "type": "Feature",
    "geometry": {
       "type": "Point",
       "coordinates":  [ 1.0,1.0 ]
    },
    "properties": {
    "機構名稱":"臺北市立聯合醫院附設中興居家護理所",
    "機構代碼":"B10100072",
    "機構種類":"B1",
    "縣市":"臺北市",
    "區":"大同區",
    "地址全址":"臺北市大同區鄭州路145號2樓",
    "O_ABC":"B",
    "特約服務項目":"專業照護服務"
    }
  },
  {
    "type": "Feature",
    "geometry": {
       "type": "Point",
       "coordinates":  [ 121.5453033447,25.0375404358 ]
    },
    "properties": {
    "機構名稱":"臺北市立聯合醫院附設仁愛居家護理所",
    "機構代碼":"B10100070",
    "機構種類":"B1",
    "縣市":"臺北市",
    "區":"大安區",
    "地址全址":"臺北市大安區仁愛路4段10號",
    "O_ABC":"B",
    "特約服務項目":"專業照護服務"
    }
  },
  {
    "type": "Feature",
    "geometry": {
       "type": "Point",
       "coordinates":  [ 121.5453033447,25.0375404358 ]
    },
    "properties": {
    "機構名稱":"臺北市立聯合醫院附設仁愛護理之家",
    "機構代碼":"A30100021",
    "機構種類":"A3",
    "縣市":"臺北市",
    "區":"大安區",
    "地址全址":"臺北市大安區仁愛路四段10號南棟4樓",
    "O_ABC":"B",
    "特約服務項目":"日間照顧服務"
    }
  },
  {
    "type": "Feature",
    "geometry": {
       "type": "Point",
       "coordinates":  [ 1.0,1.0 ]
    },
    "properties": {
    "機構名稱":"臺北市立聯合醫院附設和平婦幼居家護理所",
    "機構代碼":"B10100073",
    "機構種類":"B1",
    "縣市":"臺北市",
    "區":"中正區",
    "地址全址":"臺北市中正區中華路2段33號",
    "O_ABC":"B",
    "特約服務項目":"專業照護服務"
    }
  },
  {
    "type": "Feature",
    "geometry": {
       "type": "Point",
       "coordinates":  [ 121.5255279541,25.063451767 ]
    },
    "properties": {
    "機構名稱":"臺北市立聯合醫院附設林森中醫居家護理所",
    "機構代碼":"B10100077",
    "機構種類":"B1",
    "縣市":"臺北市",
    "區":"中山區",
    "地址全址":"臺北市中山區林森北路530號6樓",
    "O_ABC":"B",
    "特約服務項目":"專業照護服務"
    }
  },
  {
    "type": "Feature",
    "geometry": {
       "type": "Point",
       "coordinates":  [ 1.0,1.0 ]
    },
    "properties": {
    "機構名稱":"臺北市立聯合醫院附設陽明居家護理所",
    "機構代碼":"B10100071",
    "機構種類":"B1",
    "縣市":"臺北市",
    "區":"士林區",
    "地址全址":"臺北市士林區雨聲街105號6樓",
    "O_ABC":"B",
    "特約服務項目":"專業照護服務"
    }
  },
  {
    "type": "Feature",
    "geometry": {
       "type": "Point",
       "coordinates":  [ 121.5315628052,25.1051940918 ]
    },
    "properties": {
    "機構名稱":"臺北市立聯合醫院附設陽明護理之家",
    "機構代碼":"A30100023",
    "機構種類":"A3",
    "縣市":"臺北市",
    "區":"士林區",
    "地址全址":"臺北市士林區雨聲街105號7樓",
    "O_ABC":"B",
    "特約服務項目":"日間照顧服務"
    }
  },
  {
    "type": "Feature",
    "geometry": {
       "type": "Point",
       "coordinates":  [ 121.5581436157,24.9999008179 ]
    },
    "properties": {
    "機構名稱":"臺北市立萬芳醫院-委託臺北醫學大學辦理",
    "機構代碼":"B20100002",
    "機構種類":"B2",
    "縣市":"臺北市",
    "區":"文山區",
    "地址全址":"臺北市文山區興光里興隆路三段111號",
    "O_ABC":"A",
    "特約服務項目":"個案管理服務"
    }
  },
  {
    "type": "Feature",
    "geometry": {
       "type": "Point",
       "coordinates":  [ 121.5583267212,25.0003051758 ]
    },
    "properties": {
    "機構名稱":"臺北市立萬芳醫院-委託臺北醫學大學辦理附設護理之家",
    "機構代碼":"A30100026",
    "機構種類":"A3",
    "縣市":"臺北市",
    "區":"文山區",
    "地址全址":"臺北市文山區興隆路三段111號12樓",
    "O_ABC":"B",
    "特約服務項目":"喘息服務"
    }
  },
  {
    "type": "Feature",
    "geometry": {
       "type": "Point",
       "coordinates":  [ 121.5583267212,25.0003051758 ]
    },
    "properties": {
    "機構名稱":"臺北市立萬芳醫院–委託臺北醫學大學辦理附設居家護理所",
    "機構代碼":"B10100056",
    "機構種類":"B1",
    "縣市":"臺北市",
    "區":"文山區",
    "地址全址":"臺北市文山區萬美街一段25號B1",
    "O_ABC":"B",
    "特約服務項目":"專業照護服務"
    }
  },
  {
    "type": "Feature",
    "geometry": {
       "type": "Point",
       "coordinates":  [ 121.4661254883,25.1203136444 ]
    },
    "properties": {
    "機構名稱":"臺北市立關渡醫院-委託臺北榮民總醫院經營",
    "機構代碼":"B20100020",
    "機構種類":"B2",
    "縣市":"臺北市",
    "區":"北投區",
    "地址全址":"臺北市北投區知行路225巷12號",
    "O_ABC":"A",
    "特約服務項目":"個案管理服務"
    }
  },
  {
    "type": "Feature",
    "geometry": {
       "type": "Point",
       "coordinates":  [ 121.4663543701,25.1201877594 ]
    },
    "properties": {
    "機構名稱":"臺北市立關渡醫院-委託臺北榮民總醫院經營附設居家護理",
    "機構代碼":"B10100055",
    "機構種類":"B1",
    "縣市":"臺北市",
    "區":"北投區",
    "地址全址":"臺北市北投區知行路225巷12號",
    "O_ABC":"B",
    "特約服務項目":"專業照護服務;喘息服務"
    }
  },
  {
    "type": "Feature",
    "geometry": {
       "type": "Point",
       "coordinates":  [ 121.4661254883,25.1203136444 ]
    },
    "properties": {
    "機構名稱":"臺北市立關渡醫院-委託臺北榮民總醫院經營附設護理之家",
    "機構代碼":"A30100005",
    "機構種類":"A3",
    "縣市":"臺北市",
    "區":"北投區",
    "地址全址":"臺北市北投區知行路225巷12號6、12樓",
    "O_ABC":"B",
    "特約服務項目":"喘息服務"
    }
  },
  {
    "type": "Feature",
    "geometry": {
       "type": "Point",
       "coordinates":  [ 121.4970092773,25.023311615 ]
    },
    "properties": {
    "機構名稱":"臺北市萬華區保德社區發展協會",
    "機構代碼":"BF0100072",
    "機構種類":"BF",
    "縣市":"臺北市",
    "區":"萬華區",
    "地址全址":"臺北市萬華區保德里東園街140巷10號",
    "O_ABC":"C",
    "特約服務項目":"巷弄長照站"
    }
  },
  {
    "type": "Feature",
    "geometry": {
       "type": "Point",
       "coordinates":  [ 121.5005264282,25.0212249756 ]
    },
    "properties": {
    "機構名稱":"臺北市萬華區日祥里辦公處",
    "機構代碼":"BG0100007",
    "機構種類":"BG",
    "縣市":"臺北市",
    "區":"萬華區",
    "地址全址":"臺北市萬華區日祥里萬大路423巷54號1樓",
    "O_ABC":"C",
    "特約服務項目":"巷弄長照站"
    }
  },
  {
    "type": "Feature",
    "geometry": {
       "type": "Point",
       "coordinates":  [ 121.4907455444,25.0313491821 ]
    },
    "properties": {
    "機構名稱":"臺北市萬華區華江社區發展協會",
    "機構代碼":"BF0100071",
    "機構種類":"BF",
    "縣市":"臺北市",
    "區":"萬華區",
    "地址全址":"臺北市萬華區華江里長順街臨62號",
    "O_ABC":"C",
    "特約服務項目":"巷弄長照站"
    }
  },
  {
    "type": "Feature",
    "geometry": {
       "type": "Point",
       "coordinates":  [ 121.5010757446,25.0237579346 ]
    },
    "properties": {
    "機構名稱":"臺北市萬華區萬大社區發展協會",
    "機構代碼":"BF0100070",
    "機構種類":"BF",
    "縣市":"臺北市",
    "區":"萬華區",
    "地址全址":"臺北市萬華區壽德里萬大路329巷25號1樓(里民活動場所)台北市壽德里萬大路329巷27弄4號1樓(協會新增活動場所)台北市萬大路411號2樓(萬青區民活動中心)",
    "O_ABC":"C",
    "特約服務項目":"巷弄長照站"
    }
  },
  {
    "type": "Feature",
    "geometry": {
       "type": "Point",
       "coordinates":  [ 121.5043869019,25.0267829895 ]
    },
    "properties": {
    "機構名稱":"臺北市萬華區青年社區發展協會",
    "機構代碼":"BF0100169",
    "機構種類":"BF",
    "縣市":"臺北市",
    "區":"萬華區",
    "地址全址":"臺北市萬華區新和里中華路2段416巷9-3、9-4號(青年國宅)",
    "O_ABC":"C",
    "特約服務項目":"巷弄長照站"
    }
  },
  {
    "type": "Feature",
    "geometry": {
       "type": "Point",
       "coordinates":  [ 121.5410919189,25.0282421112 ]
    },
    "properties": {
    "機構名稱":"臺北市長立健康樂活協會",
    "機構代碼":"BF0100020",
    "機構種類":"BF",
    "縣市":"臺北市",
    "區":"大安區",
    "地址全址":"臺北市大安區龍陣里瑞安街75號3樓",
    "O_ABC":"C",
    "特約服務項目":"巷弄長照站"
    }
  },
  {
    "type": "Feature",
    "geometry": {
       "type": "Point",
       "coordinates":  [ 121.5742340088,25.0819530487 ]
    },
    "properties": {
    "機構名稱":"臺北市麗山社區關懷協會",
    "機構代碼":"BF0100034",
    "機構種類":"BF",
    "縣市":"臺北市",
    "區":"內湖區",
    "地址全址":"臺北市內湖區港都里麗山街348巷22號1-2樓及24號2樓",
    "O_ABC":"C",
    "特約服務項目":"巷弄長照站"
    }
  },
  {
    "type": "Feature",
    "geometry": {
       "type": "Point",
       "coordinates":  [ 121.5203857422,25.1192111969 ]
    },
    "properties": {
    "機構名稱":"臺北榮民總醫院",
    "機構代碼":"B10100015",
    "機構種類":"B1",
    "縣市":"臺北市",
    "區":"北投區",
    "地址全址":"臺北市北投區永欣里石牌路二段201號",
    "O_ABC":"B",
    "特約服務項目":"專業照護服務"
    }
  },
  {
    "type": "Feature",
    "geometry": {
       "type": "Point",
       "coordinates":  [ 121.5203857422,25.1192111969 ]
    },
    "properties": {
    "機構名稱":"臺北榮民總醫院",
    "機構代碼":"B20100019",
    "機構種類":"B2",
    "縣市":"臺北市",
    "區":"北投區",
    "地址全址":"臺北市北投區北投石牌路二段201號",
    "O_ABC":"A",
    "特約服務項目":"個案管理服務"
    }
  },
  {
    "type": "Feature",
    "geometry": {
       "type": "Point",
       "coordinates":  [ 1.0,1.0 ]
    },
    "properties": {
    "機構名稱":"臺北榮民總醫院附設居家護理所",
    "機構代碼":"B10100068",
    "機構種類":"B1",
    "縣市":"臺北市",
    "區":"北投區",
    "地址全址":"臺北市北投區石牌路二段322號致德樓R2",
    "O_ABC":"B",
    "特約服務項目":"專業照護服務"
    }
  },
  {
    "type": "Feature",
    "geometry": {
       "type": "Point",
       "coordinates":  [ 121.5203857422,25.1192111969 ]
    },
    "properties": {
    "機構名稱":"臺北榮民總醫院附設遊詣居社區式長期照顧服務機構",
    "機構代碼":"2U0100001",
    "機構種類":"2",
    "縣市":"臺北市",
    "區":"北投區",
    "地址全址":"臺北市北投區永欣里石牌路二段322號1樓",
    "O_ABC":"B",
    "特約服務項目":"日間照顧服務"
    }
  },
  {
    "type": "Feature",
    "geometry": {
       "type": "Point",
       "coordinates":  [ 121.5631103516,25.0270404816 ]
    },
    "properties": {
    "機構名稱":"臺北醫學大學附設醫院",
    "機構代碼":"B20100021",
    "機構種類":"B2",
    "縣市":"臺北市",
    "區":"信義區",
    "地址全址":"臺北市信義區吳興街252號",
    "O_ABC":"A",
    "特約服務項目":"個案管理服務"
    }
  },
  {
    "type": "Feature",
    "geometry": {
       "type": "Point",
       "coordinates":  [ 121.5631103516,25.0270404816 ]
    },
    "properties": {
    "機構名稱":"臺北醫學大學附設醫院",
    "機構代碼":"B20100021",
    "機構種類":"B2",
    "縣市":"臺北市",
    "區":"信義區",
    "地址全址":"臺北市信義區吳興街252號",
    "O_ABC":"B",
    "特約服務項目":"營養餐飲服務"
    }
  },
  {
    "type": "Feature",
    "geometry": {
       "type": "Point",
       "coordinates":  [ 121.5804519653,25.0508384705 ]
    },
    "properties": {
    "機構名稱":"與樂職能治療所",
    "機構代碼":"B50100018",
    "機構種類":"B5",
    "縣市":"臺北市",
    "區":"南港區",
    "地址全址":"臺北市南港區八德路四段881號2樓",
    "O_ABC":"B",
    "特約服務項目":"專業照護服務"
    }
  },
  {
    "type": "Feature",
    "geometry": {
       "type": "Point",
       "coordinates":  [ 121.5344696045,25.0666828156 ]
    },
    "properties": {
    "機構名稱":"芊潁顧問有限公司附設臺北市私立芊潁居家長照機構",
    "機構代碼":"1R0100020",
    "機構種類":"1",
    "縣市":"臺北市",
    "區":"中山區",
    "地址全址":"臺北市中山區行政里建國北路3段94號2樓(D201室)",
    "O_ABC":"B",
    "特約服務項目":"喘息服務;居家服務"
    }
  },
  {
    "type": "Feature",
    "geometry": {
       "type": "Point",
       "coordinates":  [ 121.5023193359,25.1381511688 ]
    },
    "properties": {
    "機構名稱":"芯昀有限公司附設臺北市私立芯昀居家長照機構",
    "機構代碼":"1V0100057",
    "機構種類":"1",
    "縣市":"臺北市",
    "區":"北投區",
    "地址全址":"臺北市北投區珠海路31號1樓",
    "O_ABC":"B",
    "特約服務項目":"居家服務"
    }
  },
  {
    "type": "Feature",
    "geometry": {
       "type": "Point",
       "coordinates":  [ 121.5432815552,24.9910984039 ]
    },
    "properties": {
    "機構名稱":"花甲樂股份有限公司附設臺北市私立文山花甲樂社區長照機構",
    "機構代碼":"2V0100011",
    "機構種類":"2",
    "縣市":"臺北市",
    "區":"文山區",
    "地址全址":"臺北市文山區景興路222號1樓",
    "O_ABC":"B",
    "特約服務項目":"喘息服務;日間照顧服務"
    }
  },
  {
    "type": "Feature",
    "geometry": {
       "type": "Point",
       "coordinates":  [ 121.5537796021,25.0416202545 ]
    },
    "properties": {
    "機構名稱":"苷心有限公司附設臺北市私立苷心居家長照機構",
    "機構代碼":"1V0100051",
    "機構種類":"1",
    "縣市":"臺北市",
    "區":"大安區",
    "地址全址":"臺北市大安區車層里忠孝東路四段235號11樓1113室",
    "O_ABC":"B",
    "特約服務項目":"喘息服務;居家服務"
    }
  },
  {
    "type": "Feature",
    "geometry": {
       "type": "Point",
       "coordinates":  [ 121.5692749023,25.0522785187 ]
    },
    "properties": {
    "機構名稱":"荃能職能治療所",
    "機構代碼":"B50100020",
    "機構種類":"B5",
    "縣市":"臺北市",
    "區":"松山區",
    "地址全址":"臺北市松山區寶清街89巷46號",
    "O_ABC":"B",
    "特約服務項目":"專業照護服務"
    }
  },
  {
    "type": "Feature",
    "geometry": {
       "type": "Point",
       "coordinates":  [ 121.5354919434,25.0248851776 ]
    },
    "properties": {
    "機構名稱":"行一診所",
    "機構代碼":"B20100036",
    "機構種類":"B2",
    "縣市":"臺北市",
    "區":"大安區",
    "地址全址":"臺北市大安區新生南路3段19巷8號3樓之1",
    "O_ABC":"B",
    "特約服務項目":"居家失能個案家庭醫師照護服務"
    }
  },
  {
    "type": "Feature",
    "geometry": {
       "type": "Point",
       "coordinates":  [ 121.6034469604,25.053981781 ]
    },
    "properties": {
    "機構名稱":"衛生福利部基隆醫院附設南港綜合長照機構",
    "機構代碼":"4A0100001",
    "機構種類":"4",
    "縣市":"臺北市",
    "區":"南港區",
    "地址全址":"臺北市南港區南港路二段78號3-5樓",
    "O_ABC":"B",
    "特約服務項目":"日間照顧服務"
    }
  },
  {
    "type": "Feature",
    "geometry": {
       "type": "Point",
       "coordinates":  [ 121.5141448975,25.1366672516 ]
    },
    "properties": {
    "機構名稱":"詠馨長照社團法人附設台北市私立詠馨住宿長照機構",
    "機構代碼":"3R0100002",
    "機構種類":"3",
    "縣市":"臺北市",
    "區":"北投區",
    "地址全址":"臺北市北投區林泉里011鄰幽雅路19號1-4樓",
    "O_ABC":"B",
    "特約服務項目":"喘息服務"
    }
  },
  {
    "type": "Feature",
    "geometry": {
       "type": "Point",
       "coordinates":  [ 121.5427703857,25.0483798981 ]
    },
    "properties": {
    "機構名稱":"詮順居家長照有限公司附設臺北市私立詮順居家長照機構",
    "機構代碼":"1R0100024",
    "機構種類":"1",
    "縣市":"臺北市",
    "區":"中山區",
    "地址全址":"臺北市中山區力行里復興北路62號2樓之2",
    "O_ABC":"B",
    "特約服務項目":"居家服務;喘息服務"
    }
  },
  {
    "type": "Feature",
    "geometry": {
       "type": "Point",
       "coordinates":  [ 121.5212478638,25.0570869446 ]
    },
    "properties": {
    "機構名稱":"謙和園健康福祉有限公司附設臺北市私立溫邸家居家長照機構",
    "機構代碼":"1V0100020",
    "機構種類":"1",
    "縣市":"臺北市",
    "區":"中山區",
    "地址全址":"臺北市中山區民安里新生北路2段72巷23號1樓",
    "O_ABC":"B",
    "特約服務項目":"居家服務;喘息服務"
    }
  },
  {
    "type": "Feature",
    "geometry": {
       "type": "Point",
       "coordinates":  [ 121.5458450317,25.0265197754 ]
    },
    "properties": {
    "機構名稱":"護老生活有限公司附設臺北市私立護老互助居家長照機構",
    "機構代碼":"1R0100082",
    "機構種類":"1",
    "縣市":"臺北市",
    "區":"大安區",
    "地址全址":"臺北市大安區四維路198巷30弄10號2樓之3",
    "O_ABC":"B",
    "特約服務項目":"居家服務"
    }
  },
  {
    "type": "Feature",
    "geometry": {
       "type": "Point",
       "coordinates":  [ 121.5055847168,25.0258407593 ]
    },
    "properties": {
    "機構名稱":"財團法人一粒麥子社會福利慈善事業基金會(中正國宅社區照顧關懷據點)",
    "機構代碼":"BD0100054",
    "機構種類":"BD",
    "縣市":"臺北市",
    "區":"萬華區",
    "地址全址":"臺北市萬華區新安里萬大路237巷13弄3號",
    "O_ABC":"C",
    "特約服務項目":"巷弄長照站"
    }
  },
  {
    "type": "Feature",
    "geometry": {
       "type": "Point",
       "coordinates":  [ 121.5034942627,25.0254840851 ]
    },
    "properties": {
    "機構名稱":"財團法人一粒麥子社會福利慈善事業基金會(中正國宅社區照顧關懷據點)",
    "機構代碼":"BE0100054",
    "機構種類":"BE",
    "縣市":"臺北市",
    "區":"萬華區",
    "地址全址":"臺北市萬華區青年路52號1樓之2",
    "O_ABC":"B",
    "特約服務項目":"喘息服務"
    }
  },
  {
    "type": "Feature",
    "geometry": {
       "type": "Point",
       "coordinates":  [ 121.5009613037,25.0267696381 ]
    },
    "properties": {
    "機構名稱":"財團法人一粒麥子社會福利慈善事業基金會附設臺北市私立有福居家長照機構",
    "機構代碼":"1S0100013",
    "機構種類":"1",
    "縣市":"臺北市",
    "區":"萬華區",
    "地址全址":"臺北市萬華區興寧街66巷2號1樓",
    "O_ABC":"B",
    "特約服務項目":"居家服務;喘息服務"
    }
  },
  {
    "type": "Feature",
    "geometry": {
       "type": "Point",
       "coordinates":  [ 121.5004348755,25.0318412781 ]
    },
    "properties": {
    "機構名稱":"財團法人一粒麥子社會福利慈善事業基金會附設臺北市私立莒光社區長照機構",
    "機構代碼":"2R0100026",
    "機構種類":"2",
    "縣市":"臺北市",
    "區":"萬華區",
    "地址全址":"臺北市萬華區雙園里萬大路22號3樓之1",
    "O_ABC":"B",
    "特約服務項目":"社區式交通接送服務(BD03);喘息服務;日間照顧服務"
    }
  },
  {
    "type": "Feature",
    "geometry": {
       "type": "Point",
       "coordinates":  [ 121.5364303589,25.1103858948 ]
    },
    "properties": {
    "機構名稱":"財團法人中保關懷社會福利基金會附設臺北市私立芝山社區長照機構",
    "機構代碼":"2S0100029",
    "機構種類":"2",
    "縣市":"臺北市",
    "區":"士林區",
    "地址全址":"臺北市士林區德行東路285號忠孝樓3樓",
    "O_ABC":"B",
    "特約服務項目":"日間照顧服務"
    }
  },
  {
    "type": "Feature",
    "geometry": {
       "type": "Point",
       "coordinates":  [ 121.5192871094,25.0242958069 ]
    },
    "properties": {
    "機構名稱":"財團法人中華基督教廈門街浸信會",
    "機構代碼":"BD0100032",
    "機構種類":"BD",
    "縣市":"臺北市",
    "區":"中正區",
    "地址全址":"臺北市中正區螢圃里15鄰廈門街81巷20號",
    "O_ABC":"C",
    "特約服務項目":"巷弄長照站"
    }
  },
  {
    "type": "Feature",
    "geometry": {
       "type": "Point",
       "coordinates":  [ 121.5489425659,24.9983139038 ]
    },
    "properties": {
    "機構名稱":"財團法人中華基督教衛理公會平安堂",
    "機構代碼":"BF0100158",
    "機構種類":"BF",
    "縣市":"臺北市",
    "區":"文山區",
    "地址全址":"臺北市文山區興安里仙岩路16巷37號",
    "O_ABC":"C",
    "特約服務項目":"巷弄長照站"
    }
  },
  {
    "type": "Feature",
    "geometry": {
       "type": "Point",
       "coordinates":  [ 121.5675964355,25.0541591644 ]
    },
    "properties": {
    "機構名稱":"財團法人中華基督教衛理公會恩友堂",
    "機構代碼":"BD0100047",
    "機構種類":"BD",
    "縣市":"臺北市",
    "區":"松山區",
    "地址全址":"臺北市松山區安平里寶清街123號",
    "O_ABC":"C",
    "特約服務項目":"巷弄長照站"
    }
  },
  {
    "type": "Feature",
    "geometry": {
       "type": "Point",
       "coordinates":  [ 121.5787506104,25.0484046936 ]
    },
    "properties": {
    "機構名稱":"財團法人中華民國佛教慈濟慈善事業基金會",
    "機構代碼":"BE0100052",
    "機構種類":"BE",
    "縣市":"臺北市",
    "區":"信義區",
    "地址全址":"臺北市信義區永吉里永吉里松隆路327號",
    "O_ABC":"C",
    "特約服務項目":"巷弄長照站"
    }
  },
  {
    "type": "Feature",
    "geometry": {
       "type": "Point",
       "coordinates":  [ 121.5637435913,25.0512123108 ]
    },
    "properties": {
    "機構名稱":"財團法人中華民國佛教慈濟慈善事業基金會松山聯絡處",
    "機構代碼":"BF0100178",
    "機構種類":"BF",
    "縣市":"臺北市",
    "區":"松山區",
    "地址全址":"臺北市松山區吉祥里南京東路五段188號16樓",
    "O_ABC":"C",
    "特約服務項目":"巷弄長照站"
    }
  },
  {
    "type": "Feature",
    "geometry": {
       "type": "Point",
       "coordinates":  [ 121.50025177,25.0313358307 ]
    },
    "properties": {
    "機構名稱":"財團法人中華民國佛教慈濟慈善事業基金會臺北市私立慈濟居家長照機構",
    "機構代碼":"1S0100011",
    "機構種類":"1",
    "縣市":"臺北市",
    "區":"萬華區",
    "地址全址":"臺北市萬華區莒光路222號5樓",
    "O_ABC":"A",
    "特約服務項目":"個案管理服務"
    }
  },
  {
    "type": "Feature",
    "geometry": {
       "type": "Point",
       "coordinates":  [ 121.50025177,25.0313358307 ]
    },
    "properties": {
    "機構名稱":"財團法人中華民國佛教慈濟慈善事業基金會臺北市私立慈濟居家長照機構",
    "機構代碼":"1S0100011",
    "機構種類":"1",
    "縣市":"臺北市",
    "區":"萬華區",
    "地址全址":"臺北市萬華區莒光路222號5樓",
    "O_ABC":"B",
    "特約服務項目":"居家服務;喘息服務"
    }
  },
  {
    "type": "Feature",
    "geometry": {
       "type": "Point",
       "coordinates":  [ 121.5772171021,25.0802307129 ]
    },
    "properties": {
    "機構名稱":"財團法人中華民國台灣基督教信義會內湖教會",
    "機構代碼":"BD0100080",
    "機構種類":"BD",
    "縣市":"臺北市",
    "區":"內湖區",
    "地址全址":"臺北市內湖區港都里港墘路100巷2號1樓",
    "O_ABC":"C",
    "特約服務項目":"巷弄長照站"
    }
  },
  {
    "type": "Feature",
    "geometry": {
       "type": "Point",
       "coordinates":  [ 121.6107788086,25.0523052216 ]
    },
    "properties": {
    "機構名稱":"財團法人中華民國唐氏症基金會附設臺北市私立唐氏症居家長照機構",
    "機構代碼":"1S0100015",
    "機構種類":"1",
    "縣市":"臺北市",
    "區":"南港區",
    "地址全址":"臺北市南港區中南里忠孝東路7段520號7樓",
    "O_ABC":"B",
    "特約服務項目":"喘息服務;居家服務"
    }
  },
  {
    "type": "Feature",
    "geometry": {
       "type": "Point",
       "coordinates":  [ 121.5654144287,25.0421867371 ]
    },
    "properties": {
    "機構名稱":"財團法人中華民國大同老人福利基金會",
    "機構代碼":"BD0100050",
    "機構種類":"BD",
    "縣市":"臺北市",
    "區":"信義區",
    "地址全址":"臺北市信義區興雅里基隆路一段155號3樓之8",
    "O_ABC":"C",
    "特約服務項目":"巷弄長照站"
    }
  },
  {
    "type": "Feature",
    "geometry": {
       "type": "Point",
       "coordinates":  [ 121.5804824829,25.0479354858 ]
    },
    "properties": {
    "機構名稱":"財團法人以琳基督徒中心",
    "機構代碼":"BD0100051",
    "機構種類":"BD",
    "縣市":"臺北市",
    "區":"南港區",
    "地址全址":"臺北市南港區合成里中坡北路92號2樓",
    "O_ABC":"C",
    "特約服務項目":"巷弄長照站"
    }
  },
  {
    "type": "Feature",
    "geometry": {
       "type": "Point",
       "coordinates":  [ 121.5681152344,25.0023422241 ]
    },
    "properties": {
    "機構名稱":"財團法人伊甸社會福利基金會",
    "機構代碼":"BA0100045",
    "機構種類":"BA",
    "縣市":"臺北市",
    "區":"文山區",
    "地址全址":"臺北市文山區萬美街一段55號3樓",
    "O_ABC":"B",
    "特約服務項目":"交通接送服務(DA01)"
    }
  },
  {
    "type": "Feature",
    "geometry": {
       "type": "Point",
       "coordinates":  [ 121.5681152344,25.0023422241 ]
    },
    "properties": {
    "機構名稱":"財團法人伊甸社會福利基金會",
    "機構代碼":"BD0100001",
    "機構種類":"BD",
    "縣市":"臺北市",
    "區":"文山區",
    "地址全址":"臺北市文山區萬芳里萬美街一段55號3樓",
    "O_ABC":"A",
    "特約服務項目":"個案管理服務"
    }
  },
  {
    "type": "Feature",
    "geometry": {
       "type": "Point",
       "coordinates":  [ 121.5681152344,25.0023422241 ]
    },
    "properties": {
    "機構名稱":"財團法人伊甸社會福利基金會",
    "機構代碼":"BD0100087",
    "機構種類":"BD",
    "縣市":"臺北市",
    "區":"文山區",
    "地址全址":"臺北市文山區萬芳里文山區萬美街一段55號3樓",
    "O_ABC":"B",
    "特約服務項目":"交通接送服務(DA01);社區式交通接送服務(BD03)"
    }
  },
  {
    "type": "Feature",
    "geometry": {
       "type": "Point",
       "coordinates":  [ 121.5556030273,25.0489234924 ]
    },
    "properties": {
    "機構名稱":"財團法人伊甸社會福利基金會(松山區八德路)",
    "機構代碼":"BD0100061",
    "機構種類":"BD",
    "縣市":"臺北市",
    "區":"松山區",
    "地址全址":"臺北市松山區復勢里八德路三段155巷4弄35號1樓",
    "O_ABC":"C",
    "特約服務項目":"巷弄長照站"
    }
  },
  {
    "type": "Feature",
    "geometry": {
       "type": "Point",
       "coordinates":  [ 121.5176467896,25.1145343781 ]
    },
    "properties": {
    "機構名稱":"財團法人伊甸社會福利基金會附設臺北市私立台北居家式服務類長期照顧服務機構",
    "機構代碼":"1S0100001",
    "機構種類":"1",
    "縣市":"臺北市",
    "區":"北投區",
    "地址全址":"臺北市北投區裕民里裕民六路120號",
    "O_ABC":"B",
    "特約服務項目":"到宅沐浴車服務;居家服務"
    }
  },
  {
    "type": "Feature",
    "geometry": {
       "type": "Point",
       "coordinates":  [ 121.5176315308,25.1145401001 ]
    },
    "properties": {
    "機構名稱":"財團法人伊甸社會福利基金會附設臺北市私立頤福社區式長期照顧服務機構",
    "機構代碼":"2S0100012",
    "機構種類":"2",
    "縣市":"臺北市",
    "區":"北投區",
    "地址全址":"臺北市北投區裕民六路120號3樓",
    "O_ABC":"B",
    "特約服務項目":"日間照顧服務"
    }
  },
  {
    "type": "Feature",
    "geometry": {
       "type": "Point",
       "coordinates":  [ 121.5296020508,25.0406093597 ]
    },
    "properties": {
    "機構名稱":"財團法人伽耶山基金會",
    "機構代碼":"BD0100085",
    "機構種類":"BD",
    "縣市":"臺北市",
    "區":"中正區",
    "地址全址":"臺北市中正區文北里濟南路二段36號2樓、3樓、4樓",
    "O_ABC":"C",
    "特約服務項目":"巷弄長照站"
    }
  },
  {
    "type": "Feature",
    "geometry": {
       "type": "Point",
       "coordinates":  [ 121.5583496094,25.0513381958 ]
    },
    "properties": {
    "機構名稱":"財團法人佳醫健康基金會附設臺北市私立佳醫居家長照機構",
    "機構代碼":"1S0100012",
    "機構種類":"1",
    "縣市":"臺北市",
    "區":"松山區",
    "地址全址":"臺北市松山區南京東路五段8-10號503室",
    "O_ABC":"B",
    "特約服務項目":"居家服務;喘息服務"
    }
  },
  {
    "type": "Feature",
    "geometry": {
       "type": "Point",
       "coordinates":  [ 121.5702514648,24.9874591827 ]
    },
    "properties": {
    "機構名稱":"財團法人利伯他茲教育基金會(木柵復活堂)",
    "機構代碼":"BD0100043",
    "機構種類":"BD",
    "縣市":"臺北市",
    "區":"文山區",
    "地址全址":"臺北市文山區木新里永安街1號",
    "O_ABC":"B",
    "特約服務項目":"喘息服務"
    }
  },
  {
    "type": "Feature",
    "geometry": {
       "type": "Point",
       "coordinates":  [ 121.5702514648,24.9874591827 ]
    },
    "properties": {
    "機構名稱":"財團法人利伯他茲教育基金會(木柵復活堂)",
    "機構代碼":"BD0100043",
    "機構種類":"BD",
    "縣市":"臺北市",
    "區":"文山區",
    "地址全址":"臺北市文山區木新里永安街1號",
    "O_ABC":"C",
    "特約服務項目":"巷弄長照站"
    }
  },
  {
    "type": "Feature",
    "geometry": {
       "type": "Point",
       "coordinates":  [ 121.5048599243,25.0379810333 ]
    },
    "properties": {
    "機構名稱":"財團法人台北市中國基督教靈糧世界佈道會台北靈糧堂",
    "機構代碼":"BD0100053",
    "機構種類":"BD",
    "縣市":"臺北市",
    "區":"萬華區",
    "地址全址":"臺北市萬華區仁德里桂林路27號1樓及桂林路31號1樓",
    "O_ABC":"C",
    "特約服務項目":"巷弄長照站"
    }
  },
  {
    "type": "Feature",
    "geometry": {
       "type": "Point",
       "coordinates":  [ 121.5119018555,25.0276737213 ]
    },
    "properties": {
    "機構名稱":"財團法人台北市中國基督教靈糧世界佈道會台北靈糧堂(古亭靈糧福音中心)",
    "機構代碼":"BD0100034",
    "機構種類":"BD",
    "縣市":"臺北市",
    "區":"中正區",
    "地址全址":"臺北市中正區永功里三元街198號1樓",
    "O_ABC":"C",
    "特約服務項目":"巷弄長照站"
    }
  },
  {
    "type": "Feature",
    "geometry": {
       "type": "Point",
       "coordinates":  [ 121.5342330933,25.0622348785 ]
    },
    "properties": {
    "機構名稱":"財團法人台北市中國基督教靈糧世界佈道會台北靈糧堂(松江靈糧福音中心)",
    "機構代碼":"BF0100120",
    "機構種類":"BF",
    "縣市":"臺北市",
    "區":"中山區",
    "地址全址":"臺北市中山區松江里民權東路二段146號2樓",
    "O_ABC":"C",
    "特約服務項目":"巷弄長照站"
    }
  },
  {
    "type": "Feature",
    "geometry": {
       "type": "Point",
       "coordinates":  [ 121.4915847778,25.0253124237 ]
    },
    "properties": {
    "機構名稱":"財團法人台北市中國基督教靈糧世界佈道會台北靈糧堂(雙園靈糧福音中心)",
    "機構代碼":"BD0100066",
    "機構種類":"BD",
    "縣市":"臺北市",
    "區":"萬華區",
    "地址全址":"臺北市萬華區和德里西園路2段362及 364號4樓、362號5樓",
    "O_ABC":"C",
    "特約服務項目":"巷弄長照站"
    }
  },
  {
    "type": "Feature",
    "geometry": {
       "type": "Point",
       "coordinates":  [ 121.5322875977,25.1114368439 ]
    },
    "properties": {
    "機構名稱":"財團法人台北市中國基督教靈糧世界佈道會士林靈糧堂",
    "機構代碼":"BD0100006",
    "機構種類":"BD",
    "縣市":"臺北市",
    "區":"士林區",
    "地址全址":"臺北市士林區忠誠路二段53巷7號5樓",
    "O_ABC":"A",
    "特約服務項目":"個案管理服務"
    }
  },
  {
    "type": "Feature",
    "geometry": {
       "type": "Point",
       "coordinates":  [ 121.5577316284,25.0332832336 ]
    },
    "properties": {
    "機構名稱":"財團法人台北市中華基督教信義會(復興堂)",
    "機構代碼":"BD0100082",
    "機構種類":"BD",
    "縣市":"臺北市",
    "區":"信義區",
    "地址全址":"臺北市信義區中興里信義路4段375號10樓之2",
    "O_ABC":"C",
    "特約服務項目":"巷弄長照站"
    }
  },
  {
    "type": "Feature",
    "geometry": {
       "type": "Point",
       "coordinates":  [ 121.5710296631,25.0458831787 ]
    },
    "properties": {
    "機構名稱":"財團法人台北市中華基督教藝人之家",
    "機構代碼":"BD0100083",
    "機構種類":"BD",
    "縣市":"臺北市",
    "區":"信義區",
    "地址全址":"臺北市信義區五常里松隆路102號13樓",
    "O_ABC":"C",
    "特約服務項目":"巷弄長照站"
    }
  },
  {
    "type": "Feature",
    "geometry": {
       "type": "Point",
       "coordinates":  [ 121.5330581665,25.0396938324 ]
    },
    "properties": {
    "機構名稱":"財團法人台北市中華基督教衛理公會衛理堂",
    "機構代碼":"BF0100102",
    "機構種類":"BF",
    "縣市":"臺北市",
    "區":"大安區",
    "地址全址":"臺北市大安區民輝里新生南路1段113號",
    "O_ABC":"C",
    "特約服務項目":"巷弄長照站"
    }
  },
  {
    "type": "Feature",
    "geometry": {
       "type": "Point",
       "coordinates":  [ 121.5096054077,25.1380062103 ]
    },
    "properties": {
    "機構名稱":"財團法人台北市北投文化基金會",
    "機構代碼":"BD0100079",
    "機構種類":"BD",
    "縣市":"臺北市",
    "區":"北投區",
    "地址全址":"臺北市北投區林泉里中山路5-12號",
    "O_ABC":"C",
    "特約服務項目":"巷弄長照站"
    }
  },
  {
    "type": "Feature",
    "geometry": {
       "type": "Point",
       "coordinates":  [ 121.5250244141,25.0544643402 ]
    },
    "properties": {
    "機構名稱":"財團法人台北市台北中華基督教會(公理堂)",
    "機構代碼":"BD0100029",
    "機構種類":"BD",
    "縣市":"臺北市",
    "區":"中山區",
    "地址全址":"臺北市中山區康樂里中山北路2段45巷39號",
    "O_ABC":"C",
    "特約服務項目":"巷弄長照站"
    }
  },
  {
    "type": "Feature",
    "geometry": {
       "type": "Point",
       "coordinates":  [ 121.5510559082,25.0386104584 ]
    },
    "properties": {
    "機構名稱":"財團法人台北市城東基督長老教會",
    "機構代碼":"BF0100088",
    "機構種類":"BF",
    "縣市":"臺北市",
    "區":"大安區",
    "地址全址":"臺北市大安區建倫里安和路1段43號2樓及45號1樓",
    "O_ABC":"C",
    "特約服務項目":"巷弄長照站"
    }
  },
  {
    "type": "Feature",
    "geometry": {
       "type": "Point",
       "coordinates":  [ 121.5647735596,25.0270957947 ]
    },
    "properties": {
    "機構名稱":"財團法人台北市基督教全人福利事業基金會(吳興教會)",
    "機構代碼":"BD0100063",
    "機構種類":"BD",
    "縣市":"臺北市",
    "區":"信義區",
    "地址全址":"臺北市信義區三張里吳興街269巷18弄6號",
    "O_ABC":"C",
    "特約服務項目":"巷弄長照站"
    }
  },
  {
    "type": "Feature",
    "geometry": {
       "type": "Point",
       "coordinates":  [ 121.5820465088,25.0772151947 ]
    },
    "properties": {
    "機構名稱":"財團法人台北市基督教台灣貴格會內湖慈光堂",
    "機構代碼":"BF0100150",
    "機構種類":"BF",
    "縣市":"臺北市",
    "區":"內湖區",
    "地址全址":"臺北市內湖區瑞陽里文德路66巷49弄5號",
    "O_ABC":"C",
    "特約服務項目":"巷弄長照站"
    }
  },
  {
    "type": "Feature",
    "geometry": {
       "type": "Point",
       "coordinates":  [ 121.5852966309,25.0682582855 ]
    },
    "properties": {
    "機構名稱":"財團法人台北市基督教台灣貴格會忠湖教會",
    "機構代碼":"BF0100124",
    "機構種類":"BF",
    "縣市":"臺北市",
    "區":"內湖區",
    "地址全址":"臺北市內湖區湖元里民權東路6段56巷5弄8號1樓",
    "O_ABC":"C",
    "特約服務項目":"巷弄長照站"
    }
  },
  {
    "type": "Feature",
    "geometry": {
       "type": "Point",
       "coordinates":  [ 121.5274658203,25.1197090149 ]
    },
    "properties": {
    "機構名稱":"財團法人台北市天母基督教會",
    "機構代碼":"BD0100013",
    "機構種類":"BD",
    "縣市":"臺北市",
    "區":"士林區",
    "地址全址":"臺北市士林區天母里天玉街63.65號",
    "O_ABC":"C",
    "特約服務項目":"巷弄長照站"
    }
  },
  {
    "type": "Feature",
    "geometry": {
       "type": "Point",
       "coordinates":  [ 121.5184249878,25.0521259308 ]
    },
    "properties": {
    "機構名稱":"財團法人台北市建成基督長老教會",
    "機構代碼":"BF0100172",
    "機構種類":"BF",
    "縣市":"臺北市",
    "區":"大同區",
    "地址全址":"臺北市大同區建泰里承德路一段77巷29號",
    "O_ABC":"C",
    "特約服務項目":"巷弄長照站"
    }
  },
  {
    "type": "Feature",
    "geometry": {
       "type": "Point",
       "coordinates":  [ 121.5302581787,25.0380210876 ]
    },
    "properties": {
    "機構名稱":"財團法人台北市東門基督長老教會",
    "機構代碼":"BD0100084",
    "機構種類":"BD",
    "縣市":"臺北市",
    "區":"中正區",
    "地址全址":"臺北市中正區三愛里仁愛路二段76號",
    "O_ABC":"C",
    "特約服務項目":"巷弄長照站"
    }
  },
  {
    "type": "Feature",
    "geometry": {
       "type": "Point",
       "coordinates":  [ 121.5690612793,24.9890937805 ]
    },
    "properties": {
    "機構名稱":"財團法人台北市松年長春社會福利基金會(開元)",
    "機構代碼":"BD0100072",
    "機構種類":"BD",
    "縣市":"臺北市",
    "區":"文山區",
    "地址全址":"臺北市文山區木新里開元街25,27號",
    "O_ABC":"C",
    "特約服務項目":"巷弄長照站"
    }
  },
  {
    "type": "Feature",
    "geometry": {
       "type": "Point",
       "coordinates":  [ 121.5520172119,25.0483512878 ]
    },
    "properties": {
    "機構名稱":"財團法人台北市林坤地仁濟文教基金會",
    "機構代碼":"BF0100118",
    "機構種類":"BF",
    "縣市":"臺北市",
    "區":"松山區",
    "地址全址":"臺北市松山區美仁里八德路3段25號藝文推廣處二樓電化教室",
    "O_ABC":"C",
    "特約服務項目":"巷弄長照站"
    }
  },
  {
    "type": "Feature",
    "geometry": {
       "type": "Point",
       "coordinates":  [ 121.5753631592,24.9894638062 ]
    },
    "properties": {
    "機構名稱":"財團法人台北市活石基督徒團契",
    "機構代碼":"BF0100156",
    "機構種類":"BF",
    "縣市":"臺北市",
    "區":"文山區",
    "地址全址":"臺北市文山區萬興里指南路二段45巷24弄17號",
    "O_ABC":"C",
    "特約服務項目":"巷弄長照站"
    }
  },
  {
    "type": "Feature",
    "geometry": {
       "type": "Point",
       "coordinates":  [ 121.4955291748,25.0345592499 ]
    },
    "properties": {
    "機構名稱":"財團法人台北市私立愛愛院",
    "機構代碼":"A10100162",
    "機構種類":"A1",
    "縣市":"臺北市",
    "區":"萬華區",
    "地址全址":"臺北市萬華區大理街175巷27號",
    "O_ABC":"A",
    "特約服務項目":"個案管理服務"
    }
  },
  {
    "type": "Feature",
    "geometry": {
       "type": "Point",
       "coordinates":  [ 121.4955291748,25.0345592499 ]
    },
    "properties": {
    "機構名稱":"財團法人台北市私立愛愛院",
    "機構代碼":"A10100162",
    "機構種類":"A1",
    "縣市":"臺北市",
    "區":"萬華區",
    "地址全址":"臺北市萬華區大理街175巷27號",
    "O_ABC":"B",
    "特約服務項目":"喘息服務;日間照顧服務"
    }
  },
  {
    "type": "Feature",
    "geometry": {
       "type": "Point",
       "coordinates":  [ 121.4952468872,25.0378856659 ]
    },
    "properties": {
    "機構名稱":"財團法人台北市立心慈善基金會",
    "機構代碼":"BD0100007",
    "機構種類":"BD",
    "縣市":"臺北市",
    "區":"萬華區",
    "地址全址":"臺北市萬華區桂林路242巷4號4樓之2?",
    "O_ABC":"A",
    "特約服務項目":"個案管理服務"
    }
  },
  {
    "type": "Feature",
    "geometry": {
       "type": "Point",
       "coordinates":  [ 121.4952468872,25.0378856659 ]
    },
    "properties": {
    "機構名稱":"財團法人台北市立心慈善基金會",
    "機構代碼":"BD0100007",
    "機構種類":"BD",
    "縣市":"臺北市",
    "區":"萬華區",
    "地址全址":"臺北市萬華區桂林路242巷4號4樓之2?",
    "O_ABC":"B",
    "特約服務項目":"喘息服務"
    }
  },
  {
    "type": "Feature",
    "geometry": {
       "type": "Point",
       "coordinates":  [ 121.5023727417,25.0320262909 ]
    },
    "properties": {
    "機構名稱":"財團法人台北市立心慈善基金會附設臺北市私立立心居家式服務類長期照顧服務機構",
    "機構代碼":"1S0100005",
    "機構種類":"1",
    "縣市":"臺北市",
    "區":"萬華區",
    "地址全址":"臺北市萬華區頂碩里艋舺大道120巷39弄3號2樓",
    "O_ABC":"B",
    "特約服務項目":"居家服務;喘息服務"
    }
  },
  {
    "type": "Feature",
    "geometry": {
       "type": "Point",
       "coordinates":  [ 121.6219482422,25.0378665924 ]
    },
    "properties": {
    "機構名稱":"財團法人台灣基督傳道會復生教會",
    "機構代碼":"BD0100052",
    "機構種類":"BD",
    "縣市":"臺北市",
    "區":"南港區",
    "地址全址":"臺北市南港區舊莊里南深路21巷18號",
    "O_ABC":"C",
    "特約服務項目":"巷弄長照站"
    }
  },
  {
    "type": "Feature",
    "geometry": {
       "type": "Point",
       "coordinates":  [ 121.5785827637,25.0785942078 ]
    },
    "properties": {
    "機構名稱":"財團法人台灣基督教恩惠福音會",
    "機構代碼":"BD0100037",
    "機構種類":"BD",
    "縣市":"臺北市",
    "區":"內湖區",
    "地址全址":"臺北市內湖區港墘里內湖路1段608號",
    "O_ABC":"B",
    "特約服務項目":"喘息服務"
    }
  },
  {
    "type": "Feature",
    "geometry": {
       "type": "Point",
       "coordinates":  [ 121.5785827637,25.0785942078 ]
    },
    "properties": {
    "機構名稱":"財團法人台灣基督教恩惠福音會",
    "機構代碼":"BD0100037",
    "機構種類":"BD",
    "縣市":"臺北市",
    "區":"內湖區",
    "地址全址":"臺北市內湖區港墘里內湖路1段608號",
    "O_ABC":"C",
    "特約服務項目":"巷弄長照站"
    }
  },
  {
    "type": "Feature",
    "geometry": {
       "type": "Point",
       "coordinates":  [ 121.5271224976,25.0373401642 ]
    },
    "properties": {
    "機構名稱":"財團法人台灣基督教福利會",
    "機構代碼":"BD0100088",
    "機構種類":"BD",
    "縣市":"臺北市",
    "區":"中正區",
    "地址全址":"臺北市中正區杭州南路1段101巷28-4號2樓",
    "O_ABC":"B",
    "特約服務項目":"營養餐飲服務"
    }
  },
  {
    "type": "Feature",
    "geometry": {
       "type": "Point",
       "coordinates":  [ 121.5004806519,25.1477241516 ]
    },
    "properties": {
    "機構名稱":"財團法人台灣基督教道生院附設臺北市私立道生院老人長期照顧中心(養護型)",
    "機構代碼":"A10100112",
    "機構種類":"A1",
    "縣市":"臺北市",
    "區":"北投區",
    "地址全址":"臺北市北投區秀山里002鄰中和街錫安巷112號1.2樓及地下1樓",
    "O_ABC":"B",
    "特約服務項目":"喘息服務"
    }
  },
  {
    "type": "Feature",
    "geometry": {
       "type": "Point",
       "coordinates":  [ 121.5666122437,25.0544681549 ]
    },
    "properties": {
    "機構名稱":"財團法人台灣省私立健順養護中心(松山老人服務暨日間照顧中心)",
    "機構代碼":"BD0100078",
    "機構種類":"BD",
    "縣市":"臺北市",
    "區":"松山區",
    "地址全址":"臺北市松山區鵬程里健康路317號1樓",
    "O_ABC":"C",
    "特約服務項目":"巷弄長照站"
    }
  },
  {
    "type": "Feature",
    "geometry": {
       "type": "Point",
       "coordinates":  [ 121.5418777466,25.081401825 ]
    },
    "properties": {
    "機構名稱":"財團法人台灣老人急重症基金會(聚盛據點)",
    "機構代碼":"BF0100128",
    "機構種類":"BF",
    "縣市":"臺北市",
    "區":"中山區",
    "地址全址":"臺北市中山區聚盛里民生東路一段42號7樓之3",
    "O_ABC":"C",
    "特約服務項目":"巷弄長照站"
    }
  },
  {
    "type": "Feature",
    "geometry": {
       "type": "Point",
       "coordinates":  [ 121.5174560547,25.0913600922 ]
    },
    "properties": {
    "機構名稱":"財團法人台灣聖公會牧愛堂",
    "機構代碼":"BE0100049",
    "機構種類":"BE",
    "縣市":"臺北市",
    "區":"士林區",
    "地址全址":"臺北市士林區後港里後港里中正路511號",
    "O_ABC":"B",
    "特約服務項目":"營養餐飲服務"
    }
  },
  {
    "type": "Feature",
    "geometry": {
       "type": "Point",
       "coordinates":  [ 121.5333023071,25.0530853271 ]
    },
    "properties": {
    "機構名稱":"財團法人味全文化教育基金會",
    "機構代碼":"BD0100027",
    "機構種類":"BD",
    "縣市":"臺北市",
    "區":"中山區",
    "地址全址":"臺北市中山區中央里松江路125號4樓",
    "O_ABC":"C",
    "特約服務項目":"巷弄長照站"
    }
  },
  {
    "type": "Feature",
    "geometry": {
       "type": "Point",
       "coordinates":  [ 121.6105422974,25.0741958618 ]
    },
    "properties": {
    "機構名稱":"財團法人基督教中國佈道會",
    "機構代碼":"BD0100039",
    "機構種類":"BD",
    "縣市":"臺北市",
    "區":"內湖區",
    "地址全址":"臺北市內湖區康寧里康寧路3段99巷39弄66號",
    "O_ABC":"C",
    "特約服務項目":"巷弄長照站"
    }
  },
  {
    "type": "Feature",
    "geometry": {
       "type": "Point",
       "coordinates":  [ 121.5921554565,25.0800552368 ]
    },
    "properties": {
    "機構名稱":"財團法人基督教台灣信義會(內湖思恩堂)",
    "機構代碼":"BD0100042",
    "機構種類":"BD",
    "縣市":"臺北市",
    "區":"內湖區",
    "地址全址":"臺北市內湖區紫星里康寧路一段62號",
    "O_ABC":"C",
    "特約服務項目":"巷弄長照站"
    }
  },
  {
    "type": "Feature",
    "geometry": {
       "type": "Point",
       "coordinates":  [ 121.5575408936,25.0803947449 ]
    },
    "properties": {
    "機構名稱":"財團法人基督教台灣信義會(大直真理堂)",
    "機構代碼":"BF0100110",
    "機構種類":"BF",
    "縣市":"臺北市",
    "區":"中山區",
    "地址全址":"臺北市中山區金泰里樂群二路142號及144號2樓敬業三路162巷109號1樓",
    "O_ABC":"C",
    "特約服務項目":"巷弄長照站"
    }
  },
  {
    "type": "Feature",
    "geometry": {
       "type": "Point",
       "coordinates":  [ 121.5392684937,25.0434436798 ]
    },
    "properties": {
    "機構名稱":"財團法人基督教台灣神召會",
    "機構代碼":"BD0100025",
    "機構種類":"BD",
    "縣市":"臺北市",
    "區":"大安區",
    "地址全址":"臺北市大安區昌隆里忠孝東路3段217巷5弄8號",
    "O_ABC":"C",
    "特約服務項目":"巷弄長照站"
    }
  },
  {
    "type": "Feature",
    "geometry": {
       "type": "Point",
       "coordinates":  [ 121.567237854,25.084072113 ]
    },
    "properties": {
    "機構名稱":"財團法人基督教救世軍",
    "機構代碼":"BD0100040",
    "機構種類":"BD",
    "縣市":"臺北市",
    "區":"內湖區",
    "地址全址":"臺北市內湖區西湖里內湖路一段285巷63弄7號",
    "O_ABC":"C",
    "特約服務項目":"巷弄長照站"
    }
  },
  {
    "type": "Feature",
    "geometry": {
       "type": "Point",
       "coordinates":  [ 121.5186309814,25.0896549225 ]
    },
    "properties": {
    "機構名稱":"財團法人天下為公社會福利慈善事業基金會",
    "機構代碼":"BD0100059",
    "機構種類":"BD",
    "縣市":"臺北市",
    "區":"士林區",
    "地址全址":"臺北市士林區承德路4段306號9樓",
    "O_ABC":"A",
    "特約服務項目":"個案管理服務"
    }
  },
  {
    "type": "Feature",
    "geometry": {
       "type": "Point",
       "coordinates":  [ 121.4969329834,25.023639679 ]
    },
    "properties": {
    "機構名稱":"財團法人天主教失智老人社會福利基金會",
    "機構代碼":"BD0100089",
    "機構種類":"BD",
    "縣市":"臺北市",
    "區":"萬華區",
    "地址全址":"臺北市萬華區德昌街125巷11號",
    "O_ABC":"A",
    "特約服務項目":"個案管理服務"
    }
  },
  {
    "type": "Feature",
    "geometry": {
       "type": "Point",
       "coordinates":  [ 121.5070419312,25.0479316711 ]
    },
    "properties": {
    "機構名稱":"財團法人天主教失智老人社會福利基金會受託經營管理本市萬華老人服務中心",
    "機構代碼":"BD0100091",
    "機構種類":"BD",
    "縣市":"臺北市",
    "區":"萬華區",
    "地址全址":"臺北市萬華區西寧南路4號A棟3樓",
    "O_ABC":"B",
    "特約服務項目":"營養餐飲服務"
    }
  },
  {
    "type": "Feature",
    "geometry": {
       "type": "Point",
       "coordinates":  [ 121.6123657227,25.0691013336 ]
    },
    "properties": {
    "機構名稱":"財團法人天主教失智老人社會福利基金會附設臺北市私立東湖聖若瑟社區長照機構",
    "機構代碼":"2S0100034",
    "機構種類":"2",
    "縣市":"臺北市",
    "區":"內湖區",
    "地址全址":"臺北市內湖區東湖路1號3樓",
    "O_ABC":"B",
    "特約服務項目":"日間照顧服務;社區式交通接送服務(BD03)"
    }
  },
  {
    "type": "Feature",
    "geometry": {
       "type": "Point",
       "coordinates":  [ 121.4969329834,25.023639679 ]
    },
    "properties": {
    "機構名稱":"財團法人天主教失智老人社會福利基金會附設臺北市私立聖若瑟失智老人養護中心",
    "機構代碼":"A10100031",
    "機構種類":"A1",
    "縣市":"臺北市",
    "區":"萬華區",
    "地址全址":"臺北市萬華區保德里德昌街125巷11號",
    "O_ABC":"B",
    "特約服務項目":"小規模多機能服務;日間照顧服務;喘息服務"
    }
  },
  {
    "type": "Feature",
    "geometry": {
       "type": "Point",
       "coordinates":  [ 121.4968490601,25.0241794586 ]
    },
    "properties": {
    "機構名稱":"財團法人天主教失智老人社會福利基金會附設臺北市私立聖若瑟居家式服務類長期照顧服務機構",
    "機構代碼":"1S0100009",
    "機構種類":"1",
    "縣市":"臺北市",
    "區":"萬華區",
    "地址全址":"臺北市萬華區保德里德昌街119號",
    "O_ABC":"B",
    "特約服務項目":"喘息服務;居家服務"
    }
  },
  {
    "type": "Feature",
    "geometry": {
       "type": "Point",
       "coordinates":  [ 121.519493103,25.0460567474 ]
    },
    "properties": {
    "機構名稱":"財團法人天主教聖母聖心會",
    "機構代碼":"BD0100004",
    "機構種類":"BD",
    "縣市":"臺北市",
    "區":"中正區",
    "地址全址":"臺北市中正區中山北路一段2號",
    "O_ABC":"B",
    "特約服務項目":"喘息服務"
    }
  },
  {
    "type": "Feature",
    "geometry": {
       "type": "Point",
       "coordinates":  [ 121.5322494507,25.1227893829 ]
    },
    "properties": {
    "機構名稱":"財團法人天主教遣使會-聖文生之友社區關懷據點",
    "機構代碼":"BD0100017",
    "機構種類":"BD",
    "縣市":"臺北市",
    "區":"士林區",
    "地址全址":"臺北市士林區天山里中山北路7段134號",
    "O_ABC":"C",
    "特約服務項目":"巷弄長照站"
    }
  },
  {
    "type": "Feature",
    "geometry": {
       "type": "Point",
       "coordinates":  [ 121.5174331665,25.0270843506 ]
    },
    "properties": {
    "機構名稱":"財團法人宜蘭縣私立力麗社會福利慈善事業基金會附設臺北市私立力麗居家式服務類長期照顧服務機構",
    "機構代碼":"1S0100007",
    "機構種類":"1",
    "縣市":"臺北市",
    "區":"中正區",
    "地址全址":"臺北市中正區南福里和平西路一段107號",
    "O_ABC":"B",
    "特約服務項目":"居家服務;喘息服務"
    }
  },
  {
    "type": "Feature",
    "geometry": {
       "type": "Point",
       "coordinates":  [ 121.5444335938,25.0639877319 ]
    },
    "properties": {
    "機構名稱":"財團法人弘道老人福利基金會",
    "機構代碼":"BD0100058",
    "機構種類":"BD",
    "縣市":"臺北市",
    "區":"松山區",
    "地址全址":"臺北市松山區復興北路451號1樓",
    "O_ABC":"A",
    "特約服務項目":"個案管理服務"
    }
  },
  {
    "type": "Feature",
    "geometry": {
       "type": "Point",
       "coordinates":  [ 121.5444793701,25.0639839172 ]
    },
    "properties": {
    "機構名稱":"財團法人弘道老人福利基金會附設臺北市私立弘道居家式服務類長期照顧服務機構",
    "機構代碼":"1S0100002",
    "機構種類":"1",
    "縣市":"臺北市",
    "區":"松山區",
    "地址全址":"臺北市松山區民福里復興北路451號",
    "O_ABC":"B",
    "特約服務項目":"居家服務"
    }
  },
  {
    "type": "Feature",
    "geometry": {
       "type": "Point",
       "coordinates":  [ 121.5646896362,25.0533218384 ]
    },
    "properties": {
    "機構名稱":"財團法人弘道老人福利基金會附設臺北市私立西松社區長照機構",
    "機構代碼":"2S0100022",
    "機構種類":"2",
    "縣市":"臺北市",
    "區":"松山區",
    "地址全址":"臺北市松山區東榮里南京東路五段251巷46弄5號",
    "O_ABC":"B",
    "特約服務項目":"日間照顧服務;營養餐飲服務;喘息服務;小規模多機能服務"
    }
  },
  {
    "type": "Feature",
    "geometry": {
       "type": "Point",
       "coordinates":  [ 121.5421218872,25.0249919891 ]
    },
    "properties": {
    "機構名稱":"財團法人恆安社會福利慈善事業基金會",
    "機構代碼":"BD0100093",
    "機構種類":"BD",
    "縣市":"臺北市",
    "區":"大安區",
    "地址全址":"臺北市大安區群賢里和平東路二段295號12樓",
    "O_ABC":"A",
    "特約服務項目":"個案管理服務"
    }
  },
  {
    "type": "Feature",
    "geometry": {
       "type": "Point",
       "coordinates":  [ 121.5446929932,25.0249919891 ]
    },
    "properties": {
    "機構名稱":"財團法人恆安社會福利慈善事業基金會附設臺北市私立恆安居家式服務類長期照顧服務機構",
    "機構代碼":"1S0100008",
    "機構種類":"1",
    "縣市":"臺北市",
    "區":"大安區",
    "地址全址":"臺北市大安區群賢里和平東路二段295號12樓",
    "O_ABC":"B",
    "特約服務項目":"喘息服務;居家服務;營養餐飲服務"
    }
  },
  {
    "type": "Feature",
    "geometry": {
       "type": "Point",
       "coordinates":  [ 121.5107727051,25.0236053467 ]
    },
    "properties": {
    "機構名稱":"財團法人恆安社會福利慈善事業基金會附設臺北市私立恆安老人長期照顧中心(長期照護型)",
    "機構代碼":"BD0100086",
    "機構種類":"BD",
    "縣市":"臺北市",
    "區":"萬華區",
    "地址全址":"臺北市萬華區水源路187號",
    "O_ABC":"B",
    "特約服務項目":"營養餐飲服務"
    }
  },
  {
    "type": "Feature",
    "geometry": {
       "type": "Point",
       "coordinates":  [ 121.5439224243,25.0361804962 ]
    },
    "properties": {
    "機構名稱":"財團法人成長文教基金會",
    "機構代碼":"BD0100022",
    "機構種類":"BD",
    "縣市":"臺北市",
    "區":"大安區",
    "地址全址":"臺北市大安區仁慈里東豐街1號2樓",
    "O_ABC":"C",
    "特約服務項目":"巷弄長照站"
    }
  },
  {
    "type": "Feature",
    "geometry": {
       "type": "Point",
       "coordinates":  [ 121.5344543457,25.0517292023 ]
    },
    "properties": {
    "機構名稱":"財團法人政慧發展社會福利慈善事業基金會",
    "機構代碼":"BD0100026",
    "機構種類":"BD",
    "縣市":"臺北市",
    "區":"中山區",
    "地址全址":"臺北市中山區朱園里南京東路二段160號7樓",
    "O_ABC":"C",
    "特約服務項目":"巷弄長照站"
    }
  },
  {
    "type": "Feature",
    "geometry": {
       "type": "Point",
       "coordinates":  [ 121.5421142578,25.0645675659 ]
    },
    "properties": {
    "機構名稱":"財團法人新北市基督教新希望教會(中山五常)",
    "機構代碼":"BD0100030",
    "機構種類":"BD",
    "縣市":"臺北市",
    "區":"中山區",
    "地址全址":"臺北市中山區下埤里龍江路377巷20號1樓",
    "O_ABC":"B",
    "特約服務項目":"喘息服務"
    }
  },
  {
    "type": "Feature",
    "geometry": {
       "type": "Point",
       "coordinates":  [ 121.5421142578,25.0645675659 ]
    },
    "properties": {
    "機構名稱":"財團法人新北市基督教新希望教會(中山五常)",
    "機構代碼":"BD0100030",
    "機構種類":"BD",
    "縣市":"臺北市",
    "區":"中山區",
    "地址全址":"臺北市中山區下埤里龍江路377巷20號1樓",
    "O_ABC":"C",
    "特約服務項目":"巷弄長照站"
    }
  },
  {
    "type": "Feature",
    "geometry": {
       "type": "Point",
       "coordinates":  [ 121.5243759155,25.1004219055 ]
    },
    "properties": {
    "機構名稱":"財團法人新北市基督教新希望教會(德行據點)",
    "機構代碼":"BD0100018",
    "機構種類":"BD",
    "縣市":"臺北市",
    "區":"士林區",
    "地址全址":"臺北市士林區德行里雙溪街140號1樓",
    "O_ABC":"C",
    "特約服務項目":"巷弄長照站"
    }
  },
  {
    "type": "Feature",
    "geometry": {
       "type": "Point",
       "coordinates":  [ 121.5222854614,25.0872001648 ]
    },
    "properties": {
    "機構名稱":"財團法人新北市基督教新希望教會(百齡長青)",
    "機構代碼":"BD0100014",
    "機構種類":"BD",
    "縣市":"臺北市",
    "區":"士林區",
    "地址全址":"臺北市士林區前港里承德路4段190號4樓",
    "O_ABC":"B",
    "特約服務項目":"喘息服務"
    }
  },
  {
    "type": "Feature",
    "geometry": {
       "type": "Point",
       "coordinates":  [ 121.5222854614,25.0872001648 ]
    },
    "properties": {
    "機構名稱":"財團法人新北市基督教新希望教會(百齡長青)",
    "機構代碼":"BD0100014",
    "機構種類":"BD",
    "縣市":"臺北市",
    "區":"士林區",
    "地址全址":"臺北市士林區前港里承德路4段190號4樓",
    "O_ABC":"C",
    "特約服務項目":"巷弄長照站"
    }
  },
  {
    "type": "Feature",
    "geometry": {
       "type": "Point",
       "coordinates":  [ 121.5318603516,25.0260295868 ]
    },
    "properties": {
    "機構名稱":"財團法人獎卿護理展望基金會大台北居家護理所",
    "機構代碼":"B10100007",
    "機構種類":"B1",
    "縣市":"臺北市",
    "區":"大安區",
    "地址全址":"臺北市大安區龍坡里和平東路一段216號",
    "O_ABC":"B",
    "特約服務項目":"居家失能個案家庭醫師照護服務;專業照護服務"
    }
  },
  {
    "type": "Feature",
    "geometry": {
       "type": "Point",
       "coordinates":  [ 121.5318603516,25.0260295868 ]
    },
    "properties": {
    "機構名稱":"財團法人獎卿護理展望基金會私立臺北居家長照機構",
    "機構代碼":"1S0100006",
    "機構種類":"1",
    "縣市":"臺北市",
    "區":"大安區",
    "地址全址":"臺北市大安區龍坡里和平東路一段216號",
    "O_ABC":"B",
    "特約服務項目":"居家服務;喘息服務"
    }
  },
  {
    "type": "Feature",
    "geometry": {
       "type": "Point",
       "coordinates":  [ 121.5291442871,25.0177001953 ]
    },
    "properties": {
    "機構名稱":"財團法人環宇國際文化教育基金會(中正文盛)",
    "機構代碼":"BF0100104",
    "機構種類":"BF",
    "縣市":"臺北市",
    "區":"中正區",
    "地址全址":"臺北市中正區文盛里羅斯福路三段240巷17弄3號",
    "O_ABC":"B",
    "特約服務項目":"喘息服務"
    }
  },
  {
    "type": "Feature",
    "geometry": {
       "type": "Point",
       "coordinates":  [ 121.5291442871,25.0177001953 ]
    },
    "properties": {
    "機構名稱":"財團法人環宇國際文化教育基金會(中正文盛)",
    "機構代碼":"BF0100104",
    "機構種類":"BF",
    "縣市":"臺北市",
    "區":"中正區",
    "地址全址":"臺北市中正區文盛里羅斯福路三段240巷17弄3號",
    "O_ABC":"C",
    "特約服務項目":"巷弄長照站"
    }
  },
  {
    "type": "Feature",
    "geometry": {
       "type": "Point",
       "coordinates":  [ 121.5932922363,25.084280014 ]
    },
    "properties": {
    "機構名稱":"財團法人福智慈善基金會(內湖路2段)",
    "機構代碼":"BD0100041",
    "機構種類":"BD",
    "縣市":"臺北市",
    "區":"內湖區",
    "地址全址":"臺北市內湖區內湖里內湖路2段484號4樓及482號、484號、486號、488號3樓",
    "O_ABC":"C",
    "特約服務項目":"巷弄長照站"
    }
  },
  {
    "type": "Feature",
    "geometry": {
       "type": "Point",
       "coordinates":  [ 121.5251617432,25.1092243195 ]
    },
    "properties": {
    "機構名稱":"財團法人福智慈善基金會(天母據點)",
    "機構代碼":"BD0100015",
    "機構種類":"BD",
    "縣市":"臺北市",
    "區":"士林區",
    "地址全址":"臺北市士林區蘭興里中山北路六段243號1F",
    "O_ABC":"C",
    "特約服務項目":"巷弄長照站"
    }
  },
  {
    "type": "Feature",
    "geometry": {
       "type": "Point",
       "coordinates":  [ 121.5549850464,25.0343284607 ]
    },
    "properties": {
    "機構名稱":"財團法人福智慈善基金會(安和據點)",
    "機構代碼":"BD0100024",
    "機構種類":"BD",
    "縣市":"臺北市",
    "區":"大安區",
    "地址全址":"臺北市大安區光信里信義路4段265巷21弄1號1樓3號1樓",
    "O_ABC":"C",
    "特約服務項目":"巷弄長照站"
    }
  },
  {
    "type": "Feature",
    "geometry": {
       "type": "Point",
       "coordinates":  [ 121.6154556274,25.0683021545 ]
    },
    "properties": {
    "機構名稱":"財團法人福智慈善基金會(東湖教室)",
    "機構代碼":"BD0100038",
    "機構種類":"BD",
    "縣市":"臺北市",
    "區":"內湖區",
    "地址全址":"臺北市內湖區五分里東湖路106巷2號、6號、8號",
    "O_ABC":"C",
    "特約服務項目":"巷弄長照站"
    }
  },
  {
    "type": "Feature",
    "geometry": {
       "type": "Point",
       "coordinates":  [ 121.5987014771,25.057723999 ]
    },
    "properties": {
    "機構名稱":"財團法人私立健順養護中心受託經營管理本市南港老人服務中心",
    "機構代碼":"BD0100092",
    "機構種類":"BD",
    "縣市":"臺北市",
    "區":"南港區",
    "地址全址":"臺北市南港區重陽路187巷5號1、2樓",
    "O_ABC":"B",
    "特約服務項目":"營養餐飲服務"
    }
  },
  {
    "type": "Feature",
    "geometry": {
       "type": "Point",
       "coordinates":  [ 121.4980926514,25.0366802216 ]
    },
    "properties": {
    "機構名稱":"財團法人私立台北仁濟院(大同區)",
    "機構代碼":"BD0100009",
    "機構種類":"BD",
    "縣市":"臺北市",
    "區":"萬華區",
    "地址全址":"臺北市萬華區廣州街200號",
    "O_ABC":"B",
    "特約服務項目":"營養餐飲服務"
    }
  },
  {
    "type": "Feature",
    "geometry": {
       "type": "Point",
       "coordinates":  [ 121.4980926514,25.0366802216 ]
    },
    "properties": {
    "機構名稱":"財團法人私立台北仁濟院(萬華區)",
    "機構代碼":"BD0100010",
    "機構種類":"BD",
    "縣市":"臺北市",
    "區":"萬華區",
    "地址全址":"臺北市萬華區廣州街200號",
    "O_ABC":"B",
    "特約服務項目":"營養餐飲服務"
    }
  },
  {
    "type": "Feature",
    "geometry": {
       "type": "Point",
       "coordinates":  [ 121.5631103516,25.0270404816 ]
    },
    "properties": {
    "機構名稱":"財團法人私立台北醫學大學附設醫院附設居家護理所",
    "機構代碼":"B20100001",
    "機構種類":"B2",
    "縣市":"臺北市",
    "區":"信義區",
    "地址全址":"臺北市信義區莊敬路330號5樓",
    "O_ABC":"B",
    "特約服務項目":"營養餐飲服務;專業照護服務"
    }
  },
  {
    "type": "Feature",
    "geometry": {
       "type": "Point",
       "coordinates":  [ 121.5622634888,25.0545349121 ]
    },
    "properties": {
    "機構名稱":"財團法人私立廣恩老人養護中心附設臺北市私立松山健康社區長照機構",
    "機構代碼":"2S0100023",
    "機構種類":"2",
    "縣市":"臺北市",
    "區":"松山區",
    "地址全址":"臺北市松山區健康路225巷11號1樓",
    "O_ABC":"B",
    "特約服務項目":"小規模多機能服務;喘息服務"
    }
  },
  {
    "type": "Feature",
    "geometry": {
       "type": "Point",
       "coordinates":  [ 121.5107498169,25.1131153107 ]
    },
    "properties": {
    "機構名稱":"財團法人老五老基金會",
    "機構代碼":"BD0100094",
    "機構種類":"BD",
    "縣市":"臺北市",
    "區":"北投區",
    "地址全址":"臺北市北投區石牌路一段14號",
    "O_ABC":"A",
    "特約服務項目":"個案管理服務"
    }
  },
  {
    "type": "Feature",
    "geometry": {
       "type": "Point",
       "coordinates":  [ 121.5131072998,25.1103668213 ]
    },
    "properties": {
    "機構名稱":"財團法人老五老基金會附設臺北市私立老五老居家式服務類長期照顧服務機構",
    "機構代碼":"1S0100003",
    "機構種類":"1",
    "縣市":"臺北市",
    "區":"北投區",
    "地址全址":"臺北市北投區吉慶里石牌路1段14號3樓",
    "O_ABC":"A",
    "特約服務項目":"個案管理服務"
    }
  },
  {
    "type": "Feature",
    "geometry": {
       "type": "Point",
       "coordinates":  [ 121.5131072998,25.1103668213 ]
    },
    "properties": {
    "機構名稱":"財團法人老五老基金會附設臺北市私立老五老居家式服務類長期照顧服務機構",
    "機構代碼":"1S0100003",
    "機構種類":"1",
    "縣市":"臺北市",
    "區":"北投區",
    "地址全址":"臺北市北投區吉慶里石牌路1段14號3樓",
    "O_ABC":"B",
    "特約服務項目":"居家服務;喘息服務"
    }
  },
  {
    "type": "Feature",
    "geometry": {
       "type": "Point",
       "coordinates":  [ 121.5289077759,25.018913269 ]
    },
    "properties": {
    "機構名稱":"財團法人耕莘文教基金會",
    "機構代碼":"BF0100089",
    "機構種類":"BF",
    "縣市":"臺北市",
    "區":"中正區",
    "地址全址":"臺北市中正區文盛里辛亥路1段22號4樓",
    "O_ABC":"C",
    "特約服務項目":"巷弄長照站"
    }
  },
  {
    "type": "Feature",
    "geometry": {
       "type": "Point",
       "coordinates":  [ 121.5739746094,25.0505619049 ]
    },
    "properties": {
    "機構名稱":"財團法人臺北市松年長春社會福利基金會",
    "機構代碼":"BD0100045",
    "機構種類":"BD",
    "縣市":"臺北市",
    "區":"松山區",
    "地址全址":"臺北市松山區慈祐里饒河街105號",
    "O_ABC":"C",
    "特約服務項目":"巷弄長照站"
    }
  },
  {
    "type": "Feature",
    "geometry": {
       "type": "Point",
       "coordinates":  [ 121.5404205322,25.0648403168 ]
    },
    "properties": {
    "機構名稱":"財團法人臺北市松年長春社會福利基金會(中山)",
    "機構代碼":"BD0100081",
    "機構種類":"BD",
    "縣市":"臺北市",
    "區":"中山區",
    "地址全址":"臺北市中山區行仁里龍江路318巷7號1樓",
    "O_ABC":"C",
    "特約服務項目":"巷弄長照站"
    }
  },
  {
    "type": "Feature",
    "geometry": {
       "type": "Point",
       "coordinates":  [ 121.5198974609,25.0300121307 ]
    },
    "properties": {
    "機構名稱":"財團法人臺北市松年長春社會福利基金會(中正)",
    "機構代碼":"BD0100033",
    "機構種類":"BD",
    "縣市":"臺北市",
    "區":"中正區",
    "地址全址":"臺北市中正區南福里羅斯福路1段94、96號11樓(中央教會)",
    "O_ABC":"C",
    "特約服務項目":"巷弄長照站"
    }
  },
  {
    "type": "Feature",
    "geometry": {
       "type": "Point",
       "coordinates":  [ 121.5321044922,25.122428894 ]
    },
    "properties": {
    "機構名稱":"財團法人臺北市松年長春社會福利基金會(士林)",
    "機構代碼":"BD0100016",
    "機構種類":"BD",
    "縣市":"臺北市",
    "區":"士林區",
    "地址全址":"臺北市士林區天山里中山北路七段122號3樓",
    "O_ABC":"C",
    "特約服務項目":"巷弄長照站"
    }
  },
  {
    "type": "Feature",
    "geometry": {
       "type": "Point",
       "coordinates":  [ 121.5427932739,24.9952831268 ]
    },
    "properties": {
    "機構名稱":"財團法人臺北市松年長春社會福利基金會(景華)",
    "機構代碼":"BF0100153",
    "機構種類":"BF",
    "縣市":"臺北市",
    "區":"文山區",
    "地址全址":"臺北市文山區景華里景華街49巷1號",
    "O_ABC":"C",
    "特約服務項目":"巷弄長照站"
    }
  },
  {
    "type": "Feature",
    "geometry": {
       "type": "Point",
       "coordinates":  [ 121.5095901489,25.0649261475 ]
    },
    "properties": {
    "機構名稱":"財團法人臺北市松年長春社會福利基金會大橋教會",
    "機構代碼":"BD0100021",
    "機構種類":"BD",
    "縣市":"臺北市",
    "區":"大同區",
    "地址全址":"臺北市大同區景星里迪化街2段65號",
    "O_ABC":"C",
    "特約服務項目":"巷弄長照站"
    }
  },
  {
    "type": "Feature",
    "geometry": {
       "type": "Point",
       "coordinates":  [ 121.536277771,25.101644516 ]
    },
    "properties": {
    "機構名稱":"財團法人臺北市華夏婦女文教基金會",
    "機構代碼":"BD0100020",
    "機構種類":"BD",
    "縣市":"臺北市",
    "區":"士林區",
    "地址全址":"臺北市士林區岩山里至誠路1段62巷28號",
    "O_ABC":"C",
    "特約服務項目":"巷弄長照站"
    }
  },
  {
    "type": "Feature",
    "geometry": {
       "type": "Point",
       "coordinates":  [ 121.528503418,25.0329818726 ]
    },
    "properties": {
    "機構名稱":"財團法人臺北市阿瑪社會福利慈善事業基金會",
    "機構代碼":"BD0100060",
    "機構種類":"BD",
    "縣市":"臺北市",
    "區":"大安區",
    "地址全址":"臺北市大安區永康里信義路二段148巷6號1樓",
    "O_ABC":"C",
    "特約服務項目":"巷弄長照站"
    }
  },
  {
    "type": "Feature",
    "geometry": {
       "type": "Point",
       "coordinates":  [ 121.5480194092,25.047039032 ]
    },
    "properties": {
    "機構名稱":"財團法人臺安基金會(基督復臨安息日會松山教會)",
    "機構代碼":"BF0100175",
    "機構種類":"BF",
    "縣市":"臺北市",
    "區":"松山區",
    "地址全址":"臺北市松山區福成里敦化南路一段78號",
    "O_ABC":"C",
    "特約服務項目":"巷弄長照站"
    }
  },
  {
    "type": "Feature",
    "geometry": {
       "type": "Point",
       "coordinates":  [ 121.4980392456,25.0368881226 ]
    },
    "properties": {
    "機構名稱":"財團法人臺灣省私立臺北仁濟院附設仁濟醫院附設居家護理所",
    "機構代碼":"B10100020",
    "機構種類":"B1",
    "縣市":"臺北市",
    "區":"萬華區",
    "地址全址":"臺北市萬華區青山里廣州街243號",
    "O_ABC":"B",
    "特約服務項目":"專業照護服務"
    }
  },
  {
    "type": "Feature",
    "geometry": {
       "type": "Point",
       "coordinates":  [ 121.5330047607,25.1258602142 ]
    },
    "properties": {
    "機構名稱":"財團法人陽明山基督教天母禮拜堂",
    "機構代碼":"BD0100064",
    "機構種類":"BD",
    "縣市":"臺北市",
    "區":"士林區",
    "地址全址":"臺北市士林區天母里中山北路7段216巷1號1樓",
    "O_ABC":"C",
    "特約服務項目":"巷弄長照站"
    }
  },
  {
    "type": "Feature",
    "geometry": {
       "type": "Point",
       "coordinates":  [ 121.5585250854,25.0357112885 ]
    },
    "properties": {
    "機構名稱":"財團法人雙福社會福利慈善事業基金會(信義社區照顧關懷據點)",
    "機構代碼":"BD0100095",
    "機構種類":"BD",
    "縣市":"臺北市",
    "區":"信義區",
    "地址全址":"臺北市信義區光復南路443巷9號",
    "O_ABC":"B",
    "特約服務項目":"喘息服務"
    }
  },
  {
    "type": "Feature",
    "geometry": {
       "type": "Point",
       "coordinates":  [ 121.5577087402,25.0507087708 ]
    },
    "properties": {
    "機構名稱":"財團法人雙福社會福利慈善事業基金會(蒙恩)",
    "機構代碼":"BD0100076",
    "機構種類":"BD",
    "縣市":"臺北市",
    "區":"松山區",
    "地址全址":"臺北市松山區復勢里光復北路112號8樓",
    "O_ABC":"C",
    "特約服務項目":"巷弄長照站"
    }
  },
  {
    "type": "Feature",
    "geometry": {
       "type": "Point",
       "coordinates":  [ 121.5585327148,25.0357131958 ]
    },
    "properties": {
    "機構名稱":"財團法人雙福社會福利慈善事業基金會信義據點",
    "機構代碼":"BD0100049",
    "機構種類":"BD",
    "縣市":"臺北市",
    "區":"信義區",
    "地址全址":"臺北市信義區正和里光復南路443巷9號",
    "O_ABC":"C",
    "特約服務項目":"巷弄長照站"
    }
  },
  {
    "type": "Feature",
    "geometry": {
       "type": "Point",
       "coordinates":  [ 121.5934143066,25.0572185516 ]
    },
    "properties": {
    "機構名稱":"財團法人高雄市私立聖和社會福利慈善事業基金會附設臺北市私立小彎社區長照機構",
    "機構代碼":"2S0100030",
    "機構種類":"2",
    "縣市":"臺北市",
    "區":"南港區",
    "地址全址":"臺北市南港區向陽路248號1樓",
    "O_ABC":"B",
    "特約服務項目":"喘息服務;小規模多機能服務"
    }
  },
  {
    "type": "Feature",
    "geometry": {
       "type": "Point",
       "coordinates":  [ 121.5454864502,25.0335330963 ]
    },
    "properties": {
    "機構名稱":"起辰物理治療所",
    "機構代碼":"B40100021",
    "機構種類":"B4",
    "縣市":"臺北市",
    "區":"大安區",
    "地址全址":"臺北市大安區信義路四段65號3樓",
    "O_ABC":"B",
    "特約服務項目":"專業照護服務"
    }
  },
  {
    "type": "Feature",
    "geometry": {
       "type": "Point",
       "coordinates":  [ 121.5113983154,25.0866203308 ]
    },
    "properties": {
    "機構名稱":"跑居家物理治療所",
    "機構代碼":"B40100003",
    "機構種類":"B4",
    "縣市":"臺北市",
    "區":"士林區",
    "地址全址":"臺北市士林區葫東里重慶北路四段248號",
    "O_ABC":"B",
    "特約服務項目":"專業照護服務(CC01);專業照護服務"
    }
  },
  {
    "type": "Feature",
    "geometry": {
       "type": "Point",
       "coordinates":  [ 121.5458450317,25.0264434814 ]
    },
    "properties": {
    "機構名稱":"辰信健康有限公司附設臺北市私立辰信居家長照機構",
    "機構代碼":"1V0100036",
    "機構種類":"1",
    "縣市":"臺北市",
    "區":"大安區",
    "地址全址":"臺北市大安區群英里四維路198巷30弄10號2樓",
    "O_ABC":"B",
    "特約服務項目":"喘息服務;居家服務"
    }
  },
  {
    "type": "Feature",
    "geometry": {
       "type": "Point",
       "coordinates":  [ 121.5351104736,25.0522155762 ]
    },
    "properties": {
    "機構名稱":"辰逸有限公司附設臺北市私立辰逸居家長照機構",
    "機構代碼":"1V0100039",
    "機構種類":"1",
    "縣市":"臺北市",
    "區":"中山區",
    "地址全址":"臺北市中山區中央里南京東路2段137號14樓(118室)",
    "O_ABC":"B",
    "特約服務項目":"居家服務"
    }
  },
  {
    "type": "Feature",
    "geometry": {
       "type": "Point",
       "coordinates":  [ 121.5312271118,25.0612506866 ]
    },
    "properties": {
    "機構名稱":"連邦物理治療所",
    "機構代碼":"B40100034",
    "機構種類":"B4",
    "縣市":"臺北市",
    "區":"松山區",
    "地址全址":"臺北市松山區南京東路四段52巷11號1樓",
    "O_ABC":"B",
    "特約服務項目":"專業照護服務"
    }
  },
  {
    "type": "Feature",
    "geometry": {
       "type": "Point",
       "coordinates":  [ 121.529914856,25.0289611816 ]
    },
    "properties": {
    "機構名稱":"逸居股份有限公司附設臺北市私立幸福時光居家長照機構",
    "機構代碼":"1V0100014",
    "機構種類":"1",
    "縣市":"臺北市",
    "區":"大安區",
    "地址全址":"臺北市大安區錦安里永康街75巷1號1樓",
    "O_ABC":"B",
    "特約服務項目":"喘息服務;居家服務"
    }
  },
  {
    "type": "Feature",
    "geometry": {
       "type": "Point",
       "coordinates":  [ 121.5272903442,25.0971851349 ]
    },
    "properties": {
    "機構名稱":"逸滿心有限公司附設臺北市私立逸滿心社區長照機構",
    "機構代碼":"2R0100015",
    "機構種類":"2",
    "縣市":"臺北市",
    "區":"士林區",
    "地址全址":"臺北市士林區中山北路5段687號3樓之1",
    "O_ABC":"B",
    "特約服務項目":"喘息服務;日間照顧服務"
    }
  },
  {
    "type": "Feature",
    "geometry": {
       "type": "Point",
       "coordinates":  [ 121.5584793091,24.9838962555 ]
    },
    "properties": {
    "機構名稱":"遠曜居家有限公司附設臺北市私立我在居家長照機構",
    "機構代碼":"1V0100059",
    "機構種類":"1",
    "縣市":"臺北市",
    "區":"文山區",
    "地址全址":"臺北市文山區忠順街一段16號1樓",
    "O_ABC":"B",
    "特約服務項目":"喘息服務;居家服務"
    }
  },
  {
    "type": "Feature",
    "geometry": {
       "type": "Point",
       "coordinates":  [ 121.550567627,25.0411453247 ]
    },
    "properties": {
    "機構名稱":"適健復健科診所",
    "機構代碼":"B20100004",
    "機構種類":"B2",
    "縣市":"臺北市",
    "區":"大安區",
    "地址全址":"臺北市大安區建倫里忠孝東路四段166號",
    "O_ABC":"B",
    "特約服務項目":"專業照護服務;居家失能個案家庭醫師照護服務"
    }
  },
  {
    "type": "Feature",
    "geometry": {
       "type": "Point",
       "coordinates":  [ 121.5504989624,25.0412807465 ]
    },
    "properties": {
    "機構名稱":"適健復健科診所",
    "機構代碼":"B20100107",
    "機構種類":"B2",
    "縣市":"臺北市",
    "區":"大安區",
    "地址全址":"臺北市大安區忠孝東路四段166號8樓",
    "O_ABC":"B",
    "特約服務項目":"居家失能個案家庭醫師照護服務;專業照護服務"
    }
  },
  {
    "type": "Feature",
    "geometry": {
       "type": "Point",
       "coordinates":  [ 121.5843048096,25.0787162781 ]
    },
    "properties": {
    "機構名稱":"適康復健科診所",
    "機構代碼":"B20100035",
    "機構種類":"B2",
    "縣市":"臺北市",
    "區":"內湖區",
    "地址全址":"臺北市內湖區文德路141號",
    "O_ABC":"B",
    "特約服務項目":"專業照護服務"
    }
  },
  {
    "type": "Feature",
    "geometry": {
       "type": "Point",
       "coordinates":  [ 121.5401916504,25.0531959534 ]
    },
    "properties": {
    "機構名稱":"適悅物理治療所",
    "機構代碼":"B40100007",
    "機構種類":"B4",
    "縣市":"臺北市",
    "區":"中山區",
    "地址全址":"臺北市中山區龍江路114巷1號",
    "O_ABC":"B",
    "特約服務項目":"專業照護服務"
    }
  },
  {
    "type": "Feature",
    "geometry": {
       "type": "Point",
       "coordinates":  [ 121.5426940918,25.0357036591 ]
    },
    "properties": {
    "機構名稱":"適群健康事業有限公司附設臺北市私立頤家社區長照機構",
    "機構代碼":"2X0100015",
    "機構種類":"2",
    "縣市":"臺北市",
    "區":"大安區",
    "地址全址":"臺北市大安區和安里信義路三段147巷17弄5號1樓",
    "O_ABC":"B",
    "特約服務項目":"日間照顧服務"
    }
  },
  {
    "type": "Feature",
    "geometry": {
       "type": "Point",
       "coordinates":  [ 121.5456542969,25.0265579224 ]
    },
    "properties": {
    "機構名稱":"適群居家物理治療所",
    "機構代碼":"B40100031",
    "機構種類":"B4",
    "縣市":"臺北市",
    "區":"大安區",
    "地址全址":"臺北市大安區四維路198巷38弄8號2樓之4",
    "O_ABC":"B",
    "特約服務項目":"專業照護服務"
    }
  },
  {
    "type": "Feature",
    "geometry": {
       "type": "Point",
       "coordinates":  [ 121.5625305176,25.0580673218 ]
    },
    "properties": {
    "機構名稱":"醫時代股份有限公司附設臺北市私立醫時代民生社區長照機構",
    "機構代碼":"2R0100022",
    "機構種類":"2",
    "縣市":"臺北市",
    "區":"松山區",
    "地址全址":"臺北市松山區三民路113巷10號及12號",
    "O_ABC":"B",
    "特約服務項目":"喘息服務;日間照顧服務"
    }
  },
  {
    "type": "Feature",
    "geometry": {
       "type": "Point",
       "coordinates":  [ 121.5627441406,25.0328350067 ]
    },
    "properties": {
    "機構名稱":"采鋐整合行銷股份有限公司附設臺北市私立采鋐照護伴隨居家長照機構",
    "機構代碼":"1R0100067",
    "機構種類":"1",
    "縣市":"臺北市",
    "區":"信義區",
    "地址全址":"臺北市信義區西村里臺北市信義區信義路5段5號2樓2B21及2B22室",
    "O_ABC":"B",
    "特約服務項目":"居家服務"
    }
  },
  {
    "type": "Feature",
    "geometry": {
       "type": "Point",
       "coordinates":  [ 121.5723419189,25.0457458496 ]
    },
    "properties": {
    "機構名稱":"金品頤園股份有限公司附設臺北市私立永吉社區長照機構",
    "機構代碼":"2R0100023",
    "機構種類":"2",
    "縣市":"臺北市",
    "區":"信義區",
    "地址全址":"臺北市信義區永吉路185號2樓及臺北市信義區松信路87號2樓",
    "O_ABC":"B",
    "特約服務項目":"日間照顧服務"
    }
  },
  {
    "type": "Feature",
    "geometry": {
       "type": "Point",
       "coordinates":  [ 121.5338516235,25.0546913147 ]
    },
    "properties": {
    "機構名稱":"金旺租賃有限公司",
    "機構代碼":"BA0100026",
    "機構種類":"BA",
    "縣市":"臺北市",
    "區":"中山區",
    "地址全址":"臺北市中山區長春路172號7樓之8",
    "O_ABC":"B",
    "特約服務項目":"交通接送服務(DA01)"
    }
  },
  {
    "type": "Feature",
    "geometry": {
       "type": "Point",
       "coordinates":  [ 121.5338516235,25.0546913147 ]
    },
    "properties": {
    "機構名稱":"金永國際租賃有限公司",
    "機構代碼":"BA0100019",
    "機構種類":"BA",
    "縣市":"臺北市",
    "區":"中山區",
    "地址全址":"臺北市中山區長春路172號8樓之11",
    "O_ABC":"B",
    "特約服務項目":"交通接送服務(DA01);社區式交通接送服務(BD03)"
    }
  },
  {
    "type": "Feature",
    "geometry": {
       "type": "Point",
       "coordinates":  [ 121.5085296631,25.0413341522 ]
    },
    "properties": {
    "機構名稱":"鈺沁居家護理所",
    "機構代碼":"B10100057",
    "機構種類":"B1",
    "縣市":"臺北市",
    "區":"中正區",
    "地址全址":"臺北市中正區中華路一段59號3樓之6",
    "O_ABC":"B",
    "特約服務項目":"專業照護服務"
    }
  },
  {
    "type": "Feature",
    "geometry": {
       "type": "Point",
       "coordinates":  [ 121.5164108276,25.0627498627 ]
    },
    "properties": {
    "機構名稱":"銀享全球股份有限公司附設臺北市私立銀享居家長照機構",
    "機構代碼":"1R0100032",
    "機構種類":"1",
    "縣市":"臺北市",
    "區":"大同區",
    "地址全址":"臺北市大同區民權西路136號16樓之7",
    "O_ABC":"B",
    "特約服務項目":"居家服務;喘息服務"
    }
  },
  {
    "type": "Feature",
    "geometry": {
       "type": "Point",
       "coordinates":  [ 121.5255355835,25.0444889069 ]
    },
    "properties": {
    "機構名稱":"長安健照事業股份有限公司附設臺北市私立長安健照事業居家長照機構",
    "機構代碼":"1V0100037",
    "機構種類":"1",
    "縣市":"臺北市",
    "區":"中正區",
    "地址全址":"臺北市中正區梅花里忠孝東路1段35號10樓D室",
    "O_ABC":"B",
    "特約服務項目":"居家服務;喘息服務"
    }
  },
  {
    "type": "Feature",
    "geometry": {
       "type": "Point",
       "coordinates":  [ 121.5323638916,25.0483627319 ]
    },
    "properties": {
    "機構名稱":"長安東診所",
    "機構代碼":"B20100114",
    "機構種類":"B2",
    "縣市":"臺北市",
    "區":"中山區",
    "地址全址":"臺北市中山區長安東路2段50之2號1樓",
    "O_ABC":"B",
    "特約服務項目":"居家失能個案家庭醫師照護服務"
    }
  },
  {
    "type": "Feature",
    "geometry": {
       "type": "Point",
       "coordinates":  [ 121.5433959961,25.0349349976 ]
    },
    "properties": {
    "機構名稱":"長耘股份有限公司附設臺北市私立協樂居家長照機構",
    "機構代碼":"1R0100073",
    "機構種類":"1",
    "縣市":"臺北市",
    "區":"大安區",
    "地址全址":"臺北市大安區和安里復興南路一段368號13樓（F1303室）",
    "O_ABC":"B",
    "特約服務項目":"喘息服務;居家服務"
    }
  },
  {
    "type": "Feature",
    "geometry": {
       "type": "Point",
       "coordinates":  [ 121.5218353271,25.0424175262 ]
    },
    "properties": {
    "機構名稱":"開南學校財團法人臺北市開南高級中等學校附設臺北市私立開南社區式長照機構",
    "機構代碼":"2Y0100001",
    "機構種類":"2",
    "縣市":"臺北市",
    "區":"中正區",
    "地址全址":"臺北市中正區濟南路1段6號1樓",
    "O_ABC":"B",
    "特約服務項目":"日間照顧服務"
    }
  },
  {
    "type": "Feature",
    "geometry": {
       "type": "Point",
       "coordinates":  [ 121.5187225342,25.1089248657 ]
    },
    "properties": {
    "機構名稱":"陳珀勳診所",
    "機構代碼":"B20100109",
    "機構種類":"B2",
    "縣市":"臺北市",
    "區":"北投區",
    "地址全址":"臺北市北投區明德路85號1樓",
    "O_ABC":"B",
    "特約服務項目":"居家失能個案家庭醫師照護服務"
    }
  },
  {
    "type": "Feature",
    "geometry": {
       "type": "Point",
       "coordinates":  [ 121.5218582153,25.1186771393 ]
    },
    "properties": {
    "機構名稱":"陽光居家呼吸照護所",
    "機構代碼":"B80100003",
    "機構種類":"B8",
    "縣市":"臺北市",
    "區":"北投區",
    "地址全址":"臺北市北投區振興街3號1樓",
    "O_ABC":"B",
    "特約服務項目":"專業照護服務"
    }
  },
  {
    "type": "Feature",
    "geometry": {
       "type": "Point",
       "coordinates":  [ 121.5229492188,25.0678920746 ]
    },
    "properties": {
    "機構名稱":"雲朵實業股份有限公司附設臺北市私立太陽社區長照機構",
    "機構代碼":"2V0100009",
    "機構種類":"2",
    "縣市":"臺北市",
    "區":"中山區",
    "地址全址":"臺北市中山區中山北路三段53-4號5樓",
    "O_ABC":"B",
    "特約服務項目":"日間照顧服務"
    }
  },
  {
    "type": "Feature",
    "geometry": {
       "type": "Point",
       "coordinates":  [ 121.5819702148,25.0472793579 ]
    },
    "properties": {
    "機構名稱":"靜安健康股份有限公司附設臺北市私立智慧健康社區長照機構",
    "機構代碼":"2S0100035",
    "機構種類":"2",
    "縣市":"臺北市",
    "區":"南港區",
    "地址全址":"臺北市南港區玉成街89號1樓",
    "O_ABC":"B",
    "特約服務項目":"社區式交通接送服務(BD03);日間照顧服務"
    }
  },
  {
    "type": "Feature",
    "geometry": {
       "type": "Point",
       "coordinates":  [ 121.5821914673,25.0474319458 ]
    },
    "properties": {
    "機構名稱":"靜安健康股份有限公司附設臺北市私立靜安健康居家長照機構",
    "機構代碼":"1R0100061",
    "機構種類":"1",
    "縣市":"臺北市",
    "區":"南港區",
    "地址全址":"臺北市南港區玉成街89之1號1樓",
    "O_ABC":"B",
    "特約服務項目":"喘息服務;居家服務"
    }
  },
  {
    "type": "Feature",
    "geometry": {
       "type": "Point",
       "coordinates":  [ 121.5895614624,25.0718383789 ]
    },
    "properties": {
    "機構名稱":"順康儀器有限公司",
    "機構代碼":"BB0100007",
    "機構種類":"BB",
    "縣市":"臺北市",
    "區":"內湖區",
    "地址全址":"臺北市內湖區湖興里成功路二段440號",
    "O_ABC":"B",
    "特約服務項目":"輔具及居家無障礙環境服務"
    }
  },
  {
    "type": "Feature",
    "geometry": {
       "type": "Point",
       "coordinates":  [ 121.5126190186,25.0838489532 ]
    },
    "properties": {
    "機構名稱":"頤園護理之家",
    "機構代碼":"A30100001",
    "機構種類":"A3",
    "縣市":"臺北市",
    "區":"士林區",
    "地址全址":"臺北市士林區重慶北路4段138、140、142號1-4樓",
    "O_ABC":"B",
    "特約服務項目":"喘息服務"
    }
  },
  {
    "type": "Feature",
    "geometry": {
       "type": "Point",
       "coordinates":  [ 121.5105133057,25.0523643494 ]
    },
    "properties": {
    "機構名稱":"馨瀅股份有限公司附設私立馨瀅居家長照機構",
    "機構代碼":"1V0100023",
    "機構種類":"1",
    "縣市":"臺北市",
    "區":"大同區",
    "地址全址":"臺北市大同區永樂里迪化街一段149號3樓",
    "O_ABC":"B",
    "特約服務項目":"喘息服務;居家服務"
    }
  },
  {
    "type": "Feature",
    "geometry": {
       "type": "Point",
       "coordinates":  [ 121.5229187012,25.0823059082 ]
    },
    "properties": {
    "機構名稱":"鴻源長期照顧股份有限公司附設臺北市私立旭樂居家長照機構",
    "機構代碼":"1R0100033",
    "機構種類":"1",
    "縣市":"臺北市",
    "區":"士林區",
    "地址全址":"臺北市士林區承德里承德路四段80巷2號3樓",
    "O_ABC":"B",
    "特約服務項目":"居家服務;喘息服務"
    }
  },
  {
    "type": "Feature",
    "geometry": {
       "type": "Point",
       "coordinates":  [ 121.5073318481,25.0846652985 ]
    },
    "properties": {
    "機構名稱":"鴻養銀髮事業股份有限公司附設臺北市私立常耕居家長照機構",
    "機構代碼":"1R0100056",
    "機構種類":"1",
    "縣市":"臺北市",
    "區":"大同區",
    "地址全址":"臺北市大同區酒泉街102號2樓",
    "O_ABC":"B",
    "特約服務項目":"居家服務;喘息服務"
    }
  },
  {
    "type": "Feature",
    "geometry": {
       "type": "Point",
       "coordinates":  [ 121.5023193359,25.0413570404 ]
    },
    "properties": {
    "機構名稱":"齡活長照股份有限公司附設臺北市私立齡活萬華社區長照機構",
    "機構代碼":"2R0100025",
    "機構種類":"2",
    "縣市":"臺北市",
    "區":"萬華區",
    "地址全址":"臺北市萬華區康定路43號2樓",
    "O_ABC":"B",
    "特約服務項目":"日間照顧服務"
    }
  },
  {
    "type": "Feature",
    "geometry": {
       "type": "Point",
       "coordinates":  [ 121.5004196167,25.0243263245 ]
    },
    "properties": {
    "機構名稱":"龍騰長期照護有限公司附設臺北市私立童馨園居家長照機構",
    "機構代碼":"1R0100075",
    "機構種類":"1",
    "縣市":"臺北市",
    "區":"萬華區",
    "地址全址":"臺北市萬華區萬大路323號7樓（705室）",
    "O_ABC":"B",
    "特約服務項目":"喘息服務;居家服務"
    }
  }
]
}