{"type" : "FeatureCollection", "features" : [{"type" : "Feature", "geometry" : {"type":"Point","coordinates":[121.448618091,25.032703122]}, "properties" : {"name" : "鴻輝食品廠", "address" : "新北市新莊區新莊路四九三巷四弄一一號", "reg_no" : "99611344", "data_time" : "2023-07-31"}}, {"type" : "Feature", "geometry" : {"type":"Point","coordinates":[121.467221414,25.049902971]}, "properties" : {"name" : "廣達香食品股份有限公司", "address" : "新北市新莊區化成路三八二巷一八號", "reg_no" : "99604192", "data_time" : "2023-07-31"}}, {"type" : "Feature", "geometry" : {"type":"Point","coordinates":[121.460503815,25.010112504]}, "properties" : {"name" : "順發糧食行", "address" : "新北市板橋區縣民大道一段二八一號", "reg_no" : "99613990", "data_time" : "2023-07-31"}}, {"type" : "Feature", "geometry" : {"type":"Point","coordinates":[121.465686254,25.04674181]}, "properties" : {"name" : "台灣塩野香料股份有限公司", "address" : "新北市新莊區化成路二一九號", "reg_no" : "99600477", "data_time" : "2023-07-31"}}, {"type" : "Feature", "geometry" : {"type":"Point","coordinates":[121.431057251,25.014029097]}, "properties" : {"name" : "圓金釀造食品股份有限公司", "address" : "新北市新莊區新樹路二六八巷二二號", "reg_no" : "99606467", "data_time" : "2023-07-31"}}, {"type" : "Feature", "geometry" : {"type":"Point","coordinates":[121.51255273,25.011336273]}, "properties" : {"name" : "永芳醬園股份有限公司", "address" : "新北市永和區仁愛路一四一巷五二號", "reg_no" : "99605140", "data_time" : "2023-07-31"}}, {"type" : "Feature", "geometry" : {"type":"Point","coordinates":[121.48972476,25.07527123]}, "properties" : {"name" : "強生化學製藥廠股份有限公司", "address" : "新北市三重區三和路4段77號2、3樓、79號1至6樓", "reg_no" : "99606303", "data_time" : "2023-07-31"}}, {"type" : "Feature", "geometry" : {"type":"Point","coordinates":[121.443662753,25.169665347]}, "properties" : {"name" : "大德製冰廠", "address" : "新北市淡水區中正路二巷一號", "reg_no" : "99618950", "data_time" : "2023-07-31"}}, {"type" : "Feature", "geometry" : {"type":"Point","coordinates":[121.434918096,24.909289319]}, "properties" : {"name" : "臺灣農林股份有限公司北區分公司", "address" : "新北市三峽區竹崙路140號", "reg_no" : "99615941", "data_time" : "2023-07-31"}}, {"type" : "Feature", "geometry" : {"type":"Point","coordinates":[121.390728528,24.956313258]}, "properties" : {"name" : "新成春碾米廠", "address" : "新北市樹林區柑園街一段三四五號", "reg_no" : "99689303", "data_time" : "2023-07-31"}}, {"type" : "Feature", "geometry" : {"type":"Point","coordinates":[121.343586243,24.945539602]}, "properties" : {"name" : "建興豆皮工廠", "address" : "新北市鶯歌區黃厝街３１巷１７號", "reg_no" : "99615451", "data_time" : "2023-07-31"}}, {"type" : "Feature", "geometry" : {"type":"Point","coordinates":[121.343699813,24.947112952]}, "properties" : {"name" : "永順豆皮工廠", "address" : "新北市鶯歌區尖山路二０四號", "reg_no" : "99689798", "data_time" : "2023-07-31"}}, {"type" : "Feature", "geometry" : {"type":"Point","coordinates":[121.457548356,25.036794474]}, "properties" : {"name" : "華泰行食品工廠", "address" : "新北市新莊區新莊路六七、六九號", "reg_no" : "99606385", "data_time" : "2023-07-31"}}, {"type" : "Feature", "geometry" : {"type":"Point","coordinates":[121.455691612,25.035897576]}, "properties" : {"name" : "翁裕美商行", "address" : "新北市新莊區新莊路128號", "reg_no" : "99610825", "data_time" : "2023-07-31"}}, {"type" : "Feature", "geometry" : {"type":"Point","coordinates":[121.637415042,25.22195996]}, "properties" : {"name" : "集發米廠", "address" : "新北市金山區美田里中山路218號", "reg_no" : "99690225", "data_time" : "2023-07-31"}}, {"type" : "Feature", "geometry" : {"type":"Point","coordinates":[121.440496839,25.169900253]}, "properties" : {"name" : "和利碾米工廠", "address" : "新北市淡水區中正路一七０號", "reg_no" : "99619195", "data_time" : "2023-07-31"}}, {"type" : "Feature", "geometry" : {"type":"Point","coordinates":[121.492913618,25.002205746]}, "properties" : {"name" : "桂冠實業股份有限公司中和一廠", "address" : "新北市中和區中山路二段三二九號", "reg_no" : "99616659", "data_time" : "2023-07-31"}}, {"type" : "Feature", "geometry" : {"type":"Point","coordinates":[121.471968996,25.0595944]}, "properties" : {"name" : "建豐實業股份有限公司二重工廠", "address" : "新北市三重區光復路二段一四０號", "reg_no" : "99613703", "data_time" : "2023-07-31"}}, {"type" : "Feature", "geometry" : {"type":"Point","coordinates":[121.53042324,24.950713323]}, "properties" : {"name" : "林源昌蔴油食品有限公司", "address" : "新北市新店區永業路96號", "reg_no" : "99619056", "data_time" : "2023-07-31"}}, {"type" : "Feature", "geometry" : {"type":"Point","coordinates":[121.470172349,25.016654309]}, "properties" : {"name" : "信成油廠股份有限公司板橋分廠", "address" : "新北市板橋區觀光街五八號", "reg_no" : "99617209", "data_time" : "2023-07-31"}}, {"type" : "Feature", "geometry" : {"type":"Point","coordinates":[121.464909921,25.049603268]}, "properties" : {"name" : "新合記實業有限公司", "address" : "新北市新莊區幸福東路六０號", "reg_no" : "99610362", "data_time" : "2023-07-31"}}, {"type" : "Feature", "geometry" : {"type":"Point","coordinates":[121.454637347,25.005206488]}, "properties" : {"name" : "傳貴豆皮工廠", "address" : "新北市板橋區南雅南路一段四巷一六號", "reg_no" : "99618617", "data_time" : "2023-07-31"}}, {"type" : "Feature", "geometry" : {"type":"Point","coordinates":[121.629418295,25.003510004]}, "properties" : {"name" : "樂口福食品股份有限公司深坑工廠", "address" : "新北市深坑區文山路1段33號", "reg_no" : "99600358", "data_time" : "2023-07-31"}}, {"type" : "Feature", "geometry" : {"type":"Point","coordinates":[121.500952239,25.257721298]}, "properties" : {"name" : "南亞茶業股份有限公司", "address" : "新北市三芝區橫山路一三之一號", "reg_no" : "99689894", "data_time" : "2023-07-31"}}, {"type" : "Feature", "geometry" : {"type":"Point","coordinates":[121.466049494,25.023243817]}, "properties" : {"name" : "天興豆腐店", "address" : "新北市板橋區文化路一段四二一巷二七號", "reg_no" : "99689352", "data_time" : "2023-07-31"}}, {"type" : "Feature", "geometry" : {"type":"Point","coordinates":[121.781552516,25.100189687]}, "properties" : {"name" : "鴻明冷凍食品股份有限公司", "address" : "新北市瑞芳區大寮路八四號", "reg_no" : "99690131", "data_time" : "2023-07-31"}}, {"type" : "Feature", "geometry" : {"type":"Point","coordinates":[121.430263679,25.029462417]}, "properties" : {"name" : "濟生股份有限公司", "address" : "新北市新莊區福營路二二七巷二三號", "reg_no" : "99612784", "data_time" : "2023-07-31"}}, {"type" : "Feature", "geometry" : {"type":"Point","coordinates":[121.463051381,25.05808657]}, "properties" : {"name" : "永利油廠有限公司", "address" : "新北市新莊區化成路三八九巷六六號", "reg_no" : "99610191", "data_time" : "2023-07-31"}}, {"type" : "Feature", "geometry" : {"type":"Point","coordinates":[121.421329273,25.033469663]}, "properties" : {"name" : "富記食品有限公司泰山廠", "address" : "新北市泰山區貴和里貴陽街五號", "reg_no" : "99615544", "data_time" : "2023-07-31"}}, {"type" : "Feature", "geometry" : {"type":"Point","coordinates":[121.460220579,25.045733106]}, "properties" : {"name" : "中立食品工業股份有限公司", "address" : "新北市新莊區思源路九二號", "reg_no" : "99610549", "data_time" : "2023-07-31"}}, {"type" : "Feature", "geometry" : {"type":"Point","coordinates":[121.442810687,24.972570976]}, "properties" : {"name" : "鮮太王食品工業股份有限公司", "address" : "新北市土城區工業區大同街一五之一號", "reg_no" : "99603189", "data_time" : "2023-07-31"}}, {"type" : "Feature", "geometry" : {"type":"Point","coordinates":[121.462301784,25.039304132]}, "properties" : {"name" : "振記冷藏股份有限公司", "address" : "新北市新莊區中正路六一巷三號", "reg_no" : "99605752", "data_time" : "2023-07-31"}}, {"type" : "Feature", "geometry" : {"type":"Point","coordinates":[121.491460253,24.996599132]}, "properties" : {"name" : "德合豆沙工廠", "address" : "新北市中和區連城路二一六、二一八號", "reg_no" : "99617720", "data_time" : "2023-07-31"}}, {"type" : "Feature", "geometry" : {"type":"Point","coordinates":[121.460727574,24.992165837]}, "properties" : {"name" : "三順冷凍有限公司", "address" : "新北市板橋區干城路一五九號", "reg_no" : "99606653", "data_time" : "2023-07-31"}}, {"type" : "Feature", "geometry" : {"type":"Point","coordinates":[121.481940112,25.203718435]}, "properties" : {"name" : "有豐食品股份有限公司淡水廠", "address" : "新北市淡水區椿子林二０之一號", "reg_no" : "99606991", "data_time" : "2023-07-31"}}, {"type" : "Feature", "geometry" : {"type":"Point","coordinates":[121.464442378,25.058387981]}, "properties" : {"name" : "樺興化學工業有限公司", "address" : "新北市新莊區化成路389巷18號", "reg_no" : "99610519", "data_time" : "2023-07-31"}}, {"type" : "Feature", "geometry" : {"type":"Point","coordinates":[121.47557549,25.156336847]}, "properties" : {"name" : "文興食品工業股份有限公司淡水廠", "address" : "新北市淡水區坪頂里小平頂二三之一二號", "reg_no" : "99690093", "data_time" : "2023-07-31"}}, {"type" : "Feature", "geometry" : {"type":"Point","coordinates":[121.460860772,25.199915313]}, "properties" : {"name" : "大醇食品股份有限公司", "address" : "新北市淡水區行忠路328號", "reg_no" : "99600313", "data_time" : "2023-07-31"}}, {"type" : "Feature", "geometry" : {"type":"Point","coordinates":[121.477012357,25.016088685]}, "properties" : {"name" : "代岱食品工廠", "address" : "新北市板橋區中山路二段一四八巷三四號", "reg_no" : "99609940", "data_time" : "2023-07-31"}}, {"type" : "Feature", "geometry" : {"type":"Point","coordinates":[121.467694186,25.056477786]}, "properties" : {"name" : "台研食品有限公司", "address" : "新北市三重區中興北街一五０巷三一號", "reg_no" : "99604829", "data_time" : "2023-07-31"}}, {"type" : "Feature", "geometry" : {"type":"Point","coordinates":[121.419129596,25.016647597]}, "properties" : {"name" : "寶龍食品廠有限公司", "address" : "新北市樹林區三俊街一五九巷三五號", "reg_no" : "99610486", "data_time" : "2023-07-31"}}, {"type" : "Feature", "geometry" : {"type":"Point","coordinates":[121.483371742,25.212739648]}, "properties" : {"name" : "台灣留蘭香股份有限公司大屯廠", "address" : "新北市淡水區小坑子頭5之1號", "reg_no" : "99617087", "data_time" : "2023-07-31"}}, {"type" : "Feature", "geometry" : {"type":"Point","coordinates":[121.64345252,25.080825539]}, "properties" : {"name" : "振源食品科技股份有限公司", "address" : "新北市汐止區八連路一段七八巷一號", "reg_no" : "99689272", "data_time" : "2023-07-31"}}, {"type" : "Feature", "geometry" : {"type":"Point","coordinates":[121.415801337,24.964395391]}, "properties" : {"name" : "昌桔食品有限公司土城廠", "address" : "新北市土城區民權街14號", "reg_no" : "99600293", "data_time" : "2023-07-31"}}, {"type" : "Feature", "geometry" : {"type":"Point","coordinates":[121.414221846,25.015229518]}, "properties" : {"name" : "高印昌股份有限公司", "address" : "新北市樹林區三俊街九０巷六、八號", "reg_no" : "99614371", "data_time" : "2023-07-31"}}, {"type" : "Feature", "geometry" : {"type":"Point","coordinates":[121.486957304,25.004554786]}, "properties" : {"name" : "東鈴冷凍股份有限公司二廠", "address" : "新北市中和區中山路二段三八七號", "reg_no" : "99611707", "data_time" : "2023-07-31"}}, {"type" : "Feature", "geometry" : {"type":"Point","coordinates":[121.793011714,25.102052644]}, "properties" : {"name" : "華昇食品工廠股份有限公司", "address" : "新北市瑞芳區頂坪路一三五號", "reg_no" : "99600865", "data_time" : "2023-07-31"}}, {"type" : "Feature", "geometry" : {"type":"Point","coordinates":[121.393385277,24.969325774]}, "properties" : {"name" : "欣和興食品股份有限公司", "address" : "新北市樹林區佳園路一段90號", "reg_no" : "99608390", "data_time" : "2023-07-31"}}, {"type" : "Feature", "geometry" : {"type":"Point","coordinates":[121.495813747,24.998214627]}, "properties" : {"name" : "寒山物產商業有限公司", "address" : "新北市中和區安邦街一四號", "reg_no" : "99618736", "data_time" : "2023-07-31"}}, {"type" : "Feature", "geometry" : {"type":"Point","coordinates":[121.468343085,25.05318749]}, "properties" : {"name" : "松記食品工業有限公司", "address" : "新北市新莊區頭前路二巷七號", "reg_no" : "99611202", "data_time" : "2023-07-31"}}, {"type" : "Feature", "geometry" : {"type":"Point","coordinates":[121.460741727,25.045423258]}, "properties" : {"name" : "中立食品工業股份有限公司新莊二廠", "address" : "新北市新莊區思源路84巷5號", "reg_no" : "99610930", "data_time" : "2023-07-31"}}, {"type" : "Feature", "geometry" : {"type":"Point","coordinates":[121.468005115,25.052577046]}, "properties" : {"name" : "臺灣威化企業有限公司", "address" : "新北市新莊區頭前路一九號三樓", "reg_no" : "99601779", "data_time" : "2023-07-31"}}, {"type" : "Feature", "geometry" : {"type":"Point","coordinates":[121.421642697,25.033890341]}, "properties" : {"name" : "佑福食品有限公司", "address" : "新北市泰山區明志路三段四０七巷五號", "reg_no" : "99601668", "data_time" : "2023-07-31"}}, {"type" : "Feature", "geometry" : {"type":"Point","coordinates":[121.65391934,25.061233907]}, "properties" : {"name" : "雙氏企業有限公司", "address" : "新北市汐止區連興街一四八巷一號一樓", "reg_no" : "99605164", "data_time" : "2023-07-31"}}, {"type" : "Feature", "geometry" : {"type":"Point","coordinates":[121.79122475,25.097677125]}, "properties" : {"name" : "立基食品股份有限公司瑞芳一廠", "address" : "新北市瑞芳區頂坪路一二號", "reg_no" : "99602072", "data_time" : "2023-07-31"}}, {"type" : "Feature", "geometry" : {"type":"Point","coordinates":[121.47412249,24.979581565]}, "properties" : {"name" : "頂昌企業有限公司", "address" : "新北市土城區永豐路一九五巷二三號", "reg_no" : "99607109", "data_time" : "2023-07-31"}}, {"type" : "Feature", "geometry" : {"type":"Point","coordinates":[121.48054954,25.012252481]}, "properties" : {"name" : "智慧餅店", "address" : "新北市板橋區三民路二段二四五巷四弄一四號一樓", "reg_no" : "99690087", "data_time" : "2023-07-31"}}, {"type" : "Feature", "geometry" : {"type":"Point","coordinates":[121.483645339,24.944650904]}, "properties" : {"name" : "口洛佳食品實業有限公司", "address" : "新北市新店區安泰路六０巷九０弄七八號", "reg_no" : "99606737", "data_time" : "2023-07-31"}}, {"type" : "Feature", "geometry" : {"type":"Point","coordinates":[121.465351241,25.044128436]}, "properties" : {"name" : "三豐食品工廠", "address" : "新北市新莊區化成路一００之一號", "reg_no" : "99604702", "data_time" : "2023-07-31"}}, {"type" : "Feature", "geometry" : {"type":"Point","coordinates":[121.47040603,25.016430868]}, "properties" : {"name" : "吉美食品廠", "address" : "新北市板橋區觀光街六一號", "reg_no" : "99607282", "data_time" : "2023-07-31"}}, {"type" : "Feature", "geometry" : {"type":"Point","coordinates":[121.433996024,24.998040113]}, "properties" : {"name" : "伍弘實業有限公司", "address" : "新北市板橋區大觀路三段三六巷八九弄八號", "reg_no" : "99604376", "data_time" : "2023-07-31"}}, {"type" : "Feature", "geometry" : {"type":"Point","coordinates":[121.805362085,25.107758346]}, "properties" : {"name" : "金瑞珍糕餅店", "address" : "新北市瑞芳區中正路八八號", "reg_no" : "99689933", "data_time" : "2023-07-31"}}, {"type" : "Feature", "geometry" : {"type":"Point","coordinates":[121.490983504,25.003655822]}, "properties" : {"name" : "聯淳國際股份有限公司", "address" : "新北市中和區中山路二段三八０巷三號", "reg_no" : "99606854", "data_time" : "2023-07-31"}}, {"type" : "Feature", "geometry" : {"type":"Point","coordinates":[121.631934002,25.054792314]}, "properties" : {"name" : "上好食品廠有限公司", "address" : "新北市汐止區大同路一段一四六巷一二號", "reg_no" : "99619158", "data_time" : "2023-07-31"}}, {"type" : "Feature", "geometry" : {"type":"Point","coordinates":[121.489468146,25.076858363]}, "properties" : {"name" : "茄苳實業廠有限公司", "address" : "新北市三重區自強路四段三一巷八號一樓", "reg_no" : "99618202", "data_time" : "2023-07-31"}}, {"type" : "Feature", "geometry" : {"type":"Point","coordinates":[121.472965866,25.071771495]}, "properties" : {"name" : "達益食品工業股份有限公司大有廠", "address" : "新北市三重區中正北路三四三、三四五號", "reg_no" : "99604243", "data_time" : "2023-07-31"}}, {"type" : "Feature", "geometry" : {"type":"Point","coordinates":[121.487885627,25.058818118]}, "properties" : {"name" : "易成食品企業有限公司", "address" : "新北市三重區重陽路一段一一三巷一弄三九號", "reg_no" : "99612669", "data_time" : "2023-07-31"}}, {"type" : "Feature", "geometry" : {"type":"Point","coordinates":[121.400317194,24.936576021]}, "properties" : {"name" : "貴州醬業有限公司", "address" : "新北市三峽區橫溪路九九巷二六號", "reg_no" : "99603622", "data_time" : "2023-07-31"}}, {"type" : "Feature", "geometry" : {"type":"Point","coordinates":[121.435430768,24.97263841]}, "properties" : {"name" : "寶島油脂股份有限公司", "address" : "新北市土城區慶祥街一０二號", "reg_no" : "99603846", "data_time" : "2023-07-31"}}, {"type" : "Feature", "geometry" : {"type":"Point","coordinates":[121.446929153,25.176190616]}, "properties" : {"name" : "品良食品有限公司", "address" : "新北市淡水區學府路一九四、一九六號一樓", "reg_no" : "99604154", "data_time" : "2023-07-31"}}, {"type" : "Feature", "geometry" : {"type":"Point","coordinates":[121.48016615,25.011524317]}, "properties" : {"name" : "生豐食品廠有限公司", "address" : "新北市中和區中正路一二０六巷一九號一、二樓", "reg_no" : "99689149", "data_time" : "2023-07-31"}}, {"type" : "Feature", "geometry" : {"type":"Point","coordinates":[121.341589102,24.955330594]}, "properties" : {"name" : "奕嘉食品廠", "address" : "新北市鶯歌區鶯桃路94巷59弄8號1樓", "reg_no" : "99617796", "data_time" : "2023-07-31"}}, {"type" : "Feature", "geometry" : {"type":"Point","coordinates":[121.790433973,25.109767033]}, "properties" : {"name" : "阜晟企業股份有限公司", "address" : "新北市瑞芳區魚坑路二００號", "reg_no" : "99691118", "data_time" : "2023-07-31"}}, {"type" : "Feature", "geometry" : {"type":"Point","coordinates":[121.452785818,25.207595344]}, "properties" : {"name" : "銘珍食品廠有限公司", "address" : "新北市淡水區下圭柔山一一九之一二號", "reg_no" : "99618971", "data_time" : "2023-07-31"}}, {"type" : "Feature", "geometry" : {"type":"Point","coordinates":[121.459864227,24.993293592]}, "properties" : {"name" : "和益製麵廠股份有限公司板橋廠", "address" : "新北市板橋區干城路一三九號三、四樓", "reg_no" : "99607756", "data_time" : "2023-07-31"}}, {"type" : "Feature", "geometry" : {"type":"Point","coordinates":[121.463991306,25.057685918]}, "properties" : {"name" : "芳福企業有限公司", "address" : "新北市新莊區化成路三七五巷三五、三七號", "reg_no" : "99609192", "data_time" : "2023-07-31"}}, {"type" : "Feature", "geometry" : {"type":"Point","coordinates":[121.386486493,24.953444921]}, "properties" : {"name" : "新北市樹林區農會稻穀加工廠", "address" : "新北市樹林區寶園街11號", "reg_no" : "99600370", "data_time" : "2023-07-31"}}, {"type" : "Feature", "geometry" : {"type":"Point","coordinates":[121.466264838,25.046502321]}, "properties" : {"name" : "大安好食品有限公司", "address" : "新北市新莊區化成路一九０巷一二號", "reg_no" : "99611003", "data_time" : "2023-07-31"}}, {"type" : "Feature", "geometry" : {"type":"Point","coordinates":[121.418292782,25.002161338]}, "properties" : {"name" : "芬芳烹材股份有限公司", "address" : "新北市樹林區武林街9號之6（1~3樓）", "reg_no" : "99600563", "data_time" : "2023-07-31"}}, {"type" : "Feature", "geometry" : {"type":"Point","coordinates":[121.49263516,25.061679025]}, "properties" : {"name" : "蘇州采芝齋食品行", "address" : "新北市三重區中正北路一五號", "reg_no" : "99612481", "data_time" : "2023-07-31"}}, {"type" : "Feature", "geometry" : {"type":"Point","coordinates":[121.793011714,25.102052644]}, "properties" : {"name" : "品川實業股份有限公司", "address" : "新北市瑞芳區頂坪路七八號", "reg_no" : "99600911", "data_time" : "2023-07-31"}}, {"type" : "Feature", "geometry" : {"type":"Point","coordinates":[121.42667941,24.925029056]}, "properties" : {"name" : "富山共同製茶廠", "address" : "新北市三峽區成福路247、249號", "reg_no" : "99609881", "data_time" : "2023-07-31"}}, {"type" : "Feature", "geometry" : {"type":"Point","coordinates":[121.490550944,25.00562076]}, "properties" : {"name" : "大人行實業有限公司", "address" : "新北市中和區橋和路九五號", "reg_no" : "99618781", "data_time" : "2023-07-31"}}, {"type" : "Feature", "geometry" : {"type":"Point","coordinates":[121.522813779,24.993651666]}, "properties" : {"name" : "良億食品廠", "address" : "新北市中和區自立路一四一巷九號一樓", "reg_no" : "99689691", "data_time" : "2023-07-31"}}, {"type" : "Feature", "geometry" : {"type":"Point","coordinates":[121.534029841,24.982641162]}, "properties" : {"name" : "欣裕食品有限公司", "address" : "新北市新店區民權路一五七、一五九號三樓", "reg_no" : "99605944", "data_time" : "2023-07-31"}}, {"type" : "Feature", "geometry" : {"type":"Point","coordinates":[121.493099985,25.062497276]}, "properties" : {"name" : "虎林食品行", "address" : "新北市三重區中正北路25巷21號1樓", "reg_no" : "99612911", "data_time" : "2023-07-31"}}, {"type" : "Feature", "geometry" : {"type":"Point","coordinates":[121.511660359,25.005117036]}, "properties" : {"name" : "王一企業有限公司", "address" : "新北市永和區永貞路三二０號一樓", "reg_no" : "99689753", "data_time" : "2023-07-31"}}, {"type" : "Feature", "geometry" : {"type":"Point","coordinates":[121.712838007,24.942369982]}, "properties" : {"name" : "祥茂糖菓工廠", "address" : "新北市坪林區坪林里二六號一樓", "reg_no" : "99619694", "data_time" : "2023-07-31"}}, {"type" : "Feature", "geometry" : {"type":"Point","coordinates":[121.456367588,25.044971648]}, "properties" : {"name" : "漢點食品工廠有限公司", "address" : "新北市新莊區自立街二一四巷一０弄二二號一樓", "reg_no" : "99605227", "data_time" : "2023-07-31"}}, {"type" : "Feature", "geometry" : {"type":"Point","coordinates":[121.436905392,24.97453153]}, "properties" : {"name" : "順溢油業有限公司", "address" : "新北市土城區慶祥街四二號", "reg_no" : "99604153", "data_time" : "2023-07-31"}}, {"type" : "Feature", "geometry" : {"type":"Point","coordinates":[121.479422087,25.01098877]}, "properties" : {"name" : "青峰實業股份有限公司", "address" : "新北市中和區中正路1226號5樓之1", "reg_no" : "99605201", "data_time" : "2023-07-31"}}, {"type" : "Feature", "geometry" : {"type":"Point","coordinates":[121.637521066,25.060952007]}, "properties" : {"name" : "信好食品廠", "address" : "新北市汐止區大同路一段三三七巷一六弄一八號", "reg_no" : "99617575", "data_time" : "2023-07-31"}}, {"type" : "Feature", "geometry" : {"type":"Point","coordinates":[121.417077694,25.006328426]}, "properties" : {"name" : "聯米企業股份有限公司", "address" : "新北市樹林區光武街三六巷一號", "reg_no" : "99613616", "data_time" : "2023-07-31"}}, {"type" : "Feature", "geometry" : {"type":"Point","coordinates":[121.640275275,25.060243413]}, "properties" : {"name" : "青映食品冷凍股份有限公司", "address" : "新北市汐止區大同路1段358號", "reg_no" : "99605340", "data_time" : "2023-07-31"}}, {"type" : "Feature", "geometry" : {"type":"Point","coordinates":[121.53378594,24.984545639]}, "properties" : {"name" : "國暉國際有限公司", "address" : "新北市新店區中正路五四二之一號四樓", "reg_no" : "99604859", "data_time" : "2023-07-31"}}, {"type" : "Feature", "geometry" : {"type":"Point","coordinates":[121.423386067,24.991162668]}, "properties" : {"name" : "竹軒西點麵包店", "address" : "新北市樹林區中山路一段九一號一樓", "reg_no" : "99604924", "data_time" : "2023-07-31"}}, {"type" : "Feature", "geometry" : {"type":"Point","coordinates":[121.46214692,25.044088273]}, "properties" : {"name" : "上發食品廠", "address" : "新北市新莊區化成路二九巷八六號", "reg_no" : "99610365", "data_time" : "2023-07-31"}}, {"type" : "Feature", "geometry" : {"type":"Point","coordinates":[121.434122477,24.973690835]}, "properties" : {"name" : "頂嘉麻油食品工廠", "address" : "新北市土城區亞洲路五八巷五弄一八號", "reg_no" : "99601564", "data_time" : "2023-07-31"}}, {"type" : "Feature", "geometry" : {"type":"Point","coordinates":[121.390457355,25.077585412]}, "properties" : {"name" : "元福美食品廠", "address" : "新北市林口區中正路二五九號一樓", "reg_no" : "99604287", "data_time" : "2023-07-31"}}, {"type" : "Feature", "geometry" : {"type":"Point","coordinates":[121.454239548,25.06811093]}, "properties" : {"name" : "品愿股份有限公司五股廠", "address" : "新北市五股區五工三路一二一號", "reg_no" : "99602377", "data_time" : "2023-07-31"}}, {"type" : "Feature", "geometry" : {"type":"Point","coordinates":[121.448577241,25.068931997]}, "properties" : {"name" : "銘洋食品冷凍股份有限公司", "address" : "新北市五股區五權八路三三號", "reg_no" : "99619554", "data_time" : "2023-07-31"}}, {"type" : "Feature", "geometry" : {"type":"Point","coordinates":[121.430441114,25.028468198]}, "properties" : {"name" : "振芳食品工廠", "address" : "新北市新莊區福營路二二七巷四五及四七號", "reg_no" : "99611779", "data_time" : "2023-07-31"}}, {"type" : "Feature", "geometry" : {"type":"Point","coordinates":[121.55106233,24.978445767]}, "properties" : {"name" : "美佳利蛋糕麵包廠", "address" : "新北市新店區寶橋路二一二號", "reg_no" : "99618551", "data_time" : "2023-07-31"}}, {"type" : "Feature", "geometry" : {"type":"Point","coordinates":[121.413816759,25.013796105]}, "properties" : {"name" : "五魚實業有限公司", "address" : "新北市樹林區三俊街七四巷四四號", "reg_no" : "99603566", "data_time" : "2023-07-31"}}, {"type" : "Feature", "geometry" : {"type":"Point","coordinates":[121.4803218,25.010859946]}, "properties" : {"name" : "宏鑫碾米廠", "address" : "新北市中和區中正路一二０六巷四號", "reg_no" : "99617864", "data_time" : "2023-07-31"}}, {"type" : "Feature", "geometry" : {"type":"Point","coordinates":[121.536417738,24.984091102]}, "properties" : {"name" : "漢軒食品廠股份有限公司", "address" : "新北市新店區民權路九０巷三五號三樓", "reg_no" : "99689655", "data_time" : "2023-07-31"}}, {"type" : "Feature", "geometry" : {"type":"Point","coordinates":[121.451256993,25.068623391]}, "properties" : {"name" : "晶品股份有限公司新莊廠", "address" : "新北市五股區五工路一二六號", "reg_no" : "99602254", "data_time" : "2023-07-31"}}, {"type" : "Feature", "geometry" : {"type":"Point","coordinates":[121.62391825,25.060263099]}, "properties" : {"name" : "譚少華食品廠有限公司", "address" : "新北市汐止區南陽街一二０巷七號一、二樓", "reg_no" : "99619771", "data_time" : "2023-07-31"}}, {"type" : "Feature", "geometry" : {"type":"Point","coordinates":[121.53656191,24.984097744]}, "properties" : {"name" : "海歷香食品廠", "address" : "新北市新店區民權路九０巷三六號二樓", "reg_no" : "99616359", "data_time" : "2023-07-31"}}, {"type" : "Feature", "geometry" : {"type":"Point","coordinates":[121.395217844,24.956617615]}, "properties" : {"name" : "統力食品企業股份有限公司樹林廠", "address" : "新北市樹林區柑園街1段192號", "reg_no" : "99600505", "data_time" : "2023-07-31"}}, {"type" : "Feature", "geometry" : {"type":"Point","coordinates":[121.474358108,25.007083963]}, "properties" : {"name" : "啓生食品工業股份有限公司", "address" : "新北市中和區中山路3段136巷10弄10號", "reg_no" : "99615678", "data_time" : "2023-07-31"}}, {"type" : "Feature", "geometry" : {"type":"Point","coordinates":[121.49312371,25.00398077]}, "properties" : {"name" : "益弘食品有限公司", "address" : "新北市中和區中山路二段三四０巷四七號", "reg_no" : "99608963", "data_time" : "2023-07-31"}}, {"type" : "Feature", "geometry" : {"type":"Point","coordinates":[121.493442287,25.003021845]}, "properties" : {"name" : "長旺興業有限公司", "address" : "新北市中和區中山路二段三四０巷一九號", "reg_no" : "99615745", "data_time" : "2023-07-31"}}, {"type" : "Feature", "geometry" : {"type":"Point","coordinates":[121.628123323,25.057312807]}, "properties" : {"name" : "仕維生股份有限公司汐止廠", "address" : "新北市汐止區環河街一七六號", "reg_no" : "99619901", "data_time" : "2023-07-31"}}, {"type" : "Feature", "geometry" : {"type":"Point","coordinates":[121.481131683,25.072779051]}, "properties" : {"name" : "新北食品股份有限公司", "address" : "新北市三重區國道路1段59號", "reg_no" : "99617888", "data_time" : "2023-07-31"}}, {"type" : "Feature", "geometry" : {"type":"Point","coordinates":[121.467132554,25.059945203]}, "properties" : {"name" : "立台食品工業股份有限公司", "address" : "新北市三重區光華路59號", "reg_no" : "99618602", "data_time" : "2023-07-31"}}, {"type" : "Feature", "geometry" : {"type":"Point","coordinates":[121.426860574,24.922643207]}, "properties" : {"name" : "正全製茶工廠", "address" : "新北市三峽區竹崙里竹崙路一六號", "reg_no" : "99615809", "data_time" : "2023-07-31"}}, {"type" : "Feature", "geometry" : {"type":"Point","coordinates":[121.449835964,25.064919972]}, "properties" : {"name" : "名泓實業股份有限公司", "address" : "新北市五股區五權六路15號(1樓)", "reg_no" : "99603273", "data_time" : "2023-07-31"}}, {"type" : "Feature", "geometry" : {"type":"Point","coordinates":[121.503236492,24.999334068]}, "properties" : {"name" : "漢皇食品廠", "address" : "新北市中和區景新街三二號一樓", "reg_no" : "99689367", "data_time" : "2023-07-31"}}, {"type" : "Feature", "geometry" : {"type":"Point","coordinates":[121.399961926,25.081792817]}, "properties" : {"name" : "西北食品工業股份有限公司", "address" : "新北市林口區粉寮路一段一０二號", "reg_no" : "99606358", "data_time" : "2023-07-31"}}, {"type" : "Feature", "geometry" : {"type":"Point","coordinates":[121.551819602,24.980186691]}, "properties" : {"name" : "台芳香料化學股份有限公司", "address" : "新北市新店區寶橋路二三五巷八號六樓", "reg_no" : "99602623", "data_time" : "2023-07-31"}}, {"type" : "Feature", "geometry" : {"type":"Point","coordinates":[121.551496452,24.980593964]}, "properties" : {"name" : "詩特莉食品股份有限公司", "address" : "新北市新店區寶橋路二三五巷一四號六樓", "reg_no" : "99615096", "data_time" : "2023-07-31"}}, {"type" : "Feature", "geometry" : {"type":"Point","coordinates":[121.337067247,24.946344188]}, "properties" : {"name" : "仰南食品股份有限公司鶯歌廠", "address" : "新北市鶯歌區八德路二巷三七弄一０號", "reg_no" : "99616720", "data_time" : "2023-07-31"}}, {"type" : "Feature", "geometry" : {"type":"Point","coordinates":[121.43067648,25.007618544]}, "properties" : {"name" : "華信食品工業有限公司", "address" : "新北市新莊區民安西路四六０巷二一號", "reg_no" : "99603478", "data_time" : "2023-07-31"}}, {"type" : "Feature", "geometry" : {"type":"Point","coordinates":[121.471810598,25.070886574]}, "properties" : {"name" : "浩漢食品廠有限公司", "address" : "新北市三重區中正北路五三０巷一七號", "reg_no" : "99605088", "data_time" : "2023-07-31"}}, {"type" : "Feature", "geometry" : {"type":"Point","coordinates":[121.539731172,24.98306153]}, "properties" : {"name" : "得立食品股份有限公司", "address" : "新北市新店區民權路四八之三號二樓", "reg_no" : "99604216", "data_time" : "2023-07-31"}}, {"type" : "Feature", "geometry" : {"type":"Point","coordinates":[121.430850024,25.007773309]}, "properties" : {"name" : "明泉米粉廠", "address" : "新北市新莊區民安西路四六０巷一三號", "reg_no" : "99610333", "data_time" : "2023-07-31"}}, {"type" : "Feature", "geometry" : {"type":"Point","coordinates":[121.627619366,25.061860864]}, "properties" : {"name" : "虹旭企業有限公司", "address" : "新北市汐止區福德一路三九二巷二二弄一四號", "reg_no" : "99689764", "data_time" : "2023-07-31"}}, {"type" : "Feature", "geometry" : {"type":"Point","coordinates":[121.417480337,25.007954068]}, "properties" : {"name" : "煌輝食品企業有限公司", "address" : "新北市樹林區中正路二六四巷一號", "reg_no" : "99613891", "data_time" : "2023-07-31"}}, {"type" : "Feature", "geometry" : {"type":"Point","coordinates":[121.790933424,25.098350372]}, "properties" : {"name" : "立基食品股份有限公司瑞芳二廠", "address" : "新北市瑞芳區傑興里頂坪路瑞芳工業區二一號", "reg_no" : "99602092", "data_time" : "2023-07-31"}}, {"type" : "Feature", "geometry" : {"type":"Point","coordinates":[121.793011714,25.102052644]}, "properties" : {"name" : "丸郁食品冷凍股份有限公司", "address" : "新北市瑞芳區頂坪路五四號", "reg_no" : "99600833", "data_time" : "2023-07-31"}}, {"type" : "Feature", "geometry" : {"type":"Point","coordinates":[121.471519547,24.979186904]}, "properties" : {"name" : "寶之川股份有限公司土城廠", "address" : "新北市土城區永豐路一九五巷七弄五號", "reg_no" : "99617164", "data_time" : "2023-07-31"}}, {"type" : "Feature", "geometry" : {"type":"Point","coordinates":[121.625875456,25.062496902]}, "properties" : {"name" : "可愛食品有限公司", "address" : "新北市汐止區福德一路三九二巷四一弄一四號", "reg_no" : "99616929", "data_time" : "2023-07-31"}}, {"type" : "Feature", "geometry" : {"type":"Point","coordinates":[121.627282271,25.061084636]}, "properties" : {"name" : "南嘉有限公司台北廠", "address" : "新北市汐止區福德一路三九二巷五號", "reg_no" : "99619638", "data_time" : "2023-07-31"}}, {"type" : "Feature", "geometry" : {"type":"Point","coordinates":[121.460418647,25.137077797]}, "properties" : {"name" : "啟元食品廠", "address" : "新北市淡水區民族路一一號", "reg_no" : "99604074", "data_time" : "2023-07-31"}}, {"type" : "Feature", "geometry" : {"type":"Point","coordinates":[121.455364342,25.070709457]}, "properties" : {"name" : "瑞昶貿易股份有限公司五股廠", "address" : "新北市五股區五工二路一一六巷九號", "reg_no" : "99600376", "data_time" : "2023-07-31"}}, {"type" : "Feature", "geometry" : {"type":"Point","coordinates":[121.469816323,25.048598339]}, "properties" : {"name" : "琦美製冰股份有限公司", "address" : "新北市三重區中興北街一０八號", "reg_no" : "99608646", "data_time" : "2023-07-31"}}, {"type" : "Feature", "geometry" : {"type":"Point","coordinates":[121.44893661,25.067416839]}, "properties" : {"name" : "七味之友有限公司", "address" : "新北市五股區五工五路四六號", "reg_no" : "99602416", "data_time" : "2023-07-31"}}, {"type" : "Feature", "geometry" : {"type":"Point","coordinates":[121.466408078,25.060536805]}, "properties" : {"name" : "旺昌食品有限公司", "address" : "新北市三重區新北大道2段139巷26號", "reg_no" : "99612252", "data_time" : "2023-07-31"}}, {"type" : "Feature", "geometry" : {"type":"Point","coordinates":[121.478353803,25.020421642]}, "properties" : {"name" : "正泉豆腐工廠有限公司", "address" : "新北市板橋區三民路一段一三八巷一一號一樓", "reg_no" : "99617579", "data_time" : "2023-07-31"}}, {"type" : "Feature", "geometry" : {"type":"Point","coordinates":[121.431341671,25.033709196]}, "properties" : {"name" : "同祥有限公司", "address" : "新北市新莊區中正路五一四巷五三弄一八號", "reg_no" : "99610205", "data_time" : "2023-07-31"}}, {"type" : "Feature", "geometry" : {"type":"Point","coordinates":[121.793011714,25.102052644]}, "properties" : {"name" : "旭梅企業有限公司", "address" : "新北市瑞芳區頂坪路九０號", "reg_no" : "99602039", "data_time" : "2023-07-31"}}, {"type" : "Feature", "geometry" : {"type":"Point","coordinates":[121.462247696,25.04299394]}, "properties" : {"name" : "七星香料股份有限公司", "address" : "新北市新莊區化成路一一巷八九弄一一號", "reg_no" : "99610185", "data_time" : "2023-07-31"}}, {"type" : "Feature", "geometry" : {"type":"Point","coordinates":[121.459864227,24.993293592]}, "properties" : {"name" : "育力企業有限公司", "address" : "新北市板橋區干城路一三九號二樓", "reg_no" : "99607867", "data_time" : "2023-07-31"}}, {"type" : "Feature", "geometry" : {"type":"Point","coordinates":[121.432211114,25.030782337]}, "properties" : {"name" : "永好食品廠有限公司", "address" : "新北市新莊區福營路一六五巷六號", "reg_no" : "99602717", "data_time" : "2023-07-31"}}, {"type" : "Feature", "geometry" : {"type":"Point","coordinates":[121.464829078,24.99894816]}, "properties" : {"name" : "滋美企業有限公司", "address" : "新北市板橋區重慶路二六九巷五一號", "reg_no" : "99613746", "data_time" : "2023-07-31"}}, {"type" : "Feature", "geometry" : {"type":"Point","coordinates":[121.457934508,25.066172262]}, "properties" : {"name" : "聖風有限公司", "address" : "新北市新莊區五權一路五號四樓之七", "reg_no" : "99603505", "data_time" : "2023-07-31"}}, {"type" : "Feature", "geometry" : {"type":"Point","coordinates":[121.469263261,25.074659236]}, "properties" : {"name" : "今達食品有限公司", "address" : "新北市五股區國道路3段8巷10號", "reg_no" : "99614495", "data_time" : "2023-07-31"}}, {"type" : "Feature", "geometry" : {"type":"Point","coordinates":[121.53495764,24.984591596]}, "properties" : {"name" : "全壽龍實業有限公司", "address" : "新北市新店區中正路四維巷八弄一三號四樓", "reg_no" : "99608340", "data_time" : "2023-07-31"}}, {"type" : "Feature", "geometry" : {"type":"Point","coordinates":[121.678191945,25.073304927]}, "properties" : {"name" : "惠格實業有限公司", "address" : "新北市汐止區大安街56巷14號", "reg_no" : "99618700", "data_time" : "2023-07-31"}}, {"type" : "Feature", "geometry" : {"type":"Point","coordinates":[121.449649207,25.062308334]}, "properties" : {"name" : "振芳股份有限公司", "address" : "新北市五股區五工六路19號", "reg_no" : "99601954", "data_time" : "2023-07-31"}}, {"type" : "Feature", "geometry" : {"type":"Point","coordinates":[121.603302896,25.002175398]}, "properties" : {"name" : "日正食品工業股份有限公司深坑廠", "address" : "新北市深坑區北深路三段一四一巷九號", "reg_no" : "99617126", "data_time" : "2023-07-31"}}, {"type" : "Feature", "geometry" : {"type":"Point","coordinates":[121.459232772,24.992637492]}, "properties" : {"name" : "長隆食品股份有限公司", "address" : "新北市板橋區信義路一六三巷四號三樓", "reg_no" : "99606633", "data_time" : "2023-07-31"}}, {"type" : "Feature", "geometry" : {"type":"Point","coordinates":[121.474481367,25.07373441]}, "properties" : {"name" : "聯發國際餐飲事業股份有限公司", "address" : "新北市蘆洲區國道路2段26號4樓", "reg_no" : "99604586", "data_time" : "2023-07-31"}}, {"type" : "Feature", "geometry" : {"type":"Point","coordinates":[121.467881474,25.072551541]}, "properties" : {"name" : "百原食品有限公司", "address" : "新北市五股區中興路1段61號、59號(1樓)", "reg_no" : "99616579", "data_time" : "2023-07-31"}}, {"type" : "Feature", "geometry" : {"type":"Point","coordinates":[121.484332588,25.011477848]}, "properties" : {"name" : "超人有限公司", "address" : "新北市中和區中板路15巷1號3樓", "reg_no" : "99615794", "data_time" : "2023-07-31"}}, {"type" : "Feature", "geometry" : {"type":"Point","coordinates":[121.545396667,24.97059838]}, "properties" : {"name" : "柏泰食品興業股份有限公司", "address" : "新北市新店區中正路五四巷三十號五樓", "reg_no" : "99613503", "data_time" : "2023-07-31"}}, {"type" : "Feature", "geometry" : {"type":"Point","coordinates":[121.432373279,24.971453118]}, "properties" : {"name" : "大同茶業股份有限公司土城廠", "address" : "新北市土城區自強街二二號", "reg_no" : "99601691", "data_time" : "2023-07-31"}}, {"type" : "Feature", "geometry" : {"type":"Point","coordinates":[121.457276827,25.069814856]}, "properties" : {"name" : "鬍鬚張股份有限公司五股廠", "address" : "新北市五股區五工一路一０六號", "reg_no" : "99602405", "data_time" : "2023-07-31"}}, {"type" : "Feature", "geometry" : {"type":"Point","coordinates":[121.458554147,25.067773159]}, "properties" : {"name" : "佳糧股份有限公司", "address" : "新北市新莊區五權二路二四號之一", "reg_no" : "99602026", "data_time" : "2023-07-31"}}, {"type" : "Feature", "geometry" : {"type":"Point","coordinates":[121.459926053,25.156100668]}, "properties" : {"name" : "愛欣食品有限公司", "address" : "新北市淡水區八勢一街一號", "reg_no" : "99601194", "data_time" : "2023-07-31"}}, {"type" : "Feature", "geometry" : {"type":"Point","coordinates":[121.489721193,25.007265012]}, "properties" : {"name" : "群賀食品企業有限公司", "address" : "新北市中和區立德街二六巷五弄五號", "reg_no" : "99690661", "data_time" : "2023-07-31"}}, {"type" : "Feature", "geometry" : {"type":"Point","coordinates":[121.434424332,24.96808946]}, "properties" : {"name" : "晉東食品工業有限公司", "address" : "新北市土城區中央路三段一二六巷三六弄一號", "reg_no" : "99610474", "data_time" : "2023-07-31"}}, {"type" : "Feature", "geometry" : {"type":"Point","coordinates":[121.486175461,25.00179259]}, "properties" : {"name" : "三益化工香料有限公司", "address" : "新北市中和區建三路五七號七樓", "reg_no" : "99603380", "data_time" : "2023-07-31"}}, {"type" : "Feature", "geometry" : {"type":"Point","coordinates":[121.435714459,24.973931229]}, "properties" : {"name" : "福亭食品工業有限公司", "address" : "新北市土城區亞洲路四二號", "reg_no" : "99615986", "data_time" : "2023-07-31"}}, {"type" : "Feature", "geometry" : {"type":"Point","coordinates":[121.429056835,24.969307361]}, "properties" : {"name" : "邱氏鼎食品企業股份有限公司土城廠", "address" : "新北市土城區自強街三一之二及之三號", "reg_no" : "99600825", "data_time" : "2023-07-31"}}, {"type" : "Feature", "geometry" : {"type":"Point","coordinates":[121.471247111,24.97907403]}, "properties" : {"name" : "味冠食品有限公司", "address" : "新北市土城區永豐路一九五巷七弄三號", "reg_no" : "99613750", "data_time" : "2023-07-31"}}, {"type" : "Feature", "geometry" : {"type":"Point","coordinates":[121.413932109,25.028073246]}, "properties" : {"name" : "源崑食品有限公司", "address" : "新北市新莊區雙鳳路一０九號五樓", "reg_no" : "99611483", "data_time" : "2023-07-31"}}, {"type" : "Feature", "geometry" : {"type":"Point","coordinates":[121.467742913,25.045542108]}, "properties" : {"name" : "偉翔生技開發股份有限公司", "address" : "新北市三重區重新路5段609巷4號10樓", "reg_no" : "99606338", "data_time" : "2023-07-31"}}, {"type" : "Feature", "geometry" : {"type":"Point","coordinates":[121.429047922,24.983712569]}, "properties" : {"name" : "鴻福食品工廠有限公司板橋二廠", "address" : "新北市板橋區金門街三六九巷六五號", "reg_no" : "99606943", "data_time" : "2023-07-31"}}, {"type" : "Feature", "geometry" : {"type":"Point","coordinates":[121.410934986,25.002750138]}, "properties" : {"name" : "魔術食品工業股份有限公司", "address" : "新北市樹林區光興街六一號", "reg_no" : "99603098", "data_time" : "2023-07-31"}}, {"type" : "Feature", "geometry" : {"type":"Point","coordinates":[121.469499898,25.046757184]}, "properties" : {"name" : "真味行食品股份有限公司", "address" : "新北市三重區中興北街一００之五及之六號", "reg_no" : "99601822", "data_time" : "2023-07-31"}}, {"type" : "Feature", "geometry" : {"type":"Point","coordinates":[121.436824975,24.96308835]}, "properties" : {"name" : "禮莊食品企業有限公司", "address" : "新北市土城區承天路八巷一九號", "reg_no" : "99617240", "data_time" : "2023-07-31"}}, {"type" : "Feature", "geometry" : {"type":"Point","coordinates":[121.484765438,25.011560041]}, "properties" : {"name" : "百健產物有限公司", "address" : "新北市中和區中板路7之1號5樓", "reg_no" : "99607332", "data_time" : "2023-07-31"}}, {"type" : "Feature", "geometry" : {"type":"Point","coordinates":[121.413673285,25.015537402]}, "properties" : {"name" : "高印企業有限公司", "address" : "新北市樹林區三俊街七四巷一一號", "reg_no" : "99614546", "data_time" : "2023-07-31"}}, {"type" : "Feature", "geometry" : {"type":"Point","coordinates":[121.484765438,25.011560041]}, "properties" : {"name" : "百正研化食品有限公司", "address" : "新北市中和區中板路7之2號5樓", "reg_no" : "99605806", "data_time" : "2023-07-31"}}, {"type" : "Feature", "geometry" : {"type":"Point","coordinates":[121.467848953,25.055868894]}, "properties" : {"name" : "億鄉有限公司", "address" : "新北市三重區中興北街一三六巷二二號", "reg_no" : "99611799", "data_time" : "2023-07-31"}}, {"type" : "Feature", "geometry" : {"type":"Point","coordinates":[121.414099869,25.028063224]}, "properties" : {"name" : "味都股份有限公司", "address" : "新北市新莊區雙鳳路一０七號六樓", "reg_no" : "99611829", "data_time" : "2023-07-31"}}, {"type" : "Feature", "geometry" : {"type":"Point","coordinates":[121.414878024,24.975051864]}, "properties" : {"name" : "助福食品有限公司", "address" : "新北市樹林區東豐街49巷10號", "reg_no" : "99601132", "data_time" : "2023-07-31"}}, {"type" : "Feature", "geometry" : {"type":"Point","coordinates":[121.534405317,24.984139727]}, "properties" : {"name" : "安佳隆美容事業股份有限公司新店二廠", "address" : "新北市新店區中正路五三八巷一０號五樓", "reg_no" : "99606897", "data_time" : "2023-07-31"}}, {"type" : "Feature", "geometry" : {"type":"Point","coordinates":[121.458340136,25.066643972]}, "properties" : {"name" : "益康企業股份有限公司五股廠", "address" : "新北市新莊區五權一路七號七樓之一０", "reg_no" : "99602221", "data_time" : "2023-07-31"}}, {"type" : "Feature", "geometry" : {"type":"Point","coordinates":[121.63534025,25.057021446]}, "properties" : {"name" : "狀元香食品有限公司汐止廠", "address" : "新北市汐止區大同路一段二八六巷一三號", "reg_no" : "99617638", "data_time" : "2023-07-31"}}, {"type" : "Feature", "geometry" : {"type":"Point","coordinates":[121.400077948,24.973681025]}, "properties" : {"name" : "洪牌食品股份有限公司︵樹林廠︶", "address" : "新北市樹林區新興街一六號", "reg_no" : "99602546", "data_time" : "2023-07-31"}}, {"type" : "Feature", "geometry" : {"type":"Point","coordinates":[121.485010795,25.00322533]}, "properties" : {"name" : "常饌食品股份有限公司", "address" : "新北市中和區中正路八一六號", "reg_no" : "99606064", "data_time" : "2023-07-31"}}, {"type" : "Feature", "geometry" : {"type":"Point","coordinates":[121.635954984,25.05761878]}, "properties" : {"name" : "超比食品企業股份有限公司", "address" : "新北市汐止區大同路一段三０二巷六號", "reg_no" : "99618110", "data_time" : "2023-07-31"}}, {"type" : "Feature", "geometry" : {"type":"Point","coordinates":[121.414205937,24.974696543]}, "properties" : {"name" : "鋒美食品實業有限公司", "address" : "新北市樹林區東豐街四九巷二二弄二三號", "reg_no" : "99607184", "data_time" : "2023-07-31"}}, {"type" : "Feature", "geometry" : {"type":"Point","coordinates":[121.389886567,24.902769386]}, "properties" : {"name" : "嘉禾食品有限公司", "address" : "新北市三峽區嘉添里嘉添181之22號", "reg_no" : "99615990", "data_time" : "2023-07-31"}}, {"type" : "Feature", "geometry" : {"type":"Point","coordinates":[121.408821531,24.979540297]}, "properties" : {"name" : "佳郁企業股份有限公司樹林廠", "address" : "新北市樹林區東興街4巷8號", "reg_no" : "99606417", "data_time" : "2023-07-31"}}, {"type" : "Feature", "geometry" : {"type":"Point","coordinates":[121.47301253,25.050920416]}, "properties" : {"name" : "今點食品股份有限公司三重廠", "address" : "新北市三重區光復路一段九九巷九號", "reg_no" : "99608643", "data_time" : "2023-07-31"}}, {"type" : "Feature", "geometry" : {"type":"Point","coordinates":[121.470357759,24.976759743]}, "properties" : {"name" : "鑫大盒餐實業有限公司", "address" : "新北市土城區永豐路二七０巷一九弄一號地下層", "reg_no" : "99690650", "data_time" : "2023-07-31"}}, {"type" : "Feature", "geometry" : {"type":"Point","coordinates":[121.429056835,24.969307361]}, "properties" : {"name" : "金寧食品有限公司", "address" : "新北市土城區自強街三之二號二樓", "reg_no" : "99603545", "data_time" : "2023-07-31"}}, {"type" : "Feature", "geometry" : {"type":"Point","coordinates":[121.622649889,25.068774576]}, "properties" : {"name" : "大丘店有限公司", "address" : "新北市汐止區康寧街169巷27之1號4樓之3", "reg_no" : "99605617", "data_time" : "2023-07-31"}}, {"type" : "Feature", "geometry" : {"type":"Point","coordinates":[121.47299079,24.980098257]}, "properties" : {"name" : "勤記食品股份有限公司土城廠", "address" : "新北市土城區永豐路一九五巷二七弄二０、二二、二四號", "reg_no" : "99604039", "data_time" : "2023-07-31"}}, {"type" : "Feature", "geometry" : {"type":"Point","coordinates":[121.645605147,25.06114262]}, "properties" : {"name" : "御禮烘焙事業有限公司", "address" : "新北市汐止區新臺五路一段七五號一三樓之五", "reg_no" : "99619003", "data_time" : "2023-07-31"}}, {"type" : "Feature", "geometry" : {"type":"Point","coordinates":[121.460610131,25.043651424]}, "properties" : {"name" : "永新興業有限公司", "address" : "新北市新莊區思源路四二巷三號", "reg_no" : "99610893", "data_time" : "2023-07-31"}}, {"type" : "Feature", "geometry" : {"type":"Point","coordinates":[121.352938198,24.948711194]}, "properties" : {"name" : "天水商行", "address" : "新北市鶯歌區文化路五０一之二八號", "reg_no" : "99608591", "data_time" : "2023-07-31"}}, {"type" : "Feature", "geometry" : {"type":"Point","coordinates":[121.466192043,25.072725879]}, "properties" : {"name" : "味味美食有限公司", "address" : "新北市五股區中興路一段九五巷四弄三、五號", "reg_no" : "99616830", "data_time" : "2023-07-31"}}, {"type" : "Feature", "geometry" : {"type":"Point","coordinates":[121.469524585,25.053230694]}, "properties" : {"name" : "超有有限公司", "address" : "新北市三重區興德路一四一巷八、一０號", "reg_no" : "99690233", "data_time" : "2023-07-31"}}, {"type" : "Feature", "geometry" : {"type":"Point","coordinates":[121.457755087,24.995524752]}, "properties" : {"name" : "古早食品有限公司板橋廠", "address" : "新北市板橋區國慶路七號二樓", "reg_no" : "99612974", "data_time" : "2023-07-31"}}, {"type" : "Feature", "geometry" : {"type":"Point","coordinates":[121.622640554,25.06891736]}, "properties" : {"name" : "弘繽企業有限公司", "address" : "新北市汐止區康寧街169巷29號2樓之3", "reg_no" : "99607819", "data_time" : "2023-07-31"}}, {"type" : "Feature", "geometry" : {"type":"Point","coordinates":[121.622717112,25.068212339]}, "properties" : {"name" : "北香製麵廠股份有限公司", "address" : "新北市汐止區康寧街169巷23之1號1樓", "reg_no" : "99618481", "data_time" : "2023-07-31"}}, {"type" : "Feature", "geometry" : {"type":"Point","coordinates":[121.471606901,25.047266726]}, "properties" : {"name" : "元記食品有限公司三重廠", "address" : "新北市三重區光復路1段30巷2號", "reg_no" : "99612376", "data_time" : "2023-07-31"}}, {"type" : "Feature", "geometry" : {"type":"Point","coordinates":[121.370029213,24.911403529]}, "properties" : {"name" : "唯力香食品有限公司", "address" : "新北市三峽區嘉添181之32號(1、3號)", "reg_no" : "99612485", "data_time" : "2023-07-31"}}, {"type" : "Feature", "geometry" : {"type":"Point","coordinates":[121.487318022,25.008732402]}, "properties" : {"name" : "喬賀興業有限公司", "address" : "新北市中和區立德街一四八巷六號六樓", "reg_no" : "99614866", "data_time" : "2023-07-31"}}, {"type" : "Feature", "geometry" : {"type":"Point","coordinates":[121.477260427,25.080369082]}, "properties" : {"name" : "佳香食品行", "address" : "新北市蘆洲區中山一路95巷22弄6號", "reg_no" : "99613939", "data_time" : "2023-07-31"}}, {"type" : "Feature", "geometry" : {"type":"Point","coordinates":[121.438749473,24.969585534]}, "properties" : {"name" : "財翰企業股份有限公司土城廠", "address" : "新北市土城區中央路三段一０號", "reg_no" : "99609851", "data_time" : "2023-07-31"}}, {"type" : "Feature", "geometry" : {"type":"Point","coordinates":[121.444963301,24.980384881]}, "properties" : {"name" : "隆昌食品有限公司", "address" : "新北市土城區中央路一段三六五巷一四號", "reg_no" : "99600288", "data_time" : "2023-07-31"}}, {"type" : "Feature", "geometry" : {"type":"Point","coordinates":[121.468372907,25.080005636]}, "properties" : {"name" : "果大行有限公司蘆洲廠", "address" : "新北市蘆洲區和平路一一四巷一０號", "reg_no" : "99609222", "data_time" : "2023-07-31"}}, {"type" : "Feature", "geometry" : {"type":"Point","coordinates":[121.442926315,24.967363943]}, "properties" : {"name" : "義峰食品股份有限公司", "address" : "新北市土城區忠義路55巷54號", "reg_no" : "99601267", "data_time" : "2023-07-31"}}, {"type" : "Feature", "geometry" : {"type":"Point","coordinates":[121.484156827,25.011444977]}, "properties" : {"name" : "巃津企業有限公司", "address" : "新北市中和區中板路15巷6號", "reg_no" : "99616224", "data_time" : "2023-07-31"}}, {"type" : "Feature", "geometry" : {"type":"Point","coordinates":[121.470597181,25.056082601]}, "properties" : {"name" : "美又廉食品工業有限公司", "address" : "新北市三重區中興北街175巷18號", "reg_no" : "99616792", "data_time" : "2023-07-31"}}, {"type" : "Feature", "geometry" : {"type":"Point","coordinates":[121.492563204,25.004090122]}, "properties" : {"name" : "銘呈食品行", "address" : "新北市中和區橋安街一九號二樓", "reg_no" : "99609223", "data_time" : "2023-07-31"}}, {"type" : "Feature", "geometry" : {"type":"Point","coordinates":[121.465487829,25.044885224]}, "properties" : {"name" : "凱瑞生物科技股份有限公司", "address" : "新北市新莊區化成路一四六號四樓、一二０號二樓", "reg_no" : "99603126", "data_time" : "2023-07-31"}}, {"type" : "Feature", "geometry" : {"type":"Point","coordinates":[121.465843819,25.04472287]}, "properties" : {"name" : "佶露有限公司", "address" : "新北市新莊區化成路124號及124號2樓", "reg_no" : "99606469", "data_time" : "2023-07-31"}}, {"type" : "Feature", "geometry" : {"type":"Point","coordinates":[121.488363201,25.060833417]}, "properties" : {"name" : "爵信實業有限公司", "address" : "新北市三重區三重市重新路五段六三五之二號七樓", "reg_no" : "99618135", "data_time" : "2023-07-31"}}, {"type" : "Feature", "geometry" : {"type":"Point","coordinates":[121.629816141,25.061187854]}, "properties" : {"name" : "清芳實業股份有限公司汐止廠", "address" : "新北市汐止區福德一路三五一巷一一弄一號三樓", "reg_no" : "99602119", "data_time" : "2023-07-31"}}, {"type" : "Feature", "geometry" : {"type":"Point","coordinates":[121.321046695,24.932792555]}, "properties" : {"name" : "愛味香食品股份有限公司", "address" : "新北市鶯歌區中正三路491巷7號", "reg_no" : "99607604", "data_time" : "2023-07-31"}}, {"type" : "Feature", "geometry" : {"type":"Point","coordinates":[121.320835279,24.933024159]}, "properties" : {"name" : "穀豐食品工業有限公司鶯歌廠", "address" : "新北市鶯歌區中正三路491巷3號", "reg_no" : "99601624", "data_time" : "2023-07-31"}}, {"type" : "Feature", "geometry" : {"type":"Point","coordinates":[121.409382229,24.975760967]}, "properties" : {"name" : "佳美樂實業有限公司", "address" : "新北市樹林區東大街166號及東順街91號", "reg_no" : "99614419", "data_time" : "2023-07-31"}}, {"type" : "Feature", "geometry" : {"type":"Point","coordinates":[121.413943133,24.986416537]}, "properties" : {"name" : "香樂食品股份有限公司樹林廠", "address" : "新北市樹林區大安路502號3樓之1、之4、之5", "reg_no" : "99603699", "data_time" : "2023-07-31"}}, {"type" : "Feature", "geometry" : {"type":"Point","coordinates":[121.533434941,24.987019213]}, "properties" : {"name" : "奇軒有限公司", "address" : "新北市新店區中正路五四三號二樓", "reg_no" : "99604208", "data_time" : "2023-07-31"}}, {"type" : "Feature", "geometry" : {"type":"Point","coordinates":[121.486829012,25.008366144]}, "properties" : {"name" : "綠生技股份有限公司", "address" : "新北市中和區立德街一００、一０二、一０六號四樓", "reg_no" : "99600252", "data_time" : "2023-07-31"}}, {"type" : "Feature", "geometry" : {"type":"Point","coordinates":[121.427766658,25.030361395]}, "properties" : {"name" : "十倍速食品科技行", "address" : "新北市新莊區中正路六五九之二號四樓", "reg_no" : "99611170", "data_time" : "2023-07-31"}}, {"type" : "Feature", "geometry" : {"type":"Point","coordinates":[121.534276228,24.983984926]}, "properties" : {"name" : "裕益食品有限公司", "address" : "新北市新店區中正路五三八巷六號五樓", "reg_no" : "99601410", "data_time" : "2023-07-31"}}, {"type" : "Feature", "geometry" : {"type":"Point","coordinates":[121.430351066,25.031502498]}, "properties" : {"name" : "達美樂披薩股份有限公司台北廠", "address" : "新北市新莊區中正路五四四號", "reg_no" : "99614201", "data_time" : "2023-07-31"}}, {"type" : "Feature", "geometry" : {"type":"Point","coordinates":[121.534933478,24.985064648]}, "properties" : {"name" : "金泰瑞實業有限公司", "address" : "新北市新店區中正路四維巷八弄五號五樓", "reg_no" : "99608254", "data_time" : "2023-07-31"}}, {"type" : "Feature", "geometry" : {"type":"Point","coordinates":[121.446103521,25.065406224]}, "properties" : {"name" : "華漢冷凍食品工業股份有限公司五股廠", "address" : "新北市五股區五工六路四七號", "reg_no" : "99603690", "data_time" : "2023-07-31"}}, {"type" : "Feature", "geometry" : {"type":"Point","coordinates":[121.42382271,24.955320672]}, "properties" : {"name" : "上品咖啡業股份有限公司", "address" : "新北市土城區大暖路一四八號", "reg_no" : "99606360", "data_time" : "2023-07-31"}}, {"type" : "Feature", "geometry" : {"type":"Point","coordinates":[121.486668913,25.002628216]}, "properties" : {"name" : "新連茂食品有限公司中和廠", "address" : "新北市中和區建六路六七巷三號", "reg_no" : "99616021", "data_time" : "2023-07-31"}}, {"type" : "Feature", "geometry" : {"type":"Point","coordinates":[121.487277993,25.008553381]}, "properties" : {"name" : "珍品軒食品有限公司", "address" : "新北市中和區立德街一一二號地下一樓", "reg_no" : "99619616", "data_time" : "2023-07-31"}}, {"type" : "Feature", "geometry" : {"type":"Point","coordinates":[121.452758072,25.069108734]}, "properties" : {"name" : "宏遠國際餐飲股份有限公司五股廠", "address" : "新北市五股區五權路四九號", "reg_no" : "99600599", "data_time" : "2023-07-31"}}, {"type" : "Feature", "geometry" : {"type":"Point","coordinates":[121.62761114,25.062717464]}, "properties" : {"name" : "寶來發食品股份有限公司汐止廠", "address" : "新北市汐止區福德一路三九二巷四二弄一七號", "reg_no" : "99601317", "data_time" : "2023-07-31"}}, {"type" : "Feature", "geometry" : {"type":"Point","coordinates":[121.480438215,25.008369389]}, "properties" : {"name" : "民品有限公司中和廠", "address" : "新北市中和區新民街一一二號五樓之九", "reg_no" : "99689817", "data_time" : "2023-07-31"}}, {"type" : "Feature", "geometry" : {"type":"Point","coordinates":[121.688201892,25.068798565]}, "properties" : {"name" : "富華股份有限公司汐止廠", "address" : "新北市汐止區保新街一五０號一樓、二樓", "reg_no" : "99605627", "data_time" : "2023-07-31"}}, {"type" : "Feature", "geometry" : {"type":"Point","coordinates":[121.467514673,25.05994141]}, "properties" : {"name" : "柏諾食品股份有限公司", "address" : "新北市三重區光華路46號", "reg_no" : "99600231", "data_time" : "2023-07-31"}}, {"type" : "Feature", "geometry" : {"type":"Point","coordinates":[121.793011714,25.102052644]}, "properties" : {"name" : "陸仕企業股份有限公司台北廠", "address" : "新北市瑞芳區頂坪路瑞芳工業區一二九號", "reg_no" : "99601965", "data_time" : "2023-07-31"}}, {"type" : "Feature", "geometry" : {"type":"Point","coordinates":[121.449473957,25.06298947]}, "properties" : {"name" : "振芳股份有限公司五股廠", "address" : "新北市五股區五工六路22號", "reg_no" : "99600338", "data_time" : "2023-07-31"}}, {"type" : "Feature", "geometry" : {"type":"Point","coordinates":[121.411447188,24.977298353]}, "properties" : {"name" : "富信食品有限公司樹林廠", "address" : "新北市樹林區東順街五七巷五號", "reg_no" : "99600879", "data_time" : "2023-07-31"}}, {"type" : "Feature", "geometry" : {"type":"Point","coordinates":[121.451382019,25.062221125]}, "properties" : {"name" : "豐茂生技有機食品股份有限公司", "address" : "新北市新莊區五權三路四號之二", "reg_no" : "99601312", "data_time" : "2023-07-31"}}, {"type" : "Feature", "geometry" : {"type":"Point","coordinates":[121.384356981,24.95543387]}, "properties" : {"name" : "自然風生物科技有限公司食品廠", "address" : "新北市樹林區柑園街二段一二二巷二號二樓", "reg_no" : "99602477", "data_time" : "2023-07-31"}}, {"type" : "Feature", "geometry" : {"type":"Point","coordinates":[121.793011714,25.102052644]}, "properties" : {"name" : "中日藥品股份有限公司瑞芳廠", "address" : "新北市瑞芳區頂坪路瑞芳工業區二九號", "reg_no" : "99601736", "data_time" : "2023-07-31"}}, {"type" : "Feature", "geometry" : {"type":"Point","coordinates":[121.414106823,25.162708346]}, "properties" : {"name" : "鴻順食品有限公司", "address" : "新北市八里區博物館路三一號二樓", "reg_no" : "99602934", "data_time" : "2023-07-31"}}, {"type" : "Feature", "geometry" : {"type":"Point","coordinates":[121.475274913,24.979082792]}, "properties" : {"name" : "薪味香食品股份有限公司", "address" : "新北市土城區永豐路一九五巷三五號", "reg_no" : "99603192", "data_time" : "2023-07-31"}}, {"type" : "Feature", "geometry" : {"type":"Point","coordinates":[121.484765438,25.011560041]}, "properties" : {"name" : "仁德國際股份有限公司", "address" : "新北市中和區中板路7之2號4樓", "reg_no" : "99606222", "data_time" : "2023-07-31"}}, {"type" : "Feature", "geometry" : {"type":"Point","coordinates":[121.433074792,25.029623851]}, "properties" : {"name" : "勤大食品有限公司", "address" : "新北市新莊區福營路一六五巷四二號之一、四四號一樓", "reg_no" : "99606373", "data_time" : "2023-07-31"}}, {"type" : "Feature", "geometry" : {"type":"Point","coordinates":[121.480828342,25.007566802]}, "properties" : {"name" : "仕龍咖啡有限公司", "address" : "新北市中和區員山路四六六巷二一弄三一號", "reg_no" : "99606798", "data_time" : "2023-07-31"}}, {"type" : "Feature", "geometry" : {"type":"Point","coordinates":[121.466037418,25.061720693]}, "properties" : {"name" : "圓方達企業有限公司三重廠", "address" : "新北市三重區新北大道2段260號4樓之3", "reg_no" : "99606727", "data_time" : "2023-07-31"}}, {"type" : "Feature", "geometry" : {"type":"Point","coordinates":[121.457251453,25.066557749]}, "properties" : {"name" : "富凰企業股份有限公司五股廠", "address" : "新北市新莊區五權二路二０號之一", "reg_no" : "99606878", "data_time" : "2023-07-31"}}, {"type" : "Feature", "geometry" : {"type":"Point","coordinates":[121.469372598,25.072798562]}, "properties" : {"name" : "奇華股份有限公司五股廠", "address" : "新北市五股區中興路1段10號7樓、7樓之1、之2、之3、之5、之6", "reg_no" : "99607349", "data_time" : "2023-07-31"}}, {"type" : "Feature", "geometry" : {"type":"Point","coordinates":[121.486554141,25.009124261]}, "properties" : {"name" : "東阪國際股份有限公司", "address" : "新北市中和區立德街148巷28、38、40號7樓", "reg_no" : "99607625", "data_time" : "2023-07-31"}}, {"type" : "Feature", "geometry" : {"type":"Point","coordinates":[121.431773226,25.159183202]}, "properties" : {"name" : "青葉國際有限公司", "address" : "新北市八里區龍米路二段二三二巷七號", "reg_no" : "99608470", "data_time" : "2023-07-31"}}, {"type" : "Feature", "geometry" : {"type":"Point","coordinates":[121.44058533,24.962734198]}, "properties" : {"name" : "國義食品實業有限公司土城廠", "address" : "新北市土城區承天路八三之一二號", "reg_no" : "99609744", "data_time" : "2023-07-31"}}, {"type" : "Feature", "geometry" : {"type":"Point","coordinates":[121.49198517,24.997434638]}, "properties" : {"name" : "福和生鮮農產股份有限公司", "address" : "新北市中和區連城路194巷4號", "reg_no" : "99615345", "data_time" : "2023-07-31"}}, {"type" : "Feature", "geometry" : {"type":"Point","coordinates":[121.320847958,24.932779439]}, "properties" : {"name" : "葆祥實業有限公司", "address" : "新北市鶯歌區中正三路491巷8號", "reg_no" : "99619295", "data_time" : "2023-07-31"}}, {"type" : "Feature", "geometry" : {"type":"Point","coordinates":[121.340942735,24.951772039]}, "properties" : {"name" : "健逢生物科技企業有限公司（食品廠）", "address" : "新北市鶯歌區建國路596巷68、70號(食品廠區)1樓、2樓", "reg_no" : "99619423", "data_time" : "2023-07-31"}}, {"type" : "Feature", "geometry" : {"type":"Point","coordinates":[121.602167099,25.002263698]}, "properties" : {"name" : "太陽牧場食品製造廠", "address" : "新北市深坑區北深路三段一五五巷二一號三樓", "reg_no" : "99619603", "data_time" : "2023-07-31"}}, {"type" : "Feature", "geometry" : {"type":"Point","coordinates":[121.478365668,25.185570184]}, "properties" : {"name" : "大玉成食品工業股份有限公司", "address" : "新北市淡水區北新路二段五八號", "reg_no" : "99689575", "data_time" : "2023-07-31"}}, {"type" : "Feature", "geometry" : {"type":"Point","coordinates":[121.483646209,25.00622192]}, "properties" : {"name" : "嘉義食品工業股份有限公司", "address" : "新北市中和區中正路九０七號", "reg_no" : "99690135", "data_time" : "2023-07-31"}}, {"type" : "Feature", "geometry" : {"type":"Point","coordinates":[121.488199547,25.003836491]}, "properties" : {"name" : "羿品有限公司中和廠", "address" : "新北市中和區建一路五號九樓", "reg_no" : "99690824", "data_time" : "2023-07-31"}}, {"type" : "Feature", "geometry" : {"type":"Point","coordinates":[121.470823196,25.04797986]}, "properties" : {"name" : "堉敏股份有限公司三重廠", "address" : "新北市三重區光復路一段六八巷二四弄一一號一樓", "reg_no" : "99690844", "data_time" : "2023-07-31"}}, {"type" : "Feature", "geometry" : {"type":"Point","coordinates":[121.328943353,24.940773859]}, "properties" : {"name" : "四川土產股份有限公司鶯歌廠", "address" : "新北市鶯歌區中正三路二三０巷一九之一號", "reg_no" : "99690892", "data_time" : "2023-07-31"}}, {"type" : "Feature", "geometry" : {"type":"Point","coordinates":[121.472022838,25.070425363]}, "properties" : {"name" : "軍順食品有限公司三重廠", "address" : "新北市三重區中正北路五三０巷一０號", "reg_no" : "99690891", "data_time" : "2023-07-31"}}, {"type" : "Feature", "geometry" : {"type":"Point","coordinates":[121.533422925,24.986056602]}, "properties" : {"name" : "帛泉企業有限公司", "address" : "新北市新店區中正路五三七號二樓", "reg_no" : "99691225", "data_time" : "2023-07-31"}}, {"type" : "Feature", "geometry" : {"type":"Point","coordinates":[121.456082435,25.068896942]}, "properties" : {"name" : "壯元食品有限公司", "address" : "新北市五股區五工三路一一六巷一四號一樓", "reg_no" : "99691303", "data_time" : "2023-07-31"}}, {"type" : "Feature", "geometry" : {"type":"Point","coordinates":[121.438313564,24.971649841]}, "properties" : {"name" : "安堡食品有限公司", "address" : "新北市土城區中央路二段三九四巷八號一樓", "reg_no" : "99696714", "data_time" : "2023-07-31"}}, {"type" : "Feature", "geometry" : {"type":"Point","coordinates":[121.465348676,25.012168361]}, "properties" : {"name" : "大得利家畜肉食品加工廠有限公司有效期限至中華民國102.6.24止", "address" : "新北市新莊區環河路六九一號", "reg_no" : "99691338", "data_time" : "2023-07-31"}}, {"type" : "Feature", "geometry" : {"type":"Point","coordinates":[121.494031147,25.00177685]}, "properties" : {"name" : "立商德有限公司", "address" : "新北市中和區中山路二段三一五巷二號七樓", "reg_no" : "99691414", "data_time" : "2023-07-31"}}, {"type" : "Feature", "geometry" : {"type":"Point","coordinates":[121.476420276,25.030703696]}, "properties" : {"name" : "泰霖豆腐工廠有限公司", "address" : "新北市板橋區松柏街七五號一樓", "reg_no" : "99691503", "data_time" : "2023-07-31"}}, {"type" : "Feature", "geometry" : {"type":"Point","coordinates":[121.456235648,25.066997946]}, "properties" : {"name" : "華建食品企業有限公司", "address" : "新北市五股區五工三路一０七號三樓", "reg_no" : "99691696", "data_time" : "2023-07-31"}}, {"type" : "Feature", "geometry" : {"type":"Point","coordinates":[121.477519902,25.070662405]}, "properties" : {"name" : "英吉生物科技有限公司", "address" : "新北市三重區中正北路一九三巷二一弄一五號", "reg_no" : "99691768", "data_time" : "2023-07-31"}}, {"type" : "Feature", "geometry" : {"type":"Point","coordinates":[121.485316502,24.999641275]}, "properties" : {"name" : "宏騏烘焙食品行", "address" : "新北市中和區中正路七六六號", "reg_no" : "99691766", "data_time" : "2023-07-31"}}, {"type" : "Feature", "geometry" : {"type":"Point","coordinates":[121.431188152,25.063078457]}, "properties" : {"name" : "鏗達實業有限公司泰山廠", "address" : "新北市泰山區泰林路二段二九二巷三號一樓", "reg_no" : "99691850", "data_time" : "2023-07-31"}}, {"type" : "Feature", "geometry" : {"type":"Point","coordinates":[121.358328294,24.906425831]}, "properties" : {"name" : "順華藥品工業股份有限公司食品廠", "address" : "新北市三峽區二鬮路186號", "reg_no" : "99691867", "data_time" : "2023-07-31"}}, {"type" : "Feature", "geometry" : {"type":"Point","coordinates":[121.467826402,25.056490745]}, "properties" : {"name" : "上宏茂生物科技股份有限公司", "address" : "新北市三重區中興北街一五０巷二六號", "reg_no" : "99691936", "data_time" : "2023-07-31"}}, {"type" : "Feature", "geometry" : {"type":"Point","coordinates":[121.425086958,24.966592494]}, "properties" : {"name" : "統一超食代股份有限公司台北廠", "address" : "新北市土城區土城工業區中興路16號", "reg_no" : "99692065", "data_time" : "2023-07-31"}}, {"type" : "Feature", "geometry" : {"type":"Point","coordinates":[121.401523224,25.078113973]}, "properties" : {"name" : "永成蛋品股份有限公司林口廠", "address" : "新北市林口區工四路一二號", "reg_no" : "99692267", "data_time" : "2023-07-31"}}, {"type" : "Feature", "geometry" : {"type":"Point","coordinates":[121.627177152,25.060220388]}, "properties" : {"name" : "金醇食品有限公司", "address" : "新北市汐止區福德一路407號1樓", "reg_no" : "99692544", "data_time" : "2023-07-31"}}, {"type" : "Feature", "geometry" : {"type":"Point","coordinates":[121.414998505,25.16229386]}, "properties" : {"name" : "輝勵食品廠", "address" : "新北市八里區埤頭里觀海大道二六八號", "reg_no" : "99692550", "data_time" : "2023-07-31"}}, {"type" : "Feature", "geometry" : {"type":"Point","coordinates":[121.427691015,24.960699006]}, "properties" : {"name" : "一豆實業有限公司", "address" : "新北市土城區永平街40號1樓", "reg_no" : "99692637", "data_time" : "2023-07-31"}}, {"type" : "Feature", "geometry" : {"type":"Point","coordinates":[121.413662469,24.98634084]}, "properties" : {"name" : "宗燁生物科技有限公司樹林廠", "address" : "新北市樹林區大安路五二八號八樓", "reg_no" : "99692729", "data_time" : "2023-07-31"}}, {"type" : "Feature", "geometry" : {"type":"Point","coordinates":[121.548833891,24.976476158]}, "properties" : {"name" : "同源國際科化股份有限公司", "address" : "新北市新店區寶橋路154巷5號4樓、5號5樓及7號5樓", "reg_no" : "99692914", "data_time" : "2023-07-31"}}, {"type" : "Feature", "geometry" : {"type":"Point","coordinates":[121.468187694,25.051934833]}, "properties" : {"name" : "超品召集令食品有限公司", "address" : "新北市三重區中興北街六０巷一、三號", "reg_no" : "99692977", "data_time" : "2023-07-31"}}, {"type" : "Feature", "geometry" : {"type":"Point","coordinates":[121.627546303,25.061833455]}, "properties" : {"name" : "留乃堂食品有限公司汐止廠", "address" : "新北市汐止區福德一路392巷22弄12號", "reg_no" : "99693101", "data_time" : "2023-07-31"}}, {"type" : "Feature", "geometry" : {"type":"Point","coordinates":[121.486836172,25.001837009]}, "properties" : {"name" : "溫師傅食品有限公司", "address" : "新北市中和區錦和路37號", "reg_no" : "99693130", "data_time" : "2023-07-31"}}, {"type" : "Feature", "geometry" : {"type":"Point","coordinates":[121.466736623,24.97799106]}, "properties" : {"name" : "三叔公食品股份有限公司土城廠", "address" : "新北市土城區國際路五五號一、二樓", "reg_no" : "99693214", "data_time" : "2023-07-31"}}, {"type" : "Feature", "geometry" : {"type":"Point","coordinates":[121.479717546,25.011453672]}, "properties" : {"name" : "波龍那食品有限公司中和廠", "address" : "新北市中和區中正路一二二０巷九號", "reg_no" : "99693248", "data_time" : "2023-07-31"}}, {"type" : "Feature", "geometry" : {"type":"Point","coordinates":[121.409879883,24.977447233]}, "properties" : {"name" : "喬麥屋企業有限公司", "address" : "新北市樹林區東順街八０之二號一、二樓", "reg_no" : "99693278", "data_time" : "2023-07-31"}}, {"type" : "Feature", "geometry" : {"type":"Point","coordinates":[121.499500786,24.954355507]}, "properties" : {"name" : "祿元企業有限公司", "address" : "新北市新店區安豐路五四之一號五樓", "reg_no" : "99693303", "data_time" : "2023-07-31"}}, {"type" : "Feature", "geometry" : {"type":"Point","coordinates":[121.460915397,25.129219029]}, "properties" : {"name" : "美吉食品有限公司", "address" : "新北市淡水區民權路231號1樓", "reg_no" : "99693333", "data_time" : "2023-07-31"}}, {"type" : "Feature", "geometry" : {"type":"Point","coordinates":[121.461387545,25.007752019]}, "properties" : {"name" : "醄醴有限公司", "address" : "新北市新莊區五權一路五號七樓之七", "reg_no" : "99693406", "data_time" : "2023-07-31"}}, {"type" : "Feature", "geometry" : {"type":"Point","coordinates":[121.793011714,25.102052644]}, "properties" : {"name" : "走遍天下食品有限公司", "address" : "新北市瑞芳區頂坪路瑞芳工業區一三九號一樓", "reg_no" : "99693418", "data_time" : "2023-07-31"}}, {"type" : "Feature", "geometry" : {"type":"Point","coordinates":[121.3838566,24.955334395]}, "properties" : {"name" : "全晟食品有限公司", "address" : "新北市樹林區柑園街二段一二二巷一二號九樓", "reg_no" : "99693416", "data_time" : "2023-07-31"}}, {"type" : "Feature", "geometry" : {"type":"Point","coordinates":[121.409005299,24.979868724]}, "properties" : {"name" : "華邑食品工廠", "address" : "新北市樹林區東興街二之四號一樓", "reg_no" : "99693500", "data_time" : "2023-07-31"}}, {"type" : "Feature", "geometry" : {"type":"Point","coordinates":[121.457601223,25.06958503]}, "properties" : {"name" : "樹森開發股份有限公司五股廠", "address" : "新北市五股區五工一路一０一號", "reg_no" : "99693537", "data_time" : "2023-07-31"}}, {"type" : "Feature", "geometry" : {"type":"Point","coordinates":[121.440732988,24.96354402]}, "properties" : {"name" : "亞美食品有限公司", "address" : "新北市土城區承天路七一巷四弄三號一樓及五號一樓", "reg_no" : "99693600", "data_time" : "2023-07-31"}}, {"type" : "Feature", "geometry" : {"type":"Point","coordinates":[121.532763235,24.986233344]}, "properties" : {"name" : "寬大食品有限公司新店一廠", "address" : "新北市新店區民生路二九號", "reg_no" : "99693681", "data_time" : "2023-07-31"}}, {"type" : "Feature", "geometry" : {"type":"Point","coordinates":[121.425703635,24.967378205]}, "properties" : {"name" : "台灣第一家有限公司土城廠", "address" : "新北市土城區成功街二之一號", "reg_no" : "99693760", "data_time" : "2023-07-31"}}, {"type" : "Feature", "geometry" : {"type":"Point","coordinates":[121.421373437,25.039500185]}, "properties" : {"name" : "長庚生物科技股份有限公司明志廠", "address" : "新北市泰山區南泰路一號", "reg_no" : "99693822", "data_time" : "2023-07-31"}}, {"type" : "Feature", "geometry" : {"type":"Point","coordinates":[121.626057274,25.059970862]}, "properties" : {"name" : "湘鄉食品有限公司", "address" : "新北市汐止區福德一路四三０巷五號", "reg_no" : "99693890", "data_time" : "2023-07-31"}}, {"type" : "Feature", "geometry" : {"type":"Point","coordinates":[121.533616029,24.982826379]}, "properties" : {"name" : "柏萊特國際股份有限公司", "address" : "新北市新店區中正路四九三號五樓", "reg_no" : "99693898", "data_time" : "2023-07-31"}}, {"type" : "Feature", "geometry" : {"type":"Point","coordinates":[121.40834523,24.975584677]}, "properties" : {"name" : "東爵企業有限公司樹林廠", "address" : "新北市樹林區東順街107號", "reg_no" : "99693993", "data_time" : "2023-07-31"}}, {"type" : "Feature", "geometry" : {"type":"Point","coordinates":[121.459741931,24.992475831]}, "properties" : {"name" : "兆陽食品行", "address" : "新北市板橋區信義路一六三巷九、一一號二樓", "reg_no" : "99694160", "data_time" : "2023-07-31"}}, {"type" : "Feature", "geometry" : {"type":"Point","coordinates":[121.451488793,25.067957972]}, "properties" : {"name" : "宣洋實業股份有限公司五股廠", "address" : "新北市五股區五權路四二之一號三樓", "reg_no" : "99694224", "data_time" : "2023-07-31"}}, {"type" : "Feature", "geometry" : {"type":"Point","coordinates":[121.455256569,25.199843826]}, "properties" : {"name" : "大安工研食品工廠股份有限公司淡水廠", "address" : "新北市淡水區埤島里行忠路168號", "reg_no" : "99694305", "data_time" : "2023-07-31"}}, {"type" : "Feature", "geometry" : {"type":"Point","coordinates":[121.421301658,24.98525235]}, "properties" : {"name" : "安立司食品有限公司", "address" : "新北市樹林區樹中街六三號一樓", "reg_no" : "99694355", "data_time" : "2023-07-31"}}, {"type" : "Feature", "geometry" : {"type":"Point","coordinates":[121.485553382,24.997888721]}, "properties" : {"name" : "品喀國際股份有限公司", "address" : "新北市中和區中正路七三六號五樓之二、之三、之四", "reg_no" : "99694374", "data_time" : "2023-07-31"}}, {"type" : "Feature", "geometry" : {"type":"Point","coordinates":[121.42174658,25.032072226]}, "properties" : {"name" : "韓寶國際企業有限公司", "address" : "新北市泰山區新北大道6段401號2樓", "reg_no" : "99694409", "data_time" : "2023-07-31"}}, {"type" : "Feature", "geometry" : {"type":"Point","coordinates":[121.477957247,25.071212194]}, "properties" : {"name" : "中興豆沙行", "address" : "新北市三重區中正北路一九三巷三五弄四七號", "reg_no" : "99694421", "data_time" : "2023-07-31"}}, {"type" : "Feature", "geometry" : {"type":"Point","coordinates":[121.488671041,25.00817617]}, "properties" : {"name" : "東穎食品實業有限公司", "address" : "新北市中和區立德街九八巷八二號", "reg_no" : "99694463", "data_time" : "2023-07-31"}}, {"type" : "Feature", "geometry" : {"type":"Point","coordinates":[121.475673743,25.029114152]}, "properties" : {"name" : "郭泉發食品工廠第一廠", "address" : "新北市板橋區雙十路二段一三０巷二弄八０號及八０號一樓之一", "reg_no" : "99694543", "data_time" : "2023-07-31"}}, {"type" : "Feature", "geometry" : {"type":"Point","coordinates":[121.494166156,25.001453926]}, "properties" : {"name" : "鑫格食品有限公司", "address" : "新北市中和區中山路二段三一五巷六號（一樓）", "reg_no" : "99694618", "data_time" : "2023-07-31"}}, {"type" : "Feature", "geometry" : {"type":"Point","coordinates":[121.480332378,25.011037144]}, "properties" : {"name" : "大佳麥有限公司", "address" : "新北市中和區中正路一二０六巷八號一樓", "reg_no" : "99694614", "data_time" : "2023-07-31"}}, {"type" : "Feature", "geometry" : {"type":"Point","coordinates":[121.482175644,25.010923509]}, "properties" : {"name" : "程美珍金食品有限公司", "address" : "新北市中和區中板路47巷23號及2樓", "reg_no" : "99694620", "data_time" : "2023-07-31"}}, {"type" : "Feature", "geometry" : {"type":"Point","coordinates":[121.457900219,25.068862273]}, "properties" : {"name" : "豐華食品股份有限公司", "address" : "新北市五股區五工二路一０六巷五號二樓", "reg_no" : "99694619", "data_time" : "2023-07-31"}}, {"type" : "Feature", "geometry" : {"type":"Point","coordinates":[121.485993812,25.002258981]}, "properties" : {"name" : "誠展食品有限公司", "address" : "新北市中和區建六路五三號一、二樓", "reg_no" : "99694776", "data_time" : "2023-07-31"}}, {"type" : "Feature", "geometry" : {"type":"Point","coordinates":[121.598736089,25.004789216]}, "properties" : {"name" : "三得冠股份有限公司深坑廠", "address" : "新北市深坑區北深路三段二六六號二樓", "reg_no" : "99694797", "data_time" : "2023-07-31"}}, {"type" : "Feature", "geometry" : {"type":"Point","coordinates":[121.453729866,25.064781874]}, "properties" : {"name" : "富一食品企業股份有限公司", "address" : "新北市五股區五權三路二四號一樓", "reg_no" : "99694844", "data_time" : "2023-07-31"}}, {"type" : "Feature", "geometry" : {"type":"Point","coordinates":[121.471937083,25.057639598]}, "properties" : {"name" : "弘燁實業股份有限公司", "address" : "新北市三重區光復路2段90號", "reg_no" : "99694928", "data_time" : "2023-07-31"}}, {"type" : "Feature", "geometry" : {"type":"Point","coordinates":[121.452205564,25.165869493]}, "properties" : {"name" : "登峰食品有限公司", "address" : "新北市淡水區中正東路一段三巷三七號、四三號、四五號八樓", "reg_no" : "99694927", "data_time" : "2023-07-31"}}, {"type" : "Feature", "geometry" : {"type":"Point","coordinates":[121.551496452,24.980593964]}, "properties" : {"name" : "鼎耀食品股份有限公司新店廠", "address" : "新北市新店區寶橋路二三五巷一四號一樓", "reg_no" : "99694965", "data_time" : "2023-07-31"}}, {"type" : "Feature", "geometry" : {"type":"Point","coordinates":[121.425086958,24.966592494]}, "properties" : {"name" : "貴族世家企業股份有限公司土城廠", "address" : "新北市土城區沛陂里一六鄰中興路一七號（一、二、三樓）", "reg_no" : "99695011", "data_time" : "2023-07-31"}}, {"type" : "Feature", "geometry" : {"type":"Point","coordinates":[121.416811493,25.01842002]}, "properties" : {"name" : "祥立食品有限公司樹林廠", "address" : "新北市樹林區三龍街九七號一樓", "reg_no" : "99695045", "data_time" : "2023-07-31"}}, {"type" : "Feature", "geometry" : {"type":"Point","coordinates":[121.629430773,25.063254471]}, "properties" : {"name" : "萬通食品廠股份有限公司汐止廠", "address" : "新北市汐止區福德一路三四二巷二弄一號五樓之一、七號五樓", "reg_no" : "99695061", "data_time" : "2023-07-31"}}, {"type" : "Feature", "geometry" : {"type":"Point","coordinates":[121.44988774,25.062121794]}, "properties" : {"name" : "萊爾富國際股份有限公司五股廠", "address" : "新北市五股區五工六路15號1樓", "reg_no" : "99695077", "data_time" : "2023-07-31"}}, {"type" : "Feature", "geometry" : {"type":"Point","coordinates":[121.461764759,25.04443917]}, "properties" : {"name" : "名記豆腐有限公司新莊廠", "address" : "新北市新莊區復興路三段五０號一、二樓", "reg_no" : "99695115", "data_time" : "2023-07-31"}}, {"type" : "Feature", "geometry" : {"type":"Point","coordinates":[121.434597943,24.973564009]}, "properties" : {"name" : "台新食品有限公司", "address" : "新北市土城區亞洲路五八巷三弄一二號", "reg_no" : "99695302", "data_time" : "2023-07-31"}}, {"type" : "Feature", "geometry" : {"type":"Point","coordinates":[121.534171921,24.987777798]}, "properties" : {"name" : "一之軒食品有限公司新店廠", "address" : "新北市新店區復興路一一一號六樓", "reg_no" : "99695426", "data_time" : "2023-07-31"}}, {"type" : "Feature", "geometry" : {"type":"Point","coordinates":[121.450441054,25.198842016]}, "properties" : {"name" : "中生生技製藥股份有限公司淡水二廠", "address" : "新北市淡水區埤島里行忠路70號", "reg_no" : "99695463", "data_time" : "2023-07-31"}}, {"type" : "Feature", "geometry" : {"type":"Point","coordinates":[121.471845048,24.978894542]}, "properties" : {"name" : "禾家宜有限公司", "address" : "新北市土城區永豐路一九五巷七弄一號一、二樓", "reg_no" : "99695509", "data_time" : "2023-07-31"}}, {"type" : "Feature", "geometry" : {"type":"Point","coordinates":[121.488288524,25.008225202]}, "properties" : {"name" : "范記天下素食有限公司", "address" : "新北市中和區立德街五二巷一七號一樓", "reg_no" : "99695521", "data_time" : "2023-07-31"}}, {"type" : "Feature", "geometry" : {"type":"Point","coordinates":[121.402018079,24.9725691]}, "properties" : {"name" : "日意實業有限公司", "address" : "新北市樹林區新興街三七巷九號二、三樓", "reg_no" : "99695544", "data_time" : "2023-07-31"}}, {"type" : "Feature", "geometry" : {"type":"Point","coordinates":[121.412349858,24.987264099]}, "properties" : {"name" : "禾品企業有限公司", "address" : "新北市樹林區備內街四五號", "reg_no" : "99695595", "data_time" : "2023-07-31"}}, {"type" : "Feature", "geometry" : {"type":"Point","coordinates":[121.551900416,24.978092867]}, "properties" : {"name" : "紅杉有限公司", "address" : "新北市新店區寶高路7巷4號1樓", "reg_no" : "99695606", "data_time" : "2023-07-31"}}, {"type" : "Feature", "geometry" : {"type":"Point","coordinates":[121.443225224,24.987378998]}, "properties" : {"name" : "嘉軒食品廠有限公司", "address" : "新北市土城區日新街三三巷七號一、三樓", "reg_no" : "99695702", "data_time" : "2023-07-31"}}, {"type" : "Feature", "geometry" : {"type":"Point","coordinates":[121.413866798,24.975156166]}, "properties" : {"name" : "素仚食品有限公司", "address" : "新北市樹林區東豐街四九巷八弄二九號一樓", "reg_no" : "99695723", "data_time" : "2023-07-31"}}, {"type" : "Feature", "geometry" : {"type":"Point","coordinates":[121.469332298,25.054612623]}, "properties" : {"name" : "強富食品股份有限公司", "address" : "新北市三重區光復路二段四二巷三九號五樓", "reg_no" : "99695767", "data_time" : "2023-07-31"}}, {"type" : "Feature", "geometry" : {"type":"Point","coordinates":[121.43590794,24.968208044]}, "properties" : {"name" : "祈光訊息能科技有限公司", "address" : "新北市土城區中央路3段76巷22號1樓", "reg_no" : "99695802", "data_time" : "2023-07-31"}}, {"type" : "Feature", "geometry" : {"type":"Point","coordinates":[121.490741925,25.00486769]}, "properties" : {"name" : "珍典食品有限公司", "address" : "新北市中和區中山路二段三八０巷三三號一樓", "reg_no" : "99695805", "data_time" : "2023-07-31"}}, {"type" : "Feature", "geometry" : {"type":"Point","coordinates":[121.481770492,25.005420576]}, "properties" : {"name" : "一德立食品有限公司", "address" : "新北市中和區中山路二段六０六號一樓", "reg_no" : "99695855", "data_time" : "2023-07-31"}}, {"type" : "Feature", "geometry" : {"type":"Point","coordinates":[121.484473628,25.012014848]}, "properties" : {"name" : "第一分道山葵店有限公司", "address" : "新北市中和區中板路18巷2弄16號", "reg_no" : "99695876", "data_time" : "2023-07-31"}}, {"type" : "Feature", "geometry" : {"type":"Point","coordinates":[121.678349334,25.074106594]}, "properties" : {"name" : "來來食品廠", "address" : "新北市汐止區大安街五六巷三三弄七號一樓", "reg_no" : "99695939", "data_time" : "2023-07-31"}}, {"type" : "Feature", "geometry" : {"type":"Point","coordinates":[121.598769382,25.005538032]}, "properties" : {"name" : "沅德企業社", "address" : "新北市深坑區萬福里北深路三段二七０巷一一號二樓", "reg_no" : "99695971", "data_time" : "2023-07-31"}}, {"type" : "Feature", "geometry" : {"type":"Point","coordinates":[121.486407409,25.002784338]}, "properties" : {"name" : "吉又祥食品有限公司", "address" : "新北市中和區錦和路二五號二、三樓", "reg_no" : "99696029", "data_time" : "2023-07-31"}}, {"type" : "Feature", "geometry" : {"type":"Point","coordinates":[121.535673851,24.98297825]}, "properties" : {"name" : "風城製麵有限公司一廠", "address" : "新北市新店區民權路一０八號地下一樓、一０八之一號地下一樓、一０八之三號地下一樓", "reg_no" : "99696184", "data_time" : "2023-07-31"}}, {"type" : "Feature", "geometry" : {"type":"Point","coordinates":[121.765629969,25.102113756]}, "properties" : {"name" : "尚冠冷凍食品有限公司瑞芳廠", "address" : "新北市瑞芳區大埔路有勝二村二一號一樓", "reg_no" : "99696209", "data_time" : "2023-07-31"}}, {"type" : "Feature", "geometry" : {"type":"Point","coordinates":[121.457251453,25.066557749]}, "properties" : {"name" : "媽媽家食品企業有限公司新莊廠", "address" : "新北市新莊區五權二路二０號七樓之三", "reg_no" : "99696210", "data_time" : "2023-07-31"}}, {"type" : "Feature", "geometry" : {"type":"Point","coordinates":[121.408780031,24.978873971]}, "properties" : {"name" : "大政素食國際有限公司", "address" : "新北市樹林區東興街六巷一六、一八號一、二樓", "reg_no" : "99696275", "data_time" : "2023-07-31"}}, {"type" : "Feature", "geometry" : {"type":"Point","coordinates":[121.418836397,25.031490858]}, "properties" : {"name" : "味仙餐飲有限公司", "address" : "新北市泰山區德安街一九號", "reg_no" : "99696450", "data_time" : "2023-07-31"}}, {"type" : "Feature", "geometry" : {"type":"Point","coordinates":[121.636315722,25.057170759]}, "properties" : {"name" : "財欣食品有限公司", "address" : "新北市汐止區大同路一段三０二巷二０號一樓及夾層", "reg_no" : "99696537", "data_time" : "2023-07-31"}}, {"type" : "Feature", "geometry" : {"type":"Point","coordinates":[121.500766238,25.063394071]}, "properties" : {"name" : "驊珍食品有限公司", "address" : "新北市三重區重新路一段九九號", "reg_no" : "99696584", "data_time" : "2023-07-31"}}, {"type" : "Feature", "geometry" : {"type":"Point","coordinates":[121.552198374,24.980498202]}, "properties" : {"name" : "嘉展食品廠有限公司", "address" : "新北市新店區寶橋路二三五巷六弄一號一樓", "reg_no" : "99696665", "data_time" : "2023-07-31"}}, {"type" : "Feature", "geometry" : {"type":"Point","coordinates":[121.460108489,25.246264132]}, "properties" : {"name" : "新台統食品有限公司", "address" : "新北市三芝區大片頭八三之一八號一樓", "reg_no" : "99696727", "data_time" : "2023-07-31"}}, {"type" : "Feature", "geometry" : {"type":"Point","coordinates":[121.599145492,25.005967501]}, "properties" : {"name" : "三商烘焙食品股份有限公司深坑廠", "address" : "新北市深坑區北深路三段二七０巷一六號之三", "reg_no" : "99696725", "data_time" : "2023-07-31"}}, {"type" : "Feature", "geometry" : {"type":"Point","coordinates":[121.418676216,25.007497175]}, "properties" : {"name" : "元健觀音亭素食批發行", "address" : "新北市樹林區中正路二三四巷一六號一樓", "reg_no" : "99696807", "data_time" : "2023-07-31"}}, {"type" : "Feature", "geometry" : {"type":"Point","coordinates":[121.441589228,24.963185373]}, "properties" : {"name" : "泓霖食品工業有限公司", "address" : "新北市土城區承天路71巷4弄21號", "reg_no" : "99696827", "data_time" : "2023-07-31"}}, {"type" : "Feature", "geometry" : {"type":"Point","coordinates":[121.488431851,25.002261573]}, "properties" : {"name" : "旭揚食品工業股份有限公司", "address" : "新北市中和區建一路九三巷一號五樓", "reg_no" : "99696852", "data_time" : "2023-07-31"}}, {"type" : "Feature", "geometry" : {"type":"Point","coordinates":[121.622461587,25.0669761]}, "properties" : {"name" : "美堤食品有限公司", "address" : "新北市汐止區康寧街一六三號一、二、三樓", "reg_no" : "99696871", "data_time" : "2023-07-31"}}, {"type" : "Feature", "geometry" : {"type":"Point","coordinates":[121.433258857,25.028289261]}, "properties" : {"name" : "福商勝蛋品有限公司", "address" : "新北市新莊區後港一路二０二號一樓", "reg_no" : "99696888", "data_time" : "2023-07-31"}}, {"type" : "Feature", "geometry" : {"type":"Point","coordinates":[121.485810394,25.008639395]}, "properties" : {"name" : "巧味多企業有限公司", "address" : "新北市中和區立德街一０七號六樓", "reg_no" : "99696904", "data_time" : "2023-07-31"}}, {"type" : "Feature", "geometry" : {"type":"Point","coordinates":[121.551062423,24.980820108]}, "properties" : {"name" : "集好佳興業有限公司（新店廠）", "address" : "新北市新店區寶橋路二三五巷一三號一樓", "reg_no" : "99696900", "data_time" : "2023-07-31"}}, {"type" : "Feature", "geometry" : {"type":"Point","coordinates":[121.409016225,25.015137294]}, "properties" : {"name" : "青商有限公司樹林廠", "address" : "新北市樹林區忠信街三號一樓", "reg_no" : "99696938", "data_time" : "2023-07-31"}}, {"type" : "Feature", "geometry" : {"type":"Point","coordinates":[121.466736623,24.97799106]}, "properties" : {"name" : "雪之戀食品有限公司", "address" : "新北市土城區國際路五五號三樓", "reg_no" : "99696937", "data_time" : "2023-07-31"}}, {"type" : "Feature", "geometry" : {"type":"Point","coordinates":[121.473211414,25.050132707]}, "properties" : {"name" : "竑品食品股份有限公司", "address" : "新北市三重區光復路一段八三巷九號一０樓", "reg_no" : "99696962", "data_time" : "2023-07-31"}}, {"type" : "Feature", "geometry" : {"type":"Point","coordinates":[121.476737463,25.006457281]}, "properties" : {"name" : "康禾興業股份有限公司", "address" : "新北市中和區中山路三段一一０號四樓之四", "reg_no" : "99697021", "data_time" : "2023-07-31"}}, {"type" : "Feature", "geometry" : {"type":"Point","coordinates":[121.622649889,25.068774576]}, "properties" : {"name" : "寶艦企業有限公司", "address" : "新北市汐止區康寧街一六九巷二七之一號五樓之一、五樓之二", "reg_no" : "99697029", "data_time" : "2023-07-31"}}, {"type" : "Feature", "geometry" : {"type":"Point","coordinates":[121.340865296,24.937286822]}, "properties" : {"name" : "蜂蜜蜜蜂咖啡豆有限公司鶯歌廠", "address" : "新北市鶯歌區二甲路二０之三號一樓", "reg_no" : "99697063", "data_time" : "2023-07-31"}}, {"type" : "Feature", "geometry" : {"type":"Point","coordinates":[121.622376748,25.067789863]}, "properties" : {"name" : "科捷生物科技股份有限公司汐止廠", "address" : "新北市汐止區康寧街153號6樓", "reg_no" : "99697072", "data_time" : "2023-07-31"}}, {"type" : "Feature", "geometry" : {"type":"Point","coordinates":[121.462022521,25.216399384]}, "properties" : {"name" : "香華天股份有限公司興仁廠", "address" : "新北市淡水區頂田寮路145號3樓", "reg_no" : "99697101", "data_time" : "2023-07-31"}}, {"type" : "Feature", "geometry" : {"type":"Point","coordinates":[121.678455468,25.073514545]}, "properties" : {"name" : "台灣景兆豐股份有限公司汐止廠", "address" : "新北市汐止區大安街五六巷二四號一、二、三樓", "reg_no" : "99697102", "data_time" : "2023-07-31"}}, {"type" : "Feature", "geometry" : {"type":"Point","coordinates":[121.411038453,24.989170162]}, "properties" : {"name" : "元本食品行", "address" : "新北市樹林區光明街一０號一樓", "reg_no" : "99697109", "data_time" : "2023-07-31"}}, {"type" : "Feature", "geometry" : {"type":"Point","coordinates":[121.369231378,24.918926318]}, "properties" : {"name" : "中原食品工業開發股份有限公司三峽二廠", "address" : "新北市三峽區正義街一八號一樓", "reg_no" : "99697200", "data_time" : "2023-07-31"}}, {"type" : "Feature", "geometry" : {"type":"Point","coordinates":[121.636904832,25.061334403]}, "properties" : {"name" : "海津企業股份有限公司", "address" : "新北市汐止區大同路一段三三七巷一六弄三九號", "reg_no" : "99697230", "data_time" : "2023-07-31"}}, {"type" : "Feature", "geometry" : {"type":"Point","coordinates":[121.479409095,25.008627191]}, "properties" : {"name" : "苦行生化科技有限公司員山廠", "address" : "新北市中和區員山路五０六號三樓", "reg_no" : "99697236", "data_time" : "2023-07-31"}}, {"type" : "Feature", "geometry" : {"type":"Point","coordinates":[121.448898348,25.069301396]}, "properties" : {"name" : "韓松貿易有限公司", "address" : "新北市五股區五權八路三九號一樓", "reg_no" : "99697310", "data_time" : "2023-07-31"}}, {"type" : "Feature", "geometry" : {"type":"Point","coordinates":[121.466793306,25.043407848]}, "properties" : {"name" : "睿森生物科技有限公司", "address" : "新北市三重區重新路五段639之1、639之2、639之3號5樓", "reg_no" : "99718018", "data_time" : "2023-07-31"}}, {"type" : "Feature", "geometry" : {"type":"Point","coordinates":[121.42779867,25.005881826]}, "properties" : {"name" : "明宜食品有限公司", "address" : "新北市樹林區俊英街一一六巷九號", "reg_no" : "99718022", "data_time" : "2023-07-31"}}, {"type" : "Feature", "geometry" : {"type":"Point","coordinates":[121.471943729,25.05396609]}, "properties" : {"name" : "歐立食品股份有限公司三重廠", "address" : "新北市三重區光復路二段一六號一樓", "reg_no" : "99718036", "data_time" : "2023-07-31"}}, {"type" : "Feature", "geometry" : {"type":"Point","coordinates":[121.481359496,25.008735376]}, "properties" : {"name" : "京工興業有限公司", "address" : "新北市中和區新民街九四巷一二號一樓", "reg_no" : "99718035", "data_time" : "2023-07-31"}}, {"type" : "Feature", "geometry" : {"type":"Point","coordinates":[121.48817451,25.008559994]}, "properties" : {"name" : "鄭家香食品有限公司", "address" : "新北市中和區立德街九八巷六四號一樓", "reg_no" : "99718091", "data_time" : "2023-07-31"}}, {"type" : "Feature", "geometry" : {"type":"Point","coordinates":[121.43908572,25.084379449]}, "properties" : {"name" : "成長事業有限公司", "address" : "新北市五股區工商路六０號一樓", "reg_no" : "99718126", "data_time" : "2023-07-31"}}, {"type" : "Feature", "geometry" : {"type":"Point","coordinates":[121.486883765,25.008955973]}, "properties" : {"name" : "逢興生物科技股份有限公司中和廠", "address" : "新北市中和區立德街一四八巷二六號四樓", "reg_no" : "99718182", "data_time" : "2023-07-31"}}, {"type" : "Feature", "geometry" : {"type":"Point","coordinates":[121.636198193,25.057302632]}, "properties" : {"name" : "惟朵食品有限公司", "address" : "新北市汐止區大同路一段三０二巷一八號一樓", "reg_no" : "99718261", "data_time" : "2023-07-31"}}, {"type" : "Feature", "geometry" : {"type":"Point","coordinates":[121.490532135,24.999806916]}, "properties" : {"name" : "上果食品有限公司", "address" : "新北市中和區建康路一七四號五樓", "reg_no" : "99718301", "data_time" : "2023-07-31"}}, {"type" : "Feature", "geometry" : {"type":"Point","coordinates":[121.534403462,24.98492323]}, "properties" : {"name" : "紅飛股份有限公司", "address" : "新北市新店區中正路四維巷二弄六號四樓", "reg_no" : "99718348", "data_time" : "2023-07-31"}}, {"type" : "Feature", "geometry" : {"type":"Point","coordinates":[121.452961088,25.06302847]}, "properties" : {"name" : "美食達人股份有限公司新莊廠", "address" : "新北市新莊區五權三路12巷3號1樓及3樓", "reg_no" : "99718372", "data_time" : "2023-07-31"}}, {"type" : "Feature", "geometry" : {"type":"Point","coordinates":[121.483369349,25.012512904]}, "properties" : {"name" : "舒麥爾食品有限公司中和廠", "address" : "新北市中和區中板路18巷1弄19號1、2樓", "reg_no" : "99718390", "data_time" : "2023-07-31"}}, {"type" : "Feature", "geometry" : {"type":"Point","coordinates":[121.451269399,25.065783555]}, "properties" : {"name" : "伂橙股份有限公司", "address" : "新北市五股區五權六路26號(3、4、5樓)", "reg_no" : "99718415", "data_time" : "2023-07-31"}}, {"type" : "Feature", "geometry" : {"type":"Point","coordinates":[121.534168975,24.98524416]}, "properties" : {"name" : "得記食品有限公司新店廠", "address" : "新北市新店區中正路四維巷二弄一號四樓", "reg_no" : "99718422", "data_time" : "2023-07-31"}}, {"type" : "Feature", "geometry" : {"type":"Point","coordinates":[121.551916686,24.980800222]}, "properties" : {"name" : "大登食品有限公司新店廠", "address" : "新北市新店區寶橋路二三五巷六弄五號一樓", "reg_no" : "99718452", "data_time" : "2023-07-31"}}, {"type" : "Feature", "geometry" : {"type":"Point","coordinates":[121.490337219,25.000004622]}, "properties" : {"name" : "麗米檢驗科技有限公司中和廠", "address" : "新北市中和區建康路一五六號一樓", "reg_no" : "99718474", "data_time" : "2023-07-31"}}, {"type" : "Feature", "geometry" : {"type":"Point","coordinates":[121.444424811,24.989536397]}, "properties" : {"name" : "育啟食品有限公司土城廠", "address" : "新北市土城區中華路一段五六巷二五號一樓", "reg_no" : "99718487", "data_time" : "2023-07-31"}}, {"type" : "Feature", "geometry" : {"type":"Point","coordinates":[121.491115299,24.99783936]}, "properties" : {"name" : "核綠旺食品科技股份有限公司", "address" : "新北市中和區連城路二二二巷六弄八號一樓", "reg_no" : "99718501", "data_time" : "2023-07-31"}}, {"type" : "Feature", "geometry" : {"type":"Point","coordinates":[121.459638835,24.992592001]}, "properties" : {"name" : "太允國際股份有限公司", "address" : "新北市板橋區信義路一六三巷九號四樓", "reg_no" : "99718570", "data_time" : "2023-07-31"}}, {"type" : "Feature", "geometry" : {"type":"Point","coordinates":[121.471897236,25.071046821]}, "properties" : {"name" : "儀諭企業社", "address" : "新北市三重區中正北路530巷11號1樓", "reg_no" : "65003859", "data_time" : "2023-07-31"}}, {"type" : "Feature", "geometry" : {"type":"Point","coordinates":[121.448997835,25.065978335]}, "properties" : {"name" : "直欣食品有限公司五股廠", "address" : "新北市五股區五權路一九號一樓", "reg_no" : "99718637", "data_time" : "2023-07-31"}}, {"type" : "Feature", "geometry" : {"type":"Point","coordinates":[121.457934508,25.066172262]}, "properties" : {"name" : "高格工業有限公司五股廠", "address" : "新北市新莊區五權一路五號六樓之五", "reg_no" : "99718731", "data_time" : "2023-07-31"}}, {"type" : "Feature", "geometry" : {"type":"Point","coordinates":[121.415107416,24.975485887]}, "properties" : {"name" : "雅傳企業有限公司", "address" : "新北市樹林區東豐街四九之一號", "reg_no" : "99718771", "data_time" : "2023-07-31"}}, {"type" : "Feature", "geometry" : {"type":"Point","coordinates":[121.472678666,24.980396899]}, "properties" : {"name" : "祥榮生物科技有限公司", "address" : "新北市土城區永豐路一九五巷二七弄三二號", "reg_no" : "99718924", "data_time" : "2023-07-31"}}, {"type" : "Feature", "geometry" : {"type":"Point","coordinates":[121.412107368,24.987635055]}, "properties" : {"name" : "板田實業有限公司", "address" : "新北市樹林區備內街五二之二號", "reg_no" : "99718901", "data_time" : "2023-07-31"}}, {"type" : "Feature", "geometry" : {"type":"Point","coordinates":[121.550956234,24.974117352]}, "properties" : {"name" : "豆穌朋食品股份有限公司", "address" : "新北市新店區寶興路45巷6弄10號(1樓、2樓)", "reg_no" : "99718930", "data_time" : "2023-07-31"}}, {"type" : "Feature", "geometry" : {"type":"Point","coordinates":[121.457392108,25.065592287]}, "properties" : {"name" : "羽恩有限公司新莊廠", "address" : "新北市新莊區五權一路三號八樓之六", "reg_no" : "99718956", "data_time" : "2023-07-31"}}, {"type" : "Feature", "geometry" : {"type":"Point","coordinates":[121.488378244,25.076305528]}, "properties" : {"name" : "正茂食品有限公司三重廠", "address" : "新北市三重區自強路四段一０號一樓", "reg_no" : "99718967", "data_time" : "2023-07-31"}}, {"type" : "Feature", "geometry" : {"type":"Point","coordinates":[121.402654445,24.934101867]}, "properties" : {"name" : "盛源食品原料股份有限公司", "address" : "新北市三峽區溪東路86號1樓", "reg_no" : "99719061", "data_time" : "2023-07-31"}}, {"type" : "Feature", "geometry" : {"type":"Point","coordinates":[121.451874679,25.068912426]}, "properties" : {"name" : "益合國際股份有限公司", "address" : "新北市五股區五權路三九號地下一樓、一樓、二樓", "reg_no" : "99719155", "data_time" : "2023-07-31"}}, {"type" : "Feature", "geometry" : {"type":"Point","coordinates":[121.472033884,25.069475583]}, "properties" : {"name" : "統賀冷凍食品有限公司", "address" : "新北市三重區中正北路五三０巷一八號一樓", "reg_no" : "99719175", "data_time" : "2023-07-31"}}, {"type" : "Feature", "geometry" : {"type":"Point","coordinates":[121.489947822,24.998669546]}, "properties" : {"name" : "金龍億食品有限公司", "address" : "新北市中和區建八路一三一號（一樓）", "reg_no" : "99719183", "data_time" : "2023-07-31"}}, {"type" : "Feature", "geometry" : {"type":"Point","coordinates":[121.626272198,25.05940773]}, "properties" : {"name" : "威翰麵包工廠", "address" : "新北市汐止區福德一路四三五號", "reg_no" : "99719235", "data_time" : "2023-07-31"}}, {"type" : "Feature", "geometry" : {"type":"Point","coordinates":[121.478588282,25.070909775]}, "properties" : {"name" : "永兆豐股份有限公司三重廠", "address" : "新北市三重區中正北路193巷21弄39號", "reg_no" : "99719243", "data_time" : "2023-07-31"}}, {"type" : "Feature", "geometry" : {"type":"Point","coordinates":[121.480727786,25.072777972]}, "properties" : {"name" : "欣洲食品有限公司", "address" : "新北市三重區國道路1段67號1樓", "reg_no" : "99719262", "data_time" : "2023-07-31"}}, {"type" : "Feature", "geometry" : {"type":"Point","coordinates":[121.453729866,25.064781874]}, "properties" : {"name" : "唯一行食業股份有限公司五股廠", "address" : "新北市五股區五權三路二四號三之五樓", "reg_no" : "99719281", "data_time" : "2023-07-31"}}, {"type" : "Feature", "geometry" : {"type":"Point","coordinates":[121.435289302,24.972259123]}, "properties" : {"name" : "委鵬實業有限公司", "address" : "新北市土城區慶祥街七七號一樓", "reg_no" : "99719282", "data_time" : "2023-07-31"}}, {"type" : "Feature", "geometry" : {"type":"Point","coordinates":[121.442899116,25.205441936]}, "properties" : {"name" : "野村食品企業股份有限公司淡水廠", "address" : "新北市淡水區下圭柔山七六之八號", "reg_no" : "99719330", "data_time" : "2023-07-31"}}, {"type" : "Feature", "geometry" : {"type":"Point","coordinates":[121.410059961,25.159026333]}, "properties" : {"name" : "品元實業股份有限公司仁愛廠", "address" : "新北市八里區仁愛路122號1樓", "reg_no" : "99719324", "data_time" : "2023-07-31"}}, {"type" : "Feature", "geometry" : {"type":"Point","coordinates":[121.433794195,24.972710069]}, "properties" : {"name" : "萬得富實業股份有限公司", "address" : "新北市土城區亞洲路108巷12號", "reg_no" : "99719389", "data_time" : "2023-07-31"}}, {"type" : "Feature", "geometry" : {"type":"Point","coordinates":[121.602315519,25.002470492]}, "properties" : {"name" : "韋樺有限公司深坑廠", "address" : "新北市深坑區北深路三段一五五巷一七號八樓", "reg_no" : "99719394", "data_time" : "2023-07-31"}}, {"type" : "Feature", "geometry" : {"type":"Point","coordinates":[121.491340064,24.997016904]}, "properties" : {"name" : "遠冠股份有限公司中和廠", "address" : "新北市中和區連城路２２２巷２弄２號１、２樓", "reg_no" : "99719424", "data_time" : "2023-07-31"}}, {"type" : "Feature", "geometry" : {"type":"Point","coordinates":[121.362473073,24.942686229]}, "properties" : {"name" : "吳記蛋品有限公司", "address" : "新北市三峽區隆恩街一六三號一、二樓", "reg_no" : "99719463", "data_time" : "2023-07-31"}}, {"type" : "Feature", "geometry" : {"type":"Point","coordinates":[121.460511105,24.993860102]}, "properties" : {"name" : "禾膳食號", "address" : "新北市板橋區和平路24巷12號1樓", "reg_no" : "99719470", "data_time" : "2023-07-31"}}, {"type" : "Feature", "geometry" : {"type":"Point","coordinates":[121.423435198,25.160918798]}, "properties" : {"name" : "鴻皓國際有限公司八里廠", "address" : "新北市八里區忠孝路170號2樓", "reg_no" : "99719538", "data_time" : "2023-07-31"}}, {"type" : "Feature", "geometry" : {"type":"Point","coordinates":[121.678447473,25.073132033]}, "properties" : {"name" : "皇登企業有限公司", "address" : "新北市汐止區大安街五二巷一三號", "reg_no" : "99719553", "data_time" : "2023-07-31"}}, {"type" : "Feature", "geometry" : {"type":"Point","coordinates":[121.53358013,24.98361717]}, "properties" : {"name" : "糖坊食品有限公司", "address" : "新北市新店區中正路五０一之一二號五樓", "reg_no" : "99719589", "data_time" : "2023-07-31"}}, {"type" : "Feature", "geometry" : {"type":"Point","coordinates":[121.602612252,25.002845345]}, "properties" : {"name" : "萬灃國際有限公司深坑廠", "address" : "新北市深坑區北深路三段一五五巷七號八樓", "reg_no" : "99719600", "data_time" : "2023-07-31"}}, {"type" : "Feature", "geometry" : {"type":"Point","coordinates":[121.452099099,25.064789196]}, "properties" : {"name" : "貝克利有限公司", "address" : "新北市五股區五工五路二四號一樓", "reg_no" : "99719592", "data_time" : "2023-07-31"}}, {"type" : "Feature", "geometry" : {"type":"Point","coordinates":[121.448696816,25.069998411]}, "properties" : {"name" : "台灣司麥爾食品股份有限公司", "address" : "新北市五股區五工六路七六號", "reg_no" : "99719614", "data_time" : "2023-07-31"}}, {"type" : "Feature", "geometry" : {"type":"Point","coordinates":[121.469073706,25.061612821]}, "properties" : {"name" : "鮮到味有限公司", "address" : "新北市三重區中興北街四二號一、二樓及四二巷九號", "reg_no" : "99719648", "data_time" : "2023-07-31"}}, {"type" : "Feature", "geometry" : {"type":"Point","coordinates":[121.446022752,25.066785465]}, "properties" : {"name" : "金吉王食品股份有限公司五股廠", "address" : "新北市五股區五工六路五一號二樓", "reg_no" : "99719663", "data_time" : "2023-07-31"}}, {"type" : "Feature", "geometry" : {"type":"Point","coordinates":[121.489663529,24.99875139]}, "properties" : {"name" : "如頤有限公司", "address" : "新北市中和區建八路一二三號一樓", "reg_no" : "99719693", "data_time" : "2023-07-31"}}, {"type" : "Feature", "geometry" : {"type":"Point","coordinates":[121.468132517,25.054438273]}, "properties" : {"name" : "明津食品有限公司", "address" : "新北市三重區中興北街104巷19號1樓", "reg_no" : "99719695", "data_time" : "2023-07-31"}}, {"type" : "Feature", "geometry" : {"type":"Point","coordinates":[121.427233997,25.005927692]}, "properties" : {"name" : "豐強食品有限公司", "address" : "新北市樹林區俊英街一三二號二樓", "reg_no" : "99719731", "data_time" : "2023-07-31"}}, {"type" : "Feature", "geometry" : {"type":"Point","coordinates":[121.47093693,25.05491782]}, "properties" : {"name" : "紘一實業有限公司三重廠", "address" : "新北市三重區光復路2段42巷15號1、2、3樓", "reg_no" : "99719749", "data_time" : "2023-07-31"}}, {"type" : "Feature", "geometry" : {"type":"Point","coordinates":[121.459232772,24.992637492]}, "properties" : {"name" : "紅象食品有限公司", "address" : "新北市板橋區信義路一六三巷四號一樓", "reg_no" : "99719760", "data_time" : "2023-07-31"}}, {"type" : "Feature", "geometry" : {"type":"Point","coordinates":[121.421164404,25.032030899]}, "properties" : {"name" : "大亞新紀企業有限公司泰山廠", "address" : "新北市泰山區明志路三段五一三號一０樓", "reg_no" : "99719788", "data_time" : "2023-07-31"}}, {"type" : "Feature", "geometry" : {"type":"Point","coordinates":[121.628255023,25.065857856]}, "properties" : {"name" : "陞邦食品技術開發有限公司", "address" : "新北市汐止區中興路一八三巷四號四樓", "reg_no" : "99719846", "data_time" : "2023-07-31"}}, {"type" : "Feature", "geometry" : {"type":"Point","coordinates":[121.53358013,24.98361717]}, "properties" : {"name" : "麗多國際生技股份有限公司", "address" : "新北市新店區中正路五０一之一一號三樓", "reg_no" : "99719868", "data_time" : "2023-07-31"}}, {"type" : "Feature", "geometry" : {"type":"Point","coordinates":[121.435936924,24.97197645]}, "properties" : {"name" : "名佳香食品行", "address" : "新北市土城區亞洲路一一巷一弄三一號一樓", "reg_no" : "99719865", "data_time" : "2023-07-31"}}, {"type" : "Feature", "geometry" : {"type":"Point","coordinates":[121.550825173,24.974698286]}, "properties" : {"name" : "尚頂好食品廠新店廠", "address" : "新北市新店區寶興路四五巷八弄一六號一樓", "reg_no" : "99719882", "data_time" : "2023-07-31"}}, {"type" : "Feature", "geometry" : {"type":"Point","coordinates":[121.469074881,25.04917779]}, "properties" : {"name" : "長合發商行", "address" : "新北市三重區中興北街四二巷一八號（一、二樓）", "reg_no" : "99719896", "data_time" : "2023-07-31"}}, {"type" : "Feature", "geometry" : {"type":"Point","coordinates":[121.3986496,24.93547911]}, "properties" : {"name" : "新閎食品股份有限公司", "address" : "新北市三峽區橫溪路九五號", "reg_no" : "99719934", "data_time" : "2023-07-31"}}, {"type" : "Feature", "geometry" : {"type":"Point","coordinates":[121.470465752,25.061669975]}, "properties" : {"name" : "欣威西點麵包工廠", "address" : "新北市三重區新北大道2段76號1、2樓", "reg_no" : "99719963", "data_time" : "2023-07-31"}}, {"type" : "Feature", "geometry" : {"type":"Point","coordinates":[121.452192937,25.063670669]}, "properties" : {"name" : "海樂國際有限公司五股廠", "address" : "新北市五股區五權三路一五號", "reg_no" : "99725646", "data_time" : "2023-07-31"}}, {"type" : "Feature", "geometry" : {"type":"Point","coordinates":[121.466617449,25.053834284]}, "properties" : {"name" : "通記食品有限公司", "address" : "新北市新莊區化成路五五四巷二號一、二樓", "reg_no" : "99725682", "data_time" : "2023-07-31"}}, {"type" : "Feature", "geometry" : {"type":"Point","coordinates":[121.451921488,25.16560188]}, "properties" : {"name" : "阿多瑪生化科技有限公司一廠", "address" : "新北市淡水區中正東路一段三巷三一號六樓", "reg_no" : "99725700", "data_time" : "2023-07-31"}}, {"type" : "Feature", "geometry" : {"type":"Point","coordinates":[121.430915193,25.063388583]}, "properties" : {"name" : "廣晟食品股份有限公司", "address" : "新北市泰山區泰林路二段306巷7號1、2、3樓", "reg_no" : "99725734", "data_time" : "2023-07-31"}}, {"type" : "Feature", "geometry" : {"type":"Point","coordinates":[121.469881664,25.059344948]}, "properties" : {"name" : "尚鱻食品有限公司", "address" : "新北市三重區中興北街二四七巷一六號一樓", "reg_no" : "99725754", "data_time" : "2023-07-31"}}, {"type" : "Feature", "geometry" : {"type":"Point","coordinates":[121.415673983,25.016439425]}, "properties" : {"name" : "府城事業有限公司", "address" : "新北市樹林區三俊街八一巷二一、二三號一、二樓", "reg_no" : "99725771", "data_time" : "2023-07-31"}}, {"type" : "Feature", "geometry" : {"type":"Point","coordinates":[121.456392496,25.205085892]}, "properties" : {"name" : "三協成食品有限公司", "address" : "新北市淡水區奎柔山路256號1、2樓", "reg_no" : "99725792", "data_time" : "2023-07-31"}}, {"type" : "Feature", "geometry" : {"type":"Point","coordinates":[121.44919604,25.063362035]}, "properties" : {"name" : "藍海國際餐飲股份有限公司五股廠", "address" : "新北市五股區五工六路24號（1、2、3、4樓）", "reg_no" : "99725833", "data_time" : "2023-07-31"}}, {"type" : "Feature", "geometry" : {"type":"Point","coordinates":[121.628103299,25.061611787]}, "properties" : {"name" : "兩班家有限公司汐止廠", "address" : "新北市汐止區福德一路三九二巷二二弄二八、三０號一、二樓", "reg_no" : "99725954", "data_time" : "2023-07-31"}}, {"type" : "Feature", "geometry" : {"type":"Point","coordinates":[121.419803654,24.985167195]}, "properties" : {"name" : "甲品香食品有限公司", "address" : "新北市樹林區鎮前街二六九巷二一號一樓", "reg_no" : "99725955", "data_time" : "2023-07-31"}}, {"type" : "Feature", "geometry" : {"type":"Point","coordinates":[121.406984314,24.976926161]}, "properties" : {"name" : "四季齋食品有限公司樹林廠", "address" : "新北市樹林區中山路二段一五一巷一四弄二三號", "reg_no" : "99725982", "data_time" : "2023-07-31"}}, {"type" : "Feature", "geometry" : {"type":"Point","coordinates":[121.552120138,24.980584486]}, "properties" : {"name" : "簪香食品有限公司", "address" : "新北市新店區寶橋路二三五巷六弄三號二樓", "reg_no" : "99726030", "data_time" : "2023-07-31"}}, {"type" : "Feature", "geometry" : {"type":"Point","coordinates":[121.457934508,25.066172262]}, "properties" : {"name" : "青海生物科技股份有限公司", "address" : "新北市新莊區五權一路五號之七(一樓)", "reg_no" : "99726048", "data_time" : "2023-07-31"}}, {"type" : "Feature", "geometry" : {"type":"Point","coordinates":[121.413237091,24.985331574]}, "properties" : {"name" : "施百得利食品有限公司", "address" : "新北市樹林區大安路五四八號九樓", "reg_no" : "99726103", "data_time" : "2023-07-31"}}, {"type" : "Feature", "geometry" : {"type":"Point","coordinates":[121.473296823,24.980143156]}, "properties" : {"name" : "維昌食品有限公司土城廠", "address" : "新北市土城區永豐路一九五巷二七弄一六號三樓", "reg_no" : "99726115", "data_time" : "2023-07-31"}}, {"type" : "Feature", "geometry" : {"type":"Point","coordinates":[121.48820264,25.003955916]}, "properties" : {"name" : "銀杏生物科技有限公司中和廠", "address" : "新北市中和區建一路三號四樓", "reg_no" : "99726129", "data_time" : "2023-07-31"}}, {"type" : "Feature", "geometry" : {"type":"Point","coordinates":[121.467794504,25.059733199]}, "properties" : {"name" : "元宜州食品有限公司", "address" : "新北市三重區光華路五二號一樓", "reg_no" : "99726128", "data_time" : "2023-07-31"}}, {"type" : "Feature", "geometry" : {"type":"Point","coordinates":[121.459232772,24.992637492]}, "properties" : {"name" : "小潘蛋糕坊", "address" : "新北市板橋區信義路163巷4號9樓", "reg_no" : "1000070", "data_time" : "2023-07-31"}}, {"type" : "Feature", "geometry" : {"type":"Point","coordinates":[121.427775144,24.96576075]}, "properties" : {"name" : "大新食品有限公司", "address" : "新北市土城區中山路51號", "reg_no" : "1000112", "data_time" : "2023-07-31"}}, {"type" : "Feature", "geometry" : {"type":"Point","coordinates":[121.431860051,25.022157422]}, "properties" : {"name" : "松村實業有限公司", "address" : "新北市新莊區民安路420巷1號之8", "reg_no" : "1000129", "data_time" : "2023-07-31"}}, {"type" : "Feature", "geometry" : {"type":"Point","coordinates":[121.45814033,25.068946134]}, "properties" : {"name" : "滿盈食品有限公司五股廠", "address" : "新北市五股區五工二路106巷7號1樓", "reg_no" : "1000181", "data_time" : "2023-07-31"}}, {"type" : "Feature", "geometry" : {"type":"Point","coordinates":[121.432797389,25.011546224]}, "properties" : {"name" : "威斯登食品有限公司", "address" : "新北市新莊區新樹路501號之1(1、3、4樓)", "reg_no" : "1000202", "data_time" : "2023-07-31"}}, {"type" : "Feature", "geometry" : {"type":"Point","coordinates":[121.48684082,25.001338245]}, "properties" : {"name" : "金軒揚食品有限公司", "address" : "新北市中和區錦和路30號(1、2樓)", "reg_no" : "1000203", "data_time" : "2023-07-31"}}, {"type" : "Feature", "geometry" : {"type":"Point","coordinates":[121.492666786,25.003115188]}, "properties" : {"name" : "承恩食品企業股份有限公司", "address" : "新北市中和區橋安街1號2樓", "reg_no" : "1000231", "data_time" : "2023-07-31"}}, {"type" : "Feature", "geometry" : {"type":"Point","coordinates":[121.467136885,25.048627906]}, "properties" : {"name" : "耕耘川有限公司", "address" : "新北市新莊區化成路314巷26號1樓", "reg_no" : "1000235", "data_time" : "2023-07-31"}}, {"type" : "Feature", "geometry" : {"type":"Point","coordinates":[121.493245454,25.003617285]}, "properties" : {"name" : "小南門食品有限公司", "address" : "新北市中和區中山路2段340巷35號1、2、3樓", "reg_no" : "1000260", "data_time" : "2023-07-31"}}, {"type" : "Feature", "geometry" : {"type":"Point","coordinates":[121.475694014,25.00605325]}, "properties" : {"name" : "盛蒼企業有限公司", "address" : "新北市中和區中山路3段120之10號9樓", "reg_no" : "65000016", "data_time" : "2023-07-31"}}, {"type" : "Feature", "geometry" : {"type":"Point","coordinates":[121.47592716,25.072031809]}, "properties" : {"name" : "仲輝食品有限公司", "address" : "新北市三重區中正北路315巷6弄35號", "reg_no" : "65000019", "data_time" : "2023-07-31"}}, {"type" : "Feature", "geometry" : {"type":"Point","coordinates":[121.62827027,25.060415485]}, "properties" : {"name" : "晶盈食品有限公司", "address" : "新北市汐止區福德一路381巷10號1樓", "reg_no" : "65000020", "data_time" : "2023-07-31"}}, {"type" : "Feature", "geometry" : {"type":"Point","coordinates":[121.499702505,25.062433303]}, "properties" : {"name" : "弘泉食品行", "address" : "新北市三重區重新路2段36巷14號1樓", "reg_no" : "65000026", "data_time" : "2023-07-31"}}, {"type" : "Feature", "geometry" : {"type":"Point","coordinates":[121.624971621,25.060149872]}, "properties" : {"name" : "新山食品股份有限公司", "address" : "新北市汐止區福德一路430巷27號5樓", "reg_no" : "65000828", "data_time" : "2023-07-31"}}, {"type" : "Feature", "geometry" : {"type":"Point","coordinates":[121.405482187,25.15620948]}, "properties" : {"name" : "建鹽企業有限公司", "address" : "新北市八里區博物館路199號3樓", "reg_no" : "65000059", "data_time" : "2023-07-31"}}, {"type" : "Feature", "geometry" : {"type":"Point","coordinates":[121.676275865,25.073849436]}, "properties" : {"name" : "王記府城肉粽有限公司汐止廠", "address" : "新北市汐止區大同路3段369巷36號1樓", "reg_no" : "65000174", "data_time" : "2023-07-31"}}, {"type" : "Feature", "geometry" : {"type":"Point","coordinates":[121.486211418,25.009294981]}, "properties" : {"name" : "逢興生物科技股份有限公司二廠", "address" : "新北市中和區立德街148巷58號4樓", "reg_no" : "65000225", "data_time" : "2023-07-31"}}, {"type" : "Feature", "geometry" : {"type":"Point","coordinates":[121.426483789,24.967947261]}, "properties" : {"name" : "美力香食品股份有限公司", "address" : "新北市土城區復興街5號1樓、2樓", "reg_no" : "65000261", "data_time" : "2023-07-31"}}, {"type" : "Feature", "geometry" : {"type":"Point","coordinates":[121.381148614,24.929325168]}, "properties" : {"name" : "新力香食品有限公司二廠", "address" : "新北市三峽區介壽路一段318巷17號1樓", "reg_no" : "65000283", "data_time" : "2023-07-31"}}, {"type" : "Feature", "geometry" : {"type":"Point","coordinates":[121.484222628,25.265392031]}, "properties" : {"name" : "唯意食品企業有限公司", "address" : "新北市三芝區古庄里四棧橋53之10號1樓", "reg_no" : "65000299", "data_time" : "2023-07-31"}}, {"type" : "Feature", "geometry" : {"type":"Point","coordinates":[121.434928549,25.031902043]}, "properties" : {"name" : "清香號沙茶食品有限公司", "address" : "新北市新莊區福營路97巷13號1樓", "reg_no" : "65000316", "data_time" : "2023-07-31"}}, {"type" : "Feature", "geometry" : {"type":"Point","coordinates":[121.484723134,25.083039268]}, "properties" : {"name" : "台光食品行", "address" : "新北市三重區仁華街78號1樓及1樓夾層", "reg_no" : "65000320", "data_time" : "2023-07-31"}}, {"type" : "Feature", "geometry" : {"type":"Point","coordinates":[121.437847858,25.027735277]}, "properties" : {"name" : "風華食品有限公司", "address" : "新北市新莊區新樹路69之96號1樓", "reg_no" : "65000337", "data_time" : "2023-07-31"}}, {"type" : "Feature", "geometry" : {"type":"Point","coordinates":[121.534061967,24.987167449]}, "properties" : {"name" : "甘泉生物科技有限公司", "address" : "新北市新店區中正路560巷2號3、4樓", "reg_no" : "65000405", "data_time" : "2023-07-31"}}, {"type" : "Feature", "geometry" : {"type":"Point","coordinates":[121.479553828,25.008096433]}, "properties" : {"name" : "燕莊實業有限公司", "address" : "新北市中和區員山路504號4樓之5", "reg_no" : "65000435", "data_time" : "2023-07-31"}}, {"type" : "Feature", "geometry" : {"type":"Point","coordinates":[121.454123231,25.069071248]}, "properties" : {"name" : "宏遠國際餐飲股份有限公司五股二廠", "address" : "新北市五股區五權路54號", "reg_no" : "65000436", "data_time" : "2023-07-31"}}, {"type" : "Feature", "geometry" : {"type":"Point","coordinates":[121.420649826,25.016428141]}, "properties" : {"name" : "三義食品工廠", "address" : "新北市樹林區三俊街199巷12弄7號1、2樓", "reg_no" : "65000480", "data_time" : "2023-07-31"}}, {"type" : "Feature", "geometry" : {"type":"Point","coordinates":[121.536760109,24.986889438]}, "properties" : {"name" : "薩摩亞商客來喜餐飲股份有限公司台灣分公司", "address" : "新北市新店區復興路45號4樓、5樓、6樓", "reg_no" : "65000483", "data_time" : "2023-07-31"}}, {"type" : "Feature", "geometry" : {"type":"Point","coordinates":[121.489426895,25.005077451]}, "properties" : {"name" : "王德興茶業股份有限公司", "address" : "新北市中和區橋和路56號6樓", "reg_no" : "65000496", "data_time" : "2023-07-31"}}, {"type" : "Feature", "geometry" : {"type":"Point","coordinates":[121.62229917,25.067160608]}, "properties" : {"name" : "卡羅國際企業股份有限公司", "address" : "新北市汐止區康寧街157、159、161號7樓", "reg_no" : "65000530", "data_time" : "2023-07-31"}}, {"type" : "Feature", "geometry" : {"type":"Point","coordinates":[121.480503975,25.009087066]}, "properties" : {"name" : "吉翔食品有限公司", "address" : "新北市中和區員山路506巷17號1、2樓", "reg_no" : "65000585", "data_time" : "2023-07-31"}}, {"type" : "Feature", "geometry" : {"type":"Point","coordinates":[121.418405701,24.984756605]}, "properties" : {"name" : "雅傳企業有限公司樹林廠", "address" : "新北市樹林區太平路8號1樓", "reg_no" : "65000606", "data_time" : "2023-07-31"}}, {"type" : "Feature", "geometry" : {"type":"Point","coordinates":[121.780442011,25.098054042]}, "properties" : {"name" : "醇味食品有限公司", "address" : "新北市瑞芳區大寮路114之1號", "reg_no" : "65000608", "data_time" : "2023-07-31"}}, {"type" : "Feature", "geometry" : {"type":"Point","coordinates":[121.458321334,25.17922685]}, "properties" : {"name" : "生發號農產有限公司", "address" : "新北市淡水區北投子77之1號1樓", "reg_no" : "65000615", "data_time" : "2023-07-31"}}, {"type" : "Feature", "geometry" : {"type":"Point","coordinates":[121.46990683,25.057416002]}, "properties" : {"name" : "豪仕達食品企業有限公司", "address" : "新北市三重區光復路2段88巷41號1樓", "reg_no" : "65000676", "data_time" : "2023-07-31"}}, {"type" : "Feature", "geometry" : {"type":"Point","coordinates":[121.476298662,25.188565032]}, "properties" : {"name" : "陽銘有限公司淡水廠", "address" : "新北市淡水區口湖子1之8號1樓", "reg_no" : "65000683", "data_time" : "2023-07-31"}}, {"type" : "Feature", "geometry" : {"type":"Point","coordinates":[121.479409095,25.008627191]}, "properties" : {"name" : "澎富企業有限公司", "address" : "新北市中和區員山路506-1號3樓", "reg_no" : "65000734", "data_time" : "2023-07-31"}}, {"type" : "Feature", "geometry" : {"type":"Point","coordinates":[121.45985958,24.994604889]}, "properties" : {"name" : "日鴻食品有限公司", "address" : "新北市板橋區和平路15號2樓", "reg_no" : "65000735", "data_time" : "2023-07-31"}}, {"type" : "Feature", "geometry" : {"type":"Point","coordinates":[121.380408847,24.928146127]}, "properties" : {"name" : "紘裕食品股份有限公司", "address" : "新北市三峽區介壽路1段276巷5號1樓", "reg_no" : "65000742", "data_time" : "2023-07-31"}}, {"type" : "Feature", "geometry" : {"type":"Point","coordinates":[121.548833891,24.976476158]}, "properties" : {"name" : "派特芙德有限公司", "address" : "新北市新店區寶橋路154巷5號2樓", "reg_no" : "65000750", "data_time" : "2023-07-31"}}, {"type" : "Feature", "geometry" : {"type":"Point","coordinates":[121.435018538,25.068791855]}, "properties" : {"name" : "維格餅家股份有限公司", "address" : "新北市五股區成泰路1段87號(2、3樓)及87之1號(4、5樓)", "reg_no" : "65000787", "data_time" : "2023-07-31"}}, {"type" : "Feature", "geometry" : {"type":"Point","coordinates":[121.548716054,24.980756409]}, "properties" : {"name" : "英屬蓋曼群島商花蓮香股份有限公司台灣分公司新店廠", "address" : "新北市新店區寶中路95之3號3樓", "reg_no" : "65000793", "data_time" : "2023-07-31"}}, {"type" : "Feature", "geometry" : {"type":"Point","coordinates":[121.45891419,25.067270428]}, "properties" : {"name" : "奕瑪國際行銷股份有限公司", "address" : "新北市新莊區五權一路9號7樓之3", "reg_no" : "65000807", "data_time" : "2023-07-31"}}, {"type" : "Feature", "geometry" : {"type":"Point","coordinates":[121.427697515,25.030619853]}, "properties" : {"name" : "顓陽實業有限公司", "address" : "新北市新莊區中正路566號1、2樓", "reg_no" : "65000829", "data_time" : "2023-07-31"}}, {"type" : "Feature", "geometry" : {"type":"Point","coordinates":[121.487202921,25.008792497]}, "properties" : {"name" : "東崎健康生技有限公司", "address" : "新北市中和區立德街148巷10號7樓", "reg_no" : "65000857", "data_time" : "2023-07-31"}}, {"type" : "Feature", "geometry" : {"type":"Point","coordinates":[121.452113524,25.16602805]}, "properties" : {"name" : "邰港科技股份有限公司(淡水一廠)", "address" : "新北市淡水區中正東路1段3巷39號10樓", "reg_no" : "65000872", "data_time" : "2023-07-31"}}, {"type" : "Feature", "geometry" : {"type":"Point","coordinates":[121.421164404,25.032030899]}, "properties" : {"name" : "史瑞克商行", "address" : "新北市泰山區明志路3段513號2樓", "reg_no" : "65000893", "data_time" : "2023-07-31"}}, {"type" : "Feature", "geometry" : {"type":"Point","coordinates":[121.566251919,25.260008738]}, "properties" : {"name" : "重門製茶工廠", "address" : "新北市石門區石門里內石門79號", "reg_no" : "65000906", "data_time" : "2023-07-31"}}, {"type" : "Feature", "geometry" : {"type":"Point","coordinates":[121.463786414,25.040856935]}, "properties" : {"name" : "傳統集美餐飲有限公司", "address" : "新北市新莊區中正路25號1樓", "reg_no" : "65000967", "data_time" : "2023-07-31"}}, {"type" : "Feature", "geometry" : {"type":"Point","coordinates":[121.492655642,25.003607298]}, "properties" : {"name" : "台灣壹番屋股份有限公司", "address" : "新北市中和區橋安街11號1樓", "reg_no" : "65001021", "data_time" : "2023-07-31"}}, {"type" : "Feature", "geometry" : {"type":"Point","coordinates":[121.400276991,24.970880465]}, "properties" : {"name" : "吉美食品廠樹林廠", "address" : "新北市樹林區八德街492巷5號1、2樓", "reg_no" : "65001055", "data_time" : "2023-07-31"}}, {"type" : "Feature", "geometry" : {"type":"Point","coordinates":[121.495419808,24.99961242]}, "properties" : {"name" : "維宏食品有限公司", "address" : "新北市中和區連城路134巷3號1、2、3樓及5號1樓", "reg_no" : "65001070", "data_time" : "2023-07-31"}}, {"type" : "Feature", "geometry" : {"type":"Point","coordinates":[121.55001219,24.974562749]}, "properties" : {"name" : "旭鴻國際企業有限公司", "address" : "新北市新店區寶興路45巷8弄2號4樓", "reg_no" : "65001093", "data_time" : "2023-07-31"}}, {"type" : "Feature", "geometry" : {"type":"Point","coordinates":[121.442788743,24.987254236]}, "properties" : {"name" : "上島食品股份有限公司土城廠", "address" : "新北市土城區日新街33巷15號1、2樓", "reg_no" : "65001130", "data_time" : "2023-07-31"}}, {"type" : "Feature", "geometry" : {"type":"Point","coordinates":[121.380952936,24.897198991]}, "properties" : {"name" : "泰鄉食品廠有限公司", "address" : "新北市三峽區添福里2鄰15-14號", "reg_no" : "T6500066", "data_time" : "2023-07-31"}}, {"type" : "Feature", "geometry" : {"type":"Point","coordinates":[121.438972183,24.964775855]}, "properties" : {"name" : "旺默食品企業有限公司", "address" : "新北市土城區忠承路91、95號1樓及81、83、85、87、91、95、99號4樓", "reg_no" : "65001161", "data_time" : "2023-07-31"}}, {"type" : "Feature", "geometry" : {"type":"Point","coordinates":[121.370029213,24.911403529]}, "properties" : {"name" : "山本旺實業有限公司", "address" : "新北市三峽區嘉添181之15號（1、2樓）", "reg_no" : "65001165", "data_time" : "2023-07-31"}}, {"type" : "Feature", "geometry" : {"type":"Point","coordinates":[121.508298558,24.964596251]}, "properties" : {"name" : "士峯食品有限公司", "address" : "新北市新店區柴埕路60巷15-3號", "reg_no" : "T6500072", "data_time" : "2023-07-31"}}, {"type" : "Feature", "geometry" : {"type":"Point","coordinates":[121.415895521,24.978683791]}, "properties" : {"name" : "鑫記食品行", "address" : "新北市樹林區福順街43號1樓", "reg_no" : "T6500085", "data_time" : "2023-07-31"}}, {"type" : "Feature", "geometry" : {"type":"Point","coordinates":[121.486858343,25.000668963]}, "properties" : {"name" : "金福臻生技有限公司", "address" : "新北市中和區建康路59號1樓", "reg_no" : "65001271", "data_time" : "2023-07-31"}}, {"type" : "Feature", "geometry" : {"type":"Point","coordinates":[121.622461587,25.0669761]}, "properties" : {"name" : "薩摩亞商巧詣有限公司台灣分公司", "address" : "新北市汐止區康寧街161、163號4樓", "reg_no" : "65001295", "data_time" : "2023-07-31"}}, {"type" : "Feature", "geometry" : {"type":"Point","coordinates":[121.448644383,25.06655762]}, "properties" : {"name" : "長宏醫藥生技股份有限公司", "address" : "新北市五股區五權七路24號6樓", "reg_no" : "65001310", "data_time" : "2023-07-31"}}, {"type" : "Feature", "geometry" : {"type":"Point","coordinates":[121.464007813,25.049533234]}, "properties" : {"name" : "上將食品有限公司", "address" : "新北市新莊區幸福東路86號1、2、3樓、90號、92號", "reg_no" : "65001313", "data_time" : "2023-07-31"}}, {"type" : "Feature", "geometry" : {"type":"Point","coordinates":[121.426647338,25.029200529]}, "properties" : {"name" : "鮮機食品生技股份有限公司", "address" : "新北市新莊區福營路240號1樓", "reg_no" : "65001345", "data_time" : "2023-07-31"}}, {"type" : "Feature", "geometry" : {"type":"Point","coordinates":[121.420871068,25.00348387]}, "properties" : {"name" : "久翔食品股份有限公司", "address" : "新北市樹林區武林街16號之1(1~2樓)，16之2號1樓", "reg_no" : "65001372", "data_time" : "2023-07-31"}}, {"type" : "Feature", "geometry" : {"type":"Point","coordinates":[121.414355244,25.0178911]}, "properties" : {"name" : "魯都香食品有限公司", "address" : "新北市樹林區三龍街94巷20號1、2樓", "reg_no" : "65001387", "data_time" : "2023-07-31"}}, {"type" : "Feature", "geometry" : {"type":"Point","coordinates":[121.3956261,24.958634911]}, "properties" : {"name" : "匯芯農產品商業有限公司", "address" : "新北市樹林區民權街5巷19弄8號", "reg_no" : "65001420", "data_time" : "2023-07-31"}}, {"type" : "Feature", "geometry" : {"type":"Point","coordinates":[121.418853661,25.0141568]}, "properties" : {"name" : "丹鐠實業有限公司", "address" : "新北市樹林區俊安街24巷10弄8號(1樓)", "reg_no" : "65001448", "data_time" : "2023-07-31"}}, {"type" : "Feature", "geometry" : {"type":"Point","coordinates":[121.671872599,25.077299458]}, "properties" : {"name" : "益品食品有限公司", "address" : "新北市汐止區長安路179號1樓", "reg_no" : "65001465", "data_time" : "2023-07-31"}}, {"type" : "Feature", "geometry" : {"type":"Point","coordinates":[121.43030164,25.029070558]}, "properties" : {"name" : "賀業有限公司", "address" : "新北市新莊區福營路227巷33號1、2樓", "reg_no" : "65001526", "data_time" : "2023-07-31"}}, {"type" : "Feature", "geometry" : {"type":"Point","coordinates":[121.440970502,25.030513243]}, "properties" : {"name" : "高涓科技有限公司", "address" : "新北市新莊區新樹路67巷46號1樓", "reg_no" : "65001537", "data_time" : "2023-07-31"}}, {"type" : "Feature", "geometry" : {"type":"Point","coordinates":[121.400751416,25.079471994]}, "properties" : {"name" : "幸福溫度食品股份有限公司", "address" : "新北市林口區工三路4號2樓", "reg_no" : "65001541", "data_time" : "2023-07-31"}}, {"type" : "Feature", "geometry" : {"type":"Point","coordinates":[121.408316963,24.976549789]}, "properties" : {"name" : "祥禾食品有限公司樹林廠", "address" : "新北市樹林區東順街90巷13號1樓", "reg_no" : "65001561", "data_time" : "2023-07-31"}}, {"type" : "Feature", "geometry" : {"type":"Point","coordinates":[121.62495417,25.060932114]}, "properties" : {"name" : "喜之坊食品有限公司汐止廠", "address" : "新北市汐止區南陽街121巷17號1、2樓", "reg_no" : "65001579", "data_time" : "2023-07-31"}}, {"type" : "Feature", "geometry" : {"type":"Point","coordinates":[121.463394558,25.057992341]}, "properties" : {"name" : "永爗企業有限公司", "address" : "新北市新莊區化成路389巷33號1、2樓", "reg_no" : "65001591", "data_time" : "2023-07-31"}}, {"type" : "Feature", "geometry" : {"type":"Point","coordinates":[121.599145492,25.005967501]}, "properties" : {"name" : "拉瑞亞有限公司", "address" : "新北市深坑區北深路3段270巷16號2樓之5、之6", "reg_no" : "65001593", "data_time" : "2023-07-31"}}, {"type" : "Feature", "geometry" : {"type":"Point","coordinates":[121.712838007,24.942369982]}, "properties" : {"name" : "新北市坪林區農會(茶產品加工場)", "address" : "新北市坪林區坪林里坪林路102號", "reg_no" : "T6500167", "data_time" : "2023-07-31"}}, {"type" : "Feature", "geometry" : {"type":"Point","coordinates":[121.41047927,24.970417583]}, "properties" : {"name" : "忠義實業有限公司", "address" : "新北市樹林區八德街280巷3號1、2樓", "reg_no" : "65001604", "data_time" : "2023-07-31"}}, {"type" : "Feature", "geometry" : {"type":"Point","coordinates":[121.469733583,25.054010365]}, "properties" : {"name" : "千翔食品有限公司", "address" : "新北市三重區興德路131巷32號1、2、3樓", "reg_no" : "65001618", "data_time" : "2023-07-31"}}, {"type" : "Feature", "geometry" : {"type":"Point","coordinates":[121.47050691,25.079055666]}, "properties" : {"name" : "豪記川野食品有限公司蘆洲廠", "address" : "新北市蘆洲區和平路51號(1、2樓)", "reg_no" : "65001623", "data_time" : "2023-07-31"}}, {"type" : "Feature", "geometry" : {"type":"Point","coordinates":[121.493801499,25.000719416]}, "properties" : {"name" : "光享實業有限公司", "address" : "新北市中和區中山路2段327巷11弄2號4樓", "reg_no" : "65001649", "data_time" : "2023-07-31"}}, {"type" : "Feature", "geometry" : {"type":"Point","coordinates":[121.464235808,25.019444492]}, "properties" : {"name" : "憶仙實業有限公司板橋廠", "address" : "新北市板橋區文化路一段285巷2弄19號1樓", "reg_no" : "T6500179", "data_time" : "2023-07-31"}}, {"type" : "Feature", "geometry" : {"type":"Point","coordinates":[121.452474514,25.165690802]}, "properties" : {"name" : "麥德凱生科股份有限公司", "address" : "新北市淡水區中正東路1段3巷41號7樓", "reg_no" : "65001661", "data_time" : "2023-07-31"}}, {"type" : "Feature", "geometry" : {"type":"Point","coordinates":[121.470255404,25.074906376]}, "properties" : {"name" : "立盛食品有限公司", "address" : "新北市蘆洲區國道路2段115號1、2樓", "reg_no" : "65001676", "data_time" : "2023-07-31"}}, {"type" : "Feature", "geometry" : {"type":"Point","coordinates":[121.636396119,25.057051324]}, "properties" : {"name" : "馬克老爹有限公司", "address" : "新北市汐止區大同路1段302巷22號1樓", "reg_no" : "65001693", "data_time" : "2023-07-31"}}, {"type" : "Feature", "geometry" : {"type":"Point","coordinates":[121.549776358,24.972798374]}, "properties" : {"name" : "春保食品股份有限公司", "address" : "新北市新店區寶興路53號5樓", "reg_no" : "65001706", "data_time" : "2023-07-31"}}, {"type" : "Feature", "geometry" : {"type":"Point","coordinates":[121.418562126,24.973665963]}, "properties" : {"name" : "每一天調理食品有限公司樹林廠", "address" : "新北市樹林區八德街343號2至3樓", "reg_no" : "T6500201", "data_time" : "2023-07-31"}}, {"type" : "Feature", "geometry" : {"type":"Point","coordinates":[121.41047927,24.970417583]}, "properties" : {"name" : "耆盛企業股份有限公司", "address" : "新北市樹林區八德街280巷3號3樓", "reg_no" : "65001778", "data_time" : "2023-07-31"}}, {"type" : "Feature", "geometry" : {"type":"Point","coordinates":[121.53358013,24.98361717]}, "properties" : {"name" : "芬斯特股份有限公司新店廠", "address" : "新北市新店區中正路501-16號5樓", "reg_no" : "65001784", "data_time" : "2023-07-31"}}, {"type" : "Feature", "geometry" : {"type":"Point","coordinates":[121.447625448,25.068742281]}, "properties" : {"name" : "西德有機化學藥品股份有限公司五股二廠", "address" : "新北市五股區五工六路56號2、3、4樓", "reg_no" : "65001795", "data_time" : "2023-07-31"}}, {"type" : "Feature", "geometry" : {"type":"Point","coordinates":[121.472045696,25.071736199]}, "properties" : {"name" : "樸實股份有限公司", "address" : "新北市三重區中正北路518號6樓", "reg_no" : "65001796", "data_time" : "2023-07-31"}}, {"type" : "Feature", "geometry" : {"type":"Point","coordinates":[121.467368114,25.04613855]}, "properties" : {"name" : "冠庭國際股份有限公司三重廠", "address" : "新北市三重區重新路5段609巷14號之12(1樓)", "reg_no" : "65001821", "data_time" : "2023-07-31"}}, {"type" : "Feature", "geometry" : {"type":"Point","coordinates":[121.550904536,24.974277584]}, "properties" : {"name" : "德開利有限公司", "address" : "新北市新店區寶興路45巷6弄11號3樓", "reg_no" : "65001823", "data_time" : "2023-07-31"}}, {"type" : "Feature", "geometry" : {"type":"Point","coordinates":[121.449696168,25.099024256]}, "properties" : {"name" : "美食家點心坊", "address" : "新北市五股區西雲路290號", "reg_no" : "T6500232", "data_time" : "2023-07-31"}}, {"type" : "Feature", "geometry" : {"type":"Point","coordinates":[121.403744758,24.959712877]}, "properties" : {"name" : "憶仙實業有限公司", "address" : "新北市樹林區柑園街一段33巷6號1樓", "reg_no" : "T6500234", "data_time" : "2023-07-31"}}, {"type" : "Feature", "geometry" : {"type":"Point","coordinates":[121.422528538,24.996442436]}, "properties" : {"name" : "雄鼎食品行", "address" : "新北市樹林區大安路145巷16號1、2樓", "reg_no" : "T6500245", "data_time" : "2023-07-31"}}, {"type" : "Feature", "geometry" : {"type":"Point","coordinates":[121.469708311,25.053069604]}, "properties" : {"name" : "福星食品有限公司", "address" : "新北市三重區興德路141巷1號及3號(各1、2、3樓)", "reg_no" : "65001841", "data_time" : "2023-07-31"}}, {"type" : "Feature", "geometry" : {"type":"Point","coordinates":[121.409338338,25.002574861]}, "properties" : {"name" : "振頤軒食品企業有限公司", "address" : "新北市樹林區光興街91之2號1、2樓", "reg_no" : "65001847", "data_time" : "2023-07-31"}}, {"type" : "Feature", "geometry" : {"type":"Point","coordinates":[121.459360459,25.039845973]}, "properties" : {"name" : "錦發製麵工坊", "address" : "新北市新莊區思源路43巷11號1樓", "reg_no" : "65001848", "data_time" : "2023-07-31"}}, {"type" : "Feature", "geometry" : {"type":"Point","coordinates":[121.454230222,25.124514295]}, "properties" : {"name" : "富陽生技有限公司", "address" : "新北市八里區龍米路1段96號2樓、3樓", "reg_no" : "65001872", "data_time" : "2023-07-31"}}, {"type" : "Feature", "geometry" : {"type":"Point","coordinates":[121.441035051,25.169490459]}, "properties" : {"name" : "八方雲集國際股份有限公司", "address" : "新北市淡水區水源里水梘頭42之1號(1、2、3、4樓)", "reg_no" : "65001883", "data_time" : "2023-07-31"}}, {"type" : "Feature", "geometry" : {"type":"Point","coordinates":[121.421411175,25.032130512]}, "properties" : {"name" : "糖藝食品股份有限公司泰山廠", "address" : "新北市泰山區新北大道6段397、409號7樓", "reg_no" : "65001887", "data_time" : "2023-07-31"}}, {"type" : "Feature", "geometry" : {"type":"Point","coordinates":[121.451740036,25.165506888]}, "properties" : {"name" : "國鼎生物科技股份有限公司淡水二廠", "address" : "新北市淡水區中正東路1段3巷9號4樓、11號4樓之1", "reg_no" : "65001900", "data_time" : "2023-07-31"}}, {"type" : "Feature", "geometry" : {"type":"Point","coordinates":[121.462961464,25.072438575]}, "properties" : {"name" : "阜康食品有限公司", "address" : "新北市五股區中興路2段9巷30號1樓", "reg_no" : "65001902", "data_time" : "2023-07-31"}}, {"type" : "Feature", "geometry" : {"type":"Point","coordinates":[121.413858725,25.028080617]}, "properties" : {"name" : "楊堃興業有限公司", "address" : "新北市新莊區雙鳳路111號6樓", "reg_no" : "65001937", "data_time" : "2023-07-31"}}, {"type" : "Feature", "geometry" : {"type":"Point","coordinates":[121.448932298,25.206984195]}, "properties" : {"name" : "永淇麵包店", "address" : "新北市淡水區淡金路3段280之1號1樓", "reg_no" : "65001952", "data_time" : "2023-07-31"}}, {"type" : "Feature", "geometry" : {"type":"Point","coordinates":[121.634623472,25.061767532]}, "properties" : {"name" : "津川良製股份有限公司", "address" : "新北市汐止區中興路31號6樓", "reg_no" : "65001953", "data_time" : "2023-07-31"}}, {"type" : "Feature", "geometry" : {"type":"Point","coordinates":[121.430945209,25.027930512]}, "properties" : {"name" : "虹宴餐飲股份有限公司", "address" : "新北市新莊區後港一路145、147號(2樓)", "reg_no" : "65001975", "data_time" : "2023-07-31"}}, {"type" : "Feature", "geometry" : {"type":"Point","coordinates":[121.492945012,25.004523598]}, "properties" : {"name" : "全滋稻食品有限公司中和廠", "address" : "新北市中和區中山路2段340巷57號1、2樓", "reg_no" : "65001979", "data_time" : "2023-07-31"}}, {"type" : "Feature", "geometry" : {"type":"Point","coordinates":[121.49155063,24.997238358]}, "properties" : {"name" : "金蕎食品有限公司", "address" : "新北市中和區連城路222巷2弄5號2樓", "reg_no" : "65001987", "data_time" : "2023-07-31"}}, {"type" : "Feature", "geometry" : {"type":"Point","coordinates":[121.433455652,24.995147254]}, "properties" : {"name" : "鴻福食品工廠有限公司", "address" : "新北市板橋區金門街369巷63-1號(前段)", "reg_no" : "T6500296", "data_time" : "2023-07-31"}}, {"type" : "Feature", "geometry" : {"type":"Point","coordinates":[121.445057985,24.989030333]}, "properties" : {"name" : "富澄御坊股份有限公司", "address" : "新北市土城區中華路1段56巷13號1、2樓", "reg_no" : "65002024", "data_time" : "2023-07-31"}}, {"type" : "Feature", "geometry" : {"type":"Point","coordinates":[121.337668606,24.93530198]}, "properties" : {"name" : "韓蜜食品有限公司", "address" : "新北市鶯歌區二甲路中心巷13弄2號1、2、3樓", "reg_no" : "65002025", "data_time" : "2023-07-31"}}, {"type" : "Feature", "geometry" : {"type":"Point","coordinates":[121.467549014,25.056367405]}, "properties" : {"name" : "廣珍企業有限公司", "address" : "新北市三重區中興北街150巷32號1樓", "reg_no" : "65002027", "data_time" : "2023-07-31"}}, {"type" : "Feature", "geometry" : {"type":"Point","coordinates":[121.425294652,25.010335976]}, "properties" : {"name" : "有泰香料化學股份有限公司", "address" : "新北市樹林區俊英街224巷1號1、2、3樓", "reg_no" : "65002033", "data_time" : "2023-07-31"}}, {"type" : "Feature", "geometry" : {"type":"Point","coordinates":[121.677431503,25.073648062]}, "properties" : {"name" : "承威企業有限公司", "address" : "新北市汐止區大安街56巷7弄15號1、2樓", "reg_no" : "65002036", "data_time" : "2023-07-31"}}, {"type" : "Feature", "geometry" : {"type":"Point","coordinates":[121.433046404,25.028263604]}, "properties" : {"name" : "鼎珍食品工業股份有限公司", "address" : "新北市新莊區後港一路198號", "reg_no" : "65002045", "data_time" : "2023-07-31"}}, {"type" : "Feature", "geometry" : {"type":"Point","coordinates":[121.459860745,24.995622476]}, "properties" : {"name" : "小潘蛋糕坊板橋一廠", "address" : "新北市板橋區和平路29號5樓", "reg_no" : "65002050", "data_time" : "2023-07-31"}}, {"type" : "Feature", "geometry" : {"type":"Point","coordinates":[121.439628101,24.963431047]}, "properties" : {"name" : "盈浜企業有限公司土城廠", "address" : "新北市土城區承天路67號1至3樓", "reg_no" : "65002076", "data_time" : "2023-07-31"}}, {"type" : "Feature", "geometry" : {"type":"Point","coordinates":[121.469262678,25.080438172]}, "properties" : {"name" : "裕昌肉品有限公司", "address" : "新北市蘆洲區正和街63巷24號1、2樓", "reg_no" : "65002123", "data_time" : "2023-07-31"}}, {"type" : "Feature", "geometry" : {"type":"Point","coordinates":[121.400388753,24.958131179]}, "properties" : {"name" : "青潭源泉企業社", "address" : "新北市樹林區柑園街一段157號1樓", "reg_no" : "T6500334", "data_time" : "2023-07-31"}}, {"type" : "Feature", "geometry" : {"type":"Point","coordinates":[121.407973703,24.97715514]}, "properties" : {"name" : "揚明食品有限公司", "address" : "新北市樹林區中山路2段151巷15弄10號1樓", "reg_no" : "65002270", "data_time" : "2023-07-31"}}, {"type" : "Feature", "geometry" : {"type":"Point","coordinates":[121.401710622,25.078747149]}, "properties" : {"name" : "艾隆餐飲股份有限公司", "address" : "新北市林口區工五路2之1號", "reg_no" : "65002145", "data_time" : "2023-07-31"}}, {"type" : "Feature", "geometry" : {"type":"Point","coordinates":[121.451877093,25.165918265]}, "properties" : {"name" : "阿婆鐵蛋有限公司", "address" : "新北市淡水區中正東路1段3巷21、23號8樓", "reg_no" : "65002175", "data_time" : "2023-07-31"}}, {"type" : "Feature", "geometry" : {"type":"Point","coordinates":[121.439705225,25.030072691]}, "properties" : {"name" : "士平企業有限公司新莊廠", "address" : "新北市新莊區新樹路67巷8號1樓", "reg_no" : "65002188", "data_time" : "2023-07-31"}}, {"type" : "Feature", "geometry" : {"type":"Point","coordinates":[121.480662294,25.072797293]}, "properties" : {"name" : "馬可先生食品企業有限公司台北廠", "address" : "新北市三重區國道路1段68號1樓及69號1樓", "reg_no" : "65002192", "data_time" : "2023-07-31"}}, {"type" : "Feature", "geometry" : {"type":"Point","coordinates":[121.629644314,25.063302412]}, "properties" : {"name" : "力尹食品有限公司", "address" : "新北市汐止區福德一路342巷2弄3號4樓", "reg_no" : "65002193", "data_time" : "2023-07-31"}}, {"type" : "Feature", "geometry" : {"type":"Point","coordinates":[121.679042506,25.071023896]}, "properties" : {"name" : "丞儲國際有限公司", "address" : "新北市汐止區大同路3段322號1樓", "reg_no" : "65002202", "data_time" : "2023-07-31"}}, {"type" : "Feature", "geometry" : {"type":"Point","coordinates":[121.495557281,24.999316189]}, "properties" : {"name" : "金夆食品有限公司", "address" : "新北市中和區連城路134巷1號(1樓)", "reg_no" : "65002203", "data_time" : "2023-07-31"}}, {"type" : "Feature", "geometry" : {"type":"Point","coordinates":[121.407990741,24.977862255]}, "properties" : {"name" : "芬芳烹材股份有限公司山佳廠", "address" : "新北市樹林區中山路2段151巷23號(1~2樓)", "reg_no" : "65002243", "data_time" : "2023-07-31"}}, {"type" : "Feature", "geometry" : {"type":"Point","coordinates":[121.548834466,24.974976742]}, "properties" : {"name" : "生興莊食品行", "address" : "新北市新店區中興路2段218巷8號1樓", "reg_no" : "65002246", "data_time" : "2023-07-31"}}, {"type" : "Feature", "geometry" : {"type":"Point","coordinates":[121.425632909,24.966365326]}, "properties" : {"name" : "統一多拿滋股份有限公司土城廠", "address" : "新北市土城區中興路20號1、2、3樓", "reg_no" : "65002248", "data_time" : "2023-07-31"}}, {"type" : "Feature", "geometry" : {"type":"Point","coordinates":[121.438972183,24.964775855]}, "properties" : {"name" : "阿默企業有限公司", "address" : "新北市土城區忠承路83、87、91、95號2、3樓", "reg_no" : "65002283", "data_time" : "2023-07-31"}}, {"type" : "Feature", "geometry" : {"type":"Point","coordinates":[121.469069414,24.992545626]}, "properties" : {"name" : "雅式小西點坊", "address" : "新北市土城區延壽路77巷3-2號1樓及地下一樓", "reg_no" : "T6500353", "data_time" : "2023-07-31"}}, {"type" : "Feature", "geometry" : {"type":"Point","coordinates":[121.369958815,24.910304574]}, "properties" : {"name" : "德揚食品有限公司", "address" : "新北市三峽區嘉添225之2號1樓", "reg_no" : "65002318", "data_time" : "2023-07-31"}}, {"type" : "Feature", "geometry" : {"type":"Point","coordinates":[121.459579578,25.154577217]}, "properties" : {"name" : "順順食品有限公司", "address" : "新北市淡水區中正東路2段69之11號2樓", "reg_no" : "65002321", "data_time" : "2023-07-31"}}, {"type" : "Feature", "geometry" : {"type":"Point","coordinates":[121.459174787,25.04197652]}, "properties" : {"name" : "潞華實業有限公司新莊廠", "address" : "新北市新莊區思源路109巷3號2樓", "reg_no" : "65002348", "data_time" : "2023-07-31"}}, {"type" : "Feature", "geometry" : {"type":"Point","coordinates":[121.548306554,24.980539017]}, "properties" : {"name" : "蕃老爹有限公司", "address" : "新北市新店區寶中路78號4樓", "reg_no" : "65002351", "data_time" : "2023-07-31"}}, {"type" : "Feature", "geometry" : {"type":"Point","coordinates":[121.438292538,24.972126941]}, "properties" : {"name" : "妙吉食品廠", "address" : "新北市土城區中央路2段390巷33號1樓", "reg_no" : "65002793", "data_time" : "2023-07-31"}}, {"type" : "Feature", "geometry" : {"type":"Point","coordinates":[121.417324973,25.162689378]}, "properties" : {"name" : "四季甜煮食品有限公司八里廠", "address" : "新北市八里區觀海大道241號1樓", "reg_no" : "65002386", "data_time" : "2023-07-31"}}, {"type" : "Feature", "geometry" : {"type":"Point","coordinates":[121.487367742,25.00871074]}, "properties" : {"name" : "源森興業有限公司", "address" : "新北市中和區立德街148巷2號4樓", "reg_no" : "65002402", "data_time" : "2023-07-31"}}, {"type" : "Feature", "geometry" : {"type":"Point","coordinates":[121.484402204,25.01118142]}, "properties" : {"name" : "香喜富企業有限公司", "address" : "新北市中和區中板路15巷11號5樓", "reg_no" : "65002417", "data_time" : "2023-07-31"}}, {"type" : "Feature", "geometry" : {"type":"Point","coordinates":[121.45891419,25.067270428]}, "properties" : {"name" : "廣昇股份有限公司五股廠", "address" : "新北市新莊區五權一路9號8樓之3", "reg_no" : "65002428", "data_time" : "2023-07-31"}}, {"type" : "Feature", "geometry" : {"type":"Point","coordinates":[121.472570293,25.069292336]}, "properties" : {"name" : "亞多夢股份有限公司", "address" : "新北市三重區中正北路508巷77號1樓", "reg_no" : "65002431", "data_time" : "2023-07-31"}}, {"type" : "Feature", "geometry" : {"type":"Point","coordinates":[121.550220147,24.974772185]}, "properties" : {"name" : "亞永實業股份有限公司", "address" : "新北市新店區寶興路45巷8弄1號4樓", "reg_no" : "65002435", "data_time" : "2023-07-31"}}, {"type" : "Feature", "geometry" : {"type":"Point","coordinates":[121.478206976,25.066548064]}, "properties" : {"name" : "金界粿行", "address" : "新北市三重區福田里自由街61號1樓", "reg_no" : "T6500374", "data_time" : "2023-07-31"}}, {"type" : "Feature", "geometry" : {"type":"Point","coordinates":[121.477985735,25.067711712]}, "properties" : {"name" : "振發食品行", "address" : "新北市三重區頂崁街217巷8號1樓", "reg_no" : "T6500375", "data_time" : "2023-07-31"}}, {"type" : "Feature", "geometry" : {"type":"Point","coordinates":[121.496151084,24.999672515]}, "properties" : {"name" : "元鯕股份有限公司", "address" : "新北市中和區連城路114號1樓", "reg_no" : "65002463", "data_time" : "2023-07-31"}}, {"type" : "Feature", "geometry" : {"type":"Point","coordinates":[121.63082851,25.063668019]}, "properties" : {"name" : "舍利蓮有限公司福德廠", "address" : "新北市汐止區福德一路310巷7弄1之3號", "reg_no" : "65002466", "data_time" : "2023-07-31"}}, {"type" : "Feature", "geometry" : {"type":"Point","coordinates":[121.478464455,25.072114078]}, "properties" : {"name" : "原企有限公司", "address" : "新北市三重區大勇街82巷26弄29號1樓", "reg_no" : "65002472", "data_time" : "2023-07-31"}}, {"type" : "Feature", "geometry" : {"type":"Point","coordinates":[121.627339556,25.059988384]}, "properties" : {"name" : "匠菓子食品生技有限公司", "address" : "新北市汐止區福德一路405巷2號1樓", "reg_no" : "65002473", "data_time" : "2023-07-31"}}, {"type" : "Feature", "geometry" : {"type":"Point","coordinates":[121.405360851,25.156086725]}, "properties" : {"name" : "翔鶴糖廍有限公司", "address" : "新北市八里區博物館路203號1樓", "reg_no" : "65002496", "data_time" : "2023-07-31"}}, {"type" : "Feature", "geometry" : {"type":"Point","coordinates":[121.627159024,25.059389361]}, "properties" : {"name" : "慶桐食品有限公司", "address" : "新北市汐止區福德一路421巷15號1、2樓、17號1、2樓", "reg_no" : "65002541", "data_time" : "2023-07-31"}}, {"type" : "Feature", "geometry" : {"type":"Point","coordinates":[121.444077126,24.987887212]}, "properties" : {"name" : "御軒食品有限公司土城廠", "address" : "新北市土城區日新街37之1號", "reg_no" : "65002546", "data_time" : "2023-07-31"}}, {"type" : "Feature", "geometry" : {"type":"Point","coordinates":[121.434750666,24.969076636]}, "properties" : {"name" : "典藏藝術家庭股份有限公司", "address" : "新北市土城區中央路3段76巷49弄12號", "reg_no" : "65002592", "data_time" : "2023-07-31"}}, {"type" : "Feature", "geometry" : {"type":"Point","coordinates":[121.381613428,25.086955791]}, "properties" : {"name" : "優質澱粉有限公司", "address" : "新北市林口區文化二路2段379號(1樓及夾層)", "reg_no" : "65002593", "data_time" : "2023-07-31"}}, {"type" : "Feature", "geometry" : {"type":"Point","coordinates":[121.384237559,24.955407813]}, "properties" : {"name" : "羿碩興業有限公司", "address" : "新北市樹林區柑園街2段122巷5號2樓", "reg_no" : "65002596", "data_time" : "2023-07-31"}}, {"type" : "Feature", "geometry" : {"type":"Point","coordinates":[121.429749035,24.97031012]}, "properties" : {"name" : "苦行生化科技有限公司土城廠", "address" : "新北市土城區自強街11巷3號4樓", "reg_no" : "65002597", "data_time" : "2023-07-31"}}, {"type" : "Feature", "geometry" : {"type":"Point","coordinates":[121.488614483,25.007794166]}, "properties" : {"name" : "王師父食品有限公司", "address" : "新北市中和區立德街52巷6號2樓", "reg_no" : "65002605", "data_time" : "2023-07-31"}}, {"type" : "Feature", "geometry" : {"type":"Point","coordinates":[121.41733807,24.961990078]}, "properties" : {"name" : "台灣通用磨坊股份有限公司", "address" : "新北市土城區中山路12號1樓、2樓、3樓、4樓", "reg_no" : "65002607", "data_time" : "2023-07-31"}}, {"type" : "Feature", "geometry" : {"type":"Point","coordinates":[121.490088195,24.99831789]}, "properties" : {"name" : "金品源食品工廠", "address" : "新北市中和區建八路164巷2號1、2樓", "reg_no" : "65002617", "data_time" : "2023-07-31"}}, {"type" : "Feature", "geometry" : {"type":"Point","coordinates":[121.602315519,25.002470492]}, "properties" : {"name" : "六張犂饅頭有限公司", "address" : "新北市深坑區北深路3段155巷15、17號(1樓)", "reg_no" : "65002663", "data_time" : "2023-07-31"}}, {"type" : "Feature", "geometry" : {"type":"Point","coordinates":[121.455298483,25.070277713]}, "properties" : {"name" : "統一聖娜多堡股份有限公司五股廠", "address" : "新北市五股區五工二路124號3樓", "reg_no" : "65002667", "data_time" : "2023-07-31"}}, {"type" : "Feature", "geometry" : {"type":"Point","coordinates":[121.469926722,25.062564992]}, "properties" : {"name" : "米力股份有限公司", "address" : "新北市三重區光復路2段196巷6號2樓", "reg_no" : "65002669", "data_time" : "2023-07-31"}}, {"type" : "Feature", "geometry" : {"type":"Point","coordinates":[121.460642782,24.991918869]}, "properties" : {"name" : "成勝生物科技有限公司", "address" : "新北市板橋區干城路162號1樓", "reg_no" : "65002670", "data_time" : "2023-07-31"}}, {"type" : "Feature", "geometry" : {"type":"Point","coordinates":[121.493426184,25.000596449]}, "properties" : {"name" : "禧月有限公司", "address" : "新北市中和區中山路二段327巷15號3樓", "reg_no" : "65002674", "data_time" : "2023-07-31"}}, {"type" : "Feature", "geometry" : {"type":"Point","coordinates":[121.421301658,24.98525235]}, "properties" : {"name" : "旭輝食品興業有限公司", "address" : "新北市樹林區樹中街63號2樓", "reg_no" : "65002692", "data_time" : "2023-07-31"}}, {"type" : "Feature", "geometry" : {"type":"Point","coordinates":[121.435170773,25.002664161]}, "properties" : {"name" : "大得利家畜肉食品加工廠有限公司", "address" : "新北市新莊區環漢路3段525號", "reg_no" : "T6500392", "data_time" : "2023-07-31"}}, {"type" : "Feature", "geometry" : {"type":"Point","coordinates":[121.410510413,25.002186969]}, "properties" : {"name" : "派帝食品有限公司", "address" : "新北市樹林區光興街63巷12號1、2樓", "reg_no" : "65002739", "data_time" : "2023-07-31"}}, {"type" : "Feature", "geometry" : {"type":"Point","coordinates":[121.389886567,24.902769386]}, "properties" : {"name" : "章富昌食品有限公司", "address" : "新北市三峽區嘉添里嘉添109-2號", "reg_no" : "T6500394", "data_time" : "2023-07-31"}}, {"type" : "Feature", "geometry" : {"type":"Point","coordinates":[121.486811681,25.004723388]}, "properties" : {"name" : "葵果股份有限公司", "address" : "新北市中和區中山路2段389號9樓", "reg_no" : "65002753", "data_time" : "2023-07-31"}}, {"type" : "Feature", "geometry" : {"type":"Point","coordinates":[121.462419714,25.046666125]}, "properties" : {"name" : "冠閎實業有限公司", "address" : "新北市新莊區化成路83巷60號1樓及2樓", "reg_no" : "65002764", "data_time" : "2023-07-31"}}, {"type" : "Feature", "geometry" : {"type":"Point","coordinates":[121.371497975,24.9295377]}, "properties" : {"name" : "鎧逸企業股份有限公司", "address" : "新北市三峽區中華路74-1號", "reg_no" : "T6500395", "data_time" : "2023-07-31"}}, {"type" : "Feature", "geometry" : {"type":"Point","coordinates":[121.332869391,24.939726445]}, "properties" : {"name" : "明軒食品有限公司", "address" : "新北市鶯歌區中正三路156巷33弄6、7號(1、2樓)", "reg_no" : "65002768", "data_time" : "2023-07-31"}}, {"type" : "Feature", "geometry" : {"type":"Point","coordinates":[121.468279848,25.072968597]}, "properties" : {"name" : "多米多食品有限公司", "address" : "新北市五股區中興路1段46巷4號(1樓)", "reg_no" : "65002788", "data_time" : "2023-07-31"}}, {"type" : "Feature", "geometry" : {"type":"Point","coordinates":[121.486186794,24.998328228]}, "properties" : {"name" : "台灣和華貿易有限公司", "address" : "新北市中和區建八路2號4樓之4", "reg_no" : "65002791", "data_time" : "2023-07-31"}}, {"type" : "Feature", "geometry" : {"type":"Point","coordinates":[121.627791382,25.060273952]}, "properties" : {"name" : "豆工房咖啡商行", "address" : "新北市汐止區福德一路393巷8號1樓", "reg_no" : "65002798", "data_time" : "2023-07-31"}}, {"type" : "Feature", "geometry" : {"type":"Point","coordinates":[121.371497975,24.9295377]}, "properties" : {"name" : "康喜軒食品有限公司", "address" : "新北市三峽區中華路74-5號", "reg_no" : "T6500399", "data_time" : "2023-07-31"}}, {"type" : "Feature", "geometry" : {"type":"Point","coordinates":[121.460780332,25.091070109]}, "properties" : {"name" : "屹兆莊企業有限公司", "address" : "新北市蘆洲區長興路353號1樓", "reg_no" : "65002813", "data_time" : "2023-07-31"}}, {"type" : "Feature", "geometry" : {"type":"Point","coordinates":[121.490109828,24.998485028]}, "properties" : {"name" : "福寶貿易有限公司", "address" : "新北市中和區建八路162號1樓", "reg_no" : "65002829", "data_time" : "2023-07-31"}}, {"type" : "Feature", "geometry" : {"type":"Point","coordinates":[121.404275155,25.099255039]}, "properties" : {"name" : "恆新股份有限公司", "address" : "新北市林口區粉寮路二段458之1號(二樓)", "reg_no" : "65002836", "data_time" : "2023-07-31"}}, {"type" : "Feature", "geometry" : {"type":"Point","coordinates":[121.676214498,24.975028127]}, "properties" : {"name" : "源廣興食品有限公司石碇廠", "address" : "新北市石碇區彭山里崩山3之3號", "reg_no" : "T6500400", "data_time" : "2023-07-31"}}, {"type" : "Feature", "geometry" : {"type":"Point","coordinates":[121.534943114,24.98486874]}, "properties" : {"name" : "千賓香精原料有限公司", "address" : "新北市新店區中正路四維巷8弄7號2樓、9號2樓", "reg_no" : "65002921", "data_time" : "2023-07-31"}}, {"type" : "Feature", "geometry" : {"type":"Point","coordinates":[121.466004472,25.049839908]}, "properties" : {"name" : "智捷實業有限公司", "address" : "新北市新莊區化成路370、372、374號1樓", "reg_no" : "65002922", "data_time" : "2023-07-31"}}, {"type" : "Feature", "geometry" : {"type":"Point","coordinates":[121.628316324,25.057551255]}, "properties" : {"name" : "米塔汐止食品有限公司", "address" : "新北市汐止區環河街166號", "reg_no" : "65002933", "data_time" : "2023-07-31"}}, {"type" : "Feature", "geometry" : {"type":"Point","coordinates":[121.459381776,24.99289019]}, "properties" : {"name" : "綠指南貿易有限公司", "address" : "新北市板橋區信義路163巷5號10樓", "reg_no" : "65002934", "data_time" : "2023-07-31"}}, {"type" : "Feature", "geometry" : {"type":"Point","coordinates":[121.491411872,25.007252271]}, "properties" : {"name" : "維喆禮坊股份有限公司", "address" : "新北市中和區立業路83巷1號3樓", "reg_no" : "65002976", "data_time" : "2023-07-31"}}, {"type" : "Feature", "geometry" : {"type":"Point","coordinates":[121.622640554,25.06891736]}, "properties" : {"name" : "稷馨企業有限公司", "address" : "新北市汐止區康寧街169巷29號12樓之2", "reg_no" : "65002999", "data_time" : "2023-07-31"}}, {"type" : "Feature", "geometry" : {"type":"Point","coordinates":[121.549384872,24.976106968]}, "properties" : {"name" : "良菓生化科技股份有限公司", "address" : "新北市新店區寶宏路7號3樓", "reg_no" : "65003004", "data_time" : "2023-07-31"}}, {"type" : "Feature", "geometry" : {"type":"Point","coordinates":[121.402943477,25.086277225]}, "properties" : {"name" : "沅哲有限公司", "address" : "新北市林口區粉寮路二段24號1、2、3樓", "reg_no" : "65003031", "data_time" : "2023-07-31"}}, {"type" : "Feature", "geometry" : {"type":"Point","coordinates":[121.48929946,24.998026601]}, "properties" : {"name" : "德利發食品有限公司", "address" : "新北市中和區錦和路134號(2樓)", "reg_no" : "65003061", "data_time" : "2023-07-31"}}, {"type" : "Feature", "geometry" : {"type":"Point","coordinates":[121.420136065,25.028018356]}, "properties" : {"name" : "香好佳有限公司", "address" : "新北市新莊區中正路853之2號4樓", "reg_no" : "65003062", "data_time" : "2023-07-31"}}, {"type" : "Feature", "geometry" : {"type":"Point","coordinates":[121.485278875,25.000071364]}, "properties" : {"name" : "崴騏手工蛋糕坊有限公司中和廠", "address" : "新北市中和區中正路774號3樓", "reg_no" : "65003065", "data_time" : "2023-07-31"}}, {"type" : "Feature", "geometry" : {"type":"Point","coordinates":[121.367173672,24.923109765]}, "properties" : {"name" : "翔椿生技有限公司", "address" : "新北市三峽區中園街106之5號1、2樓", "reg_no" : "65003067", "data_time" : "2023-07-31"}}, {"type" : "Feature", "geometry" : {"type":"Point","coordinates":[121.458012275,25.041265241]}, "properties" : {"name" : "塔皮歐卡食品行", "address" : "新北市新莊區民樂街42號1樓", "reg_no" : "65003073", "data_time" : "2023-07-31"}}, {"type" : "Feature", "geometry" : {"type":"Point","coordinates":[121.473091304,25.053219787]}, "properties" : {"name" : "珍食堡實業股份有限公司", "address" : "新北市三重區興德路90、92號7樓", "reg_no" : "65003088", "data_time" : "2023-07-31"}}, {"type" : "Feature", "geometry" : {"type":"Point","coordinates":[121.431079428,25.020362087]}, "properties" : {"name" : "尚大立食品實業有限公司", "address" : "新北市新莊區新樹路244巷80號1樓", "reg_no" : "65003128", "data_time" : "2023-07-31"}}, {"type" : "Feature", "geometry" : {"type":"Point","coordinates":[121.479092133,25.071619375]}, "properties" : {"name" : "原振冷凍食品有限公司", "address" : "新北市三重區中正北路193巷35弄90號", "reg_no" : "65003148", "data_time" : "2023-07-31"}}, {"type" : "Feature", "geometry" : {"type":"Point","coordinates":[121.80063303,25.110723413]}, "properties" : {"name" : "薩摩亞商寶宏國際實業股份有限公司台灣分公司", "address" : "新北市瑞芳區明燈路3段209號", "reg_no" : "65003186", "data_time" : "2023-07-31"}}, {"type" : "Feature", "geometry" : {"type":"Point","coordinates":[121.465187872,25.05232911]}, "properties" : {"name" : "台灣塩野香料股份有限公司二廠", "address" : "新北市新莊區頭前路93號", "reg_no" : "65003211", "data_time" : "2023-07-31"}}, {"type" : "Feature", "geometry" : {"type":"Point","coordinates":[121.449185649,25.069682092]}, "properties" : {"name" : "彥臣生技藥品股份有限公司", "address" : "新北市五股區五權八路45號(4樓)", "reg_no" : "65003218", "data_time" : "2023-07-31"}}, {"type" : "Feature", "geometry" : {"type":"Point","coordinates":[121.418440624,24.98387391]}, "properties" : {"name" : "坤禾食品有限公司", "address" : "新北市樹林區八德街31號1樓", "reg_no" : "65003237", "data_time" : "2023-07-31"}}, {"type" : "Feature", "geometry" : {"type":"Point","coordinates":[121.448044231,24.986382351]}, "properties" : {"name" : "雅聖食品行", "address" : "新北市土城區裕生路21巷2弄24、26號1樓", "reg_no" : "T6500408", "data_time" : "2023-07-31"}}, {"type" : "Feature", "geometry" : {"type":"Point","coordinates":[121.367168172,24.923044949]}, "properties" : {"name" : "洺林食品有限公司", "address" : "新北市三峽區中園街108之1號1樓", "reg_no" : "65003262", "data_time" : "2023-07-31"}}, {"type" : "Feature", "geometry" : {"type":"Point","coordinates":[121.597959338,25.00506673]}, "properties" : {"name" : "韋冠實業有限公司", "address" : "新北市深坑區北深路三段276號6樓", "reg_no" : "65003270", "data_time" : "2023-07-31"}}, {"type" : "Feature", "geometry" : {"type":"Point","coordinates":[121.453268236,25.125671768]}, "properties" : {"name" : "仙華生機農業股份有限公司", "address" : "新北市八里區龍米路1段138巷2號", "reg_no" : "65003276", "data_time" : "2023-07-31"}}, {"type" : "Feature", "geometry" : {"type":"Point","coordinates":[121.474259016,25.05990241]}, "properties" : {"name" : "金記食品有限公司", "address" : "新北市三重區疏洪西路246號3、4樓", "reg_no" : "65003280", "data_time" : "2023-07-31"}}, {"type" : "Feature", "geometry" : {"type":"Point","coordinates":[121.435258874,24.972221203]}, "properties" : {"name" : "雅旭食品有限公司", "address" : "新北市土城區慶祥街79號1樓", "reg_no" : "65003287", "data_time" : "2023-07-31"}}, {"type" : "Feature", "geometry" : {"type":"Point","coordinates":[121.53358013,24.98361717]}, "properties" : {"name" : "樂儂食品股份有限公司", "address" : "新北市新店區中正路501-17號5樓", "reg_no" : "65003293", "data_time" : "2023-07-31"}}, {"type" : "Feature", "geometry" : {"type":"Point","coordinates":[121.477705348,25.06978994]}, "properties" : {"name" : "豪紳企業社", "address" : "新北市三重區中正北路191巷3弄5號1樓", "reg_no" : "65003300", "data_time" : "2023-07-31"}}, {"type" : "Feature", "geometry" : {"type":"Point","coordinates":[121.422826749,25.007032715]}, "properties" : {"name" : "華森健康國際有限公司(俊英廠)", "address" : "新北市樹林區俊英街81巷61之2號(1樓)", "reg_no" : "65003330", "data_time" : "2023-07-31"}}, {"type" : "Feature", "geometry" : {"type":"Point","coordinates":[121.392896701,24.963161414]}, "properties" : {"name" : "台灣艾諾特生物科技有限公司", "address" : "新北市樹林區佳園路2段15巷6弄9號1~2樓", "reg_no" : "65003349", "data_time" : "2023-07-31"}}, {"type" : "Feature", "geometry" : {"type":"Point","coordinates":[121.463629422,25.050712061]}, "properties" : {"name" : "森騰實業有限公司", "address" : "新北市新莊區化成路195巷26號2樓", "reg_no" : "65003353", "data_time" : "2023-07-31"}}, {"type" : "Feature", "geometry" : {"type":"Point","coordinates":[121.433212246,25.03069001]}, "properties" : {"name" : "味都股份有限公司新莊廠", "address" : "新北市新莊區福營路145巷34號", "reg_no" : "65003369", "data_time" : "2023-07-31"}}, {"type" : "Feature", "geometry" : {"type":"Point","coordinates":[121.469316809,25.051264266]}, "properties" : {"name" : "祿大食品有限公司", "address" : "新北市三重區中興北街特137之2號(1樓)", "reg_no" : "65003387", "data_time" : "2023-07-31"}}, {"type" : "Feature", "geometry" : {"type":"Point","coordinates":[121.486218778,25.00147714]}, "properties" : {"name" : "龍達食品有限公司", "address" : "新北市中和區建三路67號(1樓)", "reg_no" : "65003395", "data_time" : "2023-07-31"}}, {"type" : "Feature", "geometry" : {"type":"Point","coordinates":[121.422783465,25.088964941]}, "properties" : {"name" : "發全台企業社", "address" : "新北市五股區民義路1段287巷16號之22樓", "reg_no" : "T6500430", "data_time" : "2023-07-31"}}, {"type" : "Feature", "geometry" : {"type":"Point","coordinates":[121.407816732,25.015250834]}, "properties" : {"name" : "眾味元有限公司", "address" : "新北市樹林區忠信街15號6樓", "reg_no" : "65003417", "data_time" : "2023-07-31"}}, {"type" : "Feature", "geometry" : {"type":"Point","coordinates":[121.48713239,25.076629427]}, "properties" : {"name" : "豐華企業股份有限公司", "address" : "新北市三重區三和路4段103-1號8樓", "reg_no" : "65003457", "data_time" : "2023-07-31"}}, {"type" : "Feature", "geometry" : {"type":"Point","coordinates":[121.473892248,24.979369269]}, "properties" : {"name" : "大堡口福食品有限公司", "address" : "新北市土城區永豐路195巷26號", "reg_no" : "65003503", "data_time" : "2023-07-31"}}, {"type" : "Feature", "geometry" : {"type":"Point","coordinates":[121.456279582,25.064021557]}, "properties" : {"name" : "可夫萊食品股份有限公司", "address" : "新北市新莊區五工五路1號3樓", "reg_no" : "65003505", "data_time" : "2023-07-31"}}, {"type" : "Feature", "geometry" : {"type":"Point","coordinates":[121.474116826,25.06989795]}, "properties" : {"name" : "采威麵包廠", "address" : "新北市三重區中正北路428巷7弄11、13號", "reg_no" : "65003534", "data_time" : "2023-07-31"}}, {"type" : "Feature", "geometry" : {"type":"Point","coordinates":[121.486666649,25.009071341]}, "properties" : {"name" : "逢興生物科技股份有限公司", "address" : "新北市中和區立德街148巷36號5樓及48號5樓、6樓", "reg_no" : "65003539", "data_time" : "2023-07-31"}}, {"type" : "Feature", "geometry" : {"type":"Point","coordinates":[121.619830478,25.004512477]}, "properties" : {"name" : "翰霖貿易有限公司", "address" : "新北市深坑區北深路2段32號", "reg_no" : "T6500443", "data_time" : "2023-07-31"}}, {"type" : "Feature", "geometry" : {"type":"Point","coordinates":[121.488143527,25.008679531]}, "properties" : {"name" : "調味大師展業有限公司", "address" : "新北市中和區立德街98巷60號1樓", "reg_no" : "65003558", "data_time" : "2023-07-31"}}, {"type" : "Feature", "geometry" : {"type":"Point","coordinates":[121.624690532,25.060273757]}, "properties" : {"name" : "馥雅有限公司", "address" : "新北市汐止區福德一路430巷26號4樓", "reg_no" : "65003560", "data_time" : "2023-07-31"}}, {"type" : "Feature", "geometry" : {"type":"Point","coordinates":[121.428017323,24.961607693]}, "properties" : {"name" : "黑傑克食品有限公司", "address" : "新北市土城區永平街28號1樓", "reg_no" : "65003567", "data_time" : "2023-07-31"}}, {"type" : "Feature", "geometry" : {"type":"Point","coordinates":[121.432338319,25.007247427]}, "properties" : {"name" : "晉義參藥有限公司", "address" : "新北市新莊區民安西路486號1樓", "reg_no" : "65003580", "data_time" : "2023-07-31"}}, {"type" : "Feature", "geometry" : {"type":"Point","coordinates":[121.39811204,24.93560195]}, "properties" : {"name" : "大鼎食品有限公司", "address" : "新北市三峽區溪北街103號", "reg_no" : "65003595", "data_time" : "2023-07-31"}}, {"type" : "Feature", "geometry" : {"type":"Point","coordinates":[121.552346493,24.980215786]}, "properties" : {"name" : "華盛食品有限公司", "address" : "新北市新店區寶橋路235巷6弄2號1樓", "reg_no" : "65003605", "data_time" : "2023-07-31"}}, {"type" : "Feature", "geometry" : {"type":"Point","coordinates":[121.344534368,24.970106678]}, "properties" : {"name" : "順立食品有限公司", "address" : "新北市鶯歌區大湖路185之1號", "reg_no" : "65003649", "data_time" : "2023-07-31"}}, {"type" : "Feature", "geometry" : {"type":"Point","coordinates":[121.461316747,25.038797208]}, "properties" : {"name" : "悅子有限公司", "address" : "新北市新莊區中正路81巷1號", "reg_no" : "65003650", "data_time" : "2023-07-31"}}, {"type" : "Feature", "geometry" : {"type":"Point","coordinates":[121.457934508,25.066172262]}, "properties" : {"name" : "長谷川食品有限公司", "address" : "新北市新莊區五權一路5號8樓之9", "reg_no" : "65003651", "data_time" : "2023-07-31"}}, {"type" : "Feature", "geometry" : {"type":"Point","coordinates":[121.42381236,25.028749562]}, "properties" : {"name" : "裕品馨食品有限公司", "address" : "新北市新莊區中正路721巷3號(1、2樓)", "reg_no" : "65003656", "data_time" : "2023-07-31"}}, {"type" : "Feature", "geometry" : {"type":"Point","coordinates":[121.485707287,25.008415198]}, "properties" : {"name" : "漢馨科技有限公司", "address" : "新北市中和區立德街89號5樓", "reg_no" : "65003659", "data_time" : "2023-07-31"}}, {"type" : "Feature", "geometry" : {"type":"Point","coordinates":[121.468936328,25.056806374]}, "properties" : {"name" : "查理布朗有限公司", "address" : "新北市三重區中興北街156號1樓", "reg_no" : "65003661", "data_time" : "2023-07-31"}}, {"type" : "Feature", "geometry" : {"type":"Point","coordinates":[121.391386965,24.961357807]}, "properties" : {"name" : "青益企業有限公司", "address" : "新北市樹林區佳園路2段61之5號1、2樓", "reg_no" : "65003696", "data_time" : "2023-07-31"}}, {"type" : "Feature", "geometry" : {"type":"Point","coordinates":[121.475703718,25.070959055]}, "properties" : {"name" : "太魯閣國際股份有限公司三重廠", "address" : "新北市三重區中正北路193巷41號1樓", "reg_no" : "65003697", "data_time" : "2023-07-31"}}, {"type" : "Feature", "geometry" : {"type":"Point","coordinates":[121.457934508,25.066172262]}, "properties" : {"name" : "弘梅有限公司新莊廠", "address" : "新北市新莊區五權一路5號4樓之2", "reg_no" : "65003728", "data_time" : "2023-07-31"}}, {"type" : "Feature", "geometry" : {"type":"Point","coordinates":[121.548985153,24.979911873]}, "properties" : {"name" : "鼎耀國際食品股份有限公司", "address" : "新北市新店區寶中路94號及94之1號(1樓)", "reg_no" : "65003746", "data_time" : "2023-07-31"}}, {"type" : "Feature", "geometry" : {"type":"Point","coordinates":[121.629625842,25.061367793]}, "properties" : {"name" : "合廣有限公司汐止廠", "address" : "新北市汐止區福德一路351巷9號1樓", "reg_no" : "65003747", "data_time" : "2023-07-31"}}, {"type" : "Feature", "geometry" : {"type":"Point","coordinates":[121.622626785,25.069557472]}, "properties" : {"name" : "科麥股份有限公司(汐止廠)", "address" : "新北市汐止區康寧街169巷31之1號13樓及13樓之3", "reg_no" : "65003773", "data_time" : "2023-07-31"}}, {"type" : "Feature", "geometry" : {"type":"Point","coordinates":[121.479773926,25.007398221]}, "properties" : {"name" : "雪坊志業股份有限公司", "address" : "新北市中和區員山路502號7樓之3", "reg_no" : "65003801", "data_time" : "2023-07-31"}}, {"type" : "Feature", "geometry" : {"type":"Point","coordinates":[121.414703416,25.026664138]}, "properties" : {"name" : "泳賀食品企業有限公司", "address" : "新北市新莊區雙鳳路73巷25號(1樓)", "reg_no" : "65003827", "data_time" : "2023-07-31"}}, {"type" : "Feature", "geometry" : {"type":"Point","coordinates":[121.445962045,25.067360614]}, "properties" : {"name" : "布列德麵包股份有限公司五股廠", "address" : "新北市五股區五工六路53之2號(2樓)", "reg_no" : "65003844", "data_time" : "2023-07-31"}}, {"type" : "Feature", "geometry" : {"type":"Point","coordinates":[121.487268312,25.008756452]}, "properties" : {"name" : "元素生化科技有限公司", "address" : "新北市中和區立德街148巷2、6、8號7樓", "reg_no" : "65003848", "data_time" : "2023-07-31"}}, {"type" : "Feature", "geometry" : {"type":"Point","coordinates":[121.431632781,25.063464148]}, "properties" : {"name" : "百莉製冰廠有限公司泰山廠", "address" : "新北市泰山區泰林路2段292巷26號(1樓)", "reg_no" : "65003853", "data_time" : "2023-07-31"}}, {"type" : "Feature", "geometry" : {"type":"Point","coordinates":[121.457934508,25.066172262]}, "properties" : {"name" : "海子企業有限公司", "address" : "新北市新莊區五權一路5號2樓(221室)", "reg_no" : "65003854", "data_time" : "2023-07-31"}}, {"type" : "Feature", "geometry" : {"type":"Point","coordinates":[121.448898348,25.069301396]}, "properties" : {"name" : "志遠食品廠", "address" : "新北市五股區五權八路39號之1", "reg_no" : "65003856", "data_time" : "2023-07-31"}}, {"type" : "Feature", "geometry" : {"type":"Point","coordinates":[121.486286091,25.001264326]}, "properties" : {"name" : "向唐食品有限公司", "address" : "新北市中和區建三路75號(1樓)", "reg_no" : "65003857", "data_time" : "2023-07-31"}}, {"type" : "Feature", "geometry" : {"type":"Point","coordinates":[121.596679334,25.00619828]}, "properties" : {"name" : "愷得食品有限公司", "address" : "新北市深坑區北深路三段286巷23號1、2、3樓", "reg_no" : "65003861", "data_time" : "2023-07-31"}}, {"type" : "Feature", "geometry" : {"type":"Point","coordinates":[121.428993722,25.034067132]}, "properties" : {"name" : "天納原企業有限公司", "address" : "新北市新莊區中正路514巷105弄72號", "reg_no" : "65003864", "data_time" : "2023-07-31"}}, {"type" : "Feature", "geometry" : {"type":"Point","coordinates":[121.471908728,25.050435817]}, "properties" : {"name" : "捷安商實業股份有限公司", "address" : "新北市三重區光復路1段82之8號(1、2樓)", "reg_no" : "65003886", "data_time" : "2023-07-31"}}, {"type" : "Feature", "geometry" : {"type":"Point","coordinates":[121.550140693,24.974583772]}, "properties" : {"name" : "富茂香生物科技有限公司", "address" : "新北市新店區寶興路45巷8弄4號5樓", "reg_no" : "65003887", "data_time" : "2023-07-31"}}, {"type" : "Feature", "geometry" : {"type":"Point","coordinates":[121.469380201,24.987907043]}, "properties" : {"name" : "世紀冷凍食品有限公司", "address" : "新北市土城區金城路3段202之1號1樓", "reg_no" : "65003903", "data_time" : "2023-07-31"}}, {"type" : "Feature", "geometry" : {"type":"Point","coordinates":[121.55120702,24.98033467]}, "properties" : {"name" : "柏泰食品興業股份有限公司二廠", "address" : "新北市新店區寶橋路235巷1弄2、4號5樓", "reg_no" : "65003904", "data_time" : "2023-07-31"}}, {"type" : "Feature", "geometry" : {"type":"Point","coordinates":[121.431909457,25.006982796]}, "properties" : {"name" : "霜囍有限公司", "address" : "新北市新莊區民安西路480巷7號2樓", "reg_no" : "65003914", "data_time" : "2023-07-31"}}, {"type" : "Feature", "geometry" : {"type":"Point","coordinates":[121.400878968,25.076022898]}, "properties" : {"name" : "媽媽家食品企業有限公司", "address" : "新北市林口區工九路13之1號1樓", "reg_no" : "65003923", "data_time" : "2023-07-31"}}, {"type" : "Feature", "geometry" : {"type":"Point","coordinates":[121.549864768,24.973822801]}, "properties" : {"name" : "豐稷食品有限公司新店廠", "address" : "新北市新店區寶興路45巷1、3號4樓", "reg_no" : "65003925", "data_time" : "2023-07-31"}}, {"type" : "Feature", "geometry" : {"type":"Point","coordinates":[121.4107271,25.157537695]}, "properties" : {"name" : "嘉毓企業有限公司", "address" : "新北市八里區頂寮一街28巷13號1、2樓", "reg_no" : "65003930", "data_time" : "2023-07-31"}}, {"type" : "Feature", "geometry" : {"type":"Point","coordinates":[121.418443311,25.018009399]}, "properties" : {"name" : "大洪興業有限公司", "address" : "新北市樹林區俊興街273號1、2樓", "reg_no" : "65003940", "data_time" : "2023-07-31"}}, {"type" : "Feature", "geometry" : {"type":"Point","coordinates":[121.449143908,25.06922174]}, "properties" : {"name" : "台灣善商股份有限公司", "address" : "新北市五股區五權八路42號", "reg_no" : "65003971", "data_time" : "2023-07-31"}}, {"type" : "Feature", "geometry" : {"type":"Point","coordinates":[121.47035175,25.057460456]}, "properties" : {"name" : "貝諾有限公司", "address" : "新北市三重區光復路二段88巷33號", "reg_no" : "65003998", "data_time" : "2023-07-31"}}, {"type" : "Feature", "geometry" : {"type":"Point","coordinates":[121.472206876,25.051798937]}, "properties" : {"name" : "榮騰農產股份有限公司", "address" : "新北市三重區光復路1段111之1號", "reg_no" : "65004006", "data_time" : "2023-07-31"}}, {"type" : "Feature", "geometry" : {"type":"Point","coordinates":[121.39522485,24.957584079]}, "properties" : {"name" : "好滿鎰有限公司", "address" : "新北市樹林區民權街5巷2號", "reg_no" : "65004007", "data_time" : "2023-07-31"}}, {"type" : "Feature", "geometry" : {"type":"Point","coordinates":[121.48863977,25.078122107]}, "properties" : {"name" : "柴神興業有限公司", "address" : "新北市三重區溪尾街108巷46弄23號", "reg_no" : "65004022", "data_time" : "2023-07-31"}}, {"type" : "Feature", "geometry" : {"type":"Point","coordinates":[121.40958397,24.97653439]}, "properties" : {"name" : "長珍食品有限公司", "address" : "新北市樹林區東順街82-4號2樓", "reg_no" : "65004062", "data_time" : "2023-07-31"}}, {"type" : "Feature", "geometry" : {"type":"Point","coordinates":[121.434051466,25.030926601]}, "properties" : {"name" : "路易莎咖啡有限公司", "address" : "新北市新莊區建國一路55號1樓", "reg_no" : "65004077", "data_time" : "2023-07-31"}}, {"type" : "Feature", "geometry" : {"type":"Point","coordinates":[121.622649889,25.068774576]}, "properties" : {"name" : "百合國際企業有限公司", "address" : "新北市汐止區康寧街169巷27之1號10樓之2", "reg_no" : "65004081", "data_time" : "2023-07-31"}}, {"type" : "Feature", "geometry" : {"type":"Point","coordinates":[121.451924914,25.165819238]}, "properties" : {"name" : "台益食品企業有限公司", "address" : "新北市淡水區中正東路1段3巷25號6樓", "reg_no" : "65004094", "data_time" : "2023-07-31"}}, {"type" : "Feature", "geometry" : {"type":"Point","coordinates":[121.474491385,25.070455706]}, "properties" : {"name" : "鮮元食品有限公司", "address" : "新北市三重區中正北路428巷9號(1樓)", "reg_no" : "65004100", "data_time" : "2023-07-31"}}, {"type" : "Feature", "geometry" : {"type":"Point","coordinates":[121.333152708,24.940424553]}, "properties" : {"name" : "永縉食品包裝有限公司", "address" : "新北市鶯歌區中正三路156巷8之10號(2、3樓)", "reg_no" : "65004102", "data_time" : "2023-07-31"}}, {"type" : "Feature", "geometry" : {"type":"Point","coordinates":[121.650888172,25.064104298]}, "properties" : {"name" : "瑞士達實業股份有限公司大同廠", "address" : "新北市汐止區大同路2段135號7樓", "reg_no" : "65004132", "data_time" : "2023-07-31"}}, {"type" : "Feature", "geometry" : {"type":"Point","coordinates":[121.450775017,24.985386418]}, "properties" : {"name" : "和美早餐店", "address" : "新北市土城區裕民路136巷6弄1號1樓", "reg_no" : "T6500500", "data_time" : "2023-07-31"}}, {"type" : "Feature", "geometry" : {"type":"Point","coordinates":[121.46955442,25.05027098]}, "properties" : {"name" : "生態綠股份有限公司", "address" : "新北市三重區中興北街131之17號1、2樓", "reg_no" : "65004160", "data_time" : "2023-07-31"}}, {"type" : "Feature", "geometry" : {"type":"Point","coordinates":[121.552037471,24.981226149]}, "properties" : {"name" : "富聖養生實業有限公司", "address" : "新北市新店區寶橋路235巷16弄7號7樓", "reg_no" : "65004170", "data_time" : "2023-07-31"}}, {"type" : "Feature", "geometry" : {"type":"Point","coordinates":[121.486186277,25.260588576]}, "properties" : {"name" : "賞味佳食品工業有限公司", "address" : "新北市三芝區古庄里四棧橋27之1號", "reg_no" : "T6500505", "data_time" : "2023-07-31"}}, {"type" : "Feature", "geometry" : {"type":"Point","coordinates":[121.485316502,24.999641275]}, "properties" : {"name" : "展裕國際有限公司", "address" : "新北市中和區中正路766號7樓", "reg_no" : "65004176", "data_time" : "2023-07-31"}}, {"type" : "Feature", "geometry" : {"type":"Point","coordinates":[121.410377771,24.978215053]}, "properties" : {"name" : "盛宇行", "address" : "新北市樹林區東興街27號(1樓)", "reg_no" : "65004184", "data_time" : "2023-07-31"}}, {"type" : "Feature", "geometry" : {"type":"Point","coordinates":[121.434218515,25.022621128]}, "properties" : {"name" : "立杰國際有限公司", "address" : "新北市新莊區民安路437號(1樓)", "reg_no" : "65004185", "data_time" : "2023-07-31"}}, {"type" : "Feature", "geometry" : {"type":"Point","coordinates":[121.461803566,25.137809523]}, "properties" : {"name" : "諾蔓食品烘焙店", "address" : "新北市淡水區民生路48號4樓", "reg_no" : "T6500510", "data_time" : "2023-07-31"}}, {"type" : "Feature", "geometry" : {"type":"Point","coordinates":[121.457349576,25.067035871]}, "properties" : {"name" : "薩摩亞商璽睿股份有限公司台灣分公司", "address" : "新北市五股區五權二路23號", "reg_no" : "65004217", "data_time" : "2023-07-31"}}, {"type" : "Feature", "geometry" : {"type":"Point","coordinates":[121.490254413,24.998942196]}, "properties" : {"name" : "鼎昌實業有限公司", "address" : "新北市中和區建八路139巷2號(1樓)", "reg_no" : "65004221", "data_time" : "2023-07-31"}}, {"type" : "Feature", "geometry" : {"type":"Point","coordinates":[121.550715719,24.97424723]}, "properties" : {"name" : "品軒事業有限公司", "address" : "新北市新店區寶興路45巷6弄9號3樓", "reg_no" : "65004222", "data_time" : "2023-07-31"}}, {"type" : "Feature", "geometry" : {"type":"Point","coordinates":[121.423005864,25.030147413]}, "properties" : {"name" : "活絡生物科技有限公司", "address" : "新北市泰山區貴鳳街26之6號(2樓)", "reg_no" : "65004230", "data_time" : "2023-07-31"}}, {"type" : "Feature", "geometry" : {"type":"Point","coordinates":[121.432089851,25.006561224]}, "properties" : {"name" : "黑堂有限公司新莊廠", "address" : "新北市新莊區新樹路302巷7號(1、2樓)", "reg_no" : "65004234", "data_time" : "2023-07-31"}}, {"type" : "Feature", "geometry" : {"type":"Point","coordinates":[121.466098843,25.046290248]}, "properties" : {"name" : "甲寅國際興業有限公司二廠", "address" : "新北市新莊區化成路190巷3、5號(1樓)", "reg_no" : "65004260", "data_time" : "2023-07-31"}}, {"type" : "Feature", "geometry" : {"type":"Point","coordinates":[121.450190273,25.011322923]}, "properties" : {"name" : "益同商行", "address" : "新北市板橋區大觀路1段28巷108之1號1樓", "reg_no" : "T6500518", "data_time" : "2023-07-31"}}, {"type" : "Feature", "geometry" : {"type":"Point","coordinates":[121.435039097,25.009023316]}, "properties" : {"name" : "郁香食品有限公司", "address" : "新北市新莊區瓊林南路187巷32號之4", "reg_no" : "65004280", "data_time" : "2023-07-31"}}, {"type" : "Feature", "geometry" : {"type":"Point","coordinates":[121.548716054,24.980756409]}, "properties" : {"name" : "福圓號食品有限公司", "address" : "新北市新店區寶中路95之2號(1、2、3樓)", "reg_no" : "65004285", "data_time" : "2023-07-31"}}, {"type" : "Feature", "geometry" : {"type":"Point","coordinates":[121.341497943,24.952606421]}, "properties" : {"name" : "傳恩食品有限公司鶯歌廠", "address" : "新北市鶯歌區鶯桃路61之3號(1樓)", "reg_no" : "65004286", "data_time" : "2023-07-31"}}, {"type" : "Feature", "geometry" : {"type":"Point","coordinates":[121.402222912,24.944168856]}, "properties" : {"name" : "聖力達生物科技有限公司", "address" : "新北市三峽區介壽路三段203號1樓", "reg_no" : "65004287", "data_time" : "2023-07-31"}}, {"type" : "Feature", "geometry" : {"type":"Point","coordinates":[121.47383594,25.093812574]}, "properties" : {"name" : "尚品烘焙坊", "address" : "新北市蘆洲區民族路422巷82弄16號", "reg_no" : "T6500521", "data_time" : "2023-07-31"}}, {"type" : "Feature", "geometry" : {"type":"Point","coordinates":[121.39545285,24.95896936]}, "properties" : {"name" : "富侑食品有限公司", "address" : "新北市樹林區民權街5巷19弄20號(1、2樓)", "reg_no" : "65004288", "data_time" : "2023-07-31"}}, {"type" : "Feature", "geometry" : {"type":"Point","coordinates":[121.485287309,25.072594772]}, "properties" : {"name" : "義興湯圓行", "address" : "新北市三重區車路頭街51巷20號", "reg_no" : "T6500523", "data_time" : "2023-07-31"}}, {"type" : "Feature", "geometry" : {"type":"Point","coordinates":[121.42025811,25.012775722]}, "properties" : {"name" : "旺榮利食品股份有限公司", "address" : "新北市樹林區俊安街43號", "reg_no" : "T6500524", "data_time" : "2023-07-31"}}, {"type" : "Feature", "geometry" : {"type":"Point","coordinates":[121.452483212,25.064171978]}, "properties" : {"name" : "橘村屋食品有限公司", "address" : "新北市五股區五工五路31號", "reg_no" : "65004315", "data_time" : "2023-07-31"}}, {"type" : "Feature", "geometry" : {"type":"Point","coordinates":[121.477449705,25.023425232]}, "properties" : {"name" : "睿美食品行", "address" : "新北市板橋區縣民大道3段133巷3號", "reg_no" : "T6500533", "data_time" : "2023-07-31"}}, {"type" : "Feature", "geometry" : {"type":"Point","coordinates":[121.634327436,25.057303682]}, "properties" : {"name" : "鮮享股份有限公司", "address" : "新北市汐止區大同路1段276之1號10樓", "reg_no" : "65004349", "data_time" : "2023-07-31"}}, {"type" : "Feature", "geometry" : {"type":"Point","coordinates":[121.626247534,25.061439141]}, "properties" : {"name" : "介宏國際有限公司", "address" : "新北市汐止區福德一路392巷23號4樓", "reg_no" : "65004374", "data_time" : "2023-07-31"}}, {"type" : "Feature", "geometry" : {"type":"Point","coordinates":[121.416370378,25.01547606]}, "properties" : {"name" : "禾豚有限公司", "address" : "新北市樹林區三俊街87號(1樓)", "reg_no" : "65004379", "data_time" : "2023-07-31"}}, {"type" : "Feature", "geometry" : {"type":"Point","coordinates":[121.437123876,24.973719393]}, "properties" : {"name" : "冠睿有限公司", "address" : "新北市土城區慶樂街53號1、2樓", "reg_no" : "65004386", "data_time" : "2023-07-31"}}, {"type" : "Feature", "geometry" : {"type":"Point","coordinates":[121.627010073,25.060096045]}, "properties" : {"name" : "東方聚利食品工業有限公司", "address" : "新北市汐止區福德一路413號(1樓)", "reg_no" : "65004398", "data_time" : "2023-07-31"}}, {"type" : "Feature", "geometry" : {"type":"Point","coordinates":[121.608272996,25.001203418]}, "properties" : {"name" : "日新豆腐店", "address" : "新北市深坑區北深路3段43-1號", "reg_no" : "T6500546", "data_time" : "2023-07-31"}}, {"type" : "Feature", "geometry" : {"type":"Point","coordinates":[121.551836755,24.981094326]}, "properties" : {"name" : "大登食品有限公司", "address" : "新北市新店區寶橋路235巷16弄5號1樓", "reg_no" : "65004434", "data_time" : "2023-07-31"}}, {"type" : "Feature", "geometry" : {"type":"Point","coordinates":[121.502782,25.0625493]}, "properties" : {"name" : "鵝之鄉食品行", "address" : "新北市三重區福德南路33-1號", "reg_no" : "T6500552", "data_time" : "2023-07-31"}}, {"type" : "Feature", "geometry" : {"type":"Point","coordinates":[121.487894842,25.008102282]}, "properties" : {"name" : "旺萊食品有限公司", "address" : "新北市中和區立德街72巷12號", "reg_no" : "65004483", "data_time" : "2023-07-31"}}, {"type" : "Feature", "geometry" : {"type":"Point","coordinates":[121.464711272,25.061542608]}, "properties" : {"name" : "羿方有限公司", "address" : "新北市新莊區化成路892號(1樓)", "reg_no" : "65004496", "data_time" : "2023-07-31"}}, {"type" : "Feature", "geometry" : {"type":"Point","coordinates":[121.421435306,25.03151412]}, "properties" : {"name" : "優而品國際有限公司", "address" : "新北市泰山區貴鳳街1號4樓", "reg_no" : "65004528", "data_time" : "2023-07-31"}}, {"type" : "Feature", "geometry" : {"type":"Point","coordinates":[121.408361764,24.976633276]}, "properties" : {"name" : "正永傳貿易有限公司", "address" : "新北市樹林區中山路2段151巷15弄54號", "reg_no" : "65004550", "data_time" : "2023-07-31"}}, {"type" : "Feature", "geometry" : {"type":"Point","coordinates":[121.471302738,24.978097335]}, "properties" : {"name" : "群達蛋品有限公司", "address" : "新北市土城區永豐路195巷2之4號2樓", "reg_no" : "65004571", "data_time" : "2023-07-31"}}, {"type" : "Feature", "geometry" : {"type":"Point","coordinates":[121.481270039,25.006559731]}, "properties" : {"name" : "嘉赫食品有限公司", "address" : "新北市中和區員山路466巷27號1樓,29號1樓", "reg_no" : "65004578", "data_time" : "2023-07-31"}}, {"type" : "Feature", "geometry" : {"type":"Point","coordinates":[121.628582386,25.064867182]}, "properties" : {"name" : "麒福食品工業有限公司", "address" : "新北市汐止區福德二路234號2樓", "reg_no" : "65004580", "data_time" : "2023-07-31"}}, {"type" : "Feature", "geometry" : {"type":"Point","coordinates":[121.459282824,25.067665809]}, "properties" : {"name" : "德默特爾烘焙事業有限公司", "address" : "新北市新莊區五權一路11號8樓之1", "reg_no" : "65004595", "data_time" : "2023-07-31"}}, {"type" : "Feature", "geometry" : {"type":"Point","coordinates":[121.457709633,25.067408923]}, "properties" : {"name" : "龍美食品廠", "address" : "新北市五股區五權二路29號(1樓)", "reg_no" : "65004596", "data_time" : "2023-07-31"}}, {"type" : "Feature", "geometry" : {"type":"Point","coordinates":[121.397073176,24.945236916]}, "properties" : {"name" : "台味開發有限公司", "address" : "新北市樹林區佳園路3段101巷62弄52-15號", "reg_no" : "T6500573", "data_time" : "2023-07-31"}}, {"type" : "Feature", "geometry" : {"type":"Point","coordinates":[121.453296302,25.063615064]}, "properties" : {"name" : "富貴得實業有限公司新莊二廠", "address" : "新北市新莊區五工五路27號7樓", "reg_no" : "65004640", "data_time" : "2023-07-31"}}, {"type" : "Feature", "geometry" : {"type":"Point","coordinates":[121.413662469,24.98634084]}, "properties" : {"name" : "仕奇生技股份有限公司", "address" : "新北市樹林區大安路528號6樓", "reg_no" : "65004642", "data_time" : "2023-07-31"}}, {"type" : "Feature", "geometry" : {"type":"Point","coordinates":[121.53818473,24.983621321]}, "properties" : {"name" : "亞詮餐飲事業股份有限公司", "address" : "新北市新店區民權路42巷59弄10號2樓", "reg_no" : "65004698", "data_time" : "2023-07-31"}}, {"type" : "Feature", "geometry" : {"type":"Point","coordinates":[121.488981327,25.007759518]}, "properties" : {"name" : "全利洋企業有限公司", "address" : "新北市中和區立德街98巷125號(1層、2層)", "reg_no" : "65004701", "data_time" : "2023-07-31"}}, {"type" : "Feature", "geometry" : {"type":"Point","coordinates":[121.377487131,24.93743743]}, "properties" : {"name" : "泰佶食品行", "address" : "新北市三峽區三樹路350號1樓左段", "reg_no" : "T6500586", "data_time" : "2023-07-31"}}, {"type" : "Feature", "geometry" : {"type":"Point","coordinates":[121.466645697,25.060370827]}, "properties" : {"name" : "香臨食品股份有限公司", "address" : "新北市三重區新北大道2段139巷25號、27號(3樓)", "reg_no" : "65004731", "data_time" : "2023-07-31"}}, {"type" : "Feature", "geometry" : {"type":"Point","coordinates":[121.41047927,24.970417583]}, "properties" : {"name" : "德盛製麵股份有限公司", "address" : "新北市樹林區八德街280巷3號(3樓)", "reg_no" : "65004732", "data_time" : "2023-07-31"}}, {"type" : "Feature", "geometry" : {"type":"Point","coordinates":[121.373573461,24.902288071]}, "properties" : {"name" : "勝興食品加工廠有限公司(三峽廠)", "address" : "新北市三峽區添福14之34號(1樓)", "reg_no" : "65004746", "data_time" : "2023-07-31"}}, {"type" : "Feature", "geometry" : {"type":"Point","coordinates":[121.491068728,24.99799239]}, "properties" : {"name" : "豐品食品有限公司中和一廠", "address" : "新北市中和區連城路222巷6弄7號1樓", "reg_no" : "65004757", "data_time" : "2023-07-31"}}, {"type" : "Feature", "geometry" : {"type":"Point","coordinates":[121.432273569,25.007299974]}, "properties" : {"name" : "百傑國際食品有限公司新莊廠", "address" : "新北市新莊區民安西路482、482之1號1、2樓", "reg_no" : "65004766", "data_time" : "2023-07-31"}}, {"type" : "Feature", "geometry" : {"type":"Point","coordinates":[121.598420228,25.005305588]}, "properties" : {"name" : "和生御品股份有限公司深坑廠", "address" : "新北市深坑區北深路3段270巷5號2樓", "reg_no" : "65004770", "data_time" : "2023-07-31"}}, {"type" : "Feature", "geometry" : {"type":"Point","coordinates":[121.550185215,24.973988827]}, "properties" : {"name" : "英雄食品行", "address" : "新北市新店區寶興路45巷6弄2號1樓", "reg_no" : "65004778", "data_time" : "2023-07-31"}}, {"type" : "Feature", "geometry" : {"type":"Point","coordinates":[121.389886567,24.902769386]}, "properties" : {"name" : "柏鈞食品股份有限公司", "address" : "新北市三峽區嘉添里嘉添181之14號", "reg_no" : "65004798", "data_time" : "2023-07-31"}}, {"type" : "Feature", "geometry" : {"type":"Point","coordinates":[121.409273646,25.015282315]}, "properties" : {"name" : "宇馨生技食品股份有限公司", "address" : "新北市樹林區忠信街4號1樓", "reg_no" : "65004809", "data_time" : "2023-07-31"}}, {"type" : "Feature", "geometry" : {"type":"Point","coordinates":[121.567748839,25.291395879]}, "properties" : {"name" : "陳明樹油行", "address" : "新北市石門區崁子腳30號之3", "reg_no" : "T6500593", "data_time" : "2023-07-31"}}, {"type" : "Feature", "geometry" : {"type":"Point","coordinates":[121.457934508,25.066172262]}, "properties" : {"name" : "月桂香食品行", "address" : "新北市新莊區五權一路5號之2(1樓)", "reg_no" : "65004823", "data_time" : "2023-07-31"}}, {"type" : "Feature", "geometry" : {"type":"Point","coordinates":[121.457251453,25.066557749]}, "properties" : {"name" : "富凰企業股份有限公司", "address" : "新北市新莊區五權二路20號之1(2樓)", "reg_no" : "65004836", "data_time" : "2023-07-31"}}, {"type" : "Feature", "geometry" : {"type":"Point","coordinates":[121.476442214,25.011150097]}, "properties" : {"name" : "興德旺食品有限公司", "address" : "新北市中和區員山路611巷4弄33之3號1樓", "reg_no" : "65004846", "data_time" : "2023-07-31"}}, {"type" : "Feature", "geometry" : {"type":"Point","coordinates":[121.485553382,24.997888721]}, "properties" : {"name" : "英屬維京群島商皮可吉科技股份有限公司台灣分公司", "address" : "新北市中和區中正路736號17樓之5", "reg_no" : "65004847", "data_time" : "2023-07-31"}}, {"type" : "Feature", "geometry" : {"type":"Point","coordinates":[121.549742792,24.974679593]}, "properties" : {"name" : "連淨綠色科技股份有限公司", "address" : "新北市新店區寶興路45巷9弄2號1樓", "reg_no" : "65004860", "data_time" : "2023-07-31"}}, {"type" : "Feature", "geometry" : {"type":"Point","coordinates":[121.4107271,25.157537695]}, "properties" : {"name" : "紅仕食品有限公司", "address" : "新北市八里區頂寮一街28巷8號", "reg_no" : "65004868", "data_time" : "2023-07-31"}}, {"type" : "Feature", "geometry" : {"type":"Point","coordinates":[121.476600345,25.073289325]}, "properties" : {"name" : "威承貿易有限公司", "address" : "新北市三重區中正北路317巷46號1、2樓", "reg_no" : "65004889", "data_time" : "2023-07-31"}}, {"type" : "Feature", "geometry" : {"type":"Point","coordinates":[121.628045951,25.056439504]}, "properties" : {"name" : "正文肉店", "address" : "新北市汐止區南陽街265號(2樓)", "reg_no" : "T6500605", "data_time" : "2023-07-31"}}, {"type" : "Feature", "geometry" : {"type":"Point","coordinates":[121.476968897,25.080267309]}, "properties" : {"name" : "康和皇家生活事業股份有限公司", "address" : "新北市蘆洲區中山一路95巷22弄14號", "reg_no" : "65004896", "data_time" : "2023-07-31"}}, {"type" : "Feature", "geometry" : {"type":"Point","coordinates":[121.369231378,24.918926318]}, "properties" : {"name" : "中原光合農場股份有限公司三峽二廠", "address" : "新北市三峽區正義街18號(2樓)", "reg_no" : "65004901", "data_time" : "2023-07-31"}}, {"type" : "Feature", "geometry" : {"type":"Point","coordinates":[121.627516962,25.060743709]}, "properties" : {"name" : "漁路發水產有限公司", "address" : "新北市汐止區福德一路394號5樓", "reg_no" : "65004925", "data_time" : "2023-07-31"}}, {"type" : "Feature", "geometry" : {"type":"Point","coordinates":[121.458032287,24.964435748]}, "properties" : {"name" : "台山冷凍食品有限公司", "address" : "新北市土城區石門路49之1號1、2樓", "reg_no" : "65004934", "data_time" : "2023-07-31"}}, {"type" : "Feature", "geometry" : {"type":"Point","coordinates":[121.457220352,25.066891264]}, "properties" : {"name" : "膳安國際股份有限公司", "address" : "新北市五股區五權二路21號(1、2樓)", "reg_no" : "65004941", "data_time" : "2023-07-31"}}, {"type" : "Feature", "geometry" : {"type":"Point","coordinates":[121.420624173,25.015447294]}, "properties" : {"name" : "彭勝食品有限公司", "address" : "新北市樹林區三俊街213之1號", "reg_no" : "65004959", "data_time" : "2023-07-31"}}, {"type" : "Feature", "geometry" : {"type":"Point","coordinates":[121.60460629,25.001820777]}, "properties" : {"name" : "博東客企業有限公司", "address" : "新北市深坑區北深路3段111號", "reg_no" : "65004960", "data_time" : "2023-07-31"}}, {"type" : "Feature", "geometry" : {"type":"Point","coordinates":[121.493298502,25.000128687]}, "properties" : {"name" : "海力士國際股份有限公司中和廠", "address" : "新北市中和區中山路2段327巷11弄17號2樓", "reg_no" : "65004966", "data_time" : "2023-07-31"}}, {"type" : "Feature", "geometry" : {"type":"Point","coordinates":[121.478292141,25.02343812]}, "properties" : {"name" : "喜悅雜糧餐包有限公司", "address" : "新北市板橋區縣民大道3段270巷1號(1、2樓)", "reg_no" : "65004980", "data_time" : "2023-07-31"}}, {"type" : "Feature", "geometry" : {"type":"Point","coordinates":[121.457709739,25.067085432]}, "properties" : {"name" : "北興隆食品有限公司", "address" : "新北市新莊區五權二路22號3樓之10", "reg_no" : "65004982", "data_time" : "2023-07-31"}}, {"type" : "Feature", "geometry" : {"type":"Point","coordinates":[121.3838566,24.955334395]}, "properties" : {"name" : "喜詮生技股份有限公司", "address" : "新北市樹林區柑園街2段122巷11、12號2樓", "reg_no" : "65004983", "data_time" : "2023-07-31"}}, {"type" : "Feature", "geometry" : {"type":"Point","coordinates":[121.34100641,24.95175853]}, "properties" : {"name" : "健逢生物科技企業有限公司(動物飼料廠)", "address" : "新北市鶯歌區建國路596巷68號1樓", "reg_no" : "65005000", "data_time" : "2023-07-31"}}, {"type" : "Feature", "geometry" : {"type":"Point","coordinates":[121.484222628,25.265392031]}, "properties" : {"name" : "好年庄食品有限公司", "address" : "新北市三芝區四棧橋53之15號", "reg_no" : "65005005", "data_time" : "2023-07-31"}}, {"type" : "Feature", "geometry" : {"type":"Point","coordinates":[121.464744992,25.055184988]}, "properties" : {"name" : "心一食品有限公司", "address" : "新北市新莊區化成路293巷13號(1樓)", "reg_no" : "65005017", "data_time" : "2023-07-31"}}, {"type" : "Feature", "geometry" : {"type":"Point","coordinates":[121.436104958,24.964088615]}, "properties" : {"name" : "和泰興烘焙有限公司", "address" : "新北市土城區承天路4巷2之18號", "reg_no" : "65005019", "data_time" : "2023-07-31"}}, {"type" : "Feature", "geometry" : {"type":"Point","coordinates":[121.471887088,25.070041694]}, "properties" : {"name" : "東瀛企業有限公司", "address" : "新北市三重區中正北路530巷29號(1樓)", "reg_no" : "65005022", "data_time" : "2023-07-31"}}, {"type" : "Feature", "geometry" : {"type":"Point","coordinates":[121.50751517,25.00337146]}, "properties" : {"name" : "葉記食品企業有限公司", "address" : "新北市中和區水源路105之5號、107之5號", "reg_no" : "T6500620", "data_time" : "2023-07-31"}}, {"type" : "Feature", "geometry" : {"type":"Point","coordinates":[121.451456112,25.061687025]}, "properties" : {"name" : "花伊朵國際有限公司", "address" : "新北市新莊區五工六路12號1樓", "reg_no" : "65005058", "data_time" : "2023-07-31"}}, {"type" : "Feature", "geometry" : {"type":"Point","coordinates":[121.418559046,24.933298066]}, "properties" : {"name" : "一禾泰興業有限公司", "address" : "新北市三峽區成福路105巷29號", "reg_no" : "65005086", "data_time" : "2023-07-31"}}, {"type" : "Feature", "geometry" : {"type":"Point","coordinates":[121.489880706,24.998211082]}, "properties" : {"name" : "好神國際股份有限公司中和廠", "address" : "新北市中和區建八路152巷3號(1樓)", "reg_no" : "65005087", "data_time" : "2023-07-31"}}, {"type" : "Feature", "geometry" : {"type":"Point","coordinates":[121.477759883,25.071308578]}, "properties" : {"name" : "裕昌咖啡有限公司", "address" : "新北市三重區中正北路193巷35弄50號(1樓)", "reg_no" : "65005089", "data_time" : "2023-07-31"}}, {"type" : "Feature", "geometry" : {"type":"Point","coordinates":[121.462490923,25.043525861]}, "properties" : {"name" : "達弘食品有限公司新莊廠", "address" : "新北市新莊區化成路11巷60號", "reg_no" : "65005120", "data_time" : "2023-07-31"}}, {"type" : "Feature", "geometry" : {"type":"Point","coordinates":[121.468301163,25.05914356]}, "properties" : {"name" : "純美香食品有限公司", "address" : "新北市三重區中興北街204巷13號(1、2樓)", "reg_no" : "65005136", "data_time" : "2023-07-31"}}, {"type" : "Feature", "geometry" : {"type":"Point","coordinates":[121.47467019,25.073050642]}, "properties" : {"name" : "立葳食品有限公司", "address" : "新北市蘆洲區國道路2段1巷52號3樓", "reg_no" : "65005143", "data_time" : "2023-07-31"}}, {"type" : "Feature", "geometry" : {"type":"Point","coordinates":[121.465559748,25.047959244]}, "properties" : {"name" : "北大食品有限公司", "address" : "新北市新莊區化成路139之1號1樓、139之2號1樓", "reg_no" : "65005146", "data_time" : "2023-07-31"}}, {"type" : "Feature", "geometry" : {"type":"Point","coordinates":[121.628435504,25.058783096]}, "properties" : {"name" : "久沅企業有限公司", "address" : "新北市汐止區環河街136號1樓", "reg_no" : "65005161", "data_time" : "2023-07-31"}}, {"type" : "Feature", "geometry" : {"type":"Point","coordinates":[121.634623472,25.061767532]}, "properties" : {"name" : "宬揚企業有限公司", "address" : "新北市汐止區中興路31號2樓之1", "reg_no" : "65005169", "data_time" : "2023-07-31"}}, {"type" : "Feature", "geometry" : {"type":"Point","coordinates":[121.467865027,25.057270291]}, "properties" : {"name" : "盧師食品行", "address" : "新北市三重區中興北街170巷11號(2樓)", "reg_no" : "65005193", "data_time" : "2023-07-31"}}, {"type" : "Feature", "geometry" : {"type":"Point","coordinates":[121.632713042,25.057128909]}, "properties" : {"name" : "昊悅國際事業有限公司", "address" : "新北市汐止區大同路1段181號11樓之2", "reg_no" : "65005218", "data_time" : "2023-07-31"}}, {"type" : "Feature", "geometry" : {"type":"Point","coordinates":[121.442810687,24.972570976]}, "properties" : {"name" : "福成開發食品有限公司土城廠", "address" : "新北市土城區青雲665之8號(1樓)", "reg_no" : "65005223", "data_time" : "2023-07-31"}}, {"type" : "Feature", "geometry" : {"type":"Point","coordinates":[121.53705461,24.986832131]}, "properties" : {"name" : "連淨綠色科技股份有限公司二廠", "address" : "新北市新店區復興路43號1樓", "reg_no" : "65005224", "data_time" : "2023-07-31"}}, {"type" : "Feature", "geometry" : {"type":"Point","coordinates":[121.408026043,25.158392676]}, "properties" : {"name" : "集宏企業有限公司", "address" : "新北市八里區博物館路131號", "reg_no" : "65005264", "data_time" : "2023-07-31"}}, {"type" : "Feature", "geometry" : {"type":"Point","coordinates":[121.534171921,24.987777798]}, "properties" : {"name" : "一之軒食品有限公司二廠", "address" : "新北市新店區復興路111號9樓", "reg_no" : "65005269", "data_time" : "2023-07-31"}}, {"type" : "Feature", "geometry" : {"type":"Point","coordinates":[121.370029213,24.911403529]}, "properties" : {"name" : "宇樂實業有限公司", "address" : "新北市三峽區嘉添181-21號2樓", "reg_no" : "65005312", "data_time" : "2023-07-31"}}, {"type" : "Feature", "geometry" : {"type":"Point","coordinates":[121.431756497,25.063609517]}, "properties" : {"name" : "茶客茶業有限公司", "address" : "新北市泰山區泰林路2段292巷32號(1樓)", "reg_no" : "65005320", "data_time" : "2023-07-31"}}, {"type" : "Feature", "geometry" : {"type":"Point","coordinates":[121.421102885,25.017236315]}, "properties" : {"name" : "大慶食品有限公司", "address" : "新北市樹林區三俊街199巷20弄16號1樓", "reg_no" : "65005351", "data_time" : "2023-07-31"}}, {"type" : "Feature", "geometry" : {"type":"Point","coordinates":[121.460491071,24.991297078]}, "properties" : {"name" : "珍饌工房有限公司", "address" : "新北市板橋區廣權路5號2樓", "reg_no" : "65005355", "data_time" : "2023-07-31"}}, {"type" : "Feature", "geometry" : {"type":"Point","coordinates":[121.476931668,25.010285572]}, "properties" : {"name" : "圓荷有限公司", "address" : "新北市中和區員山路581巷31弄7、9、11號(1樓)", "reg_no" : "65005405", "data_time" : "2023-07-31"}}, {"type" : "Feature", "geometry" : {"type":"Point","coordinates":[121.424521039,25.0337496]}, "properties" : {"name" : "聯亞食品有限公司泰山廠", "address" : "新北市泰山區新北大道6段313巷13弄9號1樓及夾層", "reg_no" : "65005406", "data_time" : "2023-07-31"}}, {"type" : "Feature", "geometry" : {"type":"Point","coordinates":[121.440703809,25.02998383]}, "properties" : {"name" : "世璿食品有限公司", "address" : "新北市新莊區新樹路67巷40弄8號1樓", "reg_no" : "65005407", "data_time" : "2023-07-31"}}, {"type" : "Feature", "geometry" : {"type":"Point","coordinates":[121.486011988,25.004130298]}, "properties" : {"name" : "天晴興業有限公司", "address" : "新北市中和區錦和路3號4樓", "reg_no" : "65005409", "data_time" : "2023-07-31"}}, {"type" : "Feature", "geometry" : {"type":"Point","coordinates":[121.423452057,24.966465729]}, "properties" : {"name" : "元鼎食品生技有限公司", "address" : "新北市土城區自由街15號3樓", "reg_no" : "65005440", "data_time" : "2023-07-31"}}, {"type" : "Feature", "geometry" : {"type":"Point","coordinates":[121.492960882,25.002588697]}, "properties" : {"name" : "統宣生技食品股份有限公司", "address" : "新北市中和區中山路2段352號8樓、356號8樓", "reg_no" : "65005441", "data_time" : "2023-07-31"}}, {"type" : "Feature", "geometry" : {"type":"Point","coordinates":[121.437847858,25.027735277]}, "properties" : {"name" : "王哥肉品商店", "address" : "新北市新莊區新樹路69之56號1、2樓", "reg_no" : "65005445", "data_time" : "2023-07-31"}}, {"type" : "Feature", "geometry" : {"type":"Point","coordinates":[121.421604819,24.991708118]}, "properties" : {"name" : "金華國際食品有限公司", "address" : "新北市樹林區樹德街35號（3樓）", "reg_no" : "65005450", "data_time" : "2023-07-31"}}, {"type" : "Feature", "geometry" : {"type":"Point","coordinates":[121.410986564,25.160442296]}, "properties" : {"name" : "品元實業股份有限公司博物館廠", "address" : "新北市八里區博物館路75號1、2、3樓", "reg_no" : "65005472", "data_time" : "2023-07-31"}}, {"type" : "Feature", "geometry" : {"type":"Point","coordinates":[121.449177604,25.05033273]}, "properties" : {"name" : "呷味軒實業有限公司", "address" : "新北市新莊區中信街51巷4弄12號(1樓)", "reg_no" : "65005474", "data_time" : "2023-07-31"}}, {"type" : "Feature", "geometry" : {"type":"Point","coordinates":[121.468256,25.057748709]}, "properties" : {"name" : "特里股份有限公司", "address" : "新北市三重區中興北街180巷12號", "reg_no" : "65005484", "data_time" : "2023-07-31"}}, {"type" : "Feature", "geometry" : {"type":"Point","coordinates":[121.48423646,25.011697923]}, "properties" : {"name" : "久榮興食品有限公司", "address" : "新北市中和區中板路17號(1、2樓)", "reg_no" : "65005485", "data_time" : "2023-07-31"}}, {"type" : "Feature", "geometry" : {"type":"Point","coordinates":[121.455298483,25.070277713]}, "properties" : {"name" : "亞茜股份有限公司", "address" : "新北市五股區五工二路124號(2樓)", "reg_no" : "65005487", "data_time" : "2023-07-31"}}, {"type" : "Feature", "geometry" : {"type":"Point","coordinates":[121.448536726,25.066427838]}, "properties" : {"name" : "勁揚國際餐飲股份有限公司", "address" : "新北市五股區五權七路20號8樓", "reg_no" : "65005488", "data_time" : "2023-07-31"}}, {"type" : "Feature", "geometry" : {"type":"Point","coordinates":[121.448218929,25.141230131]}, "properties" : {"name" : "堡晟興業有限公司", "address" : "新北市八里區龍米路2段62號", "reg_no" : "65005495", "data_time" : "2023-07-31"}}, {"type" : "Feature", "geometry" : {"type":"Point","coordinates":[121.395474,24.958916032]}, "properties" : {"name" : "合力食品社", "address" : "新北市樹林區民權街5巷19弄18號1、2樓", "reg_no" : "65005506", "data_time" : "2023-07-31"}}, {"type" : "Feature", "geometry" : {"type":"Point","coordinates":[121.622626785,25.069557472]}, "properties" : {"name" : "穎祥國際有限公司食品一廠", "address" : "新北市汐止區康寧街169巷31號6樓之3", "reg_no" : "65005507", "data_time" : "2023-07-31"}}, {"type" : "Feature", "geometry" : {"type":"Point","coordinates":[121.533574405,24.983504923]}, "properties" : {"name" : "日華好物有限公司", "address" : "新北市新店區中正路499號7樓", "reg_no" : "65005529", "data_time" : "2023-07-31"}}, {"type" : "Feature", "geometry" : {"type":"Point","coordinates":[121.536760109,24.986889438]}, "properties" : {"name" : "薩摩亞商客來喜餐飲股份有限公司台灣分公司-二廠", "address" : "新北市新店區復興路45號(1樓)", "reg_no" : "65005569", "data_time" : "2023-07-31"}}, {"type" : "Feature", "geometry" : {"type":"Point","coordinates":[121.432193576,25.031035756]}, "properties" : {"name" : "鈞展企業社", "address" : "新北市新莊區福營路165巷9號1樓", "reg_no" : "65005580", "data_time" : "2023-07-31"}}, {"type" : "Feature", "geometry" : {"type":"Point","coordinates":[121.627322778,25.06033778]}, "properties" : {"name" : "燕萃生技股份有限公司", "address" : "新北市汐止區福德一路403號", "reg_no" : "65005588", "data_time" : "2023-07-31"}}, {"type" : "Feature", "geometry" : {"type":"Point","coordinates":[121.383827156,24.930808115]}, "properties" : {"name" : "北鑫食品商行", "address" : "新北市三峽區介壽路一段402號1樓", "reg_no" : "65005592", "data_time" : "2023-07-31"}}, {"type" : "Feature", "geometry" : {"type":"Point","coordinates":[121.485429671,24.999091503]}, "properties" : {"name" : "展裕國際有限公司二廠", "address" : "新北市中和區中正路756號3樓", "reg_no" : "65005614", "data_time" : "2023-07-31"}}, {"type" : "Feature", "geometry" : {"type":"Point","coordinates":[121.6250609,25.060956855]}, "properties" : {"name" : "欣隆食品有限公司南陽廠", "address" : "新北市汐止區南陽街121巷19號1樓", "reg_no" : "65005615", "data_time" : "2023-07-31"}}, {"type" : "Feature", "geometry" : {"type":"Point","coordinates":[121.634327436,25.057303682]}, "properties" : {"name" : "鮮享股份有限公司二廠", "address" : "新北市汐止區大同路1段276號6樓", "reg_no" : "65005640", "data_time" : "2023-07-31"}}, {"type" : "Feature", "geometry" : {"type":"Point","coordinates":[121.421794688,25.032349191]}, "properties" : {"name" : "鼎裕屋食品股份有限公司", "address" : "新北市泰山區新北大道6段385號1樓", "reg_no" : "65005648", "data_time" : "2023-07-31"}}, {"type" : "Feature", "geometry" : {"type":"Point","coordinates":[121.435615857,24.974664105]}, "properties" : {"name" : "甄香食品行", "address" : "新北市土城區亞洲路32巷16號(1樓)", "reg_no" : "65005665", "data_time" : "2023-07-31"}}, {"type" : "Feature", "geometry" : {"type":"Point","coordinates":[121.442756662,24.988005976]}, "properties" : {"name" : "建泰食品有限公司", "address" : "新北市土城區日新街37巷3號", "reg_no" : "65005680", "data_time" : "2023-07-31"}}, {"type" : "Feature", "geometry" : {"type":"Point","coordinates":[121.457934508,25.066172262]}, "properties" : {"name" : "德斯丹有限公司", "address" : "新北市新莊區五權一路5號6樓之6", "reg_no" : "65005683", "data_time" : "2023-07-31"}}, {"type" : "Feature", "geometry" : {"type":"Point","coordinates":[121.486945758,25.008724068]}, "properties" : {"name" : "龍信食品股份有限公司", "address" : "新北市中和區立德街120號4樓", "reg_no" : "65005696", "data_time" : "2023-07-31"}}, {"type" : "Feature", "geometry" : {"type":"Point","coordinates":[121.627518234,25.059693289]}, "properties" : {"name" : "湘鄉食品有限公司福德二廠", "address" : "新北市汐止區福德一路405巷8、10號(1樓)", "reg_no" : "65005725", "data_time" : "2023-07-31"}}, {"type" : "Feature", "geometry" : {"type":"Point","coordinates":[121.457934508,25.066172262]}, "properties" : {"name" : "家陵企業有限公司", "address" : "新北市新莊區五權一路5號3樓之7", "reg_no" : "65005729", "data_time" : "2023-07-31"}}, {"type" : "Feature", "geometry" : {"type":"Point","coordinates":[121.469093518,25.056215395]}, "properties" : {"name" : "路易莎職人咖啡股份有限公司(三重廠)", "address" : "新北市三重區中興北街177、179號(7樓)", "reg_no" : "65005734", "data_time" : "2023-07-31"}}, {"type" : "Feature", "geometry" : {"type":"Point","coordinates":[121.549819767,24.97195142]}, "properties" : {"name" : "士峯食品有限公司(寶興廠)", "address" : "新北市新店區寶興路60巷4號1樓", "reg_no" : "65005748", "data_time" : "2023-07-31"}}, {"type" : "Feature", "geometry" : {"type":"Point","coordinates":[121.548741818,24.971746383]}, "properties" : {"name" : "滿意油飯有限公司", "address" : "新北市新店區寶興路60巷32號1樓", "reg_no" : "65005754", "data_time" : "2023-07-31"}}, {"type" : "Feature", "geometry" : {"type":"Point","coordinates":[121.550826744,24.983311179]}, "properties" : {"name" : "台灣安亞生物科技股份有限公司", "address" : "新北市新店區寶橋路235巷123號4樓", "reg_no" : "65005797", "data_time" : "2023-07-31"}}, {"type" : "Feature", "geometry" : {"type":"Point","coordinates":[121.445871489,25.20494346]}, "properties" : {"name" : "國鼎生物科技股份有限公司淡水六廠", "address" : "新北市淡水區下圭柔山71之2號", "reg_no" : "65005837", "data_time" : "2023-07-31"}}, {"type" : "Feature", "geometry" : {"type":"Point","coordinates":[121.413809232,24.978796503]}, "properties" : {"name" : "高坑有限公司(樹林廠)", "address" : "新北市樹林區中華路379巷19弄1號(2.3.4樓)", "reg_no" : "65005849", "data_time" : "2023-07-31"}}, {"type" : "Feature", "geometry" : {"type":"Point","coordinates":[121.599145492,25.005967501]}, "properties" : {"name" : "湛盧實業股份有限公司", "address" : "新北市深坑區北深路3段270巷16號4樓之5", "reg_no" : "65005854", "data_time" : "2023-07-31"}}, {"type" : "Feature", "geometry" : {"type":"Point","coordinates":[121.470865406,25.057374748]}, "properties" : {"name" : "煌翔貿易有限公司", "address" : "新北市三重區光復路2段88巷26號1樓、夾層及2樓", "reg_no" : "65005856", "data_time" : "2023-07-31"}}, {"type" : "Feature", "geometry" : {"type":"Point","coordinates":[121.457235653,25.068171888]}, "properties" : {"name" : "宥信食品有限公司五工廠", "address" : "新北市五股區五工二路105號(1樓)", "reg_no" : "65005881", "data_time" : "2023-07-31"}}, {"type" : "Feature", "geometry" : {"type":"Point","coordinates":[121.47467019,25.073050642]}, "properties" : {"name" : "福潤食品股份有限公司", "address" : "新北市蘆洲區國道路二段1巷52號4樓", "reg_no" : "65005883", "data_time" : "2023-07-31"}}, {"type" : "Feature", "geometry" : {"type":"Point","coordinates":[121.549864768,24.973822801]}, "properties" : {"name" : "哈肯舖股份有限公司二廠", "address" : "新北市新店區寶興路45巷3號3樓", "reg_no" : "65005885", "data_time" : "2023-07-31"}}, {"type" : "Feature", "geometry" : {"type":"Point","coordinates":[121.402749814,25.086043177]}, "properties" : {"name" : "鮮機食品生技股份有限公司林口廠", "address" : "新北市林口區粉寮路2段20號", "reg_no" : "65005890", "data_time" : "2023-07-31"}}, {"type" : "Feature", "geometry" : {"type":"Point","coordinates":[121.506683551,24.951469577]}, "properties" : {"name" : "普光傳統豆腐店", "address" : "新北市新店區德安里車子路122之2號", "reg_no" : "T6500641", "data_time" : "2023-07-31"}}, {"type" : "Feature", "geometry" : {"type":"Point","coordinates":[121.674037092,25.073489078]}, "properties" : {"name" : "圓順科化有限公司", "address" : "新北市汐止區大同路3段196之1號6樓", "reg_no" : "65005930", "data_time" : "2023-07-31"}}, {"type" : "Feature", "geometry" : {"type":"Point","coordinates":[121.457934508,25.066172262]}, "properties" : {"name" : "洺鈞畜產科技股份有限公司", "address" : "新北市新莊區五權一路5號4樓之6", "reg_no" : "65005932", "data_time" : "2023-07-31"}}, {"type" : "Feature", "geometry" : {"type":"Point","coordinates":[121.466629723,25.072124528]}, "properties" : {"name" : "太郎實業有限公司", "address" : "新北市五股區中興路1段95巷17號1、2樓及19號1樓", "reg_no" : "65005943", "data_time" : "2023-07-31"}}, {"type" : "Feature", "geometry" : {"type":"Point","coordinates":[121.533426697,24.986930862]}, "properties" : {"name" : "普悅麗國際食品股份有限公司", "address" : "新北市新店區中正路541號3樓", "reg_no" : "65005966", "data_time" : "2023-07-31"}}, {"type" : "Feature", "geometry" : {"type":"Point","coordinates":[121.434407697,25.028833816]}, "properties" : {"name" : "蔡家班有限公司", "address" : "新北市新莊區建國一路128巷6、8號(1樓)", "reg_no" : "65005986", "data_time" : "2023-07-31"}}, {"type" : "Feature", "geometry" : {"type":"Point","coordinates":[121.465555445,25.041909352]}, "properties" : {"name" : "宏昌食品企業有限公司", "address" : "新北市新莊區中正路544之3及之4號", "reg_no" : "65005988", "data_time" : "2023-07-31"}}, {"type" : "Feature", "geometry" : {"type":"Point","coordinates":[121.678955246,25.073406984]}, "properties" : {"name" : "虹喬食品有限公司", "address" : "新北市汐止區大安街52巷10號3樓", "reg_no" : "65005990", "data_time" : "2023-07-31"}}, {"type" : "Feature", "geometry" : {"type":"Point","coordinates":[121.427617517,25.005791604]}, "properties" : {"name" : "寶瑩食品有限公司", "address" : "新北市樹林區俊英街116巷1號(1樓)", "reg_no" : "65006009", "data_time" : "2023-07-31"}}, {"type" : "Feature", "geometry" : {"type":"Point","coordinates":[121.621880849,24.985733074]}, "properties" : {"name" : "山井食品行", "address" : "新北市深坑區昇高里王軍寮1號之10", "reg_no" : "T6500647", "data_time" : "2023-07-31"}}, {"type" : "Feature", "geometry" : {"type":"Point","coordinates":[121.469372598,25.072798562]}, "properties" : {"name" : "奇華股份有限公司五股二廠", "address" : "新北市五股區中興路1段10號6樓之5", "reg_no" : "65006022", "data_time" : "2023-07-31"}}, {"type" : "Feature", "geometry" : {"type":"Point","coordinates":[121.438661913,25.086438481]}, "properties" : {"name" : "常豐食品有限公司", "address" : "新北市五股區成泰路2段147巷27、29、31號", "reg_no" : "65006057", "data_time" : "2023-07-31"}}, {"type" : "Feature", "geometry" : {"type":"Point","coordinates":[121.42971146,25.064875448]}, "properties" : {"name" : "優奇有限公司", "address" : "新北市泰山區美寧街57巷35弄2號1樓", "reg_no" : "65006058", "data_time" : "2023-07-31"}}, {"type" : "Feature", "geometry" : {"type":"Point","coordinates":[121.45960032,24.993386002]}, "properties" : {"name" : "美淇食品有限公司板橋廠", "address" : "新北市板橋區干城路142號(1、2)、3、4樓", "reg_no" : "65006065", "data_time" : "2023-07-31"}}, {"type" : "Feature", "geometry" : {"type":"Point","coordinates":[121.399831763,25.080169641]}, "properties" : {"name" : "高麗國有限公司", "address" : "新北市林口區工七路4號(1樓)", "reg_no" : "65006073", "data_time" : "2023-07-31"}}, {"type" : "Feature", "geometry" : {"type":"Point","coordinates":[121.465830817,25.06500113]}, "properties" : {"name" : "廣廣香食品有限公司", "address" : "新北市三重區疏洪西路458號(2、3樓)", "reg_no" : "65006074", "data_time" : "2023-07-31"}}, {"type" : "Feature", "geometry" : {"type":"Point","coordinates":[121.411082996,24.980106696]}, "properties" : {"name" : "味真好食品行一廠", "address" : "新北市樹林區中華路403巷3號", "reg_no" : "65006081", "data_time" : "2023-07-31"}}, {"type" : "Feature", "geometry" : {"type":"Point","coordinates":[121.447377847,25.063950443]}, "properties" : {"name" : "台灣善美的股份有限公司五股廠", "address" : "新北市五股區五工六路35號3、4樓", "reg_no" : "65006091", "data_time" : "2023-07-31"}}, {"type" : "Feature", "geometry" : {"type":"Point","coordinates":[121.658700941,25.052516143]}, "properties" : {"name" : "伊通有限公司", "address" : "新北市汐止區水源路二段217之3號", "reg_no" : "65006117", "data_time" : "2023-07-31"}}, {"type" : "Feature", "geometry" : {"type":"Point","coordinates":[121.649426793,25.060719027]}, "properties" : {"name" : "長榮生醫科技股份有限公司", "address" : "新北市汐止區新台五路1段114號10樓", "reg_no" : "65006118", "data_time" : "2023-07-31"}}, {"type" : "Feature", "geometry" : {"type":"Point","coordinates":[121.549887495,24.97421924]}, "properties" : {"name" : "上林餐飲事業股份有限公司", "address" : "新北市新店區寶興路45巷5號1樓", "reg_no" : "65006119", "data_time" : "2023-07-31"}}, {"type" : "Feature", "geometry" : {"type":"Point","coordinates":[121.636486852,25.058727137]}, "properties" : {"name" : "金鼎研究生化科技有限公司汐止廠", "address" : "新北市汐止區大同路1段277號1樓", "reg_no" : "65006123", "data_time" : "2023-07-31"}}, {"type" : "Feature", "geometry" : {"type":"Point","coordinates":[121.41331371,25.01693195]}, "properties" : {"name" : "來新開發有限公司樹林廠", "address" : "新北市樹林區三俊街65巷23號(1樓)", "reg_no" : "65006131", "data_time" : "2023-07-31"}}, {"type" : "Feature", "geometry" : {"type":"Point","coordinates":[121.400138476,25.076936739]}, "properties" : {"name" : "華福食品股份有限公司林口二廠", "address" : "新北市林口區粉寮一街83號(1、2樓)、83號3樓", "reg_no" : "65006141", "data_time" : "2023-07-31"}}, {"type" : "Feature", "geometry" : {"type":"Point","coordinates":[121.534171921,24.987777798]}, "properties" : {"name" : "一之軒食品有限公司三廠", "address" : "新北市新店區復興路111號10樓", "reg_no" : "65006153", "data_time" : "2023-07-31"}}, {"type" : "Feature", "geometry" : {"type":"Point","coordinates":[121.622649889,25.068774576]}, "properties" : {"name" : "東金巴黎食品股份有限公司", "address" : "新北市汐止區康寧街169巷27號2樓之3", "reg_no" : "65006156", "data_time" : "2023-07-31"}}, {"type" : "Feature", "geometry" : {"type":"Point","coordinates":[121.486198349,25.00094811]}, "properties" : {"name" : "瑞騰國際股份有限公司中和廠", "address" : "新北市中和區建三路81號", "reg_no" : "65006172", "data_time" : "2023-07-31"}}, {"type" : "Feature", "geometry" : {"type":"Point","coordinates":[121.3364789,24.947270561]}, "properties" : {"name" : "辰品食品有限公司", "address" : "新北市鶯歌區八德路2巷18弄10號", "reg_no" : "65006216", "data_time" : "2023-07-31"}}, {"type" : "Feature", "geometry" : {"type":"Point","coordinates":[121.463571408,25.059868176]}, "properties" : {"name" : "和旺食品有限公司", "address" : "新北市新莊區化成路431巷34號", "reg_no" : "65006217", "data_time" : "2023-07-31"}}, {"type" : "Feature", "geometry" : {"type":"Point","coordinates":[121.380989767,24.930120596]}, "properties" : {"name" : "益合欣興業有限公司", "address" : "新北市三峽區介壽路一段320號4樓", "reg_no" : "65006251", "data_time" : "2023-07-31"}}, {"type" : "Feature", "geometry" : {"type":"Point","coordinates":[121.48585083,25.010261819]}, "properties" : {"name" : "大鼎食品行", "address" : "新北市中和區立德街200巷48號4樓", "reg_no" : "65006252", "data_time" : "2023-07-31"}}, {"type" : "Feature", "geometry" : {"type":"Point","coordinates":[121.480338577,25.008576649]}, "properties" : {"name" : "尚唐坊股份有限公司", "address" : "新北市中和區新民街118號1樓", "reg_no" : "65006254", "data_time" : "2023-07-31"}}, {"type" : "Feature", "geometry" : {"type":"Point","coordinates":[121.4526727,25.063765067]}, "properties" : {"name" : "萌寶貝御廚餐飲有限公司", "address" : "新北市新莊區五權三路16號(1樓)", "reg_no" : "65006256", "data_time" : "2023-07-31"}}, {"type" : "Feature", "geometry" : {"type":"Point","coordinates":[121.622649889,25.068774576]}, "properties" : {"name" : "佳千企業社", "address" : "新北市汐止區康寧街169巷27號7樓之2", "reg_no" : "65006276", "data_time" : "2023-07-31"}}, {"type" : "Feature", "geometry" : {"type":"Point","coordinates":[121.413858725,25.028080617]}, "properties" : {"name" : "廣豪餐飲有限公司", "address" : "新北市新莊區雙鳳路111號3樓", "reg_no" : "65006297", "data_time" : "2023-07-31"}}, {"type" : "Feature", "geometry" : {"type":"Point","coordinates":[121.598420228,25.005305588]}, "properties" : {"name" : "圓悅企業有限公司", "address" : "新北市深坑區北深路3段270巷5號5樓及5樓之1", "reg_no" : "65006298", "data_time" : "2023-07-31"}}, {"type" : "Feature", "geometry" : {"type":"Point","coordinates":[121.45960032,24.993386002]}, "properties" : {"name" : "美佳食品有限公司", "address" : "新北市板橋區干城路142號5樓", "reg_no" : "65006300", "data_time" : "2023-07-31"}}, {"type" : "Feature", "geometry" : {"type":"Point","coordinates":[121.470881229,25.053155397]}, "properties" : {"name" : "馥宇行有限公司", "address" : "新北市三重區興德路121號(1樓)", "reg_no" : "65006336", "data_time" : "2023-07-31"}}, {"type" : "Feature", "geometry" : {"type":"Point","coordinates":[121.443155404,24.967233519]}, "properties" : {"name" : "民享肉鬆企業有限公司", "address" : "新北市土城區忠義路55巷62號1樓", "reg_no" : "65006341", "data_time" : "2023-07-31"}}, {"type" : "Feature", "geometry" : {"type":"Point","coordinates":[121.448911951,25.065922705]}, "properties" : {"name" : "鴻展食品生技股份有限公司", "address" : "新北市五股區五權路13號6樓", "reg_no" : "65006348", "data_time" : "2023-07-31"}}, {"type" : "Feature", "geometry" : {"type":"Point","coordinates":[121.435463455,24.974604884]}, "properties" : {"name" : "綠邦商行", "address" : "新北市土城區亞洲路32巷15號(1樓)", "reg_no" : "65006376", "data_time" : "2023-07-31"}}, {"type" : "Feature", "geometry" : {"type":"Point","coordinates":[121.48622101,25.004624075]}, "properties" : {"name" : "懋軒生物科技有限公司", "address" : "新北市中和區中山路2段405號4樓", "reg_no" : "65006379", "data_time" : "2023-07-31"}}, {"type" : "Feature", "geometry" : {"type":"Point","coordinates":[121.475872843,25.072986507]}, "properties" : {"name" : "臻欣實業有限公司", "address" : "新北市三重區中正北路317巷27號", "reg_no" : "65006381", "data_time" : "2023-07-31"}}, {"type" : "Feature", "geometry" : {"type":"Point","coordinates":[121.634623472,25.061767532]}, "properties" : {"name" : "超香食品股份有限公司汐止廠", "address" : "新北市汐止區中興路31號2樓之3", "reg_no" : "65006383", "data_time" : "2023-07-31"}}, {"type" : "Feature", "geometry" : {"type":"Point","coordinates":[121.469332298,25.054612623]}, "properties" : {"name" : "玉膳企業股份有限公司", "address" : "新北市三重區光復路2段42巷39號3樓", "reg_no" : "65006407", "data_time" : "2023-07-31"}}, {"type" : "Feature", "geometry" : {"type":"Point","coordinates":[121.421107636,25.014963502]}, "properties" : {"name" : "恬品軒企業有限公司", "address" : "新北市樹林區三俊街226號1樓", "reg_no" : "65006426", "data_time" : "2023-07-31"}}, {"type" : "Feature", "geometry" : {"type":"Point","coordinates":[121.432587296,25.024850171]}, "properties" : {"name" : "米棋食品有限公司", "address" : "新北市新莊區建國二路52號(1樓)", "reg_no" : "65006462", "data_time" : "2023-07-31"}}, {"type" : "Feature", "geometry" : {"type":"Point","coordinates":[121.47222926,25.051070795]}, "properties" : {"name" : "龍睿股份有限公司", "address" : "新北市三重區光復路1段101之1號3樓", "reg_no" : "65006463", "data_time" : "2023-07-31"}}, {"type" : "Feature", "geometry" : {"type":"Point","coordinates":[121.483652927,25.007268148]}, "properties" : {"name" : "三灃食品有限公司", "address" : "新北市中和區中正路910號(1樓)", "reg_no" : "65006466", "data_time" : "2023-07-31"}}, {"type" : "Feature", "geometry" : {"type":"Point","coordinates":[121.624009078,25.063523932]}, "properties" : {"name" : "派德食品企業有限公司", "address" : "新北市汐止區福德二路359巷5號、7號", "reg_no" : "65006509", "data_time" : "2023-07-31"}}, {"type" : "Feature", "geometry" : {"type":"Point","coordinates":[121.538460846,24.983835304]}, "properties" : {"name" : "台灣味社會事業有限公司", "address" : "新北市新店區民權路42巷59弄1號5樓", "reg_no" : "65006519", "data_time" : "2023-07-31"}}, {"type" : "Feature", "geometry" : {"type":"Point","coordinates":[121.453244576,25.021952966]}, "properties" : {"name" : "柏源盛商行", "address" : "新北市板橋區中正路379巷11號1樓", "reg_no" : "T6500656", "data_time" : "2023-07-31"}}, {"type" : "Feature", "geometry" : {"type":"Point","coordinates":[121.458733868,24.996130586]}, "properties" : {"name" : "小潘蛋糕坊有限公司國慶廠", "address" : "新北市板橋區國慶路29巷7號", "reg_no" : "65006537", "data_time" : "2023-07-31"}}, {"type" : "Feature", "geometry" : {"type":"Point","coordinates":[121.637445329,25.060155268]}, "properties" : {"name" : "宸品有限公司(汐止廠)", "address" : "新北市汐止區中興路34號(1樓)", "reg_no" : "65006541", "data_time" : "2023-07-31"}}, {"type" : "Feature", "geometry" : {"type":"Point","coordinates":[121.472239319,25.049984118]}, "properties" : {"name" : "八八口食品股份有限公司", "address" : "新北市三重區光復路1段79號3樓", "reg_no" : "65006562", "data_time" : "2023-07-31"}}, {"type" : "Feature", "geometry" : {"type":"Point","coordinates":[121.550555056,24.974653902]}, "properties" : {"name" : "馨逸企業股份有限公司", "address" : "新北市新店區寶興路45巷8弄12號3樓", "reg_no" : "65006564", "data_time" : "2023-07-31"}}, {"type" : "Feature", "geometry" : {"type":"Point","coordinates":[121.651094255,25.071759016]}, "properties" : {"name" : "香帥蛋糕有限公司", "address" : "新北市汐止區汐萬路1段211巷26號(1、2、3、4、5樓)", "reg_no" : "65006524", "data_time" : "2023-07-31"}}, {"type" : "Feature", "geometry" : {"type":"Point","coordinates":[121.44058533,24.962734198]}, "properties" : {"name" : "大堡口福食品有限公司(土城廠)", "address" : "新北市土城區承天路83之13號", "reg_no" : "65006570", "data_time" : "2023-07-31"}}, {"type" : "Feature", "geometry" : {"type":"Point","coordinates":[121.598736089,25.004789216]}, "properties" : {"name" : "典茶實業有限公司", "address" : "新北市深坑區北深路3段266號1樓", "reg_no" : "65006589", "data_time" : "2023-07-31"}}, {"type" : "Feature", "geometry" : {"type":"Point","coordinates":[121.627051837,25.056800795]}, "properties" : {"name" : "珍香食品有限公司", "address" : "新北市汐止區南陽街250號", "reg_no" : "65006591", "data_time" : "2023-07-31"}}, {"type" : "Feature", "geometry" : {"type":"Point","coordinates":[121.460373692,25.046710802]}, "properties" : {"name" : "本家食品有限公司", "address" : "新北市新莊區思源路112巷2號1樓", "reg_no" : "65006593", "data_time" : "2023-07-31"}}, {"type" : "Feature", "geometry" : {"type":"Point","coordinates":[121.45208031,25.065971829]}, "properties" : {"name" : "德麥食品股份有限公司(新北廠)", "address" : "新北市五股區五權五路31號(2、3、4樓)", "reg_no" : "65006594", "data_time" : "2023-07-31"}}, {"type" : "Feature", "geometry" : {"type":"Point","coordinates":[121.473643437,25.005325972]}, "properties" : {"name" : "品樂坊食品有限公司", "address" : "新北市中和區民享街4號(L棟1、2樓)", "reg_no" : "65006595", "data_time" : "2023-07-31"}}, {"type" : "Feature", "geometry" : {"type":"Point","coordinates":[121.432436374,24.970585979]}, "properties" : {"name" : "台雞食品有限公司", "address" : "新北市土城區中山路95號", "reg_no" : "65006600", "data_time" : "2023-07-31"}}, {"type" : "Feature", "geometry" : {"type":"Point","coordinates":[121.414754103,24.978369421]}, "properties" : {"name" : "世界阿一鮑魚有限公司", "address" : "新北市樹林區太順街114巷3號1樓", "reg_no" : "65006611", "data_time" : "2023-07-31"}}, {"type" : "Feature", "geometry" : {"type":"Point","coordinates":[121.548656189,24.976589076]}, "properties" : {"name" : "高師傅菓子工房", "address" : "新北市新店區寶橋路154巷2號3樓", "reg_no" : "65006621", "data_time" : "2023-07-31"}}, {"type" : "Feature", "geometry" : {"type":"Point","coordinates":[121.471763089,25.053358979]}, "properties" : {"name" : "樂齊有限公司", "address" : "新北市三重區興德路103號(1樓)", "reg_no" : "65006623", "data_time" : "2023-07-31"}}, {"type" : "Feature", "geometry" : {"type":"Point","coordinates":[121.487973637,24.998803701]}, "properties" : {"name" : "農七十生物科技有限公司", "address" : "新北市中和區建一路148號4樓", "reg_no" : "65006626", "data_time" : "2023-07-31"}}, {"type" : "Feature", "geometry" : {"type":"Point","coordinates":[121.45952,24.993762843]}, "properties" : {"name" : "易壯生物科技有限公司", "address" : "新北市板橋區干城路14號(1樓)", "reg_no" : "65006640", "data_time" : "2023-07-31"}}, {"type" : "Feature", "geometry" : {"type":"Point","coordinates":[121.534291355,24.984453058]}, "properties" : {"name" : "大梵天實業股份有限公司", "address" : "新北市新店區中正路538巷3號3樓", "reg_no" : "65006653", "data_time" : "2023-07-31"}}, {"type" : "Feature", "geometry" : {"type":"Point","coordinates":[121.373573461,24.902288071]}, "properties" : {"name" : "駿融蔘藥生技股份有限公司三峽廠", "address" : "新北市三峽區添福14-24號(1樓)", "reg_no" : "65006672", "data_time" : "2023-07-31"}}, {"type" : "Feature", "geometry" : {"type":"Point","coordinates":[121.395505344,24.95885762]}, "properties" : {"name" : "富欣食品有限公司", "address" : "新北市樹林區民權街5巷19弄16號(二樓)", "reg_no" : "65006679", "data_time" : "2023-07-31"}}, {"type" : "Feature", "geometry" : {"type":"Point","coordinates":[121.448106743,25.065231078]}, "properties" : {"name" : "路易莎職人咖啡股份有限公司(新北廠)", "address" : "新北市五股區五權路7巷10號6樓", "reg_no" : "65006690", "data_time" : "2023-07-31"}}, {"type" : "Feature", "geometry" : {"type":"Point","coordinates":[121.468022832,25.05683983]}, "properties" : {"name" : "啟陞食品行", "address" : "新北市三重區中興北街160巷16號(1樓)", "reg_no" : "65006695", "data_time" : "2023-07-31"}}, {"type" : "Feature", "geometry" : {"type":"Point","coordinates":[121.53358013,24.98361717]}, "properties" : {"name" : "意一堂國際有限公司", "address" : "新北市新店區中正路501之18號3樓", "reg_no" : "65006696", "data_time" : "2023-07-31"}}, {"type" : "Feature", "geometry" : {"type":"Point","coordinates":[121.433368444,25.019149579]}, "properties" : {"name" : "美食多實業股份有限公司", "address" : "新北市新莊區新樹路319號", "reg_no" : "65006698", "data_time" : "2023-07-31"}}, {"type" : "Feature", "geometry" : {"type":"Point","coordinates":[121.53656191,24.984097744]}, "properties" : {"name" : "港苑食品有限公司", "address" : "新北市新店區民權路90巷36號", "reg_no" : "65006740", "data_time" : "2023-07-31"}}, {"type" : "Feature", "geometry" : {"type":"Point","coordinates":[121.453743043,25.070644898]}, "properties" : {"name" : "亞多夢股份有限公司五股廠", "address" : "新北市五股區五權七路77號", "reg_no" : "65006751", "data_time" : "2023-07-31"}}, {"type" : "Feature", "geometry" : {"type":"Point","coordinates":[121.651010176,25.0643879]}, "properties" : {"name" : "吉力家有限公司", "address" : "新北市汐止區大同路2段139號2樓", "reg_no" : "65006752", "data_time" : "2023-07-31"}}, {"type" : "Feature", "geometry" : {"type":"Point","coordinates":[121.457392108,25.065592287]}, "properties" : {"name" : "漢易科技有限公司", "address" : "新北市新莊區五權一路3號4樓之1", "reg_no" : "65006782", "data_time" : "2023-07-31"}}, {"type" : "Feature", "geometry" : {"type":"Point","coordinates":[121.398523919,24.963756832]}, "properties" : {"name" : "駟馬國際股份有限公司", "address" : "新北市樹林區西圳街1段117之3號(1、2、3樓)", "reg_no" : "65006794", "data_time" : "2023-07-31"}}, {"type" : "Feature", "geometry" : {"type":"Point","coordinates":[121.459001249,24.992759986]}, "properties" : {"name" : "大當家食品股份有限公司", "address" : "新北市板橋區信義路163巷1號5樓", "reg_no" : "65006811", "data_time" : "2023-07-31"}}, {"type" : "Feature", "geometry" : {"type":"Point","coordinates":[121.408019521,24.975441917]}, "properties" : {"name" : "東爵企業有限公司", "address" : "新北市樹林區東順街109號", "reg_no" : "65006826", "data_time" : "2023-07-31"}}, {"type" : "Feature", "geometry" : {"type":"Point","coordinates":[121.456823475,25.065008802]}, "properties" : {"name" : "嶢陽茶行貿易有限公司", "address" : "新北市新莊區五權一路1號5樓之1", "reg_no" : "65006828", "data_time" : "2023-07-31"}}, {"type" : "Feature", "geometry" : {"type":"Point","coordinates":[121.449917797,25.063300349]}, "properties" : {"name" : "三澧企業股份有限公司", "address" : "新北市五股區五權五路3號", "reg_no" : "65006843", "data_time" : "2023-07-31"}}, {"type" : "Feature", "geometry" : {"type":"Point","coordinates":[121.456294936,25.070488279]}, "properties" : {"name" : "忕吉小吃股份有限公司五股食品廠", "address" : "新北市五股區五工一路109號2樓", "reg_no" : "65006868", "data_time" : "2023-07-31"}}, {"type" : "Feature", "geometry" : {"type":"Point","coordinates":[121.47222926,25.051070795]}, "properties" : {"name" : "金色三麥餐飲股份有限公司", "address" : "新北市三重區光復路一段101號3樓", "reg_no" : "65006869", "data_time" : "2023-07-31"}}, {"type" : "Feature", "geometry" : {"type":"Point","coordinates":[121.501740736,24.993342894]}, "properties" : {"name" : "名品客家美食行", "address" : "新北市中和區中正路51號1樓", "reg_no" : "T6500666", "data_time" : "2023-07-31"}}, {"type" : "Feature", "geometry" : {"type":"Point","coordinates":[121.420634524,24.986014488]}, "properties" : {"name" : "勗聖食品有限公司", "address" : "新北市樹林區樹中街6號(1樓)", "reg_no" : "65006909", "data_time" : "2023-07-31"}}, {"type" : "Feature", "geometry" : {"type":"Point","coordinates":[121.45867343,24.993766647]}, "properties" : {"name" : "泰康生技股份有限公司", "address" : "新北市板橋區和平路6巷1號4樓", "reg_no" : "65006959", "data_time" : "2023-07-31"}}, {"type" : "Feature", "geometry" : {"type":"Point","coordinates":[121.487768636,25.008668817]}, "properties" : {"name" : "祐旭食品有限公司", "address" : "新北市中和區立德街72巷34號(1樓)", "reg_no" : "65006965", "data_time" : "2023-07-31"}}, {"type" : "Feature", "geometry" : {"type":"Point","coordinates":[121.485837505,25.008866236]}, "properties" : {"name" : "逢源生物科技有限公司", "address" : "新北市中和區立德街160號4樓", "reg_no" : "65006976", "data_time" : "2023-07-31"}}, {"type" : "Feature", "geometry" : {"type":"Point","coordinates":[121.536760109,24.986889438]}, "properties" : {"name" : "甘泉生物科技股份有限公司", "address" : "新北市新店區復興路45號2樓", "reg_no" : "65006994", "data_time" : "2023-07-31"}}, {"type" : "Feature", "geometry" : {"type":"Point","coordinates":[121.54937302,24.974618855]}, "properties" : {"name" : "牛筋學苑企業有限公司", "address" : "新北市新店區寶興路45巷9弄8號", "reg_no" : "65006995", "data_time" : "2023-07-31"}}, {"type" : "Feature", "geometry" : {"type":"Point","coordinates":[121.414106823,25.162708346]}, "properties" : {"name" : "慈安食品有限公司", "address" : "新北市八里區博物館路31號3樓", "reg_no" : "65007006", "data_time" : "2023-07-31"}}, {"type" : "Feature", "geometry" : {"type":"Point","coordinates":[121.432707164,25.024642003]}, "properties" : {"name" : "彩富昌商行", "address" : "新北市新莊區建國二路53號", "reg_no" : "65007039", "data_time" : "2023-07-31"}}, {"type" : "Feature", "geometry" : {"type":"Point","coordinates":[121.436757728,24.964137332]}, "properties" : {"name" : "優福國際發展有限公司", "address" : "新北市土城區承天路8巷4號(1樓)", "reg_no" : "65007055", "data_time" : "2023-07-31"}}, {"type" : "Feature", "geometry" : {"type":"Point","coordinates":[121.443920761,24.983187287]}, "properties" : {"name" : "漢記股份有限公司土城廠", "address" : "新北市土城區中央路1段319號(1、2樓及地下1樓)", "reg_no" : "65007064", "data_time" : "2023-07-31"}}, {"type" : "Feature", "geometry" : {"type":"Point","coordinates":[121.466793306,25.043407848]}, "properties" : {"name" : "長虹食品廠有限公司", "address" : "新北市三重區重新路五段639之1號7樓", "reg_no" : "65007065", "data_time" : "2023-07-31"}}, {"type" : "Feature", "geometry" : {"type":"Point","coordinates":[121.427050698,25.007130892]}, "properties" : {"name" : "歐迪農產食品行", "address" : "新北市樹林區俊英街166巷10號(1樓)", "reg_no" : "65007075", "data_time" : "2023-07-31"}}, {"type" : "Feature", "geometry" : {"type":"Point","coordinates":[121.438872295,24.964687766]}, "properties" : {"name" : "誼豐股份有限公司土城廠", "address" : "新北市土城區忠承路87.91.95.99號5樓", "reg_no" : "65007085", "data_time" : "2023-07-31"}}, {"type" : "Feature", "geometry" : {"type":"Point","coordinates":[121.479483738,25.185553834]}, "properties" : {"name" : "八方雲集國際股份有限公司(北新廠)", "address" : "新北市淡水區北新路2段76號", "reg_no" : "65007092", "data_time" : "2023-07-31"}}, {"type" : "Feature", "geometry" : {"type":"Point","coordinates":[121.43385082,25.009298476]}, "properties" : {"name" : "禮忠食品有限公司", "address" : "新北市新莊區新樹路527巷34號(1樓)", "reg_no" : "65007093", "data_time" : "2023-07-31"}}, {"type" : "Feature", "geometry" : {"type":"Point","coordinates":[121.494566333,25.078519205]}, "properties" : {"name" : "鼎格有限公司", "address" : "新北市三重區仁愛街245巷31號(1、2樓)", "reg_no" : "65007094", "data_time" : "2023-07-31"}}, {"type" : "Feature", "geometry" : {"type":"Point","coordinates":[121.417615806,25.015103306]}, "properties" : {"name" : "諸葛四九食品有限公司", "address" : "新北市樹林區俊興街229號(1、2樓)", "reg_no" : "65007096", "data_time" : "2023-07-31"}}, {"type" : "Feature", "geometry" : {"type":"Point","coordinates":[121.480438215,25.008369389]}, "properties" : {"name" : "貝絲國際有限公司", "address" : "新北市中和區新民街112號5樓之3", "reg_no" : "65007097", "data_time" : "2023-07-31"}}, {"type" : "Feature", "geometry" : {"type":"Point","coordinates":[121.469632909,25.073436899]}, "properties" : {"name" : "舞茶實業有限公司", "address" : "新北市五股區中興路1段8號1樓、8之1號1樓", "reg_no" : "65007098", "data_time" : "2023-07-31"}}, {"type" : "Feature", "geometry" : {"type":"Point","coordinates":[121.434190654,25.025763348]}, "properties" : {"name" : "喬元手創食品有限公司", "address" : "新北市新莊區建國一路288巷43號1樓", "reg_no" : "65007116", "data_time" : "2023-07-31"}}, {"type" : "Feature", "geometry" : {"type":"Point","coordinates":[121.622649889,25.068774576]}, "properties" : {"name" : "祁門有限公司", "address" : "新北市汐止區康寧街169巷27之1號4樓之2", "reg_no" : "65007119", "data_time" : "2023-07-31"}}, {"type" : "Feature", "geometry" : {"type":"Point","coordinates":[121.417632436,25.015168689]}, "properties" : {"name" : "生安生物科技有限公司", "address" : "新北市樹林區俊興街231號(1樓)", "reg_no" : "65007135", "data_time" : "2023-07-31"}}, {"type" : "Feature", "geometry" : {"type":"Point","coordinates":[121.47194691,24.978941328]}, "properties" : {"name" : "奕泰農業科技有限公司", "address" : "新北市土城區永豐路195巷7弄4號(1樓)", "reg_no" : "65007137", "data_time" : "2023-07-31"}}, {"type" : "Feature", "geometry" : {"type":"Point","coordinates":[121.449127027,25.045674176]}, "properties" : {"name" : "紅太陽廚房有限公司", "address" : "新北市新莊區中港二街101號", "reg_no" : "65007152", "data_time" : "2023-07-31"}}, {"type" : "Feature", "geometry" : {"type":"Point","coordinates":[121.398650122,24.96348179]}, "properties" : {"name" : "昌源豆皮有限公司", "address" : "新北市樹林區西圳街1段115之2號(1、2樓)", "reg_no" : "65007179", "data_time" : "2023-07-31"}}, {"type" : "Feature", "geometry" : {"type":"Point","coordinates":[121.443920761,24.983187287]}, "properties" : {"name" : "漢記股份有限公司(土城二廠)", "address" : "新北市土城區中央路1段319號(3、4樓)", "reg_no" : "65007226", "data_time" : "2023-07-31"}}, {"type" : "Feature", "geometry" : {"type":"Point","coordinates":[121.624681209,25.080307851]}, "properties" : {"name" : "台品興業有限公司", "address" : "新北市汐止區忠三街9巷28號之1", "reg_no" : "T6500672", "data_time" : "2023-07-31"}}, {"type" : "Feature", "geometry" : {"type":"Point","coordinates":[121.476322042,25.080184586]}, "properties" : {"name" : "新加坡商粟野有限公司台灣分公司", "address" : "新北市蘆洲區信義路73巷6號", "reg_no" : "65007236", "data_time" : "2023-07-31"}}, {"type" : "Feature", "geometry" : {"type":"Point","coordinates":[121.622735382,25.068074212]}, "properties" : {"name" : "三五生物科技股份有限公司", "address" : "新北市汐止區康寧街169巷21號7樓之1", "reg_no" : "65007239", "data_time" : "2023-07-31"}}, {"type" : "Feature", "geometry" : {"type":"Point","coordinates":[121.486305607,25.009249287]}, "properties" : {"name" : "宇笛生物科技股份有限公司", "address" : "新北市中和區立德街148巷52號6樓", "reg_no" : "65007250", "data_time" : "2023-07-31"}}, {"type" : "Feature", "geometry" : {"type":"Point","coordinates":[121.458818726,24.992309081]}, "properties" : {"name" : "芊語實業有限公司", "address" : "新北市板橋區信義路165號2樓", "reg_no" : "65007281", "data_time" : "2023-07-31"}}, {"type" : "Feature", "geometry" : {"type":"Point","coordinates":[121.451877093,25.165918265]}, "properties" : {"name" : "海邊走走食品股份有限公司二廠", "address" : "新北市淡水區中正東路1段3巷23號1樓", "reg_no" : "65007312", "data_time" : "2023-07-31"}}, {"type" : "Feature", "geometry" : {"type":"Point","coordinates":[121.437841203,24.967806474]}, "properties" : {"name" : "草系生活有限公司", "address" : "新北市土城區中央路3段87號7樓之1", "reg_no" : "65007319", "data_time" : "2023-07-31"}}, {"type" : "Feature", "geometry" : {"type":"Point","coordinates":[121.407816732,25.015250834]}, "properties" : {"name" : "明朝製麵有限公司", "address" : "新北市樹林區忠信街15號3樓", "reg_no" : "65007320", "data_time" : "2023-07-31"}}, {"type" : "Feature", "geometry" : {"type":"Point","coordinates":[121.470055151,25.044492453]}, "properties" : {"name" : "味台食品工業股份有限公司", "address" : "新北市三重區中興南街二九號", "reg_no" : "99603655", "data_time" : "2023-07-31"}}, {"type" : "Feature", "geometry" : {"type":"Point","coordinates":[121.334195786,24.97543164]}, "properties" : {"name" : "翔旭工業有限公司", "address" : "新北市鶯歌區大湖路642號", "reg_no" : "99616623", "data_time" : "2023-07-31"}}, {"type" : "Feature", "geometry" : {"type":"Point","coordinates":[121.498063648,25.06109673]}, "properties" : {"name" : "民星食品廠", "address" : "新北市三重區正義南路三一號", "reg_no" : "99606301", "data_time" : "2023-07-31"}}, {"type" : "Feature", "geometry" : {"type":"Point","coordinates":[121.677485149,25.073590755]}, "properties" : {"name" : "福星製油廠有限公司", "address" : "新北市汐止區大安街五六巷七弄一三號", "reg_no" : "99618691", "data_time" : "2023-07-31"}}, {"type" : "Feature", "geometry" : {"type":"Point","coordinates":[121.779345662,25.097939636]}, "properties" : {"name" : "福元化學製藥股份有限公司", "address" : "新北市瑞芳區大寮路九五之一號", "reg_no" : "99690245", "data_time" : "2023-07-31"}}, {"type" : "Feature", "geometry" : {"type":"Point","coordinates":[121.414973432,24.977360798]}, "properties" : {"name" : "幸福兄弟企業股份有限公司", "address" : "新北市樹林區太順街116號", "reg_no" : "99613938", "data_time" : "2023-07-31"}}, {"type" : "Feature", "geometry" : {"type":"Point","coordinates":[121.434297914,25.018562297]}, "properties" : {"name" : "遠東乾燥股份有限公司", "address" : "新北市新莊區新樹路三三三巷七號", "reg_no" : "99604717", "data_time" : "2023-07-31"}}, {"type" : "Feature", "geometry" : {"type":"Point","coordinates":[121.462459491,25.03940755]}, "properties" : {"name" : "宏祺有限公司", "address" : "新北市新莊區中正路六一巷五號", "reg_no" : "99689914", "data_time" : "2023-07-31"}}, {"type" : "Feature", "geometry" : {"type":"Point","coordinates":[121.33316959,24.977376749]}, "properties" : {"name" : "豐譽食品工業股份有限公司", "address" : "新北市鶯歌區大湖路七００巷四０號", "reg_no" : "99616610", "data_time" : "2023-07-31"}}, {"type" : "Feature", "geometry" : {"type":"Point","coordinates":[121.551914697,24.977182721]}, "properties" : {"name" : "台灣省青果運銷合作社臺北分社新店綜合包裝場", "address" : "新北市新店區寶興里寶高路六０號", "reg_no" : "99690344", "data_time" : "2023-07-31"}}, {"type" : "Feature", "geometry" : {"type":"Point","coordinates":[121.476902156,25.014705981]}, "properties" : {"name" : "暉明食品廠有限公司", "address" : "新北市板橋區中山路二段九０巷四七弄八號一樓", "reg_no" : "99616498", "data_time" : "2023-07-31"}}, {"type" : "Feature", "geometry" : {"type":"Point","coordinates":[121.496709149,25.080811869]}, "properties" : {"name" : "長青生物科技製造廠", "address" : "新北市三重區五華街七巷八一號", "reg_no" : "99602974", "data_time" : "2023-07-31"}}, {"type" : "Feature", "geometry" : {"type":"Point","coordinates":[121.428510817,24.964437186]}, "properties" : {"name" : "怡樂熱帶植物食品工業工廠", "address" : "新北市土城區中央路三段二三八之六號三樓", "reg_no" : "99601788", "data_time" : "2023-07-31"}}, {"type" : "Feature", "geometry" : {"type":"Point","coordinates":[121.488878797,25.003772037]}, "properties" : {"name" : "日穗食品冷凍股份有限公司", "address" : "新北市中和區中山路二段三五七巷六號", "reg_no" : "99601053", "data_time" : "2023-07-31"}}, {"type" : "Feature", "geometry" : {"type":"Point","coordinates":[121.536004147,24.982996174]}, "properties" : {"name" : "水精企業股份有限公司新店廠", "address" : "新北市新店區民權路一０二號三樓", "reg_no" : "99614763", "data_time" : "2023-07-31"}}, {"type" : "Feature", "geometry" : {"type":"Point","coordinates":[121.49653389,25.07541265]}, "properties" : {"name" : "嘉珍食品行", "address" : "新北市三重區仁愛街一二五巷六號", "reg_no" : "99614398", "data_time" : "2023-07-31"}}, {"type" : "Feature", "geometry" : {"type":"Point","coordinates":[121.450341177,25.063470797]}, "properties" : {"name" : "信和股份有限公司", "address" : "新北市五股區五權五路六號", "reg_no" : "99601315", "data_time" : "2023-07-31"}}, {"type" : "Feature", "geometry" : {"type":"Point","coordinates":[121.43046167,25.016137672]}, "properties" : {"name" : "久益化工股份有限公司新莊廠", "address" : "新北市新莊區新樹路二六八巷七二號", "reg_no" : "99614454", "data_time" : "2023-07-31"}}, {"type" : "Feature", "geometry" : {"type":"Point","coordinates":[121.490709234,25.00721876]}, "properties" : {"name" : "常新食品企業有限公司三廠", "address" : "新北市中和區立業路95號", "reg_no" : "99606127", "data_time" : "2023-07-31"}}, {"type" : "Feature", "geometry" : {"type":"Point","coordinates":[121.489726006,25.005150516]}, "properties" : {"name" : "桂冠實業股份有限公司中和二廠", "address" : "新北市中和區橋和路六Ｏ號", "reg_no" : "99616521", "data_time" : "2023-07-31"}}, {"type" : "Feature", "geometry" : {"type":"Point","coordinates":[121.490691142,25.007283315]}, "properties" : {"name" : "禮美實業有限公司", "address" : "新北市中和區立業路97號", "reg_no" : "99607537", "data_time" : "2023-07-31"}}, {"type" : "Feature", "geometry" : {"type":"Point","coordinates":[121.481119573,25.008380236]}, "properties" : {"name" : "巧莉食品有限公司", "address" : "新北市中和區新民街九六號", "reg_no" : "99604481", "data_time" : "2023-07-31"}}, {"type" : "Feature", "geometry" : {"type":"Point","coordinates":[121.480141148,25.011028749]}, "properties" : {"name" : "味香醬園廠有限公司", "address" : "新北市中和區中正路一二０六巷五號一、二樓", "reg_no" : "99618498", "data_time" : "2023-07-31"}}, {"type" : "Feature", "geometry" : {"type":"Point","coordinates":[121.470347099,25.080443679]}, "properties" : {"name" : "中山龍鳳堂食品有限公司", "address" : "新北市蘆洲區中山二路一九四號", "reg_no" : "99614767", "data_time" : "2023-07-31"}}, {"type" : "Feature", "geometry" : {"type":"Point","coordinates":[121.410034714,25.010278645]}, "properties" : {"name" : "全盛美食有限公司", "address" : "新北市樹林區保安街三段一巷一號", "reg_no" : "99605077", "data_time" : "2023-07-31"}}, {"type" : "Feature", "geometry" : {"type":"Point","coordinates":[121.42025811,25.012775722]}, "properties" : {"name" : "嘉一香食品股份有限公司樹林廠", "address" : "新北市樹林區俊安街四三號", "reg_no" : "99604842", "data_time" : "2023-07-31"}}, {"type" : "Feature", "geometry" : {"type":"Point","coordinates":[121.393684805,24.949947401]}, "properties" : {"name" : "端陽食品有限公司", "address" : "新北市樹林區佳園路3段101巷62弄10號", "reg_no" : "99601751", "data_time" : "2023-07-31"}}, {"type" : "Feature", "geometry" : {"type":"Point","coordinates":[121.409007703,25.015722493]}, "properties" : {"name" : "山原盒餐食品股份有限公司", "address" : "新北市樹林區忠愛街五號二、三樓", "reg_no" : "99612949", "data_time" : "2023-07-31"}}, {"type" : "Feature", "geometry" : {"type":"Point","coordinates":[121.491031388,24.997830082]}, "properties" : {"name" : "豐品食品有限公司", "address" : "新北市中和區連城路222巷6弄6號1樓", "reg_no" : "99618430", "data_time" : "2023-07-31"}}, {"type" : "Feature", "geometry" : {"type":"Point","coordinates":[121.551408862,24.980345864]}, "properties" : {"name" : "華禮企業股份有限公司", "address" : "新北市新店區寶橋路二三五巷七號八樓", "reg_no" : "99614963", "data_time" : "2023-07-31"}}, {"type" : "Feature", "geometry" : {"type":"Point","coordinates":[121.486175461,25.00179259]}, "properties" : {"name" : "富元食品有限公司", "address" : "新北市中和區建三路五七號", "reg_no" : "99603676", "data_time" : "2023-07-31"}}, {"type" : "Feature", "geometry" : {"type":"Point","coordinates":[121.407081881,25.083105598]}, "properties" : {"name" : "全台物流股份有限公司加工廠", "address" : "新北市林口區東林里宏昌街一之二號", "reg_no" : "99605146", "data_time" : "2023-07-31"}}, {"type" : "Feature", "geometry" : {"type":"Point","coordinates":[121.551655995,24.977936121]}, "properties" : {"name" : "協錩食品有限公司新店廠", "address" : "新北市新店區寶高路七巷二號四樓", "reg_no" : "99602614", "data_time" : "2023-07-31"}}, {"type" : "Feature", "geometry" : {"type":"Point","coordinates":[121.458702332,24.995621333]}, "properties" : {"name" : "茹美食品有限公司", "address" : "新北市板橋區國慶路二七號", "reg_no" : "99609982", "data_time" : "2023-07-31"}}, {"type" : "Feature", "geometry" : {"type":"Point","coordinates":[121.676017371,25.073780821]}, "properties" : {"name" : "享記食品有限公司汐止廠", "address" : "新北市汐止區大同路三段三六九巷二五號", "reg_no" : "99690207", "data_time" : "2023-07-31"}}, {"type" : "Feature", "geometry" : {"type":"Point","coordinates":[121.44492082,24.988505526]}, "properties" : {"name" : "吉米地食品有限公司", "address" : "新北市土城區中華路一段七０巷二號", "reg_no" : "99607830", "data_time" : "2023-07-31"}}, {"type" : "Feature", "geometry" : {"type":"Point","coordinates":[121.602494078,25.002724836]}, "properties" : {"name" : "馥御食品企業有限公司深坑廠", "address" : "新北市深坑區北深路三段一五五巷九號七樓", "reg_no" : "99689735", "data_time" : "2023-07-31"}}, {"type" : "Feature", "geometry" : {"type":"Point","coordinates":[121.442409728,25.088768945]}, "properties" : {"name" : "優奇有限公司五股廠", "address" : "新北市五股區成泰路3段42號4樓", "reg_no" : "99602059", "data_time" : "2023-07-31"}}, {"type" : "Feature", "geometry" : {"type":"Point","coordinates":[121.471908728,25.050435817]}, "properties" : {"name" : "親民食品有限公司三重廠", "address" : "新北市三重區光復路1段78、82、82-1、82-2、82-3、82-5、82-6、82-7、82-8號3樓", "reg_no" : "99608099", "data_time" : "2023-07-31"}}, {"type" : "Feature", "geometry" : {"type":"Point","coordinates":[121.629644314,25.063302412]}, "properties" : {"name" : "龐德國際開發有限公司汐止廠", "address" : "新北市汐止區福德一路三四二巷二弄三號五樓", "reg_no" : "99619135", "data_time" : "2023-07-31"}}, {"type" : "Feature", "geometry" : {"type":"Point","coordinates":[121.538460846,24.983835304]}, "properties" : {"name" : "第一香食品企業有限公司", "address" : "新北市新店區民權路四二巷五九弄一號", "reg_no" : "99616074", "data_time" : "2023-07-31"}}, {"type" : "Feature", "geometry" : {"type":"Point","coordinates":[121.381309412,24.92966859]}, "properties" : {"name" : "新力香食品有限公司", "address" : "新北市三峽區介壽路一段三三八巷一二號", "reg_no" : "99604397", "data_time" : "2023-07-31"}}, {"type" : "Feature", "geometry" : {"type":"Point","coordinates":[121.625418372,25.061965224]}, "properties" : {"name" : "展群食品實業有限公司汐止廠", "address" : "新北市汐止區福德一路三九二巷四一弄二三、二五號", "reg_no" : "99619290", "data_time" : "2023-07-31"}}, {"type" : "Feature", "geometry" : {"type":"Point","coordinates":[121.452758072,25.069108734]}, "properties" : {"name" : "統皓食品股份有限公司五股廠", "address" : "新北市五股區五權路49號3、4樓", "reg_no" : "99614804", "data_time" : "2023-07-31"}}, {"type" : "Feature", "geometry" : {"type":"Point","coordinates":[121.44964531,25.070356249]}, "properties" : {"name" : "頂記食品股份有限公司五股廠", "address" : "新北市五股區五工路一四四號", "reg_no" : "99601381", "data_time" : "2023-07-31"}}, {"type" : "Feature", "geometry" : {"type":"Point","coordinates":[121.405420138,25.084683]}, "properties" : {"name" : "華福食品股份有限公司林口廠", "address" : "新北市林口區宏昌街八巷一號", "reg_no" : "99600267", "data_time" : "2023-07-31"}}, {"type" : "Feature", "geometry" : {"type":"Point","coordinates":[121.412107368,24.987635055]}, "properties" : {"name" : "忠慷股份有限公司", "address" : "新北市樹林區備內街五二之三號(一樓)", "reg_no" : "99601150", "data_time" : "2023-07-31"}}, {"type" : "Feature", "geometry" : {"type":"Point","coordinates":[121.46461911,25.054489078]}, "properties" : {"name" : "吉益食品有限公司", "address" : "新北市新莊區中原東路三一號一、二樓及三三號二樓", "reg_no" : "99602571", "data_time" : "2023-07-31"}}, {"type" : "Feature", "geometry" : {"type":"Point","coordinates":[121.369489249,24.919470322]}, "properties" : {"name" : "中原食品工業開發股份有限公司三峽廠", "address" : "新北市三峽區正義街16之1號", "reg_no" : "99604964", "data_time" : "2023-07-31"}}, {"type" : "Feature", "geometry" : {"type":"Point","coordinates":[121.392781404,24.963665635]}, "properties" : {"name" : "喜生食品工業股份有限公司樹林廠", "address" : "新北市樹林區佳園路二段一七之一號", "reg_no" : "99608038", "data_time" : "2023-07-31"}}, {"type" : "Feature", "geometry" : {"type":"Point","coordinates":[121.488402041,25.007102141]}, "properties" : {"name" : "尚品肉鬆實業有限公司", "address" : "新北市中和區立言街五六號一、二樓", "reg_no" : "99689455", "data_time" : "2023-07-31"}}, {"type" : "Feature", "geometry" : {"type":"Point","coordinates":[121.419571155,25.013930314]}, "properties" : {"name" : "福泰食品有限公司", "address" : "新北市樹林區俊安街26號", "reg_no" : "99691866", "data_time" : "2023-07-31"}}, {"type" : "Feature", "geometry" : {"type":"Point","coordinates":[121.448536726,25.066427838]}, "properties" : {"name" : "多利生醫股份有限公司", "address" : "新北市五股區五權七路20號4樓", "reg_no" : "99692644", "data_time" : "2023-07-31"}}, {"type" : "Feature", "geometry" : {"type":"Point","coordinates":[121.491345293,25.075806454]}, "properties" : {"name" : "歐邁食品有限公司三重廠", "address" : "新北市三重區溪尾街37號1樓", "reg_no" : "99693970", "data_time" : "2023-07-31"}}, {"type" : "Feature", "geometry" : {"type":"Point","coordinates":[121.626781401,25.062407578]}, "properties" : {"name" : "瑞聯興業股份有限公司汐止廠", "address" : "新北市汐止區福德一路三九二巷四０號", "reg_no" : "99694063", "data_time" : "2023-07-31"}}, {"type" : "Feature", "geometry" : {"type":"Point","coordinates":[121.40569372,25.084974611]}, "properties" : {"name" : "華福食品股份有限公司蛋糕廠", "address" : "新北市林口區宏昌街八巷三號", "reg_no" : "99694328", "data_time" : "2023-07-31"}}, {"type" : "Feature", "geometry" : {"type":"Point","coordinates":[121.487728834,25.007883066]}, "properties" : {"name" : "春泉生技開發股份有限公司", "address" : "新北市中和區立德街七八號一樓", "reg_no" : "99694423", "data_time" : "2023-07-31"}}, {"type" : "Feature", "geometry" : {"type":"Point","coordinates":[121.443923601,24.98109188]}, "properties" : {"name" : "慶利食品有限公司", "address" : "新北市土城區中央路一段三六五巷一弄一七號", "reg_no" : "99694764", "data_time" : "2023-07-31"}}, {"type" : "Feature", "geometry" : {"type":"Point","coordinates":[121.408771525,25.156412477]}, "properties" : {"name" : "海聖股份有限公司八里廠", "address" : "新北市八里區中山路二段六六號一、二樓", "reg_no" : "99694960", "data_time" : "2023-07-31"}}, {"type" : "Feature", "geometry" : {"type":"Point","coordinates":[121.409058352,25.015987538]}, "properties" : {"name" : "北記企業社二廠", "address" : "新北市樹林區忠愛街六號四樓", "reg_no" : "99695490", "data_time" : "2023-07-31"}}, {"type" : "Feature", "geometry" : {"type":"Point","coordinates":[121.452978058,25.206172264]}, "properties" : {"name" : "德裕食品有限公司", "address" : "新北市淡水區奎柔山路71號", "reg_no" : "99695559", "data_time" : "2023-07-31"}}, {"type" : "Feature", "geometry" : {"type":"Point","coordinates":[121.418292782,25.002161338]}, "properties" : {"name" : "魔術食品工業股份有限公司二廠", "address" : "新北市樹林區武林街九之一號", "reg_no" : "99695713", "data_time" : "2023-07-31"}}, {"type" : "Feature", "geometry" : {"type":"Point","coordinates":[121.437736065,24.972529234]}, "properties" : {"name" : "展安食品有限公司", "address" : "新北市土城區中華路二段二四三號", "reg_no" : "99697020", "data_time" : "2023-07-31"}}, {"type" : "Feature", "geometry" : {"type":"Point","coordinates":[121.493403371,25.0031223]}, "properties" : {"name" : "悅豐食品有限公司", "address" : "新北市中和區中山路2段340巷23號", "reg_no" : "99697130", "data_time" : "2023-07-31"}}, {"type" : "Feature", "geometry" : {"type":"Point","coordinates":[121.463629422,25.050712061]}, "properties" : {"name" : "甲寅國際興業有限公司", "address" : "新北市新莊區化成路一九五巷二六號一樓", "reg_no" : "99718049", "data_time" : "2023-07-31"}}, {"type" : "Feature", "geometry" : {"type":"Point","coordinates":[121.45463801,25.070849285]}, "properties" : {"name" : "順成食品實業有限公司五股廠", "address" : "新北市五股區五工二路一三０號", "reg_no" : "99718076", "data_time" : "2023-07-31"}}, {"type" : "Feature", "geometry" : {"type":"Point","coordinates":[121.478602324,25.069798987]}, "properties" : {"name" : "汶達生物科技有限公司", "address" : "新北市三重區後竹圍街二九七、二九九號", "reg_no" : "99718145", "data_time" : "2023-07-31"}}, {"type" : "Feature", "geometry" : {"type":"Point","coordinates":[121.488409734,25.002634283]}, "properties" : {"name" : "宏野國際有限公司", "address" : "新北市中和區建一路81巷2號3樓", "reg_no" : "99718373", "data_time" : "2023-07-31"}}, {"type" : "Feature", "geometry" : {"type":"Point","coordinates":[121.44090881,25.030124066]}, "properties" : {"name" : "旺來旺食品股份有限公司台北廠", "address" : "新北市新莊區新樹路67巷40弄3號1樓", "reg_no" : "99718417", "data_time" : "2023-07-31"}}, {"type" : "Feature", "geometry" : {"type":"Point","coordinates":[121.427016115,24.96836917]}, "properties" : {"name" : "頂好企業股份有限公司", "address" : "新北市土城區復興街11號（1、2樓）", "reg_no" : "99718523", "data_time" : "2023-07-31"}}, {"type" : "Feature", "geometry" : {"type":"Point","coordinates":[121.408771525,25.156412477]}, "properties" : {"name" : "老協珍股份有限公司", "address" : "新北市八里區中山路2段66號3樓", "reg_no" : "99718617", "data_time" : "2023-07-31"}}, {"type" : "Feature", "geometry" : {"type":"Point","coordinates":[121.466666486,25.060320599]}, "properties" : {"name" : "秉瀚食品股份有限公司", "address" : "新北市三重區新北大道2段139巷27號1、2樓", "reg_no" : "99718668", "data_time" : "2023-07-31"}}, {"type" : "Feature", "geometry" : {"type":"Point","coordinates":[121.384237559,24.955407813]}, "properties" : {"name" : "亞世欣實業股份有限公司", "address" : "新北市樹林區柑園街二段一二二巷五號五樓", "reg_no" : "99718865", "data_time" : "2023-07-31"}}, {"type" : "Feature", "geometry" : {"type":"Point","coordinates":[121.469130584,25.058029162]}, "properties" : {"name" : "美又廉食品工業有限公司二廠", "address" : "新北市三重區光復路二段一０二巷五二號二樓", "reg_no" : "99719038", "data_time" : "2023-07-31"}}, {"type" : "Feature", "geometry" : {"type":"Point","coordinates":[121.46849686,25.059943994]}, "properties" : {"name" : "達弘食品有限公司", "address" : "新北市三重區光華路二七號", "reg_no" : "99719244", "data_time" : "2023-07-31"}}, {"type" : "Feature", "geometry" : {"type":"Point","coordinates":[121.469143936,25.053160246]}, "properties" : {"name" : "東雅食品有限公司", "address" : "新北市三重區中興北街一五三之五號", "reg_no" : "99719402", "data_time" : "2023-07-31"}}, {"type" : "Feature", "geometry" : {"type":"Point","coordinates":[121.452961088,25.06302847]}, "properties" : {"name" : "美食達人股份有限公司二廠", "address" : "新北市新莊區五權三路一二巷三號二樓", "reg_no" : "99719591", "data_time" : "2023-07-31"}}, {"type" : "Feature", "geometry" : {"type":"Point","coordinates":[121.479553828,25.008096433]}, "properties" : {"name" : "爵品國際有限公司", "address" : "新北市中和區員山路五０四號五樓之八", "reg_no" : "99719620", "data_time" : "2023-07-31"}}, {"type" : "Feature", "geometry" : {"type":"Point","coordinates":[121.635975518,25.05703561]}, "properties" : {"name" : "東南亞國際事業有限公司", "address" : "新北市汐止區大同路一段二九二巷二七號一樓", "reg_no" : "99719615", "data_time" : "2023-07-31"}}, {"type" : "Feature", "geometry" : {"type":"Point","coordinates":[121.486701518,25.005946808]}, "properties" : {"name" : "鼎泰豐小吃店股份有限公司中央廚房廠", "address" : "新北市中和區立言街三六號一、二、三、四樓", "reg_no" : "99719647", "data_time" : "2023-07-31"}}, {"type" : "Feature", "geometry" : {"type":"Point","coordinates":[121.430517802,25.033537208]}, "properties" : {"name" : "宏柏國際有限公司新莊廠", "address" : "新北市新莊區中正路五一四巷三三弄四三號一、二樓", "reg_no" : "99719817", "data_time" : "2023-07-31"}}, {"type" : "Feature", "geometry" : {"type":"Point","coordinates":[121.458080943,25.067860942]}, "properties" : {"name" : "伯美食品有限公司", "address" : "新北市五股區五工二路一０二號二樓", "reg_no" : "99719876", "data_time" : "2023-07-31"}}, {"type" : "Feature", "geometry" : {"type":"Point","coordinates":[121.345837966,24.972912273]}, "properties" : {"name" : "馥茂企業社", "address" : "新北市鶯歌區大湖路二四九號一樓", "reg_no" : "99725709", "data_time" : "2023-07-31"}}, {"type" : "Feature", "geometry" : {"type":"Point","coordinates":[121.40926013,25.015963146]}, "properties" : {"name" : "昱品食品有限公司", "address" : "新北市樹林區忠愛街二號一樓", "reg_no" : "99725737", "data_time" : "2023-07-31"}}, {"type" : "Feature", "geometry" : {"type":"Point","coordinates":[121.399831763,25.080169641]}, "properties" : {"name" : "友助食品科技有限公司", "address" : "新北市林口區工七路一號", "reg_no" : "99725735", "data_time" : "2023-07-31"}}, {"type" : "Feature", "geometry" : {"type":"Point","coordinates":[121.457900219,25.068862273]}, "properties" : {"name" : "麥之田食品屋", "address" : "新北市五股區五工二路一０六巷五號三樓", "reg_no" : "99725864", "data_time" : "2023-07-31"}}, {"type" : "Feature", "geometry" : {"type":"Point","coordinates":[121.469468411,25.053428424]}, "properties" : {"name" : "東芳食品有限公司三重廠", "address" : "新北市三重區興德路一四一巷一二、一四、一六號一、二、三樓", "reg_no" : "99725892", "data_time" : "2023-07-31"}}, {"type" : "Feature", "geometry" : {"type":"Point","coordinates":[121.320774033,24.932868807]}, "properties" : {"name" : "穀豐食品工業有限公司鶯歌二廠", "address" : "新北市鶯歌區中正三路四九一巷六號一、二、三樓", "reg_no" : "99725960", "data_time" : "2023-07-31"}}, {"type" : "Feature", "geometry" : {"type":"Point","coordinates":[121.638200228,25.012718972]}, "properties" : {"name" : "新興寧波食品有限公司深坑一廠", "address" : "新北市深坑區松柏街四七巷一八號一樓", "reg_no" : "99726015", "data_time" : "2023-07-31"}}, {"type" : "Feature", "geometry" : {"type":"Point","coordinates":[121.409555482,25.015692363]}, "properties" : {"name" : "雙翼食品有限公司", "address" : "新北市樹林區忠愛街1號(1樓)及3號(1、2樓)", "reg_no" : "99726070", "data_time" : "2023-07-31"}}, {"type" : "Feature", "geometry" : {"type":"Point","coordinates":[121.451587415,25.165767753]}, "properties" : {"name" : "國鼎生物科技股份有限公司", "address" : "新北市淡水區中正東路一段3巷19號10樓", "reg_no" : "1000084", "data_time" : "2023-07-31"}}, {"type" : "Feature", "geometry" : {"type":"Point","coordinates":[121.459266398,24.996201132]}, "properties" : {"name" : "佑善生技有限公司", "address" : "新北市板橋區國慶路49巷19弄1號2樓", "reg_no" : "1000119", "data_time" : "2023-07-31"}}, {"type" : "Feature", "geometry" : {"type":"Point","coordinates":[121.490938311,24.998152864]}, "properties" : {"name" : "洪記食品行", "address" : "新北市中和區連城路222巷8弄4號1樓", "reg_no" : "1000241", "data_time" : "2023-07-31"}}, {"type" : "Feature", "geometry" : {"type":"Point","coordinates":[121.418233921,25.015093681]}, "properties" : {"name" : "賽門鄧普拉食品有限公司", "address" : "新北市樹林區俊興街224巷1、3號1樓", "reg_no" : "65000018", "data_time" : "2023-07-31"}}, {"type" : "Feature", "geometry" : {"type":"Point","coordinates":[121.62736897,25.061991847]}, "properties" : {"name" : "沛騰食品有限公司", "address" : "新北市汐止區福德一路392巷22弄3號1、2樓", "reg_no" : "65000904", "data_time" : "2023-07-31"}}, {"type" : "Feature", "geometry" : {"type":"Point","coordinates":[121.622640554,25.06891736]}, "properties" : {"name" : "康天國際有限公司", "address" : "新北市汐止區康寧街169巷29號10樓", "reg_no" : "65000206", "data_time" : "2023-07-31"}}, {"type" : "Feature", "geometry" : {"type":"Point","coordinates":[121.450348687,25.070533704]}, "properties" : {"name" : "統一企業股份有限公司", "address" : "新北市五股區五工一路131號3樓", "reg_no" : "65000332", "data_time" : "2023-07-31"}}, {"type" : "Feature", "geometry" : {"type":"Point","coordinates":[121.633007195,25.057052716]}, "properties" : {"name" : "菜籃子生物科技有限公司", "address" : "新北市汐止區大同路1段177號地下1樓", "reg_no" : "65000346", "data_time" : "2023-07-31"}}, {"type" : "Feature", "geometry" : {"type":"Point","coordinates":[121.551326848,24.978996569]}, "properties" : {"name" : "合一食品股份有限公司", "address" : "新北市新店區寶橋路233之1號地下一層之2", "reg_no" : "65000501", "data_time" : "2023-07-31"}}, {"type" : "Feature", "geometry" : {"type":"Point","coordinates":[121.499239992,25.075134656]}, "properties" : {"name" : "日發麻油行", "address" : "新北市三重區瑞德里11鄰仁興街24巷2號1樓", "reg_no" : "T6500016", "data_time" : "2023-07-31"}}, {"type" : "Feature", "geometry" : {"type":"Point","coordinates":[121.549547748,24.973838303]}, "properties" : {"name" : "哈肯舖股份有限公司", "address" : "新北市新店區寶興路45巷1號3樓", "reg_no" : "65001013", "data_time" : "2023-07-31"}}, {"type" : "Feature", "geometry" : {"type":"Point","coordinates":[121.337591563,24.938799266]}, "properties" : {"name" : "谷和食品廠", "address" : "新北市鶯歌區中正三路171之1號1樓", "reg_no" : "65001183", "data_time" : "2023-07-31"}}, {"type" : "Feature", "geometry" : {"type":"Point","coordinates":[121.477204987,25.010459707]}, "properties" : {"name" : "來新開發有限公司", "address" : "新北市中和區員山路581巷31弄2之6號1樓", "reg_no" : "65001191", "data_time" : "2023-07-31"}}, {"type" : "Feature", "geometry" : {"type":"Point","coordinates":[121.416266702,25.015800404]}, "properties" : {"name" : "鈺宏食品有限公司", "address" : "新北市樹林區三俊街85巷6號1樓", "reg_no" : "65001197", "data_time" : "2023-07-31"}}, {"type" : "Feature", "geometry" : {"type":"Point","coordinates":[121.478909222,25.010303476]}, "properties" : {"name" : "香香美食商行", "address" : "新北市中和區員山路550號(1樓)", "reg_no" : "65001231", "data_time" : "2023-07-31"}}, {"type" : "Feature", "geometry" : {"type":"Point","coordinates":[121.603350854,25.002508371]}, "properties" : {"name" : "德記香料化學有限公司", "address" : "新北市深坑區北深路3段141巷2號4樓", "reg_no" : "65001489", "data_time" : "2023-07-31"}}, {"type" : "Feature", "geometry" : {"type":"Point","coordinates":[121.469598593,25.052877303]}, "properties" : {"name" : "法蘭司蛋糕有限公司三重廠", "address" : "新北市三重區興德路143號(1、2、3層)", "reg_no" : "65001581", "data_time" : "2023-07-31"}}, {"type" : "Feature", "geometry" : {"type":"Point","coordinates":[121.490823858,25.004377736]}, "properties" : {"name" : "緻宏食品股份有限公司", "address" : "新北市中和區中山路2段380巷17、19號1樓", "reg_no" : "65001667", "data_time" : "2023-07-31"}}, {"type" : "Feature", "geometry" : {"type":"Point","coordinates":[121.369231378,24.918926318]}, "properties" : {"name" : "白雞食品工業開發有限公司", "address" : "新北市三峽區正義街18號1樓", "reg_no" : "65001782", "data_time" : "2023-07-31"}}, {"type" : "Feature", "geometry" : {"type":"Point","coordinates":[121.501658317,25.066938669]}, "properties" : {"name" : "欣樂企業股份有限公司", "address" : "新北市三重區三和路二段13巷2、2-1號3、4樓", "reg_no" : "T6500237", "data_time" : "2023-07-31"}}, {"type" : "Feature", "geometry" : {"type":"Point","coordinates":[121.468364158,25.05915865]}, "properties" : {"name" : "阮的肉干有限公司", "address" : "新北市三重區中興北街204巷11號1丶3樓", "reg_no" : "65001835", "data_time" : "2023-07-31"}}, {"type" : "Feature", "geometry" : {"type":"Point","coordinates":[121.472963075,25.046710257]}, "properties" : {"name" : "新錸國際實業有限公司", "address" : "新北市三重區重新路5段510號2樓", "reg_no" : "T6500267", "data_time" : "2023-07-31"}}, {"type" : "Feature", "geometry" : {"type":"Point","coordinates":[121.401523224,25.078113973]}, "properties" : {"name" : "百鮮企業有限公司", "address" : "新北市林口區工四路8號1、2樓", "reg_no" : "65001978", "data_time" : "2023-07-31"}}, {"type" : "Feature", "geometry" : {"type":"Point","coordinates":[121.369231378,24.918926318]}, "properties" : {"name" : "中原光合農場股份有限公司", "address" : "新北市三峽區正義街18號1、2樓", "reg_no" : "65001990", "data_time" : "2023-07-31"}}, {"type" : "Feature", "geometry" : {"type":"Point","coordinates":[121.420234389,25.018171566]}, "properties" : {"name" : "祥發實業有限公司", "address" : "新北市樹林區三俊街199巷61號1.2樓", "reg_no" : "65002109", "data_time" : "2023-07-31"}}, {"type" : "Feature", "geometry" : {"type":"Point","coordinates":[121.473415039,25.048529645]}, "properties" : {"name" : "宜興國際食品有限公司", "address" : "新北市三重區光復路1段61巷25弄1號1樓", "reg_no" : "65002211", "data_time" : "2023-07-31"}}, {"type" : "Feature", "geometry" : {"type":"Point","coordinates":[121.430351066,25.031502498]}, "properties" : {"name" : "粵成企業有限公司", "address" : "新北市新莊區中正路544之2號", "reg_no" : "65002245", "data_time" : "2023-07-31"}}, {"type" : "Feature", "geometry" : {"type":"Point","coordinates":[121.790433973,25.109767033]}, "properties" : {"name" : "威琪生技有限公司", "address" : "新北市瑞芳區魚坑路261號", "reg_no" : "65002808", "data_time" : "2023-07-31"}}, {"type" : "Feature", "geometry" : {"type":"Point","coordinates":[121.486603842,25.009097822]}, "properties" : {"name" : "寶耕生技股份有限公司", "address" : "新北市中和區立德街148巷38號、40號3樓", "reg_no" : "65002336", "data_time" : "2023-07-31"}}, {"type" : "Feature", "geometry" : {"type":"Point","coordinates":[121.418460498,24.933088505]}, "properties" : {"name" : "新北市製冰有限公司", "address" : "新北市三峽區成福路105巷26號1樓", "reg_no" : "65002516", "data_time" : "2023-07-31"}}, {"type" : "Feature", "geometry" : {"type":"Point","coordinates":[121.62792035,25.057138686]}, "properties" : {"name" : "尚味興業有限公司", "address" : "新北市汐止區環河街182號", "reg_no" : "65002575", "data_time" : "2023-07-31"}}, {"type" : "Feature", "geometry" : {"type":"Point","coordinates":[121.45891419,25.067270428]}, "properties" : {"name" : "奕瑪國際行銷股份有限公司營養生技廠", "address" : "新北市新莊區五權一路9號7樓之2", "reg_no" : "65002612", "data_time" : "2023-07-31"}}, {"type" : "Feature", "geometry" : {"type":"Point","coordinates":[121.632713042,25.057128909]}, "properties" : {"name" : "特品貿易有限公司大同一廠", "address" : "新北市汐止區大同路1段181號5樓之1", "reg_no" : "65002632", "data_time" : "2023-07-31"}}, {"type" : "Feature", "geometry" : {"type":"Point","coordinates":[121.361771923,24.942675834]}, "properties" : {"name" : "珍茂企業有限公司", "address" : "新北市三峽區隆恩街178-10號1樓", "reg_no" : "T6500383", "data_time" : "2023-07-31"}}, {"type" : "Feature", "geometry" : {"type":"Point","coordinates":[121.676395934,25.073396096]}, "properties" : {"name" : "荃鴻股份有限公司", "address" : "新北市汐止區大同路3段369巷20號(1、2樓)", "reg_no" : "65002660", "data_time" : "2023-07-31"}}, {"type" : "Feature", "geometry" : {"type":"Point","coordinates":[121.485951367,24.997115536]}, "properties" : {"name" : "茂喜股份有限公司中和廠", "address" : "新北市中和區中正路716號5樓之6、之7、之8、之9", "reg_no" : "65002705", "data_time" : "2023-07-31"}}, {"type" : "Feature", "geometry" : {"type":"Point","coordinates":[121.487853335,25.008212298]}, "properties" : {"name" : "冠霖物流有限公司中和廠", "address" : "新北市中和區立德街72巷16號", "reg_no" : "65002794", "data_time" : "2023-07-31"}}, {"type" : "Feature", "geometry" : {"type":"Point","coordinates":[121.466779224,25.073753156]}, "properties" : {"name" : "蛇吞象食品有限公司", "address" : "新北市五股區中興路1段88巷14號1樓", "reg_no" : "65002796", "data_time" : "2023-07-31"}}, {"type" : "Feature", "geometry" : {"type":"Point","coordinates":[121.462296367,25.04408542]}, "properties" : {"name" : "上發食品廠新莊廠", "address" : "新北市新莊區化成路29巷82號1樓", "reg_no" : "65002815", "data_time" : "2023-07-31"}}, {"type" : "Feature", "geometry" : {"type":"Point","coordinates":[121.33753116,24.935424277]}, "properties" : {"name" : "鼎糧食品廠有限公司", "address" : "新北市鶯歌區二甲路中心巷13弄3號", "reg_no" : "65003037", "data_time" : "2023-07-31"}}, {"type" : "Feature", "geometry" : {"type":"Point","coordinates":[121.462661466,25.0609771]}, "properties" : {"name" : "資味食品有限公司新莊廠", "address" : "新北市新莊區新北大道2段356號(1樓)", "reg_no" : "65003044", "data_time" : "2023-07-31"}}, {"type" : "Feature", "geometry" : {"type":"Point","coordinates":[121.659278851,25.068148902]}, "properties" : {"name" : "郭師傅食品企業有限公司汐止廠", "address" : "新北市汐止區福德一街351巷11弄1號2樓", "reg_no" : "65003074", "data_time" : "2023-07-31"}}, {"type" : "Feature", "geometry" : {"type":"Point","coordinates":[121.480158774,25.011323077]}, "properties" : {"name" : "昶圓企業有限公司", "address" : "新北市中和區中正路1206巷13號", "reg_no" : "65003132", "data_time" : "2023-07-31"}}, {"type" : "Feature", "geometry" : {"type":"Point","coordinates":[121.452297517,25.067281677]}, "properties" : {"name" : "采采食茶文化國際股份有限公司", "address" : "新北市五股區五權六路44號(3樓)", "reg_no" : "65003174", "data_time" : "2023-07-31"}}, {"type" : "Feature", "geometry" : {"type":"Point","coordinates":[121.457709739,25.067085432]}, "properties" : {"name" : "博古企業有限公司", "address" : "新北市新莊區五權二路22號4樓之8", "reg_no" : "65003212", "data_time" : "2023-07-31"}}, {"type" : "Feature", "geometry" : {"type":"Point","coordinates":[121.540026864,24.983557313]}, "properties" : {"name" : "台濬品咖啡食品有限公司", "address" : "新北市新店區民權路42巷18號1樓", "reg_no" : "65003247", "data_time" : "2023-07-31"}}, {"type" : "Feature", "geometry" : {"type":"Point","coordinates":[121.417038953,25.006108767]}, "properties" : {"name" : "荷旺企業有限公司", "address" : "新北市樹林區光武街34巷5號1、2樓", "reg_no" : "65003286", "data_time" : "2023-07-31"}}, {"type" : "Feature", "geometry" : {"type":"Point","coordinates":[121.677263562,25.073810533]}, "properties" : {"name" : "八方製麵廠", "address" : "新北市汐止區大安街56巷7弄21號1樓", "reg_no" : "65003314", "data_time" : "2023-07-31"}}, {"type" : "Feature", "geometry" : {"type":"Point","coordinates":[121.478756785,25.185572065]}, "properties" : {"name" : "嵩程食品有限公司", "address" : "新北市淡水區北新路2段64號(1樓)", "reg_no" : "65003418", "data_time" : "2023-07-31"}}, {"type" : "Feature", "geometry" : {"type":"Point","coordinates":[121.469648666,25.059311288]}, "properties" : {"name" : "淳美肉類製品有限公司", "address" : "新北市三重區中興北街247巷8號1樓", "reg_no" : "65003422", "data_time" : "2023-07-31"}}, {"type" : "Feature", "geometry" : {"type":"Point","coordinates":[121.599800624,25.004744749]}, "properties" : {"name" : "華僑仁發有限公司", "address" : "新北市深坑區北深路3段254號1樓", "reg_no" : "65003459", "data_time" : "2023-07-31"}}, {"type" : "Feature", "geometry" : {"type":"Point","coordinates":[121.475694014,25.00605325]}, "properties" : {"name" : "信明食品股份有限公司", "address" : "新北市中和區中山路3段120之25號10樓", "reg_no" : "65003553", "data_time" : "2023-07-31"}}, {"type" : "Feature", "geometry" : {"type":"Point","coordinates":[121.473643437,25.005325972]}, "properties" : {"name" : "愛維爾蛋糕有限公司(中和廠)", "address" : "新北市中和區民享街4號F棟1樓", "reg_no" : "65003559", "data_time" : "2023-07-31"}}, {"type" : "Feature", "geometry" : {"type":"Point","coordinates":[121.443825548,24.99097453]}, "properties" : {"name" : "巧舜企業有限公司", "address" : "新北市土城區中華路1段56巷51號(3樓)", "reg_no" : "65003597", "data_time" : "2023-07-31"}}, {"type" : "Feature", "geometry" : {"type":"Point","coordinates":[121.473639858,25.049375319]}, "properties" : {"name" : "薇思克股份有限公司", "address" : "新北市三重區光復路1段61巷26號7樓之1", "reg_no" : "65003745", "data_time" : "2023-07-31"}}, {"type" : "Feature", "geometry" : {"type":"Point","coordinates":[121.48759386,25.003789508]}, "properties" : {"name" : "御宏貿易有限公司", "address" : "新北市中和區建二路155、157號(1~3樓)", "reg_no" : "65003881", "data_time" : "2023-07-31"}}, {"type" : "Feature", "geometry" : {"type":"Point","coordinates":[121.49155063,24.997238358]}, "properties" : {"name" : "洪師父實業有限公司", "address" : "新北市中和區連城路222巷2弄5號5樓", "reg_no" : "65003922", "data_time" : "2023-07-31"}}, {"type" : "Feature", "geometry" : {"type":"Point","coordinates":[121.491720764,25.005148714]}, "properties" : {"name" : "佳鄉實業有限公司", "address" : "新北市中和區中山路2段366巷38號", "reg_no" : "65003929", "data_time" : "2023-07-31"}}, {"type" : "Feature", "geometry" : {"type":"Point","coordinates":[121.435220238,24.972169864]}, "properties" : {"name" : "炸翻天企業有限公司", "address" : "新北市土城區慶祥街81號", "reg_no" : "65003943", "data_time" : "2023-07-31"}}, {"type" : "Feature", "geometry" : {"type":"Point","coordinates":[121.420607416,25.010288034]}, "properties" : {"name" : "建美食品有限公司樹林廠", "address" : "新北市樹林區俊英街219巷45弄8-1號", "reg_no" : "T6500488", "data_time" : "2023-07-31"}}, {"type" : "Feature", "geometry" : {"type":"Point","coordinates":[121.484987711,25.003354395]}, "properties" : {"name" : "統好興業有限公司中和廠", "address" : "新北市中和區中正路818號1、2、3樓", "reg_no" : "65004073", "data_time" : "2023-07-31"}}, {"type" : "Feature", "geometry" : {"type":"Point","coordinates":[121.489417904,25.075931524]}, "properties" : {"name" : "閎森食品行三重廠", "address" : "新北市三重區三和路4段89巷18號(1樓)", "reg_no" : "65004096", "data_time" : "2023-07-31"}}, {"type" : "Feature", "geometry" : {"type":"Point","coordinates":[121.427028569,25.031264338]}, "properties" : {"name" : "黃金香食品有限公司", "address" : "新北市新莊區中正路576巷24、26號(1樓)", "reg_no" : "65004097", "data_time" : "2023-07-31"}}, {"type" : "Feature", "geometry" : {"type":"Point","coordinates":[121.417332445,25.161495192]}, "properties" : {"name" : "隆穎國際有限公司", "address" : "新北市八里區忠孝路408之1號", "reg_no" : "65004161", "data_time" : "2023-07-31"}}, {"type" : "Feature", "geometry" : {"type":"Point","coordinates":[121.354951941,25.069720874]}, "properties" : {"name" : "優異識股份有限公司", "address" : "新北市林口區南勢四街48號", "reg_no" : "T6500506", "data_time" : "2023-07-31"}}, {"type" : "Feature", "geometry" : {"type":"Point","coordinates":[121.438693961,25.086742047]}, "properties" : {"name" : "佳亦美食品有限公司", "address" : "新北市五股區成泰路2段147巷20號(3樓)", "reg_no" : "65004202", "data_time" : "2023-07-31"}}, {"type" : "Feature", "geometry" : {"type":"Point","coordinates":[121.462955101,25.044724171]}, "properties" : {"name" : "揚華食品有限公司", "address" : "新北市新莊區復興路3段85號1、2樓", "reg_no" : "65004206", "data_time" : "2023-07-31"}}, {"type" : "Feature", "geometry" : {"type":"Point","coordinates":[121.469120442,25.058879173]}, "properties" : {"name" : "豆品香企業社", "address" : "新北市三重區中興北街235號(1樓)", "reg_no" : "65004237", "data_time" : "2023-07-31"}}, {"type" : "Feature", "geometry" : {"type":"Point","coordinates":[121.336100713,24.946604245]}, "properties" : {"name" : "香李食品有限公司", "address" : "新北市鶯歌區八德路2巷20弄5號", "reg_no" : "65004284", "data_time" : "2023-07-31"}}, {"type" : "Feature", "geometry" : {"type":"Point","coordinates":[121.501977514,25.25653009]}, "properties" : {"name" : "賞味佳食品工業有限公司(三芝廠)", "address" : "新北市三芝區中山路1段123、125、127號(1樓)", "reg_no" : "65004293", "data_time" : "2023-07-31"}}, {"type" : "Feature", "geometry" : {"type":"Point","coordinates":[121.44350882,24.989072164]}, "properties" : {"name" : "諧和實業股份有限公司", "address" : "新北市土城區中華路一段70巷33號1、2樓", "reg_no" : "65004300", "data_time" : "2023-07-31"}}, {"type" : "Feature", "geometry" : {"type":"Point","coordinates":[121.490390864,24.99981015]}, "properties" : {"name" : "宗原貿易有限公司", "address" : "新北市中和區建康路176號之1", "reg_no" : "T6500525", "data_time" : "2023-07-31"}}, {"type" : "Feature", "geometry" : {"type":"Point","coordinates":[121.466407708,25.046145958]}, "properties" : {"name" : "和泰坊食品有限公司", "address" : "新北市新莊區化成路190巷4弄7、9號(1樓)", "reg_no" : "65004354", "data_time" : "2023-07-31"}}, {"type" : "Feature", "geometry" : {"type":"Point","coordinates":[121.472508857,25.055329416]}, "properties" : {"name" : "典韓實業有限公司", "address" : "新北市三重區光復路2段39巷2號及2之1號", "reg_no" : "65004355", "data_time" : "2023-07-31"}}, {"type" : "Feature", "geometry" : {"type":"Point","coordinates":[121.466387728,25.043803255]}, "properties" : {"name" : "寶騰興業有限公司", "address" : "新北市三重區重新路5段613巷20及22號(1樓)", "reg_no" : "65004439", "data_time" : "2023-07-31"}}, {"type" : "Feature", "geometry" : {"type":"Point","coordinates":[121.46931001,25.075040382]}, "properties" : {"name" : "五立食品有限公司", "address" : "新北市五股區國道路3段9號(1樓)", "reg_no" : "65004440", "data_time" : "2023-07-31"}}, {"type" : "Feature", "geometry" : {"type":"Point","coordinates":[121.463261728,25.044753979]}, "properties" : {"name" : "泰翔有限公司", "address" : "新北市新莊區復興路3段95號1、2樓", "reg_no" : "65004494", "data_time" : "2023-07-31"}}, {"type" : "Feature", "geometry" : {"type":"Point","coordinates":[121.548460972,24.971644703]}, "properties" : {"name" : "好味企業社", "address" : "新北市新店區寶興路60巷40號1樓", "reg_no" : "65004497", "data_time" : "2023-07-31"}}, {"type" : "Feature", "geometry" : {"type":"Point","coordinates":[121.602700237,25.003125608]}, "properties" : {"name" : "佳美實業有限公司", "address" : "新北市深坑區北深路3段153號4樓", "reg_no" : "65004603", "data_time" : "2023-07-31"}}, {"type" : "Feature", "geometry" : {"type":"Point","coordinates":[121.448365227,25.067176498]}, "properties" : {"name" : "糕盛有限公司五股廠", "address" : "新北市五股區五權七路13號3樓", "reg_no" : "65004611", "data_time" : "2023-07-31"}}, {"type" : "Feature", "geometry" : {"type":"Point","coordinates":[121.491990154,25.005656616]}, "properties" : {"name" : "上鮮農產有限公司", "address" : "新北市中和區橋安街35、41號2樓", "reg_no" : "65004624", "data_time" : "2023-07-31"}}, {"type" : "Feature", "geometry" : {"type":"Point","coordinates":[121.485187672,25.001543104]}, "properties" : {"name" : "東津國際有限公司", "address" : "新北市中和區中正路800號10樓之5", "reg_no" : "65004674", "data_time" : "2023-07-31"}}, {"type" : "Feature", "geometry" : {"type":"Point","coordinates":[121.676528822,25.07368396]}, "properties" : {"name" : "新達商行", "address" : "新北市汐止區大同路3段369巷30號(1、2樓)", "reg_no" : "65004676", "data_time" : "2023-07-31"}}, {"type" : "Feature", "geometry" : {"type":"Point","coordinates":[121.479212879,25.074425409]}, "properties" : {"name" : "大盛食品行", "address" : "新北市三重區永福街197巷9號(1樓)", "reg_no" : "T6500584", "data_time" : "2023-07-31"}}, {"type" : "Feature", "geometry" : {"type":"Point","coordinates":[121.491189851,25.07561892]}, "properties" : {"name" : "米哥食品有限公司三重廠", "address" : "新北市三重區溪尾街14號之1", "reg_no" : "65004718", "data_time" : "2023-07-31"}}, {"type" : "Feature", "geometry" : {"type":"Point","coordinates":[121.53358013,24.98361717]}, "properties" : {"name" : "葡其實業股份有限公司", "address" : "新北市新店區中正路501-13號1樓", "reg_no" : "65004729", "data_time" : "2023-07-31"}}, {"type" : "Feature", "geometry" : {"type":"Point","coordinates":[121.493031139,25.000037869]}, "properties" : {"name" : "東門鴨莊有限公司", "address" : "新北市中和區建康路272號1樓", "reg_no" : "65004755", "data_time" : "2023-07-31"}}, {"type" : "Feature", "geometry" : {"type":"Point","coordinates":[121.438105752,25.083033804]}, "properties" : {"name" : "中福油行", "address" : "新北市五股區壟鈎路16號", "reg_no" : "T6500592", "data_time" : "2023-07-31"}}, {"type" : "Feature", "geometry" : {"type":"Point","coordinates":[121.4107271,25.157537695]}, "properties" : {"name" : "基隆天婦羅有限公司", "address" : "新北市八里區頂寮一街28巷12號(1、2樓)", "reg_no" : "65004853", "data_time" : "2023-07-31"}}, {"type" : "Feature", "geometry" : {"type":"Point","coordinates":[121.493607821,25.000134828]}, "properties" : {"name" : "恆茂盛實業有限公司", "address" : "新北市中和區中山路2段327巷11弄11、13號5樓", "reg_no" : "65004864", "data_time" : "2023-07-31"}}, {"type" : "Feature", "geometry" : {"type":"Point","coordinates":[121.469632909,25.073436899]}, "properties" : {"name" : "捷利通股份有限公司", "address" : "新北市五股區中興路1段8之6號及8之7號(1樓)", "reg_no" : "65004956", "data_time" : "2023-07-31"}}, {"type" : "Feature", "geometry" : {"type":"Point","coordinates":[121.411415825,25.015941863]}, "properties" : {"name" : "樂金香食品有限公司", "address" : "新北市樹林區三俊街5之9號4樓", "reg_no" : "65004972", "data_time" : "2023-07-31"}}, {"type" : "Feature", "geometry" : {"type":"Point","coordinates":[121.460890351,25.04086952]}, "properties" : {"name" : "寶媽媽餐飲股份有限公司", "address" : "新北市新莊區中正路56巷3之1號1樓", "reg_no" : "65004973", "data_time" : "2023-07-31"}}, {"type" : "Feature", "geometry" : {"type":"Point","coordinates":[121.548306554,24.980539017]}, "properties" : {"name" : "朋生國際有限公司", "address" : "新北市新店區寶中路78號3樓", "reg_no" : "65004991", "data_time" : "2023-07-31"}}, {"type" : "Feature", "geometry" : {"type":"Point","coordinates":[121.534810672,24.98336594]}, "properties" : {"name" : "上信企業股份有限公司", "address" : "新北市新店區民權路130巷3號3樓", "reg_no" : "65004997", "data_time" : "2023-07-31"}}, {"type" : "Feature", "geometry" : {"type":"Point","coordinates":[121.45988078,25.039813546]}, "properties" : {"name" : "叡佳揚寵物食品有限公司", "address" : "新北市新莊區思源路39號2樓", "reg_no" : "65005004", "data_time" : "2023-07-31"}}, {"type" : "Feature", "geometry" : {"type":"Point","coordinates":[121.4392167,24.96500684]}, "properties" : {"name" : "誼豐股份有限公司", "address" : "新北市土城區忠承路83號6樓、87號6樓", "reg_no" : "65005016", "data_time" : "2023-07-31"}}, {"type" : "Feature", "geometry" : {"type":"Point","coordinates":[121.625135085,25.061995039]}, "properties" : {"name" : "薩摩亞商億達國際股份有限公司台灣分公司", "address" : "新北市汐止區福德一路392巷37弄39號", "reg_no" : "65005144", "data_time" : "2023-07-31"}}, {"type" : "Feature", "geometry" : {"type":"Point","coordinates":[121.63494028,25.058024908]}, "properties" : {"name" : "力尹食品有限公司二廠", "address" : "新北市汐止區大同路1段239號12樓", "reg_no" : "65005147", "data_time" : "2023-07-31"}}, {"type" : "Feature", "geometry" : {"type":"Point","coordinates":[121.465456232,25.046934822]}, "properties" : {"name" : "運朗烘焙食品有限公司", "address" : "新北市新莊區化成路105號(1樓)、107號(1樓)", "reg_no" : "65005170", "data_time" : "2023-07-31"}}, {"type" : "Feature", "geometry" : {"type":"Point","coordinates":[121.449306314,25.06403066]}, "properties" : {"name" : "路易莎職人咖啡股份有限公司", "address" : "新北市五股區五權六路5號", "reg_no" : "65005188", "data_time" : "2023-07-31"}}, {"type" : "Feature", "geometry" : {"type":"Point","coordinates":[121.413313532,24.985443684]}, "properties" : {"name" : "長和國際股份有限公司", "address" : "新北市樹林區大安路546號7樓", "reg_no" : "65005246", "data_time" : "2023-07-31"}}, {"type" : "Feature", "geometry" : {"type":"Point","coordinates":[121.491710499,25.005203688]}, "properties" : {"name" : "健康樂食有限公司", "address" : "新北市中和區中山路2段366巷40號", "reg_no" : "65005263", "data_time" : "2023-07-31"}}, {"type" : "Feature", "geometry" : {"type":"Point","coordinates":[121.460726016,24.991747817]}, "properties" : {"name" : "建全生技有限公司", "address" : "新北市板橋區廣權路13號9樓", "reg_no" : "65005300", "data_time" : "2023-07-31"}}, {"type" : "Feature", "geometry" : {"type":"Point","coordinates":[121.464974399,25.054130857]}, "properties" : {"name" : "松楚食品有限公司", "address" : "新北市新莊區化成路267巷20號", "reg_no" : "65005346", "data_time" : "2023-07-31"}}, {"type" : "Feature", "geometry" : {"type":"Point","coordinates":[121.474809238,25.07306214]}, "properties" : {"name" : "老牌張家傳豬腳有限公司", "address" : "新北市蘆洲區國道路2段1巷50號3樓", "reg_no" : "65005468", "data_time" : "2023-07-31"}}, {"type" : "Feature", "geometry" : {"type":"Point","coordinates":[121.467994986,25.055195494]}, "properties" : {"name" : "統鮮美食股份有限公司三重廠", "address" : "新北市三重區中興北街136巷18弄18號(1、2樓)", "reg_no" : "65005575", "data_time" : "2023-07-31"}}, {"type" : "Feature", "geometry" : {"type":"Point","coordinates":[121.534176176,24.985091257]}, "properties" : {"name" : "西霸企業有限公司", "address" : "新北市新店區中正路四維巷2弄3號5樓", "reg_no" : "65005583", "data_time" : "2023-07-31"}}, {"type" : "Feature", "geometry" : {"type":"Point","coordinates":[121.599145492,25.005967501]}, "properties" : {"name" : "帝勝生技股份有限公司", "address" : "新北市深坑區北深路3段270巷16號2樓之1", "reg_no" : "65005590", "data_time" : "2023-07-31"}}, {"type" : "Feature", "geometry" : {"type":"Point","coordinates":[121.461719448,24.991771012]}, "properties" : {"name" : "毅慶生技開發有限公司(板橋廠)", "address" : "新北市板橋區和平路14巷36號", "reg_no" : "65005605", "data_time" : "2023-07-31"}}, {"type" : "Feature", "geometry" : {"type":"Point","coordinates":[121.48651117,25.001177596]}, "properties" : {"name" : "汎泰水產有限公司", "address" : "新北市中和區建三路79號(1樓)", "reg_no" : "65005726", "data_time" : "2023-07-31"}}, {"type" : "Feature", "geometry" : {"type":"Point","coordinates":[121.536654465,24.986422718]}, "properties" : {"name" : "永聖食品有限公司", "address" : "新北市新店區建國路293巷6號1樓", "reg_no" : "65005728", "data_time" : "2023-07-31"}}, {"type" : "Feature", "geometry" : {"type":"Point","coordinates":[121.418731733,24.932463285]}, "properties" : {"name" : "松益食品有限公司", "address" : "新北市三峽區成福路105巷28號", "reg_no" : "65005942", "data_time" : "2023-07-31"}}, {"type" : "Feature", "geometry" : {"type":"Point","coordinates":[121.417105079,25.007452271]}, "properties" : {"name" : "亞太動物生技有限公司", "address" : "新北市樹林區中正路415號3樓之3", "reg_no" : "65005985", "data_time" : "2023-07-31"}}, {"type" : "Feature", "geometry" : {"type":"Point","coordinates":[121.486781998,25.002723395]}, "properties" : {"name" : "禾稼有限公司", "address" : "新北市中和區建六路67巷14號(1、2樓)", "reg_no" : "65006026", "data_time" : "2023-07-31"}}, {"type" : "Feature", "geometry" : {"type":"Point","coordinates":[121.486554141,25.009124261]}, "properties" : {"name" : "貝比企業有限公司", "address" : "新北市中和區立德街148巷40號5樓", "reg_no" : "65006116", "data_time" : "2023-07-31"}}, {"type" : "Feature", "geometry" : {"type":"Point","coordinates":[121.428036481,24.963025175]}, "properties" : {"name" : "卜立股份有限公司土城工廠", "address" : "新北市土城區永平街9號1樓", "reg_no" : "65006120", "data_time" : "2023-07-31"}}, {"type" : "Feature", "geometry" : {"type":"Point","coordinates":[121.441566138,24.96860074]}, "properties" : {"name" : "高氏饗宴國際有限公司", "address" : "新北市土城區千歲路30號(1樓)", "reg_no" : "65006134", "data_time" : "2023-07-31"}}, {"type" : "Feature", "geometry" : {"type":"Point","coordinates":[121.625366162,25.057896329]}, "properties" : {"name" : "一香食品有限公司", "address" : "新北市汐止區南陽街180巷5號(1、2樓)", "reg_no" : "65006151", "data_time" : "2023-07-31"}}, {"type" : "Feature", "geometry" : {"type":"Point","coordinates":[121.452421883,25.165619364]}, "properties" : {"name" : "海邊走走食品股份有限公司", "address" : "新北市淡水區中正東路1段3巷33號8樓", "reg_no" : "65006157", "data_time" : "2023-07-31"}}, {"type" : "Feature", "geometry" : {"type":"Point","coordinates":[121.485085461,25.008269128]}, "properties" : {"name" : "興旺烘焙食品有限公司", "address" : "新北市中和區板南路490號3樓之1及3樓之2", "reg_no" : "65006161", "data_time" : "2023-07-31"}}, {"type" : "Feature", "geometry" : {"type":"Point","coordinates":[121.481129765,25.022162759]}, "properties" : {"name" : "錢都顧問有限公司", "address" : "新北市板橋區中山路2段443巷75號2樓", "reg_no" : "65006253", "data_time" : "2023-07-31"}}, {"type" : "Feature", "geometry" : {"type":"Point","coordinates":[121.414520637,24.975550906]}, "properties" : {"name" : "十方苑國際股份有限公司", "address" : "新北市樹林區東豐街65之1號3樓", "reg_no" : "65006301", "data_time" : "2023-07-31"}}, {"type" : "Feature", "geometry" : {"type":"Point","coordinates":[121.550211521,24.974600231]}, "properties" : {"name" : "艾酷奇食品股份有限公司", "address" : "新北市新店區寶興路45巷8弄4、6號", "reg_no" : "65006347", "data_time" : "2023-07-31"}}, {"type" : "Feature", "geometry" : {"type":"Point","coordinates":[121.622626785,25.069557472]}, "properties" : {"name" : "巧瑞吉實業有限公司", "address" : "新北市汐止區康寧街169巷31號3樓之2", "reg_no" : "65006352", "data_time" : "2023-07-31"}}, {"type" : "Feature", "geometry" : {"type":"Point","coordinates":[121.412791358,24.986054237]}, "properties" : {"name" : "兆裔有限公司", "address" : "新北市樹林區備內街1巷35弄1號1樓", "reg_no" : "65006375", "data_time" : "2023-07-31"}}, {"type" : "Feature", "geometry" : {"type":"Point","coordinates":[121.534183441,24.984952688]}, "properties" : {"name" : "橘焱國際事業股份有限公司", "address" : "新北市新店區中正路四維巷2弄5號2樓", "reg_no" : "65006427", "data_time" : "2023-07-31"}}, {"type" : "Feature", "geometry" : {"type":"Point","coordinates":[121.428036481,24.963025175]}, "properties" : {"name" : "健康樂活生醫股份有限公司", "address" : "新北市土城區永平街9號2樓", "reg_no" : "65006440", "data_time" : "2023-07-31"}}, {"type" : "Feature", "geometry" : {"type":"Point","coordinates":[121.634623472,25.061767532]}, "properties" : {"name" : "米滋崎食品有限公司", "address" : "新北市汐止區中興路31號2樓之2", "reg_no" : "65006510", "data_time" : "2023-07-31"}}, {"type" : "Feature", "geometry" : {"type":"Point","coordinates":[121.418538094,25.016340468]}, "properties" : {"name" : "御瀧食品企業有限公司", "address" : "新北市樹林區三俊街135巷24號(1樓)", "reg_no" : "65006733", "data_time" : "2023-07-31"}}, {"type" : "Feature", "geometry" : {"type":"Point","coordinates":[121.432614916,25.005064018]}, "properties" : {"name" : "東北大餅有限公司", "address" : "新北市新莊區新樹路310巷18號", "reg_no" : "65006863", "data_time" : "2023-07-31"}}, {"type" : "Feature", "geometry" : {"type":"Point","coordinates":[121.48668154,25.008858698]}, "properties" : {"name" : "唐舖子食品股份有限公司", "address" : "新北市中和區立德街128號7樓、132號7樓", "reg_no" : "65006918", "data_time" : "2023-07-31"}}, {"type" : "Feature", "geometry" : {"type":"Point","coordinates":[121.458554147,25.067773159]}, "properties" : {"name" : "緯豆股份有限公司新莊廠", "address" : "新北市新莊區五權二路24號1、2樓", "reg_no" : "65006932", "data_time" : "2023-07-31"}}, {"type" : "Feature", "geometry" : {"type":"Point","coordinates":[121.419695042,25.161332497]}, "properties" : {"name" : "連長實業股份有限公司忠孝廠", "address" : "新北市八里區忠孝路286號(1樓)", "reg_no" : "65006940", "data_time" : "2023-07-31"}}, {"type" : "Feature", "geometry" : {"type":"Point","coordinates":[121.486496594,25.009155503]}, "properties" : {"name" : "皇贊股份有限公司", "address" : "新北市中和區立德街148巷42號7樓", "reg_no" : "65006991", "data_time" : "2023-07-31"}}, {"type" : "Feature", "geometry" : {"type":"Point","coordinates":[121.40840226,25.01576244]}, "properties" : {"name" : "昱品事業有限公司", "address" : "新北市樹林區忠愛街13號2樓", "reg_no" : "65006992", "data_time" : "2023-07-31"}}, {"type" : "Feature", "geometry" : {"type":"Point","coordinates":[121.490312224,25.005573773]}, "properties" : {"name" : "智豆科技有限公司", "address" : "新北市中和區橋和路89號7樓", "reg_no" : "65007005", "data_time" : "2023-07-31"}}, {"type" : "Feature", "geometry" : {"type":"Point","coordinates":[121.457392108,25.065592287]}, "properties" : {"name" : "元茂農產企業股份有限公司二廠", "address" : "新北市新莊區五權一路3號之2(1樓)", "reg_no" : "65007117", "data_time" : "2023-07-31"}}, {"type" : "Feature", "geometry" : {"type":"Point","coordinates":[121.47460744,25.07378178]}, "properties" : {"name" : "萬寶客股份有限公司", "address" : "新北市蘆洲區國道路2段25號3樓", "reg_no" : "65007172", "data_time" : "2023-07-31"}}, {"type" : "Feature", "geometry" : {"type":"Point","coordinates":[121.456297514,25.068116628]}, "properties" : {"name" : "昆帝食品有限公司", "address" : "新北市五股區五權三路47號(1樓)", "reg_no" : "65007211", "data_time" : "2023-07-31"}}, {"type" : "Feature", "geometry" : {"type":"Point","coordinates":[121.461790749,24.991914113]}, "properties" : {"name" : "嚐鱻食品有限公司板橋廠", "address" : "新北市板橋區和平路14巷30號1、2樓", "reg_no" : "65007246", "data_time" : "2023-07-31"}}, {"type" : "Feature", "geometry" : {"type":"Point","coordinates":[121.489002298,25.004448709]}, "properties" : {"name" : "崴欣國際有限公司", "address" : "新北市中和區中山路二段448號3樓", "reg_no" : "65007247", "data_time" : "2023-07-31"}}]}
