{"type": "FeatureCollection", "features": [{"type": "Feature", "properties": {"name": "有木國小", "address": "有木里131號", "district": "三峽區", "capacity": "109", "disaster_types": "水災,震災,土石流,海嘯", "indoor": "是", "outdoor": "是", "vulnerable_friendly": "否", "manager": "吳政謀", "manager_phone": "02-26720067分機13", "city": "new_taipei"}, "geometry": {"type": "Point", "coordinates": [121.4373, 24.8533]}}, {"type": "Feature", "properties": {"name": "五寮市民活動中心", "address": "五寮93號", "district": "三峽區", "capacity": "137", "disaster_types": "水災,震災,土石流,海嘯", "indoor": "是", "outdoor": "否", "vulnerable_friendly": "否", "manager": "吳香其", "manager_phone": "02-26711017分機207", "city": "new_taipei"}, "geometry": {"type": "Point", "coordinates": [121.365455, 24.863449]}}, {"type": "Feature", "properties": {"name": "烏來國民中小學", "address": "啦卡路5號", "district": "烏來區", "capacity": "152", "disaster_types": "水災,土石流", "indoor": "是", "outdoor": "否", "vulnerable_friendly": "是", "manager": "林俊傑", "manager_phone": "02-26616482＃50", "city": "new_taipei"}, "geometry": {"type": "Point", "coordinates": [121.553147, 24.863755]}}, {"type": "Feature", "properties": {"name": "信賢活動中心", "address": "信福路48號", "district": "烏來區", "capacity": "30", "disaster_types": "水災,土石流", "indoor": "是", "outdoor": "否", "vulnerable_friendly": "是", "manager": "趙絡涵", "manager_phone": "02-26616442", "city": "new_taipei"}, "geometry": {"type": "Point", "coordinates": [121.548453, 24.883684]}}, {"type": "Feature", "properties": {"name": "綜合活動中心", "address": "烏來街34號", "district": "烏來區", "capacity": "30", "disaster_types": "水災,土石流", "indoor": "是", "outdoor": "否", "vulnerable_friendly": "是", "manager": "趙絡涵", "manager_phone": "02-26616442", "city": "new_taipei"}, "geometry": {"type": "Point", "coordinates": [121.548453, 24.883684]}}, {"type": "Feature", "properties": {"name": "忠治活動中心", "address": "忠治14號", "district": "烏來區", "capacity": "30", "disaster_types": "水災,土石流", "indoor": "是", "outdoor": "否", "vulnerable_friendly": "是", "manager": "趙絡涵", "manager_phone": "02-26616442", "city": "new_taipei"}, "geometry": {"type": "Point", "coordinates": [121.548453, 24.883684]}}, {"type": "Feature", "properties": {"name": "福山活動中心", "address": "2鄰李茂岸51號", "district": "烏來區", "capacity": "50", "disaster_types": "水災,土石流", "indoor": "是", "outdoor": "否", "vulnerable_friendly": "是", "manager": "趙絡涵", "manager_phone": "02-26616442", "city": "new_taipei"}, "geometry": {"type": "Point", "coordinates": [121.548453, 24.883684]}}, {"type": "Feature", "properties": {"name": "烏來活動中心", "address": "13鄰環山路82巷45號", "district": "烏來區", "capacity": "50", "disaster_types": "水災,土石流", "indoor": "是", "outdoor": "否", "vulnerable_friendly": "是", "manager": "趙絡涵", "manager_phone": "02-26616442", "city": "new_taipei"}, "geometry": {"type": "Point", "coordinates": [121.548453, 24.883684]}}, {"type": "Feature", "properties": {"name": "福山國小", "address": "福山里李茂岸56號", "district": "烏來區", "capacity": "305", "disaster_types": "水災,土石流", "indoor": "是", "outdoor": "否", "vulnerable_friendly": "是", "manager": "高世昌", "manager_phone": "2661-6421轉302", "city": "new_taipei"}, "geometry": {"type": "Point", "coordinates": [121.548453, 24.883684]}}, {"type": "Feature", "properties": {"name": "龜山國小", "address": "新北市新店區新烏路三段99巷10號", "district": "新店區", "capacity": "75", "disaster_types": "水災,土石流", "indoor": "是", "outdoor": "是", "vulnerable_friendly": "否", "manager": "吳英同", "manager_phone": "02-29112281#1209", "city": "new_taipei"}, "geometry": {"type": "Point", "coordinates": [121.5532, 24.9022]}}, {"type": "Feature", "properties": {"name": "廣興里辦公處", "address": "新北市新店區平廣路一段35巷3號", "district": "新店區", "capacity": "37", "disaster_types": "震災", "indoor": "是", "outdoor": "否", "vulnerable_friendly": "否", "manager": "吳英同", "manager_phone": "02-29112281#1209", "city": "new_taipei"}, "geometry": {"type": "Point", "coordinates": [121.533799, 24.902531]}}, {"type": "Feature", "properties": {"name": "龜山市民活動中心", "address": "新北市新店區新烏路3段136號", "district": "新店區", "capacity": "133", "disaster_types": "水災,土石流", "indoor": "是", "outdoor": "是", "vulnerable_friendly": "否", "manager": "吳英同", "manager_phone": "02-29112281#1209", "city": "new_taipei"}, "geometry": {"type": "Point", "coordinates": [121.552, 24.9031]}}, {"type": "Feature", "properties": {"name": "石里倉庫", "address": "石27之1號", "district": "坪林區", "capacity": "10", "disaster_types": "水災,震災,土石流,海嘯", "indoor": "是", "outdoor": "否", "vulnerable_friendly": "否", "manager": "徐瑄維", "manager_phone": "02-26657251#240", "city": "new_taipei"}, "geometry": {"type": "Point", "coordinates": [121.745228, 24.904686]}}, {"type": "Feature", "properties": {"name": "大埔國小", "address": "大埔路130號", "district": "三峽區", "capacity": "625", "disaster_types": "水災,震災,土石流,海嘯", "indoor": "是", "outdoor": "是", "vulnerable_friendly": "否", "manager": "陳秋榕", "manager_phone": "02-26712523分機150", "city": "new_taipei"}, "geometry": {"type": "Point", "coordinates": [121.3665, 24.9057]}}, {"type": "Feature", "properties": {"name": "明德高中", "address": "中正路二段399號", "district": "三峽區", "capacity": "1569", "disaster_types": "水災,震災,土石流,海嘯", "indoor": "是", "outdoor": "是", "vulnerable_friendly": "是", "manager": "劉懷恩", "manager_phone": "02-26723302分機240", "city": "new_taipei"}, "geometry": {"type": "Point", "coordinates": [121.3639, 24.9069]}}, {"type": "Feature", "properties": {"name": "竹崙市民活動中心", "address": "竹崙里146號", "district": "三峽區", "capacity": "113", "disaster_types": "水災,震災,土石流,海嘯", "indoor": "是", "outdoor": "否", "vulnerable_friendly": "否", "manager": "吳香其", "manager_phone": "02-26711017分機207", "city": "new_taipei"}, "geometry": {"type": "Point", "coordinates": [121.4349, 24.9088]}}, {"type": "Feature", "properties": {"name": "臺北榮家", "address": "白雞127號", "district": "三峽區", "capacity": "339", "disaster_types": "水災,震災,土石流,海嘯", "indoor": "是", "outdoor": "否", "vulnerable_friendly": "否", "manager": "龍雨舞", "manager_phone": "02-2673-1201分機501", "city": "new_taipei"}, "geometry": {"type": "Point", "coordinates": [121.3937, 24.9102]}}, {"type": "Feature", "properties": {"name": "康橋高級中學", "address": "新北市新店區華城路800號", "district": "新店區", "capacity": "250", "disaster_types": "水災", "indoor": "是", "outdoor": "是", "vulnerable_friendly": "否", "manager": "吳英同", "manager_phone": "02-29112281#1209", "city": "new_taipei"}, "geometry": {"type": "Point", "coordinates": [121.4978, 24.9109]}}, {"type": "Feature", "properties": {"name": "民義國小", "address": "白雞路40號", "district": "三峽區", "capacity": "975", "disaster_types": "水災,震災,土石流,海嘯", "indoor": "是", "outdoor": "是", "vulnerable_friendly": "否", "manager": "宋長燕", "manager_phone": "02-26711895分機830", "city": "new_taipei"}, "geometry": {"type": "Point", "coordinates": [121.3755, 24.912]}}, {"type": "Feature", "properties": {"name": "屈尺國小廣興分校", "address": "新店市廣興路57號。", "district": "新店區", "capacity": "37", "disaster_types": "水災,震災", "indoor": "是", "outdoor": "否", "vulnerable_friendly": "否", "manager": "吳英同", "manager_phone": "02-29112281#1209", "city": "new_taipei"}, "geometry": {"type": "Point", "coordinates": [121.5396, 24.9125]}}, {"type": "Feature", "properties": {"name": "屈尺國小", "address": "新北市新店區屈尺路五十五號", "district": "新店區", "capacity": "320", "disaster_types": "水災,震災,土石流", "indoor": "是", "outdoor": "是", "vulnerable_friendly": "否", "manager": "吳英同", "manager_phone": "02-29112281#1209", "city": "new_taipei"}, "geometry": {"type": "Point", "coordinates": [121.5463, 24.9225]}}, {"type": "Feature", "properties": {"name": "屈尺市民活動中心", "address": "新北市新店區屈尺路125號", "district": "新店區", "capacity": "75", "disaster_types": "水災,土石流", "indoor": "是", "outdoor": "是", "vulnerable_friendly": "否", "manager": "吳英同", "manager_phone": "29112281#1209", "city": "new_taipei"}, "geometry": {"type": "Point", "coordinates": [121.544999, 24.923518]}}, {"type": "Feature", "properties": {"name": "大成國小", "address": "成福路215巷2號", "district": "三峽區", "capacity": "187", "disaster_types": "水災,震災,土石流,海嘯", "indoor": "是", "outdoor": "是", "vulnerable_friendly": "否", "manager": "陳俊佳", "manager_phone": "02-26726521分機115", "city": "new_taipei"}, "geometry": {"type": "Point", "coordinates": [121.4275, 24.9243]}}, {"type": "Feature", "properties": {"name": "建安國小", "address": "建安路67號", "district": "三峽區", "capacity": "292", "disaster_types": "水災,震災,土石流,海嘯", "indoor": "是", "outdoor": "是", "vulnerable_friendly": "否", "manager": "楊慧淳", "manager_phone": "02-26726783分機102", "city": "new_taipei"}, "geometry": {"type": "Point", "coordinates": [121.4471, 24.9264]}}, {"type": "Feature", "properties": {"name": "安溪國中", "address": "大同路135號", "district": "三峽區", "capacity": "1675", "disaster_types": "水災,震災,土石流,海嘯", "indoor": "是", "outdoor": "是", "vulnerable_friendly": "否", "manager": "周中明", "manager_phone": "02-26717851分機150", "city": "new_taipei"}, "geometry": {"type": "Point", "coordinates": [121.3728, 24.9266]}}, {"type": "Feature", "properties": {"name": "中園國小", "address": "弘園街22號", "district": "三峽區", "capacity": "926", "disaster_types": "水災,震災,土石流,海嘯", "indoor": "是", "outdoor": "是", "vulnerable_friendly": "否", "manager": "黃邵偉", "manager_phone": "02-86712590分機831", "city": "new_taipei"}, "geometry": {"type": "Point", "coordinates": [121.3672, 24.9278]}}, {"type": "Feature", "properties": {"name": "介壽國小", "address": "大同路1號", "district": "三峽區", "capacity": "289", "disaster_types": "水災,震災,土石流,海嘯", "indoor": "是", "outdoor": "是", "vulnerable_friendly": "否", "manager": "劉志銘", "manager_phone": "02-26712392分機41", "city": "new_taipei"}, "geometry": {"type": "Point", "coordinates": [121.3785, 24.9298]}}, {"type": "Feature", "properties": {"name": "安溪國小", "address": "中華路42號", "district": "三峽區", "capacity": "435", "disaster_types": "水災,震災,土石流,海嘯", "indoor": "是", "outdoor": "是", "vulnerable_friendly": "是", "manager": "徐銘穗", "manager_phone": "02-26731488分機221", "city": "new_taipei"}, "geometry": {"type": "Point", "coordinates": [121.3729, 24.9304]}}, {"type": "Feature", "properties": {"name": "成福國小", "address": "溪東路213號", "district": "三峽區", "capacity": "261", "disaster_types": "水災,震災,土石流,海嘯", "indoor": "是", "outdoor": "是", "vulnerable_friendly": "是", "manager": "李國梅", "manager_phone": "02-86764945分機12", "city": "new_taipei"}, "geometry": {"type": "Point", "coordinates": [121.4057, 24.9332]}}, {"type": "Feature", "properties": {"name": "三峽國小", "address": "中山路16號", "district": "三峽區", "capacity": "581", "disaster_types": "水災,震災,土石流,海嘯", "indoor": "是", "outdoor": "是", "vulnerable_friendly": "否", "manager": "歐原誌", "manager_phone": "02-26711018分機832", "city": "new_taipei"}, "geometry": {"type": "Point", "coordinates": [121.3697, 24.9345]}}, {"type": "Feature", "properties": {"name": "長青市民活動中心", "address": "中山路65號", "district": "三峽區", "capacity": "166", "disaster_types": "水災,震災,土石流,海嘯", "indoor": "是", "outdoor": "否", "vulnerable_friendly": "否", "manager": "吳香其", "manager_phone": "26711017分機207", "city": "new_taipei"}, "geometry": {"type": "Point", "coordinates": [121.367, 24.93479]}}, {"type": "Feature", "properties": {"name": "新北市坪林區公所", "address": "坪林101號", "district": "坪林區", "capacity": "50", "disaster_types": "水災,震災,土石流,海嘯", "indoor": "是", "outdoor": "是", "vulnerable_friendly": "是", "manager": "徐瑄維", "manager_phone": "02-26657251#240", "city": "new_taipei"}, "geometry": {"type": "Point", "coordinates": [121.711784, 24.93614]}}, {"type": "Feature", "properties": {"name": "新北市坪林區坪林國民小學", "address": "坪林114號", "district": "坪林區", "capacity": "314", "disaster_types": "水災,震災,土石流,海嘯", "indoor": "是", "outdoor": "是", "vulnerable_friendly": "是", "manager": "吳志?", "manager_phone": "02-26656213", "city": "new_taipei"}, "geometry": {"type": "Point", "coordinates": [121.71088, 24.936238]}}, {"type": "Feature", "properties": {"name": "直潭國小", "address": "新北市新店區直潭路92號", "district": "新店區", "capacity": "1600", "disaster_types": "", "indoor": "是", "outdoor": "是", "vulnerable_friendly": "否", "manager": "吳英同", "manager_phone": "02-29112281#1209", "city": "new_taipei"}, "geometry": {"type": "Point", "coordinates": [121.5313, 24.9378]}}, {"type": "Feature", "properties": {"name": "新北市立坪林國民中學", "address": "國中路4號", "district": "坪林區", "capacity": "1144", "disaster_types": "水災,震災,土石流,海嘯", "indoor": "是", "outdoor": "是", "vulnerable_friendly": "是", "manager": "許書哲", "manager_phone": "02-26656210#13", "city": "new_taipei"}, "geometry": {"type": "Point", "coordinates": [121.712825, 24.938007]}}, {"type": "Feature", "properties": {"name": "三峽國中", "address": "復興路238號", "district": "三峽區", "capacity": "1149", "disaster_types": "水災,震災,土石流,海嘯", "indoor": "是", "outdoor": "是", "vulnerable_friendly": "否", "manager": "吳瑞祥", "manager_phone": "02-26738030", "city": "new_taipei"}, "geometry": {"type": "Point", "coordinates": [121.3693, 24.9391]}}, {"type": "Feature", "properties": {"name": "鶯歌高職", "address": "中正三路154號", "district": "鶯歌區", "capacity": "1513", "disaster_types": "水災,震災,土石流,海嘯", "indoor": "是", "outdoor": "是", "vulnerable_friendly": "否", "manager": "楊祚榮", "manager_phone": "02-26780202", "city": "new_taipei"}, "geometry": {"type": "Point", "coordinates": [121.335, 24.9393]}}, {"type": "Feature", "properties": {"name": "龍埔國小", "address": "大學路6號", "district": "三峽區", "capacity": "855", "disaster_types": "水災,震災,土石流,海嘯", "indoor": "是", "outdoor": "否", "vulnerable_friendly": "是", "manager": "王進添", "manager_phone": "26745666分機830", "city": "new_taipei"}, "geometry": {"type": "Point", "coordinates": [121.377883, 24.940679]}}, {"type": "Feature", "properties": {"name": "二橋國小", "address": "鶯歌區中正三路106號", "district": "鶯歌區", "capacity": "1284", "disaster_types": "水災,震災,土石流,海嘯", "indoor": "是", "outdoor": "是", "vulnerable_friendly": "否", "manager": "楊祚榮", "manager_phone": "02-26780202", "city": "new_taipei"}, "geometry": {"type": "Point", "coordinates": [121.3376, 24.9409]}}, {"type": "Feature", "properties": {"name": "新北市立尖山國民中學", "address": "鶯歌區國中街1號", "district": "鶯歌區", "capacity": "622", "disaster_types": "水災,震災,土石流,海嘯", "indoor": "是", "outdoor": "是", "vulnerable_friendly": "否", "manager": "楊祚榮", "manager_phone": "02-26780202", "city": "new_taipei"}, "geometry": {"type": "Point", "coordinates": [121.3422, 24.9437]}}, {"type": "Feature", "properties": {"name": "北大高中", "address": "大義路277號", "district": "三峽區", "capacity": "1122", "disaster_types": "水災,震災,土石流,海嘯", "indoor": "是", "outdoor": "是", "vulnerable_friendly": "是", "manager": "朱肇維", "manager_phone": "26742666分機600", "city": "new_taipei"}, "geometry": {"type": "Point", "coordinates": [121.376106, 24.948608]}}, {"type": "Feature", "properties": {"name": "桃子腳國民中小學", "address": "學勤路555號", "district": "樹林區", "capacity": "3155", "disaster_types": "震災,土石流,海嘯", "indoor": "是", "outdoor": "是", "vulnerable_friendly": "否", "manager": "事務組長高志偉", "manager_phone": "89703225#142", "city": "new_taipei"}, "geometry": {"type": "Point", "coordinates": [121.382973, 24.94923]}}, {"type": "Feature", "properties": {"name": "南靖里活動中心", "address": "鶯歌區文化路395號", "district": "鶯歌區", "capacity": "56", "disaster_types": "水災,土石流,海嘯", "indoor": "是", "outdoor": "否", "vulnerable_friendly": "是", "manager": "宋榮美", "manager_phone": "02-26780202", "city": "new_taipei"}, "geometry": {"type": "Point", "coordinates": [121.352776, 24.950284]}}, {"type": "Feature", "properties": {"name": "鶯歌國中", "address": "鶯歌區尖山埔路108號", "district": "鶯歌區", "capacity": "1093", "disaster_types": "水災,震災,土石流,海嘯", "indoor": "是", "outdoor": "是", "vulnerable_friendly": "否", "manager": "楊祚榮", "manager_phone": "02-26780202", "city": "new_taipei"}, "geometry": {"type": "Point", "coordinates": [121.3448, 24.9504]}}, {"type": "Feature", "properties": {"name": "新昇倉庫", "address": "大粗坑11之1號", "district": "坪林區", "capacity": "10", "disaster_types": "水災,震災,土石流,海嘯", "indoor": "是", "outdoor": "否", "vulnerable_friendly": "否", "manager": "徐瑄維", "manager_phone": "02-26657251#240", "city": "new_taipei"}, "geometry": {"type": "Point", "coordinates": [121.725304, 24.951077]}}, {"type": "Feature", "properties": {"name": "鶯歌國小", "address": "鶯歌區尖山埔路106號", "district": "鶯歌區", "capacity": "1501", "disaster_types": "水災,震災,土石流,海嘯", "indoor": "是", "outdoor": "是", "vulnerable_friendly": "否", "manager": "楊祚榮", "manager_phone": "02-26780202", "city": "new_taipei"}, "geometry": {"type": "Point", "coordinates": [121.3458, 24.9512]}}, {"type": "Feature", "properties": {"name": "雙峰國小", "address": "新北市新店區北宜路三段66號", "district": "新店區", "capacity": "255", "disaster_types": "水災,土石流", "indoor": "是", "outdoor": "是", "vulnerable_friendly": "否", "manager": "吳英同", "manager_phone": "02-29112281#1209", "city": "new_taipei"}, "geometry": {"type": "Point", "coordinates": [121.5755, 24.9515]}}, {"type": "Feature", "properties": {"name": "景文科技大學", "address": "新北市新店區安忠路99號", "district": "新店區", "capacity": "1855", "disaster_types": "水災,震災,土石流", "indoor": "是", "outdoor": "是", "vulnerable_friendly": "否", "manager": "吳英同", "manager_phone": "02-29112281#1209", "city": "new_taipei"}, "geometry": {"type": "Point", "coordinates": [121.5093, 24.952]}}, {"type": "Feature", "properties": {"name": "雙城國小", "address": "台北縣新店市安康路三段322號", "district": "新店區", "capacity": "399", "disaster_types": "水災,震災", "indoor": "是", "outdoor": "是", "vulnerable_friendly": "否", "manager": "吳英同", "manager_phone": "02-29112281#1209", "city": "new_taipei"}, "geometry": {"type": "Point", "coordinates": [121.4865, 24.9521]}}, {"type": "Feature", "properties": {"name": "祖田市民活動中心", "address": "中央路4段285號2樓", "district": "土城區", "capacity": "50", "disaster_types": "水災,土石流", "indoor": "是", "outdoor": "否", "vulnerable_friendly": "否", "manager": "呂惠美", "manager_phone": "02-22675698", "city": "new_taipei"}, "geometry": {"type": "Point", "coordinates": [121.411937, 24.952776]}}, {"type": "Feature", "properties": {"name": "新店國小", "address": "新北市新店區新店路2號", "district": "新店區", "capacity": "1795", "disaster_types": "水災,震災,土石流", "indoor": "是", "outdoor": "是", "vulnerable_friendly": "否", "manager": "吳英同", "manager_phone": "02-29112281#1209", "city": "new_taipei"}, "geometry": {"type": "Point", "coordinates": [121.5402, 24.9529]}}, {"type": "Feature", "properties": {"name": "青潭國小", "address": "新北市新店區北宜路二段80號", "district": "新店區", "capacity": "203", "disaster_types": "水災,震災", "indoor": "是", "outdoor": "是", "vulnerable_friendly": "否", "manager": "吳英同", "manager_phone": "02-29112281#1209", "city": "new_taipei"}, "geometry": {"type": "Point", "coordinates": [121.5523, 24.9531]}}, {"type": "Feature", "properties": {"name": "雲海國小", "address": "坑內1號", "district": "石碇區", "capacity": "299", "disaster_types": "水災,震災,土石流,海嘯", "indoor": "是", "outdoor": "是", "vulnerable_friendly": "是", "manager": "鄭淳文/李沛瑩", "manager_phone": "02-26651715#14/#16", "city": "new_taipei"}, "geometry": {"type": "Point", "coordinates": [121.637, 24.9533]}}, {"type": "Feature", "properties": {"name": "達觀國民中小學", "address": "僑信路1號", "district": "新店區", "capacity": "407", "disaster_types": "水災,土石流", "indoor": "是", "outdoor": "是", "vulnerable_friendly": "否", "manager": "吳英同", "manager_phone": "02-29112281#1209", "city": "new_taipei"}, "geometry": {"type": "Point", "coordinates": [121.49998, 24.95362]}}, {"type": "Feature", "properties": {"name": "雙城活動中心", "address": "新北市新店區安康路3段2號5樓", "district": "新店區", "capacity": "132", "disaster_types": "水災,土石流", "indoor": "是", "outdoor": "否", "vulnerable_friendly": "否", "manager": "吳英同", "manager_phone": "02-29112281#1209", "city": "new_taipei"}, "geometry": {"type": "Point", "coordinates": [121.4937, 24.9538]}}, {"type": "Feature", "properties": {"name": "柑園國中", "address": "柑園街二段125號", "district": "樹林區", "capacity": "1238", "disaster_types": "水災,震災,土石流", "indoor": "是", "outdoor": "是", "vulnerable_friendly": "否", "manager": "事務組長林俐吟", "manager_phone": "26801958轉205", "city": "new_taipei"}, "geometry": {"type": "Point", "coordinates": [121.384115, 24.95474]}}, {"type": "Feature", "properties": {"name": "建國國小", "address": "鶯歌區育英街2號", "district": "鶯歌區", "capacity": "376", "disaster_types": "水災,震災,土石流,海嘯", "indoor": "是", "outdoor": "是", "vulnerable_friendly": "是", "manager": "楊祚榮", "manager_phone": "02-26780202", "city": "new_taipei"}, "geometry": {"type": "Point", "coordinates": [121.3461, 24.955]}}, {"type": "Feature", "properties": {"name": "樹梅嶺倉庫", "address": "樹梅嶺11號", "district": "坪林區", "capacity": "10", "disaster_types": "水災,震災,土石流,海嘯", "indoor": "是", "outdoor": "否", "vulnerable_friendly": "否", "manager": "徐瑄維", "manager_phone": "02-26657251#240", "city": "new_taipei"}, "geometry": {"type": "Point", "coordinates": [121.696956, 24.955382]}}, {"type": "Feature", "properties": {"name": "昌福國小", "address": "鶯歌區永明街22號", "district": "鶯歌區", "capacity": "1391", "disaster_types": "水災,震災,土石流,海嘯", "indoor": "是", "outdoor": "是", "vulnerable_friendly": "否", "manager": "楊祚榮", "manager_phone": "02-26780202", "city": "new_taipei"}, "geometry": {"type": "Point", "coordinates": [121.3392, 24.9556]}}, {"type": "Feature", "properties": {"name": "北鶯里活動中心", "address": "仁愛路55號", "district": "鶯歌區", "capacity": "37", "disaster_types": "水災,震災,土石流,海嘯", "indoor": "是", "outdoor": "否", "vulnerable_friendly": "是", "manager": "楊祚榮", "manager_phone": "02-26780202", "city": "new_taipei"}, "geometry": {"type": "Point", "coordinates": [121.354434, 24.955861]}}, {"type": "Feature", "properties": {"name": "頂埔國小", "address": "中央路4段205號", "district": "土城區", "capacity": "873", "disaster_types": "水災,震災,土石流,海嘯", "indoor": "是", "outdoor": "是", "vulnerable_friendly": "是", "manager": "劉志峰", "manager_phone": "02-22686800-830", "city": "new_taipei"}, "geometry": {"type": "Point", "coordinates": [121.414403, 24.95623]}}, {"type": "Feature", "properties": {"name": "柑園國小", "address": "柑園街一段353號", "district": "樹林區", "capacity": "467", "disaster_types": "震災,土石流,海嘯", "indoor": "是", "outdoor": "是", "vulnerable_friendly": "否", "manager": "事務組長周憲昆", "manager_phone": "26802507#232", "city": "new_taipei"}, "geometry": {"type": "Point", "coordinates": [121.389362, 24.956328]}}, {"type": "Feature", "properties": {"name": "文山國中", "address": "新北市新店區文中路38號", "district": "新店區", "capacity": "703", "disaster_types": "水災,震災,土石流", "indoor": "是", "outdoor": "是", "vulnerable_friendly": "否", "manager": "吳英同", "manager_phone": "02-29112281#1209", "city": "new_taipei"}, "geometry": {"type": "Point", "coordinates": [121.5392, 24.9567]}}, {"type": "Feature", "properties": {"name": "能仁家商", "address": "新北市新店區文中路53巷10號", "district": "新店區", "capacity": "1373", "disaster_types": "水災,震災", "indoor": "是", "outdoor": "是", "vulnerable_friendly": "否", "manager": "吳英同", "manager_phone": "02-29112281#1209", "city": "new_taipei"}, "geometry": {"type": "Point", "coordinates": [121.5404, 24.9569]}}, {"type": "Feature", "properties": {"name": "西鶯里活動中心", "address": "中正一路203號", "district": "鶯歌區", "capacity": "207", "disaster_types": "水災,震災,土石流,海嘯", "indoor": "是", "outdoor": "否", "vulnerable_friendly": "是", "manager": "楊祚榮", "manager_phone": "02-26780202", "city": "new_taipei"}, "geometry": {"type": "Point", "coordinates": [121.3536, 24.9572]}}, {"type": "Feature", "properties": {"name": "文中廣明活動中心", "address": "新北市新店區北宜路一段39巷32號", "district": "新店區", "capacity": "45", "disaster_types": "水災,土石流", "indoor": "是", "outdoor": "否", "vulnerable_friendly": "否", "manager": "吳英同", "manager_phone": "02-29112281#1209", "city": "new_taipei"}, "geometry": {"type": "Point", "coordinates": [121.5399, 24.9577]}}, {"type": "Feature", "properties": {"name": "永吉國小", "address": "鶯歌區德昌二街2號", "district": "鶯歌區", "capacity": "440", "disaster_types": "水災,震災,土石流,海嘯", "indoor": "是", "outdoor": "是", "vulnerable_friendly": "是", "manager": "楊祚榮", "manager_phone": "02-26780202", "city": "new_taipei"}, "geometry": {"type": "Point", "coordinates": [121.3329, 24.9588]}}, {"type": "Feature", "properties": {"name": "頂埔市民活動中心", "address": "中央路4段55-12號", "district": "土城區", "capacity": "60", "disaster_types": "水災,震災,土石流,海嘯", "indoor": "是", "outdoor": "否", "vulnerable_friendly": "是", "manager": "林忠謀", "manager_phone": "02-22678936", "city": "new_taipei"}, "geometry": {"type": "Point", "coordinates": [121.417311, 24.958966]}}, {"type": "Feature", "properties": {"name": "新北市坪林區坪林國小漁光校區", "address": "大舌湖35號", "district": "坪林區", "capacity": "62", "disaster_types": "水災,震災,土石流,海嘯", "indoor": "是", "outdoor": "是", "vulnerable_friendly": "是", "manager": "吳志?", "manager_phone": "02-26656213#13", "city": "new_taipei"}, "geometry": {"type": "Point", "coordinates": [121.746242, 24.959584]}}, {"type": "Feature", "properties": {"name": "頂城市民活動中心", "address": "新北市新店區安康路一段9-1號", "district": "新店區", "capacity": "119", "disaster_types": "震災,土石流,海嘯", "indoor": "是", "outdoor": "否", "vulnerable_friendly": "否", "manager": "吳英同", "manager_phone": "29112281#1209", "city": "new_taipei"}, "geometry": {"type": "Point", "coordinates": [121.532147, 24.960733]}}, {"type": "Feature", "properties": {"name": "永寧市民活動中心", "address": "永寧路32巷10弄10號", "district": "土城區", "capacity": "30", "disaster_types": "水災,土石流,海嘯", "indoor": "是", "outdoor": "否", "vulnerable_friendly": "是", "manager": "周清芳", "manager_phone": "02-22696053", "city": "new_taipei"}, "geometry": {"type": "Point", "coordinates": [121.42864, 24.961098]}}, {"type": "Feature", "properties": {"name": "安坑國小", "address": "新北市新店區安忠路36號", "district": "新店區", "capacity": "901", "disaster_types": "水災,震災,土石流", "indoor": "是", "outdoor": "是", "vulnerable_friendly": "否", "manager": "吳英同", "manager_phone": "02-291122811#1209", "city": "new_taipei"}, "geometry": {"type": "Point", "coordinates": [121.5142, 24.9613]}}, {"type": "Feature", "properties": {"name": "土城國中", "address": "永寧路18號", "district": "土城區", "capacity": "1384", "disaster_types": "水災,震災,土石流,海嘯", "indoor": "是", "outdoor": "否", "vulnerable_friendly": "是", "manager": "劉明志", "manager_phone": "02-22675135-401", "city": "new_taipei"}, "geometry": {"type": "Point", "coordinates": [121.430192, 24.962522]}}, {"type": "Feature", "properties": {"name": "沛陂市民活動中心", "address": "三民路23巷8弄9號", "district": "土城區", "capacity": "50", "disaster_types": "水災,震災,土石流", "indoor": "是", "outdoor": "否", "vulnerable_friendly": "是", "manager": "林阿城", "manager_phone": "02-22681535", "city": "new_taipei"}, "geometry": {"type": "Point", "coordinates": [121.419474, 24.963872]}}, {"type": "Feature", "properties": {"name": "及人高中", "address": "新北市新店區安興路1號", "district": "新店區", "capacity": "2774", "disaster_types": "水災,震災,土石流", "indoor": "是", "outdoor": "是", "vulnerable_friendly": "否", "manager": "吳英同", "manager_phone": "02-291122811209", "city": "new_taipei"}, "geometry": {"type": "Point", "coordinates": [121.5149, 24.9663]}}, {"type": "Feature", "properties": {"name": "五峰國中", "address": "新北市新店區中興路一段253號", "district": "新店區", "capacity": "1103", "disaster_types": "水災,震災,土石流", "indoor": "是", "outdoor": "是", "vulnerable_friendly": "否", "manager": "吳英同", "manager_phone": "02-29112281#1209", "city": "new_taipei"}, "geometry": {"type": "Point", "coordinates": [121.544, 24.9664]}}, {"type": "Feature", "properties": {"name": "鳳鳴國中", "address": "鶯歌區永和街33號", "district": "鶯歌區", "capacity": "527", "disaster_types": "水災,震災,土石流,海嘯", "indoor": "是", "outdoor": "是", "vulnerable_friendly": "否", "manager": "楊祚榮", "manager_phone": "02-26780202", "city": "new_taipei"}, "geometry": {"type": "Point", "coordinates": [121.3318, 24.9671]}}, {"type": "Feature", "properties": {"name": "安康高中", "address": "新北市新店區安興路25號", "district": "新店區", "capacity": "1119", "disaster_types": "水災,震災,土石流", "indoor": "是", "outdoor": "是", "vulnerable_friendly": "否", "manager": "吳英同", "manager_phone": "02-29112281#1209", "city": "new_taipei"}, "geometry": {"type": "Point", "coordinates": [121.5149, 24.9688]}}, {"type": "Feature", "properties": {"name": "鳳鳴國小", "address": "鶯歌區永和街120號", "district": "鶯歌區", "capacity": "342", "disaster_types": "水災,震災,土石流,海嘯", "indoor": "是", "outdoor": "是", "vulnerable_friendly": "是", "manager": "楊祚榮", "manager_phone": "02-26780202", "city": "new_taipei"}, "geometry": {"type": "Point", "coordinates": [121.3351, 24.9691]}}, {"type": "Feature", "properties": {"name": "育德國小", "address": "佳園路一段34號", "district": "樹林區", "capacity": "484", "disaster_types": "震災,土石流,海嘯", "indoor": "是", "outdoor": "是", "vulnerable_friendly": "否", "manager": "事務組長王心巧", "manager_phone": "26805557#131", "city": "new_taipei"}, "geometry": {"type": "Point", "coordinates": [121.392558, 24.971116]}}, {"type": "Feature", "properties": {"name": "中正國小", "address": "新北市新店區三民路３６號", "district": "新店區", "capacity": "1001", "disaster_types": "水災,震災,土石流", "indoor": "是", "outdoor": "是", "vulnerable_friendly": "否", "manager": "吳英同", "manager_phone": "02-29112281#1209", "city": "new_taipei"}, "geometry": {"type": "Point", "coordinates": [121.5366, 24.9717]}}, {"type": "Feature", "properties": {"name": "崇光女中", "address": "新北市新店區三民路18號", "district": "新店區", "capacity": "522", "disaster_types": "水災,震災,土石流", "indoor": "是", "outdoor": "是", "vulnerable_friendly": "否", "manager": "吳英同", "manager_phone": "02-29112281#1209", "city": "new_taipei"}, "geometry": {"type": "Point", "coordinates": [121.5391, 24.9718]}}, {"type": "Feature", "properties": {"name": "土城國小", "address": "興城路17號", "district": "土城區", "capacity": "958", "disaster_types": "水災,震災,土石流,海嘯", "indoor": "是", "outdoor": "是", "vulnerable_friendly": "是", "manager": "趙麗玲", "manager_phone": "02-22700177-851", "city": "new_taipei"}, "geometry": {"type": "Point", "coordinates": [121.441935, 24.972383]}}, {"type": "Feature", "properties": {"name": "土城區公所", "address": "金城路1段101號7樓", "district": "土城區", "capacity": "162", "disaster_types": "水災,土石流,海嘯", "indoor": "是", "outdoor": "是", "vulnerable_friendly": "是", "manager": "楊麗涵", "manager_phone": "02-22732000-543", "city": "new_taipei"}, "geometry": {"type": "Point", "coordinates": [121.442873, 24.972533]}}, {"type": "Feature", "properties": {"name": "泰平里活動中心", "address": "溪尾寮46號", "district": "雙溪區", "capacity": "100", "disaster_types": "水災,震災,土石流", "indoor": "是", "outdoor": "否", "vulnerable_friendly": "否", "manager": "宋翔怡", "manager_phone": "02-24931111#124", "city": "new_taipei"}, "geometry": {"type": "Point", "coordinates": [121.827, 24.9727]}}, {"type": "Feature", "properties": {"name": "山佳市民活動中心", "address": "中山路三段40號2樓", "district": "樹林區", "capacity": "80", "disaster_types": "水災,震災,土石流,海嘯", "indoor": "是", "outdoor": "否", "vulnerable_friendly": "否", "manager": "游文瑩", "manager_phone": "02-26812106#1615", "city": "new_taipei"}, "geometry": {"type": "Point", "coordinates": [121.39436, 24.972721]}}, {"type": "Feature", "properties": {"name": "中湖里活動中心", "address": "中湖街25號", "district": "鶯歌區", "capacity": "119", "disaster_types": "水災,震災,土石流,海嘯", "indoor": "是", "outdoor": "否", "vulnerable_friendly": "否", "manager": "楊祚榮", "manager_phone": "02-26780202", "city": "new_taipei"}, "geometry": {"type": "Point", "coordinates": [121.3481, 24.973]}}, {"type": "Feature", "properties": {"name": "中湖國小", "address": "中湖街25號", "district": "鶯歌區", "capacity": "465", "disaster_types": "水災,震災,土石流,海嘯", "indoor": "是", "outdoor": "是", "vulnerable_friendly": "否", "manager": "楊祚榮", "manager_phone": "02-26780202", "city": "new_taipei"}, "geometry": {"type": "Point", "coordinates": [121.3481, 24.973]}}, {"type": "Feature", "properties": {"name": "北新國小", "address": "新北市新店區寶橋路8號", "district": "新店區", "capacity": "1737", "disaster_types": "水災,震災,土石流", "indoor": "是", "outdoor": "是", "vulnerable_friendly": "否", "manager": "吳英同", "manager_phone": "02-29112281#1209", "city": "new_taipei"}, "geometry": {"type": "Point", "coordinates": [121.5439, 24.9737]}}, {"type": "Feature", "properties": {"name": "清化市民活動中心", "address": "青雲路368號4樓", "district": "土城區", "capacity": "30", "disaster_types": "水災,土石流", "indoor": "是", "outdoor": "否", "vulnerable_friendly": "否", "manager": "袁慧如", "manager_phone": "02-22615380", "city": "new_taipei"}, "geometry": {"type": "Point", "coordinates": [121.458661, 24.973802]}}, {"type": "Feature", "properties": {"name": "清和市民活動中心", "address": "青雲路368號1樓", "district": "土城區", "capacity": "30", "disaster_types": "水災,震災,土石流", "indoor": "是", "outdoor": "否", "vulnerable_friendly": "是", "manager": "張源寶", "manager_phone": "02-22745669", "city": "new_taipei"}, "geometry": {"type": "Point", "coordinates": [121.458661, 24.973802]}}, {"type": "Feature", "properties": {"name": "樂山市民活動中心", "address": "中和街38號3樓", "district": "樹林區", "capacity": "61", "disaster_types": "水災,震災,土石流", "indoor": "是", "outdoor": "否", "vulnerable_friendly": "否", "manager": "江翊榕", "manager_phone": "26812106#1617", "city": "new_taipei"}, "geometry": {"type": "Point", "coordinates": [121.389871, 24.973944]}}, {"type": "Feature", "properties": {"name": "新店高中", "address": "新北市新店區中央路93號", "district": "新店區", "capacity": "1307", "disaster_types": "水災,震災,土石流", "indoor": "是", "outdoor": "是", "vulnerable_friendly": "否", "manager": "吳英同", "manager_phone": "02-29112281#1209", "city": "new_taipei"}, "geometry": {"type": "Point", "coordinates": [121.5318, 24.9756]}}, {"type": "Feature", "properties": {"name": "山佳國小", "address": "中山路三段5號", "district": "樹林區", "capacity": "654", "disaster_types": "水災,震災,土石流,海嘯", "indoor": "是", "outdoor": "是", "vulnerable_friendly": "否", "manager": "事務組長林清輝", "manager_phone": "26806673轉831", "city": "new_taipei"}, "geometry": {"type": "Point", "coordinates": [121.401678, 24.975774]}}, {"type": "Feature", "properties": {"name": "耕莘健康管理專科學校", "address": "新北市新店區民族路112號", "district": "新店區", "capacity": "87", "disaster_types": "水災,震災,土石流", "indoor": "是", "outdoor": "是", "vulnerable_friendly": "否", "manager": "吳英同", "manager_phone": "02-29112281#1209", "city": "new_taipei"}, "geometry": {"type": "Point", "coordinates": [121.5355, 24.9761]}}, {"type": "Feature", "properties": {"name": "指南國小", "address": "文山區指南路3段38巷5-2號", "district": "文山區", "capacity": "20", "disaster_types": "水災,震災", "indoor": "是", "outdoor": "否", "vulnerable_friendly": "否", "manager": "張心怡", "manager_phone": "02-29393546#21", "city": "taipei"}, "geometry": {"type": "Point", "coordinates": [121.5836, 24.9764]}}, {"type": "Feature", "properties": {"name": "大豐社福館", "address": "新北市新店區民族路110號", "district": "新店區", "capacity": "1540", "disaster_types": "水災,震災,土石流", "indoor": "是", "outdoor": "否", "vulnerable_friendly": "否", "manager": "吳英同", "manager_phone": "02-29112281#1209", "city": "new_taipei"}, "geometry": {"type": "Point", "coordinates": [121.5376, 24.9769]}}, {"type": "Feature", "properties": {"name": "大豐國小", "address": "新北市新店區23143民族路108號", "district": "新店區", "capacity": "5794", "disaster_types": "水災,震災,土石流", "indoor": "是", "outdoor": "是", "vulnerable_friendly": "否", "manager": "吳英同", "manager_phone": "02-29112281#1209", "city": "new_taipei"}, "geometry": {"type": "Point", "coordinates": [121.5382, 24.9776]}}, {"type": "Feature", "properties": {"name": "員林市民活動中心", "address": "員林街15號1樓", "district": "土城區", "capacity": "77", "disaster_types": "水災,震災,土石流", "indoor": "是", "outdoor": "否", "vulnerable_friendly": "否", "manager": "蔡黃地", "manager_phone": "02-22610593", "city": "new_taipei"}, "geometry": {"type": "Point", "coordinates": [121.442984, 24.978282]}}, {"type": "Feature", "properties": {"name": "竹林中學", "address": "中和區華新街143巷12號", "district": "中和區", "capacity": "430", "disaster_types": "水災,震災,土石流,海嘯", "indoor": "是", "outdoor": "是", "vulnerable_friendly": "是", "manager": "劉師政", "manager_phone": "02-22482688#286", "city": "new_taipei"}, "geometry": {"type": "Point", "coordinates": [121.506, 24.9799]}}, {"type": "Feature", "properties": {"name": "開明工商", "address": "新北市新店區寶中路49號", "district": "新店區", "capacity": "1945", "disaster_types": "水災,震災,土石流", "indoor": "是", "outdoor": "是", "vulnerable_friendly": "否", "manager": "吳英同", "manager_phone": "02-29112281#1209", "city": "new_taipei"}, "geometry": {"type": "Point", "coordinates": [121.5462, 24.98]}}, {"type": "Feature", "properties": {"name": "華梵大學于藝館3樓", "address": "華梵路1號", "district": "石碇區", "capacity": "100", "disaster_types": "水災,震災,土石流,海嘯", "indoor": "是", "outdoor": "是", "vulnerable_friendly": "是", "manager": "陳靜瑤/楊朝欽", "manager_phone": "02-26632102#2422/#2462", "city": "new_taipei"}, "geometry": {"type": "Point", "coordinates": [121.6921, 24.98]}}, {"type": "Feature", "properties": {"name": "青山市民活動中心", "address": "明德路1段74-1號1樓", "district": "土城區", "capacity": "18", "disaster_types": "水災,震災,土石流", "indoor": "是", "outdoor": "否", "vulnerable_friendly": "是", "manager": "姚韋華", "manager_phone": "02-22734192", "city": "new_taipei"}, "geometry": {"type": "Point", "coordinates": [121.464447, 24.98031]}}, {"type": "Feature", "properties": {"name": "永富市民活動中心", "address": "明德路1段74-1號2樓", "district": "土城區", "capacity": "25", "disaster_types": "水災,土石流", "indoor": "是", "outdoor": "否", "vulnerable_friendly": "否", "manager": "黃思儀", "manager_phone": "02-22644813", "city": "new_taipei"}, "geometry": {"type": "Point", "coordinates": [121.464447, 24.98031]}}, {"type": "Feature", "properties": {"name": "景美女中", "address": "文山區木新路3段312號", "district": "文山區", "capacity": "300", "disaster_types": "水災,震災", "indoor": "是", "outdoor": "否", "vulnerable_friendly": "否", "manager": "林宜德", "manager_phone": "02-29368847#201", "city": "taipei"}, "geometry": {"type": "Point", "coordinates": [121.5562, 24.9807]}}, {"type": "Feature", "properties": {"name": "廷寮市民活動中心", "address": "永豐路240-1號", "district": "土城區", "capacity": "80", "disaster_types": "水災,震災,土石流,海嘯", "indoor": "是", "outdoor": "否", "vulnerable_friendly": "是", "manager": "洪焜猛", "manager_phone": "02-22626089", "city": "new_taipei"}, "geometry": {"type": "Point", "coordinates": [121.467199, 24.980803]}}, {"type": "Feature", "properties": {"name": "南強工商", "address": "新北市新店區文化路42號", "district": "新店區", "capacity": "1132", "disaster_types": "水災,震災,土石流,海嘯", "indoor": "是", "outdoor": "是", "vulnerable_friendly": "否", "manager": "吳英同", "manager_phone": "02-29112281#1209", "city": "new_taipei"}, "geometry": {"type": "Point", "coordinates": [121.5448, 24.9809]}}, {"type": "Feature", "properties": {"name": "力行國小", "address": "文山區木新路3段155巷7號", "district": "文山區", "capacity": "30", "disaster_types": "水災,震災", "indoor": "是", "outdoor": "否", "vulnerable_friendly": "是", "manager": "吳阿理", "manager_phone": "02-29363995#821", "city": "taipei"}, "geometry": {"type": "Point", "coordinates": [121.561, 24.9809]}}, {"type": "Feature", "properties": {"name": "大同國小", "address": "大同街43號", "district": "樹林區", "capacity": "450", "disaster_types": "水災,震災,土石流,海嘯", "indoor": "是", "outdoor": "是", "vulnerable_friendly": "否", "manager": "事務組長沈炳育", "manager_phone": "86865486轉842", "city": "new_taipei"}, "geometry": {"type": "Point", "coordinates": [121.417421, 24.981493]}}, {"type": "Feature", "properties": {"name": "東陽市民活動中心", "address": "鎮前街467號", "district": "樹林區", "capacity": "78", "disaster_types": "震災,土石流,海嘯", "indoor": "是", "outdoor": "否", "vulnerable_friendly": "否", "manager": "何錦綢", "manager_phone": "02-26812106#1614", "city": "new_taipei"}, "geometry": {"type": "Point", "coordinates": [121.410902, 24.981593]}}, {"type": "Feature", "properties": {"name": "彭福國小", "address": "忠孝街30號", "district": "樹林區", "capacity": "1704", "disaster_types": "水災,震災,土石流,海嘯", "indoor": "是", "outdoor": "是", "vulnerable_friendly": "否", "manager": "事務祖長王鴻萍", "manager_phone": "86866589#803", "city": "new_taipei"}, "geometry": {"type": "Point", "coordinates": [121.42394, 24.981755]}}, {"type": "Feature", "properties": {"name": "清水高中", "address": "明德路1段72號", "district": "土城區", "capacity": "1033", "disaster_types": "水災,震災,土石流,海嘯", "indoor": "是", "outdoor": "是", "vulnerable_friendly": "是", "manager": "林呈隆", "manager_phone": "02-22707801-400", "city": "new_taipei"}, "geometry": {"type": "Point", "coordinates": [121.465311, 24.982013]}}, {"type": "Feature", "properties": {"name": "華夏科技大學", "address": "中和區工專路111號", "district": "中和區", "capacity": "1447", "disaster_types": "水災,震災,土石流,海嘯", "indoor": "是", "outdoor": "是", "vulnerable_friendly": "是", "manager": "劉師政", "manager_phone": "02-22482688＃286", "city": "new_taipei"}, "geometry": {"type": "Point", "coordinates": [121.5076, 24.9822]}}, {"type": "Feature", "properties": {"name": "青雲,柑林市民活動中心", "address": "清水路141巷18號B1", "district": "土城區", "capacity": "50", "disaster_types": "土石流", "indoor": "是", "outdoor": "否", "vulnerable_friendly": "否", "manager": "廖特青 張育誠", "manager_phone": "02-22659858 02-22736647", "city": "new_taipei"}, "geometry": {"type": "Point", "coordinates": [121.458501, 24.98237]}}, {"type": "Feature", "properties": {"name": "裕德高中", "address": "擺接堡路1號", "district": "土城區", "capacity": "975", "disaster_types": "水災,震災,土石流,海嘯", "indoor": "是", "outdoor": "是", "vulnerable_friendly": "是", "manager": "簡嘉良", "manager_phone": "02-82617889-225", "city": "new_taipei"}, "geometry": {"type": "Point", "coordinates": [121.439585, 24.982977]}}, {"type": "Feature", "properties": {"name": "新北高工", "address": "學府路1段241號", "district": "土城區", "capacity": "2785", "disaster_types": "水災,震災,土石流,海嘯", "indoor": "是", "outdoor": "是", "vulnerable_friendly": "是", "manager": "洪儒", "manager_phone": "02-22612483-30", "city": "new_taipei"}, "geometry": {"type": "Point", "coordinates": [121.45038, 24.983308]}}, {"type": "Feature", "properties": {"name": "實踐國中", "address": "文山區辛亥路7段67號", "district": "文山區", "capacity": "300", "disaster_types": "水災,震災", "indoor": "是", "outdoor": "否", "vulnerable_friendly": "否", "manager": "吳佳晉", "manager_phone": "02-22362852#150", "city": "taipei"}, "geometry": {"type": "Point", "coordinates": [121.5547, 24.9834]}}, {"type": "Feature", "properties": {"name": "中正國中", "address": "金城路2段247號", "district": "土城區", "capacity": "415", "disaster_types": "水災,震災,土石流,海嘯", "indoor": "是", "outdoor": "是", "vulnerable_friendly": "是", "manager": "林碧文", "manager_phone": "02-22628456-815", "city": "new_taipei"}, "geometry": {"type": "Point", "coordinates": [121.456842, 24.983456]}}, {"type": "Feature", "properties": {"name": "樹林高級中學", "address": "中華路8號", "district": "樹林區", "capacity": "1404", "disaster_types": "震災,土石流,海嘯", "indoor": "是", "outdoor": "是", "vulnerable_friendly": "否", "manager": "總務主任林浩吉", "manager_phone": "86852011#2112", "city": "new_taipei"}, "geometry": {"type": "Point", "coordinates": [121.422804, 24.983502]}}, {"type": "Feature", "properties": {"name": "實踐國小", "address": "文山區忠順街1段4號", "district": "文山區", "capacity": "75", "disaster_types": "水災,震災", "indoor": "是", "outdoor": "否", "vulnerable_friendly": "否", "manager": "蔡宗儒", "manager_phone": "02-29360725#140", "city": "taipei"}, "geometry": {"type": "Point", "coordinates": [121.5575, 24.9836]}}, {"type": "Feature", "properties": {"name": "東昇市民活動中心", "address": "中山路二段80號2樓", "district": "樹林區", "capacity": "214", "disaster_types": "水災,震災,土石流,海嘯", "indoor": "是", "outdoor": "否", "vulnerable_friendly": "否", "manager": "陳雅晴", "manager_phone": "02-268121061613", "city": "new_taipei"}, "geometry": {"type": "Point", "coordinates": [121.415159, 24.984222]}}, {"type": "Feature", "properties": {"name": "清水國小", "address": "金城路2段356號", "district": "土城區", "capacity": "597", "disaster_types": "水災,震災,土石流,海嘯", "indoor": "是", "outdoor": "是", "vulnerable_friendly": "是", "manager": "劉員池", "manager_phone": "02-22618316-401", "city": "new_taipei"}, "geometry": {"type": "Point", "coordinates": [121.461508, 24.984402]}}, {"type": "Feature", "properties": {"name": "新和國小", "address": "新店市安和路三段100號", "district": "新店區", "capacity": "648", "disaster_types": "水災,震災,土石流", "indoor": "是", "outdoor": "是", "vulnerable_friendly": "否", "manager": "吳英同", "manager_phone": "02-29112281#1209", "city": "new_taipei"}, "geometry": {"type": "Point", "coordinates": [121.5182, 24.9846]}}, {"type": "Feature", "properties": {"name": "北政國中", "address": "臺北市文山區指南路3段2巷14號", "district": "文山區", "capacity": "20", "disaster_types": "水災,震災", "indoor": "是", "outdoor": "否", "vulnerable_friendly": "否", "manager": "陳友城", "manager_phone": "29393651#51", "city": "taipei"}, "geometry": {"type": "Point", "coordinates": [121.5783, 24.9849]}}, {"type": "Feature", "properties": {"name": "樂利國小", "address": "裕生路65號", "district": "土城區", "capacity": "1168", "disaster_types": "水災,震災,土石流,海嘯", "indoor": "是", "outdoor": "是", "vulnerable_friendly": "是", "manager": "李明憲", "manager_phone": "02-22662568-831", "city": "new_taipei"}, "geometry": {"type": "Point", "coordinates": [121.447559, 24.985602]}}, {"type": "Feature", "properties": {"name": "莊敬工家", "address": "新北市新店區民生路45號", "district": "新店區", "capacity": "8362", "disaster_types": "水災,震災,土石流", "indoor": "是", "outdoor": "否", "vulnerable_friendly": "否", "manager": "吳英同", "manager_phone": "02-29112281#1209", "city": "new_taipei"}, "geometry": {"type": "Point", "coordinates": [121.5322, 24.9858]}}, {"type": "Feature", "properties": {"name": "廣興市民活動中心", "address": "學府路一段99巷底2樓", "district": "土城區", "capacity": "50", "disaster_types": "水災,土石流", "indoor": "是", "outdoor": "否", "vulnerable_friendly": "否", "manager": "張淑玲", "manager_phone": "02-22625088", "city": "new_taipei"}, "geometry": {"type": "Point", "coordinates": [121.457766, 24.985909]}}, {"type": "Feature", "properties": {"name": "廣福市民活動中心", "address": "學府路一段99巷底1樓", "district": "土城區", "capacity": "50", "disaster_types": "水災,震災,土石流", "indoor": "是", "outdoor": "否", "vulnerable_friendly": "是", "manager": "丁科秀", "manager_phone": "02-22629394", "city": "new_taipei"}, "geometry": {"type": "Point", "coordinates": [121.457766, 24.985909]}}, {"type": "Feature", "properties": {"name": "育林國小", "address": "復興路395號", "district": "樹林區", "capacity": "135", "disaster_types": "水災,震災,土石流,海嘯", "indoor": "是", "outdoor": "是", "vulnerable_friendly": "否", "manager": "事務組長 杜炳倫", "manager_phone": "26832112#303", "city": "new_taipei"}, "geometry": {"type": "Point", "coordinates": [121.415677, 24.986051]}}, {"type": "Feature", "properties": {"name": "育林國中", "address": "復興路395號", "district": "樹林區", "capacity": "574", "disaster_types": "水災,震災,土石流,海嘯", "indoor": "是", "outdoor": "是", "vulnerable_friendly": "否", "manager": "事務組長潘怡娟", "manager_phone": "26841160#122", "city": "new_taipei"}, "geometry": {"type": "Point", "coordinates": [121.415677, 24.986051]}}, {"type": "Feature", "properties": {"name": "中和國中", "address": "中和區興南路2段3巷17號", "district": "中和區", "capacity": "2649", "disaster_types": "水災,震災,土石流,海嘯", "indoor": "是", "outdoor": "是", "vulnerable_friendly": "是", "manager": "劉師政", "manager_phone": "02-22482688＃286", "city": "new_taipei"}, "geometry": {"type": "Point", "coordinates": [121.5085, 24.9862]}}, {"type": "Feature", "properties": {"name": "興南國小", "address": "中和區興南路1段135巷24號", "district": "中和區", "capacity": "1278", "disaster_types": "水災,震災,土石流,海嘯", "indoor": "是", "outdoor": "是", "vulnerable_friendly": "是", "manager": "劉師政", "manager_phone": "02-22482688#286", "city": "new_taipei"}, "geometry": {"type": "Point", "coordinates": [121.5091, 24.9867]}}, {"type": "Feature", "properties": {"name": "廣福國小", "address": "學府路1段127號", "district": "土城區", "capacity": "608", "disaster_types": "水災,震災,土石流,海嘯", "indoor": "是", "outdoor": "是", "vulnerable_friendly": "是", "manager": "施杰翰", "manager_phone": "02-22626782-100", "city": "new_taipei"}, "geometry": {"type": "Point", "coordinates": [121.454896, 24.986953]}}, {"type": "Feature", "properties": {"name": "溪洲國小", "address": "金門街289號", "district": "板橋區", "capacity": "1021", "disaster_types": "震災,土石流,海嘯", "indoor": "是", "outdoor": "是", "vulnerable_friendly": "否", "manager": "謝瀚頡組長", "manager_phone": "2686770551", "city": "new_taipei"}, "geometry": {"type": "Point", "coordinates": [121.4309, 24.9873]}}, {"type": "Feature", "properties": {"name": "明道國小", "address": "文山區木柵路2段138巷61號", "district": "文山區", "capacity": "42", "disaster_types": "水災,震災", "indoor": "是", "outdoor": "否", "vulnerable_friendly": "否", "manager": "莊文玲", "manager_phone": "02-29392821#14", "city": "taipei"}, "geometry": {"type": "Point", "coordinates": [121.5626, 24.9874]}}, {"type": "Feature", "properties": {"name": "木柵國中", "address": "文山區木柵路3段102巷12號", "district": "文山區", "capacity": "30", "disaster_types": "水災,震災", "indoor": "是", "outdoor": "否", "vulnerable_friendly": "是", "manager": "余鎮遠", "manager_phone": "02-29393031#600", "city": "taipei"}, "geometry": {"type": "Point", "coordinates": [121.5677, 24.9875]}}, {"type": "Feature", "properties": {"name": "永建國小", "address": "文山區試院路2號", "district": "文山區", "capacity": "30", "disaster_types": "水災,震災", "indoor": "是", "outdoor": "否", "vulnerable_friendly": "是", "manager": "陳佳雯", "manager_phone": "02-22363855#125", "city": "taipei"}, "geometry": {"type": "Point", "coordinates": [121.55, 24.9876]}}, {"type": "Feature", "properties": {"name": "安和國小", "address": "延和路23號", "district": "土城區", "capacity": "2293", "disaster_types": "水災,震災,土石流,海嘯", "indoor": "是", "outdoor": "是", "vulnerable_friendly": "是", "manager": "黃富聰", "manager_phone": "02-22603451-131", "city": "new_taipei"}, "geometry": {"type": "Point", "coordinates": [121.464774, 24.988807]}}, {"type": "Feature", "properties": {"name": "景新國小", "address": "中和區景新街467巷37號", "district": "中和區", "capacity": "897", "disaster_types": "水災,震災,土石流,海嘯", "indoor": "是", "outdoor": "是", "vulnerable_friendly": "是", "manager": "劉師政", "manager_phone": "02-22482688＃286", "city": "new_taipei"}, "geometry": {"type": "Point", "coordinates": [121.515, 24.9893]}}, {"type": "Feature", "properties": {"name": "景美國小", "address": "文山區景文街108號", "district": "文山區", "capacity": "74", "disaster_types": "水災,震災", "indoor": "是", "outdoor": "否", "vulnerable_friendly": "是", "manager": "莊琬婷", "manager_phone": "02-29322151#130", "city": "taipei"}, "geometry": {"type": "Point", "coordinates": [121.5408, 24.9895]}}, {"type": "Feature", "properties": {"name": "復興國小", "address": "中和區復興路301巷6號", "district": "中和區", "capacity": "946", "disaster_types": "水災,土石流,海嘯", "indoor": "是", "outdoor": "是", "vulnerable_friendly": "否", "manager": "劉師政", "manager_phone": "02-22482688＃286", "city": "new_taipei"}, "geometry": {"type": "Point", "coordinates": [121.5019, 24.9896]}}, {"type": "Feature", "properties": {"name": "行政中心大禮堂", "address": "臺北市木柵路3段220號10樓", "district": "文山區", "capacity": "60", "disaster_types": "水災,震災", "indoor": "是", "outdoor": "否", "vulnerable_friendly": "否", "manager": "周如倩", "manager_phone": "29365522#324", "city": "taipei"}, "geometry": {"type": "Point", "coordinates": [121.5701, 24.9896]}}, {"type": "Feature", "properties": {"name": "沙崙國小", "address": "篤行路二段132號", "district": "板橋區", "capacity": "1692", "disaster_types": "震災", "indoor": "是", "outdoor": "是", "vulnerable_friendly": "否", "manager": "王亭雅組長", "manager_phone": "26812764832", "city": "new_taipei"}, "geometry": {"type": "Point", "coordinates": [121.4305, 24.9897]}}, {"type": "Feature", "properties": {"name": "復興大樓圖書館", "address": "南山路236號6樓", "district": "中和區", "capacity": "25", "disaster_types": "水災,震災,土石流,海嘯", "indoor": "是", "outdoor": "否", "vulnerable_friendly": "是", "manager": "劉師政", "manager_phone": "02-22482688#286", "city": "new_taipei"}, "geometry": {"type": "Point", "coordinates": [121.5065, 24.9897]}}, {"type": "Feature", "properties": {"name": "樹林區公所", "address": "鎮前街93號", "district": "樹林區", "capacity": "215", "disaster_types": "水災,震災,土石流", "indoor": "是", "outdoor": "否", "vulnerable_friendly": "是", "manager": "社會人文課長 童冠璋", "manager_phone": "02-26812106#1606", "city": "new_taipei"}, "geometry": {"type": "Point", "coordinates": [121.424633, 24.989981]}}, {"type": "Feature", "properties": {"name": "樹林國小", "address": "育英街176號", "district": "樹林區", "capacity": "304", "disaster_types": "水災,震災,土石流,海嘯", "indoor": "是", "outdoor": "是", "vulnerable_friendly": "否", "manager": "事務組長黃奎瑋", "manager_phone": "26812014轉832", "city": "new_taipei"}, "geometry": {"type": "Point", "coordinates": [121.418101, 24.99003]}}, {"type": "Feature", "properties": {"name": "錦和國小", "address": "中和區圓通路292號", "district": "中和區", "capacity": "1173", "disaster_types": "水災,震災,土石流,海嘯", "indoor": "是", "outdoor": "是", "vulnerable_friendly": "是", "manager": "劉師政", "manager_phone": "02-22482688#286", "city": "new_taipei"}, "geometry": {"type": "Point", "coordinates": [121.4893, 24.9901]}}, {"type": "Feature", "properties": {"name": "木柵國小", "address": "文山區木柵路3段191號", "district": "文山區", "capacity": "155", "disaster_types": "水災,震災", "indoor": "是", "outdoor": "否", "vulnerable_friendly": "否", "manager": "林光媚", "manager_phone": "02-29391234#130", "city": "taipei"}, "geometry": {"type": "Point", "coordinates": [121.5702, 24.9903]}}, {"type": "Feature", "properties": {"name": "石碇國小", "address": "石碇西街15號", "district": "石碇區", "capacity": "109", "disaster_types": "水災,震災,土石流,海嘯", "indoor": "是", "outdoor": "是", "vulnerable_friendly": "是", "manager": "李炳坤/李玳辰", "manager_phone": "02-26631244#13/#29", "city": "new_taipei"}, "geometry": {"type": "Point", "coordinates": [121.659, 24.9903]}}, {"type": "Feature", "properties": {"name": "萬興國小", "address": "文山區秀明路2段114號", "district": "文山區", "capacity": "125", "disaster_types": "水災,震災", "indoor": "是", "outdoor": "否", "vulnerable_friendly": "是", "manager": "錢宜黎", "manager_phone": "02-29381721#131", "city": "taipei"}, "geometry": {"type": "Point", "coordinates": [121.5766, 24.9904]}}, {"type": "Feature", "properties": {"name": "信義國小", "address": "四川路二段245巷60號", "district": "板橋區", "capacity": "1024", "disaster_types": "震災", "indoor": "是", "outdoor": "是", "vulnerable_friendly": "否", "manager": "郭逸涵組長", "manager_phone": "89667817122", "city": "new_taipei"}, "geometry": {"type": "Point", "coordinates": [121.4528, 24.9917]}}, {"type": "Feature", "properties": {"name": "錦和中學", "address": "中和區錦和路163號", "district": "中和區", "capacity": "2543", "disaster_types": "水災,震災,土石流,海嘯", "indoor": "是", "outdoor": "是", "vulnerable_friendly": "是", "manager": "劉師政", "manager_phone": "02-22482688＃286", "city": "new_taipei"}, "geometry": {"type": "Point", "coordinates": [121.4911, 24.9925]}}, {"type": "Feature", "properties": {"name": "景美國中", "address": "文山區景中街27號", "district": "文山區", "capacity": "80", "disaster_types": "水災,震災", "indoor": "是", "outdoor": "否", "vulnerable_friendly": "否", "manager": "張光耀", "manager_phone": "02-89353130#501", "city": "taipei"}, "geometry": {"type": "Point", "coordinates": [121.5429, 24.993]}}, {"type": "Feature", "properties": {"name": "中和高中", "address": "中和區連城路460號", "district": "中和區", "capacity": "2072", "disaster_types": "水災,震災,土石流,海嘯", "indoor": "是", "outdoor": "是", "vulnerable_friendly": "否", "manager": "劉師政", "manager_phone": "02-22482688#286", "city": "new_taipei"}, "geometry": {"type": "Point", "coordinates": [121.4783, 24.994]}}, {"type": "Feature", "properties": {"name": "溪口國小", "address": "文山區景福街225號", "district": "文山區", "capacity": "90", "disaster_types": "水災,震災", "indoor": "是", "outdoor": "否", "vulnerable_friendly": "是", "manager": "劉家森", "manager_phone": "29350955＃715", "city": "taipei"}, "geometry": {"type": "Point", "coordinates": [121.5387, 24.9941]}}, {"type": "Feature", "properties": {"name": "秀山國小", "address": "中和區立人街2號", "district": "中和區", "capacity": "4228", "disaster_types": "水災,震災,土石流,海嘯", "indoor": "是", "outdoor": "是", "vulnerable_friendly": "是", "manager": "劉師政", "manager_phone": "02-22482688＃286", "city": "new_taipei"}, "geometry": {"type": "Point", "coordinates": [121.5212, 24.9942]}}, {"type": "Feature", "properties": {"name": "重慶國小", "address": "廣和街31號", "district": "板橋區", "capacity": "2135", "disaster_types": "水災,震災,土石流,海嘯", "indoor": "是", "outdoor": "是", "vulnerable_friendly": "否", "manager": "方素英組長", "manager_phone": "29565592305", "city": "new_taipei"}, "geometry": {"type": "Point", "coordinates": [121.4624, 24.9945]}}, {"type": "Feature", "properties": {"name": "景華公園", "address": "臺北市文山區景興路與景華街交叉口", "district": "文山區", "capacity": "1350", "disaster_types": "震災", "indoor": "否", "outdoor": "是", "vulnerable_friendly": "是", "manager": "高奕翔", "manager_phone": "2788-4255", "city": "taipei"}, "geometry": {"type": "Point", "coordinates": [121.5446, 24.9956]}}, {"type": "Feature", "properties": {"name": "智光商工", "address": "永和區智光里中正路100號", "district": "永和區", "capacity": "722", "disaster_types": "震災,土石流,海嘯", "indoor": "是", "outdoor": "是", "vulnerable_friendly": "否", "manager": "張傳奇", "manager_phone": "29432491#220", "city": "new_taipei"}, "geometry": {"type": "Point", "coordinates": [121.5143, 24.9957]}}, {"type": "Feature", "properties": {"name": "木柵高工", "address": "文山區木柵路4段77號", "district": "文山區", "capacity": "169", "disaster_types": "水災,震災", "indoor": "是", "outdoor": "否", "vulnerable_friendly": "否", "manager": "蔡明雄", "manager_phone": "02-22300506#601", "city": "taipei"}, "geometry": {"type": "Point", "coordinates": [121.5719, 24.9959]}}, {"type": "Feature", "properties": {"name": "景興國小", "address": "文山區景華街150巷21號", "district": "文山區", "capacity": "126", "disaster_types": "水災,震災", "indoor": "是", "outdoor": "否", "vulnerable_friendly": "否", "manager": "張郁敏", "manager_phone": "02-29329438#41", "city": "taipei"}, "geometry": {"type": "Point", "coordinates": [121.5482, 24.9961]}}, {"type": "Feature", "properties": {"name": "景興國中", "address": "文山區景興路46巷2號", "district": "文山區", "capacity": "100", "disaster_types": "水災,震災", "indoor": "是", "outdoor": "否", "vulnerable_friendly": "否", "manager": "朱美銀", "manager_phone": "02-29323794#130", "city": "taipei"}, "geometry": {"type": "Point", "coordinates": [121.5443, 24.9962]}}, {"type": "Feature", "properties": {"name": "臺北市文山運動中心", "address": "興隆路三段222號", "district": "文山區", "capacity": "189", "disaster_types": "震災", "indoor": "是", "outdoor": "否", "vulnerable_friendly": "否", "manager": "劉宜庭", "manager_phone": "2570-2330轉6423", "city": "taipei"}, "geometry": {"type": "Point", "coordinates": [121.5443, 24.9962]}}, {"type": "Feature", "properties": {"name": "文林國小", "address": "千歲街59號", "district": "樹林區", "capacity": "1151", "disaster_types": "震災,土石流", "indoor": "是", "outdoor": "是", "vulnerable_friendly": "否", "manager": "事務組長安臺興", "manager_phone": "26812625轉841", "city": "new_taipei"}, "geometry": {"type": "Point", "coordinates": [121.426072, 24.997757]}}, {"type": "Feature", "properties": {"name": "民權市民活動中心", "address": "永和區民族里民權路60號", "district": "永和區", "capacity": "125", "disaster_types": "水災,震災,土石流,海嘯", "indoor": "是", "outdoor": "否", "vulnerable_friendly": "否", "manager": "王晨燁", "manager_phone": "29282828#111", "city": "new_taipei"}, "geometry": {"type": "Point", "coordinates": [121.5199, 24.998]}}, {"type": "Feature", "properties": {"name": "重慶國中", "address": "國慶路221號", "district": "板橋區", "capacity": "2826", "disaster_types": "水災,震災,土石流,海嘯", "indoor": "是", "outdoor": "是", "vulnerable_friendly": "否", "manager": "陳冠樺組長", "manager_phone": "29543001504", "city": "new_taipei"}, "geometry": {"type": "Point", "coordinates": [121.4632, 24.9982]}}, {"type": "Feature", "properties": {"name": "中和區公所", "address": "中和區景平路634之2號", "district": "中和區", "capacity": "65", "disaster_types": "水災,震災,土石流,海嘯", "indoor": "是", "outdoor": "否", "vulnerable_friendly": "是", "manager": "劉師政", "manager_phone": "02-22482688＃286", "city": "new_taipei"}, "geometry": {"type": "Point", "coordinates": [121.5002, 24.9982]}}, {"type": "Feature", "properties": {"name": "阿柔市民活動中心", "address": "阿柔里阿柔洋62號", "district": "深坑區", "capacity": "57", "disaster_types": "震災,土石流,海嘯", "indoor": "是", "outdoor": "否", "vulnerable_friendly": "是", "manager": "羅定國林進發", "manager_phone": "2.66E+15", "city": "new_taipei"}, "geometry": {"type": "Point", "coordinates": [121.6072, 24.9983]}}, {"type": "Feature", "properties": {"name": "溪崑國中", "address": "大觀路三段50巷30號", "district": "板橋區", "capacity": "785", "disaster_types": "水災,震災", "indoor": "是", "outdoor": "是", "vulnerable_friendly": "是", "manager": "彭素櫻組長", "manager_phone": "26869729383", "city": "new_taipei"}, "geometry": {"type": "Point", "coordinates": [121.4313, 24.9984]}}, {"type": "Feature", "properties": {"name": "自強國小", "address": "中和區莒光路200號", "district": "中和區", "capacity": "562", "disaster_types": "水災,震災,土石流,海嘯", "indoor": "是", "outdoor": "是", "vulnerable_friendly": "是", "manager": "劉師政", "manager_phone": "02-22482688＃286", "city": "new_taipei"}, "geometry": {"type": "Point", "coordinates": [121.4719, 24.9985]}}, {"type": "Feature", "properties": {"name": "志清國小", "address": "文山區景福街21巷5號", "district": "文山區", "capacity": "35", "disaster_types": "水災,震災", "indoor": "是", "outdoor": "否", "vulnerable_friendly": "是", "manager": "王信傑", "manager_phone": "02-29323875#40", "city": "taipei"}, "geometry": {"type": "Point", "coordinates": [121.5388, 24.9987]}}, {"type": "Feature", "properties": {"name": "自強國中", "address": "中和區莒光路191號", "district": "中和區", "capacity": "936", "disaster_types": "水災,震災,土石流,海嘯", "indoor": "是", "outdoor": "是", "vulnerable_friendly": "否", "manager": "劉師政", "manager_phone": "02-22482688#286", "city": "new_taipei"}, "geometry": {"type": "Point", "coordinates": [121.4726, 24.9988]}}, {"type": "Feature", "properties": {"name": "興華國小", "address": "臺北市文山區興隆路3段125巷6號", "district": "文山區", "capacity": "30", "disaster_types": "水災,震災", "indoor": "是", "outdoor": "否", "vulnerable_friendly": "否", "manager": "呂昌諭", "manager_phone": "02-22393070#130", "city": "taipei"}, "geometry": {"type": "Point", "coordinates": [121.5587, 24.9988]}}, {"type": "Feature", "properties": {"name": "積穗國小", "address": "中和區員山路154號", "district": "中和區", "capacity": "545", "disaster_types": "水災,震災,土石流,海嘯", "indoor": "是", "outdoor": "是", "vulnerable_friendly": "是", "manager": "劉師政", "manager_phone": "02-22482688#286", "city": "new_taipei"}, "geometry": {"type": "Point", "coordinates": [121.4814, 24.9991]}}, {"type": "Feature", "properties": {"name": "秀朗國小", "address": "永和區民權里得和路202號", "district": "永和區", "capacity": "2124", "disaster_types": "水災,震災,土石流,海嘯", "indoor": "是", "outdoor": "是", "vulnerable_friendly": "否", "manager": "劉思亭", "manager_phone": "02-29420451#5502", "city": "new_taipei"}, "geometry": {"type": "Point", "coordinates": [121.5214, 24.9997]}}, {"type": "Feature", "properties": {"name": "中和國小", "address": "中和區中和路100號", "district": "中和區", "capacity": "2866", "disaster_types": "水災,震災,土石流,海嘯", "indoor": "是", "outdoor": "是", "vulnerable_friendly": "是", "manager": "劉師政", "manager_phone": "02-22482688＃286", "city": "new_taipei"}, "geometry": {"type": "Point", "coordinates": [121.5016, 24.9999]}}, {"type": "Feature", "properties": {"name": "積穗國中", "address": "中和區民安街66號", "district": "中和區", "capacity": "597", "disaster_types": "水災,震災,土石流,海嘯", "indoor": "是", "outdoor": "是", "vulnerable_friendly": "否", "manager": "劉師政", "manager_phone": "02-22482688＃286", "city": "new_taipei"}, "geometry": {"type": "Point", "coordinates": [121.4798, 25.0004]}}, {"type": "Feature", "properties": {"name": "萬芳高中", "address": "文山區興隆路3段115巷1號", "district": "文山區", "capacity": "131", "disaster_types": "水災,震災", "indoor": "是", "outdoor": "否", "vulnerable_friendly": "否", "manager": "張盈霏", "manager_phone": "02-22309585#500", "city": "taipei"}, "geometry": {"type": "Point", "coordinates": [121.5588, 25.0005]}}, {"type": "Feature", "properties": {"name": "萬順市民活動中心", "address": "萬順里北深路3段107巷26號", "district": "深坑區", "capacity": "22", "disaster_types": "震災,土石流,海嘯", "indoor": "是", "outdoor": "否", "vulnerable_friendly": "否", "manager": "楊文得-許添丁", "manager_phone": "26622208-26621959", "city": "new_taipei"}, "geometry": {"type": "Point", "coordinates": [121.6041, 25.0008]}}, {"type": "Feature", "properties": {"name": "鶴齡交誼中心", "address": "廟美街6巷3號2、4樓", "district": "中和區", "capacity": "82", "disaster_types": "水災,震災,土石流,海嘯", "indoor": "是", "outdoor": "否", "vulnerable_friendly": "是", "manager": "劉師政", "manager_phone": "02-22482688#286", "city": "new_taipei"}, "geometry": {"type": "Point", "coordinates": [121.5011, 25.0014]}}, {"type": "Feature", "properties": {"name": "南山高中", "address": "中和區廣福路41號", "district": "中和區", "capacity": "2130", "disaster_types": "水災,震災,土石流,海嘯", "indoor": "是", "outdoor": "是", "vulnerable_friendly": "否", "manager": "劉師政", "manager_phone": "02-22482688＃286", "city": "new_taipei"}, "geometry": {"type": "Point", "coordinates": [121.5034, 25.0016]}}, {"type": "Feature", "properties": {"name": "興德國小", "address": "文山區興隆路2段235號", "district": "文山區", "capacity": "30", "disaster_types": "水災,震災", "indoor": "是", "outdoor": "否", "vulnerable_friendly": "否", "manager": "朱雅菁", "manager_phone": "02-29329431#35", "city": "taipei"}, "geometry": {"type": "Point", "coordinates": [121.5508, 25.0017]}}, {"type": "Feature", "properties": {"name": "深坑國中", "address": "深坑里文化路41號", "district": "深坑區", "capacity": "304", "disaster_types": "水災,震災,土石流,海嘯", "indoor": "是", "outdoor": "是", "vulnerable_friendly": "是", "manager": "陳春男-林玉葉", "manager_phone": "2662145510-2662145517", "city": "new_taipei"}, "geometry": {"type": "Point", "coordinates": [121.6183, 25.0017]}}, {"type": "Feature", "properties": {"name": "深坑國小", "address": "深坑里文化路45號", "district": "深坑區", "capacity": "632", "disaster_types": "水災,震災,土石流,海嘯", "indoor": "是", "outdoor": "是", "vulnerable_friendly": "是", "manager": "張嘉榮-陳佑瑜", "manager_phone": "02-26624675", "city": "new_taipei"}, "geometry": {"type": "Point", "coordinates": [121.6169, 25.0018]}}, {"type": "Feature", "properties": {"name": "萬芳國小", "address": "文山區萬和街1號", "district": "文山區", "capacity": "135", "disaster_types": "水災,震災", "indoor": "是", "outdoor": "否", "vulnerable_friendly": "否", "manager": "何寶妍", "manager_phone": "2230-1232#31", "city": "taipei"}, "geometry": {"type": "Point", "coordinates": [121.5673, 25.0019]}}, {"type": "Feature", "properties": {"name": "武林國小", "address": "保安街二段151號", "district": "樹林區", "capacity": "822", "disaster_types": "震災,土石流,海嘯", "indoor": "是", "outdoor": "是", "vulnerable_friendly": "否", "manager": "事務組長陳寶賢", "manager_phone": "26812475轉831", "city": "new_taipei"}, "geometry": {"type": "Point", "coordinates": [121.415438, 25.002028]}}, {"type": "Feature", "properties": {"name": "博嘉國小", "address": "文山區木柵路4段159巷14之1號", "district": "文山區", "capacity": "30", "disaster_types": "水災,震災", "indoor": "是", "outdoor": "否", "vulnerable_friendly": "否", "manager": "陳逸儒", "manager_phone": "02-22302585#130", "city": "taipei"}, "geometry": {"type": "Point", "coordinates": [121.5758, 25.0021]}}, {"type": "Feature", "properties": {"name": "中山國小", "address": "大觀路二段59巷31號", "district": "板橋區", "capacity": "1136", "disaster_types": "震災", "indoor": "是", "outdoor": "是", "vulnerable_friendly": "否", "manager": "林柏丞組長", "manager_phone": "22755313222", "city": "new_taipei"}, "geometry": {"type": "Point", "coordinates": [121.4477, 25.0023]}}, {"type": "Feature", "properties": {"name": "興隆國小", "address": "文山區福興路2號", "district": "文山區", "capacity": "133", "disaster_types": "水災,震災", "indoor": "是", "outdoor": "否", "vulnerable_friendly": "是", "manager": "張仁傑", "manager_phone": "02-29323131#511", "city": "taipei"}, "geometry": {"type": "Point", "coordinates": [121.5519, 25.0024]}}, {"type": "Feature", "properties": {"name": "深坑市民活動中心", "address": "深坑里北深路2段166號", "district": "深坑區", "capacity": "36", "disaster_types": "水災,震災,土石流,海嘯", "indoor": "是", "outdoor": "否", "vulnerable_friendly": "否", "manager": "張松林-張阿免", "manager_phone": "26622723-26624911", "city": "new_taipei"}, "geometry": {"type": "Point", "coordinates": [121.6147, 25.0025]}}, {"type": "Feature", "properties": {"name": "深坑區公所", "address": "深坑里深坑街10號", "district": "深坑區", "capacity": "100", "disaster_types": "水災,震災,土石流,海嘯", "indoor": "是", "outdoor": "否", "vulnerable_friendly": "否", "manager": "陳東梧", "manager_phone": "02-26623116256", "city": "new_taipei"}, "geometry": {"type": "Point", "coordinates": [121.616, 25.0025]}}, {"type": "Feature", "properties": {"name": "漳和國中", "address": "中和區廣福路39號", "district": "中和區", "capacity": "1067", "disaster_types": "水災,震災,土石流,海嘯", "indoor": "是", "outdoor": "是", "vulnerable_friendly": "是", "manager": "劉師政", "manager_phone": "02-22482688＃286", "city": "new_taipei"}, "geometry": {"type": "Point", "coordinates": [121.5055, 25.0027]}}, {"type": "Feature", "properties": {"name": "興德里營區", "address": "興德路55號", "district": "文山區", "capacity": "200", "disaster_types": "水災,震災", "indoor": "是", "outdoor": "否", "vulnerable_friendly": "否", "manager": "李德龍上尉", "manager_phone": "02-23140177", "city": "taipei"}, "geometry": {"type": "Point", "coordinates": [121.5571, 25.0029]}}, {"type": "Feature", "properties": {"name": "後埔國小", "address": "重慶路157號", "district": "板橋區", "capacity": "703", "disaster_types": "水災,震災", "indoor": "是", "outdoor": "是", "vulnerable_friendly": "否", "manager": "林淑茹組長", "manager_phone": "29614142-50", "city": "new_taipei"}, "geometry": {"type": "Point", "coordinates": [121.4627, 25.0033]}}, {"type": "Feature", "properties": {"name": "復興商工", "address": "永和區得和里秀朗路一段201號", "district": "永和區", "capacity": "827", "disaster_types": "水災,震災,土石流,海嘯", "indoor": "是", "outdoor": "是", "vulnerable_friendly": "否", "manager": "羅保羅", "manager_phone": "02-29262121223", "city": "new_taipei"}, "geometry": {"type": "Point", "coordinates": [121.5186, 25.0035]}}, {"type": "Feature", "properties": {"name": "永和國小", "address": "永和區潭墘里秀朗路一段120號", "district": "永和區", "capacity": "1329", "disaster_types": "水災,震災,土石流,海嘯", "indoor": "是", "outdoor": "是", "vulnerable_friendly": "否", "manager": "賀仲民", "manager_phone": "29214615#401", "city": "new_taipei"}, "geometry": {"type": "Point", "coordinates": [121.517, 25.0036]}}, {"type": "Feature", "properties": {"name": "武功國小", "address": "臺北市文山區興隆路1段68號", "district": "文山區", "capacity": "50", "disaster_types": "水災,震災", "indoor": "是", "outdoor": "否", "vulnerable_friendly": "否", "manager": "陳冠任", "manager_phone": "02-29314360#19", "city": "taipei"}, "geometry": {"type": "Point", "coordinates": [121.5405, 25.0039]}}, {"type": "Feature", "properties": {"name": "福和國中", "address": "永和區秀和里永利路71號", "district": "永和區", "capacity": "1401", "disaster_types": "水災,震災,土石流,海嘯", "indoor": "是", "outdoor": "是", "vulnerable_friendly": "否", "manager": "黃議賢", "manager_phone": "02-29289493#261", "city": "new_taipei"}, "geometry": {"type": "Point", "coordinates": [121.5209, 25.004]}}, {"type": "Feature", "properties": {"name": "東南科技大學", "address": "萬福里北深路3段152號", "district": "深坑區", "capacity": "916", "disaster_types": "水災,震災,土石流,海嘯", "indoor": "是", "outdoor": "是", "vulnerable_friendly": "是", "manager": "王辰祉-黃志衡", "manager_phone": "86625802-86625802-86625800夜", "city": "new_taipei"}, "geometry": {"type": "Point", "coordinates": [121.6047, 25.0044]}}, {"type": "Feature", "properties": {"name": "忠孝國中", "address": "成都街30號", "district": "板橋區", "capacity": "191", "disaster_types": "水災,震災,土石流,海嘯", "indoor": "是", "outdoor": "是", "vulnerable_friendly": "否", "manager": "黃莉晴組長", "manager_phone": "29631350232", "city": "new_taipei"}, "geometry": {"type": "Point", "coordinates": [121.4616, 25.0048]}}, {"type": "Feature", "properties": {"name": "萬福國小", "address": "文山區羅斯福路5段170巷32號", "district": "文山區", "capacity": "32", "disaster_types": "水災,震災", "indoor": "是", "outdoor": "否", "vulnerable_friendly": "否", "manager": "呂昌諭", "manager_phone": "02-22393070#130", "city": "taipei"}, "geometry": {"type": "Point", "coordinates": [121.5367, 25.0048]}}, {"type": "Feature", "properties": {"name": "興福國中", "address": "文山區福興路80號", "district": "文山區", "capacity": "300", "disaster_types": "水災,震災", "indoor": "是", "outdoor": "否", "vulnerable_friendly": "否", "manager": "詹琦斌", "manager_phone": "02-29322024#400", "city": "taipei"}, "geometry": {"type": "Point", "coordinates": [121.5497, 25.0049]}}, {"type": "Feature", "properties": {"name": "昇高市民活動中心", "address": "昇高里旺耽路25號", "district": "深坑區", "capacity": "87", "disaster_types": "水災,震災,土石流,海嘯", "indoor": "是", "outdoor": "否", "vulnerable_friendly": "是", "manager": "李傳震潘淑妙", "manager_phone": "2.66E+15", "city": "new_taipei"}, "geometry": {"type": "Point", "coordinates": [121.6287, 25.0049]}}, {"type": "Feature", "properties": {"name": "實踐國小", "address": "實踐路93巷51號", "district": "板橋區", "capacity": "1018", "disaster_types": "水災,土石流", "indoor": "是", "outdoor": "是", "vulnerable_friendly": "否", "manager": "黃宜寧組長", "manager_phone": "29531233142", "city": "new_taipei"}, "geometry": {"type": "Point", "coordinates": [121.4664, 25.005]}}, {"type": "Feature", "properties": {"name": "東勢市民活動中心", "address": "竿蓁林62-1號", "district": "平溪區", "capacity": "25", "disaster_types": "水災,震災,土石流", "indoor": "是", "outdoor": "否", "vulnerable_friendly": "否", "manager": "李元裕", "manager_phone": "02-24951510#151", "city": "new_taipei"}, "geometry": {"type": "Point", "coordinates": [121.7508, 25.0052]}}, {"type": "Feature", "properties": {"name": "嶺腳市民活動中心", "address": "嶺腳寮14號", "district": "平溪區", "capacity": "47", "disaster_types": "水災,震災,土石流", "indoor": "是", "outdoor": "否", "vulnerable_friendly": "是", "manager": "李元裕", "manager_phone": "02-24951510#151", "city": "new_taipei"}, "geometry": {"type": "Point", "coordinates": [121.7508, 25.0052]}}, {"type": "Feature", "properties": {"name": "直潭派出所", "address": "新北市新店區直潭十街2號", "district": "新店區", "capacity": "75", "disaster_types": "水災,震災,土石流", "indoor": "否", "outdoor": "否", "vulnerable_friendly": "否", "manager": "吳英同", "manager_phone": "29112281#1209", "city": "new_taipei"}, "geometry": {"type": "Point", "coordinates": [121.456585, 25.005939]}}, {"type": "Feature", "properties": {"name": "山北市民活動中心", "address": "莊敬路49巷29弄2號", "district": "中和區", "capacity": "92", "disaster_types": "水災,震災,土石流,海嘯", "indoor": "是", "outdoor": "否", "vulnerable_friendly": "否", "manager": "劉師政", "manager_phone": "02-22482688#286", "city": "new_taipei"}, "geometry": {"type": "Point", "coordinates": [121.5016, 25.0061]}}, {"type": "Feature", "properties": {"name": "辛亥國小", "address": "文山區辛亥路4段103號", "district": "文山區", "capacity": "30", "disaster_types": "水災,震災", "indoor": "是", "outdoor": "否", "vulnerable_friendly": "否", "manager": "劉正湖", "manager_phone": "02-29357282#141", "city": "taipei"}, "geometry": {"type": "Point", "coordinates": [121.5585, 25.0063]}}, {"type": "Feature", "properties": {"name": "三多國中", "address": "三多路101號", "district": "樹林區", "capacity": "847", "disaster_types": "震災,土石流,海嘯", "indoor": "是", "outdoor": "是", "vulnerable_friendly": "否", "manager": "事務組長林正忠", "manager_phone": "86881501#502", "city": "new_taipei"}, "geometry": {"type": "Point", "coordinates": [121.414672, 25.006414]}}, {"type": "Feature", "properties": {"name": "永和國中", "address": "永和區秀和里國中路111號", "district": "永和區", "capacity": "1109", "disaster_types": "水災,震災,土石流,海嘯", "indoor": "是", "outdoor": "是", "vulnerable_friendly": "否", "manager": "劉康君", "manager_phone": "29218878#203", "city": "new_taipei"}, "geometry": {"type": "Point", "coordinates": [121.5233, 25.0067]}}, {"type": "Feature", "properties": {"name": "育才國小", "address": "永和區永貞里福和路125巷20號", "district": "永和區", "capacity": "207", "disaster_types": "水災,震災,土石流,海嘯", "indoor": "是", "outdoor": "是", "vulnerable_friendly": "是", "manager": "詹心儀", "manager_phone": "29214630#630", "city": "new_taipei"}, "geometry": {"type": "Point", "coordinates": [121.5216, 25.0071]}}, {"type": "Feature", "properties": {"name": "永定國小", "address": "靜安路一段245號", "district": "石碇區", "capacity": "330", "disaster_types": "水災,震災,土石流,海嘯", "indoor": "是", "outdoor": "是", "vulnerable_friendly": "是", "manager": "剛慶嚴/呂洸杰", "manager_phone": "02-26631288#22/#23", "city": "new_taipei"}, "geometry": {"type": "Point", "coordinates": [121.688, 25.0078]}}, {"type": "Feature", "properties": {"name": "永平國小", "address": "永和區保安里保生路25號", "district": "永和區", "capacity": "943", "disaster_types": "震災,土石流,海嘯", "indoor": "是", "outdoor": "是", "vulnerable_friendly": "否", "manager": "郭俊尉", "manager_phone": "29259879#402", "city": "new_taipei"}, "geometry": {"type": "Point", "coordinates": [121.5057, 25.0081]}}, {"type": "Feature", "properties": {"name": "大觀國小", "address": "大觀路一段30號", "district": "板橋區", "capacity": "1784", "disaster_types": "水災,震災", "indoor": "是", "outdoor": "是", "vulnerable_friendly": "否", "manager": "江勃宏組長", "manager_phone": "29603373831", "city": "new_taipei"}, "geometry": {"type": "Point", "coordinates": [121.4493, 25.0086]}}, {"type": "Feature", "properties": {"name": "土庫第1市民活動中心", "address": "土庫里北深路1段83巷8弄36號", "district": "深坑區", "capacity": "100", "disaster_types": "水災,震災,土石流,海嘯", "indoor": "是", "outdoor": "否", "vulnerable_friendly": "否", "manager": "高太郎里長李錫鈞", "manager_phone": "2.66E+15", "city": "new_taipei"}, "geometry": {"type": "Point", "coordinates": [121.6346, 25.01]}}, {"type": "Feature", "properties": {"name": "石碇綜合活動大樓", "address": "楓子林32-1號", "district": "石碇區", "capacity": "200", "disaster_types": "水災,震災,土石流,海嘯", "indoor": "是", "outdoor": "否", "vulnerable_friendly": "是", "manager": "?志明/王俞婷", "manager_phone": "02-26631080#251#229", "city": "new_taipei"}, "geometry": {"type": "Point", "coordinates": [121.6423, 25.0101]}}, {"type": "Feature", "properties": {"name": "海山高中", "address": "漢生東路215號", "district": "板橋區", "capacity": "2122", "disaster_types": "水災,震災", "indoor": "是", "outdoor": "是", "vulnerable_friendly": "否", "manager": "王玟婷組長", "manager_phone": "29517475#300", "city": "new_taipei"}, "geometry": {"type": "Point", "coordinates": [121.4709, 25.0102]}}, {"type": "Feature", "properties": {"name": "板橋國小", "address": "文化路一段23號", "district": "板橋區", "capacity": "641", "disaster_types": "水災,震災", "indoor": "是", "outdoor": "否", "vulnerable_friendly": "否", "manager": "黃世榮主任", "manager_phone": "29686834831", "city": "new_taipei"}, "geometry": {"type": "Point", "coordinates": [121.4582, 25.0108]}}, {"type": "Feature", "properties": {"name": "永平高中", "address": "永和區保安里永平路205號", "district": "永和區", "capacity": "5315", "disaster_types": "震災,土石流,海嘯", "indoor": "是", "outdoor": "是", "vulnerable_friendly": "否", "manager": "林宛蓉", "manager_phone": "2231-9670轉232", "city": "new_taipei"}, "geometry": {"type": "Point", "coordinates": [121.5086, 25.0108]}}, {"type": "Feature", "properties": {"name": "大觀國中", "address": "僑中一街1號", "district": "板橋區", "capacity": "1611", "disaster_types": "水災,震災,土石流,海嘯", "indoor": "是", "outdoor": "是", "vulnerable_friendly": "否", "manager": "林鳳穎組長", "manager_phone": "22725015831", "city": "new_taipei"}, "geometry": {"type": "Point", "coordinates": [121.4485, 25.0112]}}, {"type": "Feature", "properties": {"name": "民族國中", "address": "大安區羅斯福路4段113巷13號", "district": "大安區", "capacity": "139", "disaster_types": "水災", "indoor": "是", "outdoor": "否", "vulnerable_friendly": "是", "manager": "李培彰", "manager_phone": "02-27322935#234", "city": "taipei"}, "geometry": {"type": "Point", "coordinates": [121.5388, 25.0112]}}, {"type": "Feature", "properties": {"name": "臺北市大安運動中心", "address": "辛亥路三段55號", "district": "大安區", "capacity": "389", "disaster_types": "震災", "indoor": "是", "outdoor": "否", "vulnerable_friendly": "否", "manager": "鄭景中", "manager_phone": "2570-2330轉6424", "city": "taipei"}, "geometry": {"type": "Point", "coordinates": [121.5388, 25.0112]}}, {"type": "Feature", "properties": {"name": "板橋高中", "address": "文化路一段25號", "district": "板橋區", "capacity": "1136", "disaster_types": "水災,震災,土石流,海嘯", "indoor": "是", "outdoor": "是", "vulnerable_friendly": "否", "manager": "柳欽元組長", "manager_phone": "29602500430", "city": "new_taipei"}, "geometry": {"type": "Point", "coordinates": [121.4591, 25.0117]}}, {"type": "Feature", "properties": {"name": "公館國小", "address": "臺北市大安區基隆路4段41巷68弄2號", "district": "大安區", "capacity": "50", "disaster_types": "水災,震災", "indoor": "是", "outdoor": "否", "vulnerable_friendly": "否", "manager": "柯怡安", "manager_phone": "27351734#230", "city": "taipei"}, "geometry": {"type": "Point", "coordinates": [121.5429, 25.0124]}}, {"type": "Feature", "properties": {"name": "石碇高中", "address": "八分寮45號", "district": "石碇區", "capacity": "963", "disaster_types": "水災,震災,土石流,海嘯", "indoor": "是", "outdoor": "是", "vulnerable_friendly": "是", "manager": "洪瑜堅/蔡育萃", "manager_phone": "02-26631224#300/301", "city": "new_taipei"}, "geometry": {"type": "Point", "coordinates": [121.6426, 25.0127]}}, {"type": "Feature", "properties": {"name": "網溪國小", "address": "永和區上林里竹林路79號", "district": "永和區", "capacity": "853", "disaster_types": "水災,震災,土石流,海嘯", "indoor": "是", "outdoor": "是", "vulnerable_friendly": "否", "manager": "林盈宏", "manager_phone": "8926-4470轉800", "city": "new_taipei"}, "geometry": {"type": "Point", "coordinates": [121.5193, 25.0129]}}, {"type": "Feature", "properties": {"name": "民生公園市民活動中心", "address": "民生路一段30之1號", "district": "板橋區", "capacity": "292", "disaster_types": "水災,震災,土石流,海嘯", "indoor": "是", "outdoor": "否", "vulnerable_friendly": "否", "manager": "黃素玲", "manager_phone": "02-29541201", "city": "new_taipei"}, "geometry": {"type": "Point", "coordinates": [121.4768, 25.0137]}}, {"type": "Feature", "properties": {"name": "臺北市中正運動中心", "address": "信義路一段1號", "district": "中正區", "capacity": "250", "disaster_types": "震災", "indoor": "是", "outdoor": "否", "vulnerable_friendly": "否", "manager": "紀孟祺", "manager_phone": "02-25702330-6427", "city": "taipei"}, "geometry": {"type": "Point", "coordinates": [121.535, 25.0137]}}, {"type": "Feature", "properties": {"name": "銘傳國小", "address": "大安區羅斯福路4段21號", "district": "大安區", "capacity": "161", "disaster_types": "水災,震災", "indoor": "是", "outdoor": "否", "vulnerable_friendly": "否", "manager": "連瑞琦", "manager_phone": "02-23639815#16", "city": "taipei"}, "geometry": {"type": "Point", "coordinates": [121.5352, 25.0142]}}, {"type": "Feature", "properties": {"name": "竹林小學", "address": "永和區勵行里竹林路34號", "district": "永和區", "capacity": "58", "disaster_types": "水災,震災,土石流,海嘯", "indoor": "是", "outdoor": "是", "vulnerable_friendly": "是", "manager": "陳兆玉", "manager_phone": "3233-0272", "city": "new_taipei"}, "geometry": {"type": "Point", "coordinates": [121.5173, 25.0145]}}, {"type": "Feature", "properties": {"name": "光復國小", "address": "中和區光環路2段1號", "district": "中和區", "capacity": "855", "disaster_types": "水災,震災,土石流,海嘯", "indoor": "是", "outdoor": "是", "vulnerable_friendly": "否", "manager": "劉師政", "manager_phone": "02-22482688#286", "city": "new_taipei"}, "geometry": {"type": "Point", "coordinates": [121.4829, 25.0148]}}, {"type": "Feature", "properties": {"name": "柑林國小", "address": "9鄰柑腳3號", "district": "雙溪區", "capacity": "133", "disaster_types": "水災,震災,土石流", "indoor": "否", "outdoor": "否", "vulnerable_friendly": "否", "manager": "宋翔怡", "manager_phone": "02-24931111#124", "city": "new_taipei"}, "geometry": {"type": "Point", "coordinates": [121.804558, 25.01513]}}, {"type": "Feature", "properties": {"name": "虎子山", "address": "虎子山街", "district": "貢寮區", "capacity": "50", "disaster_types": "海嘯", "indoor": "否", "outdoor": "是", "vulnerable_friendly": "否", "manager": "吳憲彰、吳珮羽", "manager_phone": "02-24941601#255", "city": "new_taipei"}, "geometry": {"type": "Point", "coordinates": [121.944391, 25.015188]}}, {"type": "Feature", "properties": {"name": "頂溪國小", "address": "永和區文化里文化路133號", "district": "永和區", "capacity": "888", "disaster_types": "震災,土石流,海嘯", "indoor": "是", "outdoor": "是", "vulnerable_friendly": "否", "manager": "廖嘉民", "manager_phone": "2921-2058#401", "city": "new_taipei"}, "geometry": {"type": "Point", "coordinates": [121.5116, 25.0155]}}, {"type": "Feature", "properties": {"name": "及人國小", "address": "永和區新?里文化路172號", "district": "永和區", "capacity": "1041", "disaster_types": "水災,震災,土石流,海嘯", "indoor": "是", "outdoor": "是", "vulnerable_friendly": "否", "manager": "陳浙雲", "manager_phone": "29212145#11", "city": "new_taipei"}, "geometry": {"type": "Point", "coordinates": [121.512, 25.0157]}}, {"type": "Feature", "properties": {"name": "長源社區活動中心", "address": "柑腳19號", "district": "雙溪區", "capacity": "172", "disaster_types": "水災,震災,土石流", "indoor": "是", "outdoor": "否", "vulnerable_friendly": "否", "manager": "宋翔怡", "manager_phone": "02-24931111#124", "city": "new_taipei"}, "geometry": {"type": "Point", "coordinates": [121.8028, 25.0157]}}, {"type": "Feature", "properties": {"name": "金甌女中", "address": "永和區復興里博愛街36號", "district": "永和區", "capacity": "239", "disaster_types": "水災,震災,土石流,海嘯", "indoor": "是", "outdoor": "是", "vulnerable_friendly": "是", "manager": "蘇柳村", "manager_phone": "23214765", "city": "new_taipei"}, "geometry": {"type": "Point", "coordinates": [121.5193, 25.0158]}}, {"type": "Feature", "properties": {"name": "福連國小", "address": "福連街1號", "district": "貢寮區", "capacity": "300", "disaster_types": "水災,震災,土石流", "indoor": "是", "outdoor": "是", "vulnerable_friendly": "是", "manager": "李煥榮", "manager_phone": "02-24991194#103", "city": "new_taipei"}, "geometry": {"type": "Point", "coordinates": [121.9888, 25.0162]}}, {"type": "Feature", "properties": {"name": "貢寮國中", "address": "嵩陽路42號", "district": "貢寮區", "capacity": "661", "disaster_types": "水災,震災,土石流,海嘯", "indoor": "是", "outdoor": "是", "vulnerable_friendly": "否", "manager": "陳致棋", "manager_phone": "02-24941941#130", "city": "new_taipei"}, "geometry": {"type": "Point", "coordinates": [121.9071, 25.0164]}}, {"type": "Feature", "properties": {"name": "三多國小", "address": "三福街52號", "district": "樹林區", "capacity": "807", "disaster_types": "震災,土石流,海嘯", "indoor": "是", "outdoor": "是", "vulnerable_friendly": "否", "manager": "事務組長董俊良", "manager_phone": "26880689#145", "city": "new_taipei"}, "geometry": {"type": "Point", "coordinates": [121.4059, 25.016651]}}, {"type": "Feature", "properties": {"name": "光復高中", "address": "光環路一段7號", "district": "板橋區", "capacity": "416", "disaster_types": "土石流", "indoor": "是", "outdoor": "是", "vulnerable_friendly": "否", "manager": "黃建國組長", "manager_phone": "29582366141", "city": "new_taipei"}, "geometry": {"type": "Point", "coordinates": [121.4828, 25.0168]}}, {"type": "Feature", "properties": {"name": "忠孝市民活動中心", "address": "忠孝街26巷8號", "district": "永和區", "capacity": "85", "disaster_types": "水災,震災,土石流,海嘯", "indoor": "是", "outdoor": "否", "vulnerable_friendly": "否", "manager": "陳威光", "manager_phone": "29249622", "city": "new_taipei"}, "geometry": {"type": "Point", "coordinates": [121.5153, 25.0169]}}, {"type": "Feature", "properties": {"name": "福隆國小", "address": "東興街35號", "district": "貢寮區", "capacity": "430", "disaster_types": "水災,震災,土石流,海嘯", "indoor": "是", "outdoor": "是", "vulnerable_friendly": "否", "manager": "林琪濟", "manager_phone": "02-24991449#12", "city": "new_taipei"}, "geometry": {"type": "Point", "coordinates": [121.9487, 25.0171]}}, {"type": "Feature", "properties": {"name": "丹鳳國小", "address": "新北大道七段437號", "district": "新莊區", "capacity": "297", "disaster_types": "震災,土石流,海嘯", "indoor": "是", "outdoor": "是", "vulnerable_friendly": "否", "manager": "邱雋弘", "manager_phone": "02-29929891", "city": "new_taipei"}, "geometry": {"type": "Point", "coordinates": [121.4257, 25.0175]}}, {"type": "Feature", "properties": {"name": "光復國小", "address": "中和區中原里光環路二段1號", "district": "板橋區", "capacity": "855", "disaster_types": "水災,震災,土石流", "indoor": "是", "outdoor": "是", "vulnerable_friendly": "否", "manager": "吳麥生組長", "manager_phone": "32348645661", "city": "new_taipei"}, "geometry": {"type": "Point", "coordinates": [121.484, 25.0177]}}, {"type": "Feature", "properties": {"name": "靈鷲山無生道場", "address": "香蘭街7-1號", "district": "貢寮區", "capacity": "100", "disaster_types": "水災,震災,土石流,海嘯", "indoor": "是", "outdoor": "否", "vulnerable_friendly": "否", "manager": "釋法藏", "manager_phone": "02-24991100", "city": "new_taipei"}, "geometry": {"type": "Point", "coordinates": [121.9729, 25.0177]}}, {"type": "Feature", "properties": {"name": "埔墘國小", "address": "永豐街42之8號", "district": "板橋區", "capacity": "628", "disaster_types": "水災,震災", "indoor": "是", "outdoor": "是", "vulnerable_friendly": "否", "manager": "顧琪芳組長", "manager_phone": "29616690311", "city": "new_taipei"}, "geometry": {"type": "Point", "coordinates": [121.4741, 25.0181]}}, {"type": "Feature", "properties": {"name": "福隆青少年活動中心", "address": "福隆里福隆街60號", "district": "貢寮區", "capacity": "403", "disaster_types": "震災,土石流", "indoor": "是", "outdoor": "否", "vulnerable_friendly": "否", "manager": "吳憲彰", "manager_phone": "02-24991456", "city": "new_taipei"}, "geometry": {"type": "Point", "coordinates": [121.9457, 25.0184]}}, {"type": "Feature", "properties": {"name": "中山國中", "address": "文化路一段188巷56號", "district": "板橋區", "capacity": "2280", "disaster_types": "震災,土石流,海嘯", "indoor": "是", "outdoor": "是", "vulnerable_friendly": "否", "manager": "何秀滿組長", "manager_phone": "22508250232", "city": "new_taipei"}, "geometry": {"type": "Point", "coordinates": [121.4676, 25.0185]}}, {"type": "Feature", "properties": {"name": "外柑市民活動中心", "address": "外柑腳49號", "district": "雙溪區", "capacity": "72", "disaster_types": "水災,震災,土石流", "indoor": "否", "outdoor": "否", "vulnerable_friendly": "否", "manager": "宋翔怡", "manager_phone": "02-24931111#124", "city": "new_taipei"}, "geometry": {"type": "Point", "coordinates": [121.807814, 25.018517]}}, {"type": "Feature", "properties": {"name": "芳和國中", "address": "臺北市大安區臥龍街170號", "district": "大安區", "capacity": "30", "disaster_types": "水災,震災", "indoor": "是", "outdoor": "否", "vulnerable_friendly": "是", "manager": "何孟蒔", "manager_phone": "02-27321961#501", "city": "taipei"}, "geometry": {"type": "Point", "coordinates": [121.5503, 25.0187]}}, {"type": "Feature", "properties": {"name": "螢橋國中", "address": "中正區汀州路3段四號", "district": "中正區", "capacity": "52", "disaster_types": "水災", "indoor": "是", "outdoor": "否", "vulnerable_friendly": "否", "manager": "陳正泰", "manager_phone": "02-23688667#230", "city": "taipei"}, "geometry": {"type": "Point", "coordinates": [121.5265, 25.019]}}, {"type": "Feature", "properties": {"name": "國光國小", "address": "中正路325巷30號", "district": "板橋區", "capacity": "1211", "disaster_types": "水災,震災", "indoor": "是", "outdoor": "是", "vulnerable_friendly": "否", "manager": "陳金鶴組長", "manager_phone": "29680611702", "city": "new_taipei"}, "geometry": {"type": "Point", "coordinates": [121.4533, 25.0194]}}, {"type": "Feature", "properties": {"name": "大安國小", "address": "臺北市大安區臥龍街129號", "district": "大安區", "capacity": "60", "disaster_types": "水災", "indoor": "是", "outdoor": "否", "vulnerable_friendly": "否", "manager": "楊金龍", "manager_phone": "02-27322332#831", "city": "taipei"}, "geometry": {"type": "Point", "coordinates": [121.5496, 25.0195]}}, {"type": "Feature", "properties": {"name": "和平高中", "address": "大安區臥龍街100號", "district": "大安區", "capacity": "300", "disaster_types": "水災,震災", "indoor": "是", "outdoor": "否", "vulnerable_friendly": "否", "manager": "楊廣銓", "manager_phone": "02-27324300#151", "city": "taipei"}, "geometry": {"type": "Point", "coordinates": [121.5491, 25.0196]}}, {"type": "Feature", "properties": {"name": "板橋莊敬市民活動中心", "address": "民生路二段120號", "district": "板橋區", "capacity": "188", "disaster_types": "水災,震災,土石流,海嘯", "indoor": "是", "outdoor": "否", "vulnerable_friendly": "否", "manager": "高惠華", "manager_phone": "02-22514289", "city": "new_taipei"}, "geometry": {"type": "Point", "coordinates": [121.4708, 25.0197]}}, {"type": "Feature", "properties": {"name": "貢寮市民活動中心", "address": "長泰路18-2號", "district": "貢寮區", "capacity": "176", "disaster_types": "水災,震災,土石流,海嘯", "indoor": "是", "outdoor": "否", "vulnerable_friendly": "是", "manager": "吳珮羽", "manager_phone": "02-24941601#255", "city": "new_taipei"}, "geometry": {"type": "Point", "coordinates": [121.9075, 25.0206]}}, {"type": "Feature", "properties": {"name": "古亭國小", "address": "大安區羅斯福路3段", "district": "大安區", "capacity": "62", "disaster_types": "水災,震災", "indoor": "是", "outdoor": "否", "vulnerable_friendly": "否", "manager": "林勝和", "manager_phone": "02-23639795#831", "city": "taipei"}, "geometry": {"type": "Point", "coordinates": [121.5285, 25.0207]}}, {"type": "Feature", "properties": {"name": "四維市民活動中心", "address": "四維路186巷2號", "district": "新莊區", "capacity": "300", "disaster_types": "水災,震災", "indoor": "是", "outdoor": "否", "vulnerable_friendly": "是", "manager": "邱雋弘", "manager_phone": "02-29929891#135", "city": "new_taipei"}, "geometry": {"type": "Point", "coordinates": [121.421825, 25.021171]}}, {"type": "Feature", "properties": {"name": "裕民行政大樓", "address": "裕民路136號", "district": "新莊區", "capacity": "300", "disaster_types": "水災", "indoor": "是", "outdoor": "否", "vulnerable_friendly": "是", "manager": "邱雋弘", "manager_phone": "02-29929891#135", "city": "new_taipei"}, "geometry": {"type": "Point", "coordinates": [121.4162, 25.0212]}}, {"type": "Feature", "properties": {"name": "中平國中", "address": "中平路385號", "district": "新莊區", "capacity": "1384", "disaster_types": "震災,土石流,海嘯", "indoor": "是", "outdoor": "是", "vulnerable_friendly": "否", "manager": "邱雋弘", "manager_phone": "02-29929891", "city": "new_taipei"}, "geometry": {"type": "Point", "coordinates": [121.4278, 25.0216]}}, {"type": "Feature", "properties": {"name": "榮富國小", "address": "中和街193號", "district": "新莊區", "capacity": "2819", "disaster_types": "水災,土石流,海嘯", "indoor": "是", "outdoor": "是", "vulnerable_friendly": "否", "manager": "邱雋弘", "manager_phone": "02-29929891", "city": "new_taipei"}, "geometry": {"type": "Point", "coordinates": [121.418, 25.0219]}}, {"type": "Feature", "properties": {"name": "貢寮國小", "address": "學苑街7號", "district": "貢寮區", "capacity": "633", "disaster_types": "震災,土石流,海嘯", "indoor": "是", "outdoor": "是", "vulnerable_friendly": "否", "manager": "莊金坤", "manager_phone": "02-24941274#213", "city": "new_taipei"}, "geometry": {"type": "Point", "coordinates": [121.9151, 25.022]}}, {"type": "Feature", "properties": {"name": "青年公園", "address": "臺北市萬華區水源路199號", "district": "萬華區", "capacity": "33756", "disaster_types": "震災", "indoor": "否", "outdoor": "是", "vulnerable_friendly": "是", "manager": "呂芳金", "manager_phone": "2303-2451", "city": "taipei"}, "geometry": {"type": "Point", "coordinates": [121.507, 25.0221]}}, {"type": "Feature", "properties": {"name": "白石市民活動中心", "address": "9鄰靜安路2段241號", "district": "平溪區", "capacity": "49", "disaster_types": "水災,震災,土石流", "indoor": "是", "outdoor": "否", "vulnerable_friendly": "否", "manager": "李元裕", "manager_phone": "02-24951510#151", "city": "new_taipei"}, "geometry": {"type": "Point", "coordinates": [121.7247, 25.0221]}}, {"type": "Feature", "properties": {"name": "文德國小", "address": "英士路179號", "district": "板橋區", "capacity": "1207", "disaster_types": "震災", "indoor": "是", "outdoor": "是", "vulnerable_friendly": "否", "manager": "許文浩組長", "manager_phone": "2257719363", "city": "new_taipei"}, "geometry": {"type": "Point", "coordinates": [121.4585, 25.0225]}}, {"type": "Feature", "properties": {"name": "薯榔市民活動中心", "address": "靜安路二段63號", "district": "平溪區", "capacity": "61", "disaster_types": "水災,震災,土石流", "indoor": "是", "outdoor": "否", "vulnerable_friendly": "是", "manager": "李元裕", "manager_phone": "02-24951510#151", "city": "new_taipei"}, "geometry": {"type": "Point", "coordinates": [121.728154, 25.022689]}}, {"type": "Feature", "properties": {"name": "萬大國小", "address": "大同區萬大路346號", "district": "萬華區", "capacity": "66", "disaster_types": "水災,震災", "indoor": "是", "outdoor": "否", "vulnerable_friendly": "否", "manager": "李惠怡", "manager_phone": "02-23037654#312", "city": "taipei"}, "geometry": {"type": "Point", "coordinates": [121.4993, 25.023]}}, {"type": "Feature", "properties": {"name": "青年公園棒球場", "address": "水源路199號", "district": "萬華區", "capacity": "68", "disaster_types": "震災", "indoor": "是", "outdoor": "否", "vulnerable_friendly": "否", "manager": "楊璟嘉", "manager_phone": "02-25702330#6507", "city": "taipei"}, "geometry": {"type": "Point", "coordinates": [121.4978, 25.0231]}}, {"type": "Feature", "properties": {"name": "東園國小", "address": "臺北市萬華區東園街195號", "district": "萬華區", "capacity": "102", "disaster_types": "震災", "indoor": "是", "outdoor": "否", "vulnerable_friendly": "否", "manager": "張瑞庭", "manager_phone": "02-23034803#1501", "city": "taipei"}, "geometry": {"type": "Point", "coordinates": [121.4978, 25.0231]}}, {"type": "Feature", "properties": {"name": "臺北市萬華運動中心", "address": "西寧南路6之1號", "district": "萬華區", "capacity": "226", "disaster_types": "震災", "indoor": "是", "outdoor": "否", "vulnerable_friendly": "否", "manager": "莊耘", "manager_phone": "2570-2330轉6429", "city": "taipei"}, "geometry": {"type": "Point", "coordinates": [121.4978, 25.0231]}}, {"type": "Feature", "properties": {"name": "河堤國小", "address": "中正區汀州路2段180號", "district": "中正區", "capacity": "30", "disaster_types": "水災,震災", "indoor": "是", "outdoor": "否", "vulnerable_friendly": "否", "manager": "陳昱至", "manager_phone": "02-23677144#831", "city": "taipei"}, "geometry": {"type": "Point", "coordinates": [121.5226, 25.0232]}}, {"type": "Feature", "properties": {"name": "菁桐市民活動中心", "address": "菁桐街65-1號", "district": "平溪區", "capacity": "104", "disaster_types": "水災,震災,土石流", "indoor": "是", "outdoor": "否", "vulnerable_friendly": "是", "manager": "李元裕", "manager_phone": "02-24951510#151", "city": "new_taipei"}, "geometry": {"type": "Point", "coordinates": [121.7262, 25.0235]}}, {"type": "Feature", "properties": {"name": "平溪國中", "address": "靜安路二段295號", "district": "平溪區", "capacity": "710", "disaster_types": "水災,震災,土石流", "indoor": "是", "outdoor": "是", "vulnerable_friendly": "是", "manager": "李元裕", "manager_phone": "02-24951510#151", "city": "new_taipei"}, "geometry": {"type": "Point", "coordinates": [121.7336, 25.0235]}}, {"type": "Feature", "properties": {"name": "菁桐國小", "address": "菁桐街45號", "district": "平溪區", "capacity": "310", "disaster_types": "水災,震災,土石流", "indoor": "是", "outdoor": "是", "vulnerable_friendly": "否", "manager": "李元裕", "manager_phone": "02-24951510#151", "city": "new_taipei"}, "geometry": {"type": "Point", "coordinates": [121.7266, 25.0236]}}, {"type": "Feature", "properties": {"name": "龍安國小", "address": "大安區新生南路3段33號", "district": "大安區", "capacity": "120", "disaster_types": "水災,震災", "indoor": "是", "outdoor": "否", "vulnerable_friendly": "是", "manager": "張振茂", "manager_phone": "02-23632077#730", "city": "taipei"}, "geometry": {"type": "Point", "coordinates": [121.5348, 25.0239]}}, {"type": "Feature", "properties": {"name": "板橋國中", "address": "中正路437號", "district": "板橋區", "capacity": "1628", "disaster_types": "震災,土石流", "indoor": "是", "outdoor": "是", "vulnerable_friendly": "否", "manager": "蕭麗真主任", "manager_phone": "2.97E+11", "city": "new_taipei"}, "geometry": {"type": "Point", "coordinates": [121.4542, 25.024]}}, {"type": "Feature", "properties": {"name": "中港國小", "address": "中港一街142號", "district": "新莊區", "capacity": "695", "disaster_types": "水災,土石流,海嘯", "indoor": "是", "outdoor": "是", "vulnerable_friendly": "否", "manager": "邱雋弘", "manager_phone": "02-29929891", "city": "new_taipei"}, "geometry": {"type": "Point", "coordinates": [121.4138, 25.0242]}}, {"type": "Feature", "properties": {"name": "昌平國小", "address": "昌平街200號", "district": "新莊區", "capacity": "635", "disaster_types": "水災,震災,土石流,海嘯", "indoor": "是", "outdoor": "否", "vulnerable_friendly": "否", "manager": "邱雋弘", "manager_phone": "02-29929891", "city": "new_taipei"}, "geometry": {"type": "Point", "coordinates": [121.4238, 25.0243]}}, {"type": "Feature", "properties": {"name": "古亭國中", "address": "中正區中華路2段465號", "district": "中正區", "capacity": "66", "disaster_types": "水災,震災", "indoor": "是", "outdoor": "否", "vulnerable_friendly": "是", "manager": "顏錦江", "manager_phone": "02-23090986#510", "city": "taipei"}, "geometry": {"type": "Point", "coordinates": [121.5106, 25.0246]}}, {"type": "Feature", "properties": {"name": "平溪市民活動中心", "address": "公園街17號2樓", "district": "平溪區", "capacity": "106", "disaster_types": "水災,震災,土石流", "indoor": "是", "outdoor": "是", "vulnerable_friendly": "是", "manager": "李元裕", "manager_phone": "02-24951510#151", "city": "new_taipei"}, "geometry": {"type": "Point", "coordinates": [121.7371, 25.0247]}}, {"type": "Feature", "properties": {"name": "新埔國中", "address": "新海路181號", "district": "板橋區", "capacity": "3276", "disaster_types": "水災,震災", "indoor": "是", "outdoor": "是", "vulnerable_friendly": "否", "manager": "吳國菁組長", "manager_phone": "22572275512", "city": "new_taipei"}, "geometry": {"type": "Point", "coordinates": [121.4597, 25.0249]}}, {"type": "Feature", "properties": {"name": "螢橋國小", "address": "中正區詔安街29號", "district": "中正區", "capacity": "63", "disaster_types": "水災,震災", "indoor": "是", "outdoor": "否", "vulnerable_friendly": "否", "manager": "王昭傑", "manager_phone": "23054620109", "city": "taipei"}, "geometry": {"type": "Point", "coordinates": [121.5144, 25.0249]}}, {"type": "Feature", "properties": {"name": "龍門國中", "address": "大安區建國南路2段269號", "district": "大安區", "capacity": "300", "disaster_types": "震災", "indoor": "是", "outdoor": "否", "vulnerable_friendly": "否", "manager": "金多齊", "manager_phone": "02-27330299#1402", "city": "taipei"}, "geometry": {"type": "Point", "coordinates": [121.538, 25.0249]}}, {"type": "Feature", "properties": {"name": "新莊國中", "address": "中正路211號", "district": "新莊區", "capacity": "1370", "disaster_types": "震災,土石流,海嘯", "indoor": "是", "outdoor": "是", "vulnerable_friendly": "否", "manager": "邱雋弘", "manager_phone": "02-29929891", "city": "new_taipei"}, "geometry": {"type": "Point", "coordinates": [121.4225, 25.0253]}}, {"type": "Feature", "properties": {"name": "平湖市民活動中心", "address": "大湖10號", "district": "平溪區", "capacity": "71", "disaster_types": "水災,震災,土石流", "indoor": "是", "outdoor": "否", "vulnerable_friendly": "否", "manager": "李元裕", "manager_phone": "02-24951510#151", "city": "new_taipei"}, "geometry": {"type": "Point", "coordinates": [121.7813, 25.0256]}}, {"type": "Feature", "properties": {"name": "豐年市民活動中心", "address": "豐年街57號之5", "district": "新莊區", "capacity": "100", "disaster_types": "水災,震災", "indoor": "是", "outdoor": "否", "vulnerable_friendly": "是", "manager": "邱雋弘", "manager_phone": "02-29929891#135", "city": "new_taipei"}, "geometry": {"type": "Point", "coordinates": [121.4283, 25.0258]}}, {"type": "Feature", "properties": {"name": "新和國小", "address": "萬華區西藏路125巷31號", "district": "萬華區", "capacity": "79", "disaster_types": "震災", "indoor": "是", "outdoor": "否", "vulnerable_friendly": "是", "manager": "梁世建", "manager_phone": "02-23038298#31", "city": "taipei"}, "geometry": {"type": "Point", "coordinates": [121.5033, 25.026]}}, {"type": "Feature", "properties": {"name": "吳興國小", "address": "臺北市信義區松仁路226號", "district": "信義區", "capacity": "60", "disaster_types": "土石流", "indoor": "是", "outdoor": "否", "vulnerable_friendly": "否", "manager": "吳次寶", "manager_phone": "27200226#50", "city": "taipei"}, "geometry": {"type": "Point", "coordinates": [121.5686, 25.026]}}, {"type": "Feature", "properties": {"name": "莒光國小", "address": "莒光路163號", "district": "板橋區", "capacity": "428", "disaster_types": "水災,震災", "indoor": "是", "outdoor": "是", "vulnerable_friendly": "否", "manager": "蘇賢龍組長", "manager_phone": "22517272109", "city": "new_taipei"}, "geometry": {"type": "Point", "coordinates": [121.4736, 25.0261]}}, {"type": "Feature", "properties": {"name": "西園國小", "address": "萬華區東園街73巷23號6樓", "district": "萬華區", "capacity": "30", "disaster_types": "水災,震災", "indoor": "是", "outdoor": "否", "vulnerable_friendly": "否", "manager": "林淑華", "manager_phone": "02-23030257#125", "city": "taipei"}, "geometry": {"type": "Point", "coordinates": [121.4988, 25.0266]}}, {"type": "Feature", "properties": {"name": "平溪國小", "address": "平溪街56號", "district": "平溪區", "capacity": "525", "disaster_types": "水災,震災,土石流", "indoor": "是", "outdoor": "是", "vulnerable_friendly": "是", "manager": "李元裕", "manager_phone": "02-24951510#151", "city": "new_taipei"}, "geometry": {"type": "Point", "coordinates": [121.7376, 25.0272]}}, {"type": "Feature", "properties": {"name": "昭惠廟", "address": "龍門街74-1號", "district": "貢寮區", "capacity": "50", "disaster_types": "水災,震災,土石流,海嘯", "indoor": "是", "outdoor": "否", "vulnerable_friendly": "否", "manager": "吳世揚", "manager_phone": "02-24941556", "city": "new_taipei"}, "geometry": {"type": "Point", "coordinates": [121.9316, 25.0273]}}, {"type": "Feature", "properties": {"name": "雙園國中", "address": "萬華區興義街2號", "district": "萬華區", "capacity": "30", "disaster_types": "水災,震災", "indoor": "是", "outdoor": "否", "vulnerable_friendly": "是", "manager": "章譽鐘", "manager_phone": "02-23030827#140", "city": "taipei"}, "geometry": {"type": "Point", "coordinates": [121.4927, 25.0276]}}, {"type": "Feature", "properties": {"name": "華江高中", "address": "萬華區西藏路213號", "district": "萬華區", "capacity": "300", "disaster_types": "水災,震災", "indoor": "是", "outdoor": "否", "vulnerable_friendly": "否", "manager": "陳昭葳", "manager_phone": "02-23019946#105", "city": "taipei"}, "geometry": {"type": "Point", "coordinates": [121.4962, 25.0285]}}, {"type": "Feature", "properties": {"name": "信義國中", "address": "信義區松仁路158巷1號", "district": "信義區", "capacity": "361", "disaster_types": "水災", "indoor": "是", "outdoor": "否", "vulnerable_friendly": "是", "manager": "劉志賢", "manager_phone": "02-27236771#511", "city": "taipei"}, "geometry": {"type": "Point", "coordinates": [121.5679, 25.0286]}}, {"type": "Feature", "properties": {"name": "江翠國中", "address": "松江街63號", "district": "板橋區", "capacity": "2895", "disaster_types": "水災,震災,土石流,海嘯", "indoor": "是", "outdoor": "是", "vulnerable_friendly": "否", "manager": "賴建男組長", "manager_phone": "22568560/2251800761", "city": "new_taipei"}, "geometry": {"type": "Point", "coordinates": [121.4684, 25.0289]}}, {"type": "Feature", "properties": {"name": "上林國小", "address": "內平林60號", "district": "雙溪區", "capacity": "1309", "disaster_types": "水災,震災,土石流", "indoor": "是", "outdoor": "是", "vulnerable_friendly": "否", "manager": "宋翔怡", "manager_phone": "02-24931111轉124", "city": "new_taipei"}, "geometry": {"type": "Point", "coordinates": [121.832, 25.029]}}, {"type": "Feature", "properties": {"name": "萬華國中", "address": "萬華區西藏路201號", "district": "萬華區", "capacity": "50", "disaster_types": "水災,震災", "indoor": "是", "outdoor": "否", "vulnerable_friendly": "否", "manager": "張幸愉", "manager_phone": "02-23394567#130", "city": "taipei"}, "geometry": {"type": "Point", "coordinates": [121.4987, 25.0291]}}, {"type": "Feature", "properties": {"name": "牡丹心市民活動中心", "address": "雙鳳路75號5樓", "district": "新莊區", "capacity": "300", "disaster_types": "水災,土石流", "indoor": "是", "outdoor": "否", "vulnerable_friendly": "是", "manager": "邱雋弘", "manager_phone": "02-29929891#135", "city": "new_taipei"}, "geometry": {"type": "Point", "coordinates": [121.4431, 25.0294]}}, {"type": "Feature", "properties": {"name": "建安國小", "address": "大安區大安路2段99號", "district": "大安區", "capacity": "30", "disaster_types": "水災,震災", "indoor": "是", "outdoor": "否", "vulnerable_friendly": "否", "manager": "李昀容", "manager_phone": "02-27077719#140", "city": "taipei"}, "geometry": {"type": "Point", "coordinates": [121.5461, 25.0294]}}, {"type": "Feature", "properties": {"name": "文聖國小", "address": "文聖街86號", "district": "板橋區", "capacity": "1023", "disaster_types": "震災", "indoor": "是", "outdoor": "是", "vulnerable_friendly": "否", "manager": "楊吉文組長", "manager_phone": "22530782813", "city": "new_taipei"}, "geometry": {"type": "Point", "coordinates": [121.4772, 25.0295]}}, {"type": "Feature", "properties": {"name": "忠義國小", "address": "中正區中華路2段307巷17號", "district": "中正區", "capacity": "100", "disaster_types": "水災", "indoor": "是", "outdoor": "否", "vulnerable_friendly": "否", "manager": "范綱發", "manager_phone": "02-23038752#230", "city": "taipei"}, "geometry": {"type": "Point", "coordinates": [121.5062, 25.0296]}}, {"type": "Feature", "properties": {"name": "中華區民活動中心", "address": "中華路2段291號地下室", "district": "中正區", "capacity": "35", "disaster_types": "水災,震災", "indoor": "是", "outdoor": "否", "vulnerable_friendly": "否", "manager": "張為閔", "manager_phone": "02-23416721", "city": "taipei"}, "geometry": {"type": "Point", "coordinates": [121.5045, 25.0297]}}, {"type": "Feature", "properties": {"name": "三興國小", "address": "信義區基隆路2段99號", "district": "信義區", "capacity": "77", "disaster_types": "水災,震災", "indoor": "是", "outdoor": "否", "vulnerable_friendly": "否", "manager": "蘇雪玲", "manager_phone": "27364687#51", "city": "taipei"}, "geometry": {"type": "Point", "coordinates": [121.558, 25.0297]}}, {"type": "Feature", "properties": {"name": "大安森林公園", "address": "臺北市大安區新生南路以東、信義路3段以南", "district": "大安區", "capacity": "47436", "disaster_types": "震災", "indoor": "否", "outdoor": "是", "vulnerable_friendly": "是", "manager": "呂芳金", "manager_phone": "2303-2451", "city": "taipei"}, "geometry": {"type": "Point", "coordinates": [121.5354, 25.0301]}}, {"type": "Feature", "properties": {"name": "新生國小", "address": "大安區新生南路2段36號", "district": "大安區", "capacity": "35", "disaster_types": "水災,震災", "indoor": "是", "outdoor": "否", "vulnerable_friendly": "否", "manager": "吳盈瑩", "manager_phone": "02-23913122#230", "city": "taipei"}, "geometry": {"type": "Point", "coordinates": [121.5335, 25.0304]}}, {"type": "Feature", "properties": {"name": "瓊泰市民活動中心", "address": "瓊泰路85號", "district": "新莊區", "capacity": "150", "disaster_types": "震災", "indoor": "是", "outdoor": "否", "vulnerable_friendly": "是", "manager": "邱雋弘", "manager_phone": "02-29929891#135", "city": "new_taipei"}, "geometry": {"type": "Point", "coordinates": [121.4467, 25.0306]}}, {"type": "Feature", "properties": {"name": "大安國中", "address": "大安區大安路2段63號", "district": "大安區", "capacity": "274", "disaster_types": "水災,震災", "indoor": "是", "outdoor": "否", "vulnerable_friendly": "否", "manager": "林志豪", "manager_phone": "02-27557131#103", "city": "taipei"}, "geometry": {"type": "Point", "coordinates": [121.5462, 25.0307]}}, {"type": "Feature", "properties": {"name": "大理高中", "address": "萬華區長順街2號", "district": "萬華區", "capacity": "300", "disaster_types": "水災,震災", "indoor": "是", "outdoor": "否", "vulnerable_friendly": "是", "manager": "洪焌維", "manager_phone": "02-23026959#141", "city": "taipei"}, "geometry": {"type": "Point", "coordinates": [121.4913, 25.0308]}}, {"type": "Feature", "properties": {"name": "思賢國小", "address": "自立街229號", "district": "新莊區", "capacity": "285", "disaster_types": "水災,震災,土石流,海嘯", "indoor": "是", "outdoor": "是", "vulnerable_friendly": "否", "manager": "邱雋弘", "manager_phone": "02-29929891", "city": "new_taipei"}, "geometry": {"type": "Point", "coordinates": [121.4433, 25.0309]}}, {"type": "Feature", "properties": {"name": "雙園國小", "address": "萬華區莒光路315號", "district": "萬華區", "capacity": "109", "disaster_types": "水災", "indoor": "是", "outdoor": "否", "vulnerable_friendly": "是", "manager": "魯俊賢", "manager_phone": "02-23061893#131", "city": "taipei"}, "geometry": {"type": "Point", "coordinates": [121.4975, 25.0309]}}, {"type": "Feature", "properties": {"name": "國語實小", "address": "中正區南海路58號", "district": "中正區", "capacity": "49", "disaster_types": "水災,震災", "indoor": "是", "outdoor": "否", "vulnerable_friendly": "是", "manager": "匡秀蘭", "manager_phone": "23033555轉600", "city": "taipei"}, "geometry": {"type": "Point", "coordinates": [121.511, 25.0309]}}, {"type": "Feature", "properties": {"name": "大理國小", "address": "萬華區艋舺大道389號", "district": "萬華區", "capacity": "84", "disaster_types": "水災,震災", "indoor": "是", "outdoor": "否", "vulnerable_friendly": "否", "manager": "郭渝葶", "manager_phone": "23064311#1400", "city": "taipei"}, "geometry": {"type": "Point", "coordinates": [121.4938, 25.0312]}}, {"type": "Feature", "properties": {"name": "建國中學", "address": "中正區南海路56號", "district": "中正區", "capacity": "300", "disaster_types": "水災,震災", "indoor": "是", "outdoor": "否", "vulnerable_friendly": "否", "manager": "王鼎中", "manager_phone": "02-23034381#501", "city": "taipei"}, "geometry": {"type": "Point", "coordinates": [121.5122, 25.0312]}}, {"type": "Feature", "properties": {"name": "金華國中", "address": "大安區新生南路2段32號", "district": "大安區", "capacity": "300", "disaster_types": "水災,震災", "indoor": "是", "outdoor": "否", "vulnerable_friendly": "是", "manager": "侯姿吟", "manager_phone": "02-33931799#501", "city": "taipei"}, "geometry": {"type": "Point", "coordinates": [121.5331, 25.0312]}}, {"type": "Feature", "properties": {"name": "信義國小", "address": "信義區松勤街60號", "district": "信義區", "capacity": "150", "disaster_types": "水災", "indoor": "是", "outdoor": "否", "vulnerable_friendly": "否", "manager": "蔡育婷", "manager_phone": "02-27204005#832", "city": "taipei"}, "geometry": {"type": "Point", "coordinates": [121.5632, 25.0318]}}, {"type": "Feature", "properties": {"name": "共和社區活動中心", "address": "中山路41巷6號", "district": "雙溪區", "capacity": "100", "disaster_types": "水災,震災,土石流", "indoor": "是", "outdoor": "否", "vulnerable_friendly": "是", "manager": "宋翔怡", "manager_phone": "02-24931111#124", "city": "new_taipei"}, "geometry": {"type": "Point", "coordinates": [121.8661, 25.0318]}}, {"type": "Feature", "properties": {"name": "大安高工", "address": "大安區復興南路2段52號", "district": "大安區", "capacity": "100", "disaster_types": "水災,震災", "indoor": "是", "outdoor": "否", "vulnerable_friendly": "否", "manager": "劉家豪", "manager_phone": "02-27091630#1401", "city": "taipei"}, "geometry": {"type": "Point", "coordinates": [121.5432, 25.0319]}}, {"type": "Feature", "properties": {"name": "金華國小", "address": "大安區愛國東路79巷11號", "district": "大安區", "capacity": "56", "disaster_types": "水災,震災", "indoor": "是", "outdoor": "否", "vulnerable_friendly": "是", "manager": "游秀靜", "manager_phone": "02-23917402#830", "city": "taipei"}, "geometry": {"type": "Point", "coordinates": [121.5277, 25.0322]}}, {"type": "Feature", "properties": {"name": "中正國中", "address": "中正區愛國東路158號", "district": "中正區", "capacity": "300", "disaster_types": "水災,震災", "indoor": "是", "outdoor": "否", "vulnerable_friendly": "是", "manager": "朱文源", "manager_phone": "02-23916697#501", "city": "taipei"}, "geometry": {"type": "Point", "coordinates": [121.5221, 25.0323]}}, {"type": "Feature", "properties": {"name": "江翠國小", "address": "文化路二段413號", "district": "板橋區", "capacity": "784", "disaster_types": "震災,土石流,海嘯", "indoor": "是", "outdoor": "是", "vulnerable_friendly": "否", "manager": "蔡瓊如組長", "manager_phone": "22526880231", "city": "new_taipei"}, "geometry": {"type": "Point", "coordinates": [121.4742, 25.0324]}}, {"type": "Feature", "properties": {"name": "永春高中", "address": "信義區松山路654號", "district": "信義區", "capacity": "300", "disaster_types": "水災,震災", "indoor": "是", "outdoor": "否", "vulnerable_friendly": "否", "manager": "劉育成", "manager_phone": "27272983#501", "city": "taipei"}, "geometry": {"type": "Point", "coordinates": [121.5786, 25.0327]}}, {"type": "Feature", "properties": {"name": "輔仁大學", "address": "中正路510號", "district": "新莊區", "capacity": "705", "disaster_types": "震災,土石流,海嘯", "indoor": "是", "outdoor": "是", "vulnerable_friendly": "否", "manager": "邱雋弘", "manager_phone": "02-29929891", "city": "new_taipei"}, "geometry": {"type": "Point", "coordinates": [121.4341, 25.0329]}}, {"type": "Feature", "properties": {"name": "雙溪國小", "address": "東榮街54號", "district": "雙溪區", "capacity": "1013", "disaster_types": "震災,土石流", "indoor": "是", "outdoor": "是", "vulnerable_friendly": "否", "manager": "宋翔怡", "manager_phone": "02-24931111-124", "city": "new_taipei"}, "geometry": {"type": "Point", "coordinates": [121.8672, 25.0334]}}, {"type": "Feature", "properties": {"name": "華江國小", "address": "萬華區環河南路2段250巷42弄2號", "district": "萬華區", "capacity": "37", "disaster_types": "水災,震災", "indoor": "是", "outdoor": "否", "vulnerable_friendly": "否", "manager": "吳瓊慧", "manager_phone": "02-23064352#14", "city": "taipei"}, "geometry": {"type": "Point", "coordinates": [121.4912, 25.0341]}}, {"type": "Feature", "properties": {"name": "新莊國小", "address": "中正路86號", "district": "新莊區", "capacity": "1029", "disaster_types": "水災,震災,土石流,海嘯", "indoor": "是", "outdoor": "是", "vulnerable_friendly": "是", "manager": "邱雋弘", "manager_phone": "02-29929891", "city": "new_taipei"}, "geometry": {"type": "Point", "coordinates": [121.4417, 25.0342]}}, {"type": "Feature", "properties": {"name": "松山家商", "address": "信義區松山路655號", "district": "信義區", "capacity": "116", "disaster_types": "水災,震災", "indoor": "是", "outdoor": "否", "vulnerable_friendly": "是", "manager": "唐培培", "manager_phone": "02-27261118#411", "city": "taipei"}, "geometry": {"type": "Point", "coordinates": [121.5801, 25.0348]}}, {"type": "Feature", "properties": {"name": "雙溪高中", "address": "梅竹蹊3號", "district": "雙溪區", "capacity": "1376", "disaster_types": "水災,震災,土石流", "indoor": "是", "outdoor": "是", "vulnerable_friendly": "否", "manager": "宋翔怡", "manager_phone": "02-24931111-124", "city": "new_taipei"}, "geometry": {"type": "Point", "coordinates": [121.8632, 25.0349]}}, {"type": "Feature", "properties": {"name": "南門國小", "address": "中正區廣州街6號", "district": "中正區", "capacity": "30", "disaster_types": "水災,震災", "indoor": "是", "outdoor": "否", "vulnerable_friendly": "否", "manager": "林育農", "manager_phone": "02-23715052#401", "city": "taipei"}, "geometry": {"type": "Point", "coordinates": [121.5091, 25.0352]}}, {"type": "Feature", "properties": {"name": "南門國中", "address": "中正區廣州街6號", "district": "中正區", "capacity": "151", "disaster_types": "水災,震災", "indoor": "是", "outdoor": "否", "vulnerable_friendly": "否", "manager": "楊啟明", "manager_phone": "02-23142775#61", "city": "taipei"}, "geometry": {"type": "Point", "coordinates": [121.5091, 25.0352]}}, {"type": "Feature", "properties": {"name": "平林市民活動中心", "address": "外平林52號", "district": "雙溪區", "capacity": "79", "disaster_types": "水災,震災,土石流", "indoor": "否", "outdoor": "否", "vulnerable_friendly": "否", "manager": "宋翔怡", "manager_phone": "02-24931111#124", "city": "new_taipei"}, "geometry": {"type": "Point", "coordinates": [121.849136, 25.035598]}}, {"type": "Feature", "properties": {"name": "龍山國小", "address": "萬華區和平西路3段235號", "district": "萬華區", "capacity": "50", "disaster_types": "水災,震災", "indoor": "是", "outdoor": "否", "vulnerable_friendly": "是", "manager": "李志強", "manager_phone": "02-23082977#730", "city": "taipei"}, "geometry": {"type": "Point", "coordinates": [121.4962, 25.0356]}}, {"type": "Feature", "properties": {"name": "臺北市信義運動中心", "address": "松勤路100號", "district": "信義區", "capacity": "200", "disaster_types": "震災", "indoor": "是", "outdoor": "否", "vulnerable_friendly": "否", "manager": "莊耘", "manager_phone": "2570-2330轉6429", "city": "taipei"}, "geometry": {"type": "Point", "coordinates": [121.5733, 25.0356]}}, {"type": "Feature", "properties": {"name": "松德公園", "address": "臺北市信義區松德路180巷興雅國中西側", "district": "信義區", "capacity": "1346", "disaster_types": "震災", "indoor": "否", "outdoor": "是", "vulnerable_friendly": "是", "manager": "高奕翔", "manager_phone": "02-27884255", "city": "taipei"}, "geometry": {"type": "Point", "coordinates": [121.5733, 25.0356]}}, {"type": "Feature", "properties": {"name": "中信國小", "address": "中信街168號", "district": "新莊區", "capacity": "1084", "disaster_types": "水災,震災,土石流,海嘯", "indoor": "是", "outdoor": "否", "vulnerable_friendly": "否", "manager": "邱雋弘", "manager_phone": "02-29929891", "city": "new_taipei"}, "geometry": {"type": "Point", "coordinates": [121.4505, 25.0358]}}, {"type": "Feature", "properties": {"name": "仁愛國小", "address": "大安區安和路1段60號", "district": "大安區", "capacity": "53", "disaster_types": "水災,震災", "indoor": "是", "outdoor": "否", "vulnerable_friendly": "否", "manager": "林宜靜", "manager_phone": "02-27095010#401", "city": "taipei"}, "geometry": {"type": "Point", "coordinates": [121.5524, 25.0358]}}, {"type": "Feature", "properties": {"name": "新莊區公所", "address": "中正路176號", "district": "新莊區", "capacity": "200", "disaster_types": "水災,震災", "indoor": "是", "outdoor": "否", "vulnerable_friendly": "是", "manager": "邱雋弘", "manager_phone": "02-29929891#135", "city": "new_taipei"}, "geometry": {"type": "Point", "coordinates": [121.450558, 25.035834]}}, {"type": "Feature", "properties": {"name": "新莊高中", "address": "中平路135號", "district": "新莊區", "capacity": "933", "disaster_types": "水災,震災,土石流,海嘯", "indoor": "是", "outdoor": "是", "vulnerable_friendly": "否", "manager": "邱雋弘", "manager_phone": "02-29929891", "city": "new_taipei"}, "geometry": {"type": "Point", "coordinates": [121.4525, 25.0359]}}, {"type": "Feature", "properties": {"name": "龍山國中", "address": "臺北市萬華區南寧路46號", "district": "萬華區", "capacity": "367", "disaster_types": "水災", "indoor": "是", "outdoor": "否", "vulnerable_friendly": "是", "manager": "楊炳煌", "manager_phone": "23362789#500", "city": "taipei"}, "geometry": {"type": "Point", "coordinates": [121.5046, 25.036]}}, {"type": "Feature", "properties": {"name": "博愛國小", "address": "信義區松仁路95巷20號", "district": "信義區", "capacity": "80", "disaster_types": "震災", "indoor": "是", "outdoor": "否", "vulnerable_friendly": "否", "manager": "朱榮富", "manager_phone": "23450616#400", "city": "taipei"}, "geometry": {"type": "Point", "coordinates": [121.5711, 25.0364]}}, {"type": "Feature", "properties": {"name": "興雅國中", "address": "信義區松德路168巷15號", "district": "信義區", "capacity": "151", "disaster_types": "震災", "indoor": "是", "outdoor": "否", "vulnerable_friendly": "是", "manager": "柯景煌", "manager_phone": "02-27232771#500", "city": "taipei"}, "geometry": {"type": "Point", "coordinates": [121.5723, 25.0364]}}, {"type": "Feature", "properties": {"name": "私立恆毅高級中學", "address": "中正路108號", "district": "新莊區", "capacity": "604", "disaster_types": "水災,震災,土石流,海嘯", "indoor": "是", "outdoor": "是", "vulnerable_friendly": "否", "manager": "邱雋弘", "manager_phone": "02-29929891", "city": "new_taipei"}, "geometry": {"type": "Point", "coordinates": [121.453731, 25.036593]}}, {"type": "Feature", "properties": {"name": "新泰市民活動中心", "address": "建中街116巷3弄2號", "district": "新莊區", "capacity": "250", "disaster_types": "水災,震災", "indoor": "是", "outdoor": "否", "vulnerable_friendly": "是", "manager": "邱雋弘", "manager_phone": "02-29929891#135", "city": "new_taipei"}, "geometry": {"type": "Point", "coordinates": [121.4451, 25.0369]}}, {"type": "Feature", "properties": {"name": "頭前國中", "address": "思源路485號", "district": "新莊區", "capacity": "2352", "disaster_types": "水災,震災,土石流,海嘯", "indoor": "是", "outdoor": "是", "vulnerable_friendly": "否", "manager": "邱雋弘", "manager_phone": "02-29929891", "city": "new_taipei"}, "geometry": {"type": "Point", "coordinates": [121.4564, 25.037]}}, {"type": "Feature", "properties": {"name": "?公國中", "address": "臺北市信義區福德街221巷15號", "district": "信義區", "capacity": "30", "disaster_types": "水災,震災", "indoor": "是", "outdoor": "否", "vulnerable_friendly": "否", "manager": "黃福全", "manager_phone": "02-27261481#400", "city": "taipei"}, "geometry": {"type": "Point", "coordinates": [121.5853, 25.0371]}}, {"type": "Feature", "properties": {"name": "弘道國中", "address": "中正區公園路21號", "district": "中正區", "capacity": "87", "disaster_types": "震災", "indoor": "是", "outdoor": "否", "vulnerable_friendly": "否", "manager": "林鴻儒", "manager_phone": "02-23715520#500", "city": "taipei"}, "geometry": {"type": "Point", "coordinates": [121.5153, 25.0375]}}, {"type": "Feature", "properties": {"name": "仁愛國中", "address": "大安區仁愛路4段130號", "district": "大安區", "capacity": "125", "disaster_types": "水災,震災", "indoor": "是", "outdoor": "否", "vulnerable_friendly": "否", "manager": "廖志偉", "manager_phone": "02-23255823#168", "city": "taipei"}, "geometry": {"type": "Point", "coordinates": [121.5507, 25.0375]}}, {"type": "Feature", "properties": {"name": "幸安國小", "address": "大安區仁愛路3段22號", "district": "大安區", "capacity": "200", "disaster_types": "震災", "indoor": "是", "outdoor": "否", "vulnerable_friendly": "是", "manager": "林冠廷", "manager_phone": "02-27074191#3300", "city": "taipei"}, "geometry": {"type": "Point", "coordinates": [121.535, 25.0376]}}, {"type": "Feature", "properties": {"name": "光華國小", "address": "龍安路452號", "district": "新莊區", "capacity": "963", "disaster_types": "水災,震災,土石流,海嘯", "indoor": "是", "outdoor": "是", "vulnerable_friendly": "否", "manager": "邱雋弘", "manager_phone": "02-29929891", "city": "new_taipei"}, "geometry": {"type": "Point", "coordinates": [121.4438, 25.0378]}}, {"type": "Feature", "properties": {"name": "老松國小", "address": "臺北市萬華區桂林路64號", "district": "萬華區", "capacity": "50", "disaster_types": "水災,震災", "indoor": "是", "outdoor": "否", "vulnerable_friendly": "否", "manager": "湯順禎", "manager_phone": "02-23361266#130", "city": "taipei"}, "geometry": {"type": "Point", "coordinates": [121.5027, 25.038]}}, {"type": "Feature", "properties": {"name": "北一女中", "address": "臺北市中正區重慶南路1段 165 號", "district": "中正區", "capacity": "60", "disaster_types": "水災,震災", "indoor": "是", "outdoor": "否", "vulnerable_friendly": "是", "manager": "鄭鈺樺", "manager_phone": "23820484#600", "city": "taipei"}, "geometry": {"type": "Point", "coordinates": [121.513, 25.0386]}}, {"type": "Feature", "properties": {"name": "東門國小", "address": "中正區仁愛路1段2-4號", "district": "中正區", "capacity": "100", "disaster_types": "水災,震災", "indoor": "是", "outdoor": "否", "vulnerable_friendly": "否", "manager": "林郁玲", "manager_phone": "02-23413542#23", "city": "taipei"}, "geometry": {"type": "Point", "coordinates": [121.5209, 25.0387]}}, {"type": "Feature", "properties": {"name": "福德國小", "address": "信義區福德街253號", "district": "信義區", "capacity": "105", "disaster_types": "水災,震災", "indoor": "是", "outdoor": "否", "vulnerable_friendly": "否", "manager": "林君豪", "manager_phone": "02-27277992#21", "city": "taipei"}, "geometry": {"type": "Point", "coordinates": [121.5865, 25.0389]}}, {"type": "Feature", "properties": {"name": "貴和市民活動中心", "address": "明志路三段365號", "district": "泰山區", "capacity": "76", "disaster_types": "水災,土石流,海嘯,核子事故", "indoor": "是", "outdoor": "否", "vulnerable_friendly": "否", "manager": "詹淑美", "manager_phone": "02-29099551#1402", "city": "new_taipei"}, "geometry": {"type": "Point", "coordinates": [121.4266, 25.0394]}}, {"type": "Feature", "properties": {"name": "財團法人臺北市東和禪寺", "address": "仁愛路一段21-33號", "district": "中正區", "capacity": "30", "disaster_types": "水災,震災", "indoor": "是", "outdoor": "否", "vulnerable_friendly": "否", "manager": "釋修慧", "manager_phone": "23934598", "city": "taipei"}, "geometry": {"type": "Point", "coordinates": [121.5225, 25.0394]}}, {"type": "Feature", "properties": {"name": "松山工農", "address": "臺北市信義區忠孝東路5段236巷15號", "district": "信義區", "capacity": "50", "disaster_types": "水災,震災", "indoor": "是", "outdoor": "否", "vulnerable_friendly": "否", "manager": "鄭才新", "manager_phone": "27226616#601", "city": "taipei"}, "geometry": {"type": "Point", "coordinates": [121.572, 25.0398]}}, {"type": "Feature", "properties": {"name": "光復國小", "address": "臺北市信義區光復南路271號", "district": "信義區", "capacity": "40", "disaster_types": "水災,震災", "indoor": "是", "outdoor": "否", "vulnerable_friendly": "是", "manager": "吳建億", "manager_phone": "27585076#830", "city": "taipei"}, "geometry": {"type": "Point", "coordinates": [121.5578, 25.0402]}}, {"type": "Feature", "properties": {"name": "舊庄國小", "address": "舊莊街一段100號", "district": "南港區", "capacity": "92", "disaster_types": "", "indoor": "否", "outdoor": "否", "vulnerable_friendly": "否", "manager": "林思瀅", "manager_phone": "922424372", "city": "taipei"}, "geometry": {"type": "Point", "coordinates": [121.61735, 25.040245]}}, {"type": "Feature", "properties": {"name": "二二八和平公園", "address": "臺北市中正區-凱達格蘭大道3號", "district": "中正區", "capacity": "7909", "disaster_types": "震災", "indoor": "否", "outdoor": "是", "vulnerable_friendly": "是", "manager": "呂芳金", "manager_phone": "2303-2451", "city": "taipei"}, "geometry": {"type": "Point", "coordinates": [121.5156, 25.0403]}}, {"type": "Feature", "properties": {"name": "懷生國中", "address": "大安區忠孝東路3段248巷30號", "district": "大安區", "capacity": "300", "disaster_types": "水災,震災", "indoor": "是", "outdoor": "否", "vulnerable_friendly": "否", "manager": "謝淑慧", "manager_phone": "02-27215078#330", "city": "taipei"}, "geometry": {"type": "Point", "coordinates": [121.5412, 25.0403]}}, {"type": "Feature", "properties": {"name": "明志科技大學", "address": "工專路84號", "district": "泰山區", "capacity": "1803", "disaster_types": "水災,震災,土石流,海嘯,核子事故", "indoor": "是", "outdoor": "是", "vulnerable_friendly": "是", "manager": "詹淑美", "manager_phone": "02-29099551#1402", "city": "new_taipei"}, "geometry": {"type": "Point", "coordinates": [121.4206, 25.0417]}}, {"type": "Feature", "properties": {"name": "中港第一市民活動中心", "address": "中港路172號", "district": "新莊區", "capacity": "75", "disaster_types": "水災,震災", "indoor": "是", "outdoor": "否", "vulnerable_friendly": "是", "manager": "邱雋弘", "manager_phone": "02-29929891#135", "city": "new_taipei"}, "geometry": {"type": "Point", "coordinates": [121.455157, 25.041825]}}, {"type": "Feature", "properties": {"name": "老人文康活動中心", "address": "十分街66巷1號", "district": "平溪區", "capacity": "127", "disaster_types": "水災,震災,土石流", "indoor": "是", "outdoor": "否", "vulnerable_friendly": "是", "manager": "李元裕", "manager_phone": "02-24951510#151", "city": "new_taipei"}, "geometry": {"type": "Point", "coordinates": [121.775807, 25.04193]}}, {"type": "Feature", "properties": {"name": "全安市民活動中心", "address": "新莊路527號", "district": "新莊區", "capacity": "200", "disaster_types": "水災,震災", "indoor": "是", "outdoor": "否", "vulnerable_friendly": "是", "manager": "邱雋弘", "manager_phone": "02-29929891#135", "city": "new_taipei"}, "geometry": {"type": "Point", "coordinates": [121.4565, 25.0423]}}, {"type": "Feature", "properties": {"name": "大有市民活動中心", "address": "插角25-1號", "district": "三峽區", "capacity": "148", "disaster_types": "水災,震災,土石流", "indoor": "是", "outdoor": "否", "vulnerable_friendly": "否", "manager": "吳香其", "manager_phone": "02-26711017分機207", "city": "new_taipei"}, "geometry": {"type": "Point", "coordinates": [121.533012, 25.042385]}}, {"type": "Feature", "properties": {"name": "豐珠國中小活動中心", "address": "雞母嶺街6-6號", "district": "貢寮區", "capacity": "369", "disaster_types": "水災,海嘯", "indoor": "是", "outdoor": "是", "vulnerable_friendly": "否", "manager": "黃士綺", "manager_phone": "02-24903727", "city": "new_taipei"}, "geometry": {"type": "Point", "coordinates": [121.533012, 25.042385]}}, {"type": "Feature", "properties": {"name": "成功高中", "address": "臺北市中正區濟南路1段71號", "district": "中正區", "capacity": "30", "disaster_types": "水災,震災", "indoor": "是", "outdoor": "否", "vulnerable_friendly": "否", "manager": "鄭隆傑", "manager_phone": "23216256#231", "city": "taipei"}, "geometry": {"type": "Point", "coordinates": [121.5238, 25.0424]}}, {"type": "Feature", "properties": {"name": "胡適國小", "address": "南港區舊莊街1段1號", "district": "南港區", "capacity": "30", "disaster_types": "水災,震災", "indoor": "是", "outdoor": "否", "vulnerable_friendly": "是", "manager": "陳谷易", "manager_phone": "02-27824949#930", "city": "taipei"}, "geometry": {"type": "Point", "coordinates": [121.6172, 25.0424]}}, {"type": "Feature", "properties": {"name": "丹鳳高中", "address": "龍安路72號", "district": "新莊區", "capacity": "1337", "disaster_types": "水災,震災,土石流,海嘯", "indoor": "是", "outdoor": "是", "vulnerable_friendly": "否", "manager": "邱雋弘", "manager_phone": "02-29929891", "city": "new_taipei"}, "geometry": {"type": "Point", "coordinates": [121.4444, 25.0426]}}, {"type": "Feature", "properties": {"name": "忠孝國小", "address": "中正區忠孝東路2段101號", "district": "中正區", "capacity": "30", "disaster_types": "水災,震災", "indoor": "是", "outdoor": "否", "vulnerable_friendly": "否", "manager": "林瑞慧", "manager_phone": "02-23918170#832", "city": "taipei"}, "geometry": {"type": "Point", "coordinates": [121.5317, 25.0428]}}, {"type": "Feature", "properties": {"name": "明志國小", "address": "新生路2號", "district": "泰山區", "capacity": "1024", "disaster_types": "土石流,海嘯,核子事故", "indoor": "是", "outdoor": "是", "vulnerable_friendly": "是", "manager": "詹淑美", "manager_phone": "02-29099551#1402", "city": "new_taipei"}, "geometry": {"type": "Point", "coordinates": [121.4317, 25.043]}}, {"type": "Feature", "properties": {"name": "永吉國小", "address": "信義區松山路287巷5號", "district": "信義區", "capacity": "53", "disaster_types": "水災,震災", "indoor": "是", "outdoor": "否", "vulnerable_friendly": "否", "manager": "宋宏毅", "manager_phone": "87858111#700", "city": "taipei"}, "geometry": {"type": "Point", "coordinates": [121.5791, 25.043]}}, {"type": "Feature", "properties": {"name": "私立金陵女中", "address": "三重區忠孝路三段93巷12號", "district": "三重區", "capacity": "913", "disaster_types": "水災,震災,土石流,海嘯", "indoor": "是", "outdoor": "是", "vulnerable_friendly": "否", "manager": "許明枝", "manager_phone": "02-29862345#493", "city": "new_taipei"}, "geometry": {"type": "Point", "coordinates": [121.467, 25.0431]}}, {"type": "Feature", "properties": {"name": "西門國小", "address": "萬華區成都路98號", "district": "萬華區", "capacity": "95", "disaster_types": "水災,震災", "indoor": "是", "outdoor": "否", "vulnerable_friendly": "是", "manager": "籃玉君", "manager_phone": "02-23113519#1131", "city": "taipei"}, "geometry": {"type": "Point", "coordinates": [121.5035, 25.0432]}}, {"type": "Feature", "properties": {"name": "松山高中", "address": "信義區基隆路1段156號", "district": "信義區", "capacity": "300", "disaster_types": "水災,震災", "indoor": "是", "outdoor": "否", "vulnerable_friendly": "是", "manager": "莊明煌", "manager_phone": "27535968-268", "city": "taipei"}, "geometry": {"type": "Point", "coordinates": [121.5658, 25.0439]}}, {"type": "Feature", "properties": {"name": "十分國小", "address": "十分街157號", "district": "平溪區", "capacity": "175", "disaster_types": "水災,震災,土石流", "indoor": "是", "outdoor": "是", "vulnerable_friendly": "是", "manager": "李元裕", "manager_phone": "02-24951510#151", "city": "new_taipei"}, "geometry": {"type": "Point", "coordinates": [121.7774, 25.0439]}}, {"type": "Feature", "properties": {"name": "永春國小", "address": "信義區松山路225巷48號", "district": "信義區", "capacity": "115", "disaster_types": "水災,震災", "indoor": "是", "outdoor": "否", "vulnerable_friendly": "否", "manager": "朱榮富", "manager_phone": "02-27641314#630", "city": "taipei"}, "geometry": {"type": "Point", "coordinates": [121.5789, 25.0447]}}, {"type": "Feature", "properties": {"name": "臺北田徑場", "address": "臺北市松山區敦化北路3號", "district": "松山區", "capacity": "440", "disaster_types": "水災,震災", "indoor": "否", "outdoor": "是", "vulnerable_friendly": "否", "manager": "陳亭孜", "manager_phone": "02-25702330#6513", "city": "taipei"}, "geometry": {"type": "Point", "coordinates": [121.5509, 25.0449]}}, {"type": "Feature", "properties": {"name": "成德國中", "address": "臺北市南港區東新街108巷23號", "district": "南港區", "capacity": "300", "disaster_types": "", "indoor": "否", "outdoor": "否", "vulnerable_friendly": "否", "manager": "陳章玄", "manager_phone": "02-26515636#401", "city": "taipei"}, "geometry": {"type": "Point", "coordinates": [121.587751, 25.045069]}}, {"type": "Feature", "properties": {"name": "國泰國小", "address": "中正路386號", "district": "新莊區", "capacity": "1036", "disaster_types": "水災,震災,土石流,海嘯", "indoor": "是", "outdoor": "是", "vulnerable_friendly": "否", "manager": "邱雋弘", "manager_phone": "02-29929891", "city": "new_taipei"}, "geometry": {"type": "Point", "coordinates": [121.4472, 25.0451]}}, {"type": "Feature", "properties": {"name": "懷生國小", "address": "中山區安東街16巷2號", "district": "中山區", "capacity": "30", "disaster_types": "水災,震災", "indoor": "是", "outdoor": "否", "vulnerable_friendly": "否", "manager": "曾韻任", "manager_phone": "02-27710846#510", "city": "taipei"}, "geometry": {"type": "Point", "coordinates": [121.5417, 25.0453]}}, {"type": "Feature", "properties": {"name": "修德國小", "address": "東新街118巷86號", "district": "南港區", "capacity": "95", "disaster_types": "水災,震災", "indoor": "是", "outdoor": "否", "vulnerable_friendly": "否", "manager": "張雅祺", "manager_phone": "02-27880500#151", "city": "taipei"}, "geometry": {"type": "Point", "coordinates": [121.5896, 25.0455]}}, {"type": "Feature", "properties": {"name": "頭前國小", "address": "化成路231號", "district": "新莊區", "capacity": "610", "disaster_types": "震災,土石流,海嘯", "indoor": "是", "outdoor": "是", "vulnerable_friendly": "否", "manager": "邱雋弘", "manager_phone": "02-29929891", "city": "new_taipei"}, "geometry": {"type": "Point", "coordinates": [121.4566, 25.0456]}}, {"type": "Feature", "properties": {"name": "南港公園", "address": "東新街170-1號", "district": "南港區", "capacity": "8661", "disaster_types": "震災", "indoor": "否", "outdoor": "是", "vulnerable_friendly": "是", "manager": "高奕翔", "manager_phone": "02-27884255", "city": "taipei"}, "geometry": {"type": "Point", "coordinates": [121.5912, 25.0458]}}, {"type": "Feature", "properties": {"name": "福星國小", "address": "萬華區中華路1段66號", "district": "萬華區", "capacity": "50", "disaster_types": "水災,震災", "indoor": "是", "outdoor": "否", "vulnerable_friendly": "否", "manager": "蘇鈺琇", "manager_phone": "02-23144668#106", "city": "taipei"}, "geometry": {"type": "Point", "coordinates": [121.5089, 25.0463]}}, {"type": "Feature", "properties": {"name": "臺北市南港運動中心", "address": "臺北市南港區玉成街69號", "district": "南港區", "capacity": "240", "disaster_types": "水災,震災", "indoor": "是", "outdoor": "否", "vulnerable_friendly": "否", "manager": "林美如", "manager_phone": "25702330#6425", "city": "taipei"}, "geometry": {"type": "Point", "coordinates": [121.5822, 25.0466]}}, {"type": "Feature", "properties": {"name": "興雅國小", "address": "信義區基隆路1段83巷9號", "district": "信義區", "capacity": "198", "disaster_types": "水災,震災", "indoor": "是", "outdoor": "否", "vulnerable_friendly": "否", "manager": "吳杏惠", "manager_phone": "02-27618156~611", "city": "taipei"}, "geometry": {"type": "Point", "coordinates": [121.5701, 25.0467]}}, {"type": "Feature", "properties": {"name": "成德國小", "address": "南港區東新街65號", "district": "南港區", "capacity": "200", "disaster_types": "水災,震災", "indoor": "是", "outdoor": "否", "vulnerable_friendly": "否", "manager": "吳錫賓", "manager_phone": "02-27851376#151", "city": "taipei"}, "geometry": {"type": "Point", "coordinates": [121.5869, 25.0469]}}, {"type": "Feature", "properties": {"name": "義學國中", "address": "民生路30號", "district": "泰山區", "capacity": "606", "disaster_types": "震災,土石流,海嘯", "indoor": "是", "outdoor": "是", "vulnerable_friendly": "是", "manager": "詹淑美", "manager_phone": "02-29099551#1402", "city": "new_taipei"}, "geometry": {"type": "Point", "coordinates": [121.4347, 25.0472]}}, {"type": "Feature", "properties": {"name": "義學國小", "address": "民生路33號", "district": "泰山區", "capacity": "952", "disaster_types": "水災,土石流,海嘯,核子事故", "indoor": "是", "outdoor": "是", "vulnerable_friendly": "是", "manager": "詹淑美", "manager_phone": "02-29099551#1402", "city": "new_taipei"}, "geometry": {"type": "Point", "coordinates": [121.4347, 25.0472]}}, {"type": "Feature", "properties": {"name": "白雲國小", "address": "民權街2段90號", "district": "汐止區", "capacity": "96", "disaster_types": "水災,震災,土石流,海嘯", "indoor": "是", "outdoor": "是", "vulnerable_friendly": "是", "manager": "宋怡穎", "manager_phone": "02-26411111#120", "city": "new_taipei"}, "geometry": {"type": "Point", "coordinates": [121.618882, 25.047641]}}, {"type": "Feature", "properties": {"name": "福營行政大樓", "address": "四維路9號", "district": "新莊區", "capacity": "200", "disaster_types": "水災,震災", "indoor": "是", "outdoor": "是", "vulnerable_friendly": "是", "manager": "邱雋弘", "manager_phone": "02-29929891#135", "city": "new_taipei"}, "geometry": {"type": "Point", "coordinates": [121.4447, 25.0482]}}, {"type": "Feature", "properties": {"name": "永吉國中", "address": "信義區松隆路161號", "district": "信義區", "capacity": "97", "disaster_types": "水災,震災", "indoor": "是", "outdoor": "否", "vulnerable_friendly": "是", "manager": "黃獻司", "manager_phone": "02-27649066#120", "city": "taipei"}, "geometry": {"type": "Point", "coordinates": [121.5741, 25.0483]}}, {"type": "Feature", "properties": {"name": "中山女中", "address": "中山區長安東路2段141號", "district": "中山區", "capacity": "135", "disaster_types": "水災,震災", "indoor": "是", "outdoor": "否", "vulnerable_friendly": "否", "manager": "陳倉翊", "manager_phone": "2507-3148#241", "city": "taipei"}, "geometry": {"type": "Point", "coordinates": [121.5371, 25.0485]}}, {"type": "Feature", "properties": {"name": "義仁市民活動中心", "address": "明志路二段185號", "district": "泰山區", "capacity": "55", "disaster_types": "水災,震災,土石流,海嘯,核子事故", "indoor": "是", "outdoor": "否", "vulnerable_friendly": "否", "manager": "詹淑美", "manager_phone": "02-29099551#1402", "city": "new_taipei"}, "geometry": {"type": "Point", "coordinates": [121.4273, 25.0487]}}, {"type": "Feature", "properties": {"name": "中崙高中", "address": "松山區八德路4段101號", "district": "松山區", "capacity": "300", "disaster_types": "水災,震災", "indoor": "是", "outdoor": "否", "vulnerable_friendly": "否", "manager": "呂虹毅", "manager_phone": "02-27535316#400", "city": "taipei"}, "geometry": {"type": "Point", "coordinates": [121.5611, 25.0487]}}, {"type": "Feature", "properties": {"name": "臺北市松山運動中心", "address": "臺北市松山區敦化北路1號", "district": "松山區", "capacity": "180", "disaster_types": "水災,震災", "indoor": "是", "outdoor": "否", "vulnerable_friendly": "否", "manager": "劉宜庭", "manager_phone": "02-25702330#6423", "city": "taipei"}, "geometry": {"type": "Point", "coordinates": [121.5501, 25.049]}}, {"type": "Feature", "properties": {"name": "敦化國小", "address": "松山區敦化北路2號", "district": "松山區", "capacity": "56", "disaster_types": "水災,震災", "indoor": "是", "outdoor": "否", "vulnerable_friendly": "否", "manager": "王培成", "manager_phone": "2741-4065#130", "city": "taipei"}, "geometry": {"type": "Point", "coordinates": [121.5485, 25.0491]}}, {"type": "Feature", "properties": {"name": "長安國中", "address": "中山區松江路70巷11號", "district": "中山區", "capacity": "41", "disaster_types": "水災,震災", "indoor": "是", "outdoor": "否", "vulnerable_friendly": "否", "manager": "張吉元", "manager_phone": "02-25112382#106", "city": "taipei"}, "geometry": {"type": "Point", "coordinates": [121.5319, 25.0494]}}, {"type": "Feature", "properties": {"name": "長安國小", "address": "中山區吉林路15號", "district": "中山區", "capacity": "300", "disaster_types": "水災,震災", "indoor": "是", "outdoor": "否", "vulnerable_friendly": "否", "manager": "?泰安", "manager_phone": "25617600#130", "city": "taipei"}, "geometry": {"type": "Point", "coordinates": [121.5302, 25.0497]}}, {"type": "Feature", "properties": {"name": "玉泉公園", "address": "臺北市大同區西寧北路28號", "district": "大同區", "capacity": "2183", "disaster_types": "震災", "indoor": "否", "outdoor": "是", "vulnerable_friendly": "是", "manager": "林瑞清", "manager_phone": "25850192#222", "city": "taipei"}, "geometry": {"type": "Point", "coordinates": [121.5077, 25.0498]}}, {"type": "Feature", "properties": {"name": "興穀國民小學", "address": "三重區五谷王北街46號", "district": "三重區", "capacity": "299", "disaster_types": "水災,震災,土石流,海嘯", "indoor": "是", "outdoor": "是", "vulnerable_friendly": "否", "manager": "許明枝", "manager_phone": "02-29862345#493", "city": "new_taipei"}, "geometry": {"type": "Point", "coordinates": [121.4755, 25.0502]}}, {"type": "Feature", "properties": {"name": "建成國中", "address": "臺北市大同區長安西路37之1號", "district": "大同區", "capacity": "55", "disaster_types": "水災,震災", "indoor": "是", "outdoor": "否", "vulnerable_friendly": "否", "manager": "鄭惠文", "manager_phone": "25587042#650", "city": "taipei"}, "geometry": {"type": "Point", "coordinates": [121.5197, 25.0503]}}, {"type": "Feature", "properties": {"name": "橫科里活動中心", "address": "橫科路119號", "district": "汐止區", "capacity": "74", "disaster_types": "水災,震災,土石流,海嘯", "indoor": "是", "outdoor": "否", "vulnerable_friendly": "是", "manager": "宋怡穎", "manager_phone": "02-26411111#120", "city": "new_taipei"}, "geometry": {"type": "Point", "coordinates": [121.620181, 25.05045]}}, {"type": "Feature", "properties": {"name": "中正國小", "address": "中山區龍江路62號", "district": "中山區", "capacity": "76", "disaster_types": "水災,震災", "indoor": "是", "outdoor": "否", "vulnerable_friendly": "否", "manager": "鄭博仁", "manager_phone": "02-25070932#105", "city": "taipei"}, "geometry": {"type": "Point", "coordinates": [121.5402, 25.0506]}}, {"type": "Feature", "properties": {"name": "忠孝國中", "address": "大同區西寧北路32號", "district": "大同區", "capacity": "131", "disaster_types": "水災,震災", "indoor": "是", "outdoor": "否", "vulnerable_friendly": "是", "manager": "虞慧欣", "manager_phone": "02-25524890#71", "city": "taipei"}, "geometry": {"type": "Point", "coordinates": [121.5082, 25.0512]}}, {"type": "Feature", "properties": {"name": "松山國小", "address": "松山區八德路4段746號", "district": "松山區", "capacity": "95", "disaster_types": "水災,震災", "indoor": "是", "outdoor": "否", "vulnerable_friendly": "否", "manager": "蔡任哲", "manager_phone": "02-27672907#632", "city": "taipei"}, "geometry": {"type": "Point", "coordinates": [121.5793, 25.0512]}}, {"type": "Feature", "properties": {"name": "豐年國小", "address": "瓊泰路116號", "district": "新莊區", "capacity": "1128", "disaster_types": "水災,震災,土石流,海嘯", "indoor": "是", "outdoor": "是", "vulnerable_friendly": "否", "manager": "邱雋弘", "manager_phone": "02-29929891", "city": "new_taipei"}, "geometry": {"type": "Point", "coordinates": [121.4474, 25.0514]}}, {"type": "Feature", "properties": {"name": "新泰國小", "address": "公園一路91號", "district": "新莊區", "capacity": "106", "disaster_types": "震災,土石流,海嘯", "indoor": "是", "outdoor": "是", "vulnerable_friendly": "否", "manager": "邱雋弘", "manager_phone": "02-29929891", "city": "new_taipei"}, "geometry": {"type": "Point", "coordinates": [121.4554, 25.0514]}}, {"type": "Feature", "properties": {"name": "仁和宮", "address": "仁和路11號", "district": "貢寮區", "capacity": "125", "disaster_types": "海嘯", "indoor": "是", "outdoor": "否", "vulnerable_friendly": "否", "manager": "周鴻鏗、王阿城", "manager_phone": "02-24901480、02-24901845", "city": "new_taipei"}, "geometry": {"type": "Point", "coordinates": [121.92262, 25.051427]}}, {"type": "Feature", "properties": {"name": "敦化國中", "address": "松山區南京東路3段300號", "district": "松山區", "capacity": "389", "disaster_types": "水災", "indoor": "是", "outdoor": "否", "vulnerable_friendly": "否", "manager": "詹琦斌", "manager_phone": "02-87717890#50", "city": "taipei"}, "geometry": {"type": "Point", "coordinates": [121.5468, 25.0515]}}, {"type": "Feature", "properties": {"name": "臺北體育館", "address": "臺北市松山區南京東路4段10號", "district": "松山區", "capacity": "1000", "disaster_types": "水災,震災", "indoor": "是", "outdoor": "否", "vulnerable_friendly": "否", "manager": "江丹桂", "manager_phone": "02-25702330#6512", "city": "taipei"}, "geometry": {"type": "Point", "coordinates": [121.5446, 25.0517]}}, {"type": "Feature", "properties": {"name": "臺北市極限運動訓練中心", "address": "臺北市南港區忠孝東路七段382號", "district": "南港區", "capacity": "50", "disaster_types": "震災", "indoor": "是", "outdoor": "否", "vulnerable_friendly": "否", "manager": "余可文", "manager_phone": "02-25702330#6511", "city": "taipei"}, "geometry": {"type": "Point", "coordinates": [121.6073, 25.0519]}}, {"type": "Feature", "properties": {"name": "私立清傳商職", "address": "三重區五谷王北街141巷1號", "district": "三重區", "capacity": "294", "disaster_types": "水災,震災,土石流,海嘯", "indoor": "是", "outdoor": "是", "vulnerable_friendly": "否", "manager": "許明枝", "manager_phone": "02-29862345#493", "city": "new_taipei"}, "geometry": {"type": "Point", "coordinates": [121.4769, 25.052]}}, {"type": "Feature", "properties": {"name": "福壽市民活動中心", "address": "昌明街1號", "district": "新莊區", "capacity": "120", "disaster_types": "水災,震災", "indoor": "是", "outdoor": "否", "vulnerable_friendly": "是", "manager": "邱雋弘", "manager_phone": "02-29929891#135", "city": "new_taipei"}, "geometry": {"type": "Point", "coordinates": [121.4576, 25.0522]}}, {"type": "Feature", "properties": {"name": "西松國小", "address": "臺北市松山區三民路5號", "district": "松山區", "capacity": "50", "disaster_types": "水災,震災", "indoor": "是", "outdoor": "否", "vulnerable_friendly": "否", "manager": "羅文琪", "manager_phone": "27609221#203", "city": "taipei"}, "geometry": {"type": "Point", "coordinates": [121.5636, 25.0522]}}, {"type": "Feature", "properties": {"name": "南港高中", "address": "南港區向陽路21號", "district": "南港區", "capacity": "435", "disaster_types": "水災,震災", "indoor": "是", "outdoor": "否", "vulnerable_friendly": "是", "manager": "陳政翊", "manager_phone": "02-27837863#241", "city": "taipei"}, "geometry": {"type": "Point", "coordinates": [121.595, 25.0525]}}, {"type": "Feature", "properties": {"name": "民安國小", "address": "民安路261號", "district": "新莊區", "capacity": "1184", "disaster_types": "水災,震災,土石流,海嘯", "indoor": "是", "outdoor": "是", "vulnerable_friendly": "否", "manager": "邱雋弘", "manager_phone": "02-29929891", "city": "new_taipei"}, "geometry": {"type": "Point", "coordinates": [121.4661, 25.0529]}}, {"type": "Feature", "properties": {"name": "三港集會所", "address": "三港7號", "district": "雙溪區", "capacity": "63", "disaster_types": "水災,震災,土石流", "indoor": "是", "outdoor": "否", "vulnerable_friendly": "否", "manager": "宋翔怡", "manager_phone": "02-24931111#124", "city": "new_taipei"}, "geometry": {"type": "Point", "coordinates": [121.878, 25.053]}}, {"type": "Feature", "properties": {"name": "玉成國小", "address": "向陽路31號", "district": "南港區", "capacity": "30", "disaster_types": "", "indoor": "否", "outdoor": "否", "vulnerable_friendly": "否", "manager": "李奇在", "manager_phone": "02-27836049#150", "city": "taipei"}, "geometry": {"type": "Point", "coordinates": [121.594769, 25.05364]}}, {"type": "Feature", "properties": {"name": "福營國中", "address": "富國路105號", "district": "新莊區", "capacity": "319", "disaster_types": "水災,震災,土石流,海嘯", "indoor": "是", "outdoor": "是", "vulnerable_friendly": "否", "manager": "邱雋弘", "manager_phone": "02-29929891", "city": "new_taipei"}, "geometry": {"type": "Point", "coordinates": [121.4445, 25.0538]}}, {"type": "Feature", "properties": {"name": "誠正國中", "address": "南港區富康街1巷42號", "district": "南港區", "capacity": "143", "disaster_types": "水災,震災", "indoor": "是", "outdoor": "否", "vulnerable_friendly": "否", "manager": "蔡銘坤", "manager_phone": "27828094#1500", "city": "taipei"}, "geometry": {"type": "Point", "coordinates": [121.6187, 25.0541]}}, {"type": "Feature", "properties": {"name": "同榮國小", "address": "公園路33號", "district": "泰山區", "capacity": "931", "disaster_types": "水災,震災,土石流,海嘯,核子事故", "indoor": "是", "outdoor": "是", "vulnerable_friendly": "否", "manager": "詹淑美", "manager_phone": "02-29099551#1402", "city": "new_taipei"}, "geometry": {"type": "Point", "coordinates": [121.4282, 25.0546]}}, {"type": "Feature", "properties": {"name": "新北市立三重高中", "address": "集美街212號", "district": "三重區", "capacity": "897", "disaster_types": "水災,震災,土石流,海嘯", "indoor": "是", "outdoor": "是", "vulnerable_friendly": "否", "manager": "許明枝", "manager_phone": "02-29862345#493", "city": "new_taipei"}, "geometry": {"type": "Point", "coordinates": [121.4915, 25.0547]}}, {"type": "Feature", "properties": {"name": "吉林國小", "address": "中山區長春路116號", "district": "中山區", "capacity": "117", "disaster_types": "水災,震災", "indoor": "是", "outdoor": "否", "vulnerable_friendly": "否", "manager": "蕭錦玲", "manager_phone": "02-25219196#850", "city": "taipei"}, "geometry": {"type": "Point", "coordinates": [121.5296, 25.0547]}}, {"type": "Feature", "properties": {"name": "澳底圖書館", "address": "仁愛路79號3樓", "district": "貢寮區", "capacity": "157", "disaster_types": "海嘯", "indoor": "是", "outdoor": "否", "vulnerable_friendly": "否", "manager": "楊俊生、吳淑華", "manager_phone": "02-24903203", "city": "new_taipei"}, "geometry": {"type": "Point", "coordinates": [121.926916, 25.054775]}}, {"type": "Feature", "properties": {"name": "長春國小", "address": "中山區長春路165號", "district": "中山區", "capacity": "47", "disaster_types": "水災,震災", "indoor": "是", "outdoor": "否", "vulnerable_friendly": "否", "manager": "陳瑞呈", "manager_phone": "02-25024366#151", "city": "taipei"}, "geometry": {"type": "Point", "coordinates": [121.5339, 25.0549]}}, {"type": "Feature", "properties": {"name": "澳底國小大禮堂", "address": "延平街10號", "district": "貢寮區", "capacity": "479", "disaster_types": "水災,震災,土石流", "indoor": "是", "outdoor": "是", "vulnerable_friendly": "是", "manager": "葉勁輝", "manager_phone": "02-24901432#212", "city": "new_taipei"}, "geometry": {"type": "Point", "coordinates": [121.9246, 25.0549]}}, {"type": "Feature", "properties": {"name": "慶安宮", "address": "延平街13號", "district": "貢寮區", "capacity": "12", "disaster_types": "海嘯", "indoor": "是", "outdoor": "否", "vulnerable_friendly": "否", "manager": "許吳?、蔡錦金", "manager_phone": "02-24901418、02-24902616", "city": "new_taipei"}, "geometry": {"type": "Point", "coordinates": [121.923804, 25.054921]}}, {"type": "Feature", "properties": {"name": "大同高中", "address": "中山區長春路167號", "district": "中山區", "capacity": "300", "disaster_types": "水災,震災", "indoor": "是", "outdoor": "否", "vulnerable_friendly": "否", "manager": "吳榮達", "manager_phone": "02-25054269#130", "city": "taipei"}, "geometry": {"type": "Point", "coordinates": [121.5351, 25.055]}}, {"type": "Feature", "properties": {"name": "新泰國中", "address": "新泰路359號", "district": "新莊區", "capacity": "743", "disaster_types": "震災,土石流,海嘯", "indoor": "是", "outdoor": "是", "vulnerable_friendly": "否", "manager": "邱雋弘", "manager_phone": "02-29929891", "city": "new_taipei"}, "geometry": {"type": "Point", "coordinates": [121.4594, 25.0551]}}, {"type": "Feature", "properties": {"name": "日新國小", "address": "大同區太原路151號", "district": "大同區", "capacity": "137", "disaster_types": "水災,震災", "indoor": "是", "outdoor": "否", "vulnerable_friendly": "是", "manager": "王勝威", "manager_phone": "02-25584819#312", "city": "taipei"}, "geometry": {"type": "Point", "coordinates": [121.5167, 25.0553]}}, {"type": "Feature", "properties": {"name": "白雲里活動中心", "address": "水源路2段112、114號", "district": "汐止區", "capacity": "37", "disaster_types": "水災,震災,土石流,海嘯", "indoor": "是", "outdoor": "否", "vulnerable_friendly": "是", "manager": "宋怡穎", "manager_phone": "02-26411111#120", "city": "new_taipei"}, "geometry": {"type": "Point", "coordinates": [121.656768, 25.05542]}}, {"type": "Feature", "properties": {"name": "泰山體育館", "address": "公園路54號", "district": "泰山區", "capacity": "1280", "disaster_types": "水災,震災,土石流,海嘯", "indoor": "是", "outdoor": "是", "vulnerable_friendly": "是", "manager": "詹淑美", "manager_phone": "02-29099551#1402", "city": "new_taipei"}, "geometry": {"type": "Point", "coordinates": [121.4263, 25.0556]}}, {"type": "Feature", "properties": {"name": "西松高中", "address": "松山區健康路325巷7號", "district": "松山區", "capacity": "255", "disaster_types": "水災,震災", "indoor": "是", "outdoor": "否", "vulnerable_friendly": "是", "manager": "林成嶽", "manager_phone": "25286618#111", "city": "taipei"}, "geometry": {"type": "Point", "coordinates": [121.5671, 25.0556]}}, {"type": "Feature", "properties": {"name": "三光國民小學", "address": "三重區大同南路157號", "district": "三重區", "capacity": "1502", "disaster_types": "水災,震災,土石流,海嘯", "indoor": "是", "outdoor": "是", "vulnerable_friendly": "否", "manager": "許明枝", "manager_phone": "02-29862345#493", "city": "new_taipei"}, "geometry": {"type": "Point", "coordinates": [121.4968, 25.0561]}}, {"type": "Feature", "properties": {"name": "東新國小", "address": "南港區興南街62號", "district": "南港區", "capacity": "30", "disaster_types": "水災,震災", "indoor": "是", "outdoor": "否", "vulnerable_friendly": "否", "manager": "王詩棠", "manager_phone": "02-27837577#31", "city": "taipei"}, "geometry": {"type": "Point", "coordinates": [121.602, 25.0562]}}, {"type": "Feature", "properties": {"name": "昌隆國小", "address": "昌隆街63號", "district": "新莊區", "capacity": "509", "disaster_types": "震災,土石流,海嘯", "indoor": "是", "outdoor": "是", "vulnerable_friendly": "否", "manager": "邱雋弘", "manager_phone": "02-29929891", "city": "new_taipei"}, "geometry": {"type": "Point", "coordinates": [121.448, 25.0563]}}, {"type": "Feature", "properties": {"name": "南港高工", "address": "南港區興中路29號", "district": "南港區", "capacity": "160", "disaster_types": "水災,震災", "indoor": "是", "outdoor": "否", "vulnerable_friendly": "否", "manager": "林淑美", "manager_phone": "02-27825432#1501", "city": "taipei"}, "geometry": {"type": "Point", "coordinates": [121.6072, 25.0563]}}, {"type": "Feature", "properties": {"name": "興化國小", "address": "五工二路50巷2號", "district": "新莊區", "capacity": "599", "disaster_types": "水災,震災,土石流,海嘯", "indoor": "是", "outdoor": "是", "vulnerable_friendly": "否", "manager": "邱雋弘", "manager_phone": "02-29929891", "city": "new_taipei"}, "geometry": {"type": "Point", "coordinates": [121.4556, 25.0564]}}, {"type": "Feature", "properties": {"name": "介壽國中", "address": "松山區延壽街401號", "district": "松山區", "capacity": "70", "disaster_types": "水災,震災", "indoor": "是", "outdoor": "否", "vulnerable_friendly": "否", "manager": "鄭富珍", "manager_phone": "02-27664496#500", "city": "taipei"}, "geometry": {"type": "Point", "coordinates": [121.5565, 25.0564]}}, {"type": "Feature", "properties": {"name": "集美國民小學", "address": "三重區集美街10號", "district": "三重區", "capacity": "104", "disaster_types": "震災,土石流,海嘯", "indoor": "是", "outdoor": "是", "vulnerable_friendly": "否", "manager": "許明枝", "manager_phone": "02-29862345#493", "city": "new_taipei"}, "geometry": {"type": "Point", "coordinates": [121.4879, 25.0565]}}, {"type": "Feature", "properties": {"name": "蓬萊國小", "address": "大同區寧夏路35號", "district": "大同區", "capacity": "104", "disaster_types": "水災,震災", "indoor": "是", "outdoor": "否", "vulnerable_friendly": "否", "manager": "張沛森", "manager_phone": "02-25569835#500", "city": "taipei"}, "geometry": {"type": "Point", "coordinates": [121.5155, 25.0565]}}, {"type": "Feature", "properties": {"name": "民生國小", "address": "松山區敦化北路199巷18號", "district": "松山區", "capacity": "70", "disaster_types": "水災", "indoor": "是", "outdoor": "否", "vulnerable_friendly": "否", "manager": "陳嘉瑜", "manager_phone": "02-27122452#830", "city": "taipei"}, "geometry": {"type": "Point", "coordinates": [121.552, 25.0565]}}, {"type": "Feature", "properties": {"name": "健康國小", "address": "松山區延壽街168號", "district": "松山區", "capacity": "84", "disaster_types": "水災,震災", "indoor": "是", "outdoor": "否", "vulnerable_friendly": "否", "manager": "江艾謙", "manager_phone": "02-25282814#131", "city": "taipei"}, "geometry": {"type": "Point", "coordinates": [121.5629, 25.0566]}}, {"type": "Feature", "properties": {"name": "泰山高中", "address": "辭修路7號", "district": "泰山區", "capacity": "650", "disaster_types": "水災,震災,土石流,海嘯,核子事故", "indoor": "是", "outdoor": "是", "vulnerable_friendly": "是", "manager": "詹淑美", "manager_phone": "02-29099551#1402", "city": "new_taipei"}, "geometry": {"type": "Point", "coordinates": [121.4285, 25.0573]}}, {"type": "Feature", "properties": {"name": "南港國小", "address": "臺北市南港區惠民街67號", "district": "南港區", "capacity": "50", "disaster_types": "水災,震災", "indoor": "是", "outdoor": "否", "vulnerable_friendly": "否", "manager": "鄭孝存", "manager_phone": "02-27834678#2301", "city": "taipei"}, "geometry": {"type": "Point", "coordinates": [121.6104, 25.0575]}}, {"type": "Feature", "properties": {"name": "明志市民活動中心", "address": "明志路二段426號", "district": "泰山區", "capacity": "20", "disaster_types": "水災,震災,海嘯", "indoor": "是", "outdoor": "否", "vulnerable_friendly": "否", "manager": "詹淑美", "manager_phone": "02-29099551#1402", "city": "new_taipei"}, "geometry": {"type": "Point", "coordinates": [121.4299, 25.0577]}}, {"type": "Feature", "properties": {"name": "菜寮市民活動中心", "address": "三重區中寮街57巷18號", "district": "三重區", "capacity": "100", "disaster_types": "水災,震災,土石流,海嘯", "indoor": "是", "outdoor": "否", "vulnerable_friendly": "是", "manager": "許明枝", "manager_phone": "02-29862345493", "city": "new_taipei"}, "geometry": {"type": "Point", "coordinates": [121.4928, 25.0578]}}, {"type": "Feature", "properties": {"name": "育成高中", "address": "重陽路366號", "district": "南港區", "capacity": "375", "disaster_types": "水災,震災", "indoor": "是", "outdoor": "否", "vulnerable_friendly": "是", "manager": "李健輝", "manager_phone": "26530475#551", "city": "taipei"}, "geometry": {"type": "Point", "coordinates": [121.6092, 25.0587]}}, {"type": "Feature", "properties": {"name": "光興國民小學", "address": "三重區正義南路62號", "district": "三重區", "capacity": "600", "disaster_types": "水災,震災,土石流,海嘯", "indoor": "是", "outdoor": "是", "vulnerable_friendly": "否", "manager": "許明枝", "manager_phone": "02-29862345#493", "city": "new_taipei"}, "geometry": {"type": "Point", "coordinates": [121.4988, 25.0589]}}, {"type": "Feature", "properties": {"name": "民族國小", "address": "臺北市松山區民生東路4段97巷7號", "district": "松山區", "capacity": "40", "disaster_types": "水災,震災", "indoor": "是", "outdoor": "否", "vulnerable_friendly": "否", "manager": "蔡貞瀅", "manager_phone": "02-27124872#935", "city": "taipei"}, "geometry": {"type": "Point", "coordinates": [121.5519, 25.0589]}}, {"type": "Feature", "properties": {"name": "北峰國小", "address": "環河街1號", "district": "汐止區", "capacity": "1067", "disaster_types": "震災,土石流,海嘯", "indoor": "是", "outdoor": "是", "vulnerable_friendly": "是", "manager": "宋怡穎", "manager_phone": "02-26411111#120", "city": "new_taipei"}, "geometry": {"type": "Point", "coordinates": [121.629106, 25.058956]}}, {"type": "Feature", "properties": {"name": "泰山區公所", "address": "明志路1段322號", "district": "泰山區", "capacity": "53", "disaster_types": "水災,土石流,海嘯,核子事故", "indoor": "是", "outdoor": "否", "vulnerable_friendly": "是", "manager": "詹淑美", "manager_phone": "02-29099551#1402", "city": "new_taipei"}, "geometry": {"type": "Point", "coordinates": [121.4314, 25.0592]}}, {"type": "Feature", "properties": {"name": "東山國小", "address": "汐平路二段76號", "district": "汐止區", "capacity": "118", "disaster_types": "水災,震災,土石流,海嘯", "indoor": "是", "outdoor": "是", "vulnerable_friendly": "否", "manager": "涂志賢總務主任", "manager_phone": "26416170分機13", "city": "new_taipei"}, "geometry": {"type": "Point", "coordinates": [121.699553, 25.059723]}}, {"type": "Feature", "properties": {"name": "民生國中", "address": "松山區新東街30巷1號", "district": "松山區", "capacity": "100", "disaster_types": "水災,震災", "indoor": "是", "outdoor": "否", "vulnerable_friendly": "否", "manager": "王譽書", "manager_phone": "02-27653433#300", "city": "taipei"}, "geometry": {"type": "Point", "coordinates": [121.5673, 25.0598]}}, {"type": "Feature", "properties": {"name": "過圳市民活動中心", "address": "三重區過圳街19號", "district": "三重區", "capacity": "50", "disaster_types": "震災,土石流,海嘯", "indoor": "是", "outdoor": "否", "vulnerable_friendly": "否", "manager": "許明枝", "manager_phone": "02-29862345493", "city": "new_taipei"}, "geometry": {"type": "Point", "coordinates": [121.4881, 25.0601]}}, {"type": "Feature", "properties": {"name": "雙蓮國小", "address": "大同區錦西街51號", "district": "大同區", "capacity": "300", "disaster_types": "水災,震災", "indoor": "是", "outdoor": "否", "vulnerable_friendly": "否", "manager": "吳希哲", "manager_phone": "02-25570309#1031", "city": "taipei"}, "geometry": {"type": "Point", "coordinates": [121.5167, 25.0601]}}, {"type": "Feature", "properties": {"name": "東方科學園區", "address": "汐止區新台五路一段90號", "district": "汐止區", "capacity": "500", "disaster_types": "水災,震災,土石流,海嘯", "indoor": "是", "outdoor": "否", "vulnerable_friendly": "否", "manager": "宋怡穎", "manager_phone": "02-26411111#120", "city": "new_taipei"}, "geometry": {"type": "Point", "coordinates": [121.64793, 25.060367]}}, {"type": "Feature", "properties": {"name": "中山國中", "address": "松山區復興北路361巷7號", "district": "松山區", "capacity": "111", "disaster_types": "水災,震災", "indoor": "是", "outdoor": "否", "vulnerable_friendly": "否", "manager": "蔡戊己", "manager_phone": "02-27126701#501", "city": "taipei"}, "geometry": {"type": "Point", "coordinates": [121.5455, 25.0605]}}, {"type": "Feature", "properties": {"name": "潭美國小", "address": "內湖區新明路22號", "district": "內湖區", "capacity": "81", "disaster_types": "水災,震災", "indoor": "是", "outdoor": "否", "vulnerable_friendly": "否", "manager": "吳秉儒", "manager_phone": "27917334#231", "city": "taipei"}, "geometry": {"type": "Point", "coordinates": [121.5908, 25.0609]}}, {"type": "Feature", "properties": {"name": "中正社區活動中心", "address": "中正路64號", "district": "雙溪區", "capacity": "76", "disaster_types": "水災,震災,土石流", "indoor": "是", "outdoor": "否", "vulnerable_friendly": "否", "manager": "宋翔怡", "manager_phone": "02-24931111#124", "city": "new_taipei"}, "geometry": {"type": "Point", "coordinates": [121.8515, 25.061]}}, {"type": "Feature", "properties": {"name": "三重區公所", "address": "三重區新北大道1段11號", "district": "三重區", "capacity": "136", "disaster_types": "震災,土石流,海嘯", "indoor": "是", "outdoor": "否", "vulnerable_friendly": "否", "manager": "許明枝", "manager_phone": "02-29862345493", "city": "new_taipei"}, "geometry": {"type": "Point", "coordinates": [121.4885, 25.0611]}}, {"type": "Feature", "properties": {"name": "青山國中小", "address": "莊敬街33號", "district": "汐止區", "capacity": "970", "disaster_types": "水災,震災,土石流,海嘯", "indoor": "是", "outdoor": "是", "vulnerable_friendly": "是", "manager": "宋怡穎", "manager_phone": "02-2641111#120", "city": "new_taipei"}, "geometry": {"type": "Point", "coordinates": [121.656653, 25.061158]}}, {"type": "Feature", "properties": {"name": "成淵高中", "address": "大同區承德路2段235號", "district": "大同區", "capacity": "75", "disaster_types": "水災,震災", "indoor": "是", "outdoor": "否", "vulnerable_friendly": "否", "manager": "歐建榮", "manager_phone": "02-25531969#150", "city": "taipei"}, "geometry": {"type": "Point", "coordinates": [121.5185, 25.0613]}}, {"type": "Feature", "properties": {"name": "太平國小", "address": "大同區延平北路2段239號", "district": "大同區", "capacity": "50", "disaster_types": "水災,震災", "indoor": "是", "outdoor": "否", "vulnerable_friendly": "否", "manager": "林世浩", "manager_phone": "02-25532229#830", "city": "taipei"}, "geometry": {"type": "Point", "coordinates": [121.5114, 25.0614]}}, {"type": "Feature", "properties": {"name": "永樂國小", "address": "臺北市大同區延平北路2段266號", "district": "大同區", "capacity": "50", "disaster_types": "水災,震災", "indoor": "是", "outdoor": "否", "vulnerable_friendly": "否", "manager": "林淑菁", "manager_phone": "02-25534882#132", "city": "taipei"}, "geometry": {"type": "Point", "coordinates": [121.5111, 25.0617]}}, {"type": "Feature", "properties": {"name": "民權公園", "address": "臺北市松山區民權國小旁", "district": "松山區", "capacity": "2786", "disaster_types": "震災", "indoor": "否", "outdoor": "是", "vulnerable_friendly": "是", "manager": "林瑞清", "manager_phone": "25850192#222", "city": "taipei"}, "geometry": {"type": "Point", "coordinates": [121.5575, 25.0619]}}, {"type": "Feature", "properties": {"name": "楓樹福泰市民活動中心", "address": "楓江路26巷26號", "district": "泰山區", "capacity": "201", "disaster_types": "水災,震災,土石流,海嘯,核子事故", "indoor": "是", "outdoor": "否", "vulnerable_friendly": "是", "manager": "詹淑美", "manager_phone": "02-29099551#1402", "city": "new_taipei"}, "geometry": {"type": "Point", "coordinates": [121.4345, 25.062]}}, {"type": "Feature", "properties": {"name": "新生公園棒球場", "address": "新生北路三段105號", "district": "中山區", "capacity": "60", "disaster_types": "震災", "indoor": "是", "outdoor": "否", "vulnerable_friendly": "否", "manager": "龍欣", "manager_phone": "02-25702330#6524", "city": "taipei"}, "geometry": {"type": "Point", "coordinates": [121.5258, 25.062]}}, {"type": "Feature", "properties": {"name": "新興國中", "address": "中山區林森北路511號", "district": "中山區", "capacity": "175", "disaster_types": "水災,震災", "indoor": "是", "outdoor": "否", "vulnerable_friendly": "否", "manager": "陳國良", "manager_phone": "02-25714211#501", "city": "taipei"}, "geometry": {"type": "Point", "coordinates": [121.5258, 25.062]}}, {"type": "Feature", "properties": {"name": "臺北市中山運動中心", "address": "中山北路二段44巷2號", "district": "中山區", "capacity": "184", "disaster_types": "震災", "indoor": "是", "outdoor": "否", "vulnerable_friendly": "否", "manager": "紀孟祺", "manager_phone": "2570-2330轉6427", "city": "taipei"}, "geometry": {"type": "Point", "coordinates": [121.5258, 25.062]}}, {"type": "Feature", "properties": {"name": "泰山國小", "address": "泰林路2段255號", "district": "泰山區", "capacity": "1283", "disaster_types": "水災,震災,土石流,海嘯,核子事故", "indoor": "是", "outdoor": "是", "vulnerable_friendly": "否", "manager": "詹淑美", "manager_phone": "02-2909-9551#1402", "city": "new_taipei"}, "geometry": {"type": "Point", "coordinates": [121.4313, 25.0623]}}, {"type": "Feature", "properties": {"name": "民權國小", "address": "臺北市松山區民權東路4段200號", "district": "松山區", "capacity": "80", "disaster_types": "震災", "indoor": "是", "outdoor": "否", "vulnerable_friendly": "否", "manager": "董欣樂", "manager_phone": "02-27652327#31", "city": "taipei"}, "geometry": {"type": "Point", "coordinates": [121.5623, 25.0625]}}, {"type": "Feature", "properties": {"name": "碧華國民中學", "address": "自強路5段66號", "district": "三重區", "capacity": "969", "disaster_types": "水災,震災,土石流,海嘯", "indoor": "是", "outdoor": "是", "vulnerable_friendly": "否", "manager": "許明枝", "manager_phone": "02-29862345#493", "city": "new_taipei"}, "geometry": {"type": "Point", "coordinates": [121.4903, 25.0626]}}, {"type": "Feature", "properties": {"name": "榮星花園公園", "address": "臺北市中山區民權東路3段1號", "district": "中山區", "capacity": "2432", "disaster_types": "震災", "indoor": "否", "outdoor": "是", "vulnerable_friendly": "是", "manager": "林瑞清", "manager_phone": "02-25850192", "city": "taipei"}, "geometry": {"type": "Point", "coordinates": [121.5402, 25.0626]}}, {"type": "Feature", "properties": {"name": "黎明市民活動中心", "address": "黎明路23號", "district": "泰山區", "capacity": "21", "disaster_types": "水災,土石流,海嘯", "indoor": "是", "outdoor": "否", "vulnerable_friendly": "否", "manager": "詹淑美", "manager_phone": "02-29099551#1402", "city": "new_taipei"}, "geometry": {"type": "Point", "coordinates": [121.421, 25.0627]}}, {"type": "Feature", "properties": {"name": "牡丹國小", "address": "政光路3號", "district": "雙溪區", "capacity": "320", "disaster_types": "水災,震災,土石流", "indoor": "是", "outdoor": "是", "vulnerable_friendly": "否", "manager": "宋翔怡", "manager_phone": "02-24931111轉124", "city": "new_taipei"}, "geometry": {"type": "Point", "coordinates": [121.8517, 25.0627]}}, {"type": "Feature", "properties": {"name": "秀峰國小", "address": "仁愛路90號", "district": "汐止區", "capacity": "1185", "disaster_types": "水災,震災,土石流,海嘯", "indoor": "是", "outdoor": "是", "vulnerable_friendly": "是", "manager": "宋怡穎", "manager_phone": "02-26411111#120", "city": "new_taipei"}, "geometry": {"type": "Point", "coordinates": [121.661377, 25.062874]}}, {"type": "Feature", "properties": {"name": "中山國小", "address": "臺北市中山區民權東路1段69號", "district": "中山區", "capacity": "290", "disaster_types": "水災", "indoor": "是", "outdoor": "否", "vulnerable_friendly": "否", "manager": "謝慶順", "manager_phone": "02-25914085#36", "city": "taipei"}, "geometry": {"type": "Point", "coordinates": [121.5263, 25.0629]}}, {"type": "Feature", "properties": {"name": "三重區綜合運動場", "address": "中正北路特2號", "district": "三重區", "capacity": "2200", "disaster_types": "", "indoor": "否", "outdoor": "是", "vulnerable_friendly": "否", "manager": "吳春慈", "manager_phone": "02-29867046", "city": "new_taipei"}, "geometry": {"type": "Point", "coordinates": [121.489253, 25.063033]}}, {"type": "Feature", "properties": {"name": "三民國小", "address": "松山區民權東路5段1號", "district": "松山區", "capacity": "100", "disaster_types": "震災", "indoor": "是", "outdoor": "否", "vulnerable_friendly": "否", "manager": "陳培棕", "manager_phone": "02-27646080#231", "city": "taipei"}, "geometry": {"type": "Point", "coordinates": [121.5643, 25.0633]}}, {"type": "Feature", "properties": {"name": "明志國民中學", "address": "三重區中正北路107號", "district": "三重區", "capacity": "437", "disaster_types": "水災,震災,土石流,海嘯", "indoor": "是", "outdoor": "是", "vulnerable_friendly": "否", "manager": "許明枝", "manager_phone": "02-29862345#493", "city": "new_taipei"}, "geometry": {"type": "Point", "coordinates": [121.4892, 25.0634]}}, {"type": "Feature", "properties": {"name": "民權國中", "address": "大同區重慶北路3段1號", "district": "大同區", "capacity": "30", "disaster_types": "水災,震災", "indoor": "是", "outdoor": "否", "vulnerable_friendly": "否", "manager": "洪素真", "manager_phone": "02-25931951#130", "city": "taipei"}, "geometry": {"type": "Point", "coordinates": [121.5139, 25.0635]}}, {"type": "Feature", "properties": {"name": "五常國中", "address": "中山區復興北路430巷1號", "district": "中山區", "capacity": "250", "disaster_types": "震災", "indoor": "是", "outdoor": "否", "vulnerable_friendly": "否", "manager": "黃文盛", "manager_phone": "02-25014320#102", "city": "taipei"}, "geometry": {"type": "Point", "coordinates": [121.5431, 25.0635]}}, {"type": "Feature", "properties": {"name": "汐止區公所行政中心", "address": "汐止區新台五路一段268號", "district": "汐止區", "capacity": "158", "disaster_types": "水災,震災,土石流,海嘯", "indoor": "是", "outdoor": "否", "vulnerable_friendly": "是", "manager": "宋怡穎", "manager_phone": "02-26411111#120", "city": "new_taipei"}, "geometry": {"type": "Point", "coordinates": [121.658894, 25.063774]}}, {"type": "Feature", "properties": {"name": "五常國小", "address": "中山區五常街16號", "district": "中山區", "capacity": "97", "disaster_types": "水災,震災", "indoor": "是", "outdoor": "否", "vulnerable_friendly": "否", "manager": "龔詩為", "manager_phone": "02-25023416#831", "city": "taipei"}, "geometry": {"type": "Point", "coordinates": [121.5422, 25.0642]}}, {"type": "Feature", "properties": {"name": "大橋國小", "address": "大同區重慶北路3段2號", "district": "大同區", "capacity": "86", "disaster_types": "水災,震災", "indoor": "是", "outdoor": "否", "vulnerable_friendly": "是", "manager": "楊博仁", "manager_phone": "02-25944413#145", "city": "taipei"}, "geometry": {"type": "Point", "coordinates": [121.5134, 25.0643]}}, {"type": "Feature", "properties": {"name": "正義國民小學", "address": "三重區信義西街31號", "district": "三重區", "capacity": "929", "disaster_types": "水災,震災,土石流,海嘯", "indoor": "是", "outdoor": "是", "vulnerable_friendly": "否", "manager": "許明枝", "manager_phone": "02-29862345#493", "city": "new_taipei"}, "geometry": {"type": "Point", "coordinates": [121.4961, 25.0644]}}, {"type": "Feature", "properties": {"name": "行政區民活動中心", "address": "松江路367號9樓", "district": "中山區", "capacity": "72", "disaster_types": "水災,震災", "indoor": "是", "outdoor": "否", "vulnerable_friendly": "否", "manager": "黃崇一", "manager_phone": "02-25031369#520", "city": "taipei"}, "geometry": {"type": "Point", "coordinates": [121.5335, 25.0644]}}, {"type": "Feature", "properties": {"name": "私立東海高中", "address": "三重區集美街212號", "district": "三重區", "capacity": "408", "disaster_types": "水災,震災,土石流,海嘯", "indoor": "是", "outdoor": "是", "vulnerable_friendly": "否", "manager": "許明枝", "manager_phone": "02-29862345#493", "city": "new_taipei"}, "geometry": {"type": "Point", "coordinates": [121.4787, 25.0648]}}, {"type": "Feature", "properties": {"name": "大同國小", "address": "大同區大龍街51號", "district": "大同區", "capacity": "183", "disaster_types": "水災,震災", "indoor": "是", "outdoor": "否", "vulnerable_friendly": "是", "manager": "魏子仁", "manager_phone": "02-25965407#351", "city": "taipei"}, "geometry": {"type": "Point", "coordinates": [121.5161, 25.0648]}}, {"type": "Feature", "properties": {"name": "泰山國中", "address": "泰林路2段498號", "district": "泰山區", "capacity": "1388", "disaster_types": "水災,震災,土石流,海嘯,核子事故", "indoor": "是", "outdoor": "是", "vulnerable_friendly": "是", "manager": "詹淑美", "manager_phone": "02-29099551#1402", "city": "new_taipei"}, "geometry": {"type": "Point", "coordinates": [121.426, 25.0652]}}, {"type": "Feature", "properties": {"name": "二重國民小學", "address": "三重區大有街10號", "district": "三重區", "capacity": "4404", "disaster_types": "水災,震災,土石流,海嘯", "indoor": "是", "outdoor": "是", "vulnerable_friendly": "否", "manager": "許明枝", "manager_phone": "02-29862345#493", "city": "new_taipei"}, "geometry": {"type": "Point", "coordinates": [121.478, 25.0652]}}, {"type": "Feature", "properties": {"name": "福安廟", "address": "雞母嶺街7號", "district": "貢寮區", "capacity": "40", "disaster_types": "水災,震災,土石流,海嘯", "indoor": "是", "outdoor": "否", "vulnerable_friendly": "否", "manager": "陳哲雄", "manager_phone": "02-24901660", "city": "new_taipei"}, "geometry": {"type": "Point", "coordinates": [121.8952, 25.0655]}}, {"type": "Feature", "properties": {"name": "二重國民中學", "address": "三重區忠孝路三段89號", "district": "三重區", "capacity": "845", "disaster_types": "水災,震災,土石流,海嘯", "indoor": "是", "outdoor": "是", "vulnerable_friendly": "否", "manager": "許明枝", "manager_phone": "02-29862345#493", "city": "new_taipei"}, "geometry": {"type": "Point", "coordinates": [121.4805, 25.0657]}}, {"type": "Feature", "properties": {"name": "黎明技術學院", "address": "黎專路2之2號", "district": "泰山區", "capacity": "1081", "disaster_types": "水災,震災,土石流,海嘯,核子事故", "indoor": "是", "outdoor": "是", "vulnerable_friendly": "是", "manager": "詹淑美", "manager_phone": "02-29099551#1402", "city": "new_taipei"}, "geometry": {"type": "Point", "coordinates": [121.4199, 25.0658]}}, {"type": "Feature", "properties": {"name": "裕民國小", "address": "裕民街123號", "district": "新莊區", "capacity": "1127", "disaster_types": "水災,震災,土石流,海嘯", "indoor": "是", "outdoor": "是", "vulnerable_friendly": "否", "manager": "邱雋弘", "manager_phone": "02-29929891", "city": "new_taipei"}, "geometry": {"type": "Point", "coordinates": [121.4616, 25.0659]}}, {"type": "Feature", "properties": {"name": "樟樹國中", "address": "樟樹二路135號", "district": "汐止區", "capacity": "2481", "disaster_types": "水災,震災,土石流,海嘯", "indoor": "是", "outdoor": "是", "vulnerable_friendly": "否", "manager": "宋怡穎", "manager_phone": "02-26411111#120", "city": "new_taipei"}, "geometry": {"type": "Point", "coordinates": [121.639893, 25.06594]}}, {"type": "Feature", "properties": {"name": "延平國小", "address": "大同區昌吉街97號", "district": "大同區", "capacity": "88", "disaster_types": "水災,震災", "indoor": "是", "outdoor": "否", "vulnerable_friendly": "是", "manager": "葉尚旻", "manager_phone": "02-25942439#230", "city": "taipei"}, "geometry": {"type": "Point", "coordinates": [121.5124, 25.066]}}, {"type": "Feature", "properties": {"name": "修德國民小學", "address": "三重區重陽路三段3號", "district": "三重區", "capacity": "962", "disaster_types": "水災,震災,土石流,海嘯", "indoor": "是", "outdoor": "是", "vulnerable_friendly": "否", "manager": "許明枝", "manager_phone": "02-29862345#493", "city": "new_taipei"}, "geometry": {"type": "Point", "coordinates": [121.489, 25.0661]}}, {"type": "Feature", "properties": {"name": "重陽國民小學", "address": "三重區中正北路113號", "district": "三重區", "capacity": "608", "disaster_types": "水災,震災,土石流,海嘯", "indoor": "是", "outdoor": "是", "vulnerable_friendly": "否", "manager": "許明枝", "manager_phone": "02-29862345轉493", "city": "new_taipei"}, "geometry": {"type": "Point", "coordinates": [121.4845, 25.0663]}}, {"type": "Feature", "properties": {"name": "秀峰高中", "address": "忠孝東路201號", "district": "汐止區", "capacity": "1190", "disaster_types": "水災,震災,土石流,海嘯", "indoor": "是", "outdoor": "是", "vulnerable_friendly": "是", "manager": "宋怡穎", "manager_phone": "02-26411111#120", "city": "new_taipei"}, "geometry": {"type": "Point", "coordinates": [121.661912, 25.066456]}}, {"type": "Feature", "properties": {"name": "樟樹國小", "address": "樟樹一路141巷2號", "district": "汐止區", "capacity": "1292", "disaster_types": "水災,震災,土石流,海嘯", "indoor": "是", "outdoor": "是", "vulnerable_friendly": "否", "manager": "宋怡穎", "manager_phone": "02-26411111#120", "city": "new_taipei"}, "geometry": {"type": "Point", "coordinates": [121.641767, 25.066498]}}, {"type": "Feature", "properties": {"name": "汐止國小", "address": "大同路二段313號", "district": "汐止區", "capacity": "810", "disaster_types": "震災,土石流,海嘯", "indoor": "是", "outdoor": "是", "vulnerable_friendly": "否", "manager": "宋怡穎", "manager_phone": "02-26411111#120", "city": "new_taipei"}, "geometry": {"type": "Point", "coordinates": [121.654876, 25.066688]}}, {"type": "Feature", "properties": {"name": "南湖高中", "address": "內湖區康寧路3段220號", "district": "內湖區", "capacity": "300", "disaster_types": "水災,震災", "indoor": "是", "outdoor": "否", "vulnerable_friendly": "否", "manager": "王駿騏", "manager_phone": "26308889#111", "city": "taipei"}, "geometry": {"type": "Point", "coordinates": [121.6111, 25.0669]}}, {"type": "Feature", "properties": {"name": "汐止國中", "address": "大同路二段394號", "district": "汐止區", "capacity": "1384", "disaster_types": "震災,土石流,海嘯", "indoor": "是", "outdoor": "是", "vulnerable_friendly": "否", "manager": "宋怡穎", "manager_phone": "02-26411111#120", "city": "new_taipei"}, "geometry": {"type": "Point", "coordinates": [121.658337, 25.066957]}}, {"type": "Feature", "properties": {"name": "師範大學林口校區體育館", "address": "仁愛路一段2號", "district": "林口區", "capacity": "4587", "disaster_types": "水災,海嘯", "indoor": "是", "outdoor": "是", "vulnerable_friendly": "否", "manager": "吳忠信", "manager_phone": "77148301", "city": "new_taipei"}, "geometry": {"type": "Point", "coordinates": [121.397844, 25.067902]}}, {"type": "Feature", "properties": {"name": "林口市民活動中心", "address": "中正路100號3樓", "district": "林口區", "capacity": "63", "disaster_types": "水災,震災,土石流,海嘯", "indoor": "是", "outdoor": "否", "vulnerable_friendly": "否", "manager": "黃德源", "manager_phone": "02-26033111#608", "city": "new_taipei"}, "geometry": {"type": "Point", "coordinates": [121.3717, 25.068]}}, {"type": "Feature", "properties": {"name": "崇林國中", "address": "文化一路一段20號", "district": "林口區", "capacity": "1312", "disaster_types": "水災,土石流,海嘯", "indoor": "是", "outdoor": "是", "vulnerable_friendly": "是", "manager": "林煌展", "manager_phone": "26095829#130", "city": "new_taipei"}, "geometry": {"type": "Point", "coordinates": [121.3703, 25.0681]}}, {"type": "Feature", "properties": {"name": "正義市民活動中心", "address": "三重區雙園街1號", "district": "三重區", "capacity": "100", "disaster_types": "水災,震災,土石流,海嘯", "indoor": "是", "outdoor": "否", "vulnerable_friendly": "否", "manager": "許明枝", "manager_phone": "02-29862345493", "city": "new_taipei"}, "geometry": {"type": "Point", "coordinates": [121.4975, 25.0682]}}, {"type": "Feature", "properties": {"name": "東湖國小", "address": "內湖區東湖路115號", "district": "內湖區", "capacity": "155", "disaster_types": "水災,震災", "indoor": "是", "outdoor": "否", "vulnerable_friendly": "否", "manager": "鄧善明", "manager_phone": "26339984#125", "city": "taipei"}, "geometry": {"type": "Point", "coordinates": [121.6158, 25.0685]}}, {"type": "Feature", "properties": {"name": "麗園國小", "address": "忠孝路591號", "district": "林口區", "capacity": "945", "disaster_types": "水災,震災,土石流,海嘯", "indoor": "是", "outdoor": "是", "vulnerable_friendly": "否", "manager": "吳嘉麟", "manager_phone": "26091061#752", "city": "new_taipei"}, "geometry": {"type": "Point", "coordinates": [121.3762, 25.0686]}}, {"type": "Feature", "properties": {"name": "麗林國小", "address": "公園路46號", "district": "林口區", "capacity": "1790", "disaster_types": "水災,震災,土石流,海嘯", "indoor": "是", "outdoor": "是", "vulnerable_friendly": "是", "manager": "許修豪", "manager_phone": "26008457#111", "city": "new_taipei"}, "geometry": {"type": "Point", "coordinates": [121.3679, 25.0687]}}, {"type": "Feature", "properties": {"name": "東勢市民活動中心", "address": "麗園一街35號3樓", "district": "林口區", "capacity": "247", "disaster_types": "水災,震災,土石流,海嘯", "indoor": "是", "outdoor": "否", "vulnerable_friendly": "是", "manager": "黃德源", "manager_phone": "26033111#608", "city": "new_taipei"}, "geometry": {"type": "Point", "coordinates": [121.377252, 25.068777]}}, {"type": "Feature", "properties": {"name": "新湖國小", "address": "臺北市內湖區民權東路6段138號", "district": "內湖區", "capacity": "40", "disaster_types": "水災,震災", "indoor": "是", "outdoor": "否", "vulnerable_friendly": "是", "manager": "李之法", "manager_phone": "27963721#120", "city": "taipei"}, "geometry": {"type": "Point", "coordinates": [121.5887, 25.0688]}}, {"type": "Feature", "properties": {"name": "金龍國小", "address": "明峰街201號", "district": "汐止區", "capacity": "600", "disaster_types": "水災,震災,土石流,海嘯", "indoor": "是", "outdoor": "是", "vulnerable_friendly": "否", "manager": "宋怡穎", "manager_phone": "02-26411111#120", "city": "new_taipei"}, "geometry": {"type": "Point", "coordinates": [121.627046, 25.068806]}}, {"type": "Feature", "properties": {"name": "麗園市民活動中心", "address": "忠孝路569巷17號", "district": "林口區", "capacity": "75", "disaster_types": "水災,震災,土石流,海嘯", "indoor": "是", "outdoor": "否", "vulnerable_friendly": "否", "manager": "黃德源", "manager_phone": "26033111#608", "city": "new_taipei"}, "geometry": {"type": "Point", "coordinates": [121.373756, 25.068979]}}, {"type": "Feature", "properties": {"name": "三民國中", "address": "內湖區民權東路6段45號", "district": "內湖區", "capacity": "300", "disaster_types": "水災,震災", "indoor": "是", "outdoor": "否", "vulnerable_friendly": "否", "manager": "涂詩珮", "manager_phone": "27944772#250", "city": "taipei"}, "geometry": {"type": "Point", "coordinates": [121.5862, 25.0691]}}, {"type": "Feature", "properties": {"name": "茄苳里活動中心", "address": "茄苳路225巷35號", "district": "汐止區", "capacity": "53", "disaster_types": "水災,震災,土石流,海嘯", "indoor": "是", "outdoor": "否", "vulnerable_friendly": "是", "manager": "宋怡穎", "manager_phone": "02-26411111#120", "city": "new_taipei"}, "geometry": {"type": "Point", "coordinates": [121.672058, 25.069255]}}, {"type": "Feature", "properties": {"name": "蘭州國中", "address": "大同區大龍街187巷1號", "district": "大同區", "capacity": "30", "disaster_types": "水災,震災", "indoor": "是", "outdoor": "否", "vulnerable_friendly": "是", "manager": "金惠琳", "manager_phone": "25918269#500", "city": "taipei"}, "geometry": {"type": "Point", "coordinates": [121.5167, 25.0693]}}, {"type": "Feature", "properties": {"name": "內湖區行政大樓", "address": "民權東路6段99號8樓", "district": "內湖區", "capacity": "170", "disaster_types": "", "indoor": "否", "outdoor": "否", "vulnerable_friendly": "否", "manager": "盧青華", "manager_phone": "935578581", "city": "taipei"}, "geometry": {"type": "Point", "coordinates": [121.586898, 25.069324]}}, {"type": "Feature", "properties": {"name": "崇德國小", "address": "茄苳路158號", "district": "汐止區", "capacity": "1275", "disaster_types": "水災,震災,土石流,海嘯", "indoor": "是", "outdoor": "是", "vulnerable_friendly": "否", "manager": "宋怡穎", "manager_phone": "02-26411111#120", "city": "new_taipei"}, "geometry": {"type": "Point", "coordinates": [121.669187, 25.069578]}}, {"type": "Feature", "properties": {"name": "新北市立三重商工", "address": "三重區中正北路163號", "district": "三重區", "capacity": "1586", "disaster_types": "震災,土石流,海嘯", "indoor": "是", "outdoor": "是", "vulnerable_friendly": "否", "manager": "許明枝", "manager_phone": "02-29862345#493", "city": "new_taipei"}, "geometry": {"type": "Point", "coordinates": [121.4801, 25.0696]}}, {"type": "Feature", "properties": {"name": "私立穀保家商", "address": "三重區中正北路560巷38號", "district": "三重區", "capacity": "1674", "disaster_types": "水災,震災,土石流,海嘯", "indoor": "是", "outdoor": "是", "vulnerable_friendly": "否", "manager": "許明枝", "manager_phone": "02-29862345#493", "city": "new_taipei"}, "geometry": {"type": "Point", "coordinates": [121.4711, 25.0697]}}, {"type": "Feature", "properties": {"name": "更寮國民小學", "address": "四維路2號", "district": "五股區", "capacity": "453", "disaster_types": "水災,土石流,海嘯", "indoor": "是", "outdoor": "是", "vulnerable_friendly": "是", "manager": "黃駿逸", "manager_phone": "02-22916051#113", "city": "new_taipei"}, "geometry": {"type": "Point", "coordinates": [121.4677, 25.0698]}}, {"type": "Feature", "properties": {"name": "六張市民活動中心", "address": "三重區六張街66號", "district": "三重區", "capacity": "100", "disaster_types": "水災,震災,土石流,海嘯", "indoor": "是", "outdoor": "否", "vulnerable_friendly": "否", "manager": "許明枝", "manager_phone": "02-29862345493", "city": "new_taipei"}, "geometry": {"type": "Point", "coordinates": [121.4938, 25.0702]}}, {"type": "Feature", "properties": {"name": "三重國民小學", "address": "三重區三和路三段1號", "district": "三重區", "capacity": "709", "disaster_types": "水災,震災,土石流,海嘯", "indoor": "是", "outdoor": "是", "vulnerable_friendly": "否", "manager": "許明枝", "manager_phone": "02-29862345#493", "city": "new_taipei"}, "geometry": {"type": "Point", "coordinates": [121.4973, 25.0704]}}, {"type": "Feature", "properties": {"name": "光榮國民中學", "address": "三重區介壽路26號", "district": "三重區", "capacity": "1031", "disaster_types": "水災,震災,土石流,海嘯", "indoor": "是", "outdoor": "是", "vulnerable_friendly": "否", "manager": "許明枝", "manager_phone": "02-29862345#493", "city": "new_taipei"}, "geometry": {"type": "Point", "coordinates": [121.4999, 25.0705]}}, {"type": "Feature", "properties": {"name": "崇德橋東市民活動中心", "address": "茄苳路82號", "district": "汐止區", "capacity": "100", "disaster_types": "水災,震災,土石流,海嘯", "indoor": "是", "outdoor": "否", "vulnerable_friendly": "是", "manager": "宋怡穎", "manager_phone": "02-24611111#120", "city": "new_taipei"}, "geometry": {"type": "Point", "coordinates": [121.666953, 25.070551]}}, {"type": "Feature", "properties": {"name": "南湖國小", "address": "臺北市內湖區康寧路3段200號", "district": "內湖區", "capacity": "50", "disaster_types": "水災,震災", "indoor": "是", "outdoor": "否", "vulnerable_friendly": "是", "manager": "溫博安", "manager_phone": "26321296#51", "city": "taipei"}, "geometry": {"type": "Point", "coordinates": [121.6107, 25.0706]}}, {"type": "Feature", "properties": {"name": "明湖國中", "address": "內湖區康寧路3段60號", "district": "內湖區", "capacity": "251", "disaster_types": "水災,震災", "indoor": "是", "outdoor": "否", "vulnerable_friendly": "否", "manager": "洪陸麒", "manager_phone": "26320616#510", "city": "taipei"}, "geometry": {"type": "Point", "coordinates": [121.6107, 25.0706]}}, {"type": "Feature", "properties": {"name": "和平市民活動中心", "address": "三重區自強路二段90號", "district": "三重區", "capacity": "100", "disaster_types": "水災,震災,土石流,海嘯", "indoor": "是", "outdoor": "否", "vulnerable_friendly": "否", "manager": "許明枝", "manager_phone": "02-29862345493", "city": "new_taipei"}, "geometry": {"type": "Point", "coordinates": [121.4874, 25.0707]}}, {"type": "Feature", "properties": {"name": "厚德國民小學", "address": "三重區中孝路一段70號", "district": "三重區", "capacity": "505", "disaster_types": "水災,震災,土石流,海嘯", "indoor": "是", "outdoor": "是", "vulnerable_friendly": "否", "manager": "許明枝", "manager_phone": "02-29862345#493", "city": "new_taipei"}, "geometry": {"type": "Point", "coordinates": [121.4874, 25.0707]}}, {"type": "Feature", "properties": {"name": "老人文康活動中心禮堂", "address": "三重區自強路二段93號B1", "district": "三重區", "capacity": "100", "disaster_types": "水災,震災,土石流,海嘯", "indoor": "是", "outdoor": "否", "vulnerable_friendly": "否", "manager": "許明枝", "manager_phone": "02-29862345493", "city": "new_taipei"}, "geometry": {"type": "Point", "coordinates": [121.4884, 25.0707]}}, {"type": "Feature", "properties": {"name": "光榮國民小學", "address": "三重區介壽路32號", "district": "三重區", "capacity": "195", "disaster_types": "水災,震災,土石流,海嘯", "indoor": "是", "outdoor": "是", "vulnerable_friendly": "否", "manager": "許明枝", "manager_phone": "02-29862345#493", "city": "new_taipei"}, "geometry": {"type": "Point", "coordinates": [121.5013, 25.0709]}}, {"type": "Feature", "properties": {"name": "明湖國小", "address": "內湖區康寧路3段105號", "district": "內湖區", "capacity": "137", "disaster_types": "水災,震災", "indoor": "是", "outdoor": "否", "vulnerable_friendly": "是", "manager": "向芳誼", "manager_phone": "26323477#41", "city": "taipei"}, "geometry": {"type": "Point", "coordinates": [121.6106, 25.0711]}}, {"type": "Feature", "properties": {"name": "保長坑訓練中心", "address": "大同路三段469號", "district": "汐止區", "capacity": "1075", "disaster_types": "水災,震災,土石流,海嘯", "indoor": "是", "outdoor": "是", "vulnerable_friendly": "是", "manager": "宋怡穎", "manager_phone": "02-26411111#120", "city": "new_taipei"}, "geometry": {"type": "Point", "coordinates": [121.679316, 25.071337]}}, {"type": "Feature", "properties": {"name": "德音國民小學", "address": "明德路2號", "district": "五股區", "capacity": "146", "disaster_types": "水災,土石流,海嘯", "indoor": "是", "outdoor": "是", "vulnerable_friendly": "是", "manager": "黃駿逸", "manager_phone": "02-22916051#113", "city": "new_taipei"}, "geometry": {"type": "Point", "coordinates": [121.4345, 25.0714]}}, {"type": "Feature", "properties": {"name": "保長國小", "address": "大同路三段553號", "district": "汐止區", "capacity": "470", "disaster_types": "水災,震災,土石流,海嘯", "indoor": "是", "outdoor": "是", "vulnerable_friendly": "否", "manager": "宋怡穎", "manager_phone": "02-26411111#120", "city": "new_taipei"}, "geometry": {"type": "Point", "coordinates": [121.680851, 25.071773]}}, {"type": "Feature", "properties": {"name": "仁愛市民活動中心", "address": "文化一路1段137號", "district": "林口區", "capacity": "194", "disaster_types": "水災,震災,土石流,海嘯", "indoor": "是", "outdoor": "否", "vulnerable_friendly": "是", "manager": "黃德源", "manager_phone": "26033111#608", "city": "new_taipei"}, "geometry": {"type": "Point", "coordinates": [121.37391, 25.071966]}}, {"type": "Feature", "properties": {"name": "東湖國中", "address": "內湖區康樂街131號", "district": "內湖區", "capacity": "138", "disaster_types": "水災,震災", "indoor": "是", "outdoor": "否", "vulnerable_friendly": "是", "manager": "唐廷俊", "manager_phone": "26330373#651", "city": "taipei"}, "geometry": {"type": "Point", "coordinates": [121.6195, 25.0723]}}, {"type": "Feature", "properties": {"name": "麗湖國小", "address": "內湖區金湖路363巷8號", "district": "內湖區", "capacity": "315", "disaster_types": "水災,震災", "indoor": "是", "outdoor": "否", "vulnerable_friendly": "是", "manager": "劉松育", "manager_phone": "26343888＃130", "city": "taipei"}, "geometry": {"type": "Point", "coordinates": [121.6013, 25.0731]}}, {"type": "Feature", "properties": {"name": "大佳國小", "address": "中山區濱江街107號", "district": "中山區", "capacity": "30", "disaster_types": "水災,震災", "indoor": "是", "outdoor": "否", "vulnerable_friendly": "是", "manager": "賴佩莉", "manager_phone": "02-25035816#110", "city": "taipei"}, "geometry": {"type": "Point", "coordinates": [121.5359, 25.0733]}}, {"type": "Feature", "properties": {"name": "大龍國小", "address": "大同區哈密街47號", "district": "大同區", "capacity": "30", "disaster_types": "水災,震災", "indoor": "是", "outdoor": "否", "vulnerable_friendly": "否", "manager": "鍾燕玲", "manager_phone": "02-25942635#838", "city": "taipei"}, "geometry": {"type": "Point", "coordinates": [121.5167, 25.0734]}}, {"type": "Feature", "properties": {"name": "林口高中", "address": "仁愛路二段173號", "district": "林口區", "capacity": "3099", "disaster_types": "水災,震災,土石流,海嘯", "indoor": "是", "outdoor": "是", "vulnerable_friendly": "是", "manager": "宋永豐", "manager_phone": "26009482#600", "city": "new_taipei"}, "geometry": {"type": "Point", "coordinates": [121.381, 25.0736]}}, {"type": "Feature", "properties": {"name": "格致高級中學", "address": "三重區大智街260號", "district": "三重區", "capacity": "1000", "disaster_types": "震災,土石流,海嘯", "indoor": "是", "outdoor": "是", "vulnerable_friendly": "是", "manager": "許明枝", "manager_phone": "02-29862345#493", "city": "new_taipei"}, "geometry": {"type": "Point", "coordinates": [121.4887, 25.0738]}}, {"type": "Feature", "properties": {"name": "南勢市民活動中心", "address": "南勢二街154號", "district": "林口區", "capacity": "106", "disaster_types": "水災,震災,土石流,海嘯", "indoor": "是", "outdoor": "否", "vulnerable_friendly": "是", "manager": "黃德源", "manager_phone": "02-26033111#608", "city": "new_taipei"}, "geometry": {"type": "Point", "coordinates": [121.359019, 25.073835]}}, {"type": "Feature", "properties": {"name": "南勢國小", "address": "南勢街215號", "district": "林口區", "capacity": "534", "disaster_types": "水災,震災,土石流,海嘯", "indoor": "是", "outdoor": "是", "vulnerable_friendly": "是", "manager": "蕭麗娟", "manager_phone": "26091020#830", "city": "new_taipei"}, "geometry": {"type": "Point", "coordinates": [121.3588, 25.075]}}, {"type": "Feature", "properties": {"name": "明倫高中", "address": "臺北市大同區承德路3段336號", "district": "大同區", "capacity": "70", "disaster_types": "水災,震災", "indoor": "是", "outdoor": "否", "vulnerable_friendly": "否", "manager": "徐榮濱", "manager_phone": "02-25961567#151", "city": "taipei"}, "geometry": {"type": "Point", "coordinates": [121.5199, 25.0755]}}, {"type": "Feature", "properties": {"name": "憲訓中心", "address": "成泰路一段175號", "district": "五股區", "capacity": "686", "disaster_types": "水災,土石流,海嘯", "indoor": "是", "outdoor": "否", "vulnerable_friendly": "否", "manager": "黃駿逸", "manager_phone": "02-22916051#113", "city": "new_taipei"}, "geometry": {"type": "Point", "coordinates": [121.4349, 25.0758]}}, {"type": "Feature", "properties": {"name": "重慶國中", "address": "大同區敦煌路19號", "district": "大同區", "capacity": "0", "disaster_types": "水災,震災", "indoor": "是", "outdoor": "否", "vulnerable_friendly": "否", "manager": "邱貿瑞", "manager_phone": "02-25948631#240", "city": "taipei"}, "geometry": {"type": "Point", "coordinates": [121.5179, 25.0759]}}, {"type": "Feature", "properties": {"name": "臺北市大同運動中心", "address": "大龍街51號", "district": "大同區", "capacity": "300", "disaster_types": "震災", "indoor": "是", "outdoor": "否", "vulnerable_friendly": "否", "manager": "鄭景中", "manager_phone": "0225702330-6424", "city": "taipei"}, "geometry": {"type": "Point", "coordinates": [121.5179, 25.0759]}}, {"type": "Feature", "properties": {"name": "永盛市民活動中心", "address": "三重區車路頭街133號", "district": "三重區", "capacity": "100", "disaster_types": "水災,震災,土石流,海嘯", "indoor": "是", "outdoor": "否", "vulnerable_friendly": "否", "manager": "許明枝", "manager_phone": "02-29862345493", "city": "new_taipei"}, "geometry": {"type": "Point", "coordinates": [121.4846, 25.0764]}}, {"type": "Feature", "properties": {"name": "三和國民中學", "address": "三重區三和路四段216號", "district": "三重區", "capacity": "653", "disaster_types": "水災,震災,土石流,海嘯", "indoor": "是", "outdoor": "是", "vulnerable_friendly": "否", "manager": "許明枝", "manager_phone": "02-29862345#493", "city": "new_taipei"}, "geometry": {"type": "Point", "coordinates": [121.4865, 25.0766]}}, {"type": "Feature", "properties": {"name": "林口區公所", "address": "仁愛路一段378號", "district": "林口區", "capacity": "120", "disaster_types": "水災,土石流,海嘯", "indoor": "是", "outdoor": "否", "vulnerable_friendly": "是", "manager": "劉艾如", "manager_phone": "02-26033111-216", "city": "new_taipei"}, "geometry": {"type": "Point", "coordinates": [121.3885, 25.0767]}}, {"type": "Feature", "properties": {"name": "得仁市民活動中心", "address": "中山一路415號6樓", "district": "蘆洲區", "capacity": "52", "disaster_types": "土石流", "indoor": "是", "outdoor": "否", "vulnerable_friendly": "是", "manager": "沈明輝", "manager_phone": "22811484-119", "city": "new_taipei"}, "geometry": {"type": "Point", "coordinates": [121.469, 25.0767]}}, {"type": "Feature", "properties": {"name": "林口國中活動中心", "address": "民治路25號", "district": "林口區", "capacity": "1736", "disaster_types": "水災,震災,土石流,海嘯", "indoor": "是", "outdoor": "否", "vulnerable_friendly": "否", "manager": "陳建全", "manager_phone": "2601-1014#31", "city": "new_taipei"}, "geometry": {"type": "Point", "coordinates": [121.3769, 25.0769]}}, {"type": "Feature", "properties": {"name": "永福國民小學", "address": "三重區永福街66號", "district": "三重區", "capacity": "706", "disaster_types": "震災,土石流,海嘯", "indoor": "是", "outdoor": "是", "vulnerable_friendly": "否", "manager": "許明枝", "manager_phone": "02-29862345#493", "city": "new_taipei"}, "geometry": {"type": "Point", "coordinates": [121.4806, 25.077]}}, {"type": "Feature", "properties": {"name": "內湖國中", "address": "內湖區陽光街1號", "district": "內湖區", "capacity": "233", "disaster_types": "水災,震災", "indoor": "是", "outdoor": "否", "vulnerable_friendly": "是", "manager": "林慧靜", "manager_phone": "27900843#230", "city": "taipei"}, "geometry": {"type": "Point", "coordinates": [121.5887, 25.077]}}, {"type": "Feature", "properties": {"name": "濱江國小", "address": "中山區樂群2路266巷99號", "district": "中山區", "capacity": "114", "disaster_types": "水災,震災", "indoor": "是", "outdoor": "否", "vulnerable_friendly": "否", "manager": "卓家意", "manager_phone": "02-85021571#1400", "city": "taipei"}, "geometry": {"type": "Point", "coordinates": [121.5617, 25.0773]}}, {"type": "Feature", "properties": {"name": "麗林市民活動中心", "address": "公園路59號3樓", "district": "林口區", "capacity": "236", "disaster_types": "水災,震災,土石流,海嘯", "indoor": "是", "outdoor": "否", "vulnerable_friendly": "是", "manager": "黃德源", "manager_phone": "26033111#608", "city": "new_taipei"}, "geometry": {"type": "Point", "coordinates": [121.394, 25.0774]}}, {"type": "Feature", "properties": {"name": "北安國中", "address": "中山區明水路325號", "district": "中山區", "capacity": "30", "disaster_types": "水災,震災", "indoor": "是", "outdoor": "否", "vulnerable_friendly": "否", "manager": "余賢桄", "manager_phone": "25333888-240", "city": "taipei"}, "geometry": {"type": "Point", "coordinates": [121.5416, 25.0778]}}, {"type": "Feature", "properties": {"name": "內湖高中", "address": "內湖區文德路218號", "district": "內湖區", "capacity": "110", "disaster_types": "水災,震災", "indoor": "是", "outdoor": "否", "vulnerable_friendly": "否", "manager": "韓國瑾", "manager_phone": "27977035#309", "city": "taipei"}, "geometry": {"type": "Point", "coordinates": [121.5865, 25.0784]}}, {"type": "Feature", "properties": {"name": "臺北市內湖運動中心", "address": "洲子街12號", "district": "內湖區", "capacity": "219", "disaster_types": "震災", "indoor": "是", "outdoor": "否", "vulnerable_friendly": "否", "manager": "林美如", "manager_phone": "02-25702330#6425", "city": "taipei"}, "geometry": {"type": "Point", "coordinates": [121.5865, 25.0784]}}, {"type": "Feature", "properties": {"name": "新北特殊教育學校", "address": "文化北路1段425號", "district": "林口區", "capacity": "1383", "disaster_types": "水災,震災,土石流,海嘯", "indoor": "否", "outdoor": "否", "vulnerable_friendly": "是", "manager": "陳素惠", "manager_phone": "02-2600-6768#8001", "city": "new_taipei"}, "geometry": {"type": "Point", "coordinates": [121.365938, 25.078446]}}, {"type": "Feature", "properties": {"name": "民生市民活動中心", "address": "民生街129巷14號", "district": "蘆洲區", "capacity": "20", "disaster_types": "水災,震災,土石流,海嘯", "indoor": "是", "outdoor": "否", "vulnerable_friendly": "否", "manager": "沈明輝", "manager_phone": "02-22811484-119", "city": "new_taipei"}, "geometry": {"type": "Point", "coordinates": [121.4728, 25.0785]}}, {"type": "Feature", "properties": {"name": "永安國小", "address": "臺北市中山區明水路397巷19弄1號", "district": "中山區", "capacity": "60", "disaster_types": "水災,震災", "indoor": "是", "outdoor": "否", "vulnerable_friendly": "是", "manager": "梁志恒", "manager_phone": "25335672#230", "city": "taipei"}, "geometry": {"type": "Point", "coordinates": [121.5494, 25.0787]}}, {"type": "Feature", "properties": {"name": "長安市民活動中心", "address": "長興街一段50號", "district": "汐止區", "capacity": "89", "disaster_types": "水災,震災,土石流,海嘯", "indoor": "是", "outdoor": "否", "vulnerable_friendly": "是", "manager": "宋怡穎", "manager_phone": "02-26411111#120", "city": "new_taipei"}, "geometry": {"type": "Point", "coordinates": [121.670529, 25.079073]}}, {"type": "Feature", "properties": {"name": "內湖國小", "address": "內湖區內湖路2段41號", "district": "內湖區", "capacity": "150", "disaster_types": "水災,震災", "indoor": "是", "outdoor": "否", "vulnerable_friendly": "是", "manager": "黎季昊", "manager_phone": "27998085#311", "city": "taipei"}, "geometry": {"type": "Point", "coordinates": [121.5802, 25.0791]}}, {"type": "Feature", "properties": {"name": "長安國小", "address": "長興街一段80號", "district": "汐止區", "capacity": "807", "disaster_types": "震災,土石流,海嘯", "indoor": "是", "outdoor": "是", "vulnerable_friendly": "否", "manager": "宋怡穎", "manager_phone": "02-26411111#120", "city": "new_taipei"}, "geometry": {"type": "Point", "coordinates": [121.670789, 25.079315]}}, {"type": "Feature", "properties": {"name": "更新市民活動中心", "address": "更洲路47號", "district": "五股區", "capacity": "65", "disaster_types": "水災,震災,土石流,海嘯", "indoor": "是", "outdoor": "否", "vulnerable_friendly": "是", "manager": "黃駿逸", "manager_phone": "02-22916051#113", "city": "new_taipei"}, "geometry": {"type": "Point", "coordinates": [121.4573, 25.0794]}}, {"type": "Feature", "properties": {"name": "大直高中", "address": "中山區北安路420號", "district": "中山區", "capacity": "300", "disaster_types": "水災,震災", "indoor": "是", "outdoor": "否", "vulnerable_friendly": "否", "manager": "楊雯仙", "manager_phone": "02-25334017#141", "city": "taipei"}, "geometry": {"type": "Point", "coordinates": [121.5428, 25.0794]}}, {"type": "Feature", "properties": {"name": "醒吾高中", "address": "粉寮路一段75巷80號", "district": "林口區", "capacity": "1243", "disaster_types": "水災,震災,土石流", "indoor": "是", "outdoor": "是", "vulnerable_friendly": "否", "manager": "吳昭瑾", "manager_phone": "26012644#1902", "city": "new_taipei"}, "geometry": {"type": "Point", "coordinates": [121.395779, 25.07957]}}, {"type": "Feature", "properties": {"name": "溪墘湧蓮市民活動中心", "address": "信義路65號", "district": "蘆洲區", "capacity": "50", "disaster_types": "水災,震災,土石流,海嘯", "indoor": "是", "outdoor": "否", "vulnerable_friendly": "是", "manager": "沈明輝", "manager_phone": "02-22811484-119", "city": "new_taipei"}, "geometry": {"type": "Point", "coordinates": [121.476051, 25.079572]}}, {"type": "Feature", "properties": {"name": "竹林山觀音寺活動中心", "address": "竹林路325號", "district": "林口區", "capacity": "500", "disaster_types": "水災,震災,土石流,海嘯", "indoor": "是", "outdoor": "是", "vulnerable_friendly": "是", "manager": "李子昌", "manager_phone": "26011412#18", "city": "new_taipei"}, "geometry": {"type": "Point", "coordinates": [121.3958, 25.0796]}}, {"type": "Feature", "properties": {"name": "濱江國中", "address": "中山區樂群二路262號", "district": "中山區", "capacity": "86", "disaster_types": "水災,震災", "indoor": "是", "outdoor": "否", "vulnerable_friendly": "否", "manager": "黃秀森", "manager_phone": "02-8502-0126", "city": "taipei"}, "geometry": {"type": "Point", "coordinates": [121.5607, 25.0796]}}, {"type": "Feature", "properties": {"name": "內湖高工", "address": "內湖路1段520號", "district": "內湖區", "capacity": "245", "disaster_types": "水災,震災", "indoor": "是", "outdoor": "否", "vulnerable_friendly": "否", "manager": "韓東賢", "manager_phone": "26574874#121", "city": "taipei"}, "geometry": {"type": "Point", "coordinates": [121.5754, 25.0797]}}, {"type": "Feature", "properties": {"name": "劍潭國小", "address": "士林區通河街16號", "district": "士林區", "capacity": "30", "disaster_types": "水災,震災", "indoor": "是", "outdoor": "否", "vulnerable_friendly": "否", "manager": "李孟柔", "manager_phone": "02-28855491#830", "city": "taipei"}, "geometry": {"type": "Point", "coordinates": [121.5229, 25.0799]}}, {"type": "Feature", "properties": {"name": "康寧國小", "address": "內湖區星雲街121號", "district": "內湖區", "capacity": "247", "disaster_types": "水災,震災", "indoor": "是", "outdoor": "否", "vulnerable_friendly": "否", "manager": "黃聰欽", "manager_phone": "27917755", "city": "taipei"}, "geometry": {"type": "Point", "coordinates": [121.5949, 25.08]}}, {"type": "Feature", "properties": {"name": "佳林國中", "address": "中山路268號", "district": "林口區", "capacity": "747", "disaster_types": "水災,震災,土石流,海嘯", "indoor": "是", "outdoor": "是", "vulnerable_friendly": "是", "manager": "馮維寧", "manager_phone": "26028555#600", "city": "new_taipei"}, "geometry": {"type": "Point", "coordinates": [121.3842, 25.0803]}}, {"type": "Feature", "properties": {"name": "徐匯中學", "address": "中山一路1號", "district": "蘆洲區", "capacity": "784", "disaster_types": "水災,震災,土石流,海嘯", "indoor": "是", "outdoor": "是", "vulnerable_friendly": "否", "manager": "沈明輝", "manager_phone": "02-22811484-119", "city": "new_taipei"}, "geometry": {"type": "Point", "coordinates": [121.48, 25.0803]}}, {"type": "Feature", "properties": {"name": "大直國小", "address": "中山區大直街2號", "district": "中山區", "capacity": "104", "disaster_types": "水災,震災", "indoor": "是", "outdoor": "否", "vulnerable_friendly": "否", "manager": "林秀勤", "manager_phone": "02-85098286", "city": "taipei"}, "geometry": {"type": "Point", "coordinates": [121.5464, 25.0805]}}, {"type": "Feature", "properties": {"name": "長安市民活動中心", "address": "長安街96號4樓", "district": "蘆洲區", "capacity": "123", "disaster_types": "水災,震災,土石流,海嘯", "indoor": "是", "outdoor": "否", "vulnerable_friendly": "否", "manager": "沈明輝", "manager_phone": "02-22811484-119", "city": "new_taipei"}, "geometry": {"type": "Point", "coordinates": [121.4619, 25.0807]}}, {"type": "Feature", "properties": {"name": "林口國小", "address": "林口路76號", "district": "林口區", "capacity": "1009", "disaster_types": "水災,震災,土石流,海嘯", "indoor": "是", "outdoor": "是", "vulnerable_friendly": "是", "manager": "張憲庭", "manager_phone": "26011010#831", "city": "new_taipei"}, "geometry": {"type": "Point", "coordinates": [121.3899, 25.0808]}}, {"type": "Feature", "properties": {"name": "永安兒童公園市民活動中心", "address": "永安北路二段42之6號", "district": "蘆洲區", "capacity": "87", "disaster_types": "水災,震災,土石流,海嘯", "indoor": "是", "outdoor": "否", "vulnerable_friendly": "是", "manager": "沈明輝", "manager_phone": "02-22811484-119", "city": "new_taipei"}, "geometry": {"type": "Point", "coordinates": [121.481944, 25.081635]}}, {"type": "Feature", "properties": {"name": "麗山國中", "address": "內湖區內湖路1段629巷42號", "district": "內湖區", "capacity": "82", "disaster_types": "水災,震災", "indoor": "是", "outdoor": "否", "vulnerable_friendly": "否", "manager": "徐秀婕", "manager_phone": "27991867#401", "city": "taipei"}, "geometry": {"type": "Point", "coordinates": [121.5752, 25.0817]}}, {"type": "Feature", "properties": {"name": "中路市民活動中心", "address": "光華路107巷11號", "district": "蘆洲區", "capacity": "27", "disaster_types": "水災,震災,土石流,海嘯", "indoor": "是", "outdoor": "否", "vulnerable_friendly": "否", "manager": "沈明輝", "manager_phone": "02-22811484-119", "city": "new_taipei"}, "geometry": {"type": "Point", "coordinates": [121.4675, 25.0821]}}, {"type": "Feature", "properties": {"name": "頭湖國小", "address": "民權路101號", "district": "林口區", "capacity": "819", "disaster_types": "水災,震災,土石流,海嘯", "indoor": "是", "outdoor": "是", "vulnerable_friendly": "否", "manager": "謝素君", "manager_phone": "26080766#830", "city": "new_taipei"}, "geometry": {"type": "Point", "coordinates": [121.3729, 25.0827]}}, {"type": "Feature", "properties": {"name": "大湖公園", "address": "成功路五段31號旁", "district": "內湖區", "capacity": "4950", "disaster_types": "震災", "indoor": "否", "outdoor": "是", "vulnerable_friendly": "是", "manager": "陳美雅", "manager_phone": "26586601#216", "city": "taipei"}, "geometry": {"type": "Point", "coordinates": [121.603982, 25.082835]}}, {"type": "Feature", "properties": {"name": "立體停車場", "address": "工商路3號", "district": "五股區", "capacity": "550", "disaster_types": "水災,土石流,海嘯", "indoor": "是", "outdoor": "否", "vulnerable_friendly": "是", "manager": "黃駿逸", "manager_phone": "02-22916051#113", "city": "new_taipei"}, "geometry": {"type": "Point", "coordinates": [121.4393, 25.083]}}, {"type": "Feature", "properties": {"name": "五股國民中學", "address": "成泰路二段49巷15號", "district": "五股區", "capacity": "230", "disaster_types": "水災,海嘯", "indoor": "是", "outdoor": "是", "vulnerable_friendly": "否", "manager": "黃駿逸", "manager_phone": "02-22916051#113", "city": "new_taipei"}, "geometry": {"type": "Point", "coordinates": [121.4357, 25.0833]}}, {"type": "Feature", "properties": {"name": "五股國民小學", "address": "成泰路2段49號", "district": "五股區", "capacity": "2532", "disaster_types": "水災,土石流,海嘯", "indoor": "是", "outdoor": "是", "vulnerable_friendly": "是", "manager": "黃駿逸", "manager_phone": "02-22916051#113", "city": "new_taipei"}, "geometry": {"type": "Point", "coordinates": [121.4377, 25.0834]}}, {"type": "Feature", "properties": {"name": "財團法人臺灣省臺北縣基督教徒蘆洲", "address": "三民路26巷71弄2號B1地下室", "district": "蘆洲區", "capacity": "75", "disaster_types": "震災,土石流,海嘯", "indoor": "是", "outdoor": "否", "vulnerable_friendly": "否", "manager": "沈明輝", "manager_phone": "02-22811484-119", "city": "new_taipei"}, "geometry": {"type": "Point", "coordinates": [121.4786, 25.0835]}}, {"type": "Feature", "properties": {"name": "麗山國小", "address": "臺北市內湖區港華街100號", "district": "內湖區", "capacity": "193", "disaster_types": "水災,震災,土石流", "indoor": "是", "outdoor": "否", "vulnerable_friendly": "是", "manager": "陳弘偉", "manager_phone": "26574158#511", "city": "taipei"}, "geometry": {"type": "Point", "coordinates": [121.5725, 25.0836]}}, {"type": "Feature", "properties": {"name": "葫蘆國小", "address": "士林區環河北路3段95號", "district": "士林區", "capacity": "35", "disaster_types": "水災,震災", "indoor": "是", "outdoor": "否", "vulnerable_friendly": "否", "manager": "許興國", "manager_phone": "02-28129586#831", "city": "taipei"}, "geometry": {"type": "Point", "coordinates": [121.507, 25.0837]}}, {"type": "Feature", "properties": {"name": "西湖國小", "address": "內湖區環山路1段25號", "district": "內湖區", "capacity": "76", "disaster_types": "水災,震災", "indoor": "是", "outdoor": "否", "vulnerable_friendly": "否", "manager": "葉蓁燕", "manager_phone": "27971267#151", "city": "taipei"}, "geometry": {"type": "Point", "coordinates": [121.5657, 25.0838]}}, {"type": "Feature", "properties": {"name": "蘆洲國小", "address": "中正路100號", "district": "蘆洲區", "capacity": "2139", "disaster_types": "水災,震災,土石流,海嘯", "indoor": "是", "outdoor": "是", "vulnerable_friendly": "是", "manager": "沈明輝", "manager_phone": "02-22811484-119", "city": "new_taipei"}, "geometry": {"type": "Point", "coordinates": [121.47, 25.0841]}}, {"type": "Feature", "properties": {"name": "麗山高中", "address": "臺北市內湖區環山路2段100號", "district": "內湖區", "capacity": "60", "disaster_types": "水災,震災", "indoor": "是", "outdoor": "否", "vulnerable_friendly": "是", "manager": "林永發", "manager_phone": "26570435#400", "city": "taipei"}, "geometry": {"type": "Point", "coordinates": [121.5779, 25.0841]}}, {"type": "Feature", "properties": {"name": "湖南市民活動中心", "address": "民權路165號", "district": "林口區", "capacity": "86", "disaster_types": "水災,震災,土石流,海嘯", "indoor": "是", "outdoor": "是", "vulnerable_friendly": "是", "manager": "黃德源", "manager_phone": "26033111#608", "city": "new_taipei"}, "geometry": {"type": "Point", "coordinates": [121.3742, 25.0844]}}, {"type": "Feature", "properties": {"name": "蘆洲區公所", "address": "三民路95號", "district": "蘆洲區", "capacity": "185", "disaster_types": "水災,震災,土石流,海嘯", "indoor": "是", "outdoor": "否", "vulnerable_friendly": "是", "manager": "沈明輝", "manager_phone": "02-22811484-119", "city": "new_taipei"}, "geometry": {"type": "Point", "coordinates": [121.4739, 25.0847]}}, {"type": "Feature", "properties": {"name": "碧華國民小學", "address": "五華街160號", "district": "三重區", "capacity": "0", "disaster_types": "", "indoor": "否", "outdoor": "否", "vulnerable_friendly": "否", "manager": "許明枝", "manager_phone": "02-29862345#493", "city": "new_taipei"}, "geometry": {"type": "Point", "coordinates": [121.490369, 25.085115]}}, {"type": "Feature", "properties": {"name": "鷺江國小", "address": "民族路7號", "district": "蘆洲區", "capacity": "1002", "disaster_types": "水災,震災,土石流,海嘯", "indoor": "是", "outdoor": "是", "vulnerable_friendly": "否", "manager": "沈明輝", "manager_phone": "02-22811484-119", "city": "new_taipei"}, "geometry": {"type": "Point", "coordinates": [121.4769, 25.0853]}}, {"type": "Feature", "properties": {"name": "碧湖國小", "address": "臺北市內湖區金龍路100號", "district": "內湖區", "capacity": "134", "disaster_types": "水災,震災,土石流", "indoor": "是", "outdoor": "否", "vulnerable_friendly": "否", "manager": "陳詩添", "manager_phone": "27907161#151", "city": "taipei"}, "geometry": {"type": "Point", "coordinates": [121.5911, 25.0853]}}, {"type": "Feature", "properties": {"name": "成功國小", "address": "長安街311號", "district": "蘆洲區", "capacity": "495", "disaster_types": "水災,震災,土石流,海嘯", "indoor": "是", "outdoor": "是", "vulnerable_friendly": "否", "manager": "沈明輝", "manager_phone": "02-22811484-119", "city": "new_taipei"}, "geometry": {"type": "Point", "coordinates": [121.4575, 25.0857]}}, {"type": "Feature", "properties": {"name": "重陽市民活動中心", "address": "集賢路221巷11號", "district": "蘆洲區", "capacity": "58", "disaster_types": "水災,震災,土石流,海嘯", "indoor": "是", "outdoor": "否", "vulnerable_friendly": "是", "manager": "沈明輝", "manager_phone": "22811484-119", "city": "new_taipei"}, "geometry": {"type": "Point", "coordinates": [121.4837, 25.0857]}}, {"type": "Feature", "properties": {"name": "文湖國小", "address": "內湖區文湖街15號", "district": "內湖區", "capacity": "30", "disaster_types": "水災,震災", "indoor": "是", "outdoor": "否", "vulnerable_friendly": "是", "manager": "盧俊吉", "manager_phone": "26583515#1071", "city": "taipei"}, "geometry": {"type": "Point", "coordinates": [121.5601, 25.0858]}}, {"type": "Feature", "properties": {"name": "西湖國中", "address": "內湖區環山路1段27號", "district": "內湖區", "capacity": "106", "disaster_types": "水災,震災", "indoor": "是", "outdoor": "否", "vulnerable_friendly": "是", "manager": "藍瑋煥", "manager_phone": "27991817#310", "city": "taipei"}, "geometry": {"type": "Point", "coordinates": [121.5657, 25.0858]}}, {"type": "Feature", "properties": {"name": "百齡國小", "address": "士林區福港街205號", "district": "士林區", "capacity": "137", "disaster_types": "水災,震災", "indoor": "是", "outdoor": "否", "vulnerable_friendly": "否", "manager": "王正通", "manager_phone": "02-28817683#850", "city": "taipei"}, "geometry": {"type": "Point", "coordinates": [121.5178, 25.0862]}}, {"type": "Feature", "properties": {"name": "五華國民小學", "address": "三重區集賢路89號", "district": "三重區", "capacity": "327", "disaster_types": "水災,震災,土石流,海嘯", "indoor": "是", "outdoor": "是", "vulnerable_friendly": "否", "manager": "許明枝", "manager_phone": "02-29862345#493", "city": "new_taipei"}, "geometry": {"type": "Point", "coordinates": [121.4931, 25.0865]}}, {"type": "Feature", "properties": {"name": "三民高中", "address": "三民路96號", "district": "蘆洲區", "capacity": "5011", "disaster_types": "水災,震災,土石流,海嘯", "indoor": "是", "outdoor": "是", "vulnerable_friendly": "否", "manager": "沈明輝", "manager_phone": "02-22811484-119", "city": "new_taipei"}, "geometry": {"type": "Point", "coordinates": [121.4723, 25.0866]}}, {"type": "Feature", "properties": {"name": "百齡高中", "address": "士林區承德路4段177號", "district": "士林區", "capacity": "300", "disaster_types": "水災,震災", "indoor": "是", "outdoor": "否", "vulnerable_friendly": "否", "manager": "邱彩君", "manager_phone": "28831568#307", "city": "taipei"}, "geometry": {"type": "Point", "coordinates": [121.523, 25.087]}}, {"type": "Feature", "properties": {"name": "蘆洲國中", "address": "中正路265號", "district": "蘆洲區", "capacity": "2520", "disaster_types": "土石流", "indoor": "是", "outdoor": "是", "vulnerable_friendly": "否", "manager": "沈明輝", "manager_phone": "02-22811484-119", "city": "new_taipei"}, "geometry": {"type": "Point", "coordinates": [121.4664, 25.0871]}}, {"type": "Feature", "properties": {"name": "新北市立新北高中", "address": "三重區重新路五段656號", "district": "三重區", "capacity": "4475", "disaster_types": "水災,震災,土石流,海嘯", "indoor": "是", "outdoor": "是", "vulnerable_friendly": "否", "manager": "許明枝", "manager_phone": "02-29862345#493", "city": "new_taipei"}, "geometry": {"type": "Point", "coordinates": [121.4899, 25.0874]}}, {"type": "Feature", "properties": {"name": "大湖國小", "address": "內湖區大湖山莊街170號", "district": "內湖區", "capacity": "175", "disaster_types": "水災,震災", "indoor": "是", "outdoor": "否", "vulnerable_friendly": "是", "manager": "余文玲", "manager_phone": "27915870#51", "city": "taipei"}, "geometry": {"type": "Point", "coordinates": [121.6003, 25.0881]}}, {"type": "Feature", "properties": {"name": "猴硐國小", "address": "瑞芳區九芎橋路69-1號", "district": "瑞芳區", "capacity": "101", "disaster_types": "水災,震災,土石流,海嘯", "indoor": "是", "outdoor": "是", "vulnerable_friendly": "否", "manager": "賴佩珊", "manager_phone": "24960450-102", "city": "new_taipei"}, "geometry": {"type": "Point", "coordinates": [121.8296, 25.0889]}}, {"type": "Feature", "properties": {"name": "忠義國小", "address": "光榮路99號", "district": "蘆洲區", "capacity": "1106", "disaster_types": "震災,土石流,海嘯", "indoor": "是", "outdoor": "是", "vulnerable_friendly": "否", "manager": "沈明輝", "manager_phone": "02-22811484-119", "city": "new_taipei"}, "geometry": {"type": "Point", "coordinates": [121.4639, 25.0893]}}, {"type": "Feature", "properties": {"name": "北港國小", "address": "汐萬路二段279號", "district": "汐止區", "capacity": "1307", "disaster_types": "水災,震災,土石流,海嘯", "indoor": "是", "outdoor": "是", "vulnerable_friendly": "否", "manager": "宋怡穎", "manager_phone": "02-26411111#120", "city": "new_taipei"}, "geometry": {"type": "Point", "coordinates": [121.645595, 25.089404]}}, {"type": "Feature", "properties": {"name": "天母棒球場", "address": "忠誠路二段77號", "district": "士林區", "capacity": "150", "disaster_types": "震災", "indoor": "是", "outdoor": "否", "vulnerable_friendly": "否", "manager": "盧春安", "manager_phone": "02-25702330#6534", "city": "taipei"}, "geometry": {"type": "Point", "coordinates": [121.5029, 25.0898]}}, {"type": "Feature", "properties": {"name": "臺北市士林運動中心", "address": "士商路1號", "district": "士林區", "capacity": "171", "disaster_types": "震災", "indoor": "是", "outdoor": "否", "vulnerable_friendly": "否", "manager": "田佳泓", "manager_phone": "2570-2330轉6428", "city": "taipei"}, "geometry": {"type": "Point", "coordinates": [121.5029, 25.0898]}}, {"type": "Feature", "properties": {"name": "社子國小", "address": "臺北市士林區延平北路6段308號", "district": "士林區", "capacity": "192", "disaster_types": "水災,震災", "indoor": "是", "outdoor": "否", "vulnerable_friendly": "否", "manager": "羅泰興", "manager_phone": "28126195#830", "city": "taipei"}, "geometry": {"type": "Point", "coordinates": [121.5029, 25.0898]}}, {"type": "Feature", "properties": {"name": "鷺江國中", "address": "長樂路235號", "district": "蘆洲區", "capacity": "659", "disaster_types": "水災,震災,土石流,海嘯", "indoor": "是", "outdoor": "是", "vulnerable_friendly": "是", "manager": "沈明輝", "manager_phone": "02-22811484-119", "city": "new_taipei"}, "geometry": {"type": "Point", "coordinates": [121.4618, 25.0903]}}, {"type": "Feature", "properties": {"name": "公民會館", "address": "御史路1巷59號", "district": "五股區", "capacity": "182", "disaster_types": "水災,震災,土石流,海嘯", "indoor": "是", "outdoor": "否", "vulnerable_friendly": "是", "manager": "黃駿逸", "manager_phone": "02-22916051#113", "city": "new_taipei"}, "geometry": {"type": "Point", "coordinates": [121.440224, 25.090383]}}, {"type": "Feature", "properties": {"name": "永平市民活動中心", "address": "永平街1號4樓", "district": "蘆洲區", "capacity": "151", "disaster_types": "水災,震災,土石流,海嘯", "indoor": "是", "outdoor": "否", "vulnerable_friendly": "否", "manager": "沈明輝", "manager_phone": "02-22811484-119", "city": "new_taipei"}, "geometry": {"type": "Point", "coordinates": [121.4592, 25.0904]}}, {"type": "Feature", "properties": {"name": "仁愛國小", "address": "民族路488號", "district": "蘆洲區", "capacity": "584", "disaster_types": "土石流", "indoor": "是", "outdoor": "是", "vulnerable_friendly": "否", "manager": "沈明輝", "manager_phone": "02-22811484-119", "city": "new_taipei"}, "geometry": {"type": "Point", "coordinates": [121.471, 25.0915]}}, {"type": "Feature", "properties": {"name": "陽明高中", "address": "士林區中正路510號", "district": "士林區", "capacity": "110", "disaster_types": "水災,震災", "indoor": "是", "outdoor": "否", "vulnerable_friendly": "否", "manager": "陳佑昌", "manager_phone": "02-28316675#140", "city": "taipei"}, "geometry": {"type": "Point", "coordinates": [121.5172, 25.0918]}}, {"type": "Feature", "properties": {"name": "水湳市民活動中心", "address": "民族路426巷17號", "district": "蘆洲區", "capacity": "34", "disaster_types": "水災,震災,土石流,海嘯", "indoor": "是", "outdoor": "否", "vulnerable_friendly": "是", "manager": "沈明輝", "manager_phone": "02-22811484-119", "city": "new_taipei"}, "geometry": {"type": "Point", "coordinates": [121.4731, 25.0927]}}, {"type": "Feature", "properties": {"name": "士林國小", "address": "臺北市士林區大東路165號", "district": "士林區", "capacity": "225", "disaster_types": "水災,震災", "indoor": "是", "outdoor": "否", "vulnerable_friendly": "否", "manager": "何志宏", "manager_phone": "02-28812231#231", "city": "taipei"}, "geometry": {"type": "Point", "coordinates": [121.5251, 25.0928]}}, {"type": "Feature", "properties": {"name": "士林國中", "address": "士林區中正路345號", "district": "士林區", "capacity": "39", "disaster_types": "水災,震災", "indoor": "是", "outdoor": "否", "vulnerable_friendly": "否", "manager": "姚興南", "manager_phone": "02-88613411#500", "city": "taipei"}, "geometry": {"type": "Point", "coordinates": [121.5226, 25.0943]}}, {"type": "Feature", "properties": {"name": "成功市民活動中心", "address": "西雲路163號", "district": "五股區", "capacity": "100", "disaster_types": "水災,震災,土石流,海嘯", "indoor": "是", "outdoor": "否", "vulnerable_friendly": "是", "manager": "黃駿逸", "manager_phone": "02-22916051分#113", "city": "new_taipei"}, "geometry": {"type": "Point", "coordinates": [121.4461, 25.0944]}}, {"type": "Feature", "properties": {"name": "士林高商", "address": "士林區士商路150號", "district": "士林區", "capacity": "54", "disaster_types": "水災,震災", "indoor": "是", "outdoor": "否", "vulnerable_friendly": "否", "manager": "何杉友", "manager_phone": "02-28313114#401", "city": "taipei"}, "geometry": {"type": "Point", "coordinates": [121.5163, 25.095]}}, {"type": "Feature", "properties": {"name": "士林官邸公園", "address": "臺北市士林區福林路60號", "district": "士林區", "capacity": "1362", "disaster_types": "震災", "indoor": "否", "outdoor": "是", "vulnerable_friendly": "是", "manager": "陳昆陽", "manager_phone": "28812512#21", "city": "taipei"}, "geometry": {"type": "Point", "coordinates": [121.5303, 25.0951]}}, {"type": "Feature", "properties": {"name": "成州市民活動中心", "address": "西雲路267號", "district": "五股區", "capacity": "75", "disaster_types": "水災,震災,土石流,海嘯", "indoor": "是", "outdoor": "否", "vulnerable_friendly": "是", "manager": "黃駿逸", "manager_phone": "02-22916051#113", "city": "new_taipei"}, "geometry": {"type": "Point", "coordinates": [121.4494, 25.0981]}}, {"type": "Feature", "properties": {"name": "福林國小", "address": "士林區福志路75號", "district": "士林區", "capacity": "142", "disaster_types": "水災,震災", "indoor": "是", "outdoor": "否", "vulnerable_friendly": "否", "manager": "劉順海", "manager_phone": "02-28316293#204", "city": "taipei"}, "geometry": {"type": "Point", "coordinates": [121.5297, 25.0987]}}, {"type": "Feature", "properties": {"name": "文昌國小", "address": "士林區文林路615巷20號", "district": "士林區", "capacity": "75", "disaster_types": "水災,震災", "indoor": "是", "outdoor": "否", "vulnerable_friendly": "否", "manager": "陳佩雯", "manager_phone": "02-28365411#130", "city": "taipei"}, "geometry": {"type": "Point", "coordinates": [121.5209, 25.0996]}}, {"type": "Feature", "properties": {"name": "地藏禪寺", "address": "延平北路7段189號", "district": "士林區", "capacity": "100", "disaster_types": "", "indoor": "是", "outdoor": "否", "vulnerable_friendly": "否", "manager": "釋覺光師父", "manager_phone": "02-28100237", "city": "taipei"}, "geometry": {"type": "Point", "coordinates": [121.491108, 25.099607]}}, {"type": "Feature", "properties": {"name": "成州國民小學", "address": "成泰路3段493號", "district": "五股區", "capacity": "398", "disaster_types": "水災,震災,土石流,海嘯", "indoor": "是", "outdoor": "是", "vulnerable_friendly": "是", "manager": "黃駿逸", "manager_phone": "02-22916051#113", "city": "new_taipei"}, "geometry": {"type": "Point", "coordinates": [121.4505, 25.0998]}}, {"type": "Feature", "properties": {"name": "湖北市民活動中心", "address": "林口區湖北里後湖17之6號", "district": "林口區", "capacity": "73", "disaster_types": "水災,震災,土石流,海嘯", "indoor": "是", "outdoor": "是", "vulnerable_friendly": "否", "manager": "黃德源", "manager_phone": "02-26033111#608", "city": "new_taipei"}, "geometry": {"type": "Point", "coordinates": [121.3847, 25.1013]}}, {"type": "Feature", "properties": {"name": "雨聲國小", "address": "士林區至誠路1段62巷70號", "district": "士林區", "capacity": "46", "disaster_types": "水災,震災", "indoor": "是", "outdoor": "否", "vulnerable_friendly": "否", "manager": "徐慧娟", "manager_phone": "28311004轉231", "city": "taipei"}, "geometry": {"type": "Point", "coordinates": [121.5352, 25.1027]}}, {"type": "Feature", "properties": {"name": "福安國中", "address": "士林區延平北路7段250號", "district": "士林區", "capacity": "30", "disaster_types": "水災,震災", "indoor": "是", "outdoor": "否", "vulnerable_friendly": "否", "manager": "胡智為", "manager_phone": "02-28108766#140", "city": "taipei"}, "geometry": {"type": "Point", "coordinates": [121.4874, 25.1033]}}, {"type": "Feature", "properties": {"name": "至善國中", "address": "臺北市士林區至善路2段360號", "district": "士林區", "capacity": "170", "disaster_types": "水災,震災", "indoor": "是", "outdoor": "否", "vulnerable_friendly": "否", "manager": "林威鎮", "manager_phone": "02-2841#1350#40", "city": "taipei"}, "geometry": {"type": "Point", "coordinates": [121.5555, 25.1035]}}, {"type": "Feature", "properties": {"name": "吉慶國小", "address": "瑞芳區大埔路95號", "district": "瑞芳區", "capacity": "403", "disaster_types": "水災,震災,土石流,海嘯", "indoor": "是", "outdoor": "是", "vulnerable_friendly": "否", "manager": "張賢順", "manager_phone": "24576405-614", "city": "new_taipei"}, "geometry": {"type": "Point", "coordinates": [121.7628, 25.1037]}}, {"type": "Feature", "properties": {"name": "中正高中", "address": "北投區文林北路77號", "district": "北投區", "capacity": "109", "disaster_types": "水災,震災", "indoor": "是", "outdoor": "否", "vulnerable_friendly": "否", "manager": "杜慶進", "manager_phone": "02-28234811#500", "city": "taipei"}, "geometry": {"type": "Point", "coordinates": [121.5165, 25.1045]}}, {"type": "Feature", "properties": {"name": "佛祖廟西靈岩寺", "address": "佛祖廟西靈岩寺", "district": "貢寮區", "capacity": "62", "disaster_types": "海嘯", "indoor": "否", "outdoor": "是", "vulnerable_friendly": "否", "manager": "吳金發、吳珮羽", "manager_phone": "02-24903410、02-24991601#255", "city": "new_taipei"}, "geometry": {"type": "Point", "coordinates": [121.921149, 25.105105]}}, {"type": "Feature", "properties": {"name": "雨農國小", "address": "士林區忠義街1號", "district": "士林區", "capacity": "124", "disaster_types": "水災,震災", "indoor": "是", "outdoor": "否", "vulnerable_friendly": "否", "manager": "鄭銘毅", "manager_phone": "2832-9700#101", "city": "taipei"}, "geometry": {"type": "Point", "coordinates": [121.5299, 25.1053]}}, {"type": "Feature", "properties": {"name": "爪峰里活動中心", "address": "三爪子坑路279-2號", "district": "瑞芳區", "capacity": "162", "disaster_types": "水災,震災,土石流,海嘯", "indoor": "否", "outdoor": "否", "vulnerable_friendly": "否", "manager": "黃茂峻", "manager_phone": "24977059", "city": "new_taipei"}, "geometry": {"type": "Point", "coordinates": [121.8135, 25.1056]}}, {"type": "Feature", "properties": {"name": "富安國小", "address": "臺北市士林區延平北路8段135號", "district": "士林區", "capacity": "50", "disaster_types": "水災,震災", "indoor": "是", "outdoor": "否", "vulnerable_friendly": "否", "manager": "張凱惠", "manager_phone": "02-28103192#631", "city": "taipei"}, "geometry": {"type": "Point", "coordinates": [121.4824, 25.1058]}}, {"type": "Feature", "properties": {"name": "文林國小", "address": "北投區文林北路155號", "district": "北投區", "capacity": "300", "disaster_types": "水災,震災", "indoor": "是", "outdoor": "否", "vulnerable_friendly": "否", "manager": "范揚紹", "manager_phone": "02-28234212#400", "city": "taipei"}, "geometry": {"type": "Point", "coordinates": [121.5147, 25.1059]}}, {"type": "Feature", "properties": {"name": "雙溪國小", "address": "士林區中社路2段66號", "district": "士林區", "capacity": "30", "disaster_types": "水災,震災", "indoor": "是", "outdoor": "否", "vulnerable_friendly": "否", "manager": "陳淑惠", "manager_phone": "02-28411038#25", "city": "taipei"}, "geometry": {"type": "Point", "coordinates": [121.5638, 25.1061]}}, {"type": "Feature", "properties": {"name": "傑魚市民活動中心", "address": "傑魚坑路245巷2-1號2樓", "district": "瑞芳區", "capacity": "231", "disaster_types": "水災,震災,土石流", "indoor": "否", "outdoor": "否", "vulnerable_friendly": "否", "manager": "潘天賜", "manager_phone": "24975222", "city": "new_taipei"}, "geometry": {"type": "Point", "coordinates": [121.788, 25.1065]}}, {"type": "Feature", "properties": {"name": "福住市民活動中心", "address": "佛堂巷7號", "district": "瑞芳區", "capacity": "53", "disaster_types": "水災,土石流", "indoor": "是", "outdoor": "否", "vulnerable_friendly": "否", "manager": "劉建男", "manager_phone": "24972250-1104", "city": "new_taipei"}, "geometry": {"type": "Point", "coordinates": [121.841768, 25.106736]}}, {"type": "Feature", "properties": {"name": "新山里活動中心", "address": "金光路241號之1", "district": "瑞芳區", "capacity": "41", "disaster_types": "土石流", "indoor": "否", "outdoor": "否", "vulnerable_friendly": "否", "manager": "李仁林", "manager_phone": "24961399", "city": "new_taipei"}, "geometry": {"type": "Point", "coordinates": [121.8515, 25.107]}}, {"type": "Feature", "properties": {"name": "九份國小", "address": "瑞芳區崙頂路145號", "district": "瑞芳區", "capacity": "172", "disaster_types": "水災,震災,土石流,海嘯", "indoor": "是", "outdoor": "是", "vulnerable_friendly": "否", "manager": "盧瑩甄", "manager_phone": "24972263-22", "city": "new_taipei"}, "geometry": {"type": "Point", "coordinates": [121.8434, 25.1071]}}, {"type": "Feature", "properties": {"name": "明德國中", "address": "北投區明德路50號", "district": "北投區", "capacity": "88", "disaster_types": "水災,震災", "indoor": "是", "outdoor": "否", "vulnerable_friendly": "否", "manager": "林麗枝", "manager_phone": "28232539-601", "city": "taipei"}, "geometry": {"type": "Point", "coordinates": [121.5183, 25.1075]}}, {"type": "Feature", "properties": {"name": "瑞芳國中", "address": "瑞芳區三爪子坑路1號", "district": "瑞芳區", "capacity": "1826", "disaster_types": "水災,震災,土石流,海嘯", "indoor": "是", "outdoor": "是", "vulnerable_friendly": "否", "manager": "吳紹洪", "manager_phone": "24972145-230", "city": "new_taipei"}, "geometry": {"type": "Point", "coordinates": [121.8145, 25.1075]}}, {"type": "Feature", "properties": {"name": "瑞龍市民活動中心", "address": "明燈路3段2號", "district": "瑞芳區", "capacity": "580", "disaster_types": "水災,土石流", "indoor": "是", "outdoor": "否", "vulnerable_friendly": "否", "manager": "潘信秀", "manager_phone": "24972250-1202", "city": "new_taipei"}, "geometry": {"type": "Point", "coordinates": [121.809092, 25.107577]}}, {"type": "Feature", "properties": {"name": "觀音市民活動中心", "address": "凌雲路三段17之2號", "district": "五股區", "capacity": "149", "disaster_types": "水災,震災,土石流,海嘯", "indoor": "是", "outdoor": "否", "vulnerable_friendly": "是", "manager": "黃駿逸", "manager_phone": "02-22916051#113", "city": "new_taipei"}, "geometry": {"type": "Point", "coordinates": [121.43072, 25.107778]}}, {"type": "Feature", "properties": {"name": "瑞芳國小", "address": "瑞芳區中山路2號", "district": "瑞芳區", "capacity": "447", "disaster_types": "水災,震災,土石流,海嘯", "indoor": "是", "outdoor": "是", "vulnerable_friendly": "是", "manager": "將明淵", "manager_phone": "2491-2508", "city": "new_taipei"}, "geometry": {"type": "Point", "coordinates": [121.8039, 25.1079]}}, {"type": "Feature", "properties": {"name": "嘉寶國小", "address": "22號", "district": "林口區", "capacity": "425", "disaster_types": "水災,震災,海嘯", "indoor": "是", "outdoor": "是", "vulnerable_friendly": "否", "manager": "呂新立", "manager_phone": "26052716#830", "city": "new_taipei"}, "geometry": {"type": "Point", "coordinates": [121.3393, 25.1083]}}, {"type": "Feature", "properties": {"name": "蘭雅國小", "address": "士林區磺溪57號", "district": "士林區", "capacity": "30", "disaster_types": "水災,震災", "indoor": "是", "outdoor": "否", "vulnerable_friendly": "否", "manager": "邱建華", "manager_phone": "02-28366052#206", "city": "taipei"}, "geometry": {"type": "Point", "coordinates": [121.5231, 25.1084]}}, {"type": "Feature", "properties": {"name": "瑞芳區公所", "address": "瑞芳區逢甲路82號", "district": "瑞芳區", "capacity": "115", "disaster_types": "水災,震災,土石流,海嘯", "indoor": "是", "outdoor": "否", "vulnerable_friendly": "是", "manager": "張宗慈", "manager_phone": "02-24972250-1206", "city": "new_taipei"}, "geometry": {"type": "Point", "coordinates": [121.8095, 25.1088]}}, {"type": "Feature", "properties": {"name": "芝山國小", "address": "臺北市士林區德行東路285號", "district": "士林區", "capacity": "40", "disaster_types": "水災,震災", "indoor": "是", "outdoor": "否", "vulnerable_friendly": "否", "manager": "董建成", "manager_phone": "02-28316115#240", "city": "taipei"}, "geometry": {"type": "Point", "coordinates": [121.5364, 25.1104]}}, {"type": "Feature", "properties": {"name": "瑞芳高工", "address": "瑞芳區瑞芳街60號", "district": "瑞芳區", "capacity": "1360", "disaster_types": "水災,震災,土石流,海嘯", "indoor": "是", "outdoor": "是", "vulnerable_friendly": "否", "manager": "陳政典", "manager_phone": "24972516-201", "city": "new_taipei"}, "geometry": {"type": "Point", "coordinates": [121.8036, 25.1104]}}, {"type": "Feature", "properties": {"name": "蘭雅國中", "address": "士林區忠誠路2段51號", "district": "士林區", "capacity": "130", "disaster_types": "水災,震災", "indoor": "是", "outdoor": "否", "vulnerable_friendly": "否", "manager": "徐安國", "manager_phone": "02-28329377#500", "city": "taipei"}, "geometry": {"type": "Point", "coordinates": [121.531, 25.1106]}}, {"type": "Feature", "properties": {"name": "勸濟堂", "address": "瑞芳區祈堂路53號", "district": "瑞芳區", "capacity": "50", "disaster_types": "水災,震災,土石流,海嘯", "indoor": "是", "outdoor": "否", "vulnerable_friendly": "否", "manager": "陳嶽生", "manager_phone": "24961273", "city": "new_taipei"}, "geometry": {"type": "Point", "coordinates": [121.86, 25.1107]}}, {"type": "Feature", "properties": {"name": "瓜山國小", "address": "瑞芳區五號路306號", "district": "瑞芳區", "capacity": "232", "disaster_types": "水災,震災,土石流,海嘯", "indoor": "是", "outdoor": "是", "vulnerable_friendly": "否", "manager": "黃裕斌", "manager_phone": "24962036-168", "city": "new_taipei"}, "geometry": {"type": "Point", "coordinates": [121.8569, 25.1111]}}, {"type": "Feature", "properties": {"name": "明德國小", "address": "北投區明德路190號", "district": "北投區", "capacity": "109", "disaster_types": "水災,震災", "indoor": "是", "outdoor": "否", "vulnerable_friendly": "否", "manager": "陳勝福", "manager_phone": "02-28229651#1122", "city": "taipei"}, "geometry": {"type": "Point", "coordinates": [121.5218, 25.1121]}}, {"type": "Feature", "properties": {"name": "和美國小", "address": "龍洞街1-9號", "district": "貢寮區", "capacity": "117", "disaster_types": "水災,震災,土石流,海嘯", "indoor": "是", "outdoor": "是", "vulnerable_friendly": "否", "manager": "黃家裕", "manager_phone": "02-24909431#18", "city": "new_taipei"}, "geometry": {"type": "Point", "coordinates": [121.9193, 25.1123]}}, {"type": "Feature", "properties": {"name": "佛祖廟西側高地", "address": "佛祖廟西側高地", "district": "貢寮區", "capacity": "62", "disaster_types": "海嘯", "indoor": "否", "outdoor": "是", "vulnerable_friendly": "否", "manager": "吳金發、吳珮羽", "manager_phone": "02-24903410、02-24941601#255", "city": "new_taipei"}, "geometry": {"type": "Point", "coordinates": [121.919336, 25.112326]}}, {"type": "Feature", "properties": {"name": "興福國小", "address": "下福10之1號", "district": "林口區", "capacity": "735", "disaster_types": "水災,震災,土石流,海嘯", "indoor": "是", "outdoor": "是", "vulnerable_friendly": "是", "manager": "廖淑珍", "manager_phone": "2606-2895#200", "city": "new_taipei"}, "geometry": {"type": "Point", "coordinates": [121.3126, 25.1124]}}, {"type": "Feature", "properties": {"name": "翠柏新村安養中心-服務大樓", "address": "永春一路5號", "district": "汐止區", "capacity": "203", "disaster_types": "水災,震災,土石流,海嘯", "indoor": "是", "outdoor": "否", "vulnerable_friendly": "是", "manager": "宋怡穎", "manager_phone": "02-26411111#120", "city": "new_taipei"}, "geometry": {"type": "Point", "coordinates": [121.603216, 25.112499]}}, {"type": "Feature", "properties": {"name": "石牌國中", "address": "臺北市北投區石牌路1段139號", "district": "北投區", "capacity": "100", "disaster_types": "水災,震災", "indoor": "是", "outdoor": "否", "vulnerable_friendly": "否", "manager": "林豐戊", "manager_phone": "02-28224682#250", "city": "taipei"}, "geometry": {"type": "Point", "coordinates": [121.5142, 25.1149]}}, {"type": "Feature", "properties": {"name": "石牌國小", "address": "北投區致遠2路80號", "district": "北投區", "capacity": "112", "disaster_types": "水災,震災", "indoor": "是", "outdoor": "否", "vulnerable_friendly": "否", "manager": "高禎禧", "manager_phone": "02-28227484#331", "city": "taipei"}, "geometry": {"type": "Point", "coordinates": [121.5117, 25.1157]}}, {"type": "Feature", "properties": {"name": "三玉國小", "address": "士林區天母東路116號", "district": "士林區", "capacity": "30", "disaster_types": "水災,震災", "indoor": "是", "outdoor": "否", "vulnerable_friendly": "否", "manager": "黃瑟雅", "manager_phone": "02-28751369#717", "city": "taipei"}, "geometry": {"type": "Point", "coordinates": [121.5373, 25.118]}}, {"type": "Feature", "properties": {"name": "天母國中", "address": "士林區天母東路120號", "district": "士林區", "capacity": "99", "disaster_types": "水災,震災", "indoor": "是", "outdoor": "否", "vulnerable_friendly": "否", "manager": "顏靜虹", "manager_phone": "02-28754864#243", "city": "taipei"}, "geometry": {"type": "Point", "coordinates": [121.5381, 25.118]}}, {"type": "Feature", "properties": {"name": "立農國小", "address": "北投區立農街1段250號", "district": "北投區", "capacity": "30", "disaster_types": "水災,震災", "indoor": "是", "outdoor": "否", "vulnerable_friendly": "否", "manager": "楊紹齊", "manager_phone": "02-28210702#300", "city": "taipei"}, "geometry": {"type": "Point", "coordinates": [121.5053, 25.1195]}}, {"type": "Feature", "properties": {"name": "天母國小", "address": "士林區天玉街12號", "district": "士林區", "capacity": "100", "disaster_types": "水災,震災", "indoor": "是", "outdoor": "否", "vulnerable_friendly": "否", "manager": "黃偉國", "manager_phone": "02-28740889", "city": "taipei"}, "geometry": {"type": "Point", "coordinates": [121.5274, 25.1197]}}, {"type": "Feature", "properties": {"name": "陽明山國小", "address": "臺北市士林區新安里仰德大道3段 61 號", "district": "士林區", "capacity": "50", "disaster_types": "水災,震災,土石流", "indoor": "是", "outdoor": "否", "vulnerable_friendly": "否", "manager": "吳正男", "manager_phone": "28614832#131", "city": "taipei"}, "geometry": {"type": "Point", "coordinates": [121.5529, 25.1198]}}, {"type": "Feature", "properties": {"name": "溪山國小", "address": "臺北市士林區至善路三段199號", "district": "士林區", "capacity": "50", "disaster_types": "水災,震災,土石流", "indoor": "是", "outdoor": "否", "vulnerable_friendly": "否", "manager": "李世中", "manager_phone": "02-28411010#17", "city": "taipei"}, "geometry": {"type": "Point", "coordinates": [121.5796, 25.1198]}}, {"type": "Feature", "properties": {"name": "關渡國中", "address": "北投區知行路212號", "district": "北投區", "capacity": "30", "disaster_types": "水災,震災", "indoor": "是", "outdoor": "否", "vulnerable_friendly": "否", "manager": "楊孝偉", "manager_phone": "02-28581770#50", "city": "taipei"}, "geometry": {"type": "Point", "coordinates": [121.4673, 25.1199]}}, {"type": "Feature", "properties": {"name": "東和市民活動中心", "address": "中山路20號", "district": "瑞芳區", "capacity": "95", "disaster_types": "水災,土石流", "indoor": "否", "outdoor": "否", "vulnerable_friendly": "否", "manager": "周樹木", "manager_phone": "24972704", "city": "new_taipei"}, "geometry": {"type": "Point", "coordinates": [121.8879, 25.1204]}}, {"type": "Feature", "properties": {"name": "威遠廟", "address": "明里路7-1號", "district": "瑞芳區", "capacity": "82", "disaster_types": "土石流", "indoor": "是", "outdoor": "否", "vulnerable_friendly": "否", "manager": "黃瑞德", "manager_phone": "24961757", "city": "new_taipei"}, "geometry": {"type": "Point", "coordinates": [121.868114, 25.120447]}}, {"type": "Feature", "properties": {"name": "瑞濱國小", "address": "瑞濱路34號", "district": "瑞芳區", "capacity": "877", "disaster_types": "水災,震災,土石流,海嘯", "indoor": "否", "outdoor": "否", "vulnerable_friendly": "否", "manager": "王喬木", "manager_phone": "24978184", "city": "new_taipei"}, "geometry": {"type": "Point", "coordinates": [121.820317, 25.120495]}}, {"type": "Feature", "properties": {"name": "鼻頭國小", "address": "瑞芳區鼻頭路99號", "district": "瑞芳區", "capacity": "251", "disaster_types": "水災,震災,土石流,海嘯", "indoor": "是", "outdoor": "是", "vulnerable_friendly": "否", "manager": "李琇貞", "manager_phone": "24911571-13", "city": "new_taipei"}, "geometry": {"type": "Point", "coordinates": [121.9194, 25.1208]}}, {"type": "Feature", "properties": {"name": "瑞濱市民活動中心", "address": "瑞芳區建基路1段4之2號", "district": "瑞芳區", "capacity": "115", "disaster_types": "水災,震災,土石流", "indoor": "是", "outdoor": "否", "vulnerable_friendly": "否", "manager": "胡長安", "manager_phone": "24976599", "city": "new_taipei"}, "geometry": {"type": "Point", "coordinates": [121.8205, 25.1212]}}, {"type": "Feature", "properties": {"name": "普宜苑", "address": "溪山里至善路3段181巷5弄7號", "district": "士林區", "capacity": "0", "disaster_types": "水災,震災", "indoor": "是", "outdoor": "否", "vulnerable_friendly": "是", "manager": "釋照印師父", "manager_phone": "2841-3393", "city": "taipei"}, "geometry": {"type": "Point", "coordinates": [121.5773, 25.1214]}}, {"type": "Feature", "properties": {"name": "濂洞國小", "address": "瑞芳區凍頂路101巷80號", "district": "瑞芳區", "capacity": "228", "disaster_types": "水災,震災,土石流,海嘯", "indoor": "是", "outdoor": "是", "vulnerable_friendly": "否", "manager": "王佩君", "manager_phone": "24961330-12", "city": "new_taipei"}, "geometry": {"type": "Point", "coordinates": [121.8598, 25.1223]}}, {"type": "Feature", "properties": {"name": "新安里臨時聚會場所", "address": "新安路85號", "district": "士林區", "capacity": "45", "disaster_types": "土石流", "indoor": "是", "outdoor": "否", "vulnerable_friendly": "否", "manager": "何明欽里長", "manager_phone": "02-28623615", "city": "taipei"}, "geometry": {"type": "Point", "coordinates": [121.553582, 25.124093]}}, {"type": "Feature", "properties": {"name": "長坑市民活動中心", "address": "下罟子臨8-3號", "district": "八里區", "capacity": "100", "disaster_types": "水災,震災,土石流", "indoor": "是", "outdoor": "否", "vulnerable_friendly": "否", "manager": "黃暐家", "manager_phone": "02-26102621117", "city": "new_taipei"}, "geometry": {"type": "Point", "coordinates": [121.3883, 25.1257]}}, {"type": "Feature", "properties": {"name": "長坑國小", "address": "長坑里25號", "district": "八里區", "capacity": "224", "disaster_types": "水災,震災,土石流,海嘯", "indoor": "是", "outdoor": "是", "vulnerable_friendly": "否", "manager": "賴介仁", "manager_phone": "26102237113", "city": "new_taipei"}, "geometry": {"type": "Point", "coordinates": [121.3905, 25.1257]}}, {"type": "Feature", "properties": {"name": "竹圍國小自強分校", "address": "自強路33號", "district": "淡水區", "capacity": "207", "disaster_types": "土石流,海嘯", "indoor": "是", "outdoor": "是", "vulnerable_friendly": "是", "manager": "陳碧雲", "manager_phone": "02-28093245", "city": "new_taipei"}, "geometry": {"type": "Point", "coordinates": [121.464, 25.1257]}}, {"type": "Feature", "properties": {"name": "關渡國小", "address": "北投區中央北路4段581號", "district": "北投區", "capacity": "110", "disaster_types": "水災,震災", "indoor": "是", "outdoor": "否", "vulnerable_friendly": "否", "manager": "林莉珊", "manager_phone": "02-28912847#241", "city": "taipei"}, "geometry": {"type": "Point", "coordinates": [121.4668, 25.1268]}}, {"type": "Feature", "properties": {"name": "清江國小", "address": "北投區公?路220號", "district": "北投區", "capacity": "30", "disaster_types": "水災,震災", "indoor": "是", "outdoor": "否", "vulnerable_friendly": "否", "manager": "高美莉", "manager_phone": "02-28912764#300", "city": "taipei"}, "geometry": {"type": "Point", "coordinates": [121.5076, 25.1269]}}, {"type": "Feature", "properties": {"name": "瑞平國小", "address": "後坑路34之1號", "district": "林口區", "capacity": "219", "disaster_types": "水災,震災,土石流", "indoor": "是", "outdoor": "否", "vulnerable_friendly": "是", "manager": "黃信源", "manager_phone": "26052779#13", "city": "new_taipei"}, "geometry": {"type": "Point", "coordinates": [121.3493, 25.1284]}}, {"type": "Feature", "properties": {"name": "平等國小", "address": "士林區平等里平菁街101號", "district": "士林區", "capacity": "20", "disaster_types": "水災,震災", "indoor": "是", "outdoor": "否", "vulnerable_friendly": "否", "manager": "李公元", "manager_phone": "02-28610503#12", "city": "taipei"}, "geometry": {"type": "Point", "coordinates": [121.5763, 25.1291]}}, {"type": "Feature", "properties": {"name": "深澳里市民活動中心", "address": "深澳路67 之1號", "district": "瑞芳區", "capacity": "113", "disaster_types": "水災,土石流", "indoor": "是", "outdoor": "否", "vulnerable_friendly": "否", "manager": "賴信秀", "manager_phone": "24972250-1202", "city": "new_taipei"}, "geometry": {"type": "Point", "coordinates": [121.817974, 25.129623]}}, {"type": "Feature", "properties": {"name": "格致國中", "address": "士林區仰德大道4段75號", "district": "士林區", "capacity": "47", "disaster_types": "水災,震災", "indoor": "是", "outdoor": "否", "vulnerable_friendly": "否", "manager": "高毓璇", "manager_phone": "02-28610079#107", "city": "taipei"}, "geometry": {"type": "Point", "coordinates": [121.5468, 25.1311]}}, {"type": "Feature", "properties": {"name": "龍米市民活動中心", "address": "龍源里龍米路1段223號", "district": "八里區", "capacity": "125", "disaster_types": "水災,震災,土石流", "indoor": "是", "outdoor": "否", "vulnerable_friendly": "否", "manager": "徐玉蘭", "manager_phone": "02-26181246", "city": "new_taipei"}, "geometry": {"type": "Point", "coordinates": [121.4511, 25.132]}}, {"type": "Feature", "properties": {"name": "北投區區民活動中心", "address": "臺北市新市街30號6樓", "district": "北投區", "capacity": "90", "disaster_types": "水災,震災", "indoor": "是", "outdoor": "否", "vulnerable_friendly": "否", "manager": "尤湘禎", "manager_phone": "2891-2105#221", "city": "taipei"}, "geometry": {"type": "Point", "coordinates": [121.5024, 25.1325]}}, {"type": "Feature", "properties": {"name": "北投國小", "address": "臺北市北投區中央北路1段173號", "district": "北投區", "capacity": "195", "disaster_types": "水災,震災", "indoor": "是", "outdoor": "否", "vulnerable_friendly": "否", "manager": "沈俊志", "manager_phone": "02-28912052#131", "city": "taipei"}, "geometry": {"type": "Point", "coordinates": [121.5003, 25.1342]}}, {"type": "Feature", "properties": {"name": "北投國中", "address": "北投區溫泉路62號", "district": "北投區", "capacity": "30", "disaster_types": "水災,震災", "indoor": "是", "outdoor": "否", "vulnerable_friendly": "否", "manager": "張淑美", "manager_phone": "02-28912091#400", "city": "taipei"}, "geometry": {"type": "Point", "coordinates": [121.5042, 25.1345]}}, {"type": "Feature", "properties": {"name": "桃源國中", "address": "北投區中央北路4段48號", "district": "北投區", "capacity": "55", "disaster_types": "水災,震災", "indoor": "是", "outdoor": "否", "vulnerable_friendly": "否", "manager": "鄒優楊", "manager_phone": "02-28929633#241", "city": "taipei"}, "geometry": {"type": "Point", "coordinates": [121.4773, 25.1347]}}, {"type": "Feature", "properties": {"name": "私立聖心女中", "address": "龍米路一段263號", "district": "八里區", "capacity": "902", "disaster_types": "水災,震災,土石流,海嘯", "indoor": "是", "outdoor": "是", "vulnerable_friendly": "否", "manager": "陳瑞璋", "manager_phone": "26182287115", "city": "new_taipei"}, "geometry": {"type": "Point", "coordinates": [121.4496, 25.1348]}}, {"type": "Feature", "properties": {"name": "太平市民活動中心", "address": "汕頭32號", "district": "林口區", "capacity": "82", "disaster_types": "水災,震災,土石流,海嘯", "indoor": "是", "outdoor": "是", "vulnerable_friendly": "否", "manager": "黃德源", "manager_phone": "2603-3111#608", "city": "new_taipei"}, "geometry": {"type": "Point", "coordinates": [121.366375, 25.135255]}}, {"type": "Feature", "properties": {"name": "文化國小", "address": "北投區文化3路1號", "district": "北投區", "capacity": "30", "disaster_types": "水災,震災", "indoor": "是", "outdoor": "否", "vulnerable_friendly": "否", "manager": "蔡雅芬", "manager_phone": "02-28933828#131", "city": "taipei"}, "geometry": {"type": "Point", "coordinates": [121.4967, 25.1371]}}, {"type": "Feature", "properties": {"name": "民生活動中心", "address": "民生路27號", "district": "淡水區", "capacity": "72", "disaster_types": "水災,震災,土石流", "indoor": "是", "outdoor": "否", "vulnerable_friendly": "是", "manager": "蘇惠珊", "manager_phone": "02-26221020#7710", "city": "new_taipei"}, "geometry": {"type": "Point", "coordinates": [121.4613, 25.138]}}, {"type": "Feature", "properties": {"name": "復興崗營區", "address": "中央北路二段70號", "district": "北投區", "capacity": "200", "disaster_types": "水災,震災", "indoor": "是", "outdoor": "否", "vulnerable_friendly": "否", "manager": "李裕欽少校", "manager_phone": "02-28925125", "city": "taipei"}, "geometry": {"type": "Point", "coordinates": [121.4929, 25.1381]}}, {"type": "Feature", "properties": {"name": "逸仙國小", "address": "臺北市北投區新民路2號", "district": "北投區", "capacity": "164", "disaster_types": "水災,震災,土石流", "indoor": "是", "outdoor": "否", "vulnerable_friendly": "是", "manager": "林功寅", "manager_phone": "02-28914537#34", "city": "taipei"}, "geometry": {"type": "Point", "coordinates": [121.5052, 25.1383]}}, {"type": "Feature", "properties": {"name": "新民國中", "address": "臺北市北投區新民路10號", "district": "北投區", "capacity": "207", "disaster_types": "水災,震災,土石流", "indoor": "是", "outdoor": "否", "vulnerable_friendly": "否", "manager": "吳佳鴻", "manager_phone": "02-28979001#500", "city": "taipei"}, "geometry": {"type": "Point", "coordinates": [121.5065, 25.1389]}}, {"type": "Feature", "properties": {"name": "臺北市北投運動中心", "address": "石牌路一段39巷100號", "district": "北投區", "capacity": "384", "disaster_types": "震災", "indoor": "是", "outdoor": "否", "vulnerable_friendly": "否", "manager": "田佳泓", "manager_phone": "2570-2330轉6428", "city": "taipei"}, "geometry": {"type": "Point", "coordinates": [121.5065, 25.1389]}}, {"type": "Feature", "properties": {"name": "復興公園", "address": "臺北市北投區中和街200號", "district": "北投區", "capacity": "3623", "disaster_types": "震災", "indoor": "否", "outdoor": "是", "vulnerable_friendly": "是", "manager": "楊進興", "manager_phone": "28832130#111", "city": "taipei"}, "geometry": {"type": "Point", "coordinates": [121.5024, 25.139]}}, {"type": "Feature", "properties": {"name": "桃源國小", "address": "北投區中央北路3段40巷45號", "district": "北投區", "capacity": "30", "disaster_types": "水災,震災", "indoor": "是", "outdoor": "否", "vulnerable_friendly": "是", "manager": "潘同泰", "manager_phone": "02-28941208#108", "city": "taipei"}, "geometry": {"type": "Point", "coordinates": [121.4845, 25.1396]}}, {"type": "Feature", "properties": {"name": "八里國中", "address": "荖阡坑路15號", "district": "八里區", "capacity": "2360", "disaster_types": "水災,震災,土石流,海嘯", "indoor": "是", "outdoor": "是", "vulnerable_friendly": "否", "manager": "林真真", "manager_phone": "26102016101", "city": "new_taipei"}, "geometry": {"type": "Point", "coordinates": [121.4013, 25.1399]}}, {"type": "Feature", "properties": {"name": "義方國小", "address": "北投區珠海路155號", "district": "北投區", "capacity": "120", "disaster_types": "水災,震災", "indoor": "是", "outdoor": "否", "vulnerable_friendly": "否", "manager": "魏早成", "manager_phone": "28917433#131", "city": "taipei"}, "geometry": {"type": "Point", "coordinates": [121.5093, 25.142]}}, {"type": "Feature", "properties": {"name": "復興高中", "address": "北投區復興四路70號", "district": "北投區", "capacity": "300", "disaster_types": "水災,震災", "indoor": "是", "outdoor": "否", "vulnerable_friendly": "否", "manager": "趙乃興", "manager_phone": "02-28914131", "city": "taipei"}, "geometry": {"type": "Point", "coordinates": [121.5018, 25.1437]}}, {"type": "Feature", "properties": {"name": "竹圍高中", "address": "竹林路35號", "district": "淡水區", "capacity": "612", "disaster_types": "土石流,海嘯", "indoor": "是", "outdoor": "是", "vulnerable_friendly": "是", "manager": "陳麗晶", "manager_phone": "02-28091557#131", "city": "new_taipei"}, "geometry": {"type": "Point", "coordinates": [121.4617, 25.146]}}, {"type": "Feature", "properties": {"name": "米倉國小", "address": "龍米路2段129巷1號", "district": "八里區", "capacity": "688", "disaster_types": "水災,震災,土石流,海嘯", "indoor": "是", "outdoor": "是", "vulnerable_friendly": "是", "manager": "林愛玲校長", "manager_phone": "26182202201", "city": "new_taipei"}, "geometry": {"type": "Point", "coordinates": [121.4454, 25.1468]}}, {"type": "Feature", "properties": {"name": "竹圍國小", "address": "中正東路2段145號", "district": "淡水區", "capacity": "580", "disaster_types": "水災,震災,土石流,海嘯", "indoor": "是", "outdoor": "是", "vulnerable_friendly": "是", "manager": "黃博亭", "manager_phone": "02-28091475#215", "city": "new_taipei"}, "geometry": {"type": "Point", "coordinates": [121.4602, 25.1475]}}, {"type": "Feature", "properties": {"name": "文化活動中心", "address": "中山路2段251號1樓", "district": "八里區", "capacity": "50", "disaster_types": "水災,震災,土石流", "indoor": "是", "outdoor": "否", "vulnerable_friendly": "否", "manager": "鄭鳳英", "manager_phone": "02-86303264", "city": "new_taipei"}, "geometry": {"type": "Point", "coordinates": [121.4029, 25.1487]}}, {"type": "Feature", "properties": {"name": "泉源國小", "address": "臺北市北投區東昇路34號", "district": "北投區", "capacity": "30", "disaster_types": "水災,震災", "indoor": "是", "outdoor": "否", "vulnerable_friendly": "否", "manager": "劉得劦", "manager_phone": "28951258#141", "city": "taipei"}, "geometry": {"type": "Point", "coordinates": [121.5243, 25.1492]}}, {"type": "Feature", "properties": {"name": "八里國小", "address": "中山路二段338號", "district": "八里區", "capacity": "1243", "disaster_types": "水災,震災,土石流", "indoor": "是", "outdoor": "是", "vulnerable_friendly": "否", "manager": "蔡國臣", "manager_phone": "2.61E+11", "city": "new_taipei"}, "geometry": {"type": "Point", "coordinates": [121.403, 25.1495]}}, {"type": "Feature", "properties": {"name": "湖山國小", "address": "臺北市北投區湖底路11號", "district": "北投區", "capacity": "20", "disaster_types": "水災,震災", "indoor": "是", "outdoor": "否", "vulnerable_friendly": "否", "manager": "陳立偉", "manager_phone": "28610148#130", "city": "taipei"}, "geometry": {"type": "Point", "coordinates": [121.5355, 25.15]}}, {"type": "Feature", "properties": {"name": "大屯國小", "address": "北投區復興三路312號", "district": "北投區", "capacity": "20", "disaster_types": "水災,震災", "indoor": "是", "outdoor": "否", "vulnerable_friendly": "否", "manager": "黃騏堯", "manager_phone": "02-28914353#13", "city": "taipei"}, "geometry": {"type": "Point", "coordinates": [121.5043, 25.1547]}}, {"type": "Feature", "properties": {"name": "坪頂國小", "address": "小坪頂18號", "district": "淡水區", "capacity": "395", "disaster_types": "水災,震災,土石流", "indoor": "是", "outdoor": "是", "vulnerable_friendly": "是", "manager": "吳龍財", "manager_phone": "02-86263105#12", "city": "new_taipei"}, "geometry": {"type": "Point", "coordinates": [121.4839, 25.1583]}}, {"type": "Feature", "properties": {"name": "大崁老人活動中心", "address": "中山路1段21號", "district": "八里區", "capacity": "100", "disaster_types": "水災,震災,土石流", "indoor": "是", "outdoor": "否", "vulnerable_friendly": "否", "manager": "林淑芳", "manager_phone": "26102621#231", "city": "new_taipei"}, "geometry": {"type": "Point", "coordinates": [121.4221, 25.1589]}}, {"type": "Feature", "properties": {"name": "渡船頭市民活動中心", "address": "渡船頭街11巷8號", "district": "八里區", "capacity": "50", "disaster_types": "水災,震災,土石流", "indoor": "是", "outdoor": "否", "vulnerable_friendly": "否", "manager": "陳守延", "manager_phone": "02-86301527", "city": "new_taipei"}, "geometry": {"type": "Point", "coordinates": [121.4344, 25.1589]}}, {"type": "Feature", "properties": {"name": "大埤頂市民活動中心", "address": "中山路1段95號", "district": "八里區", "capacity": "70", "disaster_types": "水災,震災,土石流", "indoor": "是", "outdoor": "否", "vulnerable_friendly": "否", "manager": "黃淑慧", "manager_phone": "02-86305857", "city": "new_taipei"}, "geometry": {"type": "Point", "coordinates": [121.4152, 25.1591]}}, {"type": "Feature", "properties": {"name": "崁腳國小", "address": "崁腳里崁腳路59號", "district": "萬里區", "capacity": "251", "disaster_types": "震災,土石流,海嘯", "indoor": "是", "outdoor": "是", "vulnerable_friendly": "否", "manager": "曾怡琄", "manager_phone": "02-24922064#332", "city": "new_taipei"}, "geometry": {"type": "Point", "coordinates": [121.6486, 25.1599]}}, {"type": "Feature", "properties": {"name": "大崁國小", "address": "忠八街2號", "district": "八里區", "capacity": "1193", "disaster_types": "水災,震災,土石流,海嘯", "indoor": "是", "outdoor": "是", "vulnerable_friendly": "否", "manager": "黃家業", "manager_phone": "86305678", "city": "new_taipei"}, "geometry": {"type": "Point", "coordinates": [121.4194, 25.1603]}}, {"type": "Feature", "properties": {"name": "崁腳活動中心", "address": "崁腳里崁腳路55-1號", "district": "萬里區", "capacity": "30", "disaster_types": "震災,土石流,海嘯", "indoor": "是", "outdoor": "否", "vulnerable_friendly": "是", "manager": "曾怡琄", "manager_phone": "02-24922064#332", "city": "new_taipei"}, "geometry": {"type": "Point", "coordinates": [121.6497, 25.1605]}}, {"type": "Feature", "properties": {"name": "竿蓁活動中心", "address": "中正東路一段3巷6號", "district": "淡水區", "capacity": "193", "disaster_types": "水災,震災,土石流,海嘯", "indoor": "是", "outdoor": "否", "vulnerable_friendly": "是", "manager": "蘇惠珊", "manager_phone": "02-26221020", "city": "new_taipei"}, "geometry": {"type": "Point", "coordinates": [121.451437, 25.163513]}}, {"type": "Feature", "properties": {"name": "興音寺", "address": "興福寮1-6號", "district": "淡水區", "capacity": "150", "disaster_types": "水災,震災,土石流,海嘯", "indoor": "是", "outdoor": "否", "vulnerable_friendly": "否", "manager": "惟宏師父", "manager_phone": "02-86260140", "city": "new_taipei"}, "geometry": {"type": "Point", "coordinates": [121.48835, 25.163997]}}, {"type": "Feature", "properties": {"name": "大坪國小", "address": "萬里區雙興里大坪路19號", "district": "萬里區", "capacity": "240", "disaster_types": "震災,土石流,海嘯", "indoor": "是", "outdoor": "是", "vulnerable_friendly": "否", "manager": "曾怡琄", "manager_phone": "02-24922064#332", "city": "new_taipei"}, "geometry": {"type": "Point", "coordinates": [121.6364, 25.1642]}}, {"type": "Feature", "properties": {"name": "真聖宮", "address": "興福寮6之1號", "district": "淡水區", "capacity": "50", "disaster_types": "水災,震災,土石流,海嘯", "indoor": "是", "outdoor": "否", "vulnerable_friendly": "否", "manager": "洪沂瑩", "manager_phone": "02-26221020", "city": "new_taipei"}, "geometry": {"type": "Point", "coordinates": [121.492159, 25.165487]}}, {"type": "Feature", "properties": {"name": "湖田國小", "address": "北投區竹子湖路17-2號", "district": "北投區", "capacity": "20", "disaster_types": "水災,震災", "indoor": "是", "outdoor": "否", "vulnerable_friendly": "否", "manager": "張正宇", "manager_phone": "28616963#10", "city": "taipei"}, "geometry": {"type": "Point", "coordinates": [121.5387, 25.1684]}}, {"type": "Feature", "properties": {"name": "樹興里活動中心", "address": "樹林口14-2號", "district": "淡水區", "capacity": "30", "disaster_types": "水災,震災,土石流,海嘯", "indoor": "是", "outdoor": "否", "vulnerable_friendly": "否", "manager": "許秋芳", "manager_phone": "02-26232496", "city": "new_taipei"}, "geometry": {"type": "Point", "coordinates": [121.476943, 25.168467]}}, {"type": "Feature", "properties": {"name": "長青醫院", "address": "糞箕湖1-5號", "district": "淡水區", "capacity": "100", "disaster_types": "水災,震災,土石流,海嘯", "indoor": "是", "outdoor": "否", "vulnerable_friendly": "否", "manager": "陳相墏", "manager_phone": "02-262221020#7508", "city": "new_taipei"}, "geometry": {"type": "Point", "coordinates": [121.482713, 25.171075]}}, {"type": "Feature", "properties": {"name": "長庚活動中心", "address": "中山路72巷1弄10號", "district": "淡水區", "capacity": "74", "disaster_types": "水災,震災,土石流", "indoor": "是", "outdoor": "否", "vulnerable_friendly": "是", "manager": "蘇惠珊", "manager_phone": "02-26221020#7710", "city": "new_taipei"}, "geometry": {"type": "Point", "coordinates": [121.4432, 25.1711]}}, {"type": "Feature", "properties": {"name": "鄧公國小", "address": "學府路99號", "district": "淡水區", "capacity": "1066", "disaster_types": "水災,震災,土石流,海嘯", "indoor": "是", "outdoor": "是", "vulnerable_friendly": "是", "manager": "吳建中", "manager_phone": "02-26297121#150", "city": "new_taipei"}, "geometry": {"type": "Point", "coordinates": [121.4493, 25.1713]}}, {"type": "Feature", "properties": {"name": "中興活動中心", "address": "水源街一段29號", "district": "淡水區", "capacity": "57", "disaster_types": "水災,震災,土石流", "indoor": "是", "outdoor": "否", "vulnerable_friendly": "是", "manager": "蘇惠珊", "manager_phone": "02-26221020#7710", "city": "new_taipei"}, "geometry": {"type": "Point", "coordinates": [121.4432, 25.1723]}}, {"type": "Feature", "properties": {"name": "淡水國小", "address": "中山路160號", "district": "淡水區", "capacity": "665", "disaster_types": "水災,震災,土石流,海嘯", "indoor": "是", "outdoor": "是", "vulnerable_friendly": "是", "manager": "許維凌", "manager_phone": "02-26212755", "city": "new_taipei"}, "geometry": {"type": "Point", "coordinates": [121.4414, 25.1734]}}, {"type": "Feature", "properties": {"name": "文化國小", "address": "真理街6號", "district": "淡水區", "capacity": "436", "disaster_types": "水災,震災,土石流", "indoor": "是", "outdoor": "是", "vulnerable_friendly": "是", "manager": "宋宏懋", "manager_phone": "02-26212031#851", "city": "new_taipei"}, "geometry": {"type": "Point", "coordinates": [121.4374, 25.174]}}, {"type": "Feature", "properties": {"name": "淡水國中", "address": "真理街10號", "district": "淡水區", "capacity": "1608", "disaster_types": "震災,土石流,海嘯", "indoor": "是", "outdoor": "是", "vulnerable_friendly": "是", "manager": "蕭淑雲", "manager_phone": "02-26212758#23", "city": "new_taipei"}, "geometry": {"type": "Point", "coordinates": [121.4367, 25.1747]}}, {"type": "Feature", "properties": {"name": "萬里國小", "address": "萬里里瑪鋉路18號", "district": "萬里區", "capacity": "897", "disaster_types": "水災,震災,土石流", "indoor": "是", "outdoor": "是", "vulnerable_friendly": "否", "manager": "曾怡琄", "manager_phone": "02-24922064#332", "city": "new_taipei"}, "geometry": {"type": "Point", "coordinates": [121.689132, 25.176187]}}, {"type": "Feature", "properties": {"name": "萬里國中", "address": "獅頭路24號", "district": "萬里區", "capacity": "475", "disaster_types": "水災,震災,土石流,海嘯", "indoor": "是", "outdoor": "否", "vulnerable_friendly": "否", "manager": "曾怡琄", "manager_phone": "02-24922064#332", "city": "new_taipei"}, "geometry": {"type": "Point", "coordinates": [121.694414, 25.177791]}}, {"type": "Feature", "properties": {"name": "萬里區行政大樓", "address": "萬里里瑪鋉路123號6樓", "district": "萬里區", "capacity": "214", "disaster_types": "水災,震災,土石流,海嘯", "indoor": "是", "outdoor": "否", "vulnerable_friendly": "是", "manager": "楊慧茸", "manager_phone": "02-24922064332", "city": "new_taipei"}, "geometry": {"type": "Point", "coordinates": [121.6854, 25.1778]}}, {"type": "Feature", "properties": {"name": "中華商業海事職業學校", "address": "瑪鋉路15號", "district": "萬里區", "capacity": "125", "disaster_types": "震災,土石流,海嘯", "indoor": "是", "outdoor": "是", "vulnerable_friendly": "否", "manager": "曾怡琄", "manager_phone": "02-24922064#332", "city": "new_taipei"}, "geometry": {"type": "Point", "coordinates": [121.685353, 25.177827]}}, {"type": "Feature", "properties": {"name": "獅頭路瑪鋉公園", "address": "中萬里加投瑪鋉港口小段269-20地號", "district": "萬里區", "capacity": "225", "disaster_types": "水災,震災,土石流", "indoor": "否", "outdoor": "是", "vulnerable_friendly": "否", "manager": "曾怡琄", "manager_phone": "02-24922064#332", "city": "new_taipei"}, "geometry": {"type": "Point", "coordinates": [121.691926, 25.177832]}}, {"type": "Feature", "properties": {"name": "水碓活動中心", "address": "中山北路158號", "district": "淡水區", "capacity": "102", "disaster_types": "水災,震災,土石流", "indoor": "是", "outdoor": "否", "vulnerable_friendly": "是", "manager": "蘇惠珊", "manager_phone": "02-26221020#7710", "city": "new_taipei"}, "geometry": {"type": "Point", "coordinates": [121.4442, 25.178]}}, {"type": "Feature", "properties": {"name": "萬里區行政大樓", "address": "萬里里瑪鋉路123號6樓", "district": "萬里區", "capacity": "214", "disaster_types": "水災,震災,土石流", "indoor": "是", "outdoor": "否", "vulnerable_friendly": "是", "manager": "曾怡琄", "manager_phone": "02-24922064#332", "city": "new_taipei"}, "geometry": {"type": "Point", "coordinates": [121.689623, 25.178167]}}, {"type": "Feature", "properties": {"name": "新興活動中心", "address": "大義街18號", "district": "淡水區", "capacity": "446", "disaster_types": "水災,震災,土石流", "indoor": "是", "outdoor": "否", "vulnerable_friendly": "是", "manager": "蘇惠珊", "manager_phone": "02-26221020#7710", "city": "new_taipei"}, "geometry": {"type": "Point", "coordinates": [121.443054, 25.178396]}}, {"type": "Feature", "properties": {"name": "正德國中", "address": "北新路109號", "district": "淡水區", "capacity": "2005", "disaster_types": "震災,土石流,海嘯", "indoor": "是", "outdoor": "是", "vulnerable_friendly": "是", "manager": "張淑玲", "manager_phone": "02-26205136#142", "city": "new_taipei"}, "geometry": {"type": "Point", "coordinates": [121.4476, 25.179]}}, {"type": "Feature", "properties": {"name": "新興國小", "address": "新興街123號", "district": "淡水區", "capacity": "663", "disaster_types": "震災,土石流,海嘯", "indoor": "是", "outdoor": "是", "vulnerable_friendly": "是", "manager": "張瓊烽", "manager_phone": "02-26203646#198", "city": "new_taipei"}, "geometry": {"type": "Point", "coordinates": [121.44, 25.1797]}}, {"type": "Feature", "properties": {"name": "天生國小", "address": "淡海路72巷26號", "district": "淡水區", "capacity": "798", "disaster_types": "震災,土石流,海嘯", "indoor": "是", "outdoor": "是", "vulnerable_friendly": "是", "manager": "曾獻輝", "manager_phone": "02-28052695#23", "city": "new_taipei"}, "geometry": {"type": "Point", "coordinates": [121.4243, 25.1816]}}, {"type": "Feature", "properties": {"name": "淡海活動中心", "address": "淡海路111號", "district": "淡水區", "capacity": "148", "disaster_types": "水災,震災,土石流,海嘯", "indoor": "是", "outdoor": "否", "vulnerable_friendly": "是", "manager": "蘇惠珊", "manager_phone": "02-26221020#7710", "city": "new_taipei"}, "geometry": {"type": "Point", "coordinates": [121.422969, 25.181789]}}, {"type": "Feature", "properties": {"name": "鎮北宮", "address": "玉田路4-2號", "district": "萬里區", "capacity": "175", "disaster_types": "水災,震災,土石流,海嘯", "indoor": "否", "outdoor": "是", "vulnerable_friendly": "否", "manager": "曾怡琄", "manager_phone": "02-24922064#332", "city": "new_taipei"}, "geometry": {"type": "Point", "coordinates": [121.680262, 25.183902]}}, {"type": "Feature", "properties": {"name": "水源國小", "address": "北新路二段15號", "district": "淡水區", "capacity": "614", "disaster_types": "水災,土石流,海嘯", "indoor": "是", "outdoor": "是", "vulnerable_friendly": "是", "manager": "黃建書", "manager_phone": "02-26211347#12", "city": "new_taipei"}, "geometry": {"type": "Point", "coordinates": [121.4765, 25.1858]}}, {"type": "Feature", "properties": {"name": "水源里活動中心", "address": "北新路二段15號2樓", "district": "淡水區", "capacity": "85", "disaster_types": "水災,震災,土石流,海嘯", "indoor": "是", "outdoor": "否", "vulnerable_friendly": "否", "manager": "徐榮樹", "manager_phone": "02-26213059", "city": "new_taipei"}, "geometry": {"type": "Point", "coordinates": [121.476527, 25.185817]}}, {"type": "Feature", "properties": {"name": "新市國小", "address": "中山北路二段200號", "district": "淡水區", "capacity": "1490", "disaster_types": "水災,震災,土石流", "indoor": "否", "outdoor": "否", "vulnerable_friendly": "是", "manager": "高林瑋", "manager_phone": "02-2626-2141#831", "city": "new_taipei"}, "geometry": {"type": "Point", "coordinates": [121.44451, 25.186023]}}, {"type": "Feature", "properties": {"name": "淡水商工", "address": "商工路307號", "district": "淡水區", "capacity": "1264", "disaster_types": "水災,震災,土石流,海嘯", "indoor": "是", "outdoor": "是", "vulnerable_friendly": "是", "manager": "陳俊良", "manager_phone": "02-26203930#205", "city": "new_taipei"}, "geometry": {"type": "Point", "coordinates": [121.454, 25.1868]}}, {"type": "Feature", "properties": {"name": "基督教芥菜種營地", "address": "玉田路25號", "district": "萬里區", "capacity": "200", "disaster_types": "水災,震災,土石流,海嘯", "indoor": "否", "outdoor": "是", "vulnerable_friendly": "否", "manager": "曾怡琄", "manager_phone": "02-24922064#332", "city": "new_taipei"}, "geometry": {"type": "Point", "coordinates": [121.678967, 25.191878]}}, {"type": "Feature", "properties": {"name": "育英國小", "address": "埤島里14號", "district": "淡水區", "capacity": "261", "disaster_types": "水災,震災,土石流,海嘯", "indoor": "是", "outdoor": "是", "vulnerable_friendly": "否", "manager": "陳建男", "manager_phone": "02-26214390#102", "city": "new_taipei"}, "geometry": {"type": "Point", "coordinates": [121.4449, 25.197]}}, {"type": "Feature", "properties": {"name": "仁愛之家", "address": "龜吼里玉田路61號", "district": "萬里區", "capacity": "269", "disaster_types": "震災,土石流,海嘯", "indoor": "是", "outdoor": "否", "vulnerable_friendly": "是", "manager": "曾怡琄", "manager_phone": "02-24922064#332", "city": "new_taipei"}, "geometry": {"type": "Point", "coordinates": [121.6841, 25.1978]}}, {"type": "Feature", "properties": {"name": "忠山國小", "address": "行忠路899號", "district": "淡水區", "capacity": "213", "disaster_types": "水災,土石流,海嘯", "indoor": "是", "outdoor": "是", "vulnerable_friendly": "是", "manager": "翁韻淇", "manager_phone": "02-26216139#12", "city": "new_taipei"}, "geometry": {"type": "Point", "coordinates": [121.48, 25.2011]}}, {"type": "Feature", "properties": {"name": "磺潭社區親水公園", "address": "員潭路", "district": "萬里區", "capacity": "225", "disaster_types": "水災,震災,土石流,海嘯", "indoor": "否", "outdoor": "是", "vulnerable_friendly": "否", "manager": "曾怡琄", "manager_phone": "02-24922064#332", "city": "new_taipei"}, "geometry": {"type": "Point", "coordinates": [121.646291, 25.202226]}}, {"type": "Feature", "properties": {"name": "野柳活動中心", "address": "野柳里港東路1-5號", "district": "萬里區", "capacity": "216", "disaster_types": "水災,震災,土石流", "indoor": "是", "outdoor": "否", "vulnerable_friendly": "是", "manager": "曾怡琄", "manager_phone": "02-24922064#332", "city": "new_taipei"}, "geometry": {"type": "Point", "coordinates": [121.6861, 25.2029]}}, {"type": "Feature", "properties": {"name": "新北市三芝區興華國民小學", "address": "田心子5號", "district": "三芝區", "capacity": "408", "disaster_types": "水災,震災,土石流", "indoor": "是", "outdoor": "是", "vulnerable_friendly": "否", "manager": "吳秉樺", "manager_phone": "26371366-205", "city": "new_taipei"}, "geometry": {"type": "Point", "coordinates": [121.501531, 25.203711]}}, {"type": "Feature", "properties": {"name": "野柳國小", "address": "港東路167號", "district": "萬里區", "capacity": "658", "disaster_types": "水災,震災,土石流", "indoor": "是", "outdoor": "是", "vulnerable_friendly": "否", "manager": "曾怡琄", "manager_phone": "02-24922064#332", "city": "new_taipei"}, "geometry": {"type": "Point", "coordinates": [121.689442, 25.205606]}}, {"type": "Feature", "properties": {"name": "大鵬國小", "address": "萬里加投14號", "district": "萬里區", "capacity": "1306", "disaster_types": "水災,震災,土石流", "indoor": "是", "outdoor": "是", "vulnerable_friendly": "否", "manager": "曾怡琄", "manager_phone": "02-24922064#332", "city": "new_taipei"}, "geometry": {"type": "Point", "coordinates": [121.650866, 25.208821]}}, {"type": "Feature", "properties": {"name": "頂寮活動中心", "address": "頂社路18號之6", "district": "萬里區", "capacity": "69", "disaster_types": "水災,震災,土石流", "indoor": "是", "outdoor": "否", "vulnerable_friendly": "是", "manager": "曾怡琄", "manager_phone": "02-24922064#332", "city": "new_taipei"}, "geometry": {"type": "Point", "coordinates": [121.655728, 25.210529]}}, {"type": "Feature", "properties": {"name": "公館崙公園", "address": "月眉路", "district": "金山區", "capacity": "500", "disaster_types": "", "indoor": "否", "outdoor": "否", "vulnerable_friendly": "否", "manager": "范雅鈞", "manager_phone": "24985966轉173", "city": "new_taipei"}, "geometry": {"type": "Point", "coordinates": [121.631809, 25.213216]}}, {"type": "Feature", "properties": {"name": "興仁國小", "address": "興仁路101巷10號", "district": "淡水區", "capacity": "450", "disaster_types": "水災,震災,土石流", "indoor": "是", "outdoor": "是", "vulnerable_friendly": "是", "manager": "陳曉音", "manager_phone": "02-2621378#33", "city": "new_taipei"}, "geometry": {"type": "Point", "coordinates": [121.4511, 25.2175]}}, {"type": "Feature", "properties": {"name": "金山朝天宮", "address": "六股林口38-3號", "district": "金山區", "capacity": "75", "disaster_types": "海嘯", "indoor": "是", "outdoor": "否", "vulnerable_friendly": "是", "manager": "范雅鈞", "manager_phone": "2408-0664", "city": "new_taipei"}, "geometry": {"type": "Point", "coordinates": [121.602476, 25.218034]}}, {"type": "Feature", "properties": {"name": "三和國小", "address": "金山區重和里六股林口38號", "district": "金山區", "capacity": "156", "disaster_types": "水災,土石流,海嘯", "indoor": "是", "outdoor": "是", "vulnerable_friendly": "否", "manager": "范雅鈞", "manager_phone": "02-24985965轉188", "city": "new_taipei"}, "geometry": {"type": "Point", "coordinates": [121.6029, 25.2189]}}, {"type": "Feature", "properties": {"name": "金山區運動休閒廣場", "address": "金山區五湖里南勢53號", "district": "金山區", "capacity": "702", "disaster_types": "水災,震災,土石流,海嘯", "indoor": "是", "outdoor": "否", "vulnerable_friendly": "是", "manager": "范雅鈞", "manager_phone": "02-24985965#173", "city": "new_taipei"}, "geometry": {"type": "Point", "coordinates": [121.6283, 25.221]}}, {"type": "Feature", "properties": {"name": "新北市三芝區圓山里活動中心", "address": "木屐寮32號", "district": "三芝區", "capacity": "24", "disaster_types": "水災,震災,土石流", "indoor": "是", "outdoor": "是", "vulnerable_friendly": "是", "manager": "江美樺", "manager_phone": "02-26362111-293", "city": "new_taipei"}, "geometry": {"type": "Point", "coordinates": [121.5295, 25.221698]}}, {"type": "Feature", "properties": {"name": "金美國小", "address": "金山區美田里忠孝一路111號", "district": "金山區", "capacity": "892", "disaster_types": "水災,震災,土石流,海嘯", "indoor": "是", "outdoor": "是", "vulnerable_friendly": "否", "manager": "范雅鈞", "manager_phone": "24986503", "city": "new_taipei"}, "geometry": {"type": "Point", "coordinates": [121.6327, 25.2217]}}, {"type": "Feature", "properties": {"name": "中山堂〈1樓禮堂〉", "address": "金山區大同里溫泉路2巷10號", "district": "金山區", "capacity": "501", "disaster_types": "水災,震災,土石流,海嘯", "indoor": "是", "outdoor": "否", "vulnerable_friendly": "否", "manager": "范雅鈞", "manager_phone": "02-24985965", "city": "new_taipei"}, "geometry": {"type": "Point", "coordinates": [121.6408, 25.2217]}}, {"type": "Feature", "properties": {"name": "金山國小", "address": "金山區大同里金包里街180號", "district": "金山區", "capacity": "503", "disaster_types": "水災,震災,土石流", "indoor": "是", "outdoor": "是", "vulnerable_friendly": "是", "manager": "范雅鈞", "manager_phone": "02-24985966", "city": "new_taipei"}, "geometry": {"type": "Point", "coordinates": [121.6367, 25.2237]}}, {"type": "Feature", "properties": {"name": "中泰國小", "address": "中和里北勢子5號", "district": "淡水區", "capacity": "915", "disaster_types": "水災,土石流,海嘯", "indoor": "是", "outdoor": "是", "vulnerable_friendly": "是", "manager": "林文安", "manager_phone": "02-28012033#113", "city": "new_taipei"}, "geometry": {"type": "Point", "coordinates": [121.4847, 25.2241]}}, {"type": "Feature", "properties": {"name": "金山高中", "address": "金山區美田里文化路2號", "district": "金山區", "capacity": "520", "disaster_types": "水災,震災,土石流", "indoor": "是", "outdoor": "是", "vulnerable_friendly": "否", "manager": "范雅鈞", "manager_phone": "02-24985966轉188", "city": "new_taipei"}, "geometry": {"type": "Point", "coordinates": [121.6372, 25.2246]}}, {"type": "Feature", "properties": {"name": "金山青年活動中心", "address": "金山區磺港里青年路1號", "district": "金山區", "capacity": "23369", "disaster_types": "水災,震災,土石流,海嘯", "indoor": "是", "outdoor": "否", "vulnerable_friendly": "否", "manager": "范雅鈞", "manager_phone": "02-24985965", "city": "new_taipei"}, "geometry": {"type": "Point", "coordinates": [121.6411, 25.2259]}}, {"type": "Feature", "properties": {"name": "六三社區活動中心", "address": "三界壇路101-1號", "district": "金山區", "capacity": "45", "disaster_types": "水災,震災,海嘯", "indoor": "是", "outdoor": "否", "vulnerable_friendly": "否", "manager": "范雅鈞", "manager_phone": "02-24985966轉188", "city": "new_taipei"}, "geometry": {"type": "Point", "coordinates": [121.620711, 25.230093]}}, {"type": "Feature", "properties": {"name": "金山區獅頭山公園", "address": "溫泉路", "district": "金山區", "capacity": "500", "disaster_types": "", "indoor": "否", "outdoor": "否", "vulnerable_friendly": "否", "manager": "范雅鈞", "manager_phone": "02-24985966", "city": "new_taipei"}, "geometry": {"type": "Point", "coordinates": [121.649304, 25.231103]}}, {"type": "Feature", "properties": {"name": "聖德宮", "address": "三界壇路72號", "district": "金山區", "capacity": "187", "disaster_types": "海嘯", "indoor": "否", "outdoor": "否", "vulnerable_friendly": "否", "manager": "范雅鈞", "manager_phone": "02-24985966", "city": "new_taipei"}, "geometry": {"type": "Point", "coordinates": [121.619908, 25.231106]}}, {"type": "Feature", "properties": {"name": "新北市三芝區八賢里活動中心", "address": "八連溪41號", "district": "三芝區", "capacity": "45", "disaster_types": "水災,震災,土石流", "indoor": "否", "outdoor": "否", "vulnerable_friendly": "是", "manager": "余美華", "manager_phone": "02-26362111-299", "city": "new_taipei"}, "geometry": {"type": "Point", "coordinates": [121.513105, 25.237065]}}, {"type": "Feature", "properties": {"name": "屯山國小", "address": "淡金路五段111號", "district": "淡水區", "capacity": "251", "disaster_types": "水災,震災,土石流", "indoor": "是", "outdoor": "是", "vulnerable_friendly": "是", "manager": "林玟漣", "manager_phone": "02-28012591#810", "city": "new_taipei"}, "geometry": {"type": "Point", "coordinates": [121.4564, 25.2373]}}, {"type": "Feature", "properties": {"name": "中角國小", "address": "金山區萬壽里海興路49號", "district": "金山區", "capacity": "249", "disaster_types": "水災,震災,土石流,海嘯", "indoor": "是", "outdoor": "是", "vulnerable_friendly": "否", "manager": "范雅鈞", "manager_phone": "02-24985965轉188", "city": "new_taipei"}, "geometry": {"type": "Point", "coordinates": [121.6306, 25.2398]}}, {"type": "Feature", "properties": {"name": "萬壽活動中心", "address": "海興路69號之1", "district": "金山區", "capacity": "73", "disaster_types": "土石流", "indoor": "是", "outdoor": "否", "vulnerable_friendly": "否", "manager": "范雅鈞", "manager_phone": "02-24985966轉188", "city": "new_taipei"}, "geometry": {"type": "Point", "coordinates": [121.631354, 25.2405]}}, {"type": "Feature", "properties": {"name": "妙濟寺", "address": "4鄰內阿里磅1號", "district": "石門區", "capacity": "62", "disaster_types": "水災,震災,土石流,海嘯", "indoor": "否", "outdoor": "是", "vulnerable_friendly": "否", "manager": "釋淨惠", "manager_phone": "02-2638-3591", "city": "new_taipei"}, "geometry": {"type": "Point", "coordinates": [121.592343, 25.254077]}}, {"type": "Feature", "properties": {"name": "新北市三芝區公有市場", "address": "新北區三芝區民生街31號", "district": "三芝區", "capacity": "90", "disaster_types": "水災,震災,土石流,海嘯", "indoor": "是", "outdoor": "否", "vulnerable_friendly": "否", "manager": "張福生", "manager_phone": "02-26362111", "city": "new_taipei"}, "geometry": {"type": "Point", "coordinates": [121.5036, 25.2564]}}, {"type": "Feature", "properties": {"name": "三芝區公所", "address": "新北區三芝區中山路一段32號", "district": "三芝區", "capacity": "60", "disaster_types": "水災,震災,土石流,海嘯", "indoor": "是", "outdoor": "否", "vulnerable_friendly": "是", "manager": "江雅芳", "manager_phone": "02-26362111251", "city": "new_taipei"}, "geometry": {"type": "Point", "coordinates": [121.5011, 25.2578]}}, {"type": "Feature", "properties": {"name": "新北市三芝區三芝國民小學", "address": "新北區三芝區育英街22號", "district": "三芝區", "capacity": "956", "disaster_types": "水災,震災,土石流,海嘯", "indoor": "是", "outdoor": "是", "vulnerable_friendly": "否", "manager": "陳文龍主任李明珊組長", "manager_phone": "26362005", "city": "new_taipei"}, "geometry": {"type": "Point", "coordinates": [121.5016, 25.2579]}}, {"type": "Feature", "properties": {"name": "三芝農會", "address": "新北區三芝區中山路一段6號", "district": "三芝區", "capacity": "63", "disaster_types": "水災,震災,土石流,海嘯", "indoor": "是", "outdoor": "否", "vulnerable_friendly": "否", "manager": "吳思緯股長郭錦炎總幹事", "manager_phone": "26363111", "city": "new_taipei"}, "geometry": {"type": "Point", "coordinates": [121.5011, 25.2585]}}, {"type": "Feature", "properties": {"name": "新北市三芝區橫山國民小學", "address": "大坑86號", "district": "三芝區", "capacity": "319", "disaster_types": "", "indoor": "是", "outdoor": "是", "vulnerable_friendly": "否", "manager": "陳志哲", "manager_phone": "02-26362473-13", "city": "new_taipei"}, "geometry": {"type": "Point", "coordinates": [121.529765, 25.258894]}}, {"type": "Feature", "properties": {"name": "新北市立三芝國民中學", "address": "新北區三芝區淡金路一段38號", "district": "三芝區", "capacity": "1182", "disaster_types": "水災,震災,土石流,海嘯", "indoor": "是", "outdoor": "是", "vulnerable_friendly": "是", "manager": "彝育成組長陳永隆主任", "manager_phone": "26362004-19", "city": "new_taipei"}, "geometry": {"type": "Point", "coordinates": [121.5028, 25.26]}}, {"type": "Feature", "properties": {"name": "乾華國小禮堂", "address": "石門區茂林社區74號", "district": "石門區", "capacity": "671", "disaster_types": "水災,震災,土石流,海嘯", "indoor": "是", "outdoor": "是", "vulnerable_friendly": "否", "manager": "王光平", "manager_phone": "02-26381269", "city": "new_taipei"}, "geometry": {"type": "Point", "coordinates": [121.5923, 25.2693]}}, {"type": "Feature", "properties": {"name": "茂林里活動中心", "address": "茂林社區1-1號", "district": "石門區", "capacity": "110", "disaster_types": "水災,震災,土石流,海嘯", "indoor": "是", "outdoor": "是", "vulnerable_friendly": "否", "manager": "鍾國勳", "manager_phone": "2638-1721#301", "city": "new_taipei"}, "geometry": {"type": "Point", "coordinates": [121.591831, 25.27188]}}, {"type": "Feature", "properties": {"name": "草里里活動中心", "address": "草里里阿里荖33號之1", "district": "石門區", "capacity": "78", "disaster_types": "水災,震災,土石流", "indoor": "是", "outdoor": "否", "vulnerable_friendly": "是", "manager": "鍾國勳", "manager_phone": "2638-1721#301", "city": "new_taipei"}, "geometry": {"type": "Point", "coordinates": [121.606719, 25.28074]}}, {"type": "Feature", "properties": {"name": "北海岸風景管理處德茂里活動中心", "address": "德茂里下員坑 33-6號", "district": "石門區", "capacity": "25", "disaster_types": "水災,土石流", "indoor": "是", "outdoor": "否", "vulnerable_friendly": "否", "manager": "鍾小姐", "manager_phone": "8635-5100#2137", "city": "new_taipei"}, "geometry": {"type": "Point", "coordinates": [121.519157, 25.283263]}}, {"type": "Feature", "properties": {"name": "老梅國小教室", "address": "石門區老梅老梅路10號", "district": "石門區", "capacity": "426", "disaster_types": "震災,土石流", "indoor": "是", "outdoor": "是", "vulnerable_friendly": "否", "manager": "張雅俐", "manager_phone": "02-26381721605", "city": "new_taipei"}, "geometry": {"type": "Point", "coordinates": [121.545, 25.2889]}}, {"type": "Feature", "properties": {"name": "富基里活動中心", "address": "富基里楓林37-6號", "district": "石門區", "capacity": "69", "disaster_types": "水災,震災,土石流,海嘯", "indoor": "是", "outdoor": "是", "vulnerable_friendly": "是", "manager": "鐘國勳", "manager_phone": "2638-1721#301", "city": "new_taipei"}, "geometry": {"type": "Point", "coordinates": [121.540628, 25.289023]}}, {"type": "Feature", "properties": {"name": "老梅里活動中心", "address": "老梅里老梅路43號3樓", "district": "石門區", "capacity": "54", "disaster_types": "水災,土石流", "indoor": "是", "outdoor": "否", "vulnerable_friendly": "是", "manager": "鍾國勳", "manager_phone": "2638-1721#301", "city": "new_taipei"}, "geometry": {"type": "Point", "coordinates": [121.545195, 25.289433]}}, {"type": "Feature", "properties": {"name": "山溪里活動中心", "address": "山溪里老崩山6-5號", "district": "石門區", "capacity": "275", "disaster_types": "土石流", "indoor": "是", "outdoor": "否", "vulnerable_friendly": "否", "manager": "鐘國勳", "manager_phone": "2638-1721#301", "city": "new_taipei"}, "geometry": {"type": "Point", "coordinates": [121.55172, 25.290889]}}, {"type": "Feature", "properties": {"name": "石門里活動中心", "address": "石門街一號", "district": "石門區", "capacity": "52", "disaster_types": "土石流", "indoor": "是", "outdoor": "否", "vulnerable_friendly": "否", "manager": "鍾國勳", "manager_phone": "2638-1721#301", "city": "new_taipei"}, "geometry": {"type": "Point", "coordinates": [121.565885, 25.291194]}}, {"type": "Feature", "properties": {"name": "石門區體育館", "address": "石門區石門里中央路1-9號", "district": "石門區", "capacity": "325", "disaster_types": "水災,震災,土石流", "indoor": "是", "outdoor": "是", "vulnerable_friendly": "是", "manager": "花家郎", "manager_phone": "02-2638-1273轉134", "city": "new_taipei"}, "geometry": {"type": "Point", "coordinates": [121.5645, 25.2912]}}, {"type": "Feature", "properties": {"name": "石門區公所", "address": "石門區尖鹿里中山路66號", "district": "石門區", "capacity": "312", "disaster_types": "水災,震災,土石流", "indoor": "是", "outdoor": "否", "vulnerable_friendly": "否", "manager": "練書瑋", "manager_phone": "02-26381721702", "city": "new_taipei"}, "geometry": {"type": "Point", "coordinates": [121.5679, 25.2912]}}, {"type": "Feature", "properties": {"name": "石門國民中學", "address": "石門區尖鹿里中央路1--9號", "district": "石門區", "capacity": "435", "disaster_types": "土石流", "indoor": "是", "outdoor": "是", "vulnerable_friendly": "否", "manager": "花家郎", "manager_phone": "2638-1273轉134", "city": "new_taipei"}, "geometry": {"type": "Point", "coordinates": [121.5646, 25.2913]}}, {"type": "Feature", "properties": {"name": "石門國小", "address": "中央路9號", "district": "石門區", "capacity": "695", "disaster_types": "水災,震災,土石流", "indoor": "是", "outdoor": "是", "vulnerable_friendly": "否", "manager": "黃朝傳主任", "manager_phone": "963061365", "city": "new_taipei"}, "geometry": {"type": "Point", "coordinates": [121.56704, 25.291855]}}, {"type": "Feature", "properties": {"name": "尖鹿里活動中心", "address": "尖鹿里中央路9之3號1樓", "district": "石門區", "capacity": "25", "disaster_types": "土石流", "indoor": "是", "outdoor": "否", "vulnerable_friendly": "否", "manager": "鐘國勳", "manager_phone": "2638-1721#301", "city": "new_taipei"}, "geometry": {"type": "Point", "coordinates": [121.566842, 25.292022]}}]}