機構名稱,機構代碼,機構種類,縣市,區,地址全址,經度,緯度,O_ABC,特約服務項目,特約縣市,特約區域,機構電話,電子郵件,機構負責人姓名,特約起日,特約迄日,最後異動時間
財團法人伊甸社會福利基金會,BD0100001,BD,臺北市,文山區,臺北市文山區萬芳里萬美街一段55號3樓,121.5681152344,25.0023422241,A,個案管理服務,臺北市,北投區,02-22307715,eden8378@eden.org.tw,羅紀琼,20250101.0,20261231.0,20241231 19:57:41
財團法人伊甸社會福利基金會,BD0100001,BD,臺北市,文山區,臺北市文山區萬芳里萬美街一段55號3樓,121.5681152344,25.0023422241,A,個案管理服務,臺北市,北投區,02-22307715,eden8378@eden.org.tw,羅紀琼,20230101.0,20241231.0,20230208 09:04:01
健樂福生活事業股份有限公司,BF0100001,BF,臺北市,大安區,臺北市大安區民炤里仁愛路三段30號,121.5366973877,25.037612915,B,輔具及居家無障礙環境服務,高雄市,鹽埕區;鼓山區;左營區;楠梓區;三民區;新興區;前金區;苓雅區;前鎮區;旗津區;小港區;鳳山區;林園區;大寮區;大樹區;大社區;仁武區;鳥松區;岡山區;橋頭區;燕巢區;田寮區;阿蓮區;路竹區;湖內區;茄萣區;永安區;彌陀區;梓官區;旗山區;美濃區;六龜區;甲仙區;杉林區;內門區;茂林區;桃源區;那瑪夏區,02-77462328,,楊恆碩,,,20190417 00:00:00
財團法人弘道老人福利基金會附設臺北市私立弘道居家式服務類長期照顧服務機構,1S0100002,1,臺北市,松山區,臺北市松山區民福里復興北路451號,121.5444793701,25.0639839172,B,居家服務,臺北市,松山區,02-66131314,yvonne@hondao.org.tw,王乃弘,20240101.0,20261231.0,20231229 18:46:12
中華民國紅十字會台灣省分會附設臺北市私立紅十字居家式服務類長期照顧服務機構,1N0100001,1,臺北市,大安區,臺北市大安區龍坡里新生南路3段20之1號2樓,121.5344238281,25.0241832733,B,居家服務,臺北市,松山區;大安區;中正區;萬華區;文山區;南港區;內湖區;北投區,02-23637794,rct@seed.net.tw,董光世,20240101.0,20241231.0,20231229 11:23:03
中華民國紅十字會台灣省分會附設臺北市私立紅十字居家式服務類長期照顧服務機構,1N0100001,1,臺北市,大安區,臺北市大安區龍坡里新生南路3段20之1號2樓,121.5344238281,25.0241832733,A,個案管理服務,臺北市,大安區,02-23637794,rct@seed.net.tw,董光世,20250101.0,20261231.0,20241231 19:54:21
臺北市政府社會局委託財團法人伊甸社會福利基金會經營管理民生身障社區長照機構（日間照顧）,2S0100002,2,臺北市,松山區,臺北市松山區三民里松山民生東路五段163之1號,121.5627670288,25.0590858459,B,喘息服務,臺北市,松山區;信義區;大安區;中山區;中正區;大同區;萬華區;文山區;南港區;內湖區;士林區;北投區,02-27609605,eden3779@eden.org.tw,陳宇昭,20210927.0,20241231.0,20221229 22:27:05
臺北市政府社會局委託財團法人伊甸社會福利基金會經營管理民生身障社區長照機構（日間照顧）,2S0100002,2,臺北市,松山區,臺北市松山區三民里松山民生東路五段163之1號,121.5627670288,25.0590858459,B,喘息服務,臺北市,松山區;信義區;大安區;中山區;中正區;大同區;萬華區;文山區;南港區;內湖區;士林區;北投區,02-27609605,eden3779@eden.org.tw,陳宇昭,20250101.0,20261231.0,20250204 14:59:56
中化銀髮事業股份有限公司附設臺北市私立中化銀髮居家式服務類長期照顧服務機構,1V0100002,1,臺北市,士林區,臺北市士林區舊佳里中山北路5段699巷1號1樓,121.5269546509,25.0976734161,B,喘息服務,臺北市,松山區;信義區;大安區;中山區;中正區;大同區;萬華區;文山區;南港區;內湖區;士林區;北投區,02-27970880#208,rainbow@ccpc.com.tw,王謝怡貞,20250101.0,20261231.0,20241122 15:15:05
中化銀髮事業股份有限公司附設臺北市私立中化銀髮居家式服務類長期照顧服務機構,1V0100002,1,臺北市,士林區,臺北市士林區舊佳里中山北路5段699巷1號1樓,121.5269546509,25.0976734161,B,喘息服務,桃園市,桃園區,02-27970880#208,rainbow@ccpc.com.tw,王謝怡貞,20210118.0,20221231.0,20230214 13:56:13
中化銀髮事業股份有限公司附設臺北市私立中化銀髮居家式服務類長期照顧服務機構,1V0100002,1,臺北市,士林區,臺北市士林區舊佳里中山北路5段699巷1號1樓,121.5269546509,25.0976734161,B,居家服務,臺北市,松山區;信義區;大安區;中山區;中正區;大同區;萬華區;文山區;南港區;內湖區;士林區;北投區,02-27970880#208,rainbow@ccpc.com.tw,王謝怡貞,20240101.0,20241231.0,20231229 18:06:52
財團法人弘道老人福利基金會附設臺北市私立弘道居家式服務類長期照顧服務機構,1S0100002,1,臺北市,松山區,臺北市松山區民福里復興北路451號,121.5444793701,25.0639839172,B,居家服務,臺北市,松山區,02-66131314,yvonne@hondao.org.tw,王乃弘,20180701.0,20231231.0,20211230 14:41:20
中華民國紅十字會台灣省分會附設臺北市私立紅十字居家式服務類長期照顧服務機構,1N0100001,1,臺北市,大安區,臺北市大安區龍坡里新生南路3段20之1號2樓,121.5344238281,25.0241832733,B,居家服務,臺北市,松山區;大安區;中正區;萬華區;文山區;南港區;內湖區;北投區,02-23637794,rct@seed.net.tw,董光世,20180101.0,20231231.0,20211230 11:20:39
中華民國紅十字會台灣省分會附設臺北市私立紅十字居家式服務類長期照顧服務機構,1N0100001,1,臺北市,大安區,臺北市大安區龍坡里新生南路3段20之1號2樓,121.5344238281,25.0241832733,A,個案管理服務,臺北市,大安區,02-23637794,rct@seed.net.tw,董光世,20250101.0,20261231.0,20241231 19:53:29
中華民國紅十字會台灣省分會附設臺北市私立紅十字居家式服務類長期照顧服務機構,1N0100001,1,臺北市,大安區,臺北市大安區龍坡里新生南路3段20之1號2樓,121.5344238281,25.0241832733,B,居家服務,新北市,中和區;土城區;林口區,02-23637794,rct@seed.net.tw,董光世,20250101.0,20271231.0,20241225 10:37:56
臺北市立聯合醫院居家式服務類長期照顧服務機構,1U0100001,1,臺北市,大同區,臺北市大同區玉泉里鄭州路145號,121.5093231201,25.0509700775,B,居家服務,臺北市,松山區;信義區;大安區;中山區;中正區;大同區;萬華區;南港區;士林區;北投區,28353456-6380,B5646@tpech.gov.tw,王智弘,20210101.0,20231231.0,20220104 18:46:27
福田居家有限公司私立福田居家長照機構,1V0100005,1,臺北市,信義區,臺北市信義區松光里忠孝東路5段492巷2號2樓,121.5783004761,25.040512085,B,居家服務,臺北市,松山區;信義區;大安區;中山區;中正區;大同區;萬華區;文山區;南港區;內湖區;士林區;北投區,02-27270065,futain@futaincare.com.tw,林永峰,20240101.0,20261231.0,20231229 15:50:00
福田居家有限公司私立福田居家長照機構,1V0100005,1,臺北市,信義區,臺北市信義區松光里忠孝東路5段492巷2號2樓,121.5783004761,25.040512085,B,居家服務,新北市,板橋區;三重區;中和區;永和區;新莊區;新店區;汐止區;土城區;蘆洲區,02-27270065,futain@futaincare.com.tw,林永峰,20250101.0,20271231.0,20250110 16:29:22
財團法人天下為公社會福利慈善事業基金會附設新北市私立天下為公居家式服務類長期照顧服務機構,1S0200001,1,新北市,汐止區,新北市汐止區保安里大同路三段423號1樓,121.677482605,25.0716438293,B,喘息服務,新北市,板橋區;三重區;中和區;永和區;新莊區;新店區;汐止區;瑞芳區;土城區;蘆洲區;平溪區;雙溪區;貢寮區;金山區;萬里區,02-86488388,wba@hangan.org,胡世賢,20250101.0,20271231.0,20250110 15:22:50
財團法人天下為公社會福利慈善事業基金會附設新北市私立天下為公居家式服務類長期照顧服務機構,1S0200001,1,新北市,汐止區,新北市汐止區保安里大同路三段423號1樓,121.677482605,25.0716438293,A,個案管理服務,新北市,三重區;中和區;永和區;新莊區;汐止區,02-86488388,wba@hangan.org,胡世賢,20250101.0,20250630.0,20241231 16:21:37
財團法人天下為公社會福利慈善事業基金會附設新北市私立天下為公居家式服務類長期照顧服務機構,1S0200001,1,新北市,汐止區,新北市汐止區保安里大同路三段423號1樓,121.677482605,25.0716438293,B,營養餐飲服務,新北市,中和區;永和區;汐止區,02-86488388,wba@hangan.org,胡世賢,20250101.0,20250131.0,20250122 14:39:55
中華民國紅十字會台灣省分會附設臺北市私立紅十字居家式服務類長期照顧服務機構,1N0100001,1,臺北市,大安區,臺北市大安區龍坡里新生南路3段20之1號2樓,121.5344238281,25.0241832733,A,個案管理服務,臺北市,大安區,02-23637794,rct@seed.net.tw,董光世,20230101.0,20241231.0,20230208 09:09:33
中華民國紅十字會台灣省分會附設臺北市私立紅十字居家式服務類長期照顧服務機構,1N0100001,1,臺北市,大安區,臺北市大安區龍坡里新生南路3段20之1號2樓,121.5344238281,25.0241832733,A,個案管理服務,臺北市,大安區,02-23637794,rct@seed.net.tw,董光世,20230101.0,20241231.0,20230208 09:01:08
臺北市立聯合醫院居家式服務類長期照顧服務機構,1U0100001,1,臺北市,大同區,臺北市大同區玉泉里鄭州路145號,121.5093231201,25.0509700775,B,居家服務,臺北市,松山區;信義區;大安區;中山區;中正區;大同區;萬華區;南港區;士林區;北投區,28353456-6380,B5646@tpech.gov.tw,王智弘,20240101.0,20261231.0,20231229 18:33:37
財團法人天下為公社會福利慈善事業基金會附設新北市私立天下為公居家式服務類長期照顧服務機構,1S0200001,1,新北市,汐止區,新北市汐止區保安里大同路三段423號1樓,121.677482605,25.0716438293,B,喘息服務,桃園市,桃園區;中壢區;大溪區;蘆竹區;大園區;龜山區;八德區;觀音區;復興區,02-86488388,wba@hangan.org,胡世賢,20231226.0,20251231.0,20231231 15:31:40
社團法人愛福家協會附設新北市私立愛福家居家式服務類長期照顧服務機構,1R0100007,1,新北市,板橋區,新北市板橋區雙十路二段217號4樓,121.4752655029,25.0337276459,B,居家服務,臺北市,大安區;中山區;中正區;大同區;萬華區,02-22500177,hr01@ilive.org.tw,涂林德媛,20180101.0,20261231.0,20231229 16:36:37
社團法人愛福家協會附設新北市私立愛福家居家式服務類長期照顧服務機構,1R0100007,1,新北市,板橋區,新北市板橋區雙十路二段217號4樓,121.4752655029,25.0337276459,B,居家服務,新北市,板橋區;新莊區;瑞芳區,02-22500177,hr01@ilive.org.tw,涂林德媛,20250101.0,20271231.0,20241227 09:25:37
新北市私立旺福居家長照機構,1X0200001,1,新北市,三重區,新北市三重區溪美里福隆路48號1樓,121.492477417,25.078578949,B,專業照護服務,新北市,板橋區;三重區;中和區;永和區;新莊區;淡水區;土城區;蘆洲區;五股區;林口區;八里區,02-28571526,wfservice2@gmail.com,黃雅萍,20220101.0,20241231.0,20220224 16:32:38
新北市私立旺福居家長照機構,1X0200001,1,新北市,三重區,新北市三重區溪美里福隆路48號1樓,121.492477417,25.078578949,B,居家服務,新北市,板橋區;三重區;中和區;新莊區;蘆洲區,02-28571526,wfservice2@gmail.com,黃雅萍,20250101.0,20271231.0,20241223 11:11:59
新北市私立旺福居家長照機構,1X0200001,1,新北市,三重區,新北市三重區溪美里福隆路48號1樓,121.492477417,25.078578949,B,喘息服務,新北市,板橋區;三重區;中和區;新莊區;蘆洲區,02-28571526,wfservice2@gmail.com,黃雅萍,20250101.0,20271231.0,20241223 11:12:41
社團法人中華民國士林靈糧堂社會福利協會附設臺北市私立西湖社區長照機構,2S0100010,2,臺北市,內湖區,臺北市內湖區西湖里內湖路一段285號6樓,121.5664978027,25.0824165344,B,日間照顧服務,臺北市,松山區;信義區;大安區;中山區;中正區;大同區;萬華區;文山區;南港區;內湖區;士林區;北投區,02-26561700,xihudaycare@slsc.org.tw,劉群茂,20240101.0,20261231.0,20240102 11:12:52
社團法人中華民國士林靈糧堂社會福利協會附設臺北市私立新生社區長照機構老人日間照顧中心,2R0100002,2,臺北市,大安區,臺北市大安區新龍里新生南路三段52之5號,121.5339279175,25.0212039948,B,日間照顧服務,臺北市,松山區;信義區;大安區;中山區;中正區;大同區;萬華區;文山區;南港區;內湖區;士林區;北投區,02-23661321,xinshengdaycare@slsc.org.tw,劉群茂,20240101.0,20261231.0,20240102 15:00:20
新北市私立皇冠老人養護中心,A10200001,A1,新北市,新店區,新北市新店區明德里民權路60號4樓,121.5385818481,24.9830913544,B,喘息服務,臺北市,松山區;信義區;大安區;中山區;中正區;大同區;萬華區;文山區;南港區;內湖區;士林區;北投區,02-291571112,minilo1688@yahoo.com.tw,黃伯超,20250101.0,20261231.0,20250204 14:56:19
臺北市私立豪門老人長期照顧中心(養護型),A10100014,A1,臺北市,北投區,臺北市北投區大同里北投大業路452巷2號6-9F,121.4972915649,25.1317195892,B,喘息服務,臺北市,松山區;信義區;大安區;中山區;中正區;大同區;萬華區;文山區;南港區;內湖區;士林區;北投區,0228954492,noahsang@gmail.com,張妤安,20250101.0,20261231.0,20250204 11:38:06
財團法人天主教失智老人社會福利基金會附設臺北市私立聖若瑟失智老人養護中心,A10100031,A1,臺北市,萬華區,臺北市萬華區保德里德昌街125巷11號,121.4969329834,25.023639679,B,小規模多機能服務,臺北市,松山區;信義區;大安區;中山區;中正區;大同區;萬華區;文山區;南港區;內湖區;士林區;北投區,02-23046716#108,s8910009@ms61.hinet.net,鍾安住,20200101.0,20241231.0,20240102 10:56:52
中華民國紅十字會台灣省分會附設臺北市私立紅十字居家式服務類長期照顧服務機構,1N0100001,1,臺北市,大安區,臺北市大安區龍坡里新生南路3段20之1號2樓,121.5344238281,25.0241832733,B,喘息服務,新北市,中和區;土城區;林口區,02-23637794,rct@seed.net.tw,董光世,20250101.0,20271231.0,20241225 10:38:34
社團法人中華民國紅心字會附設臺北市私立紅心居家式服務類長期照顧服務機構,1R0100005,1,臺北市,中正區,臺北市中正區黎明里重慶南路一段43號3樓之2,121.5133895874,25.0449562073,B,居家服務,臺北市,信義區;大安區;文山區,02-23700267,drolysun@gmail.com,劉緒倫,20240101.0,20261231.0,20231229 09:28:12
財團法人天下為公社會福利慈善事業基金會附設新北市私立天下為公居家式服務類長期照顧服務機構,1S0200001,1,新北市,汐止區,新北市汐止區保安里大同路三段423號1樓,121.677482605,25.0716438293,B,喘息服務,臺北市,北投區,02-86488388,wba@hangan.org,胡世賢,20180101.0,20241231.0,20221229 21:57:30
新北市私立旺福居家長照機構,1X0200001,1,新北市,三重區,新北市三重區溪美里福隆路48號1樓,121.492477417,25.078578949,B,喘息服務,臺北市,松山區;大安區;中山區;中正區;大同區;萬華區;文山區;士林區,02-28571526,wfservice2@gmail.com,黃雅萍,20180418.0,20241231.0,20221230 15:13:06
新北市私立旺福居家長照機構,1X0200001,1,新北市,三重區,新北市三重區溪美里福隆路48號1樓,121.492477417,25.078578949,A,個案管理服務,臺北市,大同區,02-28571526,wfservice2@gmail.com,黃雅萍,20230424.0,20241231.0,20230503 11:51:47
新北市私立旺福居家長照機構,1X0200001,1,新北市,三重區,新北市三重區溪美里福隆路48號1樓,121.492477417,25.078578949,B,喘息服務,臺北市,松山區;信義區;大安區;中山區;中正區;大同區;萬華區;文山區;南港區;內湖區;士林區;北投區,02-28571526,wfservice2@gmail.com,黃雅萍,20250101.0,20261231.0,20241126 11:09:50
新北市私立旺福居家長照機構,1X0200001,1,新北市,三重區,新北市三重區溪美里福隆路48號1樓,121.492477417,25.078578949,B,專業照護服務,新北市,板橋區;三重區;中和區;永和區;新莊區;淡水區;土城區;蘆洲區;五股區;林口區;八里區,02-28571526,wfservice2@gmail.com,黃雅萍,20250101.0,20271231.0,20241223 11:13:33
社團法人中華民國紅心字會附設臺北市私立紅心居家式服務類長期照顧服務機構,1R0100005,1,臺北市,中正區,臺北市中正區黎明里重慶南路一段43號3樓之2,121.5133895874,25.0449562073,B,居家服務,臺北市,信義區;大安區;文山區,02-23700267,drolysun@gmail.com,劉緒倫,20220101.0,20231231.0,20220207 16:03:52
福田居家有限公司私立福田居家長照機構,1V0100005,1,臺北市,信義區,臺北市信義區松光里忠孝東路5段492巷2號2樓,121.5783004761,25.040512085,B,喘息服務,新北市,板橋區;三重區;中和區;永和區;新莊區;新店區;汐止區;土城區;蘆洲區,02-27270065,futain@futaincare.com.tw,林永峰,20250101.0,20271231.0,20250110 16:29:57
財團法人天下為公社會福利慈善事業基金會附設新北市私立天下為公居家式服務類長期照顧服務機構,1S0200001,1,新北市,汐止區,新北市汐止區保安里大同路三段423號1樓,121.677482605,25.0716438293,B,居家服務,新北市,板橋區;三重區;中和區;永和區;新莊區;新店區;汐止區;瑞芳區;土城區;蘆洲區;平溪區;雙溪區;貢寮區;金山區;萬里區,02-86488388,wba@hangan.org,胡世賢,20250101.0,20271231.0,20250110 15:22:04
財團法人天下為公社會福利慈善事業基金會附設新北市私立天下為公居家式服務類長期照顧服務機構,1S0200001,1,新北市,汐止區,新北市汐止區保安里大同路三段423號1樓,121.677482605,25.0716438293,B,喘息服務,桃園市,桃園區;中壢區;大溪區;蘆竹區;大園區;龜山區;八德區;觀音區;復興區,02-86488388,wba@hangan.org,胡世賢,20210322.0,20230228.0,20230110 14:35:31
財團法人天下為公社會福利慈善事業基金會附設新北市私立天下為公居家式服務類長期照顧服務機構,1S0200001,1,新北市,汐止區,新北市汐止區保安里大同路三段423號1樓,121.677482605,25.0716438293,B,居家服務,臺北市,松山區;信義區;大安區;中山區;中正區;大同區;萬華區;文山區;南港區;內湖區;士林區;北投區,02-86488388,wba@hangan.org,胡世賢,20180101.0,20261231.0,20231229 16:50:24
財團法人天下為公社會福利慈善事業基金會附設新北市私立天下為公居家式服務類長期照顧服務機構,1S0200001,1,新北市,汐止區,新北市汐止區保安里大同路三段423號1樓,121.677482605,25.0716438293,B,居家服務,桃園市,桃園區;中壢區;大溪區;蘆竹區;大園區;龜山區;八德區;觀音區;復興區,02-86488388,wba@hangan.org,胡世賢,20190701.0,20261231.0,20250101 14:32:56
財團法人天主教失智老人社會福利基金會附設臺北市私立聖若瑟失智老人養護中心,A10100031,A1,臺北市,萬華區,臺北市萬華區保德里德昌街125巷11號,121.4969329834,25.023639679,B,日間照顧服務,臺北市,松山區;信義區;大安區;中山區;中正區;大同區;萬華區;文山區;南港區;內湖區;士林區;北投區,02-23046716#108,s8910009@ms61.hinet.net,鍾安住,20240101.0,20261231.0,20240102 10:53:30
財團法人天主教失智老人社會福利基金會附設臺北市私立聖若瑟失智老人養護中心,A10100031,A1,臺北市,萬華區,臺北市萬華區保德里德昌街125巷11號,121.4969329834,25.023639679,B,喘息服務,臺北市,松山區;信義區;大安區;中山區;中正區;大同區;萬華區;文山區;南港區;內湖區;士林區;北投區,02-23046716#108,s8910009@ms61.hinet.net,鍾安住,20250101.0,20261231.0,20250204 11:54:31
廣權護理之家,A30200004,A3,新北市,板橋區,新北市板橋區廣權路6號2樓、5樓,121.4605102539,24.9908809662,B,喘息服務,新北市,板橋區;三重區;中和區;永和區;新莊區;新店區;樹林區;鶯歌區;三峽區;淡水區;汐止區;瑞芳區;土城區;蘆洲區;五股區;泰山區;林口區;深坑區;石碇區;坪林區;三芝區;石門區;八里區;平溪區;雙溪區;貢寮區;金山區;萬里區;烏來區,02-89514712,guangquan4435@gmail.com,王季柔,20250101.0,20271231.0,20250106 11:56:06
寶興護理之家,A30200006,A3,新北市,新店區,新北市新店區寶興路39號2樓至4樓、41號2樓至5樓,121.5491333008,24.9742088318,B,喘息服務,新北市,板橋區;中和區;永和區;新店區;深坑區;平溪區;烏來區,02-29109980,bcnh2015@gmail.com,廖麗如,20250101.0,20271231.0,20250103 11:49:27
合康居家護理所,B10100023,B1,臺北市,萬華區,臺北市萬華區富福里和平西路三段396號1樓,121.503364563,25.0300426483,B,專業照護服務,臺北市,松山區;信義區;大安區;中山區;中正區;大同區;萬華區;文山區;南港區;內湖區;士林區;北投區,0913560958,biglongtoday0706@gmail.com,鄭歆悅,20250101.0,20261231.0,20241101 10:20:48
柏愛藥局-永和復興據點(醫事C),B30200001,B3,新北市,永和區,新北市永和區復興里博愛街26號,121.518447876,25.0157623291,B,專業照護服務,臺北市,松山區;信義區;大安區;中山區;中正區;大同區;萬華區;文山區;南港區;內湖區;士林區;北投區,02-89285609,boaifustation.201907@gmail.com,鄭文柏,20180101.0,20180101.0,20190417 00:00:00
大心居家職能治療所,B50100002,B5,臺北市,士林區,臺北市士林區天祿里中山北路六段754巷22之1號,121.5290527344,25.1145648956,B,專業照護服務,臺北市,松山區;信義區;大安區;中山區;中正區;大同區;萬華區;文山區;南港區;內湖區;士林區;北投區,02-77518057,bigheartot@gmail.com,彭紹宇,20181019.0,20241231.0,20221226 13:18:54
大心居家職能治療所,B50100002,B5,臺北市,士林區,臺北市士林區天祿里中山北路六段754巷22之1號,121.5290527344,25.1145648956,B,專業照護服務,新北市,板橋區;三重區;中和區;永和區;新莊區;新店區;樹林區;三峽區;汐止區;土城區;蘆洲區;泰山區;林口區,02-77518057,bigheartot@gmail.com,彭紹宇,20250101.0,20271231.0,20241226 16:56:06
新康居家職能治療所,B50100005,B5,臺北市,士林區,臺北市士林區葫東里重慶北路四段248號,121.5113983154,25.0866203308,B,專業照護服務(CC01),連江縣,09007006;09007010;09007020;09007030;09007040,02-28164533#312,newhealthot@gmail.com,洪于婷,20240718.0,20261231.0,20240723 14:55:23
新康居家職能治療所,B50100005,B5,臺北市,士林區,臺北市士林區葫東里重慶北路四段248號,121.5113983154,25.0866203308,B,專業照護服務,新北市,板橋區;三重區;中和區;永和區;新莊區;新店區;樹林區;三峽區;淡水區;汐止區;瑞芳區;土城區;蘆洲區;五股區;泰山區;深坑區;石碇區;平溪區;雙溪區;貢寮區;金山區;萬里區;烏來區,02-28164533#312,newhealthot@gmail.com,洪于婷,20250101.0,20271231.0,20241225 10:48:23
中化銀髮事業股份有限公司附設臺北市私立中化銀髮居家式服務類長期照顧服務機構,1V0100002,1,臺北市,士林區,臺北市士林區舊佳里中山北路5段699巷1號1樓,121.5269546509,25.0976734161,B,居家服務,臺北市,松山區;信義區;大安區;中山區;中正區;大同區;萬華區;文山區;南港區;內湖區;士林區;北投區,02-27970880#208,rainbow@ccpc.com.tw,王謝怡貞,20250101.0,20261231.0,20250205 09:35:52
財團法人台北市立心慈善基金會附設臺北市私立立心居家式服務類長期照顧服務機構,1S0100005,1,臺北市,萬華區,臺北市萬華區頂碩里艋舺大道120巷39弄3號2樓,121.5023727417,25.0320262909,B,居家服務,臺北市,中正區;大同區;萬華區,02-23361555#21,lishin.home@gmail.com,洪金桐,20240101.0,20261231.0,20231229 10:30:50
財團法人台北市立心慈善基金會附設臺北市私立立心居家式服務類長期照顧服務機構,1S0100005,1,臺北市,萬華區,臺北市萬華區頂碩里艋舺大道120巷39弄3號2樓,121.5023727417,25.0320262909,B,喘息服務,臺北市,中正區;大同區;萬華區,02-23361555#21,lishin.home@gmail.com,洪金桐,20250101.0,20261231.0,20241122 14:11:12
社團法人愛福家協會附設新北市私立愛福家居家式服務類長期照顧服務機構,1R0100007,1,新北市,板橋區,新北市板橋區雙十路二段217號4樓,121.4752655029,25.0337276459,A,個案管理服務,新北市,板橋區;新莊區;瑞芳區,02-22500177,hr01@ilive.org.tw,涂林德媛,20250101.0,20250630.0,20241231 16:23:52
社團法人愛福家協會附設新北市私立愛福家居家式服務類長期照顧服務機構,1R0100007,1,新北市,板橋區,新北市板橋區雙十路二段217號4樓,121.4752655029,25.0337276459,B,喘息服務,新北市,板橋區;新莊區;瑞芳區,02-22500177,hr01@ilive.org.tw,涂林德媛,20250101.0,20271231.0,20241227 09:26:41
新北市私立旺福居家長照機構,1X0200001,1,新北市,三重區,新北市三重區溪美里福隆路48號1樓,121.492477417,25.078578949,B,專業照護服務,臺北市,松山區;信義區;大安區;中山區;中正區;大同區;萬華區;文山區;南港區;內湖區;士林區;北投區,02-28571526,wfservice2@gmail.com,黃雅萍,20180418.0,20241231.0,20221230 15:13:06
新北市私立旺福居家長照機構,1X0200001,1,新北市,三重區,新北市三重區溪美里福隆路48號1樓,121.492477417,25.078578949,B,居家服務,臺北市,松山區;大安區;中山區;中正區;大同區;萬華區;文山區;士林區;北投區,02-28571526,wfservice2@gmail.com,黃雅萍,20180101.0,20261231.0,20231229 17:20:17
新北市私立旺福居家長照機構,1X0200001,1,新北市,三重區,新北市三重區溪美里福隆路48號1樓,121.492477417,25.078578949,B,專業照護服務,臺北市,松山區;信義區;大安區;中山區;中正區;大同區;萬華區;文山區;南港區;內湖區;士林區;北投區,02-28571526,wfservice2@gmail.com,黃雅萍,20250101.0,20261231.0,20241126 11:11:11
社團法人中華民國士林靈糧堂社會福利協會附設臺北市私立西湖社區長照機構,2S0100010,2,臺北市,內湖區,臺北市內湖區西湖里內湖路一段285號6樓,121.5664978027,25.0824165344,B,日間照顧服務,臺北市,松山區;信義區;大安區;中山區;中正區;大同區;萬華區;文山區;南港區;內湖區;士林區;北投區,02-26561700,xihudaycare@slsc.org.tw,劉群茂,20220101.0,20231231.0,20240102 11:11:39
臺北市政府社會局委託財團法人台灣省私立健順養護中心經營管理臺北市中山社區式長期照顧服務機構,2S0100011,2,臺北市,中山區,臺北市中山區新生北路二段101巷2號,121.528427124,25.0573177338,B,日間照顧服務,臺北市,松山區;信義區;大安區;中山區;中正區;大同區;萬華區;文山區;南港區;內湖區;士林區;北投區,02-25420006,elder0006@gmail.com,黃禎祥,20240101.0,20261231.0,20240104 15:56:17
臺北市政府社會局委託社團法人中華民國士林靈糧堂社會福利協會經營管理臺北市士林社區式服務類長期照顧服務機構,2S0100007,2,臺北市,士林區,臺北市士林區三玉里忠誠路二段53巷7號6樓,121.5322875977,25.1114368439,B,小規模多機能服務,臺北市,松山區;信義區;大安區;中山區;中正區;大同區;萬華區;文山區;南港區;內湖區;士林區;北投區,02-28381571,sldaycare@slsc.org.tw,劉群茂,20180101.0,20231231.0,20240102 11:08:55
中華民國紅心字會附設臺北市私立興隆社區長照機構,2N0100001,2,臺北市,文山區,臺北市文山區明義里興隆路四段105巷47號2樓,121.5631256104,24.98828125,B,日間照顧服務,臺北市,松山區;信義區;大安區;中山區;中正區;大同區;萬華區;文山區;南港區;內湖區;士林區;北投區,02-29367119,ankangtw@gmail.com,劉緒倫,20181222.0,20241231.0,20240102 18:53:31
臺北市私立中山老人長期照顧中心(養護型),A10100011,A1,臺北市,萬華區,臺北市萬華區菜園里峨眉街124號1樓,121.5019760132,25.0446224213,B,喘息服務,臺北市,萬華區,02-23759590,fen.lan8888@gmail.com,趙芬蘭,20180101.0,20241231.0,20221230 19:10:01
臺北市私立康壯老人長期照顧中心(養護型),A10100016,A1,臺北市,松山區,臺北市松山區吉祥里八德路四段203號.205號,121.5638504028,25.0489807129,B,喘息服務,臺北市,松山區,02-27686697,yao4343@yahoo.com.tw,李碧欗,20190131.0,20241231.0,20221229 22:32:00
新北市私立慈美護理之家,A30200001,A3,新北市,中和區,新北市中和區中山路2段315巷2號4樓、317號6樓,121.4940261841,25.0017356873,B,喘息服務,臺北市,中和區,02-22467727,juliaguo2670@yahoo.com.tw,張美素,20180913.0,20241231.0,20221229 22:05:39
新北市私立慈美護理之家,A30200001,A3,新北市,中和區,新北市中和區中山路2段315巷2號4樓、317號6樓,121.4940261841,25.0017356873,B,喘息服務,臺北市,松山區;信義區;大安區;中山區;中正區;大同區;萬華區;文山區;南港區;內湖區;士林區;北投區,02-22467727,juliaguo2670@yahoo.com.tw,張美素,20250101.0,20261231.0,20250204 13:53:58
新北市私立至傑護理之家,A30200007,A3,新北市,板橋區,新北市板橋區和平路14巷9號1-2樓、9之1號1樓,121.461517334,24.9928741455,B,喘息服務,臺北市,新店區,02-89641787,a1952000@yahoo.com.tw,黃惠珍,20181226.0,20241231.0,20230202 16:40:01
包子居家護理所,B10100016,B1,臺北市,中山區,臺北市中山區通明新生北路三段82巷23號,121.5268096924,25.0671539307,B,專業照護服務,臺北市,松山區;信義區;大安區;中山區;中正區;大同區;萬華區;文山區;南港區;內湖區;士林區;北投區,02-25931596,Bread1119@gmail.com,黃獻賢,20180101.0,20180101.0,20190417 00:00:00
安歆居家護理所,B10100024,B1,臺北市,中山區,臺北市中山區松江路50號3樓,121.532661438,25.0481796265,B,專業照護服務,臺北市,中山區,02-25372586,crcanhsin@gmail.com,余建華,20180316.0,20241231.0,20221229 22:34:41
臺北市立聯合醫院(陽明院區),B20100008,B2,臺北市,士林區,臺北市士林區岩山里雨聲街105號,121.5314865112,25.1048316956,B,專業照護服務,臺北市,大安區;中山區;中正區;大同區;萬華區;南港區;士林區,02-28353456,B1655@tpech.gov.tw,王智弘,20250101.0,20261231.0,20241025 10:33:54
臺北市立聯合醫院(陽明院區),B20100008,B2,臺北市,士林區,臺北市士林區岩山里雨聲街105號,121.5314865112,25.1048316956,B,專業照護服務,臺北市,士林區,02-28353456,B1655@tpech.gov.tw,王智弘,20180101.0,20241231.0,20221230 12:16:21
臺北市立聯合醫院(和平婦幼院區),B20100009,B2,臺北市,中正區,臺北市中正區社寮中華路二段33號,121.5066833496,25.0355300903,B,專業照護服務,臺北市,中正區,02-23889595#8417,B1049@tpech.gov.tw,王智弘,20180101.0,20241231.0,20221230 12:17:11
臺北市立聯合醫院(和平婦幼院區),B20100009,B2,臺北市,中正區,臺北市中正區社寮中華路二段33號,121.5066833496,25.0355300903,B,專業照護服務,臺北市,大安區;中山區;中正區;大同區;萬華區;南港區;士林區,02-23889595#8417,B1049@tpech.gov.tw,王智弘,20250101.0,20261231.0,20241025 10:30:10
臺北市立聯合醫院(和平婦幼院區),B20100009,B2,臺北市,中正區,臺北市中正區社寮中華路二段33號,121.5066833496,25.0355300903,B,專業照護服務,臺北市,中正區,02-23889595#8417,B1049@tpech.gov.tw,王智弘,20210101.0,20241231.0,20221230 12:16:57
跑居家物理治療所,B40100003,B4,臺北市,士林區,臺北市士林區葫東里重慶北路四段248號,121.5113983154,25.0866203308,B,專業照護服務(CC01),新北市,板橋區;三重區;中和區;永和區;新莊區;新店區;樹林區;淡水區;汐止區;蘆洲區;五股區;泰山區;深坑區;石碇區;三芝區;石門區;八里區;金山區,0907-091302,a770222boy@gmail.com,張沅輔,20250101.0,20271231.0,20241204 13:41:49
壽合居家職能治療所,B50100003,B5,臺北市,文山區,臺北市文山區興家里興隆路三段221巷4弄14號,121.5601119995,24.9936923981,B,專業照護服務,臺北市,松山區;信義區;大安區;中山區;中正區;大同區;萬華區;文山區;南港區;內湖區;士林區;北投區,0933-004397,ensonwhj@yahoo.com.tw,吳鴻章,20180101.0,20241231.0,20221229 22:56:29
壽合居家職能治療所,B50100003,B5,臺北市,文山區,臺北市文山區興家里興隆路三段221巷4弄14號,121.5601119995,24.9936923981,B,專業照護服務,新北市,板橋區;中和區;永和區;新店區;淡水區;汐止區;瑞芳區;蘆洲區;八里區;雙溪區,0933-004397,ensonwhj@yahoo.com.tw,吳鴻章,20220101.0,20241231.0,20220302 10:32:30
C+-財團法人台北市中華基督教浸信會慈光堂,BD0100003,BD,臺北市,士林區,臺北市士林區翠山里中社路一段43巷3號,121.5602035522,25.1087741852,B,營養餐飲服務,臺北市,士林區,02-28412290,shoujen2318@gmail.com,柴漢熙,20200101.0,20221231.0,20210129 18:12:35
C+-財團法人台北市中華基督教浸信會慈光堂,BD0100003,BD,臺北市,士林區,臺北市士林區翠山里中社路一段43巷3號,121.5602035522,25.1087741852,B,喘息服務,臺北市,松山區;信義區;大安區;中山區;中正區;大同區;萬華區;文山區;南港區;內湖區;士林區;北投區,02-28412290,shoujen2318@gmail.com,柴漢熙,20250101.0,20261231.0,20241205 15:19:08
財團法人天下為公社會福利慈善事業基金會附設新北市私立天下為公居家式服務類長期照顧服務機構,1S0200001,1,新北市,汐止區,新北市汐止區保安里大同路三段423號1樓,121.677482605,25.0716438293,B,喘息服務,臺北市,松山區;信義區;大安區;中山區;中正區;大同區;萬華區;文山區;南港區;內湖區;士林區;北投區,02-86488388,wba@hangan.org,胡世賢,20250101.0,20261231.0,20241119 18:05:51
新北市私立旺福居家長照機構,1X0200001,1,新北市,三重區,新北市三重區溪美里福隆路48號1樓,121.492477417,25.078578949,A,個案管理服務,新北市,板橋區;三重區;新莊區;蘆洲區,02-28571526,wfservice2@gmail.com,黃雅萍,20250101.0,20250630.0,20241231 15:23:49
臺北市政府社會局委託財團法人伊甸社會福利基金會經營管理民生身障社區長照機構（日間照顧）,2S0100002,2,臺北市,松山區,臺北市松山區三民里松山民生東路五段163之1號,121.5627670288,25.0590858459,B,日間照顧服務,臺北市,松山區;信義區;大安區;中山區;中正區;大同區;萬華區;文山區;南港區;內湖區;士林區;北投區,02-27609605,eden3779@eden.org.tw,陳宇昭,20181025.0,20261231.0,20250204 15:02:46
中化銀髮事業股份有限公司附設臺北市私立中化銀髮居家式服務類長期照顧服務機構,1V0100002,1,臺北市,士林區,臺北市士林區舊佳里中山北路5段699巷1號1樓,121.5269546509,25.0976734161,B,喘息服務,臺北市,松山區;信義區;大安區;中山區;中正區;大同區;萬華區;文山區;南港區;內湖區;士林區;北投區,02-27970880#208,rainbow@ccpc.com.tw,王謝怡貞,20190301.0,20241231.0,20221230 15:26:00
財團法人天主教失智老人社會福利基金會附設臺北市私立聖若瑟居家式服務類長期照顧服務機構,1S0100009,1,臺北市,萬華區,臺北市萬華區保德里德昌街119號,121.4968490601,25.0241794586,B,喘息服務,臺北市,大同區;萬華區,02-23098728,s8910009@gmail.com,鍾安住,20250328.0,20261231.0,20250331 08:21:50
財團法人天主教失智老人社會福利基金會附設臺北市私立聖若瑟居家式服務類長期照顧服務機構,1S0100009,1,臺北市,萬華區,臺北市萬華區保德里德昌街119號,121.4968490601,25.0241794586,B,居家服務,臺北市,中山區;中正區;大同區;萬華區,02-23098728,s8910009@gmail.com,鍾安住,20180101.0,20231231.0,20211230 14:59:22
臺北市政府社會局委託社團法人中華民國士林靈糧堂社會福利協會經營管理臺北市士林社區式服務類長期照顧服務機構,2S0100007,2,臺北市,士林區,臺北市士林區三玉里忠誠路二段53巷7號6樓,121.5322875977,25.1114368439,B,小規模多機能服務,臺北市,松山區;信義區;大安區;中山區;中正區;大同區;萬華區;文山區;南港區;內湖區;士林區;北投區,02-28381571,sldaycare@slsc.org.tw,劉群茂,20250101.0,20261231.0,20241231 11:21:33
臺北市政府社會局委託社團法人中華民國士林靈糧堂社會福利協會經營管理臺北市士林社區式服務類長期照顧服務機構,2S0100007,2,臺北市,士林區,臺北市士林區三玉里忠誠路二段53巷7號6樓,121.5322875977,25.1114368439,B,喘息服務,臺北市,松山區;信義區;大安區;中山區;中正區;大同區;萬華區;文山區;南港區;內湖區;士林區;北投區,02-28381571,sldaycare@slsc.org.tw,劉群茂,20250101.0,20261231.0,20241231 12:32:05
中華民國紅心字會附設臺北市私立興隆社區長照機構,2N0100001,2,臺北市,文山區,臺北市文山區明義里興隆路四段105巷47號2樓,121.5631256104,24.98828125,B,日間照顧服務,新北市,新店區;深坑區,02-29367119,ankangtw@gmail.com,劉緒倫,20250101.0,20271231.0,20250113 11:11:54
臺北市私立台大老人長期照顧中心(養護型),A10100009,A1,臺北市,松山區,臺北市松山區敦化里敦化南路一段7號,121.5492858887,25.0469055176,B,喘息服務,臺北市,松山區;信義區;大安區;中山區;中正區;大同區;萬華區;文山區;南港區;內湖區;士林區;北投區,02-25792816,tai_da_168@yahoo.com.tw,鄭淑卿,20250101.0,20261231.0,20250204 14:51:46
中化銀髮事業股份有限公司附設臺北市私立中化銀髮居家式服務類長期照顧服務機構,1V0100002,1,臺北市,士林區,臺北市士林區舊佳里中山北路5段699巷1號1樓,121.5269546509,25.0976734161,B,居家服務,臺北市,松山區;信義區;大安區;中山區;中正區;大同區;萬華區;文山區;南港區;內湖區;士林區;北投區,02-27970880#208,rainbow@ccpc.com.tw,王謝怡貞,20181210.0,20231231.0,20211223 16:14:21
財團法人台北市立心慈善基金會附設臺北市私立立心居家式服務類長期照顧服務機構,1S0100005,1,臺北市,萬華區,臺北市萬華區頂碩里艋舺大道120巷39弄3號2樓,121.5023727417,25.0320262909,B,居家服務,臺北市,中正區;萬華區,02-23361555#21,lishin.home@gmail.com,洪金桐,20180101.0,20241231.0,20230206 08:54:00
財團法人台北市立心慈善基金會附設臺北市私立立心居家式服務類長期照顧服務機構,1S0100005,1,臺北市,萬華區,臺北市萬華區頂碩里艋舺大道120巷39弄3號2樓,121.5023727417,25.0320262909,B,居家服務,臺北市,中正區;大同區;萬華區,02-23361555#21,lishin.home@gmail.com,洪金桐,20220101.0,20231231.0,20211230 15:01:57
臺北市政府社會局委託社團法人中華民國士林靈糧堂社會福利協會經營管理臺北市士林社區式服務類長期照顧服務機構,2S0100007,2,臺北市,士林區,臺北市士林區三玉里忠誠路二段53巷7號6樓,121.5322875977,25.1114368439,B,小規模多機能服務,臺北市,松山區;信義區;大安區;中山區;中正區;大同區;萬華區;文山區;南港區;內湖區;士林區;北投區,02-28381571,sldaycare@slsc.org.tw,劉群茂,20240101.0,20251231.0,20240116 13:20:41
中華民國紅心字會附設臺北市私立興隆社區長照機構,2N0100001,2,臺北市,文山區,臺北市文山區明義里興隆路四段105巷47號2樓,121.5631256104,24.98828125,B,日間照顧服務,臺北市,松山區;信義區;大安區;中山區;中正區;大同區;萬華區;文山區;南港區;內湖區;士林區;北投區,02-29367119,ankangtw@gmail.com,劉緒倫,20250101.0,20261231.0,20250113 13:58:11
中華民國紅心字會附設臺北市私立興隆社區長照機構,2N0100001,2,臺北市,文山區,臺北市文山區明義里興隆路四段105巷47號2樓,121.5631256104,24.98828125,B,營養餐飲服務,臺北市,文山區,02-29367119,ankangtw@gmail.com,劉緒倫,20200101.0,20231231.0,20230222 16:36:03
臺北市私立台大老人長期照顧中心(養護型),A10100009,A1,臺北市,松山區,臺北市松山區敦化里敦化南路一段7號,121.5492858887,25.0469055176,B,喘息服務,臺北市,松山區,02-25792816,tai_da_168@yahoo.com.tw,鄭淑卿,20180101.0,20241231.0,20221229 22:51:42
社團法人中國家庭教育協進會附設臺北市私立敬老居家式服務類長期照顧服務機構,1R0100002,1,臺北市,中山區,臺北市中山區中山里松江路131之12號6樓,121.5332489014,25.0542488098,A,個案管理服務,臺北市,士林區,02-25090266,chinesehomeservice@yahoo.com.tw,吳逸秋,20250101.0,20261231.0,20241231 19:55:49
社團法人中國家庭教育協進會附設臺北市私立敬老居家式服務類長期照顧服務機構,1R0100002,1,臺北市,中山區,臺北市中山區中山里松江路131之12號6樓,121.5332489014,25.0542488098,B,喘息服務,臺北市,松山區;信義區;大安區;中山區;中正區;大同區;萬華區;文山區;南港區;內湖區;士林區;北投區,02-25090266,chinesehomeservice@yahoo.com.tw,吳逸秋,20240424.0,20241231.0,20240425 09:14:36
有限責任臺北市育坊社區照護勞動合作社私立育坊居家長照機構,1T0100001,1,臺北市,北投區,臺北市北投區中庸里大同街299號,121.4992370605,25.1398200989,B,居家服務,臺北市,中山區;大同區;士林區;北投區,02-28957520,yfcare.coop@gmail.com,錢素明,20240101.0,20261231.0,20231229 09:38:35
臺北市私立中山老人長期照顧中心(養護型),A10100011,A1,臺北市,萬華區,臺北市萬華區菜園里峨眉街124號1樓,121.5019760132,25.0446224213,B,喘息服務,臺北市,松山區;信義區;大安區;中山區;中正區;大同區;萬華區;文山區;南港區;內湖區;士林區;北投區,02-23759590,fen.lan8888@gmail.com,趙芬蘭,20250101.0,20261231.0,20250204 14:29:17
臺北市私立康壯老人長期照顧中心(養護型),A10100016,A1,臺北市,松山區,臺北市松山區吉祥里八德路四段203號.205號,121.5638504028,25.0489807129,B,喘息服務,臺北市,松山區;信義區;大安區;中山區;中正區;大同區;萬華區;文山區;南港區;內湖區;士林區;北投區,02-27686697,yao4343@yahoo.com.tw,李碧欗,20250101.0,20261231.0,20250204 11:33:48
臺北市私立晨欣老人長期照顧中心(養護型),A10100017,A1,臺北市,中山區,臺北市中山區集英里中山北路2段96巷19號3樓,121.5219192505,25.0598964691,B,喘息服務,臺北市,松山區;信義區;大安區;中山區;中正區;大同區;萬華區;文山區;南港區;內湖區;士林區;北投區,02-25212226,chenxin96193@gmail.com,李政勳,20250101.0,20261231.0,20241202 10:50:26
臺北市私立晨欣老人長期照顧中心(養護型),A10100017,A1,臺北市,中山區,臺北市中山區集英里中山北路2段96巷19號3樓,121.5219192505,25.0598964691,B,喘息服務,臺北市,萬華區,02-25212226,chenxin96193@gmail.com,李政勳,20180927.0,20241231.0,20221229 23:17:29
新北市私立至傑護理之家,A30200007,A3,新北市,板橋區,新北市板橋區和平路14巷9號1-2樓、9之1號1樓,121.461517334,24.9928741455,B,喘息服務,新北市,板橋區;三重區;中和區;永和區;新莊區;新店區;樹林區;鶯歌區;三峽區;淡水區;汐止區;瑞芳區;土城區;蘆洲區;五股區;泰山區;林口區;深坑區;石碇區;坪林區;三芝區;石門區;八里區;平溪區;雙溪區;貢寮區;金山區;萬里區;烏來區,02-89641787,a1952000@yahoo.com.tw,黃惠珍,20250101.0,20271231.0,20250221 09:23:42
振興醫療財團法人附設振興居家護理所,B10100002,B1,臺北市,北投區,臺北市北投區榮華里振興街45號,121.5224685669,25.1175117493,B,專業照護服務,臺北市,士林區;北投區,02-28264400,ch7727@chgh.org.tw,李怡慧,20230428.0,20241231.0,20230501 09:29:05
臺北榮民總醫院,B10100015,B1,臺北市,北投區,臺北市北投區永欣里石牌路二段201號,121.5203857422,25.1192111969,B,專業照護服務,臺北市,士林區;北投區,0228712121,huangms@vghtpe.gov.tw,陳威明,20250101.0,20261231.0,20241205 15:17:04
臺北榮民總醫院,B10100015,B1,臺北市,北投區,臺北市北投區永欣里石牌路二段201號,121.5203857422,25.1192111969,B,專業照護服務,臺北市,北投區,0228712121,huangms@vghtpe.gov.tw,陳威明,20180312.0,20241231.0,20221230 20:45:54
安歆居家護理所,B10100024,B1,臺北市,中山區,臺北市中山區松江路50號3樓,121.532661438,25.0481796265,B,專業照護服務,新北市,板橋區;三重區;中和區;永和區;新莊區;新店區;樹林區;鶯歌區;三峽區;汐止區;土城區;蘆洲區;五股區;林口區;深坑區;石碇區,02-25372586,crcanhsin@gmail.com,余建華,20220101.0,20241231.0,20220210 15:17:48
安歆居家護理所,B10100024,B1,臺北市,中山區,臺北市中山區松江路50號3樓,121.532661438,25.0481796265,B,專業照護服務,新北市,板橋區;三重區;中和區;永和區;新莊區;新店區;樹林區;鶯歌區;三峽區;汐止區;土城區;蘆洲區;五股區;林口區;深坑區;石碇區,02-25372586,crcanhsin@gmail.com,余建華,20250101.0,20271231.0,20250109 16:03:08
跑居家物理治療所,B40100003,B4,臺北市,士林區,臺北市士林區葫東里重慶北路四段248號,121.5113983154,25.0866203308,B,專業照護服務,臺北市,松山區;信義區;大安區;中山區;中正區;大同區;萬華區;文山區;南港區;內湖區;士林區;北投區,0907-091302,a770222boy@gmail.com,張沅輔,20180101.0,20241231.0,20221230 20:19:49
跑居家物理治療所,B40100003,B4,臺北市,士林區,臺北市士林區葫東里重慶北路四段248號,121.5113983154,25.0866203308,B,專業照護服務(CC01),新北市,板橋區;三重區;中和區;永和區;新莊區;新店區;樹林區;鶯歌區;三峽區;淡水區;汐止區;瑞芳區;土城區;蘆洲區;五股區;泰山區;林口區;深坑區;石碇區;坪林區;三芝區;石門區;八里區;平溪區;雙溪區;貢寮區;金山區;萬里區;烏來區,0907-091302,a770222boy@gmail.com,張沅輔,20220101.0,20241231.0,20230802 17:19:14
跑居家物理治療所,B40100003,B4,臺北市,士林區,臺北市士林區葫東里重慶北路四段248號,121.5113983154,25.0866203308,B,專業照護服務,臺北市,松山區;信義區;大安區;中山區;中正區;大同區;萬華區;文山區;南港區;內湖區;士林區;北投區,0907-091302,a770222boy@gmail.com,張沅輔,20250101.0,20261231.0,20241018 16:19:47
臺北市私立中山老人長期照顧中心(養護型),A10100011,A1,臺北市,萬華區,臺北市萬華區菜園里峨眉街124號1樓,121.5019760132,25.0446224213,B,喘息服務,新北市,板橋區;三重區;中和區;淡水區,02-23759590,fen.lan8888@gmail.com,趙芬蘭,20250101.0,20271231.0,20250110 15:38:33
新北市私立慈美護理之家,A30200001,A3,新北市,中和區,新北市中和區中山路2段315巷2號4樓、317號6樓,121.4940261841,25.0017356873,B,喘息服務,新北市,板橋區;三重區;中和區;永和區;新莊區;新店區;樹林區;鶯歌區;三峽區;淡水區;汐止區;瑞芳區;土城區;蘆洲區;五股區;泰山區;林口區;深坑區;石碇區;坪林區;三芝區;石門區;八里區;平溪區;雙溪區;貢寮區;金山區;萬里區;烏來區,02-22467727,juliaguo2670@yahoo.com.tw,張美素,20250101.0,20271231.0,20241205 15:53:49
振興醫療財團法人附設振興居家護理所,B10100002,B1,臺北市,北投區,臺北市北投區榮華里振興街45號,121.5224685669,25.1175117493,B,專業照護服務,臺北市,士林區;北投區,02-28264400,ch7727@chgh.org.tw,李怡慧,20250101.0,20261231.0,20241101 18:07:34
社團法人臺北市物理治療師公會,B40100001,B4,臺北市,松山區,臺北市松山區新益里八德路二段374號,121.546081543,25.0478782654,B,專業照護服務,臺北市,松山區;信義區;大安區;中山區;中正區;大同區;萬華區;文山區;南港區;內湖區;士林區;北投區,02-87732464,taipeipt0305@gmail.com,林素雲,20180101.0,20201231.0,20210113 00:28:36
跑居家物理治療所,B40100003,B4,臺北市,士林區,臺北市士林區葫東里重慶北路四段248號,121.5113983154,25.0866203308,B,專業照護服務,新北市,板橋區;三重區;中和區;永和區;新莊區;新店區;樹林區;淡水區;汐止區;蘆洲區;五股區;泰山區;深坑區;石碇區;三芝區;石門區;八里區;金山區,0907-091302,a770222boy@gmail.com,張沅輔,20220101.0,20241231.0,20220126 15:30:50
跑居家物理治療所,B40100003,B4,臺北市,士林區,臺北市士林區葫東里重慶北路四段248號,121.5113983154,25.0866203308,B,專業照護服務,新北市,板橋區;三重區;中和區;永和區;新莊區;新店區;樹林區;淡水區;汐止區;蘆洲區;五股區;泰山區;深坑區;石碇區;三芝區;石門區;八里區;金山區,0907-091302,a770222boy@gmail.com,張沅輔,20250101.0,20271231.0,20241204 13:41:02
哈佛物理治療所,B40100005,B4,臺北市,萬華區,臺北市萬華區西圓路二段362號7樓,121.4916000366,25.0254077911,B,專業照護服務,臺北市,松山區;信義區;大安區;中山區;中正區;大同區;萬華區;文山區;士林區;北投區,02-82588536,jeffreytseng91@yahoo.com,曾致傑,20250101.0,20261231.0,20241028 15:54:42
壽合居家職能治療所,B50100003,B5,臺北市,文山區,臺北市文山區興家里興隆路三段221巷4弄14號,121.5601119995,24.9936923981,B,專業照護服務,臺北市,松山區;信義區;大安區;中山區;中正區;大同區;萬華區;文山區;南港區;內湖區;士林區;北投區,0933-004397,ensonwhj@yahoo.com.tw,吳鴻章,20250101.0,20261231.0,20241025 10:39:51
C+-財團法人台北市中華基督教浸信會慈光堂,BD0100003,BD,臺北市,士林區,臺北市士林區翠山里中社路一段43巷3號,121.5602035522,25.1087741852,C,巷弄長照站,臺北市,士林區,02-28412290,shoujen2318@gmail.com,柴漢熙,20190101.0,20241231.0,20221230 20:25:18
社團法人愛福家協會附設新北市私立新莊愛活樂園社區長照機構,2G0200001,2,新北市,新莊區,新北市新莊區四維里四維路21號,121.4240112305,25.0239372253,B,日間照顧服務,新北市,新莊區,02-22030616,rd01@ilive.org.tw,涂林德媛,20250101.0,20271231.0,20250113 13:34:36
財團法人伊甸社會福利基金會附設新北市私立居家式服務類長期照顧服務機構,1S0200004,1,新北市,三峽區,新北市三峽區介壽里大同路64號2樓,121.3748245239,24.9374752045,B,居家服務,新北市,樹林區;鶯歌區;三峽區;坪林區,02-26741778,eden2624q@eden.org.tw,陳宇昭,20250101.0,20271231.0,20241216 09:20:49
新康居家職能治療所,B50100005,B5,臺北市,士林區,臺北市士林區葫東里重慶北路四段248號,121.5113983154,25.0866203308,B,專業照護服務(CC01),新北市,板橋區;三重區;中和區;永和區;新莊區;新店區;樹林區;三峽區;淡水區;汐止區;瑞芳區;土城區;蘆洲區;五股區;泰山區;深坑區;石碇區;平溪區;雙溪區;貢寮區;金山區;萬里區;烏來區,02-28164533#312,newhealthot@gmail.com,洪于婷,20250101.0,20271231.0,20241225 10:49:01
財團法人台北市立心慈善基金會,BD0100007,BD,臺北市,萬華區,臺北市萬華區桂林路242巷4號4樓之2?,121.4952468872,25.0378856659,A,個案管理服務,臺北市,萬華區,02-23361500#14,lishinc42@gmail.com,洪金桐,20250101.0,20261231.0,20241231 18:20:56
中華民國紅心字會(信義區),BF0100002,BF,臺北市,信義區,臺北市信義區四維里虎林街74巷2號1樓,121.5133514404,25.0449581146,C,巷弄長照站,臺北市,信義區,02-27660227,xinyitw@yahoo.com.tw,劉緒倫,20210101.0,20211231.0,20210412 17:34:13
新北市私立萬眾居家長照機構,1X0200008,1,新北市,三重區,新北市三重區福德南路41號7樓,121.5029067993,25.0620708466,B,居家服務,新北市,三重區;蘆洲區,02-28576792,wzhomecare99@gmail.com,黃姿穎,20250101.0,20271231.0,20241224 14:09:46
社團法人中華民國紅心字會附設新北市私立存德居家式服務類長期照顧服務機構,1R0200004,1,新北市,板橋區,新北市板橋區崑崙里存德街29號,121.4306335449,24.9917297363,A,個案管理服務,新北市,板橋區;新店區,02-26815518,redheart.ntpc@gmail.com,劉緒倫,20250101.0,20250630.0,20241231 16:00:34
牧羊人居家服務整合有限公司附設新北市私立牧羊人居家長照機構,1V0200001,1,新北市,新莊區,新北市新莊區昌平里中央路287號3樓,121.4524765015,25.0586795807,B,喘息服務,新北市,板橋區;三重區;新莊區;樹林區;蘆洲區;泰山區,02-85213385,wgshomecare@gmail.com,趙崇義,20250101.0,20271231.0,20241226 16:53:03
牧羊人居家服務整合有限公司附設新北市私立牧羊人居家長照機構,1V0200001,1,新北市,新莊區,新北市新莊區昌平里中央路287號3樓,121.4524765015,25.0586795807,B,專業照護服務,新北市,板橋區;三重區;新莊區;樹林區;淡水區;土城區;蘆洲區;泰山區;三芝區,02-85213385,wgshomecare@gmail.com,趙崇義,20220101.0,20241231.0,20220315 09:43:51
台灣基督長老教會馬偕醫療財團法人附設新北市私立淡水北海岸社區長照機構,2S0200010,2,新北市,淡水區,新北市淡水區沙崙里沙崙路300號,121.4275588989,25.1871395111,B,日間照顧服務,新北市,板橋區;三重區;中和區;永和區;新莊區;新店區;樹林區;鶯歌區;三峽區;淡水區;汐止區;瑞芳區;土城區;蘆洲區;五股區;泰山區;林口區;深坑區;石碇區;坪林區;三芝區;石門區;八里區;平溪區;雙溪區;貢寮區;金山區;萬里區;烏來區,02-28053392,ting.a966@mmh.org.tw,蕭聰穎,20250101.0,20271231.0,20241220 10:00:53
社團法人中華民國士林靈糧堂社會福利協會附設臺北市私立西湖社區長照機構,2S0100010,2,臺北市,內湖區,臺北市內湖區西湖里內湖路一段285號6樓,121.5664978027,25.0824165344,B,營養餐飲服務,臺北市,松山區;信義區;大安區;中山區;中正區;大同區;萬華區;文山區;南港區;士林區;北投區,02-26561700,xihudaycare@slsc.org.tw,劉群茂,20200101.0,20211231.0,20201230 19:26:38
臺北市政府社會局委託財團法人台灣省私立健順養護中心經營管理臺北市中山社區式長期照顧服務機構,2S0100011,2,臺北市,中山區,臺北市中山區新生北路二段101巷2號,121.528427124,25.0573177338,B,營養餐飲服務,臺北市,中山區,02-25420006,elder0006@gmail.com,黃禎祥,20190101.0,20211231.0,20210202 17:00:54
新北市私立皇冠老人養護中心,A10200001,A1,新北市,新店區,新北市新店區明德里民權路60號4樓,121.5385818481,24.9830913544,B,喘息服務,臺北市,新店區,02-291571112,minilo1688@yahoo.com.tw,黃伯超,20180101.0,20241231.0,20221229 23:17:45
臺北市私立倚青園老人長期照顧中心(養護型),A10100013,A1,臺北市,北投區,臺北市北投區永明里義理街63巷4弄7、11之1~3號1樓,121.5152893066,25.117603302,B,喘息服務,臺北市,松山區;信義區;大安區;中山區;中正區;大同區;萬華區;文山區;南港區;內湖區;士林區;北投區,02-28283533,yiqingyuan112@gmail.com,劉昱森,20250101.0,20261231.0,20250204 12:00:42
財團法人天主教失智老人社會福利基金會附設臺北市私立聖若瑟失智老人養護中心,A10100031,A1,臺北市,萬華區,臺北市萬華區保德里德昌街125巷11號,121.4969329834,25.023639679,B,日間照顧服務,新北市,板橋區;三重區;中和區,02-23046716#108,s8910009@ms61.hinet.net,鍾安住,20250101.0,20271231.0,20241226 15:16:00
遠東護理之家,A30200002,A3,新北市,新店區,新北市新店區民權路129號2樓、131號2樓、133號2樓及129號4床,121.5352325439,24.9826316833,B,喘息服務,臺北市,松山區;信義區;大安區;中山區;中正區;大同區;萬華區;文山區;南港區;內湖區;士林區;北投區,02-22186820,nurse1292@gmail.com,羅德蘭,20180101.0,20241231.0,20221229 22:32:22
新光醫療財團法人附設新光居家護理所,B10100003,B1,臺北市,士林區,臺北市士林區福佳里文昌路95號,121.520980835,25.0962810516,B,專業照護服務,臺北市,中山區;大同區;內湖區;士林區;北投區,02-28332211#2600,R000264@ms.skh.org.tw,張芬娥,20180101.0,20241231.0,20241028 16:07:40
新光醫療財團法人附設新光居家護理所,B10100003,B1,臺北市,士林區,臺北市士林區福佳里文昌路95號,121.520980835,25.0962810516,B,專業照護服務,臺北市,中山區;大同區;內湖區;士林區;北投區,02-28332211#2600,R000264@ms.skh.org.tw,張芬娥,20250101.0,20261231.0,20241028 16:04:39
臺北市立聯合醫院(忠孝院區),B20100006,B2,臺北市,南港區,臺北市南港區中南里同德路87號,121.5861587524,25.0466041565,B,專業照護服務,臺北市,大安區;中山區;中正區;大同區;萬華區;南港區;士林區,02-27861288#8281,B3429@tpech.gov.tw,王智弘,20250101.0,20261231.0,20241025 10:35:15
臺北市立聯合醫院(忠孝院區),B20100006,B2,臺北市,南港區,臺北市南港區中南里同德路87號,121.5861587524,25.0466041565,B,專業照護服務,臺北市,南港區,02-27861288#8281,B3429@tpech.gov.tw,王智弘,20180101.0,20241231.0,20221230 12:15:32
柏愛藥局-永和復興據點(醫事C),B30200001,B3,新北市,永和區,新北市永和區復興里博愛街26號,121.518447876,25.0157623291,B,喘息服務,新北市,永和區,02-89285609,boaifustation.201907@gmail.com,鄭文柏,20250101.0,20271231.0,20250120 14:02:38
勁緻物理治療所,B40100010,B4,臺北市,中山區,臺北市中山區安民樂群三路71號,121.5535583496,25.0828037262,B,專業照護服務,臺北市,中山區;大同區;內湖區;士林區,02-85025822,zenithptc@gmail.com,邱炫偉,20250101.0,20261231.0,20241105 18:40:44
壽合居家職能治療所,B50100003,B5,臺北市,文山區,臺北市文山區興家里興隆路三段221巷4弄14號,121.5601119995,24.9936923981,B,專業照護服務(CC01),新北市,板橋區;三重區;中和區;永和區;新莊區;新店區;樹林區;鶯歌區;三峽區;淡水區;汐止區;瑞芳區;土城區;蘆洲區;五股區;泰山區;林口區;深坑區;石碇區;坪林區;三芝區;石門區;八里區;平溪區;雙溪區;貢寮區;金山區;萬里區;烏來區,0933-004397,ensonwhj@yahoo.com.tw,吳鴻章,20220101.0,20241231.0,20230802 17:19:14
壽合居家職能治療所,B50100003,B5,臺北市,文山區,臺北市文山區興家里興隆路三段221巷4弄14號,121.5601119995,24.9936923981,B,專業照護服務,新北市,板橋區;中和區;永和區;新店區;淡水區;汐止區;瑞芳區;蘆洲區;深坑區;八里區;雙溪區,0933-004397,ensonwhj@yahoo.com.tw,吳鴻章,20250101.0,20271231.0,20241225 11:24:24
C+-財團法人台北市中華基督教浸信會慈光堂,BD0100003,BD,臺北市,士林區,臺北市士林區翠山里中社路一段43巷3號,121.5602035522,25.1087741852,B,喘息服務,臺北市,士林區,02-28412290,shoujen2318@gmail.com,柴漢熙,20180101.0,20241231.0,20230202 17:05:22
佳醫護理之家,A30200008,A3,新北市,汐止區,新北市汐止區茄苳路296號1-6樓,121.6730270386,25.0670490265,B,喘息服務,臺北市,南港區,02-86486672,ying.jinn@gmail.com,謝政賢,20180601.0,20241231.0,20221229 22:17:06
佳醫護理之家,A30200008,A3,新北市,汐止區,新北市汐止區茄苳路296號1-6樓,121.6730270386,25.0670490265,B,喘息服務,臺北市,松山區;信義區;大安區;中山區;中正區;大同區;萬華區;文山區;南港區;內湖區;士林區;北投區,02-86486672,ying.jinn@gmail.com,謝政賢,20250101.0,20261231.0,20241231 11:37:11
佳醫護理之家,A30200008,A3,新北市,汐止區,新北市汐止區茄苳路296號1-6樓,121.6730270386,25.0670490265,B,日間照顧服務,新北市,汐止區,02-86486672,ying.jinn@gmail.com,謝政賢,20250101.0,20271231.0,20250113 14:40:03
佳醫護理之家,A30200008,A3,新北市,汐止區,新北市汐止區茄苳路296號1-6樓,121.6730270386,25.0670490265,B,喘息服務,新北市,板橋區;三重區;中和區;永和區;新莊區;新店區;樹林區;鶯歌區;三峽區;淡水區;汐止區;瑞芳區;土城區;蘆洲區;五股區;泰山區;林口區;深坑區;石碇區;坪林區;三芝區;石門區;八里區;平溪區;雙溪區;貢寮區;金山區;萬里區;烏來區,02-86486672,ying.jinn@gmail.com,謝政賢,20250101.0,20271231.0,20250113 14:40:25
社團法人愛福家協會附設新北市私立新莊愛活樂園社區長照機構,2G0200001,2,新北市,新莊區,新北市新莊區四維里四維路21號,121.4240112305,25.0239372253,B,喘息服務,新北市,新莊區,02-22030616,rd01@ilive.org.tw,涂林德媛,20250101.0,20271231.0,20250113 13:35:03
社團法人中華民國士林靈糧堂社會福利協會附設臺北市私立新生社區長照機構老人日間照顧中心,2R0100002,2,臺北市,大安區,臺北市大安區新龍里新生南路三段52之5號,121.5339279175,25.0212039948,B,日間照顧服務,臺北市,松山區;信義區;大安區;中山區;中正區;大同區;萬華區;文山區;南港區;內湖區;士林區;北投區,02-23661321,xinshengdaycare@slsc.org.tw,劉群茂,20220101.0,20231231.0,20220208 16:12:39
臺北市私立平安喜樂社區長照機構,2X0100007,2,臺北市,北投區,臺北市北投區溫泉里公?路63巷9弄7號,121.5046157837,25.1331214905,B,家庭托顧服務,臺北市,北投區,0909535286,ff0915388526@gmail.com,饒昱晴,20240101.0,20261231.0,20240206 11:01:58
臺北市政府社會局委託財團法人台灣省私立健順養護中心經營管理臺北市中山社區式長期照顧服務機構,2S0100011,2,臺北市,中山區,臺北市中山區新生北路二段101巷2號,121.528427124,25.0573177338,B,日間照顧服務,臺北市,松山區;信義區;大安區;中山區;中正區;大同區;萬華區;文山區;南港區;內湖區;士林區;北投區,02-25420006,elder0006@gmail.com,黃禎祥,20240101.0,20261231.0,20240104 15:56:17
新北市私立皇冠老人養護中心,A10200001,A1,新北市,新店區,新北市新店區明德里民權路60號4樓,121.5385818481,24.9830913544,B,喘息服務,新北市,板橋區;三重區;中和區;永和區;新莊區;新店區;樹林區;鶯歌區;三峽區;淡水區;汐止區;瑞芳區;土城區;蘆洲區;五股區;泰山區;林口區;深坑區;石碇區;坪林區;三芝區;石門區;八里區;平溪區;雙溪區;貢寮區;金山區;萬里區;烏來區,02-291571112,minilo1688@yahoo.com.tw,黃伯超,20250101.0,20271231.0,20250110 14:28:07
臺北市私立倚青園老人長期照顧中心(養護型),A10100013,A1,臺北市,北投區,臺北市北投區永明里義理街63巷4弄7、11之1~3號1樓,121.5152893066,25.117603302,B,喘息服務,臺北市,北投區,02-28283533,yiqingyuan112@gmail.com,劉昱森,20180101.0,20241231.0,20221230 20:33:08
遠東護理之家,A30200002,A3,新北市,新店區,新北市新店區民權路129號2樓、131號2樓、133號2樓及129號4床,121.5352325439,24.9826316833,B,喘息服務,臺北市,松山區;信義區;大安區;中山區;中正區;大同區;萬華區;文山區;南港區;內湖區;士林區;北投區,02-22186820,nurse1292@gmail.com,羅德蘭,20250101.0,20261231.0,20250204 14:53:54
寶興護理之家,A30200006,A3,新北市,新店區,新北市新店區寶興路39號2樓至4樓、41號2樓至5樓,121.5491333008,24.9742088318,B,喘息服務,臺北市,松山區;信義區;大安區;中山區;中正區;大同區;萬華區;文山區;南港區;內湖區;士林區;北投區,02-29109980,bcnh2015@gmail.com,廖麗如,20250101.0,20261231.0,20241231 11:30:24
國泰醫療財團法人附設居家護理所,B10100011,B1,臺北市,大安區,臺北市大安區敦煌里仁愛路四段280號,121.5535812378,25.0368881226,B,專業照護服務,臺北市,松山區;信義區;大安區;中正區,02-27082121#3956,273118@cgh.org.tw,洪怡蘋,20180101.0,20241231.0,20241018 16:36:20
合康居家護理所,B10100023,B1,臺北市,萬華區,臺北市萬華區富福里和平西路三段396號1樓,121.503364563,25.0300426483,B,居家失能個案家庭醫師照護服務,臺北市,松山區;信義區;大安區;中山區;中正區;大同區;萬華區;文山區;南港區;內湖區;士林區;北投區,0913560958,biglongtoday0706@gmail.com,鄭歆悅,20241108.0,20261231.0,20241108 18:34:57
大心居家職能治療所,B50100002,B5,臺北市,士林區,臺北市士林區天祿里中山北路六段754巷22之1號,121.5290527344,25.1145648956,B,專業照護服務(CC01),新北市,板橋區;三重區;中和區;永和區;新莊區;新店區;樹林區;三峽區;汐止區;土城區;蘆洲區;泰山區;林口區,02-77518057,bigheartot@gmail.com,彭紹宇,20250101.0,20271231.0,20241226 16:56:30
新康居家職能治療所,B50100005,B5,臺北市,士林區,臺北市士林區葫東里重慶北路四段248號,121.5113983154,25.0866203308,B,專業照護服務,連江縣,09007006;09007010;09007020;09007030;09007040,02-28164533#312,newhealthot@gmail.com,洪于婷,20240718.0,20261231.0,20240723 15:06:11
孝恩居家職能治療所,B50100007,B5,臺北市,萬華區,臺北市萬華區興德里富民路145巷15弄11號,121.4998245239,25.018535614,B,專業照護服務,臺北市,松山區;信義區;大安區;中山區;中正區;大同區;萬華區;文山區;南港區;內湖區;士林區;北投區,0968-999365,mengjen88@gmail.com,魏孟振,20180101.0,20180101.0,20190417 00:00:00
財團法人台北市立心慈善基金會,BD0100007,BD,臺北市,萬華區,臺北市萬華區桂林路242巷4號4樓之2?,121.4952468872,25.0378856659,A,個案管理服務,臺北市,萬華區,02-23361500#14,lishinc42@gmail.com,洪金桐,20230101.0,20241231.0,20230208 09:04:11
中華民國紅心字會(信義區),BF0100002,BF,臺北市,信義區,臺北市信義區四維里虎林街74巷2號1樓,121.5133514404,25.0449581146,A,個案管理服務,臺北市,文山區,02-27660227,xinyitw@yahoo.com.tw,劉緒倫,20250101.0,20261231.0,20241231 18:09:23
新北市深坑區衛生所,B20200005,B2,新北市,深坑區,新北市深坑區深坑里深坑街165號,121.6125717163,25.00091362,B,居家失能個案家庭醫師照護服務,新北市,深坑區,02-26621567,ntpc267@ntpc.gov.tw,李欣融,20250101.0,20271231.0,20241227 14:36:42
臺北市私立安歆居家式服務類長期照顧服務機構,1X0100003,1,臺北市,中山區,臺北市中山區興亞里松江路50號3樓,121.532661438,25.0481796265,B,居家服務,臺北市,松山區;信義區;大安區;中山區;中正區;大同區;萬華區;文山區;南港區;內湖區;士林區;北投區,02-25372586,crcanhsin@gmail.com,余建華,20190121.0,20241231.0,20231121 09:46:54
私立愛吾愛居家長照機構,1X0100005,1,臺北市,萬華區,臺北市萬華區大理街171之1號2樓207室,121.4963226318,25.0341567993,B,居家服務,臺北市,松山區;信義區;大安區;中山區;中正區;大同區;萬華區;文山區;南港區;內湖區;士林區;北投區,02-23087286,n01d.iwoi@gmail.com,許惠容,20190307.0,20201231.0,20190729 14:19:41
新北市私立全曜居家式服務類長期照顧服務機構,1X0200002,1,新北市,三重區,新北市三重區長江里長元街100之2號1、2樓,121.5028076172,25.0667877197,A,個案管理服務,新北市,板橋區;三重區;新莊區;土城區,02-29722060,chuanyao10704@gmail.com,黃明聖,20250101.0,20271231.0,20241231 14:40:54
新北市私立全曜居家式服務類長期照顧服務機構,1X0200002,1,新北市,三重區,新北市三重區長江里長元街100之2號1、2樓,121.5028076172,25.0667877197,B,喘息服務,臺北市,松山區;信義區;大安區;中山區;中正區;大同區;萬華區;文山區;南港區;內湖區;士林區;北投區,02-29722060,chuanyao10704@gmail.com,黃明聖,20190401.0,20241231.0,20221229 23:06:25
社團法人愛福家協會附設私立愛活樂園社區長照機構,2R0100001,2,臺北市,中正區,臺北市中正區羅斯福路2段5號2樓,121.5210876465,25.0292453766,B,小規模多機能服務,臺北市,松山區;信義區;大安區;中山區;中正區;大同區;萬華區;文山區;南港區;內湖區;士林區;北投區,02-23510005,duck621621@gmail.com,涂福增,20220101.0,20231231.0,20220208 12:40:17
臺北市政府社會局委託財團法人台灣省私立健順養護中心經營管理臺北市松山社區式長期照顧服務機構,2S0100013,2,臺北市,松山區,臺北市松山區鵬程里健康路317號2樓,121.5665130615,25.0544319153,B,日間照顧服務,臺北市,松山區;信義區;大安區;中山區;中正區;大同區;萬華區;文山區;南港區;內湖區;士林區;北投區,02-27685636,sselder105@gmail.com,廖慧媛,20240101.0,20261231.0,20240102 19:22:14
臺北榮民總醫院附設遊詣居社區式長期照顧服務機構,2U0100001,2,臺北市,北投區,臺北市北投區永欣里石牌路二段322號1樓,121.5203857422,25.1192111969,B,日間照顧服務,臺北市,松山區;信義區;大安區;中山區;中正區;大同區;萬華區;文山區;南港區;內湖區;士林區;北投區,02-28712121,d2_uage@vghtpe.gov.tw,陳威明,20190523.0,20201231.0,20190729 11:00:13
臺北榮民總醫院附設遊詣居社區式長期照顧服務機構,2U0100001,2,臺北市,北投區,臺北市北投區永欣里石牌路二段322號1樓,121.5203857422,25.1192111969,B,日間照顧服務,臺北市,松山區;信義區;大安區;中山區;中正區;大同區;萬華區;文山區;南港區;內湖區;士林區;北投區,02-28712121,d2_uage@vghtpe.gov.tw,陳威明,20220101.0,20231231.0,20240102 10:55:52
臺北榮民總醫院附設遊詣居社區式長期照顧服務機構,2U0100001,2,臺北市,北投區,臺北市北投區永欣里石牌路二段322號1樓,121.5203857422,25.1192111969,B,日間照顧服務,臺北市,松山區;信義區;大安區;中山區;中正區;大同區;萬華區;文山區;南港區;內湖區;士林區;北投區,02-28712121,d2_uage@vghtpe.gov.tw,陳威明,20240101.0,20261231.0,20240418 14:20:02
臺北榮民總醫院附設遊詣居社區式長期照顧服務機構,2U0100001,2,臺北市,北投區,臺北市北投區永欣里石牌路二段322號1樓,121.5203857422,25.1192111969,B,日間照顧服務,臺北市,松山區;信義區;大安區;中山區;中正區;大同區;萬華區;文山區;南港區;內湖區;士林區;北投區,02-28712121,d2_uage@vghtpe.gov.tw,陳威明,20220101.0,20231231.0,20220209 10:05:48
臺北市私立安歆松江社區長照機構,2X0100001,2,臺北市,中山區,臺北市中山區中央里松江路50號3樓,121.532661438,25.0481796265,B,喘息服務,臺北市,松山區;信義區;大安區;中山區;中正區;大同區;萬華區;文山區;南港區;內湖區;士林區;北投區,02-25371116,yaru42@gmail.com,張維庭,20250101.0,20261231.0,20250204 15:20:07
臺北市私立豪門老人長期照顧中心(養護型),A10100014,A1,臺北市,北投區,臺北市北投區大同里北投大業路452巷2號6-9F,121.4972915649,25.1317195892,B,喘息服務,臺北市,北投區,0228954492,noahsang@gmail.com,張妤安,20181220.0,20241231.0,20221230 20:18:13
財團法人天主教失智老人社會福利基金會附設臺北市私立聖若瑟失智老人養護中心,A10100031,A1,臺北市,萬華區,臺北市萬華區保德里德昌街125巷11號,121.4969329834,25.023639679,B,喘息服務,臺北市,松山區;信義區;大安區;中山區;中正區;大同區;萬華區;文山區;南港區;內湖區;士林區;北投區,02-23046716#108,s8910009@ms61.hinet.net,鍾安住,20200101.0,20241231.0,20240102 10:56:52
財團法人天主教失智老人社會福利基金會附設臺北市私立聖若瑟失智老人養護中心,A10100031,A1,臺北市,萬華區,臺北市萬華區保德里德昌街125巷11號,121.4969329834,25.023639679,B,小規模多機能服務,臺北市,松山區;信義區;大安區;中山區;中正區;大同區;萬華區;文山區;南港區;內湖區;士林區;北投區,02-23046716#108,s8910009@ms61.hinet.net,鍾安住,20220101.0,20231231.0,20240102 10:56:28
財團法人天主教失智老人社會福利基金會附設臺北市私立聖若瑟失智老人養護中心,A10100031,A1,臺北市,萬華區,臺北市萬華區保德里德昌街125巷11號,121.4969329834,25.023639679,B,日間照顧服務,臺北市,松山區;信義區;大安區;中山區;中正區;大同區;萬華區;文山區;南港區;內湖區;士林區;北投區,02-23046716#108,s8910009@ms61.hinet.net,鍾安住,20220101.0,20231231.0,20240102 10:56:28
遠東護理之家,A30200002,A3,新北市,新店區,新北市新店區民權路129號2樓、131號2樓、133號2樓及129號4床,121.5352325439,24.9826316833,B,喘息服務,新北市,板橋區;三重區;中和區;永和區;新莊區;新店區;樹林區;鶯歌區;三峽區;淡水區;汐止區;瑞芳區;土城區;蘆洲區;五股區;泰山區;林口區;深坑區;石碇區;坪林區;三芝區;石門區;八里區;平溪區;雙溪區;貢寮區;金山區;萬里區;烏來區,02-22186820,nurse1292@gmail.com,羅德蘭,20250101.0,20271231.0,20250110 15:14:59
寶興護理之家,A30200006,A3,新北市,新店區,新北市新店區寶興路39號2樓至4樓、41號2樓至5樓,121.5491333008,24.9742088318,B,喘息服務,臺北市,松山區;信義區;大安區;中山區;中正區;大同區;萬華區;文山區;南港區;內湖區;士林區;北投區,02-29109980,bcnh2015@gmail.com,廖麗如,20180523.0,20241231.0,20221229 22:16:22
新光醫療財團法人附設新光居家護理所,B10100003,B1,臺北市,士林區,臺北市士林區福佳里文昌路95號,121.520980835,25.0962810516,B,專業照護服務,新北市,三重區;蘆洲區,02-28332211#2600,R000264@ms.skh.org.tw,張芬娥,20220101.0,20241231.0,20220210 15:28:26
新光醫療財團法人附設新光居家護理所,B10100003,B1,臺北市,士林區,臺北市士林區福佳里文昌路95號,121.520980835,25.0962810516,B,專業照護服務,新北市,三重區;蘆洲區,02-28332211#2600,R000264@ms.skh.org.tw,張芬娥,20250101.0,20271231.0,20241223 14:36:46
國泰醫療財團法人附設居家護理所,B10100011,B1,臺北市,大安區,臺北市大安區敦煌里仁愛路四段280號,121.5535812378,25.0368881226,B,專業照護服務,臺北市,松山區;信義區;大安區;中正區,02-27082121#3956,273118@cgh.org.tw,洪怡蘋,20250101.0,20261231.0,20241018 16:35:51
合康居家護理所,B10100023,B1,臺北市,萬華區,臺北市萬華區富福里和平西路三段396號1樓,121.503364563,25.0300426483,B,專業照護服務,臺北市,松山區;信義區;大安區;中山區;中正區;大同區;萬華區;文山區;南港區;內湖區;士林區;北投區,0913560958,biglongtoday0706@gmail.com,鄭歆悅,20180316.0,20241231.0,20221229 22:23:13
台灣基督長老教會馬偕醫療財團法人附設馬偕居家護理所,B10100028,B1,臺北市,中山區,臺北市中山區健民中山北路二段96巷9號,121.5222244263,25.0598907471,B,居家失能個案家庭醫師照護服務,臺北市,中山區;大同區,02-25433535#3450,a3547@mmh.org.tw,吳宜庭,20240325.0,20241231.0,20240326 14:33:25
台灣基督長老教會馬偕醫療財團法人附設馬偕居家護理所,B10100028,B1,臺北市,中山區,臺北市中山區健民中山北路二段96巷9號,121.5222244263,25.0598907471,B,居家失能個案家庭醫師照護服務,新北市,淡水區,02-25433535#3450,a3547@mmh.org.tw,吳宜庭,20250101.0,20271231.0,20250113 16:24:58
中華民國紅心字會(信義區),BF0100002,BF,臺北市,信義區,臺北市信義區四維里虎林街74巷2號1樓,121.5133514404,25.0449581146,A,個案管理服務,臺北市,信義區,02-27660227,xinyitw@yahoo.com.tw,劉緒倫,20230101.0,20241231.0,20230208 09:06:52
大心居家職能治療所,B50100002,B5,臺北市,士林區,臺北市士林區天祿里中山北路六段754巷22之1號,121.5290527344,25.1145648956,B,專業照護服務,新北市,板橋區;三重區;中和區;永和區;新莊區;新店區;樹林區;三峽區;汐止區;土城區;蘆洲區;泰山區;林口區,02-77518057,bigheartot@gmail.com,彭紹宇,20220101.0,20241231.0,20220314 14:47:50
大心居家職能治療所,B50100002,B5,臺北市,士林區,臺北市士林區天祿里中山北路六段754巷22之1號,121.5290527344,25.1145648956,B,專業照護服務(CC01),新北市,板橋區;三重區;中和區;永和區;新莊區;新店區;樹林區;鶯歌區;三峽區;淡水區;汐止區;瑞芳區;土城區;蘆洲區;五股區;泰山區;林口區;深坑區;石碇區;坪林區;三芝區;石門區;八里區;平溪區;雙溪區;貢寮區;金山區;萬里區;烏來區,02-77518057,bigheartot@gmail.com,彭紹宇,20220101.0,20241231.0,20230802 17:19:14
大心居家職能治療所,B50100002,B5,臺北市,士林區,臺北市士林區天祿里中山北路六段754巷22之1號,121.5290527344,25.1145648956,B,專業照護服務,臺北市,松山區;信義區;大安區;中山區;中正區;大同區;萬華區;文山區;南港區;內湖區;士林區;北投區,02-77518057,bigheartot@gmail.com,彭紹宇,20250101.0,20261231.0,20241028 15:14:50
新康居家職能治療所,B50100005,B5,臺北市,士林區,臺北市士林區葫東里重慶北路四段248號,121.5113983154,25.0866203308,B,專業照護服務,臺北市,松山區;信義區;大安區;中山區;中正區;大同區;萬華區;文山區;南港區;內湖區;士林區;北投區,02-28164533#312,newhealthot@gmail.com,洪于婷,20250101.0,20261231.0,20241025 10:43:02
新康居家職能治療所,B50100005,B5,臺北市,士林區,臺北市士林區葫東里重慶北路四段248號,121.5113983154,25.0866203308,B,專業照護服務,新北市,板橋區;三重區;中和區;永和區;新莊區;新店區;樹林區;三峽區;淡水區;汐止區;瑞芳區;土城區;蘆洲區;五股區;泰山區;深坑區;石碇區;平溪區;雙溪區;貢寮區;金山區;萬里區;烏來區,02-28164533#312,newhealthot@gmail.com,洪于婷,20220101.0,20241231.0,20220315 10:04:58
新康居家職能治療所,B50100005,B5,臺北市,士林區,臺北市士林區葫東里重慶北路四段248號,121.5113983154,25.0866203308,B,專業照護服務,臺北市,松山區;信義區;大安區;中山區;中正區;大同區;萬華區;文山區;南港區;內湖區;士林區;北投區,02-28164533#312,newhealthot@gmail.com,洪于婷,20180523.0,20241231.0,20221230 20:27:12
社團法人臺北市向日葵慈善協會,BD0100005,BD,臺北市,松山區,臺北市松山區東勢里南京東路四段133巷7弄7號,121.5554122925,25.0525455475,C,巷弄長照站,臺北市,松山區,02-87700650,bnwdh12a@gmail.com,蔡秀琴,20190101.0,20241231.0,20221229 23:10:13
中華民國紅心字會(信義區),BF0100002,BF,臺北市,信義區,臺北市信義區四維里虎林街74巷2號1樓,121.5133514404,25.0449581146,A,個案管理服務,臺北市,文山區,02-27660227,xinyitw@yahoo.com.tw,劉緒倫,20230731.0,20241231.0,20230801 08:25:44
臺北市私立群英老人長期照顧中心(養護型),A10100010,A1,臺北市,松山區,臺北市松山區敦化里敦化南路一段7號4樓,121.5492858887,25.0469055176,B,喘息服務,臺北市,松山區,02-25791400,tai_da_168@yahoo.com.tw,鄭淑芬,20180101.0,20241231.0,20221229 22:51:23
匯安護理之家,A30200005,A3,新北市,新店區,新北市新店區寶興路37號2樓、3樓、3樓之1,121.5492019653,24.9742774963,B,喘息服務,新北市,板橋區;中和區;永和區;新店區;土城區;深坑區;烏來區,02-29129020,well.love520@gmail.com,邱瑞枝,20250101.0,20271231.0,20250110 15:13:27
宜寧居家護理所,B10100013,B1,臺北市,士林區,臺北市士林區前港里承德路四段235號9樓,121.5223770142,25.0870456696,B,專業照護服務,臺北市,士林區,02-28822382,karenchang0913@gmail.com,張肇仙,20180101.0,20241231.0,20221230 15:20:28
吉馨安居家護理所,B10100021,B1,臺北市,大同區,臺北市大同區甘州路51號4樓,121.512878418,25.0596485138,B,專業照護服務,臺北市,松山區;信義區;大安區;中山區;中正區;大同區;萬華區;文山區;南港區;內湖區;士林區;北投區,0921-066248,sinannurse@gmail.com,黃湘茹,20180101.0,20241231.0,20230106 20:33:25
臺北市立聯合醫院(中興院區),B20100003,B2,臺北市,大同區,臺北市大同區玉泉里鄭州路145號,121.5093231201,25.0509700775,B,專業照護服務,臺北市,大安區;中山區;中正區;大同區;萬華區;南港區;士林區,02-25523234#3253,B2141@tpech.gov.tw,王智弘,20250101.0,20261231.0,20241025 10:18:49
臺北市立聯合醫院(林森中醫院區),B20100010,B2,臺北市,中山區,臺北市中山區健民林森北路530號,121.5254745483,25.0634632111,B,專業照護服務,臺北市,中山區,02-25916681#1320,A4430@tpech.gov.tw,蕭勝煌,20180101.0,20180101.0,20190417 00:00:00
臺北市立關渡醫院-委託臺北榮民總醫院經營,B20100020,B2,臺北市,北投區,臺北市北投區知行路225巷12號,121.4661254883,25.1203136444,A,個案管理服務,臺北市,北投區,02-28587000,niniye@gandau.gov.tw,陳亮恭,20230101.0,20241231.0,20230208 09:03:38
好朋友居家職能治療所,B50100006,B5,臺北市,中山區,臺北市中山區撫順街25號9樓之4,121.5203170776,25.063583374,B,專業照護服務(CC01),新北市,板橋區;三重區;中和區;永和區;新莊區;新店區;樹林區;三峽區;淡水區;汐止區;土城區;蘆洲區;五股區;泰山區;林口區;深坑區;石碇區;三芝區;八里區;烏來區,02-89136000,hami610@gmail.com,陳偉修,20250101.0,20271231.0,20241218 10:28:20
財團法人台北市中國基督教靈糧世界佈道會士林靈糧堂,BD0100006,BD,臺北市,士林區,臺北市士林區忠誠路二段53巷7號5樓,121.5322875977,25.1114368439,A,個案管理服務,臺北市,內湖區,02-26561700#253,a.xihu@slsc.org.tw,許本爵,20230101.0,20241231.0,20230208 09:08:53
臺北市永昌長青會,BF0100003,BF,臺北市,中正區,臺北市中正區永昌里寧波西街181巷24號,121.5100784302,25.0265541077,B,營養餐飲服務,臺北市,中正區,02-23071068,tyc.ch@msa.hinet.net,林萬出,20190101.0,20211231.0,20210129 18:15:49
新北市私立永安居家長照機構,1X0200007,1,新北市,新店區,新北市新店區國豐里中正路399巷13號,121.5341110229,24.9768562317,B,居家服務,臺北市,松山區;信義區;大安區;中山區;中正區;大同區;萬華區;文山區;南港區;內湖區;士林區;北投區,02-86656656,a0936732090@gmail.com,周雅婷,20240101.0,20261231.0,20231229 16:34:05
勁緻物理治療所,B40100010,B4,臺北市,中山區,臺北市中山區安民樂群三路71號,121.5535583496,25.0828037262,B,專業照護服務,臺北市,松山區;信義區;大安區;中山區;中正區;大同區;萬華區;文山區;南港區;內湖區;士林區;北投區,02-85025822,zenithptc@gmail.com,邱炫偉,20181112.0,20241231.0,20221229 22:36:43
新康居家職能治療所,B50100005,B5,臺北市,士林區,臺北市士林區葫東里重慶北路四段248號,121.5113983154,25.0866203308,B,專業照護服務(CC01),新北市,板橋區;三重區;中和區;永和區;新莊區;新店區;樹林區;鶯歌區;三峽區;淡水區;汐止區;瑞芳區;土城區;蘆洲區;五股區;泰山區;林口區;深坑區;石碇區;坪林區;三芝區;石門區;八里區;平溪區;雙溪區;貢寮區;金山區;萬里區;烏來區,02-28164533#312,newhealthot@gmail.com,洪于婷,20220101.0,20241231.0,20230802 17:19:14
社團法人臺北市向日葵慈善協會,BD0100005,BD,臺北市,松山區,臺北市松山區東勢里南京東路四段133巷7弄7號,121.5554122925,25.0525455475,B,喘息服務,臺北市,松山區;信義區;大安區;中山區;中正區;大同區;萬華區;文山區;南港區;內湖區;士林區;北投區,02-87700650,bnwdh12a@gmail.com,蔡秀琴,20181214.0,20241231.0,20221229 23:13:01
財團法人台北市立心慈善基金會,BD0100007,BD,臺北市,萬華區,臺北市萬華區桂林路242巷4號4樓之2?,121.4952468872,25.0378856659,B,喘息服務,臺北市,中山區;中正區;大同區,02-23361500#14,lishinc42@gmail.com,洪金桐,20200312.0,20241231.0,20221229 22:24:31
中華民國紅心字會(信義區),BF0100002,BF,臺北市,信義區,臺北市信義區四維里虎林街74巷2號1樓,121.5133514404,25.0449581146,A,個案管理服務,臺北市,信義區,02-27660227,xinyitw@yahoo.com.tw,劉緒倫,20250101.0,20261231.0,20241231 18:08:12
生通股份有限公司,BA0100001,BA,臺北市,中山區,臺北市中山區民權東路一段55號,121.524887085,25.0629062653,B,社區式交通接送服務(BD03),苗栗縣,苗栗市;苑裡鎮;通霄鎮;竹南鎮;後龍鎮;卓蘭鎮;大湖鄉;公館鄉;南庄鄉;頭屋鄉;三義鄉;西湖鄉;造橋鄉;三灣鄉;獅潭鄉;泰安鄉,02-25997667,doreen@wcarsharing.com,陳金棍,20230101.0,20241231.0,20230202 11:02:49
臺北市政府社會局委託財團法人喜憨兒社會福利基金會經營管理中山身障社區長照機構（日間照顧）,2S0100005,2,臺北市,中山區,臺北市中山區中山里長安西路5巷2號4樓,121.5212478638,25.0498371124,B,日間照顧服務,臺北市,中山區,02-25211032,T01746@careus.org.tw,蕭淑珍,20200101.0,20241231.0,20220210 10:19:25
臺北市政府社會局委託財團法人喜憨兒社會福利基金會經營管理中山身障社區長照機構（日間照顧）,2S0100005,2,臺北市,中山區,臺北市中山區中山里長安西路5巷2號4樓,121.5212478638,25.0498371124,B,日間照顧服務,臺北市,松山區;信義區;大安區;中山區;中正區;大同區;萬華區;文山區;南港區;內湖區;士林區;北投區,02-25211032,T01746@careus.org.tw,蕭淑珍,20250101.0,20271231.0,20250103 11:55:38
財團法人伊甸社會福利基金會附設臺北市私立台北居家式服務類長期照顧服務機構,1S0100001,1,臺北市,北投區,臺北市北投區裕民里裕民六路120號,121.5176467896,25.1145343781,B,到宅沐浴車服務,臺北市,松山區;信義區;大安區;中山區;中正區;大同區;萬華區;文山區;南港區;內湖區;士林區;北投區,02-28210320#103,eden5580@eden.org.tw,陳宇昭,20220101.0,20231231.0,20220207 16:13:43
新北市私立永安居家長照機構,1X0200007,1,新北市,新店區,新北市新店區國豐里中正路399巷13號,121.5341110229,24.9768562317,B,喘息服務,新北市,中和區;永和區;新店區;淡水區,02-86656656,a0936732090@gmail.com,周雅婷,20250101.0,20271231.0,20241203 11:59:47
財團法人弘道老人福利基金會附設新北市私立弘道居家式服務類長期照顧服務機構,1S0200007,1,新北市,新莊區,新北市新莊區思源里思源路38號,121.4602279663,25.0426292419,B,喘息服務,新北市,新莊區;金山區,02-89913925,hondao-tp@hondao.org.tw,王乃弘,20250101.0,20271231.0,20241224 10:08:28
新北市私立蕙心居家式服務類長期照顧服務機構,1X0200012,1,新北市,蘆洲區,新北市蘆洲區民權路174巷14號3樓,121.4724655151,25.0904884338,B,居家服務,新北市,三重區;蘆洲區;五股區;泰山區,02-22885701,chang201141105@yahoo.com.tw,汪洋,20250101.0,20271231.0,20241223 10:06:35
財團法人台北市立心慈善基金會附設臺北市私立立心居家式服務類長期照顧服務機構,1S0100005,1,臺北市,萬華區,臺北市萬華區頂碩里艋舺大道120巷39弄3號2樓,121.5023727417,25.0320262909,B,喘息服務,臺北市,松山區;信義區;大安區;中山區;中正區;大同區;萬華區;文山區;南港區;內湖區;士林區;北投區,02-23361555#21,lishin.home@gmail.com,洪金桐,20180101.0,20241231.0,20230206 08:54:00
財團法人天主教失智老人社會福利基金會附設臺北市私立聖若瑟居家式服務類長期照顧服務機構,1S0100009,1,臺北市,萬華區,臺北市萬華區保德里德昌街119號,121.4968490601,25.0241794586,B,居家服務,臺北市,中山區;中正區;大同區;萬華區,02-23098728,s8910009@gmail.com,鍾安住,20240101.0,20261231.0,20231229 10:26:10
臺北市政府社會局委託社團法人中華民國士林靈糧堂社會福利協會經營管理臺北市士林社區式服務類長期照顧服務機構,2S0100007,2,臺北市,士林區,臺北市士林區三玉里忠誠路二段53巷7號6樓,121.5322875977,25.1114368439,B,營養餐飲服務,臺北市,士林區,02-28381571,sldaycare@slsc.org.tw,劉群茂,20200101.0,20221231.0,20210122 11:06:54
中華民國紅心字會附設臺北市私立興隆社區長照機構,2N0100001,2,臺北市,文山區,臺北市文山區明義里興隆路四段105巷47號2樓,121.5631256104,24.98828125,B,日間照顧服務,臺北市,松山區;信義區;大安區;中山區;中正區;大同區;萬華區;文山區;南港區;內湖區;士林區;北投區,02-29367119,ankangtw@gmail.com,劉緒倫,20240101.0,20241231.0,20240102 19:01:02
臺北市私立高德老人長期照顧中心(養護型),A10100019,A1,臺北市,北投區,臺北市北投區清江里磺港路156號,121.5029678345,25.1287136078,B,喘息服務,臺北市,萬華區,02-28982418,nkd28982418@gmail.com,鄭人豪,20180101.0,20221214.0,20221216 10:07:15
新北市私立至傑護理之家,A30200007,A3,新北市,板橋區,新北市板橋區和平路14巷9號1-2樓、9之1號1樓,121.461517334,24.9928741455,B,喘息服務,臺北市,松山區;信義區;大安區;中山區;中正區;大同區;萬華區;文山區;南港區;內湖區;士林區;北投區,02-89641787,a1952000@yahoo.com.tw,黃惠珍,20250101.0,20261231.0,20241231 11:29:11
安歆居家護理所,B10100024,B1,臺北市,中山區,臺北市中山區松江路50號3樓,121.532661438,25.0481796265,B,專業照護服務,臺北市,松山區;信義區;大安區;中山區;中正區;大同區;萬華區;文山區;南港區;內湖區;士林區;北投區,02-25372586,crcanhsin@gmail.com,余建華,20250101.0,20261231.0,20241018 16:24:08
哈佛物理治療所,B40100005,B4,臺北市,萬華區,臺北市萬華區西圓路二段362號7樓,121.4916000366,25.0254077911,B,專業照護服務,臺北市,松山區;信義區;大安區;中山區;中正區;大同區;萬華區;文山區;士林區;北投區,02-82588536,jeffreytseng91@yahoo.com,曾致傑,20180329.0,20241231.0,20241028 15:55:07
社團法人臺灣職能學會,B50100001,B5,臺北市,中正區,臺北市中正區德義博愛路9號,121.5114440918,25.047416687,B,專業照護服務,臺北市,松山區;信義區;大安區;中山區;中正區;大同區;萬華區;文山區;南港區;內湖區;士林區;北投區,02-23820103,otaroc.taipei@gmail.com,張玲慧,20180101.0,20180101.0,20190417 00:00:00
臺北市政府社會局委託財團法人喜憨兒社會福利基金會經營管理中山身障社區長照機構（日間照顧）,2S0100005,2,臺北市,中山區,臺北市中山區中山里長安西路5巷2號4樓,121.5212478638,25.0498371124,B,喘息服務,臺北市,松山區;信義區;大安區;中山區;中正區;大同區;萬華區;文山區;南港區;內湖區;士林區;北投區,02-25211032,T01746@careus.org.tw,蕭淑珍,20250101.0,20261231.0,20250204 15:10:28
財團法人伊甸社會福利基金會附設臺北市私立台北居家式服務類長期照顧服務機構,1S0100001,1,臺北市,北投區,臺北市北投區裕民里裕民六路120號,121.5176467896,25.1145343781,B,居家服務,臺北市,松山區;文山區;士林區;北投區,02-28210320#103,eden5580@eden.org.tw,陳宇昭,20220101.0,20231231.0,20220207 16:13:43
財團法人伊甸社會福利基金會附設臺北市私立台北居家式服務類長期照顧服務機構,1S0100001,1,臺北市,北投區,臺北市北投區裕民里裕民六路120號,121.5176467896,25.1145343781,B,居家服務,臺北市,松山區;文山區;士林區;北投區,02-28210320#103,eden5580@eden.org.tw,陳宇昭,20240101.0,20261231.0,20231229 09:36:06
社團法人中國家庭教育協進會附設臺北市私立敬老居家式服務類長期照顧服務機構,1R0100002,1,臺北市,中山區,臺北市中山區中山里松江路131之12號6樓,121.5332489014,25.0542488098,B,居家服務,臺北市,松山區;信義區;大安區;中山區;中正區;大同區;萬華區;文山區;南港區;內湖區;士林區;北投區,02-25090266,chinesehomeservice@yahoo.com.tw,吳逸秋,20240101.0,20261231.0,20231229 09:51:04
財團法人獎卿護理展望基金會私立臺北居家長照機構,1S0100006,1,臺北市,大安區,臺北市大安區龍坡里和平東路一段216號,121.5318603516,25.0260295868,B,居家服務,臺北市,信義區;大安區;文山區;南港區;內湖區,02-23646040#24,ccfhcn@yahoo.com.tw,王仁宏,20180622.0,20231231.0,20211230 11:09:29
財團法人獎卿護理展望基金會私立臺北居家長照機構,1S0100006,1,臺北市,大安區,臺北市大安區龍坡里和平東路一段216號,121.5318603516,25.0260295868,B,喘息服務,臺北市,大安區,02-23646040#24,ccfhcn@yahoo.com.tw,王仁宏,20180925.0,20241231.0,20221229 22:59:04
有限責任臺北市育坊社區照護勞動合作社私立育坊居家長照機構,1T0100001,1,臺北市,北投區,臺北市北投區中庸里大同街299號,121.4992370605,25.1398200989,B,居家服務,臺北市,中山區;大同區;士林區;北投區,02-28957520,yfcare.coop@gmail.com,錢素明,20220101.0,20231231.0,20220207 15:39:52
臺北市私立安歆居家式服務類長期照顧服務機構,1X0100003,1,臺北市,中山區,臺北市中山區興亞里松江路50號3樓,121.532661438,25.0481796265,B,居家服務,臺北市,松山區;信義區;大安區;中山區;中正區;大同區;萬華區;文山區;南港區;內湖區;士林區;北投區,02-25372586,crcanhsin@gmail.com,余建華,20240101.0,20261231.0,20231229 10:01:41
私立愛吾愛居家長照機構,1X0100005,1,臺北市,萬華區,臺北市萬華區大理街171之1號2樓207室,121.4963226318,25.0341567993,B,喘息服務,臺北市,松山區;信義區;大安區;中山區;中正區;大同區;萬華區;文山區;南港區;內湖區;士林區;北投區,02-23087286,n01d.iwoi@gmail.com,許惠容,20190401.0,20241231.0,20221229 21:23:07
新北市私立全曜居家式服務類長期照顧服務機構,1X0200002,1,新北市,三重區,新北市三重區長江里長元街100之2號1、2樓,121.5028076172,25.0667877197,B,喘息服務,新北市,板橋區;三重區;中和區;永和區;新莊區;新店區;樹林區;土城區;蘆洲區;五股區;泰山區,02-29722060,chuanyao10704@gmail.com,黃明聖,20250101.0,20271231.0,20241213 16:51:18
新北市私立全曜居家式服務類長期照顧服務機構,1X0200002,1,新北市,三重區,新北市三重區長江里長元街100之2號1、2樓,121.5028076172,25.0667877197,B,喘息服務,臺北市,松山區;信義區;大安區;中山區;中正區;大同區;萬華區;文山區;南港區;內湖區;士林區;北投區,02-29722060,chuanyao10704@gmail.com,黃明聖,20250101.0,20261231.0,20241119 17:22:14
社團法人愛福家協會附設私立愛活樂園社區長照機構,2R0100001,2,臺北市,中正區,臺北市中正區羅斯福路2段5號2樓,121.5210876465,25.0292453766,B,小規模多機能服務,臺北市,松山區;信義區;大安區;中山區;中正區;大同區;萬華區;文山區;南港區;內湖區;士林區;北投區,02-23510005,duck621621@gmail.com,涂福增,20190417.0,20211231.0,20210202 11:46:00
臺北市政府社會局委託財團法人台灣省私立健順養護中心經營管理臺北市松山社區式長期照顧服務機構,2S0100013,2,臺北市,松山區,臺北市松山區鵬程里健康路317號2樓,121.5665130615,25.0544319153,B,喘息服務,臺北市,松山區;信義區;大安區;中山區;中正區;大同區;萬華區;文山區;南港區;內湖區;士林區;北投區,02-27685636,sselder105@gmail.com,廖慧媛,20250311.0,20261231.0,20250311 18:13:39
臺北市私立安歆松江社區長照機構,2X0100001,2,臺北市,中山區,臺北市中山區中央里松江路50號3樓,121.532661438,25.0481796265,B,喘息服務,臺北市,大同區,02-25371116,yaru42@gmail.com,張維庭,20181217.0,20241231.0,20221229 22:37:11
壽合居家職能治療所,B50100003,B5,臺北市,文山區,臺北市文山區興家里興隆路三段221巷4弄14號,121.5601119995,24.9936923981,B,專業照護服務(CC01),新北市,板橋區;中和區;永和區;新店區;淡水區;汐止區;瑞芳區;蘆洲區;深坑區;八里區;雙溪區,0933-004397,ensonwhj@yahoo.com.tw,吳鴻章,20250101.0,20271231.0,20241225 11:25:30
台灣聽力語言學會,B70100001,B7,臺北市,中山區,臺北市中山區健民雙城街4巷2號,121.5241622925,25.0632743835,B,專業照護服務,臺北市,松山區;信義區;大安區;中山區;中正區;大同區;萬華區;文山區;南港區;內湖區;士林區;北投區,02-25996095,slha.meeting@gmail.com,洪菱濃,20180101.0,20201231.0,20210112 11:34:07
佳醫護理之家,A30200008,A3,新北市,汐止區,新北市汐止區茄苳路296號1-6樓,121.6730270386,25.0670490265,A,個案管理服務,新北市,汐止區,02-86486672,ying.jinn@gmail.com,謝政賢,20250101.0,20250630.0,20241231 14:30:52
天主教耕莘醫療財團法人附設新北市私立新店耕莘居家式服務類長期照顧服務機構,1S0200010,1,新北市,新店區,新北市新店區百和里民族路160巷4號,121.5370025635,24.9769706726,B,居家服務,新北市,新店區;烏來區,02-22193391,cthhomecare@gmail.com,鍾安住,20250101.0,20271231.0,20250110 15:30:41
財團法人一粒麥子社會福利慈善事業基金會附設新北市私立有福居家式服務類長期照顧服務機構,1S0200011,1,新北市,新店區,新北市新店區民權路103號3樓,121.7391738892,25.0249118805,A,個案管理服務,新北市,平溪區,02-89117897,sandra@wheat.org.tw,呂信雄,20250101.0,20250630.0,20241231 16:20:33
財團法人天主教主顧修女會附設新北市私立泰山奇蹟之家綜合長照機構,1S0200012,4,新北市,泰山區,新北市泰山區泰友里新生路4號,121.428237915,25.0448722839,A,個案管理服務,新北市,泰山區,02-29062242,miraclesp2000@gmail.com,馬玉潔,20250101.0,20250630.0,20241231 16:22:18
財團法人天主教主顧修女會附設新北市私立泰山奇蹟之家綜合長照機構,1S0200012,4,新北市,泰山區,新北市泰山區泰友里新生路4號,121.428237915,25.0448722839,B,營養餐飲服務,新北市,泰山區,02-29062242,miraclesp2000@gmail.com,馬玉潔,20250101.0,20250131.0,20250122 14:40:30
新北市私立慈美老人養護中心,A10200008,A1,新北市,中和區,新北市中和區連和里中山路二段315巷2號6樓,121.4940261841,25.0017356873,B,喘息服務,新北市,板橋區;三重區;中和區;永和區;新莊區;新店區;樹林區;鶯歌區;三峽區;淡水區;汐止區;瑞芳區;土城區;蘆洲區;五股區;泰山區;林口區;深坑區;石碇區;坪林區;三芝區;石門區;八里區;平溪區;雙溪區;貢寮區;金山區;萬里區;烏來區,22467727,tzumei315@yahoo.com.tw,張美素,20250101.0,20271231.0,20241205 14:12:09
天主教耕莘醫療財團法人附設耕莘護理之家,A30200013,A3,新北市,新店區,新北市新店區中正路362號C棟1~2樓,121.5357513428,24.9762935638,B,喘息服務,新北市,新店區,02-2219-3391*65331,nh65331@cth.org.tw,梁嘉慧,20250101.0,20271231.0,20250113 10:30:56
板橋中興醫院附設居家護理所,B10200012,B1,新北市,板橋區,新北市板橋區福星里忠孝路28號5樓,121.4602813721,25.0017642975,C,巷弄長照站,新北市,板橋區,02-89512388,vanina@caleb.org.tw,張瓈方,20190401.0,20211231.0,20210525 17:21:25
財團法人老五老基金會附設臺北市私立老五老居家式服務類長期照顧服務機構,1S0100003,1,臺北市,北投區,臺北市北投區吉慶里石牌路1段14號3樓,121.5131072998,25.1103668213,B,居家服務,臺北市,士林區;北投區,02-28929702,bt@ofo.org.tw,陳麗欣,20240101.0,20261231.0,20231229 09:37:18
生通股份有限公司,BA0100001,BA,臺北市,中山區,臺北市中山區民權東路一段55號,121.524887085,25.0629062653,B,交通接送服務,桃園市,桃園區;中壢區;大溪區;楊梅區;蘆竹區;大園區;龜山區;八德區;龍潭區;平鎮區;新屋區;觀音區;復興區,02-25997667,doreen@wcarsharing.com,陳金棍,20180701.0,20230310.0,20230307 09:21:21
生通股份有限公司,BA0100001,BA,臺北市,中山區,臺北市中山區民權東路一段55號,121.524887085,25.0629062653,B,交通接送服務(DA01),苗栗縣,苗栗市;苑裡鎮;通霄鎮;竹南鎮;後龍鎮;卓蘭鎮;大湖鄉;公館鄉;南庄鄉;頭屋鄉;三義鄉;西湖鄉;造橋鄉;三灣鄉;獅潭鄉;泰安鄉,02-25997667,doreen@wcarsharing.com,陳金棍,20230101.0,20241231.0,20230202 11:02:49
財團法人老五老基金會附設臺北市私立老五老居家式服務類長期照顧服務機構,1S0100003,1,臺北市,北投區,臺北市北投區吉慶里石牌路1段14號3樓,121.5131072998,25.1103668213,A,個案管理服務,臺北市,北投區,02-28929702,bt@ofo.org.tw,陳麗欣,20230731.0,20241231.0,20240112 10:52:13
生通股份有限公司,BA0100001,BA,臺北市,中山區,臺北市中山區民權東路一段55號,121.524887085,25.0629062653,B,交通接送服務(DA01),臺北市,松山區;信義區;大安區;中山區;中正區;大同區;萬華區;文山區;南港區;內湖區;士林區;北投區,02-25997667,doreen@wcarsharing.com,陳金棍,20240101.0,20261231.0,20240327 09:56:56
臺北市政府社會局委託財團法人利河伯社會福利基金會經營管理臺北市文山老人養護中心,A10100032,A1,臺北市,文山區,臺北市文山區興豐里興隆路二段95巷8號,121.5468826294,25.0000209808,B,日間照顧服務,臺北市,松山區;信義區;大安區;中山區;中正區;大同區;萬華區;文山區;南港區;內湖區;士林區;北投區,89313190,rwf_ws@yahoo.com,王明昌,20190101.0,20231231.0,20240102 18:56:31
臺北市政府社會局委託財團法人利河伯社會福利基金會經營管理臺北市文山老人養護中心,A10100032,A1,臺北市,文山區,臺北市文山區興豐里興隆路二段95巷8號,121.5468826294,25.0000209808,B,日間照顧服務,臺北市,松山區;信義區;大安區;中山區;中正區;大同區;萬華區;文山區;南港區;內湖區;士林區;北投區,89313190,rwf_ws@yahoo.com,王明昌,20240301.0,20261231.0,20240506 14:25:27
基督復臨安息日會醫療財團法人附設臺安居家護理所,B10100008,B1,臺北市,松山區,臺北市松山區民福里八德路二段424號,121.5473403931,25.0480537415,B,專業照護服務,臺北市,松山區,02-27718151#2831,130679@tahsda.org.tw,夏姿慧,20180101.0,20241231.0,20221229 23:19:25
宜寧居家護理所,B10100013,B1,臺北市,士林區,臺北市士林區前港里承德路四段235號9樓,121.5223770142,25.0870456696,B,專業照護服務,桃園市,桃園區;中壢區;大溪區;楊梅區;蘆竹區;大園區;龜山區;八德區;龍潭區;平鎮區;新屋區;觀音區,02-28822382,karenchang0913@gmail.com,張肇仙,20231229.0,20251231.0,20231229 11:48:56
臺北市立萬芳醫院-委託臺北醫學大學辦理,B20100002,B2,臺北市,文山區,臺北市文山區興光里興隆路三段111號,121.5581436157,24.9999008179,A,個案管理服務,臺北市,文山區,02-29307930#1683,90236@w.tmu.edu.tw,劉燦宏,20230101.0,20241231.0,20230626 14:57:11
台灣基督長老教會馬偕醫療財團法人馬偕紀念醫院,B20100005,B2,臺北市,中山區,臺北市中山區中山北路二段92號,121.5223693848,25.0588321686,B,專業照護服務,臺北市,松山區;信義區;大安區;中山區;中正區;大同區;萬華區;文山區;南港區;內湖區;士林區;北投區,02-25604176,mwang@mmh.org.tw,張文瀚,20180820.0,20241231.0,20221230 18:22:27
臺北市立聯合醫院(仁愛院區),B20100007,B2,臺北市,大安區,臺北市大安區仁慈里仁愛路四段10號,121.5452270508,25.0375118256,B,專業照護服務,臺北市,大安區;中山區;中正區;大同區;萬華區;南港區;士林區,02-27093600#3113,A0019@tpech.gov.tw,王智弘,20250101.0,20261231.0,20241025 10:22:07
國立臺灣大學醫學院附設醫院北護分院,B20100023,B2,臺北市,萬華區,臺北市萬華區內江街87號,121.5035705566,25.0417194366,A,個案管理服務,臺北市,萬華區,0223717101,B40731@bh.ntuh.gov.tw,詹鼎正,20230101.0,20241231.0,20230208 09:06:32
國立臺灣大學醫學院附設醫院北護分院,B20100023,B2,臺北市,萬華區,臺北市萬華區內江街87號,121.5035705566,25.0417194366,B,居家失能個案家庭醫師照護服務,臺北市,中正區;大同區;萬華區,0223717101,B40731@bh.ntuh.gov.tw,詹鼎正,20250101.0,20261231.0,20250204 16:18:31
好朋友居家職能治療所,B50100006,B5,臺北市,中山區,臺北市中山區撫順街25號9樓之4,121.5203170776,25.063583374,B,專業照護服務,臺北市,松山區;信義區;大安區;中山區;中正區;大同區;萬華區;文山區;南港區;內湖區;士林區;北投區,02-89136000,hami610@gmail.com,陳偉修,20180101.0,20241231.0,20221229 22:19:03
社團法人台灣愛鄰社區服務協會(大安區),BE0100002,BE,臺北市,大安區,臺北市大安區龍門里和平東路二段24號11樓,121.5364761353,25.0255756378,B,營養餐飲服務,臺北市,大安區,02-23692674,peter.chu@breadoflife.taipe,莊碧明,20190101.0,20211231.0,20190807 11:27:07
社團法人台灣愛鄰社區服務協會(大安區),BE0100002,BE,臺北市,大安區,臺北市大安區龍門里和平東路二段24號11樓,121.5364761353,25.0255756378,C,巷弄長照站,臺北市,大安區,02-23692674,peter.chu@breadoflife.taipe,莊碧明,20210101.0,20211231.0,20210407 16:00:11
行天宮醫療志業醫療財團法人恩主公醫院,B20200004,B2,新北市,三峽區,新北市三峽區鳶山里復興路399號,121.3629074097,24.9383068085,A,個案管理服務,新北市,三峽區,02-26723456#8735,01952@km.eck.org.tw,黃信彰,20250101.0,20250630.0,20241231 15:12:07
衛生福利部八里療養院,B20200010,B2,新北市,八里區,新北市八里區舊城里華富山33號,121.5016403198,24.9986915588,A,個案管理服務,新北市,中和區,02-22450386,6453@balipc.gov.tw,李新民,20250101.0,20250630.0,20241231 16:23:16
新北市瑞芳區衛生所,B20200012,B2,新北市,瑞芳區,新北市瑞芳區龍興里明燈路三段1號,121.8090744019,25.1073799133,B,居家失能個案家庭醫師照護服務,新北市,瑞芳區,02-24972132,an5927@ntpc.gov.tw,麥可,20250101.0,20271231.0,20250106 09:40:15
新北市瑞芳區衛生所,B20200012,B2,新北市,瑞芳區,新北市瑞芳區龍興里明燈路三段1號,121.8090744019,25.1073799133,A,個案管理服務,新北市,瑞芳區,02-24972132,an5927@ntpc.gov.tw,麥可,20250101.0,20250630.0,20241231 14:40:15
皇誼藥局,B30200002,B3,新北市,永和區,新北市永和區上溪里文化路33號,121.5146942139,25.015007019,B,專業照護服務,新北市,板橋區;三重區;中和區;永和區;新店區;深坑區;石碇區;坪林區;烏來區,02-29278732,haentyak@gmail.com,黃雋恩,20250101.0,20271231.0,20250212 10:41:08
新北市立聯合醫院,B20200006,B2,新北市,三重區,新北市三重區中山里新北大道一段3號,121.4906845093,25.0607795715,B,喘息服務,新北市,三重區,02-29829111,AO8667@ntpc.gov.tw,項正川,20250101.0,20271231.0,20241205 16:10:57
台灣基督長老教會馬偕醫療財團法人淡水馬偕紀念醫院,B20200009,B2,新北市,淡水區,新北市淡水區民生里民生路45號,121.4618148804,25.1389274597,B,專業照護服務,新北市,三重區;淡水區;蘆洲區;八里區,02-25433535,mwang@mmh.org.tw,洪大川,20250101.0,20271231.0,20241224 10:29:01
社團法人中國家庭教育協進會附設臺北市私立敬老居家式服務類長期照顧服務機構,1R0100002,1,臺北市,中山區,臺北市中山區中山里松江路131之12號6樓,121.5332489014,25.0542488098,B,居家服務,臺北市,松山區;信義區;大安區;中山區;中正區;大同區;萬華區;文山區;南港區;內湖區;士林區;北投區,02-25090266,chinesehomeservice@yahoo.com.tw,吳逸秋,20180101.0,20231231.0,20211230 15:57:48
財團法人獎卿護理展望基金會私立臺北居家長照機構,1S0100006,1,臺北市,大安區,臺北市大安區龍坡里和平東路一段216號,121.5318603516,25.0260295868,B,喘息服務,臺北市,松山區;信義區;大安區;中山區;中正區;大同區;萬華區;文山區;南港區;內湖區;士林區;北投區,02-23646040#24,ccfhcn@yahoo.com.tw,王仁宏,20250101.0,20261231.0,20241122 15:21:52
有限責任臺北市育坊社區照護勞動合作社私立育坊居家長照機構,1T0100001,1,臺北市,北投區,臺北市北投區中庸里大同街299號,121.4992370605,25.1398200989,B,喘息服務,臺北市,中山區;大同區;士林區;北投區,02-28957520,yfcare.coop@gmail.com,錢素明,20250321.0,20261231.0,20250321 14:44:41
臺北市私立安歆居家式服務類長期照顧服務機構,1X0100003,1,臺北市,中山區,臺北市中山區興亞里松江路50號3樓,121.532661438,25.0481796265,B,喘息服務,臺北市,松山區;信義區;大安區;中山區;中正區;大同區;萬華區;文山區;南港區;內湖區;士林區;北投區,02-25372586,crcanhsin@gmail.com,余建華,20250101.0,20261231.0,20241122 18:24:07
臺北市永昌長青會,BF0100003,BF,臺北市,中正區,臺北市中正區永昌里寧波西街181巷24號,121.5100784302,25.0265541077,C,巷弄長照站,臺北市,中正區,02-23071068,tyc.ch@msa.hinet.net,林萬出,20200101.0,20211231.0,20210408 16:49:58
財團法人老五老基金會附設新北市私立老五老居家式服務類長期照顧服務機構,1S0200005,1,新北市,汐止區,新北市汐止區新昌里忠孝東路286號2樓,121.661857605,25.0745601654,B,喘息服務,新北市,汐止區;深坑區;石碇區,02-86422321,tp@ofo.org.tw,陳麗欣,20250101.0,20271231.0,20241227 14:34:36
財團法人弘道老人福利基金會附設新北市私立弘道居家式服務類長期照顧服務機構,1S0200007,1,新北市,新莊區,新北市新莊區思源里思源路38號,121.4602279663,25.0426292419,A,個案管理服務,新北市,新莊區,02-89913925,hondao-tp@hondao.org.tw,王乃弘,20250101.0,20250630.0,20241231 16:19:03
財團法人一粒麥子社會福利慈善事業基金會附設新北市私立有福居家式服務類長期照顧服務機構,1S0200011,1,新北市,新店區,新北市新店區民權路103號3樓,121.7391738892,25.0249118805,B,喘息服務,新北市,新店區;平溪區;雙溪區,02-89117897,sandra@wheat.org.tw,呂信雄,20250101.0,20271231.0,20241220 09:57:27
財團法人天主教主顧修女會附設新北市私立泰山奇蹟之家綜合長照機構,1S0200012,4,新北市,泰山區,新北市泰山區泰友里新生路4號,121.428237915,25.0448722839,B,日間照顧服務,新北市,板橋區;三重區;中和區;永和區;新莊區;新店區;樹林區;鶯歌區;三峽區;淡水區;汐止區;瑞芳區;土城區;蘆洲區;五股區;泰山區;林口區;深坑區;石碇區;坪林區;三芝區;石門區;八里區;平溪區;雙溪區;貢寮區;金山區;萬里區;烏來區,02-29062242,miraclesp2000@gmail.com,馬玉潔,20250101.0,20271231.0,20241218 10:33:08
財團法人台灣省私立健順養護中心附設新北市私立永和民權社區長照機構,2S0200003,2,新北市,永和區,新北市永和區民權路60號5樓,121.5199432373,24.9977760315,B,日間照顧服務,新北市,中和區;永和區,02-29451169,yonghe.daycare@gmail.com,廖慧媛,20250101.0,20271231.0,20241224 10:19:31
財團法人豐榮護理之家,A30200019,A3,新北市,新店區,新北市新店區安德街60巷26、28、30號及26號2樓、3樓、3樓之1,121.5114059448,24.9634552002,B,喘息服務,新北市,板橋區;三重區;中和區;永和區;新莊區;新店區;樹林區;鶯歌區;三峽區;淡水區;汐止區;瑞芳區;土城區;蘆洲區;五股區;泰山區;林口區;深坑區;石碇區;坪林區;三芝區;石門區;八里區;平溪區;雙溪區;貢寮區;金山區;萬里區;烏來區,02-22122345,rungfen6686@hotmail.com,管榮芬,20250101.0,20271231.0,20241205 11:42:03
行天宮醫療志業醫療財團法人恩主公醫院,B20200004,B2,新北市,三峽區,新北市三峽區鳶山里復興路399號,121.3629074097,24.9383068085,B,居家失能個案家庭醫師照護服務,新北市,樹林區;鶯歌區;三峽區,02-26723456#8735,01952@km.eck.org.tw,黃信彰,20250101.0,20271231.0,20250113 16:16:49
新北市雙溪區衛生所,B20200007,B2,新北市,雙溪區,新北市雙溪區新基里新基南街18號,121.8662567139,25.0379886627,A,個案管理服務,新北市,雙溪區,02-24931210#22,Ag9215@ntpc.gov.tw,吳一青,20250101.0,20250630.0,20241231 15:27:04
康齡永安居家物理治療所,B40200003,B4,新北市,永和區,新北市永和區店街里福和路389號2樓之4,121.5141220093,25.0077114105,B,專業照護服務(CC01),新北市,板橋區;三重區;中和區;永和區;新莊區;新店區;樹林區;鶯歌區;三峽區;淡水區;汐止區;瑞芳區;土城區;蘆洲區;五股區;泰山區;林口區;深坑區;石碇區;坪林區;三芝區;石門區;八里區;平溪區;雙溪區;貢寮區;金山區;萬里區;烏來區,02-29261826,yacomeinpt@gmail.com,陳韋成,20250101.0,20271231.0,20241204 13:54:56
新北市私立萬眾居家長照機構,1X0200008,1,新北市,三重區,新北市三重區福德南路41號7樓,121.5029067993,25.0620708466,A,個案管理服務,新北市,三重區,02-28576792,wzhomecare99@gmail.com,黃姿穎,20250101.0,20250630.0,20241231 15:19:47
新北市私立萬眾居家長照機構,1X0200008,1,新北市,三重區,新北市三重區福德南路41號7樓,121.5029067993,25.0620708466,B,喘息服務,新北市,三重區;蘆洲區,02-28576792,wzhomecare99@gmail.com,黃姿穎,20250101.0,20271231.0,20241224 14:10:12
社團法人台灣罕病蝴蝶寶貝醫護促進會附設新北市私立迦美居家長照機構,1R0200005,1,新北市,板橋區,新北市板橋區赤松里重慶路274巷7之3號,121.4626235962,25.0001354218,B,喘息服務,新北市,板橋區;中和區;永和區;樹林區;土城區,02-29549666,twdebra1211@gmail.com,鄭逢炫,20250101.0,20271231.0,20241224 11:50:09
牧羊人居家服務整合有限公司附設新北市私立牧羊人居家長照機構,1V0200001,1,新北市,新莊區,新北市新莊區昌平里中央路287號3樓,121.4524765015,25.0586795807,A,個案管理服務,新北市,三重區;新莊區;樹林區;蘆洲區;泰山區,02-85213385,wgshomecare@gmail.com,趙崇義,20250101.0,20250630.0,20241231 15:52:47
牧羊人居家服務整合有限公司附設新北市私立牧羊人居家長照機構,1V0200001,1,新北市,新莊區,新北市新莊區昌平里中央路287號3樓,121.4524765015,25.0586795807,B,專業照護服務,新北市,板橋區;三重區;新莊區;樹林區;淡水區;土城區;蘆洲區;泰山區;三芝區,02-85213385,wgshomecare@gmail.com,趙崇義,20250101.0,20271231.0,20241226 16:51:48
私立大愛護理之家,A30200010,A3,新北市,三重區,新北市三重區三和路4段103之1號1樓-3樓,121.4869995117,25.0768146515,B,喘息服務,新北市,板橋區;三重區;中和區;永和區;新莊區;新店區;樹林區;鶯歌區;三峽區;淡水區;汐止區;瑞芳區;土城區;蘆洲區;五股區;泰山區;林口區;深坑區;石碇區;坪林區;三芝區;石門區;八里區;平溪區;雙溪區;貢寮區;金山區;萬里區;烏來區,02-22870889,da.ai26575590@gmail.com,江麗梅,20250101.0,20271231.0,20241225 15:20:31
鴻欣護理之家,A30200014,A3,新北市,三峽區,新北市三峽區三樹路168巷48號,121.3798828125,24.9403152466,B,喘息服務,新北市,板橋區;三重區;中和區;永和區;新莊區;新店區;樹林區;鶯歌區;三峽區;土城區;蘆洲區;五股區;泰山區;林口區,02-26740396,hxnhome@gmail.com,林詠晴,20250101.0,20271231.0,20241216 14:25:21
立穎居家護理所,B10200003,B1,新北市,中和區,新北市中和區漳和里立德街204號3樓,121.5118484497,24.9853191376,B,專業照護服務,新北市,板橋區;三重區;中和區;永和區;新莊區;新店區;樹林區;鶯歌區;三峽區;淡水區;土城區;蘆洲區;五股區;深坑區;石碇區;坪林區;三芝區;烏來區,02-86686651,liinhomecare@gmail.com,魏玉琴,20220101.0,20241231.0,20220323 11:27:17
立穎居家護理所,B10200003,B1,新北市,中和區,新北市中和區漳和里立德街204號3樓,121.5118484497,24.9853191376,B,專業照護服務,新北市,板橋區;三重區;中和區;永和區;新莊區;新店區;樹林區;鶯歌區;三峽區;土城區;蘆洲區;五股區;深坑區;石碇區;坪林區;三芝區;烏來區,02-86686651,liinhomecare@gmail.com,魏玉琴,20250101.0,20271231.0,20241224 14:44:45
私立愛吾愛居家長照機構,1X0100005,1,臺北市,萬華區,臺北市萬華區大理街171之1號2樓207室,121.4963226318,25.0341567993,B,居家服務,臺北市,松山區;信義區;大安區;中山區;中正區;大同區;萬華區;文山區;南港區;內湖區;士林區;北投區,02-23087286,n01d.iwoi@gmail.com,許惠容,20240101.0,20261231.0,20231229 10:32:48
新北市私立全曜居家式服務類長期照顧服務機構,1X0200002,1,新北市,三重區,新北市三重區長江里長元街100之2號1、2樓,121.5028076172,25.0667877197,B,居家服務,新北市,板橋區;三重區;中和區;永和區;新莊區;新店區;樹林區;土城區;蘆洲區;五股區;泰山區,02-29722060,chuanyao10704@gmail.com,黃明聖,20250101.0,20271231.0,20241213 16:50:28
新北市私立全曜居家式服務類長期照顧服務機構,1X0200002,1,新北市,三重區,新北市三重區長江里長元街100之2號1、2樓,121.5028076172,25.0667877197,B,居家服務,臺北市,松山區;信義區;大安區;中山區;中正區;大同區;萬華區;文山區;南港區;內湖區;士林區;北投區,02-29722060,chuanyao10704@gmail.com,黃明聖,20190401.0,20261231.0,20231229 17:27:38
社團法人中華民國紅心字會附設新北市私立存德居家式服務類長期照顧服務機構,1R0200004,1,新北市,板橋區,新北市板橋區崑崙里存德街29號,121.4306335449,24.9917297363,B,喘息服務,新北市,板橋區;中和區;永和區;新莊區;新店區;樹林區;三峽區;土城區;泰山區;烏來區,02-26815518,redheart.ntpc@gmail.com,劉緒倫,20250101.0,20271231.0,20250110 13:52:53
社團法人中華民國紅心字會附設新北市私立存德居家式服務類長期照顧服務機構,1R0200004,1,新北市,板橋區,新北市板橋區崑崙里存德街29號,121.4306335449,24.9917297363,B,居家服務,新北市,板橋區;中和區;永和區;新莊區;新店區;樹林區;三峽區;土城區;泰山區;烏來區,02-26815518,redheart.ntpc@gmail.com,劉緒倫,20250101.0,20271231.0,20250110 13:53:31
牧羊人居家服務整合有限公司附設新北市私立牧羊人居家長照機構,1V0200001,1,新北市,新莊區,新北市新莊區昌平里中央路287號3樓,121.4524765015,25.0586795807,B,居家服務,新北市,板橋區;三重區;新莊區;樹林區;蘆洲區;泰山區,02-85213385,wgshomecare@gmail.com,趙崇義,20250101.0,20271231.0,20241226 16:52:25
台灣基督長老教會馬偕醫療財團法人附設新北市私立淡水北海岸社區長照機構,2S0200010,2,新北市,淡水區,新北市淡水區沙崙里沙崙路300號,121.4275588989,25.1871395111,B,喘息服務,新北市,板橋區;三重區;中和區;永和區;新莊區;新店區;樹林區;鶯歌區;三峽區;淡水區;汐止區;瑞芳區;土城區;蘆洲區;五股區;泰山區;林口區;深坑區;石碇區;坪林區;三芝區;石門區;八里區;平溪區;雙溪區;貢寮區;金山區;萬里區;烏來區,02-28053392,ting.a966@mmh.org.tw,蕭聰穎,20250101.0,20271231.0,20241220 10:01:18
立穎居家護理所,B10200003,B1,新北市,中和區,新北市中和區漳和里立德街204號3樓,121.5118484497,24.9853191376,B,專業照護服務,臺北市,松山區;信義區;大安區;中山區;中正區;大同區;萬華區;文山區;南港區;內湖區;士林區;北投區,02-86686651,liinhomecare@gmail.com,魏玉琴,20190401.0,20241231.0,20221229 21:06:55
健綸居家護理所,B10200004,B1,新北市,板橋區,新北市板橋區溪福里金門街372巷14號,121.4269561768,24.9843349457,B,專業照護服務,新北市,板橋區;中和區;新莊區;樹林區;土城區;五股區;泰山區;林口區,02-26868460,jianlun.nursing@gmail.com,陳彥文,20220101.0,20241231.0,20220126 15:47:56
天主教耕莘醫療財團法人附設耕莘居家護理所,B10200009,B1,新北市,新店區,新北市新店區百和里民族路160巷2號,121.5370407104,24.9770317078,B,專業照護服務,新北市,新店區,02-22193391#67152,meilingsheng0706@gmail.com,沈美玲,20250101.0,20271231.0,20241227 15:26:51
中英醫療社團法人附設居家護理所,B10200010,B1,新北市,新莊區,新北市新莊區恆安里中正路78巷13號,121.4580764771,25.0382633209,C,巷弄長照站,新北市,新莊區,02-29930313,jean030973@gmail.com,吳霈綺,20210101.0,20211231.0,20210526 16:16:23
康齡永安居家物理治療所,B40200003,B4,新北市,永和區,新北市永和區店街里福和路389號2樓之4,121.5141220093,25.0077114105,B,專業照護服務,新北市,板橋區;三重區;中和區;永和區;新莊區;新店區;樹林區;鶯歌區;三峽區;淡水區;汐止區;瑞芳區;土城區;蘆洲區;五股區;泰山區;林口區;深坑區;石碇區;坪林區;三芝區;石門區;八里區;平溪區;雙溪區;貢寮區;金山區;萬里區;烏來區,02-29261826,yacomeinpt@gmail.com,陳韋成,20220101.0,20241231.0,20220303 09:22:17
社團法人台灣罕病蝴蝶寶貝醫護促進會附設新北市私立迦美居家長照機構,1R0200005,1,新北市,板橋區,新北市板橋區赤松里重慶路274巷7之3號,121.4626235962,25.0001354218,B,居家服務,新北市,板橋區;中和區;永和區;樹林區;土城區,02-29549666,twdebra1211@gmail.com,鄭逢炫,20250101.0,20271231.0,20241224 11:49:32
天主教耕莘醫療財團法人附設耕莘居家護理所,B10200009,B1,新北市,新店區,新北市新店區百和里民族路160巷2號,121.5370407104,24.9770317078,B,專業照護服務,新北市,新店區,02-22193391#67152,meilingsheng0706@gmail.com,沈美玲,20220101.0,20241231.0,20220314 15:03:00
新北市深坑區衛生所,B20200005,B2,新北市,深坑區,新北市深坑區深坑里深坑街165號,121.6125717163,25.00091362,A,個案管理服務,新北市,深坑區,02-26621567,ntpc267@ntpc.gov.tw,李欣融,20250101.0,20250630.0,20241231 16:17:08
新北市深坑區衛生所,B20200005,B2,新北市,深坑區,新北市深坑區深坑里深坑街165號,121.6125717163,25.00091362,C,巷弄長照站,新北市,深坑區,02-26621567,ntpc267@ntpc.gov.tw,李欣融,20190401.0,20211231.0,20210527 11:16:43
康齡永安居家物理治療所,B40200003,B4,新北市,永和區,新北市永和區店街里福和路389號2樓之4,121.5141220093,25.0077114105,B,專業照護服務,新北市,板橋區;三重區;中和區;永和區;新莊區;新店區;樹林區;鶯歌區;三峽區;淡水區;汐止區;瑞芳區;土城區;蘆洲區;五股區;泰山區;林口區;深坑區;石碇區;坪林區;三芝區;石門區;八里區;平溪區;雙溪區;貢寮區;金山區;萬里區;烏來區,02-29261826,yacomeinpt@gmail.com,陳韋成,20250101.0,20271231.0,20241204 13:54:37
新北市土城區祖田里辦公處-土城祖田據點(社照C),BF0200002,BF,新北市,土城區,新北市土城區祖田里溪頭路129號,121.4127578735,24.9539470673,C,巷弄長照站,新北市,土城區,02-22681372,armei0456@yahoo.com.tw,呂惠美,20220101.0,20221231.0,20220502 16:41:03
立穎居家護理所,B10200003,B1,新北市,中和區,新北市中和區漳和里立德街204號3樓,121.5118484497,24.9853191376,B,專業照護服務,臺北市,松山區;信義區;大安區;中山區;中正區;大同區;萬華區;文山區;南港區;內湖區;士林區;北投區,02-86686651,liinhomecare@gmail.com,魏玉琴,20250101.0,20261231.0,20241101 10:27:36
私立新生活居家護理所,B10200015,B1,新北市,板橋區,新北市板橋區長江路一段146巷8號,121.4609832764,25.0298099518,B,專業照護服務,新北市,板橋區;中和區;永和區;新莊區;土城區;泰山區,02-82537070,bigmama7706@yahoo.com.tw,林慧月,20220101.0,20241231.0,20220325 11:23:40
醫療財團法人徐元智先生醫藥基金會亞東紀念醫院,B20200003,B2,新北市,板橋區,新北市板橋區華東里南雅南路二段21號及高爾富路300號,121.4527740479,24.9972648621,A,個案管理服務,新北市,板橋區,02-77282937,sw19779@mail.femh.org.tw,邱冠明,20250101.0,20250630.0,20241231 15:15:13
新北市立聯合醫院,B20200006,B2,新北市,三重區,新北市三重區中山里新北大道一段3號,121.4906845093,25.0607795715,B,專業照護服務(CC01),新北市,三重區,02-29829111,AO8667@ntpc.gov.tw,項正川,20250101.0,20271231.0,20241205 16:10:15
社團法人中國家庭教育協進會附設臺北市私立敬老居家式服務類長期照顧服務機構,1R0100002,1,臺北市,中山區,臺北市中山區中山里松江路131之12號6樓,121.5332489014,25.0542488098,A,個案管理服務,臺北市,士林區,02-25090266,chinesehomeservice@yahoo.com.tw,吳逸秋,20240501.0,20241231.0,20240430 11:54:08
社團法人中國家庭教育協進會附設臺北市私立敬老居家式服務類長期照顧服務機構,1R0100002,1,臺北市,中山區,臺北市中山區中山里松江路131之12號6樓,121.5332489014,25.0542488098,B,喘息服務,臺北市,松山區;信義區;大安區;中山區;中正區;大同區;萬華區;文山區;南港區;內湖區;士林區;北投區,02-25090266,chinesehomeservice@yahoo.com.tw,吳逸秋,20250101.0,20261231.0,20241120 15:07:34
新北市立聯合醫院,B20200006,B2,新北市,三重區,新北市三重區中山里新北大道一段3號,121.4906845093,25.0607795715,B,專業照護服務,新北市,三重區,02-29829111,AO8667@ntpc.gov.tw,項正川,20220101.0,20241231.0,20220315 13:55:50
新北市立聯合醫院,B20200006,B2,新北市,三重區,新北市三重區中山里新北大道一段3號,121.4906845093,25.0607795715,B,專業照護服務(CC01),新北市,板橋區;三重區;中和區;永和區;新莊區;新店區;樹林區;鶯歌區;三峽區;淡水區;汐止區;瑞芳區;土城區;蘆洲區;五股區;泰山區;林口區;深坑區;石碇區;坪林區;三芝區;石門區;八里區;平溪區;雙溪區;貢寮區;金山區;萬里區;烏來區,02-29829111,AO8667@ntpc.gov.tw,項正川,20220101.0,20241231.0,20230802 17:19:14
社團法人台北市營養師公會,BE0200005,BE,新北市,板橋區,新北市板橋區港尾里館前東路116號,121.4636764526,25.0076141357,B,專業照護服務,臺北市,松山區;信義區;大安區;中山區;中正區;大同區;萬華區;文山區;南港區;內湖區;士林區;北投區,02-29529827,tdam.t9309@msa.hinet.net,陳珮蓉,20180501.0,20201231.0,20190807 11:44:38
社團法人愛福家協會附設私立愛活樂園社區長照機構,2R0100001,2,臺北市,中正區,臺北市中正區羅斯福路2段5號2樓,121.5210876465,25.0292453766,B,小規模多機能服務,臺北市,松山區;信義區;大安區;中山區;中正區;大同區;萬華區;文山區;南港區;內湖區;士林區;北投區,02-23510005,duck621621@gmail.com,涂福增,20240101.0,20261231.0,20240102 14:53:09
臺北市政府社會局委託財團法人台灣省私立健順養護中心經營管理臺北市松山社區式長期照顧服務機構,2S0100013,2,臺北市,松山區,臺北市松山區鵬程里健康路317號2樓,121.5665130615,25.0544319153,B,日間照顧服務,臺北市,松山區;信義區;大安區;中山區;中正區;大同區;萬華區;文山區;南港區;內湖區;士林區;北投區,02-27685636,sselder105@gmail.com,廖慧媛,20180530.0,20241231.0,20220209 09:57:18
臺北榮民總醫院附設遊詣居社區式長期照顧服務機構,2U0100001,2,臺北市,北投區,臺北市北投區永欣里石牌路二段322號1樓,121.5203857422,25.1192111969,B,日間照顧服務,臺北市,松山區;信義區;大安區;中山區;中正區;大同區;萬華區;文山區;南港區;內湖區;士林區;北投區,02-28712121,d2_uage@vghtpe.gov.tw,陳威明,20210101.0,20211231.0,20210202 12:37:42
臺北榮民總醫院附設遊詣居社區式長期照顧服務機構,2U0100001,2,臺北市,北投區,臺北市北投區永欣里石牌路二段322號1樓,121.5203857422,25.1192111969,B,日間照顧服務,臺北市,松山區;信義區;大安區;中山區;中正區;大同區;萬華區;文山區;南港區;內湖區;士林區;北投區,02-28712121,d2_uage@vghtpe.gov.tw,陳威明,20220101.0,20231231.0,20240102 10:56:55
臺北市私立安歆松江社區長照機構,2X0100001,2,臺北市,中山區,臺北市中山區中央里松江路50號3樓,121.532661438,25.0481796265,B,喘息服務,新北市,板橋區;三重區;中和區;永和區;新莊區;新店區;樹林區;鶯歌區;三峽區;淡水區;汐止區;瑞芳區;土城區;蘆洲區;五股區;泰山區;林口區;深坑區;石碇區;坪林區;三芝區;石門區;八里區;平溪區;雙溪區;貢寮區;金山區;萬里區;烏來區,02-25371116,yaru42@gmail.com,張維庭,20250101.0,20271231.0,20241220 09:38:43
臺北市私立安歆松江社區長照機構,2X0100001,2,臺北市,中山區,臺北市中山區中央里松江路50號3樓,121.532661438,25.0481796265,B,日間照顧服務,臺北市,松山區;信義區;大安區;中山區;中正區;大同區;萬華區;文山區;南港區;內湖區;士林區;北投區,02-25371116,yaru42@gmail.com,張維庭,20240101.0,20261231.0,20240104 15:58:05
臺北市私立貴族老人長期照顧中心(養護型),A10100015,A1,臺北市,北投區,臺北市北投區大同里北投大業路452巷2號2-5f,121.4972915649,25.1317195892,B,喘息服務,臺北市,北投區,02-28965555,noahsang@gmail.com,桑予群,20181220.0,20241231.0,20221230 20:45:00
新北市立聯合醫院,B20200006,B2,新北市,三重區,新北市三重區中山里新北大道一段3號,121.4906845093,25.0607795715,A,個案管理服務,新北市,三重區,02-29829111,AO8667@ntpc.gov.tw,項正川,20250101.0,20250630.0,20241231 16:21:00
新北市立聯合醫院,B20200006,B2,新北市,三重區,新北市三重區中山里新北大道一段3號,121.4906845093,25.0607795715,B,專業照護服務,新北市,三重區,02-29829111,AO8667@ntpc.gov.tw,項正川,20250101.0,20271231.0,20241205 16:09:57
台灣基督長老教會馬偕醫療財團法人淡水馬偕紀念醫院,B20200009,B2,新北市,淡水區,新北市淡水區民生里民生路45號,121.4618148804,25.1389274597,A,個案管理服務,新北市,三重區;淡水區;八里區,02-25433535,mwang@mmh.org.tw,洪大川,20250101.0,20250630.0,20241231 16:34:34
台灣基督長老教會馬偕醫療財團法人淡水馬偕紀念醫院,B20200009,B2,新北市,淡水區,新北市淡水區民生里民生路45號,121.4618148804,25.1389274597,B,專業照護服務,新北市,三重區;淡水區;蘆洲區;八里區,02-25433535,mwang@mmh.org.tw,洪大川,20220101.0,20241231.0,20220331 14:58:26
財團法人伊甸社會福利基金會附設新北市私立居家式服務類長期照顧服務機構,1S0200004,1,新北市,三峽區,新北市三峽區介壽里大同路64號2樓,121.3748245239,24.9374752045,B,喘息服務,新北市,樹林區;鶯歌區;三峽區;坪林區,02-26741778,eden2624q@eden.org.tw,陳宇昭,20250101.0,20271231.0,20241216 09:21:25
財團法人台北市立心慈善基金會附設新北市私立居家式服務類長期照顧服務機構,1S0200008,1,新北市,淡水區,新北市淡水區中正路55號6樓,121.4830627441,25.0609664917,A,個案管理服務,新北市,三重區;淡水區,02-29711997,lishin.north@msa.hinet.net,洪金桐,20250101.0,20250630.0,20250205 14:32:55
天主教耕莘醫療財團法人附設新北市私立永和耕莘居家式服務類長期照顧服務機構,1S0200009,1,新北市,永和區,新北市永和區中興街52巷1弄12號,121.5171661377,25.01121521,B,喘息服務,新北市,永和區,02-29286060,ssdhc.cthyh@gmail.com,鍾安住,20250101.0,20271231.0,20250113 11:04:12
天主教耕莘醫療財團法人附設新北市私立新店碧潭社區長照機構,2S0200006,2,新北市,新店區,新北市新店區新店路159號2樓,121.5369720459,24.9552516937,B,喘息服務,新北市,新店區;石碇區,02-29121592,bitandaycare@gmail.com,鍾安住,20250101.0,20271231.0,20250106 09:32:49
宏十字護理之家,A30200003,A3,新北市,深坑區,新北市深坑區北深路三段99至105號7、8樓,121.6059265137,25.0017147064,B,喘息服務,臺北市,松山區;信義區;大安區;中山區;中正區;大同區;萬華區;文山區;南港區;內湖區;士林區;北投區,02-26626893,A49877920@gmail.com,張麗英,20190124.0,20241231.0,20221230 20:22:40
宏十字護理之家,A30200003,A3,新北市,深坑區,新北市深坑區北深路三段99至105號7、8樓,121.6059265137,25.0017147064,B,喘息服務,新北市,板橋區;三重區;中和區;永和區;新莊區;新店區;樹林區;鶯歌區;三峽區;淡水區;汐止區;瑞芳區;土城區;蘆洲區;五股區;泰山區;林口區;深坑區;石碇區;坪林區;三芝區;石門區;八里區;平溪區;雙溪區;貢寮區;金山區;萬里區;烏來區,02-26626893,A49877920@gmail.com,張麗英,20250101.0,20271231.0,20241224 15:27:33
宜寧居家護理所,B10100013,B1,臺北市,士林區,臺北市士林區前港里承德路四段235號9樓,121.5223770142,25.0870456696,B,專業照護服務,新北市,板橋區;三重區;中和區;永和區;新莊區;新店區;樹林區;鶯歌區;三峽區;淡水區;汐止區;土城區;蘆洲區;五股區;泰山區;林口區;深坑區;八里區;萬里區,02-28822382,karenchang0913@gmail.com,張肇仙,20220101.0,20241231.0,20220315 15:23:17
臺北市獨立型態成福居家護理所,B10100025,B1,臺北市,南港區,臺北市南港區百福里成福路204號,121.5885696411,25.0405826569,B,專業照護服務,臺北市,松山區;信義區;大安區;中山區;中正區;大同區;萬華區;文山區;南港區;內湖區;士林區;北投區,02-27850802,chen_41@yahoo.com.tw,張美娟,20180316.0,20241231.0,20221229 23:18:53
臺北市立萬芳醫院-委託臺北醫學大學辦理,B20100002,B2,臺北市,文山區,臺北市文山區興光里興隆路三段111號,121.5581436157,24.9999008179,A,個案管理服務,臺北市,文山區,02-29307930#1683,90236@w.tmu.edu.tw,劉燦宏,20250101.0,20261231.0,20241231 19:47:20
台灣基督長老教會馬偕醫療財團法人馬偕紀念醫院,B20100005,B2,臺北市,中山區,臺北市中山區中山北路二段92號,121.5223693848,25.0588321686,B,專業照護服務,臺北市,松山區;信義區;大安區;中山區;中正區;大同區;萬華區;文山區;南港區;內湖區;士林區;北投區,02-25604176,mwang@mmh.org.tw,張文瀚,20250101.0,20261231.0,20241101 10:09:28
台灣基督長老教會馬偕醫療財團法人馬偕紀念醫院,B20100005,B2,臺北市,中山區,臺北市中山區中山北路二段92號,121.5223693848,25.0588321686,B,營養餐飲服務,臺北市,大同區,02-25604176,mwang@mmh.org.tw,張文瀚,20190101.0,20211231.0,20190627 18:01:41
台灣基督長老教會馬偕醫療財團法人馬偕紀念醫院,B20100005,B2,臺北市,中山區,臺北市中山區中山北路二段92號,121.5223693848,25.0588321686,A,個案管理服務,臺北市,中山區,02-25604176,mwang@mmh.org.tw,張文瀚,20230101.0,20241231.0,20230208 09:02:21
臺北市立聯合醫院(仁愛院區),B20100007,B2,臺北市,大安區,臺北市大安區仁慈里仁愛路四段10號,121.5452270508,25.0375118256,B,專業照護服務,臺北市,大安區,02-27093600#3113,A0019@tpech.gov.tw,王智弘,20180101.0,20241231.0,20221230 12:16:00
臺北市立關渡醫院-委託臺北榮民總醫院經營,B20100020,B2,臺北市,北投區,臺北市北投區知行路225巷12號,121.4661254883,25.1203136444,A,個案管理服務,臺北市,北投區,02-28587000,niniye@gandau.gov.tw,陳亮恭,20250101.0,20261231.0,20241231 18:37:24
國立臺灣大學醫學院附設醫院北護分院,B20100023,B2,臺北市,萬華區,臺北市萬華區內江街87號,121.5035705566,25.0417194366,B,專業照護服務,臺北市,中正區;大同區;萬華區,0223717101,B40731@bh.ntuh.gov.tw,詹鼎正,20180301.0,20241231.0,20241028 16:16:27
國立臺灣大學醫學院附設醫院北護分院,B20100023,B2,臺北市,萬華區,臺北市萬華區內江街87號,121.5035705566,25.0417194366,A,個案管理服務,臺北市,萬華區,0223717101,B40731@bh.ntuh.gov.tw,詹鼎正,20250101.0,20261231.0,20241231 18:30:29
國立臺灣大學醫學院附設醫院北護分院,B20100023,B2,臺北市,萬華區,臺北市萬華區內江街87號,121.5035705566,25.0417194366,B,居家失能個案家庭醫師照護服務,臺北市,中正區;大同區;萬華區,0223717101,B40731@bh.ntuh.gov.tw,詹鼎正,20211201.0,20241231.0,20221230 22:03:46
財團法人獎卿護理展望基金會私立臺北居家長照機構,1S0100006,1,臺北市,大安區,臺北市大安區龍坡里和平東路一段216號,121.5318603516,25.0260295868,B,居家服務,臺北市,信義區;大安區;文山區;南港區;內湖區,02-23646040#24,ccfhcn@yahoo.com.tw,王仁宏,20240101.0,20261231.0,20231229 11:23:53
臺北市私立安歆居家式服務類長期照顧服務機構,1X0100003,1,臺北市,中山區,臺北市中山區興亞里松江路50號3樓,121.532661438,25.0481796265,B,喘息服務,臺北市,松山區;信義區;大安區;中山區;中正區;大同區;萬華區;文山區;南港區;內湖區;士林區;北投區,02-25372586,crcanhsin@gmail.com,余建華,20190121.0,20241231.0,20231121 09:46:54
私立愛吾愛居家長照機構,1X0100005,1,臺北市,萬華區,臺北市萬華區大理街171之1號2樓207室,121.4963226318,25.0341567993,B,居家服務,臺北市,松山區;信義區;大安區;中山區;中正區;大同區;萬華區;文山區;南港區;內湖區;士林區;北投區,02-23087286,n01d.iwoi@gmail.com,許惠容,20220101.0,20231231.0,20211119 13:43:57
私立愛吾愛居家長照機構,1X0100005,1,臺北市,萬華區,臺北市萬華區大理街171之1號2樓207室,121.4963226318,25.0341567993,B,喘息服務,臺北市,松山區;信義區;大安區;中山區;中正區;大同區;萬華區;文山區;南港區;內湖區;士林區;北投區,02-23087286,n01d.iwoi@gmail.com,許惠容,20250101.0,20261231.0,20241119 17:33:37
臺北市政府社會局委託財團法人台灣省私立健順養護中心經營管理臺北市松山社區式長期照顧服務機構,2S0100013,2,臺北市,松山區,臺北市松山區鵬程里健康路317號2樓,121.5665130615,25.0544319153,B,營養餐飲服務,臺北市,松山區;信義區;大安區;中山區;中正區;大同區;萬華區;文山區;南港區;內湖區;士林區;北投區,02-27685636,sselder105@gmail.com,廖慧媛,20240101.0,20241231.0,20240109 17:13:03
臺北市政府社會局委託財團法人台灣省私立健順養護中心經營管理臺北市松山社區式長期照顧服務機構,2S0100013,2,臺北市,松山區,臺北市松山區鵬程里健康路317號2樓,121.5665130615,25.0544319153,B,喘息服務,臺北市,松山區;信義區;大安區;中山區;中正區;大同區;萬華區;文山區;南港區;內湖區;士林區;北投區,02-27685636,sselder105@gmail.com,廖慧媛,20190522.0,20221231.0,20210112 23:37:19
臺北市私立安歆松江社區長照機構,2X0100001,2,臺北市,中山區,臺北市中山區中央里松江路50號3樓,121.532661438,25.0481796265,B,日間照顧服務,臺北市,松山區;信義區;大安區;中山區;中正區;大同區;萬華區;文山區;南港區;內湖區;士林區;北投區,02-25371116,yaru42@gmail.com,張維庭,20240101.0,20261231.0,20240104 15:58:05
臺北市私立安歆松江社區長照機構,2X0100001,2,臺北市,中山區,臺北市中山區中央里松江路50號3樓,121.532661438,25.0481796265,B,日間照顧服務,新北市,板橋區;三重區;中和區;永和區;新莊區;新店區;樹林區;鶯歌區;三峽區;淡水區;汐止區;瑞芳區;土城區;蘆洲區;五股區;泰山區;林口區;深坑區;石碇區;坪林區;三芝區;石門區;八里區;平溪區;雙溪區;貢寮區;金山區;萬里區;烏來區,02-25371116,yaru42@gmail.com,張維庭,20250101.0,20271231.0,20241220 09:38:25
臺北市私立群英老人長期照顧中心(養護型),A10100010,A1,臺北市,松山區,臺北市松山區敦化里敦化南路一段7號4樓,121.5492858887,25.0469055176,B,喘息服務,臺北市,松山區;信義區;大安區;中山區;中正區;大同區;萬華區;文山區;南港區;內湖區;士林區;北投區,02-25791400,tai_da_168@yahoo.com.tw,鄭淑芬,20250101.0,20261231.0,20250204 14:52:34
臺北市私立貴族老人長期照顧中心(養護型),A10100015,A1,臺北市,北投區,臺北市北投區大同里北投大業路452巷2號2-5f,121.4972915649,25.1317195892,B,喘息服務,臺北市,松山區;信義區;大安區;中山區;中正區;大同區;萬華區;文山區;南港區;內湖區;士林區;北投區,02-28965555,noahsang@gmail.com,桑予群,20250101.0,20261231.0,20250204 11:36:44
臺北市政府社會局委託財團法人利河伯社會福利基金會經營管理臺北市文山老人養護中心,A10100032,A1,臺北市,文山區,臺北市文山區興豐里興隆路二段95巷8號,121.5468826294,25.0000209808,B,日間照顧服務,臺北市,松山區;信義區;大安區;中山區;中正區;大同區;萬華區;文山區;南港區;內湖區;士林區;北投區,89313190,rwf_ws@yahoo.com,王明昌,20240101.0,20240331.0,20240102 18:57:15
新北市私立廣福老人長期照顧中心(養護型),A10200003,A1,新北市,板橋區,新北市板橋區留侯里廣權路2號4樓,121.4603881836,24.9909706116,B,喘息服務,新北市,板橋區;三重區;中和區;永和區;新莊區;新店區;樹林區;鶯歌區;三峽區;淡水區;汐止區;瑞芳區;土城區;蘆洲區;五股區;泰山區;林口區;深坑區;石碇區;坪林區;三芝區;石門區;八里區;平溪區;雙溪區;貢寮區;金山區;萬里區;烏來區,0289514435,guangfu4712@gmail.com,楊閎升,20250101.0,20271231.0,20241227 14:49:35
財團法人中保關懷社會福利基金會附設新北市私立泰山中保社區長照機構,2S0200016,2,新北市,泰山區,新北市泰山區貴子里明志路三段142巷8號,121.4245147705,25.0400352478,B,日間照顧服務,新北市,板橋區;三重區;新莊區;樹林區;三峽區;蘆洲區;五股區;泰山區;林口區;八里區,02-29085168,peggy120622@gmail.com,洪培修,20250101.0,20271231.0,20250103 11:00:43
社團法人愛福家協會附設新北市私立板橋愛活樂園社區長照機構(新北市板橋愛活樂園公共托老中心),2G0200005,2,新北市,板橋區,新北市板橋區忠翠里雙十路二段215號4樓,121.4729766846,25.0289154053,B,日間照顧服務,新北市,板橋區;三重區;中和區;永和區;新莊區;新店區;樹林區;鶯歌區;三峽區;淡水區;汐止區;瑞芳區;土城區;蘆洲區;五股區;泰山區;林口區;深坑區;石碇區;坪林區;三芝區;石門區;八里區;平溪區;雙溪區;貢寮區;金山區;萬里區;烏來區,02-22506500,rd01@ilive.org.tw,涂林德媛,20250101.0,20271231.0,20241226 16:28:19
財團法人伊甸社會福利基金會附設新北市私立三峽北大社區長照機構,2G0200002,2,新北市,三峽區,新北市三峽區龍恩里學成路396號2樓之1,121.3779525757,24.9439907074,B,喘息服務,新北市,樹林區;鶯歌區;三峽區;土城區,02-86713217,eden6850@eden.org.tw,陳宇昭,20250101.0,20271231.0,20241224 14:33:17
同仁醫院附設土城護理之家,A30200016,A3,新北市,土城區,新北市土城區中央路四段127號1至8樓、2樓之1至8樓之1,121.416305542,24.9575424194,B,喘息服務,新北市,板橋區;三重區;中和區;永和區;新莊區;新店區;樹林區;鶯歌區;三峽區;淡水區;汐止區;瑞芳區;土城區;蘆洲區;五股區;泰山區;林口區;深坑區;石碇區;坪林區;三芝區;石門區;八里區;平溪區;雙溪區;貢寮區;金山區;萬里區;烏來區,02-22673230,hamu1109h@yahoo.com.tw,鄭學慧,20250101.0,20271231.0,20241218 10:02:30
國立臺灣大學醫學院附設醫院金山分院附設居家護理所,B10200011,B1,新北市,金山區,新北市金山區五湖里玉爐路7號,121.62840271,25.2195529938,B,專業照護服務,新北市,三芝區;石門區;金山區;萬里區,02-24989898,eaglejsh@gmail.com,劉旭華,20220101.0,20241231.0,20220322 09:22:30
佛教慈濟醫療財團法人附設台北慈濟居家護理所,B10200013,B1,新北市,新店區,新北市新店區明德里建國路289號5樓,121.5370330811,24.9858970642,B,專業照護服務,新北市,中和區;永和區;新店區,02-66289779,maggie16471@tzuchi.com.tw,王蘭英,20220101.0,20241231.0,20220318 14:02:24
佛教慈濟醫療財團法人附設台北慈濟居家護理所,B10200013,B1,新北市,新店區,新北市新店區明德里建國路289號5樓,121.5370330811,24.9858970642,B,專業照護服務,新北市,中和區;永和區;新店區,02-66289779,maggie16471@tzuchi.com.tw,王蘭英,20250101.0,20271231.0,20250106 09:21:09
佛教慈濟醫療財團法人附設台北慈濟居家護理所,B10200013,B1,新北市,新店區,新北市新店區明德里建國路289號5樓,121.5370330811,24.9858970642,B,居家失能個案家庭醫師照護服務,新北市,中和區;永和區;新店區,02-66289779,maggie16471@tzuchi.com.tw,王蘭英,20250101.0,20271231.0,20250106 09:21:34
國立臺灣大學醫學院附設醫院北護分院,B20100023,B2,臺北市,萬華區,臺北市萬華區內江街87號,121.5035705566,25.0417194366,B,居家失能個案家庭醫師照護服務,臺北市,中正區;大同區;萬華區,0223717101,B40731@bh.ntuh.gov.tw,詹鼎正,20250101.0,20261231.0,20241028 16:54:52
好朋友居家職能治療所,B50100006,B5,臺北市,中山區,臺北市中山區撫順街25號9樓之4,121.5203170776,25.063583374,B,專業照護服務(CC01),新北市,板橋區;三重區;中和區;永和區;新莊區;新店區;樹林區;鶯歌區;三峽區;淡水區;汐止區;瑞芳區;土城區;蘆洲區;五股區;泰山區;林口區;深坑區;石碇區;坪林區;三芝區;石門區;八里區;平溪區;雙溪區;貢寮區;金山區;萬里區;烏來區,02-89136000,hami610@gmail.com,陳偉修,20220101.0,20241231.0,20230802 17:19:14
好朋友居家職能治療所,B50100006,B5,臺北市,中山區,臺北市中山區撫順街25號9樓之4,121.5203170776,25.063583374,B,專業照護服務,臺北市,松山區;信義區;大安區;中山區;中正區;大同區;萬華區;文山區;南港區;內湖區;士林區;北投區,02-89136000,hami610@gmail.com,陳偉修,20250101.0,20261231.0,20241025 10:09:27
好朋友居家職能治療所,B50100006,B5,臺北市,中山區,臺北市中山區撫順街25號9樓之4,121.5203170776,25.063583374,B,專業照護服務,新北市,板橋區;三重區;中和區;永和區;新莊區;新店區;樹林區;三峽區;淡水區;汐止區;土城區;蘆洲區;五股區;泰山區;林口區;深坑區;石碇區;三芝區;八里區;烏來區,02-89136000,hami610@gmail.com,陳偉修,20220101.0,20241231.0,20220126 15:27:18
財團法人弘道老人福利基金會附設新北市私立弘道居家式服務類長期照顧服務機構,1S0200007,1,新北市,新莊區,新北市新莊區思源里思源路38號,121.4602279663,25.0426292419,B,居家服務,新北市,新莊區;金山區,02-89913925,hondao-tp@hondao.org.tw,王乃弘,20250101.0,20271231.0,20241224 10:03:43
新北市私立蕙心居家式服務類長期照顧服務機構,1X0200012,1,新北市,蘆洲區,新北市蘆洲區民權路174巷14號3樓,121.4724655151,25.0904884338,B,喘息服務,新北市,三重區;蘆洲區;五股區;泰山區,02-22885701,chang201141105@yahoo.com.tw,汪洋,20250101.0,20271231.0,20241223 10:07:01
財團法人一粒麥子社會福利慈善事業基金會附設新北市私立有福居家式服務類長期照顧服務機構,1S0200011,1,新北市,新店區,新北市新店區民權路103號3樓,121.7391738892,25.0249118805,B,居家服務,新北市,新店區;平溪區;雙溪區,02-89117897,sandra@wheat.org.tw,呂信雄,20250101.0,20271231.0,20241220 09:57:01
財團法人天主教主顧修女會附設新北市私立泰山奇蹟之家綜合長照機構,1S0200012,4,新北市,泰山區,新北市泰山區泰友里新生路4號,121.428237915,25.0448722839,B,營養餐飲服務,新北市,泰山區,02-29062242,miraclesp2000@gmail.com,馬玉潔,20220101.0,20241231.0,20220412 12:06:23
財團法人天主教主顧修女會附設新北市私立泰山奇蹟之家綜合長照機構,1S0200012,4,新北市,泰山區,新北市泰山區泰友里新生路4號,121.428237915,25.0448722839,B,喘息服務,新北市,板橋區;三重區;中和區;永和區;新莊區;新店區;樹林區;鶯歌區;三峽區;淡水區;汐止區;瑞芳區;土城區;蘆洲區;五股區;泰山區;林口區;深坑區;石碇區;坪林區;三芝區;石門區;八里區;平溪區;雙溪區;貢寮區;金山區;萬里區;烏來區,02-29062242,miraclesp2000@gmail.com,馬玉潔,20250101.0,20271231.0,20241218 10:33:57
財團法人伊甸社會福利基金會附設新北市私立鶯歌大湖社區長照機構,2G0200003,2,新北市,鶯歌區,新北市鶯歌區中湖里大湖路338巷2號,121.3466949463,24.9691009521,B,喘息服務,新北市,鶯歌區;三峽區,02-26776759,eden8380@eden.org.tw,陳宇昭,20250101.0,20271231.0,20241217 10:27:35
祥蕙護理之家,A30200018,A3,新北市,板橋區,新北市板橋區廣和街100號、100號2樓至5樓、102號,121.4624099731,24.993314743,B,喘息服務,新北市,板橋區;三重區;中和區;永和區;新莊區;新店區;樹林區;鶯歌區;三峽區;淡水區;汐止區;瑞芳區;土城區;蘆洲區;五股區;泰山區;林口區;深坑區;石碇區;坪林區;三芝區;石門區;八里區;平溪區;雙溪區;貢寮區;金山區;萬里區;烏來區,02-29646585,shineway29646585@gmail.com,趙春香,20250101.0,20271231.0,20241224 15:25:04
新北市雙溪區衛生所,B20200007,B2,新北市,雙溪區,新北市雙溪區新基里新基南街18號,121.8662567139,25.0379886627,C,巷弄長照站,新北市,雙溪區,02-24931210#22,Ag9215@ntpc.gov.tw,吳一青,20190401.0,20211231.0,20210527 11:45:17
頤園護理之家,A30100001,A3,臺北市,士林區,臺北市士林區重慶北路4段138、140、142號1-4樓,121.5126190186,25.0838489532,B,喘息服務,臺北市,松山區;信義區;大安區;中山區;中正區;大同區;萬華區;文山區;南港區;內湖區;士林區;北投區,2811-9666,eyuan28119666@gmail.com,耿瑛鎂,20180101.0,20221231.0,20210112 23:04:25
宏十字護理之家,A30200003,A3,新北市,深坑區,新北市深坑區北深路三段99至105號7、8樓,121.6059265137,25.0017147064,B,喘息服務,臺北市,松山區;信義區;大安區;中山區;中正區;大同區;萬華區;文山區;南港區;內湖區;士林區;北投區,02-26626893,A49877920@gmail.com,張麗英,20250101.0,20261231.0,20250204 11:59:33
基督復臨安息日會醫療財團法人附設臺安居家護理所,B10100008,B1,臺北市,松山區,臺北市松山區民福里八德路二段424號,121.5473403931,25.0480537415,B,專業照護服務,臺北市,松山區,02-27718151#2831,130679@tahsda.org.tw,夏姿慧,20250101.0,20261231.0,20241030 09:55:24
宜寧居家護理所,B10100013,B1,臺北市,士林區,臺北市士林區前港里承德路四段235號9樓,121.5223770142,25.0870456696,B,專業照護服務,臺北市,松山區;信義區;大安區;中山區;中正區;大同區;萬華區;文山區;南港區;內湖區;士林區;北投區,02-28822382,karenchang0913@gmail.com,張肇仙,20250101.0,20261231.0,20241018 16:15:48
臺北市獨立型態成福居家護理所,B10100025,B1,臺北市,南港區,臺北市南港區百福里成福路204號,121.5885696411,25.0405826569,B,專業照護服務,臺北市,松山區;信義區;大安區;中山區;中正區;大同區;萬華區;文山區;南港區;內湖區;士林區;北投區,02-27850802,chen_41@yahoo.com.tw,張美娟,20250101.0,20261231.0,20240924 18:24:46
臺北市立聯合醫院(中興院區),B20100003,B2,臺北市,大同區,臺北市大同區玉泉里鄭州路145號,121.5093231201,25.0509700775,B,專業照護服務,臺北市,大同區,02-25523234#3253,B2141@tpech.gov.tw,王智弘,20180320.0,20241231.0,20221230 12:14:51
台灣基督長老教會馬偕醫療財團法人馬偕紀念醫院,B20100005,B2,臺北市,中山區,臺北市中山區中山北路二段92號,121.5223693848,25.0588321686,A,個案管理服務,臺北市,大同區,02-25604176,mwang@mmh.org.tw,張文瀚,20230101.0,20241231.0,20230208 09:08:13
台灣基督長老教會馬偕醫療財團法人馬偕紀念醫院,B20100005,B2,臺北市,中山區,臺北市中山區中山北路二段92號,121.5223693848,25.0588321686,A,個案管理服務,臺北市,大同區,02-25604176,mwang@mmh.org.tw,張文瀚,20250101.0,20261231.0,20241231 19:43:39
台灣基督長老教會馬偕醫療財團法人馬偕紀念醫院,B20100005,B2,臺北市,中山區,臺北市中山區中山北路二段92號,121.5223693848,25.0588321686,A,個案管理服務,臺北市,中山區,02-25604176,mwang@mmh.org.tw,張文瀚,20250101.0,20261231.0,20241231 19:45:14
臺北榮民總醫院,B20100019,B2,臺北市,北投區,臺北市北投區北投石牌路二段201號,121.5203857422,25.1192111969,A,個案管理服務,臺北市,北投區,02-28712121#89700,vghtpe.a@gmail.com,陳威明,20230101.0,20241231.0,20230208 09:03:31
臺北榮民總醫院,B20100019,B2,臺北市,北投區,臺北市北投區北投石牌路二段201號,121.5203857422,25.1192111969,A,個案管理服務,臺北市,北投區,02-28712121#89700,vghtpe.a@gmail.com,陳威明,20250101.0,20261231.0,20241231 18:48:04
國立臺灣大學醫學院附設醫院北護分院,B20100023,B2,臺北市,萬華區,臺北市萬華區內江街87號,121.5035705566,25.0417194366,B,專業照護服務,臺北市,中正區;大同區;萬華區,0223717101,B40731@bh.ntuh.gov.tw,詹鼎正,20250101.0,20261231.0,20241028 15:58:51
大東健保藥局,B30100002,B3,臺北市,士林區,臺北市士林區仁勇里大東路86之4號,121.5257492065,25.0911312103,B,專業照護服務,臺北市,松山區;信義區;大安區;中山區;中正區;大同區;萬華區;文山區;南港區;內湖區;士林區;北投區,02-28838940,newly_beer@yahoo.com.tw,郭雅芝,20180802.0,20201231.0,20210112 11:42:01
好朋友居家職能治療所,B50100006,B5,臺北市,中山區,臺北市中山區撫順街25號9樓之4,121.5203170776,25.063583374,B,專業照護服務,新北市,板橋區;三重區;中和區;永和區;新莊區;新店區;樹林區;三峽區;淡水區;汐止區;土城區;蘆洲區;五股區;泰山區;林口區;深坑區;石碇區;三芝區;八里區;烏來區,02-89136000,hami610@gmail.com,陳偉修,20250101.0,20271231.0,20241218 10:27:33
財團法人台北市中國基督教靈糧世界佈道會士林靈糧堂,BD0100006,BD,臺北市,士林區,臺北市士林區忠誠路二段53巷7號5樓,121.5322875977,25.1114368439,A,個案管理服務,臺北市,內湖區,02-26561700#253,a.xihu@slsc.org.tw,許本爵,20250101.0,20261231.0,20241231 18:27:03
財團法人私立台北仁濟院(萬華區),BD0100010,BD,臺北市,萬華區,臺北市萬華區廣州街200號,121.4980926514,25.0366802216,B,營養餐飲服務,臺北市,萬華區,,hanwei.chen@tjci.org.tw,林明成,20200101.0,20221231.0,20210128 20:21:00
財團法人老五老基金會附設新北市私立老五老居家式服務類長期照顧服務機構,1S0200005,1,新北市,汐止區,新北市汐止區新昌里忠孝東路286號2樓,121.661857605,25.0745601654,A,個案管理服務,新北市,汐止區;深坑區;石碇區,02-86422321,tp@ofo.org.tw,陳麗欣,20250101.0,20250630.0,20241231 16:15:29
財團法人老五老基金會附設新北市私立老五老居家式服務類長期照顧服務機構,1S0200005,1,新北市,汐止區,新北市汐止區新昌里忠孝東路286號2樓,121.661857605,25.0745601654,B,居家服務,新北市,汐止區;深坑區;石碇區,02-86422321,tp@ofo.org.tw,陳麗欣,20250101.0,20271231.0,20241227 14:34:14
新北市私立永安居家長照機構,1X0200007,1,新北市,新店區,新北市新店區國豐里中正路399巷13號,121.5341110229,24.9768562317,A,個案管理服務,新北市,新店區,02-86656656,a0936732090@gmail.com,周雅婷,20250101.0,20250630.0,20241231 14:33:46
新北市私立永安居家長照機構,1X0200007,1,新北市,新店區,新北市新店區國豐里中正路399巷13號,121.5341110229,24.9768562317,B,喘息服務,臺北市,松山區;信義區;大安區;中山區;中正區;大同區;萬華區;文山區;南港區;內湖區;士林區;北投區,02-86656656,a0936732090@gmail.com,周雅婷,20190601.0,20241231.0,20221230 11:45:09
新北市私立永安居家長照機構,1X0200007,1,新北市,新店區,新北市新店區國豐里中正路399巷13號,121.5341110229,24.9768562317,B,喘息服務,臺北市,松山區;信義區;大安區;中山區;中正區;大同區;萬華區;文山區;南港區;內湖區;士林區;北投區,02-86656656,a0936732090@gmail.com,周雅婷,20250101.0,20261231.0,20241120 10:39:06
新北市私立永安居家長照機構,1X0200007,1,新北市,新店區,新北市新店區國豐里中正路399巷13號,121.5341110229,24.9768562317,B,居家服務,新北市,中和區;永和區;新店區;淡水區,02-86656656,a0936732090@gmail.com,周雅婷,20250101.0,20271231.0,20241203 11:59:10
財團法人一粒麥子社會福利慈善事業基金會附設新北市私立有福居家式服務類長期照顧服務機構,1S0200011,1,新北市,新店區,新北市新店區民權路103號3樓,121.7391738892,25.0249118805,B,到宅沐浴車服務,臺南市,新營區;鹽水區;白河區;柳營區;後壁區;東山區;麻豆區;下營區;六甲區;官田區;大內區;佳里區;學甲區;西港區;七股區;將軍區;北門區;新化區;善化區;新市區;安定區;山上區;玉井區;楠西區;南化區;左鎮區;仁德區;歸仁區;關廟區;龍崎區;永康區;東區;南區;北區;安南區;安平區;中西區,02-89117897,sandra@wheat.org.tw,呂信雄,20180101.0,20270228.0,20240328 17:24:52
新北市雙溪區衛生所,B20200007,B2,新北市,雙溪區,新北市雙溪區新基里新基南街18號,121.8662567139,25.0379886627,B,居家失能個案家庭醫師照護服務,新北市,雙溪區,02-24931210#22,Ag9215@ntpc.gov.tw,吳一青,20250101.0,20271231.0,20241225 08:50:58
衛生福利部八里療養院,B20200010,B2,新北市,八里區,新北市八里區舊城里華富山33號,121.5016403198,24.9986915588,B,專業照護服務,新北市,新莊區;泰山區;林口區,02-22450386,6453@balipc.gov.tw,李新民,20220101.0,20241231.0,20220406 14:07:27
皇誼藥局,B30200002,B3,新北市,永和區,新北市永和區上溪里文化路33號,121.5146942139,25.015007019,B,專業照護服務,新北市,板橋區;三重區;中和區;永和區;新店區;深坑區;石碇區;坪林區;烏來區,02-29278732,haentyak@gmail.com,黃雋恩,20220101.0,20241231.0,20220314 11:40:16
(新北)財團法人老五老基金會,BD0200004,BD,新北市,石碇區,新北市石碇區楓子林32-1號3樓,121.661857605,25.0745601654,B,營養餐飲服務,新北市,汐止區;深坑區;石碇區,02-86422321,shuping@ofo.org.tw,陳麗欣,20250101.0,20250131.0,20250122 14:37:13
財團法人天主教主顧修女會附設新北市私立泰山奇蹟之家綜合長照機構,1S0200012,4,新北市,泰山區,新北市泰山區泰友里新生路4號,121.428237915,25.0448722839,B,居家服務,新北市,泰山區,02-29062242,miraclesp2000@gmail.com,馬玉潔,20250101.0,20271231.0,20241218 10:33:32
財團法人台灣省私立健順養護中心附設新北市私立永和民權社區長照機構,2S0200003,2,新北市,永和區,新北市永和區民權路60號5樓,121.5199432373,24.9977760315,B,喘息服務,新北市,中和區;永和區,02-29451169,yonghe.daycare@gmail.com,廖慧媛,20250101.0,20271231.0,20241224 10:19:55
財團法人伊甸社會福利基金會附設新北市私立鶯歌大湖社區長照機構,2G0200003,2,新北市,鶯歌區,新北市鶯歌區中湖里大湖路338巷2號,121.3466949463,24.9691009521,B,日間照顧服務,新北市,鶯歌區;三峽區,02-26776759,eden8380@eden.org.tw,陳宇昭,20250101.0,20271231.0,20241217 10:26:59
溫昕護理之家,A30200023,A3,新北市,新店區,新北市新店區中正路539之3號3樓、4樓、5樓,121.5334701538,24.9862308502,B,喘息服務,新北市,板橋區;三重區;中和區;永和區;新莊區;新店區;樹林區;鶯歌區;三峽區;淡水區;汐止區;瑞芳區;土城區;蘆洲區;五股區;泰山區;林口區;深坑區;石碇區;坪林區;三芝區;石門區;八里區;平溪區;雙溪區;貢寮區;金山區;萬里區;烏來區,02-22190258,shincs1970@gmail.com,喬嵩蘭,20250101.0,20271231.0,20250113 13:55:20
新北市雙溪區衛生所,B20200007,B2,新北市,雙溪區,新北市雙溪區新基里新基南街18號,121.8662567139,25.0379886627,B,交通接送服務,新北市,雙溪區,02-24931210#22,Ag9215@ntpc.gov.tw,吳一青,20250101.0,20271231.0,20241225 08:50:43
衛生福利部雙和醫院(委託臺北醫學大學興建經營),B20200011,B2,新北市,中和區,新北市中和區中正里中正路291號,121.493522644,24.9926986694,A,個案管理服務,新北市,板橋區;中和區;土城區,02-22490088,12049@s.tmu.edu.tw,李明哲,20250101.0,20250630.0,20241231 16:07:55
衛生福利部雙和醫院(委託臺北醫學大學興建經營),B20200011,B2,新北市,中和區,新北市中和區中正里中正路291號,121.493522644,24.9926986694,B,喘息服務,新北市,中和區;永和區,02-22490088,12049@s.tmu.edu.tw,李明哲,20250101.0,20271231.0,20241225 09:43:02
康齡永安居家物理治療所,B40200003,B4,新北市,永和區,新北市永和區店街里福和路389號2樓之4,121.5141220093,25.0077114105,B,專業照護服務(CC01),新北市,板橋區;三重區;中和區;永和區;新莊區;新店區;樹林區;鶯歌區;三峽區;淡水區;汐止區;瑞芳區;土城區;蘆洲區;五股區;泰山區;林口區;深坑區;石碇區;坪林區;三芝區;石門區;八里區;平溪區;雙溪區;貢寮區;金山區;萬里區;烏來區,02-29261826,yacomeinpt@gmail.com,陳韋成,20220101.0,20241231.0,20230802 17:19:14
(新北)財團法人老五老基金會,BD0200004,BD,新北市,石碇區,新北市石碇區楓子林32-1號3樓,121.661857605,25.0745601654,B,營養餐飲服務,新北市,汐止區;深坑區;石碇區,02-86422321,shuping@ofo.org.tw,陳麗欣,20220101.0,20241231.0,20220318 11:32:10
新北市土城區祖田里辦公處-土城祖田據點(社照C),BF0200002,BF,新北市,土城區,新北市土城區祖田里溪頭路129號,121.4127578735,24.9539470673,B,喘息服務,新北市,土城區,02-22681372,armei0456@yahoo.com.tw,呂惠美,20250101.0,20271231.0,20241225 14:56:25
財團法人伊甸社會福利基金會附設臺北市私立台北居家式服務類長期照顧服務機構,1S0100001,1,臺北市,北投區,臺北市北投區裕民里裕民六路120號,121.5176467896,25.1145343781,B,到宅沐浴車服務,臺北市,松山區;文山區;士林區;北投區,02-28210320#103,eden5580@eden.org.tw,陳宇昭,20240101.0,20261231.0,20231229 09:54:54
財團法人老五老基金會附設臺北市私立老五老居家式服務類長期照顧服務機構,1S0100003,1,臺北市,北投區,臺北市北投區吉慶里石牌路1段14號3樓,121.5131072998,25.1103668213,B,居家服務,臺北市,北投區,02-28929702,bt@ofo.org.tw,陳麗欣,20220101.0,20231231.0,20220207 16:14:40
社團法人中華民國士林靈糧堂社會福利協會附設臺北市私立安馨居家式服務類長期照顧服務機構,1R0100003,1,臺北市,士林區,臺北市士林區富光里延平北路五段83巷28弄11號,121.509185791,25.0815906525,B,居家服務,臺北市,松山區;中山區;大同區;南港區;內湖區;士林區;北投區,02-28110515,homeservice@slsc.org.tw,劉群茂,20180622.0,20231231.0,20211230 11:12:47
財團法人恆安社會福利慈善事業基金會附設臺北市私立恆安居家式服務類長期照顧服務機構,1S0100008,1,臺北市,大安區,臺北市大安區群賢里和平東路二段295號12樓,121.5446929932,25.0249919891,B,喘息服務,臺北市,松山區;信義區;大安區;中山區;中正區;大同區;萬華區;文山區;南港區;內湖區;士林區;北投區,02-2333-1955,hanganhomecare@gmail.com,胡世賢,20250101.0,20261231.0,20241120 10:37:04
財團法人恆安社會福利慈善事業基金會附設臺北市私立恆安居家式服務類長期照顧服務機構,1S0100008,1,臺北市,大安區,臺北市大安區群賢里和平東路二段295號12樓,121.5446929932,25.0249919891,B,喘息服務,臺北市,松山區;信義區;大安區;中山區;中正區;大同區;萬華區;文山區;南港區;內湖區;士林區;北投區,02-2333-1955,hanganhomecare@gmail.com,胡世賢,20210316.0,20241231.0,20230103 19:33:58
財團法人台灣省私立健順養護中心附設新北市私立健順居家式服務類長期照顧服務機構,1S0200002,1,新北市,中和區,新北市中和區大勇街96號2樓,121.5261077881,24.9936561584,B,居家服務,臺北市,松山區;中山區,89423255-10,yonghe.homecare@gmail.com,廖慧媛,20230101.0,20261231.0,20231229 17:09:41
新北市立聯合醫院,B20200006,B2,新北市,三重區,新北市三重區中山里新北大道一段3號,121.4906845093,25.0607795715,B,居家失能個案家庭醫師照護服務,新北市,三重區,02-29829111,AO8667@ntpc.gov.tw,項正川,20250101.0,20271231.0,20241205 16:10:34
財團法人伊甸社會福利基金會附設新北市私立居家式服務類長期照顧服務機構,1S0200004,1,新北市,三峽區,新北市三峽區介壽里大同路64號2樓,121.3748245239,24.9374752045,A,個案管理服務,新北市,樹林區;鶯歌區;三峽區,02-26741778,eden2624q@eden.org.tw,陳宇昭,20250101.0,20250630.0,20241231 16:33:59
財團法人台北市立心慈善基金會附設新北市私立居家式服務類長期照顧服務機構,1S0200008,1,新北市,淡水區,新北市淡水區中正路55號6樓,121.4830627441,25.0609664917,B,居家服務,新北市,淡水區;金山區;萬里區,02-29711997,lishin.north@msa.hinet.net,洪金桐,20250101.0,20271231.0,20241225 13:58:28
財團法人台北市立心慈善基金會附設新北市私立居家式服務類長期照顧服務機構,1S0200008,1,新北市,淡水區,新北市淡水區中正路55號6樓,121.4830627441,25.0609664917,B,喘息服務,新北市,淡水區;金山區;萬里區,02-29711997,lishin.north@msa.hinet.net,洪金桐,20250101.0,20271231.0,20241225 13:59:24
財團法人台灣省私立健順養護中心附設新北市私立健順居家式服務類長期照顧服務機構,1S0200002,1,新北市,中和區,新北市中和區大勇街96號2樓,121.5261077881,24.9936561584,B,居家服務,臺北市,松山區;中山區,89423255-10,yonghe.homecare@gmail.com,廖慧媛,20230101.0,20261231.0,20231229 17:08:58
天主教耕莘醫療財團法人附設新北市私立永和耕莘居家式服務類長期照顧服務機構,1S0200009,1,新北市,永和區,新北市永和區中興街52巷1弄12號,121.5171661377,25.01121521,B,居家服務,新北市,永和區,02-29286060,ssdhc.cthyh@gmail.com,鍾安住,20250101.0,20271231.0,20250423 15:47:31
天主教耕莘醫療財團法人附設新北市私立永和耕莘居家式服務類長期照顧服務機構,1S0200009,1,新北市,永和區,新北市永和區中興街52巷1弄12號,121.5171661377,25.01121521,B,居家服務,臺北市,中山區;大同區,02-29286060,ssdhc.cthyh@gmail.com,鍾安住,20190304.0,20261231.0,20231229 16:52:51
天主教耕莘醫療財團法人附設新北市私立新店耕莘居家式服務類長期照顧服務機構,1S0200010,1,新北市,新店區,新北市新店區百和里民族路160巷4號,121.5370025635,24.9769706726,B,喘息服務,新北市,新店區;烏來區,02-22193391,cthhomecare@gmail.com,鍾安住,20250101.0,20271231.0,20250110 15:31:08
天主教耕莘醫療財團法人附設新北市私立新店碧潭社區長照機構,2S0200006,2,新北市,新店區,新北市新店區新店路159號2樓,121.5369720459,24.9552516937,B,日間照顧服務,新北市,新店區;石碇區,02-29121592,bitandaycare@gmail.com,鍾安住,20250101.0,20271231.0,20250106 09:31:55
社團法人愛福家協會附設新北市私立中和大同社區長照機構,2G0200004,2,新北市,中和區,新北市中和區圓通路121巷5號,121.4995422363,24.9955883026,B,喘息服務,新北市,板橋區;中和區;永和區,02-22400662,rd03@ilive.org.tw,涂林德媛,20250101.0,20271231.0,20250113 11:56:58
私立再生護理之家,A30200009,A3,新北市,新店區,新北市新店區寶高路6號1樓、2樓、2樓之1、3樓、3樓之1、4樓、4樓之1,121.5505142212,24.9782714844,B,喘息服務,新北市,板橋區;三重區;中和區;永和區;新店區;汐止區;土城區;蘆洲區;深坑區;石碇區;烏來區,02-29150111,jiaoben29150111@gmail.com,張雅惇,20250101.0,20271231.0,20241223 10:11:21
天主教耕莘醫療財團法人耕莘醫院,B20200008,B2,新北市,新店區,新北市新店區百和里中正路362號,121.5357513428,24.9762935638,B,喘息服務,新北市,烏來區,02-22193391#66022,cms.c.c.1912@gmail.com,鄒繼群,20250101.0,20271231.0,20250110 14:32:00
新北市新店區北宜社區發展協會-新店美潭據點(社照C),BF0200001,BF,新北市,新店區,新北市新店區美潭里001鄰北宜路二段11號,121.5478439331,24.9519901276,C,巷弄長照站,新北市,新店區,02-22173808,ny3808@yahoo.com.tw,林雯玲,20220101.0,20221231.0,20220503 10:25:08
財團法人錸德文教基金會附設新北市私立永和錸工場社區長照機構,2S0200009,2,新北市,永和區,新北市永和區永和路二段116號3樓,121.5149459839,25.0129718781,B,日間照顧服務,新北市,中和區;永和區,02-22326700,yiying.chen@ricare.com.tw,楊慰芬,20250101.0,20271231.0,20241219 10:36:01
台灣基督長老教會馬偕醫療財團法人附設新北市私立三重台北橋社區長照機構,2S0200013,2,新北市,三重區,新北市三重區仁德里重新路一段108號2樓,121.5009307861,25.0630474091,B,日間照顧服務,新北市,板橋區;三重區;中和區;永和區;新莊區;新店區;樹林區;鶯歌區;三峽區;淡水區;汐止區;瑞芳區;土城區;蘆洲區;五股區;泰山區;林口區;深坑區;石碇區;坪林區;三芝區;石門區;八里區;平溪區;雙溪區;貢寮區;金山區;萬里區;烏來區,02-25433535#2535,mania118@mmh.org.tw,蕭聰穎,20250101.0,20271231.0,20241220 10:10:09
台灣基督長老教會馬偕醫療財團法人附設新北市私立三重台北橋社區長照機構,2S0200013,2,新北市,三重區,新北市三重區仁德里重新路一段108號2樓,121.5009307861,25.0630474091,B,喘息服務,新北市,板橋區;三重區;中和區;永和區;新莊區;新店區;樹林區;鶯歌區;三峽區;淡水區;汐止區;瑞芳區;土城區;蘆洲區;五股區;泰山區;林口區;深坑區;石碇區;坪林區;三芝區;石門區;八里區;平溪區;雙溪區;貢寮區;金山區;萬里區;烏來區,02-25433535#2535,mania118@mmh.org.tw,蕭聰穎,20250101.0,20271231.0,20241220 10:10:28
財團法人中保關懷社會福利基金會附設新北市私立泰山中保社區長照機構,2S0200016,2,新北市,泰山區,新北市泰山區貴子里明志路三段142巷8號,121.4245147705,25.0400352478,B,喘息服務,新北市,板橋區;三重區;新莊區;樹林區;三峽區;蘆洲區;五股區;泰山區;林口區;八里區,02-29085168,peggy120622@gmail.com,洪培修,20250101.0,20271231.0,20250103 11:01:28
同仁醫院附設土城護理之家,A30200016,A3,新北市,土城區,新北市土城區中央路四段127號1至8樓、2樓之1至8樓之1,121.416305542,24.9575424194,B,日間照顧服務,新北市,板橋區;三重區;中和區;永和區;新莊區;新店區;樹林區;鶯歌區;三峽區;淡水區;汐止區;瑞芳區;土城區;蘆洲區;五股區;泰山區;林口區;深坑區;石碇區;坪林區;三芝區;石門區;八里區;平溪區;雙溪區;貢寮區;金山區;萬里區;烏來區,02-22673230,hamu1109h@yahoo.com.tw,鄭學慧,20250101.0,20271231.0,20241218 10:01:09
佳新護理之家,A30200021,A3,新北市,新莊區,新北市新莊區復興路三段31號1-4樓及33號3-4樓,121.4611434937,25.0445804596,B,喘息服務,新北市,板橋區;三重區;中和區;永和區;新莊區;新店區;樹林區;鶯歌區;三峽區;淡水區;汐止區;瑞芳區;土城區;蘆洲區;五股區;泰山區;林口區;深坑區;石碇區;坪林區;三芝區;石門區;八里區;平溪區;雙溪區;貢寮區;金山區;萬里區;烏來區,02-89924278,abhnh.js@gmail.com,陳沛禎,20250101.0,20271231.0,20241226 14:40:40
廣川醫院,B20200002,B2,新北市,土城區,新北市土城區裕民路276號,121.4549713135,24.9823818207,B,專業照護服務,新北市,土城區,02-22617000,gracelin1201@yahoo.com.tw,柯基生,20250101.0,20271231.0,20250113 11:17:04
天主教耕莘醫療財團法人耕莘醫院,B20200008,B2,新北市,新店區,新北市新店區百和里中正路362號,121.5357513428,24.9762935638,B,專業照護服務,新北市,新店區;烏來區,02-22193391#66022,cms.c.c.1912@gmail.com,鄒繼群,20220101.0,20241231.0,20220303 09:58:47
天主教耕莘醫療財團法人耕莘醫院,B20200008,B2,新北市,新店區,新北市新店區百和里中正路362號,121.5357513428,24.9762935638,B,專業照護服務,新北市,新店區;烏來區,02-22193391#66022,cms.c.c.1912@gmail.com,鄒繼群,20250101.0,20271231.0,20250110 14:32:23
社團法人臺灣職能治療學會,B50100010,B5,臺北市,中正區,臺北市中正區德義博愛路9號,121.5114440918,25.047416687,B,專業照護服務,臺北市,松山區;信義區;大安區;中山區;中正區;大同區;萬華區;文山區;南港區;內湖區;士林區;北投區,02-23820103,otaroc.taipei@gmail.com,吳菁宜,20180401.0,20201231.0,20201208 15:13:44
天主教耕莘醫療財團法人耕莘醫院,B20200008,B2,新北市,新店區,新北市新店區百和里中正路362號,121.5357513428,24.9762935638,B,居家失能個案家庭醫師照護服務,新北市,新店區,02-22193391#66022,cms.c.c.1912@gmail.com,鄒繼群,20250101.0,20271231.0,20250110 14:33:14
好康居家呼吸照護所,B80100001,B8,臺北市,中正區,臺北市中正區砂子杭州南路一段23號,121.5264968872,25.0423641205,B,專業照護服務,臺北市,松山區;信義區;大安區;中山區;中正區;大同區;萬華區;文山區;南港區;內湖區;士林區;北投區,02-23910529,hokahnrt@gmail.com,楊玲玲,20180501.0,20241231.0,20221229 21:40:16
好康居家呼吸照護所,B80100001,B8,臺北市,中正區,臺北市中正區砂子杭州南路一段23號,121.5264968872,25.0423641205,B,專業照護服務,新北市,板橋區;三重區;中和區;永和區;新莊區,02-23910529,hokahnrt@gmail.com,楊玲玲,20250101.0,20271231.0,20241226 15:08:54
好康居家呼吸照護所,B80100001,B8,臺北市,中正區,臺北市中正區砂子杭州南路一段23號,121.5264968872,25.0423641205,B,專業照護服務,臺北市,松山區;信義區;大安區;中山區;中正區;大同區;萬華區;文山區;南港區;內湖區;士林區;北投區,02-23910529,hokahnrt@gmail.com,楊玲玲,20250101.0,20261231.0,20241030 09:46:09
新北市新店區北宜社區發展協會-新店美潭據點(社照C),BF0200001,BF,新北市,新店區,新北市新店區美潭里001鄰北宜路二段11號,121.5478439331,24.9519901276,B,喘息服務,新北市,新店區,02-22173808,ny3808@yahoo.com.tw,林雯玲,20250101.0,20271231.0,20241227 11:00:14
臺北市政府社會局委託財團法人喜憨兒社會福利基金會經營管理中山身障社區長照機構（日間照顧）,2S0100005,2,臺北市,中山區,臺北市中山區中山里長安西路5巷2號4樓,121.5212478638,25.0498371124,B,喘息服務,臺北市,松山區;信義區;大安區;中山區;中正區;大同區;萬華區;文山區;南港區;內湖區;士林區;北投區,02-25211032,T01746@careus.org.tw,蕭淑珍,20190508.0,20241231.0,20221229 22:58:29
社團法人台北市家庭照顧者關懷協會附設臺北市私立家協居家式服務類長期照顧服務機構,1R0100004,1,臺北市,大安區,臺北市大安區黎孝里和平東路三段232號3樓,121.5546951294,25.0220489502,B,喘息服務,臺北市,松山區;信義區;大安區,02-27398737#17,service@carer.org.tw,盧雪華,20200505.0,20241231.0,20240305 15:22:01
財團法人宜蘭縣私立力麗社會福利慈善事業基金會附設臺北市私立力麗居家式服務類長期照顧服務機構,1S0100007,1,臺北市,中正區,臺北市中正區南福里和平西路一段107號,121.5174331665,25.0270843506,B,居家服務,臺北市,大安區;中正區,02-23938326,liyvonne@leadingage.com.tw,郭銓慶,20220101.0,20231231.0,20220207 16:02:40
財團法人恆安社會福利慈善事業基金會附設臺北市私立恆安居家式服務類長期照顧服務機構,1S0100008,1,臺北市,大安區,臺北市大安區群賢里和平東路二段295號12樓,121.5446929932,25.0249919891,B,居家服務,臺北市,松山區;信義區;大安區;中山區;中正區;大同區;萬華區;文山區;南港區;內湖區;士林區;北投區,02-2333-1955,hanganhomecare@gmail.com,胡世賢,20180701.0,20231231.0,20211223 15:07:11
財團法人恆安社會福利慈善事業基金會附設臺北市私立恆安居家式服務類長期照顧服務機構,1S0100008,1,臺北市,大安區,臺北市大安區群賢里和平東路二段295號12樓,121.5446929932,25.0249919891,B,居家服務,臺北市,松山區;信義區;大安區;中山區;中正區;大同區;萬華區;文山區;南港區;內湖區;士林區;北投區,02-2333-1955,hanganhomecare@gmail.com,胡世賢,20240101.0,20261231.0,20231229 10:44:36
臺北市私立仁群居家長照機構,1X0100002,1,臺北市,中山區,臺北市中山區下埤里民族東路512巷12號1樓,121.5419845581,25.0675392151,B,居家服務,臺北市,松山區;中山區;大同區,02-25016299,kindhomeservice@gmail.com,劉昱森,20240101.0,20261231.0,20231229 09:58:52
臺北市私立大心居家長照機構,1X0100004,1,臺北市,萬華區,臺北市萬華區富民里康定路348號2樓之1,121.4925003052,25.0255661011,B,喘息服務,臺北市,信義區;大安區;中山區;中正區;大同區;萬華區;文山區;士林區;北投區,02-23390179,284vup10761180131@gmail.com,趙重凱,20250101.0,20261231.0,20241030 20:37:01
財團法人台灣省私立健順養護中心附設新北市私立健順居家式服務類長期照顧服務機構,1S0200002,1,新北市,中和區,新北市中和區大勇街96號2樓,121.5261077881,24.9936561584,B,專業照護服務,新北市,板橋區;中和區;永和區;新店區,89423255-10,yonghe.homecare@gmail.com,廖慧媛,20250101.0,20271231.0,20241227 15:46:52
財團法人老五老基金會附設臺北市私立老五老居家式服務類長期照顧服務機構,1S0100003,1,臺北市,北投區,臺北市北投區吉慶里石牌路1段14號3樓,121.5131072998,25.1103668213,B,喘息服務,臺北市,士林區;北投區,02-28929702,bt@ofo.org.tw,陳麗欣,20250101.0,20261231.0,20241030 20:45:46
社團法人中華民國士林靈糧堂社會福利協會附設臺北市私立安馨居家式服務類長期照顧服務機構,1R0100003,1,臺北市,士林區,臺北市士林區富光里延平北路五段83巷28弄11號,121.509185791,25.0815906525,B,喘息服務,臺北市,松山區;中山區;大同區;內湖區;士林區;北投區,02-28110515,homeservice@slsc.org.tw,劉群茂,20200110.0,20241231.0,20221230 20:02:41
社團法人台北市家庭照顧者關懷協會附設臺北市私立家協居家式服務類長期照顧服務機構,1R0100004,1,臺北市,大安區,臺北市大安區黎孝里和平東路三段232號3樓,121.5546951294,25.0220489502,B,喘息服務,臺北市,松山區;信義區;大安區,02-27398737#17,service@carer.org.tw,盧雪華,20250101.0,20261231.0,20241120 10:55:06
財團法人宜蘭縣私立力麗社會福利慈善事業基金會附設臺北市私立力麗居家式服務類長期照顧服務機構,1S0100007,1,臺北市,中正區,臺北市中正區南福里和平西路一段107號,121.5174331665,25.0270843506,B,居家服務,臺北市,松山區;信義區;大安區;中山區;中正區,02-23938326,liyvonne@leadingage.com.tw,郭銓慶,20240101.0,20261231.0,20231229 09:26:50
財團法人宜蘭縣私立力麗社會福利慈善事業基金會附設臺北市私立力麗居家式服務類長期照顧服務機構,1S0100007,1,臺北市,中正區,臺北市中正區南福里和平西路一段107號,121.5174331665,25.0270843506,B,喘息服務,臺北市,松山區;信義區;大安區;中山區;中正區,02-23938326,liyvonne@leadingage.com.tw,郭銓慶,20250101.0,20261231.0,20241120 15:25:45
財團法人恆安社會福利慈善事業基金會附設臺北市私立恆安居家式服務類長期照顧服務機構,1S0100008,1,臺北市,大安區,臺北市大安區群賢里和平東路二段295號12樓,121.5446929932,25.0249919891,B,營養餐飲服務,臺北市,文山區,02-2333-1955,hanganhomecare@gmail.com,胡世賢,20180701.0,20231231.0,20211223 15:07:11
臺北市私立仁群居家長照機構,1X0100002,1,臺北市,中山區,臺北市中山區下埤里民族東路512巷12號1樓,121.5419845581,25.0675392151,B,居家服務,臺北市,松山區;中山區;大同區,02-25016299,kindhomeservice@gmail.com,劉昱森,20200101.0,20231231.0,20211230 15:58:54
臺北市私立仁群居家長照機構,1X0100002,1,臺北市,中山區,臺北市中山區下埤里民族東路512巷12號1樓,121.5419845581,25.0675392151,B,喘息服務,臺北市,松山區;中山區;大同區,02-25016299,kindhomeservice@gmail.com,劉昱森,20250101.0,20261231.0,20241122 15:28:22
臺北市私立大心居家長照機構,1X0100004,1,臺北市,萬華區,臺北市萬華區富民里康定路348號2樓之1,121.4925003052,25.0255661011,B,喘息服務,臺北市,信義區;大安區;中山區;中正區;大同區;萬華區;文山區;士林區;北投區,02-23390179,284vup10761180131@gmail.com,趙重凱,20240703.0,20241231.0,20240704 08:41:38
臺北市私立大心居家長照機構,1X0100004,1,臺北市,萬華區,臺北市萬華區富民里康定路348號2樓之1,121.4925003052,25.0255661011,B,喘息服務,新北市,中和區;永和區;新店區,02-23390179,284vup10761180131@gmail.com,趙重凱,20250101.0,20271231.0,20241219 11:49:06
臺北市私立大心居家長照機構,1X0100004,1,臺北市,萬華區,臺北市萬華區富民里康定路348號2樓之1,121.4925003052,25.0255661011,B,居家服務,臺北市,中正區;大同區;萬華區;文山區,02-23390179,284vup10761180131@gmail.com,趙重凱,20180101.0,20231231.0,20211230 15:06:00
臺北市私立大心居家長照機構,1X0100004,1,臺北市,萬華區,臺北市萬華區富民里康定路348號2樓之1,121.4925003052,25.0255661011,B,居家服務,臺北市,中正區;大同區;萬華區;文山區,02-23390179,284vup10761180131@gmail.com,趙重凱,20240101.0,20261231.0,20231229 10:27:38
財團法人台灣省私立健順養護中心附設新北市私立健順居家式服務類長期照顧服務機構,1S0200002,1,新北市,中和區,新北市中和區大勇街96號2樓,121.5261077881,24.9936561584,B,居家服務,新北市,板橋區;中和區;永和區;新店區,89423255-10,yonghe.homecare@gmail.com,廖慧媛,20250101.0,20271231.0,20241227 15:47:12
財團法人錸德文教基金會附設新北市私立永和錸工場社區長照機構,2S0200009,2,新北市,永和區,新北市永和區永和路二段116號3樓,121.5149459839,25.0129718781,B,喘息服務,新北市,中和區;永和區,02-22326700,yiying.chen@ricare.com.tw,楊慰芬,20250101.0,20271231.0,20241219 10:36:28
社團法人愛福家協會附設新北市私立板橋愛活樂園社區長照機構(新北市板橋愛活樂園公共托老中心),2G0200005,2,新北市,板橋區,新北市板橋區忠翠里雙十路二段215號4樓,121.4729766846,25.0289154053,B,喘息服務,新北市,板橋區;三重區;中和區;永和區;新莊區;新店區;樹林區;鶯歌區;三峽區;淡水區;汐止區;瑞芳區;土城區;蘆洲區;五股區;泰山區;林口區;深坑區;石碇區;坪林區;三芝區;石門區;八里區;平溪區;雙溪區;貢寮區;金山區;萬里區;烏來區,02-22506500,rd01@ilive.org.tw,涂林德媛,20250101.0,20271231.0,20241226 16:28:38
社團法人愛福家協會附設新北市私立中和大同社區長照機構,2G0200004,2,新北市,中和區,新北市中和區圓通路121巷5號,121.4995422363,24.9955883026,B,日間照顧服務,新北市,板橋區;中和區;永和區,02-22400662,rd03@ilive.org.tw,涂林德媛,20250101.0,20271231.0,20250113 11:56:20
財團法人伊甸社會福利基金會附設新北市私立三峽北大社區長照機構,2G0200002,2,新北市,三峽區,新北市三峽區龍恩里學成路396號2樓之1,121.3779525757,24.9439907074,B,日間照顧服務,新北市,樹林區;鶯歌區;三峽區;土城區,02-86713217,eden6850@eden.org.tw,陳宇昭,20250101.0,20271231.0,20241224 14:32:49
國立臺灣大學醫學院附設醫院金山分院附設居家護理所,B10200011,B1,新北市,金山區,新北市金山區五湖里玉爐路7號,121.62840271,25.2195529938,B,專業照護服務,新北市,三芝區;石門區;金山區;萬里區,02-24989898,eaglejsh@gmail.com,劉旭華,20250101.0,20271231.0,20241226 16:04:04
廣川醫院,B20200002,B2,新北市,土城區,新北市土城區裕民路276號,121.4549713135,24.9823818207,B,專業照護服務,新北市,土城區,02-22617000,gracelin1201@yahoo.com.tw,柯基生,20220101.0,20241231.0,20220314 14:37:42
天主教耕莘醫療財團法人耕莘醫院,B20200008,B2,新北市,新店區,新北市新店區百和里中正路362號,121.5357513428,24.9762935638,A,個案管理服務,新北市,新店區;烏來區,02-22193391#66022,cms.c.c.1912@gmail.com,鄒繼群,20250101.0,20250630.0,20241231 15:21:08
好康居家呼吸照護所,B80100001,B8,臺北市,中正區,臺北市中正區砂子杭州南路一段23號,121.5264968872,25.0423641205,B,專業照護服務,新北市,板橋區;三重區;中和區;永和區;新莊區;新店區;樹林區;鶯歌區;三峽區;淡水區;土城區;蘆洲區;五股區;泰山區,02-23910529,hokahnrt@gmail.com,楊玲玲,20220101.0,20241231.0,20220210 15:31:16
新北市永和區民權社區發展協會(社照C),BF0200006,BF,新北市,永和區,新北市永和區民族里民權路60號4樓,121.5199203491,24.9980163574,C,巷弄長照站,新北市,永和區,02-2943-3377,Gogo1020a@gmail.com,邱秀蘭,20220101.0,20231231.0,20230531 21:17:09
財團法人台灣省私立健順養護中心附設新北市私立健順居家式服務類長期照顧服務機構,1S0200002,1,新北市,中和區,新北市中和區大勇街96號2樓,121.5261077881,24.9936561584,B,喘息服務,新北市,板橋區;中和區;永和區;新店區,89423255-10,yonghe.homecare@gmail.com,廖慧媛,20250101.0,20271231.0,20241227 15:50:23
臺北市政府社會局委託財團法人台灣省私立健順養護中心經營管理臺北市復華社區長照機構,2S0100008,2,臺北市,中山區,臺北市中山區遼寧街185巷11號2-3樓,121.5427627563,25.0534248352,B,小規模多機能服務,臺北市,松山區;信義區;大安區;中山區;中正區;大同區;萬華區;文山區;南港區;內湖區;士林區;北投區,02-27171393,fuhua1060810@gmail.com,廖慧媛,20250101.0,20261231.0,20241231 11:09:11
臺北市私立快樂之家社區式服務類長期照顧服務機構(家庭托顧),2X0100003,2,臺北市,北投區,臺北市北投區溫泉里光明路240之4號,121.5076828003,25.1361923218,B,家庭托顧服務,臺北市,松山區;信義區;大安區;中山區;中正區;大同區;萬華區;文山區;南港區;內湖區;士林區;北投區,02-28947640,ab0935220571@gmail.com,王桂英,20240101.0,20261231.0,20240206 11:06:31
臺北市私立大千之家社區式服務類長期照顧機構(家庭托顧),2X0100005,2,臺北市,北投區,臺北市北投區中庸里雙全街48巷5號,121.5006713867,25.1380157471,B,家庭托顧服務,臺北市,松山區;信義區;大安區;中山區;中正區;大同區;萬華區;文山區;南港區;內湖區;士林區;北投區,0929314190,naro@ms66.url.com.tw,李元傑,20240101.0,20261231.0,20240206 10:59:18
博仁綜合醫院附設居家護理所,B10100005,B1,臺北市,松山區,臺北市松山區復勢里光復北路66號,121.5576858521,25.0499095917,B,專業照護服務,臺北市,松山區;信義區;大安區;中山區;中正區;大同區;萬華區;文山區;南港區;內湖區;士林區;北投區,02-25782518#2300,pojenghhomecare@gmail.com,曾月盃,20180101.0,20241231.0,20221229 23:18:37
財團法人獎卿護理展望基金會大台北居家護理所,B10100007,B1,臺北市,大安區,臺北市大安區龍坡里和平東路一段216號,121.5318603516,25.0260295868,B,居家失能個案家庭醫師照護服務,臺北市,大安區;中正區,02-23646040#17,ccfhcn@yahoo.com.tw,王金蓮,20250101.0,20261231.0,20250204 16:22:49
三軍總醫院松山分院附設民眾診療服務處附設居家護理所,B10100009,B1,臺北市,松山區,臺北市松山區龍田里健康路131號,121.5576705933,25.0543727875,B,專業照護服務,臺北市,松山區;信義區;中山區;內湖區,02-27617086,avid.nemuca@msa.hinet.net,張郁敏,20250101.0,20261231.0,20241101 09:57:13
春暖居家護理所,B10200001,B1,新北市,汐止區,新北市汐止區保長里大同路二段458號2樓,121.6835861206,25.0731182098,B,專業照護服務,臺北市,松山區;信義區;大安區;中山區;中正區;大同區;萬華區;文山區;南港區;內湖區;士林區;北投區,02-26481736,yunjil334889@gmail.com,蔡芸婕,20250101.0,20261231.0,20241025 10:59:26
永昱居家呼吸照護所,B10100030,B1,臺北市,大同區,臺北市大同區玉泉里南京西路155巷28號,121.5136032104,25.0546188354,B,專業照護服務,臺北市,松山區;信義區;大安區;中山區;中正區;大同區;萬華區;文山區;南港區;內湖區;士林區;北投區,02-25560795,mg1314520@gmail.com,林育如,20180619.0,20201231.0,20210112 11:41:37
適健復健科診所,B20100004,B2,臺北市,大安區,臺北市大安區建倫里忠孝東路四段166號,121.550567627,25.0411453247,B,專業照護服務,臺北市,松山區;信義區;大安區;中山區;中正區;大同區;萬華區;文山區;南港區;內湖區;士林區;北投區,02-87717039,scrc.service@gmail.com,陳昭蓉,20250101.0,20261231.0,20241105 18:45:31
適健復健科診所,B20100004,B2,臺北市,大安區,臺北市大安區建倫里忠孝東路四段166號,121.550567627,25.0411453247,B,專業照護服務,臺北市,松山區;信義區;大安區;中山區;中正區;大同區;萬華區;文山區;南港區;內湖區;士林區;北投區,02-87717039,scrc.service@gmail.com,陳昭蓉,20180412.0,20241231.0,20221230 20:09:10
財團法人台灣省私立健順養護中心附設新北市私立健順居家式服務類長期照顧服務機構,1S0200002,1,新北市,中和區,新北市中和區大勇街96號2樓,121.5261077881,24.9936561584,A,個案管理服務,新北市,板橋區;中和區,89423255-10,yonghe.homecare@gmail.com,廖慧媛,20250101.0,20250630.0,20241231 16:37:09
社團法人中華長照協會附設新北市私立永樂居家式服務類長期照顧服務機構,1R0200001,1,新北市,永和區,新北市永和區文化里文化路155號,121.5028076172,25.0667877197,A,個案管理服務,新北市,永和區,02-29280005,erica13lin@clc5.url.tw,金浩鑫,20250101.0,20250630.0,20241231 14:25:39
社團法人中華長照協會附設新北市私立永樂居家式服務類長期照顧服務機構,1R0200001,1,新北市,永和區,新北市永和區文化里文化路155號,121.5028076172,25.0667877197,B,專業照護服務,新北市,板橋區;中和區;永和區,02-29280005,erica13lin@clc5.url.tw,金浩鑫,20230526.0,20241231.0,20230531 15:33:12
社團法人中華長照協會附設新北市私立永樂居家式服務類長期照顧服務機構,1R0200001,1,新北市,永和區,新北市永和區文化里文化路155號,121.5028076172,25.0667877197,B,居家服務,臺北市,文山區,02-29280005,erica13lin@clc5.url.tw,金浩鑫,20200408.0,20211231.0,20210114 10:47:55
臺北市政府社會局委託財團法人台灣省私立健順養護中心經營管理臺北市復華社區長照機構,2S0100008,2,臺北市,中山區,臺北市中山區遼寧街185巷11號2-3樓,121.5427627563,25.0534248352,B,日間照顧服務,臺北市,松山區;信義區;大安區;中山區;中正區;大同區;萬華區;文山區;南港區;內湖區;士林區;北投區,02-27171393,fuhua1060810@gmail.com,廖慧媛,20210101.0,20211231.0,20210201 20:29:41
臺北市政府社會局委託財團法人台灣省私立健順養護中心經營管理臺北市復華社區長照機構,2S0100008,2,臺北市,中山區,臺北市中山區遼寧街185巷11號2-3樓,121.5427627563,25.0534248352,B,小規模多機能服務,臺北市,松山區;信義區;大安區;中山區;中正區;大同區;萬華區;文山區;南港區;內湖區;士林區;北投區,02-27171393,fuhua1060810@gmail.com,廖慧媛,20180101.0,20201231.0,20190628 17:13:07
臺北市政府社會局委託財團法人台灣省私立健順養護中心經營管理臺北市復華社區長照機構,2S0100008,2,臺北市,中山區,臺北市中山區遼寧街185巷11號2-3樓,121.5427627563,25.0534248352,B,小規模多機能服務,臺北市,松山區;信義區;大安區;中山區;中正區;大同區;萬華區;文山區;南港區;內湖區;士林區;北投區,02-27171393,fuhua1060810@gmail.com,廖慧媛,20220101.0,20241231.0,20220207 14:26:40
財團法人老五老基金會附設臺北市私立老五老居家式服務類長期照顧服務機構,1S0100003,1,臺北市,北投區,臺北市北投區吉慶里石牌路1段14號3樓,121.5131072998,25.1103668213,B,喘息服務,臺北市,士林區;北投區,02-28929702,bt@ofo.org.tw,陳麗欣,20211207.0,20241231.0,20221230 14:50:05
社團法人中華民國士林靈糧堂社會福利協會附設臺北市私立安馨居家式服務類長期照顧服務機構,1R0100003,1,臺北市,士林區,臺北市士林區富光里延平北路五段83巷28弄11號,121.509185791,25.0815906525,B,居家服務,臺北市,松山區;中山區;大同區;南港區;內湖區;士林區;北投區,02-28110515,homeservice@slsc.org.tw,劉群茂,20240101.0,20261231.0,20231229 18:28:10
社團法人中華民國士林靈糧堂社會福利協會附設臺北市私立安馨居家式服務類長期照顧服務機構,1R0100003,1,臺北市,士林區,臺北市士林區富光里延平北路五段83巷28弄11號,121.509185791,25.0815906525,B,喘息服務,臺北市,松山區;中山區;大同區;南港區;內湖區;士林區;北投區,02-28110515,homeservice@slsc.org.tw,劉群茂,20250101.0,20261231.0,20241119 17:36:42
社團法人台北市家庭照顧者關懷協會附設臺北市私立家協居家式服務類長期照顧服務機構,1R0100004,1,臺北市,大安區,臺北市大安區黎孝里和平東路三段232號3樓,121.5546951294,25.0220489502,B,居家服務,臺北市,松山區;信義區;大安區,02-27398737#17,service@carer.org.tw,盧雪華,20180701.0,20231231.0,20211223 16:01:49
社團法人台北市家庭照顧者關懷協會附設臺北市私立家協居家式服務類長期照顧服務機構,1R0100004,1,臺北市,大安區,臺北市大安區黎孝里和平東路三段232號3樓,121.5546951294,25.0220489502,B,居家服務,臺北市,松山區;信義區;大安區,02-27398737#17,service@carer.org.tw,盧雪華,20240101.0,20261231.0,20231229 10:42:07
財團法人宜蘭縣私立力麗社會福利慈善事業基金會附設臺北市私立力麗居家式服務類長期照顧服務機構,1S0100007,1,臺北市,中正區,臺北市中正區南福里和平西路一段107號,121.5174331665,25.0270843506,B,喘息服務,臺北市,松山區;信義區;大安區;中山區;中正區,02-23938326,liyvonne@leadingage.com.tw,郭銓慶,20231215.0,20241231.0,20231215 15:57:40
臺北市私立仁群居家長照機構,1X0100002,1,臺北市,中山區,臺北市中山區下埤里民族東路512巷12號1樓,121.5419845581,25.0675392151,B,居家服務,臺北市,松山區;中山區;大同區,02-25016299,kindhomeservice@gmail.com,劉昱森,20180622.0,20231231.0,20211230 15:54:03
臺北市私立仁群居家長照機構,1X0100002,1,臺北市,中山區,臺北市中山區下埤里民族東路512巷12號1樓,121.5419845581,25.0675392151,B,喘息服務,臺北市,松山區;中山區;大同區,02-25016299,kindhomeservice@gmail.com,劉昱森,20200219.0,20241231.0,20221229 22:43:00
好日子心理治療所,B20200001,B2,新北市,三重區,新北市三重區田心里正義北路227號,121.4959945679,25.0690002441,B,專業照護服務,臺北市,松山區;信義區;大安區;中山區;中正區;大同區;萬華區;文山區;南港區;內湖區;士林區;北投區,0968-063864,chenwin888@gmail.com,陳映程,20180615.0,20180615.0,20190417 00:00:00
安健維康物理治療所,B40100002,B4,臺北市,松山區,臺北市松山區新東里南京東路四段183號,121.5564956665,25.0518341064,B,專業照護服務(CC01),新北市,板橋區;三重區;中和區;永和區;新莊區;樹林區;鶯歌區;土城區;蘆洲區;五股區,02-27177600,ogeypt@gmail.com,黃博靖,20250101.0,20271231.0,20241224 15:11:52
同仁物理治療所,B40200001,B4,新北市,土城區,新北市土城區埤林里中央路四段127號,121.416305542,24.9575424194,B,專業照護服務,新北市,板橋區;三重區;中和區;永和區;新莊區;新店區;樹林區;三峽區;淡水區;瑞芳區;土城區;蘆洲區;五股區;八里區,02-80763952#312,ida-chang@yahoo.com.tw,張秀娟,20220101.0,20241231.0,20220302 09:34:21
好物理治療所,B40100006,B4,臺北市,文山區,臺北市文山區萬隆里萬隆街64號,121.5370025635,25.0009212494,B,專業照護服務,新北市,板橋區;三重區;中和區;永和區;新莊區;新店區;樹林區;鶯歌區;三峽區;淡水區;汐止區;瑞芳區;土城區;蘆洲區;五股區;泰山區;林口區;深坑區;石碇區;坪林區;三芝區;石門區;八里區;烏來區,,imio1688@gmail.com,林佑青,20220101.0,20241231.0,20220221 16:39:27
好物理治療所,B40100006,B4,臺北市,文山區,臺北市文山區萬隆里萬隆街64號,121.5370025635,25.0009212494,B,專業照護服務(CC01),新北市,板橋區;三重區;中和區;永和區;新莊區;新店區;樹林區;鶯歌區;三峽區;淡水區;汐止區;瑞芳區;土城區;蘆洲區;五股區;泰山區;林口區;深坑區;石碇區;坪林區;三芝區;石門區;八里區;平溪區;雙溪區;貢寮區;金山區;萬里區;烏來區,,imio1688@gmail.com,林佑青,20220101.0,20241231.0,20230802 17:19:14
好物理治療所,B40100006,B4,臺北市,文山區,臺北市文山區萬隆里萬隆街64號,121.5370025635,25.0009212494,B,專業照護服務(CC01),宜蘭縣,宜蘭市;羅東鎮;蘇澳鎮;頭城鎮;礁溪鄉;壯圍鄉;員山鄉;冬山鄉;五結鄉;三星鄉;大同鄉;南澳鄉,,imio1688@gmail.com,林佑青,20220310.0,20260331.0,20250121 09:24:20
好物理治療所,B40100006,B4,臺北市,文山區,臺北市文山區萬隆里萬隆街64號,121.5370025635,25.0009212494,B,專業照護服務(CC01),新北市,板橋區;三重區;中和區;永和區;新莊區;新店區;樹林區;鶯歌區;三峽區;淡水區;汐止區;瑞芳區;土城區;蘆洲區;五股區;泰山區;林口區;深坑區;石碇區;坪林區;三芝區;石門區;八里區;烏來區,,imio1688@gmail.com,林佑青,20250101.0,20271231.0,20241204 15:49:17
臺北市政府社會局委託社團法人台灣德安社會福利協會經營管理臺北市大安社區長照機構,2S0100009,2,臺北市,大安區,臺北市大安區德安里四維路76巷12號,121.5473480225,25.034204483,B,喘息服務,臺北市,松山區;信義區;大安區;中山區;中正區;大同區;萬華區;文山區;南港區;內湖區;士林區;北投區,02-27086255,daanolder@gmail.com,陳敏雄,20250101.0,20261231.0,20250204 15:27:57
臺北市政府社會局委託社團法人台灣德安社會福利協會經營管理臺北市大安社區長照機構,2S0100009,2,臺北市,大安區,臺北市大安區德安里四維路76巷12號,121.5473480225,25.034204483,B,小規模多機能服務,臺北市,松山區;信義區;大安區;中山區;中正區;大同區;萬華區;文山區;南港區;內湖區;士林區;北投區,02-27086255,daanolder@gmail.com,陳敏雄,20181114.0,20241231.0,20221230 15:24:19
財團法人伊甸社會福利基金會附設臺北市私立頤福社區式長期照顧服務機構,2S0100012,2,臺北市,北投區,臺北市北投區裕民六路120號3樓,121.5176315308,25.1145401001,B,日間照顧服務,臺北市,松山區;信義區;大安區;中山區;中正區;大同區;萬華區;文山區;南港區;內湖區;士林區;北投區,02-28218267#105,dep419@eden.org.tw,羅紀琼,20200101.0,20201231.0,20201201 11:52:47
財團法人伊甸社會福利基金會附設臺北市私立頤福社區式長期照顧服務機構,2S0100012,2,臺北市,北投區,臺北市北投區裕民六路120號3樓,121.5176315308,25.1145401001,B,日間照顧服務,臺北市,松山區;信義區;大安區;中山區;中正區;大同區;萬華區;文山區;南港區;內湖區;士林區;北投區,02-28218267#105,dep419@eden.org.tw,羅紀琼,20210101.0,20211231.0,20210202 12:33:01
財團法人伊甸社會福利基金會附設臺北市私立頤福社區式長期照顧服務機構,2S0100012,2,臺北市,北投區,臺北市北投區裕民六路120號3樓,121.5176315308,25.1145401001,B,日間照顧服務,臺北市,松山區;信義區;大安區;中山區;中正區;大同區;萬華區;文山區;南港區;內湖區;士林區;北投區,02-28218267#105,dep419@eden.org.tw,羅紀琼,20220101.0,20231231.0,20220503 17:13:21
臺北市私立大心居家長照機構,1X0100004,1,臺北市,萬華區,臺北市萬華區富民里康定路348號2樓之1,121.4925003052,25.0255661011,B,居家服務,新北市,中和區;永和區;新店區,02-23390179,284vup10761180131@gmail.com,趙重凱,20250101.0,20271231.0,20241219 11:48:45
財團法人台灣省私立健順養護中心附設新北市私立健順居家式服務類長期照顧服務機構,1S0200002,1,新北市,中和區,新北市中和區大勇街96號2樓,121.5261077881,24.9936561584,B,專業照護服務,新北市,板橋區;中和區;永和區;新店區,89423255-10,yonghe.homecare@gmail.com,廖慧媛,20220101.0,20241231.0,20220322 11:34:28
社團法人中華長照協會附設新北市私立永樂居家式服務類長期照顧服務機構,1R0200001,1,新北市,永和區,新北市永和區文化里文化路155號,121.5028076172,25.0667877197,B,居家服務,新北市,板橋區;中和區;永和區,02-29280005,erica13lin@clc5.url.tw,金浩鑫,20250101.0,20271231.0,20241225 16:20:56
臺北市政府社會局委託財團法人台灣省私立健順養護中心經營管理臺北市復華社區長照機構,2S0100008,2,臺北市,中山區,臺北市中山區遼寧街185巷11號2-3樓,121.5427627563,25.0534248352,B,日間照顧服務,臺北市,松山區;信義區;大安區;中山區;中正區;大同區;萬華區;文山區;南港區;內湖區;士林區;北投區,02-27171393,fuhua1060810@gmail.com,廖慧媛,20210101.0,20211231.0,20210201 20:31:31
臺北市政府社會局委託社團法人台灣德安社會福利協會經營管理臺北市大安社區長照機構,2S0100009,2,臺北市,大安區,臺北市大安區德安里四維路76巷12號,121.5473480225,25.034204483,B,小規模多機能服務,臺北市,松山區;信義區;大安區;中山區;中正區;大同區;萬華區;文山區;南港區;內湖區;士林區;北投區,02-27086255,daanolder@gmail.com,陳敏雄,20240101.0,20261231.0,20240102 15:02:02
臺北市私立千千之家社區式服務類長期照顧服務機構(家庭托顧),2X0100004,2,臺北市,北投區,臺北市北投區永欣里同德街27巷16號,121.5291824341,25.1249637604,B,家庭托顧服務,臺北市,松山區;信義區;大安區;中山區;中正區;大同區;萬華區;文山區;南港區;內湖區;士林區;北投區,02-28722140,naro@ms66.url.com.tw,彭麗蓉,20240101.0,20261231.0,20240206 11:00:26
三軍總醫院松山分院附設民眾診療服務處附設居家護理所,B10100009,B1,臺北市,松山區,臺北市松山區龍田里健康路131號,121.5576705933,25.0543727875,B,專業照護服務,臺北市,松山區,02-27617086,avid.nemuca@msa.hinet.net,張郁敏,20180101.0,20241231.0,20221229 22:56:48
財團法人臺灣省私立臺北仁濟院附設仁濟醫院附設居家護理所,B10100020,B1,臺北市,萬華區,臺北市萬華區青山里廣州街243號,121.4980392456,25.0368881226,B,專業照護服務,臺北市,萬華區,23021133,homecare@tjci.org.tw,陳麗蘋,20250101.0,20261231.0,20241025 10:41:36
財團法人私立台北醫學大學附設醫院附設居家護理所,B20100001,B2,臺北市,信義區,臺北市信義區莊敬路330號5樓,121.5631103516,25.0270404816,B,營養餐飲服務,臺北市,信義區,02-27372181#3938,tmchchn@h.tmu.edu.tw,陳麗絹,20180101.0,20241231.0,20221230 20:13:26
財團法人私立台北醫學大學附設醫院附設居家護理所,B20100001,B2,臺北市,信義區,臺北市信義區莊敬路330號5樓,121.5631103516,25.0270404816,B,營養餐飲服務,臺北市,信義區,02-27372181#3938,tmchchn@h.tmu.edu.tw,陳麗絹,20180101.0,20241231.0,20221230 20:13:26
財團法人私立台北醫學大學附設醫院附設居家護理所,B20100001,B2,臺北市,信義區,臺北市信義區莊敬路330號5樓,121.5631103516,25.0270404816,B,專業照護服務,臺北市,松山區;信義區;大安區;中山區;中正區;大同區;萬華區;文山區;南港區;內湖區;士林區;北投區,02-27372181#3938,tmchchn@h.tmu.edu.tw,陳麗絹,20180101.0,20241231.0,20221230 20:13:26
適健復健科診所,B20100004,B2,臺北市,大安區,臺北市大安區建倫里忠孝東路四段166號,121.550567627,25.0411453247,B,居家失能個案家庭醫師照護服務,臺北市,松山區;信義區;大安區;中正區;萬華區;南港區,02-87717039,scrc.service@gmail.com,陳昭蓉,20190906.0,20221231.0,20210113 00:41:12
臺北醫學大學附設醫院,B20100021,B2,臺北市,信義區,臺北市信義區吳興街252號,121.5631103516,25.0270404816,B,營養餐飲服務,臺北市,信義區,02-27372181#3938,tmchchn@h.tmu.edu.tw,施俊明,20180101.0,20241231.0,20221230 20:13:26
安健維康物理治療所,B40100002,B4,臺北市,松山區,臺北市松山區新東里南京東路四段183號,121.5564956665,25.0518341064,B,專業照護服務,新北市,板橋區;三重區;中和區;永和區;新莊區;樹林區;鶯歌區;土城區;蘆洲區;五股區,02-27177600,ogeypt@gmail.com,黃博靖,20220101.0,20241231.0,20220224 16:34:47
安健維康物理治療所,B40100002,B4,臺北市,松山區,臺北市松山區新東里南京東路四段183號,121.5564956665,25.0518341064,B,專業照護服務,臺北市,松山區;信義區;大安區;中山區;中正區;大同區;萬華區;文山區;南港區;內湖區;士林區;北投區,02-27177600,ogeypt@gmail.com,黃博靖,20250101.0,20261231.0,20241101 10:18:55
同仁物理治療所,B40200001,B4,新北市,土城區,新北市土城區埤林里中央路四段127號,121.416305542,24.9575424194,B,專業照護服務,臺北市,松山區;信義區;大安區;中山區;中正區;大同區;萬華區;文山區;南港區;內湖區;士林區;北投區,02-80763952#312,ida-chang@yahoo.com.tw,張秀娟,20180101.0,20241231.0,20221230 18:29:35
同仁物理治療所,B40200001,B4,新北市,土城區,新北市土城區埤林里中央路四段127號,121.416305542,24.9575424194,B,專業照護服務,新北市,板橋區;三重區;中和區;永和區;新莊區;新店區;樹林區;三峽區;淡水區;瑞芳區;土城區;蘆洲區;五股區;八里區,02-80763952#312,ida-chang@yahoo.com.tw,張秀娟,20250101.0,20271231.0,20250106 08:50:26
同仁物理治療所,B40200001,B4,新北市,土城區,新北市土城區埤林里中央路四段127號,121.416305542,24.9575424194,B,專業照護服務(CC01),新北市,板橋區;三重區;中和區;永和區;新莊區;新店區;樹林區;三峽區;淡水區;瑞芳區;土城區;蘆洲區;五股區;八里區,02-80763952#312,ida-chang@yahoo.com.tw,張秀娟,20250101.0,20271231.0,20250106 08:51:11
財團法人伊甸社會福利基金會附設臺北市私立頤福社區式長期照顧服務機構,2S0100012,2,臺北市,北投區,臺北市北投區裕民六路120號3樓,121.5176315308,25.1145401001,B,日間照顧服務,臺北市,松山區;信義區;大安區;中山區;中正區;大同區;萬華區;文山區;南港區;內湖區;士林區;北投區,02-28218267#105,dep419@eden.org.tw,羅紀琼,20240101.0,20261231.0,20240102 11:19:28
臺北市私立大千之家社區式服務類長期照顧機構(家庭托顧),2X0100005,2,臺北市,北投區,臺北市北投區中庸里雙全街48巷5號,121.5006713867,25.1380157471,B,家庭托顧服務,新北市,10;15;5;淡水區,0929314190,naro@ms66.url.com.tw,李元傑,20250101.0,20271231.0,20241226 14:49:53
財團法人獎卿護理展望基金會大台北居家護理所,B10100007,B1,臺北市,大安區,臺北市大安區龍坡里和平東路一段216號,121.5318603516,25.0260295868,B,專業照護服務,臺北市,大安區,02-23646040#17,ccfhcn@yahoo.com.tw,王金蓮,20180101.0,20241231.0,20221230 15:21:42
財團法人獎卿護理展望基金會大台北居家護理所,B10100007,B1,臺北市,大安區,臺北市大安區龍坡里和平東路一段216號,121.5318603516,25.0260295868,B,居家失能個案家庭醫師照護服務,臺北市,大安區;中正區,02-23646040#17,ccfhcn@yahoo.com.tw,王金蓮,20230927.0,20241231.0,20230928 19:20:04
春暖居家護理所,B10200001,B1,新北市,汐止區,新北市汐止區保長里大同路二段458號2樓,121.6835861206,25.0731182098,B,專業照護服務,臺北市,松山區;信義區;大安區;中山區;中正區;大同區;萬華區;文山區;南港區;內湖區;士林區;北投區,02-26481736,yunjil334889@gmail.com,蔡芸婕,20180101.0,20241231.0,20221230 19:12:22
財團法人私立台北醫學大學附設醫院附設居家護理所,B20100001,B2,臺北市,信義區,臺北市信義區莊敬路330號5樓,121.5631103516,25.0270404816,B,專業照護服務,臺北市,信義區;大安區;文山區;南港區,02-27372181#3938,tmchchn@h.tmu.edu.tw,陳麗絹,20250101.0,20261231.0,20241101 18:06:04
臺北醫學大學附設醫院,B20100021,B2,臺北市,信義區,臺北市信義區吳興街252號,121.5631103516,25.0270404816,A,個案管理服務,臺北市,信義區,02-27372181#3938,tmchchn@h.tmu.edu.tw,施俊明,20230101.0,20241231.0,20230208 09:12:09
安健維康物理治療所,B40100002,B4,臺北市,松山區,臺北市松山區新東里南京東路四段183號,121.5564956665,25.0518341064,B,專業照護服務,臺北市,松山區;信義區;大安區;中山區;中正區;大同區;萬華區;文山區;南港區;內湖區;士林區;北投區,02-27177600,ogeypt@gmail.com,黃博靖,20180101.0,20241231.0,20221229 22:35:02
安健維康物理治療所,B40100002,B4,臺北市,松山區,臺北市松山區新東里南京東路四段183號,121.5564956665,25.0518341064,B,專業照護服務,新北市,板橋區;三重區;中和區;永和區;新莊區;樹林區;鶯歌區;土城區;蘆洲區;五股區,02-27177600,ogeypt@gmail.com,黃博靖,20250101.0,20271231.0,20241224 15:11:24
同仁物理治療所,B40200001,B4,新北市,土城區,新北市土城區埤林里中央路四段127號,121.416305542,24.9575424194,B,專業照護服務(CC01),新北市,板橋區;三重區;中和區;永和區;新莊區;新店區;樹林區;鶯歌區;三峽區;淡水區;汐止區;瑞芳區;土城區;蘆洲區;五股區;泰山區;林口區;深坑區;石碇區;坪林區;三芝區;石門區;八里區;平溪區;雙溪區;貢寮區;金山區;萬里區;烏來區,02-80763952#312,ida-chang@yahoo.com.tw,張秀娟,20180101.0,20241231.0,20230802 17:19:14
脊立安居家物理治療所,B40100004,B4,臺北市,信義區,臺北市信義區永吉路491巷46號,121.5793533325,25.0455780029,B,專業照護服務,新北市,板橋區;三重區;中和區;永和區;新莊區;新店區;樹林區;淡水區;瑞芳區;土城區;蘆洲區;五股區;泰山區;林口區;三芝區;石門區;八里區;貢寮區;金山區;萬里區,0988-279500,w86521@gmail.com,蔡世元,20220101.0,20241231.0,20220406 08:56:07
好物理治療所,B40100006,B4,臺北市,文山區,臺北市文山區萬隆里萬隆街64號,121.5370025635,25.0009212494,B,專業照護服務,宜蘭縣,宜蘭市;羅東鎮;蘇澳鎮;頭城鎮;礁溪鄉;壯圍鄉;員山鄉;冬山鄉;五結鄉;三星鄉,,imio1688@gmail.com,林佑青,20220310.0,20260331.0,20250121 09:23:19
好物理治療所,B40100006,B4,臺北市,文山區,臺北市文山區萬隆里萬隆街64號,121.5370025635,25.0009212494,B,專業照護服務,臺北市,松山區;信義區;大安區;中山區;中正區;大同區;萬華區;文山區;南港區;內湖區;士林區;北投區,,imio1688@gmail.com,林佑青,20180329.0,20241231.0,20221229 22:44:45
財團法人天主教聖母聖心會,BD0100004,BD,臺北市,中正區,臺北市中正區中山北路一段2號,121.519493103,25.0460567474,B,喘息服務,臺北市,中正區,02-23028934,marie_la_frat@yahoo.com,王秀枝,20180101.0,20191231.0,20190417 00:00:00
愛迪樂居家職能治療所,B50100011,B5,臺北市,南港區,臺北市南港區福德街373巷5號15樓,121.5912399292,25.0403423309,B,專業照護服務,臺北市,松山區;信義區;大安區;中山區;中正區;大同區;萬華區;文山區;南港區;內湖區;士林區;北投區,,adlers0615@gmail.com,鍾孟修,20180301.0,20241231.0,20221230 18:51:22
愛迪樂居家職能治療所,B50100011,B5,臺北市,南港區,臺北市南港區福德街373巷5號15樓,121.5912399292,25.0403423309,B,專業照護服務,新北市,板橋區;三重區;中和區;永和區;新莊區;新店區;樹林區;鶯歌區;三峽區;淡水區;汐止區;瑞芳區;土城區;蘆洲區;五股區;泰山區;林口區;深坑區;石碇區;坪林區;三芝區;石門區;八里區;平溪區;雙溪區;貢寮區;金山區;萬里區;烏來區,,adlers0615@gmail.com,鍾孟修,20220101.0,20241231.0,20220321 15:33:34
愛迪樂居家職能治療所,B50100011,B5,臺北市,南港區,臺北市南港區福德街373巷5號15樓,121.5912399292,25.0403423309,B,專業照護服務(CC01),新北市,板橋區;三重區;中和區;永和區;新莊區;新店區;樹林區;鶯歌區;三峽區;淡水區;汐止區;瑞芳區;土城區;蘆洲區;五股區;泰山區;林口區;深坑區;石碇區;坪林區;三芝區;石門區;八里區;平溪區;雙溪區;貢寮區;金山區;萬里區;烏來區,,adlers0615@gmail.com,鍾孟修,20220101.0,20241231.0,20230802 17:19:14
愛迪樂居家職能治療所,B50100011,B5,臺北市,南港區,臺北市南港區福德街373巷5號15樓,121.5912399292,25.0403423309,B,專業照護服務(CC01),桃園市,桃園區;中壢區;大溪區;楊梅區;蘆竹區;大園區;龜山區;八德區;龍潭區;平鎮區;新屋區;觀音區,,adlers0615@gmail.com,鍾孟修,20240102.0,20251231.0,20240306 15:26:11
好物理治療所,B40100006,B4,臺北市,文山區,臺北市文山區萬隆里萬隆街64號,121.5370025635,25.0009212494,B,專業照護服務,臺北市,松山區;信義區;大安區;中山區;中正區;大同區;萬華區;文山區;南港區;內湖區;士林區;北投區,,imio1688@gmail.com,林佑青,20250101.0,20261231.0,20241018 16:21:53
適悅物理治療所,B40100007,B4,臺北市,中山區,臺北市中山區龍江路114巷1號,121.5401916504,25.0531959534,B,專業照護服務,臺北市,松山區;信義區;大安區;中山區;中正區;大同區;萬華區;文山區;士林區,,j3677296@gmail.com,丁俊文,20250101.0,20261231.0,20241105 18:39:20
社團法人中華民國士林靈糧堂社會福利協會,BE0100001,BE,臺北市,士林區,臺北市士林區延平北路五段83巷28弄11號1樓,121.509185791,25.0815906525,A,個案管理服務,臺北市,北投區,02-28110515,homeservice@slsc.org.tw,劉群茂,20230727.0,20241231.0,20230208 09:02:02
佛教慈濟醫療財團法人附設新北市私立台北慈濟居家式服務類長期照顧服務機構,1S0200003,1,新北市,新店區,新北市新店區明德里建國路289號,121.5370330811,24.9858970642,B,喘息服務,新北市,板橋區;中和區;永和區;新店區,02-66289779,maggie16471@tzuchi.com.tw,釋證嚴,20250101.0,20271231.0,20241226 15:22:34
財團法人新北市私立雙連社會福利慈善事業基金會附設新北市私立雙連居家長照機構,1S0200006,1,新北市,新莊區,新北市新莊區昌平里中央路51號3樓,121.4569778442,25.0585861206,B,喘息服務,新北市,新莊區;淡水區;三芝區;石門區,02-85217872,info@slswf.org.tw,蔡政道,20250101.0,20271231.0,20241216 14:58:46
財團法人新北市私立雙連社會福利慈善事業基金會附設新北市私立雙連居家長照機構,1S0200006,1,新北市,新莊區,新北市新莊區昌平里中央路51號3樓,121.4569778442,25.0585861206,B,營養餐飲服務,新北市,淡水區;三芝區,02-85217872,info@slswf.org.tw,蔡政道,20250101.0,20250131.0,20250122 14:41:43
社團法人中華民國照顧服務員專業發展協會附設新北市私立照顧服務員居家式服務類長期照顧服務機構,1R0200003,1,新北市,土城區,新北市土城區青仁路22號1樓,121.4607696533,24.9791526794,A,個案管理服務,新北市,土城區,02-22651680,careworkertw@yahoo.com.tw,許婉菁,20250101.0,20250630.0,20241231 16:11:48
社團法人中華民國照顧服務員專業發展協會附設新北市私立照顧服務員居家式服務類長期照顧服務機構,1R0200003,1,新北市,土城區,新北市土城區青仁路22號1樓,121.4607696533,24.9791526794,B,居家服務,新北市,土城區;貢寮區,02-22651680,careworkertw@yahoo.com.tw,許婉菁,20250101.0,20271231.0,20241218 14:14:35
新北市私立璟馨居家長照機構,1X0200005,1,新北市,土城區,新北市土城區延峯街24巷5號1樓,121.4687805176,24.9858112335,B,喘息服務,新北市,土城區,02-77230968,jxabccare@gmail.com,洪慧珍,20250101.0,20271231.0,20250114 10:12:44
皓仁健康照護事業有限公司附設新北市私立皓仁居家式服務類長期照顧服務機構,1X0200015,1,新北市,汐止區,新北市汐止區大同里大同路二段240號11樓,121.6540374756,25.0654830933,B,居家服務,基隆市,中正區;七堵區;暖暖區;仁愛區;中山區;安樂區;信義區,02-26480680,yenjen@haoren.com.tw,謝李麗雲,20231206.0,20250421.0,20250204 08:47:06
皓仁健康照護事業有限公司附設新北市私立皓仁居家式服務類長期照顧服務機構,1X0200015,1,新北市,汐止區,新北市汐止區大同里大同路二段240號11樓,121.6540374756,25.0654830933,B,居家服務,基隆市,中正區;七堵區;暖暖區;仁愛區;中山區;安樂區;信義區,02-26480680,yenjen@haoren.com.tw,謝李麗雲,20250422.0,20270330.0,20250418 09:37:52
皓仁健康照護事業有限公司附設新北市私立皓仁居家式服務類長期照顧服務機構,1X0200015,1,新北市,汐止區,新北市汐止區大同里大同路二段240號11樓,121.6540374756,25.0654830933,B,喘息服務,新北市,板橋區;三重區;中和區;永和區;新莊區;樹林區;汐止區;瑞芳區,02-26480680,yenjen@haoren.com.tw,謝李麗雲,20250101.0,20271231.0,20241217 15:23:56
社團法人中華民國士林靈糧堂社會福利協會,BE0100001,BE,臺北市,士林區,臺北市士林區延平北路五段83巷28弄11號1樓,121.509185791,25.0815906525,A,個案管理服務,臺北市,內湖區,02-28110515,homeservice@slsc.org.tw,劉群茂,20250101.0,20261231.0,20241231 18:17:00
財團法人台灣省私立健順養護中心附設新北市私立新店柴埕社區長照機構,2S0200004,2,新北市,新店區,新北市新店區安民街79號4樓、5樓,121.5165710449,24.9675579071,B,喘息服務,新北市,中和區;永和區;新店區,02-22121753,Chiche.daycare@msa.hinet.net,廖慧媛,20250101.0,20271231.0,20241216 09:41:41
佛教慈濟醫療財團法人附設新北市私立台北慈濟居家式服務類長期照顧服務機構,1S0200003,1,新北市,新店區,新北市新店區明德里建國路289號,121.5370330811,24.9858970642,B,居家服務,新北市,板橋區;中和區;永和區;新店區,02-66289779,maggie16471@tzuchi.com.tw,釋證嚴,20250101.0,20271231.0,20241226 15:22:01
財團法人新北市私立雙連社會福利慈善事業基金會附設新北市私立雙連居家長照機構,1S0200006,1,新北市,新莊區,新北市新莊區昌平里中央路51號3樓,121.4569778442,25.0585861206,A,個案管理服務,新北市,新莊區;淡水區,02-85217872,info@slswf.org.tw,蔡政道,20250101.0,20250630.0,20241231 16:31:34
財團法人新北市私立雙連社會福利慈善事業基金會附設新北市私立雙連居家長照機構,1S0200006,1,新北市,新莊區,新北市新莊區昌平里中央路51號3樓,121.4569778442,25.0585861206,B,居家服務,新北市,新莊區;淡水區;三芝區;石門區,02-85217872,info@slswf.org.tw,蔡政道,20250101.0,20271231.0,20241216 14:58:13
社團法人中華民國照顧服務員專業發展協會附設新北市私立照顧服務員居家式服務類長期照顧服務機構,1R0200003,1,新北市,土城區,新北市土城區青仁路22號1樓,121.4607696533,24.9791526794,B,營養餐飲服務,新北市,土城區,02-22651680,careworkertw@yahoo.com.tw,許婉菁,20250101.0,20250131.0,20250122 14:36:27
社團法人中華民國照顧服務員專業發展協會附設新北市私立照顧服務員居家式服務類長期照顧服務機構,1R0200003,1,新北市,土城區,新北市土城區青仁路22號1樓,121.4607696533,24.9791526794,B,喘息服務,新北市,土城區;貢寮區,02-22651680,careworkertw@yahoo.com.tw,許婉菁,20250101.0,20271231.0,20241218 14:14:57
新北市私立璟馨居家長照機構,1X0200005,1,新北市,土城區,新北市土城區延峯街24巷5號1樓,121.4687805176,24.9858112335,B,專業照護服務,新北市,板橋區;三重區;中和區;永和區;新莊區;新店區;樹林區;三峽區;汐止區;土城區;蘆洲區;五股區;泰山區;林口區,02-77230968,jxabccare@gmail.com,洪慧珍,20220101.0,20241231.0,20220302 09:38:45
景安護理之家,A30200020,A3,新北市,中和區,新北市中和區景安路42號5樓、46號4~5樓、50號3~4樓,121.5068817139,24.9981422424,B,喘息服務,新北市,板橋區;三重區;中和區;永和區;新莊區;新店區;樹林區;鶯歌區;三峽區;淡水區;汐止區;瑞芳區;土城區;蘆洲區;五股區;泰山區;林口區;深坑區;石碇區;坪林區;三芝區;石門區;八里區;平溪區;雙溪區;貢寮區;金山區;萬里區;烏來區,02-22489826,ian22409304@gmail.com,吳明樺,20250101.0,20271231.0,20241213 09:44:41
景安護理之家,A30200020,A3,新北市,中和區,新北市中和區景安路42號5樓、46號4~5樓、50號3~4樓,121.5068817139,24.9981422424,B,喘息服務,臺北市,松山區;信義區;大安區;中山區;中正區;大同區;萬華區;文山區;南港區;內湖區;士林區;北投區,02-22489826,ian22409304@gmail.com,吳明樺,20250101.0,20261231.0,20241231 11:43:25
醫療財團法人徐元智先生醫藥基金會附設亞東居家護理所,B10200006,B1,新北市,板橋區,新北市板橋區華東里南雅南路二段21號,121.4527740479,24.9972648621,B,專業照護服務,新北市,板橋區;中和區;新莊區;樹林區;土城區,02-89667000,homecare@mail.femh.org.tw,黃明喜,20250101.0,20271231.0,20241218 10:18:06
聊聊心理治療所,B70100002,B7,臺北市,松山區,臺北市松山區復源里八德路三段106巷67號,121.55443573,25.0447463989,B,專業照護服務,臺北市,松山區;信義區;大安區;中山區;中正區;大同區;萬華區;文山區;南港區;內湖區;士林區;北投區,02-25798519,psy.julia@gmail.com,張銘倫,20250101.0,20261231.0,20240913 17:28:52
達特窩可居家物理治療所,B40200005,B4,新北市,三峽區,新北市三峽區介壽路一段276巷108弄1號,121.3798751831,24.9277610779,B,專業照護服務,桃園市,桃園區;中壢區;大溪區;楊梅區;蘆竹區;大園區;龜山區;八德區;龍潭區;平鎮區;新屋區;觀音區;復興區,02-26748522,drwalk4u@gmail.com,賴維澤,20231229.0,20251231.0,20240102 16:38:31
達特窩可居家物理治療所,B40200005,B4,新北市,三峽區,新北市三峽區介壽路一段276巷108弄1號,121.3798751831,24.9277610779,B,專業照護服務,臺北市,松山區;信義區;大安區;中山區;中正區;大同區;萬華區;文山區;南港區;內湖區;士林區;北投區,02-26748522,drwalk4u@gmail.com,賴維澤,20250101.0,20261231.0,20241025 10:36:50
承德居家護理所,B10100032,B1,臺北市,大同區,臺北市大同區承德路一段17號7樓之9,121.5170516968,25.0502490997,B,居家失能個案家庭醫師照護服務,新北市,板橋區;新店區,02-25557985,ctc690729@gmail.com,周聰杰,20250101.0,20271231.0,20241213 09:30:56
好物理治療所,B40100006,B4,臺北市,文山區,臺北市文山區萬隆里萬隆街64號,121.5370025635,25.0009212494,B,專業照護服務,新北市,板橋區;三重區;中和區;永和區;新莊區;新店區;樹林區;鶯歌區;三峽區;淡水區;汐止區;瑞芳區;土城區;蘆洲區;五股區;泰山區;林口區;深坑區;石碇區;坪林區;三芝區;石門區;八里區;烏來區,,imio1688@gmail.com,林佑青,20250101.0,20271231.0,20241204 15:49:01
惠璿諮詢中心,B60100001,B6,臺北市,信義區,臺北市信義區智誠忠孝東路五段372巷29弄15號,121.5743865967,25.0392112732,B,專業照護服務,臺北市,松山區;信義區;大安區;中山區;中正區;大同區;萬華區;文山區;南港區;內湖區;士林區;北投區,02-23457740,dietitian.shan@gmail.com,陳惠櫻,20180321.0,20180321.0,20190417 00:00:00
愛迪樂居家職能治療所,B50100011,B5,臺北市,南港區,臺北市南港區福德街373巷5號15樓,121.5912399292,25.0403423309,B,專業照護服務(CC01),桃園市,桃園區;中壢區;大溪區;楊梅區;蘆竹區;大園區;龜山區;八德區;龍潭區;平鎮區;新屋區;觀音區;復興區,,adlers0615@gmail.com,鍾孟修,20230303.0,20241231.0,20230802 17:19:14
愛迪樂居家職能治療所,B50100011,B5,臺北市,南港區,臺北市南港區福德街373巷5號15樓,121.5912399292,25.0403423309,B,專業照護服務,新北市,板橋區;三重區;中和區;永和區;新莊區;新店區;樹林區;鶯歌區;三峽區;淡水區;汐止區;瑞芳區;土城區;蘆洲區;五股區;泰山區;林口區;深坑區;石碇區;坪林區;三芝區;石門區;八里區;平溪區;雙溪區;貢寮區;金山區;萬里區;烏來區,,adlers0615@gmail.com,鍾孟修,20250101.0,20271231.0,20241225 11:00:31
達特窩可居家物理治療所,B40200005,B4,新北市,三峽區,新北市三峽區介壽路一段276巷108弄1號,121.3798751831,24.9277610779,B,專業照護服務,臺北市,松山區;信義區;大安區;中山區;中正區;大同區;萬華區;文山區;南港區;內湖區;士林區;北投區,02-26748522,drwalk4u@gmail.com,賴維澤,20180801.0,20241231.0,20221229 23:13:25
達特窩可居家物理治療所,B40200005,B4,新北市,三峽區,新北市三峽區介壽路一段276巷108弄1號,121.3798751831,24.9277610779,B,專業照護服務,新北市,板橋區;三重區;中和區;永和區;新莊區;新店區;樹林區;鶯歌區;三峽區;土城區;蘆洲區;五股區;泰山區;林口區,02-26748522,drwalk4u@gmail.com,賴維澤,20220101.0,20241231.0,20220315 16:32:51
達特窩可居家物理治療所,B40200005,B4,新北市,三峽區,新北市三峽區介壽路一段276巷108弄1號,121.3798751831,24.9277610779,B,專業照護服務,宜蘭縣,宜蘭市;羅東鎮;蘇澳鎮;頭城鎮;礁溪鄉;壯圍鄉;員山鄉;冬山鄉;五結鄉;三星鄉;大同鄉;南澳鄉,02-26748522,drwalk4u@gmail.com,賴維澤,20230221.0,20260331.0,20250121 09:26:46
達特窩可居家物理治療所,B40200005,B4,新北市,三峽區,新北市三峽區介壽路一段276巷108弄1號,121.3798751831,24.9277610779,B,專業照護服務(CC01),桃園市,桃園區;中壢區;大溪區;楊梅區;蘆竹區;大園區;龜山區;八德區;龍潭區;平鎮區;新屋區;觀音區;復興區,02-26748522,drwalk4u@gmail.com,賴維澤,20230203.0,20241231.0,20230802 17:19:14
達特窩可居家物理治療所,B40200005,B4,新北市,三峽區,新北市三峽區介壽路一段276巷108弄1號,121.3798751831,24.9277610779,B,專業照護服務(CC01),桃園市,桃園區;中壢區;大溪區;楊梅區;蘆竹區;大園區;龜山區;八德區;龍潭區;平鎮區;新屋區;觀音區;復興區,02-26748522,drwalk4u@gmail.com,賴維澤,20231229.0,20251231.0,20240306 15:53:18
安安物理治療所,B40100013,B4,臺北市,士林區,臺北市士林區重慶北路四段136號1樓,121.5124816895,25.0833892822,B,專業照護服務(CC01),新北市,板橋區;三重區;中和區;永和區;新莊區;新店區;樹林區;鶯歌區;三峽區;淡水區;汐止區;瑞芳區;土城區;蘆洲區;五股區;泰山區;林口區;深坑區;石碇區;坪林區;三芝區;石門區;八里區;平溪區;雙溪區;貢寮區;金山區;萬里區;烏來區,02-29161003,annysknt@gmail.com,簡淑霞,20220101.0,20241231.0,20230802 17:19:14
安安物理治療所,B40100013,B4,臺北市,士林區,臺北市士林區重慶北路四段136號1樓,121.5124816895,25.0833892822,B,專業照護服務(CC01),桃園市,桃園區;中壢區;大溪區;楊梅區;蘆竹區;大園區;龜山區;八德區;龍潭區;平鎮區;新屋區;觀音區;復興區,02-29161003,annysknt@gmail.com,簡淑霞,20230213.0,20241231.0,20230802 17:19:14
安安物理治療所,B40100013,B4,臺北市,士林區,臺北市士林區重慶北路四段136號1樓,121.5124816895,25.0833892822,B,專業照護服務,臺北市,松山區;信義區;大安區;中山區;中正區;大同區;萬華區;文山區;南港區;內湖區;士林區;北投區,02-29161003,annysknt@gmail.com,簡淑霞,20180401.0,20241231.0,20221230 20:30:16
財團法人私立台北仁濟院(大同區),BD0100009,BD,臺北市,萬華區,臺北市萬華區廣州街200號,121.4980926514,25.0366802216,B,營養餐飲服務,臺北市,大同區,,chieh.chi@tjci.org.tw,林明成,20200101.0,20221231.0,20210128 20:19:56
社團法人新北市臨床心理師公會,BE0200001,BE,新北市,永和區,新北市永和區文化里博愛街20巷1號,121.5180664062,25.0157432556,B,專業照護服務,臺北市,松山區;信義區;大安區;中山區;中正區;大同區;萬華區;文山區;南港區;內湖區;士林區;北投區,02-89253044,psy2153@gmail.com,陳映程,20180101.0,20180101.0,20190417 00:00:00
社團法人中華民國士林靈糧堂社會福利協會,BE0100001,BE,臺北市,士林區,臺北市士林區延平北路五段83巷28弄11號1樓,121.509185791,25.0815906525,A,個案管理服務,臺北市,內湖區,02-28110515,homeservice@slsc.org.tw,劉群茂,20230101.0,20241231.0,20230208 09:08:43
社團法人中華民國士林靈糧堂社會福利協會,BE0100001,BE,臺北市,士林區,臺北市士林區延平北路五段83巷28弄11號1樓,121.509185791,25.0815906525,A,個案管理服務,臺北市,士林區,02-28110515,homeservice@slsc.org.tw,劉群茂,20230101.0,20241231.0,20230208 09:02:28
社團法人中華民國士林靈糧堂社會福利協會,BE0100001,BE,臺北市,士林區,臺北市士林區延平北路五段83巷28弄11號1樓,121.509185791,25.0815906525,A,個案管理服務,臺北市,士林區,02-28110515,homeservice@slsc.org.tw,劉群茂,20250101.0,20261231.0,20241231 18:12:56
新北市私立璟馨居家長照機構,1X0200005,1,新北市,土城區,新北市土城區延峯街24巷5號1樓,121.4687805176,24.9858112335,B,專業照護服務,新北市,板橋區;三重區;中和區;永和區;新莊區;新店區;樹林區;三峽區;汐止區;土城區;蘆洲區;五股區;泰山區;林口區,02-77230968,jxabccare@gmail.com,洪慧珍,20250101.0,20271231.0,20250114 10:11:30
皓仁健康照護事業有限公司附設新北市私立皓仁居家式服務類長期照顧服務機構,1X0200015,1,新北市,汐止區,新北市汐止區大同里大同路二段240號11樓,121.6540374756,25.0654830933,B,喘息服務,基隆市,中正區;七堵區;暖暖區;仁愛區;中山區;安樂區;信義區,02-26480680,yenjen@haoren.com.tw,謝李麗雲,20240422.0,20250421.0,20240520 15:35:30
財團法人台灣省私立健順養護中心附設新北市私立板橋頤安社區長照機構,2S0200005,2,新北市,板橋區,新北市板橋區五權里廣權路130號2樓,121.4655532837,24.9930744171,B,日間照顧服務,新北市,板橋區;中和區;土城區,02-89533885,ch.daycare@msa.hinet.net,廖慧媛,20250101.0,20271231.0,20241203 14:21:02
財團法人台灣省私立健順養護中心附設新北市私立板橋頤安社區長照機構,2S0200005,2,新北市,板橋區,新北市板橋區五權里廣權路130號2樓,121.4655532837,24.9930744171,B,喘息服務,新北市,板橋區;中和區;土城區,02-89533885,ch.daycare@msa.hinet.net,廖慧媛,20250101.0,20271231.0,20241203 14:22:03
新北市私立桐心老人長期照顧中心(養護型),A10200006,A1,新北市,板橋區,新北市板橋區湳興里中正路302號2樓,121.4466247559,25.0350265503,B,喘息服務,新北市,板橋區;三重區;中和區;永和區;新莊區;新店區;樹林區;鶯歌區;三峽區;淡水區;汐止區;瑞芳區;土城區;蘆洲區;五股區;泰山區;林口區;深坑區;石碇區;坪林區;三芝區;石門區;八里區;平溪區;雙溪區;貢寮區;金山區;萬里區;烏來區,02-29688657,allenyen1989@gmail.com,劉昱瓊,20250101.0,20271231.0,20250103 15:33:03
醫療財團法人徐元智先生醫藥基金會附設亞東居家護理所,B10200006,B1,新北市,板橋區,新北市板橋區華東里南雅南路二段21號,121.4527740479,24.9972648621,B,專業照護服務,新北市,板橋區;中和區;新莊區;樹林區;土城區,02-89667000,homecare@mail.femh.org.tw,黃明喜,20220101.0,20241231.0,20220303 08:44:56
聊聊心理治療所,B70100002,B7,臺北市,松山區,臺北市松山區復源里八德路三段106巷67號,121.55443573,25.0447463989,B,專業照護服務,新北市,板橋區;三重區;中和區;永和區;新莊區;新店區;樹林區;鶯歌區;三峽區;汐止區;瑞芳區;土城區;林口區;深坑區,02-25798519,psy.julia@gmail.com,張銘倫,20220101.0,20241231.0,20231107 15:32:50
社團法人中華長照協會附設新北市私立永樂居家式服務類長期照顧服務機構,1R0200001,1,新北市,永和區,新北市永和區文化里文化路155號,121.5028076172,25.0667877197,B,喘息服務,新北市,板橋區;中和區;永和區,02-29280005,erica13lin@clc5.url.tw,金浩鑫,20250101.0,20271231.0,20241225 16:21:22
社團法人中華長照協會附設新北市私立永樂居家式服務類長期照顧服務機構,1R0200001,1,新北市,永和區,新北市永和區文化里文化路155號,121.5028076172,25.0667877197,C,巷弄長照站,新北市,永和區,02-29280005,erica13lin@clc5.url.tw,金浩鑫,20220101.0,20221231.0,20220503 08:14:32
臺北市政府社會局委託財團法人台灣省私立健順養護中心經營管理臺北市復華社區長照機構,2S0100008,2,臺北市,中山區,臺北市中山區遼寧街185巷11號2-3樓,121.5427627563,25.0534248352,B,喘息服務,臺北市,中山區,02-27171393,fuhua1060810@gmail.com,廖慧媛,20181001.0,20241231.0,20221229 23:08:58
博仁綜合醫院附設居家護理所,B10100005,B1,臺北市,松山區,臺北市松山區復勢里光復北路66號,121.5576858521,25.0499095917,B,專業照護服務,臺北市,松山區,02-25782518#2300,pojenghhomecare@gmail.com,曾月盃,20250101.0,20261231.0,20241101 10:24:50
財團法人獎卿護理展望基金會大台北居家護理所,B10100007,B1,臺北市,大安區,臺北市大安區龍坡里和平東路一段216號,121.5318603516,25.0260295868,B,專業照護服務,臺北市,松山區;信義區;大安區;中山區;中正區;大同區;萬華區;文山區;南港區;內湖區;士林區;北投區,02-23646040#17,ccfhcn@yahoo.com.tw,王金蓮,20250101.0,20261231.0,20241101 10:16:27
財團法人臺灣省私立臺北仁濟院附設仁濟醫院附設居家護理所,B10100020,B1,臺北市,萬華區,臺北市萬華區青山里廣州街243號,121.4980392456,25.0368881226,B,專業照護服務,臺北市,松山區;信義區;大安區;中山區;中正區;大同區;萬華區;文山區;南港區;內湖區;士林區;北投區,23021133,homecare@tjci.org.tw,陳麗蘋,20180614.0,20241231.0,20221229 22:17:48
臺北醫學大學附設醫院,B20100021,B2,臺北市,信義區,臺北市信義區吳興街252號,121.5631103516,25.0270404816,A,個案管理服務,臺北市,信義區,02-27372181#3938,tmchchn@h.tmu.edu.tw,施俊明,20250101.0,20261231.0,20241231 18:32:50
安健維康物理治療所,B40100002,B4,臺北市,松山區,臺北市松山區新東里南京東路四段183號,121.5564956665,25.0518341064,B,專業照護服務(CC01),新北市,板橋區;三重區;中和區;永和區;新莊區;新店區;樹林區;鶯歌區;三峽區;淡水區;汐止區;瑞芳區;土城區;蘆洲區;五股區;泰山區;林口區;深坑區;石碇區;坪林區;三芝區;石門區;八里區;平溪區;雙溪區;貢寮區;金山區;萬里區;烏來區,02-27177600,ogeypt@gmail.com,黃博靖,20220101.0,20241231.0,20230802 17:19:14
同仁物理治療所,B40200001,B4,新北市,土城區,新北市土城區埤林里中央路四段127號,121.416305542,24.9575424194,B,專業照護服務,臺北市,松山區;信義區;大安區;中山區;中正區;大同區;萬華區;文山區;南港區;內湖區;士林區;北投區,02-80763952#312,ida-chang@yahoo.com.tw,張秀娟,20250101.0,20261231.0,20241028 15:08:12
脊立安居家物理治療所,B40100004,B4,臺北市,信義區,臺北市信義區永吉路491巷46號,121.5793533325,25.0455780029,B,專業照護服務(CC01),新北市,板橋區;三重區;中和區;永和區;新莊區;新店區;樹林區;鶯歌區;三峽區;淡水區;汐止區;瑞芳區;土城區;蘆洲區;五股區;泰山區;林口區;深坑區;石碇區;坪林區;三芝區;石門區;八里區;平溪區;雙溪區;貢寮區;金山區;萬里區;烏來區,0988-279500,w86521@gmail.com,蔡世元,20220101.0,20241231.0,20230802 17:19:14
適悅物理治療所,B40100007,B4,臺北市,中山區,臺北市中山區龍江路114巷1號,121.5401916504,25.0531959534,B,專業照護服務,臺北市,松山區;信義區;大安區;中山區;中正區;大同區;萬華區;文山區;南港區;內湖區;士林區;北投區,,j3677296@gmail.com,丁俊文,20180410.0,20241231.0,20221229 22:43:25
八里佳醫護理之家,A30200015,A3,新北市,八里區,新北市八里區觀海大道185號、185號2樓、185號2樓之1,121.4212341309,25.1623306274,B,喘息服務,新北市,板橋區;三重區;中和區;永和區;新莊區;新店區;樹林區;鶯歌區;三峽區;淡水區;汐止區;瑞芳區;土城區;蘆洲區;五股區;泰山區;林口區;深坑區;石碇區;坪林區;三芝區;石門區;八里區;平溪區;雙溪區;貢寮區;金山區;萬里區;烏來區,02-26104913,chingpam@gmail.com,張鈺嫺,20250101.0,20271231.0,20250110 14:57:51
八里佳醫護理之家,A30200015,A3,新北市,八里區,新北市八里區觀海大道185號、185號2樓、185號2樓之1,121.4212341309,25.1623306274,B,喘息服務,臺北市,松山區;信義區;大安區;中山區;中正區;大同區;萬華區;文山區;南港區;內湖區;士林區;北投區,02-26104913,chingpam@gmail.com,張鈺嫺,20200910.0,20241231.0,20221229 22:56:19
景安護理之家,A30200020,A3,新北市,中和區,新北市中和區景安路42號5樓、46號4~5樓、50號3~4樓,121.5068817139,24.9981422424,B,喘息服務,臺北市,松山區;信義區;大安區;中山區;中正區;大同區;萬華區;文山區;南港區;內湖區;士林區;北投區,02-22489826,ian22409304@gmail.com,吳明樺,20191217.0,20241231.0,20221230 19:11:08
康齡安健物理治療所,B40100012,B4,臺北市,松山區,臺北市松山區復勢里八德路三段225號,121.5570526123,25.0482883453,B,專業照護服務,臺北市,松山區;信義區;大安區;中山區;中正區;大同區;萬華區;文山區;南港區;內湖區;士林區;北投區,02-25783330,comeinpt@gmail.com,陳雅玲,20250101.0,20261231.0,20241030 09:24:54
中華民國紅十字會台灣省分會(社照C),BE0100003,BE,臺北市,大安區,臺北市大安區龍坡里新生南路三段20-1號4樓,121.5344238281,25.0241832733,B,喘息服務,臺北市,大安區,02-23630098,rct03702883@gmail.com,董光世,20190101.0,20211231.0,20210407 16:00:44
中華民國紅十字會台灣省分會(社照C),BE0100003,BE,臺北市,大安區,臺北市大安區龍坡里新生南路三段20-1號4樓,121.5344238281,25.0241832733,C,巷弄長照站,臺北市,大安區,02-23630098,rct03702883@gmail.com,董光世,20190101.0,20211231.0,20210407 16:00:44
社團法人中華民國士林靈糧堂社會福利協會,BE0100001,BE,臺北市,士林區,臺北市士林區延平北路五段83巷28弄11號1樓,121.509185791,25.0815906525,A,個案管理服務,臺北市,北投區,02-28110515,homeservice@slsc.org.tw,劉群茂,20250101.0,20261231.0,20241231 18:18:37
達特窩可居家物理治療所,B40200005,B4,新北市,三峽區,新北市三峽區介壽路一段276巷108弄1號,121.3798751831,24.9277610779,B,專業照護服務(CC01),宜蘭縣,宜蘭市;羅東鎮;蘇澳鎮;頭城鎮;礁溪鄉;壯圍鄉;員山鄉;冬山鄉;五結鄉;三星鄉;大同鄉;南澳鄉,02-26748522,drwalk4u@gmail.com,賴維澤,20230221.0,20260331.0,20250121 09:26:41
安安物理治療所,B40100013,B4,臺北市,士林區,臺北市士林區重慶北路四段136號1樓,121.5124816895,25.0833892822,B,專業照護服務,桃園市,桃園區;中壢區;大園區;龜山區;八德區,02-29161003,annysknt@gmail.com,簡淑霞,20240102.0,20251231.0,20240104 10:29:40
暐淩居家物理治療所,B40100011,B4,臺北市,中正區,臺北市中正區重慶南路一段57號,121.5133895874,25.0446166992,B,專業照護服務,臺北市,萬華區,02-23121816,weiling.ihpt@gmail.com,蘇信昌,20250101.0,20261231.0,20241105 15:46:46
達特窩可居家物理治療所,B40200005,B4,新北市,三峽區,新北市三峽區介壽路一段276巷108弄1號,121.3798751831,24.9277610779,B,專業照護服務(CC01),新北市,板橋區;三重區;中和區;永和區;新莊區;新店區;樹林區;鶯歌區;三峽區;土城區;蘆洲區;五股區;泰山區;林口區,02-26748522,drwalk4u@gmail.com,賴維澤,20220101.0,20241231.0,20240205 14:05:39
安安物理治療所,B40100013,B4,臺北市,士林區,臺北市士林區重慶北路四段136號1樓,121.5124816895,25.0833892822,B,專業照護服務,新北市,板橋區;三重區;中和區;永和區;新莊區;新店區;樹林區;鶯歌區;三峽區;淡水區;汐止區;土城區;蘆洲區;五股區;泰山區;林口區;八里區,02-29161003,annysknt@gmail.com,簡淑霞,20250101.0,20271231.0,20241219 10:48:34
安安物理治療所,B40100013,B4,臺北市,士林區,臺北市士林區重慶北路四段136號1樓,121.5124816895,25.0833892822,B,專業照護服務(CC01),新北市,板橋區;三重區;中和區;永和區;新莊區;新店區;樹林區;鶯歌區;三峽區;淡水區;汐止區;土城區;蘆洲區;五股區;泰山區;林口區;八里區,02-29161003,annysknt@gmail.com,簡淑霞,20250101.0,20271231.0,20241219 10:51:23
安安物理治療所,B40100013,B4,臺北市,士林區,臺北市士林區重慶北路四段136號1樓,121.5124816895,25.0833892822,B,專業照護服務,臺北市,松山區;信義區;大安區;中山區;中正區;大同區;萬華區;文山區;南港區;內湖區;士林區;北投區,02-29161003,annysknt@gmail.com,簡淑霞,20250101.0,20261231.0,20241030 09:56:58
安安物理治療所,B40100013,B4,臺北市,士林區,臺北市士林區重慶北路四段136號1樓,121.5124816895,25.0833892822,B,專業照護服務,新北市,板橋區;三重區;中和區;永和區;新莊區;新店區;樹林區;鶯歌區;三峽區;淡水區;汐止區;土城區;蘆洲區;五股區;泰山區;林口區;八里區,02-29161003,annysknt@gmail.com,簡淑霞,20220101.0,20241231.0,20220127 16:11:43
安安物理治療所,B40100013,B4,臺北市,士林區,臺北市士林區重慶北路四段136號1樓,121.5124816895,25.0833892822,B,專業照護服務(CC01),桃園市,桃園區;中壢區;大園區;龜山區;八德區,02-29161003,annysknt@gmail.com,簡淑霞,20240102.0,20251231.0,20240306 15:55:31
愛迪樂居家職能治療所,B50100011,B5,臺北市,南港區,臺北市南港區福德街373巷5號15樓,121.5912399292,25.0403423309,B,專業照護服務,臺北市,松山區;信義區;大安區;中山區;中正區;大同區;萬華區;文山區;南港區;內湖區;士林區;北投區,,adlers0615@gmail.com,鍾孟修,20250101.0,20261231.0,20241030 09:29:16
康健小客車租賃有限公司,BB0200001,BA,新北市,三峽區,新北市三峽區中正路一段26號,121.3758773804,24.9310398102,B,交通接送服務(DA01),桃園市,桃園區;中壢區;大溪區;楊梅區;蘆竹區;大園區;龜山區;八德區;龍潭區;平鎮區;新屋區;觀音區;復興區,02-26718598,Kj.service6155@gmail.com,陳思妤,20190101.0,20261231.0,20250102 09:35:38
愛迪樂居家職能治療所,B50100011,B5,臺北市,南港區,臺北市南港區福德街373巷5號15樓,121.5912399292,25.0403423309,B,專業照護服務,桃園市,桃園區;中壢區;大溪區;楊梅區;蘆竹區;大園區;龜山區;八德區;龍潭區;平鎮區;新屋區;觀音區,,adlers0615@gmail.com,鍾孟修,20240102.0,20251231.0,20240108 16:54:54
愛迪樂居家職能治療所,B50100011,B5,臺北市,南港區,臺北市南港區福德街373巷5號15樓,121.5912399292,25.0403423309,B,專業照護服務(CC01),新北市,板橋區;三重區;中和區;永和區;新莊區;新店區;樹林區;鶯歌區;三峽區;淡水區;汐止區;瑞芳區;土城區;蘆洲區;五股區;泰山區;林口區;深坑區;石碇區;坪林區;三芝區;石門區;八里區;平溪區;雙溪區;貢寮區;金山區;萬里區;烏來區,,adlers0615@gmail.com,鍾孟修,20250101.0,20271231.0,20241225 11:01:03
承德居家護理所,B10100032,B1,臺北市,大同區,臺北市大同區承德路一段17號7樓之9,121.5170516968,25.0502490997,B,居家失能個案家庭醫師照護服務,臺北市,松山區;信義區;大安區;中山區;中正區;大同區;萬華區;文山區;南港區;內湖區;士林區;北投區,02-25557985,ctc690729@gmail.com,周聰杰,20230927.0,20241231.0,20240305 15:40:33
新北市私立聯順居家式服務類長期照顧服務機構,1X0200003,1,新北市,板橋區,新北市板橋區永安里萬板路186號1樓,121.4761886597,25.0237064362,A,個案管理服務,新北市,板橋區;中和區;新莊區;樹林區;土城區,02-89642333,hc.lanshun@gmail.com,汪秋蓉,20250101.0,20250630.0,20241231 15:10:08
新北市私立璟馨居家長照機構,1X0200005,1,新北市,土城區,新北市土城區延峯街24巷5號1樓,121.4687805176,24.9858112335,B,居家服務,新北市,土城區,02-77230968,jxabccare@gmail.com,洪慧珍,20250101.0,20271231.0,20250114 10:12:03
新北市私立璟馨居家長照機構,1X0200005,1,新北市,土城區,新北市土城區延峯街24巷5號1樓,121.4687805176,24.9858112335,A,個案管理服務,新北市,土城區,02-77230968,jxabccare@gmail.com,洪慧珍,20250101.0,20250630.0,20241231 14:51:12
皓仁健康照護事業有限公司附設新北市私立皓仁居家式服務類長期照顧服務機構,1X0200015,1,新北市,汐止區,新北市汐止區大同里大同路二段240號11樓,121.6540374756,25.0654830933,B,居家服務,新北市,板橋區;三重區;中和區;永和區;新莊區;樹林區;汐止區;瑞芳區,02-26480680,yenjen@haoren.com.tw,謝李麗雲,20250101.0,20271231.0,20241217 15:22:36
皓仁健康照護事業有限公司附設新北市私立皓仁居家式服務類長期照顧服務機構,1X0200015,1,新北市,汐止區,新北市汐止區大同里大同路二段240號11樓,121.6540374756,25.0654830933,B,喘息服務,基隆市,中正區;七堵區;暖暖區;仁愛區;中山區;安樂區;信義區,02-26480680,yenjen@haoren.com.tw,謝李麗雲,20250422.0,20270330.0,20250418 09:38:41
財團法人台灣省私立健順養護中心附設新北市私立新店柴埕社區長照機構,2S0200004,2,新北市,新店區,新北市新店區安民街79號4樓、5樓,121.5165710449,24.9675579071,B,小規模多機能服務,新北市,中和區;永和區;新店區,02-22121753,Chiche.daycare@msa.hinet.net,廖慧媛,20250101.0,20271231.0,20241216 09:40:27
財團法人台灣省私立健順養護中心附設新北市私立板橋頤安社區長照機構,2S0200005,2,新北市,板橋區,新北市板橋區五權里廣權路130號2樓,121.4655532837,24.9930744171,B,小規模多機能服務,新北市,板橋區;中和區;土城區,02-89533885,ch.daycare@msa.hinet.net,廖慧媛,20250101.0,20271231.0,20241203 14:23:54
新北市私立永順老人養護中心,A10200005,A1,新北市,中和區,新北市中和區平河里建康路2號,121.4858169556,24.9999980927,B,喘息服務,新北市,板橋區;三重區;中和區;永和區;新莊區;新店區;樹林區;鶯歌區;三峽區;淡水區;汐止區;瑞芳區;土城區;蘆洲區;五股區;泰山區;林口區;深坑區;石碇區;坪林區;三芝區;石門區;八里區;平溪區;雙溪區;貢寮區;金山區;萬里區;烏來區,02-32340828,ac123456112@gmail.com,蘇旭志,20250101.0,20271231.0,20241129 16:07:22
福倫交通股份有限公司,BB0100001,BA,臺北市,信義區,臺北市信義區松隆路337號1樓,121.5797271729,25.0485172272,B,交通接送服務(DA01),桃園市,桃園區;中壢區;大溪區;楊梅區;蘆竹區;大園區;龜山區;八德區;龍潭區;平鎮區;新屋區;觀音區;復興區,02-27635888#18,successtaxi@gmail.com,吳俊德,20190101.0,20261231.0,20250102 09:27:31
八里佳醫護理之家,A30200015,A3,新北市,八里區,新北市八里區觀海大道185號、185號2樓、185號2樓之1,121.4212341309,25.1623306274,B,喘息服務,臺北市,松山區;信義區;大安區;中山區;中正區;大同區;萬華區;文山區;南港區;內湖區;士林區;北投區,02-26104913,chingpam@gmail.com,張鈺嫺,20250101.0,20261231.0,20250204 15:00:27
暐淩居家物理治療所,B40100011,B4,臺北市,中正區,臺北市中正區重慶南路一段57號,121.5133895874,25.0446166992,B,專業照護服務,臺北市,萬華區,02-23121816,weiling.ihpt@gmail.com,蘇信昌,20180301.0,20241231.0,20241105 15:47:49
康齡安健物理治療所,B40100012,B4,臺北市,松山區,臺北市松山區復勢里八德路三段225號,121.5570526123,25.0482883453,B,專業照護服務,臺北市,松山區;信義區;大安區;中山區;中正區;大同區;萬華區;文山區;南港區;內湖區;士林區;北投區,02-25783330,comeinpt@gmail.com,陳雅玲,20180601.0,20241231.0,20221229 22:23:11
聊聊心理治療所,B70100002,B7,臺北市,松山區,臺北市松山區復源里八德路三段106巷67號,121.55443573,25.0447463989,B,專業照護服務,臺北市,松山區;信義區;大安區;中山區;中正區;大同區;萬華區;文山區;南港區;內湖區;士林區;北投區,02-25798519,psy.julia@gmail.com,張銘倫,20180501.0,20241231.0,20221229 22:25:37
中華民國紅十字會台灣省分會(社照C),BE0100003,BE,臺北市,大安區,臺北市大安區龍坡里新生南路三段20-1號4樓,121.5344238281,25.0241832733,A,個案管理服務,新北市,中和區,02-23630098,rct03702883@gmail.com,董光世,20250101.0,20250630.0,20241231 15:16:36
承德居家護理所,B10100032,B1,臺北市,大同區,臺北市大同區承德路一段17號7樓之9,121.5170516968,25.0502490997,B,居家失能個案家庭醫師照護服務,臺北市,松山區;信義區;大安區;中山區;中正區;大同區;萬華區;文山區;南港區;內湖區;士林區;北投區,02-25557985,ctc690729@gmail.com,周聰杰,20250101.0,20261231.0,20250204 16:11:41
福倫交通股份有限公司,BB0100001,BA,臺北市,信義區,臺北市信義區松隆路337號1樓,121.5797271729,25.0485172272,B,交通接送服務(DA01),臺北市,松山區;信義區;大安區;中山區;中正區;大同區;萬華區;文山區;南港區;內湖區;士林區;北投區,02-27635888#18,successtaxi@gmail.com,吳俊德,20240101.0,20261231.0,20240327 09:55:54
福倫交通股份有限公司,BB0100001,BA,臺北市,信義區,臺北市信義區松隆路337號1樓,121.5797271729,25.0485172272,B,交通接送服務,新北市,板橋區;三重區;中和區;永和區;新莊區;新店區;樹林區;鶯歌區;三峽區;淡水區;汐止區;瑞芳區;土城區;蘆洲區;五股區;泰山區;林口區;深坑區;石碇區;坪林區;三芝區;石門區;八里區;平溪區;雙溪區;貢寮區;金山區;萬里區;烏來區,02-27635888#18,successtaxi@gmail.com,吳俊德,20250101.0,20271231.0,20241223 10:24:27
和鄰居家護理所,B10200019,B1,新北市,鶯歌區,新北市鶯歌區文化路235號1樓,121.3539428711,24.9531135559,B,居家失能個案家庭醫師照護服務,新北市,新店區;樹林區;鶯歌區;三峽區;土城區,02-77091222,honear2020@gmail.com,梁詩怡,20250101.0,20271231.0,20241223 11:43:41
新北市平溪區衛生所,B20200016,B2,新北市,平溪區,新北市平溪區公園街17號,121.7378234863,25.0250587463,A,個案管理服務,新北市,平溪區,02-24951015,tpc262@ntpc.gov.tw,廖廣榆,20250101.0,20250630.0,20241231 16:30:50
臺北市立關渡醫院-委託臺北榮民總醫院經營附設護理之家,A30100005,A3,臺北市,北投區,臺北市北投區知行路225巷12號6、12樓,121.4661254883,25.1203136444,B,喘息服務,臺北市,松山區;信義區;大安區;中山區;中正區;大同區;萬華區;文山區;南港區;內湖區;士林區;北投區,02-28587161,btkbtk@gandau.gov.tw,盧惠珠,20250101.0,20261231.0,20250204 11:53:29
有限責任新北市溫馨照顧服務勞動合作社,BF0200008,BF,新北市,中和區,新北市中和區景新街347號9樓之8,121.5120544434,24.9909801483,B,營養餐飲服務,新北市,烏來區,02-29161887,kayutayal@gmail.com,蔡培文,20250101.0,20250131.0,20250122 14:35:20
臺北市立關渡醫院-委託臺北榮民總醫院經營附設護理之家,A30100005,A3,臺北市,北投區,臺北市北投區知行路225巷12號6、12樓,121.4661254883,25.1203136444,B,喘息服務,臺北市,北投區,02-28587161,btkbtk@gandau.gov.tw,盧惠珠,20180131.0,20241231.0,20240402 12:52:55
海山護理之家,A30200070,A3,新北市,板橋區,新北市板橋區漢生東路163號4樓、4樓之1、5樓、5樓之1,121.4692611694,25.0124855042,B,喘息服務,新北市,板橋區;三重區;中和區;永和區;新莊區;新店區;樹林區;鶯歌區;三峽區;淡水區;汐止區;瑞芳區;土城區;蘆洲區;五股區;泰山區;林口區;深坑區;石碇區;坪林區;三芝區;石門區;八里區;平溪區;雙溪區;貢寮區;金山區;萬里區;烏來區,29562767,high93high93@yahoo.com.tw,陳姿鴛,20250101.0,20271231.0,20241225 11:48:46
紅樹林護理之家,A30200073,A3,新北市,淡水區,新北市淡水區中正東路一段111巷22號1至7樓,121.4551849365,25.1608352661,B,喘息服務,新北市,板橋區;三重區;中和區;永和區;新莊區;新店區;樹林區;鶯歌區;三峽區;淡水區;汐止區;瑞芳區;土城區;蘆洲區;五股區;泰山區;林口區;深坑區;石碇區;坪林區;三芝區;石門區;八里區;平溪區;雙溪區;貢寮區;金山區;萬里區;烏來區,02-26260766,a26260766@yahoo.com.tw,杜詠菁,20250101.0,20271231.0,20241225 11:18:11
福耕居家護理所,B10200048,B1,新北市,新莊區,新北市新莊區新樹路609之14號,121.4345016479,25.0041370392,B,專業照護服務,新北市,板橋區;三重區;中和區;永和區;新莊區;樹林區;鶯歌區;三峽區;土城區;五股區;泰山區,(02)22075257,Fg0905586663@gmail.com,余慧雯,20250101.0,20271231.0,20241223 11:34:54
三芳護理之家,A30200033,A3,新北市,板橋區,新北市板橋區大觀路3段236號6樓、6樓之1至之5,121.4296188354,24.9922027588,B,喘息服務,新北市,板橋區;三重區;中和區;永和區;新莊區;新店區;樹林區;鶯歌區;三峽區;淡水區;汐止區;瑞芳區;土城區;蘆洲區;五股區;泰山區;林口區;深坑區;石碇區;坪林區;三芝區;石門區;八里區;平溪區;雙溪區;貢寮區;金山區;萬里區;烏來區,(02)2687-6363,sf1218nh@gmail.com,黃子育,20250101.0,20271231.0,20241226 15:01:03
紅樹林護理之家,A30200073,A3,新北市,淡水區,新北市淡水區中正東路一段111巷22號1至7樓,121.4551849365,25.1608352661,B,喘息服務,臺北市,松山區;信義區;大安區;中山區;中正區;大同區;萬華區;文山區;南港區;內湖區;士林區;北投區,02-26260766,a26260766@yahoo.com.tw,杜詠菁,20191205.0,20241231.0,20221230 15:08:52
福耕居家護理所,B10200048,B1,新北市,新莊區,新北市新莊區新樹路609之14號,121.4345016479,25.0041370392,B,專業照護服務,新北市,板橋區;三重區;中和區;永和區;新莊區;樹林區;鶯歌區;三峽區;土城區;五股區;泰山區,(02)22075257,Fg0905586663@gmail.com,余慧雯,20220101.0,20241231.0,20220318 14:19:05
新北市私立圓滿老人長期照顧中心(養護型),A10200073,A1,新北市,三重區,新北市三重區重新路5段639號10樓、639之1號10樓,121.4668197632,25.0433864594,B,喘息服務,新北市,板橋區;三重區;新莊區;蘆洲區;五股區;泰山區;林口區;八里區,02-29998867,yuamma7715@gmail.com,張志祥,20250101.0,20271231.0,20250103 11:22:43
新北市私立安新老人長期照顧中心(養護型),A10200094,A1,新北市,三峽區,新北市三峽區民生街85號4樓、83號4樓,121.3746871948,24.935792923,B,喘息服務,新北市,板橋區;三重區;中和區;永和區;新莊區;新店區;樹林區;鶯歌區;三峽區;淡水區;汐止區;瑞芳區;土城區;蘆洲區;五股區;泰山區;林口區;深坑區;石碇區;坪林區;三芝區;石門區;八里區;平溪區;雙溪區;貢寮區;金山區;萬里區;烏來區,0286710158,Anxin0158@yahoo.com.tw,鄭淑芬,20250101.0,20271231.0,20241227 10:20:36
新北市私立衡安護理之家,A30200042,A3,新北市,三峽區,新北市三峽區文化路59號5樓之1、6樓之1、6樓之2、7樓之1,121.3722763062,24.9359111786,B,喘息服務,新北市,板橋區;中和區;樹林區;鶯歌區;三峽區;土城區,(02)86711558,abhnh.ha@gmail.com,田志蕙,20250101.0,20271231.0,20241219 11:45:55
庭芳居家護理所,B10200031,B1,新北市,三重區,新北市三重區成功路110號2樓之20,121.4870605469,25.0516357422,B,專業照護服務,新北市,三重區;新莊區;蘆洲區,02-29725137,ankara.a718503@msa.hinet.net,黃若蓮,20250101.0,20271231.0,20241219 14:42:23
永欣居家護理所,B10200041,B1,新北市,永和區,新北市永和區林森路41巷11號3樓,121.525604248,25.0044746399,B,專業照護服務,新北市,中和區;永和區;新店區,(02)29211785,younghsin33@gmail.com,蘇純慧,20220101.0,20241231.0,20220314 11:38:21
紅樹林護理之家,A30200073,A3,新北市,淡水區,新北市淡水區中正東路一段111巷22號1至7樓,121.4551849365,25.1608352661,B,喘息服務,臺北市,松山區;信義區;大安區;中山區;中正區;大同區;萬華區;文山區;南港區;內湖區;士林區;北投區,02-26260766,a26260766@yahoo.com.tw,杜詠菁,20250101.0,20261231.0,20241231 11:39:38
新北市私立忠祥老人長期照顧中心(養護型),A10200046,A1,新北市,中和區,新北市中和區中山路2段327巷1號4樓,121.4933776855,25.0018424988,B,喘息服務,新北市,板橋區;三重區;中和區;永和區;新莊區;新店區;樹林區;鶯歌區;三峽區;汐止區;土城區;蘆洲區;五股區;泰山區,22473386,avachen1011@gmail.com,陳韋君,20250101.0,20271231.0,20250113 15:01:23
新北市私立蓮愛老人養護中心,A10200074,A1,新北市,三重區,新北市三重區溪尾街41號2樓,121.4914398193,25.0765132904,B,喘息服務,新北市,板橋區;三重區;中和區;永和區;新莊區;新店區;樹林區;鶯歌區;三峽區;淡水區;汐止區;瑞芳區;土城區;蘆洲區;五股區;泰山區;林口區;深坑區;石碇區;坪林區;三芝區;石門區;八里區;平溪區;雙溪區;貢寮區;金山區;萬里區;烏來區,02-29896770,elderservice0919@gmail.com,吳馥珍,20250101.0,20271231.0,20250106 11:51:25
新北市私立溫馨園老人長期照顧中心(養護型),A10200237,A1,新北市,鶯歌區,新北市鶯歌區建國路85號4樓,121.3530502319,24.9539718628,B,喘息服務,新北市,板橋區;三重區;中和區;永和區;新莊區;新店區;樹林區;鶯歌區;三峽區;淡水區;汐止區;瑞芳區;土城區;蘆洲區;五股區;泰山區;林口區;深坑區;石碇區;坪林區;三芝區;石門區;八里區;平溪區;雙溪區;貢寮區;金山區;萬里區;烏來區,02-26782277,wenshingyuan@gmail.com,蕭曙球,20250101.0,20271231.0,20241224 15:57:32
鄭骨科耳鼻喉科診所,B20200013,B2,新北市,新莊區,新北市新莊區中港路263號,121.453666687,25.0434093475,B,專業照護服務,新北市,板橋區;三重區;新莊區;五股區;泰山區;林口區,02-29929191,wendylinsh@gmail.com,鄭世基,20220101.0,20241231.0,20220323 10:51:05
鄭骨科耳鼻喉科診所,B20200013,B2,新北市,新莊區,新北市新莊區中港路263號,121.453666687,25.0434093475,B,居家失能個案家庭醫師照護服務,新北市,板橋區;三重區;新莊區;蘆洲區;五股區;泰山區,02-29929191,wendylinsh@gmail.com,鄭世基,20250101.0,20271231.0,20250226 11:41:32
新北市私立老吾老護理之家,A30200025,A3,新北市,新莊區,新北市新莊區新樹路315巷1號、1號2、3樓,121.4338150024,25.0192832947,B,喘息服務,新北市,板橋區;三重區;中和區;新莊區;樹林區;鶯歌區;三峽區;土城區;五股區;泰山區;林口區,22020118,aa22020118@yahoo.com.tw,吳秀蘭,20250101.0,20271231.0,20241218 11:47:44
新北市平溪區衛生所,B20200016,B2,新北市,平溪區,新北市平溪區公園街17號,121.7378234863,25.0250587463,B,居家失能個案家庭醫師照護服務,新北市,平溪區,02-24951015,tpc262@ntpc.gov.tw,廖廣榆,20250101.0,20271231.0,20241227 09:01:23
新北市平溪區衛生所,B20200016,B2,新北市,平溪區,新北市平溪區公園街17號,121.7378234863,25.0250587463,C,巷弄長照站,新北市,平溪區,02-24951015,tpc262@ntpc.gov.tw,廖廣榆,20200801.0,20201231.0,20210127 17:26:46
社團法人中華民國士林靈糧堂社會福利協會附設新北市私立新店七張社區長照機構,2R0200001,2,新北市,新店區,新北市新店區國豐里建國路102巷6、8號,121.540222168,24.977930069,B,團體家屋服務,新北市,板橋區;三重區;中和區;永和區;新莊區;新店區;樹林區;鶯歌區;三峽區;淡水區;汐止區;瑞芳區;土城區;蘆洲區;五股區;泰山區;林口區;深坑區;石碇區;坪林區;三芝區;石門區;八里區;平溪區;雙溪區;貢寮區;金山區;萬里區;烏來區,(02)2911-0260,qizhanggrouphome@slsc.org.tw,劉群茂,20200101.0,20201231.0,20200326 15:50:45
新北市私立雙和老人長期照顧中心(養護型),A10200105,A1,新北市,中和區,新北市中和區福和里中山路2段133號2樓,121.5022583008,25.00299263,B,喘息服務,新北市,板橋區;三重區;中和區;永和區;新莊區;新店區;樹林區;鶯歌區;三峽區;淡水區;汐止區;瑞芳區;土城區;蘆洲區;五股區;泰山區;林口區;深坑區;石碇區;坪林區;三芝區;石門區;八里區;平溪區;雙溪區;貢寮區;金山區;萬里區;烏來區,82458280,shh21332@gmail.com,顏詩庭,20250101.0,20271231.0,20241226 11:21:02
新北市私立福泰老人長期照顧中心(養護型),A10200111,A1,新北市,中和區,新北市中和區中山路2段371號4樓,121.4873657227,25.0045776367,B,喘息服務,新北市,板橋區;三重區;中和區;永和區;新莊區;新店區;樹林區;鶯歌區;三峽區;淡水區;汐止區;瑞芳區;土城區;蘆洲區;五股區;泰山區;林口區,22233325,futai6888@gmail.com,楊勝凱,20250101.0,20271231.0,20241218 13:59:33
新北市私立思源老人養護中心,A10200186,A1,新北市,淡水區,新北市淡水區義山里下圭柔山114之8號,121.4461517334,25.2086334229,B,喘息服務,新北市,淡水區;三芝區;石門區;八里區;金山區,02-26211033,siyuannurse@yahoo.com.tw,陳建慶,20250101.0,20271231.0,20250109 15:46:44
臺北市私立永安老人養護所,A10100130,A1,臺北市,大同區,臺北市大同區老師里008鄰重慶北路3段284號2~4樓、286號1~4樓,121.5135879517,25.0731468201,B,喘息服務,臺北市,大同區,25980197,taipeiyungan@gmail.com,莊增瀧,20201006.0,20241231.0,20221229 21:00:42
佳顧股份有限公司附設臺北市私立佳顧居家長照機構,1V0100007,1,臺北市,中山區,臺北市中山區集英里中山北路2段102號11樓,121.5227127075,25.0600719452,B,喘息服務,臺北市,松山區;大安區;中山區;內湖區;士林區,02-2511-2595,drmake888@gmail.com,孫蓁如,20250101.0,20261231.0,20241120 10:47:43
新北市私立新明厚老人長期照顧中心(養護型),A10200260,A1,新北市,淡水區,新北市淡水區竿蓁里中正東路一段27號、27號2樓之1,121.4520339966,25.1633586884,B,喘息服務,新北市,板橋區;三重區;中和區;永和區;新莊區;新店區;樹林區;鶯歌區;三峽區;淡水區;汐止區;瑞芳區;土城區;蘆洲區;五股區;泰山區;林口區;深坑區;石碇區;坪林區;三芝區;石門區;八里區;平溪區;雙溪區;貢寮區;金山區;萬里區;烏來區,0226297281,n.minghou0407@gmail.com,孟昭平,20250101.0,20271231.0,20250103 11:46:54
臺北市私立全寶老人長期照顧中心(養護型),A10100153,A1,臺北市,北投區,臺北市北投區永欣里013石牌路二段315巷2號-2之一號1樓,121.5231552124,25.1221313477,B,喘息服務,臺北市,北投區,02-28710792,cb28710792@yahoo.com,古倩,20190730.0,20241231.0,20241104 10:09:52
新北市私立銀享家園老人長期照顧中心(養護型),A10200284,A1,新北市,土城區,"新北市土城區日新里日新街33巷8號1,2樓",121.4426651001,24.987537384,B,喘息服務,新北市,板橋區;中和區;永和區;新莊區;樹林區;鶯歌區;三峽區;土城區;五股區;泰山區,22658289,caerhome2017@gmail.com,林育民,20250101.0,20271231.0,20241225 11:32:08
天主教耕莘醫療財團法人附設新北市私立新店安康社區長照機構,2S0200015,2,新北市,新店區,新北市新店區德安里車子路15號13樓,121.50390625,24.9534225464,B,團體家屋服務,新北市,板橋區;三重區;中和區;永和區;新莊區;新店區;樹林區;鶯歌區;三峽區;淡水區;汐止區;瑞芳區;土城區;蘆洲區;五股區;泰山區;林口區;深坑區;石碇區;坪林區;三芝區;石門區;八里區;平溪區;雙溪區;貢寮區;金山區;萬里區;烏來區,02-2212-3066分機51378,akcthsw@gmail.com,鍾安住,20200101.0,20201231.0,20200326 15:52:11
新北市立聯合醫院附設護理之家,A30200028,A3,新北市,板橋區,新北市板橋區英士路198號5樓,121.4576721191,25.0235824585,B,喘息服務,新北市,板橋區;三重區;中和區;永和區;新莊區;新店區;樹林區;淡水區;汐止區;土城區;蘆洲區;五股區;泰山區;林口區,02-22575151#2522,AH5007@ntpc.gov.tw,尤雅慧,20250101.0,20271231.0,20241227 10:10:49
衛生福利部樂生療養院附設居家護理所,B10200023,B1,新北市,新莊區,新北市新莊區中正路794號,121.4098510742,25.0216217041,B,專業照護服務,新北市,新莊區;樹林區,02-82006600#3115,ls65570@lslp.mohw.gov.tw,陳晴汝,20221223.0,20241231.0,20221228 08:16:35
私立健生護理之家,A30200032,A3,新北市,土城區,新北市土城區中華路一段14號1、2、3樓,121.4475860596,24.9907131195,B,喘息服務,新北市,板橋區;三重區;中和區;永和區;新莊區;新店區;樹林區;鶯歌區;三峽區;淡水區;汐止區;瑞芳區;土城區;蘆洲區;五股區;泰山區;林口區;深坑區;石碇區;坪林區;三芝區;石門區;八里區;平溪區;雙溪區;貢寮區;金山區;萬里區;烏來區,02-22631588,ch22631588@yahoo.com.tw,林孟靜,20250101.0,20271231.0,20241205 11:30:40
新北市坪林區衛生所,B20200020,B2,新北市,坪林區,新北市坪林區坪林街104號,121.7116546631,24.9359226227,A,個案管理服務,新北市,坪林區,(02)26656272,AB5495@ntpc.gov.tw,李政宜,20250101.0,20250630.0,20241231 15:25:23
衛生福利部臺北醫院,A30200039,B2,新北市,新莊區,新北市新莊區思源路127號,121.4596252441,25.0432415009,B,居家失能個案家庭醫師照護服務,新北市,新莊區,02-22765566#1122,wanying0928@gmail.com,鄭舜平,20250101.0,20271231.0,20250110 11:26:45
衛生福利部臺北醫院,A30200039,B2,新北市,新莊區,新北市新莊區思源路127號,121.4596252441,25.0432415009,B,專業照護服務(CC01),新北市,板橋區;三重區;中和區;永和區;新莊區;新店區;樹林區;鶯歌區;三峽區;淡水區;汐止區;瑞芳區;土城區;蘆洲區;五股區;泰山區;林口區;深坑區;石碇區;坪林區;三芝區;石門區;八里區;平溪區;雙溪區;貢寮區;金山區;萬里區;烏來區,02-22765566#1122,wanying0928@gmail.com,鄭舜平,20220101.0,20241231.0,20230802 17:19:14
元復醫院附設護理之家,A30200054,A3,新北市,土城區,新北市土城區慶樂街25號1、2、3樓,121.4391326904,24.9727344513,B,喘息服務,臺北市,松山區;信義區;大安區;中山區;中正區;大同區;萬華區;文山區;南港區;內湖區;士林區;北投區,02-22620582,nursing.centers@msa.hinet.net,陳美慧,20200707.0,20221216.0,20221216 10:06:46
康禾護理之家,A30200059,A3,新北市,鶯歌區,新北市鶯歌區建國路85號8樓,121.3530502319,24.9539718628,B,喘息服務,新北市,鶯歌區;三峽區,02-26703636,gogo990821@gmail.com,鍾沛妤,20250101.0,20271231.0,20241216 09:16:31
衛生福利部臺北醫院,A30200039,B2,新北市,新莊區,新北市新莊區思源路127號,121.4596252441,25.0432415009,B,專業照護服務,新北市,新莊區,02-22765566#1122,wanying0928@gmail.com,鄭舜平,20250101.0,20271231.0,20250110 11:26:03
衛生福利部臺北醫院,A30200039,B2,新北市,新莊區,新北市新莊區思源路127號,121.4596252441,25.0432415009,A,個案管理服務,新北市,新莊區,02-22765566#1122,wanying0928@gmail.com,鄭舜平,20250101.0,20250630.0,20241231 14:32:20
新北市坪林區衛生所,B20200020,B2,新北市,坪林區,新北市坪林區坪林街104號,121.7116546631,24.9359226227,B,居家失能個案家庭醫師照護服務,新北市,坪林區,(02)26656272,AB5495@ntpc.gov.tw,李政宜,20250101.0,20271231.0,20241223 14:52:26
新北市坪林區衛生所,B20200020,B2,新北市,坪林區,新北市坪林區坪林街104號,121.7116546631,24.9359226227,B,交通接送服務,新北市,坪林區,(02)26656272,AB5495@ntpc.gov.tw,李政宜,20250101.0,20271231.0,20241223 14:52:38
衛生福利部臺北醫院,A30200039,B2,新北市,新莊區,新北市新莊區思源路127號,121.4596252441,25.0432415009,B,專業照護服務,新北市,新莊區,02-22765566#1122,wanying0928@gmail.com,鄭舜平,20220101.0,20241231.0,20220217 14:29:00
新北市私立景馨護理之家,A30200051,A3,新北市,新莊區,新北市新莊區化成路63巷41號1、2樓,121.4635467529,25.0456790924,B,喘息服務,新北市,板橋區;三重區;中和區;永和區;新莊區;新店區;樹林區;鶯歌區;三峽區;淡水區;汐止區;瑞芳區;土城區;蘆洲區;五股區;泰山區;林口區;深坑區;石碇區;坪林區;三芝區;石門區;八里區;平溪區;雙溪區;貢寮區;金山區;萬里區;烏來區,02-89921892,pigudada@hotmail.com,陳素琦,20250101.0,20271231.0,20241226 16:00:38
臺北市私立崇順老人養護所,A10100104,A1,臺北市,北投區,臺北市北投區關渡里013鄰知行路52巷1號、54號1、2號,121.4674682617,25.1181602478,B,喘息服務,臺北市,松山區;信義區;大安區;中山區;中正區;大同區;萬華區;文山區;南港區;內湖區;士林區;北投區,02-28581979,chongshun28581979@yahoo.com.tw,鍾秋月,20200518.0,20241231.0,20221230 20:00:54
新北市私立松林老人長期照顧中心(養護型),A10200155,A1,新北市,板橋區,新北市板橋區大觀路3段236號7樓之2,121.430557251,24.9920520782,B,喘息服務,新北市,板橋區;三重區;中和區;永和區;新莊區;樹林區;土城區;蘆洲區,02-26823334,ed95661029@yahoo.com.tw,李怡禎,20250101.0,20271231.0,20241227 14:23:26
財團法人台灣基督教道生院附設臺北市私立道生院老人長期照顧中心(養護型),A10100112,A1,臺北市,北投區,臺北市北投區秀山里002鄰中和街錫安巷112號1.2樓及地下1樓,121.5004806519,25.1477241516,B,喘息服務,臺北市,松山區;信義區;大安區;中山區;中正區;大同區;萬華區;文山區;南港區;內湖區;士林區;北投區,02-28936161,t28936161@yahoo.com.tw,翁瑞亨,20180101.0,20241231.0,20221229 23:07:20
佳合護理之家,A30200072,A3,新北市,板橋區,新北市板橋區江寧路3段29號3樓、29號4樓、39號3樓及39號4樓,121.4710922241,25.0317306519,B,喘息服務,新北市,板橋區;三重區;中和區;永和區;新莊區;新店區;樹林區;鶯歌區;三峽區;汐止區;土城區;蘆洲區;五股區;泰山區;林口區,22552650,aaa660407@gmail.com,曾麗如,20250101.0,20271231.0,20241226 10:34:48
臺北市私立仁泰老人長期照顧中心(養護型),A10100067,A1,臺北市,中正區,臺北市中正區三愛里001鄰連雲街3號1、3樓、3之4號及三愛里001鄰新生南路1段124之3號5樓,121.5323104858,25.03764534,B,喘息服務,臺北市,松山區;信義區;大安區;中山區;中正區;大同區;萬華區;文山區;南港區;內湖區;士林區;北投區,02-33931662,biggardenbiggarden@yahoo.com.tw,林郁翔,20250101.0,20261231.0,20250204 13:57:15
臺北市私立大園老人長期照顧中心(養護型),A10100072,A1,臺北市,中正區,臺北市中正區三愛里001鄰新生南路1段124之3號1~4樓,121.5325317383,25.0375099182,B,喘息服務,臺北市,松山區;信義區;大安區;中山區;中正區;大同區;萬華區;文山區;南港區;內湖區;士林區;北投區,02-33931662,biggardenbiggarden@yahoo.com.tw,黃慶玉,20250101.0,20261231.0,20250204 13:56:15
新北市私立慧心老人長期照顧中心(養護型),A10200176,A1,新北市,板橋區,新北市板橋區廣權路2號2樓,121.4603881836,24.9909706116,B,喘息服務,新北市,板橋區;三重區;中和區;永和區;新莊區;新店區;樹林區;鶯歌區;三峽區;淡水區;汐止區;瑞芳區;土城區;蘆洲區;五股區;泰山區;林口區;深坑區;石碇區;坪林區;三芝區;石門區;八里區;平溪區;雙溪區;貢寮區;金山區;萬里區;烏來區,0229567230,cuteqmona@yahoo.com.tw,朱傳恩,20250101.0,20271231.0,20241224 10:30:10
新北市私立崇惠老人長期照顧中心(養護型),A10200189,A1,新北市,淡水區,新北市淡水區竿蓁里淡金路16巷117號,121.4605560303,25.1621894836,B,喘息服務,新北市,板橋區;三重區;中和區;永和區;新莊區;新店區;樹林區;鶯歌區;三峽區;淡水區;汐止區;瑞芳區;土城區;蘆洲區;五股區;泰山區;林口區;深坑區;石碇區;坪林區;三芝區;石門區;八里區;平溪區;雙溪區;貢寮區;金山區;萬里區;烏來區,02-86268833,chong.huei@yahoo.com.tw,鍾秋月,20250101.0,20271231.0,20241213 16:55:12
新北市私立崇惠老人長期照顧中心(養護型),A10200189,A1,新北市,淡水區,新北市淡水區竿蓁里淡金路16巷117號,121.4605560303,25.1621894836,B,喘息服務,臺北市,松山區;信義區;大安區;中山區;中正區;大同區;萬華區;文山區;南港區;內湖區;士林區;北投區,02-86268833,chong.huei@yahoo.com.tw,鍾秋月,20250101.0,20261231.0,20241231 11:35:34
新北市私立崇惠老人長期照顧中心(養護型),A10200189,A1,新北市,淡水區,新北市淡水區竿蓁里淡金路16巷117號,121.4605560303,25.1621894836,B,喘息服務,臺北市,松山區;信義區;大安區;中山區;中正區;大同區;萬華區;文山區;南港區;內湖區;士林區;北投區,02-86268833,chong.huei@yahoo.com.tw,鍾秋月,20200518.0,20241231.0,20221230 15:00:23
新北市私立亞恩老人長期照顧中心(養護型),A10200199,A1,新北市,新店區,新北市新店區復興里民權路42巷59弄2號5樓,121.5381546021,24.9840278625,B,喘息服務,新北市,中和區;永和區;新店區;深坑區;烏來區,02-89111270,giona1007@yahoo.com.tw,劉志榮,20250101.0,20271231.0,20241213 15:40:20
臺北市私立天玉老人長期照顧中心(長期照護型),A10100127,A1,臺北市,士林區,臺北市士林區天玉里天玉街38巷18弄18號1-6樓,121.5303421021,25.1200714111,B,喘息服務,臺北市,松山區;信義區;大安區;中山區;中正區;大同區;萬華區;文山區;南港區;內湖區;士林區;北投區,28720239 ,tianyu3818@gmail.com,林海珠,20250101.0,20261231.0,20241231 12:26:54
臺北市私立天玉老人長期照顧中心(長期照護型),A10100127,A1,臺北市,士林區,臺北市士林區天玉里天玉街38巷18弄18號1-6樓,121.5303421021,25.1200714111,B,喘息服務,臺北市,松山區;信義區;大安區;中山區;中正區;大同區;萬華區;文山區;南港區;內湖區;士林區;北投區,28720239 ,tianyu3818@gmail.com,林海珠,20190621.0,20241231.0,20221230 15:08:31
新北市私立寶安老人長期照顧中心(養護型),A10200279,A1,新北市,永和區,新北市永和區竹林路73號2樓、3樓,121.5191116333,25.013168335,B,喘息服務,新北市,永和區,02-89281517,Betty19810409@gmail.com,張靜如,20250101.0,20271231.0,20241227 09:20:40
新北市私立迦蜜老人長期照顧中心(養護型),A10200174,A1,新北市,板橋區,新北市板橋區廣權路10號2、3樓,121.4609375,24.9912586212,B,喘息服務,新北市,板橋區;三重區;中和區;永和區;新莊區;新店區;樹林區;鶯歌區;三峽區;淡水區;汐止區;瑞芳區;土城區;蘆洲區;五股區;泰山區;林口區;深坑區;石碇區;坪林區;三芝區;石門區;八里區;平溪區;雙溪區;貢寮區;金山區;萬里區;烏來區,29511181,caleb.sweet@msa.hinet.net,范新鷺,20250101.0,20271231.0,20241220 11:37:27
新北市私立仁英老人養護中心,A10200211,A1,新北市,新莊區,新北市新莊區中正路544-36號4樓,121.4298706055,25.0316200256,B,喘息服務,新北市,板橋區;三重區;新莊區;蘆洲區;五股區;泰山區,02-29085498,cy.ay544364@gmail.com,吳霈綺,20250101.0,20271231.0,20250113 16:04:23
新北市私立德馨老人長期照顧中心(養護型),A10200298,A1,新北市,汐止區,新北市汐止區和平街8號5樓,121.6632156372,25.0710277557,B,喘息服務,新北市,汐止區,02-26471288,dexin106@gmail.com,郭秀琴,20250101.0,20271231.0,20250110 14:29:50
國立臺灣大學醫學院附設醫院金山分院,B20200031,B2,新北市,金山區,新北市金山區五湖里11鄰玉爐路7號,121.6283416748,25.2194690704,B,專業照護服務,新北市,三芝區;石門區;金山區;萬里區,02-24989898,jawshiun@ntu.edu.tw,蔡兆勲,20220101.0,20241231.0,20220315 16:56:14
國立臺灣大學醫學院附設醫院金山分院,B20200031,B2,新北市,金山區,新北市金山區五湖里11鄰玉爐路7號,121.6283416748,25.2194690704,B,專業照護服務(CC01),新北市,板橋區;三重區;中和區;永和區;新莊區;新店區;樹林區;鶯歌區;三峽區;淡水區;汐止區;瑞芳區;土城區;蘆洲區;五股區;泰山區;林口區;深坑區;石碇區;坪林區;三芝區;石門區;八里區;平溪區;雙溪區;貢寮區;金山區;萬里區;烏來區,02-24989898,jawshiun@ntu.edu.tw,蔡兆勲,20220101.0,20241231.0,20230802 17:19:14
新北市石碇區衛生所,B20200026,B2,新北市,石碇區,新北市石碇區潭邊里碇坪路一段82號 ,121.6576080322,24.9913482666,B,居家失能個案家庭醫師照護服務,新北市,石碇區,02-26631325,AA4141@ntpc.gov.tw,姚智偉,20250101.0,20271231.0,20241227 15:09:11
庭芳居家護理所,B10200031,B1,新北市,三重區,新北市三重區成功路110號2樓之20,121.4870605469,25.0516357422,B,專業照護服務,新北市,三重區;新莊區;蘆洲區,02-29725137,ankara.a718503@msa.hinet.net,黃若蓮,20221205.0,20241231.0,20240102 10:56:28
臺北市私立大園老人長期照顧中心(養護型),A10100072,A1,臺北市,中正區,臺北市中正區三愛里001鄰新生南路1段124之3號1~4樓,121.5325317383,25.0375099182,B,喘息服務,臺北市,松山區;信義區;大安區;中山區;中正區;大同區;萬華區;文山區;南港區;內湖區;士林區;北投區,02-33931662,biggardenbiggarden@yahoo.com.tw,黃慶玉,20221024.0,20241231.0,20221229 22:06:11
臺北市私立賢暉老人長期照顧中心(養護型),A10100094,A1,臺北市,北投區,臺北市北投區永欣里016鄰石牌路2段315巷34弄14、16號1樓,121.5231781006,25.1232376099,B,喘息服務,臺北市,松山區;信義區;大安區;中山區;中正區;大同區;萬華區;文山區;南港區;內湖區;士林區;北投區,02-28710770,sabinaangel1214@gmail.com,蔡玉真,20191227.0,20221231.0,20210112 23:27:02
臺北市私立榮祥老人長期照顧中心(養護型),A10100101,A1,臺北市,北投區,臺北市北投區文林里文林里019鄰文林北路166巷5弄2號1~2樓、4號1樓,121.5162582397,25.1071548462,B,喘息服務,臺北市,松山區;信義區;大安區;中山區;中正區;大同區;萬華區;文山區;南港區;內湖區;士林區;北投區,0228213709,rgnhing166@gmail.com,陳孟君,20180801.0,20241231.0,20221230 20:37:46
臺北市私立榮祥老人長期照顧中心(養護型),A10100101,A1,臺北市,北投區,臺北市北投區文林里文林里019鄰文林北路166巷5弄2號1~2樓、4號1樓,121.5162582397,25.1071548462,B,喘息服務,臺北市,松山區;信義區;大安區;中山區;中正區;大同區;萬華區;文山區;南港區;內湖區;士林區;北投區,0228213709,rgnhing166@gmail.com,陳孟君,20250101.0,20261231.0,20250206 10:04:00
臺北市私立崇順老人養護所,A10100104,A1,臺北市,北投區,臺北市北投區關渡里013鄰知行路52巷1號、54號1、2號,121.4674682617,25.1181602478,B,喘息服務,臺北市,松山區;信義區;大安區;中山區;中正區;大同區;萬華區;文山區;南港區;內湖區;士林區;北投區,02-28581979,chongshun28581979@yahoo.com.tw,鍾秋月,20250101.0,20261231.0,20250204 14:54:55
財團法人台灣基督教道生院附設臺北市私立道生院老人長期照顧中心(養護型),A10100112,A1,臺北市,北投區,臺北市北投區秀山里002鄰中和街錫安巷112號1.2樓及地下1樓,121.5004806519,25.1477241516,B,喘息服務,臺北市,松山區;信義區;大安區;中山區;中正區;大同區;萬華區;文山區;南港區;內湖區;士林區;北投區,02-28936161,t28936161@yahoo.com.tw,翁瑞亨,20250101.0,20261231.0,20250206 10:18:43
新北市私立慈和老人長期照顧中心(養護型),A10200113,A1,新北市,中和區,新北市中和區中正路909號2樓,121.4835205078,25.006401062,B,喘息服務,新北市,板橋區;三重區;中和區;永和區;新莊區;新店區;樹林區;鶯歌區;三峽區;淡水區;汐止區;瑞芳區;土城區;蘆洲區;五股區;泰山區;林口區;深坑區;石碇區;坪林區;三芝區;石門區;八里區;平溪區;雙溪區;貢寮區;金山區;萬里區;烏來區,22212393,a58mercy@gmail.com,宋燕凌,20250101.0,20271231.0,20250415 11:24:10
新北市私立中山老人長期照顧中心(養護型),A10200123,A1,新北市,中和區,新北市中和區橋安街6號2、3樓,121.4928665161,25.0037841797,B,喘息服務,新北市,板橋區;三重區;中和區;永和區;新莊區;新店區;樹林區;鶯歌區;三峽區;淡水區;汐止區;瑞芳區;土城區;蘆洲區;五股區;泰山區;林口區,22438341,futai6888@gmail.com,張子騏,20250101.0,20271231.0,20241205 10:56:44
新北市私立松和老人長期照顧中心(養護型),A10200154,A1,新北市,板橋區,新北市板橋區大觀路3段236號7樓,121.430557251,24.9920520782,B,喘息服務,新北市,板橋區;三重區;中和區;永和區;新莊區;樹林區;土城區;蘆洲區,02-26823334,cholong_li@yahoo.com.tw,李湛博,20250101.0,20271231.0,20250103 09:45:38
新北市私立松園老人長期照顧中心(養護型),A10200171,A1,新北市,板橋區,新北市板橋區四川路2段16巷8號7樓,121.4562683105,24.9970264435,B,喘息服務,新北市,板橋區;三重區;中和區;永和區;新莊區;新店區;樹林區;鶯歌區;三峽區;淡水區;汐止區;瑞芳區;土城區;蘆洲區;五股區;泰山區;林口區,02-89665034,hguo3303@gmail.com,楊勝凱,20250101.0,20271231.0,20241205 14:45:16
新北市私立智英老人長期照護中心,A10200209,A1,新北市,新莊區,新北市新莊區中正路544-36號1樓,121.4298706055,25.0316200256,B,喘息服務,新北市,板橋區;三重區;新莊區;蘆洲區;五股區;泰山區,02-29085498,cy.ay544361@gmail.com,劉江裕,20250101.0,20271231.0,20250113 15:40:19
衛生福利部北區老人之家,A10200059,A1,新北市,新店區,新北市新店區屈尺里屈尺路83號,121.5450897217,24.9218406677,B,日間照顧服務,新北市,新店區;烏來區,0226668695,n115@nrsch.mohw.gov.tw,陳立庚,20250101.0,20271231.0,20241226 10:40:47
新北市私立慈安老人長期照顧中心(養護型),A10200114,A1,新北市,中和區,新北市中和區中正路909號3樓,121.4835205078,25.006401062,B,喘息服務,新北市,板橋區;三重區;中和區;永和區;新莊區;新店區;樹林區;鶯歌區;三峽區;淡水區;汐止區;瑞芳區;土城區;蘆洲區;五股區;泰山區;林口區;深坑區;石碇區;坪林區;三芝區;石門區;八里區;平溪區;雙溪區;貢寮區;金山區;萬里區;烏來區,22212393,a8411@outlook.com,宋王素娥,20250101.0,20271231.0,20250415 11:24:01
臺北市私立上上老人養護所,A10100143,A1,臺北市,大安區,臺北市大安區仁慈里009鄰復興南路1段279巷14、16號1樓,121.5446472168,25.0355033875,B,喘息服務,臺北市,大安區,27032223,shangshang58@yahoo.com.tw,李惠珍,20190820.0,20241231.0,20221230 14:55:53
臺北市私立上上老人養護所,A10100143,A1,臺北市,大安區,臺北市大安區仁慈里009鄰復興南路1段279巷14、16號1樓,121.5446472168,25.0355033875,B,喘息服務,臺北市,松山區;信義區;大安區;中山區;中正區;大同區;萬華區;文山區;南港區;內湖區;士林區;北投區,27032223,shangshang58@yahoo.com.tw,李惠珍,20250101.0,20261231.0,20250204 11:53:45
新北市私立闔樂老人長期照顧中心(養護型),A10200294,A1,新北市,中和區,新北市中和區中山路二段327巷1號號2樓,121.4934005737,25.0015621185,B,喘息服務,新北市,板橋區;三重區;中和區;永和區;新莊區;新店區;樹林區;鶯歌區;三峽區;淡水區;汐止區;瑞芳區;土城區;蘆洲區;五股區;泰山區;林口區;深坑區;石碇區;坪林區;三芝區;石門區;八里區;平溪區;雙溪區;貢寮區;金山區;萬里區;烏來區,2242-2502,holuck061228@gmail.com,蕭美寧,20250101.0,20271231.0,20241227 11:15:49
新北市石碇區衛生所,B20200026,B2,新北市,石碇區,新北市石碇區潭邊里碇坪路一段82號 ,121.6576080322,24.9913482666,A,個案管理服務,新北市,石碇區,02-26631325,AA4141@ntpc.gov.tw,姚智偉,20250101.0,20250630.0,20241231 14:27:48
新北市私立中英老人養護中心,A10200210,A1,新北市,新莊區,新北市新莊區中正路544-36號2樓,121.4298706055,25.0316200256,B,喘息服務,新北市,板橋區;三重區;新莊區;蘆洲區;五股區;泰山區,02-29085498,cy.ay544362@gmail.com,梁惠倫,20250101.0,20271231.0,20250113 15:42:34
臺北市私立永安老人養護所,A10100130,A1,臺北市,大同區,臺北市大同區老師里008鄰重慶北路3段284號2~4樓、286號1~4樓,121.5135879517,25.0731468201,B,喘息服務,臺北市,松山區;信義區;大安區;中山區;中正區;大同區;萬華區;文山區;南港區;內湖區;士林區;北投區,25980197,taipeiyungan@gmail.com,莊增瀧,20250101.0,20261231.0,20250204 14:58:49
臺北市私立全寶老人長期照顧中心(養護型),A10100153,A1,臺北市,北投區,臺北市北投區永欣里013石牌路二段315巷2號-2之一號1樓,121.5231552124,25.1221313477,B,喘息服務,臺北市,松山區;信義區;大安區;中山區;中正區;大同區;萬華區;文山區;南港區;內湖區;士林區;北投區,02-28710792,cb28710792@yahoo.com,古倩,20250101.0,20261231.0,20241104 18:25:49
佳顧股份有限公司附設臺北市私立佳顧居家長照機構,1V0100007,1,臺北市,中山區,臺北市中山區集英里中山北路2段102號11樓,121.5227127075,25.0600719452,B,居家服務,臺北市,松山區;大安區;中山區;內湖區;士林區,02-2511-2595,drmake888@gmail.com,孫蓁如,20190710.0,20231231.0,20211230 15:59:51
佳顧股份有限公司附設臺北市私立佳顧居家長照機構,1V0100007,1,臺北市,中山區,臺北市中山區集英里中山北路2段102號11樓,121.5227127075,25.0600719452,B,喘息服務,臺北市,松山區;大安區;中山區;內湖區;士林區,02-2511-2595,drmake888@gmail.com,孫蓁如,20190917.0,20241231.0,20221229 23:13:53
佳顧股份有限公司附設臺北市私立佳顧居家長照機構,1V0100007,1,臺北市,中山區,臺北市中山區集英里中山北路2段102號11樓,121.5227127075,25.0600719452,B,居家服務,臺北市,松山區;大安區;中山區;內湖區;士林區,02-2511-2595,drmake888@gmail.com,孫蓁如,20240101.0,20261231.0,20231229 10:06:03
國立臺灣大學醫學院附設醫院金山分院,B20200031,B2,新北市,金山區,新北市金山區五湖里11鄰玉爐路7號,121.6283416748,25.2194690704,B,居家失能個案家庭醫師照護服務,新北市,三芝區;石門區;金山區;萬里區,02-24989898,jawshiun@ntu.edu.tw,蔡兆勲,20250101.0,20271231.0,20241220 10:14:16
國立臺灣大學醫學院附設醫院金山分院,B20200031,B2,新北市,金山區,新北市金山區五湖里11鄰玉爐路7號,121.6283416748,25.2194690704,A,個案管理服務,新北市,三芝區;石門區;金山區;萬里區,02-24989898,jawshiun@ntu.edu.tw,蔡兆勲,20250101.0,20250630.0,20241231 16:01:17
國立臺灣大學醫學院附設醫院金山分院,B20200031,B2,新北市,金山區,新北市金山區五湖里11鄰玉爐路7號,121.6283416748,25.2194690704,B,專業照護服務,新北市,三芝區;石門區;金山區;萬里區,02-24989898,jawshiun@ntu.edu.tw,蔡兆勲,20250101.0,20271231.0,20241220 10:13:29
國立臺灣大學醫學院附設醫院金山分院,B20200031,B2,新北市,金山區,新北市金山區五湖里11鄰玉爐路7號,121.6283416748,25.2194690704,B,專業照護服務(CC01),新北市,三芝區;石門區;金山區;萬里區,02-24989898,jawshiun@ntu.edu.tw,蔡兆勲,20250101.0,20271231.0,20241220 10:13:48
新北市私立木新居護理之家,A30200031,A3,新北市,土城區,新北市土城區清水路114號3至5樓,121.4580459595,24.981426239,B,喘息服務,新北市,板橋區;三重區;中和區;永和區;新莊區;新店區;樹林區;鶯歌區;三峽區;淡水區;土城區;蘆洲區;五股區;泰山區;林口區;八里區,02-22740855,mushge.nushom@msa.hinet.net,吳柏璇,20250101.0,20271231.0,20250103 15:29:37
衛生福利部臺北醫院,A30200039,B2,新北市,新莊區,新北市新莊區思源路127號,121.4596252441,25.0432415009,B,專業照護服務(CC01),新北市,新莊區,02-22765566#1122,wanying0928@gmail.com,鄭舜平,20250101.0,20271231.0,20250110 11:26:28
元復醫院附設護理之家,A30200054,A3,新北市,土城區,新北市土城區慶樂街25號1、2、3樓,121.4391326904,24.9727344513,B,喘息服務,新北市,板橋區;三重區;中和區;永和區;新莊區;新店區;樹林區;鶯歌區;三峽區;淡水區;汐止區;瑞芳區;土城區;蘆洲區;五股區;泰山區;林口區;深坑區;石碇區;坪林區;三芝區;石門區;八里區;平溪區;雙溪區;貢寮區;金山區;萬里區;烏來區,02-22620582,nursing.centers@msa.hinet.net,陳美慧,20250101.0,20271231.0,20241216 11:50:27
三重中興醫院附設護理之家,A30200055,A3,新北市,三重區,新北市三重區中興北街21號4樓,121.4696731567,25.0465583801,B,喘息服務,新北市,三重區;新莊區;蘆洲區,02-29954245,hanya520@hotmail.com,林菡雅,20250101.0,20271231.0,20250110 13:46:34
新北市私立佳和護理之家,A30200080,A3,新北市,板橋區,新北市板橋區江寧路3段29號2樓,121.4710922241,25.0317306519,B,喘息服務,新北市,板橋區;三重區;中和區;永和區;新莊區;新店區;樹林區;鶯歌區;三峽區;汐止區;土城區;蘆洲區;五股區;泰山區;林口區,22552648,tseng6894@gmail.com,曾榆茜,20250101.0,20271231.0,20241227 09:31:43
臺北市私立仁泰老人長期照顧中心(養護型),A10100067,A1,臺北市,中正區,臺北市中正區三愛里001鄰連雲街3號1、3樓、3之4號及三愛里001鄰新生南路1段124之3號5樓,121.5323104858,25.03764534,B,喘息服務,臺北市,松山區;信義區;大安區;中山區;中正區;大同區;萬華區;文山區;南港區;內湖區;士林區;北投區,02-33931662,biggardenbiggarden@yahoo.com.tw,林郁翔,20221017.0,20241231.0,20221229 22:06:46
臺北市私立全寶老人長期照顧中心(養護型),A10100153,A1,臺北市,北投區,臺北市北投區永欣里013石牌路二段315巷2號-2之一號1樓,121.5231552124,25.1221313477,B,喘息服務,新北市,板橋區;三重區;中和區;永和區;新莊區;新店區;樹林區;鶯歌區;三峽區;淡水區;汐止區;瑞芳區;土城區;蘆洲區;五股區;泰山區;林口區;深坑區;石碇區;坪林區;三芝區;石門區;八里區;平溪區;雙溪區;貢寮區;金山區;萬里區;烏來區,02-28710792,cb28710792@yahoo.com,古倩,20250101.0,20271231.0,20250110 15:25:43
新北市私立童心老人長期照顧中心(養護型),A10200141,A1,新北市,汐止區,新北市汐止區環河里南陽街90巷14號,121.622795105,25.0618877411,B,喘息服務,新北市,板橋區;中和區;永和區;新莊區;樹林區;汐止區,02-26940170,tungshincare@gmail.com,李梓帆,20250101.0,20271231.0,20241227 15:16:21
新北市私立景頤老人長期照顧中心(養護型),A10200223,A1,新北市,新莊區,新北市新莊區思源路87巷18號3樓之1,121.4584197998,25.0413093567,B,喘息服務,新北市,板橋區;三重區;中和區;永和區;新莊區;新店區;樹林區;三峽區;淡水區;土城區;蘆洲區;五股區;泰山區;林口區,22772203,g0972122723@gmail.com,游皓傑,20250101.0,20271231.0,20250110 14:16:14
國泰醫療財團法人汐止國泰綜合醫院,B20200032,B2,新北市,汐止區,新北市汐止區建成路59巷2號,121.6611938477,25.0725364685,A,個案管理服務,新北市,汐止區,02-26482121,sjd5130@cgh.org.tw,林慶齡,20250101.0,20250630.0,20241231 16:35:33
臺北市私立福成老人長期照顧中心(養護型),A10100057,A1,臺北市,中山區,臺北市中山區松江路374、380、382號4樓,121.532951355,25.0634117126,B,喘息服務,臺北市,松山區;信義區;大安區;中山區;中正區;大同區;萬華區;文山區;南港區;內湖區;士林區;北投區,02-25982507,fc25982507@gmail.com,蕭憲宗,20190917.0,20241231.0,20221230 18:21:29
康園護理之家,A30200029,A3,新北市,新店區,新北市新店區安興路91巷31號1至5樓,121.5142364502,24.9746894836,B,日間照顧服務,新北市,板橋區;三重區;中和區;永和區;新莊區;新店區;樹林區;鶯歌區;三峽區;淡水區;汐止區;瑞芳區;土城區;蘆洲區;五股區;泰山區;林口區;深坑區;石碇區;坪林區;三芝區;石門區;八里區;平溪區;雙溪區;貢寮區;金山區;萬里區;烏來區,(02)86663556,kynh86663556@gmail.com,郭寶麗,20250101.0,20271231.0,20241223 10:56:14
新北市貢寮區衛生所,B20200017,B2,新北市,貢寮區,新北市貢寮區真理里仁愛路128號,121.927520752,25.0549755096,B,居家失能個案家庭醫師照護服務,新北市,貢寮區,02-24901431,AM9230@ntpc.gov.tw,林中一,20250101.0,20271231.0,20241219 11:27:11
康園護理之家,A30200029,A3,新北市,新店區,新北市新店區安興路91巷31號1至5樓,121.5142364502,24.9746894836,B,喘息服務,新北市,板橋區;三重區;中和區;永和區;新莊區;新店區;樹林區;鶯歌區;三峽區;淡水區;汐止區;瑞芳區;土城區;蘆洲區;五股區;泰山區;林口區;深坑區;石碇區;坪林區;三芝區;石門區;八里區;平溪區;雙溪區;貢寮區;金山區;萬里區;烏來區,(02)86663556,kynh86663556@gmail.com,郭寶麗,20250101.0,20271231.0,20241223 10:56:37
新北市金山區衛生所,B20200022,B2,新北市,金山區,新北市金山區民生路59號,121.6411514282,25.2206497192,B,居家失能個案家庭醫師照護服務,新北市,金山區,02 4982778,ag9446@ntpc.gov.tw,潘恆嘉,20250101.0,20271231.0,20250106 11:32:03
新北市金山區衛生所,B20200022,B2,新北市,金山區,新北市金山區民生路59號,121.6411514282,25.2206497192,A,個案管理服務,新北市,金山區,02 4982778,ag9446@ntpc.gov.tw,潘恆嘉,20250101.0,20250630.0,20241231 16:07:20
同仁院醫療財團法人附設居家護理所,B10100036,B1,臺北市,萬華區,臺北市萬華區中華路2段606巷6號6樓,121.5098190308,25.0239982605,B,專業照護服務,臺北市,中正區;萬華區,,,黃懿維,20180301.0,20241231.0,20241018 16:38:43
臺北市私立全家老人長期照顧中心(養護型),A10100096,A1,臺北市,北投區,臺北市北投區永和里007鄰行義路96巷1號1~2樓,121.5288543701,25.1266803741,B,喘息服務,臺北市,松山區;信義區;大安區;中山區;中正區;大同區;萬華區;文山區;南港區;內湖區;士林區;北投區,02-28761692,cj61245@yahoo.com.tw,陳非,20250101.0,20261231.0,20241104 10:08:58
臺北市私立義行老人長期照顧中心(養護型),A10100099,A1,臺北市,北投區,臺北市北投區永和里001鄰石牌路2段357巷1號4~6樓,121.5248641968,25.1236610413,B,喘息服務,臺北市,松山區;信義區;大安區;中山區;中正區;大同區;萬華區;文山區;南港區;內湖區;士林區;北投區,0228722221,201andy@gmail.com,林萬知,20250101.0,20261231.0,20250204 14:44:43
臺北市私立同德老人長期照顧中心(養護型),A10100114,A1,臺北市,北投區,臺北市北投區榮華里榮華里004鄰明德路306巷1-7樓,121.5223007202,25.1152362823,B,喘息服務,臺北市,松山區;信義區;大安區;中山區;中正區;大同區;萬華區;文山區;南港區;內湖區;士林區;北投區,0228281328,a31831661@gmail.com,李佩芡,20190725.0,20241231.0,20230202 16:40:44
新北市貢寮區衛生所,B20200017,B2,新北市,貢寮區,新北市貢寮區真理里仁愛路128號,121.927520752,25.0549755096,A,個案管理服務,新北市,貢寮區,02-24901431,AM9230@ntpc.gov.tw,林中一,20250101.0,20250630.0,20241231 14:31:34
新北市貢寮區衛生所,B20200017,B2,新北市,貢寮區,新北市貢寮區真理里仁愛路128號,121.927520752,25.0549755096,B,交通接送服務,新北市,貢寮區,02-24901431,AM9230@ntpc.gov.tw,林中一,20250101.0,20271231.0,20241219 11:26:50
新北仁康醫院附設護理之家,A30200058,A3,新北市,新店區,新北市新店區安康路二段323號3樓及325號,121.4997406006,24.9555587769,B,喘息服務,新北市,中和區;永和區;新店區,22152345,njkhservice@gmail.com,康淑儀,20250101.0,20271231.0,20241227 14:55:15
臺北市私立義行老人長期照顧中心(養護型),A10100099,A1,臺北市,北投區,臺北市北投區永和里001鄰石牌路2段357巷1號4~6樓,121.5248641968,25.1236610413,B,喘息服務,臺北市,松山區;信義區;大安區;中山區;中正區;大同區;萬華區;文山區;南港區;內湖區;士林區;北投區,0228722221,201andy@gmail.com,林萬知,20200609.0,20241231.0,20230202 16:41:51
臺北市私立同德老人長期照顧中心(養護型),A10100114,A1,臺北市,北投區,臺北市北投區榮華里榮華里004鄰明德路306巷1-7樓,121.5223007202,25.1152362823,B,喘息服務,臺北市,松山區;信義區;大安區;中山區;中正區;大同區;萬華區;文山區;南港區;內湖區;士林區;北投區,0228281328,a31831661@gmail.com,李佩芡,20250101.0,20261231.0,20250205 10:29:32
臺北市私立全家老人長期照顧中心(養護型),A10100096,A1,臺北市,北投區,臺北市北投區永和里007鄰行義路96巷1號1~2樓,121.5288543701,25.1266803741,B,喘息服務,新北市,板橋區;三重區;中和區;永和區;新莊區;新店區;樹林區;鶯歌區;三峽區;淡水區;汐止區;瑞芳區;土城區;蘆洲區;五股區;泰山區;林口區;深坑區;石碇區;坪林區;三芝區;石門區;八里區;平溪區;雙溪區;貢寮區;金山區;萬里區;烏來區,02-28761692,cj61245@yahoo.com.tw,陳非,20250101.0,20271231.0,20250110 15:27:36
臺北市私立行義老人長期照顧中心(養護型),A10100109,A1,臺北市,北投區,臺北市北投區永和里001鄰石牌路2段357巷1號1~3樓,121.5248641968,25.1236610413,B,喘息服務,臺北市,松山區;信義區;大安區;中山區;中正區;大同區;萬華區;文山區;南港區;內湖區;士林區;北投區,02-28729599,sy9599@gmail.com,林萬知,20200609.0,20241231.0,20221230 20:35:57
臺北市私立行義老人長期照顧中心(養護型),A10100109,A1,臺北市,北投區,臺北市北投區永和里001鄰石牌路2段357巷1號1~3樓,121.5248641968,25.1236610413,B,喘息服務,臺北市,松山區;信義區;大安區;中山區;中正區;大同區;萬華區;文山區;南港區;內湖區;士林區;北投區,02-28729599,sy9599@gmail.com,林萬知,20250101.0,20261231.0,20250204 14:47:28
臺北市私立福成老人長期照顧中心(養護型),A10100057,A1,臺北市,中山區,臺北市中山區松江路374、380、382號4樓,121.532951355,25.0634117126,B,喘息服務,臺北市,松山區;信義區;大安區;中山區;中正區;大同區;萬華區;文山區;南港區;內湖區;士林區;北投區,02-25982507,fc25982507@gmail.com,蕭憲宗,20250101.0,20261231.0,20250204 11:57:09
新北市私立松永老人長期照顧中心(養護型),A10200128,A1,新北市,永和區,新北市永和區店街里中正路455號8樓、8樓之1、8樓之2、8樓之3、8樓之4、8樓之5、8樓之6,121.5168457031,25.0055294037,B,喘息服務,新北市,板橋區;三重區;中和區;永和區;新莊區;新店區;樹林區;三峽區;土城區;蘆洲區,0222326552,sy22326552@gmail.com,李秋龍,20250101.0,20271231.0,20241225 16:23:52
新北市私立幸福家園老人長期照顧中心(養護型),A10200144,A1,新北市,汐止區,新北市汐止區興福里福德路38號12樓,121.6363830566,25.0673294067,B,喘息服務,新北市,板橋區;三重區;中和區;永和區;新莊區;新店區;樹林區;鶯歌區;三峽區;淡水區;汐止區;瑞芳區;土城區;蘆洲區;五股區;泰山區;林口區;深坑區;石碇區;坪林區;三芝區;石門區;八里區;平溪區;雙溪區;貢寮區;金山區;萬里區;烏來區,02-26924325,goodhomeland789@gmail.com,李倩穎,20250101.0,20271231.0,20250110 16:20:06
新北市私立思福老人長期照顧中心(養護型),A10200185,A1,新北市,淡水區,新北市淡水區義山里下圭柔山114之7號,121.4461517334,25.2086334229,B,喘息服務,新北市,淡水區;三芝區;石門區;八里區;金山區,02-26211033,sifunurse@yahoo.com.tw,陳韋志,20250101.0,20271231.0,20250109 15:43:07
臺北市私立慧光老人養護所,A10100128,A1,臺北市,大同區,臺北市大同區星明里寧夏路32 號5樓,121.5151443481,25.0559539795,B,喘息服務,臺北市,松山區;信義區;大安區;中山區;中正區;大同區;萬華區;文山區;南港區;內湖區;士林區;北投區,25582275,Good.wu0731@msa.hinet.net,康玉燕,20180529.0,20241231.0,20221229 22:21:24
臺北市私立慧光老人養護所,A10100128,A1,臺北市,大同區,臺北市大同區星明里寧夏路32 號5樓,121.5151443481,25.0559539795,B,喘息服務,臺北市,松山區;信義區;大安區;中山區;中正區;大同區;萬華區;文山區;南港區;內湖區;士林區;北投區,25582275,Good.wu0731@msa.hinet.net,康玉燕,20250101.0,20261231.0,20250204 12:04:21
臺北市私立健全老人長期照顧中心(養護型),A10100140,A1,臺北市,大安區,臺北市大安區錦華里001鄰金山南路二段152號2-6樓,121.5261383057,25.0287647247,B,喘息服務,臺北市,松山區;信義區;大安區;中山區;中正區;大同區;萬華區;文山區;南港區;內湖區;士林區;北投區,23943265,janquan106@gmail.com,游祥祺,20250101.0,20261231.0,20250205 10:28:49
新北市私立盛禾老人長期照顧中心(養護型),A10200245,A1,新北市,新莊區,新北市新莊區雙鳳路119號4樓,121.4136123657,25.0278682709,B,喘息服務,新北市,板橋區;中和區;永和區;新莊區;樹林區,2908-1656,senho37862991@gmail.com,李梓帆,20250101.0,20271231.0,20241227 10:54:36
新北市私立佳緣老人長期照顧中心(養護型),A10200247,A1,新北市,鶯歌區,新北市鶯歌區西鶯里中山路41號,121.3517990112,24.9566955566,B,喘息服務,新北市,板橋區;三重區;中和區;永和區;新莊區;新店區;樹林區;鶯歌區;三峽區;淡水區;汐止區;瑞芳區;土城區;蘆洲區;五股區;泰山區;林口區;深坑區;石碇區;坪林區;三芝區;石門區;八里區;平溪區;雙溪區;貢寮區;金山區;萬里區;烏來區,02-26707278,konmugen@gmail.com,邱菊珍,20250101.0,20271231.0,20241227 15:11:13
新北市私立双慈老人長期照顧中心(養護型),A10200251,A1,新北市,中和區,新北市中和區中正路909號5樓,121.4835205078,25.006401062,B,喘息服務,新北市,板橋區;三重區;中和區;永和區;新莊區;新店區;樹林區;鶯歌區;三峽區;淡水區;汐止區;土城區;蘆洲區;五股區;泰山區;林口區,82286093,lisa350207@gmail.com,吳佳鈴,20250101.0,20271231.0,20241213 11:41:20
新北市私立美麗家園老人長期照顧中心(養護型),A10200264,A1,新北市,汐止區,新北市汐止區興福里福德路38號7樓、7樓之1-7,121.6359100342,25.0668201447,B,喘息服務,新北市,板橋區;三重區;中和區;永和區;新莊區;新店區;樹林區;鶯歌區;三峽區;淡水區;汐止區;瑞芳區;土城區;蘆洲區;五股區;泰山區;林口區;深坑區;石碇區;坪林區;三芝區;石門區;八里區;平溪區;雙溪區;貢寮區;金山區;萬里區;烏來區,0226921238,goodhomeland456@gmail.com,王宇文,20250101.0,20271231.0,20250110 16:15:50
新北市私立幸福家園老人長期照顧中心(養護型),A10200144,A1,新北市,汐止區,新北市汐止區興福里福德路38號12樓,121.6363830566,25.0673294067,B,喘息服務,臺北市,松山區;信義區;大安區;中山區;中正區;大同區;萬華區;文山區;南港區;內湖區;士林區;北投區,02-26924325,goodhomeland789@gmail.com,李倩穎,20250101.0,20261231.0,20241231 11:46:00
新北市私立思親老人長期照顧中心(養護型),A10200184,A1,新北市,淡水區,新北市淡水區下圭柔山114之6號,121.4461517334,25.2086334229,B,喘息服務,新北市,淡水區;三芝區;石門區;八里區;金山區,02-26211033,siqinnurse@yahoo.com.tw,陳韋強,20250101.0,20271231.0,20250109 15:38:02
新北市私立慈鴻老人長期照顧中心(養護型),A10200244,A1,新北市,中和區,新北市中和區中正路909號4樓,121.4835205078,25.006401062,B,喘息服務,新北市,板橋區;三重區;中和區;永和區;新莊區;新店區;樹林區;鶯歌區;三峽區;淡水區;汐止區;瑞芳區;土城區;蘆洲區;五股區;泰山區;林口區;深坑區;石碇區;坪林區;三芝區;石門區;八里區;平溪區;雙溪區;貢寮區;金山區;萬里區;烏來區,22212393,a8411@outlook.com,宋燕凌,20250101.0,20271231.0,20250415 11:21:26
臺北市私立全泰老人長期照顧中心(養護型),A10100152,A1,臺北市,北投區,臺北市北投區永和里007鄰行義路105號,121.5284347534,25.1277351379,B,喘息服務,臺北市,松山區;信義區;大安區;中山區;中正區;大同區;萬華區;文山區;南港區;內湖區;士林區;北投區,02-28747739,ct28747739@gmail.com,陳莉茵,20250101.0,20261231.0,20250204 14:33:01
輔仁大學學校財團法人輔仁大學附設醫院附設居家護理所,B10200059,B1,新北市,泰山區,新北市泰山區貴子路69號6樓,121.4310150146,25.0400562286,B,專業照護服務,新北市,新莊區;泰山區,02-85128909,b04500@mail.fjuh.fju.edu.tw,涂秀美,20220101.0,20241231.0,20220315 09:59:25
新北市私立心田老人長期照顧中心(養護型),A10200177,A1,新北市,板橋區,新北市板橋區廣權路2號3樓、6號3樓F,121.4603881836,24.9909706116,B,喘息服務,新北市,板橋區;三重區;中和區;永和區;新莊區;新店區;樹林區;鶯歌區;三峽區;淡水區;汐止區;瑞芳區;土城區;蘆洲區;五股區;泰山區;林口區;深坑區;石碇區;坪林區;三芝區;石門區;八里區;平溪區;雙溪區;貢寮區;金山區;萬里區;烏來區,0289511426,cuteqmona@yahoo.com.tw,朱瑜慈,20250101.0,20271231.0,20241224 09:59:29
臺北市私立健全老人長期照顧中心(養護型),A10100140,A1,臺北市,大安區,臺北市大安區錦華里001鄰金山南路二段152號2-6樓,121.5261383057,25.0287647247,B,喘息服務,臺北市,松山區;信義區;大安區;中山區;中正區;大同區;萬華區;文山區;南港區;內湖區;士林區;北投區,23943265,janquan106@gmail.com,游祥祺,20190829.0,20241231.0,20221230 15:25:01
新北市私立大漢老人長期照顧中心(養護型),A10200040,A1,新北市,汐止區,新北市汐止區興福里福德路38號5樓之1,121.6359100342,25.0668201447,B,喘息服務,新北市,汐止區;石碇區;坪林區;平溪區;金山區;萬里區,26932918,newsun3978@gmail.com,呂筱媛,20250101.0,20271231.0,20241224 11:34:00
臺北市私立全家老人長期照顧中心(養護型),A10100096,A1,臺北市,北投區,臺北市北投區永和里007鄰行義路96巷1號1~2樓,121.5288543701,25.1266803741,B,喘息服務,臺北市,北投區,02-28761692,cj61245@yahoo.com.tw,陳非,20190821.0,20241231.0,20241104 10:07:51
新北市私立美麗家園老人長期照顧中心(養護型),A10200264,A1,新北市,汐止區,新北市汐止區興福里福德路38號7樓、7樓之1-7,121.6359100342,25.0668201447,B,喘息服務,臺北市,松山區;信義區;大安區;中山區;中正區;大同區;萬華區;文山區;南港區;內湖區;士林區;北投區,0226921238,goodhomeland456@gmail.com,王宇文,20200720.0,20241231.0,20221229 20:51:59
新北市私立銀享樂園老人長期照顧中心(養護型),A10200280,A1,新北市,土城區,新北市土城區日新里日新街33巷8號3-4樓,121.4426651001,24.987537384,B,喘息服務,新北市,板橋區;中和區;永和區;新莊區;樹林區;鶯歌區;三峽區;土城區;五股區;泰山區,02-22658299,caerhome72765546@gmail.com,楊文一,20250101.0,20271231.0,20241225 11:35:03
新北市私立安怡老人長期照顧中心(養護型),A10200117,A1,新北市,中和區,新北市中和區建一路87號3樓,121.4882125854,25.0024547577,B,喘息服務,新北市,板橋區;三重區;中和區;永和區;新莊區;新店區;樹林區;鶯歌區;三峽區;淡水區;汐止區;瑞芳區;土城區;蘆洲區;五股區;泰山區;林口區;深坑區;石碇區;坪林區;三芝區;石門區;八里區;平溪區;雙溪區;貢寮區;金山區;萬里區;烏來區,02-22287623,anyi10810@gmail.com,李倩穎,20250101.0,20271231.0,20250113 10:36:57
新北市私立幸福家園老人長期照顧中心(養護型),A10200144,A1,新北市,汐止區,新北市汐止區興福里福德路38號12樓,121.6363830566,25.0673294067,B,喘息服務,臺北市,松山區;信義區;大安區;中山區;中正區;大同區;萬華區;文山區;南港區;內湖區;士林區;北投區,02-26924325,goodhomeland789@gmail.com,李倩穎,20210507.0,20241231.0,20221229 20:53:06
新北市私立美麗家園老人長期照顧中心(養護型),A10200264,A1,新北市,汐止區,新北市汐止區興福里福德路38號7樓、7樓之1-7,121.6359100342,25.0668201447,B,喘息服務,臺北市,松山區;信義區;大安區;中山區;中正區;大同區;萬華區;文山區;南港區;內湖區;士林區;北投區,0226921238,goodhomeland456@gmail.com,王宇文,20250101.0,20261231.0,20241231 11:38:30
臺北市私立全泰老人長期照顧中心(養護型),A10100152,A1,臺北市,北投區,臺北市北投區永和里007鄰行義路105號,121.5284347534,25.1277351379,B,喘息服務,臺北市,北投區,02-28747739,ct28747739@gmail.com,陳莉茵,20190821.0,20241231.0,20221230 19:59:37
輔仁大學學校財團法人輔仁大學附設醫院附設居家護理所,B10200059,B1,新北市,泰山區,新北市泰山區貴子路69號6樓,121.4310150146,25.0400562286,B,專業照護服務,新北市,新莊區;泰山區,02-85128909,b04500@mail.fjuh.fju.edu.tw,涂秀美,20250101.0,20271231.0,20241226 16:46:33
新北市私立恩祥老人長期照顧中心(養護型),A10200233,A1,新北市,蘆洲區,新北市蘆洲區仁德里三民路26巷51號3樓,121.4780502319,25.0834026337,B,喘息服務,新北市,板橋區;三重區;中和區;永和區;新莊區;新店區;樹林區;鶯歌區;三峽區;淡水區;汐止區;瑞芳區;土城區;蘆洲區;五股區;泰山區;林口區;深坑區;石碇區;坪林區;三芝區;石門區;八里區;平溪區;雙溪區;貢寮區;金山區;萬里區;烏來區,02-22885959,a22885775@yahoo.com.tw,黃冠銘,20250101.0,20271231.0,20241217 11:26:44
新北市私立愛鄰田園老人長期照顧中心(養護型),A10200236,A1,新北市,鶯歌區,"新北市鶯歌區永昌里建國路596巷38,40號",121.3407440186,24.9517459869,B,喘息服務,新北市,樹林區;鶯歌區;三峽區;土城區,86773288,dd21130857@gmail.com,陳達彥,20250101.0,20271231.0,20241227 13:38:29
臺北市私立全泰老人長期照顧中心(養護型),A10100152,A1,臺北市,北投區,臺北市北投區永和里007鄰行義路105號,121.5284347534,25.1277351379,B,喘息服務,新北市,板橋區;三重區;中和區;永和區;新莊區;新店區;樹林區;鶯歌區;三峽區;淡水區;汐止區;瑞芳區;土城區;蘆洲區;五股區;泰山區;林口區;深坑區;石碇區;坪林區;三芝區;石門區;八里區;平溪區;雙溪區;貢寮區;金山區;萬里區;烏來區,02-28747739,ct28747739@gmail.com,陳莉茵,20250101.0,20271231.0,20250110 15:29:02
蕭中正醫院,B20200028,B2,新北市,板橋區,新北市板橋區南雅南路一段1巷30號2樓,121.4571609497,25.0066566467,A,個案管理服務,新北市,板橋區;中和區;五股區;泰山區,02-29685661,suky.huang@hsiaohospital.org,蕭中正,20250101.0,20250630.0,20241231 16:17:44
新北市私立愛迪樂居家長照機構,1X0200017,1,新北市,林口區,新北市林口區文化一路一段190巷6-2號,121.3757476807,25.0730800629,B,居家服務,新北市,三重區;五股區;泰山區;林口區;八里區,02-25216043,a0986391797@gmail.com,莊政修,20250101.0,20271231.0,20241225 10:17:39
皇家護理之家,A30200024,A3,新北市,中和區,新北市中和區中山路2段560號5樓、562號5樓、7樓、7樓之1、8樓,121.4831771851,25.0052185059,B,喘息服務,新北市,板橋區;三重區;中和區;永和區;新莊區;新店區;樹林區;鶯歌區;三峽區;淡水區;汐止區;瑞芳區;土城區;蘆洲區;五股區;泰山區;林口區;深坑區;石碇區;坪林區;三芝區;石門區;八里區;平溪區;雙溪區;貢寮區;金山區;萬里區;烏來區,02-22261881,royal_168@yahoo.com.tw,林子琪,20250101.0,20271231.0,20241225 09:45:44
新北市私立愛迪樂居家長照機構,1X0200017,1,新北市,林口區,新北市林口區文化一路一段190巷6-2號,121.3757476807,25.0730800629,B,喘息服務,新北市,三重區;五股區;泰山區;林口區;八里區,02-25216043,a0986391797@gmail.com,莊政修,20250101.0,20271231.0,20241225 10:18:10
新北市私立愛迪樂居家長照機構,1X0200017,1,新北市,林口區,新北市林口區文化一路一段190巷6-2號,121.3757476807,25.0730800629,A,個案管理服務,新北市,五股區;泰山區;林口區,02-25216043,a0986391797@gmail.com,莊政修,20250101.0,20250630.0,20241231 16:13:08
臺北市私立福喜老人長期照顧中心(養護型),A10100058,A1,臺北市,中山區,臺北市中山區松江路374、380、382號7樓,121.532951355,25.0631427765,B,喘息服務,臺北市,松山區;信義區;大安區;中山區;中正區;大同區;萬華區;文山區;南港區;內湖區;士林區;北投區,02-25919087,xi25917151@gmail.com,柯乾元,20191030.0,20241231.0,20221230 18:21:08
新北市五股區貿商社區發展協會(社照C),BF0200013,BF,新北市,五股區,新北市五股區貿商里登林路貿商巷8弄10號,121.4311218262,25.0706214905,C,巷弄長照站,新北市,五股區,(02)22926594,grace201423@gmail.com,高甯松,20220101.0,20221231.0,20220503 09:35:27
中菁社區發展協會,BF0200024,BF,新北市,,新北市17鄰菁埔23號,121.3776092529,25.0974636078,C,巷弄長照站,新北市,林口區,(02)26033907,,,20180101.0,20181231.0,20200214 14:26:51
金包里社區發展協會(社照C),BF0200032,BF,新北市,金山區,新北市金山區大同里9鄰溫泉路2巷9號,121.6380767822,25.2220020294,C,巷弄長照站,新北市,金山區,(02)2498-2703,ccchungdaw@mohw.gov.tw,許斌煌,20220101.0,20221231.0,20220503 09:08:51
財團法人新北市私立新希望基金會(社照C),BD0200020,BD,新北市,新店區,新北市新店區福民里三民路151號,121.5335693359,24.9732055664,C,巷弄長照站,新北市,新店區,(02)29161575#551,topnewhope@gmail.com,吳竣皓,20220101.0,20221231.0,20220503 10:30:26
臺北市私立福喜老人長期照顧中心(養護型),A10100058,A1,臺北市,中山區,臺北市中山區松江路374、380、382號7樓,121.532951355,25.0631427765,B,喘息服務,臺北市,松山區;信義區;大安區;中山區;中正區;大同區;萬華區;文山區;南港區;內湖區;士林區;北投區,02-25919087,xi25917151@gmail.com,柯乾元,20250101.0,20261231.0,20250204 11:55:56
新北市立聯合醫院附設居家護理所,B10200020,B1,新北市,三重區,新北市三重區新北大道一段3號5樓,121.4576721191,25.0235824585,B,專業照護服務,新北市,板橋區;三重區,02-29829111#3368,AO8667@ntpc.gov.tw,𡍼盈琇,20250101.0,20271231.0,20241129 16:04:51
臺北市私立仁群老人長期照顧中心(養護型),A10100055,A1,臺北市,中山區,臺北市中山區民族東路512巷14號1-2樓、16號2樓,121.5419006348,25.0673789978,B,喘息服務,臺北市,中山區,02-25013369,rcl73627418@gmail.com,劉昱森,20180131.0,20241231.0,20221229 22:18:26
臺北市私立仁群老人長期照顧中心(養護型),A10100055,A1,臺北市,中山區,臺北市中山區民族東路512巷14號1-2樓、16號2樓,121.5419006348,25.0673789978,B,喘息服務,臺北市,松山區;中山區;大同區,02-25013369,rcl73627418@gmail.com,劉昱森,20250101.0,20261231.0,20250204 14:50:37
私立健安護理之家,A30200034,A3,新北市,板橋區,新北市板橋區民權路174號1-6樓,121.4597015381,25.0132312775,B,喘息服務,新北市,板橋區;三重區;中和區;永和區;新莊區;新店區;樹林區;鶯歌區;三峽區;淡水區;汐止區;瑞芳區;土城區;蘆洲區;五股區;泰山區;林口區;深坑區;石碇區;坪林區;三芝區;石門區;八里區;平溪區;雙溪區;貢寮區;金山區;萬里區;烏來區,02-22721166 ,ch22721166@yahoo.com.tw,葉曉婷,20250101.0,20271231.0,20241226 10:43:03
詠靜護理之家,A30200027,A3,新北市,深坑區,新北市深坑區萬順里北深路三段99、101、103號3、4樓及105號1、3、4樓,121.605796814,25.0016670227,B,日間照顧服務,新北市,新店區;汐止區;深坑區;石碇區;坪林區;平溪區,26621620,shen.serina@gmail.com,沈惠萍,20250101.0,20271231.0,20250113 14:35:52
詠靜護理之家,A30200027,A3,新北市,深坑區,新北市深坑區萬順里北深路三段99、101、103號3、4樓及105號1、3、4樓,121.605796814,25.0016670227,B,喘息服務,新北市,板橋區;三重區;中和區;永和區;新莊區;新店區;樹林區;鶯歌區;三峽區;淡水區;汐止區;瑞芳區;土城區;蘆洲區;五股區;泰山區;林口區;深坑區;石碇區;坪林區;三芝區;石門區;八里區;平溪區;雙溪區;貢寮區;金山區;萬里區;烏來區,26621620,shen.serina@gmail.com,沈惠萍,20250101.0,20271231.0,20250113 14:36:22
新北市立聯合醫院附設居家護理所,B10200020,B1,新北市,三重區,新北市三重區新北大道一段3號5樓,121.4576721191,25.0235824585,B,專業照護服務,新北市,板橋區;三重區,02-29829111#3368,AO8667@ntpc.gov.tw,𡍼盈琇,20220101.0,20241231.0,20220314 11:21:43
新北市私立捷安護理之家,A30200030,A3,新北市,蘆洲區,新北市蘆洲區中山一路300號,121.470123291,25.0780754089,B,喘息服務,新北市,板橋區;三重區;中和區;永和區;新莊區;新店區;樹林區;鶯歌區;三峽區;淡水區;汐止區;瑞芳區;土城區;蘆洲區;五股區;泰山區;林口區;深坑區;石碇區;坪林區;三芝區;石門區;八里區;平溪區;雙溪區;貢寮區;金山區;萬里區;烏來區,02-22829859,jiean300@gmail.com,張玉馨,20250101.0,20271231.0,20241227 12:03:59
忠祥居家護理所,B10200027,B1,新北市,中和區,新北市中和區 中山路二段144號1樓 ,121.5019073486,25.0031528473,A,個案管理服務,新北市,中和區;永和區,02-22475603,lily.coffee.iris@gmail.com,張莉君,20250101.0,20250630.0,20241231 16:25:01
兆興護理之家,A30200077,A3,新北市,三重區,新北市三重區中興北街19巷2號1-3樓,121.4701461792,25.0462684631,B,喘息服務,新北市,三重區;新莊區;蘆洲區,0979925118,cheng22123638@gmail.com,鄭金英,20250101.0,20271231.0,20250113 13:47:44
天主教耕莘醫療財團法人附設永和耕莘居家護理所,B10200032,B1,新北市,永和區,新北市永和區竹林路91巷3之1號1樓,121.5198440552,25.0123500824,B,專業照護服務,新北市,中和區;永和區,02-66373660,homecare1741@cthyh.org.tw,晉伯怡,20220101.0,20241231.0,20220314 11:42:47
三和護理之家,A30200071,A3,新北市,三重區,新北市三重區三和路四段103之2號4、6、7樓,121.4868164062,25.0767879486,B,喘息服務,新北市,板橋區;三重區;中和區;永和區;新莊區;新店區;樹林區;鶯歌區;三峽區;淡水區;汐止區;瑞芳區;土城區;蘆洲區;五股區;泰山區;林口區;深坑區;石碇區;坪林區;三芝區;石門區;八里區;平溪區;雙溪區;貢寮區;金山區;萬里區;烏來區,02-22872000,san22872000@yahoo.com.tw,朱麗雯,20250101.0,20271231.0,20241225 12:00:02
六合社區發展協會(社照C),BF0200009,BF,新北市,三重區,新北市三重區六合里自強路2段50巷22號,121.4882583618,25.0691623688,C,巷弄長照站,新北市,三重區,(02)29820535,jassic6810@yahoo.com.tw,陳銘豐,20220101.0,20231231.0,20230530 18:45:23
新北市中和區碧湖社區發展協會(社照C),BF0200012,BF,新北市,中和區,新北市中和區錦昌里圓通路367巷15-1號4樓、5樓,121.492225647,24.9883556366,C,巷弄長照站,新北市,中和區,02-22421287,pig8008159494@gmail.com,邱尾玟,20220101.0,20221231.0,20220502 16:51:31
台北市大同區圓環社區發展協會,BF0100016,BF,臺北市,大同區,臺北市大同區建功里重慶北路1段83巷37號,121.5141448975,25.0526695251,C,巷弄長照站,臺北市,大同區,02-25564651,cherry480812@yahoo.com.tw,邱麗秋,20190101.0,20211231.0,20210407 14:19:09
財團法人台灣基督教恩惠福音會,BD0100037,BD,臺北市,內湖區,臺北市內湖區港墘里內湖路1段608號,121.5785827637,25.0785942078,C,巷弄長照站,臺北市,內湖區,02-27971000,cke25@hotmail.com,蔡錫安,20190101.0,20241231.0,20221230 20:07:47
臺北市內湖區紫雲社區發展協會,BF0100035,BF,臺北市,內湖區,臺北市內湖區紫雲里康寧路一段190號,121.5949859619,25.0786571503,C,巷弄長照站,臺北市,內湖區,2791-3337,gbzihyun@gmail.com,夏亦芳,20190101.0,20211231.0,20210408 18:06:01
社團法人台北市文山區明興社區發展協會,BF0100041,BF,臺北市,文山區,臺北市文山區明興里木柵路二段109巷25弄6號,121.5628509521,24.9901447296,C,巷弄長照站,臺北市,文山區,2234-0391,jmian430@gmail.com,鄢健民,20190101.0,20241231.0,20230113 09:50:50
臺北市文山區德芳社區發展協會,BF0100043,BF,臺北市,文山區,臺北市文山區興邦里興隆路二段153巷6弄5號1樓,121.5480804443,25.0012187958,C,巷弄長照站,臺北市,文山區,952572176,hsucc29355706@gmail.com,陳啟志,20190101.0,20211231.0,20210409 16:15:40
臺北市樂齡發展協會(松基分會),BF0100053,BF,臺北市,松山區,臺北市松山區松基里民生東路三段130巷5弄20號,121.5470581055,25.0568695068,C,巷弄長照站,臺北市,松山區,02-25083440,kgy3071688@yah00.com.tw,孫合興,20190101.0,20211231.0,20210408 16:21:52
社團法人台北市信義區雙和社區發展協會,BF0100056,BF,臺北市,信義區,臺北市信義區雙和里吳興街284巷24弄12號,121.563079834,25.0243625641,C,巷弄長照站,臺北市,信義區,02-2738-1447,shsc1688@yahoo.com.tw,葉清意,20190101.0,20211231.0,20210412 14:42:16
新北市板橋區板新社區發展協會(社照C),BF0200022,BF,新北市,板橋區,新北市板橋區西安里民生路二段89號之1號,121.4727859497,25.0156497955,C,巷弄長照站,新北市,,2953-4297,chuma0702@gmail.com,黃秀美,20220101.0,20231231.0,20230609 12:01:43
財團法人臺北市華夏婦女文教基金會,BD0100020,BD,臺北市,士林區,臺北市士林區岩山里至誠路1段62巷28號,121.536277771,25.101644516,C,巷弄長照站,臺北市,士林區,02-28318025,nwltp2733@yahoo.com.tw,蘇龍華,20190101.0,20211231.0,20210407 11:50:14
新北市板橋溪崑關懷慈善會(溪福)(社照C),BF0200023,BF,新北市,板橋區,新北市板橋區溪福里金門街366巷7號,121.4273147583,24.9840145111,C,巷弄長照站,新北市,板橋區,0932-142503,ben1040@kimo.com,陳淑美,20230101.0,20231231.0,20230630 14:14:49
新北市板橋區親子服務協會(社照C),BF0200021,BF,新北市,板橋區,新北市板橋區中正里中正路413巷2弄26號B1,121.4531326294,25.0234489441,C,巷弄長照站,新北市,板橋區,2953-5919,ccchungdaw@mohw.gov.tw,黃秀美,20240101.0,20241231.0,20240531 20:54:50
淡水區正德里辦公處(社照C),BG0200013,BG,新北市,淡水區,新北市淡水區正德里北新路141巷27號1樓,121.448348999,25.1795005798,C,巷弄長照站,新北市,淡水區,952652587,ccchungdaw@mohw.gov.tw,黃俊雄,20220101.0,20231231.0,20230628 15:38:19
社團法人新北市新店區喜樂心靈關懷協會(社照C),BE0200013,BE,新北市,新店區,新北市新店區公崙里安康路1段207巷4鄰8-1號,121.5161743164,24.9636764526,C,巷弄長照站,新北市,新店區,(02)20302117,shelldon7@gmail.com,許書毓,20220101.0,20221231.0,20220503 10:27:17
社團法人台灣新希望社區關懷協會(社照C),BE0200016,BE,新北市,蘆洲區,新北市蘆洲區中原里9鄰中正路241號3樓,121.4678344727,25.0866680145,C,巷弄長照站,新北市,蘆洲區,922295129,chadlu247@gmail.com,葉聯邦,20220101.0,20221231.0,20220503 10:04:39
台灣健康社區自主發展協會,BF0100008,BF,臺北市,士林區,臺北市士林區三玉里德行東路203巷2號1樓,121.5321426392,25.1092453003,C,巷弄長照站,臺北市,士林區,02-28369493或0919-206-511,yunn7@hotmail.com,黃兆麟,20190101.0,20241231.0,20221229 23:03:34
財團法人基督教台灣神召會,BD0100025,BD,臺北市,大安區,臺北市大安區昌隆里忠孝東路3段217巷5弄8號,121.5392684937,25.0434436798,C,巷弄長照站,臺北市,大安區,02-27527186,taga197010@gmail.com,陳盛煊,20190101.0,20211231.0,20210407 15:25:50
財團法人台北市中國基督教靈糧世界佈道會台北靈糧堂(古亭靈糧福音中心),BD0100034,BD,臺北市,中正區,臺北市中正區永功里三元街198號1樓,121.5119018555,25.0276737213,C,巷弄長照站,臺北市,中正區,02-23396540,vinclynn@hotmail.com,曾國生,20190101.0,20211231.0,20210408 16:45:30
臺北市信義區雙春社區發展協會,BF0100057,BF,臺北市,信義區,臺北市信義區長春里松山路294號2樓,121.5775756836,25.0430698395,C,巷弄長照站,臺北市,信義區,02-27695123,klcg612@gmail.com,黃秀玉,20190101.0,20211231.0,20210412 14:32:56
社團法人台灣厝邊有愛關懷協會(永吉教會),BE0100039,BE,臺北市,信義區,臺北市信義區廣居里虎林街155、157、159號,121.5767974854,25.0394554138,C,巷弄長照站,臺北市,信義區,02-23635546,lo1119@ms53.hinet.net,鄭忠仁,20190101.0,20211231.0,20210412 14:35:05
社團法人中華基督教加倍愛全人關懷協會,BE0100043,BE,臺北市,南港區,臺北市南港區中南里忠孝東路七段625巷16號,121.6155166626,25.0536804199,C,巷弄長照站,臺北市,南港區,905818922,doublemile8820@gmail.com,張吳映佳,20190101.0,20211231.0,20210412 14:44:50
臺北市後山埤文化發展協會,BF0100061,BF,臺北市,南港區,臺北市南港區聯成里東新街91號,121.5891113281,25.046710968,B,喘息服務,臺北市,松山區;信義區;大安區;中山區;中正區;大同區;萬華區;文山區;南港區;內湖區;士林區;北投區,0938327576,lee.tracy0404@gmail.com,劉嬑玹,20250101.0,20261231.0,20241030 09:41:59
臺北市南港區仁福里辦公處,BG0100005,BG,臺北市,南港區,臺北市南港區仁福里福德街443號1樓,121.5906295776,25.0400028229,C,巷弄長照站,臺北市,南港區,919619949,wu430420@yahoo.com.tw,吳肇輝,20190101.0,20211231.0,20210412 14:46:18
臺北市萬華區日祥里辦公處,BG0100007,BG,臺北市,萬華區,臺北市萬華區日祥里萬大路423巷54號1樓,121.5005264282,25.0212249756,C,巷弄長照站,臺北市,萬華區,933719446,juliesun2009@gmail.com,鍾駿,20190101.0,20211231.0,20210412 14:56:39
社團法人台北市文山區明興社區發展協會,BF0100041,BF,臺北市,文山區,臺北市文山區明興里木柵路二段109巷25弄6號,121.5628509521,24.9901447296,B,喘息服務,臺北市,松山區;信義區;大安區;中山區;中正區;大同區;萬華區;文山區;南港區;內湖區;士林區;北投區,2234-0391,jmian430@gmail.com,鄢健民,20250101.0,20261231.0,20241105 19:39:19
臺北市北投區立群社區發展協會,BF0100049,BF,臺北市,北投區,臺北市北投區立賢里尊賢街251巷18號1樓 (里民活動場所),121.5056915283,25.1176929474,C,巷弄長照站,臺北市,北投區,02-28225613,jenfu5565@yahoo.com.tw,許瑛珍,20190101.0,20211231.0,20210412 10:30:01
臺北市大安區住安社區發展協會,BF0100022,BF,臺北市,大安區,臺北市大安區住安里信義路4段30巷27弄24號,121.5457077026,25.0321559906,C,巷弄長照站,臺北市,大安區,27550387,ou.ou4650@msa.hinet.net,歐秀珠,20190101.0,20211231.0,20210407 15:26:11
財團法人中華基督教廈門街浸信會,BD0100032,BD,臺北市,中正區,臺北市中正區螢圃里15鄰廈門街81巷20號,121.5192871094,25.0242958069,C,巷弄長照站,臺北市,中正區,2368-7582#211,tammylee99@gmail.com,柯德仁,20190101.0,20211231.0,20210408 17:33:33
臺北市文山區忠順社區發展協會,BF0100040,BF,臺北市,文山區,臺北市文山區忠順里興隆路4段145巷30號,121.5629730225,24.9851036072,C,巷弄長照站,臺北市,文山區,2939-9569,chung.s30@msa.hinet.net,曾寧旖,20190101.0,20241231.0,20221230 18:51:38
臺北市文山區忠順社區發展協會,BF0100040,BF,臺北市,文山區,臺北市文山區忠順里興隆路4段145巷30號,121.5629730225,24.9851036072,B,喘息服務,臺北市,松山區;信義區;大安區;中山區;中正區;大同區;萬華區;文山區;南港區;內湖區;士林區;北投區,2939-9569,chung.s30@msa.hinet.net,曾寧旖,20250101.0,20261231.0,20241030 09:21:20
社團法人台北市文山區明興社區發展協會,BF0100041,BF,臺北市,文山區,臺北市文山區明興里木柵路二段109巷25弄6號,121.5628509521,24.9901447296,B,喘息服務,臺北市,松山區;信義區;大安區;中山區;中正區;大同區;萬華區;文山區;南港區;內湖區;士林區;北投區,2234-0391,jmian430@gmail.com,鄢健民,20190101.0,20241231.0,20241105 19:38:48
社團法人中華健康美好生活協會(建民),BE0100028,BE,臺北市,北投區,臺北市北投區建民里文林北路80巷38弄2號,121.5188598633,25.1056995392,C,巷弄長照站,臺北市,北投區,0910302055,linchia7288@gmail.com,林佳蓉,20190101.0,20211231.0,20210412 10:48:54
社團法人台灣厝邊有愛關懷協會(中坡教會),BE0100040,BE,臺北市,信義區,臺北市信義區中坡里大道路127-1號,121.5835952759,25.0391674042,C,巷弄長照站,臺北市,信義區,02-23635546,lo1119@ms53.hinet.net,鄭忠仁,20190101.0,20211231.0,20210412 14:21:56
社團法人臺北市艾馨公益慈善會,BE0100047,BE,臺北市,萬華區,臺北市萬華區福音里康定路229號6樓,121.5013580322,25.0353660583,C,巷弄長照站,臺北市,萬華區,02-2336-6516,allen920g@yahoo.com.tw,陳嘉銘,20190101.0,20211231.0,20210412 15:12:00
財團法人伊甸社會福利基金會附設新北市私立三峽身心障礙福利服務中心(社照C),BD0200009,BD,新北市,三峽區,新北市三峽區龍埔里國光街12巷10號1樓,121.376083374,24.9371700287,C,巷弄長照站,新北市,三峽區,(02)26741778#204,dep115@eden.org.tw,成亮,20240101.0,20241231.0,20240707 14:40:03
台灣健康社區自主發展協會,BF0100008,BF,臺北市,士林區,臺北市士林區三玉里德行東路203巷2號1樓,121.5321426392,25.1092453003,B,喘息服務,臺北市,松山區;信義區;大安區;中山區;中正區;大同區;萬華區;文山區;南港區;內湖區;士林區;北投區,02-28369493或0919-206-511,yunn7@hotmail.com,黃兆麟,20250101.0,20261231.0,20241104 16:49:55
財團法人台北市天母基督教會,BD0100013,BD,臺北市,士林區,臺北市士林區天母里天玉街63.65號,121.5274658203,25.1197090149,C,巷弄長照站,臺北市,士林區,02-28714742,yiinjih50@yahoo.com.tw,李俊年,20190101.0,20211231.0,20210407 11:39:05
財團法人政慧發展社會福利慈善事業基金會,BD0100026,BD,臺北市,中山區,臺北市中山區朱園里南京東路二段160號7樓,121.5344543457,25.0517292023,C,巷弄長照站,臺北市,中山區,25172068,chenghui3017@gmail.com,曾瓊慧,20190101.0,20211231.0,20210408 16:21:25
臺北市中正區新林興社區發展協會,BF0100030,BF,臺北市,中正區,臺北市中正區林興里汀州路三段27巷16號,121.5273284912,25.0196895599,C,巷弄長照站,臺北市,中正區,933213180,wy5411u70@yahoo.com.tw,吳四海,20190101.0,20211231.0,20210408 16:50:31
財團法人台灣基督教恩惠福音會,BD0100037,BD,臺北市,內湖區,臺北市內湖區港墘里內湖路1段608號,121.5785827637,25.0785942078,B,喘息服務,臺北市,松山區;信義區;大安區;中山區;中正區;大同區;萬華區;文山區;南港區;內湖區;士林區;北投區,02-27971000,cke25@hotmail.com,蔡錫安,20190101.0,20241231.0,20241105 19:19:05
財團法人台灣基督教恩惠福音會,BD0100037,BD,臺北市,內湖區,臺北市內湖區港墘里內湖路1段608號,121.5785827637,25.0785942078,B,喘息服務,臺北市,松山區;信義區;大安區;中山區;中正區;大同區;萬華區;文山區;南港區;內湖區;士林區;北投區,02-27971000,cke25@hotmail.com,蔡錫安,20250101.0,20261231.0,20241105 19:19:51
臺北市後山埤文化發展協會,BF0100061,BF,臺北市,南港區,臺北市南港區聯成里東新街91號,121.5891113281,25.046710968,C,巷弄長照站,臺北市,南港區,0938327576,lee.tracy0404@gmail.com,劉嬑玹,20190101.0,20241231.0,20230113 15:48:59
新富里辦公處,BG0100006,BG,臺北市,南港區,臺北市南港區新富里富康街25號,121.6173782349,25.0536518097,C,巷弄長照站,臺北市,南港區,02-27828495,ng_343@mail.taipei.gov.tw,許睦燦,20190101.0,20211231.0,20210412 14:51:02
社團法人台灣厝邊有愛關懷協會錫安教會,BE0100045,BE,臺北市,南港區,臺北市南港區玉成里玉成街20號,121.5816497803,25.0503253937,C,巷弄長照站,臺北市,南港區,02-23635546,lo1119@ms53.hinet.net,鄭忠仁,20190101.0,20211231.0,20210412 14:49:02
新北市永和區秀朗社區發展協會(社照C),BF0200017,BF,新北市,永和區,新北市永和區秀朗里成功路1段20號-1,121.5269927979,25.0049877167,C,巷弄長照站,新北市,永和區,02-29277654,Entri1688@gmail.com,蔡輝雄,20220101.0,20231231.0,20230601 19:05:56
社團法人中華慈雲慈善利生推廣協會-樹林彭福據點(社照C),BE0200015,BE,新北市,樹林區,新北市樹林區彭福里太平路127巷14號1樓,121.4194793701,24.9805431366,C,巷弄長照站,新北市,樹林區,02-8685-1138,fayu991010@gmail.com,陳永涸,20220101.0,20221231.0,20220503 10:33:40
臺北市南港區鴻福社區發展協會,BF0100060,BF,臺北市,南港區,臺北市南港區鴻福里成福路82號,121.5865097046,25.0438690186,C,巷弄長照站,臺北市,南港區,02-27834848,mk4436@yahoo.com.tw,劉明康,20190101.0,20211231.0,20210412 14:51:46
財團法人以琳基督徒中心,BD0100051,BD,臺北市,南港區,臺北市南港區合成里中坡北路92號2樓,121.5804824829,25.0479354858,C,巷弄長照站,臺北市,南港區,02-26511002#14,elimcetr@seed.net.tw,郭春花,20190101.0,20211231.0,20210412 14:49:17
新北市新莊區牡丹心社區發展協會-新莊雙鳳據點(社照C),BF0200037,BF,新北市,新莊區,新北市新莊區雙鳳里新北大道七段718巷45號,121.4149627686,25.0252876282,C,巷弄長照站,新北市,新莊區,(02)29045533,so29045533@gmail.com,陳專森,20220101.0,20221231.0,20220503 09:35:24
新北市土城區清化里辦公處-土城清和據點(社照C),BG0200007,BG,新北市,土城區,新北市土城區清和里青雲路368號4樓,121.4586029053,24.9738388062,B,喘息服務,新北市,土城區,(02)22615380,kid113404804@yahoo.com.tw,袁慧如,20250101.0,20271231.0,20250113 14:46:24
新北市五股區成州社區發展協會(社照C),BF0200014,BF,新北市,五股區,新北市五股區成州里西雲路267號,121.4493408203,25.0980892181,C,巷弄長照站,新北市,五股區,0970236196,oldwang0302@gmail.com,王文龍,20220101.0,20221231.0,20220503 09:34:18
新北市新莊區牡丹心社區發展協會-新莊雙鳳據點(社照C),BF0200037,BF,新北市,新莊區,新北市新莊區雙鳳里新北大道七段718巷45號,121.4149627686,25.0252876282,B,喘息服務,新北市,新莊區;樹林區;泰山區,(02)29045533,so29045533@gmail.com,陳專森,20250101.0,20271231.0,20250113 14:25:20
新北市新莊區牡丹心社區發展協會-新莊雙鳳據點(社照C),BF0200037,BF,新北市,新莊區,新北市新莊區雙鳳里新北大道七段718巷45號,121.4149627686,25.0252876282,B,營養餐飲服務,新北市,新莊區;樹林區;泰山區,(02)29045533,so29045533@gmail.com,陳專森,20250101.0,20250131.0,20250122 14:38:04
新北市樹林區山佳社區發展協會(社照C),BF0200038,BF,新北市,樹林區,新北市樹林區中山里地政街12號,121.3946609497,24.971572876,C,巷弄長照站,新北市,樹林區,(02)26805561,0935630570a@gmail.com,簡玉春,20220101.0,20221231.0,20220503 10:33:17
社團法人中華慈雲慈善利生推廣協會-樹林彭福據點(社照C),BE0200015,BE,新北市,樹林區,新北市樹林區彭福里太平路127巷14號1樓,121.4194793701,24.9805431366,B,喘息服務,新北市,樹林區,02-8685-1138,fayu991010@gmail.com,陳永涸,20250101.0,20271231.0,20250430 09:23:15
臺北市士林區幸福名山社區發展協會,BF0100006,BF,臺北市,士林區,臺北市士林區名山里雨聲街68號,121.5287475586,25.1036891937,C,巷弄長照站,臺北市,士林區,2836-6501,suling0800@gmail.com,薛群秀,20190101.0,20211231.0,20210407 11:45:09
臺北市士林區忠義社區發展協會,BF0100007,BF,臺北市,士林區,臺北市士林區忠誠里德行東路104巷9弄8號,121.5290374756,25.1067466736,C,巷弄長照站,臺北市,士林區,28310943,bn_930@mail.taipei.gov.tw,曾坤來,20190101.0,20211231.0,20210407 11:50:38
財團法人新北市基督教新希望教會(百齡長青),BD0100014,BD,臺北市,士林區,臺北市士林區前港里承德路4段190號4樓,121.5222854614,25.0872001648,B,喘息服務,臺北市,松山區;信義區;大安區;中山區;中正區;大同區;萬華區;文山區;南港區;內湖區;士林區;北投區,982985298,rebecca401010@gmail.com,林淑萍,20250101.0,20261231.0,20241025 11:01:50
新北市永和區得和社區發展協會(社照C),BF0200016,BF,新北市,永和區,新北市永和區永元里秀朗路2段24巷35號,121.5202636719,25.0019626617,C,巷弄長照站,新北市,永和區,2924-7766、2924-9067、0918-161-479,deartoad333@Yahoo.com.tw,呂卓春英,20220101.0,20231231.0,20230531 21:22:37
新北市鶯歌區建德社區發展協會(社照C),BF0200042,BF,新北市,鶯歌區,新北市鶯歌區建德里中正一路建德巷22號,121.3647079468,24.9573135376,C,巷弄長照站,新北市,鶯歌區,0928863966,dust8536@yahoo.com.tw,張進益,20240301.0,20241231.0,20240707 14:31:51
財團法人天主教遣使會-聖文生之友社區關懷據點,BD0100017,BD,臺北市,士林區,臺北市士林區天山里中山北路7段134號,121.5322494507,25.1227893829,C,巷弄長照站,臺北市,士林區,02-29286060#10657,ssd@cthyh.org.tw,費克強,20190101.0,20211231.0,20210406 09:46:35
社團法人中華視障安養福利協會,BE0100009,BE,臺北市,大同區,臺北市大同區隆和里伊寧街37號,121.5122299194,25.0647373199,C,巷弄長照站,臺北市,大同區,02-2595-2872,eyelight08@gmail.com,張復源,20190101.0,20211231.0,20210407 14:48:08
忠祥居家護理所,B10200027,B1,新北市,中和區,新北市中和區 中山路二段144號1樓 ,121.5019073486,25.0031528473,B,專業照護服務,新北市,板橋區;中和區;永和區;新店區,02-22475603,lily.coffee.iris@gmail.com,張莉君,20220101.0,20241231.0,20220323 11:41:20
天主教耕莘醫療財團法人附設永和耕莘居家護理所,B10200032,B1,新北市,永和區,新北市永和區竹林路91巷3之1號1樓,121.5198440552,25.0123500824,B,專業照護服務,新北市,中和區;永和區,02-66373660,homecare1741@cthyh.org.tw,晉伯怡,20250101.0,20271231.0,20250225 16:47:23
臺北市大安區新民炤社區發展協會,BF0100023,BF,臺北市,大安區,臺北市大安區民炤里建國南路1段286巷35號1樓,121.535774231,25.0361843109,B,喘息服務,臺北市,大安區,961351658,lan7239@yahoo.com.tw,陳濬廷,20250101.0,20261231.0,20241025 11:45:44
財團法人新北市基督教新希望教會(中山五常),BD0100030,BD,臺北市,中山區,臺北市中山區下埤里龍江路377巷20號1樓,121.5421142578,25.0645675659,C,巷弄長照站,臺北市,中山區,982985298,rebecca401010@gmail.com,林淑萍,20190101.0,20241231.0,20221229 22:27:45
財團法人新北市基督教新希望教會(中山五常),BD0100030,BD,臺北市,中山區,臺北市中山區下埤里龍江路377巷20號1樓,121.5421142578,25.0645675659,B,喘息服務,臺北市,松山區;信義區;大安區;中山區;中正區;大同區;萬華區;文山區;南港區;內湖區;士林區;北投區,982985298,rebecca401010@gmail.com,林淑萍,20250101.0,20261231.0,20241025 11:44:23
財團法人新北市基督教新希望教會(中山五常),BD0100030,BD,臺北市,中山區,臺北市中山區下埤里龍江路377巷20號1樓,121.5421142578,25.0645675659,B,喘息服務,臺北市,松山區;信義區;大安區;中山區;中正區;大同區;萬華區;文山區;南港區;內湖區;士林區;北投區,982985298,rebecca401010@gmail.com,林淑萍,20190101.0,20241231.0,20241025 11:44:58
臺北市文山區順興社區發展協會,BF0100044,BF,臺北市,文山區,臺北市文山區順興里興隆路4段165巷12號1、2樓,121.5626144409,24.9840621948,B,喘息服務,臺北市,松山區;信義區;大安區;中山區;中正區;大同區;萬華區;文山區;南港區;內湖區;士林區;北投區,2939-5932,penny235689@hotmail.com,單連城,20250101.0,20261231.0,20241205 15:25:43
松山慈惠堂,BF0100084,BF,臺北市,信義區,臺北市信義區中行里中行里中行里福德街251巷33號,121.5875091553,25.0365447998,C,巷弄長照站,臺北市,信義區,27261735 分機601,isc3838@gmail.com,郭葉子,20190101.0,20211231.0,20210412 14:18:10
泰安醫院,B20100027,B2,臺北市,中山區,臺北市中山區新生里民權東路2段92巷2-1號,121.5315551758,25.0614681244,B,專業照護服務,臺北市,中山區,02-25671855,gracefuber@gmail.com,應堃煇,20180401.0,20201231.0,20190807 11:42:47
臺北市文山區順興社區發展協會,BF0100044,BF,臺北市,文山區,臺北市文山區順興里興隆路4段165巷12號1、2樓,121.5626144409,24.9840621948,B,喘息服務,臺北市,文山區,2939-5932,penny235689@hotmail.com,單連城,20230101.0,20241231.0,20230206 10:43:30
財團法人臺北市松年長春社會福利基金會,BD0100045,BD,臺北市,松山區,臺北市松山區慈祐里饒河街105號,121.5739746094,25.0505619049,C,巷弄長照站,臺北市,松山區,02-25851434,pine003@twdc.org.tw,王淑惠,20190101.0,20211231.0,20210412 14:05:04
臺北市南港區中研新村社區發展協會,BF0100066,BF,臺北市,南港區,臺北市南港區中研里研究院路2段70巷47弄4號1樓,121.6130065918,25.0457992554,C,巷弄長照站,臺北市,南港區,986028209,holywa168@gmail.com,林志隆,20190101.0,20211231.0,20210412 14:46:33
臺北市南港區久如社區發展協會,BF0100067,BF,臺北市,南港區,臺北市南港區九如里研究院路2段208號1樓,121.6170806885,25.0367069244,C,巷弄長照站,臺北市,南港區,2651-6600,7823828@gmail.com,陳碧玉,20190101.0,20241231.0,20221229 22:30:49
臺北市基督教新榮耀堂福音協進會,BF0100086,BF,臺北市,信義區,臺北市信義區大道里大道里忠孝東路5段782號,121.5816802979,25.0434780121,C,巷弄長照站,臺北市,信義區,02-27276003,gracer0928@gmail.com,李家忠,20190101.0,20211231.0,20210412 14:15:45
臺北市大安區古莊社區發展協會,BF0100018,BF,臺北市,大安區,臺北市大安區古莊里6鄰羅斯福路2段81巷16弄1-2號2樓,121.5245742798,25.0255413055,C,巷弄長照站,臺北市,大安區,0963-164-461,gu.zhuang@yahoo.com.tw,吳宗雄,20190101.0,20211231.0,20210407 14:54:55
財團法人福智慈善基金會(安和據點),BD0100024,BD,臺北市,大安區,臺北市大安區光信里信義路4段265巷21弄1號1樓3號1樓,121.5549850464,25.0343284607,C,巷弄長照站,臺北市,大安區,02-2701-5861,kingfisher.taiwan@mail.com,賴錫源,20190101.0,20211231.0,20210407 15:27:13
(臺北市C+)中華民國天使之家全人關懷協會,BF0100037,BF,臺北市,內湖區,臺北市內湖區湖興里成功路2段242號1樓,121.5900650024,25.0658874512,C,巷弄長照站,臺北市,內湖區,02-27909454,honest0716@gmail.com,林榮任,20190101.0,20241231.0,20221229 22:52:39
台北市文山區樟林社區發展協會,BF0100046,BF,臺北市,文山區,臺北市文山區樟文里木新路310巷4號2樓之1,121.5569839478,24.9817733765,C,巷弄長照站,臺北市,文山區,02-29369071,20140401@mail.taipei.gov.tw,邱秀玲,20190101.0,20211231.0,20210409 16:03:28
財團法人雙福社會福利慈善事業基金會信義據點,BD0100049,BD,臺北市,信義區,臺北市信義區正和里光復南路443巷9號,121.5585327148,25.0357131958,C,巷弄長照站,臺北市,信義區,2392-2993分機12,yunhsuan1030tw@gmail.com,吳英賓,20190101.0,20221231.0,20210412 17:05:26
臺北市信義區松友社區發展協會,BF0100058,BF,臺北市,信義區,臺北市信義區松友里信義路6段76巷2弄22號1樓,121.576133728,25.034412384,C,巷弄長照站,臺北市,信義區,02-23466669,songyou6669@gmail.com,張海秋,20190101.0,20211231.0,20210412 14:30:27
財團法人新北市基督教新希望教會(百齡長青),BD0100014,BD,臺北市,士林區,臺北市士林區前港里承德路4段190號4樓,121.5222854614,25.0872001648,C,巷弄長照站,臺北市,士林區,982985298,rebecca401010@gmail.com,林淑萍,20190101.0,20241231.0,20221230 11:59:53
財團法人新北市基督教新希望教會(百齡長青),BD0100014,BD,臺北市,士林區,臺北市士林區前港里承德路4段190號4樓,121.5222854614,25.0872001648,B,喘息服務,臺北市,松山區;信義區;大安區;中山區;中正區;大同區;萬華區;文山區;南港區;內湖區;士林區;北投區,982985298,rebecca401010@gmail.com,林淑萍,20190101.0,20241231.0,20241025 11:43:13
社團法人台北市歐伊寇斯OIKOS社區關懷協會,BE0100010,BE,臺北市,大同區,臺北市大同區永樂里延平北路2段60巷2號1~2樓,121.511505127,25.055393219,C,巷弄長照站,臺北市,大同區,02-23414322#603,coralpao945@gmail.com,寇張琪玫,20190101.0,20211231.0,20210407 14:15:02
臺北市大安區新民炤社區發展協會,BF0100023,BF,臺北市,大安區,臺北市大安區民炤里建國南路1段286巷35號1樓,121.535774231,25.0361843109,C,巷弄長照站,臺北市,大安區,961351658,lan7239@yahoo.com.tw,陳濬廷,20190101.0,20241231.0,20221229 23:04:37
臺北市大安區新民炤社區發展協會,BF0100023,BF,臺北市,大安區,臺北市大安區民炤里建國南路1段286巷35號1樓,121.535774231,25.0361843109,B,喘息服務,臺北市,大安區,961351658,lan7239@yahoo.com.tw,陳濬廷,20190101.0,20241231.0,20241025 11:47:02
柴寮仔社區發展協會,BF0100012,BF,臺北市,大同區,臺北市大同區民權里民權西路172號1樓,121.5149841309,25.0627689362,C,巷弄長照站,臺北市,大同區,2557-1918,yunna8383163@gmail.com,林美菊,20190101.0,20211231.0,20210407 14:14:41
社團法人台灣厝邊有愛關懷協會榮星教會,BE0100020,BE,臺北市,中山區,臺北市中山區正守里新生北路一段82號B1,121.5299453735,25.0475215912,C,巷弄長照站,臺北市,中山區,02-23635546,lo1119@ms53.hinet.net,鄭忠仁,20190101.0,20211231.0,20210408 16:17:23
臺北市中山區朱厝崙社區發展協會,BF0100029,BF,臺北市,中山區,臺北市中山區朱崙里龍江路15號3樓,121.5404968262,25.0474357605,B,喘息服務,臺北市,中山區,2781-5504,teak4747@yahoo.com.tw,高銘鴻,20250101.0,20261231.0,20241205 15:12:17
社團法人台北市銀髮族協會,BE0100041,BE,臺北市,信義區,臺北市信義區中坡里中坡南路277號1樓,121.5674743652,25.0433616638,C,巷弄長照站,臺北市,信義區,986038688,fredwa88@gmail.com,胡寶惠,20190101.0,20211231.0,20210412 14:21:31
臺北市心悅成福文化協會,BF0100064,BF,臺北市,南港區,臺北市南港區成福里成福路121巷34-1號1樓,121.5881347656,25.0425376892,C,巷弄長照站,臺北市,南港區,0937-914680,liaokahui8196@gmail.com,廖惠,20190101.0,20211231.0,20210412 14:49:32
臺北市南港區好厝邊社區發展協會,BF0100069,BF,臺北市,南港區,臺北市南港區中研里研究院路2段70巷12號2樓（中研區民活動中心）,121.6144866943,25.0454177856,C,巷弄長照站,臺北市,南港區,02-27827592,amyamy4891@gmail.com,張永霖,20190101.0,20211231.0,20210412 14:45:08
臺北市萬華區萬大社區發展協會,BF0100070,BF,臺北市,萬華區,臺北市萬華區壽德里萬大路329巷25號1樓(里民活動場所)台北市壽德里萬大路329巷27弄4號1樓(協會新增活動場所)台北市萬大路411號2樓(萬青區民活動中心),121.5010757446,25.0237579346,C,巷弄長照站,臺北市,萬華區,02-23090713,linche39@kimo.com,蔡素麗,20190101.0,20211231.0,20210412 15:03:22
臺北市私立愛家居家長照機構,1X0100008,1,臺北市,中山區,臺北市中山區新庄里新生北路3段87巷23號,121.5288925171,25.0674514771,B,喘息服務,臺北市,松山區;信義區;大安區;中山區;中正區;大同區;萬華區;文山區;南港區;內湖區;士林區;北投區,02-25966934,tzning1975@gmail.com,黃姿寧,20191021.0,20241231.0,20221229 22:54:35
臺北市私立愛家居家長照機構,1X0100008,1,臺北市,中山區,臺北市中山區新庄里新生北路3段87巷23號,121.5288925171,25.0674514771,B,居家服務,臺北市,松山區;信義區;大安區;中山區;中正區;大同區;萬華區;文山區;南港區;內湖區;士林區;北投區,02-25966934,tzning1975@gmail.com,黃姿寧,20240101.0,20261231.0,20231229 10:07:35
財團法人恆安社會福利慈善事業基金會附設新北市私立大同老人長期照顧中心(養護型),A10200301,A1,新北市,汐止區,新北市汐止區大同路三段425號,121.6777420044,25.071680069,B,喘息服務,臺北市,松山區;信義區;大安區;中山區;中正區;大同區;萬華區;文山區;南港區;內湖區;士林區;北投區,0286489888,tatung.hangan@gmail.com,胡世賢,20190917.0,20241231.0,20221230 19:49:00
社團法人新北市汐止區基督教全人關懷福音發展協會(建成站)(社照C),BF0200020,BF,新北市,汐止區,新北市汐止區建成里建成路152號B1,121.6619338989,25.0733795166,C,巷弄長照站,新北市,汐止區,(02)26917152,finichu2@yahoo.com.tw,洪正一,20240101.0,20241231.0,20240514 14:16:45
新北市新店區玫瑰社區發展協會,BF0200036,BF,新北市,新店區,新北市新店區玫瑰里富貴街9巷31號,121.4949493408,24.9489326477,C,巷弄長照站,新北市,新店區,(02)22155106,q07312002@yahoo.com.tw,謝家珍,20190101.0,20191231.0,20210218 18:16:32
臺北市中山區朱厝崙社區發展協會,BF0100029,BF,臺北市,中山區,臺北市中山區朱崙里龍江路15號3樓,121.5404968262,25.0474357605,B,喘息服務,臺北市,中山區,2781-5504,teak4747@yahoo.com.tw,高銘鴻,20230510.0,20241231.0,20230510 13:47:17
財團法人臺北市松年長春社會福利基金會(中正),BD0100033,BD,臺北市,中正區,臺北市中正區南福里羅斯福路1段94、96號11樓(中央教會),121.5198974609,25.0300121307,C,巷弄長照站,臺北市,中正區,02-25000261,pine003@twdc.org.tw,王淑惠,20190101.0,20211231.0,20210408 17:01:54
臺北市內湖紳士協會,BF0100033,BF,臺北市,內湖區,臺北市內湖區港墘里內湖路1段552號,121.5771942139,25.0790634155,C,巷弄長照站,臺北市,內湖區,0918-819089,sum3919@hotmail.com,連德盛,20190101.0,20211231.0,20210408 17:51:18
(臺北市C+)中華民國天使之家全人關懷協會,BF0100037,BF,臺北市,內湖區,臺北市內湖區湖興里成功路2段242號1樓,121.5900650024,25.0658874512,B,喘息服務,臺北市,松山區;信義區;大安區;中山區;中正區;大同區;萬華區;文山區;南港區;內湖區;士林區;北投區,02-27909454,honest0716@gmail.com,林榮任,20250101.0,20261231.0,20241104 16:43:40
臺北市文山區順興社區發展協會,BF0100044,BF,臺北市,文山區,臺北市文山區順興里興隆路4段165巷12號1、2樓,121.5626144409,24.9840621948,C,巷弄長照站,臺北市,文山區,2939-5932,penny235689@hotmail.com,單連城,20190101.0,20241231.0,20221230 18:51:56
臺北市光鹽關懷發展協會,BF0100054,BF,臺北市,松山區,臺北市松山區東勢里南京東路4段107號12樓,121.5546646118,25.0518741608,C,巷弄長照站,臺北市,松山區,27123242#14,julien77@cathaylife.com.tw,魯怡君,20190101.0,20211231.0,20210412 12:01:37
臺北市南港區久如社區發展協會,BF0100067,BF,臺北市,南港區,臺北市南港區九如里研究院路2段208號1樓,121.6170806885,25.0367069244,B,喘息服務,臺北市,松山區;信義區;大安區;中山區;中正區;大同區;萬華區;文山區;南港區;內湖區;士林區;北投區,2651-6600,7823828@gmail.com,陳碧玉,20250101.0,20261231.0,20241205 15:24:19
臺北市私立愛家居家長照機構,1X0100008,1,臺北市,中山區,臺北市中山區新庄里新生北路3段87巷23號,121.5288925171,25.0674514771,B,居家服務,臺北市,松山區;信義區;大安區;中山區;中正區;大同區;萬華區;文山區;南港區;內湖區;士林區;北投區,02-25966934,tzning1975@gmail.com,黃姿寧,20190808.0,20231231.0,20211230 16:00:13
臺北市私立愛家居家長照機構,1X0100008,1,臺北市,中山區,臺北市中山區新庄里新生北路3段87巷23號,121.5288925171,25.0674514771,B,喘息服務,臺北市,松山區;信義區;大安區;中山區;中正區;大同區;萬華區;文山區;南港區;內湖區;士林區;北投區,02-25966934,tzning1975@gmail.com,黃姿寧,20250101.0,20261231.0,20241120 11:08:19
財團法人恆安社會福利慈善事業基金會附設新北市私立大同老人長期照顧中心(養護型),A10200301,A1,新北市,汐止區,新北市汐止區大同路三段425號,121.6777420044,25.071680069,B,喘息服務,新北市,板橋區;三重區;中和區;永和區;新莊區;新店區;樹林區;鶯歌區;三峽區;淡水區;汐止區;瑞芳區;土城區;蘆洲區;五股區;泰山區;林口區;深坑區;石碇區;坪林區;三芝區;石門區;八里區;平溪區;雙溪區;貢寮區;金山區;萬里區;烏來區,0286489888,tatung.hangan@gmail.com,胡世賢,20250101.0,20271231.0,20241227 15:22:21
財團法人恆安社會福利慈善事業基金會附設新北市私立大同老人長期照顧中心(養護型),A10200301,A1,新北市,汐止區,新北市汐止區大同路三段425號,121.6777420044,25.071680069,B,喘息服務,臺北市,松山區;信義區;大安區;中山區;中正區;大同區;萬華區;文山區;南港區;內湖區;士林區;北投區,0286489888,tatung.hangan@gmail.com,胡世賢,20250101.0,20261231.0,20241231 11:41:43
財團法人福智慈善基金會(天母據點),BD0100015,BD,臺北市,士林區,臺北市士林區蘭興里中山北路六段243號1F,121.5251617432,25.1092243195,C,巷弄長照站,臺北市,士林區,02-28382503 #12,jasmine.chang33@gmail.com,賴錫源,20190101.0,20211231.0,20210407 14:09:49
台北市大同區大有里辦公處,BG0100001,BG,臺北市,大同區,臺北市大同區大有里民樂街179號1樓,121.510597229,25.0595111847,C,巷弄長照站,臺北市,大同區,02-25577229,aliceaa8899@gmail.com,許美智,20190101.0,20211231.0,20210407 14:14:21
中華萌愛關懷協會,BF0100017,BF,臺北市,大同區,臺北市大同區蓬萊里承德路3段60號B1,121.5181045532,25.0653305054,C,巷弄長照站,臺北市,大同區,02-25931138,stephen530413@gmail.com,盧瑩僡,20190101.0,20211231.0,20210407 14:48:23
中華民國紅心字會(興隆老人社會關懷照顧據點),BF0100080,BF,臺北市,文山區,臺北市文山區明義里明義里興隆路4段105巷47號,121.5631637573,24.987991333,C,巷弄長照站,臺北市,文山區,02-29367119,ankangtw@gmail.com,劉緒倫,20190101.0,20241231.0,20221229 23:09:31
社團法人中華麥田關懷協會(社照C),BE0200012,BE,新北市,新店區,新北市新店區明德里明德路34號,121.5416946411,24.9778079987,C,巷弄長照站,新北市,新店區,(02)29133936,wheatland1743@gmail.com,呂瑞香,20220101.0,20221231.0,20220503 10:29:18
新北市新莊區原住民族發展協進會,BF0200045,BF,新北市,新莊區,新北市新莊區裕民里裕民街128號6樓,121.4179000854,25.0224266052,C,巷弄長照站,新北市,新莊區,0910-818-864,,,20190101.0,20191231.0,20190610 00:39:58
永盛里社區關懷據點(社照C),BF0200053,BF,新北市,三重區,新北市三重區永盛里車路頭街133號,121.4846343994,25.0763149261,C,巷弄長照站,新北市,三重區,(02)29826391,deloved888@yahoo.com.tw,侯錦足,20220101.0,20231231.0,20230530 18:42:52
光田里陪伴站(社照C),BF0200054,BF,新北市,三重區,新北市三重區光田里光田里中華路5號,121.4833984375,25.0602226257,C,巷弄長照站,新北市,三重區,(02)29853477,Wu541010@yahoo.com.tw,吳勝文,20220101.0,20231231.0,20230530 18:41:20
台北市劍橋有愛全人關懷協會,BF0100009,BF,臺北市,士林區,臺北市士林區百齡里福港街244巷3號1樓,121.5172119141,25.0842971802,C,巷弄長照站,臺北市,士林區,02-28820977,joan.chen1@yahoo.com.tw,呂智宏,20190101.0,20211231.0,20210407 11:48:30
臺北市長立健康樂活協會,BF0100020,BF,臺北市,大安區,臺北市大安區龍陣里瑞安街75號3樓,121.5410919189,25.0282421112,C,巷弄長照站,臺北市,大安區,27014636,yuchuyin@yahoo.com.tw,王自立,20190101.0,20211231.0,20210407 16:03:41
台北市南港區南港社區發展協會,BF0100063,BF,臺北市,南港區,臺北市南港區南港里新民街64號2樓,121.6115264893,25.0559253693,C,巷弄長照站,臺北市,南港區,928231500,20140401@mail.taipei.gov.tw,李志錦,20190101.0,20211231.0,20210412 14:50:47
台北市萬華區新忠里辦公處,BG0100008,BG,臺北市,萬華區,臺北市萬華區新忠里西藏路125巷7號1樓  (里民活動場所),121.5021514893,25.0287399292,C,巷弄長照站,臺北市,萬華區,02-23392806,aliceho@ymail.com,邱文龍,20190101.0,20211231.0,20210412 15:03:07
臺北市大安區臺北龍雲社區發展協會,BF0100025,BF,臺北市,大安區,臺北市大安區龍雲里大安路二段160巷24號及復興南路二段151巷43號,121.545501709,25.0284690857,C,巷弄長照站,臺北市,大安區,02-2754-7302,longyun027@gmail.com,黃廣明,20190101.0,20211231.0,20210408 16:07:53
臺北市樂齡發展協會(中山區朱園里),BF0100028,BF,臺北市,中山區,臺北市中山區朱園里松江路45巷43號1樓,121.5343933105,25.0480289459,C,巷弄長照站,臺北市,中山區,02-25083440,kgy3071688@yah00.com.tw,孫合興,20190101.0,20211231.0,20210412 16:11:19
財團法人基督教救世軍,BD0100040,BD,臺北市,內湖區,臺北市內湖區西湖里內湖路一段285巷63弄7號,121.567237854,25.084072113,C,巷弄長照站,臺北市,內湖區,02-27990098,chiehtsi@hotmail.com,李光秋,20190101.0,20211231.0,20210408 17:42:15
臺北市內湖區清白社區發展協會,BF0100038,BF,臺北市,內湖區,臺北市內湖區清白里星雲街168巷29號&清白區民活動中心(星雲街168巷29號),121.5970230103,25.0800323486,C,巷弄長照站,臺北市,內湖區,02-27909195,g066700@gmail.com,陳文中,20190101.0,20211231.0,20210408 17:47:06
社團法人中華民國沐光家園癌友關懷協會,BE0100026,BE,臺北市,文山區,臺北市文山區興業里興隆路二段220巷51-1號,121.5520095825,24.999666214,C,巷弄長照站,臺北市,文山區,970028002,divine201056@gmail.com,溫鴻基,20190101.0,20211231.0,20210409 17:11:56
台北市文山區景人社區發展協會,BF0100045,BF,臺北市,文山區,臺北市文山區景仁里景福街5號1樓,121.5392379761,24.9993476868,C,巷弄長照站,臺北市,文山區,02-2931-5839,rita12112003@yahoo.com.tw,李天柱,20190101.0,20211231.0,20210409 15:17:11
臺北市內湖區碧湖社區發展協會,BF0100075,BF,臺北市,內湖區,臺北市內湖區金龍里金龍里金龍路136-1號,121.590057373,25.0857639313,C,巷弄長照站,臺北市,內湖區,0935-245293,ulp6018@ms23.hinet.net,賴炎煌,20190101.0,20211231.0,20210408 17:48:30
財團法人臺北市松年長春社會福利基金會(士林),BD0100016,BD,臺北市,士林區,臺北市士林區天山里中山北路七段122號3樓,121.5321044922,25.122428894,C,巷弄長照站,臺北市,士林區,02-28723425,sandy0422@hotmail.com,王淑惠,20190101.0,20211231.0,20210407 11:25:55
台北市朝陽服飾材料街區發展協會,BF0100014,BF,臺北市,大同區,臺北市大同區朝陽里重慶北路2段46巷6號,121.5137863159,25.0552749634,C,巷弄長照站,臺北市,大同區,02-25523101,kuowei206@hotmail.com.tw,呂國維,20190101.0,20211231.0,20210407 14:47:49
社團法人台灣厝邊有愛關懷協會六張犁教會,BE0100013,BE,臺北市,大安區,臺北市大安區黎元里臥龍街215號,121.5536270142,25.0185203552,C,巷弄長照站,臺北市,大安區,23636356,lo1119@ms53.hinet.net,鄭忠仁,20190101.0,20211231.0,20210407 15:52:21
臺北市大安區群英里辦公處,BG0100002,BG,臺北市,大安區,臺北市大安區群英里四維路198巷30弄9號,121.5460968018,25.026304245,C,巷弄長照站,臺北市,大安區,2754-9339,cheng.kung2@gmail.com,石忠勝,20190101.0,20241231.0,20230202 15:26:11
臺北市大安區群英里辦公處,BG0100002,BG,臺北市,大安區,臺北市大安區群英里四維路198巷30弄9號,121.5460968018,25.026304245,B,喘息服務,臺北市,松山區;信義區;大安區;中山區;中正區;大同區;萬華區;文山區;南港區;內湖區;士林區;北投區,2754-9339,cheng.kung2@gmail.com,石忠勝,20190101.0,20241231.0,20241105 19:17:36
社團法人寧祈全人健康生命關懷協會,BE0100019,BE,臺北市,中山區,臺北市中山區中山里中山北路2段 59 巷 21 號2樓,121.5239181519,25.0560073853,C,巷弄長照站,臺北市,中山區,(02)25433535#2770,ningchiorg@gmail.com,張德謙,20190101.0,20211231.0,20210408 16:13:12
臺北市麗山社區關懷協會,BF0100034,BF,臺北市,內湖區,臺北市內湖區港都里麗山街348巷22號1-2樓及24號2樓,121.5742340088,25.0819530487,C,巷弄長照站,臺北市,內湖區,26270443#20,t98765432135@yahoo.com.tw,王清瑩,20190101.0,20211231.0,20210408 17:50:26
財團法人一粒麥子社會福利慈善事業基金會(中正國宅社區照顧關懷據點),BD0100054,BD,臺北市,萬華區,臺北市萬華區新安里萬大路237巷13弄3號,121.5055847168,25.0258407593,C,巷弄長照站,臺北市,萬華區,02-2309-0660,liz@wheat.org.tw,呂信雄,20190101.0,20241231.0,20221229 22:15:25
新北市私立醒吾高級中學,BF0200057,BF,新北市,林口區,新北市林口區東林里東林里粉寮路1段75巷80號,121.3972396851,25.0790691376,C,巷弄長照站,新北市,林口區,(02)26012644,,,20190101.0,20191231.0,20190610 00:39:58
臺北市政府社會局委託天主教耕莘醫療財團法人永和耕莘醫院經營管理臺北市大龍老人住宅(社照C),B20100025,B2,臺北市,大同區,臺北市大同區至聖里至聖里民族西路105號4樓、4樓-1,121.5173568726,25.0687255859,B,喘息服務,臺北市,松山區;信義區;大安區;中山區;中正區;大同區;萬華區;文山區;南港區;內湖區;士林區;北投區,02-6617-8186#323,dalongea@gmail.com,趙嘉倫,20250101.0,20261231.0,20241105 19:40:36
臺北市政府社會局委託天主教耕莘醫療財團法人永和耕莘醫院經營管理臺北市大龍老人住宅(社照C),B20100025,B2,臺北市,大同區,臺北市大同區至聖里至聖里民族西路105號4樓、4樓-1,121.5173568726,25.0687255859,B,喘息服務,臺北市,松山區;信義區;大安區;中山區;中正區;大同區;萬華區;文山區;南港區;內湖區;士林區;北投區,02-6617-8186#323,dalongea@gmail.com,趙嘉倫,20190101.0,20241231.0,20241105 19:41:14
中華民國紅心字會(興隆老人社會關懷照顧據點),BF0100080,BF,臺北市,文山區,臺北市文山區明義里明義里興隆路4段105巷47號,121.5631637573,24.987991333,B,喘息服務,臺北市,松山區;信義區;大安區;中山區;中正區;大同區;萬華區;文山區;南港區;內湖區;士林區;北投區,02-29367119,ankangtw@gmail.com,劉緒倫,20250101.0,20261231.0,20241205 15:10:30
新北市奇布施老人養生協會(社照C),BF0200059,BF,新北市,新店區,新北市新店區信義里寶興里寶慶街10號23樓-1,121.5434646606,24.9869728088,C,巷弄長照站,新北市,新店區,(02)89125508,sanlylin@hotmail.com,周碧珠,20190101.0,20211231.0,20210506 10:16:14
新北市汐止區湖蓮里辦公處(社照C),BG0200011,BG,新北市,汐止區,新北市汐止區湖蓮里湖前街110巷97弄24號B2(中餐廳大廳及才藝教室),121.6325683594,25.0761909485,C,巷弄長照站,新北市,汐止區,(02)26909141,sunmoon8905@gmail.com,翁春娟,20240101.0,20241231.0,20240514 12:01:56
財團法人介惠社會福利慈善基金會新北市萬里瑪鋉公共托老中心(社照C),BD0200021,BD,新北市,萬里區,新北市萬里區萬里里瑪鋉路221號3F,121.689743042,25.179813385,C,巷弄長照站,新北市,萬里區,(02)24928312,tsliu@jhf.org.tw,胡頤仁,20220101.0,20221231.0,20220503 09:15:49
臺北市內湖社區安全與健康協進會,BF0100073,BF,臺北市,內湖區,臺北市內湖區湖興里湖興里民權東路6段45號,121.5864105225,25.0691547394,C,巷弄長照站,臺北市,內湖區,88627934447,neihusafe@gmail.com,李明珠,20190101.0,20211231.0,20210408 17:51:57
中華民國紅十字會總會,BF0100077,BF,臺北市,萬華區,臺北市萬華區糖廍里艋舺大道303號1、4樓,121.4964904785,25.0331745148,C,巷弄長照站,臺北市,萬華區,2362-8232#409,savi@redcross.org.tw,王清峰,20190101.0,20211231.0,20210412 15:11:44
臺北市政府社會局委託天主教耕莘醫療財團法人永和耕莘醫院經營管理臺北市大龍老人住宅(社照C),B20100025,B2,臺北市,大同區,臺北市大同區至聖里至聖里民族西路105號4樓、4樓-1,121.5173568726,25.0687255859,C,巷弄長照站,臺北市,大同區,02-6617-8186#323,dalongea@gmail.com,趙嘉倫,20190101.0,20241231.0,20221229 21:48:11
臺北市大安區群英里辦公處,BG0100002,BG,臺北市,大安區,臺北市大安區群英里四維路198巷30弄9號,121.5460968018,25.026304245,B,喘息服務,臺北市,松山區;信義區;大安區;中山區;中正區;大同區;萬華區;文山區;南港區;內湖區;士林區;北投區,2754-9339,cheng.kung2@gmail.com,石忠勝,20250101.0,20261231.0,20241105 19:17:14
新北市私立衡安老人長期照顧中心(養護型),A10200309,A1,新北市,三峽區,新北市三峽區永舘里文化路59號7樓-1、8樓-2,121.3721466064,24.9360809326,B,喘息服務,新北市,板橋區;三重區;中和區;永和區;新莊區;新店區;樹林區;鶯歌區;三峽區;汐止區;土城區;蘆洲區;五股區;泰山區;林口區,86712106,hungan99837348@yahoo.com.tw,徐易赫,20250101.0,20271231.0,20241226 14:52:18
私立三民護理之家,A30200101,A3,新北市,蘆洲區,新北市蘆洲區三民路26巷51號1樓、2樓,121.4780502319,25.0834026337,B,喘息服務,臺北市,松山區;信義區;大安區;中山區;中正區;大同區;萬華區;文山區;南港區;內湖區;士林區;北投區,(02)22886211,s22885959@yahoo.com.tw,楊品羚,20210507.0,20241231.0,20221230 14:55:04
財團法人台北市台北中華基督教會(公理堂),BD0100029,BD,臺北市,中山區,臺北市中山區康樂里中山北路2段45巷39號,121.5250244141,25.0544643402,C,巷弄長照站,臺北市,中山區,02-25118021,tccc.ppt@gmail.com,吳學輝,20190101.0,20211231.0,20210408 16:29:30
財團法人中華民國大同老人福利基金會,BD0100050,BD,臺北市,信義區,臺北市信義區興雅里基隆路一段155號3樓之8,121.5654144287,25.0421867371,C,巷弄長照站,臺北市,信義區,27670563,ew.yvonne@gmail.com,胡貽圓,20190101.0,20211231.0,20210412 14:41:49
臺北市萬華區華江社區發展協會,BF0100071,BF,臺北市,萬華區,臺北市萬華區華江里長順街臨62號,121.4907455444,25.0313491821,C,巷弄長照站,臺北市,萬華區,2308-1454,fann2319@yahoo.com.tw,洪佳君,20190101.0,20211231.0,20210412 15:01:58
天主教耕莘醫療財團法人耕莘醫院-烏來據點(醫事C),B20200036,B2,新北市,烏來區,新北市烏來區烏來里溫泉街90、100、102號,121.5514755249,24.861125946,C,巷弄長照站,新北市,烏來區,(02)22193391分機67153,cms.c.c.1912@gmail.com,鄒繼群,20190401.0,20211231.0,20210527 10:43:33
財團法人台灣聖公會牧愛堂,BE0100049,BE,臺北市,士林區,臺北市士林區後港里後港里中正路511號,121.5174560547,25.0913600922,B,營養餐飲服務,臺北市,士林區,02-28816317,swmail86@gmail.com,張員榮,20190101.0,20211231.0,20210128 19:54:44
財團法人新北市基督教新希望教會(德行據點),BD0100018,BD,臺北市,士林區,臺北市士林區德行里雙溪街140號1樓,121.5243759155,25.1004219055,C,巷弄長照站,臺北市,士林區,982985298,rebecca401010@gmail.com,林淑萍,20190101.0,20221231.0,20210312 17:46:37
財團法人臺北市松年長春社會福利基金會大橋教會,BD0100021,BD,臺北市,大同區,臺北市大同區景星里迪化街2段65號,121.5095901489,25.0649261475,C,巷弄長照站,臺北市,大同區,02-25851434,pine003@twdc.org.tw,王淑惠,20190101.0,20211231.0,20210407 14:48:59
臺北市敬老協會,BF0100027,BF,臺北市,中山區,臺北市中山區中原里新生北路2段41巷7號1樓,121.5281829834,25.055431366,C,巷弄長照站,臺北市,中山區,225819955,hsuchaplon@pchome.com.tw,陳石林,20190101.0,20211231.0,20210408 16:14:54
台灣旺齡協會,BF0100031,BF,臺北市,中正區,臺北市中正區頂東里羅斯福路3段84巷13號1樓,121.5260620117,25.0213680267,C,巷弄長照站,臺北市,中正區,934064264,wonderfulgreen2016@gmail.com,張宏庠,20190101.0,20241231.0,20221229 22:23:43
社團法人台灣愛喜樂關懷協會,BE0100032,BE,臺北市,北投區,臺北市北投區裕民里明德路161號1樓,121.5206604004,25.1115169525,C,巷弄長照站,臺北市,北投區,02-28224466#22,iseeloveassociation@gmail.com,黃芬宜,20190101.0,20211231.0,20210412 11:14:56
聯順居家護理所,B10200065,B1,新北市,板橋區,新北市板橋區玉光里永豐街75巷17號2樓,121.4729766846,25.0187625885,B,專業照護服務,新北市,板橋區,(02)89642333,fortccn89@thn-buurtzorg.com,汪秋蓉,20230727.0,20241231.0,20230802 15:34:31
天主教耕莘醫療財團法人耕莘醫院-烏來據點(醫事C),B20200036,B2,新北市,烏來區,新北市烏來區烏來里溫泉街90、100、102號,121.5514755249,24.861125946,B,喘息服務,新北市,烏來區,(02)22193391分機67153,cms.c.c.1912@gmail.com,鄒繼群,20250101.0,20271231.0,20250425 14:54:10
泰林中西藥局,B30100004,B3,新北市,泰山區,新北市泰山區泰林路2段206號,121.4333724976,25.0614356995,B,專業照護服務,臺北市,松山區;信義區;大安區;中山區;中正區;大同區;萬華區;文山區;南港區;內湖區;士林區;北投區,02-22978367,ed7chen@gmail.com,陳昭元,20180131.0,20201231.0,20190704 14:02:14
私立三民護理之家,A30200101,A3,新北市,蘆洲區,新北市蘆洲區三民路26巷51號1樓、2樓,121.4780502319,25.0834026337,B,喘息服務,臺北市,松山區;信義區;大安區;中山區;中正區;大同區;萬華區;文山區;南港區;內湖區;士林區;北投區,(02)22886211,s22885959@yahoo.com.tw,楊品羚,20250101.0,20261231.0,20241231 11:46:59
私立三民護理之家,A30200101,A3,新北市,蘆洲區,新北市蘆洲區三民路26巷51號1樓、2樓,121.4780502319,25.0834026337,B,喘息服務,新北市,板橋區;三重區;中和區;永和區;新莊區;新店區;樹林區;鶯歌區;三峽區;淡水區;汐止區;瑞芳區;土城區;蘆洲區;五股區;泰山區;林口區;深坑區;石碇區;坪林區;三芝區;石門區;八里區;平溪區;雙溪區;貢寮區;金山區;萬里區;烏來區,(02)22886211,s22885959@yahoo.com.tw,楊品羚,20250101.0,20271231.0,20241224 13:55:59
台灣旺齡協會,BF0100031,BF,臺北市,中正區,臺北市中正區頂東里羅斯福路3段84巷13號1樓,121.5260620117,25.0213680267,B,喘息服務,臺北市,松山區;信義區;大安區;中山區;中正區;大同區;萬華區;文山區;南港區;內湖區;士林區;北投區,934064264,wonderfulgreen2016@gmail.com,張宏庠,20250101.0,20261231.0,20241030 09:31:17
財團法人基督教中國佈道會,BD0100039,BD,臺北市,內湖區,臺北市內湖區康寧里康寧路3段99巷39弄66號,121.6105422974,25.0741958618,C,巷弄長照站,臺北市,內湖區,02-26320867,wengjiaen@gmail.com,陳天鳴,20190101.0,20211231.0,20210408 17:47:23
松和護理之家,A30200098,A3,新北市,板橋區,新北市板橋區大觀路三段236號7樓之3,121.430557251,24.9920520782,B,喘息服務,新北市,板橋區;三重區;中和區;永和區;新莊區;樹林區;土城區;蘆洲區,02-26823334,cholong_li@yahoo.com.tw,莊茵淇,20250101.0,20271231.0,20250103 15:20:08
小驢駒小客車租賃有限公司,BF0200060,BF,新北市,新莊區,新北市新莊區復興路二段196巷2弄9-3號,121.4589538574,25.0440597534,B,交通接送服務,新北市,板橋區;三重區;中和區;永和區;新莊區;新店區;樹林區;鶯歌區;三峽區;淡水區;汐止區;瑞芳區;土城區;蘆洲區;五股區;泰山區;林口區;深坑區;石碇區;坪林區;三芝區;石門區;八里區;平溪區;雙溪區;貢寮區;金山區;萬里區;烏來區,02-2652-1567,driveryeah3196@gmail.com,葉書含,20250101.0,20271231.0,20241224 09:07:56
台北市北投區林泉社區發展協會,BF0100047,BF,臺北市,北投區,臺北市北投區林泉里新民路46巷37號,121.5075836182,25.1390857697,C,巷弄長照站,臺北市,北投區,953728197,jack255136@gmail.com,張中模,20190101.0,20211231.0,20210412 10:53:45
臺北市北投區硫磺谷社區發展協會,BF0100048,BF,臺北市,北投區,臺北市北投區文化里文化三路4、5樓,121.4960098267,25.1364784241,C,巷弄長照站,臺北市,北投區,910412056,sulfulvale@gmail.com,洪正鈞,20190101.0,20211231.0,20210409 17:19:24
財團法人台灣基督傳道會復生教會,BD0100052,BD,臺北市,南港區,臺北市南港區舊莊里南深路21巷18號,121.6219482422,25.0378665924,C,巷弄長照站,臺北市,南港區,933871543,songlshu@gmail.com,張建文,20190101.0,20211231.0,20210412 14:56:11
財團法人台北市中國基督教靈糧世界佈道會台北靈糧堂,BD0100053,BD,臺北市,萬華區,臺北市萬華區仁德里桂林路27號1樓及桂林路31號1樓,121.5048599243,25.0379810333,C,巷弄長照站,臺北市,萬華區,23623022#8713,niko@llc.org.tw,曾國生,20190101.0,20211231.0,20210412 14:56:26
財團法人新北市私立雙連社會福利慈善事業基金會-頭前站(社照C),BE0200019,BE,新北市,新莊區,新北市新莊區思賢里昌平里長青街30號3樓,121.4565582275,25.0422515869,C,巷弄長照站,新北市,新莊區,(02)29986838,123@gmail.com,蔡政道,20240101.0,20241231.0,20240704 15:54:26
双慈護理之家,A30200066,A3,新北市,中和區,新北市中和區中正路909號8、9樓,121.4835586548,25.006444931,B,喘息服務,新北市,板橋區;三重區;中和區;永和區;新莊區;新店區;樹林區;鶯歌區;三峽區;淡水區;汐止區;土城區;蘆洲區;五股區;泰山區;林口區,02-82286000,lisa350207@gmail.com,吳佳鈴,20250101.0,20271231.0,20241213 11:38:07
臺北市私立文德老人長期照顧中心(養護型),A10100080,A1,臺北市,內湖區,臺北市內湖區紫陽里011鄰陽光街70-2、70-3、72、72-1號1樓,121.586265564,25.0764408112,B,喘息服務,臺北市,松山區;信義區;大安區;中山區;中正區;大同區;萬華區;文山區;南港區;內湖區;士林區;北投區,02-26581303,wendeolderman@gmail.com,江光輝,20250101.0,20261231.0,20250204 13:52:07
臺北市私立文德老人長期照顧中心(養護型),A10100080,A1,臺北市,內湖區,臺北市內湖區紫陽里011鄰陽光街70-2、70-3、72、72-1號1樓,121.586265564,25.0764408112,B,喘息服務,臺北市,南港區,02-26581303,wendeolderman@gmail.com,江光輝,20190225.0,20241231.0,20221230 15:12:32
新北市私立逢源老人長期照顧中心(養護型),A10200124,A1,新北市,中和區,新北市中和區中山路2段327巷9號3樓,121.493598938,25.0009822845,B,喘息服務,新北市,板橋區;三重區;中和區;永和區;新莊區;新店區;樹林區;鶯歌區;三峽區;淡水區;汐止區;瑞芳區;土城區;蘆洲區;五股區;泰山區;林口區;深坑區;石碇區;坪林區;三芝區;石門區;八里區;平溪區;雙溪區;貢寮區;金山區;萬里區;烏來區,2245-0139,feng_yuan168@yahoo.com,周素梅,20250101.0,20271231.0,20241220 10:24:02
新北市私立合樂老人長期照顧中心(養護型),A10200293,A1,新北市,中和區,新北市中和區中山路二段327巷11弄17號3樓,121.4932250977,25.0000839233,B,喘息服務,新北市,板橋區;三重區;中和區;永和區;新莊區;新店區;樹林區;鶯歌區;三峽區;淡水區;汐止區;瑞芳區;土城區;蘆洲區;五股區;泰山區;林口區;深坑區;石碇區;坪林區;三芝區;石門區;八里區;平溪區;雙溪區;貢寮區;金山區;萬里區;烏來區,0282457667,holuck6043@gmail.com,林淑美,20250101.0,20271231.0,20241227 11:14:09
新北市私立連旺老人長期照顧中心(養護型),A10200160,A1,新北市,板橋區,新北市板橋區中山路1段311號、313號、315之1號,121.484085083,25.0220222473,B,喘息服務,新北市,板橋區;三重區;中和區;永和區;新莊區;新店區;樹林區;鶯歌區;三峽區;淡水區;汐止區;瑞芳區;土城區;蘆洲區;五股區;泰山區;林口區;八里區;雙溪區,89520508柯小姐,lianwang.staff@gmail.com,連昭晴,20250101.0,20271231.0,20250103 12:00:35
新北市私立佳康老人長期照顧中心(養護型),A10200220,A1,新北市,新莊區,新北市新莊區雙鳳路109號4樓、111號4樓、113號4樓,121.4140167236,25.028011322,B,喘息服務,新北市,板橋區;三重區;中和區;永和區;新莊區;樹林區;土城區;蘆洲區;五股區;泰山區;林口區,02-29083466,jiakang3466@gmail.com,羅淑玲,20250101.0,20271231.0,20241205 14:53:51
新北市私立保安老人長期照顧中心(養護型),A10200232,A1,新北市,樹林區,新北市樹林區保安街二段64號4樓、64號5樓、64號6樓,121.4155426025,25.0026454926,B,喘息服務,新北市,板橋區;三重區;中和區;永和區;新莊區;新店區;樹林區;鶯歌區;三峽區;淡水區;汐止區;瑞芳區;土城區;蘆洲區;五股區;泰山區;林口區;深坑區;石碇區;坪林區;三芝區;石門區;八里區;平溪區;雙溪區;貢寮區;金山區;萬里區;烏來區,26863810,nbaoan66@gmail.com,唐台勇,20250101.0,20271231.0,20250110 14:41:25
臺北市政府社會局委託天主教耕莘醫療財團法人永和耕莘醫院經營管理臺北市至善老人安養護中心,A10100119,A1,臺北市,士林區,臺北市士林區永福里001鄰仰德大道2段2巷50號,121.5432510376,25.1019096375,B,喘息服務,臺北市,松山區;信義區;大安區;中山區;中正區;大同區;萬華區;文山區;南港區;內湖區;士林區;北投區,28832666,zhi.shan@msa.hinet.net,趙嘉倫,20250101.0,20261231.0,20241231 12:28:23
臺北市政府社會局委託天主教耕莘醫療財團法人永和耕莘醫院經營管理臺北市至善老人安養護中心,A10100119,A1,臺北市,士林區,臺北市士林區永福里001鄰仰德大道2段2巷50號,121.5432510376,25.1019096375,B,喘息服務,臺北市,松山區;信義區;大安區;中山區;中正區;大同區;萬華區;文山區;南港區;內湖區;士林區;北投區,28832666,zhi.shan@msa.hinet.net,趙嘉倫,20191025.0,20241231.0,20221230 11:57:51
臺北市私立晉安老人長期照顧中心(養護型),A10100135,A1,臺北市,大同區,臺北市大同區至聖里032鄰重慶北路3段175、177號1~4樓,121.5134887695,25.065284729,B,喘息服務,臺北市,松山區;信義區;大安區;中山區;中正區;大同區;萬華區;文山區;南港區;內湖區;士林區;北投區,02-2598-2301,jinan.yanghu@msa.hinet.net,吳世均,20200219.0,20241231.0,20221230 19:11:38
新北市私立和樂老人長期照顧中心(養護型),A10200292,A1,新北市,中和區,新北市中和區中山路2段327巷11弄17號5樓,121.4932250977,25.0000839233,B,喘息服務,新北市,板橋區;三重區;中和區;永和區;新莊區;新店區;樹林區;鶯歌區;三峽區;淡水區;汐止區;瑞芳區;土城區;蘆洲區;五股區;泰山區;林口區;深坑區;石碇區;坪林區;三芝區;石門區;八里區;平溪區;雙溪區;貢寮區;金山區;萬里區;烏來區,0282458131,marilyn9857@yahoo.com.tw,林淑美,20250101.0,20271231.0,20241226 10:26:50
新北市私立鴻祥老人長期照顧中心(養護型),A10200172,A1,新北市,板橋區,新北市板橋區四川路2段16巷9號8樓,121.455619812,24.9970722198,B,喘息服務,新北市,板橋區;三重區;中和區;永和區;新莊區;新店區;樹林區;鶯歌區;三峽區;淡水區;汐止區;瑞芳區;土城區;蘆洲區;五股區;泰山區;林口區;深坑區;石碇區;坪林區;三芝區;石門區;八里區;平溪區;雙溪區;貢寮區;金山區;萬里區;烏來區,89675401,hs20171101@gmail.com,陳柏安,20250101.0,20271231.0,20241225 08:48:24
新北市私立松樹老人長期照顧中心(養護型),A10200179,A1,新北市,板橋區,新北市板橋區大觀路3段236號7樓之1,121.430557251,24.9920520782,B,喘息服務,新北市,板橋區;三重區;中和區;永和區;新莊區;樹林區;土城區;蘆洲區,02-26823334,cholong_li@yahoo.com.tw,李怡禎,20250101.0,20271231.0,20241231 14:12:07
澄歆居家護理所,B10100046,B1,臺北市,文山區,臺北市文山區台北市景文街1號11樓之7,121.5414123535,24.9935359955,B,專業照護服務,臺北市,松山區;信義區;大安區;中山區;中正區;大同區;萬華區;文山區;南港區;內湖區;士林區;北投區,02-89351193,shcnc0928@gmail.com,周玉妹,20190222.0,20201231.0,20190821 15:25:04
新北市私立宏德老人長期照顧中心(養護型),A10200130,A1,新北市,永和區,新北市永和區永平路81巷2號(2層)、4號(2層)、12號2樓(2層),121.5116043091,25.008266449,B,喘息服務,新北市,永和區,29231336,hdw1336@yahoo.com.tw,魏嘉源,20250101.0,20271231.0,20241226 15:34:09
新北市私立宏國老人長期照顧中心(養護型),A10200161,A1,新北市,板橋區,新北市板橋區四川路2段16巷10號7樓,121.4562683105,24.9972610474,B,喘息服務,新北市,板橋區;三重區;中和區;永和區;新莊區;新店區;樹林區;鶯歌區;三峽區;淡水區;汐止區;瑞芳區;土城區;蘆洲區;五股區;泰山區;林口區,(02)89667037,ww89665034@yahoo.com.tw,張子騏,20250101.0,20271231.0,20241217 09:41:59
新北市私立傅英老人長期照顧中心(養護型),A10200212,A1,新北市,新莊區,新北市新莊區中正路544-36號3樓,121.4298706055,25.0316200256,B,喘息服務,新北市,板橋區;三重區;新莊區;蘆洲區;五股區;泰山區,02-29085498,cy.ay544363@gmail.com,張鎮育,20250101.0,20271231.0,20250113 15:45:13
新北市私立家安老人長期照顧中心(養護型),A10200215,A1,新北市,新莊區,新北市新莊區思源路117號(2層)、119號、119號2樓、121號2樓、123號2樓,121.460067749,25.0491962433,B,喘息服務,新北市,板橋區;三重區;中和區;永和區;新莊區;新店區;樹林區;鶯歌區;三峽區;淡水區;汐止區;瑞芳區;土城區;蘆洲區;五股區;泰山區;林口區;深坑區;石碇區;坪林區;三芝區;石門區;八里區;平溪區;雙溪區;貢寮區;金山區;萬里區;烏來區,02-8992-0125,jiaan102@gmail.com,王宇文,20250101.0,20271231.0,20241227 14:25:27
新北市私立保安老人長期照顧中心(養護型),A10200232,A1,新北市,樹林區,新北市樹林區保安街二段64號4樓、64號5樓、64號6樓,121.4155426025,25.0026454926,B,喘息服務,桃園市,桃園區;中壢區;大溪區;楊梅區;蘆竹區;大園區;龜山區;八德區;龍潭區;平鎮區;新屋區;觀音區;復興區,26863810,nbaoan66@gmail.com,唐台勇,20240105.0,20251231.0,20240105 13:03:29
臺北市私立晉安老人長期照顧中心(養護型),A10100135,A1,臺北市,大同區,臺北市大同區至聖里032鄰重慶北路3段175、177號1~4樓,121.5134887695,25.065284729,B,喘息服務,臺北市,松山區;信義區;大安區;中山區;中正區;大同區;萬華區;文山區;南港區;內湖區;士林區;北投區,02-2598-2301,jinan.yanghu@msa.hinet.net,吳世均,20250101.0,20261231.0,20250205 11:11:54
新北市私立安濟老人長期照顧中心(養護型),A10200286,A1,新北市,汐止區,新北市汐止區福德一路351巷11弄18號2樓,121.6304244995,25.0615024567,B,喘息服務,新北市,板橋區;三重區;中和區;永和區;新莊區;新店區;樹林區;鶯歌區;三峽區;淡水區;汐止區;瑞芳區;土城區;蘆洲區;五股區;泰山區;林口區;深坑區;石碇區;坪林區;三芝區;石門區;八里區;平溪區;雙溪區;貢寮區;金山區;萬里區;烏來區,02-26951800,Anji0226951800@gmail.com,吳靜宜,20250101.0,20271231.0,20250221 09:23:44
佛教慈濟醫療財團法人台北慈濟醫院,B20200029,B2,新北市,新店區,新北市新店區復興里建國路289號,121.5356750488,24.9860630035,B,專業照護服務,新北市,中和區;永和區;新店區,(02)66289779,maggie16471@tzuchi.com.tw,趙有誠,20220101.0,20241231.0,20220314 15:42:54
天主教耕莘醫療財團法人永和耕莘醫院,B20200030,B2,新北市,永和區,新北市永和區永興里中興街80號,121.5177307129,25.0118751526,B,營養餐飲服務,新北市,永和區,02-29286060,ltcabc.cthyh@gmail.com,趙嘉倫,20250101.0,20250131.0,20250122 14:38:47
佛教慈濟醫療財團法人台北慈濟醫院,B20200029,B2,新北市,新店區,新北市新店區復興里建國路289號,121.5356750488,24.9860630035,A,個案管理服務,新北市,板橋區;中和區;永和區;新店區,(02)66289779,maggie16471@tzuchi.com.tw,趙有誠,20250101.0,20250630.0,20241231 15:14:06
天主教耕莘醫療財團法人永和耕莘醫院,B20200030,B2,新北市,永和區,新北市永和區永興里中興街80號,121.5177307129,25.0118751526,B,專業照護服務,新北市,中和區;永和區,02-29286060,ltcabc.cthyh@gmail.com,趙嘉倫,20220101.0,20241231.0,20220322 17:14:20
佛教慈濟醫療財團法人台北慈濟醫院,B20200029,B2,新北市,新店區,新北市新店區復興里建國路289號,121.5356750488,24.9860630035,B,專業照護服務(CC01),新北市,板橋區;三重區;中和區;永和區;新莊區;新店區;樹林區;鶯歌區;三峽區;淡水區;汐止區;瑞芳區;土城區;蘆洲區;五股區;泰山區;林口區;深坑區;石碇區;坪林區;三芝區;石門區;八里區;平溪區;雙溪區;貢寮區;金山區;萬里區;烏來區,(02)66289779,maggie16471@tzuchi.com.tw,趙有誠,20220101.0,20241231.0,20230802 17:19:14
佛教慈濟醫療財團法人台北慈濟醫院,B20200029,B2,新北市,新店區,新北市新店區復興里建國路289號,121.5356750488,24.9860630035,B,專業照護服務(CC01),新北市,中和區;永和區;新店區,(02)66289779,maggie16471@tzuchi.com.tw,趙有誠,20250101.0,20271231.0,20250110 14:43:32
天主教耕莘醫療財團法人永和耕莘醫院,B20200030,B2,新北市,永和區,新北市永和區永興里中興街80號,121.5177307129,25.0118751526,A,個案管理服務,新北市,永和區,02-29286060,ltcabc.cthyh@gmail.com,趙嘉倫,20250101.0,20250630.0,20241231 16:20:02
天主教耕莘醫療財團法人永和耕莘醫院,B20200030,B2,新北市,永和區,新北市永和區永興里中興街80號,121.5177307129,25.0118751526,B,專業照護服務,新北市,中和區;永和區,02-29286060,ltcabc.cthyh@gmail.com,趙嘉倫,20250101.0,20271231.0,20241225 16:55:31
天主教耕莘醫療財團法人永和耕莘醫院,B20200030,B2,新北市,永和區,新北市永和區永興里中興街80號,121.5177307129,25.0118751526,B,專業照護服務(CC01),新北市,中和區;永和區,02-29286060,ltcabc.cthyh@gmail.com,趙嘉倫,20250101.0,20271231.0,20241225 16:55:48
天主教耕莘醫療財團法人永和耕莘醫院,B20200030,B2,新北市,永和區,新北市永和區永興里中興街80號,121.5177307129,25.0118751526,B,喘息服務,新北市,中和區;永和區,02-29286060,ltcabc.cthyh@gmail.com,趙嘉倫,20250101.0,20271231.0,20241225 16:56:34
佛教慈濟醫療財團法人台北慈濟醫院,B20200029,B2,新北市,新店區,新北市新店區復興里建國路289號,121.5356750488,24.9860630035,C,巷弄長照站,新北市,新店區,(02)66289779,maggie16471@tzuchi.com.tw,趙有誠,20230101.0,20231231.0,20230630 15:31:59
天主教耕莘醫療財團法人永和耕莘醫院,B20200030,B2,新北市,永和區,新北市永和區永興里中興街80號,121.5177307129,25.0118751526,B,專業照護服務(CC01),新北市,板橋區;三重區;中和區;永和區;新莊區;新店區;樹林區;鶯歌區;三峽區;淡水區;汐止區;瑞芳區;土城區;蘆洲區;五股區;泰山區;林口區;深坑區;石碇區;坪林區;三芝區;石門區;八里區;平溪區;雙溪區;貢寮區;金山區;萬里區;烏來區,02-29286060,ltcabc.cthyh@gmail.com,趙嘉倫,20220101.0,20241231.0,20230802 17:19:14
百齡診所附設護理之家,A30100018,A3,臺北市,士林區,臺北市士林區葫東里重慶北路4段187號3-7樓,121.5112686157,25.0842571259,B,喘息服務,臺北市,松山區;信義區;大安區;中山區;中正區;大同區;萬華區;文山區;南港區;內湖區;士林區;北投區,02 28113113,nursinghome2009@hotmail.com,陳雅玲,20250101.0,20261231.0,20250204 10:26:40
百齡診所附設護理之家,A30100018,A3,臺北市,士林區,臺北市士林區葫東里重慶北路4段187號3-7樓,121.5112686157,25.0842571259,B,喘息服務,臺北市,松山區;信義區;大安區;中山區;中正區;大同區;萬華區;文山區;南港區;內湖區;士林區;北投區,02 28113113,nursinghome2009@hotmail.com,陳雅玲,20180312.0,20241231.0,20221230 15:23:22
慈英居家護理所,B10200075,B1,新北市,泰山區,新北市泰山區貴子路9巷10弄6號,121.4255828857,25.0426712036,B,專業照護服務,新北市,新莊區;樹林區;五股區;泰山區,(02)29020075,e233947@yahoo.com.tw,陸芙英,20250101.0,20271231.0,20241224 15:34:54
C+ 社團法人台北市向日葵慈善協會,BE0100057,BE,臺北市,松山區,臺北市松山區東勢里南京東路4段133巷7弄9號1樓,121.5554275513,25.0525875092,B,喘息服務,臺北市,松山區;信義區;大安區;中山區;中正區;大同區;萬華區;文山區;南港區;內湖區;士林區;北投區,8770-6501 #17,respite.sf@gmail.com,陳四輝,20250101.0,20261231.0,20241030 09:40:19
愛護家健康事業股份有限公司附設臺北市私立愛護家居家長照機構,1V0100008,1,臺北市,中山區,臺北市中山區晴光里中山北路3段31號7樓之1,121.5225296021,25.0657024384,A,個案管理服務,臺北市,中正區,02-2599-5665,vera@inursingplus.com,張淑貞,20250101.0,20261231.0,20241231 18:03:40
新北市私立連城老人長期照顧中心(養護型),A10200324,A1,新北市,中和區,新北市中和區板南路337號4樓,121.493850708,24.9981784821,B,喘息服務,新北市,板橋區;三重區;中和區;永和區;新莊區;新店區;樹林區;鶯歌區;三峽區;淡水區;汐止區;瑞芳區;土城區;蘆洲區;五股區;泰山區;林口區;深坑區;石碇區;坪林區;三芝區;石門區;八里區;平溪區;雙溪區;貢寮區;金山區;萬里區;烏來區,02-22479996,seedling337@gmail.com,羅至宏,20250101.0,20271231.0,20250106 08:47:25
同仁院醫療財團法人附設居家護理所,B10100048,B1,臺北市,萬華區,臺北市萬華區騰雲里中華路2段606巷6號,121.5098190308,25.0239982605,B,專業照護服務,臺北市,中正區;萬華區,02-23059292*603,wanhwahc88@yahoo.com.tw,黃懿維,20180301.0,20241231.0,20241018 16:38:43
泰安醫院,B20100027,B2,臺北市,中山區,臺北市中山區新生里民權東路2段92巷2-1號,121.5315551758,25.0614681244,B,喘息服務,臺北市,中山區,02-25671855,gracefuber@gmail.com,應堃煇,20180301.0,20201231.0,20190808 11:20:50
慈英居家護理所,B10200075,B1,新北市,泰山區,新北市泰山區貴子路9巷10弄6號,121.4255828857,25.0426712036,B,專業照護服務,新北市,新莊區;樹林區;五股區;泰山區,(02)29020075,e233947@yahoo.com.tw,陸芙英,20220101.0,20241231.0,20220315 09:56:12
愛護家健康事業股份有限公司附設臺北市私立愛護家居家長照機構,1V0100008,1,臺北市,中山區,臺北市中山區晴光里中山北路3段31號7樓之1,121.5225296021,25.0657024384,B,專業照護服務,新北市,板橋區;三重區;中和區;永和區;淡水區;蘆洲區,02-2599-5665,vera@inursingplus.com,張淑貞,20220509.0,20241231.0,20220510 15:59:26
愛護家健康事業股份有限公司附設臺北市私立愛護家居家長照機構,1V0100008,1,臺北市,中山區,臺北市中山區晴光里中山北路3段31號7樓之1,121.5225296021,25.0657024384,B,喘息服務,新北市,板橋區;三重區;淡水區;蘆洲區,02-2599-5665,vera@inursingplus.com,張淑貞,20250101.0,20271231.0,20241224 11:30:16
愛護家健康事業股份有限公司附設臺北市私立愛護家居家長照機構,1V0100008,1,臺北市,中山區,臺北市中山區晴光里中山北路3段31號7樓之1,121.5225296021,25.0657024384,A,個案管理服務,臺北市,中正區,02-2599-5665,vera@inursingplus.com,張淑貞,20240501.0,20241231.0,20240430 11:46:48
愛護家健康事業股份有限公司附設臺北市私立愛護家居家長照機構,1V0100008,1,臺北市,中山區,臺北市中山區晴光里中山北路3段31號7樓之1,121.5225296021,25.0657024384,B,居家服務,臺北市,松山區;信義區;大安區;中山區;中正區;大同區;萬華區;文山區;南港區;內湖區;士林區;北投區,02-2599-5665,vera@inursingplus.com,張淑貞,20240101.0,20261231.0,20231229 10:08:59
同仁院醫療財團法人附設居家護理所,B10100048,B1,臺北市,萬華區,臺北市萬華區騰雲里中華路2段606巷6號,121.5098190308,25.0239982605,B,專業照護服務,臺北市,中正區;萬華區,02-23059292*603,wanhwahc88@yahoo.com.tw,黃懿維,20250101.0,20261231.0,20241018 16:39:53
同仁醫療財團法人萬華醫院,B20100026,B2,臺北市,萬華區,臺北市萬華區騰雲里中華路2段606巷6號,121.5098190308,25.0239982605,B,專業照護服務,臺北市,松山區;信義區;大安區;中山區;中正區;大同區;萬華區;文山區;南港區;內湖區;士林區;北投區,02-23059292*603,ffhikaru@gmail.com,蕭竹生,20180301.0,20211231.0,20201203 09:23:44
臺北市私立暖心居家長照機構,1X0100010,1,臺北市,萬華區,臺北市萬華區壽德里萬大路323號7樓702室,121.5004806519,25.0245800018,B,居家服務,臺北市,松山區;信義區;大安區;中山區;中正區;大同區;萬華區;文山區;南港區;內湖區;士林區;北投區,02-77515315 ,alto902242@gmail.com,方琇慧,20190702.0,20211231.0,20201203 16:17:47
臺北市私立暖心居家長照機構,1X0100010,1,臺北市,萬華區,臺北市萬華區壽德里萬大路323號7樓702室,121.5004806519,25.0245800018,B,居家服務,臺北市,中正區;大同區;萬華區;士林區,02-77515315 ,alto902242@gmail.com,方琇慧,20240101.0,20261231.0,20231229 18:44:14
臺北市私立暖心居家長照機構,1X0100010,1,臺北市,萬華區,臺北市萬華區壽德里萬大路323號7樓702室,121.5004806519,25.0245800018,B,喘息服務,臺北市,中正區;大同區;萬華區;士林區,02-77515315 ,alto902242@gmail.com,方琇慧,20250101.0,20261231.0,20241120 10:53:18
新北市私立長勤老人長期照顧中心(養護型),A10200325,A1,新北市,三芝區,新北市三芝區長勤街63號,121.4998626709,25.2559719086,B,喘息服務,新北市,板橋區;三重區;中和區;永和區;新莊區;新店區;樹林區;鶯歌區;三峽區;淡水區;汐止區;瑞芳區;土城區;蘆洲區;五股區;泰山區;林口區;深坑區;石碇區;坪林區;三芝區;石門區;八里區;平溪區;雙溪區;貢寮區;金山區;萬里區;烏來區,02-26366887,longgreencare@gmail.com,高唯斯,20250101.0,20271231.0,20250103 15:00:21
C+ 社團法人台北市向日葵慈善協會,BE0100057,BE,臺北市,松山區,臺北市松山區東勢里南京東路4段133巷7弄9號1樓,121.5554275513,25.0525875092,B,喘息服務,臺北市,松山區;大同區;萬華區,8770-6501 #17,respite.sf@gmail.com,陳四輝,20180131.0,20241231.0,20230206 10:44:13
愛護家健康事業股份有限公司附設臺北市私立愛護家居家長照機構,1V0100008,1,臺北市,中山區,臺北市中山區晴光里中山北路3段31號7樓之1,121.5225296021,25.0657024384,B,專業照護服務,臺北市,松山區;信義區;大安區;中山區;中正區;大同區;萬華區;文山區;南港區;內湖區;士林區;北投區,02-2599-5665,vera@inursingplus.com,張淑貞,20190717.0,20241231.0,20221229 22:49:51
愛護家健康事業股份有限公司附設臺北市私立愛護家居家長照機構,1V0100008,1,臺北市,中山區,臺北市中山區晴光里中山北路3段31號7樓之1,121.5225296021,25.0657024384,B,專業照護服務,新北市,板橋區;三重區;中和區;永和區;淡水區;蘆洲區,02-2599-5665,vera@inursingplus.com,張淑貞,20250101.0,20271231.0,20241224 11:30:44
財團法人中華民國佛教慈濟慈善事業基金會,BE0100052,BE,臺北市,信義區,臺北市信義區永吉里永吉里松隆路327號,121.5787506104,25.0484046936,C,巷弄長照站,臺北市,信義區,937903855,sayyes103@gmail.com,釋證嚴,20190101.0,20211231.0,20210412 14:27:47
國泰醫療財團法人國泰綜合醫院附設居家護理所,B10100052,B1,臺北市,大安區,臺北市大安區敦煌里仁愛路4段280號第一分館(B2F),121.5548171997,25.0364532471,B,專業照護服務,臺北市,松山區;信義區;大安區;中正區,02-27082121*3956、3959,273118@cgh.org.tw,洪怡蘋,20180131.0,20241231.0,20241018 16:47:53
愛護家健康事業股份有限公司附設臺北市私立愛護家居家長照機構,1V0100008,1,臺北市,中山區,臺北市中山區晴光里中山北路3段31號7樓之1,121.5225296021,25.0657024384,A,個案管理服務,臺北市,中正區,02-2599-5665,vera@inursingplus.com,張淑貞,20250101.0,20261231.0,20241231 18:04:52
愛護家健康事業股份有限公司附設臺北市私立愛護家居家長照機構,1V0100008,1,臺北市,中山區,臺北市中山區晴光里中山北路3段31號7樓之1,121.5225296021,25.0657024384,B,喘息服務,臺北市,松山區;信義區;大安區;中山區;中正區;大同區;萬華區;文山區;南港區;內湖區;士林區;北投區,02-2599-5665,vera@inursingplus.com,張淑貞,20240126.0,20241231.0,20240129 11:01:53
樂福健康事業有限公司附設臺北市私立樂福居家長照機構,1R0100008,1,臺北市,大同區,臺北市大同區永樂里西寧北路81號5樓之2,121.5088577271,25.0561103821,A,個案管理服務,臺北市,北投區,0225598079,lovefu0514@gmail.com,吳海銘,20231012.0,20241231.0,20231011 15:31:46
樂福健康事業有限公司附設臺北市私立樂福居家長照機構,1R0100008,1,臺北市,大同區,臺北市大同區永樂里西寧北路81號5樓之2,121.5088577271,25.0561103821,B,居家服務,新北市,板橋區;三重區;中和區;永和區,0225598079,lovefu0514@gmail.com,吳海銘,20250101.0,20271231.0,20250110 10:57:49
樂福健康事業有限公司附設臺北市私立樂福居家長照機構,1R0100008,1,臺北市,大同區,臺北市大同區永樂里西寧北路81號5樓之2,121.5088577271,25.0561103821,A,個案管理服務,臺北市,北投區,0225598079,lovefu0514@gmail.com,吳海銘,20250101.0,20261231.0,20241231 18:01:18
曉依語言治療所,B70200003,B7,新北市,新莊區,新北市新莊區中央路303號3樓,121.4514312744,25.0588188171,B,專業照護服務,新北市,新莊區;泰山區,922024698,hsiaoyist@gmail.com,陳曉依,20220101.0,20241231.0,20220321 14:42:41
財團法人一粒麥子社會福利慈善事業基金會(中正國宅社區照顧關懷據點),BE0100054,BE,臺北市,萬華區,臺北市萬華區青年路52號1樓之2,121.5034942627,25.0254840851,B,喘息服務,臺北市,中正區;萬華區,02-2309-0660,liz@wheat.org.tw,呂信雄,20180131.0,20221231.0,20220407 13:34:42
愛護家健康事業股份有限公司附設臺北市私立愛護家居家長照機構,1V0100008,1,臺北市,中山區,臺北市中山區晴光里中山北路3段31號7樓之1,121.5225296021,25.0657024384,B,專業照護服務,臺北市,松山區;信義區;大安區;中山區;中正區;大同區;萬華區;文山區;南港區;內湖區;士林區;北投區,02-2599-5665,vera@inursingplus.com,張淑貞,20250101.0,20261231.0,20241030 19:40:08
幸福物理治療所,B40100017,B4,臺北市,萬華區,臺北市萬華區雙園里西園路二段13巷12號,121.4982299805,25.0317325592,B,專業照護服務(CC01),新北市,板橋區;三重區;中和區;永和區;新莊區;新店區;樹林區;鶯歌區;三峽區;淡水區;汐止區;瑞芳區;土城區;蘆洲區;五股區;泰山區;林口區;深坑區;石碇區;八里區;金山區;萬里區,(02)23020306,kilaerhazard@gmail.com,李駿鴻,20250101.0,20271231.0,20241224 11:21:18
樂福健康事業有限公司附設臺北市私立樂福居家長照機構,1R0100008,1,臺北市,大同區,臺北市大同區永樂里西寧北路81號5樓之2,121.5088577271,25.0561103821,A,個案管理服務,臺北市,士林區,0225598079,lovefu0514@gmail.com,吳海銘,20250101.0,20261231.0,20241231 17:57:44
樂福健康事業有限公司附設臺北市私立樂福居家長照機構,1R0100008,1,臺北市,大同區,臺北市大同區永樂里西寧北路81號5樓之2,121.5088577271,25.0561103821,A,個案管理服務,臺北市,士林區,0225598079,lovefu0514@gmail.com,吳海銘,20240826.0,20241231.0,20241220 13:24:19
財團法人中華民國佛教慈濟慈善事業基金會臺北市私立慈濟居家長照機構,1S0100011,1,臺北市,萬華區,臺北市萬華區莒光路222號5樓,121.50025177,25.0313358307,B,居家服務,臺北市,松山區;信義區;大安區;中山區;中正區;大同區;萬華區;文山區;南港區;內湖區;士林區;北投區,02-23023479,Ltc000517@tzuchi.org.tw,釋證嚴,20240101.0,20261231.0,20231229 10:33:55
福康居家護理所,B10200077,B1,新北市,土城區,新北市土城區學享街58號9樓之9,121.4522323608,24.9863758087,B,專業照護服務,新北市,板橋區;中和區;新莊區;樹林區;土城區,02-82625224,cicic50@gmail.com,張慧娟,20220101.0,20241231.0,20220318 08:45:52
愛護家健康事業股份有限公司附設臺北市私立愛護家居家長照機構,1V0100008,1,臺北市,中山區,臺北市中山區晴光里中山北路3段31號7樓之1,121.5225296021,25.0657024384,B,居家服務,臺北市,松山區;信義區;大安區;中山區;中正區;大同區;萬華區;文山區;南港區;內湖區;士林區;北投區,02-2599-5665,vera@inursingplus.com,張淑貞,20190710.0,20211231.0,20201203 16:45:21
愛護家健康事業股份有限公司附設臺北市私立愛護家居家長照機構,1V0100008,1,臺北市,中山區,臺北市中山區晴光里中山北路3段31號7樓之1,121.5225296021,25.0657024384,B,居家服務,臺北市,松山區;信義區;大安區;中山區;中正區;大同區;萬華區;文山區;南港區;內湖區;士林區;北投區,02-2599-5665,vera@inursingplus.com,張淑貞,20210101.0,20231231.0,20211230 16:00:50
愛護家健康事業股份有限公司附設臺北市私立愛護家居家長照機構,1V0100008,1,臺北市,中山區,臺北市中山區晴光里中山北路3段31號7樓之1,121.5225296021,25.0657024384,B,居家服務,新北市,板橋區;三重區;淡水區;蘆洲區,02-2599-5665,vera@inursingplus.com,張淑貞,20250101.0,20271231.0,20241224 11:29:50
愛護家健康事業股份有限公司附設臺北市私立愛護家居家長照機構,1V0100008,1,臺北市,中山區,臺北市中山區晴光里中山北路3段31號7樓之1,121.5225296021,25.0657024384,A,個案管理服務,臺北市,中正區,02-2599-5665,vera@inursingplus.com,張淑貞,20241223.0,20241231.0,20241220 18:00:14
愛護家健康事業股份有限公司附設臺北市私立愛護家居家長照機構,1V0100008,1,臺北市,中山區,臺北市中山區晴光里中山北路3段31號7樓之1,121.5225296021,25.0657024384,B,喘息服務,臺北市,松山區;信義區;大安區;中山區;中正區;大同區;萬華區;文山區;南港區;內湖區;士林區;北投區,02-2599-5665,vera@inursingplus.com,張淑貞,20250101.0,20261231.0,20241030 19:40:33
財團法人中華民國佛教慈濟慈善事業基金會臺北市私立慈濟居家長照機構,1S0100011,1,臺北市,萬華區,臺北市萬華區莒光路222號5樓,121.50025177,25.0313358307,B,居家服務,臺北市,松山區;信義區;大安區;中山區;中正區;大同區;萬華區;文山區;南港區;內湖區;士林區;北投區,02-23023479,Ltc000517@tzuchi.org.tw,釋證嚴,20190621.0,20231231.0,20220209 15:18:54
財團法人中華民國佛教慈濟慈善事業基金會臺北市私立慈濟居家長照機構,1S0100011,1,臺北市,萬華區,臺北市萬華區莒光路222號5樓,121.50025177,25.0313358307,B,喘息服務,臺北市,松山區;信義區;大安區;中山區;中正區;大同區;萬華區;文山區;南港區;內湖區;士林區;北投區,02-23023479,Ltc000517@tzuchi.org.tw,釋證嚴,20250101.0,20261231.0,20241104 18:38:14
盤古銀髮股份有限公司附設臺北市私立家倍安居家長照機構,1V0100009,1,臺北市,大同區,臺北市大同區民權里民權西路118巷12號1樓,121.5168151855,25.0622806549,B,居家服務,臺北市,中山區;中正區;大同區;萬華區;士林區,25539986,nancy.bear@lapangu.com.tw,林偉正,20240101.0,20261231.0,20240506 17:55:00
盤古銀髮股份有限公司附設臺北市私立家倍安居家長照機構,1V0100009,1,臺北市,大同區,臺北市大同區民權里民權西路118巷12號1樓,121.5168151855,25.0622806549,B,喘息服務,臺北市,中山區;中正區;大同區;萬華區;士林區,25539986,nancy.bear@lapangu.com.tw,林偉正,20250101.0,20261231.0,20241120 10:28:12
臺北市內湖區安泰里社區發展協會 ,BF0100087,BF,臺北市,內湖區,臺北市內湖區安泰里安泰街65巷5號,121.617149353,25.0749740601,C,巷弄長照站,臺北市,內湖區,,antai.assn@gmail.com,鐘虹期,20190101.0,20211231.0,20210408 17:42:00
永愛居家長照有限公司附設新北市私立永愛居家長照機構,1X0200019,1,新北市,汐止區,新北市汐止區復興里新台五路一段159號14樓,121.6567840576,25.0633678436,B,喘息服務,臺北市,中山區;南港區;內湖區,02-26430199,999younai@gmail.com,王薏茹,20200609.0,20241231.0,20221229 21:34:28
永愛居家長照有限公司附設新北市私立永愛居家長照機構,1X0200019,1,新北市,汐止區,新北市汐止區復興里新台五路一段159號14樓,121.6567840576,25.0633678436,B,居家服務,新北市,汐止區,02-26430199,999younai@gmail.com,王薏茹,20250101.0,20271231.0,20241224 13:50:06
財團法人中華民國佛教慈濟慈善事業基金會臺北市私立慈濟居家長照機構,1S0100011,1,臺北市,萬華區,臺北市萬華區莒光路222號5樓,121.50025177,25.0313358307,A,個案管理服務,臺北市,南港區,02-23023479,Ltc000517@tzuchi.org.tw,釋證嚴,20250101.0,20261231.0,20241231 17:56:08
樂福健康事業有限公司附設臺北市私立樂福居家長照機構,1R0100008,1,臺北市,大同區,臺北市大同區永樂里西寧北路81號5樓之2,121.5088577271,25.0561103821,A,個案管理服務,臺北市,大同區,0225598079,lovefu0514@gmail.com,吳海銘,20250101.0,20261231.0,20241231 17:59:23
樂福健康事業有限公司附設臺北市私立樂福居家長照機構,1R0100008,1,臺北市,大同區,臺北市大同區永樂里西寧北路81號5樓之2,121.5088577271,25.0561103821,B,喘息服務,臺北市,松山區;中山區;中正區;大同區;萬華區,0225598079,lovefu0514@gmail.com,吳海銘,20190723.0,20241231.0,20221229 22:08:34
樂福健康事業有限公司附設臺北市私立樂福居家長照機構,1R0100008,1,臺北市,大同區,臺北市大同區永樂里西寧北路81號5樓之2,121.5088577271,25.0561103821,B,居家服務,臺北市,松山區;信義區;大安區;中山區;中正區;大同區;萬華區;文山區;南港區;內湖區;士林區;北投區,0225598079,lovefu0514@gmail.com,吳海銘,20190604.0,20231231.0,20220215 09:55:59
幸福物理治療所,B40100017,B4,臺北市,萬華區,臺北市萬華區雙園里西園路二段13巷12號,121.4982299805,25.0317325592,B,專業照護服務,臺北市,松山區;信義區;大安區;中山區;中正區;大同區;萬華區;文山區;南港區;內湖區;士林區;北投區,(02)23020306,kilaerhazard@gmail.com,李駿鴻,20190101.0,20241231.0,20221229 22:18:53
幸福物理治療所,B40100017,B4,臺北市,萬華區,臺北市萬華區雙園里西園路二段13巷12號,121.4982299805,25.0317325592,B,專業照護服務,新北市,板橋區;三重區;中和區;永和區;新莊區;新店區;樹林區;鶯歌區;三峽區;淡水區;汐止區;瑞芳區;土城區;蘆洲區;五股區;泰山區;林口區;深坑區;石碇區;八里區;金山區;萬里區,(02)23020306,kilaerhazard@gmail.com,李駿鴻,20220101.0,20241231.0,20220210 15:27:13
幸福物理治療所,B40100017,B4,臺北市,萬華區,臺北市萬華區雙園里西園路二段13巷12號,121.4982299805,25.0317325592,B,專業照護服務(CC01),新北市,板橋區;三重區;中和區;永和區;新莊區;新店區;樹林區;鶯歌區;三峽區;淡水區;汐止區;瑞芳區;土城區;蘆洲區;五股區;泰山區;林口區;深坑區;石碇區;坪林區;三芝區;石門區;八里區;平溪區;雙溪區;貢寮區;金山區;萬里區;烏來區,(02)23020306,kilaerhazard@gmail.com,李駿鴻,20220101.0,20241231.0,20230802 17:19:14
幸福物理治療所,B40100017,B4,臺北市,萬華區,臺北市萬華區雙園里西園路二段13巷12號,121.4982299805,25.0317325592,B,專業照護服務,臺北市,松山區;信義區;大安區;中山區;中正區;大同區;萬華區;文山區;南港區;內湖區;士林區;北投區,(02)23020306,kilaerhazard@gmail.com,李駿鴻,20250101.0,20261231.0,20241025 10:07:48
幸福物理治療所,B40100017,B4,臺北市,萬華區,臺北市萬華區雙園里西園路二段13巷12號,121.4982299805,25.0317325592,B,專業照護服務,新北市,板橋區;三重區;中和區;永和區;新莊區;新店區;樹林區;鶯歌區;三峽區;淡水區;汐止區;瑞芳區;土城區;蘆洲區;五股區;泰山區;林口區;深坑區;石碇區;八里區;金山區;萬里區,(02)23020306,kilaerhazard@gmail.com,李駿鴻,20250101.0,20271231.0,20241224 11:20:55
樂福健康事業有限公司附設臺北市私立樂福居家長照機構,1R0100008,1,臺北市,大同區,臺北市大同區永樂里西寧北路81號5樓之2,121.5088577271,25.0561103821,B,喘息服務,臺北市,松山區;中山區;中正區;大同區;萬華區,0225598079,lovefu0514@gmail.com,吳海銘,20250101.0,20261231.0,20241122 15:07:23
樂福健康事業有限公司附設臺北市私立樂福居家長照機構,1R0100008,1,臺北市,大同區,臺北市大同區永樂里西寧北路81號5樓之2,121.5088577271,25.0561103821,A,個案管理服務,臺北市,大同區,0225598079,lovefu0514@gmail.com,吳海銘,20230424.0,20241231.0,20230425 17:04:30
樂福健康事業有限公司附設臺北市私立樂福居家長照機構,1R0100008,1,臺北市,大同區,臺北市大同區永樂里西寧北路81號5樓之2,121.5088577271,25.0561103821,A,個案管理服務,臺北市,中山區,0225598079,lovefu0514@gmail.com,吳海銘,20230424.0,20241231.0,20230425 17:04:50
耆康實業有限公司附設臺北市私立小太陽居家長照機構,1R0100010,1,臺北市,松山區,臺北市松山區自強里三民路35巷9號2樓,121.5624694824,25.0553207397,B,喘息服務,臺北市,松山區;信義區;大安區;中山區;中正區;大同區;萬華區;文山區;南港區;內湖區;士林區;北投區,27420058,tw.softlife@gmail.com,嚴成茂,20250101.0,20261231.0,20241122 18:29:42
臺北市政府社會局委託社團法人中華民國紅心字會經營管理臺北市信義老人服務中心,2R0100004,2,臺北市,信義區,臺北市信義區大仁里大道路116號5樓之3,121.5675430298,25.0433940887,B,日間照顧服務,臺北市,松山區;信義區;大安區;中山區;中正區;大同區;萬華區;文山區;南港區;內湖區;士林區;北投區,02-87870300,xinyitw@yahoo.com.tw,劉緒倫,20180101.0,20191231.0,20190725 15:14:29
盤古銀髮股份有限公司附設臺北市私立家倍安居家長照機構,1V0100009,1,臺北市,大同區,臺北市大同區民權里民權西路118巷12號1樓,121.5168151855,25.0622806549,B,居家服務,臺北市,松山區;信義區;大安區;中山區;中正區;大同區;萬華區;文山區;南港區;內湖區;士林區;北投區,25539986,nancy.bear@lapangu.com.tw,林偉正,20190815.0,20231231.0,20220104 18:20:06
台北市基督教道生長老會唭哩岸全人關懷協會,BE0100058,BE,臺北市,北投區,臺北市北投區尊賢里尊賢街264巷1號,121.5071792603,25.1174583435,C,巷弄長照站,臺北市,北投區,,fortisjohnson@gmail.com,蘇清志,20200101.0,20211231.0,20210412 11:04:39
臺北市政府社會局委託社團法人中華民國紅心字會經營管理臺北市信義老人服務中心,2R0100004,2,臺北市,信義區,臺北市信義區大仁里大道路116號5樓之3,121.5675430298,25.0433940887,B,日間照顧服務,臺北市,松山區;信義區;大安區;中山區;中正區;大同區;萬華區;文山區;南港區;內湖區;士林區;北投區,02-87870300,xinyitw@yahoo.com.tw,劉緒倫,20200101.0,20201231.0,20201204 10:27:57
臺北市政府社會局委託社團法人中華民國紅心字會經營管理臺北市信義老人服務中心,2R0100004,2,臺北市,信義區,臺北市信義區大仁里大道路116號5樓之3,121.5675430298,25.0433940887,B,日間照顧服務,臺北市,松山區;信義區;大安區;中山區;中正區;大同區;萬華區;文山區;南港區;內湖區;士林區;北投區,02-87870300,xinyitw@yahoo.com.tw,劉緒倫,20210101.0,20221231.0,20210201 13:53:02
財團法人新北市私立雙連社會福利慈善事業基金會附設新北市新莊昌平社區長照機構,2S0200021,2,新北市,新莊區,新北市新莊區昌平里中央路51號2樓,121.4569778442,25.0585861206,B,營養餐飲服務,新北市,新莊區,02-85217872#316,joanna@slswf.org.tw,蔡政道,20220101.0,20241231.0,20220323 14:01:18
永愛居家長照有限公司附設新北市私立永愛居家長照機構,1X0200019,1,新北市,汐止區,新北市汐止區復興里新台五路一段159號14樓,121.6567840576,25.0633678436,B,居家服務,臺北市,松山區;南港區;內湖區,02-26430199,999younai@gmail.com,王薏茹,20200518.0,20261231.0,20231229 16:44:22
永愛居家長照有限公司附設新北市私立永愛居家長照機構,1X0200019,1,新北市,汐止區,新北市汐止區復興里新台五路一段159號14樓,121.6567840576,25.0633678436,B,喘息服務,臺北市,松山區;南港區;內湖區,02-26430199,999younai@gmail.com,王薏茹,20250101.0,20261231.0,20241122 15:30:45
耆康實業有限公司附設臺北市私立小太陽居家長照機構,1R0100010,1,臺北市,松山區,臺北市松山區自強里三民路35巷9號2樓,121.5624694824,25.0553207397,B,喘息服務,臺北市,松山區;信義區;大安區;中山區;中正區;大同區;萬華區;文山區;南港區;內湖區;士林區;北投區,27420058,tw.softlife@gmail.com,嚴成茂,20191025.0,20241231.0,20221230 18:30:17
臺北市政府社會局委託社團法人中華民國紅心字會經營管理臺北市信義老人服務中心,2R0100004,2,臺北市,信義區,臺北市信義區大仁里大道路116號5樓之3,121.5675430298,25.0433940887,B,營養餐飲服務,臺北市,信義區,02-87870300,xinyitw@yahoo.com.tw,劉緒倫,20170101.0,20211231.0,20201230 16:59:33
財團法人新北市私立雙連社會福利慈善事業基金會附設新北市新莊昌平社區長照機構,2S0200021,2,新北市,新莊區,新北市新莊區昌平里中央路51號2樓,121.4569778442,25.0585861206,B,日間照顧服務,新北市,新莊區,02-85217872#316,joanna@slswf.org.tw,蔡政道,20250101.0,20271231.0,20241218 14:02:16
臺北市政府社會局委託佳醫長照社團法人經營管理臺北市兆如老人安養護中心,A10100161,A1,臺北市,文山區,臺北市文山區政大二街129號,121.5841903687,24.989315033,B,日間照顧服務,臺北市,松山區;信義區;大安區;中山區;中正區;大同區;萬華區;文山區;南港區;內湖區;士林區;北投區,0222258688,wenliyun12@gmail.com,蘇秀鑾,20231002.0,20261231.0,20240102 18:52:35
樂福健康事業有限公司附設臺北市私立樂福居家長照機構,1R0100008,1,臺北市,大同區,臺北市大同區永樂里西寧北路81號5樓之2,121.5088577271,25.0561103821,B,居家服務,臺北市,松山區;信義區;大安區;中山區;中正區;大同區;萬華區;文山區;南港區;內湖區;士林區;北投區,0225598079,lovefu0514@gmail.com,吳海銘,20240101.0,20261231.0,20231229 18:32:26
樂福健康事業有限公司附設臺北市私立樂福居家長照機構,1R0100008,1,臺北市,大同區,臺北市大同區永樂里西寧北路81號5樓之2,121.5088577271,25.0561103821,A,個案管理服務,臺北市,中山區,0225598079,lovefu0514@gmail.com,吳海銘,20250101.0,20261231.0,20241231 18:00:15
樂福健康事業有限公司附設臺北市私立樂福居家長照機構,1R0100008,1,臺北市,大同區,臺北市大同區永樂里西寧北路81號5樓之2,121.5088577271,25.0561103821,B,喘息服務,新北市,板橋區;三重區;中和區;永和區,0225598079,lovefu0514@gmail.com,吳海銘,20250101.0,20271231.0,20250110 11:00:50
財團法人一粒麥子社會福利慈善事業基金會(中正國宅社區照顧關懷據點),BE0100054,BE,臺北市,萬華區,臺北市萬華區青年路52號1樓之2,121.5034942627,25.0254840851,B,喘息服務,臺北市,松山區;信義區;大安區;中山區;中正區;大同區;萬華區;文山區;南港區;內湖區;士林區;北投區,02-2309-0660,liz@wheat.org.tw,呂信雄,20190101.0,20241231.0,20241105 19:21:59
財團法人新北市私立雙連社會福利慈善事業基金會附設新北市新莊頭前社區長照機構,2S0200022,2,新北市,新莊區,新北市新莊區思賢里長青街30號1至3樓,121.4565429688,25.0423221588,B,日間照顧服務,新北市,新莊區,02-85217872#316,joanna@slswf.org.tw,蔡政道,20250101.0,20271231.0,20241205 10:41:45
佳藥長照藥局,B30200020,B3,新北市,淡水區,新北市淡水區學府路75號1樓,121.4483795166,25.1699790955,B,專業照護服務,新北市,淡水區,02-26211321,jiayao1321@gmail.com,張倪芳,20250101.0,20271231.0,20241218 14:39:43
上新居家職能治療所,B50200004,B5,新北市,新莊區,新北市新莊區福美街62巷6號15樓,121.4614868164,25.0547332764,B,專業照護服務(CC01),新北市,板橋區;三重區;中和區;永和區;新莊區;新店區;樹林區;鶯歌區;三峽區;淡水區;汐止區;瑞芳區;土城區;蘆洲區;五股區;泰山區;林口區;深坑區;石碇區;坪林區;三芝區;石門區;八里區;平溪區;雙溪區;貢寮區;金山區;萬里區;烏來區,0987088845,npyuan0713@yahoo.com.tw,袁寧蘋,20220101.0,20241231.0,20230802 17:19:14
上新居家職能治療所,B50200004,B5,新北市,新莊區,新北市新莊區福美街62巷6號15樓,121.4614868164,25.0547332764,B,專業照護服務,新北市,板橋區;三重區;中和區;永和區;新莊區;新店區;樹林區;鶯歌區;三峽區;淡水區;汐止區;瑞芳區;土城區;蘆洲區;五股區;泰山區;林口區;深坑區;石碇區;坪林區;三芝區;石門區;八里區;平溪區;雙溪區;貢寮區;金山區;萬里區;烏來區,0987088845,npyuan0713@yahoo.com.tw,袁寧蘋,20250101.0,20271231.0,20241220 09:48:47
財團法人中華民國佛教慈濟慈善事業基金會臺北市私立慈濟居家長照機構,1S0100011,1,臺北市,萬華區,臺北市萬華區莒光路222號5樓,121.50025177,25.0313358307,B,喘息服務,臺北市,松山區;信義區;大安區;中山區;中正區;大同區;萬華區;文山區;南港區;內湖區;士林區;北投區,02-23023479,Ltc000517@tzuchi.org.tw,釋證嚴,20240122.0,20241231.0,20240123 09:16:10
財團法人中華民國佛教慈濟慈善事業基金會臺北市私立慈濟居家長照機構,1S0100011,1,臺北市,萬華區,臺北市萬華區莒光路222號5樓,121.50025177,25.0313358307,A,個案管理服務,臺北市,南港區,02-23023479,Ltc000517@tzuchi.org.tw,釋證嚴,20230101.0,20241231.0,20230208 09:00:53
台灣真善美居服股份有限公司附設新北市私立真善美居家長照機構,1V0200004,1,新北市,板橋區,新北市板橋區民生路一段3號16樓之3(H室),121.4620285034,25.0154628754,A,個案管理服務,新北市,板橋區;新莊區;淡水區,8969-8032,tgn82848095@gmail.com,王慧中,20250101.0,20250630.0,20241231 14:34:27
臺北市私立暖心居家長照機構,1X0100010,1,臺北市,萬華區,臺北市萬華區壽德里萬大路323號7樓702室,121.5004806519,25.0245800018,B,喘息服務,臺北市,松山區;信義區;大安區;中山區;中正區;大同區;萬華區;文山區;南港區;內湖區;士林區;北投區,02-77515315 ,alto902242@gmail.com,方琇慧,20190601.0,20241231.0,20221229 22:55:43
臺北市私立暖心居家長照機構,1X0100010,1,臺北市,萬華區,臺北市萬華區壽德里萬大路323號7樓702室,121.5004806519,25.0245800018,B,居家服務,臺北市,中正區;大同區;萬華區;士林區,02-77515315 ,alto902242@gmail.com,方琇慧,20220101.0,20231231.0,20211125 11:42:00
永愛居家長照有限公司附設新北市私立永愛居家長照機構,1X0200019,1,新北市,汐止區,新北市汐止區復興里新台五路一段159號14樓,121.6567840576,25.0633678436,B,喘息服務,新北市,汐止區,02-26430199,999younai@gmail.com,王薏茹,20250101.0,20271231.0,20241224 13:50:25
社團法人中華兩岸養老產業發展協會附設新北市私立板橋海山社區長照機構,2R0200003,2,新北市,板橋區,新北市板橋區深丘里長安街253號1樓及2樓,121.4727859497,25.0102138519,B,日間照顧服務,新北市,板橋區;三重區;中和區;永和區;新莊區;樹林區;土城區,02-89520151,haishan201410@gmail.com,黃明發,20250101.0,20271231.0,20241219 14:08:08
社團法人中華兩岸養老產業發展協會附設新北市私立板橋海山社區長照機構,2R0200003,2,新北市,板橋區,新北市板橋區深丘里長安街253號1樓及2樓,121.4727859497,25.0102138519,B,喘息服務,新北市,板橋區;三重區;中和區;永和區;新莊區;樹林區;土城區,02-89520151,haishan201410@gmail.com,黃明發,20250101.0,20271231.0,20241219 14:08:46
財團法人新北市私立雙連社會福利慈善事業基金會附設新北市新莊頭前社區長照機構,2S0200022,2,新北市,新莊區,新北市新莊區思賢里長青街30號1至3樓,121.4565429688,25.0423221588,B,喘息服務,新北市,新莊區,02-85217872#316,joanna@slswf.org.tw,蔡政道,20250101.0,20271231.0,20241205 10:42:12
盤古銀髮股份有限公司附設臺北市私立家倍安居家長照機構,1V0100009,1,臺北市,大同區,臺北市大同區民權里民權西路118巷12號1樓,121.5168151855,25.0622806549,B,喘息服務,臺北市,松山區;信義區;大安區;中山區;中正區;大同區;萬華區;文山區;南港區;內湖區;士林區;北投區,25539986,nancy.bear@lapangu.com.tw,林偉正,20200917.0,20241231.0,20221229 21:50:38
財團法人耕莘文教基金會,BF0100089,BF,臺北市,中正區,臺北市中正區文盛里辛亥路1段22號4樓,121.5289077759,25.018913269,C,巷弄長照站,臺北市,中正區,,yvonne@tiencf.org.tw,饒志成,20190101.0,20211231.0,20210408 16:41:31
財團法人新北市私立雙連社會福利慈善事業基金會附設新北市新莊昌平社區長照機構,2S0200021,2,新北市,新莊區,新北市新莊區昌平里中央路51號2樓,121.4569778442,25.0585861206,B,營養餐飲服務,新北市,新莊區,02-85217872#316,joanna@slswf.org.tw,蔡政道,20250101.0,20250131.0,20250122 14:42:19
財團法人新北市私立雙連社會福利慈善事業基金會附設新北市新莊昌平社區長照機構,2S0200021,2,新北市,新莊區,新北市新莊區昌平里中央路51號2樓,121.4569778442,25.0585861206,B,喘息服務,新北市,新莊區,02-85217872#316,joanna@slswf.org.tw,蔡政道,20250101.0,20271231.0,20241218 14:02:41
臺北市政府社會局委託佳醫長照社團法人經營管理臺北市兆如老人安養護中心,A10100161,A1,臺北市,文山區,臺北市文山區政大二街129號,121.5841903687,24.989315033,B,日間照顧服務,臺北市,松山區;信義區;大安區;中山區;中正區;大同區;萬華區;文山區;南港區;內湖區;士林區;北投區,0222258688,wenliyun12@gmail.com,蘇秀鑾,20240101.0,20261231.0,20240102 18:58:03
耆康實業有限公司附設臺北市私立小太陽居家長照機構,1R0100010,1,臺北市,松山區,臺北市松山區自強里三民路35巷9號2樓,121.5624694824,25.0553207397,B,居家服務,臺北市,松山區;信義區;大安區;中山區;中正區;大同區;萬華區;文山區;南港區;內湖區;士林區;北投區,27420058,tw.softlife@gmail.com,嚴成茂,20190918.0,20231231.0,20211230 14:52:50
耆康實業有限公司附設臺北市私立小太陽居家長照機構,1R0100010,1,臺北市,松山區,臺北市松山區自強里三民路35巷9號2樓,121.5624694824,25.0553207397,B,居家服務,臺北市,松山區;信義區;大安區;中山區;中正區;大同區;萬華區;文山區;南港區;內湖區;士林區;北投區,27420058,tw.softlife@gmail.com,嚴成茂,20240101.0,20261231.0,20231229 18:43:00
醫療財團法人徐元智先生醫藥基金會亞東紀念醫院(醫事C),B20200043,B2,新北市,板橋區,新北市板橋區華東里南雅南路二段118號1樓,121.4530563354,25.0002307892,C,巷弄長照站,新北市,板橋區,02-77282243,pd20140026@gmail.com,林芳郁,20190401.0,20211231.0,20210525 17:16:04
佳藥長照藥局,B30200020,B3,新北市,淡水區,新北市淡水區學府路75號1樓,121.4483795166,25.1699790955,B,專業照護服務,新北市,淡水區,02-26211321,jiayao1321@gmail.com,張倪芳,20220101.0,20241231.0,20220301 15:33:29
駿德租賃有限公司,BA0200001,BA,新北市,土城區,新北市土城區福仁街60巷1號,121.4393920898,24.9746723175,B,交通接送服務,新北市,板橋區;三重區;中和區;永和區;新莊區;新店區;樹林區;鶯歌區;三峽區;汐止區;瑞芳區;土城區;蘆洲區;五股區;泰山區;林口區;深坑區;石碇區;坪林區;八里區;平溪區;烏來區,02-29514338,qqoo123400@gmail.com,林育德,20250101.0,20271231.0,20241226 11:57:49
東南社區發展協會(社照c),BF0200028,BF,新北市,林口區,新北市林口區東勢里麗園二街1巷4號,121.3774032593,25.0700035095,C,巷弄長照站,新北市,林口區,(02)26095928,seca.org@msa.hinet.net,薛純良,20220101.0,20221231.0,20220503 09:05:04
新北市鶯歌區永昌社區發展協會(社照C),BF0200041,BF,新北市,鶯歌區,新北市鶯歌區永昌里永昌街36-1號,121.3426589966,24.950088501,C,巷弄長照站,新北市,鶯歌區,0919954187,yccu2022@gmail.com,游武雄,20240101.0,20241231.0,20240707 14:32:53
臺北市天母全人關懷協會,BF0100011,BF,臺北市,士林區,臺北市士林區天玉里中山北路7段81巷7樓B2,121.5302658081,25.1218204498,C,巷弄長照站,臺北市,士林區,02-2874-6222#118,lovingcaretianmu0101@gmail.com,曾鼎發,20190101.0,20211231.0,20210407 11:41:28
社團法人中華民國香柏樹長者社區關懷協會台大據點,BE0100018,BE,臺北市,大安區,臺北市大安區大學里新生南路3段86號4、9樓(真理堂),121.5334396362,25.0185871124,C,巷弄長照站,臺北市,大安區,02-23632096#121,kunlin65@gmail.com,楊寧亞,20190101.0,20211231.0,20210407 14:51:34
社團法人臺北市臻佶祥社會服務協會,BE0100022,BE,臺北市,中正區,臺北市中正區忠勤里中華路2段315巷16、18號,121.5069961548,25.0284576416,C,巷弄長照站,臺北市,中正區,02-23036281,tsc1168@yahoo.com.tw,陳鳳珠,20190101.0,20241221.0,20230106 20:32:57
新北市三重區民俗文化協會(社照C),BF0200010,BF,新北市,三重區,新北市三重區承德里龍門路272-1號3樓,121.501449585,25.0741767883,C,巷弄長照站,新北市,三重區,(02)29720878,wendy@fortunetour.net,林玟彣,20220101.0,20231231.0,20230530 18:43:46
社團法人新北市社區工作者協會(社照C),BE0200011,BE,新北市,貢寮區,新北市貢寮區貢寮里29巷14之一號,121.9079284668,25.0190372467,C,巷弄長照站,新北市,貢寮區,(02)24942772,tallest999@gmail.com,黃寧秋,20220101.0,20221231.0,20220503 10:17:16
臺北市大龍峒長青協會,BF0100015,BF,臺北市,大同區,臺北市大同區保安里重慶北路3段313巷25號1樓~2樓,121.5148925781,25.0741767883,C,巷弄長照站,臺北市,大同區,02-25910582,jackalnogg@gmail.com,張斌脈,20190101.0,20211231.0,20210407 14:18:48
社團法人台灣厝邊有愛關懷協會台北和平據點,BE0100017,BE,臺北市,大安區,臺北市大安區龍安里和平東路一段183巷9號,121.5330963135,25.0274276733,C,巷弄長照站,臺北市,大安區,00-23636356,lo1119@ms53.hinet.net,鄭忠仁,20190101.0,20211231.0,20210407 15:55:54
台北市內湖永續發展協會,BF0100036,BF,臺北市,內湖區,臺北市內湖區金龍里金龍路 67 巷 7 號,121.5929794312,25.0857639313,C,巷弄長照站,臺北市,內湖區,02-27908099,tnhsda@gmail.com,鄭允強,20190101.0,20211231.0,20210408 17:47:48
財團法人福智慈善基金會(東湖教室),BD0100038,BD,臺北市,內湖區,臺北市內湖區五分里東湖路106巷2號、6號、8號,121.6154556274,25.0683021545,C,巷弄長照站,臺北市,內湖區,02-26335547,john4721@ymail.com,賴錫源,20190101.0,20211231.0,20210408 17:39:56
財團法人福智慈善基金會(內湖路2段),BD0100041,BD,臺北市,內湖區,臺北市內湖區內湖里內湖路2段484號4樓及482號、484號、486號、488號3樓,121.5932922363,25.084280014,C,巷弄長照站,臺北市,內湖區,02-27963275,j141712@yahoo.com.tw,賴錫源,20190101.0,20211231.0,20210408 17:40:15
財團法人利伯他茲教育基金會(木柵復活堂),BD0100043,BD,臺北市,文山區,臺北市文山區木新里永安街1號,121.5702514648,24.9874591827,C,巷弄長照站,臺北市,文山區,02-2939-4359,ssd@cthyh.org.tw,羅慧兒,20190101.0,20241231.0,20230107 13:00:45
新北市土城區雲溪社區發展協會(社照C),BF0200011,BF,新北市,土城區,新北市土城區清溪里清水路243號1樓,121.4614944458,24.9834327698,C,巷弄長照站,新北市,土城區,(02)82603360,chen570830@yahoo.com.tw,簡碧玲,20220101.0,20221231.0,20220502 16:39:26
社團法人中華培愛全人關懷協會中華培愛全人關懷協會(社照C),BE0200014,BE,新北市,新莊區,新北市新莊區雙鳳里中正路708號3樓,121.4165496826,25.0251464844,C,巷弄長照站,新北市,新莊區,(02)2903-1191,aa0939772905@gmail.com,高恩堂,20240101.0,20241231.0,20240704 15:27:19
財團法人基督教台灣信義會(內湖思恩堂),BD0100042,BD,臺北市,內湖區,臺北市內湖區紫星里康寧路一段62號,121.5921554565,25.0800552368,C,巷弄長照站,臺北市,內湖區,936649973,aa0936649973@gmail.com,吳英賓,20190101.0,20211231.0,20210408 18:05:45
社團法人台灣美滿家庭社區服務協會,BE0100025,BE,臺北市,文山區,臺北市文山區萬興里指南路二11號,121.5756225586,24.9864559174,C,巷弄長照站,臺北市,文山區,952650867,NTURCHIANG@GMAIL.COM,洪英正,20190101.0,20211231.0,20210409 16:03:45
臺北市松山區安平社區發展協會,BF0100052,BF,臺北市,松山區,臺北市松山區安平里寶清街42號2樓,121.5675964355,25.0531578064,C,巷弄長照站,臺北市,松山區,986038688,fredwa88@gmail.com,林沂漀,20190101.0,20211231.0,20210412 11:53:20
社團法人中華民國我願意全人關懷協會,BE0100046,BE,臺北市,南港區,臺北市南港區萬福里東新街64巷7、11、13號,121.5855102539,25.0471782684,C,巷弄長照站,臺北市,南港區,920131347,jp70916@gmail.com,廖棣瓏,20190101.0,20211231.0,20210412 14:51:15
財團法人介惠社會福利慈善基金會新北市金山金包里公共托老中心(社照C),BD0200015,BD,新北市,金山區,新北市金山區金美里中山路257號1、2樓,121.6368255615,25.2221260071,C,巷弄長照站,新北市,金山區,(02)24082114,chshen@jhf.org.tw,胡頤仁,20220101.0,20221231.0,20220503 09:08:05
新北市泰山區大科社區發展協會(社照C),BF0200033,BF,新北市,泰山區,新北市泰山區大科里大科一路69號,121.4047698975,25.0552253723,C,巷弄長照站,新北市,泰山區,(02)29003236,qqqq29092746@yahoo.com.tw,蔡黃阿員,20220101.0,20221231.0,20220503 09:11:18
社團法人中華民國香柏樹長者社區關懷協會大安台電據點,BE0100016,BE,臺北市,大安區,臺北市大安區大學里羅斯福路3段275號3樓,121.5309753418,25.0183601379,C,巷弄長照站,臺北市,大安區,02-2363-2096#121,kunlin65@gmail.com,楊寧亞,20190101.0,20211231.0,20210407 14:50:48
財團法人味全文化教育基金會,BD0100027,BD,臺北市,中山區,臺北市中山區中央里松江路125號4樓,121.5333023071,25.0530853271,C,巷弄長照站,臺北市,中山區,910080465,weichuan125@gmail.com,張景涵,20190101.0,20211231.0,20210408 16:15:11
臺北市士林海光社區發展協會,BF0100010,BF,臺北市,士林區,臺北市士林區富光里延平北路5段99號,121.5104217529,25.0812301636,C,巷弄長照站,臺北市,士林區,932023186,weiyuan.comm@yahoo.com.tw,廖品筑,20190101.0,20211231.0,20210407 11:55:21
財團法人成長文教基金會,BD0100022,BD,臺北市,大安區,臺北市大安區仁慈里東豐街1號2樓,121.5439224243,25.0361804962,C,巷弄長照站,臺北市,大安區,02-27000657,pc19840808@gmail.com,吳靜吉,20190101.0,20211231.0,20210407 14:53:35
臺北市中山區大直社區發展協會(第二區民活動中心),BF0100026,BF,臺北市,中山區,臺北市中山區大直里大直街1號4樓,121.5469665527,25.0803451538,C,巷弄長照站,臺北市,中山區,02-25329522,tachih70@yahoo.com.tw,戴思亭,20190101.0,20211231.0,20210408 16:12:54
財團法人利伯他茲教育基金會(木柵復活堂),BD0100043,BD,臺北市,文山區,臺北市文山區木新里永安街1號,121.5702514648,24.9874591827,B,喘息服務,臺北市,松山區;信義區;大安區;中山區;中正區;大同區;萬華區;文山區;南港區;內湖區;士林區;北投區,02-2939-4359,ssd@cthyh.org.tw,羅慧兒,20250101.0,20261231.0,20240924 18:22:44
社團法人中華仁親社區關懷協會(北投好厝邊) ,BE0100033,BE,臺北市,北投區,臺北市北投區中心里大業路721號一樓,121.5022277832,25.1372718811,C,巷弄長照站,臺北市,北投區,02-28803408#2280,lily.hsu275310@yahoo.com.tw,劉群茂,20190101.0,20211231.0,20210409 17:13:14
社團法人台北市銀髮族協會,BE0100036,BE,臺北市,松山區,臺北市松山區安平里寶清街42號2樓,121.5675964355,25.0531578064,C,巷弄長照站,臺北市,松山區,986038688,fredwa88@gmail.com,張茂楠,20190101.0,20211231.0,20210412 16:07:33
社團法人臺北市長期照護發展協會,BE0100035,BE,臺北市,松山區,臺北市松山區自強里三民路35巷9號1、2樓,121.562713623,25.0552845001,C,巷弄長照站,臺北市,松山區,918015617,tw.softlfie@gmail.com,羅慧文,20190101.0,20211231.0,20210412 11:55:23
財團法人中華基督教衛理公會恩友堂,BD0100047,BD,臺北市,松山區,臺北市松山區安平里寶清街123號,121.5675964355,25.0541591644,C,巷弄長照站,臺北市,松山區,02-27670760,qjjaneyu@gmail.com,林烽銓,20190101.0,20211231.0,20210412 11:53:04
社團法人台北市二村基石關懷協會,BE0100038,BE,臺北市,松山區,臺北市松山區東榮里民生東路5段69巷2弄10、12號,121.5587310791,25.0590839386,C,巷弄長照站,臺北市,松山區,02-27632002,windowcchuang@gmail.com,趙明榮,20190101.0,20211231.0,20210412 13:46:27
臺北市信義區安康里辦公處,BG0100003,BG,臺北市,信義區,臺北市信義區安康里虎林街232巷58號,121.5759048462,25.035905838,C,巷弄長照站,臺北市,信義區,02-27273989,wan.yuheng@gmail.com,萬宇恆,20190101.0,20211231.0,20210412 14:28:07
社團法人台灣厝邊有愛關懷協會中研教會,BE0100044,BE,臺北市,南港區,臺北市南港區中研里研究院路二段11巷5號,121.6158294678,25.0466823578,C,巷弄長照站,臺北市,南港區,02-23636356,lo1119@ms53.hinet.net,鄭忠仁,20190101.0,20211231.0,20210412 14:45:28
臺北市南港舊莊社區發展協會,BF0100065,BF,臺北市,南港區,臺北市南港區舊莊里舊莊街1段91巷11號(舊莊區民活動中心),121.6195220947,25.0413208008,C,巷弄長照站,臺北市,南港區,0931-518686,e0800633688@gmail.com,李麗時,20190101.0,20211231.0,20210412 14:55:57
社團法人臺北市臻佶祥社會服務協會,BE0100022,BE,臺北市,中正區,臺北市中正區忠勤里中華路2段315巷16、18號,121.5069961548,25.0284576416,B,喘息服務,臺北市,松山區;信義區;大安區;中山區;中正區;大同區;萬華區;文山區;南港區;內湖區;士林區;北投區,02-23036281,tsc1168@yahoo.com.tw,陳鳳珠,20250101.0,20261231.0,20241119 14:08:08
台北市文山區萬和社區發展協會,BF0100039,BF,臺北市,文山區,臺北市文山區萬和里汀州路4段215號1樓,121.5355377197,25.0041637421,C,巷弄長照站,臺北市,文山區,02-2931-0147,bs-011@mail.taipei.gov.tw,吳祚榮,20190101.0,20211231.0,20210409 15:28:31
社團法人台北市基督教萬芳浸信會,BE0100027,BE,臺北市,文山區,臺北市文山區萬芳里萬美街一段19巷五號一樓,121.5698928833,25.002374649,C,巷弄長照站,臺北市,文山區,02-22303518,20140401@mail.taipei.gov.tw,張志榮,20190101.0,20211231.0,20210409 15:28:12
臺北市南港區仁福社區發展協會,BF0100062,BF,臺北市,南港區,臺北市南港區仁福里福德街373巷61號1樓,121.5921401978,25.0394687653,C,巷弄長照站,臺北市,南港區,972910919,daisybobounun76@gmail.com,江俊賢,20190101.0,20211231.0,20210412 14:45:44
臺北市萬華區保德社區發展協會,BF0100072,BF,臺北市,萬華區,臺北市萬華區保德里東園街140巷10號,121.4970092773,25.023311615,C,巷弄長照站,臺北市,萬華區,02-2332-3337,Baode.cou@msa.hinet.net,黃剛毅,20190101.0,20211231.0,20210412 15:00:30
財團法人台灣省私立健順養護中心,A10200303,A1,新北市,深坑區,新北市深坑區昇高里王軍寮9號,121.6163024902,24.9824542999,A,個案管理服務,臺北市,中山區,,d6622499@ms26.hinet.net,廖慧媛,20230424.0,20241231.0,20230425 17:21:38
財團法人台灣省私立健順養護中心,A10200303,A1,新北市,深坑區,新北市深坑區昇高里王軍寮9號,121.6163024902,24.9824542999,A,個案管理服務,臺北市,中山區,,d6622499@ms26.hinet.net,廖慧媛,20230101.0,20261231.0,20231229 17:08:58
財團法人台灣省私立健順養護中心,A10200303,A1,新北市,深坑區,新北市深坑區昇高里王軍寮9號,121.6163024902,24.9824542999,A,個案管理服務,臺北市,松山區,,d6622499@ms26.hinet.net,廖慧媛,20250101.0,20261231.0,20241231 20:21:13
財團法人台灣省私立健順養護中心,A10200303,A1,新北市,深坑區,新北市深坑區昇高里王軍寮9號,121.6163024902,24.9824542999,A,個案管理服務,臺北市,中山區,,d6622499@ms26.hinet.net,廖慧媛,20250101.0,20261231.0,20241231 20:22:29
新北市私立廣權老人長期照顧中心(養護型),A10200302,A1,新北市,板橋區,新北市板橋區廣權路2號5樓,121.4602966309,24.9908828735,B,喘息服務,新北市,板橋區;三重區;中和區;永和區;新莊區;新店區;樹林區;鶯歌區;三峽區;淡水區;汐止區;瑞芳區;土城區;蘆洲區;五股區;泰山區;林口區;深坑區;石碇區;坪林區;三芝區;石門區;八里區;平溪區;雙溪區;貢寮區;金山區;萬里區;烏來區,02-89514712,guangquan4712@gmail.com,王季柔,20250101.0,20271231.0,20250110 14:59:34
有限責任新北市愛齡照護服務勞動合作社附設新北市私立到咖手居家長照機構,1R0200007,1,新北市,板橋區,新北市板橋區明德街21號2樓,121.4592819214,25.0100479126,B,居家服務,臺北市,大安區;中山區;中正區;大同區,02-22726233,op@docaso885.com,林昌坤,20220902.0,20261231.0,20231229 16:40:50
有限責任新北市愛齡照護服務勞動合作社附設新北市私立到咖手居家長照機構,1R0200007,1,新北市,板橋區,新北市板橋區明德街21號2樓,121.4592819214,25.0100479126,B,喘息服務,臺北市,松山區;信義區;大安區;中山區;中正區;大同區,02-22726233,op@docaso885.com,林昌坤,20200703.0,20241231.0,20221230 15:06:37
有限責任新北市愛齡照護服務勞動合作社附設新北市私立到咖手居家長照機構,1R0200007,1,新北市,板橋區,新北市板橋區明德街21號2樓,121.4592819214,25.0100479126,B,居家服務,新北市,板橋區;三重區;中和區;永和區;新莊區;新店區;土城區,02-22726233,op@docaso885.com,林昌坤,20250101.0,20271231.0,20241216 14:46:15
有限責任新北市愛齡照護服務勞動合作社附設新北市私立到咖手居家長照機構,1R0200007,1,新北市,板橋區,新北市板橋區明德街21號2樓,121.4592819214,25.0100479126,B,喘息服務,新北市,板橋區;三重區;中和區;永和區;新莊區;新店區;土城區,02-22726233,op@docaso885.com,林昌坤,20250101.0,20271231.0,20241216 14:48:46
新北市三峽區原住民族發展協進會(社照C),BF0200047,BF,新北市,三峽區,新北市三峽區鳶山里介壽里中山路257巷35號7樓,121.3624343872,24.937335968,C,巷弄長照站,新北市,三峽區,928567252,123@gmail.com,林建華,20240101.0,20241231.0,20240707 14:37:37
有限責任新北市愛齡照護服務勞動合作社附設新北市私立到咖手居家長照機構,1R0200007,1,新北市,板橋區,新北市板橋區明德街21號2樓,121.4592819214,25.0100479126,B,喘息服務,臺北市,松山區;信義區;大安區;中山區;中正區;大同區,02-22726233,op@docaso885.com,林昌坤,20250101.0,20261231.0,20241122 14:42:57
財團法人台灣省私立健順養護中心,A10200303,A1,新北市,深坑區,新北市深坑區昇高里王軍寮9號,121.6163024902,24.9824542999,B,喘息服務,新北市,板橋區;三重區;中和區;永和區;新莊區;新店區;樹林區;鶯歌區;三峽區;淡水區;汐止區;瑞芳區;土城區;蘆洲區;五股區;泰山區;林口區;深坑區;石碇區;坪林區;三芝區;石門區;八里區;平溪區;雙溪區;貢寮區;金山區;萬里區;烏來區,,d6622499@ms26.hinet.net,廖慧媛,20250101.0,20271231.0,20250114 10:04:21
財團法人台灣省私立健順養護中心,A10200303,A1,新北市,深坑區,新北市深坑區昇高里王軍寮9號,121.6163024902,24.9824542999,B,喘息服務,臺北市,松山區;信義區;大安區;中山區;中正區;大同區;萬華區;文山區;南港區;內湖區;士林區;北投區,,d6622499@ms26.hinet.net,廖慧媛,20230101.0,20261231.0,20231229 17:08:58
財團法人台灣省私立健順養護中心,A10200303,A1,新北市,深坑區,新北市深坑區昇高里王軍寮9號,121.6163024902,24.9824542999,A,個案管理服務,臺北市,中山區,,d6622499@ms26.hinet.net,廖慧媛,20250101.0,20261231.0,20241231 20:24:05
財團法人台灣省私立健順養護中心,A10200303,A1,新北市,深坑區,新北市深坑區昇高里王軍寮9號,121.6163024902,24.9824542999,A,個案管理服務,臺北市,松山區,,d6622499@ms26.hinet.net,廖慧媛,20230101.0,20241231.0,20230626 14:54:57
財團法人台北市城東基督長老教會,BF0100088,BF,臺北市,大安區,臺北市大安區建倫里安和路1段43號2樓及45號1樓,121.5510559082,25.0386104584,C,巷弄長照站,臺北市,大安區,02-2771-1282,logoschentong@gmail.com,林萬賀,20190101.0,20211231.0,20210407 15:35:14
臺北市政府社會局委託社團法人中華民國紅心字會經營管理臺北市信義老人服務中心,2R0100004,2,臺北市,信義區,臺北市信義區大仁里大道路116號5樓之3,121.5675430298,25.0433940887,B,日間照顧服務,臺北市,松山區;信義區;大安區;中山區;中正區;大同區;萬華區;文山區;南港區;內湖區;士林區;北投區,02-87870300,xinyitw@yahoo.com.tw,劉緒倫,20230101.0,20231231.0,20230207 11:09:20
上新居家職能治療所,B50200004,B5,新北市,新莊區,新北市新莊區福美街62巷6號15樓,121.4614868164,25.0547332764,B,專業照護服務,新北市,板橋區;三重區;中和區;永和區;新莊區;新店區;樹林區;鶯歌區;三峽區;淡水區;汐止區;瑞芳區;土城區;蘆洲區;五股區;泰山區;林口區;深坑區;石碇區;坪林區;三芝區;石門區;八里區;平溪區;雙溪區;貢寮區;金山區;萬里區;烏來區,0987088845,npyuan0713@yahoo.com.tw,袁寧蘋,20220101.0,20241231.0,20220315 10:43:11
上新居家職能治療所,B50200004,B5,新北市,新莊區,新北市新莊區福美街62巷6號15樓,121.4614868164,25.0547332764,B,專業照護服務(CC01),新北市,板橋區;三重區;中和區;永和區;新莊區;新店區;樹林區;鶯歌區;三峽區;淡水區;汐止區;瑞芳區;土城區;蘆洲區;五股區;泰山區;林口區;深坑區;石碇區;坪林區;三芝區;石門區;八里區;平溪區;雙溪區;貢寮區;金山區;萬里區;烏來區,0987088845,npyuan0713@yahoo.com.tw,袁寧蘋,20250101.0,20271231.0,20241220 09:49:06
宗展股份有限公司附設臺北市私立辰心居家長照機構,1V0100010,1,臺北市,大同區,臺北市大同區永樂里西寧北路112號4樓之1,121.5088577271,25.0561103821,B,喘息服務,新北市,板橋區;三重區;中和區;永和區;新莊區;新店區;樹林區;三峽區;淡水區;汐止區;土城區;蘆洲區;五股區;林口區,02-25580208,8hq008@gmail.com,簡裕宗,20250101.0,20271231.0,20241223 14:34:04
宗展股份有限公司附設臺北市私立辰心居家長照機構,1V0100010,1,臺北市,大同區,臺北市大同區永樂里西寧北路112號4樓之1,121.5088577271,25.0561103821,B,居家服務,臺北市,松山區;信義區;大安區;中山區;中正區;大同區;萬華區;文山區;南港區;內湖區;士林區;北投區,02-25580208,8hq008@gmail.com,簡裕宗,20190711.0,20231231.0,20220104 18:03:07
佳藥長照藥局,B30200020,B3,新北市,淡水區,新北市淡水區學府路75號1樓,121.4483795166,25.1699790955,A,個案管理服務,新北市,淡水區,02-26211321,jiayao1321@gmail.com,張倪芳,20250101.0,20250630.0,20241231 16:09:27
國際奔享體驗教育發展協會(社照C),BE0200027,BE,新北市,新莊區,新北市新莊區丹鳳里天祥街120巷6號,121.4147033691,25.0299625397,C,巷弄長照站,新北市,新莊區,0953425500,hingis0721@gmail.com,曾美蘭,20240101.0,20241231.0,20240704 15:11:58
宗展股份有限公司附設臺北市私立辰心居家長照機構,1V0100010,1,臺北市,大同區,臺北市大同區永樂里西寧北路112號4樓之1,121.5088577271,25.0561103821,B,喘息服務,臺北市,松山區;信義區;大安區;中山區;中正區;大同區;萬華區;文山區;南港區;內湖區;士林區;北投區,02-25580208,8hq008@gmail.com,簡裕宗,20250101.0,20261231.0,20241120 11:06:24
宗展股份有限公司附設臺北市私立辰心居家長照機構,1V0100010,1,臺北市,大同區,臺北市大同區永樂里西寧北路112號4樓之1,121.5088577271,25.0561103821,B,喘息服務,臺北市,松山區;信義區;大安區;中山區;中正區;大同區;萬華區;文山區;南港區;內湖區;士林區;北投區,02-25580208,8hq008@gmail.com,簡裕宗,20190715.0,20241231.0,20221229 21:33:35
新北市私立立穎居家長照機構,1X0200020,1,新北市,中和區,新北市中和區立德街204號3樓,121.5117874146,24.9852313995,A,個案管理服務,新北市,中和區;永和區,02-86686651,liinhomecare@gmail.com,周惠貞,20250101.0,20250630.0,20241231 16:11:20
新北市私立立穎居家長照機構,1X0200020,1,新北市,中和區,新北市中和區立德街204號3樓,121.5117874146,24.9852313995,B,喘息服務,新北市,板橋區;中和區;永和區;新莊區;淡水區;土城區;三芝區;石門區;烏來區,02-86686651,liinhomecare@gmail.com,周惠貞,20250101.0,20271231.0,20241217 11:09:49
財團法人一粒麥子社會福利慈善事業基金會(嶺腳里)(社照C),BD0200028,BD,新北市,新店區,新北市新店區民權路42巷59弄12號5樓,121.5378189087,24.9811306,C,巷弄長照站,新北市,平溪區,02-89117897 #12、#15,W104116@wheat.org.tw,呂信雄,20230101.0,20231231.0,20230530 16:54:07
社團法人台灣德安社會福利協會受託經營管理臺北市大安老人服務中心,BD0100057,BD,臺北市,大安區,臺北市大安區德安里四維路76巷12號,121.5473480225,25.034204483,B,營養餐飲服務,臺北市,大安區,27086255,daanolder@gmail.com,陳敏雄,20190131.0,20191231.0,20190627 17:56:51
社團法人台灣德安社會福利協會受託經營管理臺北市大安老人服務中心,BD0100057,BD,臺北市,大安區,臺北市大安區德安里四維路76巷12號,121.5473480225,25.034204483,B,喘息服務,臺北市,松山區;信義區;大安區;中山區;中正區;大同區;萬華區;文山區;南港區;內湖區;士林區;北投區,27086255,daanolder@gmail.com,陳敏雄,20191001.0,20241231.0,20230202 16:51:17
社團法人台灣德安社會福利協會受託經營管理臺北市大安老人服務中心,BD0100057,BD,臺北市,大安區,臺北市大安區德安里四維路76巷12號,121.5473480225,25.034204483,B,營養餐飲服務,臺北市,大安區,27086255,daanolder@gmail.com,陳敏雄,20190131.0,20191231.0,20210112 12:07:55
新北市平溪區菁桐社區發展協會(社照C),BF0200065,BF,新北市,平溪區,新北市平溪區菁桐里菁桐街65-1號,121.7261657715,25.0235347748,C,巷弄長照站,新北市,平溪區,,hokedrse@gmail.com,楊明益,20230101.0,20231231.0,20230530 16:57:02
財團法人天下為公社會福利慈善事業基金會,BD0100059,BD,臺北市,士林區,臺北市士林區承德路4段306號9樓,121.5186309814,25.0896549225,A,個案管理服務,臺北市,士林區,02-28881056,kcw@mail.oit.edu.tw,胡世賢,20250101.0,20261231.0,20241231 17:50:06
財團法人一粒麥子社會福利慈善事業基金會(嶺腳里)(社照C),BD0200028,BD,新北市,新店區,新北市新店區民權路42巷59弄12號5樓,121.5378189087,24.9811306,B,交通接送服務,新北市,深坑區;石碇區;平溪區,02-89117897 #12、#15,W104116@wheat.org.tw,呂信雄,20250101.0,20271231.0,20241220 11:47:17
中華民國紅十字會臺北市分會,BF0100078,BF,臺北市,信義區,臺北市信義區中興里中興里信義路4段415號5樓-3,121.559211731,25.0332794189,C,巷弄長照站,臺北市,信義區,02-2758-3009,kennylasa0829@tp.edu.tw,胡坤佑,20190101.0,20211231.0,20210412 14:22:14
三芝區三和社區照顧關懷據點(社照C),BF0200051,BF,新北市,三芝區,新北市三芝區新庄里新庄里番社后3-1號,121.5018234253,25.2671985626,C,巷弄長照站,新北市,三芝區,(02)26365499,info@slsf.org.tw,蔡政道,20220101.0,20221231.0,20220502 16:08:41
臺北市政府社會局委託佳醫長照社團法人經營管理臺北市兆如老人安養護中心,A10100161,A1,臺北市,文山區,臺北市文山區政大二街129號,121.5841903687,24.989315033,B,喘息服務,臺北市,松山區;信義區;大安區;中山區;中正區;大同區;萬華區;文山區;南港區;內湖區;士林區;北投區,0222258688,wenliyun12@gmail.com,蘇秀鑾,20250101.0,20261231.0,20250121 15:03:33
臺北市政府社會局委託佳醫長照社團法人經營管理臺北市兆如老人安養護中心,A10100161,A1,臺北市,文山區,臺北市文山區政大二街129號,121.5841903687,24.989315033,B,日間照顧服務,臺北市,松山區;信義區;大安區;中山區;中正區;大同區;萬華區;文山區;南港區;內湖區;士林區;北投區,0222258688,wenliyun12@gmail.com,蘇秀鑾,20180101.0,20231001.0,20201203 13:37:39
自己人居家物理治療所-鶯歌南鶯據點(醫事C),B40200011,B4,新北市,鶯歌區,新北市鶯歌區南鶯里育才街90號1樓,121.3486404419,24.9549636841,B,喘息服務,新北市,樹林區;鶯歌區;三峽區,02-26799626,ben06066@gmail.com,陳星叡,20250101.0,20271231.0,20241226 09:24:49
沛迪兒物理治療所,B40200008,B4,新北市,淡水區,新北市淡水區清水街34巷9號1樓,121.4446411133,25.1708507538,B,專業照護服務(CC01),新北市,板橋區;三重區;中和區;永和區;新莊區;新店區;樹林區;鶯歌區;三峽區;淡水區;汐止區;瑞芳區;土城區;蘆洲區;五股區;泰山區;林口區;深坑區;石碇區;坪林區;三芝區;石門區;八里區;平溪區;雙溪區;貢寮區;金山區;萬里區;烏來區,921855280,pediaptc@gmail.com,高瑋鈴,20220101.0,20241231.0,20230802 17:19:14
沛迪兒物理治療所,B40200008,B4,新北市,淡水區,新北市淡水區清水街34巷9號1樓,121.4446411133,25.1708507538,B,專業照護服務,新北市,板橋區;三重區;中和區;永和區;新莊區;樹林區;三峽區;淡水區;土城區;蘆洲區;五股區;八里區,921855280,pediaptc@gmail.com,高瑋鈴,20250101.0,20271231.0,20241219 11:56:57
沛迪兒物理治療所,B40200008,B4,新北市,淡水區,新北市淡水區清水街34巷9號1樓,121.4446411133,25.1708507538,B,專業照護服務(CC01),新北市,板橋區;三重區;中和區;永和區;新莊區;樹林區;三峽區;淡水區;土城區;蘆洲區;五股區;八里區,921855280,pediaptc@gmail.com,高瑋鈴,20250101.0,20271231.0,20241219 11:57:31
天文大藥局,B30200010,B3,新北市,淡水區,新北市淡水區新春街136號,121.4412384033,25.181596756,B,專業照護服務,新北市,淡水區,02-86312050,everu008@gmail.com,王玥玓,20220101.0,20241231.0,20220318 11:28:27
宗展股份有限公司附設臺北市私立辰心居家長照機構,1V0100010,1,臺北市,大同區,臺北市大同區永樂里西寧北路112號4樓之1,121.5088577271,25.0561103821,B,居家服務,新北市,板橋區;三重區;中和區;永和區;新莊區;新店區;樹林區;三峽區;淡水區;汐止區;土城區;蘆洲區;五股區;林口區,02-25580208,8hq008@gmail.com,簡裕宗,20250101.0,20271231.0,20241223 14:33:35
宗展股份有限公司附設臺北市私立辰心居家長照機構,1V0100010,1,臺北市,大同區,臺北市大同區永樂里西寧北路112號4樓之1,121.5088577271,25.0561103821,B,居家服務,臺北市,松山區;信義區;大安區;中山區;中正區;大同區;萬華區;文山區;南港區;內湖區;士林區;北投區,02-25580208,8hq008@gmail.com,簡裕宗,20240101.0,20261231.0,20231229 18:29:31
沛迪兒物理治療所,B40200008,B4,新北市,淡水區,新北市淡水區清水街34巷9號1樓,121.4446411133,25.1708507538,B,專業照護服務,新北市,板橋區;三重區;中和區;永和區;新莊區;樹林區;三峽區;淡水區;土城區;蘆洲區;五股區;八里區,921855280,pediaptc@gmail.com,高瑋鈴,20220101.0,20241231.0,20220325 11:53:38
天文大藥局,B30200010,B3,新北市,淡水區,新北市淡水區新春街136號,121.4412384033,25.181596756,A,個案管理服務,新北市,淡水區;蘆洲區;八里區,02-86312050,everu008@gmail.com,王玥玓,20250101.0,20250630.0,20241231 16:14:53
新北市私立好家園老人長期照顧中心(養護型),A10200328,A1,新北市,汐止區,新北市汐止區興福里福德路38號2樓,121.635635376,25.0672550201,B,喘息服務,臺北市,松山區;信義區;大安區;中山區;中正區;大同區;萬華區;文山區;南港區;內湖區;士林區;北投區,02-26926777,goodhomeland123@gmail.com,李質穎,20210507.0,20241231.0,20221229 21:49:45
財團法人一粒麥子社會福利慈善事業基金會(嶺腳里)(社照C),BD0200028,BD,新北市,新店區,新北市新店區民權路42巷59弄12號5樓,121.5378189087,24.9811306,B,營養餐飲服務,新北市,平溪區,02-89117897 #12、#15,W104116@wheat.org.tw,呂信雄,20220101.0,20241231.0,20220318 08:41:44
財團法人一粒麥子社會福利慈善事業基金會(嶺腳里)(社照C),BD0200028,BD,新北市,新店區,新北市新店區民權路42巷59弄12號5樓,121.5378189087,24.9811306,B,營養餐飲服務,新北市,平溪區,02-89117897 #12、#15,W104116@wheat.org.tw,呂信雄,20250101.0,20250131.0,20250122 14:39:18
財團法人台北市立心慈善基金會附設新北市私立三重溪美社區長照機構,2S0200017,2,新北市,三重區,新北市三重區溪美里溪尾街73號5樓,121.4906005859,25.0778560638,B,日間照顧服務,新北市,三重區,02-29763458,lishin.ximei@gmail.com,洪金桐,20250101.0,20271231.0,20241225 14:01:39
新北市私立立穎居家長照機構,1X0200020,1,新北市,中和區,新北市中和區立德街204號3樓,121.5117874146,24.9852313995,B,居家服務,臺北市,松山區;信義區;大安區;北投區,02-86686651,liinhomecare@gmail.com,周惠貞,20200622.0,20240331.0,20240313 18:11:00
新北市私立立穎居家長照機構,1X0200020,1,新北市,中和區,新北市中和區立德街204號3樓,121.5117874146,24.9852313995,B,居家服務,新北市,板橋區;中和區;永和區;新莊區;淡水區;土城區;三芝區;石門區;烏來區,02-86686651,liinhomecare@gmail.com,周惠貞,20250101.0,20271231.0,20241217 11:08:54
社團法人台灣德安社會福利協會受託經營管理臺北市大安老人服務中心,BD0100057,BD,臺北市,大安區,臺北市大安區德安里四維路76巷12號,121.5473480225,25.034204483,C,巷弄長照站,臺北市,大安區,27086255,daanolder@gmail.com,陳敏雄,20210101.0,20211231.0,20210407 15:46:07
財團法人天下為公社會福利慈善事業基金會,BD0100059,BD,臺北市,士林區,臺北市士林區承德路4段306號9樓,121.5186309814,25.0896549225,A,個案管理服務,臺北市,內湖區,02-28881056,kcw@mail.oit.edu.tw,胡世賢,20230101.0,20241231.0,20230208 09:11:36
財團法人天下為公社會福利慈善事業基金會,BD0100059,BD,臺北市,士林區,臺北市士林區承德路4段306號9樓,121.5186309814,25.0896549225,A,個案管理服務,臺北市,松山區,02-28881056,kcw@mail.oit.edu.tw,胡世賢,20250101.0,20261231.0,20241231 17:52:16
財團法人天下為公社會福利慈善事業基金會,BD0100059,BD,臺北市,士林區,臺北市士林區承德路4段306號9樓,121.5186309814,25.0896549225,A,個案管理服務,臺北市,松山區,02-28881056,kcw@mail.oit.edu.tw,胡世賢,20230424.0,20241231.0,20230425 17:16:37
臺北市私立麗康居家長照機構,1X0100009,1,臺北市,中山區,臺北市中山區中山北路二段162號7樓之1（706）室,121.5223007202,25.0632133484,B,居家服務,臺北市,中山區;中正區;大同區;萬華區,02-25532379,lily641130@gmail.com,吳麗鳳,20220425.0,20231231.0,20220425 11:44:23
財團法人私立廣恩老人養護中心附設新北市私立瑞芳明燈社區長照機構,2S0200018,2,新北市,瑞芳區,新北市瑞芳區龍興里明燈路三段2號2樓,121.8088989258,25.1077709198,B,喘息服務,新北市,瑞芳區,02-24063888,rueifang103@gmail.com,林偉峰,20250101.0,20271231.0,20241226 11:11:57
財團法人私立廣恩老人養護中心附設新北市私立瑞芳明燈社區長照機構,2S0200018,2,新北市,瑞芳區,新北市瑞芳區龍興里明燈路三段2號2樓,121.8088989258,25.1077709198,B,社區式交通接送服務(BD03),基隆市,中正區;信義區,02-24063888,rueifang103@gmail.com,林偉峰,20250422.0,20270330.0,20250418 08:57:09
新北市私立樂智居家長照機構,1X0200018,1,新北市,中和區,新北市中和區中正路1207號2樓之2,121.4800033569,25.0101394653,B,居家服務,新北市,板橋區;中和區,02-22710871,aa5174aa@gmail.com,許雅婷,20250101.0,20250331.0,20250402 15:40:33
社團法人台灣樂活服務發展協會道生莒光教會社區關懷站(社照C),BE0200028,BE,新北市,中和區,新北市中和區明穗里新北市中和區民享街90巷16號,121.4738693237,25.0002250671,C,巷弄長照站,新北市,中和區,0939192756,o1219.show@gmail.com,馬瑞辰,20220101.0,20221231.0,20220502 16:56:08
財團法人天下為公社會福利慈善事業基金會,BD0100059,BD,臺北市,士林區,臺北市士林區承德路4段306號9樓,121.5186309814,25.0896549225,A,個案管理服務,臺北市,內湖區,02-28881056,kcw@mail.oit.edu.tw,胡世賢,20250101.0,20261231.0,20241231 17:51:16
臺北市立聯合醫院,B20100030,B2,臺北市,大同區,臺北市大同區鄭州路145號,121.5088882446,25.0506916046,A,個案管理服務,臺北市,士林區,02-25989917,B5646@tpech.gov.tw,王智弘,20230101.0,20241231.0,20230208 09:03:13
臺北市立聯合醫院,B20100030,B2,臺北市,大同區,臺北市大同區鄭州路145號,121.5088882446,25.0506916046,A,個案管理服務,臺北市,中正區,02-25989917,B5646@tpech.gov.tw,王智弘,20230101.0,20241231.0,20230208 09:08:00
臺北市立聯合醫院,B20100030,B2,臺北市,大同區,臺北市大同區鄭州路145號,121.5088882446,25.0506916046,B,居家失能個案家庭醫師照護服務,臺北市,松山區;信義區;大安區;中山區;中正區;大同區;萬華區;文山區;南港區;內湖區;士林區;北投區,02-25989917,B5646@tpech.gov.tw,王智弘,20250101.0,20261231.0,20250204 16:03:44
臺北市立聯合醫院,B20100030,B2,臺北市,大同區,臺北市大同區鄭州路145號,121.5088882446,25.0506916046,A,個案管理服務,臺北市,大安區,02-25989917,B5646@tpech.gov.tw,王智弘,20230101.0,20241231.0,20230208 09:03:03
臺北市立聯合醫院,B20100030,B2,臺北市,大同區,臺北市大同區鄭州路145號,121.5088882446,25.0506916046,A,個案管理服務,臺北市,中山區,02-25989917,B5646@tpech.gov.tw,王智弘,20250101.0,20261231.0,20241231 17:41:56
新北市樹林區原住民族發展協進會-新北市樹林區部落文化健康站(原民C),BF0200075,BF,新北市,樹林區,新北市樹林區中山里中山路三段40號3樓,121.3946685791,24.9726524353,C,巷弄長照站,新北市,樹林區,02-35016895,api.ako8278@gmail.com,陳宗伶,20190101.0,20191231.0,20190912 15:51:40
社團法人臺北市心藝社會關懷協會,BE0100060,BE,臺北市,信義區,臺北市信義區黎忠里和平東路三段391巷16號,121.5581359863,25.0202484131,C,巷弄長照站,臺北市,信義區,,wind59450@gmail.com,陳貴芝,20190101.0,20211231.0,20210412 14:41:31
國軍退除役官兵輔導委員會板橋榮譽國民之家附設新北市板橋憶樂社區長照機構(板橋憶樂公共托老中心),2F0200001,2,新北市,板橋區,新北市板橋區大觀路二段32號,121.4455337524,25.0012245178,B,日間照顧服務,新北市,板橋區,02-22755157#333,vhpc.hc22755157@gmail.com,陳桂美,20250101.0,20271231.0,20250113 10:19:47
新北市私立仁惠老人長期照顧中心(養護型),A10200336,A1,新北市,三芝區,新北市三芝區古庄里四棧橋53之11號1樓,121.4829940796,25.2651329041,B,喘息服務,新北市,板橋區;三重區;中和區;永和區;新莊區;新店區;樹林區;鶯歌區;三峽區;淡水區;汐止區;瑞芳區;土城區;蘆洲區;五股區;泰山區;林口區;深坑區;石碇區;坪林區;三芝區;石門區;八里區;平溪區;雙溪區;貢寮區;金山區;萬里區;烏來區,2636-3222,RH5311@yahoo.com,楊品羚,20250101.0,20271231.0,20250103 11:15:35
新北市樹林區原住民族發展協進會-新北市樹林區部落文化健康站(原民C),BF0200075,BF,新北市,樹林區,新北市樹林區中山里中山路三段40號3樓,121.3946685791,24.9726524353,B,喘息服務,新北市,樹林區,02-35016895,api.ako8278@gmail.com,陳宗伶,20250101.0,20271231.0,20250113 10:01:43
臺北市三樂樂齡關懷協會,BF0100093,BF,臺北市,士林區,臺北市士林區社園里社中街240號,121.507598877,25.0915660858,C,巷弄長照站,臺北市,士林區,0937070078,syyeh888@gmail.com,葉子芸,20190101.0,20211231.0,20210407 11:51:33
財團法人天下為公社會福利慈善事業基金會-雙溪新基據點(社照C),BD0200040,BD,新北市,雙溪區,新北市雙溪區新基里016鄰新基西街19號,121.8653793335,25.0375728607,B,喘息服務,新北市,雙溪區,02-86488388,wba81597922@gmail.com,胡世賢,20250101.0,20271231.0,20250110 14:36:08
財團法人天下為公社會福利慈善事業基金會,BD0100059,BD,臺北市,士林區,臺北市士林區承德路4段306號9樓,121.5186309814,25.0896549225,A,個案管理服務,臺北市,士林區,02-28881056,kcw@mail.oit.edu.tw,胡世賢,20230101.0,20241231.0,20230208 09:00:10
社團法人愛福家協會,BE0200024,BE,新北市,板橋區,新北市板橋區雙十路二段217號,121.4732284546,25.0290489197,B,喘息服務,臺北市,松山區;信義區;大安區;中山區;中正區;大同區;萬華區;文山區;南港區;內湖區;士林區;北投區,02-22500177,As03@ilive.org.tw,涂福增,20181001.0,20221231.0,20210421 16:50:16
臺北市立聯合醫院,B20100030,B2,臺北市,大同區,臺北市大同區鄭州路145號,121.5088882446,25.0506916046,A,個案管理服務,臺北市,中正區,02-25989917,B5646@tpech.gov.tw,王智弘,20250101.0,20261231.0,20241231 17:44:29
臺北市士林區富光里辦公處,BF0100094,BF,臺北市,士林區,臺北市士林區富光里葫蘆街62號,121.5087432861,25.0808506012,C,巷弄長照站,臺北市,士林區,28160879,bn_443@mail.taipei.gov.tw,高毓紋,20190101.0,20211231.0,20210407 11:54:57
新北市蘆洲區光明里辦公處(社照C),BG0200027,BG,新北市,蘆洲區,新北市蘆洲區中原里9鄰中正路241號3樓,121.4678268433,25.0867271423,C,巷弄長照站,新北市,蘆洲區,8285-1931,A28482962@yahoo.com.tw,陳文良,20220101.0,20221231.0,20220503 10:03:59
社團法人台灣愛鄰社區服務協會(信義區),BE0100064,BE,臺北市,大安區,臺北市大安區和平東路2段24號11樓,121.5364227295,25.025636673,B,營養餐飲服務,臺北市,信義區,23676646#8716,john.weng@breadoflife.taipei,王永慈,20190101.0,20211231.0,20210128 20:27:05
臺北市立聯合醫院,B20100030,B2,臺北市,大同區,臺北市大同區鄭州路145號,121.5088882446,25.0506916046,A,個案管理服務,臺北市,大安區,02-25989917,B5646@tpech.gov.tw,王智弘,20250101.0,20261231.0,20241231 20:27:02
臺北市立聯合醫院,B20100030,B2,臺北市,大同區,臺北市大同區鄭州路145號,121.5088882446,25.0506916046,A,個案管理服務,臺北市,大同區,02-25989917,B5646@tpech.gov.tw,王智弘,20250101.0,20261231.0,20241231 17:41:00
財團法人伊甸社會福利基金會-坪林水柳腳公共托老中心(社照C),BD0200036,BD,新北市,坪林區,新北市坪林區坪林里坪碇路6號,121.7052993774,24.9354152679,C,巷弄長照站,新北市,坪林區,0226658373,eden7787@eden.org.tw,成亮,20220101.0,20221231.0,20220503 09:53:08
財團法人台灣基督長老教會泰雅爾中會烏來教會,BD0200034,BD,新北市,烏來區,新北市烏來區烏來里環山路82巷3號,121.5485458374,24.8633842468,C,巷弄長照站,新北市,烏來區,02-26616172,yuminmaya@gmail.com,尤命．哈用,20190101.0,20191231.0,20200420 11:57:50
臺北市立聯合醫院,B20100030,B2,臺北市,大同區,臺北市大同區鄭州路145號,121.5088882446,25.0506916046,A,個案管理服務,臺北市,大同區,02-25989917,B5646@tpech.gov.tw,王智弘,20230101.0,20241231.0,20230208 09:03:23
臺北市立聯合醫院,B20100030,B2,臺北市,大同區,臺北市大同區鄭州路145號,121.5088882446,25.0506916046,A,個案管理服務,臺北市,南港區,02-25989917,B5646@tpech.gov.tw,王智弘,20230101.0,20241231.0,20230208 09:02:54
臺北市立聯合醫院,B20100030,B2,臺北市,大同區,臺北市大同區鄭州路145號,121.5088882446,25.0506916046,A,個案管理服務,臺北市,士林區,02-25989917,B5646@tpech.gov.tw,王智弘,20250101.0,20261231.0,20241231 17:39:17
財團法人臺北市阿瑪社會福利慈善事業基金會,BD0100060,BD,臺北市,大安區,臺北市大安區永康里信義路二段148巷6號1樓,121.528503418,25.0329818726,C,巷弄長照站,臺北市,大安區,02-23212663,amah21486@gmail.com,蘇淳瑩,20190101.0,20211231.0,20210407 15:20:15
大立亨租賃有限公司,BA0200003,BA,新北市,新店區,新北市新店區北新路三段40號,121.5423202515,24.9797668457,B,交通接送服務,新北市,板橋區;三重區;中和區;永和區;新莊區;新店區;樹林區;土城區;蘆洲區;深坑區;石碇區;烏來區,02-29175757,a0922455004@gmail.com,林勝文,20250101.0,20271231.0,20241219 14:48:35
新北市生活關懷協會,BF0200085,BF,新北市,新莊區,新北市新莊區四維路125巷15之3號,121.423614502,25.0226707458,B,營養餐飲服務,新北市,石碇區,0978880536,ygz168@yahoo.com,孫德勝,20220101.0,20241231.0,20220408 16:17:27
社團法人中華民國香柏樹長者社區關懷協會(社照C),BE0200034,BE,新北市,新店區,新北市新店區復興里北新路三段225號3樓,121.5398406982,24.986082077,C,巷弄長照站,新北市,新店區,02-23632096,Kunlin65@gmail.com,蘇奕璋,20220101.0,20221231.0,20220503 10:28:01
社團法人博芳照顧關懷及共享協會(社照C),BE0200035,BE,新北市,三峽區,新北市三峽區礁溪里中華路15巷13號,121.3738632202,24.9314861298,C,巷弄長照站,新北市,三峽區,00,sw@hok.com.tw,朱雲鵬,20230101.0,20231231.0,20230526 11:09:09
新北市汐止區鄉長社區發展協會(社照C),BF0200087,BF,新北市,汐止區,新北市汐止區鄉長里長江街287-1號,121.6648254395,25.0816917419,C,巷弄長照站,新北市,汐止區,0935-979-999,Paul0518@outlook.com,蘇筠淇,20240101.0,20241231.0,20240514 14:09:30
新北市私立長恩老人長期照顧中心(養護型),A10200319,A1,新北市,新莊區,新北市新莊區海山里中正路387、389、393號4樓,121.4642944336,25.0405483246,B,喘息服務,新北市,板橋區;三重區;中和區;永和區;新莊區;新店區;樹林區;鶯歌區;三峽區;淡水區;汐止區;瑞芳區;土城區;蘆洲區;五股區;泰山區;林口區;深坑區;石碇區;坪林區;三芝區;石門區;八里區;平溪區;雙溪區;貢寮區;金山區;萬里區;烏來區,(02)22013158,changen3158@gmail.com,吳待芬,20250101.0,20271231.0,20241216 11:57:36
新北市私立迦勒老人長期照顧中心(養護型),A10200322,A1,新北市,土城區,新北市土城區延壽路9號,121.4713287354,24.9903087616,B,喘息服務,新北市,板橋區;三重區;中和區;永和區;新莊區;新店區;樹林區;鶯歌區;三峽區;淡水區;汐止區;瑞芳區;土城區;蘆洲區;五股區;泰山區;林口區;深坑區;石碇區;坪林區;三芝區;石門區;八里區;平溪區;雙溪區;貢寮區;金山區;萬里區;烏來區,(02)82621968,c09977584@gmail.com,林美燕,20250101.0,20271231.0,20241220 11:33:07
新北市私立祐安老人長期照顧中心(養護型),A10200323,A1,新北市,三重區,新北市三重區自強路四段6、8號3樓,121.4902191162,25.0786361694,B,喘息服務,新北市,板橋區;三重區;中和區;永和區;新莊區;新店區;樹林區;鶯歌區;三峽區;淡水區;汐止區;瑞芳區;土城區;蘆洲區;五股區;泰山區;林口區;深坑區;石碇區;坪林區;三芝區;石門區;八里區;平溪區;雙溪區;貢寮區;金山區;萬里區;烏來區,02-22866311,a004026x@yahoo.com.tw,黃鼎晉,20250101.0,20271231.0,20250113 10:51:06
新北市私立好家園老人長期照顧中心(養護型),A10200328,A1,新北市,汐止區,新北市汐止區興福里福德路38號2樓,121.635635376,25.0672550201,B,喘息服務,臺北市,松山區;信義區;大安區;中山區;中正區;大同區;萬華區;文山區;南港區;內湖區;士林區;北投區,02-26926777,goodhomeland123@gmail.com,李質穎,20250101.0,20261231.0,20241231 11:44:48
新北市私立好家園老人長期照顧中心(養護型),A10200328,A1,新北市,汐止區,新北市汐止區興福里福德路38號2樓,121.635635376,25.0672550201,B,喘息服務,新北市,板橋區;三重區;中和區;永和區;新莊區;新店區;樹林區;鶯歌區;三峽區;淡水區;汐止區;瑞芳區;土城區;蘆洲區;五股區;泰山區;林口區;深坑區;石碇區;坪林區;三芝區;石門區;八里區;平溪區;雙溪區;貢寮區;金山區;萬里區;烏來區,02-26926777,goodhomeland123@gmail.com,李質穎,20250101.0,20271231.0,20250110 16:22:22
財團法人台北市立心慈善基金會附設新北市私立三重溪美社區長照機構,2S0200017,2,新北市,三重區,新北市三重區溪美里溪尾街73號5樓,121.4906005859,25.0778560638,B,喘息服務,新北市,三重區,02-29763458,lishin.ximei@gmail.com,洪金桐,20250101.0,20271231.0,20241225 14:02:10
財團法人私立廣恩老人養護中心附設新北市私立瑞芳明燈社區長照機構,2S0200018,2,新北市,瑞芳區,新北市瑞芳區龍興里明燈路三段2號2樓,121.8088989258,25.1077709198,B,小規模多機能服務,新北市,瑞芳區,02-24063888,rueifang103@gmail.com,林偉峰,20250101.0,20271231.0,20241226 11:11:37
財團法人私立廣恩老人養護中心附設新北市私立瑞芳明燈社區長照機構,2S0200018,2,新北市,瑞芳區,新北市瑞芳區龍興里明燈路三段2號2樓,121.8088989258,25.1077709198,C,巷弄長照站,新北市,瑞芳區,02-24063888,rueifang103@gmail.com,林偉峰,20240101.0,20241231.0,20240514 14:30:53
衛生福利部樂生療養院,B20200052,B2,新北市,新莊區,新北市新莊區中正路794號,121.4098510742,25.0216217041,B,專業照護服務,新北市,板橋區;三重區;中和區;永和區;新莊區;樹林區;土城區;蘆洲區;五股區;泰山區;林口區,02-82006600,fenny9494@gmail.com,王偉傑,20250101.0,20271231.0,20241226 09:47:18
財團法人私立廣恩老人養護中心附設新北市私立瑞芳明燈社區長照機構,2S0200018,2,新北市,瑞芳區,新北市瑞芳區龍興里明燈路三段2號2樓,121.8088989258,25.1077709198,B,小規模多機能服務,基隆市,中正區;七堵區;暖暖區;仁愛區;中山區;安樂區;信義區,02-24063888,rueifang103@gmail.com,林偉峰,20231206.0,20250421.0,20250214 10:45:21
財團法人私立廣恩老人養護中心附設新北市私立瑞芳明燈社區長照機構,2S0200018,2,新北市,瑞芳區,新北市瑞芳區龍興里明燈路三段2號2樓,121.8088989258,25.1077709198,B,喘息服務,基隆市,中正區;信義區,02-24063888,rueifang103@gmail.com,林偉峰,20250422.0,20270330.0,20250418 09:09:44
臺北市私立麗康居家長照機構,1X0100009,1,臺北市,中山區,臺北市中山區中山北路二段162號7樓之1（706）室,121.5223007202,25.0632133484,B,居家服務,臺北市,中山區;中正區;大同區;萬華區;士林區,02-25532379,lily641130@gmail.com,吳麗鳳,20240101.0,20261231.0,20240513 14:00:14
臺北市私立麗康居家長照機構,1X0100009,1,臺北市,中山區,臺北市中山區中山北路二段162號7樓之1（706）室,121.5223007202,25.0632133484,B,喘息服務,臺北市,中山區;中正區;大同區;萬華區;士林區,02-25532379,lily641130@gmail.com,吳麗鳳,20241014.0,20261231.0,20241015 09:03:35
財團法人私立廣恩老人養護中心附設新北市私立瑞芳明燈社區長照機構,2S0200018,2,新北市,瑞芳區,新北市瑞芳區龍興里明燈路三段2號2樓,121.8088989258,25.1077709198,B,喘息服務,基隆市,中正區;七堵區;暖暖區;仁愛區;中山區;安樂區;信義區,02-24063888,rueifang103@gmail.com,林偉峰,20240422.0,20250421.0,20240527 17:58:44
財團法人私立廣恩老人養護中心附設新北市私立瑞芳明燈社區長照機構,2S0200018,2,新北市,瑞芳區,新北市瑞芳區龍興里明燈路三段2號2樓,121.8088989258,25.1077709198,B,小規模多機能服務,基隆市,中正區;信義區,02-24063888,rueifang103@gmail.com,林偉峰,20250422.0,20270330.0,20250418 09:07:12
新北市私立立穎居家長照機構,1X0200020,1,新北市,中和區,新北市中和區立德街204號3樓,121.5117874146,24.9852313995,B,營養餐飲服務,新北市,中和區,02-86686651,liinhomecare@gmail.com,周惠貞,20250101.0,20250131.0,20250122 14:35:54
台灣基督長老教會馬偕醫療財團法人附設臺北市私立大同昌吉社區長照機構,2S0100017,2,臺北市,大同區,臺北市大同區蓬萊里昌吉街52號9至10樓,121.5163421631,25.0658149719,B,日間照顧服務,臺北市,松山區;信義區;大安區;中山區;中正區;大同區;萬華區;文山區;南港區;內湖區;士林區;北投區,02-2598-8710,yufang.3243@mmh.org.tw,蕭聰穎,20180101.0,20221231.0,20230221 11:36:15
台灣受恩整合服務股份有限公司附設新北市私立受恩居家長照機構,1V0200006,1,新北市,永和區,新北市永和區得和路103號3樓,121.5146102905,25.0109806061,A,個案管理服務,新北市,三重區;永和區,8660-5972,eric.li@stipendiary.tw,劉庭軒,20250101.0,20250630.0,20241231 16:29:36
台灣受恩整合服務股份有限公司附設新北市私立受恩居家長照機構,1V0200006,1,新北市,永和區,新北市永和區得和路103號3樓,121.5146102905,25.0109806061,B,居家服務,新北市,中和區;永和區,8660-5972,eric.li@stipendiary.tw,劉庭軒,20250101.0,20271231.0,20241217 14:13:01
樂格適小客車租賃有限公司,BA0200005,BA,新北市,新莊區,新北市新莊區復興路二段196巷2弄9-3號,121.4589614868,25.0440998077,B,交通接送服務,新北市,板橋區;三重區;中和區;永和區;新莊區;新店區;汐止區;瑞芳區;蘆洲區;五股區;泰山區;深坑區;石碇區;坪林區;平溪區;雙溪區;烏來區,02-77469759,driveryeah3196@gmail.com,葉書含,20250101.0,20271231.0,20241224 09:12:09
財團法人伊甸社會福利基金會(松山區八德路),BD0100061,BD,臺北市,松山區,臺北市松山區復勢里八德路三段155巷4弄35號1樓,121.5556030273,25.0489234924,C,巷弄長照站,臺北市,松山區,25702560分機23,eden7964@eden.org.tw,成亮,20190101.0,20211231.0,20210412 13:54:08
有新藥局,B30200025,B3,新北市,三峽區,新北市三峽區學勤路18號,121.3741531372,24.9453983307,B,專業照護服務,新北市,鶯歌區;三峽區;土城區,02-26710769,yuhsinrx@gmail.com,陳思萍,20250101.0,20271231.0,20241225 16:50:12
同仁院醫療財團法人萬華醫院附設居家護理所,B10100054,B1,臺北市,萬華區,臺北市萬華區中華路2段606巷6號,121.5098266602,25.0240497589,B,專業照護服務,臺北市,中正區;大同區;萬華區,2305-9292 #603,wanhwahc88@yahoo.com.tw,蕭竹生,20210101.0,20221231.0,20221221 13:53:32
臺北市立聯合醫院,B20100030,B2,臺北市,大同區,臺北市大同區鄭州路145號,121.5088882446,25.0506916046,A,個案管理服務,臺北市,大同區,02-25989917,B5646@tpech.gov.tw,王智弘,20230101.0,20241231.0,20230208 09:02:48
臺北市立聯合醫院,B20100030,B2,臺北市,大同區,臺北市大同區鄭州路145號,121.5088882446,25.0506916046,A,個案管理服務,臺北市,南港區,02-25989917,B5646@tpech.gov.tw,王智弘,20250101.0,20261231.0,20241231 17:36:37
衛生福利部樂生療養院,B20200052,B2,新北市,新莊區,新北市新莊區中正路794號,121.4098510742,25.0216217041,B,專業照護服務(CC01),新北市,板橋區;三重區;中和區;永和區;新莊區;新店區;樹林區;鶯歌區;三峽區;淡水區;汐止區;瑞芳區;土城區;蘆洲區;五股區;泰山區;林口區;深坑區;石碇區;坪林區;三芝區;石門區;八里區;平溪區;雙溪區;貢寮區;金山區;萬里區;烏來區,02-82006600,fenny9494@gmail.com,王偉傑,20220101.0,20241231.0,20230802 17:19:14
衛生福利部樂生療養院,B20200052,B2,新北市,新莊區,新北市新莊區中正路794號,121.4098510742,25.0216217041,B,專業照護服務,新北市,板橋區;三重區;中和區;永和區;新莊區;樹林區;土城區;蘆洲區;五股區;泰山區;林口區,02-82006600,fenny9494@gmail.com,王偉傑,20220101.0,20241231.0,20220302 11:53:17
臺北市私立璞馨居家長照機構,1X0100012,1,臺北市,萬華區,臺北市萬華區忠德里東園街66巷21弄51號2樓,121.4953765869,25.0266094208,B,居家服務,臺北市,中山區;中正區;大同區;萬華區,02-23056626,pushin23056626@gmail.com,李凱婷,20240101.0,20261231.0,20231229 16:35:45
臺北市立萬芳醫院–委託臺北醫學大學辦理附設居家護理所,B10100056,B1,臺北市,文山區,臺北市文山區萬美街一段25號B1,121.5583267212,25.0003051758,B,專業照護服務,臺北市,文山區,2930-7930 #1863,93116@w.tmu.edu.tw,何雲仙,20230224.0,20241231.0,20230302 09:55:44
臺北市立萬芳醫院–委託臺北醫學大學辦理附設居家護理所,B10100056,B1,臺北市,文山區,臺北市文山區萬美街一段25號B1,121.5583267212,25.0003051758,B,專業照護服務,臺北市,文山區,2930-7930 #1863,93116@w.tmu.edu.tw,何雲仙,20250101.0,20261231.0,20241030 09:36:38
新北市私立禾安居家長照機構,1X0200024,1,新北市,板橋區,新北市板橋區柏翠里華江一路578號8樓,121.4735794067,25.0354099274,B,喘息服務,新北市,板橋區;中和區;永和區;土城區,2950-6287,heanservice@gmail.com,黃朝偉,20250101.0,20271231.0,20241217 13:55:31
旺得福居家物理治療所,B40100025,B4,臺北市,中山區,臺北市中山區民權西路20號10樓之11,121.553276062,25.0291194916,B,專業照護服務(CC01),新北市,板橋區;三重區;中和區;永和區;新莊區;新店區;樹林區;鶯歌區;三峽區;淡水區;汐止區;瑞芳區;土城區;蘆洲區;五股區;泰山區;林口區;深坑區;石碇區;坪林區;三芝區;石門區;八里區;平溪區;雙溪區;貢寮區;金山區;萬里區;烏來區,02-28113890,spring85331@hotmail.com,沈春儀,20220101.0,20241231.0,20230802 17:19:14
挺好居家職能治療所,B50100016,B5,臺北市,北投區,臺北市北投區石牌路二段130巷4號,121.5174484253,25.117641449,B,專業照護服務,臺北市,松山區;信義區;大安區;中山區;中正區;大同區;萬華區;文山區;南港區;內湖區;士林區;北投區,0970-595-059,ihcr3975@gmail.com,栢添源,20190501.0,20201231.0,20190823 10:46:48
樂親居家職能治療所,B50100017,B5,臺北市,萬華區,臺北市萬華區和平西路三段396號106室,121.4909744263,25.0353431702,B,專業照護服務(CC01),新北市,板橋區;三重區;中和區;永和區;新莊區;新店區;樹林區;鶯歌區;三峽區;淡水區;汐止區;瑞芳區;土城區;蘆洲區;五股區;泰山區;林口區;深坑區;石碇區;坪林區;三芝區;石門區;八里區;平溪區;雙溪區;貢寮區;金山區;萬里區;烏來區,0971-119-909,happylc888@gmail.com,林煜涵,20250101.0,20271231.0,20241205 15:33:19
社團法人台灣多元社會福利協會,BE0100062,BE,臺北市,北投區,臺北市北投區溫泉里溫泉里68-10號,121.5049057007,25.1349697113,C,巷弄長照站,臺北市,北投區,02-28921099,tapdsw@gmail.com,林政緯,20190101.0,20211231.0,20210412 11:04:07
清福醫院,B20200056,B2,新北市,三峽區,新北市三峽區介壽路一段286號2樓,121.3801803589,24.9290332794,A,個案管理服務,新北市,板橋區;樹林區;鶯歌區;三峽區,02-26739288,yuan19762@gmail.com,王炯琅,20250101.0,20250630.0,20241231 16:16:02
欣昇復健科診所,B20100031,B2,臺北市,大安區,臺北市大安區復興南路一段283號,121.5438537598,25.0354976654,B,居家失能個案家庭醫師照護服務,臺北市,松山區;信義區;大安區;中山區;中正區;大同區;萬華區;文山區;南港區;內湖區;士林區;北投區,2700-8805,xsrehab@gmail.com,洪維,20190730.0,20201231.0,20191005 19:00:35
欣昇復健科診所,B20100031,B2,臺北市,大安區,臺北市大安區復興南路一段283號,121.5438537598,25.0354976654,B,專業照護服務,臺北市,松山區;信義區;大安區;中山區;中正區;大同區;萬華區;文山區;南港區;內湖區;士林區;北投區,2700-8805,xsrehab@gmail.com,洪維,20190730.0,20201231.0,20190821 09:44:26
太豐交通有限公司,BA0100004,BA,臺北市,文山區,臺北市文山區景福街196號,121.5378494263,24.9943199158,B,交通接送服務,新北市,板橋區;三重區;中和區;永和區;新莊區;新店區;樹林區;鶯歌區;三峽區;淡水區;汐止區;瑞芳區;土城區;蘆洲區;五股區;泰山區;林口區;深坑區;石碇區;坪林區;三芝區;石門區;八里區;平溪區;雙溪區;貢寮區;金山區;萬里區;烏來區,02-29182234,Raymon-cl@hotmail.com,林勝華,20250101.0,20271231.0,20241223 10:25:35
全福物理治療所,B40100024,B4,臺北市,大安區,臺北市大安區忠孝東路三段10巷3號7樓,121.5335769653,25.0412921906,B,專業照護服務,臺北市,松山區;信義區;大安區;中山區;中正區;大同區;萬華區;文山區;南港區;內湖區;士林區;北投區,0909-179-279,s09179279@gmail.com,徐振瑋,20190401.0,20201231.0,20210112 11:44:14
北台灣無障礙運輸產業工會,BA0200007,BA,新北市,中和區,新北市中和區連勝街159號5樓,121.4942245483,24.9965553284,B,交通接送服務(DA01),桃園市,桃園區;中壢區;大溪區;楊梅區;蘆竹區;大園區;龜山區;八德區;龍潭區;平鎮區;新屋區;觀音區,02-77515349,mick9319@yahoo.com.tw,林垂穎,20230522.0,20261231.0,20250102 09:34:23
旺得福居家物理治療所,B40100025,B4,臺北市,中山區,臺北市中山區民權西路20號10樓之11,121.553276062,25.0291194916,B,專業照護服務(CC01),新北市,板橋區;三重區;中和區;永和區;新莊區;新店區;樹林區;鶯歌區;三峽區;淡水區;汐止區;土城區;蘆洲區;五股區;泰山區;林口區;八里區,02-28113890,spring85331@hotmail.com,沈春儀,20250101.0,20271231.0,20241225 16:59:35
旺得福居家物理治療所,B40100025,B4,臺北市,中山區,臺北市中山區民權西路20號10樓之11,121.553276062,25.0291194916,B,專業照護服務,臺北市,松山區;信義區;大安區;中山區;中正區;大同區;萬華區;文山區;南港區;內湖區;士林區;北投區,02-28113890,spring85331@hotmail.com,沈春儀,20250101.0,20261231.0,20241105 18:35:18
樂親居家職能治療所,B50100017,B5,臺北市,萬華區,臺北市萬華區和平西路三段396號106室,121.4909744263,25.0353431702,B,專業照護服務(CC01),新北市,板橋區;三重區;中和區;永和區;新莊區;新店區;樹林區;鶯歌區;三峽區;淡水區;汐止區;瑞芳區;土城區;蘆洲區;五股區;泰山區;林口區;深坑區;石碇區;坪林區;三芝區;石門區;八里區;平溪區;雙溪區;貢寮區;金山區;萬里區;烏來區,0971-119-909,happylc888@gmail.com,林煜涵,20220101.0,20241231.0,20230802 17:19:14
樂親居家職能治療所,B50100017,B5,臺北市,萬華區,臺北市萬華區和平西路三段396號106室,121.4909744263,25.0353431702,B,專業照護服務,新北市,板橋區;三重區;中和區;永和區;新莊區;新店區;樹林區;鶯歌區;三峽區;淡水區;汐止區;瑞芳區;土城區;蘆洲區;五股區;泰山區;林口區;深坑區;石碇區;坪林區;三芝區;石門區;八里區;平溪區;雙溪區;貢寮區;金山區;萬里區;烏來區,0971-119-909,happylc888@gmail.com,林煜涵,20220101.0,20241231.0,20220126 15:46:36
樂親居家職能治療所,B50100017,B5,臺北市,萬華區,臺北市萬華區和平西路三段396號106室,121.4909744263,25.0353431702,B,專業照護服務,新北市,板橋區;三重區;中和區;永和區;新莊區;新店區;樹林區;鶯歌區;三峽區;淡水區;汐止區;瑞芳區;土城區;蘆洲區;五股區;泰山區;林口區;深坑區;石碇區;坪林區;三芝區;石門區;八里區;平溪區;雙溪區;貢寮區;金山區;萬里區;烏來區,0971-119-909,happylc888@gmail.com,林煜涵,20250101.0,20271231.0,20241205 15:32:57
社團法人中華民國照顧服務員專業發展協會新北市貢寮福隆公共托老中心(社照C),BE0200025,BE,新北市,貢寮區,新北市貢寮區福隆里福隆街60號2樓,121.9457321167,25.0183792114,C,巷弄長照站,新北市,貢寮區,22651680,fulongcareworkertw@gmail.com,陳貴芝,20220101.0,20221231.0,20220509 09:11:32
社團法人愛福家協會附設新北市私立新莊新豐社區長照機構,2R0200002,2,新北市,新莊區,新北市新莊區西盛里樹新路226號4樓,121.4313583374,25.0001468658,B,日間照顧服務,新北市,板橋區;新莊區;樹林區;土城區,02-22500177,rd07@ilive.org.tw,涂林德媛,20250101.0,20271231.0,20250113 11:29:26
旺得福居家物理治療所,B40100025,B4,臺北市,中山區,臺北市中山區民權西路20號10樓之11,121.553276062,25.0291194916,B,專業照護服務,新北市,板橋區;三重區;中和區;永和區;新莊區;新店區;樹林區;鶯歌區;三峽區;淡水區;汐止區;土城區;蘆洲區;五股區;泰山區;林口區;八里區,02-28113890,spring85331@hotmail.com,沈春儀,20220101.0,20241231.0,20220210 15:10:00
旺得福居家物理治療所,B40100025,B4,臺北市,中山區,臺北市中山區民權西路20號10樓之11,121.553276062,25.0291194916,B,專業照護服務,新北市,板橋區;三重區;中和區;永和區;新莊區;新店區;樹林區;鶯歌區;三峽區;淡水區;汐止區;土城區;蘆洲區;五股區;泰山區;林口區;八里區,02-28113890,spring85331@hotmail.com,沈春儀,20250101.0,20271231.0,20241225 16:59:15
台灣基督長老教會馬偕醫療財團法人淡水馬偕紀念醫院八里區龍源里(醫事C),B20200055,B2,新北市,八里區,新北市八里區龍源里龍米路一段223-1號,121.4509277344,25.1319465637,C,巷弄長照站,新北市,八里區,02-28094661轉2160,love771005.b718@mmh.org.tw,廖麗華,20190701.0,20191231.0,20190828 18:52:16
聯合營養諮詢中心,B60200002,B6,新北市,新店區,新北市新店區寶宏路5-1號4樓,121.549369812,24.9761791229,B,專業照護服務,新北市,板橋區;三重區;新莊區;新店區;樹林區;鶯歌區;三峽區;土城區,02-29182689,uncc222@gmail.com,胡蘊玉,20250101.0,20271231.0,20250110 11:33:32
新北市私立聯順居家式服務類長期照顧服務機構-景福里巷弄長照(醫事C),B10200083,B1,新北市,中和區,新北市中和區景福里捷運路109號1樓,121.5078277588,24.9901046753,C,巷弄長照站,新北市,板橋區;中和區,(02)2968-5077分機160,newtaipeia@thn-buurtzorg.com,汪秋蓉,20190401.0,20201231.0,20210220 10:31:21
社團法人中華健康美好生活協會(洲美),BE0100061,BE,臺北市,北投區,臺北市北投區洲美里福美街207號,121.5050048828,25.1000919342,C,巷弄長照站,臺北市,北投區,0910302055,abaaroma@gmail.com,林佳蓉,20190101.0,20211231.0,20210412 10:58:53
新北仁康醫院,B20200044,B2,新北市,新店區,新北市新店區安康路二段323號,121.4996490479,24.9555416107,B,專業照護服務,新北市,中和區;永和區;新店區,02-22152345,njkhservice@gmail.com,康義勝,20220101.0,20241231.0,20220318 13:58:25
新北仁康醫院,B20200044,B2,新北市,新店區,新北市新店區安康路二段323號,121.4996490479,24.9555416107,B,專業照護服務,新北市,中和區;永和區;新店區,02-22152345,njkhservice@gmail.com,康義勝,20250101.0,20271231.0,20241226 11:27:50
衛生福利部樂生療養院,B20200052,B2,新北市,新莊區,新北市新莊區中正路794號,121.4098510742,25.0216217041,B,專業照護服務(CC01),新北市,板橋區;三重區;中和區;永和區;新莊區;樹林區;土城區;蘆洲區;五股區;泰山區;林口區,02-82006600,fenny9494@gmail.com,王偉傑,20250101.0,20271231.0,20241226 09:48:05
臺北市私立璞馨居家長照機構,1X0100012,1,臺北市,萬華區,臺北市萬華區忠德里東園街66巷21弄51號2樓,121.4953765869,25.0266094208,B,喘息服務,臺北市,松山區;信義區;大安區;中山區;中正區;大同區;萬華區;文山區;南港區;內湖區;士林區;北投區,02-23056626,pushin23056626@gmail.com,李凱婷,20190828.0,20241231.0,20221229 21:24:44
臺北市私立璞馨居家長照機構,1X0100012,1,臺北市,萬華區,臺北市萬華區忠德里東園街66巷21弄51號2樓,121.4953765869,25.0266094208,B,居家服務,臺北市,中山區;中正區;大同區;萬華區,02-23056626,pushin23056626@gmail.com,李凱婷,20220101.0,20231231.0,20211230 15:08:17
臺北市私立璞馨居家長照機構,1X0100012,1,臺北市,萬華區,臺北市萬華區忠德里東園街66巷21弄51號2樓,121.4953765869,25.0266094208,B,喘息服務,臺北市,松山區;信義區;大安區;中山區;中正區;大同區;萬華區;文山區;南港區;內湖區;士林區;北投區,02-23056626,pushin23056626@gmail.com,李凱婷,20250101.0,20261231.0,20241126 11:06:42
社團法人新北市國度關懷協會(社照C),BE0200031,BE,新北市,三重區,新北市三重區過田里重新路四段39-1號4樓,121.4881057739,25.0577259064,C,巷弄長照站,新北市,三重區,,fish556.nicole@gmail.com,張聰光,20220101.0,20231231.0,20230530 18:43:21
新北市生活關懷協會,BF0200085,BF,新北市,新莊區,新北市新莊區四維路125巷15之3號,121.423614502,25.0226707458,B,營養餐飲服務,新北市,石碇區,0978880536,ygz168@yahoo.com,孫德勝,20250101.0,20250131.0,20250122 14:41:02
居芮股份有限公司附設新北市私立和芮居家長照機構,1V0200008,1,新北市,新店區,新北市新店區中興路三段138號9樓之1,121.5446548462,24.9803009033,A,個案管理服務,新北市,新店區,2912-1860,4tsaimh0530@gmail.com,蔡賢聲,20250101.0,20250630.0,20241231 15:57:16
新北市私立禾安居家長照機構,1X0200024,1,新北市,板橋區,新北市板橋區柏翠里華江一路578號8樓,121.4735794067,25.0354099274,B,居家服務,新北市,板橋區;中和區;永和區;土城區,2950-6287,heanservice@gmail.com,黃朝偉,20250101.0,20271231.0,20241217 13:54:56
北台灣無障礙運輸產業工會,BA0200007,BA,新北市,中和區,新北市中和區連勝街159號5樓,121.4942245483,24.9965553284,B,交通接送服務,新北市,板橋區;三重區;中和區;永和區;新莊區;新店區;樹林區;鶯歌區;三峽區;淡水區;汐止區;瑞芳區;土城區;蘆洲區;五股區;泰山區;林口區;深坑區;三芝區;石門區;八里區,02-77515349,mick9319@yahoo.com.tw,林垂穎,20250101.0,20271231.0,20241224 11:58:17
新北市私立樂智居家長照機構,1X0200018,1,新北市,中和區,新北市中和區中正路1207號2樓之2,121.4800033569,25.0101394653,B,喘息服務,新北市,板橋區;中和區,02-22710871,aa5174aa@gmail.com,許雅婷,20250101.0,20271231.0,20250402 15:40:20
新北市私立樂智居家長照機構,1X0200018,1,新北市,中和區,新北市中和區中正路1207號2樓之2,121.4800033569,25.0101394653,B,喘息服務,新北市,板橋區;中和區,02-22710871,aa5174aa@gmail.com,許雅婷,20250101.0,20250331.0,20250402 15:40:33
順康醫療器材有限公司三峽分公司,BB0200005,BB,新北市,三峽區,新北市三峽區中山路238巷9號,121.3626098633,24.9379043579,B,輔具及居家無障礙環境服務,臺中市,中區;東區;南區;西區;北區;西屯區;南屯區;北屯區;豐原區;東勢區;大甲區;清水區;沙鹿區;梧棲區;后里區;神岡區;潭子區;大雅區;新社區;石岡區;外埔區;大安區;烏日區;大肚區;龍井區;霧峰區;太平區;大里區;和平區,02-86716208,surewellcome@gmail.com,陳秀足,20240624.0,20270630.0,20240625 18:40:42
台灣基督長老教會馬偕醫療財團法人附設臺北市私立大同昌吉社區長照機構,2S0100017,2,臺北市,大同區,臺北市大同區蓬萊里昌吉街52號9至10樓,121.5163421631,25.0658149719,B,日間照顧服務,臺北市,松山區;信義區;大安區;中山區;中正區;大同區;萬華區;文山區;南港區;內湖區;士林區;北投區,02-2598-8710,yufang.3243@mmh.org.tw,蕭聰穎,20230101.0,20251231.0,20230221 11:35:39
新北市畫眉鳥晚香玉協會(社照C),BF0200088,BF,新北市,樹林區,新北市樹林區東陽里前鎮街467號,121.4126052856,24.9821853638,C,巷弄長照站,新北市,樹林區,0921-153426,shulin_yuhina@yahoo.com.tw,姜葉淑琴,20220101.0,20221231.0,20220503 10:34:38
社團法人愛福家協會附設新北市私立新莊新豐社區長照機構,2R0200002,2,新北市,新莊區,新北市新莊區西盛里樹新路226號4樓,121.4313583374,25.0001468658,B,喘息服務,新北市,板橋區;新莊區;樹林區;土城區,02-22500177,rd07@ilive.org.tw,涂林德媛,20250101.0,20271231.0,20250113 11:30:20
聯合營養諮詢中心,B60200002,B6,新北市,新店區,新北市新店區寶宏路5-1號4樓,121.549369812,24.9761791229,B,專業照護服務,新北市,板橋區;三重區;中和區;永和區;新莊區;新店區;樹林區;土城區;蘆洲區,02-29182689,uncc222@gmail.com,胡蘊玉,20220101.0,20241231.0,20220318 11:19:18
(新北)財團法人伊甸社會福利基金會,BD0100056,BD,臺北市,文山區,臺北市文山區萬美街一段55號3樓；通訊：新北市中和區中山路二段351號8樓之9,121.5681152344,25.0023422241,B,交通接送服務,新北市,板橋區;三重區;中和區;永和區;新莊區;新店區;樹林區;鶯歌區;三峽區;淡水區;汐止區;瑞芳區;土城區;蘆洲區;五股區;泰山區;林口區;深坑區;石碇區;坪林區;三芝區;石門區;八里區;平溪區;雙溪區;貢寮區;金山區;萬里區;烏來區,02-2221-9531,edenC0619@eden.org.tw,陳宇昭,20250101.0,20271231.0,20241225 09:04:04
居芮股份有限公司附設新北市私立和芮居家長照機構,1V0200008,1,新北市,新店區,新北市新店區中興路三段138號9樓之1,121.5446548462,24.9803009033,B,居家服務,新北市,中和區;永和區;新店區;深坑區,2912-1860,4tsaimh0530@gmail.com,蔡賢聲,20250101.0,20271231.0,20241224 09:45:55
仁禾護理之家,A30200114,A3,新北市,三芝區,新北市三芝區四棧橋53之3號、53之3號二樓、53之3號三樓,121.4837341309,25.2651805878,B,喘息服務,臺北市,松山區;信義區;大安區;中山區;中正區;大同區;萬華區;文山區;南港區;內湖區;士林區;北投區,26365111,s22885959@yahoo.com.tw,康秋芬,20250101.0,20261231.0,20250204 14:46:32
新北市私立皇佳老人長期照顧中心(養護型),A10200347,A1,新北市,中和區,新北市中和區中原里中山路二段562號,121.4830093384,25.005197525,B,喘息服務,臺北市,松山區;信義區;大安區;中山區;中正區;大同區;萬華區;文山區;南港區;內湖區;士林區;北投區,02-22261133,royal2226@gmail.com,黃伯超,20191113.0,20241231.0,20221230 19:15:54
新北市私立皇佳老人長期照顧中心(養護型),A10200347,A1,新北市,中和區,新北市中和區中原里中山路二段562號,121.4830093384,25.005197525,B,喘息服務,臺北市,松山區;信義區;大安區;中山區;中正區;大同區;萬華區;文山區;南港區;內湖區;士林區;北投區,02-22261133,royal2226@gmail.com,黃伯超,20250101.0,20261231.0,20241231 11:31:44
新北市私立中原老人長期照顧中心(養護型),A10200348,A1,新北市,中和區,新北市中和區中山路2段560號6樓、6樓之1,121.4831237793,25.005235672,B,喘息服務,臺北市,松山區;信義區;大安區;中山區;中正區;大同區;萬華區;文山區;南港區;內湖區;士林區;北投區,02-22286187,Jhongyuan104@gmail.com,黃明發,20191113.0,20241231.0,20221230 19:16:50
新北市私立家興居家長照機構,1X0200026,1,新北市,板橋區,新北市板橋區重慶路278巷6號1樓,121.4492492676,24.9938049316,B,喘息服務,新北市,板橋區;中和區;新莊區;樹林區;土城區,0913-569857,ida700714@gmail.com,高嘉慈,20250101.0,20271231.0,20241205 14:00:29
新北市私立大德老人長期照顧中心(養護型),A10200343,A1,新北市,三重區,新北市三重區福隆里三和路四段103之1號,121.4868164062,25.0767879486,B,喘息服務,新北市,板橋區;三重區;中和區;永和區;新莊區;新店區;樹林區;鶯歌區;三峽區;淡水區;汐止區;瑞芳區;土城區;蘆洲區;五股區;泰山區;林口區;深坑區;石碇區;坪林區;三芝區;石門區;八里區;平溪區;雙溪區;貢寮區;金山區;萬里區;烏來區,02-22870555,dd72700679@gmail.com,許浩崇,20250101.0,20271231.0,20241223 14:39:31
新北市私立一德老人長期照顧中心(養護型),A10200346,A1,新北市,中和區,新北市中和區中原里中山路二段560號7樓,121.4831771851,25.0052185059,B,喘息服務,新北市,板橋區;三重區;中和區;永和區;新莊區;新店區;樹林區;鶯歌區;三峽區;淡水區;汐止區;瑞芳區;土城區;蘆洲區;五股區;泰山區;林口區;深坑區;石碇區;坪林區;三芝區;石門區;八里區;平溪區;雙溪區;貢寮區;金山區;萬里區;烏來區,02-22286655,eder22286655@gmail.com,鍾昭明,20250101.0,20271231.0,20241203 11:45:35
新北市私立皇佳老人長期照顧中心(養護型),A10200347,A1,新北市,中和區,新北市中和區中原里中山路二段562號,121.4830093384,25.005197525,B,喘息服務,新北市,板橋區;三重區;中和區;永和區;新莊區;新店區;樹林區;鶯歌區;三峽區;淡水區;汐止區;瑞芳區;土城區;蘆洲區;五股區;泰山區;林口區;深坑區;石碇區;坪林區;三芝區;石門區;八里區;平溪區;雙溪區;貢寮區;金山區;萬里區;烏來區,02-22261133,royal2226@gmail.com,黃伯超,20250101.0,20271231.0,20241220 16:48:30
新北市私立中原老人長期照顧中心(養護型),A10200348,A1,新北市,中和區,新北市中和區中山路2段560號6樓、6樓之1,121.4831237793,25.005235672,B,喘息服務,臺北市,松山區;信義區;大安區;中山區;中正區;大同區;萬華區;文山區;南港區;內湖區;士林區;北投區,02-22286187,Jhongyuan104@gmail.com,黃明發,20250101.0,20261231.0,20241231 11:32:58
新北市私立莊敬老人長期照顧中心(養護型),A10200355,A1,新北市,新店區,新北市新店區明德里中正路521巷1號、3號3樓,121.5334854126,24.9852390289,B,喘息服務,新北市,板橋區;三重區;中和區;永和區;新莊區;新店區;樹林區;鶯歌區;三峽區;淡水區;汐止區;瑞芳區;土城區;蘆洲區;五股區;泰山區;林口區;深坑區;石碇區;坪林區;三芝區;石門區;八里區;平溪區;雙溪區;貢寮區;金山區;萬里區;烏來區,02-2218-5571,paolinching@yahoo.com.tw,石朝元,20250101.0,20271231.0,20250110 11:12:58
臺北市立萬芳醫院-委託臺北醫學大學辦理附設護理之家,A30100026,A3,臺北市,文山區,臺北市文山區興隆路三段111號12樓,121.5583267212,25.0003051758,B,喘息服務,臺北市,松山區;信義區;大安區;中山區;中正區;大同區;萬華區;文山區;南港區;內湖區;士林區;北投區,02 29307930轉52901,101226@w.tmu.edu.tw,黃彥睿,20240826.0,20261231.0,20240827 09:17:14
安養照護發展促進協會(社照C),BF0200092,BF,新北市,林口區,新北市林口區菁湖里中山路188號1樓之3,121.3893508911,25.0790843964,C,巷弄長照站,新北市,林口區,0988587216,amy650509@hotmail.com,高主安,20220101.0,20221231.0,20220503 09:06:02
社團法人中華基督教合一宣教協會,BE0100069,BE,臺北市,大安區,臺北市大安區義村里忠孝東路三段136號13樓,121.5377960205,25.0415039062,C,巷弄長照站,臺北市,大安區,02-87720775,divine201056@gmail.com,黃貴鳳,20190101.0,20211231.0,20210407 15:43:58
新北市私立沐心老人長期照顧中心(養護型),A10200344,A1,新北市,三重區,新北市三重區中興里重新路五段635之2號1-3樓,121.467338562,25.0439090729,B,喘息服務,新北市,板橋區;三重區;中和區;永和區;新莊區;新店區;樹林區;鶯歌區;三峽區;淡水區;汐止區;瑞芳區;土城區;蘆洲區;五股區;泰山區;林口區;深坑區;石碇區;坪林區;三芝區;石門區;八里區;平溪區;雙溪區;貢寮區;金山區;萬里區;烏來區,02-29990737,mmuxin0737@gmail.com,王寶琇,20250101.0,20271231.0,20241218 11:55:30
中華民國樂齡生活規劃協會(中港站)(社照C),BE0200026,BE,新北市,新莊區,新北市新莊區自強里中港路288巷53號1樓,121.4544448853,25.0450248718,C,巷弄長照站,新北市,新莊區,85210176,nhppkn@gmail.com,陳宏定,20240101.0,20241231.0,20240704 15:02:22
社團法人台灣雙福禮拜堂協會(社照C),BE0200030,BE,新北市,中和區,新北市中和區漳和里新北市中和區漳和里中和路102號B1樓,121.5022735596,24.9996604919,C,巷弄長照站,新北市,中和區,02-22429266#12,beidinglin@gmail.com,林貝錠,20220101.0,20221231.0,20220502 16:56:58
新北市私立聯順居家式服務類長期照顧服務機構-景福里巷弄長照(醫事C),B10200083,B1,新北市,中和區,新北市中和區景福里捷運路109號1樓,121.5078277588,24.9901046753,C,巷弄長照站,新北市,板橋區;中和區,(02)2968-5077分機160,newtaipeia@thn-buurtzorg.com,汪秋蓉,20210101.0,20211231.0,20210525 17:08:55
新北市三芝區衛生所,B20200064,B2,新北市,三芝區,新北市三芝區埔坪里中山路一段12號,121.5038299561,25.2564544678,A,個案管理服務,新北市,三芝區,02-26362007,tpc259@ntpc.gov.tw,魏宏光,20250101.0,20250630.0,20241231 15:26:06
新北市八里區衛生所,B20200065,B2,新北市,八里區,新北市八里區舊城里舊城路16號,121.4001312256,25.146522522,B,居家失能個案家庭醫師照護服務,新北市,八里區,(02)26102137,AJ9007@ntpc.gov.tw,翁慈羚,20250101.0,20271231.0,20250113 16:30:16
財團法人伊甸社會福利基金會附設新北市三峽身心障礙福利服務中心,A20200059,A2,新北市,三峽區,新北市三峽區龍埔里國光街12巷10號1樓,121.3760528564,24.9372653961,B,營養餐飲服務,新北市,三峽區,02-26741778#206,eden2009@eden.org.tw,羅紀琼,20220101.0,20241231.0,20220322 17:16:15
財團法人伊甸社會福利基金會附設新北市三峽身心障礙福利服務中心,A20200059,A2,新北市,三峽區,新北市三峽區龍埔里國光街12巷10號1樓,121.3760528564,24.9372653961,B,營養餐飲服務,新北市,三峽區,02-26741778#206,eden2009@eden.org.tw,羅紀琼,20250101.0,20250131.0,20250122 14:44:20
仁禾護理之家,A30200114,A3,新北市,三芝區,新北市三芝區四棧橋53之3號、53之3號二樓、53之3號三樓,121.4837341309,25.2651805878,B,喘息服務,臺北市,松山區;信義區;大安區;中山區;中正區;大同區;萬華區;文山區;南港區;內湖區;士林區;北投區,26365111,s22885959@yahoo.com.tw,康秋芬,20210527.0,20241231.0,20230202 16:47:28
新北市私立同心老人長期照顧中心(養護型),A10200345,A1,新北市,土城區,新北市土城區中央路四段127號9-10樓、9樓之1、10樓之1、11樓之1,121.416305542,24.9575424194,B,喘息服務,新北市,板橋區;三重區;中和區;永和區;新莊區;新店區;樹林區;鶯歌區;三峽區;淡水區;汐止區;瑞芳區;土城區;蘆洲區;五股區;泰山區;林口區;深坑區;石碇區;坪林區;三芝區;石門區;八里區;平溪區;雙溪區;貢寮區;金山區;萬里區;烏來區,02-22679979,n810129@yahoo.com.tw,林順凱,20250101.0,20271231.0,20241218 14:17:24
新北市萬里區衛生所,B20200062,B2,新北市,萬里區,新北市萬里區瑪鋉路157號,121.6897125244,25.1783313751,A,個案管理服務,新北市,萬里區,02-24921117,tpc266@ntpc.gov.tw, 劉尚霖,20250101.0,20250630.0,20241231 16:36:07
新北市萬里區衛生所,B20200062,B2,新北市,萬里區,新北市萬里區瑪鋉路157號,121.6897125244,25.1783313751,B,喘息服務,新北市,萬里區,02-24921117,tpc266@ntpc.gov.tw, 劉尚霖,20250101.0,20271231.0,20241220 09:53:42
新北市萬里區衛生所,B20200062,B2,新北市,萬里區,新北市萬里區瑪鋉路157號,121.6897125244,25.1783313751,B,居家失能個案家庭醫師照護服務,新北市,萬里區,02-24921117,tpc266@ntpc.gov.tw, 劉尚霖,20250101.0,20271231.0,20241220 09:53:54
新北市三芝區衛生所,B20200064,B2,新北市,三芝區,新北市三芝區埔坪里中山路一段12號,121.5038299561,25.2564544678,B,居家失能個案家庭醫師照護服務,新北市,三芝區,02-26362007,tpc259@ntpc.gov.tw,魏宏光,20250101.0,20271231.0,20241227 09:23:22
台灣受恩整合服務股份有限公司附設新北市私立受恩居家長照機構,1V0200006,1,新北市,永和區,新北市永和區得和路103號3樓,121.5146102905,25.0109806061,B,喘息服務,新北市,三重區;中和區;永和區,8660-5972,eric.li@stipendiary.tw,劉庭軒,20250101.0,20271231.0,20241217 14:13:38
回復點藥局,B30100007,B3,臺北市,大安區,臺北市大安區大安路一段65號2樓之1,121.5462799072,25.0425357819,B,專業照護服務,臺北市,大安區,2721-8597,recoverypointmacy@gmail.com,許凱婷,20190307.0,20201231.0,20190821 15:17:34
旺得福居家物理治療所,B40100025,B4,臺北市,中山區,臺北市中山區民權西路20號10樓之11,121.553276062,25.0291194916,B,專業照護服務,臺北市,松山區;信義區;大安區;中山區;中正區;大同區;萬華區;文山區;南港區;內湖區;士林區;北投區,02-28113890,spring85331@hotmail.com,沈春儀,20190501.0,20241231.0,20221229 22:47:28
樂親居家職能治療所,B50100017,B5,臺北市,萬華區,臺北市萬華區和平西路三段396號106室,121.4909744263,25.0353431702,B,專業照護服務,臺北市,松山區;信義區;大安區;中山區;中正區;大同區;萬華區;文山區;南港區;內湖區;士林區;北投區,0971-119-909,happylc888@gmail.com,林煜涵,20220714.0,20241231.0,20221229 22:18:17
樂親居家職能治療所,B50100017,B5,臺北市,萬華區,臺北市萬華區和平西路三段396號106室,121.4909744263,25.0353431702,B,專業照護服務,臺北市,松山區;信義區;大安區;中山區;中正區;大同區;萬華區;文山區;南港區;內湖區;士林區;北投區,0971-119-909,happylc888@gmail.com,林煜涵,20250101.0,20261231.0,20241101 10:29:04
適康復健科診所,B20100035,B2,臺北市,內湖區,臺北市內湖區文德路141號,121.5843048096,25.0787162781,B,專業照護服務,臺北市,松山區;信義區;大安區;中山區;中正區;大同區;萬華區;文山區;南港區;內湖區;士林區;北投區,0920-095-460,g39110004@gmail.com,陳建宏,19210701.0,20201231.0,20190823 11:58:53
台灣基督長老教會馬偕醫療財團法人淡水馬偕紀念醫院八里區龍源里(醫事C),B20200055,B2,新北市,八里區,新北市八里區龍源里龍米路一段223-1號,121.4509277344,25.1319465637,C,巷弄長照站,新北市,淡水區,02-28094661轉2160,love771005.b718@mmh.org.tw,廖麗華,20190401.0,20211231.0,20210526 18:03:50
新北市私立溫馨居家長照機構,1X0200028,1,新北市,樹林區,新北市樹林區和平里中華路61號1樓,121.4233932495,24.9832019806,A,個案管理服務,新北市,樹林區,8686-6101,homecare6101@gmail.com,董莉馨,20250101.0,20250630.0,20241231 15:54:28
新北市私立溫馨居家長照機構,1X0200028,1,新北市,樹林區,新北市樹林區和平里中華路61號1樓,121.4233932495,24.9832019806,B,居家服務,新北市,樹林區;土城區,8686-6101,homecare6101@gmail.com,董莉馨,20250101.0,20271231.0,20241204 15:19:31
大直復健科診所,B20100038,B2,臺北市,中山區,臺北市中山區北安路630巷25弄16號,121.549911499,25.0836029053,B,居家失能個案家庭醫師照護服務,臺北市,松山區;中山區;大同區;南港區;士林區,85096879,paoshow@hotmail.com,陳奕錫,20190906.0,20241231.0,20241021 15:39:51
大直復健科診所,B20100038,B2,臺北市,中山區,臺北市中山區北安路630巷25弄16號,121.549911499,25.0836029053,B,居家失能個案家庭醫師照護服務,臺北市,松山區;中山區;大同區;南港區;士林區,85096879,paoshow@hotmail.com,陳奕錫,20250101.0,20261231.0,20250204 16:27:05
居芮股份有限公司附設新北市私立和芮居家長照機構,1V0200008,1,新北市,新店區,新北市新店區中興路三段138號9樓之1,121.5446548462,24.9803009033,B,喘息服務,新北市,中和區;永和區;新店區;深坑區,2912-1860,4tsaimh0530@gmail.com,蔡賢聲,20250101.0,20271231.0,20241224 09:46:29
新北市私立家興居家長照機構,1X0200026,1,新北市,板橋區,新北市板橋區重慶路278巷6號1樓,121.4492492676,24.9938049316,B,居家服務,新北市,板橋區;中和區;新莊區;樹林區;土城區,0913-569857,ida700714@gmail.com,高嘉慈,20250101.0,20271231.0,20241205 13:59:40
新北市私立佳耀居家長照機構,1X0200033,1,新北市,淡水區,新北市淡水區幸福里學府路75號1樓,121.4483795166,25.1699790955,B,居家服務,新北市,板橋區;三重區;中和區;永和區;新店區;淡水區;蘆洲區;八里區,2621-1321,jiayao1321@gmail.com,張瑜玲,20250101.0,20271231.0,20241218 14:43:54
新北市烏來區衛生所,B20200061,B2,新北市,烏來區,新北市烏來區新烏路五段109號,121.5476074219,24.8710193634,B,交通接送服務,新北市,烏來區,02 26617200,tpc270@ntpc.gov.tw,温傑,20250101.0,20271231.0,20241227 14:38:41
巴歌浪,BF0200069,BF,新北市,中和區,新北市中和區連和里建康路270號4樓,121.4929962158,25.0001068115,C,巷弄長照站,新北市,中和區,02-8245-9893,ccchungdaw@mohw.gov.tw,林花麗,20190101.0,20191231.0,20190912 15:07:36
金大心股份有限公司附設新北市私立金大心居家長照機構,1V0200005,1,新北市,新莊區,新北市新莊區西盛里新樹路515之36號1至4樓,121.4328308105,25.0109882355,C,巷弄長照站,新北市,新莊區,0988190973,tracy092060324@gmail.com,吳秉珊,20210501.0,20211231.0,20210526 10:28:13
新北市私立佳耀居家長照機構,1X0200033,1,新北市,淡水區,新北市淡水區幸福里學府路75號1樓,121.4483795166,25.1699790955,B,專業照護服務,新北市,板橋區;三重區;中和區;永和區;新店區;淡水區;蘆洲區;八里區,2621-1321,jiayao1321@gmail.com,張瑜玲,20250101.0,20271231.0,20241218 14:45:11
臺北市私立跑居家長照機構,1X0100014,1,臺北市,士林區,臺北市士林區葫東里重慶北路4段250號3樓313室,121.5113525391,25.0866317749,B,居家服務,臺北市,松山區;中山區;中正區;大同區;萬華區;士林區;北投區,02-28161255,rcago313@gmail.com,吳正昕,20240101.0,20261231.0,20231229 18:29:48
臺北市私立跑居家長照機構,1X0100014,1,臺北市,士林區,臺北市士林區葫東里重慶北路4段250號3樓313室,121.5113525391,25.0866317749,B,居家服務,臺北市,中山區;大同區;士林區,02-28161255,rcago313@gmail.com,吳正昕,20191125.0,20211231.0,20201203 18:24:09
旅北都蘭部落文化藝術團-新北市三峽區三鶯文化健站(原住C),BF0200076,BF,新北市,三峽區,新北市三峽區龍學里隆恩街158巷3弄50號,121.365562439,24.9457302094,B,喘息服務,新北市,三峽區,02-35012847,miciang0516@gmail.com,徐秀武,20250101.0,20271231.0,20250103 10:58:10
金大心股份有限公司附設新北市私立金大心居家長照機構,1V0200005,1,新北市,新莊區,新北市新莊區西盛里新樹路515之36號1至4樓,121.4328308105,25.0109882355,B,喘息服務,新北市,板橋區;中和區;永和區;新莊區;樹林區,0988190973,tracy092060324@gmail.com,吳秉珊,20250101.0,20271231.0,20241225 10:26:31
金大心股份有限公司附設新北市私立金大心居家長照機構,1V0200005,1,新北市,新莊區,新北市新莊區西盛里新樹路515之36號1至4樓,121.4328308105,25.0109882355,B,專業照護服務,新北市,板橋區;中和區;永和區;新莊區;樹林區,0988190973,tracy092060324@gmail.com,吳秉珊,20220101.0,20241231.0,20220302 11:05:49
新北市私立佳耀居家長照機構,1X0200033,1,新北市,淡水區,新北市淡水區幸福里學府路75號1樓,121.4483795166,25.1699790955,B,喘息服務,新北市,板橋區;三重區;中和區;永和區;新店區;淡水區;蘆洲區;八里區,2621-1321,jiayao1321@gmail.com,張瑜玲,20250101.0,20271231.0,20241218 14:44:36
新北市私立佳耀居家長照機構,1X0200033,1,新北市,淡水區,新北市淡水區幸福里學府路75號1樓,121.4483795166,25.1699790955,B,專業照護服務,新北市,板橋區;三重區;中和區;永和區;新店區;淡水區;蘆洲區;八里區,2621-1321,jiayao1321@gmail.com,張瑜玲,20220101.0,20241231.0,20220302 10:58:03
仁新小兒科診所,B20200084,B2,新北市,三重區,新北市三重區仁愛街735號,121.4817428589,25.0805492401,B,居家失能個案家庭醫師照護服務,新北市,三重區;蘆洲區,02-28574762,lw2197871@gmail.com,楊麗芳,20250101.0,20271231.0,20250110 11:04:29
新北市三重區衛生所,B20200059,B2,新北市,三重區,新北市三重區中山里新北大道一段一號,121.491394043,25.0611915588,B,居家失能個案家庭醫師照護服務,新北市,三重區,02-2982-5233,am1172@ntpc.gov.tw,林幸玟,20250101.0,20271231.0,20250110 15:08:37
行一診所,B20100036,B2,臺北市,大安區,臺北市大安區新生南路3段19巷8號3樓之1,121.5354919434,25.0248851776,B,居家失能個案家庭醫師照護服務,臺北市,松山區;信義區;大安區;中山區;中正區;大同區;萬華區;文山區;南港區;內湖區;士林區;北投區,02-2784-0735,xingyiclinic@gmail.com,張凱評,20191005.0,20241231.0,20221230 22:06:54
臺北市私立跑居家長照機構,1X0100014,1,臺北市,士林區,臺北市士林區葫東里重慶北路4段250號3樓313室,121.5113525391,25.0866317749,B,居家服務,臺北市,松山區;中山區;中正區;大同區;萬華區;士林區;北投區,02-28161255,rcago313@gmail.com,吳正昕,20220101.0,20231231.0,20211230 10:10:25
財團法人中華文化社會福利事業基金會附設新北市私立翠柏新村老人安養中心,A10200364,A1,新北市,汐止區,新北市汐止區長青里永春一路5號,121.6032180786,25.1125164032,B,喘息服務,臺北市,松山區;信義區;大安區;中山區;中正區;大同區;萬華區;文山區;南港區;內湖區;士林區;北投區,02-26451001,na01.na02@msa.hinet.net,張正中,20250101.0,20261231.0,20241231 11:40:41
財團法人中華文化社會福利事業基金會附設新北市私立翠柏新村老人安養中心,A10200364,A1,新北市,汐止區,新北市汐止區長青里永春一路5號,121.6032180786,25.1125164032,B,交通接送服務,新北市,汐止區;深坑區;坪林區,02-26451001,na01.na02@msa.hinet.net,張正中,20250101.0,20271231.0,20241219 11:53:33
新北市私立佳嘉居家長照機構,1X0200027,1,新北市,八里區,新北市八里區荖阡里訊塘路3號3樓,121.3981323242,25.1445636749,B,喘息服務,新北市,八里區,2619-5676,jaja131488@gmail.com,林秀真,20250101.0,20271231.0,20241205 11:55:45
李文珍小兒科診所,B20100037,B2,臺北市,南港區,臺北市南港區研究院路二段74號,121.6151046753,25.0455703735,B,居家失能個案家庭醫師照護服務,臺北市,南港區,26541871,liwennchenn@gmail.com,李文珍,20190906.0,20241231.0,20221230 21:47:40
原力復健科診所,B20100039,B2,臺北市,信義區,"臺北市信義區基隆路2段145號B1,1,2樓",121.5557403564,25.0269737244,B,居家失能個案家庭醫師照護服務,臺北市,松山區;信義區;大安區;中山區;中正區;大同區;萬華區;文山區;南港區;內湖區;士林區;北投區,27327311,christine1040606@gmail.com,侯鐘堡,20190906.0,20201231.0,20191005 19:30:36
財團法人台北市私立愛愛院,A10100162,A1,臺北市,萬華區,臺北市萬華區大理街175巷27號,121.4955291748,25.0345592499,B,喘息服務,臺北市,松山區;信義區;大安區;中山區;中正區;大同區;萬華區;文山區;南港區;內湖區;士林區;北投區,02-23060493,csp1@aiai.org.tw,施武靖,20251101.0,20261231.0,20241104 10:06:49
財團法人台北市私立愛愛院,A10100162,A1,臺北市,萬華區,臺北市萬華區大理街175巷27號,121.4955291748,25.0345592499,B,喘息服務,臺北市,萬華區,02-23060493,csp1@aiai.org.tw,施武靖,20180301.0,20241231.0,20241104 10:06:00
行一診所,B20100036,B2,臺北市,大安區,臺北市大安區新生南路3段19巷8號3樓之1,121.5354919434,25.0248851776,B,居家失能個案家庭醫師照護服務,臺北市,松山區;信義區;大安區;中山區;中正區;大同區;文山區,02-2784-0735,xingyiclinic@gmail.com,張凱評,20250101.0,20261231.0,20250204 16:02:35
好家人健康長期照護事業有限公司附設新北市私立延吉居家長照機構,1V0200010,1,新北市,土城區,新北市土城區廷寮里延吉街253巷20號1樓,121.4677734375,24.9840564728,B,居家服務,新北市,板橋區;中和區;土城區,2260-5685,Shan70226@gmail.com,吳家慧,20250101.0,20271231.0,20241219 14:57:22
好家人健康長期照護事業有限公司附設新北市私立延吉居家長照機構,1V0200010,1,新北市,土城區,新北市土城區廷寮里延吉街253巷20號1樓,121.4677734375,24.9840564728,B,喘息服務,新北市,板橋區;中和區;土城區,2260-5685,Shan70226@gmail.com,吳家慧,20250101.0,20271231.0,20241219 14:57:51
財團法人台北市私立愛愛院,A10100162,A1,臺北市,萬華區,臺北市萬華區大理街175巷27號,121.4955291748,25.0345592499,B,日間照顧服務,臺北市,松山區;信義區;大安區;中山區;中正區;大同區;萬華區;文山區;南港區;內湖區;士林區;北投區,02-23060493,csp1@aiai.org.tw,施武靖,20211229.0,20231231.0,20240102 11:03:38
王永良診所,B20100042,B2,臺北市,北投區,臺北市北投區自強街94號1樓,121.5149765015,25.1106376648,B,居家失能個案家庭醫師照護服務,臺北市,北投區,0921125765,emer2314@gmail.com,王永良,20250101.0,20261231.0,20250204 16:09:30
旅北都蘭部落文化藝術團-新北市三峽區三鶯文化健站(原住C),BF0200076,BF,新北市,三峽區,新北市三峽區龍學里隆恩街158巷3弄50號,121.365562439,24.9457302094,C,巷弄長照站,新北市,鶯歌區;三峽區,02-35012847,miciang0516@gmail.com,徐秀武,20190101.0,20191231.0,20200131 20:32:22
王永良診所,B20100042,B2,臺北市,北投區,臺北市北投區自強街94號1樓,121.5149765015,25.1106376648,B,居家失能個案家庭醫師照護服務,臺北市,北投區,0921125765,emer2314@gmail.com,王永良,20191009.0,20241231.0,20221230 21:55:06
洪耳鼻喉科診所,B20100043,B2,臺北市,北投區,臺北市北投區中央南路一段43號,121.501449585,25.1322040558,B,居家失能個案家庭醫師照護服務,臺北市,北投區,0910114962,Hungtj66@ms31.hinet.net,洪德仁,20191009.0,20241231.0,20221230 21:54:31
好家人健康長期照護事業有限公司附設新北市私立延吉居家長照機構,1V0200010,1,新北市,土城區,新北市土城區廷寮里延吉街253巷20號1樓,121.4677734375,24.9840564728,A,個案管理服務,新北市,土城區,2260-5685,Shan70226@gmail.com,吳家慧,20250101.0,20250630.0,20241231 15:54:57
財團法人台北市私立愛愛院,A10100162,A1,臺北市,萬華區,臺北市萬華區大理街175巷27號,121.4955291748,25.0345592499,B,喘息服務,臺北市,松山區;信義區;大安區;中山區;中正區;大同區;萬華區;文山區;南港區;內湖區;士林區;北投區,02-23060493,csp1@aiai.org.tw,施武靖,20250101.0,20261231.0,20250204 12:02:00
財團法人台北市私立愛愛院,A10100162,A1,臺北市,萬華區,臺北市萬華區大理街175巷27號,121.4955291748,25.0345592499,A,個案管理服務,臺北市,萬華區,02-23060493,csp1@aiai.org.tw,施武靖,20230424.0,20241231.0,20230425 16:55:21
家心照服庭院股份有限公司附設新北市私立家心居家長照機構,1V0200011,1,新北市,永和區,新北市永和區中正路666巷27號1樓,121.5177688599,25.0091762543,B,居家服務,新北市,板橋區;三重區;中和區;永和區;新莊區;新店區;樹林區;鶯歌區;三峽區;淡水區;土城區;蘆洲區;五股區;林口區,2950-9009,Jxin62819@gmail.com,施凱瑄,20250101.0,20271231.0,20241203 15:57:52
新北市立聯合醫院-三重重陽據點(醫事C),B20200082,B2,新北市,三重區,新北市三重區重陽里明志街112、114號,121.4904251099,25.063583374,C,巷弄長照站,新北市,三重區,22575151轉3368,AO8667@ntpc.gov.tw,項正川,20210101.0,20211231.0,20210525 18:34:55
喜樂園長照股份有限公司附設臺北市私立喜樂園居家長照機構,1R0100011,1,臺北市,松山區,臺北市松山區吉祥里八德路4段123號2樓之4,121.5617523193,25.0487098694,B,居家服務,新北市,板橋區;三重區;中和區;永和區;新莊區;新店區;樹林區;鶯歌區;三峽區;淡水區;汐止區;土城區;蘆洲區;泰山區;林口區,27602270,formosacpa@gmail.com,張經緯,20250101.0,20271231.0,20241225 16:10:29
喜樂園長照股份有限公司附設臺北市私立喜樂園居家長照機構,1R0100011,1,臺北市,松山區,臺北市松山區吉祥里八德路4段123號2樓之4,121.5617523193,25.0487098694,B,喘息服務,新北市,板橋區;三重區;中和區;永和區;新莊區;新店區;樹林區;鶯歌區;三峽區;淡水區;汐止區;土城區;蘆洲區;泰山區;林口區,27602270,formosacpa@gmail.com,張經緯,20250101.0,20271231.0,20241225 16:11:20
新北市烏來區衛生所,B20200061,B2,新北市,烏來區,新北市烏來區新烏路五段109號,121.5476074219,24.8710193634,B,居家失能個案家庭醫師照護服務,新北市,烏來區,02 26617200,tpc270@ntpc.gov.tw,温傑,20250101.0,20271231.0,20241227 14:38:53
新北市烏來區衛生所,B20200061,B2,新北市,烏來區,新北市烏來區新烏路五段109號,121.5476074219,24.8710193634,A,個案管理服務,新北市,烏來區,02 26617200,tpc270@ntpc.gov.tw,温傑,20250101.0,20250630.0,20241231 16:36:41
仁禾護理之家,A30200114,A3,新北市,三芝區,新北市三芝區四棧橋53之3號、53之3號二樓、53之3號三樓,121.4837341309,25.2651805878,B,喘息服務,新北市,板橋區;三重區;中和區;永和區;新莊區;新店區;樹林區;鶯歌區;三峽區;淡水區;汐止區;瑞芳區;土城區;蘆洲區;五股區;泰山區;林口區;深坑區;石碇區;坪林區;三芝區;石門區;八里區;平溪區;雙溪區;貢寮區;金山區;萬里區;烏來區,26365111,s22885959@yahoo.com.tw,康秋芬,20250101.0,20271231.0,20241227 08:44:18
新北市私立中原老人長期照顧中心(養護型),A10200348,A1,新北市,中和區,新北市中和區中山路2段560號6樓、6樓之1,121.4831237793,25.005235672,B,喘息服務,新北市,板橋區;三重區;中和區;永和區;新莊區;新店區;樹林區;鶯歌區;三峽區;淡水區;汐止區;瑞芳區;土城區;蘆洲區;五股區;泰山區;林口區;深坑區;石碇區;坪林區;三芝區;石門區;八里區;平溪區;雙溪區;貢寮區;金山區;萬里區;烏來區,02-22286187,Jhongyuan104@gmail.com,黃明發,20250101.0,20271231.0,20241224 15:22:43
新北市八里區衛生所,B20200065,B2,新北市,八里區,新北市八里區舊城里舊城路16號,121.4001312256,25.146522522,A,個案管理服務,新北市,八里區,(02)26102137,AJ9007@ntpc.gov.tw,翁慈羚,20250101.0,20250630.0,20241231 15:58:37
喜樂園長照股份有限公司附設臺北市私立喜樂園居家長照機構,1R0100011,1,臺北市,松山區,臺北市松山區吉祥里八德路4段123號2樓之4,121.5617523193,25.0487098694,B,居家服務,新北市,板橋區;中和區;永和區,27602270,formosacpa@gmail.com,張經緯,20250101.0,20271231.0,20241225 16:14:39
喜樂園長照股份有限公司附設臺北市私立喜樂園居家長照機構,1R0100011,1,臺北市,松山區,臺北市松山區吉祥里八德路4段123號2樓之4,121.5617523193,25.0487098694,B,居家服務,臺北市,松山區;信義區;大安區;中山區;中正區;大同區;萬華區;文山區;南港區;內湖區;士林區;北投區,27602270,formosacpa@gmail.com,張經緯,20240101.0,20261231.0,20231229 18:41:31
喜樂園長照股份有限公司附設臺北市私立喜樂園居家長照機構,1R0100011,1,臺北市,松山區,臺北市松山區吉祥里八德路4段123號2樓之4,121.5617523193,25.0487098694,B,居家服務,臺北市,松山區;信義區;大安區;中山區;中正區;大同區;萬華區;文山區;南港區;內湖區;士林區;北投區,27602270,formosacpa@gmail.com,張經緯,20220101.0,20231231.0,20211230 14:57:48
臺北市私立雲朵社區長照機構,2X0100008,2,臺北市,中正區,臺北市中正區幸福里杭州南路1段63號4樓之1,121.526802063,25.0434741974,B,日間照顧服務,臺北市,松山區;信義區;大安區;中山區;中正區;大同區;萬華區;文山區;南港區;內湖區;士林區;北投區,02-23911898,pink121634@gmail.com,方明,20191009.0,20211231.0,20210202 15:40:35
臺北市私立雲朵社區長照機構,2X0100008,2,臺北市,中正區,臺北市中正區幸福里杭州南路1段63號4樓之1,121.526802063,25.0434741974,B,日間照顧服務,臺北市,中正區,02-23911898,pink121634@gmail.com,方明,20230101.0,20251231.0,20230207 17:16:37
臺北市私立雲朵社區長照機構,2X0100008,2,臺北市,中正區,臺北市中正區幸福里杭州南路1段63號4樓之1,121.526802063,25.0434741974,B,日間照顧服務,臺北市,松山區;信義區;大安區;中山區;中正區;大同區;萬華區;文山區;南港區;內湖區;士林區;北投區,02-23911898,pink121634@gmail.com,方明,20240101.0,20261231.0,20240102 11:59:48
有限責任臺灣第二照顧服務勞動合作社附設臺北市私立二顧居家長照機構,1R0100012,1,臺北市,中正區,臺北市中正區羅斯福路一段102號8樓,121.5088119507,25.0532798767,B,喘息服務,臺北市,松山區;信義區;大安區;中山區;中正區;大同區;萬華區;文山區;南港區;內湖區;士林區;北投區,02-25527608,tpservice@secondcare.org.tw,伍崑崙,20250101.0,20261231.0,20241122 18:22:14
有限責任臺灣第二照顧服務勞動合作社附設臺北市私立二顧居家長照機構,1R0100012,1,臺北市,中正區,臺北市中正區羅斯福路一段102號8樓,121.5088119507,25.0532798767,B,居家服務,臺北市,松山區;信義區;大安區;中山區;中正區;大同區;萬華區;文山區;南港區;內湖區;士林區;北投區,02-25527608,tpservice@secondcare.org.tw,伍崑崙,20191206.0,20231231.0,20220104 17:22:01
新北市私立五棵松居家長照機構,1X0200035,1,新北市,新店區,新北市新店區中正路125號3樓,121.5419769287,24.9711704254,B,喘息服務,新北市,板橋區;三重區;中和區;永和區;新莊區;新店區;土城區,0938-769992,xnicecare@gmail.com,劉梅芳,20250101.0,20271231.0,20241226 16:08:31
新北市私立常錦居家長照機構,1X0200036,1,新北市,板橋區,新北市板橋區重慶里國慶路149巷1弄12號1號,121.4616165161,24.9972286224,A,個案管理服務,新北市,板橋區;中和區;新莊區,8952-0607,a89520607@gmail.com,徐庭云,20250101.0,20250630.0,20241231 16:32:15
家心照服庭院股份有限公司附設新北市私立家心居家長照機構,1V0200011,1,新北市,永和區,新北市永和區中正路666巷27號1樓,121.5177688599,25.0091762543,B,喘息服務,臺北市,松山區;信義區;大安區;中山區;中正區;大同區;萬華區;文山區;南港區;內湖區;士林區;北投區,2950-9009,Jxin62819@gmail.com,施凱瑄,20250101.0,20261231.0,20241126 10:47:58
新北市立聯合醫院-三重重陽據點(醫事C),B20200082,B2,新北市,三重區,新北市三重區重陽里明志街112、114號,121.4904251099,25.063583374,B,喘息服務,新北市,三重區,22575151轉3368,AO8667@ntpc.gov.tw,項正川,20250101.0,20271231.0,20250425 11:41:33
臺北市私立雲朵社區長照機構,2X0100008,2,臺北市,中正區,臺北市中正區幸福里杭州南路1段63號4樓之1,121.526802063,25.0434741974,B,日間照顧服務,臺北市,松山區;信義區;大安區;中山區;中正區;大同區;萬華區;文山區;南港區;內湖區;士林區;北投區,02-23911898,pink121634@gmail.com,方明,20220101.0,20221231.0,20220208 12:45:03
財團法人中華文化社會福利事業基金會附設新北市私立翠柏新村老人安養中心,A10200364,A1,新北市,汐止區,新北市汐止區長青里永春一路5號,121.6032180786,25.1125164032,B,喘息服務,臺北市,松山區;信義區;大安區;中山區;中正區;大同區;萬華區;文山區;南港區;內湖區;士林區;北投區,02-26451001,na01.na02@msa.hinet.net,張正中,20181101.0,20241231.0,20221229 21:49:04
財團法人中華文化社會福利事業基金會附設新北市私立翠柏新村老人安養中心,A10200364,A1,新北市,汐止區,新北市汐止區長青里永春一路5號,121.6032180786,25.1125164032,B,喘息服務,新北市,板橋區;三重區;中和區;永和區;新莊區;新店區;樹林區;鶯歌區;三峽區;淡水區;汐止區;瑞芳區;土城區;蘆洲區;五股區;泰山區;林口區;深坑區;石碇區;坪林區;三芝區;石門區;八里區;平溪區;雙溪區;貢寮區;金山區;萬里區;烏來區,02-26451001,na01.na02@msa.hinet.net,張正中,20250101.0,20271231.0,20241219 11:53:50
家心照服庭院股份有限公司附設新北市私立家心居家長照機構,1V0200011,1,新北市,永和區,新北市永和區中正路666巷27號1樓,121.5177688599,25.0091762543,B,喘息服務,臺北市,松山區;信義區;大安區;中山區;中正區;大同區;萬華區;文山區;南港區;內湖區;士林區;北投區,2950-9009,Jxin62819@gmail.com,施凱瑄,20201005.0,20241231.0,20230202 16:55:46
家心照服庭院股份有限公司附設新北市私立家心居家長照機構,1V0200011,1,新北市,永和區,新北市永和區中正路666巷27號1樓,121.5177688599,25.0091762543,B,喘息服務,臺北市,松山區;信義區;大安區;中山區;中正區;大同區;萬華區;文山區;南港區;內湖區;士林區;北投區,2950-9009,Jxin62819@gmail.com,施凱瑄,20201005.0,20241231.0,20230202 16:55:24
家心照服庭院股份有限公司附設新北市私立家心居家長照機構,1V0200011,1,新北市,永和區,新北市永和區中正路666巷27號1樓,121.5177688599,25.0091762543,B,喘息服務,新北市,板橋區;三重區;中和區;永和區;新莊區;新店區;樹林區;鶯歌區;三峽區;淡水區;土城區;蘆洲區;五股區;林口區,2950-9009,Jxin62819@gmail.com,施凱瑄,20250101.0,20271231.0,20241203 15:58:37
喜樂園長照股份有限公司附設臺北市私立喜樂園居家長照機構,1R0100011,1,臺北市,松山區,臺北市松山區吉祥里八德路4段123號2樓之4,121.5617523193,25.0487098694,B,喘息服務,新北市,板橋區;中和區;永和區,27602270,formosacpa@gmail.com,張經緯,20250101.0,20271231.0,20241225 16:15:01
新北市私立常錦居家長照機構,1X0200036,1,新北市,板橋區,新北市板橋區重慶里國慶路149巷1弄12號1號,121.4616165161,24.9972286224,B,喘息服務,新北市,板橋區;中和區;永和區;新莊區;新店區;樹林區;土城區,8952-0607,a89520607@gmail.com,徐庭云,20250101.0,20271231.0,20241227 10:24:44
新北市私立光塩社區長照機構,2X0200004,2,新北市,淡水區,新北市淡水區新民里新民街222巷16弄12號2樓(第3層),121.4371643066,25.1800308228,B,家庭托顧服務,新北市,10;15;5;淡水區;三芝區;八里區,0933793005,hainahu58@gmail.com,胡海霞,20250101.0,20271231.0,20241225 14:39:06
寶護企業社附設新北市私立寶護居家長照機構,1X0200021,1,新北市,蘆洲區,新北市蘆洲區恆德里中山二路12號2樓,121.4753417969,25.0819358826,A,個案管理服務,新北市,蘆洲區;五股區,02-77522022,bear5583@gmail.com,王智婷,20250101.0,20250630.0,20241231 16:24:25
寶護企業社附設新北市私立寶護居家長照機構,1X0200021,1,新北市,蘆洲區,新北市蘆洲區恆德里中山二路12號2樓,121.4753417969,25.0819358826,B,喘息服務,新北市,蘆洲區;五股區,02-77522022,bear5583@gmail.com,王智婷,20250101.0,20271231.0,20241224 15:32:49
新北市私立溫馨居家長照機構,1X0200028,1,新北市,樹林區,新北市樹林區和平里中華路61號1樓,121.4233932495,24.9832019806,B,喘息服務,新北市,樹林區;土城區,8686-6101,homecare6101@gmail.com,董莉馨,20250101.0,20271231.0,20241204 15:20:10
財團法人弘道老人福利基金會,BD0100058,BD,臺北市,松山區,臺北市松山區復興北路451號1樓,121.5444335938,25.0639877319,A,個案管理服務,臺北市,松山區,02-66131314,yvonne@hondao.org.tw,王乃弘,20250101.0,20261231.0,20241231 17:54:20
新北市私立聯順居家式服務類長期照顧服務機構-永安里巷弄長照站(醫事C),B10200081,B1,新北市,板橋區,新北市板橋區永安里萬板路186號1樓,121.4761886597,25.0237064362,C,巷弄長照站,新北市,板橋區;中和區,(02)29685077分機186,thnbuutzorg@gmail.com,汪秋蓉,20190401.0,20201231.0,20210220 10:31:21
新北市私立聯順居家式服務類長期照顧服務機構-漢生里巷弄長照站(醫事C),B10200082,B1,新北市,板橋區,新北市板橋區漢生里文化路一段45巷1弄1號,121.4603729248,25.0137004852,C,巷弄長照站,新北市,板橋區;中和區,(02)29685077分機29,thnbuutzorg@gmail.com,汪秋蓉,20190401.0,20201231.0,20210220 10:31:21
財團法人弘道老人福利基金會,BD0100058,BD,臺北市,松山區,臺北市松山區復興北路451號1樓,121.5444335938,25.0639877319,A,個案管理服務,臺北市,松山區,02-66131314,yvonne@hondao.org.tw,王乃弘,20230101.0,20241231.0,20230208 09:09:04
有限責任臺灣第二照顧服務勞動合作社附設臺北市私立二顧居家長照機構,1R0100012,1,臺北市,中正區,臺北市中正區羅斯福路一段102號8樓,121.5088119507,25.0532798767,B,居家服務,臺北市,松山區;信義區;大安區;中山區;中正區;大同區;萬華區;文山區;南港區;內湖區;士林區;北投區,02-25527608,tpservice@secondcare.org.tw,伍崑崙,20240101.0,20261231.0,20231229 09:24:11
新北市私立五棵松居家長照機構,1X0200035,1,新北市,新店區,新北市新店區中正路125號3樓,121.5419769287,24.9711704254,B,居家服務,新北市,板橋區;三重區;中和區;永和區;新莊區;新店區;土城區,0938-769992,xnicecare@gmail.com,劉梅芳,20250101.0,20271231.0,20241226 16:07:44
新北市私立常錦居家長照機構,1X0200036,1,新北市,板橋區,新北市板橋區重慶里國慶路149巷1弄12號1號,121.4616165161,24.9972286224,B,專業照護服務(CC01),新北市,板橋區;三重區;中和區;永和區;新莊區;新店區;樹林區;鶯歌區;三峽區;淡水區;汐止區;瑞芳區;土城區;蘆洲區;五股區;泰山區;林口區;深坑區;石碇區;三芝區;八里區;金山區;萬里區;烏來區,8952-0607,a89520607@gmail.com,徐庭云,20250101.0,20271231.0,20241227 10:27:08
新北市私立常錦居家長照機構,1X0200036,1,新北市,板橋區,新北市板橋區重慶里國慶路149巷1弄12號1號,121.4616165161,24.9972286224,B,專業照護服務(CC01),新北市,板橋區;三重區;中和區;永和區;新莊區;新店區;樹林區;鶯歌區;三峽區;淡水區;汐止區;瑞芳區;土城區;蘆洲區;五股區;泰山區;林口區;深坑區;石碇區;三芝區;八里區;金山區;萬里區;烏來區,8952-0607,a89520607@gmail.com,徐庭云,20220101.0,20241231.0,20240529 13:50:45
新北市私立常錦居家長照機構,1X0200036,1,新北市,板橋區,新北市板橋區重慶里國慶路149巷1弄12號1號,121.4616165161,24.9972286224,B,專業照護服務,新北市,板橋區;三重區;中和區;永和區;新莊區;新店區;樹林區;鶯歌區;三峽區;淡水區;汐止區;瑞芳區;土城區;蘆洲區;五股區;泰山區;林口區;深坑區;石碇區;三芝區;八里區;金山區;萬里區;烏來區,8952-0607,a89520607@gmail.com,徐庭云,20220101.0,20241231.0,20220323 13:39:19
全人居家護理所,B10200085,B1,新北市,汐止區,新北市汐止區長興街二段60號2樓之1,121.6746444702,25.0817947388,B,專業照護服務,新北市,汐止區;瑞芳區;深坑區;平溪區;雙溪區;金山區;萬里區,0978850600,a26411710@gmail.com,呂詩婷,20220101.0,20241231.0,20221011 14:18:27
金大心股份有限公司附設新北市私立金大心居家長照機構,1V0200005,1,新北市,新莊區,新北市新莊區西盛里新樹路515之36號1至4樓,121.4328308105,25.0109882355,B,居家服務,新北市,板橋區;中和區;永和區;新莊區;樹林區,0988190973,tracy092060324@gmail.com,吳秉珊,20250101.0,20271231.0,20241225 10:25:57
金大心股份有限公司附設新北市私立金大心居家長照機構,1V0200005,1,新北市,新莊區,新北市新莊區西盛里新樹路515之36號1至4樓,121.4328308105,25.0109882355,B,專業照護服務,新北市,板橋區;中和區;永和區;新莊區;樹林區,0988190973,tracy092060324@gmail.com,吳秉珊,20250101.0,20271231.0,20241225 10:26:55
金大心股份有限公司附設新北市私立金大心居家長照機構,1V0200005,1,新北市,新莊區,新北市新莊區西盛里新樹路515之36號1至4樓,121.4328308105,25.0109882355,A,個案管理服務,新北市,板橋區;中和區;新莊區,0988190973,tracy092060324@gmail.com,吳秉珊,20250101.0,20250630.0,20241231 15:12:56
全人居家護理所,B10200085,B1,新北市,汐止區,新北市汐止區長興街二段60號2樓之1,121.6746444702,25.0817947388,B,居家失能個案家庭醫師照護服務,臺北市,南港區;內湖區,0978850600,a26411710@gmail.com,呂詩婷,20241128.0,20261231.0,20241129 11:26:58
新北市私立佳耀居家長照機構,1X0200033,1,新北市,淡水區,新北市淡水區幸福里學府路75號1樓,121.4483795166,25.1699790955,A,個案管理服務,新北市,三重區;新店區;淡水區,2621-1321,jiayao1321@gmail.com,張瑜玲,20250101.0,20250630.0,20241231 16:08:39
翁華宗小兒科診所,B20200085,B2,新北市,三重區,新北市三重區正義北路324號,121.4948654175,25.0703887939,B,居家失能個案家庭醫師照護服務,新北市,三重區;蘆洲區,02-29879872,weng306@gmail.com,翁華宗,20250101.0,20271231.0,20250113 14:22:24
臺北市私立跑居家長照機構,1X0100014,1,臺北市,士林區,臺北市士林區葫東里重慶北路4段250號3樓313室,121.5113525391,25.0866317749,B,喘息服務,臺北市,松山區;中山區;中正區;大同區;萬華區;士林區;北投區,02-28161255,rcago313@gmail.com,吳正昕,20200110.0,20241231.0,20221229 22:57:32
臺北市私立跑居家長照機構,1X0100014,1,臺北市,士林區,臺北市士林區葫東里重慶北路4段250號3樓313室,121.5113525391,25.0866317749,B,喘息服務,臺北市,松山區;中山區;中正區;大同區;萬華區;士林區;北投區,02-28161255,rcago313@gmail.com,吳正昕,20250101.0,20261231.0,20241122 18:32:23
新北市私立聯順居家式服務類長期照顧服務機構-永安里巷弄長照站(醫事C),B10200081,B1,新北市,板橋區,新北市板橋區永安里萬板路186號1樓,121.4761886597,25.0237064362,C,巷弄長照站,新北市,板橋區;中和區,(02)29685077分機186,thnbuutzorg@gmail.com,汪秋蓉,20210101.0,20211231.0,20210525 17:08:55
新北市私立聯順居家式服務類長期照顧服務機構-漢生里巷弄長照站(醫事C),B10200082,B1,新北市,板橋區,新北市板橋區漢生里文化路一段45巷1弄1號,121.4603729248,25.0137004852,C,巷弄長照站,新北市,板橋區;中和區,(02)29685077分機29,thnbuutzorg@gmail.com,汪秋蓉,20210101.0,20211231.0,20210525 17:08:55
寶護企業社附設新北市私立寶護居家長照機構,1X0200021,1,新北市,蘆洲區,新北市蘆洲區恆德里中山二路12號2樓,121.4753417969,25.0819358826,B,居家服務,新北市,蘆洲區;五股區,02-77522022,bear5583@gmail.com,王智婷,20250101.0,20271231.0,20241224 15:32:27
新北市私立佳嘉居家長照機構,1X0200027,1,新北市,八里區,新北市八里區荖阡里訊塘路3號3樓,121.3981323242,25.1445636749,B,居家服務,新北市,八里區,2619-5676,jaja131488@gmail.com,林秀真,20250101.0,20271231.0,20241205 11:55:11
李文珍小兒科診所,B20100037,B2,臺北市,南港區,臺北市南港區研究院路二段74號,121.6151046753,25.0455703735,B,居家失能個案家庭醫師照護服務,新北市,汐止區,26541871,liwennchenn@gmail.com,李文珍,20250101.0,20271231.0,20250113 10:42:15
李文珍小兒科診所,B20100037,B2,臺北市,南港區,臺北市南港區研究院路二段74號,121.6151046753,25.0455703735,B,居家失能個案家庭醫師照護服務,臺北市,南港區;內湖區,26541871,liwennchenn@gmail.com,李文珍,20250101.0,20261231.0,20250204 16:16:20
原力復健科診所,B20100039,B2,臺北市,信義區,"臺北市信義區基隆路2段145號B1,1,2樓",121.5557403564,25.0269737244,B,專業照護服務,臺北市,松山區;信義區;大安區;中山區;中正區;大同區;萬華區;文山區;南港區;內湖區;士林區;北投區,27327311,christine1040606@gmail.com,侯鐘堡,20190917.0,20201231.0,20200311 17:15:07
財團法人台北市私立愛愛院,A10100162,A1,臺北市,萬華區,臺北市萬華區大理街175巷27號,121.4955291748,25.0345592499,A,個案管理服務,臺北市,萬華區,02-23060493,csp1@aiai.org.tw,施武靖,20250101.0,20261231.0,20241231 17:27:39
財團法人台北市私立愛愛院,A10100162,A1,臺北市,萬華區,臺北市萬華區大理街175巷27號,121.4955291748,25.0345592499,B,日間照顧服務,臺北市,松山區;信義區;大安區;中山區;中正區;大同區;萬華區;文山區;南港區;內湖區;士林區;北投區,02-23060493,csp1@aiai.org.tw,施武靖,20240101.0,20261231.0,20240102 11:05:06
洪耳鼻喉科診所,B20100043,B2,臺北市,北投區,臺北市北投區中央南路一段43號,121.501449585,25.1322040558,B,居家失能個案家庭醫師照護服務,臺北市,北投區,0910114962,Hungtj66@ms31.hinet.net,洪德仁,20250101.0,20261231.0,20250204 16:10:54
臺北市士林區葫蘆里辦公處,BF0100092,BF,臺北市,士林區,臺北市士林區葫蘆里葫蘆街137號,121.508605957,25.0838012695,C,巷弄長照站,臺北市,士林區,0958972685,mrbean1685@yahoo.com.tw,許振禮,20190101.0,20211231.0,20210407 13:56:07
有限責任臺北市樂見在照顧服務勞動合作社附設私立樂見在居家長照機構,1T0100002,1,臺北市,松山區,臺北市松山區中崙里松山區八德路二段447號7樓,121.5052032471,25.1240577698,B,居家服務,臺北市,松山區;信義區;大安區;中山區;中正區;大同區;萬華區;文山區;南港區;內湖區;士林區;北投區,02-2303-0369,Lcancarer@gmail.com,倪玲娜,20190819.0,20231231.0,20211230 14:58:32
財團法人中華民國佛教慈濟慈善事業基金會-三重靜思堂關懷據點(社照C),BD0200038,BD,新北市,三重區,新北市三重區大有里中正北路450號,121.4738235474,25.0713596344,C,巷弄長照站,新北市,三重區,,littlepatty219@gmail.com,林沛慈,20230101.0,20231231.0,20230630 15:19:01
有限責任臺北市樂見在照顧服務勞動合作社附設私立樂見在居家長照機構,1T0100002,1,臺北市,松山區,臺北市松山區中崙里松山區八德路二段447號7樓,121.5052032471,25.1240577698,B,居家服務,臺北市,松山區;信義區;大安區;中山區;中正區;大同區;萬華區;文山區;南港區;內湖區;士林區;北投區,02-2303-0369,Lcancarer@gmail.com,倪玲娜,20240101.0,20261231.0,20231229 13:43:49
有限責任臺北市樂見在照顧服務勞動合作社附設私立樂見在居家長照機構,1T0100002,1,臺北市,松山區,臺北市松山區中崙里松山區八德路二段447號7樓,121.5052032471,25.1240577698,B,喘息服務,臺北市,松山區;信義區;大安區;中山區;中正區;大同區;萬華區;文山區;南港區;內湖區;士林區;北投區,02-2303-0369,Lcancarer@gmail.com,倪玲娜,20250101.0,20261231.0,20241120 11:10:12
臺北市內湖區灣仔社區發展協會,BF0100095,BF,臺北市,內湖區,臺北市內湖區寶湖里民權東路6段208號,121.5966949463,25.0676383972,C,巷弄長照站,臺北市,內湖區,0961365688,yen7679@gmail.com,顏聰明,20190101.0,20211231.0,20210408 18:06:39
益勤小客車租賃有限公司,BA0200002,BA,新北市,三峽區,新北市三峽區大觀路96號,121.3738021851,24.946811676,B,交通接送服務,新北市,三峽區,02-35012421,yxiaokeche@gmail.com,張家榞,20250101.0,20271231.0,20241226 15:39:39
財團法人伊甸社會服務基金會-鶯歌大湖公共托老中心(醫事C),BD0200042,BD,新北市,鶯歌區,新北市鶯歌區中湖里大湖路338巷2號,121.346244812,24.971075058,C,巷弄長照站,新北市,鶯歌區,2677-6759,eden7738@eden.org.tw,成亮,20200101.0,20200131.0,20210218 16:50:38
台灣基督徒見證協會(社照C),BG0200029,BG,新北市,淡水區,新北市淡水區學府路36號4樓,121.4482192993,25.1687812805,C,巷弄長照站,新北市,淡水區,02-2626-7454轉108,aiai@church.com.tw,鄭惠美,20220101.0,20231231.0,20230628 15:37:12
沐晨職能治療所,B50100013,B5,臺北市,內湖區,臺北市內湖區安泰街125巷19號5樓,121.6170425415,25.0771598816,B,專業照護服務,新北市,板橋區;三重區;中和區;永和區;新莊區;新店區;樹林區;三峽區;淡水區;汐止區;土城區;蘆洲區;五股區;泰山區;林口區;深坑區;石碇區;三芝區;石門區;八里區;金山區;萬里區;烏來區,2633-3506,muchenot@gmail.com,徐瑛雅,20250101.0,20271231.0,20241205 15:13:17
(臺北市C+)財團法人弘道老人福利基金會,BD0100062,BD,臺北市,中正區,臺北市中正區紹興北街２巷３樓４樓,121.6079330444,25.0537624359,C,巷弄長照站,臺北市,南港區,02-23221735,jinewang5@hondao.org.tw,王乃弘,20190101.0,20241231.0,20221229 22:04:33
新北市私立悠樂活居家長照機構,1X0200023,1,新北市,林口區,新北市林口區麗園一街6巷7號1樓之2,121.3753204346,25.0708503723,B,喘息服務,新北市,新莊區;泰山區;林口區,2608-5670,binjer.ictmic@gmail.com,黃富琮,20250101.0,20271231.0,20241219 11:03:02
政昇藥局,B30100005,B3,臺北市,松山區,臺北市松山區南京東路五段356號13及14樓,121.569694519,25.0510635376,B,專業照護服務,臺北市,松山區;信義區;大安區;中山區;中正區;大同區;萬華區;文山區;南港區;內湖區;士林區;北投區,2756-2756,chliu@ihealth.com.tw,陳文志,20190808.0,20201231.0,20190821 09:28:24
大安居家語言治療所,B70100003,B7,臺北市,大安區,臺北市大安區信義路三段147巷15弄5號7樓,121.5423812866,25.0351638794,B,專業照護服務,臺北市,松山區;信義區;大安區;中山區;中正區;大同區;萬華區;文山區;南港區;內湖區;士林區;北投區,2700-0737,yangkehyou@yahoo.com.tw,楊克尤,20190314.0,20241231.0,20221230 20:05:33
沐晨職能治療所,B50100013,B5,臺北市,內湖區,臺北市內湖區安泰街125巷19號5樓,121.6170425415,25.0771598816,B,專業照護服務,臺北市,松山區;信義區;文山區;南港區;內湖區,2633-3506,muchenot@gmail.com,徐瑛雅,20190223.0,20241231.0,20221230 20:17:31
安民家庭醫學科診所,B20100032,B2,臺北市,大安區,臺北市大安區大安路一段65號2樓之1,121.5462799072,25.0425357819,B,專業照護服務,臺北市,松山區;信義區;大安區;中山區;中正區;大同區;萬華區;文山區;南港區;內湖區;士林區;北投區,2721-8556,am.clinic@msa.hinet.net,林安民,20190226.0,20201231.0,20190821 14:49:59
尚好物理治療所,B40100023,B4,臺北市,士林區,臺北市士林區重慶北路四段250號3樓,121.5113601685,25.0866661072,B,專業照護服務(CC01),新北市,板橋區;三重區;中和區;永和區;新莊區;新店區;樹林區;鶯歌區;三峽區;淡水區;汐止區;瑞芳區;土城區;蘆洲區;五股區;泰山區;林口區;深坑區;石碇區;坪林區;三芝區;石門區;八里區;平溪區;雙溪區;貢寮區;金山區;萬里區;烏來區,2816-4533#325,gn01710202@gmail.com,周祺鈞,20220101.0,20241231.0,20230802 17:19:14
尚好物理治療所,B40100023,B4,臺北市,士林區,臺北市士林區重慶北路四段250號3樓,121.5113601685,25.0866661072,B,專業照護服務,新北市,板橋區;三重區;中和區;永和區;新莊區;新店區;樹林區;鶯歌區;三峽區;淡水區;汐止區;瑞芳區;土城區;蘆洲區;五股區;泰山區;林口區;深坑區;石碇區;坪林區;三芝區;石門區;八里區;平溪區;雙溪區;貢寮區;金山區;萬里區;烏來區,2816-4533#325,gn01710202@gmail.com,周祺鈞,20250101.0,20271231.0,20241204 14:52:08
新北市私立悠樂活居家長照機構,1X0200023,1,新北市,林口區,新北市林口區麗園一街6巷7號1樓之2,121.3753204346,25.0708503723,B,居家服務,新北市,新莊區;泰山區;林口區,2608-5670,binjer.ictmic@gmail.com,黃富琮,20250101.0,20271231.0,20241219 11:01:35
沐晨職能治療所,B50100013,B5,臺北市,內湖區,臺北市內湖區安泰街125巷19號5樓,121.6170425415,25.0771598816,B,專業照護服務(CC01),新北市,板橋區;三重區;中和區;永和區;新莊區;新店區;樹林區;鶯歌區;三峽區;淡水區;汐止區;瑞芳區;土城區;蘆洲區;五股區;泰山區;林口區;深坑區;石碇區;坪林區;三芝區;石門區;八里區;平溪區;雙溪區;貢寮區;金山區;萬里區;烏來區,2633-3506,muchenot@gmail.com,徐瑛雅,20220101.0,20241231.0,20230802 17:19:14
璟馨居家護理所,B10200086,B1,新北市,土城區,新北市土城區延吉里延吉街76號3樓,121.4710083008,24.9866199493,B,專業照護服務,臺北市,松山區;信義區;大安區;中山區;中正區;大同區;萬華區;文山區;南港區;內湖區;士林區;北投區,7723-0968,jxhomecare@gmail.com,洪慧珍,20190409.0,20201231.0,20190821 15:43:37
民族骨科診所(醫事C),B20200075,B2,新北市,蘆洲區,新北市蘆洲區仁義里集賢路336巷7號,121.4794311523,25.0862140656,C,巷弄長照站,新北市,蘆洲區,(02)2848-5500,winniechien@usmg.com.tw,蘇治原,20190801.0,20211231.0,20210525 18:54:55
喜樂園長照股份有限公司附設臺北市私立喜樂園居家長照機構,1R0100011,1,臺北市,松山區,臺北市松山區吉祥里八德路4段123號2樓之4,121.5617523193,25.0487098694,B,喘息服務,臺北市,松山區;信義區;大安區;中山區;中正區;大同區;萬華區;文山區;南港區;內湖區;士林區;北投區,27602270,formosacpa@gmail.com,張經緯,20191209.0,20241231.0,20221229 22:26:35
喜樂園長照股份有限公司附設臺北市私立喜樂園居家長照機構,1R0100011,1,臺北市,松山區,臺北市松山區吉祥里八德路4段123號2樓之4,121.5617523193,25.0487098694,B,喘息服務,臺北市,松山區;信義區;大安區;中山區;中正區;大同區;萬華區;文山區;南港區;內湖區;士林區;北投區,27602270,formosacpa@gmail.com,張經緯,20250101.0,20261231.0,20241122 18:26:04
有限責任臺灣第二照顧服務勞動合作社附設臺北市私立二顧居家長照機構,1R0100012,1,臺北市,中正區,臺北市中正區羅斯福路一段102號8樓,121.5088119507,25.0532798767,B,居家服務,新北市,板橋區;三重區;中和區;永和區;新莊區;蘆洲區;五股區;泰山區,02-25527608,tpservice@secondcare.org.tw,伍崑崙,20250101.0,20271231.0,20241224 15:29:48
有限責任臺灣第二照顧服務勞動合作社附設臺北市私立二顧居家長照機構,1R0100012,1,臺北市,中正區,臺北市中正區羅斯福路一段102號8樓,121.5088119507,25.0532798767,B,喘息服務,臺北市,松山區;信義區;大安區;中山區;中正區;大同區;萬華區;文山區;南港區;內湖區;士林區;北投區,02-25527608,tpservice@secondcare.org.tw,伍崑崙,20191205.0,20241231.0,20221229 20:59:40
新北市私立五棵松居家長照機構,1X0200035,1,新北市,新店區,新北市新店區中正路125號3樓,121.5419769287,24.9711704254,A,個案管理服務,新北市,新店區,0938-769992,xnicecare@gmail.com,劉梅芳,20250101.0,20250630.0,20241231 15:53:56
新北市私立常錦居家長照機構,1X0200036,1,新北市,板橋區,新北市板橋區重慶里國慶路149巷1弄12號1號,121.4616165161,24.9972286224,B,居家服務,新北市,板橋區;中和區;永和區;新莊區;新店區;樹林區;土城區,8952-0607,a89520607@gmail.com,徐庭云,20250101.0,20271231.0,20241227 10:23:34
沐晨職能治療所,B50100013,B5,臺北市,內湖區,臺北市內湖區安泰街125巷19號5樓,121.6170425415,25.0771598816,B,專業照護服務(CC01),新北市,板橋區;三重區;中和區;永和區;新莊區;新店區;樹林區;三峽區;淡水區;汐止區;土城區;蘆洲區;五股區;泰山區;林口區;深坑區;石碇區;三芝區;石門區;八里區;金山區;萬里區;烏來區,2633-3506,muchenot@gmail.com,徐瑛雅,20250101.0,20271231.0,20241205 15:13:40
沐晨職能治療所,B50100013,B5,臺北市,內湖區,臺北市內湖區安泰街125巷19號5樓,121.6170425415,25.0771598816,B,專業照護服務,新北市,板橋區;三重區;中和區;永和區;新莊區;新店區;樹林區;三峽區;淡水區;汐止區;土城區;蘆洲區;五股區;泰山區;林口區;深坑區;石碇區;三芝區;石門區;八里區;金山區;萬里區;烏來區,2633-3506,muchenot@gmail.com,徐瑛雅,20220101.0,20241231.0,20220208 14:44:21
鈺沁居家護理所,B10100057,B1,臺北市,中正區,臺北市中正區中華路一段59號3樓之6,121.5085296631,25.0413341522,B,專業照護服務,臺北市,松山區;信義區;大安區;中山區;中正區;大同區;萬華區;文山區;南港區;內湖區;士林區;北投區,2857-8811,stellatin@hotmail.com,吳宜庭,20190110.0,20201231.0,20190821 14:59:45
宏光物理治療所,B40100022,B4,臺北市,信義區,臺北市信義區虎林街38號,121.5763702393,25.0477600098,B,專業照護服務,臺北市,松山區;信義區;大安區;中山區;中正區;大同區;萬華區;文山區;南港區;內湖區;士林區;北投區,2765-1220,greatlight.ptc@gmail.com,方志宏,20190409.0,20241231.0,20221230 20:09:48
尚好物理治療所,B40100023,B4,臺北市,士林區,臺北市士林區重慶北路四段250號3樓,121.5113601685,25.0866661072,B,專業照護服務,臺北市,松山區;信義區;大安區;中山區;中正區;大同區;萬華區;文山區;南港區;內湖區;士林區;北投區,2816-4533#325,gn01710202@gmail.com,周祺鈞,20190501.0,20241231.0,20221230 20:03:36
臺北市立關渡醫院-委託臺北榮民總醫院經營附設居家護理,B10100055,B1,臺北市,北投區,臺北市北投區知行路225巷12號,121.4663543701,25.1201877594,B,專業照護服務,臺北市,北投區,2858-7000 #7809,sychang36@gandau.gov.tw,鍾秀玲,20230215.0,20241231.0,20230216 09:38:52
臺北市立關渡醫院-委託臺北榮民總醫院經營附設居家護理,B10100055,B1,臺北市,北投區,臺北市北投區知行路225巷12號,121.4663543701,25.1201877594,B,專業照護服務,臺北市,北投區,2858-7000 #7809,sychang36@gandau.gov.tw,鍾秀玲,20250101.0,20261231.0,20241018 16:54:09
起辰物理治療所,B40100021,B4,臺北市,大安區,臺北市大安區信義路四段65號3樓,121.5454864502,25.0335330963,B,專業照護服務,臺北市,松山區;信義區;大安區;中山區;中正區;大同區;萬華區;文山區;南港區;內湖區;士林區;北投區,2706-0055,probrain27060055@gmail.com,胡曼文,20250101.0,20261231.0,20241028 15:46:40
新店區中山里辦公處(社照C),BG0200028,BG,新北市,新店區,新北市新店區中山里溪園路361號1F,121.5233688354,24.9808616638,C,巷弄長照站,新北市,新店區,0955177853,Wendy40116@yahoo.com.tw,潘威志,20220101.0,20221231.0,20220503 10:20:09
新北市永和區忠孝社區發展協會(社照C),BF0200089,BF,新北市,永和區,新北市永和區頂溪里忠孝街26巷8號6樓,121.5153121948,25.0168552399,C,巷弄長照站,新北市,永和區,0229226788,mimi3849250@gmail.com,蔡美娟,20220101.0,20231231.0,20230601 19:09:40
起辰物理治療所,B40100021,B4,臺北市,大安區,臺北市大安區信義路四段65號3樓,121.5454864502,25.0335330963,B,專業照護服務,臺北市,松山區;信義區;大安區;中山區;中正區;大同區;萬華區;文山區;南港區;內湖區;士林區;北投區,2706-0055,probrain27060055@gmail.com,胡曼文,20190219.0,20241231.0,20221230 20:06:29
社團法人台灣樂活服務發展協會中和連城站(社照C),BE0200029,BE,新北市,中和區,新北市中和區連城里新北市中和區連城里連城路89巷36號,121.4973983765,24.9987411499,C,巷弄長照站,新北市,中和區,0920074192,joy.family@seed.net.tw,馬瑞辰,20220101.0,20221231.0,20220502 16:56:32
台灣基督長老教會馬偕醫療財團法人淡水馬偕紀念醫院淡水區油車里(醫事C),B20200047,B2,新北市,淡水區,新北市淡水區油車里淡海路32號,121.4230957031,25.1815643311,C,巷弄長照站,新北市,淡水區,02-28094661#2160,love771005.b718@mmh.org.tw,廖麗華,20190401.0,20211231.0,20210526 18:03:50
台灣基督長老教會馬偕醫療財團法人淡水馬偕紀念醫院淡水區竹圍里(醫事C),B20200048,B2,新北市,淡水區,新北市淡水區竹圍里民族路31號,121.4610977173,25.1368103027,C,巷弄長照站,新北市,淡水區,02-28094661#2160,love771005.b718@mmh.org.tw,廖麗華,20190401.0,20211231.0,20210526 18:03:50
朗朗語言治療所,B70100004,B7,臺北市,中正區,臺北市中正區忠孝西路一段45號11樓之4,121.5179367065,25.0462818146,B,專業照護服務,臺北市,松山區;信義區;大安區;中山區;中正區;大同區;萬華區;文山區;南港區;內湖區;士林區;北投區,0935-919-971,pj@ms37.url.com.tw,許珮蓁,20190401.0,20241231.0,20221229 22:07:45
純居家物理治療所,B40100026,B4,臺北市,萬華區,臺北市萬華區東園街73巷60號3樓,121.4981307983,25.0265293121,B,專業照護服務,臺北市,松山區;信義區;大安區;中山區;中正區;大同區;萬華區;文山區;南港區;內湖區;士林區;北投區,0921-607-540,charliology@gmail.com,鍾詩偉,20190801.0,20241231.0,20221229 22:20:52
可馨居家護理所,B10100058,B1,臺北市,大安區,臺北市大安區忠孝東路四段162號9樓之五室,121.5502853394,25.0412845612,B,專業照護服務,臺北市,松山區;信義區;大安區;中山區;中正區;大同區;萬華區;文山區;南港區;內湖區;士林區;北投區,2239-8785,newtype78412@yahoo.com.tw,余儒,20190401.0,20201231.0,20210112 11:43:44
禾悅物理治療所,B40100027,B4,臺北市,松山區,臺北市松山區光復北路8號2樓,121.5576629639,25.0486125946,B,專業照護服務,新北市,板橋區;三重區;中和區;永和區;新莊區;蘆洲區,2578-3923,heyuept@gmail.com,林泰維,20250101.0,20271231.0,20241217 13:50:01
新北市原住民家庭關懷協會,BF0200073,BF,新北市,汐止區,新北市汐止區山光里樟樹一路137巷26號2樓,121.6416931152,25.0693473816,C,巷弄長照站,新北市,汐止區,02-26426598,ccchungdaw@mohw.gov.tw,黃秀英,20190101.0,20191231.0,20190912 15:29:10
有限責任臺北市樂見在照顧服務勞動合作社附設私立樂見在居家長照機構,1T0100002,1,臺北市,松山區,臺北市松山區中崙里松山區八德路二段447號7樓,121.5052032471,25.1240577698,B,喘息服務,臺北市,松山區;信義區;大安區;中山區;中正區;大同區;萬華區;文山區;南港區;內湖區;士林區;北投區,02-2303-0369,Lcancarer@gmail.com,倪玲娜,20190919.0,20241231.0,20221229 22:24:25
有限責任臺北市樂見在照顧服務勞動合作社附設私立樂見在居家長照機構,1T0100002,1,臺北市,松山區,臺北市松山區中崙里松山區八德路二段447號7樓,121.5052032471,25.1240577698,B,居家服務,新北市,板橋區;淡水區,02-2303-0369,Lcancarer@gmail.com,倪玲娜,20250101.0,20271231.0,20250103 13:47:17
有限責任臺北市樂見在照顧服務勞動合作社附設私立樂見在居家長照機構,1T0100002,1,臺北市,松山區,臺北市松山區中崙里松山區八德路二段447號7樓,121.5052032471,25.1240577698,B,喘息服務,新北市,板橋區;淡水區,02-2303-0369,Lcancarer@gmail.com,倪玲娜,20250101.0,20271231.0,20250103 13:48:46
新北市蘆洲區福祿壽協會(社照C),BF0200084,BF,新北市,蘆洲區,新北市蘆洲區南港里永平街32巷69弄5號3樓,121.4597244263,25.0932731628,C,巷弄長照站,新北市,蘆洲區,,1012tsai@gmail.com,蔡月嬌,20220101.0,20221231.0,20220503 10:05:25
財團法人新北市基督徒蘆洲禮拜堂(社照C),BD0200037,BD,新北市,蘆洲區,新北市蘆洲區仁德里三民路26巷71弄2號B1,121.4785690308,25.0834770203,C,巷弄長照站,新北市,蘆洲區,,davidchiu166@yahoo.com.tw,邱大信,20220101.0,20221231.0,20220503 10:04:20
新北市政府社會局委託財團法人伊甸社會福利基金會辦理新莊頭前庄社區長照機構(新莊頭前庄障礙者日間照顧中心),2S0200024,2,新北市,新莊區,新北市新莊區幸福東路7號4樓,121.4669952393,25.0491485596,B,日間照顧服務,新北市,板橋區;三重區;中和區;永和區;新莊區;新店區;樹林區;鶯歌區;三峽區;淡水區;汐止區;瑞芳區;土城區;蘆洲區;五股區;泰山區;林口區;深坑區;石碇區;坪林區;三芝區;石門區;八里區;平溪區;雙溪區;貢寮區;金山區;萬里區;烏來區,29988020,eden9110@eden.org.tw,陳宇昭,20250101.0,20271231.0,20241220 10:54:20
新北市未來市樂活長青關懷協會(社照C),BF0200093,BF,新北市,林口區,新北市林口區湖南里文化二路一段557號3樓之2,121.3743972778,25.0774879456,C,巷弄長照站,新北市,林口區,0988587216,amy650509@hotmail.com,許秀蘭,20190901.0,20211231.0,20210511 15:00:09
知足居家物理治療所,B40200015,B4,新北市,泰山區,新北市泰山區民國街2號,121.4251480103,25.043548584,B,專業照護服務(CC01),新北市,板橋區;三重區;中和區;永和區;新莊區;新店區;樹林區;鶯歌區;三峽區;淡水區;汐止區;瑞芳區;土城區;蘆洲區;五股區;泰山區;林口區;深坑區;石碇區;坪林區;三芝區;石門區;八里區;平溪區;雙溪區;貢寮區;金山區;萬里區;烏來區,0921180817,contentmentpt@gmail.com,戴國鈞,20220101.0,20241231.0,20230802 17:19:14
新北市政府社會局委託財團法人伊甸社會福利基金會辦理新莊頭前庄社區長照機構(新莊頭前庄障礙者日間照顧中心),2S0200024,2,新北市,新莊區,新北市新莊區幸福東路7號4樓,121.4669952393,25.0491485596,B,喘息服務,新北市,板橋區;三重區;中和區;永和區;新莊區;新店區;樹林區;鶯歌區;三峽區;淡水區;汐止區;瑞芳區;土城區;蘆洲區;五股區;泰山區;林口區;深坑區;石碇區;坪林區;三芝區;石門區;八里區;平溪區;雙溪區;貢寮區;金山區;萬里區;烏來區,29988020,eden9110@eden.org.tw,陳宇昭,20250101.0,20271231.0,20241220 10:54:38
禾悅物理治療所,B40100027,B4,臺北市,松山區,臺北市松山區光復北路8號2樓,121.5576629639,25.0486125946,B,專業照護服務,新北市,板橋區;三重區;中和區;永和區;新莊區;土城區;蘆洲區;五股區,2578-3923,heyuept@gmail.com,林泰維,20220101.0,20241231.0,20220222 09:44:42
禾悅物理治療所,B40100027,B4,臺北市,松山區,臺北市松山區光復北路8號2樓,121.5576629639,25.0486125946,B,專業照護服務(CC01),新北市,板橋區;三重區;中和區;永和區;新莊區;新店區;樹林區;鶯歌區;三峽區;淡水區;汐止區;瑞芳區;土城區;蘆洲區;五股區;泰山區;林口區;深坑區;石碇區;坪林區;三芝區;石門區;八里區;平溪區;雙溪區;貢寮區;金山區;萬里區;烏來區,2578-3923,heyuept@gmail.com,林泰維,20220101.0,20241231.0,20230802 17:19:14
臺北市立聯合醫院附設仁愛護理之家,A30100021,A3,臺北市,大安區,臺北市大安區仁愛路四段10號南棟4樓,121.5453033447,25.0375404358,B,日間照顧服務,臺北市,松山區;信義區;大安區;中山區;中正區;大同區;萬華區;文山區;南港區;內湖區;士林區;北投區,"02-27093600 分機1520, 1521",b0170@tpech.gov.tw,趙國萍,20210101.0,20231231.0,20210305 13:49:46
財團法人伊甸社會服務基金會-鶯歌大湖公共托老中心(醫事C),BD0200042,BD,新北市,鶯歌區,新北市鶯歌區中湖里大湖路338巷2號,121.346244812,24.971075058,C,巷弄長照站,新北市,鶯歌區,2677-6759,eden7738@eden.org.tw,成亮,20210401.0,20211231.0,20210526 17:31:12
大安居家語言治療所,B70100003,B7,臺北市,大安區,臺北市大安區信義路三段147巷15弄5號7樓,121.5423812866,25.0351638794,B,專業照護服務,臺北市,松山區;信義區;大安區;中山區;中正區;大同區;萬華區;文山區;南港區;內湖區;士林區;北投區,2700-0737,yangkehyou@yahoo.com.tw,楊克尤,20250101.0,20261231.0,20241025 11:00:27
沐晨職能治療所,B50100013,B5,臺北市,內湖區,臺北市內湖區安泰街125巷19號5樓,121.6170425415,25.0771598816,B,專業照護服務,臺北市,松山區;信義區;大安區;中山區;中正區;大同區;萬華區;文山區;南港區;內湖區;士林區;北投區,2633-3506,muchenot@gmail.com,徐瑛雅,20250101.0,20261231.0,20241028 15:21:54
安民家庭醫學科診所,B20100032,B2,臺北市,大安區,臺北市大安區大安路一段65號2樓之1,121.5462799072,25.0425357819,B,居家失能個案家庭醫師照護服務,臺北市,松山區;信義區;大安區;中山區;士林區;北投區,2721-8556,am.clinic@msa.hinet.net,林安民,20191113.0,20221231.0,20210113 00:40:20
社團法人台灣立享長照服務教育發展協會附設新北市私立立享居家長照機構,1R0200010,1,新北市,中和區,新北市中和區橋安街9號7樓,121.4973449707,25.0067481995,B,居家服務,新北市,板橋區;三重區;中和區;永和區;新莊區;新店區;土城區;蘆洲區;五股區,2248-0061,lishnool@gmail.com,朱柏霖,20250101.0,20271231.0,20241205 15:18:15
社團法人台灣立享長照服務教育發展協會附設新北市私立立享居家長照機構,1R0200010,1,新北市,中和區,新北市中和區橋安街9號7樓,121.4973449707,25.0067481995,B,喘息服務,臺北市,松山區;大安區;中山區;中正區;大同區;萬華區;士林區,2248-0061,lishnool@gmail.com,朱柏霖,20250101.0,20261231.0,20241120 10:44:54
臺北市立聯合醫院附設仁愛護理之家,A30100021,A3,臺北市,大安區,臺北市大安區仁愛路四段10號南棟4樓,121.5453033447,25.0375404358,B,日間照顧服務,臺北市,松山區;信義區;大安區;中山區;中正區;大同區;萬華區;文山區;南港區;內湖區;士林區;北投區,"02-27093600 分機1520, 1521",b0170@tpech.gov.tw,趙國萍,20240101.0,20261231.0,20240102 14:59:05
新北市私立永瑞老人長期照顧中心(養護型),A10200356,A1,新北市,新莊區,新北市新莊區化成里化成路354號,121.4659194946,25.0492477417,B,喘息服務,新北市,板橋區;三重區;中和區;永和區;新莊區;新店區;樹林區;鶯歌區;三峽區;淡水區;汐止區;瑞芳區;土城區;蘆洲區;五股區;泰山區;林口區;深坑區;石碇區;坪林區;三芝區;石門區;八里區;平溪區;雙溪區;貢寮區;金山區;萬里區;烏來區,02-29942910,ruchang.li@msa.hinet.net,李瑞昌,20250101.0,20271231.0,20241227 08:52:39
財團法人新北市私立馨園老人養護中心,A10200362,A1,新北市,萬里區,新北市萬里區磺潭里公舘崙23之1號,121.6274032593,25.2062263489,B,喘息服務,新北市,板橋區;三重區;中和區;永和區;新莊區;新店區;樹林區;鶯歌區;三峽區;淡水區;汐止區;瑞芳區;土城區;蘆洲區;五股區;泰山區;林口區;深坑區;石碇區;坪林區;三芝區;石門區;八里區;平溪區;雙溪區;貢寮區;金山區;萬里區;烏來區,02-24989331,shinyuan24989331@gmail.com,應堃煇,20250101.0,20271231.0,20250106 09:36:49
知足居家物理治療所,B40200015,B4,新北市,泰山區,新北市泰山區民國街2號,121.4251480103,25.043548584,B,專業照護服務,新北市,板橋區;三重區;中和區;永和區;新莊區;新店區;樹林區;鶯歌區;三峽區;淡水區;汐止區;瑞芳區;土城區;蘆洲區;五股區;泰山區;林口區;深坑區;石碇區;坪林區;三芝區;石門區;八里區;雙溪區;金山區;萬里區;烏來區,0921180817,contentmentpt@gmail.com,戴國鈞,20220101.0,20241231.0,20220401 10:55:21
國立臺灣大學醫學院附設醫院北護分院附設護理之家,A30100022,A3,臺北市,萬華區,臺北市萬華區內江街87號7、8、9樓,121.5035476685,25.0417385101,B,喘息服務,臺北市,松山區;信義區;大安區;中山區;中正區;大同區;萬華區;文山區;南港區;內湖區;士林區;北投區,02-23717101分機218800,B27036@bh.ntuh.gov.tw,林金城,20250101.0,20261231.0,20250204 14:43:39
臺北市立聯合醫院附設陽明護理之家,A30100023,A3,臺北市,士林區,臺北市士林區雨聲街105號7樓,121.5315628052,25.1051940918,B,日間照顧服務,臺北市,松山區;信義區;大安區;中山區;中正區;大同區;萬華區;文山區;南港區;內湖區;士林區;北投區,02-28353456 分機6862,B1138@tpech.gov.tw,黃淑萍,20240101.0,20261231.0,20240102 11:16:44
臺北市立聯合醫院附設陽明護理之家,A30100023,A3,臺北市,士林區,臺北市士林區雨聲街105號7樓,121.5315628052,25.1051940918,B,日間照顧服務,臺北市,松山區;信義區;大安區;中山區;中正區;大同區;萬華區;文山區;南港區;內湖區;士林區;北投區,02-28353456 分機6862,B1138@tpech.gov.tw,黃淑萍,20220101.0,20231231.0,20220609 16:54:08
新北市私立再芳老人長期照顧中心(養護型),A10200351,A1,新北市,五股區,新北市五股區集福里成泰路四段10號3樓之2,121.453338623,25.1066036224,B,喘息服務,新北市,三重區;新莊區;淡水區;蘆洲區;五股區;泰山區;林口區;三芝區;八里區,02-22923158,zf22921358@gmail.com,陳丁福,20250101.0,20271231.0,20241227 14:46:25
新北市私立大坪林老人長期照顧中心(養護型),A10200352,A1,新北市,新店區,新北市新店區明德里民權路58號,121.5386657715,24.9830856323,B,喘息服務,新北市,板橋區;三重區;中和區;永和區;新莊區;新店區;樹林區;鶯歌區;三峽區;淡水區;汐止區;瑞芳區;土城區;蘆洲區;五股區;泰山區;林口區;深坑區;石碇區;坪林區;三芝區;石門區;八里區;平溪區;雙溪區;貢寮區;金山區;萬里區;烏來區,02-29111377,minilo1688@yahoo.com.tw,羅德蘭,20250101.0,20271231.0,20250106 09:35:09
新北市私立大坪林老人長期照顧中心(養護型),A10200352,A1,新北市,新店區,新北市新店區明德里民權路58號,121.5386657715,24.9830856323,B,喘息服務,臺北市,松山區;信義區;大安區;中山區;中正區;大同區;萬華區;文山區;南港區;內湖區;士林區;北投區,02-29111377,minilo1688@yahoo.com.tw,羅德蘭,20210101.0,20241231.0,20221229 22:32:44
新北市私立匯福老人長期照顧中心(養護型),A10200354,A1,新北市,新店區,新北市新店區青潭里竹林路99號,121.5545501709,24.9504032135,B,喘息服務,新北市,板橋區;三重區;中和區;永和區;新莊區;新店區;樹林區;鶯歌區;三峽區;淡水區;汐止區;瑞芳區;土城區;蘆洲區;五股區;泰山區;林口區;深坑區;石碇區;坪林區;三芝區;石門區;八里區;平溪區;雙溪區;貢寮區;金山區;萬里區;烏來區,02-22178035,a0936732090@gmail.com,廖麗如,20250101.0,20271231.0,20241205 14:21:11
新北市私立健安老人長期照顧中心(養護型),A10200357,A1,新北市,新莊區,新北市新莊區雙鳳路121號,121.4134902954,25.0278835297,B,喘息服務,新北市,板橋區;三重區;中和區;永和區;新莊區;新店區;樹林區;鶯歌區;三峽區;淡水區;汐止區;土城區;蘆洲區;五股區;泰山區;林口區,02-29031356,allways.may@msa.hinet.net,廖文義,20250101.0,20271231.0,20241205 15:03:18
社團法人台灣立享長照服務教育發展協會附設新北市私立立享居家長照機構,1R0200010,1,新北市,中和區,新北市中和區橋安街9號7樓,121.4973449707,25.0067481995,A,個案管理服務,臺北市,中正區,2248-0061,lishnool@gmail.com,朱柏霖,20250101.0,20261231.0,20241231 20:14:02
社團法人台灣立享長照服務教育發展協會附設新北市私立立享居家長照機構,1R0200010,1,新北市,中和區,新北市中和區橋安街9號7樓,121.4973449707,25.0067481995,B,喘息服務,臺北市,松山區;大安區;中山區;中正區;大同區;萬華區;士林區,2248-0061,lishnool@gmail.com,朱柏霖,20191122.0,20241231.0,20221229 22:09:34
新北市私立常春藤居家長照機構,1X0200030,1,新北市,汐止區,新北市汐止區中興里汐止區福德二路215號5樓之2,121.6384811401,25.0801506042,A,個案管理服務,新北市,汐止區;瑞芳區;深坑區;石碇區;三芝區;石門區;八里區,2642-1938,ivycareee@gmail.com,俞美娟,20250101.0,20250630.0,20241231 16:10:46
新北市私立常春藤居家長照機構,1X0200030,1,新北市,汐止區,新北市汐止區中興里汐止區福德二路215號5樓之2,121.6384811401,25.0801506042,B,居家服務,新北市,淡水區;汐止區;瑞芳區;深坑區;石碇區;三芝區;石門區;八里區,2642-1938,ivycareee@gmail.com,俞美娟,20250101.0,20271231.0,20241224 16:07:47
新北市私立常春藤居家長照機構,1X0200030,1,新北市,汐止區,新北市汐止區中興里汐止區福德二路215號5樓之2,121.6384811401,25.0801506042,B,喘息服務,新北市,淡水區;汐止區;瑞芳區;深坑區;石碇區;三芝區;石門區;八里區,2642-1938,ivycareee@gmail.com,俞美娟,20250101.0,20271231.0,20241224 16:11:35
新北市私立常春藤居家長照機構,1X0200030,1,新北市,汐止區,新北市汐止區中興里汐止區福德二路215號5樓之2,121.6384811401,25.0801506042,B,專業照護服務(CC01),新北市,三重區;永和區;新店區;鶯歌區;三峽區;淡水區;汐止區;瑞芳區;蘆洲區;五股區;林口區;深坑區;石碇區;坪林區;三芝區;石門區;八里區;平溪區;雙溪區;貢寮區;金山區;萬里區;烏來區,2642-1938,ivycareee@gmail.com,俞美娟,20250101.0,20271231.0,20241224 16:12:35
新北市私立常春藤居家長照機構,1X0200030,1,新北市,汐止區,新北市汐止區中興里汐止區福德二路215號5樓之2,121.6384811401,25.0801506042,B,營養餐飲服務,新北市,汐止區;瑞芳區,2642-1938,ivycareee@gmail.com,俞美娟,20250101.0,20250131.0,20250122 14:34:34
陳敏玲內科診所,B20200067,B2,新北市,板橋區,新北市板橋區溪崑二街97號,121.4269866943,24.9891548157,B,居家失能個案家庭醫師照護服務,新北市,板橋區;樹林區,26816661,apple.yaping168@gmail.com,陳敏玲,20250101.0,20271231.0,20250106 11:48:29
頂埔中心診所,B20200068,B2,新北市,土城區,新北市土城區中央路四段286號,121.4143066406,24.9564285278,B,居家失能個案家庭醫師照護服務,新北市,土城區,02-22671382,dr.dingpu@gmail.com,張嘉興,20250101.0,20271231.0,20241227 14:43:47
社團法人台灣立享長照服務教育發展協會附設新北市私立立享居家長照機構,1R0200010,1,新北市,中和區,新北市中和區橋安街9號7樓,121.4973449707,25.0067481995,B,喘息服務,新北市,板橋區;三重區;中和區;永和區;新莊區;新店區;土城區;蘆洲區;五股區,2248-0061,lishnool@gmail.com,朱柏霖,20250101.0,20271231.0,20241205 15:19:18
社團法人台灣立享長照服務教育發展協會附設新北市私立立享居家長照機構,1R0200010,1,新北市,中和區,新北市中和區橋安街9號7樓,121.4973449707,25.0067481995,B,居家服務,臺北市,松山區;大安區;中山區;中正區;大同區;萬華區;士林區,2248-0061,lishnool@gmail.com,朱柏霖,20191112.0,20261231.0,20231229 17:01:33
朗朗語言治療所,B70100004,B7,臺北市,中正區,臺北市中正區忠孝西路一段45號11樓之4,121.5179367065,25.0462818146,B,專業照護服務,新北市,板橋區;三重區;中和區;永和區;新莊區;土城區;蘆洲區;林口區,0935-919-971,pj@ms37.url.com.tw,許珮蓁,20250101.0,20271231.0,20241218 10:08:15
純居家物理治療所,B40100026,B4,臺北市,萬華區,臺北市萬華區東園街73巷60號3樓,121.4981307983,25.0265293121,B,專業照護服務,新北市,板橋區;三重區;中和區;永和區;新莊區;新店區;樹林區;汐止區;土城區;蘆洲區,0921-607-540,charliology@gmail.com,鍾詩偉,20250101.0,20271231.0,20241226 14:22:35
尚好物理治療所,B40100023,B4,臺北市,士林區,臺北市士林區重慶北路四段250號3樓,121.5113601685,25.0866661072,B,專業照護服務,桃園市,桃園區;中壢區;大溪區;蘆竹區;龜山區;八德區;平鎮區,2816-4533#325,gn01710202@gmail.com,周祺鈞,20240401.0,20251231.0,20240401 14:17:42
尚好物理治療所,B40100023,B4,臺北市,士林區,臺北市士林區重慶北路四段250號3樓,121.5113601685,25.0866661072,B,專業照護服務,臺北市,松山區;信義區;大安區;中山區;中正區;大同區;萬華區;文山區;南港區;內湖區;士林區;北投區,2816-4533#325,gn01710202@gmail.com,周祺鈞,20250101.0,20261231.0,20241028 15:12:19
尚好物理治療所,B40100023,B4,臺北市,士林區,臺北市士林區重慶北路四段250號3樓,121.5113601685,25.0866661072,B,專業照護服務,新北市,板橋區;三重區;中和區;永和區;新莊區;新店區;樹林區;鶯歌區;三峽區;淡水區;汐止區;瑞芳區;土城區;蘆洲區;五股區;泰山區;林口區;深坑區;石碇區;坪林區;三芝區;石門區;八里區;平溪區;雙溪區;貢寮區;金山區;萬里區;烏來區,2816-4533#325,gn01710202@gmail.com,周祺鈞,20220101.0,20241231.0,20220126 15:24:58
尚好物理治療所,B40100023,B4,臺北市,士林區,臺北市士林區重慶北路四段250號3樓,121.5113601685,25.0866661072,B,專業照護服務(CC01),新北市,板橋區;三重區;中和區;永和區;新莊區;新店區;樹林區;鶯歌區;三峽區;淡水區;汐止區;瑞芳區;土城區;蘆洲區;五股區;泰山區;林口區;深坑區;石碇區;坪林區;三芝區;石門區;八里區;平溪區;雙溪區;貢寮區;金山區;萬里區;烏來區,2816-4533#325,gn01710202@gmail.com,周祺鈞,20250101.0,20271231.0,20241204 14:52:29
禾悅物理治療所,B40100027,B4,臺北市,松山區,臺北市松山區光復北路8號2樓,121.5576629639,25.0486125946,B,專業照護服務,臺北市,松山區;信義區;大安區;中山區;中正區;大同區;萬華區;文山區;南港區;內湖區;士林區;北投區,2578-3923,heyuept@gmail.com,林泰維,20241009.0,20261231.0,20241011 10:48:55
新北市私立常春藤居家長照機構,1X0200030,1,新北市,汐止區,新北市汐止區中興里汐止區福德二路215號5樓之2,121.6384811401,25.0801506042,B,專業照護服務,新北市,三重區;新店區;鶯歌區;三峽區;淡水區;汐止區;瑞芳區;蘆洲區;五股區;林口區;深坑區;石碇區;坪林區;三芝區;石門區;八里區;平溪區;雙溪區;貢寮區;萬里區;烏來區,2642-1938,ivycareee@gmail.com,俞美娟,20220101.0,20241231.0,20220506 13:45:56
新北市私立常春藤居家長照機構,1X0200030,1,新北市,汐止區,新北市汐止區中興里汐止區福德二路215號5樓之2,121.6384811401,25.0801506042,B,專業照護服務,新北市,三重區;永和區;新店區;鶯歌區;三峽區;淡水區;汐止區;瑞芳區;蘆洲區;五股區;林口區;深坑區;石碇區;坪林區;三芝區;石門區;八里區;平溪區;雙溪區;貢寮區;金山區;萬里區;烏來區,2642-1938,ivycareee@gmail.com,俞美娟,20250101.0,20271231.0,20241224 16:12:09
國立臺灣大學醫學院附設醫院北護分院附設護理之家,A30100022,A3,臺北市,萬華區,臺北市萬華區內江街87號7、8、9樓,121.5035476685,25.0417385101,B,喘息服務,臺北市,松山區;信義區;大安區;中山區;中正區;大同區;萬華區;文山區;南港區;內湖區;士林區;北投區,02-23717101分機218800,B27036@bh.ntuh.gov.tw,林金城,20240419.0,20241231.0,20240419 09:25:13
新北市私立大坪林老人長期照顧中心(養護型),A10200352,A1,新北市,新店區,新北市新店區明德里民權路58號,121.5386657715,24.9830856323,B,喘息服務,臺北市,松山區;信義區;大安區;中山區;中正區;大同區;萬華區;文山區;南港區;內湖區;士林區;北投區,02-29111377,minilo1688@yahoo.com.tw,羅德蘭,20250101.0,20261231.0,20241231 11:26:50
知足居家物理治療所,B40200015,B4,新北市,泰山區,新北市泰山區民國街2號,121.4251480103,25.043548584,B,專業照護服務,新北市,板橋區;三重區;中和區;永和區;新莊區;新店區;樹林區;鶯歌區;三峽區;淡水區;汐止區;瑞芳區;土城區;蘆洲區;五股區;泰山區;林口區;深坑區;石碇區;坪林區;三芝區;八里區;雙溪區;金山區;萬里區;烏來區,0921180817,contentmentpt@gmail.com,戴國鈞,20250101.0,20271231.0,20250110 14:25:30
知足居家物理治療所,B40200015,B4,新北市,泰山區,新北市泰山區民國街2號,121.4251480103,25.043548584,B,專業照護服務(CC01),新北市,板橋區;三重區;中和區;永和區;新莊區;新店區;樹林區;鶯歌區;三峽區;淡水區;汐止區;瑞芳區;土城區;蘆洲區;五股區;泰山區;林口區;深坑區;石碇區;坪林區;三芝區;八里區;雙溪區;金山區;萬里區;烏來區,0921180817,contentmentpt@gmail.com,戴國鈞,20250101.0,20271231.0,20250110 14:25:56
社團法人台灣立享長照服務教育發展協會附設新北市私立立享居家長照機構,1R0200010,1,新北市,中和區,新北市中和區橋安街9號7樓,121.4973449707,25.0067481995,A,個案管理服務,臺北市,中正區,2248-0061,lishnool@gmail.com,朱柏霖,20241223.0,20241231.0,20241220 13:24:11
社團法人台灣立享長照服務教育發展協會附設新北市私立立享居家長照機構,1R0200010,1,新北市,中和區,新北市中和區橋安街9號7樓,121.4973449707,25.0067481995,A,個案管理服務,臺北市,大同區,2248-0061,lishnool@gmail.com,朱柏霖,20241223.0,20241231.0,20241220 13:26:12
社團法人台灣立享長照服務教育發展協會附設新北市私立立享居家長照機構,1R0200010,1,新北市,中和區,新北市中和區橋安街9號7樓,121.4973449707,25.0067481995,A,個案管理服務,臺北市,大同區,2248-0061,lishnool@gmail.com,朱柏霖,20250101.0,20261231.0,20241231 20:12:56
新北市私立常春藤居家長照機構,1X0200030,1,新北市,汐止區,新北市汐止區中興里汐止區福德二路215號5樓之2,121.6384811401,25.0801506042,B,專業照護服務(CC01),新北市,三重區;永和區;新店區;鶯歌區;三峽區;淡水區;汐止區;瑞芳區;蘆洲區;五股區;林口區;深坑區;石碇區;坪林區;三芝區;石門區;八里區;平溪區;雙溪區;貢寮區;金山區;萬里區;烏來區,2642-1938,ivycareee@gmail.com,俞美娟,20240613.0,20241231.0,20240619 16:29:23
德興診所(醫事C),B20200076,B2,新北市,蘆洲區,新北市蘆洲區仁德里三民路26巷31弄10號及12號1樓,121.4760055542,25.0873088837,C,巷弄長照站,新北市,蘆洲區,(02)2285-5598,gaga200476@gmail.com,蔡燿州,20190801.0,20211231.0,20210525 18:58:37
長安骨科診所(醫事C),B20200077,B2,新北市,蘆洲區,新北市蘆洲區永康里長安街277號2樓,121.458366394,25.0841674805,C,巷弄長照站,新北市,蘆洲區,28485500,winniechien@usmg.com.tw,曾耀弘,20190901.0,20211231.0,20210525 19:04:41
力健復健科診所(醫事C),B20200078,B2,新北市,汐止區,新北市汐止區智慧里大同路2段265號1樓,121.653213501,25.0661964417,C,巷弄長照站,新北市,汐止區,(02)26470755,A0975567232@gmail.com,楊威,20210101.0,20211231.0,20210526 18:33:02
全人居家護理所,B10200085,B1,新北市,汐止區,新北市汐止區長興街二段60號2樓之1,121.6746444702,25.0817947388,B,居家失能個案家庭醫師照護服務,新北市,汐止區;深坑區,0978850600,a26411710@gmail.com,呂詩婷,20250101.0,20271231.0,20250110 15:34:14
臺北市立關渡醫院-委託臺北榮民總醫院經營附設居家護理,B10100055,B1,臺北市,北投區,臺北市北投區知行路225巷12號,121.4663543701,25.1201877594,B,喘息服務,臺北市,北投區,2858-7000 #7809,sychang36@gandau.gov.tw,鍾秀玲,20180301.0,20241231.0,20230202 17:11:16
朗朗語言治療所,B70100004,B7,臺北市,中正區,臺北市中正區忠孝西路一段45號11樓之4,121.5179367065,25.0462818146,B,專業照護服務,新北市,板橋區;三重區;中和區;永和區;新莊區;土城區;蘆洲區;林口區,0935-919-971,pj@ms37.url.com.tw,許珮蓁,20220101.0,20241231.0,20220314 14:58:34
純居家物理治療所,B40100026,B4,臺北市,萬華區,臺北市萬華區東園街73巷60號3樓,121.4981307983,25.0265293121,B,專業照護服務,臺北市,松山區;信義區;大安區;中山區;中正區;大同區;萬華區;文山區;南港區;內湖區;士林區;北投區,0921-607-540,charliology@gmail.com,鍾詩偉,20250101.0,20261231.0,20241028 15:23:37
純居家物理治療所,B40100026,B4,臺北市,萬華區,臺北市萬華區東園街73巷60號3樓,121.4981307983,25.0265293121,B,專業照護服務,新北市,板橋區;三重區;中和區;永和區;新莊區;新店區;樹林區;汐止區;土城區;蘆洲區,0921-607-540,charliology@gmail.com,鍾詩偉,20220101.0,20241231.0,20220210 16:40:48
純居家物理治療所,B40100026,B4,臺北市,萬華區,臺北市萬華區東園街73巷60號3樓,121.4981307983,25.0265293121,B,專業照護服務(CC01),新北市,板橋區;三重區;中和區;永和區;新莊區;新店區;樹林區;鶯歌區;三峽區;淡水區;汐止區;瑞芳區;土城區;蘆洲區;五股區;泰山區;林口區;深坑區;石碇區;坪林區;三芝區;石門區;八里區;平溪區;雙溪區;貢寮區;金山區;萬里區;烏來區,0921-607-540,charliology@gmail.com,鍾詩偉,20220101.0,20241231.0,20230802 17:19:14
正生婦幼聯合診所(醫事C),B20200079,B2,新北市,中和區,新北市中和區和興里中正路122號3樓,121.5031204224,24.9937534332,C,巷弄長照站,新北市,中和區,22446969 轉313,baby.w0708@gmail.com,陳先正,20190901.0,20201231.0,20200206 16:10:42
新北市永和區衛生所,B20200083,B2,新北市,永和區,新北市永和區秀朗路一段137號,121.5162353516,25.0049705505,B,居家失能個案家庭醫師照護服務,新北市,永和區,02-32332780,AO3241@ntpc.gov.tw,吳依玲,20250101.0,20271231.0,20241226 16:43:32
臺北市私立安家居家長照機構,1X0100015,1,臺北市,文山區,臺北市文山區景行里景文街42號3樓302室,121.541229248,24.9917163849,B,喘息服務,新北市,新莊區,29333468,Anchia468@gmail.com,吳米加,20250101.0,20271231.0,20241213 10:24:05
和鄰長照股份有限公司附設新北市私立和鄰居家長照機構-樹林樹西據點(醫事C),1X0200025,1,新北市,樹林區,新北市樹林區樹西里啟智街72號1樓,121.4199829102,24.9921760559,B,喘息服務,新北市,樹林區,(02)7709-8518,honearshih@gmail.com,邱青萸,20250101.0,20271231.0,20250425 14:09:03
和鄰長照股份有限公司附設新北市私立和鄰居家長照機構-樹林樹西據點(醫事C),1X0200025,1,新北市,樹林區,新北市樹林區樹西里啟智街72號1樓,121.4199829102,24.9921760559,C,巷弄長照站,新北市,新店區;樹林區;鶯歌區,(02)7709-8518,honearshih@gmail.com,邱青萸,20210101.0,20211231.0,20210526 17:14:16
洪石數位生活股份有限公司附設新北市私立到咖手居家長照機構,1V0200007,1,新北市,板橋區,新北市板橋區文化路一段32巷10號1樓,121.4619827271,25.0091362,B,專業照護服務(CC01),新北市,板橋區;三重區;中和區;永和區;新莊區;新店區;樹林區;鶯歌區;三峽區;土城區;蘆洲區;五股區;泰山區,2272-6233,info@docaso885.com,林昌坤,20230101.0,20241231.0,20240227 14:44:56
洪石數位生活股份有限公司附設新北市私立到咖手居家長照機構,1V0200007,1,新北市,板橋區,新北市板橋區文化路一段32巷10號1樓,121.4619827271,25.0091362,B,喘息服務,新北市,板橋區;樹林區;三峽區,2272-6233,info@docaso885.com,林昌坤,20250101.0,20271231.0,20241217 15:30:55
洪石數位生活股份有限公司附設新北市私立到咖手居家長照機構,1V0200007,1,新北市,板橋區,新北市板橋區文化路一段32巷10號1樓,121.4619827271,25.0091362,A,個案管理服務,新北市,板橋區;土城區,2272-6233,info@docaso885.com,林昌坤,20250101.0,20250630.0,20241231 15:53:25
新北市私立宜安老人長期照顧中心(養護型),A10200350,A1,新北市,中和區,新北市中和區泰安里景安路48號7樓,121.5067749023,24.9980201721,B,喘息服務,臺北市,松山區;信義區;大安區;中山區;中正區;大同區;萬華區;文山區;南港區;內湖區;士林區;北投區,02-2240935,chingan2005@gmail.com,黃明發,20210208.0,20241231.0,20221230 19:29:55
新北市私立匯安老人長期照顧中心(養護型),A10200353,A1,新北市,新店區,新北市新店區國豐里中正路399巷7號,121.5342178345,24.9769248962,B,喘息服務,新北市,板橋區;三重區;中和區;永和區;新莊區;新店區;樹林區;鶯歌區;三峽區;淡水區;汐止區;瑞芳區;土城區;蘆洲區;五股區;泰山區;林口區;深坑區;石碇區;坪林區;三芝區;石門區;八里區;平溪區;雙溪區;貢寮區;金山區;萬里區;烏來區,02-86656656,a0936732090@gmail.com,廖麗如,20250101.0,20271231.0,20241225 11:15:22
財團法人私立廣恩老人養護中心,A10200361,A1,新北市,新店區,新北市新店區員潭里員潭里北宜路2段579巷45號,121.809135437,25.1075363159,A,個案管理服務,新北市,三重區;新店區;瑞芳區;土城區;蘆洲區;五股區,02-22173517,guannenn@yahoo.com.tw,林偉峰,20250101.0,20250630.0,20241231 15:59:20
洪石數位生活股份有限公司附設新北市私立到咖手居家長照機構,1V0200007,1,新北市,板橋區,新北市板橋區文化路一段32巷10號1樓,121.4619827271,25.0091362,B,專業照護服務,新北市,板橋區;三重區;中和區;永和區;新莊區;新店區;樹林區;鶯歌區;三峽區;土城區;蘆洲區;五股區;泰山區,2272-6233,info@docaso885.com,林昌坤,20220101.0,20241231.0,20220318 08:29:52
洪石數位生活股份有限公司附設新北市私立到咖手居家長照機構,1V0200007,1,新北市,板橋區,新北市板橋區文化路一段32巷10號1樓,121.4619827271,25.0091362,B,居家服務,新北市,板橋區;樹林區;三峽區,2272-6233,info@docaso885.com,林昌坤,20250101.0,20271231.0,20241217 15:30:13
洪石數位生活股份有限公司附設新北市私立到咖手居家長照機構,1V0200007,1,新北市,板橋區,新北市板橋區文化路一段32巷10號1樓,121.4619827271,25.0091362,B,專業照護服務,新北市,板橋區;三重區;中和區;永和區;新莊區;新店區;樹林區;鶯歌區;三峽區;土城區;蘆洲區;五股區;泰山區,2272-6233,info@docaso885.com,林昌坤,20250101.0,20271231.0,20241217 15:32:02
新北市私立宜安老人長期照顧中心(養護型),A10200350,A1,新北市,中和區,新北市中和區泰安里景安路48號7樓,121.5067749023,24.9980201721,B,喘息服務,臺北市,松山區;信義區;大安區;中山區;中正區;大同區;萬華區;文山區;南港區;內湖區;士林區;北投區,02-2240935,chingan2005@gmail.com,黃明發,20250101.0,20261231.0,20241231 11:42:39
新北市私立宜安老人長期照顧中心(養護型),A10200350,A1,新北市,中和區,新北市中和區泰安里景安路48號7樓,121.5067749023,24.9980201721,B,喘息服務,新北市,板橋區;三重區;中和區;永和區;新莊區;新店區;樹林區;鶯歌區;三峽區;淡水區;汐止區;瑞芳區;土城區;蘆洲區;五股區;泰山區;林口區;深坑區;石碇區;坪林區;三芝區;石門區;八里區;平溪區;雙溪區;貢寮區;金山區;萬里區;烏來區,02-2240935,chingan2005@gmail.com,黃明發,20250101.0,20271231.0,20241224 11:39:36
新北市私立匯安老人長期照顧中心(養護型),A10200353,A1,新北市,新店區,新北市新店區國豐里中正路399巷7號,121.5342178345,24.9769248962,B,交通接送服務,新北市,中和區;永和區;新店區;烏來區,02-86656656,a0936732090@gmail.com,廖麗如,20250101.0,20271231.0,20241225 11:15:46
財團法人私立廣恩老人養護中心,A10200361,A1,新北市,新店區,新北市新店區員潭里員潭里北宜路2段579巷45號,121.809135437,25.1075363159,A,個案管理服務,臺北市,文山區,02-22173517,guannenn@yahoo.com.tw,林偉峰,20250101.0,20261231.0,20241231 20:18:14
財團法人私立廣恩老人養護中心,A10200361,A1,新北市,新店區,新北市新店區員潭里員潭里北宜路2段579巷45號,121.809135437,25.1075363159,A,個案管理服務,臺北市,文山區,02-22173517,guannenn@yahoo.com.tw,林偉峰,20230101.0,20241231.0,20230626 14:37:19
財團法人私立廣恩老人養護中心,A10200361,A1,新北市,新店區,新北市新店區員潭里員潭里北宜路2段579巷45號,121.809135437,25.1075363159,A,個案管理服務,臺北市,中正區,02-22173517,guannenn@yahoo.com.tw,林偉峰,20240101.0,20261231.0,20231229 16:28:40
財團法人私立廣恩老人養護中心,A10200361,A1,新北市,新店區,新北市新店區員潭里員潭里北宜路2段579巷45號,121.809135437,25.1075363159,B,居家服務,臺北市,松山區;信義區;大安區;中山區;中正區;大同區;萬華區;文山區,02-22173517,guannenn@yahoo.com.tw,林偉峰,20240101.0,20261231.0,20231229 16:28:40
財團法人私立廣恩老人養護中心,A10200361,A1,新北市,新店區,新北市新店區員潭里員潭里北宜路2段579巷45號,121.809135437,25.1075363159,B,喘息服務,臺北市,松山區;信義區;大安區;中山區;中正區;大同區;萬華區;文山區;南港區;內湖區;士林區;北投區,02-22173517,guannenn@yahoo.com.tw,林偉峰,20250101.0,20261231.0,20241126 11:54:07
新北市石門區衛生所,B20200063,B2,新北市,石門區,新北市石門區中山路28-1號,121.5659713745,25.2901649475,A,個案管理服務,新北市,石門區,02-26381007,ntpc260@ntpc.gov.tw,陳凡倩,20250101.0,20250630.0,20241231 16:33:26
新北市石門區衛生所,B20200063,B2,新北市,石門區,新北市石門區中山路28-1號,121.5659713745,25.2901649475,B,居家失能個案家庭醫師照護服務,新北市,石門區,02-26381007,ntpc260@ntpc.gov.tw,陳凡倩,20250101.0,20271231.0,20241231 14:15:23
財團法人私立廣恩老人養護中心,A10200361,A1,新北市,新店區,新北市新店區員潭里員潭里北宜路2段579巷45號,121.809135437,25.1075363159,B,喘息服務,臺北市,松山區;信義區;大安區;中山區;中正區;大同區;萬華區;文山區;南港區;內湖區;士林區;北投區,02-22173517,guannenn@yahoo.com.tw,林偉峰,20180523.0,20241231.0,20221229 23:06:11
新北市私立珍珍老人長期照顧中心(養護型),A10200342,A1,新北市,新莊區,新北市新莊區化成里化成路354號3樓,121.4659194946,25.0492477417,B,喘息服務,新北市,板橋區;三重區;中和區;永和區;新莊區;新店區;樹林區;鶯歌區;三峽區;淡水區;汐止區;瑞芳區;土城區;蘆洲區;五股區;泰山區;林口區;深坑區;石碇區;坪林區;三芝區;石門區;八里區;平溪區;雙溪區;貢寮區;金山區;萬里區;烏來區,02-29981537,jc50729.f3@msa.hinet.net,吳馥珍,20250101.0,20271231.0,20241227 08:48:51
洪石數位生活股份有限公司附設新北市私立到咖手居家長照機構,1V0200007,1,新北市,板橋區,新北市板橋區文化路一段32巷10號1樓,121.4619827271,25.0091362,B,專業照護服務(CC01),新北市,板橋區;三重區;中和區;永和區;新莊區;新店區;樹林區;鶯歌區;三峽區;土城區;蘆洲區;五股區;泰山區,2272-6233,info@docaso885.com,林昌坤,20250101.0,20271231.0,20241217 15:32:48
新北市私立恩勤居家長照機構,1X0200037,1,新北市,板橋區,新北市板橋區文化路一段189號7樓,121.4630584717,25.0165557861,A,個案管理服務,臺北市,萬華區,8953-5988,kelly2266@kimo.com,陳蕙汎,20250101.0,20261231.0,20241231 20:07:22
新北市私立恩勤居家長照機構,1X0200037,1,新北市,板橋區,新北市板橋區文化路一段189號7樓,121.4630584717,25.0165557861,A,個案管理服務,新北市,三重區;中和區,8953-5988,kelly2266@kimo.com,陳蕙汎,20250101.0,20250630.0,20241231 15:10:54
財團法人私立廣恩老人養護中心,A10200361,A1,新北市,新店區,新北市新店區員潭里員潭里北宜路2段579巷45號,121.809135437,25.1075363159,B,居家服務,新北市,三重區;新莊區;新店區;瑞芳區;土城區;蘆洲區;五股區,02-22173517,guannenn@yahoo.com.tw,林偉峰,20250101.0,20271231.0,20241217 14:03:19
財團法人私立廣恩老人養護中心,A10200361,A1,新北市,新店區,新北市新店區員潭里員潭里北宜路2段579巷45號,121.809135437,25.1075363159,B,喘息服務,新北市,三重區;中和區;永和區;新莊區;新店區;瑞芳區;土城區;蘆洲區;五股區,02-22173517,guannenn@yahoo.com.tw,林偉峰,20250101.0,20271231.0,20241217 14:04:41
臺北市私立跑居家長照機構,1X0100014,1,臺北市,士林區,臺北市士林區葫東里重慶北路4段250號3樓313室,121.5113525391,25.0866317749,B,喘息服務,新北市,三重區;新莊區;蘆洲區;五股區,02-28161255,rcago313@gmail.com,吳正昕,20250101.0,20271231.0,20241217 13:36:12
新北市私立恩勤居家長照機構,1X0200037,1,新北市,板橋區,新北市板橋區文化路一段189號7樓,121.4630584717,25.0165557861,A,個案管理服務,臺北市,萬華區,8953-5988,kelly2266@kimo.com,陳蕙汎,20230424.0,20241231.0,20230425 13:42:19
新北市私立恩勤居家長照機構,1X0200037,1,新北市,板橋區,新北市板橋區文化路一段189號7樓,121.4630584717,25.0165557861,B,喘息服務,臺北市,松山區;信義區;大安區;中山區;中正區;大同區;萬華區;文山區;南港區;內湖區,8953-5988,kelly2266@kimo.com,陳蕙汎,20200312.0,20241231.0,20240305 15:41:47
臺北市私立跑居家長照機構,1X0100014,1,臺北市,士林區,臺北市士林區葫東里重慶北路4段250號3樓313室,121.5113525391,25.0866317749,B,居家服務,新北市,三重區;新莊區;蘆洲區;五股區,02-28161255,rcago313@gmail.com,吳正昕,20250101.0,20271231.0,20241217 13:34:47
新北市泰山區衛生所,B20200060,B2,新北市,泰山區,新北市泰山區全興路212號3樓,121.4336547852,25.0561313629,B,居家失能個案家庭醫師照護服務,新北市,泰山區,2909-9921,AG3660@ntpc.gov.tw,簡佳怡,20250101.0,20271231.0,20250113 15:33:15
(新北)惠群護理之家,A30200122,A3,新北市,板橋區,新北市板橋區四川路一段159號1-7樓,121.4600524902,25.0040225983,B,喘息服務,新北市,板橋區;三重區;中和區;永和區;新莊區;新店區;樹林區;鶯歌區;三峽區;淡水區;汐止區;土城區;蘆洲區;五股區;泰山區;林口區,02-89539366,chi20221121@gmail.com,周惠貞,20250101.0,20271231.0,20241218 10:15:19
有限責任臺灣第二照顧服務勞動合作社附設臺北市私立二顧居家長照機構,1R0100012,1,臺北市,中正區,臺北市中正區羅斯福路一段102號8樓,121.5088119507,25.0532798767,B,喘息服務,新北市,板橋區;三重區;中和區;永和區;新莊區;蘆洲區;五股區;泰山區,02-25527608,tpservice@secondcare.org.tw,伍崑崙,20250101.0,20271231.0,20241224 15:30:27
新北市私立常錦居家長照機構,1X0200036,1,新北市,板橋區,新北市板橋區重慶里國慶路149巷1弄12號1號,121.4616165161,24.9972286224,B,專業照護服務,新北市,板橋區;三重區;中和區;永和區;新莊區;新店區;樹林區;鶯歌區;三峽區;淡水區;汐止區;瑞芳區;土城區;蘆洲區;五股區;泰山區;林口區;深坑區;石碇區;三芝區;八里區;金山區;萬里區;烏來區,8952-0607,a89520607@gmail.com,徐庭云,20250101.0,20271231.0,20241227 10:25:58
新北市私立恩勤居家長照機構,1X0200037,1,新北市,板橋區,新北市板橋區文化路一段189號7樓,121.4630584717,25.0165557861,B,居家服務,新北市,板橋區;三重區;中和區;永和區;新莊區;樹林區;汐止區;土城區,8953-5988,kelly2266@kimo.com,陳蕙汎,20250101.0,20271231.0,20241213 10:39:26
新北市私立恩勤居家長照機構,1X0200037,1,新北市,板橋區,新北市板橋區文化路一段189號7樓,121.4630584717,25.0165557861,B,喘息服務,新北市,板橋區;三重區;中和區;永和區;新莊區;樹林區;汐止區;土城區,8953-5988,kelly2266@kimo.com,陳蕙汎,20250101.0,20271231.0,20241213 10:42:18
新北市私立恩勤居家長照機構,1X0200037,1,新北市,板橋區,新北市板橋區文化路一段189號7樓,121.4630584717,25.0165557861,A,個案管理服務,臺北市,中正區,8953-5988,kelly2266@kimo.com,陳蕙汎,20250101.0,20261231.0,20241231 20:05:09
新北市私立璟濰居家長照機構,1X0200029,1,新北市,中和區,新北市中和區安平路40號1樓,121.5101089478,24.995267868,B,居家服務,新北市,板橋區;中和區;土城區,8245-8585,cwcare2019@gmail.com,王瑀潔,20250101.0,20271231.0,20241225 10:14:19
新北市私立璟濰居家長照機構,1X0200029,1,新北市,中和區,新北市中和區安平路40號1樓,121.5101089478,24.995267868,B,喘息服務,新北市,板橋區;中和區;土城區,8245-8585,cwcare2019@gmail.com,王瑀潔,20250101.0,20271231.0,20241225 10:14:44
新北市私立忠祥居家長照機構,1X0200034,1,新北市,中和區,新北市中和區中山路2段144號1樓,121.5019073486,25.0031528473,B,居家服務,新北市,板橋區;中和區;永和區;新店區;樹林區;土城區,2246-5180,lily.coffee.iris@gmail.com,張莉君,20250101.0,20271231.0,20241223 10:38:02
新北市私立恩勤居家長照機構,1X0200037,1,新北市,板橋區,新北市板橋區文化路一段189號7樓,121.4630584717,25.0165557861,B,居家服務,臺北市,松山區;信義區;大安區;中山區;中正區;大同區;萬華區;文山區;南港區;內湖區;士林區;北投區,8953-5988,kelly2266@kimo.com,陳蕙汎,20200521.0,20261231.0,20231229 16:42:21
新北市私立恩勤居家長照機構,1X0200037,1,新北市,板橋區,新北市板橋區文化路一段189號7樓,121.4630584717,25.0165557861,A,個案管理服務,臺北市,中正區,8953-5988,kelly2266@kimo.com,陳蕙汎,20230731.0,20241231.0,20230731 22:28:02
蘇診所,B20200070,B2,新北市,新莊區,新北市新莊區民安路109號1樓,121.424697876,25.0249557495,B,居家失能個案家庭醫師照護服務,臺北市,中正區;大同區;萬華區,0222069926,min123an456road@gmail.com,蘇石泉,20190906.0,20241231.0,20221230 22:05:08
如原診所,B20200066,B2,新北市,三峽區,新北市三峽區文化路264-1號,121.3667831421,24.9358386993,B,居家失能個案家庭醫師照護服務,新北市,樹林區;鶯歌區;三峽區;土城區,02-2671-3119,iac3904@gmail.com,陳乾原,20250101.0,20271231.0,20250110 15:17:40
德安婦產科診所,B20200071,B2,新北市,新莊區,新北市新莊區新泰路31號,121.4495773315,25.0331459045,B,居家失能個案家庭醫師照護服務,新北市,新莊區;泰山區,22010776,yyz540@yahoo.com.tw,王火金,20250101.0,20271231.0,20241226 11:17:03
育睿診所,B20100040,B2,臺北市,內湖區,臺北市內湖區 內湖路1段217巷35號,121.5653991699,25.0837745667,B,居家失能個案家庭醫師照護服務,臺北市,內湖區,26560801,yourray99@gmail.com,賴曉虹,20250101.0,20261231.0,20250204 16:12:22
蘇診所,B20200070,B2,新北市,新莊區,新北市新莊區民安路109號1樓,121.424697876,25.0249557495,B,居家失能個案家庭醫師照護服務,新北市,板橋區;三重區;中和區;永和區;新莊區;樹林區;土城區;蘆洲區;五股區;泰山區;林口區,0222069926,min123an456road@gmail.com,蘇石泉,20250101.0,20271231.0,20250110 15:43:56
新北市私立璟濰居家長照機構,1X0200029,1,新北市,中和區,新北市中和區安平路40號1樓,121.5101089478,24.995267868,B,專業照護服務,新北市,板橋區;中和區;永和區;新店區;土城區,8245-8585,cwcare2019@gmail.com,王瑀潔,20220101.0,20241231.0,20220317 10:30:50
育睿診所,B20100040,B2,臺北市,內湖區,臺北市內湖區 內湖路1段217巷35號,121.5653991699,25.0837745667,B,居家失能個案家庭醫師照護服務,臺北市,中山區;內湖區,26560801,yourray99@gmail.com,賴曉虹,20190911.0,20241231.0,20221230 21:56:06
發隆興小客車租賃有限公司,BA0200010,BA,新北市,新莊區,新北市新莊區復興路二段196巷2弄9之3號,121.4589614868,25.0440998077,B,交通接送服務,新北市,淡水區;三芝區;石門區;金山區;萬里區,02-26521567,ss46005176@gmail.com,葉書含,20250101.0,20271231.0,20241224 09:05:55
新北市中和區衛生所,B20200081,B2,新北市,中和區,新北市中和區南山路4巷3號,121.5016403198,24.9986915588,B,居家失能個案家庭醫師照護服務,新北市,中和區,02-22491936,ag2609@ntpc.gov.tw,曾莉媖,20250101.0,20271231.0,20250110 15:02:27
新北市私立忠祥居家長照機構,1X0200034,1,新北市,中和區,新北市中和區中山路2段144號1樓,121.5019073486,25.0031528473,B,喘息服務,新北市,板橋區;中和區;永和區;新店區;樹林區;土城區,2246-5180,lily.coffee.iris@gmail.com,張莉君,20250101.0,20271231.0,20241223 10:38:37
臺北市私立安家居家長照機構,1X0100015,1,臺北市,文山區,臺北市文山區景行里景文街42號3樓302室,121.541229248,24.9917163849,B,喘息服務,臺北市,松山區;信義區;大安區;中山區;中正區;大同區;萬華區;文山區,29333468,Anchia468@gmail.com,吳米加,20250101.0,20261231.0,20241122 15:02:25
臺北市私立安家居家長照機構,1X0100015,1,臺北市,文山區,臺北市文山區景行里景文街42號3樓302室,121.541229248,24.9917163849,B,居家服務,新北市,新莊區,29333468,Anchia468@gmail.com,吳米加,20250101.0,20271231.0,20241213 10:23:42
臺北市私立安家居家長照機構,1X0100015,1,臺北市,文山區,臺北市文山區景行里景文街42號3樓302室,121.541229248,24.9917163849,B,居家服務,臺北市,松山區;信義區;大安區;中山區;中正區;大同區;萬華區;文山區,29333468,Anchia468@gmail.com,吳米加,20191225.0,20231231.0,20220104 18:55:50
臺北市私立安家居家長照機構,1X0100015,1,臺北市,文山區,臺北市文山區景行里景文街42號3樓302室,121.541229248,24.9917163849,B,喘息服務,臺北市,松山區;信義區;大安區;中山區;中正區;大同區;萬華區;文山區,29333468,Anchia468@gmail.com,吳米加,20200219.0,20241231.0,20240906 17:27:32
新北市三峽區衛生所,B20200090,B2,新北市,三峽區,新北市三峽區光明路71號3樓,121.3761291504,24.9282970428,B,居家失能個案家庭醫師照護服務,新北市,三峽區,2671-1592#230,ai6054@ntpc.gov.tw,吳名哲,20250101.0,20271231.0,20250110 15:45:56
財團法人一粒麥子社會福利慈善事業基金會(平溪十分站)(社照C),BD0200045,BD,新北市,平溪區,新北市平溪區十分里十分街66巷1號,121.7758026123,25.041929245,C,巷弄長照站,新北市,平溪區,(02)87734528,W104116@wheat.org.tw,呂信雄,20230101.0,20231231.0,20230530 16:56:36
臺北市私立安家居家長照機構,1X0100015,1,臺北市,文山區,臺北市文山區景行里景文街42號3樓302室,121.541229248,24.9917163849,B,居家服務,臺北市,松山區;信義區;大安區;中山區;中正區;大同區;萬華區;文山區,29333468,Anchia468@gmail.com,吳米加,20240101.0,20261231.0,20231229 15:43:25
敏家診所,B20200092,B2,新北市,三峽區,新北市三峽區復興路106、108號1~2樓,121.3726348877,24.9378223419,B,居家失能個案家庭醫師照護服務,新北市,三峽區,02-26715193,chen7901@yahoo.com.tw,劉國麟,20250101.0,20271231.0,20250123 11:43:11
新北市私立喜臨居家長照機構,1X0200038,1,新北市,板橋區,新北市板橋區和平路安樂巷6弄6號1樓,121.464881897,24.9929885864,A,個案管理服務,新北市,板橋區,02-2951-8898,seedling2099@gmail.com,林姿君,20250101.0,20250630.0,20241231 15:14:41
純馨居家物理治療所,B40200017,B4,新北市,三峽區,新北市三峽區學勤路182-6號6樓,121.3767547607,24.9462146759,B,專業照護服務(CC01),桃園市,桃園區;中壢區;大溪區;蘆竹區;大園區;龜山區;八德區;龍潭區;觀音區,02-86725927,lovebaby2245@gmail.com,鄭家晴,20231221.0,20251231.0,20240306 16:26:04
純馨居家物理治療所,B40200017,B4,新北市,三峽區,新北市三峽區學勤路182-6號6樓,121.3767547607,24.9462146759,B,專業照護服務(CC01),桃園市,桃園區;中壢區;大溪區;楊梅區;蘆竹區;大園區;龜山區;八德區;龍潭區;平鎮區;新屋區;觀音區;復興區,02-86725927,lovebaby2245@gmail.com,鄭家晴,20230303.0,20241231.0,20230802 17:19:14
千歲小兒科診所,B20200091,B2,新北市,樹林區,新北市樹林區千歲街47號1樓,121.4254074097,24.9963874817,B,居家失能個案家庭醫師照護服務,新竹縣,新埔鎮;湖口鄉;新豐鄉;寶山鄉,86871390,osm560601@gmail.com,歐淑美,20220411.0,20221231.0,20220613 09:47:28
千歲小兒科診所,B20200091,B2,新北市,樹林區,新北市樹林區千歲街47號1樓,121.4254074097,24.9963874817,B,居家失能個案家庭醫師照護服務,新北市,板橋區;新莊區;樹林區;鶯歌區;三峽區;土城區;石碇區;坪林區;平溪區;雙溪區,86871390,osm560601@gmail.com,歐淑美,20250101.0,20271231.0,20250224 14:59:52
新北市私立一芯居家長照機構,1X0200041,1,新北市,深坑區,新北市深坑區埔新街58巷38號,121.6200637817,25.0034370422,B,居家服務,新北市,淡水區;深坑區;石碇區;金山區;萬里區,26621688,nanaco.lin@msa.hinet.net,葉如芬,20250101.0,20271231.0,20241205 10:46:41
元愷有限公司附設臺北市私立安愷居家長照機構,1V0100012,1,臺北市,中山區,臺北市中山區正得里長安東路1段21號3樓,121.5266723633,25.0648136139,B,居家服務,臺北市,松山區;信義區;大安區;中山區;中正區;大同區;萬華區;文山區;南港區;內湖區;士林區;北投區,2522-1993,taco062169@gmail.com,蔡愷駿,20240101.0,20261231.0,20231229 10:11:28
元愷有限公司附設臺北市私立安愷居家長照機構,1V0100012,1,臺北市,中山區,臺北市中山區正得里長安東路1段21號3樓,121.5266723633,25.0648136139,B,喘息服務,臺北市,松山區;信義區;大安區;中山區;中正區;大同區;萬華區;文山區;南港區;內湖區;士林區;北投區,2522-1993,taco062169@gmail.com,蔡愷駿,20200309.0,20241231.0,20221229 23:15:52
元愷有限公司附設臺北市私立安愷居家長照機構,1V0100012,1,臺北市,中山區,臺北市中山區正得里長安東路1段21號3樓,121.5266723633,25.0648136139,B,喘息服務,臺北市,松山區;信義區;大安區;中山區;中正區;大同區;萬華區;文山區;南港區;內湖區;士林區;北投區,2522-1993,taco062169@gmail.com,蔡愷駿,20250101.0,20261231.0,20241122 14:39:57
純馨居家物理治療所,B40200017,B4,新北市,三峽區,新北市三峽區學勤路182-6號6樓,121.3767547607,24.9462146759,B,專業照護服務(CC01),新北市,板橋區;新莊區;樹林區;鶯歌區;三峽區;汐止區;瑞芳區;土城區;林口區;深坑區;石碇區;烏來區,02-86725927,lovebaby2245@gmail.com,鄭家晴,20250101.0,20271231.0,20241216 10:57:11
新北市私立喜臨居家長照機構,1X0200038,1,新北市,板橋區,新北市板橋區和平路安樂巷6弄6號1樓,121.464881897,24.9929885864,B,專業照護服務,新北市,板橋區;中和區;新莊區;樹林區;鶯歌區;三峽區;土城區,02-2951-8898,seedling2099@gmail.com,林姿君,20220101.0,20241231.0,20220315 10:29:15
新北市私立喜臨居家長照機構,1X0200038,1,新北市,板橋區,新北市板橋區和平路安樂巷6弄6號1樓,121.464881897,24.9929885864,B,居家服務,新北市,板橋區;新莊區;土城區,02-2951-8898,seedling2099@gmail.com,林姿君,20250101.0,20271231.0,20241223 10:27:20
縉澄居家長照有限公司附設新北市私立合禧居家長照機構,1V0200012,1,新北市,樹林區,新北市樹林區中山路一段217號3樓之3,121.4209365845,24.9871006012,B,喘息服務,新北市,板橋區;樹林區;鶯歌區;三峽區;土城區,26810369,jin-cheng@umail.hinet.net,蔣瑞恩,20250101.0,20271231.0,20241224 15:53:03
純馨居家物理治療所,B40200017,B4,新北市,三峽區,新北市三峽區學勤路182-6號6樓,121.3767547607,24.9462146759,B,專業照護服務,桃園市,桃園區;中壢區;大溪區;蘆竹區;大園區;龜山區;八德區;龍潭區;觀音區,02-86725927,lovebaby2245@gmail.com,鄭家晴,20231221.0,20251231.0,20231226 11:29:27
縉澄居家長照有限公司附設新北市私立合禧居家長照機構,1V0200012,1,新北市,樹林區,新北市樹林區中山路一段217號3樓之3,121.4209365845,24.9871006012,B,居家服務,新北市,板橋區;樹林區;鶯歌區;三峽區;土城區,26810369,jin-cheng@umail.hinet.net,蔣瑞恩,20250101.0,20271231.0,20241224 15:52:26
純馨居家物理治療所,B40200017,B4,新北市,三峽區,新北市三峽區學勤路182-6號6樓,121.3767547607,24.9462146759,B,專業照護服務(CC01),新北市,板橋區;三重區;中和區;永和區;新莊區;新店區;樹林區;鶯歌區;三峽區;淡水區;汐止區;瑞芳區;土城區;蘆洲區;五股區;泰山區;林口區;深坑區;石碇區;坪林區;三芝區;石門區;八里區;平溪區;雙溪區;貢寮區;金山區;萬里區;烏來區,02-86725927,lovebaby2245@gmail.com,鄭家晴,20220101.0,20241231.0,20230802 17:19:14
純馨居家物理治療所,B40200017,B4,新北市,三峽區,新北市三峽區學勤路182-6號6樓,121.3767547607,24.9462146759,B,專業照護服務,新北市,板橋區;新莊區;樹林區;鶯歌區;三峽區;汐止區;瑞芳區;土城區;林口區;深坑區;石碇區;烏來區,02-86725927,lovebaby2245@gmail.com,鄭家晴,20220101.0,20241231.0,20220221 15:29:57
純馨居家物理治療所,B40200017,B4,新北市,三峽區,新北市三峽區學勤路182-6號6樓,121.3767547607,24.9462146759,B,專業照護服務,新北市,板橋區;新莊區;樹林區;鶯歌區;三峽區;汐止區;瑞芳區;土城區;林口區;深坑區;石碇區;烏來區,02-86725927,lovebaby2245@gmail.com,鄭家晴,20250101.0,20271231.0,20241216 10:55:56
新北市私立喜臨居家長照機構,1X0200038,1,新北市,板橋區,新北市板橋區和平路安樂巷6弄6號1樓,121.464881897,24.9929885864,B,喘息服務,新北市,板橋區;新莊區;土城區,02-2951-8898,seedling2099@gmail.com,林姿君,20250101.0,20271231.0,20241223 10:27:48
與樂職能治療所,B50100018,B5,臺北市,南港區,臺北市南港區八德路四段881號2樓,121.5804519653,25.0508384705,B,專業照護服務,臺北市,松山區;信義區;大安區;中山區;南港區;內湖區;士林區;北投區,3762-2208,withhappiness.service@gmail.com,陳姵君,20250101.0,20261231.0,20241018 16:33:53
元愷有限公司附設臺北市私立安愷居家長照機構,1V0100012,1,臺北市,中山區,臺北市中山區正得里長安東路1段21號3樓,121.5266723633,25.0648136139,B,喘息服務,新北市,板橋區;三重區;中和區;永和區;新店區;淡水區;蘆洲區,2522-1993,taco062169@gmail.com,蔡愷駿,20250101.0,20271231.0,20241226 11:09:25
新北市私立恩勤居家長照機構,1X0200037,1,新北市,板橋區,新北市板橋區文化路一段189號7樓,121.4630584717,25.0165557861,B,喘息服務,臺北市,松山區;信義區;大安區;中山區;中正區;大同區;萬華區;文山區;南港區;內湖區,8953-5988,kelly2266@kimo.com,陳蕙汎,20250101.0,20261231.0,20241126 10:59:26
新北市私立恩勤居家長照機構,1X0200037,1,新北市,板橋區,新北市板橋區文化路一段189號7樓,121.4630584717,25.0165557861,A,個案管理服務,臺北市,大安區,8953-5988,kelly2266@kimo.com,陳蕙汎,20250101.0,20261231.0,20241231 20:03:10
新北市私立恩勤居家長照機構,1X0200037,1,新北市,板橋區,新北市板橋區文化路一段189號7樓,121.4630584717,25.0165557861,A,個案管理服務,臺北市,萬華區,8953-5988,kelly2266@kimo.com,陳蕙汎,20230110.0,20241231.0,20230208 09:32:56
(新北)大豐國際租賃有限公司,BA0200008,BA,臺北市,南港區,臺北市南港區忠孝東路六段278巷23弄14號,121.5900650024,25.048538208,B,交通接送服務,新北市,板橋區;三重區;中和區;永和區;新莊區;新店區;樹林區;鶯歌區;三峽區;淡水區;汐止區;瑞芳區;土城區;蘆洲區;五股區;泰山區;林口區;深坑區;石碇區;坪林區;三芝區;石門區;八里區;平溪區;雙溪區;貢寮區;金山區;萬里區;烏來區,02-2942-2233,dafegcare906070@gmail.com,沈恒昌,20250101.0,20271231.0,20241226 14:45:05
與樂職能治療所,B50100018,B5,臺北市,南港區,臺北市南港區八德路四段881號2樓,121.5804519653,25.0508384705,B,專業照護服務,臺北市,松山區;信義區;大安區;中山區;南港區;內湖區;士林區;北投區,3762-2208,withhappiness.service@gmail.com,陳姵君,20191122.0,20241231.0,20240430 11:01:04
宜禾診所,B20200093,B2,新北市,淡水區,新北市淡水區新市一路3段105號1樓,121.4465637207,25.1831378937,B,居家失能個案家庭醫師照護服務,新北市,淡水區,26259798,happymom2233@gmail.com,黃宥綸,20250101.0,20271231.0,20241223 10:19:09
湖水綠簡單生活有限公司附設新北市私立連城居家長照機構,1R0200012,1,新北市,中和區,新北市中和區中正路689號2樓,121.4849395752,24.9981040955,B,專業照護服務,新北市,板橋區;中和區;永和區;新店區;樹林區;鶯歌區;三峽區;土城區,2308-1211,acct.3la@gmail.com,陳意春,20220101.0,20241231.0,20220412 15:21:17
樂活醫美診所,B20200107,B2,新北市,板橋區,新北市板橋區民族路89－2號1樓,121.4663696289,25.0084438324,B,居家失能個案家庭醫師照護服務,新北市,板橋區,02-29519666,hg.ck@msa.hinet.net,張凱,20250101.0,20271231.0,20241216 14:32:19
財團法人伊甸社會福利基金會(新北市三峽北大公共托老中心)(醫事C),BD0200046,BD,新北市,三峽區,新北市三峽區龍學里學成路396號2樓之1,121.3777694702,24.944196701,C,巷弄長照站,新北市,三峽區,(02)8671-3217,123@gmail.com,成亮,20200101.0,20201231.0,20210128 12:02:53
湖水綠簡單生活有限公司附設新北市私立連城居家長照機構,1R0200012,1,新北市,中和區,新北市中和區中正路689號2樓,121.4849395752,24.9981040955,B,喘息服務,新北市,板橋區;中和區;永和區;新店區;樹林區;鶯歌區;三峽區;土城區,2308-1211,acct.3la@gmail.com,陳意春,20250101.0,20271231.0,20241205 14:16:14
忠孝復健專科診所,B20200102,B2,新北市,林口區,新北市林口區文化二路一段527號,121.373550415,25.0761375427,B,專業照護服務,新北市,林口區,02-26094101,hyh0102@gmail.com,許燕霞,20250101.0,20271231.0,20241204 13:51:34
社團法人台灣新希望社區關懷協會-鷺江站(社照C),BE0200046,BE,新北市,蘆洲區,新北市蘆洲區鷺江里民族路7號(鷺江國小),121.4761352539,25.084356308,C,巷弄長照站,新北市,蘆洲區,0922295129,chadlu247@gmail.com,葉聯邦,20220101.0,20221231.0,20220503 10:05:50
湖水綠簡單生活有限公司附設新北市私立連城居家長照機構,1R0200012,1,新北市,中和區,新北市中和區中正路689號2樓,121.4849395752,24.9981040955,B,居家服務,新北市,板橋區;中和區;永和區;新店區;樹林區;鶯歌區;三峽區;土城區,2308-1211,acct.3la@gmail.com,陳意春,20250101.0,20271231.0,20241205 14:15:31
忠孝復健專科診所,B20200102,B2,新北市,林口區,新北市林口區文化二路一段527號,121.373550415,25.0761375427,B,專業照護服務(CC01),新北市,林口區,02-26094101,hyh0102@gmail.com,許燕霞,20250101.0,20271231.0,20241204 13:51:48
新北市淡水區衛生所,B20200104,B2,新北市,淡水區,新北市淡水區中山路158號,121.4408416748,25.1727771759,B,居家失能個案家庭醫師照護服務,新北市,淡水區,02 26215620,AF1605@ntpc.gov.tw,鄭惇方,20250101.0,20271231.0,20250113 16:10:46
財團法人伊甸社會福利基金會(新北市三峽北大公共托老中心)(醫事C),BD0200046,BD,新北市,三峽區,新北市三峽區龍學里學成路396號2樓之1,121.3777694702,24.944196701,C,巷弄長照站,新北市,三峽區,(02)8671-3217,123@gmail.com,成亮,20210401.0,20211231.0,20210526 17:40:11
社團法人中華民國天元慈善功德會(社照C),BE0200050,BE,新北市,板橋區,新北市板橋區鄉雲里四川路2段16巷5號10樓,121.4558105469,24.9971981049,C,巷弄長照站,新北市,板橋區,8967-3536,senior@ty.org.tw,張陳秀梅,20240101.0,20241231.0,20240531 20:53:37
新北市板橋區歡園社區發展協會(社照C),BF0200110,BF,新北市,板橋區,新北市板橋區重慶路10號8樓,121.4607086182,25.0079536438,C,巷弄長照站,新北市,板橋區,0939947613,rosebearmother@yahoo.com.tw,劉炳偉,20220101.0,20231231.0,20230609 11:50:24
新北市耆光協會(社照C),BF0200112,BF,新北市,板橋區,新北市板橋區港嘴里文聖街227號1樓,121.4804992676,25.025718689,C,巷弄長照站,新北市,板橋區,8257-2509,sakura22647342@gmail.com,林秋惠,20250101.0,20251231.0,20250305 11:56:14
湖水綠簡單生活有限公司附設新北市私立連城居家長照機構,1R0200012,1,新北市,中和區,新北市中和區中正路689號2樓,121.4849395752,24.9981040955,C,巷弄長照站,新北市,中和區,2308-1211,acct.3la@gmail.com,陳意春,20210501.0,20211231.0,20210526 10:24:56
忠孝復健專科診所,B20200102,B2,新北市,林口區,新北市林口區文化二路一段527號,121.373550415,25.0761375427,B,專業照護服務(CC01),新北市,板橋區;三重區;中和區;永和區;新莊區;新店區;樹林區;鶯歌區;三峽區;淡水區;汐止區;瑞芳區;土城區;蘆洲區;五股區;泰山區;林口區;深坑區;石碇區;坪林區;三芝區;石門區;八里區;平溪區;雙溪區;貢寮區;金山區;萬里區;烏來區,02-26094101,hyh0102@gmail.com,許燕霞,20220101.0,20241231.0,20230802 17:19:14
忠孝復健專科診所,B20200102,B2,新北市,林口區,新北市林口區文化二路一段527號,121.373550415,25.0761375427,B,專業照護服務,新北市,林口區,02-26094101,hyh0102@gmail.com,許燕霞,20220101.0,20241231.0,20220412 11:34:58
忠孝復健專科診所,B20200102,B2,新北市,林口區,新北市林口區文化二路一段527號,121.373550415,25.0761375427,A,個案管理服務,新北市,林口區,02-26094101,hyh0102@gmail.com,許燕霞,20250101.0,20250630.0,20241231 15:55:42
千歲小兒科診所,B20200091,B2,新北市,樹林區,新北市樹林區千歲街47號1樓,121.4254074097,24.9963874817,B,居家失能個案家庭醫師照護服務,新竹縣,新埔鎮;關西鎮;湖口鄉;新豐鄉;寶山鄉,86871390,osm560601@gmail.com,歐淑美,20240110.0,20251231.0,20250113 11:17:18
元愷有限公司附設臺北市私立安愷居家長照機構,1V0100012,1,臺北市,中山區,臺北市中山區正得里長安東路1段21號3樓,121.5266723633,25.0648136139,B,居家服務,臺北市,松山區;信義區;大安區;中山區;中正區;大同區;萬華區;文山區;南港區;內湖區;士林區;北投區,2522-1993,taco062169@gmail.com,蔡愷駿,20200115.0,20231231.0,20211230 16:01:54
社團法人新北市恩典慈善協會(社照C),BE0200047,BE,新北市,三重區,新北市三重區光明里重安街46號1樓,121.4907608032,25.0576934814,C,巷弄長照站,新北市,三重區,29735089,st45682003@yahoo.com.tw,李全成,20220101.0,20231231.0,20230530 18:44:49
新北市板橋大後埔文化關懷協進會(板橋和平站)(社照C),BF0200113,BF,新北市,板橋區,新北市板橋區和平路安樂巷51號 ,121.4622955322,24.9931621552,C,巷弄長照站,新北市,板橋區,22729088,sunlai689@gmail.com,王明發,20230101.0,20231231.0,20230630 14:24:44
千歲小兒科診所,B20200091,B2,新北市,樹林區,新北市樹林區千歲街47號1樓,121.4254074097,24.9963874817,B,居家失能個案家庭醫師照護服務,新竹縣,竹北市;新埔鎮;湖口鄉;新豐鄉;寶山鄉,86871390,osm560601@gmail.com,歐淑美,20230101.0,20241231.0,20230209 11:56:54
新北市私立一芯居家長照機構,1X0200041,1,新北市,深坑區,新北市深坑區埔新街58巷38號,121.6200637817,25.0034370422,B,專業照護服務,新北市,深坑區;石碇區,26621688,nanaco.lin@msa.hinet.net,葉如芬,20220101.0,20241231.0,20220317 10:42:50
新北市私立一芯居家長照機構,1X0200041,1,新北市,深坑區,新北市深坑區埔新街58巷38號,121.6200637817,25.0034370422,B,喘息服務,新北市,淡水區;深坑區;石碇區;金山區;萬里區,26621688,nanaco.lin@msa.hinet.net,葉如芬,20250101.0,20271231.0,20241205 10:47:27
安德利互聯網股份有限公司附設臺北市私立安德利居家長照機構,1V0100013,1,臺北市,中山區,臺北市中山區五常街51號2樓,121.5437469482,25.054473877,B,居家服務,臺北市,松山區;中山區;南港區;內湖區,02-2511-9069,Anderly0101@gmail.com,李盛豊,20200326.0,20231231.0,20211230 16:02:43
元愷有限公司附設臺北市私立安愷居家長照機構,1V0100012,1,臺北市,中山區,臺北市中山區正得里長安東路1段21號3樓,121.5266723633,25.0648136139,B,居家服務,新北市,板橋區;三重區;中和區;永和區;新店區;淡水區;蘆洲區,2522-1993,taco062169@gmail.com,蔡愷駿,20250101.0,20271231.0,20241226 11:08:49
新北市淡水區屯山里辦公處(社照C),BG0200035,BG,新北市,淡水區,新北市淡水區屯山里石頭厝9-3號,121.4502639771,25.2406978607,C,巷弄長照站,新北市,淡水區,0932027594,guoliqing11@yahoo.com.tw,謝炳坤,20220101.0,20231231.0,20230628 15:36:30
安德利互聯網股份有限公司附設臺北市私立安德利居家長照機構,1V0100013,1,臺北市,中山區,臺北市中山區五常街51號2樓,121.5437469482,25.054473877,B,居家服務,新北市,板橋區;中和區;永和區;汐止區;土城區,02-2511-9069,Anderly0101@gmail.com,李盛豊,20250101.0,20271231.0,20241225 15:31:31
天主教耕莘醫療財團法人附設新北市私立永和中興社區長照機構,2null0200001,2,新北市,永和區,新北市永和區國光路116巷2號1樓,121.5181045532,25.0114917755,B,日間照顧服務,新北市,中和區;永和區,8921-8765,daycarezte@gmail.com,鍾安住,20250101.0,20271231.0,20241225 15:34:24
財團法人台灣老人急重症基金會(聚盛據點),BF0100128,BF,臺北市,中山區,臺北市中山區聚盛里民生東路一段42號7樓之3,121.5418777466,25.081401825,C,巷弄長照站,臺北市,中山區,02-25224388,tfgecc@tfgecc.tw,蔡正河,20210101.0,20211231.0,20210408 16:11:54
松光里辦公處,BF0100166,BF,臺北市,信義區,臺北市信義區松光里忠孝東路5段492巷32號,121.5783004761,25.0397357941,C,巷弄長照站,臺北市,信義區,0961-364-097,lichi06290@hotmail.com,蔡福來,20210101.0,20211231.0,20210412 14:31:23
康健居家護理所,B10100060,B1,臺北市,內湖區,臺北市內湖區民權東路六段180巷6號11樓之19,121.5926513672,25.068195343,B,居家失能個案家庭醫師照護服務,臺北市,南港區;內湖區,02-87919104,kjcare.tw@gmail.com,吳姁媛,20250101.0,20261231.0,20241028 16:57:26
新北市私立嘉豐居家長照機構,1X0200042,1,新北市,板橋區,新北市板橋區崑崙里沙崙街29-7號1樓,121.4309158325,24.9942703247,B,居家服務,新北市,板橋區;中和區;新莊區;樹林區;三峽區;土城區,8687-2227,jiafengservices@gmail.com,湯家豪,20250101.0,20271231.0,20241204 14:02:13
新北市私立嘉豐居家長照機構,1X0200042,1,新北市,板橋區,新北市板橋區崑崙里沙崙街29-7號1樓,121.4309158325,24.9942703247,B,喘息服務,新北市,板橋區;中和區;新莊區;樹林區;三峽區;土城區,8687-2227,jiafengservices@gmail.com,湯家豪,20250101.0,20271231.0,20241204 14:03:05
安德利互聯網股份有限公司附設臺北市私立安德利居家長照機構,1V0100013,1,臺北市,中山區,臺北市中山區五常街51號2樓,121.5437469482,25.054473877,B,喘息服務,臺北市,松山區;信義區;大安區;中山區;中正區;大同區;萬華區;文山區;南港區;內湖區;士林區;北投區,02-2511-9069,Anderly0101@gmail.com,李盛豊,20240402.0,20241231.0,20240403 09:19:06
安德利互聯網股份有限公司附設臺北市私立安德利居家長照機構,1V0100013,1,臺北市,中山區,臺北市中山區五常街51號2樓,121.5437469482,25.054473877,B,喘息服務,臺北市,松山區;信義區;大安區;中山區;中正區;大同區;萬華區;文山區;南港區;內湖區;士林區;北投區,02-2511-9069,Anderly0101@gmail.com,李盛豊,20250101.0,20261231.0,20241120 15:23:11
財團法人台北市林坤地仁濟文教基金會,BF0100118,BF,臺北市,松山區,臺北市松山區美仁里八德路3段25號藝文推廣處二樓電化教室,121.5520172119,25.0483512878,C,巷弄長照站,臺北市,松山區,02-2751-5790,tkyang03@gmail.com,楊杜清香,20210101.0,20211231.0,20210412 13:47:41
社團法人台北市士林全人關懷協會,BF0100134,BF,臺北市,士林區,臺北市士林區福德里文林路421巷30號2樓&中正路335巷9號,121.5232315063,25.0942115784,C,巷弄長照站,臺北市,士林區,0953469293,kuoml67@yahoo.com.tw,許承道,20210101.0,20211231.0,20210407 14:05:28
台灣居護股份有限公司附設新北市私立聯承居家式服務類長期照顧服務機構,1V0200015,1,新北市,板橋區,新北市板橋區永安里萬板路182號1樓,121.4760284424,25.0235729218,A,個案管理服務,新北市,新莊區;新店區,82588088,thnbuurtzorg@gmail.com,汪秋蓉,20250101.0,20250630.0,20241231 15:09:25
台灣居護股份有限公司附設新北市私立聯承居家式服務類長期照顧服務機構,1V0200015,1,新北市,板橋區,新北市板橋區永安里萬板路182號1樓,121.4760284424,25.0235729218,B,居家服務,新北市,板橋區;三重區;中和區;永和區;新莊區;新店區;樹林區;鶯歌區;三峽區;土城區;蘆洲區;五股區;泰山區,82588088,thnbuurtzorg@gmail.com,汪秋蓉,20250101.0,20271231.0,20241204 14:12:40
臺北市大同區國慶社區發展協會,BF0100101,BF,臺北市,大同區,臺北市大同區國慶里重慶北路3段136巷18號,121.5129318237,25.0676651001,C,巷弄長照站,臺北市,大同區,0225940089,he.fong25940089@gmail.com,黃淑琪,20200101.0,20211231.0,20210407 14:40:09
社團法人中華民國明健慈善公益協進會,BF0100107,BF,臺北市,中山區,臺北市中山區民安里民生西路6號6樓,121.5223236084,25.057718277,C,巷弄長照站,臺北市,中山區,0987326467,joinfood1005@gmail.com,陳奕霖,20200101.0,20211231.0,20210408 16:16:36
台北市士林區天和社區發展協會,BF0100130,BF,臺北市,士林區,臺北市士林區天山里中山北路7段154巷6號4樓(天母區民活動中心),121.5329437256,25.1234474182,C,巷弄長照站,臺北市,士林區,02-28772369,eva889263@yahoo.com.tw,何辰熙,20210101.0,20211231.0,20210407 11:22:23
康健居家護理所,B10100060,B1,臺北市,內湖區,臺北市內湖區民權東路六段180巷6號11樓之19,121.5926513672,25.068195343,B,專業照護服務,臺北市,松山區;信義區;大安區;中山區;中正區;大同區;萬華區;文山區;南港區;內湖區;士林區;北投區,02-87919104,kjcare.tw@gmail.com,吳姁媛,20191209.0,20241231.0,20221230 20:21:03
悠適復健科診所,B20100089,B2,臺北市,松山區,臺北市松山區光復北路11弄65號,121.5580062866,25.0486354828,B,專業照護服務,臺北市,松山區;信義區;大安區;中山區;中正區;大同區;萬華區;文山區;南港區;內湖區;士林區;北投區,0920-095-460,g39110004@gmail.com,陳正倫,20190927.0,20201231.0,20200311 18:00:06
臺北市中正區永寬社區發展協會,BF0100146,BF,臺北市,中正區,臺北市中正區永昌里寧波西街181巷8號,121.5104446411,25.0266113281,C,巷弄長照站,臺北市,中正區,02-23014838,4838abc@gmail.com,黃美月,20210101.0,20211231.0,20210408 16:44:46
財團法人台北市基督教台灣貴格會內湖慈光堂,BF0100150,BF,臺北市,內湖區,臺北市內湖區瑞陽里文德路66巷49弄5號,121.5820465088,25.0772151947,C,巷弄長照站,臺北市,內湖區,02-27976651,blessed.nhfc@gmail.com,陳文禧,20200101.0,20211231.0,20210408 18:06:20
臺北市北投區清江社區發展協會,BF0100164,BF,臺北市,北投區,臺北市北投區清江里清江路201號,121.501914978,25.1275043488,C,巷弄長照站,臺北市,北投區,02-28922543,lung2433@gmail.com,李炳亷,20200401.0,20211231.0,20210412 11:04:56
康健居家護理所,B10100060,B1,臺北市,內湖區,臺北市內湖區民權東路六段180巷6號11樓之19,121.5926513672,25.068195343,B,居家失能個案家庭醫師照護服務,臺北市,南港區;內湖區,02-87919104,kjcare.tw@gmail.com,吳姁媛,20230728.0,20241231.0,20230928 19:17:01
康健居家護理所,B10100060,B1,臺北市,內湖區,臺北市內湖區民權東路六段180巷6號11樓之19,121.5926513672,25.068195343,B,專業照護服務,臺北市,松山區;信義區;大安區;中山區;中正區;大同區;萬華區;文山區;南港區;內湖區;士林區;北投區,02-87919104,kjcare.tw@gmail.com,吳姁媛,20250101.0,20261231.0,20241028 15:50:14
博樂健康股份有限公司附設新北市私立博樂居家長照機構,1V0200013,1,新北市,新莊區,新北市新莊區中華里中安街9號4樓,121.4529800415,25.0455226898,A,個案管理服務,基隆市,中正區;七堵區;暖暖區;仁愛區;中山區;安樂區;信義區,25462833,polarsogood@gmail.com,陳諺弘,20240411.0,20251231.0,20240514 17:50:58
博樂健康股份有限公司附設新北市私立博樂居家長照機構,1V0200013,1,新北市,新莊區,新北市新莊區中華里中安街9號4樓,121.4529800415,25.0455226898,A,個案管理服務,新北市,淡水區,25462833,polarsogood@gmail.com,陳諺弘,20250101.0,20250630.0,20241231 16:16:33
三重中興醫院,B20200103,B2,新北市,三重區,新北市三重區中興北街21號,121.4696578979,25.0465354919,B,專業照護服務,新北市,三重區;新莊區;蘆洲區,29959680,kuoshyang@gmail.com,李高淵,20220101.0,20241231.0,20220315 13:59:06
三重中興醫院,B20200103,B2,新北市,三重區,新北市三重區中興北街21號,121.4696578979,25.0465354919,B,專業照護服務,新北市,三重區;新莊區;蘆洲區,29959680,kuoshyang@gmail.com,李高淵,20250101.0,20271231.0,20250113 10:25:09
新北市多元智能老幼暨兒童教育發展協會(社照C),BF0200098,BF,新北市,中和區,新北市中和區福善里景平路736巷5弄2號,121.4975280762,25.003364563,C,巷弄長照站,新北市,中和區,22895931,elite.everyday@gmail.com,李姿慧,20220101.0,20221231.0,20220502 16:57:27
財團法人新北市金包里慈護宮(社照C),BF0200100,BF,新北市,金山區,新北市金山區和平里金包里街1-1號,121.6401367188,25.2205047607,C,巷弄長照站,新北市,金山區,2498-2510,cihugong@gmail.com,游忠義,20220101.0,20221231.0,20220503 09:09:28
天主教耕莘醫療財團法人附設新北市私立永和中興社區長照機構,2null0200001,2,新北市,永和區,新北市永和區國光路116巷2號1樓,121.5181045532,25.0114917755,B,喘息服務,新北市,中和區;永和區,8921-8765,daycarezte@gmail.com,鍾安住,20250101.0,20271231.0,20241225 15:34:46
新北市八里區大崁里辦公處(社照C),BG0200034,BG,新北市,八里區,新北市八里區大崁里中山路一段21號,121.4220962524,25.1589241028,C,巷弄長照站,新北市,八里區,(02)8630-1926,in540108@yahoo.com.tw,林秀真,20220101.0,20221231.0,20220502 16:03:25
博樂健康股份有限公司附設新北市私立博樂居家長照機構,1V0200013,1,新北市,新莊區,新北市新莊區中華里中安街9號4樓,121.4529800415,25.0455226898,B,喘息服務,新北市,板橋區;三重區;新莊區;淡水區;泰山區,25462833,polarsogood@gmail.com,陳諺弘,20250101.0,20271231.0,20241224 11:26:03
新北市汐止區衛生所,B20200106,B2,新北市,汐止區,新北市汐止區新台五路一段266號,121.658531189,25.0635128021,B,居家失能個案家庭醫師照護服務,新北市,汐止區,02-2641-2030,AW0760@ntpc.gov.tw,江佳錡,20250101.0,20271231.0,20241224 11:46:36
新北市瑞芳區龍川社區發展協會(社照C),BF0200104,BF,新北市,瑞芳區,新北市瑞芳區龍川里一坑路70之7號,121.8035888672,25.1082820892,C,巷弄長照站,新北市,瑞芳區,0937426420,F05250525@yahoo.com.tw,廖漢信,20240101.0,20241231.0,20240514 14:49:22
財團法人中華民國佛教慈濟慈善事業基金會-蘆洲靜思堂(社照C),BD0200049,BD,新北市,蘆洲區,新北市蘆洲區長樂路125號,121.4618911743,25.0877399445,C,巷弄長照站,新北市,蘆洲區,02-22187770#2877,ttza00501@tzuchi.org.tw,釋證嚴,20230101.0,20231231.0,20230630 15:08:15
新北市板橋溪崑關懷慈善會(崑崙)(社照C),BF0200111,BF,新北市,板橋區,新北市板橋區篤行路二段131巷17號,121.4316177368,24.9904632568,C,巷弄長照站,新北市,板橋區,0989-001823,ben1040@kimo.com,陳淑美,20230101.0,20231231.0,20230630 14:15:24
天行健診所,B20100047,B2,臺北市,萬華區,臺北市萬華區寶興街121、125、127號,121.4950714111,25.0246353149,B,居家失能個案家庭醫師照護服務,臺北市,萬華區,2332-0688,sky9623@gmail.com,陳行健,20250101.0,20261231.0,20250204 16:05:35
中華民國樂齡生活規劃協會(福前站)(社照C),BF0200101,BF,新北市,新莊區,新北市新莊區福基里化成路746巷2號2樓,121.4658737183,25.0576705933,C,巷弄長照站,新北市,新莊區,0928009650,nhppkn@gmail.com,陳宏定,20240101.0,20241231.0,20240704 13:48:00
南丁格爾居家護理所,B10200089,B1,新北市,汐止區,新北市汐止區大同路三段423號,121.6777191162,25.071680069,B,專業照護服務,新北市,板橋區;三重區;中和區;新莊區;汐止區,02-86481908,ntg107921@gmail.com,王冠今,20220101.0,20241231.0,20220207 10:22:08
廣全診所,B20200096,B2,新北市,土城區,新北市土城區學成路2號1樓,121.4538879395,24.9866123199,B,居家失能個案家庭醫師照護服務,新北市,土城區,2625736,kcfc45@gmail.com,薛常淑,20250101.0,20271231.0,20241226 14:13:57
振興醫療財團法人振興醫院,B20100071,B2,臺北市,北投區,臺北市北投區振興街４５號,,,B,專業照護服務,臺北市,北投區,0228264400,-,魏崢,20210101.0,20241231.0,20230202 17:18:18
振興醫療財團法人振興醫院,B20100071,B2,臺北市,北投區,臺北市北投區振興街４５號,,,B,專業照護服務,臺北市,士林區;北投區,0228264400,-,魏崢,20250101.0,20261231.0,20241025 10:47:12
安德利互聯網股份有限公司附設臺北市私立安德利居家長照機構,1V0100013,1,臺北市,中山區,臺北市中山區五常街51號2樓,121.5437469482,25.054473877,B,居家服務,臺北市,松山區;信義區;大安區;中山區;大同區;萬華區;文山區;南港區;內湖區;士林區;北投區,02-2511-9069,Anderly0101@gmail.com,李盛豊,20240101.0,20261231.0,20231229 09:45:19
安德利互聯網股份有限公司附設臺北市私立安德利居家長照機構,1V0100013,1,臺北市,中山區,臺北市中山區五常街51號2樓,121.5437469482,25.054473877,B,喘息服務,新北市,板橋區;中和區;永和區;汐止區;土城區,02-2511-9069,Anderly0101@gmail.com,李盛豊,20250101.0,20271231.0,20241225 15:33:02
士林區芝山岩社區發展協會,BF0100131,BF,臺北市,士林區,臺北市士林區名山里雨聲街68號(芝山岩區民活動中心),121.528755188,25.1036128998,C,巷弄長照站,臺北市,士林區,0911328596,yueh2158@pchome.com.tw,廖岳,20210101.0,20211231.0,20210407 11:46:19
台北市萬華區馬場町社區發展協會,BF0100167,BF,臺北市,萬華區,臺北市萬華區騰雲里國興路1巷2-4號(辦公處活動中心),121.5088043213,25.0242328644,C,巷弄長照站,臺北市,萬華區,0223096837,longate2893@yahoo.com.tw,吳文雀,20200401.0,20211231.0,20210412 15:11:12
財團法人中華民國佛教慈濟慈善事業基金會-板橋靜思堂(社照C),BD0200048,BD,新北市,板橋區,新北市板橋區大觀路二段265巷15號,121.4429397583,24.9961032867,C,巷弄長照站,新北市,板橋區,03-8266779#505,xda06271@tzuchi.com.tw,釋證嚴,20230101.0,20231231.0,20230630 15:18:37
豐榮醫院,B20200141,B2,新北市,新店區,新北市新店區安德街 26巷3號(B棟),121.5115737915,24.9632415771,A,個案管理服務,新北市,新店區,02-2212-2111,wendyhsu666@gmail.com,應思漢,20250101.0,20250630.0,20250205 13:44:43
豐榮醫院,B20200141,B2,新北市,新店區,新北市新店區安德街 26巷3號(B棟),121.5115737915,24.9632415771,B,專業照護服務,新北市,中和區;永和區;新店區,02-2212-2111,wendyhsu666@gmail.com,應思漢,20220101.0,20241231.0,20220314 14:52:10
南丁格爾居家護理所,B10200089,B1,新北市,汐止區,新北市汐止區大同路三段423號,121.6777191162,25.071680069,B,專業照護服務,新北市,板橋區;三重區;中和區;新莊區;汐止區,02-86481908,ntg107921@gmail.com,王冠今,20250101.0,20271231.0,20241205 15:26:21
中華民國樂齡生活規劃協會(福壽站)(社照C),BF0200099,BF,新北市,新莊區,新北市新莊區信義里昌明街1號,121.4576339722,25.0522136688,C,巷弄長照站,新北市,新莊區,02-85210176,nhppkn@gmail.com,陳宏定,20240101.0,20241231.0,20240704 13:51:17
良田健康照護社附設新北市私立良田健康照護居家長照機構,1U0200002,1,新北市,中和區,新北市中和區連城路446之2號2樓,121.5045394897,24.9966373444,B,專業照護服務,新北市,板橋區;中和區;永和區;新莊區;新店區;樹林區;土城區,8668-8621,nick0526@hotmail.com.tw,陳素芳,20220101.0,20241231.0,20220412 15:31:03
良田健康照護社附設新北市私立良田健康照護居家長照機構,1U0200002,1,新北市,中和區,新北市中和區連城路446之2號2樓,121.5045394897,24.9966373444,B,居家服務,新北市,板橋區;中和區;永和區;新莊區;新店區;樹林區;土城區,8668-8621,nick0526@hotmail.com.tw,陳素芳,20250101.0,20271231.0,20241227 14:17:52
良田健康照護社附設新北市私立良田健康照護居家長照機構,1U0200002,1,新北市,中和區,新北市中和區連城路446之2號2樓,121.5045394897,24.9966373444,B,喘息服務,新北市,板橋區;中和區;永和區;新莊區;新店區;樹林區;土城區,8668-8621,nick0526@hotmail.com.tw,陳素芳,20250101.0,20271231.0,20241227 14:19:55
新北市林口區衛生所,B20200113,B2,新北市,林口區,新北市林口區忠孝二路55號1樓,121.3640594482,25.0698413849,B,居家失能個案家庭醫師照護服務,新北市,林口區,0226011005,ah5421@ntpc.com.tw,葉琬喻,20250101.0,20271231.0,20241217 15:26:58
臺北市萬華區青年社區發展協會,BF0100169,BF,臺北市,萬華區,臺北市萬華區新和里中華路2段416巷9-3、9-4號(青年國宅),121.5043869019,25.0267829895,C,巷弄長照站,臺北市,萬華區,02-2303-1537,yichieh99@hotmail.com,莊惟仁,20200401.0,20211231.0,20210412 15:02:51
博樂健康股份有限公司附設新北市私立博樂居家長照機構,1V0200013,1,新北市,新莊區,新北市新莊區中華里中安街9號4樓,121.4529800415,25.0455226898,B,居家服務,新北市,板橋區;三重區;新莊區;淡水區;泰山區,25462833,polarsogood@gmail.com,陳諺弘,20250101.0,20271231.0,20241224 11:25:37
國泰醫療財團法人國泰綜合醫院,B20100054,B2,臺北市,大安區,臺北市大安區仁愛路四段266巷6號，280號,1.0,1.0,B,專業照護服務,臺北市,松山區;信義區;大安區;中正區,0227082121,cgh439182@cgh.org.tw,簡志誠,20180131.0,20241231.0,20241104 11:24:53
國泰醫療財團法人國泰綜合醫院,B20100054,B2,臺北市,大安區,臺北市大安區仁愛路四段266巷6號，280號,1.0,1.0,B,專業照護服務,臺北市,松山區;信義區;大安區;中正區,0227082121,cgh439182@cgh.org.tw,簡志誠,20250101.0,20261231.0,20241018 16:47:34
台北市新生活社會福利協進會,BF0100099,BF,臺北市,士林區,臺北市士林區富洲里延平北路九段122號,121.4733123779,25.1064453125,C,巷弄長照站,臺北市,士林區,0937094689,office@tpenewlife.org,張淑貞,20210101.0,20211231.0,20210407 11:58:56
財團法人環宇國際文化教育基金會(中正文盛),BF0100104,BF,臺北市,中正區,臺北市中正區文盛里羅斯福路三段240巷17弄3號,121.5291442871,25.0177001953,C,巷弄長照站,臺北市,萬華區,02-2309-8844,gutingfamily@icef.org.tw,林景德,20200401.0,20241231.0,20221230 19:05:34
財團法人台北市基督教台灣貴格會忠湖教會,BF0100124,BF,臺北市,內湖區,臺北市內湖區湖元里民權東路6段56巷5弄8號1樓,121.5852966309,25.0682582855,C,巷弄長照站,臺北市,內湖區,02-27923347,loyal_lake@yahoo.com.tw,萬正宇,20200101.0,20211231.0,20210408 17:51:44
振芝心身醫學診所,B20100085,B2,臺北市,中山區,臺北市中山區復興北路282號2樓,121.5439300537,25.0587844849,B,專業照護服務,臺北市,松山區;信義區;大安區;中山區;中正區;內湖區,2506-9169,info@blossomclinic.org,洪敬倫,20190904.0,20201231.0,20200311 17:37:11
樂昱有限公司附設臺北市私立樂昱居家長照機構,1V0100016,1,臺北市,北投區,臺北市北投區文林里文林北路262號2樓,121.5109786987,25.1137466431,A,個案管理服務,臺北市,士林區,28225423,leyuhappy1@gmail.com,黃信雄,20240501.0,20241231.0,20240430 11:23:38
中華民國紅十字會附設私立博愛居家長照機構,1N0100003,1,臺北市,萬華區,臺北市萬華區菜園里康定路62號11樓,121.5023117065,25.0424423218,B,喘息服務,臺北市,中山區;中正區;大同區;萬華區,23310500,lily1015@redcross.org.tw,潘維大,20200420.0,20241231.0,20221230 15:22:23
中華民國紅十字會附設私立博愛居家長照機構,1N0100003,1,臺北市,萬華區,臺北市萬華區菜園里康定路62號11樓,121.5023117065,25.0424423218,B,喘息服務,臺北市,中山區;中正區;大同區;萬華區,23310500,lily1015@redcross.org.tw,潘維大,20250101.0,20261231.0,20241122 14:31:51
南丁格爾居家護理所,B10200089,B1,新北市,汐止區,新北市汐止區大同路三段423號,121.6777191162,25.071680069,B,專業照護服務,基隆市,中正區;七堵區;暖暖區;仁愛區;中山區;安樂區;信義區,02-86481908,ntg107921@gmail.com,王冠今,20240723.0,20250722.0,20250319 13:48:41
新北市板橋區衛生所,B20200108,B2,新北市,板橋區,新北市板橋區英士路192號,121.4583282471,25.0233154297,B,居家失能個案家庭醫師照護服務,新北市,板橋區,02 22586606,AK8091@ntpc.gov.tw,葉雅韻,20250101.0,20271231.0,20250110 16:26:51
臺北市大安區通安里辦公處,BF0100103,BF,臺北市,大安區,臺北市大安區通安里通安街98號 (臺北市通安區民活動中心),121.5529403687,25.0298480988,C,巷弄長照站,臺北市,大安區,02-2703-8807,bi-garytu@mail.taipei.gov.tw,鄭文明,20210101.0,20211231.0,20210407 15:36:28
財團法人環宇國際文化教育基金會(中正文盛),BF0100104,BF,臺北市,中正區,臺北市中正區文盛里羅斯福路三段240巷17弄3號,121.5291442871,25.0177001953,B,喘息服務,臺北市,松山區;信義區;大安區;中山區;中正區;大同區;萬華區;文山區;南港區;內湖區;士林區;北投區,02-2309-8844,gutingfamily@icef.org.tw,林景德,20250101.0,20261231.0,20241105 19:07:47
財團法人基督教台灣信義會(大直真理堂),BF0100110,BF,臺北市,中山區,臺北市中山區金泰里樂群二路142號及144號2樓敬業三路162巷109號1樓,121.5575408936,25.0803947449,C,巷弄長照站,臺北市,中山區,(02)8501-1754,churchesgreat@gmail.com,吳英賓,20200101.0,20211231.0,20210408 16:24:30
新北市樹林區衛生所,B20200117,B2,新北市,樹林區,新北市樹林區樹新路40-7號,121.4285202026,24.9961395264,B,居家失能個案家庭醫師照護服務,新北市,樹林區,(02)26812134,AI5634@ntpc.gov.tw,曾淑娟,20250101.0,20271231.0,20241224 11:55:37
國泰醫療財團法人國泰綜合醫院,B20100054,B2,臺北市,大安區,臺北市大安區仁愛路四段266巷6號，280號,1.0,1.0,B,專業照護服務,臺北市,松山區;信義區;大安區;中正區,0227082121,cgh439182@cgh.org.tw,簡志誠,20180131.0,20241231.0,20241018 16:50:44
財團法人台北市中山基督長老教會,BF0100143,BF,臺北市,中山區,臺北市中山區正得里林森北路62號,,,C,巷弄長照站,臺北市,中山區,0225518480#119,lichin681027@gmail.com,郭崇仁,20200101.0,20211231.0,20210408 16:16:13
臺北市北投區吉慶社區發展協會,BF0100161,BF,臺北市,北投區,臺北市北投區吉慶里致遠二路61巷2-2號,121.5116348267,25.1149749756,C,巷弄長照站,臺北市,北投區,02-2828-2002,tsung34@yahoo.com.tw,陳绣絹,20210101.0,20211231.0,20210412 10:29:23
中崙諮商中心心理諮商所,B20100093,B2,臺北市,大安區,臺北市大安區忠孝東路三段54號4樓之一,121.5355606079,25.041727066,B,專業照護服務,臺北市,松山區;信義區;大安區;文山區;南港區;內湖區;士林區,2731-9731,g27319731@gmail.com,李予澄,20191017.0,20241231.0,20230202 17:17:25
中崙諮商中心心理諮商所,B20100093,B2,臺北市,大安區,臺北市大安區忠孝東路三段54號4樓之一,121.5355606079,25.041727066,B,專業照護服務,臺北市,松山區;信義區;大安區;中山區;中正區;大同區;文山區;南港區;內湖區;士林區,2731-9731,g27319731@gmail.com,李予澄,20250101.0,20261231.0,20240925 09:55:55
樂昱有限公司附設臺北市私立樂昱居家長照機構,1V0100016,1,臺北市,北投區,臺北市北投區文林里文林北路262號2樓,121.5109786987,25.1137466431,B,居家服務,臺北市,松山區;信義區;大安區;中山區;中正區;大同區;萬華區;文山區;南港區;內湖區;士林區;北投區,28225423,leyuhappy1@gmail.com,黃信雄,20220101.0,20231231.0,20220207 16:15:19
樂昱有限公司附設臺北市私立樂昱居家長照機構,1V0100016,1,臺北市,北投區,臺北市北投區文林里文林北路262號2樓,121.5109786987,25.1137466431,A,個案管理服務,臺北市,士林區,28225423,leyuhappy1@gmail.com,黃信雄,20250101.0,20261231.0,20241231 17:24:51
樂昱有限公司附設臺北市私立樂昱居家長照機構,1V0100016,1,臺北市,北投區,臺北市北投區文林里文林北路262號2樓,121.5109786987,25.1137466431,B,居家服務,臺北市,松山區;信義區;大安區;中山區;中正區;大同區;萬華區;文山區;南港區;內湖區;士林區;北投區,28225423,leyuhappy1@gmail.com,黃信雄,20240101.0,20261231.0,20231229 09:39:20
中華民國紅十字會附設私立博愛居家長照機構,1N0100003,1,臺北市,萬華區,臺北市萬華區菜園里康定路62號11樓,121.5023117065,25.0424423218,B,居家服務,臺北市,中山區;中正區;大同區;萬華區,23310500,lily1015@redcross.org.tw,潘維大,20220101.0,20231231.0,20211230 15:05:13
龍騰長期照護有限公司附設新北市私立童馨園居家長照機構,1V0200016,1,新北市,板橋區,新北市板橋區東門街32號3樓,121.4571380615,25.0069179535,B,專業照護服務,新北市,板橋區;鶯歌區;三峽區;土城區;林口區,0919319207,long.term.care1966@gmail.com,施卓諭,20250101.0,20271231.0,20241218 14:36:45
社團法人台北市康復之友協會(慈芳關懷中心)(社照C),BE0200043,BE,新北市,土城區,新北市土城區員信里中正路18號6樓,121.4430084229,24.9750747681,C,巷弄長照站,新北市,土城區,82621305,cih.fang@msa.hinet.net,劉蓉台,20210830.0,20211231.0,20210901 10:19:36
新北市蘆洲區衛生所,B20200115,B2,新北市,蘆洲區,新北市蘆洲區中央路58號,121.4732666016,25.0839443207,B,居家失能個案家庭醫師照護服務,新北市,蘆洲區,02 22812011,ntpc249@ntpc.gov.tw,朱思盈,20250101.0,20271231.0,20250113 15:28:44
新北市汐止區保長里辦公處(社照C),BG0200033,BG,新北市,汐止區,新北市汐止區保長里保長路51巷11、13號,121.6733627319,25.0788764954,C,巷弄長照站,新北市,汐止區,0921950973,cflai@gm.fgu.edu.tw,賴宗福,20240401.0,20241231.0,20240516 15:53:36
財團法人環宇國際文化教育基金會(中正文盛),BF0100104,BF,臺北市,中正區,臺北市中正區文盛里羅斯福路三段240巷17弄3號,121.5291442871,25.0177001953,B,喘息服務,臺北市,松山區;信義區;大安區;中山區;中正區;大同區;萬華區;文山區;南港區;內湖區;士林區;北投區,02-2309-8844,gutingfamily@icef.org.tw,林景德,20200401.0,20241231.0,20241105 19:13:50
三重中興醫院,B20200103,B2,新北市,三重區,新北市三重區中興北街21號,121.4696578979,25.0465354919,A,個案管理服務,新北市,三重區;新莊區;蘆洲區,29959680,kuoshyang@gmail.com,李高淵,20250101.0,20250630.0,20241231 16:37:42
天行健診所,B20100047,B2,臺北市,萬華區,臺北市萬華區寶興街121、125、127號,121.4950714111,25.0246353149,B,居家失能個案家庭醫師照護服務,臺北市,中正區;萬華區,2332-0688,sky9623@gmail.com,陳行健,20191202.0,20241231.0,20221230 21:46:56
新北市五股區衛生所,B20200112,B2,新北市,五股區,新北市五股區新城三路11號,121.4476394653,25.0942363739,B,居家失能個案家庭醫師照護服務,新北市,五股區,02-2917717,AG5172@ntpc.gov.tw,張筱婉,20250101.0,20271231.0,20250113 16:13:47
社團法人燈塔全人關懷協會(社照C),BE0200049,BE,新北市,蘆洲區,新北市蘆洲區永康里長安街220巷14號,121.4591217041,25.084821701,C,巷弄長照站,新北市,蘆洲區,82823442,chiaenlo@gmail.com,羅加恩,20220101.0,20221231.0,20220503 10:06:57
財團法人台北市中國基督教靈糧世界佈道會台北靈糧堂(松江靈糧福音中心),BF0100120,BF,臺北市,中山區,臺北市中山區松江里民權東路二段146號2樓,121.5342330933,25.0622348785,C,巷弄長照站,臺北市,中山區,02-23623022#8713,niko.tsai@breadoflife.taipei,曾國生,20200101.0,20211231.0,20210408 16:24:51
臺北市文山區樟新社區發展協會,BF0100157,BF,臺北市,文山區,臺北市文山區樟新里一壽街22號9樓教室二,121.5562744141,24.9797115326,C,巷弄長照站,臺北市,文山區,0972246031,bs-781021@mail.taipei.gov.tw,歐陽禾英,20200101.0,20211231.0,20210409 16:03:09
臺北市和德長壽健康促進協會,BF0100171,BF,臺北市,萬華區,臺北市萬華區和德里興義街25號,121.492149353,25.0268592834,C,巷弄長照站,臺北市,萬華區,02-23395285,wh-178@mail.taipei.gov.tw,李文通,20210101.0,20211231.0,20210412 14:58:53
臺北市中山區晴光里辦公處,BF0100144,BF,臺北市,中山區,臺北市中山區晴光里雙城街18巷20號,121.5230026245,25.0653858185,C,巷弄長照站,臺北市,中山區,0981201026,janny0918@gmail.com,林姿吟,20210101.0,20211231.0,20210408 16:27:22
臺北市松山區東勢里辦公處,BF0100147,BF,臺北市,松山區,臺北市松山區東勢里南京東路4段133巷8弄17號,121.5543441772,25.0530376434,C,巷弄長照站,臺北市,松山區,02-27170369,bh_ssda207@mail.taipei.gov.tw,王叔珍,20210101.0,20211231.0,20210412 12:01:15
台北市君賀人本關懷協會,BF0100160,BF,臺北市,信義區,臺北市信義區中行里福德街221巷15號（瑠公國中）,121.5853271484,25.0370674133,C,巷弄長照站,臺北市,信義區,02-2327-8616,bio.mag@msa.hinet.net,林露菁,20210101.0,20211231.0,20210412 14:17:48
社團法人愛福家協會(瑞芳站)(社照C),BE0200044,BE,新北市,瑞芳區,新北市瑞芳區爪峯里三爪子坑路18號1樓,121.8103408813,25.1065006256,C,巷弄長照站,新北市,瑞芳區,02-24967130,Cs02@ilive.org.tw,涂林德緩,20240101.0,20241231.0,20240514 14:30:54
社團法人中華利仁社會福利協會(社照C),BE0200051,BE,新北市,土城區,新北市土城區員林里中正路1號6樓之1,121.4423065186,24.9751110077,C,巷弄長照站,新北市,土城區,02-22632256,ljwa2018@gmail.com,謝麗珠,20220101.0,20221231.0,20220502 16:48:10
三軍總醫院北投分院附設民眾診療服務處,B20100069,B2,臺北市,北投區,臺北市北投區新民路６０號 中和街二五○號,,,B,專業照護服務,臺北市,松山區;信義區;大安區;中山區;中正區;大同區;萬華區;文山區;南港區;內湖區;士林區;北投區,0228959808,-,楊立光,20200513.0,20201231.0,20200513 22:43:42
臺北市大安區古風社區發展協會,BF0100137,BF,臺北市,大安區,臺北市大安區古風里師大路117巷1號  雲和街72巷9號,121.5286483765,25.022233963,C,巷弄長照站,臺北市,大安區,0983293018,fanghui100@gmail.com,邱信賢,20210101.0,20211231.0,20210407 14:54:32
臺北市大安區錦町社區發展協會,BF0100139,BF,臺北市,大安區,臺北市大安區錦安里潮州街130巷3號1樓,121.5275726318,25.0285434723,C,巷弄長照站,臺北市,大安區,02-2351-5967,chk550505168@gmail.com,龔志慧,20210101.0,20211231.0,20210407 15:54:08
松山區建源社區發展協會,BF0100151,BF,臺北市,松山區,臺北市松山區復建里八德路3段158巷7弄20號(復建區民活動中心),121.5560531616,25.0473632812,C,巷弄長照站,臺北市,松山區,02-25791689,shiohow@yahoo.com.tw,陳秀華,20210101.0,20211231.0,20210412 13:50:10
台灣迦美福音傳播協會,BF0100152,BF,臺北市,文山區,臺北市文山區景華里三福街74巷2號1樓,121.5443572998,24.9976539612,C,巷弄長照站,臺北市,文山區,02-29348952,olivetreepeng@yahoo.com.tw,朱信介,20210101.0,20211231.0,20210409 15:23:17
財團法人台北市活石基督徒團契,BF0100156,BF,臺北市,文山區,臺北市文山區萬興里指南路二段45巷24弄17號,121.5753631592,24.9894638062,C,巷弄長照站,臺北市,文山區,0925230295,lingling7475@yahoo.com.tw,謝長安,20210101.0,20211231.0,20210409 16:04:42
臺北市中正區櫻花社區發展協會,BF0100117,BF,臺北市,中正區,臺北市中正區網溪里牯嶺街165號,121.5191345215,25.0218410492,C,巷弄長照站,臺北市,中正區,0919940027,s33651923@yahoo.com.tw,夏萬浪,20210101.0,20211231.0,20210616 18:04:03
社團法人中華仁親社區關懷協會(士林好厝邊),BF0100133,BF,臺北市,士林區,臺北市士林區義信里基河路128號(士林靈糧堂),121.5231323242,25.0886764526,C,巷弄長照站,臺北市,士林區,0228803408,Ericlin7028@gmail.com,劉群茂,20210101.0,20211231.0,20210407 13:36:12
財團法人台北市基督教全人福利事業基金會(吳興教會),BD0100063,BD,臺北市,信義區,臺北市信義區三張里吳興街269巷18弄6號,121.5647735596,25.0270957947,C,巷弄長照站,臺北市,信義區,02-2758-9796,joan0801@ms68.hinet.net,鍾梅香,20210101.0,20211231.0,20210412 14:13:36
中華民國老人福利協進會,BF0100168,BF,臺北市,信義區,臺北市信義區嘉興里信安街78號2樓,121.557220459,25.02602005,C,巷弄長照站,臺北市,信義區,02-27382357,catychou_3067@yahoo.com.tw,高火生,20210101.0,20211231.0,20210412 14:34:47
新北市鶯歌區永吉社區發展協會(社照C),BF0200105,BF,新北市,鶯歌區,新北市鶯歌區德昌街3巷1號之1,121.332321167,24.9599552155,C,巷弄長照站,新北市,鶯歌區,0927183152,tracy770213@yahoo.com.tw,賴秀琴,20240101.0,20241231.0,20240707 14:25:17
社團法人台灣多元社會福利協會-蘆洲安德(社照C),BE0200045,BE,新北市,蘆洲區,新北市蘆洲區樓厝里復興路274號1樓,121.4804763794,25.0897636414,C,巷弄長照站,新北市,蘆洲區,82820112,tapdsw@gmail.com,林政緯,20220101.0,20221231.0,20220503 10:06:12
新北市土城區永寧社區發展協會(社照C),BF0200117,BF,新北市,土城區,新北市土城區永平街1號,121.4275360107,24.9634571075,C,巷弄長照站,新北市,土城區,02-26719689,ponasdf@gamil.com,彭武雄,20220101.0,20221231.0,20220502 16:38:53
樂銓管理顧問股份有限公司附設新北市私立樂銓居家長照機構,1V0200018,1,新北市,三重區,新北市三重區正安里正義北路210號9樓,121.4962005615,25.0675258636,B,喘息服務,臺北市,松山區;信義區;大安區;中山區;中正區;大同區;萬華區;內湖區;士林區,27316940,osirishsu@gmail.com,鄭寶蓮,20200505.0,20241231.0,20221230 14:59:22
樂銓管理顧問股份有限公司附設新北市私立樂銓居家長照機構,1V0200018,1,新北市,三重區,新北市三重區正安里正義北路210號9樓,121.4962005615,25.0675258636,B,喘息服務,臺北市,松山區;信義區;大安區;中山區;中正區;大同區;萬華區;內湖區;士林區,27316940,osirishsu@gmail.com,鄭寶蓮,20250101.0,20261231.0,20241122 18:37:06
樂銓管理顧問股份有限公司附設新北市私立樂銓居家長照機構,1V0200018,1,新北市,三重區,新北市三重區正安里正義北路210號9樓,121.4962005615,25.0675258636,B,居家服務,新北市,板橋區;三重區;新莊區;蘆洲區,27316940,osirishsu@gmail.com,鄭寶蓮,20250101.0,20271231.0,20241224 10:36:25
永誠復健科診所,B20100087,B2,臺北市,大安區,臺北市大安區復興南路二段236號2樓,121.5431365967,25.0251255035,B,專業照護服務,臺北市,松山區;信義區;大安區;中山區;中正區;大同區;萬華區;文山區;南港區;內湖區;士林區;北投區,2707-1608,yc.clinic@msa.hinet.net,裴松毅,20190919.0,20201231.0,20200311 17:44:34
新北市板橋區玉山青年會(華中)(社照C),BF0200114,BF,新北市,板橋區,新北市板橋區僑中一街102巷7弄3號,121.4466171265,25.0128536224,C,巷弄長照站,新北市,板橋區,02-2968-0023,yusulan0987189148@gmail.com,呂昆洋,20230101.0,20231231.0,20230630 14:13:21
財團法人新北市雙連社會福利慈善事業基金會新北市私立新莊昌平社區長照機構(新莊昌平公共托老中心)(社照C),BD0200050,BD,新北市,新莊區,新北市新莊區中央路51號,121.4569778442,25.0585861206,C,巷弄長照站,新北市,新莊區,8521-7872*106,123@gmail.com,蔡政道,20220101.0,20221231.0,20220503 09:37:27
新北市坪林區老人會(社照C),BF0200102,BF,新北市,坪林區,新北市坪林區大林里逮魚堀33-4號,121.6978607178,24.9253921509,C,巷弄長照站,新北市,坪林區,0911-282-312,a0911282312@gmail.com,蔡文紫,20220101.0,20221231.0,20220503 09:54:31
新北市福齡松青會(社照C),BF0200107,BF,新北市,三重區,新北市三重區民生里大同北路186號B1、1樓,121.4907073975,25.0662956238,C,巷弄長照站,新北市,三重區,2983-5938,cherichsiao@gmail.com,林哲夫,20221001.0,20231231.0,20230530 18:40:26
新北市板橋區玉山青年會(後埔)(社照C),BF0200115,BF,新北市,板橋區,新北市板橋區重慶路89巷9弄2號,121.4624176025,25.0066184998,C,巷弄長照站,新北市,板橋區,02-2272-9088,yusulan0987189148@gmail.com,呂昆洋,20230101.0,20231231.0,20230630 12:13:42
太陽長照社團法人附設新北市私立林口住宿長照機構,3L0200001,3,新北市,林口區,新北市林口區西林里14鄰吉林街30號,121.3845291138,25.0763454437,B,喘息服務,新北市,板橋區;三重區;中和區;永和區;新莊區;新店區;樹林區;鶯歌區;三峽區;淡水區;汐止區;瑞芳區;土城區;蘆洲區;五股區;泰山區;林口區;深坑區;石碇區;坪林區;三芝區;石門區;八里區;平溪區;雙溪區;貢寮區;金山區;萬里區;烏來區,02-2602-6928,taiyolinkou@gmail.com,陳立偉,20250101.0,20271231.0,20241220 15:25:02
石碇區老人會(社照C),BE0200052,BE,新北市,石碇區,新北市石碇區楓子林32-1號4樓,121.6423110962,25.0101356506,C,巷弄長照站,新北市,石碇區,02-2663-2116,123@gmail.com,楊萬益,20220101.0,20221231.0,20220503 08:17:43
樂銓管理顧問股份有限公司附設新北市私立樂銓居家長照機構,1V0200018,1,新北市,三重區,新北市三重區正安里正義北路210號9樓,121.4962005615,25.0675258636,B,居家服務,臺北市,松山區;信義區;大安區;中山區;中正區;大同區;萬華區;內湖區;士林區,27316940,osirishsu@gmail.com,鄭寶蓮,20200427.0,20261231.0,20231229 17:30:57
天主教耕莘醫療財團法人永和耕莘醫院-中和景平據點(醫事C),B20200129,B2,新北市,中和區,新北市中和區景平里景平路440號1樓,121.5069198608,24.9934673309,B,喘息服務,新北市,中和區,02-29286060,cohappy.cthyh@gmail.com,趙嘉倫,20250101.0,20271231.0,20250424 10:05:39
逸居股份有限公司附設臺北市私立幸福時光居家長照機構,1V0100014,1,臺北市,大安區,臺北市大安區錦安里永康街75巷1號1樓,121.529914856,25.0289611816,B,喘息服務,臺北市,松山區;信義區;大安區;中山區;中正區;大同區;萬華區;文山區;南港區;內湖區;士林區;北投區,02-77058110#107,blessedsheeptime@gmail.com,李淑貞,20200408.0,20241231.0,20221230 20:04:26
逸居股份有限公司附設臺北市私立幸福時光居家長照機構,1V0100014,1,臺北市,大安區,臺北市大安區錦安里永康街75巷1號1樓,121.529914856,25.0289611816,B,居家服務,臺北市,松山區;信義區;大安區;中山區;中正區;大同區;萬華區;文山區;南港區;內湖區;士林區;北投區,02-77058110#107,blessedsheeptime@gmail.com,李淑貞,20240101.0,20261231.0,20231229 16:46:48
臺北市內湖區大湖里辦公處,BF0100129,BF,臺北市,內湖區,臺北市內湖區大湖里大湖山莊街117號3樓,121.6017456055,25.0860443115,C,巷弄長照站,臺北市,內湖區,0972295512,bl-abc526209@mail.taipei.gov.tw,郭坤祥,20200101.0,20211231.0,20210408 17:36:42
台北市北投區榮光社區發展協會,BF0100140,BF,臺北市,北投區,臺北市北投區榮光里石牌路1段166巷43弄15號,121.5150146484,25.1140327454,C,巷弄長照站,臺北市,北投區,02-2823-1593,gym5118@yahoo.com.tw,蘇寶鈴,20200401.0,20211231.0,20210412 11:14:38
財團法人臺北市松年長春社會福利基金會(景華),BF0100153,BF,臺北市,文山區,臺北市文山區景華里景華街49巷1號,121.5427932739,24.9952831268,C,巷弄長照站,臺北市,文山區,0225000261,pine003@twdc.org.tw,王淑惠,20200101.0,20211231.0,20210409 15:21:32
杏誠復健科診所,B20100086,B2,臺北市,大安區,臺北市大安區信義路四段173號2樓,121.5504608154,25.0334281921,B,喘息服務,臺北市,松山區;信義區;大安區;中山區;中正區;大同區;萬華區;文山區;南港區;內湖區;士林區;北投區,2706-1732,xc.clinic@gmail.com,楊峯芃,20190917.0,20201231.0,20200311 17:40:36
臺北市立聯合醫院,B20100059,B2,臺北市,大同區,臺北市大同區鄭州路145號,121.5088882446,25.0506916046,B,專業照護服務,臺北市,松山區;信義區;大安區;中山區;中正區;大同區;萬華區;文山區;南港區;內湖區;士林區;北投區,25553000#2030,B5646@tpech.gov.tw,王智弘,20200101.0,20241231.0,20221229 23:03:19
臺北市立聯合醫院,B20100059,B2,臺北市,大同區,臺北市大同區鄭州路145號,121.5088882446,25.0506916046,B,專業照護服務,臺北市,松山區;信義區;大安區;中山區;中正區;大同區;萬華區;文山區;南港區;內湖區;士林區;北投區,25553000#2030,B5646@tpech.gov.tw,王智弘,20200101.0,20241231.0,20221229 23:03:09
逸居股份有限公司附設臺北市私立幸福時光居家長照機構,1V0100014,1,臺北市,大安區,臺北市大安區錦安里永康街75巷1號1樓,121.529914856,25.0289611816,B,居家服務,臺北市,松山區;信義區;大安區;中山區;中正區;大同區;萬華區;文山區;南港區;內湖區;士林區;北投區,02-77058110#107,blessedsheeptime@gmail.com,李淑貞,20200306.0,20231231.0,20211230 11:15:47
臺北市信義區挹翠社區發展協會,BF0100112,BF,臺北市,信義區,臺北市信義區六合里紫雲街23號1樓,,,C,巷弄長照站,臺北市,信義區,02-27228636,ghda970525@gmail.com,甘添貴,20210101.0,20211231.0,20210412 14:27:02
樂銓管理顧問股份有限公司附設新北市私立樂銓居家長照機構,1V0200018,1,新北市,三重區,新北市三重區正安里正義北路210號9樓,121.4962005615,25.0675258636,B,喘息服務,新北市,板橋區;三重區;新莊區;蘆洲區,27316940,osirishsu@gmail.com,鄭寶蓮,20250101.0,20271231.0,20241224 10:37:21
臺北市立聯合醫院,B20100059,B2,臺北市,大同區,臺北市大同區鄭州路145號,121.5088882446,25.0506916046,B,居家失能個案家庭醫師照護服務,臺北市,松山區;信義區;大安區;中山區;中正區;大同區;萬華區;文山區;南港區;內湖區;士林區;北投區,25553000#2030,B5646@tpech.gov.tw,王智弘,20210101.0,20241231.0,20221230 21:45:43
臺北市立聯合醫院,B20100059,B2,臺北市,大同區,臺北市大同區鄭州路145號,121.5088882446,25.0506916046,B,居家失能個案家庭醫師照護服務,臺北市,松山區;信義區;大安區;中山區;中正區;大同區;萬華區;文山區;南港區;內湖區;士林區;北投區,25553000#2030,B5646@tpech.gov.tw,王智弘,20200101.0,20221231.0,20221216 13:04:16
快樂兒童診所,B20100096,B2,臺北市,萬華區,臺北市萬華區寶興街121號,121.4948043823,25.0252285004,B,居家失能個案家庭醫師照護服務,臺北市,萬華區,2332-8610,Happy3233@yahoo.com.tw,黃妙玲,20200310.0,20241231.0,20221230 21:46:31
龍騰長期照護有限公司附設新北市私立童馨園居家長照機構,1V0200016,1,新北市,板橋區,新北市板橋區東門街32號3樓,121.4571380615,25.0069179535,B,居家服務,新北市,板橋區;三重區;中和區;新莊區;樹林區;鶯歌區;三峽區;土城區;林口區,0919319207,long.term.care1966@gmail.com,施卓諭,20250101.0,20271231.0,20241218 14:35:14
臺北市私立喜宇居家長照機構,1X0100017,1,臺北市,松山區,臺北市松山區慈祐里臺北市松山區八德路四段678號6樓之1,121.5754165649,25.0498504639,B,喘息服務,臺北市,松山區;信義區;大安區;中山區;中正區;大同區;萬華區;文山區;南港區;內湖區;士林區;北投區,0966200297,tsai_you@yahoo.com.tw,劉敬喜,20250101.0,20261231.0,20241122 18:27:50
臺北市私立喜宇居家長照機構,1X0100017,1,臺北市,松山區,臺北市松山區慈祐里臺北市松山區八德路四段678號6樓之1,121.5754165649,25.0498504639,B,居家服務,臺北市,松山區;信義區;中山區;中正區;萬華區;南港區;內湖區;士林區;北投區,0966200297,tsai_you@yahoo.com.tw,劉敬喜,20200417.0,20211231.0,20201201 17:09:46
臺北市私立喜宇居家長照機構,1X0100017,1,臺北市,松山區,臺北市松山區慈祐里臺北市松山區八德路四段678號6樓之1,121.5754165649,25.0498504639,B,居家服務,臺北市,松山區;大同區;南港區;內湖區;士林區;北投區,0966200297,tsai_you@yahoo.com.tw,劉敬喜,20240101.0,20261231.0,20231229 13:41:18
新北市私立金順居家長照機構,1X0200045,1,新北市,三重區,新北市三重區仁德里安慶街120號,121.4980392456,25.0624084473,B,專業照護服務,新北市,板橋區;三重區;中和區;永和區;新莊區;樹林區;鶯歌區;三峽區;淡水區;土城區;蘆洲區;五股區;泰山區;林口區;八里區,89883298,jinshun2020@gmail.com,康浩偉,20220101.0,20241231.0,20220210 15:34:46
新北市私立金順居家長照機構,1X0200045,1,新北市,三重區,新北市三重區仁德里安慶街120號,121.4980392456,25.0624084473,A,個案管理服務,新北市,三重區,89883298,jinshun2020@gmail.com,康浩偉,20250101.0,20250630.0,20241231 15:11:23
新北市私立金順居家長照機構,1X0200045,1,新北市,三重區,新北市三重區仁德里安慶街120號,121.4980392456,25.0624084473,B,專業照護服務,新北市,板橋區;三重區;中和區;永和區;新莊區;樹林區;鶯歌區;三峽區;淡水區;土城區;蘆洲區;五股區;泰山區;林口區;八里區,89883298,jinshun2020@gmail.com,康浩偉,20250101.0,20271231.0,20250103 10:28:55
新北市私立金順居家長照機構,1X0200045,1,新北市,三重區,新北市三重區仁德里安慶街120號,121.4980392456,25.0624084473,B,居家服務,新北市,板橋區;三重區;中和區;永和區;新莊區;樹林區;鶯歌區;三峽區;淡水區;土城區;蘆洲區;五股區;泰山區;林口區;八里區,89883298,jinshun2020@gmail.com,康浩偉,20250101.0,20271231.0,20250103 10:41:48
新北市私立金順居家長照機構,1X0200045,1,新北市,三重區,新北市三重區仁德里安慶街120號,121.4980392456,25.0624084473,B,喘息服務,新北市,板橋區;三重區;中和區;永和區;新莊區;樹林區;鶯歌區;三峽區;淡水區;土城區;蘆洲區;五股區;泰山區;林口區;八里區,89883298,jinshun2020@gmail.com,康浩偉,20250101.0,20271231.0,20250103 10:47:03
柏愛健康產業股份有限公司附設新北市私立柏愛居家長照機構,1V0200017,1,新北市,坪林區,新北市坪林區北宜路八段176號3樓,121.5186157227,25.0157566071,B,專業照護服務,新北市,板橋區;三重區;中和區;永和區;新莊區;新店區;樹林區;鶯歌區;三峽區;淡水區;汐止區;瑞芳區;土城區;蘆洲區;五股區;泰山區;林口區;深坑區;石碇區;坪林區;三芝區;石門區;八里區;平溪區;雙溪區;貢寮區;金山區;萬里區;烏來區,8925-9456,boailongtermcare@gmail.com,林鴻達,20220101.0,20241231.0,20220314 11:44:37
財團法人中華基督教衛理公會平安堂,BF0100158,BF,臺北市,文山區,臺北市文山區興安里仙岩路16巷37號,121.5489425659,24.9983139038,C,巷弄長照站,臺北市,文山區,02-29342105,kennykung38837@gmail.com,賴玲,20200401.0,20211231.0,20210409 16:15:14
臺北市北投區振華社區發展協會,BF0100163,BF,臺北市,北投區,臺北市北投區振華里裕民一路40巷37號1樓,121.5177536011,25.1152057648,C,巷弄長照站,臺北市,北投區,02-2823-6110,fashing188@yahoo.com.tw,郭崇儀,20200401.0,20211231.0,20210412 11:05:13
樂昱有限公司附設臺北市私立樂昱居家長照機構,1V0100016,1,臺北市,北投區,臺北市北投區文林里文林北路262號2樓,121.5109786987,25.1137466431,B,喘息服務,臺北市,松山區;信義區;大安區;中山區;中正區;大同區;萬華區;文山區;南港區;內湖區;士林區;北投區,28225423,leyuhappy1@gmail.com,黃信雄,20250101.0,20261231.0,20241122 15:26:22
中華民國紅十字會附設私立博愛居家長照機構,1N0100003,1,臺北市,萬華區,臺北市萬華區菜園里康定路62號11樓,121.5023117065,25.0424423218,B,居家服務,臺北市,中山區;中正區;大同區;萬華區,23310500,lily1015@redcross.org.tw,潘維大,20200420.0,20241231.0,20221230 15:22:23
中華民國紅十字會附設私立博愛居家長照機構,1N0100003,1,臺北市,萬華區,臺北市萬華區菜園里康定路62號11樓,121.5023117065,25.0424423218,B,居家服務,臺北市,中山區;中正區;大同區;萬華區,23310500,lily1015@redcross.org.tw,潘維大,20240101.0,20261231.0,20231229 17:19:09
龍騰長期照護有限公司附設新北市私立童馨園居家長照機構,1V0200016,1,新北市,板橋區,新北市板橋區東門街32號3樓,121.4571380615,25.0069179535,B,專業照護服務,新北市,板橋區;鶯歌區;三峽區;土城區;林口區,0919319207,long.term.care1966@gmail.com,施卓諭,20220101.0,20241231.0,20220325 11:39:39
龍騰長期照護有限公司附設新北市私立童馨園居家長照機構,1V0200016,1,新北市,板橋區,新北市板橋區東門街32號3樓,121.4571380615,25.0069179535,B,喘息服務,新北市,板橋區;三重區;中和區;新莊區;樹林區;鶯歌區;三峽區;土城區;林口區,0919319207,long.term.care1966@gmail.com,施卓諭,20250101.0,20271231.0,20241218 14:36:04
逸居股份有限公司附設臺北市私立幸福時光居家長照機構,1V0100014,1,臺北市,大安區,臺北市大安區錦安里永康街75巷1號1樓,121.529914856,25.0289611816,B,喘息服務,臺北市,松山區;信義區;大安區;中山區;中正區;大同區;萬華區;文山區;南港區;內湖區;士林區;北投區,02-77058110#107,blessedsheeptime@gmail.com,李淑貞,20250101.0,20261231.0,20241122 10:37:41
臺北市北投區永和社區發展協會,BF0100123,BF,臺北市,北投區,臺北市北投區永和里行義路138-1號1樓,121.527961731,25.1296043396,C,巷弄長照站,臺北市,北投區,0910069290,l5168@hotmail.com,陳世正,20210101.0,20211231.0,20210409 17:20:16
台北市信義區三犁里辦公處,BF0100127,BF,臺北市,信義區,臺北市信義區三犁里信義路5段150巷14弄6號1樓,121.5694274902,25.0284118652,C,巷弄長照站,臺北市,信義區,0911-822-428,sing.keego@gmail.com,翁信利,20210101.0,20211231.0,20210412 14:15:27
台北市大同區慶安社區發展協會,BF0100135,BF,臺北市,大同區,臺北市大同區重慶里敦煌路90-92號1樓,121.5171356201,25.075838089,C,巷弄長照站,臺北市,大同區,0225965927,shun0531@kimo.com,林王雪娥,20200101.0,20211231.0,20210407 14:34:16
台北市廣西同鄉會,BF0100149,BF,臺北市,中正區,臺北市中正區梅花里忠孝東路1段35號7樓,121.5255355835,25.0444889069,C,巷弄長照站,臺北市,中正區,02-23210375,kwangsi.main@gmail.com,謝志鵬,20200101.0,20211231.0,20210408 17:04:03
臺北市信義區中行里辦公處,BF0100155,BF,臺北市,信義區,臺北市信義區中行里福德街268巷32號,121.5857543945,25.0398902893,C,巷弄長照站,臺北市,信義區,02-2727-4777,zhongxing@zx.attw.idv.tw,林美君,20210101.0,20211231.0,20210412 14:16:45
臺北市信義區五全里辦公處,BF0100162,BF,臺北市,信義區,臺北市信義區五全里永吉路278巷1弄13號,121.5745849609,25.0450229645,C,巷弄長照站,臺北市,信義區,02-2762-0007,wu--quan@hotmail.com,吳秀好,20210101.0,20211231.0,20210412 14:23:54
富康活力藥局,B30100008,B3,臺北市,南港區,臺北市南港區研究院路一段101巷8號,121.6165084839,25.0518093109,B,專業照護服務,臺北市,松山區;信義區;大安區;中山區;中正區;大同區;萬華區;文山區;南港區;內湖區;士林區;北投區,0937-964-046,cgaryz1688@gmail.com,蘇崑彰,20191122.0,20201231.0,20200311 18:06:23
美而美居家長照股份有限公司附設臺北市私立美而美居家長照機構,1V0100017,1,臺北市,中山區,臺北市中山區聚盛里錦州街46號12樓之3(R06室),121.530380249,25.0612926483,B,喘息服務,臺北市,松山區;信義區;大安區;中山區;中正區;大同區;萬華區;文山區;南港區;內湖區;士林區;北投區,02-2821-2412,bnb83627845@gmail.com,李壬㛙,20250101.0,20261231.0,20241120 10:24:04
美而美居家長照股份有限公司附設臺北市私立美而美居家長照機構,1V0100017,1,臺北市,中山區,臺北市中山區聚盛里錦州街46號12樓之3(R06室),121.530380249,25.0612926483,B,喘息服務,臺北市,松山區;信義區;大安區;中山區;中正區;大同區;萬華區;文山區;南港區;內湖區;士林區;北投區,02-2821-2412,bnb83627845@gmail.com,李壬㛙,20200428.0,20231231.0,20211230 16:14:14
美而美居家長照股份有限公司附設臺北市私立美而美居家長照機構,1V0100017,1,臺北市,中山區,臺北市中山區聚盛里錦州街46號12樓之3(R06室),121.530380249,25.0612926483,B,居家服務,新北市,板橋區;三重區;新莊區;新店區;樹林區;三峽區;淡水區;土城區;蘆洲區;五股區,02-2821-2412,bnb83627845@gmail.com,李壬㛙,20250101.0,20271231.0,20250103 11:25:37
顏鴻仁家庭醫學科診所,B20200172,B2,新北市,蘆洲區,新北市蘆洲區民族路127號1號,121.4797286987,25.0872402191,B,居家失能個案家庭醫師照護服務,新北市,蘆洲區,02 2831488,jenhung380907@hotmail.com,顏鴻仁,20250101.0,20271231.0,20241225 14:35:35
美而美居家長照股份有限公司附設臺北市私立美而美居家長照機構,1V0100017,1,臺北市,中山區,臺北市中山區聚盛里錦州街46號12樓之3(R06室),121.530380249,25.0612926483,B,居家服務,臺北市,松山區;信義區;大安區;中山區;中正區;大同區;萬華區;文山區;南港區;內湖區;士林區;北投區,02-2821-2412,bnb83627845@gmail.com,李壬㛙,20200428.0,20231231.0,20211230 16:14:14
臺北市私立一心居家長照機構,1X0100016,1,臺北市,松山區,臺北市松山區吉仁里八德路3段186號6樓之1,121.5560150146,25.0477523804,B,居家服務,臺北市,松山區;信義區;大安區;中山區;中正區;大同區;萬華區;文山區;南港區;內湖區;士林區;北投區,25781018,xue.oneheart@gmail.com,黃淑華,20200408.0,20211231.0,20211230 14:38:38
臺北市私立一心居家長照機構,1X0100016,1,臺北市,松山區,臺北市松山區吉仁里八德路3段186號6樓之1,121.5560150146,25.0477523804,B,居家服務,臺北市,松山區;信義區;大安區;中山區;中正區;大同區;萬華區;南港區;內湖區;士林區;北投區,25781018,xue.oneheart@gmail.com,黃淑華,20240101.0,20261231.0,20231229 11:56:34
樂昱有限公司附設臺北市私立樂昱居家長照機構,1V0100016,1,臺北市,北投區,臺北市北投區文林里文林北路262號2樓,121.5109786987,25.1137466431,B,喘息服務,臺北市,松山區;信義區;大安區;中山區;中正區;大同區;萬華區;文山區;南港區;內湖區;士林區;北投區,28225423,leyuhappy1@gmail.com,黃信雄,20200703.0,20241231.0,20221230 14:53:52
樂昱有限公司附設臺北市私立樂昱居家長照機構,1V0100016,1,臺北市,北投區,臺北市北投區文林里文林北路262號2樓,121.5109786987,25.1137466431,B,喘息服務,臺北市,松山區;信義區;大安區;中山區;中正區;大同區;萬華區;文山區;南港區;內湖區;士林區;北投區,28225423,leyuhappy1@gmail.com,黃信雄,20200701.0,20241231.0,20221229 22:31:32
龍騰長期照護有限公司附設新北市私立童馨園居家長照機構,1V0200016,1,新北市,板橋區,新北市板橋區東門街32號3樓,121.4571380615,25.0069179535,A,個案管理服務,新北市,板橋區;中和區,0919319207,long.term.care1966@gmail.com,施卓諭,20250101.0,20250630.0,20241231 14:35:39
新北市私立佐臨服務居家長照機構,1X0200043,1,新北市,板橋區,新北市板橋區富貴里三民路2段37號23樓之1,121.4794540405,25.0173912048,B,居家服務,新北市,板橋區;中和區;永和區,0920243692,tsolin202088@gmail.com,陳諭萱,20250101.0,20271231.0,20241205 11:33:51
財團法人佳醫健康基金會附設新北市私立三峽佳醫社區長照機構,2S0200025,2,新北市,三峽區,新北市三峽區永舘里文化路59號5樓之2,121.3722763062,24.9359111786,B,喘息服務,新北市,樹林區;鶯歌區;三峽區;土城區,0226716323,jeh.hr31@gmail.com,蘇秀鑾,20250101.0,20271231.0,20241220 09:12:55
齡活股份有限公司附設新北市私立齡活居家長照機構,1X0200044,1,新北市,板橋區,新北市板橋區香社里海山路19號1樓(103室),121.454208374,25.0201644897,A,個案管理服務,新北市,板橋區;三重區;中和區,7751-8056,seniorlifeot@gmail.com,彭紹宇,20250101.0,20250630.0,20241231 16:30:12
財團法人台北市中華基督教衛理公會衛理堂,BF0100102,BF,臺北市,大安區,臺北市大安區民輝里新生南路1段113號,121.5330581665,25.0396938324,C,巷弄長照站,臺北市,大安區,02-2771-2017#141,joshua87427@gmail.com,歐陽讓,20210101.0,20211231.0,20210407 15:18:25
臺北市文山區景美社區發展協會,BF0100125,BF,臺北市,文山區,臺北市文山區景行里羅斯福路6段393號8樓,121.5407409668,24.992099762,C,巷弄長照站,臺北市,文山區,02-29316166,liujinlian00068@gmail.com,劉金蓮,20200101.0,20211231.0,20210409 15:15:44
台北市北投區福興社區發展協會,BF0100141,BF,臺北市,北投區,臺北市北投區福興里自強街5巷22號,121.5123748779,25.1104602814,C,巷弄長照站,臺北市,北投區,02-2827-9392,jeo55404968@gmail.com,張國龍,20200401.0,20211231.0,20210412 11:12:12
社團法人台灣厝邊有愛關懷協會(台北公舘),BF0100154,BF,臺北市,文山區,臺北市文山區萬年里汀州路四段85巷2號,121.5375747681,25.0074081421,C,巷弄長照站,臺北市,文山區,02-23635546,lo1119@ms53.hinet.net,鄭忠仁,20210101.0,20211231.0,20210409 15:29:21
快樂兒童診所,B20100096,B2,臺北市,萬華區,臺北市萬華區寶興街121號,121.4948043823,25.0252285004,B,居家失能個案家庭醫師照護服務,臺北市,萬華區,2332-8610,Happy3233@yahoo.com.tw,黃妙玲,20250101.0,20261231.0,20250204 16:08:42
財團法人佳醫健康基金會附設新北市私立三峽佳醫社區長照機構,2S0200025,2,新北市,三峽區,新北市三峽區永舘里文化路59號5樓之2,121.3722763062,24.9359111786,B,日間照顧服務,新北市,樹林區;鶯歌區;三峽區;土城區,0226716323,jeh.hr31@gmail.com,蘇秀鑾,20250101.0,20271231.0,20241220 09:12:32
齡活股份有限公司附設新北市私立齡活居家長照機構,1X0200044,1,新北市,板橋區,新北市板橋區香社里海山路19號1樓(103室),121.454208374,25.0201644897,B,居家服務,臺北市,松山區;信義區;大安區;中山區;中正區;大同區;萬華區;文山區;南港區;內湖區;士林區;北投區,7751-8056,seniorlifeot@gmail.com,彭紹宇,20200805.0,20261231.0,20231229 16:38:32
齡活股份有限公司附設新北市私立齡活居家長照機構,1X0200044,1,新北市,板橋區,新北市板橋區香社里海山路19號1樓(103室),121.454208374,25.0201644897,B,專業照護服務,新北市,板橋區;三重區;中和區;永和區;新莊區;新店區;樹林區;鶯歌區;三峽區;汐止區;瑞芳區;土城區;蘆洲區;五股區;泰山區;林口區,7751-8056,seniorlifeot@gmail.com,彭紹宇,20220101.0,20241231.0,20220406 15:53:16
新北市私立佐臨服務居家長照機構,1X0200043,1,新北市,板橋區,新北市板橋區富貴里三民路2段37號23樓之1,121.4794540405,25.0173912048,B,喘息服務,新北市,板橋區;中和區;永和區,0920243692,tsolin202088@gmail.com,陳諭萱,20250101.0,20271231.0,20241205 11:34:13
博昌復健科診所,B20100091,B2,臺北市,萬華區,臺北市萬華區萬大路221號1樓,121.5006027222,25.0267486572,B,專業照護服務,臺北市,松山區;信義區;大安區;中正區;大同區;萬華區,2337-9196,moszkowski.tw@yahoo.com.tw,沈惠民,20191001.0,20201231.0,20200311 18:07:38
台灣居護股份有限公司附設新北市私立聯承居家式服務類長期照顧服務機構,1V0200015,1,新北市,板橋區,新北市板橋區永安里萬板路182號1樓,121.4760284424,25.0235729218,B,喘息服務,新北市,板橋區;三重區;中和區;永和區;新莊區;新店區;樹林區;鶯歌區;三峽區;土城區;蘆洲區;五股區;泰山區,82588088,thnbuurtzorg@gmail.com,汪秋蓉,20250101.0,20271231.0,20241204 14:14:23
齡活股份有限公司附設新北市私立齡活居家長照機構,1X0200044,1,新北市,板橋區,新北市板橋區香社里海山路19號1樓(103室),121.454208374,25.0201644897,B,喘息服務,新北市,板橋區;三重區;中和區;永和區;新莊區;新店區;樹林區;土城區;蘆洲區,7751-8056,seniorlifeot@gmail.com,彭紹宇,20250101.0,20271231.0,20250106 11:45:50
齡活股份有限公司附設新北市私立齡活居家長照機構,1X0200044,1,新北市,板橋區,新北市板橋區香社里海山路19號1樓(103室),121.454208374,25.0201644897,C,巷弄長照站,新北市,板橋區,7751-8056,seniorlifeot@gmail.com,彭紹宇,20210501.0,20211231.0,20230218 15:36:44
美而美居家長照股份有限公司附設臺北市私立美而美居家長照機構,1V0100017,1,臺北市,中山區,臺北市中山區聚盛里錦州街46號12樓之3(R06室),121.530380249,25.0612926483,B,喘息服務,新北市,板橋區;三重區;新莊區;新店區;樹林區;三峽區;淡水區;土城區;蘆洲區;五股區,02-2821-2412,bnb83627845@gmail.com,李壬㛙,20250101.0,20271231.0,20250103 11:26:20
美而美居家長照股份有限公司附設臺北市私立美而美居家長照機構,1V0100017,1,臺北市,中山區,臺北市中山區聚盛里錦州街46號12樓之3(R06室),121.530380249,25.0612926483,B,居家服務,臺北市,松山區;信義區;大安區;中山區;中正區;大同區;萬華區;文山區;南港區;內湖區;士林區;北投區,02-2821-2412,bnb83627845@gmail.com,李壬㛙,20240101.0,20261231.0,20231229 10:15:32
恩揚有限公司附設臺北市私立恩揚居家長照機構,1R0100013,1,臺北市,文山區,臺北市文山區萬祥里羅斯福路5段225之1號1樓,121.5392532349,25.0019645691,B,喘息服務,臺北市,松山區;信義區;大安區;中山區;中正區;大同區;萬華區;文山區;南港區;內湖區;士林區;北投區,29301999,eym@enyang.com.tw,林子哲,20200604.0,20241231.0,20221229 22:40:10
恩揚有限公司附設臺北市私立恩揚居家長照機構,1R0100013,1,臺北市,文山區,臺北市文山區萬祥里羅斯福路5段225之1號1樓,121.5392532349,25.0019645691,B,喘息服務,新北市,三重區;新莊區;新店區;土城區;蘆洲區;五股區,29301999,eym@enyang.com.tw,林子哲,20250101.0,20271231.0,20241223 14:30:22
臺北市私立一心居家長照機構,1X0100016,1,臺北市,松山區,臺北市松山區吉仁里八德路3段186號6樓之1,121.5560150146,25.0477523804,B,喘息服務,臺北市,松山區;信義區;大安區;中山區;中正區;大同區;萬華區;文山區;南港區;內湖區;士林區;北投區,25781018,xue.oneheart@gmail.com,黃淑華,20200410.0,20241231.0,20221229 22:47:03
臺北市私立一心居家長照機構,1X0100016,1,臺北市,松山區,臺北市松山區吉仁里八德路3段186號6樓之1,121.5560150146,25.0477523804,B,喘息服務,臺北市,松山區;信義區;大安區;中山區;中正區;大同區;萬華區;文山區;南港區;內湖區;士林區;北投區,25781018,xue.oneheart@gmail.com,黃淑華,20250101.0,20261231.0,20241122 18:42:56
齡活股份有限公司附設新北市私立齡活居家長照機構,1X0200044,1,新北市,板橋區,新北市板橋區香社里海山路19號1樓(103室),121.454208374,25.0201644897,A,個案管理服務,桃園市,桃園區,7751-8056,seniorlifeot@gmail.com,彭紹宇,20250407.0,20251231.0,20250327 19:34:05
醫療財團法人徐元智先生醫藥基金會附設新北市私立亞東居家長照機構,1S0200015,1,新北市,板橋區,新北市板橋區南雅南路二段144巷6號2樓,121.4512252808,24.9961032867,B,居家服務,新北市,板橋區;中和區;樹林區;土城區,89667000#1946,homecare@femh.org.tw,徐旭東,20250101.0,20271231.0,20241227 11:54:40
醫療財團法人徐元智先生醫藥基金會附設新北市私立亞東居家長照機構,1S0200015,1,新北市,板橋區,新北市板橋區南雅南路二段144巷6號2樓,121.4512252808,24.9961032867,B,喘息服務,新北市,板橋區;中和區;樹林區;土城區,89667000#1946,homecare@femh.org.tw,徐旭東,20250101.0,20271231.0,20241227 11:56:12
齡活股份有限公司附設新北市私立齡活居家長照機構,1X0200044,1,新北市,板橋區,新北市板橋區香社里海山路19號1樓(103室),121.454208374,25.0201644897,B,專業照護服務,新北市,板橋區;三重區;中和區;永和區;新莊區;新店區;樹林區;三峽區;汐止區;土城區;蘆洲區;五股區;泰山區;林口區,7751-8056,seniorlifeot@gmail.com,彭紹宇,20250101.0,20271231.0,20250106 11:43:38
柏愛健康產業股份有限公司附設新北市私立柏愛居家長照機構,1V0200017,1,新北市,坪林區,新北市坪林區北宜路八段176號3樓,121.5186157227,25.0157566071,A,個案管理服務,新北市,永和區;石碇區;坪林區,8925-9456,boailongtermcare@gmail.com,林鴻達,20250101.0,20250630.0,20241231 15:24:48
荃能職能治療所,B50100020,B5,臺北市,松山區,臺北市松山區寶清街89巷46號,121.5692749023,25.0522785187,B,專業照護服務,臺北市,松山區;信義區;大安區;中山區;中正區;大同區;萬華區;文山區;南港區;內湖區;士林區;北投區,0928-610-797,clever6405@gmail.com,温俞慧,20190919.0,20241231.0,20221229 23:15:16
旭生中醫診所,B20100092,B2,臺北市,萬華區,臺北市萬華區萬大路526號,,,B,專業照護服務,臺北市,萬華區,2314-3456#9,amanda.lee0933@gmail.com,陳贊文,20190917.0,20201231.0,20200311 18:14:35
新北市鶯歌區衛生所,B20200171,B2,新北市,鶯歌區,新北市鶯歌區文化路389號,121.3524627686,24.9505653381,B,居家失能個案家庭醫師照護服務,新北市,鶯歌區,02-26702304,ap3535@ntpc.gov.tw,李雨蒨,20250101.0,20271231.0,20241220 10:07:09
臺北市私立可馨居家長照機構,1X0100018,1,臺北市,大安區,臺北市大安區建倫里忠孝東路4段162號12樓之3,121.5502853394,25.0412845612,B,居家服務,臺北市,松山區;信義區;大安區;中正區;文山區;南港區,0932908325,kexinhome051@gmail.com,高銘麟,20240101.0,20261231.0,20231229 10:48:29
臺北市私立可馨居家長照機構,1X0100018,1,臺北市,大安區,臺北市大安區建倫里忠孝東路4段162號12樓之3,121.5502853394,25.0412845612,B,居家服務,臺北市,松山區;信義區;大安區;中山區;中正區;大同區;萬華區;文山區;南港區;內湖區;士林區;北投區,0932908325,kexinhome051@gmail.com,高銘麟,20200901.0,20241231.0,20221230 20:39:45
臺北市私立喜宇居家長照機構,1X0100017,1,臺北市,松山區,臺北市松山區慈祐里臺北市松山區八德路四段678號6樓之1,121.5754165649,25.0498504639,B,喘息服務,臺北市,松山區;信義區;大安區;中山區;中正區;大同區;萬華區;文山區;南港區;內湖區;士林區;北投區,0966200297,tsai_you@yahoo.com.tw,劉敬喜,20200619.0,20241231.0,20221229 22:34:03
柏愛健康產業股份有限公司附設新北市私立柏愛居家長照機構,1V0200017,1,新北市,坪林區,新北市坪林區北宜路八段176號3樓,121.5186157227,25.0157566071,B,專業照護服務,新北市,板橋區;三重區;中和區;永和區;新莊區;新店區;樹林區;鶯歌區;三峽區;淡水區;汐止區;瑞芳區;土城區;蘆洲區;五股區;泰山區;林口區;深坑區;石碇區;坪林區;三芝區;石門區;八里區;平溪區;雙溪區;貢寮區;金山區;萬里區;烏來區,8925-9456,boailongtermcare@gmail.com,林鴻達,20250101.0,20271231.0,20250114 10:26:44
柏愛健康產業股份有限公司附設新北市私立柏愛居家長照機構,1V0200017,1,新北市,坪林區,新北市坪林區北宜路八段176號3樓,121.5186157227,25.0157566071,B,喘息服務,新北市,坪林區,8925-9456,boailongtermcare@gmail.com,林鴻達,20250101.0,20271231.0,20250114 10:28:23
財團法人臺安基金會(基督復臨安息日會松山教會),BF0100175,BF,臺北市,松山區,臺北市松山區福成里敦化南路一段78號,121.5480194092,25.047039032,C,巷弄長照站,臺北市,松山區,02-27716823,sungshan@hotmail.com.tw,周輝政,20200401.0,20211231.0,20210412 14:05:20
新北市私立好家在居家長照機構,1X0200048,1,新北市,鶯歌區,新北市鶯歌區光復街74巷10號1樓,121.3517227173,24.9565734863,B,專業照護服務,新北市,板橋區;三重區;中和區;永和區;新莊區;樹林區;鶯歌區;三峽區;土城區,02-26789186,Kenlin4work@gmail.com,林育民,20220101.0,20241231.0,20220314 11:00:51
新北市私立好家在居家長照機構,1X0200048,1,新北市,鶯歌區,新北市鶯歌區光復街74巷10號1樓,121.3517227173,24.9565734863,A,個案管理服務,新北市,鶯歌區;三峽區,02-26789186,Kenlin4work@gmail.com,林育民,20250101.0,20250630.0,20241231 15:20:35
新北市私立好家在居家長照機構,1X0200048,1,新北市,鶯歌區,新北市鶯歌區光復街74巷10號1樓,121.3517227173,24.9565734863,B,居家服務,新北市,樹林區;鶯歌區;三峽區;土城區,02-26789186,Kenlin4work@gmail.com,林育民,20250101.0,20271231.0,20241213 11:47:30
新北市私立好家在居家長照機構,1X0200048,1,新北市,鶯歌區,新北市鶯歌區光復街74巷10號1樓,121.3517227173,24.9565734863,B,喘息服務,新北市,樹林區;鶯歌區;三峽區;土城區,02-26789186,Kenlin4work@gmail.com,林育民,20250101.0,20271231.0,20241213 11:48:05
烏來區福山部落文化健康站,BF0200121,BF,新北市,板橋區,新北市板橋區中山路一段161號,121.4656219482,25.0120792389,C,巷弄長照站,新北市,板橋區,02-29603456#3962,AP0863@ntpc.gov.tw,劉崇宏,20200101.0,20201231.0,20200417 16:05:37
臺北市私立可馨居家長照機構,1X0100018,1,臺北市,大安區,臺北市大安區建倫里忠孝東路4段162號12樓之3,121.5502853394,25.0412845612,B,喘息服務,臺北市,松山區;信義區;大安區;中正區;文山區;南港區,0932908325,kexinhome051@gmail.com,高銘麟,20250101.0,20261231.0,20241122 14:45:57
臺北市私立可馨居家長照機構,1X0100018,1,臺北市,大安區,臺北市大安區建倫里忠孝東路4段162號12樓之3,121.5502853394,25.0412845612,B,喘息服務,臺北市,松山區;信義區;大安區;中正區;文山區;南港區,0932908325,kexinhome051@gmail.com,高銘麟,20200901.0,20241231.0,20240305 15:33:34
十全外科婦產科診所,B20200174,B2,新北市,中和區,新北市中和區景新街413號,121.5127792358,24.9895114899,B,居家失能個案家庭醫師照護服務,臺北市,大安區;中正區;萬華區;文山區,29434687,j331208@yahoo.com.tw,簡繁勝,20210101.0,20241231.0,20221230 21:58:09
新北市私立友福居家長照機構,1X0200051,1,新北市,淡水區,新北市淡水區竿蓁里淡金路38巷104號1樓,121.4578857422,25.1611309052,B,居家服務,新北市,板橋區;中和區;淡水區;三芝區;八里區,0226283001,youfu1313@gmail.com,王健山,20250101.0,20271231.0,20241223 11:08:13
新北市私立友福居家長照機構,1X0200051,1,新北市,淡水區,新北市淡水區竿蓁里淡金路38巷104號1樓,121.4578857422,25.1611309052,B,喘息服務,新北市,板橋區;中和區;淡水區;三芝區;八里區,0226283001,youfu1313@gmail.com,王健山,20250101.0,20271231.0,20241223 11:09:01
新北市華福關懷協會(社照C),BF0200123,BF,新北市,板橋區,新北市板橋區華福里大華街居安巷31號,121.4579162598,25.0050182343,C,巷弄長照站,新北市,板橋區,29513616,huafu888@yahoo.com.tw,黃瓊薏,20250101.0,20251231.0,20250303 15:57:49
新北市板橋區大後埔文化關懷協進會(華興)(社照C),BF0200127,BF,新北市,板橋區,新北市板橋區華興里南亞南路2段1-1號,121.4546737671,25.0034046173,C,巷弄長照站,新北市,板橋區,26837286,ga525527@gmail.com,王明發,20230101.0,20231231.0,20230630 14:42:19
恩揚有限公司附設臺北市私立恩揚居家長照機構,1R0100013,1,臺北市,文山區,臺北市文山區萬祥里羅斯福路5段225之1號1樓,121.5392532349,25.0019645691,B,居家服務,臺北市,松山區;大安區;中正區;文山區,29301999,eym@enyang.com.tw,林子哲,20240101.0,20261231.0,20231229 14:01:30
恩揚有限公司附設臺北市私立恩揚居家長照機構,1R0100013,1,臺北市,文山區,臺北市文山區萬祥里羅斯福路5段225之1號1樓,121.5392532349,25.0019645691,B,居家服務,新北市,三重區;新莊區;新店區;土城區;蘆洲區;五股區,29301999,eym@enyang.com.tw,林子哲,20250101.0,20271231.0,20241223 14:29:42
新北市私立友福居家長照機構,1X0200051,1,新北市,淡水區,新北市淡水區竿蓁里淡金路38巷104號1樓,121.4578857422,25.1611309052,A,個案管理服務,新北市,淡水區,0226283001,youfu1313@gmail.com,王健山,20250101.0,20250630.0,20241231 15:58:06
臺北市私立喜宇居家長照機構,1X0100017,1,臺北市,松山區,臺北市松山區慈祐里臺北市松山區八德路四段678號6樓之1,121.5754165649,25.0498504639,B,居家服務,臺北市,松山區;大同區;南港區;內湖區;士林區;北投區,0966200297,tsai_you@yahoo.com.tw,劉敬喜,20220101.0,20231231.0,20211230 14:54:40
財團法人私立廣恩老人養護中心附設新北市私立新莊新樹社區長照機構,2S0200026,2,新北市,新莊區,新北市新莊區西盛里新樹路222號4樓、5樓,121.4336547852,25.0201797485,B,日間照顧服務,新北市,板橋區;新莊區;樹林區,8201-3888,shinsu2020@outlook.com,林偉峰,20250101.0,20271231.0,20241213 10:52:34
財團法人私立廣恩老人養護中心附設新北市私立新莊新樹社區長照機構,2S0200026,2,新北市,新莊區,新北市新莊區西盛里新樹路222號4樓、5樓,121.4336547852,25.0201797485,B,喘息服務,新北市,板橋區;新莊區;樹林區,8201-3888,shinsu2020@outlook.com,林偉峰,20250101.0,20271231.0,20241213 10:53:09
新北市大社后愛心關懷協會(北極壇)(社照C),BF0200128,BF,新北市,板橋區,新北市板橋區社後里中正路80巷1弄1號1樓,121.4569396973,25.0150051117,C,巷弄長照站,新北市,板橋區,8968-3377,091286876liu@gmail.com,陳信宏,20230101.0,20231231.0,20230630 14:53:40
美樺股份有限公司附設私立美美居家長照機構,1V0100019,1,臺北市,中正區,臺北市中正區黎明里重慶南路1段121號5樓之2,121.5133743286,25.042224884,B,喘息服務,臺北市,松山區;信義區;大安區;中山區;中正區;大同區;萬華區;文山區;南港區;內湖區;士林區;北投區,02-23700021,meihua10903@gmail.com,傅翰強,20200619.0,20241231.0,20221229 21:35:02
美樺股份有限公司附設私立美美居家長照機構,1V0100019,1,臺北市,中正區,臺北市中正區黎明里重慶南路1段121號5樓之2,121.5133743286,25.042224884,B,喘息服務,臺北市,松山區;信義區;大安區;中山區;中正區;大同區;萬華區;文山區;南港區;內湖區;士林區;北投區,02-23700021,meihua10903@gmail.com,傅翰強,20250101.0,20261231.0,20241119 17:41:45
新北市樹林區彭厝社區發展協會(社照C),BF0200135,BF,新北市,樹林區,新北市樹林區大同里太平路56巷43號2樓,121.4177703857,24.9813213348,C,巷弄長照站,新北市,樹林區,(02)8685-3911,Shulin09262007@hotmail.com,林蓮和,20220101.0,20221231.0,20220503 10:32:54
新北市板橋雙玉環保協會(社照C),BF0200122,BF,新北市,板橋區,新北市板橋區雙玉里永豐街251號,121.4777374268,25.0213489532,C,巷弄長照站,新北市,板橋區,29529786,tudo5912@kimo.com,王聰震,20240101.0,20241231.0,20240531 21:20:31
柏愛健康產業股份有限公司附設新北市私立柏愛居家長照機構,1V0200017,1,新北市,坪林區,新北市坪林區北宜路八段176號3樓,121.5186157227,25.0157566071,B,居家服務,新北市,坪林區,8925-9456,boailongtermcare@gmail.com,林鴻達,20250101.0,20271231.0,20250114 10:27:08
恩揚有限公司附設臺北市私立恩揚居家長照機構,1R0100013,1,臺北市,文山區,臺北市文山區萬祥里羅斯福路5段225之1號1樓,121.5392532349,25.0019645691,B,喘息服務,臺北市,松山區;大安區;中正區;文山區,29301999,eym@enyang.com.tw,林子哲,20250101.0,20261231.0,20241122 17:14:38
臺北市私立可馨居家長照機構,1X0100018,1,臺北市,大安區,臺北市大安區建倫里忠孝東路4段162號12樓之3,121.5502853394,25.0412845612,B,居家服務,臺北市,松山區;信義區;大安區;中正區;文山區;南港區,0932908325,kexinhome051@gmail.com,高銘麟,20200522.0,20231231.0,20211230 11:17:30
十全外科婦產科診所,B20200174,B2,新北市,中和區,新北市中和區景新街413號,121.5127792358,24.9895114899,B,居家失能個案家庭醫師照護服務,臺北市,大安區;中正區;萬華區;文山區,29434687,j331208@yahoo.com.tw,簡繁勝,20250101.0,20261231.0,20241231 12:38:08
板橋區部落文化健康站,BF0200118,BF,新北市,板橋區,新北市板橋區溪崑二街113號,121.426612854,24.988571167,C,巷弄長照站,新北市,板橋區,02-86861474,AP0863@ntpc.gov.tw, 林慧君,20200101.0,20201231.0,20200417 14:18:25
齡活股份有限公司附設新北市私立齡活居家長照機構,1X0200044,1,新北市,板橋區,新北市板橋區香社里海山路19號1樓(103室),121.454208374,25.0201644897,B,居家服務,新北市,板橋區;三重區;中和區;永和區;新莊區;新店區;樹林區;土城區;蘆洲區,7751-8056,seniorlifeot@gmail.com,彭紹宇,20250101.0,20271231.0,20250106 11:45:01
新北市私立定緯居家長照機構,1X0200046,1,新北市,板橋區,新北市板橋區堂春里篤行路二段9號,,,B,居家服務,新北市,板橋區;新莊區;樹林區,2990-7768,Belle660706@gmail.com,鄭芷緁,20250101.0,20271231.0,20241217 14:08:08
有限責任新北市全人長照服務勞動合作社附設新北市私立全人居家長照機構,1T0200001,1,新北市,三重區,新北市三重區光明里集美街112巷51號,121.4910583496,25.0544052124,B,喘息服務,臺北市,松山區;信義區;大安區;中山區;中正區;大同區;萬華區;文山區;南港區;內湖區;士林區;北投區,29757512,lilonwen@gmail.com,李倫文,20200728.0,20241231.0,20221230 15:01:10
有限責任新北市全人長照服務勞動合作社附設新北市私立全人居家長照機構,1T0200001,1,新北市,三重區,新北市三重區光明里集美街112巷51號,121.4910583496,25.0544052124,B,居家服務,新北市,板橋區;三重區;中和區;永和區;新莊區;蘆洲區;五股區,29757512,lilonwen@gmail.com,李倫文,20250101.0,20271231.0,20241219 14:30:28
普眾股份有限公司附設臺北市私立普眾居家長照機構,1V0100022,1,臺北市,南港區,臺北市南港區新光里昆陽街152巷39號1樓,121.5929641724,25.0491352081,B,居家服務,新北市,中和區;永和區;新店區;汐止區,02-27887966,pj83485803@gmail.com,陳秀麗,20250101.0,20271231.0,20241205 14:32:23
知心居家長照有限公司附設新北市私立知心居家長照機構,1V0200022,1,新北市,樹林區,新北市樹林區金寮里保安街二段31巷3號1樓,121.4160003662,24.9996757507,B,居家服務,新北市,板橋區;中和區;永和區;樹林區;土城區,02-26757565,kh87393538@gmail.com,李水治,20250101.0,20271231.0,20241226 14:58:48
普眾股份有限公司附設臺北市私立普眾居家長照機構,1V0100022,1,臺北市,南港區,臺北市南港區新光里昆陽街152巷39號1樓,121.5929641724,25.0491352081,B,居家服務,臺北市,松山區;信義區;大安區;中山區;中正區;大同區;萬華區;文山區;南港區;內湖區;士林區;北投區,02-27887966,pj83485803@gmail.com,陳秀麗,20220101.0,20231231.0,20220207 16:10:08
普眾股份有限公司附設臺北市私立普眾居家長照機構,1V0100022,1,臺北市,南港區,臺北市南港區新光里昆陽街152巷39號1樓,121.5929641724,25.0491352081,B,居家服務,臺北市,松山區;信義區;大安區;中山區;中正區;大同區;萬華區;文山區;南港區;內湖區;士林區;北投區,02-27887966,pj83485803@gmail.com,陳秀麗,20240101.0,20261231.0,20231229 10:14:43
馨瀅股份有限公司附設私立馨瀅居家長照機構,1V0100023,1,臺北市,大同區,臺北市大同區永樂里迪化街一段149號3樓,121.5105133057,25.0523643494,B,喘息服務,臺北市,松山區;信義區;大安區;中山區;中正區;大同區;萬華區;文山區;南港區;內湖區;士林區;北投區,02-2552-7626,xinying.heidi.1@gmail.com,陳佳良,20250101.0,20261231.0,20241104 18:04:28
馨瀅股份有限公司附設私立馨瀅居家長照機構,1V0100023,1,臺北市,大同區,臺北市大同區永樂里迪化街一段149號3樓,121.5105133057,25.0523643494,B,居家服務,新北市,板橋區;三重區;新莊區;樹林區;蘆洲區;五股區;泰山區,02-2552-7626,xinying.heidi.1@gmail.com,陳佳良,20250101.0,20271231.0,20241225 16:52:08
馨瀅股份有限公司附設私立馨瀅居家長照機構,1V0100023,1,臺北市,大同區,臺北市大同區永樂里迪化街一段149號3樓,121.5105133057,25.0523643494,B,居家服務,臺北市,松山區;信義區;大安區;中山區;中正區;大同區;萬華區;文山區;南港區;內湖區;士林區;北投區,02-2552-7626,xinying.heidi.1@gmail.com,陳佳良,20200731.0,20231231.0,20220104 18:52:36
臺北市私立燿翔居家長照機構,1X0100019,1,臺北市,大安區,臺北市大安區信義路4段279號8樓（808室）,121.5547103882,25.0333442688,B,專業照護服務,臺北市,松山區;信義區;大安區;中山區;中正區;大同區;萬華區;文山區;南港區;內湖區;士林區;北投區,2703-5276,yaohsiang.ltci@gmail.com,莊博文,20200511.0,20241231.0,20221230 20:14:10
臺北市私立燿翔居家長照機構,1X0100019,1,臺北市,大安區,臺北市大安區信義路4段279號8樓（808室）,121.5547103882,25.0333442688,B,專業照護服務,臺北市,松山區;信義區;大安區;中山區;中正區;大同區;萬華區;文山區;南港區;內湖區;士林區;北投區,2703-5276,yaohsiang.ltci@gmail.com,莊博文,20250101.0,20261231.0,20241025 10:09:17
美樺股份有限公司附設私立美美居家長照機構,1V0100019,1,臺北市,中正區,臺北市中正區黎明里重慶南路1段121號5樓之2,121.5133743286,25.042224884,B,居家服務,臺北市,松山區;大安區;中山區;中正區;大同區;萬華區;文山區;南港區;內湖區,02-23700021,meihua10903@gmail.com,傅翰強,20220101.0,20231231.0,20220207 16:00:50
美樺股份有限公司附設私立美美居家長照機構,1V0100019,1,臺北市,中正區,臺北市中正區黎明里重慶南路1段121號5樓之2,121.5133743286,25.042224884,B,居家服務,臺北市,松山區;信義區;大安區;中山區;中正區;大同區;萬華區;文山區;南港區;內湖區;士林區;北投區,02-23700021,meihua10903@gmail.com,傅翰強,20240101.0,20261231.0,20231229 09:32:37
中華全人運動照護管理協會(社照C),BF0200140,BF,新北市,三重區,新北市三重區富貴里三賢街103號1樓,121.4879379272,25.0887184143,C,巷弄長照站,新北市,三重區,0973000549,u4vup0603@gmail.com,蕭淑萍,20220101.0,20231231.0,20230530 19:04:57
有限責任新北市全人長照服務勞動合作社附設新北市私立全人居家長照機構,1T0200001,1,新北市,三重區,新北市三重區光明里集美街112巷51號,121.4910583496,25.0544052124,B,喘息服務,新北市,板橋區;三重區;中和區;永和區;新莊區;蘆洲區;五股區,29757512,lilonwen@gmail.com,李倫文,20250101.0,20271231.0,20241219 14:31:11
有限責任新北市全人長照服務勞動合作社附設新北市私立全人居家長照機構,1T0200001,1,新北市,三重區,新北市三重區光明里集美街112巷51號,121.4910583496,25.0544052124,B,喘息服務,臺北市,松山區;信義區;大安區;中山區;中正區;大同區;萬華區;文山區;南港區;內湖區;士林區;北投區,29757512,lilonwen@gmail.com,李倫文,20250101.0,20261231.0,20241120 10:20:10
新北市私立寸草心居家長照機構,1X0200062,1,新北市,新店區,新北市新店區建國路198巷25號1樓,121.5356750488,24.9829769135,B,喘息服務,新北市,中和區;永和區;新店區;烏來區,0970005126,ccxhomecare@gmail.com,黃閔,20250101.0,20271231.0,20241203 15:48:25
新北市私立友達居家長照機構,1X0200047,1,新北市,三重區,新北市三重區中央里正義北路123號2樓之3,121.4980392456,25.0624084473,B,居家服務,新北市,三重區;新莊區;蘆洲區;五股區,29810556,Auoservice88@gmail.com,王貴玉,20250101.0,20271231.0,20241217 10:31:19
新北市私立友達居家長照機構,1X0200047,1,新北市,三重區,新北市三重區中央里正義北路123號2樓之3,121.4980392456,25.0624084473,B,喘息服務,新北市,三重區;新莊區;蘆洲區;五股區,29810556,Auoservice88@gmail.com,王貴玉,20250101.0,20271231.0,20241217 10:31:56
土城區部落文化健康站,BF0200119,BF,新北市,土城區,新北市土城區中央路四段283之1號3樓,121.4118347168,24.95271492,C,巷弄長照站,新北市,土城區,02-29603456,AP0863@ntpc.gov.tw, 曾茂昌,20200101.0,20201231.0,20200417 15:59:06
普眾股份有限公司附設臺北市私立普眾居家長照機構,1V0100022,1,臺北市,南港區,臺北市南港區新光里昆陽街152巷39號1樓,121.5929641724,25.0491352081,B,喘息服務,新北市,中和區;永和區;新店區;汐止區,02-27887966,pj83485803@gmail.com,陳秀麗,20250101.0,20271231.0,20241205 14:33:21
馨瀅股份有限公司附設私立馨瀅居家長照機構,1V0100023,1,臺北市,大同區,臺北市大同區永樂里迪化街一段149號3樓,121.5105133057,25.0523643494,B,喘息服務,新北市,板橋區;三重區;新莊區;樹林區;蘆洲區;五股區;泰山區,02-2552-7626,xinying.heidi.1@gmail.com,陳佳良,20250101.0,20271231.0,20241225 16:52:35
宜蘭縣B級單位-佳音營養諮詢中心,B60100007,B6,臺北市,士林區,臺北市士林區延平北路五段253號2F,121.5096740723,25.0848617554,B,營養餐飲服務,宜蘭縣,宜蘭市;羅東鎮;蘇澳鎮;頭城鎮;礁溪鄉;壯圍鄉;員山鄉;冬山鄉;五結鄉;三星鄉;大同鄉;南澳鄉,02-28162898,Justgood015@gmail.com,丁敏玉,20190101.0,20211231.0,20210121 15:17:02
財團法人台北市建成基督長老教會,BF0100172,BF,臺北市,大同區,臺北市大同區建泰里承德路一段77巷29號,121.5184249878,25.0521259308,C,巷弄長照站,臺北市,大同區,02-2558-0685,jiancheng_church@yahoo.com.tw,許靜惠,20200101.0,20211231.0,20210407 14:19:30
新北市樹林區樹人里辦公處(社照C),BG0200038,BG,新北市,樹林區,新北市樹林區樹人里復興路308巷2弄6號,121.4168548584,24.9874076843,C,巷弄長照站,新北市,樹林區,0910-669989,twntwn77@yahoo.com.tw,邱世昌,20220101.0,20221231.0,20220503 10:34:12
臺北市私立康健居家式長照機構,1X0100021,1,臺北市,內湖區,臺北市內湖區寶湖里民權東路6段180巷6號6樓之18（A室）,121.5926513672,25.068195343,B,喘息服務,臺北市,中山區;南港區;內湖區,02-87919104,kjcare.tw@gmail.com,吳姁媛,20250101.0,20261231.0,20241122 15:17:12
臺北市私立康健居家式長照機構,1X0100021,1,臺北市,內湖區,臺北市內湖區寶湖里民權東路6段180巷6號6樓之18（A室）,121.5926513672,25.068195343,B,居家服務,臺北市,松山區;信義區;中山區;南港區;內湖區,02-87919104,kjcare.tw@gmail.com,吳姁媛,20200915.0,20231231.0,20211230 18:21:18
謙和園健康福祉有限公司附設臺北市私立溫邸家居家長照機構,1V0100020,1,臺北市,中山區,臺北市中山區民安里新生北路2段72巷23號1樓,121.5212478638,25.0570869446,B,居家服務,臺北市,松山區;信義區;大安區;中山區;中正區;大同區;萬華區;文山區;南港區;內湖區;士林區;北投區,02-25681589,hc.hereforyou@gmail.com,王志剛,20240101.0,20261231.0,20231229 10:17:15
謙和園健康福祉有限公司附設臺北市私立溫邸家居家長照機構,1V0100020,1,臺北市,中山區,臺北市中山區民安里新生北路2段72巷23號1樓,121.5212478638,25.0570869446,B,喘息服務,臺北市,松山區;信義區;大安區;中山區;中正區;大同區;萬華區;文山區;南港區;內湖區;士林區;北投區,02-25681589,hc.hereforyou@gmail.com,王志剛,20200901.0,20241231.0,20221229 22:35:32
新北市鶯歌區大湖社區發展協會(社照C),BF0200134,BF,新北市,鶯歌區,新北市鶯歌區大湖里國際二路68號,121.3350982666,24.9762477875,C,巷弄長照站,新北市,鶯歌區,02-26797362,dauh168168@gmail.com,李素貞,20240101.0,20241231.0,20240707 14:27:18
臺北市政府衛生局附設臺北市東明住宿長照機構 (委託財團法人台北市私立愛愛院經營管理),3B0100001,3,臺北市,南港區,臺北市南港區東明里南港路二段60巷17號2樓,121.6044616699,25.0546665192,B,喘息服務,臺北市,松山區;信義區;大安區;中山區;中正區;大同區;萬華區;文山區;南港區;內湖區;士林區;北投區,02-26519898,nd25@aiai.org.tw,施武靖,20200701.0,20241231.0,20221229 22:47:47
臺北市政府衛生局附設臺北市東明住宿長照機構 (委託財團法人台北市私立愛愛院經營管理),3B0100001,3,臺北市,南港區,臺北市南港區東明里南港路二段60巷17號2樓,121.6044616699,25.0546665192,B,喘息服務,臺北市,松山區;信義區;大安區;中山區;中正區;大同區;萬華區;文山區;南港區;內湖區;士林區;北投區,02-26519898,nd25@aiai.org.tw,施武靖,20250101.0,20261231.0,20250204 12:03:18
新北市私立清水居家長照機構,1X0200054,1,新北市,淡水區,新北市淡水區北新路184巷124-1號1樓,121.4401397705,25.1712684631,B,居家服務,新北市,淡水區;三芝區;石門區;八里區,0975590032,clearwater@fhmi.com.tw,李珮菁,20250101.0,20271231.0,20241227 14:58:25
新北市私立清水居家長照機構,1X0200054,1,新北市,淡水區,新北市淡水區北新路184巷124-1號1樓,121.4401397705,25.1712684631,B,喘息服務,新北市,淡水區;三芝區;石門區;八里區,0975590032,clearwater@fhmi.com.tw,李珮菁,20250101.0,20271231.0,20241227 14:59:46
新北市私立定緯居家長照機構,1X0200046,1,新北市,板橋區,新北市板橋區堂春里篤行路二段9號,,,B,喘息服務,新北市,板橋區;新莊區;樹林區,2990-7768,Belle660706@gmail.com,鄭芷緁,20250101.0,20271231.0,20241217 14:08:54
丁良文內科診所,B20200179,B2,新北市,蘆洲區,新北市蘆洲區長安街3號1樓,121.4644699097,25.078754425,B,居家失能個案家庭醫師照護服務,新北市,三重區;蘆洲區,82822809,dinglw@gmail.com,丁良文,20250101.0,20271231.0,20250113 15:22:59
新北市新住民促進會(社照C),BF0200126,BF,新北市,板橋區,新北市板橋區廣新里永豐街124號,121.4787826538,25.0186672211,C,巷弄長照站,新北市,板橋區,0919327895,a2954b0333@yahoo.com.tw,林素杏,20240101.0,20241231.0,20240531 21:10:03
新北市私立好家在居家長照機構,1X0200048,1,新北市,鶯歌區,新北市鶯歌區光復街74巷10號1樓,121.3517227173,24.9565734863,B,專業照護服務,新北市,板橋區;三重區;中和區;永和區;新莊區;樹林區;鶯歌區;三峽區;土城區,02-26789186,Kenlin4work@gmail.com,林育民,20250101.0,20271231.0,20241213 11:48:50
新北市私立佳護居家長照機構,1X0200050,1,新北市,三重區,新北市三重區永豐里永福街47號4樓,121.4811019897,25.0780506134,B,居家服務,新北市,三重區;新莊區;蘆洲區,22865100,jiahu8798@gmail.com,黃琬婷,20250101.0,20271231.0,20241217 10:04:19
新北市私立佳護居家長照機構,1X0200050,1,新北市,三重區,新北市三重區永豐里永福街47號4樓,121.4811019897,25.0780506134,B,喘息服務,新北市,三重區;新莊區;蘆洲區,22865100,jiahu8798@gmail.com,黃琬婷,20250101.0,20271231.0,20241217 10:04:54
世界潘氏宗親總會,BF0100176,BF,臺北市,松山區,臺北市松山區東光里南京東路5段29號3樓,121.5581588745,25.0517349243,C,巷弄長照站,臺北市,松山區,02-27678497,sc.chen562877@yahoo.com.tw,潘維大,20200401.0,20211231.0,20210412 11:55:04
財團法人志浩慈善基金會(社照C),BD0200055,BD,新北市,三重區,新北市三重區中興里重新路五段609巷10號2樓-2,121.4685058594,25.0459003448,C,巷弄長照站,新北市,三重區,0983-598761,youthbody78@gmail.com,翁嵩慶,20220101.0,20231231.0,20230530 18:45:58
新北市私立全心居家長照機構,1X0200055,1,新北市,三重區,新北市三重區長壽西街107號,121.4945907593,25.0668697357,B,專業照護服務,新北市,三重區;蘆洲區,0925790290,gsk.md.ada@gmail.com,許秀芬,20250101.0,20271231.0,20241205 14:06:56
財團法人新北市台灣基督長老教會幸福教會(社照C),BD0200058,BD,新北市,新莊區,新北市新莊區仁義里福樂街74號2樓,121.4578323364,25.0467395782,C,巷弄長照站,新北市,新莊區,2991-8108,yehjen1101@gmail.com,葉玉雪,20240101.0,20241231.0,20240704 15:35:46
新北市私立景翔社區長照機構,2X0200006,2,新北市,汐止區,新北市汐止區白雲里水源路二段72巷6弄1號2樓,121.6555709839,25.0558433533,B,家庭托顧服務,新北市,10;15;5;汐止區;雙溪區,0925310050,my65523@gmail.com,段芯蕊,20250101.0,20271231.0,20241224 14:40:37
新北市私立全心居家長照機構,1X0200055,1,新北市,三重區,新北市三重區長壽西街107號,121.4945907593,25.0668697357,B,居家服務,新北市,板橋區;三重區;中和區;永和區;新莊區;鶯歌區;三峽區;淡水區;土城區;蘆洲區;五股區;泰山區;八里區,0925790290,gsk.md.ada@gmail.com,許秀芬,20250101.0,20271231.0,20241205 14:05:35
新北市私立全心居家長照機構,1X0200055,1,新北市,三重區,新北市三重區長壽西街107號,121.4945907593,25.0668697357,B,專業照護服務,新北市,三重區;蘆洲區,0925790290,gsk.md.ada@gmail.com,許秀芬,20220101.0,20241231.0,20220126 15:35:44
霖口居家語言治療所,B70200008,B7,新北市,林口區,新北市林口區仁愛路2段62巷26號3樓,121.3530883789,25.1193313599,B,專業照護服務,桃園市,桃園區;中壢區;蘆竹區;大園區;龜山區;八德區;觀音區,02-86013646,lkst26@gmail.com,張曉卿,20241129.0,20251231.0,20240102 16:40:20
新北市板橋區福泰社區發展協會(社照C),BF0200125,BF,新北市,板橋區,新北市板橋區福德里忠孝路忠義巷9弄1-1號,121.4651260376,25.0045566559,C,巷弄長照站,新北市,板橋區,29513625,banqiao.hwey.lin@gmail.com,劉慧琳,20220101.0,20231231.0,20230609 12:03:45
臺北市私立康健居家式長照機構,1X0100021,1,臺北市,內湖區,臺北市內湖區寶湖里民權東路6段180巷6號6樓之18（A室）,121.5926513672,25.068195343,B,喘息服務,臺北市,中山區;南港區;內湖區,02-87919104,kjcare.tw@gmail.com,吳姁媛,20210128.0,20241231.0,20221229 23:02:51
臺北市私立康健居家式長照機構,1X0100021,1,臺北市,內湖區,臺北市內湖區寶湖里民權東路6段180巷6號6樓之18（A室）,121.5926513672,25.068195343,B,居家服務,臺北市,松山區;信義區;中山區;南港區;內湖區,02-87919104,kjcare.tw@gmail.com,吳姁媛,20240101.0,20261231.0,20231229 10:02:41
新北市龍馬湖發展協進會(社照C),BF0200131,BF,新北市,汐止區,新北市汐止區忠山里忠山街8號,121.6244125366,25.0783557892,C,巷弄長照站,新北市,汐止區,2641-3470,reni26321228@yahoo.com.tw,李瑞錦,20240101.0,20241231.0,20240514 13:36:48
新北市私立全心居家長照機構,1X0200055,1,新北市,三重區,新北市三重區長壽西街107號,121.4945907593,25.0668697357,A,個案管理服務,新北市,三重區;蘆洲區,0925790290,gsk.md.ada@gmail.com,許秀芬,20250101.0,20250630.0,20241231 14:29:13
社團法人台灣新住民關懷協會-中和中正站(社照C),BF0200137,BF,新北市,中和區,新北市中和區連城路389巷22號1樓,121.4864959717,24.9950199127,C,巷弄長照站,新北市,中和區,(02)22220212,zhouhongling1114@yahoo.com,陳敏生,20220101.0,20251231.0,20250505 15:54:21
霖口居家語言治療所,B70200008,B7,新北市,林口區,新北市林口區仁愛路2段62巷26號3樓,121.3530883789,25.1193313599,B,專業照護服務(CC01),新北市,板橋區;三重區;中和區;永和區;新莊區;新店區;樹林區;鶯歌區;三峽區;淡水區;土城區;蘆洲區;五股區;泰山區;林口區,02-86013646,lkst26@gmail.com,張曉卿,20250101.0,20271231.0,20241213 14:50:08
霖口居家語言治療所,B70200008,B7,新北市,林口區,新北市林口區仁愛路2段62巷26號3樓,121.3530883789,25.1193313599,B,專業照護服務(CC01),新北市,板橋區;三重區;中和區;永和區;新莊區;新店區;樹林區;鶯歌區;三峽區;淡水區;汐止區;瑞芳區;土城區;蘆洲區;五股區;泰山區;林口區;深坑區;石碇區;坪林區;三芝區;石門區;八里區;平溪區;雙溪區;貢寮區;金山區;萬里區;烏來區,02-86013646,lkst26@gmail.com,張曉卿,20210222.0,20231231.0,20230802 17:19:14
霖口居家語言治療所,B70200008,B7,新北市,林口區,新北市林口區仁愛路2段62巷26號3樓,121.3530883789,25.1193313599,B,專業照護服務,新北市,板橋區;三重區;中和區;永和區;新莊區;新店區;樹林區;鶯歌區;三峽區;淡水區;土城區;蘆洲區;五股區;泰山區;林口區,02-86013646,lkst26@gmail.com,張曉卿,20220101.0,20241231.0,20220210 15:42:35
新北市多元智能老幼暨兒童教育發展協會(鶯歌站)(社照C),BF0200141,BF,新北市,鶯歌區,新北市鶯歌區鳳福里福隆一街14號,121.3255310059,24.9716682434,C,巷弄長照站,新北市,鶯歌區,22895931,elite.everyday@gmail.com,李姿慧,20240101.0,20241231.0,20240707 14:33:56
社團法人臺北市心藝社會關懷協會(汐止福安站)(社照C),BE0200056,BE,新北市,汐止區,新北市汐止區福安里福安街57巷2號1樓,121.6639709473,25.0638217926,C,巷弄長照站,新北市,汐止區,(02)2239-8785,wind59450@gmail.com,張萬利,20240101.0,20241231.0,20240514 14:05:22
馨瀅股份有限公司附設私立馨瀅居家長照機構,1V0100023,1,臺北市,大同區,臺北市大同區永樂里迪化街一段149號3樓,121.5105133057,25.0523643494,B,喘息服務,臺北市,松山區;信義區;大安區;中山區;中正區;大同區;萬華區;文山區;南港區;內湖區;士林區;北投區,02-2552-7626,xinying.heidi.1@gmail.com,陳佳良,20240613.0,20241231.0,20240613 13:33:26
新北市私立寸草心居家長照機構,1X0200062,1,新北市,新店區,新北市新店區建國路198巷25號1樓,121.5356750488,24.9829769135,B,居家服務,新北市,中和區;永和區;新店區;烏來區,0970005126,ccxhomecare@gmail.com,黃閔,20250101.0,20271231.0,20241203 15:47:30
謙和園健康福祉有限公司附設臺北市私立溫邸家居家長照機構,1V0100020,1,臺北市,中山區,臺北市中山區民安里新生北路2段72巷23號1樓,121.5212478638,25.0570869446,B,居家服務,臺北市,松山區;信義區;大安區;中山區;中正區;大同區;萬華區;文山區;南港區;內湖區;士林區;北投區,02-25681589,hc.hereforyou@gmail.com,王志剛,20200713.0,20231231.0,20211230 16:04:21
新北市奇布施老人養生會-寶福站(社照C),BF0200138,BF,新北市,新店區,新北市新店區寶福里寶橋路234號,,,C,巷弄長照站,新北市,新店區,02-291609230918-608832,sanlylin@hotmail.com,黃壽美,20220101.0,20221231.0,20220503 10:30:48
社團法人台灣多元社會福利協會(永和禧德站)(社照C),BE0200057,BE,新北市,永和區,新北市永和區新廍里文化路90巷33號1樓,121.5129623413,25.0165691376,C,巷弄長照站,新北市,永和區,02-29251469,sd29251469@gmail.com,林政緯,20220101.0,20221231.0,20220503 08:15:10
馨瀅股份有限公司附設私立馨瀅居家長照機構,1V0100023,1,臺北市,大同區,臺北市大同區永樂里迪化街一段149號3樓,121.5105133057,25.0523643494,B,居家服務,臺北市,松山區;信義區;大安區;中山區;中正區;大同區;萬華區;文山區;南港區;內湖區;士林區;北投區,02-2552-7626,xinying.heidi.1@gmail.com,陳佳良,20240101.0,20261231.0,20231229 10:06:12
馨瀅股份有限公司附設私立馨瀅居家長照機構,1V0100023,1,臺北市,大同區,臺北市大同區永樂里迪化街一段149號3樓,121.5105133057,25.0523643494,B,居家服務,臺北市,松山區;信義區;大安區;中山區;中正區;大同區;萬華區;文山區;南港區;內湖區;士林區;北投區,02-2552-7626,xinying.heidi.1@gmail.com,陳佳良,20201104.0,20211231.0,20201203 19:41:59
有限責任新北市全人長照服務勞動合作社附設新北市私立全人居家長照機構,1T0200001,1,新北市,三重區,新北市三重區光明里集美街112巷51號,121.4910583496,25.0544052124,B,居家服務,臺北市,松山區;信義區;大安區;中山區;中正區;大同區;萬華區;文山區;南港區;內湖區;士林區;北投區,29757512,lilonwen@gmail.com,李倫文,20200714.0,20261231.0,20231229 17:23:58
聖約翰婦產科診所,B20100097,B2,臺北市,萬華區,臺北市萬華區東園街175號,121.4973526001,25.0241680145,B,居家失能個案家庭醫師照護服務,臺北市,中正區;萬華區,2309-8502,fancy6659@yahoo.com.tw,范成瑜,20250319.0,20261231.0,20250319 14:29:48
淡水區部落文化健康站,BF0200120,BF,新北市,淡水區,新北市淡水區義山里圭柔山路1號,121.4498062134,25.2068443298,C,巷弄長照站,新北市,淡水區,02-26186525,AP0863@ntpc.gov.tw, 林照清,20200101.0,20201231.0,20200417 16:03:31
財團法人天主教失智老人社會福利基金會附設新北市私立聖若瑟居家長照機構,1S0200016,1,新北市,永和區,新北市永和區中正路354號3樓,121.5177688599,25.0007152557,B,喘息服務,新北市,中和區;永和區,2233-1099,sw960521@yahoo.com.tw,鍾安住,20250101.0,20271231.0,20241226 15:06:59
臺北市政府社會局委託財團法人台北市立心慈善基金會經營管理臺北市大同社區長照機構,2B0100001,2,臺北市,大同區,臺北市大同區重慶里重慶北路三段347號3樓之1,121.5140762329,25.0747833252,B,日間照顧服務,臺北市,松山區;信義區;大安區;中山區;中正區;大同區;萬華區;文山區;南港區;內湖區;士林區;北投區,02-25929008,datongold@gmail.com,洪金桐,20200915.0,20231231.0,20201202 10:49:55
新北市私立金安心居家長照機構,1X0200066,1,新北市,永和區,新北市永和區永和路1段2號9樓之1,121.485244751,25.001159668,A,個案管理服務,新北市,永和區,093364164,jinansin589@gmail.com,王坤昊,20250101.0,20250630.0,20241231 14:29:43
新北市私立金安心居家長照機構,1X0200066,1,新北市,永和區,新北市永和區永和路1段2號9樓之1,121.485244751,25.001159668,B,居家服務,新北市,板橋區;中和區;永和區;土城區,093364164,jinansin589@gmail.com,王坤昊,20250101.0,20271231.0,20241216 11:54:16
財團法人天主教失智老人社會福利基金會附設新北市私立聖若瑟居家長照機構,1S0200016,1,新北市,永和區,新北市永和區中正路354號3樓,121.5177688599,25.0007152557,B,居家服務,新北市,中和區;永和區,2233-1099,sw960521@yahoo.com.tw,鍾安住,20250101.0,20271231.0,20241226 15:05:54
臺北市政府社會局委託財團法人台北市立心慈善基金會經營管理臺北市大同社區長照機構,2B0100001,2,臺北市,大同區,臺北市大同區重慶里重慶北路三段347號3樓之1,121.5140762329,25.0747833252,B,日間照顧服務,臺北市,松山區;信義區;大安區;中山區;中正區;大同區;萬華區;文山區;南港區;內湖區;士林區;北投區,02-25929008,datongold@gmail.com,洪金桐,20240101.0,20261231.0,20240102 11:16:44
新北市私立諭安居家長照機構,1X0200063,1,新北市,新莊區,新北市新莊區中原里中信街176號12樓之7,121.4481201172,25.0574131012,B,喘息服務,新北市,三重區;新莊區;樹林區,8521-2781,tklbd@hotmail.com,金子堯,20250101.0,20271231.0,20241219 14:20:05
逸居股份有限公司附設新北市私立幸福時光居家長照機構,1R0200015,1,新北市,三重區,新北市三重區重明里捷運路19巷13號,121.4850463867,25.057050705,B,居家服務,新北市,板橋區;三重區;中和區;永和區;新莊區;新店區;樹林區;土城區;蘆洲區;五股區;泰山區;林口區,02-77519258,candyyang0930@gmail.com,李淑貞,20250101.0,20271231.0,20241216 14:53:47
微笑長照整合服務股份有限公司附設新北市私立微笑居家長照機構,1V0200029,1,新北市,泰山區,新北市泰山區新明里民國街48號1樓,121.4498977661,25.0378360748,B,居家服務,新北市,三重區;新莊區;樹林區;泰山區,29940060,smile.ltc.hc@gmail.com,趙軒,20250101.0,20271231.0,20241225 14:41:52
新北市瑞芳區傑魚社區發展協會(社照C),BF0200132,BF,新北市,瑞芳區,新北市瑞芳區傑魚里傑魚坑路245巷2-1號,121.7880325317,25.1064777374,C,巷弄長照站,新北市,瑞芳區,24973228,Av450414@yahoo.com.tw,陳美芬,20240101.0,20241231.0,20240514 14:46:58
三峽區龍恩里辦公處(社照C),BG0200037,BG,新北市,三峽區,新北市三峽區龍恩里學成路396號4樓,121.3747024536,24.9413051605,C,巷弄長照站,新北市,三峽區,0910-238630,ag9903@ntpc.gov.tw,黃家賢,20240101.0,20241231.0,20240707 14:45:24
新北市私立全心居家長照機構,1X0200055,1,新北市,三重區,新北市三重區長壽西街107號,121.4945907593,25.0668697357,B,喘息服務,新北市,板橋區;三重區;中和區;永和區;新莊區;鶯歌區;三峽區;淡水區;土城區;蘆洲區;五股區;泰山區;八里區,0925790290,gsk.md.ada@gmail.com,許秀芬,20250101.0,20271231.0,20241205 14:06:37
霖口居家語言治療所,B70200008,B7,新北市,林口區,新北市林口區仁愛路2段62巷26號3樓,121.3530883789,25.1193313599,B,專業照護服務,新北市,板橋區;三重區;中和區;永和區;新莊區;新店區;樹林區;鶯歌區;三峽區;淡水區;土城區;蘆洲區;五股區;泰山區;林口區,02-86013646,lkst26@gmail.com,張曉卿,20250101.0,20271231.0,20241213 14:49:00
財團法人中華民國佛教慈濟慈善事業基金會松山聯絡處,BF0100178,BF,臺北市,松山區,臺北市松山區吉祥里南京東路五段188號16樓,121.5637435913,25.0512123108,C,巷弄長照站,臺北市,松山區,0937903855,sayyes103@gmail.com,釋證嚴,20190101.0,20211231.0,20210412 11:22:53
財團法人老五老基金會附設新北市私立石碇楓子林社區長照機構(石碇楓子林公共托老中心),2S0200027,2,新北市,石碇區,新北市石碇區豐林里楓子林32-1號2-3樓,121.6423110962,25.0101356506,B,喘息服務,新北市,汐止區;深坑區;石碇區,(02)2663-2885,hanneh@ofo.org.tw,陳麗欣,20250101.0,20271231.0,20241227 14:11:38
財團法人老五老基金會附設新北市私立石碇楓子林社區長照機構(石碇楓子林公共托老中心),2S0200027,2,新北市,石碇區,新北市石碇區豐林里楓子林32-1號2-3樓,121.6423110962,25.0101356506,B,日間照顧服務,新北市,汐止區;深坑區;石碇區,(02)2663-2885,hanneh@ofo.org.tw,陳麗欣,20250101.0,20271231.0,20241227 14:11:18
衛生福利部臺北醫院附設新莊悅心社區長照機構,2A0200001,2,新北市,新莊區,新北市新莊區思賢里長青街6號1樓,121.4576416016,25.042339325,B,日間照顧服務,新北市,板橋區;三重區;新莊區;樹林區;泰山區,22761136,yuexin.tph@gmail.com,鄭舜平,20250101.0,20271231.0,20250110 16:00:39
新北市淡水區鄧公社區發展協會(社照C),BF0200139,BF,新北市,淡水區,新北市淡水區鄧公里鄧公路32巷7號1樓,,,C,巷弄長照站,新北市,淡水區,02-262521000912-526336,meichin.chiu@msa.hinet.net,邱美津,20220101.0,20231231.0,20230628 15:35:40
知心居家長照有限公司附設新北市私立知心居家長照機構,1V0200022,1,新北市,樹林區,新北市樹林區金寮里保安街二段31巷3號1樓,121.4160003662,24.9996757507,B,專業照護服務,新北市,板橋區;三重區;中和區;永和區;新莊區;新店區;樹林區;鶯歌區;三峽區;淡水區;瑞芳區;土城區;蘆洲區;五股區;泰山區;林口區;深坑區;八里區,02-26757565,kh87393538@gmail.com,李水治,20220101.0,20241231.0,20220321 15:24:57
智慧長照有限公司附設臺北市私立愛關懷居家長照機構,1R0100017,1,臺北市,信義區,臺北市信義區忠孝東路5段1號2樓207室,121.541229248,24.9917163849,A,個案管理服務,臺北市,南港區,7729-7769,e2frank2020@gmail.com,王純鍵,20240501.0,20241231.0,20240430 11:13:48
智慧長照有限公司附設臺北市私立愛關懷居家長照機構,1R0100017,1,臺北市,信義區,臺北市信義區忠孝東路5段1號2樓207室,121.541229248,24.9917163849,B,喘息服務,臺北市,松山區;信義區;大安區;文山區,7729-7769,e2frank2020@gmail.com,王純鍵,20250101.0,20261231.0,20241122 15:19:43
新印象居家職能治療所,B50200008,B5,新北市,新店區,新北市新店區安德街85號2樓(B室),121.5095748901,24.9609375,B,專業照護服務(CC01),新北市,板橋區;三重區;中和區;永和區;新莊區;新店區;樹林區;鶯歌區;三峽區;淡水區;汐止區;瑞芳區;土城區;蘆洲區;五股區;泰山區;林口區;深坑區;石碇區;坪林區;三芝區;石門區;八里區;平溪區;雙溪區;貢寮區;金山區;萬里區;烏來區,0910984434,newhomeot@gmail.com,李昊,20220101.0,20241231.0,20230802 17:19:14
新印象居家職能治療所,B50200008,B5,新北市,新店區,新北市新店區安德街85號2樓(B室),121.5095748901,24.9609375,B,專業照護服務,桃園市,桃園區;中壢區;大溪區;楊梅區;蘆竹區;大園區;龜山區;八德區;龍潭區;平鎮區;新屋區;觀音區;復興區,0910984434,newhomeot@gmail.com,李昊,20240116.0,20251231.0,20240118 13:03:16
新印象居家職能治療所,B50200008,B5,新北市,新店區,新北市新店區安德街85號2樓(B室),121.5095748901,24.9609375,B,專業照護服務,新北市,板橋區;三重區;中和區;永和區;新莊區;新店區;樹林區;鶯歌區;三峽區;淡水區;汐止區;瑞芳區;土城區;蘆洲區;五股區;泰山區;林口區;深坑區;石碇區;坪林區;三芝區;八里區;雙溪區;金山區;萬里區;烏來區,0910984434,newhomeot@gmail.com,李昊,20250101.0,20271231.0,20241219 14:15:47
智慧長照有限公司附設臺北市私立愛關懷居家長照機構,1R0100017,1,臺北市,信義區,臺北市信義區忠孝東路5段1號2樓207室,121.541229248,24.9917163849,B,喘息服務,新北市,中和區;永和區;新莊區;新店區,7729-7769,e2frank2020@gmail.com,王純鍵,20250101.0,20271231.0,20250114 11:09:01
向安物理治療所,B40200019,B4,新北市,中和區,新北市中和區民享街44巷1號,121.4737701416,25.0026283264,B,專業照護服務(CC01),新北市,板橋區;三重區;中和區;永和區;新莊區;新店區;樹林區;鶯歌區;三峽區;淡水區;汐止區;瑞芳區;土城區;蘆洲區;五股區;泰山區;林口區;深坑區;石碇區;坪林區;三芝區;石門區;八里區;平溪區;雙溪區;貢寮區;金山區;萬里區;烏來區,02-22230303,csf610803@yahoo.com.tw,陳暄丰,20220101.0,20241231.0,20230802 17:19:14
知心居家長照有限公司附設新北市私立知心居家長照機構,1V0200022,1,新北市,樹林區,新北市樹林區金寮里保安街二段31巷3號1樓,121.4160003662,24.9996757507,B,專業照護服務,新北市,板橋區;三重區;中和區;永和區;新莊區;新店區;樹林區;鶯歌區;三峽區;淡水區;瑞芳區;土城區;蘆洲區;五股區;泰山區;林口區;深坑區;八里區,02-26757565,kh87393538@gmail.com,李水治,20250101.0,20271231.0,20241226 14:58:27
知心居家長照有限公司附設新北市私立知心居家長照機構,1V0200022,1,新北市,樹林區,新北市樹林區金寮里保安街二段31巷3號1樓,121.4160003662,24.9996757507,B,喘息服務,新北市,板橋區;中和區;永和區;樹林區;土城區,02-26757565,kh87393538@gmail.com,李水治,20250101.0,20271231.0,20241226 14:59:20
普眾股份有限公司附設臺北市私立普眾居家長照機構,1V0100022,1,臺北市,南港區,臺北市南港區新光里昆陽街152巷39號1樓,121.5929641724,25.0491352081,B,喘息服務,臺北市,松山區;信義區;大安區;中山區;中正區;大同區;萬華區;文山區;南港區;內湖區;士林區;北投區,02-27887966,pj83485803@gmail.com,陳秀麗,20201001.0,20241231.0,20221229 22:30:19
普眾股份有限公司附設臺北市私立普眾居家長照機構,1V0100022,1,臺北市,南港區,臺北市南港區新光里昆陽街152巷39號1樓,121.5929641724,25.0491352081,B,喘息服務,臺北市,松山區;信義區;大安區;中山區;中正區;大同區;萬華區;文山區;南港區;內湖區;士林區;北投區,02-27887966,pj83485803@gmail.com,陳秀麗,20250101.0,20261231.0,20241122 15:00:43
新印象居家職能治療所,B50200008,B5,新北市,新店區,新北市新店區安德街85號2樓(B室),121.5095748901,24.9609375,B,專業照護服務,新北市,板橋區;三重區;中和區;永和區;新莊區;新店區;樹林區;鶯歌區;三峽區;淡水區;汐止區;瑞芳區;土城區;蘆洲區;五股區;泰山區;林口區;深坑區;石碇區;坪林區;三芝區;八里區;雙溪區;金山區;萬里區;烏來區,0910984434,newhomeot@gmail.com,李昊,20220101.0,20241231.0,20220221 14:25:35
芊潁顧問有限公司附設臺北市私立芊潁居家長照機構,1R0100020,1,臺北市,中山區,臺北市中山區行政里建國北路3段94號2樓(D201室),121.5344696045,25.0666828156,B,喘息服務,臺北市,松山區;信義區;大安區;中山區;中正區;大同區;萬華區;文山區;內湖區;士林區;北投區,02-2508-0383,qianyingoffice@gmail.com,何冠潁,20210223.0,20241231.0,20221229 23:18:22
芊潁顧問有限公司附設臺北市私立芊潁居家長照機構,1R0100020,1,臺北市,中山區,臺北市中山區行政里建國北路3段94號2樓(D201室),121.5344696045,25.0666828156,B,居家服務,臺北市,松山區;信義區;大安區;中山區;中正區;大同區;萬華區;文山區;南港區;內湖區;士林區;北投區,02-2508-0383,qianyingoffice@gmail.com,何冠潁,20201201.0,20231231.0,20230727 08:35:03
護老福祉股份有限公司附設新北市私立護老樂活居家長照機構,1V0200026,1,新北市,蘆洲區,新北市蘆洲區水湳里水湳街65號1樓,121.4717483521,25.0877380371,B,居家服務,新北市,三重區;新莊區;蘆洲區;五股區;泰山區;八里區,02-82820512,chloe.leader@gmail.com,丁福財,20250101.0,20271231.0,20241224 14:01:49
芊潁顧問有限公司附設臺北市私立芊潁居家長照機構,1R0100020,1,臺北市,中山區,臺北市中山區行政里建國北路3段94號2樓(D201室),121.5344696045,25.0666828156,B,居家服務,臺北市,松山區;信義區;大安區;中山區;中正區;大同區;萬華區;文山區;南港區;內湖區;士林區;北投區,02-2508-0383,qianyingoffice@gmail.com,何冠潁,20240101.0,20261231.0,20231229 10:19:16
芊潁顧問有限公司附設臺北市私立芊潁居家長照機構,1R0100020,1,臺北市,中山區,臺北市中山區行政里建國北路3段94號2樓(D201室),121.5344696045,25.0666828156,B,居家服務,新北市,板橋區;三重區;新莊區;淡水區,02-2508-0383,qianyingoffice@gmail.com,何冠潁,20250101.0,20271231.0,20241223 14:55:48
瑞兆居服股份有限公司附設臺北市私立瑞兆居家長照機構,1R0100021,1,臺北市,中山區,臺北市中山區中庄里民生東路2段119號3樓之3,121.5317764282,25.0580883026,B,居家服務,臺北市,松山區;中山區;大同區,02-2537-3968,0965160250rghealth@gmail.com,邱暉智,20201230.0,20231231.0,20211230 16:10:38
優遊小客車租賃有限公司,BA0200012,BA,新北市,新莊區,新北市新莊區中正路700之16號,121.4181518555,25.027759552,B,交通接送服務,新北市,板橋區;三重區;新莊區;樹林區;土城區;蘆洲區;五股區;泰山區,02-29063773,okgotw168@gmail.com,張政雄,20250101.0,20271231.0,20241227 15:20:34
永鑫物理治療所,B40100032,B4,臺北市,南港區,臺北市南港區八德路四段885號3樓,121.5805130005,25.050863266,B,專業照護服務,臺北市,松山區;信義區;大安區;中山區;中正區;大同區;萬華區;文山區;南港區;內湖區;士林區;北投區,2396-2222,pthao30@gmail.com,張清豪,20201001.0,20241231.0,20221229 22:22:05
永鑫物理治療所,B40100032,B4,臺北市,南港區,臺北市南港區八德路四段885號3樓,121.5805130005,25.050863266,B,專業照護服務,新北市,板橋區;三重區;中和區;永和區;新店區;淡水區;汐止區;瑞芳區;蘆洲區;林口區;深坑區;石碇區;坪林區;三芝區;石門區;八里區;平溪區;雙溪區;貢寮區;金山區;萬里區;烏來區,2396-2222,pthao30@gmail.com,張清豪,20220101.0,20241231.0,20220317 10:20:50
永鑫物理治療所,B40100032,B4,臺北市,南港區,臺北市南港區八德路四段885號3樓,121.5805130005,25.050863266,B,專業照護服務(CC01),新北市,板橋區;三重區;中和區;永和區;新莊區;新店區;樹林區;鶯歌區;三峽區;淡水區;汐止區;瑞芳區;土城區;蘆洲區;五股區;泰山區;林口區;深坑區;石碇區;坪林區;三芝區;石門區;八里區;平溪區;雙溪區;貢寮區;金山區;萬里區;烏來區,2396-2222,pthao30@gmail.com,張清豪,20220101.0,20241231.0,20230802 17:19:14
護老福祉股份有限公司附設新北市私立護老樂活居家長照機構,1V0200026,1,新北市,蘆洲區,新北市蘆洲區水湳里水湳街65號1樓,121.4717483521,25.0877380371,B,喘息服務,新北市,三重區;新莊區;蘆洲區;五股區;泰山區;八里區,02-82820512,chloe.leader@gmail.com,丁福財,20250101.0,20271231.0,20241224 14:02:38
新北市板橋新埔商圈協會(社照C),BF0200142,BF,新北市,板橋區,新北市板橋區新埔里文化路1段421巷34-1號1樓,121.4664916992,25.0231971741,C,巷弄長照站,新北市,板橋區,0910345369,lawson12@ms24.hinet.net,蔡鈴福,20240101.0,20241231.0,20240531 21:05:27
適群居家物理治療所,B40100031,B4,臺北市,大安區,臺北市大安區四維路198巷38弄8號2樓之4,121.5456542969,25.0265579224,B,專業照護服務,臺北市,松山區;信義區;大安區;中山區;中正區;大同區;萬華區;文山區;南港區;內湖區;士林區;北投區,2706-3700,mollylin2886@gmail.com,林禹橦,20201201.0,20241231.0,20221230 20:01:38
永鑫物理治療所,B40100032,B4,臺北市,南港區,臺北市南港區八德路四段885號3樓,121.5805130005,25.050863266,B,專業照護服務,臺北市,松山區;信義區;大安區;中山區;中正區;大同區;萬華區;文山區;南港區;內湖區;士林區;北投區,2396-2222,pthao30@gmail.com,張清豪,20250101.0,20261231.0,20241025 10:38:01
北醫大管理顧問股份有限公司附設私立杏芳居家長照機構,1R0100023,1,臺北市,文山區,臺北市文山區景後街190號2樓之1,121.5692672729,25.0022506714,B,居家服務,臺北市,文山區,02-29350230#200,careplus.wf@gmail.com,張詩鑫,20201217.0,20231231.0,20220104 19:05:24
北醫大管理顧問股份有限公司附設私立杏芳居家長照機構,1R0100023,1,臺北市,文山區,臺北市文山區景後街190號2樓之1,121.5692672729,25.0022506714,A,個案管理服務,臺北市,文山區,02-29350230#200,careplus.wf@gmail.com,張詩鑫,20230731.0,20241231.0,20230731 19:59:35
芊潁顧問有限公司附設臺北市私立芊潁居家長照機構,1R0100020,1,臺北市,中山區,臺北市中山區行政里建國北路3段94號2樓(D201室),121.5344696045,25.0666828156,B,喘息服務,臺北市,松山區;信義區;大安區;中山區;中正區;大同區;萬華區;文山區;內湖區;士林區;北投區,02-2508-0383,qianyingoffice@gmail.com,何冠潁,20250101.0,20261231.0,20241122 10:39:39
芊潁顧問有限公司附設臺北市私立芊潁居家長照機構,1R0100020,1,臺北市,中山區,臺北市中山區行政里建國北路3段94號2樓(D201室),121.5344696045,25.0666828156,B,喘息服務,新北市,板橋區;三重區;新莊區;蘆洲區,02-2508-0383,qianyingoffice@gmail.com,何冠潁,20250101.0,20271231.0,20241223 14:56:17
瑞兆居服股份有限公司附設臺北市私立瑞兆居家長照機構,1R0100021,1,臺北市,中山區,臺北市中山區中庄里民生東路2段119號3樓之3,121.5317764282,25.0580883026,B,居家服務,臺北市,松山區;中山區;大同區,02-2537-3968,0965160250rghealth@gmail.com,邱暉智,20240101.0,20261231.0,20231229 10:22:06
適群居家物理治療所,B40100031,B4,臺北市,大安區,臺北市大安區四維路198巷38弄8號2樓之4,121.5456542969,25.0265579224,B,專業照護服務,臺北市,松山區;信義區;大安區;中山區;中正區;大同區;萬華區;文山區;南港區;內湖區;士林區;北投區,2706-3700,mollylin2886@gmail.com,林禹橦,20250101.0,20261231.0,20241018 16:25:32
北醫大管理顧問股份有限公司附設私立杏芳居家長照機構,1R0100023,1,臺北市,文山區,臺北市文山區景後街190號2樓之1,121.5692672729,25.0022506714,A,個案管理服務,臺北市,文山區,02-29350230#200,careplus.wf@gmail.com,張詩鑫,20250101.0,20261231.0,20241231 17:18:20
北醫大管理顧問股份有限公司附設私立杏芳居家長照機構,1R0100023,1,臺北市,文山區,臺北市文山區景後街190號2樓之1,121.5692672729,25.0022506714,B,喘息服務,臺北市,文山區,02-29350230#200,careplus.wf@gmail.com,張詩鑫,20250101.0,20261231.0,20241120 10:30:15
新北市板橋區耆光協會(社照C),BF0200147,BF,新北市,板橋區,新北市板橋區文翠里仁化街63號1樓,121.4754333496,25.031835556,C,巷弄長照站,新北市,板橋區,02-82572509,g25899@gmail.com,郭小萍,20240101.0,20241231.0,20240531 21:12:03
北醫大管理顧問股份有限公司附設私立杏芳居家長照機構,1R0100023,1,臺北市,文山區,臺北市文山區景後街190號2樓之1,121.5692672729,25.0022506714,B,喘息服務,臺北市,文山區,02-29350230#200,careplus.wf@gmail.com,張詩鑫,20210209.0,20241231.0,20221229 22:56:05
詮順居家長照有限公司附設臺北市私立詮順居家長照機構,1R0100024,1,臺北市,中山區,臺北市中山區力行里復興北路62號2樓之2,121.5427703857,25.0483798981,B,居家服務,臺北市,松山區;信義區;大安區;中山區;中正區;大同區;萬華區;文山區;南港區;內湖區;士林區;北投區,02-2773-0398,welldone82941629@gmail.com,林倖如,20201230.0,20231231.0,20211230 16:12:37
潤康長期照護有限公司附設新北市私立潤康居家長照機構,1V0200034,1,新北市,中和區,新北市中和區景平路431巷68號1樓,121.500617981,24.9956111908,B,專業照護服務,新北市,板橋區;三重區;中和區;永和區,0911-768-767,ringcrown1491@gmail.com,施凱鈞,20250101.0,20271231.0,20241226 11:34:59
中華民國長期照護推廣協會附設新北市私立不老社區長照機構,2N0200001,2,新北市,新莊區,新北市新莊區思源里中安街29號3樓,121.4525680542,25.0462150574,B,喘息服務,新北市,新莊區,0965388018,longtermcare.org@gmail.com,陳昱翔,20250101.0,20271231.0,20241226 11:31:39
萬眾居家護理所,B10200095,B1,新北市,三重區,新北市三重區福德南路41號7樓,121.5029067993,25.0620708466,B,專業照護服務,新北市,三重區;蘆洲區,02-28577722,wzhomecare@gmail.com,黃姿穎,20220101.0,20241231.0,20220301 16:15:31
新北市新店區衛生所,B20200187,B2,新北市,新店區,新北市新店區北新路一段86號12樓,121.5430145264,24.9672756195,B,居家失能個案家庭醫師照護服務,新北市,新店區,02-29113984,ntpc247@ntpc.gov.tw,廖婉秀,20250101.0,20271231.0,20250113 16:31:44
臺北市私立悠樂活居家長照機構,1X0100027,1,臺北市,大同區,臺北市大同區重慶北路一段67號3樓,121.5142974854,25.0664958954,B,居家服務,臺北市,松山區;信義區;大安區;中山區;中正區;大同區;萬華區;文山區;南港區;內湖區;士林區;北投區,02-77467520,care.nursing1027@yahoo.com,周至衡,20210127.0,20241231.0,20221229 22:07:16
新北市私立諭安居家長照機構,1X0200063,1,新北市,新莊區,新北市新莊區中原里中信街176號12樓之7,121.4481201172,25.0574131012,B,居家服務,新北市,三重區;新莊區;樹林區,8521-2781,tklbd@hotmail.com,金子堯,20250101.0,20271231.0,20241219 14:19:33
財團法人天主教失智老人社會福利基金會附設新北市私立聖若瑟居家長照機構,1S0200016,1,新北市,永和區,新北市永和區中正路354號3樓,121.5177688599,25.0007152557,A,個案管理服務,新北市,永和區,2233-1099,sw960521@yahoo.com.tw,鍾安住,20250101.0,20250630.0,20241231 14:44:40
財團法人新北市新莊基督教後港主恩教會(社照C),BD0200060,BD,新北市,新莊區,新北市新莊區成德里八德街113巷3號、5號,121.4244003296,25.0208301544,C,巷弄長照站,新北市,新莊區,0955466370,ck1373@hotmail.com,陳明照,20240101.0,20241231.0,20240704 15:33:16
謙和園健康福祉有限公司附設臺北市私立溫邸家居家長照機構,1V0100020,1,臺北市,中山區,臺北市中山區民安里新生北路2段72巷23號1樓,121.5212478638,25.0570869446,B,喘息服務,臺北市,松山區;信義區;大安區;中山區;中正區;大同區;萬華區;文山區;南港區;內湖區;士林區;北投區,02-25681589,hc.hereforyou@gmail.com,王志剛,20250101.0,20261231.0,20241122 10:40:52
智慧長照有限公司附設臺北市私立愛關懷居家長照機構,1R0100017,1,臺北市,信義區,臺北市信義區忠孝東路5段1號2樓207室,121.541229248,24.9917163849,B,喘息服務,臺北市,松山區;信義區;大安區;中山區;中正區;大同區;萬華區;文山區;南港區;內湖區;士林區;北投區,7729-7769,e2frank2020@gmail.com,王純鍵,20200901.0,20241231.0,20221229 22:54:05
新北市私立禾順居家長照機構,1X0200064,1,新北市,蘆洲區,新北市蘆洲區正義里三民路581-1號3樓,121.4617233276,25.092754364,B,居家服務,新北市,瑞芳區;蘆洲區,02-82862907,heshuenservice@gmail.com,尤文芳,20250101.0,20271231.0,20241224 13:58:58
新北市私立金安心居家長照機構,1X0200066,1,新北市,永和區,新北市永和區永和路1段2號9樓之1,121.485244751,25.001159668,B,喘息服務,新北市,板橋區;中和區;永和區;土城區,093364164,jinansin589@gmail.com,王坤昊,20250101.0,20271231.0,20241216 11:54:53
新北市私立禾順居家長照機構,1X0200064,1,新北市,蘆洲區,新北市蘆洲區正義里三民路581-1號3樓,121.4617233276,25.092754364,B,喘息服務,新北市,瑞芳區;蘆洲區,02-82862907,heshuenservice@gmail.com,尤文芳,20250101.0,20271231.0,20241224 13:59:22
恩耆股份有限公司附設新北市私立惠澤居家長照機構,1R0200014,1,新北市,板橋區,新北市板橋區新興里南雅南路一段3巷4號2樓,121.4563217163,25.0062465668,B,居家服務,新北市,板橋區;中和區,(02)2272-0885,huize.hc@gmail.com,蕭乃彰,20250101.0,20271231.0,20241220 16:22:12
恩耆股份有限公司附設新北市私立惠澤居家長照機構,1R0200014,1,新北市,板橋區,新北市板橋區新興里南雅南路一段3巷4號2樓,121.4563217163,25.0062465668,B,喘息服務,新北市,板橋區;中和區,(02)2272-0885,huize.hc@gmail.com,蕭乃彰,20250101.0,20271231.0,20241220 16:22:34
臺北市政府社會局委託財團法人臺北市喜樂家族社會福利基金會經營管理大龍峒身障社區長照機構（日間照顧）,2S0100019,2,臺北市,大同區,臺北市大同區老師里重慶北路3段320號3、4樓,121.5135192871,25.07513237,B,日間照顧服務,臺北市,松山區;信義區;大安區;中山區;中正區;大同區;萬華區;文山區;南港區;內湖區;士林區;北投區,02-25922581,joy2020da@gmail.com,陳建信,20250101.0,20261231.0,20241231 11:15:31
臺北市政府社會局委託財團法人臺北市喜樂家族社會福利基金會經營管理大龍峒身障社區長照機構（日間照顧）,2S0100019,2,臺北市,大同區,臺北市大同區老師里重慶北路3段320號3、4樓,121.5135192871,25.07513237,B,喘息服務,臺北市,大同區,02-25922581,joy2020da@gmail.com,陳建信,20210927.0,20241231.0,20221230 19:04:16
臺北市政府社會局委託財團法人臺北市喜樂家族社會福利基金會經營管理大龍峒身障社區長照機構（日間照顧）,2S0100019,2,臺北市,大同區,臺北市大同區老師里重慶北路3段320號3、4樓,121.5135192871,25.07513237,B,日間照顧服務,臺北市,松山區;信義區;大安區;中山區;中正區;大同區;萬華區;文山區;南港區;內湖區;士林區;北投區,02-25922581,joy2020da@gmail.com,陳建信,20240101.0,20241231.0,20241218 15:19:31
臺北市政府社會局委託財團法人臺北市喜樂家族社會福利基金會經營管理大龍峒身障社區長照機構（日間照顧）,2S0100019,2,臺北市,大同區,臺北市大同區老師里重慶北路3段320號3、4樓,121.5135192871,25.07513237,B,日間照顧服務,臺北市,大同區,02-25922581,joy2020da@gmail.com,陳建信,20201105.0,20231231.0,20220210 10:26:24
新北市私立文昌居家長照機構,1X0200068,1,新北市,樹林區,新北市樹林區中山路一段186-1號3樓,121.4215011597,24.9886207581,B,居家服務,新北市,板橋區;新莊區;樹林區,02-2685-2328,2020wenchang@gmail.com,游沛蓁,20250101.0,20271231.0,20241224 15:59:15
逸居股份有限公司附設新北市私立幸福時光居家長照機構,1R0200015,1,新北市,三重區,新北市三重區重明里捷運路19巷13號,121.4850463867,25.057050705,B,喘息服務,新北市,板橋區;三重區;中和區;永和區;新莊區;新店區;樹林區;土城區;蘆洲區;五股區;泰山區;林口區,02-77519258,candyyang0930@gmail.com,李淑貞,20250101.0,20271231.0,20241216 14:54:41
微笑長照整合服務股份有限公司附設新北市私立微笑居家長照機構,1V0200029,1,新北市,泰山區,新北市泰山區新明里民國街48號1樓,121.4498977661,25.0378360748,B,喘息服務,新北市,三重區;新莊區;樹林區;泰山區,29940060,smile.ltc.hc@gmail.com,趙軒,20250101.0,20271231.0,20241225 14:42:21
新北市私立大心居家長照機構,1X0200069,1,新北市,樹林區,新北市樹林區南園里大義路238號1樓,121.3777923584,24.9460945129,B,專業照護服務,新北市,板橋區;中和區;樹林區;鶯歌區;三峽區;土城區,2680-8878,dasin.homecare@gmail.com,簡秀娟,20250101.0,20271231.0,20250106 09:25:21
新北市私立禾康居家長照機構,1X0200070,1,新北市,板橋區,新北市板橋區重慶路345號2樓,121.4641494751,24.9980621338,B,喘息服務,新北市,板橋區;中和區;樹林區;三峽區;土城區,0922358844,hekangservice@gmail.com,黃少堂,20250101.0,20271231.0,20241205 11:21:55
新北市私立大心居家長照機構,1X0200069,1,新北市,樹林區,新北市樹林區南園里大義路238號1樓,121.3777923584,24.9460945129,B,專業照護服務,新北市,板橋區;中和區;樹林區;鶯歌區;三峽區;土城區,2680-8878,dasin.homecare@gmail.com,簡秀娟,20220101.0,20241231.0,20220321 15:29:58
新北市私立大心居家長照機構,1X0200069,1,新北市,樹林區,新北市樹林區南園里大義路238號1樓,121.3777923584,24.9460945129,B,居家服務,新北市,板橋區;中和區;永和區;樹林區;鶯歌區;三峽區;土城區,2680-8878,dasin.homecare@gmail.com,簡秀娟,20250101.0,20271231.0,20250106 09:26:06
新北市私立大心居家長照機構,1X0200069,1,新北市,樹林區,新北市樹林區南園里大義路238號1樓,121.3777923584,24.9460945129,B,喘息服務,新北市,板橋區;中和區;永和區;樹林區;鶯歌區;三峽區;土城區,2680-8878,dasin.homecare@gmail.com,簡秀娟,20250101.0,20271231.0,20250106 09:26:53
北醫大管理顧問股份有限公司附設新北市私立萂禾居家長照機構,1V0200030,1,新北市,中和區,新北市中和區景新街347號9樓之9,121.5120544434,24.9909801483,B,居家服務,新北市,中和區;永和區,0983-529-442,chyouchiou32@gmail.com,張詩鑫,20250101.0,20271231.0,20241225 16:05:11
向安物理治療所,B40200019,B4,新北市,中和區,新北市中和區民享街44巷1號,121.4737701416,25.0026283264,B,專業照護服務,新北市,板橋區;中和區;永和區;土城區,02-22230303,csf610803@yahoo.com.tw,陳暄丰,20220101.0,20241231.0,20220412 15:12:32
向安物理治療所,B40200019,B4,新北市,中和區,新北市中和區民享街44巷1號,121.4737701416,25.0026283264,B,專業照護服務,新北市,板橋區;中和區;永和區;土城區,02-22230303,csf610803@yahoo.com.tw,陳暄丰,20250101.0,20271231.0,20250114 11:03:07
智慧長照有限公司附設臺北市私立愛關懷居家長照機構,1R0100017,1,臺北市,信義區,臺北市信義區忠孝東路5段1號2樓207室,121.541229248,24.9917163849,B,居家服務,臺北市,松山區;信義區;大安區;文山區;南港區;內湖區;士林區,7729-7769,e2frank2020@gmail.com,王純鍵,20240101.0,20261231.0,20231229 15:52:31
智慧長照有限公司附設臺北市私立愛關懷居家長照機構,1R0100017,1,臺北市,信義區,臺北市信義區忠孝東路5段1號2樓207室,121.541229248,24.9917163849,B,居家服務,新北市,中和區;永和區;新莊區;新店區,7729-7769,e2frank2020@gmail.com,王純鍵,20250101.0,20271231.0,20250114 11:08:21
智慧長照有限公司附設臺北市私立愛關懷居家長照機構,1R0100017,1,臺北市,信義區,臺北市信義區忠孝東路5段1號2樓207室,121.541229248,24.9917163849,A,個案管理服務,臺北市,南港區,7729-7769,e2frank2020@gmail.com,王純鍵,20250101.0,20261231.0,20241231 17:22:11
新北市私立樂活社區長照機構,2X0200009,2,新北市,鶯歌區,新北市鶯歌區國際二路4巷3號1樓,121.3386154175,24.9733562469,B,家庭托顧服務,新北市,10;15;5;樹林區;鶯歌區;三峽區,0915090551,chuanchang8@gmail.com,張鳳娟,20250101.0,20271231.0,20241216 09:08:10
臺北市政府社會局委託財團法人臺北市喜樂家族社會福利基金會經營管理大龍峒身障社區長照機構（日間照顧）,2S0100019,2,臺北市,大同區,臺北市大同區老師里重慶北路3段320號3、4樓,121.5135192871,25.07513237,B,喘息服務,臺北市,松山區;信義區;大安區;中山區;中正區;大同區;萬華區;文山區;南港區;內湖區;士林區;北投區,02-25922581,joy2020da@gmail.com,陳建信,20250101.0,20261231.0,20241231 12:30:32
臺北市政府社會局委託財團法人臺北市喜樂家族社會福利基金會經營管理大龍峒身障社區長照機構（日間照顧）,2S0100019,2,臺北市,大同區,臺北市大同區老師里重慶北路3段320號3、4樓,121.5135192871,25.07513237,B,喘息服務,臺北市,松山區;信義區;大安區;中山區;中正區;大同區;萬華區;文山區;南港區;內湖區;士林區;北投區,02-25922581,joy2020da@gmail.com,陳建信,20240101.0,20241231.0,20250204 15:13:51
台北市梘尾關懷互助協會,BF0100179,BF,臺北市,文山區,臺北市文山區景慶里萬慶街6號,121.5402526855,24.9923248291,B,喘息服務,臺北市,文山區,02-89351788,older.hearing@msa.hinet.net,蔡淵輝,20190927.0,20241231.0,20221229 23:12:13
台北市梘尾關懷互助協會,BF0100179,BF,臺北市,文山區,臺北市文山區景慶里萬慶街6號,121.5402526855,24.9923248291,C,巷弄長照站,臺北市,文山區,02-89351788,older.hearing@msa.hinet.net,蔡淵輝,20190901.0,20241231.0,20221229 23:11:16
北醫大管理顧問股份有限公司附設新北市私立萂禾居家長照機構,1V0200030,1,新北市,中和區,新北市中和區景新街347號9樓之9,121.5120544434,24.9909801483,B,喘息服務,新北市,中和區;永和區,0983-529-442,chyouchiou32@gmail.com,張詩鑫,20250101.0,20271231.0,20241225 16:05:33
好生活居家職能治療所,B50100021,B5,臺北市,中山區,臺北市中山區中山北路三段25之12號（1樓128室）,121.5286483765,25.0518875122,B,專業照護服務,臺北市,松山區;信義區;大安區;中山區;中正區;大同區;萬華區;文山區;南港區;內湖區;士林區;北投區,0956-041-598,howlifeot@gmail.com,曾翊庭,20200619.0,20241231.0,20221229 22:33:08
好生活居家職能治療所,B50100021,B5,臺北市,中山區,臺北市中山區中山北路三段25之12號（1樓128室）,121.5286483765,25.0518875122,B,專業照護服務,臺北市,松山區;信義區;大安區;中山區;中正區;大同區;萬華區;文山區;南港區;內湖區;士林區;北投區,0956-041-598,howlifeot@gmail.com,曾翊庭,20250101.0,20261231.0,20241025 10:54:46
潤康長期照護有限公司附設新北市私立潤康居家長照機構,1V0200034,1,新北市,中和區,新北市中和區景平路431巷68號1樓,121.500617981,24.9956111908,B,居家服務,新北市,板橋區;三重區;中和區;永和區;新莊區,0911-768-767,ringcrown1491@gmail.com,施凱鈞,20250101.0,20271231.0,20241226 11:35:32
臺北市私立悠樂活居家長照機構,1X0100027,1,臺北市,大同區,臺北市大同區重慶北路一段67號3樓,121.5142974854,25.0664958954,B,居家服務,臺北市,松山區;信義區;大安區;中山區;中正區;大同區;萬華區;文山區;南港區;內湖區;士林區;北投區,02-77467520,care.nursing1027@yahoo.com,周至衡,20250101.0,20261231.0,20250207 11:32:55
新北市雙溪區衛生所附設物理治療所,B40200024,B4,新北市,雙溪區,新北市雙溪區新基南街18號2樓,121.8664474487,25.0379161835,B,專業照護服務(CC01),新北市,板橋區;三重區;中和區;永和區;新莊區;新店區;樹林區;鶯歌區;三峽區;淡水區;汐止區;瑞芳區;土城區;蘆洲區;五股區;泰山區;林口區;深坑區;石碇區;坪林區;三芝區;石門區;八里區;平溪區;雙溪區;貢寮區;金山區;萬里區;烏來區,02-24931210#36,ar6307@ntpc.gov.tw,林昱呈,20220101.0,20241231.0,20230802 17:19:14
向安物理治療所,B40200019,B4,新北市,中和區,新北市中和區民享街44巷1號,121.4737701416,25.0026283264,B,專業照護服務(CC01),新北市,板橋區;中和區;永和區;土城區,02-22230303,csf610803@yahoo.com.tw,陳暄丰,20250101.0,20271231.0,20250114 11:03:22
新印象居家職能治療所,B50200008,B5,新北市,新店區,新北市新店區安德街85號2樓(B室),121.5095748901,24.9609375,B,專業照護服務(CC01),新北市,板橋區;三重區;中和區;永和區;新莊區;新店區;樹林區;鶯歌區;三峽區;淡水區;汐止區;瑞芳區;土城區;蘆洲區;五股區;泰山區;林口區;深坑區;石碇區;坪林區;三芝區;八里區;雙溪區;金山區;萬里區;烏來區,0910984434,newhomeot@gmail.com,李昊,20250101.0,20271231.0,20241219 14:16:28
瑞兆居服股份有限公司附設臺北市私立瑞兆居家長照機構,1R0100021,1,臺北市,中山區,臺北市中山區中庄里民生東路2段119號3樓之3,121.5317764282,25.0580883026,B,喘息服務,臺北市,松山區;信義區;大安區;中山區;中正區;大同區;萬華區;文山區;南港區;內湖區;士林區;北投區,02-2537-3968,0965160250rghealth@gmail.com,邱暉智,20241217.0,20261231.0,20241218 09:18:30
永鑫物理治療所,B40100032,B4,臺北市,南港區,臺北市南港區八德路四段885號3樓,121.5805130005,25.050863266,B,專業照護服務,新北市,板橋區;三重區;中和區;永和區;新店區;淡水區;汐止區;瑞芳區;林口區;深坑區;石碇區;坪林區;三芝區;石門區;八里區;平溪區;雙溪區;貢寮區;金山區;萬里區;烏來區,2396-2222,pthao30@gmail.com,張清豪,20250101.0,20271231.0,20241203 15:52:26
台灣居護股份有限公司附設臺北市私立聯承居家長照機構,1R0100025,1,臺北市,大安區,臺北市大安區義村里忠孝東路3段136號11樓1102辦公室,121.5377883911,25.0415019989,B,居家服務,臺北市,松山區;信義區;大安區;中正區;文山區;南港區,82588088,thnbuurtzorg@gmail.com,汪秋蓉,20240101.0,20261231.0,20231229 10:51:46
台灣居護股份有限公司附設臺北市私立聯承居家長照機構,1R0100025,1,臺北市,大安區,臺北市大安區義村里忠孝東路3段136號11樓1102辦公室,121.5377883911,25.0415019989,B,居家服務,臺北市,大安區;中山區;文山區,82588088,thnbuurtzorg@gmail.com,汪秋蓉,20210223.0,20241231.0,20230202 16:35:32
鐵牛居家職能治療所,B50200011,B5,新北市,三峽區,新北市三峽區中山路127號11樓之5,121.3653564453,24.93592453,B,專業照護服務(CC01),新北市,板橋區;三重區;中和區;永和區;新莊區;新店區;樹林區;鶯歌區;三峽區;淡水區;汐止區;瑞芳區;土城區;蘆洲區;五股區;泰山區;林口區;深坑區;石碇區;坪林區;三芝區;八里區;雙溪區;金山區;萬里區;烏來區,0912465002,occupational728@gmail.com,姚柔羽,20250101.0,20271231.0,20241213 10:00:30
鐵牛居家職能治療所,B50200011,B5,新北市,三峽區,新北市三峽區中山路127號11樓之5,121.3653564453,24.93592453,B,專業照護服務,新北市,板橋區;三重區;中和區;永和區;新莊區;新店區;樹林區;鶯歌區;三峽區;淡水區;汐止區;瑞芳區;土城區;蘆洲區;五股區;泰山區;林口區;深坑區;石碇區;坪林區;三芝區;八里區;雙溪區;金山區;萬里區;烏來區,0912465002,occupational728@gmail.com,姚柔羽,20220101.0,20241231.0,20220210 15:00:37
財團法人中華民國佛教慈濟慈善事業基金會新北市私立慈濟蘆洲綜合長照機構-三峽園區(醫事C),1R0200025,1,新北市,三峽區,新北市三峽區介壽里介壽路一段498號,121.3857727051,24.9321670532,C,巷弄長照站,新北市,三峽區,(02)2218-7770分機2224,sayyes103@gmail.com,釋證嚴,20200731.0,20201231.0,20210128 14:46:06
潤康長期照護有限公司附設新北市私立潤康居家長照機構,1V0200034,1,新北市,中和區,新北市中和區景平路431巷68號1樓,121.500617981,24.9956111908,B,喘息服務,臺北市,松山區;信義區;大安區;中山區;中正區;大同區;萬華區,0911-768-767,ringcrown1491@gmail.com,施凱鈞,20250101.0,20261231.0,20241104 18:50:50
臺北市政府社會局委託財團法人台北市立心慈善基金會經營管理 臺北市大同老人服務暨日間照顧中心,2J0100001,2,臺北市,大同區,臺北市大同區重慶里重慶北路三段347號3樓,121.5140762329,25.0747833252,B,營養餐飲服務,臺北市,大同區,（02）2592-9808#13,datongold@gmail.com,洪金桐,20200701.0,20211231.0,20210119 17:08:50
台灣居護股份有限公司附設臺北市私立聯承居家長照機構,1R0100025,1,臺北市,大安區,臺北市大安區義村里忠孝東路3段136號11樓1102辦公室,121.5377883911,25.0415019989,B,喘息服務,臺北市,松山區;信義區;大安區;中正區;文山區;南港區,82588088,thnbuurtzorg@gmail.com,汪秋蓉,20250101.0,20261231.0,20241126 11:03:26
永鑫物理治療所,B40100032,B4,臺北市,南港區,臺北市南港區八德路四段885號3樓,121.5805130005,25.050863266,B,專業照護服務(CC01),新北市,板橋區;三重區;中和區;永和區;新店區;淡水區;汐止區;瑞芳區;林口區;深坑區;石碇區;坪林區;三芝區;石門區;八里區;平溪區;雙溪區;貢寮區;金山區;萬里區;烏來區,2396-2222,pthao30@gmail.com,張清豪,20250101.0,20271231.0,20241203 15:53:13
北醫大管理顧問股份有限公司附設私立杏芳居家長照機構,1R0100023,1,臺北市,文山區,臺北市文山區景後街190號2樓之1,121.5692672729,25.0022506714,B,居家服務,臺北市,文山區,02-29350230#200,careplus.wf@gmail.com,張詩鑫,20240101.0,20261231.0,20240205 09:36:33
財團法人台北市基督教台灣貴格會國光教會(社照C),BF0200144,BF,新北市,板橋區,新北市板橋區流芳里東門街30-2號4樓,121.4579620361,25.0084629059,C,巷弄長照站,新北市,板橋區,29694665,arb_101@hotmail.com,戴坤益,20240101.0,20241231.0,20240531 21:21:36
詮順居家長照有限公司附設臺北市私立詮順居家長照機構,1R0100024,1,臺北市,中山區,臺北市中山區力行里復興北路62號2樓之2,121.5427703857,25.0483798981,B,喘息服務,臺北市,松山區;信義區;大安區;中山區;中正區;大同區;萬華區;文山區;南港區;內湖區;士林區;北投區,02-2773-0398,welldone82941629@gmail.com,林倖如,20240402.0,20241231.0,20240403 09:23:32
詮順居家長照有限公司附設臺北市私立詮順居家長照機構,1R0100024,1,臺北市,中山區,臺北市中山區力行里復興北路62號2樓之2,121.5427703857,25.0483798981,B,居家服務,臺北市,松山區;信義區;大安區;中山區;中正區;大同區;萬華區;文山區;南港區;內湖區;士林區;北投區,02-2773-0398,welldone82941629@gmail.com,林倖如,20240101.0,20261231.0,20231229 10:24:30
詮順居家長照有限公司附設臺北市私立詮順居家長照機構,1R0100024,1,臺北市,中山區,臺北市中山區力行里復興北路62號2樓之2,121.5427703857,25.0483798981,B,喘息服務,臺北市,松山區;信義區;大安區;中山區;中正區;大同區;萬華區;文山區;南港區;內湖區;士林區;北投區,02-2773-0398,welldone82941629@gmail.com,林倖如,20250101.0,20261231.0,20241104 18:12:10
財團法人中華民國佛教慈濟慈善事業基金會新北市私立慈濟蘆洲綜合長照機構-林口靜思書軒(醫事C),1R0200023,1,新北市,林口區,新北市林口區西林里佳林路166號2樓,121.3835372925,25.0766563416,C,巷弄長照站,新北市,林口區,(02)2218-7770分機2224,sayyes103@gmail.com,釋證嚴,20200701.0,20201231.0,20210128 14:41:33
財團法人中華民國佛教慈濟慈善事業基金會新北市私立慈濟蘆洲綜合長照機構-林口靜思書軒(醫事C),1R0200023,1,新北市,林口區,新北市林口區西林里佳林路166號2樓,121.3835372925,25.0766563416,C,巷弄長照站,新北市,板橋區;永和區;鶯歌區;三峽區;淡水區;土城區;林口區,(02)2218-7770分機2224,sayyes103@gmail.com,釋證嚴,20210101.0,20211231.0,20210525 18:22:05
財團法人中華民國佛教慈濟慈善事業基金會新北市私立慈濟蘆洲綜合長照機構-三峽園區(醫事C),1R0200025,1,新北市,三峽區,新北市三峽區介壽里介壽路一段498號,121.3857727051,24.9321670532,C,巷弄長照站,新北市,板橋區;永和區;鶯歌區;三峽區;淡水區;土城區;林口區,(02)2218-7770分機2224,sayyes103@gmail.com,釋證嚴,20210101.0,20211231.0,20210525 18:22:05
財團法人中華民國佛教慈濟慈善事業基金會新北市私立慈濟蘆洲綜合長照機構-海山聯絡處(醫事C),1R0200026,1,新北市,土城區,新北市土城區大安里中央路三段42號5樓之1,121.4372940063,24.9679756165,C,巷弄長照站,新北市,板橋區;永和區;鶯歌區;三峽區;淡水區;土城區;林口區,(02)2218-7770分機2224,sayyes103@gmail.com,釋證嚴,20210101.0,20211231.0,20210525 18:22:05
社團法人台灣新希望社區關懷協會(三民站)(社照C),BG0200045,BG,新北市,蘆洲區,新北市蘆洲區保和里三民路96號,121.4730072021,25.0864601135,C,巷弄長照站,新北市,蘆洲區,828328580922295129,chadlu247@gmail.com,陳淑蕙,20220101.0,20221231.0,20220503 10:08:17
潤康長期照護有限公司附設新北市私立潤康居家長照機構,1V0200034,1,新北市,中和區,新北市中和區景平路431巷68號1樓,121.500617981,24.9956111908,B,專業照護服務,新北市,板橋區;三重區;中和區;永和區,0911-768-767,ringcrown1491@gmail.com,施凱鈞,20220101.0,20241231.0,20230621 16:47:13
潤康長期照護有限公司附設新北市私立潤康居家長照機構,1V0200034,1,新北市,中和區,新北市中和區景平路431巷68號1樓,121.500617981,24.9956111908,B,居家服務,臺北市,松山區;信義區;大安區;中山區;中正區;大同區;萬華區,0911-768-767,ringcrown1491@gmail.com,施凱鈞,20210518.0,20261231.0,20231229 16:55:08
潤康長期照護有限公司附設新北市私立潤康居家長照機構,1V0200034,1,新北市,中和區,新北市中和區景平路431巷68號1樓,121.500617981,24.9956111908,B,喘息服務,臺北市,松山區;信義區;大安區;中山區;中正區;大同區;萬華區;內湖區;士林區,0911-768-767,ringcrown1491@gmail.com,施凱鈞,20220101.0,20241231.0,20221230 19:25:09
潤康長期照護有限公司附設新北市私立潤康居家長照機構,1V0200034,1,新北市,中和區,新北市中和區景平路431巷68號1樓,121.500617981,24.9956111908,B,喘息服務,新北市,板橋區;三重區;中和區;永和區;新莊區,0911-768-767,ringcrown1491@gmail.com,施凱鈞,20250101.0,20271231.0,20241226 11:35:58
新北市板橋區勞工志工服務協會(板橋廣德站)(社照C),BF0200152,BF,新北市,板橋區,新北市板橋區廣德里重慶路245巷32弄18號,121.4646911621,25.0002155304,C,巷弄長照站,新北市,板橋區,0918063168,sunlai1241689@gmail.com,林治勳,20230101.0,20231231.0,20230630 14:56:43
中華民國長期照護推廣協會附設新北市私立不老社區長照機構,2N0200001,2,新北市,新莊區,新北市新莊區思源里中安街29號3樓,121.4525680542,25.0462150574,B,日間照顧服務,新北市,新莊區,0965388018,longtermcare.org@gmail.com,陳昱翔,20250101.0,20271231.0,20241226 11:31:17
萬眾居家護理所,B10200095,B1,新北市,三重區,新北市三重區福德南路41號7樓,121.5029067993,25.0620708466,B,專業照護服務,新北市,三重區;蘆洲區,02-28577722,wzhomecare@gmail.com,黃姿穎,20250101.0,20271231.0,20241219 14:45:10
台灣居護股份有限公司附設臺北市私立聯承居家長照機構,1R0100025,1,臺北市,大安區,臺北市大安區義村里忠孝東路3段136號11樓1102辦公室,121.5377883911,25.0415019989,B,居家服務,臺北市,松山區;信義區;大安區;中正區;文山區;南港區,82588088,thnbuurtzorg@gmail.com,汪秋蓉,20220101.0,20231231.0,20221221 17:33:37
鐵牛居家職能治療所,B50200011,B5,新北市,三峽區,新北市三峽區中山路127號11樓之5,121.3653564453,24.93592453,B,專業照護服務,新北市,板橋區;三重區;中和區;永和區;新莊區;新店區;樹林區;鶯歌區;三峽區;淡水區;汐止區;瑞芳區;土城區;蘆洲區;五股區;泰山區;林口區;深坑區;石碇區;坪林區;三芝區;八里區;雙溪區;金山區;萬里區;烏來區,0912465002,occupational728@gmail.com,姚柔羽,20250101.0,20271231.0,20241213 09:59:45
鐵牛居家職能治療所,B50200011,B5,新北市,三峽區,新北市三峽區中山路127號11樓之5,121.3653564453,24.93592453,B,專業照護服務(CC01),新北市,板橋區;三重區;中和區;永和區;新莊區;新店區;樹林區;鶯歌區;三峽區;淡水區;汐止區;瑞芳區;土城區;蘆洲區;五股區;泰山區;林口區;深坑區;石碇區;坪林區;三芝區;石門區;八里區;平溪區;雙溪區;貢寮區;金山區;萬里區;烏來區,0912465002,occupational728@gmail.com,姚柔羽,20210315.0,20231231.0,20230802 17:19:14
聯安診所(醫事C),B20200193,B2,新北市,新莊區,新北市新莊區忠孝里建中街116巷3弄2號,121.4456939697,25.0365409851,C,巷弄長照站,新北市,新莊區,(02)2998-6191,lin@usmg.com.tw,施錦泉,20210101.0,20211231.0,20210526 16:21:11
新北市私立樂福社區長照機構,2X0200011,2,新北市,鶯歌區,新北市鶯歌區西鶯里中山路142號2樓,121.3499526978,24.9571285248,B,喘息服務,新北市,鶯歌區;三峽區,2670-3636,deyi821@gmail.com,金婷,20250101.0,20271231.0,20241220 11:55:04
社團法人臺灣腦身心機能認知協會(社照C),BF0200148,BF,新北市,中和區,新北市中和區秀山里景平路64巷13弄18號,121.5216674805,24.9915027618,C,巷弄長照站,新北市,中和區,02-86685760,Tnca.service@gmail.com,陳怡璇,20220101.0,20221231.0,20220502 17:00:10
臺北市私立悠樂活居家長照機構,1X0100027,1,臺北市,大同區,臺北市大同區重慶北路一段67號3樓,121.5142974854,25.0664958954,B,居家服務,臺北市,松山區;信義區;大安區;中山區;中正區;大同區;萬華區;文山區;南港區;內湖區;士林區;北投區,02-77467520,care.nursing1027@yahoo.com,周至衡,20240101.0,20241231.0,20231229 10:16:53
臺北市私立悠樂活居家長照機構,1X0100027,1,臺北市,大同區,臺北市大同區重慶北路一段67號3樓,121.5142974854,25.0664958954,B,喘息服務,臺北市,松山區;信義區;大安區;中山區;中正區;大同區;萬華區;文山區;南港區;內湖區;士林區;北投區,02-77467520,care.nursing1027@yahoo.com,周至衡,20210127.0,20241231.0,20221229 22:07:16
臺北市私立悠樂活居家長照機構,1X0100027,1,臺北市,大同區,臺北市大同區重慶北路一段67號3樓,121.5142974854,25.0664958954,B,喘息服務,臺北市,松山區;信義區;大安區;中山區;中正區;大同區;萬華區;文山區;南港區;內湖區;士林區;北投區,02-77467520,care.nursing1027@yahoo.com,周至衡,20250101.0,20261231.0,20241122 13:38:49
新北市深坑區衛生所-深坑第一市民活動中心(醫事C),B20200195,B2,新北市,深坑區,新北市深坑區深坑里平埔街16號6樓,121.6154327393,25.0015945435,C,巷弄長照站,新北市,深坑區,02-26621567,aj8178@ntpc.gov.tw,林幸玟,20200701.0,20211231.0,20210527 11:12:48
新北市板橋大後埔文化關懷協進會(板橋重慶站)(社照C),BF0200146,BF,新北市,板橋區,新北市板橋區重慶里國慶路149巷3弄7號,121.4609375,24.9967765808,C,巷弄長照站,新北市,板橋區,0918063168,sunlai689@gmail.ocm, 王明發,20230101.0,20231231.0,20230630 14:40:20
小驢駒小客車租賃有限公司,BA0200020,BA,新北市,新莊區,新北市新莊區復興路三段196巷2弄9之3號,121.4617843628,25.0450134277,B,交通接送服務(DA01),高雄市,湖內區;茄萣區;永安區;彌陀區;梓官區;旗山區;美濃區;甲仙區;杉林區;內門區,0256521567,driveryeah3196@gmail.com,葉書含,20210101.0,20261231.0,20250102 11:36:09
新北市板橋區大浮洲發展協進會(板橋大安站)(社照C),BF0200151,BF,新北市,板橋區,新北市板橋區大安里大觀路二段7巷14號1樓,121.4475326538,25.0034179688,C,巷弄長照站,新北市,板橋區,0923618811,yusulan0987189148@gmail.com,林新添,20230101.0,20231231.0,20230630 14:55:25
小驢駒小客車租賃有限公司(臺北市),BA0100017,BA,臺北市,南港區,臺北市南港區南港路三段93號3樓,121.5877456665,25.0528583527,B,交通接送服務(DA01),臺北市,松山區;信義區;大安區;中山區;中正區;大同區;萬華區;文山區;南港區;內湖區;士林區;北投區,0910-918631,ss46005176@gmail.com,葉書含,20240101.0,20261231.0,20240327 09:57:47
善和居家長照有限公司附設新北市私立善和居家長照機構,1R0200028,1,新北市,板橋區,新北市板橋區雙十路二段176號4樓,121.4670028687,25.0216732025,B,居家服務,新北市,板橋區;三重區;中和區;永和區;新莊區;土城區,2255-6700,dr.loyuhuan@gmail.com,羅友桓,20250101.0,20271231.0,20250103 11:32:07
泉益居家有限公司附設臺北市私立泉益居家長照機構,1R0100028,1,臺北市,文山區,臺北市文山區保儀路38號1、2樓,121.568397522,24.9879226685,B,居家服務,新北市,板橋區;三重區;中和區;永和區;新莊區;新店區;土城區;蘆洲區;深坑區,02-86618880,chuanyi10910@gmail.com,詹弘毅,20250101.0,20271231.0,20241213 15:06:12
泉益居家有限公司附設臺北市私立泉益居家長照機構,1R0100028,1,臺北市,文山區,臺北市文山區保儀路38號1、2樓,121.568397522,24.9879226685,B,喘息服務,臺北市,松山區;信義區;大安區;中山區;中正區;大同區;萬華區;文山區;南港區;內湖區;士林區;北投區,02-86618880,chuanyi10910@gmail.com,詹弘毅,20250101.0,20261231.0,20241122 14:35:17
臺北市立奇岩長青住宿長照機構(委託社團法人中華民國士林靈糧堂社會褔利協會經營管理),4B0100001,4,臺北市,北投區,臺北市北投區奇岩里三合街一段119號2-3樓,121.5039291382,25.1265525818,B,日間照顧服務,臺北市,松山區;信義區;大安區;中山區;中正區;大同區;萬華區;文山區;南港區;內湖區;士林區;北投區,02-28921033,beitou@slsc.org.tw,劉群茂,20210115.0,20240115.0,20210118 12:34:49
善和居家長照有限公司附設新北市私立善和居家長照機構,1R0200028,1,新北市,板橋區,新北市板橋區雙十路二段176號4樓,121.4670028687,25.0216732025,B,喘息服務,新北市,板橋區;三重區;中和區;永和區;新莊區;土城區,2255-6700,dr.loyuhuan@gmail.com,羅友桓,20250101.0,20271231.0,20250103 11:32:58
泉益居家有限公司附設臺北市私立泉益居家長照機構,1R0100028,1,臺北市,文山區,臺北市文山區保儀路38號1、2樓,121.568397522,24.9879226685,B,居家服務,臺北市,松山區;信義區;大安區;中山區;中正區;大同區;萬華區;文山區;南港區;內湖區;士林區;北投區,02-86618880,chuanyi10910@gmail.com,詹弘毅,20240101.0,20261231.0,20231229 13:57:56
泉益居家有限公司附設臺北市私立泉益居家長照機構,1R0100028,1,臺北市,文山區,臺北市文山區保儀路38號1、2樓,121.568397522,24.9879226685,B,居家服務,臺北市,松山區;信義區;大安區;中山區;中正區;大同區;萬華區;文山區;南港區;內湖區;士林區;北投區,02-86618880,chuanyi10910@gmail.com,詹弘毅,20210125.0,20231231.0,20220104 19:07:39
泉益居家有限公司附設臺北市私立泉益居家長照機構,1R0100028,1,臺北市,文山區,臺北市文山區保儀路38號1、2樓,121.568397522,24.9879226685,B,喘息服務,臺北市,松山區;信義區;大安區;中山區;中正區;大同區;萬華區;文山區;南港區;內湖區;士林區;北投區,02-86618880,chuanyi10910@gmail.com,詹弘毅,20210226.0,20241231.0,20221229 22:14:27
泉益居家有限公司附設臺北市私立泉益居家長照機構,1R0100028,1,臺北市,文山區,臺北市文山區保儀路38號1、2樓,121.568397522,24.9879226685,B,喘息服務,新北市,板橋區;三重區;中和區;永和區;新莊區;新店區;土城區;蘆洲區;深坑區,02-86618880,chuanyi10910@gmail.com,詹弘毅,20250101.0,20271231.0,20241213 15:07:57
財團法人中華民國佛教慈濟慈善事業基金會新北市私立慈濟蘆洲綜合長照機構-新永和聯絡處(醫事C),1R0200022,1,新北市,永和區,新北市永和區中溪里中山路一段130號,121.510383606,25.0100650787,C,巷弄長照站,新北市,板橋區;永和區;鶯歌區;三峽區;淡水區;土城區;林口區,(02)2218-7770分機2224,sayyes103@gmail.com,釋證嚴,20210101.0,20211231.0,20210525 18:22:05
財團法人中華民國佛教慈濟慈善事業基金會新北市私立慈濟蘆洲綜合長照機構-鳳鳴共修處(醫事C),1R0200024,1,新北市,鶯歌區,新北市鶯歌區鳳鳴里永和街184號1樓,121.3363113403,24.9704551697,C,巷弄長照站,新北市,板橋區;永和區;鶯歌區;三峽區;淡水區;土城區;林口區,(02)2218-7770分機2224,sayyes103@gmail.com,釋證嚴,20210101.0,20211231.0,20210525 18:22:05
財團法人中華民國佛教慈濟慈善事業基金會新北市私立慈濟蘆洲綜合長照機構-鳳鳴共修處(醫事C),1R0200024,1,新北市,鶯歌區,新北市鶯歌區鳳鳴里永和街184號1樓,121.3363113403,24.9704551697,C,巷弄長照站,新北市,鶯歌區,(02)2218-7770分機2224,sayyes103@gmail.com,釋證嚴,20200701.0,20201231.0,20210128 14:42:46
五甘心物理治療所-樹林區(醫事C),B40200028,B4,新北市,樹林區,新北市樹林區潭底里保安街一段274號1樓,121.4195632935,24.9970836639,C,巷弄長照站,新北市,樹林區,02-85213385,wugunshing@gmail.com,廖泰翔,20190701.0,20211231.0,20210526 17:57:14
寶興護理之家-新店寶福據點(醫事C),A30200174,A3,新北市,新店區,新北市新店區寶福里寶興路39號1樓,121.5491333008,24.9742088318,B,喘息服務,新北市,新店區,02-29109980,bcnh2015@gmail.com,廖麗如,20250101.0,20271231.0,20250425 11:31:23
社團法人新北市博德書院文教公益推廣協會(崁頂站)(社照C),BF0200154,BF,新北市,淡水區,新北市淡水區崁頂里中山北路二段381巷128號1樓,121.4429244995,25.1859931946,C,巷弄長照站,新北市,淡水區,090514865702-26266198,bdclub128@gmail.com,林俊仁,20220101.0,20231231.0,20230628 15:33:21
財團法人台灣老人急重症基金會(社照C) ,BF0200162,BF,新北市,三芝區,新北市三芝區埔坪里中山路二段18號,121.5027542114,25.2556648254,C,巷弄長照站,新北市,三芝區,0920357246,cmp85910@gmail.com,蔡正河,20230101.0,20231231.0,20230626 15:37:10
(桃園特約)鐵牛居家職能治療所,B20200182,B2,新北市,三峽區,新北市三峽區中山路127號11樓之5,121.3653564453,24.93592453,B,專業照護服務,基隆市,中正區;七堵區;暖暖區;仁愛區;中山區;安樂區;信義區,0912465002,5201314168@yahoo.com.tw,姚柔羽,20241126.0,20270330.0,20250319 14:09:54
(桃園特約)鐵牛居家職能治療所,B20200182,B2,新北市,三峽區,新北市三峽區中山路127號11樓之5,121.3653564453,24.93592453,B,專業照護服務(CC01),基隆市,中正區;七堵區;暖暖區;仁愛區;中山區;安樂區;信義區,0912465002,5201314168@yahoo.com.tw,姚柔羽,20241126.0,20270330.0,20250319 14:21:07
財團法人中華民國佛教慈濟慈善事業基金會新北市私立慈濟蘆洲綜合長照機構-新永和聯絡處(醫事C),1R0200022,1,新北市,永和區,新北市永和區中溪里中山路一段130號,121.510383606,25.0100650787,C,巷弄長照站,新北市,永和區,(02)2218-7770分機2224,sayyes103@gmail.com,釋證嚴,20200701.0,20201231.0,20210127 17:40:46
社團法人中華民國紳士協會(社照C),BE0200063,BE,新北市,樹林區,新北市樹林區三福里福興街17號,121.4043426514,25.0166110992,C,巷弄長照站,新北市,樹林區,0939524141,jani@firstins.com.tw,簡文勇,20220101.0,20221231.0,20220503 10:35:05
好家人健康長期照護事業有限公司附設新北市私立延吉居家長照機構-土城廷寮據點(醫事C),1V0200036,1,新北市,土城區,新北市土城區廷寮里延吉街253巷20號1樓,121.4677734375,24.9840564728,C,巷弄長照站,新北市,土城區,2260-5685,Shan70226@gmail.com,吳家慧,20200601.0,20211231.0,20210526 17:54:26
好家人健康長期照護事業有限公司附設新北市私立延吉居家長照機構-土城廷寮據點(醫事C),1V0200036,1,新北市,土城區,新北市土城區廷寮里延吉街253巷20號1樓,121.4677734375,24.9840564728,B,喘息服務,新北市,土城區,2260-5685,Shan70226@gmail.com,吳家慧,20250101.0,20271231.0,20250425 14:15:16
臺北市私立家福居家長照機構,1X0100029,1,臺北市,信義區,臺北市信義區六合里松仁路252號1樓,121.5693054199,25.024438858,B,居家服務,臺北市,松山區;信義區;大安區;中山區;中正區;大同區;萬華區;文山區;南港區;內湖區;士林區;北投區,87861127,joyce910524@yahoo.com.tw,張嘉真,20210330.0,20211231.0,20210407 10:27:12
財團法人台灣省私立健順養護中心(新店柴埕公共托老中心)(社照C),BF0200155,BF,新北市,新店區,新北市新店區柴埕里安民街79號5樓,121.5165710449,24.9673786163,C,巷弄長照站,新北市,新店區,02-22121753,chiche22121753@gmail.com,黃禎祥,20220101.0,20221231.0,20220503 10:31:08
新北市三芝區樂天社區發展協會(社照C),BF0200160,BF,新北市,三芝區,新北市三芝區興華里楓子林47-1號,121.5017776489,25.2066745758,C,巷弄長照站,新北市,三芝區,26371314,a0933088534@yahoo.com.tw,杜國偵,20220101.0,20231231.0,20230628 15:42:46
(桃園特約)鐵牛居家職能治療所,B20200182,B2,新北市,三峽區,新北市三峽區中山路127號11樓之5,121.3653564453,24.93592453,B,專業照護服務,桃園市,桃園區;中壢區;大溪區;楊梅區;蘆竹區;大園區;龜山區;八德區;龍潭區;平鎮區;新屋區;觀音區;復興區,0912465002,5201314168@yahoo.com.tw,姚柔羽,20231229.0,20251231.0,20231229 11:02:49
(桃園特約)鐵牛居家職能治療所,B20200182,B2,新北市,三峽區,新北市三峽區中山路127號11樓之5,121.3653564453,24.93592453,B,專業照護服務(CC01),桃園市,桃園區;中壢區;大溪區;楊梅區;蘆竹區;大園區;龜山區;八德區;龍潭區;平鎮區;新屋區;觀音區;復興區,0912465002,5201314168@yahoo.com.tw,姚柔羽,20230203.0,20241231.0,20230802 17:19:14
黃志勳診所,B20200198,B2,新北市,五股區,新北市五股區成泰路二段69號1樓,121.4379577637,25.0837211609,B,居家失能個案家庭醫師照護服務,新北市,五股區,02-22910978,hwang100@ms2.hinet.net,黃志勳,20250101.0,20271231.0,20241227 14:03:17
恩耆股份有限公司附設新北市私立惠澤居家長照機構,1R0200014,1,新北市,板橋區,新北市板橋區新興里南雅南路一段3巷4號2樓,121.4563217163,25.0062465668,B,專業照護服務,新北市,板橋區;中和區,(02)2272-0885,huize.hc@gmail.com,蕭乃彰,20220101.0,20241231.0,20220302 10:46:21
新北市私立文昌居家長照機構,1X0200068,1,新北市,樹林區,新北市樹林區中山路一段186-1號3樓,121.4215011597,24.9886207581,B,喘息服務,新北市,板橋區;新莊區;樹林區,02-2685-2328,2020wenchang@gmail.com,游沛蓁,20250101.0,20271231.0,20241224 16:00:06
衛生福利部臺北醫院附設居家護理所,B10200098,B1,新北市,新莊區,新北市新莊區長青街6號2樓,121.4596252441,25.0432395935,B,專業照護服務,新北市,新莊區;五股區;泰山區,02-22765566,nurse22008@tph.mohw.gov.tw,何美椒,20220101.0,20241231.0,20220328 16:55:18
品安診所,B20200197,B2,新北市,板橋區,新北市板橋區忠孝路96號1樓,121.4618225098,25.0020141602,B,居家失能個案家庭醫師照護服務,新北市,板橋區,02-29610618,fivemouth@gmail.com,呂品,20250101.0,20271231.0,20250110 16:51:48
(桃園特約)鐵牛居家職能治療所,B20200182,B2,新北市,三峽區,新北市三峽區中山路127號11樓之5,121.3653564453,24.93592453,B,專業照護服務(CC01),桃園市,桃園區;中壢區;大溪區;楊梅區;蘆竹區;大園區;龜山區;八德區;龍潭區;平鎮區;新屋區;觀音區;復興區,0912465002,5201314168@yahoo.com.tw,姚柔羽,20231229.0,20251231.0,20240306 16:20:19
行天宮醫療志業醫療財團法人附設恩主公居家護理所,B10200091,B1,新北市,三峽區,新北市三峽區復興路367巷4號1~2樓,121.3633346558,24.9382572174,B,專業照護服務,新北市,樹林區;鶯歌區;三峽區,02-26723456#8714,11038@km.eck.org.tw,陳秀玲,20220101.0,20241231.0,20220315 13:42:55
社團法人中華民國新希望關懷協會(社照C),BE0200059,BE,新北市,林口區,新北市林口區湖南里文林六街62巷11號1樓,121.3717727661,25.08177948,C,巷弄長照站,新北市,林口區,02-26099990,elaine945@gmail.com,楊鑫,20220101.0,20221231.0,20220503 09:06:51
新北市土城區頂欣社區發展協會(社照C),BF0200143,BF,新北市,土城區,新北市土城區頂新里中央路四段283-1號1樓,121.4118347168,24.95271492,C,巷弄長照站,新北市,土城區,0930335838,winnie27919@gmail.com,許元皇,20220101.0,20221231.0,20220502 16:38:25
康捷居家長照有限公司附設臺北市私立康捷居家式服務類長期照顧服務機構,1V0100025,1,臺北市,大同區,臺北市大同區民權西路225巷6號1樓,121.5100250244,25.0688285828,B,居家服務,臺北市,松山區;信義區;大安區;中山區;中正區;大同區;萬華區;文山區;南港區;內湖區;士林區;北投區,0225995980,kangchieh20200909@gmail.com,黃明聖,20240101.0,20261231.0,20231229 10:08:04
康捷居家長照有限公司附設臺北市私立康捷居家式服務類長期照顧服務機構,1V0100025,1,臺北市,大同區,臺北市大同區民權西路225巷6號1樓,121.5100250244,25.0688285828,B,喘息服務,臺北市,松山區;信義區;大安區;中山區;中正區;大同區;萬華區;文山區;南港區;內湖區;士林區;北投區,0225995980,kangchieh20200909@gmail.com,黃明聖,20201126.0,20241231.0,20230202 13:59:50
台北市梘尾關懷互助協會,BF0100179,BF,臺北市,文山區,臺北市文山區景慶里萬慶街6號,121.5402526855,24.9923248291,B,喘息服務,臺北市,文山區,02-89351788,older.hearing@msa.hinet.net,蔡淵輝,20250101.0,20261231.0,20241105 19:15:10
新北市私立大心居家長照機構,1X0200069,1,新北市,樹林區,新北市樹林區南園里大義路238號1樓,121.3777923584,24.9460945129,A,個案管理服務,新北市,樹林區;三峽區;土城區,2680-8878,dasin.homecare@gmail.com,簡秀娟,20250101.0,20250630.0,20241231 16:28:58
新北市私立禾康居家長照機構,1X0200070,1,新北市,板橋區,新北市板橋區重慶路345號2樓,121.4641494751,24.9980621338,B,居家服務,新北市,板橋區;中和區;樹林區;三峽區;土城區,0922358844,hekangservice@gmail.com,黃少堂,20250101.0,20271231.0,20241205 11:21:16
和鄰長照股份有限公司附設新北市私立和鄰居家長照機構,1V0200027,1,新北市,鶯歌區,新北市鶯歌區國慶街172號2樓,121.353843689,24.9532337189,B,專業照護服務,新北市,新店區;樹林區;鶯歌區;三峽區;土城區,7709-1222,honear2018@gmail.com,邱青萸,20220101.0,20241231.0,20220406 13:58:18
和鄰長照股份有限公司附設新北市私立和鄰居家長照機構,1V0200027,1,新北市,鶯歌區,新北市鶯歌區國慶街172號2樓,121.353843689,24.9532337189,B,喘息服務,新北市,新店區;樹林區;鶯歌區;三峽區;土城區,7709-1222,honear2018@gmail.com,邱青萸,20250101.0,20271231.0,20241225 15:12:31
大允有限公司附設新北市私立大允居家長照機構,1V0200028,1,新北市,板橋區,新北市板橋區民族路276巷1弄13號1、2樓,121.4701766968,25.0065021515,B,喘息服務,新北市,板橋區;三重區;中和區;永和區;新莊區;樹林區;土城區,02-2273-6070,dayunlc2020@gmail.com,蔡培禎,20250101.0,20271231.0,20241220 10:30:29
圓石實業股份有限公司附設臺北市私立內湖圓石社區長照機構,2V0100001,2,臺北市,內湖區,臺北市內湖區民權東路6段180巷6號8樓,121.5926513672,25.068195343,B,日間照顧服務,臺北市,松山區;信義區;大安區;中山區;中正區;大同區;萬華區;文山區;南港區;內湖區;士林區;北投區,02-2790-2090,contact@roundstone.com.tw,侯克瀛,20240101.0,20261231.0,20240102 11:08:40
圓石實業股份有限公司附設臺北市私立內湖圓石社區長照機構,2V0100001,2,臺北市,內湖區,臺北市內湖區民權東路6段180巷6號8樓,121.5926513672,25.068195343,B,喘息服務,臺北市,松山區;信義區;大安區;中山區;中正區;大同區;萬華區;文山區;南港區;內湖區;士林區;北投區,02-2790-2090,contact@roundstone.com.tw,侯克瀛,20250101.0,20261231.0,20250204 15:19:20
台灣居護股份有限公司附設臺北市私立聯承居家長照機構,1R0100025,1,臺北市,大安區,臺北市大安區義村里忠孝東路3段136號11樓1102辦公室,121.5377883911,25.0415019989,B,喘息服務,臺北市,大安區;中正區;文山區,82588088,thnbuurtzorg@gmail.com,汪秋蓉,20210223.0,20241231.0,20230202 16:35:32
衛生福利部臺北醫院附設居家護理所,B10200098,B1,新北市,新莊區,新北市新莊區長青街6號2樓,121.4596252441,25.0432395935,B,專業照護服務,新北市,新莊區;五股區;泰山區,02-22765566,nurse22008@tph.mohw.gov.tw,何美椒,20250101.0,20271231.0,20250204 13:44:03
社團法人中華仁親社區關懷協會(社照C),BF0200174,BF,新北市,淡水區,新北市淡水區水碓里北新路2-1號2樓,121.4443435669,25.1776828766,C,巷弄長照站,新北市,淡水區,02-2626-9667,j77tan@yahoo.com.tw,陳瓊芳,20220101.0,20231231.0,20230628 15:29:43
財團法人老五老基金會新北市石碇楓子林公共托老中心(社照C),BD0200063,BD,新北市,石碇區,新北市石碇區楓子林32-1號3樓,121.6423110962,25.0101356506,C,巷弄長照站,新北市,石碇區,(02)26632885,tp@ofo.org.tw,林正介,20220101.0,20221231.0,20220503 08:18:07
財團法人中華民國佛教慈濟慈善事業基金會新北市私立慈濟蘆洲綜合長照機構-海山聯絡處(醫事C),1R0200026,1,新北市,土城區,新北市土城區大安里中央路三段42號5樓之1,121.4372940063,24.9679756165,C,巷弄長照站,新北市,土城區,(02)2218-7770分機2224,sayyes103@gmail.com,釋證嚴,20200731.0,20201231.0,20210128 14:47:54
康捷居家長照有限公司附設臺北市私立康捷居家式服務類長期照顧服務機構,1V0100025,1,臺北市,大同區,臺北市大同區民權西路225巷6號1樓,121.5100250244,25.0688285828,B,居家服務,臺北市,松山區;信義區;大安區;中山區;中正區;大同區;萬華區;文山區;南港區;內湖區;士林區;北投區,0225995980,kangchieh20200909@gmail.com,黃明聖,20200928.0,20231231.0,20220104 18:23:33
康捷居家長照有限公司附設臺北市私立康捷居家式服務類長期照顧服務機構,1V0100025,1,臺北市,大同區,臺北市大同區民權西路225巷6號1樓,121.5100250244,25.0688285828,B,喘息服務,臺北市,松山區;信義區;大安區;中山區;中正區;大同區;萬華區;文山區;南港區;內湖區;士林區;北投區,0225995980,kangchieh20200909@gmail.com,黃明聖,20250101.0,20261231.0,20241119 16:24:54
和鄰長照股份有限公司附設新北市私立和鄰居家長照機構,1V0200027,1,新北市,鶯歌區,新北市鶯歌區國慶街172號2樓,121.353843689,24.9532337189,A,個案管理服務,新北市,新店區;樹林區;鶯歌區;三峽區;土城區,7709-1222,honear2018@gmail.com,邱青萸,20250101.0,20250630.0,20241231 16:10:03
和鄰長照股份有限公司附設新北市私立和鄰居家長照機構,1V0200027,1,新北市,鶯歌區,新北市鶯歌區國慶街172號2樓,121.353843689,24.9532337189,B,專業照護服務,新北市,新店區;樹林區;鶯歌區;三峽區;土城區,7709-1222,honear2018@gmail.com,邱青萸,20250101.0,20271231.0,20241225 15:12:57
圓石實業股份有限公司附設臺北市私立內湖圓石社區長照機構,2V0100001,2,臺北市,內湖區,臺北市內湖區民權東路6段180巷6號8樓,121.5926513672,25.068195343,B,日間照顧服務,臺北市,松山區;信義區;大安區;中山區;中正區;大同區;萬華區;文山區;南港區;內湖區;士林區;北投區,02-2790-2090,contact@roundstone.com.tw,侯克瀛,20211101.0,20231231.0,20220207 14:43:48
新北市深坑區衛生所-深坑第一市民活動中心(醫事C),B20200195,B2,新北市,深坑區,新北市深坑區深坑里平埔街16號6樓,121.6154327393,25.0015945435,C,巷弄長照站,新北市,深坑區,02-26621567,aj8178@ntpc.gov.tw,林幸玟,20200801.0,20201231.0,20210127 17:24:27
新北市蘆洲區信義里辦公處(社照C),BG0200042,BG,新北市,蘆洲區,新北市蘆洲區信義里民族路167巷10號,121.4784622192,25.0883483887,C,巷弄長照站,新北市,蘆洲區,0926-888136,AJ9449@ntpc.gov.tw,郭騰芳,20220101.0,20221231.0,20220503 10:07:59
財團法人私立廣恩老人養護中心附設新北市私立土城頂埔社區長照機構,2S0200030,2,新北市,土城區,新北市土城區中央路四段271巷12號,121.4147644043,24.9538173676,B,日間照顧服務,新北市,板橋區;中和區;新店區;樹林區;三峽區;土城區,02-22695333,gndc_tc@guannenn.org.tw,林偉峰,20250101.0,20271231.0,20241227 15:05:16
圓石實業股份有限公司附設臺北市私立內湖圓石社區長照機構,2V0100001,2,臺北市,內湖區,臺北市內湖區民權東路6段180巷6號8樓,121.5926513672,25.068195343,B,喘息服務,臺北市,松山區;信義區;大安區;中山區;中正區;大同區;萬華區;文山區;南港區;內湖區;士林區;北投區,02-2790-2090,contact@roundstone.com.tw,侯克瀛,20211022.0,20241231.0,20221229 23:00:09
衛生福利部臺北醫院附設新莊悅心社區長照機構(醫事C),2A0200002,2,新北市,新莊區,新北市新莊區思賢里長青街6號1樓,121.4576416016,25.042339325,C,巷弄長照站,新北市,新莊區,(02)2276-1136轉5200,sec33342@tph.mohw.gov.tw,鄭舜平,20210101.0,20211231.0,20210526 16:26:51
新北市蘆洲區仁義里辦公處(社照C),BG0200040,BG,新北市,蘆洲區,新北市蘆洲區仁義里集賢路245號7樓,121.4816665649,25.0846862793,C,巷弄長照站,新北市,蘆洲區,2289-1048,AJ9449@ntpc.gov.tw,何益銘,20220101.0,20221231.0,20220503 10:07:37
財團法人新北市自強基督教板橋浸禮聖經會(社照C),BD0200061,BD,新北市,板橋區,新北市板橋區自強里大智街13號,121.4557418823,25.0148181915,C,巷弄長照站,新北市,板橋區,29654997,dcbbc1966@gmail.com,羅中明,20240101.0,20241231.0,20240531 21:11:02
財團法人私立廣恩老人養護中心附設新北市私立土城頂埔社區長照機構,2S0200030,2,新北市,土城區,新北市土城區中央路四段271巷12號,121.4147644043,24.9538173676,B,喘息服務,新北市,板橋區;中和區;新店區;樹林區;三峽區;土城區,02-22695333,gndc_tc@guannenn.org.tw,林偉峰,20250101.0,20271231.0,20241227 15:05:52
圓石實業股份有限公司附設臺北市私立內湖圓石社區長照機構,2V0100001,2,臺北市,內湖區,臺北市內湖區民權東路6段180巷6號8樓,121.5926513672,25.068195343,B,日間照顧服務,新北市,汐止區,02-2790-2090,contact@roundstone.com.tw,侯克瀛,20250101.0,20271231.0,20241219 14:26:08
圓石實業股份有限公司附設臺北市私立內湖圓石社區長照機構,2V0100001,2,臺北市,內湖區,臺北市內湖區民權東路6段180巷6號8樓,121.5926513672,25.068195343,B,喘息服務,新北市,汐止區,02-2790-2090,contact@roundstone.com.tw,侯克瀛,20250101.0,20271231.0,20241219 14:26:30
(新北)祝三實業股份有限公司,BA0200014,BA,新北市,板橋區,新北市板橋區遠東路1號5樓B室,121.4575424194,24.9988594055,B,交通接送服務,新北市,板橋區;中和區;永和區;樹林區;土城區,02-2953-5583#6675,junyan.chen@trihce.com,蕭中正,20250101.0,20271231.0,20241224 10:13:03
(新北)社團法人臺灣58金融仕家協會,BE0100071,BE,臺北市,萬華區,臺北市萬華區西昌街171之2號1、2樓,121.5007019043,25.0389194489,B,營養餐飲服務,新北市,金山區;萬里區,(02)2311-2758,t58@t58fa.org,林仁豐,20220101.0,20241231.0,20220819 14:47:24
社團法人台灣微光行動協會,BE0200060,BE,新北市,新店區,新北市新店區文化路80巷11號1樓,121.5448303223,24.9814319611,B,交通接送服務(DA01),新北市,板橋區;中和區;永和區;新店區;樹林區;鶯歌區;三峽區;土城區;深坑區;石碇區;烏來區,(02)2912-7989,terryliu@bethelight.org.tw,李嘉峰,20250101.0,20271231.0,20250109 15:56:04
社團法人台灣微光行動協會,BE0200060,BE,新北市,新店區,新北市新店區文化路80巷11號1樓,121.5448303223,24.9814319611,B,社區式交通接送服務(BD03),新北市,板橋區;中和區;永和區;新店區;樹林區;鶯歌區;三峽區;土城區;深坑區;石碇區;烏來區,(02)2912-7989,terryliu@bethelight.org.tw,李嘉峰,20250101.0,20271231.0,20250109 15:56:38
陽光藥師藥局,B30200027,B3,新北市,三重區,新北市三重區三和路二段182號1樓,121.4987258911,25.0688610077,B,專業照護服務,新北市,三重區;蘆洲區,02-29788120,b90403027@yahoo.com.tw,陳伯瑋,20220101.0,20241231.0,20220401 11:06:50
新北市私立樂福社區長照機構,2X0200011,2,新北市,鶯歌區,新北市鶯歌區西鶯里中山路142號2樓,121.3499526978,24.9571285248,B,日間照顧服務,新北市,鶯歌區;三峽區,2670-3636,deyi821@gmail.com,金婷,20250101.0,20271231.0,20241220 11:54:36
財團法人佳醫健康基金會附設臺北市私立佳醫居家長照機構,1S0100012,1,臺北市,松山區,臺北市松山區南京東路五段8-10號503室,121.5583496094,25.0513381958,B,居家服務,臺北市,松山區;信義區;大安區;中山區;中正區;大同區;萬華區;文山區;南港區;內湖區;士林區;北投區,02-25280502,j.medical.taipei@gmail.com,蘇秀鑾,20201215.0,20231231.0,20211230 14:50:46
財團法人佳醫健康基金會附設臺北市私立佳醫居家長照機構,1S0100012,1,臺北市,松山區,臺北市松山區南京東路五段8-10號503室,121.5583496094,25.0513381958,B,喘息服務,臺北市,松山區;信義區;大安區;中山區;中正區;大同區;萬華區;文山區;南港區;內湖區;士林區;北投區,02-25280502,j.medical.taipei@gmail.com,蘇秀鑾,20210208.0,20241231.0,20221229 20:55:06
有限責任新北市溫馨照顧服務勞動合作社附設新北市私立達漾好居家長照機構,1R0200017,1,新北市,中和區,新北市中和區景新街347號9樓之8,121.537109375,24.9628067017,B,居家服務,新北市,中和區;永和區;新店區;烏來區,26618120,yestaiyan@yahoo.com,蔡培文,20250101.0,20271231.0,20241225 15:39:35
有限責任新北市溫馨照顧服務勞動合作社附設新北市私立達漾好居家長照機構,1R0200017,1,新北市,中和區,新北市中和區景新街347號9樓之8,121.537109375,24.9628067017,B,喘息服務,新北市,中和區;永和區;新店區;烏來區,26618120,yestaiyan@yahoo.com,蔡培文,20250101.0,20271231.0,20241225 15:40:20
新北市私立昕悅居家長照機構,1X0200072,1,新北市,新莊區,新北市新莊區中正路新建巷41號1樓,121.4146499634,25.0208969116,B,喘息服務,新北市,新莊區;樹林區;泰山區;林口區,2902-5885,sister201999@yahoo.com,黃郁珊,20250101.0,20271231.0,20241220 16:53:50
小驢駒小客車租賃有限公司(屏東縣),BA0200018,BA,新北市,新莊區,新北市新莊區復興路2段196巷2弄9之3號,121.4589614868,25.0440979004,B,交通接送服務,屏東縣,屏東市;長治鄉;麟洛鄉;九如鄉;里港鄉;鹽埔鄉;高樹鄉;內埔鄉;三地門鄉;霧臺鄉;瑪家鄉;泰武鄉;來義鄉,0910-918631,ss46005176@gmail.com,葉書含,20210101.0,20231231.0,20211229 23:23:28
財團法人佳醫健康基金會附設臺北市私立佳醫居家長照機構,1S0100012,1,臺北市,松山區,臺北市松山區南京東路五段8-10號503室,121.5583496094,25.0513381958,B,居家服務,臺北市,松山區;信義區;大安區;中山區;中正區;大同區;萬華區;文山區;南港區;內湖區;士林區;北投區,02-25280502,j.medical.taipei@gmail.com,蘇秀鑾,20240101.0,20261231.0,20231229 12:01:02
財團法人佳醫健康基金會附設臺北市私立佳醫居家長照機構,1S0100012,1,臺北市,松山區,臺北市松山區南京東路五段8-10號503室,121.5583496094,25.0513381958,B,喘息服務,臺北市,松山區;信義區;大安區;中山區;中正區;大同區;萬華區;文山區;南港區;內湖區;士林區;北投區,02-25280502,j.medical.taipei@gmail.com,蘇秀鑾,20250101.0,20261231.0,20241119 17:39:44
中化銀髮事業股份有限公司附設新北市私立中化銀髮居家長照機構,1V0200032,1,新北市,中和區,新北市中和區安平路89-1號1、2樓,121.5107803345,24.9965553284,B,喘息服務,新北市,板橋區;三重區;中和區;永和區;新莊區;新店區;樹林區;土城區,02-8668-0026,didi0522@ccpc.com.tw,王謝怡貞,20250101.0,20271231.0,20241220 10:27:18
(臺北市政府交通接送)接受派案帳號,BA0100015,BA,臺北市,信義區,臺北市信義區市府路1號北區2樓,121.5637817383,25.0375232697,B,交通接送服務(DA01),臺北市,松山區;信義區;大安區;中山區;中正區;大同區;萬華區;文山區;南港區;內湖區;士林區;北投區,27208889轉1670,AHAA_41775@mail.taipei.gov.tw,社會局,20240101.0,20261231.0,20240327 15:02:14
新北市中和區明德里辦公處(社照C),BG0200039,BG,新北市,中和區,新北市中和區明德里民德路311號2樓,121.4673461914,24.9947834015,C,巷弄長照站,新北市,中和區,0978659149,iversonhch@gmail.com,侯鈞翰,20220101.0,20221231.0,20220502 16:59:49
昀心居家物理治療所,B40200023,B4,新北市,中和區,新北市中和區中正路65巷2弄8號2樓,121.5009918213,24.9931411743,B,專業照護服務(CC01),新北市,板橋區;三重區;中和區;永和區;新莊區;新店區;樹林區;鶯歌區;三峽區;淡水區;汐止區;瑞芳區;土城區;蘆洲區;五股區;泰山區;林口區;深坑區;石碇區;坪林區;三芝區;石門區;八里區;平溪區;雙溪區;貢寮區;金山區;萬里區;烏來區,02-22476968,yunsing62@gmail.com,曾筠惠,20220101.0,20241231.0,20230802 17:19:14
昀心居家物理治療所,B40200023,B4,新北市,中和區,新北市中和區中正路65巷2弄8號2樓,121.5009918213,24.9931411743,B,專業照護服務,新北市,中和區;永和區,02-22476968,yunsing62@gmail.com,曾筠惠,20220101.0,20241231.0,20220207 10:41:03
新北市瑞芳區衛生所附設物理治療所,B40200025,B4,新北市,瑞芳區,新北市瑞芳區明燈路二段46號,121.8097610474,25.108127594,B,專業照護服務,新北市,瑞芳區,02-2496-9156,AH3938@ntpc.gov.tw,林宜欣,20220101.0,20241231.0,20220325 12:00:30
(新北)神同行小客車租賃有限公司,BA0100018,BA,臺北市,松山區,臺北市松山區八德路二段386號12樓之7,121.5877456665,25.0528583527,B,交通接送服務,新北市,淡水區;三芝區;石門區;金山區;萬里區,02-2652-1567,ss46005176@gmail.com,紀春梅,20250101.0,20271231.0,20241224 09:14:06
財團法人中華民國佛教慈濟慈善事業基金會新北市私立慈濟蘆洲綜合長照機構-淡水共修處(醫事C),1R0200027,1,新北市,淡水區,新北市淡水區埤島里2鄰中山北路三段102號,121.4444046021,25.1910018921,C,巷弄長照站,新北市,淡水區,02)2218-7770分機2224,ltc000232@tzuchi.org.tw,釋證嚴,20200731.0,20201231.0,20210128 14:48:20
新北市私立秝豐居家長照機構,1X0200076,1,新北市,板橋區,新北市板橋區溪崑二街73巷11號1樓,121.4285430908,24.9898433685,B,喘息服務,新北市,板橋區;新莊區;樹林區;三峽區;土城區,26822616,lifengservice@gmail.com,湯睿峰,20250101.0,20271231.0,20241213 09:48:35
志安診所,B20200190,B2,新北市,新莊區,新北市新莊區幸福路521號,121.4556503296,25.0492801666,B,居家失能個案家庭醫師照護服務,新北市,新莊區;五股區,02-89941217,doctorleong2000@yahoo.com.tw,梁國進,20250101.0,20271231.0,20250113 15:16:56
財團法人中華民國佛教慈濟慈善事業基金會新北市私立慈濟蘆洲綜合長照機構-舊永和聯絡處(醫事C),1R0200021,1,新北市,永和區,新北市永和區正興里4鄰永和路二段92巷1號4樓,121.5154571533,25.0116386414,C,巷弄長照站,新北市,永和區,(02)2218-7770分機2224,tzuchi198@gmail.com,釋證嚴,20200701.0,20201231.0,20210127 17:39:48
財團法人中華民國佛教慈濟慈善事業基金會新北市私立慈濟蘆洲綜合長照機構-舊永和聯絡處(醫事C),1R0200021,1,新北市,永和區,新北市永和區正興里4鄰永和路二段92巷1號4樓,121.5154571533,25.0116386414,B,喘息服務,新北市,永和區,(02)2218-7770分機2224,tzuchi198@gmail.com,釋證嚴,20250101.0,20271231.0,20250425 15:13:05
金大心股份有限公司附設新北市私立金大心居家長照機構-新莊西盛據點(醫事C),1V0200035,1,新北市,新莊區,新北市新莊區西盛里新樹路515之36號1樓,121.4328308105,25.0109882355,B,喘息服務,新北市,新莊區,0988190973,jindaxin520@gmail.com,吳秉珊,20250101.0,20271231.0,20250425 14:24:12
新北市私立常春藤居家長照機構-汐止湖興據點(醫事C),1X0200081,1,新北市,汐止區,新北市汐止區湖興里伯爵街54巷6號B1樓,121.6386032104,25.0807094574,B,喘息服務,新北市,汐止區,2642-1938,ivycareee@gmail.com,俞美娟,20250101.0,20271231.0,20250425 14:36:39
社團法人新北市博德書院文教公益推廣協會(學府站)(社照C),BF0200153,BF,新北市,淡水區,新北市淡水區學府里水源街1段143巷2號1樓,121.4472579956,25.1721458435,C,巷弄長照站,新北市,淡水區,090514865702-26266198,bdclub128@gmail.com,林俊仁,20220101.0,20231231.0,20230628 15:35:05
新北市蘆洲區永安里辦公處(社照C),BG0200041,BG,新北市,蘆洲區,新北市蘆洲區永安里永安南路二段16巷9號1樓,121.4677200317,25.0775108337,C,巷弄長照站,新北市,蘆洲區,02-2289-1048、0963-978335,AJ9449@ntpc.gov.tw,李建興,20220101.0,20221231.0,20220503 10:07:16
社團法人台灣多元社會福利協會(中和秀士站)(社照C),BE0200064,BE,新北市,中和區,新北市中和區秀士里景平路151巷59之1號1樓,121.5150375366,24.9900817871,C,巷弄長照站,新北市,中和區,29821099,kckc1104@hotmail.com,林政緯,20220101.0,20221231.0,20220502 16:58:55
新北市新莊區衛生所,B20200194,B2,新北市,新莊區,新北市新莊區中華路一段2號,121.4522476196,25.0364074707,B,居家失能個案家庭醫師照護服務,新北市,新莊區,02-29967123,AS0737@ntpc.gov.tw,洪孜幸,20250101.0,20271231.0,20250110 15:06:17
寶興護理之家-新店寶福據點(醫事C),A30200174,A3,新北市,新店區,新北市新店區寶福里寶興路39號1樓,121.5491333008,24.9742088318,C,巷弄長照站,新北市,新店區,02-29109980,bcnh2015@gmail.com,廖麗如,20200901.0,20211231.0,20210526 18:46:36
社團法人台灣多元社會福利協會(淡水民權站)(社照C),BF0200156,BF,新北市,淡水區,新北市淡水區民權里民權路177巷10號,121.4603271484,25.1350898743,C,巷弄長照站,新北市,淡水區,02-28085539,zwhande@gmail.com,林政緯,20220101.0,20231231.0,20230628 15:32:48
新北市板橋區三民社區展協會(社照C),BF0200158,BF,新北市,板橋區,新北市板橋區東丘里新北市板橋區民生路1段30-1號,121.4768218994,25.0136604309,C,巷弄長照站,新北市,板橋區,2956-1159,a29561159@yahoo.com.tw,林素杏,20220101.0,20221231.0,20220503 08:23:10
新北市大社后愛心關懷協會(板橋民權站)(社照C),BF0200163,BF,新北市,板橋區,新北市板橋區民權里民權路202巷9弄39號1樓,121.459312439,25.0156364441,C,巷弄長照站,新北市,板橋區,29589299,091286876liu@gmail.com,陳信宏,20230101.0,20231231.0,20230630 14:54:41
新北市中和區壽德里辦公處(社照C),BG0200043,BG,新北市,中和區,新北市中和區壽德里華順街138號,121.4646759033,24.9960746765,C,巷弄長照站,新北市,中和區,29647071,W3382328@ms52.hinet.net,張宗正,20220101.0,20221231.0,20220502 17:00:32
臺北市政府社會局委託社團法人中華民國士林靈糧堂社會福利協會經營管理臺北市奇岩樂活社區長照機構,2R0100005,2,臺北市,北投區,臺北市北投區三合街1段119號4、5樓,121.5039291382,25.1265525818,B,日間照顧服務,臺北市,松山區;信義區;大安區;中山區;中正區;大同區;萬華區;文山區;南港區;內湖區;士林區;北投區,28921033,beitou@slsc.org.tw,劉群茂,20240116.0,20261231.0,20240102 10:52:06
財團法人中華民國佛教慈濟慈善事業基金會新北市私立慈濟蘆洲綜合長照機構-舊永和聯絡處(醫事C),1R0200021,1,新北市,永和區,新北市永和區正興里4鄰永和路二段92巷1號4樓,121.5154571533,25.0116386414,C,巷弄長照站,新北市,板橋區;永和區;鶯歌區;三峽區;淡水區;土城區;林口區,(02)2218-7770分機2224,tzuchi198@gmail.com,釋證嚴,20210101.0,20211231.0,20210525 18:22:05
自己人居家物理治療所,B40200027,B4,新北市,鶯歌區,新北市鶯歌區南鶯里育才街90號1樓,121.3473510742,24.9547290802,C,巷弄長照站,新北市,鶯歌區,(02)2678-1289,ben06066@gmail.com,陳星叡,20200601.0,20211231.0,20210526 17:25:45
財團法人中華民國佛教慈濟慈善事業基金會新北市私立慈濟蘆洲綜合長照機構-淡水共修處(醫事C),1R0200027,1,新北市,淡水區,新北市淡水區埤島里2鄰中山北路三段102號,121.4444046021,25.1910018921,C,巷弄長照站,新北市,板橋區;永和區;鶯歌區;三峽區;淡水區;土城區;林口區,02)2218-7770分機2224,ltc000232@tzuchi.org.tw,釋證嚴,20210101.0,20211231.0,20210525 18:22:05
財團法人新北市中華基督教青潭浸信會(社照C),BF0200170,BF,新北市,新店區,新北市新店區美潭里北宜路二段267巷2號1樓,121.5546188354,24.9538784027,C,巷弄長照站,新北市,新店區,02-22173724,nlp41978@gmail.com,林佩柔,20220101.0,20221231.0,20220503 10:31:28
金永國際租賃有限公司,BA0100019,BA,臺北市,中山區,臺北市中山區長春路172號8樓之11,121.5338516235,25.0546913147,B,交通接送服務(DA01),新北市,板橋區;三重區;中和區;永和區;新莊區;蘆洲區;五股區;平溪區,02-29749738,e121051940@yahoo.com.tw,方姵人,20250101.0,20271231.0,20250109 11:41:06
泰康診所,B20200199,B2,新北市,土城區,新北市土城區中央路二段238號,121.4418640137,24.9749641418,B,居家失能個案家庭醫師照護服務,新北市,土城區,02-22636123,Dannytanjxhome@gmail.com,陳悅明,20250101.0,20271231.0,20241225 10:41:16
臺北市立聯合醫院附設中興住宿長照機構,3C0100001,3,臺北市,大同區,臺北市大同區玉泉里鄭州路145號10樓B、C 區,121.5088882446,25.0506916046,B,喘息服務,臺北市,松山區;信義區;大安區;中山區;中正區;大同區;萬華區;文山區;南港區;內湖區;士林區;北投區,02-25523234-1056,B1713@tpech.gov.tw,蔡景耀,20210322.0,20241231.0,20221229 20:48:45
金永國際租賃有限公司,BA0100019,BA,臺北市,中山區,臺北市中山區長春路172號8樓之11,121.5338516235,25.0546913147,B,社區式交通接送服務(BD03),新北市,板橋區;三重區;中和區;永和區;新莊區;蘆洲區;五股區;平溪區,02-29749738,e121051940@yahoo.com.tw,方姵人,20250101.0,20271231.0,20250109 11:41:43
鴻昇診所,B20200202,B2,新北市,蘆洲區,新北市蘆洲區中原路51號,121.4592208862,25.0822372437,B,居家失能個案家庭醫師照護服務,新北市,蘆洲區;五股區;八里區,22893514,chaosen0901@hotmail.com,楊朝森,20250101.0,20271231.0,20241225 10:54:51
新北市私立慶安居家長照機構,1X0200084,1,新北市,林口區,新北市林口區文化二路一段266號地下1層之13-06室,121.3723526001,25.0737266541,B,居家服務,新北市,林口區,02-26081220,chingann2021@gmail.com,施仰賢,20250101.0,20271231.0,20241205 15:09:00
和鄰長照股份有限公司附設新北市私立和鄰居家長照機構,1V0200027,1,新北市,鶯歌區,新北市鶯歌區國慶街172號2樓,121.353843689,24.9532337189,B,專業照護服務(CC01),新北市,板橋區;三重區;中和區;永和區;新莊區;新店區;樹林區;鶯歌區;三峽區;淡水區;汐止區;瑞芳區;土城區;蘆洲區;五股區;泰山區;林口區;深坑區;石碇區;坪林區;三芝區;石門區;八里區;平溪區;雙溪區;貢寮區;金山區;萬里區;烏來區,7709-1222,honear2018@gmail.com,邱青萸,20220101.0,20241231.0,20230802 17:19:14
和鄰長照股份有限公司附設新北市私立和鄰居家長照機構,1V0200027,1,新北市,鶯歌區,新北市鶯歌區國慶街172號2樓,121.353843689,24.9532337189,B,居家服務,新北市,新店區;樹林區;鶯歌區;三峽區;土城區,7709-1222,honear2018@gmail.com,邱青萸,20250101.0,20271231.0,20241225 15:12:04
大允有限公司附設新北市私立大允居家長照機構,1V0200028,1,新北市,板橋區,新北市板橋區民族路276巷1弄13號1、2樓,121.4701766968,25.0065021515,B,居家服務,新北市,板橋區;三重區;中和區;永和區;新莊區;樹林區;土城區,02-2273-6070,dayunlc2020@gmail.com,蔡培禎,20250101.0,20271231.0,20241220 10:29:57
大允有限公司附設新北市私立大允居家長照機構,1V0200028,1,新北市,板橋區,新北市板橋區民族路276巷1弄13號1、2樓,121.4701766968,25.0065021515,B,專業照護服務,新北市,板橋區;三重區;中和區;永和區;新莊區;新店區;樹林區;三峽區;土城區;蘆洲區,02-2273-6070,dayunlc2020@gmail.com,蔡培禎,20220101.0,20241231.0,20220301 16:33:42
新北市私立昕悅居家長照機構,1X0200072,1,新北市,新莊區,新北市新莊區中正路新建巷41號1樓,121.4146499634,25.0208969116,B,居家服務,新北市,新莊區;樹林區;泰山區;林口區,2902-5885,sister201999@yahoo.com,黃郁珊,20250101.0,20271231.0,20241220 16:53:25
永康居家護理所,B20200185,B2,新北市,淡水區,新北市淡水區重建街186號1樓,121.4409179688,25.1742095947,B,專業照護服務,新北市,淡水區;三芝區;八里區,02-26264077,yuying0225@yahoo.com.tw,鍾玉英,20220101.0,20241231.0,20220324 10:48:53
小驢駒小客車租賃有限公司(屏東縣),BA0200018,BA,新北市,新莊區,新北市新莊區復興路2段196巷2弄9之3號,121.4589614868,25.0440979004,B,交通接送服務,屏東縣,屏東市;長治鄉;麟洛鄉;九如鄉;里港鄉;鹽埔鄉;高樹鄉;內埔鄉;三地門鄉;霧臺鄉;瑪家鄉;泰武鄉;來義鄉,0910-918631,ss46005176@gmail.com,葉書含,20240101.0,20240831.0,20241113 15:05:42
新北市私立均安居家長照機構,1X0200082,1,新北市,鶯歌區,新北市鶯歌區二橋里二甲路30號,121.3386230469,24.9400081635,B,居家服務,新北市,板橋區;中和區;永和區;樹林區;鶯歌區;三峽區;土城區,0905861860,A60729@yahoo.com.tw,吳培君,20250101.0,20271231.0,20241223 14:45:56
臺北市私立安民居家長照機構,1X0100020,1,臺北市,士林區,臺北市士林區福德里文林路342號7樓K711室,121.525390625,25.0933437347,B,喘息服務,臺北市,松山區;信義區;大安區;中山區;中正區;大同區;萬華區;文山區;南港區;內湖區;士林區;北投區,0926885625,anmin0625@gmail.com,黃逸民,20200619.0,20241231.0,20221230 14:52:55
中化銀髮事業股份有限公司附設新北市私立中化銀髮居家長照機構,1V0200032,1,新北市,中和區,新北市中和區安平路89-1號1、2樓,121.5107803345,24.9965553284,B,居家服務,新北市,板橋區;三重區;中和區;永和區;新莊區;新店區;樹林區;土城區,02-8668-0026,didi0522@ccpc.com.tw,王謝怡貞,20250101.0,20271231.0,20241220 10:26:33
臺北市政府社會局委託社團法人中華民國士林靈糧堂社會福利協會經營管理臺北市奇岩樂活社區長照機構,2R0100005,2,臺北市,北投區,臺北市北投區三合街1段119號4、5樓,121.5039291382,25.1265525818,B,日間照顧服務,臺北市,松山區;信義區;大安區;中山區;中正區;大同區;萬華區;文山區;南港區;內湖區;士林區;北投區,28921033,beitou@slsc.org.tw,劉群茂,20210115.0,20240115.0,20210118 12:29:51
新北市瑞芳區衛生所附設物理治療所,B40200025,B4,新北市,瑞芳區,新北市瑞芳區明燈路二段46號,121.8097610474,25.108127594,B,專業照護服務,新北市,瑞芳區,02-2496-9156,AH3938@ntpc.gov.tw,林宜欣,20250101.0,20271231.0,20241213 10:33:15
新北市私立秝豐居家長照機構,1X0200076,1,新北市,板橋區,新北市板橋區溪崑二街73巷11號1樓,121.4285430908,24.9898433685,B,居家服務,新北市,板橋區;新莊區;樹林區;三峽區;土城區,26822616,lifengservice@gmail.com,湯睿峰,20250101.0,20271231.0,20241213 09:48:03
新北市私立常春藤居家長照機構-汐止湖興據點(醫事C),1X0200081,1,新北市,汐止區,新北市汐止區湖興里伯爵街54巷6號B1樓,121.6386032104,25.0807094574,C,巷弄長照站,新北市,汐止區,2642-1938,ivycareee@gmail.com,俞美娟,20200401.0,20211231.0,20210526 18:37:03
碇康藥局(醫事C),B30200029,B3,新北市,石碇區,新北市石碇區中民里靜安路1段242號,,,C,巷弄長照站,新北市,石碇區,(02)2663-1325 分機23,AN7362@ntpc.gov.tw,鄭健雄,20200701.0,20201231.0,20210127 17:20:01
臺北市私立安民居家長照機構,1X0100020,1,臺北市,士林區,臺北市士林區福德里文林路342號7樓K711室,121.525390625,25.0933437347,B,喘息服務,臺北市,士林區;北投區,0926885625,anmin0625@gmail.com,黃逸民,20250101.0,20261231.0,20241120 10:34:41
新北市私立均安居家長照機構,1X0200082,1,新北市,鶯歌區,新北市鶯歌區二橋里二甲路30號,121.3386230469,24.9400081635,B,喘息服務,新北市,板橋區;中和區;永和區;樹林區;鶯歌區;三峽區;土城區,0905861860,A60729@yahoo.com.tw,吳培君,20250101.0,20271231.0,20241223 14:46:30
臺北市私立安民居家長照機構,1X0100020,1,臺北市,士林區,臺北市士林區福德里文林路342號7樓K711室,121.525390625,25.0933437347,B,居家服務,臺北市,士林區;北投區,0926885625,anmin0625@gmail.com,黃逸民,20200604.0,20231231.0,20211228 14:32:49
新北市新店區下城社區發展協會(社照C),BF0200130,BF,新北市,新店區,新北市新店區下城里安康路1段281巷6號,121.523651123,24.9627780914,C,巷弄長照站,新北市,新店區,02-2211-9715,hx9897@pchome.com.tw,李林貞子,20220101.0,20221231.0,20220503 10:21:36
新北市私立宜家居家長照機構,1X0200057,1,新北市,三重區,新北市三重區福德里集美街75巷27號1樓,121.4980392456,25.0624084473,B,居家服務,新北市,三重區;新莊區;林口區,0287733752,jl225185007@gmail.com,李姉穎,20250101.0,20271231.0,20241227 13:41:30
新北市私立宜家居家長照機構,1X0200057,1,新北市,三重區,新北市三重區福德里集美街75巷27號1樓,121.4980392456,25.0624084473,B,喘息服務,新北市,三重區;新莊區;林口區,0287733752,jl225185007@gmail.com,李姉穎,20250101.0,20271231.0,20241227 13:42:01
新北市新店區北新社區發展協會(社照C),BF0200129,BF,新北市,新店區,新北市新店區張北里德正街23巷25號,121.5448074341,24.9726810455,C,巷弄長照站,新北市,新店區,0963366378,yalin54088@gmail.com,翁玉美,20220101.0,20221231.0,20220503 10:21:58
新北市私立親齡居家長照機構,1X0200056,1,新北市,三芝區,新北市三芝區埔頭里長安街53巷6號1樓,121.501083374,25.2564640045,B,居家服務,新北市,淡水區;三芝區;石門區;八里區;金山區,26360629,claire.2007@livemail.tw,許靜怡,20250101.0,20271231.0,20241220 08:51:37
臺北市私立安民居家長照機構,1X0100020,1,臺北市,士林區,臺北市士林區福德里文林路342號7樓K711室,121.525390625,25.0933437347,B,居家服務,臺北市,士林區;北投區,0926885625,anmin0625@gmail.com,黃逸民,20240101.0,20261231.0,20231229 18:23:23
社團法人大中華婦幼關懷成長協會(社照C),BE0200054,BE,新北市,汐止區,新北市汐止區茄苳里茄苳路225巷35號3樓,121.6720352173,25.0691509247,C,巷弄長照站,新北市,汐止區,8648-8662,wenhsin@twc.org.tw,劉庭瑄,20240101.0,20241231.0,20240514 13:41:28
新北市中和區莒西社區發展協會(社照C),BF0200136,BF,新北市,中和區,新北市中和區自強里莒光路200號之3,121.4720230103,24.9988994598,C,巷弄長照站,新北市,中和區,29576662,Se13934@gmail.com,黃秀琴,20220101.0,20221231.0,20220502 16:55:32
新北市私立宜家居家長照機構,1X0200057,1,新北市,三重區,新北市三重區福德里集美街75巷27號1樓,121.4980392456,25.0624084473,B,專業照護服務,新北市,三重區;新莊區;林口區,0287733752,jl225185007@gmail.com,李姉穎,20250101.0,20271231.0,20241227 13:40:59
社團法人台灣新希望社區關懷協會-得仁站(社照C),BE0200055,BE,新北市,蘆洲區,新北市蘆洲區得仁里民生街129巷14號,121.4728393555,25.0784130096,C,巷弄長照站,新北市,蘆洲區,0922295129,chadlu247@gmail.com,葉聯邦,20220101.0,20221231.0,20220503 10:06:33
財團法人新北市基督教新希望教會(環河站)(社照C),BD0200059,BD,新北市,永和區,"新北市永和區永成里環河西路2段9-2號1, 2樓",121.5085678101,25.016412735,C,巷弄長照站,新北市,永和區,02-3233-0966,a0912473704@gmail.com,黃遠鵬,20220101.0,20221231.0,20220503 08:13:50
新北市私立親齡居家長照機構,1X0200056,1,新北市,三芝區,新北市三芝區埔頭里長安街53巷6號1樓,121.501083374,25.2564640045,B,喘息服務,新北市,淡水區;三芝區;石門區;八里區;金山區,26360629,claire.2007@livemail.tw,許靜怡,20250101.0,20271231.0,20241220 08:52:16
心悅居家長照有限公司附設新北市私立心悅居家長照機構,1V0200024,1,新北市,汐止區,新北市汐止區大同里大同路二段322巷8號1樓,121.6564712524,25.066444397,B,喘息服務,新北市,汐止區,02-86910047,XY162123@gmail.com,鄭亘媁,20250101.0,20271231.0,20250103 11:39:58
新北市私立文華居家長照機構,1X0200059,1,新北市,板橋區,新北市板橋區民治街8巷2號2樓,121.4553070068,25.0248908997,B,喘息服務,新北市,板橋區;三重區;中和區;永和區;新莊區;新店區;樹林區;鶯歌區;三峽區;土城區;蘆洲區;五股區;泰山區,0905-325837,pinc20208@gmail.com,江能裕,20250101.0,20271231.0,20241205 13:48:39
新北市私立文華居家長照機構,1X0200059,1,新北市,板橋區,新北市板橋區民治街8巷2號2樓,121.4553070068,25.0248908997,B,居家服務,新北市,板橋區;三重區;中和區;永和區;新莊區;新店區;樹林區;鶯歌區;三峽區;土城區;蘆洲區;五股區;泰山區,0905-325837,pinc20208@gmail.com,江能裕,20250101.0,20271231.0,20241205 13:47:34
臺北市私立老爺居家長照機構,1X0100022,1,臺北市,大安區,臺北市大安區安和路2段92號B1(A11室),121.5502471924,25.0287723541,B,喘息服務,臺北市,松山區;信義區;大安區;中山區;中正區;大同區;萬華區;文山區;南港區;內湖區;士林區;北投區,0988125527,grandba9453@gmail.com,薛智遠,20201001.0,20241231.0,20230202 16:54:17
臺北市私立老爺居家長照機構,1X0100022,1,臺北市,大安區,臺北市大安區安和路2段92號B1(A11室),121.5502471924,25.0287723541,B,居家服務,臺北市,松山區;信義區;大安區;中山區;中正區;大同區;萬華區;文山區;南港區;內湖區;士林區;北投區,0988125527,grandba9453@gmail.com,薛智遠,20201001.0,20241231.0,20230202 16:54:17
新北市私立宜家居家長照機構,1X0200057,1,新北市,三重區,新北市三重區福德里集美街75巷27號1樓,121.4980392456,25.0624084473,B,專業照護服務,新北市,三重區;新莊區;林口區,0287733752,jl225185007@gmail.com,李姉穎,20220101.0,20241231.0,20220208 15:40:12
心悅居家長照有限公司附設新北市私立心悅居家長照機構,1V0200024,1,新北市,汐止區,新北市汐止區大同里大同路二段322巷8號1樓,121.6564712524,25.066444397,B,居家服務,新北市,汐止區,02-86910047,XY162123@gmail.com,鄭亘媁,20250101.0,20271231.0,20250103 11:39:32
臺北市私立老爺居家長照機構,1X0100022,1,臺北市,大安區,臺北市大安區安和路2段92號B1(A11室),121.5502471924,25.0287723541,B,居家服務,臺北市,大安區;文山區,0988125527,grandba9453@gmail.com,薛智遠,20200715.0,20241231.0,20221230 14:45:32
臺北市私立老爺居家長照機構,1X0100022,1,臺北市,大安區,臺北市大安區安和路2段92號B1(A11室),121.5502471924,25.0287723541,B,喘息服務,臺北市,松山區;信義區;大安區;中山區;中正區;大同區;萬華區;文山區;南港區;內湖區;士林區;北投區,0988125527,grandba9453@gmail.com,薛智遠,20200715.0,20241231.0,20221230 14:45:32
臺北市私立老爺居家長照機構,1X0100022,1,臺北市,大安區,臺北市大安區安和路2段92號B1(A11室),121.5502471924,25.0287723541,B,喘息服務,臺北市,大安區;文山區,0988125527,grandba9453@gmail.com,薛智遠,20250101.0,20261231.0,20241120 10:50:25
悠康事業有限公司附設新北市私立悠康居家長照機構,1V0200023,1,新北市,三重區,新北市三重區自強路三段61號2樓,121.4445343018,25.0336742401,A,個案管理服務,新北市,新莊區,0936916081,greatrichd.yucom@gmail.com,洪偉榮,20250101.0,20250630.0,20241231 15:59:50
悠康事業有限公司附設新北市私立悠康居家長照機構,1V0200023,1,新北市,三重區,新北市三重區自強路三段61號2樓,121.4445343018,25.0336742401,B,喘息服務,新北市,板橋區;三重區;中和區;永和區;新莊區;蘆洲區,0936916081,greatrichd.yucom@gmail.com,洪偉榮,20250101.0,20271231.0,20241225 10:04:50
京鶴實業有限公司附設臺北市私立悅康居家長照機構,1V0100024,1,臺北市,中正區,臺北市中正區黎明里許昌街42之1號7樓700室,121.5154342651,25.0454483032,B,居家服務,臺北市,松山區;信義區;大安區;中山區;中正區;大同區;萬華區;南港區;內湖區;士林區;北投區,02-23709008,jinghemedical@gmail.com,林廣盛,20240101.0,20261231.0,20231229 09:33:30
臺北市私立老爺居家長照機構,1X0100022,1,臺北市,大安區,臺北市大安區安和路2段92號B1(A11室),121.5502471924,25.0287723541,B,居家服務,臺北市,大安區;文山區,0988125527,grandba9453@gmail.com,薛智遠,20220101.0,20231231.0,20211223 16:12:47
臺北市私立老爺居家長照機構,1X0100022,1,臺北市,大安區,臺北市大安區安和路2段92號B1(A11室),121.5502471924,25.0287723541,B,居家服務,臺北市,大安區;文山區,0988125527,grandba9453@gmail.com,薛智遠,20240101.0,20261231.0,20231229 11:26:19
悠康事業有限公司附設新北市私立悠康居家長照機構,1V0200023,1,新北市,三重區,新北市三重區自強路三段61號2樓,121.4445343018,25.0336742401,B,居家服務,新北市,板橋區;三重區;中和區;永和區;新莊區;蘆洲區,0936916081,greatrichd.yucom@gmail.com,洪偉榮,20250101.0,20271231.0,20241225 10:04:15
京鶴實業有限公司附設臺北市私立悅康居家長照機構,1V0100024,1,臺北市,中正區,臺北市中正區黎明里許昌街42之1號7樓700室,121.5154342651,25.0454483032,B,喘息服務,臺北市,松山區;信義區;大安區;中山區;中正區;大同區;萬華區;文山區;南港區;內湖區;士林區;北投區,02-23709008,jinghemedical@gmail.com,林廣盛,20200901.0,20241231.0,20221229 21:58:25
京鶴實業有限公司附設臺北市私立悅康居家長照機構,1V0100024,1,臺北市,中正區,臺北市中正區黎明里許昌街42之1號7樓700室,121.5154342651,25.0454483032,B,居家服務,臺北市,松山區;信義區;大安區;中山區;中正區;大同區;萬華區;文山區;南港區;內湖區;士林區;北投區,02-23709008,jinghemedical@gmail.com,林廣盛,20220101.0,20231231.0,20220207 16:11:31
全能居家長照有限公司附設新北市私立全能居家長照機構,1V0200025,1,新北市,新莊區,新北市新莊區民安里民安西路38巷19號,121.4267578125,25.0205574036,B,居家服務,新北市,板橋區;三重區;新莊區;樹林區;土城區;五股區;泰山區,02-2202-9025,a818387@kimo.com,楊惠珠,20250101.0,20271231.0,20241205 11:45:16
京鶴實業有限公司附設臺北市私立悅康居家長照機構,1V0100024,1,臺北市,中正區,臺北市中正區黎明里許昌街42之1號7樓700室,121.5154342651,25.0454483032,B,喘息服務,臺北市,松山區;信義區;大安區;中山區;中正區;大同區;萬華區;文山區;南港區;內湖區;士林區;北投區,02-23709008,jinghemedical@gmail.com,林廣盛,20250101.0,20261231.0,20241122 13:41:14
全能居家長照有限公司附設新北市私立全能居家長照機構,1V0200025,1,新北市,新莊區,新北市新莊區民安里民安西路38巷19號,121.4267578125,25.0205574036,B,喘息服務,新北市,板橋區;三重區;新莊區;樹林區;土城區;五股區;泰山區,02-2202-9025,a818387@kimo.com,楊惠珠,20250101.0,20271231.0,20241205 11:46:12
佛教慈濟醫療財團法人附設新北市私立台北慈濟社區長照機構,2S0200028,2,新北市,新店區,新北市新店區建國路277號1樓,121.5356140137,24.984128952,B,日間照顧服務,新北市,中和區;永和區;新店區,(02)66289779,maggie16471@tzuchi.com.tw,釋證嚴,20250101.0,20271231.0,20241226 15:31:06
佛教慈濟醫療財團法人附設新北市私立台北慈濟社區長照機構,2S0200028,2,新北市,新店區,新北市新店區建國路277號1樓,121.5356140137,24.984128952,B,喘息服務,新北市,中和區;永和區;新店區,(02)66289779,maggie16471@tzuchi.com.tw,釋證嚴,20250101.0,20271231.0,20241226 15:31:34
愛佳生活居家護理所-樹林圳福據點(醫事C),B10200092,B1,新北市,樹林區,新北市樹林區圳福里千歲街61巷12弄28號1樓,121.4268569946,24.9987945557,B,喘息服務,新北市,樹林區,02-26819997,gospel0988390191@gmail.com,蔡嘉恩,20250101.0,20271231.0,20250110 11:50:16
新北市私立尚杰居家長照機構,1X0200065,1,新北市,土城區,新北市土城區金城里金城路3段4號8樓,121.4644622803,24.9858436584,B,喘息服務,新北市,板橋區;樹林區;鶯歌區;三峽區;土城區,0910-970815,wenj0519@gmail.com,陳淑沛,20250101.0,20271231.0,20241219 14:23:28
新北市私立尚杰居家長照機構,1X0200065,1,新北市,土城區,新北市土城區金城里金城路3段4號8樓,121.4644622803,24.9858436584,B,居家服務,新北市,板橋區;樹林區;鶯歌區;三峽區;土城區,0910-970815,wenj0519@gmail.com,陳淑沛,20250101.0,20271231.0,20241219 14:22:52
財團法人新北市基督教新希望教會(淡水大庄站)(社照C),BF0200175,BF,新北市,淡水區,新北市淡水區大庄里沙崙路181巷30號,121.4234313965,25.1848945618,C,巷弄長照站,新北市,淡水區,02-2881-5100,shuping2020@gmail.com,林淑萍,20220101.0,20231231.0,20230628 15:29:03
鴻基居家物理治療所,B40200029,B4,新北市,汐止區,新北市汐止區福德一路201巷17弄,121.636138916,25.0650348663,B,專業照護服務,新北市,汐止區;林口區;八里區,02-2694-2468,maso0108@yahoo.com.tw,薛鴻基,20220101.0,20241231.0,20220301 16:07:25
鴻基居家物理治療所,B40200029,B4,新北市,汐止區,新北市汐止區福德一路201巷17弄,121.636138916,25.0650348663,B,專業照護服務(CC01),新北市,板橋區;三重區;中和區;永和區;新莊區;新店區;樹林區;鶯歌區;三峽區;淡水區;汐止區;瑞芳區;土城區;蘆洲區;五股區;泰山區;林口區;深坑區;石碇區;坪林區;三芝區;石門區;八里區;平溪區;雙溪區;貢寮區;金山區;萬里區;烏來區,02-2694-2468,maso0108@yahoo.com.tw,薛鴻基,20220101.0,20241231.0,20230802 17:19:14
臺北市政府社會局委託財團法人台北市立心慈善基金會經營管理臺北市萬華龍山社區長照機構,2S0100020,2,臺北市,萬華區,臺北市萬華區青山里梧州街36號3樓之1,121.4974899292,25.0373725891,B,喘息服務,臺北市,中正區;萬華區,02-23361881,longshanold@gmail.com,洪金桐,20250101.0,20261231.0,20250204 15:33:23
臺北市政府社會局委託財團法人台北市立心慈善基金會經營管理臺北市萬華龍山社區長照機構,2S0100020,2,臺北市,萬華區,臺北市萬華區青山里梧州街36號3樓之1,121.4974899292,25.0373725891,B,日間照顧服務,新北市,板橋區;三重區;中和區;永和區,02-23361881,longshanold@gmail.com,洪金桐,20250101.0,20271231.0,20241220 14:51:01
臺北市政府社會局委託財團法人台北市立心慈善基金會經營管理臺北市萬華龍山社區長照機構,2S0100020,2,臺北市,萬華區,臺北市萬華區青山里梧州街36號3樓之1,121.4974899292,25.0373725891,B,喘息服務,新北市,板橋區;三重區;中和區;永和區,02-23361881,longshanold@gmail.com,洪金桐,20250101.0,20271231.0,20241220 14:51:23
鴻基居家物理治療所,B40200029,B4,新北市,汐止區,新北市汐止區福德一路201巷17弄,121.636138916,25.0650348663,B,專業照護服務,新北市,汐止區;深坑區;貢寮區,02-2694-2468,maso0108@yahoo.com.tw,薛鴻基,20250101.0,20271231.0,20241226 14:25:56
新北市貢寮區衛生所附設物理治療所,B40200030,B4,新北市,貢寮區,新北市貢寮區仁愛路128號3樓,121.9275741577,25.0549545288,B,專業照護服務,新北市,貢寮區,02-24901431,AH6945@ntpc.gov.tw,李庭嘉,20220101.0,20241231.0,20220317 16:17:37
臺北市政府社會局委託財團法人台北市立心慈善基金會經營管理臺北市萬華龍山社區長照機構,2S0100020,2,臺北市,萬華區,臺北市萬華區青山里梧州街36號3樓之1,121.4974899292,25.0373725891,B,日間照顧服務,臺北市,松山區;信義區;大安區;中山區;中正區;大同區;萬華區;文山區;南港區;內湖區;士林區;北投區,02-23361881,longshanold@gmail.com,洪金桐,20240101.0,20251231.0,20240116 13:20:01
臺北市政府社會局委託財團法人台北市立心慈善基金會經營管理臺北市萬華龍山社區長照機構,2S0100020,2,臺北市,萬華區,臺北市萬華區青山里梧州街36號3樓之1,121.4974899292,25.0373725891,B,喘息服務,臺北市,中正區;萬華區,02-23361881,longshanold@gmail.com,洪金桐,20240305.0,20241231.0,20240306 09:16:34
臺北市立聯合醫院附設中興住宿長照機構,3C0100001,3,臺北市,大同區,臺北市大同區玉泉里鄭州路145號10樓B、C 區,121.5088882446,25.0506916046,B,喘息服務,臺北市,松山區;信義區;大安區;中山區;中正區;大同區;萬華區;文山區;南港區;內湖區;士林區;北投區,02-25523234-1056,B1713@tpech.gov.tw,蔡景耀,20241204.0,20261231.0,20241205 15:02:53
新北市私立慶安居家長照機構,1X0200084,1,新北市,林口區,新北市林口區文化二路一段266號地下1層之13-06室,121.3723526001,25.0737266541,B,喘息服務,新北市,林口區,02-26081220,chingann2021@gmail.com,施仰賢,20250101.0,20271231.0,20241205 15:09:35
好窩居家職能治療所,B50200007,B5,新北市,新店區,新北市新店區中興路二段67巷11號1樓,121.5460968018,24.9710102081,A,個案管理服務,新北市,中和區;新店區,02-86660313,haowo0305@gmail.com,楊書竣,20250101.0,20250630.0,20241231 16:01:49
好窩居家職能治療所,B50200007,B5,新北市,新店區,新北市新店區中興路二段67巷11號1樓,121.5460968018,24.9710102081,B,專業照護服務,新北市,板橋區;三重區;中和區;永和區;新莊區;新店區;泰山區;深坑區;烏來區,02-86660313,haowo0305@gmail.com,楊書竣,20220101.0,20241231.0,20220314 15:01:37
好窩居家職能治療所,B50200007,B5,新北市,新店區,新北市新店區中興路二段67巷11號1樓,121.5460968018,24.9710102081,B,專業照護服務,新北市,板橋區;三重區;中和區;永和區;新莊區;新店區;泰山區;深坑區;烏來區,02-86660313,haowo0305@gmail.com,楊書竣,20250101.0,20271231.0,20241224 15:38:07
臺北市政府社會局委託中華民國紅十字會台灣省分會經營管理臺北市中正社區長照機構,2R0100006,2,臺北市,中正區,臺北市中正區建國里貴陽街一段60號3樓,121.5090408325,25.0389251709,B,營養餐飲服務,臺北市,中正區,02-23831958,rct03702883@gmail.com,董光式,20190101.0,20211231.0,20210303 17:34:31
臺北市政府社會局委託中華民國紅十字會台灣省分會經營管理臺北市中正社區長照機構,2R0100006,2,臺北市,中正區,臺北市中正區建國里貴陽街一段60號3樓,121.5090408325,25.0389251709,B,日間照顧服務,新北市,板橋區;中和區;永和區,02-23831958,rct03702883@gmail.com,董光式,20250101.0,20271231.0,20250113 13:51:37
新北市淡水區福德里辦公處(社照C),BF0200173,BF,新北市,淡水區,新北市淡水區福德里自強路307巷4號,121.4623031616,25.1319580078,C,巷弄長照站,新北市,淡水區,0987-469-508,AN2874@ntpc.gov.tw,郭清泉,20220101.0,20231231.0,20230628 15:30:41
美事居家長照有限公司附設新北市私立美事居家長照機構,1X0200085,1,新北市,蘆洲區,新北市蘆洲區永康里永安南路二段328巷17弄8號1樓,121.4562530518,25.0840187073,B,喘息服務,新北市,三重區;新莊區;蘆洲區;五股區;泰山區,8286-0162,meishih11003@gmail.com,陳庭宇,20250101.0,20271231.0,20241203 11:49:23
臺北市政府社會局委託財團法人台灣省私立健順養護中心經營管理南港社區式長照機構,2S0100021,2,臺北市,南港區,臺北市南港區重陽里重陽路187巷5號,121.5987625122,25.0571289062,B,日間照顧服務,臺北市,松山區;信義區;大安區;中山區;中正區;大同區;萬華區;文山區;南港區;內湖區;士林區;北投區,02-26535311,nkelder@gmail.com,廖慧媛,20210101.0,20231231.0,20210226 17:22:27
臺北市政府社會局委託財團法人台灣省私立健順養護中心經營管理南港社區式長照機構,2S0100021,2,臺北市,南港區,臺北市南港區重陽里重陽路187巷5號,121.5987625122,25.0571289062,B,日間照顧服務,新北市,汐止區,02-26535311,nkelder@gmail.com,廖慧媛,20250101.0,20271231.0,20250114 10:08:27
沃恩有限公司附設新北市私立耆樂居家長照機構,1N0200002,1,新北市,汐止區,新北市汐止區復興里新台五路一段79號7樓B室,121.6458740234,25.0617275238,A,個案管理服務,臺北市,南港區,02-86983877,swparty120@gmail.com,林顯寬,20230424.0,20241231.0,20230425 17:21:52
財團法人弘道老人福利基金會附設臺北市私立西松社區長照機構,2S0100022,2,臺北市,松山區,臺北市松山區東榮里南京東路五段251巷46弄5號,121.5646896362,25.0533218384,B,日間照顧服務,臺北市,松山區;信義區;大安區;中山區;中正區;大同區;萬華區;文山區;南港區;內湖區;士林區;北投區,02-27616300,laughing@hondao.org.tw,王乃弘,20180101.0,20211231.0,20210503 17:09:32
財團法人弘道老人福利基金會附設臺北市私立西松社區長照機構,2S0100022,2,臺北市,松山區,臺北市松山區東榮里南京東路五段251巷46弄5號,121.5646896362,25.0533218384,B,營養餐飲服務,臺北市,松山區,02-27616300,laughing@hondao.org.tw,王乃弘,20190101.0,20211231.0,20210303 16:55:50
財團法人弘道老人福利基金會附設臺北市私立西松社區長照機構,2S0100022,2,臺北市,松山區,臺北市松山區東榮里南京東路五段251巷46弄5號,121.5646896362,25.0533218384,B,喘息服務,臺北市,松山區;信義區;大安區;中山區;中正區;大同區;萬華區;文山區;南港區;內湖區;士林區;北投區,02-27616300,laughing@hondao.org.tw,王乃弘,20250101.0,20261231.0,20250204 15:24:18
安星居服股份有限公司附設新北市私立安星居家長照機構,1R0200029,1,新北市,淡水區,新北市淡水區新生里文化路63號8樓,121.4382171631,25.172794342,B,喘息服務,新北市,淡水區;三芝區;八里區,(02)2625-0053,astar1100209@gmail.com,王妤安,20250101.0,20271231.0,20250103 11:36:20
社團法人台灣樂活服務發展協會(樂活社子),BE0100074,BE,臺北市,士林區,臺北市士林區社子里延平北路6段82巷5號,121.508605957,25.0890712738,C,巷弄長照站,臺北市,士林區,0983108777,saxochi@gmail.com,馬瑞辰,20210101.0,20211231.0,20210407 11:53:31
財團法人陽明山基督教天母禮拜堂,BD0100064,BD,臺北市,士林區,臺北市士林區天母里中山北路7段216巷1號1樓,121.5330047607,25.1258602142,C,巷弄長照站,臺北市,士林區,02-2871-1622#25,bible2312@gmail.com,王騰敏,20210101.0,20211231.0,20210407 11:36:22
財團法人私立廣恩老人養護中心附設新北市私立土城頂埔社區長照機構,2S0200030,2,新北市,土城區,新北市土城區中央路四段271巷12號,121.4147644043,24.9538173676,C,巷弄長照站,新北市,土城區,02-22695333,gndc_tc@guannenn.org.tw,林偉峰,20220101.0,20221231.0,20220502 16:40:30
勇健居家職能治療所,B50200010,B5,新北市,永和區,新北市永和區仁愛路202巷34號1樓,121.5089645386,25.0132064819,B,專業照護服務(CC01),新北市,板橋區;三重區;中和區;永和區;新莊區;新店區;樹林區;鶯歌區;三峽區;淡水區;汐止區;瑞芳區;土城區;蘆洲區;五股區;泰山區;林口區;深坑區;石碇區;坪林區;三芝區;石門區;八里區;平溪區;雙溪區;貢寮區;金山區;萬里區;烏來區,02-29299565,yungjianot@gmail.com,翁麒展,20220101.0,20241231.0,20230802 17:19:14
美事居家長照有限公司附設新北市私立美事居家長照機構,1X0200085,1,新北市,蘆洲區,新北市蘆洲區永康里永安南路二段328巷17弄8號1樓,121.4562530518,25.0840187073,B,居家服務,新北市,三重區;新莊區;蘆洲區;五股區;泰山區,8286-0162,meishih11003@gmail.com,陳庭宇,20250101.0,20271231.0,20241203 11:48:38
財團法人弘道老人福利基金會附設臺北市私立西松社區長照機構,2S0100022,2,臺北市,松山區,臺北市松山區東榮里南京東路五段251巷46弄5號,121.5646896362,25.0533218384,B,小規模多機能服務,臺北市,松山區;信義區;大安區;中山區;中正區;大同區;萬華區;文山區;南港區;內湖區;士林區;北投區,02-27616300,laughing@hondao.org.tw,王乃弘,20190101.0,20231231.0,20220209 09:54:07
清佳居家服務股份有限公司附設新北市私立清佳居家長照機構,1R0200016,1,新北市,板橋區,新北市板橋區中正路364號1樓,121.4544677734,25.0240688324,B,喘息服務,新北市,板橋區;中和區;新莊區;樹林區;土城區,0973260118,c0973260118@gmail.com,郭清傑,20250101.0,20271231.0,20241203 14:39:55
新北市私立康悅居家長照機構,1X0200071,1,新北市,五股區,新北市五股區新城八路336號1樓,121.4299926758,25.0903491974,B,喘息服務,新北市,新莊區;五股區;泰山區,22916572,a0939941529@gmail.com,王開智,20250101.0,20271231.0,20241225 14:05:14
勇健居家職能治療所,B50200010,B5,新北市,永和區,新北市永和區仁愛路202巷34號1樓,121.5089645386,25.0132064819,B,專業照護服務,新北市,板橋區;三重區;中和區;永和區;新莊區;新店區;樹林區;鶯歌區;三峽區;淡水區;汐止區;瑞芳區;土城區;蘆洲區;五股區;林口區;深坑區;石碇區;坪林區;八里區;萬里區,02-29299565,yungjianot@gmail.com,翁麒展,20250101.0,20271231.0,20241216 15:32:22
好窩居家職能治療所,B50200007,B5,新北市,新店區,新北市新店區中興路二段67巷11號1樓,121.5460968018,24.9710102081,B,專業照護服務(CC01),新北市,板橋區;三重區;中和區;永和區;新莊區;新店區;樹林區;鶯歌區;三峽區;淡水區;汐止區;瑞芳區;土城區;蘆洲區;五股區;泰山區;林口區;深坑區;石碇區;坪林區;三芝區;石門區;八里區;平溪區;雙溪區;貢寮區;金山區;萬里區;烏來區,02-86660313,haowo0305@gmail.com,楊書竣,20220101.0,20241231.0,20230802 17:19:14
好窩居家職能治療所,B50200007,B5,新北市,新店區,新北市新店區中興路二段67巷11號1樓,121.5460968018,24.9710102081,B,專業照護服務(CC01),新北市,板橋區;三重區;中和區;永和區;新莊區;新店區;泰山區;深坑區;烏來區,02-86660313,haowo0305@gmail.com,楊書竣,20250101.0,20271231.0,20241224 15:38:39
清佳居家服務股份有限公司附設新北市私立清佳居家長照機構,1R0200016,1,新北市,板橋區,新北市板橋區中正路364號1樓,121.4544677734,25.0240688324,B,居家服務,新北市,板橋區;中和區;新莊區;樹林區;土城區,0973260118,c0973260118@gmail.com,郭清傑,20250101.0,20271231.0,20241203 14:38:36
新北市私立康悅居家長照機構,1X0200071,1,新北市,五股區,新北市五股區新城八路336號1樓,121.4299926758,25.0903491974,B,居家服務,新北市,新莊區;五股區;泰山區,22916572,a0939941529@gmail.com,王開智,20250101.0,20271231.0,20241225 14:04:48
財團法人恆安社會福利慈善事業基金會附設新北市私立恆安居家長照機構,1S0200017,1,新北市,板橋區,新北市板橋區民生路一段57、59號12樓,121.4752197266,25.0131855011,B,營養餐飲服務,新北市,板橋區,2959-5855,homecare_ntc@hangan.org,胡世賢,20250101.0,20250131.0,20250122 14:43:10
財團法人恆安社會福利慈善事業基金會附設新北市私立恆安居家長照機構,1S0200017,1,新北市,板橋區,新北市板橋區民生路一段57、59號12樓,121.4752197266,25.0131855011,A,個案管理服務,新北市,板橋區;中和區;新莊區;樹林區;林口區,2959-5855,homecare_ntc@hangan.org,胡世賢,20250101.0,20250630.0,20241231 16:32:58
臺北市政府社會局委託財團法人台灣省私立健順養護中心經營管理南港社區式長照機構,2S0100021,2,臺北市,南港區,臺北市南港區重陽里重陽路187巷5號,121.5987625122,25.0571289062,B,日間照顧服務,臺北市,松山區;信義區;大安區;中山區;中正區;大同區;萬華區;文山區;南港區;內湖區;士林區;北投區,02-26535311,nkelder@gmail.com,廖慧媛,20240101.0,20261231.0,20240102 18:55:54
沃恩有限公司附設新北市私立耆樂居家長照機構,1N0200002,1,新北市,汐止區,新北市汐止區復興里新台五路一段79號7樓B室,121.6458740234,25.0617275238,B,喘息服務,新北市,汐止區,02-86983877,swparty120@gmail.com,林顯寬,20250101.0,20271231.0,20241224 15:44:20
弘一診所,B20200213,B2,新北市,蘆洲區,新北市蘆洲區重陽街82號1樓,121.4820251465,25.0844326019,B,居家失能個案家庭醫師照護服務,新北市,蘆洲區,02-82860000,q82860000@gmail.com,甘禮維,20250101.0,20271231.0,20250113 16:34:00
臺北市全人探索協會,BF0100182,BF,臺北市,南港區,臺北市南港區玉成里八德路4段768-1號4-6樓,121.5799636841,25.0503044128,C,巷弄長照站,臺北市,南港區,	0932322435,x9exlo@gmail.com,黃聰智,20210101.0,20211231.0,20210412 14:48:15
財團法人台北市中國基督教靈糧世界佈道會台北靈糧堂(雙園靈糧福音中心),BD0100066,BD,臺北市,萬華區,臺北市萬華區和德里西園路2段362及 364號4樓、362號5樓,121.4915847778,25.0253124237,C,巷弄長照站,臺北市,萬華區,02-2362-3022#8713,niko.tsai@breadoflife.taipei,曾國生,20210101.0,20211231.0,20210412 14:55:34
勇健居家職能治療所,B50200010,B5,新北市,永和區,新北市永和區仁愛路202巷34號1樓,121.5089645386,25.0132064819,B,專業照護服務,新北市,板橋區;三重區;中和區;永和區;新莊區;新店區;樹林區;鶯歌區;三峽區;淡水區;汐止區;瑞芳區;土城區;蘆洲區;五股區;林口區;深坑區;石碇區;坪林區;八里區;萬里區,02-29299565,yungjianot@gmail.com,翁麒展,20220101.0,20241231.0,20220303 09:19:05
勇健居家職能治療所,B50200010,B5,新北市,永和區,新北市永和區仁愛路202巷34號1樓,121.5089645386,25.0132064819,B,專業照護服務(CC01),新北市,板橋區;三重區;中和區;永和區;新莊區;新店區;樹林區;鶯歌區;三峽區;淡水區;汐止區;瑞芳區;土城區;蘆洲區;五股區;林口區;深坑區;石碇區;坪林區;八里區;萬里區,02-29299565,yungjianot@gmail.com,翁麒展,20250101.0,20271231.0,20241216 15:33:13
財團法人恆安社會福利慈善事業基金會附設新北市私立恆安居家長照機構,1S0200017,1,新北市,板橋區,新北市板橋區民生路一段57、59號12樓,121.4752197266,25.0131855011,B,居家服務,桃園市,龜山區;八德區,2959-5855,homecare_ntc@hangan.org,胡世賢,20210708.0,20261231.0,20250101 14:55:14
安星居服股份有限公司附設新北市私立安星居家長照機構,1R0200029,1,新北市,淡水區,新北市淡水區新生里文化路63號8樓,121.4382171631,25.172794342,B,居家服務,新北市,淡水區;三芝區;八里區,(02)2625-0053,astar1100209@gmail.com,王妤安,20250101.0,20271231.0,20250103 11:35:50
財團法人恆安社會福利慈善事業基金會附設新北市私立恆安居家長照機構,1S0200017,1,新北市,板橋區,新北市板橋區民生路一段57、59號12樓,121.4752197266,25.0131855011,B,居家服務,新北市,板橋區;三重區;中和區;永和區;新莊區;新店區;樹林區;土城區;林口區;深坑區,2959-5855,homecare_ntc@hangan.org,胡世賢,20250101.0,20271231.0,20241223 10:41:44
財團法人恆安社會福利慈善事業基金會附設新北市私立恆安居家長照機構,1S0200017,1,新北市,板橋區,新北市板橋區民生路一段57、59號12樓,121.4752197266,25.0131855011,B,喘息服務,新北市,板橋區;三重區;中和區;永和區;新莊區;新店區;樹林區;土城區;林口區;深坑區,2959-5855,homecare_ntc@hangan.org,胡世賢,20250101.0,20271231.0,20241223 10:42:51
財團法人弘道老人福利基金會附設臺北市私立西松社區長照機構,2S0100022,2,臺北市,松山區,臺北市松山區東榮里南京東路五段251巷46弄5號,121.5646896362,25.0533218384,B,小規模多機能服務,臺北市,松山區;信義區;大安區;中山區;中正區;大同區;萬華區;文山區;南港區;內湖區;士林區;北投區,02-27616300,laughing@hondao.org.tw,王乃弘,20240101.0,20261231.0,20240206 11:58:34
栢麗恆全人診所,B20100103,B2,臺北市,信義區,臺北市信義區忠孝東路五段431號2樓,121.5756072998,25.0410137177,B,居家失能個案家庭醫師照護服務,臺北市,松山區;信義區;大安區;中山區;中正區;大同區;萬華區;文山區;南港區;內湖區;士林區;北投區,02-2765-7065,ymyhl2@gmail.com,葉恒良,20210309.0,20241231.0,20221230 22:07:19
本一診所,B20200221,B2,新北市,蘆洲區,新北市蘆洲區長榮路43-1號,121.4629669189,25.0827159882,B,居家失能個案家庭醫師照護服務,新北市,蘆洲區,02-22836622,linpyclinic@gmail.com,林本一,20250212.0,20271231.0,20250219 08:44:38
新北市私立恩典居家長照機構,1X0200088,1,新北市,板橋區,新北市板橋區文化路二段451號4樓之1,121.4752731323,25.0335159302,B,居家服務,新北市,板橋區;三重區;中和區;永和區;新莊區;新店區;樹林區;鶯歌區;三峽區;淡水區;汐止區;土城區;蘆洲區;五股區;泰山區;林口區;深坑區;石碇區;平溪區;烏來區,2255-2916,clarkchiou@gmail.com,邱啟盛,20250101.0,20271231.0,20250103 15:38:32
新北市私立恩典居家長照機構,1X0200088,1,新北市,板橋區,新北市板橋區文化路二段451號4樓之1,121.4752731323,25.0335159302,B,喘息服務,新北市,板橋區;三重區;中和區;永和區;新莊區;新店區;樹林區;鶯歌區;三峽區;淡水區;汐止區;土城區;蘆洲區;五股區;泰山區;林口區;深坑區;石碇區;平溪區;烏來區,2255-2916,clarkchiou@gmail.com,邱啟盛,20250101.0,20271231.0,20250103 15:39:50
臺北市復華長青多元服務中心(財團法人台灣省私立健順養護中心),BD0100071,BD,臺北市,中山區,臺北市中山區復華里遼寧街185巷11號,121.5427627563,25.0534248352,C,巷弄長照站,臺北市,中山區,02-2717-1393#16,fuhua1060810@gmail.com,黃禎祥,20210101.0,20211231.0,20210408 16:29:06
臺北市政府社會局委託中華民國紅十字會台灣省分會經營管理臺北市中正社區長照機構,2R0100006,2,臺北市,中正區,臺北市中正區建國里貴陽街一段60號3樓,121.5090408325,25.0389251709,B,日間照顧服務,臺北市,松山區;信義區;大安區;中山區;中正區;大同區;萬華區;文山區;南港區;內湖區;士林區;北投區,02-23831958,rct03702883@gmail.com,董光式,20240101.0,20261231.0,20240102 14:56:54
台北市松山區松榮社區發展協會,BF0100185,BF,臺北市,松山區,臺北市松山區東榮里民生東路5段69巷3號1樓,121.5581359863,25.0590820312,C,巷弄長照站,臺北市,松山區,02-27676931,eliahom@gmail.com,鄭玉梅,20210101.0,20211231.0,20210412 12:00:14
沃恩有限公司附設新北市私立耆樂居家長照機構,1N0200002,1,新北市,汐止區,新北市汐止區復興里新台五路一段79號7樓B室,121.6458740234,25.0617275238,A,個案管理服務,新北市,汐止區,02-86983877,swparty120@gmail.com,林顯寬,20250101.0,20250630.0,20241231 16:22:46
沃恩有限公司附設新北市私立耆樂居家長照機構,1N0200002,1,新北市,汐止區,新北市汐止區復興里新台五路一段79號7樓B室,121.6458740234,25.0617275238,A,個案管理服務,臺北市,南港區,02-86983877,swparty120@gmail.com,林顯寬,20250101.0,20261231.0,20241231 20:09:18
觀海護理之家(醫事C),A30200175,A3,新北市,八里區,新北市八里區訊塘里訊塘路78號1樓,121.3977584839,25.1461772919,C,巷弄長照站,新北市,八里區,(02)86303185#258,a044350@gmail.com,朱初梅,20190801.0,20211231.0,20210526 18:26:07
中華民國雙囍老人義務教育推廣協會,BF0100183,BF,臺北市,萬華區,臺北市萬華區壽德里萬大路411號2樓,121.4990615845,25.0215625763,C,巷弄長照站,臺北市,萬華區,02-2331-7158#18,luckyold1020915@gmail.com,張碧雲,20210101.0,20211231.0,20210412 15:04:18
新北市私立樂齡居家長照機構,1X0200086,1,新北市,三重區,新北市三重區重新路三段105號3樓,121.4913024902,25.0599308014,B,喘息服務,新北市,板橋區;三重區;新莊區;蘆洲區,0955162628,judy20000610@yahoo.com.tw,林凱瑩,20250101.0,20271231.0,20241227 11:12:25
博思診所,B20200222,B2,新北市,林口區,新北市林口區中正路20號1樓,121.3960571289,25.0775318146,B,居家失能個案家庭醫師照護服務,新北市,林口區,02-26015666,breathclinic2020@gmail.com,莊淇源,20250101.0,20271231.0,20250103 14:55:09
財團法人一粒麥子社會福利慈善事業基金會附設臺北市私立有福居家長照機構,1S0100013,1,臺北市,萬華區,臺北市萬華區興寧街66巷2號1樓,121.5009613037,25.0267696381,B,居家服務,臺北市,中正區;萬華區,23320669,w110172@wheat.org.tw,呂信雄,20210507.0,20241231.0,20231208 10:10:34
財團法人一粒麥子社會福利慈善事業基金會附設臺北市私立有福居家長照機構,1S0100013,1,臺北市,萬華區,臺北市萬華區興寧街66巷2號1樓,121.5009613037,25.0267696381,B,居家服務,臺北市,中正區;萬華區,23320669,w110172@wheat.org.tw,呂信雄,20240101.0,20261231.0,20231229 18:16:41
臺北市文山區順興里辦公處,BF0100189,BF,臺北市,文山區,臺北市文山區順興里興隆路4段165巷50號1樓,121.5640335083,24.9842739105,C,巷弄長照站,臺北市,文山區,0972246029,bs-pstchsien@mail.tapei.gov.tw,楊培釧,20210101.0,20211231.0,20210409 15:30:25
台北市北投青溪協會,BF0100197,BF,臺北市,北投區,臺北市北投區中庸里珠海路2號,121.5012435913,25.1375408173,C,巷弄長照站,臺北市,北投區,台北市北投區中庸里珠海路2號,skyfu218@gmail.com,陳宗陽,20210101.0,20211231.0,20210409 17:18:05
臺北市信義區西村里辦公處,BF0100209,BF,臺北市,信義區,臺北市信義區西村里基隆路一段364巷22號,121.5592193604,25.0350608826,C,巷弄長照站,臺北市,信義區,0939585853,vb-10394@mail.taipei.cov.tw,馬念慈,20210101.0,20211231.0,20210412 14:28:58
臺北市信義區永安社區發展協會,BF0100210,BF,臺北市,信義區,臺北市信義區長春里松山路294號4樓,121.5776443481,25.0430164337,C,巷弄長照站,臺北市,信義區,02-27238588,chen.cct2622@msa.hinet.net,陳林錦華,20210101.0,20211231.0,20210412 14:32:34
臺北市政府社會局委託財團法人台北市立心慈善基金會經營管理臺北市萬華龍山社區長照機構,2S0100020,2,臺北市,萬華區,臺北市萬華區青山里梧州街36號3樓之1,121.4974899292,25.0373725891,B,日間照顧服務,臺北市,松山區;信義區;大安區;中山區;中正區;大同區;萬華區;文山區;南港區;內湖區;士林區;北投區,02-23361881,longshanold@gmail.com,洪金桐,20230101.0,20231231.0,20230103 14:19:39
臺北市政府社會局委託中華民國紅十字會台灣省分會經營管理臺北市中正社區長照機構,2R0100006,2,臺北市,中正區,臺北市中正區建國里貴陽街一段60號3樓,121.5090408325,25.0389251709,B,日間照顧服務,臺北市,松山區;信義區;大安區;中山區;中正區;大同區;萬華區;文山區;南港區;內湖區;士林區;北投區,02-23831958,rct03702883@gmail.com,董光式,20200101.0,20221231.0,20210315 14:06:13
臺北市政府社會局委託財團法人台北市立心慈善基金會經營管理臺北市萬華龍山社區長照機構,2S0100020,2,臺北市,萬華區,臺北市萬華區青山里梧州街36號3樓之1,121.4974899292,25.0373725891,B,日間照顧服務,臺北市,松山區;信義區;大安區;中山區;中正區;大同區;萬華區;文山區;南港區;內湖區;士林區;北投區,02-23361881,longshanold@gmail.com,洪金桐,20200101.0,20221231.0,20210305 14:32:02
臺北市政府社會局委託財團法人台北市立心慈善基金會經營管理臺北市萬華龍山社區長照機構,2S0100020,2,臺北市,萬華區,臺北市萬華區青山里梧州街36號3樓之1,121.4974899292,25.0373725891,B,營養餐飲服務,臺北市,萬華區,02-23361881,longshanold@gmail.com,洪金桐,20230101.0,20231231.0,20230325 16:57:36
臺北市松山區慈祐里辦公處,BF0100192,BF,臺北市,松山區,臺北市松山區慈祐里八德路4段580號1樓,121.5717391968,25.049703598,C,巷弄長照站,臺北市,松山區,0938889576,casper255058@gmail.com,李祖民 ,20210101.0,20211231.0,20210412 14:10:27
台北市基督教新城教會,BF0100200,BF,臺北市,北投區,臺北市北投區東華里東華街2段180之1號,121.5110168457,25.1202163696,C,巷弄長照站,臺北市,北投區,02-28236310,a0916983917@gmail.com,黎秉劼,20210101.0,20211231.0,20210412 10:49:52
社團法人台北市家庭照顧者關懷協會,BE0100082,BE,臺北市,中山區,臺北市中山區北安里北安路805巷4弄5號地下,121.5545883179,25.0861339569,C,巷弄長照站,臺北市,中山區,0916780645,tachih70@yahoo.com.tw,李孟芬,20210101.0,20211231.0,20210408 16:14:33
財團法人台北市中華基督教藝人之家,BD0100083,BD,臺北市,信義區,臺北市信義區五常里松隆路102號13樓,121.5710296631,25.0458831787,C,巷弄長照站,臺北市,信義區,02-27674567,artists.as@gmail.com,黃榮勇,20210101.0,20211231.0,20210412 14:25:03
臺北市中正區螢橋社區發展協會,BF0100213,BF,臺北市,中正區,臺北市中正區螢雪里福州街59號1樓,121.5143585205,25.0267028809,C,巷弄長照站,臺北市,中正區,02-23052201,yijyechen@gmail.com,陳文質 ,20210101.0,20211231.0,20210408 17:31:50
愛無限整合服務有限公司附設新北市私立愛無限居家長照機構,1V0200040,1,新北市,新店區,新北市新店區中興路二段67巷11號1樓,121.5217971802,24.9861030579,B,專業照護服務,新北市,板橋區;中和區;永和區;新店區,02-8911-6520,mickey821203@gmail.com,楊書竣,20220101.0,20241231.0,20220302 11:31:36
財團法人一粒麥子社會福利慈善事業基金會附設臺北市私立有福居家長照機構,1S0100013,1,臺北市,萬華區,臺北市萬華區興寧街66巷2號1樓,121.5009613037,25.0267696381,B,居家服務,臺北市,中正區;萬華區,23320669,w110172@wheat.org.tw,呂信雄,20220101.0,20231231.0,20211230 15:03:35
社團法人台灣厝邊有愛關懷協會（敦化）,BD0100070,BD,臺北市,松山區,臺北市松山區民有里敦化北路238巷7-9號,121.5487213135,25.0603561401,C,巷弄長照站,臺北市,松山區,02-3635546,lo1119@ms53.hinet.net,鄭忠仁,20210101.0,20211231.0,20210412 11:25:30
臺北市文山區木柵社區發展協會,BF0100188,BF,臺北市,文山區,臺北市文山區木柵里久康街92-1號,121.5671691895,24.9904441833,C,巷弄長照站,臺北市,文山區,0933-220278,kh8113@gmail.com,高銘傳,20210101.0,20211231.0,20210408 18:16:32
沃恩有限公司附設新北市私立耆樂居家長照機構,1N0200002,1,新北市,汐止區,新北市汐止區復興里新台五路一段79號7樓B室,121.6458740234,25.0617275238,B,居家服務,新北市,汐止區,02-86983877,swparty120@gmail.com,林顯寬,20250101.0,20271231.0,20241224 15:43:56
新北市私立樂齡居家長照機構,1X0200086,1,新北市,三重區,新北市三重區重新路三段105號3樓,121.4913024902,25.0599308014,B,居家服務,新北市,板橋區;三重區;新莊區;蘆洲區,0955162628,judy20000610@yahoo.com.tw,林凱瑩,20250101.0,20271231.0,20241227 11:10:16
蕭正貴小兒科家庭醫學科診所,B20200217,B2,新北市,永和區,新北市永和區得和路198號,121.5202255249,24.9999446869,B,居家失能個案家庭醫師照護服務,新北市,中和區;永和區,02-29428333,chengshiao@gmail.com,蕭正貴,20250101.0,20271231.0,20250110 16:55:11
財團法人一粒麥子社會福利慈善事業基金會附設臺北市私立有福居家長照機構,1S0100013,1,臺北市,萬華區,臺北市萬華區興寧街66巷2號1樓,121.5009613037,25.0267696381,B,喘息服務,臺北市,中正區;萬華區,23320669,w110172@wheat.org.tw,呂信雄,20210507.0,20241231.0,20231208 10:10:34
臺北市北投區幸福永和社區發展協會,BF0100198,BF,臺北市,北投區,臺北市北投區永和里行義路63號,121.5279464722,25.1262130737,C,巷弄長照站,臺北市,北投區,0928363298,rita354169@gmail.com,高秀蘭,20210101.0,20211231.0,20210409 17:21:16
財團法人雙福社會福利慈善事業基金會(蒙恩),BD0100076,BD,臺北市,松山區,臺北市松山區復勢里光復北路112號8樓,121.5577087402,25.0507087708,C,巷弄長照站,臺北市,松山區,02-2392-2993分機12,asiapd@gmail.com,吳英賓,20210101.0,20211231.0,20210412 13:52:23
美樺股份有限公司附設新北市私立美樺居家長照機構,1V0200031,1,新北市,三重區,新北市三重區福德里重新路四段53號11樓,121.4866104126,25.0524196625,B,居家服務,新北市,三重區;新莊區,29742133,meihua10911@gmail.com,傅翰強,20250101.0,20271231.0,20241225 16:18:48
美樺股份有限公司附設新北市私立美樺居家長照機構,1V0200031,1,新北市,三重區,新北市三重區福德里重新路四段53號11樓,121.4866104126,25.0524196625,B,喘息服務,新北市,三重區;新莊區,29742133,meihua10911@gmail.com,傅翰強,20250101.0,20271231.0,20241225 16:19:11
財團法人台北市東門基督長老教會,BD0100084,BD,臺北市,中正區,臺北市中正區三愛里仁愛路二段76號,121.5302581787,25.0380210876,C,巷弄長照站,臺北市,中正區,02-23513589,egate.tp@gmail.com,鄭愛玲,20210101.0,20211231.0,20210408 16:34:21
愛無限整合服務有限公司附設新北市私立愛無限居家長照機構,1V0200040,1,新北市,新店區,新北市新店區中興路二段67巷11號1樓,121.5217971802,24.9861030579,B,居家服務,新北市,中和區;永和區;新店區,02-8911-6520,mickey821203@gmail.com,楊書竣,20250101.0,20271231.0,20241220 16:18:31
愛無限整合服務有限公司附設新北市私立愛無限居家長照機構,1V0200040,1,新北市,新店區,新北市新店區中興路二段67巷11號1樓,121.5217971802,24.9861030579,B,喘息服務,新北市,中和區;永和區;新店區,02-8911-6520,mickey821203@gmail.com,楊書竣,20250101.0,20271231.0,20241220 16:18:54
臺北市士林區福順里辦公處,BF0100225,BF,臺北市,士林區,臺北市士林區福順里延平北路5段136巷24號,121.5114746094,25.0821876526,C,巷弄長照站,臺北市,士林區,0958-830-605,bn_526@mail.taipei.gov.tw,林家卉,20210101.0,20211231.0,20210408 09:21:23
達特窩可事業有限公司附設新北市私立賴夫居家長照機構,1V0200041,1,新北市,新莊區,新北市新莊區思源里自立街250號2樓,121.4588851929,25.0454883575,B,喘息服務,新北市,三峽區,26748522,drwalk4u@gmail.com,賴維澤,20250101.0,20271231.0,20241225 15:01:06
財團法人台灣省私立健順養護中心(松山老人服務暨日間照顧中心),BD0100078,BD,臺北市,松山區,臺北市松山區鵬程里健康路317號1樓,121.5666122437,25.0544681549,C,巷弄長照站,臺北市,松山區,02-2768-5636,sselder105@gmail.com,黃禎祥,20210101.0,20211231.0,20210412 14:09:05
財團法人台北市中華基督教信義會(復興堂),BD0100082,BD,臺北市,信義區,臺北市信義區中興里信義路4段375號10樓之2,121.5577316284,25.0332832336,C,巷弄長照站,臺北市,信義區,02-27200440,fushing.fushing@gmail.com,吳大明,20210101.0,20211231.0,20210412 14:21:00
顧佳居家長照事業附設新北市私立顧佳居家長照機構,1V0200039,1,新北市,淡水區,新北市淡水區新民里新民街120巷21號2樓,121.4382553101,25.1781387329,B,喘息服務,新北市,淡水區;三芝區;八里區,77301733,gujia77301733@gmail.com,謝佳芸,20250101.0,20271231.0,20241129 16:17:03
臺北市中正區新永昌社區發展協會,BF0100214,BF,臺北市,中正區,臺北市中正區永昌里汀州路1段242巷17號,121.5098419189,25.0270938873,C,巷弄長照站,臺北市,中正區,0966452161,hcn630@gmail.com,許巧妮 ,20210101.0,20211231.0,20210408 16:49:35
台北市愛羊全人關懷協會,BF0100215,BF,臺北市,中正區,臺北市中正區龍光里和平西路二段17號2樓,121.5137329102,25.0283317566,C,巷弄長照站,臺北市,中正區,0937-888594,keng2727@yahoo.com.tw,葉姿伶 ,20210101.0,20211231.0,20210408 17:32:48
同仁醫療財團法人萬華醫院,B20100100,B2,臺北市,萬華區,臺北市萬華區中華路2段606巷6號,121.5098266602,25.0240497589,B,專業照護服務,臺北市,松山區;信義區;大安區;中山區;中正區;大同區;萬華區;文山區;南港區;內湖區;士林區;北投區,02-23059292*603,wanhuahospital@gmail.com,蕭竹生,20180301.0,20211231.0,20201202 20:20:59
財團法人中華民國台灣基督教信義會內湖教會,BD0100080,BD,臺北市,內湖區,臺北市內湖區港都里港墘路100巷2號1樓,121.5772171021,25.0802307129,C,巷弄長照站,臺北市,內湖區,02-27993958,lipkao@gmail.com,陳至敏,20210101.0,20211231.0,20210408 17:46:46
臺北市大安區光明里辦公處,BF0100211,BF,臺北市,大安區,臺北市大安區光明里信義路2段86巷26號,121.5257873535,25.0337982178,C,巷弄長照站,臺北市,大安區,0928-924384,q23914185@gmail.com,張惠銓 ,20210101.0,20211231.0,20210407 15:21:16
社團法人中華民國新生活社會福利促進會(社照C),BD0200064,BD,新北市,三芝區,新北市三芝區埔頭里43-1號,121.4991836548,25.2616138458,C,巷弄長照站,新北市,三芝區,02-26368398,lkd0901@newlifesw.org.tw,蘇興李,20220101.0,20231231.0,20230628 16:47:23
臺北市信義區惠安里辦公處,BF0100196,BF,臺北市,信義區,臺北市信義區惠安里吳興街506巷21號,121.5685119629,25.0229930878,C,巷弄長照站,臺北市,信義區,0921-912-430,bp-30290@mail.taipei.gov.tw,周葉長,20210101.0,20211231.0,20210412 14:33:49
內湖區湖興里辦公處,BF0100206,BF,臺北市,內湖區,臺北市內湖區湖興里成功路二段320巷19號3樓,121.5899505615,25.0677337646,C,巷弄長照站,臺北市,內湖區,02-27914586,mor6168@gmail.com,蔡穎峰,20210101.0,20211231.0,20210408 18:05:22
新北市私立樂舒活居家長照機構,1X0200089,1,新北市,淡水區,新北市淡水區崁頂里新市二路一段106號1樓（含夾層）,121.4256515503,25.1961307526,B,居家服務,新北市,淡水區;三芝區;石門區;八里區;金山區;萬里區,0936090463,chiouclara@gmail.com,邱雅玲,20250101.0,20271231.0,20241220 11:29:44
新北市私立樂舒活居家長照機構,1X0200089,1,新北市,淡水區,新北市淡水區崁頂里新市二路一段106號1樓（含夾層）,121.4256515503,25.1961307526,B,喘息服務,新北市,淡水區;三芝區;石門區;八里區;金山區;萬里區,0936090463,chiouclara@gmail.com,邱雅玲,20250101.0,20271231.0,20241220 11:30:14
財團法人中華民國佛教慈濟慈善事業基金會新北市私立慈濟蘆洲綜合長照機構,4S0200002,4,新北市,蘆洲區,新北市蘆洲區正義里長樂路125號,121.4618911743,25.0877399445,B,日間照顧服務,新北市,三重區;蘆洲區;五股區,(02)2289-1198#108,ltc001445@tzuchi.org.tw,釋證嚴,20250101.0,20271231.0,20241227 08:39:00
臺北市松山區中正里辦公處,BF0100226,BF,臺北市,松山區,臺北市松山區中正里長安東路二段229號12樓,121.5458526611,25.0483798981,C,巷弄長照站,臺北市,松山區,0937-031518,ruru19841224@gmail.com,洪樸陽,20210101.0,20211231.0,20210412 11:19:23
三軍總醫院社區式長照服務機構,2null0100001,2,臺北市,中正區,臺北市中正區汀洲路3段40號,121.5298843384,25.0164451599,B,日間照顧服務,臺北市,松山區;信義區;大安區;中山區;中正區;大同區;萬華區;文山區;南港區;內湖區;士林區;北投區,87923311*15659,tsghday@mail.ndmctsgh.edu.tw,洪乙仁,20210401.0,20211231.0,20210423 16:49:49
新北市政府社會局委託財團法人中華民國唐氏症基金會辦理三重重新社區長照機構(三重重新障礙者日間照顧中心),2S0200032,2,新北市,三重區,新北市三重區重新路1段87號4樓,121.5012283325,25.0635929108,B,日間照顧服務,新北市,板橋區;三重區;中和區;永和區;新莊區;新店區;樹林區;鶯歌區;三峽區;淡水區;汐止區;瑞芳區;土城區;蘆洲區;五股區;泰山區;林口區;深坑區;石碇區;坪林區;三芝區;石門區;八里區;平溪區;雙溪區;貢寮區;金山區;萬里區;烏來區,29741010,chongxin.daycare@gmail.com,林正俠,20250101.0,20271231.0,20241225 11:10:41
美樺股份有限公司附設新北市私立美樺居家長照機構,1V0200031,1,新北市,三重區,新北市三重區福德里重新路四段53號11樓,121.4866104126,25.0524196625,A,個案管理服務,新北市,三重區,29742133,meihua10911@gmail.com,傅翰強,20250101.0,20250630.0,20241231 14:28:31
秉心有限公司附設臺北市私立秉心居家長照機構,1V0100027,1,臺北市,松山區,臺北市松山區光復北路119-1號2樓,121.5573959351,25.052116394,B,居家服務,臺北市,松山區;信義區;大安區;中山區;中正區;大同區;萬華區;文山區;南港區;內湖區;士林區;北投區,02-27666683,pingshinghome@gmail.com,陳欣怡,20210108.0,20231231.0,20211230 14:52:14
秉心有限公司附設臺北市私立秉心居家長照機構,1V0100027,1,臺北市,松山區,臺北市松山區光復北路119-1號2樓,121.5573959351,25.052116394,B,居家服務,臺北市,松山區;信義區;大安區;中山區;中正區;大同區;萬華區;文山區;南港區;內湖區;士林區;北投區,02-27666683,pingshinghome@gmail.com,陳欣怡,20240101.0,20261231.0,20231229 13:37:32
秉心有限公司附設臺北市私立秉心居家長照機構,1V0100027,1,臺北市,松山區,臺北市松山區光復北路119-1號2樓,121.5573959351,25.052116394,B,喘息服務,臺北市,松山區;信義區;大安區;中山區;中正區;大同區;萬華區;文山區;南港區;內湖區;士林區;北投區,02-27666683,pingshinghome@gmail.com,陳欣怡,20250101.0,20261231.0,20241122 15:04:23
臺北市文山區華興里辦公處,BF0100190,BF,臺北市,文山區,臺北市文山區華興里木柵路一段264號,121.5545120239,24.9879951477,C,巷弄長照站,臺北市,文山區,0905991580,huaxing0607@gmail.com,陳峙穎,20210101.0,20211231.0,20210409 15:19:32
財團法人中華民國佛教慈濟慈善事業基金會新北市私立慈濟蘆洲綜合長照機構,4S0200002,4,新北市,蘆洲區,新北市蘆洲區正義里長樂路125號,121.4618911743,25.0877399445,A,個案管理服務,新北市,三重區;蘆洲區,(02)2289-1198#108,ltc001445@tzuchi.org.tw,釋證嚴,20250101.0,20250630.0,20241231 15:13:33
台北市通化玫瑰社會關懷協會,BF0100220,BF,臺北市,大安區,臺北市大安區法治里通化街178號,121.5532836914,25.0274868011,C,巷弄長照站,臺北市,大安區,0975-227919,peteryeh2009@gmail.com,葉永誠 ,20210101.0,20211231.0,20210407 15:25:22
秉心有限公司附設臺北市私立秉心居家長照機構,1V0100027,1,臺北市,松山區,臺北市松山區光復北路119-1號2樓,121.5573959351,25.052116394,B,喘息服務,臺北市,松山區;信義區;大安區;中山區;中正區;大同區;萬華區;文山區;南港區;內湖區;士林區;北投區,02-27666683,pingshinghome@gmail.com,陳欣怡,20210209.0,20241231.0,20221229 22:42:26
(新北)亞捷汽車租賃股份有限公司,BA0100011,BA,臺北市,士林區,臺北市士林區中正路499號1樓,121.5182647705,25.0918464661,B,交通接送服務,新北市,三重區;新店區;淡水區;汐止區;瑞芳區;蘆洲區;深坑區;石碇區;三芝區;石門區;平溪區;金山區;萬里區,(02)2882-2277,yj2020@csgroup-bus.com.tw,呂奇龍,20250101.0,20271231.0,20241225 10:52:43
新北市私立百禾居家長照機構,1X0200073,1,新北市,板橋區,新北市板橋區四川路二段16巷10號9樓,121.4550323486,25.0033779144,B,居家服務,新北市,板橋區;中和區;永和區;樹林區;土城區,8226-3959,baihe8226@gmail.com,施忠瑜,20250101.0,20271231.0,20241218 14:20:04
財團法人伽耶山基金會,BD0100085,BD,臺北市,中正區,臺北市中正區文北里濟南路二段36號2樓、3樓、4樓,121.5296020508,25.0406093597,C,巷弄長照站,臺北市,中正區,02-2394-6800#403,twlate2014@gmail.com,陳夏珠  ,20210101.0,20211231.0,20210408 16:42:46
財團法人台北市松年長春社會福利基金會(開元),BD0100072,BD,臺北市,文山區,"臺北市文山區木新里開元街25,27號",121.5690612793,24.9890937805,C,巷弄長照站,臺北市,文山區,02-2500-0206,"pine004@twdc.org,tw",王淑惠,20210101.0,20211231.0,20210408 18:19:37
財團法人中華民國佛教慈濟慈善事業基金會新北市私立慈濟蘆洲綜合長照機構,4S0200002,4,新北市,蘆洲區,新北市蘆洲區正義里長樂路125號,121.4618911743,25.0877399445,B,喘息服務,新北市,三重區;中和區;永和區;新莊區;蘆洲區;五股區,(02)2289-1198#108,ltc001445@tzuchi.org.tw,釋證嚴,20250101.0,20271231.0,20241227 08:39:44
達特窩可事業有限公司附設新北市私立賴夫居家長照機構,1V0200041,1,新北市,新莊區,新北市新莊區思源里自立街250號2樓,121.4588851929,25.0454883575,B,專業照護服務,新北市,板橋區;三重區;中和區;永和區;新莊區;新店區;樹林區;鶯歌區;三峽區;土城區;蘆洲區;五股區;泰山區;林口區,26748522,drwalk4u@gmail.com,賴維澤,20220101.0,20241231.0,20220323 10:59:36
達特窩可事業有限公司附設新北市私立賴夫居家長照機構,1V0200041,1,新北市,新莊區,新北市新莊區思源里自立街250號2樓,121.4588851929,25.0454883575,B,喘息服務,桃園市,桃園區;中壢區;大溪區;楊梅區;蘆竹區;大園區;龜山區;八德區;龍潭區;平鎮區;新屋區;觀音區;復興區,26748522,drwalk4u@gmail.com,賴維澤,20231229.0,20251231.0,20240102 16:34:09
新北市私立上好居家長照機構,1X0200092,1,新北市,土城區,新北市土城區中央路二段191號8樓之6,121.4421234131,24.9755172729,B,喘息服務,新北市,板橋區;中和區;土城區,0900-196602,asiafocus.rita@gmail.com,陳淑娟,20250101.0,20271231.0,20241217 10:00:45
福鷺社會企業有限公司附設新北市私立福鷺社區長照機構,2R0200004,2,新北市,蘆洲區,新北市蘆洲區中原里中正路241號5樓,121.4678344727,25.086681366,B,日間照顧服務,新北市,板橋區;三重區;新莊區;蘆洲區;五股區,82850601,fuluseltc@gmail.com,張凱智,20250101.0,20271231.0,20241231 13:55:44
新北市土城區衛生所,B20200229,B2,新北市,土城區,新北市土城區和平路26號,121.4431915283,24.9728565216,B,居家失能個案家庭醫師照護服務,新北市,土城區,02-22603181,AM1874@ntpc.gov.tw,郭巧芸,20250101.0,20271231.0,20241220 15:11:14
新北市私立百禾居家長照機構,1X0200073,1,新北市,板橋區,新北市板橋區四川路二段16巷10號9樓,121.4550323486,25.0033779144,B,喘息服務,新北市,板橋區;中和區;永和區;樹林區;土城區,8226-3959,baihe8226@gmail.com,施忠瑜,20250101.0,20271231.0,20241218 14:20:44
社團法人台灣樂活服務發展協會(汐止盼望站)(社照C),BE0200061,BE,新北市,汐止區,新北市汐止區保安里汐平路一段6巷4號1樓,121.6805648804,25.0708751678,C,巷弄長照站,新北市,汐止區,0939-159495,jilingdong2013@gmail.com,馬佩君,20240601.0,20241231.0,20240625 09:07:06
新北市板橋區大後埔文化關懷協進會(港尾站)(社照C),BF0200149,BF,新北市,板橋區,新北市板橋區港尾里中正路336之1號1樓,121.4551544189,25.0224170685,C,巷弄長照站,新北市,板橋區,0918063168,sunlai689@gmail.com,林治勳,20230101.0,20231231.0,20230630 14:39:39
財團法人中華民國佛教慈濟慈善事業基金會新北市私立慈濟中和社區長照機構,2S0200031,2,新北市,中和區,新北市中和區民生里中山路3段41號1樓,121.4709472656,25.0065059662,B,喘息服務,新北市,板橋區;中和區;永和區;土城區,02-4051-0777*6015,ltc001707@tzuchi.org.tw,釋證嚴,20250101.0,20271231.0,20241226 15:04:11
三軍總醫院社區式長照服務機構,2null0100001,2,臺北市,中正區,臺北市中正區汀洲路3段40號,121.5298843384,25.0164451599,B,日間照顧服務,臺北市,松山區;信義區;大安區;中山區;中正區;大同區;萬華區;文山區;南港區;內湖區;士林區;北投區,87923311*15659,tsghday@mail.ndmctsgh.edu.tw,洪乙仁,20240101.0,20261231.0,20240102 14:53:58
臺北市士林區福中里辦公處,BF0100194,BF,臺北市,士林區,臺北市士林區福中里福港街151號10樓9樓,121.5180511475,25.0874195099,C,巷弄長照站,臺北市,士林區,0228838207,hsiulien0317@gmail.com,王德利,20210101.0,20211231.0,20210407 13:59:04
台北市石牌全人關懷協會,BF0100202,BF,臺北市,北投區,臺北市北投區榮華里明德路283號,121.5222091675,25.1150093079,C,巷弄長照站,臺北市,北投區,02-28262602*11,candykaofeeling@gmail.com,許曉元,20210101.0,20211231.0,20210412 11:13:47
臺北市內湖區石潭社區發展協會,BF0100205,BF,臺北市,內湖區,臺北市內湖區石潭里成功路二段1號2樓,,,C,巷弄長照站,臺北市,內湖區,02-27937177,shuru571110@gmail.com,廖煒國,20210101.0,20211231.0,20210408 17:41:16
臺北市大安區大安新龍社區發展協會,BF0100217,BF,臺北市,大安區,臺北市大安區新龍里信義路三段134巷98號1樓,121.5389480591,25.0290813446,C,巷弄長照站,臺北市,大安區,02-2706-7771,t123411@hotmail.com,李沈素勤,20210101.0,20211231.0,20210407 15:37:38
財團法人中華民國佛教慈濟慈善事業基金會新北市私立慈濟三重社區長照機構,2S0200033,2,新北市,三重區,新北市三重區大有里中正北路472號1樓,121.4730072021,25.0714912415,B,喘息服務,新北市,三重區;新莊區;蘆洲區;五股區;泰山區,29810310#113,sth00070@tzuchi.org.tw,釋證嚴,20250101.0,20271231.0,20250110 16:35:51
銀享全球股份有限公司附設臺北市私立銀享居家長照機構,1R0100032,1,臺北市,大同區,臺北市大同區民權西路136號16樓之7,121.5164108276,25.0627498627,B,居家服務,臺北市,松山區;信義區;大安區;中山區;中正區;大同區;文山區,02-27009805,slghomecare@gmail.com,蔡昕伶,20240101.0,20241231.0,20231229 10:56:29
銀享全球股份有限公司附設臺北市私立銀享居家長照機構,1R0100032,1,臺北市,大同區,臺北市大同區民權西路136號16樓之7,121.5164108276,25.0627498627,B,喘息服務,臺北市,松山區;信義區;大安區;中山區;中正區;大同區;文山區,02-27009805,slghomecare@gmail.com,蔡昕伶,20210723.0,20241231.0,20221230 15:01:57
財團法人一粒麥子社會福利慈善事業基金會附設臺北市私立有福居家長照機構,1S0100013,1,臺北市,萬華區,臺北市萬華區興寧街66巷2號1樓,121.5009613037,25.0267696381,B,喘息服務,臺北市,中正區;萬華區,23320669,w110172@wheat.org.tw,呂信雄,20250101.0,20261231.0,20241119 18:00:56
台北市北投區新石牌社區發展協會,BF0100203,BF,臺北市,北投區,臺北市北投區石牌里自強街120巷15弄8號,121.5162963867,25.1103439331,C,巷弄長照站,臺北市,北投區,(02)2823-6699,j19830406@gmail.com,劉世豪,20210101.0,20211231.0,20210409 17:22:21
福鷺社會企業有限公司附設新北市私立福鷺社區長照機構,2R0200004,2,新北市,蘆洲區,新北市蘆洲區中原里中正路241號5樓,121.4678344727,25.086681366,B,喘息服務,新北市,板橋區;三重區;新莊區;蘆洲區;五股區,82850601,fuluseltc@gmail.com,張凱智,20250101.0,20271231.0,20241231 13:56:12
理馨心理諮商所,B20200230,B2,新北市,土城區,新北市土城區永安街103號5樓,121.4298934937,24.9641304016,B,專業照護服務,新北市,板橋區;三重區;中和區;永和區;新莊區;新店區;樹林區;鶯歌區;三峽區;土城區;五股區;泰山區,0968-989-195,lixincounseling@gmail.com,陳淑蓮,20220101.0,20241231.0,20220318 11:17:32
台北市寶藏巖文化村協會,BF0100216,BF,臺北市,中正區,臺北市中正區水源里汀州路三段230巷14弄10號,121.5324172974,25.0105667114,C,巷弄長照站,臺北市,中正區,0926579112,thcca2012@gmail.com,徐聖情 ,20210101.0,20211231.0,20210408 16:46:24
臺北市松山區龍田里辦公處,BF0100221,BF,臺北市,松山區,臺北市松山區龍田里光復北路230巷21號B1,121.5545654297,25.0559844971,C,巷弄長照站,臺北市,松山區,0988179571,bh_ssda207@mail.taipei.gov.tw,袁俊麒,20210101.0,20211231.0,20210412 14:06:32
社團法人中華生命關愛協會,BE0100085,BE,臺北市,大安區,臺北市大安區芳和里和平東路3段212巷12號,121.5536727905,25.0222053528,C,巷弄長照站,臺北市,大安區,0922407837,chowyinhwa@gmail.com,周音華,20210101.0,20211231.0,20210407 15:34:41
內湖區寶湖里辦公處,BF0100207,BF,臺北市,內湖區,臺北市內湖區寶湖里民權東路六段208號,121.5966949463,25.0676364899,C,巷弄長照站,臺北市,內湖區,0931-302823,bl-yuhsin@mail.taipei.gov.tw,邱顯松,20210101.0,20211231.0,20210408 18:07:47
新北市私立上好居家長照機構,1X0200092,1,新北市,土城區,新北市土城區中央路二段191號8樓之6,121.4421234131,24.9755172729,B,居家服務,新北市,板橋區;中和區;土城區,0900-196602,asiafocus.rita@gmail.com,陳淑娟,20250101.0,20271231.0,20241217 09:59:07
聯心健康顧問有限公司附設新北市私立聯心居家長照機構,1V0200042,1,新北市,板橋區,新北市板橋區民生路一段3號13樓之6,121.4762115479,25.0119171143,B,專業照護服務,新北市,板橋區;三重區;中和區;永和區;新莊區;新店區;土城區;蘆洲區,02-29642985,he.lienhsin888@gmail.com,王維珩,20220101.0,20241231.0,20220322 11:06:23
新北市私立金田居家長照機構,1X0200075,1,新北市,深坑區,新北市深坑區埔新街95巷5號1樓,121.6195526123,25.0017261505,B,居家服務,新北市,板橋區;三重區;中和區;永和區;新莊區;新店區;樹林區;鶯歌區;三峽區;汐止區;瑞芳區;土城區;蘆洲區;五股區;泰山區;深坑區;石碇區;坪林區;八里區;平溪區;雙溪區;貢寮區,2662-7788,alq2215@icloud.com,陳聖偉,20250101.0,20271231.0,20241223 14:42:58
新北市板橋區大後埔文化關懷協進會(板橋民族站)(社照C),BF0200150,BF,新北市,板橋區,新北市板橋區民族里漢生東路326巷2弄11號1樓,121.471206665,25.008398056,C,巷弄長照站,新北市,板橋區,0918063168,sunlai689@gmail.com,王明發,20230101.0,20231231.0,20230630 14:39:03
財團法人中華民國佛教慈濟慈善事業基金會新北市私立慈濟蘆洲綜合長照機構,4S0200002,4,新北市,蘆洲區,新北市蘆洲區正義里長樂路125號,121.4618911743,25.0877399445,B,居家服務,新北市,三重區;新莊區;蘆洲區;五股區;泰山區,(02)2289-1198#108,ltc001445@tzuchi.org.tw,釋證嚴,20250101.0,20271231.0,20241227 08:38:40
財團法人中華民國佛教慈濟慈善事業基金會新北市私立慈濟中和社區長照機構,2S0200031,2,新北市,中和區,新北市中和區民生里中山路3段41號1樓,121.4709472656,25.0065059662,B,日間照顧服務,新北市,板橋區;中和區;永和區;土城區,02-4051-0777*6015,ltc001707@tzuchi.org.tw,釋證嚴,20250101.0,20271231.0,20241226 15:03:33
顧佳居家長照事業附設新北市私立顧佳居家長照機構,1V0200039,1,新北市,淡水區,新北市淡水區新民里新民街120巷21號2樓,121.4382553101,25.1781387329,B,居家服務,新北市,淡水區;三芝區;八里區,77301733,gujia77301733@gmail.com,謝佳芸,20250101.0,20271231.0,20241129 16:16:36
家禾認知社區關懷協會,BF0100186,BF,臺北市,文山區,臺北市文山區政大里政大1街3號1樓,121.5842895508,24.985994339,C,巷弄長照站,臺北市,文山區,02-2234-2467,scchaochao@gmail.com,周存林,20210101.0,20211231.0,20210409 15:16:48
臺北市快樂松年社,BF0100208,BF,臺北市,中山區,臺北市中山區新生里民權東路2段46號3樓之2,121.5300827026,25.0623474121,C,巷弄長照站,臺北市,中山區,0920220422,cynthia422@yahoo.com.tw,羅聯昇,20210101.0,20211231.0,20210408 16:30:30
景得居家呼吸照護所,B80200001,B8,新北市,板橋區,新北市板橋區仁愛路59號2樓,121.4604034424,24.9995994568,B,專業照護服務,新北市,板橋區;三重區;中和區;永和區;新莊區;新店區;樹林區;汐止區;土城區;蘆洲區;五股區;泰山區;林口區,0937618080,jingde2021@gmail.com,葉韋辰,20220101.0,20241231.0,20220325 11:11:51
景得居家呼吸照護所,B80200001,B8,新北市,板橋區,新北市板橋區仁愛路59號2樓,121.4604034424,24.9995994568,B,專業照護服務,新北市,板橋區;三重區;中和區;永和區;新莊區;新店區;樹林區;汐止區;土城區;蘆洲區;五股區;泰山區;林口區,0937618080,jingde2021@gmail.com,葉韋辰,20250101.0,20271231.0,20241226 11:39:42
社團法人寧祈全人健康生命關懷協會附設臺北市私立寧祈居家長照機構,1R0100026,1,臺北市,中山區,臺北市中山區中山里民生東路1段42號12樓之14,121.5244369507,25.0579280853,B,居家服務,臺北市,松山區;信義區;大安區;中山區;中正區;大同區;萬華區;文山區;南港區;內湖區;士林區;北投區,02-2521-3282,homeservice@ningchi.org,吳健樑,20240101.0,20241231.0,20231229 10:28:21
鑫福居家物理治療所,B40200026,B4,新北市,新莊區,新北市新莊區龍鳳里001鄰中正路新旺巷11號2樓,121.4595565796,25.0495548248,B,專業照護服務(CC01),新北市,板橋區;三重區;中和區;永和區;新莊區;樹林區;鶯歌區;三峽區;土城區;蘆洲區;五股區;泰山區,02-29968110,pt87530364@gmail.com,許佩暄,20250101.0,20271231.0,20241227 08:35:43
忠孝事業有限公司附設臺北市私立忠孝居家長照機構,1R0100027,1,臺北市,北投區,臺北市北投區榮華里明德路283號3樓,121.5221328735,25.1145133972,B,喘息服務,臺北市,松山區;信義區;大安區;中山區;中正區;大同區;萬華區;文山區;南港區;內湖區;士林區;北投區,2821-4922,zhongxiao88165821@gmail.com,蔡愷駿,20250101.0,20261231.0,20241126 10:53:53
社團法人寧祈全人健康生命關懷協會附設臺北市私立寧祈居家長照機構,1R0100026,1,臺北市,中山區,臺北市中山區中山里民生東路1段42號12樓之14,121.5244369507,25.0579280853,B,居家服務,臺北市,松山區;信義區;大安區;中山區;中正區;大同區;萬華區;文山區;南港區;內湖區;士林區;北投區,02-2521-3282,homeservice@ningchi.org,吳健樑,20250101.0,20261231.0,20250324 11:04:24
社團法人寧祈全人健康生命關懷協會附設臺北市私立寧祈居家長照機構,1R0100026,1,臺北市,中山區,臺北市中山區中山里民生東路1段42號12樓之14,121.5244369507,25.0579280853,B,喘息服務,臺北市,松山區;信義區;大安區;中山區;中正區;大同區;萬華區;文山區;南港區;內湖區;士林區;北投區,02-2521-3282,homeservice@ningchi.org,吳健樑,20250101.0,20261231.0,20241104 18:57:08
新北市政府社會局委託財團法人中華民國唐氏症基金會辦理三重重新社區長照機構(三重重新障礙者日間照顧中心),2S0200032,2,新北市,三重區,新北市三重區重新路1段87號4樓,121.5012283325,25.0635929108,B,喘息服務,新北市,板橋區;三重區;中和區;永和區;新莊區;新店區;樹林區;鶯歌區;三峽區;淡水區;汐止區;瑞芳區;土城區;蘆洲區;五股區;泰山區;林口區;深坑區;石碇區;坪林區;三芝區;石門區;八里區;平溪區;雙溪區;貢寮區;金山區;萬里區;烏來區,29741010,chongxin.daycare@gmail.com,林正俠,20250101.0,20271231.0,20241225 11:11:01
財團法人中華民國佛教慈濟慈善事業基金會新北市私立慈濟三重社區長照機構,2S0200033,2,新北市,三重區,新北市三重區大有里中正北路472號1樓,121.4730072021,25.0714912415,B,日間照顧服務,新北市,三重區;新莊區;蘆洲區;五股區;泰山區,29810310#113,sth00070@tzuchi.org.tw,釋證嚴,20250101.0,20271231.0,20250110 16:32:17
銀享全球股份有限公司附設臺北市私立銀享居家長照機構,1R0100032,1,臺北市,大同區,臺北市大同區民權西路136號16樓之7,121.5164108276,25.0627498627,B,居家服務,臺北市,松山區;信義區;大安區;中山區;中正區;大同區;文山區,02-27009805,slghomecare@gmail.com,蔡昕伶,20210524.0,20231231.0,20211223 16:01:07
銀享全球股份有限公司附設臺北市私立銀享居家長照機構,1R0100032,1,臺北市,大同區,臺北市大同區民權西路136號16樓之7,121.5164108276,25.0627498627,B,居家服務,臺北市,松山區;信義區;大安區;中山區;中正區;大同區;文山區,02-27009805,slghomecare@gmail.com,蔡昕伶,20250101.0,20261231.0,20250204 15:51:07
三軍總醫院社區式長照服務機構,2null0100001,2,臺北市,中正區,臺北市中正區汀洲路3段40號,121.5298843384,25.0164451599,B,日間照顧服務,臺北市,松山區;信義區;大安區;中山區;中正區;大同區;萬華區;文山區;南港區;內湖區;士林區;北投區,87923311*15659,tsghday@mail.ndmctsgh.edu.tw,洪乙仁,20220101.0,20231231.0,20220208 10:55:17
社團法人台灣新住民關懷協會(興福站)(社照C),BE0200068,BE,新北市,汐止區,新北市汐止區興福里福德一路141巷52號,121.6374664307,25.0665054321,C,巷弄長照站,新北市,汐止區,02-26648575,tnia0510.1@gmail.com,丁祖琳,20240101.0,20241231.0,20240514 14:02:17
新北市淡水區新興里辦公處(社照C),BG0200049,BG,新北市,淡水區,新北市淡水區新興里新春街138號,121.4415664673,25.1816082001,C,巷弄長照站,新北市,淡水區,0915959132,pierre.wu@icloud.com,吳錦泉,20220101.0,20231231.0,20230628 15:27:13
新北市民俗活動發展協會(社照C),BF0200190,BF,新北市,淡水區,新北市淡水區北投里淡金路二段223號,121.4470443726,25.1844844818,C,巷弄長照站,新北市,淡水區,0952652587,hsing0920093849@yahoo.com.tw,黃俊雄,20220101.0,20231231.0,20230628 15:22:19
明新幫老人服務事業股份有限公司附設新北市私立明新幫居家長照機構,1V0200056,1,新北市,新莊區,新北市新莊區中原里中信街176號24樓之3,121.4479064941,25.0576324463,B,居家服務,新北市,新莊區;淡水區;五股區;泰山區;八里區,85227699,yahanhsieh@gmail.com,孔慶娣,20250101.0,20271231.0,20241226 14:33:20
達特窩可事業有限公司附設新北市私立賴夫居家長照機構,1V0200041,1,新北市,新莊區,新北市新莊區思源里自立街250號2樓,121.4588851929,25.0454883575,B,專業照護服務,桃園市,桃園區;中壢區;大溪區;楊梅區;蘆竹區;大園區;龜山區;八德區;龍潭區;平鎮區;新屋區;觀音區;復興區,26748522,drwalk4u@gmail.com,賴維澤,20231229.0,20251231.0,20240102 16:34:09
達特窩可事業有限公司附設新北市私立賴夫居家長照機構,1V0200041,1,新北市,新莊區,新北市新莊區思源里自立街250號2樓,121.4588851929,25.0454883575,B,居家服務,新北市,三峽區,26748522,drwalk4u@gmail.com,賴維澤,20250101.0,20271231.0,20241225 15:00:37
達特窩可事業有限公司附設新北市私立賴夫居家長照機構,1V0200041,1,新北市,新莊區,新北市新莊區思源里自立街250號2樓,121.4588851929,25.0454883575,B,專業照護服務,新北市,板橋區;三重區;中和區;永和區;新莊區;新店區;樹林區;鶯歌區;三峽區;土城區;蘆洲區;五股區;泰山區;林口區,26748522,drwalk4u@gmail.com,賴維澤,20250101.0,20271231.0,20241225 15:02:29
天賜藥局(醫事C),B30200032,B3,新北市,蘆洲區,新北市蘆洲區正義里5鄰長興路292號1樓,121.4604492188,25.0894126892,C,巷弄長照站,新北市,蘆洲區,02-29856852,gb29856852@gmail.com,羅雅貞,20210501.0,20211231.0,20210525 19:07:54
新北市私立金田居家長照機構,1X0200075,1,新北市,深坑區,新北市深坑區埔新街95巷5號1樓,121.6195526123,25.0017261505,B,喘息服務,新北市,板橋區;三重區;中和區;永和區;新莊區;新店區;樹林區;鶯歌區;三峽區;汐止區;瑞芳區;土城區;蘆洲區;五股區;泰山區;深坑區;石碇區;坪林區;八里區;平溪區;雙溪區;貢寮區,2662-7788,alq2215@icloud.com,陳聖偉,20250101.0,20271231.0,20241223 14:43:48
社團法人寧祈全人健康生命關懷協會附設臺北市私立寧祈居家長照機構,1R0100026,1,臺北市,中山區,臺北市中山區中山里民生東路1段42號12樓之14,121.5244369507,25.0579280853,B,居家服務,臺北市,松山區;信義區;大安區;中山區;中正區;大同區;萬華區;文山區;南港區;內湖區;士林區;北投區,02-2521-3282,homeservice@ningchi.org,吳健樑,20210219.0,20231231.0,20211230 16:13:19
社團法人寧祈全人健康生命關懷協會附設臺北市私立寧祈居家長照機構,1R0100026,1,臺北市,中山區,臺北市中山區中山里民生東路1段42號12樓之14,121.5244369507,25.0579280853,B,喘息服務,臺北市,松山區;信義區;大安區;中山區;中正區;大同區;萬華區;文山區;南港區;內湖區;士林區;北投區,02-2521-3282,homeservice@ningchi.org,吳健樑,20211020.0,20241231.0,20221230 18:23:16
華特藥局,B30200028,B3,新北市,泰山區,新北市泰山區明志路一段260號,121.4320907593,25.0605239868,B,專業照護服務,新北市,三重區;新莊區;蘆洲區;五股區;泰山區;林口區,(02)29095662,a499012630@gmail.com,劉宗錡,20220101.0,20241231.0,20220401 10:56:32
財團法人中華民國佛教慈濟慈善事業基金會新北市私立慈濟蘆洲綜合長照機構-埔墘共修處(醫事C),1R0200020,1,新北市,板橋區,新北市板橋區東丘里中山路二段60巷1弄22號1樓,121.4750442505,25.0156536102,C,巷弄長照站,新北市,板橋區,(02)2218-7770分機2224,sayyes103@gmail.com,釋證嚴,20200701.0,20201231.0,20210127 17:38:35
明新幫老人服務事業股份有限公司附設新北市私立明新幫居家長照機構,1V0200056,1,新北市,新莊區,新北市新莊區中原里中信街176號24樓之3,121.4479064941,25.0576324463,B,喘息服務,新北市,新莊區;淡水區;五股區;泰山區;八里區,85227699,yahanhsieh@gmail.com,孔慶娣,20250101.0,20271231.0,20241226 14:33:52
和鄰長照股份有限公司附設新北市私立和鄰居家長照機構-新店中正據點(醫事C),1V0200048,1,新北市,新店區,新北市新店區中正里華中街42號1樓,121.353843689,24.9532337189,C,巷弄長照站,新北市,新店區;樹林區;鶯歌區,7709-1222,honearshih@gmail.com,邱青萸,20210101.0,20211231.0,20210526 17:14:16
臺北市大安區民炤里辦公處,BF0100219,BF,臺北市,大安區,臺北市大安區民炤里信義路3段31巷5號1樓,121.534614563,25.0341472626,C,巷弄長照站,臺北市,大安區,02-27008406,c20181124@gmail.com,周暉泰,20210101.0,20211231.0,20210407 14:56:17
聯心健康顧問有限公司附設新北市私立聯心居家長照機構,1V0200042,1,新北市,板橋區,新北市板橋區民生路一段3號13樓之6,121.4762115479,25.0119171143,B,居家服務,新北市,板橋區;三重區;中和區;永和區;新莊區;新店區;土城區;蘆洲區,02-29642985,he.lienhsin888@gmail.com,王維珩,20250101.0,20271231.0,20241213 14:33:59
聯心健康顧問有限公司附設新北市私立聯心居家長照機構,1V0200042,1,新北市,板橋區,新北市板橋區民生路一段3號13樓之6,121.4762115479,25.0119171143,B,喘息服務,新北市,板橋區;三重區;中和區;永和區;新莊區;新店區;土城區;蘆洲區,02-29642985,he.lienhsin888@gmail.com,王維珩,20250101.0,20271231.0,20241213 14:36:01
聯心健康顧問有限公司附設新北市私立聯心居家長照機構,1V0200042,1,新北市,板橋區,新北市板橋區民生路一段3號13樓之6,121.4762115479,25.0119171143,B,專業照護服務,新北市,板橋區;三重區;中和區;永和區;新莊區;新店區;土城區;蘆洲區,02-29642985,he.lienhsin888@gmail.com,王維珩,20250101.0,20271231.0,20241213 14:36:33
和鄰長照股份有限公司附設新北市私立和鄰居家長照機構-新店中正據點(醫事C),1V0200048,1,新北市,新店區,新北市新店區中正里華中街42號1樓,121.353843689,24.9532337189,B,喘息服務,新北市,新店區,7709-1222,honearshih@gmail.com,邱青萸,20250101.0,20271231.0,20250425 14:12:36
新北市石碇區衛生所(醫事C),B20200239,B2,新北市,石碇區,新北市石碇區中民里011鄰靜安路1段242號,121.6576080322,24.9913482666,C,巷弄長照站,新北市,石碇區,(02)26631325,AG2164@ntpc.gov.tw,姚智偉,20210501.0,20211231.0,20210527 10:55:22
新北市雙溪區中正社區發展協會(社照C),BF0200193,BF,新北市,雙溪區,新北市雙溪區牡丹里中正路64號,121.8514862061,25.0609912872,C,巷弄長照站,新北市,雙溪區,0981-974598,Leemeimei0521@yahoo.com.tw,連福田,20230101.0,20231231.0,20230530 16:59:03
金大心股份有限公司附設新北市私立金大心綜合長照機構,4R0200001,4,新北市,樹林區,新北市樹林區東昇里大安路577號1至2樓,121.4120101929,24.9834747314,B,居家服務,新北市,樹林區;鶯歌區;三峽區;土城區,0976324847,jindaxin577@gmail.com,吳秉珊,20250101.0,20271231.0,20241220 10:58:01
新北市大有忘年協會(社照C),BF0200191,BF,新北市,三重區,新北市三重區二重里疏洪東路2段131號,121.4752655029,25.0666103363,C,巷弄長照站,新北市,三重區,29814448,hsw0902@livemail.tw,李訓銀,20220101.0,20231231.0,20230530 19:05:41
耀生長期照顧服務股份有限公司附設臺北市私立耀生居家長照機構,1V0100031,1,臺北市,中正區,臺北市中正區幸市里中正區懷寧街112號6樓、6樓之1,121.5317993164,25.0423984528,B,喘息服務,臺北市,松山區;信義區;大安區;中山區;中正區;大同區;萬華區;內湖區;北投區,02-23932500,wayne@leaplife.com.tw,蔡坤霖,20221223.0,20241231.0,20221230 14:34:33
新北市熱心慈善關懷協會(社照C),BF0200188,BF,新北市,新莊區,新北市新莊區海山里瓊泰路211號2樓,121.4430770874,25.0317935944,C,巷弄長照站,新北市,新莊區,02-2205-8580,ad1.wu168@msa.hinet.net,黃王銘,20240101.0,20241231.0,20240704 16:44:24
勝安租賃有限公司,BA0200023,BA,新北市,新莊區,新北市新莊區新北大道二段187號,121.4637298584,25.0607852936,B,交通接送服務,新北市,板橋區;三重區;中和區;永和區;新莊區;新店區;樹林區;土城區;蘆洲區;五股區;泰山區;深坑區;八里區,02-85223262,shengan50658748@gmail.com,楊國勝,20250101.0,20271231.0,20241216 10:33:33
新北市三重活躍樂齡協會(社照C),BF0200189,BF,新北市,三重區,新北市三重區重明里重陽路1段60巷101號1樓,121.4846420288,25.0581874847,C,巷弄長照站,新北市,三重區,29891010,suling0930@gmail.com,蔡簿,20220101.0,20231231.0,20230530 18:44:23
安加社會企業股份有限公司附設新北市私立安加居家長照機構-新店區新和里(醫事C),1V0200046,1,新北市,新店區,新北市新店區新和里12鄰新和街120號1樓,121.5212631226,24.9865074158,C,巷弄長照站,新北市,三重區;新店區,0910-288-573,roger.wu@ajltc.net,黃起富,20210501.0,20211231.0,20210525 18:51:38
中華民國松村社會福利暨身心障礙發展協會(社照C),BF0200184,BF,新北市,五股區,新北市五股區五股里民義路一段68號,121.4363708496,25.0846824646,C,巷弄長照站,新北市,五股區,02-22915515,judy61523@gmail.com,李偉立,20220101.0,20221231.0,20220503 09:48:11
寓安有限公司附設新北市私立愛瑞家居家長照機構,1V0200050,1,新北市,新莊區,新北市新莊區中安街3號6樓之1,121.4528579712,25.0453548431,B,專業照護服務,新北市,板橋區;三重區;新莊區;蘆洲區;五股區,0915810317,eccahomecare@gmail.com,蔡佩芸,20220101.0,20241231.0,20220302 10:04:42
寓安有限公司附設新北市私立愛瑞家居家長照機構,1V0200050,1,新北市,新莊區,新北市新莊區中安街3號6樓之1,121.4528579712,25.0453548431,B,專業照護服務,新北市,板橋區;三重區;新莊區;蘆洲區;五股區,0915810317,eccahomecare@gmail.com,蔡佩芸,20250101.0,20271231.0,20241213 11:18:14
愛無限整合服務有限公司附設新北市私立愛無限居家長照機構(醫事C),1V0200049,1,新北市,新店區,新北市新店區國校里3鄰北宜路一段76號1樓,121.5384979248,24.9557590485,C,巷弄長照站,新北市,新店區,(02)8911-6520,mickey821203@gmail.com,楊書竣,20210501.0,20211231.0,20210526 18:47:42
耀生長期照顧服務股份有限公司附設臺北市私立耀生居家長照機構,1V0100031,1,臺北市,中正區,臺北市中正區幸市里中正區懷寧街112號6樓、6樓之1,121.5317993164,25.0423984528,B,喘息服務,臺北市,松山區;信義區;大安區;中山區;中正區;大同區;萬華區;內湖區;士林區,02-23932500,wayne@leaplife.com.tw,蔡坤霖,20250101.0,20261231.0,20241030 19:52:13
耀生長期照顧服務股份有限公司附設臺北市私立耀生居家長照機構,1V0100031,1,臺北市,中正區,臺北市中正區幸市里中正區懷寧街112號6樓、6樓之1,121.5317993164,25.0423984528,A,個案管理服務,臺北市,內湖區,02-23932500,wayne@leaplife.com.tw,蔡坤霖,20240501.0,20241231.0,20240430 11:38:17
寓安有限公司附設新北市私立愛瑞家居家長照機構,1V0200050,1,新北市,新莊區,新北市新莊區中安街3號6樓之1,121.4528579712,25.0453548431,B,居家服務,新北市,板橋區;三重區;新莊區;樹林區;蘆洲區;五股區,0915810317,eccahomecare@gmail.com,蔡佩芸,20250101.0,20271231.0,20241213 11:16:50
社團法人臺灣大米一山健康促進協會附設新北市私立中和壹山社區長照機構,2R0200005,2,新北市,中和區,新北市中和區立德街204號1、2樓,121.4845809937,25.0094947815,B,日間照顧服務,新北市,板橋區;三重區;中和區;永和區;新莊區;新店區;樹林區;鶯歌區;土城區,8668-6651,liinhomecare@gmail.com,周恵貞,20250101.0,20271231.0,20241224 15:03:02
耀生長期照顧服務股份有限公司附設臺北市私立耀生居家長照機構,1V0100031,1,臺北市,中正區,臺北市中正區幸市里中正區懷寧街112號6樓、6樓之1,121.5317993164,25.0423984528,B,居家服務,臺北市,松山區;信義區;大安區;中山區;中正區;大同區;萬華區;內湖區;士林區,02-23932500,wayne@leaplife.com.tw,蔡坤霖,20220101.0,20231231.0,20221230 14:22:05
新北市三芝區衛生所(醫事C),B20200241,B2,新北市,三芝區,新北市三芝區埔坪里民生街31號3樓,121.5035629272,25.256401062,C,巷弄長照站,新北市,三芝區,26364850-317,tpc259@ntpc.gov.tw,羅世偉,20210101.0,20211231.0,20210527 11:44:40
財團法人恆安社會福利慈善事業基金會附設臺北市私立恆安老人長期照顧中心(長期照護型),BD0100086,BD,臺北市,萬華區,臺北市萬華區水源路187號,121.5107727051,25.0236053467,B,營養餐飲服務,臺北市,萬華區,02-23327973,1100330295@hangan.org,胡世賢,20200101.0,20221231.0,20210601 14:25:26
鑫福居家物理治療所,B40200026,B4,新北市,新莊區,新北市新莊區龍鳳里001鄰中正路新旺巷11號2樓,121.4595565796,25.0495548248,B,專業照護服務,新北市,板橋區;三重區;中和區;永和區;新莊區;樹林區;鶯歌區;三峽區;土城區;蘆洲區;五股區;泰山區,02-29968110,pt87530364@gmail.com,許佩暄,20220101.0,20241231.0,20230703 11:13:48
忠孝事業有限公司附設臺北市私立忠孝居家長照機構,1R0100027,1,臺北市,北投區,臺北市北投區榮華里明德路283號3樓,121.5221328735,25.1145133972,B,喘息服務,臺北市,士林區;北投區,2821-4922,zhongxiao88165821@gmail.com,蔡愷駿,20220101.0,20241231.0,20221229 23:01:08
忠孝事業有限公司附設臺北市私立忠孝居家長照機構,1R0100027,1,臺北市,北投區,臺北市北投區榮華里明德路283號3樓,121.5221328735,25.1145133972,B,居家服務,臺北市,松山區;信義區;大安區;中山區;中正區;大同區;萬華區;文山區;南港區;內湖區;士林區;北投區,2821-4922,zhongxiao88165821@gmail.com,蔡愷駿,20220101.0,20241231.0,20221229 23:01:08
天主教耕莘醫療財團法人永和耕莘醫院-永和永興據點(醫事C),B20200192,B2,新北市,永和區,新北市永和區永興里國光路116巷2號1樓,121.5181045532,25.0114898682,B,喘息服務,新北市,永和區,(02)29286060,daycarezte@gmail.com,趙嘉倫,20250101.0,20271231.0,20250424 10:07:43
和鄰長照股份有限公司附設新北市私立和鄰居家長照機構-鶯歌東鶯據點(醫事C),1X0200079,1,新北市,鶯歌區,新北市鶯歌區東鶯里文化路235號1樓,121.356590271,24.9547843933,B,喘息服務,新北市,鶯歌區,02-77091222,honearshih@gmail.com,邱青萸,20250101.0,20271231.0,20250425 14:10:38
和鄰長照股份有限公司附設新北市私立和鄰居家長照機構-鶯歌東鶯據點(醫事C),1X0200079,1,新北市,鶯歌區,新北市鶯歌區東鶯里文化路235號1樓,121.356590271,24.9547843933,C,巷弄長照站,新北市,新店區;樹林區;鶯歌區,02-77091222,honearshih@gmail.com,邱青萸,20210101.0,20211231.0,20210526 17:14:16
仁邦診所,B20200242,B2,新北市,林口區,新北市林口區中山路534號,121.3785018921,25.083694458,B,居家失能個案家庭醫師照護服務,新北市,林口區,02-86012201,lhpclinic0305@gmail.com,羅志煌,20250101.0,20271231.0,20250113 14:43:55
財團法人中華民國佛教慈濟慈善事業基金會新北市私立慈濟蘆洲綜合長照機構-埔墘共修處(醫事C),1R0200020,1,新北市,板橋區,新北市板橋區東丘里中山路二段60巷1弄22號1樓,121.4750442505,25.0156536102,C,巷弄長照站,新北市,板橋區;永和區;鶯歌區;三峽區;淡水區;土城區;林口區,(02)2218-7770分機2224,sayyes103@gmail.com,釋證嚴,20210101.0,20211231.0,20210525 18:22:05
天主教耕莘醫療財團法人永和耕莘醫院-永和永興據點(醫事C),B20200192,B2,新北市,永和區,新北市永和區永興里國光路116巷2號1樓,121.5181045532,25.0114898682,C,巷弄長照站,新北市,永和區,(02)29286060,daycarezte@gmail.com,趙嘉倫,20201001.0,20211231.0,20210526 09:56:06
新北市私立愛迪樂居家長照機構-林口西林據點(醫事C),1X0200078,1,新北市,林口區,新北市林口區西林里文化一路一段190巷6之2號,121.3797607422,25.0744438171,C,巷弄長照站,新北市,林口區,(02)2601-2377,joeshrmow@gmail.com,莊政修,20210101.0,20211231.0,20210526 16:38:41
可馨居家護理所-樹林區(醫事C),B10200096,B1,新北市,樹林區,新北市樹林區圳福里千歲街61巷12弄28號,121.4279022217,25.199426651,C,巷弄長照站,新北市,樹林區,02-2239-8785、0930866217、0919471279,wind59450@gmail.com,余儒,20210101.0,20211231.0,20210526 18:00:09
社團法人中華關懷身心促進發展協會(大同站)(社照C),BE0200062,BE,新北市,汐止區,新北市汐止區大同里大同路二段312巷16弄35號1樓,121.6550216675,25.0653629303,C,巷弄長照站,新北市,汐止區,0980731450,finichu2@yahoo.com.tw,張贊洪,20240101.0,20241231.0,20240514 13:54:21
社團法人臺灣大米一山健康促進協會附設新北市私立中和壹山社區長照機構,2R0200005,2,新北市,中和區,新北市中和區立德街204號1、2樓,121.4845809937,25.0094947815,B,喘息服務,新北市,板橋區;三重區;中和區;永和區;新莊區;新店區;樹林區;鶯歌區;土城區,8668-6651,liinhomecare@gmail.com,周恵貞,20250101.0,20271231.0,20241224 15:04:22
仁邦診所,B20200237,B2,新北市,林口區,新北市林口區中山路534號,121.3785018921,25.083694458,B,居家失能個案家庭醫師照護服務,桃園市,桃園區;蘆竹區;龜山區,02-86012201,lhpclinic0305@gmail.com,羅志煌,20240101.0,20251231.0,20240510 11:45:12
安加社會企業股份有限公司附設新北市私立安加居家長照機構-三重區培德里(醫事C),1V0200045,1,新北市,三重區,新北市三重區培德里17鄰車頭路街4巷5號1樓,121.4869689941,25.0716114044,C,巷弄長照站,新北市,三重區;新店區,0910-288-573,roger.wu@ajltc.net,黃起富,20210501.0,20211231.0,20210525 18:51:38
新北市萬里區衛生所-萬里據點(醫事C),B20200196,B2,新北市,萬里區,新北市萬里區萬里里瑪鍊路157號2樓,121.6897125244,25.1783313751,C,巷弄長照站,新北市,萬里區,02-24921117,AN6356@ntpc.gov.tw,葉源潔,20200801.0,20201231.0,20210127 17:30:47
新北市土城區日新里辦公處(社照C),BF0200159,BF,新北市,土城區,新北市土城區日新里裕生路100巷7號,121.4462051392,24.9850902557,C,巷弄長照站,新北市,土城區,0282626001,coffee0416@hotmail.com,吳信坪,20220101.0,20221231.0,20220502 16:48:40
新北市崇德光慧經典教育推廣協會(社照C),BF0200164,BF,新北市,土城區,新北市土城區中華路一段36號6樓,121.4463043213,24.9897232056,C,巷弄長照站,新北市,土城區,0289669504,hty@gmail.com,謝寬鈴,20220101.0,20221231.0,20220502 16:49:43
新北市私立愛迪樂居家長照機構-林口西林據點(醫事C),1X0200078,1,新北市,林口區,新北市林口區西林里文化一路一段190巷6之2號,121.3797607422,25.0744438171,B,喘息服務,新北市,林口區,(02)2601-2377,joeshrmow@gmail.com,莊政修,20250101.0,20271231.0,20250425 14:40:48
耀生長期照顧服務股份有限公司附設臺北市私立耀生居家長照機構,1V0100031,1,臺北市,中正區,臺北市中正區幸市里中正區懷寧街112號6樓、6樓之1,121.5317993164,25.0423984528,A,個案管理服務,臺北市,內湖區,02-23932500,wayne@leaplife.com.tw,蔡坤霖,20250101.0,20261231.0,20241231 17:14:46
新北市雙溪區牡丹社區發展協會(社照C),BF0200194,BF,新北市,雙溪區,新北市雙溪區牡丹里下坑36號,121.8499603271,25.056848526,C,巷弄長照站,新北市,雙溪區,0919-391547,AO5799@ntpc.gov.tw,游坤信,20230101.0,20231231.0,20230530 16:58:33
天天關懷健康生活股份有限公司附設新北市私立真承居家長照機構,1R0200031,1,新北市,土城區,新北市土城區中央路四段76-9號2樓,121.4185638428,24.9599533081,B,居家服務,新北市,板橋區;中和區;樹林區;三峽區;土城區,02-22680166,caring.tiantian@gmail.com,李仲齊,20250101.0,20271231.0,20241216 11:22:02
鑫福居家物理治療所,B40200026,B4,新北市,新莊區,新北市新莊區龍鳳里001鄰中正路新旺巷11號2樓,121.4595565796,25.0495548248,B,專業照護服務(CC01),新北市,板橋區;三重區;中和區;永和區;新莊區;新店區;樹林區;鶯歌區;三峽區;淡水區;汐止區;瑞芳區;土城區;蘆洲區;五股區;泰山區;林口區;深坑區;石碇區;坪林區;三芝區;石門區;八里區;平溪區;雙溪區;貢寮區;金山區;萬里區;烏來區,02-29968110,pt87530364@gmail.com,許佩暄,20220101.0,20241231.0,20230802 17:19:14
鑫福居家物理治療所,B40200026,B4,新北市,新莊區,新北市新莊區龍鳳里001鄰中正路新旺巷11號2樓,121.4595565796,25.0495548248,B,專業照護服務,新北市,板橋區;三重區;中和區;永和區;新莊區;樹林區;鶯歌區;三峽區;土城區;蘆洲區;五股區;泰山區,02-29968110,pt87530364@gmail.com,許佩暄,20250101.0,20271231.0,20241227 08:35:15
忠孝事業有限公司附設臺北市私立忠孝居家長照機構,1R0100027,1,臺北市,北投區,臺北市北投區榮華里明德路283號3樓,121.5221328735,25.1145133972,B,居家服務,臺北市,松山區;信義區;大安區;中山區;中正區;大同區;萬華區;文山區;南港區;內湖區;士林區;北投區,2821-4922,zhongxiao88165821@gmail.com,蔡愷駿,20240101.0,20261231.0,20231229 09:39:57
新北市社區工作者協會-萬里站(社照C),BF0200181,BF,新北市,萬里區,新北市萬里區北基里孝六街5號,121.6831970215,25.1760406494,C,巷弄長照站,新北市,萬里區,0910084033,tallest999@gmail.com,丘燕武,20220101.0,20221231.0,20220503 09:19:06
新北市多元智能老幼暨兒童教育發展協會(三峽站)(社照C),BF0200186,BF,新北市,三峽區,新北市三峽區安溪里中正路一段200號,121.3723220825,24.9281044006,C,巷弄長照站,新北市,三峽區,02-28575889,elite.everyday@gmail.com,李姿慧,20240101.0,20241231.0,20240707 14:35:15
新北市豐樂藝術文化愛心關懷協會(社照C),BF0200187,BF,新北市,土城區,新北市土城區明德里學士路100號,121.4501876831,24.9798526764,C,巷弄長照站,新北市,土城區,0987389449,judy49818@gmail.com,謝美珠,20220101.0,20221231.0,20220502 16:50:13
安加社會企業股份有限公司附設新北市私立安加居家長照機構-三重區信安里(醫事C),1V0200044,1,新北市,三重區,新北市三重區信安里6鄰正義北路364巷62號1樓,121.5146102905,25.0109806061,C,巷弄長照站,新北市,三重區;新店區,0910-288-573,roger.wu@ajltc.net,黃起富,20210501.0,20211231.0,20210525 18:51:38
新北市全能銀色樂活關懷協會(社照C),BF0200183,BF,新北市,新莊區,新北市新莊區民安里民安西路38巷19號,121.4267578125,25.0205574036,C,巷弄長照站,新北市,新莊區,0968-215752,a818387@kimo.com,楊惠珠,20240101.0,20241231.0,20240704 16:40:50
新北市私立全家居家長照機構,1X0200097,1,新北市,板橋區,新北市板橋區四川路二段237號6樓之2,121.4509277344,24.9939098358,B,喘息服務,新北市,板橋區;樹林區;土城區,0910-059-928,Quanjia1966@gmail.com,田家嫺,20250101.0,20271231.0,20241204 14:49:17
金大心股份有限公司附設新北市私立金大心綜合長照機構,4R0200001,4,新北市,樹林區,新北市樹林區東昇里大安路577號1至2樓,121.4120101929,24.9834747314,B,專業照護服務,新北市,樹林區;鶯歌區;三峽區;土城區,0976324847,jindaxin577@gmail.com,吳秉珊,20220101.0,20241231.0,20220318 11:52:36
允馨居家長照有限公司附設新北市私立允馨居家長照機構,1V0200052,1,新北市,淡水區,新北市淡水區學府里英專路226號1樓,121.4496994019,25.1731472015,B,喘息服務,新北市,淡水區,0226200640,yunsin580@hotmail.com,陳世洋,20250101.0,20271231.0,20241204 10:06:14
新北市私立禾九居家長照機構,1X0200098,1,新北市,蘆洲區,新北市蘆洲區水河里民族路422巷53號2樓,121.4729232788,25.0940475464,B,居家服務,新北市,三重區;新莊區;蘆洲區;五股區;泰山區;八里區,0906833310,pc26078@gmail.com,夏秋菊,20250101.0,20271231.0,20241225 15:05:17
新北市土城區延吉社區發展協會(社照C),BF0200199,BF,新北市,土城區,新北市土城區延吉里延吉街113號,121.471244812,24.9865779877,C,巷弄長照站,新北市,土城區,0222709956,Po.chou8@gmail.com,洪正榮,20220101.0,20221231.0,20220502 16:47:38
新北市板橋區勞工志工服務協會(板橋華德站)(社照C),BF0200198,BF,新北市,板橋區,新北市板橋區華德里四川路二段245巷125號,121.4539337158,24.9943447113,C,巷弄長照站,新北市,板橋區,0229589299,123@gmail.com,林治勳,20230101.0,20231231.0,20230630 14:56:13
新北市私立全家居家長照機構,1X0200097,1,新北市,板橋區,新北市板橋區四川路二段237號6樓之2,121.4509277344,24.9939098358,B,居家服務,新北市,板橋區;樹林區;土城區,0910-059-928,Quanjia1966@gmail.com,田家嫺,20250101.0,20271231.0,20241204 14:48:40
金大心股份有限公司附設新北市私立金大心綜合長照機構,4R0200001,4,新北市,樹林區,新北市樹林區東昇里大安路577號1至2樓,121.4120101929,24.9834747314,B,日間照顧服務,新北市,板橋區;三重區;中和區;永和區;新莊區;新店區;樹林區;鶯歌區;三峽區;淡水區;汐止區;瑞芳區;土城區;蘆洲區;五股區;泰山區;林口區;深坑區;石碇區;坪林區;三芝區;石門區;八里區;平溪區;雙溪區;貢寮區;金山區;萬里區;烏來區,0976324847,jindaxin577@gmail.com,吳秉珊,20250101.0,20271231.0,20241220 10:57:42
家嘉藥局(醫事C),B30200033,B3,新北市,中和區,新北市中和區嘉新里6鄰員山路355號1樓,121.4811553955,25.0019226074,C,巷弄長照站,新北市,中和區,(02)8228-1388,camilla1018@gmail.com,張均儀,20210501.0,20211231.0,20210526 10:13:35
新北市關懷社會福利服務協會(社照C),BF0200195,BF,新北市,板橋區,新北市板橋區滿翠里民生路3段270之1號1樓,121.4636611938,25.0290126801,C,巷弄長照站,新北市,板橋區,0282570037,alanhsu@gmail.com,蕭蓮桂,20240101.0,20241231.0,20240531 21:15:53
允馨居家長照有限公司附設新北市私立允馨居家長照機構,1V0200052,1,新北市,淡水區,新北市淡水區學府里英專路226號1樓,121.4496994019,25.1731472015,B,居家服務,新北市,淡水區,0226200640,yunsin580@hotmail.com,陳世洋,20250101.0,20271231.0,20241204 10:05:43
新北市私立璟馨居家式服務類長期照顧服務機構(醫事C),1X0200080,1,新北市,土城區,新北市土城區延吉里延吉街76號,121.4710235596,24.9866790771,C,巷弄長照站,新北市,土城區,02-77230968,jxhomecare@gmail.com,洪慧珍,20200601.0,20211231.0,20210526 17:53:12
新北市萬里區衛生所-萬里據點(醫事C),B20200196,B2,新北市,萬里區,新北市萬里區萬里里瑪鍊路157號2樓,121.6897125244,25.1783313751,C,巷弄長照站,新北市,萬里區,02-24921117,AN6356@ntpc.gov.tw,葉源潔,20210101.0,20211231.0,20210527 11:50:01
新北市板橋區大浮洲發展協進會(板橋龍安站)(社照C),BF0200161,BF,新北市,板橋區,新北市板橋區龍安里大觀路二段174巷118弄12號1樓,121.4426879883,25.0012073517,C,巷弄長照站,新北市,板橋區,22725088,yusulan0987189148@gmail.com,林新添,20230101.0,20231231.0,20230630 14:54:12
財團法人新北市基督教新希望教會(土城清水站)(社照C),BF0200165,BF,新北市,土城區,新北市土城區明德路一段240巷26弄5號,121.4604110718,24.9781894684,C,巷弄長照站,新北市,土城區,0952922096,shine8539@gmail.com,林淑萍,20220101.0,20221231.0,20220502 16:49:17
(臺北市)北台灣無障礙運輸產業工會,BA0200026,BA,新北市,中和區,新北市中和區連勝街159號5樓,121.4942245483,24.9965553284,B,交通接送服務(DA01),臺北市,松山區;信義區;大安區;中山區;中正區;大同區;萬華區;文山區;南港區;內湖區;士林區;北投區,02-77515349,mick9319@yahoo.com.tw,林垂穎,20240101.0,20261231.0,20240327 10:02:52
金大心股份有限公司附設新北市私立金大心綜合長照機構,4R0200001,4,新北市,樹林區,新北市樹林區東昇里大安路577號1至2樓,121.4120101929,24.9834747314,B,喘息服務,新北市,板橋區;三重區;中和區;永和區;新莊區;新店區;樹林區;鶯歌區;三峽區;淡水區;汐止區;瑞芳區;土城區;蘆洲區;五股區;泰山區;林口區;深坑區;石碇區;坪林區;三芝區;石門區;八里區;平溪區;雙溪區;貢寮區;金山區;萬里區;烏來區,0976324847,jindaxin577@gmail.com,吳秉珊,20250101.0,20271231.0,20241220 10:58:21
古淶稀健康股份有限公司附設新北市私立三峽古淶稀社區長照機構,2R0200006,2,新北市,三峽區,新北市三峽區復興路56、58號2樓,121.374382019,24.9362163544,B,喘息服務,新北市,板橋區;中和區;新莊區;樹林區;鶯歌區;三峽區;土城區,02-26732586,kls83593107@gmail.com,黃佳彤,20250101.0,20271231.0,20241226 09:55:16
新北市永和區雙和里辦公處(社照C),BF0200205,BF,新北市,永和區,新北市永和區雙和里中和路335巷18弄1號1樓,121.5075149536,25.0003986359,C,巷弄長照站,新北市,永和區,0926230300,qq0926230300@gmail.com,黃珠珪,20220101.0,20231231.0,20230531 21:10:39
新北市雙溪區長源社區發展協會(社照C),BG0200046,BG,新北市,雙溪區,新北市雙溪區長源里柑腳19號,121.8049087524,25.014591217,C,巷弄長照站,新北市,雙溪區,0915950333,AB4847@ntpc.gov.tw,黃正夫,20230101.0,20231231.0,20230530 16:59:36
耀生長期照顧服務股份有限公司附設臺北市私立耀生居家長照機構,1V0100031,1,臺北市,中正區,臺北市中正區幸市里中正區懷寧街112號6樓、6樓之1,121.5317993164,25.0423984528,B,居家服務,臺北市,松山區;信義區;大安區;中山區;中正區;大同區;萬華區;文山區;南港區;內湖區;士林區,02-23932500,wayne@leaplife.com.tw,蔡坤霖,20240101.0,20261231.0,20240827 14:08:16
新北市雙溪區平林里辦公處(社照C),BG0200050,BG,新北市,雙溪區,新北市雙溪區平林里外平林17號,121.8571243286,25.0379829407,C,巷弄長照站,新北市,雙溪區,0911-961-725,ad3751@ntpc.tov.tw,黃添松,20230101.0,20231231.0,20230530 16:58:01
新北市板橋深埔港人文推廣協會-板橋香丘站(社照C),BF0200196,BF,新北市,板橋區,新北市板橋區香丘里板新路221號,121.4681472778,25.0157852173,C,巷弄長照站,新北市,板橋區,0913192599,yusulan0987189148@gmail.com,吳秀珍,20230101.0,20231231.0,20230630 14:57:40
清山交通有限公司,BA0100023,BA,臺北市,松山區,臺北市松山區三民路113巷12號6樓,121.5624313354,25.0580596924,B,交通接送服務(DA01),臺北市,松山區;信義區;大安區;中山區;中正區;大同區;萬華區;文山區;南港區;內湖區;士林區;北投區,0930848338,laughflower@gmail.com,林青駿,20240101.0,20261231.0,20240327 10:01:19
台灣環保協會(社照C),BF0200200,BF,新北市,蘆洲區,新北市蘆洲區溪墘里信義路65號,121.4760513306,25.0795707703,C,巷弄長照站,新北市,蘆洲區,0952112199,ho-0603@hotmail.com,李淑津,20220101.0,20221231.0,20220503 10:08:41
寶珠居家職能治療所,B50200012,B5,新北市,瑞芳區,新北市瑞芳區瑞芳街38號1樓1室,121.8065795898,25.109828949,A,個案管理服務,新北市,中和區;瑞芳區,02-24970020,baozhucare@gmail.com,廖俊傑,20250101.0,20250630.0,20241231 15:08:32
百禾長照社團法人附設新北市私立百禾住宿長照機構,3K0200001,3,新北市,板橋區,新北市板橋區南雅南路1段8號2 、3、4樓本號及8號2 、3、4樓之1至66,121.4560317993,25.0066184998,B,喘息服務,新北市,板橋區;三重區;中和區;永和區;新莊區;新店區;樹林區;鶯歌區;三峽區;淡水區;汐止區;瑞芳區;土城區;蘆洲區;五股區;泰山區;林口區;深坑區;石碇區;坪林區;三芝區;石門區;八里區;平溪區;雙溪區;貢寮區;金山區;萬里區;烏來區,02-29661717,baihe2966@gmail.com,施忠瑜,20250101.0,20271231.0,20241224 14:58:42
新北市私立康圓居家長照機構,1X0200083,1,新北市,中和區,新北市中和區中山路2段228號12樓之15,121.4989395142,25.0027809143,B,喘息服務,新北市,中和區;永和區,02-2246-6289,kangyuanhomeservice@gmail.com,江樹傑,20250101.0,20271231.0,20241216 10:45:30
金旺租賃有限公司,BA0100026,BA,臺北市,中山區,臺北市中山區長春路172號7樓之8,121.5338516235,25.0546913147,B,交通接送服務(DA01),新北市,板橋區;三重區;中和區;永和區;新莊區;新店區;淡水區;汐止區;土城區;蘆洲區,0981896108,a0975672263@gmail.com,盧逸穎,20250101.0,20271231.0,20250110 14:22:00
金旺租賃有限公司,BA0100026,BA,臺北市,中山區,臺北市中山區長春路172號7樓之8,121.5338516235,25.0546913147,B,交通接送服務(DA01),臺北市,松山區;信義區;大安區;中山區;中正區;大同區;萬華區;文山區;南港區;內湖區;士林區;北投區,0981896108,a0975672263@gmail.com,盧逸穎,20240101.0,20261231.0,20240327 09:54:16
新北市環保志工協會(社照C),2X0200013,2,新北市,三重區,新北市三重區錦安里16鄰長生街1號,121.4988708496,25.0662403107,C,巷弄長照站,新北市,三重區,02-2972-3223,andychu882000@yahoo.com.tw,朱志平,20220101.0,20231231.0,20230530 19:06:47
天天關懷健康生活股份有限公司附設新北市私立真承居家長照機構,1R0200031,1,新北市,土城區,新北市土城區中央路四段76-9號2樓,121.4185638428,24.9599533081,B,喘息服務,新北市,板橋區;中和區;樹林區;三峽區;土城區,02-22680166,caring.tiantian@gmail.com,李仲齊,20250101.0,20271231.0,20241216 11:23:04
(臺北市)亞捷汽車租賃股份有限公司,BA0100024,BA,臺北市,士林區,臺北市士林區中正路499號1樓,121.5182647705,25.0918464661,B,交通接送服務(DA01),臺北市,松山區;信義區;大安區;中山區;中正區;大同區;萬華區;文山區;南港區;內湖區;士林區;北投區,(02)2882-2277,yj2020@csgroup-bus.com.tw,呂奇龍,20240101.0,20261231.0,20240327 10:04:10
紙飛機服務科技股份有限公司附設臺北市私立紙飛機居家長照機構,1V0100032,1,臺北市,萬華區,臺北市萬華區青山里西園路一段200號8樓之3,121.499206543,25.0359230042,B,喘息服務,臺北市,松山區;信義區;大安區;中山區;大同區;萬華區;南港區;內湖區;士林區;北投區,0909139394,teitei3432@gmail.com,李學真,20250101.0,20261231.0,20250519 14:40:14
紙飛機服務科技股份有限公司附設臺北市私立紙飛機居家長照機構,1V0100032,1,臺北市,萬華區,臺北市萬華區青山里西園路一段200號8樓之3,121.499206543,25.0359230042,B,居家服務,臺北市,松山區;信義區;大安區;中正區;大同區;萬華區;南港區;內湖區,0909139394,teitei3432@gmail.com,李學真,20211203.0,20241231.0,20230523 15:13:28
台灣在地安老推展協會(淡水埤島站)(社照C),BF0200169,BF,新北市,淡水區,新北市淡水區埤島里埤島7-5號,121.4455337524,25.1928501129,C,巷弄長照站,新北市,淡水區,02-264129770926-348981,aginginplacetw@gmail.com,呂子煒,20220101.0,20231231.0,20230628 15:32:11
宇婕居家長照有限公司附設新北市私立宇婕居家長照機構,1N0200003,1,新北市,瑞芳區,新北市瑞芳區中山路5號3樓,121.805015564,25.1080417633,B,居家服務,新北市,瑞芳區,0987414919,ujie580@outlook.com,林美珠,20250101.0,20271231.0,20241205 11:50:14
溫心企業有限公司附設臺北市私立溫心居家長照機構,1R0100034,1,臺北市,中山區,臺北市中山區力行里復興北路62號3樓之1(6室),121.5437850952,25.0504817963,B,居家服務,臺北市,松山區;中山區;大同區,02-2751-0515,hopelight825@gmail.com,張正松,20250101.0,20261231.0,20250205 09:30:50
湖水綠簡單生活有限公司附設新北市私立中和連城社區長照機構,2V0200002,2,新北市,中和區,新北市中和區中正路689號1樓,121.4849395752,24.9981040955,B,日間照顧服務,新北市,板橋區;中和區;永和區;土城區,02-2308-1211,ad3.inva@gmail.com,陳意春,20250101.0,20271231.0,20250219 08:37:41
湖水綠簡單生活有限公司附設新北市私立中和連城社區長照機構,2V0200002,2,新北市,中和區,新北市中和區中正路689號1樓,121.4849395752,24.9981040955,B,喘息服務,新北市,板橋區;中和區;永和區;土城區,02-2308-1211,ad3.inva@gmail.com,陳意春,20250101.0,20271231.0,20250219 08:38:24
古淶稀健康股份有限公司附設新北市私立三峽古淶稀社區長照機構,2R0200006,2,新北市,三峽區,新北市三峽區復興路56、58號2樓,121.374382019,24.9362163544,B,日間照顧服務,新北市,板橋區;中和區;新莊區;樹林區;鶯歌區;三峽區;土城區,02-26732586,kls83593107@gmail.com,黃佳彤,20250101.0,20271231.0,20241226 09:54:41
新北市淡水區正德里辦公處-淡水正德據點(社照C),BF0200172,BF,新北市,淡水區,新北市淡水區正德里北新路141巷27號,121.450012207,25.1795539856,C,巷弄長照站,新北市,淡水區,02-2628-1110,may26281110@gmail.com,黃俊雄,20220101.0,20231231.0,20230628 15:31:16
新北市淡水區正德里辦公處-淡水正德據點(社照C),BF0200172,BF,新北市,淡水區,新北市淡水區正德里北新路141巷27號,121.450012207,25.1795539856,B,喘息服務,新北市,淡水區,02-2628-1110,may26281110@gmail.com,黃俊雄,20250101.0,20271231.0,20241220 11:58:57
社團法人中華關懷身心促進發展協會(秀山站)(社照C),BF0200207,BF,新北市,汐止區,新北市汐止區秀山里秀峰路149號1樓,121.6606216431,25.0621585846,C,巷弄長照站,新北市,汐止區,0980731450,finichu2@yahoo.com.tw,張贊洪,20240101.0,20241231.0,20240514 13:52:44
紙飛機服務科技股份有限公司附設臺北市私立紙飛機居家長照機構,1V0100032,1,臺北市,萬華區,臺北市萬華區青山里西園路一段200號8樓之3,121.499206543,25.0359230042,B,居家服務,臺北市,松山區;信義區;大安區;中正區;大同區;萬華區;南港區;內湖區;士林區;北投區,0909139394,teitei3432@gmail.com,李學真,20240101.0,20261231.0,20240514 14:45:29
紙飛機服務科技股份有限公司附設臺北市私立紙飛機居家長照機構,1V0100032,1,臺北市,萬華區,臺北市萬華區青山里西園路一段200號8樓之3,121.499206543,25.0359230042,B,喘息服務,臺北市,松山區;信義區;大安區;中山區;大同區;萬華區;南港區;內湖區,0909139394,teitei3432@gmail.com,李學真,20211203.0,20241231.0,20240305 15:29:53
謝坤川診所,B20200244,B2,新北市,板橋區,新北市板橋區陽明街10號,121.4666519165,25.0217533112,B,居家失能個案家庭醫師照護服務,新北市,板橋區,02-22562949,vision2195@gmail.com,謝坤川,20250101.0,20271231.0,20250103 15:01:38
新北市私立幸心綜合長照機構,4X0200001,4,新北市,新莊區,新北市新莊區文明里中正路55之1號1樓,121.4621429443,25.0396938324,B,喘息服務,新北市,板橋區;三重區;新莊區,0963773108,diana001123@gmail.com,顏瓊雯,20250101.0,20271231.0,20250110 11:39:08
溫心企業有限公司附設臺北市私立溫心居家長照機構,1R0100034,1,臺北市,中山區,臺北市中山區力行里復興北路62號3樓之1(6室),121.5437850952,25.0504817963,B,喘息服務,臺北市,松山區;信義區;大安區;中山區;中正區;大同區;萬華區;文山區;南港區;內湖區;士林區;北投區,02-2751-0515,hopelight825@gmail.com,張正松,20211006.0,20241231.0,20221229 23:16:12
溫心企業有限公司附設臺北市私立溫心居家長照機構,1R0100034,1,臺北市,中山區,臺北市中山區力行里復興北路62號3樓之1(6室),121.5437850952,25.0504817963,B,居家服務,臺北市,松山區;中山區;大同區,02-2751-0515,hopelight825@gmail.com,張正松,20240101.0,20241231.0,20231229 10:30:44
新北市私立佳恩居家長照機構,1X0200101,1,新北市,中和區,新北市中和區中正里中正路500號2樓(第2房),121.5409088135,24.9655056,B,居家服務,新北市,中和區;永和區;新店區,8663-8758,1207lohas@gmail.com,鄭婉蓉,20250101.0,20271231.0,20241216 11:18:01
溫心企業有限公司附設臺北市私立溫心居家長照機構,1R0100034,1,臺北市,中山區,臺北市中山區力行里復興北路62號3樓之1(6室),121.5437850952,25.0504817963,B,居家服務,臺北市,松山區;中山區;大同區,02-2751-0515,hopelight825@gmail.com,張正松,20220223.0,20231231.0,20220225 18:32:37
溫心企業有限公司附設臺北市私立溫心居家長照機構,1R0100034,1,臺北市,中山區,臺北市中山區力行里復興北路62號3樓之1(6室),121.5437850952,25.0504817963,B,喘息服務,臺北市,松山區;信義區;大安區;中山區;中正區;大同區;萬華區;文山區;南港區;內湖區;士林區;北投區,02-2751-0515,hopelight825@gmail.com,張正松,20250101.0,20261231.0,20241104 18:40:50
大心居家護理所-樹林柑園據點(醫事C),B10200099,B1,新北市,樹林區,新北市樹林區柑園里大義路238號1樓,121.3782653809,24.945936203,B,居家失能個案家庭醫師照護服務,新北市,樹林區;三峽區,02-26808878,bigheart.nurse@gmail.com,簡秀娟,20250325.0,20271231.0,20250327 15:27:03
愛馨居服有限公司附設臺北市私立愛馨居家長照機構,1V0100035,1,臺北市,松山區,臺北市松山區新聚里南京東路5段230號2樓之1,121.5259170532,25.0439796448,B,喘息服務,臺北市,松山區;信義區;大安區;中正區;萬華區;文山區,02-23415924,anshintakecare@gmail.com,傅翰強,20250101.0,20261231.0,20241104 18:26:03
愛馨居服有限公司附設臺北市私立愛馨居家長照機構,1V0100035,1,臺北市,松山區,臺北市松山區新聚里南京東路5段230號2樓之1,121.5259170532,25.0439796448,A,個案管理服務,臺北市,松山區,02-23415924,anshintakecare@gmail.com,傅翰強,20240826.0,20241231.0,20240823 15:17:15
紙飛機服務科技股份有限公司附設臺北市私立紙飛機居家長照機構,1V0100032,1,臺北市,萬華區,臺北市萬華區青山里西園路一段200號8樓之3,121.499206543,25.0359230042,B,喘息服務,臺北市,松山區;信義區;大安區;中山區;大同區;萬華區;南港區;內湖區,0909139394,teitei3432@gmail.com,李學真,20250101.0,20261231.0,20241030 19:58:41
新北市私立幸心綜合長照機構,4X0200001,4,新北市,新莊區,新北市新莊區文明里中正路55之1號1樓,121.4621429443,25.0396938324,B,居家服務,新北市,板橋區;三重區;新莊區,0963773108,diana001123@gmail.com,顏瓊雯,20250101.0,20271231.0,20250110 11:39:34
新北市私立幸心綜合長照機構,4X0200001,4,新北市,新莊區,新北市新莊區文明里中正路55之1號1樓,121.4621429443,25.0396938324,B,日間照顧服務,新北市,板橋區;三重區;新莊區,0963773108,diana001123@gmail.com,顏瓊雯,20250101.0,20271231.0,20250110 11:38:43
(臺北市)亞捷汽車租賃股份有限公司,BA0100024,BA,臺北市,士林區,臺北市士林區中正路499號1樓,121.5182647705,25.0918464661,B,社區式交通接送服務(BD03),臺北市,松山區;信義區;大安區;中山區;中正區;大同區;萬華區;文山區;南港區;內湖區;士林區;北投區,(02)2882-2277,yj2020@csgroup-bus.com.tw,呂奇龍,20240101.0,20261231.0,20240327 10:04:10
金旺租賃有限公司,BA0100026,BA,臺北市,中山區,臺北市中山區長春路172號7樓之8,121.5338516235,25.0546913147,B,交通接送服務(DA01),桃園市,桃園區;中壢區;大溪區;楊梅區;蘆竹區;大園區;龜山區;八德區;龍潭區;平鎮區;新屋區;觀音區,0981896108,a0975672263@gmail.com,盧逸穎,20230601.0,20261231.0,20250102 09:27:06
新北市私立愷立居家長照機構,1X0200105,1,新北市,永和區,新北市永和區保平路268巷28號1樓,121.5076675415,25.0064258575,B,居家服務,新北市,板橋區;中和區;永和區,0936-294289,kindly.ntp@gmail.com,宋君臨,20250101.0,20271231.0,20241213 09:23:23
愛馨居服有限公司附設臺北市私立愛馨居家長照機構,1V0100035,1,臺北市,松山區,臺北市松山區新聚里南京東路5段230號2樓之1,121.5259170532,25.0439796448,A,個案管理服務,臺北市,大安區,02-23415924,anshintakecare@gmail.com,傅翰強,20250101.0,20261231.0,20241231 17:07:46
愛馨居服有限公司附設臺北市私立愛馨居家長照機構,1V0100035,1,臺北市,松山區,臺北市松山區新聚里南京東路5段230號2樓之1,121.5259170532,25.0439796448,B,喘息服務,臺北市,松山區;信義區;大安區;中正區;萬華區;文山區,02-23415924,anshintakecare@gmail.com,傅翰強,20220308.0,20241231.0,20240305 15:38:03
愛馨居服有限公司附設臺北市私立愛馨居家長照機構,1V0100035,1,臺北市,松山區,臺北市松山區新聚里南京東路5段230號2樓之1,121.5259170532,25.0439796448,B,居家服務,臺北市,松山區;信義區;大安區;中正區;萬華區;文山區,02-23415924,anshintakecare@gmail.com,傅翰強,20240101.0,20261231.0,20231229 11:03:15
愛馨居服有限公司附設臺北市私立愛馨居家長照機構,1V0100035,1,臺北市,松山區,臺北市松山區新聚里南京東路5段230號2樓之1,121.5259170532,25.0439796448,A,個案管理服務,臺北市,松山區,02-23415924,anshintakecare@gmail.com,傅翰強,20250101.0,20261231.0,20241231 17:09:04
愛馨居服有限公司附設臺北市私立愛馨居家長照機構,1V0100035,1,臺北市,松山區,臺北市松山區新聚里南京東路5段230號2樓之1,121.5259170532,25.0439796448,B,居家服務,臺北市,松山區;信義區;大安區;中正區;萬華區;文山區,02-23415924,anshintakecare@gmail.com,傅翰強,20220224.0,20231231.0,20230418 09:51:54
愛馨居服有限公司附設臺北市私立愛馨居家長照機構,1V0100035,1,臺北市,松山區,臺北市松山區新聚里南京東路5段230號2樓之1,121.5259170532,25.0439796448,A,個案管理服務,臺北市,大安區,02-23415924,anshintakecare@gmail.com,傅翰強,20241223.0,20241231.0,20241220 18:16:20
(新北)好爸爸無障礙爬梯機接送有限公司,BA0100029,BA,臺北市,北投區,臺北市北投區致遠一路一段29號,121.5167236328,25.1081428528,B,交通接送服務,新北市,板橋區;三重區;新莊區;蘆洲區,02-2821-1990,good88taxi@gmail.com,李銘權,20250101.0,20271231.0,20241220 09:16:30
連網健康科技股份有限公司附設新北市私立八八居家長照機構,1V0200055,1,新北市,新店區,新北市新店區寶慶街39號1樓,121.5275192261,24.9737796783,B,喘息服務,新北市,新店區;樹林區;三峽區,02-22181111,88care88care@gmail.com,周惠貞,20250101.0,20271231.0,20241220 16:25:53
大心居家護理所-樹林柑園據點(醫事C),B10200099,B1,新北市,樹林區,新北市樹林區柑園里大義路238號1樓,121.3782653809,24.945936203,B,喘息服務,新北市,樹林區;三峽區;土城區,02-26808878,bigheart.nurse@gmail.com,簡秀娟,20250101.0,20271231.0,20250106 11:59:09
固的診所,B20200243,B2,新北市,三重區,新北市三重區正義北路312號1~2樓,121.495010376,25.0701732635,B,居家失能個案家庭醫師照護服務,新北市,三重區;新莊區;蘆洲區,02-29848333,qxclinic@gmail.com,蔡世偉,20250101.0,20271231.0,20250113 15:30:10
新北市私立禾九居家長照機構,1X0200098,1,新北市,蘆洲區,新北市蘆洲區水河里民族路422巷53號2樓,121.4729232788,25.0940475464,B,喘息服務,新北市,三重區;新莊區;蘆洲區;五股區;泰山區;八里區,0906833310,pc26078@gmail.com,夏秋菊,20250101.0,20271231.0,20241225 15:06:38
新北市永和區保平里辦公處(社照C),BF0200206,BF,新北市,永和區,新北市永和區保平里保平路268巷28號1樓,121.5076675415,25.0064258575,C,巷弄長照站,新北市,永和區,02-2921-8643,baopingli28@gmail.com,王春琇,20220101.0,20231231.0,20230531 20:45:44
宇婕居家長照有限公司附設新北市私立宇婕居家長照機構,1N0200003,1,新北市,瑞芳區,新北市瑞芳區中山路5號3樓,121.805015564,25.1080417633,A,個案管理服務,新北市,瑞芳區,0987414919,ujie580@outlook.com,林美珠,20250101.0,20250630.0,20241231 14:26:22
宇婕居家長照有限公司附設新北市私立宇婕居家長照機構,1N0200003,1,新北市,瑞芳區,新北市瑞芳區中山路5號3樓,121.805015564,25.1080417633,B,喘息服務,新北市,瑞芳區,0987414919,ujie580@outlook.com,林美珠,20250101.0,20271231.0,20241205 11:50:36
社團法人中華民國新生活社會福利發展促進會(石門尖鹿站)(社照C),BE0200075,BE,新北市,石門區,新北市石門區尖鹿里新北市石門區尖鹿里中山路68號,121.5678939819,25.2915306091,C,巷弄長照站,新北市,石門區,0986689308,LKd0901@newlifesw.org.tw,蘇興李,20220101.0,20221231.0,20220503 10:16:07
晏康股份有限公司附設新北市私立新店晏康社區長照機構,2V0200003,2,新北市,新店區,新北市新店區復興里民權路42巷59弄3號3樓,121.5383529663,24.9836158752,B,喘息服務,新北市,中和區;永和區;新店區,02-2267-2297,Leepeggy1229@yahoo.com.tw,李佩芡,20250101.0,20271231.0,20241225 11:06:53
北醫大管理顧問股份有限公司附設私立君蔚居家長照機構,1R0100036,1,臺北市,信義區,臺北市信義區中興里信義路4段375號4樓之7,121.5577316284,25.0332832336,B,喘息服務,臺北市,信義區;大安區,02-2345-5288,dreamway.hc@gmail.com,張詩鑫,20211228.0,20241231.0,20221229 22:30:15
康杏銀髮事業股份有限公司附設新北市私立康杏銀髮居家長照機構,1V0200057,1,新北市,中和區,新北市中和區中山路二段296號14樓之4,121.4836196899,25.0080986023,B,居家服務,新北市,板橋區;中和區;永和區,02-82282599,kangshinginfa@gmail.com,黃佳雯,20250101.0,20271231.0,20241205 11:24:33
北醫大管理顧問股份有限公司附設私立君蔚居家長照機構,1R0100036,1,臺北市,信義區,臺北市信義區中興里信義路4段375號4樓之7,121.5577316284,25.0332832336,B,喘息服務,臺北市,信義區;大安區,02-2345-5288,dreamway.hc@gmail.com,張詩鑫,20250101.0,20261231.0,20241030 19:44:53
同佳有限公司附設新北市私立同佳居家長照機構,1V0200060,1,新北市,板橋區,新北市板橋區文化路一段285巷69號1樓,121.4677352905,25.0076694489,A,個案管理服務,新北市,板橋區,0908-691-601,tongjiawecare@gmail.com,陳素貞,20250101.0,20250630.0,20241231 14:35:02
新北市私立碧辰社區長照機構,2X0200016,2,新北市,中和區,新北市中和區文元里新北市中和區連城路477巷6弄22號1樓,121.4824066162,24.9951972961,B,家庭托顧服務,新北市,10;5;板橋區;中和區;永和區;新店區;土城區,0982555791,aaaa463677@gmail.com,李碧霞,20250101.0,20271231.0,20241205 11:59:02
新北市私立愷立居家長照機構,1X0200105,1,新北市,永和區,新北市永和區保平路268巷28號1樓,121.5076675415,25.0064258575,B,喘息服務,新北市,板橋區;中和區;永和區,0936-294289,kindly.ntp@gmail.com,宋君臨,20250101.0,20271231.0,20241213 09:24:03
四季春健康管理顧問事業股份有限公司附設臺北市私立四季春社區長照機構,2R0100009,2,臺北市,大同區,臺北市大同區延平北路三段4號3樓、3樓之1,121.5110473633,25.0634365082,B,日間照顧服務,臺北市,松山區;信義區;大安區;中山區;中正區;大同區;萬華區;文山區;南港區;內湖區;士林區;北投區,25919000,yuki82856762@gmail.com,羅慧文,20211005.0,20231231.0,20211227 15:00:17
新北市私立幸福居家長照機構,1X0200106,1,新北市,板橋區,新北市板橋區互助街17號1樓,121.4630355835,25.0275802612,B,居家服務,新北市,板橋區;中和區;永和區;新莊區;樹林區;土城區,(02)8258-1317,0517happiness@gmail.com,林怡岑,20250101.0,20271231.0,20241129 16:12:46
康杏銀髮事業股份有限公司附設新北市私立康杏銀髮居家長照機構,1V0200057,1,新北市,中和區,新北市中和區中山路二段296號14樓之4,121.4836196899,25.0080986023,B,喘息服務,新北市,板橋區;中和區;永和區,02-82282599,kangshinginfa@gmail.com,黃佳雯,20250101.0,20271231.0,20241205 11:25:15
北醫大管理顧問股份有限公司附設私立君蔚居家長照機構,1R0100036,1,臺北市,信義區,臺北市信義區中興里信義路4段375號4樓之7,121.5577316284,25.0332832336,A,個案管理服務,臺北市,大安區,02-2345-5288,dreamway.hc@gmail.com,張詩鑫,20241223.0,20241231.0,20241224 19:14:09
社團法人台灣樂活服務發展協會附設臺北市私立樂活居家長照機構,1R0100037,1,臺北市,大安區,臺北市大安區通化里信義路4段306號2樓L1室,121.5548629761,25.0329437256,B,居家服務,臺北市,大安區;大同區;士林區;北投區,27552733,happy@happylife.org.tw,馬瑞辰,20240101.0,20241231.0,20231229 16:40:48
社團法人台灣樂活服務發展協會附設臺北市私立樂活居家長照機構,1R0100037,1,臺北市,大安區,臺北市大安區通化里信義路4段306號2樓L1室,121.5548629761,25.0329437256,B,居家服務,臺北市,大安區;大同區;士林區;北投區,27552733,happy@happylife.org.tw,馬瑞辰,20250101.0,20261231.0,20250206 13:59:59
四季春健康管理顧問事業股份有限公司附設臺北市私立四季春社區長照機構,2R0100009,2,臺北市,大同區,臺北市大同區延平北路三段4號3樓、3樓之1,121.5110473633,25.0634365082,B,日間照顧服務,臺北市,松山區;信義區;大安區;中山區;中正區;大同區;萬華區;文山區;南港區;內湖區;士林區;北投區,25919000,yuki82856762@gmail.com,羅慧文,20240101.0,20261231.0,20240102 11:19:27
康年銀髮樂活股份有限公司附設臺北市私立康年復興社區長照機構,2R0100010,2,臺北市,松山區,臺北市松山區復興北路309號4樓,121.5444030762,25.0586566925,B,日間照顧服務,臺北市,松山區;信義區;大安區;中山區;中正區;大同區;萬華區;文山區;南港區;內湖區;士林區;北投區,25466881,ss309fs@gmail.com,蔡淑芬,20240101.0,20261231.0,20240104 15:00:22
康年銀髮樂活股份有限公司附設臺北市私立康年復興社區長照機構,2R0100010,2,臺北市,松山區,臺北市松山區復興北路309號4樓,121.5444030762,25.0586566925,B,日間照顧服務,臺北市,松山區;信義區;大安區;中山區;中正區;大同區;萬華區;文山區;南港區;內湖區;士林區;北投區,25466881,ss309fs@gmail.com,蔡淑芬,20240101.0,20261231.0,20240104 15:00:22
新北市私立佳恩居家長照機構,1X0200101,1,新北市,中和區,新北市中和區中正里中正路500號2樓(第2房),121.5409088135,24.9655056,B,喘息服務,新北市,中和區;永和區;新店區,8663-8758,1207lohas@gmail.com,鄭婉蓉,20250101.0,20271231.0,20241216 11:18:25
同佳有限公司附設新北市私立同佳居家長照機構,1V0200060,1,新北市,板橋區,新北市板橋區文化路一段285巷69號1樓,121.4677352905,25.0076694489,B,居家服務,新北市,板橋區;中和區;新莊區;樹林區;土城區,0908-691-601,tongjiawecare@gmail.com,陳素貞,20250101.0,20271231.0,20241218 10:43:18
開南學校財團法人臺北市開南高級中等學校附設臺北市私立開南社區式長照機構,2Y0100001,2,臺北市,中正區,臺北市中正區濟南路1段6號1樓,121.5218353271,25.0424175262,B,日間照顧服務,臺北市,松山區;信義區;大安區;中山區;中正區;大同區;萬華區;文山區;南港區;內湖區;士林區;北投區,02-23939406,a1649@knvs.tp.edu.tw,胡毓富,20211129.0,20231231.0,20211223 14:21:25
開南學校財團法人臺北市開南高級中等學校附設臺北市私立開南社區式長照機構,2Y0100001,2,臺北市,中正區,臺北市中正區濟南路1段6號1樓,121.5218353271,25.0424175262,B,日間照顧服務,臺北市,松山區;信義區;大安區;中山區;中正區;大同區;萬華區;文山區;南港區;內湖區;士林區;北投區,02-23939406,a1649@knvs.tp.edu.tw,胡毓富,20240101.0,20261231.0,20240102 14:54:54
連網健康科技股份有限公司附設新北市私立八八居家長照機構,1V0200055,1,新北市,新店區,新北市新店區寶慶街39號1樓,121.5275192261,24.9737796783,B,居家服務,新北市,新店區;樹林區;三峽區,02-22181111,88care88care@gmail.com,周惠貞,20250101.0,20271231.0,20241220 16:25:00
新北市萬里區衛生所-萬里據點(醫事C),B20200196,B2,新北市,萬里區,新北市萬里區萬里里瑪鍊路157號2樓,121.6897125244,25.1783313751,B,喘息服務,新北市,萬里區,02-24921117,AN6356@ntpc.gov.tw,葉源潔,20250101.0,20271231.0,20250429 09:03:53
社團法人新北市健安樂活迎老服務協會(社照C),BE0200065,BE,新北市,中和區,新北市中和區枋寮里枋寮街33號,121.5018463135,25.0005893707,C,巷弄長照站,新北市,中和區,0937208253,healthlohas999@gmail.com,黃淑娥,20220101.0,20221231.0,20220502 16:59:23
新北市石碇區烏塗社區發展協會(社照C),BF0200167,BF,新北市,石碇區,新北市石碇區烏塗里烏塗窟20之1號,121.6567077637,24.9749889374,C,巷弄長照站,新北市,石碇區,0921691968,A123@GMAIL.COM,許賜福,20220101.0,20221231.0,20220503 08:17:14
月上營養照護諮詢機構,B60200003,B6,新北市,林口區,新北市林口區文化三路2段32號3樓之8,121.3741378784,25.078502655,B,專業照護服務,桃園市,桃園區;蘆竹區;大園區;龜山區;八德區,02-26032323,YesUp.health@gmail.com,黃美子,20240104.0,20251231.0,20240108 17:27:29
社團法人台灣新住民關懷協會-中和區瑞穗站,BE0200076,BE,新北市,中和區,新北市中和區瑞穗里莒光路3巷6號1樓,121.4723358154,25.0059490204,C,巷弄長照站,新北市,中和區,0987018250,tnia0510.3@gmai.com,韓岳紅,20220101.0,20221231.0,20220502 17:03:59
社團法人台灣樂活協會,BA0200028,BA,新北市,板橋區,新北市板橋區東丘里大觀路二段153巷39弄7之4號5樓,121.4463729858,25.0006217957,B,交通接送服務,新北市,板橋區;三重區;中和區;永和區;新莊區;新店區;樹林區;三峽區;淡水區;汐止區;瑞芳區;土城區;蘆洲區;五股區;泰山區;林口區;深坑區;八里區,02-26863006,tla26863006@gmail.com,吳友翔,20250101.0,20271231.0,20241231 11:10:04
新北市私立幸福居家長照機構,1X0200106,1,新北市,板橋區,新北市板橋區互助街17號1樓,121.4630355835,25.0275802612,B,喘息服務,新北市,板橋區;中和區;永和區;新莊區;樹林區;土城區,(02)8258-1317,0517happiness@gmail.com,林怡岑,20250101.0,20271231.0,20241129 16:13:31
康健家庭醫學科診所,B20200207,B2,新北市,鶯歌區,新北市鶯歌區建國路231號,121.3485183716,24.9534130096,B,居家失能個案家庭醫師照護服務,新北市,樹林區;鶯歌區;三峽區;土城區,02-26788558,kangjiangp@gmail.com,陳振芳,20250101.0,20271231.0,20250113 16:40:42
晏康股份有限公司附設新北市私立新店晏康社區長照機構,2V0200003,2,新北市,新店區,新北市新店區復興里民權路42巷59弄3號3樓,121.5383529663,24.9836158752,B,日間照顧服務,新北市,中和區;永和區;新店區,02-2267-2297,Leepeggy1229@yahoo.com.tw,李佩芡,20250101.0,20271231.0,20241225 11:06:30
北醫大管理顧問股份有限公司附設私立君蔚居家長照機構,1R0100036,1,臺北市,信義區,臺北市信義區中興里信義路4段375號4樓之7,121.5577316284,25.0332832336,B,居家服務,臺北市,信義區;大安區,02-2345-5288,dreamway.hc@gmail.com,張詩鑫,20240101.0,20261231.0,20231229 15:47:57
永愛居家護理所,B10100066,B1,臺北市,中正區,臺北市中正區福州街1號10樓之2,121.5071563721,25.0348892212,B,專業照護服務,臺北市,松山區;信義區;大安區;中山區;中正區;大同區;萬華區;文山區;南港區;內湖區;士林區;北投區,02-23711959,yang9492@yahoo.com.tw,楊耀儀,20211206.0,20241231.0,20221229 21:39:44
湖水綠簡單生活有限公司附設新北市私立佑明居家長照機構,1R0200036,1,新北市,三峽區,新北市三峽區復興路365號5樓,121.3636169434,24.9385070801,B,居家服務,新北市,樹林區;鶯歌區;三峽區,02-23081286,ad2.agape@gmail.com,陳意春,20250101.0,20271231.0,20241218 11:39:47
詠馨長照社團法人附設台北市私立詠馨住宿長照機構,3R0100002,3,臺北市,北投區,臺北市北投區林泉里011鄰幽雅路19號1-4樓,121.5141448975,25.1366672516,B,喘息服務,臺北市,松山區;信義區;大安區;中山區;中正區;大同區;萬華區;文山區;南港區;內湖區;士林區;北投區,02-2890-8050,a28901520@gmail.com,蔡政松,20220127.0,20241231.0,20230202 16:48:02
同佳有限公司附設新北市私立同佳居家長照機構,1V0200060,1,新北市,板橋區,新北市板橋區文化路一段285巷69號1樓,121.4677352905,25.0076694489,B,喘息服務,新北市,板橋區;中和區;新莊區;樹林區;土城區,0908-691-601,tongjiawecare@gmail.com,陳素貞,20250101.0,20271231.0,20241218 10:44:38
永愛居家護理所,B10100066,B1,臺北市,中正區,臺北市中正區福州街1號10樓之2,121.5071563721,25.0348892212,B,專業照護服務,臺北市,松山區;信義區;大安區;中山區;中正區;大同區;萬華區;文山區;南港區;內湖區;士林區;北投區,02-23711959,yang9492@yahoo.com.tw,楊耀儀,20250101.0,20261231.0,20241028 16:15:40
湖水綠簡單生活有限公司附設新北市私立佑明居家長照機構,1R0200036,1,新北市,三峽區,新北市三峽區復興路365號5樓,121.3636169434,24.9385070801,B,喘息服務,新北市,樹林區;鶯歌區;三峽區,02-23081286,ad2.agape@gmail.com,陳意春,20250101.0,20271231.0,20241218 11:40:52
康寧醫療財團法人附設康寧居家護理所,B10100067,B1,臺北市,內湖區,臺北市內湖區成功路五段420巷26號B1,121.6087799072,25.0759525299,B,專業照護服務,臺北市,松山區;信義區;大安區;中山區;中正區;大同區;萬華區;文山區;南港區;內湖區;士林區;北投區,0226345500,88016@mail.knh.org.tw,李永真,20250101.0,20261231.0,20241128 09:31:46
康寧醫療財團法人附設康寧居家護理所,B10100067,B1,臺北市,內湖區,臺北市內湖區成功路五段420巷26號B1,121.6087799072,25.0759525299,B,專業照護服務,臺北市,松山區;信義區;大安區;中山區;中正區;大同區;萬華區;文山區;南港區;內湖區;士林區;北投區,0226345500,88016@mail.knh.org.tw,李永真,20211228.0,20241231.0,20230103 19:35:05
新北市私立康圓居家長照機構,1X0200083,1,新北市,中和區,新北市中和區中山路2段228號12樓之15,121.4989395142,25.0027809143,B,居家服務,新北市,中和區;永和區,02-2246-6289,kangyuanhomeservice@gmail.com,江樹傑,20250101.0,20271231.0,20241216 10:45:00
銀享全球股份有限公司附設臺北市私立銀享居家長照機構,1R0100032,1,臺北市,大同區,臺北市大同區民權西路136號16樓之7,121.5164108276,25.0627498627,B,喘息服務,臺北市,松山區;信義區;大安區;中山區;中正區;大同區;文山區,02-27009805,slghomecare@gmail.com,蔡昕伶,20250101.0,20261231.0,20241104 18:43:54
社團法人中華長照協會附設臺北市私立永樂居家長照機構,1R0100029,1,臺北市,文山區,臺北市文山區羅斯福路六段134號2樓,121.5442276001,24.9992790222,B,居家服務,臺北市,大安區;中正區;文山區,02-2930-6919,chxclc001@gmail.com,金國良,20210315.0,20231231.0,20220324 15:19:56
社團法人台灣多元社會福利協會(三重過田站)(社照C),BF0200209,BF,新北市,三重區,新北市三重區過田里新北市三重區過田里過圳街7巷5號1樓,121.4894714355,25.0590419769,C,巷弄長照站,新北市,三重區,02-28927001,dfjude08@gmail.com,林政緯,20220101.0,20231231.0,20230530 19:07:05
社團法人中華長照協會附設臺北市私立永樂居家長照機構,1R0100029,1,臺北市,文山區,臺北市文山區羅斯福路六段134號2樓,121.5442276001,24.9992790222,B,喘息服務,臺北市,松山區;信義區;大安區;中正區;大同區;文山區,02-2930-6919,chxclc001@gmail.com,金國良,20250101.0,20261231.0,20241120 14:31:19
嘉陞健康事業股份有限公司附設新北市私立嘉陞居家長照機構,1R0200037,1,新北市,三重區,新北市三重區錦通里重陽路2段46號1樓,121.5004348755,25.0641498566,B,喘息服務,新北市,板橋區;三重區;新莊區;樹林區;蘆洲區;五股區;泰山區;林口區;八里區,2974-6671,goodcare0001@gmail.com,黃海同,20250101.0,20271231.0,20241223 14:24:18
北醫大管理顧問股份有限公司附設私立君蔚居家長照機構,1R0100036,1,臺北市,信義區,臺北市信義區中興里信義路4段375號4樓之7,121.5577316284,25.0332832336,A,個案管理服務,臺北市,大安區,02-2345-5288,dreamway.hc@gmail.com,張詩鑫,20250101.0,20261231.0,20241231 17:10:50
社團法人台灣樂活服務發展協會附設臺北市私立樂活居家長照機構,1R0100037,1,臺北市,大安區,臺北市大安區通化里信義路4段306號2樓L1室,121.5548629761,25.0329437256,B,居家服務,臺北市,大安區;大同區;士林區;北投區,27552733,happy@happylife.org.tw,馬瑞辰,20211202.0,20231231.0,20211202 17:25:45
寓安有限公司附設新北市私立愛瑞家居家長照機構,1V0200050,1,新北市,新莊區,新北市新莊區中安街3號6樓之1,121.4528579712,25.0453548431,B,喘息服務,新北市,板橋區;三重區;新莊區;樹林區;蘆洲區;五股區,0915810317,eccahomecare@gmail.com,蔡佩芸,20250101.0,20271231.0,20241213 11:17:43
新北市私立佳耀居家長照機構-淡水新春據點(醫事C),1X0200093,1,新北市,淡水區,新北市淡水區新春里010鄰中山北路一段275巷16號1樓,121.4433364868,25.1814537048,C,巷弄長照站,新北市,淡水區,(02)2625-7846,jiayaoltc@gmail.com,張瑜玲,20210501.0,20211231.0,20210526 18:20:20
新北市三重區田中里辦公處(社照C),BF0200201,BF,新北市,三重區,新北市三重區田中里忠孝路三段40巷51號,121.4831390381,25.0655384064,C,巷弄長照站,新北市,三重區,0933031915,grace527405@yahoo.com.tw,詹貴洪,20220101.0,20231231.0,20230530 19:06:29
和安長照社團法人附設新北市私立和安住宿長照機構,3L0200004,3,新北市,三重區,新北市三重區溪尾街35號,121.4913635254,25.0757484436,B,喘息服務,新北市,板橋區;三重區;中和區;永和區;新莊區;新店區;樹林區;鶯歌區;三峽區;淡水區;汐止區;瑞芳區;土城區;蘆洲區;五股區;泰山區;林口區;深坑區;石碇區;坪林區;三芝區;石門區;八里區;平溪區;雙溪區;貢寮區;金山區;萬里區;烏來區,29813999,2020HEAN@gmail.com,黃明全,20250101.0,20271231.0,20241225 10:08:37
臺北市私立永欣居家長照機構,1X0100031,1,臺北市,北投區,臺北市北投區豐年里中央北路二段371號1樓,121.4874572754,25.1382331848,B,喘息服務,臺北市,士林區;北投區,2891-6364,yongxin6364@gmail.com,陳柏帆,20250101.0,20261231.0,20241104 18:35:41
臺北市私立永欣居家長照機構,1X0100031,1,臺北市,北投區,臺北市北投區豐年里中央北路二段371號1樓,121.4874572754,25.1382331848,B,居家服務,臺北市,中山區;中正區;大同區;萬華區;士林區;北投區,2891-6364,yongxin6364@gmail.com,陳柏帆,20220101.0,20231231.0,20220622 10:57:35
臺北市私立永欣居家長照機構,1X0100031,1,臺北市,北投區,臺北市北投區豐年里中央北路二段371號1樓,121.4874572754,25.1382331848,B,喘息服務,臺北市,士林區;北投區,2891-6364,yongxin6364@gmail.com,陳柏帆,20210726.0,20241231.0,20221230 20:00:15
社團法人中華長照協會附設臺北市私立永樂居家長照機構,1R0100029,1,臺北市,文山區,臺北市文山區羅斯福路六段134號2樓,121.5442276001,24.9992790222,B,居家服務,臺北市,松山區;信義區;大安區;中山區;中正區;大同區;萬華區;文山區,02-2930-6919,chxclc001@gmail.com,金國良,20240101.0,20261231.0,20231229 15:49:16
社團法人中華長照協會附設臺北市私立永樂居家長照機構,1R0100029,1,臺北市,文山區,臺北市文山區羅斯福路六段134號2樓,121.5442276001,24.9992790222,B,喘息服務,臺北市,松山區;信義區;大安區;中正區;大同區;文山區,02-2930-6919,chxclc001@gmail.com,金國良,20220513.0,20241231.0,20221229 22:53:17
台灣全齡長照股份有限公司附設新北市私立禾薪居家長照機構,1V0200051,1,新北市,新莊區,新北市新莊區文明里新莊路16之2號1樓,121.4588775635,25.0375823975,B,喘息服務,新北市,三重區;新莊區;林口區,0955992465,ce2007314@gmail.com,李壬㛙,20250101.0,20271231.0,20241227 14:52:58
臺北市私立永欣居家長照機構,1X0100031,1,臺北市,北投區,臺北市北投區豐年里中央北路二段371號1樓,121.4874572754,25.1382331848,A,個案管理服務,臺北市,北投區,2891-6364,yongxin6364@gmail.com,陳柏帆,20250101.0,20261231.0,20241231 17:12:22
耀程耳鼻喉科診所,B20200210,B2,新北市,新店區,新北市新店區三民路66號1樓,121.5350570679,24.9723358154,B,居家失能個案家庭醫師照護服務,新北市,新店區,02-29171110,klhung.ent@gmail.com,洪光良,20250101.0,20271231.0,20250113 16:23:21
明智銀髮股份有限公司附設新北市私立明志居家長照機構,1R0200030,1,新北市,三重區,新北市三重區中正北路15號4樓F室,121.4249038696,25.0414543152,B,喘息服務,新北市,三重區;新莊區;蘆洲區;泰山區,2308-0323,58ad.care8@gmail.com,施定宏,20250101.0,20271231.0,20241218 14:58:04
臺北市私立吃吃社區長照機構,2X0100010,2,臺北市,內湖區,臺北市內湖區金瑞里台北市內湖區內湖路三段280號1樓,121.5854949951,25.0889854431,B,日間照顧服務,臺北市,松山區;信義區;大安區;中山區;中正區;大同區;萬華區;文山區;南港區;內湖區;士林區;北投區,0926085427,jay3761000@gmail.com,黃節,20240101.0,20261231.0,20240102 11:17:52
臺北市私立吃吃社區長照機構,2X0100010,2,臺北市,內湖區,臺北市內湖區金瑞里台北市內湖區內湖路三段280號1樓,121.5854949951,25.0889854431,B,日間照顧服務,臺北市,松山區;信義區;大安區;中山區;中正區;大同區;萬華區;文山區;南港區;內湖區;士林區;北投區,0926085427,jay3761000@gmail.com,黃節,20220101.0,20231231.0,20220211 17:41:55
常樂企業有限公司,BA0100025,BA,臺北市,中山區,臺北市中山區民生東路一段51號6樓之1,121.5262451172,25.0581970215,B,交通接送服務(DA01),臺北市,松山區;信義區;大安區;中山區;中正區;大同區;萬華區;文山區;南港區;內湖區;士林區;北投區,02-2523-8456,changlecare@gmail.com,王受益,20240101.0,20261231.0,20240327 10:02:32
大中華國際租賃有限公司,BA0100027,BA,臺北市,南港區,臺北市南港區重陽路318號,121.605758667,25.0577812195,B,交通接送服務,臺北市,松山區;信義區;大安區;中山區;中正區;大同區;萬華區;文山區;南港區;內湖區;士林區;北投區,(02)2652-2665,greater.china.austin@gmail.com,鄭紹宏,20210701.0,20221231.0,20210720 13:42:48
渥康國際股份有限公司附設臺北市私立康禾社區長照機構,2R0100007,2,臺北市,松山區,臺北市松山區南京東路三段285號3樓,121.5458374023,25.0520076752,B,日間照顧服務,臺北市,松山區;信義區;大安區;中山區;中正區;大同區;萬華區;文山區;南港區;內湖區;士林區;北投區,77056178,khdaycare.service@gmail.com,林恩,20220101.0,20231231.0,20220209 10:30:21
詠馨長照社團法人附設台北市私立詠馨住宿長照機構,3R0100002,3,臺北市,北投區,臺北市北投區林泉里011鄰幽雅路19號1-4樓,121.5141448975,25.1366672516,B,喘息服務,臺北市,松山區;信義區;大安區;中山區;中正區;大同區;萬華區;文山區;南港區;內湖區;士林區;北投區,02-2890-8050,a28901520@gmail.com,蔡政松,20250101.0,20261231.0,20250204 15:08:02
嘉陞健康事業股份有限公司附設新北市私立嘉陞居家長照機構,1R0200037,1,新北市,三重區,新北市三重區錦通里重陽路2段46號1樓,121.5004348755,25.0641498566,B,居家服務,新北市,板橋區;三重區;新莊區;樹林區;蘆洲區;五股區;泰山區;林口區;八里區,2974-6671,goodcare0001@gmail.com,黃海同,20250101.0,20271231.0,20241223 14:23:48
渥康國際股份有限公司附設臺北市私立康禾社區長照機構,2R0100007,2,臺北市,松山區,臺北市松山區南京東路三段285號3樓,121.5458374023,25.0520076752,B,喘息服務,臺北市,松山區;信義區;大安區;中山區;中正區;大同區;萬華區;文山區;南港區;內湖區;士林區;北投區,77056178,khdaycare.service@gmail.com,林恩,20241118.0,20261231.0,20241119 10:48:11
衛生福利部八里療養院-中和區(醫事C),B20200238,B2,新北市,中和區,新北市中和區南山里南山路4巷3號4樓,121.5024795532,24.9975128174,C,巷弄長照站,新北市,中和區,(02)2245-0386,6453@balipc.gov.tw,張介信,20210101.0,20211231.0,20210526 10:01:07
新北市私立佳耀居家長照機構-淡水新春據點(醫事C),1X0200093,1,新北市,淡水區,新北市淡水區新春里010鄰中山北路一段275巷16號1樓,121.4433364868,25.1814537048,B,喘息服務,新北市,淡水區,(02)2625-7846,jiayaoltc@gmail.com,張瑜玲,20250101.0,20271231.0,20250425 13:54:16
渥康國際股份有限公司附設臺北市私立康禾社區長照機構,2R0100007,2,臺北市,松山區,臺北市松山區南京東路三段285號3樓,121.5458374023,25.0520076752,B,日間照顧服務,臺北市,松山區;信義區;大安區;中山區;中正區;大同區;萬華區;文山區;南港區;內湖區;士林區;北投區,77056178,khdaycare.service@gmail.com,林恩,20240101.0,20261231.0,20240104 14:46:24
渥康國際股份有限公司附設臺北市私立康禾社區長照機構,2R0100007,2,臺北市,松山區,臺北市松山區南京東路三段285號3樓,121.5458374023,25.0520076752,B,日間照顧服務,新北市,板橋區;三重區;中和區;永和區;新莊區;汐止區,77056178,khdaycare.service@gmail.com,林恩,20250101.0,20271231.0,20241223 14:49:19
社團法人中華民國士林靈糧堂社會福利協會受託經營管理本市北投老人服務中心,BE0100087,BE,臺北市,北投區,臺北市北投區奇岩里三合街1段119號6樓,121.5039291382,25.1265525818,B,營養餐飲服務,臺北市,北投區,(02)2893-0572,beitouqy.sc@slsc.org.tw,劉群茂,20200101.0,20221231.0,20210820 11:04:43
臺北市私立和美居家長照機構,1X0100032,1,臺北市,北投區,臺北市北投區八仙里北投路一段59號2樓,121.5006790161,25.1259536743,B,居家服務,臺北市,士林區;北投區,02-28918131,huma1110224@gmail.com,詹弘毅,20240101.0,20241231.0,20231229 09:43:21
臺北市私立和美居家長照機構,1X0100032,1,臺北市,北投區,臺北市北投區八仙里北投路一段59號2樓,121.5006790161,25.1259536743,B,喘息服務,臺北市,松山區;信義區;大安區;中山區;中正區;大同區;萬華區;文山區;南港區;內湖區;士林區;北投區,02-28918131,huma1110224@gmail.com,詹弘毅,20220816.0,20241231.0,20221230 20:34:33
臺北市私立和美居家長照機構,1X0100032,1,臺北市,北投區,臺北市北投區八仙里北投路一段59號2樓,121.5006790161,25.1259536743,B,居家服務,臺北市,士林區;北投區,02-28918131,huma1110224@gmail.com,詹弘毅,20220224.0,20231231.0,20220225 16:59:23
臺北市私立和美居家長照機構,1X0100032,1,臺北市,北投區,臺北市北投區八仙里北投路一段59號2樓,121.5006790161,25.1259536743,B,喘息服務,臺北市,松山區;信義區;大安區;中山區;中正區;大同區;萬華區;文山區;南港區;內湖區;士林區;北投區,02-28918131,huma1110224@gmail.com,詹弘毅,20250101.0,20261231.0,20241104 18:55:37
松德長照事業有限公司附設臺北市私立松德居家長照機構,1V0100033,1,臺北市,大同區,臺北市大同區永樂里西寧北路112號2樓之4,121.5088577271,25.0561103821,B,居家服務,臺北市,中山區;大同區;萬華區,02-25557985,songde2021@gmail.com,黃松共,20240101.0,20261231.0,20231229 18:23:59
松德長照事業有限公司附設臺北市私立松德居家長照機構,1V0100033,1,臺北市,大同區,臺北市大同區永樂里西寧北路112號2樓之4,121.5088577271,25.0561103821,B,喘息服務,臺北市,松山區;信義區;大安區;中山區;中正區;大同區;萬華區;文山區;南港區;內湖區;士林區;北投區,02-25557985,songde2021@gmail.com,黃松共,20250101.0,20261231.0,20241122 10:38:13
臺北市私立和美居家長照機構,1X0100032,1,臺北市,北投區,臺北市北投區八仙里北投路一段59號2樓,121.5006790161,25.1259536743,B,居家服務,臺北市,士林區;北投區,02-28918131,huma1110224@gmail.com,詹弘毅,20250101.0,20261231.0,20250206 13:36:20
樂田健康生活有限公司附設新北市私立樂田居家長照機構,1X0200104,1,新北市,樹林區,新北市樹林區柑園里學林路13號2樓,121.3774642944,24.9488887787,A,個案管理服務,新北市,三峽區,0955185838,rakudacare@gmail.com,黃冠惟,20250101.0,20250630.0,20241231 16:19:33
松德長照事業有限公司附設臺北市私立松德居家長照機構,1V0100033,1,臺北市,大同區,臺北市大同區永樂里西寧北路112號2樓之4,121.5088577271,25.0561103821,B,居家服務,臺北市,中山區;大同區;萬華區,02-25557985,songde2021@gmail.com,黃松共,20211126.0,20231231.0,20211130 16:45:18
寶珠職能治療所,B50100022,B5,臺北市,大安區,臺北市大安區通化街140巷17號2樓,121.553276062,25.0291194916,B,專業照護服務,臺北市,松山區;信義區;大安區;中山區;中正區;大同區;萬華區;文山區;南港區;內湖區;士林區;北投區,02-27329012,Baozhu5880@gmail.com,柯維喬,20240327.0,20241231.0,20240328 09:12:39
寶珠職能治療所,B50100022,B5,臺北市,大安區,臺北市大安區通化街140巷17號2樓,121.553276062,25.0291194916,B,專業照護服務(CC01),新北市,板橋區;三重區;中和區;永和區;新莊區;新店區;樹林區;鶯歌區;三峽區;淡水區;汐止區;瑞芳區;土城區;蘆洲區;五股區;泰山區;林口區;深坑區;石碇區;坪林區;三芝區;石門區;八里區;平溪區;雙溪區;貢寮區;金山區;萬里區;烏來區,02-27329012,Baozhu5880@gmail.com,柯維喬,20220101.0,20241231.0,20230802 17:19:14
寶珠職能治療所,B50100022,B5,臺北市,大安區,臺北市大安區通化街140巷17號2樓,121.553276062,25.0291194916,B,專業照護服務(CC01),桃園市,桃園區;中壢區;大溪區;楊梅區;蘆竹區;大園區;龜山區;八德區;龍潭區;平鎮區;新屋區;觀音區;復興區,02-27329012,Baozhu5880@gmail.com,柯維喬,20230201.0,20241231.0,20230802 17:19:14
寶珠職能治療所,B50100022,B5,臺北市,大安區,臺北市大安區通化街140巷17號2樓,121.553276062,25.0291194916,B,專業照護服務,桃園市,桃園區;中壢區;大溪區;楊梅區;蘆竹區;大園區;龜山區;八德區;龍潭區;平鎮區;新屋區;觀音區;復興區,02-27329012,Baozhu5880@gmail.com,柯維喬,20210503.0,20240105.0,20231229 15:57:01
寶珠職能治療所,B50100022,B5,臺北市,大安區,臺北市大安區通化街140巷17號2樓,121.553276062,25.0291194916,B,專業照護服務,臺北市,松山區;信義區;大安區;中山區;中正區;大同區;萬華區;文山區;南港區;內湖區;士林區;北投區,02-27329012,Baozhu5880@gmail.com,柯維喬,20250101.0,20261231.0,20241018 17:51:58
樂田健康生活有限公司附設新北市私立樂田居家長照機構,1X0200104,1,新北市,樹林區,新北市樹林區柑園里學林路13號2樓,121.3774642944,24.9488887787,B,居家服務,新北市,板橋區;樹林區;鶯歌區;三峽區;土城區,0955185838,rakudacare@gmail.com,黃冠惟,20250101.0,20271231.0,20241216 11:46:54
台灣全齡長照股份有限公司附設新北市私立禾薪居家長照機構,1V0200051,1,新北市,新莊區,新北市新莊區文明里新莊路16之2號1樓,121.4588775635,25.0375823975,B,居家服務,新北市,三重區;新莊區;林口區,0955992465,ce2007314@gmail.com,李壬㛙,20250101.0,20271231.0,20241227 14:52:22
新北市私立宜真宜樂社區長照機構,2X0200014,2,新北市,新莊區,新北市新莊區中原里中原路253巷2弄2號1樓及4號1樓,121.4487915039,25.054058075,B,日間照顧服務,新北市,三重區;新莊區;泰山區,29901830,kittyhome3850@gmail.com,江學真,20250101.0,20271231.0,20250203 10:54:34
寶珠職能治療所,B50100022,B5,臺北市,大安區,臺北市大安區通化街140巷17號2樓,121.553276062,25.0291194916,B,專業照護服務,桃園市,桃園區;中壢區;大溪區;楊梅區;蘆竹區;大園區;龜山區;八德區;龍潭區;平鎮區;新屋區;觀音區;復興區,02-27329012,Baozhu5880@gmail.com,柯維喬,20231229.0,20251231.0,20231229 17:47:49
寶珠職能治療所,B50100022,B5,臺北市,大安區,臺北市大安區通化街140巷17號2樓,121.553276062,25.0291194916,B,專業照護服務(CC01),基隆市,中正區;七堵區;暖暖區;仁愛區;中山區;安樂區;信義區,02-27329012,Baozhu5880@gmail.com,柯維喬,20201114.0,20231113.0,20230802 17:19:14
寶珠職能治療所,B50100022,B5,臺北市,大安區,臺北市大安區通化街140巷17號2樓,121.553276062,25.0291194916,B,專業照護服務,新北市,板橋區;三重區;中和區;永和區;新莊區;新店區;樹林區;鶯歌區;三峽區;淡水區;汐止區;瑞芳區;土城區;蘆洲區;五股區;泰山區;林口區;深坑區;石碇區;坪林區;三芝區;石門區;八里區;平溪區;雙溪區;貢寮區;金山區;萬里區;烏來區,02-27329012,Baozhu5880@gmail.com,柯維喬,20220101.0,20241231.0,20220302 10:39:34
新北市私立宜真宜樂社區長照機構,2X0200014,2,新北市,新莊區,新北市新莊區中原里中原路253巷2弄2號1樓及4號1樓,121.4487915039,25.054058075,B,喘息服務,新北市,三重區;新莊區;泰山區,29901830,kittyhome3850@gmail.com,江學真,20250101.0,20271231.0,20250203 10:54:34
愛佳生活股份有限公司附設新北市私立樹林愛佳生活社區長照機構,2V0200004,2,新北市,樹林區,新北市樹林區三龍里2鄰中正路632巷1號3樓,121.4103240967,25.016418457,B,小規模多機能服務,新北市,板橋區;中和區;新莊區;樹林區;鶯歌區;三峽區;土城區;泰山區;林口區,(02)2680-8000,Jean030973@gmail.com,吳霈綺,20250101.0,20271231.0,20241225 15:54:25
愛佳生活股份有限公司附設新北市私立樹林愛佳生活社區長照機構,2V0200004,2,新北市,樹林區,新北市樹林區三龍里2鄰中正路632巷1號3樓,121.4103240967,25.016418457,B,日間照顧服務,新北市,板橋區;中和區;新莊區;樹林區;鶯歌區;三峽區;土城區;泰山區;林口區,(02)2680-8000,Jean030973@gmail.com,吳霈綺,20250101.0,20271231.0,20241225 15:51:54
愛佳生活股份有限公司附設新北市私立樹林愛佳生活社區長照機構,2V0200004,2,新北市,樹林區,新北市樹林區三龍里2鄰中正路632巷1號3樓,121.4103240967,25.016418457,B,喘息服務,新北市,板橋區;中和區;新莊區;樹林區;鶯歌區;三峽區;土城區;泰山區;林口區,(02)2680-8000,Jean030973@gmail.com,吳霈綺,20250101.0,20271231.0,20241225 15:52:52
臺北市政府社會局委託社團法人中華民國士林靈糧堂社會福利協會經營管理臺北市瑞光社區長照機構,2R0100011,2,臺北市,內湖區,臺北市內湖區湖元里瑞光路162號2樓之1,121.5792617798,25.0734348297,B,小規模多機能服務,臺北市,松山區;信義區;大安區;中山區;中正區;大同區;萬華區;文山區;南港區;內湖區;士林區;北投區,0226575677,neihurg.dc@slsc.org.tw,劉群茂,20220111.0,20241231.0,20220112 15:14:59
臺北市政府社會局委託社團法人中華民國士林靈糧堂社會福利協會經營管理臺北市瑞光社區長照機構,2R0100011,2,臺北市,內湖區,臺北市內湖區湖元里瑞光路162號2樓之1,121.5792617798,25.0734348297,B,喘息服務,臺北市,松山區;信義區;大安區;中山區;中正區;大同區;萬華區;文山區;南港區;內湖區;士林區;北投區,0226575677,neihurg.dc@slsc.org.tw,劉群茂,20240306.0,20241231.0,20240306 14:52:32
中華民國長期照護推廣協會附設新北市私立三重不老社區長照機構,2N0200002,2,新北市,三重區,新北市三重區光陽里三陽路102號2樓,121.4834289551,25.058719635,B,喘息服務,新北市,三重區,0972306099,longtermcare.org@gmail.com,陳昱翔,20250101.0,20271231.0,20241226 11:42:46
辰信健康有限公司附設臺北市私立辰信居家長照機構,1V0100036,1,臺北市,大安區,臺北市大安區群英里四維路198巷30弄10號2樓,121.5458450317,25.0264434814,B,喘息服務,臺北市,松山區;信義區;大安區;中山區;中正區,02-2558-0208,cxin@elitexs.com.tw,簡裕宗,20220401.0,20241231.0,20221229 22:55:03
辰信健康有限公司附設臺北市私立辰信居家長照機構,1V0100036,1,臺北市,大安區,臺北市大安區群英里四維路198巷30弄10號2樓,121.5458450317,25.0264434814,B,居家服務,臺北市,松山區;信義區;大安區;中山區;中正區,02-2558-0208,cxin@elitexs.com.tw,簡裕宗,20220222.0,20231231.0,20220225 10:29:52
臺北市政府社會局委託社團法人中華民國士林靈糧堂社會福利協會經營管理臺北市瑞光社區長照機構,2R0100011,2,臺北市,內湖區,臺北市內湖區湖元里瑞光路162號2樓之1,121.5792617798,25.0734348297,B,喘息服務,臺北市,松山區;信義區;大安區;中山區;中正區;大同區;萬華區;文山區;南港區;內湖區;士林區;北投區,0226575677,neihurg.dc@slsc.org.tw,劉群茂,20250101.0,20261231.0,20250204 15:28:48
社團法人愛福家協會附設私立成功愛活樂園社區長照機構,2R0100012,2,臺北市,大安區,臺北市大安區群英里復興南路2段171巷26號及28號1樓,121.5449447632,25.0275154114,B,日間照顧服務,臺北市,松山區;信義區;大安區;中山區;中正區;大同區;萬華區;文山區;南港區;內湖區;士林區;北投區,2700-3696,rd08@ilive.org.tw,涂林德媛,20240101.0,20261231.0,20240102 14:52:23
社團法人愛福家協會附設私立成功愛活樂園社區長照機構,2R0100012,2,臺北市,大安區,臺北市大安區群英里復興南路2段171巷26號及28號1樓,121.5449447632,25.0275154114,B,日間照顧服務,臺北市,松山區;信義區;大安區;中山區;中正區;大同區;萬華區;文山區;南港區;內湖區;士林區;北投區,2700-3696,rd08@ilive.org.tw,涂林德媛,20220101.0,20231231.0,20220128 10:02:17
明智銀髮股份有限公司附設新北市私立明志居家長照機構,1R0200030,1,新北市,三重區,新北市三重區中正北路15號4樓F室,121.4249038696,25.0414543152,B,居家服務,新北市,三重區;新莊區;蘆洲區;泰山區,2308-0323,58ad.care8@gmail.com,施定宏,20250101.0,20271231.0,20241218 14:57:26
臺北市私立前瞻居家長照機構,1X0100030,1,臺北市,文山區,臺北市文山區興昌里辛亥路4段21巷10號9樓,121.5590286255,25.0087375641,B,喘息服務,臺北市,松山區;信義區;大安區;中山區;中正區;大同區;萬華區;文山區;南港區;內湖區;士林區;北投區,02-8931-2545,h89312545@gmail.com,楊邦媛,20210420.0,20241231.0,20221229 22:45:17
臺北市私立前瞻居家長照機構,1X0100030,1,臺北市,文山區,臺北市文山區興昌里辛亥路4段21巷10號9樓,121.5590286255,25.0087375641,B,居家服務,臺北市,松山區;信義區;大安區;中山區;中正區;大同區;萬華區;文山區;南港區;內湖區;士林區;北投區,02-8931-2545,h89312545@gmail.com,楊邦媛,20210310.0,20231231.0,20220104 19:12:50
臺北市私立前瞻居家長照機構,1X0100030,1,臺北市,文山區,臺北市文山區興昌里辛亥路4段21巷10號9樓,121.5590286255,25.0087375641,B,喘息服務,臺北市,松山區;信義區;大安區;中山區;中正區;大同區;萬華區;文山區;南港區;內湖區;士林區;北投區,02-8931-2545,h89312545@gmail.com,楊邦媛,20250101.0,20261231.0,20241122 15:24:13
臺北市私立永欣居家長照機構,1X0100031,1,臺北市,北投區,臺北市北投區豐年里中央北路二段371號1樓,121.4874572754,25.1382331848,A,個案管理服務,臺北市,北投區,2891-6364,yongxin6364@gmail.com,陳柏帆,20241223.0,20241231.0,20241220 18:21:11
臺北市私立永欣居家長照機構,1X0100031,1,臺北市,北投區,臺北市北投區豐年里中央北路二段371號1樓,121.4874572754,25.1382331848,B,居家服務,臺北市,中山區;中正區;大同區;萬華區;士林區;北投區,2891-6364,yongxin6364@gmail.com,陳柏帆,20240101.0,20261231.0,20231229 09:41:09
辰信健康有限公司附設臺北市私立辰信居家長照機構,1V0100036,1,臺北市,大安區,臺北市大安區群英里四維路198巷30弄10號2樓,121.5458450317,25.0264434814,B,居家服務,臺北市,松山區;信義區;大安區;中山區;中正區,02-2558-0208,cxin@elitexs.com.tw,簡裕宗,20240101.0,20261231.0,20231229 16:18:51
辰信健康有限公司附設臺北市私立辰信居家長照機構,1V0100036,1,臺北市,大安區,臺北市大安區群英里四維路198巷30弄10號2樓,121.5458450317,25.0264434814,B,喘息服務,臺北市,松山區;信義區;大安區;中山區;中正區,02-2558-0208,cxin@elitexs.com.tw,簡裕宗,20250101.0,20261231.0,20241104 17:07:52
渥康國際股份有限公司附設臺北市私立康禾社區長照機構,2R0100007,2,臺北市,松山區,臺北市松山區南京東路三段285號3樓,121.5458374023,25.0520076752,B,喘息服務,新北市,板橋區;三重區;中和區;永和區;新莊區;汐止區,77056178,khdaycare.service@gmail.com,林恩,20250101.0,20271231.0,20241223 14:49:44
社團法人中華長照協會附設臺北市私立永樂居家長照機構,1R0100029,1,臺北市,文山區,臺北市文山區羅斯福路六段134號2樓,121.5442276001,24.9992790222,B,居家服務,臺北市,松山區;信義區;大安區;中山區;中正區;大同區;萬華區;文山區,02-2930-6919,chxclc001@gmail.com,金國良,20240101.0,20261231.0,20231229 15:47:36
梁診所,B20200209,B2,新北市,土城區,新北市土城區中央路四段75號,121.4172210693,24.958158493,B,居家失能個案家庭醫師照護服務,新北市,板橋區;三重區;中和區;永和區;新莊區;新店區;樹林區;鶯歌區;三峽區;土城區;蘆洲區;泰山區;林口區;深坑區;石碇區;坪林區;烏來區,02-22674991,len79239@yahoo.com.tw,梁忠道,20250101.0,20271231.0,20250103 13:52:16
社團法人愛樂福關懷文創發展協會,BE0100078,BE,臺北市,松山區,臺北市松山區莊敬里撫遠街367巷4號,121.5661087036,25.0638008118,C,巷弄長照站,臺北市,松山區,0926623482,tyy59792000@gmail.com,王澤民,20210101.0,20211231.0,20210412 13:49:09
台北市文山區景慶社區發展協會,BF0100187,BF,臺北市,文山區,臺北市文山區景慶里景福街126號,121.5359573364,24.9958152771,C,巷弄長照站,臺北市,文山區,02-25183311分機310,a313747@gmail.com,馬紹俊,20210101.0,20211231.0,20210409 15:21:07
財團法人台北市聖佳蘭先開懷社會福利慈善基金會,BD0100075,BD,臺北市,士林區,臺北市士林區陽明里建業路73巷10 號,,,C,巷弄長照站,臺北市,士林區,02-28614057,sylg.533@gmail.com,黃翠芳,20210101.0,20211231.0,20210407 12:00:02
財團法人台北市私立永年社會福利慈善基金會,BD0100077,BD,臺北市,松山區,臺北市松山區復勢里光復北路80巷1號1樓,,,C,巷弄長照站,臺北市,松山區,02-2578-6677#2232,socialwork@pojengh.com.tw,王建哲,20210101.0,20211231.0,20210412 13:51:26
樂田健康生活有限公司附設新北市私立樂田居家長照機構,1X0200104,1,新北市,樹林區,新北市樹林區柑園里學林路13號2樓,121.3774642944,24.9488887787,B,喘息服務,新北市,板橋區;樹林區;鶯歌區;三峽區;土城區,0955185838,rakudacare@gmail.com,黃冠惟,20250101.0,20271231.0,20241216 11:47:38
松德長照事業有限公司附設臺北市私立松德居家長照機構,1V0100033,1,臺北市,大同區,臺北市大同區永樂里西寧北路112號2樓之4,121.5088577271,25.0561103821,B,喘息服務,臺北市,松山區;信義區;大安區;中山區;中正區;大同區;萬華區;文山區;南港區;內湖區;士林區;北投區,02-25557985,songde2021@gmail.com,黃松共,20220412.0,20241231.0,20221229 21:23:58
寶珠職能治療所,B50100022,B5,臺北市,大安區,臺北市大安區通化街140巷17號2樓,121.553276062,25.0291194916,B,專業照護服務(CC01),桃園市,桃園區;中壢區;大溪區;楊梅區;蘆竹區;大園區;龜山區;八德區;龍潭區;平鎮區;新屋區;觀音區;復興區,02-27329012,Baozhu5880@gmail.com,柯維喬,20231229.0,20251231.0,20240306 16:15:23
寶珠職能治療所,B50100022,B5,臺北市,大安區,臺北市大安區通化街140巷17號2樓,121.553276062,25.0291194916,B,專業照護服務,新北市,板橋區;三重區;中和區;永和區;新莊區;新店區;樹林區;鶯歌區;三峽區;淡水區;汐止區;瑞芳區;土城區;蘆洲區;五股區;泰山區;林口區;深坑區;石碇區;坪林區;三芝區;石門區;八里區;平溪區;雙溪區;貢寮區;金山區;萬里區;烏來區,02-27329012,Baozhu5880@gmail.com,柯維喬,20250101.0,20271231.0,20241224 10:48:48
寶珠職能治療所,B50100022,B5,臺北市,大安區,臺北市大安區通化街140巷17號2樓,121.553276062,25.0291194916,B,專業照護服務(CC01),新北市,板橋區;三重區;中和區;永和區;新莊區;新店區;樹林區;鶯歌區;三峽區;淡水區;汐止區;瑞芳區;土城區;蘆洲區;五股區;泰山區;林口區;深坑區;石碇區;坪林區;三芝區;石門區;八里區;平溪區;雙溪區;貢寮區;金山區;萬里區;烏來區,02-27329012,Baozhu5880@gmail.com,柯維喬,20250101.0,20271231.0,20241224 10:50:45
臺北市私立傑緣居家長照機構,1X0100034,1,臺北市,北投區,臺北市北投區中庸里大同街210號1樓,121.4992980957,25.1385192871,B,居家服務,臺北市,大同區;士林區;北投區,0930069930,jyuancare11249@gmail.com,劉宇傑,20220224.0,20231231.0,20220225 17:09:48
臺北市私立前瞻居家長照機構,1X0100030,1,臺北市,文山區,臺北市文山區興昌里辛亥路4段21巷10號9樓,121.5590286255,25.0087375641,B,居家服務,臺北市,松山區;信義區;大安區;中山區;中正區;大同區;萬華區;文山區;南港區;內湖區;士林區;北投區,02-8931-2545,h89312545@gmail.com,楊邦媛,20240101.0,20261231.0,20250205 10:17:14
社團法人中華民國香柏樹長者社區關懷協會,BE0100073,BE,臺北市,內湖區,臺北市內湖區東湖里康樂街110巷16弄20號5樓,121.6183853149,25.0703735352,B,營養餐飲服務,臺北市,內湖區,(02)6325560,nhsc.knjc@gmail.com,黃哲人,20200101.0,20201231.0,20210316 11:51:39
愛樂親子診所,B20200219,B2,新北市,蘆洲區,新北市蘆洲區長樂路168號1樓,121.4626083374,25.0909729004,B,居家失能個案家庭醫師照護服務,新北市,蘆洲區,02-22832288,lovekids0168@gmail.com,陳建甫,20250101.0,20271231.0,20250110 16:11:06
臺北市文山區興旺社區發展協會,BF0100191,BF,臺北市,文山區,臺北市文山區興旺里福興路27號,121.5511627197,25.0028038025,C,巷弄長照站,臺北市,文山區,0936048808,junghuiliao@gmail.com,陳忠榮,20210101.0,20211231.0,20210409 16:16:31
社團法人國際奔享體驗教育發展協會(吉利真光),BF0100199,BF,臺北市,北投區,臺北市北投區吉利里石牌路一段39巷80弄41號1樓,121.5109405518,25.1159381866,C,巷弄長照站,臺北市,北投區,02-28288884,gieeda.gieeda@gmail.com,曾美蘭,20210101.0,20211231.0,20210412 10:28:20
臺北市士林區葫東里辦公處,BF0100193,BF,臺北市,士林區,臺北市士林區葫東里中正路589號1樓,121.5107269287,25.086648941,C,巷弄長照站,臺北市,士林區,0933-716-265,daisykuo@hotmail.com,郭淑玲,20210101.0,20211231.0,20210407 13:37:17
臺北市北投區我愛石牌社區發展協會,BF0100204,BF,臺北市,北投區,臺北市北投區石牌里建民路116巷13 號,121.5178756714,25.1098480225,C,巷弄長照站,臺北市,北投區,0928-228-369,lv228369@me.com,吳明益,20210101.0,20211231.0,20210412 10:25:49
財團法人臺北市松年長春社會福利基金會(中山),BD0100081,BD,臺北市,中山區,臺北市中山區行仁里龍江路318巷7號1樓,121.5404205322,25.0648403168,C,巷弄長照站,臺北市,中山區,02-2500-0206,pine004@twdc.org.tw,黃春生,20210101.0,20211231.0,20210408 16:23:16
臺北市大安區永康里辦公處,BF0100212,BF,臺北市,大安區,臺北市大安區永康里金華街199巷3弄6號1樓,121.5284194946,25.0305614471,C,巷弄長照站,臺北市,大安區,0931234954,yongkangvillage@gmail.com,李明螢,20210101.0,20211231.0,20210407 15:19:39
臺北市大安區法治里辦公處,BF0100223,BF,臺北市,大安區,臺北市大安區法治里通化街192號,121.5529251099,25.0261707306,C,巷弄長照站,臺北市,大安區,0980403536,michellelin0207@yahoo.com.tw,林佩燕,20210101.0,20211231.0,20210407 11:34:46
中華民國長期照護推廣協會附設新北市私立三重不老社區長照機構,2N0200002,2,新北市,三重區,新北市三重區光陽里三陽路102號2樓,121.4834289551,25.058719635,B,日間照顧服務,新北市,三重區,0972306099,longtermcare.org@gmail.com,陳昱翔,20250101.0,20271231.0,20241226 11:42:11
臺北市政府社會局委託社團法人中華民國士林靈糧堂社會福利協會經營管理臺北市瑞光社區長照機構,2R0100011,2,臺北市,內湖區,臺北市內湖區湖元里瑞光路162號2樓之1,121.5792617798,25.0734348297,B,小規模多機能服務,臺北市,松山區;信義區;大安區;中山區;中正區;大同區;萬華區;文山區;南港區;內湖區;士林區;北投區,0226575677,neihurg.dc@slsc.org.tw,劉群茂,20250101.0,20261231.0,20250204 15:55:43
臺北市私立傑緣居家長照機構,1X0100034,1,臺北市,北投區,臺北市北投區中庸里大同街210號1樓,121.4992980957,25.1385192871,B,居家服務,臺北市,大同區;士林區;北投區,0930069930,jyuancare11249@gmail.com,劉宇傑,20240101.0,20261231.0,20231229 09:45:20
財團法人台北市北投文化基金會,BD0100079,BD,臺北市,北投區,臺北市北投區林泉里中山路5-12號,121.5096054077,25.1380062103,C,巷弄長照站,臺北市,北投區,02-28917453,smiler826@gmail.com,詹儒宗,20210101.0,20211231.0,20210412 10:51:21
社團法人臺北市中山區大直社區發展協會(大直一),BE0100081,BE,臺北市,內湖區,臺北市內湖區寶湖里民權東路六段208號,121.5966949463,25.0676364899,C,巷弄長照站,臺北市,中山區,0931-302823,bl-yuhsin@mail.taipei.gov.tw,宋羅蘭,20210101.0,20211231.0,20210408 16:09:29
臺北市中正區新營里辦公處,BF0100218,BF,臺北市,中正區,臺北市中正區新營里寧波東街16巷4號1樓,121.5207138062,25.0323085785,C,巷弄長照站,臺北市,中正區,02-23214028,sophia.ja18@gmail.com,何國榮,20210101.0,20211231.0,20210408 17:27:30
上心居家長照服務有限公司附設新北市私立上心居家長照機構,1V0200038,1,新北市,三重區,新北市三重區長元街100號2樓,121.5443954468,24.9796943665,B,居家服務,新北市,板橋區;三重區;中和區;永和區;新莊區;新店區;土城區;蘆洲區;深坑區,0968530500,shangshin10909@gmail.com,詹弘毅,20250101.0,20271231.0,20241224 09:41:38
粱耳鼻喉科診所,B20100104,B2,臺北市,士林區,臺北市士林區社正路12-1號,121.5093002319,25.0885505676,B,居家失能個案家庭醫師照護服務,臺北市,士林區,02-2816-8456,kimbo@doctorvoice.org,楊境森,20200712.0,20241231.0,20221230 21:48:30
粱耳鼻喉科診所,B20100104,B2,臺北市,士林區,臺北市士林區社正路12-1號,121.5093002319,25.0885505676,B,居家失能個案家庭醫師照護服務,臺北市,士林區,02-2816-8456,kimbo@doctorvoice.org,楊境森,20250101.0,20261231.0,20250204 16:06:29
臺北市士林區德行里里辦公處,BF0100195,BF,臺北市,士林區,臺北市士林區德行里德行西路30號1樓,121.5234832764,25.1054706573,C,巷弄長照站,臺北市,士林區,0939-931-903,majasmine519@gmail.com,張僡美,20210101.0,20211231.0,20210407 14:11:15
上心居家長照服務有限公司附設新北市私立上心居家長照機構,1V0200038,1,新北市,三重區,新北市三重區長元街100號2樓,121.5443954468,24.9796943665,B,喘息服務,新北市,板橋區;三重區;中和區;永和區;新莊區;新店區;土城區;蘆洲區;深坑區,0968530500,shangshin10909@gmail.com,詹弘毅,20250101.0,20271231.0,20241224 09:42:30
臺北市大安區錦華里辦公處 ,BF0100222,BF,臺北市,大安區,臺北市大安區錦泰里羅斯福路2段35巷19弄6號1樓,121.5230102539,25.0282535553,C,巷弄長照站,臺北市,大安區,02-23511711#8238,bi-s9091006@mail.taipei.gov.tw,溫美珠,20210101.0,20211231.0,20210407 15:55:11
財團法人私立廣恩老人養護中心附設新北市私立五股獅子頭社區長照機構,2S0200034,2,新北市,五股區,新北市五股區集福里孝義路30號,121.4526596069,25.1077404022,B,小規模多機能服務,新北市,三重區;新莊區;淡水區;蘆洲區;五股區,22932666,gndc_wg@guannenn.org.tw,林偉峰,20250101.0,20271231.0,20241224 15:07:24
財團法人私立廣恩老人養護中心附設新北市私立五股獅子頭社區長照機構,2S0200034,2,新北市,五股區,新北市五股區集福里孝義路30號,121.4526596069,25.1077404022,B,喘息服務,新北市,三重區;新莊區;淡水區;蘆洲區;五股區,22932666,gndc_wg@guannenn.org.tw,林偉峰,20250101.0,20271231.0,20241224 15:07:51
一心健康事業股份有限公司附設臺北市私立繫心居家長照機構,1R0100031,1,臺北市,松山區,臺北市松山區吉仁里延吉街11號4樓之1（A室）,121.5536880493,25.0467262268,B,居家服務,臺北市,松山區;信義區;大安區;中山區;中正區;大同區;萬華區;文山區;南港區;內湖區;士林區;北投區,0955-082-062,gentlecare.ltc@gmail.com,黃淑華,20210505.0,20211231.0,20211230 14:37:58
一心健康事業股份有限公司附設臺北市私立繫心居家長照機構,1R0100031,1,臺北市,松山區,臺北市松山區吉仁里延吉街11號4樓之1（A室）,121.5536880493,25.0467262268,B,居家服務,臺北市,松山區;信義區;大安區;中山區;中正區;大同區;萬華區;南港區;內湖區;士林區;北投區,0955-082-062,gentlecare.ltc@gmail.com,黃淑華,20240101.0,20261231.0,20231229 11:00:17
一心健康事業股份有限公司附設臺北市私立繫心居家長照機構,1R0100031,1,臺北市,松山區,臺北市松山區吉仁里延吉街11號4樓之1（A室）,121.5536880493,25.0467262268,B,喘息服務,臺北市,松山區;信義區;大安區;中山區;中正區;大同區;萬華區;文山區;南港區;內湖區;士林區;北投區,0955-082-062,gentlecare.ltc@gmail.com,黃淑華,20250101.0,20261231.0,20241122 18:40:49
一心健康事業股份有限公司附設臺北市私立繫心居家長照機構,1R0100031,1,臺北市,松山區,臺北市松山區吉仁里延吉街11號4樓之1（A室）,121.5536880493,25.0467262268,B,居家服務,臺北市,松山區;信義區;大安區;中山區;中正區;大同區;萬華區;南港區;內湖區;士林區;北投區,0955-082-062,gentlecare.ltc@gmail.com,黃淑華,20220101.0,20231231.0,20211230 14:37:07
一心健康事業股份有限公司附設臺北市私立繫心居家長照機構,1R0100031,1,臺北市,松山區,臺北市松山區吉仁里延吉街11號4樓之1（A室）,121.5536880493,25.0467262268,B,喘息服務,臺北市,松山區;信義區;大安區;中山區;中正區;大同區;萬華區;文山區;南港區;內湖區;士林區;北投區,0955-082-062,gentlecare.ltc@gmail.com,黃淑華,20210623.0,20241231.0,20221229 22:46:08
新北市光塩愛心關懷協會(社照C),BF0200178,BF,新北市,新莊區,新北市新莊區立廷里立信三街25-3號1樓,121.4421157837,25.0504112244,C,巷弄長照站,新北市,新莊區,02-29982723,estherulizii@gmail.com,吳振鏜,20220101.0,20221231.0,20220503 09:39:17
樂玲社會企業股份有限公司附設新北市私立老同學社區長照機構,2V0200001,2,新北市,淡水區,新北市淡水區幸福里水源街一段106號一樓,121.4465179443,25.1719760895,B,日間照顧服務,新北市,淡水區,0226282449,oldclassmate106@gmail.com,汪清課,20250101.0,20271231.0,20241219 14:04:14
社團法人中華基督教521福緣全人關懷協會-中興據點(社照C),BE0200069,BE,新北市,五股區,新北市五股區五股里中興路4段19-1號,121.439239502,25.0824127197,C,巷弄長照站,新北市,五股區,02-22914515,mp789681@gmail.com,韓善泉,20220101.0,20221231.0,20220503 09:46:21
樂玲社會企業股份有限公司附設新北市私立老同學社區長照機構,2V0200001,2,新北市,淡水區,新北市淡水區幸福里水源街一段106號一樓,121.4465179443,25.1719760895,B,喘息服務,新北市,淡水區,0226282449,oldclassmate106@gmail.com,汪清課,20250101.0,20271231.0,20241219 14:04:42
微笑長照整合服務股份有限公司附設新北市私立微笑居家長照機構-泰山新明據點(醫事C),1V0200047,1,新北市,泰山區,新北市泰山區新明里民國街48號1樓,121.4258117676,25.0437030792,B,喘息服務,新北市,泰山區,29940060,smile.ltc.hc@gmail.com,趙軒,20250101.0,20271231.0,20250429 10:24:53
新北市私立常春藤居家長照機構-瑞芳吉安據點(醫事C),1X0200094,1,新北市,瑞芳區,新北市瑞芳區吉安里大埔路178號1樓,121.7621612549,25.1019287109,C,巷弄長照站,新北市,汐止區,(02)-86461838,ivycareee@gmail.com,俞美娟,20200401.0,20211231.0,20210526 18:37:03
新北市平溪區老人會(社照C),BF0200192,BF,新北市,平溪區,新北市平溪區嶺腳里靜安路二段531號,121.7474365234,25.0280952454,C,巷弄長照站,新北市,平溪區,24952328,pojongl@gmail.com,楊明仁,20230101.0,20231231.0,20230530 16:55:49
新北市平溪區老人會(社照C),BF0200192,BF,新北市,平溪區,新北市平溪區嶺腳里靜安路二段531號,121.7474365234,25.0280952454,C,巷弄長照站,新北市,平溪區,24952328,pojongl@gmail.com,楊明仁,20230101.0,20231231.0,20230530 16:55:49
新北市私立達霖居家長照機構,1X0200096,1,新北市,板橋區,新北市板橋區篤行路三段18號2樓,121.4287185669,24.987323761,B,喘息服務,新北市,板橋區;樹林區;土城區,2685-5992,darlinghomecare@gmail.com,林凱瑩,20250101.0,20271231.0,20241231 14:09:04
新北市貢寮區衛生所(醫事C),B20200240,B2,新北市,貢寮區,新北市貢寮區和美里和美街35-2號,121.9127120972,25.0840778351,C,巷弄長照站,新北市,貢寮區,02-24901431,AF9107@ntpc.gov.tw,林中一,20210101.0,20211231.0,20210527 11:10:08
新北市板橋深埔港人文推廣協會-板橋居仁站(社照C),BF0200197,BF,新北市,板橋區,新北市板橋區居仁里光環路2段58號,121.4813690186,25.0145683289,C,巷弄長照站,新北市,板橋區,0930100333,yusulan0987189148@gmail.com,吳秀珍,20230101.0,20231231.0,20230630 14:59:23
微笑長照整合服務股份有限公司附設新北市私立微笑居家長照機構-泰山新明據點(醫事C),1V0200047,1,新北市,泰山區,新北市泰山區新明里民國街48號1樓,121.4258117676,25.0437030792,C,巷弄長照站,新北市,泰山區,29940060,smile.ltc.hc@gmail.com,趙軒,20210501.0,20211231.0,20210526 16:45:08
新北市私立常春藤居家長照機構-瑞芳吉安據點(醫事C),1X0200094,1,新北市,瑞芳區,新北市瑞芳區吉安里大埔路178號1樓,121.7621612549,25.1019287109,B,喘息服務,新北市,瑞芳區,(02)-86461838,ivycareee@gmail.com,俞美娟,20250101.0,20271231.0,20250425 14:37:59
新北市私立立穎居家長照機構-烏來忠治據點(醫事C),1X0200095,1,新北市,烏來區,新北市烏來區忠治里新烏路五段98號,121.5471801758,24.8658599854,C,巷弄長照站,新北市,烏來區,(02)8668-6651,liinhomecare@gmail.com,周惠貞,20210401.0,20211231.0,20210527 10:35:41
新北市私立立穎居家長照機構-烏來忠治據點(醫事C),1X0200095,1,新北市,烏來區,新北市烏來區忠治里新烏路五段98號,121.5471801758,24.8658599854,B,喘息服務,新北市,烏來區,(02)8668-6651,liinhomecare@gmail.com,周惠貞,20250101.0,20271231.0,20250429 10:47:30
新北市私立達霖居家長照機構,1X0200096,1,新北市,板橋區,新北市板橋區篤行路三段18號2樓,121.4287185669,24.987323761,B,居家服務,新北市,板橋區;樹林區;土城區,2685-5992,darlinghomecare@gmail.com,林凱瑩,20250101.0,20271231.0,20241231 14:08:34
鴻源長期照顧股份有限公司附設臺北市私立旭樂居家長照機構,1R0100033,1,臺北市,士林區,臺北市士林區承德里承德路四段80巷2號3樓,121.5229187012,25.0823059082,B,居家服務,臺北市,萬華區;士林區;北投區,28858000,P021158@alumni.cgust.edu.tw,杜彥甫,20211125.0,20231231.0,20211129 17:01:44
鴻源長期照顧股份有限公司附設臺北市私立旭樂居家長照機構,1R0100033,1,臺北市,士林區,臺北市士林區承德里承德路四段80巷2號3樓,121.5229187012,25.0823059082,B,居家服務,臺北市,萬華區;士林區;北投區,28858000,P021158@alumni.cgust.edu.tw,杜彥甫,20240101.0,20241231.0,20231229 18:02:22
鴻源長期照顧股份有限公司附設臺北市私立旭樂居家長照機構,1R0100033,1,臺北市,士林區,臺北市士林區承德里承德路四段80巷2號3樓,121.5229187012,25.0823059082,B,居家服務,新北市,板橋區;三重區;中和區;新莊區;淡水區;蘆洲區;五股區,28858000,P021158@alumni.cgust.edu.tw,杜彥甫,20250101.0,20271231.0,20241224 15:18:28
鴻源長期照顧股份有限公司附設臺北市私立旭樂居家長照機構,1R0100033,1,臺北市,士林區,臺北市士林區承德里承德路四段80巷2號3樓,121.5229187012,25.0823059082,B,喘息服務,新北市,板橋區;三重區;中和區;新莊區;淡水區;蘆洲區;五股區,28858000,P021158@alumni.cgust.edu.tw,杜彥甫,20250101.0,20271231.0,20241224 15:19:02
鴻源長期照顧股份有限公司附設臺北市私立旭樂居家長照機構,1R0100033,1,臺北市,士林區,臺北市士林區承德里承德路四段80巷2號3樓,121.5229187012,25.0823059082,B,居家服務,臺北市,松山區;大同區;萬華區;內湖區;士林區;北投區,28858000,P021158@alumni.cgust.edu.tw,杜彥甫,20241111.0,20261231.0,20241112 18:51:26
新北市大新板愛心關懷協會(板橋懷翠站)(社照C),BE0200073,BE,新北市,板橋區,新北市板橋區懷翠里懷德街191巷26弄1號,121.4806671143,25.0297641754,C,巷弄長照站,新北市,板橋區,02-29589299,yisyuanhu@gmail.com,呂芳昌,20230101.0,20231231.0,20230630 14:57:11
新北市貢寮區雙玉社區發展協會(社照C),BE0200074,BE,新北市,貢寮區,新北市貢寮區雙玉里田寮洋街12-2號,121.9224777222,25.0257263184,C,巷弄長照站,新北市,貢寮區,0988132019,Kmchen119@gmail.com,吳戶東,20220101.0,20221231.0,20220503 10:18:43
鴻源長期照顧股份有限公司附設臺北市私立旭樂居家長照機構,1R0100033,1,臺北市,士林區,臺北市士林區承德里承德路四段80巷2號3樓,121.5229187012,25.0823059082,B,喘息服務,臺北市,松山區;信義區;大安區;中山區;中正區;大同區;萬華區;文山區;南港區;內湖區;士林區;北投區,28858000,P021158@alumni.cgust.edu.tw,杜彥甫,20210831.0,20241231.0,20221230 20:29:35
鴻源長期照顧股份有限公司附設臺北市私立旭樂居家長照機構,1R0100033,1,臺北市,士林區,臺北市士林區承德里承德路四段80巷2號3樓,121.5229187012,25.0823059082,B,喘息服務,臺北市,松山區;信義區;大安區;中山區;中正區;大同區;萬華區;文山區;南港區;內湖區;士林區;北投區,28858000,P021158@alumni.cgust.edu.tw,杜彥甫,20250101.0,20261231.0,20241115 17:26:34
新北市私立信福居家長照機構,1X0200099,1,新北市,淡水區,新北市淡水區淡金路38巷96號1樓,121.4585800171,25.1615600586,B,居家服務,新北市,淡水區;三芝區;八里區,02-86262912,xingfu8405@gmail.com,李政原,20250101.0,20271231.0,20241224 11:08:19
社團法人台灣微光行動協會(臺北市),BA0200024,BA,新北市,新店區,新北市新店區文化路80巷11號,121.5448303223,24.9814319611,B,交通接送服務(DA01),臺北市,松山區;信義區;大安區;中山區;中正區;大同區;萬華區;文山區;南港區;內湖區;士林區;北投區,29120299,houihsia@gmail.com,侯勝宗,20240101.0,20261231.0,20240327 10:06:33
祝三實業股份有限公司,BA0200025,BA,新北市,板橋區,新北市板橋區遠東路3號4樓,121.4567489624,24.9983654022,B,交通接送服務(DA01),臺北市,松山區;信義區;大安區;中山區;中正區;大同區;萬華區;文山區;南港區;內湖區;士林區;北投區,29685661,momocat3230@gmail.com,蕭中正,20240101.0,20261231.0,20240327 10:10:44
新北市私立信福居家長照機構,1X0200099,1,新北市,淡水區,新北市淡水區淡金路38巷96號1樓,121.4585800171,25.1615600586,B,喘息服務,新北市,淡水區;三芝區;八里區,02-86262912,xingfu8405@gmail.com,李政原,20250101.0,20271231.0,20241224 11:08:41
優居家長照有限公司附設新北市私立優居家長照機構,1V0200064,1,新北市,中和區,新北市中和區員山路109號13樓,121.480796814,24.9946479797,B,專業照護服務,新北市,中和區;永和區;新莊區;樹林區,2226-1866,yogurt.ot@gmail.com,陳慧玲,20250101.0,20271231.0,20241225 13:52:03
優居家長照有限公司附設新北市私立優居家長照機構,1V0200064,1,新北市,中和區,新北市中和區員山路109號13樓,121.480796814,24.9946479797,B,喘息服務,新北市,板橋區;中和區,2226-1866,yogurt.ot@gmail.com,陳慧玲,20250101.0,20271231.0,20241225 13:51:20
久安事業有限公司附設新北市私立久安居家長照機構,1V0200063,1,新北市,板橋區,新北市板橋區中正路341巷24號A07室,121.454208374,25.0201644897,B,喘息服務,新北市,板橋區;中和區;新莊區,2968-0298,an29680298@gmail.com,郭子賢,20250101.0,20271231.0,20241225 10:58:36
有限責任臺北市全國照服員勞動合作社附設臺北市私立全方位居家長照機構,1R0100035,1,臺北市,萬華區,臺北市萬華區青年路106巷9號,121.5021286011,25.0226593018,B,居家服務,臺北市,中正區;大同區;萬華區,23033909,a88119480@gmail.com,李宗玟,20211202.0,20231231.0,20211207 12:30:40
三合利計程車客運服務有限公司,BA0200027,BA,新北市,永和區,新北市永和區中正路700號8樓之一,121.5163726807,25.0099277496,B,交通接送服務,臺北市,松山區;信義區;大安區;中山區;中正區;大同區;萬華區;文山區;南港區;內湖區;士林區;北投區,29291266,shiu5830@gmail.com,蔡豐吉,20210701.0,20221231.0,20210720 13:39:00
有限責任臺北市全國照服員勞動合作社附設臺北市私立全方位居家長照機構,1R0100035,1,臺北市,萬華區,臺北市萬華區青年路106巷9號,121.5021286011,25.0226593018,B,居家服務,臺北市,中正區;大同區;萬華區,23033909,a88119480@gmail.com,李宗玟,20240101.0,20241016.0,20241014 11:56:04
大心管理顧問股份有限公司附設新北市私立誠心居家長照機構,1V0200054,1,新北市,永和區,新北市永和區保生路46號2樓,121.505821228,25.0085964203,B,居家服務,新北市,中和區;永和區;新店區,02-89213833,baby.w0708@gmail.com,魏筱芸,20250101.0,20271231.0,20241224 13:53:09
大心管理顧問股份有限公司附設新北市私立誠心居家長照機構,1V0200054,1,新北市,永和區,新北市永和區保生路46號2樓,121.505821228,25.0085964203,B,喘息服務,新北市,中和區;永和區;新店區,02-89213833,baby.w0708@gmail.com,魏筱芸,20250101.0,20271231.0,20241224 13:53:35
惠恩居家職能治療所,B50200013,B5,新北市,金山區,新北市金山區仁愛路19號1樓,121.637550354,25.2191791534,B,專業照護服務(CC01),新北市,板橋區;三重區;中和區;永和區;新莊區;新店區;樹林區;鶯歌區;三峽區;淡水區;汐止區;瑞芳區;土城區;蘆洲區;五股區;泰山區;林口區;深坑區;石碇區;坪林區;三芝區;石門區;八里區;平溪區;雙溪區;貢寮區;金山區;萬里區;烏來區,0975668851,huienot@gmail.com,鄭憲鵬,20220101.0,20241231.0,20230802 17:19:14
新北市私立家安居家長照機構,1X0200103,1,新北市,蘆洲區,新北市蘆洲區正義里光榮路101巷52-1號1樓,121.4633560181,25.0909404755,B,居家服務,新北市,板橋區;三重區;新莊區;淡水區;瑞芳區;蘆洲區;五股區;泰山區;林口區;三芝區;石門區;八里區;金山區;萬里區,28489106,giaan601204@gmail.com,陳月美,20250101.0,20271231.0,20241216 09:49:00
新北市私立家安居家長照機構,1X0200103,1,新北市,蘆洲區,新北市蘆洲區正義里光榮路101巷52-1號1樓,121.4633560181,25.0909404755,B,喘息服務,新北市,板橋區;三重區;新莊區;淡水區;瑞芳區;蘆洲區;五股區;泰山區;林口區;三芝區;石門區;八里區;金山區;萬里區,28489106,giaan601204@gmail.com,陳月美,20250101.0,20271231.0,20241216 09:50:35
新北市私立家安居家長照機構,1X0200103,1,新北市,蘆洲區,新北市蘆洲區正義里光榮路101巷52-1號1樓,121.4633560181,25.0909404755,A,個案管理服務,新北市,三芝區;石門區;八里區;金山區;萬里區,28489106,giaan601204@gmail.com,陳月美,20250101.0,20250630.0,20241231 15:07:45
社團法人中華利仁社會福利協會附設新北市私立利仁居家長照機構,1R0200040,1,新北市,土城區,新北市土城區中正路1號6樓之1,121.4423065186,24.9751091003,B,喘息服務,新北市,板橋區;三重區;中和區;新莊區;土城區,02-2266-5151,cccc11437n@gmail.com,謝麗珠,20250101.0,20271231.0,20241219 11:23:54
東和居家有限公司附設臺北市私立東正居家長照機構,1R0100039,1,臺北市,文山區,臺北市文山區景文街42號3樓305室,121.541229248,24.9917163849,B,喘息服務,臺北市,松山區;信義區;大安區;中山區;中正區;大同區;萬華區;文山區;南港區;內湖區;士林區;北投區,0908650417,donchenjujia@gmail.com,林溦,20221128.0,20241231.0,20221229 22:37:54
惠恩居家職能治療所,B50200013,B5,新北市,金山區,新北市金山區仁愛路19號1樓,121.637550354,25.2191791534,B,專業照護服務,新北市,三重區;新莊區;蘆洲區;五股區;泰山區;金山區;萬里區,0975668851,huienot@gmail.com,鄭憲鵬,20250101.0,20271231.0,20250106 11:38:03
惠恩居家職能治療所,B50200013,B5,新北市,金山區,新北市金山區仁愛路19號1樓,121.637550354,25.2191791534,B,專業照護服務(CC01),新北市,三重區;新莊區;蘆洲區;五股區;泰山區;金山區;萬里區,0975668851,huienot@gmail.com,鄭憲鵬,20250101.0,20271231.0,20250106 11:38:39
東和居家有限公司附設臺北市私立東正居家長照機構,1R0100039,1,臺北市,文山區,臺北市文山區景文街42號3樓305室,121.541229248,24.9917163849,B,居家服務,臺北市,大安區;中正區;文山區,0908650417,donchenjujia@gmail.com,林溦,20220606.0,20231231.0,20220608 17:37:26
社團法人中華利仁社會福利協會附設新北市私立利仁居家長照機構,1R0200040,1,新北市,土城區,新北市土城區中正路1號6樓之1,121.4423065186,24.9751091003,B,居家服務,新北市,板橋區;三重區;中和區;新莊區;土城區,02-2266-5151,cccc11437n@gmail.com,謝麗珠,20250101.0,20271231.0,20241219 11:23:20
光明診所,B20100108,B2,臺北市,北投區,臺北市北投區石牌路二段99巷55號1樓,121.5168075562,25.1183280945,B,居家失能個案家庭醫師照護服務,臺北市,松山區;中山區;大同區;萬華區;內湖區;士林區;北投區,02-28210197,kuang_c@hotmail.com,張光明,20210101.0,20241231.0,20240305 15:44:13
台灣受恩整合服務股份有限公司附設新北市私立三重受恩社區長照機構,2R0200007,2,新北市,三重區,新北市三重區光華里重新路一段87號2樓,121.5012283325,25.0635929108,B,喘息服務,新北市,板橋區;三重區;中和區;永和區;新莊區;蘆洲區;五股區;泰山區,02-66375732,cckliu22@gmail.com,劉庭軒,20250101.0,20271231.0,20241225 09:58:59
碧華居家職能治療所,B50200014,B5,新北市,三重區,新北市三重區富華街98號,121.4912338257,25.0836734772,B,專業照護服務(CC01),新北市,板橋區;三重區;新莊區;樹林區;鶯歌區;淡水區;蘆洲區;五股區;泰山區;林口區;三芝區;八里區,0905-395-539,bihuaotclinic@gmail.com,廖皇閔,20240105.0,20241231.0,20240115 15:13:12
碧華居家職能治療所,B50200014,B5,新北市,三重區,新北市三重區富華街98號,121.4912338257,25.0836734772,B,專業照護服務(CC01),桃園市,桃園區;蘆竹區;大園區;龜山區;八德區,0905-395-539,bihuaotclinic@gmail.com,廖皇閔,20231229.0,20251231.0,20240115 16:36:14
惠恩居家職能治療所,B50200013,B5,新北市,金山區,新北市金山區仁愛路19號1樓,121.637550354,25.2191791534,B,專業照護服務,新北市,三重區;新莊區;蘆洲區;五股區;泰山區;金山區;萬里區,0975668851,huienot@gmail.com,鄭憲鵬,20220101.0,20241231.0,20220408 09:20:10
新北市中和區世紀皇家管理委員會,BF0200208,BF,新北市,中和區,新北市中和區力行里連勝街9號,121.4991149902,24.9985313416,C,巷弄長照站,新北市,中和區,22466189,kinghouse6189@gmail.com,陳世鴻,20220101.0,20221231.0,20220503 10:47:58
光明診所,B20100108,B2,臺北市,北投區,臺北市北投區石牌路二段99巷55號1樓,121.5168075562,25.1183280945,B,居家失能個案家庭醫師照護服務,臺北市,松山區;中山區;大同區;萬華區;內湖區;士林區;北投區,02-28210197,kuang_c@hotmail.com,張光明,20250101.0,20261231.0,20250204 16:20:51
台灣受恩整合服務股份有限公司附設新北市私立三重受恩社區長照機構,2R0200007,2,新北市,三重區,新北市三重區光華里重新路一段87號2樓,121.5012283325,25.0635929108,B,日間照顧服務,新北市,板橋區;三重區;中和區;永和區;新莊區;蘆洲區;五股區;泰山區,02-66375732,cckliu22@gmail.com,劉庭軒,20250101.0,20271231.0,20241225 09:58:30
久安事業有限公司附設新北市私立久安居家長照機構,1V0200063,1,新北市,板橋區,新北市板橋區中正路341巷24號A07室,121.454208374,25.0201644897,B,居家服務,新北市,板橋區;中和區;新莊區,2968-0298,an29680298@gmail.com,郭子賢,20250101.0,20271231.0,20241225 10:57:46
優居家長照有限公司附設新北市私立優居家長照機構,1V0200064,1,新北市,中和區,新北市中和區員山路109號13樓,121.480796814,24.9946479797,B,專業照護服務,新北市,中和區;永和區;新莊區;樹林區,2226-1866,yogurt.ot@gmail.com,陳慧玲,20220427.0,20241231.0,20220427 16:36:53
中華民國長期照護推廣協會附設新北市私立中和不老社區長照機構,2R0200008,2,新北市,中和區,新北市中和區壽德里27鄰民德路360號2樓,121.4661560059,24.9939460754,B,日間照顧服務,新北市,板橋區;中和區;土城區,0972-306-099,longtermcare.org@gmail.com,陳昱翔,20250101.0,20271231.0,20241226 11:22:50
微笑關懷健康有限公司附設新北市私立馨悅居家長照機構,1V0200065,1,新北市,永和區,新北市永和區福和路309巷20弄9號1樓,121.5146102905,25.0109806061,B,居家服務,新北市,板橋區;三重區;中和區;永和區;新莊區;新店區,02-7755-1299,smilecarehealth@gmail.com,劉家豪,20250101.0,20271231.0,20241205 15:57:03
大天使長照有限公司附設新北市私立大天使居家長照機構,1V0200066,1,新北市,新店區,新北市新店區北新路1段10號16樓,121.5408554077,24.9653949738,B,專業照護服務,新北市,板橋區;中和區;永和區;新店區,0970-532-222,bigangle888888@gmail.com,黃淇姍,20220406.0,20241231.0,20220411 10:33:07
大天使長照有限公司附設新北市私立大天使居家長照機構,1V0200066,1,新北市,新店區,新北市新店區北新路1段10號16樓,121.5408554077,24.9653949738,B,居家服務,新北市,中和區;永和區;新店區,0970-532-222,bigangle888888@gmail.com,黃淇姍,20250101.0,20271231.0,20241213 09:03:53
大天使長照有限公司附設新北市私立大天使居家長照機構,1V0200066,1,新北市,新店區,新北市新店區北新路1段10號16樓,121.5408554077,24.9653949738,B,喘息服務,新北市,中和區;永和區;新店區,0970-532-222,bigangle888888@gmail.com,黃淇姍,20250101.0,20271231.0,20241213 09:04:44
財團法人私立廣恩老人養護中心附設臺北市私立松山健康社區長照機構,2S0100023,2,臺北市,松山區,臺北市松山區健康路225巷11號1樓,121.5622634888,25.0545349121,B,小規模多機能服務,臺北市,松山區;信義區;大安區;中山區;中正區;大同區;萬華區;文山區;南港區;內湖區;士林區;北投區,27568777,gndc_ss@guannenn.org.tw,林偉峰,20240101.0,20241231.0,20250204 15:49:56
新北市林口區嘉瑞社區發展協會(社照C),BF0200210,BF,新北市,林口區,新北市林口區嘉寶里1鄰22號,121.3393249512,25.1083450317,C,巷弄長照站,新北市,林口區,0932-921-251,Huang12988@gmail.com,賴美秀,20211001.0,20211217.0,20211005 09:55:30
優居家長照有限公司附設新北市私立優居家長照機構,1V0200064,1,新北市,中和區,新北市中和區員山路109號13樓,121.480796814,24.9946479797,B,居家服務,新北市,板橋區;中和區,2226-1866,yogurt.ot@gmail.com,陳慧玲,20250101.0,20271231.0,20241225 13:50:54
(新北)吉盛交通股份有限公司,BA0100028,BA,臺北市,北投區,臺北市北投區育仁路155之1號2樓,121.5006484985,25.1367702484,B,交通接送服務(DA01),新北市,板橋區;三重區;中和區;永和區;新莊區;新店區;樹林區;鶯歌區;三峽區;淡水區;汐止區;土城區;蘆洲區;五股區;泰山區;林口區;八里區,02-28280333,sammi@sharecar.tw,吳大鴻,20250101.0,20271231.0,20250109 15:58:33
財團法人私立廣恩老人養護中心附設臺北市私立松山健康社區長照機構,2S0100023,2,臺北市,松山區,臺北市松山區健康路225巷11號1樓,121.5622634888,25.0545349121,B,喘息服務,臺北市,松山區;信義區;大安區;中山區;中正區;大同區;萬華區;文山區;南港區;內湖區;士林區;北投區,27568777,gndc_ss@guannenn.org.tw,林偉峰,20211018.0,20241231.0,20221229 23:05:26
財團法人私立廣恩老人養護中心附設臺北市私立松山健康社區長照機構,2S0100023,2,臺北市,松山區,臺北市松山區健康路225巷11號1樓,121.5622634888,25.0545349121,B,小規模多機能服務,臺北市,松山區;信義區;大安區;中山區;中正區;大同區;萬華區;文山區;南港區;內湖區;士林區;北投區,27568777,gndc_ss@guannenn.org.tw,林偉峰,20250101.0,20261231.0,20250204 15:48:40
中華民國長期照護推廣協會附設新北市私立中和不老社區長照機構,2R0200008,2,新北市,中和區,新北市中和區壽德里27鄰民德路360號2樓,121.4661560059,24.9939460754,B,喘息服務,新北市,板橋區;中和區;土城區,0972-306-099,longtermcare.org@gmail.com,陳昱翔,20250101.0,20271231.0,20241226 11:23:41
微笑關懷健康有限公司附設新北市私立馨悅居家長照機構,1V0200065,1,新北市,永和區,新北市永和區福和路309巷20弄9號1樓,121.5146102905,25.0109806061,B,喘息服務,新北市,板橋區;三重區;中和區;永和區;新莊區;新店區,02-7755-1299,smilecarehealth@gmail.com,劉家豪,20250101.0,20271231.0,20241205 15:58:08
天主教耕莘醫療財團法人附設新北市私立新店央北社區長照機構,2U0200001,2,新北市,新店區,新北市新店區和平里008鄰中山路137號2樓之1,121.5264129639,24.9812545776,B,日間照顧服務,新北市,中和區;永和區;新店區,2219-3166,yangbeidaycare@gmail.com,鍾安住,20250101.0,20271231.0,20241227 15:38:12
中華全齡關懷協會(三重福樂分站)(社照C),BF0200219,BF,新北市,三重區,新北市三重區福樂里三和路四段125巷85號,121.4875106812,25.0785636902,C,巷弄長照站,新北市,三重區,5574-0079,caaca88238079@gmail.com,邱玉亭,20220101.0,20231231.0,20230530 19:07:51
長安健照事業股份有限公司附設臺北市私立長安健照事業居家長照機構,1V0100037,1,臺北市,中正區,臺北市中正區梅花里忠孝東路1段35號10樓D室,121.5255355835,25.0444889069,B,居家服務,臺北市,松山區;信義區;大安區;中山區;中正區;大同區;萬華區;南港區;士林區;北投區,02-25810519,changancare@gmail.com,戴妤庭,20240101.0,20261231.0,20231229 09:48:17
傳家寶國際青銀教育有限公司私立傳家寶居家長照機構,1V0100034,1,臺北市,中山區,臺北市中山區中吉里松江路124巷23號5樓,121.5164108276,25.0627498627,B,居家服務,臺北市,松山區;中山區;大同區,02-2557-0968,service@cjb.com.tw,趙文瑜,20211220.0,20231231.0,20220104 16:00:34
(新北)吉盛交通股份有限公司,BA0100028,BA,臺北市,北投區,臺北市北投區育仁路155之1號2樓,121.5006484985,25.1367702484,B,社區式交通接送服務(BD03),新北市,板橋區;三重區;中和區;永和區;新莊區,02-28280333,sammi@sharecar.tw,吳大鴻,20250101.0,20271231.0,20250109 15:58:57
長安健照事業股份有限公司附設臺北市私立長安健照事業居家長照機構,1V0100037,1,臺北市,中正區,臺北市中正區梅花里忠孝東路1段35號10樓D室,121.5255355835,25.0444889069,B,喘息服務,臺北市,松山區;信義區;大安區;中山區;中正區;大同區;萬華區;南港區;士林區;北投區,02-25810519,changancare@gmail.com,戴妤庭,20221014.0,20241231.0,20221229 22:16:16
長安健照事業股份有限公司附設臺北市私立長安健照事業居家長照機構,1V0100037,1,臺北市,中正區,臺北市中正區梅花里忠孝東路1段35號10樓D室,121.5255355835,25.0444889069,B,喘息服務,臺北市,松山區;信義區;大安區;中山區;中正區;大同區;萬華區;南港區;士林區;北投區,02-25810519,changancare@gmail.com,戴妤庭,20250101.0,20261231.0,20241104 17:32:16
財團法人私立廣恩老人養護中心附設臺北市私立松山健康社區長照機構,2S0100023,2,臺北市,松山區,臺北市松山區健康路225巷11號1樓,121.5622634888,25.0545349121,B,喘息服務,臺北市,松山區;信義區;大安區;中山區;中正區;大同區;萬華區;文山區;南港區;內湖區;士林區;北投區,27568777,gndc_ss@guannenn.org.tw,林偉峰,20250101.0,20261231.0,20241030 18:55:40
傳家寶國際青銀教育有限公司私立傳家寶居家長照機構,1V0100034,1,臺北市,中山區,臺北市中山區中吉里松江路124巷23號5樓,121.5164108276,25.0627498627,B,居家服務,臺北市,松山區;中山區;大同區,02-2557-0968,service@cjb.com.tw,趙文瑜,20240101.0,20261231.0,20231229 18:21:32
傳家寶國際青銀教育有限公司私立傳家寶居家長照機構,1V0100034,1,臺北市,中山區,臺北市中山區中吉里松江路124巷23號5樓,121.5164108276,25.0627498627,B,喘息服務,臺北市,松山區;信義區;大安區;中山區;中正區;大同區;萬華區;文山區;南港區;內湖區;士林區;北投區,02-2557-0968,service@cjb.com.tw,趙文瑜,20241015.0,20261231.0,20241016 09:53:22
新北市私立家悅社區長照機構,2X0200015,2,新北市,鶯歌區,新北市鶯歌區建國里新北市鶯歌區光明街74號1樓,121.3434295654,24.9548530579,B,家庭托顧服務,新北市,10;15;5;樹林區;鶯歌區;三峽區;土城區,0919026576,hh26771319@gmail.com,朱若慈,20250101.0,20271231.0,20241225 11:03:19
新北市中和區連和里辦公處(社照C),BF0200211,BF,新北市,中和區,新北市中和區連和里連城路54號,121.4980392456,25.0018844604,C,巷弄長照站,新北市,中和區,02-22439566,AO3936@ntpc.gov.tw,朱榮凱,20220101.0,20221231.0,20220307 15:01:49
新北市金山區六三社區發展協會(社照C),BF0200218,BF,新北市,金山區,新北市金山區三界里三界壇路101之1號,121.6207122803,25.2300930023,C,巷弄長照站,新北市,金山區,0919573711,Zhongding789@yahoo.com.tw,鐘鼎平,20220101.0,20221231.0,20220308 16:57:37
天主教耕莘醫療財團法人附設新北市私立新店央北社區長照機構,2U0200001,2,新北市,新店區,新北市新店區和平里008鄰中山路137號2樓之1,121.5264129639,24.9812545776,B,喘息服務,新北市,中和區;永和區;新店區,2219-3166,yangbeidaycare@gmail.com,鍾安住,20250101.0,20271231.0,20241227 15:38:39
力麗長青長照社團法人附設台北市私立樂活社區長照機構,2R0100008,2,臺北市,萬華區,臺北市萬華區環河南路2段278號1樓,121.4911727905,25.0323638916,B,日間照顧服務,臺北市,松山區;信義區;大安區;中山區;中正區;大同區;萬華區;文山區;南港區;內湖區;士林區;北投區,21001688,rita1126@regiant.com.tw,郭濟安,20211201.0,20231231.0,20211230 10:17:57
長樂健康事業有限公司附設新北市私立長樂居家長照機構,1R0200034,1,新北市,樹林區,新北市樹林區大有路63號1樓,121.3837051392,24.9481868744,B,居家服務,新北市,樹林區;鶯歌區;三峽區;土城區,02-77527659,clltcserv@gmail.com,張美琳,20250101.0,20271231.0,20241218 11:51:27
長樂健康事業有限公司附設新北市私立長樂居家長照機構,1R0200034,1,新北市,樹林區,新北市樹林區大有路63號1樓,121.3837051392,24.9481868744,B,專業照護服務,新北市,樹林區;鶯歌區;三峽區;土城區,02-77527659,clltcserv@gmail.com,張美琳,20250101.0,20271231.0,20241218 11:52:12
新北市私立真開欣社區長照機構,2X0200017,2,新北市,蘆洲區,新北市蘆洲區正義里永樂街2號2樓,121.4607772827,25.093082428,B,日間照顧服務,新北市,三重區;蘆洲區;五股區,0966560079,p650711@gmail.com,江忠礎,20250101.0,20271231.0,20241203 14:15:11
新北市私立真開欣社區長照機構,2X0200017,2,新北市,蘆洲區,新北市蘆洲區正義里永樂街2號2樓,121.4607772827,25.093082428,B,喘息服務,新北市,三重區;蘆洲區;五股區,0966560079,p650711@gmail.com,江忠礎,20250101.0,20271231.0,20241203 14:16:03
東和居家有限公司附設臺北市私立東和居家長照機構,1R0100038,1,臺北市,松山區,臺北市松山區南京東路四段170號4樓之1,121.5568161011,25.0513687134,B,喘息服務,臺北市,松山區;信義區;大安區;中山區;中正區;大同區;萬華區;文山區;南港區;內湖區;士林區;北投區,02-6605-0630,rubie1218@yahoo.com.tw,林溦,20220628.0,20241231.0,20221229 22:39:01
長樂健康事業有限公司附設新北市私立長樂居家長照機構,1R0200034,1,新北市,樹林區,新北市樹林區大有路63號1樓,121.3837051392,24.9481868744,A,個案管理服務,新北市,鶯歌區,02-77527659,clltcserv@gmail.com,張美琳,20250101.0,20250630.0,20241231 14:27:05
東和居家有限公司附設臺北市私立東和居家長照機構,1R0100038,1,臺北市,松山區,臺北市松山區南京東路四段170號4樓之1,121.5568161011,25.0513687134,B,居家服務,臺北市,松山區;信義區;大安區;中山區;中正區;大同區;萬華區;文山區;南港區;內湖區;士林區;北投區,02-6605-0630,rubie1218@yahoo.com.tw,林溦,20220218.0,20231231.0,20230206 10:45:26
力麗長青長照社團法人附設台北市私立樂活社區長照機構,2R0100008,2,臺北市,萬華區,臺北市萬華區環河南路2段278號1樓,121.4911727905,25.0323638916,B,日間照顧服務,臺北市,松山區;信義區;大安區;中山區;中正區;大同區;萬華區;文山區;南港區;內湖區;士林區;北投區,21001688,rita1126@regiant.com.tw,郭濟安,20240101.0,20261231.0,20240102 10:59:33
東和居家有限公司附設臺北市私立東和居家長照機構,1R0100038,1,臺北市,松山區,臺北市松山區南京東路四段170號4樓之1,121.5568161011,25.0513687134,B,居家服務,臺北市,松山區;信義區;大安區;中山區;中正區;大同區;萬華區;文山區;南港區;內湖區;士林區;北投區,02-6605-0630,rubie1218@yahoo.com.tw,林溦,20240101.0,20261231.0,20231229 11:07:37
有限責任臺南市第一照顧服務勞動合作社附設新北市私立第一居家長照機構,1T0200002,1,新北市,樹林區,新北市樹林區樹南里中山路一段306巷1號1樓,121.4198226929,24.9865531921,B,居家服務,新北市,板橋區;三重區;中和區;永和區;新莊區;新店區;樹林區;鶯歌區;三峽區;土城區;泰山區,0976878678,T26822726@gmail.com,林建賓,20250101.0,20271231.0,20241226 14:03:20
東和居家有限公司附設臺北市私立東正居家長照機構,1R0100039,1,臺北市,文山區,臺北市文山區景文街42號3樓305室,121.541229248,24.9917163849,B,居家服務,臺北市,大安區;中正區;文山區,0908650417,donchenjujia@gmail.com,林溦,20240101.0,20261231.0,20231229 16:12:02
東和居家有限公司附設臺北市私立東正居家長照機構,1R0100039,1,臺北市,文山區,臺北市文山區景文街42號3樓305室,121.541229248,24.9917163849,B,喘息服務,臺北市,松山區;信義區;大安區;中山區;中正區;大同區;萬華區;文山區;南港區;內湖區;士林區;北投區,0908650417,donchenjujia@gmail.com,林溦,20250101.0,20261231.0,20241122 11:01:43
新北市慈光身心障礙者公益服務協會(社照C),BF0200213,BF,新北市,中和區,新北市中和區佳和里中山路二段2巷5弄11號1樓,121.5042953491,25.006029129,C,巷弄長照站,新北市,中和區,02-22460551,aff100608@gmail.com,蔡明君,20220101.0,20221231.0,20220307 15:18:02
東和居家有限公司附設臺北市私立東和居家長照機構,1R0100038,1,臺北市,松山區,臺北市松山區南京東路四段170號4樓之1,121.5568161011,25.0513687134,B,喘息服務,臺北市,松山區;信義區;大安區;中山區;中正區;大同區;萬華區;文山區;南港區;內湖區;士林區;北投區,02-6605-0630,rubie1218@yahoo.com.tw,林溦,20250101.0,20261231.0,20241030 20:50:09
長樂健康事業有限公司附設新北市私立長樂居家長照機構,1R0200034,1,新北市,樹林區,新北市樹林區大有路63號1樓,121.3837051392,24.9481868744,B,專業照護服務,新北市,樹林區;鶯歌區;三峽區;土城區,02-77527659,clltcserv@gmail.com,張美琳,20220101.0,20241231.0,20220615 10:39:24
長樂健康事業有限公司附設新北市私立長樂居家長照機構,1R0200034,1,新北市,樹林區,新北市樹林區大有路63號1樓,121.3837051392,24.9481868744,B,喘息服務,新北市,樹林區;鶯歌區;三峽區;土城區,02-77527659,clltcserv@gmail.com,張美琳,20250101.0,20271231.0,20241218 11:51:55
社團法人中華民國長者照顧關懷協會-三重長江據點(社照C),BE0200079,BE,新北市,三重區,新北市三重區長江里長安街112號,121.5026779175,25.0678253174,C,巷弄長照站,新北市,三重區,2977-1633,peggy5522@gmail.com,周淑玲,20220101.0,20231231.0,20230530 19:07:32
新北市金山區美田社區發展協會(社照C),BF0200214,BF,新北市,金山區,新北市金山區美田里中山路236號2樓,121.6361541748,25.2233924866,C,巷弄長照站,新北市,金山區,02-24984659,hsu3622@gmail.com,郭一信,20220101.0,20221231.0,20220307 15:32:14
社團法人台灣幸扶公益協會附設新北市私立汐止社區長照機構,2R0200009,2,新北市,汐止區,新北市汐止區新昌里新台五路二段81號,121.6641616821,25.0668487549,B,日間照顧服務,新北市,汐止區;瑞芳區;石碇區;平溪區,(02)26919122,chefon23@gmail.com,鄭正,20250101.0,20271231.0,20241203 16:24:11
社團法人台灣幸扶公益協會附設新北市私立汐止社區長照機構,2R0200009,2,新北市,汐止區,新北市汐止區新昌里新台五路二段81號,121.6641616821,25.0668487549,B,喘息服務,新北市,汐止區;瑞芳區;石碇區;平溪區,(02)26919122,chefon23@gmail.com,鄭正,20250101.0,20271231.0,20241203 16:25:12
社團法人中華民國長者照顧關懷協會-三重長江據點(社照C),BE0200079,BE,新北市,三重區,新北市三重區長江里長安街112號,121.5026779175,25.0678253174,B,喘息服務,新北市,三重區,2977-1633,peggy5522@gmail.com,周淑玲,20250101.0,20271231.0,20250114 11:12:25
欣然銀髮發展服務事業股份有限公司私立欣然社區長照機構,4V0100001,4,臺北市,大同區,臺北市大同區星明里寧夏路32號4樓,121.5151672363,25.055978775,B,日間照顧服務,臺北市,松山區;信義區;大安區;中山區;中正區;大同區;萬華區;文山區;南港區;內湖區;士林區;北投區,2550-3500,xr85099741@gmail.com,吳紹涵,20220407.0,20231231.0,20220606 11:11:22
欣然銀髮發展服務事業股份有限公司私立欣然社區長照機構,4V0100001,4,臺北市,大同區,臺北市大同區星明里寧夏路32號4樓,121.5151672363,25.055978775,B,日間照顧服務,臺北市,松山區;信義區;大安區;中山區;中正區;大同區;萬華區;文山區;南港區;內湖區;士林區;北投區,2550-3500,xr85099741@gmail.com,吳紹涵,20240101.0,20261231.0,20240102 11:21:21
幸福時光居家護理所,B10200100,B1,新北市,三重區,新北市三重區捷運路19巷13號1樓及15號1樓,121.4850463867,25.057050705,B,專業照護服務,新北市,板橋區;三重區;中和區;蘆洲區;五股區;泰山區,02-77519258,candyyang0930@gmail.com,楊慧莉,20220324.0,20241231.0,20220328 13:47:58
豐悠活有限公司附設新北市私立豐悠活居家長照機構,1V0200061,1,新北市,中和區,新北市中和區中正路920號3樓308室,121.482963562,25.0083770752,B,喘息服務,新北市,中和區,0932-397-787,fenggnef777@gmail.com,鐘志豐,20250101.0,20271231.0,20241218 14:07:51
適健復健科診所,B20100107,B2,臺北市,大安區,臺北市大安區忠孝東路四段166號8樓,121.5504989624,25.0412807465,B,居家失能個案家庭醫師照護服務,臺北市,信義區;大安區;中正區,02-8771-7039,cj41668@gmail.com.tw,陳昭蓉,20220101.0,20241231.0,20240305 15:28:27
適健復健科診所,B20100107,B2,臺北市,大安區,臺北市大安區忠孝東路四段166號8樓,121.5504989624,25.0412807465,B,專業照護服務,臺北市,松山區;信義區;大安區;中山區;中正區;大同區;萬華區;文山區;南港區;內湖區;士林區;北投區,02-8771-7039,cj41668@gmail.com.tw,陳昭蓉,20250101.0,20261231.0,20241105 18:45:31
適健復健科診所,B20100107,B2,臺北市,大安區,臺北市大安區忠孝東路四段166號8樓,121.5504989624,25.0412807465,B,居家失能個案家庭醫師照護服務,臺北市,信義區;大安區;中正區,02-8771-7039,cj41668@gmail.com.tw,陳昭蓉,20250101.0,20261231.0,20241105 18:53:47
碧華居家職能治療所,B50200014,B5,新北市,三重區,新北市三重區富華街98號,121.4912338257,25.0836734772,B,專業照護服務,新北市,三重區;新莊區;蘆洲區;泰山區;三芝區;八里區,0905-395-539,bihuaotclinic@gmail.com,廖皇閔,20220223.0,20241231.0,20230307 13:52:48
碧華居家職能治療所,B50200014,B5,新北市,三重區,新北市三重區富華街98號,121.4912338257,25.0836734772,B,專業照護服務(CC01),新北市,板橋區;三重區;新莊區;樹林區;鶯歌區;淡水區;蘆洲區;五股區;泰山區;林口區;三芝區;八里區,0905-395-539,bihuaotclinic@gmail.com,廖皇閔,20250101.0,20271231.0,20241231 14:06:46
新北市金山區磺港里辦公處(社照C),BF0200215,BF,新北市,金山區,新北市金山區磺港里磺港路171-1號1樓,121.6439666748,25.2241535187,C,巷弄長照站,新北市,金山區,0936618432,apple710626@gmail.com,許明熙,20220101.0,20221231.0,20220307 15:49:36
碧華居家職能治療所,B50200014,B5,新北市,三重區,新北市三重區富華街98號,121.4912338257,25.0836734772,B,專業照護服務,桃園市,桃園區;蘆竹區;大園區;龜山區,0905-395-539,bihuaotclinic@gmail.com,廖皇閔,20220225.0,20240105.0,20231229 16:19:27
碧華居家職能治療所,B50200014,B5,新北市,三重區,新北市三重區富華街98號,121.4912338257,25.0836734772,B,專業照護服務,桃園市,桃園區;蘆竹區;大園區;龜山區;八德區,0905-395-539,bihuaotclinic@gmail.com,廖皇閔,20231229.0,20251231.0,20240103 13:33:54
有限責任臺南市第一照顧服務勞動合作社附設新北市私立第一居家長照機構,1T0200002,1,新北市,樹林區,新北市樹林區樹南里中山路一段306巷1號1樓,121.4198226929,24.9865531921,B,喘息服務,新北市,板橋區;三重區;中和區;永和區;新莊區;新店區;樹林區;鶯歌區;三峽區;土城區;泰山區,0976878678,T26822726@gmail.com,林建賓,20250101.0,20271231.0,20241226 14:04:06
利鎮物業管理顧問有限公司附設新北市私立利鎮居家長照機構,1R0200038,1,新北市,汐止區,新北市汐止區福安里仁愛路193號1樓,121.6644821167,25.0656604767,B,居家服務,新北市,汐止區,02-26412987,shinyicare@gmail.com,張萬利,20250101.0,20271231.0,20250110 16:09:25
利鎮物業管理顧問有限公司附設新北市私立利鎮居家長照機構,1R0200038,1,新北市,汐止區,新北市汐止區福安里仁愛路193號1樓,121.6644821167,25.0656604767,B,喘息服務,新北市,汐止區,02-26412987,shinyicare@gmail.com,張萬利,20250101.0,20271231.0,20250110 16:09:49
顧佳股份有限公司附設新北市私立顧好佳居家長照機構,1R0200039,1,新北市,三重區,新北市三重區溪美里仁政街82號2樓,121.4925918579,25.0775909424,B,喘息服務,新北市,三重區;蘆洲區,0939923889,careyourhome168@gmail.com,紀嘉軒,20250101.0,20271231.0,20241225 09:49:32
凱風長照股份有限公司附設臺北市私立凱風民權社區長照機構,2R0100013,2,臺北市,中山區,臺北市中山區民權東路三段21號2樓之1及之2,121.5416946411,25.0625572205,B,日間照顧服務,臺北市,松山區;信義區;大安區;中山區;中正區;大同區;萬華區;文山區;南港區;內湖區;士林區;北投區,02-2508-0810,dc001@kfcare.com.tw,郭家展,20240101.0,20261231.0,20240104 16:02:07
崇仁長照股份有限公司私立元泰社區長照機構,2V0100002,2,臺北市,士林區,臺北市士林區中山北路5段685號2樓,121.5273132324,25.0970954895,B,日間照顧服務,臺北市,松山區;信義區;大安區;中山區;中正區;大同區;萬華區;文山區;南港區;內湖區;士林區;北投區,28322779,crczyt@gmail.com,楊學慧,20220211.0,20241231.0,20221229 23:02:04
益巨股份有限公司附設臺北市私立崇仁社區長照機構,2V0100004,2,臺北市,萬華區,臺北市萬華區青年路152巷28號1樓,121.5012207031,25.0206241608,B,喘息服務,臺北市,松山區;信義區;大安區;中山區;中正區;大同區;萬華區;文山區;南港區;內湖區;士林區;北投區,23090193,dc.chongren@rghealth.com.tw,陳威男,20230531.0,20241231.0,20230601 10:25:10
善誠健康事業股份有限公司附設新北市私立善誠居家長照機構,1V0200067,1,新北市,板橋區,新北市板橋區長江路二段142號1樓,121.4661636353,25.0317649841,B,居家服務,新北市,板橋區;中和區;永和區;新莊區;樹林區;三峽區;汐止區;土城區;林口區,0917-500-935,ltcservice@suncherish.com.tw,林仁德,20250101.0,20271231.0,20241220 09:45:29
安心好生活股份有限公司附設新北市私立佳醫居家長照機構,1R0200043,1,新北市,三重區,新北市三重區永福街46巷22弄5號,121.4918899536,25.0599155426,B,專業照護服務,新北市,三重區;新莊區;淡水區;八里區,(02)2977-6001,carrie516899@gmail.com,蘇秀鑾,20250101.0,20271231.0,20241220 15:29:15
豐悠活有限公司附設新北市私立豐悠活居家長照機構,1V0200061,1,新北市,中和區,新北市中和區中正路920號3樓308室,121.482963562,25.0083770752,B,居家服務,新北市,中和區,0932-397-787,fenggnef777@gmail.com,鐘志豐,20250101.0,20271231.0,20241218 14:07:32
顧佳股份有限公司附設新北市私立顧好佳居家長照機構,1R0200039,1,新北市,三重區,新北市三重區溪美里仁政街82號2樓,121.4925918579,25.0775909424,B,居家服務,新北市,三重區;蘆洲區,0939923889,careyourhome168@gmail.com,紀嘉軒,20250101.0,20271231.0,20241225 09:49:04
凱風長照股份有限公司附設臺北市私立凱風民權社區長照機構,2R0100013,2,臺北市,中山區,臺北市中山區民權東路三段21號2樓之1及之2,121.5416946411,25.0625572205,B,喘息服務,臺北市,松山區;信義區;大安區;中山區;中正區;大同區;萬華區;文山區;南港區;內湖區;士林區;北投區,02-2508-0810,dc001@kfcare.com.tw,郭家展,20220509.0,20241231.0,20221229 22:29:36
崇仁長照股份有限公司私立元泰社區長照機構,2V0100002,2,臺北市,士林區,臺北市士林區中山北路5段685號2樓,121.5273132324,25.0970954895,B,喘息服務,臺北市,松山區;信義區;大安區;中山區;中正區;大同區;萬華區;文山區;南港區;內湖區;士林區;北投區,28322779,crczyt@gmail.com,楊學慧,20250101.0,20261231.0,20250204 09:22:59
慈益長照社團法人附設新北市私立慈益住宿長照機構,3R0200002,3,新北市,汐止區,新北市汐止區勤進路83巷3號,121.6625976562,25.0588932037,B,喘息服務,新北市,汐止區,(02)26907539,mimieve19@gmail.com,張贏之,20250101.0,20271231.0,20250113 11:01:49
力麗長青長照社團法人附設台北市私立長青居家長照機構,1J0100002,1,臺北市,萬華區,臺北市萬華區雙園里臺北市萬華區環河南路二段278之1號1樓,121.4979705811,25.0322799683,B,居家服務,臺北市,中正區;大同區;萬華區,02-2308-2996,nw7193@leagreen.com.tw,郭濟安,20220531.0,20231231.0,20220531 15:08:18
凱風長照股份有限公司附設臺北市私立凱風民權社區長照機構,2R0100013,2,臺北市,中山區,臺北市中山區民權東路三段21號2樓之1及之2,121.5416946411,25.0625572205,B,日間照顧服務,臺北市,松山區;信義區;大安區;中山區;中正區;大同區;萬華區;文山區;南港區;內湖區;士林區;北投區,02-2508-0810,dc001@kfcare.com.tw,郭家展,20240101.0,20261231.0,20240104 16:02:07
欣然銀髮發展服務事業股份有限公司私立欣然社區長照機構,4V0100001,4,臺北市,大同區,臺北市大同區星明里寧夏路32號4樓,121.5151672363,25.055978775,B,喘息服務,臺北市,松山區;信義區;大安區;中山區;中正區;大同區;萬華區;文山區;南港區;內湖區;士林區;北投區,2550-3500,xr85099741@gmail.com,吳紹涵,20250512.0,20261231.0,20250512 14:05:14
永宜居家呼吸照護所,B80200003,B8,新北市,永和區,新北市永和區成功路一段14號2樓,121.5269699097,25.0052566528,B,專業照護服務,新北市,板橋區;三重區;中和區;永和區;新店區,02-82313318,yungyihomecare@gmail.com,許佩珊,20250101.0,20271231.0,20241219 11:05:49
社團法人台灣幸扶公益協會附設新北市私立汐止社區長照機構,2R0200009,2,新北市,汐止區,新北市汐止區新昌里新台五路二段81號,121.6641616821,25.0668487549,B,日間照顧服務,基隆市,中正區;七堵區;暖暖區;仁愛區;中山區;安樂區;信義區,(02)26919122,chefon23@gmail.com,鄭正,20240101.0,20260318.0,20250124 15:34:24
永宜居家呼吸照護所,B80200003,B8,新北市,永和區,新北市永和區成功路一段14號2樓,121.5269699097,25.0052566528,B,專業照護服務,新北市,板橋區;中和區;永和區;新店區,02-82313318,yungyihomecare@gmail.com,許佩珊,20220321.0,20241231.0,20220325 08:43:26
社團法人台灣幸扶公益協會附設新北市私立汐止社區長照機構,2R0200009,2,新北市,汐止區,新北市汐止區新昌里新台五路二段81號,121.6641616821,25.0668487549,B,喘息服務,基隆市,中正區;七堵區;暖暖區;仁愛區;中山區;安樂區;信義區,(02)26919122,chefon23@gmail.com,鄭正,20240101.0,20260318.0,20250124 15:34:53
幸福時光居家護理所,B10200100,B1,新北市,三重區,新北市三重區捷運路19巷13號1樓及15號1樓,121.4850463867,25.057050705,B,專業照護服務,新北市,板橋區;三重區;中和區;蘆洲區;五股區;泰山區,02-77519258,candyyang0930@gmail.com,楊慧莉,20250101.0,20271231.0,20241227 11:47:19
新北市私立安毅居家長照機構,1X0200111,1,新北市,板橋區,新北市板橋區金門街372巷13號1樓,121.4266738892,24.9845314026,B,居家服務,新北市,板橋區;三重區;中和區;永和區;新莊區;樹林區;鶯歌區;三峽區;土城區;泰山區,0905-861-860,anyi1110422@gmail.com,黃椘玉,20250101.0,20271231.0,20241227 11:18:32
力麗長青長照社團法人附設台北市私立長青居家長照機構,1J0100002,1,臺北市,萬華區,臺北市萬華區雙園里臺北市萬華區環河南路二段278之1號1樓,121.4979705811,25.0322799683,B,居家服務,臺北市,中正區;大同區;萬華區,02-2308-2996,nw7193@leagreen.com.tw,郭濟安,20240101.0,20261231.0,20231229 17:00:13
凱風長照股份有限公司附設臺北市私立凱風民權社區長照機構,2R0100013,2,臺北市,中山區,臺北市中山區民權東路三段21號2樓之1及之2,121.5416946411,25.0625572205,B,喘息服務,臺北市,松山區;信義區;大安區;中山區;中正區;大同區;萬華區;文山區;南港區;內湖區;士林區;北投區,02-2508-0810,dc001@kfcare.com.tw,郭家展,20250101.0,20261231.0,20250204 15:15:39
崇仁長照股份有限公司私立元泰社區長照機構,2V0100002,2,臺北市,士林區,臺北市士林區中山北路5段685號2樓,121.5273132324,25.0970954895,B,日間照顧服務,臺北市,松山區;信義區;大安區;中山區;中正區;大同區;萬華區;文山區;南港區;內湖區;士林區;北投區,28322779,crczyt@gmail.com,楊學慧,20240101.0,20261231.0,20240102 11:40:06
崇仁長照股份有限公司私立元泰社區長照機構,2V0100002,2,臺北市,士林區,臺北市士林區中山北路5段685號2樓,121.5273132324,25.0970954895,B,喘息服務,臺北市,松山區;信義區;大安區;中山區;中正區;大同區;萬華區;文山區;南港區;內湖區;士林區;北投區,28322779,crczyt@gmail.com,楊學慧,20220211.0,20241231.0,20221229 23:02:04
長安健照事業股份有限公司附設臺北市私立長安健照事業居家長照機構,1V0100037,1,臺北市,中正區,臺北市中正區梅花里忠孝東路1段35號10樓D室,121.5255355835,25.0444889069,B,居家服務,臺北市,松山區;信義區;大安區;中山區;中正區;大同區;萬華區;南港區;士林區;北投區,02-25810519,changancare@gmail.com,戴妤庭,20220905.0,20231231.0,20220905 10:24:10
育和有限公司附設臺北市私立育和居家長照機構,1R0100040,1,臺北市,大同區,臺北市大同區寧夏路23-1號2樓202室,121.5151367188,25.0551662445,B,居家服務,臺北市,大安區;中山區;中正區;大同區;萬華區,0918-026-709,yuhe829@gmail.com,陳彥凱,20250101.0,20261231.0,20250205 11:50:34
財團法人台灣基督教福利會,BD0100088,BD,臺北市,中正區,臺北市中正區杭州南路1段101巷28-4號2樓,121.5271224976,25.0373401642,B,營養餐飲服務,宜蘭縣,蘇澳鎮,02-23940297,1954tcsevrvice@gmail.com,劉仁海,20220401.0,20221231.0,20220329 16:38:05
新北市中和區慈心關懷協會(社照C),BF0200212,BF,新北市,中和區,新北市中和區員山里員山路466巷19號,121.480758667,25.006685257,C,巷弄長照站,新北市,中和區,0910025774,Wendy00070291@gmail.com,蕭淑女,20220101.0,20221231.0,20220307 15:11:27
新北市金山區兩湖里辦公處(社照C),BF0200216,BF,新北市,金山區,新北市金山區兩湖里倒照湖6鄰33-2號,121.591217041,25.2376594543,C,巷弄長照站,新北市,金山區,0931291610,violachang07@gmail.com,張金火,20220101.0,20221231.0,20220307 16:00:54
新北市福祉關懷推廣協會(社照C),BF0200220,BF,新北市,三重區,新北市三重區福祉里重新路四段214巷15弄2號1樓集美街55號,121.4870986938,25.0543079376,C,巷弄長照站,新北市,三重區,2977-4176,annalee5707@gmail.com,李黔慧,20220101.0,20231231.0,20230530 19:05:14
財團法人新北市大樹社會福利基金會附設新北市私立林口仁愛綜合長照機構,4S0200003,4,新北市,林口區,新北市林口區仁愛里文化一路一段137號1樓,121.3738327026,25.0719070435,B,喘息服務,新北市,林口區,02-26068117,jenai201410@gmail.com,鄭文洲,20250101.0,20271231.0,20241205 15:45:35
新北市金山區兩湖里辦公處(社照C),BF0200216,BF,新北市,金山區,新北市金山區兩湖里倒照湖6鄰33-2號,121.591217041,25.2376594543,C,巷弄長照站,新北市,金山區,0931291610,violachang07@gmail.com,張金火,20220101.0,20221231.0,20220307 15:54:44
社團法人台灣比較刑法學會附設臺北市私立誠實居家長照機構,1R0100041,1,臺北市,中正區,臺北市中正區黎明里重慶南路3段42之3號2樓,121.5133514404,25.044670105,B,居家服務,臺北市,松山區;中山區;中正區;士林區;北投區,02-77515512,tsocclserver@gmail.com,李金定,20240101.0,20241231.0,20231229 09:49:29
新北市金山區六股里辦公處(社照C),BF0200217,BF,新北市,金山區,新北市金山區六股里頂六股6鄰3號,121.6144714355,25.2231712341,C,巷弄長照站,新北市,金山區,0911836527,Zhongding789@gmail.com.tw,鐘鼎平,20220101.0,20221231.0,20220308 11:00:30
財團法人新北市大樹社會福利基金會附設新北市私立林口仁愛綜合長照機構,4S0200003,4,新北市,林口區,新北市林口區仁愛里文化一路一段137號1樓,121.3738327026,25.0719070435,B,日間照顧服務,新北市,林口區,02-26068117,jenai201410@gmail.com,鄭文洲,20250101.0,20271231.0,20241205 15:44:31
社團法人台灣比較刑法學會附設臺北市私立誠實居家長照機構,1R0100041,1,臺北市,中正區,臺北市中正區黎明里重慶南路3段42之3號2樓,121.5133514404,25.044670105,B,居家服務,臺北市,松山區;中山區;中正區;士林區;北投區,02-77515512,tsocclserver@gmail.com,李金定,20220525.0,20231231.0,20220526 14:30:32
玨心為爾股份有限公司附設臺北市私立六十三社區長照機構,2V0100003,2,臺北市,大安區,臺北市大安區仁慈里信義路4段63號3樓,121.5455169678,25.0337734222,B,日間照顧服務,臺北市,松山區;信義區;大安區;中山區;中正區;大同區;萬華區;文山區;南港區;內湖區;士林區;北投區,2325-0630,ella0728kao@gmail.com,林桂惠,20240101.0,20261231.0,20240102 14:57:40
財團法人新北市大樹社會福利基金會附設新北市私立林口仁愛綜合長照機構,4S0200003,4,新北市,林口區,新北市林口區仁愛里文化一路一段137號1樓,121.3738327026,25.0719070435,B,居家服務,新北市,林口區,02-26068117,jenai201410@gmail.com,鄭文洲,20250101.0,20271231.0,20241205 15:45:07
社團法人台灣比較刑法學會附設臺北市私立誠實居家長照機構,1R0100041,1,臺北市,中正區,臺北市中正區黎明里重慶南路3段42之3號2樓,121.5133514404,25.044670105,B,喘息服務,臺北市,松山區;中山區;中正區;士林區;北投區,02-77515512,tsocclserver@gmail.com,李金定,20220617.0,20241231.0,20221229 20:50:00
博珍服務事業股份有限公司附設臺北市私立博珍居家長照機構,1V0100038,1,臺北市,中正區,臺北市中正區黎明里忠孝西路1段45號7樓之6,121.5179367065,25.0462818146,B,居家服務,臺北市,大安區;中山區;中正區,(02)23889028,bojen.homecare@gmail.com,黃玉婷,20250101.0,20261231.0,20241204 17:23:15
財團法人伊甸社會福利基金會,BD0100087,BD,臺北市,文山區,臺北市文山區萬芳里文山區萬美街一段55號3樓,121.5681152344,25.0023422241,B,交通接送服務(DA01),嘉義縣,大林鎮;民雄鄉;竹崎鄉;梅山鄉;阿里山鄉,05-2622631,edenC0619@eden.org.tw,羅紀琼,20220401.0,20251231.0,20240201 13:54:56
凱風長照股份有限公司附設臺北市私立凱風大直社區長照機構,2N0100002,2,臺北市,中山區,臺北市中山區樂群三路56號5樓之2,121.5528335571,25.0824737549,B,喘息服務,臺北市,松山區;信義區;大安區;中山區;中正區;大同區;萬華區;文山區;南港區;內湖區;士林區;北投區,02-8501-1716,dc002@kfcare.com.tw,郭家展,20220520.0,20241231.0,20221229 22:29:00
瑞之盟居家語言治療所(新北市),B70200010,B7,新北市,林口區,新北市林口區文化二路一段390號5樓511室,121.3751754761,25.0771617889,B,專業照護服務(CC01),新北市,板橋區;三重區;中和區;永和區;新莊區;新店區;樹林區;鶯歌區;三峽區;淡水區;汐止區;瑞芳區;土城區;蘆洲區;五股區;泰山區;林口區;深坑區;石碇區;坪林區;三芝區;石門區;八里區;平溪區;雙溪區;貢寮區;金山區;萬里區;烏來區,0907-010-671,rzm280301@gmail.com,王星懿,20220418.0,20241231.0,20230802 17:19:14
瑞之盟居家語言治療所(新北市),B70200010,B7,新北市,林口區,新北市林口區文化二路一段390號5樓511室,121.3751754761,25.0771617889,B,專業照護服務(CC01),新北市,板橋區;三重區;中和區;新店區;瑞芳區;林口區;深坑區;石碇區;坪林區;三芝區;石門區;八里區;平溪區;雙溪區;貢寮區;金山區;萬里區;烏來區,0907-010-671,rzm280301@gmail.com,王星懿,20250101.0,20271231.0,20241213 11:57:12
新北市淡水區民權里辦公處(社照C),BG0200052,BG,新北市,淡水區,新北市淡水區民權里民權路179巷12號1樓,121.4603347778,25.134771347,C,巷弄長照站,新北市,淡水區,02-2808-7612,semei99589958@gmail.com,江瑟媚,20220101.0,20231231.0,20230628 15:20:25
暉宇有限公司附設臺北市私立星雲祥家社區長照機構,2R0100014,2,臺北市,內湖區,臺北市內湖區清白里星雲街161巷3號3樓,121.5966033936,25.0811862946,B,喘息服務,臺北市,松山區;信義區;大安區;中山區;中正區;大同區;萬華區;文山區;南港區;內湖區;士林區;北投區,(02)2790-0898,Huiyu20201208@gmail.com,楊雋宇,20250101.0,20261231.0,20250204 15:32:22
圓石實業股份有限公司附設臺北市私立大同圓石社區長照機構,2V0100005,2,臺北市,大同區,臺北市大同區永樂里延平北路2段96號3樓,121.5112609863,25.056596756,B,小規模多機能服務,臺北市,松山區;信義區;大安區;中山區;中正區;大同區;萬華區;文山區;南港區;內湖區;士林區;北投區,25583800,winniehou.tw@gmail.com,侯克瀛,20250101.0,20261231.0,20250204 15:51:13
玨心為爾股份有限公司附設臺北市私立六十三社區長照機構,2V0100003,2,臺北市,大安區,臺北市大安區仁慈里信義路4段63號3樓,121.5455169678,25.0337734222,B,日間照顧服務,臺北市,松山區;信義區;大安區;中山區;中正區;大同區;萬華區;文山區;南港區;內湖區;士林區;北投區,2325-0630,ella0728kao@gmail.com,林桂惠,20220504.0,20231231.0,20220510 17:13:09
博珍服務事業股份有限公司附設臺北市私立博珍居家長照機構,1V0100038,1,臺北市,中正區,臺北市中正區黎明里忠孝西路1段45號7樓之6,121.5179367065,25.0462818146,B,居家服務,臺北市,大安區;中山區;中正區,(02)23889028,bojen.homecare@gmail.com,黃玉婷,20240101.0,20241231.0,20231229 09:46:53
新北市私立秀心居家長照機構,1X0200108,1,新北市,樹林區,新北市樹林區保安街2段24號3樓,121.4155578613,25.0017776489,B,居家服務,新北市,板橋區;中和區;新莊區;樹林區;鶯歌區;三峽區;土城區,02-86881115,lucky60171@gmail.com,何志堅,20250101.0,20271231.0,20250103 14:51:56
新北市私立秀心居家長照機構,1X0200108,1,新北市,樹林區,新北市樹林區保安街2段24號3樓,121.4155578613,25.0017776489,B,喘息服務,新北市,板橋區;中和區;新莊區;樹林區;鶯歌區;三峽區;土城區,02-86881115,lucky60171@gmail.com,何志堅,20250101.0,20271231.0,20250103 14:52:57
凱風長照股份有限公司附設臺北市私立凱風大直社區長照機構,2N0100002,2,臺北市,中山區,臺北市中山區樂群三路56號5樓之2,121.5528335571,25.0824737549,B,日間照顧服務,臺北市,松山區;信義區;大安區;中山區;中正區;大同區;萬華區;文山區;南港區;內湖區;士林區;北投區,02-8501-1716,dc002@kfcare.com.tw,郭家展,20240101.0,20261231.0,20240104 16:06:07
凱風長照股份有限公司附設臺北市私立凱風大直社區長照機構,2N0100002,2,臺北市,中山區,臺北市中山區樂群三路56號5樓之2,121.5528335571,25.0824737549,B,日間照顧服務,臺北市,松山區;信義區;大安區;中山區;中正區;大同區;萬華區;文山區;南港區;內湖區;士林區;北投區,02-8501-1716,dc002@kfcare.com.tw,郭家展,20240101.0,20261231.0,20240104 16:06:07
凱風長照股份有限公司附設臺北市私立凱風大直社區長照機構,2N0100002,2,臺北市,中山區,臺北市中山區樂群三路56號5樓之2,121.5528335571,25.0824737549,B,喘息服務,臺北市,松山區;信義區;大安區;中山區;中正區;大同區;萬華區;文山區;南港區;內湖區;士林區;北投區,02-8501-1716,dc002@kfcare.com.tw,郭家展,20250101.0,20261231.0,20250204 15:16:26
社團法人台灣比較刑法學會附設臺北市私立誠實居家長照機構,1R0100041,1,臺北市,中正區,臺北市中正區黎明里重慶南路3段42之3號2樓,121.5133514404,25.044670105,B,喘息服務,臺北市,松山區;中山區;中正區;士林區;北投區,02-77515512,tsocclserver@gmail.com,李金定,20250101.0,20261231.0,20241105 09:08:20
瑞之盟居家語言治療所(新北市),B70200010,B7,新北市,林口區,新北市林口區文化二路一段390號5樓511室,121.3751754761,25.0771617889,B,專業照護服務,新北市,板橋區;三重區;中和區;新店區;瑞芳區;林口區;深坑區;石碇區;坪林區;三芝區;石門區;八里區;平溪區;雙溪區;貢寮區;金山區;萬里區;烏來區,0907-010-671,rzm280301@gmail.com,王星懿,20220418.0,20241231.0,20220421 08:09:34
暖和有限公司附設新北市私立溫佳居家長照機構,1V0200069,1,新北市,板橋區,新北市板橋區建國街45號,121.4759368896,25.0120124817,B,喘息服務,新北市,板橋區;中和區;永和區,0910-200-968,nuanhuo168@gmail.com,江正文,20250101.0,20271231.0,20241218 11:34:42
新北市永和區光明里辦公處(社照C),BG0200054,BG,新北市,永和區,新北市永和區光明里中正路654巷58號1、2樓,121.5183639526,25.0084819794,C,巷弄長照站,新北市,永和區,0229286288,d978tw911@gmail.com,呂嘉慧,20220101.0,20231231.0,20230609 16:22:28
聖照股份有限公司附設臺北市私立邦寧居家長照機構,1R0100043,1,臺北市,信義區,臺北市信義區中興里信義路4段375號6樓之6,121.5577316284,25.0332832336,B,喘息服務,臺北市,松山區;信義區;大安區;中山區;中正區;大同區;萬華區;文山區;南港區;內湖區;士林區;北投區,2758-2106,bonnin.tpe@gmail.com,戴仕豪,20220929.0,20241231.0,20221229 22:54:25
新北市私立慷德居家長照機構,1X0200112,1,新北市,三重區,新北市三重區重新路5段525號9樓之1,121.4711456299,25.0463657379,B,專業照護服務,新北市,三重區;中和區;新莊區;樹林區,2278-1719,kant.longcare@gmail.com,蔣曉文,20250101.0,20271231.0,20250210 08:06:52
台灣樂康協會,BA0100034,BA,臺北市,松山區,臺北市松山區三民路113巷12號6樓,121.5624313354,25.0580596924,B,交通接送服務(DA01),臺北市,松山區;信義區;大安區;中山區;中正區;大同區;萬華區;文山區;南港區;內湖區;士林區;北投區,02-77230088,laughflower@gmail.com,陳淑貞,20240101.0,20261231.0,20240327 10:07:05
社團法人台灣比較刑法學會附設臺北市私立誠實居家長照機構,1R0100041,1,臺北市,中正區,臺北市中正區黎明里重慶南路3段42之3號2樓,121.5133514404,25.044670105,B,居家服務,臺北市,松山區;中山區;中正區;士林區;北投區,02-77515512,tsocclserver@gmail.com,李金定,20250101.0,20261231.0,20241202 10:47:13
財團法人伊甸社會福利基金會,BD0100087,BD,臺北市,文山區,臺北市文山區萬芳里文山區萬美街一段55號3樓,121.5681152344,25.0023422241,B,社區式交通接送服務(BD03),嘉義縣,大林鎮;民雄鄉;竹崎鄉;梅山鄉;阿里山鄉,05-2622631,edenC0619@eden.org.tw,羅紀琼,20220401.0,20251231.0,20240201 13:54:56
瑞之盟居家語言治療所(新北市),B70200010,B7,新北市,林口區,新北市林口區文化二路一段390號5樓511室,121.3751754761,25.0771617889,B,專業照護服務,新北市,板橋區;三重區;中和區;新店區;瑞芳區;林口區;深坑區;石碇區;坪林區;三芝區;石門區;八里區;平溪區;雙溪區;貢寮區;金山區;萬里區;烏來區,0907-010-671,rzm280301@gmail.com,王星懿,20250101.0,20271231.0,20241213 11:57:23
暖和有限公司附設新北市私立溫佳居家長照機構,1V0200069,1,新北市,板橋區,新北市板橋區建國街45號,121.4759368896,25.0120124817,B,居家服務,新北市,板橋區;中和區;永和區,0910-200-968,nuanhuo168@gmail.com,江正文,20250101.0,20271231.0,20241218 11:34:07
一翔交通股份有限公司,BA0100031,BA,臺北市,中正區,臺北市中正區博愛路222號5樓,,,B,交通接送服務,臺北市,松山區;信義區;大安區;中山區;中正區;大同區;萬華區;文山區;南港區;內湖區;士林區;北投區,23120985,share.car24@gmail.com,李樂伯,20220501.0,20221231.0,20220429 10:27:17
新北市淡水區民生社區發展協會(社照C),BF0200222,BF,新北市,淡水區,新北市淡水區民生里民生路27號B1,,,C,巷弄長照站,新北市,淡水區,0932179570,ikkigood@yahoo.com,陳李明緣,20220101.0,20231231.0,20230628 15:19:02
新北市私立陽光居家長照機構,1X0200113,1,新北市,中和區,新北市中和區安樂路18-1號7樓,121.5118408203,24.9921112061,B,喘息服務,新北市,板橋區;中和區;永和區,0988285942,goodsunshinehealthcare@gmail.com,唐偉庭,20250101.0,20271231.0,20241204 13:47:18
聖照股份有限公司附設臺北市私立邦寧居家長照機構,1R0100043,1,臺北市,信義區,臺北市信義區中興里信義路4段375號6樓之6,121.5577316284,25.0332832336,B,喘息服務,臺北市,松山區;信義區;大安區;中山區;中正區;大同區;萬華區;文山區;南港區;內湖區;士林區;北投區,2758-2106,bonnin.tpe@gmail.com,戴仕豪,20250101.0,20261231.0,20241105 17:06:56
新北市蘆洲區愛心關懷協會(永安站)(社照C),BF0200221,BF,新北市,蘆洲區,新北市蘆洲區延平里永安南路二段134號,121.4625854492,25.0785884857,C,巷弄長照站,新北市,蘆洲區,2281-1934,lov970@yahoo.com.tw,黃忠信,20220101.0,20221231.0,20220308 20:01:56
益巨股份有限公司附設臺北市私立崇仁社區長照機構,2V0100004,2,臺北市,萬華區,臺北市萬華區青年路152巷28號1樓,121.5012207031,25.0206241608,B,日間照顧服務,臺北市,松山區;信義區;大安區;中山區;中正區;大同區;萬華區;文山區;南港區;內湖區;士林區;北投區,23090193,dc.chongren@rghealth.com.tw,陳威男,20220428.0,20231231.0,20220602 10:29:42
益巨股份有限公司附設臺北市私立崇仁社區長照機構,2V0100004,2,臺北市,萬華區,臺北市萬華區青年路152巷28號1樓,121.5012207031,25.0206241608,B,日間照顧服務,臺北市,松山區;信義區;大安區;中山區;中正區;大同區;萬華區;文山區;南港區;內湖區;士林區;北投區,23090193,dc.chongren@rghealth.com.tw,陳威男,20240101.0,20261231.0,20240102 11:06:51
明曜長期照護有限公司附設新北市私立明曜居家長照機構,1V0200073,1,新北市,新莊區,新北市新莊區信義里思源路331號8樓之2,121.4596099854,25.0497398376,B,居家服務,新北市,板橋區;三重區;中和區;新莊區;蘆洲區;五股區;泰山區,0963907070,mingyau.care1966@gmail.com,李曜閣,20250101.0,20271231.0,20241217 15:16:44
明曜長期照護有限公司附設新北市私立明曜居家長照機構,1V0200073,1,新北市,新莊區,新北市新莊區信義里思源路331號8樓之2,121.4596099854,25.0497398376,B,專業照護服務,新北市,板橋區;三重區;中和區;永和區,0963907070,mingyau.care1966@gmail.com,李曜閣,20250101.0,20271231.0,20241217 15:18:04
社團法人台灣樂活服務發展協會(汐止信望站)(社照C),BE0200080,BE,新北市,汐止區,新北市汐止區信望里信義路1號2樓,121.6620025635,25.0685710907,C,巷弄長照站,新北市,汐止區,0910122196,jilingdong2013@gmail.com,馬佩君,20240101.0,20241231.0,20240514 13:58:29
新北市中正愛心關懷協會(自立站)(社照C),BF0200228,BF,新北市,板橋區,新北市板橋區自立里大智街77號,,,C,巷弄長照站,新北市,板橋區,0955707945,Yusulan0968679928@gmail.com,羅宜玲,20230101.0,20231231.0,20230630 15:04:59
財團法人新北市基督教新希望教會(土城土城站)(社照C),BD0200066,BD,新北市,土城區,新北市土城區慶安街45巷5號1樓,,,C,巷弄長照站,新北市,土城區,0939192756,o1219.shaw@gmail.com,黃遠鵬,20210901.0,20221231.0,20220509 08:26:10
圓石實業股份有限公司附設臺北市私立大同圓石社區長照機構,2V0100005,2,臺北市,大同區,臺北市大同區永樂里延平北路2段96號3樓,121.5112609863,25.056596756,B,喘息服務,臺北市,松山區;信義區;大安區;中山區;中正區;大同區;萬華區;文山區;南港區;內湖區;士林區;北投區,25583800,winniehou.tw@gmail.com,侯克瀛,20220803.0,20241231.0,20221229 21:36:50
新北市私立安毅居家長照機構,1X0200111,1,新北市,板橋區,新北市板橋區金門街372巷13號1樓,121.4266738892,24.9845314026,B,喘息服務,新北市,板橋區;三重區;中和區;永和區;新莊區;樹林區;鶯歌區;三峽區;土城區;泰山區,0905-861-860,anyi1110422@gmail.com,黃椘玉,20250101.0,20271231.0,20241227 11:19:07
新北市私立慷德居家長照機構,1X0200112,1,新北市,三重區,新北市三重區重新路5段525號9樓之1,121.4711456299,25.0463657379,B,居家服務,新北市,三重區;中和區;新莊區;樹林區;蘆洲區;五股區;八里區,2278-1719,kant.longcare@gmail.com,蔣曉文,20250101.0,20271231.0,20241226 11:03:15
新北市私立慷德居家長照機構,1X0200112,1,新北市,三重區,新北市三重區重新路5段525號9樓之1,121.4711456299,25.0463657379,B,喘息服務,新北市,三重區;中和區;新莊區;樹林區;蘆洲區;五股區;八里區,2278-1719,kant.longcare@gmail.com,蔣曉文,20250101.0,20271231.0,20241226 11:03:55
新北市私立慷德居家長照機構,1X0200112,1,新北市,三重區,新北市三重區重新路5段525號9樓之1,121.4711456299,25.0463657379,B,專業照護服務,新北市,三重區;中和區;新莊區;樹林區,2278-1719,kant.longcare@gmail.com,蔣曉文,20220615.0,20241231.0,20220620 09:55:00
新北市瑞芳區老人會(社照C),BF0200225,BF,新北市,瑞芳區,新北市瑞芳區龍興里明燈路三段2號3樓,121.8088989258,25.1077690125,C,巷弄長照站,新北市,瑞芳區,0919989822,av450414@yahoo.com,黃茂峻,20240101.0,20241231.0,20240514 14:44:04
財團法人台北市立心慈善基金會附設新北市私立立心居家長照機構,1R0200046,1,新北市,三重區,新北市三重區中華路22號1樓,121.4830322266,25.0609970093,B,喘息服務,新北市,三重區;蘆洲區,02-29711997,lishin.north@msa.hinet.net,洪金桐,20250101.0,20271231.0,20241225 13:56:04
新北市私立安豐居家長照機構,1X0200114,1,新北市,永和區,新北市永和區永和路一段69號3樓(AL02),121.513130188,25.0072612762,B,喘息服務,新北市,板橋區;三重區;中和區;永和區,0913123226,anfeng5659@gmail.com,李尚勳,20250101.0,20271231.0,20241205 11:02:50
好爸爸無障礙爬梯機接送有限公司,BA0100033,BA,臺北市,南港區,臺北市南港區向陽路122號,121.5953216553,25.0547142029,B,交通接送服務(DA01),臺北市,松山區;信義區;大安區;中山區;中正區;大同區;萬華區;文山區;南港區;內湖區;士林區;北投區,28957559,wakahoowang@gmail.com,李銘權,20240101.0,20261231.0,20240327 10:05:06
社團法人台灣樂活協會,BA0200030,BA,新北市,板橋區,新北市板橋區篤行路2段57巷4號5樓,121.4320602417,24.9923706055,B,交通接送服務(DA01),臺北市,松山區;信義區;大安區;中山區;中正區;大同區;萬華區;文山區;南港區;內湖區;士林區;北投區,26863006,tla26863006@gmail.com,吳友翔,20240101.0,20261231.0,20240327 10:07:44
新北市板橋區大浮洲發展協進會(大觀站)(社照C),BF0200231,BF,新北市,板橋區,新北市板橋區僑中二街12巷24號,,,C,巷弄長照站,新北市,板橋區,0932312636,Yusulan0968679928@gmail.com,林新添,20230101.0,20231231.0,20230630 15:00:06
新北市銀光志工協會(港嘴站)(社照C),BF0200233,BF,新北市,板橋區,新北市板橋區縣民大道三段169號縣民大道三段245巷1號,,,C,巷弄長照站,新北市,板橋區,02-29589299,yisyuanhu@gmail.com,丁紹斌,20230101.0,20231231.0,20230630 15:06:14
新北市銀光志工協會(板橋福壽站)(社照C),BF0200234,BF,新北市,板橋區,新北市板橋區三民路二段居仁巷2弄50號,,,C,巷弄長照站,新北市,板橋區,02-29589299,yisyuanhu@gmail.com,丁紹斌,20230101.0,20231231.0,20230630 15:03:23
新北市私立陽光居家長照機構,1X0200113,1,新北市,中和區,新北市中和區安樂路18-1號7樓,121.5118408203,24.9921112061,B,居家服務,新北市,板橋區;中和區;永和區,0988285942,goodsunshinehealthcare@gmail.com,唐偉庭,20250101.0,20271231.0,20241204 13:45:22
新北市大新板愛心關懷協會(文聖站)(社照C),BF0200236,BF,新北市,板橋區,新北市板橋區文聖街149巷27號1樓,,,C,巷弄長照站,新北市,板橋區,02-29589299,yisyuanhu@gmail.com,余崑松,20230101.0,20231231.0,20230630 15:04:30
聖照股份有限公司附設臺北市私立邦寧居家長照機構,1R0100043,1,臺北市,信義區,臺北市信義區中興里信義路4段375號6樓之6,121.5577316284,25.0332832336,B,居家服務,臺北市,信義區;大安區;中山區;中正區;南港區,2758-2106,bonnin.tpe@gmail.com,戴仕豪,20240101.0,20261231.0,20241219 14:13:43
圓石實業股份有限公司附設臺北市私立大同圓石社區長照機構,2V0100005,2,臺北市,大同區,臺北市大同區永樂里延平北路2段96號3樓,121.5112609863,25.056596756,B,日間照顧服務,臺北市,松山區;信義區;大安區;中山區;中正區;大同區;萬華區;文山區;南港區;內湖區;士林區;北投區,25583800,winniehou.tw@gmail.com,侯克瀛,20240101.0,20261231.0,20240102 11:10:10
善誠健康事業股份有限公司附設新北市私立善誠居家長照機構,1V0200067,1,新北市,板橋區,新北市板橋區長江路二段142號1樓,121.4661636353,25.0317649841,B,喘息服務,新北市,板橋區;中和區;永和區;新莊區;樹林區;三峽區;汐止區;土城區;林口區,0917-500-935,ltcservice@suncherish.com.tw,林仁德,20250101.0,20271231.0,20241220 09:46:07
安心好生活股份有限公司附設新北市私立佳醫居家長照機構,1R0200043,1,新北市,三重區,新北市三重區永福街46巷22弄5號,121.4918899536,25.0599155426,B,居家服務,新北市,三重區;新莊區;淡水區;八里區,(02)2977-6001,carrie516899@gmail.com,蘇秀鑾,20250101.0,20271231.0,20241220 15:28:06
安心好生活股份有限公司附設新北市私立佳醫居家長照機構,1R0200043,1,新北市,三重區,新北市三重區永福街46巷22弄5號,121.4918899536,25.0599155426,B,專業照護服務,新北市,三重區;新莊區;淡水區;八里區,(02)2977-6001,carrie516899@gmail.com,蘇秀鑾,20220620.0,20241231.0,20220902 15:35:33
輔仁大學學校財團法人輔仁大學附設醫院,B20200248,B2,新北市,泰山區,新北市泰山區貴子路69號,121.4308013916,25.0396766663,B,專業照護服務,新北市,新莊區;泰山區,85128888,tu.hsiumei@gmail.com,黃瑞仁,20220101.0,20241231.0,20220412 11:55:26
輔仁大學學校財團法人輔仁大學附設醫院,B20200248,B2,新北市,泰山區,新北市泰山區貴子路69號,121.4308013916,25.0396766663,A,個案管理服務,新北市,五股區;泰山區,85128888,tu.hsiumei@gmail.com,黃瑞仁,20250101.0,20250630.0,20241231 15:52:33
財團法人新北市永和區中華基督教浸信會中和堂(社照C),BD0200065,BD,新北市,永和區,新北市永和區前溪里永和路一段153號,,,C,巷弄長照站,新北市,永和區,0910826212,chunghochurch@gmail.com,武應天,20220101.0,20221231.0,20220502 14:14:11
財團法人台北市立心慈善基金會附設新北市私立立心居家長照機構,1R0200046,1,新北市,三重區,新北市三重區中華路22號1樓,121.4830322266,25.0609970093,B,居家服務,新北市,三重區;蘆洲區,02-29711997,lishin.north@msa.hinet.net,洪金桐,20250101.0,20271231.0,20241225 13:55:29
新北市私立安豐居家長照機構,1X0200114,1,新北市,永和區,新北市永和區永和路一段69號3樓(AL02),121.513130188,25.0072612762,B,居家服務,新北市,板橋區;三重區;中和區;永和區,0913123226,anfeng5659@gmail.com,李尚勳,20250101.0,20271231.0,20241205 11:02:09
佳醫長照社團法人附設新北市私立觀海住宿長照機構,3R0200004,3,新北市,八里區,新北市八里區頂罟里新北市八里區博物館路183號1樓至4樓,121.4063720703,25.1566429138,B,喘息服務,新北市,板橋區;三重區;中和區;永和區;新莊區;新店區;樹林區;鶯歌區;三峽區;淡水區;汐止區;瑞芳區;土城區;蘆洲區;五股區;泰山區;林口區;深坑區;石碇區;坪林區;三芝區;石門區;八里區;平溪區;雙溪區;貢寮區;金山區;萬里區;烏來區,8630-3185,ghn.hr0240@gmail.com,蘇秀鑾,20250101.0,20271231.0,20250113 10:40:13
佳醫長照社團法人附設新北市私立觀海住宿長照機構,3R0200004,3,新北市,八里區,新北市八里區頂罟里新北市八里區博物館路183號1樓至4樓,121.4063720703,25.1566429138,B,喘息服務,臺北市,松山區;信義區;大安區;中山區;中正區;大同區;萬華區;文山區;南港區;內湖區;士林區;北投區,8630-3185,ghn.hr0240@gmail.com,蘇秀鑾,20250101.0,20261231.0,20241231 11:53:39
奇恩健康有限公司附設新北市私立奇恩居家長照機構,1R0200049,1,新北市,三重區,新北市三重區成功路68之3號1樓,121.4883499146,25.0505943298,B,居家服務,新北市,三重區;新莊區;蘆洲區,2974-0666,hsiuchin0623@gmail.com,馮兆筠,20250101.0,20271231.0,20241218 13:51:58
奇恩健康有限公司附設新北市私立奇恩居家長照機構,1R0200049,1,新北市,三重區,新北市三重區成功路68之3號1樓,121.4883499146,25.0505943298,B,喘息服務,新北市,三重區;新莊區;蘆洲區,2974-0666,hsiuchin0623@gmail.com,馮兆筠,20250101.0,20271231.0,20241218 13:52:34
育和有限公司附設臺北市私立育和居家長照機構,1R0100040,1,臺北市,大同區,臺北市大同區寧夏路23-1號2樓202室,121.5151367188,25.0551662445,B,喘息服務,臺北市,大安區;中山區;中正區;大同區;萬華區;士林區,0918-026-709,yuhe829@gmail.com,陳彥凱,20220428.0,20241231.0,20221229 21:01:39
中華民國治療師暨輔助科技推動協會(社照C),BF0200238,BF,新北市,瑞芳區,新北市瑞芳區瑞芳街38號,,,C,巷弄長照站,新北市,瑞芳區,0224970020,therapistat@gmail.com,柯維喬,20240101.0,20241231.0,20240514 14:40:51
中華躍樂齡創新服務發展協會(社照C),BF0200239,BF,新北市,三重區,新北市三重區集美街75巷27號1樓,,,C,巷弄長照站,新北市,三重區,0287733752,yjhomecare6809@gmail.com,施福忠,20220401.0,20231231.0,20230530 19:08:39
社團法人台灣喜樂家族協會(社照C),BE0200083,BE,新北市,中和區,新北市中和區圓通路167巷3號,,,C,巷弄長照站,新北市,中和區,0920074192,yc82421971@gmail.com,林黃寶彩,20220401.0,20221231.0,20220509 09:05:10
暉宇有限公司附設臺北市私立星雲祥家社區長照機構,2R0100014,2,臺北市,內湖區,臺北市內湖區清白里星雲街161巷3號3樓,121.5966033936,25.0811862946,B,日間照顧服務,臺北市,松山區;信義區;大安區;中山區;中正區;大同區;萬華區;文山區;南港區;內湖區;士林區;北投區,(02)2790-0898,Huiyu20201208@gmail.com,楊雋宇,20220523.0,20231231.0,20220526 15:57:00
佳醫長照社團法人附設新北市私立觀海住宿長照機構,3R0200004,3,新北市,八里區,新北市八里區頂罟里新北市八里區博物館路183號1樓至4樓,121.4063720703,25.1566429138,B,喘息服務,臺北市,松山區;信義區;大安區;中山區;中正區;大同區;萬華區;文山區;南港區;內湖區;士林區;北投區,8630-3185,ghn.hr0240@gmail.com,蘇秀鑾,20221004.0,20241231.0,20221230 15:07:47
圓石實業股份有限公司附設臺北市私立大同圓石社區長照機構,2V0100005,2,臺北市,大同區,臺北市大同區永樂里延平北路2段96號3樓,121.5112609863,25.056596756,B,喘息服務,臺北市,松山區;信義區;大安區;中山區;中正區;大同區;萬華區;文山區;南港區;內湖區;士林區;北投區,25583800,winniehou.tw@gmail.com,侯克瀛,20250101.0,20261231.0,20250204 15:20:59
明曜長期照護有限公司附設新北市私立明曜居家長照機構,1V0200073,1,新北市,新莊區,新北市新莊區信義里思源路331號8樓之2,121.4596099854,25.0497398376,B,喘息服務,新北市,板橋區;三重區;中和區;永和區;蘆洲區;五股區;泰山區,0963907070,mingyau.care1966@gmail.com,李曜閣,20250101.0,20271231.0,20241217 15:17:35
明曜長期照護有限公司附設新北市私立明曜居家長照機構,1V0200073,1,新北市,新莊區,新北市新莊區信義里思源路331號8樓之2,121.4596099854,25.0497398376,B,專業照護服務,新北市,板橋區;三重區;中和區;新莊區,0963907070,mingyau.care1966@gmail.com,李曜閣,20220704.0,20241231.0,20220707 09:08:58
碧華居家職能治療所,B50200014,B5,新北市,三重區,新北市三重區富華街98號,121.4912338257,25.0836734772,B,專業照護服務(CC01),桃園市,桃園區;蘆竹區;大園區;龜山區;八德區,0905-395-539,bihuaotclinic@gmail.com,廖皇閔,20231229.0,20251231.0,20240306 16:30:53
碧華居家職能治療所,B50200014,B5,新北市,三重區,新北市三重區富華街98號,121.4912338257,25.0836734772,B,專業照護服務,新北市,板橋區;三重區;新莊區;樹林區;鶯歌區;淡水區;蘆洲區;五股區;泰山區;林口區;三芝區;八里區,0905-395-539,bihuaotclinic@gmail.com,廖皇閔,20250101.0,20271231.0,20241231 14:05:57
暉宇有限公司附設臺北市私立星雲祥家社區長照機構,2R0100014,2,臺北市,內湖區,臺北市內湖區清白里星雲街161巷3號3樓,121.5966033936,25.0811862946,B,日間照顧服務,臺北市,松山區;信義區;大安區;中山區;中正區;大同區;萬華區;文山區;南港區;內湖區;士林區;北投區,(02)2790-0898,Huiyu20201208@gmail.com,楊雋宇,20240101.0,20261231.0,20240102 11:17:01
暉宇有限公司附設臺北市私立星雲祥家社區長照機構,2R0100014,2,臺北市,內湖區,臺北市內湖區清白里星雲街161巷3號3樓,121.5966033936,25.0811862946,B,喘息服務,臺北市,松山區;信義區;大安區;中山區;中正區;大同區;萬華區;文山區;南港區;內湖區;士林區;北投區,(02)2790-0898,Huiyu20201208@gmail.com,楊雋宇,20230327.0,20241231.0,20230330 11:17:52
圓石實業股份有限公司附設臺北市私立大同圓石社區長照機構,2V0100005,2,臺北市,大同區,臺北市大同區永樂里延平北路2段96號3樓,121.5112609863,25.056596756,B,小規模多機能服務,臺北市,松山區;信義區;大安區;中山區;中正區;大同區;萬華區;文山區;南港區;內湖區;士林區;北投區,25583800,winniehou.tw@gmail.com,侯克瀛,20220520.0,20241231.0,20250204 15:51:39
新北市私立宥馨居家長照機構,1X0200116,1,新北市,三重區,新北市三重區中正北路71巷5號,121.490814209,25.063325882,B,居家服務,新北市,板橋區;三重區;新莊區;樹林區;蘆洲區,0912579540,love850316love@gmail.com,梅芳綺,20250101.0,20271231.0,20241226 10:53:50
安心好生活股份有限公司附設新北市私立佳醫居家長照機構,1R0200043,1,新北市,三重區,新北市三重區永福街46巷22弄5號,121.4918899536,25.0599155426,B,喘息服務,新北市,三重區;新莊區;淡水區;八里區,(02)2977-6001,carrie516899@gmail.com,蘇秀鑾,20250101.0,20271231.0,20241220 15:28:41
輔仁大學學校財團法人輔仁大學附設醫院,B20200248,B2,新北市,泰山區,新北市泰山區貴子路69號,121.4308013916,25.0396766663,B,居家失能個案家庭醫師照護服務,新北市,新莊區;五股區;泰山區,85128888,tu.hsiumei@gmail.com,黃瑞仁,20250101.0,20271231.0,20241223 10:48:48
社團法人中華民國愛無界長期照顧產業發展協會,BA0200029,BA,新北市,新店區,新北市新店區達觀路8巷3號16樓之1,,,B,交通接送服務,臺北市,松山區;信義區;大安區;中山區;中正區;大同區;萬華區;文山區;南港區;內湖區;士林區;北投區,02-25681379,wakahoowang@gmail.com,陳正川,20220501.0,20221231.0,20220429 10:40:05
新北市板橋區大浮洲發展協進會(浮洲站)(社照C),BF0200230,BF,新北市,板橋區,新北市板橋區大觀路一段28巷50號,,,C,巷弄長照站,新北市,板橋區,0932312636,Yusulan0968679928@gmail.com,林新添,20230101.0,20231231.0,20230630 15:06:52
財團法人新北市基督教新希望教會(中和外南站)(社照C),BD0200067,BD,新北市,中和區,新北市中和區復興路69-1號,,,C,巷弄長照站,新北市,中和區,02-22473040,Poa697243@gmail.com,林淑萍,20210901.0,20221231.0,20220509 08:31:19
育和有限公司附設臺北市私立育和居家長照機構,1R0100040,1,臺北市,大同區,臺北市大同區寧夏路23-1號2樓202室,121.5151367188,25.0551662445,B,喘息服務,臺北市,大安區;中山區;中正區;大同區;萬華區;士林區,0918-026-709,yuhe829@gmail.com,陳彥凱,20250101.0,20261231.0,20241030 18:34:17
育和有限公司附設臺北市私立育和居家長照機構,1R0100040,1,臺北市,大同區,臺北市大同區寧夏路23-1號2樓202室,121.5151367188,25.0551662445,B,居家服務,臺北市,大安區;中山區;中正區;大同區;萬華區,0918-026-709,yuhe829@gmail.com,陳彥凱,20240101.0,20241231.0,20231229 17:58:52
新北市八里區龍米社區發展協會(社照C),BG0200051,BG,新北市,八里區,新北市八里區龍源里龍米路1段223-1號,,,C,巷弄長照站,新北市,八里區,02-26182011,longmi249@gmail.com,陳雄,20220101.0,20221231.0,20220429 16:08:42
天勤健康生活事業有限公司附設新北市私立天勤居家長照機構,1V0200070,1,新北市,板橋區,新北市板橋區文化路一段189號7樓之1,121.4629974365,25.0165367126,A,個案管理服務,桃園市,中壢區,2968-9810,tainqin9810@gmail.com,林詠翔,20241029.0,20251231.0,20241029 16:32:55
安心好生活股份有限公司附設臺北市私立佳愛居家長照機構,1R0100044,1,臺北市,中山區,臺北市中山區朱崙里長安東路2段230號6樓之5,121.442527771,24.9845027924,B,喘息服務,臺北市,松山區;信義區;大安區;中山區;中正區;大同區;萬華區;文山區;南港區;內湖區;士林區;北投區,02-2711-0922,Home22258688@gmail.com,蘇秀鑾,20250101.0,20261231.0,20241122 14:08:08
輔仁大學學校財團法人輔仁大學附設醫院,B20200248,B2,新北市,泰山區,新北市泰山區貴子路69號,121.4308013916,25.0396766663,B,專業照護服務,新北市,新莊區;泰山區,85128888,tu.hsiumei@gmail.com,黃瑞仁,20250101.0,20271231.0,20241223 10:48:31
新北市私立美心居家長照機構,1X0200109,1,新北市,新莊區,新北市新莊區中原東路141號1、2樓,121.3928909302,24.9696216583,B,喘息服務,新北市,板橋區;三重區;新莊區;樹林區;土城區,0937-023785,mayshincare@gmail.com,杜彥甫,20250101.0,20271231.0,20241225 10:01:18
新北市中正愛心關懷協會(福安站)(社照C),BF0200232,BF,新北市,板橋區,新北市板橋區大觀路二段365巷15號,,,C,巷弄長照站,新北市,板橋區,0955707945,Yusulan0968679928@gmail.com,羅宜玲,20230101.0,20231231.0,20230630 15:05:41
新北市銀光志工協會(東安站)(社照C),BF0200235,BF,新北市,板橋區,新北市板橋區海山里漢生東路313巷2弄22號1樓,121.472366333,25.0077800751,C,巷弄長照站,新北市,板橋區,02-29589299,a0910209107@gmail.com,丁紹斌,20230101.0,20231231.0,20230630 15:01:07
天勤健康生活事業有限公司附設新北市私立天勤居家長照機構,1V0200070,1,新北市,板橋區,新北市板橋區文化路一段189號7樓之1,121.4629974365,25.0165367126,B,喘息服務,新北市,板橋區;三重區;中和區;新莊區;新店區;汐止區;土城區;蘆洲區,2968-9810,tainqin9810@gmail.com,林詠翔,20250101.0,20271231.0,20241227 15:57:02
安心好生活股份有限公司附設臺北市私立佳愛居家長照機構,1R0100044,1,臺北市,中山區,臺北市中山區朱崙里長安東路2段230號6樓之5,121.442527771,24.9845027924,B,居家服務,臺北市,松山區;信義區;大安區;中山區,02-2711-0922,Home22258688@gmail.com,蘇秀鑾,20240101.0,20261231.0,20231229 10:34:45
社團法人臺北市社區照護發展促進協會(社照C),BE0200081,BE,新北市,中和區,新北市中和區中正路1206巷2號,,,C,巷弄長照站,新北市,中和區,02-77467520,care.nursing1027@gmail.com,曾駿清,20210901.0,20221231.0,20220506 17:09:24
(新北)曼巴租賃有限公司,BA0100036,BA,臺北市,大安區,臺北市大安區敦化南路一段225號地下三層之7,121.5492858887,25.0405673981,B,交通接送服務(DA01),新北市,板橋區;三重區;中和區;永和區;新莊區;新店區;土城區;蘆洲區;五股區;林口區,02-25039779,gary22124@gmail.com,陳國勇,20250101.0,20271231.0,20250114 10:18:26
新北市淡水區文化里辦公處(社照C),BG0200053,BG,新北市,淡水區,新北市淡水區文化里14鄰新民街71號,,,C,巷弄長照站,新北市,淡水區,0932256728,meihsiang1228@yahoo.com.tw,彭梅香,20220101.0,20231231.0,20230628 15:19:52
天勤健康生活事業有限公司附設新北市私立天勤居家長照機構,1V0200070,1,新北市,板橋區,新北市板橋區文化路一段189號7樓之1,121.4629974365,25.0165367126,B,居家服務,新北市,板橋區;三重區;中和區;新莊區;新店區;汐止區;土城區;蘆洲區,2968-9810,tainqin9810@gmail.com,林詠翔,20250101.0,20271231.0,20241227 15:56:19
安心好生活股份有限公司附設臺北市私立佳愛居家長照機構,1R0100044,1,臺北市,中山區,臺北市中山區朱崙里長安東路2段230號6樓之5,121.442527771,24.9845027924,B,居家服務,臺北市,松山區;信義區;大安區;中山區,02-2711-0922,Home22258688@gmail.com,蘇秀鑾,20220831.0,20231231.0,20220906 14:37:57
順心居家長照有限公司附設新北市私立順心居家長照機構,1R0200045,1,新北市,板橋區,新北市板橋區和平路安樂巷53號1樓,121.4623641968,24.9931755066,B,喘息服務,新北市,板橋區;中和區;樹林區;土城區,02-22651155,liking2022tw@gmail.com,廖信彰,20250101.0,20271231.0,20241204 10:11:34
新北市私立美心居家長照機構,1X0200109,1,新北市,新莊區,新北市新莊區中原東路141號1、2樓,121.3928909302,24.9696216583,B,居家服務,新北市,板橋區;三重區;新莊區;樹林區;土城區,0937-023785,mayshincare@gmail.com,杜彥甫,20250101.0,20271231.0,20241225 10:00:49
社團法人中華麥田關懷協會(五峯站)(社照C),BF0200223,BF,新北市,新店區,新北市新店區五峯里1鄰北新路一段92號2樓,,,C,巷弄長照站,新北市,新店區,02-29133936,wheatland1743@gmail.com,呂瑞香,20220201.0,20221231.0,20220502 14:15:28
新北市八德愛心關懷協會(社照C),BF0200226,BF,新北市,板橋區,新北市板橋區忠翠里雙十路二段47巷2弄33號,121.4750213623,25.0266990662,C,巷弄長照站,新北市,板橋區,0920088939,jg048@yahoo.com.tw,李高榮,20240101.0,20241231.0,20240531 21:14:53
吉盛交通股份有限公司,BA0100032,BA,臺北市,北投區,臺北市北投區育仁路155之1號2樓,121.5006484985,25.1367702484,B,交通接送服務(DA01),臺北市,松山區;信義區;大安區;中山區;中正區;大同區;萬華區;文山區;南港區;內湖區;士林區;北投區,28289000,service@sharecar.tw,張竣凱,20240101.0,20261231.0,20240327 10:03:17
財團法人台北市基督教台灣貴格會土城教會(社照C),BD0200068,BD,新北市,土城區,新北市土城區金城路三段67號5樓,,,C,巷弄長照站,新北市,土城區,0908593772,tadaw0722@gmail.com,林文華,20220301.0,20221231.0,20220509 08:54:27
賀康居家有限公司附設新北市私立賀康居家長照機構,1R0200047,1,新北市,永和區,新北市永和區保福路三段1之3號,121.5127410889,25.0079174042,A,個案管理服務,新北市,永和區,0986360980,thedog04236@gmail.com,許恬琪,20250101.0,20250630.0,20241231 16:38:06
禾倉健康事業有限公司附設新北市私立禾倉居家長照機構,1V0200074,1,新北市,林口區,新北市林口區東勢里忠孝路605號1樓,121.3779983521,25.0680007935,B,居家服務,新北市,新莊區;泰山區;林口區,0975875950,yyntseng@gmail.com,陳怡安,20250101.0,20271231.0,20241213 14:54:07
臺北市私立朵朵居家長照機構,1X0100036,1,臺北市,中正區,臺北市中正區幸福里東齊街78之1號1樓,121.5108108521,25.0423240662,B,居家服務,臺北市,大安區;中山區;中正區;大同區,02-23826700,duoduo20220609@gmail.com,方珍珍,20240101.0,20261231.0,20231229 09:50:36
育和有限公司附設臺北市私立育和居家長照機構,1R0100040,1,臺北市,大同區,臺北市大同區寧夏路23-1號2樓202室,121.5151367188,25.0551662445,B,居家服務,臺北市,大安區;中山區;中正區;大同區;萬華區,0918-026-709,yuhe829@gmail.com,陳彥凱,20220525.0,20231231.0,20220530 16:12:34
益巨股份有限公司附設臺北市私立崇仁社區長照機構,2V0100004,2,臺北市,萬華區,臺北市萬華區青年路152巷28號1樓,121.5012207031,25.0206241608,B,喘息服務,臺北市,松山區;信義區;大安區;中山區;中正區;大同區;萬華區;文山區;南港區;內湖區;士林區;北投區,23090193,dc.chongren@rghealth.com.tw,陳威男,20250101.0,20261231.0,20250204 15:25:35
格霖有限公司附設新北市私立格霖居家長照機構,1R0200042,1,新北市,三重區,新北市三重區重新路4段97號22樓之一,121.485786438,25.0547790527,B,居家服務,新北市,三重區;新莊區;蘆洲區,02-29720159,lin1006820138@gmail.com,郭鈞庭,20250101.0,20271231.0,20241223 15:30:49
格霖有限公司附設新北市私立格霖居家長照機構,1R0200042,1,新北市,三重區,新北市三重區重新路4段97號22樓之一,121.485786438,25.0547790527,B,喘息服務,新北市,三重區;新莊區;蘆洲區,02-29720159,lin1006820138@gmail.com,郭鈞庭,20250101.0,20271231.0,20241223 15:31:12
天勤健康生活事業有限公司附設新北市私立天勤居家長照機構,1V0200070,1,新北市,板橋區,新北市板橋區文化路一段189號7樓之1,121.4629974365,25.0165367126,A,個案管理服務,新北市,汐止區,2968-9810,tainqin9810@gmail.com,林詠翔,20250101.0,20250630.0,20241231 16:38:34
安心好生活股份有限公司附設臺北市私立佳愛居家長照機構,1R0100044,1,臺北市,中山區,臺北市中山區朱崙里長安東路2段230號6樓之5,121.442527771,24.9845027924,B,喘息服務,臺北市,松山區;信義區;大安區;中山區;中正區;大同區;萬華區;文山區;南港區;內湖區;士林區;北投區,02-2711-0922,Home22258688@gmail.com,蘇秀鑾,20220922.0,20241231.0,20221229 22:05:07
順心居家長照有限公司附設新北市私立順心居家長照機構,1R0200045,1,新北市,板橋區,新北市板橋區和平路安樂巷53號1樓,121.4623641968,24.9931755066,B,居家服務,新北市,板橋區;中和區;樹林區;土城區,02-22651155,liking2022tw@gmail.com,廖信彰,20250101.0,20271231.0,20241204 10:11:05
新北市新店區大鵬忠孝社區發展協會(社照C),BF0200224,BF,新北市,新店區,"新北市新店區大鵬里4鄰中正路700巷26號2,3樓",121.534942627,24.9914226532,C,巷弄長照站,新北市,新店區,0921827609,pontsoun@yahoo.com.tw,周崇文,20220101.0,20221231.0,20220502 14:16:01
社團法人中華關懷身心促進發展協會(秀峰站)(社照C),BE0200082,BE,新北市,汐止區,新北市汐止區忠孝東路9號,121.6574707031,25.0643291473,C,巷弄長照站,新北市,汐止區,0919551373,finichu2@yahoo.com.tw,張贊洪,20240101.0,20241231.0,20240514 13:49:33
賀康居家有限公司附設新北市私立賀康居家長照機構,1R0200047,1,新北市,永和區,新北市永和區保福路三段1之3號,121.5127410889,25.0079174042,B,專業照護服務,新北市,板橋區;中和區;永和區;新莊區,0986360980,thedog04236@gmail.com,許恬琪,20220615.0,20241231.0,20220617 16:17:41
新北市大社后愛心關懷協會(香社站)(長照C),BF0200229,BF,新北市,板橋區,新北市板橋區中正路275巷69號1樓,,,C,巷弄長照站,新北市,板橋區,0937502067,Yusulan0968679928@gmail.com,許金富,20230101.0,20231231.0,20230630 15:00:38
禾倉健康事業有限公司附設新北市私立禾倉居家長照機構,1V0200074,1,新北市,林口區,新北市林口區東勢里忠孝路605號1樓,121.3779983521,25.0680007935,B,喘息服務,新北市,新莊區;泰山區;林口區,0975875950,yyntseng@gmail.com,陳怡安,20250101.0,20271231.0,20241213 14:54:42
圓石實業股份有限公司附設臺北市私立大稻埕圓石社區長照機構,2V0100006,2,臺北市,大同區,臺北市大同區延平北路2段96號3樓之1,121.5115203857,25.0565166473,B,日間照顧服務,臺北市,松山區;信義區;大安區;中山區;中正區;大同區;萬華區;文山區;南港區;內湖區;士林區;北投區,2558-6900,19810313duck2024@gmail.com,侯克瀛,20220704.0,20231231.0,20220704 15:12:16
圓石實業股份有限公司附設臺北市私立大稻埕圓石社區長照機構,2V0100006,2,臺北市,大同區,臺北市大同區延平北路2段96號3樓之1,121.5115203857,25.0565166473,B,喘息服務,臺北市,松山區;信義區;大安區;中山區;中正區;大同區;萬華區;文山區;南港區;內湖區;士林區;北投區,2558-6900,19810313duck2024@gmail.com,侯克瀛,20250101.0,20261231.0,20250204 15:22:07
(新北)曼巴租賃有限公司,BA0100036,BA,臺北市,大安區,臺北市大安區敦化南路一段225號地下三層之7,121.5492858887,25.0405673981,B,社區式交通接送服務(BD03),新北市,板橋區;三重區;中和區;永和區;新莊區;新店區;土城區;蘆洲區;五股區;林口區,02-25039779,gary22124@gmail.com,陳國勇,20250101.0,20271231.0,20250114 10:19:50
臺北市私立寬安居家長照機構,1X0100037,1,臺北市,萬華區,臺北市萬華區雙園里莒光路328號6樓,121.4974975586,25.0312480927,B,喘息服務,臺北市,大安區;中山區;中正區;大同區;萬華區,02-2308-1977,ka6.web@gmail.com,林菡雅,20221219.0,20241231.0,20221219 14:20:09
臺北市私立寬安居家長照機構,1X0100037,1,臺北市,萬華區,臺北市萬華區雙園里莒光路328號6樓,121.4974975586,25.0312480927,B,居家服務,臺北市,大安區;中山區;中正區;大同區;萬華區,02-2308-1977,ka6.web@gmail.com,林菡雅,20220824.0,20231231.0,20220830 11:47:10
臺北市私立寬安居家長照機構,1X0100037,1,臺北市,萬華區,臺北市萬華區雙園里莒光路328號6樓,121.4974975586,25.0312480927,B,喘息服務,臺北市,大安區;中山區;中正區;大同區;萬華區,02-2308-1977,ka6.web@gmail.com,林菡雅,20250101.0,20261231.0,20241122 10:45:28
逸滿心有限公司附設臺北市私立逸滿心社區長照機構,2R0100015,2,臺北市,士林區,臺北市士林區中山北路5段687號3樓之1,121.5272903442,25.0971851349,B,喘息服務,臺北市,松山區;信義區;大安區;中山區;中正區;大同區;萬華區;文山區;南港區;內湖區;士林區;北投區,02-28353535,momosss2014@gmail.com,羅順芳,20250101.0,20261231.0,20250204 15:30:46
臺北市私立寬安居家長照機構,1X0100037,1,臺北市,萬華區,臺北市萬華區雙園里莒光路328號6樓,121.4974975586,25.0312480927,B,居家服務,臺北市,大安區;中山區;中正區;大同區;萬華區,02-2308-1977,ka6.web@gmail.com,林菡雅,20240101.0,20241231.0,20231229 17:47:12
逸滿心有限公司附設臺北市私立逸滿心社區長照機構,2R0100015,2,臺北市,士林區,臺北市士林區中山北路5段687號3樓之1,121.5272903442,25.0971851349,B,喘息服務,臺北市,松山區;信義區;大安區;中山區;中正區;大同區;萬華區;文山區;南港區;內湖區;士林區;北投區,02-28353535,momosss2014@gmail.com,羅順芳,20240108.0,20241231.0,20240109 15:56:34
逸滿心有限公司附設臺北市私立逸滿心社區長照機構,2R0100015,2,臺北市,士林區,臺北市士林區中山北路5段687號3樓之1,121.5272903442,25.0971851349,B,日間照顧服務,臺北市,松山區;信義區;大安區;中山區;中正區;大同區;萬華區;文山區;南港區;內湖區;士林區;北投區,02-28353535,momosss2014@gmail.com,羅順芳,20240101.0,20261231.0,20240102 11:41:59
逸滿心有限公司附設臺北市私立逸滿心社區長照機構,2R0100015,2,臺北市,士林區,臺北市士林區中山北路5段687號3樓之1,121.5272903442,25.0971851349,B,日間照顧服務,臺北市,松山區;信義區;大安區;中山區;中正區;大同區;萬華區;文山區;南港區;內湖區;士林區;北投區,02-28353535,momosss2014@gmail.com,羅順芳,20220718.0,20231231.0,20220718 13:44:06
圓石實業股份有限公司附設臺北市私立大稻埕圓石社區長照機構,2V0100006,2,臺北市,大同區,臺北市大同區延平北路2段96號3樓之1,121.5115203857,25.0565166473,B,喘息服務,臺北市,松山區;信義區;大安區;中山區;中正區;大同區;萬華區;文山區;南港區;內湖區;士林區;北投區,2558-6900,19810313duck2024@gmail.com,侯克瀛,20230927.0,20241231.0,20230927 09:57:04
賀康居家有限公司附設新北市私立賀康居家長照機構,1R0200047,1,新北市,永和區,新北市永和區保福路三段1之3號,121.5127410889,25.0079174042,B,居家服務,新北市,板橋區;三重區;中和區;永和區;新莊區,0986360980,thedog04236@gmail.com,許恬琪,20250101.0,20271231.0,20250109 15:07:35
和敬健康股份有限公司附設新北市私立和敬居家長照機構,1V0200078,1,新北市,板橋區,新北市板橋區中山路一段293-1號7樓之1(705室),121.4706420898,25.0144062042,B,居家服務,新北市,板橋區;新莊區,0988-597-939,hejing2023@gmail.com,鄭廸文,20250101.0,20271231.0,20241223 15:24:25
和敬健康股份有限公司附設新北市私立和敬居家長照機構,1V0200078,1,新北市,板橋區,新北市板橋區中山路一段293-1號7樓之1(705室),121.4706420898,25.0144062042,B,喘息服務,新北市,板橋區;新莊區,0988-597-939,hejing2023@gmail.com,鄭廸文,20250101.0,20271231.0,20241223 15:24:52
康齡聯合健康事業股份有限公司附設新北市私立康齡家美社區長照機構,2V0200005,2,新北市,中和區,新北市中和區連和里17鄰中山路2段327巷3號5樓,121.4934082031,25.00141716,B,日間照顧服務,新北市,板橋區;三重區;中和區;永和區;新莊區;新店區;樹林區;三峽區;土城區;蘆洲區;五股區;泰山區,02-22420800,ciudaycare@gmail.com,黃明發,20250101.0,20271231.0,20241218 13:37:28
臺北市私立寬安居家長照機構,1X0100037,1,臺北市,萬華區,臺北市萬華區雙園里莒光路328號6樓,121.4974975586,25.0312480927,B,居家服務,臺北市,大安區;中山區;中正區;大同區;萬華區,02-2308-1977,ka6.web@gmail.com,林菡雅,20250101.0,20261231.0,20241129 09:27:40
福雲添健康事業企業社附設新北市私立福雲添居家長照機構,1V0200076,1,新北市,新莊區,新北市新莊區西盛里新樹路613之11號1樓,121.4339599609,25.003780365,B,居家服務,新北市,新莊區;樹林區;三峽區,0908874301,isabel.new@gmail.com,楊君強,20250101.0,20271231.0,20241213 14:57:43
臺北市私立朵朵居家長照機構,1X0100036,1,臺北市,中正區,臺北市中正區幸福里東齊街78之1號1樓,121.5108108521,25.0423240662,B,居家服務,臺北市,大安區;中山區;中正區;大同區,02-23826700,duoduo20220609@gmail.com,方珍珍,20220825.0,20231231.0,20220825 15:38:54
博森健康有限公司附設新北市私立博森居家長照機構,1V0200075,1,新北市,新店區,新北市新店區百忍里三民路84巷2號1樓,121.5346679688,24.9727325439,B,喘息服務,新北市,板橋區;中和區;永和區;新店區;深坑區;石碇區,0970-828889,bosenltc@gmail.com,陳維綸,20250101.0,20271231.0,20241226 15:54:47
社團法人中華民國新生活社會福利發展促進會(金山豐漁站)(社照C),BE0200085,BE,新北市,金山區,新北市金山區豐漁里民生路190號,121.6466598511,25.2228126526,C,巷弄長照站,新北市,金山區,02-26368398,Lkd0901@newlifesw.org.tw,蘇興李,20220801.0,20221231.0,20220802 17:21:46
台灣頤樂園有限公司附設新北市私立熊大心居家長照機構,1V0200079,1,新北市,新莊區,新北市新莊區中原里新北大道四段171號2樓(YS-206室),121.44581604,25.058631897,B,喘息服務,新北市,板橋區;中和區;新莊區;樹林區;土城區;泰山區,0987132111,Shhc1966@gmail.com,李承晉,20250101.0,20271231.0,20241224 16:23:33
新北市私立護老安心居家長照機構,1X0200117,1,新北市,新莊區,新北市新莊區中隆里中華路二段147號2樓,121.4594497681,25.060251236,B,居家服務,新北市,板橋區;中和區;永和區;新莊區;五股區,0906280082,Womans1491@gmail.com,洪淑華,20250101.0,20271231.0,20241224 14:05:10
新北市私立護老安心居家長照機構,1X0200117,1,新北市,新莊區,新北市新莊區中隆里中華路二段147號2樓,121.4594497681,25.060251236,B,喘息服務,新北市,板橋區;中和區;永和區;新莊區;五股區,0906280082,Womans1491@gmail.com,洪淑華,20250101.0,20271231.0,20241224 14:06:31
台灣頤樂園有限公司附設新北市私立熊大心居家長照機構,1V0200079,1,新北市,新莊區,新北市新莊區中原里新北大道四段171號2樓(YS-206室),121.44581604,25.058631897,B,居家服務,新北市,板橋區;中和區;新莊區;樹林區;土城區;泰山區,0987132111,Shhc1966@gmail.com,李承晉,20250101.0,20271231.0,20241224 16:23:05
全人健康管理顧問有限公司附設新北市私立維愛居家長照機構,1R0200050,1,新北市,土城區,新北市土城區青雲路163號8樓,121.445350647,24.9858093262,B,居家服務,新北市,板橋區;中和區;永和區;土城區,0982-077130,kamawang168@gmail.com,王乾丞 ,20250101.0,20271231.0,20241227 11:05:52
康寧醫療財團法人附設臺北市私立康寧社區長照機構,2S0100025,2,臺北市,內湖區,臺北市內湖區成功路五段420巷28號2樓之二,121.6088027954,25.0756378174,B,日間照顧服務,臺北市,松山區;信義區;大安區;中山區;中正區;大同區;萬華區;文山區;南港區;內湖區;士林區;北投區,(02)2634-5500,kao8563@gmail.com,鄭予菲,20220802.0,20231231.0,20220802 17:19:09
新北市私立宥馨居家長照機構,1X0200116,1,新北市,三重區,新北市三重區中正北路71巷5號,121.490814209,25.063325882,B,喘息服務,新北市,板橋區;三重區;新莊區;樹林區;蘆洲區,0912579540,love850316love@gmail.com,梅芳綺,20250101.0,20271231.0,20241226 10:54:25
博森健康有限公司附設新北市私立博森居家長照機構,1V0200075,1,新北市,新店區,新北市新店區百忍里三民路84巷2號1樓,121.5346679688,24.9727325439,B,居家服務,新北市,板橋區;中和區;永和區;新店區;深坑區;石碇區,0970-828889,bosenltc@gmail.com,陳維綸,20250101.0,20271231.0,20241226 15:54:16
福雲添健康事業企業社附設新北市私立福雲添居家長照機構,1V0200076,1,新北市,新莊區,新北市新莊區西盛里新樹路613之11號1樓,121.4339599609,25.003780365,B,喘息服務,新北市,新莊區;樹林區;三峽區,0908874301,isabel.new@gmail.com,楊君強,20250101.0,20271231.0,20241213 14:58:15
賀康居家有限公司附設新北市私立賀康居家長照機構,1R0200047,1,新北市,永和區,新北市永和區保福路三段1之3號,121.5127410889,25.0079174042,B,喘息服務,新北市,板橋區;三重區;中和區;永和區;新莊區,0986360980,thedog04236@gmail.com,許恬琪,20250101.0,20271231.0,20250109 15:09:58
康齡聯合健康事業股份有限公司附設新北市私立康齡家美社區長照機構,2V0200005,2,新北市,中和區,新北市中和區連和里17鄰中山路2段327巷3號5樓,121.4934082031,25.00141716,B,喘息服務,新北市,板橋區;三重區;中和區;永和區;新莊區;新店區;樹林區;三峽區;土城區;蘆洲區;五股區;泰山區,02-22420800,ciudaycare@gmail.com,黃明發,20250101.0,20271231.0,20241218 13:38:15
臺北市私立千意居家長照機構,1X0100038,1,臺北市,松山區,臺北市松山區中崙里復興南路一段37號2樓,121.5441055298,25.0462265015,B,居家服務,臺北市,松山區;南港區;內湖區,27786287,cianyi6287@gmail.com,楊歆研,20240101.0,20261231.0,20231229 11:12:14
臺北市私立千意居家長照機構,1X0100038,1,臺北市,松山區,臺北市松山區中崙里復興南路一段37號2樓,121.5441055298,25.0462265015,B,居家服務,臺北市,松山區;南港區;內湖區,27786287,cianyi6287@gmail.com,楊歆研,20230306.0,20231231.0,20230303 18:15:07
台灣居護股份有限公司附設新北市私立樹林叁角梅社區長照機構,2R0200010,2,新北市,樹林區,新北市樹林區樹新路40之7號2樓,121.4285202026,24.9961395264,B,日間照顧服務,新北市,板橋區;新莊區;樹林區;土城區;泰山區,02-82588088,sldaycare@thn-buurtzorg.com,汪秋蓉,20250101.0,20271231.0,20241216 10:37:45
台灣居護股份有限公司附設新北市私立樹林叁角梅社區長照機構,2R0200010,2,新北市,樹林區,新北市樹林區樹新路40之7號2樓,121.4285202026,24.9961395264,B,喘息服務,新北市,板橋區;新莊區;樹林區;土城區;泰山區,02-82588088,sldaycare@thn-buurtzorg.com,汪秋蓉,20250101.0,20271231.0,20241216 10:38:22
財團法人弘道老人福利基金會附設新北市私立金山老拾光社區長照機構,2S0200035,2,新北市,金山區,新北市金山區民生路59號4樓,121.6411361694,25.2204380035,B,日間照顧服務,新北市,石門區;金山區;萬里區,(02)2498-0204,hondao-tp@hondao.org.tw,王乃弘,20250101.0,20271231.0,20241224 09:01:06
臺北市私立樂陽居家長照機構,1X0100039,1,臺北市,士林區,臺北市士林區後港里士商路110號1樓,121.5188827515,25.0919513702,B,喘息服務,臺北市,松山區;信義區;大安區;中山區;中正區;大同區;萬華區;文山區;南港區;內湖區;士林區;北投區,0988-423-585,cheerfulsun110@gmail.com,陳威仁,20250101.0,20261231.0,20241030 19:20:59
新北市私立芸安居家長照機構,1X0200120,1,新北市,樹林區,新北市樹林區八德街652號1樓(含夾層),121.3965377808,24.9692935944,B,喘息服務,新北市,樹林區;三峽區;土城區,02-86871413,yunan1070930@gmail.com,林宗賢,20250101.0,20271231.0,20241224 10:41:07
樂意健康生活有限公司附設新北市私立樂意居家長照機構,1V0200077,1,新北市,新莊區,新北市新莊區中原里新北大道四段179號10樓之2,121.4459152222,25.0583133698,B,居家服務,新北市,板橋區;新莊區;土城區;五股區;泰山區,0983382206,willingness2200@gmail.com,康汀明,20250101.0,20271231.0,20241216 09:00:45
樂意健康生活有限公司附設新北市私立樂意居家長照機構,1V0200077,1,新北市,新莊區,新北市新莊區中原里新北大道四段179號10樓之2,121.4459152222,25.0583133698,B,喘息服務,新北市,板橋區;新莊區;土城區;五股區;泰山區,0983382206,willingness2200@gmail.com,康汀明,20250101.0,20271231.0,20241216 09:01:25
肯康樂活股份有限公司附設新北市私立肯康三峽社區長照機構,2R0200012,2,新北市,三峽區,新北市三峽區礁溪里29鄰中華路13-5號2樓,121.3736038208,24.9320068359,B,喘息服務,新北市,樹林區;鶯歌區;三峽區;土城區,02-8672-3456,kkcare2022@gmail.com,謝宗運,20250101.0,20271231.0,20241219 11:20:49
樂齡智慧有限公司附設新北市私立里好綜合式長照機構,4R0200003,4,新北市,三重區,新北市三重區三和路二段30號5樓,121.5001678467,25.0676879883,B,居家服務,新北市,三重區;新莊區;蘆洲區;五股區;泰山區,29766060#21,service@lihodaycare.com,李福睿,20250101.0,20271231.0,20250221 09:27:06
樂齡智慧有限公司附設新北市私立里好綜合式長照機構,4R0200003,4,新北市,三重區,新北市三重區三和路二段30號5樓,121.5001678467,25.0676879883,B,喘息服務,新北市,三重區;新莊區;蘆洲區;五股區;泰山區,29766060#21,service@lihodaycare.com,李福睿,20250101.0,20271231.0,20250221 09:26:49
新北市私立天晴居家長照機構,1X0200123,1,新北市,新店區,新北市新店區安德街85號2樓,121.5095748901,24.9609375,B,居家服務,新北市,新店區,0910984434,kevinlee0705888@gmail.com,李昊,20250101.0,20271231.0,20241213 09:37:12
新北市私立天晴居家長照機構,1X0200123,1,新北市,新店區,新北市新店區安德街85號2樓,121.5095748901,24.9609375,B,喘息服務,新北市,新店區,0910984434,kevinlee0705888@gmail.com,李昊,20250101.0,20271231.0,20241213 09:37:36
財團法人弘道老人福利基金會附設新北市私立金山老拾光社區長照機構,2S0200035,2,新北市,金山區,新北市金山區民生路59號4樓,121.6411361694,25.2204380035,B,喘息服務,新北市,石門區;金山區;萬里區,(02)2498-0204,hondao-tp@hondao.org.tw,王乃弘,20250101.0,20271231.0,20241224 09:01:41
新北市私立馨樂居家長照機構,1X0200118,1,新北市,鶯歌區,新北市鶯歌區重慶街42號2樓,121.3500366211,24.9520721436,B,居家服務,新北市,樹林區;鶯歌區;三峽區,0952730119,bbgin2002@yahoo.com.tw,林雅慧,20250101.0,20271231.0,20241219 15:00:43
臺北市私立樂陽居家長照機構,1X0100039,1,臺北市,士林區,臺北市士林區後港里士商路110號1樓,121.5188827515,25.0919513702,B,居家服務,臺北市,大同區;士林區;北投區,0988-423-585,cheerfulsun110@gmail.com,陳威仁,20221121.0,20231231.0,20221121 14:10:31
肯康樂活股份有限公司附設新北市私立肯康三峽社區長照機構,2R0200012,2,新北市,三峽區,新北市三峽區礁溪里29鄰中華路13-5號2樓,121.3736038208,24.9320068359,B,日間照顧服務,新北市,樹林區;鶯歌區;三峽區;土城區,02-8672-3456,kkcare2022@gmail.com,謝宗運,20250101.0,20271231.0,20241219 11:20:23
臺北市私立樂陽居家長照機構,1X0100039,1,臺北市,士林區,臺北市士林區後港里士商路110號1樓,121.5188827515,25.0919513702,B,喘息服務,臺北市,松山區;信義區;大安區;中山區;中正區;大同區;萬華區;文山區;南港區;內湖區;士林區;北投區,0988-423-585,cheerfulsun110@gmail.com,陳威仁,20221027.0,20241231.0,20221229 22:51:53
福鷺社會企業有限公司附設新北市私立希望城市社區長照機構,2R0200013,2,新北市,蘆洲區,新北市蘆洲區保新里三民路368-2號1樓,121.4645843506,25.0905418396,B,喘息服務,新北市,板橋區;三重區;新莊區;蘆洲區;五股區,82850601,Fuluseltc@gmail.com,張凱智,20250101.0,20271231.0,20241231 11:53:06
福鷺社會企業有限公司附設新北市私立希望城市社區長照機構,2R0200013,2,新北市,蘆洲區,新北市蘆洲區保新里三民路368-2號1樓,121.4645843506,25.0905418396,B,日間照顧服務,新北市,板橋區;三重區;新莊區;蘆洲區;五股區,82850601,Fuluseltc@gmail.com,張凱智,20250101.0,20271231.0,20241231 11:52:44
青悠事業有限公司附設新北市私立青悠居家長照機構,1V0200084,1,新北市,泰山區,新北市泰山區明志路三段145巷8弄2號1樓,121.4257125854,25.0396366119,B,居家服務,新北市,三重區;新莊區;樹林區;蘆洲區;泰山區,0981914883,wendy1250605qucom@gmail.com,宋韋慶,20250101.0,20271231.0,20241224 09:29:16
青悠事業有限公司附設新北市私立青悠居家長照機構,1V0200084,1,新北市,泰山區,新北市泰山區明志路三段145巷8弄2號1樓,121.4257125854,25.0396366119,B,喘息服務,新北市,三重區;新莊區;樹林區;蘆洲區;泰山區,0981914883,wendy1250605qucom@gmail.com,宋韋慶,20250101.0,20271231.0,20241224 09:29:45
嘉陞健康事業股份有限公司附設臺北市私立嘉陞居家長照機構,1R0100046,1,臺北市,大同區,臺北市大同區民權西路136號15樓之3,121.5123138428,25.0645103455,B,喘息服務,臺北市,松山區;信義區;大安區;中山區;中正區;大同區;萬華區;文山區;南港區;內湖區;士林區;北投區,0921-148107,goodcare0001@gmail.com,黃海同,20250101.0,20261231.0,20241030 20:41:05
嘉陞健康事業股份有限公司附設臺北市私立嘉陞居家長照機構,1R0100046,1,臺北市,大同區,臺北市大同區民權西路136號15樓之3,121.5123138428,25.0645103455,B,喘息服務,臺北市,松山區;信義區;大安區;中山區;中正區;大同區;萬華區;文山區;南港區;內湖區;士林區;北投區,0921-148107,goodcare0001@gmail.com,黃海同,20231102.0,20241231.0,20231102 16:06:36
嘉陞健康事業股份有限公司附設臺北市私立嘉陞居家長照機構,1R0100046,1,臺北市,大同區,臺北市大同區民權西路136號15樓之3,121.5123138428,25.0645103455,B,居家服務,臺北市,中山區;大同區;萬華區,0921-148107,goodcare0001@gmail.com,黃海同,20230322.0,20231231.0,20230426 18:14:20
嘉陞健康事業股份有限公司附設臺北市私立嘉陞居家長照機構,1R0100046,1,臺北市,大同區,臺北市大同區民權西路136號15樓之3,121.5123138428,25.0645103455,B,居家服務,臺北市,中山區;大同區;萬華區,0921-148107,goodcare0001@gmail.com,黃海同,20240101.0,20261231.0,20231229 18:20:50
全人健康管理顧問有限公司附設新北市私立維愛居家長照機構,1R0200050,1,新北市,土城區,新北市土城區青雲路163號8樓,121.445350647,24.9858093262,B,喘息服務,新北市,板橋區;中和區;永和區;土城區,0982-077130,kamawang168@gmail.com,王乾丞 ,20250101.0,20271231.0,20241227 11:06:16
新北市私立馨樂居家長照機構,1X0200118,1,新北市,鶯歌區,新北市鶯歌區重慶街42號2樓,121.3500366211,24.9520721436,B,喘息服務,新北市,樹林區;鶯歌區;三峽區,0952730119,bbgin2002@yahoo.com.tw,林雅慧,20250101.0,20271231.0,20241219 15:01:47
康寧醫療財團法人附設臺北市私立康寧社區長照機構,2S0100025,2,臺北市,內湖區,臺北市內湖區成功路五段420巷28號2樓之二,121.6088027954,25.0756378174,B,日間照顧服務,臺北市,松山區;信義區;大安區;中山區;中正區;大同區;萬華區;文山區;南港區;內湖區;士林區;北投區,(02)2634-5500,kao8563@gmail.com,鄭予菲,20240101.0,20261231.0,20240102 11:18:51
社團法人臺灣樂福國際慈善福利協會(臺北市),BE0100088,BE,臺北市,中山區,臺北市中山區民生東路1段70巷15號1樓,121.5317382812,25.0678024292,B,到宅沐浴車服務,臺北市,松山區;信義區;大安區;中山區;中正區;大同區;萬華區;文山區;南港區;內湖區;士林區;北投區,0984112366,ghsc842366@gmail.com,張淞源,20240101.0,20261231.0,20231229 09:53:48
善誠健康事業股份有限公司附設新北市私立三重善誠居家長照機構,1R0200054,1,新北市,三重區,新北市三重區仁愛街99號1樓,121.495765686,25.0738239288,B,居家服務,新北市,三重區;新莊區;蘆洲區;金山區;萬里區,0917500935,ltcservice@suncherish.com.tw,林仁德,20250101.0,20271231.0,20241226 14:08:01
新北市私立芸安居家長照機構,1X0200120,1,新北市,樹林區,新北市樹林區八德街652號1樓(含夾層),121.3965377808,24.9692935944,B,居家服務,新北市,樹林區;三峽區;土城區,02-86871413,yunan1070930@gmail.com,林宗賢,20250101.0,20271231.0,20241224 10:40:35
善誠健康事業股份有限公司附設新北市私立三重善誠居家長照機構,1R0200054,1,新北市,三重區,新北市三重區仁愛街99號1樓,121.495765686,25.0738239288,B,喘息服務,新北市,三重區;新莊區;蘆洲區;金山區;萬里區,0917500935,ltcservice@suncherish.com.tw,林仁德,20250101.0,20271231.0,20241226 14:08:36
臺北市私立樂陽居家長照機構,1X0100039,1,臺北市,士林區,臺北市士林區後港里士商路110號1樓,121.5188827515,25.0919513702,B,居家服務,臺北市,大同區;士林區;北投區,0988-423-585,cheerfulsun110@gmail.com,陳威仁,20240101.0,20261231.0,20231229 18:22:00
新北市私立禾心居家長照機構,1X0200122,1,新北市,板橋區,新北市板橋區文化路一段178號3樓,121.4592437744,24.9786453247,B,喘息服務,新北市,板橋區;永和區;土城區,0986-790084,hehsin2022@gmail.com,王綉文,20250101.0,20271231.0,20241217 11:03:04
樂齡智慧有限公司附設新北市私立里好綜合式長照機構,4R0200003,4,新北市,三重區,新北市三重區三和路二段30號5樓,121.5001678467,25.0676879883,B,日間照顧服務,新北市,三重區;新莊區;蘆洲區;五股區;泰山區,29766060#21,service@lihodaycare.com,李福睿,20250101.0,20271231.0,20250221 09:26:58
新北市私立添吉社區長照機構,2X0200019,2,新北市,板橋區,新北市板橋區五權里和平路31號、33號5樓,121.4600372314,24.9953937531,B,喘息服務,新北市,板橋區;中和區;新莊區;樹林區;土城區,2962-0368,engr1018@gmail.com,古兆興,20250101.0,20271231.0,20241129 16:20:41
臺北市私立祝福居家長照機構,1X0100040,1,臺北市,中正區,臺北市中正區水源里羅斯福路4段68號7樓之10（6810-E室）,121.5342712402,25.014503479,B,居家服務,臺北市,中山區;中正區;文山區,02-29321396,nikey303@gmail.com,鄭如杏,20240101.0,20261231.0,20231229 09:52:49
辰逸有限公司附設臺北市私立辰逸居家長照機構,1V0100039,1,臺北市,中山區,臺北市中山區中央里南京東路2段137號14樓(118室),121.5351104736,25.0522155762,B,居家服務,臺北市,松山區;中山區;大同區,02-7755-3620,cypmc00@gmail.com,王超凡,20240101.0,20261231.0,20231229 10:36:22
九如聯合診所,B20200253,B2,新北市,三重區,新北市三重區仁愛街753號,121.4813766479,25.0803375244,B,居家失能個案家庭醫師照護服務,新北市,三重區;蘆洲區,2857-5600,asthma_win@hotmail.com,陳德皓,20250101.0,20271231.0,20250113 16:08:45
新北市私立禾心居家長照機構,1X0200122,1,新北市,板橋區,新北市板橋區文化路一段178號3樓,121.4592437744,24.9786453247,B,居家服務,新北市,板橋區;永和區;土城區,0986-790084,hehsin2022@gmail.com,王綉文,20250101.0,20271231.0,20241217 11:02:33
青華家鏈照股份有限公司附設新北市私立青華樂活居家長照機構,1V0200080,1,新北市,永和區,新北市永和區永和路二段233號5樓508室,121.5154647827,25.0141735077,B,居家服務,新北市,三重區;中和區;永和區;新莊區;蘆洲區,2233-1052,cloverjoe0910@gmail.com,林青榖,20250101.0,20271231.0,20241231 11:37:24
嘉陞健康事業股份有限公司附設臺北市私立嘉陞居家長照機構,1R0100046,1,臺北市,大同區,臺北市大同區民權西路136號15樓之3,121.5123138428,25.0645103455,B,居家服務,臺北市,中山區;大同區;萬華區;士林區;北投區,0921-148107,goodcare0001@gmail.com,黃海同,20250121.0,20261231.0,20250123 13:57:07
社團法人臺灣樂福國際慈善福利協會(臺北市),BE0100088,BE,臺北市,中山區,臺北市中山區民生東路1段70巷15號1樓,121.5317382812,25.0678024292,B,到宅沐浴車服務,臺北市,松山區;信義區;大安區;中山區;中正區;大同區;萬華區;文山區;南港區;內湖區;士林區;北投區,0984112366,ghsc842366@gmail.com,張淞源,20221011.0,20231231.0,20221020 11:34:24
善誠健康事業股份有限公司附設新北市私立三重善誠居家長照機構,1R0200054,1,新北市,三重區,新北市三重區仁愛街99號1樓,121.495765686,25.0738239288,B,專業照護服務,新北市,三重區;新莊區,0917500935,ltcservice@suncherish.com.tw,林仁德,20221128.0,20241231.0,20221201 10:53:21
財團法人伊甸社會福利基金會附設新北市私立八里耆福綜合長照機構,4S0200004,4,新北市,八里區,新北市八里區舊城路19號3樓,121.3998641968,25.1465816498,B,日間照顧服務,新北市,淡水區;八里區,26100017,eden10911@eden.org.tw,陳宇昭,20250101.0,20271231.0,20241225 11:43:58
財團法人伊甸社會福利基金會附設新北市私立八里耆福綜合長照機構,4S0200004,4,新北市,八里區,新北市八里區舊城路19號3樓,121.3998641968,25.1465816498,B,喘息服務,新北市,淡水區;八里區,26100017,eden10911@eden.org.tw,陳宇昭,20250101.0,20271231.0,20241225 11:44:22
新北市私立寶喜悅居家長照機構,1X0200119,1,新北市,永和區,新北市永和區中山路一段311號6樓(B室),121.5059967041,25.0064868927,B,居家服務,新北市,板橋區;中和區;永和區;新店區;林口區,2926-1577,xiyuebao@gmail.com,劉其昌,20250101.0,20271231.0,20241204 14:56:45
新北市私立寶喜悅居家長照機構,1X0200119,1,新北市,永和區,新北市永和區中山路一段311號6樓(B室),121.5059967041,25.0064868927,B,喘息服務,新北市,中和區;永和區;新店區;林口區,2926-1577,xiyuebao@gmail.com,劉其昌,20250101.0,20271231.0,20241204 14:57:34
青華家鏈照股份有限公司附設新北市私立青華樂活居家長照機構,1V0200080,1,新北市,永和區,新北市永和區永和路二段233號5樓508室,121.5154647827,25.0141735077,B,喘息服務,新北市,三重區;中和區;永和區;新莊區;蘆洲區,2233-1052,cloverjoe0910@gmail.com,林青榖,20250101.0,20271231.0,20241231 11:37:50
中華全齡關懷協會(三重文化站)(社照C),BF0200248,BF,新北市,三重區,新北市三重區文化里平安街26號,121.4984436035,25.0641803741,C,巷弄長照站,新北市,三重區,(02)5574-0079,caaca88238079@gmail.com,邱玉亭,20220601.0,20231231.0,20230530 19:08:56
熊大心有限公司附設新北市私立熊大心居家長照機構,1R0200052,1,新北市,汐止區,新北市汐止區中興里福德一路262號3樓,121.6329498291,25.0643692017,B,喘息服務,新北市,汐止區;深坑區;石碇區,0936522227,bear202209@gmail.com,劉威廷,20250101.0,20271231.0,20241203 14:28:24
財團法人伊甸社會福利基金會附設新北市私立八里耆福綜合長照機構,4S0200004,4,新北市,八里區,新北市八里區舊城路19號3樓,121.3998641968,25.1465816498,B,居家服務,新北市,八里區,26100017,eden10911@eden.org.tw,陳宇昭,20250101.0,20271231.0,20241225 11:43:41
新北市永樂環保協會(社照C),BF0200244,BF,新北市,板橋區,新北市板橋區嵐翠里文聖街89巷4號1樓,121.4776687622,25.0300064087,C,巷弄長照站,新北市,板橋區,02-2251-1104,sasha129@ms47.hinet.net,林彥綱,20240101.0,20241231.0,20240531 21:19:46
凱風長照股份有限公司附設臺北市私立凱風新生北綜合長照機構,4R0100001,4,臺北市,中山區,臺北市中山區晴光里新生北路三段56巷17號1樓,121.5269241333,25.0657196045,A,個案管理服務,臺北市,中正區,2599-6681,service@kfcare.com.tw,郭家展,20250101.0,20261231.0,20241231 17:04:58
凱風長照股份有限公司附設臺北市私立凱風新生北綜合長照機構,4R0100001,4,臺北市,中山區,臺北市中山區晴光里新生北路三段56巷17號1樓,121.5269241333,25.0657196045,A,個案管理服務,臺北市,松山區,2599-6681,service@kfcare.com.tw,郭家展,20250101.0,20261231.0,20241231 17:05:50
友伴瑞智居家職能治療所,B50200015,B5,新北市,新莊區,新北市新莊區立言里新泰路253號2樓,121.4214935303,25.0253047943,B,專業照護服務(CC01),新北市,板橋區;三重區;中和區;永和區;新莊區;新店區;樹林區;土城區;蘆洲區;林口區,02-22026215,smartfriendsclinic@gmail.com,胡哲睿,20250101.0,20271231.0,20241213 10:30:51
友伴瑞智居家職能治療所,B50200015,B5,新北市,新莊區,新北市新莊區立言里新泰路253號2樓,121.4214935303,25.0253047943,B,專業照護服務(CC01),新北市,板橋區;三重區;中和區;永和區;新莊區;新店區;樹林區;鶯歌區;三峽區;淡水區;汐止區;瑞芳區;土城區;蘆洲區;五股區;泰山區;林口區;深坑區;石碇區;坪林區;三芝區;石門區;八里區;平溪區;雙溪區;貢寮區;金山區;萬里區;烏來區,02-22026215,smartfriendsclinic@gmail.com,胡哲睿,20221017.0,20241231.0,20230802 17:19:14
凱風長照股份有限公司附設臺北市私立凱風新生北綜合長照機構,4R0100001,4,臺北市,中山區,臺北市中山區晴光里新生北路三段56巷17號1樓,121.5269241333,25.0657196045,B,喘息服務,臺北市,松山區;信義區;大安區;中山區;中正區;大同區;萬華區;文山區;南港區;內湖區;士林區;北投區,2599-6681,service@kfcare.com.tw,郭家展,20230426.0,20241231.0,20230427 09:43:47
凱風長照股份有限公司附設臺北市私立凱風新生北綜合長照機構,4R0100001,4,臺北市,中山區,臺北市中山區晴光里新生北路三段56巷17號1樓,121.5269241333,25.0657196045,B,居家服務,臺北市,大安區;中山區,2599-6681,service@kfcare.com.tw,郭家展,20240101.0,20261231.0,20240125 13:53:24
凱風長照股份有限公司附設臺北市私立凱風新生北綜合長照機構,4R0100001,4,臺北市,中山區,臺北市中山區晴光里新生北路三段56巷17號1樓,121.5269241333,25.0657196045,A,個案管理服務,臺北市,中山區,2599-6681,service@kfcare.com.tw,郭家展,20250101.0,20261231.0,20241231 17:03:45
凱風長照股份有限公司附設臺北市私立凱風新生北綜合長照機構,4R0100001,4,臺北市,中山區,臺北市中山區晴光里新生北路三段56巷17號1樓,121.5269241333,25.0657196045,B,日間照顧服務,臺北市,中山區,2599-6681,service@kfcare.com.tw,郭家展,20240101.0,20261231.0,20240104 16:23:34
凱風長照股份有限公司附設臺北市私立凱風新生北綜合長照機構,4R0100001,4,臺北市,中山區,臺北市中山區晴光里新生北路三段56巷17號1樓,121.5269241333,25.0657196045,B,居家服務,臺北市,大安區;中山區,2599-6681,service@kfcare.com.tw,郭家展,20230306.0,20231231.0,20230308 18:13:41
順享有限公司附設新北市私立順享居家長照機構,1R0200055,1,新北市,三重區,新北市三重區三寧街31號1樓,121.4903335571,25.0599193573,B,居家服務,新北市,板橋區;三重區;新莊區,29889968,shuen589@gmail.com,黃明順,20250101.0,20271231.0,20241219 11:08:56
凱風長照股份有限公司附設臺北市私立凱風新生北綜合長照機構,4R0100001,4,臺北市,中山區,臺北市中山區晴光里新生北路三段56巷17號1樓,121.5269241333,25.0657196045,A,個案管理服務,臺北市,中山區,2599-6681,service@kfcare.com.tw,郭家展,20241223.0,20241231.0,20241220 18:09:40
凱風長照股份有限公司附設臺北市私立凱風新生北綜合長照機構,4R0100001,4,臺北市,中山區,臺北市中山區晴光里新生北路三段56巷17號1樓,121.5269241333,25.0657196045,B,喘息服務,臺北市,松山區;信義區;大安區;中山區;中正區;大同區;萬華區;文山區;南港區;內湖區;士林區;北投區,2599-6681,service@kfcare.com.tw,郭家展,20250101.0,20261231.0,20241030 20:52:47
凱風長照股份有限公司附設臺北市私立凱風新生北綜合長照機構,4R0100001,4,臺北市,中山區,臺北市中山區晴光里新生北路三段56巷17號1樓,121.5269241333,25.0657196045,A,個案管理服務,臺北市,中正區,2599-6681,service@kfcare.com.tw,郭家展,20231012.0,20241231.0,20231011 15:28:19
友伴瑞智居家職能治療所,B50200015,B5,新北市,新莊區,新北市新莊區立言里新泰路253號2樓,121.4214935303,25.0253047943,B,專業照護服務,新北市,板橋區;三重區;中和區;永和區;新莊區;新店區;樹林區;土城區;蘆洲區;林口區,02-22026215,smartfriendsclinic@gmail.com,胡哲睿,20250101.0,20271231.0,20241213 10:29:57
友伴瑞智居家職能治療所,B50200015,B5,新北市,新莊區,新北市新莊區立言里新泰路253號2樓,121.4214935303,25.0253047943,B,專業照護服務,新北市,板橋區;三重區;中和區;永和區;新莊區;新店區;樹林區;土城區;蘆洲區;林口區,02-22026215,smartfriendsclinic@gmail.com,胡哲睿,20221017.0,20241231.0,20230804 08:57:51
(新北)三合利計程車客運有限公司,BA0100037,BA,臺北市,文山區,臺北市文山區興隆路四段151號3樓之4,121.5616760254,24.9847507477,B,交通接送服務(DA01),新北市,板橋區;永和區;新莊區;新店區;汐止區;深坑區;石碇區;坪林區,02-29290577,hearts.alanhsu@gmail.com,蔡豐吉,20250101.0,20271231.0,20250109 11:43:18
暖時光職能治療所,B50100023,B5,臺北市,中山區,臺北市中山區長安東路2段131之2號(1樓),1.0,1.0,B,專業照護服務,臺北市,松山區;信義區;大安區;中山區;中正區;大同區;萬華區;文山區;南港區;內湖區;士林區;北投區,02-2797-2225,fys.cscc@gmail.com,許富淵,20250101.0,20261231.0,20241030 09:43:52
暖時光職能治療所,B50100023,B5,臺北市,中山區,臺北市中山區長安東路2段131之2號(1樓),1.0,1.0,B,專業照護服務,臺北市,松山區;信義區;大安區;中山區;中正區;大同區;萬華區;文山區;南港區;內湖區;士林區;北投區,02-2797-2225,fys.cscc@gmail.com,許富淵,20221213.0,20241231.0,20221229 23:14:11
辰逸有限公司附設臺北市私立辰逸居家長照機構,1V0100039,1,臺北市,中山區,臺北市中山區中央里南京東路2段137號14樓(118室),121.5351104736,25.0522155762,B,居家服務,臺北市,松山區;中山區;大同區,02-7755-3620,cypmc00@gmail.com,王超凡,20221118.0,20231231.0,20221122 16:33:23
善誠健康事業股份有限公司附設新北市私立林口善誠居家長照機構,1V0200082,1,新北市,林口區,新北市林口區湖南里文化三路二段77巷29號1樓,121.3735275269,25.0804481506,B,居家服務,新北市,五股區;泰山區;林口區,02-27392222#3706,ltcservice@suncherish.com.tw,林仁德,20250101.0,20271231.0,20250205 14:45:44
新北市毘努伊勒兒少關懷協會(社照C),BF0200245,BF,新北市,淡水區,新北市淡水區新民里新民街120巷43號B1,121.4417495728,25.1798706055,C,巷弄長照站,新北市,淡水區,02-2622-2766,samwang781103@gmail.com,郭雅玲,20200701.0,20231231.0,20230628 15:16:09
社團法人中華民國士林靈糧堂社會福利協會附設新北市私立三重興穀社區長照機構,2R0200014,2,新北市,三重區,新北市三重區五谷里五谷王北街48巷18號1樓,121.4751739502,25.050775528,B,小規模多機能服務,新北市,板橋區;三重區;新莊區;蘆洲區;五股區;泰山區,22789015,triple@slsc.org.tw,劉群茂,20250101.0,20271231.0,20250103 11:42:31
好日居家長照有限公司附設新北市私立好日居家長照機構,1X0200124,1,新北市,蘆洲區,新北市蘆洲區中山一路161號3樓R05室,121.475479126,25.0814914703,B,居家服務,新北市,三重區;蘆洲區;五股區,8286-7492 ,Hozidays111@gmail.com,陳瓊怡,20250101.0,20271231.0,20241223 14:17:44
新北市私立添吉社區長照機構,2X0200019,2,新北市,板橋區,新北市板橋區五權里和平路31號、33號5樓,121.4600372314,24.9953937531,B,日間照顧服務,新北市,板橋區;中和區;新莊區;樹林區;土城區,2962-0368,engr1018@gmail.com,古兆興,20250101.0,20271231.0,20241129 16:20:05
臺北市政府社會局委託財團法人中華民國唐氏症基金會經營管理景新身障社區長照機構（日間照顧）,2S0100026,2,臺北市,文山區,臺北市文山區景後街151號4樓,121.5419158936,24.9900016785,B,日間照顧服務,臺北市,松山區;信義區;大安區;中山區;中正區;大同區;萬華區;文山區;南港區;內湖區;士林區;北投區,02-29355560,jingxindaycare@gmail.com,林正俠,20221116.0,20251231.0,20221116 14:32:45
臺北市政府社會局委託財團法人中華民國唐氏症基金會經營管理景新身障社區長照機構（日間照顧）,2S0100026,2,臺北市,文山區,臺北市文山區景後街151號4樓,121.5419158936,24.9900016785,B,喘息服務,臺北市,松山區;信義區;大安區;中山區;中正區;大同區;萬華區;文山區;南港區;內湖區;士林區;北投區,02-29355560,jingxindaycare@gmail.com,林正俠,20230201.0,20241231.0,20230202 14:34:16
臺北市政府社會局委託財團法人中華民國唐氏症基金會經營管理景新身障社區長照機構（日間照顧）,2S0100026,2,臺北市,文山區,臺北市文山區景後街151號4樓,121.5419158936,24.9900016785,B,喘息服務,臺北市,松山區;信義區;大安區;中山區;中正區;大同區;萬華區;文山區;南港區;內湖區;士林區;北投區,02-29355560,jingxindaycare@gmail.com,林正俠,20250101.0,20261231.0,20250204 15:41:52
新北市私立宜真宜悅社區長照機構,2X0200021,2,新北市,板橋區,新北市板橋區鄉雲里010鄰四川路二段16巷5號2樓,121.4558105469,24.9971981049,B,日間照顧服務,新北市,板橋區;中和區;永和區;新莊區;樹林區;土城區;五股區;泰山區,02-8966-0889,carlchang31@gmail.com,張志祥,20250101.0,20271231.0,20241226 15:58:00
新北市私立宜真宜悅社區長照機構,2X0200021,2,新北市,板橋區,新北市板橋區鄉雲里010鄰四川路二段16巷5號2樓,121.4558105469,24.9971981049,B,喘息服務,新北市,板橋區;中和區;永和區;新莊區;樹林區;土城區;五股區;泰山區,02-8966-0889,carlchang31@gmail.com,張志祥,20250101.0,20271231.0,20241226 15:58:38
新北市私立吉家居家長照機構,1X0200129,1,新北市,板橋區,新北市板橋區四維路291巷4弄12號1樓,121.4623641968,25.0285282135,B,居家服務,新北市,板橋區;三重區,02-2258-3776,jijia.hc@gmail.com,陳安宇,20250101.0,20271231.0,20241219 14:51:06
臺北市私立祝福居家長照機構,1X0100040,1,臺北市,中正區,臺北市中正區水源里羅斯福路4段68號7樓之10（6810-E室）,121.5342712402,25.014503479,B,居家服務,臺北市,中山區;中正區;文山區,02-29321396,nikey303@gmail.com,鄭如杏,20221125.0,20231231.0,20221130 15:18:15
明倉健康事業股份有限公司附設新北市私立明倉居家長照機構,1R0200056,1,新北市,林口區,新北市林口區麗林里忠孝路376巷53號1樓,121.3683395386,25.0703430176,B,喘息服務,新北市,板橋區;新莊區;樹林區;五股區;泰山區;林口區,02-2609-6468,mingcangcare@gmail.com,黃周月桂,20250101.0,20271231.0,20241218 14:54:27
明倉健康事業股份有限公司附設新北市私立明倉居家長照機構,1R0200056,1,新北市,林口區,新北市林口區麗林里忠孝路376巷53號1樓,121.3683395386,25.0703430176,B,專業照護服務,新北市,板橋區;新莊區;林口區,02-2609-6468,mingcangcare@gmail.com,黃周月桂,20250101.0,20271231.0,20241218 14:54:49
新北市私立宜真宜家社區長照機構,2X0200020,2,新北市,三重區,新北市三重區忠孝路三段36號1、2樓,121.4812545776,25.0665740967,B,喘息服務,新北市,三重區;新莊區;蘆洲區;五股區;泰山區,8988-3991,yimin60_04_25@yahoo.com.tw,冉宜民,20250101.0,20271231.0,20241205 11:12:25
(基隆)亞捷汽車租賃股份有限公司,BA0100038,BA,臺北市,士林區,臺北市士林區中正路499號1樓,121.5097732544,25.069278717,B,交通接送服務(DA01),基隆市,中正區;七堵區;暖暖區;仁愛區;中山區;安樂區;信義區,02-28826780分機595,yj2020@csgroup-bus.com.tw,呂奇龍,20250101.0,20271231.0,20250305 13:47:58
新北市運動樂活促進會,BG0200056,BG,新北市,三重區,新北市三重區五華里五華街71巷86號,121.4941482544,25.0843048096,C,巷弄長照站,新北市,三重區,2989-9369,hmbti@seed.net.tw,陳惠娟,20220801.0,20231231.0,20230530 19:15:18
社團法人中華民國士林靈糧堂社會福利協會附設新北市私立三重興穀社區長照機構,2R0200014,2,新北市,三重區,新北市三重區五谷里五谷王北街48巷18號1樓,121.4751739502,25.050775528,B,日間照顧服務,新北市,板橋區;三重區;新莊區;蘆洲區;五股區;泰山區,22789015,triple@slsc.org.tw,劉群茂,20250101.0,20271231.0,20250103 11:43:48
潤田健康有限公司附設臺北市私立潤田居家長照機構,1V0100041,1,臺北市,中正區,臺北市中正區龍福里湖口街1之3號1樓,121.5150299072,25.0327758789,B,居家服務,臺北市,松山區;信義區;大安區;中正區;大同區;萬華區;文山區,02-23435882,runtian0510@gmail.com,江錦珍,20241106.0,20261231.0,20241106 09:38:02
潤田健康有限公司附設臺北市私立潤田居家長照機構,1V0100041,1,臺北市,中正區,臺北市中正區龍福里湖口街1之3號1樓,121.5150299072,25.0327758789,B,喘息服務,臺北市,松山區;信義區;大安區;中正區;大同區;萬華區;文山區,02-23435882,runtian0510@gmail.com,江錦珍,20250101.0,20261231.0,20241119 14:49:49
明倉健康事業股份有限公司附設新北市私立明倉居家長照機構,1R0200056,1,新北市,林口區,新北市林口區麗林里忠孝路376巷53號1樓,121.3683395386,25.0703430176,B,專業照護服務,新北市,板橋區;新莊區;林口區,02-2609-6468,mingcangcare@gmail.com,黃周月桂,20230222.0,20241231.0,20230224 14:54:19
互照有限公司附設新北市私立春天居家長照機構,1V0200086,1,新北市,板橋區,新北市板橋區縣民大道一段271號4樓,121.4603500366,25.0099182129,B,喘息服務,新北市,板橋區,0926-920-597,weilinghoho0721@gmail.com,吳坤裕,20250101.0,20271231.0,20241225 10:21:13
互照有限公司附設新北市私立春天居家長照機構,1V0200086,1,新北市,板橋區,新北市板橋區縣民大道一段271號4樓,121.4603500366,25.0099182129,B,居家服務,新北市,板橋區,0926-920-597,weilinghoho0721@gmail.com,吳坤裕,20250101.0,20271231.0,20241225 10:20:53
新北市私立宜真宜家社區長照機構,2X0200020,2,新北市,三重區,新北市三重區忠孝路三段36號1、2樓,121.4812545776,25.0665740967,B,日間照顧服務,新北市,三重區;新莊區;蘆洲區;泰山區;林口區,8988-3991,yimin60_04_25@yahoo.com.tw,冉宜民,20250101.0,20271231.0,20241205 11:11:42
社團法人中華民國士林靈糧堂社會福利協會附設新北市私立三芝綜合長照機構,4R0200002,4,新北市,三芝區,新北市三芝區埔坪里民生街31號1樓,121.5035629272,25.256401062,B,小規模多機能服務,新北市,淡水區;三芝區;石門區,02-26561700,sanzhi@slsc.org.tw,劉群茂,20250101.0,20271231.0,20241227 16:06:26
社團法人中華民國士林靈糧堂社會福利協會附設新北市私立三芝綜合長照機構,4R0200002,4,新北市,三芝區,新北市三芝區埔坪里民生街31號1樓,121.5035629272,25.256401062,B,喘息服務,新北市,淡水區;三芝區;石門區,02-26561700,sanzhi@slsc.org.tw,劉群茂,20250101.0,20271231.0,20241227 16:06:50
社團法人中華民國士林靈糧堂社會福利協會附設新北市私立三芝綜合長照機構,4R0200002,4,新北市,三芝區,新北市三芝區埔坪里民生街31號1樓,121.5035629272,25.256401062,B,居家服務,新北市,淡水區;三芝區;石門區,02-26561700,sanzhi@slsc.org.tw,劉群茂,20250101.0,20271231.0,20241227 16:07:11
臺北榮民總醫院附設居家護理所,B10100068,B1,臺北市,北投區,臺北市北投區石牌路二段322號致德樓R2,1.0,1.0,B,專業照護服務,臺北市,士林區;北投區,02-28712121#82517,huangms@vghtpe.gov.tw,楊素茹,20230224.0,20241231.0,20230302 10:01:35
中華全齡關懷協會(土城中正站)(社照C),BF0200241,BF,新北市,土城區,新北市土城區中正里裕民路185巷8號,121.4536437988,24.9848976135,C,巷弄長照站,新北市,土城區,02-2270-5877,caaca88238079@gmail.com,邱玉亭,20220801.0,20221231.0,20220929 11:43:53
新北市淡水區幸福里辦公處(社照C),BG0200058,BG,新北市,淡水區,新北市淡水區幸福里學府路51巷3弄2號2樓,121.4479904175,25.1698207855,C,巷弄長照站,新北市,淡水區,02-2625-1855,lee092096@gmail.com,李佳倩,20220501.0,20231231.0,20230628 15:17:18
熊大心有限公司附設新北市私立熊大心居家長照機構,1R0200052,1,新北市,汐止區,新北市汐止區中興里福德一路262號3樓,121.6329498291,25.0643692017,B,居家服務,新北市,汐止區;深坑區;石碇區,0936522227,bear202209@gmail.com,劉威廷,20250101.0,20271231.0,20241203 14:27:49
奇恩健康有限公司附設臺北市私立翔旭居家長照機構,1R0100051,1,臺北市,大同區,臺北市大同區寧夏路23-1號2樓206室,121.5151367188,25.0551662445,B,喘息服務,臺北市,松山區;信義區;大安區;中山區;中正區;大同區;萬華區;文山區;南港區;內湖區;士林區;北投區,0955-568486,xiangxu1120301@gmail.com,馮兆筠,20241004.0,20261231.0,20241007 09:06:36
臺北榮民總醫院附設居家護理所,B10100068,B1,臺北市,北投區,臺北市北投區石牌路二段322號致德樓R2,1.0,1.0,B,專業照護服務,臺北市,士林區;北投區,02-28712121#82517,huangms@vghtpe.gov.tw,楊素茹,20250101.0,20261231.0,20241105 18:56:43
奇恩健康有限公司附設臺北市私立翔旭居家長照機構,1R0100051,1,臺北市,大同區,臺北市大同區寧夏路23-1號2樓206室,121.5151367188,25.0551662445,B,居家服務,臺北市,信義區;大安區;大同區,0955-568486,xiangxu1120301@gmail.com,馮兆筠,20240101.0,20261231.0,20231229 18:14:10
奇恩健康有限公司附設臺北市私立翔旭居家長照機構,1R0100051,1,臺北市,大同區,臺北市大同區寧夏路23-1號2樓206室,121.5151367188,25.0551662445,B,居家服務,臺北市,松山區;信義區;大安區;大同區;萬華區;士林區,0955-568486,xiangxu1120301@gmail.com,馮兆筠,20241115.0,20261231.0,20241119 13:49:37
邦鄰居家服務有限公司附設新北市私立邦鄰居家長照機構,1R0200059,1,新北市,中和區,新北市中和區健康路89號3樓,121.4879379272,25.0002422333,B,居家服務,新北市,板橋區;中和區;永和區;新店區,8228-1850,banglin808080@gmail.com,吳銀蓮,20250101.0,20271231.0,20241218 12:00:06
新北市愛笑瑜伽協會(奕壽站)(社照C),BF0200250,BF,新北市,三重區,新北市三重區奕壽里新北市三重區介壽路26號,121.4882125854,25.0631847382,C,巷弄長照站,新北市,三重區,(02)8988-3840,smile.yoga.xindei2017@Gmail.com,王淑芳,20230301.0,20231231.0,20230316 11:05:27
凱風長照股份有限公司附設臺北市私立凱風新生北綜合長照機構,4R0100001,4,臺北市,中山區,臺北市中山區晴光里新生北路三段56巷17號1樓,121.5269241333,25.0657196045,A,個案管理服務,臺北市,松山區,2599-6681,service@kfcare.com.tw,郭家展,20240813.0,20241231.0,20240823 15:38:38
凱風長照股份有限公司附設臺北市私立凱風新生北綜合長照機構,4R0100001,4,臺北市,中山區,臺北市中山區晴光里新生北路三段56巷17號1樓,121.5269241333,25.0657196045,B,日間照顧服務,臺北市,松山區;信義區;大安區;中山區;中正區;大同區;萬華區;文山區;南港區;內湖區;士林區;北投區,2599-6681,service@kfcare.com.tw,郭家展,20240101.0,20261231.0,20240104 16:23:34
順享有限公司附設新北市私立順享居家長照機構,1R0200055,1,新北市,三重區,新北市三重區三寧街31號1樓,121.4903335571,25.0599193573,B,喘息服務,新北市,板橋區;三重區;新莊區,29889968,shuen589@gmail.com,黃明順,20250101.0,20271231.0,20241219 11:09:26
吉雅健康股份有限公司附設新北市私立樂心居家長照機構,1R0200061,1,新北市,永和區,新北市永和區福和路159號3樓,121.520401001,25.0076236725,B,居家服務,新北市,中和區;永和區;新店區,2922-1368,lyne.chiu@gmail.com,邱麗餘,20250101.0,20271231.0,20241218 11:10:38
常樂企業有限公司(新北),BA0200033,BA,新北市,新店區,新北市新店區民權路153號4樓,121.534362793,24.9826583862,B,交通接送服務(DA01),新北市,板橋區;三重區;中和區;永和區,25238456,changlecare@gmail.com,王受益,20250101.0,20271231.0,20250113 15:05:06
中化銀髮事業股份有限公司附設臺北市私立暖時光社區長照機構,2S0100027,2,臺北市,中山區,臺北市中山區長安東路二段131-1號1-3樓及131-2號2-3樓,121.5361633301,25.0485057831,B,日間照顧服務,臺北市,中山區,0978511719,kate.chang@ccpc.com.tw,王謝怡貞,20240101.0,20261231.0,20240104 16:13:05
社團法人台灣喜樂家族協會附設臺北市私立冠冕居家長照機構,1R0100048,1,臺北市,士林區,臺北市士林區雙溪街140號1樓,121.5243759155,25.1004104614,B,居家服務,臺北市,中山區;士林區;北投區,02-2832-0533,crown.homelife@gmail.com,林黃寶彩,20240101.0,20261231.0,20231229 18:31:29
社團法人台灣喜樂家族協會附設臺北市私立冠冕居家長照機構,1R0100048,1,臺北市,士林區,臺北市士林區雙溪街140號1樓,121.5243759155,25.1004104614,B,居家服務,臺北市,中山區;士林區;北投區,02-2832-0533,crown.homelife@gmail.com,林黃寶彩,20230313.0,20231231.0,20230310 17:18:27
社團法人台灣喜樂家族協會附設臺北市私立冠冕居家長照機構,1R0100048,1,臺北市,士林區,臺北市士林區雙溪街140號1樓,121.5243759155,25.1004104614,B,喘息服務,臺北市,松山區;信義區;大安區;中山區;中正區;大同區;萬華區;文山區;南港區;內湖區;士林區;北投區,02-2832-0533,crown.homelife@gmail.com,林黃寶彩,20230420.0,20241231.0,20230421 09:30:11
社團法人台灣喜樂家族協會附設臺北市私立冠冕居家長照機構,1R0100048,1,臺北市,士林區,臺北市士林區雙溪街140號1樓,121.5243759155,25.1004104614,B,喘息服務,臺北市,松山區;信義區;大安區;中山區;中正區;大同區;萬華區;文山區;南港區;內湖區;士林區;北投區,02-2832-0533,crown.homelife@gmail.com,林黃寶彩,20250101.0,20261231.0,20241104 17:42:42
(基隆)亞捷汽車租賃股份有限公司,BA0100038,BA,臺北市,士林區,臺北市士林區中正路499號1樓,121.5097732544,25.069278717,B,社區式交通接送服務(BD03),基隆市,中正區;七堵區;暖暖區;仁愛區;中山區;安樂區;信義區,02-28826780分機595,yj2020@csgroup-bus.com.tw,呂奇龍,20250101.0,20271231.0,20250305 13:47:58
鈺心股份有限公司附設新北市私立蘆洲集賢社區長照機構,2R0200016,2,新北市,蘆洲區,新北市蘆洲區集賢路245號3樓,121.4816207886,25.0848293304,B,日間照顧服務,新北市,三重區;蘆洲區;五股區;泰山區,82853333,luzhou201601@gmail.com,林桂惠,20250101.0,20271231.0,20241218 14:48:38
鈺心股份有限公司附設新北市私立蘆洲集賢社區長照機構,2R0200016,2,新北市,蘆洲區,新北市蘆洲區集賢路245號3樓,121.4816207886,25.0848293304,B,喘息服務,新北市,三重區;蘆洲區;五股區;泰山區,82853333,luzhou201601@gmail.com,林桂惠,20250101.0,20271231.0,20241218 14:49:12
善誠健康事業股份有限公司附設新北市私立林口善誠社區長照機構,2V0200006,2,新北市,林口區,新北市林口區湖南里文化三路二段298號1樓,121.377166748,25.0834999084,B,喘息服務,新北市,五股區;泰山區;林口區;八里區,86019640,ltcservice@suncherish.com.tw,林仁德,20250101.0,20271231.0,20241220 10:05:18
天使居長照財團法人附設新北市私立天使居居家長照機構,1S0200021,1,新北市,林口區,新北市林口區東勢里文化一路一段150之2號,121.3787765503,25.0720329285,B,居家服務,新北市,泰山區;林口區,26006088,machun786@gmail.com,姚霽光,20250101.0,20271231.0,20241223 15:27:48
新北市私立吉家居家長照機構,1X0200129,1,新北市,板橋區,新北市板橋區四維路291巷4弄12號1樓,121.4623641968,25.0285282135,B,喘息服務,新北市,板橋區;三重區,02-2258-3776,jijia.hc@gmail.com,陳安宇,20250101.0,20271231.0,20241219 14:51:39
新北市中和區莒東社區發展協會(社照C),BF0200251,BF,新北市,中和區,新北市中和區民有里民享街37號2樓,121.4741287231,25.003572464,C,巷弄長照站,新北市,中和區,0953479779,sel3934@gmail.com,吳育舟,20230101.0,20231231.0,20230316 11:14:14
樺屋長照有限公司附設新北市私立樺屋居家長照機構,1V0200090,1,新北市,中和區,新北市中和區景平路666號3樓(306室),121.4527893066,25.0452613831,B,居家服務,新北市,中和區;永和區;新莊區,0912151586,yusinadvisor@gmail.com,毛櫻霖,20250101.0,20271231.0,20241225 14:20:43
新北市雲彩全人關懷協會(三峽站)(社照C),BF0200255,BF,新北市,三峽區,新北市三峽區永舘里復興路31號,121.3735351562,24.9363765717,C,巷弄長照站,新北市,三峽區,0920207758,lchyuan45@gmail.com,林慕平,20240101.0,20241231.0,20240707 14:41:50
社團法人中華長照協會附設新北市私立永恩居家長照機構,1R0200062,1,新北市,中和區,新北市中和區南山路127巷21號,121.5031661987,24.9974784851,B,居家服務,新北市,中和區;永和區,2921-2212,chxclc002@gmail.com,金浩鑫,20250101.0,20271231.0,20241227 08:32:32
社團法人中華民國士林靈糧堂社會福利協會附設新北市私立三芝綜合長照機構,4R0200002,4,新北市,三芝區,新北市三芝區埔坪里民生街31號1樓,121.5035629272,25.256401062,A,個案管理服務,新北市,三芝區;石門區,02-26561700,sanzhi@slsc.org.tw,劉群茂,20250101.0,20250630.0,20241231 16:39:04
欣庭有限公司附設新北市私立欣庭居家長照機構,1V0200094,1,新北市,林口區,新北市林口區湖南里仁愛路二段502號13樓1305C室,121.3754348755,25.0764636993,B,喘息服務,新北市,林口區,02-7752-2509,ting1085@gmail.com,邱薏庭,20250101.0,20271231.0,20241217 14:26:13
資深國明股份有限公司附設新北市私立國明居家長照機構,1V0200083,1,新北市,新莊區,新北市新莊區中華路二段7號5樓(YS-5401室),121.4706192017,25.0144271851,B,喘息服務,新北市,板橋區;三重區;新莊區,0917-562-010,guomingcare@gmail.com,曹森棟,20250101.0,20271231.0,20241217 15:12:45
資深國明股份有限公司附設新北市私立國明居家長照機構,1V0200083,1,新北市,新莊區,新北市新莊區中華路二段7號5樓(YS-5401室),121.4706192017,25.0144271851,B,居家服務,新北市,板橋區;三重區;新莊區,0917-562-010,guomingcare@gmail.com,曹森棟,20250101.0,20271231.0,20241217 15:12:12
新北市淡水區中和里辦公處(社照C),BG0200057,BG,新北市,淡水區,新北市淡水區中和里小中寮12-5號1樓,121.4861068726,25.231760025,C,巷弄長照站,新北市,淡水區,02-2801-3232,none@none,王文輝,20220501.0,20231231.0,20230628 15:18:07
德力居家有限公司附設臺北市私立德力居家長照機構,1V0100040,1,臺北市,信義區,臺北市信義區忠孝東路5段482號14樓之3,121.5779953003,25.0405979156,B,居家服務,臺北市,松山區;信義區;大安區,0978-634-913,deli.dailycare@gmail.com,蔡宗棋,20240101.0,20261231.0,20231229 11:00:08
德力居家有限公司附設臺北市私立德力居家長照機構,1V0100040,1,臺北市,信義區,臺北市信義區忠孝東路5段482號14樓之3,121.5779953003,25.0405979156,B,居家服務,臺北市,松山區;信義區;大安區,0978-634-913,deli.dailycare@gmail.com,蔡宗棋,20221121.0,20231231.0,20221121 14:08:47
明倉健康事業股份有限公司附設新北市私立明倉居家長照機構,1R0200056,1,新北市,林口區,新北市林口區麗林里忠孝路376巷53號1樓,121.3683395386,25.0703430176,B,居家服務,新北市,板橋區;新莊區;樹林區;五股區;泰山區;林口區,02-2609-6468,mingcangcare@gmail.com,黃周月桂,20250101.0,20271231.0,20241218 14:53:29
新北市土城區青雲里辦公處(社照C),BG0200055,BG,新北市,土城區,新北市土城區青雲里清水路141巷18號B1,,,C,巷弄長照站,新北市,土城區,02-2265-9858,stanleychen540820@gmail.com,廖特青,20220901.0,20221231.0,20220929 11:51:28
衛生福利部基隆醫院附設南港綜合長照機構,4A0100001,4,臺北市,南港區,臺北市南港區南港路二段78號3-5樓,121.6034469604,25.053981781,B,日間照顧服務,臺北市,松山區;信義區;大安區;中山區;中正區;大同區;萬華區;文山區;南港區;內湖區;士林區;北投區,02-24292525,ngltc@kln.mohw.gov.tw,林三齊,20240101.0,20261231.0,20240102 18:59:19
優活健康顧問有限公司附設臺北市私立優活居家長照機構,1R0100045,1,臺北市,文山區,臺北市文山區景福街133巷30號1樓,121.5733566284,24.9896755219,B,喘息服務,臺北市,信義區;大安區;文山區,02-2933-6682,cynthia5434@gmail.com,林亭如,20250101.0,20261231.0,20241106 19:35:23
衛生福利部基隆醫院附設南港綜合長照機構,4A0100001,4,臺北市,南港區,臺北市南港區南港路二段78號3-5樓,121.6034469604,25.053981781,B,日間照顧服務,臺北市,松山區;信義區;大安區;中山區;中正區;大同區;萬華區;文山區;南港區;內湖區;士林區;北投區,02-24292525,ngltc@kln.mohw.gov.tw,林三齊,20221124.0,20231231.0,20230202 13:32:53
優活健康顧問有限公司附設臺北市私立優活居家長照機構,1R0100045,1,臺北市,文山區,臺北市文山區景福街133巷30號1樓,121.5733566284,24.9896755219,B,喘息服務,臺北市,信義區;大安區;文山區,02-2933-6682,cynthia5434@gmail.com,林亭如,20221123.0,20241231.0,20221229 22:33:26
新北市私立新頤居家長照機構,1X0200125,1,新北市,蘆洲區,新北市蘆洲區仁愛街116號1樓,121.4697647095,25.0951900482,B,喘息服務,新北市,三重區;新莊區;蘆洲區;五股區;泰山區;八里區,0955867597,sinyi2022168@gmail.com,陳美華,20250101.0,20271231.0,20241223 11:38:36
駿騰物理治療所,B40200032,B4,新北市,土城區,新北市土城區青雲路352之1號1樓,121.458442688,24.9744186401,B,專業照護服務(CC01),新北市,板橋區;中和區;永和區;土城區;深坑區;石碇區;坪林區;貢寮區;金山區;萬里區,02-22651268,junteng1070601@gmail.com,楊儒鈞,20250101.0,20271231.0,20241216 15:13:59
新北市私立棠菓居家長照機構,1X0200128,1,新北市,板橋區,新北市板橋區中山路一段293之1號10樓之1(A09室),121.4706420898,25.0144062042,B,喘息服務,新北市,板橋區;中和區;土城區,0952814036,candy2022888@gmail.com,陳又襄,20250101.0,20271231.0,20241225 11:58:00
康和文山樂活股份有限公司附設臺北市私立杏花學塾社區長照機構,2V0100007,2,臺北市,文山區,臺北市文山區辛亥路4段128-1號2樓,121.5566864014,25.0051784515,B,喘息服務,臺北市,松山區;信義區;大安區;中山區;中正區;大同區;萬華區;文山區;南港區;內湖區;士林區;北投區,29356802,wsflower128@gmail.com,蔡淑芬,20250101.0,20261231.0,20241120 15:12:58
新北市五股區五股社區發展協會,BF0200246,BF,新北市,五股區,新北市五股區民義里工商路127號1樓,121.4610443115,25.0203838348,C,巷弄長照站,新北市,五股區,02-22911677,a0956704015@yahoo.com.tw,紀順鎰,20220101.0,20221231.0,20221003 09:35:29
新北市私立新頤居家長照機構,1X0200125,1,新北市,蘆洲區,新北市蘆洲區仁愛街116號1樓,121.4697647095,25.0951900482,B,居家服務,新北市,三重區;新莊區;蘆洲區;五股區;泰山區;八里區,0955867597,sinyi2022168@gmail.com,陳美華,20250101.0,20271231.0,20241223 11:37:49
駿騰物理治療所,B40200032,B4,新北市,土城區,新北市土城區青雲路352之1號1樓,121.458442688,24.9744186401,B,專業照護服務,新北市,板橋區;中和區;永和區;土城區;深坑區;石碇區;坪林區;貢寮區;金山區;萬里區,02-22651268,junteng1070601@gmail.com,楊儒鈞,20250101.0,20271231.0,20241216 15:11:03
駿騰物理治療所,B40200032,B4,新北市,土城區,新北市土城區青雲路352之1號1樓,121.458442688,24.9744186401,B,專業照護服務(CC01),新北市,板橋區;三重區;中和區;永和區;新莊區;新店區;樹林區;鶯歌區;三峽區;淡水區;汐止區;瑞芳區;土城區;蘆洲區;五股區;泰山區;林口區;深坑區;石碇區;坪林區;三芝區;石門區;八里區;平溪區;雙溪區;貢寮區;金山區;萬里區;烏來區,02-22651268,junteng1070601@gmail.com,楊儒鈞,20221101.0,20241231.0,20230802 17:19:14
康和文山樂活股份有限公司附設臺北市私立杏花學塾社區長照機構,2V0100007,2,臺北市,文山區,臺北市文山區辛亥路4段128-1號2樓,121.5566864014,25.0051784515,B,小規模多機能服務,臺北市,松山區;信義區;大安區;中山區;中正區;大同區;萬華區;文山區;南港區;內湖區;士林區;北投區,29356802,wsflower128@gmail.com,蔡淑芬,20250101.0,20261231.0,20250204 15:54:05
寶安健康有限公司附設臺北市私立鑫安居家長照機構,1R0100047,1,臺北市,文山區,臺北市文山區興隆路三段206巷10弄1號,121.5578918457,24.9965229034,B,居家服務,新北市,中和區;永和區;新店區,02-2230-3056,baoan206101@gmail.com,廖麗如,20250101.0,20271231.0,20241225 09:28:19
寶安健康有限公司附設臺北市私立鑫安居家長照機構,1R0100047,1,臺北市,文山區,臺北市文山區興隆路三段206巷10弄1號,121.5578918457,24.9965229034,B,喘息服務,新北市,中和區;永和區;新店區,02-2230-3056,baoan206101@gmail.com,廖麗如,20250101.0,20271231.0,20241225 09:28:47
寶安健康有限公司附設臺北市私立鑫安居家長照機構,1R0100047,1,臺北市,文山區,臺北市文山區興隆路三段206巷10弄1號,121.5578918457,24.9965229034,B,居家服務,臺北市,文山區,02-2230-3056,baoan206101@gmail.com,廖麗如,20240101.0,20261231.0,20231229 16:27:55
康和文山樂活股份有限公司附設臺北市私立杏花學塾社區長照機構,2V0100007,2,臺北市,文山區,臺北市文山區辛亥路4段128-1號2樓,121.5566864014,25.0051784515,B,小規模多機能服務,臺北市,松山區;信義區;大安區;中山區;中正區;大同區;萬華區;文山區;南港區;內湖區;士林區;北投區,29356802,wsflower128@gmail.com,蔡淑芬,20221222.0,20241231.0,20221226 18:33:26
利鎮物業管理顧問有限公司附設新北市私立淡水義山綜合長照機構,4R0200004,4,新北市,淡水區,新北市淡水區奎柔山路3號1樓,121.4499664307,25.2068138123,B,喘息服務,新北市,淡水區,0932908325,coco.a5340@gmail.com,張萬利,20250101.0,20271231.0,20241218 14:31:46
新北市私立棠菓居家長照機構,1X0200128,1,新北市,板橋區,新北市板橋區中山路一段293之1號10樓之1(A09室),121.4706420898,25.0144062042,B,居家服務,新北市,板橋區;中和區;土城區,0952814036,candy2022888@gmail.com,陳又襄,20250101.0,20271231.0,20241225 11:57:35
康和文山樂活股份有限公司附設臺北市私立杏花學塾社區長照機構,2V0100007,2,臺北市,文山區,臺北市文山區辛亥路4段128-1號2樓,121.5566864014,25.0051784515,B,喘息服務,臺北市,松山區;信義區;大安區;中山區;中正區;大同區;萬華區;文山區;南港區;內湖區;士林區;北投區,29356802,wsflower128@gmail.com,蔡淑芬,20230330.0,20240331.0,20230330 11:17:17
寶安健康有限公司附設臺北市私立鑫安居家長照機構,1R0100047,1,臺北市,文山區,臺北市文山區興隆路三段206巷10弄1號,121.5578918457,24.9965229034,B,居家服務,臺北市,文山區,02-2230-3056,baoan206101@gmail.com,廖麗如,20230508.0,20231231.0,20230510 12:02:53
利鎮物業管理顧問有限公司附設新北市私立淡水義山綜合長照機構,4R0200004,4,新北市,淡水區,新北市淡水區奎柔山路3號1樓,121.4499664307,25.2068138123,B,日間照顧服務,新北市,淡水區,0932908325,coco.a5340@gmail.com,張萬利,20250101.0,20271231.0,20241218 14:31:24
新英格蘭診所,B20100110,B2,臺北市,中山區,臺北市中山區中山區松江路396號,121.4991760254,25.1311435699,B,居家失能個案家庭醫師照護服務,臺北市,松山區;信義區;大安區;中山區;中正區;大同區;萬華區;文山區;南港區;內湖區;士林區;北投區,02-2596-6008,pj@neclinic.com,黃柏榮,20201026.0,20241231.0,20230612 14:35:42
崇文診所,B20200254,B2,新北市,鶯歌區,新北市鶯歌區國慶街141號,121.3509674072,24.9535503387,B,居家失能個案家庭醫師照護服務,新北市,樹林區;鶯歌區;三峽區;土城區,02-26783366,lonepair0529@gmail.com,陳仰霖,20250101.0,20271231.0,20250113 16:37:25
奇恩健康有限公司附設臺北市私立翔旭居家長照機構,1R0100051,1,臺北市,大同區,臺北市大同區寧夏路23-1號2樓206室,121.5151367188,25.0551662445,B,居家服務,臺北市,信義區;大安區;大同區,0955-568486,xiangxu1120301@gmail.com,馮兆筠,20231116.0,20231231.0,20231120 11:20:11
邦鄰居家服務有限公司附設新北市私立邦鄰居家長照機構,1R0200059,1,新北市,中和區,新北市中和區健康路89號3樓,121.4879379272,25.0002422333,B,喘息服務,新北市,板橋區;中和區;永和區;新店區,8228-1850,banglin808080@gmail.com,吳銀蓮,20250101.0,20271231.0,20241218 12:00:41
仁合健康事業有限公司附設新北市私立仁合居家長照機構,1R0200058,1,新北市,板橋區,新北市板橋區長安街331巷30號1樓,121.4738693237,25.0127162933,B,居家服務,新北市,板橋區;三重區;中和區;永和區;土城區;五股區,2951-5789,Renhelc2022@gmail.com,沈佩曄,20250101.0,20271231.0,20241218 11:22:03
(基隆)金旺租賃有限公司,BA0100039,BA,臺北市,松山區,臺北市松山區南京東路四段197號7樓,121.5569610596,25.0517578125,B,社區式交通接送服務(BD03),基隆市,中正區;七堵區;暖暖區;仁愛區;中山區;安樂區;信義區,0958-381985,aswishcares@gmail.com,盧逸穎,20250101.0,20271231.0,20250324 11:22:07
吉雅健康股份有限公司附設新北市私立樂心居家長照機構,1R0200061,1,新北市,永和區,新北市永和區福和路159號3樓,121.520401001,25.0076236725,B,喘息服務,新北市,中和區;永和區;新店區,2922-1368,lyne.chiu@gmail.com,邱麗餘,20250101.0,20271231.0,20241218 11:11:00
稻香居家護理所(委託臺北榮民總醫院經營管理),B10100069,B1,臺北市,北投區,臺北市北投區稻香路81號,121.4892883301,25.1409130096,B,居家失能個案家庭醫師照護服務,臺北市,士林區;北投區,02-2895-6015,ccli2@vghtpe.gov.tw,李淑娟,20230906.0,20241231.0,20230928 19:17:47
稻香居家護理所(委託臺北榮民總醫院經營管理),B10100069,B1,臺北市,北投區,臺北市北投區稻香路81號,121.4892883301,25.1409130096,B,專業照護服務,臺北市,士林區;北投區,02-2895-6015,ccli2@vghtpe.gov.tw,李淑娟,20250101.0,20261231.0,20241030 09:48:18
稻香居家護理所(委託臺北榮民總醫院經營管理),B10100069,B1,臺北市,北投區,臺北市北投區稻香路81號,121.4892883301,25.1409130096,B,居家失能個案家庭醫師照護服務,臺北市,士林區;北投區,02-2895-6015,ccli2@vghtpe.gov.tw,李淑娟,20250101.0,20261231.0,20241030 09:49:04
新北市平溪區南山社區發展協會(社照C),BF0200252,BF,新北市,平溪區,新北市平溪區南山里靜安路三段232號,121.7762756348,25.0394001007,C,巷弄長照站,新北市,平溪區,2495-1510,wendy70612@gmail.com,劉清榮,20230301.0,20231231.0,20230328 16:02:28
中化銀髮事業股份有限公司附設臺北市私立暖時光社區長照機構,2S0100027,2,臺北市,中山區,臺北市中山區長安東路二段131-1號1-3樓及131-2號2-3樓,121.5361633301,25.0485057831,B,日間照顧服務,臺北市,松山區;信義區;大安區;中山區;中正區;大同區;萬華區;文山區;南港區;內湖區;士林區;北投區,0978511719,kate.chang@ccpc.com.tw,王謝怡貞,20240101.0,20261231.0,20240104 16:13:05
善誠健康事業股份有限公司附設新北市私立林口善誠社區長照機構,2V0200006,2,新北市,林口區,新北市林口區湖南里文化三路二段298號1樓,121.377166748,25.0834999084,B,日間照顧服務,新北市,五股區;泰山區;林口區;八里區,86019640,ltcservice@suncherish.com.tw,林仁德,20250101.0,20271231.0,20241220 10:04:36
天使居長照財團法人附設新北市私立天使居居家長照機構,1S0200021,1,新北市,林口區,新北市林口區東勢里文化一路一段150之2號,121.3787765503,25.0720329285,B,喘息服務,新北市,泰山區;林口區,26006088,machun786@gmail.com,姚霽光,20250101.0,20271231.0,20241223 15:28:09
樺屋長照有限公司附設新北市私立樺屋居家長照機構,1V0200090,1,新北市,中和區,新北市中和區景平路666號3樓(306室),121.4527893066,25.0452613831,B,喘息服務,新北市,中和區;永和區;新莊區,0912151586,yusinadvisor@gmail.com,毛櫻霖,20250101.0,20271231.0,20241225 14:21:21
社團法人臺灣大米一山健康促進協會,BE0200087,BE,新北市,中和區,新北市中和區立德街204號3樓,121.4845809937,25.0094947815,B,營養餐飲服務,新北市,中和區,86686651,liinhomecare@gmail.com,周惠貞,20230206.0,20241231.0,20230210 10:23:20
社團法人臺灣大米一山健康促進協會,BE0200087,BE,新北市,中和區,新北市中和區立德街204號3樓,121.4845809937,25.0094947815,B,營養餐飲服務,新北市,中和區,86686651,liinhomecare@gmail.com,周惠貞,20250101.0,20250131.0,20250122 14:33:17
惠安護康科技有限公司附設臺北市私立惠安居家長照機構,1R0100050,1,臺北市,文山區,臺北市文山區興隆路2段86巷2號1樓,121.5484313965,24.9998111725,B,喘息服務,臺北市,松山區;信義區;大安區;中山區;中正區;大同區;萬華區;文山區;南港區;內湖區;士林區;北投區,0952-654002,vicky6575@gmail.com,詹益發,20230525.0,20241231.0,20230525 10:48:07
仁合健康事業有限公司附設新北市私立仁合居家長照機構,1R0200058,1,新北市,板橋區,新北市板橋區長安街331巷30號1樓,121.4738693237,25.0127162933,B,喘息服務,新北市,板橋區;三重區;中和區;永和區;土城區;五股區,2951-5789,Renhelc2022@gmail.com,沈佩曄,20250101.0,20271231.0,20241218 11:22:32
德力居家有限公司附設臺北市私立德力居家長照機構,1V0100040,1,臺北市,信義區,臺北市信義區忠孝東路5段482號14樓之3,121.5779953003,25.0405979156,B,喘息服務,臺北市,松山區;信義區;大安區,0978-634-913,deli.dailycare@gmail.com,蔡宗棋,20221108.0,20241231.0,20221229 22:48:47
德力居家有限公司附設臺北市私立德力居家長照機構,1V0100040,1,臺北市,信義區,臺北市信義區忠孝東路5段482號14樓之3,121.5779953003,25.0405979156,B,喘息服務,臺北市,松山區;信義區;大安區,0978-634-913,deli.dailycare@gmail.com,蔡宗棋,20250101.0,20261231.0,20241120 15:33:24
新北市蘆洲區永樂里辦公處(社照C),BF0200247,BF,新北市,蘆洲區,新北市蘆洲區永樂里永樂街38巷57弄30號,121.4571609497,25.0912303925,C,巷弄長照站,新北市,蘆洲區,0933733246,lili7477@yahoo.com.tw,李麗文,20220501.0,20221231.0,20221004 13:59:24
優活健康顧問有限公司附設臺北市私立優活居家長照機構,1R0100045,1,臺北市,文山區,臺北市文山區景福街133巷30號1樓,121.5733566284,24.9896755219,B,居家服務,臺北市,信義區;大安區;文山區,02-2933-6682,cynthia5434@gmail.com,林亭如,20230322.0,20231231.0,20230322 10:02:31
優活健康顧問有限公司附設臺北市私立優活居家長照機構,1R0100045,1,臺北市,文山區,臺北市文山區景福街133巷30號1樓,121.5733566284,24.9896755219,B,居家服務,臺北市,信義區;大安區;文山區,02-2933-6682,cynthia5434@gmail.com,林亭如,20240101.0,20261231.0,20231229 16:25:46
社團法人台灣幸扶公益協會(社照C),BF0200249,BF,新北市,汐止區,新北市汐止區新昌里仁愛路318號,121.6648635864,25.0675411224,C,巷弄長照站,新北市,汐止區,0226919122,happinesshelpxizhi@gmail.com,鄭正,20240201.0,20241231.0,20240516 15:55:02
惠安護康科技有限公司附設臺北市私立惠安居家長照機構,1R0100050,1,臺北市,文山區,臺北市文山區興隆路2段86巷2號1樓,121.5484313965,24.9998111725,B,居家服務,臺北市,大安區;文山區,0952-654002,vicky6575@gmail.com,詹益發,20230906.0,20231231.0,20230906 15:24:10
惠安護康科技有限公司附設臺北市私立惠安居家長照機構,1R0100050,1,臺北市,文山區,臺北市文山區興隆路2段86巷2號1樓,121.5484313965,24.9998111725,B,居家服務,臺北市,大安區;文山區,0952-654002,vicky6575@gmail.com,詹益發,20240101.0,20261231.0,20231229 16:29:29
築燭有限公司附設新北市私立心地居家長照機構,1R0200060,1,新北市,中和區,新北市中和區健康路89號3樓11室,121.4879379272,25.0002422333,B,喘息服務,新北市,中和區,7752-2588,ouyang8574@gmail.com,游寶蓮,20250101.0,20271231.0,20241203 14:03:50
築燭有限公司附設新北市私立心地居家長照機構,1R0200060,1,新北市,中和區,新北市中和區健康路89號3樓11室,121.4879379272,25.0002422333,B,居家服務,新北市,中和區,7752-2588,ouyang8574@gmail.com,游寶蓮,20250101.0,20271231.0,20241203 14:02:34
新北市私立馨中居家長照機構,1X0200133,1,新北市,鶯歌區,新北市鶯歌區信義街54號1樓,121.3532485962,24.9551773071,B,居家服務,新北市,樹林區;鶯歌區;三峽區,0902389689,a86862039@gmail.com, 陳彥璁,20250101.0,20271231.0,20241219 11:17:01
駿騰物理治療所,B40200032,B4,新北市,土城區,新北市土城區青雲路352之1號1樓,121.458442688,24.9744186401,B,專業照護服務,新北市,板橋區;中和區;永和區;土城區;深坑區;石碇區;坪林區;貢寮區;金山區;萬里區,02-22651268,junteng1070601@gmail.com,楊儒鈞,20221101.0,20241231.0,20221107 08:31:53
新北市私立馨中居家長照機構,1X0200133,1,新北市,鶯歌區,新北市鶯歌區信義街54號1樓,121.3532485962,24.9551773071,B,喘息服務,新北市,樹林區;鶯歌區;三峽區,0902389689,a86862039@gmail.com, 陳彥璁,20250101.0,20271231.0,20241219 11:17:31
利鎮物業管理顧問有限公司附設新北市私立淡水義山綜合長照機構,4R0200004,4,新北市,淡水區,新北市淡水區奎柔山路3號1樓,121.4499664307,25.2068138123,B,居家服務,新北市,淡水區,0932908325,coco.a5340@gmail.com,張萬利,20250101.0,20271231.0,20241218 14:31:07
(基隆)金旺租賃有限公司,BA0100039,BA,臺北市,松山區,臺北市松山區南京東路四段197號7樓,121.5569610596,25.0517578125,B,交通接送服務(DA01),基隆市,中正區;七堵區;暖暖區;仁愛區;中山區;安樂區;信義區,0958-381985,aswishcares@gmail.com,盧逸穎,20250101.0,20271231.0,20250324 11:22:07
沃恩有限公司附設臺北市私立耆樂居家長照機構,1R0100054,1,臺北市,內湖區,臺北市內湖區湖元里成功路2段171號1樓,121.5907058716,25.0661487579,B,居家服務,臺北市,南港區;內湖區,02-27946676,w27946676@gmail.com,林顯寬,20240101.0,20261231.0,20231229 10:10:16
沃恩有限公司附設臺北市私立耆樂居家長照機構,1R0100054,1,臺北市,內湖區,臺北市內湖區湖元里成功路2段171號1樓,121.5907058716,25.0661487579,B,喘息服務,臺北市,南港區;內湖區,02-27946676,w27946676@gmail.com,林顯寬,20250101.0,20261231.0,20241106 19:46:26
悠藝股份有限公司附設臺北市私立悠藝居家長照機構,1V0100043,1,臺北市,中正區,臺北市中正區南福里南昌路2段206號3樓之1,121.524307251,25.0240364075,B,居家服務,臺北市,大安區;中正區;萬華區,02-23650157,yoyicare.hs@gmail.com,吳國豪,20230627.0,20231231.0,20230629 09:04:06
沃恩有限公司附設臺北市私立耆樂居家長照機構,1R0100054,1,臺北市,內湖區,臺北市內湖區湖元里成功路2段171號1樓,121.5907058716,25.0661487579,B,居家服務,臺北市,南港區;內湖區,02-27946676,w27946676@gmail.com,林顯寬,20230706.0,20231231.0,20230714 17:36:11
沃恩有限公司附設臺北市私立耆樂居家長照機構,1R0100054,1,臺北市,內湖區,臺北市內湖區湖元里成功路2段171號1樓,121.5907058716,25.0661487579,B,喘息服務,臺北市,南港區;內湖區,02-27946676,w27946676@gmail.com,林顯寬,20231106.0,20241231.0,20231107 11:37:33
福鷺社會企業有限公司附設新北市私立福鷺居家長照機構,1V0200093,1,新北市,蘆洲區,新北市蘆洲區復興路105巷7號,121.4764175415,25.0882282257,B,居家服務,新北市,三重區;蘆洲區;五股區,8285-8300,fuluhomecare@gmail.com,張凱智,20250101.0,20271231.0,20241219 10:31:08
善誠健康事業股份有限公司附設新北市私立林口善誠居家長照機構,1V0200082,1,新北市,林口區,新北市林口區湖南里文化三路二段77巷29號1樓,121.3735275269,25.0804481506,B,喘息服務,新北市,五股區;泰山區;林口區,02-27392222#3706,ltcservice@suncherish.com.tw,林仁德,20250101.0,20271231.0,20250205 14:45:44
新北市村里長交流協會(社照C),BF0200243,BF,新北市,板橋區,新北市板橋區介壽里民生路2段119號,121.4710998535,25.018699646,C,巷弄長照站,新北市,板橋區,02-2250-0698,sasha129@ms47.hinet.net,林華偉,20240101.0,20241231.0,20240531 21:18:46
社團法人中華民國士林靈糧堂社會福利協會附設新北市私立三重興穀社區長照機構,2R0200014,2,新北市,三重區,新北市三重區五谷里五谷王北街48巷18號1樓,121.4751739502,25.050775528,B,喘息服務,新北市,板橋區;三重區;新莊區;蘆洲區;五股區;泰山區,22789015,triple@slsc.org.tw,劉群茂,20250101.0,20271231.0,20250103 11:43:13
好日居家長照有限公司附設新北市私立好日居家長照機構,1X0200124,1,新北市,蘆洲區,新北市蘆洲區中山一路161號3樓R05室,121.475479126,25.0814914703,B,喘息服務,新北市,三重區;蘆洲區;五股區,8286-7492 ,Hozidays111@gmail.com,陳瓊怡,20250101.0,20271231.0,20241223 14:18:31
潤田健康有限公司附設臺北市私立潤田居家長照機構,1V0100041,1,臺北市,中正區,臺北市中正區龍福里湖口街1之3號1樓,121.5150299072,25.0327758789,B,居家服務,臺北市,大安區;中正區;大同區,02-23435882,runtian0510@gmail.com,江錦珍,20230505.0,20231231.0,20230509 09:26:08
稻香居家護理所(委託臺北榮民總醫院經營管理),B10100069,B1,臺北市,北投區,臺北市北投區稻香路81號,121.4892883301,25.1409130096,B,專業照護服務,臺北市,士林區;北投區,02-2895-6015,ccli2@vghtpe.gov.tw,李淑娟,20230501.0,20241231.0,20230502 09:20:36
潤田健康有限公司附設臺北市私立潤田居家長照機構,1V0100041,1,臺北市,中正區,臺北市中正區龍福里湖口街1之3號1樓,121.5150299072,25.0327758789,B,喘息服務,臺北市,松山區;信義區;大安區;中正區;大同區;萬華區;文山區,02-23435882,runtian0510@gmail.com,江錦珍,20230414.0,20241231.0,20241105 10:59:55
玖龍國際有限公司,BA0200034,BA,新北市,汐止區,新北市汐止區新台五路一段188號4樓之1,121.6550369263,25.0626392365,B,交通接送服務,新北市,淡水區;三芝區;石門區;金山區;萬里區,02-26382119,jiesen3536@gmail.com,江薏如,20250101.0,20271231.0,20241224 14:25:05
瑞禾長照有限公司附設私立春江居家長照機構,1R0100053,1,臺北市,中山區,臺北市中山區松江里松江路293之705號(G室),121.531036377,25.0517597198,B,居家服務,臺北市,中山區;內湖區;士林區,02-66236828,Chunjiang@Ruihe.tw,周佳呈,20240101.0,20261231.0,20231229 10:48:11
中華民國體育運動教練協會(社照C),BF0200254,BF,新北市,三峽區,新北市三峽區鳶山里大勇路18之2號3樓、18之3號3樓,121.3669281006,24.9379749298,C,巷弄長照站,新北市,三峽區,0910315119,A098619867245@gmail.com,許美榛,20240101.0,20241231.0,20240707 14:44:32
欣庭有限公司附設新北市私立欣庭居家長照機構,1V0200094,1,新北市,林口區,新北市林口區湖南里仁愛路二段502號13樓1305C室,121.3754348755,25.0764636993,B,居家服務,新北市,林口區,02-7752-2509,ting1085@gmail.com,邱薏庭,20250101.0,20271231.0,20241217 14:25:52
社團法人中華長照協會附設新北市私立永恩居家長照機構,1R0200062,1,新北市,中和區,新北市中和區南山路127巷21號,121.5031661987,24.9974784851,B,喘息服務,新北市,中和區;永和區,2921-2212,chxclc002@gmail.com,金浩鑫,20250101.0,20271231.0,20241227 08:32:55
臺北市政府衛生局委託臺北榮民總醫院經營管理稻陣社區長照機構,2B0100002,2,臺北市,北投區,臺北市北投區稻香路81號5樓,121.4892883301,25.1409130096,B,小規模多機能服務,臺北市,松山區;信義區;大安區;中山區;中正區;大同區;萬華區;文山區;南港區;內湖區;士林區;北投區,02-28958576,daoxiangfacility@gmail.com,陳威明,20240101.0,20261231.0,20240102 11:21:21
惠安護康科技有限公司附設臺北市私立惠安居家長照機構,1R0100050,1,臺北市,文山區,臺北市文山區興隆路2段86巷2號1樓,121.5484313965,24.9998111725,B,喘息服務,臺北市,松山區;信義區;大安區;中山區;中正區;大同區;萬華區;文山區;南港區;內湖區;士林區;北投區,0952-654002,vicky6575@gmail.com,詹益發,20250101.0,20261231.0,20241104 17:49:01
三木居家長照有限公司附設新北市私立三木居家長照機構,1R0200064,1,新北市,永和區,新北市永和區中山路一段24號2樓(A05室),121.5138397217,25.0106086731,B,居家服務,新北市,板橋區;三重區;中和區;永和區;新莊區;新店區;蘆洲區,02-8660-4365,woodhomecare@gmail.com,張貴森,20250101.0,20271231.0,20241203 15:41:05
鴻養銀髮事業股份有限公司附設臺北市私立常耕居家長照機構,1R0100056,1,臺北市,大同區,臺北市大同區酒泉街102號2樓,121.5073318481,25.0846652985,B,居家服務,臺北市,大同區;士林區;北投區,02-2815-1091,cc.mars@gmail.com,凃雅亭,20240101.0,20261231.0,20231229 18:25:14
瑞禾長照有限公司附設私立春江居家長照機構,1R0100053,1,臺北市,中山區,臺北市中山區松江里松江路293之705號(G室),121.531036377,25.0517597198,B,居家服務,臺北市,中山區;內湖區;士林區,02-66236828,Chunjiang@Ruihe.tw,周佳呈,20230630.0,20231231.0,20230706 13:52:53
鴻養銀髮事業股份有限公司附設臺北市私立常耕居家長照機構,1R0100056,1,臺北市,大同區,臺北市大同區酒泉街102號2樓,121.5073318481,25.0846652985,B,居家服務,臺北市,大同區;士林區;北投區,02-2815-1091,cc.mars@gmail.com,凃雅亭,20231004.0,20231231.0,20231016 18:18:09
鴻養銀髮事業股份有限公司附設臺北市私立常耕居家長照機構,1R0100056,1,臺北市,大同區,臺北市大同區酒泉街102號2樓,121.5073318481,25.0846652985,B,喘息服務,臺北市,大同區;士林區;北投區,02-2815-1091,cc.mars@gmail.com,凃雅亭,20231002.0,20241231.0,20231003 09:50:55
潤田健康有限公司附設臺北市私立潤田居家長照機構,1V0100041,1,臺北市,中正區,臺北市中正區龍福里湖口街1之3號1樓,121.5150299072,25.0327758789,B,居家服務,臺北市,大安區;中正區;大同區,02-23435882,runtian0510@gmail.com,江錦珍,20240101.0,20261231.0,20231229 09:56:41
財團法人天下為公社會福利慈善事業基金會附設新北市私立南丁格爾住宿長照機構,3J0200001,3,新北市,汐止區,新北市汐止區大同路三段421號1樓及425號2樓,121.677772522,25.0716876984,B,喘息服務,新北市,板橋區;三重區;中和區;永和區;新莊區;新店區;樹林區;鶯歌區;三峽區;淡水區;汐止區;瑞芳區;土城區;蘆洲區;五股區;泰山區;林口區;深坑區;石碇區;坪林區;三芝區;石門區;八里區;平溪區;雙溪區;貢寮區;金山區;萬里區;烏來區,02-86488388,nanting2022@gmail.com,胡世賢,20250101.0,20271231.0,20250109 15:21:45
新北市私立旺福綜合長照機構,4X0200002,4,新北市,貢寮區,新北市貢寮區朝陽街70巷10號1、2樓,121.9094619751,25.0225753784,B,居家服務,新北市,雙溪區;貢寮區,02-89857453,Ping3281113@gmail.com,黃雅萍,20250101.0,20271231.0,20241223 11:26:54
台灣福祉車租賃有限公司,BA0200032,BA,新北市,新莊區,新北市新莊區新泰路502巷6號2樓,121.4427642822,25.0463123322,B,交通接送服務(DA01),桃園市,桃園區;中壢區;大溪區;楊梅區;蘆竹區;大園區;龜山區;八德區;龍潭區;平鎮區;新屋區;觀音區,02-77515349,pomelo93@gmail.com,林垂穎,20230522.0,20261231.0,20250102 09:32:06
鴻養銀髮事業股份有限公司附設臺北市私立常耕居家長照機構,1R0100056,1,臺北市,大同區,臺北市大同區酒泉街102號2樓,121.5073318481,25.0846652985,B,喘息服務,臺北市,大同區;士林區;北投區,02-2815-1091,cc.mars@gmail.com,凃雅亭,20250101.0,20261231.0,20250210 09:59:59
新北市私立晨曦居家長照機構,1X0200126,1,新北市,淡水區,新北市淡水區濱海路3段146號2樓,121.4602661133,25.137462616,B,居家服務,新北市,淡水區,0935884369,chenxi.homecare@gmail.com,李淑芬,20250101.0,20271231.0,20241218 11:25:57
台灣福祉車租賃有限公司,BA0200032,BA,新北市,新莊區,新北市新莊區新泰路502巷6號2樓,121.4427642822,25.0463123322,B,社區式交通接送服務(BD03),新北市,板橋區;三重區;中和區;永和區;新莊區;新店區;樹林區;鶯歌區;三峽區;土城區;蘆洲區;泰山區;深坑區;三芝區;八里區,02-77515349,pomelo93@gmail.com,林垂穎,20250101.0,20271231.0,20241212 16:13:10
優福國際股份有限公司附設臺北市私立優福居家長照機構,1R0100049,1,臺北市,大同區,臺北市大同區延平北路三段4號5樓(521室),121.5115737915,25.0637702942,B,居家服務,新北市,三重區,0976-804-827,ufo90367886@gmail.com,李盛豊,20250101.0,20271231.0,20241223 14:26:45
新北市三重區厚德里辦公處(社照C),BF0200260,BF,新北市,三重區,新北市三重區厚德里三和路三段170巷49號,121.4908370972,25.0726795197,C,巷弄長照站,新北市,三重區,02-29822008,j6rmp4u4571@gmail.com,陳榮楠,20230501.0,20231231.0,20230530 19:28:00
安忻顧問股份有限公司附設新北市私立安忻居家長照機構,1V0200095,1,新北市,板橋區,新北市板橋區中山路二段361號8樓02室,121.4796600342,25.0191516876,B,居家服務,新北市,板橋區,0987-380859,anshin89118185@gmail.com,潘雅尹,20250101.0,20271231.0,20241225 15:26:49
安忻顧問股份有限公司附設新北市私立安忻居家長照機構,1V0200095,1,新北市,板橋區,新北市板橋區中山路二段361號8樓02室,121.4796600342,25.0191516876,B,喘息服務,新北市,板橋區,0987-380859,anshin89118185@gmail.com,潘雅尹,20250101.0,20271231.0,20241225 15:28:11
新北市私立晨曦居家長照機構,1X0200126,1,新北市,淡水區,新北市淡水區濱海路3段146號2樓,121.4602661133,25.137462616,B,喘息服務,新北市,淡水區,0935884369,chenxi.homecare@gmail.com,李淑芬,20250101.0,20271231.0,20241218 11:26:18
社團法人臺灣大米一山健康促進協會附設新北市私立烏來區Rahaw信賢社區長照機構,2R0200015,2,新北市,烏來區,新北市烏來區信福路28號,121.5259857178,24.8365097046,B,日間照顧服務,新北市,板橋區;三重區;中和區;永和區;新莊區;新店區;樹林區;鶯歌區;三峽區;淡水區;汐止區;土城區;蘆洲區;五股區;泰山區;林口區;深坑區;石碇區;坪林區;烏來區,8668-6651,liinhomecare@gmail.com,周惠貞,20250101.0,20271231.0,20241217 10:43:46
優福國際股份有限公司附設臺北市私立優福居家長照機構,1R0100049,1,臺北市,大同區,臺北市大同區延平北路三段4號5樓(521室),121.5115737915,25.0637702942,B,喘息服務,臺北市,信義區;大安區;中山區;中正區;大同區;萬華區,0976-804-827,ufo90367886@gmail.com,李盛豊,20250101.0,20261231.0,20241120 13:55:17
詠林長照社團法人附設新北市私立詠林綜合長照機構,4L0200001,4,新北市,淡水區,新北市淡水區竿蓁里中正東路一段111巷20號1至6樓,121.4551239014,25.1608772278,B,喘息服務,新北市,淡水區;五股區;三芝區;八里區,0905692910,a26260766@yahoo.com.tw,黃晟恆,20250101.0,20271231.0,20250113 14:29:44
台灣福祉車租賃有限公司,BA0200032,BA,新北市,新莊區,新北市新莊區新泰路502巷6號2樓,121.4427642822,25.0463123322,B,交通接送服務(DA01),新北市,板橋區;三重區;中和區;永和區;新莊區;新店區;樹林區;鶯歌區;三峽區;土城區;蘆洲區;泰山區;深坑區;三芝區;八里區,02-77515349,pomelo93@gmail.com,林垂穎,20250101.0,20271231.0,20241212 16:13:10
優福國際股份有限公司附設臺北市私立優福居家長照機構,1R0100049,1,臺北市,大同區,臺北市大同區延平北路三段4號5樓(521室),121.5115737915,25.0637702942,B,喘息服務,新北市,三重區,0976-804-827,ufo90367886@gmail.com,李盛豊,20250101.0,20271231.0,20241223 14:27:09
優福國際股份有限公司附設臺北市私立優福居家長照機構,1R0100049,1,臺北市,大同區,臺北市大同區延平北路三段4號5樓(521室),121.5115737915,25.0637702942,B,居家服務,臺北市,大安區;大同區,0976-804-827,ufo90367886@gmail.com,李盛豊,20240101.0,20261231.0,20231229 18:34:37
優福國際股份有限公司附設臺北市私立優福居家長照機構,1R0100049,1,臺北市,大同區,臺北市大同區延平北路三段4號5樓(521室),121.5115737915,25.0637702942,B,喘息服務,臺北市,大安區;中山區;中正區;大同區,0976-804-827,ufo90367886@gmail.com,李盛豊,20230505.0,20231231.0,20230509 16:49:58
優福國際股份有限公司附設臺北市私立優福居家長照機構,1R0100049,1,臺北市,大同區,臺北市大同區延平北路三段4號5樓(521室),121.5115737915,25.0637702942,B,居家服務,臺北市,信義區;大安區;大同區;萬華區,0976-804-827,ufo90367886@gmail.com,李盛豊,20240816.0,20261231.0,20240820 08:39:56
優福國際股份有限公司附設臺北市私立優福居家長照機構,1R0100049,1,臺北市,大同區,臺北市大同區延平北路三段4號5樓(521室),121.5115737915,25.0637702942,B,居家服務,臺北市,大安區;大同區,0976-804-827,ufo90367886@gmail.com,李盛豊,20230505.0,20231231.0,20230509 16:49:58
社團法人臺灣大米一山健康促進協會附設新北市私立烏來區Rahaw信賢社區長照機構,2R0200015,2,新北市,烏來區,新北市烏來區信福路28號,121.5259857178,24.8365097046,B,喘息服務,新北市,板橋區;三重區;中和區;永和區;新莊區;新店區;樹林區;鶯歌區;三峽區;淡水區;汐止區;土城區;蘆洲區;五股區;泰山區;林口區;深坑區;石碇區;坪林區;烏來區,8668-6651,liinhomecare@gmail.com,周惠貞,20250101.0,20271231.0,20241217 10:44:22
陳珀勳診所,B20100109,B2,臺北市,北投區,臺北市北投區明德路85號1樓,121.5187225342,25.1089248657,B,居家失能個案家庭醫師照護服務,臺北市,士林區;北投區,02-2820-6263,pohshin@hotmail.com,陳珀勳,20200101.0,20241231.0,20221230 22:17:48
悠藝股份有限公司附設臺北市私立悠藝居家長照機構,1V0100043,1,臺北市,中正區,臺北市中正區南福里南昌路2段206號3樓之1,121.524307251,25.0240364075,B,居家服務,臺北市,大安區;中正區;萬華區,02-23650157,yoyicare.hs@gmail.com,吳國豪,20240101.0,20261231.0,20231229 10:00:10
陳珀勳診所,B20100109,B2,臺北市,北投區,臺北市北投區明德路85號1樓,121.5187225342,25.1089248657,B,居家失能個案家庭醫師照護服務,臺北市,大同區;士林區,02-2820-6263,pohshin@hotmail.com,陳珀勳,20250101.0,20261231.0,20250204 16:07:59
福鷺社會企業有限公司附設新北市私立福鷺居家長照機構,1V0200093,1,新北市,蘆洲區,新北市蘆洲區復興路105巷7號,121.4764175415,25.0882282257,B,喘息服務,新北市,三重區;蘆洲區;五股區,8285-8300,fuluhomecare@gmail.com,張凱智,20250101.0,20271231.0,20241219 10:31:31
新北市永和區永樂里辦公處(社照C),BG0200059,BG,新北市,永和區,新北市永和區永樂里永和路1段18巷8號1樓,121.5133590698,25.0043792725,C,巷弄長照站,新北市,永和區,0989641423,shiou0408@gmail.com,許政鎧,20230501.0,20231231.0,20230530 20:27:17
沃恩有限公司附設臺北市私立耆樂居家長照機構,1R0100054,1,臺北市,內湖區,臺北市內湖區湖元里成功路2段171號1樓,121.5907058716,25.0661487579,B,喘息服務,臺北市,松山區;信義區;大安區;中山區;內湖區,02-27946676,w27946676@gmail.com,林顯寬,20250101.0,20261231.0,20241106 19:50:30
財團法人私立健順養護中心受託經營管理本市南港老人服務中心,BD0100092,BD,臺北市,南港區,臺北市南港區重陽路187巷5號1、2樓,121.5987014771,25.057723999,B,營養餐飲服務,臺北市,松山區;信義區;大安區;中山區;中正區;大同區;萬華區;文山區;南港區;內湖區;士林區;北投區,26535311,nkelder@gmail.com,黃禎祥,20190101.0,20231231.0,20230512 17:14:42
財團法人恆安社會福利慈善事業基金會,BD0100093,BD,臺北市,大安區,臺北市大安區群賢里和平東路二段295號12樓,121.5421218872,25.0249919891,A,個案管理服務,臺北市,大安區,02-23331955,hanganhomecare@gmail.com,胡世賢,20230101.0,20241231.0,20230626 15:02:15
財團法人恆安社會福利慈善事業基金會,BD0100093,BD,臺北市,大安區,臺北市大安區群賢里和平東路二段295號12樓,121.5421218872,25.0249919891,A,個案管理服務,臺北市,文山區,02-23331955,hanganhomecare@gmail.com,胡世賢,20250101.0,20261231.0,20241231 16:55:12
財團法人恆安社會福利慈善事業基金會,BD0100093,BD,臺北市,大安區,臺北市大安區群賢里和平東路二段295號12樓,121.5421218872,25.0249919891,A,個案管理服務,臺北市,文山區,02-23331955,hanganhomecare@gmail.com,胡世賢,20230101.0,20241231.0,20230605 09:35:02
財團法人恆安社會福利慈善事業基金會,BD0100093,BD,臺北市,大安區,臺北市大安區群賢里和平東路二段295號12樓,121.5421218872,25.0249919891,A,個案管理服務,臺北市,大安區,02-23331955,hanganhomecare@gmail.com,胡世賢,20230101.0,20241231.0,20230626 15:02:33
台灣居護股份有限公司附設新北市私立聯和居家長照機構,1R0200065,1,新北市,中和區,新北市中和區景安路65號2樓,121.4760284424,25.0235729218,B,喘息服務,新北市,中和區;永和區;新店區,8258-8088#168,service@thn-buurtzorg.com,汪秋蓉,20250101.0,20271231.0,20241204 15:45:27
詠林長照社團法人附設新北市私立詠林綜合長照機構,4L0200001,4,新北市,淡水區,新北市淡水區竿蓁里中正東路一段111巷20號1至6樓,121.4551239014,25.1608772278,B,日間照顧服務,新北市,淡水區;五股區;三芝區;八里區,0905692910,a26260766@yahoo.com.tw,黃晟恆,20250101.0,20271231.0,20250113 14:29:17
社團法人中華小兔子新生命協會,BF0200261,BF,新北市,板橋區,新北市板橋區光仁里15鄰中山路二段255巷2號1樓,121.4772262573,25.0178928375,C,巷弄長照站,新北市,板橋區,02-8953-3849,shy54040@yahoo.com.tw,王品幃,20240101.0,20241231.0,20240531 21:26:51
財團法人恆安社會福利慈善事業基金會,BD0100093,BD,臺北市,大安區,臺北市大安區群賢里和平東路二段295號12樓,121.5421218872,25.0249919891,A,個案管理服務,臺北市,大安區,02-23331955,hanganhomecare@gmail.com,胡世賢,20250101.0,20261231.0,20241231 16:56:33
億家人股份有限公司附設新北市私立億家人居家長照機構,1V0200096,1,新北市,新莊區,新北市新莊區立德里中華路一段63巷26號1樓,121.4507217407,25.0395145416,B,居家服務,新北市,板橋區;新莊區;樹林區;五股區,2276-0087,billionfamily2023@gmail.com,杜振強,20250101.0,20271231.0,20241225 15:57:24
臺北市私立衍榕社區長照機構,2X0100013,2,臺北市,信義區,臺北市信義區六合里信義路5段150巷445弄15號,121.5720062256,25.0228290558,B,家庭托顧服務,臺北市,10;15;20;25;30;5;松山區;信義區;大安區;中山區;中正區;大同區;萬華區;文山區;南港區;內湖區;士林區;北投區,0918450137,eden13030@eden.org.tw,謝尾子,20240501.0,20261231.0,20240815 16:35:02
臺北市政府社會局委託財團法人天主教白永恩神父社會福利基金會經營管理稻香身障社區長照機構（日間照顧）,2S0100028,2,臺北市,北投區,臺北市北投區稻香里稻香路81號3樓之1,121.4892883301,25.1409130096,B,日間照顧服務,臺北市,松山區;信義區;大安區;中山區;中正區;大同區;萬華區;文山區;南港區;內湖區;士林區;北投區,2898-8308,beitou-daoxiang@beunen.org.tw,費克強,20230815.0,20241231.0,20230824 12:47:31
天勤健康生活事業有限公司附設臺北市私立天勤居家長照機構,1R0100058,1,臺北市,大安區,臺北市大安區復興南路2段65號6樓之5,121.543800354,25.0306911469,A,個案管理服務,臺北市,大同區,02-2708-0921,tainqin9810@gmail.com,林詠翔,20250101.0,20261231.0,20241231 16:46:13
天勤健康生活事業有限公司附設臺北市私立天勤居家長照機構,1R0100058,1,臺北市,大安區,臺北市大安區復興南路2段65號6樓之5,121.543800354,25.0306911469,B,居家服務,臺北市,松山區;信義區;大安區;大同區;萬華區,02-2708-0921,tainqin9810@gmail.com,林詠翔,20240909.0,20261231.0,20240912 17:10:48
台灣居護股份有限公司附設新北市私立聯和居家長照機構,1R0200065,1,新北市,中和區,新北市中和區景安路65號2樓,121.4760284424,25.0235729218,B,居家服務,新北市,中和區;永和區;新店區,8258-8088#168,service@thn-buurtzorg.com,汪秋蓉,20250101.0,20271231.0,20241204 15:43:33
生活交通有限公司,BA0100042,BA,臺北市,中山區,臺北市中山區民權東路一段55號六樓,121.524887085,25.0629062653,B,交通接送服務(DA01),臺北市,松山區;信義區;大安區;中山區;中正區;大同區;萬華區;文山區;南港區;內湖區;士林區;北投區,02-25997667,pingancar168@gmail.com,周政佳,20240101.0,20261231.0,20240327 10:03:48
三合利計程車客運有限公司,BA0100043,BA,臺北市,文山區,臺北市文山區興隆路四段151號2樓之4,121.5617446899,24.9847240448,B,交通接送服務(DA01),臺北市,松山區;信義區;大安區;中山區;中正區;大同區;萬華區;文山區;南港區;內湖區;士林區;北投區,02-2929-0577,hearts1266@gmail.com,蔡豐吉,20240101.0,20261231.0,20240327 10:08:15
臺北市私立衍榕社區長照機構,2X0100013,2,臺北市,信義區,臺北市信義區六合里信義路5段150巷445弄15號,121.5720062256,25.0228290558,B,家庭托顧服務,臺北市,10;15;20;25;30;5;松山區;信義區;大安區;中山區;中正區;大同區;萬華區;文山區;南港區;內湖區;士林區;北投區,0918450137,eden13030@eden.org.tw,謝尾子,20230715.0,20231231.0,20230711 10:58:25
新北市三重區開元里辦公處(社照C),BF0200264,BF,新北市,三重區,新北市三重區開元里開元街1號,121.5035476685,25.0665798187,C,巷弄長照站,新北市,三重區,29745949,j6rmp4u4571@gmail.com,潘素珍,20230131.0,20231231.0,20230531 16:52:48
財團法人恆安社會福利慈善事業基金會,BD0100093,BD,臺北市,大安區,臺北市大安區群賢里和平東路二段295號12樓,121.5421218872,25.0249919891,A,個案管理服務,臺北市,大安區,02-23331955,hanganhomecare@gmail.com,胡世賢,20250101.0,20261231.0,20241231 16:57:40
億家人股份有限公司附設新北市私立億家人居家長照機構,1V0200096,1,新北市,新莊區,新北市新莊區立德里中華路一段63巷26號1樓,121.4507217407,25.0395145416,B,喘息服務,新北市,板橋區;新莊區;樹林區;五股區,2276-0087,billionfamily2023@gmail.com,杜振強,20250101.0,20271231.0,20241225 15:57:48
臺北市政府社會局委託財團法人天主教白永恩神父社會福利基金會經營管理稻香身障社區長照機構（日間照顧）,2S0100028,2,臺北市,北投區,臺北市北投區稻香里稻香路81號3樓之1,121.4892883301,25.1409130096,B,日間照顧服務,臺北市,松山區;信義區;大安區;中山區;中正區;大同區;萬華區;文山區;南港區;內湖區;士林區;北投區,2898-8308,beitou-daoxiang@beunen.org.tw,費克強,20250101.0,20271231.0,20250103 11:52:52
臺北市政府社會局委託財團法人天主教白永恩神父社會福利基金會經營管理稻香身障社區長照機構（日間照顧）,2S0100028,2,臺北市,北投區,臺北市北投區稻香里稻香路81號3樓之1,121.4892883301,25.1409130096,B,喘息服務,臺北市,松山區;信義區;大安區;中山區;中正區;大同區;萬華區;文山區;南港區;內湖區;士林區;北投區,2898-8308,beitou-daoxiang@beunen.org.tw,費克強,20241024.0,20261231.0,20241024 14:11:28
臺北市政府社會局委託中華民國紅心字會經營管理臺北市達仁社區長照機構,2R0100019,2,臺北市,信義區,臺北市信義區大道路116號4樓之5,121.5828857422,25.0386161804,B,小規模多機能服務,臺北市,松山區;信義區;大安區;中山區;中正區;大同區;萬華區;文山區;南港區;內湖區;士林區;北投區,8787-0300,xinyitw@yahoo.com.tw,劉緒倫,20240101.0,20261231.0,20240104 15:11:18
新北市私立健宜居居家長照機構,1X0200141,1,新北市,中和區,新北市中和區自立路113號,121.514755249,24.9867858887,B,居家服務,新北市,中和區;永和區,0955-505-760,jeg.homecare@gmail.com,黃群宸,20250101.0,20271231.0,20241224 15:14:38
新北市私立健宜居居家長照機構,1X0200141,1,新北市,中和區,新北市中和區自立路113號,121.514755249,24.9867858887,B,喘息服務,新北市,中和區;永和區,0955-505-760,jeg.homecare@gmail.com,黃群宸,20250101.0,20271231.0,20241224 15:15:34
新北市三重區富華里辦公處(社照C),BF0200274,BF,新北市,三重區,新北市三重區富華里五華街109號,121.4915084839,25.0839672089,C,巷弄長照站,新北市,三重區,02-89833514,j6mrp4u4571@gmail.com,宋美滿,20230701.0,20231231.0,20230802 15:44:57
天勤健康生活事業有限公司附設臺北市私立天勤居家長照機構,1R0100058,1,臺北市,大安區,臺北市大安區復興南路2段65號6樓之5,121.543800354,25.0306911469,B,喘息服務,臺北市,松山區;信義區;大安區;中山區;中正區;大同區;萬華區;文山區;南港區;內湖區;士林區;北投區,02-2708-0921,tainqin9810@gmail.com,林詠翔,20250101.0,20261231.0,20241030 18:47:56
李細祥內科診所,B20100112,B2,臺北市,大安區,臺北市大安區龍淵里辛亥路二段171巷6弄4號16樓,121.5408935547,25.0219345093,B,居家失能個案家庭醫師照護服務,臺北市,大安區,02-27018159,lee0975360651@gmail.com,李細祥,20250101.0,20261231.0,20250204 16:07:17
新北市三重區培德里辦公處(社照C),BF0200282,BF,新北市,三重區,新北市三重區培德里忠孝路二段35號B1,121.4859695435,25.0715084076,C,巷弄長照站,新北市,三重區,0925-066-800,eve690131@yahoo.com.tw,盧姿貝,20230801.0,20230831.0,20230903 14:10:58
慧民居家護理所,B10200102,B1,新北市,三峽區,新北市三峽區龍埔里三樹路7巷3號1樓,121.376701355,24.9374008179,B,專業照護服務,桃園市,桃園區;中壢區;大溪區;楊梅區;蘆竹區;大園區;龜山區;八德區;龍潭區;平鎮區;新屋區;觀音區;復興區,02-86720770,a0939336221@gmail.com,陳慧玲,20240105.0,20251231.0,20240207 15:02:25
慧民居家護理所,B10200102,B1,新北市,三峽區,新北市三峽區龍埔里三樹路7巷3號1樓,121.376701355,24.9374008179,B,專業照護服務,新北市,樹林區;鶯歌區;三峽區;土城區,02-86720770,a0939336221@gmail.com,陳慧玲,20250101.0,20271231.0,20241227 10:05:00
保豐堂藥品儀器有限公司,BB0100006,BB,臺北市,萬華區,臺北市萬華區長沙街二段115號1樓,121.5035400391,25.0405292511,B,輔具及居家無障礙環境服務,臺中市,中區;東區;南區;西區;北區;西屯區;南屯區;北屯區;豐原區;東勢區;大甲區;清水區;沙鹿區;梧棲區;后里區;神岡區;潭子區;大雅區;新社區;石岡區;外埔區;大安區;烏日區;大肚區;龍井區;霧峰區;太平區;大里區;和平區,02-23831569,pooh9_999@yahoo.com.tw,王一逸,20230907.0,20240630.0,20240621 15:42:41
天勤健康生活事業有限公司附設臺北市私立天勤居家長照機構,1R0100058,1,臺北市,大安區,臺北市大安區復興南路2段65號6樓之5,121.543800354,25.0306911469,B,居家服務,臺北市,大安區;大同區;萬華區,02-2708-0921,tainqin9810@gmail.com,林詠翔,20231109.0,20231231.0,20231109 17:17:47
天勤健康生活事業有限公司附設臺北市私立天勤居家長照機構,1R0100058,1,臺北市,大安區,臺北市大安區復興南路2段65號6樓之5,121.543800354,25.0306911469,B,喘息服務,臺北市,松山區;信義區;大安區;中山區;中正區;大同區;萬華區;文山區;南港區;內湖區;士林區;北投區,02-2708-0921,tainqin9810@gmail.com,林詠翔,20231215.0,20241231.0,20231218 11:39:14
李細祥內科診所,B20100112,B2,臺北市,大安區,臺北市大安區龍淵里辛亥路二段171巷6弄4號16樓,121.5408935547,25.0219345093,B,居家失能個案家庭醫師照護服務,臺北市,大安區,02-27018159,lee0975360651@gmail.com,李細祥,20230807.0,20241231.0,20230808 16:51:48
天勤健康生活事業有限公司附設臺北市私立天勤居家長照機構,1R0100058,1,臺北市,大安區,臺北市大安區復興南路2段65號6樓之5,121.543800354,25.0306911469,A,個案管理服務,臺北市,大同區,02-2708-0921,tainqin9810@gmail.com,林詠翔,20241223.0,20241231.0,20241220 18:25:39
臺北市政府社會局委託中華民國紅心字會經營管理臺北市廣慈社區長照機構,2R0100018,2,臺北市,信義區,臺北市信義區大道路116號4樓之3,121.5828857422,25.0386161804,B,日間照顧服務,臺北市,松山區;信義區;大安區;中山區;中正區;大同區;萬華區;文山區;南港區;內湖區;士林區;北投區,8787-0300,rhguangcidaycare@gmail.com,劉緒倫,20240101.0,20261231.0,20240104 15:08:49
臺北市政府社會局委託中華民國紅心字會經營管理臺北市廣慈社區長照機構,2R0100018,2,臺北市,信義區,臺北市信義區大道路116號4樓之3,121.5828857422,25.0386161804,B,日間照顧服務,臺北市,松山區;信義區;大安區;中山區;中正區;大同區;萬華區;文山區;南港區;內湖區;士林區;北投區,8787-0300,rhguangcidaycare@gmail.com,劉緒倫,20240101.0,20261231.0,20240104 15:08:49
臺北市政府社會局委託中華民國紅心字會經營管理臺北市廣慈社區長照機構,2R0100018,2,臺北市,信義區,臺北市信義區大道路116號4樓之3,121.5828857422,25.0386161804,B,交通接送服務,臺北市,松山區;信義區;大安區;中山區;中正區;大同區;萬華區;文山區;南港區;內湖區;士林區;北投區,8787-0300,rhguangcidaycare@gmail.com,劉緒倫,20240101.0,20261231.0,20241224 10:37:17
社團法人中華善德關懷協會(樹林站)(社照C),BF0200286,BF,新北市,樹林區,新北市樹林區樹興里大安路291號1樓,121.4183425903,24.9927558899,C,巷弄長照站,新北市,樹林區,0901314151,wealthy767@gmail.com,李函軒,20230810.0,20231231.0,20230914 17:59:56
齡活長照股份有限公司附設新北市私立府中社區長照機構,2R0200019,2,新北市,板橋區,新北市板橋區館前東路13號4樓之一,121.4599533081,25.0072650909,B,喘息服務,新北市,板橋區;三重區;中和區;永和區;新莊區;樹林區;土城區,02-89525003,seniorlifeot.bqdaycare@gmail.com,彭紹宇,20250101.0,20271231.0,20241225 16:01:58
台北欣安耳鼻喉科診所,B20100113,B2,臺北市,北投區,臺北市北投區石牌路一段152號1樓,121.5131454468,25.1142730713,B,居家失能個案家庭醫師照護服務,臺北市,北投區,02-28210501,taipeiheartfamily@gmail.com,李政璋,20230926.0,20241231.0,20230927 10:48:29
明陽保健醫療器材有限公司,BB0100009,BB,臺北市,內湖區,臺北市內湖區成功路2段472號1樓,121.58959198,25.0726547241,B,輔具及居家無障礙環境服務,臺中市,中區;東區;南區;西區;北區;西屯區;南屯區;北屯區;豐原區;東勢區;大甲區;清水區;沙鹿區;梧棲區;后里區;神岡區;潭子區;大雅區;新社區;石岡區;外埔區;大安區;烏日區;大肚區;龍井區;霧峰區;太平區;大里區;和平區,02-27906610,mayoraison28286050@gmail.com,陳達立,20230925.0,20240630.0,20231003 17:41:06
臺北市政府衛生局委託臺北榮民總醫院經營管理稻香社區長照機構,2G0100001,2,臺北市,北投區,臺北市北投區稻香路81號4樓,121.4892883301,25.1409130096,B,喘息服務,臺北市,松山區;信義區;大安區;中山區;中正區;大同區;萬華區;文山區;南港區;內湖區;士林區;北投區,02-28958575,daoxiangfacility@gmail.com,陳威明,20240226.0,20241231.0,20240226 13:35:52
好服有限公司附設臺北市私立顧得豪居家長照機構,1V0100044,1,臺北市,萬華區,臺北市萬華區新安里萬大路187巷42號1樓,121.501449585,25.0280723572,B,居家服務,臺北市,萬華區,0928431620,biguncle52@gmail.com,許祥熙,20231024.0,20231231.0,20231110 17:47:32
好服有限公司附設臺北市私立顧得豪居家長照機構,1V0100044,1,臺北市,萬華區,臺北市萬華區新安里萬大路187巷42號1樓,121.501449585,25.0280723572,B,居家服務,臺北市,萬華區,0928431620,biguncle52@gmail.com,許祥熙,20240101.0,20261231.0,20231229 18:18:35
靜安健康股份有限公司附設臺北市私立靜安健康居家長照機構,1R0100061,1,臺北市,南港區,臺北市南港區玉成街89之1號1樓,121.5821914673,25.0474319458,B,喘息服務,臺北市,松山區;信義區;大安區;中山區;中正區;大同區;萬華區;文山區;南港區;內湖區;士林區;北投區,0225700258,ejj4ejj4@serene-elderlycare.com,孫維欣,20240201.0,20241231.0,20240202 09:21:47
靜安健康股份有限公司附設臺北市私立靜安健康居家長照機構,1R0100061,1,臺北市,南港區,臺北市南港區玉成街89之1號1樓,121.5821914673,25.0474319458,B,喘息服務,臺北市,松山區;信義區;大安區;中山區;中正區;大同區;萬華區;文山區;南港區;內湖區;士林區;北投區,0225700258,ejj4ejj4@serene-elderlycare.com,孫維欣,20250101.0,20261231.0,20241120 15:31:23
財團法人新北市大樹社會福利基金會(林口仁愛托老中心)(社照C),BF0200284,BF,新北市,林口區,新北市林口區仁愛里文化一路一段137號1樓,121.3739089966,25.0719661713,C,巷弄長照站,新北市,林口區,02-26068117,ra06012506@gmail.com,黃明發,20230101.0,20231231.0,20230908 20:14:51
靜安健康股份有限公司附設臺北市私立靜安健康居家長照機構,1R0100061,1,臺北市,南港區,臺北市南港區玉成街89之1號1樓,121.5821914673,25.0474319458,B,居家服務,臺北市,信義區;大安區,0225700258,ejj4ejj4@serene-elderlycare.com,孫維欣,20240103.0,20261231.0,20240109 14:09:46
明陽保健醫療器材有限公司,BB0100009,BB,臺北市,內湖區,臺北市內湖區成功路2段472號1樓,121.58959198,25.0726547241,B,輔具及居家無障礙環境服務,臺中市,中區;東區;南區;西區;北區;西屯區;南屯區;北屯區;豐原區;東勢區;大甲區;清水區;沙鹿區;梧棲區;后里區;神岡區;潭子區;大雅區;新社區;石岡區;外埔區;大安區;烏日區;大肚區;龍井區;霧峰區;太平區;大里區;和平區,02-27906610,mayoraison28286050@gmail.com,陳達立,20240701.0,20270630.0,20240821 17:12:37
慧民居家護理所,B10200102,B1,新北市,三峽區,新北市三峽區龍埔里三樹路7巷3號1樓,121.376701355,24.9374008179,B,專業照護服務,新北市,樹林區;鶯歌區;三峽區;土城區,02-86720770,a0939336221@gmail.com,陳慧玲,20230911.0,20241231.0,20230913 11:43:53
社團法人台灣認知功能促進協會附設臺北市私立敬智學苑社區長照機構,2R0100017,2,臺北市,內湖區,臺北市內湖區石潭里新明路22號2樓,121.5907897949,25.0609512329,B,喘息服務,臺北市,松山區;信義區;大安區;中山區;中正區;大同區;萬華區;文山區;南港區;內湖區;士林區;北投區,2790-0907,Info.tcea@tcea-taiwan.com,甄瑞興,20230602.0,20241231.0,20230605 09:48:12
社團法人台灣認知功能促進協會附設臺北市私立敬智學苑社區長照機構,2R0100017,2,臺北市,內湖區,臺北市內湖區石潭里新明路22號2樓,121.5907897949,25.0609512329,B,日間照顧服務,臺北市,松山區;信義區;大安區;中山區;中正區;大同區;萬華區;文山區;南港區;內湖區;士林區;北投區,2790-0907,Info.tcea@tcea-taiwan.com,甄瑞興,20230306.0,20241231.0,20230315 14:33:04
社團法人台灣認知功能促進協會附設臺北市私立敬智學苑社區長照機構,2R0100017,2,臺北市,內湖區,臺北市內湖區石潭里新明路22號2樓,121.5907897949,25.0609512329,B,日間照顧服務,臺北市,松山區;信義區;大安區;中山區;中正區;大同區;萬華區;文山區;南港區;內湖區;士林區;北投區,2790-0907,Info.tcea@tcea-taiwan.com,甄瑞興,20240101.0,20261231.0,20240102 11:16:05
三木居家長照有限公司附設新北市私立三木居家長照機構,1R0200064,1,新北市,永和區,新北市永和區中山路一段24號2樓(A05室),121.5138397217,25.0106086731,B,喘息服務,新北市,板橋區;三重區;中和區;永和區;新莊區;新店區;蘆洲區,02-8660-4365,woodhomecare@gmail.com,張貴森,20250101.0,20271231.0,20241203 15:41:59
社團法人台灣認知功能促進協會附設臺北市私立敬智學苑社區長照機構,2R0100017,2,臺北市,內湖區,臺北市內湖區石潭里新明路22號2樓,121.5907897949,25.0609512329,B,喘息服務,臺北市,松山區;信義區;大安區;中山區;中正區;大同區;萬華區;文山區;南港區;內湖區;士林區;北投區,2790-0907,Info.tcea@tcea-taiwan.com,甄瑞興,20250101.0,20261231.0,20250204 15:09:39
臺北市政府衛生局委託臺北榮民總醫院經營管理稻香社區長照機構,2G0100001,2,臺北市,北投區,臺北市北投區稻香路81號4樓,121.4892883301,25.1409130096,B,小規模多機能服務,新北市,淡水區,02-28958575,daoxiangfacility@gmail.com,陳威明,20250101.0,20271231.0,20241227 15:34:32
臺北市政府衛生局委託臺北榮民總醫院經營管理稻香社區長照機構,2G0100001,2,臺北市,北投區,臺北市北投區稻香路81號4樓,121.4892883301,25.1409130096,B,喘息服務,新北市,淡水區,02-28958575,daoxiangfacility@gmail.com,陳威明,20250101.0,20271231.0,20241227 15:35:05
臺北市政府衛生局委託臺北榮民總醫院經營管理稻香社區長照機構,2G0100001,2,臺北市,北投區,臺北市北投區稻香路81號4樓,121.4892883301,25.1409130096,B,喘息服務,臺北市,松山區;信義區;大安區;中山區;中正區;大同區;萬華區;文山區;南港區;內湖區;士林區;北投區,02-28958575,daoxiangfacility@gmail.com,陳威明,20250101.0,20261231.0,20250204 15:29:40
保豐堂藥品儀器有限公司,BB0100006,BB,臺北市,萬華區,臺北市萬華區長沙街二段115號1樓,121.5035400391,25.0405292511,B,輔具及居家無障礙環境服務,臺中市,中區;東區;南區;西區;北區;西屯區;南屯區;北屯區;豐原區;東勢區;大甲區;清水區;沙鹿區;梧棲區;后里區;神岡區;潭子區;大雅區;新社區;石岡區;外埔區;大安區;烏日區;大肚區;龍井區;霧峰區;太平區;大里區;和平區,02-23831569,pooh9_999@yahoo.com.tw,王一逸,20240701.0,20270630.0,20240618 08:41:56
齡活長照股份有限公司附設新北市私立府中社區長照機構,2R0200019,2,新北市,板橋區,新北市板橋區館前東路13號4樓之一,121.4599533081,25.0072650909,B,日間照顧服務,新北市,板橋區;三重區;中和區;永和區;新莊區;樹林區;土城區,02-89525003,seniorlifeot.bqdaycare@gmail.com,彭紹宇,20250101.0,20271231.0,20241225 16:01:08
台北欣安耳鼻喉科診所,B20100113,B2,臺北市,北投區,臺北市北投區石牌路一段152號1樓,121.5131454468,25.1142730713,B,居家失能個案家庭醫師照護服務,臺北市,北投區,02-28210501,taipeiheartfamily@gmail.com,李政璋,20250101.0,20261231.0,20250204 16:23:41
臺北市政府衛生局委託臺北榮民總醫院經營管理稻香社區長照機構,2G0100001,2,臺北市,北投區,臺北市北投區稻香路81號4樓,121.4892883301,25.1409130096,B,日間照顧服務,新北市,淡水區,02-28958575,daoxiangfacility@gmail.com,陳威明,20250101.0,20271231.0,20241227 15:34:44
臺北市政府衛生局委託臺北榮民總醫院經營管理稻香社區長照機構,2G0100001,2,臺北市,北投區,臺北市北投區稻香路81號4樓,121.4892883301,25.1409130096,B,日間照顧服務,臺北市,松山區;信義區;大安區;中山區;中正區;大同區;萬華區;文山區;南港區;內湖區;士林區;北投區,02-28958575,daoxiangfacility@gmail.com,陳威明,20230330.0,20251231.0,20230330 09:09:24
新北市私立旺福綜合長照機構,4X0200002,4,新北市,貢寮區,新北市貢寮區朝陽街70巷10號1、2樓,121.9094619751,25.0225753784,B,喘息服務,新北市,雙溪區;貢寮區,02-89857453,Ping3281113@gmail.com,黃雅萍,20250101.0,20271231.0,20241223 11:27:17
橙松有限公司附設新北市私立橙松居家長照機構,1R0200063,1,新北市,中和區,新北市中和區中正路515號2樓-2室,121.4882507324,24.9940357208,B,居家服務,新北市,中和區;永和區,2228-6567,qqq0912712772@gmail.com,林庠閎,20250101.0,20271231.0,20241203 16:01:10
財團法人北部台灣基督長老教會(三重埔教會)(社照C),BF0200258,BF,新北市,三重區,新北市三重區中央里自強路一段65號4樓,121.4976348877,25.0671863556,C,巷弄長照站,新北市,三重區,02-2971-0508,joy810507@gmail.com.tw,林榮任,20230101.0,20231231.0,20230530 19:19:00
財團法人天下為公社會福利慈善事業基金會附設新北市私立雙溪社區長照機構,2S0200036,2,新北市,雙溪區,新北市雙溪區新基里新基西街19號1、2樓,121.8653793335,25.0375728607,B,日間照顧服務,新北市,雙溪區,8648-8388分機308,wba81597922@gmail.com,胡世賢,20250101.0,20271231.0,20241227 15:31:00
財團法人天下為公社會福利慈善事業基金會附設新北市私立雙溪社區長照機構,2S0200036,2,新北市,雙溪區,新北市雙溪區新基里新基西街19號1、2樓,121.8653793335,25.0375728607,B,喘息服務,新北市,雙溪區,8648-8388分機308,wba81597922@gmail.com,胡世賢,20250101.0,20271231.0,20241227 15:31:23
新北市三重區永安里辦公處(社照C),BF0200256,BF,新北市,三重區,新北市三重區永安里力行路二段63巷7號,121.4826965332,25.0748710632,C,巷弄長照站,新北市,三重區,(02)2287-0112,bow1013ha@Gmail.com,黃麗伃,20230101.0,20231231.0,20230530 19:02:38
新北市永和區福林里辦公處(社照C),BG0200061,BG,新北市,永和區,新北市永和區福林里福和路122號1樓,121.5218582153,25.0081195831,C,巷弄長照站,新北市,永和區,0974313443,q82956771@gmail.com,孫協同,20230501.0,20231231.0,20230531 20:26:46
臺北市私立意善園社區長照機構,2X0100012,2,臺北市,北投區,臺北市北投區行義路124巷3號1樓,121.5292282104,25.1289024353,B,喘息服務,臺北市,松山區;信義區;大安區;中山區;中正區;大同區;萬華區;文山區;南港區;內湖區;士林區;北投區,02-28772666,daycareliving@gmail.com,林玟葉,20230905.0,20241231.0,20230907 11:56:18
小藥師健保藥局,BB0100003,BB,臺北市,南港區,臺北市南港區百福里福德街320之1號1樓,121.5879821777,25.0394821167,B,輔具及居家無障礙環境服務,臺中市,中區;東區;南區;西區;北區;西屯區;南屯區;北屯區;豐原區;東勢區;大甲區;清水區;沙鹿區;梧棲區;后里區;神岡區;潭子區;大雅區;新社區;石岡區;外埔區;大安區;烏日區;大肚區;龍井區;霧峰區;太平區;大里區;和平區,02-27867002,a0227867002@gmail.com,江芝瑩,20240701.0,20270630.0,20240812 18:03:31
財團法人天主教失智老人社會福利基金會受託經營管理本市萬華老人服務中心,BD0100091,BD,臺北市,萬華區,臺北市萬華區西寧南路4號A棟3樓,121.5070419312,25.0479316711,B,營養餐飲服務,臺北市,松山區;信義區;大安區;中山區;中正區;大同區;萬華區;文山區;南港區;內湖區;士林區;北投區,2361-0666,who.cfad@gmail.com,鍾安住,20230101.0,20231231.0,20230512 17:12:30
臺北市政府衛生局委託臺北榮民總醫院經營管理稻香社區長照機構,2G0100001,2,臺北市,北投區,臺北市北投區稻香路81號4樓,121.4892883301,25.1409130096,B,小規模多機能服務,臺北市,松山區;信義區;大安區;中山區;中正區;大同區;萬華區;文山區;南港區;內湖區;士林區;北投區,02-28958575,daoxiangfacility@gmail.com,陳威明,20250101.0,20261231.0,20250204 15:57:09
小藥師健保藥局,BB0100003,BB,臺北市,南港區,臺北市南港區百福里福德街320之1號1樓,121.5879821777,25.0394821167,B,輔具及居家無障礙環境服務,臺中市,中區;東區;南區;西區;北區;西屯區;南屯區;北屯區;豐原區;東勢區;大甲區;清水區;沙鹿區;梧棲區;后里區;神岡區;潭子區;大雅區;新社區;石岡區;外埔區;大安區;烏日區;大肚區;龍井區;霧峰區;太平區;大里區;和平區,02-27867002,a0227867002@gmail.com,江芝瑩,20230306.0,20240630.0,20230313 11:45:38
新北市私立旺福綜合長照機構,4X0200002,4,新北市,貢寮區,新北市貢寮區朝陽街70巷10號1、2樓,121.9094619751,25.0225753784,A,個案管理服務,新北市,雙溪區;貢寮區,02-89857453,Ping3281113@gmail.com,黃雅萍,20250101.0,20250630.0,20241231 15:21:38
新北市私立旺福綜合長照機構,4X0200002,4,新北市,貢寮區,新北市貢寮區朝陽街70巷10號1、2樓,121.9094619751,25.0225753784,B,日間照顧服務,新北市,雙溪區;貢寮區,02-89857453,Ping3281113@gmail.com,黃雅萍,20250101.0,20271231.0,20241223 11:26:35
臺北市私立意善園社區長照機構,2X0100012,2,臺北市,北投區,臺北市北投區行義路124巷3號1樓,121.5292282104,25.1289024353,B,日間照顧服務,臺北市,松山區;信義區;大安區;中山區;中正區;大同區;萬華區;文山區;南港區;內湖區;士林區;北投區,02-28772666,daycareliving@gmail.com,林玟葉,20240101.0,20261231.0,20240102 11:04:30
社團法人台灣長善社群發展協會,BA0100041,BA,臺北市,中山區,臺北市中山區民權東路一段55號10樓,121.524887085,25.0629062653,B,交通接送服務(DA01),臺北市,松山區;信義區;大安區;中山區;中正區;大同區;萬華區;文山區;南港區;內湖區;士林區;北投區,02-77230798,tgcd827@gmail.com,陳金棍,20240101.0,20261231.0,20240327 10:02:06
新北市中和區福美里辦公處(社照C),BF0200266,BF,新北市,中和區,新北市中和區福美里勝利路35巷9弄4號1樓,121.4995574951,25.0069923401,C,巷弄長照站,新北市,中和區,0933566024,devin31@gmail.com,梁迪文,20230101.0,20231231.0,20230531 17:02:25
施達實業有限公司附設臺北市私立施達社區長照機構,2V0100008,2,臺北市,士林區,臺北市士林區德行東路109巷104號2樓,121.5288543701,25.110956192,B,日間照顧服務,臺北市,松山區;信義區;大安區;中山區;中正區;大同區;萬華區;文山區;南港區;內湖區;士林區;北投區,28381313,starstory1313@gmail.com,施婉苓,20230619.0,20231231.0,20230617 16:14:00
社團法人中華長照協會(社照C),BE0200089,BE,新北市,永和區,新北市永和區文化里文化路155號,121.5104141235,25.016254425,C,巷弄長照站,新北市,永和區,0229212212,chxclc002@gmail.com,金國良,20220101.0,20231231.0,20230530 20:55:04
新北市永和區和平里辦公處(社照C),BG0200063,BG,新北市,永和區,新北市永和區和平里保平路214巷12弄3號2樓,121.5089874268,25.0069046021,C,巷弄長照站,新北市,永和區,02-2927-2429,AB2396@ms.ntpc.gov.tw,柳舒雲,20230101.0,20231231.0,20230531 20:56:31
橙松有限公司附設新北市私立橙松居家長照機構,1R0200063,1,新北市,中和區,新北市中和區中正路515號2樓-2室,121.4882507324,24.9940357208,B,喘息服務,新北市,中和區;永和區,2228-6567,qqq0912712772@gmail.com,林庠閎,20250101.0,20271231.0,20241203 16:01:45
新北市私立永康居家長照機構,1X0200137,1,新北市,淡水區,新北市淡水區重建街186號1樓,121.4409179688,25.1742095947,B,喘息服務,新北市,三重區;新莊區;樹林區;淡水區;蘆洲區,26264077,god0978387562@gmail.com,鍾玉英,20250101.0,20271231.0,20241217 14:18:03
新北市三重區錦通里辦公處(社照C),BF0200263,BF,新北市,三重區,新北市三重區錦通里中央北路26號4樓,121.5008010864,25.0643234253,C,巷弄長照站,新北市,三重區,0986133181,wynner05145846@gmail.com,林煒財,20230101.0,20231231.0,20230531 16:47:40
新北市私立永康居家長照機構,1X0200137,1,新北市,淡水區,新北市淡水區重建街186號1樓,121.4409179688,25.1742095947,B,居家服務,新北市,三重區;新莊區;樹林區;淡水區;蘆洲區,26264077,god0978387562@gmail.com,鍾玉英,20250101.0,20271231.0,20241217 14:17:27
新北市陽春麵里長銀髮婦幼發展協會(社照C),BF0200268,BF,新北市,樹林區,新北市樹林區山佳里新興街3-3號1樓,121.4008102417,24.9740428925,C,巷弄長照站,新北市,樹林區,(02)26801090,qangelalove1115@gmail.com,許建強,20230601.0,20231231.0,20230613 10:10:41
社團法人中華民國金燈台幸福關懷協會(社照C),BF0200269,BF,新北市,淡水區,新北市淡水區竹圍里民族路31號、民權路153號7樓(僅限週五),121.3986587524,25.1471366882,C,巷弄長照站,新北市,淡水區,02-2808-2173,tamsuichurchgrace@gmail.com,陳亞鳴,20230101.0,20231231.0,20230628 17:04:22
社團法人台灣生活復能健康促進協會附設新北市私立愛迪樂東湖國小社區長照機構,2R0200020,2,新北市,林口區,新北市林口區西林里四維路201號3樓,121.3808822632,25.0759487152,B,日間照顧服務,新北市,新莊區;五股區;泰山區;林口區;八里區,02-26013638,adlersdaycare1@gmail.com,鍾孟修,20250101.0,20271231.0,20241225 10:30:03
新北市淡水區賢孝里辦公處(社照C),BG0200064,BG,新北市,淡水區,新北市淡水區賢孝里淡金路四段600號,121.4517364502,25.2289066315,C,巷弄長照站,新北市,淡水區,0228013969,chuan635566@gmali.com,葉振昌,20230101.0,20231231.0,20230628 16:36:58
新北市中和區廟美里辦公處(社照C),BG0200065,BG,新北市,中和區,新北市中和區廟美里廟美街6巷3號5樓,121.5012054443,25.0015220642,C,巷弄長照站,新北市,中和區,02-2244-5678,maggieleu7483@yahoo.com,鄭鈞瑋,20230501.0,20231231.0,20230629 16:20:29
臺北市立聯合醫院附設仁愛居家護理所,B10100070,B1,臺北市,大安區,臺北市大安區仁愛路4段10號,121.5453033447,25.0375404358,B,專業照護服務,臺北市,信義區;大安區;文山區,02-27093600#1227,B5215@tpech.gov.tw,林欣文,20250101.0,20261231.0,20241030 09:59:24
台灣居護股份有限公司附設新北市私立聯宜居家長照機構,1R0200068,1,新北市,樹林區,新北市樹林區樹興里啟智街80巷5號1樓,121.4192657471,24.9920768738,B,居家服務,新北市,樹林區;鶯歌區;三峽區;瑞芳區;土城區;平溪區;雙溪區;貢寮區,02-82588088,service@thn-buurtzorg.com,汪秋蓉,20250101.0,20271231.0,20241204 14:07:08
財團法人新光保全關懷社會福利基金會附設新北市私立枋橋社區長照機構,2S0200037,2,新北市,板橋區,新北市板橋區文化路一段120號2樓,121.465057373,25.0185012817,B,日間照顧服務,新北市,板橋區;新莊區;土城區,(02)7730-8031,daycare-1@sks.com.tw,鄭澤芳,20250101.0,20271231.0,20241227 11:51:35
財團法人新光保全關懷社會福利基金會附設新北市私立枋橋社區長照機構,2S0200037,2,新北市,板橋區,新北市板橋區文化路一段120號2樓,121.465057373,25.0185012817,B,喘息服務,新北市,板橋區;新莊區;土城區,(02)7730-8031,daycare-1@sks.com.tw,鄭澤芳,20250101.0,20271231.0,20241227 11:52:16
臺北市私立寶貝社區長照機構,2X0100011,2,臺北市,北投區,臺北市北投區關渡里知行路245巷14號1樓,121.4665145874,25.1208152771,B,家庭托顧服務,臺北市,10;15;5;松山區;信義區;大安區;中山區;中正區;大同區;萬華區;文山區;南港區;內湖區;士林區;北投區,0926186370,crazymark33@gmail.com,林嘉銘,20240101.0,20261231.0,20240206 10:59:36
臺北市私立寶貝社區長照機構,2X0100011,2,臺北市,北投區,臺北市北投區關渡里知行路245巷14號1樓,121.4665145874,25.1208152771,B,家庭托顧服務,新北市,10;5;淡水區,0926186370,crazymark33@gmail.com,林嘉銘,20250101.0,20271231.0,20241203 11:53:42
臺北市私立意善園社區長照機構,2X0100012,2,臺北市,北投區,臺北市北投區行義路124巷3號1樓,121.5292282104,25.1289024353,B,喘息服務,臺北市,松山區;信義區;大安區;中山區;中正區;大同區;萬華區;文山區;南港區;內湖區;士林區;北投區,02-28772666,daycareliving@gmail.com,林玟葉,20250101.0,20261231.0,20250204 15:27:06
勝安租賃有限公司,BA0200035,BA,新北市,新莊區,新北市新莊區新北大道二段187號,121.4637298584,25.0607852936,B,交通接送服務(DA01),臺北市,松山區;信義區;大安區;中山區;中正區;大同區;萬華區;文山區;南港區;內湖區;士林區;北投區,02-8522-3262,shengan50658748@gmail.com,楊國勝,20240101.0,20261231.0,20240327 10:01:44
善興緣長期照護有限公司附設新北市私立善興緣居家長照機構,1R0200072,1,新北市,永和區,新北市永和區國中路30號1樓,121.5247268677,25.0055274963,B,居家服務,新北市,永和區,0936-863-042,s.x.y.longtermcare@gmail.com,孫泊榮,20250101.0,20271231.0,20250103 11:28:37
善興緣長期照護有限公司附設新北市私立善興緣居家長照機構,1R0200072,1,新北市,永和區,新北市永和區國中路30號1樓,121.5247268677,25.0055274963,B,喘息服務,新北市,永和區,0936-863-042,s.x.y.longtermcare@gmail.com,孫泊榮,20250101.0,20271231.0,20250103 11:29:07
施達實業有限公司附設臺北市私立施達社區長照機構,2V0100008,2,臺北市,士林區,臺北市士林區德行東路109巷104號2樓,121.5288543701,25.110956192,B,日間照顧服務,臺北市,松山區;信義區;大安區;中山區;中正區;大同區;萬華區;文山區;南港區;內湖區;士林區;北投區,28381313,starstory1313@gmail.com,施婉苓,20240101.0,20251231.0,20240116 13:58:44
臺北市私立意善園社區長照機構,2X0100012,2,臺北市,北投區,臺北市北投區行義路124巷3號1樓,121.5292282104,25.1289024353,B,日間照顧服務,臺北市,松山區;信義區;大安區;中山區;中正區;大同區;萬華區;文山區;南港區;內湖區;士林區;北投區,02-28772666,daycareliving@gmail.com,林玟葉,20230815.0,20231231.0,20230824 14:54:35
新北市私立十方倉居家長照機構,1X0200142,1,新北市,中和區,新北市中和區景安路167巷30號1樓,121.5068817139,24.994808197,B,居家服務,新北市,板橋區;中和區;永和區;新莊區;新店區,0938-785-200,qq1234567890.tw@yahoo.com.tw,高偉淇,20250101.0,20271231.0,20241219 13:58:46
臺北市立聯合醫院附設仁愛居家護理所,B10100070,B1,臺北市,大安區,臺北市大安區仁愛路4段10號,121.5453033447,25.0375404358,B,專業照護服務,臺北市,信義區;大安區;文山區,02-27093600#1227,B5215@tpech.gov.tw,林欣文,20230706.0,20241231.0,20230706 14:37:10
社團法人新北市銀髮族推廣協會(中和景安分站)(社照C),BE0200090,BE,新北市,中和區,新北市中和區景安里景安路167巷11號,121.5060272217,24.9947948456,C,巷弄長照站,新北市,中和區,0909706558,bo0987018250@gmail.com,林培修,20230101.0,20231231.0,20230719 11:24:51
合力旺健康事業股份有限公司附設新北市私立合力旺居家長照機構,1V0200097,1,新北市,瑞芳區,新北市瑞芳區岳王路10之4號1樓,121.8074951172,25.1109256744,B,居家服務,新北市,汐止區;瑞芳區;萬里區,0928-807-717,meifen0529@gmail.com,陳雲裳,20250101.0,20271231.0,20241223 10:51:45
大安健康股份有限公司附設臺北市私立大安居家長照機構,1R0100059,1,臺北市,內湖區,臺北市內湖區寶湖里民權東路6段123巷16號6樓,121.5927505493,25.0694465637,B,居家服務,臺北市,松山區;信義區;內湖區,02-8792-2936,daan.homecare@gmail.com,呂以寧,20231228.0,20261231.0,20231228 18:32:52
大安健康股份有限公司附設臺北市私立大安居家長照機構,1R0100059,1,臺北市,內湖區,臺北市內湖區寶湖里民權東路6段123巷16號6樓,121.5927505493,25.0694465637,B,喘息服務,臺北市,松山區;信義區;大安區;中山區;內湖區,02-8792-2936,daan.homecare@gmail.com,呂以寧,20240206.0,20241231.0,20240207 09:46:49
社團法人台灣生活復能健康促進協會附設新北市私立愛迪樂東湖國小社區長照機構,2R0200020,2,新北市,林口區,新北市林口區西林里四維路201號3樓,121.3808822632,25.0759487152,B,喘息服務,新北市,新莊區;五股區;泰山區;林口區;八里區,02-26013638,adlersdaycare1@gmail.com,鍾孟修,20250101.0,20271231.0,20241225 10:30:28
新北市三重區永吉里辦公處(社照C),BF0200279,BF,新北市,三重區,新北市三重區永吉里自強路三段110巷15-2號1樓,121.4864349365,25.0747756958,C,巷弄長照站,新北市,三重區,02-8287-0006,j6rmp4u4571@gmail.com,劉蕙瑩,20230801.0,20230831.0,20230903 13:57:18
慈馨健康有限公司附設新北市私立康乃馨居家長照機構,1V0200099,1,新北市,蘆洲區,新北市蘆洲區環堤大道174號4樓,121.4564590454,25.0899047852,B,喘息服務,新北市,三重區;蘆洲區;五股區,82820382,piju660717@gmail.com,湯素菊,20250101.0,20271231.0,20241227 11:03:14
新北市私立惠眾居家長照機構,1X0200132,1,新北市,淡水區,新北市淡水區民權路111號3樓C06室,121.4602737427,25.1374797821,B,居家服務,新北市,淡水區;五股區;八里區,28085212,huizhong2023@gmail.com,陳愉芳,20250101.0,20271231.0,20241204 15:15:31
台灣居護股份有限公司附設新北市私立聯宜居家長照機構,1R0200068,1,新北市,樹林區,新北市樹林區樹興里啟智街80巷5號1樓,121.4192657471,24.9920768738,B,喘息服務,新北市,樹林區;鶯歌區;三峽區;瑞芳區;土城區;平溪區;雙溪區;貢寮區,02-82588088,service@thn-buurtzorg.com,汪秋蓉,20250101.0,20271231.0,20241204 14:07:48
新北市三峽區鳶山里辦公處(社照C),BG0200066,BG,新北市,三峽區,新北市三峽區鳶山里大勇路36巷2號、2-1號1-2樓,121.3667831421,24.9372901917,C,巷弄長照站,新北市,三峽區,0937834191,king620722@gmail.com,周文美,20240101.0,20241231.0,20240707 14:46:05
聯心健康顧問有限公司附設臺北市私立聯珩居家長照機構,1V0100046,1,臺北市,大安區,臺北市大安區和安里復興南路1段368號13樓(A6),121.5433959961,25.0349349976,B,喘息服務,臺北市,松山區;信義區;大安區;中山區;中正區;大同區;萬華區;文山區;南港區;內湖區;士林區;北投區,02-2701-5685,he.lienheng888@gmail.com,王維珩,20240429.0,20241231.0,20240430 09:08:50
臺北市私立康福之家社區長照機構,2X0100014,2,臺北市,北投區,臺北市北投區知行路1巷15號,121.4655380249,25.1183853149,B,家庭托顧服務,臺北市,10;15;5;松山區;信義區;大安區;中山區;中正區;大同區;萬華區;文山區;南港區;內湖區;士林區;北投區,0916536483,cao0916536483@gmail.com,曹語宸,20240101.0,20261231.0,20240206 11:04:40
象心力股份有限公司附設新北市私立象心力居家長照機構,1V0200102,1,新北市,新店區,新北市新店區中正路619號1樓,121.5338058472,24.9889221191,B,居家服務,新北市,中和區;新店區,(02)2218-8655,a0903830680@gmail.com,陳佑玶,20250101.0,20271231.0,20241204 10:14:15
真心健康事業有限公司附設臺北市私立真心居家長照機構,1R0100063,1,臺北市,大同區,臺北市大同區延平里歸綏街209號5樓之1,121.5141677856,25.0588035583,B,喘息服務,臺北市,松山區;信義區;大安區;中山區;中正區;大同區;萬華區;文山區;南港區;內湖區;士林區;北投區,02-2550-0108,jenshing2023@gmail.com,莊媞涵,20250101.0,20261231.0,20241106 19:38:41
新北市私立惠眾居家長照機構,1X0200132,1,新北市,淡水區,新北市淡水區民權路111號3樓C06室,121.4602737427,25.1374797821,B,喘息服務,新北市,淡水區;五股區;八里區,28085212,huizhong2023@gmail.com,陳愉芳,20250101.0,20271231.0,20241204 15:16:12
家佳健康股份有限公司附設新北市私立品綸居家長照機構,1V0200088,1,新北市,蘆洲區,新北市蘆洲區集賢路209號4樓,121.4834442139,25.087146759,B,居家服務,新北市,三重區;蘆洲區,8286-1851,pinlun213@hotmail.com.tw,朱瑜慈,20250101.0,20271231.0,20250109 15:51:48
合力旺健康事業股份有限公司附設新北市私立合力旺居家長照機構,1V0200097,1,新北市,瑞芳區,新北市瑞芳區岳王路10之4號1樓,121.8074951172,25.1109256744,B,喘息服務,新北市,汐止區;瑞芳區;萬里區,0928-807-717,meifen0529@gmail.com,陳雲裳,20250101.0,20271231.0,20241223 10:52:51
新北市永和區民生里辦公處(社照C),BG0200069,BG,新北市,永和區,新北市永和區民生里民生路67巷45號1樓,121.5251617432,24.9975719452,C,巷弄長照站,新北市,永和區,02-2940-9888,f0932183189@icloud.com,黃新旺,20230801.0,20231231.0,20230808 11:24:30
新北市三重區自強里辦公處(社照C),BF0200278,BF,新北市,三重區,新北市三重區自強里正義北路256巷133號,121.4932403564,25.0678424835,C,巷弄長照站,新北市,三重區,02-2971-5209,j6rmp4u4571@gmail.com,王鴻賓,20230801.0,20231231.0,20230903 13:53:45
新北市三重區成功里辦公處(社照C),BF0200280,BF,新北市,三重區,新北市三重區成功里昌隆街36號,121.4917144775,25.0518836975,C,巷弄長照站,新北市,三重區,02-2977-2009,a0955050747@yahoo.com.tw,許玉娟,20230801.0,20230831.0,20230903 14:03:05
社團法人台灣長期照顧教育訓練協會,BA0100044,BA,臺北市,北投區,臺北市北投區磺港路263號,121.5032501221,25.1236076355,B,交通接送服務(DA01),臺北市,松山區;信義區;大安區;中山區;中正區;大同區;萬華區;文山區;南港區;內湖區;士林區;北投區,02-28981259,tltceta@gmail.com,倪玲娜,20240101.0,20261231.0,20240327 10:05:34
社團法人中華民國士林靈糧堂社會福利協會附設新北市私立石門社區長照機構,2R0200018,2,新北市,石門區,新北市石門區石門里中山路34號1樓,121.5664291382,25.2901630402,B,喘息服務,新北市,三芝區;石門區,26380085,shimen@slsc.org.tw,劉群茂,20250101.0,20271231.0,20241227 16:10:23
新北市私立十方倉居家長照機構,1X0200142,1,新北市,中和區,新北市中和區景安路167巷30號1樓,121.5068817139,24.994808197,B,喘息服務,新北市,板橋區;中和區;永和區;新莊區;新店區,0938-785-200,qq1234567890.tw@yahoo.com.tw,高偉淇,20250101.0,20271231.0,20241219 14:00:04
新北市市敏動齡健康關懷協會(泰山全興站),BF0200277,BF,新北市,泰山區,新北市泰山區全興里仁義路11巷1號,121.4322509766,25.0556182861,C,巷弄長照站,新北市,泰山區,0963-666198,sandy955215@gmail.com,陳惠仙,20240101.0,20241231.0,20240626 15:12:00
新北市蘆洲區長安里辦公處,BG0200073,BG,新北市,蘆洲區,新北市蘆洲區忠義里長安街96號4樓,121.4619369507,25.0807323456,C,巷弄長照站,新北市,蘆洲區,8285-1500,yawen18180@gmail.com,王彥貴,20230101.0,20231231.0,20230908 20:30:41
安泰居家有限公司附設新北市私立安泰居家長照機構,1V0200100,1,新北市,新莊區,新北市新莊區思源路601號5樓A9,121.4417648315,25.0845375061,B,居家服務,新北市,新莊區;五股區,02-7729-1855,antaihsc@gmail.com,劉俊裕,20250101.0,20271231.0,20241205 10:33:29
真心健康事業有限公司附設臺北市私立真心居家長照機構,1R0100063,1,臺北市,大同區,臺北市大同區延平里歸綏街209號5樓之1,121.5141677856,25.0588035583,B,喘息服務,臺北市,松山區;信義區;大安區;中山區;中正區;大同區;萬華區;文山區;南港區;內湖區;士林區;北投區,02-2550-0108,jenshing2023@gmail.com,莊媞涵,20240703.0,20241231.0,20240704 08:42:50
真心健康事業有限公司附設臺北市私立真心居家長照機構,1R0100063,1,臺北市,大同區,臺北市大同區延平里歸綏街209號5樓之1,121.5141677856,25.0588035583,B,居家服務,臺北市,大同區;萬華區;士林區,02-2550-0108,jenshing2023@gmail.com,莊媞涵,20240528.0,20261231.0,20240529 16:57:18
居達居家職能治療所,B50200016,B5,新北市,汐止區,新北市汐止區復興里023鄰新台五路一段159號12樓,121.6537704468,25.062417984,B,專業照護服務,新北市,三重區;新店區;三峽區;汐止區,0963227177,rehabilition@gmail.com,吳育學,20250101.0,20271231.0,20241225 11:51:54
居達居家職能治療所,B50200016,B5,新北市,汐止區,新北市汐止區復興里023鄰新台五路一段159號12樓,121.6537704468,25.062417984,B,專業照護服務,新北市,三重區;新店區;三峽區;汐止區,0963227177,rehabilition@gmail.com,吳育學,20231123.0,20241231.0,20231124 15:53:22
大安健康股份有限公司附設臺北市私立大安居家長照機構,1R0100059,1,臺北市,內湖區,臺北市內湖區寶湖里民權東路6段123巷16號6樓,121.5927505493,25.0694465637,B,喘息服務,臺北市,松山區;信義區;大安區;中山區;內湖區,02-8792-2936,daan.homecare@gmail.com,呂以寧,20250101.0,20261231.0,20241106 19:55:39
益百利國際實業有限公司,BB0100005,BB,臺北市,文山區,臺北市文山區景興路42巷8弄2、4號1樓,121.5428466797,24.9972381592,B,輔具及居家無障礙環境服務,臺中市,中區;東區;南區;西區;北區;西屯區;南屯區;北屯區;豐原區;東勢區;大甲區;清水區;沙鹿區;梧棲區;后里區;神岡區;潭子區;大雅區;新社區;石岡區;外埔區;大安區;烏日區;大肚區;龍井區;霧峰區;太平區;大里區;和平區,02-23681235,ebaili@100power.com.tw,蔡博文,20240701.0,20270630.0,20241120 10:15:35
新北市永和區桂林里辦公處(社照C),BG0200067,BG,新北市,永和區,新北市永和區桂林里竹林路91巷60弄3號,121.5218658447,25.0129337311,C,巷弄長照站,新北市,永和區,0909062595,pikachu851997@gmail.com,盧宣蓉,20230801.0,20231231.0,20230801 14:18:33
聯心健康顧問有限公司附設臺北市私立聯珩居家長照機構,1V0100046,1,臺北市,大安區,臺北市大安區和安里復興南路1段368號13樓(A6),121.5433959961,25.0349349976,B,居家服務,臺北市,松山區;信義區;大安區,02-2701-5685,he.lienheng888@gmail.com,王維珩,20231222.0,20261231.0,20231229 16:03:27
臺北市私立樂齡居家長照機構,1X0100042,1,臺北市,大同區,臺北市大同區重慶北路一段30號3樓(322室),121.5135574341,25.0508613586,B,居家服務,臺北市,大同區;萬華區,0920-851-115,mag35733@gmail.com,陳秉睿,20231121.0,20231231.0,20231127 17:23:20
臺北市私立樂齡居家長照機構,1X0100042,1,臺北市,大同區,臺北市大同區重慶北路一段30號3樓(322室),121.5135574341,25.0508613586,B,居家服務,臺北市,松山區;大安區;大同區;萬華區,0920-851-115,mag35733@gmail.com,陳秉睿,20241011.0,20261231.0,20241014 17:43:28
愛斯特居服有限公司附設臺北市私立愛斯特居家長照機構,1R0100060,1,臺北市,大同區,臺北市大同區建明里市民大道一段211號11樓之27,121.518409729,25.0491333008,B,喘息服務,臺北市,松山區;大安區;大同區;萬華區;士林區,0922-225499,esther.careforyou@gmail.com,薛弼仁,20240118.0,20241231.0,20241112 20:19:25
聯心健康顧問有限公司附設臺北市私立聯珩居家長照機構,1V0100046,1,臺北市,大安區,臺北市大安區和安里復興南路1段368號13樓(A6),121.5433959961,25.0349349976,B,喘息服務,臺北市,松山區;信義區;大安區;中山區;中正區;大同區;萬華區;文山區;南港區;內湖區;士林區;北投區,02-2701-5685,he.lienheng888@gmail.com,王維珩,20250101.0,20261231.0,20241120 15:03:37
新北市三峽區二鬮里辦公處(社照C),BG0200070,BG,新北市,三峽區,新北市三峽區大埔里中正路二段449號,121.3627548218,24.9067001343,C,巷弄長照站,新北市,三峽區,0930289876,king620722@gmail.com,陳孝皇,20240101.0,20241231.0,20240707 14:46:51
雲朵實業股份有限公司附設臺北市私立太陽社區長照機構,2V0100009,2,臺北市,中山區,臺北市中山區中山北路三段53-4號5樓,121.5229492188,25.0678920746,B,日間照顧服務,臺北市,松山區;信義區;大安區;中山區;中正區;大同區;萬華區;文山區;南港區;內湖區;士林區;北投區,2599-1135,cloudceo2023@gmail.com,方明,20240101.0,20261231.0,20240104 16:16:55
愛斯特居服有限公司附設臺北市私立愛斯特居家長照機構,1R0100060,1,臺北市,大同區,臺北市大同區建明里市民大道一段211號11樓之27,121.518409729,25.0491333008,B,喘息服務,臺北市,松山區;大安區;大同區;萬華區;士林區,0922-225499,esther.careforyou@gmail.com,薛弼仁,20250101.0,20261231.0,20241125 18:32:26
社團法人善志生命教育發展協會 (永和新生分站)(社照C),BE0200094,BE,新北市,永和區,新北市永和區新生里永平路368號2樓,121.5058746338,25.0138320923,C,巷弄長照站,新北市,永和區,02-2929-8973,mike9255@gmail.com,鄭明哲,20230101.0,20241231.0,20230908 21:08:19
新北市三重區慈祐里辦公處(社照C),BF0200287,BF,新北市,三重區,新北市三重區慈祐里仁愛街425巷9之1號,121.490852356,25.0818138123,C,巷弄長照站,新北市,三重區,02-8985-9241,j6rmp4u4571@gmail.com,謝豪能,20230801.0,20231231.0,20230915 19:34:17
新北市淡水區沙崙里辦公處(社照C),BF0200289,BF,新北市,淡水區,新北市淡水區沙崙里淡海路221號,,,C,巷弄長照站,新北市,淡水區,0933507344,yuzhu0857@gmail.com,彭瑀筑,20230901.0,20231231.0,20231031 20:00:27
財團法人中保關懷社會福利基金會附設臺北市私立芝山社區長照機構,2S0100029,2,臺北市,士林區,臺北市士林區德行東路285號忠孝樓3樓,121.5364303589,25.1103858948,B,日間照顧服務,臺北市,松山區;信義區;大安區;中山區;中正區;大同區;萬華區;文山區;南港區;內湖區;士林區;北投區,28330868,peggy120622@gmail.com,洪培修,20230828.0,20231231.0,20230905 16:39:35
愛馨居服有限公司附設臺北市私立松山悅馨社區長照機構,2V0100010,2,臺北市,松山區,臺北市松山區南京東路5段230號2樓之4、2樓之5及2樓之6,121.5656814575,25.0511760712,B,日間照顧服務,臺北市,松山區;信義區;大安區;中山區;中正區;大同區;萬華區;文山區;南港區;內湖區;士林區;北投區,87862031,yueshindaycare@gmail.com,傅翰強,20240101.0,20261231.0,20240104 15:03:00
喜苑健康股份有限公司附設新北市私立喜苑居家長照機構,1R0200071,1,新北市,板橋區,新北市板橋區溪城路71號8樓(A室),121.4706420898,25.0144062042,B,居家服務,新北市,板橋區;樹林區,02-2675-1797,xiyuan10150309@gmail.com,林德財,20250101.0,20271231.0,20241227 11:22:11
新北市三重區五常里辦公處(社照C),BF0200281,BF,新北市,三重區,新北市三重區五常里仁義街157巷96號1樓,121.4990005493,25.0820465088,C,巷弄長照站,新北市,三重區,02-2986-0420,lin0917995137@gmail.com,林忠諺,20230801.0,20230831.0,20230903 14:07:37
臺北市私立容禾居家長照機構,1X0100043,1,臺北市,大同區,臺北市大同區承德路三段109號4樓,121.5185852051,25.0667552948,B,居家服務,臺北市,大同區,02-25950562,rongho2023@gmail.com,詹玉容,20240312.0,20261231.0,20240508 13:30:39
臺北市私立容禾居家長照機構,1X0100043,1,臺北市,大同區,臺北市大同區承德路三段109號4樓,121.5185852051,25.0667552948,B,居家服務,臺北市,大同區;士林區,02-25950562,rongho2023@gmail.com,詹玉容,20250116.0,20261231.0,20250120 11:17:56
臺北市私立容禾居家長照機構,1X0100043,1,臺北市,大同區,臺北市大同區承德路三段109號4樓,121.5185852051,25.0667552948,B,喘息服務,臺北市,大安區;大同區;士林區,02-25950562,rongho2023@gmail.com,詹玉容,20250101.0,20261231.0,20241104 18:47:20
社團法人中華善德關懷協會(三峽站)(社照C),BF0200285,BF,新北市,三峽區,新北市三峽區溪南里介壽路二段136巷63號,121.3927154541,24.9331989288,C,巷弄長照站,新北市,三峽區,0975821326,peter.lee0326@gmail.com,李函軒,20240101.0,20241231.0,20240707 14:30:25
嘉寧居家護理所,B10200101,B1,新北市,中和區,新北市中和區建八路217號12樓,121.4906845093,24.9994239807,B,專業照護服務,新北市,板橋區;中和區;永和區;新店區;土城區;深坑區,02-22259895,hcwithyou@gmail.com,游巧齡,20230825.0,20241231.0,20230830 10:06:31
嘉寧居家護理所,B10200101,B1,新北市,中和區,新北市中和區建八路217號12樓,121.4906845093,24.9994239807,B,專業照護服務,新北市,板橋區;中和區;永和區;新店區;土城區,02-22259895,hcwithyou@gmail.com,游巧齡,20250101.0,20271231.0,20241219 11:14:27
瑞和診所,B20200255,B2,新北市,深坑區,新北市深坑區北深路三段99號6樓,121.605796814,25.0016670227,B,居家失能個案家庭醫師照護服務,新北市,深坑區;石碇區,02-2662-3302,juihoclinic@gmail.com,洪瑞苑,20250101.0,20271231.0,20241220 10:47:40
家佳健康股份有限公司附設新北市私立品綸居家長照機構,1V0200088,1,新北市,蘆洲區,新北市蘆洲區集賢路209號4樓,121.4834442139,25.087146759,B,喘息服務,新北市,三重區;蘆洲區,8286-1851,pinlun213@hotmail.com.tw,朱瑜慈,20250101.0,20271231.0,20250109 15:52:15
社團法人中華民國士林靈糧堂社會福利協會附設新北市私立石門社區長照機構,2R0200018,2,新北市,石門區,新北市石門區石門里中山路34號1樓,121.5664291382,25.2901630402,B,日間照顧服務,新北市,三芝區;石門區,26380085,shimen@slsc.org.tw,劉群茂,20250101.0,20271231.0,20241227 16:10:01
臺北市私立樂齡居家長照機構,1X0100042,1,臺北市,大同區,臺北市大同區重慶北路一段30號3樓(322室),121.5135574341,25.0508613586,B,喘息服務,臺北市,中山區;中正區;大同區;萬華區,0920-851-115,mag35733@gmail.com,陳秉睿,20250101.0,20261231.0,20241104 17:55:14
雲朵實業股份有限公司附設臺北市私立太陽社區長照機構,2V0100009,2,臺北市,中山區,臺北市中山區中山北路三段53-4號5樓,121.5229492188,25.0678920746,B,日間照顧服務,臺北市,松山區;信義區;大安區;中山區;中正區;大同區;萬華區;文山區;南港區;內湖區;士林區;北投區,2599-1135,cloudceo2023@gmail.com,方明,20240101.0,20261231.0,20240104 16:16:55
日馨居服實業有限公司附設新北市私立日馨居家長照機構,1R0200070,1,新北市,中和區,新北市中和區捷運路8-21號12樓,121.5104141235,24.9897651672,B,居家服務,新北市,板橋區;三重區;中和區,2943-0133,dayshinhomecare@gmail.com,傅翰強,20250101.0,20271231.0,20241217 14:40:55
福鷺社會企業有限公司附設新北市私立三重福鷺社區長照機構,2V0200007,2,新北市,三重區,新北市三重區正義北路195號4樓、4樓之1,121.4962615967,25.0682086945,B,日間照顧服務,新北市,板橋區;三重區;新莊區;蘆洲區;五股區,2988-0501,fuluseltc@gmail.com,張凱智,20250101.0,20271231.0,20241231 11:49:30
長安東診所,B20100114,B2,臺北市,中山區,臺北市中山區長安東路2段50之2號1樓,121.5323638916,25.0483627319,B,居家失能個案家庭醫師照護服務,臺北市,松山區;信義區;大安區;中山區;中正區;大同區;萬華區;文山區;南港區;內湖區;士林區;北投區,02-25670014,hirokuo2000@yahoo.co.jp,郭柏宏,20230927.0,20241231.0,20230928 19:16:01
財團法人中保關懷社會福利基金會附設臺北市私立芝山社區長照機構,2S0100029,2,臺北市,士林區,臺北市士林區德行東路285號忠孝樓3樓,121.5364303589,25.1103858948,B,日間照顧服務,臺北市,松山區;信義區;大安區;中山區;中正區;大同區;萬華區;文山區;南港區;內湖區;士林區;北投區,28330868,peggy120622@gmail.com,洪培修,20240101.0,20261231.0,20240102 11:58:37
喜苑健康股份有限公司附設新北市私立喜苑居家長照機構,1R0200071,1,新北市,板橋區,新北市板橋區溪城路71號8樓(A室),121.4706420898,25.0144062042,B,喘息服務,新北市,板橋區;樹林區,02-2675-1797,xiyuan10150309@gmail.com,林德財,20250101.0,20271231.0,20241227 11:23:00
新北市中和區秀義里辦公處(社照C),BG0200072,BG,新北市,中和區,新北市中和區秀義里秀朗路三段66巷23號,121.5255584717,24.9946308136,C,巷弄長照站,新北市,中和區,0936119594,cargolf1168@yahoo.com.tw,張文亮,20230801.0,20231231.0,20230905 18:23:48
臺北市私立容禾居家長照機構,1X0100043,1,臺北市,大同區,臺北市大同區承德路三段109號4樓,121.5185852051,25.0667552948,B,喘息服務,臺北市,大安區;大同區;士林區,02-25950562,rongho2023@gmail.com,詹玉容,20230310.0,20261231.0,20240417 14:28:08
象心力股份有限公司附設新北市私立象心力居家長照機構,1V0200102,1,新北市,新店區,新北市新店區中正路619號1樓,121.5338058472,24.9889221191,B,喘息服務,新北市,中和區;新店區,(02)2218-8655,a0903830680@gmail.com,陳佑玶,20250101.0,20271231.0,20241204 10:14:42
居達居家職能治療所,B50200016,B5,新北市,汐止區,新北市汐止區復興里023鄰新台五路一段159號12樓,121.6537704468,25.062417984,B,專業照護服務(CC01),新北市,三重區;新店區;三峽區;汐止區,0963227177,rehabilition@gmail.com,吳育學,20231123.0,20241231.0,20240529 14:40:17
新北市私立秝達居家長照機構,1X0200143,1,新北市,板橋區,新北市板橋區新海路330號2樓,121.4604644775,25.0240898132,B,居家服務,新北市,板橋區,0909040908,ball658@yahoo.com.tw,郭宜錚,20250101.0,20271231.0,20241223 11:48:01
長安東診所,B20100114,B2,臺北市,中山區,臺北市中山區長安東路2段50之2號1樓,121.5323638916,25.0483627319,B,居家失能個案家庭醫師照護服務,臺北市,松山區;信義區;大安區;中山區;中正區;大同區;萬華區;文山區;南港區;內湖區;士林區;北投區,02-25670014,hirokuo2000@yahoo.co.jp,郭柏宏,20250101.0,20261231.0,20250204 16:10:08
新北市私立秝達居家長照機構,1X0200143,1,新北市,板橋區,新北市板橋區新海路330號2樓,121.4604644775,25.0240898132,B,專業照護服務,新北市,板橋區,0909040908,ball658@yahoo.com.tw,郭宜錚,20240402.0,20241231.0,20240403 14:28:41
新北市三重區溪美里辦公處(社照C),BF0200273,BF,新北市,三重區,新北市三重區溪美里仁政街82號,121.4925918579,25.0775909424,C,巷弄長照站,新北市,三重區,02-89850578,j6rmp4u4571@gmail.com,葉仁德,20230701.0,20231231.0,20230802 15:40:44
臺北市私立樂齡居家長照機構,1X0100042,1,臺北市,大同區,臺北市大同區重慶北路一段30號3樓(322室),121.5135574341,25.0508613586,B,喘息服務,臺北市,中山區;中正區;大同區;萬華區,0920-851-115,mag35733@gmail.com,陳秉睿,20240125.0,20241231.0,20240125 17:45:39
翎果有限公司附設新北市私立翎果居家長照機構,1V0200103,1,新北市,蘆洲區,新北市蘆洲區中山一路161號3樓R10室,121.4749984741,25.0809993744,B,專業照護服務,新北市,三重區;蘆洲區,0936338360,Yiyi101786@gmail.com,張碩麟,20231207.0,20241231.0,20240527 14:51:52
翎果有限公司附設新北市私立翎果居家長照機構,1V0200103,1,新北市,蘆洲區,新北市蘆洲區中山一路161號3樓R10室,121.4749984741,25.0809993744,B,專業照護服務,新北市,三重區;蘆洲區,0936338360,Yiyi101786@gmail.com,張碩麟,20250101.0,20271231.0,20241226 10:56:28
翎果有限公司附設新北市私立翎果居家長照機構,1V0200103,1,新北市,蘆洲區,新北市蘆洲區中山一路161號3樓R10室,121.4749984741,25.0809993744,B,居家服務,新北市,三重區;蘆洲區,0936338360,Yiyi101786@gmail.com,張碩麟,20250101.0,20271231.0,20241226 10:56:48
立安健康事業有限公司附設新北市私立立安居家長照機構,1V0200105,1,新北市,蘆洲區,新北市蘆洲區中山一路161號3樓R09室,121.4749984741,25.0809993744,B,居家服務,新北市,三重區;蘆洲區;五股區;泰山區,0937908239,liancare2023@gmail.com,李淑珍,20250101.0,20271231.0,20241225 09:52:40
財團法人高雄市私立聖和社會福利慈善事業基金會附設臺北市私立小彎社區長照機構,2S0100030,2,臺北市,南港區,臺北市南港區向陽路248號1樓,121.5934143066,25.0572185516,B,喘息服務,臺北市,松山區;信義區;大安區;中山區;中正區;大同區;萬華區;文山區;南港區;內湖區;士林區;北投區,02-27836609,yi89313@yahoo.com.tw,林文雄,20250101.0,20261231.0,20250204 15:31:38
立安健康事業有限公司附設新北市私立立安居家長照機構,1V0200105,1,新北市,蘆洲區,新北市蘆洲區中山一路161號3樓R09室,121.4749984741,25.0809993744,B,喘息服務,新北市,三重區;蘆洲區;五股區;泰山區,0937908239,liancare2023@gmail.com,李淑珍,20250101.0,20271231.0,20241225 09:53:06
財團法人高雄市私立聖和社會福利慈善事業基金會附設臺北市私立小彎社區長照機構,2S0100030,2,臺北市,南港區,臺北市南港區向陽路248號1樓,121.5934143066,25.0572185516,B,喘息服務,臺北市,松山區;信義區;大安區;中山區;中正區;大同區;萬華區;文山區;南港區;內湖區;士林區;北投區,02-27836609,yi89313@yahoo.com.tw,林文雄,20240125.0,20241231.0,20240125 17:44:34
立詒長照有限公司附設新北市私立宥典居家長照機構,1R0200073,1,新北市,板橋區,新北市板橋區裕民街151號2樓,121.4586257935,25.0270347595,B,喘息服務,新北市,板橋區;樹林區;鶯歌區,02-22781719,liyi.longcare@gmail.com,蔣曉文,20250101.0,20271231.0,20241226 10:07:07
知恩長期照護有限公司附設新北市私立知恩居家長照機構,1V0200092,1,新北市,三峽區,新北市三峽區三峽區民生街106-2號3樓(E18),121.4593734741,25.0074157715,B,居家服務,新北市,板橋區;三峽區,0980-427-952,ases50424@gmail.com,吳詩婕,20250101.0,20271231.0,20241226 09:41:25
知恩長期照護有限公司附設新北市私立知恩居家長照機構,1V0200092,1,新北市,三峽區,新北市三峽區三峽區民生街106-2號3樓(E18),121.4593734741,25.0074157715,B,喘息服務,新北市,板橋區;三峽區,0980-427-952,ases50424@gmail.com,吳詩婕,20250101.0,20271231.0,20241226 09:41:51
臺北市私立樂齡居家長照機構,1X0100042,1,臺北市,大同區,臺北市大同區重慶北路一段30號3樓(322室),121.5135574341,25.0508613586,B,居家服務,臺北市,大同區;萬華區,0920-851-115,mag35733@gmail.com,陳秉睿,20240101.0,20261231.0,20231229 10:18:55
新北市市敏動齡健康關懷協會(板橋文化站) (社照C),BF0200276,BF,新北市,板橋區,新北市板橋區文化里光武街48巷47弄7號2樓,121.4679718018,25.0273208618,C,巷弄長照站,新北市,板橋區,02-2253-2808,sandy955215@gmail.com,陳惠仙,20240101.0,20241231.0,20240531 21:29:07
日馨居服實業有限公司附設新北市私立日馨居家長照機構,1R0200070,1,新北市,中和區,新北市中和區捷運路8-21號12樓,121.5104141235,24.9897651672,B,喘息服務,新北市,板橋區;三重區;中和區,2943-0133,dayshinhomecare@gmail.com,傅翰強,20250101.0,20271231.0,20241217 14:41:26
愛斯特居服有限公司附設臺北市私立愛斯特居家長照機構,1R0100060,1,臺北市,大同區,臺北市大同區建明里市民大道一段211號11樓之27,121.518409729,25.0491333008,B,居家服務,臺北市,松山區;大安區;大同區;萬華區;士林區,0922-225499,esther.careforyou@gmail.com,薛弼仁,20241014.0,20261231.0,20241017 14:06:41
愛斯特居服有限公司附設臺北市私立愛斯特居家長照機構,1R0100060,1,臺北市,大同區,臺北市大同區建明里市民大道一段211號11樓之27,121.518409729,25.0491333008,B,居家服務,臺北市,大同區;萬華區,0922-225499,esther.careforyou@gmail.com,薛弼仁,20231219.0,20261231.0,20231219 16:22:06
愛馨居服有限公司附設臺北市私立松山悅馨社區長照機構,2V0100010,2,臺北市,松山區,臺北市松山區南京東路5段230號2樓之4、2樓之5及2樓之6,121.5656814575,25.0511760712,B,日間照顧服務,臺北市,松山區;信義區;大安區;中山區;中正區;大同區;萬華區;文山區;南港區;內湖區;士林區;北投區,87862031,yueshindaycare@gmail.com,傅翰強,20240101.0,20261231.0,20240104 15:03:00
煦橙股份有限公司附設新北市私立新店煦橙綜合長照機構,4V0200003,4,新北市,新店區,新北市新店區廣明里光明街98之1號4樓,121.5391159058,24.9603748322,B,居家服務,新北市,新店區,(02)8919-3656,morange3656@gmail.com,蔡雅伶,20250101.0,20271231.0,20241227 09:52:51
煦橙股份有限公司附設新北市私立新店煦橙綜合長照機構,4V0200003,4,新北市,新店區,新北市新店區廣明里光明街98之1號4樓,121.5391159058,24.9603748322,B,日間照顧服務,新北市,中和區;永和區;新店區,(02)8919-3656,morange3656@gmail.com,蔡雅伶,20250101.0,20271231.0,20241227 09:52:08
社團法人中華善德關懷協會(鶯歌站)(社照C),BE0200088,BE,新北市,鶯歌區,新北市鶯歌區鳳鳴里鳳鳴路547號,121.3300018311,24.9699993134,C,巷弄長照站,新北市,鶯歌區,0975821326,sd.shande@gmail.com,李函軒,20240101.0,20241231.0,20240707 14:29:33
花甲樂股份有限公司附設臺北市私立文山花甲樂社區長照機構,2V0100011,2,臺北市,文山區,臺北市文山區景興路222號1樓,121.5432815552,24.9910984039,B,喘息服務,臺北市,松山區;信義區;大安區;中山區;中正區;大同區;萬華區;文山區;南港區;內湖區;士林區;北投區,29302806,huajiale2022@gmail.com,唐于婷,20240315.0,20241231.0,20240315 11:59:56
元荷國際貿易有限公司附設新北市私立元荷居家長照機構,1R0200076,1,新北市,板橋區,新北市板橋區中山路一段293-1號7樓之1(701室),121.4585189819,25.012298584,B,居家服務,新北市,板橋區;三重區;中和區;林口區,02-22427675,glotus678@gmail.com,陳乙菲,20250101.0,20271231.0,20250114 10:00:19
浩盛國際人力顧問股份有限公司附設新北市私立浩盛居家長照機構,1V0200108,1,新北市,新莊區,新北市新莊區新北大道四段171號2樓YS201室,121.44581604,25.058631897,B,喘息服務,新北市,三重區;新莊區;泰山區,0903516204,haosheng11211@gmail.com,黃瑋翔,20250101.0,20271231.0,20241219 14:39:16
抵家長期照顧股份有限公司附設新北市私立抵家居家長照機構,1V0200089,1,新北市,三重區,新北市三重區三民街317巷1號,121.4909591675,25.0805015564,B,居家服務,新北市,板橋區;三重區;新莊區;蘆洲區,2989-0001,dijia2023@gmail.com,林思巧,20250101.0,20271231.0,20241218 14:28:01
抵家長期照顧股份有限公司附設新北市私立抵家居家長照機構,1V0200089,1,新北市,三重區,新北市三重區三民街317巷1號,121.4909591675,25.0805015564,B,喘息服務,新北市,板橋區;三重區;新莊區;蘆洲區,2989-0001,dijia2023@gmail.com,林思巧,20250101.0,20271231.0,20241218 14:28:32
惠生活事業股份有限公司附設新北市私立惠生活居家長照機構,1V0200104,1,新北市,板橋區,新北市板橋區中山路一段10號11樓1150室,121.4601211548,25.0079612732,B,喘息服務,新北市,板橋區;樹林區,0229557698,meifen0529@gmail.com,王惠如,20250101.0,20271231.0,20241216 10:49:20
居達居家職能治療所,B50200016,B5,新北市,汐止區,新北市汐止區復興里023鄰新台五路一段159號12樓,121.6537704468,25.062417984,B,專業照護服務(CC01),新北市,三重區;新店區;三峽區;汐止區,0963227177,rehabilition@gmail.com,吳育學,20250101.0,20271231.0,20241225 11:52:48
臺北市立聯合醫院附設陽明居家護理所,B10100071,B1,臺北市,士林區,臺北市士林區雨聲街105號6樓,1.0,1.0,B,專業照護服務,臺北市,士林區;北投區,02-28353456*6306,B1655@tpech.gov.tw,陳雅芳,20231128.0,20241231.0,20231130 09:53:03
財團法人天主教失智老人社會福利基金會,BD0100089,BD,臺北市,萬華區,臺北市萬華區德昌街125巷11號,121.4969329834,25.023639679,A,個案管理服務,臺北市,萬華區,02-23096500,a23096500@gmail.com,鍾安住,20250101.0,20261231.0,20241231 17:01:27
慈馨健康有限公司附設新北市私立康乃馨居家長照機構,1V0200099,1,新北市,蘆洲區,新北市蘆洲區環堤大道174號4樓,121.4564590454,25.0899047852,B,居家服務,新北市,三重區;蘆洲區;五股區,82820382,piju660717@gmail.com,湯素菊,20250101.0,20271231.0,20241227 11:02:40
安泰居家有限公司附設新北市私立安泰居家長照機構,1V0200100,1,新北市,新莊區,新北市新莊區思源路601號5樓A9,121.4417648315,25.0845375061,B,喘息服務,新北市,新莊區;五股區,02-7729-1855,antaihsc@gmail.com,劉俊裕,20250101.0,20271231.0,20241205 10:34:20
順康儀器有限公司,BB0100007,BB,臺北市,內湖區,臺北市內湖區湖興里成功路二段440號,121.5895614624,25.0718383789,B,輔具及居家無障礙環境服務,臺中市,中區;東區;南區;西區;北區;西屯區;南屯區;北屯區;豐原區;東勢區;大甲區;清水區;沙鹿區;梧棲區;后里區;神岡區;潭子區;大雅區;新社區;石岡區;外埔區;大安區;烏日區;大肚區;龍井區;霧峰區;太平區;大里區;和平區,02-27967819,surewellcome@gmail.com,陳嬋真,20240701.0,20270630.0,20240730 11:04:18
弘新醫療器材有限公司,BB0100010,BB,臺北市,士林區,臺北市士林區文昌路108號1樓,121.5210952759,25.0967292786,B,輔具及居家無障礙環境服務,臺中市,中區;東區;南區;西區;北區;西屯區;南屯區;北屯區;豐原區;東勢區;大甲區;清水區;沙鹿區;梧棲區;后里區;神岡區;潭子區;大雅區;新社區;石岡區;外埔區;大安區;烏日區;大肚區;龍井區;霧峰區;太平區;大里區;和平區,02-28359103,homething1996@gmail.com,張創誠,20240701.0,20270630.0,20240815 19:59:08
新北市私立秝達居家長照機構,1X0200143,1,新北市,板橋區,新北市板橋區新海路330號2樓,121.4604644775,25.0240898132,B,喘息服務,新北市,板橋區,0909040908,ball658@yahoo.com.tw,郭宜錚,20250101.0,20271231.0,20241223 11:48:20
財團法人老五老基金會,BD0100094,BD,臺北市,北投區,臺北市北投區石牌路一段14號,121.5107498169,25.1131153107,A,個案管理服務,臺北市,北投區,02-28212959,bt@ofo.org.tw,陳麗欣,20230731.0,20241231.0,20250114 18:20:18
翎果有限公司附設新北市私立翎果居家長照機構,1V0200103,1,新北市,蘆洲區,新北市蘆洲區中山一路161號3樓R10室,121.4749984741,25.0809993744,B,喘息服務,新北市,三重區;蘆洲區,0936338360,Yiyi101786@gmail.com,張碩麟,20250101.0,20271231.0,20241226 10:57:18
惠生活事業股份有限公司附設新北市私立惠生活居家長照機構,1V0200104,1,新北市,板橋區,新北市板橋區中山路一段10號11樓1150室,121.4601211548,25.0079612732,B,居家服務,新北市,板橋區;樹林區,0229557698,meifen0529@gmail.com,王惠如,20250101.0,20271231.0,20241216 10:48:46
財團法人高雄市私立聖和社會福利慈善事業基金會附設臺北市私立小彎社區長照機構,2S0100030,2,臺北市,南港區,臺北市南港區向陽路248號1樓,121.5934143066,25.0572185516,B,小規模多機能服務,臺北市,松山區;信義區;大安區;中山區;中正區;大同區;萬華區;文山區;南港區;內湖區;士林區;北投區,02-27836609,yi89313@yahoo.com.tw,林文雄,20231204.0,20251231.0,20231205 15:22:57
財團法人高雄市私立聖和社會福利慈善事業基金會附設臺北市私立小彎社區長照機構,2S0100030,2,臺北市,南港區,臺北市南港區向陽路248號1樓,121.5934143066,25.0572185516,B,小規模多機能服務,臺北市,松山區;信義區;大安區;中山區;中正區;大同區;萬華區;文山區;南港區;內湖區;士林區;北投區,02-27836609,yi89313@yahoo.com.tw,林文雄,20250101.0,20261231.0,20250204 15:58:14
社團法人輕安健康關懷協會新北市私立輕安汐止綜合長照機構,4R0200006,4,新北市,汐止區,新北市汐止區環河里福德一路392巷52號,121.6264038086,25.0634498596,B,日間照顧服務,新北市,汐止區;瑞芳區;深坑區;平溪區;金山區;萬里區,0912412600*6103,ltc001690@tzuchi.org.tw,林碧玉,20250101.0,20271231.0,20241226 15:37:06
社團法人輕安健康關懷協會新北市私立輕安汐止綜合長照機構,4R0200006,4,新北市,汐止區,新北市汐止區環河里福德一路392巷52號,121.6264038086,25.0634498596,B,喘息服務,新北市,汐止區;瑞芳區;深坑區;平溪區;金山區;萬里區,0912412600*6103,ltc001690@tzuchi.org.tw,林碧玉,20250101.0,20271231.0,20241226 15:37:46
財團法人高雄市私立聖和社會福利慈善事業基金會附設臺北市私立小彎社區長照機構,2S0100030,2,臺北市,南港區,臺北市南港區向陽路248號1樓,121.5934143066,25.0572185516,B,小規模多機能服務,新北市,淡水區;汐止區,02-27836609,yi89313@yahoo.com.tw,林文雄,20250101.0,20271231.0,20250110 11:16:19
財團法人高雄市私立聖和社會福利慈善事業基金會附設臺北市私立小彎社區長照機構,2S0100030,2,臺北市,南港區,臺北市南港區向陽路248號1樓,121.5934143066,25.0572185516,B,喘息服務,新北市,淡水區;汐止區,02-27836609,yi89313@yahoo.com.tw,林文雄,20250101.0,20271231.0,20250110 11:16:43
立詒長照有限公司附設新北市私立宥典居家長照機構,1R0200073,1,新北市,板橋區,新北市板橋區裕民街151號2樓,121.4586257935,25.0270347595,B,居家服務,新北市,板橋區;樹林區;鶯歌區,02-22781719,liyi.longcare@gmail.com,蔣曉文,20250101.0,20271231.0,20241226 10:06:28
臺北市立聯合醫院附設陽明居家護理所,B10100071,B1,臺北市,士林區,臺北市士林區雨聲街105號6樓,1.0,1.0,B,專業照護服務,臺北市,士林區;北投區,02-28353456*6306,B1655@tpech.gov.tw,陳雅芳,20250101.0,20261231.0,20241030 09:58:17
一斗長期照護股份有限公司附設新北市私立一斗居家長照機構,1R0200078,1,新北市,板橋區,新北市板橋區三民路二段33號14樓(A02室),121.4794158936,25.0176620483,B,喘息服務,新北市,板橋區;瑞芳區;雙溪區,0930365022,istilllove10917@gmail.com,游采玲,20250101.0,20271231.0,20241219 14:13:03
皓仁健康照護事業有限公司附設臺北市私立皓仁居家長照機構,1V0100047,1,臺北市,大安區,臺北市大安區大安區四維路198巷29號2樓,121.5474777222,25.0267086029,B,居家服務,臺北市,信義區;大安區;文山區,0977-028-916,dale@haoren.com.tw,謝李麗雲,20240101.0,20261231.0,20231229 11:17:45
國亨行銷事業股份有限公司附設臺北市私立好好社區長照機構,2R0100020,2,臺北市,北投區,臺北市北投區豐年里大業路527巷33號1樓,121.4912567139,25.137342453,B,日間照顧服務,臺北市,松山區;信義區;大安區;中山區;中正區;大同區;萬華區;文山區;南港區;內湖區;士林區;北投區,02-28977118,howhow527331@gmail.com,馬佳徵,20240501.0,20261231.0,20240507 17:16:36
花甲樂股份有限公司附設臺北市私立文山花甲樂社區長照機構,2V0100011,2,臺北市,文山區,臺北市文山區景興路222號1樓,121.5432815552,24.9910984039,B,喘息服務,臺北市,松山區;信義區;大安區;中山區;中正區;大同區;萬華區;文山區;南港區;內湖區;士林區;北投區,29302806,huajiale2022@gmail.com,唐于婷,20250101.0,20261231.0,20250204 15:18:05
澄和有限公司附設新北市私立宜和居家長照機構,1R0200074,1,新北市,板橋區,新北市板橋區漢生東路21號9樓,121.6577911377,24.9181995392,B,居家服務,新北市,板橋區;中和區;永和區;新莊區,0932281127,yiho2310@gmail.com,吳聲朋,20250101.0,20271231.0,20241216 15:44:39
新北市板橋莒光天上聖母會,BF0200253,BF,新北市,板橋區,新北市板橋區莒光里文化路二段124巷8號,121.4705581665,25.0259037018,C,巷弄長照站,新北市,板橋區,0932947902,k0932947902@gmail.com,戴圭柱,20240101.0,20241231.0,20240531 21:23:32
福鷺社會企業有限公司附設新北市私立三重福鷺社區長照機構,2V0200007,2,新北市,三重區,新北市三重區正義北路195號4樓、4樓之1,121.4962615967,25.0682086945,B,喘息服務,新北市,板橋區;三重區;新莊區;蘆洲區;五股區,2988-0501,fuluseltc@gmail.com,張凱智,20250101.0,20271231.0,20241231 11:49:56
煦橙股份有限公司附設新北市私立新店煦橙綜合長照機構,4V0200003,4,新北市,新店區,新北市新店區廣明里光明街98之1號4樓,121.5391159058,24.9603748322,B,喘息服務,新北市,中和區;永和區;新店區,(02)8919-3656,morange3656@gmail.com,蔡雅伶,20250101.0,20271231.0,20241227 09:53:13
眾心企業股份有限公司附設新北市私立樂安居家長照機構,1V0200111,1,新北市,中和區,新北市中和區廣福路12-3號1樓,121.5053405762,25.0028591156,B,喘息服務,新北市,板橋區;中和區,0972533691,Raincy.chang@hotmail.com,白三奇,20250101.0,20271231.0,20241226 14:00:02
臺北市私立誠達居家長照機構,1X0100047,1,臺北市,信義區,臺北市信義區廣居里 忠孝東路5段476號8樓802室,121.5773010254,25.0406627655,B,居家服務,臺北市,松山區;信義區;大安區,0935-191-597,baby.mischievous@gmail.com,陳芝綾,20240910.0,20261231.0,20240910 17:20:43
社團法人新北市復康愛關懷協會,BE0200096,BE,新北市,三峽區,新北市三峽區介壽路一段276巷108弄12號5樓,121.3797454834,24.9281902313,B,交通接送服務,新北市,樹林區;鶯歌區;三峽區,02-86743999,bd168372@gmail.com,陳歆,20250101.0,20271231.0,20241223 10:33:07
眾心企業股份有限公司附設新北市私立樂安居家長照機構,1V0200111,1,新北市,中和區,新北市中和區廣福路12-3號1樓,121.5053405762,25.0028591156,B,居家服務,新北市,板橋區;中和區,0972533691,Raincy.chang@hotmail.com,白三奇,20250101.0,20271231.0,20241226 13:58:28
澄和有限公司附設新北市私立宜和居家長照機構,1R0200074,1,新北市,板橋區,新北市板橋區漢生東路21號9樓,121.6577911377,24.9181995392,B,喘息服務,新北市,板橋區;中和區;永和區;新莊區,0932281127,yiho2310@gmail.com,吳聲朋,20250101.0,20271231.0,20241216 15:45:08
國亨行銷事業股份有限公司附設臺北市私立好好社區長照機構,2R0100020,2,臺北市,北投區,臺北市北投區豐年里大業路527巷33號1樓,121.4912567139,25.137342453,B,日間照顧服務,新北市,淡水區,02-28977118,howhow527331@gmail.com,馬佳徵,20250101.0,20271231.0,20241227 13:46:24
財團法人伊甸社會福利基金會,BA0100045,BA,臺北市,文山區,臺北市文山區萬美街一段55號3樓,121.5681152344,25.0023422241,B,交通接送服務(DA01),高雄市,左營區;楠梓區,07-3223021,edenC0619@eden.org.tw,陳宇昭,20231211.0,20261231.0,20250102 11:43:30
一斗長期照護股份有限公司附設新北市私立一斗居家長照機構,1R0200078,1,新北市,板橋區,新北市板橋區三民路二段33號14樓(A02室),121.4794158936,25.0176620483,B,居家服務,新北市,板橋區;瑞芳區;雙溪區,0930365022,istilllove10917@gmail.com,游采玲,20250101.0,20271231.0,20241219 14:12:01
達心居家護理所,B10200103,B1,新北市,三重區,新北市三重區重陽路二段52巷83弄3號2樓,121.4843521118,25.0656356812,B,專業照護服務,新北市,板橋區;三重區;土城區,02-29849640,dasin.nursing@gmail.com,林宜丹,20231218.0,20241231.0,20231221 09:16:34
皓仁健康照護事業有限公司附設臺北市私立皓仁居家長照機構,1V0100047,1,臺北市,大安區,臺北市大安區大安區四維路198巷29號2樓,121.5474777222,25.0267086029,B,喘息服務,臺北市,信義區;大安區;文山區,0977-028-916,dale@haoren.com.tw,謝李麗雲,20240513.0,20241231.0,20240514 09:18:07
皓仁健康照護事業有限公司附設臺北市私立皓仁居家長照機構,1V0100047,1,臺北市,大安區,臺北市大安區大安區四維路198巷29號2樓,121.5474777222,25.0267086029,B,喘息服務,臺北市,信義區;大安區;文山區,0977-028-916,dale@haoren.com.tw,謝李麗雲,20250101.0,20261231.0,20241106 19:41:08
國亨行銷事業股份有限公司附設臺北市私立好好社區長照機構,2R0100020,2,臺北市,北投區,臺北市北投區豐年里大業路527巷33號1樓,121.4912567139,25.137342453,B,喘息服務,臺北市,士林區;北投區,02-28977118,howhow527331@gmail.com,馬佳徵,20250429.0,20261231.0,20250430 09:55:02
丁大元診所,B20100111,B2,臺北市,內湖區,臺北市內湖區東湖路119巷49弄4號,121.6171340942,25.0699043274,B,居家失能個案家庭醫師照護服務,新北市,汐止區,02-26331010,dauyuan@hotmail.com,丁大元,20250101.0,20271231.0,20241220 09:23:34
新北市永和區中興里辦公處(社照C),BG0200060,BG,新北市,永和區,新北市永和區中興里復興街88號1樓,121.5172958374,25.0136299133,C,巷弄長照站,新北市,永和區,02-29266550,j6rmp4u4571@gmail.com,林東誼,20230101.0,20231231.0,20230530 21:19:51
幼恩診所,B20200256,B2,新北市,深坑區,新北市深坑區北深路三段173號,121.6017150879,25.0034942627,B,居家失能個案家庭醫師照護服務,新北市,深坑區,02-26625951,ho_yhs@yahoo.com.tw,何延祥,20250101.0,20271231.0,20250110 14:52:46
端豈資產管理股份有限公司附設臺北市私立端豈居家長照機構,1R0100057,1,臺北市,文山區,臺北市文山區忠順街一段18號1樓,121.5585632324,24.9839076996,B,居家服務,臺北市,信義區;大安區;文山區,2936-6360,duanchi202211@gmail.com,吳柏勳,20240206.0,20261231.0,20240217 16:49:12
財團法人天主教失智老人社會福利基金會,BD0100089,BD,臺北市,萬華區,臺北市萬華區德昌街125巷11號,121.4969329834,25.023639679,A,個案管理服務,臺北市,萬華區,02-23096500,a23096500@gmail.com,鍾安住,20230101.0,20241231.0,20230504 18:26:02
新北市樹林區東昇里辦公處(社照C),BF0200262,BF,新北市,樹林區,新北市樹林區東昇里3鄰中山路二段78-1號1樓(巡守隊辦公室),121.4153060913,24.9840679169,C,巷弄長照站,新北市,樹林區,(02)8685-6377,Power0922988383@gmail.com,詹麒叡,20230501.0,20231231.0,20230531 10:42:40
新北市永和區店街里辦公處(社照C),BG0200062,BG,新北市,永和區,新北市永和區店街里中正路465巷18號,121.516418457,25.0060062408,C,巷弄長照站,新北市,永和區,02-2920-7089,wanghsinjen@gmail.com,王訢人,20230501.0,20231231.0,20230531 20:32:29
恆愛實業有限公司附設新北市私立恆愛居家長照機構,1V0200109,1,新北市,三重區,新北市三重區重新路四段89號10樓A室,121.4861297607,25.0555782318,B,喘息服務,新北市,三重區;新莊區;蘆洲區;五股區;泰山區,2977-5001,hengai2023@gmail.com,張幼枝,20250101.0,20271231.0,20250204 11:51:53
承羲有限公司附設新北市私立承羲居家長照機構,1V0200113,1,新北市,板橋區,新北市板橋區文化路一段329號4樓(A05室),121.4663085938,25.0206661224,B,居家服務,新北市,板橋區;永和區,0956727686,chengxi5398@gmail.com,洪若婷,20250101.0,20271231.0,20241217 10:08:05
日日好日社會企業有限公司附設新北市私立時時好時社區長照機構,2V0200009,2,新北市,蘆洲區,新北市蘆洲區長樂路93號2樓,121.4624099731,25.0871315002,B,日間照顧服務,新北市,板橋區;三重區;新莊區;蘆洲區;五股區,82867600,haoday93@gmail.com,陳芷璿,20250101.0,20271231.0,20241227 14:28:00
全佳居家護理所,B10100075,B1,臺北市,北投區,臺北市北投區中和街40號6樓之45室,121.5027008057,25.1382045746,B,居家失能個案家庭醫師照護服務,臺北市,中山區;中正區;大同區;士林區;北投區,02-28962900,chuanchia109@gmail.com,全欣怡,20240205.0,20241231.0,20240912 17:25:03
全佳居家護理所,B10100075,B1,臺北市,北投區,臺北市北投區中和街40號6樓之45室,121.5027008057,25.1382045746,B,居家失能個案家庭醫師照護服務,臺北市,中山區;中正區;大同區;士林區;北投區,02-28962900,chuanchia109@gmail.com,全欣怡,20250101.0,20261231.0,20250204 16:15:34
光慈全人關懷股份有限公司附設新北市私立東昇社區長照機構,2V0200008,2,新北市,新店區,新北市新店區江陵里中正路500號1樓,121.5342636108,24.9823894501,B,日間照顧服務,新北市,板橋區;中和區;永和區;新店區;土城區;烏來區,8667-1018,lightlove8888@gmail.com,蘇燕玲,20250101.0,20271231.0,20241227 10:31:57
光慈全人關懷股份有限公司附設新北市私立東昇社區長照機構,2V0200008,2,新北市,新店區,新北市新店區江陵里中正路500號1樓,121.5342636108,24.9823894501,B,喘息服務,新北市,板橋區;中和區;永和區;新店區;土城區;烏來區,8667-1018,lightlove8888@gmail.com,蘇燕玲,20250101.0,20271231.0,20241227 10:32:27
新北市私立新莊不老社區長照機構,2X0200025,2,新北市,新莊區,新北市新莊區興漢里中正路160號3樓,121.4512939453,25.0360031128,B,喘息服務,新北市,新莊區,0937917829,longtermcare.xz2@gmail.com,陳昱翔,20250101.0,20271231.0,20250106 11:29:15
社團法人台灣微光行動協會(基隆市),BA0200036,BA,新北市,新店區,新北市新店區文化路80巷11號,121.4971466064,24.9469852448,B,交通接送服務(DA01),基隆市,中正區;七堵區;暖暖區;仁愛區;中山區;安樂區;信義區,02-29127989,allenwu@bethelight.org.tw,李嘉峰,20250101.0,20271231.0,20250305 18:22:23
社團法人台灣微光行動協會(基隆市),BA0200036,BA,新北市,新店區,新北市新店區文化路80巷11號,121.4971466064,24.9469852448,B,社區式交通接送服務(BD03),基隆市,中正區;七堵區;暖暖區;仁愛區;中山區;安樂區;信義區,02-29127989,allenwu@bethelight.org.tw,李嘉峰,20250101.0,20271231.0,20250305 18:22:23
全醫好健康有限公司附設新北市私立十全居家長照機構,1V0200116,1,新北市,蘆洲區,新北市蘆洲區中山一路161號3樓R11室,121.475479126,25.0814914703,B,專業照護服務,新北市,三重區;蘆洲區,0925790290,gsk.md.ada@gmail.com,俞政文,20250101.0,20271231.0,20250306 15:22:58
全醫好健康有限公司附設新北市私立十全居家長照機構,1V0200116,1,新北市,蘆洲區,新北市蘆洲區中山一路161號3樓R11室,121.475479126,25.0814914703,B,喘息服務,新北市,三重區;蘆洲區,0925790290,gsk.md.ada@gmail.com,俞政文,20250101.0,20271231.0,20241217 11:35:00
中華璟濰長照發展協會(社照C),BF0200265,BF,新北市,中和區,新北市中和區安順里安平路40號,121.5101089478,24.995267868,C,巷弄長照站,新北市,中和區,02-82458585,cwcare2019@gmail.com,王瑀潔,20230101.0,20231231.0,20230531 16:57:16
擁心健康事業有限公司附設新北市私立瓏寶居家式長照機構,1R0200079,1,新北市,淡水區,新北市淡水區民權路111號3樓B03室,121.4602661133,25.137462616,B,居家服務,新北市,淡水區;蘆洲區;五股區,0975506075,yungshin2001@gmail.com,魏向岑,20250101.0,20271231.0,20250110 14:11:40
采鋐整合行銷股份有限公司附設臺北市私立采鋐照護伴隨居家長照機構,1R0100067,1,臺北市,信義區,臺北市信義區西村里臺北市信義區信義路5段5號2樓2B21及2B22室,121.5627441406,25.0328350067,B,居家服務,臺北市,信義區;大安區,02-66269168,longtermcare@media-wind.com.tw,張向昕,20250305.0,20261231.0,20250307 11:05:08
暄悅長照有限公司附設臺北市私立暄悅永安社區長照機構,2V0100012,2,臺北市,文山區,臺北市文山區木新里永安街6巷11號1樓,121.5695800781,24.987159729,B,喘息服務,臺北市,松山區;信義區;大安區;中山區;中正區;大同區;萬華區;文山區;南港區;內湖區;士林區;北投區,23659991,syuanyue2022@gmail.com,莊宏誼,20240522.0,20241231.0,20240523 09:16:23
國亨行銷事業股份有限公司附設臺北市私立好好社區長照機構,2R0100020,2,臺北市,北投區,臺北市北投區豐年里大業路527巷33號1樓,121.4912567139,25.137342453,B,喘息服務,新北市,淡水區,02-28977118,howhow527331@gmail.com,馬佳徵,20250101.0,20271231.0,20241227 13:46:45
漢唐健康長期照護事業股份有限公司附設臺北市私立晨晞社區長照機構,2R0100021,2,臺北市,士林區,臺北市士林區天母東路6之4號2樓,121.5308303833,25.1180095673,B,日間照顧服務,臺北市,松山區;信義區;大安區;中山區;中正區;大同區;萬華區;文山區;南港區;內湖區;士林區;北投區,02-28727332,chenxihealth@gmail.com,李尚其,20231226.0,20251231.0,20231226 15:23:00
泉益居家有限公司附設臺北市私立眾益居家長照機構,1V0100050,1,臺北市,萬華區,臺北市萬華區萬大路322巷67號,121.4979858398,25.0244979858,B,居家服務,臺北市,大安區;大同區;萬華區,0937035161,jungyi11303@gmail.com,詹弘毅,20250101.0,20261231.0,20250102 17:19:09
福善有限公司附設新北市私立福善居家長照機構,1R0200088,1,新北市,金山區,新北市金山區中山路316號1樓,121.6341781616,25.2249698639,B,居家服務,新北市,金山區;萬里區,0958-660812,sunny37470@yahoo.com.tw,陳宥羚,20250101.0,20271231.0,20241226 10:45:27
善誠健康事業股份有限公司附設臺北市私立大安善誠居家長照機構,1V0100048,1,臺北市,大安區,臺北市大安區忠孝東路4段148號7樓717室,121.549911499,25.0412979126,B,居家服務,臺北市,松山區;大安區;文山區,02-27790951,ltcservice@suncherish.com.tw,林仁德,20240101.0,20261231.0,20240301 13:24:55
守護星股份有限公司附設臺北市私立守護星居家長照機構,1R0100069,1,臺北市,大安區,臺北市大安區通化里信義路四段296號15樓5-2室,121.5545883179,25.0329475403,B,居家服務,臺北市,松山區;信義區;大安區,0227012891分機8161,guardianstar.care@gmail.com,賴德綸,20240517.0,20261231.0,20240523 19:23:44
恆愛實業有限公司附設新北市私立恆愛居家長照機構,1V0200109,1,新北市,三重區,新北市三重區重新路四段89號10樓A室,121.4861297607,25.0555782318,B,居家服務,新北市,三重區;新莊區;蘆洲區;五股區;泰山區,2977-5001,hengai2023@gmail.com,張幼枝,20250101.0,20271231.0,20250204 11:51:02
臺北市私立誠達居家長照機構,1X0100047,1,臺北市,信義區,臺北市信義區廣居里 忠孝東路5段476號8樓802室,121.5773010254,25.0406627655,B,喘息服務,臺北市,松山區;信義區;大安區;中山區;中正區;大同區;萬華區;文山區;南港區;內湖區;士林區;北投區,0935-191-597,baby.mischievous@gmail.com,陳芝綾,20241111.0,20261231.0,20241112 10:51:05
承羲有限公司附設新北市私立承羲居家長照機構,1V0200113,1,新北市,板橋區,新北市板橋區文化路一段329號4樓(A05室),121.4663085938,25.0206661224,B,喘息服務,新北市,板橋區;永和區,0956727686,chengxi5398@gmail.com,洪若婷,20250101.0,20271231.0,20241217 10:09:11
花甲樂股份有限公司附設臺北市私立文山花甲樂社區長照機構,2V0100011,2,臺北市,文山區,臺北市文山區景興路222號1樓,121.5432815552,24.9910984039,B,日間照顧服務,臺北市,松山區;信義區;大安區;中山區;中正區;大同區;萬華區;文山區;南港區;內湖區;士林區;北投區,29302806,huajiale2022@gmail.com,唐于婷,20231219.0,20251231.0,20231222 10:03:00
沐松有限公司附設新北市私立沐松居家長照機構,1R0200075,1,新北市,板橋區,新北市板橋區三民路二段33號14樓(B5室),121.4655303955,25.0134391785,B,居家服務,新北市,板橋區;三重區,0961199163,maison199163@gmail.com,莊婷茹,20250101.0,20271231.0,20241226 10:21:19
善誠健康事業股份有限公司附設臺北市私立大安善誠居家長照機構,1V0100048,1,臺北市,大安區,臺北市大安區忠孝東路4段148號7樓717室,121.549911499,25.0412979126,B,喘息服務,臺北市,松山區;大安區;文山區,02-27790951,ltcservice@suncherish.com.tw,林仁德,20240502.0,20241231.0,20240503 09:33:25
沛熙居家護理所,B10200105,B1,新北市,汐止區,新北市汐止區新台五路一段95號16樓之1(R3室),121.6479644775,25.0616207123,B,專業照護服務,新北市,汐止區,0986-125697,peiyi1121106@gmail.com,陳沛希,20240322.0,20241231.0,20240325 10:08:23
沐松有限公司附設新北市私立沐松居家長照機構,1R0200075,1,新北市,板橋區,新北市板橋區三民路二段33號14樓(B5室),121.4655303955,25.0134391785,B,喘息服務,新北市,板橋區;三重區,0961199163,maison199163@gmail.com,莊婷茹,20250101.0,20271231.0,20241226 10:22:08
元荷國際貿易有限公司附設新北市私立元荷居家長照機構,1R0200076,1,新北市,板橋區,新北市板橋區中山路一段293-1號7樓之1(701室),121.4585189819,25.012298584,B,喘息服務,新北市,板橋區;三重區;中和區;林口區,02-22427675,glotus678@gmail.com,陳乙菲,20250101.0,20271231.0,20250114 10:00:54
佳臻有限公司附設臺北市私立佳臻居家長照機構,1R0100065,1,臺北市,大同區,臺北市大同區長安西路84號6樓之1,121.5191192627,25.0503177643,B,居家服務,臺北市,大同區,02-2559-8131,0426jiazhen@gmail.com,陳瀅琇,20241115.0,20261231.0,20241119 13:56:01
雙寶醫療器材有限公司,BB0200008,BB,新北市,三峽區,新北市三峽區復興路485號1樓,121.3613433838,24.9383716583,B,輔具及居家無障礙環境服務,臺中市,中區;東區;南區;西區;北區;西屯區;南屯區;北屯區;豐原區;東勢區;大甲區;清水區;沙鹿區;梧棲區;后里區;神岡區;潭子區;大雅區;新社區;石岡區;外埔區;大安區;烏日區;大肚區;龍井區;霧峰區;太平區;大里區;和平區,02-2671-2002,bbhomecare5888@gmail.com,詹雅惠,20240701.0,20270630.0,20240621 10:28:52
浩盛國際人力顧問股份有限公司附設新北市私立浩盛居家長照機構,1V0200108,1,新北市,新莊區,新北市新莊區新北大道四段171號2樓YS201室,121.44581604,25.058631897,B,居家服務,新北市,三重區;新莊區;泰山區,0903516204,haosheng11211@gmail.com,黃瑋翔,20250101.0,20271231.0,20241219 14:38:54
擁心健康事業有限公司附設新北市私立瓏寶居家式長照機構,1R0200079,1,新北市,淡水區,新北市淡水區民權路111號3樓B03室,121.4602661133,25.137462616,B,喘息服務,新北市,新莊區;淡水區;五股區,0975506075,yungshin2001@gmail.com,魏向岑,20250101.0,20271231.0,20250110 14:12:16
適群健康事業有限公司附設臺北市私立頤家社區長照機構,2X0100015,2,臺北市,大安區,臺北市大安區和安里信義路三段147巷17弄5號1樓,121.5426940918,25.0357036591,B,日間照顧服務,臺北市,松山區;信義區;大安區;中山區;中正區;大同區;萬華區;文山區;南港區;內湖區;士林區;北投區,(02)27063700,ejiadaycare@gmail.com,宋偉豪,20240328.0,20261231.0,20240408 18:17:00
新北市私立新莊不老社區長照機構,2X0200025,2,新北市,新莊區,新北市新莊區興漢里中正路160號3樓,121.4512939453,25.0360031128,B,日間照顧服務,新北市,新莊區,0937917829,longtermcare.xz2@gmail.com,陳昱翔,20250101.0,20271231.0,20250106 11:28:43
全醫好健康有限公司附設新北市私立十全居家長照機構,1V0200116,1,新北市,蘆洲區,新北市蘆洲區中山一路161號3樓R11室,121.475479126,25.0814914703,B,專業照護服務,新北市,三重區;蘆洲區,0925790290,gsk.md.ada@gmail.com,俞政文,20240516.0,20241231.0,20240520 09:38:03
全醫好健康有限公司附設新北市私立十全居家長照機構,1V0200116,1,新北市,蘆洲區,新北市蘆洲區中山一路161號3樓R11室,121.475479126,25.0814914703,B,居家服務,新北市,三重區;蘆洲區,0925790290,gsk.md.ada@gmail.com,俞政文,20250101.0,20271231.0,20241217 11:34:37
日日好日社會企業有限公司附設新北市私立時時好時社區長照機構,2V0200009,2,新北市,蘆洲區,新北市蘆洲區長樂路93號2樓,121.4624099731,25.0871315002,B,喘息服務,新北市,板橋區;三重區;新莊區;蘆洲區;五股區,82867600,haoday93@gmail.com,陳芷璿,20250101.0,20271231.0,20241227 14:28:44
泉益居家有限公司附設臺北市私立眾益居家長照機構,1V0100050,1,臺北市,萬華區,臺北市萬華區萬大路322巷67號,121.4979858398,25.0244979858,B,喘息服務,臺北市,大安區;中山區;中正區;大同區;萬華區,0937035161,jungyi11303@gmail.com,詹弘毅,20250328.0,20261231.0,20250331 13:52:19
苷心有限公司附設臺北市私立苷心居家長照機構,1V0100051,1,臺北市,大安區,臺北市大安區車層里忠孝東路四段235號11樓1113室,121.5537796021,25.0416202545,B,喘息服務,臺北市,松山區;信義區;大安區;中山區;中正區;大同區;萬華區;文山區;南港區;內湖區;士林區;北投區,0905817541,ganxin2023@gmail.com,陳韋碩,20241125.0,20261231.0,20241125 09:31:17
永心醫療用品有限公司,BB0100004,BB,臺北市,士林區,臺北市士林區福佳里文昌路52號1樓,121.5214767456,25.0958023071,B,輔具及居家無障礙環境服務,臺中市,中區;東區;南區;西區;北區;西屯區;南屯區;北屯區;豐原區;東勢區;大甲區;清水區;沙鹿區;梧棲區;后里區;神岡區;潭子區;大雅區;新社區;石岡區;外埔區;大安區;烏日區;大肚區;龍井區;霧峰區;太平區;大里區;和平區,02-88661112,yuchihealth@gmail.com,陳明志,20230614.0,20240630.0,20230620 10:55:01
善誠健康事業股份有限公司附設臺北市私立大安善誠居家長照機構,1V0100048,1,臺北市,大安區,臺北市大安區忠孝東路4段148號7樓717室,121.549911499,25.0412979126,B,喘息服務,臺北市,松山區;大安區;文山區,02-27790951,ltcservice@suncherish.com.tw,林仁德,20250101.0,20261231.0,20241120 15:28:37
品佳居家有限公司附設新北市私立品佳居家長照機構,1R0200083,1,新北市,淡水區,新北市淡水區民權路111號3樓B06室,121.4602661133,25.137462616,B,居家服務,新北市,淡水區;三芝區;八里區,0978907689,huang.cleo@gmail.com,黃怡仁,20250101.0,20271231.0,20241204 11:21:50
品佳居家有限公司附設新北市私立品佳居家長照機構,1R0200083,1,新北市,淡水區,新北市淡水區民權路111號3樓B06室,121.4602661133,25.137462616,B,喘息服務,新北市,淡水區;三芝區;八里區,0978907689,huang.cleo@gmail.com,黃怡仁,20250101.0,20271231.0,20241204 11:22:34
暄悅長照有限公司附設臺北市私立暄悅永安社區長照機構,2V0100012,2,臺北市,文山區,臺北市文山區木新里永安街6巷11號1樓,121.5695800781,24.987159729,B,日間照顧服務,臺北市,松山區;信義區;大安區;中山區;中正區;大同區;萬華區;文山區;南港區;內湖區;士林區;北投區,23659991,syuanyue2022@gmail.com,莊宏誼,20240422.0,20261231.0,20240424 14:51:51
京安居家照護有限公司附設新北市私立京安居家長照機構,1R0200067,1,新北市,三峽區,新北市三峽區民生街152-2號2樓,121.3720474243,24.9351577759,B,喘息服務,新北市,鶯歌區;三峽區,02-86720586,jingan86720586@gmail.com,林朋蓁,20250101.0,20271231.0,20250110 16:07:09
新北市疼厝邊關懷協會(社照C),BF0200267,BF,新北市,新莊區,新北市新莊區興漢里武前街27號,121.4503555298,25.032743454,C,巷弄長照站,新北市,新莊區,29928506,sjpct.mail@msa.hinet.net,柯賢仁,20230501.0,20231231.0,20230531 19:10:26
京安居家照護有限公司附設新北市私立京安居家長照機構,1R0200067,1,新北市,三峽區,新北市三峽區民生街152-2號2樓,121.3720474243,24.9351577759,B,居家服務,新北市,鶯歌區;三峽區,02-86720586,jingan86720586@gmail.com,林朋蓁,20250101.0,20271231.0,20250110 16:06:22
聯安長照股份有限公司附設新北市私立聯安居家長照機構,1R0200087,1,新北市,新莊區,新北市新莊區中港路240號2樓,121.4539871216,25.0432090759,B,居家服務,新北市,新莊區,0922-585639,miss681208@yahoo.com.tw,林雅貞,20250101.0,20271231.0,20241204 15:57:22
璟宇股份有限公司附設新北市私立不老居家長照機構,1V0200117,1,新北市,新店區,新北市新店區北新路二段21號3樓,121.5426635742,24.9717292786,B,喘息服務,新北市,新店區,0956599593,gyu94230151@gmail.com,楊宇娟,20250101.0,20271231.0,20241217 11:20:57
新北市三重區三民里辦公處(社照C),BF0200296,BF,新北市,三重區,新北市三重區三民里重陽路二段34巷11號1樓,121.4865875244,25.0633392334,C,巷弄長照站,新北市,三重區,0933131966,k598388@yahoo.com.tw,謝素玲,20240101.0,20241231.0,20240509 10:43:11
家恩長期照顧服務股份有限公司附設臺北市私立恩上家恩居家長照機構,1V0100045,1,臺北市,大安區,臺北市大安區忠孝東路三段54號2樓之1（105室）,121.5355606079,25.041727066,B,居家服務,臺北市,大安區;內湖區;士林區,0928268613,smalldog148@gmail.com,呂秉霖,20231226.0,20261231.0,20231228 17:28:18
社團法人愛福家協會附設新北市私立永和愛活樂園社區長照機構,2R0200017,2,新北市,永和區,新北市永和區保順里仁愛路306巷62號、66號,121.5020980835,25.0094947815,B,日間照顧服務,新北市,板橋區;中和區;永和區,2231-0080,rd11@ilive.org.tw,涂林德媛,20250101.0,20271231.0,20241227 09:28:48
百恩居家長照有限公司附設新北市私立百恩居家長照機構,1R0200084,1,新北市,汐止區,新北市汐止區建成路59巷89號1樓,121.6606063843,25.0719871521,B,居家服務,新北市,汐止區,0919988079,biowon5989@gmail.com,吳秀梅,20250101.0,20271231.0,20241217 14:30:02
百恩居家長照有限公司附設新北市私立百恩居家長照機構,1R0200084,1,新北市,汐止區,新北市汐止區建成路59巷89號1樓,121.6606063843,25.0719871521,B,喘息服務,新北市,汐止區,0919988079,biowon5989@gmail.com,吳秀梅,20250101.0,20271231.0,20241217 14:30:31
新北市三峽區老人會(溪北站)(社照C),BF0200271,BF,新北市,三峽區,新北市三峽區溪北里介壽路三段148號1-2樓,121.4013137817,24.943189621,C,巷弄長照站,新北市,三峽區,0901315119,a0901315119@gmail.com,劉清盛,20240101.0,20241231.0,20240707 14:43:17
明倉健康事業股份有限公司附設新北市私立恩倉居家長照機構,1V0200115,1,新北市,林口區,新北市林口區湖南里仁愛路二段502號13樓之3(1306D室),121.3754348755,25.0764636993,B,喘息服務,新北市,林口區,0935304859,encangcare@gmail.com,黃周月桂,20250101.0,20271231.0,20241216 15:26:59
新北市三重區永發里辦公處(社照C),BF0200298,BF,新北市,三重區,新北市三重區永發里中正北路193巷45號2樓,121.4755859375,25.0710811615,C,巷弄長照站,新北市,三重區,0921927189,as29845190@yahoo.com,陳綉娜,20240101.0,20241231.0,20240509 10:52:13
晴天長照服務股份有限公司附設新北市私立晴天居家長照機構,1V0200114,1,新北市,汐止區,新北市汐止區新台五路一段95號24樓(A室),121.6356201172,25.0565872192,B,喘息服務,新北市,汐止區,0987691886,tpnh2501@gmail.com,朱豫章,20250101.0,20271231.0,20241227 11:26:32
安陽永興健康有限公司附設新北市私立安陽社區長照機構,2V0200010,2,新北市,三重區,新北市三重區重新路五段637號3樓,121.4669723511,25.0435504913,B,日間照顧服務,新北市,板橋區;三重區;新莊區;樹林區;蘆洲區;五股區;泰山區,2999-4689,anyangdaycare@gmail.com,蔡季蓉,20250101.0,20271231.0,20241213 10:46:26
安陽永興健康有限公司附設新北市私立安陽社區長照機構,2V0200010,2,新北市,三重區,新北市三重區重新路五段637號3樓,121.4669723511,25.0435504913,B,喘息服務,新北市,板橋區;三重區;新莊區;樹林區;蘆洲區;五股區;泰山區,2999-4689,anyangdaycare@gmail.com,蔡季蓉,20250101.0,20271231.0,20241213 10:47:02
晴天長照服務股份有限公司附設新北市私立晴天居家長照機構,1V0200114,1,新北市,汐止區,新北市汐止區新台五路一段95號24樓(A室),121.6356201172,25.0565872192,B,居家服務,新北市,汐止區,0987691886,tpnh2501@gmail.com,朱豫章,20250101.0,20271231.0,20241227 11:26:12
明倉健康事業股份有限公司附設新北市私立恩倉居家長照機構,1V0200115,1,新北市,林口區,新北市林口區湖南里仁愛路二段502號13樓之3(1306D室),121.3754348755,25.0764636993,B,居家服務,新北市,林口區,0935304859,encangcare@gmail.com,黃周月桂,20250101.0,20271231.0,20241216 15:26:32
衛生福利部雙和醫院附設居家護理所(委託臺北醫學大學興建經營),B10200104,B1,新北市,中和區,新北市中和區中正路291號B1(第二醫療大樓B1社區醫學部),121.4940795898,24.9937458038,B,居家失能個案家庭醫師照護服務,新北市,中和區;永和區;深坑區,02-2249-0088,12049@s.tmu.edu.tw,蘇韻如,20250101.0,20271231.0,20241225 14:54:19
躍旭居家物理治療所,B40200035,B4,新北市,三芝區,新北市三芝區淡金路二段67號4樓之1,121.5042266846,25.2601070404,B,專業照護服務,新北市,板橋區;三重區;新莊區;新店區;樹林區;淡水區;土城區;蘆洲區;五股區;三芝區;石門區;八里區;金山區;萬里區,0958259580,yxlc2024@gmail.com,林育名,20240307.0,20241231.0,20240311 13:54:14
新北市私立立新居家長照機構,1X0200151,1,新北市,新莊區,新北市新莊區中原里新北大道四段179號16樓之5,121.4459152222,25.0583133698,B,喘息服務,新北市,新莊區,0975824913,s.naamaa11@gmail.com,蘇新麒,20250101.0,20271231.0,20241204 13:59:19
社團法人中華善德關懷協會(永和站)(社照C),BE0200091,BE,新北市,永和區,新北市永和區秀林里永元路122號2樓,121.5228881836,25.0027885437,C,巷弄長照站,新北市,永和區,0905196636,ann.joue222@gmail.com,李函軒,20240701.0,20240801.0,20230726 12:27:24
新北市金山區萬壽社區發展協會,BF0200272,BF,新北市,金山區,新北市金山區萬壽里海興路116號,121.6318359375,25.2381877899,C,巷弄長照站,新北市,金山區,0958565930,rabbit64413@hotmail.com,趙士超,20230701.0,20231231.0,20230728 14:11:23
承源資業股份有限公司附設新北市私立聯恩居家長照機構,1V0200098,1,新北市,三重區,新北市三重區重陽路三段115號2樓,121.4907684326,25.0685806274,B,居家服務,新北市,三重區;淡水區;蘆洲區,82588088,service@thn-buurtzorg.com,張宏庠,20250101.0,20271231.0,20241204 14:30:55
承源資業股份有限公司附設新北市私立聯恩居家長照機構,1V0200098,1,新北市,三重區,新北市三重區重陽路三段115號2樓,121.4907684326,25.0685806274,B,喘息服務,新北市,三重區;淡水區;蘆洲區,82588088,service@thn-buurtzorg.com,張宏庠,20250101.0,20271231.0,20241204 14:31:46
躍旭居家物理治療所,B40200035,B4,新北市,三芝區,新北市三芝區淡金路二段67號4樓之1,121.5042266846,25.2601070404,B,專業照護服務(CC01),新北市,板橋區;三重區;新莊區;新店區;樹林區;淡水區;土城區;蘆洲區;五股區;三芝區;石門區;八里區;金山區;萬里區,0958259580,yxlc2024@gmail.com,林育名,20240307.0,20241231.0,20240508 11:58:15
躍旭居家物理治療所,B40200035,B4,新北市,三芝區,新北市三芝區淡金路二段67號4樓之1,121.5042266846,25.2601070404,B,專業照護服務,新北市,板橋區;三重區;新莊區;新店區;樹林區;淡水區;土城區;蘆洲區;五股區;三芝區;石門區;八里區;金山區;萬里區,0958259580,yxlc2024@gmail.com,林育名,20250101.0,20271231.0,20241213 14:44:20
躍旭居家物理治療所,B40200035,B4,新北市,三芝區,新北市三芝區淡金路二段67號4樓之1,121.5042266846,25.2601070404,B,專業照護服務(CC01),新北市,板橋區;三重區;新莊區;新店區;樹林區;淡水區;土城區;蘆洲區;五股區;三芝區;石門區;八里區;金山區;萬里區,0958259580,yxlc2024@gmail.com,林育名,20250101.0,20271231.0,20241213 14:45:22
新北市私立立新居家長照機構,1X0200151,1,新北市,新莊區,新北市新莊區中原里新北大道四段179號16樓之5,121.4459152222,25.0583133698,B,居家服務,新北市,新莊區,0975824913,s.naamaa11@gmail.com,蘇新麒,20250101.0,20271231.0,20241204 13:58:48
臺北市私立禾雅居家長照機構,1V0100052,1,臺北市,大安區,臺北市大安區忠孝東路四段221號9樓A室,121.5525741577,25.0416603088,B,居家服務,臺北市,松山區;信義區;大安區,0287719922,ht6786@gmail.com,林岑熹,20240912.0,20241231.0,20240913 17:00:27
新北市三峽區中埔里辦公處(社照C),BG0200071,BG,新北市,三峽區,新北市三峽區中埔里大同路266-268號1樓,121.3655395508,24.9253463745,C,巷弄長照站,新北市,三峽區,0987008319,AR3745@ntpc.gov.tw,翁聖濰,20240101.0,20241231.0,20240707 14:47:43
財團法人恆安社會福利慈善事業基金會附設新北市私立恆安住宿長照機構,3S0200001,3,新北市,中和區,新北市中和區立德街200巷12號2至6樓,121.4853210449,25.0097007751,B,喘息服務,新北市,板橋區;三重區;中和區;永和區;新莊區;新店區;樹林區;鶯歌區;三峽區;淡水區;汐止區;瑞芳區;土城區;蘆洲區;五股區;泰山區;林口區;深坑區;石碇區;坪林區;三芝區;石門區;八里區;平溪區;雙溪區;貢寮區;金山區;萬里區;烏來區,(02)22217989,1050901168@hangan.org,胡世賢,20250101.0,20271231.0,20250102 10:23:46
新北市政府社會局委託財團法人伊甸社會福利基金會辦理新店中正社區長照機構(新店中正障礙者日間照顧中心),2S0200038,2,新北市,新店區,新北市新店區中正里中正路263巷16號4樓,121.5380325317,24.9729232788,B,喘息服務,新北市,板橋區;三重區;中和區;永和區;新店區;鶯歌區;三峽區;汐止區;土城區,0229113067,dep546@eden.org.tw,陳宇昭,20250101.0,20271231.0,20241220 10:52:04
新北市三重區正安里辦公處(社照C),BF0200288,BF,新北市,三重區,新北市三重區正安里大智街45-2號4樓,121.4934387207,25.0666027069,C,巷弄長照站,新北市,三重區,02-2984-2688,j6rmp4u4571@gmail.com,高素梅,20230801.0,20230831.0,20230915 19:39:04
財團法人新北市精睿照護教育基金會,BF0200293,BF,新北市,板橋區,新北市板橋區忠誠里文化路一段309號1樓,121.464630127,25.0195178986,C,巷弄長照站,新北市,板橋區,0911172328,yehshuhui@mmc.edu.tw,楊崑德,20240401.0,20241231.0,20240531 21:30:32
財團法人中華民國唐氏症基金會附設臺北市私立唐氏症居家長照機構,1S0100015,1,臺北市,南港區,臺北市南港區中南里忠孝東路7段520號7樓,121.6107788086,25.0523052216,B,喘息服務,臺北市,南港區;內湖區,02-2789-1966,rocdown.care@gmail.com,林正俠,20250402.0,20261231.0,20250402 15:04:55
財團法人中華民國唐氏症基金會附設臺北市私立唐氏症居家長照機構,1S0100015,1,臺北市,南港區,臺北市南港區中南里忠孝東路7段520號7樓,121.6107788086,25.0523052216,B,居家服務,臺北市,南港區;內湖區,02-2789-1966,rocdown.care@gmail.com,林正俠,20240801.0,20261231.0,20240805 08:29:12
陽光居家呼吸照護所,B80100003,B8,臺北市,北投區,臺北市北投區振興街3號1樓,121.5218582153,25.1186771393,B,專業照護服務,臺北市,松山區;信義區;大安區;中山區;中正區;大同區;萬華區;文山區;南港區;內湖區;士林區;北投區,0908-262-500,cfyoyo@ms53.hinet.net,邱俊翔,20250101.0,20261231.0,20241105 18:58:56
臺北市私立禾雅居家長照機構,1V0100052,1,臺北市,大安區,臺北市大安區忠孝東路四段221號9樓A室,121.5525741577,25.0416603088,B,居家服務,臺北市,松山區;信義區;大安區,0287719922,ht6786@gmail.com,林岑熹,20250101.0,20261231.0,20250206 13:38:43
新北市三峽區老人會(秀川站)(社照C),BF0200290,BF,新北市,三峽區,新北市三峽區秀川里忠孝街25之5號1樓、2樓,121.3711700439,24.9342727661,C,巷弄長照站,新北市,三峽區,0986198672,a0901315119@gmail.com,駱傳承,20240501.0,20241231.0,20240412 20:49:14
新北市丰恩社會關懷協會(社照C),BF0200291,BF,新北市,三重區,新北市三重區碧華里集智街5號,0.0,0.0,C,巷弄長照站,新北市,三重區,02-22831223,jerrylovesnow@gmail.com,李朱秦,20240401.0,20241231.0,20240419 11:43:21
齡活長照股份有限公司附設臺北市私立齡活萬華社區長照機構,2R0100025,2,臺北市,萬華區,臺北市萬華區康定路43號2樓,121.5023193359,25.0413570404,B,日間照顧服務,臺北市,松山區;信義區;大安區;中山區;中正區;大同區;萬華區;文山區;南港區;內湖區;士林區;北投區,23759044,seniorlifeot@gmail.com,彭紹宇,20240708.0,20261231.0,20240710 20:23:20
陽光居家呼吸照護所,B80100003,B8,臺北市,北投區,臺北市北投區振興街3號1樓,121.5218582153,25.1186771393,B,專業照護服務,臺北市,松山區;信義區;大安區;中山區;中正區;大同區;萬華區;文山區;南港區;內湖區;士林區;北投區,0908-262-500,cfyoyo@ms53.hinet.net,邱俊翔,20240425.0,20241231.0,20240426 09:35:36
碩穎健康股份有限公司附設臺北市私立碩穎居家長照機構,1R0100062,1,臺北市,信義區,臺北市信義區富陽街29號1樓,121.5563964844,25.0229187012,B,居家服務,臺北市,松山區;信義區;大安區,27372704,shuoinhomecare@gmail.com,李昱慧,20240105.0,20261231.0,20240109 11:46:06
明曜醫療儀器有限公司,BB0100008,BB,臺北市,北投區,臺北市北投區振華里石牌路2段128號1樓,121.5174331665,25.1179237366,B,輔具及居家無障礙環境服務,臺中市,中區;東區;南區;西區;北區;西屯區;南屯區;北屯區;豐原區;東勢區;大甲區;清水區;沙鹿區;梧棲區;后里區;神岡區;潭子區;大雅區;新社區;石岡區;外埔區;大安區;烏日區;大肚區;龍井區;霧峰區;太平區;大里區;和平區,02-28215408,mayoraison28286050@gmail.com,陳達立,20230925.0,20240630.0,20230928 15:49:01
社團法人振生長期照顧協會,BE0200095,BE,新北市,板橋區,新北市板橋區新生里新生街23巷1弄4號4樓,121.4559020996,25.0215568542,B,交通接送服務(DA01),新北市,板橋區;三重區;中和區;永和區;新莊區;新店區;樹林區;三峽區;土城區;蘆洲區,0987456405,allen07731@gmail.com,黃郁珊,20250101.0,20271231.0,20250109 11:38:26
社團法人振生長期照顧協會,BE0200095,BE,新北市,板橋區,新北市板橋區新生里新生街23巷1弄4號4樓,121.4559020996,25.0215568542,B,社區式交通接送服務(BD03),新北市,板橋區;三重區;中和區;永和區;新莊區;新店區;樹林區;三峽區;土城區;蘆洲區,0987456405,allen07731@gmail.com,黃郁珊,20250101.0,20271231.0,20250109 11:38:45
社團法人新北市銀髮族關懷推廣協會(中和仁和分站)(社照C),BE0200093,BE,新北市,中和區,新北市中和區仁和里連城路477巷6弄1號,121.4830780029,24.9950027466,C,巷弄長照站,新北市,中和區,0909706558,bo987018250@gmail.com,林培修,20230901.0,20231231.0,20230905 18:15:46
慈家居家護理所,B10200106,B1,新北市,林口區,新北市林口區文化三路一段39巷283號12樓,121.3603134155,25.0687713623,B,專業照護服務,新北市,新莊區;林口區,02-26009118,cijia1121016@gmail.com,曾麗芬,20241016.0,20241231.0,20241022 10:49:28
慈家居家護理所,B10200106,B1,新北市,林口區,新北市林口區文化三路一段39巷283號12樓,121.3603134155,25.0687713623,B,居家失能個案家庭醫師照護服務,新北市,新莊區;樹林區;泰山區;林口區,02-26009118,cijia1121016@gmail.com,曾麗芬,20250101.0,20271231.0,20241227 09:49:40
真祐居家有限公司附設新北市私立真祐居家長照機構,1V0200120,1,新北市,林口區,新北市林口區文化三路一段165號2樓(A室),121.3616790771,25.0692653656,B,居家服務,新北市,林口區,0901-315-657,zhenyou2024@gmail.com,詹翔凱,20250101.0,20271231.0,20241220 11:17:20
真祐居家有限公司附設新北市私立真祐居家長照機構,1V0200120,1,新北市,林口區,新北市林口區文化三路一段165號2樓(A室),121.3616790771,25.0692653656,B,喘息服務,新北市,林口區,0901-315-657,zhenyou2024@gmail.com,詹翔凱,20250101.0,20271231.0,20241220 11:18:22
聯安長照股份有限公司附設新北市私立聯安居家長照機構,1R0200087,1,新北市,新莊區,新北市新莊區中港路240號2樓,121.4539871216,25.0432090759,B,喘息服務,新北市,新莊區,0922-585639,miss681208@yahoo.com.tw,林雅貞,20250101.0,20271231.0,20241204 15:58:10
璟宇股份有限公司附設新北市私立不老居家長照機構,1V0200117,1,新北市,新店區,新北市新店區北新路二段21號3樓,121.5426635742,24.9717292786,B,居家服務,新北市,新店區,0956599593,gyu94230151@gmail.com,楊宇娟,20250101.0,20271231.0,20241217 11:19:11
中化銀髮事業股份有限公司附設新北市私立土城暖時光社區長照機構,2R0200022,2,新北市,土城區,新北市土城區莊園街157號1樓,121.4477005005,24.9824619293,B,喘息服務,新北市,板橋區;中和區;樹林區;土城區,2263-0958,chienwen.ni@ccpc.com.tw,王謝怡貞,20250101.0,20271231.0,20241216 09:55:14
中華民國樂齡生活規劃協會(中港第二站)(社照C),BF0200299,BF,新北市,新莊區,新北市新莊區中華里中港路350號4樓,121.451965332,25.0463123322,C,巷弄長照站,新北市,新莊區,02-8521-0176,nhppkn@gmail.com,陳宏定,20240101.0,20241231.0,20240509 21:47:27
新北市香柏樹樂齡關懷協會(社照C),BF0200292,BF,新北市,三重區,新北市三重區永德里自強路三段42巷11號1樓,121.4859695435,25.0726394653,C,巷弄長照站,新北市,三重區,0988652575,cheriehsiao@gmail.com,林世賢,20240301.0,20241231.0,20240419 11:48:22
耆寓股份有限公司附設臺北市私立大興綜合長照機構,4R0100002,4,臺北市,北投區,臺北市北投區北投路二段13號6樓、6樓之1,121.4985733032,25.1310386658,B,日間照顧服務,臺北市,松山區;信義區;大安區;中山區;中正區;大同區;萬華區;文山區;南港區;內湖區;士林區;北投區,02-28910608,f04@qi-yu.com.tw,盧允中,20240625.0,20261231.0,20240806 14:06:32
新北市愛笑瑜伽協會(五谷站)(社照C),BF0200295,BF,新北市,三重區,新北市三重區五谷里五谷王北街48巷18號2樓,121.4751739502,25.050775528,C,巷弄長照站,新北市,三重區,89883840,smile.yoga.xinbei2017@gmail.com,黃金柱,20240101.0,20241231.0,20240509 09:54:56
珍玉長照有限公司附設新北市私立珍玉居家長照機構,1V0200121,1,新北市,新莊區,新北市新莊區思源路502號3樓,121.4605255127,25.0550575256,B,居家服務,新北市,新莊區,02-85213236,chi.333383@gmail.com,呂秀珍,20250101.0,20271231.0,20241226 09:58:15
暄悅長照有限公司附設臺北市私立暄悅永安社區長照機構,2V0100012,2,臺北市,文山區,臺北市文山區木新里永安街6巷11號1樓,121.5695800781,24.987159729,B,喘息服務,臺北市,松山區;信義區;大安區;中山區;中正區;大同區;萬華區;文山區;南港區;內湖區;士林區;北投區,23659991,syuanyue2022@gmail.com,莊宏誼,20250101.0,20261231.0,20250204 15:23:07
苷心有限公司附設臺北市私立苷心居家長照機構,1V0100051,1,臺北市,大安區,臺北市大安區車層里忠孝東路四段235號11樓1113室,121.5537796021,25.0416202545,B,居家服務,臺北市,松山區;信義區;大安區;大同區;士林區,0905817541,ganxin2023@gmail.com,陳韋碩,20240816.0,20261231.0,20241115 17:26:28
健康啟動管理顧問有限公司附設新北市私立穩健居家長照機構,1V0200118,1,新北市,五股區,新北市五股區登林路96號6樓,121.4284515381,25.069852829,B,居家服務,新北市,五股區,02-22929155,healthactivation2024@gmail.com,卓淑渝,20250101.0,20271231.0,20241217 11:53:43
新北市永和區大新里辦公處(社照C),BG0200081,BG,新北市,永和區,新北市永和區大新里大新街45巷1之1號1樓,121.5156021118,25.008769989,C,巷弄長照站,新北市,永和區,02-29270468,aa5770@ntpc.gov.tw,朱文燦,20240101.0,20241231.0,20240508 18:26:13
財團法人伊甸社會福利基金會附設新北市私立樹林居家長照機構,1S0200022,1,新北市,樹林區,新北市樹林區日新街30號1樓,121.4227600098,24.9925403595,B,居家服務,新北市,樹林區,02-86741338,eden5060@eden.org.tw,陳宇昭,20250101.0,20271231.0,20241224 15:41:35
新北市蘆洲區仁復社區發展協會,BG0200074,BG,新北市,蘆洲區,新北市蘆洲區仁復里中山二路36巷7號,121.4743270874,25.0826435089,C,巷弄長照站,新北市,蘆洲區,8285-7595,yawen18180@gmail.com,吳世界,20230101.0,20231231.0,20230908 20:52:10
碩穎健康股份有限公司附設臺北市私立碩穎居家長照機構,1R0100062,1,臺北市,信義區,臺北市信義區富陽街29號1樓,121.5563964844,25.0229187012,B,喘息服務,臺北市,松山區;信義區;大安區,27372704,shuoinhomecare@gmail.com,李昱慧,20250101.0,20261231.0,20241030 19:55:06
明曜醫療儀器有限公司,BB0100008,BB,臺北市,北投區,臺北市北投區振華里石牌路2段128號1樓,121.5174331665,25.1179237366,B,輔具及居家無障礙環境服務,臺中市,中區;東區;南區;西區;北區;西屯區;南屯區;北屯區;豐原區;東勢區;大甲區;清水區;沙鹿區;梧棲區;后里區;神岡區;潭子區;大雅區;新社區;石岡區;外埔區;大安區;烏日區;大肚區;龍井區;霧峰區;太平區;大里區;和平區,02-28215408,mayoraison28286050@gmail.com,陳達立,20240701.0,20270630.0,20240821 17:18:10
臺北市私立來服居家長照機構,1X0100044,1,臺北市,大安區,臺北市大安區忠孝東路四段221號12樓(1230室) ,121.5525741577,25.0416603088,B,居家服務,臺北市,信義區;大安區;文山區,0928-610-498,guderlife@gmail.com,褚晏君,20231219.0,20261231.0,20231229 15:44:55
新北市中和區福和里辦公處,BG0200077,BG,新北市,中和區,新北市中和區福和里中山路二段131巷,121.5025634766,25.0020980835,C,巷弄長照站,新北市,中和區,0916807347,amiu.lu.831@gmail.com,簡健翔,20231001.0,20231231.0,20231101 15:32:18
福善有限公司附設新北市私立福善居家長照機構,1R0200088,1,新北市,金山區,新北市金山區中山路316號1樓,121.6341781616,25.2249698639,B,喘息服務,新北市,金山區;萬里區,0958-660812,sunny37470@yahoo.com.tw,陳宥羚,20250101.0,20271231.0,20241226 10:46:00
熊樂心有限公司附設新北市私立熊樂心居家長照機構,1V0200101,1,新北市,蘆洲區,新北市蘆洲區中山一路161號3樓R03室,121.4753036499,25.0816001892,B,居家服務,新北市,三重區;新莊區;蘆洲區,0958135505,Blshome1999@gmail.com,陳欣怡,20250101.0,20271231.0,20241219 11:12:04
安心居家服務有限公司附設台北市私立安心居家長照機構,1R0100071,1,臺北市,大安區,臺北市大安區忠孝東路四段300號五樓,121.5562820435,25.0411548615,B,居家服務,臺北市,信義區;大安區;南港區,0277555066,crazynewbird@gmail.com,蔡峻瑋,20241125.0,20261231.0,20241127 14:01:22
大立亨租賃有限公司,BA0200037,BA,新北市,新店區,新北市新店區北新路三段40號,121.5423202515,24.9797668457,B,交通接送服務(DA01),臺北市,松山區;信義區;大安區;中山區;中正區;大同區;萬華區;文山區;南港區;內湖區;士林區;北投區,02-2917-5757,a0922455004@gmail.com,林勝文,20240101.0,20261231.0,20240625 13:19:12
社團法人台灣樂康協會,BE0100091,BE,臺北市,松山區,臺北市松山區三民路113巷12號6樓,121.5624313354,25.0580596924,B,交通接送服務,新北市,板橋區;三重區;中和區;永和區;新莊區;新店區;樹林區;汐止區;土城區;蘆洲區;五股區,02-77230088,laughflower@gmail.com,陳淑貞,20250101.0,20271231.0,20241224 14:22:29
新北市政府社會局委託財團法人伊甸社會福利基金會辦理新店中正社區長照機構(新店中正障礙者日間照顧中心),2S0200038,2,新北市,新店區,新北市新店區中正里中正路263巷16號4樓,121.5380325317,24.9729232788,B,日間照顧服務,新北市,板橋區;三重區;中和區;永和區;新店區;鶯歌區;三峽區;汐止區;土城區,0229113067,dep546@eden.org.tw,陳宇昭,20250101.0,20271231.0,20241220 10:50:56
瑞齡日照股份有限公司附設新北市私立惠國社區長照機構,2V0200012,2,新北市,新店區,新北市新店區中正路54巷28號4樓,121.5455245972,24.9705104828,B,日間照顧服務,新北市,中和區;永和區;新店區,0973211212,raec0825@gmail.com,楊茜茜,20250101.0,20271231.0,20241216 10:21:11
新北市中和區福南里辦公處(社照C),BG0200078,BG,新北市,中和區,新北市中和區福南里興南路二段34巷60號,121.5046691895,24.9885597229,C,巷弄長照站,新北市,中和區,0920859710,sylvica.chiou@msa.hinet.net,邱淑芬,20231001.0,20231231.0,20231101 15:41:52
新北市私立御安居家長照機構,1X0200145,1,新北市,板橋區,新北市板橋區雙十路二段10-1號7樓,121.4564590454,25.0130767822,B,喘息服務,新北市,板橋區,02-82581066,yuan1966.1121128@gmail.com,張美慧,20250101.0,20271231.0,20241218 11:02:38
臺北市立聯合醫院附設中興居家護理所,B10100072,B1,臺北市,大同區,臺北市大同區鄭州路145號2樓,1.0,1.0,B,專業照護服務,臺北市,中山區;大同區,02-2552-3234*3253,B0749@tpech.gov.tw,謝麗君,20231128.0,20241231.0,20231130 10:19:51
拾光健康事業有限公司附設新北市私立拾光居家長照機構,1V0200107,1,新北市,新莊區,新北市新莊區中華路二段7號6樓(YS402),121.4535293579,25.0453166962,B,居家服務,新北市,板橋區;三重區;新莊區;蘆洲區,29908931,01011007love@gmail.com,呂雅婷,20250101.0,20271231.0,20241225 10:44:48
拾光健康事業有限公司附設新北市私立拾光居家長照機構,1V0200107,1,新北市,新莊區,新北市新莊區中華路二段7號6樓(YS402),121.4535293579,25.0453166962,B,喘息服務,新北市,板橋區;三重區;新莊區;蘆洲區,29908931,01011007love@gmail.com,呂雅婷,20250101.0,20271231.0,20241225 10:45:32
賀芯居家有限公司附設新北市私立賀芯居家長照機構,1R0200081,1,新北市,五股區,新北市五股區新城六路251號1樓(含夾層),121.4478530884,25.0933113098,B,喘息服務,新北市,中和區;永和區;新莊區;五股區;泰山區;林口區,0986360980,hoxin202309@gmail.com,許恬琪,20250101.0,20271231.0,20241226 14:47:55
前瞻居家護理所,B10100074,B1,臺北市,文山區,臺北市文山區辛亥路四段21巷10號9樓A室,1.0,1.0,B,專業照護服務,臺北市,松山區;信義區;大安區;中山區;中正區;大同區;萬華區;文山區;南港區;內湖區;士林區;北投區,02-8931-2545,n89312545@gmail.com,楊邦媛,20250101.0,20261231.0,20241018 17:50:05
臺北市立聯合醫院附設中興居家護理所,B10100072,B1,臺北市,大同區,臺北市大同區鄭州路145號2樓,1.0,1.0,B,專業照護服務,臺北市,松山區;信義區;大安區;中山區;中正區;大同區;萬華區;文山區;南港區;內湖區;士林區;北投區,02-2552-3234*3253,B0749@tpech.gov.tw,謝麗君,20250101.0,20261231.0,20241101 10:31:20
臺北市立聯合醫院附設和平婦幼居家護理所,B10100073,B1,臺北市,中正區,臺北市中正區中華路2段33號,1.0,1.0,B,專業照護服務,臺北市,中正區;萬華區,02-2388-9595*8417,B1049@tpech.gov.tw,呂美卿,20250101.0,20261231.0,20241101 18:09:20
賀芯居家有限公司附設新北市私立賀芯居家長照機構,1R0200081,1,新北市,五股區,新北市五股區新城六路251號1樓(含夾層),121.4478530884,25.0933113098,B,居家服務,新北市,中和區;永和區;新莊區;五股區;泰山區;林口區,0986360980,hoxin202309@gmail.com,許恬琪,20250101.0,20271231.0,20241226 14:47:30
瑞齡日照股份有限公司附設新北市私立惠國社區長照機構,2V0200012,2,新北市,新店區,新北市新店區中正路54巷28號4樓,121.5455245972,24.9705104828,B,喘息服務,新北市,中和區;永和區;新店區,0973211212,raec0825@gmail.com,楊茜茜,20250101.0,20271231.0,20241216 10:21:36
新北市私立銨芯居家長照機構,1X0200152,1,新北市,鶯歌區,新北市鶯歌區中山路143號1樓,121.349105835,24.9569149017,B,居家服務,新北市,鶯歌區,0906485921,anxinjujiamechanism@gmail.com,黃勝偉,20250101.0,20271231.0,20241203 16:05:43
夢想銀髮方舟股份有限公司附設臺北市私立花博居家長照機構,1V0100055,1,臺北市,松山區,臺北市松山區南京東路3段311號8樓,121.5471191406,25.0519790649,B,喘息服務,臺北市,松山區;大安區;中山區;大同區,02-2545-5556,gevin7737@gmail.com,朱偉仁,20241004.0,20261231.0,20241004 15:18:51
夢想銀髮方舟股份有限公司附設臺北市私立花博居家長照機構,1V0100055,1,臺北市,松山區,臺北市松山區南京東路3段311號8樓,121.5471191406,25.0519790649,B,居家服務,臺北市,松山區;大安區;大同區,02-2545-5556,gevin7737@gmail.com,朱偉仁,20240930.0,20261231.0,20241007 18:09:07
和芸居家有限公司附設新北市私立和芸居家長照機構,1V0200124,1,新北市,汐止區,新北市汐止區新台五路一段95號20樓之6  (辦公室編號:XZ2-C1),121.6479644775,25.0616207123,B,喘息服務,新北市,汐止區,0912498681,qaz0912498681@gmail.com,唐文勇,20250101.0,20271231.0,20241213 11:34:28
善新健康事業有限公司附設臺北市私立善新居家長照機構,1R0100072,1,臺北市,萬華區,臺北市萬華區萬壽里昆明街 35-1號5樓,121.505355835,25.0445957184,B,居家服務,臺北市,大安區;大同區;萬華區,02-23706999,shanxincare@gmail.com,吳玉宗,20250113.0,20261231.0,20250113 10:08:42
碩穎健康股份有限公司附設臺北市私立碩穎居家長照機構,1R0100062,1,臺北市,信義區,臺北市信義區富陽街29號1樓,121.5563964844,25.0229187012,B,喘息服務,臺北市,松山區;信義區;大安區,27372704,shuoinhomecare@gmail.com,李昱慧,20231206.0,20241231.0,20231207 16:21:58
財團法人伊甸社會福利基金會附設新北市私立樹林居家長照機構,1S0200022,1,新北市,樹林區,新北市樹林區日新街30號1樓,121.4227600098,24.9925403595,B,喘息服務,新北市,樹林區,02-86741338,eden5060@eden.org.tw,陳宇昭,20250101.0,20271231.0,20241224 15:42:05
臺北市私立來服居家長照機構,1X0100044,1,臺北市,大安區,臺北市大安區忠孝東路四段221號12樓(1230室) ,121.5525741577,25.0416603088,B,喘息服務,臺北市,松山區;信義區;大安區;中山區;中正區;大同區;萬華區;文山區,0928-610-498,guderlife@gmail.com,褚晏君,20250101.0,20261231.0,20241122 14:04:56
臺北市私立來服居家長照機構,1X0100044,1,臺北市,大安區,臺北市大安區忠孝東路四段221號12樓(1230室) ,121.5525741577,25.0416603088,B,喘息服務,臺北市,松山區;信義區;大安區;中山區;中正區;大同區;萬華區;文山區,0928-610-498,guderlife@gmail.com,褚晏君,20240216.0,20241231.0,20240217 09:15:31
健康啟動管理顧問有限公司附設新北市私立穩健居家長照機構,1V0200118,1,新北市,五股區,新北市五股區登林路96號6樓,121.4284515381,25.069852829,B,喘息服務,新北市,五股區,02-22929155,healthactivation2024@gmail.com,卓淑渝,20250101.0,20271231.0,20241217 11:54:28
耆寓股份有限公司附設臺北市私立大興綜合長照機構,4R0100002,4,臺北市,北投區,臺北市北投區北投路二段13號6樓、6樓之1,121.4985733032,25.1310386658,B,喘息服務,臺北市,松山區;信義區;大安區;中山區;中正區;大同區;萬華區;文山區;南港區;內湖區;士林區;北投區,02-28910608,f04@qi-yu.com.tw,盧允中,20240826.0,20261231.0,20240826 17:38:36
安心居家服務有限公司附設台北市私立安心居家長照機構,1R0100071,1,臺北市,大安區,臺北市大安區忠孝東路四段300號五樓,121.5562820435,25.0411548615,B,喘息服務,臺北市,信義區;大安區;南港區,0277555066,crazynewbird@gmail.com,蔡峻瑋,20250527.0,20261231.0,20250527 14:55:13
新北市私立銨芯居家長照機構,1X0200152,1,新北市,鶯歌區,新北市鶯歌區中山路143號1樓,121.349105835,24.9569149017,B,喘息服務,新北市,鶯歌區,0906485921,anxinjujiamechanism@gmail.com,黃勝偉,20250101.0,20271231.0,20241203 16:06:12
四正勤關懷照護有限公司附設臺北市私立四正勤居家長照機構,1V0100053,1,臺北市,大同區,臺北市大同區延平北路3段4號5樓之1(R530室),121.5110473633,25.0634365082,B,居家服務,臺北市,松山區;大同區;士林區,0965-331-778,samyak@hibox.biz,李佩華,20241104.0,20261231.0,20241105 18:53:20
新北市愛笑瑜伽協會(崇德站)(社照C),BF0200306,BF,新北市,三重區,新北市三重區崇德里仁孝街62號3樓,121.4973144531,25.0744590759,C,巷弄長照站,新北市,三重區,02-29730288,smile.yoga.xinbei2017@gmail.com,黃金柱,20240701.0,20241231.0,20240628 14:18:54
和芸居家有限公司附設新北市私立和芸居家長照機構,1V0200124,1,新北市,汐止區,新北市汐止區新台五路一段95號20樓之6  (辦公室編號:XZ2-C1),121.6479644775,25.0616207123,B,居家服務,新北市,汐止區,0912498681,qaz0912498681@gmail.com,唐文勇,20250101.0,20271231.0,20241213 11:34:08
新北市私立快樂之家社區長照機構,2X0200026,2,新北市,蘆洲區,新北市蘆洲區長安街220巷7號1樓,121.459236145,25.0850276947,B,家庭托顧服務,新北市,10;15;5;三重區;新莊區;蘆洲區;五股區;泰山區,0973-613277,a0930384188@gmail.com,魏淑苹,20250101.0,20271231.0,20241227 14:01:07
銳辛居家護理所,B10200107,B1,新北市,土城區,新北市土城區金城路三段26號1樓,121.4653320312,24.9862556458,B,專業照護服務,新北市,板橋區;中和區;樹林區;鶯歌區;三峽區;土城區,02-82628990,rayxin2024@gmail.com,盧鈺彬,20250101.0,20271231.0,20241225 11:20:41
承濤有限公司附設新北市私立承濤居家長照機構,1R0200090,1,新北市,樹林區,新北市樹林區中山路1段42號3樓,121.4238128662,24.9923343658,B,喘息服務,新北市,板橋區;樹林區,0912-878936,kenjifang@gmail.com,方科霽,20250101.0,20271231.0,20241220 16:13:39
沁耘健康企業有限公司附設新北市私立土城和果社區長照機構,2R0200023,2,新北市,土城區,新北市土城區學海街3號1樓及1樓夾層,121.4501724243,24.9809017181,B,日間照顧服務,新北市,板橋區;三重區;中和區;永和區;新莊區;新店區;樹林區;鶯歌區;三峽區;土城區;蘆洲區,02-82620558,hechodaycare@qinyunhealth.com,朱俐瑜,20250101.0,20271231.0,20241204 15:24:21
慈家居家護理所,B10200106,B1,新北市,林口區,新北市林口區文化三路一段39巷283號12樓,121.3603134155,25.0687713623,B,專業照護服務,新北市,新莊區;林口區,02-26009118,cijia1121016@gmail.com,曾麗芬,20250101.0,20271231.0,20241227 09:48:58
財團法人天主教主顧修女會(社照C),BD0200069,BD,新北市,泰山區,新北市泰山區泰友里新生路4號2樓,121.428237915,25.0448722839,C,巷弄長照站,新北市,泰山區,02-2906-2242,hsuan.hsieh@sp-mh.org,馬玉潔,20240101.0,20241231.0,20240509 20:31:08
蘇診所,B20200259,B2,新北市,新莊區,新北市新莊區民安路109號1樓,121.424697876,25.0249538422,B,居家失能個案家庭醫師照護服務,桃園市,龜山區,0988206936,min123an456road@gmail.com,蘇石泉,20240101.0,20251231.0,20240510 12:29:46
蘇診所,B20200259,B2,新北市,新莊區,新北市新莊區民安路109號1樓,121.424697876,25.0249538422,B,居家失能個案家庭醫師照護服務,臺北市,中正區;大同區;萬華區,0988206936,min123an456road@gmail.com,蘇石泉,20250101.0,20261231.0,20241231 12:38:44
銳辛居家護理所,B10200107,B1,新北市,土城區,新北市土城區金城路三段26號1樓,121.4653320312,24.9862556458,B,專業照護服務,新北市,板橋區;中和區;樹林區;鶯歌區;三峽區;土城區,02-82628990,rayxin2024@gmail.com,盧鈺彬,20240603.0,20241231.0,20240605 08:21:12
沁耘健康企業有限公司附設新北市私立土城和果社區長照機構,2R0200023,2,新北市,土城區,新北市土城區學海街3號1樓及1樓夾層,121.4501724243,24.9809017181,B,喘息服務,新北市,板橋區;三重區;中和區;永和區;新莊區;新店區;樹林區;鶯歌區;三峽區;土城區;蘆洲區,02-82620558,hechodaycare@qinyunhealth.com,朱俐瑜,20250101.0,20271231.0,20241204 15:25:09
大齡青松股份有限公司附設新北市私立崁頂社區長照機構,2R0200024,2,新北市,淡水區,新北市淡水區崁頂三路1號3樓,121.429977417,25.1957988739,B,日間照顧服務,新北市,淡水區;蘆洲區;五股區;三芝區;八里區,28059917,kandingmaster@qingsong.com.tw,陳央儒,20250101.0,20271231.0,20241213 11:24:49
中化銀髮事業股份有限公司附設新北市私立土城暖時光社區長照機構,2R0200022,2,新北市,土城區,新北市土城區莊園街157號1樓,121.4477005005,24.9824619293,B,日間照顧服務,新北市,板橋區;中和區;樹林區;土城區,2263-0958,chienwen.ni@ccpc.com.tw,王謝怡貞,20250101.0,20271231.0,20241216 09:54:49
神同行小客車租賃有限公司,BA0100047,BA,臺北市,松山區,臺北市松山區八德路二段386號12樓之7,121.546333313,25.0480136871,B,交通接送服務(DA01),高雄市,左營區;永安區;梓官區;旗山區,0982330982,logostc777@gmail.com,紀春梅,20240909.0,20261231.0,20250102 11:46:55
社團法人台灣新住民生活成長協會(社照C),BF0200300,BF,新北市,三重區,新北市三重區二重里頂崁街192巷15號4樓,121.4766540527,25.0664539337,C,巷弄長照站,新北市,三重區,0972-105-585,Tnilge20230218@gmail.com,黃品溱,20240101.0,20241231.0,20240603 11:21:11
天使居長照財團法人附設新北市私立鑫淼天使居綜合長照機構,4J0200001,4,新北市,林口區,新北市林口區湖南里文林二街85號(2樓、3樓及4樓),121.3759841919,25.0873851776,B,日間照顧服務,新北市,新莊區;五股區;泰山區;林口區;八里區,26029262,xmangelhouse@gmail.com,姚霽光,20250101.0,20271231.0,20241218 09:56:44
熊樂心有限公司附設新北市私立熊樂心居家長照機構,1V0200101,1,新北市,蘆洲區,新北市蘆洲區中山一路161號3樓R03室,121.4753036499,25.0816001892,B,喘息服務,新北市,三重區;新莊區;蘆洲區,0958135505,Blshome1999@gmail.com,陳欣怡,20250101.0,20271231.0,20241219 11:12:31
臺北市立聯合醫院附設和平婦幼居家護理所,B10100073,B1,臺北市,中正區,臺北市中正區中華路2段33號,1.0,1.0,B,專業照護服務,臺北市,中正區;萬華區,02-2388-9595*8417,B1049@tpech.gov.tw,呂美卿,20231130.0,20231130.0,20231204 10:04:24
天使居長照財團法人附設新北市私立鑫淼天使居綜合長照機構,4J0200001,4,新北市,林口區,新北市林口區湖南里文林二街85號(2樓、3樓及4樓),121.3759841919,25.0873851776,B,喘息服務,新北市,新莊區;五股區;泰山區;林口區;八里區,26029262,xmangelhouse@gmail.com,姚霽光,20250101.0,20271231.0,20241218 09:57:35
芯昀有限公司附設臺北市私立芯昀居家長照機構,1V0100057,1,臺北市,北投區,臺北市北投區珠海路31號1樓,121.5023193359,25.1381511688,B,居家服務,臺北市,士林區;北投區,02-2893-7878,shinyun0524@gmail.com,徐筱昀,20250430.0,20261231.0,20250430 15:05:26
靜新居家護理所,B10200108,B1,新北市,林口區,新北市林口區文化二路一段390號5樓517室,121.3751754761,25.0771617889,B,專業照護服務,新北市,林口區,0985654159,Jx654159@gmail.com,劉藍羲,20250101.0,20271231.0,20250110 12:00:39
永欣健康股份有限公司附設臺北市私立金永欣居家長照機構,1V0100058,1,臺北市,北投區,臺北市北投區立農里吉利街123巷16號1樓,121.5064239502,25.1190891266,B,居家服務,臺北市,大安區;士林區;北投區,02-2823-9008,jinyongxin9008@gmail.com,謝韻憲,20241111.0,20261231.0,20241112 17:30:05
靜新居家護理所,B10200108,B1,新北市,林口區,新北市林口區文化二路一段390號5樓517室,121.3751754761,25.0771617889,B,專業照護服務,新北市,林口區,0985654159,Jx654159@gmail.com,劉藍羲,20240814.0,20241231.0,20240821 13:39:48
永欣健康股份有限公司附設臺北市私立金永欣居家長照機構,1V0100058,1,臺北市,北投區,臺北市北投區立農里吉利街123巷16號1樓,121.5064239502,25.1190891266,B,喘息服務,臺北市,大安區;大同區;士林區;北投區,02-2823-9008,jinyongxin9008@gmail.com,謝韻憲,20241014.0,20261231.0,20241014 18:51:47
新北市三重區永煇里辦公處(社照C),BF0200312,BF,新北市,三重區,新北市三重區永煇里力行路二段9巷6號1樓,121.482673645,25.0722293854,C,巷弄長照站,新北市,三重區,02-29875124,p29875124@yahoo.com.tw,黃志明,20240901.0,20241231.0,20240905 11:21:07
財團法人伊甸社會福利基金會附設新北市私立坪林居家長照機構,1J0200001,1,新北市,坪林區,新北市坪林區坪林里北宜路八段186號1樓,121.7079467773,24.9345607758,B,居家服務,新北市,坪林區,2665-6032,eden9884@eden.org.tw,陳宇昭,20250124.0,20271231.0,20250203 08:58:58
財團法人伊甸社會福利基金會附設新北市私立坪林居家長照機構,1J0200001,1,新北市,坪林區,新北市坪林區坪林里北宜路八段186號1樓,121.7079467773,24.9345607758,B,喘息服務,新北市,坪林區,2665-6032,eden9884@eden.org.tw,陳宇昭,20250124.0,20271231.0,20250203 08:59:40
四季長期照顧股份有限公司附設新北市私立芊芊居家長照機構,1V0200128,1,新北市,板橋區,新北市板橋區中正路341巷24號(B05室),121.454208374,25.0201644897,B,喘息服務,新北市,板橋區;中和區,0987405437,siji20241314@gmail.com,邱詠蓁,20250101.0,20271231.0,20250110 13:39:45
台灣智慧自立樂活協會(社照C),BF0200316,BF,新北市,中和區,新北市中和區嘉穗里民利街49巷4號,121.4795837402,24.9985122681,C,巷弄長照站,新北市,中和區,0920880045,silatwn@gmail.com,郝德慧,20241001.0,20241231.0,20240924 16:14:50
凱琳居家護理所,B10100076,B1,臺北市,中山區,臺北市中山區敬業二路69巷57號7樓之1,121.5531158447,25.0821208954,B,專業照護服務,臺北市,松山區;信義區;大安區;中山區;中正區;大同區;萬華區;文山區;南港區;內湖區;士林區;北投區,0975-803-933,fun0522@gmail.com,吳青芳,20241004.0,20261231.0,20241004 15:23:34
凱琳居家護理所,B10100076,B1,臺北市,中山區,臺北市中山區敬業二路69巷57號7樓之1,121.5531158447,25.0821208954,B,居家失能個案家庭醫師照護服務,臺北市,松山區;信義區;大安區;中山區;中正區;大同區;萬華區;文山區;南港區;內湖區;士林區;北投區,0975-803-933,fun0522@gmail.com,吳青芳,20241004.0,20261231.0,20241129 11:27:37
四正勤關懷照護有限公司附設臺北市私立四正勤居家長照機構,1V0100053,1,臺北市,大同區,臺北市大同區延平北路3段4號5樓之1(R530室),121.5110473633,25.0634365082,B,喘息服務,臺北市,松山區;信義區;大安區;中山區;中正區;大同區;萬華區;文山區;南港區;內湖區;士林區;北投區,0965-331-778,samyak@hibox.biz,李佩華,20241016.0,20261231.0,20241017 09:21:14
太豐交通有限公司,BA0100046,BA,臺北市,文山區,臺北市文山區木新路三段11號,121.5649871826,24.9825820923,B,交通接送服務(DA01),臺北市,松山區;信義區;大安區;中山區;中正區;大同區;萬華區;文山區;南港區;內湖區;士林區;北投區,02-2918-2234,raymon-cl@hotmail.com,林家佑,20240101.0,20261231.0,20240625 13:14:08
四季長期照顧股份有限公司附設新北市私立芊芊居家長照機構,1V0200128,1,新北市,板橋區,新北市板橋區中正路341巷24號(B05室),121.454208374,25.0201644897,B,居家服務,新北市,板橋區;中和區,0987405437,siji20241314@gmail.com,邱詠蓁,20250101.0,20271231.0,20250110 13:39:22
社團法人中華民國全人全家全社區長照發展協會,BE0200098,BE,新北市,三芝區,新北市三芝區埔坪里忠孝街51號1樓,121.5061416626,25.256105423,C,巷弄長照站,新北市,三芝區,0920357246,cmp85910@gmail.com,王致雅,20240601.0,20241231.0,20240514 14:08:30
樂智實業有限公司附設新北市私立樂智社區長照機構,2V0200013,2,新北市,三重區,新北市三重區重新路五段637號2樓,121.4669723511,25.0435504913,B,日間照顧服務,新北市,板橋區;三重區;中和區;新莊區;樹林區;蘆洲區;五股區,29980113,yaya99a@gmail.com,田雅蘋,20250101.0,20271231.0,20250205 09:50:14
花甲樂股份有限公司附設新北市私立新店花甲樂社區長照機構,2R0200030,2,新北市,新店區,新北市新店區中興路一段282號2樓,121.5457077026,24.9684391022,B,喘息服務,新北市,板橋區;三重區;中和區;永和區;新莊區;新店區;樹林區;土城區;烏來區,0930576589,xindianhjl@gmail.com,唐于婷,20250101.0,20271231.0,20241220 09:19:48
奇恩健康有限公司附設新北市私立育富居家長照機構,1R0200091,1,新北市,五股區,新北市五股區民義路一段46之1號,121.4368896484,25.0844345093,B,喘息服務,新北市,五股區;泰山區,0968719893,7ng9202409@gmail.com,馮兆筠,20250101.0,20271231.0,20250102 10:11:17
臺北市政府社會局委託財團法人恆安社會福利慈善事業基金會經營管理臺北市文山社區式長期照顧服務機構,2S0100032,2,臺北市,文山區,臺北市文山區興安里興隆路二段88號3樓之1,121.5488128662,25.0002784729,B,日間照顧服務,臺北市,松山區;信義區;大安區;中山區;中正區;大同區;萬華區;文山區;南港區;內湖區;士林區;北投區,2234-4893,chuyu971121@gmail.com,胡世賢,20240827.0,20261231.0,20240909 11:32:31
耆寓股份有限公司附設新北市私立多好事綜合長照機構,4V0200006,4,新北市,中和區,新北市中和區中山路二段362號7樓,121.4925842285,25.002779007,B,日間照顧服務,新北市,板橋區;中和區;永和區;新店區;土城區,0989819520,ben.lin@vanyi.com.tw,盧允中,20250101.0,20271231.0,20241220 09:09:31
耆寓股份有限公司附設新北市私立多好事綜合長照機構,4V0200006,4,新北市,中和區,新北市中和區中山路二段362號7樓,121.4925842285,25.002779007,B,喘息服務,新北市,板橋區;中和區;永和區;新店區;土城區,0989819520,ben.lin@vanyi.com.tw,盧允中,20250101.0,20271231.0,20241220 09:09:57
社團法人台灣元通協會,BE0200100,BE,新北市,板橋區,新北市板橋區中正路216巷76號4樓,121.4579696655,25.0189418793,B,交通接送服務,新北市,板橋區,02-29664826,yuan20240520@gmail.com,謝欣樺,20250101.0,20271231.0,20241218 10:51:36
臺北市立聯合醫院附設林森中醫居家護理所,B10100077,B1,臺北市,中山區,臺北市中山區林森北路530號6樓,121.5255279541,25.063451767,B,專業照護服務,臺北市,中山區,02-2591-6681分機1688,B2319@tpech.gov.tw,林燕儀,20241022.0,20261231.0,20241024 13:40:20
奇恩健康有限公司附設新北市私立育富居家長照機構,1R0200091,1,新北市,五股區,新北市五股區民義路一段46之1號,121.4368896484,25.0844345093,B,居家服務,新北市,五股區;泰山區,0968719893,7ng9202409@gmail.com,馮兆筠,20250101.0,20271231.0,20250102 10:10:47
龍騰長期照護有限公司附設臺北市私立童馨園居家長照機構,1R0100075,1,臺北市,萬華區,臺北市萬華區萬大路323號7樓（705室）,121.5004196167,25.0243263245,B,喘息服務,臺北市,松山區;中山區;中正區;大同區;萬華區,0919319207,long.term.care1966@gmail.com,施卓諭,20250321.0,20261231.0,20250324 10:56:40
耆寓股份有限公司附設新北市私立樂福家綜合長照機構,4V0200007,4,新北市,新店區,新北市新店區寶橋路88號5至8樓,121.546585083,24.975610733,B,日間照顧服務,新北市,中和區;永和區;新店區,02-2912-6088,f05@qi-yu.com.tw,盧允中,20250101.0,20271231.0,20241220 15:22:25
耆寓股份有限公司附設新北市私立樂福家綜合長照機構,4V0200007,4,新北市,新店區,新北市新店區寶橋路88號5至8樓,121.546585083,24.975610733,B,喘息服務,新北市,中和區;永和區;新店區,02-2912-6088,f05@qi-yu.com.tw,盧允中,20250101.0,20271231.0,20241220 15:22:49
臺北市私立賦能之家社區長照機構,2X0100016,2,臺北市,信義區,臺北市信義區莊敬路423巷3弄3號1樓,121.5666351318,25.0278091431,B,家庭托顧服務,臺北市,10;15;5;松山區;信義區;大安區;中山區;中正區;大同區;萬華區;文山區;南港區;內湖區;士林區;北投區,0932209661,kuoinfen@gmail.com,郭英芬,20250101.0,20271231.0,20250411 18:07:22
新北市私立御安居家長照機構,1X0200145,1,新北市,板橋區,新北市板橋區雙十路二段10-1號7樓,121.4564590454,25.0130767822,B,居家服務,新北市,板橋區,02-82581066,yuan1966.1121128@gmail.com,張美慧,20250101.0,20271231.0,20241218 11:02:13
前瞻居家護理所,B10100074,B1,臺北市,文山區,臺北市文山區辛亥路四段21巷10號9樓A室,1.0,1.0,B,專業照護服務,臺北市,松山區;信義區;大安區;中山區;中正區;大同區;萬華區;文山區;南港區;內湖區;士林區;北投區,02-8931-2545,n89312545@gmail.com,楊邦媛,20231212.0,20241231.0,20231213 14:43:51
社團法人新北市照顧服務協會附設新北市私立金禾心居家長照機構,1R0200077,1,新北市,中和區,新北市中和區圓通路182號2樓,121.4765548706,25.0268192291,B,居家服務,新北市,板橋區;中和區;永和區,02-82452889,Jinansin168@gmail.com,王坤昊,20250101.0,20271231.0,20241205 14:38:48
社團法人新北市照顧服務協會附設新北市私立金禾心居家長照機構,1R0200077,1,新北市,中和區,新北市中和區圓通路182號2樓,121.4765548706,25.0268192291,B,喘息服務,新北市,板橋區;中和區;永和區,02-82452889,Jinansin168@gmail.com,王坤昊,20250101.0,20271231.0,20241205 14:39:38
社團法人新北市陽春麵里長銀髮婦幼發展協會(樹林樂山站)(社照C),BF0200320,BF,新北市,樹林區,新北市樹林區樂山里中和街38號2樓,121.3898544312,24.9736366272,C,巷弄長照站,新北市,樹林區,(02)2680-1590,qangelalove1115@gmail.com,許建強,20240901.0,20241231.0,20241015 17:54:10
樂智實業有限公司附設新北市私立樂智社區長照機構,2V0200013,2,新北市,三重區,新北市三重區重新路五段637號2樓,121.4669723511,25.0435504913,B,喘息服務,新北市,板橋區;三重區;中和區;新莊區;樹林區;蘆洲區;五股區,29980113,yaya99a@gmail.com,田雅蘋,20250101.0,20271231.0,20250205 09:50:14
新北市淡水區新春里辦公處(社照C),BF0200301,BF,新北市,淡水區,新北市淡水區新春里新春街46-1號,121.4375686646,25.1817321777,C,巷弄長照站,新北市,淡水區,0933088288,a0933088288@yahoo.com.tw,莊志文,20231101.0,20241231.0,20240606 18:59:39
財團法人新北市中華基督教長老會國語禮拜堂(社照C),BF0200302,BF,新北市,新店區,新北市新店區德安里2鄰安康路2段234巷1號1樓,121.5092010498,24.959564209,C,巷弄長照站,新北市,新店區,02-8666-4783,AO5799@ntpc.gov.tw,周育賢,20240201.0,20241231.0,20240607 10:54:23
花甲樂股份有限公司附設新北市私立新店花甲樂社區長照機構,2R0200030,2,新北市,新店區,新北市新店區中興路一段282號2樓,121.5457077026,24.9684391022,B,日間照顧服務,新北市,板橋區;三重區;中和區;永和區;新莊區;新店區;樹林區;土城區;烏來區,0930576589,xindianhjl@gmail.com,唐于婷,20250101.0,20271231.0,20241220 09:19:14
新北市三重區永興里辦公處(社照C),BF0200318,BF,新北市,三重區,新北市三重區永興里福德南路8巷20號,121.5037307739,25.063659668,C,巷弄長照站,新北市,三重區,0939800143,p919254105@gmail.com,李金壖,20241001.0,20241231.0,20241001 14:44:16
(新北)生活交通有限公司,BA0100050,BA,臺北市,中山區,臺北市中山區民族東路2號6樓,121.5233612061,25.0682983398,B,交通接送服務(DA01),新北市,板橋區;三重區;中和區;永和區;新莊區;新店區;樹林區;淡水區;土城區;蘆洲區;五股區;泰山區,02-25997667,pingancar168@gmail.com,陳佳玲,20250101.0,20271231.0,20250114 15:57:03
歡喜學堂推廣協會(三重區富貴里社照C),BF0200317,BF,新北市,三重區,新北市三重區富貴里環河北路三段288號1樓,121.4924621582,25.0894813538,C,巷弄長照站,新北市,三重區,0973000549,happy.corner.sayciao@gmail.com,吳忠泰,20241001.0,20241231.0,20241001 13:57:40
樂輔股份有限公司,BB0200010,BB,新北市,新店區,新北市新店區寶興路45巷8弄3號3樓,121.5504302979,24.9748058319,B,輔具及居家無障礙環境服務,臺中市,中區;東區;南區;西區;北區;西屯區;南屯區;北屯區;豐原區;東勢區;大甲區;清水區;沙鹿區;梧棲區;后里區;神岡區;潭子區;大雅區;新社區;石岡區;外埔區;大安區;烏日區;大肚區;龍井區;霧峰區;太平區;大里區;和平區,02-29111923,berton.chu@bestcore-md.com,朱迺易,20240809.0,20270630.0,20240822 10:59:57
龍騰長期照護有限公司附設臺北市私立童馨園居家長照機構,1R0100075,1,臺北市,萬華區,臺北市萬華區萬大路323號7樓（705室）,121.5004196167,25.0243263245,B,居家服務,臺北市,大同區;萬華區,0919319207,long.term.care1966@gmail.com,施卓諭,20250214.0,20261231.0,20250218 11:55:30
財團法人一粒麥子社會福利慈善事業基金會附設臺北市私立莒光社區長照機構,2R0100026,2,臺北市,萬華區,臺北市萬華區雙園里萬大路22號3樓之1,121.5004348755,25.0318412781,B,社區式交通接送服務(BD03),臺北市,松山區;信義區;大安區;中山區;中正區;大同區;萬華區;文山區;南港區;內湖區;士林區;北投區,02-2338-1010#12,w107028@wheat.org.tw,呂信雄,20241125.0,20261231.0,20241210 13:38:32
財團法人一粒麥子社會福利慈善事業基金會附設臺北市私立莒光社區長照機構,2R0100026,2,臺北市,萬華區,臺北市萬華區雙園里萬大路22號3樓之1,121.5004348755,25.0318412781,B,喘息服務,臺北市,松山區;信義區;大安區;中山區;中正區;大同區;萬華區;文山區;南港區;內湖區;士林區;北投區,02-2338-1010#12,w107028@wheat.org.tw,呂信雄,20250212.0,20261231.0,20250212 10:57:23
好芝芯股份有限公司附設新北市私立好芝芯居家長照機構,1V0200131,1,新北市,三重區,新北市三重區福德北路12號3樓（空間編號：gogoro）,121.5022659302,25.064453125,B,居家服務,新北市,三重區;蘆洲區,02-2984-9570,2025soulmate@gmail.com,蔡世宏,20250217.0,20271231.0,20250218 16:44:19
好芝芯股份有限公司附設新北市私立好芝芯居家長照機構,1V0200131,1,新北市,三重區,新北市三重區福德北路12號3樓（空間編號：gogoro）,121.5022659302,25.064453125,B,喘息服務,新北市,三重區;蘆洲區,02-2984-9570,2025soulmate@gmail.com,蔡世宏,20250217.0,20271231.0,20250218 16:44:49
台灣福祉車租賃有限公司,BA0200038,BA,新北市,新莊區,新北市新莊區新泰路502巷6號2樓,121.4427642822,25.0463123322,B,交通接送服務(DA01),臺北市,松山區;信義區;大安區;中山區;中正區;大同區;萬華區;文山區;南港區;內湖區;士林區;北投區,02-77519007,a0906888505@gmail.com,林垂穎,20240101.0,20261231.0,20240625 13:23:13
全備聖恩健康福祉股份有限公司附設新北市私立愛加倍居家長照機構,1X0200146,1,新北市,汐止區,新北市汐止區新台五路一段159號13樓之10,121.6537857056,25.0624866486,B,喘息服務,新北市,汐止區;瑞芳區,0905565151,ane4450@gmail.com,張博鑫,20250101.0,20271231.0,20241226 10:49:06
嘉麗有限公司附設新北市私立嘉麗居家長照機構,1R0200080,1,新北市,土城區,新北市土城區裕民路136巷33號1樓,121.4503860474,24.9848308563,B,居家服務,新北市,土城區,0916974022,Mountain7250@gmail.com,林麗甄,20250101.0,20271231.0,20241203 13:44:53
嘉麗有限公司附設新北市私立嘉麗居家長照機構,1R0200080,1,新北市,土城區,新北市土城區裕民路136巷33號1樓,121.4503860474,24.9848308563,B,喘息服務,新北市,土城區,0916974022,Mountain7250@gmail.com,林麗甄,20250101.0,20271231.0,20241203 13:45:26
泉益居家有限公司附設新北市私立鑫益居家長照機構,1R0200082,1,新北市,土城區,新北市土城區清水路47之1號1樓,121.4552154541,24.9809970856,B,居家服務,新北市,三峽區;土城區,0917738763,shinyi11210@gmail.com,詹弘毅,20250101.0,20271231.0,20241213 15:43:22
如己居家護理所,B10200109,B1,新北市,三重區,新北市三重區光華里3鄰福德北路12號5樓,121.5022659302,25.064453125,B,專業照護服務,桃園市,龜山區,0938-102940,ruji.care@gmail.com,李佩怡,20241114.0,20251231.0,20241114 16:48:55
宏庭長照有限公司附設新北市私立宏庭居家長照機構,1V0200125,1,新北市,新莊區,新北市新莊區中正路234號3樓303室,121.4484176636,25.0353775024,B,喘息服務,新北市,新莊區,22776978,hongting168888@gmail.com,樊有忠,20250101.0,20271231.0,20241226 14:55:39
醫時代股份有限公司附設臺北市私立醫時代民生社區長照機構,2R0100022,2,臺北市,松山區,臺北市松山區三民路113巷10號及12號,121.5625305176,25.0580673218,B,喘息服務,臺北市,松山區;信義區;大安區;中山區;中正區;大同區;萬華區;文山區;南港區;內湖區;士林區;北投區,2768-2066,eastyle.daycare.ms@gmail.com,廖繼鼎,20250421.0,20261231.0,20250422 17:14:05
喜臨國際有限公司附設新北市私立惜鄰居家長照機構,1R0200092,1,新北市,板橋區,新北市板橋區文化路二段285號21樓(A38室),121.4713592529,25.0292282104,B,居家服務,新北市,板橋區,02-29518898,Seedling2099@gmail.com,陳玫如,20250116.0,20271231.0,20250120 10:37:31
喜臨國際有限公司附設新北市私立惜鄰居家長照機構,1R0200092,1,新北市,板橋區,新北市板橋區文化路二段285號21樓(A38室),121.4713592529,25.0292282104,B,喘息服務,新北市,板橋區,02-29518898,Seedling2099@gmail.com,陳玫如,20250116.0,20271231.0,20250120 10:38:06
滴勤有限公司附設新北市私立榮芳居家長照機構,1V0200130,1,新北市,永和區,新北市永和區福和路309巷1號2樓,121.5162887573,25.0071582794,B,居家服務,新北市,中和區;永和區,2921-2335,w0937514137@yahoo.com.tw,陳杰宏,20250210.0,20271231.0,20250212 15:22:39
益心交通有限公司,BA0200041,BA,新北市,蘆洲區,新北市蘆洲區復興路87巷6號3樓,121.4764633179,25.0877361298,B,交通接送服務,新北市,三重區;蘆洲區,0916297739,test13929@gmail.com,張聿翎,20250101.0,20271231.0,20241218 14:22:35
享享健康有限公司附設新北市私立享享居家長照機構,1R0200094,1,新北市,板橋區,新北市板橋區三民路二段28號11樓(A室),121.4790725708,25.01811409,B,居家服務,新北市,板橋區;樹林區,89520789,g52350z@yahoo.com.tw,黃夢君,20250310.0,20271231.0,20250312 10:07:19
宏康健康事業股份有限公司附設新北市私立宏康健康居家長照機構,1V0200132,1,新北市,新莊區,新北市新莊區瓊泰路12號1樓,121.4447479248,25.0287094116,B,居家服務,新北市,新莊區,25450095,liya.lee0223@gmail.com,李亞真,20250401.0,20271231.0,20250408 08:28:37
宏康健康事業股份有限公司附設新北市私立宏康健康居家長照機構,1V0200132,1,新北市,新莊區,新北市新莊區瓊泰路12號1樓,121.4447479248,25.0287094116,B,喘息服務,新北市,新莊區,25450095,liya.lee0223@gmail.com,李亞真,20250401.0,20271231.0,20250408 08:29:03
樂期頤有限公司附設臺北市私立樂期頤綜合長照機構,4V0100002,4,臺北市,士林區,臺北市士林區天祿里中山北路6段726號5樓,121.5279693604,25.115070343,B,社區式交通接送服務(BD03),臺北市,松山區;信義區;大安區;中山區;中正區;大同區;萬華區;文山區;南港區;內湖區;士林區;北投區,02-28768726,Loveciyi8@gmail.com,康浩偉,20250124.0,20261231.0,20250326 18:04:05
長耘股份有限公司附設新北市私立協樂居家長照機構,1V0200110,1,新北市,新莊區,新北市新莊區思源路601號13樓A7,121.4595718384,25.0602169037,B,居家服務,新北市,板橋區;新莊區,0911102728,hs@happysynergy.com.tw,戴雋財,20250101.0,20271231.0,20241219 15:05:11
金品頤園股份有限公司附設臺北市私立永吉社區長照機構,2R0100023,2,臺北市,信義區,臺北市信義區永吉路185號2樓及臺北市信義區松信路87號2樓,121.5723419189,25.0457458496,B,日間照顧服務,臺北市,松山區;信義區;大安區;中山區;中正區;大同區;萬華區;文山區;南港區;內湖區;士林區;北投區,2756-8880,yongji2023@gmail.com,林秋儀,20240125.0,20261231.0,20240126 11:45:20
大齡青松股份有限公司附設新北市私立崁頂社區長照機構,2R0200024,2,新北市,淡水區,新北市淡水區崁頂三路1號3樓,121.429977417,25.1957988739,B,喘息服務,新北市,淡水區;蘆洲區;五股區;三芝區;八里區,28059917,kandingmaster@qingsong.com.tw,陳央儒,20250101.0,20271231.0,20241213 11:25:43
新北市三峽區礁溪里辦公處(社照C),BG0200083,BG,新北市,三峽區,新北市三峽區礁溪里長泰街33巷3號1樓,,,C,巷弄長照站,新北市,三峽區,0918-662-797,arimesandy@gmail.com,周志鴻,20240701.0,20241231.0,20240701 15:49:06
滴勤有限公司附設新北市私立榮芳居家長照機構,1V0200130,1,新北市,永和區,新北市永和區福和路309巷1號2樓,121.5162887573,25.0071582794,B,喘息服務,新北市,中和區;永和區,2921-2335,w0937514137@yahoo.com.tw,陳杰宏,20250210.0,20271231.0,20250212 15:23:01
珍玉長照有限公司附設新北市私立珍玉居家長照機構,1V0200121,1,新北市,新莊區,新北市新莊區思源路502號3樓,121.4605255127,25.0550575256,B,喘息服務,新北市,新莊區,02-85213236,chi.333383@gmail.com,呂秀珍,20250101.0,20271231.0,20241226 09:58:41
承濤有限公司附設新北市私立承濤居家長照機構,1R0200090,1,新北市,樹林區,新北市樹林區中山路1段42號3樓,121.4238128662,24.9923343658,B,居家服務,新北市,板橋區;樹林區,0912-878936,kenjifang@gmail.com,方科霽,20250101.0,20271231.0,20241220 16:13:12
長耘股份有限公司附設新北市私立協樂居家長照機構,1V0200110,1,新北市,新莊區,新北市新莊區思源路601號13樓A7,121.4595718384,25.0602169037,B,喘息服務,新北市,板橋區;新莊區,0911102728,hs@happysynergy.com.tw,戴雋財,20250101.0,20271231.0,20241219 15:05:56
泉益居家有限公司附設新北市私立鑫益居家長照機構,1R0200082,1,新北市,土城區,新北市土城區清水路47之1號1樓,121.4552154541,24.9809970856,B,喘息服務,新北市,三峽區;土城區,0917738763,shinyi11210@gmail.com,詹弘毅,20250101.0,20271231.0,20241213 15:44:04
醫時代股份有限公司附設臺北市私立醫時代民生社區長照機構,2R0100022,2,臺北市,松山區,臺北市松山區三民路113巷10號及12號,121.5625305176,25.0580673218,B,日間照顧服務,臺北市,松山區;信義區;大安區;中山區;中正區;大同區;萬華區;文山區;南港區;內湖區;士林區;北投區,2768-2066,eastyle.daycare.ms@gmail.com,廖繼鼎,20240125.0,20261231.0,20240126 11:31:03
宏康樂齡健康生活館,BB0100011,BB,臺北市,松山區,臺北市松山區光復北路172號1樓,121.5565948486,25.0533161163,B,輔具及居家無障礙環境服務,臺中市,中區;東區;南區;西區;北區;西屯區;南屯區;北屯區;豐原區;東勢區;大甲區;清水區;沙鹿區;梧棲區;后里區;神岡區;潭子區;大雅區;新社區;石岡區;外埔區;大安區;烏日區;大肚區;龍井區;霧峰區;太平區;大里區;和平區,02-25450095,hokom20200901@gmail.com,李亞真,20240201.0,20240630.0,20240205 14:19:20
社團法人國際奔享體驗教育發展協會(稻香真光),BF0100227,BF,臺北市,北投區,臺北市北投區稻香路85號1樓,1.0,1.0,B,喘息服務,臺北市,松山區;信義區;大安區;中山區;中正區;大同區;萬華區;文山區;南港區;內湖區;士林區;北投區,0926-440-000,gallop.points@gmail.com,曾美蘭,20240220.0,20241231.0,20240220 14:18:17
財團法人新北市台北基督徒環西禮拜堂(社照C),BF0200307,BF,新北市,永和區,新北市永和區保順里環河西路二段235號B1,121.5008773804,25.0098724365,C,巷弄長照站,新北市,永和區,0912033433,huanwchurch@gmail.com,張寶棣,20240301.0,20241231.0,20240703 14:53:17
社團法人台灣永寧快樂行善會(社照C),BF0200315,BF,新北市,土城區,新北市土城區頂福里中央路4段226號1樓,121.415473938,24.9572963715,C,巷弄長照站,新北市,土城區,0908903672,phone0908903672@gmail.com,李亞端,20241001.0,20241231.0,20241015 08:55:15
滙眾內科診所,B20200261,B2,新北市,淡水區,新北市淡水區中山北路一段101號,121.4423904419,25.1764621735,B,居家失能個案家庭醫師照護服務,新北市,淡水區,02-2622-9773,biggoldenfish@gmail.com,王國鈐,20250101.0,20271231.0,20250109 15:19:15
財團法人一粒麥子社會福利慈善事業基金會附設臺北市私立莒光社區長照機構,2R0100026,2,臺北市,萬華區,臺北市萬華區雙園里萬大路22號3樓之1,121.5004348755,25.0318412781,B,日間照顧服務,臺北市,松山區;信義區;大安區;中山區;中正區;大同區;萬華區;文山區;南港區;內湖區;士林區;北投區,02-2338-1010#12,w107028@wheat.org.tw,呂信雄,20241125.0,20261231.0,20241210 13:38:45
樂期頤有限公司附設臺北市私立樂期頤綜合長照機構,4V0100002,4,臺北市,士林區,臺北市士林區天祿里中山北路6段726號5樓,121.5279693604,25.115070343,B,日間照顧服務,臺北市,松山區;信義區;大安區;中山區;中正區;大同區;萬華區;文山區;南港區;內湖區;士林區;北投區,02-28768726,Loveciyi8@gmail.com,康浩偉,20250124.0,20261231.0,20250326 18:04:05
享享健康有限公司附設新北市私立享享居家長照機構,1R0200094,1,新北市,板橋區,新北市板橋區三民路二段28號11樓(A室),121.4790725708,25.01811409,B,喘息服務,新北市,板橋區;樹林區,89520789,g52350z@yahoo.com.tw,黃夢君,20250310.0,20271231.0,20250312 10:07:41
安照股份有限公司附設臺北市私立安照居家長照機構,1R0100066,1,臺北市,松山區,臺北市松山區南京東路5段356號8樓之1(801室),121.569694519,25.0510616302,B,居家服務,臺北市,松山區;信義區;內湖區,02-27773112,ancare801@gmail.com,李盛豊,20240819.0,20261231.0,20241021 11:58:26
全備聖恩健康福祉股份有限公司附設新北市私立愛加倍居家長照機構,1X0200146,1,新北市,汐止區,新北市汐止區新台五路一段159號13樓之10,121.6537857056,25.0624866486,B,居家服務,新北市,汐止區;瑞芳區,0905565151,ane4450@gmail.com,張博鑫,20250101.0,20271231.0,20241226 10:48:45
宏康樂齡健康生活館,BB0100011,BB,臺北市,松山區,臺北市松山區光復北路172號1樓,121.5565948486,25.0533161163,B,輔具及居家無障礙環境服務,臺中市,中區;東區;南區;西區;北區;西屯區;南屯區;北屯區;豐原區;東勢區;大甲區;清水區;沙鹿區;梧棲區;后里區;神岡區;潭子區;大雅區;新社區;石岡區;外埔區;大安區;烏日區;大肚區;龍井區;霧峰區;太平區;大里區;和平區,02-25450095,hokom20200901@gmail.com,李亞真,20240701.0,20270630.0,20240812 18:10:35
善誠健康事業股份有限公司附設新北市私立永和善誠社區長照機構,2V0200011,2,新北市,永和區,新北市永和區保安里中山路一段220號3樓,121.5082244873,25.0082988739,B,日間照顧服務,新北市,板橋區;中和區;永和區;新店區,02-22310116,ltcservice@suncherish.com.tw,林仁德,20250101.0,20271231.0,20241217 10:12:40
善誠健康事業股份有限公司附設新北市私立永和善誠社區長照機構,2V0200011,2,新北市,永和區,新北市永和區保安里中山路一段220號3樓,121.5082244873,25.0082988739,B,喘息服務,新北市,板橋區;中和區;永和區;新店區,02-22310116,ltcservice@suncherish.com.tw,林仁德,20250101.0,20271231.0,20241217 10:13:07
好拾光居家有限公司附設臺北市私立好拾光居家長照機構,1R0100068,1,臺北市,士林區,臺北市士林區重慶北路四段248號4樓407室,121.5113525391,25.0866622925,B,居家服務,臺北市,內湖區;士林區;北投區,0955166071,carpediem11203@gmail.com,邱浩宇,20240315.0,20261231.0,20240417 14:52:51
凱安居家有限公司附設臺北市私立凱安居家長照機構,1R0100070,1,臺北市,大安區,臺北市大安區光武里敦化南路一段192號3樓之3,121.548500061,25.0425453186,B,喘息服務,臺北市,松山區;信義區;大安區;文山區,0963227924,kaian060408@gmail.com,張凱豪,20241125.0,20261231.0,20241126 11:43:34
益巨股份有限公司附設新北市私立安康社區長照機構,2V0200014,2,新北市,新店區,新北市新店區安德街156號3樓,121.5083312988,24.9594268799,B,喘息服務,新北市,中和區;永和區;新店區,02-22112130,ankang.daycare01@gmail.com,陳威男,20250101.0,20271231.0,20241227 09:14:08
新北市淡水區樹興社區發展協會(社照C),BF0200308,BF,新北市,淡水區,新北市淡水區樹興里糞箕湖２５號２樓,121.4867401123,25.1695652008,C,巷弄長照站,新北市,淡水區,０２－８６２６０２９１,happyevery1062@gmail.com,許秋芳,20240801.0,20241231.0,20240730 10:30:03
臺北市政府社會局委託財團法人臺北市喜樂家族社會福利基金會經營管理興岩身障社區長照機構（日間照顧）,2S0100031,2,臺北市,文山區,臺北市文山區興安里興隆路2段88號3樓,121.5488128662,25.0002784729,B,日間照顧服務,臺北市,松山區;信義區;大安區;中山區;中正區;大同區;萬華區;文山區;南港區;內湖區;士林區;北投區,02-89317707,joyxingyan2023@gmail.com,陳建信,20240801.0,20241231.0,20240822 17:47:00
社團法人國際奔享體驗教育發展協會(稻香真光),BF0100227,BF,臺北市,北投區,臺北市北投區稻香路85號1樓,1.0,1.0,B,喘息服務,臺北市,松山區;信義區;大安區;中山區;中正區;大同區;萬華區;文山區;南港區;內湖區;士林區;北投區,0926-440-000,gallop.points@gmail.com,曾美蘭,20250101.0,20261231.0,20241105 19:47:03
凱安居家有限公司附設臺北市私立凱安居家長照機構,1R0100070,1,臺北市,大安區,臺北市大安區光武里敦化南路一段192號3樓之3,121.548500061,25.0425453186,B,居家服務,臺北市,松山區;大安區;文山區,0963227924,kaian060408@gmail.com,張凱豪,20240101.0,20261231.0,20240717 18:39:16
耆寓股份有限公司附設新北市私立重新綜合長照機構,4V0200005,4,新北市,三重區,新北市三重區重新路二段1號10樓,121.4996643066,25.062997818,B,日間照顧服務,新北市,三重區;新莊區;蘆洲區,29862688,f02@qi-yu.com.tw,盧允中,20250101.0,20271231.0,20241220 10:41:18
耆寓股份有限公司附設新北市私立添運綜合長照機構,4V0200004,4,新北市,泰山區,新北市泰山區貴子里明志路三段148號3樓,121.424621582,25.0397815704,B,日間照顧服務,新北市,中和區;新莊區;五股區;泰山區;林口區,02-2906-2068,f03@qi-yu.com.tw,盧允中,20250101.0,20271231.0,20241220 10:37:17
耆寓股份有限公司附設新北市私立添運綜合長照機構,4V0200004,4,新北市,泰山區,新北市泰山區貴子里明志路三段148號3樓,121.424621582,25.0397815704,B,喘息服務,新北市,中和區;新莊區;五股區;泰山區;林口區,02-2906-2068,f03@qi-yu.com.tw,盧允中,20250101.0,20271231.0,20241220 10:37:45
禾申事業有限公司附設新北市私立禾申居家長照機構,1R0200086,1,新北市,泰山區,新北市泰山區楓江路26巷19號1樓,121.4483642578,25.0571098328,B,喘息服務,新北市,五股區;泰山區,85312525,heshen2525@gmail.com,鄭雅文,20250101.0,20271231.0,20241224 15:55:21
新北市中和區山北社區發展協會(社照c),BG0200079,BG,新北市,中和區,新北市中和區福美里莊敬路49巷29弄2號1樓,121.5016784668,25.0064601898,C,巷弄長照站,新北市,中和區,0960543710,katty700506@yahoo.com.tw,王順發,20240101.0,20241231.0,20240506 10:17:32
新北市中和區忠孝里辦公處(社照c),BG0200080,BG,新北市,中和區,新北市中和區忠孝里忠孝街31巷1號1樓,121.5103759766,24.9831485748,C,巷弄長照站,新北市,中和區,0935146333,bonnie561728@gmail.com,李柏雲,20240501.0,20241231.0,20240506 10:21:55
新北市蘆洲區民和里辦公處(社照C),BG0200082,BG,新北市,蘆洲區,新北市蘆洲區民和里信義路30巷100號1、2樓,121.4749450684,25.0773239136,C,巷弄長照站,新北市,蘆洲區,(02)2281-1803,AL6918@ntpc.gov.tw,李進誠,20240401.0,20241231.0,20240509 09:59:01
康育診所,B20100115,B2,臺北市,內湖區,臺北市內湖區成功路三段189號2F,121.5907821655,25.0803833008,B,居家失能個案家庭醫師照護服務,臺北市,內湖區,(03)4923885,yucrane@gmail.com,林鈺燦,20250101.0,20261231.0,20250204 16:24:45
耆寓股份有限公司附設新北市私立重新綜合長照機構,4V0200005,4,新北市,三重區,新北市三重區重新路二段1號10樓,121.4996643066,25.062997818,B,喘息服務,新北市,三重區;新莊區;蘆洲區,29862688,f02@qi-yu.com.tw,盧允中,20250101.0,20271231.0,20241220 10:42:04
聖光長照有限公司附設新北市私立聖光居家長照機構,1V0200119,1,新北市,三重區,新北市三重區力行路二段176號2樓1室,121.4831237793,25.0771656036,B,喘息服務,新北市,三重區;蘆洲區,0911183048,t0911183048@gmail.com,王潔,20250101.0,20271231.0,20241219 14:35:48
新店必談語言治療所,B70200011,B7,新北市,新店區,新北市新店區文化路75巷7號1樓,121.5448608398,24.9829769135,B,專業照護服務,新北市,永和區;新店區,0918600736,cmjj231@gmail.com,江孟蓉,20250101.0,20271231.0,20241226 11:44:53
臺北市政府社會局委託財團法人臺北市喜樂家族社會福利基金會經營管理興岩身障社區長照機構（日間照顧）,2S0100031,2,臺北市,文山區,臺北市文山區興安里興隆路2段88號3樓,121.5488128662,25.0002784729,B,日間照顧服務,新北市,板橋區;三重區;中和區;永和區;新莊區;新店區;樹林區;汐止區;土城區;蘆洲區,02-89317707,joyxingyan2023@gmail.com,陳建信,20250101.0,20271231.0,20250103 13:43:58
財團法人基督教台灣崇真會(社照C),BF0200303,BF,新北市,鶯歌區,新北市鶯歌區二橋里國中街134號1樓、136號1樓,121.3393325806,24.9399833679,C,巷弄長照站,新北市,鶯歌區,02-26700127,moriahlight8581@gmail.com,邱福全,20240701.0,20241231.0,20240618 18:39:27
嘉祿健康事業有限公司附設臺北市私立佳祿居家長照機構,1V0100049,1,臺北市,松山區,臺北市松山區八德路4段656號4樓(666室),121.5754165649,25.0498504639,B,居家服務,臺北市,松山區;內湖區,02-27533520,galucare0306@gmail.com,袁邦彥,20240628.0,20261231.0,20240802 15:44:25
禾申事業有限公司附設新北市私立禾申居家長照機構,1R0200086,1,新北市,泰山區,新北市泰山區楓江路26巷19號1樓,121.4483642578,25.0571098328,B,居家服務,新北市,五股區;泰山區,85312525,heshen2525@gmail.com,鄭雅文,20250101.0,20271231.0,20241224 15:54:56
國軒企業有限公司附設臺北市私立國軒居家長照機構,1V0100054,1,臺北市,北投區,臺北市北投區中和街395號1樓,121.4984588623,25.1426258087,B,喘息服務,臺北市,士林區;北投區,02-28919157,guoxuan9157@gmail.com,賴思吟,20241118.0,20261231.0,20241119 10:49:17
宏庭長照有限公司附設新北市私立宏庭居家長照機構,1V0200125,1,新北市,新莊區,新北市新莊區中正路234號3樓303室,121.4484176636,25.0353775024,B,居家服務,新北市,新莊區,22776978,hongting168888@gmail.com,樊有忠,20250101.0,20271231.0,20241226 14:54:26
益巨股份有限公司附設新北市私立安康社區長照機構,2V0200014,2,新北市,新店區,新北市新店區安德街156號3樓,121.5083312988,24.9594268799,B,日間照顧服務,新北市,中和區;永和區;新店區,02-22112130,ankang.daycare01@gmail.com,陳威男,20250101.0,20271231.0,20241227 09:13:33
湘寓蒔光有限公司附設臺北市私立湘寓蒔光居家長照機構,1V0100056,1,臺北市,北投區,臺北市北投區北投路2段9號5樓之2,121.4989700317,25.1305122375,B,居家服務,臺北市,大同區;士林區;北投區,02-28966188,xiangyusg2024@gmail.com,連冠瑋,20241024.0,20261231.0,20241024 09:18:15
新北市三重區六合里辦公處(社照C),BF0200305,BF,新北市,三重區,新北市三重區六合里自強路二段50巷22號1樓,121.4883499146,25.0694217682,C,巷弄長照站,新北市,三重區,02-29896777,one541203@gmail.com,許萬金,20240627.0,20241231.0,20240625 15:43:35
樂銓管理顧問股份有限公司附設臺北市私立慶銓居家長照機構,1R0100074,1,臺北市,大同區,臺北市大同區永樂里西寧北路78-18號913室,121.5086898804,25.0544300079,B,居家服務,臺北市,大同區;萬華區;士林區,02-2312-0108,bob_hsu@uni-pros.com,鄭寶蓮,20241218.0,20261231.0,20241220 16:17:50
守歲健康股份有限公司附設新北市私立守歲居家長照機構,1V0200126,1,新北市,三重區,新北市三重區中正北路15號4樓D室,121.4926376343,25.0616798401,B,居家服務,新北市,三重區;蘆洲區,29855399,sslongcare@gmail.com,林奕彤,20250101.0,20271231.0,20241217 11:29:10
守歲健康股份有限公司附設新北市私立守歲居家長照機構,1V0200126,1,新北市,三重區,新北市三重區中正北路15號4樓D室,121.4926376343,25.0616798401,B,喘息服務,新北市,三重區;蘆洲區,29855399,sslongcare@gmail.com,林奕彤,20250101.0,20271231.0,20241217 11:29:38
好晨欣租賃有限公司,BA0200040,BA,新北市,淡水區,新北市淡水區濱海路三段148巷89號4樓,121.4270858765,25.1934814453,B,交通接送服務,新北市,淡水區;三芝區;八里區,02-26220788,lina250180@gmail.com,賴莉娜,20250101.0,20271231.0,20241226 15:10:57
家和生活健康事業有限公司附設新北市私立家和居家長照機構,1V0200122,1,新北市,三重區,新北市三重區福隆路9號2樓,121.4896011353,25.0770969391,B,居家服務,新北市,三重區;蘆洲區,0953069369,a72962002@gmail.com,李思諭,20250101.0,20271231.0,20241212 15:16:37
家和生活健康事業有限公司附設新北市私立家和居家長照機構,1V0200122,1,新北市,三重區,新北市三重區福隆路9號2樓,121.4896011353,25.0770969391,B,喘息服務,新北市,三重區;蘆洲區,0953069369,a72962002@gmail.com,李思諭,20250101.0,20271231.0,20241212 15:17:05
聖光長照有限公司附設新北市私立聖光居家長照機構,1V0200119,1,新北市,三重區,新北市三重區力行路二段176號2樓1室,121.4831237793,25.0771656036,B,居家服務,新北市,三重區;蘆洲區,0911183048,t0911183048@gmail.com,王潔,20250101.0,20271231.0,20241219 14:35:23
新店必談語言治療所,B70200011,B7,新北市,新店區,新北市新店區文化路75巷7號1樓,121.5448608398,24.9829769135,B,專業照護服務,新北市,永和區;新店區,0918600736,cmjj231@gmail.com,江孟蓉,20240503.0,20241231.0,20240507 13:36:27
社團法人臺灣腦身心機能認知協會(中和秀福站)(社照c),BE0200097,BE,新北市,中和區,新北市中和區秀福里秀朗路三段10巷16弄1之5號1樓,121.5238037109,24.9961490631,C,巷弄長照站,新北市,中和區,0919563050,tnca.service@gmail.com,陳怡璇,20240101.0,20241231.0,20240508 15:59:02
新北市貢寮區守望相助協會(社照C),BF0200294,BF,新北市,貢寮區,新北市貢寮區仁里里仁和路106巷5號,121.9245986938,25.0512657166,C,巷弄長照站,新北市,貢寮區,0935-154-745,liwen1118@gmail.com,吳勝福,20240101.0,20241231.0,20240508 19:11:22
新北市三重區五順里辦公處(社照C),BF0200297,BF,新北市,三重區,新北市三重區五順里仁義街211巷13號1樓,121.4973678589,25.0821380615,C,巷弄長照站,新北市,三重區,0937035755,hungren2002@yahoo.com.tw,洪文珍,20240101.0,20241231.0,20240509 10:46:29
康育診所,B20100115,B2,臺北市,內湖區,臺北市內湖區成功路三段189號2F,121.5907821655,25.0803833008,B,居家失能個案家庭醫師照護服務,臺北市,內湖區,(03)4923885,yucrane@gmail.com,林鈺燦,20240510.0,20241231.0,20240514 13:39:39
新北市三峽區八張里辦公處(社照C),BG0200084,BG,新北市,三峽區,新北市三峽區八張里清水街434號1樓,121.3685073853,24.9256191254,C,巷弄長照站,新北市,三峽區,0912-083-535,king620722@gmail.com,謝麗玲,20240801.0,20241231.0,20240701 16:13:15
康恬長照事業有限公司附設新北市私立康恬居家長照機構,1V0200123,1,新北市,三重區,新北市三重區同安東街76號1樓,121.4985733032,25.0574550629,B,居家服務,新北市,三重區;蘆洲區,0978932923,feng151005@gmail.com,楊復豪,20250101.0,20271231.0,20241223 14:20:54
瑞之盟仁芯營養諮詢中心,B60100011,B6,臺北市,信義區,臺北市信義區和平東路三段391巷8弄18之2號3樓,121.5581359863,25.0202465057,B,專業照護服務,臺北市,松山區;信義區;大安區;中山區;中正區;大同區;萬華區;文山區;南港區;內湖區;士林區;北投區,0907-010-671,rzm280301@gmail.com,林素貞,20250101.0,20261231.0,20241028 16:18:57
新北市三重區福民里辦公處(社照C),BF0200310,BF,新北市,三重區,新北市三重區福民里環河南路221巷40號1樓,121.4907836914,25.0528297424,C,巷弄長照站,新北市,三重區,02-29764185,S21840@gmail.com,林麗枝,20240901.0,20241231.0,20240807 16:14:23
康恬長照事業有限公司附設新北市私立康恬居家長照機構,1V0200123,1,新北市,三重區,新北市三重區同安東街76號1樓,121.4985733032,25.0574550629,B,喘息服務,新北市,三重區;蘆洲區,0978932923,feng151005@gmail.com,楊復豪,20250101.0,20271231.0,20241223 14:21:17
瑞之盟仁芯營養諮詢中心,B60100011,B6,臺北市,信義區,臺北市信義區和平東路三段391巷8弄18之2號3樓,121.5581359863,25.0202465057,B,專業照護服務,臺北市,松山區;信義區;大安區;中山區;中正區;大同區;萬華區;文山區;南港區;內湖區;士林區;北投區,0907-010-671,rzm280301@gmail.com,林素貞,20240710.0,20241231.0,20240710 09:09:47
安昱汽車租賃有限公司,BA0200039,BA,新北市,板橋區,新北市板橋區忠翠里雙十路二段79號9樓之1,121.4760360718,25.0270233154,B,交通接送服務,新北市,板橋區;中和區;新莊區;土城區,02-22550961,jimmy0624@gmail.com,黃秀圓,20250101.0,20271231.0,20241218 10:55:33
社團法人中華民國新生活社會福利發展促進會(三芝新庄站)(社照C),BF0200309,BF,新北市,三芝區,新北市三芝區埔坪里淡金路二段97號1樓,121.5042877197,25.2609786987,C,巷弄長照站,新北市,三芝區,02-2636-2978,newlifesw@newlifesw.org.tw,蘇興李,20240704.0,20241231.0,20240801 10:25:49
湘寓蒔光有限公司附設臺北市私立湘寓蒔光居家長照機構,1V0100056,1,臺北市,北投區,臺北市北投區北投路2段9號5樓之2,121.4989700317,25.1305122375,B,喘息服務,臺北市,松山區;信義區;大安區;中山區;中正區;大同區;萬華區;文山區;南港區;內湖區;士林區;北投區,02-28966188,xiangyusg2024@gmail.com,連冠瑋,20241125.0,20261231.0,20241125 13:45:13
宗齡藥局,B30200034,B3,新北市,汐止區,新北市汐止區康寧街459巷22號1樓,121.6312713623,25.0697422028,B,專業照護服務,新北市,汐止區,02-26952788,hollypharm1@gmail.com,謝宗霖,20240813.0,20241231.0,20240814 08:34:38
中化銀髮事業股份有限公司,BB0100012,BB,臺北市,中正區,臺北市中正區襄陽路23號10樓,121.5152511597,25.0434951782,B,輔具及居家無障礙環境服務,臺中市,中區;東區;南區;西區;北區;西屯區;南屯區;北屯區;豐原區;東勢區;大甲區;清水區;沙鹿區;梧棲區;后里區;神岡區;潭子區;大雅區;新社區;石岡區;外埔區;大安區;烏日區;大肚區;龍井區;霧峰區;太平區;大里區;和平區,02-4128178,shop.cscc@gmail.com,王謝怡貞,20240627.0,20270630.0,20240627 19:10:41
長耘股份有限公司附設臺北市私立協樂居家長照機構,1R0100073,1,臺北市,大安區,臺北市大安區和安里復興南路一段368號13樓（F1303室）,121.5433959961,25.0349349976,B,喘息服務,臺北市,松山區;信義區;大安區;南港區;內湖區;士林區;北投區,0936200611,hs@happysynergy.com.tw,戴雋財,20250411.0,20261231.0,20250523 10:34:37
遠曜居家有限公司附設臺北市私立我在居家長照機構,1V0100059,1,臺北市,文山區,臺北市文山區忠順街一段16號1樓,121.5584793091,24.9838962555,B,喘息服務,臺北市,信義區;大安區;文山區;南港區,0926-314-475,wozai202312@gmail.com,黃瑋翔,20250505.0,20261231.0,20250505 12:00:32
遠曜居家有限公司附設臺北市私立我在居家長照機構,1V0100059,1,臺北市,文山區,臺北市文山區忠順街一段16號1樓,121.5584793091,24.9838962555,B,居家服務,臺北市,信義區;大安區;文山區,0926-314-475,wozai202312@gmail.com,黃瑋翔,20250507.0,20261231.0,20250507 15:29:36
新北市托老互照志工協會(社照C),BF0200313,BF,新北市,三峽區,新北市三峽區嘉添里白雞路127號1樓,121.3692932129,24.9111213684,C,巷弄長照站,新北市,三峽區,02-2668-9439,jason3533@gmail.com,關崢,20240911.0,20241231.0,20240912 15:00:39
欣亞長期照顧事業有限公司附設新北市私立中和圓通居家長照機構,1X0200153,1,新北市,中和區,新北市中和區正行里圓通路231號,121.4963607788,24.9942207336,B,居家服務,新北市,中和區,0932941165,xinya22455133@gmail.com,譚兆華,20250101.0,20271231.0,20241219 10:27:54
社團法人台灣活出愛服務發展協會(社照C),BF0200314,BF,新北市,土城區,新北市土城區瑞興里廣明街63巷2弄7號1樓,121.454536438,24.9937210083,C,巷弄長照站,新北市,土城區,0975672670,o1219.shaw@gmail.com,邵國強,20240901.0,20241231.0,20241015 09:10:14
耆寓股份有限公司附設新北市私立一銀綜合長照機構,4R0200007,4,新北市,鶯歌區,新北市鶯歌區仁愛路1號3樓,121.3536529541,24.9568576813,B,喘息服務,新北市,樹林區;鶯歌區;三峽區;土城區,02-2677-1488,f07@qi-yu.com.tw,盧允中,20250101.0,20271231.0,20241220 15:19:54
欣亞長期照顧事業有限公司附設新北市私立中和圓通居家長照機構,1X0200153,1,新北市,中和區,新北市中和區正行里圓通路231號,121.4963607788,24.9942207336,B,喘息服務,新北市,中和區,0932941165,xinya22455133@gmail.com,譚兆華,20250101.0,20271231.0,20241219 10:28:18
玥亮有限公司附設新北市私立玥亮居家長照機構,1X0200154,1,新北市,中和區,新北市中和區廟美里景平路666號3樓313室,121.4974517822,25.0007820129,B,喘息服務,新北市,中和區;永和區,0917500935,rtyu5321@gmail.com,洪婉綾,20250116.0,20271231.0,20250121 15:31:11
新北市中華藝術交流推廣協會(土城頂埔分站),BF0200319,BF,新北市,土城區,新北市土城區頂埔里中央路4段188號1樓,121.4163513184,24.9578819275,C,巷弄長照站,新北市,土城區,0986398880,art.dance168@yahoo.com.tw,何鶯鷺,20241001.0,20241231.0,20241014 20:32:16
財團法人天下為公社會福利慈善事業基金會附設新北市私立萬里社區長照機構,2S0200039,2,新北市,萬里區,新北市萬里區瑪鋉路123號6樓,121.6891860962,25.1782474518,B,喘息服務,新北市,金山區;萬里區,02-86488388,wba81597922@gmail.com,胡世賢,20241112.0,20271231.0,20250417 10:12:05
思暮長期照護有限公司附設新北市私立思暮居家長照機構,1V0200129,1,新北市,新店區,新北市新店區北新路二段262號3樓之3,121.5429077148,24.9783344269,B,居家服務,新北市,新店區,0970392582,Smooth.home99@gmail.com,洪惠觀,20250101.0,20271231.0,20241220 14:17:50
耆寓股份有限公司附設新北市私立館前東綜合長照機構,4R0200008,4,新北市,板橋區,新北市板橋區館前東路26號5樓,121.4604873657,25.0071315765,B,喘息服務,新北市,板橋區;中和區;永和區;新莊區;土城區,02-29636358,f08@qi-yu.com.tw,盧允中,20250101.0,20271231.0,20241220 15:08:50
財團法人天下為公社會福利慈善事業基金會附設新北市私立萬里社區長照機構,2S0200039,2,新北市,萬里區,新北市萬里區瑪鋉路123號6樓,121.6891860962,25.1782474518,B,日間照顧服務,新北市,金山區;萬里區,02-86488388,wba81597922@gmail.com,胡世賢,20241112.0,20271231.0,20250417 10:12:05
同仁康拓長照社團法人附設新北市私立土城永寧社區長照機構,2R0200029,2,新北市,土城區,新北市土城區中央路三段130之5號、6號2樓,121.434425354,24.9659328461,B,日間照顧服務,新北市,板橋區;樹林區;三峽區;土城區,02-22685596,yndc5596@gmail.com,張維剛,20250101.0,20271231.0,20250110 14:38:04
耆寓股份有限公司附設新北市私立一銀綜合長照機構,4R0200007,4,新北市,鶯歌區,新北市鶯歌區仁愛路1號3樓,121.3536529541,24.9568576813,B,日間照顧服務,新北市,樹林區;鶯歌區;三峽區;土城區,02-2677-1488,f07@qi-yu.com.tw,盧允中,20250101.0,20271231.0,20241220 15:19:19
和鄰長照股份有限公司附設新北市私立土城和鄰社區長照機構,2R0200027,2,新北市,土城區,新北市土城區中華路一段176號、178號1樓,121.4409866333,24.9825248718,B,日間照顧服務,新北市,板橋區;三重區;中和區;永和區;新莊區;新店區;樹林區;鶯歌區;三峽區;土城區;蘆洲區;五股區;泰山區;林口區,02-22701298,honearbonnie@gmail.com,邱青萸,20250101.0,20271231.0,20241223 15:20:48
和鄰長照股份有限公司附設新北市私立土城和鄰社區長照機構,2R0200027,2,新北市,土城區,新北市土城區中華路一段176號、178號1樓,121.4409866333,24.9825248718,B,喘息服務,新北市,板橋區;三重區;中和區;永和區;新莊區;新店區;樹林區;鶯歌區;三峽區;土城區;蘆洲區;五股區;泰山區;林口區,02-22701298,honearbonnie@gmail.com,邱青萸,20250101.0,20271231.0,20241223 15:21:21
財團法人天下為公社會福利慈善事業基金會附設新北市私立萬里社區長照機構,2S0200039,2,新北市,萬里區,新北市萬里區瑪鋉路123號6樓,121.6891860962,25.1782474518,B,日間照顧服務,基隆市,中正區;七堵區;暖暖區;仁愛區;中山區;安樂區;信義區,02-86488388,wba81597922@gmail.com,胡世賢,20241230.0,20260318.0,20250124 15:37:31
財團法人天下為公社會福利慈善事業基金會附設新北市私立萬里社區長照機構,2S0200039,2,新北市,萬里區,新北市萬里區瑪鋉路123號6樓,121.6891860962,25.1782474518,B,喘息服務,基隆市,中正區;七堵區;暖暖區;仁愛區;中山區;安樂區;信義區,02-86488388,wba81597922@gmail.com,胡世賢,20241230.0,20260318.0,20250124 15:37:50
新北市淡水區興仁里辦公處,BG0200085,BG,新北市,淡水區,新北市淡水區興仁里興仁路95號1樓,121.4516296387,25.2178840637,C,巷弄長照站,新北市,淡水區,02-26212641,chuan635566@gmail.com,盧仁澤,20240101.0,20311231.0,20241024 16:30:08
語治波語言治療所,B70200012,B7,新北市,三峽區,新北市三峽區三樹一街2號1樓,121.3765640259,24.937297821,B,專業照護服務,新北市,板橋區;樹林區;鶯歌區;三峽區;汐止區;土城區,0925391015,st.pro1015@gmail.com,吳柏逸,20241106.0,20241231.0,20241111 14:36:41
首席國際開發有限公司,BB0200011,BB,新北市,樹林區,新北市樹林區大安路526號2樓,121.4131164551,24.9862651825,B,輔具及居家無障礙環境服務,臺中市,中區;東區;南區;西區;北區;西屯區;南屯區;北屯區;豐原區;東勢區;大甲區;清水區;沙鹿區;梧棲區;后里區;神岡區;潭子區;大雅區;新社區;石岡區;外埔區;大安區;烏日區;大肚區;龍井區;霧峰區;太平區;大里區;和平區,02-2683-3655,a80144280@gmail.com,陳豪毅,20241126.0,20270630.0,20241203 16:12:28
沁心居家護理所,B10200110,B1,新北市,三重區,新北市三重區自強路三段62巷11號1樓,121.4860992432,25.073059082,B,專業照護服務,新北市,三重區;蘆洲區,02-29861977,cinsin0907@gmail.com,辜品熙,20250101.0,20271231.0,20241224 14:16:58
國軒企業有限公司附設臺北市私立國軒居家長照機構,1V0100054,1,臺北市,北投區,臺北市北投區中和街395號1樓,121.4984588623,25.1426258087,B,居家服務,臺北市,士林區;北投區,02-28919157,guoxuan9157@gmail.com,賴思吟,20241022.0,20261231.0,20241223 11:09:31
長耘股份有限公司附設臺北市私立協樂居家長照機構,1R0100073,1,臺北市,大安區,臺北市大安區和安里復興南路一段368號13樓（F1303室）,121.5433959961,25.0349349976,B,居家服務,臺北市,松山區;信義區;大安區;南港區;內湖區;士林區;北投區,0936200611,hs@happysynergy.com.tw,戴雋財,20250507.0,20261231.0,20250507 14:22:46
護老生活有限公司附設臺北市私立護老互助居家長照機構,1R0100082,1,臺北市,大安區,臺北市大安區四維路198巷30弄10號2樓之3,121.5458450317,25.0265197754,B,居家服務,臺北市,松山區;信義區;大安區,0937819311,hulaohuzhu@gmail.com,高惠珍,20250320.0,20261231.0,20250324 14:12:12
豐年文化藝術團-新北市樹林區豐年部落文化健康站(原民C),BF0200322,BF,新北市,樹林區,新北市樹林區和平里忠孝街30號,121.4234390259,24.9819297791,B,喘息服務,新北市,樹林區,02-89705689,u0989302816@gmail.com,陳家梅,20250101.0,20271231.0,20241204 16:01:59
同仁康拓長照社團法人附設新北市私立土城永寧社區長照機構,2R0200029,2,新北市,土城區,新北市土城區中央路三段130之5號、6號2樓,121.434425354,24.9659328461,B,喘息服務,新北市,板橋區;樹林區;三峽區;土城區,02-22685596,yndc5596@gmail.com,張維剛,20250101.0,20271231.0,20250110 14:38:30
語治波語言治療所,B70200012,B7,新北市,三峽區,新北市三峽區三樹一街2號1樓,121.3765640259,24.937297821,B,專業照護服務,新北市,板橋區;樹林區;鶯歌區;三峽區;汐止區;土城區,0925391015,st.pro1015@gmail.com,吳柏逸,20250101.0,20271231.0,20241204 16:25:34
(新北)捷安租賃股份有限公司,BA0100051,BA,臺北市,大同區,臺北市大同區環河北路二段205巷17號,121.5097732544,25.069278717,B,社區式交通接送服務(BD03),新北市,汐止區;瑞芳區;深坑區,02-28826780#595,faye@csgroup-bus.com.tw,陳貞希,20250101.0,20271231.0,20250220 11:11:39
萓品管理顧問有限公司附設新北市私立禾善居家長照機構,1R0200095,1,新北市,樹林區,新北市樹林區仁愛街3號1樓,121.4213943481,24.9816493988,B,喘息服務,新北市,樹林區,02-86861187,hs86861187@gmail.com,林哲玄,20250213.0,20271231.0,20250217 15:39:54
萓品管理顧問有限公司附設新北市私立禾善居家長照機構,1R0200095,1,新北市,樹林區,新北市樹林區仁愛街3號1樓,121.4213943481,24.9816493988,B,居家服務,新北市,樹林區,02-86861187,hs86861187@gmail.com,林哲玄,20250213.0,20271231.0,20250217 15:39:05
(新北)捷安租賃股份有限公司,BA0100051,BA,臺北市,大同區,臺北市大同區環河北路二段205巷17號,121.5097732544,25.069278717,B,交通接送服務(DA01),新北市,汐止區;瑞芳區;深坑區,02-28826780#595,faye@csgroup-bus.com.tw,陳貞希,20250101.0,20271231.0,20250110 10:53:06
長樂健康事業有限公司附設新北市私立三峽長樂社區長照機構,2R0200025,2,新北市,三峽區,新北市三峽區龍學里大觀路9號2樓,121.3754806519,24.9439716339,B,日間照顧服務,新北市,樹林區;鶯歌區;三峽區;土城區,02-77527659,clltcserv@gmail.com,張美琳,20250101.0,20271231.0,20241218 14:10:20
長樂健康事業有限公司附設新北市私立三峽長樂社區長照機構,2R0200025,2,新北市,三峽區,新北市三峽區龍學里大觀路9號2樓,121.3754806519,24.9439716339,B,喘息服務,新北市,樹林區;鶯歌區;三峽區;土城區,02-77527659,clltcserv@gmail.com,張美琳,20250101.0,20271231.0,20241218 14:11:08
新北市私立風鈴玫園社區長照機構,2X0200028,2,新北市,三重區,新北市三重區光明里重安街53巷9號1樓,121.4913787842,25.0562839508,B,家庭托顧服務,新北市,10;15;5;三重區;新莊區;蘆洲區;五股區;泰山區,0960-570-903,Amyho922@hotmail.com,何晏玫,20250101.0,20271231.0,20241227 10:57:18
愛寧診所,B20200260,B2,新北市,新莊區,新北市新莊區中央路289號4樓,121.4524002075,25.058675766,B,居家失能個案家庭醫師照護服務,新北市,板橋區;新莊區;五股區;泰山區;八里區,02-85220307,drsf@ainehcc.onmicrosoft.com,廖少鋒,20250101.0,20271231.0,20241203 14:34:37
愛寧診所,B20200260,B2,新北市,新莊區,新北市新莊區中央路289號4樓,121.4524002075,25.058675766,B,專業照護服務,新北市,板橋區;三重區;新莊區;土城區;蘆洲區;五股區;泰山區;林口區,02-85220307,drsf@ainehcc.onmicrosoft.com,廖少鋒,20250217.0,20271231.0,20250219 08:57:18
玥亮有限公司附設新北市私立玥亮居家長照機構,1X0200154,1,新北市,中和區,新北市中和區廟美里景平路666號3樓313室,121.4974517822,25.0007820129,B,居家服務,新北市,中和區;永和區,0917500935,rtyu5321@gmail.com,洪婉綾,20250116.0,20271231.0,20250121 15:30:50
思暮長期照護有限公司附設新北市私立思暮居家長照機構,1V0200129,1,新北市,新店區,新北市新店區北新路二段262號3樓之3,121.5429077148,24.9783344269,B,喘息服務,新北市,新店區,0970392582,Smooth.home99@gmail.com,洪惠觀,20250101.0,20271231.0,20241220 14:18:47
耆寓股份有限公司附設新北市私立館前東綜合長照機構,4R0200008,4,新北市,板橋區,新北市板橋區館前東路26號5樓,121.4604873657,25.0071315765,B,日間照顧服務,新北市,板橋區;中和區;永和區;新莊區;土城區,02-29636358,f08@qi-yu.com.tw,盧允中,20250101.0,20271231.0,20241220 15:08:20
樂銓管理顧問股份有限公司附設臺北市私立慶銓居家長照機構,1R0100074,1,臺北市,大同區,臺北市大同區永樂里西寧北路78-18號913室,121.5086898804,25.0544300079,B,喘息服務,臺北市,松山區;信義區;大安區;中山區;中正區;大同區;萬華區;內湖區;士林區,02-2312-0108,bob_hsu@uni-pros.com,鄭寶蓮,20250303.0,20261231.0,20250303 15:55:10
樂源企業股份有限公司附設新北市私立康廷居家長照機構,1V0200127,1,新北市,板橋區,新北市板橋區民族路228號2樓(203室),121.4688110352,25.0072841644,B,居家服務,新北市,板橋區,0921435387,ariesbaby0416@yahoo.com.tw,林彥丰,20250124.0,20271231.0,20250204 15:02:51
新北市私立美樂社區長照機構,2X0200029,2,新北市,土城區,新北市土城區平和里延和路105巷7弄2號1樓,121.4671096802,24.9914608002,B,家庭托顧服務,新北市,10;15;5;板橋區;中和區;新莊區;樹林區;土城區,0913-144-924,gogobig0625@gmail.com,曾翠華,20250101.0,20271231.0,20241220 11:49:51
耆寓股份有限公司附設新北市私立鎮前綜合長照機構,4R0200009,4,新北市,樹林區,新北市樹林區鎮前街29巷1號4樓之1、5樓之1,121.4259185791,24.9918727875,B,日間照顧服務,新北市,板橋區;新莊區;樹林區;鶯歌區;三峽區;土城區,02-26821288,f09@qi-yu.com.tw,盧允中,20250411.0,20271231.0,20250415 15:07:50
耆寓股份有限公司附設新北市私立鎮前綜合長照機構,4R0200009,4,新北市,樹林區,新北市樹林區鎮前街29巷1號4樓之1、5樓之1,121.4259185791,24.9918727875,B,喘息服務,新北市,板橋區;新莊區;樹林區;鶯歌區;三峽區;土城區,02-26821288,f09@qi-yu.com.tw,盧允中,20250411.0,20271231.0,20250415 15:08:31
清山交通有限公司,BA0100049,BA,臺北市,松山區,臺北市松山區八德路四段678號7樓之7,121.5764160156,25.0498714447,B,交通接送服務(DA01),桃園市,桃園區;中壢區;大溪區;楊梅區;蘆竹區;大園區;龜山區;八德區;龍潭區;平鎮區;新屋區;觀音區,02-27457715,cingshan28@gmail.com,林青駿,20240101.0,20261231.0,20250114 15:56:14
社團法人中華躍樂齡創新服務發展協會-三重福德據點(社照C),BE0200099,BE,新北市,三重區,新北市三重區福德里集美街75巷27號1樓,121.4879608154,25.0529785156,B,喘息服務,新北市,三重區,02-87733752,yjhomecare@gmail.com,施福忠,20250101.0,20271231.0,20241217 09:51:51
新北市山上樂齡才藝長照協會(社照C),BF0200311,BF,新北市,三重區,新北市三重區長泰里長樂街55-2號1樓,121.5005722046,25.0692234039,C,巷弄長照站,新北市,三重區,0910039297,j6rmp4u4571@gmail.com,吳俊毅,20240901.0,20241231.0,20240903 14:20:55
星樂活健康長期照顧股份有限公司附設臺北市私立星樂活居家式長期照顧服務機構,1R0100076,1,臺北市,大安區,臺北市大安區信義路四段6號15樓之9,121.544128418,25.0331287384,B,喘息服務,臺北市,松山區;信義區;大安區,0937279546,w26547183@gmail.com,吳宗霖,20241129.0,20261231.0,20241202 09:34:41
旭耀長期照顧股份有限公司附設臺北市私立旭耀居家長照機構,1R0100080,1,臺北市,北投區,臺北市北投區中和街63號2樓,121.5020065308,25.138677597,B,居家服務,臺北市,大同區;士林區;北投區,02-28917999,2024syhc@gmail.com,賴立國,20250324.0,20261231.0,20250325 17:47:14
星樂活健康長期照顧股份有限公司附設臺北市私立星樂活居家式長期照顧服務機構,1R0100076,1,臺北市,大安區,臺北市大安區信義路四段6號15樓之9,121.544128418,25.0331287384,B,居家服務,臺北市,松山區;信義區;大安區,0937279546,w26547183@gmail.com,吳宗霖,20241111.0,20261231.0,20241112 17:46:05
台灣社會福利及社會工作發展協會附設新北市私立有伴社區長照機構,2N0200003,2,新北市,板橋區,新北市板橋區大觀路三段236號2樓,121.4297943115,24.992225647,B,喘息服務,新北市,板橋區;中和區;永和區;樹林區;鶯歌區;三峽區;土城區;泰山區,02-26851825,staywithu20@gmail.com,黃成德,20250101.0,20271231.0,20241220 09:06:25
樂源企業股份有限公司附設新北市私立康廷居家長照機構,1V0200127,1,新北市,板橋區,新北市板橋區民族路228號2樓(203室),121.4688110352,25.0072841644,B,喘息服務,新北市,板橋區,0921435387,ariesbaby0416@yahoo.com.tw,林彥丰,20250124.0,20271231.0,20250204 15:03:17
福鷺社會企業有限公司附設新北市私立五股福鷺社區長照機構,2R0200026,2,新北市,五股區,新北市五股區成泰路二段7號、9號,121.4369277954,25.0813941956,B,喘息服務,新北市,三重區;蘆洲區;五股區;泰山區,0983357813,FULUSELTC@gmail.com,張凱智,20250101.0,20271231.0,20241231 13:59:03
昌明耳鼻喉科診所,B20200263,B2,新北市,新莊區,新北市新莊區昌明街80號1樓,121.4550247192,25.0523605347,B,居家失能個案家庭醫師照護服務,新北市,新莊區,02-89920100,chilong1126@gmail.com,曾志龍,20250124.0,20271231.0,20250204 15:16:47
(新北)三揚國際租賃有限公司,BA0100052,BA,臺北市,文山區,臺北市文山區辛亥路五段98號,121.552986145,24.9982833862,B,交通接送服務(DA01),新北市,林口區,02-2302-7899,safetycar.tw@gmail.com,陳帝維,20250206.0,20271231.0,20250212 10:18:35
社團法人中華基督教新海社區發展協會(社照C),BE0200101,BE,新北市,淡水區,新北市淡水區大庄里沙崙路181巷30號1樓,121.4234313965,25.1848945618,C,巷弄長照站,新北市,淡水區,02-2805-5345,eei1015@gmail.com,蔡辰怡,20250208.0,20251231.0,20250212 17:37:04
(基隆市)北台灣無障礙運輸產業工會,BA0200042,BA,新北市,中和區,新北市中和區連勝街159號5樓,121.4942245483,24.9965553284,B,社區式交通接送服務(BD03),基隆市,中正區;七堵區;暖暖區;仁愛區;中山區;安樂區;信義區,02-77522000,a0906888505@gmail.com,林垂穎,20250212.0,20271231.0,20250217 11:42:28
(基隆市)北台灣無障礙運輸產業工會,BA0200042,BA,新北市,中和區,新北市中和區連勝街159號5樓,121.4942245483,24.9965553284,B,交通接送服務(DA01),基隆市,中正區;七堵區;暖暖區;仁愛區;中山區;安樂區;信義區,02-77522000,a0906888505@gmail.com,林垂穎,20250212.0,20271231.0,20250217 11:42:53
新北市中和區崇南里辦公處(社照C),BG0200086,BG,新北市,中和區,新北市中和區崇南里景新街496巷35弄1號2樓,121.5135955811,24.9856529236,C,巷弄長照站,新北市,中和區,0935209479,m0935209479@gmail.com,林秀貞,20240923.0,20241231.0,20241024 15:29:43
永愛診所,B20200262,B2,新北市,永和區,新北市永和區永平路282之1號,121.5078277588,25.0119495392,B,居家失能個案家庭醫師照護服務,新北市,中和區;永和區;新店區,02-29258680,b8301027@hotmail.com,黃心平,20250116.0,20271231.0,20250121 15:27:08
財團法人明倫社會福利慈善事業基金會附設新北市私立明倫社區長照機構,2R0200028,2,新北市,板橋區,新北市板橋區浮洲里合安一路27號1樓,121.4566040039,25.0123500824,B,日間照顧服務,新北市,板橋區;樹林區;土城區,02-29681515,Wuchang140@gmail.com,董定宇,20250101.0,20271231.0,20241227 08:57:45
財團法人雙福社會福利慈善事業基金會(信義社區照顧關懷據點),BD0100095,BD,臺北市,信義區,臺北市信義區光復南路443巷9號,121.5585250854,25.0357112885,B,喘息服務,臺北市,松山區;信義區;大安區;中山區;中正區;大同區;萬華區;文山區;南港區;內湖區;士林區;北投區,02-2729-9580,asiapd@gmail.com,吳英賓,20250101.0,20261231.0,20241105 19:42:16
福鷺社會企業有限公司附設新北市私立五股福鷺社區長照機構,2R0200026,2,新北市,五股區,新北市五股區成泰路二段7號、9號,121.4369277954,25.0813941956,B,日間照顧服務,新北市,三重區;蘆洲區;五股區;泰山區,0983357813,FULUSELTC@gmail.com,張凱智,20250101.0,20271231.0,20241231 13:58:33
台灣社會福利及社會工作發展協會附設新北市私立有伴社區長照機構,2N0200003,2,新北市,板橋區,新北市板橋區大觀路三段236號2樓,121.4297943115,24.992225647,B,日間照顧服務,新北市,板橋區;中和區;永和區;樹林區;鶯歌區;三峽區;土城區;泰山區,02-26851825,staywithu20@gmail.com,黃成德,20250101.0,20271231.0,20241220 09:05:57
新北市社區家庭關懷協會,BF0200321,BF,新北市,淡水區,新北市淡水區新生里文化路59巷5號1樓,121.4386672974,25.1724739075,C,巷弄長照站,新北市,淡水區,02-2625-0849,o952652587@gmail.com,鄭賢美,20241001.0,20310101.0,20241022 19:13:52
新北市新店區長春里辦公處,BG0200087,BG,新北市,新店區,新北市新店區長春里新坡一街39號2樓,121.5489501953,24.9627761841,C,巷弄長照站,新北市,新店區,02-2910-9066,leejierken@gmail.com,李傳傑,20240101.0,20241231.0,20241024 16:59:34
百佳健康事業有限公司附設臺北市私立百佳居家長照機構,1R0100081,1,臺北市,萬華區,臺北市萬華區和平西路2段149號3樓之4,121.5051727295,25.0337467194,B,居家服務,臺北市,大同區;萬華區;文山區,02-23880119,paichia149304@gmail.com,陳真善,20250203.0,20261231.0,20250204 11:20:59
逐夢國際生活健康事業有限公司附設新北市私立金幸福居家長照機構,1R0200098,1,新北市,三峽區,新北市三峽區中華路121號1樓,121.3712463379,24.9278964996,B,居家服務,新北市,三峽區;土城區,0968166622,sd578721@gmail.com,陳賴勇,20250519.0,20271231.0,20250521 11:02:57
千田照服股份有限公司附設新北市私立千田社區長照機構,2R0200032,2,新北市,土城區,新北市土城區金城路二段209號3樓、209之1號3樓,121.4543838501,24.9818916321,B,喘息服務,新北市,板橋區;土城區,02-66050777,chientien9356@gmail.com,陳峻廣,20250411.0,20271231.0,20250423 16:47:33
財團法人天主教失智老人社會福利基金會附設臺北市私立東湖聖若瑟社區長照機構,2S0100034,2,臺北市,內湖區,臺北市內湖區東湖路1號3樓,121.6123657227,25.0691013336,B,日間照顧服務,臺北市,松山區;南港區;內湖區;士林區;北投區,02-2304-6716,donghu3146.day.care@gmail.com,鍾安住,20250313.0,20261231.0,20250318 16:29:18
財團法人天主教失智老人社會福利基金會附設臺北市私立東湖聖若瑟社區長照機構,2S0100034,2,臺北市,內湖區,臺北市內湖區東湖路1號3樓,121.6123657227,25.0691013336,B,社區式交通接送服務(BD03),臺北市,松山區;信義區;大安區;中山區;中正區;大同區;萬華區;文山區;南港區;內湖區;士林區;北投區,02-2304-6716,donghu3146.day.care@gmail.com,鍾安住,20250313.0,20261231.0,20250401 19:26:29
晨穎長期照顧股份有限公司附設臺北市私立晨安居家長照機構,1V0100061,1,臺北市,士林區,臺北市士林區蘭雅里中山北路6段264號2樓,121.5255508423,25.1096839905,B,居家服務,臺北市,士林區;北投區,02-2838-1616,chenanhc@gmail.com,陳思穎,20250515.0,20261231.0,20250519 14:21:51
新北市中和區安穗里辦公處(社照C),BG0200088,BG,新北市,中和區,新北市中和區安穗里員山路294巷7號1樓,121.481842041,25.0024681091,C,巷弄長照站,新北市,中和區,0931285110,sarah940801@gmail.com,周靜萱,20250101.0,20251231.0,20250310 15:16:49
臺北市政府社會局委託社團法人中華民國士林靈糧堂社會福利協會經營管理福星身障社區長照機構（日間照顧）,2R0100027,2,臺北市,萬華區,臺北市萬華區福星里開封街2段39號3樓之1,121.5064315796,25.0471401215,B,日間照顧服務,臺北市,松山區;信義區;大安區;中山區;中正區;大同區;萬華區;文山區;南港區;內湖區;士林區;北投區,(02)2382-1448,sl0010@slsc.org.tw,劉群茂,20241126.0,20251231.0,20241218 15:25:28
圓石實業股份有限公司附設臺北市私立文山和興圓石社區長照機構,2V0100013,2,臺北市,文山區,臺北市文山區和興路88號1樓,121.5493545532,24.9848461151,B,喘息服務,臺北市,松山區;信義區;大安區;中山區;中正區;大同區;萬華區;文山區;南港區;內湖區;士林區;北投區,22362001,19810313duck2024@gmail.com,侯克瀛,20250227.0,20261231.0,20250227 14:22:54
(基隆市)大豐國際租賃有限公司,BA0100053,BA,臺北市,南港區,臺北市南港區忠孝東路六段278巷23弄14號1樓,121.5900726318,25.0484714508,B,交通接送服務(DA01),基隆市,中正區;七堵區;暖暖區;仁愛區;中山區;安樂區;信義區,02-22468999,shen58899@gmail.com,沈恒昌,20250225.0,20271231.0,20250305 18:54:37
(基隆市)大豐國際租賃有限公司,BA0100053,BA,臺北市,南港區,臺北市南港區忠孝東路六段278巷23弄14號1樓,121.5900726318,25.0484714508,B,社區式交通接送服務(BD03),基隆市,中正區;七堵區;暖暖區;仁愛區;中山區;安樂區;信義區,02-22468999,shen58899@gmail.com,沈恒昌,20250225.0,20271231.0,20250305 18:54:55
新北市永和區河濱里辦公處(社照C),BF0200324,BF,新北市,永和區,新北市永和區河濱里林森路10巷18弄6號,121.5260162354,25.0065746307,C,巷弄長照站,新北市,永和區,0932-129368,AJ2624@NTPC.GOV.TW,孫黃秋月,20250101.0,20251231.0,20250311 16:38:44
良興康健醫護管理顧問股份有限公司附設新北市私立板橋玩學樂園社區長照機構,2V0200015,2,新北市,板橋區,新北市板橋區振興里中山路二段443巷75、77、79號4樓,121.480682373,25.0225257874,B,日間照顧服務,新北市,板橋區;三重區;中和區;永和區;新莊區;土城區,2953-0678,manager@funcarehome.com,吳良生,20250204.0,20271231.0,20250227 15:18:36
財團法人雙福社會福利慈善事業基金會(信義社區照顧關懷據點),BD0100095,BD,臺北市,信義區,臺北市信義區光復南路443巷9號,121.5585250854,25.0357112885,B,喘息服務,臺北市,松山區;信義區;大安區;中山區;中正區;大同區;萬華區;文山區;南港區;內湖區;士林區;北投區,02-2729-9580,asiapd@gmail.com,吳英賓,20190101.0,20241231.0,20241105 19:46:18
臺北市政府社會局委託社團法人中華民國士林靈糧堂社會福利協會經營管理福星身障社區長照機構（日間照顧）,2R0100027,2,臺北市,萬華區,臺北市萬華區福星里開封街2段39號3樓之1,121.5064315796,25.0471401215,B,喘息服務,臺北市,松山區;信義區;大安區;中山區;中正區;大同區;萬華區;文山區;南港區;內湖區;士林區;北投區,(02)2382-1448,sl0010@slsc.org.tw,劉群茂,20250306.0,20261231.0,20250306 18:55:58
新北市中和區積穗里辦公處(社照C),BG0200089,BG,新北市,中和區,新北市中和區積穗里員山路394巷5號1樓,121.4808654785,25.0046844482,C,巷弄長照站,新北市,中和區,0989094762,af77129@yahoo.com.tw,陳致廷,20250101.0,20251231.0,20250310 15:22:42
新北市私立潔翎居家長照機構,1X0200157,1,新北市,新店區,新北市新店區民權路153號4樓,121.534362793,24.9826583862,B,喘息服務,新北市,新店區;烏來區,02-22183033,jljj2025@gmail.com,鄭琪翎,20250101.0,20271231.0,20250205 16:33:21
肯康樂活股份有限公司附設新北市私立肯康居家長照機構,1R0200096,1,新北市,三峽區,新北市三峽區民生街106-2號3樓,121.3736877441,24.9355068207,B,喘息服務,新北市,鶯歌區;三峽區,02-86723456,kkhomecare2024@gmail.com,謝宗運,20250225.0,20271231.0,20250227 10:23:00
新北市私立銀光親心社區長照機構,2X0200031,2,新北市,新店區,新北市新店區寶興里文化路80巷11號1樓,121.5448303223,24.9814319611,B,家庭托顧服務,新北市,10;15;5;新店區;深坑區;石碇區,0938-311-994,houihsia@gmail.com,侯屹霞,20250220.0,20271231.0,20250224 08:32:41
新北市私立潔翎居家長照機構,1X0200157,1,新北市,新店區,新北市新店區民權路153號4樓,121.534362793,24.9826583862,B,居家服務,新北市,新店區;烏來區,02-22183033,jljj2025@gmail.com,鄭琪翎,20250101.0,20271231.0,20250205 16:32:11
圓石實業股份有限公司附設臺北市私立文山和興圓石社區長照機構,2V0100013,2,臺北市,文山區,臺北市文山區和興路88號1樓,121.5493545532,24.9848461151,B,日間照顧服務,臺北市,松山區;信義區;大安區;中山區;中正區;大同區;萬華區;文山區;南港區;內湖區;士林區;北投區,22362001,19810313duck2024@gmail.com,侯克瀛,20250101.0,20261231.0,20250113 13:46:16
(新北)生通股份有限公司,BA0100048,BA,臺北市,中山區,臺北市中山區民族東路2號6樓,121.5233612061,25.0682983398,B,交通接送服務,新北市,汐止區;石碇區;平溪區,02-25997667,michelleli1973.tw@gmail.com,陳金棍,20250101.0,20271231.0,20241227 10:46:58
肯康樂活股份有限公司附設新北市私立肯康居家長照機構,1R0200096,1,新北市,三峽區,新北市三峽區民生街106-2號3樓,121.3736877441,24.9355068207,B,居家服務,新北市,鶯歌區;三峽區,02-86723456,kkhomecare2024@gmail.com,謝宗運,20250225.0,20271231.0,20250227 10:19:40
新北市私立長仁居家長照機構,1X0200158,1,新北市,新莊區,新北市新莊區中德路39號6樓,121.4507293701,25.057888031,B,喘息服務,新北市,新莊區;八里區,66057805,changren1966@gmail.com,李書婷,20250310.0,20271231.0,20250312 14:54:26
良興康健醫護管理顧問股份有限公司附設新北市私立板橋玩學樂園社區長照機構,2V0200015,2,新北市,板橋區,新北市板橋區振興里中山路二段443巷75、77、79號4樓,121.480682373,25.0225257874,B,喘息服務,新北市,板橋區;三重區;中和區;永和區;新莊區;土城區,2953-0678,manager@funcarehome.com,吳良生,20250204.0,20271231.0,20250227 15:19:11
財團法人私立廣恩老人養護中心附設新北市私立新店馬公社區長照機構,2S0200040,2,新北市,新店區,新北市新店區北新路一段88巷11號1至3樓,121.5430145264,24.9672756195,B,喘息服務,新北市,新店區,02-29107888,gnba3@guannenn.org.tw,林偉峰,20250320.0,20271231.0,20250325 13:37:07
社團法人中華民國士林靈糧堂社會福利協會附設臺北市私立復華社區長照機構,2R0100028,2,臺北市,中山區,臺北市中山區復華里遼寧街185巷11號2-3樓,121.5427627563,25.0534248352,B,社區式交通接送服務(BD03),臺北市,松山區;信義區;大安區;中山區;中正區;大同區;萬華區;文山區;南港區;內湖區;士林區;北投區,27171393,fhdaycare@slsc.org.tw,劉群茂,20250401.0,20261231.0,20250331 17:17:50
社團法人中華民國士林靈糧堂社會福利協會附設臺北市私立復華社區長照機構,2R0100028,2,臺北市,中山區,臺北市中山區復華里遼寧街185巷11號2-3樓,121.5427627563,25.0534248352,B,小規模多機能服務,臺北市,松山區;信義區;大安區;中山區;中正區;大同區;萬華區;文山區;南港區;內湖區;士林區;北投區,27171393,fhdaycare@slsc.org.tw,劉群茂,20250401.0,20261231.0,20250331 17:37:16
社團法人中華民國老吾老福利協會附設新北市私立兆恩居家長照機構,1R0200097,1,新北市,三重區,新北市三重區福德北路12號5樓（空間編號：Quanta室）,121.5022659302,25.064453125,B,居家服務,新北市,三重區;蘆洲區,0955568486,hsiuchin0623@gmail.com,王怡分,20250225.0,20271231.0,20250227 10:37:26
社團法人中華民國老吾老福利協會附設新北市私立兆恩居家長照機構,1R0200097,1,新北市,三重區,新北市三重區福德北路12號5樓（空間編號：Quanta室）,121.5022659302,25.064453125,B,喘息服務,新北市,三重區;蘆洲區,0955568486,hsiuchin0623@gmail.com,王怡分,20250225.0,20271231.0,20250227 10:39:53
新北市私立長仁居家長照機構,1X0200158,1,新北市,新莊區,新北市新莊區中德路39號6樓,121.4507293701,25.057888031,B,居家服務,新北市,新莊區;八里區,66057805,changren1966@gmail.com,李書婷,20250310.0,20271231.0,20250312 14:54:02
逐夢國際生活健康事業有限公司附設新北市私立金幸福居家長照機構,1R0200098,1,新北市,三峽區,新北市三峽區中華路121號1樓,121.3712463379,24.9278964996,B,喘息服務,新北市,三峽區;土城區,0968166622,sd578721@gmail.com,陳賴勇,20250519.0,20271231.0,20250521 11:03:10
千田照服股份有限公司附設新北市私立千田社區長照機構,2R0200032,2,新北市,土城區,新北市土城區金城路二段209號3樓、209之1號3樓,121.4543838501,24.9818916321,B,日間照顧服務,新北市,板橋區;土城區,02-66050777,chientien9356@gmail.com,陳峻廣,20250411.0,20271231.0,20250423 16:47:16
(新北)全心居家護理所,B10200111,B1,新北市,三重區,新北市三重區重新路二段21號12樓1218室,121.4980392456,25.0624084473,B,專業照護服務,新北市,板橋區;三重區;新莊區;土城區;蘆洲區,0925790290,gsk.md.ada@gmail.com,許秀芬,20250225.0,20271231.0,20250227 10:44:50
常青樹國際股份有限公司附設臺北市私立常青樹社區長照機構,2S0100033,2,臺北市,中山區,臺北市中山區興亞里長安東路二段31號5樓之一,121.5312194824,25.0485877991,B,喘息服務,臺北市,松山區;信義區;大安區;中山區;中正區;大同區;萬華區;文山區;南港區;內湖區;士林區;北投區,2522-2218,cqs1131010@gmail.com,唐于婷,20250428.0,20261231.0,20250429 11:25:03
常青樹國際股份有限公司附設臺北市私立常青樹社區長照機構,2S0100033,2,臺北市,中山區,臺北市中山區興亞里長安東路二段31號5樓之一,121.5312194824,25.0485877991,B,日間照顧服務,臺北市,松山區;信義區;大安區;中山區;中正區;大同區;萬華區;文山區;南港區;內湖區;士林區;北投區,2522-2218,cqs1131010@gmail.com,唐于婷,20250220.0,20261231.0,20250320 16:29:21
裕康健康有限公司附設新北市私立仁叡居家長照機構,1R0200100,1,新北市,新店區,新北市新店區北新路二段262號3樓之3(306室),121.5429077148,24.9783344269,B,喘息服務,新北市,新店區,02-2926-1298,yukang1966@gmail.com,林哲宇,20250423.0,20271231.0,20250430 11:44:55
新北市三重區中山里辦公處(設照C),BG0200092,BG,新北市,三重區,新北市三重區中山里4鄰大同北路34巷11號1樓,121.4946136475,25.0624732971,C,巷弄長照站,新北市,三重區,02-2985-0059,jack@bellat.com.tw,黃弘毅,20250101.0,20251231.0,20250407 09:35:46
社團法人中華民國照顧服務員專業發展協會附設新北市私立照顧服務員居家式服務類長期照顧服務機構-貢寮福隆據點(社照C),1R0200103,1,新北市,貢寮區,新北市貢寮區福隆里福隆街60號2樓,121.9457321167,25.0183773041,B,喘息服務,新北市,貢寮區,02-22651680,careworkertw@yahoo.com.tw,許婉菁,20250101.0,20271231.0,20250425 13:52:03
新北市私立旺福居家長照機構-三重溪美據點(醫事C),1X0200161,1,新北市,三重區,新北市三重區溪美里福隆路107號1樓,121.4925689697,25.0783538818,B,喘息服務,新北市,三重區,02-28571526,wfservice2@gmail.com,黃雅萍,20250101.0,20251231.0,20250425 14:32:27
齡活股份有限公司附設新北市私立齡活居家長照機構-板橋深丘據點(醫事C),1V0200137,1,新北市,板橋區,新北市板橋區深丘里011鄰海山路19號1樓,121.454208374,25.0201644897,B,喘息服務,新北市,板橋區,7751-8056,ntpcltc@seniorlife.com.tw,彭紹宇,20250101.0,20271231.0,20250425 15:02:52
社團法人台灣幸扶公益協會附設新北市私立汐止民權社區長照機構,2R0200031,2,新北市,汐止區,新北市汐止區民權街二段108號1樓,121.6184921265,25.046672821,B,喘息服務,新北市,汐止區;瑞芳區;石碇區,02-2691-9122,happinesshelpxizhi@gmail.com,鄭正,20250411.0,20271231.0,20250421 15:05:53
(新北)如己居家護理所,B10200112,B1,新北市,三重區,新北市三重區福德北路12號5樓,121.5022659302,25.064453125,B,專業照護服務,新北市,板橋區;三重區;中和區;永和區;新莊區;新店區;樹林區;鶯歌區;三峽區;淡水區;土城區;蘆洲區;五股區;泰山區;林口區;八里區,0938102940,ruji.care@gmail.com,李佩怡,20250225.0,20271231.0,20250227 10:48:04
金大心股份有限公司附設新北市私立金大心居家長照機構-永和智光據點(醫事C),1V0200135,1,新北市,永和區,新北市永和區智光里民享街1巷12號1號,121.5151672363,24.9961128235,B,喘息服務,新北市,永和區,0988190973,jindaxin520@gmail.com,吳秉珊,20250101.0,20271231.0,20250425 14:28:06
新北市私立璟馨居家長照機構-土城金城據點(醫事C),1X0200162,1,新北市,土城區,新北市土城區金城里明德路一段29巷16號,121.4655380249,24.9852848053,B,喘息服務,新北市,土城區,02-77230968,jxabccare@gmail.com,洪慧珍,20250101.0,20271231.0,20250425 15:32:25
祝三實業股份有限公司,BB0200014,BB,新北市,板橋區,新北市板橋區遠東路1號,121.4565963745,24.9987220764,B,輔具及居家無障礙環境服務,臺北市,松山區;信義區;大安區;中山區;中正區;大同區;萬華區;文山區;南港區;內湖區;士林區;北投區,29661009,junyan.chen@trihce.com,蕭中正,20250408.0,20251231.0,20250430 16:21:12
財團法人私立廣恩老人養護中心附設新北市私立新店馬公社區長照機構,2S0200040,2,新北市,新店區,新北市新店區北新路一段88巷11號1至3樓,121.5430145264,24.9672756195,B,日間照顧服務,新北市,新店區,02-29107888,gnba3@guannenn.org.tw,林偉峰,20250320.0,20271231.0,20250325 13:36:37
靜安健康股份有限公司附設臺北市私立智慧健康社區長照機構,2S0100035,2,臺北市,南港區,臺北市南港區玉成街89號1樓,121.5819702148,25.0472793579,B,社區式交通接送服務(BD03),臺北市,松山區;信義區;大安區;中山區;中正區;大同區;萬華區;文山區;南港區;內湖區;士林區;北投區,02-25700258,serenecare0609@gmail.com,孫維欣,20250414.0,20261231.0,20250425 10:51:31
一大心國際有限公司,BB0100013,BB,臺北市,中山區,臺北市中山區中山里新生北路二段66之8號1樓,121.5272140503,25.0564002991,B,輔具及居家無障礙環境服務,臺北市,松山區;信義區;大安區;中山區;中正區;大同區;萬華區;文山區;南港區;內湖區;士林區;北投區,0989666378,pattylovepeace@gmail.com.com,張炎森,20250306.0,20271231.0,20250409 17:30:26
耆寓股份有限公司附設新北市私立勤樸社區長照機構,2V0200016,2,新北市,汐止區,新北市汐止區忠孝里大同路一段499號1樓,121.6447067261,25.0621852875,B,日間照顧服務,新北市,汐止區,8692-3518,f01@qi-yu.com.tw,盧允中,20250304.0,20271231.0,20250519 09:25:52
安忻診所,B20200264,B2,新北市,五股區,新北市五股區水碓路7號1樓,121.4336776733,25.0723133087,B,居家失能個案家庭醫師照護服務,新北市,三重區;新莊區;蘆洲區;五股區;泰山區;林口區;三芝區;石門區;八里區,02-2295-1729,anxinlmd1201@gmail.com,黃毓棻,20250408.0,20271231.0,20250410 10:14:21
社團法人台灣幸扶公益協會附設新北市私立汐止民權社區長照機構,2R0200031,2,新北市,汐止區,新北市汐止區民權街二段108號1樓,121.6184921265,25.046672821,B,日間照顧服務,新北市,汐止區;瑞芳區;石碇區,02-2691-9122,happinesshelpxizhi@gmail.com,鄭正,20250411.0,20271231.0,20250421 15:05:38
新北市中和區景平里辦公處(社照C),BG0200090,BG,新北市,中和區,新北市中和區景平里景平路159巷2號B1,121.5125198364,24.992307663,C,巷弄長照站,新北市,中和區,0988385007,kekky3310@gmail.com,游一龍,20250101.0,20251231.0,20250310 15:27:16
連邦物理治療所,B40100034,B4,臺北市,松山區,臺北市松山區南京東路四段52巷11號1樓,121.5312271118,25.0612506866,B,專業照護服務,臺北市,松山區;信義區;大安區;中山區;中正區;大同區;萬華區;文山區;南港區;內湖區;士林區;北投區,0926554765,lienbang.ptclinic@gmail.com,連羿婷,20250326.0,20261231.0,20250327 11:13:37
好爸爸無障礙爬梯機接送有限公司,BB0100014,BB,臺北市,北投區,臺北市北投區文林里致遠一路1段29號1樓,121.5167236328,25.1081428528,B,輔具及居家無障礙環境服務,臺北市,北投區,02-28957559,good88taxi@gmail.com,李銘權,20250101.0,20271231.0,20250415 16:40:35
新北市土城區青山里辦公處(社照C),BF0200326,BF,新北市,土城區,新北市土城區青山里明德路一段74-1號,121.4644470215,24.9803085327,C,巷弄長照站,新北市,土城區,097684999,bbb22520088@yahoo.com.tw,姚韋華,20250401.0,20261231.0,20250416 18:25:15
清新居家物理治療所,B40200036,B4,新北市,永和區,新北市永和區保安路270號14樓,121.5056304932,25.0122566223,B,專業照護服務,新北市,中和區;永和區;新店區;深坑區;石碇區,02-29267829,refreshtherapy.2025@gmail.com,龔則先,20250417.0,20271231.0,20250421 09:14:15
台灣受恩整合服務股份有限公司附設新北市私立受恩居家長照機構-三重光華據點(醫事C),1V0200134,1,新北市,三重區,新北市三重區光華里重新路一段87號1樓,121.5012283325,25.0635929108,B,喘息服務,新北市,三重區,8660-5972,eric.li@stipendiary.tw,劉庭軒,20250101.0,20271231.0,20250425 14:07:21
新北市大德愛心推廣協會,BF0200327,BF,新北市,板橋區,新北市板橋區國光里16鄰國光路76號1樓,121.4583358765,25.0177612305,C,巷弄長照站,新北市,板橋區,02-8953-9960,chuma1311@gmail.com,錢素貞,20250401.0,20261231.0,20250418 16:54:24
耆寓股份有限公司附設新北市私立勤樸社區長照機構,2V0200016,2,新北市,汐止區,新北市汐止區忠孝里大同路一段499號1樓,121.6447067261,25.0621852875,B,喘息服務,新北市,汐止區,8692-3518,f01@qi-yu.com.tw,盧允中,20250304.0,20271231.0,20250519 09:26:06
裕康健康有限公司附設新北市私立仁叡居家長照機構,1R0200100,1,新北市,新店區,新北市新店區北新路二段262號3樓之3(306室),121.5429077148,24.9783344269,B,居家服務,新北市,新店區,02-2926-1298,yukang1966@gmail.com,林哲宇,20250423.0,20271231.0,20250430 11:44:46
新北市板橋區德翠社區發展協會(社照C),BF0200323,BF,新北市,板橋區,新北市板橋區朝陽里四維路291巷1號1樓,121.4620132446,25.02825737,C,巷弄長照站,新北市,板橋區,0932227607,hoohoojane@yahoo.com.tw,陳雲英,20250101.0,20251231.0,20250310 15:34:46
新北市私立全益居家長照機構,1X0200159,1,新北市,新店區,新北市新店區北新路一段12號16樓(12室),121.5409088135,24.9655056,B,居家服務,新北市,新店區;石碇區,02-8665-6079,LJHLTCS_NT@outlook.com,程啓鴻,20250411.0,20271231.0,20250415 10:54:41
新北市私立全益居家長照機構,1X0200159,1,新北市,新店區,新北市新店區北新路一段12號16樓(12室),121.5409088135,24.9655056,B,喘息服務,新北市,新店區;石碇區,02-8665-6079,LJHLTCS_NT@outlook.com,程啓鴻,20250411.0,20271231.0,20250415 10:55:32
財團法人中華民國佛教慈濟慈善事業基金會新北市私立慈濟蘆洲綜合長照機構-雙和靜思堂(醫事C),4S0200005,4,新北市,中和區,新北市中和區積穗里中山路三段41號4樓,121.4618911743,25.0877399445,B,喘息服務,新北市,中和區,(02)2289-1198#108,tzuchi198@gmail.com,釋證嚴,20250101.0,20271231.0,20250425 15:20:09
社團法人中華民國士林靈糧堂社會福利協會附設臺北市私立復華社區長照機構,2R0100028,2,臺北市,中山區,臺北市中山區復華里遼寧街185巷11號2-3樓,121.5427627563,25.0534248352,B,日間照顧服務,臺北市,松山區;信義區;大安區;中山區;中正區;大同區;萬華區;文山區;南港區;內湖區;士林區;北投區,27171393,fhdaycare@slsc.org.tw,劉群茂,20250401.0,20261231.0,20250331 17:18:33
新北市三重區瑞德里辦公處(設照C),BG0200093,BG,新北市,三重區,新北市三重區瑞德里仁昌街83號1樓,121.499168396,25.0748119354,C,巷弄長照站,新北市,三重區,0920-384-699,AE9996@ntpc.gov.tw,陳仕宏,20250101.0,20251231.0,20250407 10:19:24
財團法人台灣省私立健順養護中心附設新北市私立新店柴埕社區長照機構-新店柴埕據點(社照C),2S0200041,2,新北市,新店區,新北市新店區柴埕里安民街79號5樓,121.5165710449,24.9675579071,B,喘息服務,新北市,新店區,02-22121753,Chiche.daycare@msa.hinet.net,廖慧媛,20250101.0,20271231.0,20250425 11:30:31
利鎮物業管理顧問有限公司附設新北市私立淡水義山綜合長照機構-淡水義山據點(醫事C),4V0200008,4,新北市,淡水區,新北市淡水區義山里奎柔山路3號1樓,121.4499664307,25.2068138123,B,喘息服務,新北市,淡水區,0932908325,coco.a5340@gmail.com,張萬利,20250101.0,20271231.0,20250429 08:25:40
長樂健康事業有限公司附設新北市私立長樂居家長照機構-樹林南園據點(醫事C),1V0200138,1,新北市,樹林區,新北市樹林區南園里大有路63號1樓,121.3837051392,24.9481868744,B,喘息服務,新北市,樹林區,02-77527659,clltcserv@gmail.com,張美琳,20250101.0,20271231.0,20250425 16:34:37
新北市土城區平和社區發展協會,BF0200330,BF,新北市,土城區,新北市土城區平和里延和路156巷7號1樓,121.4684677124,24.9899501801,C,巷弄長照站,新北市,土城區,2262-6328,a0920811535@gmail.com,歐寶諭,20250101.0,20251231.0,20250505 16:55:59
永心健康事業有限公司,BB0200016,BB,新北市,林口區,新北市林口區麗園一街6巷3號3樓之3,121.3760070801,25.0699539185,B,輔具及居家無障礙環境服務,臺北市,松山區;信義區;大安區;中山區;中正區;大同區;萬華區;文山區;南港區;內湖區;士林區;北投區,29800539,yongxin99888@gmail.com,潘浤明,20250423.0,20271231.0,20250505 16:48:47
社團法人中華民國紅心字會附設新北市私立存德居家式服務類長期照顧服務機構-板橋崑崙據點(社照C),1R0200104,1,新北市,板橋區,新北市板橋區崑崙里存德街29號,121.4306335449,24.9917297363,B,喘息服務,新北市,板橋區,02-26815518,redheart.ntpc@gmail.com,劉緒倫,20250101.0,20271231.0,20250425 15:26:50
愛寧居家護理所,B10200113,B1,新北市,新莊區,新北市新莊區新北大道四段179號10樓之7,121.4459152222,25.0583133698,B,專業照護服務,新北市,板橋區;三重區;中和區;永和區;新莊區;土城區;蘆洲區;五股區;泰山區,02-8522-1905,13lin@ainehcc.onmicrosoft.com,林怡珊,20250505.0,20271231.0,20250508 14:09:29
財團法人新北市私立雙連社會福利慈善事業基金會附設新北市新莊頭前社區長照機構-新莊思賢據點(社照C),2S0200042,2,新北市,新莊區,新北市新莊區思賢里長青街30號3樓,121.4565429688,25.0423221588,B,喘息服務,新北市,新莊區,02-85217872#316,joanna@slswf.org.tw,蔡政道,20250101.0,20271231.0,20250425 11:39:20
新北市私立樂智居家長照機構-中和民生據點(醫事C),1X0200160,1,新北市,中和區,新北市中和區民生里5鄰民生街28巷2-1號1樓,121.4800033569,25.0101394653,B,喘息服務,新北市,中和區,02-22710871,aa5174aa@gmail.com,許雅婷,20250101.0,20271231.0,20250425 11:46:55
衛生福利部雙和醫院(委託臺北醫學大學興建經營)-中和錦盛據點(醫事C),B20200265,B2,新北市,中和區,新北市中和區錦盛里圓通路335巷37弄12號,121.4937286377,24.988904953,B,喘息服務,新北市,中和區,02-22490088,12049@s.tmu.edu.tw,李明哲,20250101.0,20271231.0,20250424 10:00:34
亞德醫療器材有限公司,BB0200012,BB,新北市,板橋區,新北市板橋區溪頭里宏國路68號,121.4692993164,25.0320072174,B,輔具及居家無障礙環境服務,臺中市,中區;東區;南區;西區;北區;西屯區;南屯區;北屯區;豐原區;東勢區;大甲區;清水區;沙鹿區;梧棲區;后里區;神岡區;潭子區;大雅區;新社區;石岡區;外埔區;大安區;烏日區;大肚區;龍井區;霧峰區;太平區;大里區;和平區,02-8257-0353,uryard7737@gmail.com,林辰育,20250227.0,20270630.0,20250313 15:10:56
靜安健康股份有限公司附設臺北市私立智慧健康社區長照機構,2S0100035,2,臺北市,南港區,臺北市南港區玉成街89號1樓,121.5819702148,25.0472793579,B,日間照顧服務,臺北市,松山區;信義區;大安區;中山區;中正區;大同區;萬華區;文山區;南港區;內湖區;士林區;北投區,02-25700258,serenecare0609@gmail.com,孫維欣,20250414.0,20261231.0,20250425 10:51:00
新北市社區工作者協會(雙溪魚行站)(社照C),BF0200329,BF,新北市,雙溪區,新北市雙溪區魚行里新店26號1樓,121.8690795898,25.0328292847,C,巷弄長照站,新北市,雙溪區,0932-049501,tallest999@gmail.com,丘燕武,20250401.0,20251231.0,20250429 16:23:12
(新北)大豐交通有限公司台北市分公司,BA0100054,BA,臺北市,文山區,臺北市文山區木新路三段11號,121.5378494263,24.9943199158,B,交通接送服務(DA01),新北市,板橋區;三重區;中和區;永和區;新莊區;新店區;樹林區;鶯歌區;三峽區;淡水區;汐止區;瑞芳區;土城區;蘆洲區;五股區;泰山區;林口區;深坑區;石碇區;坪林區;三芝區;石門區;八里區;平溪區;雙溪區;貢寮區;金山區;萬里區;烏來區,02-2918-3000,Raymon-cl@hotmail.com,林家佑,20250506.0,20271231.0,20250508 11:15:01
齡活股份有限公司附設新北市私立齡活居家長照機構-中和正行據點(醫事C),1V0200136,1,新北市,中和區,新北市中和區正行里013鄰中正路158號1樓,121.4986495972,24.9939079285,B,喘息服務,新北市,中和區,7751-8056,ntpcltc@seniorlife.com.tw,彭紹宇,20250101.0,20271231.0,20250425 14:58:12
新北市烏來區福山社區發展協會-烏來福山據點(原民C),BF0200328,BF,新北市,烏來區,新北市烏來區福山里李茂岸51號,121.5027542114,24.7775745392,B,喘息服務,新北市,烏來區,0925-311-953,yahaiy0721@gmail.com,陳歡,20250423.0,20271231.0,20250429 08:32:30
社團法人中華仁親社區關懷協會(三重慈愛站)(社照C),BE0200104,BE,新北市,三重區,新北市三重區慈愛里仁美街108巷13號1樓,121.4851074219,25.0806846619,C,巷弄長照站,新北市,三重區,0911761708,johnu0423@gmail.com,陳瓊芳,20250101.0,20251231.0,20250505 16:09:29
新北市土城區長風社區發展協會,BF0200332,BF,新北市,土城區,新北市土城區長風里順風路27號,121.4403457642,24.976852417,C,巷弄長照站,新北市,土城區,0961335606,lcf540106@gmail.com,林淑華,20250602.0,20251231.0,20250528 16:01:33
新北市崇德光慧經典教育推廣協會(廣福站),BF0200333,BF,新北市,土城區,新北市土城區廣福里學府路一段23巷21之1號,121.4579086304,24.9870052338,C,巷弄長照站,新北市,土城區,0973623715,cpu335@gmail.com,石伯珍,20250602.0,20251231.0,20250528 16:09:27
新北市三峽區溪東社區發展協會(社照C),BF0200325,BF,新北市,三峽區,新北市三峽區溪東里溪東路218巷1號1樓,121.4076538086,24.9316616058,C,巷弄長照站,新北市,三峽區,0979336337,j138355@gmail.com,劉陳玉卿,20250101.0,20251231.0,20250327 10:08:11
社團法人台灣樂芯長期照顧暨全人健康教育慈善關懷協會-中和清穗分站(社照C),BE0200103,BE,新北市,中和區,新北市中和區清穗里民德路197號1樓,121.4683837891,24.9983005524,C,巷弄長照站,新北市,中和區,0903417519,lexin202110@gmail.com,邱詠蓁,20250101.0,20251231.0,20250505 15:52:37
台灣樂活社區福田公益協會,BF0200331,BF,新北市,三重區,新北市三重區福田里自由街18巷13號1樓,121.4792022705,25.0664653778,C,巷弄長照站,新北市,三重區,0937856390,a3477a3477@gmail.com,羅香蘭,20250101.0,20251231.0,20250505 16:24:41
衛生福利部雙和醫院(委託臺北醫學大學興建經營)-中和秀峰據點(醫事C),B20200266,B2,新北市,中和區,新北市中和區秀峰里景德街17號,121.5185852051,24.9903640747,B,喘息服務,新北市,中和區,02-22490088,12049@s.tmu.edu.tw,李明哲,20250101.0,20271231.0,20250424 10:02:17
洪石數位生活股份有限公司附設新北市私立到咖手居家長照機構-板橋挹秀據點(醫事C),1V0200133,1,新北市,板橋區,新北市板橋區挹秀里府後街2號1樓,121.4592819214,25.0100479126,B,喘息服務,新北市,板橋區,2272-6233,info@docaso885.com,林昌坤,20250101.0,20271231.0,20250425 11:52:43
社團法人中華有依社會關懷協會,BE0100092,BE,臺北市,文山區,臺北市文山區興隆路一段102巷23號3樓,121.5413894653,25.0021858215,B,營養餐飲服務,臺北市,松山區;信義區;大安區;中山區;中正區;大同區;萬華區;文山區;南港區;內湖區;士林區;北投區,(02)2930-6271,smliou@seed.net.tw,劉旭明,20250101.0,20531231.0,20250514 14:25:00
