機構名稱,機構代碼,機構種類,縣市,區,地址全址,經度,緯度,O_ABC,特約服務項目,特約縣市,特約區域,機構電話,電子郵件,機構負責人姓名,特約起日,特約迄日,最後異動時間
財團法人伊甸社會福利基金會,BD0100001,BD,臺北市,文山區,臺北市文山區萬芳里萬美街一段55號3樓,121.5681152344,25.0023422241,A,個案管理服務,臺北市,北投區,02-22307715,eden8378@eden.org.tw,羅紀琼,20250101.0,20261231.0,20241231 19:57:41
財團法人伊甸社會福利基金會,BD0100001,BD,臺北市,文山區,臺北市文山區萬芳里萬美街一段55號3樓,121.5681152344,25.0023422241,A,個案管理服務,臺北市,北投區,02-22307715,eden8378@eden.org.tw,羅紀琼,20230101.0,20241231.0,20230208 09:04:01
健樂福生活事業股份有限公司,BF0100001,BF,臺北市,大安區,臺北市大安區民炤里仁愛路三段30號,121.5366973877,25.037612915,B,輔具及居家無障礙環境服務,高雄市,鹽埕區;鼓山區;左營區;楠梓區;三民區;新興區;前金區;苓雅區;前鎮區;旗津區;小港區;鳳山區;林園區;大寮區;大樹區;大社區;仁武區;鳥松區;岡山區;橋頭區;燕巢區;田寮區;阿蓮區;路竹區;湖內區;茄萣區;永安區;彌陀區;梓官區;旗山區;美濃區;六龜區;甲仙區;杉林區;內門區;茂林區;桃源區;那瑪夏區,02-77462328,,楊恆碩,,,20190417 00:00:00
財團法人弘道老人福利基金會附設臺北市私立弘道居家式服務類長期照顧服務機構,1S0100002,1,臺北市,松山區,臺北市松山區民福里復興北路451號,121.5444793701,25.0639839172,B,居家服務,臺北市,松山區,02-66131314,yvonne@hondao.org.tw,王乃弘,20240101.0,20261231.0,20231229 18:46:12
中華民國紅十字會台灣省分會附設臺北市私立紅十字居家式服務類長期照顧服務機構,1N0100001,1,臺北市,大安區,臺北市大安區龍坡里新生南路3段20之1號2樓,121.5344238281,25.0241832733,B,居家服務,臺北市,松山區;大安區;中正區;萬華區;文山區;南港區;內湖區;北投區,02-23637794,rct@seed.net.tw,董光世,20240101.0,20241231.0,20231229 11:23:03
中華民國紅十字會台灣省分會附設臺北市私立紅十字居家式服務類長期照顧服務機構,1N0100001,1,臺北市,大安區,臺北市大安區龍坡里新生南路3段20之1號2樓,121.5344238281,25.0241832733,A,個案管理服務,臺北市,大安區,02-23637794,rct@seed.net.tw,董光世,20250101.0,20261231.0,20241231 19:54:21
臺北市政府社會局委託財團法人伊甸社會福利基金會經營管理民生身障社區長照機構（日間照顧）,2S0100002,2,臺北市,松山區,臺北市松山區三民里松山民生東路五段163之1號,121.5627670288,25.0590858459,B,喘息服務,臺北市,松山區;信義區;大安區;中山區;中正區;大同區;萬華區;文山區;南港區;內湖區;士林區;北投區,02-27609605,eden3779@eden.org.tw,陳宇昭,20210927.0,20241231.0,20221229 22:27:05
臺北市政府社會局委託財團法人伊甸社會福利基金會經營管理民生身障社區長照機構（日間照顧）,2S0100002,2,臺北市,松山區,臺北市松山區三民里松山民生東路五段163之1號,121.5627670288,25.0590858459,B,喘息服務,臺北市,松山區;信義區;大安區;中山區;中正區;大同區;萬華區;文山區;南港區;內湖區;士林區;北投區,02-27609605,eden3779@eden.org.tw,陳宇昭,20250101.0,20261231.0,20250204 14:59:56
中化銀髮事業股份有限公司附設臺北市私立中化銀髮居家式服務類長期照顧服務機構,1V0100002,1,臺北市,士林區,臺北市士林區舊佳里中山北路5段699巷1號1樓,121.5269546509,25.0976734161,B,喘息服務,臺北市,松山區;信義區;大安區;中山區;中正區;大同區;萬華區;文山區;南港區;內湖區;士林區;北投區,02-27970880#208,rainbow@ccpc.com.tw,王謝怡貞,20250101.0,20261231.0,20241122 15:15:05
中化銀髮事業股份有限公司附設臺北市私立中化銀髮居家式服務類長期照顧服務機構,1V0100002,1,臺北市,士林區,臺北市士林區舊佳里中山北路5段699巷1號1樓,121.5269546509,25.0976734161,B,喘息服務,桃園市,桃園區,02-27970880#208,rainbow@ccpc.com.tw,王謝怡貞,20210118.0,20221231.0,20230214 13:56:13
中化銀髮事業股份有限公司附設臺北市私立中化銀髮居家式服務類長期照顧服務機構,1V0100002,1,臺北市,士林區,臺北市士林區舊佳里中山北路5段699巷1號1樓,121.5269546509,25.0976734161,B,居家服務,臺北市,松山區;信義區;大安區;中山區;中正區;大同區;萬華區;文山區;南港區;內湖區;士林區;北投區,02-27970880#208,rainbow@ccpc.com.tw,王謝怡貞,20240101.0,20241231.0,20231229 18:06:52
財團法人弘道老人福利基金會附設臺北市私立弘道居家式服務類長期照顧服務機構,1S0100002,1,臺北市,松山區,臺北市松山區民福里復興北路451號,121.5444793701,25.0639839172,B,居家服務,臺北市,松山區,02-66131314,yvonne@hondao.org.tw,王乃弘,20180701.0,20231231.0,20211230 14:41:20
中華民國紅十字會台灣省分會附設臺北市私立紅十字居家式服務類長期照顧服務機構,1N0100001,1,臺北市,大安區,臺北市大安區龍坡里新生南路3段20之1號2樓,121.5344238281,25.0241832733,B,居家服務,臺北市,松山區;大安區;中正區;萬華區;文山區;南港區;內湖區;北投區,02-23637794,rct@seed.net.tw,董光世,20180101.0,20231231.0,20211230 11:20:39
中華民國紅十字會台灣省分會附設臺北市私立紅十字居家式服務類長期照顧服務機構,1N0100001,1,臺北市,大安區,臺北市大安區龍坡里新生南路3段20之1號2樓,121.5344238281,25.0241832733,A,個案管理服務,臺北市,大安區,02-23637794,rct@seed.net.tw,董光世,20250101.0,20261231.0,20241231 19:53:29
中華民國紅十字會台灣省分會附設臺北市私立紅十字居家式服務類長期照顧服務機構,1N0100001,1,臺北市,大安區,臺北市大安區龍坡里新生南路3段20之1號2樓,121.5344238281,25.0241832733,B,居家服務,新北市,中和區;土城區;林口區,02-23637794,rct@seed.net.tw,董光世,20250101.0,20271231.0,20241225 10:37:56
臺北市立聯合醫院居家式服務類長期照顧服務機構,1U0100001,1,臺北市,大同區,臺北市大同區玉泉里鄭州路145號,121.5093231201,25.0509700775,B,居家服務,臺北市,松山區;信義區;大安區;中山區;中正區;大同區;萬華區;南港區;士林區;北投區,28353456-6380,B5646@tpech.gov.tw,王智弘,20210101.0,20231231.0,20220104 18:46:27
福田居家有限公司私立福田居家長照機構,1V0100005,1,臺北市,信義區,臺北市信義區松光里忠孝東路5段492巷2號2樓,121.5783004761,25.040512085,B,居家服務,臺北市,松山區;信義區;大安區;中山區;中正區;大同區;萬華區;文山區;南港區;內湖區;士林區;北投區,02-27270065,futain@futaincare.com.tw,林永峰,20240101.0,20261231.0,20231229 15:50:00
福田居家有限公司私立福田居家長照機構,1V0100005,1,臺北市,信義區,臺北市信義區松光里忠孝東路5段492巷2號2樓,121.5783004761,25.040512085,B,居家服務,新北市,板橋區;三重區;中和區;永和區;新莊區;新店區;汐止區;土城區;蘆洲區,02-27270065,futain@futaincare.com.tw,林永峰,20250101.0,20271231.0,20250110 16:29:22
中華民國紅十字會台灣省分會附設臺北市私立紅十字居家式服務類長期照顧服務機構,1N0100001,1,臺北市,大安區,臺北市大安區龍坡里新生南路3段20之1號2樓,121.5344238281,25.0241832733,A,個案管理服務,臺北市,大安區,02-23637794,rct@seed.net.tw,董光世,20230101.0,20241231.0,20230208 09:09:33
中華民國紅十字會台灣省分會附設臺北市私立紅十字居家式服務類長期照顧服務機構,1N0100001,1,臺北市,大安區,臺北市大安區龍坡里新生南路3段20之1號2樓,121.5344238281,25.0241832733,A,個案管理服務,臺北市,大安區,02-23637794,rct@seed.net.tw,董光世,20230101.0,20241231.0,20230208 09:01:08
臺北市立聯合醫院居家式服務類長期照顧服務機構,1U0100001,1,臺北市,大同區,臺北市大同區玉泉里鄭州路145號,121.5093231201,25.0509700775,B,居家服務,臺北市,松山區;信義區;大安區;中山區;中正區;大同區;萬華區;南港區;士林區;北投區,28353456-6380,B5646@tpech.gov.tw,王智弘,20240101.0,20261231.0,20231229 18:33:37
社團法人中華民國士林靈糧堂社會福利協會附設臺北市私立西湖社區長照機構,2S0100010,2,臺北市,內湖區,臺北市內湖區西湖里內湖路一段285號6樓,121.5664978027,25.0824165344,B,日間照顧服務,臺北市,松山區;信義區;大安區;中山區;中正區;大同區;萬華區;文山區;南港區;內湖區;士林區;北投區,02-26561700,xihudaycare@slsc.org.tw,劉群茂,20240101.0,20261231.0,20240102 11:12:52
社團法人中華民國士林靈糧堂社會福利協會附設臺北市私立新生社區長照機構老人日間照顧中心,2R0100002,2,臺北市,大安區,臺北市大安區新龍里新生南路三段52之5號,121.5339279175,25.0212039948,B,日間照顧服務,臺北市,松山區;信義區;大安區;中山區;中正區;大同區;萬華區;文山區;南港區;內湖區;士林區;北投區,02-23661321,xinshengdaycare@slsc.org.tw,劉群茂,20240101.0,20261231.0,20240102 15:00:20
臺北市私立豪門老人長期照顧中心(養護型),A10100014,A1,臺北市,北投區,臺北市北投區大同里北投大業路452巷2號6-9F,121.4972915649,25.1317195892,B,喘息服務,臺北市,松山區;信義區;大安區;中山區;中正區;大同區;萬華區;文山區;南港區;內湖區;士林區;北投區,0228954492,noahsang@gmail.com,張妤安,20250101.0,20261231.0,20250204 11:38:06
財團法人天主教失智老人社會福利基金會附設臺北市私立聖若瑟失智老人養護中心,A10100031,A1,臺北市,萬華區,臺北市萬華區保德里德昌街125巷11號,121.4969329834,25.023639679,B,小規模多機能服務,臺北市,松山區;信義區;大安區;中山區;中正區;大同區;萬華區;文山區;南港區;內湖區;士林區;北投區,02-23046716#108,s8910009@ms61.hinet.net,鍾安住,20200101.0,20241231.0,20240102 10:56:52
中華民國紅十字會台灣省分會附設臺北市私立紅十字居家式服務類長期照顧服務機構,1N0100001,1,臺北市,大安區,臺北市大安區龍坡里新生南路3段20之1號2樓,121.5344238281,25.0241832733,B,喘息服務,新北市,中和區;土城區;林口區,02-23637794,rct@seed.net.tw,董光世,20250101.0,20271231.0,20241225 10:38:34
社團法人中華民國紅心字會附設臺北市私立紅心居家式服務類長期照顧服務機構,1R0100005,1,臺北市,中正區,臺北市中正區黎明里重慶南路一段43號3樓之2,121.5133895874,25.0449562073,B,居家服務,臺北市,信義區;大安區;文山區,02-23700267,drolysun@gmail.com,劉緒倫,20240101.0,20261231.0,20231229 09:28:12
社團法人中華民國紅心字會附設臺北市私立紅心居家式服務類長期照顧服務機構,1R0100005,1,臺北市,中正區,臺北市中正區黎明里重慶南路一段43號3樓之2,121.5133895874,25.0449562073,B,居家服務,臺北市,信義區;大安區;文山區,02-23700267,drolysun@gmail.com,劉緒倫,20220101.0,20231231.0,20220207 16:03:52
福田居家有限公司私立福田居家長照機構,1V0100005,1,臺北市,信義區,臺北市信義區松光里忠孝東路5段492巷2號2樓,121.5783004761,25.040512085,B,喘息服務,新北市,板橋區;三重區;中和區;永和區;新莊區;新店區;汐止區;土城區;蘆洲區,02-27270065,futain@futaincare.com.tw,林永峰,20250101.0,20271231.0,20250110 16:29:57
財團法人天主教失智老人社會福利基金會附設臺北市私立聖若瑟失智老人養護中心,A10100031,A1,臺北市,萬華區,臺北市萬華區保德里德昌街125巷11號,121.4969329834,25.023639679,B,日間照顧服務,臺北市,松山區;信義區;大安區;中山區;中正區;大同區;萬華區;文山區;南港區;內湖區;士林區;北投區,02-23046716#108,s8910009@ms61.hinet.net,鍾安住,20240101.0,20261231.0,20240102 10:53:30
財團法人天主教失智老人社會福利基金會附設臺北市私立聖若瑟失智老人養護中心,A10100031,A1,臺北市,萬華區,臺北市萬華區保德里德昌街125巷11號,121.4969329834,25.023639679,B,喘息服務,臺北市,松山區;信義區;大安區;中山區;中正區;大同區;萬華區;文山區;南港區;內湖區;士林區;北投區,02-23046716#108,s8910009@ms61.hinet.net,鍾安住,20250101.0,20261231.0,20250204 11:54:31
合康居家護理所,B10100023,B1,臺北市,萬華區,臺北市萬華區富福里和平西路三段396號1樓,121.503364563,25.0300426483,B,專業照護服務,臺北市,松山區;信義區;大安區;中山區;中正區;大同區;萬華區;文山區;南港區;內湖區;士林區;北投區,0913560958,biglongtoday0706@gmail.com,鄭歆悅,20250101.0,20261231.0,20241101 10:20:48
大心居家職能治療所,B50100002,B5,臺北市,士林區,臺北市士林區天祿里中山北路六段754巷22之1號,121.5290527344,25.1145648956,B,專業照護服務,臺北市,松山區;信義區;大安區;中山區;中正區;大同區;萬華區;文山區;南港區;內湖區;士林區;北投區,02-77518057,bigheartot@gmail.com,彭紹宇,20181019.0,20241231.0,20221226 13:18:54
大心居家職能治療所,B50100002,B5,臺北市,士林區,臺北市士林區天祿里中山北路六段754巷22之1號,121.5290527344,25.1145648956,B,專業照護服務,新北市,板橋區;三重區;中和區;永和區;新莊區;新店區;樹林區;三峽區;汐止區;土城區;蘆洲區;泰山區;林口區,02-77518057,bigheartot@gmail.com,彭紹宇,20250101.0,20271231.0,20241226 16:56:06
新康居家職能治療所,B50100005,B5,臺北市,士林區,臺北市士林區葫東里重慶北路四段248號,121.5113983154,25.0866203308,B,專業照護服務(CC01),連江縣,09007006;09007010;09007020;09007030;09007040,02-28164533#312,newhealthot@gmail.com,洪于婷,20240718.0,20261231.0,20240723 14:55:23
新康居家職能治療所,B50100005,B5,臺北市,士林區,臺北市士林區葫東里重慶北路四段248號,121.5113983154,25.0866203308,B,專業照護服務,新北市,板橋區;三重區;中和區;永和區;新莊區;新店區;樹林區;三峽區;淡水區;汐止區;瑞芳區;土城區;蘆洲區;五股區;泰山區;深坑區;石碇區;平溪區;雙溪區;貢寮區;金山區;萬里區;烏來區,02-28164533#312,newhealthot@gmail.com,洪于婷,20250101.0,20271231.0,20241225 10:48:23
中化銀髮事業股份有限公司附設臺北市私立中化銀髮居家式服務類長期照顧服務機構,1V0100002,1,臺北市,士林區,臺北市士林區舊佳里中山北路5段699巷1號1樓,121.5269546509,25.0976734161,B,居家服務,臺北市,松山區;信義區;大安區;中山區;中正區;大同區;萬華區;文山區;南港區;內湖區;士林區;北投區,02-27970880#208,rainbow@ccpc.com.tw,王謝怡貞,20250101.0,20261231.0,20250205 09:35:52
財團法人台北市立心慈善基金會附設臺北市私立立心居家式服務類長期照顧服務機構,1S0100005,1,臺北市,萬華區,臺北市萬華區頂碩里艋舺大道120巷39弄3號2樓,121.5023727417,25.0320262909,B,居家服務,臺北市,中正區;大同區;萬華區,02-23361555#21,lishin.home@gmail.com,洪金桐,20240101.0,20261231.0,20231229 10:30:50
財團法人台北市立心慈善基金會附設臺北市私立立心居家式服務類長期照顧服務機構,1S0100005,1,臺北市,萬華區,臺北市萬華區頂碩里艋舺大道120巷39弄3號2樓,121.5023727417,25.0320262909,B,喘息服務,臺北市,中正區;大同區;萬華區,02-23361555#21,lishin.home@gmail.com,洪金桐,20250101.0,20261231.0,20241122 14:11:12
社團法人中華民國士林靈糧堂社會福利協會附設臺北市私立西湖社區長照機構,2S0100010,2,臺北市,內湖區,臺北市內湖區西湖里內湖路一段285號6樓,121.5664978027,25.0824165344,B,日間照顧服務,臺北市,松山區;信義區;大安區;中山區;中正區;大同區;萬華區;文山區;南港區;內湖區;士林區;北投區,02-26561700,xihudaycare@slsc.org.tw,劉群茂,20220101.0,20231231.0,20240102 11:11:39
臺北市政府社會局委託財團法人台灣省私立健順養護中心經營管理臺北市中山社區式長期照顧服務機構,2S0100011,2,臺北市,中山區,臺北市中山區新生北路二段101巷2號,121.528427124,25.0573177338,B,日間照顧服務,臺北市,松山區;信義區;大安區;中山區;中正區;大同區;萬華區;文山區;南港區;內湖區;士林區;北投區,02-25420006,elder0006@gmail.com,黃禎祥,20240101.0,20261231.0,20240104 15:56:17
臺北市政府社會局委託社團法人中華民國士林靈糧堂社會福利協會經營管理臺北市士林社區式服務類長期照顧服務機構,2S0100007,2,臺北市,士林區,臺北市士林區三玉里忠誠路二段53巷7號6樓,121.5322875977,25.1114368439,B,小規模多機能服務,臺北市,松山區;信義區;大安區;中山區;中正區;大同區;萬華區;文山區;南港區;內湖區;士林區;北投區,02-28381571,sldaycare@slsc.org.tw,劉群茂,20180101.0,20231231.0,20240102 11:08:55
中華民國紅心字會附設臺北市私立興隆社區長照機構,2N0100001,2,臺北市,文山區,臺北市文山區明義里興隆路四段105巷47號2樓,121.5631256104,24.98828125,B,日間照顧服務,臺北市,松山區;信義區;大安區;中山區;中正區;大同區;萬華區;文山區;南港區;內湖區;士林區;北投區,02-29367119,ankangtw@gmail.com,劉緒倫,20181222.0,20241231.0,20240102 18:53:31
臺北市私立中山老人長期照顧中心(養護型),A10100011,A1,臺北市,萬華區,臺北市萬華區菜園里峨眉街124號1樓,121.5019760132,25.0446224213,B,喘息服務,臺北市,萬華區,02-23759590,fen.lan8888@gmail.com,趙芬蘭,20180101.0,20241231.0,20221230 19:10:01
臺北市私立康壯老人長期照顧中心(養護型),A10100016,A1,臺北市,松山區,臺北市松山區吉祥里八德路四段203號.205號,121.5638504028,25.0489807129,B,喘息服務,臺北市,松山區,02-27686697,yao4343@yahoo.com.tw,李碧欗,20190131.0,20241231.0,20221229 22:32:00
包子居家護理所,B10100016,B1,臺北市,中山區,臺北市中山區通明新生北路三段82巷23號,121.5268096924,25.0671539307,B,專業照護服務,臺北市,松山區;信義區;大安區;中山區;中正區;大同區;萬華區;文山區;南港區;內湖區;士林區;北投區,02-25931596,Bread1119@gmail.com,黃獻賢,20180101.0,20180101.0,20190417 00:00:00
安歆居家護理所,B10100024,B1,臺北市,中山區,臺北市中山區松江路50號3樓,121.532661438,25.0481796265,B,專業照護服務,臺北市,中山區,02-25372586,crcanhsin@gmail.com,余建華,20180316.0,20241231.0,20221229 22:34:41
臺北市立聯合醫院(陽明院區),B20100008,B2,臺北市,士林區,臺北市士林區岩山里雨聲街105號,121.5314865112,25.1048316956,B,專業照護服務,臺北市,大安區;中山區;中正區;大同區;萬華區;南港區;士林區,02-28353456,B1655@tpech.gov.tw,王智弘,20250101.0,20261231.0,20241025 10:33:54
臺北市立聯合醫院(陽明院區),B20100008,B2,臺北市,士林區,臺北市士林區岩山里雨聲街105號,121.5314865112,25.1048316956,B,專業照護服務,臺北市,士林區,02-28353456,B1655@tpech.gov.tw,王智弘,20180101.0,20241231.0,20221230 12:16:21
臺北市立聯合醫院(和平婦幼院區),B20100009,B2,臺北市,中正區,臺北市中正區社寮中華路二段33號,121.5066833496,25.0355300903,B,專業照護服務,臺北市,中正區,02-23889595#8417,B1049@tpech.gov.tw,王智弘,20180101.0,20241231.0,20221230 12:17:11
臺北市立聯合醫院(和平婦幼院區),B20100009,B2,臺北市,中正區,臺北市中正區社寮中華路二段33號,121.5066833496,25.0355300903,B,專業照護服務,臺北市,大安區;中山區;中正區;大同區;萬華區;南港區;士林區,02-23889595#8417,B1049@tpech.gov.tw,王智弘,20250101.0,20261231.0,20241025 10:30:10
臺北市立聯合醫院(和平婦幼院區),B20100009,B2,臺北市,中正區,臺北市中正區社寮中華路二段33號,121.5066833496,25.0355300903,B,專業照護服務,臺北市,中正區,02-23889595#8417,B1049@tpech.gov.tw,王智弘,20210101.0,20241231.0,20221230 12:16:57
跑居家物理治療所,B40100003,B4,臺北市,士林區,臺北市士林區葫東里重慶北路四段248號,121.5113983154,25.0866203308,B,專業照護服務(CC01),新北市,板橋區;三重區;中和區;永和區;新莊區;新店區;樹林區;淡水區;汐止區;蘆洲區;五股區;泰山區;深坑區;石碇區;三芝區;石門區;八里區;金山區,0907-091302,a770222boy@gmail.com,張沅輔,20250101.0,20271231.0,20241204 13:41:49
壽合居家職能治療所,B50100003,B5,臺北市,文山區,臺北市文山區興家里興隆路三段221巷4弄14號,121.5601119995,24.9936923981,B,專業照護服務,臺北市,松山區;信義區;大安區;中山區;中正區;大同區;萬華區;文山區;南港區;內湖區;士林區;北投區,0933-004397,ensonwhj@yahoo.com.tw,吳鴻章,20180101.0,20241231.0,20221229 22:56:29
壽合居家職能治療所,B50100003,B5,臺北市,文山區,臺北市文山區興家里興隆路三段221巷4弄14號,121.5601119995,24.9936923981,B,專業照護服務,新北市,板橋區;中和區;永和區;新店區;淡水區;汐止區;瑞芳區;蘆洲區;八里區;雙溪區,0933-004397,ensonwhj@yahoo.com.tw,吳鴻章,20220101.0,20241231.0,20220302 10:32:30
C+-財團法人台北市中華基督教浸信會慈光堂,BD0100003,BD,臺北市,士林區,臺北市士林區翠山里中社路一段43巷3號,121.5602035522,25.1087741852,B,營養餐飲服務,臺北市,士林區,02-28412290,shoujen2318@gmail.com,柴漢熙,20200101.0,20221231.0,20210129 18:12:35
C+-財團法人台北市中華基督教浸信會慈光堂,BD0100003,BD,臺北市,士林區,臺北市士林區翠山里中社路一段43巷3號,121.5602035522,25.1087741852,B,喘息服務,臺北市,松山區;信義區;大安區;中山區;中正區;大同區;萬華區;文山區;南港區;內湖區;士林區;北投區,02-28412290,shoujen2318@gmail.com,柴漢熙,20250101.0,20261231.0,20241205 15:19:08
臺北市政府社會局委託財團法人伊甸社會福利基金會經營管理民生身障社區長照機構（日間照顧）,2S0100002,2,臺北市,松山區,臺北市松山區三民里松山民生東路五段163之1號,121.5627670288,25.0590858459,B,日間照顧服務,臺北市,松山區;信義區;大安區;中山區;中正區;大同區;萬華區;文山區;南港區;內湖區;士林區;北投區,02-27609605,eden3779@eden.org.tw,陳宇昭,20181025.0,20261231.0,20250204 15:02:46
中化銀髮事業股份有限公司附設臺北市私立中化銀髮居家式服務類長期照顧服務機構,1V0100002,1,臺北市,士林區,臺北市士林區舊佳里中山北路5段699巷1號1樓,121.5269546509,25.0976734161,B,喘息服務,臺北市,松山區;信義區;大安區;中山區;中正區;大同區;萬華區;文山區;南港區;內湖區;士林區;北投區,02-27970880#208,rainbow@ccpc.com.tw,王謝怡貞,20190301.0,20241231.0,20221230 15:26:00
財團法人天主教失智老人社會福利基金會附設臺北市私立聖若瑟居家式服務類長期照顧服務機構,1S0100009,1,臺北市,萬華區,臺北市萬華區保德里德昌街119號,121.4968490601,25.0241794586,B,喘息服務,臺北市,大同區;萬華區,02-23098728,s8910009@gmail.com,鍾安住,20250328.0,20261231.0,20250331 08:21:50
財團法人天主教失智老人社會福利基金會附設臺北市私立聖若瑟居家式服務類長期照顧服務機構,1S0100009,1,臺北市,萬華區,臺北市萬華區保德里德昌街119號,121.4968490601,25.0241794586,B,居家服務,臺北市,中山區;中正區;大同區;萬華區,02-23098728,s8910009@gmail.com,鍾安住,20180101.0,20231231.0,20211230 14:59:22
臺北市政府社會局委託社團法人中華民國士林靈糧堂社會福利協會經營管理臺北市士林社區式服務類長期照顧服務機構,2S0100007,2,臺北市,士林區,臺北市士林區三玉里忠誠路二段53巷7號6樓,121.5322875977,25.1114368439,B,小規模多機能服務,臺北市,松山區;信義區;大安區;中山區;中正區;大同區;萬華區;文山區;南港區;內湖區;士林區;北投區,02-28381571,sldaycare@slsc.org.tw,劉群茂,20250101.0,20261231.0,20241231 11:21:33
臺北市政府社會局委託社團法人中華民國士林靈糧堂社會福利協會經營管理臺北市士林社區式服務類長期照顧服務機構,2S0100007,2,臺北市,士林區,臺北市士林區三玉里忠誠路二段53巷7號6樓,121.5322875977,25.1114368439,B,喘息服務,臺北市,松山區;信義區;大安區;中山區;中正區;大同區;萬華區;文山區;南港區;內湖區;士林區;北投區,02-28381571,sldaycare@slsc.org.tw,劉群茂,20250101.0,20261231.0,20241231 12:32:05
中華民國紅心字會附設臺北市私立興隆社區長照機構,2N0100001,2,臺北市,文山區,臺北市文山區明義里興隆路四段105巷47號2樓,121.5631256104,24.98828125,B,日間照顧服務,新北市,新店區;深坑區,02-29367119,ankangtw@gmail.com,劉緒倫,20250101.0,20271231.0,20250113 11:11:54
臺北市私立台大老人長期照顧中心(養護型),A10100009,A1,臺北市,松山區,臺北市松山區敦化里敦化南路一段7號,121.5492858887,25.0469055176,B,喘息服務,臺北市,松山區;信義區;大安區;中山區;中正區;大同區;萬華區;文山區;南港區;內湖區;士林區;北投區,02-25792816,tai_da_168@yahoo.com.tw,鄭淑卿,20250101.0,20261231.0,20250204 14:51:46
中化銀髮事業股份有限公司附設臺北市私立中化銀髮居家式服務類長期照顧服務機構,1V0100002,1,臺北市,士林區,臺北市士林區舊佳里中山北路5段699巷1號1樓,121.5269546509,25.0976734161,B,居家服務,臺北市,松山區;信義區;大安區;中山區;中正區;大同區;萬華區;文山區;南港區;內湖區;士林區;北投區,02-27970880#208,rainbow@ccpc.com.tw,王謝怡貞,20181210.0,20231231.0,20211223 16:14:21
財團法人台北市立心慈善基金會附設臺北市私立立心居家式服務類長期照顧服務機構,1S0100005,1,臺北市,萬華區,臺北市萬華區頂碩里艋舺大道120巷39弄3號2樓,121.5023727417,25.0320262909,B,居家服務,臺北市,中正區;萬華區,02-23361555#21,lishin.home@gmail.com,洪金桐,20180101.0,20241231.0,20230206 08:54:00
財團法人台北市立心慈善基金會附設臺北市私立立心居家式服務類長期照顧服務機構,1S0100005,1,臺北市,萬華區,臺北市萬華區頂碩里艋舺大道120巷39弄3號2樓,121.5023727417,25.0320262909,B,居家服務,臺北市,中正區;大同區;萬華區,02-23361555#21,lishin.home@gmail.com,洪金桐,20220101.0,20231231.0,20211230 15:01:57
臺北市政府社會局委託社團法人中華民國士林靈糧堂社會福利協會經營管理臺北市士林社區式服務類長期照顧服務機構,2S0100007,2,臺北市,士林區,臺北市士林區三玉里忠誠路二段53巷7號6樓,121.5322875977,25.1114368439,B,小規模多機能服務,臺北市,松山區;信義區;大安區;中山區;中正區;大同區;萬華區;文山區;南港區;內湖區;士林區;北投區,02-28381571,sldaycare@slsc.org.tw,劉群茂,20240101.0,20251231.0,20240116 13:20:41
中華民國紅心字會附設臺北市私立興隆社區長照機構,2N0100001,2,臺北市,文山區,臺北市文山區明義里興隆路四段105巷47號2樓,121.5631256104,24.98828125,B,日間照顧服務,臺北市,松山區;信義區;大安區;中山區;中正區;大同區;萬華區;文山區;南港區;內湖區;士林區;北投區,02-29367119,ankangtw@gmail.com,劉緒倫,20250101.0,20261231.0,20250113 13:58:11
中華民國紅心字會附設臺北市私立興隆社區長照機構,2N0100001,2,臺北市,文山區,臺北市文山區明義里興隆路四段105巷47號2樓,121.5631256104,24.98828125,B,營養餐飲服務,臺北市,文山區,02-29367119,ankangtw@gmail.com,劉緒倫,20200101.0,20231231.0,20230222 16:36:03
臺北市私立台大老人長期照顧中心(養護型),A10100009,A1,臺北市,松山區,臺北市松山區敦化里敦化南路一段7號,121.5492858887,25.0469055176,B,喘息服務,臺北市,松山區,02-25792816,tai_da_168@yahoo.com.tw,鄭淑卿,20180101.0,20241231.0,20221229 22:51:42
社團法人中國家庭教育協進會附設臺北市私立敬老居家式服務類長期照顧服務機構,1R0100002,1,臺北市,中山區,臺北市中山區中山里松江路131之12號6樓,121.5332489014,25.0542488098,A,個案管理服務,臺北市,士林區,02-25090266,chinesehomeservice@yahoo.com.tw,吳逸秋,20250101.0,20261231.0,20241231 19:55:49
社團法人中國家庭教育協進會附設臺北市私立敬老居家式服務類長期照顧服務機構,1R0100002,1,臺北市,中山區,臺北市中山區中山里松江路131之12號6樓,121.5332489014,25.0542488098,B,喘息服務,臺北市,松山區;信義區;大安區;中山區;中正區;大同區;萬華區;文山區;南港區;內湖區;士林區;北投區,02-25090266,chinesehomeservice@yahoo.com.tw,吳逸秋,20240424.0,20241231.0,20240425 09:14:36
有限責任臺北市育坊社區照護勞動合作社私立育坊居家長照機構,1T0100001,1,臺北市,北投區,臺北市北投區中庸里大同街299號,121.4992370605,25.1398200989,B,居家服務,臺北市,中山區;大同區;士林區;北投區,02-28957520,yfcare.coop@gmail.com,錢素明,20240101.0,20261231.0,20231229 09:38:35
臺北市私立中山老人長期照顧中心(養護型),A10100011,A1,臺北市,萬華區,臺北市萬華區菜園里峨眉街124號1樓,121.5019760132,25.0446224213,B,喘息服務,臺北市,松山區;信義區;大安區;中山區;中正區;大同區;萬華區;文山區;南港區;內湖區;士林區;北投區,02-23759590,fen.lan8888@gmail.com,趙芬蘭,20250101.0,20261231.0,20250204 14:29:17
臺北市私立康壯老人長期照顧中心(養護型),A10100016,A1,臺北市,松山區,臺北市松山區吉祥里八德路四段203號.205號,121.5638504028,25.0489807129,B,喘息服務,臺北市,松山區;信義區;大安區;中山區;中正區;大同區;萬華區;文山區;南港區;內湖區;士林區;北投區,02-27686697,yao4343@yahoo.com.tw,李碧欗,20250101.0,20261231.0,20250204 11:33:48
臺北市私立晨欣老人長期照顧中心(養護型),A10100017,A1,臺北市,中山區,臺北市中山區集英里中山北路2段96巷19號3樓,121.5219192505,25.0598964691,B,喘息服務,臺北市,松山區;信義區;大安區;中山區;中正區;大同區;萬華區;文山區;南港區;內湖區;士林區;北投區,02-25212226,chenxin96193@gmail.com,李政勳,20250101.0,20261231.0,20241202 10:50:26
臺北市私立晨欣老人長期照顧中心(養護型),A10100017,A1,臺北市,中山區,臺北市中山區集英里中山北路2段96巷19號3樓,121.5219192505,25.0598964691,B,喘息服務,臺北市,萬華區,02-25212226,chenxin96193@gmail.com,李政勳,20180927.0,20241231.0,20221229 23:17:29
振興醫療財團法人附設振興居家護理所,B10100002,B1,臺北市,北投區,臺北市北投區榮華里振興街45號,121.5224685669,25.1175117493,B,專業照護服務,臺北市,士林區;北投區,02-28264400,ch7727@chgh.org.tw,李怡慧,20230428.0,20241231.0,20230501 09:29:05
臺北榮民總醫院,B10100015,B1,臺北市,北投區,臺北市北投區永欣里石牌路二段201號,121.5203857422,25.1192111969,B,專業照護服務,臺北市,士林區;北投區,0228712121,huangms@vghtpe.gov.tw,陳威明,20250101.0,20261231.0,20241205 15:17:04
臺北榮民總醫院,B10100015,B1,臺北市,北投區,臺北市北投區永欣里石牌路二段201號,121.5203857422,25.1192111969,B,專業照護服務,臺北市,北投區,0228712121,huangms@vghtpe.gov.tw,陳威明,20180312.0,20241231.0,20221230 20:45:54
安歆居家護理所,B10100024,B1,臺北市,中山區,臺北市中山區松江路50號3樓,121.532661438,25.0481796265,B,專業照護服務,新北市,板橋區;三重區;中和區;永和區;新莊區;新店區;樹林區;鶯歌區;三峽區;汐止區;土城區;蘆洲區;五股區;林口區;深坑區;石碇區,02-25372586,crcanhsin@gmail.com,余建華,20220101.0,20241231.0,20220210 15:17:48
安歆居家護理所,B10100024,B1,臺北市,中山區,臺北市中山區松江路50號3樓,121.532661438,25.0481796265,B,專業照護服務,新北市,板橋區;三重區;中和區;永和區;新莊區;新店區;樹林區;鶯歌區;三峽區;汐止區;土城區;蘆洲區;五股區;林口區;深坑區;石碇區,02-25372586,crcanhsin@gmail.com,余建華,20250101.0,20271231.0,20250109 16:03:08
跑居家物理治療所,B40100003,B4,臺北市,士林區,臺北市士林區葫東里重慶北路四段248號,121.5113983154,25.0866203308,B,專業照護服務,臺北市,松山區;信義區;大安區;中山區;中正區;大同區;萬華區;文山區;南港區;內湖區;士林區;北投區,0907-091302,a770222boy@gmail.com,張沅輔,20180101.0,20241231.0,20221230 20:19:49
跑居家物理治療所,B40100003,B4,臺北市,士林區,臺北市士林區葫東里重慶北路四段248號,121.5113983154,25.0866203308,B,專業照護服務(CC01),新北市,板橋區;三重區;中和區;永和區;新莊區;新店區;樹林區;鶯歌區;三峽區;淡水區;汐止區;瑞芳區;土城區;蘆洲區;五股區;泰山區;林口區;深坑區;石碇區;坪林區;三芝區;石門區;八里區;平溪區;雙溪區;貢寮區;金山區;萬里區;烏來區,0907-091302,a770222boy@gmail.com,張沅輔,20220101.0,20241231.0,20230802 17:19:14
跑居家物理治療所,B40100003,B4,臺北市,士林區,臺北市士林區葫東里重慶北路四段248號,121.5113983154,25.0866203308,B,專業照護服務,臺北市,松山區;信義區;大安區;中山區;中正區;大同區;萬華區;文山區;南港區;內湖區;士林區;北投區,0907-091302,a770222boy@gmail.com,張沅輔,20250101.0,20261231.0,20241018 16:19:47
臺北市私立中山老人長期照顧中心(養護型),A10100011,A1,臺北市,萬華區,臺北市萬華區菜園里峨眉街124號1樓,121.5019760132,25.0446224213,B,喘息服務,新北市,板橋區;三重區;中和區;淡水區,02-23759590,fen.lan8888@gmail.com,趙芬蘭,20250101.0,20271231.0,20250110 15:38:33
振興醫療財團法人附設振興居家護理所,B10100002,B1,臺北市,北投區,臺北市北投區榮華里振興街45號,121.5224685669,25.1175117493,B,專業照護服務,臺北市,士林區;北投區,02-28264400,ch7727@chgh.org.tw,李怡慧,20250101.0,20261231.0,20241101 18:07:34
社團法人臺北市物理治療師公會,B40100001,B4,臺北市,松山區,臺北市松山區新益里八德路二段374號,121.546081543,25.0478782654,B,專業照護服務,臺北市,松山區;信義區;大安區;中山區;中正區;大同區;萬華區;文山區;南港區;內湖區;士林區;北投區,02-87732464,taipeipt0305@gmail.com,林素雲,20180101.0,20201231.0,20210113 00:28:36
跑居家物理治療所,B40100003,B4,臺北市,士林區,臺北市士林區葫東里重慶北路四段248號,121.5113983154,25.0866203308,B,專業照護服務,新北市,板橋區;三重區;中和區;永和區;新莊區;新店區;樹林區;淡水區;汐止區;蘆洲區;五股區;泰山區;深坑區;石碇區;三芝區;石門區;八里區;金山區,0907-091302,a770222boy@gmail.com,張沅輔,20220101.0,20241231.0,20220126 15:30:50
跑居家物理治療所,B40100003,B4,臺北市,士林區,臺北市士林區葫東里重慶北路四段248號,121.5113983154,25.0866203308,B,專業照護服務,新北市,板橋區;三重區;中和區;永和區;新莊區;新店區;樹林區;淡水區;汐止區;蘆洲區;五股區;泰山區;深坑區;石碇區;三芝區;石門區;八里區;金山區,0907-091302,a770222boy@gmail.com,張沅輔,20250101.0,20271231.0,20241204 13:41:02
哈佛物理治療所,B40100005,B4,臺北市,萬華區,臺北市萬華區西圓路二段362號7樓,121.4916000366,25.0254077911,B,專業照護服務,臺北市,松山區;信義區;大安區;中山區;中正區;大同區;萬華區;文山區;士林區;北投區,02-82588536,jeffreytseng91@yahoo.com,曾致傑,20250101.0,20261231.0,20241028 15:54:42
壽合居家職能治療所,B50100003,B5,臺北市,文山區,臺北市文山區興家里興隆路三段221巷4弄14號,121.5601119995,24.9936923981,B,專業照護服務,臺北市,松山區;信義區;大安區;中山區;中正區;大同區;萬華區;文山區;南港區;內湖區;士林區;北投區,0933-004397,ensonwhj@yahoo.com.tw,吳鴻章,20250101.0,20261231.0,20241025 10:39:51
C+-財團法人台北市中華基督教浸信會慈光堂,BD0100003,BD,臺北市,士林區,臺北市士林區翠山里中社路一段43巷3號,121.5602035522,25.1087741852,C,巷弄長照站,臺北市,士林區,02-28412290,shoujen2318@gmail.com,柴漢熙,20190101.0,20241231.0,20221230 20:25:18
新康居家職能治療所,B50100005,B5,臺北市,士林區,臺北市士林區葫東里重慶北路四段248號,121.5113983154,25.0866203308,B,專業照護服務(CC01),新北市,板橋區;三重區;中和區;永和區;新莊區;新店區;樹林區;三峽區;淡水區;汐止區;瑞芳區;土城區;蘆洲區;五股區;泰山區;深坑區;石碇區;平溪區;雙溪區;貢寮區;金山區;萬里區;烏來區,02-28164533#312,newhealthot@gmail.com,洪于婷,20250101.0,20271231.0,20241225 10:49:01
財團法人台北市立心慈善基金會,BD0100007,BD,臺北市,萬華區,臺北市萬華區桂林路242巷4號4樓之2?,121.4952468872,25.0378856659,A,個案管理服務,臺北市,萬華區,02-23361500#14,lishinc42@gmail.com,洪金桐,20250101.0,20261231.0,20241231 18:20:56
中華民國紅心字會(信義區),BF0100002,BF,臺北市,信義區,臺北市信義區四維里虎林街74巷2號1樓,121.5133514404,25.0449581146,C,巷弄長照站,臺北市,信義區,02-27660227,xinyitw@yahoo.com.tw,劉緒倫,20210101.0,20211231.0,20210412 17:34:13
社團法人中華民國士林靈糧堂社會福利協會附設臺北市私立西湖社區長照機構,2S0100010,2,臺北市,內湖區,臺北市內湖區西湖里內湖路一段285號6樓,121.5664978027,25.0824165344,B,營養餐飲服務,臺北市,松山區;信義區;大安區;中山區;中正區;大同區;萬華區;文山區;南港區;士林區;北投區,02-26561700,xihudaycare@slsc.org.tw,劉群茂,20200101.0,20211231.0,20201230 19:26:38
臺北市政府社會局委託財團法人台灣省私立健順養護中心經營管理臺北市中山社區式長期照顧服務機構,2S0100011,2,臺北市,中山區,臺北市中山區新生北路二段101巷2號,121.528427124,25.0573177338,B,營養餐飲服務,臺北市,中山區,02-25420006,elder0006@gmail.com,黃禎祥,20190101.0,20211231.0,20210202 17:00:54
臺北市私立倚青園老人長期照顧中心(養護型),A10100013,A1,臺北市,北投區,臺北市北投區永明里義理街63巷4弄7、11之1~3號1樓,121.5152893066,25.117603302,B,喘息服務,臺北市,松山區;信義區;大安區;中山區;中正區;大同區;萬華區;文山區;南港區;內湖區;士林區;北投區,02-28283533,yiqingyuan112@gmail.com,劉昱森,20250101.0,20261231.0,20250204 12:00:42
財團法人天主教失智老人社會福利基金會附設臺北市私立聖若瑟失智老人養護中心,A10100031,A1,臺北市,萬華區,臺北市萬華區保德里德昌街125巷11號,121.4969329834,25.023639679,B,日間照顧服務,新北市,板橋區;三重區;中和區,02-23046716#108,s8910009@ms61.hinet.net,鍾安住,20250101.0,20271231.0,20241226 15:16:00
新光醫療財團法人附設新光居家護理所,B10100003,B1,臺北市,士林區,臺北市士林區福佳里文昌路95號,121.520980835,25.0962810516,B,專業照護服務,臺北市,中山區;大同區;內湖區;士林區;北投區,02-28332211#2600,R000264@ms.skh.org.tw,張芬娥,20180101.0,20241231.0,20241028 16:07:40
新光醫療財團法人附設新光居家護理所,B10100003,B1,臺北市,士林區,臺北市士林區福佳里文昌路95號,121.520980835,25.0962810516,B,專業照護服務,臺北市,中山區;大同區;內湖區;士林區;北投區,02-28332211#2600,R000264@ms.skh.org.tw,張芬娥,20250101.0,20261231.0,20241028 16:04:39
臺北市立聯合醫院(忠孝院區),B20100006,B2,臺北市,南港區,臺北市南港區中南里同德路87號,121.5861587524,25.0466041565,B,專業照護服務,臺北市,大安區;中山區;中正區;大同區;萬華區;南港區;士林區,02-27861288#8281,B3429@tpech.gov.tw,王智弘,20250101.0,20261231.0,20241025 10:35:15
臺北市立聯合醫院(忠孝院區),B20100006,B2,臺北市,南港區,臺北市南港區中南里同德路87號,121.5861587524,25.0466041565,B,專業照護服務,臺北市,南港區,02-27861288#8281,B3429@tpech.gov.tw,王智弘,20180101.0,20241231.0,20221230 12:15:32
勁緻物理治療所,B40100010,B4,臺北市,中山區,臺北市中山區安民樂群三路71號,121.5535583496,25.0828037262,B,專業照護服務,臺北市,中山區;大同區;內湖區;士林區,02-85025822,zenithptc@gmail.com,邱炫偉,20250101.0,20261231.0,20241105 18:40:44
壽合居家職能治療所,B50100003,B5,臺北市,文山區,臺北市文山區興家里興隆路三段221巷4弄14號,121.5601119995,24.9936923981,B,專業照護服務(CC01),新北市,板橋區;三重區;中和區;永和區;新莊區;新店區;樹林區;鶯歌區;三峽區;淡水區;汐止區;瑞芳區;土城區;蘆洲區;五股區;泰山區;林口區;深坑區;石碇區;坪林區;三芝區;石門區;八里區;平溪區;雙溪區;貢寮區;金山區;萬里區;烏來區,0933-004397,ensonwhj@yahoo.com.tw,吳鴻章,20220101.0,20241231.0,20230802 17:19:14
壽合居家職能治療所,B50100003,B5,臺北市,文山區,臺北市文山區興家里興隆路三段221巷4弄14號,121.5601119995,24.9936923981,B,專業照護服務,新北市,板橋區;中和區;永和區;新店區;淡水區;汐止區;瑞芳區;蘆洲區;深坑區;八里區;雙溪區,0933-004397,ensonwhj@yahoo.com.tw,吳鴻章,20250101.0,20271231.0,20241225 11:24:24
C+-財團法人台北市中華基督教浸信會慈光堂,BD0100003,BD,臺北市,士林區,臺北市士林區翠山里中社路一段43巷3號,121.5602035522,25.1087741852,B,喘息服務,臺北市,士林區,02-28412290,shoujen2318@gmail.com,柴漢熙,20180101.0,20241231.0,20230202 17:05:22
社團法人中華民國士林靈糧堂社會福利協會附設臺北市私立新生社區長照機構老人日間照顧中心,2R0100002,2,臺北市,大安區,臺北市大安區新龍里新生南路三段52之5號,121.5339279175,25.0212039948,B,日間照顧服務,臺北市,松山區;信義區;大安區;中山區;中正區;大同區;萬華區;文山區;南港區;內湖區;士林區;北投區,02-23661321,xinshengdaycare@slsc.org.tw,劉群茂,20220101.0,20231231.0,20220208 16:12:39
臺北市私立平安喜樂社區長照機構,2X0100007,2,臺北市,北投區,臺北市北投區溫泉里公?路63巷9弄7號,121.5046157837,25.1331214905,B,家庭托顧服務,臺北市,北投區,0909535286,ff0915388526@gmail.com,饒昱晴,20240101.0,20261231.0,20240206 11:01:58
臺北市政府社會局委託財團法人台灣省私立健順養護中心經營管理臺北市中山社區式長期照顧服務機構,2S0100011,2,臺北市,中山區,臺北市中山區新生北路二段101巷2號,121.528427124,25.0573177338,B,日間照顧服務,臺北市,松山區;信義區;大安區;中山區;中正區;大同區;萬華區;文山區;南港區;內湖區;士林區;北投區,02-25420006,elder0006@gmail.com,黃禎祥,20240101.0,20261231.0,20240104 15:56:17
臺北市私立倚青園老人長期照顧中心(養護型),A10100013,A1,臺北市,北投區,臺北市北投區永明里義理街63巷4弄7、11之1~3號1樓,121.5152893066,25.117603302,B,喘息服務,臺北市,北投區,02-28283533,yiqingyuan112@gmail.com,劉昱森,20180101.0,20241231.0,20221230 20:33:08
國泰醫療財團法人附設居家護理所,B10100011,B1,臺北市,大安區,臺北市大安區敦煌里仁愛路四段280號,121.5535812378,25.0368881226,B,專業照護服務,臺北市,松山區;信義區;大安區;中正區,02-27082121#3956,273118@cgh.org.tw,洪怡蘋,20180101.0,20241231.0,20241018 16:36:20
合康居家護理所,B10100023,B1,臺北市,萬華區,臺北市萬華區富福里和平西路三段396號1樓,121.503364563,25.0300426483,B,居家失能個案家庭醫師照護服務,臺北市,松山區;信義區;大安區;中山區;中正區;大同區;萬華區;文山區;南港區;內湖區;士林區;北投區,0913560958,biglongtoday0706@gmail.com,鄭歆悅,20241108.0,20261231.0,20241108 18:34:57
大心居家職能治療所,B50100002,B5,臺北市,士林區,臺北市士林區天祿里中山北路六段754巷22之1號,121.5290527344,25.1145648956,B,專業照護服務(CC01),新北市,板橋區;三重區;中和區;永和區;新莊區;新店區;樹林區;三峽區;汐止區;土城區;蘆洲區;泰山區;林口區,02-77518057,bigheartot@gmail.com,彭紹宇,20250101.0,20271231.0,20241226 16:56:30
新康居家職能治療所,B50100005,B5,臺北市,士林區,臺北市士林區葫東里重慶北路四段248號,121.5113983154,25.0866203308,B,專業照護服務,連江縣,09007006;09007010;09007020;09007030;09007040,02-28164533#312,newhealthot@gmail.com,洪于婷,20240718.0,20261231.0,20240723 15:06:11
孝恩居家職能治療所,B50100007,B5,臺北市,萬華區,臺北市萬華區興德里富民路145巷15弄11號,121.4998245239,25.018535614,B,專業照護服務,臺北市,松山區;信義區;大安區;中山區;中正區;大同區;萬華區;文山區;南港區;內湖區;士林區;北投區,0968-999365,mengjen88@gmail.com,魏孟振,20180101.0,20180101.0,20190417 00:00:00
財團法人台北市立心慈善基金會,BD0100007,BD,臺北市,萬華區,臺北市萬華區桂林路242巷4號4樓之2?,121.4952468872,25.0378856659,A,個案管理服務,臺北市,萬華區,02-23361500#14,lishinc42@gmail.com,洪金桐,20230101.0,20241231.0,20230208 09:04:11
中華民國紅心字會(信義區),BF0100002,BF,臺北市,信義區,臺北市信義區四維里虎林街74巷2號1樓,121.5133514404,25.0449581146,A,個案管理服務,臺北市,文山區,02-27660227,xinyitw@yahoo.com.tw,劉緒倫,20250101.0,20261231.0,20241231 18:09:23
臺北市私立安歆居家式服務類長期照顧服務機構,1X0100003,1,臺北市,中山區,臺北市中山區興亞里松江路50號3樓,121.532661438,25.0481796265,B,居家服務,臺北市,松山區;信義區;大安區;中山區;中正區;大同區;萬華區;文山區;南港區;內湖區;士林區;北投區,02-25372586,crcanhsin@gmail.com,余建華,20190121.0,20241231.0,20231121 09:46:54
私立愛吾愛居家長照機構,1X0100005,1,臺北市,萬華區,臺北市萬華區大理街171之1號2樓207室,121.4963226318,25.0341567993,B,居家服務,臺北市,松山區;信義區;大安區;中山區;中正區;大同區;萬華區;文山區;南港區;內湖區;士林區;北投區,02-23087286,n01d.iwoi@gmail.com,許惠容,20190307.0,20201231.0,20190729 14:19:41
社團法人愛福家協會附設私立愛活樂園社區長照機構,2R0100001,2,臺北市,中正區,臺北市中正區羅斯福路2段5號2樓,121.5210876465,25.0292453766,B,小規模多機能服務,臺北市,松山區;信義區;大安區;中山區;中正區;大同區;萬華區;文山區;南港區;內湖區;士林區;北投區,02-23510005,duck621621@gmail.com,涂福增,20220101.0,20231231.0,20220208 12:40:17
臺北市政府社會局委託財團法人台灣省私立健順養護中心經營管理臺北市松山社區式長期照顧服務機構,2S0100013,2,臺北市,松山區,臺北市松山區鵬程里健康路317號2樓,121.5665130615,25.0544319153,B,日間照顧服務,臺北市,松山區;信義區;大安區;中山區;中正區;大同區;萬華區;文山區;南港區;內湖區;士林區;北投區,02-27685636,sselder105@gmail.com,廖慧媛,20240101.0,20261231.0,20240102 19:22:14
臺北榮民總醫院附設遊詣居社區式長期照顧服務機構,2U0100001,2,臺北市,北投區,臺北市北投區永欣里石牌路二段322號1樓,121.5203857422,25.1192111969,B,日間照顧服務,臺北市,松山區;信義區;大安區;中山區;中正區;大同區;萬華區;文山區;南港區;內湖區;士林區;北投區,02-28712121,d2_uage@vghtpe.gov.tw,陳威明,20190523.0,20201231.0,20190729 11:00:13
臺北榮民總醫院附設遊詣居社區式長期照顧服務機構,2U0100001,2,臺北市,北投區,臺北市北投區永欣里石牌路二段322號1樓,121.5203857422,25.1192111969,B,日間照顧服務,臺北市,松山區;信義區;大安區;中山區;中正區;大同區;萬華區;文山區;南港區;內湖區;士林區;北投區,02-28712121,d2_uage@vghtpe.gov.tw,陳威明,20220101.0,20231231.0,20240102 10:55:52
臺北榮民總醫院附設遊詣居社區式長期照顧服務機構,2U0100001,2,臺北市,北投區,臺北市北投區永欣里石牌路二段322號1樓,121.5203857422,25.1192111969,B,日間照顧服務,臺北市,松山區;信義區;大安區;中山區;中正區;大同區;萬華區;文山區;南港區;內湖區;士林區;北投區,02-28712121,d2_uage@vghtpe.gov.tw,陳威明,20240101.0,20261231.0,20240418 14:20:02
臺北榮民總醫院附設遊詣居社區式長期照顧服務機構,2U0100001,2,臺北市,北投區,臺北市北投區永欣里石牌路二段322號1樓,121.5203857422,25.1192111969,B,日間照顧服務,臺北市,松山區;信義區;大安區;中山區;中正區;大同區;萬華區;文山區;南港區;內湖區;士林區;北投區,02-28712121,d2_uage@vghtpe.gov.tw,陳威明,20220101.0,20231231.0,20220209 10:05:48
臺北市私立安歆松江社區長照機構,2X0100001,2,臺北市,中山區,臺北市中山區中央里松江路50號3樓,121.532661438,25.0481796265,B,喘息服務,臺北市,松山區;信義區;大安區;中山區;中正區;大同區;萬華區;文山區;南港區;內湖區;士林區;北投區,02-25371116,yaru42@gmail.com,張維庭,20250101.0,20261231.0,20250204 15:20:07
臺北市私立豪門老人長期照顧中心(養護型),A10100014,A1,臺北市,北投區,臺北市北投區大同里北投大業路452巷2號6-9F,121.4972915649,25.1317195892,B,喘息服務,臺北市,北投區,0228954492,noahsang@gmail.com,張妤安,20181220.0,20241231.0,20221230 20:18:13
財團法人天主教失智老人社會福利基金會附設臺北市私立聖若瑟失智老人養護中心,A10100031,A1,臺北市,萬華區,臺北市萬華區保德里德昌街125巷11號,121.4969329834,25.023639679,B,喘息服務,臺北市,松山區;信義區;大安區;中山區;中正區;大同區;萬華區;文山區;南港區;內湖區;士林區;北投區,02-23046716#108,s8910009@ms61.hinet.net,鍾安住,20200101.0,20241231.0,20240102 10:56:52
財團法人天主教失智老人社會福利基金會附設臺北市私立聖若瑟失智老人養護中心,A10100031,A1,臺北市,萬華區,臺北市萬華區保德里德昌街125巷11號,121.4969329834,25.023639679,B,小規模多機能服務,臺北市,松山區;信義區;大安區;中山區;中正區;大同區;萬華區;文山區;南港區;內湖區;士林區;北投區,02-23046716#108,s8910009@ms61.hinet.net,鍾安住,20220101.0,20231231.0,20240102 10:56:28
財團法人天主教失智老人社會福利基金會附設臺北市私立聖若瑟失智老人養護中心,A10100031,A1,臺北市,萬華區,臺北市萬華區保德里德昌街125巷11號,121.4969329834,25.023639679,B,日間照顧服務,臺北市,松山區;信義區;大安區;中山區;中正區;大同區;萬華區;文山區;南港區;內湖區;士林區;北投區,02-23046716#108,s8910009@ms61.hinet.net,鍾安住,20220101.0,20231231.0,20240102 10:56:28
新光醫療財團法人附設新光居家護理所,B10100003,B1,臺北市,士林區,臺北市士林區福佳里文昌路95號,121.520980835,25.0962810516,B,專業照護服務,新北市,三重區;蘆洲區,02-28332211#2600,R000264@ms.skh.org.tw,張芬娥,20220101.0,20241231.0,20220210 15:28:26
新光醫療財團法人附設新光居家護理所,B10100003,B1,臺北市,士林區,臺北市士林區福佳里文昌路95號,121.520980835,25.0962810516,B,專業照護服務,新北市,三重區;蘆洲區,02-28332211#2600,R000264@ms.skh.org.tw,張芬娥,20250101.0,20271231.0,20241223 14:36:46
國泰醫療財團法人附設居家護理所,B10100011,B1,臺北市,大安區,臺北市大安區敦煌里仁愛路四段280號,121.5535812378,25.0368881226,B,專業照護服務,臺北市,松山區;信義區;大安區;中正區,02-27082121#3956,273118@cgh.org.tw,洪怡蘋,20250101.0,20261231.0,20241018 16:35:51
合康居家護理所,B10100023,B1,臺北市,萬華區,臺北市萬華區富福里和平西路三段396號1樓,121.503364563,25.0300426483,B,專業照護服務,臺北市,松山區;信義區;大安區;中山區;中正區;大同區;萬華區;文山區;南港區;內湖區;士林區;北投區,0913560958,biglongtoday0706@gmail.com,鄭歆悅,20180316.0,20241231.0,20221229 22:23:13
台灣基督長老教會馬偕醫療財團法人附設馬偕居家護理所,B10100028,B1,臺北市,中山區,臺北市中山區健民中山北路二段96巷9號,121.5222244263,25.0598907471,B,居家失能個案家庭醫師照護服務,臺北市,中山區;大同區,02-25433535#3450,a3547@mmh.org.tw,吳宜庭,20240325.0,20241231.0,20240326 14:33:25
台灣基督長老教會馬偕醫療財團法人附設馬偕居家護理所,B10100028,B1,臺北市,中山區,臺北市中山區健民中山北路二段96巷9號,121.5222244263,25.0598907471,B,居家失能個案家庭醫師照護服務,新北市,淡水區,02-25433535#3450,a3547@mmh.org.tw,吳宜庭,20250101.0,20271231.0,20250113 16:24:58
中華民國紅心字會(信義區),BF0100002,BF,臺北市,信義區,臺北市信義區四維里虎林街74巷2號1樓,121.5133514404,25.0449581146,A,個案管理服務,臺北市,信義區,02-27660227,xinyitw@yahoo.com.tw,劉緒倫,20230101.0,20241231.0,20230208 09:06:52
大心居家職能治療所,B50100002,B5,臺北市,士林區,臺北市士林區天祿里中山北路六段754巷22之1號,121.5290527344,25.1145648956,B,專業照護服務,新北市,板橋區;三重區;中和區;永和區;新莊區;新店區;樹林區;三峽區;汐止區;土城區;蘆洲區;泰山區;林口區,02-77518057,bigheartot@gmail.com,彭紹宇,20220101.0,20241231.0,20220314 14:47:50
大心居家職能治療所,B50100002,B5,臺北市,士林區,臺北市士林區天祿里中山北路六段754巷22之1號,121.5290527344,25.1145648956,B,專業照護服務(CC01),新北市,板橋區;三重區;中和區;永和區;新莊區;新店區;樹林區;鶯歌區;三峽區;淡水區;汐止區;瑞芳區;土城區;蘆洲區;五股區;泰山區;林口區;深坑區;石碇區;坪林區;三芝區;石門區;八里區;平溪區;雙溪區;貢寮區;金山區;萬里區;烏來區,02-77518057,bigheartot@gmail.com,彭紹宇,20220101.0,20241231.0,20230802 17:19:14
大心居家職能治療所,B50100002,B5,臺北市,士林區,臺北市士林區天祿里中山北路六段754巷22之1號,121.5290527344,25.1145648956,B,專業照護服務,臺北市,松山區;信義區;大安區;中山區;中正區;大同區;萬華區;文山區;南港區;內湖區;士林區;北投區,02-77518057,bigheartot@gmail.com,彭紹宇,20250101.0,20261231.0,20241028 15:14:50
新康居家職能治療所,B50100005,B5,臺北市,士林區,臺北市士林區葫東里重慶北路四段248號,121.5113983154,25.0866203308,B,專業照護服務,臺北市,松山區;信義區;大安區;中山區;中正區;大同區;萬華區;文山區;南港區;內湖區;士林區;北投區,02-28164533#312,newhealthot@gmail.com,洪于婷,20250101.0,20261231.0,20241025 10:43:02
新康居家職能治療所,B50100005,B5,臺北市,士林區,臺北市士林區葫東里重慶北路四段248號,121.5113983154,25.0866203308,B,專業照護服務,新北市,板橋區;三重區;中和區;永和區;新莊區;新店區;樹林區;三峽區;淡水區;汐止區;瑞芳區;土城區;蘆洲區;五股區;泰山區;深坑區;石碇區;平溪區;雙溪區;貢寮區;金山區;萬里區;烏來區,02-28164533#312,newhealthot@gmail.com,洪于婷,20220101.0,20241231.0,20220315 10:04:58
新康居家職能治療所,B50100005,B5,臺北市,士林區,臺北市士林區葫東里重慶北路四段248號,121.5113983154,25.0866203308,B,專業照護服務,臺北市,松山區;信義區;大安區;中山區;中正區;大同區;萬華區;文山區;南港區;內湖區;士林區;北投區,02-28164533#312,newhealthot@gmail.com,洪于婷,20180523.0,20241231.0,20221230 20:27:12
社團法人臺北市向日葵慈善協會,BD0100005,BD,臺北市,松山區,臺北市松山區東勢里南京東路四段133巷7弄7號,121.5554122925,25.0525455475,C,巷弄長照站,臺北市,松山區,02-87700650,bnwdh12a@gmail.com,蔡秀琴,20190101.0,20241231.0,20221229 23:10:13
中華民國紅心字會(信義區),BF0100002,BF,臺北市,信義區,臺北市信義區四維里虎林街74巷2號1樓,121.5133514404,25.0449581146,A,個案管理服務,臺北市,文山區,02-27660227,xinyitw@yahoo.com.tw,劉緒倫,20230731.0,20241231.0,20230801 08:25:44
臺北市私立群英老人長期照顧中心(養護型),A10100010,A1,臺北市,松山區,臺北市松山區敦化里敦化南路一段7號4樓,121.5492858887,25.0469055176,B,喘息服務,臺北市,松山區,02-25791400,tai_da_168@yahoo.com.tw,鄭淑芬,20180101.0,20241231.0,20221229 22:51:23
宜寧居家護理所,B10100013,B1,臺北市,士林區,臺北市士林區前港里承德路四段235號9樓,121.5223770142,25.0870456696,B,專業照護服務,臺北市,士林區,02-28822382,karenchang0913@gmail.com,張肇仙,20180101.0,20241231.0,20221230 15:20:28
吉馨安居家護理所,B10100021,B1,臺北市,大同區,臺北市大同區甘州路51號4樓,121.512878418,25.0596485138,B,專業照護服務,臺北市,松山區;信義區;大安區;中山區;中正區;大同區;萬華區;文山區;南港區;內湖區;士林區;北投區,0921-066248,sinannurse@gmail.com,黃湘茹,20180101.0,20241231.0,20230106 20:33:25
臺北市立聯合醫院(中興院區),B20100003,B2,臺北市,大同區,臺北市大同區玉泉里鄭州路145號,121.5093231201,25.0509700775,B,專業照護服務,臺北市,大安區;中山區;中正區;大同區;萬華區;南港區;士林區,02-25523234#3253,B2141@tpech.gov.tw,王智弘,20250101.0,20261231.0,20241025 10:18:49
臺北市立聯合醫院(林森中醫院區),B20100010,B2,臺北市,中山區,臺北市中山區健民林森北路530號,121.5254745483,25.0634632111,B,專業照護服務,臺北市,中山區,02-25916681#1320,A4430@tpech.gov.tw,蕭勝煌,20180101.0,20180101.0,20190417 00:00:00
臺北市立關渡醫院-委託臺北榮民總醫院經營,B20100020,B2,臺北市,北投區,臺北市北投區知行路225巷12號,121.4661254883,25.1203136444,A,個案管理服務,臺北市,北投區,02-28587000,niniye@gandau.gov.tw,陳亮恭,20230101.0,20241231.0,20230208 09:03:38
好朋友居家職能治療所,B50100006,B5,臺北市,中山區,臺北市中山區撫順街25號9樓之4,121.5203170776,25.063583374,B,專業照護服務(CC01),新北市,板橋區;三重區;中和區;永和區;新莊區;新店區;樹林區;三峽區;淡水區;汐止區;土城區;蘆洲區;五股區;泰山區;林口區;深坑區;石碇區;三芝區;八里區;烏來區,02-89136000,hami610@gmail.com,陳偉修,20250101.0,20271231.0,20241218 10:28:20
財團法人台北市中國基督教靈糧世界佈道會士林靈糧堂,BD0100006,BD,臺北市,士林區,臺北市士林區忠誠路二段53巷7號5樓,121.5322875977,25.1114368439,A,個案管理服務,臺北市,內湖區,02-26561700#253,a.xihu@slsc.org.tw,許本爵,20230101.0,20241231.0,20230208 09:08:53
臺北市永昌長青會,BF0100003,BF,臺北市,中正區,臺北市中正區永昌里寧波西街181巷24號,121.5100784302,25.0265541077,B,營養餐飲服務,臺北市,中正區,02-23071068,tyc.ch@msa.hinet.net,林萬出,20190101.0,20211231.0,20210129 18:15:49
勁緻物理治療所,B40100010,B4,臺北市,中山區,臺北市中山區安民樂群三路71號,121.5535583496,25.0828037262,B,專業照護服務,臺北市,松山區;信義區;大安區;中山區;中正區;大同區;萬華區;文山區;南港區;內湖區;士林區;北投區,02-85025822,zenithptc@gmail.com,邱炫偉,20181112.0,20241231.0,20221229 22:36:43
新康居家職能治療所,B50100005,B5,臺北市,士林區,臺北市士林區葫東里重慶北路四段248號,121.5113983154,25.0866203308,B,專業照護服務(CC01),新北市,板橋區;三重區;中和區;永和區;新莊區;新店區;樹林區;鶯歌區;三峽區;淡水區;汐止區;瑞芳區;土城區;蘆洲區;五股區;泰山區;林口區;深坑區;石碇區;坪林區;三芝區;石門區;八里區;平溪區;雙溪區;貢寮區;金山區;萬里區;烏來區,02-28164533#312,newhealthot@gmail.com,洪于婷,20220101.0,20241231.0,20230802 17:19:14
社團法人臺北市向日葵慈善協會,BD0100005,BD,臺北市,松山區,臺北市松山區東勢里南京東路四段133巷7弄7號,121.5554122925,25.0525455475,B,喘息服務,臺北市,松山區;信義區;大安區;中山區;中正區;大同區;萬華區;文山區;南港區;內湖區;士林區;北投區,02-87700650,bnwdh12a@gmail.com,蔡秀琴,20181214.0,20241231.0,20221229 23:13:01
財團法人台北市立心慈善基金會,BD0100007,BD,臺北市,萬華區,臺北市萬華區桂林路242巷4號4樓之2?,121.4952468872,25.0378856659,B,喘息服務,臺北市,中山區;中正區;大同區,02-23361500#14,lishinc42@gmail.com,洪金桐,20200312.0,20241231.0,20221229 22:24:31
中華民國紅心字會(信義區),BF0100002,BF,臺北市,信義區,臺北市信義區四維里虎林街74巷2號1樓,121.5133514404,25.0449581146,A,個案管理服務,臺北市,信義區,02-27660227,xinyitw@yahoo.com.tw,劉緒倫,20250101.0,20261231.0,20241231 18:08:12
生通股份有限公司,BA0100001,BA,臺北市,中山區,臺北市中山區民權東路一段55號,121.524887085,25.0629062653,B,社區式交通接送服務(BD03),苗栗縣,苗栗市;苑裡鎮;通霄鎮;竹南鎮;後龍鎮;卓蘭鎮;大湖鄉;公館鄉;南庄鄉;頭屋鄉;三義鄉;西湖鄉;造橋鄉;三灣鄉;獅潭鄉;泰安鄉,02-25997667,doreen@wcarsharing.com,陳金棍,20230101.0,20241231.0,20230202 11:02:49
臺北市政府社會局委託財團法人喜憨兒社會福利基金會經營管理中山身障社區長照機構（日間照顧）,2S0100005,2,臺北市,中山區,臺北市中山區中山里長安西路5巷2號4樓,121.5212478638,25.0498371124,B,日間照顧服務,臺北市,中山區,02-25211032,T01746@careus.org.tw,蕭淑珍,20200101.0,20241231.0,20220210 10:19:25
臺北市政府社會局委託財團法人喜憨兒社會福利基金會經營管理中山身障社區長照機構（日間照顧）,2S0100005,2,臺北市,中山區,臺北市中山區中山里長安西路5巷2號4樓,121.5212478638,25.0498371124,B,日間照顧服務,臺北市,松山區;信義區;大安區;中山區;中正區;大同區;萬華區;文山區;南港區;內湖區;士林區;北投區,02-25211032,T01746@careus.org.tw,蕭淑珍,20250101.0,20271231.0,20250103 11:55:38
財團法人伊甸社會福利基金會附設臺北市私立台北居家式服務類長期照顧服務機構,1S0100001,1,臺北市,北投區,臺北市北投區裕民里裕民六路120號,121.5176467896,25.1145343781,B,到宅沐浴車服務,臺北市,松山區;信義區;大安區;中山區;中正區;大同區;萬華區;文山區;南港區;內湖區;士林區;北投區,02-28210320#103,eden5580@eden.org.tw,陳宇昭,20220101.0,20231231.0,20220207 16:13:43
財團法人台北市立心慈善基金會附設臺北市私立立心居家式服務類長期照顧服務機構,1S0100005,1,臺北市,萬華區,臺北市萬華區頂碩里艋舺大道120巷39弄3號2樓,121.5023727417,25.0320262909,B,喘息服務,臺北市,松山區;信義區;大安區;中山區;中正區;大同區;萬華區;文山區;南港區;內湖區;士林區;北投區,02-23361555#21,lishin.home@gmail.com,洪金桐,20180101.0,20241231.0,20230206 08:54:00
財團法人天主教失智老人社會福利基金會附設臺北市私立聖若瑟居家式服務類長期照顧服務機構,1S0100009,1,臺北市,萬華區,臺北市萬華區保德里德昌街119號,121.4968490601,25.0241794586,B,居家服務,臺北市,中山區;中正區;大同區;萬華區,02-23098728,s8910009@gmail.com,鍾安住,20240101.0,20261231.0,20231229 10:26:10
臺北市政府社會局委託社團法人中華民國士林靈糧堂社會福利協會經營管理臺北市士林社區式服務類長期照顧服務機構,2S0100007,2,臺北市,士林區,臺北市士林區三玉里忠誠路二段53巷7號6樓,121.5322875977,25.1114368439,B,營養餐飲服務,臺北市,士林區,02-28381571,sldaycare@slsc.org.tw,劉群茂,20200101.0,20221231.0,20210122 11:06:54
中華民國紅心字會附設臺北市私立興隆社區長照機構,2N0100001,2,臺北市,文山區,臺北市文山區明義里興隆路四段105巷47號2樓,121.5631256104,24.98828125,B,日間照顧服務,臺北市,松山區;信義區;大安區;中山區;中正區;大同區;萬華區;文山區;南港區;內湖區;士林區;北投區,02-29367119,ankangtw@gmail.com,劉緒倫,20240101.0,20241231.0,20240102 19:01:02
臺北市私立高德老人長期照顧中心(養護型),A10100019,A1,臺北市,北投區,臺北市北投區清江里磺港路156號,121.5029678345,25.1287136078,B,喘息服務,臺北市,萬華區,02-28982418,nkd28982418@gmail.com,鄭人豪,20180101.0,20221214.0,20221216 10:07:15
安歆居家護理所,B10100024,B1,臺北市,中山區,臺北市中山區松江路50號3樓,121.532661438,25.0481796265,B,專業照護服務,臺北市,松山區;信義區;大安區;中山區;中正區;大同區;萬華區;文山區;南港區;內湖區;士林區;北投區,02-25372586,crcanhsin@gmail.com,余建華,20250101.0,20261231.0,20241018 16:24:08
哈佛物理治療所,B40100005,B4,臺北市,萬華區,臺北市萬華區西圓路二段362號7樓,121.4916000366,25.0254077911,B,專業照護服務,臺北市,松山區;信義區;大安區;中山區;中正區;大同區;萬華區;文山區;士林區;北投區,02-82588536,jeffreytseng91@yahoo.com,曾致傑,20180329.0,20241231.0,20241028 15:55:07
社團法人臺灣職能學會,B50100001,B5,臺北市,中正區,臺北市中正區德義博愛路9號,121.5114440918,25.047416687,B,專業照護服務,臺北市,松山區;信義區;大安區;中山區;中正區;大同區;萬華區;文山區;南港區;內湖區;士林區;北投區,02-23820103,otaroc.taipei@gmail.com,張玲慧,20180101.0,20180101.0,20190417 00:00:00
臺北市政府社會局委託財團法人喜憨兒社會福利基金會經營管理中山身障社區長照機構（日間照顧）,2S0100005,2,臺北市,中山區,臺北市中山區中山里長安西路5巷2號4樓,121.5212478638,25.0498371124,B,喘息服務,臺北市,松山區;信義區;大安區;中山區;中正區;大同區;萬華區;文山區;南港區;內湖區;士林區;北投區,02-25211032,T01746@careus.org.tw,蕭淑珍,20250101.0,20261231.0,20250204 15:10:28
財團法人伊甸社會福利基金會附設臺北市私立台北居家式服務類長期照顧服務機構,1S0100001,1,臺北市,北投區,臺北市北投區裕民里裕民六路120號,121.5176467896,25.1145343781,B,居家服務,臺北市,松山區;文山區;士林區;北投區,02-28210320#103,eden5580@eden.org.tw,陳宇昭,20220101.0,20231231.0,20220207 16:13:43
財團法人伊甸社會福利基金會附設臺北市私立台北居家式服務類長期照顧服務機構,1S0100001,1,臺北市,北投區,臺北市北投區裕民里裕民六路120號,121.5176467896,25.1145343781,B,居家服務,臺北市,松山區;文山區;士林區;北投區,02-28210320#103,eden5580@eden.org.tw,陳宇昭,20240101.0,20261231.0,20231229 09:36:06
社團法人中國家庭教育協進會附設臺北市私立敬老居家式服務類長期照顧服務機構,1R0100002,1,臺北市,中山區,臺北市中山區中山里松江路131之12號6樓,121.5332489014,25.0542488098,B,居家服務,臺北市,松山區;信義區;大安區;中山區;中正區;大同區;萬華區;文山區;南港區;內湖區;士林區;北投區,02-25090266,chinesehomeservice@yahoo.com.tw,吳逸秋,20240101.0,20261231.0,20231229 09:51:04
財團法人獎卿護理展望基金會私立臺北居家長照機構,1S0100006,1,臺北市,大安區,臺北市大安區龍坡里和平東路一段216號,121.5318603516,25.0260295868,B,居家服務,臺北市,信義區;大安區;文山區;南港區;內湖區,02-23646040#24,ccfhcn@yahoo.com.tw,王仁宏,20180622.0,20231231.0,20211230 11:09:29
財團法人獎卿護理展望基金會私立臺北居家長照機構,1S0100006,1,臺北市,大安區,臺北市大安區龍坡里和平東路一段216號,121.5318603516,25.0260295868,B,喘息服務,臺北市,大安區,02-23646040#24,ccfhcn@yahoo.com.tw,王仁宏,20180925.0,20241231.0,20221229 22:59:04
有限責任臺北市育坊社區照護勞動合作社私立育坊居家長照機構,1T0100001,1,臺北市,北投區,臺北市北投區中庸里大同街299號,121.4992370605,25.1398200989,B,居家服務,臺北市,中山區;大同區;士林區;北投區,02-28957520,yfcare.coop@gmail.com,錢素明,20220101.0,20231231.0,20220207 15:39:52
臺北市私立安歆居家式服務類長期照顧服務機構,1X0100003,1,臺北市,中山區,臺北市中山區興亞里松江路50號3樓,121.532661438,25.0481796265,B,居家服務,臺北市,松山區;信義區;大安區;中山區;中正區;大同區;萬華區;文山區;南港區;內湖區;士林區;北投區,02-25372586,crcanhsin@gmail.com,余建華,20240101.0,20261231.0,20231229 10:01:41
私立愛吾愛居家長照機構,1X0100005,1,臺北市,萬華區,臺北市萬華區大理街171之1號2樓207室,121.4963226318,25.0341567993,B,喘息服務,臺北市,松山區;信義區;大安區;中山區;中正區;大同區;萬華區;文山區;南港區;內湖區;士林區;北投區,02-23087286,n01d.iwoi@gmail.com,許惠容,20190401.0,20241231.0,20221229 21:23:07
社團法人愛福家協會附設私立愛活樂園社區長照機構,2R0100001,2,臺北市,中正區,臺北市中正區羅斯福路2段5號2樓,121.5210876465,25.0292453766,B,小規模多機能服務,臺北市,松山區;信義區;大安區;中山區;中正區;大同區;萬華區;文山區;南港區;內湖區;士林區;北投區,02-23510005,duck621621@gmail.com,涂福增,20190417.0,20211231.0,20210202 11:46:00
臺北市政府社會局委託財團法人台灣省私立健順養護中心經營管理臺北市松山社區式長期照顧服務機構,2S0100013,2,臺北市,松山區,臺北市松山區鵬程里健康路317號2樓,121.5665130615,25.0544319153,B,喘息服務,臺北市,松山區;信義區;大安區;中山區;中正區;大同區;萬華區;文山區;南港區;內湖區;士林區;北投區,02-27685636,sselder105@gmail.com,廖慧媛,20250311.0,20261231.0,20250311 18:13:39
臺北市私立安歆松江社區長照機構,2X0100001,2,臺北市,中山區,臺北市中山區中央里松江路50號3樓,121.532661438,25.0481796265,B,喘息服務,臺北市,大同區,02-25371116,yaru42@gmail.com,張維庭,20181217.0,20241231.0,20221229 22:37:11
壽合居家職能治療所,B50100003,B5,臺北市,文山區,臺北市文山區興家里興隆路三段221巷4弄14號,121.5601119995,24.9936923981,B,專業照護服務(CC01),新北市,板橋區;中和區;永和區;新店區;淡水區;汐止區;瑞芳區;蘆洲區;深坑區;八里區;雙溪區,0933-004397,ensonwhj@yahoo.com.tw,吳鴻章,20250101.0,20271231.0,20241225 11:25:30
台灣聽力語言學會,B70100001,B7,臺北市,中山區,臺北市中山區健民雙城街4巷2號,121.5241622925,25.0632743835,B,專業照護服務,臺北市,松山區;信義區;大安區;中山區;中正區;大同區;萬華區;文山區;南港區;內湖區;士林區;北投區,02-25996095,slha.meeting@gmail.com,洪菱濃,20180101.0,20201231.0,20210112 11:34:07
財團法人老五老基金會附設臺北市私立老五老居家式服務類長期照顧服務機構,1S0100003,1,臺北市,北投區,臺北市北投區吉慶里石牌路1段14號3樓,121.5131072998,25.1103668213,B,居家服務,臺北市,士林區;北投區,02-28929702,bt@ofo.org.tw,陳麗欣,20240101.0,20261231.0,20231229 09:37:18
生通股份有限公司,BA0100001,BA,臺北市,中山區,臺北市中山區民權東路一段55號,121.524887085,25.0629062653,B,交通接送服務,桃園市,桃園區;中壢區;大溪區;楊梅區;蘆竹區;大園區;龜山區;八德區;龍潭區;平鎮區;新屋區;觀音區;復興區,02-25997667,doreen@wcarsharing.com,陳金棍,20180701.0,20230310.0,20230307 09:21:21
生通股份有限公司,BA0100001,BA,臺北市,中山區,臺北市中山區民權東路一段55號,121.524887085,25.0629062653,B,交通接送服務(DA01),苗栗縣,苗栗市;苑裡鎮;通霄鎮;竹南鎮;後龍鎮;卓蘭鎮;大湖鄉;公館鄉;南庄鄉;頭屋鄉;三義鄉;西湖鄉;造橋鄉;三灣鄉;獅潭鄉;泰安鄉,02-25997667,doreen@wcarsharing.com,陳金棍,20230101.0,20241231.0,20230202 11:02:49
財團法人老五老基金會附設臺北市私立老五老居家式服務類長期照顧服務機構,1S0100003,1,臺北市,北投區,臺北市北投區吉慶里石牌路1段14號3樓,121.5131072998,25.1103668213,A,個案管理服務,臺北市,北投區,02-28929702,bt@ofo.org.tw,陳麗欣,20230731.0,20241231.0,20240112 10:52:13
生通股份有限公司,BA0100001,BA,臺北市,中山區,臺北市中山區民權東路一段55號,121.524887085,25.0629062653,B,交通接送服務(DA01),臺北市,松山區;信義區;大安區;中山區;中正區;大同區;萬華區;文山區;南港區;內湖區;士林區;北投區,02-25997667,doreen@wcarsharing.com,陳金棍,20240101.0,20261231.0,20240327 09:56:56
臺北市政府社會局委託財團法人利河伯社會福利基金會經營管理臺北市文山老人養護中心,A10100032,A1,臺北市,文山區,臺北市文山區興豐里興隆路二段95巷8號,121.5468826294,25.0000209808,B,日間照顧服務,臺北市,松山區;信義區;大安區;中山區;中正區;大同區;萬華區;文山區;南港區;內湖區;士林區;北投區,89313190,rwf_ws@yahoo.com,王明昌,20190101.0,20231231.0,20240102 18:56:31
臺北市政府社會局委託財團法人利河伯社會福利基金會經營管理臺北市文山老人養護中心,A10100032,A1,臺北市,文山區,臺北市文山區興豐里興隆路二段95巷8號,121.5468826294,25.0000209808,B,日間照顧服務,臺北市,松山區;信義區;大安區;中山區;中正區;大同區;萬華區;文山區;南港區;內湖區;士林區;北投區,89313190,rwf_ws@yahoo.com,王明昌,20240301.0,20261231.0,20240506 14:25:27
基督復臨安息日會醫療財團法人附設臺安居家護理所,B10100008,B1,臺北市,松山區,臺北市松山區民福里八德路二段424號,121.5473403931,25.0480537415,B,專業照護服務,臺北市,松山區,02-27718151#2831,130679@tahsda.org.tw,夏姿慧,20180101.0,20241231.0,20221229 23:19:25
宜寧居家護理所,B10100013,B1,臺北市,士林區,臺北市士林區前港里承德路四段235號9樓,121.5223770142,25.0870456696,B,專業照護服務,桃園市,桃園區;中壢區;大溪區;楊梅區;蘆竹區;大園區;龜山區;八德區;龍潭區;平鎮區;新屋區;觀音區,02-28822382,karenchang0913@gmail.com,張肇仙,20231229.0,20251231.0,20231229 11:48:56
臺北市立萬芳醫院-委託臺北醫學大學辦理,B20100002,B2,臺北市,文山區,臺北市文山區興光里興隆路三段111號,121.5581436157,24.9999008179,A,個案管理服務,臺北市,文山區,02-29307930#1683,90236@w.tmu.edu.tw,劉燦宏,20230101.0,20241231.0,20230626 14:57:11
台灣基督長老教會馬偕醫療財團法人馬偕紀念醫院,B20100005,B2,臺北市,中山區,臺北市中山區中山北路二段92號,121.5223693848,25.0588321686,B,專業照護服務,臺北市,松山區;信義區;大安區;中山區;中正區;大同區;萬華區;文山區;南港區;內湖區;士林區;北投區,02-25604176,mwang@mmh.org.tw,張文瀚,20180820.0,20241231.0,20221230 18:22:27
臺北市立聯合醫院(仁愛院區),B20100007,B2,臺北市,大安區,臺北市大安區仁慈里仁愛路四段10號,121.5452270508,25.0375118256,B,專業照護服務,臺北市,大安區;中山區;中正區;大同區;萬華區;南港區;士林區,02-27093600#3113,A0019@tpech.gov.tw,王智弘,20250101.0,20261231.0,20241025 10:22:07
國立臺灣大學醫學院附設醫院北護分院,B20100023,B2,臺北市,萬華區,臺北市萬華區內江街87號,121.5035705566,25.0417194366,A,個案管理服務,臺北市,萬華區,0223717101,B40731@bh.ntuh.gov.tw,詹鼎正,20230101.0,20241231.0,20230208 09:06:32
國立臺灣大學醫學院附設醫院北護分院,B20100023,B2,臺北市,萬華區,臺北市萬華區內江街87號,121.5035705566,25.0417194366,B,居家失能個案家庭醫師照護服務,臺北市,中正區;大同區;萬華區,0223717101,B40731@bh.ntuh.gov.tw,詹鼎正,20250101.0,20261231.0,20250204 16:18:31
好朋友居家職能治療所,B50100006,B5,臺北市,中山區,臺北市中山區撫順街25號9樓之4,121.5203170776,25.063583374,B,專業照護服務,臺北市,松山區;信義區;大安區;中山區;中正區;大同區;萬華區;文山區;南港區;內湖區;士林區;北投區,02-89136000,hami610@gmail.com,陳偉修,20180101.0,20241231.0,20221229 22:19:03
社團法人台灣愛鄰社區服務協會(大安區),BE0100002,BE,臺北市,大安區,臺北市大安區龍門里和平東路二段24號11樓,121.5364761353,25.0255756378,B,營養餐飲服務,臺北市,大安區,02-23692674,peter.chu@breadoflife.taipe,莊碧明,20190101.0,20211231.0,20190807 11:27:07
社團法人台灣愛鄰社區服務協會(大安區),BE0100002,BE,臺北市,大安區,臺北市大安區龍門里和平東路二段24號11樓,121.5364761353,25.0255756378,C,巷弄長照站,臺北市,大安區,02-23692674,peter.chu@breadoflife.taipe,莊碧明,20210101.0,20211231.0,20210407 16:00:11
社團法人中國家庭教育協進會附設臺北市私立敬老居家式服務類長期照顧服務機構,1R0100002,1,臺北市,中山區,臺北市中山區中山里松江路131之12號6樓,121.5332489014,25.0542488098,B,居家服務,臺北市,松山區;信義區;大安區;中山區;中正區;大同區;萬華區;文山區;南港區;內湖區;士林區;北投區,02-25090266,chinesehomeservice@yahoo.com.tw,吳逸秋,20180101.0,20231231.0,20211230 15:57:48
財團法人獎卿護理展望基金會私立臺北居家長照機構,1S0100006,1,臺北市,大安區,臺北市大安區龍坡里和平東路一段216號,121.5318603516,25.0260295868,B,喘息服務,臺北市,松山區;信義區;大安區;中山區;中正區;大同區;萬華區;文山區;南港區;內湖區;士林區;北投區,02-23646040#24,ccfhcn@yahoo.com.tw,王仁宏,20250101.0,20261231.0,20241122 15:21:52
有限責任臺北市育坊社區照護勞動合作社私立育坊居家長照機構,1T0100001,1,臺北市,北投區,臺北市北投區中庸里大同街299號,121.4992370605,25.1398200989,B,喘息服務,臺北市,中山區;大同區;士林區;北投區,02-28957520,yfcare.coop@gmail.com,錢素明,20250321.0,20261231.0,20250321 14:44:41
臺北市私立安歆居家式服務類長期照顧服務機構,1X0100003,1,臺北市,中山區,臺北市中山區興亞里松江路50號3樓,121.532661438,25.0481796265,B,喘息服務,臺北市,松山區;信義區;大安區;中山區;中正區;大同區;萬華區;文山區;南港區;內湖區;士林區;北投區,02-25372586,crcanhsin@gmail.com,余建華,20250101.0,20261231.0,20241122 18:24:07
臺北市永昌長青會,BF0100003,BF,臺北市,中正區,臺北市中正區永昌里寧波西街181巷24號,121.5100784302,25.0265541077,C,巷弄長照站,臺北市,中正區,02-23071068,tyc.ch@msa.hinet.net,林萬出,20200101.0,20211231.0,20210408 16:49:58
私立愛吾愛居家長照機構,1X0100005,1,臺北市,萬華區,臺北市萬華區大理街171之1號2樓207室,121.4963226318,25.0341567993,B,居家服務,臺北市,松山區;信義區;大安區;中山區;中正區;大同區;萬華區;文山區;南港區;內湖區;士林區;北投區,02-23087286,n01d.iwoi@gmail.com,許惠容,20240101.0,20261231.0,20231229 10:32:48
社團法人中國家庭教育協進會附設臺北市私立敬老居家式服務類長期照顧服務機構,1R0100002,1,臺北市,中山區,臺北市中山區中山里松江路131之12號6樓,121.5332489014,25.0542488098,A,個案管理服務,臺北市,士林區,02-25090266,chinesehomeservice@yahoo.com.tw,吳逸秋,20240501.0,20241231.0,20240430 11:54:08
社團法人中國家庭教育協進會附設臺北市私立敬老居家式服務類長期照顧服務機構,1R0100002,1,臺北市,中山區,臺北市中山區中山里松江路131之12號6樓,121.5332489014,25.0542488098,B,喘息服務,臺北市,松山區;信義區;大安區;中山區;中正區;大同區;萬華區;文山區;南港區;內湖區;士林區;北投區,02-25090266,chinesehomeservice@yahoo.com.tw,吳逸秋,20250101.0,20261231.0,20241120 15:07:34
社團法人愛福家協會附設私立愛活樂園社區長照機構,2R0100001,2,臺北市,中正區,臺北市中正區羅斯福路2段5號2樓,121.5210876465,25.0292453766,B,小規模多機能服務,臺北市,松山區;信義區;大安區;中山區;中正區;大同區;萬華區;文山區;南港區;內湖區;士林區;北投區,02-23510005,duck621621@gmail.com,涂福增,20240101.0,20261231.0,20240102 14:53:09
臺北市政府社會局委託財團法人台灣省私立健順養護中心經營管理臺北市松山社區式長期照顧服務機構,2S0100013,2,臺北市,松山區,臺北市松山區鵬程里健康路317號2樓,121.5665130615,25.0544319153,B,日間照顧服務,臺北市,松山區;信義區;大安區;中山區;中正區;大同區;萬華區;文山區;南港區;內湖區;士林區;北投區,02-27685636,sselder105@gmail.com,廖慧媛,20180530.0,20241231.0,20220209 09:57:18
臺北榮民總醫院附設遊詣居社區式長期照顧服務機構,2U0100001,2,臺北市,北投區,臺北市北投區永欣里石牌路二段322號1樓,121.5203857422,25.1192111969,B,日間照顧服務,臺北市,松山區;信義區;大安區;中山區;中正區;大同區;萬華區;文山區;南港區;內湖區;士林區;北投區,02-28712121,d2_uage@vghtpe.gov.tw,陳威明,20210101.0,20211231.0,20210202 12:37:42
臺北榮民總醫院附設遊詣居社區式長期照顧服務機構,2U0100001,2,臺北市,北投區,臺北市北投區永欣里石牌路二段322號1樓,121.5203857422,25.1192111969,B,日間照顧服務,臺北市,松山區;信義區;大安區;中山區;中正區;大同區;萬華區;文山區;南港區;內湖區;士林區;北投區,02-28712121,d2_uage@vghtpe.gov.tw,陳威明,20220101.0,20231231.0,20240102 10:56:55
臺北市私立安歆松江社區長照機構,2X0100001,2,臺北市,中山區,臺北市中山區中央里松江路50號3樓,121.532661438,25.0481796265,B,喘息服務,新北市,板橋區;三重區;中和區;永和區;新莊區;新店區;樹林區;鶯歌區;三峽區;淡水區;汐止區;瑞芳區;土城區;蘆洲區;五股區;泰山區;林口區;深坑區;石碇區;坪林區;三芝區;石門區;八里區;平溪區;雙溪區;貢寮區;金山區;萬里區;烏來區,02-25371116,yaru42@gmail.com,張維庭,20250101.0,20271231.0,20241220 09:38:43
臺北市私立安歆松江社區長照機構,2X0100001,2,臺北市,中山區,臺北市中山區中央里松江路50號3樓,121.532661438,25.0481796265,B,日間照顧服務,臺北市,松山區;信義區;大安區;中山區;中正區;大同區;萬華區;文山區;南港區;內湖區;士林區;北投區,02-25371116,yaru42@gmail.com,張維庭,20240101.0,20261231.0,20240104 15:58:05
臺北市私立貴族老人長期照顧中心(養護型),A10100015,A1,臺北市,北投區,臺北市北投區大同里北投大業路452巷2號2-5f,121.4972915649,25.1317195892,B,喘息服務,臺北市,北投區,02-28965555,noahsang@gmail.com,桑予群,20181220.0,20241231.0,20221230 20:45:00
宜寧居家護理所,B10100013,B1,臺北市,士林區,臺北市士林區前港里承德路四段235號9樓,121.5223770142,25.0870456696,B,專業照護服務,新北市,板橋區;三重區;中和區;永和區;新莊區;新店區;樹林區;鶯歌區;三峽區;淡水區;汐止區;土城區;蘆洲區;五股區;泰山區;林口區;深坑區;八里區;萬里區,02-28822382,karenchang0913@gmail.com,張肇仙,20220101.0,20241231.0,20220315 15:23:17
臺北市獨立型態成福居家護理所,B10100025,B1,臺北市,南港區,臺北市南港區百福里成福路204號,121.5885696411,25.0405826569,B,專業照護服務,臺北市,松山區;信義區;大安區;中山區;中正區;大同區;萬華區;文山區;南港區;內湖區;士林區;北投區,02-27850802,chen_41@yahoo.com.tw,張美娟,20180316.0,20241231.0,20221229 23:18:53
臺北市立萬芳醫院-委託臺北醫學大學辦理,B20100002,B2,臺北市,文山區,臺北市文山區興光里興隆路三段111號,121.5581436157,24.9999008179,A,個案管理服務,臺北市,文山區,02-29307930#1683,90236@w.tmu.edu.tw,劉燦宏,20250101.0,20261231.0,20241231 19:47:20
台灣基督長老教會馬偕醫療財團法人馬偕紀念醫院,B20100005,B2,臺北市,中山區,臺北市中山區中山北路二段92號,121.5223693848,25.0588321686,B,專業照護服務,臺北市,松山區;信義區;大安區;中山區;中正區;大同區;萬華區;文山區;南港區;內湖區;士林區;北投區,02-25604176,mwang@mmh.org.tw,張文瀚,20250101.0,20261231.0,20241101 10:09:28
台灣基督長老教會馬偕醫療財團法人馬偕紀念醫院,B20100005,B2,臺北市,中山區,臺北市中山區中山北路二段92號,121.5223693848,25.0588321686,B,營養餐飲服務,臺北市,大同區,02-25604176,mwang@mmh.org.tw,張文瀚,20190101.0,20211231.0,20190627 18:01:41
台灣基督長老教會馬偕醫療財團法人馬偕紀念醫院,B20100005,B2,臺北市,中山區,臺北市中山區中山北路二段92號,121.5223693848,25.0588321686,A,個案管理服務,臺北市,中山區,02-25604176,mwang@mmh.org.tw,張文瀚,20230101.0,20241231.0,20230208 09:02:21
臺北市立聯合醫院(仁愛院區),B20100007,B2,臺北市,大安區,臺北市大安區仁慈里仁愛路四段10號,121.5452270508,25.0375118256,B,專業照護服務,臺北市,大安區,02-27093600#3113,A0019@tpech.gov.tw,王智弘,20180101.0,20241231.0,20221230 12:16:00
臺北市立關渡醫院-委託臺北榮民總醫院經營,B20100020,B2,臺北市,北投區,臺北市北投區知行路225巷12號,121.4661254883,25.1203136444,A,個案管理服務,臺北市,北投區,02-28587000,niniye@gandau.gov.tw,陳亮恭,20250101.0,20261231.0,20241231 18:37:24
國立臺灣大學醫學院附設醫院北護分院,B20100023,B2,臺北市,萬華區,臺北市萬華區內江街87號,121.5035705566,25.0417194366,B,專業照護服務,臺北市,中正區;大同區;萬華區,0223717101,B40731@bh.ntuh.gov.tw,詹鼎正,20180301.0,20241231.0,20241028 16:16:27
國立臺灣大學醫學院附設醫院北護分院,B20100023,B2,臺北市,萬華區,臺北市萬華區內江街87號,121.5035705566,25.0417194366,A,個案管理服務,臺北市,萬華區,0223717101,B40731@bh.ntuh.gov.tw,詹鼎正,20250101.0,20261231.0,20241231 18:30:29
國立臺灣大學醫學院附設醫院北護分院,B20100023,B2,臺北市,萬華區,臺北市萬華區內江街87號,121.5035705566,25.0417194366,B,居家失能個案家庭醫師照護服務,臺北市,中正區;大同區;萬華區,0223717101,B40731@bh.ntuh.gov.tw,詹鼎正,20211201.0,20241231.0,20221230 22:03:46
財團法人獎卿護理展望基金會私立臺北居家長照機構,1S0100006,1,臺北市,大安區,臺北市大安區龍坡里和平東路一段216號,121.5318603516,25.0260295868,B,居家服務,臺北市,信義區;大安區;文山區;南港區;內湖區,02-23646040#24,ccfhcn@yahoo.com.tw,王仁宏,20240101.0,20261231.0,20231229 11:23:53
臺北市私立安歆居家式服務類長期照顧服務機構,1X0100003,1,臺北市,中山區,臺北市中山區興亞里松江路50號3樓,121.532661438,25.0481796265,B,喘息服務,臺北市,松山區;信義區;大安區;中山區;中正區;大同區;萬華區;文山區;南港區;內湖區;士林區;北投區,02-25372586,crcanhsin@gmail.com,余建華,20190121.0,20241231.0,20231121 09:46:54
私立愛吾愛居家長照機構,1X0100005,1,臺北市,萬華區,臺北市萬華區大理街171之1號2樓207室,121.4963226318,25.0341567993,B,居家服務,臺北市,松山區;信義區;大安區;中山區;中正區;大同區;萬華區;文山區;南港區;內湖區;士林區;北投區,02-23087286,n01d.iwoi@gmail.com,許惠容,20220101.0,20231231.0,20211119 13:43:57
私立愛吾愛居家長照機構,1X0100005,1,臺北市,萬華區,臺北市萬華區大理街171之1號2樓207室,121.4963226318,25.0341567993,B,喘息服務,臺北市,松山區;信義區;大安區;中山區;中正區;大同區;萬華區;文山區;南港區;內湖區;士林區;北投區,02-23087286,n01d.iwoi@gmail.com,許惠容,20250101.0,20261231.0,20241119 17:33:37
臺北市政府社會局委託財團法人台灣省私立健順養護中心經營管理臺北市松山社區式長期照顧服務機構,2S0100013,2,臺北市,松山區,臺北市松山區鵬程里健康路317號2樓,121.5665130615,25.0544319153,B,營養餐飲服務,臺北市,松山區;信義區;大安區;中山區;中正區;大同區;萬華區;文山區;南港區;內湖區;士林區;北投區,02-27685636,sselder105@gmail.com,廖慧媛,20240101.0,20241231.0,20240109 17:13:03
臺北市政府社會局委託財團法人台灣省私立健順養護中心經營管理臺北市松山社區式長期照顧服務機構,2S0100013,2,臺北市,松山區,臺北市松山區鵬程里健康路317號2樓,121.5665130615,25.0544319153,B,喘息服務,臺北市,松山區;信義區;大安區;中山區;中正區;大同區;萬華區;文山區;南港區;內湖區;士林區;北投區,02-27685636,sselder105@gmail.com,廖慧媛,20190522.0,20221231.0,20210112 23:37:19
臺北市私立安歆松江社區長照機構,2X0100001,2,臺北市,中山區,臺北市中山區中央里松江路50號3樓,121.532661438,25.0481796265,B,日間照顧服務,臺北市,松山區;信義區;大安區;中山區;中正區;大同區;萬華區;文山區;南港區;內湖區;士林區;北投區,02-25371116,yaru42@gmail.com,張維庭,20240101.0,20261231.0,20240104 15:58:05
臺北市私立安歆松江社區長照機構,2X0100001,2,臺北市,中山區,臺北市中山區中央里松江路50號3樓,121.532661438,25.0481796265,B,日間照顧服務,新北市,板橋區;三重區;中和區;永和區;新莊區;新店區;樹林區;鶯歌區;三峽區;淡水區;汐止區;瑞芳區;土城區;蘆洲區;五股區;泰山區;林口區;深坑區;石碇區;坪林區;三芝區;石門區;八里區;平溪區;雙溪區;貢寮區;金山區;萬里區;烏來區,02-25371116,yaru42@gmail.com,張維庭,20250101.0,20271231.0,20241220 09:38:25
臺北市私立群英老人長期照顧中心(養護型),A10100010,A1,臺北市,松山區,臺北市松山區敦化里敦化南路一段7號4樓,121.5492858887,25.0469055176,B,喘息服務,臺北市,松山區;信義區;大安區;中山區;中正區;大同區;萬華區;文山區;南港區;內湖區;士林區;北投區,02-25791400,tai_da_168@yahoo.com.tw,鄭淑芬,20250101.0,20261231.0,20250204 14:52:34
臺北市私立貴族老人長期照顧中心(養護型),A10100015,A1,臺北市,北投區,臺北市北投區大同里北投大業路452巷2號2-5f,121.4972915649,25.1317195892,B,喘息服務,臺北市,松山區;信義區;大安區;中山區;中正區;大同區;萬華區;文山區;南港區;內湖區;士林區;北投區,02-28965555,noahsang@gmail.com,桑予群,20250101.0,20261231.0,20250204 11:36:44
臺北市政府社會局委託財團法人利河伯社會福利基金會經營管理臺北市文山老人養護中心,A10100032,A1,臺北市,文山區,臺北市文山區興豐里興隆路二段95巷8號,121.5468826294,25.0000209808,B,日間照顧服務,臺北市,松山區;信義區;大安區;中山區;中正區;大同區;萬華區;文山區;南港區;內湖區;士林區;北投區,89313190,rwf_ws@yahoo.com,王明昌,20240101.0,20240331.0,20240102 18:57:15
國立臺灣大學醫學院附設醫院北護分院,B20100023,B2,臺北市,萬華區,臺北市萬華區內江街87號,121.5035705566,25.0417194366,B,居家失能個案家庭醫師照護服務,臺北市,中正區;大同區;萬華區,0223717101,B40731@bh.ntuh.gov.tw,詹鼎正,20250101.0,20261231.0,20241028 16:54:52
好朋友居家職能治療所,B50100006,B5,臺北市,中山區,臺北市中山區撫順街25號9樓之4,121.5203170776,25.063583374,B,專業照護服務(CC01),新北市,板橋區;三重區;中和區;永和區;新莊區;新店區;樹林區;鶯歌區;三峽區;淡水區;汐止區;瑞芳區;土城區;蘆洲區;五股區;泰山區;林口區;深坑區;石碇區;坪林區;三芝區;石門區;八里區;平溪區;雙溪區;貢寮區;金山區;萬里區;烏來區,02-89136000,hami610@gmail.com,陳偉修,20220101.0,20241231.0,20230802 17:19:14
好朋友居家職能治療所,B50100006,B5,臺北市,中山區,臺北市中山區撫順街25號9樓之4,121.5203170776,25.063583374,B,專業照護服務,臺北市,松山區;信義區;大安區;中山區;中正區;大同區;萬華區;文山區;南港區;內湖區;士林區;北投區,02-89136000,hami610@gmail.com,陳偉修,20250101.0,20261231.0,20241025 10:09:27
好朋友居家職能治療所,B50100006,B5,臺北市,中山區,臺北市中山區撫順街25號9樓之4,121.5203170776,25.063583374,B,專業照護服務,新北市,板橋區;三重區;中和區;永和區;新莊區;新店區;樹林區;三峽區;淡水區;汐止區;土城區;蘆洲區;五股區;泰山區;林口區;深坑區;石碇區;三芝區;八里區;烏來區,02-89136000,hami610@gmail.com,陳偉修,20220101.0,20241231.0,20220126 15:27:18
頤園護理之家,A30100001,A3,臺北市,士林區,臺北市士林區重慶北路4段138、140、142號1-4樓,121.5126190186,25.0838489532,B,喘息服務,臺北市,松山區;信義區;大安區;中山區;中正區;大同區;萬華區;文山區;南港區;內湖區;士林區;北投區,2811-9666,eyuan28119666@gmail.com,耿瑛鎂,20180101.0,20221231.0,20210112 23:04:25
基督復臨安息日會醫療財團法人附設臺安居家護理所,B10100008,B1,臺北市,松山區,臺北市松山區民福里八德路二段424號,121.5473403931,25.0480537415,B,專業照護服務,臺北市,松山區,02-27718151#2831,130679@tahsda.org.tw,夏姿慧,20250101.0,20261231.0,20241030 09:55:24
宜寧居家護理所,B10100013,B1,臺北市,士林區,臺北市士林區前港里承德路四段235號9樓,121.5223770142,25.0870456696,B,專業照護服務,臺北市,松山區;信義區;大安區;中山區;中正區;大同區;萬華區;文山區;南港區;內湖區;士林區;北投區,02-28822382,karenchang0913@gmail.com,張肇仙,20250101.0,20261231.0,20241018 16:15:48
臺北市獨立型態成福居家護理所,B10100025,B1,臺北市,南港區,臺北市南港區百福里成福路204號,121.5885696411,25.0405826569,B,專業照護服務,臺北市,松山區;信義區;大安區;中山區;中正區;大同區;萬華區;文山區;南港區;內湖區;士林區;北投區,02-27850802,chen_41@yahoo.com.tw,張美娟,20250101.0,20261231.0,20240924 18:24:46
臺北市立聯合醫院(中興院區),B20100003,B2,臺北市,大同區,臺北市大同區玉泉里鄭州路145號,121.5093231201,25.0509700775,B,專業照護服務,臺北市,大同區,02-25523234#3253,B2141@tpech.gov.tw,王智弘,20180320.0,20241231.0,20221230 12:14:51
台灣基督長老教會馬偕醫療財團法人馬偕紀念醫院,B20100005,B2,臺北市,中山區,臺北市中山區中山北路二段92號,121.5223693848,25.0588321686,A,個案管理服務,臺北市,大同區,02-25604176,mwang@mmh.org.tw,張文瀚,20230101.0,20241231.0,20230208 09:08:13
台灣基督長老教會馬偕醫療財團法人馬偕紀念醫院,B20100005,B2,臺北市,中山區,臺北市中山區中山北路二段92號,121.5223693848,25.0588321686,A,個案管理服務,臺北市,大同區,02-25604176,mwang@mmh.org.tw,張文瀚,20250101.0,20261231.0,20241231 19:43:39
台灣基督長老教會馬偕醫療財團法人馬偕紀念醫院,B20100005,B2,臺北市,中山區,臺北市中山區中山北路二段92號,121.5223693848,25.0588321686,A,個案管理服務,臺北市,中山區,02-25604176,mwang@mmh.org.tw,張文瀚,20250101.0,20261231.0,20241231 19:45:14
臺北榮民總醫院,B20100019,B2,臺北市,北投區,臺北市北投區北投石牌路二段201號,121.5203857422,25.1192111969,A,個案管理服務,臺北市,北投區,02-28712121#89700,vghtpe.a@gmail.com,陳威明,20230101.0,20241231.0,20230208 09:03:31
臺北榮民總醫院,B20100019,B2,臺北市,北投區,臺北市北投區北投石牌路二段201號,121.5203857422,25.1192111969,A,個案管理服務,臺北市,北投區,02-28712121#89700,vghtpe.a@gmail.com,陳威明,20250101.0,20261231.0,20241231 18:48:04
國立臺灣大學醫學院附設醫院北護分院,B20100023,B2,臺北市,萬華區,臺北市萬華區內江街87號,121.5035705566,25.0417194366,B,專業照護服務,臺北市,中正區;大同區;萬華區,0223717101,B40731@bh.ntuh.gov.tw,詹鼎正,20250101.0,20261231.0,20241028 15:58:51
大東健保藥局,B30100002,B3,臺北市,士林區,臺北市士林區仁勇里大東路86之4號,121.5257492065,25.0911312103,B,專業照護服務,臺北市,松山區;信義區;大安區;中山區;中正區;大同區;萬華區;文山區;南港區;內湖區;士林區;北投區,02-28838940,newly_beer@yahoo.com.tw,郭雅芝,20180802.0,20201231.0,20210112 11:42:01
好朋友居家職能治療所,B50100006,B5,臺北市,中山區,臺北市中山區撫順街25號9樓之4,121.5203170776,25.063583374,B,專業照護服務,新北市,板橋區;三重區;中和區;永和區;新莊區;新店區;樹林區;三峽區;淡水區;汐止區;土城區;蘆洲區;五股區;泰山區;林口區;深坑區;石碇區;三芝區;八里區;烏來區,02-89136000,hami610@gmail.com,陳偉修,20250101.0,20271231.0,20241218 10:27:33
財團法人台北市中國基督教靈糧世界佈道會士林靈糧堂,BD0100006,BD,臺北市,士林區,臺北市士林區忠誠路二段53巷7號5樓,121.5322875977,25.1114368439,A,個案管理服務,臺北市,內湖區,02-26561700#253,a.xihu@slsc.org.tw,許本爵,20250101.0,20261231.0,20241231 18:27:03
財團法人私立台北仁濟院(萬華區),BD0100010,BD,臺北市,萬華區,臺北市萬華區廣州街200號,121.4980926514,25.0366802216,B,營養餐飲服務,臺北市,萬華區,,hanwei.chen@tjci.org.tw,林明成,20200101.0,20221231.0,20210128 20:21:00
財團法人伊甸社會福利基金會附設臺北市私立台北居家式服務類長期照顧服務機構,1S0100001,1,臺北市,北投區,臺北市北投區裕民里裕民六路120號,121.5176467896,25.1145343781,B,到宅沐浴車服務,臺北市,松山區;文山區;士林區;北投區,02-28210320#103,eden5580@eden.org.tw,陳宇昭,20240101.0,20261231.0,20231229 09:54:54
財團法人老五老基金會附設臺北市私立老五老居家式服務類長期照顧服務機構,1S0100003,1,臺北市,北投區,臺北市北投區吉慶里石牌路1段14號3樓,121.5131072998,25.1103668213,B,居家服務,臺北市,北投區,02-28929702,bt@ofo.org.tw,陳麗欣,20220101.0,20231231.0,20220207 16:14:40
社團法人中華民國士林靈糧堂社會福利協會附設臺北市私立安馨居家式服務類長期照顧服務機構,1R0100003,1,臺北市,士林區,臺北市士林區富光里延平北路五段83巷28弄11號,121.509185791,25.0815906525,B,居家服務,臺北市,松山區;中山區;大同區;南港區;內湖區;士林區;北投區,02-28110515,homeservice@slsc.org.tw,劉群茂,20180622.0,20231231.0,20211230 11:12:47
財團法人恆安社會福利慈善事業基金會附設臺北市私立恆安居家式服務類長期照顧服務機構,1S0100008,1,臺北市,大安區,臺北市大安區群賢里和平東路二段295號12樓,121.5446929932,25.0249919891,B,喘息服務,臺北市,松山區;信義區;大安區;中山區;中正區;大同區;萬華區;文山區;南港區;內湖區;士林區;北投區,02-2333-1955,hanganhomecare@gmail.com,胡世賢,20250101.0,20261231.0,20241120 10:37:04
財團法人恆安社會福利慈善事業基金會附設臺北市私立恆安居家式服務類長期照顧服務機構,1S0100008,1,臺北市,大安區,臺北市大安區群賢里和平東路二段295號12樓,121.5446929932,25.0249919891,B,喘息服務,臺北市,松山區;信義區;大安區;中山區;中正區;大同區;萬華區;文山區;南港區;內湖區;士林區;北投區,02-2333-1955,hanganhomecare@gmail.com,胡世賢,20210316.0,20241231.0,20230103 19:33:58
社團法人臺灣職能治療學會,B50100010,B5,臺北市,中正區,臺北市中正區德義博愛路9號,121.5114440918,25.047416687,B,專業照護服務,臺北市,松山區;信義區;大安區;中山區;中正區;大同區;萬華區;文山區;南港區;內湖區;士林區;北投區,02-23820103,otaroc.taipei@gmail.com,吳菁宜,20180401.0,20201231.0,20201208 15:13:44
好康居家呼吸照護所,B80100001,B8,臺北市,中正區,臺北市中正區砂子杭州南路一段23號,121.5264968872,25.0423641205,B,專業照護服務,臺北市,松山區;信義區;大安區;中山區;中正區;大同區;萬華區;文山區;南港區;內湖區;士林區;北投區,02-23910529,hokahnrt@gmail.com,楊玲玲,20180501.0,20241231.0,20221229 21:40:16
好康居家呼吸照護所,B80100001,B8,臺北市,中正區,臺北市中正區砂子杭州南路一段23號,121.5264968872,25.0423641205,B,專業照護服務,新北市,板橋區;三重區;中和區;永和區;新莊區,02-23910529,hokahnrt@gmail.com,楊玲玲,20250101.0,20271231.0,20241226 15:08:54
好康居家呼吸照護所,B80100001,B8,臺北市,中正區,臺北市中正區砂子杭州南路一段23號,121.5264968872,25.0423641205,B,專業照護服務,臺北市,松山區;信義區;大安區;中山區;中正區;大同區;萬華區;文山區;南港區;內湖區;士林區;北投區,02-23910529,hokahnrt@gmail.com,楊玲玲,20250101.0,20261231.0,20241030 09:46:09
臺北市政府社會局委託財團法人喜憨兒社會福利基金會經營管理中山身障社區長照機構（日間照顧）,2S0100005,2,臺北市,中山區,臺北市中山區中山里長安西路5巷2號4樓,121.5212478638,25.0498371124,B,喘息服務,臺北市,松山區;信義區;大安區;中山區;中正區;大同區;萬華區;文山區;南港區;內湖區;士林區;北投區,02-25211032,T01746@careus.org.tw,蕭淑珍,20190508.0,20241231.0,20221229 22:58:29
社團法人台北市家庭照顧者關懷協會附設臺北市私立家協居家式服務類長期照顧服務機構,1R0100004,1,臺北市,大安區,臺北市大安區黎孝里和平東路三段232號3樓,121.5546951294,25.0220489502,B,喘息服務,臺北市,松山區;信義區;大安區,02-27398737#17,service@carer.org.tw,盧雪華,20200505.0,20241231.0,20240305 15:22:01
財團法人宜蘭縣私立力麗社會福利慈善事業基金會附設臺北市私立力麗居家式服務類長期照顧服務機構,1S0100007,1,臺北市,中正區,臺北市中正區南福里和平西路一段107號,121.5174331665,25.0270843506,B,居家服務,臺北市,大安區;中正區,02-23938326,liyvonne@leadingage.com.tw,郭銓慶,20220101.0,20231231.0,20220207 16:02:40
財團法人恆安社會福利慈善事業基金會附設臺北市私立恆安居家式服務類長期照顧服務機構,1S0100008,1,臺北市,大安區,臺北市大安區群賢里和平東路二段295號12樓,121.5446929932,25.0249919891,B,居家服務,臺北市,松山區;信義區;大安區;中山區;中正區;大同區;萬華區;文山區;南港區;內湖區;士林區;北投區,02-2333-1955,hanganhomecare@gmail.com,胡世賢,20180701.0,20231231.0,20211223 15:07:11
財團法人恆安社會福利慈善事業基金會附設臺北市私立恆安居家式服務類長期照顧服務機構,1S0100008,1,臺北市,大安區,臺北市大安區群賢里和平東路二段295號12樓,121.5446929932,25.0249919891,B,居家服務,臺北市,松山區;信義區;大安區;中山區;中正區;大同區;萬華區;文山區;南港區;內湖區;士林區;北投區,02-2333-1955,hanganhomecare@gmail.com,胡世賢,20240101.0,20261231.0,20231229 10:44:36
臺北市私立仁群居家長照機構,1X0100002,1,臺北市,中山區,臺北市中山區下埤里民族東路512巷12號1樓,121.5419845581,25.0675392151,B,居家服務,臺北市,松山區;中山區;大同區,02-25016299,kindhomeservice@gmail.com,劉昱森,20240101.0,20261231.0,20231229 09:58:52
臺北市私立大心居家長照機構,1X0100004,1,臺北市,萬華區,臺北市萬華區富民里康定路348號2樓之1,121.4925003052,25.0255661011,B,喘息服務,臺北市,信義區;大安區;中山區;中正區;大同區;萬華區;文山區;士林區;北投區,02-23390179,284vup10761180131@gmail.com,趙重凱,20250101.0,20261231.0,20241030 20:37:01
財團法人老五老基金會附設臺北市私立老五老居家式服務類長期照顧服務機構,1S0100003,1,臺北市,北投區,臺北市北投區吉慶里石牌路1段14號3樓,121.5131072998,25.1103668213,B,喘息服務,臺北市,士林區;北投區,02-28929702,bt@ofo.org.tw,陳麗欣,20250101.0,20261231.0,20241030 20:45:46
社團法人中華民國士林靈糧堂社會福利協會附設臺北市私立安馨居家式服務類長期照顧服務機構,1R0100003,1,臺北市,士林區,臺北市士林區富光里延平北路五段83巷28弄11號,121.509185791,25.0815906525,B,喘息服務,臺北市,松山區;中山區;大同區;內湖區;士林區;北投區,02-28110515,homeservice@slsc.org.tw,劉群茂,20200110.0,20241231.0,20221230 20:02:41
社團法人台北市家庭照顧者關懷協會附設臺北市私立家協居家式服務類長期照顧服務機構,1R0100004,1,臺北市,大安區,臺北市大安區黎孝里和平東路三段232號3樓,121.5546951294,25.0220489502,B,喘息服務,臺北市,松山區;信義區;大安區,02-27398737#17,service@carer.org.tw,盧雪華,20250101.0,20261231.0,20241120 10:55:06
財團法人宜蘭縣私立力麗社會福利慈善事業基金會附設臺北市私立力麗居家式服務類長期照顧服務機構,1S0100007,1,臺北市,中正區,臺北市中正區南福里和平西路一段107號,121.5174331665,25.0270843506,B,居家服務,臺北市,松山區;信義區;大安區;中山區;中正區,02-23938326,liyvonne@leadingage.com.tw,郭銓慶,20240101.0,20261231.0,20231229 09:26:50
財團法人宜蘭縣私立力麗社會福利慈善事業基金會附設臺北市私立力麗居家式服務類長期照顧服務機構,1S0100007,1,臺北市,中正區,臺北市中正區南福里和平西路一段107號,121.5174331665,25.0270843506,B,喘息服務,臺北市,松山區;信義區;大安區;中山區;中正區,02-23938326,liyvonne@leadingage.com.tw,郭銓慶,20250101.0,20261231.0,20241120 15:25:45
財團法人恆安社會福利慈善事業基金會附設臺北市私立恆安居家式服務類長期照顧服務機構,1S0100008,1,臺北市,大安區,臺北市大安區群賢里和平東路二段295號12樓,121.5446929932,25.0249919891,B,營養餐飲服務,臺北市,文山區,02-2333-1955,hanganhomecare@gmail.com,胡世賢,20180701.0,20231231.0,20211223 15:07:11
臺北市私立仁群居家長照機構,1X0100002,1,臺北市,中山區,臺北市中山區下埤里民族東路512巷12號1樓,121.5419845581,25.0675392151,B,居家服務,臺北市,松山區;中山區;大同區,02-25016299,kindhomeservice@gmail.com,劉昱森,20200101.0,20231231.0,20211230 15:58:54
臺北市私立仁群居家長照機構,1X0100002,1,臺北市,中山區,臺北市中山區下埤里民族東路512巷12號1樓,121.5419845581,25.0675392151,B,喘息服務,臺北市,松山區;中山區;大同區,02-25016299,kindhomeservice@gmail.com,劉昱森,20250101.0,20261231.0,20241122 15:28:22
臺北市私立大心居家長照機構,1X0100004,1,臺北市,萬華區,臺北市萬華區富民里康定路348號2樓之1,121.4925003052,25.0255661011,B,喘息服務,臺北市,信義區;大安區;中山區;中正區;大同區;萬華區;文山區;士林區;北投區,02-23390179,284vup10761180131@gmail.com,趙重凱,20240703.0,20241231.0,20240704 08:41:38
臺北市私立大心居家長照機構,1X0100004,1,臺北市,萬華區,臺北市萬華區富民里康定路348號2樓之1,121.4925003052,25.0255661011,B,喘息服務,新北市,中和區;永和區;新店區,02-23390179,284vup10761180131@gmail.com,趙重凱,20250101.0,20271231.0,20241219 11:49:06
臺北市私立大心居家長照機構,1X0100004,1,臺北市,萬華區,臺北市萬華區富民里康定路348號2樓之1,121.4925003052,25.0255661011,B,居家服務,臺北市,中正區;大同區;萬華區;文山區,02-23390179,284vup10761180131@gmail.com,趙重凱,20180101.0,20231231.0,20211230 15:06:00
臺北市私立大心居家長照機構,1X0100004,1,臺北市,萬華區,臺北市萬華區富民里康定路348號2樓之1,121.4925003052,25.0255661011,B,居家服務,臺北市,中正區;大同區;萬華區;文山區,02-23390179,284vup10761180131@gmail.com,趙重凱,20240101.0,20261231.0,20231229 10:27:38
好康居家呼吸照護所,B80100001,B8,臺北市,中正區,臺北市中正區砂子杭州南路一段23號,121.5264968872,25.0423641205,B,專業照護服務,新北市,板橋區;三重區;中和區;永和區;新莊區;新店區;樹林區;鶯歌區;三峽區;淡水區;土城區;蘆洲區;五股區;泰山區,02-23910529,hokahnrt@gmail.com,楊玲玲,20220101.0,20241231.0,20220210 15:31:16
臺北市政府社會局委託財團法人台灣省私立健順養護中心經營管理臺北市復華社區長照機構,2S0100008,2,臺北市,中山區,臺北市中山區遼寧街185巷11號2-3樓,121.5427627563,25.0534248352,B,小規模多機能服務,臺北市,松山區;信義區;大安區;中山區;中正區;大同區;萬華區;文山區;南港區;內湖區;士林區;北投區,02-27171393,fuhua1060810@gmail.com,廖慧媛,20250101.0,20261231.0,20241231 11:09:11
臺北市私立快樂之家社區式服務類長期照顧服務機構(家庭托顧),2X0100003,2,臺北市,北投區,臺北市北投區溫泉里光明路240之4號,121.5076828003,25.1361923218,B,家庭托顧服務,臺北市,松山區;信義區;大安區;中山區;中正區;大同區;萬華區;文山區;南港區;內湖區;士林區;北投區,02-28947640,ab0935220571@gmail.com,王桂英,20240101.0,20261231.0,20240206 11:06:31
臺北市私立大千之家社區式服務類長期照顧機構(家庭托顧),2X0100005,2,臺北市,北投區,臺北市北投區中庸里雙全街48巷5號,121.5006713867,25.1380157471,B,家庭托顧服務,臺北市,松山區;信義區;大安區;中山區;中正區;大同區;萬華區;文山區;南港區;內湖區;士林區;北投區,0929314190,naro@ms66.url.com.tw,李元傑,20240101.0,20261231.0,20240206 10:59:18
博仁綜合醫院附設居家護理所,B10100005,B1,臺北市,松山區,臺北市松山區復勢里光復北路66號,121.5576858521,25.0499095917,B,專業照護服務,臺北市,松山區;信義區;大安區;中山區;中正區;大同區;萬華區;文山區;南港區;內湖區;士林區;北投區,02-25782518#2300,pojenghhomecare@gmail.com,曾月盃,20180101.0,20241231.0,20221229 23:18:37
財團法人獎卿護理展望基金會大台北居家護理所,B10100007,B1,臺北市,大安區,臺北市大安區龍坡里和平東路一段216號,121.5318603516,25.0260295868,B,居家失能個案家庭醫師照護服務,臺北市,大安區;中正區,02-23646040#17,ccfhcn@yahoo.com.tw,王金蓮,20250101.0,20261231.0,20250204 16:22:49
三軍總醫院松山分院附設民眾診療服務處附設居家護理所,B10100009,B1,臺北市,松山區,臺北市松山區龍田里健康路131號,121.5576705933,25.0543727875,B,專業照護服務,臺北市,松山區;信義區;中山區;內湖區,02-27617086,avid.nemuca@msa.hinet.net,張郁敏,20250101.0,20261231.0,20241101 09:57:13
永昱居家呼吸照護所,B10100030,B1,臺北市,大同區,臺北市大同區玉泉里南京西路155巷28號,121.5136032104,25.0546188354,B,專業照護服務,臺北市,松山區;信義區;大安區;中山區;中正區;大同區;萬華區;文山區;南港區;內湖區;士林區;北投區,02-25560795,mg1314520@gmail.com,林育如,20180619.0,20201231.0,20210112 11:41:37
適健復健科診所,B20100004,B2,臺北市,大安區,臺北市大安區建倫里忠孝東路四段166號,121.550567627,25.0411453247,B,專業照護服務,臺北市,松山區;信義區;大安區;中山區;中正區;大同區;萬華區;文山區;南港區;內湖區;士林區;北投區,02-87717039,scrc.service@gmail.com,陳昭蓉,20250101.0,20261231.0,20241105 18:45:31
適健復健科診所,B20100004,B2,臺北市,大安區,臺北市大安區建倫里忠孝東路四段166號,121.550567627,25.0411453247,B,專業照護服務,臺北市,松山區;信義區;大安區;中山區;中正區;大同區;萬華區;文山區;南港區;內湖區;士林區;北投區,02-87717039,scrc.service@gmail.com,陳昭蓉,20180412.0,20241231.0,20221230 20:09:10
臺北市政府社會局委託財團法人台灣省私立健順養護中心經營管理臺北市復華社區長照機構,2S0100008,2,臺北市,中山區,臺北市中山區遼寧街185巷11號2-3樓,121.5427627563,25.0534248352,B,日間照顧服務,臺北市,松山區;信義區;大安區;中山區;中正區;大同區;萬華區;文山區;南港區;內湖區;士林區;北投區,02-27171393,fuhua1060810@gmail.com,廖慧媛,20210101.0,20211231.0,20210201 20:29:41
臺北市政府社會局委託財團法人台灣省私立健順養護中心經營管理臺北市復華社區長照機構,2S0100008,2,臺北市,中山區,臺北市中山區遼寧街185巷11號2-3樓,121.5427627563,25.0534248352,B,小規模多機能服務,臺北市,松山區;信義區;大安區;中山區;中正區;大同區;萬華區;文山區;南港區;內湖區;士林區;北投區,02-27171393,fuhua1060810@gmail.com,廖慧媛,20180101.0,20201231.0,20190628 17:13:07
臺北市政府社會局委託財團法人台灣省私立健順養護中心經營管理臺北市復華社區長照機構,2S0100008,2,臺北市,中山區,臺北市中山區遼寧街185巷11號2-3樓,121.5427627563,25.0534248352,B,小規模多機能服務,臺北市,松山區;信義區;大安區;中山區;中正區;大同區;萬華區;文山區;南港區;內湖區;士林區;北投區,02-27171393,fuhua1060810@gmail.com,廖慧媛,20220101.0,20241231.0,20220207 14:26:40
財團法人老五老基金會附設臺北市私立老五老居家式服務類長期照顧服務機構,1S0100003,1,臺北市,北投區,臺北市北投區吉慶里石牌路1段14號3樓,121.5131072998,25.1103668213,B,喘息服務,臺北市,士林區;北投區,02-28929702,bt@ofo.org.tw,陳麗欣,20211207.0,20241231.0,20221230 14:50:05
社團法人中華民國士林靈糧堂社會福利協會附設臺北市私立安馨居家式服務類長期照顧服務機構,1R0100003,1,臺北市,士林區,臺北市士林區富光里延平北路五段83巷28弄11號,121.509185791,25.0815906525,B,居家服務,臺北市,松山區;中山區;大同區;南港區;內湖區;士林區;北投區,02-28110515,homeservice@slsc.org.tw,劉群茂,20240101.0,20261231.0,20231229 18:28:10
社團法人中華民國士林靈糧堂社會福利協會附設臺北市私立安馨居家式服務類長期照顧服務機構,1R0100003,1,臺北市,士林區,臺北市士林區富光里延平北路五段83巷28弄11號,121.509185791,25.0815906525,B,喘息服務,臺北市,松山區;中山區;大同區;南港區;內湖區;士林區;北投區,02-28110515,homeservice@slsc.org.tw,劉群茂,20250101.0,20261231.0,20241119 17:36:42
社團法人台北市家庭照顧者關懷協會附設臺北市私立家協居家式服務類長期照顧服務機構,1R0100004,1,臺北市,大安區,臺北市大安區黎孝里和平東路三段232號3樓,121.5546951294,25.0220489502,B,居家服務,臺北市,松山區;信義區;大安區,02-27398737#17,service@carer.org.tw,盧雪華,20180701.0,20231231.0,20211223 16:01:49
社團法人台北市家庭照顧者關懷協會附設臺北市私立家協居家式服務類長期照顧服務機構,1R0100004,1,臺北市,大安區,臺北市大安區黎孝里和平東路三段232號3樓,121.5546951294,25.0220489502,B,居家服務,臺北市,松山區;信義區;大安區,02-27398737#17,service@carer.org.tw,盧雪華,20240101.0,20261231.0,20231229 10:42:07
財團法人宜蘭縣私立力麗社會福利慈善事業基金會附設臺北市私立力麗居家式服務類長期照顧服務機構,1S0100007,1,臺北市,中正區,臺北市中正區南福里和平西路一段107號,121.5174331665,25.0270843506,B,喘息服務,臺北市,松山區;信義區;大安區;中山區;中正區,02-23938326,liyvonne@leadingage.com.tw,郭銓慶,20231215.0,20241231.0,20231215 15:57:40
臺北市私立仁群居家長照機構,1X0100002,1,臺北市,中山區,臺北市中山區下埤里民族東路512巷12號1樓,121.5419845581,25.0675392151,B,居家服務,臺北市,松山區;中山區;大同區,02-25016299,kindhomeservice@gmail.com,劉昱森,20180622.0,20231231.0,20211230 15:54:03
臺北市私立仁群居家長照機構,1X0100002,1,臺北市,中山區,臺北市中山區下埤里民族東路512巷12號1樓,121.5419845581,25.0675392151,B,喘息服務,臺北市,松山區;中山區;大同區,02-25016299,kindhomeservice@gmail.com,劉昱森,20200219.0,20241231.0,20221229 22:43:00
安健維康物理治療所,B40100002,B4,臺北市,松山區,臺北市松山區新東里南京東路四段183號,121.5564956665,25.0518341064,B,專業照護服務(CC01),新北市,板橋區;三重區;中和區;永和區;新莊區;樹林區;鶯歌區;土城區;蘆洲區;五股區,02-27177600,ogeypt@gmail.com,黃博靖,20250101.0,20271231.0,20241224 15:11:52
好物理治療所,B40100006,B4,臺北市,文山區,臺北市文山區萬隆里萬隆街64號,121.5370025635,25.0009212494,B,專業照護服務,新北市,板橋區;三重區;中和區;永和區;新莊區;新店區;樹林區;鶯歌區;三峽區;淡水區;汐止區;瑞芳區;土城區;蘆洲區;五股區;泰山區;林口區;深坑區;石碇區;坪林區;三芝區;石門區;八里區;烏來區,,imio1688@gmail.com,林佑青,20220101.0,20241231.0,20220221 16:39:27
好物理治療所,B40100006,B4,臺北市,文山區,臺北市文山區萬隆里萬隆街64號,121.5370025635,25.0009212494,B,專業照護服務(CC01),新北市,板橋區;三重區;中和區;永和區;新莊區;新店區;樹林區;鶯歌區;三峽區;淡水區;汐止區;瑞芳區;土城區;蘆洲區;五股區;泰山區;林口區;深坑區;石碇區;坪林區;三芝區;石門區;八里區;平溪區;雙溪區;貢寮區;金山區;萬里區;烏來區,,imio1688@gmail.com,林佑青,20220101.0,20241231.0,20230802 17:19:14
好物理治療所,B40100006,B4,臺北市,文山區,臺北市文山區萬隆里萬隆街64號,121.5370025635,25.0009212494,B,專業照護服務(CC01),宜蘭縣,宜蘭市;羅東鎮;蘇澳鎮;頭城鎮;礁溪鄉;壯圍鄉;員山鄉;冬山鄉;五結鄉;三星鄉;大同鄉;南澳鄉,,imio1688@gmail.com,林佑青,20220310.0,20260331.0,20250121 09:24:20
好物理治療所,B40100006,B4,臺北市,文山區,臺北市文山區萬隆里萬隆街64號,121.5370025635,25.0009212494,B,專業照護服務(CC01),新北市,板橋區;三重區;中和區;永和區;新莊區;新店區;樹林區;鶯歌區;三峽區;淡水區;汐止區;瑞芳區;土城區;蘆洲區;五股區;泰山區;林口區;深坑區;石碇區;坪林區;三芝區;石門區;八里區;烏來區,,imio1688@gmail.com,林佑青,20250101.0,20271231.0,20241204 15:49:17
臺北市政府社會局委託社團法人台灣德安社會福利協會經營管理臺北市大安社區長照機構,2S0100009,2,臺北市,大安區,臺北市大安區德安里四維路76巷12號,121.5473480225,25.034204483,B,喘息服務,臺北市,松山區;信義區;大安區;中山區;中正區;大同區;萬華區;文山區;南港區;內湖區;士林區;北投區,02-27086255,daanolder@gmail.com,陳敏雄,20250101.0,20261231.0,20250204 15:27:57
臺北市政府社會局委託社團法人台灣德安社會福利協會經營管理臺北市大安社區長照機構,2S0100009,2,臺北市,大安區,臺北市大安區德安里四維路76巷12號,121.5473480225,25.034204483,B,小規模多機能服務,臺北市,松山區;信義區;大安區;中山區;中正區;大同區;萬華區;文山區;南港區;內湖區;士林區;北投區,02-27086255,daanolder@gmail.com,陳敏雄,20181114.0,20241231.0,20221230 15:24:19
財團法人伊甸社會福利基金會附設臺北市私立頤福社區式長期照顧服務機構,2S0100012,2,臺北市,北投區,臺北市北投區裕民六路120號3樓,121.5176315308,25.1145401001,B,日間照顧服務,臺北市,松山區;信義區;大安區;中山區;中正區;大同區;萬華區;文山區;南港區;內湖區;士林區;北投區,02-28218267#105,dep419@eden.org.tw,羅紀琼,20200101.0,20201231.0,20201201 11:52:47
財團法人伊甸社會福利基金會附設臺北市私立頤福社區式長期照顧服務機構,2S0100012,2,臺北市,北投區,臺北市北投區裕民六路120號3樓,121.5176315308,25.1145401001,B,日間照顧服務,臺北市,松山區;信義區;大安區;中山區;中正區;大同區;萬華區;文山區;南港區;內湖區;士林區;北投區,02-28218267#105,dep419@eden.org.tw,羅紀琼,20210101.0,20211231.0,20210202 12:33:01
財團法人伊甸社會福利基金會附設臺北市私立頤福社區式長期照顧服務機構,2S0100012,2,臺北市,北投區,臺北市北投區裕民六路120號3樓,121.5176315308,25.1145401001,B,日間照顧服務,臺北市,松山區;信義區;大安區;中山區;中正區;大同區;萬華區;文山區;南港區;內湖區;士林區;北投區,02-28218267#105,dep419@eden.org.tw,羅紀琼,20220101.0,20231231.0,20220503 17:13:21
臺北市私立大心居家長照機構,1X0100004,1,臺北市,萬華區,臺北市萬華區富民里康定路348號2樓之1,121.4925003052,25.0255661011,B,居家服務,新北市,中和區;永和區;新店區,02-23390179,284vup10761180131@gmail.com,趙重凱,20250101.0,20271231.0,20241219 11:48:45
臺北市政府社會局委託財團法人台灣省私立健順養護中心經營管理臺北市復華社區長照機構,2S0100008,2,臺北市,中山區,臺北市中山區遼寧街185巷11號2-3樓,121.5427627563,25.0534248352,B,日間照顧服務,臺北市,松山區;信義區;大安區;中山區;中正區;大同區;萬華區;文山區;南港區;內湖區;士林區;北投區,02-27171393,fuhua1060810@gmail.com,廖慧媛,20210101.0,20211231.0,20210201 20:31:31
臺北市政府社會局委託社團法人台灣德安社會福利協會經營管理臺北市大安社區長照機構,2S0100009,2,臺北市,大安區,臺北市大安區德安里四維路76巷12號,121.5473480225,25.034204483,B,小規模多機能服務,臺北市,松山區;信義區;大安區;中山區;中正區;大同區;萬華區;文山區;南港區;內湖區;士林區;北投區,02-27086255,daanolder@gmail.com,陳敏雄,20240101.0,20261231.0,20240102 15:02:02
臺北市私立千千之家社區式服務類長期照顧服務機構(家庭托顧),2X0100004,2,臺北市,北投區,臺北市北投區永欣里同德街27巷16號,121.5291824341,25.1249637604,B,家庭托顧服務,臺北市,松山區;信義區;大安區;中山區;中正區;大同區;萬華區;文山區;南港區;內湖區;士林區;北投區,02-28722140,naro@ms66.url.com.tw,彭麗蓉,20240101.0,20261231.0,20240206 11:00:26
三軍總醫院松山分院附設民眾診療服務處附設居家護理所,B10100009,B1,臺北市,松山區,臺北市松山區龍田里健康路131號,121.5576705933,25.0543727875,B,專業照護服務,臺北市,松山區,02-27617086,avid.nemuca@msa.hinet.net,張郁敏,20180101.0,20241231.0,20221229 22:56:48
財團法人臺灣省私立臺北仁濟院附設仁濟醫院附設居家護理所,B10100020,B1,臺北市,萬華區,臺北市萬華區青山里廣州街243號,121.4980392456,25.0368881226,B,專業照護服務,臺北市,萬華區,23021133,homecare@tjci.org.tw,陳麗蘋,20250101.0,20261231.0,20241025 10:41:36
財團法人私立台北醫學大學附設醫院附設居家護理所,B20100001,B2,臺北市,信義區,臺北市信義區莊敬路330號5樓,121.5631103516,25.0270404816,B,營養餐飲服務,臺北市,信義區,02-27372181#3938,tmchchn@h.tmu.edu.tw,陳麗絹,20180101.0,20241231.0,20221230 20:13:26
財團法人私立台北醫學大學附設醫院附設居家護理所,B20100001,B2,臺北市,信義區,臺北市信義區莊敬路330號5樓,121.5631103516,25.0270404816,B,營養餐飲服務,臺北市,信義區,02-27372181#3938,tmchchn@h.tmu.edu.tw,陳麗絹,20180101.0,20241231.0,20221230 20:13:26
財團法人私立台北醫學大學附設醫院附設居家護理所,B20100001,B2,臺北市,信義區,臺北市信義區莊敬路330號5樓,121.5631103516,25.0270404816,B,專業照護服務,臺北市,松山區;信義區;大安區;中山區;中正區;大同區;萬華區;文山區;南港區;內湖區;士林區;北投區,02-27372181#3938,tmchchn@h.tmu.edu.tw,陳麗絹,20180101.0,20241231.0,20221230 20:13:26
適健復健科診所,B20100004,B2,臺北市,大安區,臺北市大安區建倫里忠孝東路四段166號,121.550567627,25.0411453247,B,居家失能個案家庭醫師照護服務,臺北市,松山區;信義區;大安區;中正區;萬華區;南港區,02-87717039,scrc.service@gmail.com,陳昭蓉,20190906.0,20221231.0,20210113 00:41:12
臺北醫學大學附設醫院,B20100021,B2,臺北市,信義區,臺北市信義區吳興街252號,121.5631103516,25.0270404816,B,營養餐飲服務,臺北市,信義區,02-27372181#3938,tmchchn@h.tmu.edu.tw,施俊明,20180101.0,20241231.0,20221230 20:13:26
安健維康物理治療所,B40100002,B4,臺北市,松山區,臺北市松山區新東里南京東路四段183號,121.5564956665,25.0518341064,B,專業照護服務,新北市,板橋區;三重區;中和區;永和區;新莊區;樹林區;鶯歌區;土城區;蘆洲區;五股區,02-27177600,ogeypt@gmail.com,黃博靖,20220101.0,20241231.0,20220224 16:34:47
安健維康物理治療所,B40100002,B4,臺北市,松山區,臺北市松山區新東里南京東路四段183號,121.5564956665,25.0518341064,B,專業照護服務,臺北市,松山區;信義區;大安區;中山區;中正區;大同區;萬華區;文山區;南港區;內湖區;士林區;北投區,02-27177600,ogeypt@gmail.com,黃博靖,20250101.0,20261231.0,20241101 10:18:55
財團法人伊甸社會福利基金會附設臺北市私立頤福社區式長期照顧服務機構,2S0100012,2,臺北市,北投區,臺北市北投區裕民六路120號3樓,121.5176315308,25.1145401001,B,日間照顧服務,臺北市,松山區;信義區;大安區;中山區;中正區;大同區;萬華區;文山區;南港區;內湖區;士林區;北投區,02-28218267#105,dep419@eden.org.tw,羅紀琼,20240101.0,20261231.0,20240102 11:19:28
臺北市私立大千之家社區式服務類長期照顧機構(家庭托顧),2X0100005,2,臺北市,北投區,臺北市北投區中庸里雙全街48巷5號,121.5006713867,25.1380157471,B,家庭托顧服務,新北市,10;15;5;淡水區,0929314190,naro@ms66.url.com.tw,李元傑,20250101.0,20271231.0,20241226 14:49:53
財團法人獎卿護理展望基金會大台北居家護理所,B10100007,B1,臺北市,大安區,臺北市大安區龍坡里和平東路一段216號,121.5318603516,25.0260295868,B,專業照護服務,臺北市,大安區,02-23646040#17,ccfhcn@yahoo.com.tw,王金蓮,20180101.0,20241231.0,20221230 15:21:42
財團法人獎卿護理展望基金會大台北居家護理所,B10100007,B1,臺北市,大安區,臺北市大安區龍坡里和平東路一段216號,121.5318603516,25.0260295868,B,居家失能個案家庭醫師照護服務,臺北市,大安區;中正區,02-23646040#17,ccfhcn@yahoo.com.tw,王金蓮,20230927.0,20241231.0,20230928 19:20:04
財團法人私立台北醫學大學附設醫院附設居家護理所,B20100001,B2,臺北市,信義區,臺北市信義區莊敬路330號5樓,121.5631103516,25.0270404816,B,專業照護服務,臺北市,信義區;大安區;文山區;南港區,02-27372181#3938,tmchchn@h.tmu.edu.tw,陳麗絹,20250101.0,20261231.0,20241101 18:06:04
臺北醫學大學附設醫院,B20100021,B2,臺北市,信義區,臺北市信義區吳興街252號,121.5631103516,25.0270404816,A,個案管理服務,臺北市,信義區,02-27372181#3938,tmchchn@h.tmu.edu.tw,施俊明,20230101.0,20241231.0,20230208 09:12:09
安健維康物理治療所,B40100002,B4,臺北市,松山區,臺北市松山區新東里南京東路四段183號,121.5564956665,25.0518341064,B,專業照護服務,臺北市,松山區;信義區;大安區;中山區;中正區;大同區;萬華區;文山區;南港區;內湖區;士林區;北投區,02-27177600,ogeypt@gmail.com,黃博靖,20180101.0,20241231.0,20221229 22:35:02
安健維康物理治療所,B40100002,B4,臺北市,松山區,臺北市松山區新東里南京東路四段183號,121.5564956665,25.0518341064,B,專業照護服務,新北市,板橋區;三重區;中和區;永和區;新莊區;樹林區;鶯歌區;土城區;蘆洲區;五股區,02-27177600,ogeypt@gmail.com,黃博靖,20250101.0,20271231.0,20241224 15:11:24
脊立安居家物理治療所,B40100004,B4,臺北市,信義區,臺北市信義區永吉路491巷46號,121.5793533325,25.0455780029,B,專業照護服務,新北市,板橋區;三重區;中和區;永和區;新莊區;新店區;樹林區;淡水區;瑞芳區;土城區;蘆洲區;五股區;泰山區;林口區;三芝區;石門區;八里區;貢寮區;金山區;萬里區,0988-279500,w86521@gmail.com,蔡世元,20220101.0,20241231.0,20220406 08:56:07
好物理治療所,B40100006,B4,臺北市,文山區,臺北市文山區萬隆里萬隆街64號,121.5370025635,25.0009212494,B,專業照護服務,宜蘭縣,宜蘭市;羅東鎮;蘇澳鎮;頭城鎮;礁溪鄉;壯圍鄉;員山鄉;冬山鄉;五結鄉;三星鄉,,imio1688@gmail.com,林佑青,20220310.0,20260331.0,20250121 09:23:19
好物理治療所,B40100006,B4,臺北市,文山區,臺北市文山區萬隆里萬隆街64號,121.5370025635,25.0009212494,B,專業照護服務,臺北市,松山區;信義區;大安區;中山區;中正區;大同區;萬華區;文山區;南港區;內湖區;士林區;北投區,,imio1688@gmail.com,林佑青,20180329.0,20241231.0,20221229 22:44:45
財團法人天主教聖母聖心會,BD0100004,BD,臺北市,中正區,臺北市中正區中山北路一段2號,121.519493103,25.0460567474,B,喘息服務,臺北市,中正區,02-23028934,marie_la_frat@yahoo.com,王秀枝,20180101.0,20191231.0,20190417 00:00:00
愛迪樂居家職能治療所,B50100011,B5,臺北市,南港區,臺北市南港區福德街373巷5號15樓,121.5912399292,25.0403423309,B,專業照護服務,臺北市,松山區;信義區;大安區;中山區;中正區;大同區;萬華區;文山區;南港區;內湖區;士林區;北投區,,adlers0615@gmail.com,鍾孟修,20180301.0,20241231.0,20221230 18:51:22
愛迪樂居家職能治療所,B50100011,B5,臺北市,南港區,臺北市南港區福德街373巷5號15樓,121.5912399292,25.0403423309,B,專業照護服務,新北市,板橋區;三重區;中和區;永和區;新莊區;新店區;樹林區;鶯歌區;三峽區;淡水區;汐止區;瑞芳區;土城區;蘆洲區;五股區;泰山區;林口區;深坑區;石碇區;坪林區;三芝區;石門區;八里區;平溪區;雙溪區;貢寮區;金山區;萬里區;烏來區,,adlers0615@gmail.com,鍾孟修,20220101.0,20241231.0,20220321 15:33:34
愛迪樂居家職能治療所,B50100011,B5,臺北市,南港區,臺北市南港區福德街373巷5號15樓,121.5912399292,25.0403423309,B,專業照護服務(CC01),新北市,板橋區;三重區;中和區;永和區;新莊區;新店區;樹林區;鶯歌區;三峽區;淡水區;汐止區;瑞芳區;土城區;蘆洲區;五股區;泰山區;林口區;深坑區;石碇區;坪林區;三芝區;石門區;八里區;平溪區;雙溪區;貢寮區;金山區;萬里區;烏來區,,adlers0615@gmail.com,鍾孟修,20220101.0,20241231.0,20230802 17:19:14
愛迪樂居家職能治療所,B50100011,B5,臺北市,南港區,臺北市南港區福德街373巷5號15樓,121.5912399292,25.0403423309,B,專業照護服務(CC01),桃園市,桃園區;中壢區;大溪區;楊梅區;蘆竹區;大園區;龜山區;八德區;龍潭區;平鎮區;新屋區;觀音區,,adlers0615@gmail.com,鍾孟修,20240102.0,20251231.0,20240306 15:26:11
好物理治療所,B40100006,B4,臺北市,文山區,臺北市文山區萬隆里萬隆街64號,121.5370025635,25.0009212494,B,專業照護服務,臺北市,松山區;信義區;大安區;中山區;中正區;大同區;萬華區;文山區;南港區;內湖區;士林區;北投區,,imio1688@gmail.com,林佑青,20250101.0,20261231.0,20241018 16:21:53
適悅物理治療所,B40100007,B4,臺北市,中山區,臺北市中山區龍江路114巷1號,121.5401916504,25.0531959534,B,專業照護服務,臺北市,松山區;信義區;大安區;中山區;中正區;大同區;萬華區;文山區;士林區,,j3677296@gmail.com,丁俊文,20250101.0,20261231.0,20241105 18:39:20
社團法人中華民國士林靈糧堂社會福利協會,BE0100001,BE,臺北市,士林區,臺北市士林區延平北路五段83巷28弄11號1樓,121.509185791,25.0815906525,A,個案管理服務,臺北市,北投區,02-28110515,homeservice@slsc.org.tw,劉群茂,20230727.0,20241231.0,20230208 09:02:02
社團法人中華民國士林靈糧堂社會福利協會,BE0100001,BE,臺北市,士林區,臺北市士林區延平北路五段83巷28弄11號1樓,121.509185791,25.0815906525,A,個案管理服務,臺北市,內湖區,02-28110515,homeservice@slsc.org.tw,劉群茂,20250101.0,20261231.0,20241231 18:17:00
聊聊心理治療所,B70100002,B7,臺北市,松山區,臺北市松山區復源里八德路三段106巷67號,121.55443573,25.0447463989,B,專業照護服務,臺北市,松山區;信義區;大安區;中山區;中正區;大同區;萬華區;文山區;南港區;內湖區;士林區;北投區,02-25798519,psy.julia@gmail.com,張銘倫,20250101.0,20261231.0,20240913 17:28:52
承德居家護理所,B10100032,B1,臺北市,大同區,臺北市大同區承德路一段17號7樓之9,121.5170516968,25.0502490997,B,居家失能個案家庭醫師照護服務,新北市,板橋區;新店區,02-25557985,ctc690729@gmail.com,周聰杰,20250101.0,20271231.0,20241213 09:30:56
好物理治療所,B40100006,B4,臺北市,文山區,臺北市文山區萬隆里萬隆街64號,121.5370025635,25.0009212494,B,專業照護服務,新北市,板橋區;三重區;中和區;永和區;新莊區;新店區;樹林區;鶯歌區;三峽區;淡水區;汐止區;瑞芳區;土城區;蘆洲區;五股區;泰山區;林口區;深坑區;石碇區;坪林區;三芝區;石門區;八里區;烏來區,,imio1688@gmail.com,林佑青,20250101.0,20271231.0,20241204 15:49:01
惠璿諮詢中心,B60100001,B6,臺北市,信義區,臺北市信義區智誠忠孝東路五段372巷29弄15號,121.5743865967,25.0392112732,B,專業照護服務,臺北市,松山區;信義區;大安區;中山區;中正區;大同區;萬華區;文山區;南港區;內湖區;士林區;北投區,02-23457740,dietitian.shan@gmail.com,陳惠櫻,20180321.0,20180321.0,20190417 00:00:00
愛迪樂居家職能治療所,B50100011,B5,臺北市,南港區,臺北市南港區福德街373巷5號15樓,121.5912399292,25.0403423309,B,專業照護服務(CC01),桃園市,桃園區;中壢區;大溪區;楊梅區;蘆竹區;大園區;龜山區;八德區;龍潭區;平鎮區;新屋區;觀音區;復興區,,adlers0615@gmail.com,鍾孟修,20230303.0,20241231.0,20230802 17:19:14
愛迪樂居家職能治療所,B50100011,B5,臺北市,南港區,臺北市南港區福德街373巷5號15樓,121.5912399292,25.0403423309,B,專業照護服務,新北市,板橋區;三重區;中和區;永和區;新莊區;新店區;樹林區;鶯歌區;三峽區;淡水區;汐止區;瑞芳區;土城區;蘆洲區;五股區;泰山區;林口區;深坑區;石碇區;坪林區;三芝區;石門區;八里區;平溪區;雙溪區;貢寮區;金山區;萬里區;烏來區,,adlers0615@gmail.com,鍾孟修,20250101.0,20271231.0,20241225 11:00:31
安安物理治療所,B40100013,B4,臺北市,士林區,臺北市士林區重慶北路四段136號1樓,121.5124816895,25.0833892822,B,專業照護服務(CC01),新北市,板橋區;三重區;中和區;永和區;新莊區;新店區;樹林區;鶯歌區;三峽區;淡水區;汐止區;瑞芳區;土城區;蘆洲區;五股區;泰山區;林口區;深坑區;石碇區;坪林區;三芝區;石門區;八里區;平溪區;雙溪區;貢寮區;金山區;萬里區;烏來區,02-29161003,annysknt@gmail.com,簡淑霞,20220101.0,20241231.0,20230802 17:19:14
安安物理治療所,B40100013,B4,臺北市,士林區,臺北市士林區重慶北路四段136號1樓,121.5124816895,25.0833892822,B,專業照護服務(CC01),桃園市,桃園區;中壢區;大溪區;楊梅區;蘆竹區;大園區;龜山區;八德區;龍潭區;平鎮區;新屋區;觀音區;復興區,02-29161003,annysknt@gmail.com,簡淑霞,20230213.0,20241231.0,20230802 17:19:14
安安物理治療所,B40100013,B4,臺北市,士林區,臺北市士林區重慶北路四段136號1樓,121.5124816895,25.0833892822,B,專業照護服務,臺北市,松山區;信義區;大安區;中山區;中正區;大同區;萬華區;文山區;南港區;內湖區;士林區;北投區,02-29161003,annysknt@gmail.com,簡淑霞,20180401.0,20241231.0,20221230 20:30:16
財團法人私立台北仁濟院(大同區),BD0100009,BD,臺北市,萬華區,臺北市萬華區廣州街200號,121.4980926514,25.0366802216,B,營養餐飲服務,臺北市,大同區,,chieh.chi@tjci.org.tw,林明成,20200101.0,20221231.0,20210128 20:19:56
社團法人中華民國士林靈糧堂社會福利協會,BE0100001,BE,臺北市,士林區,臺北市士林區延平北路五段83巷28弄11號1樓,121.509185791,25.0815906525,A,個案管理服務,臺北市,內湖區,02-28110515,homeservice@slsc.org.tw,劉群茂,20230101.0,20241231.0,20230208 09:08:43
社團法人中華民國士林靈糧堂社會福利協會,BE0100001,BE,臺北市,士林區,臺北市士林區延平北路五段83巷28弄11號1樓,121.509185791,25.0815906525,A,個案管理服務,臺北市,士林區,02-28110515,homeservice@slsc.org.tw,劉群茂,20230101.0,20241231.0,20230208 09:02:28
社團法人中華民國士林靈糧堂社會福利協會,BE0100001,BE,臺北市,士林區,臺北市士林區延平北路五段83巷28弄11號1樓,121.509185791,25.0815906525,A,個案管理服務,臺北市,士林區,02-28110515,homeservice@slsc.org.tw,劉群茂,20250101.0,20261231.0,20241231 18:12:56
聊聊心理治療所,B70100002,B7,臺北市,松山區,臺北市松山區復源里八德路三段106巷67號,121.55443573,25.0447463989,B,專業照護服務,新北市,板橋區;三重區;中和區;永和區;新莊區;新店區;樹林區;鶯歌區;三峽區;汐止區;瑞芳區;土城區;林口區;深坑區,02-25798519,psy.julia@gmail.com,張銘倫,20220101.0,20241231.0,20231107 15:32:50
臺北市政府社會局委託財團法人台灣省私立健順養護中心經營管理臺北市復華社區長照機構,2S0100008,2,臺北市,中山區,臺北市中山區遼寧街185巷11號2-3樓,121.5427627563,25.0534248352,B,喘息服務,臺北市,中山區,02-27171393,fuhua1060810@gmail.com,廖慧媛,20181001.0,20241231.0,20221229 23:08:58
博仁綜合醫院附設居家護理所,B10100005,B1,臺北市,松山區,臺北市松山區復勢里光復北路66號,121.5576858521,25.0499095917,B,專業照護服務,臺北市,松山區,02-25782518#2300,pojenghhomecare@gmail.com,曾月盃,20250101.0,20261231.0,20241101 10:24:50
財團法人獎卿護理展望基金會大台北居家護理所,B10100007,B1,臺北市,大安區,臺北市大安區龍坡里和平東路一段216號,121.5318603516,25.0260295868,B,專業照護服務,臺北市,松山區;信義區;大安區;中山區;中正區;大同區;萬華區;文山區;南港區;內湖區;士林區;北投區,02-23646040#17,ccfhcn@yahoo.com.tw,王金蓮,20250101.0,20261231.0,20241101 10:16:27
財團法人臺灣省私立臺北仁濟院附設仁濟醫院附設居家護理所,B10100020,B1,臺北市,萬華區,臺北市萬華區青山里廣州街243號,121.4980392456,25.0368881226,B,專業照護服務,臺北市,松山區;信義區;大安區;中山區;中正區;大同區;萬華區;文山區;南港區;內湖區;士林區;北投區,23021133,homecare@tjci.org.tw,陳麗蘋,20180614.0,20241231.0,20221229 22:17:48
臺北醫學大學附設醫院,B20100021,B2,臺北市,信義區,臺北市信義區吳興街252號,121.5631103516,25.0270404816,A,個案管理服務,臺北市,信義區,02-27372181#3938,tmchchn@h.tmu.edu.tw,施俊明,20250101.0,20261231.0,20241231 18:32:50
安健維康物理治療所,B40100002,B4,臺北市,松山區,臺北市松山區新東里南京東路四段183號,121.5564956665,25.0518341064,B,專業照護服務(CC01),新北市,板橋區;三重區;中和區;永和區;新莊區;新店區;樹林區;鶯歌區;三峽區;淡水區;汐止區;瑞芳區;土城區;蘆洲區;五股區;泰山區;林口區;深坑區;石碇區;坪林區;三芝區;石門區;八里區;平溪區;雙溪區;貢寮區;金山區;萬里區;烏來區,02-27177600,ogeypt@gmail.com,黃博靖,20220101.0,20241231.0,20230802 17:19:14
脊立安居家物理治療所,B40100004,B4,臺北市,信義區,臺北市信義區永吉路491巷46號,121.5793533325,25.0455780029,B,專業照護服務(CC01),新北市,板橋區;三重區;中和區;永和區;新莊區;新店區;樹林區;鶯歌區;三峽區;淡水區;汐止區;瑞芳區;土城區;蘆洲區;五股區;泰山區;林口區;深坑區;石碇區;坪林區;三芝區;石門區;八里區;平溪區;雙溪區;貢寮區;金山區;萬里區;烏來區,0988-279500,w86521@gmail.com,蔡世元,20220101.0,20241231.0,20230802 17:19:14
適悅物理治療所,B40100007,B4,臺北市,中山區,臺北市中山區龍江路114巷1號,121.5401916504,25.0531959534,B,專業照護服務,臺北市,松山區;信義區;大安區;中山區;中正區;大同區;萬華區;文山區;南港區;內湖區;士林區;北投區,,j3677296@gmail.com,丁俊文,20180410.0,20241231.0,20221229 22:43:25
康齡安健物理治療所,B40100012,B4,臺北市,松山區,臺北市松山區復勢里八德路三段225號,121.5570526123,25.0482883453,B,專業照護服務,臺北市,松山區;信義區;大安區;中山區;中正區;大同區;萬華區;文山區;南港區;內湖區;士林區;北投區,02-25783330,comeinpt@gmail.com,陳雅玲,20250101.0,20261231.0,20241030 09:24:54
中華民國紅十字會台灣省分會(社照C),BE0100003,BE,臺北市,大安區,臺北市大安區龍坡里新生南路三段20-1號4樓,121.5344238281,25.0241832733,B,喘息服務,臺北市,大安區,02-23630098,rct03702883@gmail.com,董光世,20190101.0,20211231.0,20210407 16:00:44
中華民國紅十字會台灣省分會(社照C),BE0100003,BE,臺北市,大安區,臺北市大安區龍坡里新生南路三段20-1號4樓,121.5344238281,25.0241832733,C,巷弄長照站,臺北市,大安區,02-23630098,rct03702883@gmail.com,董光世,20190101.0,20211231.0,20210407 16:00:44
社團法人中華民國士林靈糧堂社會福利協會,BE0100001,BE,臺北市,士林區,臺北市士林區延平北路五段83巷28弄11號1樓,121.509185791,25.0815906525,A,個案管理服務,臺北市,北投區,02-28110515,homeservice@slsc.org.tw,劉群茂,20250101.0,20261231.0,20241231 18:18:37
安安物理治療所,B40100013,B4,臺北市,士林區,臺北市士林區重慶北路四段136號1樓,121.5124816895,25.0833892822,B,專業照護服務,桃園市,桃園區;中壢區;大園區;龜山區;八德區,02-29161003,annysknt@gmail.com,簡淑霞,20240102.0,20251231.0,20240104 10:29:40
暐淩居家物理治療所,B40100011,B4,臺北市,中正區,臺北市中正區重慶南路一段57號,121.5133895874,25.0446166992,B,專業照護服務,臺北市,萬華區,02-23121816,weiling.ihpt@gmail.com,蘇信昌,20250101.0,20261231.0,20241105 15:46:46
安安物理治療所,B40100013,B4,臺北市,士林區,臺北市士林區重慶北路四段136號1樓,121.5124816895,25.0833892822,B,專業照護服務,新北市,板橋區;三重區;中和區;永和區;新莊區;新店區;樹林區;鶯歌區;三峽區;淡水區;汐止區;土城區;蘆洲區;五股區;泰山區;林口區;八里區,02-29161003,annysknt@gmail.com,簡淑霞,20250101.0,20271231.0,20241219 10:48:34
安安物理治療所,B40100013,B4,臺北市,士林區,臺北市士林區重慶北路四段136號1樓,121.5124816895,25.0833892822,B,專業照護服務(CC01),新北市,板橋區;三重區;中和區;永和區;新莊區;新店區;樹林區;鶯歌區;三峽區;淡水區;汐止區;土城區;蘆洲區;五股區;泰山區;林口區;八里區,02-29161003,annysknt@gmail.com,簡淑霞,20250101.0,20271231.0,20241219 10:51:23
安安物理治療所,B40100013,B4,臺北市,士林區,臺北市士林區重慶北路四段136號1樓,121.5124816895,25.0833892822,B,專業照護服務,臺北市,松山區;信義區;大安區;中山區;中正區;大同區;萬華區;文山區;南港區;內湖區;士林區;北投區,02-29161003,annysknt@gmail.com,簡淑霞,20250101.0,20261231.0,20241030 09:56:58
安安物理治療所,B40100013,B4,臺北市,士林區,臺北市士林區重慶北路四段136號1樓,121.5124816895,25.0833892822,B,專業照護服務,新北市,板橋區;三重區;中和區;永和區;新莊區;新店區;樹林區;鶯歌區;三峽區;淡水區;汐止區;土城區;蘆洲區;五股區;泰山區;林口區;八里區,02-29161003,annysknt@gmail.com,簡淑霞,20220101.0,20241231.0,20220127 16:11:43
安安物理治療所,B40100013,B4,臺北市,士林區,臺北市士林區重慶北路四段136號1樓,121.5124816895,25.0833892822,B,專業照護服務(CC01),桃園市,桃園區;中壢區;大園區;龜山區;八德區,02-29161003,annysknt@gmail.com,簡淑霞,20240102.0,20251231.0,20240306 15:55:31
愛迪樂居家職能治療所,B50100011,B5,臺北市,南港區,臺北市南港區福德街373巷5號15樓,121.5912399292,25.0403423309,B,專業照護服務,臺北市,松山區;信義區;大安區;中山區;中正區;大同區;萬華區;文山區;南港區;內湖區;士林區;北投區,,adlers0615@gmail.com,鍾孟修,20250101.0,20261231.0,20241030 09:29:16
愛迪樂居家職能治療所,B50100011,B5,臺北市,南港區,臺北市南港區福德街373巷5號15樓,121.5912399292,25.0403423309,B,專業照護服務,桃園市,桃園區;中壢區;大溪區;楊梅區;蘆竹區;大園區;龜山區;八德區;龍潭區;平鎮區;新屋區;觀音區,,adlers0615@gmail.com,鍾孟修,20240102.0,20251231.0,20240108 16:54:54
愛迪樂居家職能治療所,B50100011,B5,臺北市,南港區,臺北市南港區福德街373巷5號15樓,121.5912399292,25.0403423309,B,專業照護服務(CC01),新北市,板橋區;三重區;中和區;永和區;新莊區;新店區;樹林區;鶯歌區;三峽區;淡水區;汐止區;瑞芳區;土城區;蘆洲區;五股區;泰山區;林口區;深坑區;石碇區;坪林區;三芝區;石門區;八里區;平溪區;雙溪區;貢寮區;金山區;萬里區;烏來區,,adlers0615@gmail.com,鍾孟修,20250101.0,20271231.0,20241225 11:01:03
承德居家護理所,B10100032,B1,臺北市,大同區,臺北市大同區承德路一段17號7樓之9,121.5170516968,25.0502490997,B,居家失能個案家庭醫師照護服務,臺北市,松山區;信義區;大安區;中山區;中正區;大同區;萬華區;文山區;南港區;內湖區;士林區;北投區,02-25557985,ctc690729@gmail.com,周聰杰,20230927.0,20241231.0,20240305 15:40:33
福倫交通股份有限公司,BB0100001,BA,臺北市,信義區,臺北市信義區松隆路337號1樓,121.5797271729,25.0485172272,B,交通接送服務(DA01),桃園市,桃園區;中壢區;大溪區;楊梅區;蘆竹區;大園區;龜山區;八德區;龍潭區;平鎮區;新屋區;觀音區;復興區,02-27635888#18,successtaxi@gmail.com,吳俊德,20190101.0,20261231.0,20250102 09:27:31
暐淩居家物理治療所,B40100011,B4,臺北市,中正區,臺北市中正區重慶南路一段57號,121.5133895874,25.0446166992,B,專業照護服務,臺北市,萬華區,02-23121816,weiling.ihpt@gmail.com,蘇信昌,20180301.0,20241231.0,20241105 15:47:49
康齡安健物理治療所,B40100012,B4,臺北市,松山區,臺北市松山區復勢里八德路三段225號,121.5570526123,25.0482883453,B,專業照護服務,臺北市,松山區;信義區;大安區;中山區;中正區;大同區;萬華區;文山區;南港區;內湖區;士林區;北投區,02-25783330,comeinpt@gmail.com,陳雅玲,20180601.0,20241231.0,20221229 22:23:11
聊聊心理治療所,B70100002,B7,臺北市,松山區,臺北市松山區復源里八德路三段106巷67號,121.55443573,25.0447463989,B,專業照護服務,臺北市,松山區;信義區;大安區;中山區;中正區;大同區;萬華區;文山區;南港區;內湖區;士林區;北投區,02-25798519,psy.julia@gmail.com,張銘倫,20180501.0,20241231.0,20221229 22:25:37
中華民國紅十字會台灣省分會(社照C),BE0100003,BE,臺北市,大安區,臺北市大安區龍坡里新生南路三段20-1號4樓,121.5344238281,25.0241832733,A,個案管理服務,新北市,中和區,02-23630098,rct03702883@gmail.com,董光世,20250101.0,20250630.0,20241231 15:16:36
承德居家護理所,B10100032,B1,臺北市,大同區,臺北市大同區承德路一段17號7樓之9,121.5170516968,25.0502490997,B,居家失能個案家庭醫師照護服務,臺北市,松山區;信義區;大安區;中山區;中正區;大同區;萬華區;文山區;南港區;內湖區;士林區;北投區,02-25557985,ctc690729@gmail.com,周聰杰,20250101.0,20261231.0,20250204 16:11:41
福倫交通股份有限公司,BB0100001,BA,臺北市,信義區,臺北市信義區松隆路337號1樓,121.5797271729,25.0485172272,B,交通接送服務(DA01),臺北市,松山區;信義區;大安區;中山區;中正區;大同區;萬華區;文山區;南港區;內湖區;士林區;北投區,02-27635888#18,successtaxi@gmail.com,吳俊德,20240101.0,20261231.0,20240327 09:55:54
福倫交通股份有限公司,BB0100001,BA,臺北市,信義區,臺北市信義區松隆路337號1樓,121.5797271729,25.0485172272,B,交通接送服務,新北市,板橋區;三重區;中和區;永和區;新莊區;新店區;樹林區;鶯歌區;三峽區;淡水區;汐止區;瑞芳區;土城區;蘆洲區;五股區;泰山區;林口區;深坑區;石碇區;坪林區;三芝區;石門區;八里區;平溪區;雙溪區;貢寮區;金山區;萬里區;烏來區,02-27635888#18,successtaxi@gmail.com,吳俊德,20250101.0,20271231.0,20241223 10:24:27
臺北市立關渡醫院-委託臺北榮民總醫院經營附設護理之家,A30100005,A3,臺北市,北投區,臺北市北投區知行路225巷12號6、12樓,121.4661254883,25.1203136444,B,喘息服務,臺北市,松山區;信義區;大安區;中山區;中正區;大同區;萬華區;文山區;南港區;內湖區;士林區;北投區,02-28587161,btkbtk@gandau.gov.tw,盧惠珠,20250101.0,20261231.0,20250204 11:53:29
臺北市立關渡醫院-委託臺北榮民總醫院經營附設護理之家,A30100005,A3,臺北市,北投區,臺北市北投區知行路225巷12號6、12樓,121.4661254883,25.1203136444,B,喘息服務,臺北市,北投區,02-28587161,btkbtk@gandau.gov.tw,盧惠珠,20180131.0,20241231.0,20240402 12:52:55
臺北市私立永安老人養護所,A10100130,A1,臺北市,大同區,臺北市大同區老師里008鄰重慶北路3段284號2~4樓、286號1~4樓,121.5135879517,25.0731468201,B,喘息服務,臺北市,大同區,25980197,taipeiyungan@gmail.com,莊增瀧,20201006.0,20241231.0,20221229 21:00:42
佳顧股份有限公司附設臺北市私立佳顧居家長照機構,1V0100007,1,臺北市,中山區,臺北市中山區集英里中山北路2段102號11樓,121.5227127075,25.0600719452,B,喘息服務,臺北市,松山區;大安區;中山區;內湖區;士林區,02-2511-2595,drmake888@gmail.com,孫蓁如,20250101.0,20261231.0,20241120 10:47:43
臺北市私立全寶老人長期照顧中心(養護型),A10100153,A1,臺北市,北投區,臺北市北投區永欣里013石牌路二段315巷2號-2之一號1樓,121.5231552124,25.1221313477,B,喘息服務,臺北市,北投區,02-28710792,cb28710792@yahoo.com,古倩,20190730.0,20241231.0,20241104 10:09:52
臺北市私立崇順老人養護所,A10100104,A1,臺北市,北投區,臺北市北投區關渡里013鄰知行路52巷1號、54號1、2號,121.4674682617,25.1181602478,B,喘息服務,臺北市,松山區;信義區;大安區;中山區;中正區;大同區;萬華區;文山區;南港區;內湖區;士林區;北投區,02-28581979,chongshun28581979@yahoo.com.tw,鍾秋月,20200518.0,20241231.0,20221230 20:00:54
財團法人台灣基督教道生院附設臺北市私立道生院老人長期照顧中心(養護型),A10100112,A1,臺北市,北投區,臺北市北投區秀山里002鄰中和街錫安巷112號1.2樓及地下1樓,121.5004806519,25.1477241516,B,喘息服務,臺北市,松山區;信義區;大安區;中山區;中正區;大同區;萬華區;文山區;南港區;內湖區;士林區;北投區,02-28936161,t28936161@yahoo.com.tw,翁瑞亨,20180101.0,20241231.0,20221229 23:07:20
臺北市私立仁泰老人長期照顧中心(養護型),A10100067,A1,臺北市,中正區,臺北市中正區三愛里001鄰連雲街3號1、3樓、3之4號及三愛里001鄰新生南路1段124之3號5樓,121.5323104858,25.03764534,B,喘息服務,臺北市,松山區;信義區;大安區;中山區;中正區;大同區;萬華區;文山區;南港區;內湖區;士林區;北投區,02-33931662,biggardenbiggarden@yahoo.com.tw,林郁翔,20250101.0,20261231.0,20250204 13:57:15
臺北市私立大園老人長期照顧中心(養護型),A10100072,A1,臺北市,中正區,臺北市中正區三愛里001鄰新生南路1段124之3號1~4樓,121.5325317383,25.0375099182,B,喘息服務,臺北市,松山區;信義區;大安區;中山區;中正區;大同區;萬華區;文山區;南港區;內湖區;士林區;北投區,02-33931662,biggardenbiggarden@yahoo.com.tw,黃慶玉,20250101.0,20261231.0,20250204 13:56:15
臺北市私立天玉老人長期照顧中心(長期照護型),A10100127,A1,臺北市,士林區,臺北市士林區天玉里天玉街38巷18弄18號1-6樓,121.5303421021,25.1200714111,B,喘息服務,臺北市,松山區;信義區;大安區;中山區;中正區;大同區;萬華區;文山區;南港區;內湖區;士林區;北投區,28720239 ,tianyu3818@gmail.com,林海珠,20250101.0,20261231.0,20241231 12:26:54
臺北市私立天玉老人長期照顧中心(長期照護型),A10100127,A1,臺北市,士林區,臺北市士林區天玉里天玉街38巷18弄18號1-6樓,121.5303421021,25.1200714111,B,喘息服務,臺北市,松山區;信義區;大安區;中山區;中正區;大同區;萬華區;文山區;南港區;內湖區;士林區;北投區,28720239 ,tianyu3818@gmail.com,林海珠,20190621.0,20241231.0,20221230 15:08:31
臺北市私立大園老人長期照顧中心(養護型),A10100072,A1,臺北市,中正區,臺北市中正區三愛里001鄰新生南路1段124之3號1~4樓,121.5325317383,25.0375099182,B,喘息服務,臺北市,松山區;信義區;大安區;中山區;中正區;大同區;萬華區;文山區;南港區;內湖區;士林區;北投區,02-33931662,biggardenbiggarden@yahoo.com.tw,黃慶玉,20221024.0,20241231.0,20221229 22:06:11
臺北市私立賢暉老人長期照顧中心(養護型),A10100094,A1,臺北市,北投區,臺北市北投區永欣里016鄰石牌路2段315巷34弄14、16號1樓,121.5231781006,25.1232376099,B,喘息服務,臺北市,松山區;信義區;大安區;中山區;中正區;大同區;萬華區;文山區;南港區;內湖區;士林區;北投區,02-28710770,sabinaangel1214@gmail.com,蔡玉真,20191227.0,20221231.0,20210112 23:27:02
臺北市私立榮祥老人長期照顧中心(養護型),A10100101,A1,臺北市,北投區,臺北市北投區文林里文林里019鄰文林北路166巷5弄2號1~2樓、4號1樓,121.5162582397,25.1071548462,B,喘息服務,臺北市,松山區;信義區;大安區;中山區;中正區;大同區;萬華區;文山區;南港區;內湖區;士林區;北投區,0228213709,rgnhing166@gmail.com,陳孟君,20180801.0,20241231.0,20221230 20:37:46
臺北市私立榮祥老人長期照顧中心(養護型),A10100101,A1,臺北市,北投區,臺北市北投區文林里文林里019鄰文林北路166巷5弄2號1~2樓、4號1樓,121.5162582397,25.1071548462,B,喘息服務,臺北市,松山區;信義區;大安區;中山區;中正區;大同區;萬華區;文山區;南港區;內湖區;士林區;北投區,0228213709,rgnhing166@gmail.com,陳孟君,20250101.0,20261231.0,20250206 10:04:00
臺北市私立崇順老人養護所,A10100104,A1,臺北市,北投區,臺北市北投區關渡里013鄰知行路52巷1號、54號1、2號,121.4674682617,25.1181602478,B,喘息服務,臺北市,松山區;信義區;大安區;中山區;中正區;大同區;萬華區;文山區;南港區;內湖區;士林區;北投區,02-28581979,chongshun28581979@yahoo.com.tw,鍾秋月,20250101.0,20261231.0,20250204 14:54:55
財團法人台灣基督教道生院附設臺北市私立道生院老人長期照顧中心(養護型),A10100112,A1,臺北市,北投區,臺北市北投區秀山里002鄰中和街錫安巷112號1.2樓及地下1樓,121.5004806519,25.1477241516,B,喘息服務,臺北市,松山區;信義區;大安區;中山區;中正區;大同區;萬華區;文山區;南港區;內湖區;士林區;北投區,02-28936161,t28936161@yahoo.com.tw,翁瑞亨,20250101.0,20261231.0,20250206 10:18:43
臺北市私立上上老人養護所,A10100143,A1,臺北市,大安區,臺北市大安區仁慈里009鄰復興南路1段279巷14、16號1樓,121.5446472168,25.0355033875,B,喘息服務,臺北市,大安區,27032223,shangshang58@yahoo.com.tw,李惠珍,20190820.0,20241231.0,20221230 14:55:53
臺北市私立上上老人養護所,A10100143,A1,臺北市,大安區,臺北市大安區仁慈里009鄰復興南路1段279巷14、16號1樓,121.5446472168,25.0355033875,B,喘息服務,臺北市,松山區;信義區;大安區;中山區;中正區;大同區;萬華區;文山區;南港區;內湖區;士林區;北投區,27032223,shangshang58@yahoo.com.tw,李惠珍,20250101.0,20261231.0,20250204 11:53:45
臺北市私立永安老人養護所,A10100130,A1,臺北市,大同區,臺北市大同區老師里008鄰重慶北路3段284號2~4樓、286號1~4樓,121.5135879517,25.0731468201,B,喘息服務,臺北市,松山區;信義區;大安區;中山區;中正區;大同區;萬華區;文山區;南港區;內湖區;士林區;北投區,25980197,taipeiyungan@gmail.com,莊增瀧,20250101.0,20261231.0,20250204 14:58:49
臺北市私立全寶老人長期照顧中心(養護型),A10100153,A1,臺北市,北投區,臺北市北投區永欣里013石牌路二段315巷2號-2之一號1樓,121.5231552124,25.1221313477,B,喘息服務,臺北市,松山區;信義區;大安區;中山區;中正區;大同區;萬華區;文山區;南港區;內湖區;士林區;北投區,02-28710792,cb28710792@yahoo.com,古倩,20250101.0,20261231.0,20241104 18:25:49
佳顧股份有限公司附設臺北市私立佳顧居家長照機構,1V0100007,1,臺北市,中山區,臺北市中山區集英里中山北路2段102號11樓,121.5227127075,25.0600719452,B,居家服務,臺北市,松山區;大安區;中山區;內湖區;士林區,02-2511-2595,drmake888@gmail.com,孫蓁如,20190710.0,20231231.0,20211230 15:59:51
佳顧股份有限公司附設臺北市私立佳顧居家長照機構,1V0100007,1,臺北市,中山區,臺北市中山區集英里中山北路2段102號11樓,121.5227127075,25.0600719452,B,喘息服務,臺北市,松山區;大安區;中山區;內湖區;士林區,02-2511-2595,drmake888@gmail.com,孫蓁如,20190917.0,20241231.0,20221229 23:13:53
佳顧股份有限公司附設臺北市私立佳顧居家長照機構,1V0100007,1,臺北市,中山區,臺北市中山區集英里中山北路2段102號11樓,121.5227127075,25.0600719452,B,居家服務,臺北市,松山區;大安區;中山區;內湖區;士林區,02-2511-2595,drmake888@gmail.com,孫蓁如,20240101.0,20261231.0,20231229 10:06:03
臺北市私立仁泰老人長期照顧中心(養護型),A10100067,A1,臺北市,中正區,臺北市中正區三愛里001鄰連雲街3號1、3樓、3之4號及三愛里001鄰新生南路1段124之3號5樓,121.5323104858,25.03764534,B,喘息服務,臺北市,松山區;信義區;大安區;中山區;中正區;大同區;萬華區;文山區;南港區;內湖區;士林區;北投區,02-33931662,biggardenbiggarden@yahoo.com.tw,林郁翔,20221017.0,20241231.0,20221229 22:06:46
臺北市私立全寶老人長期照顧中心(養護型),A10100153,A1,臺北市,北投區,臺北市北投區永欣里013石牌路二段315巷2號-2之一號1樓,121.5231552124,25.1221313477,B,喘息服務,新北市,板橋區;三重區;中和區;永和區;新莊區;新店區;樹林區;鶯歌區;三峽區;淡水區;汐止區;瑞芳區;土城區;蘆洲區;五股區;泰山區;林口區;深坑區;石碇區;坪林區;三芝區;石門區;八里區;平溪區;雙溪區;貢寮區;金山區;萬里區;烏來區,02-28710792,cb28710792@yahoo.com,古倩,20250101.0,20271231.0,20250110 15:25:43
臺北市私立福成老人長期照顧中心(養護型),A10100057,A1,臺北市,中山區,臺北市中山區松江路374、380、382號4樓,121.532951355,25.0634117126,B,喘息服務,臺北市,松山區;信義區;大安區;中山區;中正區;大同區;萬華區;文山區;南港區;內湖區;士林區;北投區,02-25982507,fc25982507@gmail.com,蕭憲宗,20190917.0,20241231.0,20221230 18:21:29
同仁院醫療財團法人附設居家護理所,B10100036,B1,臺北市,萬華區,臺北市萬華區中華路2段606巷6號6樓,121.5098190308,25.0239982605,B,專業照護服務,臺北市,中正區;萬華區,,,黃懿維,20180301.0,20241231.0,20241018 16:38:43
臺北市私立全家老人長期照顧中心(養護型),A10100096,A1,臺北市,北投區,臺北市北投區永和里007鄰行義路96巷1號1~2樓,121.5288543701,25.1266803741,B,喘息服務,臺北市,松山區;信義區;大安區;中山區;中正區;大同區;萬華區;文山區;南港區;內湖區;士林區;北投區,02-28761692,cj61245@yahoo.com.tw,陳非,20250101.0,20261231.0,20241104 10:08:58
臺北市私立義行老人長期照顧中心(養護型),A10100099,A1,臺北市,北投區,臺北市北投區永和里001鄰石牌路2段357巷1號4~6樓,121.5248641968,25.1236610413,B,喘息服務,臺北市,松山區;信義區;大安區;中山區;中正區;大同區;萬華區;文山區;南港區;內湖區;士林區;北投區,0228722221,201andy@gmail.com,林萬知,20250101.0,20261231.0,20250204 14:44:43
臺北市私立同德老人長期照顧中心(養護型),A10100114,A1,臺北市,北投區,臺北市北投區榮華里榮華里004鄰明德路306巷1-7樓,121.5223007202,25.1152362823,B,喘息服務,臺北市,松山區;信義區;大安區;中山區;中正區;大同區;萬華區;文山區;南港區;內湖區;士林區;北投區,0228281328,a31831661@gmail.com,李佩芡,20190725.0,20241231.0,20230202 16:40:44
臺北市私立義行老人長期照顧中心(養護型),A10100099,A1,臺北市,北投區,臺北市北投區永和里001鄰石牌路2段357巷1號4~6樓,121.5248641968,25.1236610413,B,喘息服務,臺北市,松山區;信義區;大安區;中山區;中正區;大同區;萬華區;文山區;南港區;內湖區;士林區;北投區,0228722221,201andy@gmail.com,林萬知,20200609.0,20241231.0,20230202 16:41:51
臺北市私立同德老人長期照顧中心(養護型),A10100114,A1,臺北市,北投區,臺北市北投區榮華里榮華里004鄰明德路306巷1-7樓,121.5223007202,25.1152362823,B,喘息服務,臺北市,松山區;信義區;大安區;中山區;中正區;大同區;萬華區;文山區;南港區;內湖區;士林區;北投區,0228281328,a31831661@gmail.com,李佩芡,20250101.0,20261231.0,20250205 10:29:32
臺北市私立全家老人長期照顧中心(養護型),A10100096,A1,臺北市,北投區,臺北市北投區永和里007鄰行義路96巷1號1~2樓,121.5288543701,25.1266803741,B,喘息服務,新北市,板橋區;三重區;中和區;永和區;新莊區;新店區;樹林區;鶯歌區;三峽區;淡水區;汐止區;瑞芳區;土城區;蘆洲區;五股區;泰山區;林口區;深坑區;石碇區;坪林區;三芝區;石門區;八里區;平溪區;雙溪區;貢寮區;金山區;萬里區;烏來區,02-28761692,cj61245@yahoo.com.tw,陳非,20250101.0,20271231.0,20250110 15:27:36
臺北市私立行義老人長期照顧中心(養護型),A10100109,A1,臺北市,北投區,臺北市北投區永和里001鄰石牌路2段357巷1號1~3樓,121.5248641968,25.1236610413,B,喘息服務,臺北市,松山區;信義區;大安區;中山區;中正區;大同區;萬華區;文山區;南港區;內湖區;士林區;北投區,02-28729599,sy9599@gmail.com,林萬知,20200609.0,20241231.0,20221230 20:35:57
臺北市私立行義老人長期照顧中心(養護型),A10100109,A1,臺北市,北投區,臺北市北投區永和里001鄰石牌路2段357巷1號1~3樓,121.5248641968,25.1236610413,B,喘息服務,臺北市,松山區;信義區;大安區;中山區;中正區;大同區;萬華區;文山區;南港區;內湖區;士林區;北投區,02-28729599,sy9599@gmail.com,林萬知,20250101.0,20261231.0,20250204 14:47:28
臺北市私立福成老人長期照顧中心(養護型),A10100057,A1,臺北市,中山區,臺北市中山區松江路374、380、382號4樓,121.532951355,25.0634117126,B,喘息服務,臺北市,松山區;信義區;大安區;中山區;中正區;大同區;萬華區;文山區;南港區;內湖區;士林區;北投區,02-25982507,fc25982507@gmail.com,蕭憲宗,20250101.0,20261231.0,20250204 11:57:09
臺北市私立慧光老人養護所,A10100128,A1,臺北市,大同區,臺北市大同區星明里寧夏路32 號5樓,121.5151443481,25.0559539795,B,喘息服務,臺北市,松山區;信義區;大安區;中山區;中正區;大同區;萬華區;文山區;南港區;內湖區;士林區;北投區,25582275,Good.wu0731@msa.hinet.net,康玉燕,20180529.0,20241231.0,20221229 22:21:24
臺北市私立慧光老人養護所,A10100128,A1,臺北市,大同區,臺北市大同區星明里寧夏路32 號5樓,121.5151443481,25.0559539795,B,喘息服務,臺北市,松山區;信義區;大安區;中山區;中正區;大同區;萬華區;文山區;南港區;內湖區;士林區;北投區,25582275,Good.wu0731@msa.hinet.net,康玉燕,20250101.0,20261231.0,20250204 12:04:21
臺北市私立健全老人長期照顧中心(養護型),A10100140,A1,臺北市,大安區,臺北市大安區錦華里001鄰金山南路二段152號2-6樓,121.5261383057,25.0287647247,B,喘息服務,臺北市,松山區;信義區;大安區;中山區;中正區;大同區;萬華區;文山區;南港區;內湖區;士林區;北投區,23943265,janquan106@gmail.com,游祥祺,20250101.0,20261231.0,20250205 10:28:49
臺北市私立全泰老人長期照顧中心(養護型),A10100152,A1,臺北市,北投區,臺北市北投區永和里007鄰行義路105號,121.5284347534,25.1277351379,B,喘息服務,臺北市,松山區;信義區;大安區;中山區;中正區;大同區;萬華區;文山區;南港區;內湖區;士林區;北投區,02-28747739,ct28747739@gmail.com,陳莉茵,20250101.0,20261231.0,20250204 14:33:01
臺北市私立健全老人長期照顧中心(養護型),A10100140,A1,臺北市,大安區,臺北市大安區錦華里001鄰金山南路二段152號2-6樓,121.5261383057,25.0287647247,B,喘息服務,臺北市,松山區;信義區;大安區;中山區;中正區;大同區;萬華區;文山區;南港區;內湖區;士林區;北投區,23943265,janquan106@gmail.com,游祥祺,20190829.0,20241231.0,20221230 15:25:01
臺北市私立全家老人長期照顧中心(養護型),A10100096,A1,臺北市,北投區,臺北市北投區永和里007鄰行義路96巷1號1~2樓,121.5288543701,25.1266803741,B,喘息服務,臺北市,北投區,02-28761692,cj61245@yahoo.com.tw,陳非,20190821.0,20241231.0,20241104 10:07:51
臺北市私立全泰老人長期照顧中心(養護型),A10100152,A1,臺北市,北投區,臺北市北投區永和里007鄰行義路105號,121.5284347534,25.1277351379,B,喘息服務,臺北市,北投區,02-28747739,ct28747739@gmail.com,陳莉茵,20190821.0,20241231.0,20221230 19:59:37
臺北市私立全泰老人長期照顧中心(養護型),A10100152,A1,臺北市,北投區,臺北市北投區永和里007鄰行義路105號,121.5284347534,25.1277351379,B,喘息服務,新北市,板橋區;三重區;中和區;永和區;新莊區;新店區;樹林區;鶯歌區;三峽區;淡水區;汐止區;瑞芳區;土城區;蘆洲區;五股區;泰山區;林口區;深坑區;石碇區;坪林區;三芝區;石門區;八里區;平溪區;雙溪區;貢寮區;金山區;萬里區;烏來區,02-28747739,ct28747739@gmail.com,陳莉茵,20250101.0,20271231.0,20250110 15:29:02
臺北市私立福喜老人長期照顧中心(養護型),A10100058,A1,臺北市,中山區,臺北市中山區松江路374、380、382號7樓,121.532951355,25.0631427765,B,喘息服務,臺北市,松山區;信義區;大安區;中山區;中正區;大同區;萬華區;文山區;南港區;內湖區;士林區;北投區,02-25919087,xi25917151@gmail.com,柯乾元,20191030.0,20241231.0,20221230 18:21:08
臺北市私立福喜老人長期照顧中心(養護型),A10100058,A1,臺北市,中山區,臺北市中山區松江路374、380、382號7樓,121.532951355,25.0631427765,B,喘息服務,臺北市,松山區;信義區;大安區;中山區;中正區;大同區;萬華區;文山區;南港區;內湖區;士林區;北投區,02-25919087,xi25917151@gmail.com,柯乾元,20250101.0,20261231.0,20250204 11:55:56
臺北市私立仁群老人長期照顧中心(養護型),A10100055,A1,臺北市,中山區,臺北市中山區民族東路512巷14號1-2樓、16號2樓,121.5419006348,25.0673789978,B,喘息服務,臺北市,中山區,02-25013369,rcl73627418@gmail.com,劉昱森,20180131.0,20241231.0,20221229 22:18:26
臺北市私立仁群老人長期照顧中心(養護型),A10100055,A1,臺北市,中山區,臺北市中山區民族東路512巷14號1-2樓、16號2樓,121.5419006348,25.0673789978,B,喘息服務,臺北市,松山區;中山區;大同區,02-25013369,rcl73627418@gmail.com,劉昱森,20250101.0,20261231.0,20250204 14:50:37
台北市大同區圓環社區發展協會,BF0100016,BF,臺北市,大同區,臺北市大同區建功里重慶北路1段83巷37號,121.5141448975,25.0526695251,C,巷弄長照站,臺北市,大同區,02-25564651,cherry480812@yahoo.com.tw,邱麗秋,20190101.0,20211231.0,20210407 14:19:09
財團法人台灣基督教恩惠福音會,BD0100037,BD,臺北市,內湖區,臺北市內湖區港墘里內湖路1段608號,121.5785827637,25.0785942078,C,巷弄長照站,臺北市,內湖區,02-27971000,cke25@hotmail.com,蔡錫安,20190101.0,20241231.0,20221230 20:07:47
臺北市內湖區紫雲社區發展協會,BF0100035,BF,臺北市,內湖區,臺北市內湖區紫雲里康寧路一段190號,121.5949859619,25.0786571503,C,巷弄長照站,臺北市,內湖區,2791-3337,gbzihyun@gmail.com,夏亦芳,20190101.0,20211231.0,20210408 18:06:01
社團法人台北市文山區明興社區發展協會,BF0100041,BF,臺北市,文山區,臺北市文山區明興里木柵路二段109巷25弄6號,121.5628509521,24.9901447296,C,巷弄長照站,臺北市,文山區,2234-0391,jmian430@gmail.com,鄢健民,20190101.0,20241231.0,20230113 09:50:50
臺北市文山區德芳社區發展協會,BF0100043,BF,臺北市,文山區,臺北市文山區興邦里興隆路二段153巷6弄5號1樓,121.5480804443,25.0012187958,C,巷弄長照站,臺北市,文山區,952572176,hsucc29355706@gmail.com,陳啟志,20190101.0,20211231.0,20210409 16:15:40
臺北市樂齡發展協會(松基分會),BF0100053,BF,臺北市,松山區,臺北市松山區松基里民生東路三段130巷5弄20號,121.5470581055,25.0568695068,C,巷弄長照站,臺北市,松山區,02-25083440,kgy3071688@yah00.com.tw,孫合興,20190101.0,20211231.0,20210408 16:21:52
社團法人台北市信義區雙和社區發展協會,BF0100056,BF,臺北市,信義區,臺北市信義區雙和里吳興街284巷24弄12號,121.563079834,25.0243625641,C,巷弄長照站,臺北市,信義區,02-2738-1447,shsc1688@yahoo.com.tw,葉清意,20190101.0,20211231.0,20210412 14:42:16
財團法人臺北市華夏婦女文教基金會,BD0100020,BD,臺北市,士林區,臺北市士林區岩山里至誠路1段62巷28號,121.536277771,25.101644516,C,巷弄長照站,臺北市,士林區,02-28318025,nwltp2733@yahoo.com.tw,蘇龍華,20190101.0,20211231.0,20210407 11:50:14
台灣健康社區自主發展協會,BF0100008,BF,臺北市,士林區,臺北市士林區三玉里德行東路203巷2號1樓,121.5321426392,25.1092453003,C,巷弄長照站,臺北市,士林區,02-28369493或0919-206-511,yunn7@hotmail.com,黃兆麟,20190101.0,20241231.0,20221229 23:03:34
財團法人基督教台灣神召會,BD0100025,BD,臺北市,大安區,臺北市大安區昌隆里忠孝東路3段217巷5弄8號,121.5392684937,25.0434436798,C,巷弄長照站,臺北市,大安區,02-27527186,taga197010@gmail.com,陳盛煊,20190101.0,20211231.0,20210407 15:25:50
財團法人台北市中國基督教靈糧世界佈道會台北靈糧堂(古亭靈糧福音中心),BD0100034,BD,臺北市,中正區,臺北市中正區永功里三元街198號1樓,121.5119018555,25.0276737213,C,巷弄長照站,臺北市,中正區,02-23396540,vinclynn@hotmail.com,曾國生,20190101.0,20211231.0,20210408 16:45:30
臺北市信義區雙春社區發展協會,BF0100057,BF,臺北市,信義區,臺北市信義區長春里松山路294號2樓,121.5775756836,25.0430698395,C,巷弄長照站,臺北市,信義區,02-27695123,klcg612@gmail.com,黃秀玉,20190101.0,20211231.0,20210412 14:32:56
社團法人台灣厝邊有愛關懷協會(永吉教會),BE0100039,BE,臺北市,信義區,臺北市信義區廣居里虎林街155、157、159號,121.5767974854,25.0394554138,C,巷弄長照站,臺北市,信義區,02-23635546,lo1119@ms53.hinet.net,鄭忠仁,20190101.0,20211231.0,20210412 14:35:05
社團法人中華基督教加倍愛全人關懷協會,BE0100043,BE,臺北市,南港區,臺北市南港區中南里忠孝東路七段625巷16號,121.6155166626,25.0536804199,C,巷弄長照站,臺北市,南港區,905818922,doublemile8820@gmail.com,張吳映佳,20190101.0,20211231.0,20210412 14:44:50
臺北市後山埤文化發展協會,BF0100061,BF,臺北市,南港區,臺北市南港區聯成里東新街91號,121.5891113281,25.046710968,B,喘息服務,臺北市,松山區;信義區;大安區;中山區;中正區;大同區;萬華區;文山區;南港區;內湖區;士林區;北投區,0938327576,lee.tracy0404@gmail.com,劉嬑玹,20250101.0,20261231.0,20241030 09:41:59
臺北市南港區仁福里辦公處,BG0100005,BG,臺北市,南港區,臺北市南港區仁福里福德街443號1樓,121.5906295776,25.0400028229,C,巷弄長照站,臺北市,南港區,919619949,wu430420@yahoo.com.tw,吳肇輝,20190101.0,20211231.0,20210412 14:46:18
臺北市萬華區日祥里辦公處,BG0100007,BG,臺北市,萬華區,臺北市萬華區日祥里萬大路423巷54號1樓,121.5005264282,25.0212249756,C,巷弄長照站,臺北市,萬華區,933719446,juliesun2009@gmail.com,鍾駿,20190101.0,20211231.0,20210412 14:56:39
社團法人台北市文山區明興社區發展協會,BF0100041,BF,臺北市,文山區,臺北市文山區明興里木柵路二段109巷25弄6號,121.5628509521,24.9901447296,B,喘息服務,臺北市,松山區;信義區;大安區;中山區;中正區;大同區;萬華區;文山區;南港區;內湖區;士林區;北投區,2234-0391,jmian430@gmail.com,鄢健民,20250101.0,20261231.0,20241105 19:39:19
臺北市北投區立群社區發展協會,BF0100049,BF,臺北市,北投區,臺北市北投區立賢里尊賢街251巷18號1樓 (里民活動場所),121.5056915283,25.1176929474,C,巷弄長照站,臺北市,北投區,02-28225613,jenfu5565@yahoo.com.tw,許瑛珍,20190101.0,20211231.0,20210412 10:30:01
臺北市大安區住安社區發展協會,BF0100022,BF,臺北市,大安區,臺北市大安區住安里信義路4段30巷27弄24號,121.5457077026,25.0321559906,C,巷弄長照站,臺北市,大安區,27550387,ou.ou4650@msa.hinet.net,歐秀珠,20190101.0,20211231.0,20210407 15:26:11
財團法人中華基督教廈門街浸信會,BD0100032,BD,臺北市,中正區,臺北市中正區螢圃里15鄰廈門街81巷20號,121.5192871094,25.0242958069,C,巷弄長照站,臺北市,中正區,2368-7582#211,tammylee99@gmail.com,柯德仁,20190101.0,20211231.0,20210408 17:33:33
臺北市文山區忠順社區發展協會,BF0100040,BF,臺北市,文山區,臺北市文山區忠順里興隆路4段145巷30號,121.5629730225,24.9851036072,C,巷弄長照站,臺北市,文山區,2939-9569,chung.s30@msa.hinet.net,曾寧旖,20190101.0,20241231.0,20221230 18:51:38
臺北市文山區忠順社區發展協會,BF0100040,BF,臺北市,文山區,臺北市文山區忠順里興隆路4段145巷30號,121.5629730225,24.9851036072,B,喘息服務,臺北市,松山區;信義區;大安區;中山區;中正區;大同區;萬華區;文山區;南港區;內湖區;士林區;北投區,2939-9569,chung.s30@msa.hinet.net,曾寧旖,20250101.0,20261231.0,20241030 09:21:20
社團法人台北市文山區明興社區發展協會,BF0100041,BF,臺北市,文山區,臺北市文山區明興里木柵路二段109巷25弄6號,121.5628509521,24.9901447296,B,喘息服務,臺北市,松山區;信義區;大安區;中山區;中正區;大同區;萬華區;文山區;南港區;內湖區;士林區;北投區,2234-0391,jmian430@gmail.com,鄢健民,20190101.0,20241231.0,20241105 19:38:48
社團法人中華健康美好生活協會(建民),BE0100028,BE,臺北市,北投區,臺北市北投區建民里文林北路80巷38弄2號,121.5188598633,25.1056995392,C,巷弄長照站,臺北市,北投區,0910302055,linchia7288@gmail.com,林佳蓉,20190101.0,20211231.0,20210412 10:48:54
社團法人台灣厝邊有愛關懷協會(中坡教會),BE0100040,BE,臺北市,信義區,臺北市信義區中坡里大道路127-1號,121.5835952759,25.0391674042,C,巷弄長照站,臺北市,信義區,02-23635546,lo1119@ms53.hinet.net,鄭忠仁,20190101.0,20211231.0,20210412 14:21:56
社團法人臺北市艾馨公益慈善會,BE0100047,BE,臺北市,萬華區,臺北市萬華區福音里康定路229號6樓,121.5013580322,25.0353660583,C,巷弄長照站,臺北市,萬華區,02-2336-6516,allen920g@yahoo.com.tw,陳嘉銘,20190101.0,20211231.0,20210412 15:12:00
台灣健康社區自主發展協會,BF0100008,BF,臺北市,士林區,臺北市士林區三玉里德行東路203巷2號1樓,121.5321426392,25.1092453003,B,喘息服務,臺北市,松山區;信義區;大安區;中山區;中正區;大同區;萬華區;文山區;南港區;內湖區;士林區;北投區,02-28369493或0919-206-511,yunn7@hotmail.com,黃兆麟,20250101.0,20261231.0,20241104 16:49:55
財團法人台北市天母基督教會,BD0100013,BD,臺北市,士林區,臺北市士林區天母里天玉街63.65號,121.5274658203,25.1197090149,C,巷弄長照站,臺北市,士林區,02-28714742,yiinjih50@yahoo.com.tw,李俊年,20190101.0,20211231.0,20210407 11:39:05
財團法人政慧發展社會福利慈善事業基金會,BD0100026,BD,臺北市,中山區,臺北市中山區朱園里南京東路二段160號7樓,121.5344543457,25.0517292023,C,巷弄長照站,臺北市,中山區,25172068,chenghui3017@gmail.com,曾瓊慧,20190101.0,20211231.0,20210408 16:21:25
臺北市中正區新林興社區發展協會,BF0100030,BF,臺北市,中正區,臺北市中正區林興里汀州路三段27巷16號,121.5273284912,25.0196895599,C,巷弄長照站,臺北市,中正區,933213180,wy5411u70@yahoo.com.tw,吳四海,20190101.0,20211231.0,20210408 16:50:31
財團法人台灣基督教恩惠福音會,BD0100037,BD,臺北市,內湖區,臺北市內湖區港墘里內湖路1段608號,121.5785827637,25.0785942078,B,喘息服務,臺北市,松山區;信義區;大安區;中山區;中正區;大同區;萬華區;文山區;南港區;內湖區;士林區;北投區,02-27971000,cke25@hotmail.com,蔡錫安,20190101.0,20241231.0,20241105 19:19:05
財團法人台灣基督教恩惠福音會,BD0100037,BD,臺北市,內湖區,臺北市內湖區港墘里內湖路1段608號,121.5785827637,25.0785942078,B,喘息服務,臺北市,松山區;信義區;大安區;中山區;中正區;大同區;萬華區;文山區;南港區;內湖區;士林區;北投區,02-27971000,cke25@hotmail.com,蔡錫安,20250101.0,20261231.0,20241105 19:19:51
臺北市後山埤文化發展協會,BF0100061,BF,臺北市,南港區,臺北市南港區聯成里東新街91號,121.5891113281,25.046710968,C,巷弄長照站,臺北市,南港區,0938327576,lee.tracy0404@gmail.com,劉嬑玹,20190101.0,20241231.0,20230113 15:48:59
新富里辦公處,BG0100006,BG,臺北市,南港區,臺北市南港區新富里富康街25號,121.6173782349,25.0536518097,C,巷弄長照站,臺北市,南港區,02-27828495,ng_343@mail.taipei.gov.tw,許睦燦,20190101.0,20211231.0,20210412 14:51:02
社團法人台灣厝邊有愛關懷協會錫安教會,BE0100045,BE,臺北市,南港區,臺北市南港區玉成里玉成街20號,121.5816497803,25.0503253937,C,巷弄長照站,臺北市,南港區,02-23635546,lo1119@ms53.hinet.net,鄭忠仁,20190101.0,20211231.0,20210412 14:49:02
臺北市南港區鴻福社區發展協會,BF0100060,BF,臺北市,南港區,臺北市南港區鴻福里成福路82號,121.5865097046,25.0438690186,C,巷弄長照站,臺北市,南港區,02-27834848,mk4436@yahoo.com.tw,劉明康,20190101.0,20211231.0,20210412 14:51:46
財團法人以琳基督徒中心,BD0100051,BD,臺北市,南港區,臺北市南港區合成里中坡北路92號2樓,121.5804824829,25.0479354858,C,巷弄長照站,臺北市,南港區,02-26511002#14,elimcetr@seed.net.tw,郭春花,20190101.0,20211231.0,20210412 14:49:17
臺北市士林區幸福名山社區發展協會,BF0100006,BF,臺北市,士林區,臺北市士林區名山里雨聲街68號,121.5287475586,25.1036891937,C,巷弄長照站,臺北市,士林區,2836-6501,suling0800@gmail.com,薛群秀,20190101.0,20211231.0,20210407 11:45:09
臺北市士林區忠義社區發展協會,BF0100007,BF,臺北市,士林區,臺北市士林區忠誠里德行東路104巷9弄8號,121.5290374756,25.1067466736,C,巷弄長照站,臺北市,士林區,28310943,bn_930@mail.taipei.gov.tw,曾坤來,20190101.0,20211231.0,20210407 11:50:38
財團法人新北市基督教新希望教會(百齡長青),BD0100014,BD,臺北市,士林區,臺北市士林區前港里承德路4段190號4樓,121.5222854614,25.0872001648,B,喘息服務,臺北市,松山區;信義區;大安區;中山區;中正區;大同區;萬華區;文山區;南港區;內湖區;士林區;北投區,982985298,rebecca401010@gmail.com,林淑萍,20250101.0,20261231.0,20241025 11:01:50
財團法人天主教遣使會-聖文生之友社區關懷據點,BD0100017,BD,臺北市,士林區,臺北市士林區天山里中山北路7段134號,121.5322494507,25.1227893829,C,巷弄長照站,臺北市,士林區,02-29286060#10657,ssd@cthyh.org.tw,費克強,20190101.0,20211231.0,20210406 09:46:35
社團法人中華視障安養福利協會,BE0100009,BE,臺北市,大同區,臺北市大同區隆和里伊寧街37號,121.5122299194,25.0647373199,C,巷弄長照站,臺北市,大同區,02-2595-2872,eyelight08@gmail.com,張復源,20190101.0,20211231.0,20210407 14:48:08
臺北市大安區新民炤社區發展協會,BF0100023,BF,臺北市,大安區,臺北市大安區民炤里建國南路1段286巷35號1樓,121.535774231,25.0361843109,B,喘息服務,臺北市,大安區,961351658,lan7239@yahoo.com.tw,陳濬廷,20250101.0,20261231.0,20241025 11:45:44
財團法人新北市基督教新希望教會(中山五常),BD0100030,BD,臺北市,中山區,臺北市中山區下埤里龍江路377巷20號1樓,121.5421142578,25.0645675659,C,巷弄長照站,臺北市,中山區,982985298,rebecca401010@gmail.com,林淑萍,20190101.0,20241231.0,20221229 22:27:45
財團法人新北市基督教新希望教會(中山五常),BD0100030,BD,臺北市,中山區,臺北市中山區下埤里龍江路377巷20號1樓,121.5421142578,25.0645675659,B,喘息服務,臺北市,松山區;信義區;大安區;中山區;中正區;大同區;萬華區;文山區;南港區;內湖區;士林區;北投區,982985298,rebecca401010@gmail.com,林淑萍,20250101.0,20261231.0,20241025 11:44:23
財團法人新北市基督教新希望教會(中山五常),BD0100030,BD,臺北市,中山區,臺北市中山區下埤里龍江路377巷20號1樓,121.5421142578,25.0645675659,B,喘息服務,臺北市,松山區;信義區;大安區;中山區;中正區;大同區;萬華區;文山區;南港區;內湖區;士林區;北投區,982985298,rebecca401010@gmail.com,林淑萍,20190101.0,20241231.0,20241025 11:44:58
臺北市文山區順興社區發展協會,BF0100044,BF,臺北市,文山區,臺北市文山區順興里興隆路4段165巷12號1、2樓,121.5626144409,24.9840621948,B,喘息服務,臺北市,松山區;信義區;大安區;中山區;中正區;大同區;萬華區;文山區;南港區;內湖區;士林區;北投區,2939-5932,penny235689@hotmail.com,單連城,20250101.0,20261231.0,20241205 15:25:43
松山慈惠堂,BF0100084,BF,臺北市,信義區,臺北市信義區中行里中行里中行里福德街251巷33號,121.5875091553,25.0365447998,C,巷弄長照站,臺北市,信義區,27261735 分機601,isc3838@gmail.com,郭葉子,20190101.0,20211231.0,20210412 14:18:10
泰安醫院,B20100027,B2,臺北市,中山區,臺北市中山區新生里民權東路2段92巷2-1號,121.5315551758,25.0614681244,B,專業照護服務,臺北市,中山區,02-25671855,gracefuber@gmail.com,應堃煇,20180401.0,20201231.0,20190807 11:42:47
臺北市文山區順興社區發展協會,BF0100044,BF,臺北市,文山區,臺北市文山區順興里興隆路4段165巷12號1、2樓,121.5626144409,24.9840621948,B,喘息服務,臺北市,文山區,2939-5932,penny235689@hotmail.com,單連城,20230101.0,20241231.0,20230206 10:43:30
財團法人臺北市松年長春社會福利基金會,BD0100045,BD,臺北市,松山區,臺北市松山區慈祐里饒河街105號,121.5739746094,25.0505619049,C,巷弄長照站,臺北市,松山區,02-25851434,pine003@twdc.org.tw,王淑惠,20190101.0,20211231.0,20210412 14:05:04
臺北市南港區中研新村社區發展協會,BF0100066,BF,臺北市,南港區,臺北市南港區中研里研究院路2段70巷47弄4號1樓,121.6130065918,25.0457992554,C,巷弄長照站,臺北市,南港區,986028209,holywa168@gmail.com,林志隆,20190101.0,20211231.0,20210412 14:46:33
臺北市南港區久如社區發展協會,BF0100067,BF,臺北市,南港區,臺北市南港區九如里研究院路2段208號1樓,121.6170806885,25.0367069244,C,巷弄長照站,臺北市,南港區,2651-6600,7823828@gmail.com,陳碧玉,20190101.0,20241231.0,20221229 22:30:49
臺北市基督教新榮耀堂福音協進會,BF0100086,BF,臺北市,信義區,臺北市信義區大道里大道里忠孝東路5段782號,121.5816802979,25.0434780121,C,巷弄長照站,臺北市,信義區,02-27276003,gracer0928@gmail.com,李家忠,20190101.0,20211231.0,20210412 14:15:45
臺北市大安區古莊社區發展協會,BF0100018,BF,臺北市,大安區,臺北市大安區古莊里6鄰羅斯福路2段81巷16弄1-2號2樓,121.5245742798,25.0255413055,C,巷弄長照站,臺北市,大安區,0963-164-461,gu.zhuang@yahoo.com.tw,吳宗雄,20190101.0,20211231.0,20210407 14:54:55
財團法人福智慈善基金會(安和據點),BD0100024,BD,臺北市,大安區,臺北市大安區光信里信義路4段265巷21弄1號1樓3號1樓,121.5549850464,25.0343284607,C,巷弄長照站,臺北市,大安區,02-2701-5861,kingfisher.taiwan@mail.com,賴錫源,20190101.0,20211231.0,20210407 15:27:13
(臺北市C+)中華民國天使之家全人關懷協會,BF0100037,BF,臺北市,內湖區,臺北市內湖區湖興里成功路2段242號1樓,121.5900650024,25.0658874512,C,巷弄長照站,臺北市,內湖區,02-27909454,honest0716@gmail.com,林榮任,20190101.0,20241231.0,20221229 22:52:39
台北市文山區樟林社區發展協會,BF0100046,BF,臺北市,文山區,臺北市文山區樟文里木新路310巷4號2樓之1,121.5569839478,24.9817733765,C,巷弄長照站,臺北市,文山區,02-29369071,20140401@mail.taipei.gov.tw,邱秀玲,20190101.0,20211231.0,20210409 16:03:28
財團法人雙福社會福利慈善事業基金會信義據點,BD0100049,BD,臺北市,信義區,臺北市信義區正和里光復南路443巷9號,121.5585327148,25.0357131958,C,巷弄長照站,臺北市,信義區,2392-2993分機12,yunhsuan1030tw@gmail.com,吳英賓,20190101.0,20221231.0,20210412 17:05:26
臺北市信義區松友社區發展協會,BF0100058,BF,臺北市,信義區,臺北市信義區松友里信義路6段76巷2弄22號1樓,121.576133728,25.034412384,C,巷弄長照站,臺北市,信義區,02-23466669,songyou6669@gmail.com,張海秋,20190101.0,20211231.0,20210412 14:30:27
財團法人新北市基督教新希望教會(百齡長青),BD0100014,BD,臺北市,士林區,臺北市士林區前港里承德路4段190號4樓,121.5222854614,25.0872001648,C,巷弄長照站,臺北市,士林區,982985298,rebecca401010@gmail.com,林淑萍,20190101.0,20241231.0,20221230 11:59:53
財團法人新北市基督教新希望教會(百齡長青),BD0100014,BD,臺北市,士林區,臺北市士林區前港里承德路4段190號4樓,121.5222854614,25.0872001648,B,喘息服務,臺北市,松山區;信義區;大安區;中山區;中正區;大同區;萬華區;文山區;南港區;內湖區;士林區;北投區,982985298,rebecca401010@gmail.com,林淑萍,20190101.0,20241231.0,20241025 11:43:13
社團法人台北市歐伊寇斯OIKOS社區關懷協會,BE0100010,BE,臺北市,大同區,臺北市大同區永樂里延平北路2段60巷2號1~2樓,121.511505127,25.055393219,C,巷弄長照站,臺北市,大同區,02-23414322#603,coralpao945@gmail.com,寇張琪玫,20190101.0,20211231.0,20210407 14:15:02
臺北市大安區新民炤社區發展協會,BF0100023,BF,臺北市,大安區,臺北市大安區民炤里建國南路1段286巷35號1樓,121.535774231,25.0361843109,C,巷弄長照站,臺北市,大安區,961351658,lan7239@yahoo.com.tw,陳濬廷,20190101.0,20241231.0,20221229 23:04:37
臺北市大安區新民炤社區發展協會,BF0100023,BF,臺北市,大安區,臺北市大安區民炤里建國南路1段286巷35號1樓,121.535774231,25.0361843109,B,喘息服務,臺北市,大安區,961351658,lan7239@yahoo.com.tw,陳濬廷,20190101.0,20241231.0,20241025 11:47:02
柴寮仔社區發展協會,BF0100012,BF,臺北市,大同區,臺北市大同區民權里民權西路172號1樓,121.5149841309,25.0627689362,C,巷弄長照站,臺北市,大同區,2557-1918,yunna8383163@gmail.com,林美菊,20190101.0,20211231.0,20210407 14:14:41
社團法人台灣厝邊有愛關懷協會榮星教會,BE0100020,BE,臺北市,中山區,臺北市中山區正守里新生北路一段82號B1,121.5299453735,25.0475215912,C,巷弄長照站,臺北市,中山區,02-23635546,lo1119@ms53.hinet.net,鄭忠仁,20190101.0,20211231.0,20210408 16:17:23
臺北市中山區朱厝崙社區發展協會,BF0100029,BF,臺北市,中山區,臺北市中山區朱崙里龍江路15號3樓,121.5404968262,25.0474357605,B,喘息服務,臺北市,中山區,2781-5504,teak4747@yahoo.com.tw,高銘鴻,20250101.0,20261231.0,20241205 15:12:17
社團法人台北市銀髮族協會,BE0100041,BE,臺北市,信義區,臺北市信義區中坡里中坡南路277號1樓,121.5674743652,25.0433616638,C,巷弄長照站,臺北市,信義區,986038688,fredwa88@gmail.com,胡寶惠,20190101.0,20211231.0,20210412 14:21:31
臺北市心悅成福文化協會,BF0100064,BF,臺北市,南港區,臺北市南港區成福里成福路121巷34-1號1樓,121.5881347656,25.0425376892,C,巷弄長照站,臺北市,南港區,0937-914680,liaokahui8196@gmail.com,廖惠,20190101.0,20211231.0,20210412 14:49:32
臺北市南港區好厝邊社區發展協會,BF0100069,BF,臺北市,南港區,臺北市南港區中研里研究院路2段70巷12號2樓（中研區民活動中心）,121.6144866943,25.0454177856,C,巷弄長照站,臺北市,南港區,02-27827592,amyamy4891@gmail.com,張永霖,20190101.0,20211231.0,20210412 14:45:08
臺北市萬華區萬大社區發展協會,BF0100070,BF,臺北市,萬華區,臺北市萬華區壽德里萬大路329巷25號1樓(里民活動場所)台北市壽德里萬大路329巷27弄4號1樓(協會新增活動場所)台北市萬大路411號2樓(萬青區民活動中心),121.5010757446,25.0237579346,C,巷弄長照站,臺北市,萬華區,02-23090713,linche39@kimo.com,蔡素麗,20190101.0,20211231.0,20210412 15:03:22
臺北市私立愛家居家長照機構,1X0100008,1,臺北市,中山區,臺北市中山區新庄里新生北路3段87巷23號,121.5288925171,25.0674514771,B,喘息服務,臺北市,松山區;信義區;大安區;中山區;中正區;大同區;萬華區;文山區;南港區;內湖區;士林區;北投區,02-25966934,tzning1975@gmail.com,黃姿寧,20191021.0,20241231.0,20221229 22:54:35
臺北市私立愛家居家長照機構,1X0100008,1,臺北市,中山區,臺北市中山區新庄里新生北路3段87巷23號,121.5288925171,25.0674514771,B,居家服務,臺北市,松山區;信義區;大安區;中山區;中正區;大同區;萬華區;文山區;南港區;內湖區;士林區;北投區,02-25966934,tzning1975@gmail.com,黃姿寧,20240101.0,20261231.0,20231229 10:07:35
臺北市中山區朱厝崙社區發展協會,BF0100029,BF,臺北市,中山區,臺北市中山區朱崙里龍江路15號3樓,121.5404968262,25.0474357605,B,喘息服務,臺北市,中山區,2781-5504,teak4747@yahoo.com.tw,高銘鴻,20230510.0,20241231.0,20230510 13:47:17
財團法人臺北市松年長春社會福利基金會(中正),BD0100033,BD,臺北市,中正區,臺北市中正區南福里羅斯福路1段94、96號11樓(中央教會),121.5198974609,25.0300121307,C,巷弄長照站,臺北市,中正區,02-25000261,pine003@twdc.org.tw,王淑惠,20190101.0,20211231.0,20210408 17:01:54
臺北市內湖紳士協會,BF0100033,BF,臺北市,內湖區,臺北市內湖區港墘里內湖路1段552號,121.5771942139,25.0790634155,C,巷弄長照站,臺北市,內湖區,0918-819089,sum3919@hotmail.com,連德盛,20190101.0,20211231.0,20210408 17:51:18
(臺北市C+)中華民國天使之家全人關懷協會,BF0100037,BF,臺北市,內湖區,臺北市內湖區湖興里成功路2段242號1樓,121.5900650024,25.0658874512,B,喘息服務,臺北市,松山區;信義區;大安區;中山區;中正區;大同區;萬華區;文山區;南港區;內湖區;士林區;北投區,02-27909454,honest0716@gmail.com,林榮任,20250101.0,20261231.0,20241104 16:43:40
臺北市文山區順興社區發展協會,BF0100044,BF,臺北市,文山區,臺北市文山區順興里興隆路4段165巷12號1、2樓,121.5626144409,24.9840621948,C,巷弄長照站,臺北市,文山區,2939-5932,penny235689@hotmail.com,單連城,20190101.0,20241231.0,20221230 18:51:56
臺北市光鹽關懷發展協會,BF0100054,BF,臺北市,松山區,臺北市松山區東勢里南京東路4段107號12樓,121.5546646118,25.0518741608,C,巷弄長照站,臺北市,松山區,27123242#14,julien77@cathaylife.com.tw,魯怡君,20190101.0,20211231.0,20210412 12:01:37
臺北市南港區久如社區發展協會,BF0100067,BF,臺北市,南港區,臺北市南港區九如里研究院路2段208號1樓,121.6170806885,25.0367069244,B,喘息服務,臺北市,松山區;信義區;大安區;中山區;中正區;大同區;萬華區;文山區;南港區;內湖區;士林區;北投區,2651-6600,7823828@gmail.com,陳碧玉,20250101.0,20261231.0,20241205 15:24:19
臺北市私立愛家居家長照機構,1X0100008,1,臺北市,中山區,臺北市中山區新庄里新生北路3段87巷23號,121.5288925171,25.0674514771,B,居家服務,臺北市,松山區;信義區;大安區;中山區;中正區;大同區;萬華區;文山區;南港區;內湖區;士林區;北投區,02-25966934,tzning1975@gmail.com,黃姿寧,20190808.0,20231231.0,20211230 16:00:13
臺北市私立愛家居家長照機構,1X0100008,1,臺北市,中山區,臺北市中山區新庄里新生北路3段87巷23號,121.5288925171,25.0674514771,B,喘息服務,臺北市,松山區;信義區;大安區;中山區;中正區;大同區;萬華區;文山區;南港區;內湖區;士林區;北投區,02-25966934,tzning1975@gmail.com,黃姿寧,20250101.0,20261231.0,20241120 11:08:19
財團法人福智慈善基金會(天母據點),BD0100015,BD,臺北市,士林區,臺北市士林區蘭興里中山北路六段243號1F,121.5251617432,25.1092243195,C,巷弄長照站,臺北市,士林區,02-28382503 #12,jasmine.chang33@gmail.com,賴錫源,20190101.0,20211231.0,20210407 14:09:49
台北市大同區大有里辦公處,BG0100001,BG,臺北市,大同區,臺北市大同區大有里民樂街179號1樓,121.510597229,25.0595111847,C,巷弄長照站,臺北市,大同區,02-25577229,aliceaa8899@gmail.com,許美智,20190101.0,20211231.0,20210407 14:14:21
中華萌愛關懷協會,BF0100017,BF,臺北市,大同區,臺北市大同區蓬萊里承德路3段60號B1,121.5181045532,25.0653305054,C,巷弄長照站,臺北市,大同區,02-25931138,stephen530413@gmail.com,盧瑩僡,20190101.0,20211231.0,20210407 14:48:23
中華民國紅心字會(興隆老人社會關懷照顧據點),BF0100080,BF,臺北市,文山區,臺北市文山區明義里明義里興隆路4段105巷47號,121.5631637573,24.987991333,C,巷弄長照站,臺北市,文山區,02-29367119,ankangtw@gmail.com,劉緒倫,20190101.0,20241231.0,20221229 23:09:31
台北市劍橋有愛全人關懷協會,BF0100009,BF,臺北市,士林區,臺北市士林區百齡里福港街244巷3號1樓,121.5172119141,25.0842971802,C,巷弄長照站,臺北市,士林區,02-28820977,joan.chen1@yahoo.com.tw,呂智宏,20190101.0,20211231.0,20210407 11:48:30
臺北市長立健康樂活協會,BF0100020,BF,臺北市,大安區,臺北市大安區龍陣里瑞安街75號3樓,121.5410919189,25.0282421112,C,巷弄長照站,臺北市,大安區,27014636,yuchuyin@yahoo.com.tw,王自立,20190101.0,20211231.0,20210407 16:03:41
台北市南港區南港社區發展協會,BF0100063,BF,臺北市,南港區,臺北市南港區南港里新民街64號2樓,121.6115264893,25.0559253693,C,巷弄長照站,臺北市,南港區,928231500,20140401@mail.taipei.gov.tw,李志錦,20190101.0,20211231.0,20210412 14:50:47
台北市萬華區新忠里辦公處,BG0100008,BG,臺北市,萬華區,臺北市萬華區新忠里西藏路125巷7號1樓  (里民活動場所),121.5021514893,25.0287399292,C,巷弄長照站,臺北市,萬華區,02-23392806,aliceho@ymail.com,邱文龍,20190101.0,20211231.0,20210412 15:03:07
臺北市大安區臺北龍雲社區發展協會,BF0100025,BF,臺北市,大安區,臺北市大安區龍雲里大安路二段160巷24號及復興南路二段151巷43號,121.545501709,25.0284690857,C,巷弄長照站,臺北市,大安區,02-2754-7302,longyun027@gmail.com,黃廣明,20190101.0,20211231.0,20210408 16:07:53
臺北市樂齡發展協會(中山區朱園里),BF0100028,BF,臺北市,中山區,臺北市中山區朱園里松江路45巷43號1樓,121.5343933105,25.0480289459,C,巷弄長照站,臺北市,中山區,02-25083440,kgy3071688@yah00.com.tw,孫合興,20190101.0,20211231.0,20210412 16:11:19
財團法人基督教救世軍,BD0100040,BD,臺北市,內湖區,臺北市內湖區西湖里內湖路一段285巷63弄7號,121.567237854,25.084072113,C,巷弄長照站,臺北市,內湖區,02-27990098,chiehtsi@hotmail.com,李光秋,20190101.0,20211231.0,20210408 17:42:15
臺北市內湖區清白社區發展協會,BF0100038,BF,臺北市,內湖區,臺北市內湖區清白里星雲街168巷29號&清白區民活動中心(星雲街168巷29號),121.5970230103,25.0800323486,C,巷弄長照站,臺北市,內湖區,02-27909195,g066700@gmail.com,陳文中,20190101.0,20211231.0,20210408 17:47:06
社團法人中華民國沐光家園癌友關懷協會,BE0100026,BE,臺北市,文山區,臺北市文山區興業里興隆路二段220巷51-1號,121.5520095825,24.999666214,C,巷弄長照站,臺北市,文山區,970028002,divine201056@gmail.com,溫鴻基,20190101.0,20211231.0,20210409 17:11:56
台北市文山區景人社區發展協會,BF0100045,BF,臺北市,文山區,臺北市文山區景仁里景福街5號1樓,121.5392379761,24.9993476868,C,巷弄長照站,臺北市,文山區,02-2931-5839,rita12112003@yahoo.com.tw,李天柱,20190101.0,20211231.0,20210409 15:17:11
臺北市內湖區碧湖社區發展協會,BF0100075,BF,臺北市,內湖區,臺北市內湖區金龍里金龍里金龍路136-1號,121.590057373,25.0857639313,C,巷弄長照站,臺北市,內湖區,0935-245293,ulp6018@ms23.hinet.net,賴炎煌,20190101.0,20211231.0,20210408 17:48:30
財團法人臺北市松年長春社會福利基金會(士林),BD0100016,BD,臺北市,士林區,臺北市士林區天山里中山北路七段122號3樓,121.5321044922,25.122428894,C,巷弄長照站,臺北市,士林區,02-28723425,sandy0422@hotmail.com,王淑惠,20190101.0,20211231.0,20210407 11:25:55
台北市朝陽服飾材料街區發展協會,BF0100014,BF,臺北市,大同區,臺北市大同區朝陽里重慶北路2段46巷6號,121.5137863159,25.0552749634,C,巷弄長照站,臺北市,大同區,02-25523101,kuowei206@hotmail.com.tw,呂國維,20190101.0,20211231.0,20210407 14:47:49
社團法人台灣厝邊有愛關懷協會六張犁教會,BE0100013,BE,臺北市,大安區,臺北市大安區黎元里臥龍街215號,121.5536270142,25.0185203552,C,巷弄長照站,臺北市,大安區,23636356,lo1119@ms53.hinet.net,鄭忠仁,20190101.0,20211231.0,20210407 15:52:21
臺北市大安區群英里辦公處,BG0100002,BG,臺北市,大安區,臺北市大安區群英里四維路198巷30弄9號,121.5460968018,25.026304245,C,巷弄長照站,臺北市,大安區,2754-9339,cheng.kung2@gmail.com,石忠勝,20190101.0,20241231.0,20230202 15:26:11
臺北市大安區群英里辦公處,BG0100002,BG,臺北市,大安區,臺北市大安區群英里四維路198巷30弄9號,121.5460968018,25.026304245,B,喘息服務,臺北市,松山區;信義區;大安區;中山區;中正區;大同區;萬華區;文山區;南港區;內湖區;士林區;北投區,2754-9339,cheng.kung2@gmail.com,石忠勝,20190101.0,20241231.0,20241105 19:17:36
社團法人寧祈全人健康生命關懷協會,BE0100019,BE,臺北市,中山區,臺北市中山區中山里中山北路2段 59 巷 21 號2樓,121.5239181519,25.0560073853,C,巷弄長照站,臺北市,中山區,(02)25433535#2770,ningchiorg@gmail.com,張德謙,20190101.0,20211231.0,20210408 16:13:12
臺北市麗山社區關懷協會,BF0100034,BF,臺北市,內湖區,臺北市內湖區港都里麗山街348巷22號1-2樓及24號2樓,121.5742340088,25.0819530487,C,巷弄長照站,臺北市,內湖區,26270443#20,t98765432135@yahoo.com.tw,王清瑩,20190101.0,20211231.0,20210408 17:50:26
財團法人一粒麥子社會福利慈善事業基金會(中正國宅社區照顧關懷據點),BD0100054,BD,臺北市,萬華區,臺北市萬華區新安里萬大路237巷13弄3號,121.5055847168,25.0258407593,C,巷弄長照站,臺北市,萬華區,02-2309-0660,liz@wheat.org.tw,呂信雄,20190101.0,20241231.0,20221229 22:15:25
臺北市政府社會局委託天主教耕莘醫療財團法人永和耕莘醫院經營管理臺北市大龍老人住宅(社照C),B20100025,B2,臺北市,大同區,臺北市大同區至聖里至聖里民族西路105號4樓、4樓-1,121.5173568726,25.0687255859,B,喘息服務,臺北市,松山區;信義區;大安區;中山區;中正區;大同區;萬華區;文山區;南港區;內湖區;士林區;北投區,02-6617-8186#323,dalongea@gmail.com,趙嘉倫,20250101.0,20261231.0,20241105 19:40:36
臺北市政府社會局委託天主教耕莘醫療財團法人永和耕莘醫院經營管理臺北市大龍老人住宅(社照C),B20100025,B2,臺北市,大同區,臺北市大同區至聖里至聖里民族西路105號4樓、4樓-1,121.5173568726,25.0687255859,B,喘息服務,臺北市,松山區;信義區;大安區;中山區;中正區;大同區;萬華區;文山區;南港區;內湖區;士林區;北投區,02-6617-8186#323,dalongea@gmail.com,趙嘉倫,20190101.0,20241231.0,20241105 19:41:14
中華民國紅心字會(興隆老人社會關懷照顧據點),BF0100080,BF,臺北市,文山區,臺北市文山區明義里明義里興隆路4段105巷47號,121.5631637573,24.987991333,B,喘息服務,臺北市,松山區;信義區;大安區;中山區;中正區;大同區;萬華區;文山區;南港區;內湖區;士林區;北投區,02-29367119,ankangtw@gmail.com,劉緒倫,20250101.0,20261231.0,20241205 15:10:30
臺北市內湖社區安全與健康協進會,BF0100073,BF,臺北市,內湖區,臺北市內湖區湖興里湖興里民權東路6段45號,121.5864105225,25.0691547394,C,巷弄長照站,臺北市,內湖區,88627934447,neihusafe@gmail.com,李明珠,20190101.0,20211231.0,20210408 17:51:57
中華民國紅十字會總會,BF0100077,BF,臺北市,萬華區,臺北市萬華區糖廍里艋舺大道303號1、4樓,121.4964904785,25.0331745148,C,巷弄長照站,臺北市,萬華區,2362-8232#409,savi@redcross.org.tw,王清峰,20190101.0,20211231.0,20210412 15:11:44
臺北市政府社會局委託天主教耕莘醫療財團法人永和耕莘醫院經營管理臺北市大龍老人住宅(社照C),B20100025,B2,臺北市,大同區,臺北市大同區至聖里至聖里民族西路105號4樓、4樓-1,121.5173568726,25.0687255859,C,巷弄長照站,臺北市,大同區,02-6617-8186#323,dalongea@gmail.com,趙嘉倫,20190101.0,20241231.0,20221229 21:48:11
臺北市大安區群英里辦公處,BG0100002,BG,臺北市,大安區,臺北市大安區群英里四維路198巷30弄9號,121.5460968018,25.026304245,B,喘息服務,臺北市,松山區;信義區;大安區;中山區;中正區;大同區;萬華區;文山區;南港區;內湖區;士林區;北投區,2754-9339,cheng.kung2@gmail.com,石忠勝,20250101.0,20261231.0,20241105 19:17:14
財團法人台北市台北中華基督教會(公理堂),BD0100029,BD,臺北市,中山區,臺北市中山區康樂里中山北路2段45巷39號,121.5250244141,25.0544643402,C,巷弄長照站,臺北市,中山區,02-25118021,tccc.ppt@gmail.com,吳學輝,20190101.0,20211231.0,20210408 16:29:30
財團法人中華民國大同老人福利基金會,BD0100050,BD,臺北市,信義區,臺北市信義區興雅里基隆路一段155號3樓之8,121.5654144287,25.0421867371,C,巷弄長照站,臺北市,信義區,27670563,ew.yvonne@gmail.com,胡貽圓,20190101.0,20211231.0,20210412 14:41:49
臺北市萬華區華江社區發展協會,BF0100071,BF,臺北市,萬華區,臺北市萬華區華江里長順街臨62號,121.4907455444,25.0313491821,C,巷弄長照站,臺北市,萬華區,2308-1454,fann2319@yahoo.com.tw,洪佳君,20190101.0,20211231.0,20210412 15:01:58
財團法人台灣聖公會牧愛堂,BE0100049,BE,臺北市,士林區,臺北市士林區後港里後港里中正路511號,121.5174560547,25.0913600922,B,營養餐飲服務,臺北市,士林區,02-28816317,swmail86@gmail.com,張員榮,20190101.0,20211231.0,20210128 19:54:44
財團法人新北市基督教新希望教會(德行據點),BD0100018,BD,臺北市,士林區,臺北市士林區德行里雙溪街140號1樓,121.5243759155,25.1004219055,C,巷弄長照站,臺北市,士林區,982985298,rebecca401010@gmail.com,林淑萍,20190101.0,20221231.0,20210312 17:46:37
財團法人臺北市松年長春社會福利基金會大橋教會,BD0100021,BD,臺北市,大同區,臺北市大同區景星里迪化街2段65號,121.5095901489,25.0649261475,C,巷弄長照站,臺北市,大同區,02-25851434,pine003@twdc.org.tw,王淑惠,20190101.0,20211231.0,20210407 14:48:59
臺北市敬老協會,BF0100027,BF,臺北市,中山區,臺北市中山區中原里新生北路2段41巷7號1樓,121.5281829834,25.055431366,C,巷弄長照站,臺北市,中山區,225819955,hsuchaplon@pchome.com.tw,陳石林,20190101.0,20211231.0,20210408 16:14:54
台灣旺齡協會,BF0100031,BF,臺北市,中正區,臺北市中正區頂東里羅斯福路3段84巷13號1樓,121.5260620117,25.0213680267,C,巷弄長照站,臺北市,中正區,934064264,wonderfulgreen2016@gmail.com,張宏庠,20190101.0,20241231.0,20221229 22:23:43
社團法人台灣愛喜樂關懷協會,BE0100032,BE,臺北市,北投區,臺北市北投區裕民里明德路161號1樓,121.5206604004,25.1115169525,C,巷弄長照站,臺北市,北投區,02-28224466#22,iseeloveassociation@gmail.com,黃芬宜,20190101.0,20211231.0,20210412 11:14:56
台灣旺齡協會,BF0100031,BF,臺北市,中正區,臺北市中正區頂東里羅斯福路3段84巷13號1樓,121.5260620117,25.0213680267,B,喘息服務,臺北市,松山區;信義區;大安區;中山區;中正區;大同區;萬華區;文山區;南港區;內湖區;士林區;北投區,934064264,wonderfulgreen2016@gmail.com,張宏庠,20250101.0,20261231.0,20241030 09:31:17
財團法人基督教中國佈道會,BD0100039,BD,臺北市,內湖區,臺北市內湖區康寧里康寧路3段99巷39弄66號,121.6105422974,25.0741958618,C,巷弄長照站,臺北市,內湖區,02-26320867,wengjiaen@gmail.com,陳天鳴,20190101.0,20211231.0,20210408 17:47:23
台北市北投區林泉社區發展協會,BF0100047,BF,臺北市,北投區,臺北市北投區林泉里新民路46巷37號,121.5075836182,25.1390857697,C,巷弄長照站,臺北市,北投區,953728197,jack255136@gmail.com,張中模,20190101.0,20211231.0,20210412 10:53:45
臺北市北投區硫磺谷社區發展協會,BF0100048,BF,臺北市,北投區,臺北市北投區文化里文化三路4、5樓,121.4960098267,25.1364784241,C,巷弄長照站,臺北市,北投區,910412056,sulfulvale@gmail.com,洪正鈞,20190101.0,20211231.0,20210409 17:19:24
財團法人台灣基督傳道會復生教會,BD0100052,BD,臺北市,南港區,臺北市南港區舊莊里南深路21巷18號,121.6219482422,25.0378665924,C,巷弄長照站,臺北市,南港區,933871543,songlshu@gmail.com,張建文,20190101.0,20211231.0,20210412 14:56:11
財團法人台北市中國基督教靈糧世界佈道會台北靈糧堂,BD0100053,BD,臺北市,萬華區,臺北市萬華區仁德里桂林路27號1樓及桂林路31號1樓,121.5048599243,25.0379810333,C,巷弄長照站,臺北市,萬華區,23623022#8713,niko@llc.org.tw,曾國生,20190101.0,20211231.0,20210412 14:56:26
臺北市私立文德老人長期照顧中心(養護型),A10100080,A1,臺北市,內湖區,臺北市內湖區紫陽里011鄰陽光街70-2、70-3、72、72-1號1樓,121.586265564,25.0764408112,B,喘息服務,臺北市,松山區;信義區;大安區;中山區;中正區;大同區;萬華區;文山區;南港區;內湖區;士林區;北投區,02-26581303,wendeolderman@gmail.com,江光輝,20250101.0,20261231.0,20250204 13:52:07
臺北市私立文德老人長期照顧中心(養護型),A10100080,A1,臺北市,內湖區,臺北市內湖區紫陽里011鄰陽光街70-2、70-3、72、72-1號1樓,121.586265564,25.0764408112,B,喘息服務,臺北市,南港區,02-26581303,wendeolderman@gmail.com,江光輝,20190225.0,20241231.0,20221230 15:12:32
臺北市政府社會局委託天主教耕莘醫療財團法人永和耕莘醫院經營管理臺北市至善老人安養護中心,A10100119,A1,臺北市,士林區,臺北市士林區永福里001鄰仰德大道2段2巷50號,121.5432510376,25.1019096375,B,喘息服務,臺北市,松山區;信義區;大安區;中山區;中正區;大同區;萬華區;文山區;南港區;內湖區;士林區;北投區,28832666,zhi.shan@msa.hinet.net,趙嘉倫,20250101.0,20261231.0,20241231 12:28:23
臺北市政府社會局委託天主教耕莘醫療財團法人永和耕莘醫院經營管理臺北市至善老人安養護中心,A10100119,A1,臺北市,士林區,臺北市士林區永福里001鄰仰德大道2段2巷50號,121.5432510376,25.1019096375,B,喘息服務,臺北市,松山區;信義區;大安區;中山區;中正區;大同區;萬華區;文山區;南港區;內湖區;士林區;北投區,28832666,zhi.shan@msa.hinet.net,趙嘉倫,20191025.0,20241231.0,20221230 11:57:51
臺北市私立晉安老人長期照顧中心(養護型),A10100135,A1,臺北市,大同區,臺北市大同區至聖里032鄰重慶北路3段175、177號1~4樓,121.5134887695,25.065284729,B,喘息服務,臺北市,松山區;信義區;大安區;中山區;中正區;大同區;萬華區;文山區;南港區;內湖區;士林區;北投區,02-2598-2301,jinan.yanghu@msa.hinet.net,吳世均,20200219.0,20241231.0,20221230 19:11:38
澄歆居家護理所,B10100046,B1,臺北市,文山區,臺北市文山區台北市景文街1號11樓之7,121.5414123535,24.9935359955,B,專業照護服務,臺北市,松山區;信義區;大安區;中山區;中正區;大同區;萬華區;文山區;南港區;內湖區;士林區;北投區,02-89351193,shcnc0928@gmail.com,周玉妹,20190222.0,20201231.0,20190821 15:25:04
臺北市私立晉安老人長期照顧中心(養護型),A10100135,A1,臺北市,大同區,臺北市大同區至聖里032鄰重慶北路3段175、177號1~4樓,121.5134887695,25.065284729,B,喘息服務,臺北市,松山區;信義區;大安區;中山區;中正區;大同區;萬華區;文山區;南港區;內湖區;士林區;北投區,02-2598-2301,jinan.yanghu@msa.hinet.net,吳世均,20250101.0,20261231.0,20250205 11:11:54
百齡診所附設護理之家,A30100018,A3,臺北市,士林區,臺北市士林區葫東里重慶北路4段187號3-7樓,121.5112686157,25.0842571259,B,喘息服務,臺北市,松山區;信義區;大安區;中山區;中正區;大同區;萬華區;文山區;南港區;內湖區;士林區;北投區,02 28113113,nursinghome2009@hotmail.com,陳雅玲,20250101.0,20261231.0,20250204 10:26:40
百齡診所附設護理之家,A30100018,A3,臺北市,士林區,臺北市士林區葫東里重慶北路4段187號3-7樓,121.5112686157,25.0842571259,B,喘息服務,臺北市,松山區;信義區;大安區;中山區;中正區;大同區;萬華區;文山區;南港區;內湖區;士林區;北投區,02 28113113,nursinghome2009@hotmail.com,陳雅玲,20180312.0,20241231.0,20221230 15:23:22
C+ 社團法人台北市向日葵慈善協會,BE0100057,BE,臺北市,松山區,臺北市松山區東勢里南京東路4段133巷7弄9號1樓,121.5554275513,25.0525875092,B,喘息服務,臺北市,松山區;信義區;大安區;中山區;中正區;大同區;萬華區;文山區;南港區;內湖區;士林區;北投區,8770-6501 #17,respite.sf@gmail.com,陳四輝,20250101.0,20261231.0,20241030 09:40:19
愛護家健康事業股份有限公司附設臺北市私立愛護家居家長照機構,1V0100008,1,臺北市,中山區,臺北市中山區晴光里中山北路3段31號7樓之1,121.5225296021,25.0657024384,A,個案管理服務,臺北市,中正區,02-2599-5665,vera@inursingplus.com,張淑貞,20250101.0,20261231.0,20241231 18:03:40
同仁院醫療財團法人附設居家護理所,B10100048,B1,臺北市,萬華區,臺北市萬華區騰雲里中華路2段606巷6號,121.5098190308,25.0239982605,B,專業照護服務,臺北市,中正區;萬華區,02-23059292*603,wanhwahc88@yahoo.com.tw,黃懿維,20180301.0,20241231.0,20241018 16:38:43
泰安醫院,B20100027,B2,臺北市,中山區,臺北市中山區新生里民權東路2段92巷2-1號,121.5315551758,25.0614681244,B,喘息服務,臺北市,中山區,02-25671855,gracefuber@gmail.com,應堃煇,20180301.0,20201231.0,20190808 11:20:50
愛護家健康事業股份有限公司附設臺北市私立愛護家居家長照機構,1V0100008,1,臺北市,中山區,臺北市中山區晴光里中山北路3段31號7樓之1,121.5225296021,25.0657024384,B,專業照護服務,新北市,板橋區;三重區;中和區;永和區;淡水區;蘆洲區,02-2599-5665,vera@inursingplus.com,張淑貞,20220509.0,20241231.0,20220510 15:59:26
愛護家健康事業股份有限公司附設臺北市私立愛護家居家長照機構,1V0100008,1,臺北市,中山區,臺北市中山區晴光里中山北路3段31號7樓之1,121.5225296021,25.0657024384,B,喘息服務,新北市,板橋區;三重區;淡水區;蘆洲區,02-2599-5665,vera@inursingplus.com,張淑貞,20250101.0,20271231.0,20241224 11:30:16
愛護家健康事業股份有限公司附設臺北市私立愛護家居家長照機構,1V0100008,1,臺北市,中山區,臺北市中山區晴光里中山北路3段31號7樓之1,121.5225296021,25.0657024384,A,個案管理服務,臺北市,中正區,02-2599-5665,vera@inursingplus.com,張淑貞,20240501.0,20241231.0,20240430 11:46:48
愛護家健康事業股份有限公司附設臺北市私立愛護家居家長照機構,1V0100008,1,臺北市,中山區,臺北市中山區晴光里中山北路3段31號7樓之1,121.5225296021,25.0657024384,B,居家服務,臺北市,松山區;信義區;大安區;中山區;中正區;大同區;萬華區;文山區;南港區;內湖區;士林區;北投區,02-2599-5665,vera@inursingplus.com,張淑貞,20240101.0,20261231.0,20231229 10:08:59
同仁院醫療財團法人附設居家護理所,B10100048,B1,臺北市,萬華區,臺北市萬華區騰雲里中華路2段606巷6號,121.5098190308,25.0239982605,B,專業照護服務,臺北市,中正區;萬華區,02-23059292*603,wanhwahc88@yahoo.com.tw,黃懿維,20250101.0,20261231.0,20241018 16:39:53
同仁醫療財團法人萬華醫院,B20100026,B2,臺北市,萬華區,臺北市萬華區騰雲里中華路2段606巷6號,121.5098190308,25.0239982605,B,專業照護服務,臺北市,松山區;信義區;大安區;中山區;中正區;大同區;萬華區;文山區;南港區;內湖區;士林區;北投區,02-23059292*603,ffhikaru@gmail.com,蕭竹生,20180301.0,20211231.0,20201203 09:23:44
臺北市私立暖心居家長照機構,1X0100010,1,臺北市,萬華區,臺北市萬華區壽德里萬大路323號7樓702室,121.5004806519,25.0245800018,B,居家服務,臺北市,松山區;信義區;大安區;中山區;中正區;大同區;萬華區;文山區;南港區;內湖區;士林區;北投區,02-77515315 ,alto902242@gmail.com,方琇慧,20190702.0,20211231.0,20201203 16:17:47
臺北市私立暖心居家長照機構,1X0100010,1,臺北市,萬華區,臺北市萬華區壽德里萬大路323號7樓702室,121.5004806519,25.0245800018,B,居家服務,臺北市,中正區;大同區;萬華區;士林區,02-77515315 ,alto902242@gmail.com,方琇慧,20240101.0,20261231.0,20231229 18:44:14
臺北市私立暖心居家長照機構,1X0100010,1,臺北市,萬華區,臺北市萬華區壽德里萬大路323號7樓702室,121.5004806519,25.0245800018,B,喘息服務,臺北市,中正區;大同區;萬華區;士林區,02-77515315 ,alto902242@gmail.com,方琇慧,20250101.0,20261231.0,20241120 10:53:18
C+ 社團法人台北市向日葵慈善協會,BE0100057,BE,臺北市,松山區,臺北市松山區東勢里南京東路4段133巷7弄9號1樓,121.5554275513,25.0525875092,B,喘息服務,臺北市,松山區;大同區;萬華區,8770-6501 #17,respite.sf@gmail.com,陳四輝,20180131.0,20241231.0,20230206 10:44:13
愛護家健康事業股份有限公司附設臺北市私立愛護家居家長照機構,1V0100008,1,臺北市,中山區,臺北市中山區晴光里中山北路3段31號7樓之1,121.5225296021,25.0657024384,B,專業照護服務,臺北市,松山區;信義區;大安區;中山區;中正區;大同區;萬華區;文山區;南港區;內湖區;士林區;北投區,02-2599-5665,vera@inursingplus.com,張淑貞,20190717.0,20241231.0,20221229 22:49:51
愛護家健康事業股份有限公司附設臺北市私立愛護家居家長照機構,1V0100008,1,臺北市,中山區,臺北市中山區晴光里中山北路3段31號7樓之1,121.5225296021,25.0657024384,B,專業照護服務,新北市,板橋區;三重區;中和區;永和區;淡水區;蘆洲區,02-2599-5665,vera@inursingplus.com,張淑貞,20250101.0,20271231.0,20241224 11:30:44
財團法人中華民國佛教慈濟慈善事業基金會,BE0100052,BE,臺北市,信義區,臺北市信義區永吉里永吉里松隆路327號,121.5787506104,25.0484046936,C,巷弄長照站,臺北市,信義區,937903855,sayyes103@gmail.com,釋證嚴,20190101.0,20211231.0,20210412 14:27:47
國泰醫療財團法人國泰綜合醫院附設居家護理所,B10100052,B1,臺北市,大安區,臺北市大安區敦煌里仁愛路4段280號第一分館(B2F),121.5548171997,25.0364532471,B,專業照護服務,臺北市,松山區;信義區;大安區;中正區,02-27082121*3956、3959,273118@cgh.org.tw,洪怡蘋,20180131.0,20241231.0,20241018 16:47:53
愛護家健康事業股份有限公司附設臺北市私立愛護家居家長照機構,1V0100008,1,臺北市,中山區,臺北市中山區晴光里中山北路3段31號7樓之1,121.5225296021,25.0657024384,A,個案管理服務,臺北市,中正區,02-2599-5665,vera@inursingplus.com,張淑貞,20250101.0,20261231.0,20241231 18:04:52
愛護家健康事業股份有限公司附設臺北市私立愛護家居家長照機構,1V0100008,1,臺北市,中山區,臺北市中山區晴光里中山北路3段31號7樓之1,121.5225296021,25.0657024384,B,喘息服務,臺北市,松山區;信義區;大安區;中山區;中正區;大同區;萬華區;文山區;南港區;內湖區;士林區;北投區,02-2599-5665,vera@inursingplus.com,張淑貞,20240126.0,20241231.0,20240129 11:01:53
樂福健康事業有限公司附設臺北市私立樂福居家長照機構,1R0100008,1,臺北市,大同區,臺北市大同區永樂里西寧北路81號5樓之2,121.5088577271,25.0561103821,A,個案管理服務,臺北市,北投區,0225598079,lovefu0514@gmail.com,吳海銘,20231012.0,20241231.0,20231011 15:31:46
樂福健康事業有限公司附設臺北市私立樂福居家長照機構,1R0100008,1,臺北市,大同區,臺北市大同區永樂里西寧北路81號5樓之2,121.5088577271,25.0561103821,B,居家服務,新北市,板橋區;三重區;中和區;永和區,0225598079,lovefu0514@gmail.com,吳海銘,20250101.0,20271231.0,20250110 10:57:49
樂福健康事業有限公司附設臺北市私立樂福居家長照機構,1R0100008,1,臺北市,大同區,臺北市大同區永樂里西寧北路81號5樓之2,121.5088577271,25.0561103821,A,個案管理服務,臺北市,北投區,0225598079,lovefu0514@gmail.com,吳海銘,20250101.0,20261231.0,20241231 18:01:18
財團法人一粒麥子社會福利慈善事業基金會(中正國宅社區照顧關懷據點),BE0100054,BE,臺北市,萬華區,臺北市萬華區青年路52號1樓之2,121.5034942627,25.0254840851,B,喘息服務,臺北市,中正區;萬華區,02-2309-0660,liz@wheat.org.tw,呂信雄,20180131.0,20221231.0,20220407 13:34:42
愛護家健康事業股份有限公司附設臺北市私立愛護家居家長照機構,1V0100008,1,臺北市,中山區,臺北市中山區晴光里中山北路3段31號7樓之1,121.5225296021,25.0657024384,B,專業照護服務,臺北市,松山區;信義區;大安區;中山區;中正區;大同區;萬華區;文山區;南港區;內湖區;士林區;北投區,02-2599-5665,vera@inursingplus.com,張淑貞,20250101.0,20261231.0,20241030 19:40:08
幸福物理治療所,B40100017,B4,臺北市,萬華區,臺北市萬華區雙園里西園路二段13巷12號,121.4982299805,25.0317325592,B,專業照護服務(CC01),新北市,板橋區;三重區;中和區;永和區;新莊區;新店區;樹林區;鶯歌區;三峽區;淡水區;汐止區;瑞芳區;土城區;蘆洲區;五股區;泰山區;林口區;深坑區;石碇區;八里區;金山區;萬里區,(02)23020306,kilaerhazard@gmail.com,李駿鴻,20250101.0,20271231.0,20241224 11:21:18
樂福健康事業有限公司附設臺北市私立樂福居家長照機構,1R0100008,1,臺北市,大同區,臺北市大同區永樂里西寧北路81號5樓之2,121.5088577271,25.0561103821,A,個案管理服務,臺北市,士林區,0225598079,lovefu0514@gmail.com,吳海銘,20250101.0,20261231.0,20241231 17:57:44
樂福健康事業有限公司附設臺北市私立樂福居家長照機構,1R0100008,1,臺北市,大同區,臺北市大同區永樂里西寧北路81號5樓之2,121.5088577271,25.0561103821,A,個案管理服務,臺北市,士林區,0225598079,lovefu0514@gmail.com,吳海銘,20240826.0,20241231.0,20241220 13:24:19
財團法人中華民國佛教慈濟慈善事業基金會臺北市私立慈濟居家長照機構,1S0100011,1,臺北市,萬華區,臺北市萬華區莒光路222號5樓,121.50025177,25.0313358307,B,居家服務,臺北市,松山區;信義區;大安區;中山區;中正區;大同區;萬華區;文山區;南港區;內湖區;士林區;北投區,02-23023479,Ltc000517@tzuchi.org.tw,釋證嚴,20240101.0,20261231.0,20231229 10:33:55
愛護家健康事業股份有限公司附設臺北市私立愛護家居家長照機構,1V0100008,1,臺北市,中山區,臺北市中山區晴光里中山北路3段31號7樓之1,121.5225296021,25.0657024384,B,居家服務,臺北市,松山區;信義區;大安區;中山區;中正區;大同區;萬華區;文山區;南港區;內湖區;士林區;北投區,02-2599-5665,vera@inursingplus.com,張淑貞,20190710.0,20211231.0,20201203 16:45:21
愛護家健康事業股份有限公司附設臺北市私立愛護家居家長照機構,1V0100008,1,臺北市,中山區,臺北市中山區晴光里中山北路3段31號7樓之1,121.5225296021,25.0657024384,B,居家服務,臺北市,松山區;信義區;大安區;中山區;中正區;大同區;萬華區;文山區;南港區;內湖區;士林區;北投區,02-2599-5665,vera@inursingplus.com,張淑貞,20210101.0,20231231.0,20211230 16:00:50
愛護家健康事業股份有限公司附設臺北市私立愛護家居家長照機構,1V0100008,1,臺北市,中山區,臺北市中山區晴光里中山北路3段31號7樓之1,121.5225296021,25.0657024384,B,居家服務,新北市,板橋區;三重區;淡水區;蘆洲區,02-2599-5665,vera@inursingplus.com,張淑貞,20250101.0,20271231.0,20241224 11:29:50
愛護家健康事業股份有限公司附設臺北市私立愛護家居家長照機構,1V0100008,1,臺北市,中山區,臺北市中山區晴光里中山北路3段31號7樓之1,121.5225296021,25.0657024384,A,個案管理服務,臺北市,中正區,02-2599-5665,vera@inursingplus.com,張淑貞,20241223.0,20241231.0,20241220 18:00:14
愛護家健康事業股份有限公司附設臺北市私立愛護家居家長照機構,1V0100008,1,臺北市,中山區,臺北市中山區晴光里中山北路3段31號7樓之1,121.5225296021,25.0657024384,B,喘息服務,臺北市,松山區;信義區;大安區;中山區;中正區;大同區;萬華區;文山區;南港區;內湖區;士林區;北投區,02-2599-5665,vera@inursingplus.com,張淑貞,20250101.0,20261231.0,20241030 19:40:33
財團法人中華民國佛教慈濟慈善事業基金會臺北市私立慈濟居家長照機構,1S0100011,1,臺北市,萬華區,臺北市萬華區莒光路222號5樓,121.50025177,25.0313358307,B,居家服務,臺北市,松山區;信義區;大安區;中山區;中正區;大同區;萬華區;文山區;南港區;內湖區;士林區;北投區,02-23023479,Ltc000517@tzuchi.org.tw,釋證嚴,20190621.0,20231231.0,20220209 15:18:54
財團法人中華民國佛教慈濟慈善事業基金會臺北市私立慈濟居家長照機構,1S0100011,1,臺北市,萬華區,臺北市萬華區莒光路222號5樓,121.50025177,25.0313358307,B,喘息服務,臺北市,松山區;信義區;大安區;中山區;中正區;大同區;萬華區;文山區;南港區;內湖區;士林區;北投區,02-23023479,Ltc000517@tzuchi.org.tw,釋證嚴,20250101.0,20261231.0,20241104 18:38:14
盤古銀髮股份有限公司附設臺北市私立家倍安居家長照機構,1V0100009,1,臺北市,大同區,臺北市大同區民權里民權西路118巷12號1樓,121.5168151855,25.0622806549,B,居家服務,臺北市,中山區;中正區;大同區;萬華區;士林區,25539986,nancy.bear@lapangu.com.tw,林偉正,20240101.0,20261231.0,20240506 17:55:00
盤古銀髮股份有限公司附設臺北市私立家倍安居家長照機構,1V0100009,1,臺北市,大同區,臺北市大同區民權里民權西路118巷12號1樓,121.5168151855,25.0622806549,B,喘息服務,臺北市,中山區;中正區;大同區;萬華區;士林區,25539986,nancy.bear@lapangu.com.tw,林偉正,20250101.0,20261231.0,20241120 10:28:12
臺北市內湖區安泰里社區發展協會 ,BF0100087,BF,臺北市,內湖區,臺北市內湖區安泰里安泰街65巷5號,121.617149353,25.0749740601,C,巷弄長照站,臺北市,內湖區,,antai.assn@gmail.com,鐘虹期,20190101.0,20211231.0,20210408 17:42:00
財團法人中華民國佛教慈濟慈善事業基金會臺北市私立慈濟居家長照機構,1S0100011,1,臺北市,萬華區,臺北市萬華區莒光路222號5樓,121.50025177,25.0313358307,A,個案管理服務,臺北市,南港區,02-23023479,Ltc000517@tzuchi.org.tw,釋證嚴,20250101.0,20261231.0,20241231 17:56:08
樂福健康事業有限公司附設臺北市私立樂福居家長照機構,1R0100008,1,臺北市,大同區,臺北市大同區永樂里西寧北路81號5樓之2,121.5088577271,25.0561103821,A,個案管理服務,臺北市,大同區,0225598079,lovefu0514@gmail.com,吳海銘,20250101.0,20261231.0,20241231 17:59:23
樂福健康事業有限公司附設臺北市私立樂福居家長照機構,1R0100008,1,臺北市,大同區,臺北市大同區永樂里西寧北路81號5樓之2,121.5088577271,25.0561103821,B,喘息服務,臺北市,松山區;中山區;中正區;大同區;萬華區,0225598079,lovefu0514@gmail.com,吳海銘,20190723.0,20241231.0,20221229 22:08:34
樂福健康事業有限公司附設臺北市私立樂福居家長照機構,1R0100008,1,臺北市,大同區,臺北市大同區永樂里西寧北路81號5樓之2,121.5088577271,25.0561103821,B,居家服務,臺北市,松山區;信義區;大安區;中山區;中正區;大同區;萬華區;文山區;南港區;內湖區;士林區;北投區,0225598079,lovefu0514@gmail.com,吳海銘,20190604.0,20231231.0,20220215 09:55:59
幸福物理治療所,B40100017,B4,臺北市,萬華區,臺北市萬華區雙園里西園路二段13巷12號,121.4982299805,25.0317325592,B,專業照護服務,臺北市,松山區;信義區;大安區;中山區;中正區;大同區;萬華區;文山區;南港區;內湖區;士林區;北投區,(02)23020306,kilaerhazard@gmail.com,李駿鴻,20190101.0,20241231.0,20221229 22:18:53
幸福物理治療所,B40100017,B4,臺北市,萬華區,臺北市萬華區雙園里西園路二段13巷12號,121.4982299805,25.0317325592,B,專業照護服務,新北市,板橋區;三重區;中和區;永和區;新莊區;新店區;樹林區;鶯歌區;三峽區;淡水區;汐止區;瑞芳區;土城區;蘆洲區;五股區;泰山區;林口區;深坑區;石碇區;八里區;金山區;萬里區,(02)23020306,kilaerhazard@gmail.com,李駿鴻,20220101.0,20241231.0,20220210 15:27:13
幸福物理治療所,B40100017,B4,臺北市,萬華區,臺北市萬華區雙園里西園路二段13巷12號,121.4982299805,25.0317325592,B,專業照護服務(CC01),新北市,板橋區;三重區;中和區;永和區;新莊區;新店區;樹林區;鶯歌區;三峽區;淡水區;汐止區;瑞芳區;土城區;蘆洲區;五股區;泰山區;林口區;深坑區;石碇區;坪林區;三芝區;石門區;八里區;平溪區;雙溪區;貢寮區;金山區;萬里區;烏來區,(02)23020306,kilaerhazard@gmail.com,李駿鴻,20220101.0,20241231.0,20230802 17:19:14
幸福物理治療所,B40100017,B4,臺北市,萬華區,臺北市萬華區雙園里西園路二段13巷12號,121.4982299805,25.0317325592,B,專業照護服務,臺北市,松山區;信義區;大安區;中山區;中正區;大同區;萬華區;文山區;南港區;內湖區;士林區;北投區,(02)23020306,kilaerhazard@gmail.com,李駿鴻,20250101.0,20261231.0,20241025 10:07:48
幸福物理治療所,B40100017,B4,臺北市,萬華區,臺北市萬華區雙園里西園路二段13巷12號,121.4982299805,25.0317325592,B,專業照護服務,新北市,板橋區;三重區;中和區;永和區;新莊區;新店區;樹林區;鶯歌區;三峽區;淡水區;汐止區;瑞芳區;土城區;蘆洲區;五股區;泰山區;林口區;深坑區;石碇區;八里區;金山區;萬里區,(02)23020306,kilaerhazard@gmail.com,李駿鴻,20250101.0,20271231.0,20241224 11:20:55
樂福健康事業有限公司附設臺北市私立樂福居家長照機構,1R0100008,1,臺北市,大同區,臺北市大同區永樂里西寧北路81號5樓之2,121.5088577271,25.0561103821,B,喘息服務,臺北市,松山區;中山區;中正區;大同區;萬華區,0225598079,lovefu0514@gmail.com,吳海銘,20250101.0,20261231.0,20241122 15:07:23
樂福健康事業有限公司附設臺北市私立樂福居家長照機構,1R0100008,1,臺北市,大同區,臺北市大同區永樂里西寧北路81號5樓之2,121.5088577271,25.0561103821,A,個案管理服務,臺北市,大同區,0225598079,lovefu0514@gmail.com,吳海銘,20230424.0,20241231.0,20230425 17:04:30
樂福健康事業有限公司附設臺北市私立樂福居家長照機構,1R0100008,1,臺北市,大同區,臺北市大同區永樂里西寧北路81號5樓之2,121.5088577271,25.0561103821,A,個案管理服務,臺北市,中山區,0225598079,lovefu0514@gmail.com,吳海銘,20230424.0,20241231.0,20230425 17:04:50
耆康實業有限公司附設臺北市私立小太陽居家長照機構,1R0100010,1,臺北市,松山區,臺北市松山區自強里三民路35巷9號2樓,121.5624694824,25.0553207397,B,喘息服務,臺北市,松山區;信義區;大安區;中山區;中正區;大同區;萬華區;文山區;南港區;內湖區;士林區;北投區,27420058,tw.softlife@gmail.com,嚴成茂,20250101.0,20261231.0,20241122 18:29:42
臺北市政府社會局委託社團法人中華民國紅心字會經營管理臺北市信義老人服務中心,2R0100004,2,臺北市,信義區,臺北市信義區大仁里大道路116號5樓之3,121.5675430298,25.0433940887,B,日間照顧服務,臺北市,松山區;信義區;大安區;中山區;中正區;大同區;萬華區;文山區;南港區;內湖區;士林區;北投區,02-87870300,xinyitw@yahoo.com.tw,劉緒倫,20180101.0,20191231.0,20190725 15:14:29
盤古銀髮股份有限公司附設臺北市私立家倍安居家長照機構,1V0100009,1,臺北市,大同區,臺北市大同區民權里民權西路118巷12號1樓,121.5168151855,25.0622806549,B,居家服務,臺北市,松山區;信義區;大安區;中山區;中正區;大同區;萬華區;文山區;南港區;內湖區;士林區;北投區,25539986,nancy.bear@lapangu.com.tw,林偉正,20190815.0,20231231.0,20220104 18:20:06
台北市基督教道生長老會唭哩岸全人關懷協會,BE0100058,BE,臺北市,北投區,臺北市北投區尊賢里尊賢街264巷1號,121.5071792603,25.1174583435,C,巷弄長照站,臺北市,北投區,,fortisjohnson@gmail.com,蘇清志,20200101.0,20211231.0,20210412 11:04:39
臺北市政府社會局委託社團法人中華民國紅心字會經營管理臺北市信義老人服務中心,2R0100004,2,臺北市,信義區,臺北市信義區大仁里大道路116號5樓之3,121.5675430298,25.0433940887,B,日間照顧服務,臺北市,松山區;信義區;大安區;中山區;中正區;大同區;萬華區;文山區;南港區;內湖區;士林區;北投區,02-87870300,xinyitw@yahoo.com.tw,劉緒倫,20200101.0,20201231.0,20201204 10:27:57
臺北市政府社會局委託社團法人中華民國紅心字會經營管理臺北市信義老人服務中心,2R0100004,2,臺北市,信義區,臺北市信義區大仁里大道路116號5樓之3,121.5675430298,25.0433940887,B,日間照顧服務,臺北市,松山區;信義區;大安區;中山區;中正區;大同區;萬華區;文山區;南港區;內湖區;士林區;北投區,02-87870300,xinyitw@yahoo.com.tw,劉緒倫,20210101.0,20221231.0,20210201 13:53:02
耆康實業有限公司附設臺北市私立小太陽居家長照機構,1R0100010,1,臺北市,松山區,臺北市松山區自強里三民路35巷9號2樓,121.5624694824,25.0553207397,B,喘息服務,臺北市,松山區;信義區;大安區;中山區;中正區;大同區;萬華區;文山區;南港區;內湖區;士林區;北投區,27420058,tw.softlife@gmail.com,嚴成茂,20191025.0,20241231.0,20221230 18:30:17
臺北市政府社會局委託社團法人中華民國紅心字會經營管理臺北市信義老人服務中心,2R0100004,2,臺北市,信義區,臺北市信義區大仁里大道路116號5樓之3,121.5675430298,25.0433940887,B,營養餐飲服務,臺北市,信義區,02-87870300,xinyitw@yahoo.com.tw,劉緒倫,20170101.0,20211231.0,20201230 16:59:33
臺北市政府社會局委託佳醫長照社團法人經營管理臺北市兆如老人安養護中心,A10100161,A1,臺北市,文山區,臺北市文山區政大二街129號,121.5841903687,24.989315033,B,日間照顧服務,臺北市,松山區;信義區;大安區;中山區;中正區;大同區;萬華區;文山區;南港區;內湖區;士林區;北投區,0222258688,wenliyun12@gmail.com,蘇秀鑾,20231002.0,20261231.0,20240102 18:52:35
樂福健康事業有限公司附設臺北市私立樂福居家長照機構,1R0100008,1,臺北市,大同區,臺北市大同區永樂里西寧北路81號5樓之2,121.5088577271,25.0561103821,B,居家服務,臺北市,松山區;信義區;大安區;中山區;中正區;大同區;萬華區;文山區;南港區;內湖區;士林區;北投區,0225598079,lovefu0514@gmail.com,吳海銘,20240101.0,20261231.0,20231229 18:32:26
樂福健康事業有限公司附設臺北市私立樂福居家長照機構,1R0100008,1,臺北市,大同區,臺北市大同區永樂里西寧北路81號5樓之2,121.5088577271,25.0561103821,A,個案管理服務,臺北市,中山區,0225598079,lovefu0514@gmail.com,吳海銘,20250101.0,20261231.0,20241231 18:00:15
樂福健康事業有限公司附設臺北市私立樂福居家長照機構,1R0100008,1,臺北市,大同區,臺北市大同區永樂里西寧北路81號5樓之2,121.5088577271,25.0561103821,B,喘息服務,新北市,板橋區;三重區;中和區;永和區,0225598079,lovefu0514@gmail.com,吳海銘,20250101.0,20271231.0,20250110 11:00:50
財團法人一粒麥子社會福利慈善事業基金會(中正國宅社區照顧關懷據點),BE0100054,BE,臺北市,萬華區,臺北市萬華區青年路52號1樓之2,121.5034942627,25.0254840851,B,喘息服務,臺北市,松山區;信義區;大安區;中山區;中正區;大同區;萬華區;文山區;南港區;內湖區;士林區;北投區,02-2309-0660,liz@wheat.org.tw,呂信雄,20190101.0,20241231.0,20241105 19:21:59
財團法人中華民國佛教慈濟慈善事業基金會臺北市私立慈濟居家長照機構,1S0100011,1,臺北市,萬華區,臺北市萬華區莒光路222號5樓,121.50025177,25.0313358307,B,喘息服務,臺北市,松山區;信義區;大安區;中山區;中正區;大同區;萬華區;文山區;南港區;內湖區;士林區;北投區,02-23023479,Ltc000517@tzuchi.org.tw,釋證嚴,20240122.0,20241231.0,20240123 09:16:10
財團法人中華民國佛教慈濟慈善事業基金會臺北市私立慈濟居家長照機構,1S0100011,1,臺北市,萬華區,臺北市萬華區莒光路222號5樓,121.50025177,25.0313358307,A,個案管理服務,臺北市,南港區,02-23023479,Ltc000517@tzuchi.org.tw,釋證嚴,20230101.0,20241231.0,20230208 09:00:53
臺北市私立暖心居家長照機構,1X0100010,1,臺北市,萬華區,臺北市萬華區壽德里萬大路323號7樓702室,121.5004806519,25.0245800018,B,喘息服務,臺北市,松山區;信義區;大安區;中山區;中正區;大同區;萬華區;文山區;南港區;內湖區;士林區;北投區,02-77515315 ,alto902242@gmail.com,方琇慧,20190601.0,20241231.0,20221229 22:55:43
臺北市私立暖心居家長照機構,1X0100010,1,臺北市,萬華區,臺北市萬華區壽德里萬大路323號7樓702室,121.5004806519,25.0245800018,B,居家服務,臺北市,中正區;大同區;萬華區;士林區,02-77515315 ,alto902242@gmail.com,方琇慧,20220101.0,20231231.0,20211125 11:42:00
盤古銀髮股份有限公司附設臺北市私立家倍安居家長照機構,1V0100009,1,臺北市,大同區,臺北市大同區民權里民權西路118巷12號1樓,121.5168151855,25.0622806549,B,喘息服務,臺北市,松山區;信義區;大安區;中山區;中正區;大同區;萬華區;文山區;南港區;內湖區;士林區;北投區,25539986,nancy.bear@lapangu.com.tw,林偉正,20200917.0,20241231.0,20221229 21:50:38
財團法人耕莘文教基金會,BF0100089,BF,臺北市,中正區,臺北市中正區文盛里辛亥路1段22號4樓,121.5289077759,25.018913269,C,巷弄長照站,臺北市,中正區,,yvonne@tiencf.org.tw,饒志成,20190101.0,20211231.0,20210408 16:41:31
臺北市政府社會局委託佳醫長照社團法人經營管理臺北市兆如老人安養護中心,A10100161,A1,臺北市,文山區,臺北市文山區政大二街129號,121.5841903687,24.989315033,B,日間照顧服務,臺北市,松山區;信義區;大安區;中山區;中正區;大同區;萬華區;文山區;南港區;內湖區;士林區;北投區,0222258688,wenliyun12@gmail.com,蘇秀鑾,20240101.0,20261231.0,20240102 18:58:03
耆康實業有限公司附設臺北市私立小太陽居家長照機構,1R0100010,1,臺北市,松山區,臺北市松山區自強里三民路35巷9號2樓,121.5624694824,25.0553207397,B,居家服務,臺北市,松山區;信義區;大安區;中山區;中正區;大同區;萬華區;文山區;南港區;內湖區;士林區;北投區,27420058,tw.softlife@gmail.com,嚴成茂,20190918.0,20231231.0,20211230 14:52:50
耆康實業有限公司附設臺北市私立小太陽居家長照機構,1R0100010,1,臺北市,松山區,臺北市松山區自強里三民路35巷9號2樓,121.5624694824,25.0553207397,B,居家服務,臺北市,松山區;信義區;大安區;中山區;中正區;大同區;萬華區;文山區;南港區;內湖區;士林區;北投區,27420058,tw.softlife@gmail.com,嚴成茂,20240101.0,20261231.0,20231229 18:43:00
臺北市天母全人關懷協會,BF0100011,BF,臺北市,士林區,臺北市士林區天玉里中山北路7段81巷7樓B2,121.5302658081,25.1218204498,C,巷弄長照站,臺北市,士林區,02-2874-6222#118,lovingcaretianmu0101@gmail.com,曾鼎發,20190101.0,20211231.0,20210407 11:41:28
社團法人中華民國香柏樹長者社區關懷協會台大據點,BE0100018,BE,臺北市,大安區,臺北市大安區大學里新生南路3段86號4、9樓(真理堂),121.5334396362,25.0185871124,C,巷弄長照站,臺北市,大安區,02-23632096#121,kunlin65@gmail.com,楊寧亞,20190101.0,20211231.0,20210407 14:51:34
社團法人臺北市臻佶祥社會服務協會,BE0100022,BE,臺北市,中正區,臺北市中正區忠勤里中華路2段315巷16、18號,121.5069961548,25.0284576416,C,巷弄長照站,臺北市,中正區,02-23036281,tsc1168@yahoo.com.tw,陳鳳珠,20190101.0,20241221.0,20230106 20:32:57
臺北市大龍峒長青協會,BF0100015,BF,臺北市,大同區,臺北市大同區保安里重慶北路3段313巷25號1樓~2樓,121.5148925781,25.0741767883,C,巷弄長照站,臺北市,大同區,02-25910582,jackalnogg@gmail.com,張斌脈,20190101.0,20211231.0,20210407 14:18:48
社團法人台灣厝邊有愛關懷協會台北和平據點,BE0100017,BE,臺北市,大安區,臺北市大安區龍安里和平東路一段183巷9號,121.5330963135,25.0274276733,C,巷弄長照站,臺北市,大安區,00-23636356,lo1119@ms53.hinet.net,鄭忠仁,20190101.0,20211231.0,20210407 15:55:54
台北市內湖永續發展協會,BF0100036,BF,臺北市,內湖區,臺北市內湖區金龍里金龍路 67 巷 7 號,121.5929794312,25.0857639313,C,巷弄長照站,臺北市,內湖區,02-27908099,tnhsda@gmail.com,鄭允強,20190101.0,20211231.0,20210408 17:47:48
財團法人福智慈善基金會(東湖教室),BD0100038,BD,臺北市,內湖區,臺北市內湖區五分里東湖路106巷2號、6號、8號,121.6154556274,25.0683021545,C,巷弄長照站,臺北市,內湖區,02-26335547,john4721@ymail.com,賴錫源,20190101.0,20211231.0,20210408 17:39:56
財團法人福智慈善基金會(內湖路2段),BD0100041,BD,臺北市,內湖區,臺北市內湖區內湖里內湖路2段484號4樓及482號、484號、486號、488號3樓,121.5932922363,25.084280014,C,巷弄長照站,臺北市,內湖區,02-27963275,j141712@yahoo.com.tw,賴錫源,20190101.0,20211231.0,20210408 17:40:15
財團法人利伯他茲教育基金會(木柵復活堂),BD0100043,BD,臺北市,文山區,臺北市文山區木新里永安街1號,121.5702514648,24.9874591827,C,巷弄長照站,臺北市,文山區,02-2939-4359,ssd@cthyh.org.tw,羅慧兒,20190101.0,20241231.0,20230107 13:00:45
財團法人基督教台灣信義會(內湖思恩堂),BD0100042,BD,臺北市,內湖區,臺北市內湖區紫星里康寧路一段62號,121.5921554565,25.0800552368,C,巷弄長照站,臺北市,內湖區,936649973,aa0936649973@gmail.com,吳英賓,20190101.0,20211231.0,20210408 18:05:45
社團法人台灣美滿家庭社區服務協會,BE0100025,BE,臺北市,文山區,臺北市文山區萬興里指南路二11號,121.5756225586,24.9864559174,C,巷弄長照站,臺北市,文山區,952650867,NTURCHIANG@GMAIL.COM,洪英正,20190101.0,20211231.0,20210409 16:03:45
臺北市松山區安平社區發展協會,BF0100052,BF,臺北市,松山區,臺北市松山區安平里寶清街42號2樓,121.5675964355,25.0531578064,C,巷弄長照站,臺北市,松山區,986038688,fredwa88@gmail.com,林沂漀,20190101.0,20211231.0,20210412 11:53:20
社團法人中華民國我願意全人關懷協會,BE0100046,BE,臺北市,南港區,臺北市南港區萬福里東新街64巷7、11、13號,121.5855102539,25.0471782684,C,巷弄長照站,臺北市,南港區,920131347,jp70916@gmail.com,廖棣瓏,20190101.0,20211231.0,20210412 14:51:15
社團法人中華民國香柏樹長者社區關懷協會大安台電據點,BE0100016,BE,臺北市,大安區,臺北市大安區大學里羅斯福路3段275號3樓,121.5309753418,25.0183601379,C,巷弄長照站,臺北市,大安區,02-2363-2096#121,kunlin65@gmail.com,楊寧亞,20190101.0,20211231.0,20210407 14:50:48
財團法人味全文化教育基金會,BD0100027,BD,臺北市,中山區,臺北市中山區中央里松江路125號4樓,121.5333023071,25.0530853271,C,巷弄長照站,臺北市,中山區,910080465,weichuan125@gmail.com,張景涵,20190101.0,20211231.0,20210408 16:15:11
臺北市士林海光社區發展協會,BF0100010,BF,臺北市,士林區,臺北市士林區富光里延平北路5段99號,121.5104217529,25.0812301636,C,巷弄長照站,臺北市,士林區,932023186,weiyuan.comm@yahoo.com.tw,廖品筑,20190101.0,20211231.0,20210407 11:55:21
財團法人成長文教基金會,BD0100022,BD,臺北市,大安區,臺北市大安區仁慈里東豐街1號2樓,121.5439224243,25.0361804962,C,巷弄長照站,臺北市,大安區,02-27000657,pc19840808@gmail.com,吳靜吉,20190101.0,20211231.0,20210407 14:53:35
臺北市中山區大直社區發展協會(第二區民活動中心),BF0100026,BF,臺北市,中山區,臺北市中山區大直里大直街1號4樓,121.5469665527,25.0803451538,C,巷弄長照站,臺北市,中山區,02-25329522,tachih70@yahoo.com.tw,戴思亭,20190101.0,20211231.0,20210408 16:12:54
財團法人利伯他茲教育基金會(木柵復活堂),BD0100043,BD,臺北市,文山區,臺北市文山區木新里永安街1號,121.5702514648,24.9874591827,B,喘息服務,臺北市,松山區;信義區;大安區;中山區;中正區;大同區;萬華區;文山區;南港區;內湖區;士林區;北投區,02-2939-4359,ssd@cthyh.org.tw,羅慧兒,20250101.0,20261231.0,20240924 18:22:44
社團法人中華仁親社區關懷協會(北投好厝邊) ,BE0100033,BE,臺北市,北投區,臺北市北投區中心里大業路721號一樓,121.5022277832,25.1372718811,C,巷弄長照站,臺北市,北投區,02-28803408#2280,lily.hsu275310@yahoo.com.tw,劉群茂,20190101.0,20211231.0,20210409 17:13:14
社團法人台北市銀髮族協會,BE0100036,BE,臺北市,松山區,臺北市松山區安平里寶清街42號2樓,121.5675964355,25.0531578064,C,巷弄長照站,臺北市,松山區,986038688,fredwa88@gmail.com,張茂楠,20190101.0,20211231.0,20210412 16:07:33
社團法人臺北市長期照護發展協會,BE0100035,BE,臺北市,松山區,臺北市松山區自強里三民路35巷9號1、2樓,121.562713623,25.0552845001,C,巷弄長照站,臺北市,松山區,918015617,tw.softlfie@gmail.com,羅慧文,20190101.0,20211231.0,20210412 11:55:23
財團法人中華基督教衛理公會恩友堂,BD0100047,BD,臺北市,松山區,臺北市松山區安平里寶清街123號,121.5675964355,25.0541591644,C,巷弄長照站,臺北市,松山區,02-27670760,qjjaneyu@gmail.com,林烽銓,20190101.0,20211231.0,20210412 11:53:04
社團法人台北市二村基石關懷協會,BE0100038,BE,臺北市,松山區,臺北市松山區東榮里民生東路5段69巷2弄10、12號,121.5587310791,25.0590839386,C,巷弄長照站,臺北市,松山區,02-27632002,windowcchuang@gmail.com,趙明榮,20190101.0,20211231.0,20210412 13:46:27
臺北市信義區安康里辦公處,BG0100003,BG,臺北市,信義區,臺北市信義區安康里虎林街232巷58號,121.5759048462,25.035905838,C,巷弄長照站,臺北市,信義區,02-27273989,wan.yuheng@gmail.com,萬宇恆,20190101.0,20211231.0,20210412 14:28:07
社團法人台灣厝邊有愛關懷協會中研教會,BE0100044,BE,臺北市,南港區,臺北市南港區中研里研究院路二段11巷5號,121.6158294678,25.0466823578,C,巷弄長照站,臺北市,南港區,02-23636356,lo1119@ms53.hinet.net,鄭忠仁,20190101.0,20211231.0,20210412 14:45:28
臺北市南港舊莊社區發展協會,BF0100065,BF,臺北市,南港區,臺北市南港區舊莊里舊莊街1段91巷11號(舊莊區民活動中心),121.6195220947,25.0413208008,C,巷弄長照站,臺北市,南港區,0931-518686,e0800633688@gmail.com,李麗時,20190101.0,20211231.0,20210412 14:55:57
社團法人臺北市臻佶祥社會服務協會,BE0100022,BE,臺北市,中正區,臺北市中正區忠勤里中華路2段315巷16、18號,121.5069961548,25.0284576416,B,喘息服務,臺北市,松山區;信義區;大安區;中山區;中正區;大同區;萬華區;文山區;南港區;內湖區;士林區;北投區,02-23036281,tsc1168@yahoo.com.tw,陳鳳珠,20250101.0,20261231.0,20241119 14:08:08
台北市文山區萬和社區發展協會,BF0100039,BF,臺北市,文山區,臺北市文山區萬和里汀州路4段215號1樓,121.5355377197,25.0041637421,C,巷弄長照站,臺北市,文山區,02-2931-0147,bs-011@mail.taipei.gov.tw,吳祚榮,20190101.0,20211231.0,20210409 15:28:31
社團法人台北市基督教萬芳浸信會,BE0100027,BE,臺北市,文山區,臺北市文山區萬芳里萬美街一段19巷五號一樓,121.5698928833,25.002374649,C,巷弄長照站,臺北市,文山區,02-22303518,20140401@mail.taipei.gov.tw,張志榮,20190101.0,20211231.0,20210409 15:28:12
臺北市南港區仁福社區發展協會,BF0100062,BF,臺北市,南港區,臺北市南港區仁福里福德街373巷61號1樓,121.5921401978,25.0394687653,C,巷弄長照站,臺北市,南港區,972910919,daisybobounun76@gmail.com,江俊賢,20190101.0,20211231.0,20210412 14:45:44
臺北市萬華區保德社區發展協會,BF0100072,BF,臺北市,萬華區,臺北市萬華區保德里東園街140巷10號,121.4970092773,25.023311615,C,巷弄長照站,臺北市,萬華區,02-2332-3337,Baode.cou@msa.hinet.net,黃剛毅,20190101.0,20211231.0,20210412 15:00:30
財團法人台北市城東基督長老教會,BF0100088,BF,臺北市,大安區,臺北市大安區建倫里安和路1段43號2樓及45號1樓,121.5510559082,25.0386104584,C,巷弄長照站,臺北市,大安區,02-2771-1282,logoschentong@gmail.com,林萬賀,20190101.0,20211231.0,20210407 15:35:14
臺北市政府社會局委託社團法人中華民國紅心字會經營管理臺北市信義老人服務中心,2R0100004,2,臺北市,信義區,臺北市信義區大仁里大道路116號5樓之3,121.5675430298,25.0433940887,B,日間照顧服務,臺北市,松山區;信義區;大安區;中山區;中正區;大同區;萬華區;文山區;南港區;內湖區;士林區;北投區,02-87870300,xinyitw@yahoo.com.tw,劉緒倫,20230101.0,20231231.0,20230207 11:09:20
宗展股份有限公司附設臺北市私立辰心居家長照機構,1V0100010,1,臺北市,大同區,臺北市大同區永樂里西寧北路112號4樓之1,121.5088577271,25.0561103821,B,喘息服務,新北市,板橋區;三重區;中和區;永和區;新莊區;新店區;樹林區;三峽區;淡水區;汐止區;土城區;蘆洲區;五股區;林口區,02-25580208,8hq008@gmail.com,簡裕宗,20250101.0,20271231.0,20241223 14:34:04
宗展股份有限公司附設臺北市私立辰心居家長照機構,1V0100010,1,臺北市,大同區,臺北市大同區永樂里西寧北路112號4樓之1,121.5088577271,25.0561103821,B,居家服務,臺北市,松山區;信義區;大安區;中山區;中正區;大同區;萬華區;文山區;南港區;內湖區;士林區;北投區,02-25580208,8hq008@gmail.com,簡裕宗,20190711.0,20231231.0,20220104 18:03:07
宗展股份有限公司附設臺北市私立辰心居家長照機構,1V0100010,1,臺北市,大同區,臺北市大同區永樂里西寧北路112號4樓之1,121.5088577271,25.0561103821,B,喘息服務,臺北市,松山區;信義區;大安區;中山區;中正區;大同區;萬華區;文山區;南港區;內湖區;士林區;北投區,02-25580208,8hq008@gmail.com,簡裕宗,20250101.0,20261231.0,20241120 11:06:24
宗展股份有限公司附設臺北市私立辰心居家長照機構,1V0100010,1,臺北市,大同區,臺北市大同區永樂里西寧北路112號4樓之1,121.5088577271,25.0561103821,B,喘息服務,臺北市,松山區;信義區;大安區;中山區;中正區;大同區;萬華區;文山區;南港區;內湖區;士林區;北投區,02-25580208,8hq008@gmail.com,簡裕宗,20190715.0,20241231.0,20221229 21:33:35
社團法人台灣德安社會福利協會受託經營管理臺北市大安老人服務中心,BD0100057,BD,臺北市,大安區,臺北市大安區德安里四維路76巷12號,121.5473480225,25.034204483,B,營養餐飲服務,臺北市,大安區,27086255,daanolder@gmail.com,陳敏雄,20190131.0,20191231.0,20190627 17:56:51
社團法人台灣德安社會福利協會受託經營管理臺北市大安老人服務中心,BD0100057,BD,臺北市,大安區,臺北市大安區德安里四維路76巷12號,121.5473480225,25.034204483,B,喘息服務,臺北市,松山區;信義區;大安區;中山區;中正區;大同區;萬華區;文山區;南港區;內湖區;士林區;北投區,27086255,daanolder@gmail.com,陳敏雄,20191001.0,20241231.0,20230202 16:51:17
社團法人台灣德安社會福利協會受託經營管理臺北市大安老人服務中心,BD0100057,BD,臺北市,大安區,臺北市大安區德安里四維路76巷12號,121.5473480225,25.034204483,B,營養餐飲服務,臺北市,大安區,27086255,daanolder@gmail.com,陳敏雄,20190131.0,20191231.0,20210112 12:07:55
財團法人天下為公社會福利慈善事業基金會,BD0100059,BD,臺北市,士林區,臺北市士林區承德路4段306號9樓,121.5186309814,25.0896549225,A,個案管理服務,臺北市,士林區,02-28881056,kcw@mail.oit.edu.tw,胡世賢,20250101.0,20261231.0,20241231 17:50:06
中華民國紅十字會臺北市分會,BF0100078,BF,臺北市,信義區,臺北市信義區中興里中興里信義路4段415號5樓-3,121.559211731,25.0332794189,C,巷弄長照站,臺北市,信義區,02-2758-3009,kennylasa0829@tp.edu.tw,胡坤佑,20190101.0,20211231.0,20210412 14:22:14
臺北市政府社會局委託佳醫長照社團法人經營管理臺北市兆如老人安養護中心,A10100161,A1,臺北市,文山區,臺北市文山區政大二街129號,121.5841903687,24.989315033,B,喘息服務,臺北市,松山區;信義區;大安區;中山區;中正區;大同區;萬華區;文山區;南港區;內湖區;士林區;北投區,0222258688,wenliyun12@gmail.com,蘇秀鑾,20250101.0,20261231.0,20250121 15:03:33
臺北市政府社會局委託佳醫長照社團法人經營管理臺北市兆如老人安養護中心,A10100161,A1,臺北市,文山區,臺北市文山區政大二街129號,121.5841903687,24.989315033,B,日間照顧服務,臺北市,松山區;信義區;大安區;中山區;中正區;大同區;萬華區;文山區;南港區;內湖區;士林區;北投區,0222258688,wenliyun12@gmail.com,蘇秀鑾,20180101.0,20231001.0,20201203 13:37:39
宗展股份有限公司附設臺北市私立辰心居家長照機構,1V0100010,1,臺北市,大同區,臺北市大同區永樂里西寧北路112號4樓之1,121.5088577271,25.0561103821,B,居家服務,新北市,板橋區;三重區;中和區;永和區;新莊區;新店區;樹林區;三峽區;淡水區;汐止區;土城區;蘆洲區;五股區;林口區,02-25580208,8hq008@gmail.com,簡裕宗,20250101.0,20271231.0,20241223 14:33:35
宗展股份有限公司附設臺北市私立辰心居家長照機構,1V0100010,1,臺北市,大同區,臺北市大同區永樂里西寧北路112號4樓之1,121.5088577271,25.0561103821,B,居家服務,臺北市,松山區;信義區;大安區;中山區;中正區;大同區;萬華區;文山區;南港區;內湖區;士林區;北投區,02-25580208,8hq008@gmail.com,簡裕宗,20240101.0,20261231.0,20231229 18:29:31
社團法人台灣德安社會福利協會受託經營管理臺北市大安老人服務中心,BD0100057,BD,臺北市,大安區,臺北市大安區德安里四維路76巷12號,121.5473480225,25.034204483,C,巷弄長照站,臺北市,大安區,27086255,daanolder@gmail.com,陳敏雄,20210101.0,20211231.0,20210407 15:46:07
財團法人天下為公社會福利慈善事業基金會,BD0100059,BD,臺北市,士林區,臺北市士林區承德路4段306號9樓,121.5186309814,25.0896549225,A,個案管理服務,臺北市,內湖區,02-28881056,kcw@mail.oit.edu.tw,胡世賢,20230101.0,20241231.0,20230208 09:11:36
財團法人天下為公社會福利慈善事業基金會,BD0100059,BD,臺北市,士林區,臺北市士林區承德路4段306號9樓,121.5186309814,25.0896549225,A,個案管理服務,臺北市,松山區,02-28881056,kcw@mail.oit.edu.tw,胡世賢,20250101.0,20261231.0,20241231 17:52:16
財團法人天下為公社會福利慈善事業基金會,BD0100059,BD,臺北市,士林區,臺北市士林區承德路4段306號9樓,121.5186309814,25.0896549225,A,個案管理服務,臺北市,松山區,02-28881056,kcw@mail.oit.edu.tw,胡世賢,20230424.0,20241231.0,20230425 17:16:37
臺北市私立麗康居家長照機構,1X0100009,1,臺北市,中山區,臺北市中山區中山北路二段162號7樓之1（706）室,121.5223007202,25.0632133484,B,居家服務,臺北市,中山區;中正區;大同區;萬華區,02-25532379,lily641130@gmail.com,吳麗鳳,20220425.0,20231231.0,20220425 11:44:23
財團法人天下為公社會福利慈善事業基金會,BD0100059,BD,臺北市,士林區,臺北市士林區承德路4段306號9樓,121.5186309814,25.0896549225,A,個案管理服務,臺北市,內湖區,02-28881056,kcw@mail.oit.edu.tw,胡世賢,20250101.0,20261231.0,20241231 17:51:16
臺北市立聯合醫院,B20100030,B2,臺北市,大同區,臺北市大同區鄭州路145號,121.5088882446,25.0506916046,A,個案管理服務,臺北市,士林區,02-25989917,B5646@tpech.gov.tw,王智弘,20230101.0,20241231.0,20230208 09:03:13
臺北市立聯合醫院,B20100030,B2,臺北市,大同區,臺北市大同區鄭州路145號,121.5088882446,25.0506916046,A,個案管理服務,臺北市,中正區,02-25989917,B5646@tpech.gov.tw,王智弘,20230101.0,20241231.0,20230208 09:08:00
臺北市立聯合醫院,B20100030,B2,臺北市,大同區,臺北市大同區鄭州路145號,121.5088882446,25.0506916046,B,居家失能個案家庭醫師照護服務,臺北市,松山區;信義區;大安區;中山區;中正區;大同區;萬華區;文山區;南港區;內湖區;士林區;北投區,02-25989917,B5646@tpech.gov.tw,王智弘,20250101.0,20261231.0,20250204 16:03:44
臺北市立聯合醫院,B20100030,B2,臺北市,大同區,臺北市大同區鄭州路145號,121.5088882446,25.0506916046,A,個案管理服務,臺北市,大安區,02-25989917,B5646@tpech.gov.tw,王智弘,20230101.0,20241231.0,20230208 09:03:03
臺北市立聯合醫院,B20100030,B2,臺北市,大同區,臺北市大同區鄭州路145號,121.5088882446,25.0506916046,A,個案管理服務,臺北市,中山區,02-25989917,B5646@tpech.gov.tw,王智弘,20250101.0,20261231.0,20241231 17:41:56
社團法人臺北市心藝社會關懷協會,BE0100060,BE,臺北市,信義區,臺北市信義區黎忠里和平東路三段391巷16號,121.5581359863,25.0202484131,C,巷弄長照站,臺北市,信義區,,wind59450@gmail.com,陳貴芝,20190101.0,20211231.0,20210412 14:41:31
臺北市三樂樂齡關懷協會,BF0100093,BF,臺北市,士林區,臺北市士林區社園里社中街240號,121.507598877,25.0915660858,C,巷弄長照站,臺北市,士林區,0937070078,syyeh888@gmail.com,葉子芸,20190101.0,20211231.0,20210407 11:51:33
財團法人天下為公社會福利慈善事業基金會,BD0100059,BD,臺北市,士林區,臺北市士林區承德路4段306號9樓,121.5186309814,25.0896549225,A,個案管理服務,臺北市,士林區,02-28881056,kcw@mail.oit.edu.tw,胡世賢,20230101.0,20241231.0,20230208 09:00:10
臺北市立聯合醫院,B20100030,B2,臺北市,大同區,臺北市大同區鄭州路145號,121.5088882446,25.0506916046,A,個案管理服務,臺北市,中正區,02-25989917,B5646@tpech.gov.tw,王智弘,20250101.0,20261231.0,20241231 17:44:29
臺北市士林區富光里辦公處,BF0100094,BF,臺北市,士林區,臺北市士林區富光里葫蘆街62號,121.5087432861,25.0808506012,C,巷弄長照站,臺北市,士林區,28160879,bn_443@mail.taipei.gov.tw,高毓紋,20190101.0,20211231.0,20210407 11:54:57
社團法人台灣愛鄰社區服務協會(信義區),BE0100064,BE,臺北市,大安區,臺北市大安區和平東路2段24號11樓,121.5364227295,25.025636673,B,營養餐飲服務,臺北市,信義區,23676646#8716,john.weng@breadoflife.taipei,王永慈,20190101.0,20211231.0,20210128 20:27:05
臺北市立聯合醫院,B20100030,B2,臺北市,大同區,臺北市大同區鄭州路145號,121.5088882446,25.0506916046,A,個案管理服務,臺北市,大安區,02-25989917,B5646@tpech.gov.tw,王智弘,20250101.0,20261231.0,20241231 20:27:02
臺北市立聯合醫院,B20100030,B2,臺北市,大同區,臺北市大同區鄭州路145號,121.5088882446,25.0506916046,A,個案管理服務,臺北市,大同區,02-25989917,B5646@tpech.gov.tw,王智弘,20250101.0,20261231.0,20241231 17:41:00
臺北市立聯合醫院,B20100030,B2,臺北市,大同區,臺北市大同區鄭州路145號,121.5088882446,25.0506916046,A,個案管理服務,臺北市,大同區,02-25989917,B5646@tpech.gov.tw,王智弘,20230101.0,20241231.0,20230208 09:03:23
臺北市立聯合醫院,B20100030,B2,臺北市,大同區,臺北市大同區鄭州路145號,121.5088882446,25.0506916046,A,個案管理服務,臺北市,南港區,02-25989917,B5646@tpech.gov.tw,王智弘,20230101.0,20241231.0,20230208 09:02:54
臺北市立聯合醫院,B20100030,B2,臺北市,大同區,臺北市大同區鄭州路145號,121.5088882446,25.0506916046,A,個案管理服務,臺北市,士林區,02-25989917,B5646@tpech.gov.tw,王智弘,20250101.0,20261231.0,20241231 17:39:17
財團法人臺北市阿瑪社會福利慈善事業基金會,BD0100060,BD,臺北市,大安區,臺北市大安區永康里信義路二段148巷6號1樓,121.528503418,25.0329818726,C,巷弄長照站,臺北市,大安區,02-23212663,amah21486@gmail.com,蘇淳瑩,20190101.0,20211231.0,20210407 15:20:15
臺北市私立麗康居家長照機構,1X0100009,1,臺北市,中山區,臺北市中山區中山北路二段162號7樓之1（706）室,121.5223007202,25.0632133484,B,居家服務,臺北市,中山區;中正區;大同區;萬華區;士林區,02-25532379,lily641130@gmail.com,吳麗鳳,20240101.0,20261231.0,20240513 14:00:14
臺北市私立麗康居家長照機構,1X0100009,1,臺北市,中山區,臺北市中山區中山北路二段162號7樓之1（706）室,121.5223007202,25.0632133484,B,喘息服務,臺北市,中山區;中正區;大同區;萬華區;士林區,02-25532379,lily641130@gmail.com,吳麗鳳,20241014.0,20261231.0,20241015 09:03:35
台灣基督長老教會馬偕醫療財團法人附設臺北市私立大同昌吉社區長照機構,2S0100017,2,臺北市,大同區,臺北市大同區蓬萊里昌吉街52號9至10樓,121.5163421631,25.0658149719,B,日間照顧服務,臺北市,松山區;信義區;大安區;中山區;中正區;大同區;萬華區;文山區;南港區;內湖區;士林區;北投區,02-2598-8710,yufang.3243@mmh.org.tw,蕭聰穎,20180101.0,20221231.0,20230221 11:36:15
財團法人伊甸社會福利基金會(松山區八德路),BD0100061,BD,臺北市,松山區,臺北市松山區復勢里八德路三段155巷4弄35號1樓,121.5556030273,25.0489234924,C,巷弄長照站,臺北市,松山區,25702560分機23,eden7964@eden.org.tw,成亮,20190101.0,20211231.0,20210412 13:54:08
同仁院醫療財團法人萬華醫院附設居家護理所,B10100054,B1,臺北市,萬華區,臺北市萬華區中華路2段606巷6號,121.5098266602,25.0240497589,B,專業照護服務,臺北市,中正區;大同區;萬華區,2305-9292 #603,wanhwahc88@yahoo.com.tw,蕭竹生,20210101.0,20221231.0,20221221 13:53:32
臺北市立聯合醫院,B20100030,B2,臺北市,大同區,臺北市大同區鄭州路145號,121.5088882446,25.0506916046,A,個案管理服務,臺北市,大同區,02-25989917,B5646@tpech.gov.tw,王智弘,20230101.0,20241231.0,20230208 09:02:48
臺北市立聯合醫院,B20100030,B2,臺北市,大同區,臺北市大同區鄭州路145號,121.5088882446,25.0506916046,A,個案管理服務,臺北市,南港區,02-25989917,B5646@tpech.gov.tw,王智弘,20250101.0,20261231.0,20241231 17:36:37
臺北市私立璞馨居家長照機構,1X0100012,1,臺北市,萬華區,臺北市萬華區忠德里東園街66巷21弄51號2樓,121.4953765869,25.0266094208,B,居家服務,臺北市,中山區;中正區;大同區;萬華區,02-23056626,pushin23056626@gmail.com,李凱婷,20240101.0,20261231.0,20231229 16:35:45
臺北市立萬芳醫院–委託臺北醫學大學辦理附設居家護理所,B10100056,B1,臺北市,文山區,臺北市文山區萬美街一段25號B1,121.5583267212,25.0003051758,B,專業照護服務,臺北市,文山區,2930-7930 #1863,93116@w.tmu.edu.tw,何雲仙,20230224.0,20241231.0,20230302 09:55:44
臺北市立萬芳醫院–委託臺北醫學大學辦理附設居家護理所,B10100056,B1,臺北市,文山區,臺北市文山區萬美街一段25號B1,121.5583267212,25.0003051758,B,專業照護服務,臺北市,文山區,2930-7930 #1863,93116@w.tmu.edu.tw,何雲仙,20250101.0,20261231.0,20241030 09:36:38
旺得福居家物理治療所,B40100025,B4,臺北市,中山區,臺北市中山區民權西路20號10樓之11,121.553276062,25.0291194916,B,專業照護服務(CC01),新北市,板橋區;三重區;中和區;永和區;新莊區;新店區;樹林區;鶯歌區;三峽區;淡水區;汐止區;瑞芳區;土城區;蘆洲區;五股區;泰山區;林口區;深坑區;石碇區;坪林區;三芝區;石門區;八里區;平溪區;雙溪區;貢寮區;金山區;萬里區;烏來區,02-28113890,spring85331@hotmail.com,沈春儀,20220101.0,20241231.0,20230802 17:19:14
挺好居家職能治療所,B50100016,B5,臺北市,北投區,臺北市北投區石牌路二段130巷4號,121.5174484253,25.117641449,B,專業照護服務,臺北市,松山區;信義區;大安區;中山區;中正區;大同區;萬華區;文山區;南港區;內湖區;士林區;北投區,0970-595-059,ihcr3975@gmail.com,栢添源,20190501.0,20201231.0,20190823 10:46:48
樂親居家職能治療所,B50100017,B5,臺北市,萬華區,臺北市萬華區和平西路三段396號106室,121.4909744263,25.0353431702,B,專業照護服務(CC01),新北市,板橋區;三重區;中和區;永和區;新莊區;新店區;樹林區;鶯歌區;三峽區;淡水區;汐止區;瑞芳區;土城區;蘆洲區;五股區;泰山區;林口區;深坑區;石碇區;坪林區;三芝區;石門區;八里區;平溪區;雙溪區;貢寮區;金山區;萬里區;烏來區,0971-119-909,happylc888@gmail.com,林煜涵,20250101.0,20271231.0,20241205 15:33:19
社團法人台灣多元社會福利協會,BE0100062,BE,臺北市,北投區,臺北市北投區溫泉里溫泉里68-10號,121.5049057007,25.1349697113,C,巷弄長照站,臺北市,北投區,02-28921099,tapdsw@gmail.com,林政緯,20190101.0,20211231.0,20210412 11:04:07
欣昇復健科診所,B20100031,B2,臺北市,大安區,臺北市大安區復興南路一段283號,121.5438537598,25.0354976654,B,居家失能個案家庭醫師照護服務,臺北市,松山區;信義區;大安區;中山區;中正區;大同區;萬華區;文山區;南港區;內湖區;士林區;北投區,2700-8805,xsrehab@gmail.com,洪維,20190730.0,20201231.0,20191005 19:00:35
欣昇復健科診所,B20100031,B2,臺北市,大安區,臺北市大安區復興南路一段283號,121.5438537598,25.0354976654,B,專業照護服務,臺北市,松山區;信義區;大安區;中山區;中正區;大同區;萬華區;文山區;南港區;內湖區;士林區;北投區,2700-8805,xsrehab@gmail.com,洪維,20190730.0,20201231.0,20190821 09:44:26
太豐交通有限公司,BA0100004,BA,臺北市,文山區,臺北市文山區景福街196號,121.5378494263,24.9943199158,B,交通接送服務,新北市,板橋區;三重區;中和區;永和區;新莊區;新店區;樹林區;鶯歌區;三峽區;淡水區;汐止區;瑞芳區;土城區;蘆洲區;五股區;泰山區;林口區;深坑區;石碇區;坪林區;三芝區;石門區;八里區;平溪區;雙溪區;貢寮區;金山區;萬里區;烏來區,02-29182234,Raymon-cl@hotmail.com,林勝華,20250101.0,20271231.0,20241223 10:25:35
全福物理治療所,B40100024,B4,臺北市,大安區,臺北市大安區忠孝東路三段10巷3號7樓,121.5335769653,25.0412921906,B,專業照護服務,臺北市,松山區;信義區;大安區;中山區;中正區;大同區;萬華區;文山區;南港區;內湖區;士林區;北投區,0909-179-279,s09179279@gmail.com,徐振瑋,20190401.0,20201231.0,20210112 11:44:14
旺得福居家物理治療所,B40100025,B4,臺北市,中山區,臺北市中山區民權西路20號10樓之11,121.553276062,25.0291194916,B,專業照護服務(CC01),新北市,板橋區;三重區;中和區;永和區;新莊區;新店區;樹林區;鶯歌區;三峽區;淡水區;汐止區;土城區;蘆洲區;五股區;泰山區;林口區;八里區,02-28113890,spring85331@hotmail.com,沈春儀,20250101.0,20271231.0,20241225 16:59:35
旺得福居家物理治療所,B40100025,B4,臺北市,中山區,臺北市中山區民權西路20號10樓之11,121.553276062,25.0291194916,B,專業照護服務,臺北市,松山區;信義區;大安區;中山區;中正區;大同區;萬華區;文山區;南港區;內湖區;士林區;北投區,02-28113890,spring85331@hotmail.com,沈春儀,20250101.0,20261231.0,20241105 18:35:18
樂親居家職能治療所,B50100017,B5,臺北市,萬華區,臺北市萬華區和平西路三段396號106室,121.4909744263,25.0353431702,B,專業照護服務(CC01),新北市,板橋區;三重區;中和區;永和區;新莊區;新店區;樹林區;鶯歌區;三峽區;淡水區;汐止區;瑞芳區;土城區;蘆洲區;五股區;泰山區;林口區;深坑區;石碇區;坪林區;三芝區;石門區;八里區;平溪區;雙溪區;貢寮區;金山區;萬里區;烏來區,0971-119-909,happylc888@gmail.com,林煜涵,20220101.0,20241231.0,20230802 17:19:14
樂親居家職能治療所,B50100017,B5,臺北市,萬華區,臺北市萬華區和平西路三段396號106室,121.4909744263,25.0353431702,B,專業照護服務,新北市,板橋區;三重區;中和區;永和區;新莊區;新店區;樹林區;鶯歌區;三峽區;淡水區;汐止區;瑞芳區;土城區;蘆洲區;五股區;泰山區;林口區;深坑區;石碇區;坪林區;三芝區;石門區;八里區;平溪區;雙溪區;貢寮區;金山區;萬里區;烏來區,0971-119-909,happylc888@gmail.com,林煜涵,20220101.0,20241231.0,20220126 15:46:36
樂親居家職能治療所,B50100017,B5,臺北市,萬華區,臺北市萬華區和平西路三段396號106室,121.4909744263,25.0353431702,B,專業照護服務,新北市,板橋區;三重區;中和區;永和區;新莊區;新店區;樹林區;鶯歌區;三峽區;淡水區;汐止區;瑞芳區;土城區;蘆洲區;五股區;泰山區;林口區;深坑區;石碇區;坪林區;三芝區;石門區;八里區;平溪區;雙溪區;貢寮區;金山區;萬里區;烏來區,0971-119-909,happylc888@gmail.com,林煜涵,20250101.0,20271231.0,20241205 15:32:57
旺得福居家物理治療所,B40100025,B4,臺北市,中山區,臺北市中山區民權西路20號10樓之11,121.553276062,25.0291194916,B,專業照護服務,新北市,板橋區;三重區;中和區;永和區;新莊區;新店區;樹林區;鶯歌區;三峽區;淡水區;汐止區;土城區;蘆洲區;五股區;泰山區;林口區;八里區,02-28113890,spring85331@hotmail.com,沈春儀,20220101.0,20241231.0,20220210 15:10:00
旺得福居家物理治療所,B40100025,B4,臺北市,中山區,臺北市中山區民權西路20號10樓之11,121.553276062,25.0291194916,B,專業照護服務,新北市,板橋區;三重區;中和區;永和區;新莊區;新店區;樹林區;鶯歌區;三峽區;淡水區;汐止區;土城區;蘆洲區;五股區;泰山區;林口區;八里區,02-28113890,spring85331@hotmail.com,沈春儀,20250101.0,20271231.0,20241225 16:59:15
社團法人中華健康美好生活協會(洲美),BE0100061,BE,臺北市,北投區,臺北市北投區洲美里福美街207號,121.5050048828,25.1000919342,C,巷弄長照站,臺北市,北投區,0910302055,abaaroma@gmail.com,林佳蓉,20190101.0,20211231.0,20210412 10:58:53
臺北市私立璞馨居家長照機構,1X0100012,1,臺北市,萬華區,臺北市萬華區忠德里東園街66巷21弄51號2樓,121.4953765869,25.0266094208,B,喘息服務,臺北市,松山區;信義區;大安區;中山區;中正區;大同區;萬華區;文山區;南港區;內湖區;士林區;北投區,02-23056626,pushin23056626@gmail.com,李凱婷,20190828.0,20241231.0,20221229 21:24:44
臺北市私立璞馨居家長照機構,1X0100012,1,臺北市,萬華區,臺北市萬華區忠德里東園街66巷21弄51號2樓,121.4953765869,25.0266094208,B,居家服務,臺北市,中山區;中正區;大同區;萬華區,02-23056626,pushin23056626@gmail.com,李凱婷,20220101.0,20231231.0,20211230 15:08:17
臺北市私立璞馨居家長照機構,1X0100012,1,臺北市,萬華區,臺北市萬華區忠德里東園街66巷21弄51號2樓,121.4953765869,25.0266094208,B,喘息服務,臺北市,松山區;信義區;大安區;中山區;中正區;大同區;萬華區;文山區;南港區;內湖區;士林區;北投區,02-23056626,pushin23056626@gmail.com,李凱婷,20250101.0,20261231.0,20241126 11:06:42
台灣基督長老教會馬偕醫療財團法人附設臺北市私立大同昌吉社區長照機構,2S0100017,2,臺北市,大同區,臺北市大同區蓬萊里昌吉街52號9至10樓,121.5163421631,25.0658149719,B,日間照顧服務,臺北市,松山區;信義區;大安區;中山區;中正區;大同區;萬華區;文山區;南港區;內湖區;士林區;北投區,02-2598-8710,yufang.3243@mmh.org.tw,蕭聰穎,20230101.0,20251231.0,20230221 11:35:39
(新北)財團法人伊甸社會福利基金會,BD0100056,BD,臺北市,文山區,臺北市文山區萬美街一段55號3樓；通訊：新北市中和區中山路二段351號8樓之9,121.5681152344,25.0023422241,B,交通接送服務,新北市,板橋區;三重區;中和區;永和區;新莊區;新店區;樹林區;鶯歌區;三峽區;淡水區;汐止區;瑞芳區;土城區;蘆洲區;五股區;泰山區;林口區;深坑區;石碇區;坪林區;三芝區;石門區;八里區;平溪區;雙溪區;貢寮區;金山區;萬里區;烏來區,02-2221-9531,edenC0619@eden.org.tw,陳宇昭,20250101.0,20271231.0,20241225 09:04:04
臺北市立萬芳醫院-委託臺北醫學大學辦理附設護理之家,A30100026,A3,臺北市,文山區,臺北市文山區興隆路三段111號12樓,121.5583267212,25.0003051758,B,喘息服務,臺北市,松山區;信義區;大安區;中山區;中正區;大同區;萬華區;文山區;南港區;內湖區;士林區;北投區,02 29307930轉52901,101226@w.tmu.edu.tw,黃彥睿,20240826.0,20261231.0,20240827 09:17:14
社團法人中華基督教合一宣教協會,BE0100069,BE,臺北市,大安區,臺北市大安區義村里忠孝東路三段136號13樓,121.5377960205,25.0415039062,C,巷弄長照站,臺北市,大安區,02-87720775,divine201056@gmail.com,黃貴鳳,20190101.0,20211231.0,20210407 15:43:58
回復點藥局,B30100007,B3,臺北市,大安區,臺北市大安區大安路一段65號2樓之1,121.5462799072,25.0425357819,B,專業照護服務,臺北市,大安區,2721-8597,recoverypointmacy@gmail.com,許凱婷,20190307.0,20201231.0,20190821 15:17:34
旺得福居家物理治療所,B40100025,B4,臺北市,中山區,臺北市中山區民權西路20號10樓之11,121.553276062,25.0291194916,B,專業照護服務,臺北市,松山區;信義區;大安區;中山區;中正區;大同區;萬華區;文山區;南港區;內湖區;士林區;北投區,02-28113890,spring85331@hotmail.com,沈春儀,20190501.0,20241231.0,20221229 22:47:28
樂親居家職能治療所,B50100017,B5,臺北市,萬華區,臺北市萬華區和平西路三段396號106室,121.4909744263,25.0353431702,B,專業照護服務,臺北市,松山區;信義區;大安區;中山區;中正區;大同區;萬華區;文山區;南港區;內湖區;士林區;北投區,0971-119-909,happylc888@gmail.com,林煜涵,20220714.0,20241231.0,20221229 22:18:17
樂親居家職能治療所,B50100017,B5,臺北市,萬華區,臺北市萬華區和平西路三段396號106室,121.4909744263,25.0353431702,B,專業照護服務,臺北市,松山區;信義區;大安區;中山區;中正區;大同區;萬華區;文山區;南港區;內湖區;士林區;北投區,0971-119-909,happylc888@gmail.com,林煜涵,20250101.0,20261231.0,20241101 10:29:04
適康復健科診所,B20100035,B2,臺北市,內湖區,臺北市內湖區文德路141號,121.5843048096,25.0787162781,B,專業照護服務,臺北市,松山區;信義區;大安區;中山區;中正區;大同區;萬華區;文山區;南港區;內湖區;士林區;北投區,0920-095-460,g39110004@gmail.com,陳建宏,19210701.0,20201231.0,20190823 11:58:53
大直復健科診所,B20100038,B2,臺北市,中山區,臺北市中山區北安路630巷25弄16號,121.549911499,25.0836029053,B,居家失能個案家庭醫師照護服務,臺北市,松山區;中山區;大同區;南港區;士林區,85096879,paoshow@hotmail.com,陳奕錫,20190906.0,20241231.0,20241021 15:39:51
大直復健科診所,B20100038,B2,臺北市,中山區,臺北市中山區北安路630巷25弄16號,121.549911499,25.0836029053,B,居家失能個案家庭醫師照護服務,臺北市,松山區;中山區;大同區;南港區;士林區,85096879,paoshow@hotmail.com,陳奕錫,20250101.0,20261231.0,20250204 16:27:05
臺北市私立跑居家長照機構,1X0100014,1,臺北市,士林區,臺北市士林區葫東里重慶北路4段250號3樓313室,121.5113525391,25.0866317749,B,居家服務,臺北市,松山區;中山區;中正區;大同區;萬華區;士林區;北投區,02-28161255,rcago313@gmail.com,吳正昕,20240101.0,20261231.0,20231229 18:29:48
臺北市私立跑居家長照機構,1X0100014,1,臺北市,士林區,臺北市士林區葫東里重慶北路4段250號3樓313室,121.5113525391,25.0866317749,B,居家服務,臺北市,中山區;大同區;士林區,02-28161255,rcago313@gmail.com,吳正昕,20191125.0,20211231.0,20201203 18:24:09
行一診所,B20100036,B2,臺北市,大安區,臺北市大安區新生南路3段19巷8號3樓之1,121.5354919434,25.0248851776,B,居家失能個案家庭醫師照護服務,臺北市,松山區;信義區;大安區;中山區;中正區;大同區;萬華區;文山區;南港區;內湖區;士林區;北投區,02-2784-0735,xingyiclinic@gmail.com,張凱評,20191005.0,20241231.0,20221230 22:06:54
臺北市私立跑居家長照機構,1X0100014,1,臺北市,士林區,臺北市士林區葫東里重慶北路4段250號3樓313室,121.5113525391,25.0866317749,B,居家服務,臺北市,松山區;中山區;中正區;大同區;萬華區;士林區;北投區,02-28161255,rcago313@gmail.com,吳正昕,20220101.0,20231231.0,20211230 10:10:25
李文珍小兒科診所,B20100037,B2,臺北市,南港區,臺北市南港區研究院路二段74號,121.6151046753,25.0455703735,B,居家失能個案家庭醫師照護服務,臺北市,南港區,26541871,liwennchenn@gmail.com,李文珍,20190906.0,20241231.0,20221230 21:47:40
原力復健科診所,B20100039,B2,臺北市,信義區,"臺北市信義區基隆路2段145號B1,1,2樓",121.5557403564,25.0269737244,B,居家失能個案家庭醫師照護服務,臺北市,松山區;信義區;大安區;中山區;中正區;大同區;萬華區;文山區;南港區;內湖區;士林區;北投區,27327311,christine1040606@gmail.com,侯鐘堡,20190906.0,20201231.0,20191005 19:30:36
財團法人台北市私立愛愛院,A10100162,A1,臺北市,萬華區,臺北市萬華區大理街175巷27號,121.4955291748,25.0345592499,B,喘息服務,臺北市,松山區;信義區;大安區;中山區;中正區;大同區;萬華區;文山區;南港區;內湖區;士林區;北投區,02-23060493,csp1@aiai.org.tw,施武靖,20251101.0,20261231.0,20241104 10:06:49
財團法人台北市私立愛愛院,A10100162,A1,臺北市,萬華區,臺北市萬華區大理街175巷27號,121.4955291748,25.0345592499,B,喘息服務,臺北市,萬華區,02-23060493,csp1@aiai.org.tw,施武靖,20180301.0,20241231.0,20241104 10:06:00
行一診所,B20100036,B2,臺北市,大安區,臺北市大安區新生南路3段19巷8號3樓之1,121.5354919434,25.0248851776,B,居家失能個案家庭醫師照護服務,臺北市,松山區;信義區;大安區;中山區;中正區;大同區;文山區,02-2784-0735,xingyiclinic@gmail.com,張凱評,20250101.0,20261231.0,20250204 16:02:35
財團法人台北市私立愛愛院,A10100162,A1,臺北市,萬華區,臺北市萬華區大理街175巷27號,121.4955291748,25.0345592499,B,日間照顧服務,臺北市,松山區;信義區;大安區;中山區;中正區;大同區;萬華區;文山區;南港區;內湖區;士林區;北投區,02-23060493,csp1@aiai.org.tw,施武靖,20211229.0,20231231.0,20240102 11:03:38
王永良診所,B20100042,B2,臺北市,北投區,臺北市北投區自強街94號1樓,121.5149765015,25.1106376648,B,居家失能個案家庭醫師照護服務,臺北市,北投區,0921125765,emer2314@gmail.com,王永良,20250101.0,20261231.0,20250204 16:09:30
王永良診所,B20100042,B2,臺北市,北投區,臺北市北投區自強街94號1樓,121.5149765015,25.1106376648,B,居家失能個案家庭醫師照護服務,臺北市,北投區,0921125765,emer2314@gmail.com,王永良,20191009.0,20241231.0,20221230 21:55:06
洪耳鼻喉科診所,B20100043,B2,臺北市,北投區,臺北市北投區中央南路一段43號,121.501449585,25.1322040558,B,居家失能個案家庭醫師照護服務,臺北市,北投區,0910114962,Hungtj66@ms31.hinet.net,洪德仁,20191009.0,20241231.0,20221230 21:54:31
財團法人台北市私立愛愛院,A10100162,A1,臺北市,萬華區,臺北市萬華區大理街175巷27號,121.4955291748,25.0345592499,B,喘息服務,臺北市,松山區;信義區;大安區;中山區;中正區;大同區;萬華區;文山區;南港區;內湖區;士林區;北投區,02-23060493,csp1@aiai.org.tw,施武靖,20250101.0,20261231.0,20250204 12:02:00
財團法人台北市私立愛愛院,A10100162,A1,臺北市,萬華區,臺北市萬華區大理街175巷27號,121.4955291748,25.0345592499,A,個案管理服務,臺北市,萬華區,02-23060493,csp1@aiai.org.tw,施武靖,20230424.0,20241231.0,20230425 16:55:21
喜樂園長照股份有限公司附設臺北市私立喜樂園居家長照機構,1R0100011,1,臺北市,松山區,臺北市松山區吉祥里八德路4段123號2樓之4,121.5617523193,25.0487098694,B,居家服務,新北市,板橋區;三重區;中和區;永和區;新莊區;新店區;樹林區;鶯歌區;三峽區;淡水區;汐止區;土城區;蘆洲區;泰山區;林口區,27602270,formosacpa@gmail.com,張經緯,20250101.0,20271231.0,20241225 16:10:29
喜樂園長照股份有限公司附設臺北市私立喜樂園居家長照機構,1R0100011,1,臺北市,松山區,臺北市松山區吉祥里八德路4段123號2樓之4,121.5617523193,25.0487098694,B,喘息服務,新北市,板橋區;三重區;中和區;永和區;新莊區;新店區;樹林區;鶯歌區;三峽區;淡水區;汐止區;土城區;蘆洲區;泰山區;林口區,27602270,formosacpa@gmail.com,張經緯,20250101.0,20271231.0,20241225 16:11:20
喜樂園長照股份有限公司附設臺北市私立喜樂園居家長照機構,1R0100011,1,臺北市,松山區,臺北市松山區吉祥里八德路4段123號2樓之4,121.5617523193,25.0487098694,B,居家服務,新北市,板橋區;中和區;永和區,27602270,formosacpa@gmail.com,張經緯,20250101.0,20271231.0,20241225 16:14:39
喜樂園長照股份有限公司附設臺北市私立喜樂園居家長照機構,1R0100011,1,臺北市,松山區,臺北市松山區吉祥里八德路4段123號2樓之4,121.5617523193,25.0487098694,B,居家服務,臺北市,松山區;信義區;大安區;中山區;中正區;大同區;萬華區;文山區;南港區;內湖區;士林區;北投區,27602270,formosacpa@gmail.com,張經緯,20240101.0,20261231.0,20231229 18:41:31
喜樂園長照股份有限公司附設臺北市私立喜樂園居家長照機構,1R0100011,1,臺北市,松山區,臺北市松山區吉祥里八德路4段123號2樓之4,121.5617523193,25.0487098694,B,居家服務,臺北市,松山區;信義區;大安區;中山區;中正區;大同區;萬華區;文山區;南港區;內湖區;士林區;北投區,27602270,formosacpa@gmail.com,張經緯,20220101.0,20231231.0,20211230 14:57:48
臺北市私立雲朵社區長照機構,2X0100008,2,臺北市,中正區,臺北市中正區幸福里杭州南路1段63號4樓之1,121.526802063,25.0434741974,B,日間照顧服務,臺北市,松山區;信義區;大安區;中山區;中正區;大同區;萬華區;文山區;南港區;內湖區;士林區;北投區,02-23911898,pink121634@gmail.com,方明,20191009.0,20211231.0,20210202 15:40:35
臺北市私立雲朵社區長照機構,2X0100008,2,臺北市,中正區,臺北市中正區幸福里杭州南路1段63號4樓之1,121.526802063,25.0434741974,B,日間照顧服務,臺北市,中正區,02-23911898,pink121634@gmail.com,方明,20230101.0,20251231.0,20230207 17:16:37
臺北市私立雲朵社區長照機構,2X0100008,2,臺北市,中正區,臺北市中正區幸福里杭州南路1段63號4樓之1,121.526802063,25.0434741974,B,日間照顧服務,臺北市,松山區;信義區;大安區;中山區;中正區;大同區;萬華區;文山區;南港區;內湖區;士林區;北投區,02-23911898,pink121634@gmail.com,方明,20240101.0,20261231.0,20240102 11:59:48
有限責任臺灣第二照顧服務勞動合作社附設臺北市私立二顧居家長照機構,1R0100012,1,臺北市,中正區,臺北市中正區羅斯福路一段102號8樓,121.5088119507,25.0532798767,B,喘息服務,臺北市,松山區;信義區;大安區;中山區;中正區;大同區;萬華區;文山區;南港區;內湖區;士林區;北投區,02-25527608,tpservice@secondcare.org.tw,伍崑崙,20250101.0,20261231.0,20241122 18:22:14
有限責任臺灣第二照顧服務勞動合作社附設臺北市私立二顧居家長照機構,1R0100012,1,臺北市,中正區,臺北市中正區羅斯福路一段102號8樓,121.5088119507,25.0532798767,B,居家服務,臺北市,松山區;信義區;大安區;中山區;中正區;大同區;萬華區;文山區;南港區;內湖區;士林區;北投區,02-25527608,tpservice@secondcare.org.tw,伍崑崙,20191206.0,20231231.0,20220104 17:22:01
臺北市私立雲朵社區長照機構,2X0100008,2,臺北市,中正區,臺北市中正區幸福里杭州南路1段63號4樓之1,121.526802063,25.0434741974,B,日間照顧服務,臺北市,松山區;信義區;大安區;中山區;中正區;大同區;萬華區;文山區;南港區;內湖區;士林區;北投區,02-23911898,pink121634@gmail.com,方明,20220101.0,20221231.0,20220208 12:45:03
喜樂園長照股份有限公司附設臺北市私立喜樂園居家長照機構,1R0100011,1,臺北市,松山區,臺北市松山區吉祥里八德路4段123號2樓之4,121.5617523193,25.0487098694,B,喘息服務,新北市,板橋區;中和區;永和區,27602270,formosacpa@gmail.com,張經緯,20250101.0,20271231.0,20241225 16:15:01
財團法人弘道老人福利基金會,BD0100058,BD,臺北市,松山區,臺北市松山區復興北路451號1樓,121.5444335938,25.0639877319,A,個案管理服務,臺北市,松山區,02-66131314,yvonne@hondao.org.tw,王乃弘,20250101.0,20261231.0,20241231 17:54:20
財團法人弘道老人福利基金會,BD0100058,BD,臺北市,松山區,臺北市松山區復興北路451號1樓,121.5444335938,25.0639877319,A,個案管理服務,臺北市,松山區,02-66131314,yvonne@hondao.org.tw,王乃弘,20230101.0,20241231.0,20230208 09:09:04
有限責任臺灣第二照顧服務勞動合作社附設臺北市私立二顧居家長照機構,1R0100012,1,臺北市,中正區,臺北市中正區羅斯福路一段102號8樓,121.5088119507,25.0532798767,B,居家服務,臺北市,松山區;信義區;大安區;中山區;中正區;大同區;萬華區;文山區;南港區;內湖區;士林區;北投區,02-25527608,tpservice@secondcare.org.tw,伍崑崙,20240101.0,20261231.0,20231229 09:24:11
臺北市私立跑居家長照機構,1X0100014,1,臺北市,士林區,臺北市士林區葫東里重慶北路4段250號3樓313室,121.5113525391,25.0866317749,B,喘息服務,臺北市,松山區;中山區;中正區;大同區;萬華區;士林區;北投區,02-28161255,rcago313@gmail.com,吳正昕,20200110.0,20241231.0,20221229 22:57:32
臺北市私立跑居家長照機構,1X0100014,1,臺北市,士林區,臺北市士林區葫東里重慶北路4段250號3樓313室,121.5113525391,25.0866317749,B,喘息服務,臺北市,松山區;中山區;中正區;大同區;萬華區;士林區;北投區,02-28161255,rcago313@gmail.com,吳正昕,20250101.0,20261231.0,20241122 18:32:23
李文珍小兒科診所,B20100037,B2,臺北市,南港區,臺北市南港區研究院路二段74號,121.6151046753,25.0455703735,B,居家失能個案家庭醫師照護服務,新北市,汐止區,26541871,liwennchenn@gmail.com,李文珍,20250101.0,20271231.0,20250113 10:42:15
李文珍小兒科診所,B20100037,B2,臺北市,南港區,臺北市南港區研究院路二段74號,121.6151046753,25.0455703735,B,居家失能個案家庭醫師照護服務,臺北市,南港區;內湖區,26541871,liwennchenn@gmail.com,李文珍,20250101.0,20261231.0,20250204 16:16:20
原力復健科診所,B20100039,B2,臺北市,信義區,"臺北市信義區基隆路2段145號B1,1,2樓",121.5557403564,25.0269737244,B,專業照護服務,臺北市,松山區;信義區;大安區;中山區;中正區;大同區;萬華區;文山區;南港區;內湖區;士林區;北投區,27327311,christine1040606@gmail.com,侯鐘堡,20190917.0,20201231.0,20200311 17:15:07
財團法人台北市私立愛愛院,A10100162,A1,臺北市,萬華區,臺北市萬華區大理街175巷27號,121.4955291748,25.0345592499,A,個案管理服務,臺北市,萬華區,02-23060493,csp1@aiai.org.tw,施武靖,20250101.0,20261231.0,20241231 17:27:39
財團法人台北市私立愛愛院,A10100162,A1,臺北市,萬華區,臺北市萬華區大理街175巷27號,121.4955291748,25.0345592499,B,日間照顧服務,臺北市,松山區;信義區;大安區;中山區;中正區;大同區;萬華區;文山區;南港區;內湖區;士林區;北投區,02-23060493,csp1@aiai.org.tw,施武靖,20240101.0,20261231.0,20240102 11:05:06
洪耳鼻喉科診所,B20100043,B2,臺北市,北投區,臺北市北投區中央南路一段43號,121.501449585,25.1322040558,B,居家失能個案家庭醫師照護服務,臺北市,北投區,0910114962,Hungtj66@ms31.hinet.net,洪德仁,20250101.0,20261231.0,20250204 16:10:54
臺北市士林區葫蘆里辦公處,BF0100092,BF,臺北市,士林區,臺北市士林區葫蘆里葫蘆街137號,121.508605957,25.0838012695,C,巷弄長照站,臺北市,士林區,0958972685,mrbean1685@yahoo.com.tw,許振禮,20190101.0,20211231.0,20210407 13:56:07
有限責任臺北市樂見在照顧服務勞動合作社附設私立樂見在居家長照機構,1T0100002,1,臺北市,松山區,臺北市松山區中崙里松山區八德路二段447號7樓,121.5052032471,25.1240577698,B,居家服務,臺北市,松山區;信義區;大安區;中山區;中正區;大同區;萬華區;文山區;南港區;內湖區;士林區;北投區,02-2303-0369,Lcancarer@gmail.com,倪玲娜,20190819.0,20231231.0,20211230 14:58:32
有限責任臺北市樂見在照顧服務勞動合作社附設私立樂見在居家長照機構,1T0100002,1,臺北市,松山區,臺北市松山區中崙里松山區八德路二段447號7樓,121.5052032471,25.1240577698,B,居家服務,臺北市,松山區;信義區;大安區;中山區;中正區;大同區;萬華區;文山區;南港區;內湖區;士林區;北投區,02-2303-0369,Lcancarer@gmail.com,倪玲娜,20240101.0,20261231.0,20231229 13:43:49
有限責任臺北市樂見在照顧服務勞動合作社附設私立樂見在居家長照機構,1T0100002,1,臺北市,松山區,臺北市松山區中崙里松山區八德路二段447號7樓,121.5052032471,25.1240577698,B,喘息服務,臺北市,松山區;信義區;大安區;中山區;中正區;大同區;萬華區;文山區;南港區;內湖區;士林區;北投區,02-2303-0369,Lcancarer@gmail.com,倪玲娜,20250101.0,20261231.0,20241120 11:10:12
臺北市內湖區灣仔社區發展協會,BF0100095,BF,臺北市,內湖區,臺北市內湖區寶湖里民權東路6段208號,121.5966949463,25.0676383972,C,巷弄長照站,臺北市,內湖區,0961365688,yen7679@gmail.com,顏聰明,20190101.0,20211231.0,20210408 18:06:39
沐晨職能治療所,B50100013,B5,臺北市,內湖區,臺北市內湖區安泰街125巷19號5樓,121.6170425415,25.0771598816,B,專業照護服務,新北市,板橋區;三重區;中和區;永和區;新莊區;新店區;樹林區;三峽區;淡水區;汐止區;土城區;蘆洲區;五股區;泰山區;林口區;深坑區;石碇區;三芝區;石門區;八里區;金山區;萬里區;烏來區,2633-3506,muchenot@gmail.com,徐瑛雅,20250101.0,20271231.0,20241205 15:13:17
(臺北市C+)財團法人弘道老人福利基金會,BD0100062,BD,臺北市,中正區,臺北市中正區紹興北街２巷３樓４樓,121.6079330444,25.0537624359,C,巷弄長照站,臺北市,南港區,02-23221735,jinewang5@hondao.org.tw,王乃弘,20190101.0,20241231.0,20221229 22:04:33
政昇藥局,B30100005,B3,臺北市,松山區,臺北市松山區南京東路五段356號13及14樓,121.569694519,25.0510635376,B,專業照護服務,臺北市,松山區;信義區;大安區;中山區;中正區;大同區;萬華區;文山區;南港區;內湖區;士林區;北投區,2756-2756,chliu@ihealth.com.tw,陳文志,20190808.0,20201231.0,20190821 09:28:24
大安居家語言治療所,B70100003,B7,臺北市,大安區,臺北市大安區信義路三段147巷15弄5號7樓,121.5423812866,25.0351638794,B,專業照護服務,臺北市,松山區;信義區;大安區;中山區;中正區;大同區;萬華區;文山區;南港區;內湖區;士林區;北投區,2700-0737,yangkehyou@yahoo.com.tw,楊克尤,20190314.0,20241231.0,20221230 20:05:33
沐晨職能治療所,B50100013,B5,臺北市,內湖區,臺北市內湖區安泰街125巷19號5樓,121.6170425415,25.0771598816,B,專業照護服務,臺北市,松山區;信義區;文山區;南港區;內湖區,2633-3506,muchenot@gmail.com,徐瑛雅,20190223.0,20241231.0,20221230 20:17:31
安民家庭醫學科診所,B20100032,B2,臺北市,大安區,臺北市大安區大安路一段65號2樓之1,121.5462799072,25.0425357819,B,專業照護服務,臺北市,松山區;信義區;大安區;中山區;中正區;大同區;萬華區;文山區;南港區;內湖區;士林區;北投區,2721-8556,am.clinic@msa.hinet.net,林安民,20190226.0,20201231.0,20190821 14:49:59
尚好物理治療所,B40100023,B4,臺北市,士林區,臺北市士林區重慶北路四段250號3樓,121.5113601685,25.0866661072,B,專業照護服務(CC01),新北市,板橋區;三重區;中和區;永和區;新莊區;新店區;樹林區;鶯歌區;三峽區;淡水區;汐止區;瑞芳區;土城區;蘆洲區;五股區;泰山區;林口區;深坑區;石碇區;坪林區;三芝區;石門區;八里區;平溪區;雙溪區;貢寮區;金山區;萬里區;烏來區,2816-4533#325,gn01710202@gmail.com,周祺鈞,20220101.0,20241231.0,20230802 17:19:14
尚好物理治療所,B40100023,B4,臺北市,士林區,臺北市士林區重慶北路四段250號3樓,121.5113601685,25.0866661072,B,專業照護服務,新北市,板橋區;三重區;中和區;永和區;新莊區;新店區;樹林區;鶯歌區;三峽區;淡水區;汐止區;瑞芳區;土城區;蘆洲區;五股區;泰山區;林口區;深坑區;石碇區;坪林區;三芝區;石門區;八里區;平溪區;雙溪區;貢寮區;金山區;萬里區;烏來區,2816-4533#325,gn01710202@gmail.com,周祺鈞,20250101.0,20271231.0,20241204 14:52:08
沐晨職能治療所,B50100013,B5,臺北市,內湖區,臺北市內湖區安泰街125巷19號5樓,121.6170425415,25.0771598816,B,專業照護服務(CC01),新北市,板橋區;三重區;中和區;永和區;新莊區;新店區;樹林區;鶯歌區;三峽區;淡水區;汐止區;瑞芳區;土城區;蘆洲區;五股區;泰山區;林口區;深坑區;石碇區;坪林區;三芝區;石門區;八里區;平溪區;雙溪區;貢寮區;金山區;萬里區;烏來區,2633-3506,muchenot@gmail.com,徐瑛雅,20220101.0,20241231.0,20230802 17:19:14
喜樂園長照股份有限公司附設臺北市私立喜樂園居家長照機構,1R0100011,1,臺北市,松山區,臺北市松山區吉祥里八德路4段123號2樓之4,121.5617523193,25.0487098694,B,喘息服務,臺北市,松山區;信義區;大安區;中山區;中正區;大同區;萬華區;文山區;南港區;內湖區;士林區;北投區,27602270,formosacpa@gmail.com,張經緯,20191209.0,20241231.0,20221229 22:26:35
喜樂園長照股份有限公司附設臺北市私立喜樂園居家長照機構,1R0100011,1,臺北市,松山區,臺北市松山區吉祥里八德路4段123號2樓之4,121.5617523193,25.0487098694,B,喘息服務,臺北市,松山區;信義區;大安區;中山區;中正區;大同區;萬華區;文山區;南港區;內湖區;士林區;北投區,27602270,formosacpa@gmail.com,張經緯,20250101.0,20261231.0,20241122 18:26:04
有限責任臺灣第二照顧服務勞動合作社附設臺北市私立二顧居家長照機構,1R0100012,1,臺北市,中正區,臺北市中正區羅斯福路一段102號8樓,121.5088119507,25.0532798767,B,居家服務,新北市,板橋區;三重區;中和區;永和區;新莊區;蘆洲區;五股區;泰山區,02-25527608,tpservice@secondcare.org.tw,伍崑崙,20250101.0,20271231.0,20241224 15:29:48
有限責任臺灣第二照顧服務勞動合作社附設臺北市私立二顧居家長照機構,1R0100012,1,臺北市,中正區,臺北市中正區羅斯福路一段102號8樓,121.5088119507,25.0532798767,B,喘息服務,臺北市,松山區;信義區;大安區;中山區;中正區;大同區;萬華區;文山區;南港區;內湖區;士林區;北投區,02-25527608,tpservice@secondcare.org.tw,伍崑崙,20191205.0,20241231.0,20221229 20:59:40
沐晨職能治療所,B50100013,B5,臺北市,內湖區,臺北市內湖區安泰街125巷19號5樓,121.6170425415,25.0771598816,B,專業照護服務(CC01),新北市,板橋區;三重區;中和區;永和區;新莊區;新店區;樹林區;三峽區;淡水區;汐止區;土城區;蘆洲區;五股區;泰山區;林口區;深坑區;石碇區;三芝區;石門區;八里區;金山區;萬里區;烏來區,2633-3506,muchenot@gmail.com,徐瑛雅,20250101.0,20271231.0,20241205 15:13:40
沐晨職能治療所,B50100013,B5,臺北市,內湖區,臺北市內湖區安泰街125巷19號5樓,121.6170425415,25.0771598816,B,專業照護服務,新北市,板橋區;三重區;中和區;永和區;新莊區;新店區;樹林區;三峽區;淡水區;汐止區;土城區;蘆洲區;五股區;泰山區;林口區;深坑區;石碇區;三芝區;石門區;八里區;金山區;萬里區;烏來區,2633-3506,muchenot@gmail.com,徐瑛雅,20220101.0,20241231.0,20220208 14:44:21
鈺沁居家護理所,B10100057,B1,臺北市,中正區,臺北市中正區中華路一段59號3樓之6,121.5085296631,25.0413341522,B,專業照護服務,臺北市,松山區;信義區;大安區;中山區;中正區;大同區;萬華區;文山區;南港區;內湖區;士林區;北投區,2857-8811,stellatin@hotmail.com,吳宜庭,20190110.0,20201231.0,20190821 14:59:45
宏光物理治療所,B40100022,B4,臺北市,信義區,臺北市信義區虎林街38號,121.5763702393,25.0477600098,B,專業照護服務,臺北市,松山區;信義區;大安區;中山區;中正區;大同區;萬華區;文山區;南港區;內湖區;士林區;北投區,2765-1220,greatlight.ptc@gmail.com,方志宏,20190409.0,20241231.0,20221230 20:09:48
尚好物理治療所,B40100023,B4,臺北市,士林區,臺北市士林區重慶北路四段250號3樓,121.5113601685,25.0866661072,B,專業照護服務,臺北市,松山區;信義區;大安區;中山區;中正區;大同區;萬華區;文山區;南港區;內湖區;士林區;北投區,2816-4533#325,gn01710202@gmail.com,周祺鈞,20190501.0,20241231.0,20221230 20:03:36
臺北市立關渡醫院-委託臺北榮民總醫院經營附設居家護理,B10100055,B1,臺北市,北投區,臺北市北投區知行路225巷12號,121.4663543701,25.1201877594,B,專業照護服務,臺北市,北投區,2858-7000 #7809,sychang36@gandau.gov.tw,鍾秀玲,20230215.0,20241231.0,20230216 09:38:52
臺北市立關渡醫院-委託臺北榮民總醫院經營附設居家護理,B10100055,B1,臺北市,北投區,臺北市北投區知行路225巷12號,121.4663543701,25.1201877594,B,專業照護服務,臺北市,北投區,2858-7000 #7809,sychang36@gandau.gov.tw,鍾秀玲,20250101.0,20261231.0,20241018 16:54:09
起辰物理治療所,B40100021,B4,臺北市,大安區,臺北市大安區信義路四段65號3樓,121.5454864502,25.0335330963,B,專業照護服務,臺北市,松山區;信義區;大安區;中山區;中正區;大同區;萬華區;文山區;南港區;內湖區;士林區;北投區,2706-0055,probrain27060055@gmail.com,胡曼文,20250101.0,20261231.0,20241028 15:46:40
起辰物理治療所,B40100021,B4,臺北市,大安區,臺北市大安區信義路四段65號3樓,121.5454864502,25.0335330963,B,專業照護服務,臺北市,松山區;信義區;大安區;中山區;中正區;大同區;萬華區;文山區;南港區;內湖區;士林區;北投區,2706-0055,probrain27060055@gmail.com,胡曼文,20190219.0,20241231.0,20221230 20:06:29
朗朗語言治療所,B70100004,B7,臺北市,中正區,臺北市中正區忠孝西路一段45號11樓之4,121.5179367065,25.0462818146,B,專業照護服務,臺北市,松山區;信義區;大安區;中山區;中正區;大同區;萬華區;文山區;南港區;內湖區;士林區;北投區,0935-919-971,pj@ms37.url.com.tw,許珮蓁,20190401.0,20241231.0,20221229 22:07:45
純居家物理治療所,B40100026,B4,臺北市,萬華區,臺北市萬華區東園街73巷60號3樓,121.4981307983,25.0265293121,B,專業照護服務,臺北市,松山區;信義區;大安區;中山區;中正區;大同區;萬華區;文山區;南港區;內湖區;士林區;北投區,0921-607-540,charliology@gmail.com,鍾詩偉,20190801.0,20241231.0,20221229 22:20:52
可馨居家護理所,B10100058,B1,臺北市,大安區,臺北市大安區忠孝東路四段162號9樓之五室,121.5502853394,25.0412845612,B,專業照護服務,臺北市,松山區;信義區;大安區;中山區;中正區;大同區;萬華區;文山區;南港區;內湖區;士林區;北投區,2239-8785,newtype78412@yahoo.com.tw,余儒,20190401.0,20201231.0,20210112 11:43:44
禾悅物理治療所,B40100027,B4,臺北市,松山區,臺北市松山區光復北路8號2樓,121.5576629639,25.0486125946,B,專業照護服務,新北市,板橋區;三重區;中和區;永和區;新莊區;蘆洲區,2578-3923,heyuept@gmail.com,林泰維,20250101.0,20271231.0,20241217 13:50:01
有限責任臺北市樂見在照顧服務勞動合作社附設私立樂見在居家長照機構,1T0100002,1,臺北市,松山區,臺北市松山區中崙里松山區八德路二段447號7樓,121.5052032471,25.1240577698,B,喘息服務,臺北市,松山區;信義區;大安區;中山區;中正區;大同區;萬華區;文山區;南港區;內湖區;士林區;北投區,02-2303-0369,Lcancarer@gmail.com,倪玲娜,20190919.0,20241231.0,20221229 22:24:25
有限責任臺北市樂見在照顧服務勞動合作社附設私立樂見在居家長照機構,1T0100002,1,臺北市,松山區,臺北市松山區中崙里松山區八德路二段447號7樓,121.5052032471,25.1240577698,B,居家服務,新北市,板橋區;淡水區,02-2303-0369,Lcancarer@gmail.com,倪玲娜,20250101.0,20271231.0,20250103 13:47:17
有限責任臺北市樂見在照顧服務勞動合作社附設私立樂見在居家長照機構,1T0100002,1,臺北市,松山區,臺北市松山區中崙里松山區八德路二段447號7樓,121.5052032471,25.1240577698,B,喘息服務,新北市,板橋區;淡水區,02-2303-0369,Lcancarer@gmail.com,倪玲娜,20250101.0,20271231.0,20250103 13:48:46
禾悅物理治療所,B40100027,B4,臺北市,松山區,臺北市松山區光復北路8號2樓,121.5576629639,25.0486125946,B,專業照護服務,新北市,板橋區;三重區;中和區;永和區;新莊區;土城區;蘆洲區;五股區,2578-3923,heyuept@gmail.com,林泰維,20220101.0,20241231.0,20220222 09:44:42
禾悅物理治療所,B40100027,B4,臺北市,松山區,臺北市松山區光復北路8號2樓,121.5576629639,25.0486125946,B,專業照護服務(CC01),新北市,板橋區;三重區;中和區;永和區;新莊區;新店區;樹林區;鶯歌區;三峽區;淡水區;汐止區;瑞芳區;土城區;蘆洲區;五股區;泰山區;林口區;深坑區;石碇區;坪林區;三芝區;石門區;八里區;平溪區;雙溪區;貢寮區;金山區;萬里區;烏來區,2578-3923,heyuept@gmail.com,林泰維,20220101.0,20241231.0,20230802 17:19:14
臺北市立聯合醫院附設仁愛護理之家,A30100021,A3,臺北市,大安區,臺北市大安區仁愛路四段10號南棟4樓,121.5453033447,25.0375404358,B,日間照顧服務,臺北市,松山區;信義區;大安區;中山區;中正區;大同區;萬華區;文山區;南港區;內湖區;士林區;北投區,"02-27093600 分機1520, 1521",b0170@tpech.gov.tw,趙國萍,20210101.0,20231231.0,20210305 13:49:46
大安居家語言治療所,B70100003,B7,臺北市,大安區,臺北市大安區信義路三段147巷15弄5號7樓,121.5423812866,25.0351638794,B,專業照護服務,臺北市,松山區;信義區;大安區;中山區;中正區;大同區;萬華區;文山區;南港區;內湖區;士林區;北投區,2700-0737,yangkehyou@yahoo.com.tw,楊克尤,20250101.0,20261231.0,20241025 11:00:27
沐晨職能治療所,B50100013,B5,臺北市,內湖區,臺北市內湖區安泰街125巷19號5樓,121.6170425415,25.0771598816,B,專業照護服務,臺北市,松山區;信義區;大安區;中山區;中正區;大同區;萬華區;文山區;南港區;內湖區;士林區;北投區,2633-3506,muchenot@gmail.com,徐瑛雅,20250101.0,20261231.0,20241028 15:21:54
安民家庭醫學科診所,B20100032,B2,臺北市,大安區,臺北市大安區大安路一段65號2樓之1,121.5462799072,25.0425357819,B,居家失能個案家庭醫師照護服務,臺北市,松山區;信義區;大安區;中山區;士林區;北投區,2721-8556,am.clinic@msa.hinet.net,林安民,20191113.0,20221231.0,20210113 00:40:20
臺北市立聯合醫院附設仁愛護理之家,A30100021,A3,臺北市,大安區,臺北市大安區仁愛路四段10號南棟4樓,121.5453033447,25.0375404358,B,日間照顧服務,臺北市,松山區;信義區;大安區;中山區;中正區;大同區;萬華區;文山區;南港區;內湖區;士林區;北投區,"02-27093600 分機1520, 1521",b0170@tpech.gov.tw,趙國萍,20240101.0,20261231.0,20240102 14:59:05
國立臺灣大學醫學院附設醫院北護分院附設護理之家,A30100022,A3,臺北市,萬華區,臺北市萬華區內江街87號7、8、9樓,121.5035476685,25.0417385101,B,喘息服務,臺北市,松山區;信義區;大安區;中山區;中正區;大同區;萬華區;文山區;南港區;內湖區;士林區;北投區,02-23717101分機218800,B27036@bh.ntuh.gov.tw,林金城,20250101.0,20261231.0,20250204 14:43:39
臺北市立聯合醫院附設陽明護理之家,A30100023,A3,臺北市,士林區,臺北市士林區雨聲街105號7樓,121.5315628052,25.1051940918,B,日間照顧服務,臺北市,松山區;信義區;大安區;中山區;中正區;大同區;萬華區;文山區;南港區;內湖區;士林區;北投區,02-28353456 分機6862,B1138@tpech.gov.tw,黃淑萍,20240101.0,20261231.0,20240102 11:16:44
臺北市立聯合醫院附設陽明護理之家,A30100023,A3,臺北市,士林區,臺北市士林區雨聲街105號7樓,121.5315628052,25.1051940918,B,日間照顧服務,臺北市,松山區;信義區;大安區;中山區;中正區;大同區;萬華區;文山區;南港區;內湖區;士林區;北投區,02-28353456 分機6862,B1138@tpech.gov.tw,黃淑萍,20220101.0,20231231.0,20220609 16:54:08
朗朗語言治療所,B70100004,B7,臺北市,中正區,臺北市中正區忠孝西路一段45號11樓之4,121.5179367065,25.0462818146,B,專業照護服務,新北市,板橋區;三重區;中和區;永和區;新莊區;土城區;蘆洲區;林口區,0935-919-971,pj@ms37.url.com.tw,許珮蓁,20250101.0,20271231.0,20241218 10:08:15
純居家物理治療所,B40100026,B4,臺北市,萬華區,臺北市萬華區東園街73巷60號3樓,121.4981307983,25.0265293121,B,專業照護服務,新北市,板橋區;三重區;中和區;永和區;新莊區;新店區;樹林區;汐止區;土城區;蘆洲區,0921-607-540,charliology@gmail.com,鍾詩偉,20250101.0,20271231.0,20241226 14:22:35
尚好物理治療所,B40100023,B4,臺北市,士林區,臺北市士林區重慶北路四段250號3樓,121.5113601685,25.0866661072,B,專業照護服務,桃園市,桃園區;中壢區;大溪區;蘆竹區;龜山區;八德區;平鎮區,2816-4533#325,gn01710202@gmail.com,周祺鈞,20240401.0,20251231.0,20240401 14:17:42
尚好物理治療所,B40100023,B4,臺北市,士林區,臺北市士林區重慶北路四段250號3樓,121.5113601685,25.0866661072,B,專業照護服務,臺北市,松山區;信義區;大安區;中山區;中正區;大同區;萬華區;文山區;南港區;內湖區;士林區;北投區,2816-4533#325,gn01710202@gmail.com,周祺鈞,20250101.0,20261231.0,20241028 15:12:19
尚好物理治療所,B40100023,B4,臺北市,士林區,臺北市士林區重慶北路四段250號3樓,121.5113601685,25.0866661072,B,專業照護服務,新北市,板橋區;三重區;中和區;永和區;新莊區;新店區;樹林區;鶯歌區;三峽區;淡水區;汐止區;瑞芳區;土城區;蘆洲區;五股區;泰山區;林口區;深坑區;石碇區;坪林區;三芝區;石門區;八里區;平溪區;雙溪區;貢寮區;金山區;萬里區;烏來區,2816-4533#325,gn01710202@gmail.com,周祺鈞,20220101.0,20241231.0,20220126 15:24:58
尚好物理治療所,B40100023,B4,臺北市,士林區,臺北市士林區重慶北路四段250號3樓,121.5113601685,25.0866661072,B,專業照護服務(CC01),新北市,板橋區;三重區;中和區;永和區;新莊區;新店區;樹林區;鶯歌區;三峽區;淡水區;汐止區;瑞芳區;土城區;蘆洲區;五股區;泰山區;林口區;深坑區;石碇區;坪林區;三芝區;石門區;八里區;平溪區;雙溪區;貢寮區;金山區;萬里區;烏來區,2816-4533#325,gn01710202@gmail.com,周祺鈞,20250101.0,20271231.0,20241204 14:52:29
禾悅物理治療所,B40100027,B4,臺北市,松山區,臺北市松山區光復北路8號2樓,121.5576629639,25.0486125946,B,專業照護服務,臺北市,松山區;信義區;大安區;中山區;中正區;大同區;萬華區;文山區;南港區;內湖區;士林區;北投區,2578-3923,heyuept@gmail.com,林泰維,20241009.0,20261231.0,20241011 10:48:55
國立臺灣大學醫學院附設醫院北護分院附設護理之家,A30100022,A3,臺北市,萬華區,臺北市萬華區內江街87號7、8、9樓,121.5035476685,25.0417385101,B,喘息服務,臺北市,松山區;信義區;大安區;中山區;中正區;大同區;萬華區;文山區;南港區;內湖區;士林區;北投區,02-23717101分機218800,B27036@bh.ntuh.gov.tw,林金城,20240419.0,20241231.0,20240419 09:25:13
臺北市立關渡醫院-委託臺北榮民總醫院經營附設居家護理,B10100055,B1,臺北市,北投區,臺北市北投區知行路225巷12號,121.4663543701,25.1201877594,B,喘息服務,臺北市,北投區,2858-7000 #7809,sychang36@gandau.gov.tw,鍾秀玲,20180301.0,20241231.0,20230202 17:11:16
朗朗語言治療所,B70100004,B7,臺北市,中正區,臺北市中正區忠孝西路一段45號11樓之4,121.5179367065,25.0462818146,B,專業照護服務,新北市,板橋區;三重區;中和區;永和區;新莊區;土城區;蘆洲區;林口區,0935-919-971,pj@ms37.url.com.tw,許珮蓁,20220101.0,20241231.0,20220314 14:58:34
純居家物理治療所,B40100026,B4,臺北市,萬華區,臺北市萬華區東園街73巷60號3樓,121.4981307983,25.0265293121,B,專業照護服務,臺北市,松山區;信義區;大安區;中山區;中正區;大同區;萬華區;文山區;南港區;內湖區;士林區;北投區,0921-607-540,charliology@gmail.com,鍾詩偉,20250101.0,20261231.0,20241028 15:23:37
純居家物理治療所,B40100026,B4,臺北市,萬華區,臺北市萬華區東園街73巷60號3樓,121.4981307983,25.0265293121,B,專業照護服務,新北市,板橋區;三重區;中和區;永和區;新莊區;新店區;樹林區;汐止區;土城區;蘆洲區,0921-607-540,charliology@gmail.com,鍾詩偉,20220101.0,20241231.0,20220210 16:40:48
純居家物理治療所,B40100026,B4,臺北市,萬華區,臺北市萬華區東園街73巷60號3樓,121.4981307983,25.0265293121,B,專業照護服務(CC01),新北市,板橋區;三重區;中和區;永和區;新莊區;新店區;樹林區;鶯歌區;三峽區;淡水區;汐止區;瑞芳區;土城區;蘆洲區;五股區;泰山區;林口區;深坑區;石碇區;坪林區;三芝區;石門區;八里區;平溪區;雙溪區;貢寮區;金山區;萬里區;烏來區,0921-607-540,charliology@gmail.com,鍾詩偉,20220101.0,20241231.0,20230802 17:19:14
臺北市私立安家居家長照機構,1X0100015,1,臺北市,文山區,臺北市文山區景行里景文街42號3樓302室,121.541229248,24.9917163849,B,喘息服務,新北市,新莊區,29333468,Anchia468@gmail.com,吳米加,20250101.0,20271231.0,20241213 10:24:05
臺北市私立跑居家長照機構,1X0100014,1,臺北市,士林區,臺北市士林區葫東里重慶北路4段250號3樓313室,121.5113525391,25.0866317749,B,喘息服務,新北市,三重區;新莊區;蘆洲區;五股區,02-28161255,rcago313@gmail.com,吳正昕,20250101.0,20271231.0,20241217 13:36:12
臺北市私立跑居家長照機構,1X0100014,1,臺北市,士林區,臺北市士林區葫東里重慶北路4段250號3樓313室,121.5113525391,25.0866317749,B,居家服務,新北市,三重區;新莊區;蘆洲區;五股區,02-28161255,rcago313@gmail.com,吳正昕,20250101.0,20271231.0,20241217 13:34:47
有限責任臺灣第二照顧服務勞動合作社附設臺北市私立二顧居家長照機構,1R0100012,1,臺北市,中正區,臺北市中正區羅斯福路一段102號8樓,121.5088119507,25.0532798767,B,喘息服務,新北市,板橋區;三重區;中和區;永和區;新莊區;蘆洲區;五股區;泰山區,02-25527608,tpservice@secondcare.org.tw,伍崑崙,20250101.0,20271231.0,20241224 15:30:27
育睿診所,B20100040,B2,臺北市,內湖區,臺北市內湖區 內湖路1段217巷35號,121.5653991699,25.0837745667,B,居家失能個案家庭醫師照護服務,臺北市,內湖區,26560801,yourray99@gmail.com,賴曉虹,20250101.0,20261231.0,20250204 16:12:22
育睿診所,B20100040,B2,臺北市,內湖區,臺北市內湖區 內湖路1段217巷35號,121.5653991699,25.0837745667,B,居家失能個案家庭醫師照護服務,臺北市,中山區;內湖區,26560801,yourray99@gmail.com,賴曉虹,20190911.0,20241231.0,20221230 21:56:06
臺北市私立安家居家長照機構,1X0100015,1,臺北市,文山區,臺北市文山區景行里景文街42號3樓302室,121.541229248,24.9917163849,B,喘息服務,臺北市,松山區;信義區;大安區;中山區;中正區;大同區;萬華區;文山區,29333468,Anchia468@gmail.com,吳米加,20250101.0,20261231.0,20241122 15:02:25
臺北市私立安家居家長照機構,1X0100015,1,臺北市,文山區,臺北市文山區景行里景文街42號3樓302室,121.541229248,24.9917163849,B,居家服務,新北市,新莊區,29333468,Anchia468@gmail.com,吳米加,20250101.0,20271231.0,20241213 10:23:42
臺北市私立安家居家長照機構,1X0100015,1,臺北市,文山區,臺北市文山區景行里景文街42號3樓302室,121.541229248,24.9917163849,B,居家服務,臺北市,松山區;信義區;大安區;中山區;中正區;大同區;萬華區;文山區,29333468,Anchia468@gmail.com,吳米加,20191225.0,20231231.0,20220104 18:55:50
臺北市私立安家居家長照機構,1X0100015,1,臺北市,文山區,臺北市文山區景行里景文街42號3樓302室,121.541229248,24.9917163849,B,喘息服務,臺北市,松山區;信義區;大安區;中山區;中正區;大同區;萬華區;文山區,29333468,Anchia468@gmail.com,吳米加,20200219.0,20241231.0,20240906 17:27:32
臺北市私立安家居家長照機構,1X0100015,1,臺北市,文山區,臺北市文山區景行里景文街42號3樓302室,121.541229248,24.9917163849,B,居家服務,臺北市,松山區;信義區;大安區;中山區;中正區;大同區;萬華區;文山區,29333468,Anchia468@gmail.com,吳米加,20240101.0,20261231.0,20231229 15:43:25
元愷有限公司附設臺北市私立安愷居家長照機構,1V0100012,1,臺北市,中山區,臺北市中山區正得里長安東路1段21號3樓,121.5266723633,25.0648136139,B,居家服務,臺北市,松山區;信義區;大安區;中山區;中正區;大同區;萬華區;文山區;南港區;內湖區;士林區;北投區,2522-1993,taco062169@gmail.com,蔡愷駿,20240101.0,20261231.0,20231229 10:11:28
元愷有限公司附設臺北市私立安愷居家長照機構,1V0100012,1,臺北市,中山區,臺北市中山區正得里長安東路1段21號3樓,121.5266723633,25.0648136139,B,喘息服務,臺北市,松山區;信義區;大安區;中山區;中正區;大同區;萬華區;文山區;南港區;內湖區;士林區;北投區,2522-1993,taco062169@gmail.com,蔡愷駿,20200309.0,20241231.0,20221229 23:15:52
元愷有限公司附設臺北市私立安愷居家長照機構,1V0100012,1,臺北市,中山區,臺北市中山區正得里長安東路1段21號3樓,121.5266723633,25.0648136139,B,喘息服務,臺北市,松山區;信義區;大安區;中山區;中正區;大同區;萬華區;文山區;南港區;內湖區;士林區;北投區,2522-1993,taco062169@gmail.com,蔡愷駿,20250101.0,20261231.0,20241122 14:39:57
與樂職能治療所,B50100018,B5,臺北市,南港區,臺北市南港區八德路四段881號2樓,121.5804519653,25.0508384705,B,專業照護服務,臺北市,松山區;信義區;大安區;中山區;南港區;內湖區;士林區;北投區,3762-2208,withhappiness.service@gmail.com,陳姵君,20250101.0,20261231.0,20241018 16:33:53
元愷有限公司附設臺北市私立安愷居家長照機構,1V0100012,1,臺北市,中山區,臺北市中山區正得里長安東路1段21號3樓,121.5266723633,25.0648136139,B,喘息服務,新北市,板橋區;三重區;中和區;永和區;新店區;淡水區;蘆洲區,2522-1993,taco062169@gmail.com,蔡愷駿,20250101.0,20271231.0,20241226 11:09:25
(新北)大豐國際租賃有限公司,BA0200008,BA,臺北市,南港區,臺北市南港區忠孝東路六段278巷23弄14號,121.5900650024,25.048538208,B,交通接送服務,新北市,板橋區;三重區;中和區;永和區;新莊區;新店區;樹林區;鶯歌區;三峽區;淡水區;汐止區;瑞芳區;土城區;蘆洲區;五股區;泰山區;林口區;深坑區;石碇區;坪林區;三芝區;石門區;八里區;平溪區;雙溪區;貢寮區;金山區;萬里區;烏來區,02-2942-2233,dafegcare906070@gmail.com,沈恒昌,20250101.0,20271231.0,20241226 14:45:05
與樂職能治療所,B50100018,B5,臺北市,南港區,臺北市南港區八德路四段881號2樓,121.5804519653,25.0508384705,B,專業照護服務,臺北市,松山區;信義區;大安區;中山區;南港區;內湖區;士林區;北投區,3762-2208,withhappiness.service@gmail.com,陳姵君,20191122.0,20241231.0,20240430 11:01:04
元愷有限公司附設臺北市私立安愷居家長照機構,1V0100012,1,臺北市,中山區,臺北市中山區正得里長安東路1段21號3樓,121.5266723633,25.0648136139,B,居家服務,臺北市,松山區;信義區;大安區;中山區;中正區;大同區;萬華區;文山區;南港區;內湖區;士林區;北投區,2522-1993,taco062169@gmail.com,蔡愷駿,20200115.0,20231231.0,20211230 16:01:54
安德利互聯網股份有限公司附設臺北市私立安德利居家長照機構,1V0100013,1,臺北市,中山區,臺北市中山區五常街51號2樓,121.5437469482,25.054473877,B,居家服務,臺北市,松山區;中山區;南港區;內湖區,02-2511-9069,Anderly0101@gmail.com,李盛豊,20200326.0,20231231.0,20211230 16:02:43
元愷有限公司附設臺北市私立安愷居家長照機構,1V0100012,1,臺北市,中山區,臺北市中山區正得里長安東路1段21號3樓,121.5266723633,25.0648136139,B,居家服務,新北市,板橋區;三重區;中和區;永和區;新店區;淡水區;蘆洲區,2522-1993,taco062169@gmail.com,蔡愷駿,20250101.0,20271231.0,20241226 11:08:49
安德利互聯網股份有限公司附設臺北市私立安德利居家長照機構,1V0100013,1,臺北市,中山區,臺北市中山區五常街51號2樓,121.5437469482,25.054473877,B,居家服務,新北市,板橋區;中和區;永和區;汐止區;土城區,02-2511-9069,Anderly0101@gmail.com,李盛豊,20250101.0,20271231.0,20241225 15:31:31
財團法人台灣老人急重症基金會(聚盛據點),BF0100128,BF,臺北市,中山區,臺北市中山區聚盛里民生東路一段42號7樓之3,121.5418777466,25.081401825,C,巷弄長照站,臺北市,中山區,02-25224388,tfgecc@tfgecc.tw,蔡正河,20210101.0,20211231.0,20210408 16:11:54
松光里辦公處,BF0100166,BF,臺北市,信義區,臺北市信義區松光里忠孝東路5段492巷32號,121.5783004761,25.0397357941,C,巷弄長照站,臺北市,信義區,0961-364-097,lichi06290@hotmail.com,蔡福來,20210101.0,20211231.0,20210412 14:31:23
康健居家護理所,B10100060,B1,臺北市,內湖區,臺北市內湖區民權東路六段180巷6號11樓之19,121.5926513672,25.068195343,B,居家失能個案家庭醫師照護服務,臺北市,南港區;內湖區,02-87919104,kjcare.tw@gmail.com,吳姁媛,20250101.0,20261231.0,20241028 16:57:26
安德利互聯網股份有限公司附設臺北市私立安德利居家長照機構,1V0100013,1,臺北市,中山區,臺北市中山區五常街51號2樓,121.5437469482,25.054473877,B,喘息服務,臺北市,松山區;信義區;大安區;中山區;中正區;大同區;萬華區;文山區;南港區;內湖區;士林區;北投區,02-2511-9069,Anderly0101@gmail.com,李盛豊,20240402.0,20241231.0,20240403 09:19:06
安德利互聯網股份有限公司附設臺北市私立安德利居家長照機構,1V0100013,1,臺北市,中山區,臺北市中山區五常街51號2樓,121.5437469482,25.054473877,B,喘息服務,臺北市,松山區;信義區;大安區;中山區;中正區;大同區;萬華區;文山區;南港區;內湖區;士林區;北投區,02-2511-9069,Anderly0101@gmail.com,李盛豊,20250101.0,20261231.0,20241120 15:23:11
財團法人台北市林坤地仁濟文教基金會,BF0100118,BF,臺北市,松山區,臺北市松山區美仁里八德路3段25號藝文推廣處二樓電化教室,121.5520172119,25.0483512878,C,巷弄長照站,臺北市,松山區,02-2751-5790,tkyang03@gmail.com,楊杜清香,20210101.0,20211231.0,20210412 13:47:41
社團法人台北市士林全人關懷協會,BF0100134,BF,臺北市,士林區,臺北市士林區福德里文林路421巷30號2樓&中正路335巷9號,121.5232315063,25.0942115784,C,巷弄長照站,臺北市,士林區,0953469293,kuoml67@yahoo.com.tw,許承道,20210101.0,20211231.0,20210407 14:05:28
臺北市大同區國慶社區發展協會,BF0100101,BF,臺北市,大同區,臺北市大同區國慶里重慶北路3段136巷18號,121.5129318237,25.0676651001,C,巷弄長照站,臺北市,大同區,0225940089,he.fong25940089@gmail.com,黃淑琪,20200101.0,20211231.0,20210407 14:40:09
社團法人中華民國明健慈善公益協進會,BF0100107,BF,臺北市,中山區,臺北市中山區民安里民生西路6號6樓,121.5223236084,25.057718277,C,巷弄長照站,臺北市,中山區,0987326467,joinfood1005@gmail.com,陳奕霖,20200101.0,20211231.0,20210408 16:16:36
台北市士林區天和社區發展協會,BF0100130,BF,臺北市,士林區,臺北市士林區天山里中山北路7段154巷6號4樓(天母區民活動中心),121.5329437256,25.1234474182,C,巷弄長照站,臺北市,士林區,02-28772369,eva889263@yahoo.com.tw,何辰熙,20210101.0,20211231.0,20210407 11:22:23
康健居家護理所,B10100060,B1,臺北市,內湖區,臺北市內湖區民權東路六段180巷6號11樓之19,121.5926513672,25.068195343,B,專業照護服務,臺北市,松山區;信義區;大安區;中山區;中正區;大同區;萬華區;文山區;南港區;內湖區;士林區;北投區,02-87919104,kjcare.tw@gmail.com,吳姁媛,20191209.0,20241231.0,20221230 20:21:03
悠適復健科診所,B20100089,B2,臺北市,松山區,臺北市松山區光復北路11弄65號,121.5580062866,25.0486354828,B,專業照護服務,臺北市,松山區;信義區;大安區;中山區;中正區;大同區;萬華區;文山區;南港區;內湖區;士林區;北投區,0920-095-460,g39110004@gmail.com,陳正倫,20190927.0,20201231.0,20200311 18:00:06
臺北市中正區永寬社區發展協會,BF0100146,BF,臺北市,中正區,臺北市中正區永昌里寧波西街181巷8號,121.5104446411,25.0266113281,C,巷弄長照站,臺北市,中正區,02-23014838,4838abc@gmail.com,黃美月,20210101.0,20211231.0,20210408 16:44:46
財團法人台北市基督教台灣貴格會內湖慈光堂,BF0100150,BF,臺北市,內湖區,臺北市內湖區瑞陽里文德路66巷49弄5號,121.5820465088,25.0772151947,C,巷弄長照站,臺北市,內湖區,02-27976651,blessed.nhfc@gmail.com,陳文禧,20200101.0,20211231.0,20210408 18:06:20
臺北市北投區清江社區發展協會,BF0100164,BF,臺北市,北投區,臺北市北投區清江里清江路201號,121.501914978,25.1275043488,C,巷弄長照站,臺北市,北投區,02-28922543,lung2433@gmail.com,李炳亷,20200401.0,20211231.0,20210412 11:04:56
康健居家護理所,B10100060,B1,臺北市,內湖區,臺北市內湖區民權東路六段180巷6號11樓之19,121.5926513672,25.068195343,B,居家失能個案家庭醫師照護服務,臺北市,南港區;內湖區,02-87919104,kjcare.tw@gmail.com,吳姁媛,20230728.0,20241231.0,20230928 19:17:01
康健居家護理所,B10100060,B1,臺北市,內湖區,臺北市內湖區民權東路六段180巷6號11樓之19,121.5926513672,25.068195343,B,專業照護服務,臺北市,松山區;信義區;大安區;中山區;中正區;大同區;萬華區;文山區;南港區;內湖區;士林區;北投區,02-87919104,kjcare.tw@gmail.com,吳姁媛,20250101.0,20261231.0,20241028 15:50:14
天行健診所,B20100047,B2,臺北市,萬華區,臺北市萬華區寶興街121、125、127號,121.4950714111,25.0246353149,B,居家失能個案家庭醫師照護服務,臺北市,萬華區,2332-0688,sky9623@gmail.com,陳行健,20250101.0,20261231.0,20250204 16:05:35
振興醫療財團法人振興醫院,B20100071,B2,臺北市,北投區,臺北市北投區振興街４５號,,,B,專業照護服務,臺北市,北投區,0228264400,-,魏崢,20210101.0,20241231.0,20230202 17:18:18
振興醫療財團法人振興醫院,B20100071,B2,臺北市,北投區,臺北市北投區振興街４５號,,,B,專業照護服務,臺北市,士林區;北投區,0228264400,-,魏崢,20250101.0,20261231.0,20241025 10:47:12
安德利互聯網股份有限公司附設臺北市私立安德利居家長照機構,1V0100013,1,臺北市,中山區,臺北市中山區五常街51號2樓,121.5437469482,25.054473877,B,居家服務,臺北市,松山區;信義區;大安區;中山區;大同區;萬華區;文山區;南港區;內湖區;士林區;北投區,02-2511-9069,Anderly0101@gmail.com,李盛豊,20240101.0,20261231.0,20231229 09:45:19
安德利互聯網股份有限公司附設臺北市私立安德利居家長照機構,1V0100013,1,臺北市,中山區,臺北市中山區五常街51號2樓,121.5437469482,25.054473877,B,喘息服務,新北市,板橋區;中和區;永和區;汐止區;土城區,02-2511-9069,Anderly0101@gmail.com,李盛豊,20250101.0,20271231.0,20241225 15:33:02
士林區芝山岩社區發展協會,BF0100131,BF,臺北市,士林區,臺北市士林區名山里雨聲街68號(芝山岩區民活動中心),121.528755188,25.1036128998,C,巷弄長照站,臺北市,士林區,0911328596,yueh2158@pchome.com.tw,廖岳,20210101.0,20211231.0,20210407 11:46:19
台北市萬華區馬場町社區發展協會,BF0100167,BF,臺北市,萬華區,臺北市萬華區騰雲里國興路1巷2-4號(辦公處活動中心),121.5088043213,25.0242328644,C,巷弄長照站,臺北市,萬華區,0223096837,longate2893@yahoo.com.tw,吳文雀,20200401.0,20211231.0,20210412 15:11:12
臺北市萬華區青年社區發展協會,BF0100169,BF,臺北市,萬華區,臺北市萬華區新和里中華路2段416巷9-3、9-4號(青年國宅),121.5043869019,25.0267829895,C,巷弄長照站,臺北市,萬華區,02-2303-1537,yichieh99@hotmail.com,莊惟仁,20200401.0,20211231.0,20210412 15:02:51
國泰醫療財團法人國泰綜合醫院,B20100054,B2,臺北市,大安區,臺北市大安區仁愛路四段266巷6號，280號,1.0,1.0,B,專業照護服務,臺北市,松山區;信義區;大安區;中正區,0227082121,cgh439182@cgh.org.tw,簡志誠,20180131.0,20241231.0,20241104 11:24:53
國泰醫療財團法人國泰綜合醫院,B20100054,B2,臺北市,大安區,臺北市大安區仁愛路四段266巷6號，280號,1.0,1.0,B,專業照護服務,臺北市,松山區;信義區;大安區;中正區,0227082121,cgh439182@cgh.org.tw,簡志誠,20250101.0,20261231.0,20241018 16:47:34
台北市新生活社會福利協進會,BF0100099,BF,臺北市,士林區,臺北市士林區富洲里延平北路九段122號,121.4733123779,25.1064453125,C,巷弄長照站,臺北市,士林區,0937094689,office@tpenewlife.org,張淑貞,20210101.0,20211231.0,20210407 11:58:56
財團法人環宇國際文化教育基金會(中正文盛),BF0100104,BF,臺北市,中正區,臺北市中正區文盛里羅斯福路三段240巷17弄3號,121.5291442871,25.0177001953,C,巷弄長照站,臺北市,萬華區,02-2309-8844,gutingfamily@icef.org.tw,林景德,20200401.0,20241231.0,20221230 19:05:34
財團法人台北市基督教台灣貴格會忠湖教會,BF0100124,BF,臺北市,內湖區,臺北市內湖區湖元里民權東路6段56巷5弄8號1樓,121.5852966309,25.0682582855,C,巷弄長照站,臺北市,內湖區,02-27923347,loyal_lake@yahoo.com.tw,萬正宇,20200101.0,20211231.0,20210408 17:51:44
振芝心身醫學診所,B20100085,B2,臺北市,中山區,臺北市中山區復興北路282號2樓,121.5439300537,25.0587844849,B,專業照護服務,臺北市,松山區;信義區;大安區;中山區;中正區;內湖區,2506-9169,info@blossomclinic.org,洪敬倫,20190904.0,20201231.0,20200311 17:37:11
樂昱有限公司附設臺北市私立樂昱居家長照機構,1V0100016,1,臺北市,北投區,臺北市北投區文林里文林北路262號2樓,121.5109786987,25.1137466431,A,個案管理服務,臺北市,士林區,28225423,leyuhappy1@gmail.com,黃信雄,20240501.0,20241231.0,20240430 11:23:38
中華民國紅十字會附設私立博愛居家長照機構,1N0100003,1,臺北市,萬華區,臺北市萬華區菜園里康定路62號11樓,121.5023117065,25.0424423218,B,喘息服務,臺北市,中山區;中正區;大同區;萬華區,23310500,lily1015@redcross.org.tw,潘維大,20200420.0,20241231.0,20221230 15:22:23
中華民國紅十字會附設私立博愛居家長照機構,1N0100003,1,臺北市,萬華區,臺北市萬華區菜園里康定路62號11樓,121.5023117065,25.0424423218,B,喘息服務,臺北市,中山區;中正區;大同區;萬華區,23310500,lily1015@redcross.org.tw,潘維大,20250101.0,20261231.0,20241122 14:31:51
臺北市大安區通安里辦公處,BF0100103,BF,臺北市,大安區,臺北市大安區通安里通安街98號 (臺北市通安區民活動中心),121.5529403687,25.0298480988,C,巷弄長照站,臺北市,大安區,02-2703-8807,bi-garytu@mail.taipei.gov.tw,鄭文明,20210101.0,20211231.0,20210407 15:36:28
財團法人環宇國際文化教育基金會(中正文盛),BF0100104,BF,臺北市,中正區,臺北市中正區文盛里羅斯福路三段240巷17弄3號,121.5291442871,25.0177001953,B,喘息服務,臺北市,松山區;信義區;大安區;中山區;中正區;大同區;萬華區;文山區;南港區;內湖區;士林區;北投區,02-2309-8844,gutingfamily@icef.org.tw,林景德,20250101.0,20261231.0,20241105 19:07:47
財團法人基督教台灣信義會(大直真理堂),BF0100110,BF,臺北市,中山區,臺北市中山區金泰里樂群二路142號及144號2樓敬業三路162巷109號1樓,121.5575408936,25.0803947449,C,巷弄長照站,臺北市,中山區,(02)8501-1754,churchesgreat@gmail.com,吳英賓,20200101.0,20211231.0,20210408 16:24:30
國泰醫療財團法人國泰綜合醫院,B20100054,B2,臺北市,大安區,臺北市大安區仁愛路四段266巷6號，280號,1.0,1.0,B,專業照護服務,臺北市,松山區;信義區;大安區;中正區,0227082121,cgh439182@cgh.org.tw,簡志誠,20180131.0,20241231.0,20241018 16:50:44
財團法人台北市中山基督長老教會,BF0100143,BF,臺北市,中山區,臺北市中山區正得里林森北路62號,,,C,巷弄長照站,臺北市,中山區,0225518480#119,lichin681027@gmail.com,郭崇仁,20200101.0,20211231.0,20210408 16:16:13
臺北市北投區吉慶社區發展協會,BF0100161,BF,臺北市,北投區,臺北市北投區吉慶里致遠二路61巷2-2號,121.5116348267,25.1149749756,C,巷弄長照站,臺北市,北投區,02-2828-2002,tsung34@yahoo.com.tw,陳绣絹,20210101.0,20211231.0,20210412 10:29:23
中崙諮商中心心理諮商所,B20100093,B2,臺北市,大安區,臺北市大安區忠孝東路三段54號4樓之一,121.5355606079,25.041727066,B,專業照護服務,臺北市,松山區;信義區;大安區;文山區;南港區;內湖區;士林區,2731-9731,g27319731@gmail.com,李予澄,20191017.0,20241231.0,20230202 17:17:25
中崙諮商中心心理諮商所,B20100093,B2,臺北市,大安區,臺北市大安區忠孝東路三段54號4樓之一,121.5355606079,25.041727066,B,專業照護服務,臺北市,松山區;信義區;大安區;中山區;中正區;大同區;文山區;南港區;內湖區;士林區,2731-9731,g27319731@gmail.com,李予澄,20250101.0,20261231.0,20240925 09:55:55
樂昱有限公司附設臺北市私立樂昱居家長照機構,1V0100016,1,臺北市,北投區,臺北市北投區文林里文林北路262號2樓,121.5109786987,25.1137466431,B,居家服務,臺北市,松山區;信義區;大安區;中山區;中正區;大同區;萬華區;文山區;南港區;內湖區;士林區;北投區,28225423,leyuhappy1@gmail.com,黃信雄,20220101.0,20231231.0,20220207 16:15:19
樂昱有限公司附設臺北市私立樂昱居家長照機構,1V0100016,1,臺北市,北投區,臺北市北投區文林里文林北路262號2樓,121.5109786987,25.1137466431,A,個案管理服務,臺北市,士林區,28225423,leyuhappy1@gmail.com,黃信雄,20250101.0,20261231.0,20241231 17:24:51
樂昱有限公司附設臺北市私立樂昱居家長照機構,1V0100016,1,臺北市,北投區,臺北市北投區文林里文林北路262號2樓,121.5109786987,25.1137466431,B,居家服務,臺北市,松山區;信義區;大安區;中山區;中正區;大同區;萬華區;文山區;南港區;內湖區;士林區;北投區,28225423,leyuhappy1@gmail.com,黃信雄,20240101.0,20261231.0,20231229 09:39:20
中華民國紅十字會附設私立博愛居家長照機構,1N0100003,1,臺北市,萬華區,臺北市萬華區菜園里康定路62號11樓,121.5023117065,25.0424423218,B,居家服務,臺北市,中山區;中正區;大同區;萬華區,23310500,lily1015@redcross.org.tw,潘維大,20220101.0,20231231.0,20211230 15:05:13
財團法人環宇國際文化教育基金會(中正文盛),BF0100104,BF,臺北市,中正區,臺北市中正區文盛里羅斯福路三段240巷17弄3號,121.5291442871,25.0177001953,B,喘息服務,臺北市,松山區;信義區;大安區;中山區;中正區;大同區;萬華區;文山區;南港區;內湖區;士林區;北投區,02-2309-8844,gutingfamily@icef.org.tw,林景德,20200401.0,20241231.0,20241105 19:13:50
天行健診所,B20100047,B2,臺北市,萬華區,臺北市萬華區寶興街121、125、127號,121.4950714111,25.0246353149,B,居家失能個案家庭醫師照護服務,臺北市,中正區;萬華區,2332-0688,sky9623@gmail.com,陳行健,20191202.0,20241231.0,20221230 21:46:56
財團法人台北市中國基督教靈糧世界佈道會台北靈糧堂(松江靈糧福音中心),BF0100120,BF,臺北市,中山區,臺北市中山區松江里民權東路二段146號2樓,121.5342330933,25.0622348785,C,巷弄長照站,臺北市,中山區,02-23623022#8713,niko.tsai@breadoflife.taipei,曾國生,20200101.0,20211231.0,20210408 16:24:51
臺北市文山區樟新社區發展協會,BF0100157,BF,臺北市,文山區,臺北市文山區樟新里一壽街22號9樓教室二,121.5562744141,24.9797115326,C,巷弄長照站,臺北市,文山區,0972246031,bs-781021@mail.taipei.gov.tw,歐陽禾英,20200101.0,20211231.0,20210409 16:03:09
臺北市和德長壽健康促進協會,BF0100171,BF,臺北市,萬華區,臺北市萬華區和德里興義街25號,121.492149353,25.0268592834,C,巷弄長照站,臺北市,萬華區,02-23395285,wh-178@mail.taipei.gov.tw,李文通,20210101.0,20211231.0,20210412 14:58:53
臺北市中山區晴光里辦公處,BF0100144,BF,臺北市,中山區,臺北市中山區晴光里雙城街18巷20號,121.5230026245,25.0653858185,C,巷弄長照站,臺北市,中山區,0981201026,janny0918@gmail.com,林姿吟,20210101.0,20211231.0,20210408 16:27:22
臺北市松山區東勢里辦公處,BF0100147,BF,臺北市,松山區,臺北市松山區東勢里南京東路4段133巷8弄17號,121.5543441772,25.0530376434,C,巷弄長照站,臺北市,松山區,02-27170369,bh_ssda207@mail.taipei.gov.tw,王叔珍,20210101.0,20211231.0,20210412 12:01:15
台北市君賀人本關懷協會,BF0100160,BF,臺北市,信義區,臺北市信義區中行里福德街221巷15號（瑠公國中）,121.5853271484,25.0370674133,C,巷弄長照站,臺北市,信義區,02-2327-8616,bio.mag@msa.hinet.net,林露菁,20210101.0,20211231.0,20210412 14:17:48
三軍總醫院北投分院附設民眾診療服務處,B20100069,B2,臺北市,北投區,臺北市北投區新民路６０號 中和街二五○號,,,B,專業照護服務,臺北市,松山區;信義區;大安區;中山區;中正區;大同區;萬華區;文山區;南港區;內湖區;士林區;北投區,0228959808,-,楊立光,20200513.0,20201231.0,20200513 22:43:42
臺北市大安區古風社區發展協會,BF0100137,BF,臺北市,大安區,臺北市大安區古風里師大路117巷1號  雲和街72巷9號,121.5286483765,25.022233963,C,巷弄長照站,臺北市,大安區,0983293018,fanghui100@gmail.com,邱信賢,20210101.0,20211231.0,20210407 14:54:32
臺北市大安區錦町社區發展協會,BF0100139,BF,臺北市,大安區,臺北市大安區錦安里潮州街130巷3號1樓,121.5275726318,25.0285434723,C,巷弄長照站,臺北市,大安區,02-2351-5967,chk550505168@gmail.com,龔志慧,20210101.0,20211231.0,20210407 15:54:08
松山區建源社區發展協會,BF0100151,BF,臺北市,松山區,臺北市松山區復建里八德路3段158巷7弄20號(復建區民活動中心),121.5560531616,25.0473632812,C,巷弄長照站,臺北市,松山區,02-25791689,shiohow@yahoo.com.tw,陳秀華,20210101.0,20211231.0,20210412 13:50:10
台灣迦美福音傳播協會,BF0100152,BF,臺北市,文山區,臺北市文山區景華里三福街74巷2號1樓,121.5443572998,24.9976539612,C,巷弄長照站,臺北市,文山區,02-29348952,olivetreepeng@yahoo.com.tw,朱信介,20210101.0,20211231.0,20210409 15:23:17
財團法人台北市活石基督徒團契,BF0100156,BF,臺北市,文山區,臺北市文山區萬興里指南路二段45巷24弄17號,121.5753631592,24.9894638062,C,巷弄長照站,臺北市,文山區,0925230295,lingling7475@yahoo.com.tw,謝長安,20210101.0,20211231.0,20210409 16:04:42
臺北市中正區櫻花社區發展協會,BF0100117,BF,臺北市,中正區,臺北市中正區網溪里牯嶺街165號,121.5191345215,25.0218410492,C,巷弄長照站,臺北市,中正區,0919940027,s33651923@yahoo.com.tw,夏萬浪,20210101.0,20211231.0,20210616 18:04:03
社團法人中華仁親社區關懷協會(士林好厝邊),BF0100133,BF,臺北市,士林區,臺北市士林區義信里基河路128號(士林靈糧堂),121.5231323242,25.0886764526,C,巷弄長照站,臺北市,士林區,0228803408,Ericlin7028@gmail.com,劉群茂,20210101.0,20211231.0,20210407 13:36:12
財團法人台北市基督教全人福利事業基金會(吳興教會),BD0100063,BD,臺北市,信義區,臺北市信義區三張里吳興街269巷18弄6號,121.5647735596,25.0270957947,C,巷弄長照站,臺北市,信義區,02-2758-9796,joan0801@ms68.hinet.net,鍾梅香,20210101.0,20211231.0,20210412 14:13:36
中華民國老人福利協進會,BF0100168,BF,臺北市,信義區,臺北市信義區嘉興里信安街78號2樓,121.557220459,25.02602005,C,巷弄長照站,臺北市,信義區,02-27382357,catychou_3067@yahoo.com.tw,高火生,20210101.0,20211231.0,20210412 14:34:47
永誠復健科診所,B20100087,B2,臺北市,大安區,臺北市大安區復興南路二段236號2樓,121.5431365967,25.0251255035,B,專業照護服務,臺北市,松山區;信義區;大安區;中山區;中正區;大同區;萬華區;文山區;南港區;內湖區;士林區;北投區,2707-1608,yc.clinic@msa.hinet.net,裴松毅,20190919.0,20201231.0,20200311 17:44:34
逸居股份有限公司附設臺北市私立幸福時光居家長照機構,1V0100014,1,臺北市,大安區,臺北市大安區錦安里永康街75巷1號1樓,121.529914856,25.0289611816,B,喘息服務,臺北市,松山區;信義區;大安區;中山區;中正區;大同區;萬華區;文山區;南港區;內湖區;士林區;北投區,02-77058110#107,blessedsheeptime@gmail.com,李淑貞,20200408.0,20241231.0,20221230 20:04:26
逸居股份有限公司附設臺北市私立幸福時光居家長照機構,1V0100014,1,臺北市,大安區,臺北市大安區錦安里永康街75巷1號1樓,121.529914856,25.0289611816,B,居家服務,臺北市,松山區;信義區;大安區;中山區;中正區;大同區;萬華區;文山區;南港區;內湖區;士林區;北投區,02-77058110#107,blessedsheeptime@gmail.com,李淑貞,20240101.0,20261231.0,20231229 16:46:48
臺北市內湖區大湖里辦公處,BF0100129,BF,臺北市,內湖區,臺北市內湖區大湖里大湖山莊街117號3樓,121.6017456055,25.0860443115,C,巷弄長照站,臺北市,內湖區,0972295512,bl-abc526209@mail.taipei.gov.tw,郭坤祥,20200101.0,20211231.0,20210408 17:36:42
台北市北投區榮光社區發展協會,BF0100140,BF,臺北市,北投區,臺北市北投區榮光里石牌路1段166巷43弄15號,121.5150146484,25.1140327454,C,巷弄長照站,臺北市,北投區,02-2823-1593,gym5118@yahoo.com.tw,蘇寶鈴,20200401.0,20211231.0,20210412 11:14:38
財團法人臺北市松年長春社會福利基金會(景華),BF0100153,BF,臺北市,文山區,臺北市文山區景華里景華街49巷1號,121.5427932739,24.9952831268,C,巷弄長照站,臺北市,文山區,0225000261,pine003@twdc.org.tw,王淑惠,20200101.0,20211231.0,20210409 15:21:32
杏誠復健科診所,B20100086,B2,臺北市,大安區,臺北市大安區信義路四段173號2樓,121.5504608154,25.0334281921,B,喘息服務,臺北市,松山區;信義區;大安區;中山區;中正區;大同區;萬華區;文山區;南港區;內湖區;士林區;北投區,2706-1732,xc.clinic@gmail.com,楊峯芃,20190917.0,20201231.0,20200311 17:40:36
臺北市立聯合醫院,B20100059,B2,臺北市,大同區,臺北市大同區鄭州路145號,121.5088882446,25.0506916046,B,專業照護服務,臺北市,松山區;信義區;大安區;中山區;中正區;大同區;萬華區;文山區;南港區;內湖區;士林區;北投區,25553000#2030,B5646@tpech.gov.tw,王智弘,20200101.0,20241231.0,20221229 23:03:19
臺北市立聯合醫院,B20100059,B2,臺北市,大同區,臺北市大同區鄭州路145號,121.5088882446,25.0506916046,B,專業照護服務,臺北市,松山區;信義區;大安區;中山區;中正區;大同區;萬華區;文山區;南港區;內湖區;士林區;北投區,25553000#2030,B5646@tpech.gov.tw,王智弘,20200101.0,20241231.0,20221229 23:03:09
逸居股份有限公司附設臺北市私立幸福時光居家長照機構,1V0100014,1,臺北市,大安區,臺北市大安區錦安里永康街75巷1號1樓,121.529914856,25.0289611816,B,居家服務,臺北市,松山區;信義區;大安區;中山區;中正區;大同區;萬華區;文山區;南港區;內湖區;士林區;北投區,02-77058110#107,blessedsheeptime@gmail.com,李淑貞,20200306.0,20231231.0,20211230 11:15:47
臺北市信義區挹翠社區發展協會,BF0100112,BF,臺北市,信義區,臺北市信義區六合里紫雲街23號1樓,,,C,巷弄長照站,臺北市,信義區,02-27228636,ghda970525@gmail.com,甘添貴,20210101.0,20211231.0,20210412 14:27:02
臺北市立聯合醫院,B20100059,B2,臺北市,大同區,臺北市大同區鄭州路145號,121.5088882446,25.0506916046,B,居家失能個案家庭醫師照護服務,臺北市,松山區;信義區;大安區;中山區;中正區;大同區;萬華區;文山區;南港區;內湖區;士林區;北投區,25553000#2030,B5646@tpech.gov.tw,王智弘,20210101.0,20241231.0,20221230 21:45:43
臺北市立聯合醫院,B20100059,B2,臺北市,大同區,臺北市大同區鄭州路145號,121.5088882446,25.0506916046,B,居家失能個案家庭醫師照護服務,臺北市,松山區;信義區;大安區;中山區;中正區;大同區;萬華區;文山區;南港區;內湖區;士林區;北投區,25553000#2030,B5646@tpech.gov.tw,王智弘,20200101.0,20221231.0,20221216 13:04:16
快樂兒童診所,B20100096,B2,臺北市,萬華區,臺北市萬華區寶興街121號,121.4948043823,25.0252285004,B,居家失能個案家庭醫師照護服務,臺北市,萬華區,2332-8610,Happy3233@yahoo.com.tw,黃妙玲,20200310.0,20241231.0,20221230 21:46:31
臺北市私立喜宇居家長照機構,1X0100017,1,臺北市,松山區,臺北市松山區慈祐里臺北市松山區八德路四段678號6樓之1,121.5754165649,25.0498504639,B,喘息服務,臺北市,松山區;信義區;大安區;中山區;中正區;大同區;萬華區;文山區;南港區;內湖區;士林區;北投區,0966200297,tsai_you@yahoo.com.tw,劉敬喜,20250101.0,20261231.0,20241122 18:27:50
臺北市私立喜宇居家長照機構,1X0100017,1,臺北市,松山區,臺北市松山區慈祐里臺北市松山區八德路四段678號6樓之1,121.5754165649,25.0498504639,B,居家服務,臺北市,松山區;信義區;中山區;中正區;萬華區;南港區;內湖區;士林區;北投區,0966200297,tsai_you@yahoo.com.tw,劉敬喜,20200417.0,20211231.0,20201201 17:09:46
臺北市私立喜宇居家長照機構,1X0100017,1,臺北市,松山區,臺北市松山區慈祐里臺北市松山區八德路四段678號6樓之1,121.5754165649,25.0498504639,B,居家服務,臺北市,松山區;大同區;南港區;內湖區;士林區;北投區,0966200297,tsai_you@yahoo.com.tw,劉敬喜,20240101.0,20261231.0,20231229 13:41:18
財團法人中華基督教衛理公會平安堂,BF0100158,BF,臺北市,文山區,臺北市文山區興安里仙岩路16巷37號,121.5489425659,24.9983139038,C,巷弄長照站,臺北市,文山區,02-29342105,kennykung38837@gmail.com,賴玲,20200401.0,20211231.0,20210409 16:15:14
臺北市北投區振華社區發展協會,BF0100163,BF,臺北市,北投區,臺北市北投區振華里裕民一路40巷37號1樓,121.5177536011,25.1152057648,C,巷弄長照站,臺北市,北投區,02-2823-6110,fashing188@yahoo.com.tw,郭崇儀,20200401.0,20211231.0,20210412 11:05:13
樂昱有限公司附設臺北市私立樂昱居家長照機構,1V0100016,1,臺北市,北投區,臺北市北投區文林里文林北路262號2樓,121.5109786987,25.1137466431,B,喘息服務,臺北市,松山區;信義區;大安區;中山區;中正區;大同區;萬華區;文山區;南港區;內湖區;士林區;北投區,28225423,leyuhappy1@gmail.com,黃信雄,20250101.0,20261231.0,20241122 15:26:22
中華民國紅十字會附設私立博愛居家長照機構,1N0100003,1,臺北市,萬華區,臺北市萬華區菜園里康定路62號11樓,121.5023117065,25.0424423218,B,居家服務,臺北市,中山區;中正區;大同區;萬華區,23310500,lily1015@redcross.org.tw,潘維大,20200420.0,20241231.0,20221230 15:22:23
中華民國紅十字會附設私立博愛居家長照機構,1N0100003,1,臺北市,萬華區,臺北市萬華區菜園里康定路62號11樓,121.5023117065,25.0424423218,B,居家服務,臺北市,中山區;中正區;大同區;萬華區,23310500,lily1015@redcross.org.tw,潘維大,20240101.0,20261231.0,20231229 17:19:09
逸居股份有限公司附設臺北市私立幸福時光居家長照機構,1V0100014,1,臺北市,大安區,臺北市大安區錦安里永康街75巷1號1樓,121.529914856,25.0289611816,B,喘息服務,臺北市,松山區;信義區;大安區;中山區;中正區;大同區;萬華區;文山區;南港區;內湖區;士林區;北投區,02-77058110#107,blessedsheeptime@gmail.com,李淑貞,20250101.0,20261231.0,20241122 10:37:41
臺北市北投區永和社區發展協會,BF0100123,BF,臺北市,北投區,臺北市北投區永和里行義路138-1號1樓,121.527961731,25.1296043396,C,巷弄長照站,臺北市,北投區,0910069290,l5168@hotmail.com,陳世正,20210101.0,20211231.0,20210409 17:20:16
台北市信義區三犁里辦公處,BF0100127,BF,臺北市,信義區,臺北市信義區三犁里信義路5段150巷14弄6號1樓,121.5694274902,25.0284118652,C,巷弄長照站,臺北市,信義區,0911-822-428,sing.keego@gmail.com,翁信利,20210101.0,20211231.0,20210412 14:15:27
台北市大同區慶安社區發展協會,BF0100135,BF,臺北市,大同區,臺北市大同區重慶里敦煌路90-92號1樓,121.5171356201,25.075838089,C,巷弄長照站,臺北市,大同區,0225965927,shun0531@kimo.com,林王雪娥,20200101.0,20211231.0,20210407 14:34:16
台北市廣西同鄉會,BF0100149,BF,臺北市,中正區,臺北市中正區梅花里忠孝東路1段35號7樓,121.5255355835,25.0444889069,C,巷弄長照站,臺北市,中正區,02-23210375,kwangsi.main@gmail.com,謝志鵬,20200101.0,20211231.0,20210408 17:04:03
臺北市信義區中行里辦公處,BF0100155,BF,臺北市,信義區,臺北市信義區中行里福德街268巷32號,121.5857543945,25.0398902893,C,巷弄長照站,臺北市,信義區,02-2727-4777,zhongxing@zx.attw.idv.tw,林美君,20210101.0,20211231.0,20210412 14:16:45
臺北市信義區五全里辦公處,BF0100162,BF,臺北市,信義區,臺北市信義區五全里永吉路278巷1弄13號,121.5745849609,25.0450229645,C,巷弄長照站,臺北市,信義區,02-2762-0007,wu--quan@hotmail.com,吳秀好,20210101.0,20211231.0,20210412 14:23:54
富康活力藥局,B30100008,B3,臺北市,南港區,臺北市南港區研究院路一段101巷8號,121.6165084839,25.0518093109,B,專業照護服務,臺北市,松山區;信義區;大安區;中山區;中正區;大同區;萬華區;文山區;南港區;內湖區;士林區;北投區,0937-964-046,cgaryz1688@gmail.com,蘇崑彰,20191122.0,20201231.0,20200311 18:06:23
美而美居家長照股份有限公司附設臺北市私立美而美居家長照機構,1V0100017,1,臺北市,中山區,臺北市中山區聚盛里錦州街46號12樓之3(R06室),121.530380249,25.0612926483,B,喘息服務,臺北市,松山區;信義區;大安區;中山區;中正區;大同區;萬華區;文山區;南港區;內湖區;士林區;北投區,02-2821-2412,bnb83627845@gmail.com,李壬㛙,20250101.0,20261231.0,20241120 10:24:04
美而美居家長照股份有限公司附設臺北市私立美而美居家長照機構,1V0100017,1,臺北市,中山區,臺北市中山區聚盛里錦州街46號12樓之3(R06室),121.530380249,25.0612926483,B,喘息服務,臺北市,松山區;信義區;大安區;中山區;中正區;大同區;萬華區;文山區;南港區;內湖區;士林區;北投區,02-2821-2412,bnb83627845@gmail.com,李壬㛙,20200428.0,20231231.0,20211230 16:14:14
美而美居家長照股份有限公司附設臺北市私立美而美居家長照機構,1V0100017,1,臺北市,中山區,臺北市中山區聚盛里錦州街46號12樓之3(R06室),121.530380249,25.0612926483,B,居家服務,新北市,板橋區;三重區;新莊區;新店區;樹林區;三峽區;淡水區;土城區;蘆洲區;五股區,02-2821-2412,bnb83627845@gmail.com,李壬㛙,20250101.0,20271231.0,20250103 11:25:37
美而美居家長照股份有限公司附設臺北市私立美而美居家長照機構,1V0100017,1,臺北市,中山區,臺北市中山區聚盛里錦州街46號12樓之3(R06室),121.530380249,25.0612926483,B,居家服務,臺北市,松山區;信義區;大安區;中山區;中正區;大同區;萬華區;文山區;南港區;內湖區;士林區;北投區,02-2821-2412,bnb83627845@gmail.com,李壬㛙,20200428.0,20231231.0,20211230 16:14:14
臺北市私立一心居家長照機構,1X0100016,1,臺北市,松山區,臺北市松山區吉仁里八德路3段186號6樓之1,121.5560150146,25.0477523804,B,居家服務,臺北市,松山區;信義區;大安區;中山區;中正區;大同區;萬華區;文山區;南港區;內湖區;士林區;北投區,25781018,xue.oneheart@gmail.com,黃淑華,20200408.0,20211231.0,20211230 14:38:38
臺北市私立一心居家長照機構,1X0100016,1,臺北市,松山區,臺北市松山區吉仁里八德路3段186號6樓之1,121.5560150146,25.0477523804,B,居家服務,臺北市,松山區;信義區;大安區;中山區;中正區;大同區;萬華區;南港區;內湖區;士林區;北投區,25781018,xue.oneheart@gmail.com,黃淑華,20240101.0,20261231.0,20231229 11:56:34
樂昱有限公司附設臺北市私立樂昱居家長照機構,1V0100016,1,臺北市,北投區,臺北市北投區文林里文林北路262號2樓,121.5109786987,25.1137466431,B,喘息服務,臺北市,松山區;信義區;大安區;中山區;中正區;大同區;萬華區;文山區;南港區;內湖區;士林區;北投區,28225423,leyuhappy1@gmail.com,黃信雄,20200703.0,20241231.0,20221230 14:53:52
樂昱有限公司附設臺北市私立樂昱居家長照機構,1V0100016,1,臺北市,北投區,臺北市北投區文林里文林北路262號2樓,121.5109786987,25.1137466431,B,喘息服務,臺北市,松山區;信義區;大安區;中山區;中正區;大同區;萬華區;文山區;南港區;內湖區;士林區;北投區,28225423,leyuhappy1@gmail.com,黃信雄,20200701.0,20241231.0,20221229 22:31:32
財團法人台北市中華基督教衛理公會衛理堂,BF0100102,BF,臺北市,大安區,臺北市大安區民輝里新生南路1段113號,121.5330581665,25.0396938324,C,巷弄長照站,臺北市,大安區,02-2771-2017#141,joshua87427@gmail.com,歐陽讓,20210101.0,20211231.0,20210407 15:18:25
臺北市文山區景美社區發展協會,BF0100125,BF,臺北市,文山區,臺北市文山區景行里羅斯福路6段393號8樓,121.5407409668,24.992099762,C,巷弄長照站,臺北市,文山區,02-29316166,liujinlian00068@gmail.com,劉金蓮,20200101.0,20211231.0,20210409 15:15:44
台北市北投區福興社區發展協會,BF0100141,BF,臺北市,北投區,臺北市北投區福興里自強街5巷22號,121.5123748779,25.1104602814,C,巷弄長照站,臺北市,北投區,02-2827-9392,jeo55404968@gmail.com,張國龍,20200401.0,20211231.0,20210412 11:12:12
社團法人台灣厝邊有愛關懷協會(台北公舘),BF0100154,BF,臺北市,文山區,臺北市文山區萬年里汀州路四段85巷2號,121.5375747681,25.0074081421,C,巷弄長照站,臺北市,文山區,02-23635546,lo1119@ms53.hinet.net,鄭忠仁,20210101.0,20211231.0,20210409 15:29:21
快樂兒童診所,B20100096,B2,臺北市,萬華區,臺北市萬華區寶興街121號,121.4948043823,25.0252285004,B,居家失能個案家庭醫師照護服務,臺北市,萬華區,2332-8610,Happy3233@yahoo.com.tw,黃妙玲,20250101.0,20261231.0,20250204 16:08:42
博昌復健科診所,B20100091,B2,臺北市,萬華區,臺北市萬華區萬大路221號1樓,121.5006027222,25.0267486572,B,專業照護服務,臺北市,松山區;信義區;大安區;中正區;大同區;萬華區,2337-9196,moszkowski.tw@yahoo.com.tw,沈惠民,20191001.0,20201231.0,20200311 18:07:38
美而美居家長照股份有限公司附設臺北市私立美而美居家長照機構,1V0100017,1,臺北市,中山區,臺北市中山區聚盛里錦州街46號12樓之3(R06室),121.530380249,25.0612926483,B,喘息服務,新北市,板橋區;三重區;新莊區;新店區;樹林區;三峽區;淡水區;土城區;蘆洲區;五股區,02-2821-2412,bnb83627845@gmail.com,李壬㛙,20250101.0,20271231.0,20250103 11:26:20
美而美居家長照股份有限公司附設臺北市私立美而美居家長照機構,1V0100017,1,臺北市,中山區,臺北市中山區聚盛里錦州街46號12樓之3(R06室),121.530380249,25.0612926483,B,居家服務,臺北市,松山區;信義區;大安區;中山區;中正區;大同區;萬華區;文山區;南港區;內湖區;士林區;北投區,02-2821-2412,bnb83627845@gmail.com,李壬㛙,20240101.0,20261231.0,20231229 10:15:32
恩揚有限公司附設臺北市私立恩揚居家長照機構,1R0100013,1,臺北市,文山區,臺北市文山區萬祥里羅斯福路5段225之1號1樓,121.5392532349,25.0019645691,B,喘息服務,臺北市,松山區;信義區;大安區;中山區;中正區;大同區;萬華區;文山區;南港區;內湖區;士林區;北投區,29301999,eym@enyang.com.tw,林子哲,20200604.0,20241231.0,20221229 22:40:10
恩揚有限公司附設臺北市私立恩揚居家長照機構,1R0100013,1,臺北市,文山區,臺北市文山區萬祥里羅斯福路5段225之1號1樓,121.5392532349,25.0019645691,B,喘息服務,新北市,三重區;新莊區;新店區;土城區;蘆洲區;五股區,29301999,eym@enyang.com.tw,林子哲,20250101.0,20271231.0,20241223 14:30:22
臺北市私立一心居家長照機構,1X0100016,1,臺北市,松山區,臺北市松山區吉仁里八德路3段186號6樓之1,121.5560150146,25.0477523804,B,喘息服務,臺北市,松山區;信義區;大安區;中山區;中正區;大同區;萬華區;文山區;南港區;內湖區;士林區;北投區,25781018,xue.oneheart@gmail.com,黃淑華,20200410.0,20241231.0,20221229 22:47:03
臺北市私立一心居家長照機構,1X0100016,1,臺北市,松山區,臺北市松山區吉仁里八德路3段186號6樓之1,121.5560150146,25.0477523804,B,喘息服務,臺北市,松山區;信義區;大安區;中山區;中正區;大同區;萬華區;文山區;南港區;內湖區;士林區;北投區,25781018,xue.oneheart@gmail.com,黃淑華,20250101.0,20261231.0,20241122 18:42:56
荃能職能治療所,B50100020,B5,臺北市,松山區,臺北市松山區寶清街89巷46號,121.5692749023,25.0522785187,B,專業照護服務,臺北市,松山區;信義區;大安區;中山區;中正區;大同區;萬華區;文山區;南港區;內湖區;士林區;北投區,0928-610-797,clever6405@gmail.com,温俞慧,20190919.0,20241231.0,20221229 23:15:16
旭生中醫診所,B20100092,B2,臺北市,萬華區,臺北市萬華區萬大路526號,,,B,專業照護服務,臺北市,萬華區,2314-3456#9,amanda.lee0933@gmail.com,陳贊文,20190917.0,20201231.0,20200311 18:14:35
臺北市私立可馨居家長照機構,1X0100018,1,臺北市,大安區,臺北市大安區建倫里忠孝東路4段162號12樓之3,121.5502853394,25.0412845612,B,居家服務,臺北市,松山區;信義區;大安區;中正區;文山區;南港區,0932908325,kexinhome051@gmail.com,高銘麟,20240101.0,20261231.0,20231229 10:48:29
臺北市私立可馨居家長照機構,1X0100018,1,臺北市,大安區,臺北市大安區建倫里忠孝東路4段162號12樓之3,121.5502853394,25.0412845612,B,居家服務,臺北市,松山區;信義區;大安區;中山區;中正區;大同區;萬華區;文山區;南港區;內湖區;士林區;北投區,0932908325,kexinhome051@gmail.com,高銘麟,20200901.0,20241231.0,20221230 20:39:45
臺北市私立喜宇居家長照機構,1X0100017,1,臺北市,松山區,臺北市松山區慈祐里臺北市松山區八德路四段678號6樓之1,121.5754165649,25.0498504639,B,喘息服務,臺北市,松山區;信義區;大安區;中山區;中正區;大同區;萬華區;文山區;南港區;內湖區;士林區;北投區,0966200297,tsai_you@yahoo.com.tw,劉敬喜,20200619.0,20241231.0,20221229 22:34:03
財團法人臺安基金會(基督復臨安息日會松山教會),BF0100175,BF,臺北市,松山區,臺北市松山區福成里敦化南路一段78號,121.5480194092,25.047039032,C,巷弄長照站,臺北市,松山區,02-27716823,sungshan@hotmail.com.tw,周輝政,20200401.0,20211231.0,20210412 14:05:20
臺北市私立可馨居家長照機構,1X0100018,1,臺北市,大安區,臺北市大安區建倫里忠孝東路4段162號12樓之3,121.5502853394,25.0412845612,B,喘息服務,臺北市,松山區;信義區;大安區;中正區;文山區;南港區,0932908325,kexinhome051@gmail.com,高銘麟,20250101.0,20261231.0,20241122 14:45:57
臺北市私立可馨居家長照機構,1X0100018,1,臺北市,大安區,臺北市大安區建倫里忠孝東路4段162號12樓之3,121.5502853394,25.0412845612,B,喘息服務,臺北市,松山區;信義區;大安區;中正區;文山區;南港區,0932908325,kexinhome051@gmail.com,高銘麟,20200901.0,20241231.0,20240305 15:33:34
恩揚有限公司附設臺北市私立恩揚居家長照機構,1R0100013,1,臺北市,文山區,臺北市文山區萬祥里羅斯福路5段225之1號1樓,121.5392532349,25.0019645691,B,居家服務,臺北市,松山區;大安區;中正區;文山區,29301999,eym@enyang.com.tw,林子哲,20240101.0,20261231.0,20231229 14:01:30
恩揚有限公司附設臺北市私立恩揚居家長照機構,1R0100013,1,臺北市,文山區,臺北市文山區萬祥里羅斯福路5段225之1號1樓,121.5392532349,25.0019645691,B,居家服務,新北市,三重區;新莊區;新店區;土城區;蘆洲區;五股區,29301999,eym@enyang.com.tw,林子哲,20250101.0,20271231.0,20241223 14:29:42
臺北市私立喜宇居家長照機構,1X0100017,1,臺北市,松山區,臺北市松山區慈祐里臺北市松山區八德路四段678號6樓之1,121.5754165649,25.0498504639,B,居家服務,臺北市,松山區;大同區;南港區;內湖區;士林區;北投區,0966200297,tsai_you@yahoo.com.tw,劉敬喜,20220101.0,20231231.0,20211230 14:54:40
美樺股份有限公司附設私立美美居家長照機構,1V0100019,1,臺北市,中正區,臺北市中正區黎明里重慶南路1段121號5樓之2,121.5133743286,25.042224884,B,喘息服務,臺北市,松山區;信義區;大安區;中山區;中正區;大同區;萬華區;文山區;南港區;內湖區;士林區;北投區,02-23700021,meihua10903@gmail.com,傅翰強,20200619.0,20241231.0,20221229 21:35:02
美樺股份有限公司附設私立美美居家長照機構,1V0100019,1,臺北市,中正區,臺北市中正區黎明里重慶南路1段121號5樓之2,121.5133743286,25.042224884,B,喘息服務,臺北市,松山區;信義區;大安區;中山區;中正區;大同區;萬華區;文山區;南港區;內湖區;士林區;北投區,02-23700021,meihua10903@gmail.com,傅翰強,20250101.0,20261231.0,20241119 17:41:45
恩揚有限公司附設臺北市私立恩揚居家長照機構,1R0100013,1,臺北市,文山區,臺北市文山區萬祥里羅斯福路5段225之1號1樓,121.5392532349,25.0019645691,B,喘息服務,臺北市,松山區;大安區;中正區;文山區,29301999,eym@enyang.com.tw,林子哲,20250101.0,20261231.0,20241122 17:14:38
臺北市私立可馨居家長照機構,1X0100018,1,臺北市,大安區,臺北市大安區建倫里忠孝東路4段162號12樓之3,121.5502853394,25.0412845612,B,居家服務,臺北市,松山區;信義區;大安區;中正區;文山區;南港區,0932908325,kexinhome051@gmail.com,高銘麟,20200522.0,20231231.0,20211230 11:17:30
普眾股份有限公司附設臺北市私立普眾居家長照機構,1V0100022,1,臺北市,南港區,臺北市南港區新光里昆陽街152巷39號1樓,121.5929641724,25.0491352081,B,居家服務,新北市,中和區;永和區;新店區;汐止區,02-27887966,pj83485803@gmail.com,陳秀麗,20250101.0,20271231.0,20241205 14:32:23
普眾股份有限公司附設臺北市私立普眾居家長照機構,1V0100022,1,臺北市,南港區,臺北市南港區新光里昆陽街152巷39號1樓,121.5929641724,25.0491352081,B,居家服務,臺北市,松山區;信義區;大安區;中山區;中正區;大同區;萬華區;文山區;南港區;內湖區;士林區;北投區,02-27887966,pj83485803@gmail.com,陳秀麗,20220101.0,20231231.0,20220207 16:10:08
普眾股份有限公司附設臺北市私立普眾居家長照機構,1V0100022,1,臺北市,南港區,臺北市南港區新光里昆陽街152巷39號1樓,121.5929641724,25.0491352081,B,居家服務,臺北市,松山區;信義區;大安區;中山區;中正區;大同區;萬華區;文山區;南港區;內湖區;士林區;北投區,02-27887966,pj83485803@gmail.com,陳秀麗,20240101.0,20261231.0,20231229 10:14:43
馨瀅股份有限公司附設私立馨瀅居家長照機構,1V0100023,1,臺北市,大同區,臺北市大同區永樂里迪化街一段149號3樓,121.5105133057,25.0523643494,B,喘息服務,臺北市,松山區;信義區;大安區;中山區;中正區;大同區;萬華區;文山區;南港區;內湖區;士林區;北投區,02-2552-7626,xinying.heidi.1@gmail.com,陳佳良,20250101.0,20261231.0,20241104 18:04:28
馨瀅股份有限公司附設私立馨瀅居家長照機構,1V0100023,1,臺北市,大同區,臺北市大同區永樂里迪化街一段149號3樓,121.5105133057,25.0523643494,B,居家服務,新北市,板橋區;三重區;新莊區;樹林區;蘆洲區;五股區;泰山區,02-2552-7626,xinying.heidi.1@gmail.com,陳佳良,20250101.0,20271231.0,20241225 16:52:08
馨瀅股份有限公司附設私立馨瀅居家長照機構,1V0100023,1,臺北市,大同區,臺北市大同區永樂里迪化街一段149號3樓,121.5105133057,25.0523643494,B,居家服務,臺北市,松山區;信義區;大安區;中山區;中正區;大同區;萬華區;文山區;南港區;內湖區;士林區;北投區,02-2552-7626,xinying.heidi.1@gmail.com,陳佳良,20200731.0,20231231.0,20220104 18:52:36
臺北市私立燿翔居家長照機構,1X0100019,1,臺北市,大安區,臺北市大安區信義路4段279號8樓（808室）,121.5547103882,25.0333442688,B,專業照護服務,臺北市,松山區;信義區;大安區;中山區;中正區;大同區;萬華區;文山區;南港區;內湖區;士林區;北投區,2703-5276,yaohsiang.ltci@gmail.com,莊博文,20200511.0,20241231.0,20221230 20:14:10
臺北市私立燿翔居家長照機構,1X0100019,1,臺北市,大安區,臺北市大安區信義路4段279號8樓（808室）,121.5547103882,25.0333442688,B,專業照護服務,臺北市,松山區;信義區;大安區;中山區;中正區;大同區;萬華區;文山區;南港區;內湖區;士林區;北投區,2703-5276,yaohsiang.ltci@gmail.com,莊博文,20250101.0,20261231.0,20241025 10:09:17
美樺股份有限公司附設私立美美居家長照機構,1V0100019,1,臺北市,中正區,臺北市中正區黎明里重慶南路1段121號5樓之2,121.5133743286,25.042224884,B,居家服務,臺北市,松山區;大安區;中山區;中正區;大同區;萬華區;文山區;南港區;內湖區,02-23700021,meihua10903@gmail.com,傅翰強,20220101.0,20231231.0,20220207 16:00:50
美樺股份有限公司附設私立美美居家長照機構,1V0100019,1,臺北市,中正區,臺北市中正區黎明里重慶南路1段121號5樓之2,121.5133743286,25.042224884,B,居家服務,臺北市,松山區;信義區;大安區;中山區;中正區;大同區;萬華區;文山區;南港區;內湖區;士林區;北投區,02-23700021,meihua10903@gmail.com,傅翰強,20240101.0,20261231.0,20231229 09:32:37
普眾股份有限公司附設臺北市私立普眾居家長照機構,1V0100022,1,臺北市,南港區,臺北市南港區新光里昆陽街152巷39號1樓,121.5929641724,25.0491352081,B,喘息服務,新北市,中和區;永和區;新店區;汐止區,02-27887966,pj83485803@gmail.com,陳秀麗,20250101.0,20271231.0,20241205 14:33:21
馨瀅股份有限公司附設私立馨瀅居家長照機構,1V0100023,1,臺北市,大同區,臺北市大同區永樂里迪化街一段149號3樓,121.5105133057,25.0523643494,B,喘息服務,新北市,板橋區;三重區;新莊區;樹林區;蘆洲區;五股區;泰山區,02-2552-7626,xinying.heidi.1@gmail.com,陳佳良,20250101.0,20271231.0,20241225 16:52:35
宜蘭縣B級單位-佳音營養諮詢中心,B60100007,B6,臺北市,士林區,臺北市士林區延平北路五段253號2F,121.5096740723,25.0848617554,B,營養餐飲服務,宜蘭縣,宜蘭市;羅東鎮;蘇澳鎮;頭城鎮;礁溪鄉;壯圍鄉;員山鄉;冬山鄉;五結鄉;三星鄉;大同鄉;南澳鄉,02-28162898,Justgood015@gmail.com,丁敏玉,20190101.0,20211231.0,20210121 15:17:02
財團法人台北市建成基督長老教會,BF0100172,BF,臺北市,大同區,臺北市大同區建泰里承德路一段77巷29號,121.5184249878,25.0521259308,C,巷弄長照站,臺北市,大同區,02-2558-0685,jiancheng_church@yahoo.com.tw,許靜惠,20200101.0,20211231.0,20210407 14:19:30
臺北市私立康健居家式長照機構,1X0100021,1,臺北市,內湖區,臺北市內湖區寶湖里民權東路6段180巷6號6樓之18（A室）,121.5926513672,25.068195343,B,喘息服務,臺北市,中山區;南港區;內湖區,02-87919104,kjcare.tw@gmail.com,吳姁媛,20250101.0,20261231.0,20241122 15:17:12
臺北市私立康健居家式長照機構,1X0100021,1,臺北市,內湖區,臺北市內湖區寶湖里民權東路6段180巷6號6樓之18（A室）,121.5926513672,25.068195343,B,居家服務,臺北市,松山區;信義區;中山區;南港區;內湖區,02-87919104,kjcare.tw@gmail.com,吳姁媛,20200915.0,20231231.0,20211230 18:21:18
謙和園健康福祉有限公司附設臺北市私立溫邸家居家長照機構,1V0100020,1,臺北市,中山區,臺北市中山區民安里新生北路2段72巷23號1樓,121.5212478638,25.0570869446,B,居家服務,臺北市,松山區;信義區;大安區;中山區;中正區;大同區;萬華區;文山區;南港區;內湖區;士林區;北投區,02-25681589,hc.hereforyou@gmail.com,王志剛,20240101.0,20261231.0,20231229 10:17:15
謙和園健康福祉有限公司附設臺北市私立溫邸家居家長照機構,1V0100020,1,臺北市,中山區,臺北市中山區民安里新生北路2段72巷23號1樓,121.5212478638,25.0570869446,B,喘息服務,臺北市,松山區;信義區;大安區;中山區;中正區;大同區;萬華區;文山區;南港區;內湖區;士林區;北投區,02-25681589,hc.hereforyou@gmail.com,王志剛,20200901.0,20241231.0,20221229 22:35:32
臺北市政府衛生局附設臺北市東明住宿長照機構 (委託財團法人台北市私立愛愛院經營管理),3B0100001,3,臺北市,南港區,臺北市南港區東明里南港路二段60巷17號2樓,121.6044616699,25.0546665192,B,喘息服務,臺北市,松山區;信義區;大安區;中山區;中正區;大同區;萬華區;文山區;南港區;內湖區;士林區;北投區,02-26519898,nd25@aiai.org.tw,施武靖,20200701.0,20241231.0,20221229 22:47:47
臺北市政府衛生局附設臺北市東明住宿長照機構 (委託財團法人台北市私立愛愛院經營管理),3B0100001,3,臺北市,南港區,臺北市南港區東明里南港路二段60巷17號2樓,121.6044616699,25.0546665192,B,喘息服務,臺北市,松山區;信義區;大安區;中山區;中正區;大同區;萬華區;文山區;南港區;內湖區;士林區;北投區,02-26519898,nd25@aiai.org.tw,施武靖,20250101.0,20261231.0,20250204 12:03:18
世界潘氏宗親總會,BF0100176,BF,臺北市,松山區,臺北市松山區東光里南京東路5段29號3樓,121.5581588745,25.0517349243,C,巷弄長照站,臺北市,松山區,02-27678497,sc.chen562877@yahoo.com.tw,潘維大,20200401.0,20211231.0,20210412 11:55:04
臺北市私立康健居家式長照機構,1X0100021,1,臺北市,內湖區,臺北市內湖區寶湖里民權東路6段180巷6號6樓之18（A室）,121.5926513672,25.068195343,B,喘息服務,臺北市,中山區;南港區;內湖區,02-87919104,kjcare.tw@gmail.com,吳姁媛,20210128.0,20241231.0,20221229 23:02:51
臺北市私立康健居家式長照機構,1X0100021,1,臺北市,內湖區,臺北市內湖區寶湖里民權東路6段180巷6號6樓之18（A室）,121.5926513672,25.068195343,B,居家服務,臺北市,松山區;信義區;中山區;南港區;內湖區,02-87919104,kjcare.tw@gmail.com,吳姁媛,20240101.0,20261231.0,20231229 10:02:41
馨瀅股份有限公司附設私立馨瀅居家長照機構,1V0100023,1,臺北市,大同區,臺北市大同區永樂里迪化街一段149號3樓,121.5105133057,25.0523643494,B,喘息服務,臺北市,松山區;信義區;大安區;中山區;中正區;大同區;萬華區;文山區;南港區;內湖區;士林區;北投區,02-2552-7626,xinying.heidi.1@gmail.com,陳佳良,20240613.0,20241231.0,20240613 13:33:26
謙和園健康福祉有限公司附設臺北市私立溫邸家居家長照機構,1V0100020,1,臺北市,中山區,臺北市中山區民安里新生北路2段72巷23號1樓,121.5212478638,25.0570869446,B,居家服務,臺北市,松山區;信義區;大安區;中山區;中正區;大同區;萬華區;文山區;南港區;內湖區;士林區;北投區,02-25681589,hc.hereforyou@gmail.com,王志剛,20200713.0,20231231.0,20211230 16:04:21
馨瀅股份有限公司附設私立馨瀅居家長照機構,1V0100023,1,臺北市,大同區,臺北市大同區永樂里迪化街一段149號3樓,121.5105133057,25.0523643494,B,居家服務,臺北市,松山區;信義區;大安區;中山區;中正區;大同區;萬華區;文山區;南港區;內湖區;士林區;北投區,02-2552-7626,xinying.heidi.1@gmail.com,陳佳良,20240101.0,20261231.0,20231229 10:06:12
馨瀅股份有限公司附設私立馨瀅居家長照機構,1V0100023,1,臺北市,大同區,臺北市大同區永樂里迪化街一段149號3樓,121.5105133057,25.0523643494,B,居家服務,臺北市,松山區;信義區;大安區;中山區;中正區;大同區;萬華區;文山區;南港區;內湖區;士林區;北投區,02-2552-7626,xinying.heidi.1@gmail.com,陳佳良,20201104.0,20211231.0,20201203 19:41:59
聖約翰婦產科診所,B20100097,B2,臺北市,萬華區,臺北市萬華區東園街175號,121.4973526001,25.0241680145,B,居家失能個案家庭醫師照護服務,臺北市,中正區;萬華區,2309-8502,fancy6659@yahoo.com.tw,范成瑜,20250319.0,20261231.0,20250319 14:29:48
臺北市政府社會局委託財團法人台北市立心慈善基金會經營管理臺北市大同社區長照機構,2B0100001,2,臺北市,大同區,臺北市大同區重慶里重慶北路三段347號3樓之1,121.5140762329,25.0747833252,B,日間照顧服務,臺北市,松山區;信義區;大安區;中山區;中正區;大同區;萬華區;文山區;南港區;內湖區;士林區;北投區,02-25929008,datongold@gmail.com,洪金桐,20200915.0,20231231.0,20201202 10:49:55
臺北市政府社會局委託財團法人台北市立心慈善基金會經營管理臺北市大同社區長照機構,2B0100001,2,臺北市,大同區,臺北市大同區重慶里重慶北路三段347號3樓之1,121.5140762329,25.0747833252,B,日間照顧服務,臺北市,松山區;信義區;大安區;中山區;中正區;大同區;萬華區;文山區;南港區;內湖區;士林區;北投區,02-25929008,datongold@gmail.com,洪金桐,20240101.0,20261231.0,20240102 11:16:44
財團法人中華民國佛教慈濟慈善事業基金會松山聯絡處,BF0100178,BF,臺北市,松山區,臺北市松山區吉祥里南京東路五段188號16樓,121.5637435913,25.0512123108,C,巷弄長照站,臺北市,松山區,0937903855,sayyes103@gmail.com,釋證嚴,20190101.0,20211231.0,20210412 11:22:53
智慧長照有限公司附設臺北市私立愛關懷居家長照機構,1R0100017,1,臺北市,信義區,臺北市信義區忠孝東路5段1號2樓207室,121.541229248,24.9917163849,A,個案管理服務,臺北市,南港區,7729-7769,e2frank2020@gmail.com,王純鍵,20240501.0,20241231.0,20240430 11:13:48
智慧長照有限公司附設臺北市私立愛關懷居家長照機構,1R0100017,1,臺北市,信義區,臺北市信義區忠孝東路5段1號2樓207室,121.541229248,24.9917163849,B,喘息服務,臺北市,松山區;信義區;大安區;文山區,7729-7769,e2frank2020@gmail.com,王純鍵,20250101.0,20261231.0,20241122 15:19:43
智慧長照有限公司附設臺北市私立愛關懷居家長照機構,1R0100017,1,臺北市,信義區,臺北市信義區忠孝東路5段1號2樓207室,121.541229248,24.9917163849,B,喘息服務,新北市,中和區;永和區;新莊區;新店區,7729-7769,e2frank2020@gmail.com,王純鍵,20250101.0,20271231.0,20250114 11:09:01
普眾股份有限公司附設臺北市私立普眾居家長照機構,1V0100022,1,臺北市,南港區,臺北市南港區新光里昆陽街152巷39號1樓,121.5929641724,25.0491352081,B,喘息服務,臺北市,松山區;信義區;大安區;中山區;中正區;大同區;萬華區;文山區;南港區;內湖區;士林區;北投區,02-27887966,pj83485803@gmail.com,陳秀麗,20201001.0,20241231.0,20221229 22:30:19
普眾股份有限公司附設臺北市私立普眾居家長照機構,1V0100022,1,臺北市,南港區,臺北市南港區新光里昆陽街152巷39號1樓,121.5929641724,25.0491352081,B,喘息服務,臺北市,松山區;信義區;大安區;中山區;中正區;大同區;萬華區;文山區;南港區;內湖區;士林區;北投區,02-27887966,pj83485803@gmail.com,陳秀麗,20250101.0,20261231.0,20241122 15:00:43
芊潁顧問有限公司附設臺北市私立芊潁居家長照機構,1R0100020,1,臺北市,中山區,臺北市中山區行政里建國北路3段94號2樓(D201室),121.5344696045,25.0666828156,B,喘息服務,臺北市,松山區;信義區;大安區;中山區;中正區;大同區;萬華區;文山區;內湖區;士林區;北投區,02-2508-0383,qianyingoffice@gmail.com,何冠潁,20210223.0,20241231.0,20221229 23:18:22
芊潁顧問有限公司附設臺北市私立芊潁居家長照機構,1R0100020,1,臺北市,中山區,臺北市中山區行政里建國北路3段94號2樓(D201室),121.5344696045,25.0666828156,B,居家服務,臺北市,松山區;信義區;大安區;中山區;中正區;大同區;萬華區;文山區;南港區;內湖區;士林區;北投區,02-2508-0383,qianyingoffice@gmail.com,何冠潁,20201201.0,20231231.0,20230727 08:35:03
芊潁顧問有限公司附設臺北市私立芊潁居家長照機構,1R0100020,1,臺北市,中山區,臺北市中山區行政里建國北路3段94號2樓(D201室),121.5344696045,25.0666828156,B,居家服務,臺北市,松山區;信義區;大安區;中山區;中正區;大同區;萬華區;文山區;南港區;內湖區;士林區;北投區,02-2508-0383,qianyingoffice@gmail.com,何冠潁,20240101.0,20261231.0,20231229 10:19:16
芊潁顧問有限公司附設臺北市私立芊潁居家長照機構,1R0100020,1,臺北市,中山區,臺北市中山區行政里建國北路3段94號2樓(D201室),121.5344696045,25.0666828156,B,居家服務,新北市,板橋區;三重區;新莊區;淡水區,02-2508-0383,qianyingoffice@gmail.com,何冠潁,20250101.0,20271231.0,20241223 14:55:48
瑞兆居服股份有限公司附設臺北市私立瑞兆居家長照機構,1R0100021,1,臺北市,中山區,臺北市中山區中庄里民生東路2段119號3樓之3,121.5317764282,25.0580883026,B,居家服務,臺北市,松山區;中山區;大同區,02-2537-3968,0965160250rghealth@gmail.com,邱暉智,20201230.0,20231231.0,20211230 16:10:38
永鑫物理治療所,B40100032,B4,臺北市,南港區,臺北市南港區八德路四段885號3樓,121.5805130005,25.050863266,B,專業照護服務,臺北市,松山區;信義區;大安區;中山區;中正區;大同區;萬華區;文山區;南港區;內湖區;士林區;北投區,2396-2222,pthao30@gmail.com,張清豪,20201001.0,20241231.0,20221229 22:22:05
永鑫物理治療所,B40100032,B4,臺北市,南港區,臺北市南港區八德路四段885號3樓,121.5805130005,25.050863266,B,專業照護服務,新北市,板橋區;三重區;中和區;永和區;新店區;淡水區;汐止區;瑞芳區;蘆洲區;林口區;深坑區;石碇區;坪林區;三芝區;石門區;八里區;平溪區;雙溪區;貢寮區;金山區;萬里區;烏來區,2396-2222,pthao30@gmail.com,張清豪,20220101.0,20241231.0,20220317 10:20:50
永鑫物理治療所,B40100032,B4,臺北市,南港區,臺北市南港區八德路四段885號3樓,121.5805130005,25.050863266,B,專業照護服務(CC01),新北市,板橋區;三重區;中和區;永和區;新莊區;新店區;樹林區;鶯歌區;三峽區;淡水區;汐止區;瑞芳區;土城區;蘆洲區;五股區;泰山區;林口區;深坑區;石碇區;坪林區;三芝區;石門區;八里區;平溪區;雙溪區;貢寮區;金山區;萬里區;烏來區,2396-2222,pthao30@gmail.com,張清豪,20220101.0,20241231.0,20230802 17:19:14
適群居家物理治療所,B40100031,B4,臺北市,大安區,臺北市大安區四維路198巷38弄8號2樓之4,121.5456542969,25.0265579224,B,專業照護服務,臺北市,松山區;信義區;大安區;中山區;中正區;大同區;萬華區;文山區;南港區;內湖區;士林區;北投區,2706-3700,mollylin2886@gmail.com,林禹橦,20201201.0,20241231.0,20221230 20:01:38
永鑫物理治療所,B40100032,B4,臺北市,南港區,臺北市南港區八德路四段885號3樓,121.5805130005,25.050863266,B,專業照護服務,臺北市,松山區;信義區;大安區;中山區;中正區;大同區;萬華區;文山區;南港區;內湖區;士林區;北投區,2396-2222,pthao30@gmail.com,張清豪,20250101.0,20261231.0,20241025 10:38:01
北醫大管理顧問股份有限公司附設私立杏芳居家長照機構,1R0100023,1,臺北市,文山區,臺北市文山區景後街190號2樓之1,121.5692672729,25.0022506714,B,居家服務,臺北市,文山區,02-29350230#200,careplus.wf@gmail.com,張詩鑫,20201217.0,20231231.0,20220104 19:05:24
北醫大管理顧問股份有限公司附設私立杏芳居家長照機構,1R0100023,1,臺北市,文山區,臺北市文山區景後街190號2樓之1,121.5692672729,25.0022506714,A,個案管理服務,臺北市,文山區,02-29350230#200,careplus.wf@gmail.com,張詩鑫,20230731.0,20241231.0,20230731 19:59:35
芊潁顧問有限公司附設臺北市私立芊潁居家長照機構,1R0100020,1,臺北市,中山區,臺北市中山區行政里建國北路3段94號2樓(D201室),121.5344696045,25.0666828156,B,喘息服務,臺北市,松山區;信義區;大安區;中山區;中正區;大同區;萬華區;文山區;內湖區;士林區;北投區,02-2508-0383,qianyingoffice@gmail.com,何冠潁,20250101.0,20261231.0,20241122 10:39:39
芊潁顧問有限公司附設臺北市私立芊潁居家長照機構,1R0100020,1,臺北市,中山區,臺北市中山區行政里建國北路3段94號2樓(D201室),121.5344696045,25.0666828156,B,喘息服務,新北市,板橋區;三重區;新莊區;蘆洲區,02-2508-0383,qianyingoffice@gmail.com,何冠潁,20250101.0,20271231.0,20241223 14:56:17
瑞兆居服股份有限公司附設臺北市私立瑞兆居家長照機構,1R0100021,1,臺北市,中山區,臺北市中山區中庄里民生東路2段119號3樓之3,121.5317764282,25.0580883026,B,居家服務,臺北市,松山區;中山區;大同區,02-2537-3968,0965160250rghealth@gmail.com,邱暉智,20240101.0,20261231.0,20231229 10:22:06
適群居家物理治療所,B40100031,B4,臺北市,大安區,臺北市大安區四維路198巷38弄8號2樓之4,121.5456542969,25.0265579224,B,專業照護服務,臺北市,松山區;信義區;大安區;中山區;中正區;大同區;萬華區;文山區;南港區;內湖區;士林區;北投區,2706-3700,mollylin2886@gmail.com,林禹橦,20250101.0,20261231.0,20241018 16:25:32
北醫大管理顧問股份有限公司附設私立杏芳居家長照機構,1R0100023,1,臺北市,文山區,臺北市文山區景後街190號2樓之1,121.5692672729,25.0022506714,A,個案管理服務,臺北市,文山區,02-29350230#200,careplus.wf@gmail.com,張詩鑫,20250101.0,20261231.0,20241231 17:18:20
北醫大管理顧問股份有限公司附設私立杏芳居家長照機構,1R0100023,1,臺北市,文山區,臺北市文山區景後街190號2樓之1,121.5692672729,25.0022506714,B,喘息服務,臺北市,文山區,02-29350230#200,careplus.wf@gmail.com,張詩鑫,20250101.0,20261231.0,20241120 10:30:15
北醫大管理顧問股份有限公司附設私立杏芳居家長照機構,1R0100023,1,臺北市,文山區,臺北市文山區景後街190號2樓之1,121.5692672729,25.0022506714,B,喘息服務,臺北市,文山區,02-29350230#200,careplus.wf@gmail.com,張詩鑫,20210209.0,20241231.0,20221229 22:56:05
詮順居家長照有限公司附設臺北市私立詮順居家長照機構,1R0100024,1,臺北市,中山區,臺北市中山區力行里復興北路62號2樓之2,121.5427703857,25.0483798981,B,居家服務,臺北市,松山區;信義區;大安區;中山區;中正區;大同區;萬華區;文山區;南港區;內湖區;士林區;北投區,02-2773-0398,welldone82941629@gmail.com,林倖如,20201230.0,20231231.0,20211230 16:12:37
臺北市私立悠樂活居家長照機構,1X0100027,1,臺北市,大同區,臺北市大同區重慶北路一段67號3樓,121.5142974854,25.0664958954,B,居家服務,臺北市,松山區;信義區;大安區;中山區;中正區;大同區;萬華區;文山區;南港區;內湖區;士林區;北投區,02-77467520,care.nursing1027@yahoo.com,周至衡,20210127.0,20241231.0,20221229 22:07:16
謙和園健康福祉有限公司附設臺北市私立溫邸家居家長照機構,1V0100020,1,臺北市,中山區,臺北市中山區民安里新生北路2段72巷23號1樓,121.5212478638,25.0570869446,B,喘息服務,臺北市,松山區;信義區;大安區;中山區;中正區;大同區;萬華區;文山區;南港區;內湖區;士林區;北投區,02-25681589,hc.hereforyou@gmail.com,王志剛,20250101.0,20261231.0,20241122 10:40:52
智慧長照有限公司附設臺北市私立愛關懷居家長照機構,1R0100017,1,臺北市,信義區,臺北市信義區忠孝東路5段1號2樓207室,121.541229248,24.9917163849,B,喘息服務,臺北市,松山區;信義區;大安區;中山區;中正區;大同區;萬華區;文山區;南港區;內湖區;士林區;北投區,7729-7769,e2frank2020@gmail.com,王純鍵,20200901.0,20241231.0,20221229 22:54:05
臺北市政府社會局委託財團法人臺北市喜樂家族社會福利基金會經營管理大龍峒身障社區長照機構（日間照顧）,2S0100019,2,臺北市,大同區,臺北市大同區老師里重慶北路3段320號3、4樓,121.5135192871,25.07513237,B,日間照顧服務,臺北市,松山區;信義區;大安區;中山區;中正區;大同區;萬華區;文山區;南港區;內湖區;士林區;北投區,02-25922581,joy2020da@gmail.com,陳建信,20250101.0,20261231.0,20241231 11:15:31
臺北市政府社會局委託財團法人臺北市喜樂家族社會福利基金會經營管理大龍峒身障社區長照機構（日間照顧）,2S0100019,2,臺北市,大同區,臺北市大同區老師里重慶北路3段320號3、4樓,121.5135192871,25.07513237,B,喘息服務,臺北市,大同區,02-25922581,joy2020da@gmail.com,陳建信,20210927.0,20241231.0,20221230 19:04:16
臺北市政府社會局委託財團法人臺北市喜樂家族社會福利基金會經營管理大龍峒身障社區長照機構（日間照顧）,2S0100019,2,臺北市,大同區,臺北市大同區老師里重慶北路3段320號3、4樓,121.5135192871,25.07513237,B,日間照顧服務,臺北市,松山區;信義區;大安區;中山區;中正區;大同區;萬華區;文山區;南港區;內湖區;士林區;北投區,02-25922581,joy2020da@gmail.com,陳建信,20240101.0,20241231.0,20241218 15:19:31
臺北市政府社會局委託財團法人臺北市喜樂家族社會福利基金會經營管理大龍峒身障社區長照機構（日間照顧）,2S0100019,2,臺北市,大同區,臺北市大同區老師里重慶北路3段320號3、4樓,121.5135192871,25.07513237,B,日間照顧服務,臺北市,大同區,02-25922581,joy2020da@gmail.com,陳建信,20201105.0,20231231.0,20220210 10:26:24
智慧長照有限公司附設臺北市私立愛關懷居家長照機構,1R0100017,1,臺北市,信義區,臺北市信義區忠孝東路5段1號2樓207室,121.541229248,24.9917163849,B,居家服務,臺北市,松山區;信義區;大安區;文山區;南港區;內湖區;士林區,7729-7769,e2frank2020@gmail.com,王純鍵,20240101.0,20261231.0,20231229 15:52:31
智慧長照有限公司附設臺北市私立愛關懷居家長照機構,1R0100017,1,臺北市,信義區,臺北市信義區忠孝東路5段1號2樓207室,121.541229248,24.9917163849,B,居家服務,新北市,中和區;永和區;新莊區;新店區,7729-7769,e2frank2020@gmail.com,王純鍵,20250101.0,20271231.0,20250114 11:08:21
智慧長照有限公司附設臺北市私立愛關懷居家長照機構,1R0100017,1,臺北市,信義區,臺北市信義區忠孝東路5段1號2樓207室,121.541229248,24.9917163849,A,個案管理服務,臺北市,南港區,7729-7769,e2frank2020@gmail.com,王純鍵,20250101.0,20261231.0,20241231 17:22:11
臺北市政府社會局委託財團法人臺北市喜樂家族社會福利基金會經營管理大龍峒身障社區長照機構（日間照顧）,2S0100019,2,臺北市,大同區,臺北市大同區老師里重慶北路3段320號3、4樓,121.5135192871,25.07513237,B,喘息服務,臺北市,松山區;信義區;大安區;中山區;中正區;大同區;萬華區;文山區;南港區;內湖區;士林區;北投區,02-25922581,joy2020da@gmail.com,陳建信,20250101.0,20261231.0,20241231 12:30:32
臺北市政府社會局委託財團法人臺北市喜樂家族社會福利基金會經營管理大龍峒身障社區長照機構（日間照顧）,2S0100019,2,臺北市,大同區,臺北市大同區老師里重慶北路3段320號3、4樓,121.5135192871,25.07513237,B,喘息服務,臺北市,松山區;信義區;大安區;中山區;中正區;大同區;萬華區;文山區;南港區;內湖區;士林區;北投區,02-25922581,joy2020da@gmail.com,陳建信,20240101.0,20241231.0,20250204 15:13:51
台北市梘尾關懷互助協會,BF0100179,BF,臺北市,文山區,臺北市文山區景慶里萬慶街6號,121.5402526855,24.9923248291,B,喘息服務,臺北市,文山區,02-89351788,older.hearing@msa.hinet.net,蔡淵輝,20190927.0,20241231.0,20221229 23:12:13
台北市梘尾關懷互助協會,BF0100179,BF,臺北市,文山區,臺北市文山區景慶里萬慶街6號,121.5402526855,24.9923248291,C,巷弄長照站,臺北市,文山區,02-89351788,older.hearing@msa.hinet.net,蔡淵輝,20190901.0,20241231.0,20221229 23:11:16
好生活居家職能治療所,B50100021,B5,臺北市,中山區,臺北市中山區中山北路三段25之12號（1樓128室）,121.5286483765,25.0518875122,B,專業照護服務,臺北市,松山區;信義區;大安區;中山區;中正區;大同區;萬華區;文山區;南港區;內湖區;士林區;北投區,0956-041-598,howlifeot@gmail.com,曾翊庭,20200619.0,20241231.0,20221229 22:33:08
好生活居家職能治療所,B50100021,B5,臺北市,中山區,臺北市中山區中山北路三段25之12號（1樓128室）,121.5286483765,25.0518875122,B,專業照護服務,臺北市,松山區;信義區;大安區;中山區;中正區;大同區;萬華區;文山區;南港區;內湖區;士林區;北投區,0956-041-598,howlifeot@gmail.com,曾翊庭,20250101.0,20261231.0,20241025 10:54:46
臺北市私立悠樂活居家長照機構,1X0100027,1,臺北市,大同區,臺北市大同區重慶北路一段67號3樓,121.5142974854,25.0664958954,B,居家服務,臺北市,松山區;信義區;大安區;中山區;中正區;大同區;萬華區;文山區;南港區;內湖區;士林區;北投區,02-77467520,care.nursing1027@yahoo.com,周至衡,20250101.0,20261231.0,20250207 11:32:55
瑞兆居服股份有限公司附設臺北市私立瑞兆居家長照機構,1R0100021,1,臺北市,中山區,臺北市中山區中庄里民生東路2段119號3樓之3,121.5317764282,25.0580883026,B,喘息服務,臺北市,松山區;信義區;大安區;中山區;中正區;大同區;萬華區;文山區;南港區;內湖區;士林區;北投區,02-2537-3968,0965160250rghealth@gmail.com,邱暉智,20241217.0,20261231.0,20241218 09:18:30
永鑫物理治療所,B40100032,B4,臺北市,南港區,臺北市南港區八德路四段885號3樓,121.5805130005,25.050863266,B,專業照護服務,新北市,板橋區;三重區;中和區;永和區;新店區;淡水區;汐止區;瑞芳區;林口區;深坑區;石碇區;坪林區;三芝區;石門區;八里區;平溪區;雙溪區;貢寮區;金山區;萬里區;烏來區,2396-2222,pthao30@gmail.com,張清豪,20250101.0,20271231.0,20241203 15:52:26
台灣居護股份有限公司附設臺北市私立聯承居家長照機構,1R0100025,1,臺北市,大安區,臺北市大安區義村里忠孝東路3段136號11樓1102辦公室,121.5377883911,25.0415019989,B,居家服務,臺北市,松山區;信義區;大安區;中正區;文山區;南港區,82588088,thnbuurtzorg@gmail.com,汪秋蓉,20240101.0,20261231.0,20231229 10:51:46
台灣居護股份有限公司附設臺北市私立聯承居家長照機構,1R0100025,1,臺北市,大安區,臺北市大安區義村里忠孝東路3段136號11樓1102辦公室,121.5377883911,25.0415019989,B,居家服務,臺北市,大安區;中山區;文山區,82588088,thnbuurtzorg@gmail.com,汪秋蓉,20210223.0,20241231.0,20230202 16:35:32
臺北市政府社會局委託財團法人台北市立心慈善基金會經營管理 臺北市大同老人服務暨日間照顧中心,2J0100001,2,臺北市,大同區,臺北市大同區重慶里重慶北路三段347號3樓,121.5140762329,25.0747833252,B,營養餐飲服務,臺北市,大同區,（02）2592-9808#13,datongold@gmail.com,洪金桐,20200701.0,20211231.0,20210119 17:08:50
台灣居護股份有限公司附設臺北市私立聯承居家長照機構,1R0100025,1,臺北市,大安區,臺北市大安區義村里忠孝東路3段136號11樓1102辦公室,121.5377883911,25.0415019989,B,喘息服務,臺北市,松山區;信義區;大安區;中正區;文山區;南港區,82588088,thnbuurtzorg@gmail.com,汪秋蓉,20250101.0,20261231.0,20241126 11:03:26
永鑫物理治療所,B40100032,B4,臺北市,南港區,臺北市南港區八德路四段885號3樓,121.5805130005,25.050863266,B,專業照護服務(CC01),新北市,板橋區;三重區;中和區;永和區;新店區;淡水區;汐止區;瑞芳區;林口區;深坑區;石碇區;坪林區;三芝區;石門區;八里區;平溪區;雙溪區;貢寮區;金山區;萬里區;烏來區,2396-2222,pthao30@gmail.com,張清豪,20250101.0,20271231.0,20241203 15:53:13
北醫大管理顧問股份有限公司附設私立杏芳居家長照機構,1R0100023,1,臺北市,文山區,臺北市文山區景後街190號2樓之1,121.5692672729,25.0022506714,B,居家服務,臺北市,文山區,02-29350230#200,careplus.wf@gmail.com,張詩鑫,20240101.0,20261231.0,20240205 09:36:33
詮順居家長照有限公司附設臺北市私立詮順居家長照機構,1R0100024,1,臺北市,中山區,臺北市中山區力行里復興北路62號2樓之2,121.5427703857,25.0483798981,B,喘息服務,臺北市,松山區;信義區;大安區;中山區;中正區;大同區;萬華區;文山區;南港區;內湖區;士林區;北投區,02-2773-0398,welldone82941629@gmail.com,林倖如,20240402.0,20241231.0,20240403 09:23:32
詮順居家長照有限公司附設臺北市私立詮順居家長照機構,1R0100024,1,臺北市,中山區,臺北市中山區力行里復興北路62號2樓之2,121.5427703857,25.0483798981,B,居家服務,臺北市,松山區;信義區;大安區;中山區;中正區;大同區;萬華區;文山區;南港區;內湖區;士林區;北投區,02-2773-0398,welldone82941629@gmail.com,林倖如,20240101.0,20261231.0,20231229 10:24:30
詮順居家長照有限公司附設臺北市私立詮順居家長照機構,1R0100024,1,臺北市,中山區,臺北市中山區力行里復興北路62號2樓之2,121.5427703857,25.0483798981,B,喘息服務,臺北市,松山區;信義區;大安區;中山區;中正區;大同區;萬華區;文山區;南港區;內湖區;士林區;北投區,02-2773-0398,welldone82941629@gmail.com,林倖如,20250101.0,20261231.0,20241104 18:12:10
台灣居護股份有限公司附設臺北市私立聯承居家長照機構,1R0100025,1,臺北市,大安區,臺北市大安區義村里忠孝東路3段136號11樓1102辦公室,121.5377883911,25.0415019989,B,居家服務,臺北市,松山區;信義區;大安區;中正區;文山區;南港區,82588088,thnbuurtzorg@gmail.com,汪秋蓉,20220101.0,20231231.0,20221221 17:33:37
臺北市私立悠樂活居家長照機構,1X0100027,1,臺北市,大同區,臺北市大同區重慶北路一段67號3樓,121.5142974854,25.0664958954,B,居家服務,臺北市,松山區;信義區;大安區;中山區;中正區;大同區;萬華區;文山區;南港區;內湖區;士林區;北投區,02-77467520,care.nursing1027@yahoo.com,周至衡,20240101.0,20241231.0,20231229 10:16:53
臺北市私立悠樂活居家長照機構,1X0100027,1,臺北市,大同區,臺北市大同區重慶北路一段67號3樓,121.5142974854,25.0664958954,B,喘息服務,臺北市,松山區;信義區;大安區;中山區;中正區;大同區;萬華區;文山區;南港區;內湖區;士林區;北投區,02-77467520,care.nursing1027@yahoo.com,周至衡,20210127.0,20241231.0,20221229 22:07:16
臺北市私立悠樂活居家長照機構,1X0100027,1,臺北市,大同區,臺北市大同區重慶北路一段67號3樓,121.5142974854,25.0664958954,B,喘息服務,臺北市,松山區;信義區;大安區;中山區;中正區;大同區;萬華區;文山區;南港區;內湖區;士林區;北投區,02-77467520,care.nursing1027@yahoo.com,周至衡,20250101.0,20261231.0,20241122 13:38:49
小驢駒小客車租賃有限公司(臺北市),BA0100017,BA,臺北市,南港區,臺北市南港區南港路三段93號3樓,121.5877456665,25.0528583527,B,交通接送服務(DA01),臺北市,松山區;信義區;大安區;中山區;中正區;大同區;萬華區;文山區;南港區;內湖區;士林區;北投區,0910-918631,ss46005176@gmail.com,葉書含,20240101.0,20261231.0,20240327 09:57:47
泉益居家有限公司附設臺北市私立泉益居家長照機構,1R0100028,1,臺北市,文山區,臺北市文山區保儀路38號1、2樓,121.568397522,24.9879226685,B,居家服務,新北市,板橋區;三重區;中和區;永和區;新莊區;新店區;土城區;蘆洲區;深坑區,02-86618880,chuanyi10910@gmail.com,詹弘毅,20250101.0,20271231.0,20241213 15:06:12
泉益居家有限公司附設臺北市私立泉益居家長照機構,1R0100028,1,臺北市,文山區,臺北市文山區保儀路38號1、2樓,121.568397522,24.9879226685,B,喘息服務,臺北市,松山區;信義區;大安區;中山區;中正區;大同區;萬華區;文山區;南港區;內湖區;士林區;北投區,02-86618880,chuanyi10910@gmail.com,詹弘毅,20250101.0,20261231.0,20241122 14:35:17
臺北市立奇岩長青住宿長照機構(委託社團法人中華民國士林靈糧堂社會褔利協會經營管理),4B0100001,4,臺北市,北投區,臺北市北投區奇岩里三合街一段119號2-3樓,121.5039291382,25.1265525818,B,日間照顧服務,臺北市,松山區;信義區;大安區;中山區;中正區;大同區;萬華區;文山區;南港區;內湖區;士林區;北投區,02-28921033,beitou@slsc.org.tw,劉群茂,20210115.0,20240115.0,20210118 12:34:49
泉益居家有限公司附設臺北市私立泉益居家長照機構,1R0100028,1,臺北市,文山區,臺北市文山區保儀路38號1、2樓,121.568397522,24.9879226685,B,居家服務,臺北市,松山區;信義區;大安區;中山區;中正區;大同區;萬華區;文山區;南港區;內湖區;士林區;北投區,02-86618880,chuanyi10910@gmail.com,詹弘毅,20240101.0,20261231.0,20231229 13:57:56
泉益居家有限公司附設臺北市私立泉益居家長照機構,1R0100028,1,臺北市,文山區,臺北市文山區保儀路38號1、2樓,121.568397522,24.9879226685,B,居家服務,臺北市,松山區;信義區;大安區;中山區;中正區;大同區;萬華區;文山區;南港區;內湖區;士林區;北投區,02-86618880,chuanyi10910@gmail.com,詹弘毅,20210125.0,20231231.0,20220104 19:07:39
泉益居家有限公司附設臺北市私立泉益居家長照機構,1R0100028,1,臺北市,文山區,臺北市文山區保儀路38號1、2樓,121.568397522,24.9879226685,B,喘息服務,臺北市,松山區;信義區;大安區;中山區;中正區;大同區;萬華區;文山區;南港區;內湖區;士林區;北投區,02-86618880,chuanyi10910@gmail.com,詹弘毅,20210226.0,20241231.0,20221229 22:14:27
泉益居家有限公司附設臺北市私立泉益居家長照機構,1R0100028,1,臺北市,文山區,臺北市文山區保儀路38號1、2樓,121.568397522,24.9879226685,B,喘息服務,新北市,板橋區;三重區;中和區;永和區;新莊區;新店區;土城區;蘆洲區;深坑區,02-86618880,chuanyi10910@gmail.com,詹弘毅,20250101.0,20271231.0,20241213 15:07:57
臺北市私立家福居家長照機構,1X0100029,1,臺北市,信義區,臺北市信義區六合里松仁路252號1樓,121.5693054199,25.024438858,B,居家服務,臺北市,松山區;信義區;大安區;中山區;中正區;大同區;萬華區;文山區;南港區;內湖區;士林區;北投區,87861127,joyce910524@yahoo.com.tw,張嘉真,20210330.0,20211231.0,20210407 10:27:12
康捷居家長照有限公司附設臺北市私立康捷居家式服務類長期照顧服務機構,1V0100025,1,臺北市,大同區,臺北市大同區民權西路225巷6號1樓,121.5100250244,25.0688285828,B,居家服務,臺北市,松山區;信義區;大安區;中山區;中正區;大同區;萬華區;文山區;南港區;內湖區;士林區;北投區,0225995980,kangchieh20200909@gmail.com,黃明聖,20240101.0,20261231.0,20231229 10:08:04
康捷居家長照有限公司附設臺北市私立康捷居家式服務類長期照顧服務機構,1V0100025,1,臺北市,大同區,臺北市大同區民權西路225巷6號1樓,121.5100250244,25.0688285828,B,喘息服務,臺北市,松山區;信義區;大安區;中山區;中正區;大同區;萬華區;文山區;南港區;內湖區;士林區;北投區,0225995980,kangchieh20200909@gmail.com,黃明聖,20201126.0,20241231.0,20230202 13:59:50
台北市梘尾關懷互助協會,BF0100179,BF,臺北市,文山區,臺北市文山區景慶里萬慶街6號,121.5402526855,24.9923248291,B,喘息服務,臺北市,文山區,02-89351788,older.hearing@msa.hinet.net,蔡淵輝,20250101.0,20261231.0,20241105 19:15:10
圓石實業股份有限公司附設臺北市私立內湖圓石社區長照機構,2V0100001,2,臺北市,內湖區,臺北市內湖區民權東路6段180巷6號8樓,121.5926513672,25.068195343,B,日間照顧服務,臺北市,松山區;信義區;大安區;中山區;中正區;大同區;萬華區;文山區;南港區;內湖區;士林區;北投區,02-2790-2090,contact@roundstone.com.tw,侯克瀛,20240101.0,20261231.0,20240102 11:08:40
圓石實業股份有限公司附設臺北市私立內湖圓石社區長照機構,2V0100001,2,臺北市,內湖區,臺北市內湖區民權東路6段180巷6號8樓,121.5926513672,25.068195343,B,喘息服務,臺北市,松山區;信義區;大安區;中山區;中正區;大同區;萬華區;文山區;南港區;內湖區;士林區;北投區,02-2790-2090,contact@roundstone.com.tw,侯克瀛,20250101.0,20261231.0,20250204 15:19:20
台灣居護股份有限公司附設臺北市私立聯承居家長照機構,1R0100025,1,臺北市,大安區,臺北市大安區義村里忠孝東路3段136號11樓1102辦公室,121.5377883911,25.0415019989,B,喘息服務,臺北市,大安區;中正區;文山區,82588088,thnbuurtzorg@gmail.com,汪秋蓉,20210223.0,20241231.0,20230202 16:35:32
康捷居家長照有限公司附設臺北市私立康捷居家式服務類長期照顧服務機構,1V0100025,1,臺北市,大同區,臺北市大同區民權西路225巷6號1樓,121.5100250244,25.0688285828,B,居家服務,臺北市,松山區;信義區;大安區;中山區;中正區;大同區;萬華區;文山區;南港區;內湖區;士林區;北投區,0225995980,kangchieh20200909@gmail.com,黃明聖,20200928.0,20231231.0,20220104 18:23:33
康捷居家長照有限公司附設臺北市私立康捷居家式服務類長期照顧服務機構,1V0100025,1,臺北市,大同區,臺北市大同區民權西路225巷6號1樓,121.5100250244,25.0688285828,B,喘息服務,臺北市,松山區;信義區;大安區;中山區;中正區;大同區;萬華區;文山區;南港區;內湖區;士林區;北投區,0225995980,kangchieh20200909@gmail.com,黃明聖,20250101.0,20261231.0,20241119 16:24:54
圓石實業股份有限公司附設臺北市私立內湖圓石社區長照機構,2V0100001,2,臺北市,內湖區,臺北市內湖區民權東路6段180巷6號8樓,121.5926513672,25.068195343,B,日間照顧服務,臺北市,松山區;信義區;大安區;中山區;中正區;大同區;萬華區;文山區;南港區;內湖區;士林區;北投區,02-2790-2090,contact@roundstone.com.tw,侯克瀛,20211101.0,20231231.0,20220207 14:43:48
圓石實業股份有限公司附設臺北市私立內湖圓石社區長照機構,2V0100001,2,臺北市,內湖區,臺北市內湖區民權東路6段180巷6號8樓,121.5926513672,25.068195343,B,喘息服務,臺北市,松山區;信義區;大安區;中山區;中正區;大同區;萬華區;文山區;南港區;內湖區;士林區;北投區,02-2790-2090,contact@roundstone.com.tw,侯克瀛,20211022.0,20241231.0,20221229 23:00:09
圓石實業股份有限公司附設臺北市私立內湖圓石社區長照機構,2V0100001,2,臺北市,內湖區,臺北市內湖區民權東路6段180巷6號8樓,121.5926513672,25.068195343,B,日間照顧服務,新北市,汐止區,02-2790-2090,contact@roundstone.com.tw,侯克瀛,20250101.0,20271231.0,20241219 14:26:08
圓石實業股份有限公司附設臺北市私立內湖圓石社區長照機構,2V0100001,2,臺北市,內湖區,臺北市內湖區民權東路6段180巷6號8樓,121.5926513672,25.068195343,B,喘息服務,新北市,汐止區,02-2790-2090,contact@roundstone.com.tw,侯克瀛,20250101.0,20271231.0,20241219 14:26:30
(新北)社團法人臺灣58金融仕家協會,BE0100071,BE,臺北市,萬華區,臺北市萬華區西昌街171之2號1、2樓,121.5007019043,25.0389194489,B,營養餐飲服務,新北市,金山區;萬里區,(02)2311-2758,t58@t58fa.org,林仁豐,20220101.0,20241231.0,20220819 14:47:24
財團法人佳醫健康基金會附設臺北市私立佳醫居家長照機構,1S0100012,1,臺北市,松山區,臺北市松山區南京東路五段8-10號503室,121.5583496094,25.0513381958,B,居家服務,臺北市,松山區;信義區;大安區;中山區;中正區;大同區;萬華區;文山區;南港區;內湖區;士林區;北投區,02-25280502,j.medical.taipei@gmail.com,蘇秀鑾,20201215.0,20231231.0,20211230 14:50:46
財團法人佳醫健康基金會附設臺北市私立佳醫居家長照機構,1S0100012,1,臺北市,松山區,臺北市松山區南京東路五段8-10號503室,121.5583496094,25.0513381958,B,喘息服務,臺北市,松山區;信義區;大安區;中山區;中正區;大同區;萬華區;文山區;南港區;內湖區;士林區;北投區,02-25280502,j.medical.taipei@gmail.com,蘇秀鑾,20210208.0,20241231.0,20221229 20:55:06
財團法人佳醫健康基金會附設臺北市私立佳醫居家長照機構,1S0100012,1,臺北市,松山區,臺北市松山區南京東路五段8-10號503室,121.5583496094,25.0513381958,B,居家服務,臺北市,松山區;信義區;大安區;中山區;中正區;大同區;萬華區;文山區;南港區;內湖區;士林區;北投區,02-25280502,j.medical.taipei@gmail.com,蘇秀鑾,20240101.0,20261231.0,20231229 12:01:02
財團法人佳醫健康基金會附設臺北市私立佳醫居家長照機構,1S0100012,1,臺北市,松山區,臺北市松山區南京東路五段8-10號503室,121.5583496094,25.0513381958,B,喘息服務,臺北市,松山區;信義區;大安區;中山區;中正區;大同區;萬華區;文山區;南港區;內湖區;士林區;北投區,02-25280502,j.medical.taipei@gmail.com,蘇秀鑾,20250101.0,20261231.0,20241119 17:39:44
(臺北市政府交通接送)接受派案帳號,BA0100015,BA,臺北市,信義區,臺北市信義區市府路1號北區2樓,121.5637817383,25.0375232697,B,交通接送服務(DA01),臺北市,松山區;信義區;大安區;中山區;中正區;大同區;萬華區;文山區;南港區;內湖區;士林區;北投區,27208889轉1670,AHAA_41775@mail.taipei.gov.tw,社會局,20240101.0,20261231.0,20240327 15:02:14
(新北)神同行小客車租賃有限公司,BA0100018,BA,臺北市,松山區,臺北市松山區八德路二段386號12樓之7,121.5877456665,25.0528583527,B,交通接送服務,新北市,淡水區;三芝區;石門區;金山區;萬里區,02-2652-1567,ss46005176@gmail.com,紀春梅,20250101.0,20271231.0,20241224 09:14:06
臺北市政府社會局委託社團法人中華民國士林靈糧堂社會福利協會經營管理臺北市奇岩樂活社區長照機構,2R0100005,2,臺北市,北投區,臺北市北投區三合街1段119號4、5樓,121.5039291382,25.1265525818,B,日間照顧服務,臺北市,松山區;信義區;大安區;中山區;中正區;大同區;萬華區;文山區;南港區;內湖區;士林區;北投區,28921033,beitou@slsc.org.tw,劉群茂,20240116.0,20261231.0,20240102 10:52:06
金永國際租賃有限公司,BA0100019,BA,臺北市,中山區,臺北市中山區長春路172號8樓之11,121.5338516235,25.0546913147,B,交通接送服務(DA01),新北市,板橋區;三重區;中和區;永和區;新莊區;蘆洲區;五股區;平溪區,02-29749738,e121051940@yahoo.com.tw,方姵人,20250101.0,20271231.0,20250109 11:41:06
臺北市立聯合醫院附設中興住宿長照機構,3C0100001,3,臺北市,大同區,臺北市大同區玉泉里鄭州路145號10樓B、C 區,121.5088882446,25.0506916046,B,喘息服務,臺北市,松山區;信義區;大安區;中山區;中正區;大同區;萬華區;文山區;南港區;內湖區;士林區;北投區,02-25523234-1056,B1713@tpech.gov.tw,蔡景耀,20210322.0,20241231.0,20221229 20:48:45
金永國際租賃有限公司,BA0100019,BA,臺北市,中山區,臺北市中山區長春路172號8樓之11,121.5338516235,25.0546913147,B,社區式交通接送服務(BD03),新北市,板橋區;三重區;中和區;永和區;新莊區;蘆洲區;五股區;平溪區,02-29749738,e121051940@yahoo.com.tw,方姵人,20250101.0,20271231.0,20250109 11:41:43
臺北市私立安民居家長照機構,1X0100020,1,臺北市,士林區,臺北市士林區福德里文林路342號7樓K711室,121.525390625,25.0933437347,B,喘息服務,臺北市,松山區;信義區;大安區;中山區;中正區;大同區;萬華區;文山區;南港區;內湖區;士林區;北投區,0926885625,anmin0625@gmail.com,黃逸民,20200619.0,20241231.0,20221230 14:52:55
臺北市政府社會局委託社團法人中華民國士林靈糧堂社會福利協會經營管理臺北市奇岩樂活社區長照機構,2R0100005,2,臺北市,北投區,臺北市北投區三合街1段119號4、5樓,121.5039291382,25.1265525818,B,日間照顧服務,臺北市,松山區;信義區;大安區;中山區;中正區;大同區;萬華區;文山區;南港區;內湖區;士林區;北投區,28921033,beitou@slsc.org.tw,劉群茂,20210115.0,20240115.0,20210118 12:29:51
臺北市私立安民居家長照機構,1X0100020,1,臺北市,士林區,臺北市士林區福德里文林路342號7樓K711室,121.525390625,25.0933437347,B,喘息服務,臺北市,士林區;北投區,0926885625,anmin0625@gmail.com,黃逸民,20250101.0,20261231.0,20241120 10:34:41
臺北市私立安民居家長照機構,1X0100020,1,臺北市,士林區,臺北市士林區福德里文林路342號7樓K711室,121.525390625,25.0933437347,B,居家服務,臺北市,士林區;北投區,0926885625,anmin0625@gmail.com,黃逸民,20200604.0,20231231.0,20211228 14:32:49
臺北市私立安民居家長照機構,1X0100020,1,臺北市,士林區,臺北市士林區福德里文林路342號7樓K711室,121.525390625,25.0933437347,B,居家服務,臺北市,士林區;北投區,0926885625,anmin0625@gmail.com,黃逸民,20240101.0,20261231.0,20231229 18:23:23
臺北市私立老爺居家長照機構,1X0100022,1,臺北市,大安區,臺北市大安區安和路2段92號B1(A11室),121.5502471924,25.0287723541,B,喘息服務,臺北市,松山區;信義區;大安區;中山區;中正區;大同區;萬華區;文山區;南港區;內湖區;士林區;北投區,0988125527,grandba9453@gmail.com,薛智遠,20201001.0,20241231.0,20230202 16:54:17
臺北市私立老爺居家長照機構,1X0100022,1,臺北市,大安區,臺北市大安區安和路2段92號B1(A11室),121.5502471924,25.0287723541,B,居家服務,臺北市,松山區;信義區;大安區;中山區;中正區;大同區;萬華區;文山區;南港區;內湖區;士林區;北投區,0988125527,grandba9453@gmail.com,薛智遠,20201001.0,20241231.0,20230202 16:54:17
臺北市私立老爺居家長照機構,1X0100022,1,臺北市,大安區,臺北市大安區安和路2段92號B1(A11室),121.5502471924,25.0287723541,B,居家服務,臺北市,大安區;文山區,0988125527,grandba9453@gmail.com,薛智遠,20200715.0,20241231.0,20221230 14:45:32
臺北市私立老爺居家長照機構,1X0100022,1,臺北市,大安區,臺北市大安區安和路2段92號B1(A11室),121.5502471924,25.0287723541,B,喘息服務,臺北市,松山區;信義區;大安區;中山區;中正區;大同區;萬華區;文山區;南港區;內湖區;士林區;北投區,0988125527,grandba9453@gmail.com,薛智遠,20200715.0,20241231.0,20221230 14:45:32
臺北市私立老爺居家長照機構,1X0100022,1,臺北市,大安區,臺北市大安區安和路2段92號B1(A11室),121.5502471924,25.0287723541,B,喘息服務,臺北市,大安區;文山區,0988125527,grandba9453@gmail.com,薛智遠,20250101.0,20261231.0,20241120 10:50:25
京鶴實業有限公司附設臺北市私立悅康居家長照機構,1V0100024,1,臺北市,中正區,臺北市中正區黎明里許昌街42之1號7樓700室,121.5154342651,25.0454483032,B,居家服務,臺北市,松山區;信義區;大安區;中山區;中正區;大同區;萬華區;南港區;內湖區;士林區;北投區,02-23709008,jinghemedical@gmail.com,林廣盛,20240101.0,20261231.0,20231229 09:33:30
臺北市私立老爺居家長照機構,1X0100022,1,臺北市,大安區,臺北市大安區安和路2段92號B1(A11室),121.5502471924,25.0287723541,B,居家服務,臺北市,大安區;文山區,0988125527,grandba9453@gmail.com,薛智遠,20220101.0,20231231.0,20211223 16:12:47
臺北市私立老爺居家長照機構,1X0100022,1,臺北市,大安區,臺北市大安區安和路2段92號B1(A11室),121.5502471924,25.0287723541,B,居家服務,臺北市,大安區;文山區,0988125527,grandba9453@gmail.com,薛智遠,20240101.0,20261231.0,20231229 11:26:19
京鶴實業有限公司附設臺北市私立悅康居家長照機構,1V0100024,1,臺北市,中正區,臺北市中正區黎明里許昌街42之1號7樓700室,121.5154342651,25.0454483032,B,喘息服務,臺北市,松山區;信義區;大安區;中山區;中正區;大同區;萬華區;文山區;南港區;內湖區;士林區;北投區,02-23709008,jinghemedical@gmail.com,林廣盛,20200901.0,20241231.0,20221229 21:58:25
京鶴實業有限公司附設臺北市私立悅康居家長照機構,1V0100024,1,臺北市,中正區,臺北市中正區黎明里許昌街42之1號7樓700室,121.5154342651,25.0454483032,B,居家服務,臺北市,松山區;信義區;大安區;中山區;中正區;大同區;萬華區;文山區;南港區;內湖區;士林區;北投區,02-23709008,jinghemedical@gmail.com,林廣盛,20220101.0,20231231.0,20220207 16:11:31
京鶴實業有限公司附設臺北市私立悅康居家長照機構,1V0100024,1,臺北市,中正區,臺北市中正區黎明里許昌街42之1號7樓700室,121.5154342651,25.0454483032,B,喘息服務,臺北市,松山區;信義區;大安區;中山區;中正區;大同區;萬華區;文山區;南港區;內湖區;士林區;北投區,02-23709008,jinghemedical@gmail.com,林廣盛,20250101.0,20261231.0,20241122 13:41:14
臺北市政府社會局委託財團法人台北市立心慈善基金會經營管理臺北市萬華龍山社區長照機構,2S0100020,2,臺北市,萬華區,臺北市萬華區青山里梧州街36號3樓之1,121.4974899292,25.0373725891,B,喘息服務,臺北市,中正區;萬華區,02-23361881,longshanold@gmail.com,洪金桐,20250101.0,20261231.0,20250204 15:33:23
臺北市政府社會局委託財團法人台北市立心慈善基金會經營管理臺北市萬華龍山社區長照機構,2S0100020,2,臺北市,萬華區,臺北市萬華區青山里梧州街36號3樓之1,121.4974899292,25.0373725891,B,日間照顧服務,新北市,板橋區;三重區;中和區;永和區,02-23361881,longshanold@gmail.com,洪金桐,20250101.0,20271231.0,20241220 14:51:01
臺北市政府社會局委託財團法人台北市立心慈善基金會經營管理臺北市萬華龍山社區長照機構,2S0100020,2,臺北市,萬華區,臺北市萬華區青山里梧州街36號3樓之1,121.4974899292,25.0373725891,B,喘息服務,新北市,板橋區;三重區;中和區;永和區,02-23361881,longshanold@gmail.com,洪金桐,20250101.0,20271231.0,20241220 14:51:23
臺北市政府社會局委託財團法人台北市立心慈善基金會經營管理臺北市萬華龍山社區長照機構,2S0100020,2,臺北市,萬華區,臺北市萬華區青山里梧州街36號3樓之1,121.4974899292,25.0373725891,B,日間照顧服務,臺北市,松山區;信義區;大安區;中山區;中正區;大同區;萬華區;文山區;南港區;內湖區;士林區;北投區,02-23361881,longshanold@gmail.com,洪金桐,20240101.0,20251231.0,20240116 13:20:01
臺北市政府社會局委託財團法人台北市立心慈善基金會經營管理臺北市萬華龍山社區長照機構,2S0100020,2,臺北市,萬華區,臺北市萬華區青山里梧州街36號3樓之1,121.4974899292,25.0373725891,B,喘息服務,臺北市,中正區;萬華區,02-23361881,longshanold@gmail.com,洪金桐,20240305.0,20241231.0,20240306 09:16:34
臺北市立聯合醫院附設中興住宿長照機構,3C0100001,3,臺北市,大同區,臺北市大同區玉泉里鄭州路145號10樓B、C 區,121.5088882446,25.0506916046,B,喘息服務,臺北市,松山區;信義區;大安區;中山區;中正區;大同區;萬華區;文山區;南港區;內湖區;士林區;北投區,02-25523234-1056,B1713@tpech.gov.tw,蔡景耀,20241204.0,20261231.0,20241205 15:02:53
臺北市政府社會局委託中華民國紅十字會台灣省分會經營管理臺北市中正社區長照機構,2R0100006,2,臺北市,中正區,臺北市中正區建國里貴陽街一段60號3樓,121.5090408325,25.0389251709,B,營養餐飲服務,臺北市,中正區,02-23831958,rct03702883@gmail.com,董光式,20190101.0,20211231.0,20210303 17:34:31
臺北市政府社會局委託中華民國紅十字會台灣省分會經營管理臺北市中正社區長照機構,2R0100006,2,臺北市,中正區,臺北市中正區建國里貴陽街一段60號3樓,121.5090408325,25.0389251709,B,日間照顧服務,新北市,板橋區;中和區;永和區,02-23831958,rct03702883@gmail.com,董光式,20250101.0,20271231.0,20250113 13:51:37
臺北市政府社會局委託財團法人台灣省私立健順養護中心經營管理南港社區式長照機構,2S0100021,2,臺北市,南港區,臺北市南港區重陽里重陽路187巷5號,121.5987625122,25.0571289062,B,日間照顧服務,臺北市,松山區;信義區;大安區;中山區;中正區;大同區;萬華區;文山區;南港區;內湖區;士林區;北投區,02-26535311,nkelder@gmail.com,廖慧媛,20210101.0,20231231.0,20210226 17:22:27
臺北市政府社會局委託財團法人台灣省私立健順養護中心經營管理南港社區式長照機構,2S0100021,2,臺北市,南港區,臺北市南港區重陽里重陽路187巷5號,121.5987625122,25.0571289062,B,日間照顧服務,新北市,汐止區,02-26535311,nkelder@gmail.com,廖慧媛,20250101.0,20271231.0,20250114 10:08:27
財團法人弘道老人福利基金會附設臺北市私立西松社區長照機構,2S0100022,2,臺北市,松山區,臺北市松山區東榮里南京東路五段251巷46弄5號,121.5646896362,25.0533218384,B,日間照顧服務,臺北市,松山區;信義區;大安區;中山區;中正區;大同區;萬華區;文山區;南港區;內湖區;士林區;北投區,02-27616300,laughing@hondao.org.tw,王乃弘,20180101.0,20211231.0,20210503 17:09:32
財團法人弘道老人福利基金會附設臺北市私立西松社區長照機構,2S0100022,2,臺北市,松山區,臺北市松山區東榮里南京東路五段251巷46弄5號,121.5646896362,25.0533218384,B,營養餐飲服務,臺北市,松山區,02-27616300,laughing@hondao.org.tw,王乃弘,20190101.0,20211231.0,20210303 16:55:50
財團法人弘道老人福利基金會附設臺北市私立西松社區長照機構,2S0100022,2,臺北市,松山區,臺北市松山區東榮里南京東路五段251巷46弄5號,121.5646896362,25.0533218384,B,喘息服務,臺北市,松山區;信義區;大安區;中山區;中正區;大同區;萬華區;文山區;南港區;內湖區;士林區;北投區,02-27616300,laughing@hondao.org.tw,王乃弘,20250101.0,20261231.0,20250204 15:24:18
社團法人台灣樂活服務發展協會(樂活社子),BE0100074,BE,臺北市,士林區,臺北市士林區社子里延平北路6段82巷5號,121.508605957,25.0890712738,C,巷弄長照站,臺北市,士林區,0983108777,saxochi@gmail.com,馬瑞辰,20210101.0,20211231.0,20210407 11:53:31
財團法人陽明山基督教天母禮拜堂,BD0100064,BD,臺北市,士林區,臺北市士林區天母里中山北路7段216巷1號1樓,121.5330047607,25.1258602142,C,巷弄長照站,臺北市,士林區,02-2871-1622#25,bible2312@gmail.com,王騰敏,20210101.0,20211231.0,20210407 11:36:22
財團法人弘道老人福利基金會附設臺北市私立西松社區長照機構,2S0100022,2,臺北市,松山區,臺北市松山區東榮里南京東路五段251巷46弄5號,121.5646896362,25.0533218384,B,小規模多機能服務,臺北市,松山區;信義區;大安區;中山區;中正區;大同區;萬華區;文山區;南港區;內湖區;士林區;北投區,02-27616300,laughing@hondao.org.tw,王乃弘,20190101.0,20231231.0,20220209 09:54:07
臺北市政府社會局委託財團法人台灣省私立健順養護中心經營管理南港社區式長照機構,2S0100021,2,臺北市,南港區,臺北市南港區重陽里重陽路187巷5號,121.5987625122,25.0571289062,B,日間照顧服務,臺北市,松山區;信義區;大安區;中山區;中正區;大同區;萬華區;文山區;南港區;內湖區;士林區;北投區,02-26535311,nkelder@gmail.com,廖慧媛,20240101.0,20261231.0,20240102 18:55:54
臺北市全人探索協會,BF0100182,BF,臺北市,南港區,臺北市南港區玉成里八德路4段768-1號4-6樓,121.5799636841,25.0503044128,C,巷弄長照站,臺北市,南港區,	0932322435,x9exlo@gmail.com,黃聰智,20210101.0,20211231.0,20210412 14:48:15
財團法人台北市中國基督教靈糧世界佈道會台北靈糧堂(雙園靈糧福音中心),BD0100066,BD,臺北市,萬華區,臺北市萬華區和德里西園路2段362及 364號4樓、362號5樓,121.4915847778,25.0253124237,C,巷弄長照站,臺北市,萬華區,02-2362-3022#8713,niko.tsai@breadoflife.taipei,曾國生,20210101.0,20211231.0,20210412 14:55:34
財團法人弘道老人福利基金會附設臺北市私立西松社區長照機構,2S0100022,2,臺北市,松山區,臺北市松山區東榮里南京東路五段251巷46弄5號,121.5646896362,25.0533218384,B,小規模多機能服務,臺北市,松山區;信義區;大安區;中山區;中正區;大同區;萬華區;文山區;南港區;內湖區;士林區;北投區,02-27616300,laughing@hondao.org.tw,王乃弘,20240101.0,20261231.0,20240206 11:58:34
栢麗恆全人診所,B20100103,B2,臺北市,信義區,臺北市信義區忠孝東路五段431號2樓,121.5756072998,25.0410137177,B,居家失能個案家庭醫師照護服務,臺北市,松山區;信義區;大安區;中山區;中正區;大同區;萬華區;文山區;南港區;內湖區;士林區;北投區,02-2765-7065,ymyhl2@gmail.com,葉恒良,20210309.0,20241231.0,20221230 22:07:19
臺北市復華長青多元服務中心(財團法人台灣省私立健順養護中心),BD0100071,BD,臺北市,中山區,臺北市中山區復華里遼寧街185巷11號,121.5427627563,25.0534248352,C,巷弄長照站,臺北市,中山區,02-2717-1393#16,fuhua1060810@gmail.com,黃禎祥,20210101.0,20211231.0,20210408 16:29:06
臺北市政府社會局委託中華民國紅十字會台灣省分會經營管理臺北市中正社區長照機構,2R0100006,2,臺北市,中正區,臺北市中正區建國里貴陽街一段60號3樓,121.5090408325,25.0389251709,B,日間照顧服務,臺北市,松山區;信義區;大安區;中山區;中正區;大同區;萬華區;文山區;南港區;內湖區;士林區;北投區,02-23831958,rct03702883@gmail.com,董光式,20240101.0,20261231.0,20240102 14:56:54
台北市松山區松榮社區發展協會,BF0100185,BF,臺北市,松山區,臺北市松山區東榮里民生東路5段69巷3號1樓,121.5581359863,25.0590820312,C,巷弄長照站,臺北市,松山區,02-27676931,eliahom@gmail.com,鄭玉梅,20210101.0,20211231.0,20210412 12:00:14
中華民國雙囍老人義務教育推廣協會,BF0100183,BF,臺北市,萬華區,臺北市萬華區壽德里萬大路411號2樓,121.4990615845,25.0215625763,C,巷弄長照站,臺北市,萬華區,02-2331-7158#18,luckyold1020915@gmail.com,張碧雲,20210101.0,20211231.0,20210412 15:04:18
財團法人一粒麥子社會福利慈善事業基金會附設臺北市私立有福居家長照機構,1S0100013,1,臺北市,萬華區,臺北市萬華區興寧街66巷2號1樓,121.5009613037,25.0267696381,B,居家服務,臺北市,中正區;萬華區,23320669,w110172@wheat.org.tw,呂信雄,20210507.0,20241231.0,20231208 10:10:34
財團法人一粒麥子社會福利慈善事業基金會附設臺北市私立有福居家長照機構,1S0100013,1,臺北市,萬華區,臺北市萬華區興寧街66巷2號1樓,121.5009613037,25.0267696381,B,居家服務,臺北市,中正區;萬華區,23320669,w110172@wheat.org.tw,呂信雄,20240101.0,20261231.0,20231229 18:16:41
臺北市文山區順興里辦公處,BF0100189,BF,臺北市,文山區,臺北市文山區順興里興隆路4段165巷50號1樓,121.5640335083,24.9842739105,C,巷弄長照站,臺北市,文山區,0972246029,bs-pstchsien@mail.tapei.gov.tw,楊培釧,20210101.0,20211231.0,20210409 15:30:25
台北市北投青溪協會,BF0100197,BF,臺北市,北投區,臺北市北投區中庸里珠海路2號,121.5012435913,25.1375408173,C,巷弄長照站,臺北市,北投區,台北市北投區中庸里珠海路2號,skyfu218@gmail.com,陳宗陽,20210101.0,20211231.0,20210409 17:18:05
臺北市信義區西村里辦公處,BF0100209,BF,臺北市,信義區,臺北市信義區西村里基隆路一段364巷22號,121.5592193604,25.0350608826,C,巷弄長照站,臺北市,信義區,0939585853,vb-10394@mail.taipei.cov.tw,馬念慈,20210101.0,20211231.0,20210412 14:28:58
臺北市信義區永安社區發展協會,BF0100210,BF,臺北市,信義區,臺北市信義區長春里松山路294號4樓,121.5776443481,25.0430164337,C,巷弄長照站,臺北市,信義區,02-27238588,chen.cct2622@msa.hinet.net,陳林錦華,20210101.0,20211231.0,20210412 14:32:34
臺北市政府社會局委託財團法人台北市立心慈善基金會經營管理臺北市萬華龍山社區長照機構,2S0100020,2,臺北市,萬華區,臺北市萬華區青山里梧州街36號3樓之1,121.4974899292,25.0373725891,B,日間照顧服務,臺北市,松山區;信義區;大安區;中山區;中正區;大同區;萬華區;文山區;南港區;內湖區;士林區;北投區,02-23361881,longshanold@gmail.com,洪金桐,20230101.0,20231231.0,20230103 14:19:39
臺北市政府社會局委託中華民國紅十字會台灣省分會經營管理臺北市中正社區長照機構,2R0100006,2,臺北市,中正區,臺北市中正區建國里貴陽街一段60號3樓,121.5090408325,25.0389251709,B,日間照顧服務,臺北市,松山區;信義區;大安區;中山區;中正區;大同區;萬華區;文山區;南港區;內湖區;士林區;北投區,02-23831958,rct03702883@gmail.com,董光式,20200101.0,20221231.0,20210315 14:06:13
臺北市政府社會局委託財團法人台北市立心慈善基金會經營管理臺北市萬華龍山社區長照機構,2S0100020,2,臺北市,萬華區,臺北市萬華區青山里梧州街36號3樓之1,121.4974899292,25.0373725891,B,日間照顧服務,臺北市,松山區;信義區;大安區;中山區;中正區;大同區;萬華區;文山區;南港區;內湖區;士林區;北投區,02-23361881,longshanold@gmail.com,洪金桐,20200101.0,20221231.0,20210305 14:32:02
臺北市政府社會局委託財團法人台北市立心慈善基金會經營管理臺北市萬華龍山社區長照機構,2S0100020,2,臺北市,萬華區,臺北市萬華區青山里梧州街36號3樓之1,121.4974899292,25.0373725891,B,營養餐飲服務,臺北市,萬華區,02-23361881,longshanold@gmail.com,洪金桐,20230101.0,20231231.0,20230325 16:57:36
臺北市松山區慈祐里辦公處,BF0100192,BF,臺北市,松山區,臺北市松山區慈祐里八德路4段580號1樓,121.5717391968,25.049703598,C,巷弄長照站,臺北市,松山區,0938889576,casper255058@gmail.com,李祖民 ,20210101.0,20211231.0,20210412 14:10:27
台北市基督教新城教會,BF0100200,BF,臺北市,北投區,臺北市北投區東華里東華街2段180之1號,121.5110168457,25.1202163696,C,巷弄長照站,臺北市,北投區,02-28236310,a0916983917@gmail.com,黎秉劼,20210101.0,20211231.0,20210412 10:49:52
社團法人台北市家庭照顧者關懷協會,BE0100082,BE,臺北市,中山區,臺北市中山區北安里北安路805巷4弄5號地下,121.5545883179,25.0861339569,C,巷弄長照站,臺北市,中山區,0916780645,tachih70@yahoo.com.tw,李孟芬,20210101.0,20211231.0,20210408 16:14:33
財團法人台北市中華基督教藝人之家,BD0100083,BD,臺北市,信義區,臺北市信義區五常里松隆路102號13樓,121.5710296631,25.0458831787,C,巷弄長照站,臺北市,信義區,02-27674567,artists.as@gmail.com,黃榮勇,20210101.0,20211231.0,20210412 14:25:03
臺北市中正區螢橋社區發展協會,BF0100213,BF,臺北市,中正區,臺北市中正區螢雪里福州街59號1樓,121.5143585205,25.0267028809,C,巷弄長照站,臺北市,中正區,02-23052201,yijyechen@gmail.com,陳文質 ,20210101.0,20211231.0,20210408 17:31:50
財團法人一粒麥子社會福利慈善事業基金會附設臺北市私立有福居家長照機構,1S0100013,1,臺北市,萬華區,臺北市萬華區興寧街66巷2號1樓,121.5009613037,25.0267696381,B,居家服務,臺北市,中正區;萬華區,23320669,w110172@wheat.org.tw,呂信雄,20220101.0,20231231.0,20211230 15:03:35
社團法人台灣厝邊有愛關懷協會（敦化）,BD0100070,BD,臺北市,松山區,臺北市松山區民有里敦化北路238巷7-9號,121.5487213135,25.0603561401,C,巷弄長照站,臺北市,松山區,02-3635546,lo1119@ms53.hinet.net,鄭忠仁,20210101.0,20211231.0,20210412 11:25:30
臺北市文山區木柵社區發展協會,BF0100188,BF,臺北市,文山區,臺北市文山區木柵里久康街92-1號,121.5671691895,24.9904441833,C,巷弄長照站,臺北市,文山區,0933-220278,kh8113@gmail.com,高銘傳,20210101.0,20211231.0,20210408 18:16:32
財團法人一粒麥子社會福利慈善事業基金會附設臺北市私立有福居家長照機構,1S0100013,1,臺北市,萬華區,臺北市萬華區興寧街66巷2號1樓,121.5009613037,25.0267696381,B,喘息服務,臺北市,中正區;萬華區,23320669,w110172@wheat.org.tw,呂信雄,20210507.0,20241231.0,20231208 10:10:34
臺北市北投區幸福永和社區發展協會,BF0100198,BF,臺北市,北投區,臺北市北投區永和里行義路63號,121.5279464722,25.1262130737,C,巷弄長照站,臺北市,北投區,0928363298,rita354169@gmail.com,高秀蘭,20210101.0,20211231.0,20210409 17:21:16
財團法人雙福社會福利慈善事業基金會(蒙恩),BD0100076,BD,臺北市,松山區,臺北市松山區復勢里光復北路112號8樓,121.5577087402,25.0507087708,C,巷弄長照站,臺北市,松山區,02-2392-2993分機12,asiapd@gmail.com,吳英賓,20210101.0,20211231.0,20210412 13:52:23
財團法人台北市東門基督長老教會,BD0100084,BD,臺北市,中正區,臺北市中正區三愛里仁愛路二段76號,121.5302581787,25.0380210876,C,巷弄長照站,臺北市,中正區,02-23513589,egate.tp@gmail.com,鄭愛玲,20210101.0,20211231.0,20210408 16:34:21
臺北市士林區福順里辦公處,BF0100225,BF,臺北市,士林區,臺北市士林區福順里延平北路5段136巷24號,121.5114746094,25.0821876526,C,巷弄長照站,臺北市,士林區,0958-830-605,bn_526@mail.taipei.gov.tw,林家卉,20210101.0,20211231.0,20210408 09:21:23
財團法人台灣省私立健順養護中心(松山老人服務暨日間照顧中心),BD0100078,BD,臺北市,松山區,臺北市松山區鵬程里健康路317號1樓,121.5666122437,25.0544681549,C,巷弄長照站,臺北市,松山區,02-2768-5636,sselder105@gmail.com,黃禎祥,20210101.0,20211231.0,20210412 14:09:05
財團法人台北市中華基督教信義會(復興堂),BD0100082,BD,臺北市,信義區,臺北市信義區中興里信義路4段375號10樓之2,121.5577316284,25.0332832336,C,巷弄長照站,臺北市,信義區,02-27200440,fushing.fushing@gmail.com,吳大明,20210101.0,20211231.0,20210412 14:21:00
臺北市中正區新永昌社區發展協會,BF0100214,BF,臺北市,中正區,臺北市中正區永昌里汀州路1段242巷17號,121.5098419189,25.0270938873,C,巷弄長照站,臺北市,中正區,0966452161,hcn630@gmail.com,許巧妮 ,20210101.0,20211231.0,20210408 16:49:35
台北市愛羊全人關懷協會,BF0100215,BF,臺北市,中正區,臺北市中正區龍光里和平西路二段17號2樓,121.5137329102,25.0283317566,C,巷弄長照站,臺北市,中正區,0937-888594,keng2727@yahoo.com.tw,葉姿伶 ,20210101.0,20211231.0,20210408 17:32:48
同仁醫療財團法人萬華醫院,B20100100,B2,臺北市,萬華區,臺北市萬華區中華路2段606巷6號,121.5098266602,25.0240497589,B,專業照護服務,臺北市,松山區;信義區;大安區;中山區;中正區;大同區;萬華區;文山區;南港區;內湖區;士林區;北投區,02-23059292*603,wanhuahospital@gmail.com,蕭竹生,20180301.0,20211231.0,20201202 20:20:59
財團法人中華民國台灣基督教信義會內湖教會,BD0100080,BD,臺北市,內湖區,臺北市內湖區港都里港墘路100巷2號1樓,121.5772171021,25.0802307129,C,巷弄長照站,臺北市,內湖區,02-27993958,lipkao@gmail.com,陳至敏,20210101.0,20211231.0,20210408 17:46:46
臺北市大安區光明里辦公處,BF0100211,BF,臺北市,大安區,臺北市大安區光明里信義路2段86巷26號,121.5257873535,25.0337982178,C,巷弄長照站,臺北市,大安區,0928-924384,q23914185@gmail.com,張惠銓 ,20210101.0,20211231.0,20210407 15:21:16
臺北市信義區惠安里辦公處,BF0100196,BF,臺北市,信義區,臺北市信義區惠安里吳興街506巷21號,121.5685119629,25.0229930878,C,巷弄長照站,臺北市,信義區,0921-912-430,bp-30290@mail.taipei.gov.tw,周葉長,20210101.0,20211231.0,20210412 14:33:49
內湖區湖興里辦公處,BF0100206,BF,臺北市,內湖區,臺北市內湖區湖興里成功路二段320巷19號3樓,121.5899505615,25.0677337646,C,巷弄長照站,臺北市,內湖區,02-27914586,mor6168@gmail.com,蔡穎峰,20210101.0,20211231.0,20210408 18:05:22
臺北市松山區中正里辦公處,BF0100226,BF,臺北市,松山區,臺北市松山區中正里長安東路二段229號12樓,121.5458526611,25.0483798981,C,巷弄長照站,臺北市,松山區,0937-031518,ruru19841224@gmail.com,洪樸陽,20210101.0,20211231.0,20210412 11:19:23
三軍總醫院社區式長照服務機構,2null0100001,2,臺北市,中正區,臺北市中正區汀洲路3段40號,121.5298843384,25.0164451599,B,日間照顧服務,臺北市,松山區;信義區;大安區;中山區;中正區;大同區;萬華區;文山區;南港區;內湖區;士林區;北投區,87923311*15659,tsghday@mail.ndmctsgh.edu.tw,洪乙仁,20210401.0,20211231.0,20210423 16:49:49
秉心有限公司附設臺北市私立秉心居家長照機構,1V0100027,1,臺北市,松山區,臺北市松山區光復北路119-1號2樓,121.5573959351,25.052116394,B,居家服務,臺北市,松山區;信義區;大安區;中山區;中正區;大同區;萬華區;文山區;南港區;內湖區;士林區;北投區,02-27666683,pingshinghome@gmail.com,陳欣怡,20210108.0,20231231.0,20211230 14:52:14
秉心有限公司附設臺北市私立秉心居家長照機構,1V0100027,1,臺北市,松山區,臺北市松山區光復北路119-1號2樓,121.5573959351,25.052116394,B,居家服務,臺北市,松山區;信義區;大安區;中山區;中正區;大同區;萬華區;文山區;南港區;內湖區;士林區;北投區,02-27666683,pingshinghome@gmail.com,陳欣怡,20240101.0,20261231.0,20231229 13:37:32
秉心有限公司附設臺北市私立秉心居家長照機構,1V0100027,1,臺北市,松山區,臺北市松山區光復北路119-1號2樓,121.5573959351,25.052116394,B,喘息服務,臺北市,松山區;信義區;大安區;中山區;中正區;大同區;萬華區;文山區;南港區;內湖區;士林區;北投區,02-27666683,pingshinghome@gmail.com,陳欣怡,20250101.0,20261231.0,20241122 15:04:23
臺北市文山區華興里辦公處,BF0100190,BF,臺北市,文山區,臺北市文山區華興里木柵路一段264號,121.5545120239,24.9879951477,C,巷弄長照站,臺北市,文山區,0905991580,huaxing0607@gmail.com,陳峙穎,20210101.0,20211231.0,20210409 15:19:32
台北市通化玫瑰社會關懷協會,BF0100220,BF,臺北市,大安區,臺北市大安區法治里通化街178號,121.5532836914,25.0274868011,C,巷弄長照站,臺北市,大安區,0975-227919,peteryeh2009@gmail.com,葉永誠 ,20210101.0,20211231.0,20210407 15:25:22
秉心有限公司附設臺北市私立秉心居家長照機構,1V0100027,1,臺北市,松山區,臺北市松山區光復北路119-1號2樓,121.5573959351,25.052116394,B,喘息服務,臺北市,松山區;信義區;大安區;中山區;中正區;大同區;萬華區;文山區;南港區;內湖區;士林區;北投區,02-27666683,pingshinghome@gmail.com,陳欣怡,20210209.0,20241231.0,20221229 22:42:26
(新北)亞捷汽車租賃股份有限公司,BA0100011,BA,臺北市,士林區,臺北市士林區中正路499號1樓,121.5182647705,25.0918464661,B,交通接送服務,新北市,三重區;新店區;淡水區;汐止區;瑞芳區;蘆洲區;深坑區;石碇區;三芝區;石門區;平溪區;金山區;萬里區,(02)2882-2277,yj2020@csgroup-bus.com.tw,呂奇龍,20250101.0,20271231.0,20241225 10:52:43
財團法人伽耶山基金會,BD0100085,BD,臺北市,中正區,臺北市中正區文北里濟南路二段36號2樓、3樓、4樓,121.5296020508,25.0406093597,C,巷弄長照站,臺北市,中正區,02-2394-6800#403,twlate2014@gmail.com,陳夏珠  ,20210101.0,20211231.0,20210408 16:42:46
財團法人台北市松年長春社會福利基金會(開元),BD0100072,BD,臺北市,文山區,"臺北市文山區木新里開元街25,27號",121.5690612793,24.9890937805,C,巷弄長照站,臺北市,文山區,02-2500-0206,"pine004@twdc.org,tw",王淑惠,20210101.0,20211231.0,20210408 18:19:37
三軍總醫院社區式長照服務機構,2null0100001,2,臺北市,中正區,臺北市中正區汀洲路3段40號,121.5298843384,25.0164451599,B,日間照顧服務,臺北市,松山區;信義區;大安區;中山區;中正區;大同區;萬華區;文山區;南港區;內湖區;士林區;北投區,87923311*15659,tsghday@mail.ndmctsgh.edu.tw,洪乙仁,20240101.0,20261231.0,20240102 14:53:58
臺北市士林區福中里辦公處,BF0100194,BF,臺北市,士林區,臺北市士林區福中里福港街151號10樓9樓,121.5180511475,25.0874195099,C,巷弄長照站,臺北市,士林區,0228838207,hsiulien0317@gmail.com,王德利,20210101.0,20211231.0,20210407 13:59:04
台北市石牌全人關懷協會,BF0100202,BF,臺北市,北投區,臺北市北投區榮華里明德路283號,121.5222091675,25.1150093079,C,巷弄長照站,臺北市,北投區,02-28262602*11,candykaofeeling@gmail.com,許曉元,20210101.0,20211231.0,20210412 11:13:47
臺北市內湖區石潭社區發展協會,BF0100205,BF,臺北市,內湖區,臺北市內湖區石潭里成功路二段1號2樓,,,C,巷弄長照站,臺北市,內湖區,02-27937177,shuru571110@gmail.com,廖煒國,20210101.0,20211231.0,20210408 17:41:16
臺北市大安區大安新龍社區發展協會,BF0100217,BF,臺北市,大安區,臺北市大安區新龍里信義路三段134巷98號1樓,121.5389480591,25.0290813446,C,巷弄長照站,臺北市,大安區,02-2706-7771,t123411@hotmail.com,李沈素勤,20210101.0,20211231.0,20210407 15:37:38
銀享全球股份有限公司附設臺北市私立銀享居家長照機構,1R0100032,1,臺北市,大同區,臺北市大同區民權西路136號16樓之7,121.5164108276,25.0627498627,B,居家服務,臺北市,松山區;信義區;大安區;中山區;中正區;大同區;文山區,02-27009805,slghomecare@gmail.com,蔡昕伶,20240101.0,20241231.0,20231229 10:56:29
銀享全球股份有限公司附設臺北市私立銀享居家長照機構,1R0100032,1,臺北市,大同區,臺北市大同區民權西路136號16樓之7,121.5164108276,25.0627498627,B,喘息服務,臺北市,松山區;信義區;大安區;中山區;中正區;大同區;文山區,02-27009805,slghomecare@gmail.com,蔡昕伶,20210723.0,20241231.0,20221230 15:01:57
財團法人一粒麥子社會福利慈善事業基金會附設臺北市私立有福居家長照機構,1S0100013,1,臺北市,萬華區,臺北市萬華區興寧街66巷2號1樓,121.5009613037,25.0267696381,B,喘息服務,臺北市,中正區;萬華區,23320669,w110172@wheat.org.tw,呂信雄,20250101.0,20261231.0,20241119 18:00:56
台北市北投區新石牌社區發展協會,BF0100203,BF,臺北市,北投區,臺北市北投區石牌里自強街120巷15弄8號,121.5162963867,25.1103439331,C,巷弄長照站,臺北市,北投區,(02)2823-6699,j19830406@gmail.com,劉世豪,20210101.0,20211231.0,20210409 17:22:21
台北市寶藏巖文化村協會,BF0100216,BF,臺北市,中正區,臺北市中正區水源里汀州路三段230巷14弄10號,121.5324172974,25.0105667114,C,巷弄長照站,臺北市,中正區,0926579112,thcca2012@gmail.com,徐聖情 ,20210101.0,20211231.0,20210408 16:46:24
臺北市松山區龍田里辦公處,BF0100221,BF,臺北市,松山區,臺北市松山區龍田里光復北路230巷21號B1,121.5545654297,25.0559844971,C,巷弄長照站,臺北市,松山區,0988179571,bh_ssda207@mail.taipei.gov.tw,袁俊麒,20210101.0,20211231.0,20210412 14:06:32
社團法人中華生命關愛協會,BE0100085,BE,臺北市,大安區,臺北市大安區芳和里和平東路3段212巷12號,121.5536727905,25.0222053528,C,巷弄長照站,臺北市,大安區,0922407837,chowyinhwa@gmail.com,周音華,20210101.0,20211231.0,20210407 15:34:41
內湖區寶湖里辦公處,BF0100207,BF,臺北市,內湖區,臺北市內湖區寶湖里民權東路六段208號,121.5966949463,25.0676364899,C,巷弄長照站,臺北市,內湖區,0931-302823,bl-yuhsin@mail.taipei.gov.tw,邱顯松,20210101.0,20211231.0,20210408 18:07:47
家禾認知社區關懷協會,BF0100186,BF,臺北市,文山區,臺北市文山區政大里政大1街3號1樓,121.5842895508,24.985994339,C,巷弄長照站,臺北市,文山區,02-2234-2467,scchaochao@gmail.com,周存林,20210101.0,20211231.0,20210409 15:16:48
臺北市快樂松年社,BF0100208,BF,臺北市,中山區,臺北市中山區新生里民權東路2段46號3樓之2,121.5300827026,25.0623474121,C,巷弄長照站,臺北市,中山區,0920220422,cynthia422@yahoo.com.tw,羅聯昇,20210101.0,20211231.0,20210408 16:30:30
社團法人寧祈全人健康生命關懷協會附設臺北市私立寧祈居家長照機構,1R0100026,1,臺北市,中山區,臺北市中山區中山里民生東路1段42號12樓之14,121.5244369507,25.0579280853,B,居家服務,臺北市,松山區;信義區;大安區;中山區;中正區;大同區;萬華區;文山區;南港區;內湖區;士林區;北投區,02-2521-3282,homeservice@ningchi.org,吳健樑,20240101.0,20241231.0,20231229 10:28:21
忠孝事業有限公司附設臺北市私立忠孝居家長照機構,1R0100027,1,臺北市,北投區,臺北市北投區榮華里明德路283號3樓,121.5221328735,25.1145133972,B,喘息服務,臺北市,松山區;信義區;大安區;中山區;中正區;大同區;萬華區;文山區;南港區;內湖區;士林區;北投區,2821-4922,zhongxiao88165821@gmail.com,蔡愷駿,20250101.0,20261231.0,20241126 10:53:53
社團法人寧祈全人健康生命關懷協會附設臺北市私立寧祈居家長照機構,1R0100026,1,臺北市,中山區,臺北市中山區中山里民生東路1段42號12樓之14,121.5244369507,25.0579280853,B,居家服務,臺北市,松山區;信義區;大安區;中山區;中正區;大同區;萬華區;文山區;南港區;內湖區;士林區;北投區,02-2521-3282,homeservice@ningchi.org,吳健樑,20250101.0,20261231.0,20250324 11:04:24
社團法人寧祈全人健康生命關懷協會附設臺北市私立寧祈居家長照機構,1R0100026,1,臺北市,中山區,臺北市中山區中山里民生東路1段42號12樓之14,121.5244369507,25.0579280853,B,喘息服務,臺北市,松山區;信義區;大安區;中山區;中正區;大同區;萬華區;文山區;南港區;內湖區;士林區;北投區,02-2521-3282,homeservice@ningchi.org,吳健樑,20250101.0,20261231.0,20241104 18:57:08
銀享全球股份有限公司附設臺北市私立銀享居家長照機構,1R0100032,1,臺北市,大同區,臺北市大同區民權西路136號16樓之7,121.5164108276,25.0627498627,B,居家服務,臺北市,松山區;信義區;大安區;中山區;中正區;大同區;文山區,02-27009805,slghomecare@gmail.com,蔡昕伶,20210524.0,20231231.0,20211223 16:01:07
銀享全球股份有限公司附設臺北市私立銀享居家長照機構,1R0100032,1,臺北市,大同區,臺北市大同區民權西路136號16樓之7,121.5164108276,25.0627498627,B,居家服務,臺北市,松山區;信義區;大安區;中山區;中正區;大同區;文山區,02-27009805,slghomecare@gmail.com,蔡昕伶,20250101.0,20261231.0,20250204 15:51:07
三軍總醫院社區式長照服務機構,2null0100001,2,臺北市,中正區,臺北市中正區汀洲路3段40號,121.5298843384,25.0164451599,B,日間照顧服務,臺北市,松山區;信義區;大安區;中山區;中正區;大同區;萬華區;文山區;南港區;內湖區;士林區;北投區,87923311*15659,tsghday@mail.ndmctsgh.edu.tw,洪乙仁,20220101.0,20231231.0,20220208 10:55:17
社團法人寧祈全人健康生命關懷協會附設臺北市私立寧祈居家長照機構,1R0100026,1,臺北市,中山區,臺北市中山區中山里民生東路1段42號12樓之14,121.5244369507,25.0579280853,B,居家服務,臺北市,松山區;信義區;大安區;中山區;中正區;大同區;萬華區;文山區;南港區;內湖區;士林區;北投區,02-2521-3282,homeservice@ningchi.org,吳健樑,20210219.0,20231231.0,20211230 16:13:19
社團法人寧祈全人健康生命關懷協會附設臺北市私立寧祈居家長照機構,1R0100026,1,臺北市,中山區,臺北市中山區中山里民生東路1段42號12樓之14,121.5244369507,25.0579280853,B,喘息服務,臺北市,松山區;信義區;大安區;中山區;中正區;大同區;萬華區;文山區;南港區;內湖區;士林區;北投區,02-2521-3282,homeservice@ningchi.org,吳健樑,20211020.0,20241231.0,20221230 18:23:16
臺北市大安區民炤里辦公處,BF0100219,BF,臺北市,大安區,臺北市大安區民炤里信義路3段31巷5號1樓,121.534614563,25.0341472626,C,巷弄長照站,臺北市,大安區,02-27008406,c20181124@gmail.com,周暉泰,20210101.0,20211231.0,20210407 14:56:17
耀生長期照顧服務股份有限公司附設臺北市私立耀生居家長照機構,1V0100031,1,臺北市,中正區,臺北市中正區幸市里中正區懷寧街112號6樓、6樓之1,121.5317993164,25.0423984528,B,喘息服務,臺北市,松山區;信義區;大安區;中山區;中正區;大同區;萬華區;內湖區;北投區,02-23932500,wayne@leaplife.com.tw,蔡坤霖,20221223.0,20241231.0,20221230 14:34:33
耀生長期照顧服務股份有限公司附設臺北市私立耀生居家長照機構,1V0100031,1,臺北市,中正區,臺北市中正區幸市里中正區懷寧街112號6樓、6樓之1,121.5317993164,25.0423984528,B,喘息服務,臺北市,松山區;信義區;大安區;中山區;中正區;大同區;萬華區;內湖區;士林區,02-23932500,wayne@leaplife.com.tw,蔡坤霖,20250101.0,20261231.0,20241030 19:52:13
耀生長期照顧服務股份有限公司附設臺北市私立耀生居家長照機構,1V0100031,1,臺北市,中正區,臺北市中正區幸市里中正區懷寧街112號6樓、6樓之1,121.5317993164,25.0423984528,A,個案管理服務,臺北市,內湖區,02-23932500,wayne@leaplife.com.tw,蔡坤霖,20240501.0,20241231.0,20240430 11:38:17
耀生長期照顧服務股份有限公司附設臺北市私立耀生居家長照機構,1V0100031,1,臺北市,中正區,臺北市中正區幸市里中正區懷寧街112號6樓、6樓之1,121.5317993164,25.0423984528,B,居家服務,臺北市,松山區;信義區;大安區;中山區;中正區;大同區;萬華區;內湖區;士林區,02-23932500,wayne@leaplife.com.tw,蔡坤霖,20220101.0,20231231.0,20221230 14:22:05
財團法人恆安社會福利慈善事業基金會附設臺北市私立恆安老人長期照顧中心(長期照護型),BD0100086,BD,臺北市,萬華區,臺北市萬華區水源路187號,121.5107727051,25.0236053467,B,營養餐飲服務,臺北市,萬華區,02-23327973,1100330295@hangan.org,胡世賢,20200101.0,20221231.0,20210601 14:25:26
忠孝事業有限公司附設臺北市私立忠孝居家長照機構,1R0100027,1,臺北市,北投區,臺北市北投區榮華里明德路283號3樓,121.5221328735,25.1145133972,B,喘息服務,臺北市,士林區;北投區,2821-4922,zhongxiao88165821@gmail.com,蔡愷駿,20220101.0,20241231.0,20221229 23:01:08
忠孝事業有限公司附設臺北市私立忠孝居家長照機構,1R0100027,1,臺北市,北投區,臺北市北投區榮華里明德路283號3樓,121.5221328735,25.1145133972,B,居家服務,臺北市,松山區;信義區;大安區;中山區;中正區;大同區;萬華區;文山區;南港區;內湖區;士林區;北投區,2821-4922,zhongxiao88165821@gmail.com,蔡愷駿,20220101.0,20241231.0,20221229 23:01:08
耀生長期照顧服務股份有限公司附設臺北市私立耀生居家長照機構,1V0100031,1,臺北市,中正區,臺北市中正區幸市里中正區懷寧街112號6樓、6樓之1,121.5317993164,25.0423984528,A,個案管理服務,臺北市,內湖區,02-23932500,wayne@leaplife.com.tw,蔡坤霖,20250101.0,20261231.0,20241231 17:14:46
忠孝事業有限公司附設臺北市私立忠孝居家長照機構,1R0100027,1,臺北市,北投區,臺北市北投區榮華里明德路283號3樓,121.5221328735,25.1145133972,B,居家服務,臺北市,松山區;信義區;大安區;中山區;中正區;大同區;萬華區;文山區;南港區;內湖區;士林區;北投區,2821-4922,zhongxiao88165821@gmail.com,蔡愷駿,20240101.0,20261231.0,20231229 09:39:57
耀生長期照顧服務股份有限公司附設臺北市私立耀生居家長照機構,1V0100031,1,臺北市,中正區,臺北市中正區幸市里中正區懷寧街112號6樓、6樓之1,121.5317993164,25.0423984528,B,居家服務,臺北市,松山區;信義區;大安區;中山區;中正區;大同區;萬華區;文山區;南港區;內湖區;士林區,02-23932500,wayne@leaplife.com.tw,蔡坤霖,20240101.0,20261231.0,20240827 14:08:16
清山交通有限公司,BA0100023,BA,臺北市,松山區,臺北市松山區三民路113巷12號6樓,121.5624313354,25.0580596924,B,交通接送服務(DA01),臺北市,松山區;信義區;大安區;中山區;中正區;大同區;萬華區;文山區;南港區;內湖區;士林區;北投區,0930848338,laughflower@gmail.com,林青駿,20240101.0,20261231.0,20240327 10:01:19
金旺租賃有限公司,BA0100026,BA,臺北市,中山區,臺北市中山區長春路172號7樓之8,121.5338516235,25.0546913147,B,交通接送服務(DA01),新北市,板橋區;三重區;中和區;永和區;新莊區;新店區;淡水區;汐止區;土城區;蘆洲區,0981896108,a0975672263@gmail.com,盧逸穎,20250101.0,20271231.0,20250110 14:22:00
金旺租賃有限公司,BA0100026,BA,臺北市,中山區,臺北市中山區長春路172號7樓之8,121.5338516235,25.0546913147,B,交通接送服務(DA01),臺北市,松山區;信義區;大安區;中山區;中正區;大同區;萬華區;文山區;南港區;內湖區;士林區;北投區,0981896108,a0975672263@gmail.com,盧逸穎,20240101.0,20261231.0,20240327 09:54:16
(臺北市)亞捷汽車租賃股份有限公司,BA0100024,BA,臺北市,士林區,臺北市士林區中正路499號1樓,121.5182647705,25.0918464661,B,交通接送服務(DA01),臺北市,松山區;信義區;大安區;中山區;中正區;大同區;萬華區;文山區;南港區;內湖區;士林區;北投區,(02)2882-2277,yj2020@csgroup-bus.com.tw,呂奇龍,20240101.0,20261231.0,20240327 10:04:10
紙飛機服務科技股份有限公司附設臺北市私立紙飛機居家長照機構,1V0100032,1,臺北市,萬華區,臺北市萬華區青山里西園路一段200號8樓之3,121.499206543,25.0359230042,B,喘息服務,臺北市,松山區;信義區;大安區;中山區;大同區;萬華區;南港區;內湖區;士林區;北投區,0909139394,teitei3432@gmail.com,李學真,20250101.0,20261231.0,20250519 14:40:14
紙飛機服務科技股份有限公司附設臺北市私立紙飛機居家長照機構,1V0100032,1,臺北市,萬華區,臺北市萬華區青山里西園路一段200號8樓之3,121.499206543,25.0359230042,B,居家服務,臺北市,松山區;信義區;大安區;中正區;大同區;萬華區;南港區;內湖區,0909139394,teitei3432@gmail.com,李學真,20211203.0,20241231.0,20230523 15:13:28
溫心企業有限公司附設臺北市私立溫心居家長照機構,1R0100034,1,臺北市,中山區,臺北市中山區力行里復興北路62號3樓之1(6室),121.5437850952,25.0504817963,B,居家服務,臺北市,松山區;中山區;大同區,02-2751-0515,hopelight825@gmail.com,張正松,20250101.0,20261231.0,20250205 09:30:50
紙飛機服務科技股份有限公司附設臺北市私立紙飛機居家長照機構,1V0100032,1,臺北市,萬華區,臺北市萬華區青山里西園路一段200號8樓之3,121.499206543,25.0359230042,B,居家服務,臺北市,松山區;信義區;大安區;中正區;大同區;萬華區;南港區;內湖區;士林區;北投區,0909139394,teitei3432@gmail.com,李學真,20240101.0,20261231.0,20240514 14:45:29
紙飛機服務科技股份有限公司附設臺北市私立紙飛機居家長照機構,1V0100032,1,臺北市,萬華區,臺北市萬華區青山里西園路一段200號8樓之3,121.499206543,25.0359230042,B,喘息服務,臺北市,松山區;信義區;大安區;中山區;大同區;萬華區;南港區;內湖區,0909139394,teitei3432@gmail.com,李學真,20211203.0,20241231.0,20240305 15:29:53
溫心企業有限公司附設臺北市私立溫心居家長照機構,1R0100034,1,臺北市,中山區,臺北市中山區力行里復興北路62號3樓之1(6室),121.5437850952,25.0504817963,B,喘息服務,臺北市,松山區;信義區;大安區;中山區;中正區;大同區;萬華區;文山區;南港區;內湖區;士林區;北投區,02-2751-0515,hopelight825@gmail.com,張正松,20211006.0,20241231.0,20221229 23:16:12
溫心企業有限公司附設臺北市私立溫心居家長照機構,1R0100034,1,臺北市,中山區,臺北市中山區力行里復興北路62號3樓之1(6室),121.5437850952,25.0504817963,B,居家服務,臺北市,松山區;中山區;大同區,02-2751-0515,hopelight825@gmail.com,張正松,20240101.0,20241231.0,20231229 10:30:44
溫心企業有限公司附設臺北市私立溫心居家長照機構,1R0100034,1,臺北市,中山區,臺北市中山區力行里復興北路62號3樓之1(6室),121.5437850952,25.0504817963,B,居家服務,臺北市,松山區;中山區;大同區,02-2751-0515,hopelight825@gmail.com,張正松,20220223.0,20231231.0,20220225 18:32:37
溫心企業有限公司附設臺北市私立溫心居家長照機構,1R0100034,1,臺北市,中山區,臺北市中山區力行里復興北路62號3樓之1(6室),121.5437850952,25.0504817963,B,喘息服務,臺北市,松山區;信義區;大安區;中山區;中正區;大同區;萬華區;文山區;南港區;內湖區;士林區;北投區,02-2751-0515,hopelight825@gmail.com,張正松,20250101.0,20261231.0,20241104 18:40:50
愛馨居服有限公司附設臺北市私立愛馨居家長照機構,1V0100035,1,臺北市,松山區,臺北市松山區新聚里南京東路5段230號2樓之1,121.5259170532,25.0439796448,B,喘息服務,臺北市,松山區;信義區;大安區;中正區;萬華區;文山區,02-23415924,anshintakecare@gmail.com,傅翰強,20250101.0,20261231.0,20241104 18:26:03
愛馨居服有限公司附設臺北市私立愛馨居家長照機構,1V0100035,1,臺北市,松山區,臺北市松山區新聚里南京東路5段230號2樓之1,121.5259170532,25.0439796448,A,個案管理服務,臺北市,松山區,02-23415924,anshintakecare@gmail.com,傅翰強,20240826.0,20241231.0,20240823 15:17:15
紙飛機服務科技股份有限公司附設臺北市私立紙飛機居家長照機構,1V0100032,1,臺北市,萬華區,臺北市萬華區青山里西園路一段200號8樓之3,121.499206543,25.0359230042,B,喘息服務,臺北市,松山區;信義區;大安區;中山區;大同區;萬華區;南港區;內湖區,0909139394,teitei3432@gmail.com,李學真,20250101.0,20261231.0,20241030 19:58:41
(臺北市)亞捷汽車租賃股份有限公司,BA0100024,BA,臺北市,士林區,臺北市士林區中正路499號1樓,121.5182647705,25.0918464661,B,社區式交通接送服務(BD03),臺北市,松山區;信義區;大安區;中山區;中正區;大同區;萬華區;文山區;南港區;內湖區;士林區;北投區,(02)2882-2277,yj2020@csgroup-bus.com.tw,呂奇龍,20240101.0,20261231.0,20240327 10:04:10
金旺租賃有限公司,BA0100026,BA,臺北市,中山區,臺北市中山區長春路172號7樓之8,121.5338516235,25.0546913147,B,交通接送服務(DA01),桃園市,桃園區;中壢區;大溪區;楊梅區;蘆竹區;大園區;龜山區;八德區;龍潭區;平鎮區;新屋區;觀音區,0981896108,a0975672263@gmail.com,盧逸穎,20230601.0,20261231.0,20250102 09:27:06
愛馨居服有限公司附設臺北市私立愛馨居家長照機構,1V0100035,1,臺北市,松山區,臺北市松山區新聚里南京東路5段230號2樓之1,121.5259170532,25.0439796448,A,個案管理服務,臺北市,大安區,02-23415924,anshintakecare@gmail.com,傅翰強,20250101.0,20261231.0,20241231 17:07:46
愛馨居服有限公司附設臺北市私立愛馨居家長照機構,1V0100035,1,臺北市,松山區,臺北市松山區新聚里南京東路5段230號2樓之1,121.5259170532,25.0439796448,B,喘息服務,臺北市,松山區;信義區;大安區;中正區;萬華區;文山區,02-23415924,anshintakecare@gmail.com,傅翰強,20220308.0,20241231.0,20240305 15:38:03
愛馨居服有限公司附設臺北市私立愛馨居家長照機構,1V0100035,1,臺北市,松山區,臺北市松山區新聚里南京東路5段230號2樓之1,121.5259170532,25.0439796448,B,居家服務,臺北市,松山區;信義區;大安區;中正區;萬華區;文山區,02-23415924,anshintakecare@gmail.com,傅翰強,20240101.0,20261231.0,20231229 11:03:15
愛馨居服有限公司附設臺北市私立愛馨居家長照機構,1V0100035,1,臺北市,松山區,臺北市松山區新聚里南京東路5段230號2樓之1,121.5259170532,25.0439796448,A,個案管理服務,臺北市,松山區,02-23415924,anshintakecare@gmail.com,傅翰強,20250101.0,20261231.0,20241231 17:09:04
愛馨居服有限公司附設臺北市私立愛馨居家長照機構,1V0100035,1,臺北市,松山區,臺北市松山區新聚里南京東路5段230號2樓之1,121.5259170532,25.0439796448,B,居家服務,臺北市,松山區;信義區;大安區;中正區;萬華區;文山區,02-23415924,anshintakecare@gmail.com,傅翰強,20220224.0,20231231.0,20230418 09:51:54
愛馨居服有限公司附設臺北市私立愛馨居家長照機構,1V0100035,1,臺北市,松山區,臺北市松山區新聚里南京東路5段230號2樓之1,121.5259170532,25.0439796448,A,個案管理服務,臺北市,大安區,02-23415924,anshintakecare@gmail.com,傅翰強,20241223.0,20241231.0,20241220 18:16:20
(新北)好爸爸無障礙爬梯機接送有限公司,BA0100029,BA,臺北市,北投區,臺北市北投區致遠一路一段29號,121.5167236328,25.1081428528,B,交通接送服務,新北市,板橋區;三重區;新莊區;蘆洲區,02-2821-1990,good88taxi@gmail.com,李銘權,20250101.0,20271231.0,20241220 09:16:30
北醫大管理顧問股份有限公司附設私立君蔚居家長照機構,1R0100036,1,臺北市,信義區,臺北市信義區中興里信義路4段375號4樓之7,121.5577316284,25.0332832336,B,喘息服務,臺北市,信義區;大安區,02-2345-5288,dreamway.hc@gmail.com,張詩鑫,20211228.0,20241231.0,20221229 22:30:15
北醫大管理顧問股份有限公司附設私立君蔚居家長照機構,1R0100036,1,臺北市,信義區,臺北市信義區中興里信義路4段375號4樓之7,121.5577316284,25.0332832336,B,喘息服務,臺北市,信義區;大安區,02-2345-5288,dreamway.hc@gmail.com,張詩鑫,20250101.0,20261231.0,20241030 19:44:53
四季春健康管理顧問事業股份有限公司附設臺北市私立四季春社區長照機構,2R0100009,2,臺北市,大同區,臺北市大同區延平北路三段4號3樓、3樓之1,121.5110473633,25.0634365082,B,日間照顧服務,臺北市,松山區;信義區;大安區;中山區;中正區;大同區;萬華區;文山區;南港區;內湖區;士林區;北投區,25919000,yuki82856762@gmail.com,羅慧文,20211005.0,20231231.0,20211227 15:00:17
北醫大管理顧問股份有限公司附設私立君蔚居家長照機構,1R0100036,1,臺北市,信義區,臺北市信義區中興里信義路4段375號4樓之7,121.5577316284,25.0332832336,A,個案管理服務,臺北市,大安區,02-2345-5288,dreamway.hc@gmail.com,張詩鑫,20241223.0,20241231.0,20241224 19:14:09
社團法人台灣樂活服務發展協會附設臺北市私立樂活居家長照機構,1R0100037,1,臺北市,大安區,臺北市大安區通化里信義路4段306號2樓L1室,121.5548629761,25.0329437256,B,居家服務,臺北市,大安區;大同區;士林區;北投區,27552733,happy@happylife.org.tw,馬瑞辰,20240101.0,20241231.0,20231229 16:40:48
社團法人台灣樂活服務發展協會附設臺北市私立樂活居家長照機構,1R0100037,1,臺北市,大安區,臺北市大安區通化里信義路4段306號2樓L1室,121.5548629761,25.0329437256,B,居家服務,臺北市,大安區;大同區;士林區;北投區,27552733,happy@happylife.org.tw,馬瑞辰,20250101.0,20261231.0,20250206 13:59:59
四季春健康管理顧問事業股份有限公司附設臺北市私立四季春社區長照機構,2R0100009,2,臺北市,大同區,臺北市大同區延平北路三段4號3樓、3樓之1,121.5110473633,25.0634365082,B,日間照顧服務,臺北市,松山區;信義區;大安區;中山區;中正區;大同區;萬華區;文山區;南港區;內湖區;士林區;北投區,25919000,yuki82856762@gmail.com,羅慧文,20240101.0,20261231.0,20240102 11:19:27
康年銀髮樂活股份有限公司附設臺北市私立康年復興社區長照機構,2R0100010,2,臺北市,松山區,臺北市松山區復興北路309號4樓,121.5444030762,25.0586566925,B,日間照顧服務,臺北市,松山區;信義區;大安區;中山區;中正區;大同區;萬華區;文山區;南港區;內湖區;士林區;北投區,25466881,ss309fs@gmail.com,蔡淑芬,20240101.0,20261231.0,20240104 15:00:22
康年銀髮樂活股份有限公司附設臺北市私立康年復興社區長照機構,2R0100010,2,臺北市,松山區,臺北市松山區復興北路309號4樓,121.5444030762,25.0586566925,B,日間照顧服務,臺北市,松山區;信義區;大安區;中山區;中正區;大同區;萬華區;文山區;南港區;內湖區;士林區;北投區,25466881,ss309fs@gmail.com,蔡淑芬,20240101.0,20261231.0,20240104 15:00:22
開南學校財團法人臺北市開南高級中等學校附設臺北市私立開南社區式長照機構,2Y0100001,2,臺北市,中正區,臺北市中正區濟南路1段6號1樓,121.5218353271,25.0424175262,B,日間照顧服務,臺北市,松山區;信義區;大安區;中山區;中正區;大同區;萬華區;文山區;南港區;內湖區;士林區;北投區,02-23939406,a1649@knvs.tp.edu.tw,胡毓富,20211129.0,20231231.0,20211223 14:21:25
開南學校財團法人臺北市開南高級中等學校附設臺北市私立開南社區式長照機構,2Y0100001,2,臺北市,中正區,臺北市中正區濟南路1段6號1樓,121.5218353271,25.0424175262,B,日間照顧服務,臺北市,松山區;信義區;大安區;中山區;中正區;大同區;萬華區;文山區;南港區;內湖區;士林區;北投區,02-23939406,a1649@knvs.tp.edu.tw,胡毓富,20240101.0,20261231.0,20240102 14:54:54
北醫大管理顧問股份有限公司附設私立君蔚居家長照機構,1R0100036,1,臺北市,信義區,臺北市信義區中興里信義路4段375號4樓之7,121.5577316284,25.0332832336,B,居家服務,臺北市,信義區;大安區,02-2345-5288,dreamway.hc@gmail.com,張詩鑫,20240101.0,20261231.0,20231229 15:47:57
永愛居家護理所,B10100066,B1,臺北市,中正區,臺北市中正區福州街1號10樓之2,121.5071563721,25.0348892212,B,專業照護服務,臺北市,松山區;信義區;大安區;中山區;中正區;大同區;萬華區;文山區;南港區;內湖區;士林區;北投區,02-23711959,yang9492@yahoo.com.tw,楊耀儀,20211206.0,20241231.0,20221229 21:39:44
詠馨長照社團法人附設台北市私立詠馨住宿長照機構,3R0100002,3,臺北市,北投區,臺北市北投區林泉里011鄰幽雅路19號1-4樓,121.5141448975,25.1366672516,B,喘息服務,臺北市,松山區;信義區;大安區;中山區;中正區;大同區;萬華區;文山區;南港區;內湖區;士林區;北投區,02-2890-8050,a28901520@gmail.com,蔡政松,20220127.0,20241231.0,20230202 16:48:02
永愛居家護理所,B10100066,B1,臺北市,中正區,臺北市中正區福州街1號10樓之2,121.5071563721,25.0348892212,B,專業照護服務,臺北市,松山區;信義區;大安區;中山區;中正區;大同區;萬華區;文山區;南港區;內湖區;士林區;北投區,02-23711959,yang9492@yahoo.com.tw,楊耀儀,20250101.0,20261231.0,20241028 16:15:40
康寧醫療財團法人附設康寧居家護理所,B10100067,B1,臺北市,內湖區,臺北市內湖區成功路五段420巷26號B1,121.6087799072,25.0759525299,B,專業照護服務,臺北市,松山區;信義區;大安區;中山區;中正區;大同區;萬華區;文山區;南港區;內湖區;士林區;北投區,0226345500,88016@mail.knh.org.tw,李永真,20250101.0,20261231.0,20241128 09:31:46
康寧醫療財團法人附設康寧居家護理所,B10100067,B1,臺北市,內湖區,臺北市內湖區成功路五段420巷26號B1,121.6087799072,25.0759525299,B,專業照護服務,臺北市,松山區;信義區;大安區;中山區;中正區;大同區;萬華區;文山區;南港區;內湖區;士林區;北投區,0226345500,88016@mail.knh.org.tw,李永真,20211228.0,20241231.0,20230103 19:35:05
銀享全球股份有限公司附設臺北市私立銀享居家長照機構,1R0100032,1,臺北市,大同區,臺北市大同區民權西路136號16樓之7,121.5164108276,25.0627498627,B,喘息服務,臺北市,松山區;信義區;大安區;中山區;中正區;大同區;文山區,02-27009805,slghomecare@gmail.com,蔡昕伶,20250101.0,20261231.0,20241104 18:43:54
社團法人中華長照協會附設臺北市私立永樂居家長照機構,1R0100029,1,臺北市,文山區,臺北市文山區羅斯福路六段134號2樓,121.5442276001,24.9992790222,B,居家服務,臺北市,大安區;中正區;文山區,02-2930-6919,chxclc001@gmail.com,金國良,20210315.0,20231231.0,20220324 15:19:56
社團法人中華長照協會附設臺北市私立永樂居家長照機構,1R0100029,1,臺北市,文山區,臺北市文山區羅斯福路六段134號2樓,121.5442276001,24.9992790222,B,喘息服務,臺北市,松山區;信義區;大安區;中正區;大同區;文山區,02-2930-6919,chxclc001@gmail.com,金國良,20250101.0,20261231.0,20241120 14:31:19
北醫大管理顧問股份有限公司附設私立君蔚居家長照機構,1R0100036,1,臺北市,信義區,臺北市信義區中興里信義路4段375號4樓之7,121.5577316284,25.0332832336,A,個案管理服務,臺北市,大安區,02-2345-5288,dreamway.hc@gmail.com,張詩鑫,20250101.0,20261231.0,20241231 17:10:50
社團法人台灣樂活服務發展協會附設臺北市私立樂活居家長照機構,1R0100037,1,臺北市,大安區,臺北市大安區通化里信義路4段306號2樓L1室,121.5548629761,25.0329437256,B,居家服務,臺北市,大安區;大同區;士林區;北投區,27552733,happy@happylife.org.tw,馬瑞辰,20211202.0,20231231.0,20211202 17:25:45
臺北市私立永欣居家長照機構,1X0100031,1,臺北市,北投區,臺北市北投區豐年里中央北路二段371號1樓,121.4874572754,25.1382331848,B,喘息服務,臺北市,士林區;北投區,2891-6364,yongxin6364@gmail.com,陳柏帆,20250101.0,20261231.0,20241104 18:35:41
臺北市私立永欣居家長照機構,1X0100031,1,臺北市,北投區,臺北市北投區豐年里中央北路二段371號1樓,121.4874572754,25.1382331848,B,居家服務,臺北市,中山區;中正區;大同區;萬華區;士林區;北投區,2891-6364,yongxin6364@gmail.com,陳柏帆,20220101.0,20231231.0,20220622 10:57:35
臺北市私立永欣居家長照機構,1X0100031,1,臺北市,北投區,臺北市北投區豐年里中央北路二段371號1樓,121.4874572754,25.1382331848,B,喘息服務,臺北市,士林區;北投區,2891-6364,yongxin6364@gmail.com,陳柏帆,20210726.0,20241231.0,20221230 20:00:15
社團法人中華長照協會附設臺北市私立永樂居家長照機構,1R0100029,1,臺北市,文山區,臺北市文山區羅斯福路六段134號2樓,121.5442276001,24.9992790222,B,居家服務,臺北市,松山區;信義區;大安區;中山區;中正區;大同區;萬華區;文山區,02-2930-6919,chxclc001@gmail.com,金國良,20240101.0,20261231.0,20231229 15:49:16
社團法人中華長照協會附設臺北市私立永樂居家長照機構,1R0100029,1,臺北市,文山區,臺北市文山區羅斯福路六段134號2樓,121.5442276001,24.9992790222,B,喘息服務,臺北市,松山區;信義區;大安區;中正區;大同區;文山區,02-2930-6919,chxclc001@gmail.com,金國良,20220513.0,20241231.0,20221229 22:53:17
臺北市私立永欣居家長照機構,1X0100031,1,臺北市,北投區,臺北市北投區豐年里中央北路二段371號1樓,121.4874572754,25.1382331848,A,個案管理服務,臺北市,北投區,2891-6364,yongxin6364@gmail.com,陳柏帆,20250101.0,20261231.0,20241231 17:12:22
臺北市私立吃吃社區長照機構,2X0100010,2,臺北市,內湖區,臺北市內湖區金瑞里台北市內湖區內湖路三段280號1樓,121.5854949951,25.0889854431,B,日間照顧服務,臺北市,松山區;信義區;大安區;中山區;中正區;大同區;萬華區;文山區;南港區;內湖區;士林區;北投區,0926085427,jay3761000@gmail.com,黃節,20240101.0,20261231.0,20240102 11:17:52
臺北市私立吃吃社區長照機構,2X0100010,2,臺北市,內湖區,臺北市內湖區金瑞里台北市內湖區內湖路三段280號1樓,121.5854949951,25.0889854431,B,日間照顧服務,臺北市,松山區;信義區;大安區;中山區;中正區;大同區;萬華區;文山區;南港區;內湖區;士林區;北投區,0926085427,jay3761000@gmail.com,黃節,20220101.0,20231231.0,20220211 17:41:55
常樂企業有限公司,BA0100025,BA,臺北市,中山區,臺北市中山區民生東路一段51號6樓之1,121.5262451172,25.0581970215,B,交通接送服務(DA01),臺北市,松山區;信義區;大安區;中山區;中正區;大同區;萬華區;文山區;南港區;內湖區;士林區;北投區,02-2523-8456,changlecare@gmail.com,王受益,20240101.0,20261231.0,20240327 10:02:32
大中華國際租賃有限公司,BA0100027,BA,臺北市,南港區,臺北市南港區重陽路318號,121.605758667,25.0577812195,B,交通接送服務,臺北市,松山區;信義區;大安區;中山區;中正區;大同區;萬華區;文山區;南港區;內湖區;士林區;北投區,(02)2652-2665,greater.china.austin@gmail.com,鄭紹宏,20210701.0,20221231.0,20210720 13:42:48
渥康國際股份有限公司附設臺北市私立康禾社區長照機構,2R0100007,2,臺北市,松山區,臺北市松山區南京東路三段285號3樓,121.5458374023,25.0520076752,B,日間照顧服務,臺北市,松山區;信義區;大安區;中山區;中正區;大同區;萬華區;文山區;南港區;內湖區;士林區;北投區,77056178,khdaycare.service@gmail.com,林恩,20220101.0,20231231.0,20220209 10:30:21
詠馨長照社團法人附設台北市私立詠馨住宿長照機構,3R0100002,3,臺北市,北投區,臺北市北投區林泉里011鄰幽雅路19號1-4樓,121.5141448975,25.1366672516,B,喘息服務,臺北市,松山區;信義區;大安區;中山區;中正區;大同區;萬華區;文山區;南港區;內湖區;士林區;北投區,02-2890-8050,a28901520@gmail.com,蔡政松,20250101.0,20261231.0,20250204 15:08:02
渥康國際股份有限公司附設臺北市私立康禾社區長照機構,2R0100007,2,臺北市,松山區,臺北市松山區南京東路三段285號3樓,121.5458374023,25.0520076752,B,喘息服務,臺北市,松山區;信義區;大安區;中山區;中正區;大同區;萬華區;文山區;南港區;內湖區;士林區;北投區,77056178,khdaycare.service@gmail.com,林恩,20241118.0,20261231.0,20241119 10:48:11
渥康國際股份有限公司附設臺北市私立康禾社區長照機構,2R0100007,2,臺北市,松山區,臺北市松山區南京東路三段285號3樓,121.5458374023,25.0520076752,B,日間照顧服務,臺北市,松山區;信義區;大安區;中山區;中正區;大同區;萬華區;文山區;南港區;內湖區;士林區;北投區,77056178,khdaycare.service@gmail.com,林恩,20240101.0,20261231.0,20240104 14:46:24
渥康國際股份有限公司附設臺北市私立康禾社區長照機構,2R0100007,2,臺北市,松山區,臺北市松山區南京東路三段285號3樓,121.5458374023,25.0520076752,B,日間照顧服務,新北市,板橋區;三重區;中和區;永和區;新莊區;汐止區,77056178,khdaycare.service@gmail.com,林恩,20250101.0,20271231.0,20241223 14:49:19
社團法人中華民國士林靈糧堂社會福利協會受託經營管理本市北投老人服務中心,BE0100087,BE,臺北市,北投區,臺北市北投區奇岩里三合街1段119號6樓,121.5039291382,25.1265525818,B,營養餐飲服務,臺北市,北投區,(02)2893-0572,beitouqy.sc@slsc.org.tw,劉群茂,20200101.0,20221231.0,20210820 11:04:43
臺北市私立和美居家長照機構,1X0100032,1,臺北市,北投區,臺北市北投區八仙里北投路一段59號2樓,121.5006790161,25.1259536743,B,居家服務,臺北市,士林區;北投區,02-28918131,huma1110224@gmail.com,詹弘毅,20240101.0,20241231.0,20231229 09:43:21
臺北市私立和美居家長照機構,1X0100032,1,臺北市,北投區,臺北市北投區八仙里北投路一段59號2樓,121.5006790161,25.1259536743,B,喘息服務,臺北市,松山區;信義區;大安區;中山區;中正區;大同區;萬華區;文山區;南港區;內湖區;士林區;北投區,02-28918131,huma1110224@gmail.com,詹弘毅,20220816.0,20241231.0,20221230 20:34:33
臺北市私立和美居家長照機構,1X0100032,1,臺北市,北投區,臺北市北投區八仙里北投路一段59號2樓,121.5006790161,25.1259536743,B,居家服務,臺北市,士林區;北投區,02-28918131,huma1110224@gmail.com,詹弘毅,20220224.0,20231231.0,20220225 16:59:23
臺北市私立和美居家長照機構,1X0100032,1,臺北市,北投區,臺北市北投區八仙里北投路一段59號2樓,121.5006790161,25.1259536743,B,喘息服務,臺北市,松山區;信義區;大安區;中山區;中正區;大同區;萬華區;文山區;南港區;內湖區;士林區;北投區,02-28918131,huma1110224@gmail.com,詹弘毅,20250101.0,20261231.0,20241104 18:55:37
松德長照事業有限公司附設臺北市私立松德居家長照機構,1V0100033,1,臺北市,大同區,臺北市大同區永樂里西寧北路112號2樓之4,121.5088577271,25.0561103821,B,居家服務,臺北市,中山區;大同區;萬華區,02-25557985,songde2021@gmail.com,黃松共,20240101.0,20261231.0,20231229 18:23:59
松德長照事業有限公司附設臺北市私立松德居家長照機構,1V0100033,1,臺北市,大同區,臺北市大同區永樂里西寧北路112號2樓之4,121.5088577271,25.0561103821,B,喘息服務,臺北市,松山區;信義區;大安區;中山區;中正區;大同區;萬華區;文山區;南港區;內湖區;士林區;北投區,02-25557985,songde2021@gmail.com,黃松共,20250101.0,20261231.0,20241122 10:38:13
臺北市私立和美居家長照機構,1X0100032,1,臺北市,北投區,臺北市北投區八仙里北投路一段59號2樓,121.5006790161,25.1259536743,B,居家服務,臺北市,士林區;北投區,02-28918131,huma1110224@gmail.com,詹弘毅,20250101.0,20261231.0,20250206 13:36:20
松德長照事業有限公司附設臺北市私立松德居家長照機構,1V0100033,1,臺北市,大同區,臺北市大同區永樂里西寧北路112號2樓之4,121.5088577271,25.0561103821,B,居家服務,臺北市,中山區;大同區;萬華區,02-25557985,songde2021@gmail.com,黃松共,20211126.0,20231231.0,20211130 16:45:18
寶珠職能治療所,B50100022,B5,臺北市,大安區,臺北市大安區通化街140巷17號2樓,121.553276062,25.0291194916,B,專業照護服務,臺北市,松山區;信義區;大安區;中山區;中正區;大同區;萬華區;文山區;南港區;內湖區;士林區;北投區,02-27329012,Baozhu5880@gmail.com,柯維喬,20240327.0,20241231.0,20240328 09:12:39
寶珠職能治療所,B50100022,B5,臺北市,大安區,臺北市大安區通化街140巷17號2樓,121.553276062,25.0291194916,B,專業照護服務(CC01),新北市,板橋區;三重區;中和區;永和區;新莊區;新店區;樹林區;鶯歌區;三峽區;淡水區;汐止區;瑞芳區;土城區;蘆洲區;五股區;泰山區;林口區;深坑區;石碇區;坪林區;三芝區;石門區;八里區;平溪區;雙溪區;貢寮區;金山區;萬里區;烏來區,02-27329012,Baozhu5880@gmail.com,柯維喬,20220101.0,20241231.0,20230802 17:19:14
寶珠職能治療所,B50100022,B5,臺北市,大安區,臺北市大安區通化街140巷17號2樓,121.553276062,25.0291194916,B,專業照護服務(CC01),桃園市,桃園區;中壢區;大溪區;楊梅區;蘆竹區;大園區;龜山區;八德區;龍潭區;平鎮區;新屋區;觀音區;復興區,02-27329012,Baozhu5880@gmail.com,柯維喬,20230201.0,20241231.0,20230802 17:19:14
寶珠職能治療所,B50100022,B5,臺北市,大安區,臺北市大安區通化街140巷17號2樓,121.553276062,25.0291194916,B,專業照護服務,桃園市,桃園區;中壢區;大溪區;楊梅區;蘆竹區;大園區;龜山區;八德區;龍潭區;平鎮區;新屋區;觀音區;復興區,02-27329012,Baozhu5880@gmail.com,柯維喬,20210503.0,20240105.0,20231229 15:57:01
寶珠職能治療所,B50100022,B5,臺北市,大安區,臺北市大安區通化街140巷17號2樓,121.553276062,25.0291194916,B,專業照護服務,臺北市,松山區;信義區;大安區;中山區;中正區;大同區;萬華區;文山區;南港區;內湖區;士林區;北投區,02-27329012,Baozhu5880@gmail.com,柯維喬,20250101.0,20261231.0,20241018 17:51:58
寶珠職能治療所,B50100022,B5,臺北市,大安區,臺北市大安區通化街140巷17號2樓,121.553276062,25.0291194916,B,專業照護服務,桃園市,桃園區;中壢區;大溪區;楊梅區;蘆竹區;大園區;龜山區;八德區;龍潭區;平鎮區;新屋區;觀音區;復興區,02-27329012,Baozhu5880@gmail.com,柯維喬,20231229.0,20251231.0,20231229 17:47:49
寶珠職能治療所,B50100022,B5,臺北市,大安區,臺北市大安區通化街140巷17號2樓,121.553276062,25.0291194916,B,專業照護服務(CC01),基隆市,中正區;七堵區;暖暖區;仁愛區;中山區;安樂區;信義區,02-27329012,Baozhu5880@gmail.com,柯維喬,20201114.0,20231113.0,20230802 17:19:14
寶珠職能治療所,B50100022,B5,臺北市,大安區,臺北市大安區通化街140巷17號2樓,121.553276062,25.0291194916,B,專業照護服務,新北市,板橋區;三重區;中和區;永和區;新莊區;新店區;樹林區;鶯歌區;三峽區;淡水區;汐止區;瑞芳區;土城區;蘆洲區;五股區;泰山區;林口區;深坑區;石碇區;坪林區;三芝區;石門區;八里區;平溪區;雙溪區;貢寮區;金山區;萬里區;烏來區,02-27329012,Baozhu5880@gmail.com,柯維喬,20220101.0,20241231.0,20220302 10:39:34
臺北市政府社會局委託社團法人中華民國士林靈糧堂社會福利協會經營管理臺北市瑞光社區長照機構,2R0100011,2,臺北市,內湖區,臺北市內湖區湖元里瑞光路162號2樓之1,121.5792617798,25.0734348297,B,小規模多機能服務,臺北市,松山區;信義區;大安區;中山區;中正區;大同區;萬華區;文山區;南港區;內湖區;士林區;北投區,0226575677,neihurg.dc@slsc.org.tw,劉群茂,20220111.0,20241231.0,20220112 15:14:59
臺北市政府社會局委託社團法人中華民國士林靈糧堂社會福利協會經營管理臺北市瑞光社區長照機構,2R0100011,2,臺北市,內湖區,臺北市內湖區湖元里瑞光路162號2樓之1,121.5792617798,25.0734348297,B,喘息服務,臺北市,松山區;信義區;大安區;中山區;中正區;大同區;萬華區;文山區;南港區;內湖區;士林區;北投區,0226575677,neihurg.dc@slsc.org.tw,劉群茂,20240306.0,20241231.0,20240306 14:52:32
辰信健康有限公司附設臺北市私立辰信居家長照機構,1V0100036,1,臺北市,大安區,臺北市大安區群英里四維路198巷30弄10號2樓,121.5458450317,25.0264434814,B,喘息服務,臺北市,松山區;信義區;大安區;中山區;中正區,02-2558-0208,cxin@elitexs.com.tw,簡裕宗,20220401.0,20241231.0,20221229 22:55:03
辰信健康有限公司附設臺北市私立辰信居家長照機構,1V0100036,1,臺北市,大安區,臺北市大安區群英里四維路198巷30弄10號2樓,121.5458450317,25.0264434814,B,居家服務,臺北市,松山區;信義區;大安區;中山區;中正區,02-2558-0208,cxin@elitexs.com.tw,簡裕宗,20220222.0,20231231.0,20220225 10:29:52
臺北市政府社會局委託社團法人中華民國士林靈糧堂社會福利協會經營管理臺北市瑞光社區長照機構,2R0100011,2,臺北市,內湖區,臺北市內湖區湖元里瑞光路162號2樓之1,121.5792617798,25.0734348297,B,喘息服務,臺北市,松山區;信義區;大安區;中山區;中正區;大同區;萬華區;文山區;南港區;內湖區;士林區;北投區,0226575677,neihurg.dc@slsc.org.tw,劉群茂,20250101.0,20261231.0,20250204 15:28:48
社團法人愛福家協會附設私立成功愛活樂園社區長照機構,2R0100012,2,臺北市,大安區,臺北市大安區群英里復興南路2段171巷26號及28號1樓,121.5449447632,25.0275154114,B,日間照顧服務,臺北市,松山區;信義區;大安區;中山區;中正區;大同區;萬華區;文山區;南港區;內湖區;士林區;北投區,2700-3696,rd08@ilive.org.tw,涂林德媛,20240101.0,20261231.0,20240102 14:52:23
社團法人愛福家協會附設私立成功愛活樂園社區長照機構,2R0100012,2,臺北市,大安區,臺北市大安區群英里復興南路2段171巷26號及28號1樓,121.5449447632,25.0275154114,B,日間照顧服務,臺北市,松山區;信義區;大安區;中山區;中正區;大同區;萬華區;文山區;南港區;內湖區;士林區;北投區,2700-3696,rd08@ilive.org.tw,涂林德媛,20220101.0,20231231.0,20220128 10:02:17
臺北市私立前瞻居家長照機構,1X0100030,1,臺北市,文山區,臺北市文山區興昌里辛亥路4段21巷10號9樓,121.5590286255,25.0087375641,B,喘息服務,臺北市,松山區;信義區;大安區;中山區;中正區;大同區;萬華區;文山區;南港區;內湖區;士林區;北投區,02-8931-2545,h89312545@gmail.com,楊邦媛,20210420.0,20241231.0,20221229 22:45:17
臺北市私立前瞻居家長照機構,1X0100030,1,臺北市,文山區,臺北市文山區興昌里辛亥路4段21巷10號9樓,121.5590286255,25.0087375641,B,居家服務,臺北市,松山區;信義區;大安區;中山區;中正區;大同區;萬華區;文山區;南港區;內湖區;士林區;北投區,02-8931-2545,h89312545@gmail.com,楊邦媛,20210310.0,20231231.0,20220104 19:12:50
臺北市私立前瞻居家長照機構,1X0100030,1,臺北市,文山區,臺北市文山區興昌里辛亥路4段21巷10號9樓,121.5590286255,25.0087375641,B,喘息服務,臺北市,松山區;信義區;大安區;中山區;中正區;大同區;萬華區;文山區;南港區;內湖區;士林區;北投區,02-8931-2545,h89312545@gmail.com,楊邦媛,20250101.0,20261231.0,20241122 15:24:13
臺北市私立永欣居家長照機構,1X0100031,1,臺北市,北投區,臺北市北投區豐年里中央北路二段371號1樓,121.4874572754,25.1382331848,A,個案管理服務,臺北市,北投區,2891-6364,yongxin6364@gmail.com,陳柏帆,20241223.0,20241231.0,20241220 18:21:11
臺北市私立永欣居家長照機構,1X0100031,1,臺北市,北投區,臺北市北投區豐年里中央北路二段371號1樓,121.4874572754,25.1382331848,B,居家服務,臺北市,中山區;中正區;大同區;萬華區;士林區;北投區,2891-6364,yongxin6364@gmail.com,陳柏帆,20240101.0,20261231.0,20231229 09:41:09
辰信健康有限公司附設臺北市私立辰信居家長照機構,1V0100036,1,臺北市,大安區,臺北市大安區群英里四維路198巷30弄10號2樓,121.5458450317,25.0264434814,B,居家服務,臺北市,松山區;信義區;大安區;中山區;中正區,02-2558-0208,cxin@elitexs.com.tw,簡裕宗,20240101.0,20261231.0,20231229 16:18:51
辰信健康有限公司附設臺北市私立辰信居家長照機構,1V0100036,1,臺北市,大安區,臺北市大安區群英里四維路198巷30弄10號2樓,121.5458450317,25.0264434814,B,喘息服務,臺北市,松山區;信義區;大安區;中山區;中正區,02-2558-0208,cxin@elitexs.com.tw,簡裕宗,20250101.0,20261231.0,20241104 17:07:52
渥康國際股份有限公司附設臺北市私立康禾社區長照機構,2R0100007,2,臺北市,松山區,臺北市松山區南京東路三段285號3樓,121.5458374023,25.0520076752,B,喘息服務,新北市,板橋區;三重區;中和區;永和區;新莊區;汐止區,77056178,khdaycare.service@gmail.com,林恩,20250101.0,20271231.0,20241223 14:49:44
社團法人中華長照協會附設臺北市私立永樂居家長照機構,1R0100029,1,臺北市,文山區,臺北市文山區羅斯福路六段134號2樓,121.5442276001,24.9992790222,B,居家服務,臺北市,松山區;信義區;大安區;中山區;中正區;大同區;萬華區;文山區,02-2930-6919,chxclc001@gmail.com,金國良,20240101.0,20261231.0,20231229 15:47:36
社團法人愛樂福關懷文創發展協會,BE0100078,BE,臺北市,松山區,臺北市松山區莊敬里撫遠街367巷4號,121.5661087036,25.0638008118,C,巷弄長照站,臺北市,松山區,0926623482,tyy59792000@gmail.com,王澤民,20210101.0,20211231.0,20210412 13:49:09
台北市文山區景慶社區發展協會,BF0100187,BF,臺北市,文山區,臺北市文山區景慶里景福街126號,121.5359573364,24.9958152771,C,巷弄長照站,臺北市,文山區,02-25183311分機310,a313747@gmail.com,馬紹俊,20210101.0,20211231.0,20210409 15:21:07
財團法人台北市聖佳蘭先開懷社會福利慈善基金會,BD0100075,BD,臺北市,士林區,臺北市士林區陽明里建業路73巷10 號,,,C,巷弄長照站,臺北市,士林區,02-28614057,sylg.533@gmail.com,黃翠芳,20210101.0,20211231.0,20210407 12:00:02
財團法人台北市私立永年社會福利慈善基金會,BD0100077,BD,臺北市,松山區,臺北市松山區復勢里光復北路80巷1號1樓,,,C,巷弄長照站,臺北市,松山區,02-2578-6677#2232,socialwork@pojengh.com.tw,王建哲,20210101.0,20211231.0,20210412 13:51:26
松德長照事業有限公司附設臺北市私立松德居家長照機構,1V0100033,1,臺北市,大同區,臺北市大同區永樂里西寧北路112號2樓之4,121.5088577271,25.0561103821,B,喘息服務,臺北市,松山區;信義區;大安區;中山區;中正區;大同區;萬華區;文山區;南港區;內湖區;士林區;北投區,02-25557985,songde2021@gmail.com,黃松共,20220412.0,20241231.0,20221229 21:23:58
寶珠職能治療所,B50100022,B5,臺北市,大安區,臺北市大安區通化街140巷17號2樓,121.553276062,25.0291194916,B,專業照護服務(CC01),桃園市,桃園區;中壢區;大溪區;楊梅區;蘆竹區;大園區;龜山區;八德區;龍潭區;平鎮區;新屋區;觀音區;復興區,02-27329012,Baozhu5880@gmail.com,柯維喬,20231229.0,20251231.0,20240306 16:15:23
寶珠職能治療所,B50100022,B5,臺北市,大安區,臺北市大安區通化街140巷17號2樓,121.553276062,25.0291194916,B,專業照護服務,新北市,板橋區;三重區;中和區;永和區;新莊區;新店區;樹林區;鶯歌區;三峽區;淡水區;汐止區;瑞芳區;土城區;蘆洲區;五股區;泰山區;林口區;深坑區;石碇區;坪林區;三芝區;石門區;八里區;平溪區;雙溪區;貢寮區;金山區;萬里區;烏來區,02-27329012,Baozhu5880@gmail.com,柯維喬,20250101.0,20271231.0,20241224 10:48:48
寶珠職能治療所,B50100022,B5,臺北市,大安區,臺北市大安區通化街140巷17號2樓,121.553276062,25.0291194916,B,專業照護服務(CC01),新北市,板橋區;三重區;中和區;永和區;新莊區;新店區;樹林區;鶯歌區;三峽區;淡水區;汐止區;瑞芳區;土城區;蘆洲區;五股區;泰山區;林口區;深坑區;石碇區;坪林區;三芝區;石門區;八里區;平溪區;雙溪區;貢寮區;金山區;萬里區;烏來區,02-27329012,Baozhu5880@gmail.com,柯維喬,20250101.0,20271231.0,20241224 10:50:45
臺北市私立傑緣居家長照機構,1X0100034,1,臺北市,北投區,臺北市北投區中庸里大同街210號1樓,121.4992980957,25.1385192871,B,居家服務,臺北市,大同區;士林區;北投區,0930069930,jyuancare11249@gmail.com,劉宇傑,20220224.0,20231231.0,20220225 17:09:48
臺北市私立前瞻居家長照機構,1X0100030,1,臺北市,文山區,臺北市文山區興昌里辛亥路4段21巷10號9樓,121.5590286255,25.0087375641,B,居家服務,臺北市,松山區;信義區;大安區;中山區;中正區;大同區;萬華區;文山區;南港區;內湖區;士林區;北投區,02-8931-2545,h89312545@gmail.com,楊邦媛,20240101.0,20261231.0,20250205 10:17:14
社團法人中華民國香柏樹長者社區關懷協會,BE0100073,BE,臺北市,內湖區,臺北市內湖區東湖里康樂街110巷16弄20號5樓,121.6183853149,25.0703735352,B,營養餐飲服務,臺北市,內湖區,(02)6325560,nhsc.knjc@gmail.com,黃哲人,20200101.0,20201231.0,20210316 11:51:39
臺北市文山區興旺社區發展協會,BF0100191,BF,臺北市,文山區,臺北市文山區興旺里福興路27號,121.5511627197,25.0028038025,C,巷弄長照站,臺北市,文山區,0936048808,junghuiliao@gmail.com,陳忠榮,20210101.0,20211231.0,20210409 16:16:31
社團法人國際奔享體驗教育發展協會(吉利真光),BF0100199,BF,臺北市,北投區,臺北市北投區吉利里石牌路一段39巷80弄41號1樓,121.5109405518,25.1159381866,C,巷弄長照站,臺北市,北投區,02-28288884,gieeda.gieeda@gmail.com,曾美蘭,20210101.0,20211231.0,20210412 10:28:20
臺北市士林區葫東里辦公處,BF0100193,BF,臺北市,士林區,臺北市士林區葫東里中正路589號1樓,121.5107269287,25.086648941,C,巷弄長照站,臺北市,士林區,0933-716-265,daisykuo@hotmail.com,郭淑玲,20210101.0,20211231.0,20210407 13:37:17
臺北市北投區我愛石牌社區發展協會,BF0100204,BF,臺北市,北投區,臺北市北投區石牌里建民路116巷13 號,121.5178756714,25.1098480225,C,巷弄長照站,臺北市,北投區,0928-228-369,lv228369@me.com,吳明益,20210101.0,20211231.0,20210412 10:25:49
財團法人臺北市松年長春社會福利基金會(中山),BD0100081,BD,臺北市,中山區,臺北市中山區行仁里龍江路318巷7號1樓,121.5404205322,25.0648403168,C,巷弄長照站,臺北市,中山區,02-2500-0206,pine004@twdc.org.tw,黃春生,20210101.0,20211231.0,20210408 16:23:16
臺北市大安區永康里辦公處,BF0100212,BF,臺北市,大安區,臺北市大安區永康里金華街199巷3弄6號1樓,121.5284194946,25.0305614471,C,巷弄長照站,臺北市,大安區,0931234954,yongkangvillage@gmail.com,李明螢,20210101.0,20211231.0,20210407 15:19:39
臺北市大安區法治里辦公處,BF0100223,BF,臺北市,大安區,臺北市大安區法治里通化街192號,121.5529251099,25.0261707306,C,巷弄長照站,臺北市,大安區,0980403536,michellelin0207@yahoo.com.tw,林佩燕,20210101.0,20211231.0,20210407 11:34:46
臺北市政府社會局委託社團法人中華民國士林靈糧堂社會福利協會經營管理臺北市瑞光社區長照機構,2R0100011,2,臺北市,內湖區,臺北市內湖區湖元里瑞光路162號2樓之1,121.5792617798,25.0734348297,B,小規模多機能服務,臺北市,松山區;信義區;大安區;中山區;中正區;大同區;萬華區;文山區;南港區;內湖區;士林區;北投區,0226575677,neihurg.dc@slsc.org.tw,劉群茂,20250101.0,20261231.0,20250204 15:55:43
臺北市私立傑緣居家長照機構,1X0100034,1,臺北市,北投區,臺北市北投區中庸里大同街210號1樓,121.4992980957,25.1385192871,B,居家服務,臺北市,大同區;士林區;北投區,0930069930,jyuancare11249@gmail.com,劉宇傑,20240101.0,20261231.0,20231229 09:45:20
財團法人台北市北投文化基金會,BD0100079,BD,臺北市,北投區,臺北市北投區林泉里中山路5-12號,121.5096054077,25.1380062103,C,巷弄長照站,臺北市,北投區,02-28917453,smiler826@gmail.com,詹儒宗,20210101.0,20211231.0,20210412 10:51:21
社團法人臺北市中山區大直社區發展協會(大直一),BE0100081,BE,臺北市,內湖區,臺北市內湖區寶湖里民權東路六段208號,121.5966949463,25.0676364899,C,巷弄長照站,臺北市,中山區,0931-302823,bl-yuhsin@mail.taipei.gov.tw,宋羅蘭,20210101.0,20211231.0,20210408 16:09:29
臺北市中正區新營里辦公處,BF0100218,BF,臺北市,中正區,臺北市中正區新營里寧波東街16巷4號1樓,121.5207138062,25.0323085785,C,巷弄長照站,臺北市,中正區,02-23214028,sophia.ja18@gmail.com,何國榮,20210101.0,20211231.0,20210408 17:27:30
粱耳鼻喉科診所,B20100104,B2,臺北市,士林區,臺北市士林區社正路12-1號,121.5093002319,25.0885505676,B,居家失能個案家庭醫師照護服務,臺北市,士林區,02-2816-8456,kimbo@doctorvoice.org,楊境森,20200712.0,20241231.0,20221230 21:48:30
粱耳鼻喉科診所,B20100104,B2,臺北市,士林區,臺北市士林區社正路12-1號,121.5093002319,25.0885505676,B,居家失能個案家庭醫師照護服務,臺北市,士林區,02-2816-8456,kimbo@doctorvoice.org,楊境森,20250101.0,20261231.0,20250204 16:06:29
臺北市士林區德行里里辦公處,BF0100195,BF,臺北市,士林區,臺北市士林區德行里德行西路30號1樓,121.5234832764,25.1054706573,C,巷弄長照站,臺北市,士林區,0939-931-903,majasmine519@gmail.com,張僡美,20210101.0,20211231.0,20210407 14:11:15
臺北市大安區錦華里辦公處 ,BF0100222,BF,臺北市,大安區,臺北市大安區錦泰里羅斯福路2段35巷19弄6號1樓,121.5230102539,25.0282535553,C,巷弄長照站,臺北市,大安區,02-23511711#8238,bi-s9091006@mail.taipei.gov.tw,溫美珠,20210101.0,20211231.0,20210407 15:55:11
一心健康事業股份有限公司附設臺北市私立繫心居家長照機構,1R0100031,1,臺北市,松山區,臺北市松山區吉仁里延吉街11號4樓之1（A室）,121.5536880493,25.0467262268,B,居家服務,臺北市,松山區;信義區;大安區;中山區;中正區;大同區;萬華區;文山區;南港區;內湖區;士林區;北投區,0955-082-062,gentlecare.ltc@gmail.com,黃淑華,20210505.0,20211231.0,20211230 14:37:58
一心健康事業股份有限公司附設臺北市私立繫心居家長照機構,1R0100031,1,臺北市,松山區,臺北市松山區吉仁里延吉街11號4樓之1（A室）,121.5536880493,25.0467262268,B,居家服務,臺北市,松山區;信義區;大安區;中山區;中正區;大同區;萬華區;南港區;內湖區;士林區;北投區,0955-082-062,gentlecare.ltc@gmail.com,黃淑華,20240101.0,20261231.0,20231229 11:00:17
一心健康事業股份有限公司附設臺北市私立繫心居家長照機構,1R0100031,1,臺北市,松山區,臺北市松山區吉仁里延吉街11號4樓之1（A室）,121.5536880493,25.0467262268,B,喘息服務,臺北市,松山區;信義區;大安區;中山區;中正區;大同區;萬華區;文山區;南港區;內湖區;士林區;北投區,0955-082-062,gentlecare.ltc@gmail.com,黃淑華,20250101.0,20261231.0,20241122 18:40:49
一心健康事業股份有限公司附設臺北市私立繫心居家長照機構,1R0100031,1,臺北市,松山區,臺北市松山區吉仁里延吉街11號4樓之1（A室）,121.5536880493,25.0467262268,B,居家服務,臺北市,松山區;信義區;大安區;中山區;中正區;大同區;萬華區;南港區;內湖區;士林區;北投區,0955-082-062,gentlecare.ltc@gmail.com,黃淑華,20220101.0,20231231.0,20211230 14:37:07
一心健康事業股份有限公司附設臺北市私立繫心居家長照機構,1R0100031,1,臺北市,松山區,臺北市松山區吉仁里延吉街11號4樓之1（A室）,121.5536880493,25.0467262268,B,喘息服務,臺北市,松山區;信義區;大安區;中山區;中正區;大同區;萬華區;文山區;南港區;內湖區;士林區;北投區,0955-082-062,gentlecare.ltc@gmail.com,黃淑華,20210623.0,20241231.0,20221229 22:46:08
鴻源長期照顧股份有限公司附設臺北市私立旭樂居家長照機構,1R0100033,1,臺北市,士林區,臺北市士林區承德里承德路四段80巷2號3樓,121.5229187012,25.0823059082,B,居家服務,臺北市,萬華區;士林區;北投區,28858000,P021158@alumni.cgust.edu.tw,杜彥甫,20211125.0,20231231.0,20211129 17:01:44
鴻源長期照顧股份有限公司附設臺北市私立旭樂居家長照機構,1R0100033,1,臺北市,士林區,臺北市士林區承德里承德路四段80巷2號3樓,121.5229187012,25.0823059082,B,居家服務,臺北市,萬華區;士林區;北投區,28858000,P021158@alumni.cgust.edu.tw,杜彥甫,20240101.0,20241231.0,20231229 18:02:22
鴻源長期照顧股份有限公司附設臺北市私立旭樂居家長照機構,1R0100033,1,臺北市,士林區,臺北市士林區承德里承德路四段80巷2號3樓,121.5229187012,25.0823059082,B,居家服務,新北市,板橋區;三重區;中和區;新莊區;淡水區;蘆洲區;五股區,28858000,P021158@alumni.cgust.edu.tw,杜彥甫,20250101.0,20271231.0,20241224 15:18:28
鴻源長期照顧股份有限公司附設臺北市私立旭樂居家長照機構,1R0100033,1,臺北市,士林區,臺北市士林區承德里承德路四段80巷2號3樓,121.5229187012,25.0823059082,B,喘息服務,新北市,板橋區;三重區;中和區;新莊區;淡水區;蘆洲區;五股區,28858000,P021158@alumni.cgust.edu.tw,杜彥甫,20250101.0,20271231.0,20241224 15:19:02
鴻源長期照顧股份有限公司附設臺北市私立旭樂居家長照機構,1R0100033,1,臺北市,士林區,臺北市士林區承德里承德路四段80巷2號3樓,121.5229187012,25.0823059082,B,居家服務,臺北市,松山區;大同區;萬華區;內湖區;士林區;北投區,28858000,P021158@alumni.cgust.edu.tw,杜彥甫,20241111.0,20261231.0,20241112 18:51:26
鴻源長期照顧股份有限公司附設臺北市私立旭樂居家長照機構,1R0100033,1,臺北市,士林區,臺北市士林區承德里承德路四段80巷2號3樓,121.5229187012,25.0823059082,B,喘息服務,臺北市,松山區;信義區;大安區;中山區;中正區;大同區;萬華區;文山區;南港區;內湖區;士林區;北投區,28858000,P021158@alumni.cgust.edu.tw,杜彥甫,20210831.0,20241231.0,20221230 20:29:35
鴻源長期照顧股份有限公司附設臺北市私立旭樂居家長照機構,1R0100033,1,臺北市,士林區,臺北市士林區承德里承德路四段80巷2號3樓,121.5229187012,25.0823059082,B,喘息服務,臺北市,松山區;信義區;大安區;中山區;中正區;大同區;萬華區;文山區;南港區;內湖區;士林區;北投區,28858000,P021158@alumni.cgust.edu.tw,杜彥甫,20250101.0,20261231.0,20241115 17:26:34
有限責任臺北市全國照服員勞動合作社附設臺北市私立全方位居家長照機構,1R0100035,1,臺北市,萬華區,臺北市萬華區青年路106巷9號,121.5021286011,25.0226593018,B,居家服務,臺北市,中正區;大同區;萬華區,23033909,a88119480@gmail.com,李宗玟,20211202.0,20231231.0,20211207 12:30:40
有限責任臺北市全國照服員勞動合作社附設臺北市私立全方位居家長照機構,1R0100035,1,臺北市,萬華區,臺北市萬華區青年路106巷9號,121.5021286011,25.0226593018,B,居家服務,臺北市,中正區;大同區;萬華區,23033909,a88119480@gmail.com,李宗玟,20240101.0,20241016.0,20241014 11:56:04
東和居家有限公司附設臺北市私立東正居家長照機構,1R0100039,1,臺北市,文山區,臺北市文山區景文街42號3樓305室,121.541229248,24.9917163849,B,喘息服務,臺北市,松山區;信義區;大安區;中山區;中正區;大同區;萬華區;文山區;南港區;內湖區;士林區;北投區,0908650417,donchenjujia@gmail.com,林溦,20221128.0,20241231.0,20221229 22:37:54
東和居家有限公司附設臺北市私立東正居家長照機構,1R0100039,1,臺北市,文山區,臺北市文山區景文街42號3樓305室,121.541229248,24.9917163849,B,居家服務,臺北市,大安區;中正區;文山區,0908650417,donchenjujia@gmail.com,林溦,20220606.0,20231231.0,20220608 17:37:26
光明診所,B20100108,B2,臺北市,北投區,臺北市北投區石牌路二段99巷55號1樓,121.5168075562,25.1183280945,B,居家失能個案家庭醫師照護服務,臺北市,松山區;中山區;大同區;萬華區;內湖區;士林區;北投區,02-28210197,kuang_c@hotmail.com,張光明,20210101.0,20241231.0,20240305 15:44:13
光明診所,B20100108,B2,臺北市,北投區,臺北市北投區石牌路二段99巷55號1樓,121.5168075562,25.1183280945,B,居家失能個案家庭醫師照護服務,臺北市,松山區;中山區;大同區;萬華區;內湖區;士林區;北投區,02-28210197,kuang_c@hotmail.com,張光明,20250101.0,20261231.0,20250204 16:20:51
財團法人私立廣恩老人養護中心附設臺北市私立松山健康社區長照機構,2S0100023,2,臺北市,松山區,臺北市松山區健康路225巷11號1樓,121.5622634888,25.0545349121,B,小規模多機能服務,臺北市,松山區;信義區;大安區;中山區;中正區;大同區;萬華區;文山區;南港區;內湖區;士林區;北投區,27568777,gndc_ss@guannenn.org.tw,林偉峰,20240101.0,20241231.0,20250204 15:49:56
(新北)吉盛交通股份有限公司,BA0100028,BA,臺北市,北投區,臺北市北投區育仁路155之1號2樓,121.5006484985,25.1367702484,B,交通接送服務(DA01),新北市,板橋區;三重區;中和區;永和區;新莊區;新店區;樹林區;鶯歌區;三峽區;淡水區;汐止區;土城區;蘆洲區;五股區;泰山區;林口區;八里區,02-28280333,sammi@sharecar.tw,吳大鴻,20250101.0,20271231.0,20250109 15:58:33
財團法人私立廣恩老人養護中心附設臺北市私立松山健康社區長照機構,2S0100023,2,臺北市,松山區,臺北市松山區健康路225巷11號1樓,121.5622634888,25.0545349121,B,喘息服務,臺北市,松山區;信義區;大安區;中山區;中正區;大同區;萬華區;文山區;南港區;內湖區;士林區;北投區,27568777,gndc_ss@guannenn.org.tw,林偉峰,20211018.0,20241231.0,20221229 23:05:26
財團法人私立廣恩老人養護中心附設臺北市私立松山健康社區長照機構,2S0100023,2,臺北市,松山區,臺北市松山區健康路225巷11號1樓,121.5622634888,25.0545349121,B,小規模多機能服務,臺北市,松山區;信義區;大安區;中山區;中正區;大同區;萬華區;文山區;南港區;內湖區;士林區;北投區,27568777,gndc_ss@guannenn.org.tw,林偉峰,20250101.0,20261231.0,20250204 15:48:40
長安健照事業股份有限公司附設臺北市私立長安健照事業居家長照機構,1V0100037,1,臺北市,中正區,臺北市中正區梅花里忠孝東路1段35號10樓D室,121.5255355835,25.0444889069,B,居家服務,臺北市,松山區;信義區;大安區;中山區;中正區;大同區;萬華區;南港區;士林區;北投區,02-25810519,changancare@gmail.com,戴妤庭,20240101.0,20261231.0,20231229 09:48:17
傳家寶國際青銀教育有限公司私立傳家寶居家長照機構,1V0100034,1,臺北市,中山區,臺北市中山區中吉里松江路124巷23號5樓,121.5164108276,25.0627498627,B,居家服務,臺北市,松山區;中山區;大同區,02-2557-0968,service@cjb.com.tw,趙文瑜,20211220.0,20231231.0,20220104 16:00:34
(新北)吉盛交通股份有限公司,BA0100028,BA,臺北市,北投區,臺北市北投區育仁路155之1號2樓,121.5006484985,25.1367702484,B,社區式交通接送服務(BD03),新北市,板橋區;三重區;中和區;永和區;新莊區,02-28280333,sammi@sharecar.tw,吳大鴻,20250101.0,20271231.0,20250109 15:58:57
長安健照事業股份有限公司附設臺北市私立長安健照事業居家長照機構,1V0100037,1,臺北市,中正區,臺北市中正區梅花里忠孝東路1段35號10樓D室,121.5255355835,25.0444889069,B,喘息服務,臺北市,松山區;信義區;大安區;中山區;中正區;大同區;萬華區;南港區;士林區;北投區,02-25810519,changancare@gmail.com,戴妤庭,20221014.0,20241231.0,20221229 22:16:16
長安健照事業股份有限公司附設臺北市私立長安健照事業居家長照機構,1V0100037,1,臺北市,中正區,臺北市中正區梅花里忠孝東路1段35號10樓D室,121.5255355835,25.0444889069,B,喘息服務,臺北市,松山區;信義區;大安區;中山區;中正區;大同區;萬華區;南港區;士林區;北投區,02-25810519,changancare@gmail.com,戴妤庭,20250101.0,20261231.0,20241104 17:32:16
財團法人私立廣恩老人養護中心附設臺北市私立松山健康社區長照機構,2S0100023,2,臺北市,松山區,臺北市松山區健康路225巷11號1樓,121.5622634888,25.0545349121,B,喘息服務,臺北市,松山區;信義區;大安區;中山區;中正區;大同區;萬華區;文山區;南港區;內湖區;士林區;北投區,27568777,gndc_ss@guannenn.org.tw,林偉峰,20250101.0,20261231.0,20241030 18:55:40
傳家寶國際青銀教育有限公司私立傳家寶居家長照機構,1V0100034,1,臺北市,中山區,臺北市中山區中吉里松江路124巷23號5樓,121.5164108276,25.0627498627,B,居家服務,臺北市,松山區;中山區;大同區,02-2557-0968,service@cjb.com.tw,趙文瑜,20240101.0,20261231.0,20231229 18:21:32
傳家寶國際青銀教育有限公司私立傳家寶居家長照機構,1V0100034,1,臺北市,中山區,臺北市中山區中吉里松江路124巷23號5樓,121.5164108276,25.0627498627,B,喘息服務,臺北市,松山區;信義區;大安區;中山區;中正區;大同區;萬華區;文山區;南港區;內湖區;士林區;北投區,02-2557-0968,service@cjb.com.tw,趙文瑜,20241015.0,20261231.0,20241016 09:53:22
力麗長青長照社團法人附設台北市私立樂活社區長照機構,2R0100008,2,臺北市,萬華區,臺北市萬華區環河南路2段278號1樓,121.4911727905,25.0323638916,B,日間照顧服務,臺北市,松山區;信義區;大安區;中山區;中正區;大同區;萬華區;文山區;南港區;內湖區;士林區;北投區,21001688,rita1126@regiant.com.tw,郭濟安,20211201.0,20231231.0,20211230 10:17:57
東和居家有限公司附設臺北市私立東和居家長照機構,1R0100038,1,臺北市,松山區,臺北市松山區南京東路四段170號4樓之1,121.5568161011,25.0513687134,B,喘息服務,臺北市,松山區;信義區;大安區;中山區;中正區;大同區;萬華區;文山區;南港區;內湖區;士林區;北投區,02-6605-0630,rubie1218@yahoo.com.tw,林溦,20220628.0,20241231.0,20221229 22:39:01
東和居家有限公司附設臺北市私立東和居家長照機構,1R0100038,1,臺北市,松山區,臺北市松山區南京東路四段170號4樓之1,121.5568161011,25.0513687134,B,居家服務,臺北市,松山區;信義區;大安區;中山區;中正區;大同區;萬華區;文山區;南港區;內湖區;士林區;北投區,02-6605-0630,rubie1218@yahoo.com.tw,林溦,20220218.0,20231231.0,20230206 10:45:26
力麗長青長照社團法人附設台北市私立樂活社區長照機構,2R0100008,2,臺北市,萬華區,臺北市萬華區環河南路2段278號1樓,121.4911727905,25.0323638916,B,日間照顧服務,臺北市,松山區;信義區;大安區;中山區;中正區;大同區;萬華區;文山區;南港區;內湖區;士林區;北投區,21001688,rita1126@regiant.com.tw,郭濟安,20240101.0,20261231.0,20240102 10:59:33
東和居家有限公司附設臺北市私立東和居家長照機構,1R0100038,1,臺北市,松山區,臺北市松山區南京東路四段170號4樓之1,121.5568161011,25.0513687134,B,居家服務,臺北市,松山區;信義區;大安區;中山區;中正區;大同區;萬華區;文山區;南港區;內湖區;士林區;北投區,02-6605-0630,rubie1218@yahoo.com.tw,林溦,20240101.0,20261231.0,20231229 11:07:37
東和居家有限公司附設臺北市私立東正居家長照機構,1R0100039,1,臺北市,文山區,臺北市文山區景文街42號3樓305室,121.541229248,24.9917163849,B,居家服務,臺北市,大安區;中正區;文山區,0908650417,donchenjujia@gmail.com,林溦,20240101.0,20261231.0,20231229 16:12:02
東和居家有限公司附設臺北市私立東正居家長照機構,1R0100039,1,臺北市,文山區,臺北市文山區景文街42號3樓305室,121.541229248,24.9917163849,B,喘息服務,臺北市,松山區;信義區;大安區;中山區;中正區;大同區;萬華區;文山區;南港區;內湖區;士林區;北投區,0908650417,donchenjujia@gmail.com,林溦,20250101.0,20261231.0,20241122 11:01:43
東和居家有限公司附設臺北市私立東和居家長照機構,1R0100038,1,臺北市,松山區,臺北市松山區南京東路四段170號4樓之1,121.5568161011,25.0513687134,B,喘息服務,臺北市,松山區;信義區;大安區;中山區;中正區;大同區;萬華區;文山區;南港區;內湖區;士林區;北投區,02-6605-0630,rubie1218@yahoo.com.tw,林溦,20250101.0,20261231.0,20241030 20:50:09
欣然銀髮發展服務事業股份有限公司私立欣然社區長照機構,4V0100001,4,臺北市,大同區,臺北市大同區星明里寧夏路32號4樓,121.5151672363,25.055978775,B,日間照顧服務,臺北市,松山區;信義區;大安區;中山區;中正區;大同區;萬華區;文山區;南港區;內湖區;士林區;北投區,2550-3500,xr85099741@gmail.com,吳紹涵,20220407.0,20231231.0,20220606 11:11:22
欣然銀髮發展服務事業股份有限公司私立欣然社區長照機構,4V0100001,4,臺北市,大同區,臺北市大同區星明里寧夏路32號4樓,121.5151672363,25.055978775,B,日間照顧服務,臺北市,松山區;信義區;大安區;中山區;中正區;大同區;萬華區;文山區;南港區;內湖區;士林區;北投區,2550-3500,xr85099741@gmail.com,吳紹涵,20240101.0,20261231.0,20240102 11:21:21
適健復健科診所,B20100107,B2,臺北市,大安區,臺北市大安區忠孝東路四段166號8樓,121.5504989624,25.0412807465,B,居家失能個案家庭醫師照護服務,臺北市,信義區;大安區;中正區,02-8771-7039,cj41668@gmail.com.tw,陳昭蓉,20220101.0,20241231.0,20240305 15:28:27
適健復健科診所,B20100107,B2,臺北市,大安區,臺北市大安區忠孝東路四段166號8樓,121.5504989624,25.0412807465,B,專業照護服務,臺北市,松山區;信義區;大安區;中山區;中正區;大同區;萬華區;文山區;南港區;內湖區;士林區;北投區,02-8771-7039,cj41668@gmail.com.tw,陳昭蓉,20250101.0,20261231.0,20241105 18:45:31
適健復健科診所,B20100107,B2,臺北市,大安區,臺北市大安區忠孝東路四段166號8樓,121.5504989624,25.0412807465,B,居家失能個案家庭醫師照護服務,臺北市,信義區;大安區;中正區,02-8771-7039,cj41668@gmail.com.tw,陳昭蓉,20250101.0,20261231.0,20241105 18:53:47
凱風長照股份有限公司附設臺北市私立凱風民權社區長照機構,2R0100013,2,臺北市,中山區,臺北市中山區民權東路三段21號2樓之1及之2,121.5416946411,25.0625572205,B,日間照顧服務,臺北市,松山區;信義區;大安區;中山區;中正區;大同區;萬華區;文山區;南港區;內湖區;士林區;北投區,02-2508-0810,dc001@kfcare.com.tw,郭家展,20240101.0,20261231.0,20240104 16:02:07
崇仁長照股份有限公司私立元泰社區長照機構,2V0100002,2,臺北市,士林區,臺北市士林區中山北路5段685號2樓,121.5273132324,25.0970954895,B,日間照顧服務,臺北市,松山區;信義區;大安區;中山區;中正區;大同區;萬華區;文山區;南港區;內湖區;士林區;北投區,28322779,crczyt@gmail.com,楊學慧,20220211.0,20241231.0,20221229 23:02:04
益巨股份有限公司附設臺北市私立崇仁社區長照機構,2V0100004,2,臺北市,萬華區,臺北市萬華區青年路152巷28號1樓,121.5012207031,25.0206241608,B,喘息服務,臺北市,松山區;信義區;大安區;中山區;中正區;大同區;萬華區;文山區;南港區;內湖區;士林區;北投區,23090193,dc.chongren@rghealth.com.tw,陳威男,20230531.0,20241231.0,20230601 10:25:10
凱風長照股份有限公司附設臺北市私立凱風民權社區長照機構,2R0100013,2,臺北市,中山區,臺北市中山區民權東路三段21號2樓之1及之2,121.5416946411,25.0625572205,B,喘息服務,臺北市,松山區;信義區;大安區;中山區;中正區;大同區;萬華區;文山區;南港區;內湖區;士林區;北投區,02-2508-0810,dc001@kfcare.com.tw,郭家展,20220509.0,20241231.0,20221229 22:29:36
崇仁長照股份有限公司私立元泰社區長照機構,2V0100002,2,臺北市,士林區,臺北市士林區中山北路5段685號2樓,121.5273132324,25.0970954895,B,喘息服務,臺北市,松山區;信義區;大安區;中山區;中正區;大同區;萬華區;文山區;南港區;內湖區;士林區;北投區,28322779,crczyt@gmail.com,楊學慧,20250101.0,20261231.0,20250204 09:22:59
力麗長青長照社團法人附設台北市私立長青居家長照機構,1J0100002,1,臺北市,萬華區,臺北市萬華區雙園里臺北市萬華區環河南路二段278之1號1樓,121.4979705811,25.0322799683,B,居家服務,臺北市,中正區;大同區;萬華區,02-2308-2996,nw7193@leagreen.com.tw,郭濟安,20220531.0,20231231.0,20220531 15:08:18
凱風長照股份有限公司附設臺北市私立凱風民權社區長照機構,2R0100013,2,臺北市,中山區,臺北市中山區民權東路三段21號2樓之1及之2,121.5416946411,25.0625572205,B,日間照顧服務,臺北市,松山區;信義區;大安區;中山區;中正區;大同區;萬華區;文山區;南港區;內湖區;士林區;北投區,02-2508-0810,dc001@kfcare.com.tw,郭家展,20240101.0,20261231.0,20240104 16:02:07
欣然銀髮發展服務事業股份有限公司私立欣然社區長照機構,4V0100001,4,臺北市,大同區,臺北市大同區星明里寧夏路32號4樓,121.5151672363,25.055978775,B,喘息服務,臺北市,松山區;信義區;大安區;中山區;中正區;大同區;萬華區;文山區;南港區;內湖區;士林區;北投區,2550-3500,xr85099741@gmail.com,吳紹涵,20250512.0,20261231.0,20250512 14:05:14
力麗長青長照社團法人附設台北市私立長青居家長照機構,1J0100002,1,臺北市,萬華區,臺北市萬華區雙園里臺北市萬華區環河南路二段278之1號1樓,121.4979705811,25.0322799683,B,居家服務,臺北市,中正區;大同區;萬華區,02-2308-2996,nw7193@leagreen.com.tw,郭濟安,20240101.0,20261231.0,20231229 17:00:13
凱風長照股份有限公司附設臺北市私立凱風民權社區長照機構,2R0100013,2,臺北市,中山區,臺北市中山區民權東路三段21號2樓之1及之2,121.5416946411,25.0625572205,B,喘息服務,臺北市,松山區;信義區;大安區;中山區;中正區;大同區;萬華區;文山區;南港區;內湖區;士林區;北投區,02-2508-0810,dc001@kfcare.com.tw,郭家展,20250101.0,20261231.0,20250204 15:15:39
崇仁長照股份有限公司私立元泰社區長照機構,2V0100002,2,臺北市,士林區,臺北市士林區中山北路5段685號2樓,121.5273132324,25.0970954895,B,日間照顧服務,臺北市,松山區;信義區;大安區;中山區;中正區;大同區;萬華區;文山區;南港區;內湖區;士林區;北投區,28322779,crczyt@gmail.com,楊學慧,20240101.0,20261231.0,20240102 11:40:06
崇仁長照股份有限公司私立元泰社區長照機構,2V0100002,2,臺北市,士林區,臺北市士林區中山北路5段685號2樓,121.5273132324,25.0970954895,B,喘息服務,臺北市,松山區;信義區;大安區;中山區;中正區;大同區;萬華區;文山區;南港區;內湖區;士林區;北投區,28322779,crczyt@gmail.com,楊學慧,20220211.0,20241231.0,20221229 23:02:04
長安健照事業股份有限公司附設臺北市私立長安健照事業居家長照機構,1V0100037,1,臺北市,中正區,臺北市中正區梅花里忠孝東路1段35號10樓D室,121.5255355835,25.0444889069,B,居家服務,臺北市,松山區;信義區;大安區;中山區;中正區;大同區;萬華區;南港區;士林區;北投區,02-25810519,changancare@gmail.com,戴妤庭,20220905.0,20231231.0,20220905 10:24:10
育和有限公司附設臺北市私立育和居家長照機構,1R0100040,1,臺北市,大同區,臺北市大同區寧夏路23-1號2樓202室,121.5151367188,25.0551662445,B,居家服務,臺北市,大安區;中山區;中正區;大同區;萬華區,0918-026-709,yuhe829@gmail.com,陳彥凱,20250101.0,20261231.0,20250205 11:50:34
財團法人台灣基督教福利會,BD0100088,BD,臺北市,中正區,臺北市中正區杭州南路1段101巷28-4號2樓,121.5271224976,25.0373401642,B,營養餐飲服務,宜蘭縣,蘇澳鎮,02-23940297,1954tcsevrvice@gmail.com,劉仁海,20220401.0,20221231.0,20220329 16:38:05
社團法人台灣比較刑法學會附設臺北市私立誠實居家長照機構,1R0100041,1,臺北市,中正區,臺北市中正區黎明里重慶南路3段42之3號2樓,121.5133514404,25.044670105,B,居家服務,臺北市,松山區;中山區;中正區;士林區;北投區,02-77515512,tsocclserver@gmail.com,李金定,20240101.0,20241231.0,20231229 09:49:29
社團法人台灣比較刑法學會附設臺北市私立誠實居家長照機構,1R0100041,1,臺北市,中正區,臺北市中正區黎明里重慶南路3段42之3號2樓,121.5133514404,25.044670105,B,居家服務,臺北市,松山區;中山區;中正區;士林區;北投區,02-77515512,tsocclserver@gmail.com,李金定,20220525.0,20231231.0,20220526 14:30:32
玨心為爾股份有限公司附設臺北市私立六十三社區長照機構,2V0100003,2,臺北市,大安區,臺北市大安區仁慈里信義路4段63號3樓,121.5455169678,25.0337734222,B,日間照顧服務,臺北市,松山區;信義區;大安區;中山區;中正區;大同區;萬華區;文山區;南港區;內湖區;士林區;北投區,2325-0630,ella0728kao@gmail.com,林桂惠,20240101.0,20261231.0,20240102 14:57:40
社團法人台灣比較刑法學會附設臺北市私立誠實居家長照機構,1R0100041,1,臺北市,中正區,臺北市中正區黎明里重慶南路3段42之3號2樓,121.5133514404,25.044670105,B,喘息服務,臺北市,松山區;中山區;中正區;士林區;北投區,02-77515512,tsocclserver@gmail.com,李金定,20220617.0,20241231.0,20221229 20:50:00
博珍服務事業股份有限公司附設臺北市私立博珍居家長照機構,1V0100038,1,臺北市,中正區,臺北市中正區黎明里忠孝西路1段45號7樓之6,121.5179367065,25.0462818146,B,居家服務,臺北市,大安區;中山區;中正區,(02)23889028,bojen.homecare@gmail.com,黃玉婷,20250101.0,20261231.0,20241204 17:23:15
財團法人伊甸社會福利基金會,BD0100087,BD,臺北市,文山區,臺北市文山區萬芳里文山區萬美街一段55號3樓,121.5681152344,25.0023422241,B,交通接送服務(DA01),嘉義縣,大林鎮;民雄鄉;竹崎鄉;梅山鄉;阿里山鄉,05-2622631,edenC0619@eden.org.tw,羅紀琼,20220401.0,20251231.0,20240201 13:54:56
凱風長照股份有限公司附設臺北市私立凱風大直社區長照機構,2N0100002,2,臺北市,中山區,臺北市中山區樂群三路56號5樓之2,121.5528335571,25.0824737549,B,喘息服務,臺北市,松山區;信義區;大安區;中山區;中正區;大同區;萬華區;文山區;南港區;內湖區;士林區;北投區,02-8501-1716,dc002@kfcare.com.tw,郭家展,20220520.0,20241231.0,20221229 22:29:00
暉宇有限公司附設臺北市私立星雲祥家社區長照機構,2R0100014,2,臺北市,內湖區,臺北市內湖區清白里星雲街161巷3號3樓,121.5966033936,25.0811862946,B,喘息服務,臺北市,松山區;信義區;大安區;中山區;中正區;大同區;萬華區;文山區;南港區;內湖區;士林區;北投區,(02)2790-0898,Huiyu20201208@gmail.com,楊雋宇,20250101.0,20261231.0,20250204 15:32:22
圓石實業股份有限公司附設臺北市私立大同圓石社區長照機構,2V0100005,2,臺北市,大同區,臺北市大同區永樂里延平北路2段96號3樓,121.5112609863,25.056596756,B,小規模多機能服務,臺北市,松山區;信義區;大安區;中山區;中正區;大同區;萬華區;文山區;南港區;內湖區;士林區;北投區,25583800,winniehou.tw@gmail.com,侯克瀛,20250101.0,20261231.0,20250204 15:51:13
玨心為爾股份有限公司附設臺北市私立六十三社區長照機構,2V0100003,2,臺北市,大安區,臺北市大安區仁慈里信義路4段63號3樓,121.5455169678,25.0337734222,B,日間照顧服務,臺北市,松山區;信義區;大安區;中山區;中正區;大同區;萬華區;文山區;南港區;內湖區;士林區;北投區,2325-0630,ella0728kao@gmail.com,林桂惠,20220504.0,20231231.0,20220510 17:13:09
博珍服務事業股份有限公司附設臺北市私立博珍居家長照機構,1V0100038,1,臺北市,中正區,臺北市中正區黎明里忠孝西路1段45號7樓之6,121.5179367065,25.0462818146,B,居家服務,臺北市,大安區;中山區;中正區,(02)23889028,bojen.homecare@gmail.com,黃玉婷,20240101.0,20241231.0,20231229 09:46:53
凱風長照股份有限公司附設臺北市私立凱風大直社區長照機構,2N0100002,2,臺北市,中山區,臺北市中山區樂群三路56號5樓之2,121.5528335571,25.0824737549,B,日間照顧服務,臺北市,松山區;信義區;大安區;中山區;中正區;大同區;萬華區;文山區;南港區;內湖區;士林區;北投區,02-8501-1716,dc002@kfcare.com.tw,郭家展,20240101.0,20261231.0,20240104 16:06:07
凱風長照股份有限公司附設臺北市私立凱風大直社區長照機構,2N0100002,2,臺北市,中山區,臺北市中山區樂群三路56號5樓之2,121.5528335571,25.0824737549,B,日間照顧服務,臺北市,松山區;信義區;大安區;中山區;中正區;大同區;萬華區;文山區;南港區;內湖區;士林區;北投區,02-8501-1716,dc002@kfcare.com.tw,郭家展,20240101.0,20261231.0,20240104 16:06:07
凱風長照股份有限公司附設臺北市私立凱風大直社區長照機構,2N0100002,2,臺北市,中山區,臺北市中山區樂群三路56號5樓之2,121.5528335571,25.0824737549,B,喘息服務,臺北市,松山區;信義區;大安區;中山區;中正區;大同區;萬華區;文山區;南港區;內湖區;士林區;北投區,02-8501-1716,dc002@kfcare.com.tw,郭家展,20250101.0,20261231.0,20250204 15:16:26
社團法人台灣比較刑法學會附設臺北市私立誠實居家長照機構,1R0100041,1,臺北市,中正區,臺北市中正區黎明里重慶南路3段42之3號2樓,121.5133514404,25.044670105,B,喘息服務,臺北市,松山區;中山區;中正區;士林區;北投區,02-77515512,tsocclserver@gmail.com,李金定,20250101.0,20261231.0,20241105 09:08:20
聖照股份有限公司附設臺北市私立邦寧居家長照機構,1R0100043,1,臺北市,信義區,臺北市信義區中興里信義路4段375號6樓之6,121.5577316284,25.0332832336,B,喘息服務,臺北市,松山區;信義區;大安區;中山區;中正區;大同區;萬華區;文山區;南港區;內湖區;士林區;北投區,2758-2106,bonnin.tpe@gmail.com,戴仕豪,20220929.0,20241231.0,20221229 22:54:25
台灣樂康協會,BA0100034,BA,臺北市,松山區,臺北市松山區三民路113巷12號6樓,121.5624313354,25.0580596924,B,交通接送服務(DA01),臺北市,松山區;信義區;大安區;中山區;中正區;大同區;萬華區;文山區;南港區;內湖區;士林區;北投區,02-77230088,laughflower@gmail.com,陳淑貞,20240101.0,20261231.0,20240327 10:07:05
社團法人台灣比較刑法學會附設臺北市私立誠實居家長照機構,1R0100041,1,臺北市,中正區,臺北市中正區黎明里重慶南路3段42之3號2樓,121.5133514404,25.044670105,B,居家服務,臺北市,松山區;中山區;中正區;士林區;北投區,02-77515512,tsocclserver@gmail.com,李金定,20250101.0,20261231.0,20241202 10:47:13
財團法人伊甸社會福利基金會,BD0100087,BD,臺北市,文山區,臺北市文山區萬芳里文山區萬美街一段55號3樓,121.5681152344,25.0023422241,B,社區式交通接送服務(BD03),嘉義縣,大林鎮;民雄鄉;竹崎鄉;梅山鄉;阿里山鄉,05-2622631,edenC0619@eden.org.tw,羅紀琼,20220401.0,20251231.0,20240201 13:54:56
一翔交通股份有限公司,BA0100031,BA,臺北市,中正區,臺北市中正區博愛路222號5樓,,,B,交通接送服務,臺北市,松山區;信義區;大安區;中山區;中正區;大同區;萬華區;文山區;南港區;內湖區;士林區;北投區,23120985,share.car24@gmail.com,李樂伯,20220501.0,20221231.0,20220429 10:27:17
聖照股份有限公司附設臺北市私立邦寧居家長照機構,1R0100043,1,臺北市,信義區,臺北市信義區中興里信義路4段375號6樓之6,121.5577316284,25.0332832336,B,喘息服務,臺北市,松山區;信義區;大安區;中山區;中正區;大同區;萬華區;文山區;南港區;內湖區;士林區;北投區,2758-2106,bonnin.tpe@gmail.com,戴仕豪,20250101.0,20261231.0,20241105 17:06:56
益巨股份有限公司附設臺北市私立崇仁社區長照機構,2V0100004,2,臺北市,萬華區,臺北市萬華區青年路152巷28號1樓,121.5012207031,25.0206241608,B,日間照顧服務,臺北市,松山區;信義區;大安區;中山區;中正區;大同區;萬華區;文山區;南港區;內湖區;士林區;北投區,23090193,dc.chongren@rghealth.com.tw,陳威男,20220428.0,20231231.0,20220602 10:29:42
益巨股份有限公司附設臺北市私立崇仁社區長照機構,2V0100004,2,臺北市,萬華區,臺北市萬華區青年路152巷28號1樓,121.5012207031,25.0206241608,B,日間照顧服務,臺北市,松山區;信義區;大安區;中山區;中正區;大同區;萬華區;文山區;南港區;內湖區;士林區;北投區,23090193,dc.chongren@rghealth.com.tw,陳威男,20240101.0,20261231.0,20240102 11:06:51
圓石實業股份有限公司附設臺北市私立大同圓石社區長照機構,2V0100005,2,臺北市,大同區,臺北市大同區永樂里延平北路2段96號3樓,121.5112609863,25.056596756,B,喘息服務,臺北市,松山區;信義區;大安區;中山區;中正區;大同區;萬華區;文山區;南港區;內湖區;士林區;北投區,25583800,winniehou.tw@gmail.com,侯克瀛,20220803.0,20241231.0,20221229 21:36:50
好爸爸無障礙爬梯機接送有限公司,BA0100033,BA,臺北市,南港區,臺北市南港區向陽路122號,121.5953216553,25.0547142029,B,交通接送服務(DA01),臺北市,松山區;信義區;大安區;中山區;中正區;大同區;萬華區;文山區;南港區;內湖區;士林區;北投區,28957559,wakahoowang@gmail.com,李銘權,20240101.0,20261231.0,20240327 10:05:06
聖照股份有限公司附設臺北市私立邦寧居家長照機構,1R0100043,1,臺北市,信義區,臺北市信義區中興里信義路4段375號6樓之6,121.5577316284,25.0332832336,B,居家服務,臺北市,信義區;大安區;中山區;中正區;南港區,2758-2106,bonnin.tpe@gmail.com,戴仕豪,20240101.0,20261231.0,20241219 14:13:43
圓石實業股份有限公司附設臺北市私立大同圓石社區長照機構,2V0100005,2,臺北市,大同區,臺北市大同區永樂里延平北路2段96號3樓,121.5112609863,25.056596756,B,日間照顧服務,臺北市,松山區;信義區;大安區;中山區;中正區;大同區;萬華區;文山區;南港區;內湖區;士林區;北投區,25583800,winniehou.tw@gmail.com,侯克瀛,20240101.0,20261231.0,20240102 11:10:10
育和有限公司附設臺北市私立育和居家長照機構,1R0100040,1,臺北市,大同區,臺北市大同區寧夏路23-1號2樓202室,121.5151367188,25.0551662445,B,喘息服務,臺北市,大安區;中山區;中正區;大同區;萬華區;士林區,0918-026-709,yuhe829@gmail.com,陳彥凱,20220428.0,20241231.0,20221229 21:01:39
暉宇有限公司附設臺北市私立星雲祥家社區長照機構,2R0100014,2,臺北市,內湖區,臺北市內湖區清白里星雲街161巷3號3樓,121.5966033936,25.0811862946,B,日間照顧服務,臺北市,松山區;信義區;大安區;中山區;中正區;大同區;萬華區;文山區;南港區;內湖區;士林區;北投區,(02)2790-0898,Huiyu20201208@gmail.com,楊雋宇,20220523.0,20231231.0,20220526 15:57:00
圓石實業股份有限公司附設臺北市私立大同圓石社區長照機構,2V0100005,2,臺北市,大同區,臺北市大同區永樂里延平北路2段96號3樓,121.5112609863,25.056596756,B,喘息服務,臺北市,松山區;信義區;大安區;中山區;中正區;大同區;萬華區;文山區;南港區;內湖區;士林區;北投區,25583800,winniehou.tw@gmail.com,侯克瀛,20250101.0,20261231.0,20250204 15:20:59
暉宇有限公司附設臺北市私立星雲祥家社區長照機構,2R0100014,2,臺北市,內湖區,臺北市內湖區清白里星雲街161巷3號3樓,121.5966033936,25.0811862946,B,日間照顧服務,臺北市,松山區;信義區;大安區;中山區;中正區;大同區;萬華區;文山區;南港區;內湖區;士林區;北投區,(02)2790-0898,Huiyu20201208@gmail.com,楊雋宇,20240101.0,20261231.0,20240102 11:17:01
暉宇有限公司附設臺北市私立星雲祥家社區長照機構,2R0100014,2,臺北市,內湖區,臺北市內湖區清白里星雲街161巷3號3樓,121.5966033936,25.0811862946,B,喘息服務,臺北市,松山區;信義區;大安區;中山區;中正區;大同區;萬華區;文山區;南港區;內湖區;士林區;北投區,(02)2790-0898,Huiyu20201208@gmail.com,楊雋宇,20230327.0,20241231.0,20230330 11:17:52
圓石實業股份有限公司附設臺北市私立大同圓石社區長照機構,2V0100005,2,臺北市,大同區,臺北市大同區永樂里延平北路2段96號3樓,121.5112609863,25.056596756,B,小規模多機能服務,臺北市,松山區;信義區;大安區;中山區;中正區;大同區;萬華區;文山區;南港區;內湖區;士林區;北投區,25583800,winniehou.tw@gmail.com,侯克瀛,20220520.0,20241231.0,20250204 15:51:39
育和有限公司附設臺北市私立育和居家長照機構,1R0100040,1,臺北市,大同區,臺北市大同區寧夏路23-1號2樓202室,121.5151367188,25.0551662445,B,喘息服務,臺北市,大安區;中山區;中正區;大同區;萬華區;士林區,0918-026-709,yuhe829@gmail.com,陳彥凱,20250101.0,20261231.0,20241030 18:34:17
育和有限公司附設臺北市私立育和居家長照機構,1R0100040,1,臺北市,大同區,臺北市大同區寧夏路23-1號2樓202室,121.5151367188,25.0551662445,B,居家服務,臺北市,大安區;中山區;中正區;大同區;萬華區,0918-026-709,yuhe829@gmail.com,陳彥凱,20240101.0,20241231.0,20231229 17:58:52
安心好生活股份有限公司附設臺北市私立佳愛居家長照機構,1R0100044,1,臺北市,中山區,臺北市中山區朱崙里長安東路2段230號6樓之5,121.442527771,24.9845027924,B,喘息服務,臺北市,松山區;信義區;大安區;中山區;中正區;大同區;萬華區;文山區;南港區;內湖區;士林區;北投區,02-2711-0922,Home22258688@gmail.com,蘇秀鑾,20250101.0,20261231.0,20241122 14:08:08
安心好生活股份有限公司附設臺北市私立佳愛居家長照機構,1R0100044,1,臺北市,中山區,臺北市中山區朱崙里長安東路2段230號6樓之5,121.442527771,24.9845027924,B,居家服務,臺北市,松山區;信義區;大安區;中山區,02-2711-0922,Home22258688@gmail.com,蘇秀鑾,20240101.0,20261231.0,20231229 10:34:45
(新北)曼巴租賃有限公司,BA0100036,BA,臺北市,大安區,臺北市大安區敦化南路一段225號地下三層之7,121.5492858887,25.0405673981,B,交通接送服務(DA01),新北市,板橋區;三重區;中和區;永和區;新莊區;新店區;土城區;蘆洲區;五股區;林口區,02-25039779,gary22124@gmail.com,陳國勇,20250101.0,20271231.0,20250114 10:18:26
安心好生活股份有限公司附設臺北市私立佳愛居家長照機構,1R0100044,1,臺北市,中山區,臺北市中山區朱崙里長安東路2段230號6樓之5,121.442527771,24.9845027924,B,居家服務,臺北市,松山區;信義區;大安區;中山區,02-2711-0922,Home22258688@gmail.com,蘇秀鑾,20220831.0,20231231.0,20220906 14:37:57
吉盛交通股份有限公司,BA0100032,BA,臺北市,北投區,臺北市北投區育仁路155之1號2樓,121.5006484985,25.1367702484,B,交通接送服務(DA01),臺北市,松山區;信義區;大安區;中山區;中正區;大同區;萬華區;文山區;南港區;內湖區;士林區;北投區,28289000,service@sharecar.tw,張竣凱,20240101.0,20261231.0,20240327 10:03:17
臺北市私立朵朵居家長照機構,1X0100036,1,臺北市,中正區,臺北市中正區幸福里東齊街78之1號1樓,121.5108108521,25.0423240662,B,居家服務,臺北市,大安區;中山區;中正區;大同區,02-23826700,duoduo20220609@gmail.com,方珍珍,20240101.0,20261231.0,20231229 09:50:36
育和有限公司附設臺北市私立育和居家長照機構,1R0100040,1,臺北市,大同區,臺北市大同區寧夏路23-1號2樓202室,121.5151367188,25.0551662445,B,居家服務,臺北市,大安區;中山區;中正區;大同區;萬華區,0918-026-709,yuhe829@gmail.com,陳彥凱,20220525.0,20231231.0,20220530 16:12:34
益巨股份有限公司附設臺北市私立崇仁社區長照機構,2V0100004,2,臺北市,萬華區,臺北市萬華區青年路152巷28號1樓,121.5012207031,25.0206241608,B,喘息服務,臺北市,松山區;信義區;大安區;中山區;中正區;大同區;萬華區;文山區;南港區;內湖區;士林區;北投區,23090193,dc.chongren@rghealth.com.tw,陳威男,20250101.0,20261231.0,20250204 15:25:35
安心好生活股份有限公司附設臺北市私立佳愛居家長照機構,1R0100044,1,臺北市,中山區,臺北市中山區朱崙里長安東路2段230號6樓之5,121.442527771,24.9845027924,B,喘息服務,臺北市,松山區;信義區;大安區;中山區;中正區;大同區;萬華區;文山區;南港區;內湖區;士林區;北投區,02-2711-0922,Home22258688@gmail.com,蘇秀鑾,20220922.0,20241231.0,20221229 22:05:07
圓石實業股份有限公司附設臺北市私立大稻埕圓石社區長照機構,2V0100006,2,臺北市,大同區,臺北市大同區延平北路2段96號3樓之1,121.5115203857,25.0565166473,B,日間照顧服務,臺北市,松山區;信義區;大安區;中山區;中正區;大同區;萬華區;文山區;南港區;內湖區;士林區;北投區,2558-6900,19810313duck2024@gmail.com,侯克瀛,20220704.0,20231231.0,20220704 15:12:16
圓石實業股份有限公司附設臺北市私立大稻埕圓石社區長照機構,2V0100006,2,臺北市,大同區,臺北市大同區延平北路2段96號3樓之1,121.5115203857,25.0565166473,B,喘息服務,臺北市,松山區;信義區;大安區;中山區;中正區;大同區;萬華區;文山區;南港區;內湖區;士林區;北投區,2558-6900,19810313duck2024@gmail.com,侯克瀛,20250101.0,20261231.0,20250204 15:22:07
(新北)曼巴租賃有限公司,BA0100036,BA,臺北市,大安區,臺北市大安區敦化南路一段225號地下三層之7,121.5492858887,25.0405673981,B,社區式交通接送服務(BD03),新北市,板橋區;三重區;中和區;永和區;新莊區;新店區;土城區;蘆洲區;五股區;林口區,02-25039779,gary22124@gmail.com,陳國勇,20250101.0,20271231.0,20250114 10:19:50
臺北市私立寬安居家長照機構,1X0100037,1,臺北市,萬華區,臺北市萬華區雙園里莒光路328號6樓,121.4974975586,25.0312480927,B,喘息服務,臺北市,大安區;中山區;中正區;大同區;萬華區,02-2308-1977,ka6.web@gmail.com,林菡雅,20221219.0,20241231.0,20221219 14:20:09
臺北市私立寬安居家長照機構,1X0100037,1,臺北市,萬華區,臺北市萬華區雙園里莒光路328號6樓,121.4974975586,25.0312480927,B,居家服務,臺北市,大安區;中山區;中正區;大同區;萬華區,02-2308-1977,ka6.web@gmail.com,林菡雅,20220824.0,20231231.0,20220830 11:47:10
臺北市私立寬安居家長照機構,1X0100037,1,臺北市,萬華區,臺北市萬華區雙園里莒光路328號6樓,121.4974975586,25.0312480927,B,喘息服務,臺北市,大安區;中山區;中正區;大同區;萬華區,02-2308-1977,ka6.web@gmail.com,林菡雅,20250101.0,20261231.0,20241122 10:45:28
逸滿心有限公司附設臺北市私立逸滿心社區長照機構,2R0100015,2,臺北市,士林區,臺北市士林區中山北路5段687號3樓之1,121.5272903442,25.0971851349,B,喘息服務,臺北市,松山區;信義區;大安區;中山區;中正區;大同區;萬華區;文山區;南港區;內湖區;士林區;北投區,02-28353535,momosss2014@gmail.com,羅順芳,20250101.0,20261231.0,20250204 15:30:46
臺北市私立寬安居家長照機構,1X0100037,1,臺北市,萬華區,臺北市萬華區雙園里莒光路328號6樓,121.4974975586,25.0312480927,B,居家服務,臺北市,大安區;中山區;中正區;大同區;萬華區,02-2308-1977,ka6.web@gmail.com,林菡雅,20240101.0,20241231.0,20231229 17:47:12
逸滿心有限公司附設臺北市私立逸滿心社區長照機構,2R0100015,2,臺北市,士林區,臺北市士林區中山北路5段687號3樓之1,121.5272903442,25.0971851349,B,喘息服務,臺北市,松山區;信義區;大安區;中山區;中正區;大同區;萬華區;文山區;南港區;內湖區;士林區;北投區,02-28353535,momosss2014@gmail.com,羅順芳,20240108.0,20241231.0,20240109 15:56:34
逸滿心有限公司附設臺北市私立逸滿心社區長照機構,2R0100015,2,臺北市,士林區,臺北市士林區中山北路5段687號3樓之1,121.5272903442,25.0971851349,B,日間照顧服務,臺北市,松山區;信義區;大安區;中山區;中正區;大同區;萬華區;文山區;南港區;內湖區;士林區;北投區,02-28353535,momosss2014@gmail.com,羅順芳,20240101.0,20261231.0,20240102 11:41:59
逸滿心有限公司附設臺北市私立逸滿心社區長照機構,2R0100015,2,臺北市,士林區,臺北市士林區中山北路5段687號3樓之1,121.5272903442,25.0971851349,B,日間照顧服務,臺北市,松山區;信義區;大安區;中山區;中正區;大同區;萬華區;文山區;南港區;內湖區;士林區;北投區,02-28353535,momosss2014@gmail.com,羅順芳,20220718.0,20231231.0,20220718 13:44:06
圓石實業股份有限公司附設臺北市私立大稻埕圓石社區長照機構,2V0100006,2,臺北市,大同區,臺北市大同區延平北路2段96號3樓之1,121.5115203857,25.0565166473,B,喘息服務,臺北市,松山區;信義區;大安區;中山區;中正區;大同區;萬華區;文山區;南港區;內湖區;士林區;北投區,2558-6900,19810313duck2024@gmail.com,侯克瀛,20230927.0,20241231.0,20230927 09:57:04
臺北市私立寬安居家長照機構,1X0100037,1,臺北市,萬華區,臺北市萬華區雙園里莒光路328號6樓,121.4974975586,25.0312480927,B,居家服務,臺北市,大安區;中山區;中正區;大同區;萬華區,02-2308-1977,ka6.web@gmail.com,林菡雅,20250101.0,20261231.0,20241129 09:27:40
臺北市私立朵朵居家長照機構,1X0100036,1,臺北市,中正區,臺北市中正區幸福里東齊街78之1號1樓,121.5108108521,25.0423240662,B,居家服務,臺北市,大安區;中山區;中正區;大同區,02-23826700,duoduo20220609@gmail.com,方珍珍,20220825.0,20231231.0,20220825 15:38:54
康寧醫療財團法人附設臺北市私立康寧社區長照機構,2S0100025,2,臺北市,內湖區,臺北市內湖區成功路五段420巷28號2樓之二,121.6088027954,25.0756378174,B,日間照顧服務,臺北市,松山區;信義區;大安區;中山區;中正區;大同區;萬華區;文山區;南港區;內湖區;士林區;北投區,(02)2634-5500,kao8563@gmail.com,鄭予菲,20220802.0,20231231.0,20220802 17:19:09
臺北市私立千意居家長照機構,1X0100038,1,臺北市,松山區,臺北市松山區中崙里復興南路一段37號2樓,121.5441055298,25.0462265015,B,居家服務,臺北市,松山區;南港區;內湖區,27786287,cianyi6287@gmail.com,楊歆研,20240101.0,20261231.0,20231229 11:12:14
臺北市私立千意居家長照機構,1X0100038,1,臺北市,松山區,臺北市松山區中崙里復興南路一段37號2樓,121.5441055298,25.0462265015,B,居家服務,臺北市,松山區;南港區;內湖區,27786287,cianyi6287@gmail.com,楊歆研,20230306.0,20231231.0,20230303 18:15:07
臺北市私立樂陽居家長照機構,1X0100039,1,臺北市,士林區,臺北市士林區後港里士商路110號1樓,121.5188827515,25.0919513702,B,喘息服務,臺北市,松山區;信義區;大安區;中山區;中正區;大同區;萬華區;文山區;南港區;內湖區;士林區;北投區,0988-423-585,cheerfulsun110@gmail.com,陳威仁,20250101.0,20261231.0,20241030 19:20:59
臺北市私立樂陽居家長照機構,1X0100039,1,臺北市,士林區,臺北市士林區後港里士商路110號1樓,121.5188827515,25.0919513702,B,居家服務,臺北市,大同區;士林區;北投區,0988-423-585,cheerfulsun110@gmail.com,陳威仁,20221121.0,20231231.0,20221121 14:10:31
臺北市私立樂陽居家長照機構,1X0100039,1,臺北市,士林區,臺北市士林區後港里士商路110號1樓,121.5188827515,25.0919513702,B,喘息服務,臺北市,松山區;信義區;大安區;中山區;中正區;大同區;萬華區;文山區;南港區;內湖區;士林區;北投區,0988-423-585,cheerfulsun110@gmail.com,陳威仁,20221027.0,20241231.0,20221229 22:51:53
嘉陞健康事業股份有限公司附設臺北市私立嘉陞居家長照機構,1R0100046,1,臺北市,大同區,臺北市大同區民權西路136號15樓之3,121.5123138428,25.0645103455,B,喘息服務,臺北市,松山區;信義區;大安區;中山區;中正區;大同區;萬華區;文山區;南港區;內湖區;士林區;北投區,0921-148107,goodcare0001@gmail.com,黃海同,20250101.0,20261231.0,20241030 20:41:05
嘉陞健康事業股份有限公司附設臺北市私立嘉陞居家長照機構,1R0100046,1,臺北市,大同區,臺北市大同區民權西路136號15樓之3,121.5123138428,25.0645103455,B,喘息服務,臺北市,松山區;信義區;大安區;中山區;中正區;大同區;萬華區;文山區;南港區;內湖區;士林區;北投區,0921-148107,goodcare0001@gmail.com,黃海同,20231102.0,20241231.0,20231102 16:06:36
嘉陞健康事業股份有限公司附設臺北市私立嘉陞居家長照機構,1R0100046,1,臺北市,大同區,臺北市大同區民權西路136號15樓之3,121.5123138428,25.0645103455,B,居家服務,臺北市,中山區;大同區;萬華區,0921-148107,goodcare0001@gmail.com,黃海同,20230322.0,20231231.0,20230426 18:14:20
嘉陞健康事業股份有限公司附設臺北市私立嘉陞居家長照機構,1R0100046,1,臺北市,大同區,臺北市大同區民權西路136號15樓之3,121.5123138428,25.0645103455,B,居家服務,臺北市,中山區;大同區;萬華區,0921-148107,goodcare0001@gmail.com,黃海同,20240101.0,20261231.0,20231229 18:20:50
康寧醫療財團法人附設臺北市私立康寧社區長照機構,2S0100025,2,臺北市,內湖區,臺北市內湖區成功路五段420巷28號2樓之二,121.6088027954,25.0756378174,B,日間照顧服務,臺北市,松山區;信義區;大安區;中山區;中正區;大同區;萬華區;文山區;南港區;內湖區;士林區;北投區,(02)2634-5500,kao8563@gmail.com,鄭予菲,20240101.0,20261231.0,20240102 11:18:51
社團法人臺灣樂福國際慈善福利協會(臺北市),BE0100088,BE,臺北市,中山區,臺北市中山區民生東路1段70巷15號1樓,121.5317382812,25.0678024292,B,到宅沐浴車服務,臺北市,松山區;信義區;大安區;中山區;中正區;大同區;萬華區;文山區;南港區;內湖區;士林區;北投區,0984112366,ghsc842366@gmail.com,張淞源,20240101.0,20261231.0,20231229 09:53:48
臺北市私立樂陽居家長照機構,1X0100039,1,臺北市,士林區,臺北市士林區後港里士商路110號1樓,121.5188827515,25.0919513702,B,居家服務,臺北市,大同區;士林區;北投區,0988-423-585,cheerfulsun110@gmail.com,陳威仁,20240101.0,20261231.0,20231229 18:22:00
臺北市私立祝福居家長照機構,1X0100040,1,臺北市,中正區,臺北市中正區水源里羅斯福路4段68號7樓之10（6810-E室）,121.5342712402,25.014503479,B,居家服務,臺北市,中山區;中正區;文山區,02-29321396,nikey303@gmail.com,鄭如杏,20240101.0,20261231.0,20231229 09:52:49
辰逸有限公司附設臺北市私立辰逸居家長照機構,1V0100039,1,臺北市,中山區,臺北市中山區中央里南京東路2段137號14樓(118室),121.5351104736,25.0522155762,B,居家服務,臺北市,松山區;中山區;大同區,02-7755-3620,cypmc00@gmail.com,王超凡,20240101.0,20261231.0,20231229 10:36:22
嘉陞健康事業股份有限公司附設臺北市私立嘉陞居家長照機構,1R0100046,1,臺北市,大同區,臺北市大同區民權西路136號15樓之3,121.5123138428,25.0645103455,B,居家服務,臺北市,中山區;大同區;萬華區;士林區;北投區,0921-148107,goodcare0001@gmail.com,黃海同,20250121.0,20261231.0,20250123 13:57:07
社團法人臺灣樂福國際慈善福利協會(臺北市),BE0100088,BE,臺北市,中山區,臺北市中山區民生東路1段70巷15號1樓,121.5317382812,25.0678024292,B,到宅沐浴車服務,臺北市,松山區;信義區;大安區;中山區;中正區;大同區;萬華區;文山區;南港區;內湖區;士林區;北投區,0984112366,ghsc842366@gmail.com,張淞源,20221011.0,20231231.0,20221020 11:34:24
凱風長照股份有限公司附設臺北市私立凱風新生北綜合長照機構,4R0100001,4,臺北市,中山區,臺北市中山區晴光里新生北路三段56巷17號1樓,121.5269241333,25.0657196045,A,個案管理服務,臺北市,中正區,2599-6681,service@kfcare.com.tw,郭家展,20250101.0,20261231.0,20241231 17:04:58
凱風長照股份有限公司附設臺北市私立凱風新生北綜合長照機構,4R0100001,4,臺北市,中山區,臺北市中山區晴光里新生北路三段56巷17號1樓,121.5269241333,25.0657196045,A,個案管理服務,臺北市,松山區,2599-6681,service@kfcare.com.tw,郭家展,20250101.0,20261231.0,20241231 17:05:50
凱風長照股份有限公司附設臺北市私立凱風新生北綜合長照機構,4R0100001,4,臺北市,中山區,臺北市中山區晴光里新生北路三段56巷17號1樓,121.5269241333,25.0657196045,B,喘息服務,臺北市,松山區;信義區;大安區;中山區;中正區;大同區;萬華區;文山區;南港區;內湖區;士林區;北投區,2599-6681,service@kfcare.com.tw,郭家展,20230426.0,20241231.0,20230427 09:43:47
凱風長照股份有限公司附設臺北市私立凱風新生北綜合長照機構,4R0100001,4,臺北市,中山區,臺北市中山區晴光里新生北路三段56巷17號1樓,121.5269241333,25.0657196045,B,居家服務,臺北市,大安區;中山區,2599-6681,service@kfcare.com.tw,郭家展,20240101.0,20261231.0,20240125 13:53:24
凱風長照股份有限公司附設臺北市私立凱風新生北綜合長照機構,4R0100001,4,臺北市,中山區,臺北市中山區晴光里新生北路三段56巷17號1樓,121.5269241333,25.0657196045,A,個案管理服務,臺北市,中山區,2599-6681,service@kfcare.com.tw,郭家展,20250101.0,20261231.0,20241231 17:03:45
凱風長照股份有限公司附設臺北市私立凱風新生北綜合長照機構,4R0100001,4,臺北市,中山區,臺北市中山區晴光里新生北路三段56巷17號1樓,121.5269241333,25.0657196045,B,日間照顧服務,臺北市,中山區,2599-6681,service@kfcare.com.tw,郭家展,20240101.0,20261231.0,20240104 16:23:34
凱風長照股份有限公司附設臺北市私立凱風新生北綜合長照機構,4R0100001,4,臺北市,中山區,臺北市中山區晴光里新生北路三段56巷17號1樓,121.5269241333,25.0657196045,B,居家服務,臺北市,大安區;中山區,2599-6681,service@kfcare.com.tw,郭家展,20230306.0,20231231.0,20230308 18:13:41
凱風長照股份有限公司附設臺北市私立凱風新生北綜合長照機構,4R0100001,4,臺北市,中山區,臺北市中山區晴光里新生北路三段56巷17號1樓,121.5269241333,25.0657196045,A,個案管理服務,臺北市,中山區,2599-6681,service@kfcare.com.tw,郭家展,20241223.0,20241231.0,20241220 18:09:40
凱風長照股份有限公司附設臺北市私立凱風新生北綜合長照機構,4R0100001,4,臺北市,中山區,臺北市中山區晴光里新生北路三段56巷17號1樓,121.5269241333,25.0657196045,B,喘息服務,臺北市,松山區;信義區;大安區;中山區;中正區;大同區;萬華區;文山區;南港區;內湖區;士林區;北投區,2599-6681,service@kfcare.com.tw,郭家展,20250101.0,20261231.0,20241030 20:52:47
凱風長照股份有限公司附設臺北市私立凱風新生北綜合長照機構,4R0100001,4,臺北市,中山區,臺北市中山區晴光里新生北路三段56巷17號1樓,121.5269241333,25.0657196045,A,個案管理服務,臺北市,中正區,2599-6681,service@kfcare.com.tw,郭家展,20231012.0,20241231.0,20231011 15:28:19
(新北)三合利計程車客運有限公司,BA0100037,BA,臺北市,文山區,臺北市文山區興隆路四段151號3樓之4,121.5616760254,24.9847507477,B,交通接送服務(DA01),新北市,板橋區;永和區;新莊區;新店區;汐止區;深坑區;石碇區;坪林區,02-29290577,hearts.alanhsu@gmail.com,蔡豐吉,20250101.0,20271231.0,20250109 11:43:18
暖時光職能治療所,B50100023,B5,臺北市,中山區,臺北市中山區長安東路2段131之2號(1樓),1.0,1.0,B,專業照護服務,臺北市,松山區;信義區;大安區;中山區;中正區;大同區;萬華區;文山區;南港區;內湖區;士林區;北投區,02-2797-2225,fys.cscc@gmail.com,許富淵,20250101.0,20261231.0,20241030 09:43:52
暖時光職能治療所,B50100023,B5,臺北市,中山區,臺北市中山區長安東路2段131之2號(1樓),1.0,1.0,B,專業照護服務,臺北市,松山區;信義區;大安區;中山區;中正區;大同區;萬華區;文山區;南港區;內湖區;士林區;北投區,02-2797-2225,fys.cscc@gmail.com,許富淵,20221213.0,20241231.0,20221229 23:14:11
辰逸有限公司附設臺北市私立辰逸居家長照機構,1V0100039,1,臺北市,中山區,臺北市中山區中央里南京東路2段137號14樓(118室),121.5351104736,25.0522155762,B,居家服務,臺北市,松山區;中山區;大同區,02-7755-3620,cypmc00@gmail.com,王超凡,20221118.0,20231231.0,20221122 16:33:23
臺北市政府社會局委託財團法人中華民國唐氏症基金會經營管理景新身障社區長照機構（日間照顧）,2S0100026,2,臺北市,文山區,臺北市文山區景後街151號4樓,121.5419158936,24.9900016785,B,日間照顧服務,臺北市,松山區;信義區;大安區;中山區;中正區;大同區;萬華區;文山區;南港區;內湖區;士林區;北投區,02-29355560,jingxindaycare@gmail.com,林正俠,20221116.0,20251231.0,20221116 14:32:45
臺北市政府社會局委託財團法人中華民國唐氏症基金會經營管理景新身障社區長照機構（日間照顧）,2S0100026,2,臺北市,文山區,臺北市文山區景後街151號4樓,121.5419158936,24.9900016785,B,喘息服務,臺北市,松山區;信義區;大安區;中山區;中正區;大同區;萬華區;文山區;南港區;內湖區;士林區;北投區,02-29355560,jingxindaycare@gmail.com,林正俠,20230201.0,20241231.0,20230202 14:34:16
臺北市政府社會局委託財團法人中華民國唐氏症基金會經營管理景新身障社區長照機構（日間照顧）,2S0100026,2,臺北市,文山區,臺北市文山區景後街151號4樓,121.5419158936,24.9900016785,B,喘息服務,臺北市,松山區;信義區;大安區;中山區;中正區;大同區;萬華區;文山區;南港區;內湖區;士林區;北投區,02-29355560,jingxindaycare@gmail.com,林正俠,20250101.0,20261231.0,20250204 15:41:52
臺北市私立祝福居家長照機構,1X0100040,1,臺北市,中正區,臺北市中正區水源里羅斯福路4段68號7樓之10（6810-E室）,121.5342712402,25.014503479,B,居家服務,臺北市,中山區;中正區;文山區,02-29321396,nikey303@gmail.com,鄭如杏,20221125.0,20231231.0,20221130 15:18:15
(基隆)亞捷汽車租賃股份有限公司,BA0100038,BA,臺北市,士林區,臺北市士林區中正路499號1樓,121.5097732544,25.069278717,B,交通接送服務(DA01),基隆市,中正區;七堵區;暖暖區;仁愛區;中山區;安樂區;信義區,02-28826780分機595,yj2020@csgroup-bus.com.tw,呂奇龍,20250101.0,20271231.0,20250305 13:47:58
潤田健康有限公司附設臺北市私立潤田居家長照機構,1V0100041,1,臺北市,中正區,臺北市中正區龍福里湖口街1之3號1樓,121.5150299072,25.0327758789,B,居家服務,臺北市,松山區;信義區;大安區;中正區;大同區;萬華區;文山區,02-23435882,runtian0510@gmail.com,江錦珍,20241106.0,20261231.0,20241106 09:38:02
潤田健康有限公司附設臺北市私立潤田居家長照機構,1V0100041,1,臺北市,中正區,臺北市中正區龍福里湖口街1之3號1樓,121.5150299072,25.0327758789,B,喘息服務,臺北市,松山區;信義區;大安區;中正區;大同區;萬華區;文山區,02-23435882,runtian0510@gmail.com,江錦珍,20250101.0,20261231.0,20241119 14:49:49
臺北榮民總醫院附設居家護理所,B10100068,B1,臺北市,北投區,臺北市北投區石牌路二段322號致德樓R2,1.0,1.0,B,專業照護服務,臺北市,士林區;北投區,02-28712121#82517,huangms@vghtpe.gov.tw,楊素茹,20230224.0,20241231.0,20230302 10:01:35
奇恩健康有限公司附設臺北市私立翔旭居家長照機構,1R0100051,1,臺北市,大同區,臺北市大同區寧夏路23-1號2樓206室,121.5151367188,25.0551662445,B,喘息服務,臺北市,松山區;信義區;大安區;中山區;中正區;大同區;萬華區;文山區;南港區;內湖區;士林區;北投區,0955-568486,xiangxu1120301@gmail.com,馮兆筠,20241004.0,20261231.0,20241007 09:06:36
臺北榮民總醫院附設居家護理所,B10100068,B1,臺北市,北投區,臺北市北投區石牌路二段322號致德樓R2,1.0,1.0,B,專業照護服務,臺北市,士林區;北投區,02-28712121#82517,huangms@vghtpe.gov.tw,楊素茹,20250101.0,20261231.0,20241105 18:56:43
奇恩健康有限公司附設臺北市私立翔旭居家長照機構,1R0100051,1,臺北市,大同區,臺北市大同區寧夏路23-1號2樓206室,121.5151367188,25.0551662445,B,居家服務,臺北市,信義區;大安區;大同區,0955-568486,xiangxu1120301@gmail.com,馮兆筠,20240101.0,20261231.0,20231229 18:14:10
奇恩健康有限公司附設臺北市私立翔旭居家長照機構,1R0100051,1,臺北市,大同區,臺北市大同區寧夏路23-1號2樓206室,121.5151367188,25.0551662445,B,居家服務,臺北市,松山區;信義區;大安區;大同區;萬華區;士林區,0955-568486,xiangxu1120301@gmail.com,馮兆筠,20241115.0,20261231.0,20241119 13:49:37
凱風長照股份有限公司附設臺北市私立凱風新生北綜合長照機構,4R0100001,4,臺北市,中山區,臺北市中山區晴光里新生北路三段56巷17號1樓,121.5269241333,25.0657196045,A,個案管理服務,臺北市,松山區,2599-6681,service@kfcare.com.tw,郭家展,20240813.0,20241231.0,20240823 15:38:38
凱風長照股份有限公司附設臺北市私立凱風新生北綜合長照機構,4R0100001,4,臺北市,中山區,臺北市中山區晴光里新生北路三段56巷17號1樓,121.5269241333,25.0657196045,B,日間照顧服務,臺北市,松山區;信義區;大安區;中山區;中正區;大同區;萬華區;文山區;南港區;內湖區;士林區;北投區,2599-6681,service@kfcare.com.tw,郭家展,20240101.0,20261231.0,20240104 16:23:34
中化銀髮事業股份有限公司附設臺北市私立暖時光社區長照機構,2S0100027,2,臺北市,中山區,臺北市中山區長安東路二段131-1號1-3樓及131-2號2-3樓,121.5361633301,25.0485057831,B,日間照顧服務,臺北市,中山區,0978511719,kate.chang@ccpc.com.tw,王謝怡貞,20240101.0,20261231.0,20240104 16:13:05
社團法人台灣喜樂家族協會附設臺北市私立冠冕居家長照機構,1R0100048,1,臺北市,士林區,臺北市士林區雙溪街140號1樓,121.5243759155,25.1004104614,B,居家服務,臺北市,中山區;士林區;北投區,02-2832-0533,crown.homelife@gmail.com,林黃寶彩,20240101.0,20261231.0,20231229 18:31:29
社團法人台灣喜樂家族協會附設臺北市私立冠冕居家長照機構,1R0100048,1,臺北市,士林區,臺北市士林區雙溪街140號1樓,121.5243759155,25.1004104614,B,居家服務,臺北市,中山區;士林區;北投區,02-2832-0533,crown.homelife@gmail.com,林黃寶彩,20230313.0,20231231.0,20230310 17:18:27
社團法人台灣喜樂家族協會附設臺北市私立冠冕居家長照機構,1R0100048,1,臺北市,士林區,臺北市士林區雙溪街140號1樓,121.5243759155,25.1004104614,B,喘息服務,臺北市,松山區;信義區;大安區;中山區;中正區;大同區;萬華區;文山區;南港區;內湖區;士林區;北投區,02-2832-0533,crown.homelife@gmail.com,林黃寶彩,20230420.0,20241231.0,20230421 09:30:11
社團法人台灣喜樂家族協會附設臺北市私立冠冕居家長照機構,1R0100048,1,臺北市,士林區,臺北市士林區雙溪街140號1樓,121.5243759155,25.1004104614,B,喘息服務,臺北市,松山區;信義區;大安區;中山區;中正區;大同區;萬華區;文山區;南港區;內湖區;士林區;北投區,02-2832-0533,crown.homelife@gmail.com,林黃寶彩,20250101.0,20261231.0,20241104 17:42:42
(基隆)亞捷汽車租賃股份有限公司,BA0100038,BA,臺北市,士林區,臺北市士林區中正路499號1樓,121.5097732544,25.069278717,B,社區式交通接送服務(BD03),基隆市,中正區;七堵區;暖暖區;仁愛區;中山區;安樂區;信義區,02-28826780分機595,yj2020@csgroup-bus.com.tw,呂奇龍,20250101.0,20271231.0,20250305 13:47:58
德力居家有限公司附設臺北市私立德力居家長照機構,1V0100040,1,臺北市,信義區,臺北市信義區忠孝東路5段482號14樓之3,121.5779953003,25.0405979156,B,居家服務,臺北市,松山區;信義區;大安區,0978-634-913,deli.dailycare@gmail.com,蔡宗棋,20240101.0,20261231.0,20231229 11:00:08
德力居家有限公司附設臺北市私立德力居家長照機構,1V0100040,1,臺北市,信義區,臺北市信義區忠孝東路5段482號14樓之3,121.5779953003,25.0405979156,B,居家服務,臺北市,松山區;信義區;大安區,0978-634-913,deli.dailycare@gmail.com,蔡宗棋,20221121.0,20231231.0,20221121 14:08:47
衛生福利部基隆醫院附設南港綜合長照機構,4A0100001,4,臺北市,南港區,臺北市南港區南港路二段78號3-5樓,121.6034469604,25.053981781,B,日間照顧服務,臺北市,松山區;信義區;大安區;中山區;中正區;大同區;萬華區;文山區;南港區;內湖區;士林區;北投區,02-24292525,ngltc@kln.mohw.gov.tw,林三齊,20240101.0,20261231.0,20240102 18:59:19
優活健康顧問有限公司附設臺北市私立優活居家長照機構,1R0100045,1,臺北市,文山區,臺北市文山區景福街133巷30號1樓,121.5733566284,24.9896755219,B,喘息服務,臺北市,信義區;大安區;文山區,02-2933-6682,cynthia5434@gmail.com,林亭如,20250101.0,20261231.0,20241106 19:35:23
衛生福利部基隆醫院附設南港綜合長照機構,4A0100001,4,臺北市,南港區,臺北市南港區南港路二段78號3-5樓,121.6034469604,25.053981781,B,日間照顧服務,臺北市,松山區;信義區;大安區;中山區;中正區;大同區;萬華區;文山區;南港區;內湖區;士林區;北投區,02-24292525,ngltc@kln.mohw.gov.tw,林三齊,20221124.0,20231231.0,20230202 13:32:53
優活健康顧問有限公司附設臺北市私立優活居家長照機構,1R0100045,1,臺北市,文山區,臺北市文山區景福街133巷30號1樓,121.5733566284,24.9896755219,B,喘息服務,臺北市,信義區;大安區;文山區,02-2933-6682,cynthia5434@gmail.com,林亭如,20221123.0,20241231.0,20221229 22:33:26
康和文山樂活股份有限公司附設臺北市私立杏花學塾社區長照機構,2V0100007,2,臺北市,文山區,臺北市文山區辛亥路4段128-1號2樓,121.5566864014,25.0051784515,B,喘息服務,臺北市,松山區;信義區;大安區;中山區;中正區;大同區;萬華區;文山區;南港區;內湖區;士林區;北投區,29356802,wsflower128@gmail.com,蔡淑芬,20250101.0,20261231.0,20241120 15:12:58
康和文山樂活股份有限公司附設臺北市私立杏花學塾社區長照機構,2V0100007,2,臺北市,文山區,臺北市文山區辛亥路4段128-1號2樓,121.5566864014,25.0051784515,B,小規模多機能服務,臺北市,松山區;信義區;大安區;中山區;中正區;大同區;萬華區;文山區;南港區;內湖區;士林區;北投區,29356802,wsflower128@gmail.com,蔡淑芬,20250101.0,20261231.0,20250204 15:54:05
寶安健康有限公司附設臺北市私立鑫安居家長照機構,1R0100047,1,臺北市,文山區,臺北市文山區興隆路三段206巷10弄1號,121.5578918457,24.9965229034,B,居家服務,新北市,中和區;永和區;新店區,02-2230-3056,baoan206101@gmail.com,廖麗如,20250101.0,20271231.0,20241225 09:28:19
寶安健康有限公司附設臺北市私立鑫安居家長照機構,1R0100047,1,臺北市,文山區,臺北市文山區興隆路三段206巷10弄1號,121.5578918457,24.9965229034,B,喘息服務,新北市,中和區;永和區;新店區,02-2230-3056,baoan206101@gmail.com,廖麗如,20250101.0,20271231.0,20241225 09:28:47
寶安健康有限公司附設臺北市私立鑫安居家長照機構,1R0100047,1,臺北市,文山區,臺北市文山區興隆路三段206巷10弄1號,121.5578918457,24.9965229034,B,居家服務,臺北市,文山區,02-2230-3056,baoan206101@gmail.com,廖麗如,20240101.0,20261231.0,20231229 16:27:55
康和文山樂活股份有限公司附設臺北市私立杏花學塾社區長照機構,2V0100007,2,臺北市,文山區,臺北市文山區辛亥路4段128-1號2樓,121.5566864014,25.0051784515,B,小規模多機能服務,臺北市,松山區;信義區;大安區;中山區;中正區;大同區;萬華區;文山區;南港區;內湖區;士林區;北投區,29356802,wsflower128@gmail.com,蔡淑芬,20221222.0,20241231.0,20221226 18:33:26
康和文山樂活股份有限公司附設臺北市私立杏花學塾社區長照機構,2V0100007,2,臺北市,文山區,臺北市文山區辛亥路4段128-1號2樓,121.5566864014,25.0051784515,B,喘息服務,臺北市,松山區;信義區;大安區;中山區;中正區;大同區;萬華區;文山區;南港區;內湖區;士林區;北投區,29356802,wsflower128@gmail.com,蔡淑芬,20230330.0,20240331.0,20230330 11:17:17
寶安健康有限公司附設臺北市私立鑫安居家長照機構,1R0100047,1,臺北市,文山區,臺北市文山區興隆路三段206巷10弄1號,121.5578918457,24.9965229034,B,居家服務,臺北市,文山區,02-2230-3056,baoan206101@gmail.com,廖麗如,20230508.0,20231231.0,20230510 12:02:53
新英格蘭診所,B20100110,B2,臺北市,中山區,臺北市中山區中山區松江路396號,121.4991760254,25.1311435699,B,居家失能個案家庭醫師照護服務,臺北市,松山區;信義區;大安區;中山區;中正區;大同區;萬華區;文山區;南港區;內湖區;士林區;北投區,02-2596-6008,pj@neclinic.com,黃柏榮,20201026.0,20241231.0,20230612 14:35:42
奇恩健康有限公司附設臺北市私立翔旭居家長照機構,1R0100051,1,臺北市,大同區,臺北市大同區寧夏路23-1號2樓206室,121.5151367188,25.0551662445,B,居家服務,臺北市,信義區;大安區;大同區,0955-568486,xiangxu1120301@gmail.com,馮兆筠,20231116.0,20231231.0,20231120 11:20:11
(基隆)金旺租賃有限公司,BA0100039,BA,臺北市,松山區,臺北市松山區南京東路四段197號7樓,121.5569610596,25.0517578125,B,社區式交通接送服務(BD03),基隆市,中正區;七堵區;暖暖區;仁愛區;中山區;安樂區;信義區,0958-381985,aswishcares@gmail.com,盧逸穎,20250101.0,20271231.0,20250324 11:22:07
稻香居家護理所(委託臺北榮民總醫院經營管理),B10100069,B1,臺北市,北投區,臺北市北投區稻香路81號,121.4892883301,25.1409130096,B,居家失能個案家庭醫師照護服務,臺北市,士林區;北投區,02-2895-6015,ccli2@vghtpe.gov.tw,李淑娟,20230906.0,20241231.0,20230928 19:17:47
稻香居家護理所(委託臺北榮民總醫院經營管理),B10100069,B1,臺北市,北投區,臺北市北投區稻香路81號,121.4892883301,25.1409130096,B,專業照護服務,臺北市,士林區;北投區,02-2895-6015,ccli2@vghtpe.gov.tw,李淑娟,20250101.0,20261231.0,20241030 09:48:18
稻香居家護理所(委託臺北榮民總醫院經營管理),B10100069,B1,臺北市,北投區,臺北市北投區稻香路81號,121.4892883301,25.1409130096,B,居家失能個案家庭醫師照護服務,臺北市,士林區;北投區,02-2895-6015,ccli2@vghtpe.gov.tw,李淑娟,20250101.0,20261231.0,20241030 09:49:04
中化銀髮事業股份有限公司附設臺北市私立暖時光社區長照機構,2S0100027,2,臺北市,中山區,臺北市中山區長安東路二段131-1號1-3樓及131-2號2-3樓,121.5361633301,25.0485057831,B,日間照顧服務,臺北市,松山區;信義區;大安區;中山區;中正區;大同區;萬華區;文山區;南港區;內湖區;士林區;北投區,0978511719,kate.chang@ccpc.com.tw,王謝怡貞,20240101.0,20261231.0,20240104 16:13:05
惠安護康科技有限公司附設臺北市私立惠安居家長照機構,1R0100050,1,臺北市,文山區,臺北市文山區興隆路2段86巷2號1樓,121.5484313965,24.9998111725,B,喘息服務,臺北市,松山區;信義區;大安區;中山區;中正區;大同區;萬華區;文山區;南港區;內湖區;士林區;北投區,0952-654002,vicky6575@gmail.com,詹益發,20230525.0,20241231.0,20230525 10:48:07
德力居家有限公司附設臺北市私立德力居家長照機構,1V0100040,1,臺北市,信義區,臺北市信義區忠孝東路5段482號14樓之3,121.5779953003,25.0405979156,B,喘息服務,臺北市,松山區;信義區;大安區,0978-634-913,deli.dailycare@gmail.com,蔡宗棋,20221108.0,20241231.0,20221229 22:48:47
德力居家有限公司附設臺北市私立德力居家長照機構,1V0100040,1,臺北市,信義區,臺北市信義區忠孝東路5段482號14樓之3,121.5779953003,25.0405979156,B,喘息服務,臺北市,松山區;信義區;大安區,0978-634-913,deli.dailycare@gmail.com,蔡宗棋,20250101.0,20261231.0,20241120 15:33:24
優活健康顧問有限公司附設臺北市私立優活居家長照機構,1R0100045,1,臺北市,文山區,臺北市文山區景福街133巷30號1樓,121.5733566284,24.9896755219,B,居家服務,臺北市,信義區;大安區;文山區,02-2933-6682,cynthia5434@gmail.com,林亭如,20230322.0,20231231.0,20230322 10:02:31
優活健康顧問有限公司附設臺北市私立優活居家長照機構,1R0100045,1,臺北市,文山區,臺北市文山區景福街133巷30號1樓,121.5733566284,24.9896755219,B,居家服務,臺北市,信義區;大安區;文山區,02-2933-6682,cynthia5434@gmail.com,林亭如,20240101.0,20261231.0,20231229 16:25:46
惠安護康科技有限公司附設臺北市私立惠安居家長照機構,1R0100050,1,臺北市,文山區,臺北市文山區興隆路2段86巷2號1樓,121.5484313965,24.9998111725,B,居家服務,臺北市,大安區;文山區,0952-654002,vicky6575@gmail.com,詹益發,20230906.0,20231231.0,20230906 15:24:10
惠安護康科技有限公司附設臺北市私立惠安居家長照機構,1R0100050,1,臺北市,文山區,臺北市文山區興隆路2段86巷2號1樓,121.5484313965,24.9998111725,B,居家服務,臺北市,大安區;文山區,0952-654002,vicky6575@gmail.com,詹益發,20240101.0,20261231.0,20231229 16:29:29
(基隆)金旺租賃有限公司,BA0100039,BA,臺北市,松山區,臺北市松山區南京東路四段197號7樓,121.5569610596,25.0517578125,B,交通接送服務(DA01),基隆市,中正區;七堵區;暖暖區;仁愛區;中山區;安樂區;信義區,0958-381985,aswishcares@gmail.com,盧逸穎,20250101.0,20271231.0,20250324 11:22:07
沃恩有限公司附設臺北市私立耆樂居家長照機構,1R0100054,1,臺北市,內湖區,臺北市內湖區湖元里成功路2段171號1樓,121.5907058716,25.0661487579,B,居家服務,臺北市,南港區;內湖區,02-27946676,w27946676@gmail.com,林顯寬,20240101.0,20261231.0,20231229 10:10:16
沃恩有限公司附設臺北市私立耆樂居家長照機構,1R0100054,1,臺北市,內湖區,臺北市內湖區湖元里成功路2段171號1樓,121.5907058716,25.0661487579,B,喘息服務,臺北市,南港區;內湖區,02-27946676,w27946676@gmail.com,林顯寬,20250101.0,20261231.0,20241106 19:46:26
悠藝股份有限公司附設臺北市私立悠藝居家長照機構,1V0100043,1,臺北市,中正區,臺北市中正區南福里南昌路2段206號3樓之1,121.524307251,25.0240364075,B,居家服務,臺北市,大安區;中正區;萬華區,02-23650157,yoyicare.hs@gmail.com,吳國豪,20230627.0,20231231.0,20230629 09:04:06
沃恩有限公司附設臺北市私立耆樂居家長照機構,1R0100054,1,臺北市,內湖區,臺北市內湖區湖元里成功路2段171號1樓,121.5907058716,25.0661487579,B,居家服務,臺北市,南港區;內湖區,02-27946676,w27946676@gmail.com,林顯寬,20230706.0,20231231.0,20230714 17:36:11
沃恩有限公司附設臺北市私立耆樂居家長照機構,1R0100054,1,臺北市,內湖區,臺北市內湖區湖元里成功路2段171號1樓,121.5907058716,25.0661487579,B,喘息服務,臺北市,南港區;內湖區,02-27946676,w27946676@gmail.com,林顯寬,20231106.0,20241231.0,20231107 11:37:33
潤田健康有限公司附設臺北市私立潤田居家長照機構,1V0100041,1,臺北市,中正區,臺北市中正區龍福里湖口街1之3號1樓,121.5150299072,25.0327758789,B,居家服務,臺北市,大安區;中正區;大同區,02-23435882,runtian0510@gmail.com,江錦珍,20230505.0,20231231.0,20230509 09:26:08
稻香居家護理所(委託臺北榮民總醫院經營管理),B10100069,B1,臺北市,北投區,臺北市北投區稻香路81號,121.4892883301,25.1409130096,B,專業照護服務,臺北市,士林區;北投區,02-2895-6015,ccli2@vghtpe.gov.tw,李淑娟,20230501.0,20241231.0,20230502 09:20:36
潤田健康有限公司附設臺北市私立潤田居家長照機構,1V0100041,1,臺北市,中正區,臺北市中正區龍福里湖口街1之3號1樓,121.5150299072,25.0327758789,B,喘息服務,臺北市,松山區;信義區;大安區;中正區;大同區;萬華區;文山區,02-23435882,runtian0510@gmail.com,江錦珍,20230414.0,20241231.0,20241105 10:59:55
瑞禾長照有限公司附設私立春江居家長照機構,1R0100053,1,臺北市,中山區,臺北市中山區松江里松江路293之705號(G室),121.531036377,25.0517597198,B,居家服務,臺北市,中山區;內湖區;士林區,02-66236828,Chunjiang@Ruihe.tw,周佳呈,20240101.0,20261231.0,20231229 10:48:11
臺北市政府衛生局委託臺北榮民總醫院經營管理稻陣社區長照機構,2B0100002,2,臺北市,北投區,臺北市北投區稻香路81號5樓,121.4892883301,25.1409130096,B,小規模多機能服務,臺北市,松山區;信義區;大安區;中山區;中正區;大同區;萬華區;文山區;南港區;內湖區;士林區;北投區,02-28958576,daoxiangfacility@gmail.com,陳威明,20240101.0,20261231.0,20240102 11:21:21
惠安護康科技有限公司附設臺北市私立惠安居家長照機構,1R0100050,1,臺北市,文山區,臺北市文山區興隆路2段86巷2號1樓,121.5484313965,24.9998111725,B,喘息服務,臺北市,松山區;信義區;大安區;中山區;中正區;大同區;萬華區;文山區;南港區;內湖區;士林區;北投區,0952-654002,vicky6575@gmail.com,詹益發,20250101.0,20261231.0,20241104 17:49:01
鴻養銀髮事業股份有限公司附設臺北市私立常耕居家長照機構,1R0100056,1,臺北市,大同區,臺北市大同區酒泉街102號2樓,121.5073318481,25.0846652985,B,居家服務,臺北市,大同區;士林區;北投區,02-2815-1091,cc.mars@gmail.com,凃雅亭,20240101.0,20261231.0,20231229 18:25:14
瑞禾長照有限公司附設私立春江居家長照機構,1R0100053,1,臺北市,中山區,臺北市中山區松江里松江路293之705號(G室),121.531036377,25.0517597198,B,居家服務,臺北市,中山區;內湖區;士林區,02-66236828,Chunjiang@Ruihe.tw,周佳呈,20230630.0,20231231.0,20230706 13:52:53
鴻養銀髮事業股份有限公司附設臺北市私立常耕居家長照機構,1R0100056,1,臺北市,大同區,臺北市大同區酒泉街102號2樓,121.5073318481,25.0846652985,B,居家服務,臺北市,大同區;士林區;北投區,02-2815-1091,cc.mars@gmail.com,凃雅亭,20231004.0,20231231.0,20231016 18:18:09
鴻養銀髮事業股份有限公司附設臺北市私立常耕居家長照機構,1R0100056,1,臺北市,大同區,臺北市大同區酒泉街102號2樓,121.5073318481,25.0846652985,B,喘息服務,臺北市,大同區;士林區;北投區,02-2815-1091,cc.mars@gmail.com,凃雅亭,20231002.0,20241231.0,20231003 09:50:55
潤田健康有限公司附設臺北市私立潤田居家長照機構,1V0100041,1,臺北市,中正區,臺北市中正區龍福里湖口街1之3號1樓,121.5150299072,25.0327758789,B,居家服務,臺北市,大安區;中正區;大同區,02-23435882,runtian0510@gmail.com,江錦珍,20240101.0,20261231.0,20231229 09:56:41
鴻養銀髮事業股份有限公司附設臺北市私立常耕居家長照機構,1R0100056,1,臺北市,大同區,臺北市大同區酒泉街102號2樓,121.5073318481,25.0846652985,B,喘息服務,臺北市,大同區;士林區;北投區,02-2815-1091,cc.mars@gmail.com,凃雅亭,20250101.0,20261231.0,20250210 09:59:59
優福國際股份有限公司附設臺北市私立優福居家長照機構,1R0100049,1,臺北市,大同區,臺北市大同區延平北路三段4號5樓(521室),121.5115737915,25.0637702942,B,居家服務,新北市,三重區,0976-804-827,ufo90367886@gmail.com,李盛豊,20250101.0,20271231.0,20241223 14:26:45
優福國際股份有限公司附設臺北市私立優福居家長照機構,1R0100049,1,臺北市,大同區,臺北市大同區延平北路三段4號5樓(521室),121.5115737915,25.0637702942,B,喘息服務,臺北市,信義區;大安區;中山區;中正區;大同區;萬華區,0976-804-827,ufo90367886@gmail.com,李盛豊,20250101.0,20261231.0,20241120 13:55:17
優福國際股份有限公司附設臺北市私立優福居家長照機構,1R0100049,1,臺北市,大同區,臺北市大同區延平北路三段4號5樓(521室),121.5115737915,25.0637702942,B,喘息服務,新北市,三重區,0976-804-827,ufo90367886@gmail.com,李盛豊,20250101.0,20271231.0,20241223 14:27:09
優福國際股份有限公司附設臺北市私立優福居家長照機構,1R0100049,1,臺北市,大同區,臺北市大同區延平北路三段4號5樓(521室),121.5115737915,25.0637702942,B,居家服務,臺北市,大安區;大同區,0976-804-827,ufo90367886@gmail.com,李盛豊,20240101.0,20261231.0,20231229 18:34:37
優福國際股份有限公司附設臺北市私立優福居家長照機構,1R0100049,1,臺北市,大同區,臺北市大同區延平北路三段4號5樓(521室),121.5115737915,25.0637702942,B,喘息服務,臺北市,大安區;中山區;中正區;大同區,0976-804-827,ufo90367886@gmail.com,李盛豊,20230505.0,20231231.0,20230509 16:49:58
優福國際股份有限公司附設臺北市私立優福居家長照機構,1R0100049,1,臺北市,大同區,臺北市大同區延平北路三段4號5樓(521室),121.5115737915,25.0637702942,B,居家服務,臺北市,信義區;大安區;大同區;萬華區,0976-804-827,ufo90367886@gmail.com,李盛豊,20240816.0,20261231.0,20240820 08:39:56
優福國際股份有限公司附設臺北市私立優福居家長照機構,1R0100049,1,臺北市,大同區,臺北市大同區延平北路三段4號5樓(521室),121.5115737915,25.0637702942,B,居家服務,臺北市,大安區;大同區,0976-804-827,ufo90367886@gmail.com,李盛豊,20230505.0,20231231.0,20230509 16:49:58
陳珀勳診所,B20100109,B2,臺北市,北投區,臺北市北投區明德路85號1樓,121.5187225342,25.1089248657,B,居家失能個案家庭醫師照護服務,臺北市,士林區;北投區,02-2820-6263,pohshin@hotmail.com,陳珀勳,20200101.0,20241231.0,20221230 22:17:48
悠藝股份有限公司附設臺北市私立悠藝居家長照機構,1V0100043,1,臺北市,中正區,臺北市中正區南福里南昌路2段206號3樓之1,121.524307251,25.0240364075,B,居家服務,臺北市,大安區;中正區;萬華區,02-23650157,yoyicare.hs@gmail.com,吳國豪,20240101.0,20261231.0,20231229 10:00:10
陳珀勳診所,B20100109,B2,臺北市,北投區,臺北市北投區明德路85號1樓,121.5187225342,25.1089248657,B,居家失能個案家庭醫師照護服務,臺北市,大同區;士林區,02-2820-6263,pohshin@hotmail.com,陳珀勳,20250101.0,20261231.0,20250204 16:07:59
沃恩有限公司附設臺北市私立耆樂居家長照機構,1R0100054,1,臺北市,內湖區,臺北市內湖區湖元里成功路2段171號1樓,121.5907058716,25.0661487579,B,喘息服務,臺北市,松山區;信義區;大安區;中山區;內湖區,02-27946676,w27946676@gmail.com,林顯寬,20250101.0,20261231.0,20241106 19:50:30
財團法人私立健順養護中心受託經營管理本市南港老人服務中心,BD0100092,BD,臺北市,南港區,臺北市南港區重陽路187巷5號1、2樓,121.5987014771,25.057723999,B,營養餐飲服務,臺北市,松山區;信義區;大安區;中山區;中正區;大同區;萬華區;文山區;南港區;內湖區;士林區;北投區,26535311,nkelder@gmail.com,黃禎祥,20190101.0,20231231.0,20230512 17:14:42
財團法人恆安社會福利慈善事業基金會,BD0100093,BD,臺北市,大安區,臺北市大安區群賢里和平東路二段295號12樓,121.5421218872,25.0249919891,A,個案管理服務,臺北市,大安區,02-23331955,hanganhomecare@gmail.com,胡世賢,20230101.0,20241231.0,20230626 15:02:15
財團法人恆安社會福利慈善事業基金會,BD0100093,BD,臺北市,大安區,臺北市大安區群賢里和平東路二段295號12樓,121.5421218872,25.0249919891,A,個案管理服務,臺北市,文山區,02-23331955,hanganhomecare@gmail.com,胡世賢,20250101.0,20261231.0,20241231 16:55:12
財團法人恆安社會福利慈善事業基金會,BD0100093,BD,臺北市,大安區,臺北市大安區群賢里和平東路二段295號12樓,121.5421218872,25.0249919891,A,個案管理服務,臺北市,文山區,02-23331955,hanganhomecare@gmail.com,胡世賢,20230101.0,20241231.0,20230605 09:35:02
財團法人恆安社會福利慈善事業基金會,BD0100093,BD,臺北市,大安區,臺北市大安區群賢里和平東路二段295號12樓,121.5421218872,25.0249919891,A,個案管理服務,臺北市,大安區,02-23331955,hanganhomecare@gmail.com,胡世賢,20230101.0,20241231.0,20230626 15:02:33
財團法人恆安社會福利慈善事業基金會,BD0100093,BD,臺北市,大安區,臺北市大安區群賢里和平東路二段295號12樓,121.5421218872,25.0249919891,A,個案管理服務,臺北市,大安區,02-23331955,hanganhomecare@gmail.com,胡世賢,20250101.0,20261231.0,20241231 16:56:33
臺北市私立衍榕社區長照機構,2X0100013,2,臺北市,信義區,臺北市信義區六合里信義路5段150巷445弄15號,121.5720062256,25.0228290558,B,家庭托顧服務,臺北市,10;15;20;25;30;5;松山區;信義區;大安區;中山區;中正區;大同區;萬華區;文山區;南港區;內湖區;士林區;北投區,0918450137,eden13030@eden.org.tw,謝尾子,20240501.0,20261231.0,20240815 16:35:02
臺北市政府社會局委託財團法人天主教白永恩神父社會福利基金會經營管理稻香身障社區長照機構（日間照顧）,2S0100028,2,臺北市,北投區,臺北市北投區稻香里稻香路81號3樓之1,121.4892883301,25.1409130096,B,日間照顧服務,臺北市,松山區;信義區;大安區;中山區;中正區;大同區;萬華區;文山區;南港區;內湖區;士林區;北投區,2898-8308,beitou-daoxiang@beunen.org.tw,費克強,20230815.0,20241231.0,20230824 12:47:31
天勤健康生活事業有限公司附設臺北市私立天勤居家長照機構,1R0100058,1,臺北市,大安區,臺北市大安區復興南路2段65號6樓之5,121.543800354,25.0306911469,A,個案管理服務,臺北市,大同區,02-2708-0921,tainqin9810@gmail.com,林詠翔,20250101.0,20261231.0,20241231 16:46:13
天勤健康生活事業有限公司附設臺北市私立天勤居家長照機構,1R0100058,1,臺北市,大安區,臺北市大安區復興南路2段65號6樓之5,121.543800354,25.0306911469,B,居家服務,臺北市,松山區;信義區;大安區;大同區;萬華區,02-2708-0921,tainqin9810@gmail.com,林詠翔,20240909.0,20261231.0,20240912 17:10:48
生活交通有限公司,BA0100042,BA,臺北市,中山區,臺北市中山區民權東路一段55號六樓,121.524887085,25.0629062653,B,交通接送服務(DA01),臺北市,松山區;信義區;大安區;中山區;中正區;大同區;萬華區;文山區;南港區;內湖區;士林區;北投區,02-25997667,pingancar168@gmail.com,周政佳,20240101.0,20261231.0,20240327 10:03:48
三合利計程車客運有限公司,BA0100043,BA,臺北市,文山區,臺北市文山區興隆路四段151號2樓之4,121.5617446899,24.9847240448,B,交通接送服務(DA01),臺北市,松山區;信義區;大安區;中山區;中正區;大同區;萬華區;文山區;南港區;內湖區;士林區;北投區,02-2929-0577,hearts1266@gmail.com,蔡豐吉,20240101.0,20261231.0,20240327 10:08:15
臺北市私立衍榕社區長照機構,2X0100013,2,臺北市,信義區,臺北市信義區六合里信義路5段150巷445弄15號,121.5720062256,25.0228290558,B,家庭托顧服務,臺北市,10;15;20;25;30;5;松山區;信義區;大安區;中山區;中正區;大同區;萬華區;文山區;南港區;內湖區;士林區;北投區,0918450137,eden13030@eden.org.tw,謝尾子,20230715.0,20231231.0,20230711 10:58:25
財團法人恆安社會福利慈善事業基金會,BD0100093,BD,臺北市,大安區,臺北市大安區群賢里和平東路二段295號12樓,121.5421218872,25.0249919891,A,個案管理服務,臺北市,大安區,02-23331955,hanganhomecare@gmail.com,胡世賢,20250101.0,20261231.0,20241231 16:57:40
臺北市政府社會局委託財團法人天主教白永恩神父社會福利基金會經營管理稻香身障社區長照機構（日間照顧）,2S0100028,2,臺北市,北投區,臺北市北投區稻香里稻香路81號3樓之1,121.4892883301,25.1409130096,B,日間照顧服務,臺北市,松山區;信義區;大安區;中山區;中正區;大同區;萬華區;文山區;南港區;內湖區;士林區;北投區,2898-8308,beitou-daoxiang@beunen.org.tw,費克強,20250101.0,20271231.0,20250103 11:52:52
臺北市政府社會局委託財團法人天主教白永恩神父社會福利基金會經營管理稻香身障社區長照機構（日間照顧）,2S0100028,2,臺北市,北投區,臺北市北投區稻香里稻香路81號3樓之1,121.4892883301,25.1409130096,B,喘息服務,臺北市,松山區;信義區;大安區;中山區;中正區;大同區;萬華區;文山區;南港區;內湖區;士林區;北投區,2898-8308,beitou-daoxiang@beunen.org.tw,費克強,20241024.0,20261231.0,20241024 14:11:28
臺北市政府社會局委託中華民國紅心字會經營管理臺北市達仁社區長照機構,2R0100019,2,臺北市,信義區,臺北市信義區大道路116號4樓之5,121.5828857422,25.0386161804,B,小規模多機能服務,臺北市,松山區;信義區;大安區;中山區;中正區;大同區;萬華區;文山區;南港區;內湖區;士林區;北投區,8787-0300,xinyitw@yahoo.com.tw,劉緒倫,20240101.0,20261231.0,20240104 15:11:18
天勤健康生活事業有限公司附設臺北市私立天勤居家長照機構,1R0100058,1,臺北市,大安區,臺北市大安區復興南路2段65號6樓之5,121.543800354,25.0306911469,B,喘息服務,臺北市,松山區;信義區;大安區;中山區;中正區;大同區;萬華區;文山區;南港區;內湖區;士林區;北投區,02-2708-0921,tainqin9810@gmail.com,林詠翔,20250101.0,20261231.0,20241030 18:47:56
李細祥內科診所,B20100112,B2,臺北市,大安區,臺北市大安區龍淵里辛亥路二段171巷6弄4號16樓,121.5408935547,25.0219345093,B,居家失能個案家庭醫師照護服務,臺北市,大安區,02-27018159,lee0975360651@gmail.com,李細祥,20250101.0,20261231.0,20250204 16:07:17
保豐堂藥品儀器有限公司,BB0100006,BB,臺北市,萬華區,臺北市萬華區長沙街二段115號1樓,121.5035400391,25.0405292511,B,輔具及居家無障礙環境服務,臺中市,中區;東區;南區;西區;北區;西屯區;南屯區;北屯區;豐原區;東勢區;大甲區;清水區;沙鹿區;梧棲區;后里區;神岡區;潭子區;大雅區;新社區;石岡區;外埔區;大安區;烏日區;大肚區;龍井區;霧峰區;太平區;大里區;和平區,02-23831569,pooh9_999@yahoo.com.tw,王一逸,20230907.0,20240630.0,20240621 15:42:41
天勤健康生活事業有限公司附設臺北市私立天勤居家長照機構,1R0100058,1,臺北市,大安區,臺北市大安區復興南路2段65號6樓之5,121.543800354,25.0306911469,B,居家服務,臺北市,大安區;大同區;萬華區,02-2708-0921,tainqin9810@gmail.com,林詠翔,20231109.0,20231231.0,20231109 17:17:47
天勤健康生活事業有限公司附設臺北市私立天勤居家長照機構,1R0100058,1,臺北市,大安區,臺北市大安區復興南路2段65號6樓之5,121.543800354,25.0306911469,B,喘息服務,臺北市,松山區;信義區;大安區;中山區;中正區;大同區;萬華區;文山區;南港區;內湖區;士林區;北投區,02-2708-0921,tainqin9810@gmail.com,林詠翔,20231215.0,20241231.0,20231218 11:39:14
李細祥內科診所,B20100112,B2,臺北市,大安區,臺北市大安區龍淵里辛亥路二段171巷6弄4號16樓,121.5408935547,25.0219345093,B,居家失能個案家庭醫師照護服務,臺北市,大安區,02-27018159,lee0975360651@gmail.com,李細祥,20230807.0,20241231.0,20230808 16:51:48
天勤健康生活事業有限公司附設臺北市私立天勤居家長照機構,1R0100058,1,臺北市,大安區,臺北市大安區復興南路2段65號6樓之5,121.543800354,25.0306911469,A,個案管理服務,臺北市,大同區,02-2708-0921,tainqin9810@gmail.com,林詠翔,20241223.0,20241231.0,20241220 18:25:39
臺北市政府社會局委託中華民國紅心字會經營管理臺北市廣慈社區長照機構,2R0100018,2,臺北市,信義區,臺北市信義區大道路116號4樓之3,121.5828857422,25.0386161804,B,日間照顧服務,臺北市,松山區;信義區;大安區;中山區;中正區;大同區;萬華區;文山區;南港區;內湖區;士林區;北投區,8787-0300,rhguangcidaycare@gmail.com,劉緒倫,20240101.0,20261231.0,20240104 15:08:49
臺北市政府社會局委託中華民國紅心字會經營管理臺北市廣慈社區長照機構,2R0100018,2,臺北市,信義區,臺北市信義區大道路116號4樓之3,121.5828857422,25.0386161804,B,日間照顧服務,臺北市,松山區;信義區;大安區;中山區;中正區;大同區;萬華區;文山區;南港區;內湖區;士林區;北投區,8787-0300,rhguangcidaycare@gmail.com,劉緒倫,20240101.0,20261231.0,20240104 15:08:49
臺北市政府社會局委託中華民國紅心字會經營管理臺北市廣慈社區長照機構,2R0100018,2,臺北市,信義區,臺北市信義區大道路116號4樓之3,121.5828857422,25.0386161804,B,交通接送服務,臺北市,松山區;信義區;大安區;中山區;中正區;大同區;萬華區;文山區;南港區;內湖區;士林區;北投區,8787-0300,rhguangcidaycare@gmail.com,劉緒倫,20240101.0,20261231.0,20241224 10:37:17
台北欣安耳鼻喉科診所,B20100113,B2,臺北市,北投區,臺北市北投區石牌路一段152號1樓,121.5131454468,25.1142730713,B,居家失能個案家庭醫師照護服務,臺北市,北投區,02-28210501,taipeiheartfamily@gmail.com,李政璋,20230926.0,20241231.0,20230927 10:48:29
明陽保健醫療器材有限公司,BB0100009,BB,臺北市,內湖區,臺北市內湖區成功路2段472號1樓,121.58959198,25.0726547241,B,輔具及居家無障礙環境服務,臺中市,中區;東區;南區;西區;北區;西屯區;南屯區;北屯區;豐原區;東勢區;大甲區;清水區;沙鹿區;梧棲區;后里區;神岡區;潭子區;大雅區;新社區;石岡區;外埔區;大安區;烏日區;大肚區;龍井區;霧峰區;太平區;大里區;和平區,02-27906610,mayoraison28286050@gmail.com,陳達立,20230925.0,20240630.0,20231003 17:41:06
臺北市政府衛生局委託臺北榮民總醫院經營管理稻香社區長照機構,2G0100001,2,臺北市,北投區,臺北市北投區稻香路81號4樓,121.4892883301,25.1409130096,B,喘息服務,臺北市,松山區;信義區;大安區;中山區;中正區;大同區;萬華區;文山區;南港區;內湖區;士林區;北投區,02-28958575,daoxiangfacility@gmail.com,陳威明,20240226.0,20241231.0,20240226 13:35:52
好服有限公司附設臺北市私立顧得豪居家長照機構,1V0100044,1,臺北市,萬華區,臺北市萬華區新安里萬大路187巷42號1樓,121.501449585,25.0280723572,B,居家服務,臺北市,萬華區,0928431620,biguncle52@gmail.com,許祥熙,20231024.0,20231231.0,20231110 17:47:32
好服有限公司附設臺北市私立顧得豪居家長照機構,1V0100044,1,臺北市,萬華區,臺北市萬華區新安里萬大路187巷42號1樓,121.501449585,25.0280723572,B,居家服務,臺北市,萬華區,0928431620,biguncle52@gmail.com,許祥熙,20240101.0,20261231.0,20231229 18:18:35
靜安健康股份有限公司附設臺北市私立靜安健康居家長照機構,1R0100061,1,臺北市,南港區,臺北市南港區玉成街89之1號1樓,121.5821914673,25.0474319458,B,喘息服務,臺北市,松山區;信義區;大安區;中山區;中正區;大同區;萬華區;文山區;南港區;內湖區;士林區;北投區,0225700258,ejj4ejj4@serene-elderlycare.com,孫維欣,20240201.0,20241231.0,20240202 09:21:47
靜安健康股份有限公司附設臺北市私立靜安健康居家長照機構,1R0100061,1,臺北市,南港區,臺北市南港區玉成街89之1號1樓,121.5821914673,25.0474319458,B,喘息服務,臺北市,松山區;信義區;大安區;中山區;中正區;大同區;萬華區;文山區;南港區;內湖區;士林區;北投區,0225700258,ejj4ejj4@serene-elderlycare.com,孫維欣,20250101.0,20261231.0,20241120 15:31:23
靜安健康股份有限公司附設臺北市私立靜安健康居家長照機構,1R0100061,1,臺北市,南港區,臺北市南港區玉成街89之1號1樓,121.5821914673,25.0474319458,B,居家服務,臺北市,信義區;大安區,0225700258,ejj4ejj4@serene-elderlycare.com,孫維欣,20240103.0,20261231.0,20240109 14:09:46
明陽保健醫療器材有限公司,BB0100009,BB,臺北市,內湖區,臺北市內湖區成功路2段472號1樓,121.58959198,25.0726547241,B,輔具及居家無障礙環境服務,臺中市,中區;東區;南區;西區;北區;西屯區;南屯區;北屯區;豐原區;東勢區;大甲區;清水區;沙鹿區;梧棲區;后里區;神岡區;潭子區;大雅區;新社區;石岡區;外埔區;大安區;烏日區;大肚區;龍井區;霧峰區;太平區;大里區;和平區,02-27906610,mayoraison28286050@gmail.com,陳達立,20240701.0,20270630.0,20240821 17:12:37
社團法人台灣認知功能促進協會附設臺北市私立敬智學苑社區長照機構,2R0100017,2,臺北市,內湖區,臺北市內湖區石潭里新明路22號2樓,121.5907897949,25.0609512329,B,喘息服務,臺北市,松山區;信義區;大安區;中山區;中正區;大同區;萬華區;文山區;南港區;內湖區;士林區;北投區,2790-0907,Info.tcea@tcea-taiwan.com,甄瑞興,20230602.0,20241231.0,20230605 09:48:12
社團法人台灣認知功能促進協會附設臺北市私立敬智學苑社區長照機構,2R0100017,2,臺北市,內湖區,臺北市內湖區石潭里新明路22號2樓,121.5907897949,25.0609512329,B,日間照顧服務,臺北市,松山區;信義區;大安區;中山區;中正區;大同區;萬華區;文山區;南港區;內湖區;士林區;北投區,2790-0907,Info.tcea@tcea-taiwan.com,甄瑞興,20230306.0,20241231.0,20230315 14:33:04
社團法人台灣認知功能促進協會附設臺北市私立敬智學苑社區長照機構,2R0100017,2,臺北市,內湖區,臺北市內湖區石潭里新明路22號2樓,121.5907897949,25.0609512329,B,日間照顧服務,臺北市,松山區;信義區;大安區;中山區;中正區;大同區;萬華區;文山區;南港區;內湖區;士林區;北投區,2790-0907,Info.tcea@tcea-taiwan.com,甄瑞興,20240101.0,20261231.0,20240102 11:16:05
社團法人台灣認知功能促進協會附設臺北市私立敬智學苑社區長照機構,2R0100017,2,臺北市,內湖區,臺北市內湖區石潭里新明路22號2樓,121.5907897949,25.0609512329,B,喘息服務,臺北市,松山區;信義區;大安區;中山區;中正區;大同區;萬華區;文山區;南港區;內湖區;士林區;北投區,2790-0907,Info.tcea@tcea-taiwan.com,甄瑞興,20250101.0,20261231.0,20250204 15:09:39
臺北市政府衛生局委託臺北榮民總醫院經營管理稻香社區長照機構,2G0100001,2,臺北市,北投區,臺北市北投區稻香路81號4樓,121.4892883301,25.1409130096,B,小規模多機能服務,新北市,淡水區,02-28958575,daoxiangfacility@gmail.com,陳威明,20250101.0,20271231.0,20241227 15:34:32
臺北市政府衛生局委託臺北榮民總醫院經營管理稻香社區長照機構,2G0100001,2,臺北市,北投區,臺北市北投區稻香路81號4樓,121.4892883301,25.1409130096,B,喘息服務,新北市,淡水區,02-28958575,daoxiangfacility@gmail.com,陳威明,20250101.0,20271231.0,20241227 15:35:05
臺北市政府衛生局委託臺北榮民總醫院經營管理稻香社區長照機構,2G0100001,2,臺北市,北投區,臺北市北投區稻香路81號4樓,121.4892883301,25.1409130096,B,喘息服務,臺北市,松山區;信義區;大安區;中山區;中正區;大同區;萬華區;文山區;南港區;內湖區;士林區;北投區,02-28958575,daoxiangfacility@gmail.com,陳威明,20250101.0,20261231.0,20250204 15:29:40
保豐堂藥品儀器有限公司,BB0100006,BB,臺北市,萬華區,臺北市萬華區長沙街二段115號1樓,121.5035400391,25.0405292511,B,輔具及居家無障礙環境服務,臺中市,中區;東區;南區;西區;北區;西屯區;南屯區;北屯區;豐原區;東勢區;大甲區;清水區;沙鹿區;梧棲區;后里區;神岡區;潭子區;大雅區;新社區;石岡區;外埔區;大安區;烏日區;大肚區;龍井區;霧峰區;太平區;大里區;和平區,02-23831569,pooh9_999@yahoo.com.tw,王一逸,20240701.0,20270630.0,20240618 08:41:56
台北欣安耳鼻喉科診所,B20100113,B2,臺北市,北投區,臺北市北投區石牌路一段152號1樓,121.5131454468,25.1142730713,B,居家失能個案家庭醫師照護服務,臺北市,北投區,02-28210501,taipeiheartfamily@gmail.com,李政璋,20250101.0,20261231.0,20250204 16:23:41
臺北市政府衛生局委託臺北榮民總醫院經營管理稻香社區長照機構,2G0100001,2,臺北市,北投區,臺北市北投區稻香路81號4樓,121.4892883301,25.1409130096,B,日間照顧服務,新北市,淡水區,02-28958575,daoxiangfacility@gmail.com,陳威明,20250101.0,20271231.0,20241227 15:34:44
臺北市政府衛生局委託臺北榮民總醫院經營管理稻香社區長照機構,2G0100001,2,臺北市,北投區,臺北市北投區稻香路81號4樓,121.4892883301,25.1409130096,B,日間照顧服務,臺北市,松山區;信義區;大安區;中山區;中正區;大同區;萬華區;文山區;南港區;內湖區;士林區;北投區,02-28958575,daoxiangfacility@gmail.com,陳威明,20230330.0,20251231.0,20230330 09:09:24
臺北市私立意善園社區長照機構,2X0100012,2,臺北市,北投區,臺北市北投區行義路124巷3號1樓,121.5292282104,25.1289024353,B,喘息服務,臺北市,松山區;信義區;大安區;中山區;中正區;大同區;萬華區;文山區;南港區;內湖區;士林區;北投區,02-28772666,daycareliving@gmail.com,林玟葉,20230905.0,20241231.0,20230907 11:56:18
小藥師健保藥局,BB0100003,BB,臺北市,南港區,臺北市南港區百福里福德街320之1號1樓,121.5879821777,25.0394821167,B,輔具及居家無障礙環境服務,臺中市,中區;東區;南區;西區;北區;西屯區;南屯區;北屯區;豐原區;東勢區;大甲區;清水區;沙鹿區;梧棲區;后里區;神岡區;潭子區;大雅區;新社區;石岡區;外埔區;大安區;烏日區;大肚區;龍井區;霧峰區;太平區;大里區;和平區,02-27867002,a0227867002@gmail.com,江芝瑩,20240701.0,20270630.0,20240812 18:03:31
財團法人天主教失智老人社會福利基金會受託經營管理本市萬華老人服務中心,BD0100091,BD,臺北市,萬華區,臺北市萬華區西寧南路4號A棟3樓,121.5070419312,25.0479316711,B,營養餐飲服務,臺北市,松山區;信義區;大安區;中山區;中正區;大同區;萬華區;文山區;南港區;內湖區;士林區;北投區,2361-0666,who.cfad@gmail.com,鍾安住,20230101.0,20231231.0,20230512 17:12:30
臺北市政府衛生局委託臺北榮民總醫院經營管理稻香社區長照機構,2G0100001,2,臺北市,北投區,臺北市北投區稻香路81號4樓,121.4892883301,25.1409130096,B,小規模多機能服務,臺北市,松山區;信義區;大安區;中山區;中正區;大同區;萬華區;文山區;南港區;內湖區;士林區;北投區,02-28958575,daoxiangfacility@gmail.com,陳威明,20250101.0,20261231.0,20250204 15:57:09
小藥師健保藥局,BB0100003,BB,臺北市,南港區,臺北市南港區百福里福德街320之1號1樓,121.5879821777,25.0394821167,B,輔具及居家無障礙環境服務,臺中市,中區;東區;南區;西區;北區;西屯區;南屯區;北屯區;豐原區;東勢區;大甲區;清水區;沙鹿區;梧棲區;后里區;神岡區;潭子區;大雅區;新社區;石岡區;外埔區;大安區;烏日區;大肚區;龍井區;霧峰區;太平區;大里區;和平區,02-27867002,a0227867002@gmail.com,江芝瑩,20230306.0,20240630.0,20230313 11:45:38
臺北市私立意善園社區長照機構,2X0100012,2,臺北市,北投區,臺北市北投區行義路124巷3號1樓,121.5292282104,25.1289024353,B,日間照顧服務,臺北市,松山區;信義區;大安區;中山區;中正區;大同區;萬華區;文山區;南港區;內湖區;士林區;北投區,02-28772666,daycareliving@gmail.com,林玟葉,20240101.0,20261231.0,20240102 11:04:30
社團法人台灣長善社群發展協會,BA0100041,BA,臺北市,中山區,臺北市中山區民權東路一段55號10樓,121.524887085,25.0629062653,B,交通接送服務(DA01),臺北市,松山區;信義區;大安區;中山區;中正區;大同區;萬華區;文山區;南港區;內湖區;士林區;北投區,02-77230798,tgcd827@gmail.com,陳金棍,20240101.0,20261231.0,20240327 10:02:06
施達實業有限公司附設臺北市私立施達社區長照機構,2V0100008,2,臺北市,士林區,臺北市士林區德行東路109巷104號2樓,121.5288543701,25.110956192,B,日間照顧服務,臺北市,松山區;信義區;大安區;中山區;中正區;大同區;萬華區;文山區;南港區;內湖區;士林區;北投區,28381313,starstory1313@gmail.com,施婉苓,20230619.0,20231231.0,20230617 16:14:00
臺北市立聯合醫院附設仁愛居家護理所,B10100070,B1,臺北市,大安區,臺北市大安區仁愛路4段10號,121.5453033447,25.0375404358,B,專業照護服務,臺北市,信義區;大安區;文山區,02-27093600#1227,B5215@tpech.gov.tw,林欣文,20250101.0,20261231.0,20241030 09:59:24
臺北市私立寶貝社區長照機構,2X0100011,2,臺北市,北投區,臺北市北投區關渡里知行路245巷14號1樓,121.4665145874,25.1208152771,B,家庭托顧服務,臺北市,10;15;5;松山區;信義區;大安區;中山區;中正區;大同區;萬華區;文山區;南港區;內湖區;士林區;北投區,0926186370,crazymark33@gmail.com,林嘉銘,20240101.0,20261231.0,20240206 10:59:36
臺北市私立寶貝社區長照機構,2X0100011,2,臺北市,北投區,臺北市北投區關渡里知行路245巷14號1樓,121.4665145874,25.1208152771,B,家庭托顧服務,新北市,10;5;淡水區,0926186370,crazymark33@gmail.com,林嘉銘,20250101.0,20271231.0,20241203 11:53:42
臺北市私立意善園社區長照機構,2X0100012,2,臺北市,北投區,臺北市北投區行義路124巷3號1樓,121.5292282104,25.1289024353,B,喘息服務,臺北市,松山區;信義區;大安區;中山區;中正區;大同區;萬華區;文山區;南港區;內湖區;士林區;北投區,02-28772666,daycareliving@gmail.com,林玟葉,20250101.0,20261231.0,20250204 15:27:06
施達實業有限公司附設臺北市私立施達社區長照機構,2V0100008,2,臺北市,士林區,臺北市士林區德行東路109巷104號2樓,121.5288543701,25.110956192,B,日間照顧服務,臺北市,松山區;信義區;大安區;中山區;中正區;大同區;萬華區;文山區;南港區;內湖區;士林區;北投區,28381313,starstory1313@gmail.com,施婉苓,20240101.0,20251231.0,20240116 13:58:44
臺北市私立意善園社區長照機構,2X0100012,2,臺北市,北投區,臺北市北投區行義路124巷3號1樓,121.5292282104,25.1289024353,B,日間照顧服務,臺北市,松山區;信義區;大安區;中山區;中正區;大同區;萬華區;文山區;南港區;內湖區;士林區;北投區,02-28772666,daycareliving@gmail.com,林玟葉,20230815.0,20231231.0,20230824 14:54:35
臺北市立聯合醫院附設仁愛居家護理所,B10100070,B1,臺北市,大安區,臺北市大安區仁愛路4段10號,121.5453033447,25.0375404358,B,專業照護服務,臺北市,信義區;大安區;文山區,02-27093600#1227,B5215@tpech.gov.tw,林欣文,20230706.0,20241231.0,20230706 14:37:10
大安健康股份有限公司附設臺北市私立大安居家長照機構,1R0100059,1,臺北市,內湖區,臺北市內湖區寶湖里民權東路6段123巷16號6樓,121.5927505493,25.0694465637,B,居家服務,臺北市,松山區;信義區;內湖區,02-8792-2936,daan.homecare@gmail.com,呂以寧,20231228.0,20261231.0,20231228 18:32:52
大安健康股份有限公司附設臺北市私立大安居家長照機構,1R0100059,1,臺北市,內湖區,臺北市內湖區寶湖里民權東路6段123巷16號6樓,121.5927505493,25.0694465637,B,喘息服務,臺北市,松山區;信義區;大安區;中山區;內湖區,02-8792-2936,daan.homecare@gmail.com,呂以寧,20240206.0,20241231.0,20240207 09:46:49
聯心健康顧問有限公司附設臺北市私立聯珩居家長照機構,1V0100046,1,臺北市,大安區,臺北市大安區和安里復興南路1段368號13樓(A6),121.5433959961,25.0349349976,B,喘息服務,臺北市,松山區;信義區;大安區;中山區;中正區;大同區;萬華區;文山區;南港區;內湖區;士林區;北投區,02-2701-5685,he.lienheng888@gmail.com,王維珩,20240429.0,20241231.0,20240430 09:08:50
臺北市私立康福之家社區長照機構,2X0100014,2,臺北市,北投區,臺北市北投區知行路1巷15號,121.4655380249,25.1183853149,B,家庭托顧服務,臺北市,10;15;5;松山區;信義區;大安區;中山區;中正區;大同區;萬華區;文山區;南港區;內湖區;士林區;北投區,0916536483,cao0916536483@gmail.com,曹語宸,20240101.0,20261231.0,20240206 11:04:40
真心健康事業有限公司附設臺北市私立真心居家長照機構,1R0100063,1,臺北市,大同區,臺北市大同區延平里歸綏街209號5樓之1,121.5141677856,25.0588035583,B,喘息服務,臺北市,松山區;信義區;大安區;中山區;中正區;大同區;萬華區;文山區;南港區;內湖區;士林區;北投區,02-2550-0108,jenshing2023@gmail.com,莊媞涵,20250101.0,20261231.0,20241106 19:38:41
社團法人台灣長期照顧教育訓練協會,BA0100044,BA,臺北市,北投區,臺北市北投區磺港路263號,121.5032501221,25.1236076355,B,交通接送服務(DA01),臺北市,松山區;信義區;大安區;中山區;中正區;大同區;萬華區;文山區;南港區;內湖區;士林區;北投區,02-28981259,tltceta@gmail.com,倪玲娜,20240101.0,20261231.0,20240327 10:05:34
真心健康事業有限公司附設臺北市私立真心居家長照機構,1R0100063,1,臺北市,大同區,臺北市大同區延平里歸綏街209號5樓之1,121.5141677856,25.0588035583,B,喘息服務,臺北市,松山區;信義區;大安區;中山區;中正區;大同區;萬華區;文山區;南港區;內湖區;士林區;北投區,02-2550-0108,jenshing2023@gmail.com,莊媞涵,20240703.0,20241231.0,20240704 08:42:50
真心健康事業有限公司附設臺北市私立真心居家長照機構,1R0100063,1,臺北市,大同區,臺北市大同區延平里歸綏街209號5樓之1,121.5141677856,25.0588035583,B,居家服務,臺北市,大同區;萬華區;士林區,02-2550-0108,jenshing2023@gmail.com,莊媞涵,20240528.0,20261231.0,20240529 16:57:18
大安健康股份有限公司附設臺北市私立大安居家長照機構,1R0100059,1,臺北市,內湖區,臺北市內湖區寶湖里民權東路6段123巷16號6樓,121.5927505493,25.0694465637,B,喘息服務,臺北市,松山區;信義區;大安區;中山區;內湖區,02-8792-2936,daan.homecare@gmail.com,呂以寧,20250101.0,20261231.0,20241106 19:55:39
益百利國際實業有限公司,BB0100005,BB,臺北市,文山區,臺北市文山區景興路42巷8弄2、4號1樓,121.5428466797,24.9972381592,B,輔具及居家無障礙環境服務,臺中市,中區;東區;南區;西區;北區;西屯區;南屯區;北屯區;豐原區;東勢區;大甲區;清水區;沙鹿區;梧棲區;后里區;神岡區;潭子區;大雅區;新社區;石岡區;外埔區;大安區;烏日區;大肚區;龍井區;霧峰區;太平區;大里區;和平區,02-23681235,ebaili@100power.com.tw,蔡博文,20240701.0,20270630.0,20241120 10:15:35
聯心健康顧問有限公司附設臺北市私立聯珩居家長照機構,1V0100046,1,臺北市,大安區,臺北市大安區和安里復興南路1段368號13樓(A6),121.5433959961,25.0349349976,B,居家服務,臺北市,松山區;信義區;大安區,02-2701-5685,he.lienheng888@gmail.com,王維珩,20231222.0,20261231.0,20231229 16:03:27
臺北市私立樂齡居家長照機構,1X0100042,1,臺北市,大同區,臺北市大同區重慶北路一段30號3樓(322室),121.5135574341,25.0508613586,B,居家服務,臺北市,大同區;萬華區,0920-851-115,mag35733@gmail.com,陳秉睿,20231121.0,20231231.0,20231127 17:23:20
臺北市私立樂齡居家長照機構,1X0100042,1,臺北市,大同區,臺北市大同區重慶北路一段30號3樓(322室),121.5135574341,25.0508613586,B,居家服務,臺北市,松山區;大安區;大同區;萬華區,0920-851-115,mag35733@gmail.com,陳秉睿,20241011.0,20261231.0,20241014 17:43:28
愛斯特居服有限公司附設臺北市私立愛斯特居家長照機構,1R0100060,1,臺北市,大同區,臺北市大同區建明里市民大道一段211號11樓之27,121.518409729,25.0491333008,B,喘息服務,臺北市,松山區;大安區;大同區;萬華區;士林區,0922-225499,esther.careforyou@gmail.com,薛弼仁,20240118.0,20241231.0,20241112 20:19:25
聯心健康顧問有限公司附設臺北市私立聯珩居家長照機構,1V0100046,1,臺北市,大安區,臺北市大安區和安里復興南路1段368號13樓(A6),121.5433959961,25.0349349976,B,喘息服務,臺北市,松山區;信義區;大安區;中山區;中正區;大同區;萬華區;文山區;南港區;內湖區;士林區;北投區,02-2701-5685,he.lienheng888@gmail.com,王維珩,20250101.0,20261231.0,20241120 15:03:37
雲朵實業股份有限公司附設臺北市私立太陽社區長照機構,2V0100009,2,臺北市,中山區,臺北市中山區中山北路三段53-4號5樓,121.5229492188,25.0678920746,B,日間照顧服務,臺北市,松山區;信義區;大安區;中山區;中正區;大同區;萬華區;文山區;南港區;內湖區;士林區;北投區,2599-1135,cloudceo2023@gmail.com,方明,20240101.0,20261231.0,20240104 16:16:55
愛斯特居服有限公司附設臺北市私立愛斯特居家長照機構,1R0100060,1,臺北市,大同區,臺北市大同區建明里市民大道一段211號11樓之27,121.518409729,25.0491333008,B,喘息服務,臺北市,松山區;大安區;大同區;萬華區;士林區,0922-225499,esther.careforyou@gmail.com,薛弼仁,20250101.0,20261231.0,20241125 18:32:26
財團法人中保關懷社會福利基金會附設臺北市私立芝山社區長照機構,2S0100029,2,臺北市,士林區,臺北市士林區德行東路285號忠孝樓3樓,121.5364303589,25.1103858948,B,日間照顧服務,臺北市,松山區;信義區;大安區;中山區;中正區;大同區;萬華區;文山區;南港區;內湖區;士林區;北投區,28330868,peggy120622@gmail.com,洪培修,20230828.0,20231231.0,20230905 16:39:35
愛馨居服有限公司附設臺北市私立松山悅馨社區長照機構,2V0100010,2,臺北市,松山區,臺北市松山區南京東路5段230號2樓之4、2樓之5及2樓之6,121.5656814575,25.0511760712,B,日間照顧服務,臺北市,松山區;信義區;大安區;中山區;中正區;大同區;萬華區;文山區;南港區;內湖區;士林區;北投區,87862031,yueshindaycare@gmail.com,傅翰強,20240101.0,20261231.0,20240104 15:03:00
臺北市私立容禾居家長照機構,1X0100043,1,臺北市,大同區,臺北市大同區承德路三段109號4樓,121.5185852051,25.0667552948,B,居家服務,臺北市,大同區,02-25950562,rongho2023@gmail.com,詹玉容,20240312.0,20261231.0,20240508 13:30:39
臺北市私立容禾居家長照機構,1X0100043,1,臺北市,大同區,臺北市大同區承德路三段109號4樓,121.5185852051,25.0667552948,B,居家服務,臺北市,大同區;士林區,02-25950562,rongho2023@gmail.com,詹玉容,20250116.0,20261231.0,20250120 11:17:56
臺北市私立容禾居家長照機構,1X0100043,1,臺北市,大同區,臺北市大同區承德路三段109號4樓,121.5185852051,25.0667552948,B,喘息服務,臺北市,大安區;大同區;士林區,02-25950562,rongho2023@gmail.com,詹玉容,20250101.0,20261231.0,20241104 18:47:20
臺北市私立樂齡居家長照機構,1X0100042,1,臺北市,大同區,臺北市大同區重慶北路一段30號3樓(322室),121.5135574341,25.0508613586,B,喘息服務,臺北市,中山區;中正區;大同區;萬華區,0920-851-115,mag35733@gmail.com,陳秉睿,20250101.0,20261231.0,20241104 17:55:14
雲朵實業股份有限公司附設臺北市私立太陽社區長照機構,2V0100009,2,臺北市,中山區,臺北市中山區中山北路三段53-4號5樓,121.5229492188,25.0678920746,B,日間照顧服務,臺北市,松山區;信義區;大安區;中山區;中正區;大同區;萬華區;文山區;南港區;內湖區;士林區;北投區,2599-1135,cloudceo2023@gmail.com,方明,20240101.0,20261231.0,20240104 16:16:55
長安東診所,B20100114,B2,臺北市,中山區,臺北市中山區長安東路2段50之2號1樓,121.5323638916,25.0483627319,B,居家失能個案家庭醫師照護服務,臺北市,松山區;信義區;大安區;中山區;中正區;大同區;萬華區;文山區;南港區;內湖區;士林區;北投區,02-25670014,hirokuo2000@yahoo.co.jp,郭柏宏,20230927.0,20241231.0,20230928 19:16:01
財團法人中保關懷社會福利基金會附設臺北市私立芝山社區長照機構,2S0100029,2,臺北市,士林區,臺北市士林區德行東路285號忠孝樓3樓,121.5364303589,25.1103858948,B,日間照顧服務,臺北市,松山區;信義區;大安區;中山區;中正區;大同區;萬華區;文山區;南港區;內湖區;士林區;北投區,28330868,peggy120622@gmail.com,洪培修,20240101.0,20261231.0,20240102 11:58:37
臺北市私立容禾居家長照機構,1X0100043,1,臺北市,大同區,臺北市大同區承德路三段109號4樓,121.5185852051,25.0667552948,B,喘息服務,臺北市,大安區;大同區;士林區,02-25950562,rongho2023@gmail.com,詹玉容,20230310.0,20261231.0,20240417 14:28:08
長安東診所,B20100114,B2,臺北市,中山區,臺北市中山區長安東路2段50之2號1樓,121.5323638916,25.0483627319,B,居家失能個案家庭醫師照護服務,臺北市,松山區;信義區;大安區;中山區;中正區;大同區;萬華區;文山區;南港區;內湖區;士林區;北投區,02-25670014,hirokuo2000@yahoo.co.jp,郭柏宏,20250101.0,20261231.0,20250204 16:10:08
臺北市私立樂齡居家長照機構,1X0100042,1,臺北市,大同區,臺北市大同區重慶北路一段30號3樓(322室),121.5135574341,25.0508613586,B,喘息服務,臺北市,中山區;中正區;大同區;萬華區,0920-851-115,mag35733@gmail.com,陳秉睿,20240125.0,20241231.0,20240125 17:45:39
財團法人高雄市私立聖和社會福利慈善事業基金會附設臺北市私立小彎社區長照機構,2S0100030,2,臺北市,南港區,臺北市南港區向陽路248號1樓,121.5934143066,25.0572185516,B,喘息服務,臺北市,松山區;信義區;大安區;中山區;中正區;大同區;萬華區;文山區;南港區;內湖區;士林區;北投區,02-27836609,yi89313@yahoo.com.tw,林文雄,20250101.0,20261231.0,20250204 15:31:38
財團法人高雄市私立聖和社會福利慈善事業基金會附設臺北市私立小彎社區長照機構,2S0100030,2,臺北市,南港區,臺北市南港區向陽路248號1樓,121.5934143066,25.0572185516,B,喘息服務,臺北市,松山區;信義區;大安區;中山區;中正區;大同區;萬華區;文山區;南港區;內湖區;士林區;北投區,02-27836609,yi89313@yahoo.com.tw,林文雄,20240125.0,20241231.0,20240125 17:44:34
臺北市私立樂齡居家長照機構,1X0100042,1,臺北市,大同區,臺北市大同區重慶北路一段30號3樓(322室),121.5135574341,25.0508613586,B,居家服務,臺北市,大同區;萬華區,0920-851-115,mag35733@gmail.com,陳秉睿,20240101.0,20261231.0,20231229 10:18:55
愛斯特居服有限公司附設臺北市私立愛斯特居家長照機構,1R0100060,1,臺北市,大同區,臺北市大同區建明里市民大道一段211號11樓之27,121.518409729,25.0491333008,B,居家服務,臺北市,松山區;大安區;大同區;萬華區;士林區,0922-225499,esther.careforyou@gmail.com,薛弼仁,20241014.0,20261231.0,20241017 14:06:41
愛斯特居服有限公司附設臺北市私立愛斯特居家長照機構,1R0100060,1,臺北市,大同區,臺北市大同區建明里市民大道一段211號11樓之27,121.518409729,25.0491333008,B,居家服務,臺北市,大同區;萬華區,0922-225499,esther.careforyou@gmail.com,薛弼仁,20231219.0,20261231.0,20231219 16:22:06
愛馨居服有限公司附設臺北市私立松山悅馨社區長照機構,2V0100010,2,臺北市,松山區,臺北市松山區南京東路5段230號2樓之4、2樓之5及2樓之6,121.5656814575,25.0511760712,B,日間照顧服務,臺北市,松山區;信義區;大安區;中山區;中正區;大同區;萬華區;文山區;南港區;內湖區;士林區;北投區,87862031,yueshindaycare@gmail.com,傅翰強,20240101.0,20261231.0,20240104 15:03:00
花甲樂股份有限公司附設臺北市私立文山花甲樂社區長照機構,2V0100011,2,臺北市,文山區,臺北市文山區景興路222號1樓,121.5432815552,24.9910984039,B,喘息服務,臺北市,松山區;信義區;大安區;中山區;中正區;大同區;萬華區;文山區;南港區;內湖區;士林區;北投區,29302806,huajiale2022@gmail.com,唐于婷,20240315.0,20241231.0,20240315 11:59:56
臺北市立聯合醫院附設陽明居家護理所,B10100071,B1,臺北市,士林區,臺北市士林區雨聲街105號6樓,1.0,1.0,B,專業照護服務,臺北市,士林區;北投區,02-28353456*6306,B1655@tpech.gov.tw,陳雅芳,20231128.0,20241231.0,20231130 09:53:03
財團法人天主教失智老人社會福利基金會,BD0100089,BD,臺北市,萬華區,臺北市萬華區德昌街125巷11號,121.4969329834,25.023639679,A,個案管理服務,臺北市,萬華區,02-23096500,a23096500@gmail.com,鍾安住,20250101.0,20261231.0,20241231 17:01:27
順康儀器有限公司,BB0100007,BB,臺北市,內湖區,臺北市內湖區湖興里成功路二段440號,121.5895614624,25.0718383789,B,輔具及居家無障礙環境服務,臺中市,中區;東區;南區;西區;北區;西屯區;南屯區;北屯區;豐原區;東勢區;大甲區;清水區;沙鹿區;梧棲區;后里區;神岡區;潭子區;大雅區;新社區;石岡區;外埔區;大安區;烏日區;大肚區;龍井區;霧峰區;太平區;大里區;和平區,02-27967819,surewellcome@gmail.com,陳嬋真,20240701.0,20270630.0,20240730 11:04:18
弘新醫療器材有限公司,BB0100010,BB,臺北市,士林區,臺北市士林區文昌路108號1樓,121.5210952759,25.0967292786,B,輔具及居家無障礙環境服務,臺中市,中區;東區;南區;西區;北區;西屯區;南屯區;北屯區;豐原區;東勢區;大甲區;清水區;沙鹿區;梧棲區;后里區;神岡區;潭子區;大雅區;新社區;石岡區;外埔區;大安區;烏日區;大肚區;龍井區;霧峰區;太平區;大里區;和平區,02-28359103,homething1996@gmail.com,張創誠,20240701.0,20270630.0,20240815 19:59:08
財團法人老五老基金會,BD0100094,BD,臺北市,北投區,臺北市北投區石牌路一段14號,121.5107498169,25.1131153107,A,個案管理服務,臺北市,北投區,02-28212959,bt@ofo.org.tw,陳麗欣,20230731.0,20241231.0,20250114 18:20:18
財團法人高雄市私立聖和社會福利慈善事業基金會附設臺北市私立小彎社區長照機構,2S0100030,2,臺北市,南港區,臺北市南港區向陽路248號1樓,121.5934143066,25.0572185516,B,小規模多機能服務,臺北市,松山區;信義區;大安區;中山區;中正區;大同區;萬華區;文山區;南港區;內湖區;士林區;北投區,02-27836609,yi89313@yahoo.com.tw,林文雄,20231204.0,20251231.0,20231205 15:22:57
財團法人高雄市私立聖和社會福利慈善事業基金會附設臺北市私立小彎社區長照機構,2S0100030,2,臺北市,南港區,臺北市南港區向陽路248號1樓,121.5934143066,25.0572185516,B,小規模多機能服務,臺北市,松山區;信義區;大安區;中山區;中正區;大同區;萬華區;文山區;南港區;內湖區;士林區;北投區,02-27836609,yi89313@yahoo.com.tw,林文雄,20250101.0,20261231.0,20250204 15:58:14
財團法人高雄市私立聖和社會福利慈善事業基金會附設臺北市私立小彎社區長照機構,2S0100030,2,臺北市,南港區,臺北市南港區向陽路248號1樓,121.5934143066,25.0572185516,B,小規模多機能服務,新北市,淡水區;汐止區,02-27836609,yi89313@yahoo.com.tw,林文雄,20250101.0,20271231.0,20250110 11:16:19
財團法人高雄市私立聖和社會福利慈善事業基金會附設臺北市私立小彎社區長照機構,2S0100030,2,臺北市,南港區,臺北市南港區向陽路248號1樓,121.5934143066,25.0572185516,B,喘息服務,新北市,淡水區;汐止區,02-27836609,yi89313@yahoo.com.tw,林文雄,20250101.0,20271231.0,20250110 11:16:43
臺北市立聯合醫院附設陽明居家護理所,B10100071,B1,臺北市,士林區,臺北市士林區雨聲街105號6樓,1.0,1.0,B,專業照護服務,臺北市,士林區;北投區,02-28353456*6306,B1655@tpech.gov.tw,陳雅芳,20250101.0,20261231.0,20241030 09:58:17
皓仁健康照護事業有限公司附設臺北市私立皓仁居家長照機構,1V0100047,1,臺北市,大安區,臺北市大安區大安區四維路198巷29號2樓,121.5474777222,25.0267086029,B,居家服務,臺北市,信義區;大安區;文山區,0977-028-916,dale@haoren.com.tw,謝李麗雲,20240101.0,20261231.0,20231229 11:17:45
國亨行銷事業股份有限公司附設臺北市私立好好社區長照機構,2R0100020,2,臺北市,北投區,臺北市北投區豐年里大業路527巷33號1樓,121.4912567139,25.137342453,B,日間照顧服務,臺北市,松山區;信義區;大安區;中山區;中正區;大同區;萬華區;文山區;南港區;內湖區;士林區;北投區,02-28977118,howhow527331@gmail.com,馬佳徵,20240501.0,20261231.0,20240507 17:16:36
花甲樂股份有限公司附設臺北市私立文山花甲樂社區長照機構,2V0100011,2,臺北市,文山區,臺北市文山區景興路222號1樓,121.5432815552,24.9910984039,B,喘息服務,臺北市,松山區;信義區;大安區;中山區;中正區;大同區;萬華區;文山區;南港區;內湖區;士林區;北投區,29302806,huajiale2022@gmail.com,唐于婷,20250101.0,20261231.0,20250204 15:18:05
臺北市私立誠達居家長照機構,1X0100047,1,臺北市,信義區,臺北市信義區廣居里 忠孝東路5段476號8樓802室,121.5773010254,25.0406627655,B,居家服務,臺北市,松山區;信義區;大安區,0935-191-597,baby.mischievous@gmail.com,陳芝綾,20240910.0,20261231.0,20240910 17:20:43
國亨行銷事業股份有限公司附設臺北市私立好好社區長照機構,2R0100020,2,臺北市,北投區,臺北市北投區豐年里大業路527巷33號1樓,121.4912567139,25.137342453,B,日間照顧服務,新北市,淡水區,02-28977118,howhow527331@gmail.com,馬佳徵,20250101.0,20271231.0,20241227 13:46:24
財團法人伊甸社會福利基金會,BA0100045,BA,臺北市,文山區,臺北市文山區萬美街一段55號3樓,121.5681152344,25.0023422241,B,交通接送服務(DA01),高雄市,左營區;楠梓區,07-3223021,edenC0619@eden.org.tw,陳宇昭,20231211.0,20261231.0,20250102 11:43:30
皓仁健康照護事業有限公司附設臺北市私立皓仁居家長照機構,1V0100047,1,臺北市,大安區,臺北市大安區大安區四維路198巷29號2樓,121.5474777222,25.0267086029,B,喘息服務,臺北市,信義區;大安區;文山區,0977-028-916,dale@haoren.com.tw,謝李麗雲,20240513.0,20241231.0,20240514 09:18:07
皓仁健康照護事業有限公司附設臺北市私立皓仁居家長照機構,1V0100047,1,臺北市,大安區,臺北市大安區大安區四維路198巷29號2樓,121.5474777222,25.0267086029,B,喘息服務,臺北市,信義區;大安區;文山區,0977-028-916,dale@haoren.com.tw,謝李麗雲,20250101.0,20261231.0,20241106 19:41:08
國亨行銷事業股份有限公司附設臺北市私立好好社區長照機構,2R0100020,2,臺北市,北投區,臺北市北投區豐年里大業路527巷33號1樓,121.4912567139,25.137342453,B,喘息服務,臺北市,士林區;北投區,02-28977118,howhow527331@gmail.com,馬佳徵,20250429.0,20261231.0,20250430 09:55:02
丁大元診所,B20100111,B2,臺北市,內湖區,臺北市內湖區東湖路119巷49弄4號,121.6171340942,25.0699043274,B,居家失能個案家庭醫師照護服務,新北市,汐止區,02-26331010,dauyuan@hotmail.com,丁大元,20250101.0,20271231.0,20241220 09:23:34
端豈資產管理股份有限公司附設臺北市私立端豈居家長照機構,1R0100057,1,臺北市,文山區,臺北市文山區忠順街一段18號1樓,121.5585632324,24.9839076996,B,居家服務,臺北市,信義區;大安區;文山區,2936-6360,duanchi202211@gmail.com,吳柏勳,20240206.0,20261231.0,20240217 16:49:12
財團法人天主教失智老人社會福利基金會,BD0100089,BD,臺北市,萬華區,臺北市萬華區德昌街125巷11號,121.4969329834,25.023639679,A,個案管理服務,臺北市,萬華區,02-23096500,a23096500@gmail.com,鍾安住,20230101.0,20241231.0,20230504 18:26:02
全佳居家護理所,B10100075,B1,臺北市,北投區,臺北市北投區中和街40號6樓之45室,121.5027008057,25.1382045746,B,居家失能個案家庭醫師照護服務,臺北市,中山區;中正區;大同區;士林區;北投區,02-28962900,chuanchia109@gmail.com,全欣怡,20240205.0,20241231.0,20240912 17:25:03
全佳居家護理所,B10100075,B1,臺北市,北投區,臺北市北投區中和街40號6樓之45室,121.5027008057,25.1382045746,B,居家失能個案家庭醫師照護服務,臺北市,中山區;中正區;大同區;士林區;北投區,02-28962900,chuanchia109@gmail.com,全欣怡,20250101.0,20261231.0,20250204 16:15:34
采鋐整合行銷股份有限公司附設臺北市私立采鋐照護伴隨居家長照機構,1R0100067,1,臺北市,信義區,臺北市信義區西村里臺北市信義區信義路5段5號2樓2B21及2B22室,121.5627441406,25.0328350067,B,居家服務,臺北市,信義區;大安區,02-66269168,longtermcare@media-wind.com.tw,張向昕,20250305.0,20261231.0,20250307 11:05:08
暄悅長照有限公司附設臺北市私立暄悅永安社區長照機構,2V0100012,2,臺北市,文山區,臺北市文山區木新里永安街6巷11號1樓,121.5695800781,24.987159729,B,喘息服務,臺北市,松山區;信義區;大安區;中山區;中正區;大同區;萬華區;文山區;南港區;內湖區;士林區;北投區,23659991,syuanyue2022@gmail.com,莊宏誼,20240522.0,20241231.0,20240523 09:16:23
國亨行銷事業股份有限公司附設臺北市私立好好社區長照機構,2R0100020,2,臺北市,北投區,臺北市北投區豐年里大業路527巷33號1樓,121.4912567139,25.137342453,B,喘息服務,新北市,淡水區,02-28977118,howhow527331@gmail.com,馬佳徵,20250101.0,20271231.0,20241227 13:46:45
漢唐健康長期照護事業股份有限公司附設臺北市私立晨晞社區長照機構,2R0100021,2,臺北市,士林區,臺北市士林區天母東路6之4號2樓,121.5308303833,25.1180095673,B,日間照顧服務,臺北市,松山區;信義區;大安區;中山區;中正區;大同區;萬華區;文山區;南港區;內湖區;士林區;北投區,02-28727332,chenxihealth@gmail.com,李尚其,20231226.0,20251231.0,20231226 15:23:00
泉益居家有限公司附設臺北市私立眾益居家長照機構,1V0100050,1,臺北市,萬華區,臺北市萬華區萬大路322巷67號,121.4979858398,25.0244979858,B,居家服務,臺北市,大安區;大同區;萬華區,0937035161,jungyi11303@gmail.com,詹弘毅,20250101.0,20261231.0,20250102 17:19:09
善誠健康事業股份有限公司附設臺北市私立大安善誠居家長照機構,1V0100048,1,臺北市,大安區,臺北市大安區忠孝東路4段148號7樓717室,121.549911499,25.0412979126,B,居家服務,臺北市,松山區;大安區;文山區,02-27790951,ltcservice@suncherish.com.tw,林仁德,20240101.0,20261231.0,20240301 13:24:55
守護星股份有限公司附設臺北市私立守護星居家長照機構,1R0100069,1,臺北市,大安區,臺北市大安區通化里信義路四段296號15樓5-2室,121.5545883179,25.0329475403,B,居家服務,臺北市,松山區;信義區;大安區,0227012891分機8161,guardianstar.care@gmail.com,賴德綸,20240517.0,20261231.0,20240523 19:23:44
臺北市私立誠達居家長照機構,1X0100047,1,臺北市,信義區,臺北市信義區廣居里 忠孝東路5段476號8樓802室,121.5773010254,25.0406627655,B,喘息服務,臺北市,松山區;信義區;大安區;中山區;中正區;大同區;萬華區;文山區;南港區;內湖區;士林區;北投區,0935-191-597,baby.mischievous@gmail.com,陳芝綾,20241111.0,20261231.0,20241112 10:51:05
花甲樂股份有限公司附設臺北市私立文山花甲樂社區長照機構,2V0100011,2,臺北市,文山區,臺北市文山區景興路222號1樓,121.5432815552,24.9910984039,B,日間照顧服務,臺北市,松山區;信義區;大安區;中山區;中正區;大同區;萬華區;文山區;南港區;內湖區;士林區;北投區,29302806,huajiale2022@gmail.com,唐于婷,20231219.0,20251231.0,20231222 10:03:00
善誠健康事業股份有限公司附設臺北市私立大安善誠居家長照機構,1V0100048,1,臺北市,大安區,臺北市大安區忠孝東路4段148號7樓717室,121.549911499,25.0412979126,B,喘息服務,臺北市,松山區;大安區;文山區,02-27790951,ltcservice@suncherish.com.tw,林仁德,20240502.0,20241231.0,20240503 09:33:25
佳臻有限公司附設臺北市私立佳臻居家長照機構,1R0100065,1,臺北市,大同區,臺北市大同區長安西路84號6樓之1,121.5191192627,25.0503177643,B,居家服務,臺北市,大同區,02-2559-8131,0426jiazhen@gmail.com,陳瀅琇,20241115.0,20261231.0,20241119 13:56:01
適群健康事業有限公司附設臺北市私立頤家社區長照機構,2X0100015,2,臺北市,大安區,臺北市大安區和安里信義路三段147巷17弄5號1樓,121.5426940918,25.0357036591,B,日間照顧服務,臺北市,松山區;信義區;大安區;中山區;中正區;大同區;萬華區;文山區;南港區;內湖區;士林區;北投區,(02)27063700,ejiadaycare@gmail.com,宋偉豪,20240328.0,20261231.0,20240408 18:17:00
泉益居家有限公司附設臺北市私立眾益居家長照機構,1V0100050,1,臺北市,萬華區,臺北市萬華區萬大路322巷67號,121.4979858398,25.0244979858,B,喘息服務,臺北市,大安區;中山區;中正區;大同區;萬華區,0937035161,jungyi11303@gmail.com,詹弘毅,20250328.0,20261231.0,20250331 13:52:19
苷心有限公司附設臺北市私立苷心居家長照機構,1V0100051,1,臺北市,大安區,臺北市大安區車層里忠孝東路四段235號11樓1113室,121.5537796021,25.0416202545,B,喘息服務,臺北市,松山區;信義區;大安區;中山區;中正區;大同區;萬華區;文山區;南港區;內湖區;士林區;北投區,0905817541,ganxin2023@gmail.com,陳韋碩,20241125.0,20261231.0,20241125 09:31:17
永心醫療用品有限公司,BB0100004,BB,臺北市,士林區,臺北市士林區福佳里文昌路52號1樓,121.5214767456,25.0958023071,B,輔具及居家無障礙環境服務,臺中市,中區;東區;南區;西區;北區;西屯區;南屯區;北屯區;豐原區;東勢區;大甲區;清水區;沙鹿區;梧棲區;后里區;神岡區;潭子區;大雅區;新社區;石岡區;外埔區;大安區;烏日區;大肚區;龍井區;霧峰區;太平區;大里區;和平區,02-88661112,yuchihealth@gmail.com,陳明志,20230614.0,20240630.0,20230620 10:55:01
善誠健康事業股份有限公司附設臺北市私立大安善誠居家長照機構,1V0100048,1,臺北市,大安區,臺北市大安區忠孝東路4段148號7樓717室,121.549911499,25.0412979126,B,喘息服務,臺北市,松山區;大安區;文山區,02-27790951,ltcservice@suncherish.com.tw,林仁德,20250101.0,20261231.0,20241120 15:28:37
暄悅長照有限公司附設臺北市私立暄悅永安社區長照機構,2V0100012,2,臺北市,文山區,臺北市文山區木新里永安街6巷11號1樓,121.5695800781,24.987159729,B,日間照顧服務,臺北市,松山區;信義區;大安區;中山區;中正區;大同區;萬華區;文山區;南港區;內湖區;士林區;北投區,23659991,syuanyue2022@gmail.com,莊宏誼,20240422.0,20261231.0,20240424 14:51:51
家恩長期照顧服務股份有限公司附設臺北市私立恩上家恩居家長照機構,1V0100045,1,臺北市,大安區,臺北市大安區忠孝東路三段54號2樓之1（105室）,121.5355606079,25.041727066,B,居家服務,臺北市,大安區;內湖區;士林區,0928268613,smalldog148@gmail.com,呂秉霖,20231226.0,20261231.0,20231228 17:28:18
臺北市私立禾雅居家長照機構,1V0100052,1,臺北市,大安區,臺北市大安區忠孝東路四段221號9樓A室,121.5525741577,25.0416603088,B,居家服務,臺北市,松山區;信義區;大安區,0287719922,ht6786@gmail.com,林岑熹,20240912.0,20241231.0,20240913 17:00:27
財團法人中華民國唐氏症基金會附設臺北市私立唐氏症居家長照機構,1S0100015,1,臺北市,南港區,臺北市南港區中南里忠孝東路7段520號7樓,121.6107788086,25.0523052216,B,喘息服務,臺北市,南港區;內湖區,02-2789-1966,rocdown.care@gmail.com,林正俠,20250402.0,20261231.0,20250402 15:04:55
財團法人中華民國唐氏症基金會附設臺北市私立唐氏症居家長照機構,1S0100015,1,臺北市,南港區,臺北市南港區中南里忠孝東路7段520號7樓,121.6107788086,25.0523052216,B,居家服務,臺北市,南港區;內湖區,02-2789-1966,rocdown.care@gmail.com,林正俠,20240801.0,20261231.0,20240805 08:29:12
陽光居家呼吸照護所,B80100003,B8,臺北市,北投區,臺北市北投區振興街3號1樓,121.5218582153,25.1186771393,B,專業照護服務,臺北市,松山區;信義區;大安區;中山區;中正區;大同區;萬華區;文山區;南港區;內湖區;士林區;北投區,0908-262-500,cfyoyo@ms53.hinet.net,邱俊翔,20250101.0,20261231.0,20241105 18:58:56
臺北市私立禾雅居家長照機構,1V0100052,1,臺北市,大安區,臺北市大安區忠孝東路四段221號9樓A室,121.5525741577,25.0416603088,B,居家服務,臺北市,松山區;信義區;大安區,0287719922,ht6786@gmail.com,林岑熹,20250101.0,20261231.0,20250206 13:38:43
齡活長照股份有限公司附設臺北市私立齡活萬華社區長照機構,2R0100025,2,臺北市,萬華區,臺北市萬華區康定路43號2樓,121.5023193359,25.0413570404,B,日間照顧服務,臺北市,松山區;信義區;大安區;中山區;中正區;大同區;萬華區;文山區;南港區;內湖區;士林區;北投區,23759044,seniorlifeot@gmail.com,彭紹宇,20240708.0,20261231.0,20240710 20:23:20
陽光居家呼吸照護所,B80100003,B8,臺北市,北投區,臺北市北投區振興街3號1樓,121.5218582153,25.1186771393,B,專業照護服務,臺北市,松山區;信義區;大安區;中山區;中正區;大同區;萬華區;文山區;南港區;內湖區;士林區;北投區,0908-262-500,cfyoyo@ms53.hinet.net,邱俊翔,20240425.0,20241231.0,20240426 09:35:36
碩穎健康股份有限公司附設臺北市私立碩穎居家長照機構,1R0100062,1,臺北市,信義區,臺北市信義區富陽街29號1樓,121.5563964844,25.0229187012,B,居家服務,臺北市,松山區;信義區;大安區,27372704,shuoinhomecare@gmail.com,李昱慧,20240105.0,20261231.0,20240109 11:46:06
明曜醫療儀器有限公司,BB0100008,BB,臺北市,北投區,臺北市北投區振華里石牌路2段128號1樓,121.5174331665,25.1179237366,B,輔具及居家無障礙環境服務,臺中市,中區;東區;南區;西區;北區;西屯區;南屯區;北屯區;豐原區;東勢區;大甲區;清水區;沙鹿區;梧棲區;后里區;神岡區;潭子區;大雅區;新社區;石岡區;外埔區;大安區;烏日區;大肚區;龍井區;霧峰區;太平區;大里區;和平區,02-28215408,mayoraison28286050@gmail.com,陳達立,20230925.0,20240630.0,20230928 15:49:01
耆寓股份有限公司附設臺北市私立大興綜合長照機構,4R0100002,4,臺北市,北投區,臺北市北投區北投路二段13號6樓、6樓之1,121.4985733032,25.1310386658,B,日間照顧服務,臺北市,松山區;信義區;大安區;中山區;中正區;大同區;萬華區;文山區;南港區;內湖區;士林區;北投區,02-28910608,f04@qi-yu.com.tw,盧允中,20240625.0,20261231.0,20240806 14:06:32
暄悅長照有限公司附設臺北市私立暄悅永安社區長照機構,2V0100012,2,臺北市,文山區,臺北市文山區木新里永安街6巷11號1樓,121.5695800781,24.987159729,B,喘息服務,臺北市,松山區;信義區;大安區;中山區;中正區;大同區;萬華區;文山區;南港區;內湖區;士林區;北投區,23659991,syuanyue2022@gmail.com,莊宏誼,20250101.0,20261231.0,20250204 15:23:07
苷心有限公司附設臺北市私立苷心居家長照機構,1V0100051,1,臺北市,大安區,臺北市大安區車層里忠孝東路四段235號11樓1113室,121.5537796021,25.0416202545,B,居家服務,臺北市,松山區;信義區;大安區;大同區;士林區,0905817541,ganxin2023@gmail.com,陳韋碩,20240816.0,20261231.0,20241115 17:26:28
碩穎健康股份有限公司附設臺北市私立碩穎居家長照機構,1R0100062,1,臺北市,信義區,臺北市信義區富陽街29號1樓,121.5563964844,25.0229187012,B,喘息服務,臺北市,松山區;信義區;大安區,27372704,shuoinhomecare@gmail.com,李昱慧,20250101.0,20261231.0,20241030 19:55:06
明曜醫療儀器有限公司,BB0100008,BB,臺北市,北投區,臺北市北投區振華里石牌路2段128號1樓,121.5174331665,25.1179237366,B,輔具及居家無障礙環境服務,臺中市,中區;東區;南區;西區;北區;西屯區;南屯區;北屯區;豐原區;東勢區;大甲區;清水區;沙鹿區;梧棲區;后里區;神岡區;潭子區;大雅區;新社區;石岡區;外埔區;大安區;烏日區;大肚區;龍井區;霧峰區;太平區;大里區;和平區,02-28215408,mayoraison28286050@gmail.com,陳達立,20240701.0,20270630.0,20240821 17:18:10
臺北市私立來服居家長照機構,1X0100044,1,臺北市,大安區,臺北市大安區忠孝東路四段221號12樓(1230室) ,121.5525741577,25.0416603088,B,居家服務,臺北市,信義區;大安區;文山區,0928-610-498,guderlife@gmail.com,褚晏君,20231219.0,20261231.0,20231229 15:44:55
安心居家服務有限公司附設台北市私立安心居家長照機構,1R0100071,1,臺北市,大安區,臺北市大安區忠孝東路四段300號五樓,121.5562820435,25.0411548615,B,居家服務,臺北市,信義區;大安區;南港區,0277555066,crazynewbird@gmail.com,蔡峻瑋,20241125.0,20261231.0,20241127 14:01:22
社團法人台灣樂康協會,BE0100091,BE,臺北市,松山區,臺北市松山區三民路113巷12號6樓,121.5624313354,25.0580596924,B,交通接送服務,新北市,板橋區;三重區;中和區;永和區;新莊區;新店區;樹林區;汐止區;土城區;蘆洲區;五股區,02-77230088,laughflower@gmail.com,陳淑貞,20250101.0,20271231.0,20241224 14:22:29
臺北市立聯合醫院附設中興居家護理所,B10100072,B1,臺北市,大同區,臺北市大同區鄭州路145號2樓,1.0,1.0,B,專業照護服務,臺北市,中山區;大同區,02-2552-3234*3253,B0749@tpech.gov.tw,謝麗君,20231128.0,20241231.0,20231130 10:19:51
前瞻居家護理所,B10100074,B1,臺北市,文山區,臺北市文山區辛亥路四段21巷10號9樓A室,1.0,1.0,B,專業照護服務,臺北市,松山區;信義區;大安區;中山區;中正區;大同區;萬華區;文山區;南港區;內湖區;士林區;北投區,02-8931-2545,n89312545@gmail.com,楊邦媛,20250101.0,20261231.0,20241018 17:50:05
臺北市立聯合醫院附設中興居家護理所,B10100072,B1,臺北市,大同區,臺北市大同區鄭州路145號2樓,1.0,1.0,B,專業照護服務,臺北市,松山區;信義區;大安區;中山區;中正區;大同區;萬華區;文山區;南港區;內湖區;士林區;北投區,02-2552-3234*3253,B0749@tpech.gov.tw,謝麗君,20250101.0,20261231.0,20241101 10:31:20
臺北市立聯合醫院附設和平婦幼居家護理所,B10100073,B1,臺北市,中正區,臺北市中正區中華路2段33號,1.0,1.0,B,專業照護服務,臺北市,中正區;萬華區,02-2388-9595*8417,B1049@tpech.gov.tw,呂美卿,20250101.0,20261231.0,20241101 18:09:20
夢想銀髮方舟股份有限公司附設臺北市私立花博居家長照機構,1V0100055,1,臺北市,松山區,臺北市松山區南京東路3段311號8樓,121.5471191406,25.0519790649,B,喘息服務,臺北市,松山區;大安區;中山區;大同區,02-2545-5556,gevin7737@gmail.com,朱偉仁,20241004.0,20261231.0,20241004 15:18:51
夢想銀髮方舟股份有限公司附設臺北市私立花博居家長照機構,1V0100055,1,臺北市,松山區,臺北市松山區南京東路3段311號8樓,121.5471191406,25.0519790649,B,居家服務,臺北市,松山區;大安區;大同區,02-2545-5556,gevin7737@gmail.com,朱偉仁,20240930.0,20261231.0,20241007 18:09:07
善新健康事業有限公司附設臺北市私立善新居家長照機構,1R0100072,1,臺北市,萬華區,臺北市萬華區萬壽里昆明街 35-1號5樓,121.505355835,25.0445957184,B,居家服務,臺北市,大安區;大同區;萬華區,02-23706999,shanxincare@gmail.com,吳玉宗,20250113.0,20261231.0,20250113 10:08:42
碩穎健康股份有限公司附設臺北市私立碩穎居家長照機構,1R0100062,1,臺北市,信義區,臺北市信義區富陽街29號1樓,121.5563964844,25.0229187012,B,喘息服務,臺北市,松山區;信義區;大安區,27372704,shuoinhomecare@gmail.com,李昱慧,20231206.0,20241231.0,20231207 16:21:58
臺北市私立來服居家長照機構,1X0100044,1,臺北市,大安區,臺北市大安區忠孝東路四段221號12樓(1230室) ,121.5525741577,25.0416603088,B,喘息服務,臺北市,松山區;信義區;大安區;中山區;中正區;大同區;萬華區;文山區,0928-610-498,guderlife@gmail.com,褚晏君,20250101.0,20261231.0,20241122 14:04:56
臺北市私立來服居家長照機構,1X0100044,1,臺北市,大安區,臺北市大安區忠孝東路四段221號12樓(1230室) ,121.5525741577,25.0416603088,B,喘息服務,臺北市,松山區;信義區;大安區;中山區;中正區;大同區;萬華區;文山區,0928-610-498,guderlife@gmail.com,褚晏君,20240216.0,20241231.0,20240217 09:15:31
耆寓股份有限公司附設臺北市私立大興綜合長照機構,4R0100002,4,臺北市,北投區,臺北市北投區北投路二段13號6樓、6樓之1,121.4985733032,25.1310386658,B,喘息服務,臺北市,松山區;信義區;大安區;中山區;中正區;大同區;萬華區;文山區;南港區;內湖區;士林區;北投區,02-28910608,f04@qi-yu.com.tw,盧允中,20240826.0,20261231.0,20240826 17:38:36
安心居家服務有限公司附設台北市私立安心居家長照機構,1R0100071,1,臺北市,大安區,臺北市大安區忠孝東路四段300號五樓,121.5562820435,25.0411548615,B,喘息服務,臺北市,信義區;大安區;南港區,0277555066,crazynewbird@gmail.com,蔡峻瑋,20250527.0,20261231.0,20250527 14:55:13
四正勤關懷照護有限公司附設臺北市私立四正勤居家長照機構,1V0100053,1,臺北市,大同區,臺北市大同區延平北路3段4號5樓之1(R530室),121.5110473633,25.0634365082,B,居家服務,臺北市,松山區;大同區;士林區,0965-331-778,samyak@hibox.biz,李佩華,20241104.0,20261231.0,20241105 18:53:20
神同行小客車租賃有限公司,BA0100047,BA,臺北市,松山區,臺北市松山區八德路二段386號12樓之7,121.546333313,25.0480136871,B,交通接送服務(DA01),高雄市,左營區;永安區;梓官區;旗山區,0982330982,logostc777@gmail.com,紀春梅,20240909.0,20261231.0,20250102 11:46:55
臺北市立聯合醫院附設和平婦幼居家護理所,B10100073,B1,臺北市,中正區,臺北市中正區中華路2段33號,1.0,1.0,B,專業照護服務,臺北市,中正區;萬華區,02-2388-9595*8417,B1049@tpech.gov.tw,呂美卿,20231130.0,20231130.0,20231204 10:04:24
芯昀有限公司附設臺北市私立芯昀居家長照機構,1V0100057,1,臺北市,北投區,臺北市北投區珠海路31號1樓,121.5023193359,25.1381511688,B,居家服務,臺北市,士林區;北投區,02-2893-7878,shinyun0524@gmail.com,徐筱昀,20250430.0,20261231.0,20250430 15:05:26
永欣健康股份有限公司附設臺北市私立金永欣居家長照機構,1V0100058,1,臺北市,北投區,臺北市北投區立農里吉利街123巷16號1樓,121.5064239502,25.1190891266,B,居家服務,臺北市,大安區;士林區;北投區,02-2823-9008,jinyongxin9008@gmail.com,謝韻憲,20241111.0,20261231.0,20241112 17:30:05
永欣健康股份有限公司附設臺北市私立金永欣居家長照機構,1V0100058,1,臺北市,北投區,臺北市北投區立農里吉利街123巷16號1樓,121.5064239502,25.1190891266,B,喘息服務,臺北市,大安區;大同區;士林區;北投區,02-2823-9008,jinyongxin9008@gmail.com,謝韻憲,20241014.0,20261231.0,20241014 18:51:47
凱琳居家護理所,B10100076,B1,臺北市,中山區,臺北市中山區敬業二路69巷57號7樓之1,121.5531158447,25.0821208954,B,專業照護服務,臺北市,松山區;信義區;大安區;中山區;中正區;大同區;萬華區;文山區;南港區;內湖區;士林區;北投區,0975-803-933,fun0522@gmail.com,吳青芳,20241004.0,20261231.0,20241004 15:23:34
凱琳居家護理所,B10100076,B1,臺北市,中山區,臺北市中山區敬業二路69巷57號7樓之1,121.5531158447,25.0821208954,B,居家失能個案家庭醫師照護服務,臺北市,松山區;信義區;大安區;中山區;中正區;大同區;萬華區;文山區;南港區;內湖區;士林區;北投區,0975-803-933,fun0522@gmail.com,吳青芳,20241004.0,20261231.0,20241129 11:27:37
四正勤關懷照護有限公司附設臺北市私立四正勤居家長照機構,1V0100053,1,臺北市,大同區,臺北市大同區延平北路3段4號5樓之1(R530室),121.5110473633,25.0634365082,B,喘息服務,臺北市,松山區;信義區;大安區;中山區;中正區;大同區;萬華區;文山區;南港區;內湖區;士林區;北投區,0965-331-778,samyak@hibox.biz,李佩華,20241016.0,20261231.0,20241017 09:21:14
太豐交通有限公司,BA0100046,BA,臺北市,文山區,臺北市文山區木新路三段11號,121.5649871826,24.9825820923,B,交通接送服務(DA01),臺北市,松山區;信義區;大安區;中山區;中正區;大同區;萬華區;文山區;南港區;內湖區;士林區;北投區,02-2918-2234,raymon-cl@hotmail.com,林家佑,20240101.0,20261231.0,20240625 13:14:08
臺北市政府社會局委託財團法人恆安社會福利慈善事業基金會經營管理臺北市文山社區式長期照顧服務機構,2S0100032,2,臺北市,文山區,臺北市文山區興安里興隆路二段88號3樓之1,121.5488128662,25.0002784729,B,日間照顧服務,臺北市,松山區;信義區;大安區;中山區;中正區;大同區;萬華區;文山區;南港區;內湖區;士林區;北投區,2234-4893,chuyu971121@gmail.com,胡世賢,20240827.0,20261231.0,20240909 11:32:31
臺北市立聯合醫院附設林森中醫居家護理所,B10100077,B1,臺北市,中山區,臺北市中山區林森北路530號6樓,121.5255279541,25.063451767,B,專業照護服務,臺北市,中山區,02-2591-6681分機1688,B2319@tpech.gov.tw,林燕儀,20241022.0,20261231.0,20241024 13:40:20
龍騰長期照護有限公司附設臺北市私立童馨園居家長照機構,1R0100075,1,臺北市,萬華區,臺北市萬華區萬大路323號7樓（705室）,121.5004196167,25.0243263245,B,喘息服務,臺北市,松山區;中山區;中正區;大同區;萬華區,0919319207,long.term.care1966@gmail.com,施卓諭,20250321.0,20261231.0,20250324 10:56:40
臺北市私立賦能之家社區長照機構,2X0100016,2,臺北市,信義區,臺北市信義區莊敬路423巷3弄3號1樓,121.5666351318,25.0278091431,B,家庭托顧服務,臺北市,10;15;5;松山區;信義區;大安區;中山區;中正區;大同區;萬華區;文山區;南港區;內湖區;士林區;北投區,0932209661,kuoinfen@gmail.com,郭英芬,20250101.0,20271231.0,20250411 18:07:22
前瞻居家護理所,B10100074,B1,臺北市,文山區,臺北市文山區辛亥路四段21巷10號9樓A室,1.0,1.0,B,專業照護服務,臺北市,松山區;信義區;大安區;中山區;中正區;大同區;萬華區;文山區;南港區;內湖區;士林區;北投區,02-8931-2545,n89312545@gmail.com,楊邦媛,20231212.0,20241231.0,20231213 14:43:51
(新北)生活交通有限公司,BA0100050,BA,臺北市,中山區,臺北市中山區民族東路2號6樓,121.5233612061,25.0682983398,B,交通接送服務(DA01),新北市,板橋區;三重區;中和區;永和區;新莊區;新店區;樹林區;淡水區;土城區;蘆洲區;五股區;泰山區,02-25997667,pingancar168@gmail.com,陳佳玲,20250101.0,20271231.0,20250114 15:57:03
龍騰長期照護有限公司附設臺北市私立童馨園居家長照機構,1R0100075,1,臺北市,萬華區,臺北市萬華區萬大路323號7樓（705室）,121.5004196167,25.0243263245,B,居家服務,臺北市,大同區;萬華區,0919319207,long.term.care1966@gmail.com,施卓諭,20250214.0,20261231.0,20250218 11:55:30
財團法人一粒麥子社會福利慈善事業基金會附設臺北市私立莒光社區長照機構,2R0100026,2,臺北市,萬華區,臺北市萬華區雙園里萬大路22號3樓之1,121.5004348755,25.0318412781,B,社區式交通接送服務(BD03),臺北市,松山區;信義區;大安區;中山區;中正區;大同區;萬華區;文山區;南港區;內湖區;士林區;北投區,02-2338-1010#12,w107028@wheat.org.tw,呂信雄,20241125.0,20261231.0,20241210 13:38:32
財團法人一粒麥子社會福利慈善事業基金會附設臺北市私立莒光社區長照機構,2R0100026,2,臺北市,萬華區,臺北市萬華區雙園里萬大路22號3樓之1,121.5004348755,25.0318412781,B,喘息服務,臺北市,松山區;信義區;大安區;中山區;中正區;大同區;萬華區;文山區;南港區;內湖區;士林區;北投區,02-2338-1010#12,w107028@wheat.org.tw,呂信雄,20250212.0,20261231.0,20250212 10:57:23
醫時代股份有限公司附設臺北市私立醫時代民生社區長照機構,2R0100022,2,臺北市,松山區,臺北市松山區三民路113巷10號及12號,121.5625305176,25.0580673218,B,喘息服務,臺北市,松山區;信義區;大安區;中山區;中正區;大同區;萬華區;文山區;南港區;內湖區;士林區;北投區,2768-2066,eastyle.daycare.ms@gmail.com,廖繼鼎,20250421.0,20261231.0,20250422 17:14:05
樂期頤有限公司附設臺北市私立樂期頤綜合長照機構,4V0100002,4,臺北市,士林區,臺北市士林區天祿里中山北路6段726號5樓,121.5279693604,25.115070343,B,社區式交通接送服務(BD03),臺北市,松山區;信義區;大安區;中山區;中正區;大同區;萬華區;文山區;南港區;內湖區;士林區;北投區,02-28768726,Loveciyi8@gmail.com,康浩偉,20250124.0,20261231.0,20250326 18:04:05
金品頤園股份有限公司附設臺北市私立永吉社區長照機構,2R0100023,2,臺北市,信義區,臺北市信義區永吉路185號2樓及臺北市信義區松信路87號2樓,121.5723419189,25.0457458496,B,日間照顧服務,臺北市,松山區;信義區;大安區;中山區;中正區;大同區;萬華區;文山區;南港區;內湖區;士林區;北投區,2756-8880,yongji2023@gmail.com,林秋儀,20240125.0,20261231.0,20240126 11:45:20
醫時代股份有限公司附設臺北市私立醫時代民生社區長照機構,2R0100022,2,臺北市,松山區,臺北市松山區三民路113巷10號及12號,121.5625305176,25.0580673218,B,日間照顧服務,臺北市,松山區;信義區;大安區;中山區;中正區;大同區;萬華區;文山區;南港區;內湖區;士林區;北投區,2768-2066,eastyle.daycare.ms@gmail.com,廖繼鼎,20240125.0,20261231.0,20240126 11:31:03
宏康樂齡健康生活館,BB0100011,BB,臺北市,松山區,臺北市松山區光復北路172號1樓,121.5565948486,25.0533161163,B,輔具及居家無障礙環境服務,臺中市,中區;東區;南區;西區;北區;西屯區;南屯區;北屯區;豐原區;東勢區;大甲區;清水區;沙鹿區;梧棲區;后里區;神岡區;潭子區;大雅區;新社區;石岡區;外埔區;大安區;烏日區;大肚區;龍井區;霧峰區;太平區;大里區;和平區,02-25450095,hokom20200901@gmail.com,李亞真,20240201.0,20240630.0,20240205 14:19:20
社團法人國際奔享體驗教育發展協會(稻香真光),BF0100227,BF,臺北市,北投區,臺北市北投區稻香路85號1樓,1.0,1.0,B,喘息服務,臺北市,松山區;信義區;大安區;中山區;中正區;大同區;萬華區;文山區;南港區;內湖區;士林區;北投區,0926-440-000,gallop.points@gmail.com,曾美蘭,20240220.0,20241231.0,20240220 14:18:17
財團法人一粒麥子社會福利慈善事業基金會附設臺北市私立莒光社區長照機構,2R0100026,2,臺北市,萬華區,臺北市萬華區雙園里萬大路22號3樓之1,121.5004348755,25.0318412781,B,日間照顧服務,臺北市,松山區;信義區;大安區;中山區;中正區;大同區;萬華區;文山區;南港區;內湖區;士林區;北投區,02-2338-1010#12,w107028@wheat.org.tw,呂信雄,20241125.0,20261231.0,20241210 13:38:45
樂期頤有限公司附設臺北市私立樂期頤綜合長照機構,4V0100002,4,臺北市,士林區,臺北市士林區天祿里中山北路6段726號5樓,121.5279693604,25.115070343,B,日間照顧服務,臺北市,松山區;信義區;大安區;中山區;中正區;大同區;萬華區;文山區;南港區;內湖區;士林區;北投區,02-28768726,Loveciyi8@gmail.com,康浩偉,20250124.0,20261231.0,20250326 18:04:05
安照股份有限公司附設臺北市私立安照居家長照機構,1R0100066,1,臺北市,松山區,臺北市松山區南京東路5段356號8樓之1(801室),121.569694519,25.0510616302,B,居家服務,臺北市,松山區;信義區;內湖區,02-27773112,ancare801@gmail.com,李盛豊,20240819.0,20261231.0,20241021 11:58:26
宏康樂齡健康生活館,BB0100011,BB,臺北市,松山區,臺北市松山區光復北路172號1樓,121.5565948486,25.0533161163,B,輔具及居家無障礙環境服務,臺中市,中區;東區;南區;西區;北區;西屯區;南屯區;北屯區;豐原區;東勢區;大甲區;清水區;沙鹿區;梧棲區;后里區;神岡區;潭子區;大雅區;新社區;石岡區;外埔區;大安區;烏日區;大肚區;龍井區;霧峰區;太平區;大里區;和平區,02-25450095,hokom20200901@gmail.com,李亞真,20240701.0,20270630.0,20240812 18:10:35
好拾光居家有限公司附設臺北市私立好拾光居家長照機構,1R0100068,1,臺北市,士林區,臺北市士林區重慶北路四段248號4樓407室,121.5113525391,25.0866622925,B,居家服務,臺北市,內湖區;士林區;北投區,0955166071,carpediem11203@gmail.com,邱浩宇,20240315.0,20261231.0,20240417 14:52:51
凱安居家有限公司附設臺北市私立凱安居家長照機構,1R0100070,1,臺北市,大安區,臺北市大安區光武里敦化南路一段192號3樓之3,121.548500061,25.0425453186,B,喘息服務,臺北市,松山區;信義區;大安區;文山區,0963227924,kaian060408@gmail.com,張凱豪,20241125.0,20261231.0,20241126 11:43:34
臺北市政府社會局委託財團法人臺北市喜樂家族社會福利基金會經營管理興岩身障社區長照機構（日間照顧）,2S0100031,2,臺北市,文山區,臺北市文山區興安里興隆路2段88號3樓,121.5488128662,25.0002784729,B,日間照顧服務,臺北市,松山區;信義區;大安區;中山區;中正區;大同區;萬華區;文山區;南港區;內湖區;士林區;北投區,02-89317707,joyxingyan2023@gmail.com,陳建信,20240801.0,20241231.0,20240822 17:47:00
社團法人國際奔享體驗教育發展協會(稻香真光),BF0100227,BF,臺北市,北投區,臺北市北投區稻香路85號1樓,1.0,1.0,B,喘息服務,臺北市,松山區;信義區;大安區;中山區;中正區;大同區;萬華區;文山區;南港區;內湖區;士林區;北投區,0926-440-000,gallop.points@gmail.com,曾美蘭,20250101.0,20261231.0,20241105 19:47:03
凱安居家有限公司附設臺北市私立凱安居家長照機構,1R0100070,1,臺北市,大安區,臺北市大安區光武里敦化南路一段192號3樓之3,121.548500061,25.0425453186,B,居家服務,臺北市,松山區;大安區;文山區,0963227924,kaian060408@gmail.com,張凱豪,20240101.0,20261231.0,20240717 18:39:16
康育診所,B20100115,B2,臺北市,內湖區,臺北市內湖區成功路三段189號2F,121.5907821655,25.0803833008,B,居家失能個案家庭醫師照護服務,臺北市,內湖區,(03)4923885,yucrane@gmail.com,林鈺燦,20250101.0,20261231.0,20250204 16:24:45
臺北市政府社會局委託財團法人臺北市喜樂家族社會福利基金會經營管理興岩身障社區長照機構（日間照顧）,2S0100031,2,臺北市,文山區,臺北市文山區興安里興隆路2段88號3樓,121.5488128662,25.0002784729,B,日間照顧服務,新北市,板橋區;三重區;中和區;永和區;新莊區;新店區;樹林區;汐止區;土城區;蘆洲區,02-89317707,joyxingyan2023@gmail.com,陳建信,20250101.0,20271231.0,20250103 13:43:58
嘉祿健康事業有限公司附設臺北市私立佳祿居家長照機構,1V0100049,1,臺北市,松山區,臺北市松山區八德路4段656號4樓(666室),121.5754165649,25.0498504639,B,居家服務,臺北市,松山區;內湖區,02-27533520,galucare0306@gmail.com,袁邦彥,20240628.0,20261231.0,20240802 15:44:25
國軒企業有限公司附設臺北市私立國軒居家長照機構,1V0100054,1,臺北市,北投區,臺北市北投區中和街395號1樓,121.4984588623,25.1426258087,B,喘息服務,臺北市,士林區;北投區,02-28919157,guoxuan9157@gmail.com,賴思吟,20241118.0,20261231.0,20241119 10:49:17
湘寓蒔光有限公司附設臺北市私立湘寓蒔光居家長照機構,1V0100056,1,臺北市,北投區,臺北市北投區北投路2段9號5樓之2,121.4989700317,25.1305122375,B,居家服務,臺北市,大同區;士林區;北投區,02-28966188,xiangyusg2024@gmail.com,連冠瑋,20241024.0,20261231.0,20241024 09:18:15
樂銓管理顧問股份有限公司附設臺北市私立慶銓居家長照機構,1R0100074,1,臺北市,大同區,臺北市大同區永樂里西寧北路78-18號913室,121.5086898804,25.0544300079,B,居家服務,臺北市,大同區;萬華區;士林區,02-2312-0108,bob_hsu@uni-pros.com,鄭寶蓮,20241218.0,20261231.0,20241220 16:17:50
康育診所,B20100115,B2,臺北市,內湖區,臺北市內湖區成功路三段189號2F,121.5907821655,25.0803833008,B,居家失能個案家庭醫師照護服務,臺北市,內湖區,(03)4923885,yucrane@gmail.com,林鈺燦,20240510.0,20241231.0,20240514 13:39:39
瑞之盟仁芯營養諮詢中心,B60100011,B6,臺北市,信義區,臺北市信義區和平東路三段391巷8弄18之2號3樓,121.5581359863,25.0202465057,B,專業照護服務,臺北市,松山區;信義區;大安區;中山區;中正區;大同區;萬華區;文山區;南港區;內湖區;士林區;北投區,0907-010-671,rzm280301@gmail.com,林素貞,20250101.0,20261231.0,20241028 16:18:57
瑞之盟仁芯營養諮詢中心,B60100011,B6,臺北市,信義區,臺北市信義區和平東路三段391巷8弄18之2號3樓,121.5581359863,25.0202465057,B,專業照護服務,臺北市,松山區;信義區;大安區;中山區;中正區;大同區;萬華區;文山區;南港區;內湖區;士林區;北投區,0907-010-671,rzm280301@gmail.com,林素貞,20240710.0,20241231.0,20240710 09:09:47
湘寓蒔光有限公司附設臺北市私立湘寓蒔光居家長照機構,1V0100056,1,臺北市,北投區,臺北市北投區北投路2段9號5樓之2,121.4989700317,25.1305122375,B,喘息服務,臺北市,松山區;信義區;大安區;中山區;中正區;大同區;萬華區;文山區;南港區;內湖區;士林區;北投區,02-28966188,xiangyusg2024@gmail.com,連冠瑋,20241125.0,20261231.0,20241125 13:45:13
中化銀髮事業股份有限公司,BB0100012,BB,臺北市,中正區,臺北市中正區襄陽路23號10樓,121.5152511597,25.0434951782,B,輔具及居家無障礙環境服務,臺中市,中區;東區;南區;西區;北區;西屯區;南屯區;北屯區;豐原區;東勢區;大甲區;清水區;沙鹿區;梧棲區;后里區;神岡區;潭子區;大雅區;新社區;石岡區;外埔區;大安區;烏日區;大肚區;龍井區;霧峰區;太平區;大里區;和平區,02-4128178,shop.cscc@gmail.com,王謝怡貞,20240627.0,20270630.0,20240627 19:10:41
長耘股份有限公司附設臺北市私立協樂居家長照機構,1R0100073,1,臺北市,大安區,臺北市大安區和安里復興南路一段368號13樓（F1303室）,121.5433959961,25.0349349976,B,喘息服務,臺北市,松山區;信義區;大安區;南港區;內湖區;士林區;北投區,0936200611,hs@happysynergy.com.tw,戴雋財,20250411.0,20261231.0,20250523 10:34:37
遠曜居家有限公司附設臺北市私立我在居家長照機構,1V0100059,1,臺北市,文山區,臺北市文山區忠順街一段16號1樓,121.5584793091,24.9838962555,B,喘息服務,臺北市,信義區;大安區;文山區;南港區,0926-314-475,wozai202312@gmail.com,黃瑋翔,20250505.0,20261231.0,20250505 12:00:32
遠曜居家有限公司附設臺北市私立我在居家長照機構,1V0100059,1,臺北市,文山區,臺北市文山區忠順街一段16號1樓,121.5584793091,24.9838962555,B,居家服務,臺北市,信義區;大安區;文山區,0926-314-475,wozai202312@gmail.com,黃瑋翔,20250507.0,20261231.0,20250507 15:29:36
國軒企業有限公司附設臺北市私立國軒居家長照機構,1V0100054,1,臺北市,北投區,臺北市北投區中和街395號1樓,121.4984588623,25.1426258087,B,居家服務,臺北市,士林區;北投區,02-28919157,guoxuan9157@gmail.com,賴思吟,20241022.0,20261231.0,20241223 11:09:31
長耘股份有限公司附設臺北市私立協樂居家長照機構,1R0100073,1,臺北市,大安區,臺北市大安區和安里復興南路一段368號13樓（F1303室）,121.5433959961,25.0349349976,B,居家服務,臺北市,松山區;信義區;大安區;南港區;內湖區;士林區;北投區,0936200611,hs@happysynergy.com.tw,戴雋財,20250507.0,20261231.0,20250507 14:22:46
護老生活有限公司附設臺北市私立護老互助居家長照機構,1R0100082,1,臺北市,大安區,臺北市大安區四維路198巷30弄10號2樓之3,121.5458450317,25.0265197754,B,居家服務,臺北市,松山區;信義區;大安區,0937819311,hulaohuzhu@gmail.com,高惠珍,20250320.0,20261231.0,20250324 14:12:12
(新北)捷安租賃股份有限公司,BA0100051,BA,臺北市,大同區,臺北市大同區環河北路二段205巷17號,121.5097732544,25.069278717,B,社區式交通接送服務(BD03),新北市,汐止區;瑞芳區;深坑區,02-28826780#595,faye@csgroup-bus.com.tw,陳貞希,20250101.0,20271231.0,20250220 11:11:39
(新北)捷安租賃股份有限公司,BA0100051,BA,臺北市,大同區,臺北市大同區環河北路二段205巷17號,121.5097732544,25.069278717,B,交通接送服務(DA01),新北市,汐止區;瑞芳區;深坑區,02-28826780#595,faye@csgroup-bus.com.tw,陳貞希,20250101.0,20271231.0,20250110 10:53:06
樂銓管理顧問股份有限公司附設臺北市私立慶銓居家長照機構,1R0100074,1,臺北市,大同區,臺北市大同區永樂里西寧北路78-18號913室,121.5086898804,25.0544300079,B,喘息服務,臺北市,松山區;信義區;大安區;中山區;中正區;大同區;萬華區;內湖區;士林區,02-2312-0108,bob_hsu@uni-pros.com,鄭寶蓮,20250303.0,20261231.0,20250303 15:55:10
清山交通有限公司,BA0100049,BA,臺北市,松山區,臺北市松山區八德路四段678號7樓之7,121.5764160156,25.0498714447,B,交通接送服務(DA01),桃園市,桃園區;中壢區;大溪區;楊梅區;蘆竹區;大園區;龜山區;八德區;龍潭區;平鎮區;新屋區;觀音區,02-27457715,cingshan28@gmail.com,林青駿,20240101.0,20261231.0,20250114 15:56:14
星樂活健康長期照顧股份有限公司附設臺北市私立星樂活居家式長期照顧服務機構,1R0100076,1,臺北市,大安區,臺北市大安區信義路四段6號15樓之9,121.544128418,25.0331287384,B,喘息服務,臺北市,松山區;信義區;大安區,0937279546,w26547183@gmail.com,吳宗霖,20241129.0,20261231.0,20241202 09:34:41
旭耀長期照顧股份有限公司附設臺北市私立旭耀居家長照機構,1R0100080,1,臺北市,北投區,臺北市北投區中和街63號2樓,121.5020065308,25.138677597,B,居家服務,臺北市,大同區;士林區;北投區,02-28917999,2024syhc@gmail.com,賴立國,20250324.0,20261231.0,20250325 17:47:14
星樂活健康長期照顧股份有限公司附設臺北市私立星樂活居家式長期照顧服務機構,1R0100076,1,臺北市,大安區,臺北市大安區信義路四段6號15樓之9,121.544128418,25.0331287384,B,居家服務,臺北市,松山區;信義區;大安區,0937279546,w26547183@gmail.com,吳宗霖,20241111.0,20261231.0,20241112 17:46:05
(新北)三揚國際租賃有限公司,BA0100052,BA,臺北市,文山區,臺北市文山區辛亥路五段98號,121.552986145,24.9982833862,B,交通接送服務(DA01),新北市,林口區,02-2302-7899,safetycar.tw@gmail.com,陳帝維,20250206.0,20271231.0,20250212 10:18:35
財團法人雙福社會福利慈善事業基金會(信義社區照顧關懷據點),BD0100095,BD,臺北市,信義區,臺北市信義區光復南路443巷9號,121.5585250854,25.0357112885,B,喘息服務,臺北市,松山區;信義區;大安區;中山區;中正區;大同區;萬華區;文山區;南港區;內湖區;士林區;北投區,02-2729-9580,asiapd@gmail.com,吳英賓,20250101.0,20261231.0,20241105 19:42:16
百佳健康事業有限公司附設臺北市私立百佳居家長照機構,1R0100081,1,臺北市,萬華區,臺北市萬華區和平西路2段149號3樓之4,121.5051727295,25.0337467194,B,居家服務,臺北市,大同區;萬華區;文山區,02-23880119,paichia149304@gmail.com,陳真善,20250203.0,20261231.0,20250204 11:20:59
財團法人天主教失智老人社會福利基金會附設臺北市私立東湖聖若瑟社區長照機構,2S0100034,2,臺北市,內湖區,臺北市內湖區東湖路1號3樓,121.6123657227,25.0691013336,B,日間照顧服務,臺北市,松山區;南港區;內湖區;士林區;北投區,02-2304-6716,donghu3146.day.care@gmail.com,鍾安住,20250313.0,20261231.0,20250318 16:29:18
財團法人天主教失智老人社會福利基金會附設臺北市私立東湖聖若瑟社區長照機構,2S0100034,2,臺北市,內湖區,臺北市內湖區東湖路1號3樓,121.6123657227,25.0691013336,B,社區式交通接送服務(BD03),臺北市,松山區;信義區;大安區;中山區;中正區;大同區;萬華區;文山區;南港區;內湖區;士林區;北投區,02-2304-6716,donghu3146.day.care@gmail.com,鍾安住,20250313.0,20261231.0,20250401 19:26:29
晨穎長期照顧股份有限公司附設臺北市私立晨安居家長照機構,1V0100061,1,臺北市,士林區,臺北市士林區蘭雅里中山北路6段264號2樓,121.5255508423,25.1096839905,B,居家服務,臺北市,士林區;北投區,02-2838-1616,chenanhc@gmail.com,陳思穎,20250515.0,20261231.0,20250519 14:21:51
臺北市政府社會局委託社團法人中華民國士林靈糧堂社會福利協會經營管理福星身障社區長照機構（日間照顧）,2R0100027,2,臺北市,萬華區,臺北市萬華區福星里開封街2段39號3樓之1,121.5064315796,25.0471401215,B,日間照顧服務,臺北市,松山區;信義區;大安區;中山區;中正區;大同區;萬華區;文山區;南港區;內湖區;士林區;北投區,(02)2382-1448,sl0010@slsc.org.tw,劉群茂,20241126.0,20251231.0,20241218 15:25:28
圓石實業股份有限公司附設臺北市私立文山和興圓石社區長照機構,2V0100013,2,臺北市,文山區,臺北市文山區和興路88號1樓,121.5493545532,24.9848461151,B,喘息服務,臺北市,松山區;信義區;大安區;中山區;中正區;大同區;萬華區;文山區;南港區;內湖區;士林區;北投區,22362001,19810313duck2024@gmail.com,侯克瀛,20250227.0,20261231.0,20250227 14:22:54
(基隆市)大豐國際租賃有限公司,BA0100053,BA,臺北市,南港區,臺北市南港區忠孝東路六段278巷23弄14號1樓,121.5900726318,25.0484714508,B,交通接送服務(DA01),基隆市,中正區;七堵區;暖暖區;仁愛區;中山區;安樂區;信義區,02-22468999,shen58899@gmail.com,沈恒昌,20250225.0,20271231.0,20250305 18:54:37
(基隆市)大豐國際租賃有限公司,BA0100053,BA,臺北市,南港區,臺北市南港區忠孝東路六段278巷23弄14號1樓,121.5900726318,25.0484714508,B,社區式交通接送服務(BD03),基隆市,中正區;七堵區;暖暖區;仁愛區;中山區;安樂區;信義區,02-22468999,shen58899@gmail.com,沈恒昌,20250225.0,20271231.0,20250305 18:54:55
財團法人雙福社會福利慈善事業基金會(信義社區照顧關懷據點),BD0100095,BD,臺北市,信義區,臺北市信義區光復南路443巷9號,121.5585250854,25.0357112885,B,喘息服務,臺北市,松山區;信義區;大安區;中山區;中正區;大同區;萬華區;文山區;南港區;內湖區;士林區;北投區,02-2729-9580,asiapd@gmail.com,吳英賓,20190101.0,20241231.0,20241105 19:46:18
臺北市政府社會局委託社團法人中華民國士林靈糧堂社會福利協會經營管理福星身障社區長照機構（日間照顧）,2R0100027,2,臺北市,萬華區,臺北市萬華區福星里開封街2段39號3樓之1,121.5064315796,25.0471401215,B,喘息服務,臺北市,松山區;信義區;大安區;中山區;中正區;大同區;萬華區;文山區;南港區;內湖區;士林區;北投區,(02)2382-1448,sl0010@slsc.org.tw,劉群茂,20250306.0,20261231.0,20250306 18:55:58
圓石實業股份有限公司附設臺北市私立文山和興圓石社區長照機構,2V0100013,2,臺北市,文山區,臺北市文山區和興路88號1樓,121.5493545532,24.9848461151,B,日間照顧服務,臺北市,松山區;信義區;大安區;中山區;中正區;大同區;萬華區;文山區;南港區;內湖區;士林區;北投區,22362001,19810313duck2024@gmail.com,侯克瀛,20250101.0,20261231.0,20250113 13:46:16
(新北)生通股份有限公司,BA0100048,BA,臺北市,中山區,臺北市中山區民族東路2號6樓,121.5233612061,25.0682983398,B,交通接送服務,新北市,汐止區;石碇區;平溪區,02-25997667,michelleli1973.tw@gmail.com,陳金棍,20250101.0,20271231.0,20241227 10:46:58
社團法人中華民國士林靈糧堂社會福利協會附設臺北市私立復華社區長照機構,2R0100028,2,臺北市,中山區,臺北市中山區復華里遼寧街185巷11號2-3樓,121.5427627563,25.0534248352,B,社區式交通接送服務(BD03),臺北市,松山區;信義區;大安區;中山區;中正區;大同區;萬華區;文山區;南港區;內湖區;士林區;北投區,27171393,fhdaycare@slsc.org.tw,劉群茂,20250401.0,20261231.0,20250331 17:17:50
社團法人中華民國士林靈糧堂社會福利協會附設臺北市私立復華社區長照機構,2R0100028,2,臺北市,中山區,臺北市中山區復華里遼寧街185巷11號2-3樓,121.5427627563,25.0534248352,B,小規模多機能服務,臺北市,松山區;信義區;大安區;中山區;中正區;大同區;萬華區;文山區;南港區;內湖區;士林區;北投區,27171393,fhdaycare@slsc.org.tw,劉群茂,20250401.0,20261231.0,20250331 17:37:16
常青樹國際股份有限公司附設臺北市私立常青樹社區長照機構,2S0100033,2,臺北市,中山區,臺北市中山區興亞里長安東路二段31號5樓之一,121.5312194824,25.0485877991,B,喘息服務,臺北市,松山區;信義區;大安區;中山區;中正區;大同區;萬華區;文山區;南港區;內湖區;士林區;北投區,2522-2218,cqs1131010@gmail.com,唐于婷,20250428.0,20261231.0,20250429 11:25:03
常青樹國際股份有限公司附設臺北市私立常青樹社區長照機構,2S0100033,2,臺北市,中山區,臺北市中山區興亞里長安東路二段31號5樓之一,121.5312194824,25.0485877991,B,日間照顧服務,臺北市,松山區;信義區;大安區;中山區;中正區;大同區;萬華區;文山區;南港區;內湖區;士林區;北投區,2522-2218,cqs1131010@gmail.com,唐于婷,20250220.0,20261231.0,20250320 16:29:21
靜安健康股份有限公司附設臺北市私立智慧健康社區長照機構,2S0100035,2,臺北市,南港區,臺北市南港區玉成街89號1樓,121.5819702148,25.0472793579,B,社區式交通接送服務(BD03),臺北市,松山區;信義區;大安區;中山區;中正區;大同區;萬華區;文山區;南港區;內湖區;士林區;北投區,02-25700258,serenecare0609@gmail.com,孫維欣,20250414.0,20261231.0,20250425 10:51:31
一大心國際有限公司,BB0100013,BB,臺北市,中山區,臺北市中山區中山里新生北路二段66之8號1樓,121.5272140503,25.0564002991,B,輔具及居家無障礙環境服務,臺北市,松山區;信義區;大安區;中山區;中正區;大同區;萬華區;文山區;南港區;內湖區;士林區;北投區,0989666378,pattylovepeace@gmail.com.com,張炎森,20250306.0,20271231.0,20250409 17:30:26
連邦物理治療所,B40100034,B4,臺北市,松山區,臺北市松山區南京東路四段52巷11號1樓,121.5312271118,25.0612506866,B,專業照護服務,臺北市,松山區;信義區;大安區;中山區;中正區;大同區;萬華區;文山區;南港區;內湖區;士林區;北投區,0926554765,lienbang.ptclinic@gmail.com,連羿婷,20250326.0,20261231.0,20250327 11:13:37
好爸爸無障礙爬梯機接送有限公司,BB0100014,BB,臺北市,北投區,臺北市北投區文林里致遠一路1段29號1樓,121.5167236328,25.1081428528,B,輔具及居家無障礙環境服務,臺北市,北投區,02-28957559,good88taxi@gmail.com,李銘權,20250101.0,20271231.0,20250415 16:40:35
社團法人中華民國士林靈糧堂社會福利協會附設臺北市私立復華社區長照機構,2R0100028,2,臺北市,中山區,臺北市中山區復華里遼寧街185巷11號2-3樓,121.5427627563,25.0534248352,B,日間照顧服務,臺北市,松山區;信義區;大安區;中山區;中正區;大同區;萬華區;文山區;南港區;內湖區;士林區;北投區,27171393,fhdaycare@slsc.org.tw,劉群茂,20250401.0,20261231.0,20250331 17:18:33
靜安健康股份有限公司附設臺北市私立智慧健康社區長照機構,2S0100035,2,臺北市,南港區,臺北市南港區玉成街89號1樓,121.5819702148,25.0472793579,B,日間照顧服務,臺北市,松山區;信義區;大安區;中山區;中正區;大同區;萬華區;文山區;南港區;內湖區;士林區;北投區,02-25700258,serenecare0609@gmail.com,孫維欣,20250414.0,20261231.0,20250425 10:51:00
(新北)大豐交通有限公司台北市分公司,BA0100054,BA,臺北市,文山區,臺北市文山區木新路三段11號,121.5378494263,24.9943199158,B,交通接送服務(DA01),新北市,板橋區;三重區;中和區;永和區;新莊區;新店區;樹林區;鶯歌區;三峽區;淡水區;汐止區;瑞芳區;土城區;蘆洲區;五股區;泰山區;林口區;深坑區;石碇區;坪林區;三芝區;石門區;八里區;平溪區;雙溪區;貢寮區;金山區;萬里區;烏來區,02-2918-3000,Raymon-cl@hotmail.com,林家佑,20250506.0,20271231.0,20250508 11:15:01
社團法人中華有依社會關懷協會,BE0100092,BE,臺北市,文山區,臺北市文山區興隆路一段102巷23號3樓,121.5413894653,25.0021858215,B,營養餐飲服務,臺北市,松山區;信義區;大安區;中山區;中正區;大同區;萬華區;文山區;南港區;內湖區;士林區;北投區,(02)2930-6271,smliou@seed.net.tw,劉旭明,20250101.0,20531231.0,20250514 14:25:00
