機構名稱,機構代碼,機構種類,縣市,區,地址全址,經度,緯度,O_ABC,特約服務項目,特約縣市,特約區域,機構電話,電子郵件,機構負責人姓名,特約起日,特約迄日,最後異動時間
財團法人天下為公社會福利慈善事業基金會附設新北市私立天下為公居家式服務類長期照顧服務機構,1S0200001,1,新北市,汐止區,新北市汐止區保安里大同路三段423號1樓,121.677482605,25.0716438293,B,喘息服務,新北市,板橋區;三重區;中和區;永和區;新莊區;新店區;汐止區;瑞芳區;土城區;蘆洲區;平溪區;雙溪區;貢寮區;金山區;萬里區,02-86488388,wba@hangan.org,胡世賢,20250101.0,20271231.0,20250110 15:22:50
財團法人天下為公社會福利慈善事業基金會附設新北市私立天下為公居家式服務類長期照顧服務機構,1S0200001,1,新北市,汐止區,新北市汐止區保安里大同路三段423號1樓,121.677482605,25.0716438293,A,個案管理服務,新北市,三重區;中和區;永和區;新莊區;汐止區,02-86488388,wba@hangan.org,胡世賢,20250101.0,20250630.0,20241231 16:21:37
財團法人天下為公社會福利慈善事業基金會附設新北市私立天下為公居家式服務類長期照顧服務機構,1S0200001,1,新北市,汐止區,新北市汐止區保安里大同路三段423號1樓,121.677482605,25.0716438293,B,營養餐飲服務,新北市,中和區;永和區;汐止區,02-86488388,wba@hangan.org,胡世賢,20250101.0,20250131.0,20250122 14:39:55
財團法人天下為公社會福利慈善事業基金會附設新北市私立天下為公居家式服務類長期照顧服務機構,1S0200001,1,新北市,汐止區,新北市汐止區保安里大同路三段423號1樓,121.677482605,25.0716438293,B,喘息服務,桃園市,桃園區;中壢區;大溪區;蘆竹區;大園區;龜山區;八德區;觀音區;復興區,02-86488388,wba@hangan.org,胡世賢,20231226.0,20251231.0,20231231 15:31:40
社團法人愛福家協會附設新北市私立愛福家居家式服務類長期照顧服務機構,1R0100007,1,新北市,板橋區,新北市板橋區雙十路二段217號4樓,121.4752655029,25.0337276459,B,居家服務,臺北市,大安區;中山區;中正區;大同區;萬華區,02-22500177,hr01@ilive.org.tw,涂林德媛,20180101.0,20261231.0,20231229 16:36:37
社團法人愛福家協會附設新北市私立愛福家居家式服務類長期照顧服務機構,1R0100007,1,新北市,板橋區,新北市板橋區雙十路二段217號4樓,121.4752655029,25.0337276459,B,居家服務,新北市,板橋區;新莊區;瑞芳區,02-22500177,hr01@ilive.org.tw,涂林德媛,20250101.0,20271231.0,20241227 09:25:37
新北市私立旺福居家長照機構,1X0200001,1,新北市,三重區,新北市三重區溪美里福隆路48號1樓,121.492477417,25.078578949,B,專業照護服務,新北市,板橋區;三重區;中和區;永和區;新莊區;淡水區;土城區;蘆洲區;五股區;林口區;八里區,02-28571526,wfservice2@gmail.com,黃雅萍,20220101.0,20241231.0,20220224 16:32:38
新北市私立旺福居家長照機構,1X0200001,1,新北市,三重區,新北市三重區溪美里福隆路48號1樓,121.492477417,25.078578949,B,居家服務,新北市,板橋區;三重區;中和區;新莊區;蘆洲區,02-28571526,wfservice2@gmail.com,黃雅萍,20250101.0,20271231.0,20241223 11:11:59
新北市私立旺福居家長照機構,1X0200001,1,新北市,三重區,新北市三重區溪美里福隆路48號1樓,121.492477417,25.078578949,B,喘息服務,新北市,板橋區;三重區;中和區;新莊區;蘆洲區,02-28571526,wfservice2@gmail.com,黃雅萍,20250101.0,20271231.0,20241223 11:12:41
新北市私立皇冠老人養護中心,A10200001,A1,新北市,新店區,新北市新店區明德里民權路60號4樓,121.5385818481,24.9830913544,B,喘息服務,臺北市,松山區;信義區;大安區;中山區;中正區;大同區;萬華區;文山區;南港區;內湖區;士林區;北投區,02-291571112,minilo1688@yahoo.com.tw,黃伯超,20250101.0,20261231.0,20250204 14:56:19
財團法人天下為公社會福利慈善事業基金會附設新北市私立天下為公居家式服務類長期照顧服務機構,1S0200001,1,新北市,汐止區,新北市汐止區保安里大同路三段423號1樓,121.677482605,25.0716438293,B,喘息服務,臺北市,北投區,02-86488388,wba@hangan.org,胡世賢,20180101.0,20241231.0,20221229 21:57:30
新北市私立旺福居家長照機構,1X0200001,1,新北市,三重區,新北市三重區溪美里福隆路48號1樓,121.492477417,25.078578949,B,喘息服務,臺北市,松山區;大安區;中山區;中正區;大同區;萬華區;文山區;士林區,02-28571526,wfservice2@gmail.com,黃雅萍,20180418.0,20241231.0,20221230 15:13:06
新北市私立旺福居家長照機構,1X0200001,1,新北市,三重區,新北市三重區溪美里福隆路48號1樓,121.492477417,25.078578949,A,個案管理服務,臺北市,大同區,02-28571526,wfservice2@gmail.com,黃雅萍,20230424.0,20241231.0,20230503 11:51:47
新北市私立旺福居家長照機構,1X0200001,1,新北市,三重區,新北市三重區溪美里福隆路48號1樓,121.492477417,25.078578949,B,喘息服務,臺北市,松山區;信義區;大安區;中山區;中正區;大同區;萬華區;文山區;南港區;內湖區;士林區;北投區,02-28571526,wfservice2@gmail.com,黃雅萍,20250101.0,20261231.0,20241126 11:09:50
新北市私立旺福居家長照機構,1X0200001,1,新北市,三重區,新北市三重區溪美里福隆路48號1樓,121.492477417,25.078578949,B,專業照護服務,新北市,板橋區;三重區;中和區;永和區;新莊區;淡水區;土城區;蘆洲區;五股區;林口區;八里區,02-28571526,wfservice2@gmail.com,黃雅萍,20250101.0,20271231.0,20241223 11:13:33
財團法人天下為公社會福利慈善事業基金會附設新北市私立天下為公居家式服務類長期照顧服務機構,1S0200001,1,新北市,汐止區,新北市汐止區保安里大同路三段423號1樓,121.677482605,25.0716438293,B,居家服務,新北市,板橋區;三重區;中和區;永和區;新莊區;新店區;汐止區;瑞芳區;土城區;蘆洲區;平溪區;雙溪區;貢寮區;金山區;萬里區,02-86488388,wba@hangan.org,胡世賢,20250101.0,20271231.0,20250110 15:22:04
財團法人天下為公社會福利慈善事業基金會附設新北市私立天下為公居家式服務類長期照顧服務機構,1S0200001,1,新北市,汐止區,新北市汐止區保安里大同路三段423號1樓,121.677482605,25.0716438293,B,喘息服務,桃園市,桃園區;中壢區;大溪區;蘆竹區;大園區;龜山區;八德區;觀音區;復興區,02-86488388,wba@hangan.org,胡世賢,20210322.0,20230228.0,20230110 14:35:31
財團法人天下為公社會福利慈善事業基金會附設新北市私立天下為公居家式服務類長期照顧服務機構,1S0200001,1,新北市,汐止區,新北市汐止區保安里大同路三段423號1樓,121.677482605,25.0716438293,B,居家服務,臺北市,松山區;信義區;大安區;中山區;中正區;大同區;萬華區;文山區;南港區;內湖區;士林區;北投區,02-86488388,wba@hangan.org,胡世賢,20180101.0,20261231.0,20231229 16:50:24
財團法人天下為公社會福利慈善事業基金會附設新北市私立天下為公居家式服務類長期照顧服務機構,1S0200001,1,新北市,汐止區,新北市汐止區保安里大同路三段423號1樓,121.677482605,25.0716438293,B,居家服務,桃園市,桃園區;中壢區;大溪區;蘆竹區;大園區;龜山區;八德區;觀音區;復興區,02-86488388,wba@hangan.org,胡世賢,20190701.0,20261231.0,20250101 14:32:56
廣權護理之家,A30200004,A3,新北市,板橋區,新北市板橋區廣權路6號2樓、5樓,121.4605102539,24.9908809662,B,喘息服務,新北市,板橋區;三重區;中和區;永和區;新莊區;新店區;樹林區;鶯歌區;三峽區;淡水區;汐止區;瑞芳區;土城區;蘆洲區;五股區;泰山區;林口區;深坑區;石碇區;坪林區;三芝區;石門區;八里區;平溪區;雙溪區;貢寮區;金山區;萬里區;烏來區,02-89514712,guangquan4435@gmail.com,王季柔,20250101.0,20271231.0,20250106 11:56:06
寶興護理之家,A30200006,A3,新北市,新店區,新北市新店區寶興路39號2樓至4樓、41號2樓至5樓,121.5491333008,24.9742088318,B,喘息服務,新北市,板橋區;中和區;永和區;新店區;深坑區;平溪區;烏來區,02-29109980,bcnh2015@gmail.com,廖麗如,20250101.0,20271231.0,20250103 11:49:27
柏愛藥局-永和復興據點(醫事C),B30200001,B3,新北市,永和區,新北市永和區復興里博愛街26號,121.518447876,25.0157623291,B,專業照護服務,臺北市,松山區;信義區;大安區;中山區;中正區;大同區;萬華區;文山區;南港區;內湖區;士林區;北投區,02-89285609,boaifustation.201907@gmail.com,鄭文柏,20180101.0,20180101.0,20190417 00:00:00
社團法人愛福家協會附設新北市私立愛福家居家式服務類長期照顧服務機構,1R0100007,1,新北市,板橋區,新北市板橋區雙十路二段217號4樓,121.4752655029,25.0337276459,A,個案管理服務,新北市,板橋區;新莊區;瑞芳區,02-22500177,hr01@ilive.org.tw,涂林德媛,20250101.0,20250630.0,20241231 16:23:52
社團法人愛福家協會附設新北市私立愛福家居家式服務類長期照顧服務機構,1R0100007,1,新北市,板橋區,新北市板橋區雙十路二段217號4樓,121.4752655029,25.0337276459,B,喘息服務,新北市,板橋區;新莊區;瑞芳區,02-22500177,hr01@ilive.org.tw,涂林德媛,20250101.0,20271231.0,20241227 09:26:41
新北市私立旺福居家長照機構,1X0200001,1,新北市,三重區,新北市三重區溪美里福隆路48號1樓,121.492477417,25.078578949,B,專業照護服務,臺北市,松山區;信義區;大安區;中山區;中正區;大同區;萬華區;文山區;南港區;內湖區;士林區;北投區,02-28571526,wfservice2@gmail.com,黃雅萍,20180418.0,20241231.0,20221230 15:13:06
新北市私立旺福居家長照機構,1X0200001,1,新北市,三重區,新北市三重區溪美里福隆路48號1樓,121.492477417,25.078578949,B,居家服務,臺北市,松山區;大安區;中山區;中正區;大同區;萬華區;文山區;士林區;北投區,02-28571526,wfservice2@gmail.com,黃雅萍,20180101.0,20261231.0,20231229 17:20:17
新北市私立旺福居家長照機構,1X0200001,1,新北市,三重區,新北市三重區溪美里福隆路48號1樓,121.492477417,25.078578949,B,專業照護服務,臺北市,松山區;信義區;大安區;中山區;中正區;大同區;萬華區;文山區;南港區;內湖區;士林區;北投區,02-28571526,wfservice2@gmail.com,黃雅萍,20250101.0,20261231.0,20241126 11:11:11
新北市私立慈美護理之家,A30200001,A3,新北市,中和區,新北市中和區中山路2段315巷2號4樓、317號6樓,121.4940261841,25.0017356873,B,喘息服務,臺北市,中和區,02-22467727,juliaguo2670@yahoo.com.tw,張美素,20180913.0,20241231.0,20221229 22:05:39
新北市私立慈美護理之家,A30200001,A3,新北市,中和區,新北市中和區中山路2段315巷2號4樓、317號6樓,121.4940261841,25.0017356873,B,喘息服務,臺北市,松山區;信義區;大安區;中山區;中正區;大同區;萬華區;文山區;南港區;內湖區;士林區;北投區,02-22467727,juliaguo2670@yahoo.com.tw,張美素,20250101.0,20261231.0,20250204 13:53:58
新北市私立至傑護理之家,A30200007,A3,新北市,板橋區,新北市板橋區和平路14巷9號1-2樓、9之1號1樓,121.461517334,24.9928741455,B,喘息服務,臺北市,新店區,02-89641787,a1952000@yahoo.com.tw,黃惠珍,20181226.0,20241231.0,20230202 16:40:01
財團法人天下為公社會福利慈善事業基金會附設新北市私立天下為公居家式服務類長期照顧服務機構,1S0200001,1,新北市,汐止區,新北市汐止區保安里大同路三段423號1樓,121.677482605,25.0716438293,B,喘息服務,臺北市,松山區;信義區;大安區;中山區;中正區;大同區;萬華區;文山區;南港區;內湖區;士林區;北投區,02-86488388,wba@hangan.org,胡世賢,20250101.0,20261231.0,20241119 18:05:51
新北市私立旺福居家長照機構,1X0200001,1,新北市,三重區,新北市三重區溪美里福隆路48號1樓,121.492477417,25.078578949,A,個案管理服務,新北市,板橋區;三重區;新莊區;蘆洲區,02-28571526,wfservice2@gmail.com,黃雅萍,20250101.0,20250630.0,20241231 15:23:49
新北市私立至傑護理之家,A30200007,A3,新北市,板橋區,新北市板橋區和平路14巷9號1-2樓、9之1號1樓,121.461517334,24.9928741455,B,喘息服務,新北市,板橋區;三重區;中和區;永和區;新莊區;新店區;樹林區;鶯歌區;三峽區;淡水區;汐止區;瑞芳區;土城區;蘆洲區;五股區;泰山區;林口區;深坑區;石碇區;坪林區;三芝區;石門區;八里區;平溪區;雙溪區;貢寮區;金山區;萬里區;烏來區,02-89641787,a1952000@yahoo.com.tw,黃惠珍,20250101.0,20271231.0,20250221 09:23:42
新北市私立慈美護理之家,A30200001,A3,新北市,中和區,新北市中和區中山路2段315巷2號4樓、317號6樓,121.4940261841,25.0017356873,B,喘息服務,新北市,板橋區;三重區;中和區;永和區;新莊區;新店區;樹林區;鶯歌區;三峽區;淡水區;汐止區;瑞芳區;土城區;蘆洲區;五股區;泰山區;林口區;深坑區;石碇區;坪林區;三芝區;石門區;八里區;平溪區;雙溪區;貢寮區;金山區;萬里區;烏來區,02-22467727,juliaguo2670@yahoo.com.tw,張美素,20250101.0,20271231.0,20241205 15:53:49
社團法人愛福家協會附設新北市私立新莊愛活樂園社區長照機構,2G0200001,2,新北市,新莊區,新北市新莊區四維里四維路21號,121.4240112305,25.0239372253,B,日間照顧服務,新北市,新莊區,02-22030616,rd01@ilive.org.tw,涂林德媛,20250101.0,20271231.0,20250113 13:34:36
財團法人伊甸社會福利基金會附設新北市私立居家式服務類長期照顧服務機構,1S0200004,1,新北市,三峽區,新北市三峽區介壽里大同路64號2樓,121.3748245239,24.9374752045,B,居家服務,新北市,樹林區;鶯歌區;三峽區;坪林區,02-26741778,eden2624q@eden.org.tw,陳宇昭,20250101.0,20271231.0,20241216 09:20:49
新北市私立萬眾居家長照機構,1X0200008,1,新北市,三重區,新北市三重區福德南路41號7樓,121.5029067993,25.0620708466,B,居家服務,新北市,三重區;蘆洲區,02-28576792,wzhomecare99@gmail.com,黃姿穎,20250101.0,20271231.0,20241224 14:09:46
社團法人中華民國紅心字會附設新北市私立存德居家式服務類長期照顧服務機構,1R0200004,1,新北市,板橋區,新北市板橋區崑崙里存德街29號,121.4306335449,24.9917297363,A,個案管理服務,新北市,板橋區;新店區,02-26815518,redheart.ntpc@gmail.com,劉緒倫,20250101.0,20250630.0,20241231 16:00:34
牧羊人居家服務整合有限公司附設新北市私立牧羊人居家長照機構,1V0200001,1,新北市,新莊區,新北市新莊區昌平里中央路287號3樓,121.4524765015,25.0586795807,B,喘息服務,新北市,板橋區;三重區;新莊區;樹林區;蘆洲區;泰山區,02-85213385,wgshomecare@gmail.com,趙崇義,20250101.0,20271231.0,20241226 16:53:03
牧羊人居家服務整合有限公司附設新北市私立牧羊人居家長照機構,1V0200001,1,新北市,新莊區,新北市新莊區昌平里中央路287號3樓,121.4524765015,25.0586795807,B,專業照護服務,新北市,板橋區;三重區;新莊區;樹林區;淡水區;土城區;蘆洲區;泰山區;三芝區,02-85213385,wgshomecare@gmail.com,趙崇義,20220101.0,20241231.0,20220315 09:43:51
台灣基督長老教會馬偕醫療財團法人附設新北市私立淡水北海岸社區長照機構,2S0200010,2,新北市,淡水區,新北市淡水區沙崙里沙崙路300號,121.4275588989,25.1871395111,B,日間照顧服務,新北市,板橋區;三重區;中和區;永和區;新莊區;新店區;樹林區;鶯歌區;三峽區;淡水區;汐止區;瑞芳區;土城區;蘆洲區;五股區;泰山區;林口區;深坑區;石碇區;坪林區;三芝區;石門區;八里區;平溪區;雙溪區;貢寮區;金山區;萬里區;烏來區,02-28053392,ting.a966@mmh.org.tw,蕭聰穎,20250101.0,20271231.0,20241220 10:00:53
新北市私立皇冠老人養護中心,A10200001,A1,新北市,新店區,新北市新店區明德里民權路60號4樓,121.5385818481,24.9830913544,B,喘息服務,臺北市,新店區,02-291571112,minilo1688@yahoo.com.tw,黃伯超,20180101.0,20241231.0,20221229 23:17:45
遠東護理之家,A30200002,A3,新北市,新店區,新北市新店區民權路129號2樓、131號2樓、133號2樓及129號4床,121.5352325439,24.9826316833,B,喘息服務,臺北市,松山區;信義區;大安區;中山區;中正區;大同區;萬華區;文山區;南港區;內湖區;士林區;北投區,02-22186820,nurse1292@gmail.com,羅德蘭,20180101.0,20241231.0,20221229 22:32:22
柏愛藥局-永和復興據點(醫事C),B30200001,B3,新北市,永和區,新北市永和區復興里博愛街26號,121.518447876,25.0157623291,B,喘息服務,新北市,永和區,02-89285609,boaifustation.201907@gmail.com,鄭文柏,20250101.0,20271231.0,20250120 14:02:38
佳醫護理之家,A30200008,A3,新北市,汐止區,新北市汐止區茄苳路296號1-6樓,121.6730270386,25.0670490265,B,喘息服務,臺北市,南港區,02-86486672,ying.jinn@gmail.com,謝政賢,20180601.0,20241231.0,20221229 22:17:06
佳醫護理之家,A30200008,A3,新北市,汐止區,新北市汐止區茄苳路296號1-6樓,121.6730270386,25.0670490265,B,喘息服務,臺北市,松山區;信義區;大安區;中山區;中正區;大同區;萬華區;文山區;南港區;內湖區;士林區;北投區,02-86486672,ying.jinn@gmail.com,謝政賢,20250101.0,20261231.0,20241231 11:37:11
佳醫護理之家,A30200008,A3,新北市,汐止區,新北市汐止區茄苳路296號1-6樓,121.6730270386,25.0670490265,B,日間照顧服務,新北市,汐止區,02-86486672,ying.jinn@gmail.com,謝政賢,20250101.0,20271231.0,20250113 14:40:03
佳醫護理之家,A30200008,A3,新北市,汐止區,新北市汐止區茄苳路296號1-6樓,121.6730270386,25.0670490265,B,喘息服務,新北市,板橋區;三重區;中和區;永和區;新莊區;新店區;樹林區;鶯歌區;三峽區;淡水區;汐止區;瑞芳區;土城區;蘆洲區;五股區;泰山區;林口區;深坑區;石碇區;坪林區;三芝區;石門區;八里區;平溪區;雙溪區;貢寮區;金山區;萬里區;烏來區,02-86486672,ying.jinn@gmail.com,謝政賢,20250101.0,20271231.0,20250113 14:40:25
社團法人愛福家協會附設新北市私立新莊愛活樂園社區長照機構,2G0200001,2,新北市,新莊區,新北市新莊區四維里四維路21號,121.4240112305,25.0239372253,B,喘息服務,新北市,新莊區,02-22030616,rd01@ilive.org.tw,涂林德媛,20250101.0,20271231.0,20250113 13:35:03
新北市私立皇冠老人養護中心,A10200001,A1,新北市,新店區,新北市新店區明德里民權路60號4樓,121.5385818481,24.9830913544,B,喘息服務,新北市,板橋區;三重區;中和區;永和區;新莊區;新店區;樹林區;鶯歌區;三峽區;淡水區;汐止區;瑞芳區;土城區;蘆洲區;五股區;泰山區;林口區;深坑區;石碇區;坪林區;三芝區;石門區;八里區;平溪區;雙溪區;貢寮區;金山區;萬里區;烏來區,02-291571112,minilo1688@yahoo.com.tw,黃伯超,20250101.0,20271231.0,20250110 14:28:07
遠東護理之家,A30200002,A3,新北市,新店區,新北市新店區民權路129號2樓、131號2樓、133號2樓及129號4床,121.5352325439,24.9826316833,B,喘息服務,臺北市,松山區;信義區;大安區;中山區;中正區;大同區;萬華區;文山區;南港區;內湖區;士林區;北投區,02-22186820,nurse1292@gmail.com,羅德蘭,20250101.0,20261231.0,20250204 14:53:54
寶興護理之家,A30200006,A3,新北市,新店區,新北市新店區寶興路39號2樓至4樓、41號2樓至5樓,121.5491333008,24.9742088318,B,喘息服務,臺北市,松山區;信義區;大安區;中山區;中正區;大同區;萬華區;文山區;南港區;內湖區;士林區;北投區,02-29109980,bcnh2015@gmail.com,廖麗如,20250101.0,20261231.0,20241231 11:30:24
新北市深坑區衛生所,B20200005,B2,新北市,深坑區,新北市深坑區深坑里深坑街165號,121.6125717163,25.00091362,B,居家失能個案家庭醫師照護服務,新北市,深坑區,02-26621567,ntpc267@ntpc.gov.tw,李欣融,20250101.0,20271231.0,20241227 14:36:42
新北市私立全曜居家式服務類長期照顧服務機構,1X0200002,1,新北市,三重區,新北市三重區長江里長元街100之2號1、2樓,121.5028076172,25.0667877197,A,個案管理服務,新北市,板橋區;三重區;新莊區;土城區,02-29722060,chuanyao10704@gmail.com,黃明聖,20250101.0,20271231.0,20241231 14:40:54
新北市私立全曜居家式服務類長期照顧服務機構,1X0200002,1,新北市,三重區,新北市三重區長江里長元街100之2號1、2樓,121.5028076172,25.0667877197,B,喘息服務,臺北市,松山區;信義區;大安區;中山區;中正區;大同區;萬華區;文山區;南港區;內湖區;士林區;北投區,02-29722060,chuanyao10704@gmail.com,黃明聖,20190401.0,20241231.0,20221229 23:06:25
遠東護理之家,A30200002,A3,新北市,新店區,新北市新店區民權路129號2樓、131號2樓、133號2樓及129號4床,121.5352325439,24.9826316833,B,喘息服務,新北市,板橋區;三重區;中和區;永和區;新莊區;新店區;樹林區;鶯歌區;三峽區;淡水區;汐止區;瑞芳區;土城區;蘆洲區;五股區;泰山區;林口區;深坑區;石碇區;坪林區;三芝區;石門區;八里區;平溪區;雙溪區;貢寮區;金山區;萬里區;烏來區,02-22186820,nurse1292@gmail.com,羅德蘭,20250101.0,20271231.0,20250110 15:14:59
寶興護理之家,A30200006,A3,新北市,新店區,新北市新店區寶興路39號2樓至4樓、41號2樓至5樓,121.5491333008,24.9742088318,B,喘息服務,臺北市,松山區;信義區;大安區;中山區;中正區;大同區;萬華區;文山區;南港區;內湖區;士林區;北投區,02-29109980,bcnh2015@gmail.com,廖麗如,20180523.0,20241231.0,20221229 22:16:22
匯安護理之家,A30200005,A3,新北市,新店區,新北市新店區寶興路37號2樓、3樓、3樓之1,121.5492019653,24.9742774963,B,喘息服務,新北市,板橋區;中和區;永和區;新店區;土城區;深坑區;烏來區,02-29129020,well.love520@gmail.com,邱瑞枝,20250101.0,20271231.0,20250110 15:13:27
新北市私立永安居家長照機構,1X0200007,1,新北市,新店區,新北市新店區國豐里中正路399巷13號,121.5341110229,24.9768562317,B,居家服務,臺北市,松山區;信義區;大安區;中山區;中正區;大同區;萬華區;文山區;南港區;內湖區;士林區;北投區,02-86656656,a0936732090@gmail.com,周雅婷,20240101.0,20261231.0,20231229 16:34:05
新北市私立永安居家長照機構,1X0200007,1,新北市,新店區,新北市新店區國豐里中正路399巷13號,121.5341110229,24.9768562317,B,喘息服務,新北市,中和區;永和區;新店區;淡水區,02-86656656,a0936732090@gmail.com,周雅婷,20250101.0,20271231.0,20241203 11:59:47
財團法人弘道老人福利基金會附設新北市私立弘道居家式服務類長期照顧服務機構,1S0200007,1,新北市,新莊區,新北市新莊區思源里思源路38號,121.4602279663,25.0426292419,B,喘息服務,新北市,新莊區;金山區,02-89913925,hondao-tp@hondao.org.tw,王乃弘,20250101.0,20271231.0,20241224 10:08:28
新北市私立蕙心居家式服務類長期照顧服務機構,1X0200012,1,新北市,蘆洲區,新北市蘆洲區民權路174巷14號3樓,121.4724655151,25.0904884338,B,居家服務,新北市,三重區;蘆洲區;五股區;泰山區,02-22885701,chang201141105@yahoo.com.tw,汪洋,20250101.0,20271231.0,20241223 10:06:35
新北市私立至傑護理之家,A30200007,A3,新北市,板橋區,新北市板橋區和平路14巷9號1-2樓、9之1號1樓,121.461517334,24.9928741455,B,喘息服務,臺北市,松山區;信義區;大安區;中山區;中正區;大同區;萬華區;文山區;南港區;內湖區;士林區;北投區,02-89641787,a1952000@yahoo.com.tw,黃惠珍,20250101.0,20261231.0,20241231 11:29:11
新北市私立全曜居家式服務類長期照顧服務機構,1X0200002,1,新北市,三重區,新北市三重區長江里長元街100之2號1、2樓,121.5028076172,25.0667877197,B,喘息服務,新北市,板橋區;三重區;中和區;永和區;新莊區;新店區;樹林區;土城區;蘆洲區;五股區;泰山區,02-29722060,chuanyao10704@gmail.com,黃明聖,20250101.0,20271231.0,20241213 16:51:18
新北市私立全曜居家式服務類長期照顧服務機構,1X0200002,1,新北市,三重區,新北市三重區長江里長元街100之2號1、2樓,121.5028076172,25.0667877197,B,喘息服務,臺北市,松山區;信義區;大安區;中山區;中正區;大同區;萬華區;文山區;南港區;內湖區;士林區;北投區,02-29722060,chuanyao10704@gmail.com,黃明聖,20250101.0,20261231.0,20241119 17:22:14
佳醫護理之家,A30200008,A3,新北市,汐止區,新北市汐止區茄苳路296號1-6樓,121.6730270386,25.0670490265,A,個案管理服務,新北市,汐止區,02-86486672,ying.jinn@gmail.com,謝政賢,20250101.0,20250630.0,20241231 14:30:52
天主教耕莘醫療財團法人附設新北市私立新店耕莘居家式服務類長期照顧服務機構,1S0200010,1,新北市,新店區,新北市新店區百和里民族路160巷4號,121.5370025635,24.9769706726,B,居家服務,新北市,新店區;烏來區,02-22193391,cthhomecare@gmail.com,鍾安住,20250101.0,20271231.0,20250110 15:30:41
財團法人一粒麥子社會福利慈善事業基金會附設新北市私立有福居家式服務類長期照顧服務機構,1S0200011,1,新北市,新店區,新北市新店區民權路103號3樓,121.7391738892,25.0249118805,A,個案管理服務,新北市,平溪區,02-89117897,sandra@wheat.org.tw,呂信雄,20250101.0,20250630.0,20241231 16:20:33
財團法人天主教主顧修女會附設新北市私立泰山奇蹟之家綜合長照機構,1S0200012,4,新北市,泰山區,新北市泰山區泰友里新生路4號,121.428237915,25.0448722839,A,個案管理服務,新北市,泰山區,02-29062242,miraclesp2000@gmail.com,馬玉潔,20250101.0,20250630.0,20241231 16:22:18
財團法人天主教主顧修女會附設新北市私立泰山奇蹟之家綜合長照機構,1S0200012,4,新北市,泰山區,新北市泰山區泰友里新生路4號,121.428237915,25.0448722839,B,營養餐飲服務,新北市,泰山區,02-29062242,miraclesp2000@gmail.com,馬玉潔,20250101.0,20250131.0,20250122 14:40:30
新北市私立慈美老人養護中心,A10200008,A1,新北市,中和區,新北市中和區連和里中山路二段315巷2號6樓,121.4940261841,25.0017356873,B,喘息服務,新北市,板橋區;三重區;中和區;永和區;新莊區;新店區;樹林區;鶯歌區;三峽區;淡水區;汐止區;瑞芳區;土城區;蘆洲區;五股區;泰山區;林口區;深坑區;石碇區;坪林區;三芝區;石門區;八里區;平溪區;雙溪區;貢寮區;金山區;萬里區;烏來區,22467727,tzumei315@yahoo.com.tw,張美素,20250101.0,20271231.0,20241205 14:12:09
天主教耕莘醫療財團法人附設耕莘護理之家,A30200013,A3,新北市,新店區,新北市新店區中正路362號C棟1~2樓,121.5357513428,24.9762935638,B,喘息服務,新北市,新店區,02-2219-3391*65331,nh65331@cth.org.tw,梁嘉慧,20250101.0,20271231.0,20250113 10:30:56
板橋中興醫院附設居家護理所,B10200012,B1,新北市,板橋區,新北市板橋區福星里忠孝路28號5樓,121.4602813721,25.0017642975,C,巷弄長照站,新北市,板橋區,02-89512388,vanina@caleb.org.tw,張瓈方,20190401.0,20211231.0,20210525 17:21:25
行天宮醫療志業醫療財團法人恩主公醫院,B20200004,B2,新北市,三峽區,新北市三峽區鳶山里復興路399號,121.3629074097,24.9383068085,A,個案管理服務,新北市,三峽區,02-26723456#8735,01952@km.eck.org.tw,黃信彰,20250101.0,20250630.0,20241231 15:12:07
衛生福利部八里療養院,B20200010,B2,新北市,八里區,新北市八里區舊城里華富山33號,121.5016403198,24.9986915588,A,個案管理服務,新北市,中和區,02-22450386,6453@balipc.gov.tw,李新民,20250101.0,20250630.0,20241231 16:23:16
新北市瑞芳區衛生所,B20200012,B2,新北市,瑞芳區,新北市瑞芳區龍興里明燈路三段1號,121.8090744019,25.1073799133,B,居家失能個案家庭醫師照護服務,新北市,瑞芳區,02-24972132,an5927@ntpc.gov.tw,麥可,20250101.0,20271231.0,20250106 09:40:15
新北市瑞芳區衛生所,B20200012,B2,新北市,瑞芳區,新北市瑞芳區龍興里明燈路三段1號,121.8090744019,25.1073799133,A,個案管理服務,新北市,瑞芳區,02-24972132,an5927@ntpc.gov.tw,麥可,20250101.0,20250630.0,20241231 14:40:15
皇誼藥局,B30200002,B3,新北市,永和區,新北市永和區上溪里文化路33號,121.5146942139,25.015007019,B,專業照護服務,新北市,板橋區;三重區;中和區;永和區;新店區;深坑區;石碇區;坪林區;烏來區,02-29278732,haentyak@gmail.com,黃雋恩,20250101.0,20271231.0,20250212 10:41:08
新北市立聯合醫院,B20200006,B2,新北市,三重區,新北市三重區中山里新北大道一段3號,121.4906845093,25.0607795715,B,喘息服務,新北市,三重區,02-29829111,AO8667@ntpc.gov.tw,項正川,20250101.0,20271231.0,20241205 16:10:57
台灣基督長老教會馬偕醫療財團法人淡水馬偕紀念醫院,B20200009,B2,新北市,淡水區,新北市淡水區民生里民生路45號,121.4618148804,25.1389274597,B,專業照護服務,新北市,三重區;淡水區;蘆洲區;八里區,02-25433535,mwang@mmh.org.tw,洪大川,20250101.0,20271231.0,20241224 10:29:01
財團法人老五老基金會附設新北市私立老五老居家式服務類長期照顧服務機構,1S0200005,1,新北市,汐止區,新北市汐止區新昌里忠孝東路286號2樓,121.661857605,25.0745601654,B,喘息服務,新北市,汐止區;深坑區;石碇區,02-86422321,tp@ofo.org.tw,陳麗欣,20250101.0,20271231.0,20241227 14:34:36
財團法人弘道老人福利基金會附設新北市私立弘道居家式服務類長期照顧服務機構,1S0200007,1,新北市,新莊區,新北市新莊區思源里思源路38號,121.4602279663,25.0426292419,A,個案管理服務,新北市,新莊區,02-89913925,hondao-tp@hondao.org.tw,王乃弘,20250101.0,20250630.0,20241231 16:19:03
財團法人一粒麥子社會福利慈善事業基金會附設新北市私立有福居家式服務類長期照顧服務機構,1S0200011,1,新北市,新店區,新北市新店區民權路103號3樓,121.7391738892,25.0249118805,B,喘息服務,新北市,新店區;平溪區;雙溪區,02-89117897,sandra@wheat.org.tw,呂信雄,20250101.0,20271231.0,20241220 09:57:27
財團法人天主教主顧修女會附設新北市私立泰山奇蹟之家綜合長照機構,1S0200012,4,新北市,泰山區,新北市泰山區泰友里新生路4號,121.428237915,25.0448722839,B,日間照顧服務,新北市,板橋區;三重區;中和區;永和區;新莊區;新店區;樹林區;鶯歌區;三峽區;淡水區;汐止區;瑞芳區;土城區;蘆洲區;五股區;泰山區;林口區;深坑區;石碇區;坪林區;三芝區;石門區;八里區;平溪區;雙溪區;貢寮區;金山區;萬里區;烏來區,02-29062242,miraclesp2000@gmail.com,馬玉潔,20250101.0,20271231.0,20241218 10:33:08
財團法人台灣省私立健順養護中心附設新北市私立永和民權社區長照機構,2S0200003,2,新北市,永和區,新北市永和區民權路60號5樓,121.5199432373,24.9977760315,B,日間照顧服務,新北市,中和區;永和區,02-29451169,yonghe.daycare@gmail.com,廖慧媛,20250101.0,20271231.0,20241224 10:19:31
財團法人豐榮護理之家,A30200019,A3,新北市,新店區,新北市新店區安德街60巷26、28、30號及26號2樓、3樓、3樓之1,121.5114059448,24.9634552002,B,喘息服務,新北市,板橋區;三重區;中和區;永和區;新莊區;新店區;樹林區;鶯歌區;三峽區;淡水區;汐止區;瑞芳區;土城區;蘆洲區;五股區;泰山區;林口區;深坑區;石碇區;坪林區;三芝區;石門區;八里區;平溪區;雙溪區;貢寮區;金山區;萬里區;烏來區,02-22122345,rungfen6686@hotmail.com,管榮芬,20250101.0,20271231.0,20241205 11:42:03
行天宮醫療志業醫療財團法人恩主公醫院,B20200004,B2,新北市,三峽區,新北市三峽區鳶山里復興路399號,121.3629074097,24.9383068085,B,居家失能個案家庭醫師照護服務,新北市,樹林區;鶯歌區;三峽區,02-26723456#8735,01952@km.eck.org.tw,黃信彰,20250101.0,20271231.0,20250113 16:16:49
新北市雙溪區衛生所,B20200007,B2,新北市,雙溪區,新北市雙溪區新基里新基南街18號,121.8662567139,25.0379886627,A,個案管理服務,新北市,雙溪區,02-24931210#22,Ag9215@ntpc.gov.tw,吳一青,20250101.0,20250630.0,20241231 15:27:04
康齡永安居家物理治療所,B40200003,B4,新北市,永和區,新北市永和區店街里福和路389號2樓之4,121.5141220093,25.0077114105,B,專業照護服務(CC01),新北市,板橋區;三重區;中和區;永和區;新莊區;新店區;樹林區;鶯歌區;三峽區;淡水區;汐止區;瑞芳區;土城區;蘆洲區;五股區;泰山區;林口區;深坑區;石碇區;坪林區;三芝區;石門區;八里區;平溪區;雙溪區;貢寮區;金山區;萬里區;烏來區,02-29261826,yacomeinpt@gmail.com,陳韋成,20250101.0,20271231.0,20241204 13:54:56
新北市私立萬眾居家長照機構,1X0200008,1,新北市,三重區,新北市三重區福德南路41號7樓,121.5029067993,25.0620708466,A,個案管理服務,新北市,三重區,02-28576792,wzhomecare99@gmail.com,黃姿穎,20250101.0,20250630.0,20241231 15:19:47
新北市私立萬眾居家長照機構,1X0200008,1,新北市,三重區,新北市三重區福德南路41號7樓,121.5029067993,25.0620708466,B,喘息服務,新北市,三重區;蘆洲區,02-28576792,wzhomecare99@gmail.com,黃姿穎,20250101.0,20271231.0,20241224 14:10:12
社團法人台灣罕病蝴蝶寶貝醫護促進會附設新北市私立迦美居家長照機構,1R0200005,1,新北市,板橋區,新北市板橋區赤松里重慶路274巷7之3號,121.4626235962,25.0001354218,B,喘息服務,新北市,板橋區;中和區;永和區;樹林區;土城區,02-29549666,twdebra1211@gmail.com,鄭逢炫,20250101.0,20271231.0,20241224 11:50:09
牧羊人居家服務整合有限公司附設新北市私立牧羊人居家長照機構,1V0200001,1,新北市,新莊區,新北市新莊區昌平里中央路287號3樓,121.4524765015,25.0586795807,A,個案管理服務,新北市,三重區;新莊區;樹林區;蘆洲區;泰山區,02-85213385,wgshomecare@gmail.com,趙崇義,20250101.0,20250630.0,20241231 15:52:47
牧羊人居家服務整合有限公司附設新北市私立牧羊人居家長照機構,1V0200001,1,新北市,新莊區,新北市新莊區昌平里中央路287號3樓,121.4524765015,25.0586795807,B,專業照護服務,新北市,板橋區;三重區;新莊區;樹林區;淡水區;土城區;蘆洲區;泰山區;三芝區,02-85213385,wgshomecare@gmail.com,趙崇義,20250101.0,20271231.0,20241226 16:51:48
私立大愛護理之家,A30200010,A3,新北市,三重區,新北市三重區三和路4段103之1號1樓-3樓,121.4869995117,25.0768146515,B,喘息服務,新北市,板橋區;三重區;中和區;永和區;新莊區;新店區;樹林區;鶯歌區;三峽區;淡水區;汐止區;瑞芳區;土城區;蘆洲區;五股區;泰山區;林口區;深坑區;石碇區;坪林區;三芝區;石門區;八里區;平溪區;雙溪區;貢寮區;金山區;萬里區;烏來區,02-22870889,da.ai26575590@gmail.com,江麗梅,20250101.0,20271231.0,20241225 15:20:31
鴻欣護理之家,A30200014,A3,新北市,三峽區,新北市三峽區三樹路168巷48號,121.3798828125,24.9403152466,B,喘息服務,新北市,板橋區;三重區;中和區;永和區;新莊區;新店區;樹林區;鶯歌區;三峽區;土城區;蘆洲區;五股區;泰山區;林口區,02-26740396,hxnhome@gmail.com,林詠晴,20250101.0,20271231.0,20241216 14:25:21
立穎居家護理所,B10200003,B1,新北市,中和區,新北市中和區漳和里立德街204號3樓,121.5118484497,24.9853191376,B,專業照護服務,新北市,板橋區;三重區;中和區;永和區;新莊區;新店區;樹林區;鶯歌區;三峽區;淡水區;土城區;蘆洲區;五股區;深坑區;石碇區;坪林區;三芝區;烏來區,02-86686651,liinhomecare@gmail.com,魏玉琴,20220101.0,20241231.0,20220323 11:27:17
立穎居家護理所,B10200003,B1,新北市,中和區,新北市中和區漳和里立德街204號3樓,121.5118484497,24.9853191376,B,專業照護服務,新北市,板橋區;三重區;中和區;永和區;新莊區;新店區;樹林區;鶯歌區;三峽區;土城區;蘆洲區;五股區;深坑區;石碇區;坪林區;三芝區;烏來區,02-86686651,liinhomecare@gmail.com,魏玉琴,20250101.0,20271231.0,20241224 14:44:45
新北市私立全曜居家式服務類長期照顧服務機構,1X0200002,1,新北市,三重區,新北市三重區長江里長元街100之2號1、2樓,121.5028076172,25.0667877197,B,居家服務,新北市,板橋區;三重區;中和區;永和區;新莊區;新店區;樹林區;土城區;蘆洲區;五股區;泰山區,02-29722060,chuanyao10704@gmail.com,黃明聖,20250101.0,20271231.0,20241213 16:50:28
新北市私立全曜居家式服務類長期照顧服務機構,1X0200002,1,新北市,三重區,新北市三重區長江里長元街100之2號1、2樓,121.5028076172,25.0667877197,B,居家服務,臺北市,松山區;信義區;大安區;中山區;中正區;大同區;萬華區;文山區;南港區;內湖區;士林區;北投區,02-29722060,chuanyao10704@gmail.com,黃明聖,20190401.0,20261231.0,20231229 17:27:38
社團法人中華民國紅心字會附設新北市私立存德居家式服務類長期照顧服務機構,1R0200004,1,新北市,板橋區,新北市板橋區崑崙里存德街29號,121.4306335449,24.9917297363,B,喘息服務,新北市,板橋區;中和區;永和區;新莊區;新店區;樹林區;三峽區;土城區;泰山區;烏來區,02-26815518,redheart.ntpc@gmail.com,劉緒倫,20250101.0,20271231.0,20250110 13:52:53
社團法人中華民國紅心字會附設新北市私立存德居家式服務類長期照顧服務機構,1R0200004,1,新北市,板橋區,新北市板橋區崑崙里存德街29號,121.4306335449,24.9917297363,B,居家服務,新北市,板橋區;中和區;永和區;新莊區;新店區;樹林區;三峽區;土城區;泰山區;烏來區,02-26815518,redheart.ntpc@gmail.com,劉緒倫,20250101.0,20271231.0,20250110 13:53:31
牧羊人居家服務整合有限公司附設新北市私立牧羊人居家長照機構,1V0200001,1,新北市,新莊區,新北市新莊區昌平里中央路287號3樓,121.4524765015,25.0586795807,B,居家服務,新北市,板橋區;三重區;新莊區;樹林區;蘆洲區;泰山區,02-85213385,wgshomecare@gmail.com,趙崇義,20250101.0,20271231.0,20241226 16:52:25
台灣基督長老教會馬偕醫療財團法人附設新北市私立淡水北海岸社區長照機構,2S0200010,2,新北市,淡水區,新北市淡水區沙崙里沙崙路300號,121.4275588989,25.1871395111,B,喘息服務,新北市,板橋區;三重區;中和區;永和區;新莊區;新店區;樹林區;鶯歌區;三峽區;淡水區;汐止區;瑞芳區;土城區;蘆洲區;五股區;泰山區;林口區;深坑區;石碇區;坪林區;三芝區;石門區;八里區;平溪區;雙溪區;貢寮區;金山區;萬里區;烏來區,02-28053392,ting.a966@mmh.org.tw,蕭聰穎,20250101.0,20271231.0,20241220 10:01:18
立穎居家護理所,B10200003,B1,新北市,中和區,新北市中和區漳和里立德街204號3樓,121.5118484497,24.9853191376,B,專業照護服務,臺北市,松山區;信義區;大安區;中山區;中正區;大同區;萬華區;文山區;南港區;內湖區;士林區;北投區,02-86686651,liinhomecare@gmail.com,魏玉琴,20190401.0,20241231.0,20221229 21:06:55
健綸居家護理所,B10200004,B1,新北市,板橋區,新北市板橋區溪福里金門街372巷14號,121.4269561768,24.9843349457,B,專業照護服務,新北市,板橋區;中和區;新莊區;樹林區;土城區;五股區;泰山區;林口區,02-26868460,jianlun.nursing@gmail.com,陳彥文,20220101.0,20241231.0,20220126 15:47:56
天主教耕莘醫療財團法人附設耕莘居家護理所,B10200009,B1,新北市,新店區,新北市新店區百和里民族路160巷2號,121.5370407104,24.9770317078,B,專業照護服務,新北市,新店區,02-22193391#67152,meilingsheng0706@gmail.com,沈美玲,20250101.0,20271231.0,20241227 15:26:51
中英醫療社團法人附設居家護理所,B10200010,B1,新北市,新莊區,新北市新莊區恆安里中正路78巷13號,121.4580764771,25.0382633209,C,巷弄長照站,新北市,新莊區,02-29930313,jean030973@gmail.com,吳霈綺,20210101.0,20211231.0,20210526 16:16:23
康齡永安居家物理治療所,B40200003,B4,新北市,永和區,新北市永和區店街里福和路389號2樓之4,121.5141220093,25.0077114105,B,專業照護服務,新北市,板橋區;三重區;中和區;永和區;新莊區;新店區;樹林區;鶯歌區;三峽區;淡水區;汐止區;瑞芳區;土城區;蘆洲區;五股區;泰山區;林口區;深坑區;石碇區;坪林區;三芝區;石門區;八里區;平溪區;雙溪區;貢寮區;金山區;萬里區;烏來區,02-29261826,yacomeinpt@gmail.com,陳韋成,20220101.0,20241231.0,20220303 09:22:17
社團法人台灣罕病蝴蝶寶貝醫護促進會附設新北市私立迦美居家長照機構,1R0200005,1,新北市,板橋區,新北市板橋區赤松里重慶路274巷7之3號,121.4626235962,25.0001354218,B,居家服務,新北市,板橋區;中和區;永和區;樹林區;土城區,02-29549666,twdebra1211@gmail.com,鄭逢炫,20250101.0,20271231.0,20241224 11:49:32
天主教耕莘醫療財團法人附設耕莘居家護理所,B10200009,B1,新北市,新店區,新北市新店區百和里民族路160巷2號,121.5370407104,24.9770317078,B,專業照護服務,新北市,新店區,02-22193391#67152,meilingsheng0706@gmail.com,沈美玲,20220101.0,20241231.0,20220314 15:03:00
新北市深坑區衛生所,B20200005,B2,新北市,深坑區,新北市深坑區深坑里深坑街165號,121.6125717163,25.00091362,A,個案管理服務,新北市,深坑區,02-26621567,ntpc267@ntpc.gov.tw,李欣融,20250101.0,20250630.0,20241231 16:17:08
新北市深坑區衛生所,B20200005,B2,新北市,深坑區,新北市深坑區深坑里深坑街165號,121.6125717163,25.00091362,C,巷弄長照站,新北市,深坑區,02-26621567,ntpc267@ntpc.gov.tw,李欣融,20190401.0,20211231.0,20210527 11:16:43
康齡永安居家物理治療所,B40200003,B4,新北市,永和區,新北市永和區店街里福和路389號2樓之4,121.5141220093,25.0077114105,B,專業照護服務,新北市,板橋區;三重區;中和區;永和區;新莊區;新店區;樹林區;鶯歌區;三峽區;淡水區;汐止區;瑞芳區;土城區;蘆洲區;五股區;泰山區;林口區;深坑區;石碇區;坪林區;三芝區;石門區;八里區;平溪區;雙溪區;貢寮區;金山區;萬里區;烏來區,02-29261826,yacomeinpt@gmail.com,陳韋成,20250101.0,20271231.0,20241204 13:54:37
新北市土城區祖田里辦公處-土城祖田據點(社照C),BF0200002,BF,新北市,土城區,新北市土城區祖田里溪頭路129號,121.4127578735,24.9539470673,C,巷弄長照站,新北市,土城區,02-22681372,armei0456@yahoo.com.tw,呂惠美,20220101.0,20221231.0,20220502 16:41:03
立穎居家護理所,B10200003,B1,新北市,中和區,新北市中和區漳和里立德街204號3樓,121.5118484497,24.9853191376,B,專業照護服務,臺北市,松山區;信義區;大安區;中山區;中正區;大同區;萬華區;文山區;南港區;內湖區;士林區;北投區,02-86686651,liinhomecare@gmail.com,魏玉琴,20250101.0,20261231.0,20241101 10:27:36
私立新生活居家護理所,B10200015,B1,新北市,板橋區,新北市板橋區長江路一段146巷8號,121.4609832764,25.0298099518,B,專業照護服務,新北市,板橋區;中和區;永和區;新莊區;土城區;泰山區,02-82537070,bigmama7706@yahoo.com.tw,林慧月,20220101.0,20241231.0,20220325 11:23:40
醫療財團法人徐元智先生醫藥基金會亞東紀念醫院,B20200003,B2,新北市,板橋區,新北市板橋區華東里南雅南路二段21號及高爾富路300號,121.4527740479,24.9972648621,A,個案管理服務,新北市,板橋區,02-77282937,sw19779@mail.femh.org.tw,邱冠明,20250101.0,20250630.0,20241231 15:15:13
新北市立聯合醫院,B20200006,B2,新北市,三重區,新北市三重區中山里新北大道一段3號,121.4906845093,25.0607795715,B,專業照護服務(CC01),新北市,三重區,02-29829111,AO8667@ntpc.gov.tw,項正川,20250101.0,20271231.0,20241205 16:10:15
新北市立聯合醫院,B20200006,B2,新北市,三重區,新北市三重區中山里新北大道一段3號,121.4906845093,25.0607795715,B,專業照護服務,新北市,三重區,02-29829111,AO8667@ntpc.gov.tw,項正川,20220101.0,20241231.0,20220315 13:55:50
新北市立聯合醫院,B20200006,B2,新北市,三重區,新北市三重區中山里新北大道一段3號,121.4906845093,25.0607795715,B,專業照護服務(CC01),新北市,板橋區;三重區;中和區;永和區;新莊區;新店區;樹林區;鶯歌區;三峽區;淡水區;汐止區;瑞芳區;土城區;蘆洲區;五股區;泰山區;林口區;深坑區;石碇區;坪林區;三芝區;石門區;八里區;平溪區;雙溪區;貢寮區;金山區;萬里區;烏來區,02-29829111,AO8667@ntpc.gov.tw,項正川,20220101.0,20241231.0,20230802 17:19:14
社團法人台北市營養師公會,BE0200005,BE,新北市,板橋區,新北市板橋區港尾里館前東路116號,121.4636764526,25.0076141357,B,專業照護服務,臺北市,松山區;信義區;大安區;中山區;中正區;大同區;萬華區;文山區;南港區;內湖區;士林區;北投區,02-29529827,tdam.t9309@msa.hinet.net,陳珮蓉,20180501.0,20201231.0,20190807 11:44:38
新北市立聯合醫院,B20200006,B2,新北市,三重區,新北市三重區中山里新北大道一段3號,121.4906845093,25.0607795715,A,個案管理服務,新北市,三重區,02-29829111,AO8667@ntpc.gov.tw,項正川,20250101.0,20250630.0,20241231 16:21:00
新北市立聯合醫院,B20200006,B2,新北市,三重區,新北市三重區中山里新北大道一段3號,121.4906845093,25.0607795715,B,專業照護服務,新北市,三重區,02-29829111,AO8667@ntpc.gov.tw,項正川,20250101.0,20271231.0,20241205 16:09:57
台灣基督長老教會馬偕醫療財團法人淡水馬偕紀念醫院,B20200009,B2,新北市,淡水區,新北市淡水區民生里民生路45號,121.4618148804,25.1389274597,A,個案管理服務,新北市,三重區;淡水區;八里區,02-25433535,mwang@mmh.org.tw,洪大川,20250101.0,20250630.0,20241231 16:34:34
台灣基督長老教會馬偕醫療財團法人淡水馬偕紀念醫院,B20200009,B2,新北市,淡水區,新北市淡水區民生里民生路45號,121.4618148804,25.1389274597,B,專業照護服務,新北市,三重區;淡水區;蘆洲區;八里區,02-25433535,mwang@mmh.org.tw,洪大川,20220101.0,20241231.0,20220331 14:58:26
財團法人伊甸社會福利基金會附設新北市私立居家式服務類長期照顧服務機構,1S0200004,1,新北市,三峽區,新北市三峽區介壽里大同路64號2樓,121.3748245239,24.9374752045,B,喘息服務,新北市,樹林區;鶯歌區;三峽區;坪林區,02-26741778,eden2624q@eden.org.tw,陳宇昭,20250101.0,20271231.0,20241216 09:21:25
財團法人台北市立心慈善基金會附設新北市私立居家式服務類長期照顧服務機構,1S0200008,1,新北市,淡水區,新北市淡水區中正路55號6樓,121.4830627441,25.0609664917,A,個案管理服務,新北市,三重區;淡水區,02-29711997,lishin.north@msa.hinet.net,洪金桐,20250101.0,20250630.0,20250205 14:32:55
天主教耕莘醫療財團法人附設新北市私立永和耕莘居家式服務類長期照顧服務機構,1S0200009,1,新北市,永和區,新北市永和區中興街52巷1弄12號,121.5171661377,25.01121521,B,喘息服務,新北市,永和區,02-29286060,ssdhc.cthyh@gmail.com,鍾安住,20250101.0,20271231.0,20250113 11:04:12
天主教耕莘醫療財團法人附設新北市私立新店碧潭社區長照機構,2S0200006,2,新北市,新店區,新北市新店區新店路159號2樓,121.5369720459,24.9552516937,B,喘息服務,新北市,新店區;石碇區,02-29121592,bitandaycare@gmail.com,鍾安住,20250101.0,20271231.0,20250106 09:32:49
宏十字護理之家,A30200003,A3,新北市,深坑區,新北市深坑區北深路三段99至105號7、8樓,121.6059265137,25.0017147064,B,喘息服務,臺北市,松山區;信義區;大安區;中山區;中正區;大同區;萬華區;文山區;南港區;內湖區;士林區;北投區,02-26626893,A49877920@gmail.com,張麗英,20190124.0,20241231.0,20221230 20:22:40
宏十字護理之家,A30200003,A3,新北市,深坑區,新北市深坑區北深路三段99至105號7、8樓,121.6059265137,25.0017147064,B,喘息服務,新北市,板橋區;三重區;中和區;永和區;新莊區;新店區;樹林區;鶯歌區;三峽區;淡水區;汐止區;瑞芳區;土城區;蘆洲區;五股區;泰山區;林口區;深坑區;石碇區;坪林區;三芝區;石門區;八里區;平溪區;雙溪區;貢寮區;金山區;萬里區;烏來區,02-26626893,A49877920@gmail.com,張麗英,20250101.0,20271231.0,20241224 15:27:33
新北市私立廣福老人長期照顧中心(養護型),A10200003,A1,新北市,板橋區,新北市板橋區留侯里廣權路2號4樓,121.4603881836,24.9909706116,B,喘息服務,新北市,板橋區;三重區;中和區;永和區;新莊區;新店區;樹林區;鶯歌區;三峽區;淡水區;汐止區;瑞芳區;土城區;蘆洲區;五股區;泰山區;林口區;深坑區;石碇區;坪林區;三芝區;石門區;八里區;平溪區;雙溪區;貢寮區;金山區;萬里區;烏來區,0289514435,guangfu4712@gmail.com,楊閎升,20250101.0,20271231.0,20241227 14:49:35
財團法人中保關懷社會福利基金會附設新北市私立泰山中保社區長照機構,2S0200016,2,新北市,泰山區,新北市泰山區貴子里明志路三段142巷8號,121.4245147705,25.0400352478,B,日間照顧服務,新北市,板橋區;三重區;新莊區;樹林區;三峽區;蘆洲區;五股區;泰山區;林口區;八里區,02-29085168,peggy120622@gmail.com,洪培修,20250101.0,20271231.0,20250103 11:00:43
社團法人愛福家協會附設新北市私立板橋愛活樂園社區長照機構(新北市板橋愛活樂園公共托老中心),2G0200005,2,新北市,板橋區,新北市板橋區忠翠里雙十路二段215號4樓,121.4729766846,25.0289154053,B,日間照顧服務,新北市,板橋區;三重區;中和區;永和區;新莊區;新店區;樹林區;鶯歌區;三峽區;淡水區;汐止區;瑞芳區;土城區;蘆洲區;五股區;泰山區;林口區;深坑區;石碇區;坪林區;三芝區;石門區;八里區;平溪區;雙溪區;貢寮區;金山區;萬里區;烏來區,02-22506500,rd01@ilive.org.tw,涂林德媛,20250101.0,20271231.0,20241226 16:28:19
財團法人伊甸社會福利基金會附設新北市私立三峽北大社區長照機構,2G0200002,2,新北市,三峽區,新北市三峽區龍恩里學成路396號2樓之1,121.3779525757,24.9439907074,B,喘息服務,新北市,樹林區;鶯歌區;三峽區;土城區,02-86713217,eden6850@eden.org.tw,陳宇昭,20250101.0,20271231.0,20241224 14:33:17
同仁醫院附設土城護理之家,A30200016,A3,新北市,土城區,新北市土城區中央路四段127號1至8樓、2樓之1至8樓之1,121.416305542,24.9575424194,B,喘息服務,新北市,板橋區;三重區;中和區;永和區;新莊區;新店區;樹林區;鶯歌區;三峽區;淡水區;汐止區;瑞芳區;土城區;蘆洲區;五股區;泰山區;林口區;深坑區;石碇區;坪林區;三芝區;石門區;八里區;平溪區;雙溪區;貢寮區;金山區;萬里區;烏來區,02-22673230,hamu1109h@yahoo.com.tw,鄭學慧,20250101.0,20271231.0,20241218 10:02:30
國立臺灣大學醫學院附設醫院金山分院附設居家護理所,B10200011,B1,新北市,金山區,新北市金山區五湖里玉爐路7號,121.62840271,25.2195529938,B,專業照護服務,新北市,三芝區;石門區;金山區;萬里區,02-24989898,eaglejsh@gmail.com,劉旭華,20220101.0,20241231.0,20220322 09:22:30
佛教慈濟醫療財團法人附設台北慈濟居家護理所,B10200013,B1,新北市,新店區,新北市新店區明德里建國路289號5樓,121.5370330811,24.9858970642,B,專業照護服務,新北市,中和區;永和區;新店區,02-66289779,maggie16471@tzuchi.com.tw,王蘭英,20220101.0,20241231.0,20220318 14:02:24
佛教慈濟醫療財團法人附設台北慈濟居家護理所,B10200013,B1,新北市,新店區,新北市新店區明德里建國路289號5樓,121.5370330811,24.9858970642,B,專業照護服務,新北市,中和區;永和區;新店區,02-66289779,maggie16471@tzuchi.com.tw,王蘭英,20250101.0,20271231.0,20250106 09:21:09
佛教慈濟醫療財團法人附設台北慈濟居家護理所,B10200013,B1,新北市,新店區,新北市新店區明德里建國路289號5樓,121.5370330811,24.9858970642,B,居家失能個案家庭醫師照護服務,新北市,中和區;永和區;新店區,02-66289779,maggie16471@tzuchi.com.tw,王蘭英,20250101.0,20271231.0,20250106 09:21:34
財團法人弘道老人福利基金會附設新北市私立弘道居家式服務類長期照顧服務機構,1S0200007,1,新北市,新莊區,新北市新莊區思源里思源路38號,121.4602279663,25.0426292419,B,居家服務,新北市,新莊區;金山區,02-89913925,hondao-tp@hondao.org.tw,王乃弘,20250101.0,20271231.0,20241224 10:03:43
新北市私立蕙心居家式服務類長期照顧服務機構,1X0200012,1,新北市,蘆洲區,新北市蘆洲區民權路174巷14號3樓,121.4724655151,25.0904884338,B,喘息服務,新北市,三重區;蘆洲區;五股區;泰山區,02-22885701,chang201141105@yahoo.com.tw,汪洋,20250101.0,20271231.0,20241223 10:07:01
財團法人一粒麥子社會福利慈善事業基金會附設新北市私立有福居家式服務類長期照顧服務機構,1S0200011,1,新北市,新店區,新北市新店區民權路103號3樓,121.7391738892,25.0249118805,B,居家服務,新北市,新店區;平溪區;雙溪區,02-89117897,sandra@wheat.org.tw,呂信雄,20250101.0,20271231.0,20241220 09:57:01
財團法人天主教主顧修女會附設新北市私立泰山奇蹟之家綜合長照機構,1S0200012,4,新北市,泰山區,新北市泰山區泰友里新生路4號,121.428237915,25.0448722839,B,營養餐飲服務,新北市,泰山區,02-29062242,miraclesp2000@gmail.com,馬玉潔,20220101.0,20241231.0,20220412 12:06:23
財團法人天主教主顧修女會附設新北市私立泰山奇蹟之家綜合長照機構,1S0200012,4,新北市,泰山區,新北市泰山區泰友里新生路4號,121.428237915,25.0448722839,B,喘息服務,新北市,板橋區;三重區;中和區;永和區;新莊區;新店區;樹林區;鶯歌區;三峽區;淡水區;汐止區;瑞芳區;土城區;蘆洲區;五股區;泰山區;林口區;深坑區;石碇區;坪林區;三芝區;石門區;八里區;平溪區;雙溪區;貢寮區;金山區;萬里區;烏來區,02-29062242,miraclesp2000@gmail.com,馬玉潔,20250101.0,20271231.0,20241218 10:33:57
財團法人伊甸社會福利基金會附設新北市私立鶯歌大湖社區長照機構,2G0200003,2,新北市,鶯歌區,新北市鶯歌區中湖里大湖路338巷2號,121.3466949463,24.9691009521,B,喘息服務,新北市,鶯歌區;三峽區,02-26776759,eden8380@eden.org.tw,陳宇昭,20250101.0,20271231.0,20241217 10:27:35
祥蕙護理之家,A30200018,A3,新北市,板橋區,新北市板橋區廣和街100號、100號2樓至5樓、102號,121.4624099731,24.993314743,B,喘息服務,新北市,板橋區;三重區;中和區;永和區;新莊區;新店區;樹林區;鶯歌區;三峽區;淡水區;汐止區;瑞芳區;土城區;蘆洲區;五股區;泰山區;林口區;深坑區;石碇區;坪林區;三芝區;石門區;八里區;平溪區;雙溪區;貢寮區;金山區;萬里區;烏來區,02-29646585,shineway29646585@gmail.com,趙春香,20250101.0,20271231.0,20241224 15:25:04
新北市雙溪區衛生所,B20200007,B2,新北市,雙溪區,新北市雙溪區新基里新基南街18號,121.8662567139,25.0379886627,C,巷弄長照站,新北市,雙溪區,02-24931210#22,Ag9215@ntpc.gov.tw,吳一青,20190401.0,20211231.0,20210527 11:45:17
宏十字護理之家,A30200003,A3,新北市,深坑區,新北市深坑區北深路三段99至105號7、8樓,121.6059265137,25.0017147064,B,喘息服務,臺北市,松山區;信義區;大安區;中山區;中正區;大同區;萬華區;文山區;南港區;內湖區;士林區;北投區,02-26626893,A49877920@gmail.com,張麗英,20250101.0,20261231.0,20250204 11:59:33
財團法人老五老基金會附設新北市私立老五老居家式服務類長期照顧服務機構,1S0200005,1,新北市,汐止區,新北市汐止區新昌里忠孝東路286號2樓,121.661857605,25.0745601654,A,個案管理服務,新北市,汐止區;深坑區;石碇區,02-86422321,tp@ofo.org.tw,陳麗欣,20250101.0,20250630.0,20241231 16:15:29
財團法人老五老基金會附設新北市私立老五老居家式服務類長期照顧服務機構,1S0200005,1,新北市,汐止區,新北市汐止區新昌里忠孝東路286號2樓,121.661857605,25.0745601654,B,居家服務,新北市,汐止區;深坑區;石碇區,02-86422321,tp@ofo.org.tw,陳麗欣,20250101.0,20271231.0,20241227 14:34:14
新北市私立永安居家長照機構,1X0200007,1,新北市,新店區,新北市新店區國豐里中正路399巷13號,121.5341110229,24.9768562317,A,個案管理服務,新北市,新店區,02-86656656,a0936732090@gmail.com,周雅婷,20250101.0,20250630.0,20241231 14:33:46
新北市私立永安居家長照機構,1X0200007,1,新北市,新店區,新北市新店區國豐里中正路399巷13號,121.5341110229,24.9768562317,B,喘息服務,臺北市,松山區;信義區;大安區;中山區;中正區;大同區;萬華區;文山區;南港區;內湖區;士林區;北投區,02-86656656,a0936732090@gmail.com,周雅婷,20190601.0,20241231.0,20221230 11:45:09
新北市私立永安居家長照機構,1X0200007,1,新北市,新店區,新北市新店區國豐里中正路399巷13號,121.5341110229,24.9768562317,B,喘息服務,臺北市,松山區;信義區;大安區;中山區;中正區;大同區;萬華區;文山區;南港區;內湖區;士林區;北投區,02-86656656,a0936732090@gmail.com,周雅婷,20250101.0,20261231.0,20241120 10:39:06
新北市私立永安居家長照機構,1X0200007,1,新北市,新店區,新北市新店區國豐里中正路399巷13號,121.5341110229,24.9768562317,B,居家服務,新北市,中和區;永和區;新店區;淡水區,02-86656656,a0936732090@gmail.com,周雅婷,20250101.0,20271231.0,20241203 11:59:10
財團法人一粒麥子社會福利慈善事業基金會附設新北市私立有福居家式服務類長期照顧服務機構,1S0200011,1,新北市,新店區,新北市新店區民權路103號3樓,121.7391738892,25.0249118805,B,到宅沐浴車服務,臺南市,新營區;鹽水區;白河區;柳營區;後壁區;東山區;麻豆區;下營區;六甲區;官田區;大內區;佳里區;學甲區;西港區;七股區;將軍區;北門區;新化區;善化區;新市區;安定區;山上區;玉井區;楠西區;南化區;左鎮區;仁德區;歸仁區;關廟區;龍崎區;永康區;東區;南區;北區;安南區;安平區;中西區,02-89117897,sandra@wheat.org.tw,呂信雄,20180101.0,20270228.0,20240328 17:24:52
新北市雙溪區衛生所,B20200007,B2,新北市,雙溪區,新北市雙溪區新基里新基南街18號,121.8662567139,25.0379886627,B,居家失能個案家庭醫師照護服務,新北市,雙溪區,02-24931210#22,Ag9215@ntpc.gov.tw,吳一青,20250101.0,20271231.0,20241225 08:50:58
衛生福利部八里療養院,B20200010,B2,新北市,八里區,新北市八里區舊城里華富山33號,121.5016403198,24.9986915588,B,專業照護服務,新北市,新莊區;泰山區;林口區,02-22450386,6453@balipc.gov.tw,李新民,20220101.0,20241231.0,20220406 14:07:27
皇誼藥局,B30200002,B3,新北市,永和區,新北市永和區上溪里文化路33號,121.5146942139,25.015007019,B,專業照護服務,新北市,板橋區;三重區;中和區;永和區;新店區;深坑區;石碇區;坪林區;烏來區,02-29278732,haentyak@gmail.com,黃雋恩,20220101.0,20241231.0,20220314 11:40:16
(新北)財團法人老五老基金會,BD0200004,BD,新北市,石碇區,新北市石碇區楓子林32-1號3樓,121.661857605,25.0745601654,B,營養餐飲服務,新北市,汐止區;深坑區;石碇區,02-86422321,shuping@ofo.org.tw,陳麗欣,20250101.0,20250131.0,20250122 14:37:13
財團法人天主教主顧修女會附設新北市私立泰山奇蹟之家綜合長照機構,1S0200012,4,新北市,泰山區,新北市泰山區泰友里新生路4號,121.428237915,25.0448722839,B,居家服務,新北市,泰山區,02-29062242,miraclesp2000@gmail.com,馬玉潔,20250101.0,20271231.0,20241218 10:33:32
財團法人台灣省私立健順養護中心附設新北市私立永和民權社區長照機構,2S0200003,2,新北市,永和區,新北市永和區民權路60號5樓,121.5199432373,24.9977760315,B,喘息服務,新北市,中和區;永和區,02-29451169,yonghe.daycare@gmail.com,廖慧媛,20250101.0,20271231.0,20241224 10:19:55
財團法人伊甸社會福利基金會附設新北市私立鶯歌大湖社區長照機構,2G0200003,2,新北市,鶯歌區,新北市鶯歌區中湖里大湖路338巷2號,121.3466949463,24.9691009521,B,日間照顧服務,新北市,鶯歌區;三峽區,02-26776759,eden8380@eden.org.tw,陳宇昭,20250101.0,20271231.0,20241217 10:26:59
溫昕護理之家,A30200023,A3,新北市,新店區,新北市新店區中正路539之3號3樓、4樓、5樓,121.5334701538,24.9862308502,B,喘息服務,新北市,板橋區;三重區;中和區;永和區;新莊區;新店區;樹林區;鶯歌區;三峽區;淡水區;汐止區;瑞芳區;土城區;蘆洲區;五股區;泰山區;林口區;深坑區;石碇區;坪林區;三芝區;石門區;八里區;平溪區;雙溪區;貢寮區;金山區;萬里區;烏來區,02-22190258,shincs1970@gmail.com,喬嵩蘭,20250101.0,20271231.0,20250113 13:55:20
新北市雙溪區衛生所,B20200007,B2,新北市,雙溪區,新北市雙溪區新基里新基南街18號,121.8662567139,25.0379886627,B,交通接送服務,新北市,雙溪區,02-24931210#22,Ag9215@ntpc.gov.tw,吳一青,20250101.0,20271231.0,20241225 08:50:43
衛生福利部雙和醫院(委託臺北醫學大學興建經營),B20200011,B2,新北市,中和區,新北市中和區中正里中正路291號,121.493522644,24.9926986694,A,個案管理服務,新北市,板橋區;中和區;土城區,02-22490088,12049@s.tmu.edu.tw,李明哲,20250101.0,20250630.0,20241231 16:07:55
衛生福利部雙和醫院(委託臺北醫學大學興建經營),B20200011,B2,新北市,中和區,新北市中和區中正里中正路291號,121.493522644,24.9926986694,B,喘息服務,新北市,中和區;永和區,02-22490088,12049@s.tmu.edu.tw,李明哲,20250101.0,20271231.0,20241225 09:43:02
康齡永安居家物理治療所,B40200003,B4,新北市,永和區,新北市永和區店街里福和路389號2樓之4,121.5141220093,25.0077114105,B,專業照護服務(CC01),新北市,板橋區;三重區;中和區;永和區;新莊區;新店區;樹林區;鶯歌區;三峽區;淡水區;汐止區;瑞芳區;土城區;蘆洲區;五股區;泰山區;林口區;深坑區;石碇區;坪林區;三芝區;石門區;八里區;平溪區;雙溪區;貢寮區;金山區;萬里區;烏來區,02-29261826,yacomeinpt@gmail.com,陳韋成,20220101.0,20241231.0,20230802 17:19:14
(新北)財團法人老五老基金會,BD0200004,BD,新北市,石碇區,新北市石碇區楓子林32-1號3樓,121.661857605,25.0745601654,B,營養餐飲服務,新北市,汐止區;深坑區;石碇區,02-86422321,shuping@ofo.org.tw,陳麗欣,20220101.0,20241231.0,20220318 11:32:10
新北市土城區祖田里辦公處-土城祖田據點(社照C),BF0200002,BF,新北市,土城區,新北市土城區祖田里溪頭路129號,121.4127578735,24.9539470673,B,喘息服務,新北市,土城區,02-22681372,armei0456@yahoo.com.tw,呂惠美,20250101.0,20271231.0,20241225 14:56:25
財團法人台灣省私立健順養護中心附設新北市私立健順居家式服務類長期照顧服務機構,1S0200002,1,新北市,中和區,新北市中和區大勇街96號2樓,121.5261077881,24.9936561584,B,居家服務,臺北市,松山區;中山區,89423255-10,yonghe.homecare@gmail.com,廖慧媛,20230101.0,20261231.0,20231229 17:09:41
新北市立聯合醫院,B20200006,B2,新北市,三重區,新北市三重區中山里新北大道一段3號,121.4906845093,25.0607795715,B,居家失能個案家庭醫師照護服務,新北市,三重區,02-29829111,AO8667@ntpc.gov.tw,項正川,20250101.0,20271231.0,20241205 16:10:34
財團法人伊甸社會福利基金會附設新北市私立居家式服務類長期照顧服務機構,1S0200004,1,新北市,三峽區,新北市三峽區介壽里大同路64號2樓,121.3748245239,24.9374752045,A,個案管理服務,新北市,樹林區;鶯歌區;三峽區,02-26741778,eden2624q@eden.org.tw,陳宇昭,20250101.0,20250630.0,20241231 16:33:59
財團法人台北市立心慈善基金會附設新北市私立居家式服務類長期照顧服務機構,1S0200008,1,新北市,淡水區,新北市淡水區中正路55號6樓,121.4830627441,25.0609664917,B,居家服務,新北市,淡水區;金山區;萬里區,02-29711997,lishin.north@msa.hinet.net,洪金桐,20250101.0,20271231.0,20241225 13:58:28
財團法人台北市立心慈善基金會附設新北市私立居家式服務類長期照顧服務機構,1S0200008,1,新北市,淡水區,新北市淡水區中正路55號6樓,121.4830627441,25.0609664917,B,喘息服務,新北市,淡水區;金山區;萬里區,02-29711997,lishin.north@msa.hinet.net,洪金桐,20250101.0,20271231.0,20241225 13:59:24
財團法人台灣省私立健順養護中心附設新北市私立健順居家式服務類長期照顧服務機構,1S0200002,1,新北市,中和區,新北市中和區大勇街96號2樓,121.5261077881,24.9936561584,B,居家服務,臺北市,松山區;中山區,89423255-10,yonghe.homecare@gmail.com,廖慧媛,20230101.0,20261231.0,20231229 17:08:58
天主教耕莘醫療財團法人附設新北市私立永和耕莘居家式服務類長期照顧服務機構,1S0200009,1,新北市,永和區,新北市永和區中興街52巷1弄12號,121.5171661377,25.01121521,B,居家服務,新北市,永和區,02-29286060,ssdhc.cthyh@gmail.com,鍾安住,20250101.0,20271231.0,20250423 15:47:31
天主教耕莘醫療財團法人附設新北市私立永和耕莘居家式服務類長期照顧服務機構,1S0200009,1,新北市,永和區,新北市永和區中興街52巷1弄12號,121.5171661377,25.01121521,B,居家服務,臺北市,中山區;大同區,02-29286060,ssdhc.cthyh@gmail.com,鍾安住,20190304.0,20261231.0,20231229 16:52:51
天主教耕莘醫療財團法人附設新北市私立新店耕莘居家式服務類長期照顧服務機構,1S0200010,1,新北市,新店區,新北市新店區百和里民族路160巷4號,121.5370025635,24.9769706726,B,喘息服務,新北市,新店區;烏來區,02-22193391,cthhomecare@gmail.com,鍾安住,20250101.0,20271231.0,20250110 15:31:08
天主教耕莘醫療財團法人附設新北市私立新店碧潭社區長照機構,2S0200006,2,新北市,新店區,新北市新店區新店路159號2樓,121.5369720459,24.9552516937,B,日間照顧服務,新北市,新店區;石碇區,02-29121592,bitandaycare@gmail.com,鍾安住,20250101.0,20271231.0,20250106 09:31:55
社團法人愛福家協會附設新北市私立中和大同社區長照機構,2G0200004,2,新北市,中和區,新北市中和區圓通路121巷5號,121.4995422363,24.9955883026,B,喘息服務,新北市,板橋區;中和區;永和區,02-22400662,rd03@ilive.org.tw,涂林德媛,20250101.0,20271231.0,20250113 11:56:58
私立再生護理之家,A30200009,A3,新北市,新店區,新北市新店區寶高路6號1樓、2樓、2樓之1、3樓、3樓之1、4樓、4樓之1,121.5505142212,24.9782714844,B,喘息服務,新北市,板橋區;三重區;中和區;永和區;新店區;汐止區;土城區;蘆洲區;深坑區;石碇區;烏來區,02-29150111,jiaoben29150111@gmail.com,張雅惇,20250101.0,20271231.0,20241223 10:11:21
天主教耕莘醫療財團法人耕莘醫院,B20200008,B2,新北市,新店區,新北市新店區百和里中正路362號,121.5357513428,24.9762935638,B,喘息服務,新北市,烏來區,02-22193391#66022,cms.c.c.1912@gmail.com,鄒繼群,20250101.0,20271231.0,20250110 14:32:00
新北市新店區北宜社區發展協會-新店美潭據點(社照C),BF0200001,BF,新北市,新店區,新北市新店區美潭里001鄰北宜路二段11號,121.5478439331,24.9519901276,C,巷弄長照站,新北市,新店區,02-22173808,ny3808@yahoo.com.tw,林雯玲,20220101.0,20221231.0,20220503 10:25:08
財團法人錸德文教基金會附設新北市私立永和錸工場社區長照機構,2S0200009,2,新北市,永和區,新北市永和區永和路二段116號3樓,121.5149459839,25.0129718781,B,日間照顧服務,新北市,中和區;永和區,02-22326700,yiying.chen@ricare.com.tw,楊慰芬,20250101.0,20271231.0,20241219 10:36:01
台灣基督長老教會馬偕醫療財團法人附設新北市私立三重台北橋社區長照機構,2S0200013,2,新北市,三重區,新北市三重區仁德里重新路一段108號2樓,121.5009307861,25.0630474091,B,日間照顧服務,新北市,板橋區;三重區;中和區;永和區;新莊區;新店區;樹林區;鶯歌區;三峽區;淡水區;汐止區;瑞芳區;土城區;蘆洲區;五股區;泰山區;林口區;深坑區;石碇區;坪林區;三芝區;石門區;八里區;平溪區;雙溪區;貢寮區;金山區;萬里區;烏來區,02-25433535#2535,mania118@mmh.org.tw,蕭聰穎,20250101.0,20271231.0,20241220 10:10:09
台灣基督長老教會馬偕醫療財團法人附設新北市私立三重台北橋社區長照機構,2S0200013,2,新北市,三重區,新北市三重區仁德里重新路一段108號2樓,121.5009307861,25.0630474091,B,喘息服務,新北市,板橋區;三重區;中和區;永和區;新莊區;新店區;樹林區;鶯歌區;三峽區;淡水區;汐止區;瑞芳區;土城區;蘆洲區;五股區;泰山區;林口區;深坑區;石碇區;坪林區;三芝區;石門區;八里區;平溪區;雙溪區;貢寮區;金山區;萬里區;烏來區,02-25433535#2535,mania118@mmh.org.tw,蕭聰穎,20250101.0,20271231.0,20241220 10:10:28
財團法人中保關懷社會福利基金會附設新北市私立泰山中保社區長照機構,2S0200016,2,新北市,泰山區,新北市泰山區貴子里明志路三段142巷8號,121.4245147705,25.0400352478,B,喘息服務,新北市,板橋區;三重區;新莊區;樹林區;三峽區;蘆洲區;五股區;泰山區;林口區;八里區,02-29085168,peggy120622@gmail.com,洪培修,20250101.0,20271231.0,20250103 11:01:28
同仁醫院附設土城護理之家,A30200016,A3,新北市,土城區,新北市土城區中央路四段127號1至8樓、2樓之1至8樓之1,121.416305542,24.9575424194,B,日間照顧服務,新北市,板橋區;三重區;中和區;永和區;新莊區;新店區;樹林區;鶯歌區;三峽區;淡水區;汐止區;瑞芳區;土城區;蘆洲區;五股區;泰山區;林口區;深坑區;石碇區;坪林區;三芝區;石門區;八里區;平溪區;雙溪區;貢寮區;金山區;萬里區;烏來區,02-22673230,hamu1109h@yahoo.com.tw,鄭學慧,20250101.0,20271231.0,20241218 10:01:09
佳新護理之家,A30200021,A3,新北市,新莊區,新北市新莊區復興路三段31號1-4樓及33號3-4樓,121.4611434937,25.0445804596,B,喘息服務,新北市,板橋區;三重區;中和區;永和區;新莊區;新店區;樹林區;鶯歌區;三峽區;淡水區;汐止區;瑞芳區;土城區;蘆洲區;五股區;泰山區;林口區;深坑區;石碇區;坪林區;三芝區;石門區;八里區;平溪區;雙溪區;貢寮區;金山區;萬里區;烏來區,02-89924278,abhnh.js@gmail.com,陳沛禎,20250101.0,20271231.0,20241226 14:40:40
廣川醫院,B20200002,B2,新北市,土城區,新北市土城區裕民路276號,121.4549713135,24.9823818207,B,專業照護服務,新北市,土城區,02-22617000,gracelin1201@yahoo.com.tw,柯基生,20250101.0,20271231.0,20250113 11:17:04
天主教耕莘醫療財團法人耕莘醫院,B20200008,B2,新北市,新店區,新北市新店區百和里中正路362號,121.5357513428,24.9762935638,B,專業照護服務,新北市,新店區;烏來區,02-22193391#66022,cms.c.c.1912@gmail.com,鄒繼群,20220101.0,20241231.0,20220303 09:58:47
天主教耕莘醫療財團法人耕莘醫院,B20200008,B2,新北市,新店區,新北市新店區百和里中正路362號,121.5357513428,24.9762935638,B,專業照護服務,新北市,新店區;烏來區,02-22193391#66022,cms.c.c.1912@gmail.com,鄒繼群,20250101.0,20271231.0,20250110 14:32:23
天主教耕莘醫療財團法人耕莘醫院,B20200008,B2,新北市,新店區,新北市新店區百和里中正路362號,121.5357513428,24.9762935638,B,居家失能個案家庭醫師照護服務,新北市,新店區,02-22193391#66022,cms.c.c.1912@gmail.com,鄒繼群,20250101.0,20271231.0,20250110 14:33:14
新北市新店區北宜社區發展協會-新店美潭據點(社照C),BF0200001,BF,新北市,新店區,新北市新店區美潭里001鄰北宜路二段11號,121.5478439331,24.9519901276,B,喘息服務,新北市,新店區,02-22173808,ny3808@yahoo.com.tw,林雯玲,20250101.0,20271231.0,20241227 11:00:14
財團法人台灣省私立健順養護中心附設新北市私立健順居家式服務類長期照顧服務機構,1S0200002,1,新北市,中和區,新北市中和區大勇街96號2樓,121.5261077881,24.9936561584,B,專業照護服務,新北市,板橋區;中和區;永和區;新店區,89423255-10,yonghe.homecare@gmail.com,廖慧媛,20250101.0,20271231.0,20241227 15:46:52
財團法人台灣省私立健順養護中心附設新北市私立健順居家式服務類長期照顧服務機構,1S0200002,1,新北市,中和區,新北市中和區大勇街96號2樓,121.5261077881,24.9936561584,B,居家服務,新北市,板橋區;中和區;永和區;新店區,89423255-10,yonghe.homecare@gmail.com,廖慧媛,20250101.0,20271231.0,20241227 15:47:12
財團法人錸德文教基金會附設新北市私立永和錸工場社區長照機構,2S0200009,2,新北市,永和區,新北市永和區永和路二段116號3樓,121.5149459839,25.0129718781,B,喘息服務,新北市,中和區;永和區,02-22326700,yiying.chen@ricare.com.tw,楊慰芬,20250101.0,20271231.0,20241219 10:36:28
社團法人愛福家協會附設新北市私立板橋愛活樂園社區長照機構(新北市板橋愛活樂園公共托老中心),2G0200005,2,新北市,板橋區,新北市板橋區忠翠里雙十路二段215號4樓,121.4729766846,25.0289154053,B,喘息服務,新北市,板橋區;三重區;中和區;永和區;新莊區;新店區;樹林區;鶯歌區;三峽區;淡水區;汐止區;瑞芳區;土城區;蘆洲區;五股區;泰山區;林口區;深坑區;石碇區;坪林區;三芝區;石門區;八里區;平溪區;雙溪區;貢寮區;金山區;萬里區;烏來區,02-22506500,rd01@ilive.org.tw,涂林德媛,20250101.0,20271231.0,20241226 16:28:38
社團法人愛福家協會附設新北市私立中和大同社區長照機構,2G0200004,2,新北市,中和區,新北市中和區圓通路121巷5號,121.4995422363,24.9955883026,B,日間照顧服務,新北市,板橋區;中和區;永和區,02-22400662,rd03@ilive.org.tw,涂林德媛,20250101.0,20271231.0,20250113 11:56:20
財團法人伊甸社會福利基金會附設新北市私立三峽北大社區長照機構,2G0200002,2,新北市,三峽區,新北市三峽區龍恩里學成路396號2樓之1,121.3779525757,24.9439907074,B,日間照顧服務,新北市,樹林區;鶯歌區;三峽區;土城區,02-86713217,eden6850@eden.org.tw,陳宇昭,20250101.0,20271231.0,20241224 14:32:49
國立臺灣大學醫學院附設醫院金山分院附設居家護理所,B10200011,B1,新北市,金山區,新北市金山區五湖里玉爐路7號,121.62840271,25.2195529938,B,專業照護服務,新北市,三芝區;石門區;金山區;萬里區,02-24989898,eaglejsh@gmail.com,劉旭華,20250101.0,20271231.0,20241226 16:04:04
廣川醫院,B20200002,B2,新北市,土城區,新北市土城區裕民路276號,121.4549713135,24.9823818207,B,專業照護服務,新北市,土城區,02-22617000,gracelin1201@yahoo.com.tw,柯基生,20220101.0,20241231.0,20220314 14:37:42
天主教耕莘醫療財團法人耕莘醫院,B20200008,B2,新北市,新店區,新北市新店區百和里中正路362號,121.5357513428,24.9762935638,A,個案管理服務,新北市,新店區;烏來區,02-22193391#66022,cms.c.c.1912@gmail.com,鄒繼群,20250101.0,20250630.0,20241231 15:21:08
新北市永和區民權社區發展協會(社照C),BF0200006,BF,新北市,永和區,新北市永和區民族里民權路60號4樓,121.5199203491,24.9980163574,C,巷弄長照站,新北市,永和區,02-2943-3377,Gogo1020a@gmail.com,邱秀蘭,20220101.0,20231231.0,20230531 21:17:09
財團法人台灣省私立健順養護中心附設新北市私立健順居家式服務類長期照顧服務機構,1S0200002,1,新北市,中和區,新北市中和區大勇街96號2樓,121.5261077881,24.9936561584,B,喘息服務,新北市,板橋區;中和區;永和區;新店區,89423255-10,yonghe.homecare@gmail.com,廖慧媛,20250101.0,20271231.0,20241227 15:50:23
春暖居家護理所,B10200001,B1,新北市,汐止區,新北市汐止區保長里大同路二段458號2樓,121.6835861206,25.0731182098,B,專業照護服務,臺北市,松山區;信義區;大安區;中山區;中正區;大同區;萬華區;文山區;南港區;內湖區;士林區;北投區,02-26481736,yunjil334889@gmail.com,蔡芸婕,20250101.0,20261231.0,20241025 10:59:26
財團法人台灣省私立健順養護中心附設新北市私立健順居家式服務類長期照顧服務機構,1S0200002,1,新北市,中和區,新北市中和區大勇街96號2樓,121.5261077881,24.9936561584,A,個案管理服務,新北市,板橋區;中和區,89423255-10,yonghe.homecare@gmail.com,廖慧媛,20250101.0,20250630.0,20241231 16:37:09
社團法人中華長照協會附設新北市私立永樂居家式服務類長期照顧服務機構,1R0200001,1,新北市,永和區,新北市永和區文化里文化路155號,121.5028076172,25.0667877197,A,個案管理服務,新北市,永和區,02-29280005,erica13lin@clc5.url.tw,金浩鑫,20250101.0,20250630.0,20241231 14:25:39
社團法人中華長照協會附設新北市私立永樂居家式服務類長期照顧服務機構,1R0200001,1,新北市,永和區,新北市永和區文化里文化路155號,121.5028076172,25.0667877197,B,專業照護服務,新北市,板橋區;中和區;永和區,02-29280005,erica13lin@clc5.url.tw,金浩鑫,20230526.0,20241231.0,20230531 15:33:12
社團法人中華長照協會附設新北市私立永樂居家式服務類長期照顧服務機構,1R0200001,1,新北市,永和區,新北市永和區文化里文化路155號,121.5028076172,25.0667877197,B,居家服務,臺北市,文山區,02-29280005,erica13lin@clc5.url.tw,金浩鑫,20200408.0,20211231.0,20210114 10:47:55
好日子心理治療所,B20200001,B2,新北市,三重區,新北市三重區田心里正義北路227號,121.4959945679,25.0690002441,B,專業照護服務,臺北市,松山區;信義區;大安區;中山區;中正區;大同區;萬華區;文山區;南港區;內湖區;士林區;北投區,0968-063864,chenwin888@gmail.com,陳映程,20180615.0,20180615.0,20190417 00:00:00
同仁物理治療所,B40200001,B4,新北市,土城區,新北市土城區埤林里中央路四段127號,121.416305542,24.9575424194,B,專業照護服務,新北市,板橋區;三重區;中和區;永和區;新莊區;新店區;樹林區;三峽區;淡水區;瑞芳區;土城區;蘆洲區;五股區;八里區,02-80763952#312,ida-chang@yahoo.com.tw,張秀娟,20220101.0,20241231.0,20220302 09:34:21
財團法人台灣省私立健順養護中心附設新北市私立健順居家式服務類長期照顧服務機構,1S0200002,1,新北市,中和區,新北市中和區大勇街96號2樓,121.5261077881,24.9936561584,B,專業照護服務,新北市,板橋區;中和區;永和區;新店區,89423255-10,yonghe.homecare@gmail.com,廖慧媛,20220101.0,20241231.0,20220322 11:34:28
社團法人中華長照協會附設新北市私立永樂居家式服務類長期照顧服務機構,1R0200001,1,新北市,永和區,新北市永和區文化里文化路155號,121.5028076172,25.0667877197,B,居家服務,新北市,板橋區;中和區;永和區,02-29280005,erica13lin@clc5.url.tw,金浩鑫,20250101.0,20271231.0,20241225 16:20:56
同仁物理治療所,B40200001,B4,新北市,土城區,新北市土城區埤林里中央路四段127號,121.416305542,24.9575424194,B,專業照護服務,臺北市,松山區;信義區;大安區;中山區;中正區;大同區;萬華區;文山區;南港區;內湖區;士林區;北投區,02-80763952#312,ida-chang@yahoo.com.tw,張秀娟,20180101.0,20241231.0,20221230 18:29:35
同仁物理治療所,B40200001,B4,新北市,土城區,新北市土城區埤林里中央路四段127號,121.416305542,24.9575424194,B,專業照護服務,新北市,板橋區;三重區;中和區;永和區;新莊區;新店區;樹林區;三峽區;淡水區;瑞芳區;土城區;蘆洲區;五股區;八里區,02-80763952#312,ida-chang@yahoo.com.tw,張秀娟,20250101.0,20271231.0,20250106 08:50:26
同仁物理治療所,B40200001,B4,新北市,土城區,新北市土城區埤林里中央路四段127號,121.416305542,24.9575424194,B,專業照護服務(CC01),新北市,板橋區;三重區;中和區;永和區;新莊區;新店區;樹林區;三峽區;淡水區;瑞芳區;土城區;蘆洲區;五股區;八里區,02-80763952#312,ida-chang@yahoo.com.tw,張秀娟,20250101.0,20271231.0,20250106 08:51:11
春暖居家護理所,B10200001,B1,新北市,汐止區,新北市汐止區保長里大同路二段458號2樓,121.6835861206,25.0731182098,B,專業照護服務,臺北市,松山區;信義區;大安區;中山區;中正區;大同區;萬華區;文山區;南港區;內湖區;士林區;北投區,02-26481736,yunjil334889@gmail.com,蔡芸婕,20180101.0,20241231.0,20221230 19:12:22
同仁物理治療所,B40200001,B4,新北市,土城區,新北市土城區埤林里中央路四段127號,121.416305542,24.9575424194,B,專業照護服務(CC01),新北市,板橋區;三重區;中和區;永和區;新莊區;新店區;樹林區;鶯歌區;三峽區;淡水區;汐止區;瑞芳區;土城區;蘆洲區;五股區;泰山區;林口區;深坑區;石碇區;坪林區;三芝區;石門區;八里區;平溪區;雙溪區;貢寮區;金山區;萬里區;烏來區,02-80763952#312,ida-chang@yahoo.com.tw,張秀娟,20180101.0,20241231.0,20230802 17:19:14
佛教慈濟醫療財團法人附設新北市私立台北慈濟居家式服務類長期照顧服務機構,1S0200003,1,新北市,新店區,新北市新店區明德里建國路289號,121.5370330811,24.9858970642,B,喘息服務,新北市,板橋區;中和區;永和區;新店區,02-66289779,maggie16471@tzuchi.com.tw,釋證嚴,20250101.0,20271231.0,20241226 15:22:34
財團法人新北市私立雙連社會福利慈善事業基金會附設新北市私立雙連居家長照機構,1S0200006,1,新北市,新莊區,新北市新莊區昌平里中央路51號3樓,121.4569778442,25.0585861206,B,喘息服務,新北市,新莊區;淡水區;三芝區;石門區,02-85217872,info@slswf.org.tw,蔡政道,20250101.0,20271231.0,20241216 14:58:46
財團法人新北市私立雙連社會福利慈善事業基金會附設新北市私立雙連居家長照機構,1S0200006,1,新北市,新莊區,新北市新莊區昌平里中央路51號3樓,121.4569778442,25.0585861206,B,營養餐飲服務,新北市,淡水區;三芝區,02-85217872,info@slswf.org.tw,蔡政道,20250101.0,20250131.0,20250122 14:41:43
社團法人中華民國照顧服務員專業發展協會附設新北市私立照顧服務員居家式服務類長期照顧服務機構,1R0200003,1,新北市,土城區,新北市土城區青仁路22號1樓,121.4607696533,24.9791526794,A,個案管理服務,新北市,土城區,02-22651680,careworkertw@yahoo.com.tw,許婉菁,20250101.0,20250630.0,20241231 16:11:48
社團法人中華民國照顧服務員專業發展協會附設新北市私立照顧服務員居家式服務類長期照顧服務機構,1R0200003,1,新北市,土城區,新北市土城區青仁路22號1樓,121.4607696533,24.9791526794,B,居家服務,新北市,土城區;貢寮區,02-22651680,careworkertw@yahoo.com.tw,許婉菁,20250101.0,20271231.0,20241218 14:14:35
新北市私立璟馨居家長照機構,1X0200005,1,新北市,土城區,新北市土城區延峯街24巷5號1樓,121.4687805176,24.9858112335,B,喘息服務,新北市,土城區,02-77230968,jxabccare@gmail.com,洪慧珍,20250101.0,20271231.0,20250114 10:12:44
皓仁健康照護事業有限公司附設新北市私立皓仁居家式服務類長期照顧服務機構,1X0200015,1,新北市,汐止區,新北市汐止區大同里大同路二段240號11樓,121.6540374756,25.0654830933,B,居家服務,基隆市,中正區;七堵區;暖暖區;仁愛區;中山區;安樂區;信義區,02-26480680,yenjen@haoren.com.tw,謝李麗雲,20231206.0,20250421.0,20250204 08:47:06
皓仁健康照護事業有限公司附設新北市私立皓仁居家式服務類長期照顧服務機構,1X0200015,1,新北市,汐止區,新北市汐止區大同里大同路二段240號11樓,121.6540374756,25.0654830933,B,居家服務,基隆市,中正區;七堵區;暖暖區;仁愛區;中山區;安樂區;信義區,02-26480680,yenjen@haoren.com.tw,謝李麗雲,20250422.0,20270330.0,20250418 09:37:52
皓仁健康照護事業有限公司附設新北市私立皓仁居家式服務類長期照顧服務機構,1X0200015,1,新北市,汐止區,新北市汐止區大同里大同路二段240號11樓,121.6540374756,25.0654830933,B,喘息服務,新北市,板橋區;三重區;中和區;永和區;新莊區;樹林區;汐止區;瑞芳區,02-26480680,yenjen@haoren.com.tw,謝李麗雲,20250101.0,20271231.0,20241217 15:23:56
財團法人台灣省私立健順養護中心附設新北市私立新店柴埕社區長照機構,2S0200004,2,新北市,新店區,新北市新店區安民街79號4樓、5樓,121.5165710449,24.9675579071,B,喘息服務,新北市,中和區;永和區;新店區,02-22121753,Chiche.daycare@msa.hinet.net,廖慧媛,20250101.0,20271231.0,20241216 09:41:41
佛教慈濟醫療財團法人附設新北市私立台北慈濟居家式服務類長期照顧服務機構,1S0200003,1,新北市,新店區,新北市新店區明德里建國路289號,121.5370330811,24.9858970642,B,居家服務,新北市,板橋區;中和區;永和區;新店區,02-66289779,maggie16471@tzuchi.com.tw,釋證嚴,20250101.0,20271231.0,20241226 15:22:01
財團法人新北市私立雙連社會福利慈善事業基金會附設新北市私立雙連居家長照機構,1S0200006,1,新北市,新莊區,新北市新莊區昌平里中央路51號3樓,121.4569778442,25.0585861206,A,個案管理服務,新北市,新莊區;淡水區,02-85217872,info@slswf.org.tw,蔡政道,20250101.0,20250630.0,20241231 16:31:34
財團法人新北市私立雙連社會福利慈善事業基金會附設新北市私立雙連居家長照機構,1S0200006,1,新北市,新莊區,新北市新莊區昌平里中央路51號3樓,121.4569778442,25.0585861206,B,居家服務,新北市,新莊區;淡水區;三芝區;石門區,02-85217872,info@slswf.org.tw,蔡政道,20250101.0,20271231.0,20241216 14:58:13
社團法人中華民國照顧服務員專業發展協會附設新北市私立照顧服務員居家式服務類長期照顧服務機構,1R0200003,1,新北市,土城區,新北市土城區青仁路22號1樓,121.4607696533,24.9791526794,B,營養餐飲服務,新北市,土城區,02-22651680,careworkertw@yahoo.com.tw,許婉菁,20250101.0,20250131.0,20250122 14:36:27
社團法人中華民國照顧服務員專業發展協會附設新北市私立照顧服務員居家式服務類長期照顧服務機構,1R0200003,1,新北市,土城區,新北市土城區青仁路22號1樓,121.4607696533,24.9791526794,B,喘息服務,新北市,土城區;貢寮區,02-22651680,careworkertw@yahoo.com.tw,許婉菁,20250101.0,20271231.0,20241218 14:14:57
新北市私立璟馨居家長照機構,1X0200005,1,新北市,土城區,新北市土城區延峯街24巷5號1樓,121.4687805176,24.9858112335,B,專業照護服務,新北市,板橋區;三重區;中和區;永和區;新莊區;新店區;樹林區;三峽區;汐止區;土城區;蘆洲區;五股區;泰山區;林口區,02-77230968,jxabccare@gmail.com,洪慧珍,20220101.0,20241231.0,20220302 09:38:45
景安護理之家,A30200020,A3,新北市,中和區,新北市中和區景安路42號5樓、46號4~5樓、50號3~4樓,121.5068817139,24.9981422424,B,喘息服務,新北市,板橋區;三重區;中和區;永和區;新莊區;新店區;樹林區;鶯歌區;三峽區;淡水區;汐止區;瑞芳區;土城區;蘆洲區;五股區;泰山區;林口區;深坑區;石碇區;坪林區;三芝區;石門區;八里區;平溪區;雙溪區;貢寮區;金山區;萬里區;烏來區,02-22489826,ian22409304@gmail.com,吳明樺,20250101.0,20271231.0,20241213 09:44:41
景安護理之家,A30200020,A3,新北市,中和區,新北市中和區景安路42號5樓、46號4~5樓、50號3~4樓,121.5068817139,24.9981422424,B,喘息服務,臺北市,松山區;信義區;大安區;中山區;中正區;大同區;萬華區;文山區;南港區;內湖區;士林區;北投區,02-22489826,ian22409304@gmail.com,吳明樺,20250101.0,20261231.0,20241231 11:43:25
醫療財團法人徐元智先生醫藥基金會附設亞東居家護理所,B10200006,B1,新北市,板橋區,新北市板橋區華東里南雅南路二段21號,121.4527740479,24.9972648621,B,專業照護服務,新北市,板橋區;中和區;新莊區;樹林區;土城區,02-89667000,homecare@mail.femh.org.tw,黃明喜,20250101.0,20271231.0,20241218 10:18:06
達特窩可居家物理治療所,B40200005,B4,新北市,三峽區,新北市三峽區介壽路一段276巷108弄1號,121.3798751831,24.9277610779,B,專業照護服務,桃園市,桃園區;中壢區;大溪區;楊梅區;蘆竹區;大園區;龜山區;八德區;龍潭區;平鎮區;新屋區;觀音區;復興區,02-26748522,drwalk4u@gmail.com,賴維澤,20231229.0,20251231.0,20240102 16:38:31
達特窩可居家物理治療所,B40200005,B4,新北市,三峽區,新北市三峽區介壽路一段276巷108弄1號,121.3798751831,24.9277610779,B,專業照護服務,臺北市,松山區;信義區;大安區;中山區;中正區;大同區;萬華區;文山區;南港區;內湖區;士林區;北投區,02-26748522,drwalk4u@gmail.com,賴維澤,20250101.0,20261231.0,20241025 10:36:50
達特窩可居家物理治療所,B40200005,B4,新北市,三峽區,新北市三峽區介壽路一段276巷108弄1號,121.3798751831,24.9277610779,B,專業照護服務,臺北市,松山區;信義區;大安區;中山區;中正區;大同區;萬華區;文山區;南港區;內湖區;士林區;北投區,02-26748522,drwalk4u@gmail.com,賴維澤,20180801.0,20241231.0,20221229 23:13:25
達特窩可居家物理治療所,B40200005,B4,新北市,三峽區,新北市三峽區介壽路一段276巷108弄1號,121.3798751831,24.9277610779,B,專業照護服務,新北市,板橋區;三重區;中和區;永和區;新莊區;新店區;樹林區;鶯歌區;三峽區;土城區;蘆洲區;五股區;泰山區;林口區,02-26748522,drwalk4u@gmail.com,賴維澤,20220101.0,20241231.0,20220315 16:32:51
達特窩可居家物理治療所,B40200005,B4,新北市,三峽區,新北市三峽區介壽路一段276巷108弄1號,121.3798751831,24.9277610779,B,專業照護服務,宜蘭縣,宜蘭市;羅東鎮;蘇澳鎮;頭城鎮;礁溪鄉;壯圍鄉;員山鄉;冬山鄉;五結鄉;三星鄉;大同鄉;南澳鄉,02-26748522,drwalk4u@gmail.com,賴維澤,20230221.0,20260331.0,20250121 09:26:46
達特窩可居家物理治療所,B40200005,B4,新北市,三峽區,新北市三峽區介壽路一段276巷108弄1號,121.3798751831,24.9277610779,B,專業照護服務(CC01),桃園市,桃園區;中壢區;大溪區;楊梅區;蘆竹區;大園區;龜山區;八德區;龍潭區;平鎮區;新屋區;觀音區;復興區,02-26748522,drwalk4u@gmail.com,賴維澤,20230203.0,20241231.0,20230802 17:19:14
達特窩可居家物理治療所,B40200005,B4,新北市,三峽區,新北市三峽區介壽路一段276巷108弄1號,121.3798751831,24.9277610779,B,專業照護服務(CC01),桃園市,桃園區;中壢區;大溪區;楊梅區;蘆竹區;大園區;龜山區;八德區;龍潭區;平鎮區;新屋區;觀音區;復興區,02-26748522,drwalk4u@gmail.com,賴維澤,20231229.0,20251231.0,20240306 15:53:18
社團法人新北市臨床心理師公會,BE0200001,BE,新北市,永和區,新北市永和區文化里博愛街20巷1號,121.5180664062,25.0157432556,B,專業照護服務,臺北市,松山區;信義區;大安區;中山區;中正區;大同區;萬華區;文山區;南港區;內湖區;士林區;北投區,02-89253044,psy2153@gmail.com,陳映程,20180101.0,20180101.0,20190417 00:00:00
新北市私立璟馨居家長照機構,1X0200005,1,新北市,土城區,新北市土城區延峯街24巷5號1樓,121.4687805176,24.9858112335,B,專業照護服務,新北市,板橋區;三重區;中和區;永和區;新莊區;新店區;樹林區;三峽區;汐止區;土城區;蘆洲區;五股區;泰山區;林口區,02-77230968,jxabccare@gmail.com,洪慧珍,20250101.0,20271231.0,20250114 10:11:30
皓仁健康照護事業有限公司附設新北市私立皓仁居家式服務類長期照顧服務機構,1X0200015,1,新北市,汐止區,新北市汐止區大同里大同路二段240號11樓,121.6540374756,25.0654830933,B,喘息服務,基隆市,中正區;七堵區;暖暖區;仁愛區;中山區;安樂區;信義區,02-26480680,yenjen@haoren.com.tw,謝李麗雲,20240422.0,20250421.0,20240520 15:35:30
財團法人台灣省私立健順養護中心附設新北市私立板橋頤安社區長照機構,2S0200005,2,新北市,板橋區,新北市板橋區五權里廣權路130號2樓,121.4655532837,24.9930744171,B,日間照顧服務,新北市,板橋區;中和區;土城區,02-89533885,ch.daycare@msa.hinet.net,廖慧媛,20250101.0,20271231.0,20241203 14:21:02
財團法人台灣省私立健順養護中心附設新北市私立板橋頤安社區長照機構,2S0200005,2,新北市,板橋區,新北市板橋區五權里廣權路130號2樓,121.4655532837,24.9930744171,B,喘息服務,新北市,板橋區;中和區;土城區,02-89533885,ch.daycare@msa.hinet.net,廖慧媛,20250101.0,20271231.0,20241203 14:22:03
新北市私立桐心老人長期照顧中心(養護型),A10200006,A1,新北市,板橋區,新北市板橋區湳興里中正路302號2樓,121.4466247559,25.0350265503,B,喘息服務,新北市,板橋區;三重區;中和區;永和區;新莊區;新店區;樹林區;鶯歌區;三峽區;淡水區;汐止區;瑞芳區;土城區;蘆洲區;五股區;泰山區;林口區;深坑區;石碇區;坪林區;三芝區;石門區;八里區;平溪區;雙溪區;貢寮區;金山區;萬里區;烏來區,02-29688657,allenyen1989@gmail.com,劉昱瓊,20250101.0,20271231.0,20250103 15:33:03
醫療財團法人徐元智先生醫藥基金會附設亞東居家護理所,B10200006,B1,新北市,板橋區,新北市板橋區華東里南雅南路二段21號,121.4527740479,24.9972648621,B,專業照護服務,新北市,板橋區;中和區;新莊區;樹林區;土城區,02-89667000,homecare@mail.femh.org.tw,黃明喜,20220101.0,20241231.0,20220303 08:44:56
社團法人中華長照協會附設新北市私立永樂居家式服務類長期照顧服務機構,1R0200001,1,新北市,永和區,新北市永和區文化里文化路155號,121.5028076172,25.0667877197,B,喘息服務,新北市,板橋區;中和區;永和區,02-29280005,erica13lin@clc5.url.tw,金浩鑫,20250101.0,20271231.0,20241225 16:21:22
社團法人中華長照協會附設新北市私立永樂居家式服務類長期照顧服務機構,1R0200001,1,新北市,永和區,新北市永和區文化里文化路155號,121.5028076172,25.0667877197,C,巷弄長照站,新北市,永和區,02-29280005,erica13lin@clc5.url.tw,金浩鑫,20220101.0,20221231.0,20220503 08:14:32
同仁物理治療所,B40200001,B4,新北市,土城區,新北市土城區埤林里中央路四段127號,121.416305542,24.9575424194,B,專業照護服務,臺北市,松山區;信義區;大安區;中山區;中正區;大同區;萬華區;文山區;南港區;內湖區;士林區;北投區,02-80763952#312,ida-chang@yahoo.com.tw,張秀娟,20250101.0,20261231.0,20241028 15:08:12
八里佳醫護理之家,A30200015,A3,新北市,八里區,新北市八里區觀海大道185號、185號2樓、185號2樓之1,121.4212341309,25.1623306274,B,喘息服務,新北市,板橋區;三重區;中和區;永和區;新莊區;新店區;樹林區;鶯歌區;三峽區;淡水區;汐止區;瑞芳區;土城區;蘆洲區;五股區;泰山區;林口區;深坑區;石碇區;坪林區;三芝區;石門區;八里區;平溪區;雙溪區;貢寮區;金山區;萬里區;烏來區,02-26104913,chingpam@gmail.com,張鈺嫺,20250101.0,20271231.0,20250110 14:57:51
八里佳醫護理之家,A30200015,A3,新北市,八里區,新北市八里區觀海大道185號、185號2樓、185號2樓之1,121.4212341309,25.1623306274,B,喘息服務,臺北市,松山區;信義區;大安區;中山區;中正區;大同區;萬華區;文山區;南港區;內湖區;士林區;北投區,02-26104913,chingpam@gmail.com,張鈺嫺,20200910.0,20241231.0,20221229 22:56:19
景安護理之家,A30200020,A3,新北市,中和區,新北市中和區景安路42號5樓、46號4~5樓、50號3~4樓,121.5068817139,24.9981422424,B,喘息服務,臺北市,松山區;信義區;大安區;中山區;中正區;大同區;萬華區;文山區;南港區;內湖區;士林區;北投區,02-22489826,ian22409304@gmail.com,吳明樺,20191217.0,20241231.0,20221230 19:11:08
達特窩可居家物理治療所,B40200005,B4,新北市,三峽區,新北市三峽區介壽路一段276巷108弄1號,121.3798751831,24.9277610779,B,專業照護服務(CC01),宜蘭縣,宜蘭市;羅東鎮;蘇澳鎮;頭城鎮;礁溪鄉;壯圍鄉;員山鄉;冬山鄉;五結鄉;三星鄉;大同鄉;南澳鄉,02-26748522,drwalk4u@gmail.com,賴維澤,20230221.0,20260331.0,20250121 09:26:41
達特窩可居家物理治療所,B40200005,B4,新北市,三峽區,新北市三峽區介壽路一段276巷108弄1號,121.3798751831,24.9277610779,B,專業照護服務(CC01),新北市,板橋區;三重區;中和區;永和區;新莊區;新店區;樹林區;鶯歌區;三峽區;土城區;蘆洲區;五股區;泰山區;林口區,02-26748522,drwalk4u@gmail.com,賴維澤,20220101.0,20241231.0,20240205 14:05:39
康健小客車租賃有限公司,BB0200001,BA,新北市,三峽區,新北市三峽區中正路一段26號,121.3758773804,24.9310398102,B,交通接送服務(DA01),桃園市,桃園區;中壢區;大溪區;楊梅區;蘆竹區;大園區;龜山區;八德區;龍潭區;平鎮區;新屋區;觀音區;復興區,02-26718598,Kj.service6155@gmail.com,陳思妤,20190101.0,20261231.0,20250102 09:35:38
新北市私立聯順居家式服務類長期照顧服務機構,1X0200003,1,新北市,板橋區,新北市板橋區永安里萬板路186號1樓,121.4761886597,25.0237064362,A,個案管理服務,新北市,板橋區;中和區;新莊區;樹林區;土城區,02-89642333,hc.lanshun@gmail.com,汪秋蓉,20250101.0,20250630.0,20241231 15:10:08
新北市私立璟馨居家長照機構,1X0200005,1,新北市,土城區,新北市土城區延峯街24巷5號1樓,121.4687805176,24.9858112335,B,居家服務,新北市,土城區,02-77230968,jxabccare@gmail.com,洪慧珍,20250101.0,20271231.0,20250114 10:12:03
新北市私立璟馨居家長照機構,1X0200005,1,新北市,土城區,新北市土城區延峯街24巷5號1樓,121.4687805176,24.9858112335,A,個案管理服務,新北市,土城區,02-77230968,jxabccare@gmail.com,洪慧珍,20250101.0,20250630.0,20241231 14:51:12
皓仁健康照護事業有限公司附設新北市私立皓仁居家式服務類長期照顧服務機構,1X0200015,1,新北市,汐止區,新北市汐止區大同里大同路二段240號11樓,121.6540374756,25.0654830933,B,居家服務,新北市,板橋區;三重區;中和區;永和區;新莊區;樹林區;汐止區;瑞芳區,02-26480680,yenjen@haoren.com.tw,謝李麗雲,20250101.0,20271231.0,20241217 15:22:36
皓仁健康照護事業有限公司附設新北市私立皓仁居家式服務類長期照顧服務機構,1X0200015,1,新北市,汐止區,新北市汐止區大同里大同路二段240號11樓,121.6540374756,25.0654830933,B,喘息服務,基隆市,中正區;七堵區;暖暖區;仁愛區;中山區;安樂區;信義區,02-26480680,yenjen@haoren.com.tw,謝李麗雲,20250422.0,20270330.0,20250418 09:38:41
財團法人台灣省私立健順養護中心附設新北市私立新店柴埕社區長照機構,2S0200004,2,新北市,新店區,新北市新店區安民街79號4樓、5樓,121.5165710449,24.9675579071,B,小規模多機能服務,新北市,中和區;永和區;新店區,02-22121753,Chiche.daycare@msa.hinet.net,廖慧媛,20250101.0,20271231.0,20241216 09:40:27
財團法人台灣省私立健順養護中心附設新北市私立板橋頤安社區長照機構,2S0200005,2,新北市,板橋區,新北市板橋區五權里廣權路130號2樓,121.4655532837,24.9930744171,B,小規模多機能服務,新北市,板橋區;中和區;土城區,02-89533885,ch.daycare@msa.hinet.net,廖慧媛,20250101.0,20271231.0,20241203 14:23:54
新北市私立永順老人養護中心,A10200005,A1,新北市,中和區,新北市中和區平河里建康路2號,121.4858169556,24.9999980927,B,喘息服務,新北市,板橋區;三重區;中和區;永和區;新莊區;新店區;樹林區;鶯歌區;三峽區;淡水區;汐止區;瑞芳區;土城區;蘆洲區;五股區;泰山區;林口區;深坑區;石碇區;坪林區;三芝區;石門區;八里區;平溪區;雙溪區;貢寮區;金山區;萬里區;烏來區,02-32340828,ac123456112@gmail.com,蘇旭志,20250101.0,20271231.0,20241129 16:07:22
八里佳醫護理之家,A30200015,A3,新北市,八里區,新北市八里區觀海大道185號、185號2樓、185號2樓之1,121.4212341309,25.1623306274,B,喘息服務,臺北市,松山區;信義區;大安區;中山區;中正區;大同區;萬華區;文山區;南港區;內湖區;士林區;北投區,02-26104913,chingpam@gmail.com,張鈺嫺,20250101.0,20261231.0,20250204 15:00:27
和鄰居家護理所,B10200019,B1,新北市,鶯歌區,新北市鶯歌區文化路235號1樓,121.3539428711,24.9531135559,B,居家失能個案家庭醫師照護服務,新北市,新店區;樹林區;鶯歌區;三峽區;土城區,02-77091222,honear2020@gmail.com,梁詩怡,20250101.0,20271231.0,20241223 11:43:41
新北市平溪區衛生所,B20200016,B2,新北市,平溪區,新北市平溪區公園街17號,121.7378234863,25.0250587463,A,個案管理服務,新北市,平溪區,02-24951015,tpc262@ntpc.gov.tw,廖廣榆,20250101.0,20250630.0,20241231 16:30:50
有限責任新北市溫馨照顧服務勞動合作社,BF0200008,BF,新北市,中和區,新北市中和區景新街347號9樓之8,121.5120544434,24.9909801483,B,營養餐飲服務,新北市,烏來區,02-29161887,kayutayal@gmail.com,蔡培文,20250101.0,20250131.0,20250122 14:35:20
海山護理之家,A30200070,A3,新北市,板橋區,新北市板橋區漢生東路163號4樓、4樓之1、5樓、5樓之1,121.4692611694,25.0124855042,B,喘息服務,新北市,板橋區;三重區;中和區;永和區;新莊區;新店區;樹林區;鶯歌區;三峽區;淡水區;汐止區;瑞芳區;土城區;蘆洲區;五股區;泰山區;林口區;深坑區;石碇區;坪林區;三芝區;石門區;八里區;平溪區;雙溪區;貢寮區;金山區;萬里區;烏來區,29562767,high93high93@yahoo.com.tw,陳姿鴛,20250101.0,20271231.0,20241225 11:48:46
紅樹林護理之家,A30200073,A3,新北市,淡水區,新北市淡水區中正東路一段111巷22號1至7樓,121.4551849365,25.1608352661,B,喘息服務,新北市,板橋區;三重區;中和區;永和區;新莊區;新店區;樹林區;鶯歌區;三峽區;淡水區;汐止區;瑞芳區;土城區;蘆洲區;五股區;泰山區;林口區;深坑區;石碇區;坪林區;三芝區;石門區;八里區;平溪區;雙溪區;貢寮區;金山區;萬里區;烏來區,02-26260766,a26260766@yahoo.com.tw,杜詠菁,20250101.0,20271231.0,20241225 11:18:11
福耕居家護理所,B10200048,B1,新北市,新莊區,新北市新莊區新樹路609之14號,121.4345016479,25.0041370392,B,專業照護服務,新北市,板橋區;三重區;中和區;永和區;新莊區;樹林區;鶯歌區;三峽區;土城區;五股區;泰山區,(02)22075257,Fg0905586663@gmail.com,余慧雯,20250101.0,20271231.0,20241223 11:34:54
三芳護理之家,A30200033,A3,新北市,板橋區,新北市板橋區大觀路3段236號6樓、6樓之1至之5,121.4296188354,24.9922027588,B,喘息服務,新北市,板橋區;三重區;中和區;永和區;新莊區;新店區;樹林區;鶯歌區;三峽區;淡水區;汐止區;瑞芳區;土城區;蘆洲區;五股區;泰山區;林口區;深坑區;石碇區;坪林區;三芝區;石門區;八里區;平溪區;雙溪區;貢寮區;金山區;萬里區;烏來區,(02)2687-6363,sf1218nh@gmail.com,黃子育,20250101.0,20271231.0,20241226 15:01:03
紅樹林護理之家,A30200073,A3,新北市,淡水區,新北市淡水區中正東路一段111巷22號1至7樓,121.4551849365,25.1608352661,B,喘息服務,臺北市,松山區;信義區;大安區;中山區;中正區;大同區;萬華區;文山區;南港區;內湖區;士林區;北投區,02-26260766,a26260766@yahoo.com.tw,杜詠菁,20191205.0,20241231.0,20221230 15:08:52
福耕居家護理所,B10200048,B1,新北市,新莊區,新北市新莊區新樹路609之14號,121.4345016479,25.0041370392,B,專業照護服務,新北市,板橋區;三重區;中和區;永和區;新莊區;樹林區;鶯歌區;三峽區;土城區;五股區;泰山區,(02)22075257,Fg0905586663@gmail.com,余慧雯,20220101.0,20241231.0,20220318 14:19:05
新北市私立圓滿老人長期照顧中心(養護型),A10200073,A1,新北市,三重區,新北市三重區重新路5段639號10樓、639之1號10樓,121.4668197632,25.0433864594,B,喘息服務,新北市,板橋區;三重區;新莊區;蘆洲區;五股區;泰山區;林口區;八里區,02-29998867,yuamma7715@gmail.com,張志祥,20250101.0,20271231.0,20250103 11:22:43
新北市私立安新老人長期照顧中心(養護型),A10200094,A1,新北市,三峽區,新北市三峽區民生街85號4樓、83號4樓,121.3746871948,24.935792923,B,喘息服務,新北市,板橋區;三重區;中和區;永和區;新莊區;新店區;樹林區;鶯歌區;三峽區;淡水區;汐止區;瑞芳區;土城區;蘆洲區;五股區;泰山區;林口區;深坑區;石碇區;坪林區;三芝區;石門區;八里區;平溪區;雙溪區;貢寮區;金山區;萬里區;烏來區,0286710158,Anxin0158@yahoo.com.tw,鄭淑芬,20250101.0,20271231.0,20241227 10:20:36
新北市私立衡安護理之家,A30200042,A3,新北市,三峽區,新北市三峽區文化路59號5樓之1、6樓之1、6樓之2、7樓之1,121.3722763062,24.9359111786,B,喘息服務,新北市,板橋區;中和區;樹林區;鶯歌區;三峽區;土城區,(02)86711558,abhnh.ha@gmail.com,田志蕙,20250101.0,20271231.0,20241219 11:45:55
庭芳居家護理所,B10200031,B1,新北市,三重區,新北市三重區成功路110號2樓之20,121.4870605469,25.0516357422,B,專業照護服務,新北市,三重區;新莊區;蘆洲區,02-29725137,ankara.a718503@msa.hinet.net,黃若蓮,20250101.0,20271231.0,20241219 14:42:23
永欣居家護理所,B10200041,B1,新北市,永和區,新北市永和區林森路41巷11號3樓,121.525604248,25.0044746399,B,專業照護服務,新北市,中和區;永和區;新店區,(02)29211785,younghsin33@gmail.com,蘇純慧,20220101.0,20241231.0,20220314 11:38:21
紅樹林護理之家,A30200073,A3,新北市,淡水區,新北市淡水區中正東路一段111巷22號1至7樓,121.4551849365,25.1608352661,B,喘息服務,臺北市,松山區;信義區;大安區;中山區;中正區;大同區;萬華區;文山區;南港區;內湖區;士林區;北投區,02-26260766,a26260766@yahoo.com.tw,杜詠菁,20250101.0,20261231.0,20241231 11:39:38
新北市私立忠祥老人長期照顧中心(養護型),A10200046,A1,新北市,中和區,新北市中和區中山路2段327巷1號4樓,121.4933776855,25.0018424988,B,喘息服務,新北市,板橋區;三重區;中和區;永和區;新莊區;新店區;樹林區;鶯歌區;三峽區;汐止區;土城區;蘆洲區;五股區;泰山區,22473386,avachen1011@gmail.com,陳韋君,20250101.0,20271231.0,20250113 15:01:23
新北市私立蓮愛老人養護中心,A10200074,A1,新北市,三重區,新北市三重區溪尾街41號2樓,121.4914398193,25.0765132904,B,喘息服務,新北市,板橋區;三重區;中和區;永和區;新莊區;新店區;樹林區;鶯歌區;三峽區;淡水區;汐止區;瑞芳區;土城區;蘆洲區;五股區;泰山區;林口區;深坑區;石碇區;坪林區;三芝區;石門區;八里區;平溪區;雙溪區;貢寮區;金山區;萬里區;烏來區,02-29896770,elderservice0919@gmail.com,吳馥珍,20250101.0,20271231.0,20250106 11:51:25
新北市私立溫馨園老人長期照顧中心(養護型),A10200237,A1,新北市,鶯歌區,新北市鶯歌區建國路85號4樓,121.3530502319,24.9539718628,B,喘息服務,新北市,板橋區;三重區;中和區;永和區;新莊區;新店區;樹林區;鶯歌區;三峽區;淡水區;汐止區;瑞芳區;土城區;蘆洲區;五股區;泰山區;林口區;深坑區;石碇區;坪林區;三芝區;石門區;八里區;平溪區;雙溪區;貢寮區;金山區;萬里區;烏來區,02-26782277,wenshingyuan@gmail.com,蕭曙球,20250101.0,20271231.0,20241224 15:57:32
鄭骨科耳鼻喉科診所,B20200013,B2,新北市,新莊區,新北市新莊區中港路263號,121.453666687,25.0434093475,B,專業照護服務,新北市,板橋區;三重區;新莊區;五股區;泰山區;林口區,02-29929191,wendylinsh@gmail.com,鄭世基,20220101.0,20241231.0,20220323 10:51:05
鄭骨科耳鼻喉科診所,B20200013,B2,新北市,新莊區,新北市新莊區中港路263號,121.453666687,25.0434093475,B,居家失能個案家庭醫師照護服務,新北市,板橋區;三重區;新莊區;蘆洲區;五股區;泰山區,02-29929191,wendylinsh@gmail.com,鄭世基,20250101.0,20271231.0,20250226 11:41:32
新北市私立老吾老護理之家,A30200025,A3,新北市,新莊區,新北市新莊區新樹路315巷1號、1號2、3樓,121.4338150024,25.0192832947,B,喘息服務,新北市,板橋區;三重區;中和區;新莊區;樹林區;鶯歌區;三峽區;土城區;五股區;泰山區;林口區,22020118,aa22020118@yahoo.com.tw,吳秀蘭,20250101.0,20271231.0,20241218 11:47:44
新北市平溪區衛生所,B20200016,B2,新北市,平溪區,新北市平溪區公園街17號,121.7378234863,25.0250587463,B,居家失能個案家庭醫師照護服務,新北市,平溪區,02-24951015,tpc262@ntpc.gov.tw,廖廣榆,20250101.0,20271231.0,20241227 09:01:23
新北市平溪區衛生所,B20200016,B2,新北市,平溪區,新北市平溪區公園街17號,121.7378234863,25.0250587463,C,巷弄長照站,新北市,平溪區,02-24951015,tpc262@ntpc.gov.tw,廖廣榆,20200801.0,20201231.0,20210127 17:26:46
社團法人中華民國士林靈糧堂社會福利協會附設新北市私立新店七張社區長照機構,2R0200001,2,新北市,新店區,新北市新店區國豐里建國路102巷6、8號,121.540222168,24.977930069,B,團體家屋服務,新北市,板橋區;三重區;中和區;永和區;新莊區;新店區;樹林區;鶯歌區;三峽區;淡水區;汐止區;瑞芳區;土城區;蘆洲區;五股區;泰山區;林口區;深坑區;石碇區;坪林區;三芝區;石門區;八里區;平溪區;雙溪區;貢寮區;金山區;萬里區;烏來區,(02)2911-0260,qizhanggrouphome@slsc.org.tw,劉群茂,20200101.0,20201231.0,20200326 15:50:45
新北市私立雙和老人長期照顧中心(養護型),A10200105,A1,新北市,中和區,新北市中和區福和里中山路2段133號2樓,121.5022583008,25.00299263,B,喘息服務,新北市,板橋區;三重區;中和區;永和區;新莊區;新店區;樹林區;鶯歌區;三峽區;淡水區;汐止區;瑞芳區;土城區;蘆洲區;五股區;泰山區;林口區;深坑區;石碇區;坪林區;三芝區;石門區;八里區;平溪區;雙溪區;貢寮區;金山區;萬里區;烏來區,82458280,shh21332@gmail.com,顏詩庭,20250101.0,20271231.0,20241226 11:21:02
新北市私立福泰老人長期照顧中心(養護型),A10200111,A1,新北市,中和區,新北市中和區中山路2段371號4樓,121.4873657227,25.0045776367,B,喘息服務,新北市,板橋區;三重區;中和區;永和區;新莊區;新店區;樹林區;鶯歌區;三峽區;淡水區;汐止區;瑞芳區;土城區;蘆洲區;五股區;泰山區;林口區,22233325,futai6888@gmail.com,楊勝凱,20250101.0,20271231.0,20241218 13:59:33
新北市私立思源老人養護中心,A10200186,A1,新北市,淡水區,新北市淡水區義山里下圭柔山114之8號,121.4461517334,25.2086334229,B,喘息服務,新北市,淡水區;三芝區;石門區;八里區;金山區,02-26211033,siyuannurse@yahoo.com.tw,陳建慶,20250101.0,20271231.0,20250109 15:46:44
新北市私立新明厚老人長期照顧中心(養護型),A10200260,A1,新北市,淡水區,新北市淡水區竿蓁里中正東路一段27號、27號2樓之1,121.4520339966,25.1633586884,B,喘息服務,新北市,板橋區;三重區;中和區;永和區;新莊區;新店區;樹林區;鶯歌區;三峽區;淡水區;汐止區;瑞芳區;土城區;蘆洲區;五股區;泰山區;林口區;深坑區;石碇區;坪林區;三芝區;石門區;八里區;平溪區;雙溪區;貢寮區;金山區;萬里區;烏來區,0226297281,n.minghou0407@gmail.com,孟昭平,20250101.0,20271231.0,20250103 11:46:54
新北市私立銀享家園老人長期照顧中心(養護型),A10200284,A1,新北市,土城區,"新北市土城區日新里日新街33巷8號1,2樓",121.4426651001,24.987537384,B,喘息服務,新北市,板橋區;中和區;永和區;新莊區;樹林區;鶯歌區;三峽區;土城區;五股區;泰山區,22658289,caerhome2017@gmail.com,林育民,20250101.0,20271231.0,20241225 11:32:08
天主教耕莘醫療財團法人附設新北市私立新店安康社區長照機構,2S0200015,2,新北市,新店區,新北市新店區德安里車子路15號13樓,121.50390625,24.9534225464,B,團體家屋服務,新北市,板橋區;三重區;中和區;永和區;新莊區;新店區;樹林區;鶯歌區;三峽區;淡水區;汐止區;瑞芳區;土城區;蘆洲區;五股區;泰山區;林口區;深坑區;石碇區;坪林區;三芝區;石門區;八里區;平溪區;雙溪區;貢寮區;金山區;萬里區;烏來區,02-2212-3066分機51378,akcthsw@gmail.com,鍾安住,20200101.0,20201231.0,20200326 15:52:11
新北市立聯合醫院附設護理之家,A30200028,A3,新北市,板橋區,新北市板橋區英士路198號5樓,121.4576721191,25.0235824585,B,喘息服務,新北市,板橋區;三重區;中和區;永和區;新莊區;新店區;樹林區;淡水區;汐止區;土城區;蘆洲區;五股區;泰山區;林口區,02-22575151#2522,AH5007@ntpc.gov.tw,尤雅慧,20250101.0,20271231.0,20241227 10:10:49
衛生福利部樂生療養院附設居家護理所,B10200023,B1,新北市,新莊區,新北市新莊區中正路794號,121.4098510742,25.0216217041,B,專業照護服務,新北市,新莊區;樹林區,02-82006600#3115,ls65570@lslp.mohw.gov.tw,陳晴汝,20221223.0,20241231.0,20221228 08:16:35
私立健生護理之家,A30200032,A3,新北市,土城區,新北市土城區中華路一段14號1、2、3樓,121.4475860596,24.9907131195,B,喘息服務,新北市,板橋區;三重區;中和區;永和區;新莊區;新店區;樹林區;鶯歌區;三峽區;淡水區;汐止區;瑞芳區;土城區;蘆洲區;五股區;泰山區;林口區;深坑區;石碇區;坪林區;三芝區;石門區;八里區;平溪區;雙溪區;貢寮區;金山區;萬里區;烏來區,02-22631588,ch22631588@yahoo.com.tw,林孟靜,20250101.0,20271231.0,20241205 11:30:40
新北市坪林區衛生所,B20200020,B2,新北市,坪林區,新北市坪林區坪林街104號,121.7116546631,24.9359226227,A,個案管理服務,新北市,坪林區,(02)26656272,AB5495@ntpc.gov.tw,李政宜,20250101.0,20250630.0,20241231 15:25:23
衛生福利部臺北醫院,A30200039,B2,新北市,新莊區,新北市新莊區思源路127號,121.4596252441,25.0432415009,B,居家失能個案家庭醫師照護服務,新北市,新莊區,02-22765566#1122,wanying0928@gmail.com,鄭舜平,20250101.0,20271231.0,20250110 11:26:45
衛生福利部臺北醫院,A30200039,B2,新北市,新莊區,新北市新莊區思源路127號,121.4596252441,25.0432415009,B,專業照護服務(CC01),新北市,板橋區;三重區;中和區;永和區;新莊區;新店區;樹林區;鶯歌區;三峽區;淡水區;汐止區;瑞芳區;土城區;蘆洲區;五股區;泰山區;林口區;深坑區;石碇區;坪林區;三芝區;石門區;八里區;平溪區;雙溪區;貢寮區;金山區;萬里區;烏來區,02-22765566#1122,wanying0928@gmail.com,鄭舜平,20220101.0,20241231.0,20230802 17:19:14
元復醫院附設護理之家,A30200054,A3,新北市,土城區,新北市土城區慶樂街25號1、2、3樓,121.4391326904,24.9727344513,B,喘息服務,臺北市,松山區;信義區;大安區;中山區;中正區;大同區;萬華區;文山區;南港區;內湖區;士林區;北投區,02-22620582,nursing.centers@msa.hinet.net,陳美慧,20200707.0,20221216.0,20221216 10:06:46
康禾護理之家,A30200059,A3,新北市,鶯歌區,新北市鶯歌區建國路85號8樓,121.3530502319,24.9539718628,B,喘息服務,新北市,鶯歌區;三峽區,02-26703636,gogo990821@gmail.com,鍾沛妤,20250101.0,20271231.0,20241216 09:16:31
衛生福利部臺北醫院,A30200039,B2,新北市,新莊區,新北市新莊區思源路127號,121.4596252441,25.0432415009,B,專業照護服務,新北市,新莊區,02-22765566#1122,wanying0928@gmail.com,鄭舜平,20250101.0,20271231.0,20250110 11:26:03
衛生福利部臺北醫院,A30200039,B2,新北市,新莊區,新北市新莊區思源路127號,121.4596252441,25.0432415009,A,個案管理服務,新北市,新莊區,02-22765566#1122,wanying0928@gmail.com,鄭舜平,20250101.0,20250630.0,20241231 14:32:20
新北市坪林區衛生所,B20200020,B2,新北市,坪林區,新北市坪林區坪林街104號,121.7116546631,24.9359226227,B,居家失能個案家庭醫師照護服務,新北市,坪林區,(02)26656272,AB5495@ntpc.gov.tw,李政宜,20250101.0,20271231.0,20241223 14:52:26
新北市坪林區衛生所,B20200020,B2,新北市,坪林區,新北市坪林區坪林街104號,121.7116546631,24.9359226227,B,交通接送服務,新北市,坪林區,(02)26656272,AB5495@ntpc.gov.tw,李政宜,20250101.0,20271231.0,20241223 14:52:38
衛生福利部臺北醫院,A30200039,B2,新北市,新莊區,新北市新莊區思源路127號,121.4596252441,25.0432415009,B,專業照護服務,新北市,新莊區,02-22765566#1122,wanying0928@gmail.com,鄭舜平,20220101.0,20241231.0,20220217 14:29:00
新北市私立景馨護理之家,A30200051,A3,新北市,新莊區,新北市新莊區化成路63巷41號1、2樓,121.4635467529,25.0456790924,B,喘息服務,新北市,板橋區;三重區;中和區;永和區;新莊區;新店區;樹林區;鶯歌區;三峽區;淡水區;汐止區;瑞芳區;土城區;蘆洲區;五股區;泰山區;林口區;深坑區;石碇區;坪林區;三芝區;石門區;八里區;平溪區;雙溪區;貢寮區;金山區;萬里區;烏來區,02-89921892,pigudada@hotmail.com,陳素琦,20250101.0,20271231.0,20241226 16:00:38
新北市私立松林老人長期照顧中心(養護型),A10200155,A1,新北市,板橋區,新北市板橋區大觀路3段236號7樓之2,121.430557251,24.9920520782,B,喘息服務,新北市,板橋區;三重區;中和區;永和區;新莊區;樹林區;土城區;蘆洲區,02-26823334,ed95661029@yahoo.com.tw,李怡禎,20250101.0,20271231.0,20241227 14:23:26
佳合護理之家,A30200072,A3,新北市,板橋區,新北市板橋區江寧路3段29號3樓、29號4樓、39號3樓及39號4樓,121.4710922241,25.0317306519,B,喘息服務,新北市,板橋區;三重區;中和區;永和區;新莊區;新店區;樹林區;鶯歌區;三峽區;汐止區;土城區;蘆洲區;五股區;泰山區;林口區,22552650,aaa660407@gmail.com,曾麗如,20250101.0,20271231.0,20241226 10:34:48
新北市私立慧心老人長期照顧中心(養護型),A10200176,A1,新北市,板橋區,新北市板橋區廣權路2號2樓,121.4603881836,24.9909706116,B,喘息服務,新北市,板橋區;三重區;中和區;永和區;新莊區;新店區;樹林區;鶯歌區;三峽區;淡水區;汐止區;瑞芳區;土城區;蘆洲區;五股區;泰山區;林口區;深坑區;石碇區;坪林區;三芝區;石門區;八里區;平溪區;雙溪區;貢寮區;金山區;萬里區;烏來區,0229567230,cuteqmona@yahoo.com.tw,朱傳恩,20250101.0,20271231.0,20241224 10:30:10
新北市私立崇惠老人長期照顧中心(養護型),A10200189,A1,新北市,淡水區,新北市淡水區竿蓁里淡金路16巷117號,121.4605560303,25.1621894836,B,喘息服務,新北市,板橋區;三重區;中和區;永和區;新莊區;新店區;樹林區;鶯歌區;三峽區;淡水區;汐止區;瑞芳區;土城區;蘆洲區;五股區;泰山區;林口區;深坑區;石碇區;坪林區;三芝區;石門區;八里區;平溪區;雙溪區;貢寮區;金山區;萬里區;烏來區,02-86268833,chong.huei@yahoo.com.tw,鍾秋月,20250101.0,20271231.0,20241213 16:55:12
新北市私立崇惠老人長期照顧中心(養護型),A10200189,A1,新北市,淡水區,新北市淡水區竿蓁里淡金路16巷117號,121.4605560303,25.1621894836,B,喘息服務,臺北市,松山區;信義區;大安區;中山區;中正區;大同區;萬華區;文山區;南港區;內湖區;士林區;北投區,02-86268833,chong.huei@yahoo.com.tw,鍾秋月,20250101.0,20261231.0,20241231 11:35:34
新北市私立崇惠老人長期照顧中心(養護型),A10200189,A1,新北市,淡水區,新北市淡水區竿蓁里淡金路16巷117號,121.4605560303,25.1621894836,B,喘息服務,臺北市,松山區;信義區;大安區;中山區;中正區;大同區;萬華區;文山區;南港區;內湖區;士林區;北投區,02-86268833,chong.huei@yahoo.com.tw,鍾秋月,20200518.0,20241231.0,20221230 15:00:23
新北市私立亞恩老人長期照顧中心(養護型),A10200199,A1,新北市,新店區,新北市新店區復興里民權路42巷59弄2號5樓,121.5381546021,24.9840278625,B,喘息服務,新北市,中和區;永和區;新店區;深坑區;烏來區,02-89111270,giona1007@yahoo.com.tw,劉志榮,20250101.0,20271231.0,20241213 15:40:20
新北市私立寶安老人長期照顧中心(養護型),A10200279,A1,新北市,永和區,新北市永和區竹林路73號2樓、3樓,121.5191116333,25.013168335,B,喘息服務,新北市,永和區,02-89281517,Betty19810409@gmail.com,張靜如,20250101.0,20271231.0,20241227 09:20:40
新北市私立迦蜜老人長期照顧中心(養護型),A10200174,A1,新北市,板橋區,新北市板橋區廣權路10號2、3樓,121.4609375,24.9912586212,B,喘息服務,新北市,板橋區;三重區;中和區;永和區;新莊區;新店區;樹林區;鶯歌區;三峽區;淡水區;汐止區;瑞芳區;土城區;蘆洲區;五股區;泰山區;林口區;深坑區;石碇區;坪林區;三芝區;石門區;八里區;平溪區;雙溪區;貢寮區;金山區;萬里區;烏來區,29511181,caleb.sweet@msa.hinet.net,范新鷺,20250101.0,20271231.0,20241220 11:37:27
新北市私立仁英老人養護中心,A10200211,A1,新北市,新莊區,新北市新莊區中正路544-36號4樓,121.4298706055,25.0316200256,B,喘息服務,新北市,板橋區;三重區;新莊區;蘆洲區;五股區;泰山區,02-29085498,cy.ay544364@gmail.com,吳霈綺,20250101.0,20271231.0,20250113 16:04:23
新北市私立德馨老人長期照顧中心(養護型),A10200298,A1,新北市,汐止區,新北市汐止區和平街8號5樓,121.6632156372,25.0710277557,B,喘息服務,新北市,汐止區,02-26471288,dexin106@gmail.com,郭秀琴,20250101.0,20271231.0,20250110 14:29:50
國立臺灣大學醫學院附設醫院金山分院,B20200031,B2,新北市,金山區,新北市金山區五湖里11鄰玉爐路7號,121.6283416748,25.2194690704,B,專業照護服務,新北市,三芝區;石門區;金山區;萬里區,02-24989898,jawshiun@ntu.edu.tw,蔡兆勲,20220101.0,20241231.0,20220315 16:56:14
國立臺灣大學醫學院附設醫院金山分院,B20200031,B2,新北市,金山區,新北市金山區五湖里11鄰玉爐路7號,121.6283416748,25.2194690704,B,專業照護服務(CC01),新北市,板橋區;三重區;中和區;永和區;新莊區;新店區;樹林區;鶯歌區;三峽區;淡水區;汐止區;瑞芳區;土城區;蘆洲區;五股區;泰山區;林口區;深坑區;石碇區;坪林區;三芝區;石門區;八里區;平溪區;雙溪區;貢寮區;金山區;萬里區;烏來區,02-24989898,jawshiun@ntu.edu.tw,蔡兆勲,20220101.0,20241231.0,20230802 17:19:14
新北市石碇區衛生所,B20200026,B2,新北市,石碇區,新北市石碇區潭邊里碇坪路一段82號 ,121.6576080322,24.9913482666,B,居家失能個案家庭醫師照護服務,新北市,石碇區,02-26631325,AA4141@ntpc.gov.tw,姚智偉,20250101.0,20271231.0,20241227 15:09:11
庭芳居家護理所,B10200031,B1,新北市,三重區,新北市三重區成功路110號2樓之20,121.4870605469,25.0516357422,B,專業照護服務,新北市,三重區;新莊區;蘆洲區,02-29725137,ankara.a718503@msa.hinet.net,黃若蓮,20221205.0,20241231.0,20240102 10:56:28
新北市私立慈和老人長期照顧中心(養護型),A10200113,A1,新北市,中和區,新北市中和區中正路909號2樓,121.4835205078,25.006401062,B,喘息服務,新北市,板橋區;三重區;中和區;永和區;新莊區;新店區;樹林區;鶯歌區;三峽區;淡水區;汐止區;瑞芳區;土城區;蘆洲區;五股區;泰山區;林口區;深坑區;石碇區;坪林區;三芝區;石門區;八里區;平溪區;雙溪區;貢寮區;金山區;萬里區;烏來區,22212393,a58mercy@gmail.com,宋燕凌,20250101.0,20271231.0,20250415 11:24:10
新北市私立中山老人長期照顧中心(養護型),A10200123,A1,新北市,中和區,新北市中和區橋安街6號2、3樓,121.4928665161,25.0037841797,B,喘息服務,新北市,板橋區;三重區;中和區;永和區;新莊區;新店區;樹林區;鶯歌區;三峽區;淡水區;汐止區;瑞芳區;土城區;蘆洲區;五股區;泰山區;林口區,22438341,futai6888@gmail.com,張子騏,20250101.0,20271231.0,20241205 10:56:44
新北市私立松和老人長期照顧中心(養護型),A10200154,A1,新北市,板橋區,新北市板橋區大觀路3段236號7樓,121.430557251,24.9920520782,B,喘息服務,新北市,板橋區;三重區;中和區;永和區;新莊區;樹林區;土城區;蘆洲區,02-26823334,cholong_li@yahoo.com.tw,李湛博,20250101.0,20271231.0,20250103 09:45:38
新北市私立松園老人長期照顧中心(養護型),A10200171,A1,新北市,板橋區,新北市板橋區四川路2段16巷8號7樓,121.4562683105,24.9970264435,B,喘息服務,新北市,板橋區;三重區;中和區;永和區;新莊區;新店區;樹林區;鶯歌區;三峽區;淡水區;汐止區;瑞芳區;土城區;蘆洲區;五股區;泰山區;林口區,02-89665034,hguo3303@gmail.com,楊勝凱,20250101.0,20271231.0,20241205 14:45:16
新北市私立智英老人長期照護中心,A10200209,A1,新北市,新莊區,新北市新莊區中正路544-36號1樓,121.4298706055,25.0316200256,B,喘息服務,新北市,板橋區;三重區;新莊區;蘆洲區;五股區;泰山區,02-29085498,cy.ay544361@gmail.com,劉江裕,20250101.0,20271231.0,20250113 15:40:19
衛生福利部北區老人之家,A10200059,A1,新北市,新店區,新北市新店區屈尺里屈尺路83號,121.5450897217,24.9218406677,B,日間照顧服務,新北市,新店區;烏來區,0226668695,n115@nrsch.mohw.gov.tw,陳立庚,20250101.0,20271231.0,20241226 10:40:47
新北市私立慈安老人長期照顧中心(養護型),A10200114,A1,新北市,中和區,新北市中和區中正路909號3樓,121.4835205078,25.006401062,B,喘息服務,新北市,板橋區;三重區;中和區;永和區;新莊區;新店區;樹林區;鶯歌區;三峽區;淡水區;汐止區;瑞芳區;土城區;蘆洲區;五股區;泰山區;林口區;深坑區;石碇區;坪林區;三芝區;石門區;八里區;平溪區;雙溪區;貢寮區;金山區;萬里區;烏來區,22212393,a8411@outlook.com,宋王素娥,20250101.0,20271231.0,20250415 11:24:01
新北市私立闔樂老人長期照顧中心(養護型),A10200294,A1,新北市,中和區,新北市中和區中山路二段327巷1號號2樓,121.4934005737,25.0015621185,B,喘息服務,新北市,板橋區;三重區;中和區;永和區;新莊區;新店區;樹林區;鶯歌區;三峽區;淡水區;汐止區;瑞芳區;土城區;蘆洲區;五股區;泰山區;林口區;深坑區;石碇區;坪林區;三芝區;石門區;八里區;平溪區;雙溪區;貢寮區;金山區;萬里區;烏來區,2242-2502,holuck061228@gmail.com,蕭美寧,20250101.0,20271231.0,20241227 11:15:49
新北市石碇區衛生所,B20200026,B2,新北市,石碇區,新北市石碇區潭邊里碇坪路一段82號 ,121.6576080322,24.9913482666,A,個案管理服務,新北市,石碇區,02-26631325,AA4141@ntpc.gov.tw,姚智偉,20250101.0,20250630.0,20241231 14:27:48
新北市私立中英老人養護中心,A10200210,A1,新北市,新莊區,新北市新莊區中正路544-36號2樓,121.4298706055,25.0316200256,B,喘息服務,新北市,板橋區;三重區;新莊區;蘆洲區;五股區;泰山區,02-29085498,cy.ay544362@gmail.com,梁惠倫,20250101.0,20271231.0,20250113 15:42:34
國立臺灣大學醫學院附設醫院金山分院,B20200031,B2,新北市,金山區,新北市金山區五湖里11鄰玉爐路7號,121.6283416748,25.2194690704,B,居家失能個案家庭醫師照護服務,新北市,三芝區;石門區;金山區;萬里區,02-24989898,jawshiun@ntu.edu.tw,蔡兆勲,20250101.0,20271231.0,20241220 10:14:16
國立臺灣大學醫學院附設醫院金山分院,B20200031,B2,新北市,金山區,新北市金山區五湖里11鄰玉爐路7號,121.6283416748,25.2194690704,A,個案管理服務,新北市,三芝區;石門區;金山區;萬里區,02-24989898,jawshiun@ntu.edu.tw,蔡兆勲,20250101.0,20250630.0,20241231 16:01:17
國立臺灣大學醫學院附設醫院金山分院,B20200031,B2,新北市,金山區,新北市金山區五湖里11鄰玉爐路7號,121.6283416748,25.2194690704,B,專業照護服務,新北市,三芝區;石門區;金山區;萬里區,02-24989898,jawshiun@ntu.edu.tw,蔡兆勲,20250101.0,20271231.0,20241220 10:13:29
國立臺灣大學醫學院附設醫院金山分院,B20200031,B2,新北市,金山區,新北市金山區五湖里11鄰玉爐路7號,121.6283416748,25.2194690704,B,專業照護服務(CC01),新北市,三芝區;石門區;金山區;萬里區,02-24989898,jawshiun@ntu.edu.tw,蔡兆勲,20250101.0,20271231.0,20241220 10:13:48
新北市私立木新居護理之家,A30200031,A3,新北市,土城區,新北市土城區清水路114號3至5樓,121.4580459595,24.981426239,B,喘息服務,新北市,板橋區;三重區;中和區;永和區;新莊區;新店區;樹林區;鶯歌區;三峽區;淡水區;土城區;蘆洲區;五股區;泰山區;林口區;八里區,02-22740855,mushge.nushom@msa.hinet.net,吳柏璇,20250101.0,20271231.0,20250103 15:29:37
衛生福利部臺北醫院,A30200039,B2,新北市,新莊區,新北市新莊區思源路127號,121.4596252441,25.0432415009,B,專業照護服務(CC01),新北市,新莊區,02-22765566#1122,wanying0928@gmail.com,鄭舜平,20250101.0,20271231.0,20250110 11:26:28
元復醫院附設護理之家,A30200054,A3,新北市,土城區,新北市土城區慶樂街25號1、2、3樓,121.4391326904,24.9727344513,B,喘息服務,新北市,板橋區;三重區;中和區;永和區;新莊區;新店區;樹林區;鶯歌區;三峽區;淡水區;汐止區;瑞芳區;土城區;蘆洲區;五股區;泰山區;林口區;深坑區;石碇區;坪林區;三芝區;石門區;八里區;平溪區;雙溪區;貢寮區;金山區;萬里區;烏來區,02-22620582,nursing.centers@msa.hinet.net,陳美慧,20250101.0,20271231.0,20241216 11:50:27
三重中興醫院附設護理之家,A30200055,A3,新北市,三重區,新北市三重區中興北街21號4樓,121.4696731567,25.0465583801,B,喘息服務,新北市,三重區;新莊區;蘆洲區,02-29954245,hanya520@hotmail.com,林菡雅,20250101.0,20271231.0,20250110 13:46:34
新北市私立佳和護理之家,A30200080,A3,新北市,板橋區,新北市板橋區江寧路3段29號2樓,121.4710922241,25.0317306519,B,喘息服務,新北市,板橋區;三重區;中和區;永和區;新莊區;新店區;樹林區;鶯歌區;三峽區;汐止區;土城區;蘆洲區;五股區;泰山區;林口區,22552648,tseng6894@gmail.com,曾榆茜,20250101.0,20271231.0,20241227 09:31:43
新北市私立童心老人長期照顧中心(養護型),A10200141,A1,新北市,汐止區,新北市汐止區環河里南陽街90巷14號,121.622795105,25.0618877411,B,喘息服務,新北市,板橋區;中和區;永和區;新莊區;樹林區;汐止區,02-26940170,tungshincare@gmail.com,李梓帆,20250101.0,20271231.0,20241227 15:16:21
新北市私立景頤老人長期照顧中心(養護型),A10200223,A1,新北市,新莊區,新北市新莊區思源路87巷18號3樓之1,121.4584197998,25.0413093567,B,喘息服務,新北市,板橋區;三重區;中和區;永和區;新莊區;新店區;樹林區;三峽區;淡水區;土城區;蘆洲區;五股區;泰山區;林口區,22772203,g0972122723@gmail.com,游皓傑,20250101.0,20271231.0,20250110 14:16:14
國泰醫療財團法人汐止國泰綜合醫院,B20200032,B2,新北市,汐止區,新北市汐止區建成路59巷2號,121.6611938477,25.0725364685,A,個案管理服務,新北市,汐止區,02-26482121,sjd5130@cgh.org.tw,林慶齡,20250101.0,20250630.0,20241231 16:35:33
康園護理之家,A30200029,A3,新北市,新店區,新北市新店區安興路91巷31號1至5樓,121.5142364502,24.9746894836,B,日間照顧服務,新北市,板橋區;三重區;中和區;永和區;新莊區;新店區;樹林區;鶯歌區;三峽區;淡水區;汐止區;瑞芳區;土城區;蘆洲區;五股區;泰山區;林口區;深坑區;石碇區;坪林區;三芝區;石門區;八里區;平溪區;雙溪區;貢寮區;金山區;萬里區;烏來區,(02)86663556,kynh86663556@gmail.com,郭寶麗,20250101.0,20271231.0,20241223 10:56:14
新北市貢寮區衛生所,B20200017,B2,新北市,貢寮區,新北市貢寮區真理里仁愛路128號,121.927520752,25.0549755096,B,居家失能個案家庭醫師照護服務,新北市,貢寮區,02-24901431,AM9230@ntpc.gov.tw,林中一,20250101.0,20271231.0,20241219 11:27:11
康園護理之家,A30200029,A3,新北市,新店區,新北市新店區安興路91巷31號1至5樓,121.5142364502,24.9746894836,B,喘息服務,新北市,板橋區;三重區;中和區;永和區;新莊區;新店區;樹林區;鶯歌區;三峽區;淡水區;汐止區;瑞芳區;土城區;蘆洲區;五股區;泰山區;林口區;深坑區;石碇區;坪林區;三芝區;石門區;八里區;平溪區;雙溪區;貢寮區;金山區;萬里區;烏來區,(02)86663556,kynh86663556@gmail.com,郭寶麗,20250101.0,20271231.0,20241223 10:56:37
新北市金山區衛生所,B20200022,B2,新北市,金山區,新北市金山區民生路59號,121.6411514282,25.2206497192,B,居家失能個案家庭醫師照護服務,新北市,金山區,02 4982778,ag9446@ntpc.gov.tw,潘恆嘉,20250101.0,20271231.0,20250106 11:32:03
新北市金山區衛生所,B20200022,B2,新北市,金山區,新北市金山區民生路59號,121.6411514282,25.2206497192,A,個案管理服務,新北市,金山區,02 4982778,ag9446@ntpc.gov.tw,潘恆嘉,20250101.0,20250630.0,20241231 16:07:20
新北市貢寮區衛生所,B20200017,B2,新北市,貢寮區,新北市貢寮區真理里仁愛路128號,121.927520752,25.0549755096,A,個案管理服務,新北市,貢寮區,02-24901431,AM9230@ntpc.gov.tw,林中一,20250101.0,20250630.0,20241231 14:31:34
新北市貢寮區衛生所,B20200017,B2,新北市,貢寮區,新北市貢寮區真理里仁愛路128號,121.927520752,25.0549755096,B,交通接送服務,新北市,貢寮區,02-24901431,AM9230@ntpc.gov.tw,林中一,20250101.0,20271231.0,20241219 11:26:50
新北仁康醫院附設護理之家,A30200058,A3,新北市,新店區,新北市新店區安康路二段323號3樓及325號,121.4997406006,24.9555587769,B,喘息服務,新北市,中和區;永和區;新店區,22152345,njkhservice@gmail.com,康淑儀,20250101.0,20271231.0,20241227 14:55:15
新北市私立松永老人長期照顧中心(養護型),A10200128,A1,新北市,永和區,新北市永和區店街里中正路455號8樓、8樓之1、8樓之2、8樓之3、8樓之4、8樓之5、8樓之6,121.5168457031,25.0055294037,B,喘息服務,新北市,板橋區;三重區;中和區;永和區;新莊區;新店區;樹林區;三峽區;土城區;蘆洲區,0222326552,sy22326552@gmail.com,李秋龍,20250101.0,20271231.0,20241225 16:23:52
新北市私立幸福家園老人長期照顧中心(養護型),A10200144,A1,新北市,汐止區,新北市汐止區興福里福德路38號12樓,121.6363830566,25.0673294067,B,喘息服務,新北市,板橋區;三重區;中和區;永和區;新莊區;新店區;樹林區;鶯歌區;三峽區;淡水區;汐止區;瑞芳區;土城區;蘆洲區;五股區;泰山區;林口區;深坑區;石碇區;坪林區;三芝區;石門區;八里區;平溪區;雙溪區;貢寮區;金山區;萬里區;烏來區,02-26924325,goodhomeland789@gmail.com,李倩穎,20250101.0,20271231.0,20250110 16:20:06
新北市私立思福老人長期照顧中心(養護型),A10200185,A1,新北市,淡水區,新北市淡水區義山里下圭柔山114之7號,121.4461517334,25.2086334229,B,喘息服務,新北市,淡水區;三芝區;石門區;八里區;金山區,02-26211033,sifunurse@yahoo.com.tw,陳韋志,20250101.0,20271231.0,20250109 15:43:07
新北市私立盛禾老人長期照顧中心(養護型),A10200245,A1,新北市,新莊區,新北市新莊區雙鳳路119號4樓,121.4136123657,25.0278682709,B,喘息服務,新北市,板橋區;中和區;永和區;新莊區;樹林區,2908-1656,senho37862991@gmail.com,李梓帆,20250101.0,20271231.0,20241227 10:54:36
新北市私立佳緣老人長期照顧中心(養護型),A10200247,A1,新北市,鶯歌區,新北市鶯歌區西鶯里中山路41號,121.3517990112,24.9566955566,B,喘息服務,新北市,板橋區;三重區;中和區;永和區;新莊區;新店區;樹林區;鶯歌區;三峽區;淡水區;汐止區;瑞芳區;土城區;蘆洲區;五股區;泰山區;林口區;深坑區;石碇區;坪林區;三芝區;石門區;八里區;平溪區;雙溪區;貢寮區;金山區;萬里區;烏來區,02-26707278,konmugen@gmail.com,邱菊珍,20250101.0,20271231.0,20241227 15:11:13
新北市私立双慈老人長期照顧中心(養護型),A10200251,A1,新北市,中和區,新北市中和區中正路909號5樓,121.4835205078,25.006401062,B,喘息服務,新北市,板橋區;三重區;中和區;永和區;新莊區;新店區;樹林區;鶯歌區;三峽區;淡水區;汐止區;土城區;蘆洲區;五股區;泰山區;林口區,82286093,lisa350207@gmail.com,吳佳鈴,20250101.0,20271231.0,20241213 11:41:20
新北市私立美麗家園老人長期照顧中心(養護型),A10200264,A1,新北市,汐止區,新北市汐止區興福里福德路38號7樓、7樓之1-7,121.6359100342,25.0668201447,B,喘息服務,新北市,板橋區;三重區;中和區;永和區;新莊區;新店區;樹林區;鶯歌區;三峽區;淡水區;汐止區;瑞芳區;土城區;蘆洲區;五股區;泰山區;林口區;深坑區;石碇區;坪林區;三芝區;石門區;八里區;平溪區;雙溪區;貢寮區;金山區;萬里區;烏來區,0226921238,goodhomeland456@gmail.com,王宇文,20250101.0,20271231.0,20250110 16:15:50
新北市私立幸福家園老人長期照顧中心(養護型),A10200144,A1,新北市,汐止區,新北市汐止區興福里福德路38號12樓,121.6363830566,25.0673294067,B,喘息服務,臺北市,松山區;信義區;大安區;中山區;中正區;大同區;萬華區;文山區;南港區;內湖區;士林區;北投區,02-26924325,goodhomeland789@gmail.com,李倩穎,20250101.0,20261231.0,20241231 11:46:00
新北市私立思親老人長期照顧中心(養護型),A10200184,A1,新北市,淡水區,新北市淡水區下圭柔山114之6號,121.4461517334,25.2086334229,B,喘息服務,新北市,淡水區;三芝區;石門區;八里區;金山區,02-26211033,siqinnurse@yahoo.com.tw,陳韋強,20250101.0,20271231.0,20250109 15:38:02
新北市私立慈鴻老人長期照顧中心(養護型),A10200244,A1,新北市,中和區,新北市中和區中正路909號4樓,121.4835205078,25.006401062,B,喘息服務,新北市,板橋區;三重區;中和區;永和區;新莊區;新店區;樹林區;鶯歌區;三峽區;淡水區;汐止區;瑞芳區;土城區;蘆洲區;五股區;泰山區;林口區;深坑區;石碇區;坪林區;三芝區;石門區;八里區;平溪區;雙溪區;貢寮區;金山區;萬里區;烏來區,22212393,a8411@outlook.com,宋燕凌,20250101.0,20271231.0,20250415 11:21:26
輔仁大學學校財團法人輔仁大學附設醫院附設居家護理所,B10200059,B1,新北市,泰山區,新北市泰山區貴子路69號6樓,121.4310150146,25.0400562286,B,專業照護服務,新北市,新莊區;泰山區,02-85128909,b04500@mail.fjuh.fju.edu.tw,涂秀美,20220101.0,20241231.0,20220315 09:59:25
新北市私立心田老人長期照顧中心(養護型),A10200177,A1,新北市,板橋區,新北市板橋區廣權路2號3樓、6號3樓F,121.4603881836,24.9909706116,B,喘息服務,新北市,板橋區;三重區;中和區;永和區;新莊區;新店區;樹林區;鶯歌區;三峽區;淡水區;汐止區;瑞芳區;土城區;蘆洲區;五股區;泰山區;林口區;深坑區;石碇區;坪林區;三芝區;石門區;八里區;平溪區;雙溪區;貢寮區;金山區;萬里區;烏來區,0289511426,cuteqmona@yahoo.com.tw,朱瑜慈,20250101.0,20271231.0,20241224 09:59:29
新北市私立大漢老人長期照顧中心(養護型),A10200040,A1,新北市,汐止區,新北市汐止區興福里福德路38號5樓之1,121.6359100342,25.0668201447,B,喘息服務,新北市,汐止區;石碇區;坪林區;平溪區;金山區;萬里區,26932918,newsun3978@gmail.com,呂筱媛,20250101.0,20271231.0,20241224 11:34:00
新北市私立美麗家園老人長期照顧中心(養護型),A10200264,A1,新北市,汐止區,新北市汐止區興福里福德路38號7樓、7樓之1-7,121.6359100342,25.0668201447,B,喘息服務,臺北市,松山區;信義區;大安區;中山區;中正區;大同區;萬華區;文山區;南港區;內湖區;士林區;北投區,0226921238,goodhomeland456@gmail.com,王宇文,20200720.0,20241231.0,20221229 20:51:59
新北市私立銀享樂園老人長期照顧中心(養護型),A10200280,A1,新北市,土城區,新北市土城區日新里日新街33巷8號3-4樓,121.4426651001,24.987537384,B,喘息服務,新北市,板橋區;中和區;永和區;新莊區;樹林區;鶯歌區;三峽區;土城區;五股區;泰山區,02-22658299,caerhome72765546@gmail.com,楊文一,20250101.0,20271231.0,20241225 11:35:03
新北市私立安怡老人長期照顧中心(養護型),A10200117,A1,新北市,中和區,新北市中和區建一路87號3樓,121.4882125854,25.0024547577,B,喘息服務,新北市,板橋區;三重區;中和區;永和區;新莊區;新店區;樹林區;鶯歌區;三峽區;淡水區;汐止區;瑞芳區;土城區;蘆洲區;五股區;泰山區;林口區;深坑區;石碇區;坪林區;三芝區;石門區;八里區;平溪區;雙溪區;貢寮區;金山區;萬里區;烏來區,02-22287623,anyi10810@gmail.com,李倩穎,20250101.0,20271231.0,20250113 10:36:57
新北市私立幸福家園老人長期照顧中心(養護型),A10200144,A1,新北市,汐止區,新北市汐止區興福里福德路38號12樓,121.6363830566,25.0673294067,B,喘息服務,臺北市,松山區;信義區;大安區;中山區;中正區;大同區;萬華區;文山區;南港區;內湖區;士林區;北投區,02-26924325,goodhomeland789@gmail.com,李倩穎,20210507.0,20241231.0,20221229 20:53:06
新北市私立美麗家園老人長期照顧中心(養護型),A10200264,A1,新北市,汐止區,新北市汐止區興福里福德路38號7樓、7樓之1-7,121.6359100342,25.0668201447,B,喘息服務,臺北市,松山區;信義區;大安區;中山區;中正區;大同區;萬華區;文山區;南港區;內湖區;士林區;北投區,0226921238,goodhomeland456@gmail.com,王宇文,20250101.0,20261231.0,20241231 11:38:30
輔仁大學學校財團法人輔仁大學附設醫院附設居家護理所,B10200059,B1,新北市,泰山區,新北市泰山區貴子路69號6樓,121.4310150146,25.0400562286,B,專業照護服務,新北市,新莊區;泰山區,02-85128909,b04500@mail.fjuh.fju.edu.tw,涂秀美,20250101.0,20271231.0,20241226 16:46:33
新北市私立恩祥老人長期照顧中心(養護型),A10200233,A1,新北市,蘆洲區,新北市蘆洲區仁德里三民路26巷51號3樓,121.4780502319,25.0834026337,B,喘息服務,新北市,板橋區;三重區;中和區;永和區;新莊區;新店區;樹林區;鶯歌區;三峽區;淡水區;汐止區;瑞芳區;土城區;蘆洲區;五股區;泰山區;林口區;深坑區;石碇區;坪林區;三芝區;石門區;八里區;平溪區;雙溪區;貢寮區;金山區;萬里區;烏來區,02-22885959,a22885775@yahoo.com.tw,黃冠銘,20250101.0,20271231.0,20241217 11:26:44
新北市私立愛鄰田園老人長期照顧中心(養護型),A10200236,A1,新北市,鶯歌區,"新北市鶯歌區永昌里建國路596巷38,40號",121.3407440186,24.9517459869,B,喘息服務,新北市,樹林區;鶯歌區;三峽區;土城區,86773288,dd21130857@gmail.com,陳達彥,20250101.0,20271231.0,20241227 13:38:29
蕭中正醫院,B20200028,B2,新北市,板橋區,新北市板橋區南雅南路一段1巷30號2樓,121.4571609497,25.0066566467,A,個案管理服務,新北市,板橋區;中和區;五股區;泰山區,02-29685661,suky.huang@hsiaohospital.org,蕭中正,20250101.0,20250630.0,20241231 16:17:44
新北市私立愛迪樂居家長照機構,1X0200017,1,新北市,林口區,新北市林口區文化一路一段190巷6-2號,121.3757476807,25.0730800629,B,居家服務,新北市,三重區;五股區;泰山區;林口區;八里區,02-25216043,a0986391797@gmail.com,莊政修,20250101.0,20271231.0,20241225 10:17:39
皇家護理之家,A30200024,A3,新北市,中和區,新北市中和區中山路2段560號5樓、562號5樓、7樓、7樓之1、8樓,121.4831771851,25.0052185059,B,喘息服務,新北市,板橋區;三重區;中和區;永和區;新莊區;新店區;樹林區;鶯歌區;三峽區;淡水區;汐止區;瑞芳區;土城區;蘆洲區;五股區;泰山區;林口區;深坑區;石碇區;坪林區;三芝區;石門區;八里區;平溪區;雙溪區;貢寮區;金山區;萬里區;烏來區,02-22261881,royal_168@yahoo.com.tw,林子琪,20250101.0,20271231.0,20241225 09:45:44
新北市私立愛迪樂居家長照機構,1X0200017,1,新北市,林口區,新北市林口區文化一路一段190巷6-2號,121.3757476807,25.0730800629,B,喘息服務,新北市,三重區;五股區;泰山區;林口區;八里區,02-25216043,a0986391797@gmail.com,莊政修,20250101.0,20271231.0,20241225 10:18:10
新北市私立愛迪樂居家長照機構,1X0200017,1,新北市,林口區,新北市林口區文化一路一段190巷6-2號,121.3757476807,25.0730800629,A,個案管理服務,新北市,五股區;泰山區;林口區,02-25216043,a0986391797@gmail.com,莊政修,20250101.0,20250630.0,20241231 16:13:08
新北市五股區貿商社區發展協會(社照C),BF0200013,BF,新北市,五股區,新北市五股區貿商里登林路貿商巷8弄10號,121.4311218262,25.0706214905,C,巷弄長照站,新北市,五股區,(02)22926594,grace201423@gmail.com,高甯松,20220101.0,20221231.0,20220503 09:35:27
中菁社區發展協會,BF0200024,BF,新北市,,新北市17鄰菁埔23號,121.3776092529,25.0974636078,C,巷弄長照站,新北市,林口區,(02)26033907,,,20180101.0,20181231.0,20200214 14:26:51
金包里社區發展協會(社照C),BF0200032,BF,新北市,金山區,新北市金山區大同里9鄰溫泉路2巷9號,121.6380767822,25.2220020294,C,巷弄長照站,新北市,金山區,(02)2498-2703,ccchungdaw@mohw.gov.tw,許斌煌,20220101.0,20221231.0,20220503 09:08:51
財團法人新北市私立新希望基金會(社照C),BD0200020,BD,新北市,新店區,新北市新店區福民里三民路151號,121.5335693359,24.9732055664,C,巷弄長照站,新北市,新店區,(02)29161575#551,topnewhope@gmail.com,吳竣皓,20220101.0,20221231.0,20220503 10:30:26
新北市立聯合醫院附設居家護理所,B10200020,B1,新北市,三重區,新北市三重區新北大道一段3號5樓,121.4576721191,25.0235824585,B,專業照護服務,新北市,板橋區;三重區,02-29829111#3368,AO8667@ntpc.gov.tw,𡍼盈琇,20250101.0,20271231.0,20241129 16:04:51
私立健安護理之家,A30200034,A3,新北市,板橋區,新北市板橋區民權路174號1-6樓,121.4597015381,25.0132312775,B,喘息服務,新北市,板橋區;三重區;中和區;永和區;新莊區;新店區;樹林區;鶯歌區;三峽區;淡水區;汐止區;瑞芳區;土城區;蘆洲區;五股區;泰山區;林口區;深坑區;石碇區;坪林區;三芝區;石門區;八里區;平溪區;雙溪區;貢寮區;金山區;萬里區;烏來區,02-22721166 ,ch22721166@yahoo.com.tw,葉曉婷,20250101.0,20271231.0,20241226 10:43:03
詠靜護理之家,A30200027,A3,新北市,深坑區,新北市深坑區萬順里北深路三段99、101、103號3、4樓及105號1、3、4樓,121.605796814,25.0016670227,B,日間照顧服務,新北市,新店區;汐止區;深坑區;石碇區;坪林區;平溪區,26621620,shen.serina@gmail.com,沈惠萍,20250101.0,20271231.0,20250113 14:35:52
詠靜護理之家,A30200027,A3,新北市,深坑區,新北市深坑區萬順里北深路三段99、101、103號3、4樓及105號1、3、4樓,121.605796814,25.0016670227,B,喘息服務,新北市,板橋區;三重區;中和區;永和區;新莊區;新店區;樹林區;鶯歌區;三峽區;淡水區;汐止區;瑞芳區;土城區;蘆洲區;五股區;泰山區;林口區;深坑區;石碇區;坪林區;三芝區;石門區;八里區;平溪區;雙溪區;貢寮區;金山區;萬里區;烏來區,26621620,shen.serina@gmail.com,沈惠萍,20250101.0,20271231.0,20250113 14:36:22
新北市立聯合醫院附設居家護理所,B10200020,B1,新北市,三重區,新北市三重區新北大道一段3號5樓,121.4576721191,25.0235824585,B,專業照護服務,新北市,板橋區;三重區,02-29829111#3368,AO8667@ntpc.gov.tw,𡍼盈琇,20220101.0,20241231.0,20220314 11:21:43
新北市私立捷安護理之家,A30200030,A3,新北市,蘆洲區,新北市蘆洲區中山一路300號,121.470123291,25.0780754089,B,喘息服務,新北市,板橋區;三重區;中和區;永和區;新莊區;新店區;樹林區;鶯歌區;三峽區;淡水區;汐止區;瑞芳區;土城區;蘆洲區;五股區;泰山區;林口區;深坑區;石碇區;坪林區;三芝區;石門區;八里區;平溪區;雙溪區;貢寮區;金山區;萬里區;烏來區,02-22829859,jiean300@gmail.com,張玉馨,20250101.0,20271231.0,20241227 12:03:59
忠祥居家護理所,B10200027,B1,新北市,中和區,新北市中和區 中山路二段144號1樓 ,121.5019073486,25.0031528473,A,個案管理服務,新北市,中和區;永和區,02-22475603,lily.coffee.iris@gmail.com,張莉君,20250101.0,20250630.0,20241231 16:25:01
兆興護理之家,A30200077,A3,新北市,三重區,新北市三重區中興北街19巷2號1-3樓,121.4701461792,25.0462684631,B,喘息服務,新北市,三重區;新莊區;蘆洲區,0979925118,cheng22123638@gmail.com,鄭金英,20250101.0,20271231.0,20250113 13:47:44
天主教耕莘醫療財團法人附設永和耕莘居家護理所,B10200032,B1,新北市,永和區,新北市永和區竹林路91巷3之1號1樓,121.5198440552,25.0123500824,B,專業照護服務,新北市,中和區;永和區,02-66373660,homecare1741@cthyh.org.tw,晉伯怡,20220101.0,20241231.0,20220314 11:42:47
三和護理之家,A30200071,A3,新北市,三重區,新北市三重區三和路四段103之2號4、6、7樓,121.4868164062,25.0767879486,B,喘息服務,新北市,板橋區;三重區;中和區;永和區;新莊區;新店區;樹林區;鶯歌區;三峽區;淡水區;汐止區;瑞芳區;土城區;蘆洲區;五股區;泰山區;林口區;深坑區;石碇區;坪林區;三芝區;石門區;八里區;平溪區;雙溪區;貢寮區;金山區;萬里區;烏來區,02-22872000,san22872000@yahoo.com.tw,朱麗雯,20250101.0,20271231.0,20241225 12:00:02
六合社區發展協會(社照C),BF0200009,BF,新北市,三重區,新北市三重區六合里自強路2段50巷22號,121.4882583618,25.0691623688,C,巷弄長照站,新北市,三重區,(02)29820535,jassic6810@yahoo.com.tw,陳銘豐,20220101.0,20231231.0,20230530 18:45:23
新北市中和區碧湖社區發展協會(社照C),BF0200012,BF,新北市,中和區,新北市中和區錦昌里圓通路367巷15-1號4樓、5樓,121.492225647,24.9883556366,C,巷弄長照站,新北市,中和區,02-22421287,pig8008159494@gmail.com,邱尾玟,20220101.0,20221231.0,20220502 16:51:31
新北市板橋區板新社區發展協會(社照C),BF0200022,BF,新北市,板橋區,新北市板橋區西安里民生路二段89號之1號,121.4727859497,25.0156497955,C,巷弄長照站,新北市,,2953-4297,chuma0702@gmail.com,黃秀美,20220101.0,20231231.0,20230609 12:01:43
新北市板橋溪崑關懷慈善會(溪福)(社照C),BF0200023,BF,新北市,板橋區,新北市板橋區溪福里金門街366巷7號,121.4273147583,24.9840145111,C,巷弄長照站,新北市,板橋區,0932-142503,ben1040@kimo.com,陳淑美,20230101.0,20231231.0,20230630 14:14:49
新北市板橋區親子服務協會(社照C),BF0200021,BF,新北市,板橋區,新北市板橋區中正里中正路413巷2弄26號B1,121.4531326294,25.0234489441,C,巷弄長照站,新北市,板橋區,2953-5919,ccchungdaw@mohw.gov.tw,黃秀美,20240101.0,20241231.0,20240531 20:54:50
淡水區正德里辦公處(社照C),BG0200013,BG,新北市,淡水區,新北市淡水區正德里北新路141巷27號1樓,121.448348999,25.1795005798,C,巷弄長照站,新北市,淡水區,952652587,ccchungdaw@mohw.gov.tw,黃俊雄,20220101.0,20231231.0,20230628 15:38:19
社團法人新北市新店區喜樂心靈關懷協會(社照C),BE0200013,BE,新北市,新店區,新北市新店區公崙里安康路1段207巷4鄰8-1號,121.5161743164,24.9636764526,C,巷弄長照站,新北市,新店區,(02)20302117,shelldon7@gmail.com,許書毓,20220101.0,20221231.0,20220503 10:27:17
社團法人台灣新希望社區關懷協會(社照C),BE0200016,BE,新北市,蘆洲區,新北市蘆洲區中原里9鄰中正路241號3樓,121.4678344727,25.0866680145,C,巷弄長照站,新北市,蘆洲區,922295129,chadlu247@gmail.com,葉聯邦,20220101.0,20221231.0,20220503 10:04:39
財團法人伊甸社會福利基金會附設新北市私立三峽身心障礙福利服務中心(社照C),BD0200009,BD,新北市,三峽區,新北市三峽區龍埔里國光街12巷10號1樓,121.376083374,24.9371700287,C,巷弄長照站,新北市,三峽區,(02)26741778#204,dep115@eden.org.tw,成亮,20240101.0,20241231.0,20240707 14:40:03
新北市永和區秀朗社區發展協會(社照C),BF0200017,BF,新北市,永和區,新北市永和區秀朗里成功路1段20號-1,121.5269927979,25.0049877167,C,巷弄長照站,新北市,永和區,02-29277654,Entri1688@gmail.com,蔡輝雄,20220101.0,20231231.0,20230601 19:05:56
社團法人中華慈雲慈善利生推廣協會-樹林彭福據點(社照C),BE0200015,BE,新北市,樹林區,新北市樹林區彭福里太平路127巷14號1樓,121.4194793701,24.9805431366,C,巷弄長照站,新北市,樹林區,02-8685-1138,fayu991010@gmail.com,陳永涸,20220101.0,20221231.0,20220503 10:33:40
新北市新莊區牡丹心社區發展協會-新莊雙鳳據點(社照C),BF0200037,BF,新北市,新莊區,新北市新莊區雙鳳里新北大道七段718巷45號,121.4149627686,25.0252876282,C,巷弄長照站,新北市,新莊區,(02)29045533,so29045533@gmail.com,陳專森,20220101.0,20221231.0,20220503 09:35:24
新北市土城區清化里辦公處-土城清和據點(社照C),BG0200007,BG,新北市,土城區,新北市土城區清和里青雲路368號4樓,121.4586029053,24.9738388062,B,喘息服務,新北市,土城區,(02)22615380,kid113404804@yahoo.com.tw,袁慧如,20250101.0,20271231.0,20250113 14:46:24
新北市五股區成州社區發展協會(社照C),BF0200014,BF,新北市,五股區,新北市五股區成州里西雲路267號,121.4493408203,25.0980892181,C,巷弄長照站,新北市,五股區,0970236196,oldwang0302@gmail.com,王文龍,20220101.0,20221231.0,20220503 09:34:18
新北市新莊區牡丹心社區發展協會-新莊雙鳳據點(社照C),BF0200037,BF,新北市,新莊區,新北市新莊區雙鳳里新北大道七段718巷45號,121.4149627686,25.0252876282,B,喘息服務,新北市,新莊區;樹林區;泰山區,(02)29045533,so29045533@gmail.com,陳專森,20250101.0,20271231.0,20250113 14:25:20
新北市新莊區牡丹心社區發展協會-新莊雙鳳據點(社照C),BF0200037,BF,新北市,新莊區,新北市新莊區雙鳳里新北大道七段718巷45號,121.4149627686,25.0252876282,B,營養餐飲服務,新北市,新莊區;樹林區;泰山區,(02)29045533,so29045533@gmail.com,陳專森,20250101.0,20250131.0,20250122 14:38:04
新北市樹林區山佳社區發展協會(社照C),BF0200038,BF,新北市,樹林區,新北市樹林區中山里地政街12號,121.3946609497,24.971572876,C,巷弄長照站,新北市,樹林區,(02)26805561,0935630570a@gmail.com,簡玉春,20220101.0,20221231.0,20220503 10:33:17
社團法人中華慈雲慈善利生推廣協會-樹林彭福據點(社照C),BE0200015,BE,新北市,樹林區,新北市樹林區彭福里太平路127巷14號1樓,121.4194793701,24.9805431366,B,喘息服務,新北市,樹林區,02-8685-1138,fayu991010@gmail.com,陳永涸,20250101.0,20271231.0,20250430 09:23:15
新北市永和區得和社區發展協會(社照C),BF0200016,BF,新北市,永和區,新北市永和區永元里秀朗路2段24巷35號,121.5202636719,25.0019626617,C,巷弄長照站,新北市,永和區,2924-7766、2924-9067、0918-161-479,deartoad333@Yahoo.com.tw,呂卓春英,20220101.0,20231231.0,20230531 21:22:37
新北市鶯歌區建德社區發展協會(社照C),BF0200042,BF,新北市,鶯歌區,新北市鶯歌區建德里中正一路建德巷22號,121.3647079468,24.9573135376,C,巷弄長照站,新北市,鶯歌區,0928863966,dust8536@yahoo.com.tw,張進益,20240301.0,20241231.0,20240707 14:31:51
忠祥居家護理所,B10200027,B1,新北市,中和區,新北市中和區 中山路二段144號1樓 ,121.5019073486,25.0031528473,B,專業照護服務,新北市,板橋區;中和區;永和區;新店區,02-22475603,lily.coffee.iris@gmail.com,張莉君,20220101.0,20241231.0,20220323 11:41:20
天主教耕莘醫療財團法人附設永和耕莘居家護理所,B10200032,B1,新北市,永和區,新北市永和區竹林路91巷3之1號1樓,121.5198440552,25.0123500824,B,專業照護服務,新北市,中和區;永和區,02-66373660,homecare1741@cthyh.org.tw,晉伯怡,20250101.0,20271231.0,20250225 16:47:23
財團法人恆安社會福利慈善事業基金會附設新北市私立大同老人長期照顧中心(養護型),A10200301,A1,新北市,汐止區,新北市汐止區大同路三段425號,121.6777420044,25.071680069,B,喘息服務,臺北市,松山區;信義區;大安區;中山區;中正區;大同區;萬華區;文山區;南港區;內湖區;士林區;北投區,0286489888,tatung.hangan@gmail.com,胡世賢,20190917.0,20241231.0,20221230 19:49:00
社團法人新北市汐止區基督教全人關懷福音發展協會(建成站)(社照C),BF0200020,BF,新北市,汐止區,新北市汐止區建成里建成路152號B1,121.6619338989,25.0733795166,C,巷弄長照站,新北市,汐止區,(02)26917152,finichu2@yahoo.com.tw,洪正一,20240101.0,20241231.0,20240514 14:16:45
新北市新店區玫瑰社區發展協會,BF0200036,BF,新北市,新店區,新北市新店區玫瑰里富貴街9巷31號,121.4949493408,24.9489326477,C,巷弄長照站,新北市,新店區,(02)22155106,q07312002@yahoo.com.tw,謝家珍,20190101.0,20191231.0,20210218 18:16:32
財團法人恆安社會福利慈善事業基金會附設新北市私立大同老人長期照顧中心(養護型),A10200301,A1,新北市,汐止區,新北市汐止區大同路三段425號,121.6777420044,25.071680069,B,喘息服務,新北市,板橋區;三重區;中和區;永和區;新莊區;新店區;樹林區;鶯歌區;三峽區;淡水區;汐止區;瑞芳區;土城區;蘆洲區;五股區;泰山區;林口區;深坑區;石碇區;坪林區;三芝區;石門區;八里區;平溪區;雙溪區;貢寮區;金山區;萬里區;烏來區,0286489888,tatung.hangan@gmail.com,胡世賢,20250101.0,20271231.0,20241227 15:22:21
財團法人恆安社會福利慈善事業基金會附設新北市私立大同老人長期照顧中心(養護型),A10200301,A1,新北市,汐止區,新北市汐止區大同路三段425號,121.6777420044,25.071680069,B,喘息服務,臺北市,松山區;信義區;大安區;中山區;中正區;大同區;萬華區;文山區;南港區;內湖區;士林區;北投區,0286489888,tatung.hangan@gmail.com,胡世賢,20250101.0,20261231.0,20241231 11:41:43
社團法人中華麥田關懷協會(社照C),BE0200012,BE,新北市,新店區,新北市新店區明德里明德路34號,121.5416946411,24.9778079987,C,巷弄長照站,新北市,新店區,(02)29133936,wheatland1743@gmail.com,呂瑞香,20220101.0,20221231.0,20220503 10:29:18
新北市新莊區原住民族發展協進會,BF0200045,BF,新北市,新莊區,新北市新莊區裕民里裕民街128號6樓,121.4179000854,25.0224266052,C,巷弄長照站,新北市,新莊區,0910-818-864,,,20190101.0,20191231.0,20190610 00:39:58
永盛里社區關懷據點(社照C),BF0200053,BF,新北市,三重區,新北市三重區永盛里車路頭街133號,121.4846343994,25.0763149261,C,巷弄長照站,新北市,三重區,(02)29826391,deloved888@yahoo.com.tw,侯錦足,20220101.0,20231231.0,20230530 18:42:52
光田里陪伴站(社照C),BF0200054,BF,新北市,三重區,新北市三重區光田里光田里中華路5號,121.4833984375,25.0602226257,C,巷弄長照站,新北市,三重區,(02)29853477,Wu541010@yahoo.com.tw,吳勝文,20220101.0,20231231.0,20230530 18:41:20
新北市私立醒吾高級中學,BF0200057,BF,新北市,林口區,新北市林口區東林里東林里粉寮路1段75巷80號,121.3972396851,25.0790691376,C,巷弄長照站,新北市,林口區,(02)26012644,,,20190101.0,20191231.0,20190610 00:39:58
新北市奇布施老人養生協會(社照C),BF0200059,BF,新北市,新店區,新北市新店區信義里寶興里寶慶街10號23樓-1,121.5434646606,24.9869728088,C,巷弄長照站,新北市,新店區,(02)89125508,sanlylin@hotmail.com,周碧珠,20190101.0,20211231.0,20210506 10:16:14
新北市汐止區湖蓮里辦公處(社照C),BG0200011,BG,新北市,汐止區,新北市汐止區湖蓮里湖前街110巷97弄24號B2(中餐廳大廳及才藝教室),121.6325683594,25.0761909485,C,巷弄長照站,新北市,汐止區,(02)26909141,sunmoon8905@gmail.com,翁春娟,20240101.0,20241231.0,20240514 12:01:56
財團法人介惠社會福利慈善基金會新北市萬里瑪鋉公共托老中心(社照C),BD0200021,BD,新北市,萬里區,新北市萬里區萬里里瑪鋉路221號3F,121.689743042,25.179813385,C,巷弄長照站,新北市,萬里區,(02)24928312,tsliu@jhf.org.tw,胡頤仁,20220101.0,20221231.0,20220503 09:15:49
新北市私立衡安老人長期照顧中心(養護型),A10200309,A1,新北市,三峽區,新北市三峽區永舘里文化路59號7樓-1、8樓-2,121.3721466064,24.9360809326,B,喘息服務,新北市,板橋區;三重區;中和區;永和區;新莊區;新店區;樹林區;鶯歌區;三峽區;汐止區;土城區;蘆洲區;五股區;泰山區;林口區,86712106,hungan99837348@yahoo.com.tw,徐易赫,20250101.0,20271231.0,20241226 14:52:18
私立三民護理之家,A30200101,A3,新北市,蘆洲區,新北市蘆洲區三民路26巷51號1樓、2樓,121.4780502319,25.0834026337,B,喘息服務,臺北市,松山區;信義區;大安區;中山區;中正區;大同區;萬華區;文山區;南港區;內湖區;士林區;北投區,(02)22886211,s22885959@yahoo.com.tw,楊品羚,20210507.0,20241231.0,20221230 14:55:04
天主教耕莘醫療財團法人耕莘醫院-烏來據點(醫事C),B20200036,B2,新北市,烏來區,新北市烏來區烏來里溫泉街90、100、102號,121.5514755249,24.861125946,C,巷弄長照站,新北市,烏來區,(02)22193391分機67153,cms.c.c.1912@gmail.com,鄒繼群,20190401.0,20211231.0,20210527 10:43:33
聯順居家護理所,B10200065,B1,新北市,板橋區,新北市板橋區玉光里永豐街75巷17號2樓,121.4729766846,25.0187625885,B,專業照護服務,新北市,板橋區,(02)89642333,fortccn89@thn-buurtzorg.com,汪秋蓉,20230727.0,20241231.0,20230802 15:34:31
天主教耕莘醫療財團法人耕莘醫院-烏來據點(醫事C),B20200036,B2,新北市,烏來區,新北市烏來區烏來里溫泉街90、100、102號,121.5514755249,24.861125946,B,喘息服務,新北市,烏來區,(02)22193391分機67153,cms.c.c.1912@gmail.com,鄒繼群,20250101.0,20271231.0,20250425 14:54:10
泰林中西藥局,B30100004,B3,新北市,泰山區,新北市泰山區泰林路2段206號,121.4333724976,25.0614356995,B,專業照護服務,臺北市,松山區;信義區;大安區;中山區;中正區;大同區;萬華區;文山區;南港區;內湖區;士林區;北投區,02-22978367,ed7chen@gmail.com,陳昭元,20180131.0,20201231.0,20190704 14:02:14
私立三民護理之家,A30200101,A3,新北市,蘆洲區,新北市蘆洲區三民路26巷51號1樓、2樓,121.4780502319,25.0834026337,B,喘息服務,臺北市,松山區;信義區;大安區;中山區;中正區;大同區;萬華區;文山區;南港區;內湖區;士林區;北投區,(02)22886211,s22885959@yahoo.com.tw,楊品羚,20250101.0,20261231.0,20241231 11:46:59
私立三民護理之家,A30200101,A3,新北市,蘆洲區,新北市蘆洲區三民路26巷51號1樓、2樓,121.4780502319,25.0834026337,B,喘息服務,新北市,板橋區;三重區;中和區;永和區;新莊區;新店區;樹林區;鶯歌區;三峽區;淡水區;汐止區;瑞芳區;土城區;蘆洲區;五股區;泰山區;林口區;深坑區;石碇區;坪林區;三芝區;石門區;八里區;平溪區;雙溪區;貢寮區;金山區;萬里區;烏來區,(02)22886211,s22885959@yahoo.com.tw,楊品羚,20250101.0,20271231.0,20241224 13:55:59
松和護理之家,A30200098,A3,新北市,板橋區,新北市板橋區大觀路三段236號7樓之3,121.430557251,24.9920520782,B,喘息服務,新北市,板橋區;三重區;中和區;永和區;新莊區;樹林區;土城區;蘆洲區,02-26823334,cholong_li@yahoo.com.tw,莊茵淇,20250101.0,20271231.0,20250103 15:20:08
小驢駒小客車租賃有限公司,BF0200060,BF,新北市,新莊區,新北市新莊區復興路二段196巷2弄9-3號,121.4589538574,25.0440597534,B,交通接送服務,新北市,板橋區;三重區;中和區;永和區;新莊區;新店區;樹林區;鶯歌區;三峽區;淡水區;汐止區;瑞芳區;土城區;蘆洲區;五股區;泰山區;林口區;深坑區;石碇區;坪林區;三芝區;石門區;八里區;平溪區;雙溪區;貢寮區;金山區;萬里區;烏來區,02-2652-1567,driveryeah3196@gmail.com,葉書含,20250101.0,20271231.0,20241224 09:07:56
財團法人新北市私立雙連社會福利慈善事業基金會-頭前站(社照C),BE0200019,BE,新北市,新莊區,新北市新莊區思賢里昌平里長青街30號3樓,121.4565582275,25.0422515869,C,巷弄長照站,新北市,新莊區,(02)29986838,123@gmail.com,蔡政道,20240101.0,20241231.0,20240704 15:54:26
双慈護理之家,A30200066,A3,新北市,中和區,新北市中和區中正路909號8、9樓,121.4835586548,25.006444931,B,喘息服務,新北市,板橋區;三重區;中和區;永和區;新莊區;新店區;樹林區;鶯歌區;三峽區;淡水區;汐止區;土城區;蘆洲區;五股區;泰山區;林口區,02-82286000,lisa350207@gmail.com,吳佳鈴,20250101.0,20271231.0,20241213 11:38:07
新北市私立逢源老人長期照顧中心(養護型),A10200124,A1,新北市,中和區,新北市中和區中山路2段327巷9號3樓,121.493598938,25.0009822845,B,喘息服務,新北市,板橋區;三重區;中和區;永和區;新莊區;新店區;樹林區;鶯歌區;三峽區;淡水區;汐止區;瑞芳區;土城區;蘆洲區;五股區;泰山區;林口區;深坑區;石碇區;坪林區;三芝區;石門區;八里區;平溪區;雙溪區;貢寮區;金山區;萬里區;烏來區,2245-0139,feng_yuan168@yahoo.com,周素梅,20250101.0,20271231.0,20241220 10:24:02
新北市私立合樂老人長期照顧中心(養護型),A10200293,A1,新北市,中和區,新北市中和區中山路二段327巷11弄17號3樓,121.4932250977,25.0000839233,B,喘息服務,新北市,板橋區;三重區;中和區;永和區;新莊區;新店區;樹林區;鶯歌區;三峽區;淡水區;汐止區;瑞芳區;土城區;蘆洲區;五股區;泰山區;林口區;深坑區;石碇區;坪林區;三芝區;石門區;八里區;平溪區;雙溪區;貢寮區;金山區;萬里區;烏來區,0282457667,holuck6043@gmail.com,林淑美,20250101.0,20271231.0,20241227 11:14:09
新北市私立連旺老人長期照顧中心(養護型),A10200160,A1,新北市,板橋區,新北市板橋區中山路1段311號、313號、315之1號,121.484085083,25.0220222473,B,喘息服務,新北市,板橋區;三重區;中和區;永和區;新莊區;新店區;樹林區;鶯歌區;三峽區;淡水區;汐止區;瑞芳區;土城區;蘆洲區;五股區;泰山區;林口區;八里區;雙溪區,89520508柯小姐,lianwang.staff@gmail.com,連昭晴,20250101.0,20271231.0,20250103 12:00:35
新北市私立佳康老人長期照顧中心(養護型),A10200220,A1,新北市,新莊區,新北市新莊區雙鳳路109號4樓、111號4樓、113號4樓,121.4140167236,25.028011322,B,喘息服務,新北市,板橋區;三重區;中和區;永和區;新莊區;樹林區;土城區;蘆洲區;五股區;泰山區;林口區,02-29083466,jiakang3466@gmail.com,羅淑玲,20250101.0,20271231.0,20241205 14:53:51
新北市私立保安老人長期照顧中心(養護型),A10200232,A1,新北市,樹林區,新北市樹林區保安街二段64號4樓、64號5樓、64號6樓,121.4155426025,25.0026454926,B,喘息服務,新北市,板橋區;三重區;中和區;永和區;新莊區;新店區;樹林區;鶯歌區;三峽區;淡水區;汐止區;瑞芳區;土城區;蘆洲區;五股區;泰山區;林口區;深坑區;石碇區;坪林區;三芝區;石門區;八里區;平溪區;雙溪區;貢寮區;金山區;萬里區;烏來區,26863810,nbaoan66@gmail.com,唐台勇,20250101.0,20271231.0,20250110 14:41:25
新北市私立和樂老人長期照顧中心(養護型),A10200292,A1,新北市,中和區,新北市中和區中山路2段327巷11弄17號5樓,121.4932250977,25.0000839233,B,喘息服務,新北市,板橋區;三重區;中和區;永和區;新莊區;新店區;樹林區;鶯歌區;三峽區;淡水區;汐止區;瑞芳區;土城區;蘆洲區;五股區;泰山區;林口區;深坑區;石碇區;坪林區;三芝區;石門區;八里區;平溪區;雙溪區;貢寮區;金山區;萬里區;烏來區,0282458131,marilyn9857@yahoo.com.tw,林淑美,20250101.0,20271231.0,20241226 10:26:50
新北市私立鴻祥老人長期照顧中心(養護型),A10200172,A1,新北市,板橋區,新北市板橋區四川路2段16巷9號8樓,121.455619812,24.9970722198,B,喘息服務,新北市,板橋區;三重區;中和區;永和區;新莊區;新店區;樹林區;鶯歌區;三峽區;淡水區;汐止區;瑞芳區;土城區;蘆洲區;五股區;泰山區;林口區;深坑區;石碇區;坪林區;三芝區;石門區;八里區;平溪區;雙溪區;貢寮區;金山區;萬里區;烏來區,89675401,hs20171101@gmail.com,陳柏安,20250101.0,20271231.0,20241225 08:48:24
新北市私立松樹老人長期照顧中心(養護型),A10200179,A1,新北市,板橋區,新北市板橋區大觀路3段236號7樓之1,121.430557251,24.9920520782,B,喘息服務,新北市,板橋區;三重區;中和區;永和區;新莊區;樹林區;土城區;蘆洲區,02-26823334,cholong_li@yahoo.com.tw,李怡禎,20250101.0,20271231.0,20241231 14:12:07
新北市私立宏德老人長期照顧中心(養護型),A10200130,A1,新北市,永和區,新北市永和區永平路81巷2號(2層)、4號(2層)、12號2樓(2層),121.5116043091,25.008266449,B,喘息服務,新北市,永和區,29231336,hdw1336@yahoo.com.tw,魏嘉源,20250101.0,20271231.0,20241226 15:34:09
新北市私立宏國老人長期照顧中心(養護型),A10200161,A1,新北市,板橋區,新北市板橋區四川路2段16巷10號7樓,121.4562683105,24.9972610474,B,喘息服務,新北市,板橋區;三重區;中和區;永和區;新莊區;新店區;樹林區;鶯歌區;三峽區;淡水區;汐止區;瑞芳區;土城區;蘆洲區;五股區;泰山區;林口區,(02)89667037,ww89665034@yahoo.com.tw,張子騏,20250101.0,20271231.0,20241217 09:41:59
新北市私立傅英老人長期照顧中心(養護型),A10200212,A1,新北市,新莊區,新北市新莊區中正路544-36號3樓,121.4298706055,25.0316200256,B,喘息服務,新北市,板橋區;三重區;新莊區;蘆洲區;五股區;泰山區,02-29085498,cy.ay544363@gmail.com,張鎮育,20250101.0,20271231.0,20250113 15:45:13
新北市私立家安老人長期照顧中心(養護型),A10200215,A1,新北市,新莊區,新北市新莊區思源路117號(2層)、119號、119號2樓、121號2樓、123號2樓,121.460067749,25.0491962433,B,喘息服務,新北市,板橋區;三重區;中和區;永和區;新莊區;新店區;樹林區;鶯歌區;三峽區;淡水區;汐止區;瑞芳區;土城區;蘆洲區;五股區;泰山區;林口區;深坑區;石碇區;坪林區;三芝區;石門區;八里區;平溪區;雙溪區;貢寮區;金山區;萬里區;烏來區,02-8992-0125,jiaan102@gmail.com,王宇文,20250101.0,20271231.0,20241227 14:25:27
新北市私立保安老人長期照顧中心(養護型),A10200232,A1,新北市,樹林區,新北市樹林區保安街二段64號4樓、64號5樓、64號6樓,121.4155426025,25.0026454926,B,喘息服務,桃園市,桃園區;中壢區;大溪區;楊梅區;蘆竹區;大園區;龜山區;八德區;龍潭區;平鎮區;新屋區;觀音區;復興區,26863810,nbaoan66@gmail.com,唐台勇,20240105.0,20251231.0,20240105 13:03:29
新北市私立安濟老人長期照顧中心(養護型),A10200286,A1,新北市,汐止區,新北市汐止區福德一路351巷11弄18號2樓,121.6304244995,25.0615024567,B,喘息服務,新北市,板橋區;三重區;中和區;永和區;新莊區;新店區;樹林區;鶯歌區;三峽區;淡水區;汐止區;瑞芳區;土城區;蘆洲區;五股區;泰山區;林口區;深坑區;石碇區;坪林區;三芝區;石門區;八里區;平溪區;雙溪區;貢寮區;金山區;萬里區;烏來區,02-26951800,Anji0226951800@gmail.com,吳靜宜,20250101.0,20271231.0,20250221 09:23:44
佛教慈濟醫療財團法人台北慈濟醫院,B20200029,B2,新北市,新店區,新北市新店區復興里建國路289號,121.5356750488,24.9860630035,B,專業照護服務,新北市,中和區;永和區;新店區,(02)66289779,maggie16471@tzuchi.com.tw,趙有誠,20220101.0,20241231.0,20220314 15:42:54
天主教耕莘醫療財團法人永和耕莘醫院,B20200030,B2,新北市,永和區,新北市永和區永興里中興街80號,121.5177307129,25.0118751526,B,營養餐飲服務,新北市,永和區,02-29286060,ltcabc.cthyh@gmail.com,趙嘉倫,20250101.0,20250131.0,20250122 14:38:47
佛教慈濟醫療財團法人台北慈濟醫院,B20200029,B2,新北市,新店區,新北市新店區復興里建國路289號,121.5356750488,24.9860630035,A,個案管理服務,新北市,板橋區;中和區;永和區;新店區,(02)66289779,maggie16471@tzuchi.com.tw,趙有誠,20250101.0,20250630.0,20241231 15:14:06
天主教耕莘醫療財團法人永和耕莘醫院,B20200030,B2,新北市,永和區,新北市永和區永興里中興街80號,121.5177307129,25.0118751526,B,專業照護服務,新北市,中和區;永和區,02-29286060,ltcabc.cthyh@gmail.com,趙嘉倫,20220101.0,20241231.0,20220322 17:14:20
佛教慈濟醫療財團法人台北慈濟醫院,B20200029,B2,新北市,新店區,新北市新店區復興里建國路289號,121.5356750488,24.9860630035,B,專業照護服務(CC01),新北市,板橋區;三重區;中和區;永和區;新莊區;新店區;樹林區;鶯歌區;三峽區;淡水區;汐止區;瑞芳區;土城區;蘆洲區;五股區;泰山區;林口區;深坑區;石碇區;坪林區;三芝區;石門區;八里區;平溪區;雙溪區;貢寮區;金山區;萬里區;烏來區,(02)66289779,maggie16471@tzuchi.com.tw,趙有誠,20220101.0,20241231.0,20230802 17:19:14
佛教慈濟醫療財團法人台北慈濟醫院,B20200029,B2,新北市,新店區,新北市新店區復興里建國路289號,121.5356750488,24.9860630035,B,專業照護服務(CC01),新北市,中和區;永和區;新店區,(02)66289779,maggie16471@tzuchi.com.tw,趙有誠,20250101.0,20271231.0,20250110 14:43:32
天主教耕莘醫療財團法人永和耕莘醫院,B20200030,B2,新北市,永和區,新北市永和區永興里中興街80號,121.5177307129,25.0118751526,A,個案管理服務,新北市,永和區,02-29286060,ltcabc.cthyh@gmail.com,趙嘉倫,20250101.0,20250630.0,20241231 16:20:02
天主教耕莘醫療財團法人永和耕莘醫院,B20200030,B2,新北市,永和區,新北市永和區永興里中興街80號,121.5177307129,25.0118751526,B,專業照護服務,新北市,中和區;永和區,02-29286060,ltcabc.cthyh@gmail.com,趙嘉倫,20250101.0,20271231.0,20241225 16:55:31
天主教耕莘醫療財團法人永和耕莘醫院,B20200030,B2,新北市,永和區,新北市永和區永興里中興街80號,121.5177307129,25.0118751526,B,專業照護服務(CC01),新北市,中和區;永和區,02-29286060,ltcabc.cthyh@gmail.com,趙嘉倫,20250101.0,20271231.0,20241225 16:55:48
天主教耕莘醫療財團法人永和耕莘醫院,B20200030,B2,新北市,永和區,新北市永和區永興里中興街80號,121.5177307129,25.0118751526,B,喘息服務,新北市,中和區;永和區,02-29286060,ltcabc.cthyh@gmail.com,趙嘉倫,20250101.0,20271231.0,20241225 16:56:34
佛教慈濟醫療財團法人台北慈濟醫院,B20200029,B2,新北市,新店區,新北市新店區復興里建國路289號,121.5356750488,24.9860630035,C,巷弄長照站,新北市,新店區,(02)66289779,maggie16471@tzuchi.com.tw,趙有誠,20230101.0,20231231.0,20230630 15:31:59
天主教耕莘醫療財團法人永和耕莘醫院,B20200030,B2,新北市,永和區,新北市永和區永興里中興街80號,121.5177307129,25.0118751526,B,專業照護服務(CC01),新北市,板橋區;三重區;中和區;永和區;新莊區;新店區;樹林區;鶯歌區;三峽區;淡水區;汐止區;瑞芳區;土城區;蘆洲區;五股區;泰山區;林口區;深坑區;石碇區;坪林區;三芝區;石門區;八里區;平溪區;雙溪區;貢寮區;金山區;萬里區;烏來區,02-29286060,ltcabc.cthyh@gmail.com,趙嘉倫,20220101.0,20241231.0,20230802 17:19:14
慈英居家護理所,B10200075,B1,新北市,泰山區,新北市泰山區貴子路9巷10弄6號,121.4255828857,25.0426712036,B,專業照護服務,新北市,新莊區;樹林區;五股區;泰山區,(02)29020075,e233947@yahoo.com.tw,陸芙英,20250101.0,20271231.0,20241224 15:34:54
新北市私立連城老人長期照顧中心(養護型),A10200324,A1,新北市,中和區,新北市中和區板南路337號4樓,121.493850708,24.9981784821,B,喘息服務,新北市,板橋區;三重區;中和區;永和區;新莊區;新店區;樹林區;鶯歌區;三峽區;淡水區;汐止區;瑞芳區;土城區;蘆洲區;五股區;泰山區;林口區;深坑區;石碇區;坪林區;三芝區;石門區;八里區;平溪區;雙溪區;貢寮區;金山區;萬里區;烏來區,02-22479996,seedling337@gmail.com,羅至宏,20250101.0,20271231.0,20250106 08:47:25
慈英居家護理所,B10200075,B1,新北市,泰山區,新北市泰山區貴子路9巷10弄6號,121.4255828857,25.0426712036,B,專業照護服務,新北市,新莊區;樹林區;五股區;泰山區,(02)29020075,e233947@yahoo.com.tw,陸芙英,20220101.0,20241231.0,20220315 09:56:12
新北市私立長勤老人長期照顧中心(養護型),A10200325,A1,新北市,三芝區,新北市三芝區長勤街63號,121.4998626709,25.2559719086,B,喘息服務,新北市,板橋區;三重區;中和區;永和區;新莊區;新店區;樹林區;鶯歌區;三峽區;淡水區;汐止區;瑞芳區;土城區;蘆洲區;五股區;泰山區;林口區;深坑區;石碇區;坪林區;三芝區;石門區;八里區;平溪區;雙溪區;貢寮區;金山區;萬里區;烏來區,02-26366887,longgreencare@gmail.com,高唯斯,20250101.0,20271231.0,20250103 15:00:21
曉依語言治療所,B70200003,B7,新北市,新莊區,新北市新莊區中央路303號3樓,121.4514312744,25.0588188171,B,專業照護服務,新北市,新莊區;泰山區,922024698,hsiaoyist@gmail.com,陳曉依,20220101.0,20241231.0,20220321 14:42:41
福康居家護理所,B10200077,B1,新北市,土城區,新北市土城區學享街58號9樓之9,121.4522323608,24.9863758087,B,專業照護服務,新北市,板橋區;中和區;新莊區;樹林區;土城區,02-82625224,cicic50@gmail.com,張慧娟,20220101.0,20241231.0,20220318 08:45:52
永愛居家長照有限公司附設新北市私立永愛居家長照機構,1X0200019,1,新北市,汐止區,新北市汐止區復興里新台五路一段159號14樓,121.6567840576,25.0633678436,B,喘息服務,臺北市,中山區;南港區;內湖區,02-26430199,999younai@gmail.com,王薏茹,20200609.0,20241231.0,20221229 21:34:28
永愛居家長照有限公司附設新北市私立永愛居家長照機構,1X0200019,1,新北市,汐止區,新北市汐止區復興里新台五路一段159號14樓,121.6567840576,25.0633678436,B,居家服務,新北市,汐止區,02-26430199,999younai@gmail.com,王薏茹,20250101.0,20271231.0,20241224 13:50:06
財團法人新北市私立雙連社會福利慈善事業基金會附設新北市新莊昌平社區長照機構,2S0200021,2,新北市,新莊區,新北市新莊區昌平里中央路51號2樓,121.4569778442,25.0585861206,B,營養餐飲服務,新北市,新莊區,02-85217872#316,joanna@slswf.org.tw,蔡政道,20220101.0,20241231.0,20220323 14:01:18
永愛居家長照有限公司附設新北市私立永愛居家長照機構,1X0200019,1,新北市,汐止區,新北市汐止區復興里新台五路一段159號14樓,121.6567840576,25.0633678436,B,居家服務,臺北市,松山區;南港區;內湖區,02-26430199,999younai@gmail.com,王薏茹,20200518.0,20261231.0,20231229 16:44:22
永愛居家長照有限公司附設新北市私立永愛居家長照機構,1X0200019,1,新北市,汐止區,新北市汐止區復興里新台五路一段159號14樓,121.6567840576,25.0633678436,B,喘息服務,臺北市,松山區;南港區;內湖區,02-26430199,999younai@gmail.com,王薏茹,20250101.0,20261231.0,20241122 15:30:45
財團法人新北市私立雙連社會福利慈善事業基金會附設新北市新莊昌平社區長照機構,2S0200021,2,新北市,新莊區,新北市新莊區昌平里中央路51號2樓,121.4569778442,25.0585861206,B,日間照顧服務,新北市,新莊區,02-85217872#316,joanna@slswf.org.tw,蔡政道,20250101.0,20271231.0,20241218 14:02:16
財團法人新北市私立雙連社會福利慈善事業基金會附設新北市新莊頭前社區長照機構,2S0200022,2,新北市,新莊區,新北市新莊區思賢里長青街30號1至3樓,121.4565429688,25.0423221588,B,日間照顧服務,新北市,新莊區,02-85217872#316,joanna@slswf.org.tw,蔡政道,20250101.0,20271231.0,20241205 10:41:45
佳藥長照藥局,B30200020,B3,新北市,淡水區,新北市淡水區學府路75號1樓,121.4483795166,25.1699790955,B,專業照護服務,新北市,淡水區,02-26211321,jiayao1321@gmail.com,張倪芳,20250101.0,20271231.0,20241218 14:39:43
上新居家職能治療所,B50200004,B5,新北市,新莊區,新北市新莊區福美街62巷6號15樓,121.4614868164,25.0547332764,B,專業照護服務(CC01),新北市,板橋區;三重區;中和區;永和區;新莊區;新店區;樹林區;鶯歌區;三峽區;淡水區;汐止區;瑞芳區;土城區;蘆洲區;五股區;泰山區;林口區;深坑區;石碇區;坪林區;三芝區;石門區;八里區;平溪區;雙溪區;貢寮區;金山區;萬里區;烏來區,0987088845,npyuan0713@yahoo.com.tw,袁寧蘋,20220101.0,20241231.0,20230802 17:19:14
上新居家職能治療所,B50200004,B5,新北市,新莊區,新北市新莊區福美街62巷6號15樓,121.4614868164,25.0547332764,B,專業照護服務,新北市,板橋區;三重區;中和區;永和區;新莊區;新店區;樹林區;鶯歌區;三峽區;淡水區;汐止區;瑞芳區;土城區;蘆洲區;五股區;泰山區;林口區;深坑區;石碇區;坪林區;三芝區;石門區;八里區;平溪區;雙溪區;貢寮區;金山區;萬里區;烏來區,0987088845,npyuan0713@yahoo.com.tw,袁寧蘋,20250101.0,20271231.0,20241220 09:48:47
台灣真善美居服股份有限公司附設新北市私立真善美居家長照機構,1V0200004,1,新北市,板橋區,新北市板橋區民生路一段3號16樓之3(H室),121.4620285034,25.0154628754,A,個案管理服務,新北市,板橋區;新莊區;淡水區,8969-8032,tgn82848095@gmail.com,王慧中,20250101.0,20250630.0,20241231 14:34:27
永愛居家長照有限公司附設新北市私立永愛居家長照機構,1X0200019,1,新北市,汐止區,新北市汐止區復興里新台五路一段159號14樓,121.6567840576,25.0633678436,B,喘息服務,新北市,汐止區,02-26430199,999younai@gmail.com,王薏茹,20250101.0,20271231.0,20241224 13:50:25
社團法人中華兩岸養老產業發展協會附設新北市私立板橋海山社區長照機構,2R0200003,2,新北市,板橋區,新北市板橋區深丘里長安街253號1樓及2樓,121.4727859497,25.0102138519,B,日間照顧服務,新北市,板橋區;三重區;中和區;永和區;新莊區;樹林區;土城區,02-89520151,haishan201410@gmail.com,黃明發,20250101.0,20271231.0,20241219 14:08:08
社團法人中華兩岸養老產業發展協會附設新北市私立板橋海山社區長照機構,2R0200003,2,新北市,板橋區,新北市板橋區深丘里長安街253號1樓及2樓,121.4727859497,25.0102138519,B,喘息服務,新北市,板橋區;三重區;中和區;永和區;新莊區;樹林區;土城區,02-89520151,haishan201410@gmail.com,黃明發,20250101.0,20271231.0,20241219 14:08:46
財團法人新北市私立雙連社會福利慈善事業基金會附設新北市新莊頭前社區長照機構,2S0200022,2,新北市,新莊區,新北市新莊區思賢里長青街30號1至3樓,121.4565429688,25.0423221588,B,喘息服務,新北市,新莊區,02-85217872#316,joanna@slswf.org.tw,蔡政道,20250101.0,20271231.0,20241205 10:42:12
財團法人新北市私立雙連社會福利慈善事業基金會附設新北市新莊昌平社區長照機構,2S0200021,2,新北市,新莊區,新北市新莊區昌平里中央路51號2樓,121.4569778442,25.0585861206,B,營養餐飲服務,新北市,新莊區,02-85217872#316,joanna@slswf.org.tw,蔡政道,20250101.0,20250131.0,20250122 14:42:19
財團法人新北市私立雙連社會福利慈善事業基金會附設新北市新莊昌平社區長照機構,2S0200021,2,新北市,新莊區,新北市新莊區昌平里中央路51號2樓,121.4569778442,25.0585861206,B,喘息服務,新北市,新莊區,02-85217872#316,joanna@slswf.org.tw,蔡政道,20250101.0,20271231.0,20241218 14:02:41
醫療財團法人徐元智先生醫藥基金會亞東紀念醫院(醫事C),B20200043,B2,新北市,板橋區,新北市板橋區華東里南雅南路二段118號1樓,121.4530563354,25.0002307892,C,巷弄長照站,新北市,板橋區,02-77282243,pd20140026@gmail.com,林芳郁,20190401.0,20211231.0,20210525 17:16:04
佳藥長照藥局,B30200020,B3,新北市,淡水區,新北市淡水區學府路75號1樓,121.4483795166,25.1699790955,B,專業照護服務,新北市,淡水區,02-26211321,jiayao1321@gmail.com,張倪芳,20220101.0,20241231.0,20220301 15:33:29
駿德租賃有限公司,BA0200001,BA,新北市,土城區,新北市土城區福仁街60巷1號,121.4393920898,24.9746723175,B,交通接送服務,新北市,板橋區;三重區;中和區;永和區;新莊區;新店區;樹林區;鶯歌區;三峽區;汐止區;瑞芳區;土城區;蘆洲區;五股區;泰山區;林口區;深坑區;石碇區;坪林區;八里區;平溪區;烏來區,02-29514338,qqoo123400@gmail.com,林育德,20250101.0,20271231.0,20241226 11:57:49
東南社區發展協會(社照c),BF0200028,BF,新北市,林口區,新北市林口區東勢里麗園二街1巷4號,121.3774032593,25.0700035095,C,巷弄長照站,新北市,林口區,(02)26095928,seca.org@msa.hinet.net,薛純良,20220101.0,20221231.0,20220503 09:05:04
新北市鶯歌區永昌社區發展協會(社照C),BF0200041,BF,新北市,鶯歌區,新北市鶯歌區永昌里永昌街36-1號,121.3426589966,24.950088501,C,巷弄長照站,新北市,鶯歌區,0919954187,yccu2022@gmail.com,游武雄,20240101.0,20241231.0,20240707 14:32:53
新北市三重區民俗文化協會(社照C),BF0200010,BF,新北市,三重區,新北市三重區承德里龍門路272-1號3樓,121.501449585,25.0741767883,C,巷弄長照站,新北市,三重區,(02)29720878,wendy@fortunetour.net,林玟彣,20220101.0,20231231.0,20230530 18:43:46
社團法人新北市社區工作者協會(社照C),BE0200011,BE,新北市,貢寮區,新北市貢寮區貢寮里29巷14之一號,121.9079284668,25.0190372467,C,巷弄長照站,新北市,貢寮區,(02)24942772,tallest999@gmail.com,黃寧秋,20220101.0,20221231.0,20220503 10:17:16
新北市土城區雲溪社區發展協會(社照C),BF0200011,BF,新北市,土城區,新北市土城區清溪里清水路243號1樓,121.4614944458,24.9834327698,C,巷弄長照站,新北市,土城區,(02)82603360,chen570830@yahoo.com.tw,簡碧玲,20220101.0,20221231.0,20220502 16:39:26
社團法人中華培愛全人關懷協會中華培愛全人關懷協會(社照C),BE0200014,BE,新北市,新莊區,新北市新莊區雙鳳里中正路708號3樓,121.4165496826,25.0251464844,C,巷弄長照站,新北市,新莊區,(02)2903-1191,aa0939772905@gmail.com,高恩堂,20240101.0,20241231.0,20240704 15:27:19
財團法人介惠社會福利慈善基金會新北市金山金包里公共托老中心(社照C),BD0200015,BD,新北市,金山區,新北市金山區金美里中山路257號1、2樓,121.6368255615,25.2221260071,C,巷弄長照站,新北市,金山區,(02)24082114,chshen@jhf.org.tw,胡頤仁,20220101.0,20221231.0,20220503 09:08:05
新北市泰山區大科社區發展協會(社照C),BF0200033,BF,新北市,泰山區,新北市泰山區大科里大科一路69號,121.4047698975,25.0552253723,C,巷弄長照站,新北市,泰山區,(02)29003236,qqqq29092746@yahoo.com.tw,蔡黃阿員,20220101.0,20221231.0,20220503 09:11:18
財團法人台灣省私立健順養護中心,A10200303,A1,新北市,深坑區,新北市深坑區昇高里王軍寮9號,121.6163024902,24.9824542999,A,個案管理服務,臺北市,中山區,,d6622499@ms26.hinet.net,廖慧媛,20230424.0,20241231.0,20230425 17:21:38
財團法人台灣省私立健順養護中心,A10200303,A1,新北市,深坑區,新北市深坑區昇高里王軍寮9號,121.6163024902,24.9824542999,A,個案管理服務,臺北市,中山區,,d6622499@ms26.hinet.net,廖慧媛,20230101.0,20261231.0,20231229 17:08:58
財團法人台灣省私立健順養護中心,A10200303,A1,新北市,深坑區,新北市深坑區昇高里王軍寮9號,121.6163024902,24.9824542999,A,個案管理服務,臺北市,松山區,,d6622499@ms26.hinet.net,廖慧媛,20250101.0,20261231.0,20241231 20:21:13
財團法人台灣省私立健順養護中心,A10200303,A1,新北市,深坑區,新北市深坑區昇高里王軍寮9號,121.6163024902,24.9824542999,A,個案管理服務,臺北市,中山區,,d6622499@ms26.hinet.net,廖慧媛,20250101.0,20261231.0,20241231 20:22:29
新北市私立廣權老人長期照顧中心(養護型),A10200302,A1,新北市,板橋區,新北市板橋區廣權路2號5樓,121.4602966309,24.9908828735,B,喘息服務,新北市,板橋區;三重區;中和區;永和區;新莊區;新店區;樹林區;鶯歌區;三峽區;淡水區;汐止區;瑞芳區;土城區;蘆洲區;五股區;泰山區;林口區;深坑區;石碇區;坪林區;三芝區;石門區;八里區;平溪區;雙溪區;貢寮區;金山區;萬里區;烏來區,02-89514712,guangquan4712@gmail.com,王季柔,20250101.0,20271231.0,20250110 14:59:34
有限責任新北市愛齡照護服務勞動合作社附設新北市私立到咖手居家長照機構,1R0200007,1,新北市,板橋區,新北市板橋區明德街21號2樓,121.4592819214,25.0100479126,B,居家服務,臺北市,大安區;中山區;中正區;大同區,02-22726233,op@docaso885.com,林昌坤,20220902.0,20261231.0,20231229 16:40:50
有限責任新北市愛齡照護服務勞動合作社附設新北市私立到咖手居家長照機構,1R0200007,1,新北市,板橋區,新北市板橋區明德街21號2樓,121.4592819214,25.0100479126,B,喘息服務,臺北市,松山區;信義區;大安區;中山區;中正區;大同區,02-22726233,op@docaso885.com,林昌坤,20200703.0,20241231.0,20221230 15:06:37
有限責任新北市愛齡照護服務勞動合作社附設新北市私立到咖手居家長照機構,1R0200007,1,新北市,板橋區,新北市板橋區明德街21號2樓,121.4592819214,25.0100479126,B,居家服務,新北市,板橋區;三重區;中和區;永和區;新莊區;新店區;土城區,02-22726233,op@docaso885.com,林昌坤,20250101.0,20271231.0,20241216 14:46:15
有限責任新北市愛齡照護服務勞動合作社附設新北市私立到咖手居家長照機構,1R0200007,1,新北市,板橋區,新北市板橋區明德街21號2樓,121.4592819214,25.0100479126,B,喘息服務,新北市,板橋區;三重區;中和區;永和區;新莊區;新店區;土城區,02-22726233,op@docaso885.com,林昌坤,20250101.0,20271231.0,20241216 14:48:46
新北市三峽區原住民族發展協進會(社照C),BF0200047,BF,新北市,三峽區,新北市三峽區鳶山里介壽里中山路257巷35號7樓,121.3624343872,24.937335968,C,巷弄長照站,新北市,三峽區,928567252,123@gmail.com,林建華,20240101.0,20241231.0,20240707 14:37:37
有限責任新北市愛齡照護服務勞動合作社附設新北市私立到咖手居家長照機構,1R0200007,1,新北市,板橋區,新北市板橋區明德街21號2樓,121.4592819214,25.0100479126,B,喘息服務,臺北市,松山區;信義區;大安區;中山區;中正區;大同區,02-22726233,op@docaso885.com,林昌坤,20250101.0,20261231.0,20241122 14:42:57
財團法人台灣省私立健順養護中心,A10200303,A1,新北市,深坑區,新北市深坑區昇高里王軍寮9號,121.6163024902,24.9824542999,B,喘息服務,新北市,板橋區;三重區;中和區;永和區;新莊區;新店區;樹林區;鶯歌區;三峽區;淡水區;汐止區;瑞芳區;土城區;蘆洲區;五股區;泰山區;林口區;深坑區;石碇區;坪林區;三芝區;石門區;八里區;平溪區;雙溪區;貢寮區;金山區;萬里區;烏來區,,d6622499@ms26.hinet.net,廖慧媛,20250101.0,20271231.0,20250114 10:04:21
財團法人台灣省私立健順養護中心,A10200303,A1,新北市,深坑區,新北市深坑區昇高里王軍寮9號,121.6163024902,24.9824542999,B,喘息服務,臺北市,松山區;信義區;大安區;中山區;中正區;大同區;萬華區;文山區;南港區;內湖區;士林區;北投區,,d6622499@ms26.hinet.net,廖慧媛,20230101.0,20261231.0,20231229 17:08:58
財團法人台灣省私立健順養護中心,A10200303,A1,新北市,深坑區,新北市深坑區昇高里王軍寮9號,121.6163024902,24.9824542999,A,個案管理服務,臺北市,中山區,,d6622499@ms26.hinet.net,廖慧媛,20250101.0,20261231.0,20241231 20:24:05
財團法人台灣省私立健順養護中心,A10200303,A1,新北市,深坑區,新北市深坑區昇高里王軍寮9號,121.6163024902,24.9824542999,A,個案管理服務,臺北市,松山區,,d6622499@ms26.hinet.net,廖慧媛,20230101.0,20241231.0,20230626 14:54:57
上新居家職能治療所,B50200004,B5,新北市,新莊區,新北市新莊區福美街62巷6號15樓,121.4614868164,25.0547332764,B,專業照護服務,新北市,板橋區;三重區;中和區;永和區;新莊區;新店區;樹林區;鶯歌區;三峽區;淡水區;汐止區;瑞芳區;土城區;蘆洲區;五股區;泰山區;林口區;深坑區;石碇區;坪林區;三芝區;石門區;八里區;平溪區;雙溪區;貢寮區;金山區;萬里區;烏來區,0987088845,npyuan0713@yahoo.com.tw,袁寧蘋,20220101.0,20241231.0,20220315 10:43:11
上新居家職能治療所,B50200004,B5,新北市,新莊區,新北市新莊區福美街62巷6號15樓,121.4614868164,25.0547332764,B,專業照護服務(CC01),新北市,板橋區;三重區;中和區;永和區;新莊區;新店區;樹林區;鶯歌區;三峽區;淡水區;汐止區;瑞芳區;土城區;蘆洲區;五股區;泰山區;林口區;深坑區;石碇區;坪林區;三芝區;石門區;八里區;平溪區;雙溪區;貢寮區;金山區;萬里區;烏來區,0987088845,npyuan0713@yahoo.com.tw,袁寧蘋,20250101.0,20271231.0,20241220 09:49:06
佳藥長照藥局,B30200020,B3,新北市,淡水區,新北市淡水區學府路75號1樓,121.4483795166,25.1699790955,A,個案管理服務,新北市,淡水區,02-26211321,jiayao1321@gmail.com,張倪芳,20250101.0,20250630.0,20241231 16:09:27
國際奔享體驗教育發展協會(社照C),BE0200027,BE,新北市,新莊區,新北市新莊區丹鳳里天祥街120巷6號,121.4147033691,25.0299625397,C,巷弄長照站,新北市,新莊區,0953425500,hingis0721@gmail.com,曾美蘭,20240101.0,20241231.0,20240704 15:11:58
新北市私立立穎居家長照機構,1X0200020,1,新北市,中和區,新北市中和區立德街204號3樓,121.5117874146,24.9852313995,A,個案管理服務,新北市,中和區;永和區,02-86686651,liinhomecare@gmail.com,周惠貞,20250101.0,20250630.0,20241231 16:11:20
新北市私立立穎居家長照機構,1X0200020,1,新北市,中和區,新北市中和區立德街204號3樓,121.5117874146,24.9852313995,B,喘息服務,新北市,板橋區;中和區;永和區;新莊區;淡水區;土城區;三芝區;石門區;烏來區,02-86686651,liinhomecare@gmail.com,周惠貞,20250101.0,20271231.0,20241217 11:09:49
財團法人一粒麥子社會福利慈善事業基金會(嶺腳里)(社照C),BD0200028,BD,新北市,新店區,新北市新店區民權路42巷59弄12號5樓,121.5378189087,24.9811306,C,巷弄長照站,新北市,平溪區,02-89117897 #12、#15,W104116@wheat.org.tw,呂信雄,20230101.0,20231231.0,20230530 16:54:07
新北市平溪區菁桐社區發展協會(社照C),BF0200065,BF,新北市,平溪區,新北市平溪區菁桐里菁桐街65-1號,121.7261657715,25.0235347748,C,巷弄長照站,新北市,平溪區,,hokedrse@gmail.com,楊明益,20230101.0,20231231.0,20230530 16:57:02
財團法人一粒麥子社會福利慈善事業基金會(嶺腳里)(社照C),BD0200028,BD,新北市,新店區,新北市新店區民權路42巷59弄12號5樓,121.5378189087,24.9811306,B,交通接送服務,新北市,深坑區;石碇區;平溪區,02-89117897 #12、#15,W104116@wheat.org.tw,呂信雄,20250101.0,20271231.0,20241220 11:47:17
三芝區三和社區照顧關懷據點(社照C),BF0200051,BF,新北市,三芝區,新北市三芝區新庄里新庄里番社后3-1號,121.5018234253,25.2671985626,C,巷弄長照站,新北市,三芝區,(02)26365499,info@slsf.org.tw,蔡政道,20220101.0,20221231.0,20220502 16:08:41
自己人居家物理治療所-鶯歌南鶯據點(醫事C),B40200011,B4,新北市,鶯歌區,新北市鶯歌區南鶯里育才街90號1樓,121.3486404419,24.9549636841,B,喘息服務,新北市,樹林區;鶯歌區;三峽區,02-26799626,ben06066@gmail.com,陳星叡,20250101.0,20271231.0,20241226 09:24:49
沛迪兒物理治療所,B40200008,B4,新北市,淡水區,新北市淡水區清水街34巷9號1樓,121.4446411133,25.1708507538,B,專業照護服務(CC01),新北市,板橋區;三重區;中和區;永和區;新莊區;新店區;樹林區;鶯歌區;三峽區;淡水區;汐止區;瑞芳區;土城區;蘆洲區;五股區;泰山區;林口區;深坑區;石碇區;坪林區;三芝區;石門區;八里區;平溪區;雙溪區;貢寮區;金山區;萬里區;烏來區,921855280,pediaptc@gmail.com,高瑋鈴,20220101.0,20241231.0,20230802 17:19:14
沛迪兒物理治療所,B40200008,B4,新北市,淡水區,新北市淡水區清水街34巷9號1樓,121.4446411133,25.1708507538,B,專業照護服務,新北市,板橋區;三重區;中和區;永和區;新莊區;樹林區;三峽區;淡水區;土城區;蘆洲區;五股區;八里區,921855280,pediaptc@gmail.com,高瑋鈴,20250101.0,20271231.0,20241219 11:56:57
沛迪兒物理治療所,B40200008,B4,新北市,淡水區,新北市淡水區清水街34巷9號1樓,121.4446411133,25.1708507538,B,專業照護服務(CC01),新北市,板橋區;三重區;中和區;永和區;新莊區;樹林區;三峽區;淡水區;土城區;蘆洲區;五股區;八里區,921855280,pediaptc@gmail.com,高瑋鈴,20250101.0,20271231.0,20241219 11:57:31
天文大藥局,B30200010,B3,新北市,淡水區,新北市淡水區新春街136號,121.4412384033,25.181596756,B,專業照護服務,新北市,淡水區,02-86312050,everu008@gmail.com,王玥玓,20220101.0,20241231.0,20220318 11:28:27
沛迪兒物理治療所,B40200008,B4,新北市,淡水區,新北市淡水區清水街34巷9號1樓,121.4446411133,25.1708507538,B,專業照護服務,新北市,板橋區;三重區;中和區;永和區;新莊區;樹林區;三峽區;淡水區;土城區;蘆洲區;五股區;八里區,921855280,pediaptc@gmail.com,高瑋鈴,20220101.0,20241231.0,20220325 11:53:38
天文大藥局,B30200010,B3,新北市,淡水區,新北市淡水區新春街136號,121.4412384033,25.181596756,A,個案管理服務,新北市,淡水區;蘆洲區;八里區,02-86312050,everu008@gmail.com,王玥玓,20250101.0,20250630.0,20241231 16:14:53
新北市私立好家園老人長期照顧中心(養護型),A10200328,A1,新北市,汐止區,新北市汐止區興福里福德路38號2樓,121.635635376,25.0672550201,B,喘息服務,臺北市,松山區;信義區;大安區;中山區;中正區;大同區;萬華區;文山區;南港區;內湖區;士林區;北投區,02-26926777,goodhomeland123@gmail.com,李質穎,20210507.0,20241231.0,20221229 21:49:45
財團法人一粒麥子社會福利慈善事業基金會(嶺腳里)(社照C),BD0200028,BD,新北市,新店區,新北市新店區民權路42巷59弄12號5樓,121.5378189087,24.9811306,B,營養餐飲服務,新北市,平溪區,02-89117897 #12、#15,W104116@wheat.org.tw,呂信雄,20220101.0,20241231.0,20220318 08:41:44
財團法人一粒麥子社會福利慈善事業基金會(嶺腳里)(社照C),BD0200028,BD,新北市,新店區,新北市新店區民權路42巷59弄12號5樓,121.5378189087,24.9811306,B,營養餐飲服務,新北市,平溪區,02-89117897 #12、#15,W104116@wheat.org.tw,呂信雄,20250101.0,20250131.0,20250122 14:39:18
財團法人台北市立心慈善基金會附設新北市私立三重溪美社區長照機構,2S0200017,2,新北市,三重區,新北市三重區溪美里溪尾街73號5樓,121.4906005859,25.0778560638,B,日間照顧服務,新北市,三重區,02-29763458,lishin.ximei@gmail.com,洪金桐,20250101.0,20271231.0,20241225 14:01:39
新北市私立立穎居家長照機構,1X0200020,1,新北市,中和區,新北市中和區立德街204號3樓,121.5117874146,24.9852313995,B,居家服務,臺北市,松山區;信義區;大安區;北投區,02-86686651,liinhomecare@gmail.com,周惠貞,20200622.0,20240331.0,20240313 18:11:00
新北市私立立穎居家長照機構,1X0200020,1,新北市,中和區,新北市中和區立德街204號3樓,121.5117874146,24.9852313995,B,居家服務,新北市,板橋區;中和區;永和區;新莊區;淡水區;土城區;三芝區;石門區;烏來區,02-86686651,liinhomecare@gmail.com,周惠貞,20250101.0,20271231.0,20241217 11:08:54
財團法人私立廣恩老人養護中心附設新北市私立瑞芳明燈社區長照機構,2S0200018,2,新北市,瑞芳區,新北市瑞芳區龍興里明燈路三段2號2樓,121.8088989258,25.1077709198,B,喘息服務,新北市,瑞芳區,02-24063888,rueifang103@gmail.com,林偉峰,20250101.0,20271231.0,20241226 11:11:57
財團法人私立廣恩老人養護中心附設新北市私立瑞芳明燈社區長照機構,2S0200018,2,新北市,瑞芳區,新北市瑞芳區龍興里明燈路三段2號2樓,121.8088989258,25.1077709198,B,社區式交通接送服務(BD03),基隆市,中正區;信義區,02-24063888,rueifang103@gmail.com,林偉峰,20250422.0,20270330.0,20250418 08:57:09
新北市私立樂智居家長照機構,1X0200018,1,新北市,中和區,新北市中和區中正路1207號2樓之2,121.4800033569,25.0101394653,B,居家服務,新北市,板橋區;中和區,02-22710871,aa5174aa@gmail.com,許雅婷,20250101.0,20250331.0,20250402 15:40:33
社團法人台灣樂活服務發展協會道生莒光教會社區關懷站(社照C),BE0200028,BE,新北市,中和區,新北市中和區明穗里新北市中和區民享街90巷16號,121.4738693237,25.0002250671,C,巷弄長照站,新北市,中和區,0939192756,o1219.show@gmail.com,馬瑞辰,20220101.0,20221231.0,20220502 16:56:08
新北市樹林區原住民族發展協進會-新北市樹林區部落文化健康站(原民C),BF0200075,BF,新北市,樹林區,新北市樹林區中山里中山路三段40號3樓,121.3946685791,24.9726524353,C,巷弄長照站,新北市,樹林區,02-35016895,api.ako8278@gmail.com,陳宗伶,20190101.0,20191231.0,20190912 15:51:40
國軍退除役官兵輔導委員會板橋榮譽國民之家附設新北市板橋憶樂社區長照機構(板橋憶樂公共托老中心),2F0200001,2,新北市,板橋區,新北市板橋區大觀路二段32號,121.4455337524,25.0012245178,B,日間照顧服務,新北市,板橋區,02-22755157#333,vhpc.hc22755157@gmail.com,陳桂美,20250101.0,20271231.0,20250113 10:19:47
新北市私立仁惠老人長期照顧中心(養護型),A10200336,A1,新北市,三芝區,新北市三芝區古庄里四棧橋53之11號1樓,121.4829940796,25.2651329041,B,喘息服務,新北市,板橋區;三重區;中和區;永和區;新莊區;新店區;樹林區;鶯歌區;三峽區;淡水區;汐止區;瑞芳區;土城區;蘆洲區;五股區;泰山區;林口區;深坑區;石碇區;坪林區;三芝區;石門區;八里區;平溪區;雙溪區;貢寮區;金山區;萬里區;烏來區,2636-3222,RH5311@yahoo.com,楊品羚,20250101.0,20271231.0,20250103 11:15:35
新北市樹林區原住民族發展協進會-新北市樹林區部落文化健康站(原民C),BF0200075,BF,新北市,樹林區,新北市樹林區中山里中山路三段40號3樓,121.3946685791,24.9726524353,B,喘息服務,新北市,樹林區,02-35016895,api.ako8278@gmail.com,陳宗伶,20250101.0,20271231.0,20250113 10:01:43
財團法人天下為公社會福利慈善事業基金會-雙溪新基據點(社照C),BD0200040,BD,新北市,雙溪區,新北市雙溪區新基里016鄰新基西街19號,121.8653793335,25.0375728607,B,喘息服務,新北市,雙溪區,02-86488388,wba81597922@gmail.com,胡世賢,20250101.0,20271231.0,20250110 14:36:08
社團法人愛福家協會,BE0200024,BE,新北市,板橋區,新北市板橋區雙十路二段217號,121.4732284546,25.0290489197,B,喘息服務,臺北市,松山區;信義區;大安區;中山區;中正區;大同區;萬華區;文山區;南港區;內湖區;士林區;北投區,02-22500177,As03@ilive.org.tw,涂福增,20181001.0,20221231.0,20210421 16:50:16
新北市蘆洲區光明里辦公處(社照C),BG0200027,BG,新北市,蘆洲區,新北市蘆洲區中原里9鄰中正路241號3樓,121.4678268433,25.0867271423,C,巷弄長照站,新北市,蘆洲區,8285-1931,A28482962@yahoo.com.tw,陳文良,20220101.0,20221231.0,20220503 10:03:59
財團法人伊甸社會福利基金會-坪林水柳腳公共托老中心(社照C),BD0200036,BD,新北市,坪林區,新北市坪林區坪林里坪碇路6號,121.7052993774,24.9354152679,C,巷弄長照站,新北市,坪林區,0226658373,eden7787@eden.org.tw,成亮,20220101.0,20221231.0,20220503 09:53:08
財團法人台灣基督長老教會泰雅爾中會烏來教會,BD0200034,BD,新北市,烏來區,新北市烏來區烏來里環山路82巷3號,121.5485458374,24.8633842468,C,巷弄長照站,新北市,烏來區,02-26616172,yuminmaya@gmail.com,尤命．哈用,20190101.0,20191231.0,20200420 11:57:50
大立亨租賃有限公司,BA0200003,BA,新北市,新店區,新北市新店區北新路三段40號,121.5423202515,24.9797668457,B,交通接送服務,新北市,板橋區;三重區;中和區;永和區;新莊區;新店區;樹林區;土城區;蘆洲區;深坑區;石碇區;烏來區,02-29175757,a0922455004@gmail.com,林勝文,20250101.0,20271231.0,20241219 14:48:35
新北市生活關懷協會,BF0200085,BF,新北市,新莊區,新北市新莊區四維路125巷15之3號,121.423614502,25.0226707458,B,營養餐飲服務,新北市,石碇區,0978880536,ygz168@yahoo.com,孫德勝,20220101.0,20241231.0,20220408 16:17:27
社團法人中華民國香柏樹長者社區關懷協會(社照C),BE0200034,BE,新北市,新店區,新北市新店區復興里北新路三段225號3樓,121.5398406982,24.986082077,C,巷弄長照站,新北市,新店區,02-23632096,Kunlin65@gmail.com,蘇奕璋,20220101.0,20221231.0,20220503 10:28:01
社團法人博芳照顧關懷及共享協會(社照C),BE0200035,BE,新北市,三峽區,新北市三峽區礁溪里中華路15巷13號,121.3738632202,24.9314861298,C,巷弄長照站,新北市,三峽區,00,sw@hok.com.tw,朱雲鵬,20230101.0,20231231.0,20230526 11:09:09
新北市汐止區鄉長社區發展協會(社照C),BF0200087,BF,新北市,汐止區,新北市汐止區鄉長里長江街287-1號,121.6648254395,25.0816917419,C,巷弄長照站,新北市,汐止區,0935-979-999,Paul0518@outlook.com,蘇筠淇,20240101.0,20241231.0,20240514 14:09:30
新北市私立長恩老人長期照顧中心(養護型),A10200319,A1,新北市,新莊區,新北市新莊區海山里中正路387、389、393號4樓,121.4642944336,25.0405483246,B,喘息服務,新北市,板橋區;三重區;中和區;永和區;新莊區;新店區;樹林區;鶯歌區;三峽區;淡水區;汐止區;瑞芳區;土城區;蘆洲區;五股區;泰山區;林口區;深坑區;石碇區;坪林區;三芝區;石門區;八里區;平溪區;雙溪區;貢寮區;金山區;萬里區;烏來區,(02)22013158,changen3158@gmail.com,吳待芬,20250101.0,20271231.0,20241216 11:57:36
新北市私立迦勒老人長期照顧中心(養護型),A10200322,A1,新北市,土城區,新北市土城區延壽路9號,121.4713287354,24.9903087616,B,喘息服務,新北市,板橋區;三重區;中和區;永和區;新莊區;新店區;樹林區;鶯歌區;三峽區;淡水區;汐止區;瑞芳區;土城區;蘆洲區;五股區;泰山區;林口區;深坑區;石碇區;坪林區;三芝區;石門區;八里區;平溪區;雙溪區;貢寮區;金山區;萬里區;烏來區,(02)82621968,c09977584@gmail.com,林美燕,20250101.0,20271231.0,20241220 11:33:07
新北市私立祐安老人長期照顧中心(養護型),A10200323,A1,新北市,三重區,新北市三重區自強路四段6、8號3樓,121.4902191162,25.0786361694,B,喘息服務,新北市,板橋區;三重區;中和區;永和區;新莊區;新店區;樹林區;鶯歌區;三峽區;淡水區;汐止區;瑞芳區;土城區;蘆洲區;五股區;泰山區;林口區;深坑區;石碇區;坪林區;三芝區;石門區;八里區;平溪區;雙溪區;貢寮區;金山區;萬里區;烏來區,02-22866311,a004026x@yahoo.com.tw,黃鼎晉,20250101.0,20271231.0,20250113 10:51:06
新北市私立好家園老人長期照顧中心(養護型),A10200328,A1,新北市,汐止區,新北市汐止區興福里福德路38號2樓,121.635635376,25.0672550201,B,喘息服務,臺北市,松山區;信義區;大安區;中山區;中正區;大同區;萬華區;文山區;南港區;內湖區;士林區;北投區,02-26926777,goodhomeland123@gmail.com,李質穎,20250101.0,20261231.0,20241231 11:44:48
新北市私立好家園老人長期照顧中心(養護型),A10200328,A1,新北市,汐止區,新北市汐止區興福里福德路38號2樓,121.635635376,25.0672550201,B,喘息服務,新北市,板橋區;三重區;中和區;永和區;新莊區;新店區;樹林區;鶯歌區;三峽區;淡水區;汐止區;瑞芳區;土城區;蘆洲區;五股區;泰山區;林口區;深坑區;石碇區;坪林區;三芝區;石門區;八里區;平溪區;雙溪區;貢寮區;金山區;萬里區;烏來區,02-26926777,goodhomeland123@gmail.com,李質穎,20250101.0,20271231.0,20250110 16:22:22
財團法人台北市立心慈善基金會附設新北市私立三重溪美社區長照機構,2S0200017,2,新北市,三重區,新北市三重區溪美里溪尾街73號5樓,121.4906005859,25.0778560638,B,喘息服務,新北市,三重區,02-29763458,lishin.ximei@gmail.com,洪金桐,20250101.0,20271231.0,20241225 14:02:10
財團法人私立廣恩老人養護中心附設新北市私立瑞芳明燈社區長照機構,2S0200018,2,新北市,瑞芳區,新北市瑞芳區龍興里明燈路三段2號2樓,121.8088989258,25.1077709198,B,小規模多機能服務,新北市,瑞芳區,02-24063888,rueifang103@gmail.com,林偉峰,20250101.0,20271231.0,20241226 11:11:37
財團法人私立廣恩老人養護中心附設新北市私立瑞芳明燈社區長照機構,2S0200018,2,新北市,瑞芳區,新北市瑞芳區龍興里明燈路三段2號2樓,121.8088989258,25.1077709198,C,巷弄長照站,新北市,瑞芳區,02-24063888,rueifang103@gmail.com,林偉峰,20240101.0,20241231.0,20240514 14:30:53
衛生福利部樂生療養院,B20200052,B2,新北市,新莊區,新北市新莊區中正路794號,121.4098510742,25.0216217041,B,專業照護服務,新北市,板橋區;三重區;中和區;永和區;新莊區;樹林區;土城區;蘆洲區;五股區;泰山區;林口區,02-82006600,fenny9494@gmail.com,王偉傑,20250101.0,20271231.0,20241226 09:47:18
財團法人私立廣恩老人養護中心附設新北市私立瑞芳明燈社區長照機構,2S0200018,2,新北市,瑞芳區,新北市瑞芳區龍興里明燈路三段2號2樓,121.8088989258,25.1077709198,B,小規模多機能服務,基隆市,中正區;七堵區;暖暖區;仁愛區;中山區;安樂區;信義區,02-24063888,rueifang103@gmail.com,林偉峰,20231206.0,20250421.0,20250214 10:45:21
財團法人私立廣恩老人養護中心附設新北市私立瑞芳明燈社區長照機構,2S0200018,2,新北市,瑞芳區,新北市瑞芳區龍興里明燈路三段2號2樓,121.8088989258,25.1077709198,B,喘息服務,基隆市,中正區;信義區,02-24063888,rueifang103@gmail.com,林偉峰,20250422.0,20270330.0,20250418 09:09:44
財團法人私立廣恩老人養護中心附設新北市私立瑞芳明燈社區長照機構,2S0200018,2,新北市,瑞芳區,新北市瑞芳區龍興里明燈路三段2號2樓,121.8088989258,25.1077709198,B,喘息服務,基隆市,中正區;七堵區;暖暖區;仁愛區;中山區;安樂區;信義區,02-24063888,rueifang103@gmail.com,林偉峰,20240422.0,20250421.0,20240527 17:58:44
財團法人私立廣恩老人養護中心附設新北市私立瑞芳明燈社區長照機構,2S0200018,2,新北市,瑞芳區,新北市瑞芳區龍興里明燈路三段2號2樓,121.8088989258,25.1077709198,B,小規模多機能服務,基隆市,中正區;信義區,02-24063888,rueifang103@gmail.com,林偉峰,20250422.0,20270330.0,20250418 09:07:12
新北市私立立穎居家長照機構,1X0200020,1,新北市,中和區,新北市中和區立德街204號3樓,121.5117874146,24.9852313995,B,營養餐飲服務,新北市,中和區,02-86686651,liinhomecare@gmail.com,周惠貞,20250101.0,20250131.0,20250122 14:35:54
台灣受恩整合服務股份有限公司附設新北市私立受恩居家長照機構,1V0200006,1,新北市,永和區,新北市永和區得和路103號3樓,121.5146102905,25.0109806061,A,個案管理服務,新北市,三重區;永和區,8660-5972,eric.li@stipendiary.tw,劉庭軒,20250101.0,20250630.0,20241231 16:29:36
台灣受恩整合服務股份有限公司附設新北市私立受恩居家長照機構,1V0200006,1,新北市,永和區,新北市永和區得和路103號3樓,121.5146102905,25.0109806061,B,居家服務,新北市,中和區;永和區,8660-5972,eric.li@stipendiary.tw,劉庭軒,20250101.0,20271231.0,20241217 14:13:01
樂格適小客車租賃有限公司,BA0200005,BA,新北市,新莊區,新北市新莊區復興路二段196巷2弄9-3號,121.4589614868,25.0440998077,B,交通接送服務,新北市,板橋區;三重區;中和區;永和區;新莊區;新店區;汐止區;瑞芳區;蘆洲區;五股區;泰山區;深坑區;石碇區;坪林區;平溪區;雙溪區;烏來區,02-77469759,driveryeah3196@gmail.com,葉書含,20250101.0,20271231.0,20241224 09:12:09
有新藥局,B30200025,B3,新北市,三峽區,新北市三峽區學勤路18號,121.3741531372,24.9453983307,B,專業照護服務,新北市,鶯歌區;三峽區;土城區,02-26710769,yuhsinrx@gmail.com,陳思萍,20250101.0,20271231.0,20241225 16:50:12
衛生福利部樂生療養院,B20200052,B2,新北市,新莊區,新北市新莊區中正路794號,121.4098510742,25.0216217041,B,專業照護服務(CC01),新北市,板橋區;三重區;中和區;永和區;新莊區;新店區;樹林區;鶯歌區;三峽區;淡水區;汐止區;瑞芳區;土城區;蘆洲區;五股區;泰山區;林口區;深坑區;石碇區;坪林區;三芝區;石門區;八里區;平溪區;雙溪區;貢寮區;金山區;萬里區;烏來區,02-82006600,fenny9494@gmail.com,王偉傑,20220101.0,20241231.0,20230802 17:19:14
衛生福利部樂生療養院,B20200052,B2,新北市,新莊區,新北市新莊區中正路794號,121.4098510742,25.0216217041,B,專業照護服務,新北市,板橋區;三重區;中和區;永和區;新莊區;樹林區;土城區;蘆洲區;五股區;泰山區;林口區,02-82006600,fenny9494@gmail.com,王偉傑,20220101.0,20241231.0,20220302 11:53:17
新北市私立禾安居家長照機構,1X0200024,1,新北市,板橋區,新北市板橋區柏翠里華江一路578號8樓,121.4735794067,25.0354099274,B,喘息服務,新北市,板橋區;中和區;永和區;土城區,2950-6287,heanservice@gmail.com,黃朝偉,20250101.0,20271231.0,20241217 13:55:31
清福醫院,B20200056,B2,新北市,三峽區,新北市三峽區介壽路一段286號2樓,121.3801803589,24.9290332794,A,個案管理服務,新北市,板橋區;樹林區;鶯歌區;三峽區,02-26739288,yuan19762@gmail.com,王炯琅,20250101.0,20250630.0,20241231 16:16:02
北台灣無障礙運輸產業工會,BA0200007,BA,新北市,中和區,新北市中和區連勝街159號5樓,121.4942245483,24.9965553284,B,交通接送服務(DA01),桃園市,桃園區;中壢區;大溪區;楊梅區;蘆竹區;大園區;龜山區;八德區;龍潭區;平鎮區;新屋區;觀音區,02-77515349,mick9319@yahoo.com.tw,林垂穎,20230522.0,20261231.0,20250102 09:34:23
社團法人中華民國照顧服務員專業發展協會新北市貢寮福隆公共托老中心(社照C),BE0200025,BE,新北市,貢寮區,新北市貢寮區福隆里福隆街60號2樓,121.9457321167,25.0183792114,C,巷弄長照站,新北市,貢寮區,22651680,fulongcareworkertw@gmail.com,陳貴芝,20220101.0,20221231.0,20220509 09:11:32
社團法人愛福家協會附設新北市私立新莊新豐社區長照機構,2R0200002,2,新北市,新莊區,新北市新莊區西盛里樹新路226號4樓,121.4313583374,25.0001468658,B,日間照顧服務,新北市,板橋區;新莊區;樹林區;土城區,02-22500177,rd07@ilive.org.tw,涂林德媛,20250101.0,20271231.0,20250113 11:29:26
台灣基督長老教會馬偕醫療財團法人淡水馬偕紀念醫院八里區龍源里(醫事C),B20200055,B2,新北市,八里區,新北市八里區龍源里龍米路一段223-1號,121.4509277344,25.1319465637,C,巷弄長照站,新北市,八里區,02-28094661轉2160,love771005.b718@mmh.org.tw,廖麗華,20190701.0,20191231.0,20190828 18:52:16
聯合營養諮詢中心,B60200002,B6,新北市,新店區,新北市新店區寶宏路5-1號4樓,121.549369812,24.9761791229,B,專業照護服務,新北市,板橋區;三重區;新莊區;新店區;樹林區;鶯歌區;三峽區;土城區,02-29182689,uncc222@gmail.com,胡蘊玉,20250101.0,20271231.0,20250110 11:33:32
新北市私立聯順居家式服務類長期照顧服務機構-景福里巷弄長照(醫事C),B10200083,B1,新北市,中和區,新北市中和區景福里捷運路109號1樓,121.5078277588,24.9901046753,C,巷弄長照站,新北市,板橋區;中和區,(02)2968-5077分機160,newtaipeia@thn-buurtzorg.com,汪秋蓉,20190401.0,20201231.0,20210220 10:31:21
新北仁康醫院,B20200044,B2,新北市,新店區,新北市新店區安康路二段323號,121.4996490479,24.9555416107,B,專業照護服務,新北市,中和區;永和區;新店區,02-22152345,njkhservice@gmail.com,康義勝,20220101.0,20241231.0,20220318 13:58:25
新北仁康醫院,B20200044,B2,新北市,新店區,新北市新店區安康路二段323號,121.4996490479,24.9555416107,B,專業照護服務,新北市,中和區;永和區;新店區,02-22152345,njkhservice@gmail.com,康義勝,20250101.0,20271231.0,20241226 11:27:50
衛生福利部樂生療養院,B20200052,B2,新北市,新莊區,新北市新莊區中正路794號,121.4098510742,25.0216217041,B,專業照護服務(CC01),新北市,板橋區;三重區;中和區;永和區;新莊區;樹林區;土城區;蘆洲區;五股區;泰山區;林口區,02-82006600,fenny9494@gmail.com,王偉傑,20250101.0,20271231.0,20241226 09:48:05
社團法人新北市國度關懷協會(社照C),BE0200031,BE,新北市,三重區,新北市三重區過田里重新路四段39-1號4樓,121.4881057739,25.0577259064,C,巷弄長照站,新北市,三重區,,fish556.nicole@gmail.com,張聰光,20220101.0,20231231.0,20230530 18:43:21
新北市生活關懷協會,BF0200085,BF,新北市,新莊區,新北市新莊區四維路125巷15之3號,121.423614502,25.0226707458,B,營養餐飲服務,新北市,石碇區,0978880536,ygz168@yahoo.com,孫德勝,20250101.0,20250131.0,20250122 14:41:02
居芮股份有限公司附設新北市私立和芮居家長照機構,1V0200008,1,新北市,新店區,新北市新店區中興路三段138號9樓之1,121.5446548462,24.9803009033,A,個案管理服務,新北市,新店區,2912-1860,4tsaimh0530@gmail.com,蔡賢聲,20250101.0,20250630.0,20241231 15:57:16
新北市私立禾安居家長照機構,1X0200024,1,新北市,板橋區,新北市板橋區柏翠里華江一路578號8樓,121.4735794067,25.0354099274,B,居家服務,新北市,板橋區;中和區;永和區;土城區,2950-6287,heanservice@gmail.com,黃朝偉,20250101.0,20271231.0,20241217 13:54:56
北台灣無障礙運輸產業工會,BA0200007,BA,新北市,中和區,新北市中和區連勝街159號5樓,121.4942245483,24.9965553284,B,交通接送服務,新北市,板橋區;三重區;中和區;永和區;新莊區;新店區;樹林區;鶯歌區;三峽區;淡水區;汐止區;瑞芳區;土城區;蘆洲區;五股區;泰山區;林口區;深坑區;三芝區;石門區;八里區,02-77515349,mick9319@yahoo.com.tw,林垂穎,20250101.0,20271231.0,20241224 11:58:17
新北市私立樂智居家長照機構,1X0200018,1,新北市,中和區,新北市中和區中正路1207號2樓之2,121.4800033569,25.0101394653,B,喘息服務,新北市,板橋區;中和區,02-22710871,aa5174aa@gmail.com,許雅婷,20250101.0,20271231.0,20250402 15:40:20
新北市私立樂智居家長照機構,1X0200018,1,新北市,中和區,新北市中和區中正路1207號2樓之2,121.4800033569,25.0101394653,B,喘息服務,新北市,板橋區;中和區,02-22710871,aa5174aa@gmail.com,許雅婷,20250101.0,20250331.0,20250402 15:40:33
順康醫療器材有限公司三峽分公司,BB0200005,BB,新北市,三峽區,新北市三峽區中山路238巷9號,121.3626098633,24.9379043579,B,輔具及居家無障礙環境服務,臺中市,中區;東區;南區;西區;北區;西屯區;南屯區;北屯區;豐原區;東勢區;大甲區;清水區;沙鹿區;梧棲區;后里區;神岡區;潭子區;大雅區;新社區;石岡區;外埔區;大安區;烏日區;大肚區;龍井區;霧峰區;太平區;大里區;和平區,02-86716208,surewellcome@gmail.com,陳秀足,20240624.0,20270630.0,20240625 18:40:42
新北市畫眉鳥晚香玉協會(社照C),BF0200088,BF,新北市,樹林區,新北市樹林區東陽里前鎮街467號,121.4126052856,24.9821853638,C,巷弄長照站,新北市,樹林區,0921-153426,shulin_yuhina@yahoo.com.tw,姜葉淑琴,20220101.0,20221231.0,20220503 10:34:38
社團法人愛福家協會附設新北市私立新莊新豐社區長照機構,2R0200002,2,新北市,新莊區,新北市新莊區西盛里樹新路226號4樓,121.4313583374,25.0001468658,B,喘息服務,新北市,板橋區;新莊區;樹林區;土城區,02-22500177,rd07@ilive.org.tw,涂林德媛,20250101.0,20271231.0,20250113 11:30:20
聯合營養諮詢中心,B60200002,B6,新北市,新店區,新北市新店區寶宏路5-1號4樓,121.549369812,24.9761791229,B,專業照護服務,新北市,板橋區;三重區;中和區;永和區;新莊區;新店區;樹林區;土城區;蘆洲區,02-29182689,uncc222@gmail.com,胡蘊玉,20220101.0,20241231.0,20220318 11:19:18
居芮股份有限公司附設新北市私立和芮居家長照機構,1V0200008,1,新北市,新店區,新北市新店區中興路三段138號9樓之1,121.5446548462,24.9803009033,B,居家服務,新北市,中和區;永和區;新店區;深坑區,2912-1860,4tsaimh0530@gmail.com,蔡賢聲,20250101.0,20271231.0,20241224 09:45:55
仁禾護理之家,A30200114,A3,新北市,三芝區,新北市三芝區四棧橋53之3號、53之3號二樓、53之3號三樓,121.4837341309,25.2651805878,B,喘息服務,臺北市,松山區;信義區;大安區;中山區;中正區;大同區;萬華區;文山區;南港區;內湖區;士林區;北投區,26365111,s22885959@yahoo.com.tw,康秋芬,20250101.0,20261231.0,20250204 14:46:32
新北市私立皇佳老人長期照顧中心(養護型),A10200347,A1,新北市,中和區,新北市中和區中原里中山路二段562號,121.4830093384,25.005197525,B,喘息服務,臺北市,松山區;信義區;大安區;中山區;中正區;大同區;萬華區;文山區;南港區;內湖區;士林區;北投區,02-22261133,royal2226@gmail.com,黃伯超,20191113.0,20241231.0,20221230 19:15:54
新北市私立皇佳老人長期照顧中心(養護型),A10200347,A1,新北市,中和區,新北市中和區中原里中山路二段562號,121.4830093384,25.005197525,B,喘息服務,臺北市,松山區;信義區;大安區;中山區;中正區;大同區;萬華區;文山區;南港區;內湖區;士林區;北投區,02-22261133,royal2226@gmail.com,黃伯超,20250101.0,20261231.0,20241231 11:31:44
新北市私立中原老人長期照顧中心(養護型),A10200348,A1,新北市,中和區,新北市中和區中山路2段560號6樓、6樓之1,121.4831237793,25.005235672,B,喘息服務,臺北市,松山區;信義區;大安區;中山區;中正區;大同區;萬華區;文山區;南港區;內湖區;士林區;北投區,02-22286187,Jhongyuan104@gmail.com,黃明發,20191113.0,20241231.0,20221230 19:16:50
新北市私立家興居家長照機構,1X0200026,1,新北市,板橋區,新北市板橋區重慶路278巷6號1樓,121.4492492676,24.9938049316,B,喘息服務,新北市,板橋區;中和區;新莊區;樹林區;土城區,0913-569857,ida700714@gmail.com,高嘉慈,20250101.0,20271231.0,20241205 14:00:29
新北市私立大德老人長期照顧中心(養護型),A10200343,A1,新北市,三重區,新北市三重區福隆里三和路四段103之1號,121.4868164062,25.0767879486,B,喘息服務,新北市,板橋區;三重區;中和區;永和區;新莊區;新店區;樹林區;鶯歌區;三峽區;淡水區;汐止區;瑞芳區;土城區;蘆洲區;五股區;泰山區;林口區;深坑區;石碇區;坪林區;三芝區;石門區;八里區;平溪區;雙溪區;貢寮區;金山區;萬里區;烏來區,02-22870555,dd72700679@gmail.com,許浩崇,20250101.0,20271231.0,20241223 14:39:31
新北市私立一德老人長期照顧中心(養護型),A10200346,A1,新北市,中和區,新北市中和區中原里中山路二段560號7樓,121.4831771851,25.0052185059,B,喘息服務,新北市,板橋區;三重區;中和區;永和區;新莊區;新店區;樹林區;鶯歌區;三峽區;淡水區;汐止區;瑞芳區;土城區;蘆洲區;五股區;泰山區;林口區;深坑區;石碇區;坪林區;三芝區;石門區;八里區;平溪區;雙溪區;貢寮區;金山區;萬里區;烏來區,02-22286655,eder22286655@gmail.com,鍾昭明,20250101.0,20271231.0,20241203 11:45:35
新北市私立皇佳老人長期照顧中心(養護型),A10200347,A1,新北市,中和區,新北市中和區中原里中山路二段562號,121.4830093384,25.005197525,B,喘息服務,新北市,板橋區;三重區;中和區;永和區;新莊區;新店區;樹林區;鶯歌區;三峽區;淡水區;汐止區;瑞芳區;土城區;蘆洲區;五股區;泰山區;林口區;深坑區;石碇區;坪林區;三芝區;石門區;八里區;平溪區;雙溪區;貢寮區;金山區;萬里區;烏來區,02-22261133,royal2226@gmail.com,黃伯超,20250101.0,20271231.0,20241220 16:48:30
新北市私立中原老人長期照顧中心(養護型),A10200348,A1,新北市,中和區,新北市中和區中山路2段560號6樓、6樓之1,121.4831237793,25.005235672,B,喘息服務,臺北市,松山區;信義區;大安區;中山區;中正區;大同區;萬華區;文山區;南港區;內湖區;士林區;北投區,02-22286187,Jhongyuan104@gmail.com,黃明發,20250101.0,20261231.0,20241231 11:32:58
新北市私立莊敬老人長期照顧中心(養護型),A10200355,A1,新北市,新店區,新北市新店區明德里中正路521巷1號、3號3樓,121.5334854126,24.9852390289,B,喘息服務,新北市,板橋區;三重區;中和區;永和區;新莊區;新店區;樹林區;鶯歌區;三峽區;淡水區;汐止區;瑞芳區;土城區;蘆洲區;五股區;泰山區;林口區;深坑區;石碇區;坪林區;三芝區;石門區;八里區;平溪區;雙溪區;貢寮區;金山區;萬里區;烏來區,02-2218-5571,paolinching@yahoo.com.tw,石朝元,20250101.0,20271231.0,20250110 11:12:58
安養照護發展促進協會(社照C),BF0200092,BF,新北市,林口區,新北市林口區菁湖里中山路188號1樓之3,121.3893508911,25.0790843964,C,巷弄長照站,新北市,林口區,0988587216,amy650509@hotmail.com,高主安,20220101.0,20221231.0,20220503 09:06:02
新北市私立沐心老人長期照顧中心(養護型),A10200344,A1,新北市,三重區,新北市三重區中興里重新路五段635之2號1-3樓,121.467338562,25.0439090729,B,喘息服務,新北市,板橋區;三重區;中和區;永和區;新莊區;新店區;樹林區;鶯歌區;三峽區;淡水區;汐止區;瑞芳區;土城區;蘆洲區;五股區;泰山區;林口區;深坑區;石碇區;坪林區;三芝區;石門區;八里區;平溪區;雙溪區;貢寮區;金山區;萬里區;烏來區,02-29990737,mmuxin0737@gmail.com,王寶琇,20250101.0,20271231.0,20241218 11:55:30
中華民國樂齡生活規劃協會(中港站)(社照C),BE0200026,BE,新北市,新莊區,新北市新莊區自強里中港路288巷53號1樓,121.4544448853,25.0450248718,C,巷弄長照站,新北市,新莊區,85210176,nhppkn@gmail.com,陳宏定,20240101.0,20241231.0,20240704 15:02:22
社團法人台灣雙福禮拜堂協會(社照C),BE0200030,BE,新北市,中和區,新北市中和區漳和里新北市中和區漳和里中和路102號B1樓,121.5022735596,24.9996604919,C,巷弄長照站,新北市,中和區,02-22429266#12,beidinglin@gmail.com,林貝錠,20220101.0,20221231.0,20220502 16:56:58
新北市私立聯順居家式服務類長期照顧服務機構-景福里巷弄長照(醫事C),B10200083,B1,新北市,中和區,新北市中和區景福里捷運路109號1樓,121.5078277588,24.9901046753,C,巷弄長照站,新北市,板橋區;中和區,(02)2968-5077分機160,newtaipeia@thn-buurtzorg.com,汪秋蓉,20210101.0,20211231.0,20210525 17:08:55
新北市三芝區衛生所,B20200064,B2,新北市,三芝區,新北市三芝區埔坪里中山路一段12號,121.5038299561,25.2564544678,A,個案管理服務,新北市,三芝區,02-26362007,tpc259@ntpc.gov.tw,魏宏光,20250101.0,20250630.0,20241231 15:26:06
新北市八里區衛生所,B20200065,B2,新北市,八里區,新北市八里區舊城里舊城路16號,121.4001312256,25.146522522,B,居家失能個案家庭醫師照護服務,新北市,八里區,(02)26102137,AJ9007@ntpc.gov.tw,翁慈羚,20250101.0,20271231.0,20250113 16:30:16
財團法人伊甸社會福利基金會附設新北市三峽身心障礙福利服務中心,A20200059,A2,新北市,三峽區,新北市三峽區龍埔里國光街12巷10號1樓,121.3760528564,24.9372653961,B,營養餐飲服務,新北市,三峽區,02-26741778#206,eden2009@eden.org.tw,羅紀琼,20220101.0,20241231.0,20220322 17:16:15
財團法人伊甸社會福利基金會附設新北市三峽身心障礙福利服務中心,A20200059,A2,新北市,三峽區,新北市三峽區龍埔里國光街12巷10號1樓,121.3760528564,24.9372653961,B,營養餐飲服務,新北市,三峽區,02-26741778#206,eden2009@eden.org.tw,羅紀琼,20250101.0,20250131.0,20250122 14:44:20
仁禾護理之家,A30200114,A3,新北市,三芝區,新北市三芝區四棧橋53之3號、53之3號二樓、53之3號三樓,121.4837341309,25.2651805878,B,喘息服務,臺北市,松山區;信義區;大安區;中山區;中正區;大同區;萬華區;文山區;南港區;內湖區;士林區;北投區,26365111,s22885959@yahoo.com.tw,康秋芬,20210527.0,20241231.0,20230202 16:47:28
新北市私立同心老人長期照顧中心(養護型),A10200345,A1,新北市,土城區,新北市土城區中央路四段127號9-10樓、9樓之1、10樓之1、11樓之1,121.416305542,24.9575424194,B,喘息服務,新北市,板橋區;三重區;中和區;永和區;新莊區;新店區;樹林區;鶯歌區;三峽區;淡水區;汐止區;瑞芳區;土城區;蘆洲區;五股區;泰山區;林口區;深坑區;石碇區;坪林區;三芝區;石門區;八里區;平溪區;雙溪區;貢寮區;金山區;萬里區;烏來區,02-22679979,n810129@yahoo.com.tw,林順凱,20250101.0,20271231.0,20241218 14:17:24
新北市萬里區衛生所,B20200062,B2,新北市,萬里區,新北市萬里區瑪鋉路157號,121.6897125244,25.1783313751,A,個案管理服務,新北市,萬里區,02-24921117,tpc266@ntpc.gov.tw, 劉尚霖,20250101.0,20250630.0,20241231 16:36:07
新北市萬里區衛生所,B20200062,B2,新北市,萬里區,新北市萬里區瑪鋉路157號,121.6897125244,25.1783313751,B,喘息服務,新北市,萬里區,02-24921117,tpc266@ntpc.gov.tw, 劉尚霖,20250101.0,20271231.0,20241220 09:53:42
新北市萬里區衛生所,B20200062,B2,新北市,萬里區,新北市萬里區瑪鋉路157號,121.6897125244,25.1783313751,B,居家失能個案家庭醫師照護服務,新北市,萬里區,02-24921117,tpc266@ntpc.gov.tw, 劉尚霖,20250101.0,20271231.0,20241220 09:53:54
新北市三芝區衛生所,B20200064,B2,新北市,三芝區,新北市三芝區埔坪里中山路一段12號,121.5038299561,25.2564544678,B,居家失能個案家庭醫師照護服務,新北市,三芝區,02-26362007,tpc259@ntpc.gov.tw,魏宏光,20250101.0,20271231.0,20241227 09:23:22
台灣受恩整合服務股份有限公司附設新北市私立受恩居家長照機構,1V0200006,1,新北市,永和區,新北市永和區得和路103號3樓,121.5146102905,25.0109806061,B,喘息服務,新北市,三重區;中和區;永和區,8660-5972,eric.li@stipendiary.tw,劉庭軒,20250101.0,20271231.0,20241217 14:13:38
台灣基督長老教會馬偕醫療財團法人淡水馬偕紀念醫院八里區龍源里(醫事C),B20200055,B2,新北市,八里區,新北市八里區龍源里龍米路一段223-1號,121.4509277344,25.1319465637,C,巷弄長照站,新北市,淡水區,02-28094661轉2160,love771005.b718@mmh.org.tw,廖麗華,20190401.0,20211231.0,20210526 18:03:50
新北市私立溫馨居家長照機構,1X0200028,1,新北市,樹林區,新北市樹林區和平里中華路61號1樓,121.4233932495,24.9832019806,A,個案管理服務,新北市,樹林區,8686-6101,homecare6101@gmail.com,董莉馨,20250101.0,20250630.0,20241231 15:54:28
新北市私立溫馨居家長照機構,1X0200028,1,新北市,樹林區,新北市樹林區和平里中華路61號1樓,121.4233932495,24.9832019806,B,居家服務,新北市,樹林區;土城區,8686-6101,homecare6101@gmail.com,董莉馨,20250101.0,20271231.0,20241204 15:19:31
居芮股份有限公司附設新北市私立和芮居家長照機構,1V0200008,1,新北市,新店區,新北市新店區中興路三段138號9樓之1,121.5446548462,24.9803009033,B,喘息服務,新北市,中和區;永和區;新店區;深坑區,2912-1860,4tsaimh0530@gmail.com,蔡賢聲,20250101.0,20271231.0,20241224 09:46:29
新北市私立家興居家長照機構,1X0200026,1,新北市,板橋區,新北市板橋區重慶路278巷6號1樓,121.4492492676,24.9938049316,B,居家服務,新北市,板橋區;中和區;新莊區;樹林區;土城區,0913-569857,ida700714@gmail.com,高嘉慈,20250101.0,20271231.0,20241205 13:59:40
新北市私立佳耀居家長照機構,1X0200033,1,新北市,淡水區,新北市淡水區幸福里學府路75號1樓,121.4483795166,25.1699790955,B,居家服務,新北市,板橋區;三重區;中和區;永和區;新店區;淡水區;蘆洲區;八里區,2621-1321,jiayao1321@gmail.com,張瑜玲,20250101.0,20271231.0,20241218 14:43:54
新北市烏來區衛生所,B20200061,B2,新北市,烏來區,新北市烏來區新烏路五段109號,121.5476074219,24.8710193634,B,交通接送服務,新北市,烏來區,02 26617200,tpc270@ntpc.gov.tw,温傑,20250101.0,20271231.0,20241227 14:38:41
巴歌浪,BF0200069,BF,新北市,中和區,新北市中和區連和里建康路270號4樓,121.4929962158,25.0001068115,C,巷弄長照站,新北市,中和區,02-8245-9893,ccchungdaw@mohw.gov.tw,林花麗,20190101.0,20191231.0,20190912 15:07:36
金大心股份有限公司附設新北市私立金大心居家長照機構,1V0200005,1,新北市,新莊區,新北市新莊區西盛里新樹路515之36號1至4樓,121.4328308105,25.0109882355,C,巷弄長照站,新北市,新莊區,0988190973,tracy092060324@gmail.com,吳秉珊,20210501.0,20211231.0,20210526 10:28:13
新北市私立佳耀居家長照機構,1X0200033,1,新北市,淡水區,新北市淡水區幸福里學府路75號1樓,121.4483795166,25.1699790955,B,專業照護服務,新北市,板橋區;三重區;中和區;永和區;新店區;淡水區;蘆洲區;八里區,2621-1321,jiayao1321@gmail.com,張瑜玲,20250101.0,20271231.0,20241218 14:45:11
旅北都蘭部落文化藝術團-新北市三峽區三鶯文化健站(原住C),BF0200076,BF,新北市,三峽區,新北市三峽區龍學里隆恩街158巷3弄50號,121.365562439,24.9457302094,B,喘息服務,新北市,三峽區,02-35012847,miciang0516@gmail.com,徐秀武,20250101.0,20271231.0,20250103 10:58:10
金大心股份有限公司附設新北市私立金大心居家長照機構,1V0200005,1,新北市,新莊區,新北市新莊區西盛里新樹路515之36號1至4樓,121.4328308105,25.0109882355,B,喘息服務,新北市,板橋區;中和區;永和區;新莊區;樹林區,0988190973,tracy092060324@gmail.com,吳秉珊,20250101.0,20271231.0,20241225 10:26:31
金大心股份有限公司附設新北市私立金大心居家長照機構,1V0200005,1,新北市,新莊區,新北市新莊區西盛里新樹路515之36號1至4樓,121.4328308105,25.0109882355,B,專業照護服務,新北市,板橋區;中和區;永和區;新莊區;樹林區,0988190973,tracy092060324@gmail.com,吳秉珊,20220101.0,20241231.0,20220302 11:05:49
新北市私立佳耀居家長照機構,1X0200033,1,新北市,淡水區,新北市淡水區幸福里學府路75號1樓,121.4483795166,25.1699790955,B,喘息服務,新北市,板橋區;三重區;中和區;永和區;新店區;淡水區;蘆洲區;八里區,2621-1321,jiayao1321@gmail.com,張瑜玲,20250101.0,20271231.0,20241218 14:44:36
新北市私立佳耀居家長照機構,1X0200033,1,新北市,淡水區,新北市淡水區幸福里學府路75號1樓,121.4483795166,25.1699790955,B,專業照護服務,新北市,板橋區;三重區;中和區;永和區;新店區;淡水區;蘆洲區;八里區,2621-1321,jiayao1321@gmail.com,張瑜玲,20220101.0,20241231.0,20220302 10:58:03
仁新小兒科診所,B20200084,B2,新北市,三重區,新北市三重區仁愛街735號,121.4817428589,25.0805492401,B,居家失能個案家庭醫師照護服務,新北市,三重區;蘆洲區,02-28574762,lw2197871@gmail.com,楊麗芳,20250101.0,20271231.0,20250110 11:04:29
新北市三重區衛生所,B20200059,B2,新北市,三重區,新北市三重區中山里新北大道一段一號,121.491394043,25.0611915588,B,居家失能個案家庭醫師照護服務,新北市,三重區,02-2982-5233,am1172@ntpc.gov.tw,林幸玟,20250101.0,20271231.0,20250110 15:08:37
財團法人中華文化社會福利事業基金會附設新北市私立翠柏新村老人安養中心,A10200364,A1,新北市,汐止區,新北市汐止區長青里永春一路5號,121.6032180786,25.1125164032,B,喘息服務,臺北市,松山區;信義區;大安區;中山區;中正區;大同區;萬華區;文山區;南港區;內湖區;士林區;北投區,02-26451001,na01.na02@msa.hinet.net,張正中,20250101.0,20261231.0,20241231 11:40:41
財團法人中華文化社會福利事業基金會附設新北市私立翠柏新村老人安養中心,A10200364,A1,新北市,汐止區,新北市汐止區長青里永春一路5號,121.6032180786,25.1125164032,B,交通接送服務,新北市,汐止區;深坑區;坪林區,02-26451001,na01.na02@msa.hinet.net,張正中,20250101.0,20271231.0,20241219 11:53:33
新北市私立佳嘉居家長照機構,1X0200027,1,新北市,八里區,新北市八里區荖阡里訊塘路3號3樓,121.3981323242,25.1445636749,B,喘息服務,新北市,八里區,2619-5676,jaja131488@gmail.com,林秀真,20250101.0,20271231.0,20241205 11:55:45
好家人健康長期照護事業有限公司附設新北市私立延吉居家長照機構,1V0200010,1,新北市,土城區,新北市土城區廷寮里延吉街253巷20號1樓,121.4677734375,24.9840564728,B,居家服務,新北市,板橋區;中和區;土城區,2260-5685,Shan70226@gmail.com,吳家慧,20250101.0,20271231.0,20241219 14:57:22
好家人健康長期照護事業有限公司附設新北市私立延吉居家長照機構,1V0200010,1,新北市,土城區,新北市土城區廷寮里延吉街253巷20號1樓,121.4677734375,24.9840564728,B,喘息服務,新北市,板橋區;中和區;土城區,2260-5685,Shan70226@gmail.com,吳家慧,20250101.0,20271231.0,20241219 14:57:51
旅北都蘭部落文化藝術團-新北市三峽區三鶯文化健站(原住C),BF0200076,BF,新北市,三峽區,新北市三峽區龍學里隆恩街158巷3弄50號,121.365562439,24.9457302094,C,巷弄長照站,新北市,鶯歌區;三峽區,02-35012847,miciang0516@gmail.com,徐秀武,20190101.0,20191231.0,20200131 20:32:22
好家人健康長期照護事業有限公司附設新北市私立延吉居家長照機構,1V0200010,1,新北市,土城區,新北市土城區廷寮里延吉街253巷20號1樓,121.4677734375,24.9840564728,A,個案管理服務,新北市,土城區,2260-5685,Shan70226@gmail.com,吳家慧,20250101.0,20250630.0,20241231 15:54:57
家心照服庭院股份有限公司附設新北市私立家心居家長照機構,1V0200011,1,新北市,永和區,新北市永和區中正路666巷27號1樓,121.5177688599,25.0091762543,B,居家服務,新北市,板橋區;三重區;中和區;永和區;新莊區;新店區;樹林區;鶯歌區;三峽區;淡水區;土城區;蘆洲區;五股區;林口區,2950-9009,Jxin62819@gmail.com,施凱瑄,20250101.0,20271231.0,20241203 15:57:52
新北市立聯合醫院-三重重陽據點(醫事C),B20200082,B2,新北市,三重區,新北市三重區重陽里明志街112、114號,121.4904251099,25.063583374,C,巷弄長照站,新北市,三重區,22575151轉3368,AO8667@ntpc.gov.tw,項正川,20210101.0,20211231.0,20210525 18:34:55
新北市烏來區衛生所,B20200061,B2,新北市,烏來區,新北市烏來區新烏路五段109號,121.5476074219,24.8710193634,B,居家失能個案家庭醫師照護服務,新北市,烏來區,02 26617200,tpc270@ntpc.gov.tw,温傑,20250101.0,20271231.0,20241227 14:38:53
新北市烏來區衛生所,B20200061,B2,新北市,烏來區,新北市烏來區新烏路五段109號,121.5476074219,24.8710193634,A,個案管理服務,新北市,烏來區,02 26617200,tpc270@ntpc.gov.tw,温傑,20250101.0,20250630.0,20241231 16:36:41
仁禾護理之家,A30200114,A3,新北市,三芝區,新北市三芝區四棧橋53之3號、53之3號二樓、53之3號三樓,121.4837341309,25.2651805878,B,喘息服務,新北市,板橋區;三重區;中和區;永和區;新莊區;新店區;樹林區;鶯歌區;三峽區;淡水區;汐止區;瑞芳區;土城區;蘆洲區;五股區;泰山區;林口區;深坑區;石碇區;坪林區;三芝區;石門區;八里區;平溪區;雙溪區;貢寮區;金山區;萬里區;烏來區,26365111,s22885959@yahoo.com.tw,康秋芬,20250101.0,20271231.0,20241227 08:44:18
新北市私立中原老人長期照顧中心(養護型),A10200348,A1,新北市,中和區,新北市中和區中山路2段560號6樓、6樓之1,121.4831237793,25.005235672,B,喘息服務,新北市,板橋區;三重區;中和區;永和區;新莊區;新店區;樹林區;鶯歌區;三峽區;淡水區;汐止區;瑞芳區;土城區;蘆洲區;五股區;泰山區;林口區;深坑區;石碇區;坪林區;三芝區;石門區;八里區;平溪區;雙溪區;貢寮區;金山區;萬里區;烏來區,02-22286187,Jhongyuan104@gmail.com,黃明發,20250101.0,20271231.0,20241224 15:22:43
新北市八里區衛生所,B20200065,B2,新北市,八里區,新北市八里區舊城里舊城路16號,121.4001312256,25.146522522,A,個案管理服務,新北市,八里區,(02)26102137,AJ9007@ntpc.gov.tw,翁慈羚,20250101.0,20250630.0,20241231 15:58:37
新北市私立五棵松居家長照機構,1X0200035,1,新北市,新店區,新北市新店區中正路125號3樓,121.5419769287,24.9711704254,B,喘息服務,新北市,板橋區;三重區;中和區;永和區;新莊區;新店區;土城區,0938-769992,xnicecare@gmail.com,劉梅芳,20250101.0,20271231.0,20241226 16:08:31
新北市私立常錦居家長照機構,1X0200036,1,新北市,板橋區,新北市板橋區重慶里國慶路149巷1弄12號1號,121.4616165161,24.9972286224,A,個案管理服務,新北市,板橋區;中和區;新莊區,8952-0607,a89520607@gmail.com,徐庭云,20250101.0,20250630.0,20241231 16:32:15
家心照服庭院股份有限公司附設新北市私立家心居家長照機構,1V0200011,1,新北市,永和區,新北市永和區中正路666巷27號1樓,121.5177688599,25.0091762543,B,喘息服務,臺北市,松山區;信義區;大安區;中山區;中正區;大同區;萬華區;文山區;南港區;內湖區;士林區;北投區,2950-9009,Jxin62819@gmail.com,施凱瑄,20250101.0,20261231.0,20241126 10:47:58
新北市立聯合醫院-三重重陽據點(醫事C),B20200082,B2,新北市,三重區,新北市三重區重陽里明志街112、114號,121.4904251099,25.063583374,B,喘息服務,新北市,三重區,22575151轉3368,AO8667@ntpc.gov.tw,項正川,20250101.0,20271231.0,20250425 11:41:33
財團法人中華文化社會福利事業基金會附設新北市私立翠柏新村老人安養中心,A10200364,A1,新北市,汐止區,新北市汐止區長青里永春一路5號,121.6032180786,25.1125164032,B,喘息服務,臺北市,松山區;信義區;大安區;中山區;中正區;大同區;萬華區;文山區;南港區;內湖區;士林區;北投區,02-26451001,na01.na02@msa.hinet.net,張正中,20181101.0,20241231.0,20221229 21:49:04
財團法人中華文化社會福利事業基金會附設新北市私立翠柏新村老人安養中心,A10200364,A1,新北市,汐止區,新北市汐止區長青里永春一路5號,121.6032180786,25.1125164032,B,喘息服務,新北市,板橋區;三重區;中和區;永和區;新莊區;新店區;樹林區;鶯歌區;三峽區;淡水區;汐止區;瑞芳區;土城區;蘆洲區;五股區;泰山區;林口區;深坑區;石碇區;坪林區;三芝區;石門區;八里區;平溪區;雙溪區;貢寮區;金山區;萬里區;烏來區,02-26451001,na01.na02@msa.hinet.net,張正中,20250101.0,20271231.0,20241219 11:53:50
家心照服庭院股份有限公司附設新北市私立家心居家長照機構,1V0200011,1,新北市,永和區,新北市永和區中正路666巷27號1樓,121.5177688599,25.0091762543,B,喘息服務,臺北市,松山區;信義區;大安區;中山區;中正區;大同區;萬華區;文山區;南港區;內湖區;士林區;北投區,2950-9009,Jxin62819@gmail.com,施凱瑄,20201005.0,20241231.0,20230202 16:55:46
家心照服庭院股份有限公司附設新北市私立家心居家長照機構,1V0200011,1,新北市,永和區,新北市永和區中正路666巷27號1樓,121.5177688599,25.0091762543,B,喘息服務,臺北市,松山區;信義區;大安區;中山區;中正區;大同區;萬華區;文山區;南港區;內湖區;士林區;北投區,2950-9009,Jxin62819@gmail.com,施凱瑄,20201005.0,20241231.0,20230202 16:55:24
家心照服庭院股份有限公司附設新北市私立家心居家長照機構,1V0200011,1,新北市,永和區,新北市永和區中正路666巷27號1樓,121.5177688599,25.0091762543,B,喘息服務,新北市,板橋區;三重區;中和區;永和區;新莊區;新店區;樹林區;鶯歌區;三峽區;淡水區;土城區;蘆洲區;五股區;林口區,2950-9009,Jxin62819@gmail.com,施凱瑄,20250101.0,20271231.0,20241203 15:58:37
新北市私立常錦居家長照機構,1X0200036,1,新北市,板橋區,新北市板橋區重慶里國慶路149巷1弄12號1號,121.4616165161,24.9972286224,B,喘息服務,新北市,板橋區;中和區;永和區;新莊區;新店區;樹林區;土城區,8952-0607,a89520607@gmail.com,徐庭云,20250101.0,20271231.0,20241227 10:24:44
新北市私立光塩社區長照機構,2X0200004,2,新北市,淡水區,新北市淡水區新民里新民街222巷16弄12號2樓(第3層),121.4371643066,25.1800308228,B,家庭托顧服務,新北市,10;15;5;淡水區;三芝區;八里區,0933793005,hainahu58@gmail.com,胡海霞,20250101.0,20271231.0,20241225 14:39:06
寶護企業社附設新北市私立寶護居家長照機構,1X0200021,1,新北市,蘆洲區,新北市蘆洲區恆德里中山二路12號2樓,121.4753417969,25.0819358826,A,個案管理服務,新北市,蘆洲區;五股區,02-77522022,bear5583@gmail.com,王智婷,20250101.0,20250630.0,20241231 16:24:25
寶護企業社附設新北市私立寶護居家長照機構,1X0200021,1,新北市,蘆洲區,新北市蘆洲區恆德里中山二路12號2樓,121.4753417969,25.0819358826,B,喘息服務,新北市,蘆洲區;五股區,02-77522022,bear5583@gmail.com,王智婷,20250101.0,20271231.0,20241224 15:32:49
新北市私立溫馨居家長照機構,1X0200028,1,新北市,樹林區,新北市樹林區和平里中華路61號1樓,121.4233932495,24.9832019806,B,喘息服務,新北市,樹林區;土城區,8686-6101,homecare6101@gmail.com,董莉馨,20250101.0,20271231.0,20241204 15:20:10
新北市私立聯順居家式服務類長期照顧服務機構-永安里巷弄長照站(醫事C),B10200081,B1,新北市,板橋區,新北市板橋區永安里萬板路186號1樓,121.4761886597,25.0237064362,C,巷弄長照站,新北市,板橋區;中和區,(02)29685077分機186,thnbuutzorg@gmail.com,汪秋蓉,20190401.0,20201231.0,20210220 10:31:21
新北市私立聯順居家式服務類長期照顧服務機構-漢生里巷弄長照站(醫事C),B10200082,B1,新北市,板橋區,新北市板橋區漢生里文化路一段45巷1弄1號,121.4603729248,25.0137004852,C,巷弄長照站,新北市,板橋區;中和區,(02)29685077分機29,thnbuutzorg@gmail.com,汪秋蓉,20190401.0,20201231.0,20210220 10:31:21
新北市私立五棵松居家長照機構,1X0200035,1,新北市,新店區,新北市新店區中正路125號3樓,121.5419769287,24.9711704254,B,居家服務,新北市,板橋區;三重區;中和區;永和區;新莊區;新店區;土城區,0938-769992,xnicecare@gmail.com,劉梅芳,20250101.0,20271231.0,20241226 16:07:44
新北市私立常錦居家長照機構,1X0200036,1,新北市,板橋區,新北市板橋區重慶里國慶路149巷1弄12號1號,121.4616165161,24.9972286224,B,專業照護服務(CC01),新北市,板橋區;三重區;中和區;永和區;新莊區;新店區;樹林區;鶯歌區;三峽區;淡水區;汐止區;瑞芳區;土城區;蘆洲區;五股區;泰山區;林口區;深坑區;石碇區;三芝區;八里區;金山區;萬里區;烏來區,8952-0607,a89520607@gmail.com,徐庭云,20250101.0,20271231.0,20241227 10:27:08
新北市私立常錦居家長照機構,1X0200036,1,新北市,板橋區,新北市板橋區重慶里國慶路149巷1弄12號1號,121.4616165161,24.9972286224,B,專業照護服務(CC01),新北市,板橋區;三重區;中和區;永和區;新莊區;新店區;樹林區;鶯歌區;三峽區;淡水區;汐止區;瑞芳區;土城區;蘆洲區;五股區;泰山區;林口區;深坑區;石碇區;三芝區;八里區;金山區;萬里區;烏來區,8952-0607,a89520607@gmail.com,徐庭云,20220101.0,20241231.0,20240529 13:50:45
新北市私立常錦居家長照機構,1X0200036,1,新北市,板橋區,新北市板橋區重慶里國慶路149巷1弄12號1號,121.4616165161,24.9972286224,B,專業照護服務,新北市,板橋區;三重區;中和區;永和區;新莊區;新店區;樹林區;鶯歌區;三峽區;淡水區;汐止區;瑞芳區;土城區;蘆洲區;五股區;泰山區;林口區;深坑區;石碇區;三芝區;八里區;金山區;萬里區;烏來區,8952-0607,a89520607@gmail.com,徐庭云,20220101.0,20241231.0,20220323 13:39:19
全人居家護理所,B10200085,B1,新北市,汐止區,新北市汐止區長興街二段60號2樓之1,121.6746444702,25.0817947388,B,專業照護服務,新北市,汐止區;瑞芳區;深坑區;平溪區;雙溪區;金山區;萬里區,0978850600,a26411710@gmail.com,呂詩婷,20220101.0,20241231.0,20221011 14:18:27
金大心股份有限公司附設新北市私立金大心居家長照機構,1V0200005,1,新北市,新莊區,新北市新莊區西盛里新樹路515之36號1至4樓,121.4328308105,25.0109882355,B,居家服務,新北市,板橋區;中和區;永和區;新莊區;樹林區,0988190973,tracy092060324@gmail.com,吳秉珊,20250101.0,20271231.0,20241225 10:25:57
金大心股份有限公司附設新北市私立金大心居家長照機構,1V0200005,1,新北市,新莊區,新北市新莊區西盛里新樹路515之36號1至4樓,121.4328308105,25.0109882355,B,專業照護服務,新北市,板橋區;中和區;永和區;新莊區;樹林區,0988190973,tracy092060324@gmail.com,吳秉珊,20250101.0,20271231.0,20241225 10:26:55
金大心股份有限公司附設新北市私立金大心居家長照機構,1V0200005,1,新北市,新莊區,新北市新莊區西盛里新樹路515之36號1至4樓,121.4328308105,25.0109882355,A,個案管理服務,新北市,板橋區;中和區;新莊區,0988190973,tracy092060324@gmail.com,吳秉珊,20250101.0,20250630.0,20241231 15:12:56
全人居家護理所,B10200085,B1,新北市,汐止區,新北市汐止區長興街二段60號2樓之1,121.6746444702,25.0817947388,B,居家失能個案家庭醫師照護服務,臺北市,南港區;內湖區,0978850600,a26411710@gmail.com,呂詩婷,20241128.0,20261231.0,20241129 11:26:58
新北市私立佳耀居家長照機構,1X0200033,1,新北市,淡水區,新北市淡水區幸福里學府路75號1樓,121.4483795166,25.1699790955,A,個案管理服務,新北市,三重區;新店區;淡水區,2621-1321,jiayao1321@gmail.com,張瑜玲,20250101.0,20250630.0,20241231 16:08:39
翁華宗小兒科診所,B20200085,B2,新北市,三重區,新北市三重區正義北路324號,121.4948654175,25.0703887939,B,居家失能個案家庭醫師照護服務,新北市,三重區;蘆洲區,02-29879872,weng306@gmail.com,翁華宗,20250101.0,20271231.0,20250113 14:22:24
新北市私立聯順居家式服務類長期照顧服務機構-永安里巷弄長照站(醫事C),B10200081,B1,新北市,板橋區,新北市板橋區永安里萬板路186號1樓,121.4761886597,25.0237064362,C,巷弄長照站,新北市,板橋區;中和區,(02)29685077分機186,thnbuutzorg@gmail.com,汪秋蓉,20210101.0,20211231.0,20210525 17:08:55
新北市私立聯順居家式服務類長期照顧服務機構-漢生里巷弄長照站(醫事C),B10200082,B1,新北市,板橋區,新北市板橋區漢生里文化路一段45巷1弄1號,121.4603729248,25.0137004852,C,巷弄長照站,新北市,板橋區;中和區,(02)29685077分機29,thnbuutzorg@gmail.com,汪秋蓉,20210101.0,20211231.0,20210525 17:08:55
寶護企業社附設新北市私立寶護居家長照機構,1X0200021,1,新北市,蘆洲區,新北市蘆洲區恆德里中山二路12號2樓,121.4753417969,25.0819358826,B,居家服務,新北市,蘆洲區;五股區,02-77522022,bear5583@gmail.com,王智婷,20250101.0,20271231.0,20241224 15:32:27
新北市私立佳嘉居家長照機構,1X0200027,1,新北市,八里區,新北市八里區荖阡里訊塘路3號3樓,121.3981323242,25.1445636749,B,居家服務,新北市,八里區,2619-5676,jaja131488@gmail.com,林秀真,20250101.0,20271231.0,20241205 11:55:11
財團法人中華民國佛教慈濟慈善事業基金會-三重靜思堂關懷據點(社照C),BD0200038,BD,新北市,三重區,新北市三重區大有里中正北路450號,121.4738235474,25.0713596344,C,巷弄長照站,新北市,三重區,,littlepatty219@gmail.com,林沛慈,20230101.0,20231231.0,20230630 15:19:01
益勤小客車租賃有限公司,BA0200002,BA,新北市,三峽區,新北市三峽區大觀路96號,121.3738021851,24.946811676,B,交通接送服務,新北市,三峽區,02-35012421,yxiaokeche@gmail.com,張家榞,20250101.0,20271231.0,20241226 15:39:39
財團法人伊甸社會服務基金會-鶯歌大湖公共托老中心(醫事C),BD0200042,BD,新北市,鶯歌區,新北市鶯歌區中湖里大湖路338巷2號,121.346244812,24.971075058,C,巷弄長照站,新北市,鶯歌區,2677-6759,eden7738@eden.org.tw,成亮,20200101.0,20200131.0,20210218 16:50:38
台灣基督徒見證協會(社照C),BG0200029,BG,新北市,淡水區,新北市淡水區學府路36號4樓,121.4482192993,25.1687812805,C,巷弄長照站,新北市,淡水區,02-2626-7454轉108,aiai@church.com.tw,鄭惠美,20220101.0,20231231.0,20230628 15:37:12
新北市私立悠樂活居家長照機構,1X0200023,1,新北市,林口區,新北市林口區麗園一街6巷7號1樓之2,121.3753204346,25.0708503723,B,喘息服務,新北市,新莊區;泰山區;林口區,2608-5670,binjer.ictmic@gmail.com,黃富琮,20250101.0,20271231.0,20241219 11:03:02
新北市私立悠樂活居家長照機構,1X0200023,1,新北市,林口區,新北市林口區麗園一街6巷7號1樓之2,121.3753204346,25.0708503723,B,居家服務,新北市,新莊區;泰山區;林口區,2608-5670,binjer.ictmic@gmail.com,黃富琮,20250101.0,20271231.0,20241219 11:01:35
璟馨居家護理所,B10200086,B1,新北市,土城區,新北市土城區延吉里延吉街76號3樓,121.4710083008,24.9866199493,B,專業照護服務,臺北市,松山區;信義區;大安區;中山區;中正區;大同區;萬華區;文山區;南港區;內湖區;士林區;北投區,7723-0968,jxhomecare@gmail.com,洪慧珍,20190409.0,20201231.0,20190821 15:43:37
民族骨科診所(醫事C),B20200075,B2,新北市,蘆洲區,新北市蘆洲區仁義里集賢路336巷7號,121.4794311523,25.0862140656,C,巷弄長照站,新北市,蘆洲區,(02)2848-5500,winniechien@usmg.com.tw,蘇治原,20190801.0,20211231.0,20210525 18:54:55
新北市私立五棵松居家長照機構,1X0200035,1,新北市,新店區,新北市新店區中正路125號3樓,121.5419769287,24.9711704254,A,個案管理服務,新北市,新店區,0938-769992,xnicecare@gmail.com,劉梅芳,20250101.0,20250630.0,20241231 15:53:56
新北市私立常錦居家長照機構,1X0200036,1,新北市,板橋區,新北市板橋區重慶里國慶路149巷1弄12號1號,121.4616165161,24.9972286224,B,居家服務,新北市,板橋區;中和區;永和區;新莊區;新店區;樹林區;土城區,8952-0607,a89520607@gmail.com,徐庭云,20250101.0,20271231.0,20241227 10:23:34
新店區中山里辦公處(社照C),BG0200028,BG,新北市,新店區,新北市新店區中山里溪園路361號1F,121.5233688354,24.9808616638,C,巷弄長照站,新北市,新店區,0955177853,Wendy40116@yahoo.com.tw,潘威志,20220101.0,20221231.0,20220503 10:20:09
新北市永和區忠孝社區發展協會(社照C),BF0200089,BF,新北市,永和區,新北市永和區頂溪里忠孝街26巷8號6樓,121.5153121948,25.0168552399,C,巷弄長照站,新北市,永和區,0229226788,mimi3849250@gmail.com,蔡美娟,20220101.0,20231231.0,20230601 19:09:40
社團法人台灣樂活服務發展協會中和連城站(社照C),BE0200029,BE,新北市,中和區,新北市中和區連城里新北市中和區連城里連城路89巷36號,121.4973983765,24.9987411499,C,巷弄長照站,新北市,中和區,0920074192,joy.family@seed.net.tw,馬瑞辰,20220101.0,20221231.0,20220502 16:56:32
台灣基督長老教會馬偕醫療財團法人淡水馬偕紀念醫院淡水區油車里(醫事C),B20200047,B2,新北市,淡水區,新北市淡水區油車里淡海路32號,121.4230957031,25.1815643311,C,巷弄長照站,新北市,淡水區,02-28094661#2160,love771005.b718@mmh.org.tw,廖麗華,20190401.0,20211231.0,20210526 18:03:50
台灣基督長老教會馬偕醫療財團法人淡水馬偕紀念醫院淡水區竹圍里(醫事C),B20200048,B2,新北市,淡水區,新北市淡水區竹圍里民族路31號,121.4610977173,25.1368103027,C,巷弄長照站,新北市,淡水區,02-28094661#2160,love771005.b718@mmh.org.tw,廖麗華,20190401.0,20211231.0,20210526 18:03:50
新北市原住民家庭關懷協會,BF0200073,BF,新北市,汐止區,新北市汐止區山光里樟樹一路137巷26號2樓,121.6416931152,25.0693473816,C,巷弄長照站,新北市,汐止區,02-26426598,ccchungdaw@mohw.gov.tw,黃秀英,20190101.0,20191231.0,20190912 15:29:10
新北市蘆洲區福祿壽協會(社照C),BF0200084,BF,新北市,蘆洲區,新北市蘆洲區南港里永平街32巷69弄5號3樓,121.4597244263,25.0932731628,C,巷弄長照站,新北市,蘆洲區,,1012tsai@gmail.com,蔡月嬌,20220101.0,20221231.0,20220503 10:05:25
財團法人新北市基督徒蘆洲禮拜堂(社照C),BD0200037,BD,新北市,蘆洲區,新北市蘆洲區仁德里三民路26巷71弄2號B1,121.4785690308,25.0834770203,C,巷弄長照站,新北市,蘆洲區,,davidchiu166@yahoo.com.tw,邱大信,20220101.0,20221231.0,20220503 10:04:20
新北市政府社會局委託財團法人伊甸社會福利基金會辦理新莊頭前庄社區長照機構(新莊頭前庄障礙者日間照顧中心),2S0200024,2,新北市,新莊區,新北市新莊區幸福東路7號4樓,121.4669952393,25.0491485596,B,日間照顧服務,新北市,板橋區;三重區;中和區;永和區;新莊區;新店區;樹林區;鶯歌區;三峽區;淡水區;汐止區;瑞芳區;土城區;蘆洲區;五股區;泰山區;林口區;深坑區;石碇區;坪林區;三芝區;石門區;八里區;平溪區;雙溪區;貢寮區;金山區;萬里區;烏來區,29988020,eden9110@eden.org.tw,陳宇昭,20250101.0,20271231.0,20241220 10:54:20
新北市未來市樂活長青關懷協會(社照C),BF0200093,BF,新北市,林口區,新北市林口區湖南里文化二路一段557號3樓之2,121.3743972778,25.0774879456,C,巷弄長照站,新北市,林口區,0988587216,amy650509@hotmail.com,許秀蘭,20190901.0,20211231.0,20210511 15:00:09
知足居家物理治療所,B40200015,B4,新北市,泰山區,新北市泰山區民國街2號,121.4251480103,25.043548584,B,專業照護服務(CC01),新北市,板橋區;三重區;中和區;永和區;新莊區;新店區;樹林區;鶯歌區;三峽區;淡水區;汐止區;瑞芳區;土城區;蘆洲區;五股區;泰山區;林口區;深坑區;石碇區;坪林區;三芝區;石門區;八里區;平溪區;雙溪區;貢寮區;金山區;萬里區;烏來區,0921180817,contentmentpt@gmail.com,戴國鈞,20220101.0,20241231.0,20230802 17:19:14
新北市政府社會局委託財團法人伊甸社會福利基金會辦理新莊頭前庄社區長照機構(新莊頭前庄障礙者日間照顧中心),2S0200024,2,新北市,新莊區,新北市新莊區幸福東路7號4樓,121.4669952393,25.0491485596,B,喘息服務,新北市,板橋區;三重區;中和區;永和區;新莊區;新店區;樹林區;鶯歌區;三峽區;淡水區;汐止區;瑞芳區;土城區;蘆洲區;五股區;泰山區;林口區;深坑區;石碇區;坪林區;三芝區;石門區;八里區;平溪區;雙溪區;貢寮區;金山區;萬里區;烏來區,29988020,eden9110@eden.org.tw,陳宇昭,20250101.0,20271231.0,20241220 10:54:38
財團法人伊甸社會服務基金會-鶯歌大湖公共托老中心(醫事C),BD0200042,BD,新北市,鶯歌區,新北市鶯歌區中湖里大湖路338巷2號,121.346244812,24.971075058,C,巷弄長照站,新北市,鶯歌區,2677-6759,eden7738@eden.org.tw,成亮,20210401.0,20211231.0,20210526 17:31:12
社團法人台灣立享長照服務教育發展協會附設新北市私立立享居家長照機構,1R0200010,1,新北市,中和區,新北市中和區橋安街9號7樓,121.4973449707,25.0067481995,B,居家服務,新北市,板橋區;三重區;中和區;永和區;新莊區;新店區;土城區;蘆洲區;五股區,2248-0061,lishnool@gmail.com,朱柏霖,20250101.0,20271231.0,20241205 15:18:15
社團法人台灣立享長照服務教育發展協會附設新北市私立立享居家長照機構,1R0200010,1,新北市,中和區,新北市中和區橋安街9號7樓,121.4973449707,25.0067481995,B,喘息服務,臺北市,松山區;大安區;中山區;中正區;大同區;萬華區;士林區,2248-0061,lishnool@gmail.com,朱柏霖,20250101.0,20261231.0,20241120 10:44:54
新北市私立永瑞老人長期照顧中心(養護型),A10200356,A1,新北市,新莊區,新北市新莊區化成里化成路354號,121.4659194946,25.0492477417,B,喘息服務,新北市,板橋區;三重區;中和區;永和區;新莊區;新店區;樹林區;鶯歌區;三峽區;淡水區;汐止區;瑞芳區;土城區;蘆洲區;五股區;泰山區;林口區;深坑區;石碇區;坪林區;三芝區;石門區;八里區;平溪區;雙溪區;貢寮區;金山區;萬里區;烏來區,02-29942910,ruchang.li@msa.hinet.net,李瑞昌,20250101.0,20271231.0,20241227 08:52:39
財團法人新北市私立馨園老人養護中心,A10200362,A1,新北市,萬里區,新北市萬里區磺潭里公舘崙23之1號,121.6274032593,25.2062263489,B,喘息服務,新北市,板橋區;三重區;中和區;永和區;新莊區;新店區;樹林區;鶯歌區;三峽區;淡水區;汐止區;瑞芳區;土城區;蘆洲區;五股區;泰山區;林口區;深坑區;石碇區;坪林區;三芝區;石門區;八里區;平溪區;雙溪區;貢寮區;金山區;萬里區;烏來區,02-24989331,shinyuan24989331@gmail.com,應堃煇,20250101.0,20271231.0,20250106 09:36:49
知足居家物理治療所,B40200015,B4,新北市,泰山區,新北市泰山區民國街2號,121.4251480103,25.043548584,B,專業照護服務,新北市,板橋區;三重區;中和區;永和區;新莊區;新店區;樹林區;鶯歌區;三峽區;淡水區;汐止區;瑞芳區;土城區;蘆洲區;五股區;泰山區;林口區;深坑區;石碇區;坪林區;三芝區;石門區;八里區;雙溪區;金山區;萬里區;烏來區,0921180817,contentmentpt@gmail.com,戴國鈞,20220101.0,20241231.0,20220401 10:55:21
新北市私立再芳老人長期照顧中心(養護型),A10200351,A1,新北市,五股區,新北市五股區集福里成泰路四段10號3樓之2,121.453338623,25.1066036224,B,喘息服務,新北市,三重區;新莊區;淡水區;蘆洲區;五股區;泰山區;林口區;三芝區;八里區,02-22923158,zf22921358@gmail.com,陳丁福,20250101.0,20271231.0,20241227 14:46:25
新北市私立大坪林老人長期照顧中心(養護型),A10200352,A1,新北市,新店區,新北市新店區明德里民權路58號,121.5386657715,24.9830856323,B,喘息服務,新北市,板橋區;三重區;中和區;永和區;新莊區;新店區;樹林區;鶯歌區;三峽區;淡水區;汐止區;瑞芳區;土城區;蘆洲區;五股區;泰山區;林口區;深坑區;石碇區;坪林區;三芝區;石門區;八里區;平溪區;雙溪區;貢寮區;金山區;萬里區;烏來區,02-29111377,minilo1688@yahoo.com.tw,羅德蘭,20250101.0,20271231.0,20250106 09:35:09
新北市私立大坪林老人長期照顧中心(養護型),A10200352,A1,新北市,新店區,新北市新店區明德里民權路58號,121.5386657715,24.9830856323,B,喘息服務,臺北市,松山區;信義區;大安區;中山區;中正區;大同區;萬華區;文山區;南港區;內湖區;士林區;北投區,02-29111377,minilo1688@yahoo.com.tw,羅德蘭,20210101.0,20241231.0,20221229 22:32:44
新北市私立匯福老人長期照顧中心(養護型),A10200354,A1,新北市,新店區,新北市新店區青潭里竹林路99號,121.5545501709,24.9504032135,B,喘息服務,新北市,板橋區;三重區;中和區;永和區;新莊區;新店區;樹林區;鶯歌區;三峽區;淡水區;汐止區;瑞芳區;土城區;蘆洲區;五股區;泰山區;林口區;深坑區;石碇區;坪林區;三芝區;石門區;八里區;平溪區;雙溪區;貢寮區;金山區;萬里區;烏來區,02-22178035,a0936732090@gmail.com,廖麗如,20250101.0,20271231.0,20241205 14:21:11
新北市私立健安老人長期照顧中心(養護型),A10200357,A1,新北市,新莊區,新北市新莊區雙鳳路121號,121.4134902954,25.0278835297,B,喘息服務,新北市,板橋區;三重區;中和區;永和區;新莊區;新店區;樹林區;鶯歌區;三峽區;淡水區;汐止區;土城區;蘆洲區;五股區;泰山區;林口區,02-29031356,allways.may@msa.hinet.net,廖文義,20250101.0,20271231.0,20241205 15:03:18
社團法人台灣立享長照服務教育發展協會附設新北市私立立享居家長照機構,1R0200010,1,新北市,中和區,新北市中和區橋安街9號7樓,121.4973449707,25.0067481995,A,個案管理服務,臺北市,中正區,2248-0061,lishnool@gmail.com,朱柏霖,20250101.0,20261231.0,20241231 20:14:02
社團法人台灣立享長照服務教育發展協會附設新北市私立立享居家長照機構,1R0200010,1,新北市,中和區,新北市中和區橋安街9號7樓,121.4973449707,25.0067481995,B,喘息服務,臺北市,松山區;大安區;中山區;中正區;大同區;萬華區;士林區,2248-0061,lishnool@gmail.com,朱柏霖,20191122.0,20241231.0,20221229 22:09:34
新北市私立常春藤居家長照機構,1X0200030,1,新北市,汐止區,新北市汐止區中興里汐止區福德二路215號5樓之2,121.6384811401,25.0801506042,A,個案管理服務,新北市,汐止區;瑞芳區;深坑區;石碇區;三芝區;石門區;八里區,2642-1938,ivycareee@gmail.com,俞美娟,20250101.0,20250630.0,20241231 16:10:46
新北市私立常春藤居家長照機構,1X0200030,1,新北市,汐止區,新北市汐止區中興里汐止區福德二路215號5樓之2,121.6384811401,25.0801506042,B,居家服務,新北市,淡水區;汐止區;瑞芳區;深坑區;石碇區;三芝區;石門區;八里區,2642-1938,ivycareee@gmail.com,俞美娟,20250101.0,20271231.0,20241224 16:07:47
新北市私立常春藤居家長照機構,1X0200030,1,新北市,汐止區,新北市汐止區中興里汐止區福德二路215號5樓之2,121.6384811401,25.0801506042,B,喘息服務,新北市,淡水區;汐止區;瑞芳區;深坑區;石碇區;三芝區;石門區;八里區,2642-1938,ivycareee@gmail.com,俞美娟,20250101.0,20271231.0,20241224 16:11:35
新北市私立常春藤居家長照機構,1X0200030,1,新北市,汐止區,新北市汐止區中興里汐止區福德二路215號5樓之2,121.6384811401,25.0801506042,B,專業照護服務(CC01),新北市,三重區;永和區;新店區;鶯歌區;三峽區;淡水區;汐止區;瑞芳區;蘆洲區;五股區;林口區;深坑區;石碇區;坪林區;三芝區;石門區;八里區;平溪區;雙溪區;貢寮區;金山區;萬里區;烏來區,2642-1938,ivycareee@gmail.com,俞美娟,20250101.0,20271231.0,20241224 16:12:35
新北市私立常春藤居家長照機構,1X0200030,1,新北市,汐止區,新北市汐止區中興里汐止區福德二路215號5樓之2,121.6384811401,25.0801506042,B,營養餐飲服務,新北市,汐止區;瑞芳區,2642-1938,ivycareee@gmail.com,俞美娟,20250101.0,20250131.0,20250122 14:34:34
陳敏玲內科診所,B20200067,B2,新北市,板橋區,新北市板橋區溪崑二街97號,121.4269866943,24.9891548157,B,居家失能個案家庭醫師照護服務,新北市,板橋區;樹林區,26816661,apple.yaping168@gmail.com,陳敏玲,20250101.0,20271231.0,20250106 11:48:29
頂埔中心診所,B20200068,B2,新北市,土城區,新北市土城區中央路四段286號,121.4143066406,24.9564285278,B,居家失能個案家庭醫師照護服務,新北市,土城區,02-22671382,dr.dingpu@gmail.com,張嘉興,20250101.0,20271231.0,20241227 14:43:47
社團法人台灣立享長照服務教育發展協會附設新北市私立立享居家長照機構,1R0200010,1,新北市,中和區,新北市中和區橋安街9號7樓,121.4973449707,25.0067481995,B,喘息服務,新北市,板橋區;三重區;中和區;永和區;新莊區;新店區;土城區;蘆洲區;五股區,2248-0061,lishnool@gmail.com,朱柏霖,20250101.0,20271231.0,20241205 15:19:18
社團法人台灣立享長照服務教育發展協會附設新北市私立立享居家長照機構,1R0200010,1,新北市,中和區,新北市中和區橋安街9號7樓,121.4973449707,25.0067481995,B,居家服務,臺北市,松山區;大安區;中山區;中正區;大同區;萬華區;士林區,2248-0061,lishnool@gmail.com,朱柏霖,20191112.0,20261231.0,20231229 17:01:33
新北市私立常春藤居家長照機構,1X0200030,1,新北市,汐止區,新北市汐止區中興里汐止區福德二路215號5樓之2,121.6384811401,25.0801506042,B,專業照護服務,新北市,三重區;新店區;鶯歌區;三峽區;淡水區;汐止區;瑞芳區;蘆洲區;五股區;林口區;深坑區;石碇區;坪林區;三芝區;石門區;八里區;平溪區;雙溪區;貢寮區;萬里區;烏來區,2642-1938,ivycareee@gmail.com,俞美娟,20220101.0,20241231.0,20220506 13:45:56
新北市私立常春藤居家長照機構,1X0200030,1,新北市,汐止區,新北市汐止區中興里汐止區福德二路215號5樓之2,121.6384811401,25.0801506042,B,專業照護服務,新北市,三重區;永和區;新店區;鶯歌區;三峽區;淡水區;汐止區;瑞芳區;蘆洲區;五股區;林口區;深坑區;石碇區;坪林區;三芝區;石門區;八里區;平溪區;雙溪區;貢寮區;金山區;萬里區;烏來區,2642-1938,ivycareee@gmail.com,俞美娟,20250101.0,20271231.0,20241224 16:12:09
新北市私立大坪林老人長期照顧中心(養護型),A10200352,A1,新北市,新店區,新北市新店區明德里民權路58號,121.5386657715,24.9830856323,B,喘息服務,臺北市,松山區;信義區;大安區;中山區;中正區;大同區;萬華區;文山區;南港區;內湖區;士林區;北投區,02-29111377,minilo1688@yahoo.com.tw,羅德蘭,20250101.0,20261231.0,20241231 11:26:50
知足居家物理治療所,B40200015,B4,新北市,泰山區,新北市泰山區民國街2號,121.4251480103,25.043548584,B,專業照護服務,新北市,板橋區;三重區;中和區;永和區;新莊區;新店區;樹林區;鶯歌區;三峽區;淡水區;汐止區;瑞芳區;土城區;蘆洲區;五股區;泰山區;林口區;深坑區;石碇區;坪林區;三芝區;八里區;雙溪區;金山區;萬里區;烏來區,0921180817,contentmentpt@gmail.com,戴國鈞,20250101.0,20271231.0,20250110 14:25:30
知足居家物理治療所,B40200015,B4,新北市,泰山區,新北市泰山區民國街2號,121.4251480103,25.043548584,B,專業照護服務(CC01),新北市,板橋區;三重區;中和區;永和區;新莊區;新店區;樹林區;鶯歌區;三峽區;淡水區;汐止區;瑞芳區;土城區;蘆洲區;五股區;泰山區;林口區;深坑區;石碇區;坪林區;三芝區;八里區;雙溪區;金山區;萬里區;烏來區,0921180817,contentmentpt@gmail.com,戴國鈞,20250101.0,20271231.0,20250110 14:25:56
社團法人台灣立享長照服務教育發展協會附設新北市私立立享居家長照機構,1R0200010,1,新北市,中和區,新北市中和區橋安街9號7樓,121.4973449707,25.0067481995,A,個案管理服務,臺北市,中正區,2248-0061,lishnool@gmail.com,朱柏霖,20241223.0,20241231.0,20241220 13:24:11
社團法人台灣立享長照服務教育發展協會附設新北市私立立享居家長照機構,1R0200010,1,新北市,中和區,新北市中和區橋安街9號7樓,121.4973449707,25.0067481995,A,個案管理服務,臺北市,大同區,2248-0061,lishnool@gmail.com,朱柏霖,20241223.0,20241231.0,20241220 13:26:12
社團法人台灣立享長照服務教育發展協會附設新北市私立立享居家長照機構,1R0200010,1,新北市,中和區,新北市中和區橋安街9號7樓,121.4973449707,25.0067481995,A,個案管理服務,臺北市,大同區,2248-0061,lishnool@gmail.com,朱柏霖,20250101.0,20261231.0,20241231 20:12:56
新北市私立常春藤居家長照機構,1X0200030,1,新北市,汐止區,新北市汐止區中興里汐止區福德二路215號5樓之2,121.6384811401,25.0801506042,B,專業照護服務(CC01),新北市,三重區;永和區;新店區;鶯歌區;三峽區;淡水區;汐止區;瑞芳區;蘆洲區;五股區;林口區;深坑區;石碇區;坪林區;三芝區;石門區;八里區;平溪區;雙溪區;貢寮區;金山區;萬里區;烏來區,2642-1938,ivycareee@gmail.com,俞美娟,20240613.0,20241231.0,20240619 16:29:23
德興診所(醫事C),B20200076,B2,新北市,蘆洲區,新北市蘆洲區仁德里三民路26巷31弄10號及12號1樓,121.4760055542,25.0873088837,C,巷弄長照站,新北市,蘆洲區,(02)2285-5598,gaga200476@gmail.com,蔡燿州,20190801.0,20211231.0,20210525 18:58:37
長安骨科診所(醫事C),B20200077,B2,新北市,蘆洲區,新北市蘆洲區永康里長安街277號2樓,121.458366394,25.0841674805,C,巷弄長照站,新北市,蘆洲區,28485500,winniechien@usmg.com.tw,曾耀弘,20190901.0,20211231.0,20210525 19:04:41
力健復健科診所(醫事C),B20200078,B2,新北市,汐止區,新北市汐止區智慧里大同路2段265號1樓,121.653213501,25.0661964417,C,巷弄長照站,新北市,汐止區,(02)26470755,A0975567232@gmail.com,楊威,20210101.0,20211231.0,20210526 18:33:02
全人居家護理所,B10200085,B1,新北市,汐止區,新北市汐止區長興街二段60號2樓之1,121.6746444702,25.0817947388,B,居家失能個案家庭醫師照護服務,新北市,汐止區;深坑區,0978850600,a26411710@gmail.com,呂詩婷,20250101.0,20271231.0,20250110 15:34:14
正生婦幼聯合診所(醫事C),B20200079,B2,新北市,中和區,新北市中和區和興里中正路122號3樓,121.5031204224,24.9937534332,C,巷弄長照站,新北市,中和區,22446969 轉313,baby.w0708@gmail.com,陳先正,20190901.0,20201231.0,20200206 16:10:42
新北市永和區衛生所,B20200083,B2,新北市,永和區,新北市永和區秀朗路一段137號,121.5162353516,25.0049705505,B,居家失能個案家庭醫師照護服務,新北市,永和區,02-32332780,AO3241@ntpc.gov.tw,吳依玲,20250101.0,20271231.0,20241226 16:43:32
和鄰長照股份有限公司附設新北市私立和鄰居家長照機構-樹林樹西據點(醫事C),1X0200025,1,新北市,樹林區,新北市樹林區樹西里啟智街72號1樓,121.4199829102,24.9921760559,B,喘息服務,新北市,樹林區,(02)7709-8518,honearshih@gmail.com,邱青萸,20250101.0,20271231.0,20250425 14:09:03
和鄰長照股份有限公司附設新北市私立和鄰居家長照機構-樹林樹西據點(醫事C),1X0200025,1,新北市,樹林區,新北市樹林區樹西里啟智街72號1樓,121.4199829102,24.9921760559,C,巷弄長照站,新北市,新店區;樹林區;鶯歌區,(02)7709-8518,honearshih@gmail.com,邱青萸,20210101.0,20211231.0,20210526 17:14:16
洪石數位生活股份有限公司附設新北市私立到咖手居家長照機構,1V0200007,1,新北市,板橋區,新北市板橋區文化路一段32巷10號1樓,121.4619827271,25.0091362,B,專業照護服務(CC01),新北市,板橋區;三重區;中和區;永和區;新莊區;新店區;樹林區;鶯歌區;三峽區;土城區;蘆洲區;五股區;泰山區,2272-6233,info@docaso885.com,林昌坤,20230101.0,20241231.0,20240227 14:44:56
洪石數位生活股份有限公司附設新北市私立到咖手居家長照機構,1V0200007,1,新北市,板橋區,新北市板橋區文化路一段32巷10號1樓,121.4619827271,25.0091362,B,喘息服務,新北市,板橋區;樹林區;三峽區,2272-6233,info@docaso885.com,林昌坤,20250101.0,20271231.0,20241217 15:30:55
洪石數位生活股份有限公司附設新北市私立到咖手居家長照機構,1V0200007,1,新北市,板橋區,新北市板橋區文化路一段32巷10號1樓,121.4619827271,25.0091362,A,個案管理服務,新北市,板橋區;土城區,2272-6233,info@docaso885.com,林昌坤,20250101.0,20250630.0,20241231 15:53:25
新北市私立宜安老人長期照顧中心(養護型),A10200350,A1,新北市,中和區,新北市中和區泰安里景安路48號7樓,121.5067749023,24.9980201721,B,喘息服務,臺北市,松山區;信義區;大安區;中山區;中正區;大同區;萬華區;文山區;南港區;內湖區;士林區;北投區,02-2240935,chingan2005@gmail.com,黃明發,20210208.0,20241231.0,20221230 19:29:55
新北市私立匯安老人長期照顧中心(養護型),A10200353,A1,新北市,新店區,新北市新店區國豐里中正路399巷7號,121.5342178345,24.9769248962,B,喘息服務,新北市,板橋區;三重區;中和區;永和區;新莊區;新店區;樹林區;鶯歌區;三峽區;淡水區;汐止區;瑞芳區;土城區;蘆洲區;五股區;泰山區;林口區;深坑區;石碇區;坪林區;三芝區;石門區;八里區;平溪區;雙溪區;貢寮區;金山區;萬里區;烏來區,02-86656656,a0936732090@gmail.com,廖麗如,20250101.0,20271231.0,20241225 11:15:22
財團法人私立廣恩老人養護中心,A10200361,A1,新北市,新店區,新北市新店區員潭里員潭里北宜路2段579巷45號,121.809135437,25.1075363159,A,個案管理服務,新北市,三重區;新店區;瑞芳區;土城區;蘆洲區;五股區,02-22173517,guannenn@yahoo.com.tw,林偉峰,20250101.0,20250630.0,20241231 15:59:20
洪石數位生活股份有限公司附設新北市私立到咖手居家長照機構,1V0200007,1,新北市,板橋區,新北市板橋區文化路一段32巷10號1樓,121.4619827271,25.0091362,B,專業照護服務,新北市,板橋區;三重區;中和區;永和區;新莊區;新店區;樹林區;鶯歌區;三峽區;土城區;蘆洲區;五股區;泰山區,2272-6233,info@docaso885.com,林昌坤,20220101.0,20241231.0,20220318 08:29:52
洪石數位生活股份有限公司附設新北市私立到咖手居家長照機構,1V0200007,1,新北市,板橋區,新北市板橋區文化路一段32巷10號1樓,121.4619827271,25.0091362,B,居家服務,新北市,板橋區;樹林區;三峽區,2272-6233,info@docaso885.com,林昌坤,20250101.0,20271231.0,20241217 15:30:13
洪石數位生活股份有限公司附設新北市私立到咖手居家長照機構,1V0200007,1,新北市,板橋區,新北市板橋區文化路一段32巷10號1樓,121.4619827271,25.0091362,B,專業照護服務,新北市,板橋區;三重區;中和區;永和區;新莊區;新店區;樹林區;鶯歌區;三峽區;土城區;蘆洲區;五股區;泰山區,2272-6233,info@docaso885.com,林昌坤,20250101.0,20271231.0,20241217 15:32:02
新北市私立宜安老人長期照顧中心(養護型),A10200350,A1,新北市,中和區,新北市中和區泰安里景安路48號7樓,121.5067749023,24.9980201721,B,喘息服務,臺北市,松山區;信義區;大安區;中山區;中正區;大同區;萬華區;文山區;南港區;內湖區;士林區;北投區,02-2240935,chingan2005@gmail.com,黃明發,20250101.0,20261231.0,20241231 11:42:39
新北市私立宜安老人長期照顧中心(養護型),A10200350,A1,新北市,中和區,新北市中和區泰安里景安路48號7樓,121.5067749023,24.9980201721,B,喘息服務,新北市,板橋區;三重區;中和區;永和區;新莊區;新店區;樹林區;鶯歌區;三峽區;淡水區;汐止區;瑞芳區;土城區;蘆洲區;五股區;泰山區;林口區;深坑區;石碇區;坪林區;三芝區;石門區;八里區;平溪區;雙溪區;貢寮區;金山區;萬里區;烏來區,02-2240935,chingan2005@gmail.com,黃明發,20250101.0,20271231.0,20241224 11:39:36
新北市私立匯安老人長期照顧中心(養護型),A10200353,A1,新北市,新店區,新北市新店區國豐里中正路399巷7號,121.5342178345,24.9769248962,B,交通接送服務,新北市,中和區;永和區;新店區;烏來區,02-86656656,a0936732090@gmail.com,廖麗如,20250101.0,20271231.0,20241225 11:15:46
財團法人私立廣恩老人養護中心,A10200361,A1,新北市,新店區,新北市新店區員潭里員潭里北宜路2段579巷45號,121.809135437,25.1075363159,A,個案管理服務,臺北市,文山區,02-22173517,guannenn@yahoo.com.tw,林偉峰,20250101.0,20261231.0,20241231 20:18:14
財團法人私立廣恩老人養護中心,A10200361,A1,新北市,新店區,新北市新店區員潭里員潭里北宜路2段579巷45號,121.809135437,25.1075363159,A,個案管理服務,臺北市,文山區,02-22173517,guannenn@yahoo.com.tw,林偉峰,20230101.0,20241231.0,20230626 14:37:19
財團法人私立廣恩老人養護中心,A10200361,A1,新北市,新店區,新北市新店區員潭里員潭里北宜路2段579巷45號,121.809135437,25.1075363159,A,個案管理服務,臺北市,中正區,02-22173517,guannenn@yahoo.com.tw,林偉峰,20240101.0,20261231.0,20231229 16:28:40
財團法人私立廣恩老人養護中心,A10200361,A1,新北市,新店區,新北市新店區員潭里員潭里北宜路2段579巷45號,121.809135437,25.1075363159,B,居家服務,臺北市,松山區;信義區;大安區;中山區;中正區;大同區;萬華區;文山區,02-22173517,guannenn@yahoo.com.tw,林偉峰,20240101.0,20261231.0,20231229 16:28:40
財團法人私立廣恩老人養護中心,A10200361,A1,新北市,新店區,新北市新店區員潭里員潭里北宜路2段579巷45號,121.809135437,25.1075363159,B,喘息服務,臺北市,松山區;信義區;大安區;中山區;中正區;大同區;萬華區;文山區;南港區;內湖區;士林區;北投區,02-22173517,guannenn@yahoo.com.tw,林偉峰,20250101.0,20261231.0,20241126 11:54:07
新北市石門區衛生所,B20200063,B2,新北市,石門區,新北市石門區中山路28-1號,121.5659713745,25.2901649475,A,個案管理服務,新北市,石門區,02-26381007,ntpc260@ntpc.gov.tw,陳凡倩,20250101.0,20250630.0,20241231 16:33:26
新北市石門區衛生所,B20200063,B2,新北市,石門區,新北市石門區中山路28-1號,121.5659713745,25.2901649475,B,居家失能個案家庭醫師照護服務,新北市,石門區,02-26381007,ntpc260@ntpc.gov.tw,陳凡倩,20250101.0,20271231.0,20241231 14:15:23
財團法人私立廣恩老人養護中心,A10200361,A1,新北市,新店區,新北市新店區員潭里員潭里北宜路2段579巷45號,121.809135437,25.1075363159,B,喘息服務,臺北市,松山區;信義區;大安區;中山區;中正區;大同區;萬華區;文山區;南港區;內湖區;士林區;北投區,02-22173517,guannenn@yahoo.com.tw,林偉峰,20180523.0,20241231.0,20221229 23:06:11
新北市私立珍珍老人長期照顧中心(養護型),A10200342,A1,新北市,新莊區,新北市新莊區化成里化成路354號3樓,121.4659194946,25.0492477417,B,喘息服務,新北市,板橋區;三重區;中和區;永和區;新莊區;新店區;樹林區;鶯歌區;三峽區;淡水區;汐止區;瑞芳區;土城區;蘆洲區;五股區;泰山區;林口區;深坑區;石碇區;坪林區;三芝區;石門區;八里區;平溪區;雙溪區;貢寮區;金山區;萬里區;烏來區,02-29981537,jc50729.f3@msa.hinet.net,吳馥珍,20250101.0,20271231.0,20241227 08:48:51
洪石數位生活股份有限公司附設新北市私立到咖手居家長照機構,1V0200007,1,新北市,板橋區,新北市板橋區文化路一段32巷10號1樓,121.4619827271,25.0091362,B,專業照護服務(CC01),新北市,板橋區;三重區;中和區;永和區;新莊區;新店區;樹林區;鶯歌區;三峽區;土城區;蘆洲區;五股區;泰山區,2272-6233,info@docaso885.com,林昌坤,20250101.0,20271231.0,20241217 15:32:48
新北市私立恩勤居家長照機構,1X0200037,1,新北市,板橋區,新北市板橋區文化路一段189號7樓,121.4630584717,25.0165557861,A,個案管理服務,臺北市,萬華區,8953-5988,kelly2266@kimo.com,陳蕙汎,20250101.0,20261231.0,20241231 20:07:22
新北市私立恩勤居家長照機構,1X0200037,1,新北市,板橋區,新北市板橋區文化路一段189號7樓,121.4630584717,25.0165557861,A,個案管理服務,新北市,三重區;中和區,8953-5988,kelly2266@kimo.com,陳蕙汎,20250101.0,20250630.0,20241231 15:10:54
財團法人私立廣恩老人養護中心,A10200361,A1,新北市,新店區,新北市新店區員潭里員潭里北宜路2段579巷45號,121.809135437,25.1075363159,B,居家服務,新北市,三重區;新莊區;新店區;瑞芳區;土城區;蘆洲區;五股區,02-22173517,guannenn@yahoo.com.tw,林偉峰,20250101.0,20271231.0,20241217 14:03:19
財團法人私立廣恩老人養護中心,A10200361,A1,新北市,新店區,新北市新店區員潭里員潭里北宜路2段579巷45號,121.809135437,25.1075363159,B,喘息服務,新北市,三重區;中和區;永和區;新莊區;新店區;瑞芳區;土城區;蘆洲區;五股區,02-22173517,guannenn@yahoo.com.tw,林偉峰,20250101.0,20271231.0,20241217 14:04:41
新北市私立恩勤居家長照機構,1X0200037,1,新北市,板橋區,新北市板橋區文化路一段189號7樓,121.4630584717,25.0165557861,A,個案管理服務,臺北市,萬華區,8953-5988,kelly2266@kimo.com,陳蕙汎,20230424.0,20241231.0,20230425 13:42:19
新北市私立恩勤居家長照機構,1X0200037,1,新北市,板橋區,新北市板橋區文化路一段189號7樓,121.4630584717,25.0165557861,B,喘息服務,臺北市,松山區;信義區;大安區;中山區;中正區;大同區;萬華區;文山區;南港區;內湖區,8953-5988,kelly2266@kimo.com,陳蕙汎,20200312.0,20241231.0,20240305 15:41:47
新北市泰山區衛生所,B20200060,B2,新北市,泰山區,新北市泰山區全興路212號3樓,121.4336547852,25.0561313629,B,居家失能個案家庭醫師照護服務,新北市,泰山區,2909-9921,AG3660@ntpc.gov.tw,簡佳怡,20250101.0,20271231.0,20250113 15:33:15
(新北)惠群護理之家,A30200122,A3,新北市,板橋區,新北市板橋區四川路一段159號1-7樓,121.4600524902,25.0040225983,B,喘息服務,新北市,板橋區;三重區;中和區;永和區;新莊區;新店區;樹林區;鶯歌區;三峽區;淡水區;汐止區;土城區;蘆洲區;五股區;泰山區;林口區,02-89539366,chi20221121@gmail.com,周惠貞,20250101.0,20271231.0,20241218 10:15:19
新北市私立常錦居家長照機構,1X0200036,1,新北市,板橋區,新北市板橋區重慶里國慶路149巷1弄12號1號,121.4616165161,24.9972286224,B,專業照護服務,新北市,板橋區;三重區;中和區;永和區;新莊區;新店區;樹林區;鶯歌區;三峽區;淡水區;汐止區;瑞芳區;土城區;蘆洲區;五股區;泰山區;林口區;深坑區;石碇區;三芝區;八里區;金山區;萬里區;烏來區,8952-0607,a89520607@gmail.com,徐庭云,20250101.0,20271231.0,20241227 10:25:58
新北市私立恩勤居家長照機構,1X0200037,1,新北市,板橋區,新北市板橋區文化路一段189號7樓,121.4630584717,25.0165557861,B,居家服務,新北市,板橋區;三重區;中和區;永和區;新莊區;樹林區;汐止區;土城區,8953-5988,kelly2266@kimo.com,陳蕙汎,20250101.0,20271231.0,20241213 10:39:26
新北市私立恩勤居家長照機構,1X0200037,1,新北市,板橋區,新北市板橋區文化路一段189號7樓,121.4630584717,25.0165557861,B,喘息服務,新北市,板橋區;三重區;中和區;永和區;新莊區;樹林區;汐止區;土城區,8953-5988,kelly2266@kimo.com,陳蕙汎,20250101.0,20271231.0,20241213 10:42:18
新北市私立恩勤居家長照機構,1X0200037,1,新北市,板橋區,新北市板橋區文化路一段189號7樓,121.4630584717,25.0165557861,A,個案管理服務,臺北市,中正區,8953-5988,kelly2266@kimo.com,陳蕙汎,20250101.0,20261231.0,20241231 20:05:09
新北市私立璟濰居家長照機構,1X0200029,1,新北市,中和區,新北市中和區安平路40號1樓,121.5101089478,24.995267868,B,居家服務,新北市,板橋區;中和區;土城區,8245-8585,cwcare2019@gmail.com,王瑀潔,20250101.0,20271231.0,20241225 10:14:19
新北市私立璟濰居家長照機構,1X0200029,1,新北市,中和區,新北市中和區安平路40號1樓,121.5101089478,24.995267868,B,喘息服務,新北市,板橋區;中和區;土城區,8245-8585,cwcare2019@gmail.com,王瑀潔,20250101.0,20271231.0,20241225 10:14:44
新北市私立忠祥居家長照機構,1X0200034,1,新北市,中和區,新北市中和區中山路2段144號1樓,121.5019073486,25.0031528473,B,居家服務,新北市,板橋區;中和區;永和區;新店區;樹林區;土城區,2246-5180,lily.coffee.iris@gmail.com,張莉君,20250101.0,20271231.0,20241223 10:38:02
新北市私立恩勤居家長照機構,1X0200037,1,新北市,板橋區,新北市板橋區文化路一段189號7樓,121.4630584717,25.0165557861,B,居家服務,臺北市,松山區;信義區;大安區;中山區;中正區;大同區;萬華區;文山區;南港區;內湖區;士林區;北投區,8953-5988,kelly2266@kimo.com,陳蕙汎,20200521.0,20261231.0,20231229 16:42:21
新北市私立恩勤居家長照機構,1X0200037,1,新北市,板橋區,新北市板橋區文化路一段189號7樓,121.4630584717,25.0165557861,A,個案管理服務,臺北市,中正區,8953-5988,kelly2266@kimo.com,陳蕙汎,20230731.0,20241231.0,20230731 22:28:02
蘇診所,B20200070,B2,新北市,新莊區,新北市新莊區民安路109號1樓,121.424697876,25.0249557495,B,居家失能個案家庭醫師照護服務,臺北市,中正區;大同區;萬華區,0222069926,min123an456road@gmail.com,蘇石泉,20190906.0,20241231.0,20221230 22:05:08
如原診所,B20200066,B2,新北市,三峽區,新北市三峽區文化路264-1號,121.3667831421,24.9358386993,B,居家失能個案家庭醫師照護服務,新北市,樹林區;鶯歌區;三峽區;土城區,02-2671-3119,iac3904@gmail.com,陳乾原,20250101.0,20271231.0,20250110 15:17:40
德安婦產科診所,B20200071,B2,新北市,新莊區,新北市新莊區新泰路31號,121.4495773315,25.0331459045,B,居家失能個案家庭醫師照護服務,新北市,新莊區;泰山區,22010776,yyz540@yahoo.com.tw,王火金,20250101.0,20271231.0,20241226 11:17:03
蘇診所,B20200070,B2,新北市,新莊區,新北市新莊區民安路109號1樓,121.424697876,25.0249557495,B,居家失能個案家庭醫師照護服務,新北市,板橋區;三重區;中和區;永和區;新莊區;樹林區;土城區;蘆洲區;五股區;泰山區;林口區,0222069926,min123an456road@gmail.com,蘇石泉,20250101.0,20271231.0,20250110 15:43:56
新北市私立璟濰居家長照機構,1X0200029,1,新北市,中和區,新北市中和區安平路40號1樓,121.5101089478,24.995267868,B,專業照護服務,新北市,板橋區;中和區;永和區;新店區;土城區,8245-8585,cwcare2019@gmail.com,王瑀潔,20220101.0,20241231.0,20220317 10:30:50
發隆興小客車租賃有限公司,BA0200010,BA,新北市,新莊區,新北市新莊區復興路二段196巷2弄9之3號,121.4589614868,25.0440998077,B,交通接送服務,新北市,淡水區;三芝區;石門區;金山區;萬里區,02-26521567,ss46005176@gmail.com,葉書含,20250101.0,20271231.0,20241224 09:05:55
新北市中和區衛生所,B20200081,B2,新北市,中和區,新北市中和區南山路4巷3號,121.5016403198,24.9986915588,B,居家失能個案家庭醫師照護服務,新北市,中和區,02-22491936,ag2609@ntpc.gov.tw,曾莉媖,20250101.0,20271231.0,20250110 15:02:27
新北市私立忠祥居家長照機構,1X0200034,1,新北市,中和區,新北市中和區中山路2段144號1樓,121.5019073486,25.0031528473,B,喘息服務,新北市,板橋區;中和區;永和區;新店區;樹林區;土城區,2246-5180,lily.coffee.iris@gmail.com,張莉君,20250101.0,20271231.0,20241223 10:38:37
新北市三峽區衛生所,B20200090,B2,新北市,三峽區,新北市三峽區光明路71號3樓,121.3761291504,24.9282970428,B,居家失能個案家庭醫師照護服務,新北市,三峽區,2671-1592#230,ai6054@ntpc.gov.tw,吳名哲,20250101.0,20271231.0,20250110 15:45:56
財團法人一粒麥子社會福利慈善事業基金會(平溪十分站)(社照C),BD0200045,BD,新北市,平溪區,新北市平溪區十分里十分街66巷1號,121.7758026123,25.041929245,C,巷弄長照站,新北市,平溪區,(02)87734528,W104116@wheat.org.tw,呂信雄,20230101.0,20231231.0,20230530 16:56:36
敏家診所,B20200092,B2,新北市,三峽區,新北市三峽區復興路106、108號1~2樓,121.3726348877,24.9378223419,B,居家失能個案家庭醫師照護服務,新北市,三峽區,02-26715193,chen7901@yahoo.com.tw,劉國麟,20250101.0,20271231.0,20250123 11:43:11
新北市私立喜臨居家長照機構,1X0200038,1,新北市,板橋區,新北市板橋區和平路安樂巷6弄6號1樓,121.464881897,24.9929885864,A,個案管理服務,新北市,板橋區,02-2951-8898,seedling2099@gmail.com,林姿君,20250101.0,20250630.0,20241231 15:14:41
純馨居家物理治療所,B40200017,B4,新北市,三峽區,新北市三峽區學勤路182-6號6樓,121.3767547607,24.9462146759,B,專業照護服務(CC01),桃園市,桃園區;中壢區;大溪區;蘆竹區;大園區;龜山區;八德區;龍潭區;觀音區,02-86725927,lovebaby2245@gmail.com,鄭家晴,20231221.0,20251231.0,20240306 16:26:04
純馨居家物理治療所,B40200017,B4,新北市,三峽區,新北市三峽區學勤路182-6號6樓,121.3767547607,24.9462146759,B,專業照護服務(CC01),桃園市,桃園區;中壢區;大溪區;楊梅區;蘆竹區;大園區;龜山區;八德區;龍潭區;平鎮區;新屋區;觀音區;復興區,02-86725927,lovebaby2245@gmail.com,鄭家晴,20230303.0,20241231.0,20230802 17:19:14
千歲小兒科診所,B20200091,B2,新北市,樹林區,新北市樹林區千歲街47號1樓,121.4254074097,24.9963874817,B,居家失能個案家庭醫師照護服務,新竹縣,新埔鎮;湖口鄉;新豐鄉;寶山鄉,86871390,osm560601@gmail.com,歐淑美,20220411.0,20221231.0,20220613 09:47:28
千歲小兒科診所,B20200091,B2,新北市,樹林區,新北市樹林區千歲街47號1樓,121.4254074097,24.9963874817,B,居家失能個案家庭醫師照護服務,新北市,板橋區;新莊區;樹林區;鶯歌區;三峽區;土城區;石碇區;坪林區;平溪區;雙溪區,86871390,osm560601@gmail.com,歐淑美,20250101.0,20271231.0,20250224 14:59:52
新北市私立一芯居家長照機構,1X0200041,1,新北市,深坑區,新北市深坑區埔新街58巷38號,121.6200637817,25.0034370422,B,居家服務,新北市,淡水區;深坑區;石碇區;金山區;萬里區,26621688,nanaco.lin@msa.hinet.net,葉如芬,20250101.0,20271231.0,20241205 10:46:41
純馨居家物理治療所,B40200017,B4,新北市,三峽區,新北市三峽區學勤路182-6號6樓,121.3767547607,24.9462146759,B,專業照護服務(CC01),新北市,板橋區;新莊區;樹林區;鶯歌區;三峽區;汐止區;瑞芳區;土城區;林口區;深坑區;石碇區;烏來區,02-86725927,lovebaby2245@gmail.com,鄭家晴,20250101.0,20271231.0,20241216 10:57:11
新北市私立喜臨居家長照機構,1X0200038,1,新北市,板橋區,新北市板橋區和平路安樂巷6弄6號1樓,121.464881897,24.9929885864,B,專業照護服務,新北市,板橋區;中和區;新莊區;樹林區;鶯歌區;三峽區;土城區,02-2951-8898,seedling2099@gmail.com,林姿君,20220101.0,20241231.0,20220315 10:29:15
新北市私立喜臨居家長照機構,1X0200038,1,新北市,板橋區,新北市板橋區和平路安樂巷6弄6號1樓,121.464881897,24.9929885864,B,居家服務,新北市,板橋區;新莊區;土城區,02-2951-8898,seedling2099@gmail.com,林姿君,20250101.0,20271231.0,20241223 10:27:20
縉澄居家長照有限公司附設新北市私立合禧居家長照機構,1V0200012,1,新北市,樹林區,新北市樹林區中山路一段217號3樓之3,121.4209365845,24.9871006012,B,喘息服務,新北市,板橋區;樹林區;鶯歌區;三峽區;土城區,26810369,jin-cheng@umail.hinet.net,蔣瑞恩,20250101.0,20271231.0,20241224 15:53:03
純馨居家物理治療所,B40200017,B4,新北市,三峽區,新北市三峽區學勤路182-6號6樓,121.3767547607,24.9462146759,B,專業照護服務,桃園市,桃園區;中壢區;大溪區;蘆竹區;大園區;龜山區;八德區;龍潭區;觀音區,02-86725927,lovebaby2245@gmail.com,鄭家晴,20231221.0,20251231.0,20231226 11:29:27
縉澄居家長照有限公司附設新北市私立合禧居家長照機構,1V0200012,1,新北市,樹林區,新北市樹林區中山路一段217號3樓之3,121.4209365845,24.9871006012,B,居家服務,新北市,板橋區;樹林區;鶯歌區;三峽區;土城區,26810369,jin-cheng@umail.hinet.net,蔣瑞恩,20250101.0,20271231.0,20241224 15:52:26
純馨居家物理治療所,B40200017,B4,新北市,三峽區,新北市三峽區學勤路182-6號6樓,121.3767547607,24.9462146759,B,專業照護服務(CC01),新北市,板橋區;三重區;中和區;永和區;新莊區;新店區;樹林區;鶯歌區;三峽區;淡水區;汐止區;瑞芳區;土城區;蘆洲區;五股區;泰山區;林口區;深坑區;石碇區;坪林區;三芝區;石門區;八里區;平溪區;雙溪區;貢寮區;金山區;萬里區;烏來區,02-86725927,lovebaby2245@gmail.com,鄭家晴,20220101.0,20241231.0,20230802 17:19:14
純馨居家物理治療所,B40200017,B4,新北市,三峽區,新北市三峽區學勤路182-6號6樓,121.3767547607,24.9462146759,B,專業照護服務,新北市,板橋區;新莊區;樹林區;鶯歌區;三峽區;汐止區;瑞芳區;土城區;林口區;深坑區;石碇區;烏來區,02-86725927,lovebaby2245@gmail.com,鄭家晴,20220101.0,20241231.0,20220221 15:29:57
純馨居家物理治療所,B40200017,B4,新北市,三峽區,新北市三峽區學勤路182-6號6樓,121.3767547607,24.9462146759,B,專業照護服務,新北市,板橋區;新莊區;樹林區;鶯歌區;三峽區;汐止區;瑞芳區;土城區;林口區;深坑區;石碇區;烏來區,02-86725927,lovebaby2245@gmail.com,鄭家晴,20250101.0,20271231.0,20241216 10:55:56
新北市私立喜臨居家長照機構,1X0200038,1,新北市,板橋區,新北市板橋區和平路安樂巷6弄6號1樓,121.464881897,24.9929885864,B,喘息服務,新北市,板橋區;新莊區;土城區,02-2951-8898,seedling2099@gmail.com,林姿君,20250101.0,20271231.0,20241223 10:27:48
新北市私立恩勤居家長照機構,1X0200037,1,新北市,板橋區,新北市板橋區文化路一段189號7樓,121.4630584717,25.0165557861,B,喘息服務,臺北市,松山區;信義區;大安區;中山區;中正區;大同區;萬華區;文山區;南港區;內湖區,8953-5988,kelly2266@kimo.com,陳蕙汎,20250101.0,20261231.0,20241126 10:59:26
新北市私立恩勤居家長照機構,1X0200037,1,新北市,板橋區,新北市板橋區文化路一段189號7樓,121.4630584717,25.0165557861,A,個案管理服務,臺北市,大安區,8953-5988,kelly2266@kimo.com,陳蕙汎,20250101.0,20261231.0,20241231 20:03:10
新北市私立恩勤居家長照機構,1X0200037,1,新北市,板橋區,新北市板橋區文化路一段189號7樓,121.4630584717,25.0165557861,A,個案管理服務,臺北市,萬華區,8953-5988,kelly2266@kimo.com,陳蕙汎,20230110.0,20241231.0,20230208 09:32:56
宜禾診所,B20200093,B2,新北市,淡水區,新北市淡水區新市一路3段105號1樓,121.4465637207,25.1831378937,B,居家失能個案家庭醫師照護服務,新北市,淡水區,26259798,happymom2233@gmail.com,黃宥綸,20250101.0,20271231.0,20241223 10:19:09
湖水綠簡單生活有限公司附設新北市私立連城居家長照機構,1R0200012,1,新北市,中和區,新北市中和區中正路689號2樓,121.4849395752,24.9981040955,B,專業照護服務,新北市,板橋區;中和區;永和區;新店區;樹林區;鶯歌區;三峽區;土城區,2308-1211,acct.3la@gmail.com,陳意春,20220101.0,20241231.0,20220412 15:21:17
樂活醫美診所,B20200107,B2,新北市,板橋區,新北市板橋區民族路89－2號1樓,121.4663696289,25.0084438324,B,居家失能個案家庭醫師照護服務,新北市,板橋區,02-29519666,hg.ck@msa.hinet.net,張凱,20250101.0,20271231.0,20241216 14:32:19
財團法人伊甸社會福利基金會(新北市三峽北大公共托老中心)(醫事C),BD0200046,BD,新北市,三峽區,新北市三峽區龍學里學成路396號2樓之1,121.3777694702,24.944196701,C,巷弄長照站,新北市,三峽區,(02)8671-3217,123@gmail.com,成亮,20200101.0,20201231.0,20210128 12:02:53
湖水綠簡單生活有限公司附設新北市私立連城居家長照機構,1R0200012,1,新北市,中和區,新北市中和區中正路689號2樓,121.4849395752,24.9981040955,B,喘息服務,新北市,板橋區;中和區;永和區;新店區;樹林區;鶯歌區;三峽區;土城區,2308-1211,acct.3la@gmail.com,陳意春,20250101.0,20271231.0,20241205 14:16:14
忠孝復健專科診所,B20200102,B2,新北市,林口區,新北市林口區文化二路一段527號,121.373550415,25.0761375427,B,專業照護服務,新北市,林口區,02-26094101,hyh0102@gmail.com,許燕霞,20250101.0,20271231.0,20241204 13:51:34
社團法人台灣新希望社區關懷協會-鷺江站(社照C),BE0200046,BE,新北市,蘆洲區,新北市蘆洲區鷺江里民族路7號(鷺江國小),121.4761352539,25.084356308,C,巷弄長照站,新北市,蘆洲區,0922295129,chadlu247@gmail.com,葉聯邦,20220101.0,20221231.0,20220503 10:05:50
湖水綠簡單生活有限公司附設新北市私立連城居家長照機構,1R0200012,1,新北市,中和區,新北市中和區中正路689號2樓,121.4849395752,24.9981040955,B,居家服務,新北市,板橋區;中和區;永和區;新店區;樹林區;鶯歌區;三峽區;土城區,2308-1211,acct.3la@gmail.com,陳意春,20250101.0,20271231.0,20241205 14:15:31
忠孝復健專科診所,B20200102,B2,新北市,林口區,新北市林口區文化二路一段527號,121.373550415,25.0761375427,B,專業照護服務(CC01),新北市,林口區,02-26094101,hyh0102@gmail.com,許燕霞,20250101.0,20271231.0,20241204 13:51:48
新北市淡水區衛生所,B20200104,B2,新北市,淡水區,新北市淡水區中山路158號,121.4408416748,25.1727771759,B,居家失能個案家庭醫師照護服務,新北市,淡水區,02 26215620,AF1605@ntpc.gov.tw,鄭惇方,20250101.0,20271231.0,20250113 16:10:46
財團法人伊甸社會福利基金會(新北市三峽北大公共托老中心)(醫事C),BD0200046,BD,新北市,三峽區,新北市三峽區龍學里學成路396號2樓之1,121.3777694702,24.944196701,C,巷弄長照站,新北市,三峽區,(02)8671-3217,123@gmail.com,成亮,20210401.0,20211231.0,20210526 17:40:11
社團法人中華民國天元慈善功德會(社照C),BE0200050,BE,新北市,板橋區,新北市板橋區鄉雲里四川路2段16巷5號10樓,121.4558105469,24.9971981049,C,巷弄長照站,新北市,板橋區,8967-3536,senior@ty.org.tw,張陳秀梅,20240101.0,20241231.0,20240531 20:53:37
新北市板橋區歡園社區發展協會(社照C),BF0200110,BF,新北市,板橋區,新北市板橋區重慶路10號8樓,121.4607086182,25.0079536438,C,巷弄長照站,新北市,板橋區,0939947613,rosebearmother@yahoo.com.tw,劉炳偉,20220101.0,20231231.0,20230609 11:50:24
新北市耆光協會(社照C),BF0200112,BF,新北市,板橋區,新北市板橋區港嘴里文聖街227號1樓,121.4804992676,25.025718689,C,巷弄長照站,新北市,板橋區,8257-2509,sakura22647342@gmail.com,林秋惠,20250101.0,20251231.0,20250305 11:56:14
湖水綠簡單生活有限公司附設新北市私立連城居家長照機構,1R0200012,1,新北市,中和區,新北市中和區中正路689號2樓,121.4849395752,24.9981040955,C,巷弄長照站,新北市,中和區,2308-1211,acct.3la@gmail.com,陳意春,20210501.0,20211231.0,20210526 10:24:56
忠孝復健專科診所,B20200102,B2,新北市,林口區,新北市林口區文化二路一段527號,121.373550415,25.0761375427,B,專業照護服務(CC01),新北市,板橋區;三重區;中和區;永和區;新莊區;新店區;樹林區;鶯歌區;三峽區;淡水區;汐止區;瑞芳區;土城區;蘆洲區;五股區;泰山區;林口區;深坑區;石碇區;坪林區;三芝區;石門區;八里區;平溪區;雙溪區;貢寮區;金山區;萬里區;烏來區,02-26094101,hyh0102@gmail.com,許燕霞,20220101.0,20241231.0,20230802 17:19:14
忠孝復健專科診所,B20200102,B2,新北市,林口區,新北市林口區文化二路一段527號,121.373550415,25.0761375427,B,專業照護服務,新北市,林口區,02-26094101,hyh0102@gmail.com,許燕霞,20220101.0,20241231.0,20220412 11:34:58
忠孝復健專科診所,B20200102,B2,新北市,林口區,新北市林口區文化二路一段527號,121.373550415,25.0761375427,A,個案管理服務,新北市,林口區,02-26094101,hyh0102@gmail.com,許燕霞,20250101.0,20250630.0,20241231 15:55:42
千歲小兒科診所,B20200091,B2,新北市,樹林區,新北市樹林區千歲街47號1樓,121.4254074097,24.9963874817,B,居家失能個案家庭醫師照護服務,新竹縣,新埔鎮;關西鎮;湖口鄉;新豐鄉;寶山鄉,86871390,osm560601@gmail.com,歐淑美,20240110.0,20251231.0,20250113 11:17:18
社團法人新北市恩典慈善協會(社照C),BE0200047,BE,新北市,三重區,新北市三重區光明里重安街46號1樓,121.4907608032,25.0576934814,C,巷弄長照站,新北市,三重區,29735089,st45682003@yahoo.com.tw,李全成,20220101.0,20231231.0,20230530 18:44:49
新北市板橋大後埔文化關懷協進會(板橋和平站)(社照C),BF0200113,BF,新北市,板橋區,新北市板橋區和平路安樂巷51號 ,121.4622955322,24.9931621552,C,巷弄長照站,新北市,板橋區,22729088,sunlai689@gmail.com,王明發,20230101.0,20231231.0,20230630 14:24:44
千歲小兒科診所,B20200091,B2,新北市,樹林區,新北市樹林區千歲街47號1樓,121.4254074097,24.9963874817,B,居家失能個案家庭醫師照護服務,新竹縣,竹北市;新埔鎮;湖口鄉;新豐鄉;寶山鄉,86871390,osm560601@gmail.com,歐淑美,20230101.0,20241231.0,20230209 11:56:54
新北市私立一芯居家長照機構,1X0200041,1,新北市,深坑區,新北市深坑區埔新街58巷38號,121.6200637817,25.0034370422,B,專業照護服務,新北市,深坑區;石碇區,26621688,nanaco.lin@msa.hinet.net,葉如芬,20220101.0,20241231.0,20220317 10:42:50
新北市私立一芯居家長照機構,1X0200041,1,新北市,深坑區,新北市深坑區埔新街58巷38號,121.6200637817,25.0034370422,B,喘息服務,新北市,淡水區;深坑區;石碇區;金山區;萬里區,26621688,nanaco.lin@msa.hinet.net,葉如芬,20250101.0,20271231.0,20241205 10:47:27
新北市淡水區屯山里辦公處(社照C),BG0200035,BG,新北市,淡水區,新北市淡水區屯山里石頭厝9-3號,121.4502639771,25.2406978607,C,巷弄長照站,新北市,淡水區,0932027594,guoliqing11@yahoo.com.tw,謝炳坤,20220101.0,20231231.0,20230628 15:36:30
天主教耕莘醫療財團法人附設新北市私立永和中興社區長照機構,2null0200001,2,新北市,永和區,新北市永和區國光路116巷2號1樓,121.5181045532,25.0114917755,B,日間照顧服務,新北市,中和區;永和區,8921-8765,daycarezte@gmail.com,鍾安住,20250101.0,20271231.0,20241225 15:34:24
新北市私立嘉豐居家長照機構,1X0200042,1,新北市,板橋區,新北市板橋區崑崙里沙崙街29-7號1樓,121.4309158325,24.9942703247,B,居家服務,新北市,板橋區;中和區;新莊區;樹林區;三峽區;土城區,8687-2227,jiafengservices@gmail.com,湯家豪,20250101.0,20271231.0,20241204 14:02:13
新北市私立嘉豐居家長照機構,1X0200042,1,新北市,板橋區,新北市板橋區崑崙里沙崙街29-7號1樓,121.4309158325,24.9942703247,B,喘息服務,新北市,板橋區;中和區;新莊區;樹林區;三峽區;土城區,8687-2227,jiafengservices@gmail.com,湯家豪,20250101.0,20271231.0,20241204 14:03:05
台灣居護股份有限公司附設新北市私立聯承居家式服務類長期照顧服務機構,1V0200015,1,新北市,板橋區,新北市板橋區永安里萬板路182號1樓,121.4760284424,25.0235729218,A,個案管理服務,新北市,新莊區;新店區,82588088,thnbuurtzorg@gmail.com,汪秋蓉,20250101.0,20250630.0,20241231 15:09:25
台灣居護股份有限公司附設新北市私立聯承居家式服務類長期照顧服務機構,1V0200015,1,新北市,板橋區,新北市板橋區永安里萬板路182號1樓,121.4760284424,25.0235729218,B,居家服務,新北市,板橋區;三重區;中和區;永和區;新莊區;新店區;樹林區;鶯歌區;三峽區;土城區;蘆洲區;五股區;泰山區,82588088,thnbuurtzorg@gmail.com,汪秋蓉,20250101.0,20271231.0,20241204 14:12:40
博樂健康股份有限公司附設新北市私立博樂居家長照機構,1V0200013,1,新北市,新莊區,新北市新莊區中華里中安街9號4樓,121.4529800415,25.0455226898,A,個案管理服務,基隆市,中正區;七堵區;暖暖區;仁愛區;中山區;安樂區;信義區,25462833,polarsogood@gmail.com,陳諺弘,20240411.0,20251231.0,20240514 17:50:58
博樂健康股份有限公司附設新北市私立博樂居家長照機構,1V0200013,1,新北市,新莊區,新北市新莊區中華里中安街9號4樓,121.4529800415,25.0455226898,A,個案管理服務,新北市,淡水區,25462833,polarsogood@gmail.com,陳諺弘,20250101.0,20250630.0,20241231 16:16:33
三重中興醫院,B20200103,B2,新北市,三重區,新北市三重區中興北街21號,121.4696578979,25.0465354919,B,專業照護服務,新北市,三重區;新莊區;蘆洲區,29959680,kuoshyang@gmail.com,李高淵,20220101.0,20241231.0,20220315 13:59:06
三重中興醫院,B20200103,B2,新北市,三重區,新北市三重區中興北街21號,121.4696578979,25.0465354919,B,專業照護服務,新北市,三重區;新莊區;蘆洲區,29959680,kuoshyang@gmail.com,李高淵,20250101.0,20271231.0,20250113 10:25:09
新北市多元智能老幼暨兒童教育發展協會(社照C),BF0200098,BF,新北市,中和區,新北市中和區福善里景平路736巷5弄2號,121.4975280762,25.003364563,C,巷弄長照站,新北市,中和區,22895931,elite.everyday@gmail.com,李姿慧,20220101.0,20221231.0,20220502 16:57:27
財團法人新北市金包里慈護宮(社照C),BF0200100,BF,新北市,金山區,新北市金山區和平里金包里街1-1號,121.6401367188,25.2205047607,C,巷弄長照站,新北市,金山區,2498-2510,cihugong@gmail.com,游忠義,20220101.0,20221231.0,20220503 09:09:28
天主教耕莘醫療財團法人附設新北市私立永和中興社區長照機構,2null0200001,2,新北市,永和區,新北市永和區國光路116巷2號1樓,121.5181045532,25.0114917755,B,喘息服務,新北市,中和區;永和區,8921-8765,daycarezte@gmail.com,鍾安住,20250101.0,20271231.0,20241225 15:34:46
新北市八里區大崁里辦公處(社照C),BG0200034,BG,新北市,八里區,新北市八里區大崁里中山路一段21號,121.4220962524,25.1589241028,C,巷弄長照站,新北市,八里區,(02)8630-1926,in540108@yahoo.com.tw,林秀真,20220101.0,20221231.0,20220502 16:03:25
博樂健康股份有限公司附設新北市私立博樂居家長照機構,1V0200013,1,新北市,新莊區,新北市新莊區中華里中安街9號4樓,121.4529800415,25.0455226898,B,喘息服務,新北市,板橋區;三重區;新莊區;淡水區;泰山區,25462833,polarsogood@gmail.com,陳諺弘,20250101.0,20271231.0,20241224 11:26:03
新北市汐止區衛生所,B20200106,B2,新北市,汐止區,新北市汐止區新台五路一段266號,121.658531189,25.0635128021,B,居家失能個案家庭醫師照護服務,新北市,汐止區,02-2641-2030,AW0760@ntpc.gov.tw,江佳錡,20250101.0,20271231.0,20241224 11:46:36
新北市瑞芳區龍川社區發展協會(社照C),BF0200104,BF,新北市,瑞芳區,新北市瑞芳區龍川里一坑路70之7號,121.8035888672,25.1082820892,C,巷弄長照站,新北市,瑞芳區,0937426420,F05250525@yahoo.com.tw,廖漢信,20240101.0,20241231.0,20240514 14:49:22
財團法人中華民國佛教慈濟慈善事業基金會-蘆洲靜思堂(社照C),BD0200049,BD,新北市,蘆洲區,新北市蘆洲區長樂路125號,121.4618911743,25.0877399445,C,巷弄長照站,新北市,蘆洲區,02-22187770#2877,ttza00501@tzuchi.org.tw,釋證嚴,20230101.0,20231231.0,20230630 15:08:15
新北市板橋溪崑關懷慈善會(崑崙)(社照C),BF0200111,BF,新北市,板橋區,新北市板橋區篤行路二段131巷17號,121.4316177368,24.9904632568,C,巷弄長照站,新北市,板橋區,0989-001823,ben1040@kimo.com,陳淑美,20230101.0,20231231.0,20230630 14:15:24
中華民國樂齡生活規劃協會(福前站)(社照C),BF0200101,BF,新北市,新莊區,新北市新莊區福基里化成路746巷2號2樓,121.4658737183,25.0576705933,C,巷弄長照站,新北市,新莊區,0928009650,nhppkn@gmail.com,陳宏定,20240101.0,20241231.0,20240704 13:48:00
南丁格爾居家護理所,B10200089,B1,新北市,汐止區,新北市汐止區大同路三段423號,121.6777191162,25.071680069,B,專業照護服務,新北市,板橋區;三重區;中和區;新莊區;汐止區,02-86481908,ntg107921@gmail.com,王冠今,20220101.0,20241231.0,20220207 10:22:08
廣全診所,B20200096,B2,新北市,土城區,新北市土城區學成路2號1樓,121.4538879395,24.9866123199,B,居家失能個案家庭醫師照護服務,新北市,土城區,2625736,kcfc45@gmail.com,薛常淑,20250101.0,20271231.0,20241226 14:13:57
財團法人中華民國佛教慈濟慈善事業基金會-板橋靜思堂(社照C),BD0200048,BD,新北市,板橋區,新北市板橋區大觀路二段265巷15號,121.4429397583,24.9961032867,C,巷弄長照站,新北市,板橋區,03-8266779#505,xda06271@tzuchi.com.tw,釋證嚴,20230101.0,20231231.0,20230630 15:18:37
豐榮醫院,B20200141,B2,新北市,新店區,新北市新店區安德街 26巷3號(B棟),121.5115737915,24.9632415771,A,個案管理服務,新北市,新店區,02-2212-2111,wendyhsu666@gmail.com,應思漢,20250101.0,20250630.0,20250205 13:44:43
豐榮醫院,B20200141,B2,新北市,新店區,新北市新店區安德街 26巷3號(B棟),121.5115737915,24.9632415771,B,專業照護服務,新北市,中和區;永和區;新店區,02-2212-2111,wendyhsu666@gmail.com,應思漢,20220101.0,20241231.0,20220314 14:52:10
南丁格爾居家護理所,B10200089,B1,新北市,汐止區,新北市汐止區大同路三段423號,121.6777191162,25.071680069,B,專業照護服務,新北市,板橋區;三重區;中和區;新莊區;汐止區,02-86481908,ntg107921@gmail.com,王冠今,20250101.0,20271231.0,20241205 15:26:21
中華民國樂齡生活規劃協會(福壽站)(社照C),BF0200099,BF,新北市,新莊區,新北市新莊區信義里昌明街1號,121.4576339722,25.0522136688,C,巷弄長照站,新北市,新莊區,02-85210176,nhppkn@gmail.com,陳宏定,20240101.0,20241231.0,20240704 13:51:17
良田健康照護社附設新北市私立良田健康照護居家長照機構,1U0200002,1,新北市,中和區,新北市中和區連城路446之2號2樓,121.5045394897,24.9966373444,B,專業照護服務,新北市,板橋區;中和區;永和區;新莊區;新店區;樹林區;土城區,8668-8621,nick0526@hotmail.com.tw,陳素芳,20220101.0,20241231.0,20220412 15:31:03
良田健康照護社附設新北市私立良田健康照護居家長照機構,1U0200002,1,新北市,中和區,新北市中和區連城路446之2號2樓,121.5045394897,24.9966373444,B,居家服務,新北市,板橋區;中和區;永和區;新莊區;新店區;樹林區;土城區,8668-8621,nick0526@hotmail.com.tw,陳素芳,20250101.0,20271231.0,20241227 14:17:52
良田健康照護社附設新北市私立良田健康照護居家長照機構,1U0200002,1,新北市,中和區,新北市中和區連城路446之2號2樓,121.5045394897,24.9966373444,B,喘息服務,新北市,板橋區;中和區;永和區;新莊區;新店區;樹林區;土城區,8668-8621,nick0526@hotmail.com.tw,陳素芳,20250101.0,20271231.0,20241227 14:19:55
新北市林口區衛生所,B20200113,B2,新北市,林口區,新北市林口區忠孝二路55號1樓,121.3640594482,25.0698413849,B,居家失能個案家庭醫師照護服務,新北市,林口區,0226011005,ah5421@ntpc.com.tw,葉琬喻,20250101.0,20271231.0,20241217 15:26:58
博樂健康股份有限公司附設新北市私立博樂居家長照機構,1V0200013,1,新北市,新莊區,新北市新莊區中華里中安街9號4樓,121.4529800415,25.0455226898,B,居家服務,新北市,板橋區;三重區;新莊區;淡水區;泰山區,25462833,polarsogood@gmail.com,陳諺弘,20250101.0,20271231.0,20241224 11:25:37
南丁格爾居家護理所,B10200089,B1,新北市,汐止區,新北市汐止區大同路三段423號,121.6777191162,25.071680069,B,專業照護服務,基隆市,中正區;七堵區;暖暖區;仁愛區;中山區;安樂區;信義區,02-86481908,ntg107921@gmail.com,王冠今,20240723.0,20250722.0,20250319 13:48:41
新北市板橋區衛生所,B20200108,B2,新北市,板橋區,新北市板橋區英士路192號,121.4583282471,25.0233154297,B,居家失能個案家庭醫師照護服務,新北市,板橋區,02 22586606,AK8091@ntpc.gov.tw,葉雅韻,20250101.0,20271231.0,20250110 16:26:51
新北市樹林區衛生所,B20200117,B2,新北市,樹林區,新北市樹林區樹新路40-7號,121.4285202026,24.9961395264,B,居家失能個案家庭醫師照護服務,新北市,樹林區,(02)26812134,AI5634@ntpc.gov.tw,曾淑娟,20250101.0,20271231.0,20241224 11:55:37
龍騰長期照護有限公司附設新北市私立童馨園居家長照機構,1V0200016,1,新北市,板橋區,新北市板橋區東門街32號3樓,121.4571380615,25.0069179535,B,專業照護服務,新北市,板橋區;鶯歌區;三峽區;土城區;林口區,0919319207,long.term.care1966@gmail.com,施卓諭,20250101.0,20271231.0,20241218 14:36:45
社團法人台北市康復之友協會(慈芳關懷中心)(社照C),BE0200043,BE,新北市,土城區,新北市土城區員信里中正路18號6樓,121.4430084229,24.9750747681,C,巷弄長照站,新北市,土城區,82621305,cih.fang@msa.hinet.net,劉蓉台,20210830.0,20211231.0,20210901 10:19:36
新北市蘆洲區衛生所,B20200115,B2,新北市,蘆洲區,新北市蘆洲區中央路58號,121.4732666016,25.0839443207,B,居家失能個案家庭醫師照護服務,新北市,蘆洲區,02 22812011,ntpc249@ntpc.gov.tw,朱思盈,20250101.0,20271231.0,20250113 15:28:44
新北市汐止區保長里辦公處(社照C),BG0200033,BG,新北市,汐止區,新北市汐止區保長里保長路51巷11、13號,121.6733627319,25.0788764954,C,巷弄長照站,新北市,汐止區,0921950973,cflai@gm.fgu.edu.tw,賴宗福,20240401.0,20241231.0,20240516 15:53:36
三重中興醫院,B20200103,B2,新北市,三重區,新北市三重區中興北街21號,121.4696578979,25.0465354919,A,個案管理服務,新北市,三重區;新莊區;蘆洲區,29959680,kuoshyang@gmail.com,李高淵,20250101.0,20250630.0,20241231 16:37:42
新北市五股區衛生所,B20200112,B2,新北市,五股區,新北市五股區新城三路11號,121.4476394653,25.0942363739,B,居家失能個案家庭醫師照護服務,新北市,五股區,02-2917717,AG5172@ntpc.gov.tw,張筱婉,20250101.0,20271231.0,20250113 16:13:47
社團法人燈塔全人關懷協會(社照C),BE0200049,BE,新北市,蘆洲區,新北市蘆洲區永康里長安街220巷14號,121.4591217041,25.084821701,C,巷弄長照站,新北市,蘆洲區,82823442,chiaenlo@gmail.com,羅加恩,20220101.0,20221231.0,20220503 10:06:57
社團法人愛福家協會(瑞芳站)(社照C),BE0200044,BE,新北市,瑞芳區,新北市瑞芳區爪峯里三爪子坑路18號1樓,121.8103408813,25.1065006256,C,巷弄長照站,新北市,瑞芳區,02-24967130,Cs02@ilive.org.tw,涂林德緩,20240101.0,20241231.0,20240514 14:30:54
社團法人中華利仁社會福利協會(社照C),BE0200051,BE,新北市,土城區,新北市土城區員林里中正路1號6樓之1,121.4423065186,24.9751110077,C,巷弄長照站,新北市,土城區,02-22632256,ljwa2018@gmail.com,謝麗珠,20220101.0,20221231.0,20220502 16:48:10
新北市鶯歌區永吉社區發展協會(社照C),BF0200105,BF,新北市,鶯歌區,新北市鶯歌區德昌街3巷1號之1,121.332321167,24.9599552155,C,巷弄長照站,新北市,鶯歌區,0927183152,tracy770213@yahoo.com.tw,賴秀琴,20240101.0,20241231.0,20240707 14:25:17
社團法人台灣多元社會福利協會-蘆洲安德(社照C),BE0200045,BE,新北市,蘆洲區,新北市蘆洲區樓厝里復興路274號1樓,121.4804763794,25.0897636414,C,巷弄長照站,新北市,蘆洲區,82820112,tapdsw@gmail.com,林政緯,20220101.0,20221231.0,20220503 10:06:12
新北市土城區永寧社區發展協會(社照C),BF0200117,BF,新北市,土城區,新北市土城區永平街1號,121.4275360107,24.9634571075,C,巷弄長照站,新北市,土城區,02-26719689,ponasdf@gamil.com,彭武雄,20220101.0,20221231.0,20220502 16:38:53
樂銓管理顧問股份有限公司附設新北市私立樂銓居家長照機構,1V0200018,1,新北市,三重區,新北市三重區正安里正義北路210號9樓,121.4962005615,25.0675258636,B,喘息服務,臺北市,松山區;信義區;大安區;中山區;中正區;大同區;萬華區;內湖區;士林區,27316940,osirishsu@gmail.com,鄭寶蓮,20200505.0,20241231.0,20221230 14:59:22
樂銓管理顧問股份有限公司附設新北市私立樂銓居家長照機構,1V0200018,1,新北市,三重區,新北市三重區正安里正義北路210號9樓,121.4962005615,25.0675258636,B,喘息服務,臺北市,松山區;信義區;大安區;中山區;中正區;大同區;萬華區;內湖區;士林區,27316940,osirishsu@gmail.com,鄭寶蓮,20250101.0,20261231.0,20241122 18:37:06
樂銓管理顧問股份有限公司附設新北市私立樂銓居家長照機構,1V0200018,1,新北市,三重區,新北市三重區正安里正義北路210號9樓,121.4962005615,25.0675258636,B,居家服務,新北市,板橋區;三重區;新莊區;蘆洲區,27316940,osirishsu@gmail.com,鄭寶蓮,20250101.0,20271231.0,20241224 10:36:25
新北市板橋區玉山青年會(華中)(社照C),BF0200114,BF,新北市,板橋區,新北市板橋區僑中一街102巷7弄3號,121.4466171265,25.0128536224,C,巷弄長照站,新北市,板橋區,02-2968-0023,yusulan0987189148@gmail.com,呂昆洋,20230101.0,20231231.0,20230630 14:13:21
財團法人新北市雙連社會福利慈善事業基金會新北市私立新莊昌平社區長照機構(新莊昌平公共托老中心)(社照C),BD0200050,BD,新北市,新莊區,新北市新莊區中央路51號,121.4569778442,25.0585861206,C,巷弄長照站,新北市,新莊區,8521-7872*106,123@gmail.com,蔡政道,20220101.0,20221231.0,20220503 09:37:27
新北市坪林區老人會(社照C),BF0200102,BF,新北市,坪林區,新北市坪林區大林里逮魚堀33-4號,121.6978607178,24.9253921509,C,巷弄長照站,新北市,坪林區,0911-282-312,a0911282312@gmail.com,蔡文紫,20220101.0,20221231.0,20220503 09:54:31
新北市福齡松青會(社照C),BF0200107,BF,新北市,三重區,新北市三重區民生里大同北路186號B1、1樓,121.4907073975,25.0662956238,C,巷弄長照站,新北市,三重區,2983-5938,cherichsiao@gmail.com,林哲夫,20221001.0,20231231.0,20230530 18:40:26
新北市板橋區玉山青年會(後埔)(社照C),BF0200115,BF,新北市,板橋區,新北市板橋區重慶路89巷9弄2號,121.4624176025,25.0066184998,C,巷弄長照站,新北市,板橋區,02-2272-9088,yusulan0987189148@gmail.com,呂昆洋,20230101.0,20231231.0,20230630 12:13:42
太陽長照社團法人附設新北市私立林口住宿長照機構,3L0200001,3,新北市,林口區,新北市林口區西林里14鄰吉林街30號,121.3845291138,25.0763454437,B,喘息服務,新北市,板橋區;三重區;中和區;永和區;新莊區;新店區;樹林區;鶯歌區;三峽區;淡水區;汐止區;瑞芳區;土城區;蘆洲區;五股區;泰山區;林口區;深坑區;石碇區;坪林區;三芝區;石門區;八里區;平溪區;雙溪區;貢寮區;金山區;萬里區;烏來區,02-2602-6928,taiyolinkou@gmail.com,陳立偉,20250101.0,20271231.0,20241220 15:25:02
石碇區老人會(社照C),BE0200052,BE,新北市,石碇區,新北市石碇區楓子林32-1號4樓,121.6423110962,25.0101356506,C,巷弄長照站,新北市,石碇區,02-2663-2116,123@gmail.com,楊萬益,20220101.0,20221231.0,20220503 08:17:43
樂銓管理顧問股份有限公司附設新北市私立樂銓居家長照機構,1V0200018,1,新北市,三重區,新北市三重區正安里正義北路210號9樓,121.4962005615,25.0675258636,B,居家服務,臺北市,松山區;信義區;大安區;中山區;中正區;大同區;萬華區;內湖區;士林區,27316940,osirishsu@gmail.com,鄭寶蓮,20200427.0,20261231.0,20231229 17:30:57
天主教耕莘醫療財團法人永和耕莘醫院-中和景平據點(醫事C),B20200129,B2,新北市,中和區,新北市中和區景平里景平路440號1樓,121.5069198608,24.9934673309,B,喘息服務,新北市,中和區,02-29286060,cohappy.cthyh@gmail.com,趙嘉倫,20250101.0,20271231.0,20250424 10:05:39
樂銓管理顧問股份有限公司附設新北市私立樂銓居家長照機構,1V0200018,1,新北市,三重區,新北市三重區正安里正義北路210號9樓,121.4962005615,25.0675258636,B,喘息服務,新北市,板橋區;三重區;新莊區;蘆洲區,27316940,osirishsu@gmail.com,鄭寶蓮,20250101.0,20271231.0,20241224 10:37:21
龍騰長期照護有限公司附設新北市私立童馨園居家長照機構,1V0200016,1,新北市,板橋區,新北市板橋區東門街32號3樓,121.4571380615,25.0069179535,B,居家服務,新北市,板橋區;三重區;中和區;新莊區;樹林區;鶯歌區;三峽區;土城區;林口區,0919319207,long.term.care1966@gmail.com,施卓諭,20250101.0,20271231.0,20241218 14:35:14
新北市私立金順居家長照機構,1X0200045,1,新北市,三重區,新北市三重區仁德里安慶街120號,121.4980392456,25.0624084473,B,專業照護服務,新北市,板橋區;三重區;中和區;永和區;新莊區;樹林區;鶯歌區;三峽區;淡水區;土城區;蘆洲區;五股區;泰山區;林口區;八里區,89883298,jinshun2020@gmail.com,康浩偉,20220101.0,20241231.0,20220210 15:34:46
新北市私立金順居家長照機構,1X0200045,1,新北市,三重區,新北市三重區仁德里安慶街120號,121.4980392456,25.0624084473,A,個案管理服務,新北市,三重區,89883298,jinshun2020@gmail.com,康浩偉,20250101.0,20250630.0,20241231 15:11:23
新北市私立金順居家長照機構,1X0200045,1,新北市,三重區,新北市三重區仁德里安慶街120號,121.4980392456,25.0624084473,B,專業照護服務,新北市,板橋區;三重區;中和區;永和區;新莊區;樹林區;鶯歌區;三峽區;淡水區;土城區;蘆洲區;五股區;泰山區;林口區;八里區,89883298,jinshun2020@gmail.com,康浩偉,20250101.0,20271231.0,20250103 10:28:55
新北市私立金順居家長照機構,1X0200045,1,新北市,三重區,新北市三重區仁德里安慶街120號,121.4980392456,25.0624084473,B,居家服務,新北市,板橋區;三重區;中和區;永和區;新莊區;樹林區;鶯歌區;三峽區;淡水區;土城區;蘆洲區;五股區;泰山區;林口區;八里區,89883298,jinshun2020@gmail.com,康浩偉,20250101.0,20271231.0,20250103 10:41:48
新北市私立金順居家長照機構,1X0200045,1,新北市,三重區,新北市三重區仁德里安慶街120號,121.4980392456,25.0624084473,B,喘息服務,新北市,板橋區;三重區;中和區;永和區;新莊區;樹林區;鶯歌區;三峽區;淡水區;土城區;蘆洲區;五股區;泰山區;林口區;八里區,89883298,jinshun2020@gmail.com,康浩偉,20250101.0,20271231.0,20250103 10:47:03
柏愛健康產業股份有限公司附設新北市私立柏愛居家長照機構,1V0200017,1,新北市,坪林區,新北市坪林區北宜路八段176號3樓,121.5186157227,25.0157566071,B,專業照護服務,新北市,板橋區;三重區;中和區;永和區;新莊區;新店區;樹林區;鶯歌區;三峽區;淡水區;汐止區;瑞芳區;土城區;蘆洲區;五股區;泰山區;林口區;深坑區;石碇區;坪林區;三芝區;石門區;八里區;平溪區;雙溪區;貢寮區;金山區;萬里區;烏來區,8925-9456,boailongtermcare@gmail.com,林鴻達,20220101.0,20241231.0,20220314 11:44:37
龍騰長期照護有限公司附設新北市私立童馨園居家長照機構,1V0200016,1,新北市,板橋區,新北市板橋區東門街32號3樓,121.4571380615,25.0069179535,B,專業照護服務,新北市,板橋區;鶯歌區;三峽區;土城區;林口區,0919319207,long.term.care1966@gmail.com,施卓諭,20220101.0,20241231.0,20220325 11:39:39
龍騰長期照護有限公司附設新北市私立童馨園居家長照機構,1V0200016,1,新北市,板橋區,新北市板橋區東門街32號3樓,121.4571380615,25.0069179535,B,喘息服務,新北市,板橋區;三重區;中和區;新莊區;樹林區;鶯歌區;三峽區;土城區;林口區,0919319207,long.term.care1966@gmail.com,施卓諭,20250101.0,20271231.0,20241218 14:36:04
顏鴻仁家庭醫學科診所,B20200172,B2,新北市,蘆洲區,新北市蘆洲區民族路127號1號,121.4797286987,25.0872402191,B,居家失能個案家庭醫師照護服務,新北市,蘆洲區,02 2831488,jenhung380907@hotmail.com,顏鴻仁,20250101.0,20271231.0,20241225 14:35:35
龍騰長期照護有限公司附設新北市私立童馨園居家長照機構,1V0200016,1,新北市,板橋區,新北市板橋區東門街32號3樓,121.4571380615,25.0069179535,A,個案管理服務,新北市,板橋區;中和區,0919319207,long.term.care1966@gmail.com,施卓諭,20250101.0,20250630.0,20241231 14:35:39
新北市私立佐臨服務居家長照機構,1X0200043,1,新北市,板橋區,新北市板橋區富貴里三民路2段37號23樓之1,121.4794540405,25.0173912048,B,居家服務,新北市,板橋區;中和區;永和區,0920243692,tsolin202088@gmail.com,陳諭萱,20250101.0,20271231.0,20241205 11:33:51
財團法人佳醫健康基金會附設新北市私立三峽佳醫社區長照機構,2S0200025,2,新北市,三峽區,新北市三峽區永舘里文化路59號5樓之2,121.3722763062,24.9359111786,B,喘息服務,新北市,樹林區;鶯歌區;三峽區;土城區,0226716323,jeh.hr31@gmail.com,蘇秀鑾,20250101.0,20271231.0,20241220 09:12:55
齡活股份有限公司附設新北市私立齡活居家長照機構,1X0200044,1,新北市,板橋區,新北市板橋區香社里海山路19號1樓(103室),121.454208374,25.0201644897,A,個案管理服務,新北市,板橋區;三重區;中和區,7751-8056,seniorlifeot@gmail.com,彭紹宇,20250101.0,20250630.0,20241231 16:30:12
財團法人佳醫健康基金會附設新北市私立三峽佳醫社區長照機構,2S0200025,2,新北市,三峽區,新北市三峽區永舘里文化路59號5樓之2,121.3722763062,24.9359111786,B,日間照顧服務,新北市,樹林區;鶯歌區;三峽區;土城區,0226716323,jeh.hr31@gmail.com,蘇秀鑾,20250101.0,20271231.0,20241220 09:12:32
齡活股份有限公司附設新北市私立齡活居家長照機構,1X0200044,1,新北市,板橋區,新北市板橋區香社里海山路19號1樓(103室),121.454208374,25.0201644897,B,居家服務,臺北市,松山區;信義區;大安區;中山區;中正區;大同區;萬華區;文山區;南港區;內湖區;士林區;北投區,7751-8056,seniorlifeot@gmail.com,彭紹宇,20200805.0,20261231.0,20231229 16:38:32
齡活股份有限公司附設新北市私立齡活居家長照機構,1X0200044,1,新北市,板橋區,新北市板橋區香社里海山路19號1樓(103室),121.454208374,25.0201644897,B,專業照護服務,新北市,板橋區;三重區;中和區;永和區;新莊區;新店區;樹林區;鶯歌區;三峽區;汐止區;瑞芳區;土城區;蘆洲區;五股區;泰山區;林口區,7751-8056,seniorlifeot@gmail.com,彭紹宇,20220101.0,20241231.0,20220406 15:53:16
新北市私立佐臨服務居家長照機構,1X0200043,1,新北市,板橋區,新北市板橋區富貴里三民路2段37號23樓之1,121.4794540405,25.0173912048,B,喘息服務,新北市,板橋區;中和區;永和區,0920243692,tsolin202088@gmail.com,陳諭萱,20250101.0,20271231.0,20241205 11:34:13
台灣居護股份有限公司附設新北市私立聯承居家式服務類長期照顧服務機構,1V0200015,1,新北市,板橋區,新北市板橋區永安里萬板路182號1樓,121.4760284424,25.0235729218,B,喘息服務,新北市,板橋區;三重區;中和區;永和區;新莊區;新店區;樹林區;鶯歌區;三峽區;土城區;蘆洲區;五股區;泰山區,82588088,thnbuurtzorg@gmail.com,汪秋蓉,20250101.0,20271231.0,20241204 14:14:23
齡活股份有限公司附設新北市私立齡活居家長照機構,1X0200044,1,新北市,板橋區,新北市板橋區香社里海山路19號1樓(103室),121.454208374,25.0201644897,B,喘息服務,新北市,板橋區;三重區;中和區;永和區;新莊區;新店區;樹林區;土城區;蘆洲區,7751-8056,seniorlifeot@gmail.com,彭紹宇,20250101.0,20271231.0,20250106 11:45:50
齡活股份有限公司附設新北市私立齡活居家長照機構,1X0200044,1,新北市,板橋區,新北市板橋區香社里海山路19號1樓(103室),121.454208374,25.0201644897,C,巷弄長照站,新北市,板橋區,7751-8056,seniorlifeot@gmail.com,彭紹宇,20210501.0,20211231.0,20230218 15:36:44
齡活股份有限公司附設新北市私立齡活居家長照機構,1X0200044,1,新北市,板橋區,新北市板橋區香社里海山路19號1樓(103室),121.454208374,25.0201644897,A,個案管理服務,桃園市,桃園區,7751-8056,seniorlifeot@gmail.com,彭紹宇,20250407.0,20251231.0,20250327 19:34:05
醫療財團法人徐元智先生醫藥基金會附設新北市私立亞東居家長照機構,1S0200015,1,新北市,板橋區,新北市板橋區南雅南路二段144巷6號2樓,121.4512252808,24.9961032867,B,居家服務,新北市,板橋區;中和區;樹林區;土城區,89667000#1946,homecare@femh.org.tw,徐旭東,20250101.0,20271231.0,20241227 11:54:40
醫療財團法人徐元智先生醫藥基金會附設新北市私立亞東居家長照機構,1S0200015,1,新北市,板橋區,新北市板橋區南雅南路二段144巷6號2樓,121.4512252808,24.9961032867,B,喘息服務,新北市,板橋區;中和區;樹林區;土城區,89667000#1946,homecare@femh.org.tw,徐旭東,20250101.0,20271231.0,20241227 11:56:12
齡活股份有限公司附設新北市私立齡活居家長照機構,1X0200044,1,新北市,板橋區,新北市板橋區香社里海山路19號1樓(103室),121.454208374,25.0201644897,B,專業照護服務,新北市,板橋區;三重區;中和區;永和區;新莊區;新店區;樹林區;三峽區;汐止區;土城區;蘆洲區;五股區;泰山區;林口區,7751-8056,seniorlifeot@gmail.com,彭紹宇,20250101.0,20271231.0,20250106 11:43:38
柏愛健康產業股份有限公司附設新北市私立柏愛居家長照機構,1V0200017,1,新北市,坪林區,新北市坪林區北宜路八段176號3樓,121.5186157227,25.0157566071,A,個案管理服務,新北市,永和區;石碇區;坪林區,8925-9456,boailongtermcare@gmail.com,林鴻達,20250101.0,20250630.0,20241231 15:24:48
新北市鶯歌區衛生所,B20200171,B2,新北市,鶯歌區,新北市鶯歌區文化路389號,121.3524627686,24.9505653381,B,居家失能個案家庭醫師照護服務,新北市,鶯歌區,02-26702304,ap3535@ntpc.gov.tw,李雨蒨,20250101.0,20271231.0,20241220 10:07:09
柏愛健康產業股份有限公司附設新北市私立柏愛居家長照機構,1V0200017,1,新北市,坪林區,新北市坪林區北宜路八段176號3樓,121.5186157227,25.0157566071,B,專業照護服務,新北市,板橋區;三重區;中和區;永和區;新莊區;新店區;樹林區;鶯歌區;三峽區;淡水區;汐止區;瑞芳區;土城區;蘆洲區;五股區;泰山區;林口區;深坑區;石碇區;坪林區;三芝區;石門區;八里區;平溪區;雙溪區;貢寮區;金山區;萬里區;烏來區,8925-9456,boailongtermcare@gmail.com,林鴻達,20250101.0,20271231.0,20250114 10:26:44
柏愛健康產業股份有限公司附設新北市私立柏愛居家長照機構,1V0200017,1,新北市,坪林區,新北市坪林區北宜路八段176號3樓,121.5186157227,25.0157566071,B,喘息服務,新北市,坪林區,8925-9456,boailongtermcare@gmail.com,林鴻達,20250101.0,20271231.0,20250114 10:28:23
新北市私立好家在居家長照機構,1X0200048,1,新北市,鶯歌區,新北市鶯歌區光復街74巷10號1樓,121.3517227173,24.9565734863,B,專業照護服務,新北市,板橋區;三重區;中和區;永和區;新莊區;樹林區;鶯歌區;三峽區;土城區,02-26789186,Kenlin4work@gmail.com,林育民,20220101.0,20241231.0,20220314 11:00:51
新北市私立好家在居家長照機構,1X0200048,1,新北市,鶯歌區,新北市鶯歌區光復街74巷10號1樓,121.3517227173,24.9565734863,A,個案管理服務,新北市,鶯歌區;三峽區,02-26789186,Kenlin4work@gmail.com,林育民,20250101.0,20250630.0,20241231 15:20:35
新北市私立好家在居家長照機構,1X0200048,1,新北市,鶯歌區,新北市鶯歌區光復街74巷10號1樓,121.3517227173,24.9565734863,B,居家服務,新北市,樹林區;鶯歌區;三峽區;土城區,02-26789186,Kenlin4work@gmail.com,林育民,20250101.0,20271231.0,20241213 11:47:30
新北市私立好家在居家長照機構,1X0200048,1,新北市,鶯歌區,新北市鶯歌區光復街74巷10號1樓,121.3517227173,24.9565734863,B,喘息服務,新北市,樹林區;鶯歌區;三峽區;土城區,02-26789186,Kenlin4work@gmail.com,林育民,20250101.0,20271231.0,20241213 11:48:05
烏來區福山部落文化健康站,BF0200121,BF,新北市,板橋區,新北市板橋區中山路一段161號,121.4656219482,25.0120792389,C,巷弄長照站,新北市,板橋區,02-29603456#3962,AP0863@ntpc.gov.tw,劉崇宏,20200101.0,20201231.0,20200417 16:05:37
十全外科婦產科診所,B20200174,B2,新北市,中和區,新北市中和區景新街413號,121.5127792358,24.9895114899,B,居家失能個案家庭醫師照護服務,臺北市,大安區;中正區;萬華區;文山區,29434687,j331208@yahoo.com.tw,簡繁勝,20210101.0,20241231.0,20221230 21:58:09
新北市私立友福居家長照機構,1X0200051,1,新北市,淡水區,新北市淡水區竿蓁里淡金路38巷104號1樓,121.4578857422,25.1611309052,B,居家服務,新北市,板橋區;中和區;淡水區;三芝區;八里區,0226283001,youfu1313@gmail.com,王健山,20250101.0,20271231.0,20241223 11:08:13
新北市私立友福居家長照機構,1X0200051,1,新北市,淡水區,新北市淡水區竿蓁里淡金路38巷104號1樓,121.4578857422,25.1611309052,B,喘息服務,新北市,板橋區;中和區;淡水區;三芝區;八里區,0226283001,youfu1313@gmail.com,王健山,20250101.0,20271231.0,20241223 11:09:01
新北市華福關懷協會(社照C),BF0200123,BF,新北市,板橋區,新北市板橋區華福里大華街居安巷31號,121.4579162598,25.0050182343,C,巷弄長照站,新北市,板橋區,29513616,huafu888@yahoo.com.tw,黃瓊薏,20250101.0,20251231.0,20250303 15:57:49
新北市板橋區大後埔文化關懷協進會(華興)(社照C),BF0200127,BF,新北市,板橋區,新北市板橋區華興里南亞南路2段1-1號,121.4546737671,25.0034046173,C,巷弄長照站,新北市,板橋區,26837286,ga525527@gmail.com,王明發,20230101.0,20231231.0,20230630 14:42:19
新北市私立友福居家長照機構,1X0200051,1,新北市,淡水區,新北市淡水區竿蓁里淡金路38巷104號1樓,121.4578857422,25.1611309052,A,個案管理服務,新北市,淡水區,0226283001,youfu1313@gmail.com,王健山,20250101.0,20250630.0,20241231 15:58:06
財團法人私立廣恩老人養護中心附設新北市私立新莊新樹社區長照機構,2S0200026,2,新北市,新莊區,新北市新莊區西盛里新樹路222號4樓、5樓,121.4336547852,25.0201797485,B,日間照顧服務,新北市,板橋區;新莊區;樹林區,8201-3888,shinsu2020@outlook.com,林偉峰,20250101.0,20271231.0,20241213 10:52:34
財團法人私立廣恩老人養護中心附設新北市私立新莊新樹社區長照機構,2S0200026,2,新北市,新莊區,新北市新莊區西盛里新樹路222號4樓、5樓,121.4336547852,25.0201797485,B,喘息服務,新北市,板橋區;新莊區;樹林區,8201-3888,shinsu2020@outlook.com,林偉峰,20250101.0,20271231.0,20241213 10:53:09
新北市大社后愛心關懷協會(北極壇)(社照C),BF0200128,BF,新北市,板橋區,新北市板橋區社後里中正路80巷1弄1號1樓,121.4569396973,25.0150051117,C,巷弄長照站,新北市,板橋區,8968-3377,091286876liu@gmail.com,陳信宏,20230101.0,20231231.0,20230630 14:53:40
新北市樹林區彭厝社區發展協會(社照C),BF0200135,BF,新北市,樹林區,新北市樹林區大同里太平路56巷43號2樓,121.4177703857,24.9813213348,C,巷弄長照站,新北市,樹林區,(02)8685-3911,Shulin09262007@hotmail.com,林蓮和,20220101.0,20221231.0,20220503 10:32:54
新北市板橋雙玉環保協會(社照C),BF0200122,BF,新北市,板橋區,新北市板橋區雙玉里永豐街251號,121.4777374268,25.0213489532,C,巷弄長照站,新北市,板橋區,29529786,tudo5912@kimo.com,王聰震,20240101.0,20241231.0,20240531 21:20:31
柏愛健康產業股份有限公司附設新北市私立柏愛居家長照機構,1V0200017,1,新北市,坪林區,新北市坪林區北宜路八段176號3樓,121.5186157227,25.0157566071,B,居家服務,新北市,坪林區,8925-9456,boailongtermcare@gmail.com,林鴻達,20250101.0,20271231.0,20250114 10:27:08
十全外科婦產科診所,B20200174,B2,新北市,中和區,新北市中和區景新街413號,121.5127792358,24.9895114899,B,居家失能個案家庭醫師照護服務,臺北市,大安區;中正區;萬華區;文山區,29434687,j331208@yahoo.com.tw,簡繁勝,20250101.0,20261231.0,20241231 12:38:08
板橋區部落文化健康站,BF0200118,BF,新北市,板橋區,新北市板橋區溪崑二街113號,121.426612854,24.988571167,C,巷弄長照站,新北市,板橋區,02-86861474,AP0863@ntpc.gov.tw, 林慧君,20200101.0,20201231.0,20200417 14:18:25
齡活股份有限公司附設新北市私立齡活居家長照機構,1X0200044,1,新北市,板橋區,新北市板橋區香社里海山路19號1樓(103室),121.454208374,25.0201644897,B,居家服務,新北市,板橋區;三重區;中和區;永和區;新莊區;新店區;樹林區;土城區;蘆洲區,7751-8056,seniorlifeot@gmail.com,彭紹宇,20250101.0,20271231.0,20250106 11:45:01
新北市私立定緯居家長照機構,1X0200046,1,新北市,板橋區,新北市板橋區堂春里篤行路二段9號,,,B,居家服務,新北市,板橋區;新莊區;樹林區,2990-7768,Belle660706@gmail.com,鄭芷緁,20250101.0,20271231.0,20241217 14:08:08
有限責任新北市全人長照服務勞動合作社附設新北市私立全人居家長照機構,1T0200001,1,新北市,三重區,新北市三重區光明里集美街112巷51號,121.4910583496,25.0544052124,B,喘息服務,臺北市,松山區;信義區;大安區;中山區;中正區;大同區;萬華區;文山區;南港區;內湖區;士林區;北投區,29757512,lilonwen@gmail.com,李倫文,20200728.0,20241231.0,20221230 15:01:10
有限責任新北市全人長照服務勞動合作社附設新北市私立全人居家長照機構,1T0200001,1,新北市,三重區,新北市三重區光明里集美街112巷51號,121.4910583496,25.0544052124,B,居家服務,新北市,板橋區;三重區;中和區;永和區;新莊區;蘆洲區;五股區,29757512,lilonwen@gmail.com,李倫文,20250101.0,20271231.0,20241219 14:30:28
知心居家長照有限公司附設新北市私立知心居家長照機構,1V0200022,1,新北市,樹林區,新北市樹林區金寮里保安街二段31巷3號1樓,121.4160003662,24.9996757507,B,居家服務,新北市,板橋區;中和區;永和區;樹林區;土城區,02-26757565,kh87393538@gmail.com,李水治,20250101.0,20271231.0,20241226 14:58:48
中華全人運動照護管理協會(社照C),BF0200140,BF,新北市,三重區,新北市三重區富貴里三賢街103號1樓,121.4879379272,25.0887184143,C,巷弄長照站,新北市,三重區,0973000549,u4vup0603@gmail.com,蕭淑萍,20220101.0,20231231.0,20230530 19:04:57
有限責任新北市全人長照服務勞動合作社附設新北市私立全人居家長照機構,1T0200001,1,新北市,三重區,新北市三重區光明里集美街112巷51號,121.4910583496,25.0544052124,B,喘息服務,新北市,板橋區;三重區;中和區;永和區;新莊區;蘆洲區;五股區,29757512,lilonwen@gmail.com,李倫文,20250101.0,20271231.0,20241219 14:31:11
有限責任新北市全人長照服務勞動合作社附設新北市私立全人居家長照機構,1T0200001,1,新北市,三重區,新北市三重區光明里集美街112巷51號,121.4910583496,25.0544052124,B,喘息服務,臺北市,松山區;信義區;大安區;中山區;中正區;大同區;萬華區;文山區;南港區;內湖區;士林區;北投區,29757512,lilonwen@gmail.com,李倫文,20250101.0,20261231.0,20241120 10:20:10
新北市私立寸草心居家長照機構,1X0200062,1,新北市,新店區,新北市新店區建國路198巷25號1樓,121.5356750488,24.9829769135,B,喘息服務,新北市,中和區;永和區;新店區;烏來區,0970005126,ccxhomecare@gmail.com,黃閔,20250101.0,20271231.0,20241203 15:48:25
新北市私立友達居家長照機構,1X0200047,1,新北市,三重區,新北市三重區中央里正義北路123號2樓之3,121.4980392456,25.0624084473,B,居家服務,新北市,三重區;新莊區;蘆洲區;五股區,29810556,Auoservice88@gmail.com,王貴玉,20250101.0,20271231.0,20241217 10:31:19
新北市私立友達居家長照機構,1X0200047,1,新北市,三重區,新北市三重區中央里正義北路123號2樓之3,121.4980392456,25.0624084473,B,喘息服務,新北市,三重區;新莊區;蘆洲區;五股區,29810556,Auoservice88@gmail.com,王貴玉,20250101.0,20271231.0,20241217 10:31:56
土城區部落文化健康站,BF0200119,BF,新北市,土城區,新北市土城區中央路四段283之1號3樓,121.4118347168,24.95271492,C,巷弄長照站,新北市,土城區,02-29603456,AP0863@ntpc.gov.tw, 曾茂昌,20200101.0,20201231.0,20200417 15:59:06
新北市樹林區樹人里辦公處(社照C),BG0200038,BG,新北市,樹林區,新北市樹林區樹人里復興路308巷2弄6號,121.4168548584,24.9874076843,C,巷弄長照站,新北市,樹林區,0910-669989,twntwn77@yahoo.com.tw,邱世昌,20220101.0,20221231.0,20220503 10:34:12
新北市鶯歌區大湖社區發展協會(社照C),BF0200134,BF,新北市,鶯歌區,新北市鶯歌區大湖里國際二路68號,121.3350982666,24.9762477875,C,巷弄長照站,新北市,鶯歌區,02-26797362,dauh168168@gmail.com,李素貞,20240101.0,20241231.0,20240707 14:27:18
新北市私立清水居家長照機構,1X0200054,1,新北市,淡水區,新北市淡水區北新路184巷124-1號1樓,121.4401397705,25.1712684631,B,居家服務,新北市,淡水區;三芝區;石門區;八里區,0975590032,clearwater@fhmi.com.tw,李珮菁,20250101.0,20271231.0,20241227 14:58:25
新北市私立清水居家長照機構,1X0200054,1,新北市,淡水區,新北市淡水區北新路184巷124-1號1樓,121.4401397705,25.1712684631,B,喘息服務,新北市,淡水區;三芝區;石門區;八里區,0975590032,clearwater@fhmi.com.tw,李珮菁,20250101.0,20271231.0,20241227 14:59:46
新北市私立定緯居家長照機構,1X0200046,1,新北市,板橋區,新北市板橋區堂春里篤行路二段9號,,,B,喘息服務,新北市,板橋區;新莊區;樹林區,2990-7768,Belle660706@gmail.com,鄭芷緁,20250101.0,20271231.0,20241217 14:08:54
丁良文內科診所,B20200179,B2,新北市,蘆洲區,新北市蘆洲區長安街3號1樓,121.4644699097,25.078754425,B,居家失能個案家庭醫師照護服務,新北市,三重區;蘆洲區,82822809,dinglw@gmail.com,丁良文,20250101.0,20271231.0,20250113 15:22:59
新北市新住民促進會(社照C),BF0200126,BF,新北市,板橋區,新北市板橋區廣新里永豐街124號,121.4787826538,25.0186672211,C,巷弄長照站,新北市,板橋區,0919327895,a2954b0333@yahoo.com.tw,林素杏,20240101.0,20241231.0,20240531 21:10:03
新北市私立好家在居家長照機構,1X0200048,1,新北市,鶯歌區,新北市鶯歌區光復街74巷10號1樓,121.3517227173,24.9565734863,B,專業照護服務,新北市,板橋區;三重區;中和區;永和區;新莊區;樹林區;鶯歌區;三峽區;土城區,02-26789186,Kenlin4work@gmail.com,林育民,20250101.0,20271231.0,20241213 11:48:50
新北市私立佳護居家長照機構,1X0200050,1,新北市,三重區,新北市三重區永豐里永福街47號4樓,121.4811019897,25.0780506134,B,居家服務,新北市,三重區;新莊區;蘆洲區,22865100,jiahu8798@gmail.com,黃琬婷,20250101.0,20271231.0,20241217 10:04:19
新北市私立佳護居家長照機構,1X0200050,1,新北市,三重區,新北市三重區永豐里永福街47號4樓,121.4811019897,25.0780506134,B,喘息服務,新北市,三重區;新莊區;蘆洲區,22865100,jiahu8798@gmail.com,黃琬婷,20250101.0,20271231.0,20241217 10:04:54
財團法人志浩慈善基金會(社照C),BD0200055,BD,新北市,三重區,新北市三重區中興里重新路五段609巷10號2樓-2,121.4685058594,25.0459003448,C,巷弄長照站,新北市,三重區,0983-598761,youthbody78@gmail.com,翁嵩慶,20220101.0,20231231.0,20230530 18:45:58
新北市私立全心居家長照機構,1X0200055,1,新北市,三重區,新北市三重區長壽西街107號,121.4945907593,25.0668697357,B,專業照護服務,新北市,三重區;蘆洲區,0925790290,gsk.md.ada@gmail.com,許秀芬,20250101.0,20271231.0,20241205 14:06:56
財團法人新北市台灣基督長老教會幸福教會(社照C),BD0200058,BD,新北市,新莊區,新北市新莊區仁義里福樂街74號2樓,121.4578323364,25.0467395782,C,巷弄長照站,新北市,新莊區,2991-8108,yehjen1101@gmail.com,葉玉雪,20240101.0,20241231.0,20240704 15:35:46
新北市私立景翔社區長照機構,2X0200006,2,新北市,汐止區,新北市汐止區白雲里水源路二段72巷6弄1號2樓,121.6555709839,25.0558433533,B,家庭托顧服務,新北市,10;15;5;汐止區;雙溪區,0925310050,my65523@gmail.com,段芯蕊,20250101.0,20271231.0,20241224 14:40:37
新北市私立全心居家長照機構,1X0200055,1,新北市,三重區,新北市三重區長壽西街107號,121.4945907593,25.0668697357,B,居家服務,新北市,板橋區;三重區;中和區;永和區;新莊區;鶯歌區;三峽區;淡水區;土城區;蘆洲區;五股區;泰山區;八里區,0925790290,gsk.md.ada@gmail.com,許秀芬,20250101.0,20271231.0,20241205 14:05:35
新北市私立全心居家長照機構,1X0200055,1,新北市,三重區,新北市三重區長壽西街107號,121.4945907593,25.0668697357,B,專業照護服務,新北市,三重區;蘆洲區,0925790290,gsk.md.ada@gmail.com,許秀芬,20220101.0,20241231.0,20220126 15:35:44
霖口居家語言治療所,B70200008,B7,新北市,林口區,新北市林口區仁愛路2段62巷26號3樓,121.3530883789,25.1193313599,B,專業照護服務,桃園市,桃園區;中壢區;蘆竹區;大園區;龜山區;八德區;觀音區,02-86013646,lkst26@gmail.com,張曉卿,20241129.0,20251231.0,20240102 16:40:20
新北市板橋區福泰社區發展協會(社照C),BF0200125,BF,新北市,板橋區,新北市板橋區福德里忠孝路忠義巷9弄1-1號,121.4651260376,25.0045566559,C,巷弄長照站,新北市,板橋區,29513625,banqiao.hwey.lin@gmail.com,劉慧琳,20220101.0,20231231.0,20230609 12:03:45
新北市龍馬湖發展協進會(社照C),BF0200131,BF,新北市,汐止區,新北市汐止區忠山里忠山街8號,121.6244125366,25.0783557892,C,巷弄長照站,新北市,汐止區,2641-3470,reni26321228@yahoo.com.tw,李瑞錦,20240101.0,20241231.0,20240514 13:36:48
新北市私立全心居家長照機構,1X0200055,1,新北市,三重區,新北市三重區長壽西街107號,121.4945907593,25.0668697357,A,個案管理服務,新北市,三重區;蘆洲區,0925790290,gsk.md.ada@gmail.com,許秀芬,20250101.0,20250630.0,20241231 14:29:13
社團法人台灣新住民關懷協會-中和中正站(社照C),BF0200137,BF,新北市,中和區,新北市中和區連城路389巷22號1樓,121.4864959717,24.9950199127,C,巷弄長照站,新北市,中和區,(02)22220212,zhouhongling1114@yahoo.com,陳敏生,20220101.0,20251231.0,20250505 15:54:21
霖口居家語言治療所,B70200008,B7,新北市,林口區,新北市林口區仁愛路2段62巷26號3樓,121.3530883789,25.1193313599,B,專業照護服務(CC01),新北市,板橋區;三重區;中和區;永和區;新莊區;新店區;樹林區;鶯歌區;三峽區;淡水區;土城區;蘆洲區;五股區;泰山區;林口區,02-86013646,lkst26@gmail.com,張曉卿,20250101.0,20271231.0,20241213 14:50:08
霖口居家語言治療所,B70200008,B7,新北市,林口區,新北市林口區仁愛路2段62巷26號3樓,121.3530883789,25.1193313599,B,專業照護服務(CC01),新北市,板橋區;三重區;中和區;永和區;新莊區;新店區;樹林區;鶯歌區;三峽區;淡水區;汐止區;瑞芳區;土城區;蘆洲區;五股區;泰山區;林口區;深坑區;石碇區;坪林區;三芝區;石門區;八里區;平溪區;雙溪區;貢寮區;金山區;萬里區;烏來區,02-86013646,lkst26@gmail.com,張曉卿,20210222.0,20231231.0,20230802 17:19:14
霖口居家語言治療所,B70200008,B7,新北市,林口區,新北市林口區仁愛路2段62巷26號3樓,121.3530883789,25.1193313599,B,專業照護服務,新北市,板橋區;三重區;中和區;永和區;新莊區;新店區;樹林區;鶯歌區;三峽區;淡水區;土城區;蘆洲區;五股區;泰山區;林口區,02-86013646,lkst26@gmail.com,張曉卿,20220101.0,20241231.0,20220210 15:42:35
新北市多元智能老幼暨兒童教育發展協會(鶯歌站)(社照C),BF0200141,BF,新北市,鶯歌區,新北市鶯歌區鳳福里福隆一街14號,121.3255310059,24.9716682434,C,巷弄長照站,新北市,鶯歌區,22895931,elite.everyday@gmail.com,李姿慧,20240101.0,20241231.0,20240707 14:33:56
社團法人臺北市心藝社會關懷協會(汐止福安站)(社照C),BE0200056,BE,新北市,汐止區,新北市汐止區福安里福安街57巷2號1樓,121.6639709473,25.0638217926,C,巷弄長照站,新北市,汐止區,(02)2239-8785,wind59450@gmail.com,張萬利,20240101.0,20241231.0,20240514 14:05:22
新北市私立寸草心居家長照機構,1X0200062,1,新北市,新店區,新北市新店區建國路198巷25號1樓,121.5356750488,24.9829769135,B,居家服務,新北市,中和區;永和區;新店區;烏來區,0970005126,ccxhomecare@gmail.com,黃閔,20250101.0,20271231.0,20241203 15:47:30
新北市奇布施老人養生會-寶福站(社照C),BF0200138,BF,新北市,新店區,新北市新店區寶福里寶橋路234號,,,C,巷弄長照站,新北市,新店區,02-291609230918-608832,sanlylin@hotmail.com,黃壽美,20220101.0,20221231.0,20220503 10:30:48
社團法人台灣多元社會福利協會(永和禧德站)(社照C),BE0200057,BE,新北市,永和區,新北市永和區新廍里文化路90巷33號1樓,121.5129623413,25.0165691376,C,巷弄長照站,新北市,永和區,02-29251469,sd29251469@gmail.com,林政緯,20220101.0,20221231.0,20220503 08:15:10
有限責任新北市全人長照服務勞動合作社附設新北市私立全人居家長照機構,1T0200001,1,新北市,三重區,新北市三重區光明里集美街112巷51號,121.4910583496,25.0544052124,B,居家服務,臺北市,松山區;信義區;大安區;中山區;中正區;大同區;萬華區;文山區;南港區;內湖區;士林區;北投區,29757512,lilonwen@gmail.com,李倫文,20200714.0,20261231.0,20231229 17:23:58
淡水區部落文化健康站,BF0200120,BF,新北市,淡水區,新北市淡水區義山里圭柔山路1號,121.4498062134,25.2068443298,C,巷弄長照站,新北市,淡水區,02-26186525,AP0863@ntpc.gov.tw, 林照清,20200101.0,20201231.0,20200417 16:03:31
財團法人天主教失智老人社會福利基金會附設新北市私立聖若瑟居家長照機構,1S0200016,1,新北市,永和區,新北市永和區中正路354號3樓,121.5177688599,25.0007152557,B,喘息服務,新北市,中和區;永和區,2233-1099,sw960521@yahoo.com.tw,鍾安住,20250101.0,20271231.0,20241226 15:06:59
新北市私立金安心居家長照機構,1X0200066,1,新北市,永和區,新北市永和區永和路1段2號9樓之1,121.485244751,25.001159668,A,個案管理服務,新北市,永和區,093364164,jinansin589@gmail.com,王坤昊,20250101.0,20250630.0,20241231 14:29:43
新北市私立金安心居家長照機構,1X0200066,1,新北市,永和區,新北市永和區永和路1段2號9樓之1,121.485244751,25.001159668,B,居家服務,新北市,板橋區;中和區;永和區;土城區,093364164,jinansin589@gmail.com,王坤昊,20250101.0,20271231.0,20241216 11:54:16
財團法人天主教失智老人社會福利基金會附設新北市私立聖若瑟居家長照機構,1S0200016,1,新北市,永和區,新北市永和區中正路354號3樓,121.5177688599,25.0007152557,B,居家服務,新北市,中和區;永和區,2233-1099,sw960521@yahoo.com.tw,鍾安住,20250101.0,20271231.0,20241226 15:05:54
新北市私立諭安居家長照機構,1X0200063,1,新北市,新莊區,新北市新莊區中原里中信街176號12樓之7,121.4481201172,25.0574131012,B,喘息服務,新北市,三重區;新莊區;樹林區,8521-2781,tklbd@hotmail.com,金子堯,20250101.0,20271231.0,20241219 14:20:05
逸居股份有限公司附設新北市私立幸福時光居家長照機構,1R0200015,1,新北市,三重區,新北市三重區重明里捷運路19巷13號,121.4850463867,25.057050705,B,居家服務,新北市,板橋區;三重區;中和區;永和區;新莊區;新店區;樹林區;土城區;蘆洲區;五股區;泰山區;林口區,02-77519258,candyyang0930@gmail.com,李淑貞,20250101.0,20271231.0,20241216 14:53:47
微笑長照整合服務股份有限公司附設新北市私立微笑居家長照機構,1V0200029,1,新北市,泰山區,新北市泰山區新明里民國街48號1樓,121.4498977661,25.0378360748,B,居家服務,新北市,三重區;新莊區;樹林區;泰山區,29940060,smile.ltc.hc@gmail.com,趙軒,20250101.0,20271231.0,20241225 14:41:52
新北市瑞芳區傑魚社區發展協會(社照C),BF0200132,BF,新北市,瑞芳區,新北市瑞芳區傑魚里傑魚坑路245巷2-1號,121.7880325317,25.1064777374,C,巷弄長照站,新北市,瑞芳區,24973228,Av450414@yahoo.com.tw,陳美芬,20240101.0,20241231.0,20240514 14:46:58
三峽區龍恩里辦公處(社照C),BG0200037,BG,新北市,三峽區,新北市三峽區龍恩里學成路396號4樓,121.3747024536,24.9413051605,C,巷弄長照站,新北市,三峽區,0910-238630,ag9903@ntpc.gov.tw,黃家賢,20240101.0,20241231.0,20240707 14:45:24
新北市私立全心居家長照機構,1X0200055,1,新北市,三重區,新北市三重區長壽西街107號,121.4945907593,25.0668697357,B,喘息服務,新北市,板橋區;三重區;中和區;永和區;新莊區;鶯歌區;三峽區;淡水區;土城區;蘆洲區;五股區;泰山區;八里區,0925790290,gsk.md.ada@gmail.com,許秀芬,20250101.0,20271231.0,20241205 14:06:37
霖口居家語言治療所,B70200008,B7,新北市,林口區,新北市林口區仁愛路2段62巷26號3樓,121.3530883789,25.1193313599,B,專業照護服務,新北市,板橋區;三重區;中和區;永和區;新莊區;新店區;樹林區;鶯歌區;三峽區;淡水區;土城區;蘆洲區;五股區;泰山區;林口區,02-86013646,lkst26@gmail.com,張曉卿,20250101.0,20271231.0,20241213 14:49:00
財團法人老五老基金會附設新北市私立石碇楓子林社區長照機構(石碇楓子林公共托老中心),2S0200027,2,新北市,石碇區,新北市石碇區豐林里楓子林32-1號2-3樓,121.6423110962,25.0101356506,B,喘息服務,新北市,汐止區;深坑區;石碇區,(02)2663-2885,hanneh@ofo.org.tw,陳麗欣,20250101.0,20271231.0,20241227 14:11:38
財團法人老五老基金會附設新北市私立石碇楓子林社區長照機構(石碇楓子林公共托老中心),2S0200027,2,新北市,石碇區,新北市石碇區豐林里楓子林32-1號2-3樓,121.6423110962,25.0101356506,B,日間照顧服務,新北市,汐止區;深坑區;石碇區,(02)2663-2885,hanneh@ofo.org.tw,陳麗欣,20250101.0,20271231.0,20241227 14:11:18
衛生福利部臺北醫院附設新莊悅心社區長照機構,2A0200001,2,新北市,新莊區,新北市新莊區思賢里長青街6號1樓,121.4576416016,25.042339325,B,日間照顧服務,新北市,板橋區;三重區;新莊區;樹林區;泰山區,22761136,yuexin.tph@gmail.com,鄭舜平,20250101.0,20271231.0,20250110 16:00:39
新北市淡水區鄧公社區發展協會(社照C),BF0200139,BF,新北市,淡水區,新北市淡水區鄧公里鄧公路32巷7號1樓,,,C,巷弄長照站,新北市,淡水區,02-262521000912-526336,meichin.chiu@msa.hinet.net,邱美津,20220101.0,20231231.0,20230628 15:35:40
知心居家長照有限公司附設新北市私立知心居家長照機構,1V0200022,1,新北市,樹林區,新北市樹林區金寮里保安街二段31巷3號1樓,121.4160003662,24.9996757507,B,專業照護服務,新北市,板橋區;三重區;中和區;永和區;新莊區;新店區;樹林區;鶯歌區;三峽區;淡水區;瑞芳區;土城區;蘆洲區;五股區;泰山區;林口區;深坑區;八里區,02-26757565,kh87393538@gmail.com,李水治,20220101.0,20241231.0,20220321 15:24:57
新印象居家職能治療所,B50200008,B5,新北市,新店區,新北市新店區安德街85號2樓(B室),121.5095748901,24.9609375,B,專業照護服務(CC01),新北市,板橋區;三重區;中和區;永和區;新莊區;新店區;樹林區;鶯歌區;三峽區;淡水區;汐止區;瑞芳區;土城區;蘆洲區;五股區;泰山區;林口區;深坑區;石碇區;坪林區;三芝區;石門區;八里區;平溪區;雙溪區;貢寮區;金山區;萬里區;烏來區,0910984434,newhomeot@gmail.com,李昊,20220101.0,20241231.0,20230802 17:19:14
新印象居家職能治療所,B50200008,B5,新北市,新店區,新北市新店區安德街85號2樓(B室),121.5095748901,24.9609375,B,專業照護服務,桃園市,桃園區;中壢區;大溪區;楊梅區;蘆竹區;大園區;龜山區;八德區;龍潭區;平鎮區;新屋區;觀音區;復興區,0910984434,newhomeot@gmail.com,李昊,20240116.0,20251231.0,20240118 13:03:16
新印象居家職能治療所,B50200008,B5,新北市,新店區,新北市新店區安德街85號2樓(B室),121.5095748901,24.9609375,B,專業照護服務,新北市,板橋區;三重區;中和區;永和區;新莊區;新店區;樹林區;鶯歌區;三峽區;淡水區;汐止區;瑞芳區;土城區;蘆洲區;五股區;泰山區;林口區;深坑區;石碇區;坪林區;三芝區;八里區;雙溪區;金山區;萬里區;烏來區,0910984434,newhomeot@gmail.com,李昊,20250101.0,20271231.0,20241219 14:15:47
向安物理治療所,B40200019,B4,新北市,中和區,新北市中和區民享街44巷1號,121.4737701416,25.0026283264,B,專業照護服務(CC01),新北市,板橋區;三重區;中和區;永和區;新莊區;新店區;樹林區;鶯歌區;三峽區;淡水區;汐止區;瑞芳區;土城區;蘆洲區;五股區;泰山區;林口區;深坑區;石碇區;坪林區;三芝區;石門區;八里區;平溪區;雙溪區;貢寮區;金山區;萬里區;烏來區,02-22230303,csf610803@yahoo.com.tw,陳暄丰,20220101.0,20241231.0,20230802 17:19:14
知心居家長照有限公司附設新北市私立知心居家長照機構,1V0200022,1,新北市,樹林區,新北市樹林區金寮里保安街二段31巷3號1樓,121.4160003662,24.9996757507,B,專業照護服務,新北市,板橋區;三重區;中和區;永和區;新莊區;新店區;樹林區;鶯歌區;三峽區;淡水區;瑞芳區;土城區;蘆洲區;五股區;泰山區;林口區;深坑區;八里區,02-26757565,kh87393538@gmail.com,李水治,20250101.0,20271231.0,20241226 14:58:27
知心居家長照有限公司附設新北市私立知心居家長照機構,1V0200022,1,新北市,樹林區,新北市樹林區金寮里保安街二段31巷3號1樓,121.4160003662,24.9996757507,B,喘息服務,新北市,板橋區;中和區;永和區;樹林區;土城區,02-26757565,kh87393538@gmail.com,李水治,20250101.0,20271231.0,20241226 14:59:20
新印象居家職能治療所,B50200008,B5,新北市,新店區,新北市新店區安德街85號2樓(B室),121.5095748901,24.9609375,B,專業照護服務,新北市,板橋區;三重區;中和區;永和區;新莊區;新店區;樹林區;鶯歌區;三峽區;淡水區;汐止區;瑞芳區;土城區;蘆洲區;五股區;泰山區;林口區;深坑區;石碇區;坪林區;三芝區;八里區;雙溪區;金山區;萬里區;烏來區,0910984434,newhomeot@gmail.com,李昊,20220101.0,20241231.0,20220221 14:25:35
護老福祉股份有限公司附設新北市私立護老樂活居家長照機構,1V0200026,1,新北市,蘆洲區,新北市蘆洲區水湳里水湳街65號1樓,121.4717483521,25.0877380371,B,居家服務,新北市,三重區;新莊區;蘆洲區;五股區;泰山區;八里區,02-82820512,chloe.leader@gmail.com,丁福財,20250101.0,20271231.0,20241224 14:01:49
優遊小客車租賃有限公司,BA0200012,BA,新北市,新莊區,新北市新莊區中正路700之16號,121.4181518555,25.027759552,B,交通接送服務,新北市,板橋區;三重區;新莊區;樹林區;土城區;蘆洲區;五股區;泰山區,02-29063773,okgotw168@gmail.com,張政雄,20250101.0,20271231.0,20241227 15:20:34
護老福祉股份有限公司附設新北市私立護老樂活居家長照機構,1V0200026,1,新北市,蘆洲區,新北市蘆洲區水湳里水湳街65號1樓,121.4717483521,25.0877380371,B,喘息服務,新北市,三重區;新莊區;蘆洲區;五股區;泰山區;八里區,02-82820512,chloe.leader@gmail.com,丁福財,20250101.0,20271231.0,20241224 14:02:38
新北市板橋新埔商圈協會(社照C),BF0200142,BF,新北市,板橋區,新北市板橋區新埔里文化路1段421巷34-1號1樓,121.4664916992,25.0231971741,C,巷弄長照站,新北市,板橋區,0910345369,lawson12@ms24.hinet.net,蔡鈴福,20240101.0,20241231.0,20240531 21:05:27
新北市板橋區耆光協會(社照C),BF0200147,BF,新北市,板橋區,新北市板橋區文翠里仁化街63號1樓,121.4754333496,25.031835556,C,巷弄長照站,新北市,板橋區,02-82572509,g25899@gmail.com,郭小萍,20240101.0,20241231.0,20240531 21:12:03
潤康長期照護有限公司附設新北市私立潤康居家長照機構,1V0200034,1,新北市,中和區,新北市中和區景平路431巷68號1樓,121.500617981,24.9956111908,B,專業照護服務,新北市,板橋區;三重區;中和區;永和區,0911-768-767,ringcrown1491@gmail.com,施凱鈞,20250101.0,20271231.0,20241226 11:34:59
中華民國長期照護推廣協會附設新北市私立不老社區長照機構,2N0200001,2,新北市,新莊區,新北市新莊區思源里中安街29號3樓,121.4525680542,25.0462150574,B,喘息服務,新北市,新莊區,0965388018,longtermcare.org@gmail.com,陳昱翔,20250101.0,20271231.0,20241226 11:31:39
萬眾居家護理所,B10200095,B1,新北市,三重區,新北市三重區福德南路41號7樓,121.5029067993,25.0620708466,B,專業照護服務,新北市,三重區;蘆洲區,02-28577722,wzhomecare@gmail.com,黃姿穎,20220101.0,20241231.0,20220301 16:15:31
新北市新店區衛生所,B20200187,B2,新北市,新店區,新北市新店區北新路一段86號12樓,121.5430145264,24.9672756195,B,居家失能個案家庭醫師照護服務,新北市,新店區,02-29113984,ntpc247@ntpc.gov.tw,廖婉秀,20250101.0,20271231.0,20250113 16:31:44
新北市私立諭安居家長照機構,1X0200063,1,新北市,新莊區,新北市新莊區中原里中信街176號12樓之7,121.4481201172,25.0574131012,B,居家服務,新北市,三重區;新莊區;樹林區,8521-2781,tklbd@hotmail.com,金子堯,20250101.0,20271231.0,20241219 14:19:33
財團法人天主教失智老人社會福利基金會附設新北市私立聖若瑟居家長照機構,1S0200016,1,新北市,永和區,新北市永和區中正路354號3樓,121.5177688599,25.0007152557,A,個案管理服務,新北市,永和區,2233-1099,sw960521@yahoo.com.tw,鍾安住,20250101.0,20250630.0,20241231 14:44:40
財團法人新北市新莊基督教後港主恩教會(社照C),BD0200060,BD,新北市,新莊區,新北市新莊區成德里八德街113巷3號、5號,121.4244003296,25.0208301544,C,巷弄長照站,新北市,新莊區,0955466370,ck1373@hotmail.com,陳明照,20240101.0,20241231.0,20240704 15:33:16
新北市私立禾順居家長照機構,1X0200064,1,新北市,蘆洲區,新北市蘆洲區正義里三民路581-1號3樓,121.4617233276,25.092754364,B,居家服務,新北市,瑞芳區;蘆洲區,02-82862907,heshuenservice@gmail.com,尤文芳,20250101.0,20271231.0,20241224 13:58:58
新北市私立金安心居家長照機構,1X0200066,1,新北市,永和區,新北市永和區永和路1段2號9樓之1,121.485244751,25.001159668,B,喘息服務,新北市,板橋區;中和區;永和區;土城區,093364164,jinansin589@gmail.com,王坤昊,20250101.0,20271231.0,20241216 11:54:53
新北市私立禾順居家長照機構,1X0200064,1,新北市,蘆洲區,新北市蘆洲區正義里三民路581-1號3樓,121.4617233276,25.092754364,B,喘息服務,新北市,瑞芳區;蘆洲區,02-82862907,heshuenservice@gmail.com,尤文芳,20250101.0,20271231.0,20241224 13:59:22
恩耆股份有限公司附設新北市私立惠澤居家長照機構,1R0200014,1,新北市,板橋區,新北市板橋區新興里南雅南路一段3巷4號2樓,121.4563217163,25.0062465668,B,居家服務,新北市,板橋區;中和區,(02)2272-0885,huize.hc@gmail.com,蕭乃彰,20250101.0,20271231.0,20241220 16:22:12
恩耆股份有限公司附設新北市私立惠澤居家長照機構,1R0200014,1,新北市,板橋區,新北市板橋區新興里南雅南路一段3巷4號2樓,121.4563217163,25.0062465668,B,喘息服務,新北市,板橋區;中和區,(02)2272-0885,huize.hc@gmail.com,蕭乃彰,20250101.0,20271231.0,20241220 16:22:34
新北市私立文昌居家長照機構,1X0200068,1,新北市,樹林區,新北市樹林區中山路一段186-1號3樓,121.4215011597,24.9886207581,B,居家服務,新北市,板橋區;新莊區;樹林區,02-2685-2328,2020wenchang@gmail.com,游沛蓁,20250101.0,20271231.0,20241224 15:59:15
逸居股份有限公司附設新北市私立幸福時光居家長照機構,1R0200015,1,新北市,三重區,新北市三重區重明里捷運路19巷13號,121.4850463867,25.057050705,B,喘息服務,新北市,板橋區;三重區;中和區;永和區;新莊區;新店區;樹林區;土城區;蘆洲區;五股區;泰山區;林口區,02-77519258,candyyang0930@gmail.com,李淑貞,20250101.0,20271231.0,20241216 14:54:41
微笑長照整合服務股份有限公司附設新北市私立微笑居家長照機構,1V0200029,1,新北市,泰山區,新北市泰山區新明里民國街48號1樓,121.4498977661,25.0378360748,B,喘息服務,新北市,三重區;新莊區;樹林區;泰山區,29940060,smile.ltc.hc@gmail.com,趙軒,20250101.0,20271231.0,20241225 14:42:21
新北市私立大心居家長照機構,1X0200069,1,新北市,樹林區,新北市樹林區南園里大義路238號1樓,121.3777923584,24.9460945129,B,專業照護服務,新北市,板橋區;中和區;樹林區;鶯歌區;三峽區;土城區,2680-8878,dasin.homecare@gmail.com,簡秀娟,20250101.0,20271231.0,20250106 09:25:21
新北市私立禾康居家長照機構,1X0200070,1,新北市,板橋區,新北市板橋區重慶路345號2樓,121.4641494751,24.9980621338,B,喘息服務,新北市,板橋區;中和區;樹林區;三峽區;土城區,0922358844,hekangservice@gmail.com,黃少堂,20250101.0,20271231.0,20241205 11:21:55
新北市私立大心居家長照機構,1X0200069,1,新北市,樹林區,新北市樹林區南園里大義路238號1樓,121.3777923584,24.9460945129,B,專業照護服務,新北市,板橋區;中和區;樹林區;鶯歌區;三峽區;土城區,2680-8878,dasin.homecare@gmail.com,簡秀娟,20220101.0,20241231.0,20220321 15:29:58
新北市私立大心居家長照機構,1X0200069,1,新北市,樹林區,新北市樹林區南園里大義路238號1樓,121.3777923584,24.9460945129,B,居家服務,新北市,板橋區;中和區;永和區;樹林區;鶯歌區;三峽區;土城區,2680-8878,dasin.homecare@gmail.com,簡秀娟,20250101.0,20271231.0,20250106 09:26:06
新北市私立大心居家長照機構,1X0200069,1,新北市,樹林區,新北市樹林區南園里大義路238號1樓,121.3777923584,24.9460945129,B,喘息服務,新北市,板橋區;中和區;永和區;樹林區;鶯歌區;三峽區;土城區,2680-8878,dasin.homecare@gmail.com,簡秀娟,20250101.0,20271231.0,20250106 09:26:53
北醫大管理顧問股份有限公司附設新北市私立萂禾居家長照機構,1V0200030,1,新北市,中和區,新北市中和區景新街347號9樓之9,121.5120544434,24.9909801483,B,居家服務,新北市,中和區;永和區,0983-529-442,chyouchiou32@gmail.com,張詩鑫,20250101.0,20271231.0,20241225 16:05:11
向安物理治療所,B40200019,B4,新北市,中和區,新北市中和區民享街44巷1號,121.4737701416,25.0026283264,B,專業照護服務,新北市,板橋區;中和區;永和區;土城區,02-22230303,csf610803@yahoo.com.tw,陳暄丰,20220101.0,20241231.0,20220412 15:12:32
向安物理治療所,B40200019,B4,新北市,中和區,新北市中和區民享街44巷1號,121.4737701416,25.0026283264,B,專業照護服務,新北市,板橋區;中和區;永和區;土城區,02-22230303,csf610803@yahoo.com.tw,陳暄丰,20250101.0,20271231.0,20250114 11:03:07
新北市私立樂活社區長照機構,2X0200009,2,新北市,鶯歌區,新北市鶯歌區國際二路4巷3號1樓,121.3386154175,24.9733562469,B,家庭托顧服務,新北市,10;15;5;樹林區;鶯歌區;三峽區,0915090551,chuanchang8@gmail.com,張鳳娟,20250101.0,20271231.0,20241216 09:08:10
北醫大管理顧問股份有限公司附設新北市私立萂禾居家長照機構,1V0200030,1,新北市,中和區,新北市中和區景新街347號9樓之9,121.5120544434,24.9909801483,B,喘息服務,新北市,中和區;永和區,0983-529-442,chyouchiou32@gmail.com,張詩鑫,20250101.0,20271231.0,20241225 16:05:33
潤康長期照護有限公司附設新北市私立潤康居家長照機構,1V0200034,1,新北市,中和區,新北市中和區景平路431巷68號1樓,121.500617981,24.9956111908,B,居家服務,新北市,板橋區;三重區;中和區;永和區;新莊區,0911-768-767,ringcrown1491@gmail.com,施凱鈞,20250101.0,20271231.0,20241226 11:35:32
新北市雙溪區衛生所附設物理治療所,B40200024,B4,新北市,雙溪區,新北市雙溪區新基南街18號2樓,121.8664474487,25.0379161835,B,專業照護服務(CC01),新北市,板橋區;三重區;中和區;永和區;新莊區;新店區;樹林區;鶯歌區;三峽區;淡水區;汐止區;瑞芳區;土城區;蘆洲區;五股區;泰山區;林口區;深坑區;石碇區;坪林區;三芝區;石門區;八里區;平溪區;雙溪區;貢寮區;金山區;萬里區;烏來區,02-24931210#36,ar6307@ntpc.gov.tw,林昱呈,20220101.0,20241231.0,20230802 17:19:14
向安物理治療所,B40200019,B4,新北市,中和區,新北市中和區民享街44巷1號,121.4737701416,25.0026283264,B,專業照護服務(CC01),新北市,板橋區;中和區;永和區;土城區,02-22230303,csf610803@yahoo.com.tw,陳暄丰,20250101.0,20271231.0,20250114 11:03:22
新印象居家職能治療所,B50200008,B5,新北市,新店區,新北市新店區安德街85號2樓(B室),121.5095748901,24.9609375,B,專業照護服務(CC01),新北市,板橋區;三重區;中和區;永和區;新莊區;新店區;樹林區;鶯歌區;三峽區;淡水區;汐止區;瑞芳區;土城區;蘆洲區;五股區;泰山區;林口區;深坑區;石碇區;坪林區;三芝區;八里區;雙溪區;金山區;萬里區;烏來區,0910984434,newhomeot@gmail.com,李昊,20250101.0,20271231.0,20241219 14:16:28
鐵牛居家職能治療所,B50200011,B5,新北市,三峽區,新北市三峽區中山路127號11樓之5,121.3653564453,24.93592453,B,專業照護服務(CC01),新北市,板橋區;三重區;中和區;永和區;新莊區;新店區;樹林區;鶯歌區;三峽區;淡水區;汐止區;瑞芳區;土城區;蘆洲區;五股區;泰山區;林口區;深坑區;石碇區;坪林區;三芝區;八里區;雙溪區;金山區;萬里區;烏來區,0912465002,occupational728@gmail.com,姚柔羽,20250101.0,20271231.0,20241213 10:00:30
鐵牛居家職能治療所,B50200011,B5,新北市,三峽區,新北市三峽區中山路127號11樓之5,121.3653564453,24.93592453,B,專業照護服務,新北市,板橋區;三重區;中和區;永和區;新莊區;新店區;樹林區;鶯歌區;三峽區;淡水區;汐止區;瑞芳區;土城區;蘆洲區;五股區;泰山區;林口區;深坑區;石碇區;坪林區;三芝區;八里區;雙溪區;金山區;萬里區;烏來區,0912465002,occupational728@gmail.com,姚柔羽,20220101.0,20241231.0,20220210 15:00:37
財團法人中華民國佛教慈濟慈善事業基金會新北市私立慈濟蘆洲綜合長照機構-三峽園區(醫事C),1R0200025,1,新北市,三峽區,新北市三峽區介壽里介壽路一段498號,121.3857727051,24.9321670532,C,巷弄長照站,新北市,三峽區,(02)2218-7770分機2224,sayyes103@gmail.com,釋證嚴,20200731.0,20201231.0,20210128 14:46:06
潤康長期照護有限公司附設新北市私立潤康居家長照機構,1V0200034,1,新北市,中和區,新北市中和區景平路431巷68號1樓,121.500617981,24.9956111908,B,喘息服務,臺北市,松山區;信義區;大安區;中山區;中正區;大同區;萬華區,0911-768-767,ringcrown1491@gmail.com,施凱鈞,20250101.0,20261231.0,20241104 18:50:50
財團法人台北市基督教台灣貴格會國光教會(社照C),BF0200144,BF,新北市,板橋區,新北市板橋區流芳里東門街30-2號4樓,121.4579620361,25.0084629059,C,巷弄長照站,新北市,板橋區,29694665,arb_101@hotmail.com,戴坤益,20240101.0,20241231.0,20240531 21:21:36
財團法人中華民國佛教慈濟慈善事業基金會新北市私立慈濟蘆洲綜合長照機構-林口靜思書軒(醫事C),1R0200023,1,新北市,林口區,新北市林口區西林里佳林路166號2樓,121.3835372925,25.0766563416,C,巷弄長照站,新北市,林口區,(02)2218-7770分機2224,sayyes103@gmail.com,釋證嚴,20200701.0,20201231.0,20210128 14:41:33
財團法人中華民國佛教慈濟慈善事業基金會新北市私立慈濟蘆洲綜合長照機構-林口靜思書軒(醫事C),1R0200023,1,新北市,林口區,新北市林口區西林里佳林路166號2樓,121.3835372925,25.0766563416,C,巷弄長照站,新北市,板橋區;永和區;鶯歌區;三峽區;淡水區;土城區;林口區,(02)2218-7770分機2224,sayyes103@gmail.com,釋證嚴,20210101.0,20211231.0,20210525 18:22:05
財團法人中華民國佛教慈濟慈善事業基金會新北市私立慈濟蘆洲綜合長照機構-三峽園區(醫事C),1R0200025,1,新北市,三峽區,新北市三峽區介壽里介壽路一段498號,121.3857727051,24.9321670532,C,巷弄長照站,新北市,板橋區;永和區;鶯歌區;三峽區;淡水區;土城區;林口區,(02)2218-7770分機2224,sayyes103@gmail.com,釋證嚴,20210101.0,20211231.0,20210525 18:22:05
財團法人中華民國佛教慈濟慈善事業基金會新北市私立慈濟蘆洲綜合長照機構-海山聯絡處(醫事C),1R0200026,1,新北市,土城區,新北市土城區大安里中央路三段42號5樓之1,121.4372940063,24.9679756165,C,巷弄長照站,新北市,板橋區;永和區;鶯歌區;三峽區;淡水區;土城區;林口區,(02)2218-7770分機2224,sayyes103@gmail.com,釋證嚴,20210101.0,20211231.0,20210525 18:22:05
社團法人台灣新希望社區關懷協會(三民站)(社照C),BG0200045,BG,新北市,蘆洲區,新北市蘆洲區保和里三民路96號,121.4730072021,25.0864601135,C,巷弄長照站,新北市,蘆洲區,828328580922295129,chadlu247@gmail.com,陳淑蕙,20220101.0,20221231.0,20220503 10:08:17
潤康長期照護有限公司附設新北市私立潤康居家長照機構,1V0200034,1,新北市,中和區,新北市中和區景平路431巷68號1樓,121.500617981,24.9956111908,B,專業照護服務,新北市,板橋區;三重區;中和區;永和區,0911-768-767,ringcrown1491@gmail.com,施凱鈞,20220101.0,20241231.0,20230621 16:47:13
潤康長期照護有限公司附設新北市私立潤康居家長照機構,1V0200034,1,新北市,中和區,新北市中和區景平路431巷68號1樓,121.500617981,24.9956111908,B,居家服務,臺北市,松山區;信義區;大安區;中山區;中正區;大同區;萬華區,0911-768-767,ringcrown1491@gmail.com,施凱鈞,20210518.0,20261231.0,20231229 16:55:08
潤康長期照護有限公司附設新北市私立潤康居家長照機構,1V0200034,1,新北市,中和區,新北市中和區景平路431巷68號1樓,121.500617981,24.9956111908,B,喘息服務,臺北市,松山區;信義區;大安區;中山區;中正區;大同區;萬華區;內湖區;士林區,0911-768-767,ringcrown1491@gmail.com,施凱鈞,20220101.0,20241231.0,20221230 19:25:09
潤康長期照護有限公司附設新北市私立潤康居家長照機構,1V0200034,1,新北市,中和區,新北市中和區景平路431巷68號1樓,121.500617981,24.9956111908,B,喘息服務,新北市,板橋區;三重區;中和區;永和區;新莊區,0911-768-767,ringcrown1491@gmail.com,施凱鈞,20250101.0,20271231.0,20241226 11:35:58
新北市板橋區勞工志工服務協會(板橋廣德站)(社照C),BF0200152,BF,新北市,板橋區,新北市板橋區廣德里重慶路245巷32弄18號,121.4646911621,25.0002155304,C,巷弄長照站,新北市,板橋區,0918063168,sunlai1241689@gmail.com,林治勳,20230101.0,20231231.0,20230630 14:56:43
中華民國長期照護推廣協會附設新北市私立不老社區長照機構,2N0200001,2,新北市,新莊區,新北市新莊區思源里中安街29號3樓,121.4525680542,25.0462150574,B,日間照顧服務,新北市,新莊區,0965388018,longtermcare.org@gmail.com,陳昱翔,20250101.0,20271231.0,20241226 11:31:17
萬眾居家護理所,B10200095,B1,新北市,三重區,新北市三重區福德南路41號7樓,121.5029067993,25.0620708466,B,專業照護服務,新北市,三重區;蘆洲區,02-28577722,wzhomecare@gmail.com,黃姿穎,20250101.0,20271231.0,20241219 14:45:10
鐵牛居家職能治療所,B50200011,B5,新北市,三峽區,新北市三峽區中山路127號11樓之5,121.3653564453,24.93592453,B,專業照護服務,新北市,板橋區;三重區;中和區;永和區;新莊區;新店區;樹林區;鶯歌區;三峽區;淡水區;汐止區;瑞芳區;土城區;蘆洲區;五股區;泰山區;林口區;深坑區;石碇區;坪林區;三芝區;八里區;雙溪區;金山區;萬里區;烏來區,0912465002,occupational728@gmail.com,姚柔羽,20250101.0,20271231.0,20241213 09:59:45
鐵牛居家職能治療所,B50200011,B5,新北市,三峽區,新北市三峽區中山路127號11樓之5,121.3653564453,24.93592453,B,專業照護服務(CC01),新北市,板橋區;三重區;中和區;永和區;新莊區;新店區;樹林區;鶯歌區;三峽區;淡水區;汐止區;瑞芳區;土城區;蘆洲區;五股區;泰山區;林口區;深坑區;石碇區;坪林區;三芝區;石門區;八里區;平溪區;雙溪區;貢寮區;金山區;萬里區;烏來區,0912465002,occupational728@gmail.com,姚柔羽,20210315.0,20231231.0,20230802 17:19:14
聯安診所(醫事C),B20200193,B2,新北市,新莊區,新北市新莊區忠孝里建中街116巷3弄2號,121.4456939697,25.0365409851,C,巷弄長照站,新北市,新莊區,(02)2998-6191,lin@usmg.com.tw,施錦泉,20210101.0,20211231.0,20210526 16:21:11
新北市私立樂福社區長照機構,2X0200011,2,新北市,鶯歌區,新北市鶯歌區西鶯里中山路142號2樓,121.3499526978,24.9571285248,B,喘息服務,新北市,鶯歌區;三峽區,2670-3636,deyi821@gmail.com,金婷,20250101.0,20271231.0,20241220 11:55:04
社團法人臺灣腦身心機能認知協會(社照C),BF0200148,BF,新北市,中和區,新北市中和區秀山里景平路64巷13弄18號,121.5216674805,24.9915027618,C,巷弄長照站,新北市,中和區,02-86685760,Tnca.service@gmail.com,陳怡璇,20220101.0,20221231.0,20220502 17:00:10
新北市深坑區衛生所-深坑第一市民活動中心(醫事C),B20200195,B2,新北市,深坑區,新北市深坑區深坑里平埔街16號6樓,121.6154327393,25.0015945435,C,巷弄長照站,新北市,深坑區,02-26621567,aj8178@ntpc.gov.tw,林幸玟,20200701.0,20211231.0,20210527 11:12:48
新北市板橋大後埔文化關懷協進會(板橋重慶站)(社照C),BF0200146,BF,新北市,板橋區,新北市板橋區重慶里國慶路149巷3弄7號,121.4609375,24.9967765808,C,巷弄長照站,新北市,板橋區,0918063168,sunlai689@gmail.ocm, 王明發,20230101.0,20231231.0,20230630 14:40:20
小驢駒小客車租賃有限公司,BA0200020,BA,新北市,新莊區,新北市新莊區復興路三段196巷2弄9之3號,121.4617843628,25.0450134277,B,交通接送服務(DA01),高雄市,湖內區;茄萣區;永安區;彌陀區;梓官區;旗山區;美濃區;甲仙區;杉林區;內門區,0256521567,driveryeah3196@gmail.com,葉書含,20210101.0,20261231.0,20250102 11:36:09
新北市板橋區大浮洲發展協進會(板橋大安站)(社照C),BF0200151,BF,新北市,板橋區,新北市板橋區大安里大觀路二段7巷14號1樓,121.4475326538,25.0034179688,C,巷弄長照站,新北市,板橋區,0923618811,yusulan0987189148@gmail.com,林新添,20230101.0,20231231.0,20230630 14:55:25
善和居家長照有限公司附設新北市私立善和居家長照機構,1R0200028,1,新北市,板橋區,新北市板橋區雙十路二段176號4樓,121.4670028687,25.0216732025,B,居家服務,新北市,板橋區;三重區;中和區;永和區;新莊區;土城區,2255-6700,dr.loyuhuan@gmail.com,羅友桓,20250101.0,20271231.0,20250103 11:32:07
善和居家長照有限公司附設新北市私立善和居家長照機構,1R0200028,1,新北市,板橋區,新北市板橋區雙十路二段176號4樓,121.4670028687,25.0216732025,B,喘息服務,新北市,板橋區;三重區;中和區;永和區;新莊區;土城區,2255-6700,dr.loyuhuan@gmail.com,羅友桓,20250101.0,20271231.0,20250103 11:32:58
財團法人中華民國佛教慈濟慈善事業基金會新北市私立慈濟蘆洲綜合長照機構-新永和聯絡處(醫事C),1R0200022,1,新北市,永和區,新北市永和區中溪里中山路一段130號,121.510383606,25.0100650787,C,巷弄長照站,新北市,板橋區;永和區;鶯歌區;三峽區;淡水區;土城區;林口區,(02)2218-7770分機2224,sayyes103@gmail.com,釋證嚴,20210101.0,20211231.0,20210525 18:22:05
財團法人中華民國佛教慈濟慈善事業基金會新北市私立慈濟蘆洲綜合長照機構-鳳鳴共修處(醫事C),1R0200024,1,新北市,鶯歌區,新北市鶯歌區鳳鳴里永和街184號1樓,121.3363113403,24.9704551697,C,巷弄長照站,新北市,板橋區;永和區;鶯歌區;三峽區;淡水區;土城區;林口區,(02)2218-7770分機2224,sayyes103@gmail.com,釋證嚴,20210101.0,20211231.0,20210525 18:22:05
財團法人中華民國佛教慈濟慈善事業基金會新北市私立慈濟蘆洲綜合長照機構-鳳鳴共修處(醫事C),1R0200024,1,新北市,鶯歌區,新北市鶯歌區鳳鳴里永和街184號1樓,121.3363113403,24.9704551697,C,巷弄長照站,新北市,鶯歌區,(02)2218-7770分機2224,sayyes103@gmail.com,釋證嚴,20200701.0,20201231.0,20210128 14:42:46
五甘心物理治療所-樹林區(醫事C),B40200028,B4,新北市,樹林區,新北市樹林區潭底里保安街一段274號1樓,121.4195632935,24.9970836639,C,巷弄長照站,新北市,樹林區,02-85213385,wugunshing@gmail.com,廖泰翔,20190701.0,20211231.0,20210526 17:57:14
寶興護理之家-新店寶福據點(醫事C),A30200174,A3,新北市,新店區,新北市新店區寶福里寶興路39號1樓,121.5491333008,24.9742088318,B,喘息服務,新北市,新店區,02-29109980,bcnh2015@gmail.com,廖麗如,20250101.0,20271231.0,20250425 11:31:23
社團法人新北市博德書院文教公益推廣協會(崁頂站)(社照C),BF0200154,BF,新北市,淡水區,新北市淡水區崁頂里中山北路二段381巷128號1樓,121.4429244995,25.1859931946,C,巷弄長照站,新北市,淡水區,090514865702-26266198,bdclub128@gmail.com,林俊仁,20220101.0,20231231.0,20230628 15:33:21
財團法人台灣老人急重症基金會(社照C) ,BF0200162,BF,新北市,三芝區,新北市三芝區埔坪里中山路二段18號,121.5027542114,25.2556648254,C,巷弄長照站,新北市,三芝區,0920357246,cmp85910@gmail.com,蔡正河,20230101.0,20231231.0,20230626 15:37:10
(桃園特約)鐵牛居家職能治療所,B20200182,B2,新北市,三峽區,新北市三峽區中山路127號11樓之5,121.3653564453,24.93592453,B,專業照護服務,基隆市,中正區;七堵區;暖暖區;仁愛區;中山區;安樂區;信義區,0912465002,5201314168@yahoo.com.tw,姚柔羽,20241126.0,20270330.0,20250319 14:09:54
(桃園特約)鐵牛居家職能治療所,B20200182,B2,新北市,三峽區,新北市三峽區中山路127號11樓之5,121.3653564453,24.93592453,B,專業照護服務(CC01),基隆市,中正區;七堵區;暖暖區;仁愛區;中山區;安樂區;信義區,0912465002,5201314168@yahoo.com.tw,姚柔羽,20241126.0,20270330.0,20250319 14:21:07
財團法人中華民國佛教慈濟慈善事業基金會新北市私立慈濟蘆洲綜合長照機構-新永和聯絡處(醫事C),1R0200022,1,新北市,永和區,新北市永和區中溪里中山路一段130號,121.510383606,25.0100650787,C,巷弄長照站,新北市,永和區,(02)2218-7770分機2224,sayyes103@gmail.com,釋證嚴,20200701.0,20201231.0,20210127 17:40:46
社團法人中華民國紳士協會(社照C),BE0200063,BE,新北市,樹林區,新北市樹林區三福里福興街17號,121.4043426514,25.0166110992,C,巷弄長照站,新北市,樹林區,0939524141,jani@firstins.com.tw,簡文勇,20220101.0,20221231.0,20220503 10:35:05
好家人健康長期照護事業有限公司附設新北市私立延吉居家長照機構-土城廷寮據點(醫事C),1V0200036,1,新北市,土城區,新北市土城區廷寮里延吉街253巷20號1樓,121.4677734375,24.9840564728,C,巷弄長照站,新北市,土城區,2260-5685,Shan70226@gmail.com,吳家慧,20200601.0,20211231.0,20210526 17:54:26
好家人健康長期照護事業有限公司附設新北市私立延吉居家長照機構-土城廷寮據點(醫事C),1V0200036,1,新北市,土城區,新北市土城區廷寮里延吉街253巷20號1樓,121.4677734375,24.9840564728,B,喘息服務,新北市,土城區,2260-5685,Shan70226@gmail.com,吳家慧,20250101.0,20271231.0,20250425 14:15:16
財團法人台灣省私立健順養護中心(新店柴埕公共托老中心)(社照C),BF0200155,BF,新北市,新店區,新北市新店區柴埕里安民街79號5樓,121.5165710449,24.9673786163,C,巷弄長照站,新北市,新店區,02-22121753,chiche22121753@gmail.com,黃禎祥,20220101.0,20221231.0,20220503 10:31:08
新北市三芝區樂天社區發展協會(社照C),BF0200160,BF,新北市,三芝區,新北市三芝區興華里楓子林47-1號,121.5017776489,25.2066745758,C,巷弄長照站,新北市,三芝區,26371314,a0933088534@yahoo.com.tw,杜國偵,20220101.0,20231231.0,20230628 15:42:46
(桃園特約)鐵牛居家職能治療所,B20200182,B2,新北市,三峽區,新北市三峽區中山路127號11樓之5,121.3653564453,24.93592453,B,專業照護服務,桃園市,桃園區;中壢區;大溪區;楊梅區;蘆竹區;大園區;龜山區;八德區;龍潭區;平鎮區;新屋區;觀音區;復興區,0912465002,5201314168@yahoo.com.tw,姚柔羽,20231229.0,20251231.0,20231229 11:02:49
(桃園特約)鐵牛居家職能治療所,B20200182,B2,新北市,三峽區,新北市三峽區中山路127號11樓之5,121.3653564453,24.93592453,B,專業照護服務(CC01),桃園市,桃園區;中壢區;大溪區;楊梅區;蘆竹區;大園區;龜山區;八德區;龍潭區;平鎮區;新屋區;觀音區;復興區,0912465002,5201314168@yahoo.com.tw,姚柔羽,20230203.0,20241231.0,20230802 17:19:14
黃志勳診所,B20200198,B2,新北市,五股區,新北市五股區成泰路二段69號1樓,121.4379577637,25.0837211609,B,居家失能個案家庭醫師照護服務,新北市,五股區,02-22910978,hwang100@ms2.hinet.net,黃志勳,20250101.0,20271231.0,20241227 14:03:17
恩耆股份有限公司附設新北市私立惠澤居家長照機構,1R0200014,1,新北市,板橋區,新北市板橋區新興里南雅南路一段3巷4號2樓,121.4563217163,25.0062465668,B,專業照護服務,新北市,板橋區;中和區,(02)2272-0885,huize.hc@gmail.com,蕭乃彰,20220101.0,20241231.0,20220302 10:46:21
新北市私立文昌居家長照機構,1X0200068,1,新北市,樹林區,新北市樹林區中山路一段186-1號3樓,121.4215011597,24.9886207581,B,喘息服務,新北市,板橋區;新莊區;樹林區,02-2685-2328,2020wenchang@gmail.com,游沛蓁,20250101.0,20271231.0,20241224 16:00:06
衛生福利部臺北醫院附設居家護理所,B10200098,B1,新北市,新莊區,新北市新莊區長青街6號2樓,121.4596252441,25.0432395935,B,專業照護服務,新北市,新莊區;五股區;泰山區,02-22765566,nurse22008@tph.mohw.gov.tw,何美椒,20220101.0,20241231.0,20220328 16:55:18
品安診所,B20200197,B2,新北市,板橋區,新北市板橋區忠孝路96號1樓,121.4618225098,25.0020141602,B,居家失能個案家庭醫師照護服務,新北市,板橋區,02-29610618,fivemouth@gmail.com,呂品,20250101.0,20271231.0,20250110 16:51:48
(桃園特約)鐵牛居家職能治療所,B20200182,B2,新北市,三峽區,新北市三峽區中山路127號11樓之5,121.3653564453,24.93592453,B,專業照護服務(CC01),桃園市,桃園區;中壢區;大溪區;楊梅區;蘆竹區;大園區;龜山區;八德區;龍潭區;平鎮區;新屋區;觀音區;復興區,0912465002,5201314168@yahoo.com.tw,姚柔羽,20231229.0,20251231.0,20240306 16:20:19
行天宮醫療志業醫療財團法人附設恩主公居家護理所,B10200091,B1,新北市,三峽區,新北市三峽區復興路367巷4號1~2樓,121.3633346558,24.9382572174,B,專業照護服務,新北市,樹林區;鶯歌區;三峽區,02-26723456#8714,11038@km.eck.org.tw,陳秀玲,20220101.0,20241231.0,20220315 13:42:55
社團法人中華民國新希望關懷協會(社照C),BE0200059,BE,新北市,林口區,新北市林口區湖南里文林六街62巷11號1樓,121.3717727661,25.08177948,C,巷弄長照站,新北市,林口區,02-26099990,elaine945@gmail.com,楊鑫,20220101.0,20221231.0,20220503 09:06:51
新北市土城區頂欣社區發展協會(社照C),BF0200143,BF,新北市,土城區,新北市土城區頂新里中央路四段283-1號1樓,121.4118347168,24.95271492,C,巷弄長照站,新北市,土城區,0930335838,winnie27919@gmail.com,許元皇,20220101.0,20221231.0,20220502 16:38:25
新北市私立大心居家長照機構,1X0200069,1,新北市,樹林區,新北市樹林區南園里大義路238號1樓,121.3777923584,24.9460945129,A,個案管理服務,新北市,樹林區;三峽區;土城區,2680-8878,dasin.homecare@gmail.com,簡秀娟,20250101.0,20250630.0,20241231 16:28:58
新北市私立禾康居家長照機構,1X0200070,1,新北市,板橋區,新北市板橋區重慶路345號2樓,121.4641494751,24.9980621338,B,居家服務,新北市,板橋區;中和區;樹林區;三峽區;土城區,0922358844,hekangservice@gmail.com,黃少堂,20250101.0,20271231.0,20241205 11:21:16
和鄰長照股份有限公司附設新北市私立和鄰居家長照機構,1V0200027,1,新北市,鶯歌區,新北市鶯歌區國慶街172號2樓,121.353843689,24.9532337189,B,專業照護服務,新北市,新店區;樹林區;鶯歌區;三峽區;土城區,7709-1222,honear2018@gmail.com,邱青萸,20220101.0,20241231.0,20220406 13:58:18
和鄰長照股份有限公司附設新北市私立和鄰居家長照機構,1V0200027,1,新北市,鶯歌區,新北市鶯歌區國慶街172號2樓,121.353843689,24.9532337189,B,喘息服務,新北市,新店區;樹林區;鶯歌區;三峽區;土城區,7709-1222,honear2018@gmail.com,邱青萸,20250101.0,20271231.0,20241225 15:12:31
大允有限公司附設新北市私立大允居家長照機構,1V0200028,1,新北市,板橋區,新北市板橋區民族路276巷1弄13號1、2樓,121.4701766968,25.0065021515,B,喘息服務,新北市,板橋區;三重區;中和區;永和區;新莊區;樹林區;土城區,02-2273-6070,dayunlc2020@gmail.com,蔡培禎,20250101.0,20271231.0,20241220 10:30:29
衛生福利部臺北醫院附設居家護理所,B10200098,B1,新北市,新莊區,新北市新莊區長青街6號2樓,121.4596252441,25.0432395935,B,專業照護服務,新北市,新莊區;五股區;泰山區,02-22765566,nurse22008@tph.mohw.gov.tw,何美椒,20250101.0,20271231.0,20250204 13:44:03
社團法人中華仁親社區關懷協會(社照C),BF0200174,BF,新北市,淡水區,新北市淡水區水碓里北新路2-1號2樓,121.4443435669,25.1776828766,C,巷弄長照站,新北市,淡水區,02-2626-9667,j77tan@yahoo.com.tw,陳瓊芳,20220101.0,20231231.0,20230628 15:29:43
財團法人老五老基金會新北市石碇楓子林公共托老中心(社照C),BD0200063,BD,新北市,石碇區,新北市石碇區楓子林32-1號3樓,121.6423110962,25.0101356506,C,巷弄長照站,新北市,石碇區,(02)26632885,tp@ofo.org.tw,林正介,20220101.0,20221231.0,20220503 08:18:07
財團法人中華民國佛教慈濟慈善事業基金會新北市私立慈濟蘆洲綜合長照機構-海山聯絡處(醫事C),1R0200026,1,新北市,土城區,新北市土城區大安里中央路三段42號5樓之1,121.4372940063,24.9679756165,C,巷弄長照站,新北市,土城區,(02)2218-7770分機2224,sayyes103@gmail.com,釋證嚴,20200731.0,20201231.0,20210128 14:47:54
和鄰長照股份有限公司附設新北市私立和鄰居家長照機構,1V0200027,1,新北市,鶯歌區,新北市鶯歌區國慶街172號2樓,121.353843689,24.9532337189,A,個案管理服務,新北市,新店區;樹林區;鶯歌區;三峽區;土城區,7709-1222,honear2018@gmail.com,邱青萸,20250101.0,20250630.0,20241231 16:10:03
和鄰長照股份有限公司附設新北市私立和鄰居家長照機構,1V0200027,1,新北市,鶯歌區,新北市鶯歌區國慶街172號2樓,121.353843689,24.9532337189,B,專業照護服務,新北市,新店區;樹林區;鶯歌區;三峽區;土城區,7709-1222,honear2018@gmail.com,邱青萸,20250101.0,20271231.0,20241225 15:12:57
新北市深坑區衛生所-深坑第一市民活動中心(醫事C),B20200195,B2,新北市,深坑區,新北市深坑區深坑里平埔街16號6樓,121.6154327393,25.0015945435,C,巷弄長照站,新北市,深坑區,02-26621567,aj8178@ntpc.gov.tw,林幸玟,20200801.0,20201231.0,20210127 17:24:27
新北市蘆洲區信義里辦公處(社照C),BG0200042,BG,新北市,蘆洲區,新北市蘆洲區信義里民族路167巷10號,121.4784622192,25.0883483887,C,巷弄長照站,新北市,蘆洲區,0926-888136,AJ9449@ntpc.gov.tw,郭騰芳,20220101.0,20221231.0,20220503 10:07:59
財團法人私立廣恩老人養護中心附設新北市私立土城頂埔社區長照機構,2S0200030,2,新北市,土城區,新北市土城區中央路四段271巷12號,121.4147644043,24.9538173676,B,日間照顧服務,新北市,板橋區;中和區;新店區;樹林區;三峽區;土城區,02-22695333,gndc_tc@guannenn.org.tw,林偉峰,20250101.0,20271231.0,20241227 15:05:16
衛生福利部臺北醫院附設新莊悅心社區長照機構(醫事C),2A0200002,2,新北市,新莊區,新北市新莊區思賢里長青街6號1樓,121.4576416016,25.042339325,C,巷弄長照站,新北市,新莊區,(02)2276-1136轉5200,sec33342@tph.mohw.gov.tw,鄭舜平,20210101.0,20211231.0,20210526 16:26:51
新北市蘆洲區仁義里辦公處(社照C),BG0200040,BG,新北市,蘆洲區,新北市蘆洲區仁義里集賢路245號7樓,121.4816665649,25.0846862793,C,巷弄長照站,新北市,蘆洲區,2289-1048,AJ9449@ntpc.gov.tw,何益銘,20220101.0,20221231.0,20220503 10:07:37
財團法人新北市自強基督教板橋浸禮聖經會(社照C),BD0200061,BD,新北市,板橋區,新北市板橋區自強里大智街13號,121.4557418823,25.0148181915,C,巷弄長照站,新北市,板橋區,29654997,dcbbc1966@gmail.com,羅中明,20240101.0,20241231.0,20240531 21:11:02
財團法人私立廣恩老人養護中心附設新北市私立土城頂埔社區長照機構,2S0200030,2,新北市,土城區,新北市土城區中央路四段271巷12號,121.4147644043,24.9538173676,B,喘息服務,新北市,板橋區;中和區;新店區;樹林區;三峽區;土城區,02-22695333,gndc_tc@guannenn.org.tw,林偉峰,20250101.0,20271231.0,20241227 15:05:52
(新北)祝三實業股份有限公司,BA0200014,BA,新北市,板橋區,新北市板橋區遠東路1號5樓B室,121.4575424194,24.9988594055,B,交通接送服務,新北市,板橋區;中和區;永和區;樹林區;土城區,02-2953-5583#6675,junyan.chen@trihce.com,蕭中正,20250101.0,20271231.0,20241224 10:13:03
社團法人台灣微光行動協會,BE0200060,BE,新北市,新店區,新北市新店區文化路80巷11號1樓,121.5448303223,24.9814319611,B,交通接送服務(DA01),新北市,板橋區;中和區;永和區;新店區;樹林區;鶯歌區;三峽區;土城區;深坑區;石碇區;烏來區,(02)2912-7989,terryliu@bethelight.org.tw,李嘉峰,20250101.0,20271231.0,20250109 15:56:04
社團法人台灣微光行動協會,BE0200060,BE,新北市,新店區,新北市新店區文化路80巷11號1樓,121.5448303223,24.9814319611,B,社區式交通接送服務(BD03),新北市,板橋區;中和區;永和區;新店區;樹林區;鶯歌區;三峽區;土城區;深坑區;石碇區;烏來區,(02)2912-7989,terryliu@bethelight.org.tw,李嘉峰,20250101.0,20271231.0,20250109 15:56:38
陽光藥師藥局,B30200027,B3,新北市,三重區,新北市三重區三和路二段182號1樓,121.4987258911,25.0688610077,B,專業照護服務,新北市,三重區;蘆洲區,02-29788120,b90403027@yahoo.com.tw,陳伯瑋,20220101.0,20241231.0,20220401 11:06:50
新北市私立樂福社區長照機構,2X0200011,2,新北市,鶯歌區,新北市鶯歌區西鶯里中山路142號2樓,121.3499526978,24.9571285248,B,日間照顧服務,新北市,鶯歌區;三峽區,2670-3636,deyi821@gmail.com,金婷,20250101.0,20271231.0,20241220 11:54:36
有限責任新北市溫馨照顧服務勞動合作社附設新北市私立達漾好居家長照機構,1R0200017,1,新北市,中和區,新北市中和區景新街347號9樓之8,121.537109375,24.9628067017,B,居家服務,新北市,中和區;永和區;新店區;烏來區,26618120,yestaiyan@yahoo.com,蔡培文,20250101.0,20271231.0,20241225 15:39:35
有限責任新北市溫馨照顧服務勞動合作社附設新北市私立達漾好居家長照機構,1R0200017,1,新北市,中和區,新北市中和區景新街347號9樓之8,121.537109375,24.9628067017,B,喘息服務,新北市,中和區;永和區;新店區;烏來區,26618120,yestaiyan@yahoo.com,蔡培文,20250101.0,20271231.0,20241225 15:40:20
新北市私立昕悅居家長照機構,1X0200072,1,新北市,新莊區,新北市新莊區中正路新建巷41號1樓,121.4146499634,25.0208969116,B,喘息服務,新北市,新莊區;樹林區;泰山區;林口區,2902-5885,sister201999@yahoo.com,黃郁珊,20250101.0,20271231.0,20241220 16:53:50
小驢駒小客車租賃有限公司(屏東縣),BA0200018,BA,新北市,新莊區,新北市新莊區復興路2段196巷2弄9之3號,121.4589614868,25.0440979004,B,交通接送服務,屏東縣,屏東市;長治鄉;麟洛鄉;九如鄉;里港鄉;鹽埔鄉;高樹鄉;內埔鄉;三地門鄉;霧臺鄉;瑪家鄉;泰武鄉;來義鄉,0910-918631,ss46005176@gmail.com,葉書含,20210101.0,20231231.0,20211229 23:23:28
中化銀髮事業股份有限公司附設新北市私立中化銀髮居家長照機構,1V0200032,1,新北市,中和區,新北市中和區安平路89-1號1、2樓,121.5107803345,24.9965553284,B,喘息服務,新北市,板橋區;三重區;中和區;永和區;新莊區;新店區;樹林區;土城區,02-8668-0026,didi0522@ccpc.com.tw,王謝怡貞,20250101.0,20271231.0,20241220 10:27:18
新北市中和區明德里辦公處(社照C),BG0200039,BG,新北市,中和區,新北市中和區明德里民德路311號2樓,121.4673461914,24.9947834015,C,巷弄長照站,新北市,中和區,0978659149,iversonhch@gmail.com,侯鈞翰,20220101.0,20221231.0,20220502 16:59:49
昀心居家物理治療所,B40200023,B4,新北市,中和區,新北市中和區中正路65巷2弄8號2樓,121.5009918213,24.9931411743,B,專業照護服務(CC01),新北市,板橋區;三重區;中和區;永和區;新莊區;新店區;樹林區;鶯歌區;三峽區;淡水區;汐止區;瑞芳區;土城區;蘆洲區;五股區;泰山區;林口區;深坑區;石碇區;坪林區;三芝區;石門區;八里區;平溪區;雙溪區;貢寮區;金山區;萬里區;烏來區,02-22476968,yunsing62@gmail.com,曾筠惠,20220101.0,20241231.0,20230802 17:19:14
昀心居家物理治療所,B40200023,B4,新北市,中和區,新北市中和區中正路65巷2弄8號2樓,121.5009918213,24.9931411743,B,專業照護服務,新北市,中和區;永和區,02-22476968,yunsing62@gmail.com,曾筠惠,20220101.0,20241231.0,20220207 10:41:03
新北市瑞芳區衛生所附設物理治療所,B40200025,B4,新北市,瑞芳區,新北市瑞芳區明燈路二段46號,121.8097610474,25.108127594,B,專業照護服務,新北市,瑞芳區,02-2496-9156,AH3938@ntpc.gov.tw,林宜欣,20220101.0,20241231.0,20220325 12:00:30
財團法人中華民國佛教慈濟慈善事業基金會新北市私立慈濟蘆洲綜合長照機構-淡水共修處(醫事C),1R0200027,1,新北市,淡水區,新北市淡水區埤島里2鄰中山北路三段102號,121.4444046021,25.1910018921,C,巷弄長照站,新北市,淡水區,02)2218-7770分機2224,ltc000232@tzuchi.org.tw,釋證嚴,20200731.0,20201231.0,20210128 14:48:20
新北市私立秝豐居家長照機構,1X0200076,1,新北市,板橋區,新北市板橋區溪崑二街73巷11號1樓,121.4285430908,24.9898433685,B,喘息服務,新北市,板橋區;新莊區;樹林區;三峽區;土城區,26822616,lifengservice@gmail.com,湯睿峰,20250101.0,20271231.0,20241213 09:48:35
志安診所,B20200190,B2,新北市,新莊區,新北市新莊區幸福路521號,121.4556503296,25.0492801666,B,居家失能個案家庭醫師照護服務,新北市,新莊區;五股區,02-89941217,doctorleong2000@yahoo.com.tw,梁國進,20250101.0,20271231.0,20250113 15:16:56
財團法人中華民國佛教慈濟慈善事業基金會新北市私立慈濟蘆洲綜合長照機構-舊永和聯絡處(醫事C),1R0200021,1,新北市,永和區,新北市永和區正興里4鄰永和路二段92巷1號4樓,121.5154571533,25.0116386414,C,巷弄長照站,新北市,永和區,(02)2218-7770分機2224,tzuchi198@gmail.com,釋證嚴,20200701.0,20201231.0,20210127 17:39:48
財團法人中華民國佛教慈濟慈善事業基金會新北市私立慈濟蘆洲綜合長照機構-舊永和聯絡處(醫事C),1R0200021,1,新北市,永和區,新北市永和區正興里4鄰永和路二段92巷1號4樓,121.5154571533,25.0116386414,B,喘息服務,新北市,永和區,(02)2218-7770分機2224,tzuchi198@gmail.com,釋證嚴,20250101.0,20271231.0,20250425 15:13:05
金大心股份有限公司附設新北市私立金大心居家長照機構-新莊西盛據點(醫事C),1V0200035,1,新北市,新莊區,新北市新莊區西盛里新樹路515之36號1樓,121.4328308105,25.0109882355,B,喘息服務,新北市,新莊區,0988190973,jindaxin520@gmail.com,吳秉珊,20250101.0,20271231.0,20250425 14:24:12
新北市私立常春藤居家長照機構-汐止湖興據點(醫事C),1X0200081,1,新北市,汐止區,新北市汐止區湖興里伯爵街54巷6號B1樓,121.6386032104,25.0807094574,B,喘息服務,新北市,汐止區,2642-1938,ivycareee@gmail.com,俞美娟,20250101.0,20271231.0,20250425 14:36:39
社團法人新北市博德書院文教公益推廣協會(學府站)(社照C),BF0200153,BF,新北市,淡水區,新北市淡水區學府里水源街1段143巷2號1樓,121.4472579956,25.1721458435,C,巷弄長照站,新北市,淡水區,090514865702-26266198,bdclub128@gmail.com,林俊仁,20220101.0,20231231.0,20230628 15:35:05
新北市蘆洲區永安里辦公處(社照C),BG0200041,BG,新北市,蘆洲區,新北市蘆洲區永安里永安南路二段16巷9號1樓,121.4677200317,25.0775108337,C,巷弄長照站,新北市,蘆洲區,02-2289-1048、0963-978335,AJ9449@ntpc.gov.tw,李建興,20220101.0,20221231.0,20220503 10:07:16
社團法人台灣多元社會福利協會(中和秀士站)(社照C),BE0200064,BE,新北市,中和區,新北市中和區秀士里景平路151巷59之1號1樓,121.5150375366,24.9900817871,C,巷弄長照站,新北市,中和區,29821099,kckc1104@hotmail.com,林政緯,20220101.0,20221231.0,20220502 16:58:55
新北市新莊區衛生所,B20200194,B2,新北市,新莊區,新北市新莊區中華路一段2號,121.4522476196,25.0364074707,B,居家失能個案家庭醫師照護服務,新北市,新莊區,02-29967123,AS0737@ntpc.gov.tw,洪孜幸,20250101.0,20271231.0,20250110 15:06:17
寶興護理之家-新店寶福據點(醫事C),A30200174,A3,新北市,新店區,新北市新店區寶福里寶興路39號1樓,121.5491333008,24.9742088318,C,巷弄長照站,新北市,新店區,02-29109980,bcnh2015@gmail.com,廖麗如,20200901.0,20211231.0,20210526 18:46:36
社團法人台灣多元社會福利協會(淡水民權站)(社照C),BF0200156,BF,新北市,淡水區,新北市淡水區民權里民權路177巷10號,121.4603271484,25.1350898743,C,巷弄長照站,新北市,淡水區,02-28085539,zwhande@gmail.com,林政緯,20220101.0,20231231.0,20230628 15:32:48
新北市板橋區三民社區展協會(社照C),BF0200158,BF,新北市,板橋區,新北市板橋區東丘里新北市板橋區民生路1段30-1號,121.4768218994,25.0136604309,C,巷弄長照站,新北市,板橋區,2956-1159,a29561159@yahoo.com.tw,林素杏,20220101.0,20221231.0,20220503 08:23:10
新北市大社后愛心關懷協會(板橋民權站)(社照C),BF0200163,BF,新北市,板橋區,新北市板橋區民權里民權路202巷9弄39號1樓,121.459312439,25.0156364441,C,巷弄長照站,新北市,板橋區,29589299,091286876liu@gmail.com,陳信宏,20230101.0,20231231.0,20230630 14:54:41
新北市中和區壽德里辦公處(社照C),BG0200043,BG,新北市,中和區,新北市中和區壽德里華順街138號,121.4646759033,24.9960746765,C,巷弄長照站,新北市,中和區,29647071,W3382328@ms52.hinet.net,張宗正,20220101.0,20221231.0,20220502 17:00:32
財團法人中華民國佛教慈濟慈善事業基金會新北市私立慈濟蘆洲綜合長照機構-舊永和聯絡處(醫事C),1R0200021,1,新北市,永和區,新北市永和區正興里4鄰永和路二段92巷1號4樓,121.5154571533,25.0116386414,C,巷弄長照站,新北市,板橋區;永和區;鶯歌區;三峽區;淡水區;土城區;林口區,(02)2218-7770分機2224,tzuchi198@gmail.com,釋證嚴,20210101.0,20211231.0,20210525 18:22:05
自己人居家物理治療所,B40200027,B4,新北市,鶯歌區,新北市鶯歌區南鶯里育才街90號1樓,121.3473510742,24.9547290802,C,巷弄長照站,新北市,鶯歌區,(02)2678-1289,ben06066@gmail.com,陳星叡,20200601.0,20211231.0,20210526 17:25:45
財團法人中華民國佛教慈濟慈善事業基金會新北市私立慈濟蘆洲綜合長照機構-淡水共修處(醫事C),1R0200027,1,新北市,淡水區,新北市淡水區埤島里2鄰中山北路三段102號,121.4444046021,25.1910018921,C,巷弄長照站,新北市,板橋區;永和區;鶯歌區;三峽區;淡水區;土城區;林口區,02)2218-7770分機2224,ltc000232@tzuchi.org.tw,釋證嚴,20210101.0,20211231.0,20210525 18:22:05
財團法人新北市中華基督教青潭浸信會(社照C),BF0200170,BF,新北市,新店區,新北市新店區美潭里北宜路二段267巷2號1樓,121.5546188354,24.9538784027,C,巷弄長照站,新北市,新店區,02-22173724,nlp41978@gmail.com,林佩柔,20220101.0,20221231.0,20220503 10:31:28
泰康診所,B20200199,B2,新北市,土城區,新北市土城區中央路二段238號,121.4418640137,24.9749641418,B,居家失能個案家庭醫師照護服務,新北市,土城區,02-22636123,Dannytanjxhome@gmail.com,陳悅明,20250101.0,20271231.0,20241225 10:41:16
鴻昇診所,B20200202,B2,新北市,蘆洲區,新北市蘆洲區中原路51號,121.4592208862,25.0822372437,B,居家失能個案家庭醫師照護服務,新北市,蘆洲區;五股區;八里區,22893514,chaosen0901@hotmail.com,楊朝森,20250101.0,20271231.0,20241225 10:54:51
新北市私立慶安居家長照機構,1X0200084,1,新北市,林口區,新北市林口區文化二路一段266號地下1層之13-06室,121.3723526001,25.0737266541,B,居家服務,新北市,林口區,02-26081220,chingann2021@gmail.com,施仰賢,20250101.0,20271231.0,20241205 15:09:00
和鄰長照股份有限公司附設新北市私立和鄰居家長照機構,1V0200027,1,新北市,鶯歌區,新北市鶯歌區國慶街172號2樓,121.353843689,24.9532337189,B,專業照護服務(CC01),新北市,板橋區;三重區;中和區;永和區;新莊區;新店區;樹林區;鶯歌區;三峽區;淡水區;汐止區;瑞芳區;土城區;蘆洲區;五股區;泰山區;林口區;深坑區;石碇區;坪林區;三芝區;石門區;八里區;平溪區;雙溪區;貢寮區;金山區;萬里區;烏來區,7709-1222,honear2018@gmail.com,邱青萸,20220101.0,20241231.0,20230802 17:19:14
和鄰長照股份有限公司附設新北市私立和鄰居家長照機構,1V0200027,1,新北市,鶯歌區,新北市鶯歌區國慶街172號2樓,121.353843689,24.9532337189,B,居家服務,新北市,新店區;樹林區;鶯歌區;三峽區;土城區,7709-1222,honear2018@gmail.com,邱青萸,20250101.0,20271231.0,20241225 15:12:04
大允有限公司附設新北市私立大允居家長照機構,1V0200028,1,新北市,板橋區,新北市板橋區民族路276巷1弄13號1、2樓,121.4701766968,25.0065021515,B,居家服務,新北市,板橋區;三重區;中和區;永和區;新莊區;樹林區;土城區,02-2273-6070,dayunlc2020@gmail.com,蔡培禎,20250101.0,20271231.0,20241220 10:29:57
大允有限公司附設新北市私立大允居家長照機構,1V0200028,1,新北市,板橋區,新北市板橋區民族路276巷1弄13號1、2樓,121.4701766968,25.0065021515,B,專業照護服務,新北市,板橋區;三重區;中和區;永和區;新莊區;新店區;樹林區;三峽區;土城區;蘆洲區,02-2273-6070,dayunlc2020@gmail.com,蔡培禎,20220101.0,20241231.0,20220301 16:33:42
新北市私立昕悅居家長照機構,1X0200072,1,新北市,新莊區,新北市新莊區中正路新建巷41號1樓,121.4146499634,25.0208969116,B,居家服務,新北市,新莊區;樹林區;泰山區;林口區,2902-5885,sister201999@yahoo.com,黃郁珊,20250101.0,20271231.0,20241220 16:53:25
永康居家護理所,B20200185,B2,新北市,淡水區,新北市淡水區重建街186號1樓,121.4409179688,25.1742095947,B,專業照護服務,新北市,淡水區;三芝區;八里區,02-26264077,yuying0225@yahoo.com.tw,鍾玉英,20220101.0,20241231.0,20220324 10:48:53
小驢駒小客車租賃有限公司(屏東縣),BA0200018,BA,新北市,新莊區,新北市新莊區復興路2段196巷2弄9之3號,121.4589614868,25.0440979004,B,交通接送服務,屏東縣,屏東市;長治鄉;麟洛鄉;九如鄉;里港鄉;鹽埔鄉;高樹鄉;內埔鄉;三地門鄉;霧臺鄉;瑪家鄉;泰武鄉;來義鄉,0910-918631,ss46005176@gmail.com,葉書含,20240101.0,20240831.0,20241113 15:05:42
新北市私立均安居家長照機構,1X0200082,1,新北市,鶯歌區,新北市鶯歌區二橋里二甲路30號,121.3386230469,24.9400081635,B,居家服務,新北市,板橋區;中和區;永和區;樹林區;鶯歌區;三峽區;土城區,0905861860,A60729@yahoo.com.tw,吳培君,20250101.0,20271231.0,20241223 14:45:56
中化銀髮事業股份有限公司附設新北市私立中化銀髮居家長照機構,1V0200032,1,新北市,中和區,新北市中和區安平路89-1號1、2樓,121.5107803345,24.9965553284,B,居家服務,新北市,板橋區;三重區;中和區;永和區;新莊區;新店區;樹林區;土城區,02-8668-0026,didi0522@ccpc.com.tw,王謝怡貞,20250101.0,20271231.0,20241220 10:26:33
新北市瑞芳區衛生所附設物理治療所,B40200025,B4,新北市,瑞芳區,新北市瑞芳區明燈路二段46號,121.8097610474,25.108127594,B,專業照護服務,新北市,瑞芳區,02-2496-9156,AH3938@ntpc.gov.tw,林宜欣,20250101.0,20271231.0,20241213 10:33:15
新北市私立秝豐居家長照機構,1X0200076,1,新北市,板橋區,新北市板橋區溪崑二街73巷11號1樓,121.4285430908,24.9898433685,B,居家服務,新北市,板橋區;新莊區;樹林區;三峽區;土城區,26822616,lifengservice@gmail.com,湯睿峰,20250101.0,20271231.0,20241213 09:48:03
新北市私立常春藤居家長照機構-汐止湖興據點(醫事C),1X0200081,1,新北市,汐止區,新北市汐止區湖興里伯爵街54巷6號B1樓,121.6386032104,25.0807094574,C,巷弄長照站,新北市,汐止區,2642-1938,ivycareee@gmail.com,俞美娟,20200401.0,20211231.0,20210526 18:37:03
碇康藥局(醫事C),B30200029,B3,新北市,石碇區,新北市石碇區中民里靜安路1段242號,,,C,巷弄長照站,新北市,石碇區,(02)2663-1325 分機23,AN7362@ntpc.gov.tw,鄭健雄,20200701.0,20201231.0,20210127 17:20:01
新北市私立均安居家長照機構,1X0200082,1,新北市,鶯歌區,新北市鶯歌區二橋里二甲路30號,121.3386230469,24.9400081635,B,喘息服務,新北市,板橋區;中和區;永和區;樹林區;鶯歌區;三峽區;土城區,0905861860,A60729@yahoo.com.tw,吳培君,20250101.0,20271231.0,20241223 14:46:30
新北市新店區下城社區發展協會(社照C),BF0200130,BF,新北市,新店區,新北市新店區下城里安康路1段281巷6號,121.523651123,24.9627780914,C,巷弄長照站,新北市,新店區,02-2211-9715,hx9897@pchome.com.tw,李林貞子,20220101.0,20221231.0,20220503 10:21:36
新北市私立宜家居家長照機構,1X0200057,1,新北市,三重區,新北市三重區福德里集美街75巷27號1樓,121.4980392456,25.0624084473,B,居家服務,新北市,三重區;新莊區;林口區,0287733752,jl225185007@gmail.com,李姉穎,20250101.0,20271231.0,20241227 13:41:30
新北市私立宜家居家長照機構,1X0200057,1,新北市,三重區,新北市三重區福德里集美街75巷27號1樓,121.4980392456,25.0624084473,B,喘息服務,新北市,三重區;新莊區;林口區,0287733752,jl225185007@gmail.com,李姉穎,20250101.0,20271231.0,20241227 13:42:01
新北市新店區北新社區發展協會(社照C),BF0200129,BF,新北市,新店區,新北市新店區張北里德正街23巷25號,121.5448074341,24.9726810455,C,巷弄長照站,新北市,新店區,0963366378,yalin54088@gmail.com,翁玉美,20220101.0,20221231.0,20220503 10:21:58
新北市私立親齡居家長照機構,1X0200056,1,新北市,三芝區,新北市三芝區埔頭里長安街53巷6號1樓,121.501083374,25.2564640045,B,居家服務,新北市,淡水區;三芝區;石門區;八里區;金山區,26360629,claire.2007@livemail.tw,許靜怡,20250101.0,20271231.0,20241220 08:51:37
社團法人大中華婦幼關懷成長協會(社照C),BE0200054,BE,新北市,汐止區,新北市汐止區茄苳里茄苳路225巷35號3樓,121.6720352173,25.0691509247,C,巷弄長照站,新北市,汐止區,8648-8662,wenhsin@twc.org.tw,劉庭瑄,20240101.0,20241231.0,20240514 13:41:28
新北市中和區莒西社區發展協會(社照C),BF0200136,BF,新北市,中和區,新北市中和區自強里莒光路200號之3,121.4720230103,24.9988994598,C,巷弄長照站,新北市,中和區,29576662,Se13934@gmail.com,黃秀琴,20220101.0,20221231.0,20220502 16:55:32
新北市私立宜家居家長照機構,1X0200057,1,新北市,三重區,新北市三重區福德里集美街75巷27號1樓,121.4980392456,25.0624084473,B,專業照護服務,新北市,三重區;新莊區;林口區,0287733752,jl225185007@gmail.com,李姉穎,20250101.0,20271231.0,20241227 13:40:59
社團法人台灣新希望社區關懷協會-得仁站(社照C),BE0200055,BE,新北市,蘆洲區,新北市蘆洲區得仁里民生街129巷14號,121.4728393555,25.0784130096,C,巷弄長照站,新北市,蘆洲區,0922295129,chadlu247@gmail.com,葉聯邦,20220101.0,20221231.0,20220503 10:06:33
財團法人新北市基督教新希望教會(環河站)(社照C),BD0200059,BD,新北市,永和區,"新北市永和區永成里環河西路2段9-2號1, 2樓",121.5085678101,25.016412735,C,巷弄長照站,新北市,永和區,02-3233-0966,a0912473704@gmail.com,黃遠鵬,20220101.0,20221231.0,20220503 08:13:50
新北市私立親齡居家長照機構,1X0200056,1,新北市,三芝區,新北市三芝區埔頭里長安街53巷6號1樓,121.501083374,25.2564640045,B,喘息服務,新北市,淡水區;三芝區;石門區;八里區;金山區,26360629,claire.2007@livemail.tw,許靜怡,20250101.0,20271231.0,20241220 08:52:16
心悅居家長照有限公司附設新北市私立心悅居家長照機構,1V0200024,1,新北市,汐止區,新北市汐止區大同里大同路二段322巷8號1樓,121.6564712524,25.066444397,B,喘息服務,新北市,汐止區,02-86910047,XY162123@gmail.com,鄭亘媁,20250101.0,20271231.0,20250103 11:39:58
新北市私立文華居家長照機構,1X0200059,1,新北市,板橋區,新北市板橋區民治街8巷2號2樓,121.4553070068,25.0248908997,B,喘息服務,新北市,板橋區;三重區;中和區;永和區;新莊區;新店區;樹林區;鶯歌區;三峽區;土城區;蘆洲區;五股區;泰山區,0905-325837,pinc20208@gmail.com,江能裕,20250101.0,20271231.0,20241205 13:48:39
新北市私立文華居家長照機構,1X0200059,1,新北市,板橋區,新北市板橋區民治街8巷2號2樓,121.4553070068,25.0248908997,B,居家服務,新北市,板橋區;三重區;中和區;永和區;新莊區;新店區;樹林區;鶯歌區;三峽區;土城區;蘆洲區;五股區;泰山區,0905-325837,pinc20208@gmail.com,江能裕,20250101.0,20271231.0,20241205 13:47:34
新北市私立宜家居家長照機構,1X0200057,1,新北市,三重區,新北市三重區福德里集美街75巷27號1樓,121.4980392456,25.0624084473,B,專業照護服務,新北市,三重區;新莊區;林口區,0287733752,jl225185007@gmail.com,李姉穎,20220101.0,20241231.0,20220208 15:40:12
心悅居家長照有限公司附設新北市私立心悅居家長照機構,1V0200024,1,新北市,汐止區,新北市汐止區大同里大同路二段322巷8號1樓,121.6564712524,25.066444397,B,居家服務,新北市,汐止區,02-86910047,XY162123@gmail.com,鄭亘媁,20250101.0,20271231.0,20250103 11:39:32
悠康事業有限公司附設新北市私立悠康居家長照機構,1V0200023,1,新北市,三重區,新北市三重區自強路三段61號2樓,121.4445343018,25.0336742401,A,個案管理服務,新北市,新莊區,0936916081,greatrichd.yucom@gmail.com,洪偉榮,20250101.0,20250630.0,20241231 15:59:50
悠康事業有限公司附設新北市私立悠康居家長照機構,1V0200023,1,新北市,三重區,新北市三重區自強路三段61號2樓,121.4445343018,25.0336742401,B,喘息服務,新北市,板橋區;三重區;中和區;永和區;新莊區;蘆洲區,0936916081,greatrichd.yucom@gmail.com,洪偉榮,20250101.0,20271231.0,20241225 10:04:50
悠康事業有限公司附設新北市私立悠康居家長照機構,1V0200023,1,新北市,三重區,新北市三重區自強路三段61號2樓,121.4445343018,25.0336742401,B,居家服務,新北市,板橋區;三重區;中和區;永和區;新莊區;蘆洲區,0936916081,greatrichd.yucom@gmail.com,洪偉榮,20250101.0,20271231.0,20241225 10:04:15
全能居家長照有限公司附設新北市私立全能居家長照機構,1V0200025,1,新北市,新莊區,新北市新莊區民安里民安西路38巷19號,121.4267578125,25.0205574036,B,居家服務,新北市,板橋區;三重區;新莊區;樹林區;土城區;五股區;泰山區,02-2202-9025,a818387@kimo.com,楊惠珠,20250101.0,20271231.0,20241205 11:45:16
全能居家長照有限公司附設新北市私立全能居家長照機構,1V0200025,1,新北市,新莊區,新北市新莊區民安里民安西路38巷19號,121.4267578125,25.0205574036,B,喘息服務,新北市,板橋區;三重區;新莊區;樹林區;土城區;五股區;泰山區,02-2202-9025,a818387@kimo.com,楊惠珠,20250101.0,20271231.0,20241205 11:46:12
佛教慈濟醫療財團法人附設新北市私立台北慈濟社區長照機構,2S0200028,2,新北市,新店區,新北市新店區建國路277號1樓,121.5356140137,24.984128952,B,日間照顧服務,新北市,中和區;永和區;新店區,(02)66289779,maggie16471@tzuchi.com.tw,釋證嚴,20250101.0,20271231.0,20241226 15:31:06
佛教慈濟醫療財團法人附設新北市私立台北慈濟社區長照機構,2S0200028,2,新北市,新店區,新北市新店區建國路277號1樓,121.5356140137,24.984128952,B,喘息服務,新北市,中和區;永和區;新店區,(02)66289779,maggie16471@tzuchi.com.tw,釋證嚴,20250101.0,20271231.0,20241226 15:31:34
愛佳生活居家護理所-樹林圳福據點(醫事C),B10200092,B1,新北市,樹林區,新北市樹林區圳福里千歲街61巷12弄28號1樓,121.4268569946,24.9987945557,B,喘息服務,新北市,樹林區,02-26819997,gospel0988390191@gmail.com,蔡嘉恩,20250101.0,20271231.0,20250110 11:50:16
新北市私立尚杰居家長照機構,1X0200065,1,新北市,土城區,新北市土城區金城里金城路3段4號8樓,121.4644622803,24.9858436584,B,喘息服務,新北市,板橋區;樹林區;鶯歌區;三峽區;土城區,0910-970815,wenj0519@gmail.com,陳淑沛,20250101.0,20271231.0,20241219 14:23:28
新北市私立尚杰居家長照機構,1X0200065,1,新北市,土城區,新北市土城區金城里金城路3段4號8樓,121.4644622803,24.9858436584,B,居家服務,新北市,板橋區;樹林區;鶯歌區;三峽區;土城區,0910-970815,wenj0519@gmail.com,陳淑沛,20250101.0,20271231.0,20241219 14:22:52
財團法人新北市基督教新希望教會(淡水大庄站)(社照C),BF0200175,BF,新北市,淡水區,新北市淡水區大庄里沙崙路181巷30號,121.4234313965,25.1848945618,C,巷弄長照站,新北市,淡水區,02-2881-5100,shuping2020@gmail.com,林淑萍,20220101.0,20231231.0,20230628 15:29:03
鴻基居家物理治療所,B40200029,B4,新北市,汐止區,新北市汐止區福德一路201巷17弄,121.636138916,25.0650348663,B,專業照護服務,新北市,汐止區;林口區;八里區,02-2694-2468,maso0108@yahoo.com.tw,薛鴻基,20220101.0,20241231.0,20220301 16:07:25
鴻基居家物理治療所,B40200029,B4,新北市,汐止區,新北市汐止區福德一路201巷17弄,121.636138916,25.0650348663,B,專業照護服務(CC01),新北市,板橋區;三重區;中和區;永和區;新莊區;新店區;樹林區;鶯歌區;三峽區;淡水區;汐止區;瑞芳區;土城區;蘆洲區;五股區;泰山區;林口區;深坑區;石碇區;坪林區;三芝區;石門區;八里區;平溪區;雙溪區;貢寮區;金山區;萬里區;烏來區,02-2694-2468,maso0108@yahoo.com.tw,薛鴻基,20220101.0,20241231.0,20230802 17:19:14
鴻基居家物理治療所,B40200029,B4,新北市,汐止區,新北市汐止區福德一路201巷17弄,121.636138916,25.0650348663,B,專業照護服務,新北市,汐止區;深坑區;貢寮區,02-2694-2468,maso0108@yahoo.com.tw,薛鴻基,20250101.0,20271231.0,20241226 14:25:56
新北市貢寮區衛生所附設物理治療所,B40200030,B4,新北市,貢寮區,新北市貢寮區仁愛路128號3樓,121.9275741577,25.0549545288,B,專業照護服務,新北市,貢寮區,02-24901431,AH6945@ntpc.gov.tw,李庭嘉,20220101.0,20241231.0,20220317 16:17:37
新北市私立慶安居家長照機構,1X0200084,1,新北市,林口區,新北市林口區文化二路一段266號地下1層之13-06室,121.3723526001,25.0737266541,B,喘息服務,新北市,林口區,02-26081220,chingann2021@gmail.com,施仰賢,20250101.0,20271231.0,20241205 15:09:35
好窩居家職能治療所,B50200007,B5,新北市,新店區,新北市新店區中興路二段67巷11號1樓,121.5460968018,24.9710102081,A,個案管理服務,新北市,中和區;新店區,02-86660313,haowo0305@gmail.com,楊書竣,20250101.0,20250630.0,20241231 16:01:49
好窩居家職能治療所,B50200007,B5,新北市,新店區,新北市新店區中興路二段67巷11號1樓,121.5460968018,24.9710102081,B,專業照護服務,新北市,板橋區;三重區;中和區;永和區;新莊區;新店區;泰山區;深坑區;烏來區,02-86660313,haowo0305@gmail.com,楊書竣,20220101.0,20241231.0,20220314 15:01:37
好窩居家職能治療所,B50200007,B5,新北市,新店區,新北市新店區中興路二段67巷11號1樓,121.5460968018,24.9710102081,B,專業照護服務,新北市,板橋區;三重區;中和區;永和區;新莊區;新店區;泰山區;深坑區;烏來區,02-86660313,haowo0305@gmail.com,楊書竣,20250101.0,20271231.0,20241224 15:38:07
新北市淡水區福德里辦公處(社照C),BF0200173,BF,新北市,淡水區,新北市淡水區福德里自強路307巷4號,121.4623031616,25.1319580078,C,巷弄長照站,新北市,淡水區,0987-469-508,AN2874@ntpc.gov.tw,郭清泉,20220101.0,20231231.0,20230628 15:30:41
美事居家長照有限公司附設新北市私立美事居家長照機構,1X0200085,1,新北市,蘆洲區,新北市蘆洲區永康里永安南路二段328巷17弄8號1樓,121.4562530518,25.0840187073,B,喘息服務,新北市,三重區;新莊區;蘆洲區;五股區;泰山區,8286-0162,meishih11003@gmail.com,陳庭宇,20250101.0,20271231.0,20241203 11:49:23
沃恩有限公司附設新北市私立耆樂居家長照機構,1N0200002,1,新北市,汐止區,新北市汐止區復興里新台五路一段79號7樓B室,121.6458740234,25.0617275238,A,個案管理服務,臺北市,南港區,02-86983877,swparty120@gmail.com,林顯寬,20230424.0,20241231.0,20230425 17:21:52
安星居服股份有限公司附設新北市私立安星居家長照機構,1R0200029,1,新北市,淡水區,新北市淡水區新生里文化路63號8樓,121.4382171631,25.172794342,B,喘息服務,新北市,淡水區;三芝區;八里區,(02)2625-0053,astar1100209@gmail.com,王妤安,20250101.0,20271231.0,20250103 11:36:20
財團法人私立廣恩老人養護中心附設新北市私立土城頂埔社區長照機構,2S0200030,2,新北市,土城區,新北市土城區中央路四段271巷12號,121.4147644043,24.9538173676,C,巷弄長照站,新北市,土城區,02-22695333,gndc_tc@guannenn.org.tw,林偉峰,20220101.0,20221231.0,20220502 16:40:30
勇健居家職能治療所,B50200010,B5,新北市,永和區,新北市永和區仁愛路202巷34號1樓,121.5089645386,25.0132064819,B,專業照護服務(CC01),新北市,板橋區;三重區;中和區;永和區;新莊區;新店區;樹林區;鶯歌區;三峽區;淡水區;汐止區;瑞芳區;土城區;蘆洲區;五股區;泰山區;林口區;深坑區;石碇區;坪林區;三芝區;石門區;八里區;平溪區;雙溪區;貢寮區;金山區;萬里區;烏來區,02-29299565,yungjianot@gmail.com,翁麒展,20220101.0,20241231.0,20230802 17:19:14
美事居家長照有限公司附設新北市私立美事居家長照機構,1X0200085,1,新北市,蘆洲區,新北市蘆洲區永康里永安南路二段328巷17弄8號1樓,121.4562530518,25.0840187073,B,居家服務,新北市,三重區;新莊區;蘆洲區;五股區;泰山區,8286-0162,meishih11003@gmail.com,陳庭宇,20250101.0,20271231.0,20241203 11:48:38
清佳居家服務股份有限公司附設新北市私立清佳居家長照機構,1R0200016,1,新北市,板橋區,新北市板橋區中正路364號1樓,121.4544677734,25.0240688324,B,喘息服務,新北市,板橋區;中和區;新莊區;樹林區;土城區,0973260118,c0973260118@gmail.com,郭清傑,20250101.0,20271231.0,20241203 14:39:55
新北市私立康悅居家長照機構,1X0200071,1,新北市,五股區,新北市五股區新城八路336號1樓,121.4299926758,25.0903491974,B,喘息服務,新北市,新莊區;五股區;泰山區,22916572,a0939941529@gmail.com,王開智,20250101.0,20271231.0,20241225 14:05:14
勇健居家職能治療所,B50200010,B5,新北市,永和區,新北市永和區仁愛路202巷34號1樓,121.5089645386,25.0132064819,B,專業照護服務,新北市,板橋區;三重區;中和區;永和區;新莊區;新店區;樹林區;鶯歌區;三峽區;淡水區;汐止區;瑞芳區;土城區;蘆洲區;五股區;林口區;深坑區;石碇區;坪林區;八里區;萬里區,02-29299565,yungjianot@gmail.com,翁麒展,20250101.0,20271231.0,20241216 15:32:22
好窩居家職能治療所,B50200007,B5,新北市,新店區,新北市新店區中興路二段67巷11號1樓,121.5460968018,24.9710102081,B,專業照護服務(CC01),新北市,板橋區;三重區;中和區;永和區;新莊區;新店區;樹林區;鶯歌區;三峽區;淡水區;汐止區;瑞芳區;土城區;蘆洲區;五股區;泰山區;林口區;深坑區;石碇區;坪林區;三芝區;石門區;八里區;平溪區;雙溪區;貢寮區;金山區;萬里區;烏來區,02-86660313,haowo0305@gmail.com,楊書竣,20220101.0,20241231.0,20230802 17:19:14
好窩居家職能治療所,B50200007,B5,新北市,新店區,新北市新店區中興路二段67巷11號1樓,121.5460968018,24.9710102081,B,專業照護服務(CC01),新北市,板橋區;三重區;中和區;永和區;新莊區;新店區;泰山區;深坑區;烏來區,02-86660313,haowo0305@gmail.com,楊書竣,20250101.0,20271231.0,20241224 15:38:39
清佳居家服務股份有限公司附設新北市私立清佳居家長照機構,1R0200016,1,新北市,板橋區,新北市板橋區中正路364號1樓,121.4544677734,25.0240688324,B,居家服務,新北市,板橋區;中和區;新莊區;樹林區;土城區,0973260118,c0973260118@gmail.com,郭清傑,20250101.0,20271231.0,20241203 14:38:36
新北市私立康悅居家長照機構,1X0200071,1,新北市,五股區,新北市五股區新城八路336號1樓,121.4299926758,25.0903491974,B,居家服務,新北市,新莊區;五股區;泰山區,22916572,a0939941529@gmail.com,王開智,20250101.0,20271231.0,20241225 14:04:48
財團法人恆安社會福利慈善事業基金會附設新北市私立恆安居家長照機構,1S0200017,1,新北市,板橋區,新北市板橋區民生路一段57、59號12樓,121.4752197266,25.0131855011,B,營養餐飲服務,新北市,板橋區,2959-5855,homecare_ntc@hangan.org,胡世賢,20250101.0,20250131.0,20250122 14:43:10
財團法人恆安社會福利慈善事業基金會附設新北市私立恆安居家長照機構,1S0200017,1,新北市,板橋區,新北市板橋區民生路一段57、59號12樓,121.4752197266,25.0131855011,A,個案管理服務,新北市,板橋區;中和區;新莊區;樹林區;林口區,2959-5855,homecare_ntc@hangan.org,胡世賢,20250101.0,20250630.0,20241231 16:32:58
沃恩有限公司附設新北市私立耆樂居家長照機構,1N0200002,1,新北市,汐止區,新北市汐止區復興里新台五路一段79號7樓B室,121.6458740234,25.0617275238,B,喘息服務,新北市,汐止區,02-86983877,swparty120@gmail.com,林顯寬,20250101.0,20271231.0,20241224 15:44:20
弘一診所,B20200213,B2,新北市,蘆洲區,新北市蘆洲區重陽街82號1樓,121.4820251465,25.0844326019,B,居家失能個案家庭醫師照護服務,新北市,蘆洲區,02-82860000,q82860000@gmail.com,甘禮維,20250101.0,20271231.0,20250113 16:34:00
勇健居家職能治療所,B50200010,B5,新北市,永和區,新北市永和區仁愛路202巷34號1樓,121.5089645386,25.0132064819,B,專業照護服務,新北市,板橋區;三重區;中和區;永和區;新莊區;新店區;樹林區;鶯歌區;三峽區;淡水區;汐止區;瑞芳區;土城區;蘆洲區;五股區;林口區;深坑區;石碇區;坪林區;八里區;萬里區,02-29299565,yungjianot@gmail.com,翁麒展,20220101.0,20241231.0,20220303 09:19:05
勇健居家職能治療所,B50200010,B5,新北市,永和區,新北市永和區仁愛路202巷34號1樓,121.5089645386,25.0132064819,B,專業照護服務(CC01),新北市,板橋區;三重區;中和區;永和區;新莊區;新店區;樹林區;鶯歌區;三峽區;淡水區;汐止區;瑞芳區;土城區;蘆洲區;五股區;林口區;深坑區;石碇區;坪林區;八里區;萬里區,02-29299565,yungjianot@gmail.com,翁麒展,20250101.0,20271231.0,20241216 15:33:13
財團法人恆安社會福利慈善事業基金會附設新北市私立恆安居家長照機構,1S0200017,1,新北市,板橋區,新北市板橋區民生路一段57、59號12樓,121.4752197266,25.0131855011,B,居家服務,桃園市,龜山區;八德區,2959-5855,homecare_ntc@hangan.org,胡世賢,20210708.0,20261231.0,20250101 14:55:14
安星居服股份有限公司附設新北市私立安星居家長照機構,1R0200029,1,新北市,淡水區,新北市淡水區新生里文化路63號8樓,121.4382171631,25.172794342,B,居家服務,新北市,淡水區;三芝區;八里區,(02)2625-0053,astar1100209@gmail.com,王妤安,20250101.0,20271231.0,20250103 11:35:50
財團法人恆安社會福利慈善事業基金會附設新北市私立恆安居家長照機構,1S0200017,1,新北市,板橋區,新北市板橋區民生路一段57、59號12樓,121.4752197266,25.0131855011,B,居家服務,新北市,板橋區;三重區;中和區;永和區;新莊區;新店區;樹林區;土城區;林口區;深坑區,2959-5855,homecare_ntc@hangan.org,胡世賢,20250101.0,20271231.0,20241223 10:41:44
財團法人恆安社會福利慈善事業基金會附設新北市私立恆安居家長照機構,1S0200017,1,新北市,板橋區,新北市板橋區民生路一段57、59號12樓,121.4752197266,25.0131855011,B,喘息服務,新北市,板橋區;三重區;中和區;永和區;新莊區;新店區;樹林區;土城區;林口區;深坑區,2959-5855,homecare_ntc@hangan.org,胡世賢,20250101.0,20271231.0,20241223 10:42:51
本一診所,B20200221,B2,新北市,蘆洲區,新北市蘆洲區長榮路43-1號,121.4629669189,25.0827159882,B,居家失能個案家庭醫師照護服務,新北市,蘆洲區,02-22836622,linpyclinic@gmail.com,林本一,20250212.0,20271231.0,20250219 08:44:38
新北市私立恩典居家長照機構,1X0200088,1,新北市,板橋區,新北市板橋區文化路二段451號4樓之1,121.4752731323,25.0335159302,B,居家服務,新北市,板橋區;三重區;中和區;永和區;新莊區;新店區;樹林區;鶯歌區;三峽區;淡水區;汐止區;土城區;蘆洲區;五股區;泰山區;林口區;深坑區;石碇區;平溪區;烏來區,2255-2916,clarkchiou@gmail.com,邱啟盛,20250101.0,20271231.0,20250103 15:38:32
新北市私立恩典居家長照機構,1X0200088,1,新北市,板橋區,新北市板橋區文化路二段451號4樓之1,121.4752731323,25.0335159302,B,喘息服務,新北市,板橋區;三重區;中和區;永和區;新莊區;新店區;樹林區;鶯歌區;三峽區;淡水區;汐止區;土城區;蘆洲區;五股區;泰山區;林口區;深坑區;石碇區;平溪區;烏來區,2255-2916,clarkchiou@gmail.com,邱啟盛,20250101.0,20271231.0,20250103 15:39:50
沃恩有限公司附設新北市私立耆樂居家長照機構,1N0200002,1,新北市,汐止區,新北市汐止區復興里新台五路一段79號7樓B室,121.6458740234,25.0617275238,A,個案管理服務,新北市,汐止區,02-86983877,swparty120@gmail.com,林顯寬,20250101.0,20250630.0,20241231 16:22:46
沃恩有限公司附設新北市私立耆樂居家長照機構,1N0200002,1,新北市,汐止區,新北市汐止區復興里新台五路一段79號7樓B室,121.6458740234,25.0617275238,A,個案管理服務,臺北市,南港區,02-86983877,swparty120@gmail.com,林顯寬,20250101.0,20261231.0,20241231 20:09:18
觀海護理之家(醫事C),A30200175,A3,新北市,八里區,新北市八里區訊塘里訊塘路78號1樓,121.3977584839,25.1461772919,C,巷弄長照站,新北市,八里區,(02)86303185#258,a044350@gmail.com,朱初梅,20190801.0,20211231.0,20210526 18:26:07
新北市私立樂齡居家長照機構,1X0200086,1,新北市,三重區,新北市三重區重新路三段105號3樓,121.4913024902,25.0599308014,B,喘息服務,新北市,板橋區;三重區;新莊區;蘆洲區,0955162628,judy20000610@yahoo.com.tw,林凱瑩,20250101.0,20271231.0,20241227 11:12:25
博思診所,B20200222,B2,新北市,林口區,新北市林口區中正路20號1樓,121.3960571289,25.0775318146,B,居家失能個案家庭醫師照護服務,新北市,林口區,02-26015666,breathclinic2020@gmail.com,莊淇源,20250101.0,20271231.0,20250103 14:55:09
愛無限整合服務有限公司附設新北市私立愛無限居家長照機構,1V0200040,1,新北市,新店區,新北市新店區中興路二段67巷11號1樓,121.5217971802,24.9861030579,B,專業照護服務,新北市,板橋區;中和區;永和區;新店區,02-8911-6520,mickey821203@gmail.com,楊書竣,20220101.0,20241231.0,20220302 11:31:36
沃恩有限公司附設新北市私立耆樂居家長照機構,1N0200002,1,新北市,汐止區,新北市汐止區復興里新台五路一段79號7樓B室,121.6458740234,25.0617275238,B,居家服務,新北市,汐止區,02-86983877,swparty120@gmail.com,林顯寬,20250101.0,20271231.0,20241224 15:43:56
新北市私立樂齡居家長照機構,1X0200086,1,新北市,三重區,新北市三重區重新路三段105號3樓,121.4913024902,25.0599308014,B,居家服務,新北市,板橋區;三重區;新莊區;蘆洲區,0955162628,judy20000610@yahoo.com.tw,林凱瑩,20250101.0,20271231.0,20241227 11:10:16
蕭正貴小兒科家庭醫學科診所,B20200217,B2,新北市,永和區,新北市永和區得和路198號,121.5202255249,24.9999446869,B,居家失能個案家庭醫師照護服務,新北市,中和區;永和區,02-29428333,chengshiao@gmail.com,蕭正貴,20250101.0,20271231.0,20250110 16:55:11
美樺股份有限公司附設新北市私立美樺居家長照機構,1V0200031,1,新北市,三重區,新北市三重區福德里重新路四段53號11樓,121.4866104126,25.0524196625,B,居家服務,新北市,三重區;新莊區,29742133,meihua10911@gmail.com,傅翰強,20250101.0,20271231.0,20241225 16:18:48
美樺股份有限公司附設新北市私立美樺居家長照機構,1V0200031,1,新北市,三重區,新北市三重區福德里重新路四段53號11樓,121.4866104126,25.0524196625,B,喘息服務,新北市,三重區;新莊區,29742133,meihua10911@gmail.com,傅翰強,20250101.0,20271231.0,20241225 16:19:11
愛無限整合服務有限公司附設新北市私立愛無限居家長照機構,1V0200040,1,新北市,新店區,新北市新店區中興路二段67巷11號1樓,121.5217971802,24.9861030579,B,居家服務,新北市,中和區;永和區;新店區,02-8911-6520,mickey821203@gmail.com,楊書竣,20250101.0,20271231.0,20241220 16:18:31
愛無限整合服務有限公司附設新北市私立愛無限居家長照機構,1V0200040,1,新北市,新店區,新北市新店區中興路二段67巷11號1樓,121.5217971802,24.9861030579,B,喘息服務,新北市,中和區;永和區;新店區,02-8911-6520,mickey821203@gmail.com,楊書竣,20250101.0,20271231.0,20241220 16:18:54
達特窩可事業有限公司附設新北市私立賴夫居家長照機構,1V0200041,1,新北市,新莊區,新北市新莊區思源里自立街250號2樓,121.4588851929,25.0454883575,B,喘息服務,新北市,三峽區,26748522,drwalk4u@gmail.com,賴維澤,20250101.0,20271231.0,20241225 15:01:06
顧佳居家長照事業附設新北市私立顧佳居家長照機構,1V0200039,1,新北市,淡水區,新北市淡水區新民里新民街120巷21號2樓,121.4382553101,25.1781387329,B,喘息服務,新北市,淡水區;三芝區;八里區,77301733,gujia77301733@gmail.com,謝佳芸,20250101.0,20271231.0,20241129 16:17:03
社團法人中華民國新生活社會福利促進會(社照C),BD0200064,BD,新北市,三芝區,新北市三芝區埔頭里43-1號,121.4991836548,25.2616138458,C,巷弄長照站,新北市,三芝區,02-26368398,lkd0901@newlifesw.org.tw,蘇興李,20220101.0,20231231.0,20230628 16:47:23
新北市私立樂舒活居家長照機構,1X0200089,1,新北市,淡水區,新北市淡水區崁頂里新市二路一段106號1樓（含夾層）,121.4256515503,25.1961307526,B,居家服務,新北市,淡水區;三芝區;石門區;八里區;金山區;萬里區,0936090463,chiouclara@gmail.com,邱雅玲,20250101.0,20271231.0,20241220 11:29:44
新北市私立樂舒活居家長照機構,1X0200089,1,新北市,淡水區,新北市淡水區崁頂里新市二路一段106號1樓（含夾層）,121.4256515503,25.1961307526,B,喘息服務,新北市,淡水區;三芝區;石門區;八里區;金山區;萬里區,0936090463,chiouclara@gmail.com,邱雅玲,20250101.0,20271231.0,20241220 11:30:14
財團法人中華民國佛教慈濟慈善事業基金會新北市私立慈濟蘆洲綜合長照機構,4S0200002,4,新北市,蘆洲區,新北市蘆洲區正義里長樂路125號,121.4618911743,25.0877399445,B,日間照顧服務,新北市,三重區;蘆洲區;五股區,(02)2289-1198#108,ltc001445@tzuchi.org.tw,釋證嚴,20250101.0,20271231.0,20241227 08:39:00
新北市政府社會局委託財團法人中華民國唐氏症基金會辦理三重重新社區長照機構(三重重新障礙者日間照顧中心),2S0200032,2,新北市,三重區,新北市三重區重新路1段87號4樓,121.5012283325,25.0635929108,B,日間照顧服務,新北市,板橋區;三重區;中和區;永和區;新莊區;新店區;樹林區;鶯歌區;三峽區;淡水區;汐止區;瑞芳區;土城區;蘆洲區;五股區;泰山區;林口區;深坑區;石碇區;坪林區;三芝區;石門區;八里區;平溪區;雙溪區;貢寮區;金山區;萬里區;烏來區,29741010,chongxin.daycare@gmail.com,林正俠,20250101.0,20271231.0,20241225 11:10:41
美樺股份有限公司附設新北市私立美樺居家長照機構,1V0200031,1,新北市,三重區,新北市三重區福德里重新路四段53號11樓,121.4866104126,25.0524196625,A,個案管理服務,新北市,三重區,29742133,meihua10911@gmail.com,傅翰強,20250101.0,20250630.0,20241231 14:28:31
財團法人中華民國佛教慈濟慈善事業基金會新北市私立慈濟蘆洲綜合長照機構,4S0200002,4,新北市,蘆洲區,新北市蘆洲區正義里長樂路125號,121.4618911743,25.0877399445,A,個案管理服務,新北市,三重區;蘆洲區,(02)2289-1198#108,ltc001445@tzuchi.org.tw,釋證嚴,20250101.0,20250630.0,20241231 15:13:33
新北市私立百禾居家長照機構,1X0200073,1,新北市,板橋區,新北市板橋區四川路二段16巷10號9樓,121.4550323486,25.0033779144,B,居家服務,新北市,板橋區;中和區;永和區;樹林區;土城區,8226-3959,baihe8226@gmail.com,施忠瑜,20250101.0,20271231.0,20241218 14:20:04
財團法人中華民國佛教慈濟慈善事業基金會新北市私立慈濟蘆洲綜合長照機構,4S0200002,4,新北市,蘆洲區,新北市蘆洲區正義里長樂路125號,121.4618911743,25.0877399445,B,喘息服務,新北市,三重區;中和區;永和區;新莊區;蘆洲區;五股區,(02)2289-1198#108,ltc001445@tzuchi.org.tw,釋證嚴,20250101.0,20271231.0,20241227 08:39:44
達特窩可事業有限公司附設新北市私立賴夫居家長照機構,1V0200041,1,新北市,新莊區,新北市新莊區思源里自立街250號2樓,121.4588851929,25.0454883575,B,專業照護服務,新北市,板橋區;三重區;中和區;永和區;新莊區;新店區;樹林區;鶯歌區;三峽區;土城區;蘆洲區;五股區;泰山區;林口區,26748522,drwalk4u@gmail.com,賴維澤,20220101.0,20241231.0,20220323 10:59:36
達特窩可事業有限公司附設新北市私立賴夫居家長照機構,1V0200041,1,新北市,新莊區,新北市新莊區思源里自立街250號2樓,121.4588851929,25.0454883575,B,喘息服務,桃園市,桃園區;中壢區;大溪區;楊梅區;蘆竹區;大園區;龜山區;八德區;龍潭區;平鎮區;新屋區;觀音區;復興區,26748522,drwalk4u@gmail.com,賴維澤,20231229.0,20251231.0,20240102 16:34:09
新北市私立上好居家長照機構,1X0200092,1,新北市,土城區,新北市土城區中央路二段191號8樓之6,121.4421234131,24.9755172729,B,喘息服務,新北市,板橋區;中和區;土城區,0900-196602,asiafocus.rita@gmail.com,陳淑娟,20250101.0,20271231.0,20241217 10:00:45
福鷺社會企業有限公司附設新北市私立福鷺社區長照機構,2R0200004,2,新北市,蘆洲區,新北市蘆洲區中原里中正路241號5樓,121.4678344727,25.086681366,B,日間照顧服務,新北市,板橋區;三重區;新莊區;蘆洲區;五股區,82850601,fuluseltc@gmail.com,張凱智,20250101.0,20271231.0,20241231 13:55:44
新北市土城區衛生所,B20200229,B2,新北市,土城區,新北市土城區和平路26號,121.4431915283,24.9728565216,B,居家失能個案家庭醫師照護服務,新北市,土城區,02-22603181,AM1874@ntpc.gov.tw,郭巧芸,20250101.0,20271231.0,20241220 15:11:14
新北市私立百禾居家長照機構,1X0200073,1,新北市,板橋區,新北市板橋區四川路二段16巷10號9樓,121.4550323486,25.0033779144,B,喘息服務,新北市,板橋區;中和區;永和區;樹林區;土城區,8226-3959,baihe8226@gmail.com,施忠瑜,20250101.0,20271231.0,20241218 14:20:44
社團法人台灣樂活服務發展協會(汐止盼望站)(社照C),BE0200061,BE,新北市,汐止區,新北市汐止區保安里汐平路一段6巷4號1樓,121.6805648804,25.0708751678,C,巷弄長照站,新北市,汐止區,0939-159495,jilingdong2013@gmail.com,馬佩君,20240601.0,20241231.0,20240625 09:07:06
新北市板橋區大後埔文化關懷協進會(港尾站)(社照C),BF0200149,BF,新北市,板橋區,新北市板橋區港尾里中正路336之1號1樓,121.4551544189,25.0224170685,C,巷弄長照站,新北市,板橋區,0918063168,sunlai689@gmail.com,林治勳,20230101.0,20231231.0,20230630 14:39:39
財團法人中華民國佛教慈濟慈善事業基金會新北市私立慈濟中和社區長照機構,2S0200031,2,新北市,中和區,新北市中和區民生里中山路3段41號1樓,121.4709472656,25.0065059662,B,喘息服務,新北市,板橋區;中和區;永和區;土城區,02-4051-0777*6015,ltc001707@tzuchi.org.tw,釋證嚴,20250101.0,20271231.0,20241226 15:04:11
財團法人中華民國佛教慈濟慈善事業基金會新北市私立慈濟三重社區長照機構,2S0200033,2,新北市,三重區,新北市三重區大有里中正北路472號1樓,121.4730072021,25.0714912415,B,喘息服務,新北市,三重區;新莊區;蘆洲區;五股區;泰山區,29810310#113,sth00070@tzuchi.org.tw,釋證嚴,20250101.0,20271231.0,20250110 16:35:51
福鷺社會企業有限公司附設新北市私立福鷺社區長照機構,2R0200004,2,新北市,蘆洲區,新北市蘆洲區中原里中正路241號5樓,121.4678344727,25.086681366,B,喘息服務,新北市,板橋區;三重區;新莊區;蘆洲區;五股區,82850601,fuluseltc@gmail.com,張凱智,20250101.0,20271231.0,20241231 13:56:12
理馨心理諮商所,B20200230,B2,新北市,土城區,新北市土城區永安街103號5樓,121.4298934937,24.9641304016,B,專業照護服務,新北市,板橋區;三重區;中和區;永和區;新莊區;新店區;樹林區;鶯歌區;三峽區;土城區;五股區;泰山區,0968-989-195,lixincounseling@gmail.com,陳淑蓮,20220101.0,20241231.0,20220318 11:17:32
新北市私立上好居家長照機構,1X0200092,1,新北市,土城區,新北市土城區中央路二段191號8樓之6,121.4421234131,24.9755172729,B,居家服務,新北市,板橋區;中和區;土城區,0900-196602,asiafocus.rita@gmail.com,陳淑娟,20250101.0,20271231.0,20241217 09:59:07
聯心健康顧問有限公司附設新北市私立聯心居家長照機構,1V0200042,1,新北市,板橋區,新北市板橋區民生路一段3號13樓之6,121.4762115479,25.0119171143,B,專業照護服務,新北市,板橋區;三重區;中和區;永和區;新莊區;新店區;土城區;蘆洲區,02-29642985,he.lienhsin888@gmail.com,王維珩,20220101.0,20241231.0,20220322 11:06:23
新北市私立金田居家長照機構,1X0200075,1,新北市,深坑區,新北市深坑區埔新街95巷5號1樓,121.6195526123,25.0017261505,B,居家服務,新北市,板橋區;三重區;中和區;永和區;新莊區;新店區;樹林區;鶯歌區;三峽區;汐止區;瑞芳區;土城區;蘆洲區;五股區;泰山區;深坑區;石碇區;坪林區;八里區;平溪區;雙溪區;貢寮區,2662-7788,alq2215@icloud.com,陳聖偉,20250101.0,20271231.0,20241223 14:42:58
新北市板橋區大後埔文化關懷協進會(板橋民族站)(社照C),BF0200150,BF,新北市,板橋區,新北市板橋區民族里漢生東路326巷2弄11號1樓,121.471206665,25.008398056,C,巷弄長照站,新北市,板橋區,0918063168,sunlai689@gmail.com,王明發,20230101.0,20231231.0,20230630 14:39:03
財團法人中華民國佛教慈濟慈善事業基金會新北市私立慈濟蘆洲綜合長照機構,4S0200002,4,新北市,蘆洲區,新北市蘆洲區正義里長樂路125號,121.4618911743,25.0877399445,B,居家服務,新北市,三重區;新莊區;蘆洲區;五股區;泰山區,(02)2289-1198#108,ltc001445@tzuchi.org.tw,釋證嚴,20250101.0,20271231.0,20241227 08:38:40
財團法人中華民國佛教慈濟慈善事業基金會新北市私立慈濟中和社區長照機構,2S0200031,2,新北市,中和區,新北市中和區民生里中山路3段41號1樓,121.4709472656,25.0065059662,B,日間照顧服務,新北市,板橋區;中和區;永和區;土城區,02-4051-0777*6015,ltc001707@tzuchi.org.tw,釋證嚴,20250101.0,20271231.0,20241226 15:03:33
顧佳居家長照事業附設新北市私立顧佳居家長照機構,1V0200039,1,新北市,淡水區,新北市淡水區新民里新民街120巷21號2樓,121.4382553101,25.1781387329,B,居家服務,新北市,淡水區;三芝區;八里區,77301733,gujia77301733@gmail.com,謝佳芸,20250101.0,20271231.0,20241129 16:16:36
景得居家呼吸照護所,B80200001,B8,新北市,板橋區,新北市板橋區仁愛路59號2樓,121.4604034424,24.9995994568,B,專業照護服務,新北市,板橋區;三重區;中和區;永和區;新莊區;新店區;樹林區;汐止區;土城區;蘆洲區;五股區;泰山區;林口區,0937618080,jingde2021@gmail.com,葉韋辰,20220101.0,20241231.0,20220325 11:11:51
景得居家呼吸照護所,B80200001,B8,新北市,板橋區,新北市板橋區仁愛路59號2樓,121.4604034424,24.9995994568,B,專業照護服務,新北市,板橋區;三重區;中和區;永和區;新莊區;新店區;樹林區;汐止區;土城區;蘆洲區;五股區;泰山區;林口區,0937618080,jingde2021@gmail.com,葉韋辰,20250101.0,20271231.0,20241226 11:39:42
鑫福居家物理治療所,B40200026,B4,新北市,新莊區,新北市新莊區龍鳳里001鄰中正路新旺巷11號2樓,121.4595565796,25.0495548248,B,專業照護服務(CC01),新北市,板橋區;三重區;中和區;永和區;新莊區;樹林區;鶯歌區;三峽區;土城區;蘆洲區;五股區;泰山區,02-29968110,pt87530364@gmail.com,許佩暄,20250101.0,20271231.0,20241227 08:35:43
新北市政府社會局委託財團法人中華民國唐氏症基金會辦理三重重新社區長照機構(三重重新障礙者日間照顧中心),2S0200032,2,新北市,三重區,新北市三重區重新路1段87號4樓,121.5012283325,25.0635929108,B,喘息服務,新北市,板橋區;三重區;中和區;永和區;新莊區;新店區;樹林區;鶯歌區;三峽區;淡水區;汐止區;瑞芳區;土城區;蘆洲區;五股區;泰山區;林口區;深坑區;石碇區;坪林區;三芝區;石門區;八里區;平溪區;雙溪區;貢寮區;金山區;萬里區;烏來區,29741010,chongxin.daycare@gmail.com,林正俠,20250101.0,20271231.0,20241225 11:11:01
財團法人中華民國佛教慈濟慈善事業基金會新北市私立慈濟三重社區長照機構,2S0200033,2,新北市,三重區,新北市三重區大有里中正北路472號1樓,121.4730072021,25.0714912415,B,日間照顧服務,新北市,三重區;新莊區;蘆洲區;五股區;泰山區,29810310#113,sth00070@tzuchi.org.tw,釋證嚴,20250101.0,20271231.0,20250110 16:32:17
社團法人台灣新住民關懷協會(興福站)(社照C),BE0200068,BE,新北市,汐止區,新北市汐止區興福里福德一路141巷52號,121.6374664307,25.0665054321,C,巷弄長照站,新北市,汐止區,02-26648575,tnia0510.1@gmail.com,丁祖琳,20240101.0,20241231.0,20240514 14:02:17
新北市淡水區新興里辦公處(社照C),BG0200049,BG,新北市,淡水區,新北市淡水區新興里新春街138號,121.4415664673,25.1816082001,C,巷弄長照站,新北市,淡水區,0915959132,pierre.wu@icloud.com,吳錦泉,20220101.0,20231231.0,20230628 15:27:13
新北市民俗活動發展協會(社照C),BF0200190,BF,新北市,淡水區,新北市淡水區北投里淡金路二段223號,121.4470443726,25.1844844818,C,巷弄長照站,新北市,淡水區,0952652587,hsing0920093849@yahoo.com.tw,黃俊雄,20220101.0,20231231.0,20230628 15:22:19
明新幫老人服務事業股份有限公司附設新北市私立明新幫居家長照機構,1V0200056,1,新北市,新莊區,新北市新莊區中原里中信街176號24樓之3,121.4479064941,25.0576324463,B,居家服務,新北市,新莊區;淡水區;五股區;泰山區;八里區,85227699,yahanhsieh@gmail.com,孔慶娣,20250101.0,20271231.0,20241226 14:33:20
達特窩可事業有限公司附設新北市私立賴夫居家長照機構,1V0200041,1,新北市,新莊區,新北市新莊區思源里自立街250號2樓,121.4588851929,25.0454883575,B,專業照護服務,桃園市,桃園區;中壢區;大溪區;楊梅區;蘆竹區;大園區;龜山區;八德區;龍潭區;平鎮區;新屋區;觀音區;復興區,26748522,drwalk4u@gmail.com,賴維澤,20231229.0,20251231.0,20240102 16:34:09
達特窩可事業有限公司附設新北市私立賴夫居家長照機構,1V0200041,1,新北市,新莊區,新北市新莊區思源里自立街250號2樓,121.4588851929,25.0454883575,B,居家服務,新北市,三峽區,26748522,drwalk4u@gmail.com,賴維澤,20250101.0,20271231.0,20241225 15:00:37
達特窩可事業有限公司附設新北市私立賴夫居家長照機構,1V0200041,1,新北市,新莊區,新北市新莊區思源里自立街250號2樓,121.4588851929,25.0454883575,B,專業照護服務,新北市,板橋區;三重區;中和區;永和區;新莊區;新店區;樹林區;鶯歌區;三峽區;土城區;蘆洲區;五股區;泰山區;林口區,26748522,drwalk4u@gmail.com,賴維澤,20250101.0,20271231.0,20241225 15:02:29
天賜藥局(醫事C),B30200032,B3,新北市,蘆洲區,新北市蘆洲區正義里5鄰長興路292號1樓,121.4604492188,25.0894126892,C,巷弄長照站,新北市,蘆洲區,02-29856852,gb29856852@gmail.com,羅雅貞,20210501.0,20211231.0,20210525 19:07:54
新北市私立金田居家長照機構,1X0200075,1,新北市,深坑區,新北市深坑區埔新街95巷5號1樓,121.6195526123,25.0017261505,B,喘息服務,新北市,板橋區;三重區;中和區;永和區;新莊區;新店區;樹林區;鶯歌區;三峽區;汐止區;瑞芳區;土城區;蘆洲區;五股區;泰山區;深坑區;石碇區;坪林區;八里區;平溪區;雙溪區;貢寮區,2662-7788,alq2215@icloud.com,陳聖偉,20250101.0,20271231.0,20241223 14:43:48
華特藥局,B30200028,B3,新北市,泰山區,新北市泰山區明志路一段260號,121.4320907593,25.0605239868,B,專業照護服務,新北市,三重區;新莊區;蘆洲區;五股區;泰山區;林口區,(02)29095662,a499012630@gmail.com,劉宗錡,20220101.0,20241231.0,20220401 10:56:32
財團法人中華民國佛教慈濟慈善事業基金會新北市私立慈濟蘆洲綜合長照機構-埔墘共修處(醫事C),1R0200020,1,新北市,板橋區,新北市板橋區東丘里中山路二段60巷1弄22號1樓,121.4750442505,25.0156536102,C,巷弄長照站,新北市,板橋區,(02)2218-7770分機2224,sayyes103@gmail.com,釋證嚴,20200701.0,20201231.0,20210127 17:38:35
明新幫老人服務事業股份有限公司附設新北市私立明新幫居家長照機構,1V0200056,1,新北市,新莊區,新北市新莊區中原里中信街176號24樓之3,121.4479064941,25.0576324463,B,喘息服務,新北市,新莊區;淡水區;五股區;泰山區;八里區,85227699,yahanhsieh@gmail.com,孔慶娣,20250101.0,20271231.0,20241226 14:33:52
和鄰長照股份有限公司附設新北市私立和鄰居家長照機構-新店中正據點(醫事C),1V0200048,1,新北市,新店區,新北市新店區中正里華中街42號1樓,121.353843689,24.9532337189,C,巷弄長照站,新北市,新店區;樹林區;鶯歌區,7709-1222,honearshih@gmail.com,邱青萸,20210101.0,20211231.0,20210526 17:14:16
聯心健康顧問有限公司附設新北市私立聯心居家長照機構,1V0200042,1,新北市,板橋區,新北市板橋區民生路一段3號13樓之6,121.4762115479,25.0119171143,B,居家服務,新北市,板橋區;三重區;中和區;永和區;新莊區;新店區;土城區;蘆洲區,02-29642985,he.lienhsin888@gmail.com,王維珩,20250101.0,20271231.0,20241213 14:33:59
聯心健康顧問有限公司附設新北市私立聯心居家長照機構,1V0200042,1,新北市,板橋區,新北市板橋區民生路一段3號13樓之6,121.4762115479,25.0119171143,B,喘息服務,新北市,板橋區;三重區;中和區;永和區;新莊區;新店區;土城區;蘆洲區,02-29642985,he.lienhsin888@gmail.com,王維珩,20250101.0,20271231.0,20241213 14:36:01
聯心健康顧問有限公司附設新北市私立聯心居家長照機構,1V0200042,1,新北市,板橋區,新北市板橋區民生路一段3號13樓之6,121.4762115479,25.0119171143,B,專業照護服務,新北市,板橋區;三重區;中和區;永和區;新莊區;新店區;土城區;蘆洲區,02-29642985,he.lienhsin888@gmail.com,王維珩,20250101.0,20271231.0,20241213 14:36:33
和鄰長照股份有限公司附設新北市私立和鄰居家長照機構-新店中正據點(醫事C),1V0200048,1,新北市,新店區,新北市新店區中正里華中街42號1樓,121.353843689,24.9532337189,B,喘息服務,新北市,新店區,7709-1222,honearshih@gmail.com,邱青萸,20250101.0,20271231.0,20250425 14:12:36
新北市石碇區衛生所(醫事C),B20200239,B2,新北市,石碇區,新北市石碇區中民里011鄰靜安路1段242號,121.6576080322,24.9913482666,C,巷弄長照站,新北市,石碇區,(02)26631325,AG2164@ntpc.gov.tw,姚智偉,20210501.0,20211231.0,20210527 10:55:22
新北市雙溪區中正社區發展協會(社照C),BF0200193,BF,新北市,雙溪區,新北市雙溪區牡丹里中正路64號,121.8514862061,25.0609912872,C,巷弄長照站,新北市,雙溪區,0981-974598,Leemeimei0521@yahoo.com.tw,連福田,20230101.0,20231231.0,20230530 16:59:03
金大心股份有限公司附設新北市私立金大心綜合長照機構,4R0200001,4,新北市,樹林區,新北市樹林區東昇里大安路577號1至2樓,121.4120101929,24.9834747314,B,居家服務,新北市,樹林區;鶯歌區;三峽區;土城區,0976324847,jindaxin577@gmail.com,吳秉珊,20250101.0,20271231.0,20241220 10:58:01
新北市大有忘年協會(社照C),BF0200191,BF,新北市,三重區,新北市三重區二重里疏洪東路2段131號,121.4752655029,25.0666103363,C,巷弄長照站,新北市,三重區,29814448,hsw0902@livemail.tw,李訓銀,20220101.0,20231231.0,20230530 19:05:41
新北市熱心慈善關懷協會(社照C),BF0200188,BF,新北市,新莊區,新北市新莊區海山里瓊泰路211號2樓,121.4430770874,25.0317935944,C,巷弄長照站,新北市,新莊區,02-2205-8580,ad1.wu168@msa.hinet.net,黃王銘,20240101.0,20241231.0,20240704 16:44:24
勝安租賃有限公司,BA0200023,BA,新北市,新莊區,新北市新莊區新北大道二段187號,121.4637298584,25.0607852936,B,交通接送服務,新北市,板橋區;三重區;中和區;永和區;新莊區;新店區;樹林區;土城區;蘆洲區;五股區;泰山區;深坑區;八里區,02-85223262,shengan50658748@gmail.com,楊國勝,20250101.0,20271231.0,20241216 10:33:33
新北市三重活躍樂齡協會(社照C),BF0200189,BF,新北市,三重區,新北市三重區重明里重陽路1段60巷101號1樓,121.4846420288,25.0581874847,C,巷弄長照站,新北市,三重區,29891010,suling0930@gmail.com,蔡簿,20220101.0,20231231.0,20230530 18:44:23
安加社會企業股份有限公司附設新北市私立安加居家長照機構-新店區新和里(醫事C),1V0200046,1,新北市,新店區,新北市新店區新和里12鄰新和街120號1樓,121.5212631226,24.9865074158,C,巷弄長照站,新北市,三重區;新店區,0910-288-573,roger.wu@ajltc.net,黃起富,20210501.0,20211231.0,20210525 18:51:38
中華民國松村社會福利暨身心障礙發展協會(社照C),BF0200184,BF,新北市,五股區,新北市五股區五股里民義路一段68號,121.4363708496,25.0846824646,C,巷弄長照站,新北市,五股區,02-22915515,judy61523@gmail.com,李偉立,20220101.0,20221231.0,20220503 09:48:11
寓安有限公司附設新北市私立愛瑞家居家長照機構,1V0200050,1,新北市,新莊區,新北市新莊區中安街3號6樓之1,121.4528579712,25.0453548431,B,專業照護服務,新北市,板橋區;三重區;新莊區;蘆洲區;五股區,0915810317,eccahomecare@gmail.com,蔡佩芸,20220101.0,20241231.0,20220302 10:04:42
寓安有限公司附設新北市私立愛瑞家居家長照機構,1V0200050,1,新北市,新莊區,新北市新莊區中安街3號6樓之1,121.4528579712,25.0453548431,B,專業照護服務,新北市,板橋區;三重區;新莊區;蘆洲區;五股區,0915810317,eccahomecare@gmail.com,蔡佩芸,20250101.0,20271231.0,20241213 11:18:14
愛無限整合服務有限公司附設新北市私立愛無限居家長照機構(醫事C),1V0200049,1,新北市,新店區,新北市新店區國校里3鄰北宜路一段76號1樓,121.5384979248,24.9557590485,C,巷弄長照站,新北市,新店區,(02)8911-6520,mickey821203@gmail.com,楊書竣,20210501.0,20211231.0,20210526 18:47:42
寓安有限公司附設新北市私立愛瑞家居家長照機構,1V0200050,1,新北市,新莊區,新北市新莊區中安街3號6樓之1,121.4528579712,25.0453548431,B,居家服務,新北市,板橋區;三重區;新莊區;樹林區;蘆洲區;五股區,0915810317,eccahomecare@gmail.com,蔡佩芸,20250101.0,20271231.0,20241213 11:16:50
社團法人臺灣大米一山健康促進協會附設新北市私立中和壹山社區長照機構,2R0200005,2,新北市,中和區,新北市中和區立德街204號1、2樓,121.4845809937,25.0094947815,B,日間照顧服務,新北市,板橋區;三重區;中和區;永和區;新莊區;新店區;樹林區;鶯歌區;土城區,8668-6651,liinhomecare@gmail.com,周恵貞,20250101.0,20271231.0,20241224 15:03:02
新北市三芝區衛生所(醫事C),B20200241,B2,新北市,三芝區,新北市三芝區埔坪里民生街31號3樓,121.5035629272,25.256401062,C,巷弄長照站,新北市,三芝區,26364850-317,tpc259@ntpc.gov.tw,羅世偉,20210101.0,20211231.0,20210527 11:44:40
鑫福居家物理治療所,B40200026,B4,新北市,新莊區,新北市新莊區龍鳳里001鄰中正路新旺巷11號2樓,121.4595565796,25.0495548248,B,專業照護服務,新北市,板橋區;三重區;中和區;永和區;新莊區;樹林區;鶯歌區;三峽區;土城區;蘆洲區;五股區;泰山區,02-29968110,pt87530364@gmail.com,許佩暄,20220101.0,20241231.0,20230703 11:13:48
天主教耕莘醫療財團法人永和耕莘醫院-永和永興據點(醫事C),B20200192,B2,新北市,永和區,新北市永和區永興里國光路116巷2號1樓,121.5181045532,25.0114898682,B,喘息服務,新北市,永和區,(02)29286060,daycarezte@gmail.com,趙嘉倫,20250101.0,20271231.0,20250424 10:07:43
和鄰長照股份有限公司附設新北市私立和鄰居家長照機構-鶯歌東鶯據點(醫事C),1X0200079,1,新北市,鶯歌區,新北市鶯歌區東鶯里文化路235號1樓,121.356590271,24.9547843933,B,喘息服務,新北市,鶯歌區,02-77091222,honearshih@gmail.com,邱青萸,20250101.0,20271231.0,20250425 14:10:38
和鄰長照股份有限公司附設新北市私立和鄰居家長照機構-鶯歌東鶯據點(醫事C),1X0200079,1,新北市,鶯歌區,新北市鶯歌區東鶯里文化路235號1樓,121.356590271,24.9547843933,C,巷弄長照站,新北市,新店區;樹林區;鶯歌區,02-77091222,honearshih@gmail.com,邱青萸,20210101.0,20211231.0,20210526 17:14:16
仁邦診所,B20200242,B2,新北市,林口區,新北市林口區中山路534號,121.3785018921,25.083694458,B,居家失能個案家庭醫師照護服務,新北市,林口區,02-86012201,lhpclinic0305@gmail.com,羅志煌,20250101.0,20271231.0,20250113 14:43:55
財團法人中華民國佛教慈濟慈善事業基金會新北市私立慈濟蘆洲綜合長照機構-埔墘共修處(醫事C),1R0200020,1,新北市,板橋區,新北市板橋區東丘里中山路二段60巷1弄22號1樓,121.4750442505,25.0156536102,C,巷弄長照站,新北市,板橋區;永和區;鶯歌區;三峽區;淡水區;土城區;林口區,(02)2218-7770分機2224,sayyes103@gmail.com,釋證嚴,20210101.0,20211231.0,20210525 18:22:05
天主教耕莘醫療財團法人永和耕莘醫院-永和永興據點(醫事C),B20200192,B2,新北市,永和區,新北市永和區永興里國光路116巷2號1樓,121.5181045532,25.0114898682,C,巷弄長照站,新北市,永和區,(02)29286060,daycarezte@gmail.com,趙嘉倫,20201001.0,20211231.0,20210526 09:56:06
新北市私立愛迪樂居家長照機構-林口西林據點(醫事C),1X0200078,1,新北市,林口區,新北市林口區西林里文化一路一段190巷6之2號,121.3797607422,25.0744438171,C,巷弄長照站,新北市,林口區,(02)2601-2377,joeshrmow@gmail.com,莊政修,20210101.0,20211231.0,20210526 16:38:41
可馨居家護理所-樹林區(醫事C),B10200096,B1,新北市,樹林區,新北市樹林區圳福里千歲街61巷12弄28號,121.4279022217,25.199426651,C,巷弄長照站,新北市,樹林區,02-2239-8785、0930866217、0919471279,wind59450@gmail.com,余儒,20210101.0,20211231.0,20210526 18:00:09
社團法人中華關懷身心促進發展協會(大同站)(社照C),BE0200062,BE,新北市,汐止區,新北市汐止區大同里大同路二段312巷16弄35號1樓,121.6550216675,25.0653629303,C,巷弄長照站,新北市,汐止區,0980731450,finichu2@yahoo.com.tw,張贊洪,20240101.0,20241231.0,20240514 13:54:21
社團法人臺灣大米一山健康促進協會附設新北市私立中和壹山社區長照機構,2R0200005,2,新北市,中和區,新北市中和區立德街204號1、2樓,121.4845809937,25.0094947815,B,喘息服務,新北市,板橋區;三重區;中和區;永和區;新莊區;新店區;樹林區;鶯歌區;土城區,8668-6651,liinhomecare@gmail.com,周恵貞,20250101.0,20271231.0,20241224 15:04:22
仁邦診所,B20200237,B2,新北市,林口區,新北市林口區中山路534號,121.3785018921,25.083694458,B,居家失能個案家庭醫師照護服務,桃園市,桃園區;蘆竹區;龜山區,02-86012201,lhpclinic0305@gmail.com,羅志煌,20240101.0,20251231.0,20240510 11:45:12
安加社會企業股份有限公司附設新北市私立安加居家長照機構-三重區培德里(醫事C),1V0200045,1,新北市,三重區,新北市三重區培德里17鄰車頭路街4巷5號1樓,121.4869689941,25.0716114044,C,巷弄長照站,新北市,三重區;新店區,0910-288-573,roger.wu@ajltc.net,黃起富,20210501.0,20211231.0,20210525 18:51:38
新北市萬里區衛生所-萬里據點(醫事C),B20200196,B2,新北市,萬里區,新北市萬里區萬里里瑪鍊路157號2樓,121.6897125244,25.1783313751,C,巷弄長照站,新北市,萬里區,02-24921117,AN6356@ntpc.gov.tw,葉源潔,20200801.0,20201231.0,20210127 17:30:47
新北市土城區日新里辦公處(社照C),BF0200159,BF,新北市,土城區,新北市土城區日新里裕生路100巷7號,121.4462051392,24.9850902557,C,巷弄長照站,新北市,土城區,0282626001,coffee0416@hotmail.com,吳信坪,20220101.0,20221231.0,20220502 16:48:40
新北市崇德光慧經典教育推廣協會(社照C),BF0200164,BF,新北市,土城區,新北市土城區中華路一段36號6樓,121.4463043213,24.9897232056,C,巷弄長照站,新北市,土城區,0289669504,hty@gmail.com,謝寬鈴,20220101.0,20221231.0,20220502 16:49:43
新北市私立愛迪樂居家長照機構-林口西林據點(醫事C),1X0200078,1,新北市,林口區,新北市林口區西林里文化一路一段190巷6之2號,121.3797607422,25.0744438171,B,喘息服務,新北市,林口區,(02)2601-2377,joeshrmow@gmail.com,莊政修,20250101.0,20271231.0,20250425 14:40:48
新北市雙溪區牡丹社區發展協會(社照C),BF0200194,BF,新北市,雙溪區,新北市雙溪區牡丹里下坑36號,121.8499603271,25.056848526,C,巷弄長照站,新北市,雙溪區,0919-391547,AO5799@ntpc.gov.tw,游坤信,20230101.0,20231231.0,20230530 16:58:33
天天關懷健康生活股份有限公司附設新北市私立真承居家長照機構,1R0200031,1,新北市,土城區,新北市土城區中央路四段76-9號2樓,121.4185638428,24.9599533081,B,居家服務,新北市,板橋區;中和區;樹林區;三峽區;土城區,02-22680166,caring.tiantian@gmail.com,李仲齊,20250101.0,20271231.0,20241216 11:22:02
鑫福居家物理治療所,B40200026,B4,新北市,新莊區,新北市新莊區龍鳳里001鄰中正路新旺巷11號2樓,121.4595565796,25.0495548248,B,專業照護服務(CC01),新北市,板橋區;三重區;中和區;永和區;新莊區;新店區;樹林區;鶯歌區;三峽區;淡水區;汐止區;瑞芳區;土城區;蘆洲區;五股區;泰山區;林口區;深坑區;石碇區;坪林區;三芝區;石門區;八里區;平溪區;雙溪區;貢寮區;金山區;萬里區;烏來區,02-29968110,pt87530364@gmail.com,許佩暄,20220101.0,20241231.0,20230802 17:19:14
鑫福居家物理治療所,B40200026,B4,新北市,新莊區,新北市新莊區龍鳳里001鄰中正路新旺巷11號2樓,121.4595565796,25.0495548248,B,專業照護服務,新北市,板橋區;三重區;中和區;永和區;新莊區;樹林區;鶯歌區;三峽區;土城區;蘆洲區;五股區;泰山區,02-29968110,pt87530364@gmail.com,許佩暄,20250101.0,20271231.0,20241227 08:35:15
新北市社區工作者協會-萬里站(社照C),BF0200181,BF,新北市,萬里區,新北市萬里區北基里孝六街5號,121.6831970215,25.1760406494,C,巷弄長照站,新北市,萬里區,0910084033,tallest999@gmail.com,丘燕武,20220101.0,20221231.0,20220503 09:19:06
新北市多元智能老幼暨兒童教育發展協會(三峽站)(社照C),BF0200186,BF,新北市,三峽區,新北市三峽區安溪里中正路一段200號,121.3723220825,24.9281044006,C,巷弄長照站,新北市,三峽區,02-28575889,elite.everyday@gmail.com,李姿慧,20240101.0,20241231.0,20240707 14:35:15
新北市豐樂藝術文化愛心關懷協會(社照C),BF0200187,BF,新北市,土城區,新北市土城區明德里學士路100號,121.4501876831,24.9798526764,C,巷弄長照站,新北市,土城區,0987389449,judy49818@gmail.com,謝美珠,20220101.0,20221231.0,20220502 16:50:13
安加社會企業股份有限公司附設新北市私立安加居家長照機構-三重區信安里(醫事C),1V0200044,1,新北市,三重區,新北市三重區信安里6鄰正義北路364巷62號1樓,121.5146102905,25.0109806061,C,巷弄長照站,新北市,三重區;新店區,0910-288-573,roger.wu@ajltc.net,黃起富,20210501.0,20211231.0,20210525 18:51:38
新北市全能銀色樂活關懷協會(社照C),BF0200183,BF,新北市,新莊區,新北市新莊區民安里民安西路38巷19號,121.4267578125,25.0205574036,C,巷弄長照站,新北市,新莊區,0968-215752,a818387@kimo.com,楊惠珠,20240101.0,20241231.0,20240704 16:40:50
新北市私立全家居家長照機構,1X0200097,1,新北市,板橋區,新北市板橋區四川路二段237號6樓之2,121.4509277344,24.9939098358,B,喘息服務,新北市,板橋區;樹林區;土城區,0910-059-928,Quanjia1966@gmail.com,田家嫺,20250101.0,20271231.0,20241204 14:49:17
金大心股份有限公司附設新北市私立金大心綜合長照機構,4R0200001,4,新北市,樹林區,新北市樹林區東昇里大安路577號1至2樓,121.4120101929,24.9834747314,B,專業照護服務,新北市,樹林區;鶯歌區;三峽區;土城區,0976324847,jindaxin577@gmail.com,吳秉珊,20220101.0,20241231.0,20220318 11:52:36
允馨居家長照有限公司附設新北市私立允馨居家長照機構,1V0200052,1,新北市,淡水區,新北市淡水區學府里英專路226號1樓,121.4496994019,25.1731472015,B,喘息服務,新北市,淡水區,0226200640,yunsin580@hotmail.com,陳世洋,20250101.0,20271231.0,20241204 10:06:14
新北市私立禾九居家長照機構,1X0200098,1,新北市,蘆洲區,新北市蘆洲區水河里民族路422巷53號2樓,121.4729232788,25.0940475464,B,居家服務,新北市,三重區;新莊區;蘆洲區;五股區;泰山區;八里區,0906833310,pc26078@gmail.com,夏秋菊,20250101.0,20271231.0,20241225 15:05:17
新北市土城區延吉社區發展協會(社照C),BF0200199,BF,新北市,土城區,新北市土城區延吉里延吉街113號,121.471244812,24.9865779877,C,巷弄長照站,新北市,土城區,0222709956,Po.chou8@gmail.com,洪正榮,20220101.0,20221231.0,20220502 16:47:38
新北市板橋區勞工志工服務協會(板橋華德站)(社照C),BF0200198,BF,新北市,板橋區,新北市板橋區華德里四川路二段245巷125號,121.4539337158,24.9943447113,C,巷弄長照站,新北市,板橋區,0229589299,123@gmail.com,林治勳,20230101.0,20231231.0,20230630 14:56:13
新北市私立全家居家長照機構,1X0200097,1,新北市,板橋區,新北市板橋區四川路二段237號6樓之2,121.4509277344,24.9939098358,B,居家服務,新北市,板橋區;樹林區;土城區,0910-059-928,Quanjia1966@gmail.com,田家嫺,20250101.0,20271231.0,20241204 14:48:40
金大心股份有限公司附設新北市私立金大心綜合長照機構,4R0200001,4,新北市,樹林區,新北市樹林區東昇里大安路577號1至2樓,121.4120101929,24.9834747314,B,日間照顧服務,新北市,板橋區;三重區;中和區;永和區;新莊區;新店區;樹林區;鶯歌區;三峽區;淡水區;汐止區;瑞芳區;土城區;蘆洲區;五股區;泰山區;林口區;深坑區;石碇區;坪林區;三芝區;石門區;八里區;平溪區;雙溪區;貢寮區;金山區;萬里區;烏來區,0976324847,jindaxin577@gmail.com,吳秉珊,20250101.0,20271231.0,20241220 10:57:42
家嘉藥局(醫事C),B30200033,B3,新北市,中和區,新北市中和區嘉新里6鄰員山路355號1樓,121.4811553955,25.0019226074,C,巷弄長照站,新北市,中和區,(02)8228-1388,camilla1018@gmail.com,張均儀,20210501.0,20211231.0,20210526 10:13:35
新北市關懷社會福利服務協會(社照C),BF0200195,BF,新北市,板橋區,新北市板橋區滿翠里民生路3段270之1號1樓,121.4636611938,25.0290126801,C,巷弄長照站,新北市,板橋區,0282570037,alanhsu@gmail.com,蕭蓮桂,20240101.0,20241231.0,20240531 21:15:53
允馨居家長照有限公司附設新北市私立允馨居家長照機構,1V0200052,1,新北市,淡水區,新北市淡水區學府里英專路226號1樓,121.4496994019,25.1731472015,B,居家服務,新北市,淡水區,0226200640,yunsin580@hotmail.com,陳世洋,20250101.0,20271231.0,20241204 10:05:43
新北市私立璟馨居家式服務類長期照顧服務機構(醫事C),1X0200080,1,新北市,土城區,新北市土城區延吉里延吉街76號,121.4710235596,24.9866790771,C,巷弄長照站,新北市,土城區,02-77230968,jxhomecare@gmail.com,洪慧珍,20200601.0,20211231.0,20210526 17:53:12
新北市萬里區衛生所-萬里據點(醫事C),B20200196,B2,新北市,萬里區,新北市萬里區萬里里瑪鍊路157號2樓,121.6897125244,25.1783313751,C,巷弄長照站,新北市,萬里區,02-24921117,AN6356@ntpc.gov.tw,葉源潔,20210101.0,20211231.0,20210527 11:50:01
新北市板橋區大浮洲發展協進會(板橋龍安站)(社照C),BF0200161,BF,新北市,板橋區,新北市板橋區龍安里大觀路二段174巷118弄12號1樓,121.4426879883,25.0012073517,C,巷弄長照站,新北市,板橋區,22725088,yusulan0987189148@gmail.com,林新添,20230101.0,20231231.0,20230630 14:54:12
財團法人新北市基督教新希望教會(土城清水站)(社照C),BF0200165,BF,新北市,土城區,新北市土城區明德路一段240巷26弄5號,121.4604110718,24.9781894684,C,巷弄長照站,新北市,土城區,0952922096,shine8539@gmail.com,林淑萍,20220101.0,20221231.0,20220502 16:49:17
(臺北市)北台灣無障礙運輸產業工會,BA0200026,BA,新北市,中和區,新北市中和區連勝街159號5樓,121.4942245483,24.9965553284,B,交通接送服務(DA01),臺北市,松山區;信義區;大安區;中山區;中正區;大同區;萬華區;文山區;南港區;內湖區;士林區;北投區,02-77515349,mick9319@yahoo.com.tw,林垂穎,20240101.0,20261231.0,20240327 10:02:52
金大心股份有限公司附設新北市私立金大心綜合長照機構,4R0200001,4,新北市,樹林區,新北市樹林區東昇里大安路577號1至2樓,121.4120101929,24.9834747314,B,喘息服務,新北市,板橋區;三重區;中和區;永和區;新莊區;新店區;樹林區;鶯歌區;三峽區;淡水區;汐止區;瑞芳區;土城區;蘆洲區;五股區;泰山區;林口區;深坑區;石碇區;坪林區;三芝區;石門區;八里區;平溪區;雙溪區;貢寮區;金山區;萬里區;烏來區,0976324847,jindaxin577@gmail.com,吳秉珊,20250101.0,20271231.0,20241220 10:58:21
古淶稀健康股份有限公司附設新北市私立三峽古淶稀社區長照機構,2R0200006,2,新北市,三峽區,新北市三峽區復興路56、58號2樓,121.374382019,24.9362163544,B,喘息服務,新北市,板橋區;中和區;新莊區;樹林區;鶯歌區;三峽區;土城區,02-26732586,kls83593107@gmail.com,黃佳彤,20250101.0,20271231.0,20241226 09:55:16
新北市永和區雙和里辦公處(社照C),BF0200205,BF,新北市,永和區,新北市永和區雙和里中和路335巷18弄1號1樓,121.5075149536,25.0003986359,C,巷弄長照站,新北市,永和區,0926230300,qq0926230300@gmail.com,黃珠珪,20220101.0,20231231.0,20230531 21:10:39
新北市雙溪區長源社區發展協會(社照C),BG0200046,BG,新北市,雙溪區,新北市雙溪區長源里柑腳19號,121.8049087524,25.014591217,C,巷弄長照站,新北市,雙溪區,0915950333,AB4847@ntpc.gov.tw,黃正夫,20230101.0,20231231.0,20230530 16:59:36
新北市雙溪區平林里辦公處(社照C),BG0200050,BG,新北市,雙溪區,新北市雙溪區平林里外平林17號,121.8571243286,25.0379829407,C,巷弄長照站,新北市,雙溪區,0911-961-725,ad3751@ntpc.tov.tw,黃添松,20230101.0,20231231.0,20230530 16:58:01
新北市板橋深埔港人文推廣協會-板橋香丘站(社照C),BF0200196,BF,新北市,板橋區,新北市板橋區香丘里板新路221號,121.4681472778,25.0157852173,C,巷弄長照站,新北市,板橋區,0913192599,yusulan0987189148@gmail.com,吳秀珍,20230101.0,20231231.0,20230630 14:57:40
台灣環保協會(社照C),BF0200200,BF,新北市,蘆洲區,新北市蘆洲區溪墘里信義路65號,121.4760513306,25.0795707703,C,巷弄長照站,新北市,蘆洲區,0952112199,ho-0603@hotmail.com,李淑津,20220101.0,20221231.0,20220503 10:08:41
寶珠居家職能治療所,B50200012,B5,新北市,瑞芳區,新北市瑞芳區瑞芳街38號1樓1室,121.8065795898,25.109828949,A,個案管理服務,新北市,中和區;瑞芳區,02-24970020,baozhucare@gmail.com,廖俊傑,20250101.0,20250630.0,20241231 15:08:32
百禾長照社團法人附設新北市私立百禾住宿長照機構,3K0200001,3,新北市,板橋區,新北市板橋區南雅南路1段8號2 、3、4樓本號及8號2 、3、4樓之1至66,121.4560317993,25.0066184998,B,喘息服務,新北市,板橋區;三重區;中和區;永和區;新莊區;新店區;樹林區;鶯歌區;三峽區;淡水區;汐止區;瑞芳區;土城區;蘆洲區;五股區;泰山區;林口區;深坑區;石碇區;坪林區;三芝區;石門區;八里區;平溪區;雙溪區;貢寮區;金山區;萬里區;烏來區,02-29661717,baihe2966@gmail.com,施忠瑜,20250101.0,20271231.0,20241224 14:58:42
新北市私立康圓居家長照機構,1X0200083,1,新北市,中和區,新北市中和區中山路2段228號12樓之15,121.4989395142,25.0027809143,B,喘息服務,新北市,中和區;永和區,02-2246-6289,kangyuanhomeservice@gmail.com,江樹傑,20250101.0,20271231.0,20241216 10:45:30
新北市環保志工協會(社照C),2X0200013,2,新北市,三重區,新北市三重區錦安里16鄰長生街1號,121.4988708496,25.0662403107,C,巷弄長照站,新北市,三重區,02-2972-3223,andychu882000@yahoo.com.tw,朱志平,20220101.0,20231231.0,20230530 19:06:47
天天關懷健康生活股份有限公司附設新北市私立真承居家長照機構,1R0200031,1,新北市,土城區,新北市土城區中央路四段76-9號2樓,121.4185638428,24.9599533081,B,喘息服務,新北市,板橋區;中和區;樹林區;三峽區;土城區,02-22680166,caring.tiantian@gmail.com,李仲齊,20250101.0,20271231.0,20241216 11:23:04
台灣在地安老推展協會(淡水埤島站)(社照C),BF0200169,BF,新北市,淡水區,新北市淡水區埤島里埤島7-5號,121.4455337524,25.1928501129,C,巷弄長照站,新北市,淡水區,02-264129770926-348981,aginginplacetw@gmail.com,呂子煒,20220101.0,20231231.0,20230628 15:32:11
宇婕居家長照有限公司附設新北市私立宇婕居家長照機構,1N0200003,1,新北市,瑞芳區,新北市瑞芳區中山路5號3樓,121.805015564,25.1080417633,B,居家服務,新北市,瑞芳區,0987414919,ujie580@outlook.com,林美珠,20250101.0,20271231.0,20241205 11:50:14
湖水綠簡單生活有限公司附設新北市私立中和連城社區長照機構,2V0200002,2,新北市,中和區,新北市中和區中正路689號1樓,121.4849395752,24.9981040955,B,日間照顧服務,新北市,板橋區;中和區;永和區;土城區,02-2308-1211,ad3.inva@gmail.com,陳意春,20250101.0,20271231.0,20250219 08:37:41
湖水綠簡單生活有限公司附設新北市私立中和連城社區長照機構,2V0200002,2,新北市,中和區,新北市中和區中正路689號1樓,121.4849395752,24.9981040955,B,喘息服務,新北市,板橋區;中和區;永和區;土城區,02-2308-1211,ad3.inva@gmail.com,陳意春,20250101.0,20271231.0,20250219 08:38:24
古淶稀健康股份有限公司附設新北市私立三峽古淶稀社區長照機構,2R0200006,2,新北市,三峽區,新北市三峽區復興路56、58號2樓,121.374382019,24.9362163544,B,日間照顧服務,新北市,板橋區;中和區;新莊區;樹林區;鶯歌區;三峽區;土城區,02-26732586,kls83593107@gmail.com,黃佳彤,20250101.0,20271231.0,20241226 09:54:41
新北市淡水區正德里辦公處-淡水正德據點(社照C),BF0200172,BF,新北市,淡水區,新北市淡水區正德里北新路141巷27號,121.450012207,25.1795539856,C,巷弄長照站,新北市,淡水區,02-2628-1110,may26281110@gmail.com,黃俊雄,20220101.0,20231231.0,20230628 15:31:16
新北市淡水區正德里辦公處-淡水正德據點(社照C),BF0200172,BF,新北市,淡水區,新北市淡水區正德里北新路141巷27號,121.450012207,25.1795539856,B,喘息服務,新北市,淡水區,02-2628-1110,may26281110@gmail.com,黃俊雄,20250101.0,20271231.0,20241220 11:58:57
社團法人中華關懷身心促進發展協會(秀山站)(社照C),BF0200207,BF,新北市,汐止區,新北市汐止區秀山里秀峰路149號1樓,121.6606216431,25.0621585846,C,巷弄長照站,新北市,汐止區,0980731450,finichu2@yahoo.com.tw,張贊洪,20240101.0,20241231.0,20240514 13:52:44
謝坤川診所,B20200244,B2,新北市,板橋區,新北市板橋區陽明街10號,121.4666519165,25.0217533112,B,居家失能個案家庭醫師照護服務,新北市,板橋區,02-22562949,vision2195@gmail.com,謝坤川,20250101.0,20271231.0,20250103 15:01:38
新北市私立幸心綜合長照機構,4X0200001,4,新北市,新莊區,新北市新莊區文明里中正路55之1號1樓,121.4621429443,25.0396938324,B,喘息服務,新北市,板橋區;三重區;新莊區,0963773108,diana001123@gmail.com,顏瓊雯,20250101.0,20271231.0,20250110 11:39:08
新北市私立佳恩居家長照機構,1X0200101,1,新北市,中和區,新北市中和區中正里中正路500號2樓(第2房),121.5409088135,24.9655056,B,居家服務,新北市,中和區;永和區;新店區,8663-8758,1207lohas@gmail.com,鄭婉蓉,20250101.0,20271231.0,20241216 11:18:01
大心居家護理所-樹林柑園據點(醫事C),B10200099,B1,新北市,樹林區,新北市樹林區柑園里大義路238號1樓,121.3782653809,24.945936203,B,居家失能個案家庭醫師照護服務,新北市,樹林區;三峽區,02-26808878,bigheart.nurse@gmail.com,簡秀娟,20250325.0,20271231.0,20250327 15:27:03
新北市私立幸心綜合長照機構,4X0200001,4,新北市,新莊區,新北市新莊區文明里中正路55之1號1樓,121.4621429443,25.0396938324,B,居家服務,新北市,板橋區;三重區;新莊區,0963773108,diana001123@gmail.com,顏瓊雯,20250101.0,20271231.0,20250110 11:39:34
新北市私立幸心綜合長照機構,4X0200001,4,新北市,新莊區,新北市新莊區文明里中正路55之1號1樓,121.4621429443,25.0396938324,B,日間照顧服務,新北市,板橋區;三重區;新莊區,0963773108,diana001123@gmail.com,顏瓊雯,20250101.0,20271231.0,20250110 11:38:43
新北市私立愷立居家長照機構,1X0200105,1,新北市,永和區,新北市永和區保平路268巷28號1樓,121.5076675415,25.0064258575,B,居家服務,新北市,板橋區;中和區;永和區,0936-294289,kindly.ntp@gmail.com,宋君臨,20250101.0,20271231.0,20241213 09:23:23
連網健康科技股份有限公司附設新北市私立八八居家長照機構,1V0200055,1,新北市,新店區,新北市新店區寶慶街39號1樓,121.5275192261,24.9737796783,B,喘息服務,新北市,新店區;樹林區;三峽區,02-22181111,88care88care@gmail.com,周惠貞,20250101.0,20271231.0,20241220 16:25:53
大心居家護理所-樹林柑園據點(醫事C),B10200099,B1,新北市,樹林區,新北市樹林區柑園里大義路238號1樓,121.3782653809,24.945936203,B,喘息服務,新北市,樹林區;三峽區;土城區,02-26808878,bigheart.nurse@gmail.com,簡秀娟,20250101.0,20271231.0,20250106 11:59:09
固的診所,B20200243,B2,新北市,三重區,新北市三重區正義北路312號1~2樓,121.495010376,25.0701732635,B,居家失能個案家庭醫師照護服務,新北市,三重區;新莊區;蘆洲區,02-29848333,qxclinic@gmail.com,蔡世偉,20250101.0,20271231.0,20250113 15:30:10
新北市私立禾九居家長照機構,1X0200098,1,新北市,蘆洲區,新北市蘆洲區水河里民族路422巷53號2樓,121.4729232788,25.0940475464,B,喘息服務,新北市,三重區;新莊區;蘆洲區;五股區;泰山區;八里區,0906833310,pc26078@gmail.com,夏秋菊,20250101.0,20271231.0,20241225 15:06:38
新北市永和區保平里辦公處(社照C),BF0200206,BF,新北市,永和區,新北市永和區保平里保平路268巷28號1樓,121.5076675415,25.0064258575,C,巷弄長照站,新北市,永和區,02-2921-8643,baopingli28@gmail.com,王春琇,20220101.0,20231231.0,20230531 20:45:44
宇婕居家長照有限公司附設新北市私立宇婕居家長照機構,1N0200003,1,新北市,瑞芳區,新北市瑞芳區中山路5號3樓,121.805015564,25.1080417633,A,個案管理服務,新北市,瑞芳區,0987414919,ujie580@outlook.com,林美珠,20250101.0,20250630.0,20241231 14:26:22
宇婕居家長照有限公司附設新北市私立宇婕居家長照機構,1N0200003,1,新北市,瑞芳區,新北市瑞芳區中山路5號3樓,121.805015564,25.1080417633,B,喘息服務,新北市,瑞芳區,0987414919,ujie580@outlook.com,林美珠,20250101.0,20271231.0,20241205 11:50:36
社團法人中華民國新生活社會福利發展促進會(石門尖鹿站)(社照C),BE0200075,BE,新北市,石門區,新北市石門區尖鹿里新北市石門區尖鹿里中山路68號,121.5678939819,25.2915306091,C,巷弄長照站,新北市,石門區,0986689308,LKd0901@newlifesw.org.tw,蘇興李,20220101.0,20221231.0,20220503 10:16:07
晏康股份有限公司附設新北市私立新店晏康社區長照機構,2V0200003,2,新北市,新店區,新北市新店區復興里民權路42巷59弄3號3樓,121.5383529663,24.9836158752,B,喘息服務,新北市,中和區;永和區;新店區,02-2267-2297,Leepeggy1229@yahoo.com.tw,李佩芡,20250101.0,20271231.0,20241225 11:06:53
康杏銀髮事業股份有限公司附設新北市私立康杏銀髮居家長照機構,1V0200057,1,新北市,中和區,新北市中和區中山路二段296號14樓之4,121.4836196899,25.0080986023,B,居家服務,新北市,板橋區;中和區;永和區,02-82282599,kangshinginfa@gmail.com,黃佳雯,20250101.0,20271231.0,20241205 11:24:33
同佳有限公司附設新北市私立同佳居家長照機構,1V0200060,1,新北市,板橋區,新北市板橋區文化路一段285巷69號1樓,121.4677352905,25.0076694489,A,個案管理服務,新北市,板橋區,0908-691-601,tongjiawecare@gmail.com,陳素貞,20250101.0,20250630.0,20241231 14:35:02
新北市私立碧辰社區長照機構,2X0200016,2,新北市,中和區,新北市中和區文元里新北市中和區連城路477巷6弄22號1樓,121.4824066162,24.9951972961,B,家庭托顧服務,新北市,10;5;板橋區;中和區;永和區;新店區;土城區,0982555791,aaaa463677@gmail.com,李碧霞,20250101.0,20271231.0,20241205 11:59:02
新北市私立愷立居家長照機構,1X0200105,1,新北市,永和區,新北市永和區保平路268巷28號1樓,121.5076675415,25.0064258575,B,喘息服務,新北市,板橋區;中和區;永和區,0936-294289,kindly.ntp@gmail.com,宋君臨,20250101.0,20271231.0,20241213 09:24:03
新北市私立幸福居家長照機構,1X0200106,1,新北市,板橋區,新北市板橋區互助街17號1樓,121.4630355835,25.0275802612,B,居家服務,新北市,板橋區;中和區;永和區;新莊區;樹林區;土城區,(02)8258-1317,0517happiness@gmail.com,林怡岑,20250101.0,20271231.0,20241129 16:12:46
康杏銀髮事業股份有限公司附設新北市私立康杏銀髮居家長照機構,1V0200057,1,新北市,中和區,新北市中和區中山路二段296號14樓之4,121.4836196899,25.0080986023,B,喘息服務,新北市,板橋區;中和區;永和區,02-82282599,kangshinginfa@gmail.com,黃佳雯,20250101.0,20271231.0,20241205 11:25:15
新北市私立佳恩居家長照機構,1X0200101,1,新北市,中和區,新北市中和區中正里中正路500號2樓(第2房),121.5409088135,24.9655056,B,喘息服務,新北市,中和區;永和區;新店區,8663-8758,1207lohas@gmail.com,鄭婉蓉,20250101.0,20271231.0,20241216 11:18:25
同佳有限公司附設新北市私立同佳居家長照機構,1V0200060,1,新北市,板橋區,新北市板橋區文化路一段285巷69號1樓,121.4677352905,25.0076694489,B,居家服務,新北市,板橋區;中和區;新莊區;樹林區;土城區,0908-691-601,tongjiawecare@gmail.com,陳素貞,20250101.0,20271231.0,20241218 10:43:18
連網健康科技股份有限公司附設新北市私立八八居家長照機構,1V0200055,1,新北市,新店區,新北市新店區寶慶街39號1樓,121.5275192261,24.9737796783,B,居家服務,新北市,新店區;樹林區;三峽區,02-22181111,88care88care@gmail.com,周惠貞,20250101.0,20271231.0,20241220 16:25:00
新北市萬里區衛生所-萬里據點(醫事C),B20200196,B2,新北市,萬里區,新北市萬里區萬里里瑪鍊路157號2樓,121.6897125244,25.1783313751,B,喘息服務,新北市,萬里區,02-24921117,AN6356@ntpc.gov.tw,葉源潔,20250101.0,20271231.0,20250429 09:03:53
社團法人新北市健安樂活迎老服務協會(社照C),BE0200065,BE,新北市,中和區,新北市中和區枋寮里枋寮街33號,121.5018463135,25.0005893707,C,巷弄長照站,新北市,中和區,0937208253,healthlohas999@gmail.com,黃淑娥,20220101.0,20221231.0,20220502 16:59:23
新北市石碇區烏塗社區發展協會(社照C),BF0200167,BF,新北市,石碇區,新北市石碇區烏塗里烏塗窟20之1號,121.6567077637,24.9749889374,C,巷弄長照站,新北市,石碇區,0921691968,A123@GMAIL.COM,許賜福,20220101.0,20221231.0,20220503 08:17:14
月上營養照護諮詢機構,B60200003,B6,新北市,林口區,新北市林口區文化三路2段32號3樓之8,121.3741378784,25.078502655,B,專業照護服務,桃園市,桃園區;蘆竹區;大園區;龜山區;八德區,02-26032323,YesUp.health@gmail.com,黃美子,20240104.0,20251231.0,20240108 17:27:29
社團法人台灣新住民關懷協會-中和區瑞穗站,BE0200076,BE,新北市,中和區,新北市中和區瑞穗里莒光路3巷6號1樓,121.4723358154,25.0059490204,C,巷弄長照站,新北市,中和區,0987018250,tnia0510.3@gmai.com,韓岳紅,20220101.0,20221231.0,20220502 17:03:59
社團法人台灣樂活協會,BA0200028,BA,新北市,板橋區,新北市板橋區東丘里大觀路二段153巷39弄7之4號5樓,121.4463729858,25.0006217957,B,交通接送服務,新北市,板橋區;三重區;中和區;永和區;新莊區;新店區;樹林區;三峽區;淡水區;汐止區;瑞芳區;土城區;蘆洲區;五股區;泰山區;林口區;深坑區;八里區,02-26863006,tla26863006@gmail.com,吳友翔,20250101.0,20271231.0,20241231 11:10:04
新北市私立幸福居家長照機構,1X0200106,1,新北市,板橋區,新北市板橋區互助街17號1樓,121.4630355835,25.0275802612,B,喘息服務,新北市,板橋區;中和區;永和區;新莊區;樹林區;土城區,(02)8258-1317,0517happiness@gmail.com,林怡岑,20250101.0,20271231.0,20241129 16:13:31
康健家庭醫學科診所,B20200207,B2,新北市,鶯歌區,新北市鶯歌區建國路231號,121.3485183716,24.9534130096,B,居家失能個案家庭醫師照護服務,新北市,樹林區;鶯歌區;三峽區;土城區,02-26788558,kangjiangp@gmail.com,陳振芳,20250101.0,20271231.0,20250113 16:40:42
晏康股份有限公司附設新北市私立新店晏康社區長照機構,2V0200003,2,新北市,新店區,新北市新店區復興里民權路42巷59弄3號3樓,121.5383529663,24.9836158752,B,日間照顧服務,新北市,中和區;永和區;新店區,02-2267-2297,Leepeggy1229@yahoo.com.tw,李佩芡,20250101.0,20271231.0,20241225 11:06:30
湖水綠簡單生活有限公司附設新北市私立佑明居家長照機構,1R0200036,1,新北市,三峽區,新北市三峽區復興路365號5樓,121.3636169434,24.9385070801,B,居家服務,新北市,樹林區;鶯歌區;三峽區,02-23081286,ad2.agape@gmail.com,陳意春,20250101.0,20271231.0,20241218 11:39:47
同佳有限公司附設新北市私立同佳居家長照機構,1V0200060,1,新北市,板橋區,新北市板橋區文化路一段285巷69號1樓,121.4677352905,25.0076694489,B,喘息服務,新北市,板橋區;中和區;新莊區;樹林區;土城區,0908-691-601,tongjiawecare@gmail.com,陳素貞,20250101.0,20271231.0,20241218 10:44:38
湖水綠簡單生活有限公司附設新北市私立佑明居家長照機構,1R0200036,1,新北市,三峽區,新北市三峽區復興路365號5樓,121.3636169434,24.9385070801,B,喘息服務,新北市,樹林區;鶯歌區;三峽區,02-23081286,ad2.agape@gmail.com,陳意春,20250101.0,20271231.0,20241218 11:40:52
新北市私立康圓居家長照機構,1X0200083,1,新北市,中和區,新北市中和區中山路2段228號12樓之15,121.4989395142,25.0027809143,B,居家服務,新北市,中和區;永和區,02-2246-6289,kangyuanhomeservice@gmail.com,江樹傑,20250101.0,20271231.0,20241216 10:45:00
社團法人台灣多元社會福利協會(三重過田站)(社照C),BF0200209,BF,新北市,三重區,新北市三重區過田里新北市三重區過田里過圳街7巷5號1樓,121.4894714355,25.0590419769,C,巷弄長照站,新北市,三重區,02-28927001,dfjude08@gmail.com,林政緯,20220101.0,20231231.0,20230530 19:07:05
嘉陞健康事業股份有限公司附設新北市私立嘉陞居家長照機構,1R0200037,1,新北市,三重區,新北市三重區錦通里重陽路2段46號1樓,121.5004348755,25.0641498566,B,喘息服務,新北市,板橋區;三重區;新莊區;樹林區;蘆洲區;五股區;泰山區;林口區;八里區,2974-6671,goodcare0001@gmail.com,黃海同,20250101.0,20271231.0,20241223 14:24:18
寓安有限公司附設新北市私立愛瑞家居家長照機構,1V0200050,1,新北市,新莊區,新北市新莊區中安街3號6樓之1,121.4528579712,25.0453548431,B,喘息服務,新北市,板橋區;三重區;新莊區;樹林區;蘆洲區;五股區,0915810317,eccahomecare@gmail.com,蔡佩芸,20250101.0,20271231.0,20241213 11:17:43
新北市私立佳耀居家長照機構-淡水新春據點(醫事C),1X0200093,1,新北市,淡水區,新北市淡水區新春里010鄰中山北路一段275巷16號1樓,121.4433364868,25.1814537048,C,巷弄長照站,新北市,淡水區,(02)2625-7846,jiayaoltc@gmail.com,張瑜玲,20210501.0,20211231.0,20210526 18:20:20
新北市三重區田中里辦公處(社照C),BF0200201,BF,新北市,三重區,新北市三重區田中里忠孝路三段40巷51號,121.4831390381,25.0655384064,C,巷弄長照站,新北市,三重區,0933031915,grace527405@yahoo.com.tw,詹貴洪,20220101.0,20231231.0,20230530 19:06:29
和安長照社團法人附設新北市私立和安住宿長照機構,3L0200004,3,新北市,三重區,新北市三重區溪尾街35號,121.4913635254,25.0757484436,B,喘息服務,新北市,板橋區;三重區;中和區;永和區;新莊區;新店區;樹林區;鶯歌區;三峽區;淡水區;汐止區;瑞芳區;土城區;蘆洲區;五股區;泰山區;林口區;深坑區;石碇區;坪林區;三芝區;石門區;八里區;平溪區;雙溪區;貢寮區;金山區;萬里區;烏來區,29813999,2020HEAN@gmail.com,黃明全,20250101.0,20271231.0,20241225 10:08:37
台灣全齡長照股份有限公司附設新北市私立禾薪居家長照機構,1V0200051,1,新北市,新莊區,新北市新莊區文明里新莊路16之2號1樓,121.4588775635,25.0375823975,B,喘息服務,新北市,三重區;新莊區;林口區,0955992465,ce2007314@gmail.com,李壬㛙,20250101.0,20271231.0,20241227 14:52:58
耀程耳鼻喉科診所,B20200210,B2,新北市,新店區,新北市新店區三民路66號1樓,121.5350570679,24.9723358154,B,居家失能個案家庭醫師照護服務,新北市,新店區,02-29171110,klhung.ent@gmail.com,洪光良,20250101.0,20271231.0,20250113 16:23:21
明智銀髮股份有限公司附設新北市私立明志居家長照機構,1R0200030,1,新北市,三重區,新北市三重區中正北路15號4樓F室,121.4249038696,25.0414543152,B,喘息服務,新北市,三重區;新莊區;蘆洲區;泰山區,2308-0323,58ad.care8@gmail.com,施定宏,20250101.0,20271231.0,20241218 14:58:04
嘉陞健康事業股份有限公司附設新北市私立嘉陞居家長照機構,1R0200037,1,新北市,三重區,新北市三重區錦通里重陽路2段46號1樓,121.5004348755,25.0641498566,B,居家服務,新北市,板橋區;三重區;新莊區;樹林區;蘆洲區;五股區;泰山區;林口區;八里區,2974-6671,goodcare0001@gmail.com,黃海同,20250101.0,20271231.0,20241223 14:23:48
衛生福利部八里療養院-中和區(醫事C),B20200238,B2,新北市,中和區,新北市中和區南山里南山路4巷3號4樓,121.5024795532,24.9975128174,C,巷弄長照站,新北市,中和區,(02)2245-0386,6453@balipc.gov.tw,張介信,20210101.0,20211231.0,20210526 10:01:07
新北市私立佳耀居家長照機構-淡水新春據點(醫事C),1X0200093,1,新北市,淡水區,新北市淡水區新春里010鄰中山北路一段275巷16號1樓,121.4433364868,25.1814537048,B,喘息服務,新北市,淡水區,(02)2625-7846,jiayaoltc@gmail.com,張瑜玲,20250101.0,20271231.0,20250425 13:54:16
樂田健康生活有限公司附設新北市私立樂田居家長照機構,1X0200104,1,新北市,樹林區,新北市樹林區柑園里學林路13號2樓,121.3774642944,24.9488887787,A,個案管理服務,新北市,三峽區,0955185838,rakudacare@gmail.com,黃冠惟,20250101.0,20250630.0,20241231 16:19:33
樂田健康生活有限公司附設新北市私立樂田居家長照機構,1X0200104,1,新北市,樹林區,新北市樹林區柑園里學林路13號2樓,121.3774642944,24.9488887787,B,居家服務,新北市,板橋區;樹林區;鶯歌區;三峽區;土城區,0955185838,rakudacare@gmail.com,黃冠惟,20250101.0,20271231.0,20241216 11:46:54
台灣全齡長照股份有限公司附設新北市私立禾薪居家長照機構,1V0200051,1,新北市,新莊區,新北市新莊區文明里新莊路16之2號1樓,121.4588775635,25.0375823975,B,居家服務,新北市,三重區;新莊區;林口區,0955992465,ce2007314@gmail.com,李壬㛙,20250101.0,20271231.0,20241227 14:52:22
新北市私立宜真宜樂社區長照機構,2X0200014,2,新北市,新莊區,新北市新莊區中原里中原路253巷2弄2號1樓及4號1樓,121.4487915039,25.054058075,B,日間照顧服務,新北市,三重區;新莊區;泰山區,29901830,kittyhome3850@gmail.com,江學真,20250101.0,20271231.0,20250203 10:54:34
新北市私立宜真宜樂社區長照機構,2X0200014,2,新北市,新莊區,新北市新莊區中原里中原路253巷2弄2號1樓及4號1樓,121.4487915039,25.054058075,B,喘息服務,新北市,三重區;新莊區;泰山區,29901830,kittyhome3850@gmail.com,江學真,20250101.0,20271231.0,20250203 10:54:34
愛佳生活股份有限公司附設新北市私立樹林愛佳生活社區長照機構,2V0200004,2,新北市,樹林區,新北市樹林區三龍里2鄰中正路632巷1號3樓,121.4103240967,25.016418457,B,小規模多機能服務,新北市,板橋區;中和區;新莊區;樹林區;鶯歌區;三峽區;土城區;泰山區;林口區,(02)2680-8000,Jean030973@gmail.com,吳霈綺,20250101.0,20271231.0,20241225 15:54:25
愛佳生活股份有限公司附設新北市私立樹林愛佳生活社區長照機構,2V0200004,2,新北市,樹林區,新北市樹林區三龍里2鄰中正路632巷1號3樓,121.4103240967,25.016418457,B,日間照顧服務,新北市,板橋區;中和區;新莊區;樹林區;鶯歌區;三峽區;土城區;泰山區;林口區,(02)2680-8000,Jean030973@gmail.com,吳霈綺,20250101.0,20271231.0,20241225 15:51:54
愛佳生活股份有限公司附設新北市私立樹林愛佳生活社區長照機構,2V0200004,2,新北市,樹林區,新北市樹林區三龍里2鄰中正路632巷1號3樓,121.4103240967,25.016418457,B,喘息服務,新北市,板橋區;中和區;新莊區;樹林區;鶯歌區;三峽區;土城區;泰山區;林口區,(02)2680-8000,Jean030973@gmail.com,吳霈綺,20250101.0,20271231.0,20241225 15:52:52
中華民國長期照護推廣協會附設新北市私立三重不老社區長照機構,2N0200002,2,新北市,三重區,新北市三重區光陽里三陽路102號2樓,121.4834289551,25.058719635,B,喘息服務,新北市,三重區,0972306099,longtermcare.org@gmail.com,陳昱翔,20250101.0,20271231.0,20241226 11:42:46
明智銀髮股份有限公司附設新北市私立明志居家長照機構,1R0200030,1,新北市,三重區,新北市三重區中正北路15號4樓F室,121.4249038696,25.0414543152,B,居家服務,新北市,三重區;新莊區;蘆洲區;泰山區,2308-0323,58ad.care8@gmail.com,施定宏,20250101.0,20271231.0,20241218 14:57:26
梁診所,B20200209,B2,新北市,土城區,新北市土城區中央路四段75號,121.4172210693,24.958158493,B,居家失能個案家庭醫師照護服務,新北市,板橋區;三重區;中和區;永和區;新莊區;新店區;樹林區;鶯歌區;三峽區;土城區;蘆洲區;泰山區;林口區;深坑區;石碇區;坪林區;烏來區,02-22674991,len79239@yahoo.com.tw,梁忠道,20250101.0,20271231.0,20250103 13:52:16
樂田健康生活有限公司附設新北市私立樂田居家長照機構,1X0200104,1,新北市,樹林區,新北市樹林區柑園里學林路13號2樓,121.3774642944,24.9488887787,B,喘息服務,新北市,板橋區;樹林區;鶯歌區;三峽區;土城區,0955185838,rakudacare@gmail.com,黃冠惟,20250101.0,20271231.0,20241216 11:47:38
愛樂親子診所,B20200219,B2,新北市,蘆洲區,新北市蘆洲區長樂路168號1樓,121.4626083374,25.0909729004,B,居家失能個案家庭醫師照護服務,新北市,蘆洲區,02-22832288,lovekids0168@gmail.com,陳建甫,20250101.0,20271231.0,20250110 16:11:06
中華民國長期照護推廣協會附設新北市私立三重不老社區長照機構,2N0200002,2,新北市,三重區,新北市三重區光陽里三陽路102號2樓,121.4834289551,25.058719635,B,日間照顧服務,新北市,三重區,0972306099,longtermcare.org@gmail.com,陳昱翔,20250101.0,20271231.0,20241226 11:42:11
上心居家長照服務有限公司附設新北市私立上心居家長照機構,1V0200038,1,新北市,三重區,新北市三重區長元街100號2樓,121.5443954468,24.9796943665,B,居家服務,新北市,板橋區;三重區;中和區;永和區;新莊區;新店區;土城區;蘆洲區;深坑區,0968530500,shangshin10909@gmail.com,詹弘毅,20250101.0,20271231.0,20241224 09:41:38
上心居家長照服務有限公司附設新北市私立上心居家長照機構,1V0200038,1,新北市,三重區,新北市三重區長元街100號2樓,121.5443954468,24.9796943665,B,喘息服務,新北市,板橋區;三重區;中和區;永和區;新莊區;新店區;土城區;蘆洲區;深坑區,0968530500,shangshin10909@gmail.com,詹弘毅,20250101.0,20271231.0,20241224 09:42:30
財團法人私立廣恩老人養護中心附設新北市私立五股獅子頭社區長照機構,2S0200034,2,新北市,五股區,新北市五股區集福里孝義路30號,121.4526596069,25.1077404022,B,小規模多機能服務,新北市,三重區;新莊區;淡水區;蘆洲區;五股區,22932666,gndc_wg@guannenn.org.tw,林偉峰,20250101.0,20271231.0,20241224 15:07:24
財團法人私立廣恩老人養護中心附設新北市私立五股獅子頭社區長照機構,2S0200034,2,新北市,五股區,新北市五股區集福里孝義路30號,121.4526596069,25.1077404022,B,喘息服務,新北市,三重區;新莊區;淡水區;蘆洲區;五股區,22932666,gndc_wg@guannenn.org.tw,林偉峰,20250101.0,20271231.0,20241224 15:07:51
新北市光塩愛心關懷協會(社照C),BF0200178,BF,新北市,新莊區,新北市新莊區立廷里立信三街25-3號1樓,121.4421157837,25.0504112244,C,巷弄長照站,新北市,新莊區,02-29982723,estherulizii@gmail.com,吳振鏜,20220101.0,20221231.0,20220503 09:39:17
樂玲社會企業股份有限公司附設新北市私立老同學社區長照機構,2V0200001,2,新北市,淡水區,新北市淡水區幸福里水源街一段106號一樓,121.4465179443,25.1719760895,B,日間照顧服務,新北市,淡水區,0226282449,oldclassmate106@gmail.com,汪清課,20250101.0,20271231.0,20241219 14:04:14
社團法人中華基督教521福緣全人關懷協會-中興據點(社照C),BE0200069,BE,新北市,五股區,新北市五股區五股里中興路4段19-1號,121.439239502,25.0824127197,C,巷弄長照站,新北市,五股區,02-22914515,mp789681@gmail.com,韓善泉,20220101.0,20221231.0,20220503 09:46:21
樂玲社會企業股份有限公司附設新北市私立老同學社區長照機構,2V0200001,2,新北市,淡水區,新北市淡水區幸福里水源街一段106號一樓,121.4465179443,25.1719760895,B,喘息服務,新北市,淡水區,0226282449,oldclassmate106@gmail.com,汪清課,20250101.0,20271231.0,20241219 14:04:42
微笑長照整合服務股份有限公司附設新北市私立微笑居家長照機構-泰山新明據點(醫事C),1V0200047,1,新北市,泰山區,新北市泰山區新明里民國街48號1樓,121.4258117676,25.0437030792,B,喘息服務,新北市,泰山區,29940060,smile.ltc.hc@gmail.com,趙軒,20250101.0,20271231.0,20250429 10:24:53
新北市私立常春藤居家長照機構-瑞芳吉安據點(醫事C),1X0200094,1,新北市,瑞芳區,新北市瑞芳區吉安里大埔路178號1樓,121.7621612549,25.1019287109,C,巷弄長照站,新北市,汐止區,(02)-86461838,ivycareee@gmail.com,俞美娟,20200401.0,20211231.0,20210526 18:37:03
新北市平溪區老人會(社照C),BF0200192,BF,新北市,平溪區,新北市平溪區嶺腳里靜安路二段531號,121.7474365234,25.0280952454,C,巷弄長照站,新北市,平溪區,24952328,pojongl@gmail.com,楊明仁,20230101.0,20231231.0,20230530 16:55:49
新北市平溪區老人會(社照C),BF0200192,BF,新北市,平溪區,新北市平溪區嶺腳里靜安路二段531號,121.7474365234,25.0280952454,C,巷弄長照站,新北市,平溪區,24952328,pojongl@gmail.com,楊明仁,20230101.0,20231231.0,20230530 16:55:49
新北市私立達霖居家長照機構,1X0200096,1,新北市,板橋區,新北市板橋區篤行路三段18號2樓,121.4287185669,24.987323761,B,喘息服務,新北市,板橋區;樹林區;土城區,2685-5992,darlinghomecare@gmail.com,林凱瑩,20250101.0,20271231.0,20241231 14:09:04
新北市貢寮區衛生所(醫事C),B20200240,B2,新北市,貢寮區,新北市貢寮區和美里和美街35-2號,121.9127120972,25.0840778351,C,巷弄長照站,新北市,貢寮區,02-24901431,AF9107@ntpc.gov.tw,林中一,20210101.0,20211231.0,20210527 11:10:08
新北市板橋深埔港人文推廣協會-板橋居仁站(社照C),BF0200197,BF,新北市,板橋區,新北市板橋區居仁里光環路2段58號,121.4813690186,25.0145683289,C,巷弄長照站,新北市,板橋區,0930100333,yusulan0987189148@gmail.com,吳秀珍,20230101.0,20231231.0,20230630 14:59:23
微笑長照整合服務股份有限公司附設新北市私立微笑居家長照機構-泰山新明據點(醫事C),1V0200047,1,新北市,泰山區,新北市泰山區新明里民國街48號1樓,121.4258117676,25.0437030792,C,巷弄長照站,新北市,泰山區,29940060,smile.ltc.hc@gmail.com,趙軒,20210501.0,20211231.0,20210526 16:45:08
新北市私立常春藤居家長照機構-瑞芳吉安據點(醫事C),1X0200094,1,新北市,瑞芳區,新北市瑞芳區吉安里大埔路178號1樓,121.7621612549,25.1019287109,B,喘息服務,新北市,瑞芳區,(02)-86461838,ivycareee@gmail.com,俞美娟,20250101.0,20271231.0,20250425 14:37:59
新北市私立立穎居家長照機構-烏來忠治據點(醫事C),1X0200095,1,新北市,烏來區,新北市烏來區忠治里新烏路五段98號,121.5471801758,24.8658599854,C,巷弄長照站,新北市,烏來區,(02)8668-6651,liinhomecare@gmail.com,周惠貞,20210401.0,20211231.0,20210527 10:35:41
新北市私立立穎居家長照機構-烏來忠治據點(醫事C),1X0200095,1,新北市,烏來區,新北市烏來區忠治里新烏路五段98號,121.5471801758,24.8658599854,B,喘息服務,新北市,烏來區,(02)8668-6651,liinhomecare@gmail.com,周惠貞,20250101.0,20271231.0,20250429 10:47:30
新北市私立達霖居家長照機構,1X0200096,1,新北市,板橋區,新北市板橋區篤行路三段18號2樓,121.4287185669,24.987323761,B,居家服務,新北市,板橋區;樹林區;土城區,2685-5992,darlinghomecare@gmail.com,林凱瑩,20250101.0,20271231.0,20241231 14:08:34
新北市大新板愛心關懷協會(板橋懷翠站)(社照C),BE0200073,BE,新北市,板橋區,新北市板橋區懷翠里懷德街191巷26弄1號,121.4806671143,25.0297641754,C,巷弄長照站,新北市,板橋區,02-29589299,yisyuanhu@gmail.com,呂芳昌,20230101.0,20231231.0,20230630 14:57:11
新北市貢寮區雙玉社區發展協會(社照C),BE0200074,BE,新北市,貢寮區,新北市貢寮區雙玉里田寮洋街12-2號,121.9224777222,25.0257263184,C,巷弄長照站,新北市,貢寮區,0988132019,Kmchen119@gmail.com,吳戶東,20220101.0,20221231.0,20220503 10:18:43
新北市私立信福居家長照機構,1X0200099,1,新北市,淡水區,新北市淡水區淡金路38巷96號1樓,121.4585800171,25.1615600586,B,居家服務,新北市,淡水區;三芝區;八里區,02-86262912,xingfu8405@gmail.com,李政原,20250101.0,20271231.0,20241224 11:08:19
社團法人台灣微光行動協會(臺北市),BA0200024,BA,新北市,新店區,新北市新店區文化路80巷11號,121.5448303223,24.9814319611,B,交通接送服務(DA01),臺北市,松山區;信義區;大安區;中山區;中正區;大同區;萬華區;文山區;南港區;內湖區;士林區;北投區,29120299,houihsia@gmail.com,侯勝宗,20240101.0,20261231.0,20240327 10:06:33
祝三實業股份有限公司,BA0200025,BA,新北市,板橋區,新北市板橋區遠東路3號4樓,121.4567489624,24.9983654022,B,交通接送服務(DA01),臺北市,松山區;信義區;大安區;中山區;中正區;大同區;萬華區;文山區;南港區;內湖區;士林區;北投區,29685661,momocat3230@gmail.com,蕭中正,20240101.0,20261231.0,20240327 10:10:44
新北市私立信福居家長照機構,1X0200099,1,新北市,淡水區,新北市淡水區淡金路38巷96號1樓,121.4585800171,25.1615600586,B,喘息服務,新北市,淡水區;三芝區;八里區,02-86262912,xingfu8405@gmail.com,李政原,20250101.0,20271231.0,20241224 11:08:41
優居家長照有限公司附設新北市私立優居家長照機構,1V0200064,1,新北市,中和區,新北市中和區員山路109號13樓,121.480796814,24.9946479797,B,專業照護服務,新北市,中和區;永和區;新莊區;樹林區,2226-1866,yogurt.ot@gmail.com,陳慧玲,20250101.0,20271231.0,20241225 13:52:03
優居家長照有限公司附設新北市私立優居家長照機構,1V0200064,1,新北市,中和區,新北市中和區員山路109號13樓,121.480796814,24.9946479797,B,喘息服務,新北市,板橋區;中和區,2226-1866,yogurt.ot@gmail.com,陳慧玲,20250101.0,20271231.0,20241225 13:51:20
久安事業有限公司附設新北市私立久安居家長照機構,1V0200063,1,新北市,板橋區,新北市板橋區中正路341巷24號A07室,121.454208374,25.0201644897,B,喘息服務,新北市,板橋區;中和區;新莊區,2968-0298,an29680298@gmail.com,郭子賢,20250101.0,20271231.0,20241225 10:58:36
三合利計程車客運服務有限公司,BA0200027,BA,新北市,永和區,新北市永和區中正路700號8樓之一,121.5163726807,25.0099277496,B,交通接送服務,臺北市,松山區;信義區;大安區;中山區;中正區;大同區;萬華區;文山區;南港區;內湖區;士林區;北投區,29291266,shiu5830@gmail.com,蔡豐吉,20210701.0,20221231.0,20210720 13:39:00
大心管理顧問股份有限公司附設新北市私立誠心居家長照機構,1V0200054,1,新北市,永和區,新北市永和區保生路46號2樓,121.505821228,25.0085964203,B,居家服務,新北市,中和區;永和區;新店區,02-89213833,baby.w0708@gmail.com,魏筱芸,20250101.0,20271231.0,20241224 13:53:09
大心管理顧問股份有限公司附設新北市私立誠心居家長照機構,1V0200054,1,新北市,永和區,新北市永和區保生路46號2樓,121.505821228,25.0085964203,B,喘息服務,新北市,中和區;永和區;新店區,02-89213833,baby.w0708@gmail.com,魏筱芸,20250101.0,20271231.0,20241224 13:53:35
惠恩居家職能治療所,B50200013,B5,新北市,金山區,新北市金山區仁愛路19號1樓,121.637550354,25.2191791534,B,專業照護服務(CC01),新北市,板橋區;三重區;中和區;永和區;新莊區;新店區;樹林區;鶯歌區;三峽區;淡水區;汐止區;瑞芳區;土城區;蘆洲區;五股區;泰山區;林口區;深坑區;石碇區;坪林區;三芝區;石門區;八里區;平溪區;雙溪區;貢寮區;金山區;萬里區;烏來區,0975668851,huienot@gmail.com,鄭憲鵬,20220101.0,20241231.0,20230802 17:19:14
新北市私立家安居家長照機構,1X0200103,1,新北市,蘆洲區,新北市蘆洲區正義里光榮路101巷52-1號1樓,121.4633560181,25.0909404755,B,居家服務,新北市,板橋區;三重區;新莊區;淡水區;瑞芳區;蘆洲區;五股區;泰山區;林口區;三芝區;石門區;八里區;金山區;萬里區,28489106,giaan601204@gmail.com,陳月美,20250101.0,20271231.0,20241216 09:49:00
新北市私立家安居家長照機構,1X0200103,1,新北市,蘆洲區,新北市蘆洲區正義里光榮路101巷52-1號1樓,121.4633560181,25.0909404755,B,喘息服務,新北市,板橋區;三重區;新莊區;淡水區;瑞芳區;蘆洲區;五股區;泰山區;林口區;三芝區;石門區;八里區;金山區;萬里區,28489106,giaan601204@gmail.com,陳月美,20250101.0,20271231.0,20241216 09:50:35
新北市私立家安居家長照機構,1X0200103,1,新北市,蘆洲區,新北市蘆洲區正義里光榮路101巷52-1號1樓,121.4633560181,25.0909404755,A,個案管理服務,新北市,三芝區;石門區;八里區;金山區;萬里區,28489106,giaan601204@gmail.com,陳月美,20250101.0,20250630.0,20241231 15:07:45
社團法人中華利仁社會福利協會附設新北市私立利仁居家長照機構,1R0200040,1,新北市,土城區,新北市土城區中正路1號6樓之1,121.4423065186,24.9751091003,B,喘息服務,新北市,板橋區;三重區;中和區;新莊區;土城區,02-2266-5151,cccc11437n@gmail.com,謝麗珠,20250101.0,20271231.0,20241219 11:23:54
惠恩居家職能治療所,B50200013,B5,新北市,金山區,新北市金山區仁愛路19號1樓,121.637550354,25.2191791534,B,專業照護服務,新北市,三重區;新莊區;蘆洲區;五股區;泰山區;金山區;萬里區,0975668851,huienot@gmail.com,鄭憲鵬,20250101.0,20271231.0,20250106 11:38:03
惠恩居家職能治療所,B50200013,B5,新北市,金山區,新北市金山區仁愛路19號1樓,121.637550354,25.2191791534,B,專業照護服務(CC01),新北市,三重區;新莊區;蘆洲區;五股區;泰山區;金山區;萬里區,0975668851,huienot@gmail.com,鄭憲鵬,20250101.0,20271231.0,20250106 11:38:39
社團法人中華利仁社會福利協會附設新北市私立利仁居家長照機構,1R0200040,1,新北市,土城區,新北市土城區中正路1號6樓之1,121.4423065186,24.9751091003,B,居家服務,新北市,板橋區;三重區;中和區;新莊區;土城區,02-2266-5151,cccc11437n@gmail.com,謝麗珠,20250101.0,20271231.0,20241219 11:23:20
台灣受恩整合服務股份有限公司附設新北市私立三重受恩社區長照機構,2R0200007,2,新北市,三重區,新北市三重區光華里重新路一段87號2樓,121.5012283325,25.0635929108,B,喘息服務,新北市,板橋區;三重區;中和區;永和區;新莊區;蘆洲區;五股區;泰山區,02-66375732,cckliu22@gmail.com,劉庭軒,20250101.0,20271231.0,20241225 09:58:59
碧華居家職能治療所,B50200014,B5,新北市,三重區,新北市三重區富華街98號,121.4912338257,25.0836734772,B,專業照護服務(CC01),新北市,板橋區;三重區;新莊區;樹林區;鶯歌區;淡水區;蘆洲區;五股區;泰山區;林口區;三芝區;八里區,0905-395-539,bihuaotclinic@gmail.com,廖皇閔,20240105.0,20241231.0,20240115 15:13:12
碧華居家職能治療所,B50200014,B5,新北市,三重區,新北市三重區富華街98號,121.4912338257,25.0836734772,B,專業照護服務(CC01),桃園市,桃園區;蘆竹區;大園區;龜山區;八德區,0905-395-539,bihuaotclinic@gmail.com,廖皇閔,20231229.0,20251231.0,20240115 16:36:14
惠恩居家職能治療所,B50200013,B5,新北市,金山區,新北市金山區仁愛路19號1樓,121.637550354,25.2191791534,B,專業照護服務,新北市,三重區;新莊區;蘆洲區;五股區;泰山區;金山區;萬里區,0975668851,huienot@gmail.com,鄭憲鵬,20220101.0,20241231.0,20220408 09:20:10
新北市中和區世紀皇家管理委員會,BF0200208,BF,新北市,中和區,新北市中和區力行里連勝街9號,121.4991149902,24.9985313416,C,巷弄長照站,新北市,中和區,22466189,kinghouse6189@gmail.com,陳世鴻,20220101.0,20221231.0,20220503 10:47:58
台灣受恩整合服務股份有限公司附設新北市私立三重受恩社區長照機構,2R0200007,2,新北市,三重區,新北市三重區光華里重新路一段87號2樓,121.5012283325,25.0635929108,B,日間照顧服務,新北市,板橋區;三重區;中和區;永和區;新莊區;蘆洲區;五股區;泰山區,02-66375732,cckliu22@gmail.com,劉庭軒,20250101.0,20271231.0,20241225 09:58:30
久安事業有限公司附設新北市私立久安居家長照機構,1V0200063,1,新北市,板橋區,新北市板橋區中正路341巷24號A07室,121.454208374,25.0201644897,B,居家服務,新北市,板橋區;中和區;新莊區,2968-0298,an29680298@gmail.com,郭子賢,20250101.0,20271231.0,20241225 10:57:46
優居家長照有限公司附設新北市私立優居家長照機構,1V0200064,1,新北市,中和區,新北市中和區員山路109號13樓,121.480796814,24.9946479797,B,專業照護服務,新北市,中和區;永和區;新莊區;樹林區,2226-1866,yogurt.ot@gmail.com,陳慧玲,20220427.0,20241231.0,20220427 16:36:53
中華民國長期照護推廣協會附設新北市私立中和不老社區長照機構,2R0200008,2,新北市,中和區,新北市中和區壽德里27鄰民德路360號2樓,121.4661560059,24.9939460754,B,日間照顧服務,新北市,板橋區;中和區;土城區,0972-306-099,longtermcare.org@gmail.com,陳昱翔,20250101.0,20271231.0,20241226 11:22:50
微笑關懷健康有限公司附設新北市私立馨悅居家長照機構,1V0200065,1,新北市,永和區,新北市永和區福和路309巷20弄9號1樓,121.5146102905,25.0109806061,B,居家服務,新北市,板橋區;三重區;中和區;永和區;新莊區;新店區,02-7755-1299,smilecarehealth@gmail.com,劉家豪,20250101.0,20271231.0,20241205 15:57:03
大天使長照有限公司附設新北市私立大天使居家長照機構,1V0200066,1,新北市,新店區,新北市新店區北新路1段10號16樓,121.5408554077,24.9653949738,B,專業照護服務,新北市,板橋區;中和區;永和區;新店區,0970-532-222,bigangle888888@gmail.com,黃淇姍,20220406.0,20241231.0,20220411 10:33:07
大天使長照有限公司附設新北市私立大天使居家長照機構,1V0200066,1,新北市,新店區,新北市新店區北新路1段10號16樓,121.5408554077,24.9653949738,B,居家服務,新北市,中和區;永和區;新店區,0970-532-222,bigangle888888@gmail.com,黃淇姍,20250101.0,20271231.0,20241213 09:03:53
大天使長照有限公司附設新北市私立大天使居家長照機構,1V0200066,1,新北市,新店區,新北市新店區北新路1段10號16樓,121.5408554077,24.9653949738,B,喘息服務,新北市,中和區;永和區;新店區,0970-532-222,bigangle888888@gmail.com,黃淇姍,20250101.0,20271231.0,20241213 09:04:44
新北市林口區嘉瑞社區發展協會(社照C),BF0200210,BF,新北市,林口區,新北市林口區嘉寶里1鄰22號,121.3393249512,25.1083450317,C,巷弄長照站,新北市,林口區,0932-921-251,Huang12988@gmail.com,賴美秀,20211001.0,20211217.0,20211005 09:55:30
優居家長照有限公司附設新北市私立優居家長照機構,1V0200064,1,新北市,中和區,新北市中和區員山路109號13樓,121.480796814,24.9946479797,B,居家服務,新北市,板橋區;中和區,2226-1866,yogurt.ot@gmail.com,陳慧玲,20250101.0,20271231.0,20241225 13:50:54
中華民國長期照護推廣協會附設新北市私立中和不老社區長照機構,2R0200008,2,新北市,中和區,新北市中和區壽德里27鄰民德路360號2樓,121.4661560059,24.9939460754,B,喘息服務,新北市,板橋區;中和區;土城區,0972-306-099,longtermcare.org@gmail.com,陳昱翔,20250101.0,20271231.0,20241226 11:23:41
微笑關懷健康有限公司附設新北市私立馨悅居家長照機構,1V0200065,1,新北市,永和區,新北市永和區福和路309巷20弄9號1樓,121.5146102905,25.0109806061,B,喘息服務,新北市,板橋區;三重區;中和區;永和區;新莊區;新店區,02-7755-1299,smilecarehealth@gmail.com,劉家豪,20250101.0,20271231.0,20241205 15:58:08
天主教耕莘醫療財團法人附設新北市私立新店央北社區長照機構,2U0200001,2,新北市,新店區,新北市新店區和平里008鄰中山路137號2樓之1,121.5264129639,24.9812545776,B,日間照顧服務,新北市,中和區;永和區;新店區,2219-3166,yangbeidaycare@gmail.com,鍾安住,20250101.0,20271231.0,20241227 15:38:12
中華全齡關懷協會(三重福樂分站)(社照C),BF0200219,BF,新北市,三重區,新北市三重區福樂里三和路四段125巷85號,121.4875106812,25.0785636902,C,巷弄長照站,新北市,三重區,5574-0079,caaca88238079@gmail.com,邱玉亭,20220101.0,20231231.0,20230530 19:07:51
新北市私立家悅社區長照機構,2X0200015,2,新北市,鶯歌區,新北市鶯歌區建國里新北市鶯歌區光明街74號1樓,121.3434295654,24.9548530579,B,家庭托顧服務,新北市,10;15;5;樹林區;鶯歌區;三峽區;土城區,0919026576,hh26771319@gmail.com,朱若慈,20250101.0,20271231.0,20241225 11:03:19
新北市中和區連和里辦公處(社照C),BF0200211,BF,新北市,中和區,新北市中和區連和里連城路54號,121.4980392456,25.0018844604,C,巷弄長照站,新北市,中和區,02-22439566,AO3936@ntpc.gov.tw,朱榮凱,20220101.0,20221231.0,20220307 15:01:49
新北市金山區六三社區發展協會(社照C),BF0200218,BF,新北市,金山區,新北市金山區三界里三界壇路101之1號,121.6207122803,25.2300930023,C,巷弄長照站,新北市,金山區,0919573711,Zhongding789@yahoo.com.tw,鐘鼎平,20220101.0,20221231.0,20220308 16:57:37
天主教耕莘醫療財團法人附設新北市私立新店央北社區長照機構,2U0200001,2,新北市,新店區,新北市新店區和平里008鄰中山路137號2樓之1,121.5264129639,24.9812545776,B,喘息服務,新北市,中和區;永和區;新店區,2219-3166,yangbeidaycare@gmail.com,鍾安住,20250101.0,20271231.0,20241227 15:38:39
長樂健康事業有限公司附設新北市私立長樂居家長照機構,1R0200034,1,新北市,樹林區,新北市樹林區大有路63號1樓,121.3837051392,24.9481868744,B,居家服務,新北市,樹林區;鶯歌區;三峽區;土城區,02-77527659,clltcserv@gmail.com,張美琳,20250101.0,20271231.0,20241218 11:51:27
長樂健康事業有限公司附設新北市私立長樂居家長照機構,1R0200034,1,新北市,樹林區,新北市樹林區大有路63號1樓,121.3837051392,24.9481868744,B,專業照護服務,新北市,樹林區;鶯歌區;三峽區;土城區,02-77527659,clltcserv@gmail.com,張美琳,20250101.0,20271231.0,20241218 11:52:12
新北市私立真開欣社區長照機構,2X0200017,2,新北市,蘆洲區,新北市蘆洲區正義里永樂街2號2樓,121.4607772827,25.093082428,B,日間照顧服務,新北市,三重區;蘆洲區;五股區,0966560079,p650711@gmail.com,江忠礎,20250101.0,20271231.0,20241203 14:15:11
新北市私立真開欣社區長照機構,2X0200017,2,新北市,蘆洲區,新北市蘆洲區正義里永樂街2號2樓,121.4607772827,25.093082428,B,喘息服務,新北市,三重區;蘆洲區;五股區,0966560079,p650711@gmail.com,江忠礎,20250101.0,20271231.0,20241203 14:16:03
長樂健康事業有限公司附設新北市私立長樂居家長照機構,1R0200034,1,新北市,樹林區,新北市樹林區大有路63號1樓,121.3837051392,24.9481868744,A,個案管理服務,新北市,鶯歌區,02-77527659,clltcserv@gmail.com,張美琳,20250101.0,20250630.0,20241231 14:27:05
有限責任臺南市第一照顧服務勞動合作社附設新北市私立第一居家長照機構,1T0200002,1,新北市,樹林區,新北市樹林區樹南里中山路一段306巷1號1樓,121.4198226929,24.9865531921,B,居家服務,新北市,板橋區;三重區;中和區;永和區;新莊區;新店區;樹林區;鶯歌區;三峽區;土城區;泰山區,0976878678,T26822726@gmail.com,林建賓,20250101.0,20271231.0,20241226 14:03:20
新北市慈光身心障礙者公益服務協會(社照C),BF0200213,BF,新北市,中和區,新北市中和區佳和里中山路二段2巷5弄11號1樓,121.5042953491,25.006029129,C,巷弄長照站,新北市,中和區,02-22460551,aff100608@gmail.com,蔡明君,20220101.0,20221231.0,20220307 15:18:02
長樂健康事業有限公司附設新北市私立長樂居家長照機構,1R0200034,1,新北市,樹林區,新北市樹林區大有路63號1樓,121.3837051392,24.9481868744,B,專業照護服務,新北市,樹林區;鶯歌區;三峽區;土城區,02-77527659,clltcserv@gmail.com,張美琳,20220101.0,20241231.0,20220615 10:39:24
長樂健康事業有限公司附設新北市私立長樂居家長照機構,1R0200034,1,新北市,樹林區,新北市樹林區大有路63號1樓,121.3837051392,24.9481868744,B,喘息服務,新北市,樹林區;鶯歌區;三峽區;土城區,02-77527659,clltcserv@gmail.com,張美琳,20250101.0,20271231.0,20241218 11:51:55
社團法人中華民國長者照顧關懷協會-三重長江據點(社照C),BE0200079,BE,新北市,三重區,新北市三重區長江里長安街112號,121.5026779175,25.0678253174,C,巷弄長照站,新北市,三重區,2977-1633,peggy5522@gmail.com,周淑玲,20220101.0,20231231.0,20230530 19:07:32
新北市金山區美田社區發展協會(社照C),BF0200214,BF,新北市,金山區,新北市金山區美田里中山路236號2樓,121.6361541748,25.2233924866,C,巷弄長照站,新北市,金山區,02-24984659,hsu3622@gmail.com,郭一信,20220101.0,20221231.0,20220307 15:32:14
社團法人台灣幸扶公益協會附設新北市私立汐止社區長照機構,2R0200009,2,新北市,汐止區,新北市汐止區新昌里新台五路二段81號,121.6641616821,25.0668487549,B,日間照顧服務,新北市,汐止區;瑞芳區;石碇區;平溪區,(02)26919122,chefon23@gmail.com,鄭正,20250101.0,20271231.0,20241203 16:24:11
社團法人台灣幸扶公益協會附設新北市私立汐止社區長照機構,2R0200009,2,新北市,汐止區,新北市汐止區新昌里新台五路二段81號,121.6641616821,25.0668487549,B,喘息服務,新北市,汐止區;瑞芳區;石碇區;平溪區,(02)26919122,chefon23@gmail.com,鄭正,20250101.0,20271231.0,20241203 16:25:12
社團法人中華民國長者照顧關懷協會-三重長江據點(社照C),BE0200079,BE,新北市,三重區,新北市三重區長江里長安街112號,121.5026779175,25.0678253174,B,喘息服務,新北市,三重區,2977-1633,peggy5522@gmail.com,周淑玲,20250101.0,20271231.0,20250114 11:12:25
幸福時光居家護理所,B10200100,B1,新北市,三重區,新北市三重區捷運路19巷13號1樓及15號1樓,121.4850463867,25.057050705,B,專業照護服務,新北市,板橋區;三重區;中和區;蘆洲區;五股區;泰山區,02-77519258,candyyang0930@gmail.com,楊慧莉,20220324.0,20241231.0,20220328 13:47:58
豐悠活有限公司附設新北市私立豐悠活居家長照機構,1V0200061,1,新北市,中和區,新北市中和區中正路920號3樓308室,121.482963562,25.0083770752,B,喘息服務,新北市,中和區,0932-397-787,fenggnef777@gmail.com,鐘志豐,20250101.0,20271231.0,20241218 14:07:51
碧華居家職能治療所,B50200014,B5,新北市,三重區,新北市三重區富華街98號,121.4912338257,25.0836734772,B,專業照護服務,新北市,三重區;新莊區;蘆洲區;泰山區;三芝區;八里區,0905-395-539,bihuaotclinic@gmail.com,廖皇閔,20220223.0,20241231.0,20230307 13:52:48
碧華居家職能治療所,B50200014,B5,新北市,三重區,新北市三重區富華街98號,121.4912338257,25.0836734772,B,專業照護服務(CC01),新北市,板橋區;三重區;新莊區;樹林區;鶯歌區;淡水區;蘆洲區;五股區;泰山區;林口區;三芝區;八里區,0905-395-539,bihuaotclinic@gmail.com,廖皇閔,20250101.0,20271231.0,20241231 14:06:46
新北市金山區磺港里辦公處(社照C),BF0200215,BF,新北市,金山區,新北市金山區磺港里磺港路171-1號1樓,121.6439666748,25.2241535187,C,巷弄長照站,新北市,金山區,0936618432,apple710626@gmail.com,許明熙,20220101.0,20221231.0,20220307 15:49:36
碧華居家職能治療所,B50200014,B5,新北市,三重區,新北市三重區富華街98號,121.4912338257,25.0836734772,B,專業照護服務,桃園市,桃園區;蘆竹區;大園區;龜山區,0905-395-539,bihuaotclinic@gmail.com,廖皇閔,20220225.0,20240105.0,20231229 16:19:27
碧華居家職能治療所,B50200014,B5,新北市,三重區,新北市三重區富華街98號,121.4912338257,25.0836734772,B,專業照護服務,桃園市,桃園區;蘆竹區;大園區;龜山區;八德區,0905-395-539,bihuaotclinic@gmail.com,廖皇閔,20231229.0,20251231.0,20240103 13:33:54
有限責任臺南市第一照顧服務勞動合作社附設新北市私立第一居家長照機構,1T0200002,1,新北市,樹林區,新北市樹林區樹南里中山路一段306巷1號1樓,121.4198226929,24.9865531921,B,喘息服務,新北市,板橋區;三重區;中和區;永和區;新莊區;新店區;樹林區;鶯歌區;三峽區;土城區;泰山區,0976878678,T26822726@gmail.com,林建賓,20250101.0,20271231.0,20241226 14:04:06
利鎮物業管理顧問有限公司附設新北市私立利鎮居家長照機構,1R0200038,1,新北市,汐止區,新北市汐止區福安里仁愛路193號1樓,121.6644821167,25.0656604767,B,居家服務,新北市,汐止區,02-26412987,shinyicare@gmail.com,張萬利,20250101.0,20271231.0,20250110 16:09:25
利鎮物業管理顧問有限公司附設新北市私立利鎮居家長照機構,1R0200038,1,新北市,汐止區,新北市汐止區福安里仁愛路193號1樓,121.6644821167,25.0656604767,B,喘息服務,新北市,汐止區,02-26412987,shinyicare@gmail.com,張萬利,20250101.0,20271231.0,20250110 16:09:49
顧佳股份有限公司附設新北市私立顧好佳居家長照機構,1R0200039,1,新北市,三重區,新北市三重區溪美里仁政街82號2樓,121.4925918579,25.0775909424,B,喘息服務,新北市,三重區;蘆洲區,0939923889,careyourhome168@gmail.com,紀嘉軒,20250101.0,20271231.0,20241225 09:49:32
善誠健康事業股份有限公司附設新北市私立善誠居家長照機構,1V0200067,1,新北市,板橋區,新北市板橋區長江路二段142號1樓,121.4661636353,25.0317649841,B,居家服務,新北市,板橋區;中和區;永和區;新莊區;樹林區;三峽區;汐止區;土城區;林口區,0917-500-935,ltcservice@suncherish.com.tw,林仁德,20250101.0,20271231.0,20241220 09:45:29
安心好生活股份有限公司附設新北市私立佳醫居家長照機構,1R0200043,1,新北市,三重區,新北市三重區永福街46巷22弄5號,121.4918899536,25.0599155426,B,專業照護服務,新北市,三重區;新莊區;淡水區;八里區,(02)2977-6001,carrie516899@gmail.com,蘇秀鑾,20250101.0,20271231.0,20241220 15:29:15
豐悠活有限公司附設新北市私立豐悠活居家長照機構,1V0200061,1,新北市,中和區,新北市中和區中正路920號3樓308室,121.482963562,25.0083770752,B,居家服務,新北市,中和區,0932-397-787,fenggnef777@gmail.com,鐘志豐,20250101.0,20271231.0,20241218 14:07:32
顧佳股份有限公司附設新北市私立顧好佳居家長照機構,1R0200039,1,新北市,三重區,新北市三重區溪美里仁政街82號2樓,121.4925918579,25.0775909424,B,居家服務,新北市,三重區;蘆洲區,0939923889,careyourhome168@gmail.com,紀嘉軒,20250101.0,20271231.0,20241225 09:49:04
慈益長照社團法人附設新北市私立慈益住宿長照機構,3R0200002,3,新北市,汐止區,新北市汐止區勤進路83巷3號,121.6625976562,25.0588932037,B,喘息服務,新北市,汐止區,(02)26907539,mimieve19@gmail.com,張贏之,20250101.0,20271231.0,20250113 11:01:49
永宜居家呼吸照護所,B80200003,B8,新北市,永和區,新北市永和區成功路一段14號2樓,121.5269699097,25.0052566528,B,專業照護服務,新北市,板橋區;三重區;中和區;永和區;新店區,02-82313318,yungyihomecare@gmail.com,許佩珊,20250101.0,20271231.0,20241219 11:05:49
社團法人台灣幸扶公益協會附設新北市私立汐止社區長照機構,2R0200009,2,新北市,汐止區,新北市汐止區新昌里新台五路二段81號,121.6641616821,25.0668487549,B,日間照顧服務,基隆市,中正區;七堵區;暖暖區;仁愛區;中山區;安樂區;信義區,(02)26919122,chefon23@gmail.com,鄭正,20240101.0,20260318.0,20250124 15:34:24
永宜居家呼吸照護所,B80200003,B8,新北市,永和區,新北市永和區成功路一段14號2樓,121.5269699097,25.0052566528,B,專業照護服務,新北市,板橋區;中和區;永和區;新店區,02-82313318,yungyihomecare@gmail.com,許佩珊,20220321.0,20241231.0,20220325 08:43:26
社團法人台灣幸扶公益協會附設新北市私立汐止社區長照機構,2R0200009,2,新北市,汐止區,新北市汐止區新昌里新台五路二段81號,121.6641616821,25.0668487549,B,喘息服務,基隆市,中正區;七堵區;暖暖區;仁愛區;中山區;安樂區;信義區,(02)26919122,chefon23@gmail.com,鄭正,20240101.0,20260318.0,20250124 15:34:53
幸福時光居家護理所,B10200100,B1,新北市,三重區,新北市三重區捷運路19巷13號1樓及15號1樓,121.4850463867,25.057050705,B,專業照護服務,新北市,板橋區;三重區;中和區;蘆洲區;五股區;泰山區,02-77519258,candyyang0930@gmail.com,楊慧莉,20250101.0,20271231.0,20241227 11:47:19
新北市私立安毅居家長照機構,1X0200111,1,新北市,板橋區,新北市板橋區金門街372巷13號1樓,121.4266738892,24.9845314026,B,居家服務,新北市,板橋區;三重區;中和區;永和區;新莊區;樹林區;鶯歌區;三峽區;土城區;泰山區,0905-861-860,anyi1110422@gmail.com,黃椘玉,20250101.0,20271231.0,20241227 11:18:32
新北市中和區慈心關懷協會(社照C),BF0200212,BF,新北市,中和區,新北市中和區員山里員山路466巷19號,121.480758667,25.006685257,C,巷弄長照站,新北市,中和區,0910025774,Wendy00070291@gmail.com,蕭淑女,20220101.0,20221231.0,20220307 15:11:27
新北市金山區兩湖里辦公處(社照C),BF0200216,BF,新北市,金山區,新北市金山區兩湖里倒照湖6鄰33-2號,121.591217041,25.2376594543,C,巷弄長照站,新北市,金山區,0931291610,violachang07@gmail.com,張金火,20220101.0,20221231.0,20220307 16:00:54
新北市福祉關懷推廣協會(社照C),BF0200220,BF,新北市,三重區,新北市三重區福祉里重新路四段214巷15弄2號1樓集美街55號,121.4870986938,25.0543079376,C,巷弄長照站,新北市,三重區,2977-4176,annalee5707@gmail.com,李黔慧,20220101.0,20231231.0,20230530 19:05:14
財團法人新北市大樹社會福利基金會附設新北市私立林口仁愛綜合長照機構,4S0200003,4,新北市,林口區,新北市林口區仁愛里文化一路一段137號1樓,121.3738327026,25.0719070435,B,喘息服務,新北市,林口區,02-26068117,jenai201410@gmail.com,鄭文洲,20250101.0,20271231.0,20241205 15:45:35
新北市金山區兩湖里辦公處(社照C),BF0200216,BF,新北市,金山區,新北市金山區兩湖里倒照湖6鄰33-2號,121.591217041,25.2376594543,C,巷弄長照站,新北市,金山區,0931291610,violachang07@gmail.com,張金火,20220101.0,20221231.0,20220307 15:54:44
新北市金山區六股里辦公處(社照C),BF0200217,BF,新北市,金山區,新北市金山區六股里頂六股6鄰3號,121.6144714355,25.2231712341,C,巷弄長照站,新北市,金山區,0911836527,Zhongding789@gmail.com.tw,鐘鼎平,20220101.0,20221231.0,20220308 11:00:30
財團法人新北市大樹社會福利基金會附設新北市私立林口仁愛綜合長照機構,4S0200003,4,新北市,林口區,新北市林口區仁愛里文化一路一段137號1樓,121.3738327026,25.0719070435,B,日間照顧服務,新北市,林口區,02-26068117,jenai201410@gmail.com,鄭文洲,20250101.0,20271231.0,20241205 15:44:31
財團法人新北市大樹社會福利基金會附設新北市私立林口仁愛綜合長照機構,4S0200003,4,新北市,林口區,新北市林口區仁愛里文化一路一段137號1樓,121.3738327026,25.0719070435,B,居家服務,新北市,林口區,02-26068117,jenai201410@gmail.com,鄭文洲,20250101.0,20271231.0,20241205 15:45:07
瑞之盟居家語言治療所(新北市),B70200010,B7,新北市,林口區,新北市林口區文化二路一段390號5樓511室,121.3751754761,25.0771617889,B,專業照護服務(CC01),新北市,板橋區;三重區;中和區;永和區;新莊區;新店區;樹林區;鶯歌區;三峽區;淡水區;汐止區;瑞芳區;土城區;蘆洲區;五股區;泰山區;林口區;深坑區;石碇區;坪林區;三芝區;石門區;八里區;平溪區;雙溪區;貢寮區;金山區;萬里區;烏來區,0907-010-671,rzm280301@gmail.com,王星懿,20220418.0,20241231.0,20230802 17:19:14
瑞之盟居家語言治療所(新北市),B70200010,B7,新北市,林口區,新北市林口區文化二路一段390號5樓511室,121.3751754761,25.0771617889,B,專業照護服務(CC01),新北市,板橋區;三重區;中和區;新店區;瑞芳區;林口區;深坑區;石碇區;坪林區;三芝區;石門區;八里區;平溪區;雙溪區;貢寮區;金山區;萬里區;烏來區,0907-010-671,rzm280301@gmail.com,王星懿,20250101.0,20271231.0,20241213 11:57:12
新北市淡水區民權里辦公處(社照C),BG0200052,BG,新北市,淡水區,新北市淡水區民權里民權路179巷12號1樓,121.4603347778,25.134771347,C,巷弄長照站,新北市,淡水區,02-2808-7612,semei99589958@gmail.com,江瑟媚,20220101.0,20231231.0,20230628 15:20:25
新北市私立秀心居家長照機構,1X0200108,1,新北市,樹林區,新北市樹林區保安街2段24號3樓,121.4155578613,25.0017776489,B,居家服務,新北市,板橋區;中和區;新莊區;樹林區;鶯歌區;三峽區;土城區,02-86881115,lucky60171@gmail.com,何志堅,20250101.0,20271231.0,20250103 14:51:56
新北市私立秀心居家長照機構,1X0200108,1,新北市,樹林區,新北市樹林區保安街2段24號3樓,121.4155578613,25.0017776489,B,喘息服務,新北市,板橋區;中和區;新莊區;樹林區;鶯歌區;三峽區;土城區,02-86881115,lucky60171@gmail.com,何志堅,20250101.0,20271231.0,20250103 14:52:57
瑞之盟居家語言治療所(新北市),B70200010,B7,新北市,林口區,新北市林口區文化二路一段390號5樓511室,121.3751754761,25.0771617889,B,專業照護服務,新北市,板橋區;三重區;中和區;新店區;瑞芳區;林口區;深坑區;石碇區;坪林區;三芝區;石門區;八里區;平溪區;雙溪區;貢寮區;金山區;萬里區;烏來區,0907-010-671,rzm280301@gmail.com,王星懿,20220418.0,20241231.0,20220421 08:09:34
暖和有限公司附設新北市私立溫佳居家長照機構,1V0200069,1,新北市,板橋區,新北市板橋區建國街45號,121.4759368896,25.0120124817,B,喘息服務,新北市,板橋區;中和區;永和區,0910-200-968,nuanhuo168@gmail.com,江正文,20250101.0,20271231.0,20241218 11:34:42
新北市永和區光明里辦公處(社照C),BG0200054,BG,新北市,永和區,新北市永和區光明里中正路654巷58號1、2樓,121.5183639526,25.0084819794,C,巷弄長照站,新北市,永和區,0229286288,d978tw911@gmail.com,呂嘉慧,20220101.0,20231231.0,20230609 16:22:28
新北市私立慷德居家長照機構,1X0200112,1,新北市,三重區,新北市三重區重新路5段525號9樓之1,121.4711456299,25.0463657379,B,專業照護服務,新北市,三重區;中和區;新莊區;樹林區,2278-1719,kant.longcare@gmail.com,蔣曉文,20250101.0,20271231.0,20250210 08:06:52
瑞之盟居家語言治療所(新北市),B70200010,B7,新北市,林口區,新北市林口區文化二路一段390號5樓511室,121.3751754761,25.0771617889,B,專業照護服務,新北市,板橋區;三重區;中和區;新店區;瑞芳區;林口區;深坑區;石碇區;坪林區;三芝區;石門區;八里區;平溪區;雙溪區;貢寮區;金山區;萬里區;烏來區,0907-010-671,rzm280301@gmail.com,王星懿,20250101.0,20271231.0,20241213 11:57:23
暖和有限公司附設新北市私立溫佳居家長照機構,1V0200069,1,新北市,板橋區,新北市板橋區建國街45號,121.4759368896,25.0120124817,B,居家服務,新北市,板橋區;中和區;永和區,0910-200-968,nuanhuo168@gmail.com,江正文,20250101.0,20271231.0,20241218 11:34:07
新北市淡水區民生社區發展協會(社照C),BF0200222,BF,新北市,淡水區,新北市淡水區民生里民生路27號B1,,,C,巷弄長照站,新北市,淡水區,0932179570,ikkigood@yahoo.com,陳李明緣,20220101.0,20231231.0,20230628 15:19:02
新北市私立陽光居家長照機構,1X0200113,1,新北市,中和區,新北市中和區安樂路18-1號7樓,121.5118408203,24.9921112061,B,喘息服務,新北市,板橋區;中和區;永和區,0988285942,goodsunshinehealthcare@gmail.com,唐偉庭,20250101.0,20271231.0,20241204 13:47:18
新北市蘆洲區愛心關懷協會(永安站)(社照C),BF0200221,BF,新北市,蘆洲區,新北市蘆洲區延平里永安南路二段134號,121.4625854492,25.0785884857,C,巷弄長照站,新北市,蘆洲區,2281-1934,lov970@yahoo.com.tw,黃忠信,20220101.0,20221231.0,20220308 20:01:56
明曜長期照護有限公司附設新北市私立明曜居家長照機構,1V0200073,1,新北市,新莊區,新北市新莊區信義里思源路331號8樓之2,121.4596099854,25.0497398376,B,居家服務,新北市,板橋區;三重區;中和區;新莊區;蘆洲區;五股區;泰山區,0963907070,mingyau.care1966@gmail.com,李曜閣,20250101.0,20271231.0,20241217 15:16:44
明曜長期照護有限公司附設新北市私立明曜居家長照機構,1V0200073,1,新北市,新莊區,新北市新莊區信義里思源路331號8樓之2,121.4596099854,25.0497398376,B,專業照護服務,新北市,板橋區;三重區;中和區;永和區,0963907070,mingyau.care1966@gmail.com,李曜閣,20250101.0,20271231.0,20241217 15:18:04
社團法人台灣樂活服務發展協會(汐止信望站)(社照C),BE0200080,BE,新北市,汐止區,新北市汐止區信望里信義路1號2樓,121.6620025635,25.0685710907,C,巷弄長照站,新北市,汐止區,0910122196,jilingdong2013@gmail.com,馬佩君,20240101.0,20241231.0,20240514 13:58:29
新北市中正愛心關懷協會(自立站)(社照C),BF0200228,BF,新北市,板橋區,新北市板橋區自立里大智街77號,,,C,巷弄長照站,新北市,板橋區,0955707945,Yusulan0968679928@gmail.com,羅宜玲,20230101.0,20231231.0,20230630 15:04:59
財團法人新北市基督教新希望教會(土城土城站)(社照C),BD0200066,BD,新北市,土城區,新北市土城區慶安街45巷5號1樓,,,C,巷弄長照站,新北市,土城區,0939192756,o1219.shaw@gmail.com,黃遠鵬,20210901.0,20221231.0,20220509 08:26:10
新北市私立安毅居家長照機構,1X0200111,1,新北市,板橋區,新北市板橋區金門街372巷13號1樓,121.4266738892,24.9845314026,B,喘息服務,新北市,板橋區;三重區;中和區;永和區;新莊區;樹林區;鶯歌區;三峽區;土城區;泰山區,0905-861-860,anyi1110422@gmail.com,黃椘玉,20250101.0,20271231.0,20241227 11:19:07
新北市私立慷德居家長照機構,1X0200112,1,新北市,三重區,新北市三重區重新路5段525號9樓之1,121.4711456299,25.0463657379,B,居家服務,新北市,三重區;中和區;新莊區;樹林區;蘆洲區;五股區;八里區,2278-1719,kant.longcare@gmail.com,蔣曉文,20250101.0,20271231.0,20241226 11:03:15
新北市私立慷德居家長照機構,1X0200112,1,新北市,三重區,新北市三重區重新路5段525號9樓之1,121.4711456299,25.0463657379,B,喘息服務,新北市,三重區;中和區;新莊區;樹林區;蘆洲區;五股區;八里區,2278-1719,kant.longcare@gmail.com,蔣曉文,20250101.0,20271231.0,20241226 11:03:55
新北市私立慷德居家長照機構,1X0200112,1,新北市,三重區,新北市三重區重新路5段525號9樓之1,121.4711456299,25.0463657379,B,專業照護服務,新北市,三重區;中和區;新莊區;樹林區,2278-1719,kant.longcare@gmail.com,蔣曉文,20220615.0,20241231.0,20220620 09:55:00
新北市瑞芳區老人會(社照C),BF0200225,BF,新北市,瑞芳區,新北市瑞芳區龍興里明燈路三段2號3樓,121.8088989258,25.1077690125,C,巷弄長照站,新北市,瑞芳區,0919989822,av450414@yahoo.com,黃茂峻,20240101.0,20241231.0,20240514 14:44:04
財團法人台北市立心慈善基金會附設新北市私立立心居家長照機構,1R0200046,1,新北市,三重區,新北市三重區中華路22號1樓,121.4830322266,25.0609970093,B,喘息服務,新北市,三重區;蘆洲區,02-29711997,lishin.north@msa.hinet.net,洪金桐,20250101.0,20271231.0,20241225 13:56:04
新北市私立安豐居家長照機構,1X0200114,1,新北市,永和區,新北市永和區永和路一段69號3樓(AL02),121.513130188,25.0072612762,B,喘息服務,新北市,板橋區;三重區;中和區;永和區,0913123226,anfeng5659@gmail.com,李尚勳,20250101.0,20271231.0,20241205 11:02:50
社團法人台灣樂活協會,BA0200030,BA,新北市,板橋區,新北市板橋區篤行路2段57巷4號5樓,121.4320602417,24.9923706055,B,交通接送服務(DA01),臺北市,松山區;信義區;大安區;中山區;中正區;大同區;萬華區;文山區;南港區;內湖區;士林區;北投區,26863006,tla26863006@gmail.com,吳友翔,20240101.0,20261231.0,20240327 10:07:44
新北市板橋區大浮洲發展協進會(大觀站)(社照C),BF0200231,BF,新北市,板橋區,新北市板橋區僑中二街12巷24號,,,C,巷弄長照站,新北市,板橋區,0932312636,Yusulan0968679928@gmail.com,林新添,20230101.0,20231231.0,20230630 15:00:06
新北市銀光志工協會(港嘴站)(社照C),BF0200233,BF,新北市,板橋區,新北市板橋區縣民大道三段169號縣民大道三段245巷1號,,,C,巷弄長照站,新北市,板橋區,02-29589299,yisyuanhu@gmail.com,丁紹斌,20230101.0,20231231.0,20230630 15:06:14
新北市銀光志工協會(板橋福壽站)(社照C),BF0200234,BF,新北市,板橋區,新北市板橋區三民路二段居仁巷2弄50號,,,C,巷弄長照站,新北市,板橋區,02-29589299,yisyuanhu@gmail.com,丁紹斌,20230101.0,20231231.0,20230630 15:03:23
新北市私立陽光居家長照機構,1X0200113,1,新北市,中和區,新北市中和區安樂路18-1號7樓,121.5118408203,24.9921112061,B,居家服務,新北市,板橋區;中和區;永和區,0988285942,goodsunshinehealthcare@gmail.com,唐偉庭,20250101.0,20271231.0,20241204 13:45:22
新北市大新板愛心關懷協會(文聖站)(社照C),BF0200236,BF,新北市,板橋區,新北市板橋區文聖街149巷27號1樓,,,C,巷弄長照站,新北市,板橋區,02-29589299,yisyuanhu@gmail.com,余崑松,20230101.0,20231231.0,20230630 15:04:30
善誠健康事業股份有限公司附設新北市私立善誠居家長照機構,1V0200067,1,新北市,板橋區,新北市板橋區長江路二段142號1樓,121.4661636353,25.0317649841,B,喘息服務,新北市,板橋區;中和區;永和區;新莊區;樹林區;三峽區;汐止區;土城區;林口區,0917-500-935,ltcservice@suncherish.com.tw,林仁德,20250101.0,20271231.0,20241220 09:46:07
安心好生活股份有限公司附設新北市私立佳醫居家長照機構,1R0200043,1,新北市,三重區,新北市三重區永福街46巷22弄5號,121.4918899536,25.0599155426,B,居家服務,新北市,三重區;新莊區;淡水區;八里區,(02)2977-6001,carrie516899@gmail.com,蘇秀鑾,20250101.0,20271231.0,20241220 15:28:06
安心好生活股份有限公司附設新北市私立佳醫居家長照機構,1R0200043,1,新北市,三重區,新北市三重區永福街46巷22弄5號,121.4918899536,25.0599155426,B,專業照護服務,新北市,三重區;新莊區;淡水區;八里區,(02)2977-6001,carrie516899@gmail.com,蘇秀鑾,20220620.0,20241231.0,20220902 15:35:33
輔仁大學學校財團法人輔仁大學附設醫院,B20200248,B2,新北市,泰山區,新北市泰山區貴子路69號,121.4308013916,25.0396766663,B,專業照護服務,新北市,新莊區;泰山區,85128888,tu.hsiumei@gmail.com,黃瑞仁,20220101.0,20241231.0,20220412 11:55:26
輔仁大學學校財團法人輔仁大學附設醫院,B20200248,B2,新北市,泰山區,新北市泰山區貴子路69號,121.4308013916,25.0396766663,A,個案管理服務,新北市,五股區;泰山區,85128888,tu.hsiumei@gmail.com,黃瑞仁,20250101.0,20250630.0,20241231 15:52:33
財團法人新北市永和區中華基督教浸信會中和堂(社照C),BD0200065,BD,新北市,永和區,新北市永和區前溪里永和路一段153號,,,C,巷弄長照站,新北市,永和區,0910826212,chunghochurch@gmail.com,武應天,20220101.0,20221231.0,20220502 14:14:11
財團法人台北市立心慈善基金會附設新北市私立立心居家長照機構,1R0200046,1,新北市,三重區,新北市三重區中華路22號1樓,121.4830322266,25.0609970093,B,居家服務,新北市,三重區;蘆洲區,02-29711997,lishin.north@msa.hinet.net,洪金桐,20250101.0,20271231.0,20241225 13:55:29
新北市私立安豐居家長照機構,1X0200114,1,新北市,永和區,新北市永和區永和路一段69號3樓(AL02),121.513130188,25.0072612762,B,居家服務,新北市,板橋區;三重區;中和區;永和區,0913123226,anfeng5659@gmail.com,李尚勳,20250101.0,20271231.0,20241205 11:02:09
佳醫長照社團法人附設新北市私立觀海住宿長照機構,3R0200004,3,新北市,八里區,新北市八里區頂罟里新北市八里區博物館路183號1樓至4樓,121.4063720703,25.1566429138,B,喘息服務,新北市,板橋區;三重區;中和區;永和區;新莊區;新店區;樹林區;鶯歌區;三峽區;淡水區;汐止區;瑞芳區;土城區;蘆洲區;五股區;泰山區;林口區;深坑區;石碇區;坪林區;三芝區;石門區;八里區;平溪區;雙溪區;貢寮區;金山區;萬里區;烏來區,8630-3185,ghn.hr0240@gmail.com,蘇秀鑾,20250101.0,20271231.0,20250113 10:40:13
佳醫長照社團法人附設新北市私立觀海住宿長照機構,3R0200004,3,新北市,八里區,新北市八里區頂罟里新北市八里區博物館路183號1樓至4樓,121.4063720703,25.1566429138,B,喘息服務,臺北市,松山區;信義區;大安區;中山區;中正區;大同區;萬華區;文山區;南港區;內湖區;士林區;北投區,8630-3185,ghn.hr0240@gmail.com,蘇秀鑾,20250101.0,20261231.0,20241231 11:53:39
奇恩健康有限公司附設新北市私立奇恩居家長照機構,1R0200049,1,新北市,三重區,新北市三重區成功路68之3號1樓,121.4883499146,25.0505943298,B,居家服務,新北市,三重區;新莊區;蘆洲區,2974-0666,hsiuchin0623@gmail.com,馮兆筠,20250101.0,20271231.0,20241218 13:51:58
奇恩健康有限公司附設新北市私立奇恩居家長照機構,1R0200049,1,新北市,三重區,新北市三重區成功路68之3號1樓,121.4883499146,25.0505943298,B,喘息服務,新北市,三重區;新莊區;蘆洲區,2974-0666,hsiuchin0623@gmail.com,馮兆筠,20250101.0,20271231.0,20241218 13:52:34
中華民國治療師暨輔助科技推動協會(社照C),BF0200238,BF,新北市,瑞芳區,新北市瑞芳區瑞芳街38號,,,C,巷弄長照站,新北市,瑞芳區,0224970020,therapistat@gmail.com,柯維喬,20240101.0,20241231.0,20240514 14:40:51
中華躍樂齡創新服務發展協會(社照C),BF0200239,BF,新北市,三重區,新北市三重區集美街75巷27號1樓,,,C,巷弄長照站,新北市,三重區,0287733752,yjhomecare6809@gmail.com,施福忠,20220401.0,20231231.0,20230530 19:08:39
社團法人台灣喜樂家族協會(社照C),BE0200083,BE,新北市,中和區,新北市中和區圓通路167巷3號,,,C,巷弄長照站,新北市,中和區,0920074192,yc82421971@gmail.com,林黃寶彩,20220401.0,20221231.0,20220509 09:05:10
佳醫長照社團法人附設新北市私立觀海住宿長照機構,3R0200004,3,新北市,八里區,新北市八里區頂罟里新北市八里區博物館路183號1樓至4樓,121.4063720703,25.1566429138,B,喘息服務,臺北市,松山區;信義區;大安區;中山區;中正區;大同區;萬華區;文山區;南港區;內湖區;士林區;北投區,8630-3185,ghn.hr0240@gmail.com,蘇秀鑾,20221004.0,20241231.0,20221230 15:07:47
明曜長期照護有限公司附設新北市私立明曜居家長照機構,1V0200073,1,新北市,新莊區,新北市新莊區信義里思源路331號8樓之2,121.4596099854,25.0497398376,B,喘息服務,新北市,板橋區;三重區;中和區;永和區;蘆洲區;五股區;泰山區,0963907070,mingyau.care1966@gmail.com,李曜閣,20250101.0,20271231.0,20241217 15:17:35
明曜長期照護有限公司附設新北市私立明曜居家長照機構,1V0200073,1,新北市,新莊區,新北市新莊區信義里思源路331號8樓之2,121.4596099854,25.0497398376,B,專業照護服務,新北市,板橋區;三重區;中和區;新莊區,0963907070,mingyau.care1966@gmail.com,李曜閣,20220704.0,20241231.0,20220707 09:08:58
碧華居家職能治療所,B50200014,B5,新北市,三重區,新北市三重區富華街98號,121.4912338257,25.0836734772,B,專業照護服務(CC01),桃園市,桃園區;蘆竹區;大園區;龜山區;八德區,0905-395-539,bihuaotclinic@gmail.com,廖皇閔,20231229.0,20251231.0,20240306 16:30:53
碧華居家職能治療所,B50200014,B5,新北市,三重區,新北市三重區富華街98號,121.4912338257,25.0836734772,B,專業照護服務,新北市,板橋區;三重區;新莊區;樹林區;鶯歌區;淡水區;蘆洲區;五股區;泰山區;林口區;三芝區;八里區,0905-395-539,bihuaotclinic@gmail.com,廖皇閔,20250101.0,20271231.0,20241231 14:05:57
新北市私立宥馨居家長照機構,1X0200116,1,新北市,三重區,新北市三重區中正北路71巷5號,121.490814209,25.063325882,B,居家服務,新北市,板橋區;三重區;新莊區;樹林區;蘆洲區,0912579540,love850316love@gmail.com,梅芳綺,20250101.0,20271231.0,20241226 10:53:50
安心好生活股份有限公司附設新北市私立佳醫居家長照機構,1R0200043,1,新北市,三重區,新北市三重區永福街46巷22弄5號,121.4918899536,25.0599155426,B,喘息服務,新北市,三重區;新莊區;淡水區;八里區,(02)2977-6001,carrie516899@gmail.com,蘇秀鑾,20250101.0,20271231.0,20241220 15:28:41
輔仁大學學校財團法人輔仁大學附設醫院,B20200248,B2,新北市,泰山區,新北市泰山區貴子路69號,121.4308013916,25.0396766663,B,居家失能個案家庭醫師照護服務,新北市,新莊區;五股區;泰山區,85128888,tu.hsiumei@gmail.com,黃瑞仁,20250101.0,20271231.0,20241223 10:48:48
社團法人中華民國愛無界長期照顧產業發展協會,BA0200029,BA,新北市,新店區,新北市新店區達觀路8巷3號16樓之1,,,B,交通接送服務,臺北市,松山區;信義區;大安區;中山區;中正區;大同區;萬華區;文山區;南港區;內湖區;士林區;北投區,02-25681379,wakahoowang@gmail.com,陳正川,20220501.0,20221231.0,20220429 10:40:05
新北市板橋區大浮洲發展協進會(浮洲站)(社照C),BF0200230,BF,新北市,板橋區,新北市板橋區大觀路一段28巷50號,,,C,巷弄長照站,新北市,板橋區,0932312636,Yusulan0968679928@gmail.com,林新添,20230101.0,20231231.0,20230630 15:06:52
財團法人新北市基督教新希望教會(中和外南站)(社照C),BD0200067,BD,新北市,中和區,新北市中和區復興路69-1號,,,C,巷弄長照站,新北市,中和區,02-22473040,Poa697243@gmail.com,林淑萍,20210901.0,20221231.0,20220509 08:31:19
新北市八里區龍米社區發展協會(社照C),BG0200051,BG,新北市,八里區,新北市八里區龍源里龍米路1段223-1號,,,C,巷弄長照站,新北市,八里區,02-26182011,longmi249@gmail.com,陳雄,20220101.0,20221231.0,20220429 16:08:42
天勤健康生活事業有限公司附設新北市私立天勤居家長照機構,1V0200070,1,新北市,板橋區,新北市板橋區文化路一段189號7樓之1,121.4629974365,25.0165367126,A,個案管理服務,桃園市,中壢區,2968-9810,tainqin9810@gmail.com,林詠翔,20241029.0,20251231.0,20241029 16:32:55
輔仁大學學校財團法人輔仁大學附設醫院,B20200248,B2,新北市,泰山區,新北市泰山區貴子路69號,121.4308013916,25.0396766663,B,專業照護服務,新北市,新莊區;泰山區,85128888,tu.hsiumei@gmail.com,黃瑞仁,20250101.0,20271231.0,20241223 10:48:31
新北市私立美心居家長照機構,1X0200109,1,新北市,新莊區,新北市新莊區中原東路141號1、2樓,121.3928909302,24.9696216583,B,喘息服務,新北市,板橋區;三重區;新莊區;樹林區;土城區,0937-023785,mayshincare@gmail.com,杜彥甫,20250101.0,20271231.0,20241225 10:01:18
新北市中正愛心關懷協會(福安站)(社照C),BF0200232,BF,新北市,板橋區,新北市板橋區大觀路二段365巷15號,,,C,巷弄長照站,新北市,板橋區,0955707945,Yusulan0968679928@gmail.com,羅宜玲,20230101.0,20231231.0,20230630 15:05:41
新北市銀光志工協會(東安站)(社照C),BF0200235,BF,新北市,板橋區,新北市板橋區海山里漢生東路313巷2弄22號1樓,121.472366333,25.0077800751,C,巷弄長照站,新北市,板橋區,02-29589299,a0910209107@gmail.com,丁紹斌,20230101.0,20231231.0,20230630 15:01:07
天勤健康生活事業有限公司附設新北市私立天勤居家長照機構,1V0200070,1,新北市,板橋區,新北市板橋區文化路一段189號7樓之1,121.4629974365,25.0165367126,B,喘息服務,新北市,板橋區;三重區;中和區;新莊區;新店區;汐止區;土城區;蘆洲區,2968-9810,tainqin9810@gmail.com,林詠翔,20250101.0,20271231.0,20241227 15:57:02
社團法人臺北市社區照護發展促進協會(社照C),BE0200081,BE,新北市,中和區,新北市中和區中正路1206巷2號,,,C,巷弄長照站,新北市,中和區,02-77467520,care.nursing1027@gmail.com,曾駿清,20210901.0,20221231.0,20220506 17:09:24
新北市淡水區文化里辦公處(社照C),BG0200053,BG,新北市,淡水區,新北市淡水區文化里14鄰新民街71號,,,C,巷弄長照站,新北市,淡水區,0932256728,meihsiang1228@yahoo.com.tw,彭梅香,20220101.0,20231231.0,20230628 15:19:52
天勤健康生活事業有限公司附設新北市私立天勤居家長照機構,1V0200070,1,新北市,板橋區,新北市板橋區文化路一段189號7樓之1,121.4629974365,25.0165367126,B,居家服務,新北市,板橋區;三重區;中和區;新莊區;新店區;汐止區;土城區;蘆洲區,2968-9810,tainqin9810@gmail.com,林詠翔,20250101.0,20271231.0,20241227 15:56:19
順心居家長照有限公司附設新北市私立順心居家長照機構,1R0200045,1,新北市,板橋區,新北市板橋區和平路安樂巷53號1樓,121.4623641968,24.9931755066,B,喘息服務,新北市,板橋區;中和區;樹林區;土城區,02-22651155,liking2022tw@gmail.com,廖信彰,20250101.0,20271231.0,20241204 10:11:34
新北市私立美心居家長照機構,1X0200109,1,新北市,新莊區,新北市新莊區中原東路141號1、2樓,121.3928909302,24.9696216583,B,居家服務,新北市,板橋區;三重區;新莊區;樹林區;土城區,0937-023785,mayshincare@gmail.com,杜彥甫,20250101.0,20271231.0,20241225 10:00:49
社團法人中華麥田關懷協會(五峯站)(社照C),BF0200223,BF,新北市,新店區,新北市新店區五峯里1鄰北新路一段92號2樓,,,C,巷弄長照站,新北市,新店區,02-29133936,wheatland1743@gmail.com,呂瑞香,20220201.0,20221231.0,20220502 14:15:28
新北市八德愛心關懷協會(社照C),BF0200226,BF,新北市,板橋區,新北市板橋區忠翠里雙十路二段47巷2弄33號,121.4750213623,25.0266990662,C,巷弄長照站,新北市,板橋區,0920088939,jg048@yahoo.com.tw,李高榮,20240101.0,20241231.0,20240531 21:14:53
財團法人台北市基督教台灣貴格會土城教會(社照C),BD0200068,BD,新北市,土城區,新北市土城區金城路三段67號5樓,,,C,巷弄長照站,新北市,土城區,0908593772,tadaw0722@gmail.com,林文華,20220301.0,20221231.0,20220509 08:54:27
賀康居家有限公司附設新北市私立賀康居家長照機構,1R0200047,1,新北市,永和區,新北市永和區保福路三段1之3號,121.5127410889,25.0079174042,A,個案管理服務,新北市,永和區,0986360980,thedog04236@gmail.com,許恬琪,20250101.0,20250630.0,20241231 16:38:06
禾倉健康事業有限公司附設新北市私立禾倉居家長照機構,1V0200074,1,新北市,林口區,新北市林口區東勢里忠孝路605號1樓,121.3779983521,25.0680007935,B,居家服務,新北市,新莊區;泰山區;林口區,0975875950,yyntseng@gmail.com,陳怡安,20250101.0,20271231.0,20241213 14:54:07
格霖有限公司附設新北市私立格霖居家長照機構,1R0200042,1,新北市,三重區,新北市三重區重新路4段97號22樓之一,121.485786438,25.0547790527,B,居家服務,新北市,三重區;新莊區;蘆洲區,02-29720159,lin1006820138@gmail.com,郭鈞庭,20250101.0,20271231.0,20241223 15:30:49
格霖有限公司附設新北市私立格霖居家長照機構,1R0200042,1,新北市,三重區,新北市三重區重新路4段97號22樓之一,121.485786438,25.0547790527,B,喘息服務,新北市,三重區;新莊區;蘆洲區,02-29720159,lin1006820138@gmail.com,郭鈞庭,20250101.0,20271231.0,20241223 15:31:12
天勤健康生活事業有限公司附設新北市私立天勤居家長照機構,1V0200070,1,新北市,板橋區,新北市板橋區文化路一段189號7樓之1,121.4629974365,25.0165367126,A,個案管理服務,新北市,汐止區,2968-9810,tainqin9810@gmail.com,林詠翔,20250101.0,20250630.0,20241231 16:38:34
順心居家長照有限公司附設新北市私立順心居家長照機構,1R0200045,1,新北市,板橋區,新北市板橋區和平路安樂巷53號1樓,121.4623641968,24.9931755066,B,居家服務,新北市,板橋區;中和區;樹林區;土城區,02-22651155,liking2022tw@gmail.com,廖信彰,20250101.0,20271231.0,20241204 10:11:05
新北市新店區大鵬忠孝社區發展協會(社照C),BF0200224,BF,新北市,新店區,"新北市新店區大鵬里4鄰中正路700巷26號2,3樓",121.534942627,24.9914226532,C,巷弄長照站,新北市,新店區,0921827609,pontsoun@yahoo.com.tw,周崇文,20220101.0,20221231.0,20220502 14:16:01
社團法人中華關懷身心促進發展協會(秀峰站)(社照C),BE0200082,BE,新北市,汐止區,新北市汐止區忠孝東路9號,121.6574707031,25.0643291473,C,巷弄長照站,新北市,汐止區,0919551373,finichu2@yahoo.com.tw,張贊洪,20240101.0,20241231.0,20240514 13:49:33
賀康居家有限公司附設新北市私立賀康居家長照機構,1R0200047,1,新北市,永和區,新北市永和區保福路三段1之3號,121.5127410889,25.0079174042,B,專業照護服務,新北市,板橋區;中和區;永和區;新莊區,0986360980,thedog04236@gmail.com,許恬琪,20220615.0,20241231.0,20220617 16:17:41
新北市大社后愛心關懷協會(香社站)(長照C),BF0200229,BF,新北市,板橋區,新北市板橋區中正路275巷69號1樓,,,C,巷弄長照站,新北市,板橋區,0937502067,Yusulan0968679928@gmail.com,許金富,20230101.0,20231231.0,20230630 15:00:38
禾倉健康事業有限公司附設新北市私立禾倉居家長照機構,1V0200074,1,新北市,林口區,新北市林口區東勢里忠孝路605號1樓,121.3779983521,25.0680007935,B,喘息服務,新北市,新莊區;泰山區;林口區,0975875950,yyntseng@gmail.com,陳怡安,20250101.0,20271231.0,20241213 14:54:42
賀康居家有限公司附設新北市私立賀康居家長照機構,1R0200047,1,新北市,永和區,新北市永和區保福路三段1之3號,121.5127410889,25.0079174042,B,居家服務,新北市,板橋區;三重區;中和區;永和區;新莊區,0986360980,thedog04236@gmail.com,許恬琪,20250101.0,20271231.0,20250109 15:07:35
和敬健康股份有限公司附設新北市私立和敬居家長照機構,1V0200078,1,新北市,板橋區,新北市板橋區中山路一段293-1號7樓之1(705室),121.4706420898,25.0144062042,B,居家服務,新北市,板橋區;新莊區,0988-597-939,hejing2023@gmail.com,鄭廸文,20250101.0,20271231.0,20241223 15:24:25
和敬健康股份有限公司附設新北市私立和敬居家長照機構,1V0200078,1,新北市,板橋區,新北市板橋區中山路一段293-1號7樓之1(705室),121.4706420898,25.0144062042,B,喘息服務,新北市,板橋區;新莊區,0988-597-939,hejing2023@gmail.com,鄭廸文,20250101.0,20271231.0,20241223 15:24:52
康齡聯合健康事業股份有限公司附設新北市私立康齡家美社區長照機構,2V0200005,2,新北市,中和區,新北市中和區連和里17鄰中山路2段327巷3號5樓,121.4934082031,25.00141716,B,日間照顧服務,新北市,板橋區;三重區;中和區;永和區;新莊區;新店區;樹林區;三峽區;土城區;蘆洲區;五股區;泰山區,02-22420800,ciudaycare@gmail.com,黃明發,20250101.0,20271231.0,20241218 13:37:28
福雲添健康事業企業社附設新北市私立福雲添居家長照機構,1V0200076,1,新北市,新莊區,新北市新莊區西盛里新樹路613之11號1樓,121.4339599609,25.003780365,B,居家服務,新北市,新莊區;樹林區;三峽區,0908874301,isabel.new@gmail.com,楊君強,20250101.0,20271231.0,20241213 14:57:43
博森健康有限公司附設新北市私立博森居家長照機構,1V0200075,1,新北市,新店區,新北市新店區百忍里三民路84巷2號1樓,121.5346679688,24.9727325439,B,喘息服務,新北市,板橋區;中和區;永和區;新店區;深坑區;石碇區,0970-828889,bosenltc@gmail.com,陳維綸,20250101.0,20271231.0,20241226 15:54:47
社團法人中華民國新生活社會福利發展促進會(金山豐漁站)(社照C),BE0200085,BE,新北市,金山區,新北市金山區豐漁里民生路190號,121.6466598511,25.2228126526,C,巷弄長照站,新北市,金山區,02-26368398,Lkd0901@newlifesw.org.tw,蘇興李,20220801.0,20221231.0,20220802 17:21:46
台灣頤樂園有限公司附設新北市私立熊大心居家長照機構,1V0200079,1,新北市,新莊區,新北市新莊區中原里新北大道四段171號2樓(YS-206室),121.44581604,25.058631897,B,喘息服務,新北市,板橋區;中和區;新莊區;樹林區;土城區;泰山區,0987132111,Shhc1966@gmail.com,李承晉,20250101.0,20271231.0,20241224 16:23:33
新北市私立護老安心居家長照機構,1X0200117,1,新北市,新莊區,新北市新莊區中隆里中華路二段147號2樓,121.4594497681,25.060251236,B,居家服務,新北市,板橋區;中和區;永和區;新莊區;五股區,0906280082,Womans1491@gmail.com,洪淑華,20250101.0,20271231.0,20241224 14:05:10
新北市私立護老安心居家長照機構,1X0200117,1,新北市,新莊區,新北市新莊區中隆里中華路二段147號2樓,121.4594497681,25.060251236,B,喘息服務,新北市,板橋區;中和區;永和區;新莊區;五股區,0906280082,Womans1491@gmail.com,洪淑華,20250101.0,20271231.0,20241224 14:06:31
台灣頤樂園有限公司附設新北市私立熊大心居家長照機構,1V0200079,1,新北市,新莊區,新北市新莊區中原里新北大道四段171號2樓(YS-206室),121.44581604,25.058631897,B,居家服務,新北市,板橋區;中和區;新莊區;樹林區;土城區;泰山區,0987132111,Shhc1966@gmail.com,李承晉,20250101.0,20271231.0,20241224 16:23:05
全人健康管理顧問有限公司附設新北市私立維愛居家長照機構,1R0200050,1,新北市,土城區,新北市土城區青雲路163號8樓,121.445350647,24.9858093262,B,居家服務,新北市,板橋區;中和區;永和區;土城區,0982-077130,kamawang168@gmail.com,王乾丞 ,20250101.0,20271231.0,20241227 11:05:52
新北市私立宥馨居家長照機構,1X0200116,1,新北市,三重區,新北市三重區中正北路71巷5號,121.490814209,25.063325882,B,喘息服務,新北市,板橋區;三重區;新莊區;樹林區;蘆洲區,0912579540,love850316love@gmail.com,梅芳綺,20250101.0,20271231.0,20241226 10:54:25
博森健康有限公司附設新北市私立博森居家長照機構,1V0200075,1,新北市,新店區,新北市新店區百忍里三民路84巷2號1樓,121.5346679688,24.9727325439,B,居家服務,新北市,板橋區;中和區;永和區;新店區;深坑區;石碇區,0970-828889,bosenltc@gmail.com,陳維綸,20250101.0,20271231.0,20241226 15:54:16
福雲添健康事業企業社附設新北市私立福雲添居家長照機構,1V0200076,1,新北市,新莊區,新北市新莊區西盛里新樹路613之11號1樓,121.4339599609,25.003780365,B,喘息服務,新北市,新莊區;樹林區;三峽區,0908874301,isabel.new@gmail.com,楊君強,20250101.0,20271231.0,20241213 14:58:15
賀康居家有限公司附設新北市私立賀康居家長照機構,1R0200047,1,新北市,永和區,新北市永和區保福路三段1之3號,121.5127410889,25.0079174042,B,喘息服務,新北市,板橋區;三重區;中和區;永和區;新莊區,0986360980,thedog04236@gmail.com,許恬琪,20250101.0,20271231.0,20250109 15:09:58
康齡聯合健康事業股份有限公司附設新北市私立康齡家美社區長照機構,2V0200005,2,新北市,中和區,新北市中和區連和里17鄰中山路2段327巷3號5樓,121.4934082031,25.00141716,B,喘息服務,新北市,板橋區;三重區;中和區;永和區;新莊區;新店區;樹林區;三峽區;土城區;蘆洲區;五股區;泰山區,02-22420800,ciudaycare@gmail.com,黃明發,20250101.0,20271231.0,20241218 13:38:15
台灣居護股份有限公司附設新北市私立樹林叁角梅社區長照機構,2R0200010,2,新北市,樹林區,新北市樹林區樹新路40之7號2樓,121.4285202026,24.9961395264,B,日間照顧服務,新北市,板橋區;新莊區;樹林區;土城區;泰山區,02-82588088,sldaycare@thn-buurtzorg.com,汪秋蓉,20250101.0,20271231.0,20241216 10:37:45
台灣居護股份有限公司附設新北市私立樹林叁角梅社區長照機構,2R0200010,2,新北市,樹林區,新北市樹林區樹新路40之7號2樓,121.4285202026,24.9961395264,B,喘息服務,新北市,板橋區;新莊區;樹林區;土城區;泰山區,02-82588088,sldaycare@thn-buurtzorg.com,汪秋蓉,20250101.0,20271231.0,20241216 10:38:22
財團法人弘道老人福利基金會附設新北市私立金山老拾光社區長照機構,2S0200035,2,新北市,金山區,新北市金山區民生路59號4樓,121.6411361694,25.2204380035,B,日間照顧服務,新北市,石門區;金山區;萬里區,(02)2498-0204,hondao-tp@hondao.org.tw,王乃弘,20250101.0,20271231.0,20241224 09:01:06
新北市私立芸安居家長照機構,1X0200120,1,新北市,樹林區,新北市樹林區八德街652號1樓(含夾層),121.3965377808,24.9692935944,B,喘息服務,新北市,樹林區;三峽區;土城區,02-86871413,yunan1070930@gmail.com,林宗賢,20250101.0,20271231.0,20241224 10:41:07
樂意健康生活有限公司附設新北市私立樂意居家長照機構,1V0200077,1,新北市,新莊區,新北市新莊區中原里新北大道四段179號10樓之2,121.4459152222,25.0583133698,B,居家服務,新北市,板橋區;新莊區;土城區;五股區;泰山區,0983382206,willingness2200@gmail.com,康汀明,20250101.0,20271231.0,20241216 09:00:45
樂意健康生活有限公司附設新北市私立樂意居家長照機構,1V0200077,1,新北市,新莊區,新北市新莊區中原里新北大道四段179號10樓之2,121.4459152222,25.0583133698,B,喘息服務,新北市,板橋區;新莊區;土城區;五股區;泰山區,0983382206,willingness2200@gmail.com,康汀明,20250101.0,20271231.0,20241216 09:01:25
肯康樂活股份有限公司附設新北市私立肯康三峽社區長照機構,2R0200012,2,新北市,三峽區,新北市三峽區礁溪里29鄰中華路13-5號2樓,121.3736038208,24.9320068359,B,喘息服務,新北市,樹林區;鶯歌區;三峽區;土城區,02-8672-3456,kkcare2022@gmail.com,謝宗運,20250101.0,20271231.0,20241219 11:20:49
樂齡智慧有限公司附設新北市私立里好綜合式長照機構,4R0200003,4,新北市,三重區,新北市三重區三和路二段30號5樓,121.5001678467,25.0676879883,B,居家服務,新北市,三重區;新莊區;蘆洲區;五股區;泰山區,29766060#21,service@lihodaycare.com,李福睿,20250101.0,20271231.0,20250221 09:27:06
樂齡智慧有限公司附設新北市私立里好綜合式長照機構,4R0200003,4,新北市,三重區,新北市三重區三和路二段30號5樓,121.5001678467,25.0676879883,B,喘息服務,新北市,三重區;新莊區;蘆洲區;五股區;泰山區,29766060#21,service@lihodaycare.com,李福睿,20250101.0,20271231.0,20250221 09:26:49
新北市私立天晴居家長照機構,1X0200123,1,新北市,新店區,新北市新店區安德街85號2樓,121.5095748901,24.9609375,B,居家服務,新北市,新店區,0910984434,kevinlee0705888@gmail.com,李昊,20250101.0,20271231.0,20241213 09:37:12
新北市私立天晴居家長照機構,1X0200123,1,新北市,新店區,新北市新店區安德街85號2樓,121.5095748901,24.9609375,B,喘息服務,新北市,新店區,0910984434,kevinlee0705888@gmail.com,李昊,20250101.0,20271231.0,20241213 09:37:36
財團法人弘道老人福利基金會附設新北市私立金山老拾光社區長照機構,2S0200035,2,新北市,金山區,新北市金山區民生路59號4樓,121.6411361694,25.2204380035,B,喘息服務,新北市,石門區;金山區;萬里區,(02)2498-0204,hondao-tp@hondao.org.tw,王乃弘,20250101.0,20271231.0,20241224 09:01:41
新北市私立馨樂居家長照機構,1X0200118,1,新北市,鶯歌區,新北市鶯歌區重慶街42號2樓,121.3500366211,24.9520721436,B,居家服務,新北市,樹林區;鶯歌區;三峽區,0952730119,bbgin2002@yahoo.com.tw,林雅慧,20250101.0,20271231.0,20241219 15:00:43
肯康樂活股份有限公司附設新北市私立肯康三峽社區長照機構,2R0200012,2,新北市,三峽區,新北市三峽區礁溪里29鄰中華路13-5號2樓,121.3736038208,24.9320068359,B,日間照顧服務,新北市,樹林區;鶯歌區;三峽區;土城區,02-8672-3456,kkcare2022@gmail.com,謝宗運,20250101.0,20271231.0,20241219 11:20:23
福鷺社會企業有限公司附設新北市私立希望城市社區長照機構,2R0200013,2,新北市,蘆洲區,新北市蘆洲區保新里三民路368-2號1樓,121.4645843506,25.0905418396,B,喘息服務,新北市,板橋區;三重區;新莊區;蘆洲區;五股區,82850601,Fuluseltc@gmail.com,張凱智,20250101.0,20271231.0,20241231 11:53:06
福鷺社會企業有限公司附設新北市私立希望城市社區長照機構,2R0200013,2,新北市,蘆洲區,新北市蘆洲區保新里三民路368-2號1樓,121.4645843506,25.0905418396,B,日間照顧服務,新北市,板橋區;三重區;新莊區;蘆洲區;五股區,82850601,Fuluseltc@gmail.com,張凱智,20250101.0,20271231.0,20241231 11:52:44
青悠事業有限公司附設新北市私立青悠居家長照機構,1V0200084,1,新北市,泰山區,新北市泰山區明志路三段145巷8弄2號1樓,121.4257125854,25.0396366119,B,居家服務,新北市,三重區;新莊區;樹林區;蘆洲區;泰山區,0981914883,wendy1250605qucom@gmail.com,宋韋慶,20250101.0,20271231.0,20241224 09:29:16
青悠事業有限公司附設新北市私立青悠居家長照機構,1V0200084,1,新北市,泰山區,新北市泰山區明志路三段145巷8弄2號1樓,121.4257125854,25.0396366119,B,喘息服務,新北市,三重區;新莊區;樹林區;蘆洲區;泰山區,0981914883,wendy1250605qucom@gmail.com,宋韋慶,20250101.0,20271231.0,20241224 09:29:45
全人健康管理顧問有限公司附設新北市私立維愛居家長照機構,1R0200050,1,新北市,土城區,新北市土城區青雲路163號8樓,121.445350647,24.9858093262,B,喘息服務,新北市,板橋區;中和區;永和區;土城區,0982-077130,kamawang168@gmail.com,王乾丞 ,20250101.0,20271231.0,20241227 11:06:16
新北市私立馨樂居家長照機構,1X0200118,1,新北市,鶯歌區,新北市鶯歌區重慶街42號2樓,121.3500366211,24.9520721436,B,喘息服務,新北市,樹林區;鶯歌區;三峽區,0952730119,bbgin2002@yahoo.com.tw,林雅慧,20250101.0,20271231.0,20241219 15:01:47
善誠健康事業股份有限公司附設新北市私立三重善誠居家長照機構,1R0200054,1,新北市,三重區,新北市三重區仁愛街99號1樓,121.495765686,25.0738239288,B,居家服務,新北市,三重區;新莊區;蘆洲區;金山區;萬里區,0917500935,ltcservice@suncherish.com.tw,林仁德,20250101.0,20271231.0,20241226 14:08:01
新北市私立芸安居家長照機構,1X0200120,1,新北市,樹林區,新北市樹林區八德街652號1樓(含夾層),121.3965377808,24.9692935944,B,居家服務,新北市,樹林區;三峽區;土城區,02-86871413,yunan1070930@gmail.com,林宗賢,20250101.0,20271231.0,20241224 10:40:35
善誠健康事業股份有限公司附設新北市私立三重善誠居家長照機構,1R0200054,1,新北市,三重區,新北市三重區仁愛街99號1樓,121.495765686,25.0738239288,B,喘息服務,新北市,三重區;新莊區;蘆洲區;金山區;萬里區,0917500935,ltcservice@suncherish.com.tw,林仁德,20250101.0,20271231.0,20241226 14:08:36
新北市私立禾心居家長照機構,1X0200122,1,新北市,板橋區,新北市板橋區文化路一段178號3樓,121.4592437744,24.9786453247,B,喘息服務,新北市,板橋區;永和區;土城區,0986-790084,hehsin2022@gmail.com,王綉文,20250101.0,20271231.0,20241217 11:03:04
樂齡智慧有限公司附設新北市私立里好綜合式長照機構,4R0200003,4,新北市,三重區,新北市三重區三和路二段30號5樓,121.5001678467,25.0676879883,B,日間照顧服務,新北市,三重區;新莊區;蘆洲區;五股區;泰山區,29766060#21,service@lihodaycare.com,李福睿,20250101.0,20271231.0,20250221 09:26:58
新北市私立添吉社區長照機構,2X0200019,2,新北市,板橋區,新北市板橋區五權里和平路31號、33號5樓,121.4600372314,24.9953937531,B,喘息服務,新北市,板橋區;中和區;新莊區;樹林區;土城區,2962-0368,engr1018@gmail.com,古兆興,20250101.0,20271231.0,20241129 16:20:41
九如聯合診所,B20200253,B2,新北市,三重區,新北市三重區仁愛街753號,121.4813766479,25.0803375244,B,居家失能個案家庭醫師照護服務,新北市,三重區;蘆洲區,2857-5600,asthma_win@hotmail.com,陳德皓,20250101.0,20271231.0,20250113 16:08:45
新北市私立禾心居家長照機構,1X0200122,1,新北市,板橋區,新北市板橋區文化路一段178號3樓,121.4592437744,24.9786453247,B,居家服務,新北市,板橋區;永和區;土城區,0986-790084,hehsin2022@gmail.com,王綉文,20250101.0,20271231.0,20241217 11:02:33
青華家鏈照股份有限公司附設新北市私立青華樂活居家長照機構,1V0200080,1,新北市,永和區,新北市永和區永和路二段233號5樓508室,121.5154647827,25.0141735077,B,居家服務,新北市,三重區;中和區;永和區;新莊區;蘆洲區,2233-1052,cloverjoe0910@gmail.com,林青榖,20250101.0,20271231.0,20241231 11:37:24
善誠健康事業股份有限公司附設新北市私立三重善誠居家長照機構,1R0200054,1,新北市,三重區,新北市三重區仁愛街99號1樓,121.495765686,25.0738239288,B,專業照護服務,新北市,三重區;新莊區,0917500935,ltcservice@suncherish.com.tw,林仁德,20221128.0,20241231.0,20221201 10:53:21
財團法人伊甸社會福利基金會附設新北市私立八里耆福綜合長照機構,4S0200004,4,新北市,八里區,新北市八里區舊城路19號3樓,121.3998641968,25.1465816498,B,日間照顧服務,新北市,淡水區;八里區,26100017,eden10911@eden.org.tw,陳宇昭,20250101.0,20271231.0,20241225 11:43:58
財團法人伊甸社會福利基金會附設新北市私立八里耆福綜合長照機構,4S0200004,4,新北市,八里區,新北市八里區舊城路19號3樓,121.3998641968,25.1465816498,B,喘息服務,新北市,淡水區;八里區,26100017,eden10911@eden.org.tw,陳宇昭,20250101.0,20271231.0,20241225 11:44:22
新北市私立寶喜悅居家長照機構,1X0200119,1,新北市,永和區,新北市永和區中山路一段311號6樓(B室),121.5059967041,25.0064868927,B,居家服務,新北市,板橋區;中和區;永和區;新店區;林口區,2926-1577,xiyuebao@gmail.com,劉其昌,20250101.0,20271231.0,20241204 14:56:45
新北市私立寶喜悅居家長照機構,1X0200119,1,新北市,永和區,新北市永和區中山路一段311號6樓(B室),121.5059967041,25.0064868927,B,喘息服務,新北市,中和區;永和區;新店區;林口區,2926-1577,xiyuebao@gmail.com,劉其昌,20250101.0,20271231.0,20241204 14:57:34
青華家鏈照股份有限公司附設新北市私立青華樂活居家長照機構,1V0200080,1,新北市,永和區,新北市永和區永和路二段233號5樓508室,121.5154647827,25.0141735077,B,喘息服務,新北市,三重區;中和區;永和區;新莊區;蘆洲區,2233-1052,cloverjoe0910@gmail.com,林青榖,20250101.0,20271231.0,20241231 11:37:50
中華全齡關懷協會(三重文化站)(社照C),BF0200248,BF,新北市,三重區,新北市三重區文化里平安街26號,121.4984436035,25.0641803741,C,巷弄長照站,新北市,三重區,(02)5574-0079,caaca88238079@gmail.com,邱玉亭,20220601.0,20231231.0,20230530 19:08:56
熊大心有限公司附設新北市私立熊大心居家長照機構,1R0200052,1,新北市,汐止區,新北市汐止區中興里福德一路262號3樓,121.6329498291,25.0643692017,B,喘息服務,新北市,汐止區;深坑區;石碇區,0936522227,bear202209@gmail.com,劉威廷,20250101.0,20271231.0,20241203 14:28:24
財團法人伊甸社會福利基金會附設新北市私立八里耆福綜合長照機構,4S0200004,4,新北市,八里區,新北市八里區舊城路19號3樓,121.3998641968,25.1465816498,B,居家服務,新北市,八里區,26100017,eden10911@eden.org.tw,陳宇昭,20250101.0,20271231.0,20241225 11:43:41
新北市永樂環保協會(社照C),BF0200244,BF,新北市,板橋區,新北市板橋區嵐翠里文聖街89巷4號1樓,121.4776687622,25.0300064087,C,巷弄長照站,新北市,板橋區,02-2251-1104,sasha129@ms47.hinet.net,林彥綱,20240101.0,20241231.0,20240531 21:19:46
友伴瑞智居家職能治療所,B50200015,B5,新北市,新莊區,新北市新莊區立言里新泰路253號2樓,121.4214935303,25.0253047943,B,專業照護服務(CC01),新北市,板橋區;三重區;中和區;永和區;新莊區;新店區;樹林區;土城區;蘆洲區;林口區,02-22026215,smartfriendsclinic@gmail.com,胡哲睿,20250101.0,20271231.0,20241213 10:30:51
友伴瑞智居家職能治療所,B50200015,B5,新北市,新莊區,新北市新莊區立言里新泰路253號2樓,121.4214935303,25.0253047943,B,專業照護服務(CC01),新北市,板橋區;三重區;中和區;永和區;新莊區;新店區;樹林區;鶯歌區;三峽區;淡水區;汐止區;瑞芳區;土城區;蘆洲區;五股區;泰山區;林口區;深坑區;石碇區;坪林區;三芝區;石門區;八里區;平溪區;雙溪區;貢寮區;金山區;萬里區;烏來區,02-22026215,smartfriendsclinic@gmail.com,胡哲睿,20221017.0,20241231.0,20230802 17:19:14
順享有限公司附設新北市私立順享居家長照機構,1R0200055,1,新北市,三重區,新北市三重區三寧街31號1樓,121.4903335571,25.0599193573,B,居家服務,新北市,板橋區;三重區;新莊區,29889968,shuen589@gmail.com,黃明順,20250101.0,20271231.0,20241219 11:08:56
友伴瑞智居家職能治療所,B50200015,B5,新北市,新莊區,新北市新莊區立言里新泰路253號2樓,121.4214935303,25.0253047943,B,專業照護服務,新北市,板橋區;三重區;中和區;永和區;新莊區;新店區;樹林區;土城區;蘆洲區;林口區,02-22026215,smartfriendsclinic@gmail.com,胡哲睿,20250101.0,20271231.0,20241213 10:29:57
友伴瑞智居家職能治療所,B50200015,B5,新北市,新莊區,新北市新莊區立言里新泰路253號2樓,121.4214935303,25.0253047943,B,專業照護服務,新北市,板橋區;三重區;中和區;永和區;新莊區;新店區;樹林區;土城區;蘆洲區;林口區,02-22026215,smartfriendsclinic@gmail.com,胡哲睿,20221017.0,20241231.0,20230804 08:57:51
善誠健康事業股份有限公司附設新北市私立林口善誠居家長照機構,1V0200082,1,新北市,林口區,新北市林口區湖南里文化三路二段77巷29號1樓,121.3735275269,25.0804481506,B,居家服務,新北市,五股區;泰山區;林口區,02-27392222#3706,ltcservice@suncherish.com.tw,林仁德,20250101.0,20271231.0,20250205 14:45:44
新北市毘努伊勒兒少關懷協會(社照C),BF0200245,BF,新北市,淡水區,新北市淡水區新民里新民街120巷43號B1,121.4417495728,25.1798706055,C,巷弄長照站,新北市,淡水區,02-2622-2766,samwang781103@gmail.com,郭雅玲,20200701.0,20231231.0,20230628 15:16:09
社團法人中華民國士林靈糧堂社會福利協會附設新北市私立三重興穀社區長照機構,2R0200014,2,新北市,三重區,新北市三重區五谷里五谷王北街48巷18號1樓,121.4751739502,25.050775528,B,小規模多機能服務,新北市,板橋區;三重區;新莊區;蘆洲區;五股區;泰山區,22789015,triple@slsc.org.tw,劉群茂,20250101.0,20271231.0,20250103 11:42:31
好日居家長照有限公司附設新北市私立好日居家長照機構,1X0200124,1,新北市,蘆洲區,新北市蘆洲區中山一路161號3樓R05室,121.475479126,25.0814914703,B,居家服務,新北市,三重區;蘆洲區;五股區,8286-7492 ,Hozidays111@gmail.com,陳瓊怡,20250101.0,20271231.0,20241223 14:17:44
新北市私立添吉社區長照機構,2X0200019,2,新北市,板橋區,新北市板橋區五權里和平路31號、33號5樓,121.4600372314,24.9953937531,B,日間照顧服務,新北市,板橋區;中和區;新莊區;樹林區;土城區,2962-0368,engr1018@gmail.com,古兆興,20250101.0,20271231.0,20241129 16:20:05
新北市私立宜真宜悅社區長照機構,2X0200021,2,新北市,板橋區,新北市板橋區鄉雲里010鄰四川路二段16巷5號2樓,121.4558105469,24.9971981049,B,日間照顧服務,新北市,板橋區;中和區;永和區;新莊區;樹林區;土城區;五股區;泰山區,02-8966-0889,carlchang31@gmail.com,張志祥,20250101.0,20271231.0,20241226 15:58:00
新北市私立宜真宜悅社區長照機構,2X0200021,2,新北市,板橋區,新北市板橋區鄉雲里010鄰四川路二段16巷5號2樓,121.4558105469,24.9971981049,B,喘息服務,新北市,板橋區;中和區;永和區;新莊區;樹林區;土城區;五股區;泰山區,02-8966-0889,carlchang31@gmail.com,張志祥,20250101.0,20271231.0,20241226 15:58:38
新北市私立吉家居家長照機構,1X0200129,1,新北市,板橋區,新北市板橋區四維路291巷4弄12號1樓,121.4623641968,25.0285282135,B,居家服務,新北市,板橋區;三重區,02-2258-3776,jijia.hc@gmail.com,陳安宇,20250101.0,20271231.0,20241219 14:51:06
明倉健康事業股份有限公司附設新北市私立明倉居家長照機構,1R0200056,1,新北市,林口區,新北市林口區麗林里忠孝路376巷53號1樓,121.3683395386,25.0703430176,B,喘息服務,新北市,板橋區;新莊區;樹林區;五股區;泰山區;林口區,02-2609-6468,mingcangcare@gmail.com,黃周月桂,20250101.0,20271231.0,20241218 14:54:27
明倉健康事業股份有限公司附設新北市私立明倉居家長照機構,1R0200056,1,新北市,林口區,新北市林口區麗林里忠孝路376巷53號1樓,121.3683395386,25.0703430176,B,專業照護服務,新北市,板橋區;新莊區;林口區,02-2609-6468,mingcangcare@gmail.com,黃周月桂,20250101.0,20271231.0,20241218 14:54:49
新北市私立宜真宜家社區長照機構,2X0200020,2,新北市,三重區,新北市三重區忠孝路三段36號1、2樓,121.4812545776,25.0665740967,B,喘息服務,新北市,三重區;新莊區;蘆洲區;五股區;泰山區,8988-3991,yimin60_04_25@yahoo.com.tw,冉宜民,20250101.0,20271231.0,20241205 11:12:25
新北市運動樂活促進會,BG0200056,BG,新北市,三重區,新北市三重區五華里五華街71巷86號,121.4941482544,25.0843048096,C,巷弄長照站,新北市,三重區,2989-9369,hmbti@seed.net.tw,陳惠娟,20220801.0,20231231.0,20230530 19:15:18
社團法人中華民國士林靈糧堂社會福利協會附設新北市私立三重興穀社區長照機構,2R0200014,2,新北市,三重區,新北市三重區五谷里五谷王北街48巷18號1樓,121.4751739502,25.050775528,B,日間照顧服務,新北市,板橋區;三重區;新莊區;蘆洲區;五股區;泰山區,22789015,triple@slsc.org.tw,劉群茂,20250101.0,20271231.0,20250103 11:43:48
明倉健康事業股份有限公司附設新北市私立明倉居家長照機構,1R0200056,1,新北市,林口區,新北市林口區麗林里忠孝路376巷53號1樓,121.3683395386,25.0703430176,B,專業照護服務,新北市,板橋區;新莊區;林口區,02-2609-6468,mingcangcare@gmail.com,黃周月桂,20230222.0,20241231.0,20230224 14:54:19
互照有限公司附設新北市私立春天居家長照機構,1V0200086,1,新北市,板橋區,新北市板橋區縣民大道一段271號4樓,121.4603500366,25.0099182129,B,喘息服務,新北市,板橋區,0926-920-597,weilinghoho0721@gmail.com,吳坤裕,20250101.0,20271231.0,20241225 10:21:13
互照有限公司附設新北市私立春天居家長照機構,1V0200086,1,新北市,板橋區,新北市板橋區縣民大道一段271號4樓,121.4603500366,25.0099182129,B,居家服務,新北市,板橋區,0926-920-597,weilinghoho0721@gmail.com,吳坤裕,20250101.0,20271231.0,20241225 10:20:53
新北市私立宜真宜家社區長照機構,2X0200020,2,新北市,三重區,新北市三重區忠孝路三段36號1、2樓,121.4812545776,25.0665740967,B,日間照顧服務,新北市,三重區;新莊區;蘆洲區;泰山區;林口區,8988-3991,yimin60_04_25@yahoo.com.tw,冉宜民,20250101.0,20271231.0,20241205 11:11:42
社團法人中華民國士林靈糧堂社會福利協會附設新北市私立三芝綜合長照機構,4R0200002,4,新北市,三芝區,新北市三芝區埔坪里民生街31號1樓,121.5035629272,25.256401062,B,小規模多機能服務,新北市,淡水區;三芝區;石門區,02-26561700,sanzhi@slsc.org.tw,劉群茂,20250101.0,20271231.0,20241227 16:06:26
社團法人中華民國士林靈糧堂社會福利協會附設新北市私立三芝綜合長照機構,4R0200002,4,新北市,三芝區,新北市三芝區埔坪里民生街31號1樓,121.5035629272,25.256401062,B,喘息服務,新北市,淡水區;三芝區;石門區,02-26561700,sanzhi@slsc.org.tw,劉群茂,20250101.0,20271231.0,20241227 16:06:50
社團法人中華民國士林靈糧堂社會福利協會附設新北市私立三芝綜合長照機構,4R0200002,4,新北市,三芝區,新北市三芝區埔坪里民生街31號1樓,121.5035629272,25.256401062,B,居家服務,新北市,淡水區;三芝區;石門區,02-26561700,sanzhi@slsc.org.tw,劉群茂,20250101.0,20271231.0,20241227 16:07:11
中華全齡關懷協會(土城中正站)(社照C),BF0200241,BF,新北市,土城區,新北市土城區中正里裕民路185巷8號,121.4536437988,24.9848976135,C,巷弄長照站,新北市,土城區,02-2270-5877,caaca88238079@gmail.com,邱玉亭,20220801.0,20221231.0,20220929 11:43:53
新北市淡水區幸福里辦公處(社照C),BG0200058,BG,新北市,淡水區,新北市淡水區幸福里學府路51巷3弄2號2樓,121.4479904175,25.1698207855,C,巷弄長照站,新北市,淡水區,02-2625-1855,lee092096@gmail.com,李佳倩,20220501.0,20231231.0,20230628 15:17:18
熊大心有限公司附設新北市私立熊大心居家長照機構,1R0200052,1,新北市,汐止區,新北市汐止區中興里福德一路262號3樓,121.6329498291,25.0643692017,B,居家服務,新北市,汐止區;深坑區;石碇區,0936522227,bear202209@gmail.com,劉威廷,20250101.0,20271231.0,20241203 14:27:49
邦鄰居家服務有限公司附設新北市私立邦鄰居家長照機構,1R0200059,1,新北市,中和區,新北市中和區健康路89號3樓,121.4879379272,25.0002422333,B,居家服務,新北市,板橋區;中和區;永和區;新店區,8228-1850,banglin808080@gmail.com,吳銀蓮,20250101.0,20271231.0,20241218 12:00:06
新北市愛笑瑜伽協會(奕壽站)(社照C),BF0200250,BF,新北市,三重區,新北市三重區奕壽里新北市三重區介壽路26號,121.4882125854,25.0631847382,C,巷弄長照站,新北市,三重區,(02)8988-3840,smile.yoga.xindei2017@Gmail.com,王淑芳,20230301.0,20231231.0,20230316 11:05:27
順享有限公司附設新北市私立順享居家長照機構,1R0200055,1,新北市,三重區,新北市三重區三寧街31號1樓,121.4903335571,25.0599193573,B,喘息服務,新北市,板橋區;三重區;新莊區,29889968,shuen589@gmail.com,黃明順,20250101.0,20271231.0,20241219 11:09:26
吉雅健康股份有限公司附設新北市私立樂心居家長照機構,1R0200061,1,新北市,永和區,新北市永和區福和路159號3樓,121.520401001,25.0076236725,B,居家服務,新北市,中和區;永和區;新店區,2922-1368,lyne.chiu@gmail.com,邱麗餘,20250101.0,20271231.0,20241218 11:10:38
常樂企業有限公司(新北),BA0200033,BA,新北市,新店區,新北市新店區民權路153號4樓,121.534362793,24.9826583862,B,交通接送服務(DA01),新北市,板橋區;三重區;中和區;永和區,25238456,changlecare@gmail.com,王受益,20250101.0,20271231.0,20250113 15:05:06
鈺心股份有限公司附設新北市私立蘆洲集賢社區長照機構,2R0200016,2,新北市,蘆洲區,新北市蘆洲區集賢路245號3樓,121.4816207886,25.0848293304,B,日間照顧服務,新北市,三重區;蘆洲區;五股區;泰山區,82853333,luzhou201601@gmail.com,林桂惠,20250101.0,20271231.0,20241218 14:48:38
鈺心股份有限公司附設新北市私立蘆洲集賢社區長照機構,2R0200016,2,新北市,蘆洲區,新北市蘆洲區集賢路245號3樓,121.4816207886,25.0848293304,B,喘息服務,新北市,三重區;蘆洲區;五股區;泰山區,82853333,luzhou201601@gmail.com,林桂惠,20250101.0,20271231.0,20241218 14:49:12
善誠健康事業股份有限公司附設新北市私立林口善誠社區長照機構,2V0200006,2,新北市,林口區,新北市林口區湖南里文化三路二段298號1樓,121.377166748,25.0834999084,B,喘息服務,新北市,五股區;泰山區;林口區;八里區,86019640,ltcservice@suncherish.com.tw,林仁德,20250101.0,20271231.0,20241220 10:05:18
天使居長照財團法人附設新北市私立天使居居家長照機構,1S0200021,1,新北市,林口區,新北市林口區東勢里文化一路一段150之2號,121.3787765503,25.0720329285,B,居家服務,新北市,泰山區;林口區,26006088,machun786@gmail.com,姚霽光,20250101.0,20271231.0,20241223 15:27:48
新北市私立吉家居家長照機構,1X0200129,1,新北市,板橋區,新北市板橋區四維路291巷4弄12號1樓,121.4623641968,25.0285282135,B,喘息服務,新北市,板橋區;三重區,02-2258-3776,jijia.hc@gmail.com,陳安宇,20250101.0,20271231.0,20241219 14:51:39
新北市中和區莒東社區發展協會(社照C),BF0200251,BF,新北市,中和區,新北市中和區民有里民享街37號2樓,121.4741287231,25.003572464,C,巷弄長照站,新北市,中和區,0953479779,sel3934@gmail.com,吳育舟,20230101.0,20231231.0,20230316 11:14:14
樺屋長照有限公司附設新北市私立樺屋居家長照機構,1V0200090,1,新北市,中和區,新北市中和區景平路666號3樓(306室),121.4527893066,25.0452613831,B,居家服務,新北市,中和區;永和區;新莊區,0912151586,yusinadvisor@gmail.com,毛櫻霖,20250101.0,20271231.0,20241225 14:20:43
新北市雲彩全人關懷協會(三峽站)(社照C),BF0200255,BF,新北市,三峽區,新北市三峽區永舘里復興路31號,121.3735351562,24.9363765717,C,巷弄長照站,新北市,三峽區,0920207758,lchyuan45@gmail.com,林慕平,20240101.0,20241231.0,20240707 14:41:50
社團法人中華長照協會附設新北市私立永恩居家長照機構,1R0200062,1,新北市,中和區,新北市中和區南山路127巷21號,121.5031661987,24.9974784851,B,居家服務,新北市,中和區;永和區,2921-2212,chxclc002@gmail.com,金浩鑫,20250101.0,20271231.0,20241227 08:32:32
社團法人中華民國士林靈糧堂社會福利協會附設新北市私立三芝綜合長照機構,4R0200002,4,新北市,三芝區,新北市三芝區埔坪里民生街31號1樓,121.5035629272,25.256401062,A,個案管理服務,新北市,三芝區;石門區,02-26561700,sanzhi@slsc.org.tw,劉群茂,20250101.0,20250630.0,20241231 16:39:04
欣庭有限公司附設新北市私立欣庭居家長照機構,1V0200094,1,新北市,林口區,新北市林口區湖南里仁愛路二段502號13樓1305C室,121.3754348755,25.0764636993,B,喘息服務,新北市,林口區,02-7752-2509,ting1085@gmail.com,邱薏庭,20250101.0,20271231.0,20241217 14:26:13
資深國明股份有限公司附設新北市私立國明居家長照機構,1V0200083,1,新北市,新莊區,新北市新莊區中華路二段7號5樓(YS-5401室),121.4706192017,25.0144271851,B,喘息服務,新北市,板橋區;三重區;新莊區,0917-562-010,guomingcare@gmail.com,曹森棟,20250101.0,20271231.0,20241217 15:12:45
資深國明股份有限公司附設新北市私立國明居家長照機構,1V0200083,1,新北市,新莊區,新北市新莊區中華路二段7號5樓(YS-5401室),121.4706192017,25.0144271851,B,居家服務,新北市,板橋區;三重區;新莊區,0917-562-010,guomingcare@gmail.com,曹森棟,20250101.0,20271231.0,20241217 15:12:12
新北市淡水區中和里辦公處(社照C),BG0200057,BG,新北市,淡水區,新北市淡水區中和里小中寮12-5號1樓,121.4861068726,25.231760025,C,巷弄長照站,新北市,淡水區,02-2801-3232,none@none,王文輝,20220501.0,20231231.0,20230628 15:18:07
明倉健康事業股份有限公司附設新北市私立明倉居家長照機構,1R0200056,1,新北市,林口區,新北市林口區麗林里忠孝路376巷53號1樓,121.3683395386,25.0703430176,B,居家服務,新北市,板橋區;新莊區;樹林區;五股區;泰山區;林口區,02-2609-6468,mingcangcare@gmail.com,黃周月桂,20250101.0,20271231.0,20241218 14:53:29
新北市土城區青雲里辦公處(社照C),BG0200055,BG,新北市,土城區,新北市土城區青雲里清水路141巷18號B1,,,C,巷弄長照站,新北市,土城區,02-2265-9858,stanleychen540820@gmail.com,廖特青,20220901.0,20221231.0,20220929 11:51:28
新北市私立新頤居家長照機構,1X0200125,1,新北市,蘆洲區,新北市蘆洲區仁愛街116號1樓,121.4697647095,25.0951900482,B,喘息服務,新北市,三重區;新莊區;蘆洲區;五股區;泰山區;八里區,0955867597,sinyi2022168@gmail.com,陳美華,20250101.0,20271231.0,20241223 11:38:36
駿騰物理治療所,B40200032,B4,新北市,土城區,新北市土城區青雲路352之1號1樓,121.458442688,24.9744186401,B,專業照護服務(CC01),新北市,板橋區;中和區;永和區;土城區;深坑區;石碇區;坪林區;貢寮區;金山區;萬里區,02-22651268,junteng1070601@gmail.com,楊儒鈞,20250101.0,20271231.0,20241216 15:13:59
新北市私立棠菓居家長照機構,1X0200128,1,新北市,板橋區,新北市板橋區中山路一段293之1號10樓之1(A09室),121.4706420898,25.0144062042,B,喘息服務,新北市,板橋區;中和區;土城區,0952814036,candy2022888@gmail.com,陳又襄,20250101.0,20271231.0,20241225 11:58:00
新北市五股區五股社區發展協會,BF0200246,BF,新北市,五股區,新北市五股區民義里工商路127號1樓,121.4610443115,25.0203838348,C,巷弄長照站,新北市,五股區,02-22911677,a0956704015@yahoo.com.tw,紀順鎰,20220101.0,20221231.0,20221003 09:35:29
新北市私立新頤居家長照機構,1X0200125,1,新北市,蘆洲區,新北市蘆洲區仁愛街116號1樓,121.4697647095,25.0951900482,B,居家服務,新北市,三重區;新莊區;蘆洲區;五股區;泰山區;八里區,0955867597,sinyi2022168@gmail.com,陳美華,20250101.0,20271231.0,20241223 11:37:49
駿騰物理治療所,B40200032,B4,新北市,土城區,新北市土城區青雲路352之1號1樓,121.458442688,24.9744186401,B,專業照護服務,新北市,板橋區;中和區;永和區;土城區;深坑區;石碇區;坪林區;貢寮區;金山區;萬里區,02-22651268,junteng1070601@gmail.com,楊儒鈞,20250101.0,20271231.0,20241216 15:11:03
駿騰物理治療所,B40200032,B4,新北市,土城區,新北市土城區青雲路352之1號1樓,121.458442688,24.9744186401,B,專業照護服務(CC01),新北市,板橋區;三重區;中和區;永和區;新莊區;新店區;樹林區;鶯歌區;三峽區;淡水區;汐止區;瑞芳區;土城區;蘆洲區;五股區;泰山區;林口區;深坑區;石碇區;坪林區;三芝區;石門區;八里區;平溪區;雙溪區;貢寮區;金山區;萬里區;烏來區,02-22651268,junteng1070601@gmail.com,楊儒鈞,20221101.0,20241231.0,20230802 17:19:14
利鎮物業管理顧問有限公司附設新北市私立淡水義山綜合長照機構,4R0200004,4,新北市,淡水區,新北市淡水區奎柔山路3號1樓,121.4499664307,25.2068138123,B,喘息服務,新北市,淡水區,0932908325,coco.a5340@gmail.com,張萬利,20250101.0,20271231.0,20241218 14:31:46
新北市私立棠菓居家長照機構,1X0200128,1,新北市,板橋區,新北市板橋區中山路一段293之1號10樓之1(A09室),121.4706420898,25.0144062042,B,居家服務,新北市,板橋區;中和區;土城區,0952814036,candy2022888@gmail.com,陳又襄,20250101.0,20271231.0,20241225 11:57:35
利鎮物業管理顧問有限公司附設新北市私立淡水義山綜合長照機構,4R0200004,4,新北市,淡水區,新北市淡水區奎柔山路3號1樓,121.4499664307,25.2068138123,B,日間照顧服務,新北市,淡水區,0932908325,coco.a5340@gmail.com,張萬利,20250101.0,20271231.0,20241218 14:31:24
崇文診所,B20200254,B2,新北市,鶯歌區,新北市鶯歌區國慶街141號,121.3509674072,24.9535503387,B,居家失能個案家庭醫師照護服務,新北市,樹林區;鶯歌區;三峽區;土城區,02-26783366,lonepair0529@gmail.com,陳仰霖,20250101.0,20271231.0,20250113 16:37:25
邦鄰居家服務有限公司附設新北市私立邦鄰居家長照機構,1R0200059,1,新北市,中和區,新北市中和區健康路89號3樓,121.4879379272,25.0002422333,B,喘息服務,新北市,板橋區;中和區;永和區;新店區,8228-1850,banglin808080@gmail.com,吳銀蓮,20250101.0,20271231.0,20241218 12:00:41
仁合健康事業有限公司附設新北市私立仁合居家長照機構,1R0200058,1,新北市,板橋區,新北市板橋區長安街331巷30號1樓,121.4738693237,25.0127162933,B,居家服務,新北市,板橋區;三重區;中和區;永和區;土城區;五股區,2951-5789,Renhelc2022@gmail.com,沈佩曄,20250101.0,20271231.0,20241218 11:22:03
吉雅健康股份有限公司附設新北市私立樂心居家長照機構,1R0200061,1,新北市,永和區,新北市永和區福和路159號3樓,121.520401001,25.0076236725,B,喘息服務,新北市,中和區;永和區;新店區,2922-1368,lyne.chiu@gmail.com,邱麗餘,20250101.0,20271231.0,20241218 11:11:00
新北市平溪區南山社區發展協會(社照C),BF0200252,BF,新北市,平溪區,新北市平溪區南山里靜安路三段232號,121.7762756348,25.0394001007,C,巷弄長照站,新北市,平溪區,2495-1510,wendy70612@gmail.com,劉清榮,20230301.0,20231231.0,20230328 16:02:28
善誠健康事業股份有限公司附設新北市私立林口善誠社區長照機構,2V0200006,2,新北市,林口區,新北市林口區湖南里文化三路二段298號1樓,121.377166748,25.0834999084,B,日間照顧服務,新北市,五股區;泰山區;林口區;八里區,86019640,ltcservice@suncherish.com.tw,林仁德,20250101.0,20271231.0,20241220 10:04:36
天使居長照財團法人附設新北市私立天使居居家長照機構,1S0200021,1,新北市,林口區,新北市林口區東勢里文化一路一段150之2號,121.3787765503,25.0720329285,B,喘息服務,新北市,泰山區;林口區,26006088,machun786@gmail.com,姚霽光,20250101.0,20271231.0,20241223 15:28:09
樺屋長照有限公司附設新北市私立樺屋居家長照機構,1V0200090,1,新北市,中和區,新北市中和區景平路666號3樓(306室),121.4527893066,25.0452613831,B,喘息服務,新北市,中和區;永和區;新莊區,0912151586,yusinadvisor@gmail.com,毛櫻霖,20250101.0,20271231.0,20241225 14:21:21
社團法人臺灣大米一山健康促進協會,BE0200087,BE,新北市,中和區,新北市中和區立德街204號3樓,121.4845809937,25.0094947815,B,營養餐飲服務,新北市,中和區,86686651,liinhomecare@gmail.com,周惠貞,20230206.0,20241231.0,20230210 10:23:20
社團法人臺灣大米一山健康促進協會,BE0200087,BE,新北市,中和區,新北市中和區立德街204號3樓,121.4845809937,25.0094947815,B,營養餐飲服務,新北市,中和區,86686651,liinhomecare@gmail.com,周惠貞,20250101.0,20250131.0,20250122 14:33:17
仁合健康事業有限公司附設新北市私立仁合居家長照機構,1R0200058,1,新北市,板橋區,新北市板橋區長安街331巷30號1樓,121.4738693237,25.0127162933,B,喘息服務,新北市,板橋區;三重區;中和區;永和區;土城區;五股區,2951-5789,Renhelc2022@gmail.com,沈佩曄,20250101.0,20271231.0,20241218 11:22:32
新北市蘆洲區永樂里辦公處(社照C),BF0200247,BF,新北市,蘆洲區,新北市蘆洲區永樂里永樂街38巷57弄30號,121.4571609497,25.0912303925,C,巷弄長照站,新北市,蘆洲區,0933733246,lili7477@yahoo.com.tw,李麗文,20220501.0,20221231.0,20221004 13:59:24
社團法人台灣幸扶公益協會(社照C),BF0200249,BF,新北市,汐止區,新北市汐止區新昌里仁愛路318號,121.6648635864,25.0675411224,C,巷弄長照站,新北市,汐止區,0226919122,happinesshelpxizhi@gmail.com,鄭正,20240201.0,20241231.0,20240516 15:55:02
築燭有限公司附設新北市私立心地居家長照機構,1R0200060,1,新北市,中和區,新北市中和區健康路89號3樓11室,121.4879379272,25.0002422333,B,喘息服務,新北市,中和區,7752-2588,ouyang8574@gmail.com,游寶蓮,20250101.0,20271231.0,20241203 14:03:50
築燭有限公司附設新北市私立心地居家長照機構,1R0200060,1,新北市,中和區,新北市中和區健康路89號3樓11室,121.4879379272,25.0002422333,B,居家服務,新北市,中和區,7752-2588,ouyang8574@gmail.com,游寶蓮,20250101.0,20271231.0,20241203 14:02:34
新北市私立馨中居家長照機構,1X0200133,1,新北市,鶯歌區,新北市鶯歌區信義街54號1樓,121.3532485962,24.9551773071,B,居家服務,新北市,樹林區;鶯歌區;三峽區,0902389689,a86862039@gmail.com, 陳彥璁,20250101.0,20271231.0,20241219 11:17:01
駿騰物理治療所,B40200032,B4,新北市,土城區,新北市土城區青雲路352之1號1樓,121.458442688,24.9744186401,B,專業照護服務,新北市,板橋區;中和區;永和區;土城區;深坑區;石碇區;坪林區;貢寮區;金山區;萬里區,02-22651268,junteng1070601@gmail.com,楊儒鈞,20221101.0,20241231.0,20221107 08:31:53
新北市私立馨中居家長照機構,1X0200133,1,新北市,鶯歌區,新北市鶯歌區信義街54號1樓,121.3532485962,24.9551773071,B,喘息服務,新北市,樹林區;鶯歌區;三峽區,0902389689,a86862039@gmail.com, 陳彥璁,20250101.0,20271231.0,20241219 11:17:31
利鎮物業管理顧問有限公司附設新北市私立淡水義山綜合長照機構,4R0200004,4,新北市,淡水區,新北市淡水區奎柔山路3號1樓,121.4499664307,25.2068138123,B,居家服務,新北市,淡水區,0932908325,coco.a5340@gmail.com,張萬利,20250101.0,20271231.0,20241218 14:31:07
福鷺社會企業有限公司附設新北市私立福鷺居家長照機構,1V0200093,1,新北市,蘆洲區,新北市蘆洲區復興路105巷7號,121.4764175415,25.0882282257,B,居家服務,新北市,三重區;蘆洲區;五股區,8285-8300,fuluhomecare@gmail.com,張凱智,20250101.0,20271231.0,20241219 10:31:08
善誠健康事業股份有限公司附設新北市私立林口善誠居家長照機構,1V0200082,1,新北市,林口區,新北市林口區湖南里文化三路二段77巷29號1樓,121.3735275269,25.0804481506,B,喘息服務,新北市,五股區;泰山區;林口區,02-27392222#3706,ltcservice@suncherish.com.tw,林仁德,20250101.0,20271231.0,20250205 14:45:44
新北市村里長交流協會(社照C),BF0200243,BF,新北市,板橋區,新北市板橋區介壽里民生路2段119號,121.4710998535,25.018699646,C,巷弄長照站,新北市,板橋區,02-2250-0698,sasha129@ms47.hinet.net,林華偉,20240101.0,20241231.0,20240531 21:18:46
社團法人中華民國士林靈糧堂社會福利協會附設新北市私立三重興穀社區長照機構,2R0200014,2,新北市,三重區,新北市三重區五谷里五谷王北街48巷18號1樓,121.4751739502,25.050775528,B,喘息服務,新北市,板橋區;三重區;新莊區;蘆洲區;五股區;泰山區,22789015,triple@slsc.org.tw,劉群茂,20250101.0,20271231.0,20250103 11:43:13
好日居家長照有限公司附設新北市私立好日居家長照機構,1X0200124,1,新北市,蘆洲區,新北市蘆洲區中山一路161號3樓R05室,121.475479126,25.0814914703,B,喘息服務,新北市,三重區;蘆洲區;五股區,8286-7492 ,Hozidays111@gmail.com,陳瓊怡,20250101.0,20271231.0,20241223 14:18:31
玖龍國際有限公司,BA0200034,BA,新北市,汐止區,新北市汐止區新台五路一段188號4樓之1,121.6550369263,25.0626392365,B,交通接送服務,新北市,淡水區;三芝區;石門區;金山區;萬里區,02-26382119,jiesen3536@gmail.com,江薏如,20250101.0,20271231.0,20241224 14:25:05
中華民國體育運動教練協會(社照C),BF0200254,BF,新北市,三峽區,新北市三峽區鳶山里大勇路18之2號3樓、18之3號3樓,121.3669281006,24.9379749298,C,巷弄長照站,新北市,三峽區,0910315119,A098619867245@gmail.com,許美榛,20240101.0,20241231.0,20240707 14:44:32
欣庭有限公司附設新北市私立欣庭居家長照機構,1V0200094,1,新北市,林口區,新北市林口區湖南里仁愛路二段502號13樓1305C室,121.3754348755,25.0764636993,B,居家服務,新北市,林口區,02-7752-2509,ting1085@gmail.com,邱薏庭,20250101.0,20271231.0,20241217 14:25:52
社團法人中華長照協會附設新北市私立永恩居家長照機構,1R0200062,1,新北市,中和區,新北市中和區南山路127巷21號,121.5031661987,24.9974784851,B,喘息服務,新北市,中和區;永和區,2921-2212,chxclc002@gmail.com,金浩鑫,20250101.0,20271231.0,20241227 08:32:55
三木居家長照有限公司附設新北市私立三木居家長照機構,1R0200064,1,新北市,永和區,新北市永和區中山路一段24號2樓(A05室),121.5138397217,25.0106086731,B,居家服務,新北市,板橋區;三重區;中和區;永和區;新莊區;新店區;蘆洲區,02-8660-4365,woodhomecare@gmail.com,張貴森,20250101.0,20271231.0,20241203 15:41:05
財團法人天下為公社會福利慈善事業基金會附設新北市私立南丁格爾住宿長照機構,3J0200001,3,新北市,汐止區,新北市汐止區大同路三段421號1樓及425號2樓,121.677772522,25.0716876984,B,喘息服務,新北市,板橋區;三重區;中和區;永和區;新莊區;新店區;樹林區;鶯歌區;三峽區;淡水區;汐止區;瑞芳區;土城區;蘆洲區;五股區;泰山區;林口區;深坑區;石碇區;坪林區;三芝區;石門區;八里區;平溪區;雙溪區;貢寮區;金山區;萬里區;烏來區,02-86488388,nanting2022@gmail.com,胡世賢,20250101.0,20271231.0,20250109 15:21:45
新北市私立旺福綜合長照機構,4X0200002,4,新北市,貢寮區,新北市貢寮區朝陽街70巷10號1、2樓,121.9094619751,25.0225753784,B,居家服務,新北市,雙溪區;貢寮區,02-89857453,Ping3281113@gmail.com,黃雅萍,20250101.0,20271231.0,20241223 11:26:54
台灣福祉車租賃有限公司,BA0200032,BA,新北市,新莊區,新北市新莊區新泰路502巷6號2樓,121.4427642822,25.0463123322,B,交通接送服務(DA01),桃園市,桃園區;中壢區;大溪區;楊梅區;蘆竹區;大園區;龜山區;八德區;龍潭區;平鎮區;新屋區;觀音區,02-77515349,pomelo93@gmail.com,林垂穎,20230522.0,20261231.0,20250102 09:32:06
新北市私立晨曦居家長照機構,1X0200126,1,新北市,淡水區,新北市淡水區濱海路3段146號2樓,121.4602661133,25.137462616,B,居家服務,新北市,淡水區,0935884369,chenxi.homecare@gmail.com,李淑芬,20250101.0,20271231.0,20241218 11:25:57
台灣福祉車租賃有限公司,BA0200032,BA,新北市,新莊區,新北市新莊區新泰路502巷6號2樓,121.4427642822,25.0463123322,B,社區式交通接送服務(BD03),新北市,板橋區;三重區;中和區;永和區;新莊區;新店區;樹林區;鶯歌區;三峽區;土城區;蘆洲區;泰山區;深坑區;三芝區;八里區,02-77515349,pomelo93@gmail.com,林垂穎,20250101.0,20271231.0,20241212 16:13:10
新北市三重區厚德里辦公處(社照C),BF0200260,BF,新北市,三重區,新北市三重區厚德里三和路三段170巷49號,121.4908370972,25.0726795197,C,巷弄長照站,新北市,三重區,02-29822008,j6rmp4u4571@gmail.com,陳榮楠,20230501.0,20231231.0,20230530 19:28:00
安忻顧問股份有限公司附設新北市私立安忻居家長照機構,1V0200095,1,新北市,板橋區,新北市板橋區中山路二段361號8樓02室,121.4796600342,25.0191516876,B,居家服務,新北市,板橋區,0987-380859,anshin89118185@gmail.com,潘雅尹,20250101.0,20271231.0,20241225 15:26:49
安忻顧問股份有限公司附設新北市私立安忻居家長照機構,1V0200095,1,新北市,板橋區,新北市板橋區中山路二段361號8樓02室,121.4796600342,25.0191516876,B,喘息服務,新北市,板橋區,0987-380859,anshin89118185@gmail.com,潘雅尹,20250101.0,20271231.0,20241225 15:28:11
新北市私立晨曦居家長照機構,1X0200126,1,新北市,淡水區,新北市淡水區濱海路3段146號2樓,121.4602661133,25.137462616,B,喘息服務,新北市,淡水區,0935884369,chenxi.homecare@gmail.com,李淑芬,20250101.0,20271231.0,20241218 11:26:18
社團法人臺灣大米一山健康促進協會附設新北市私立烏來區Rahaw信賢社區長照機構,2R0200015,2,新北市,烏來區,新北市烏來區信福路28號,121.5259857178,24.8365097046,B,日間照顧服務,新北市,板橋區;三重區;中和區;永和區;新莊區;新店區;樹林區;鶯歌區;三峽區;淡水區;汐止區;土城區;蘆洲區;五股區;泰山區;林口區;深坑區;石碇區;坪林區;烏來區,8668-6651,liinhomecare@gmail.com,周惠貞,20250101.0,20271231.0,20241217 10:43:46
詠林長照社團法人附設新北市私立詠林綜合長照機構,4L0200001,4,新北市,淡水區,新北市淡水區竿蓁里中正東路一段111巷20號1至6樓,121.4551239014,25.1608772278,B,喘息服務,新北市,淡水區;五股區;三芝區;八里區,0905692910,a26260766@yahoo.com.tw,黃晟恆,20250101.0,20271231.0,20250113 14:29:44
台灣福祉車租賃有限公司,BA0200032,BA,新北市,新莊區,新北市新莊區新泰路502巷6號2樓,121.4427642822,25.0463123322,B,交通接送服務(DA01),新北市,板橋區;三重區;中和區;永和區;新莊區;新店區;樹林區;鶯歌區;三峽區;土城區;蘆洲區;泰山區;深坑區;三芝區;八里區,02-77515349,pomelo93@gmail.com,林垂穎,20250101.0,20271231.0,20241212 16:13:10
社團法人臺灣大米一山健康促進協會附設新北市私立烏來區Rahaw信賢社區長照機構,2R0200015,2,新北市,烏來區,新北市烏來區信福路28號,121.5259857178,24.8365097046,B,喘息服務,新北市,板橋區;三重區;中和區;永和區;新莊區;新店區;樹林區;鶯歌區;三峽區;淡水區;汐止區;土城區;蘆洲區;五股區;泰山區;林口區;深坑區;石碇區;坪林區;烏來區,8668-6651,liinhomecare@gmail.com,周惠貞,20250101.0,20271231.0,20241217 10:44:22
福鷺社會企業有限公司附設新北市私立福鷺居家長照機構,1V0200093,1,新北市,蘆洲區,新北市蘆洲區復興路105巷7號,121.4764175415,25.0882282257,B,喘息服務,新北市,三重區;蘆洲區;五股區,8285-8300,fuluhomecare@gmail.com,張凱智,20250101.0,20271231.0,20241219 10:31:31
新北市永和區永樂里辦公處(社照C),BG0200059,BG,新北市,永和區,新北市永和區永樂里永和路1段18巷8號1樓,121.5133590698,25.0043792725,C,巷弄長照站,新北市,永和區,0989641423,shiou0408@gmail.com,許政鎧,20230501.0,20231231.0,20230530 20:27:17
台灣居護股份有限公司附設新北市私立聯和居家長照機構,1R0200065,1,新北市,中和區,新北市中和區景安路65號2樓,121.4760284424,25.0235729218,B,喘息服務,新北市,中和區;永和區;新店區,8258-8088#168,service@thn-buurtzorg.com,汪秋蓉,20250101.0,20271231.0,20241204 15:45:27
詠林長照社團法人附設新北市私立詠林綜合長照機構,4L0200001,4,新北市,淡水區,新北市淡水區竿蓁里中正東路一段111巷20號1至6樓,121.4551239014,25.1608772278,B,日間照顧服務,新北市,淡水區;五股區;三芝區;八里區,0905692910,a26260766@yahoo.com.tw,黃晟恆,20250101.0,20271231.0,20250113 14:29:17
社團法人中華小兔子新生命協會,BF0200261,BF,新北市,板橋區,新北市板橋區光仁里15鄰中山路二段255巷2號1樓,121.4772262573,25.0178928375,C,巷弄長照站,新北市,板橋區,02-8953-3849,shy54040@yahoo.com.tw,王品幃,20240101.0,20241231.0,20240531 21:26:51
億家人股份有限公司附設新北市私立億家人居家長照機構,1V0200096,1,新北市,新莊區,新北市新莊區立德里中華路一段63巷26號1樓,121.4507217407,25.0395145416,B,居家服務,新北市,板橋區;新莊區;樹林區;五股區,2276-0087,billionfamily2023@gmail.com,杜振強,20250101.0,20271231.0,20241225 15:57:24
台灣居護股份有限公司附設新北市私立聯和居家長照機構,1R0200065,1,新北市,中和區,新北市中和區景安路65號2樓,121.4760284424,25.0235729218,B,居家服務,新北市,中和區;永和區;新店區,8258-8088#168,service@thn-buurtzorg.com,汪秋蓉,20250101.0,20271231.0,20241204 15:43:33
新北市三重區開元里辦公處(社照C),BF0200264,BF,新北市,三重區,新北市三重區開元里開元街1號,121.5035476685,25.0665798187,C,巷弄長照站,新北市,三重區,29745949,j6rmp4u4571@gmail.com,潘素珍,20230131.0,20231231.0,20230531 16:52:48
億家人股份有限公司附設新北市私立億家人居家長照機構,1V0200096,1,新北市,新莊區,新北市新莊區立德里中華路一段63巷26號1樓,121.4507217407,25.0395145416,B,喘息服務,新北市,板橋區;新莊區;樹林區;五股區,2276-0087,billionfamily2023@gmail.com,杜振強,20250101.0,20271231.0,20241225 15:57:48
新北市私立健宜居居家長照機構,1X0200141,1,新北市,中和區,新北市中和區自立路113號,121.514755249,24.9867858887,B,居家服務,新北市,中和區;永和區,0955-505-760,jeg.homecare@gmail.com,黃群宸,20250101.0,20271231.0,20241224 15:14:38
新北市私立健宜居居家長照機構,1X0200141,1,新北市,中和區,新北市中和區自立路113號,121.514755249,24.9867858887,B,喘息服務,新北市,中和區;永和區,0955-505-760,jeg.homecare@gmail.com,黃群宸,20250101.0,20271231.0,20241224 15:15:34
新北市三重區富華里辦公處(社照C),BF0200274,BF,新北市,三重區,新北市三重區富華里五華街109號,121.4915084839,25.0839672089,C,巷弄長照站,新北市,三重區,02-89833514,j6mrp4u4571@gmail.com,宋美滿,20230701.0,20231231.0,20230802 15:44:57
新北市三重區培德里辦公處(社照C),BF0200282,BF,新北市,三重區,新北市三重區培德里忠孝路二段35號B1,121.4859695435,25.0715084076,C,巷弄長照站,新北市,三重區,0925-066-800,eve690131@yahoo.com.tw,盧姿貝,20230801.0,20230831.0,20230903 14:10:58
慧民居家護理所,B10200102,B1,新北市,三峽區,新北市三峽區龍埔里三樹路7巷3號1樓,121.376701355,24.9374008179,B,專業照護服務,桃園市,桃園區;中壢區;大溪區;楊梅區;蘆竹區;大園區;龜山區;八德區;龍潭區;平鎮區;新屋區;觀音區;復興區,02-86720770,a0939336221@gmail.com,陳慧玲,20240105.0,20251231.0,20240207 15:02:25
慧民居家護理所,B10200102,B1,新北市,三峽區,新北市三峽區龍埔里三樹路7巷3號1樓,121.376701355,24.9374008179,B,專業照護服務,新北市,樹林區;鶯歌區;三峽區;土城區,02-86720770,a0939336221@gmail.com,陳慧玲,20250101.0,20271231.0,20241227 10:05:00
社團法人中華善德關懷協會(樹林站)(社照C),BF0200286,BF,新北市,樹林區,新北市樹林區樹興里大安路291號1樓,121.4183425903,24.9927558899,C,巷弄長照站,新北市,樹林區,0901314151,wealthy767@gmail.com,李函軒,20230810.0,20231231.0,20230914 17:59:56
齡活長照股份有限公司附設新北市私立府中社區長照機構,2R0200019,2,新北市,板橋區,新北市板橋區館前東路13號4樓之一,121.4599533081,25.0072650909,B,喘息服務,新北市,板橋區;三重區;中和區;永和區;新莊區;樹林區;土城區,02-89525003,seniorlifeot.bqdaycare@gmail.com,彭紹宇,20250101.0,20271231.0,20241225 16:01:58
財團法人新北市大樹社會福利基金會(林口仁愛托老中心)(社照C),BF0200284,BF,新北市,林口區,新北市林口區仁愛里文化一路一段137號1樓,121.3739089966,25.0719661713,C,巷弄長照站,新北市,林口區,02-26068117,ra06012506@gmail.com,黃明發,20230101.0,20231231.0,20230908 20:14:51
慧民居家護理所,B10200102,B1,新北市,三峽區,新北市三峽區龍埔里三樹路7巷3號1樓,121.376701355,24.9374008179,B,專業照護服務,新北市,樹林區;鶯歌區;三峽區;土城區,02-86720770,a0939336221@gmail.com,陳慧玲,20230911.0,20241231.0,20230913 11:43:53
三木居家長照有限公司附設新北市私立三木居家長照機構,1R0200064,1,新北市,永和區,新北市永和區中山路一段24號2樓(A05室),121.5138397217,25.0106086731,B,喘息服務,新北市,板橋區;三重區;中和區;永和區;新莊區;新店區;蘆洲區,02-8660-4365,woodhomecare@gmail.com,張貴森,20250101.0,20271231.0,20241203 15:41:59
齡活長照股份有限公司附設新北市私立府中社區長照機構,2R0200019,2,新北市,板橋區,新北市板橋區館前東路13號4樓之一,121.4599533081,25.0072650909,B,日間照顧服務,新北市,板橋區;三重區;中和區;永和區;新莊區;樹林區;土城區,02-89525003,seniorlifeot.bqdaycare@gmail.com,彭紹宇,20250101.0,20271231.0,20241225 16:01:08
新北市私立旺福綜合長照機構,4X0200002,4,新北市,貢寮區,新北市貢寮區朝陽街70巷10號1、2樓,121.9094619751,25.0225753784,B,喘息服務,新北市,雙溪區;貢寮區,02-89857453,Ping3281113@gmail.com,黃雅萍,20250101.0,20271231.0,20241223 11:27:17
橙松有限公司附設新北市私立橙松居家長照機構,1R0200063,1,新北市,中和區,新北市中和區中正路515號2樓-2室,121.4882507324,24.9940357208,B,居家服務,新北市,中和區;永和區,2228-6567,qqq0912712772@gmail.com,林庠閎,20250101.0,20271231.0,20241203 16:01:10
財團法人北部台灣基督長老教會(三重埔教會)(社照C),BF0200258,BF,新北市,三重區,新北市三重區中央里自強路一段65號4樓,121.4976348877,25.0671863556,C,巷弄長照站,新北市,三重區,02-2971-0508,joy810507@gmail.com.tw,林榮任,20230101.0,20231231.0,20230530 19:19:00
財團法人天下為公社會福利慈善事業基金會附設新北市私立雙溪社區長照機構,2S0200036,2,新北市,雙溪區,新北市雙溪區新基里新基西街19號1、2樓,121.8653793335,25.0375728607,B,日間照顧服務,新北市,雙溪區,8648-8388分機308,wba81597922@gmail.com,胡世賢,20250101.0,20271231.0,20241227 15:31:00
財團法人天下為公社會福利慈善事業基金會附設新北市私立雙溪社區長照機構,2S0200036,2,新北市,雙溪區,新北市雙溪區新基里新基西街19號1、2樓,121.8653793335,25.0375728607,B,喘息服務,新北市,雙溪區,8648-8388分機308,wba81597922@gmail.com,胡世賢,20250101.0,20271231.0,20241227 15:31:23
新北市三重區永安里辦公處(社照C),BF0200256,BF,新北市,三重區,新北市三重區永安里力行路二段63巷7號,121.4826965332,25.0748710632,C,巷弄長照站,新北市,三重區,(02)2287-0112,bow1013ha@Gmail.com,黃麗伃,20230101.0,20231231.0,20230530 19:02:38
新北市永和區福林里辦公處(社照C),BG0200061,BG,新北市,永和區,新北市永和區福林里福和路122號1樓,121.5218582153,25.0081195831,C,巷弄長照站,新北市,永和區,0974313443,q82956771@gmail.com,孫協同,20230501.0,20231231.0,20230531 20:26:46
新北市私立旺福綜合長照機構,4X0200002,4,新北市,貢寮區,新北市貢寮區朝陽街70巷10號1、2樓,121.9094619751,25.0225753784,A,個案管理服務,新北市,雙溪區;貢寮區,02-89857453,Ping3281113@gmail.com,黃雅萍,20250101.0,20250630.0,20241231 15:21:38
新北市私立旺福綜合長照機構,4X0200002,4,新北市,貢寮區,新北市貢寮區朝陽街70巷10號1、2樓,121.9094619751,25.0225753784,B,日間照顧服務,新北市,雙溪區;貢寮區,02-89857453,Ping3281113@gmail.com,黃雅萍,20250101.0,20271231.0,20241223 11:26:35
新北市中和區福美里辦公處(社照C),BF0200266,BF,新北市,中和區,新北市中和區福美里勝利路35巷9弄4號1樓,121.4995574951,25.0069923401,C,巷弄長照站,新北市,中和區,0933566024,devin31@gmail.com,梁迪文,20230101.0,20231231.0,20230531 17:02:25
社團法人中華長照協會(社照C),BE0200089,BE,新北市,永和區,新北市永和區文化里文化路155號,121.5104141235,25.016254425,C,巷弄長照站,新北市,永和區,0229212212,chxclc002@gmail.com,金國良,20220101.0,20231231.0,20230530 20:55:04
新北市永和區和平里辦公處(社照C),BG0200063,BG,新北市,永和區,新北市永和區和平里保平路214巷12弄3號2樓,121.5089874268,25.0069046021,C,巷弄長照站,新北市,永和區,02-2927-2429,AB2396@ms.ntpc.gov.tw,柳舒雲,20230101.0,20231231.0,20230531 20:56:31
橙松有限公司附設新北市私立橙松居家長照機構,1R0200063,1,新北市,中和區,新北市中和區中正路515號2樓-2室,121.4882507324,24.9940357208,B,喘息服務,新北市,中和區;永和區,2228-6567,qqq0912712772@gmail.com,林庠閎,20250101.0,20271231.0,20241203 16:01:45
新北市私立永康居家長照機構,1X0200137,1,新北市,淡水區,新北市淡水區重建街186號1樓,121.4409179688,25.1742095947,B,喘息服務,新北市,三重區;新莊區;樹林區;淡水區;蘆洲區,26264077,god0978387562@gmail.com,鍾玉英,20250101.0,20271231.0,20241217 14:18:03
新北市三重區錦通里辦公處(社照C),BF0200263,BF,新北市,三重區,新北市三重區錦通里中央北路26號4樓,121.5008010864,25.0643234253,C,巷弄長照站,新北市,三重區,0986133181,wynner05145846@gmail.com,林煒財,20230101.0,20231231.0,20230531 16:47:40
新北市私立永康居家長照機構,1X0200137,1,新北市,淡水區,新北市淡水區重建街186號1樓,121.4409179688,25.1742095947,B,居家服務,新北市,三重區;新莊區;樹林區;淡水區;蘆洲區,26264077,god0978387562@gmail.com,鍾玉英,20250101.0,20271231.0,20241217 14:17:27
新北市陽春麵里長銀髮婦幼發展協會(社照C),BF0200268,BF,新北市,樹林區,新北市樹林區山佳里新興街3-3號1樓,121.4008102417,24.9740428925,C,巷弄長照站,新北市,樹林區,(02)26801090,qangelalove1115@gmail.com,許建強,20230601.0,20231231.0,20230613 10:10:41
社團法人中華民國金燈台幸福關懷協會(社照C),BF0200269,BF,新北市,淡水區,新北市淡水區竹圍里民族路31號、民權路153號7樓(僅限週五),121.3986587524,25.1471366882,C,巷弄長照站,新北市,淡水區,02-2808-2173,tamsuichurchgrace@gmail.com,陳亞鳴,20230101.0,20231231.0,20230628 17:04:22
社團法人台灣生活復能健康促進協會附設新北市私立愛迪樂東湖國小社區長照機構,2R0200020,2,新北市,林口區,新北市林口區西林里四維路201號3樓,121.3808822632,25.0759487152,B,日間照顧服務,新北市,新莊區;五股區;泰山區;林口區;八里區,02-26013638,adlersdaycare1@gmail.com,鍾孟修,20250101.0,20271231.0,20241225 10:30:03
新北市淡水區賢孝里辦公處(社照C),BG0200064,BG,新北市,淡水區,新北市淡水區賢孝里淡金路四段600號,121.4517364502,25.2289066315,C,巷弄長照站,新北市,淡水區,0228013969,chuan635566@gmali.com,葉振昌,20230101.0,20231231.0,20230628 16:36:58
新北市中和區廟美里辦公處(社照C),BG0200065,BG,新北市,中和區,新北市中和區廟美里廟美街6巷3號5樓,121.5012054443,25.0015220642,C,巷弄長照站,新北市,中和區,02-2244-5678,maggieleu7483@yahoo.com,鄭鈞瑋,20230501.0,20231231.0,20230629 16:20:29
台灣居護股份有限公司附設新北市私立聯宜居家長照機構,1R0200068,1,新北市,樹林區,新北市樹林區樹興里啟智街80巷5號1樓,121.4192657471,24.9920768738,B,居家服務,新北市,樹林區;鶯歌區;三峽區;瑞芳區;土城區;平溪區;雙溪區;貢寮區,02-82588088,service@thn-buurtzorg.com,汪秋蓉,20250101.0,20271231.0,20241204 14:07:08
財團法人新光保全關懷社會福利基金會附設新北市私立枋橋社區長照機構,2S0200037,2,新北市,板橋區,新北市板橋區文化路一段120號2樓,121.465057373,25.0185012817,B,日間照顧服務,新北市,板橋區;新莊區;土城區,(02)7730-8031,daycare-1@sks.com.tw,鄭澤芳,20250101.0,20271231.0,20241227 11:51:35
財團法人新光保全關懷社會福利基金會附設新北市私立枋橋社區長照機構,2S0200037,2,新北市,板橋區,新北市板橋區文化路一段120號2樓,121.465057373,25.0185012817,B,喘息服務,新北市,板橋區;新莊區;土城區,(02)7730-8031,daycare-1@sks.com.tw,鄭澤芳,20250101.0,20271231.0,20241227 11:52:16
勝安租賃有限公司,BA0200035,BA,新北市,新莊區,新北市新莊區新北大道二段187號,121.4637298584,25.0607852936,B,交通接送服務(DA01),臺北市,松山區;信義區;大安區;中山區;中正區;大同區;萬華區;文山區;南港區;內湖區;士林區;北投區,02-8522-3262,shengan50658748@gmail.com,楊國勝,20240101.0,20261231.0,20240327 10:01:44
善興緣長期照護有限公司附設新北市私立善興緣居家長照機構,1R0200072,1,新北市,永和區,新北市永和區國中路30號1樓,121.5247268677,25.0055274963,B,居家服務,新北市,永和區,0936-863-042,s.x.y.longtermcare@gmail.com,孫泊榮,20250101.0,20271231.0,20250103 11:28:37
善興緣長期照護有限公司附設新北市私立善興緣居家長照機構,1R0200072,1,新北市,永和區,新北市永和區國中路30號1樓,121.5247268677,25.0055274963,B,喘息服務,新北市,永和區,0936-863-042,s.x.y.longtermcare@gmail.com,孫泊榮,20250101.0,20271231.0,20250103 11:29:07
新北市私立十方倉居家長照機構,1X0200142,1,新北市,中和區,新北市中和區景安路167巷30號1樓,121.5068817139,24.994808197,B,居家服務,新北市,板橋區;中和區;永和區;新莊區;新店區,0938-785-200,qq1234567890.tw@yahoo.com.tw,高偉淇,20250101.0,20271231.0,20241219 13:58:46
社團法人新北市銀髮族推廣協會(中和景安分站)(社照C),BE0200090,BE,新北市,中和區,新北市中和區景安里景安路167巷11號,121.5060272217,24.9947948456,C,巷弄長照站,新北市,中和區,0909706558,bo0987018250@gmail.com,林培修,20230101.0,20231231.0,20230719 11:24:51
合力旺健康事業股份有限公司附設新北市私立合力旺居家長照機構,1V0200097,1,新北市,瑞芳區,新北市瑞芳區岳王路10之4號1樓,121.8074951172,25.1109256744,B,居家服務,新北市,汐止區;瑞芳區;萬里區,0928-807-717,meifen0529@gmail.com,陳雲裳,20250101.0,20271231.0,20241223 10:51:45
社團法人台灣生活復能健康促進協會附設新北市私立愛迪樂東湖國小社區長照機構,2R0200020,2,新北市,林口區,新北市林口區西林里四維路201號3樓,121.3808822632,25.0759487152,B,喘息服務,新北市,新莊區;五股區;泰山區;林口區;八里區,02-26013638,adlersdaycare1@gmail.com,鍾孟修,20250101.0,20271231.0,20241225 10:30:28
新北市三重區永吉里辦公處(社照C),BF0200279,BF,新北市,三重區,新北市三重區永吉里自強路三段110巷15-2號1樓,121.4864349365,25.0747756958,C,巷弄長照站,新北市,三重區,02-8287-0006,j6rmp4u4571@gmail.com,劉蕙瑩,20230801.0,20230831.0,20230903 13:57:18
慈馨健康有限公司附設新北市私立康乃馨居家長照機構,1V0200099,1,新北市,蘆洲區,新北市蘆洲區環堤大道174號4樓,121.4564590454,25.0899047852,B,喘息服務,新北市,三重區;蘆洲區;五股區,82820382,piju660717@gmail.com,湯素菊,20250101.0,20271231.0,20241227 11:03:14
新北市私立惠眾居家長照機構,1X0200132,1,新北市,淡水區,新北市淡水區民權路111號3樓C06室,121.4602737427,25.1374797821,B,居家服務,新北市,淡水區;五股區;八里區,28085212,huizhong2023@gmail.com,陳愉芳,20250101.0,20271231.0,20241204 15:15:31
台灣居護股份有限公司附設新北市私立聯宜居家長照機構,1R0200068,1,新北市,樹林區,新北市樹林區樹興里啟智街80巷5號1樓,121.4192657471,24.9920768738,B,喘息服務,新北市,樹林區;鶯歌區;三峽區;瑞芳區;土城區;平溪區;雙溪區;貢寮區,02-82588088,service@thn-buurtzorg.com,汪秋蓉,20250101.0,20271231.0,20241204 14:07:48
新北市三峽區鳶山里辦公處(社照C),BG0200066,BG,新北市,三峽區,新北市三峽區鳶山里大勇路36巷2號、2-1號1-2樓,121.3667831421,24.9372901917,C,巷弄長照站,新北市,三峽區,0937834191,king620722@gmail.com,周文美,20240101.0,20241231.0,20240707 14:46:05
象心力股份有限公司附設新北市私立象心力居家長照機構,1V0200102,1,新北市,新店區,新北市新店區中正路619號1樓,121.5338058472,24.9889221191,B,居家服務,新北市,中和區;新店區,(02)2218-8655,a0903830680@gmail.com,陳佑玶,20250101.0,20271231.0,20241204 10:14:15
新北市私立惠眾居家長照機構,1X0200132,1,新北市,淡水區,新北市淡水區民權路111號3樓C06室,121.4602737427,25.1374797821,B,喘息服務,新北市,淡水區;五股區;八里區,28085212,huizhong2023@gmail.com,陳愉芳,20250101.0,20271231.0,20241204 15:16:12
家佳健康股份有限公司附設新北市私立品綸居家長照機構,1V0200088,1,新北市,蘆洲區,新北市蘆洲區集賢路209號4樓,121.4834442139,25.087146759,B,居家服務,新北市,三重區;蘆洲區,8286-1851,pinlun213@hotmail.com.tw,朱瑜慈,20250101.0,20271231.0,20250109 15:51:48
合力旺健康事業股份有限公司附設新北市私立合力旺居家長照機構,1V0200097,1,新北市,瑞芳區,新北市瑞芳區岳王路10之4號1樓,121.8074951172,25.1109256744,B,喘息服務,新北市,汐止區;瑞芳區;萬里區,0928-807-717,meifen0529@gmail.com,陳雲裳,20250101.0,20271231.0,20241223 10:52:51
新北市永和區民生里辦公處(社照C),BG0200069,BG,新北市,永和區,新北市永和區民生里民生路67巷45號1樓,121.5251617432,24.9975719452,C,巷弄長照站,新北市,永和區,02-2940-9888,f0932183189@icloud.com,黃新旺,20230801.0,20231231.0,20230808 11:24:30
新北市三重區自強里辦公處(社照C),BF0200278,BF,新北市,三重區,新北市三重區自強里正義北路256巷133號,121.4932403564,25.0678424835,C,巷弄長照站,新北市,三重區,02-2971-5209,j6rmp4u4571@gmail.com,王鴻賓,20230801.0,20231231.0,20230903 13:53:45
新北市三重區成功里辦公處(社照C),BF0200280,BF,新北市,三重區,新北市三重區成功里昌隆街36號,121.4917144775,25.0518836975,C,巷弄長照站,新北市,三重區,02-2977-2009,a0955050747@yahoo.com.tw,許玉娟,20230801.0,20230831.0,20230903 14:03:05
社團法人中華民國士林靈糧堂社會福利協會附設新北市私立石門社區長照機構,2R0200018,2,新北市,石門區,新北市石門區石門里中山路34號1樓,121.5664291382,25.2901630402,B,喘息服務,新北市,三芝區;石門區,26380085,shimen@slsc.org.tw,劉群茂,20250101.0,20271231.0,20241227 16:10:23
新北市私立十方倉居家長照機構,1X0200142,1,新北市,中和區,新北市中和區景安路167巷30號1樓,121.5068817139,24.994808197,B,喘息服務,新北市,板橋區;中和區;永和區;新莊區;新店區,0938-785-200,qq1234567890.tw@yahoo.com.tw,高偉淇,20250101.0,20271231.0,20241219 14:00:04
新北市市敏動齡健康關懷協會(泰山全興站),BF0200277,BF,新北市,泰山區,新北市泰山區全興里仁義路11巷1號,121.4322509766,25.0556182861,C,巷弄長照站,新北市,泰山區,0963-666198,sandy955215@gmail.com,陳惠仙,20240101.0,20241231.0,20240626 15:12:00
新北市蘆洲區長安里辦公處,BG0200073,BG,新北市,蘆洲區,新北市蘆洲區忠義里長安街96號4樓,121.4619369507,25.0807323456,C,巷弄長照站,新北市,蘆洲區,8285-1500,yawen18180@gmail.com,王彥貴,20230101.0,20231231.0,20230908 20:30:41
安泰居家有限公司附設新北市私立安泰居家長照機構,1V0200100,1,新北市,新莊區,新北市新莊區思源路601號5樓A9,121.4417648315,25.0845375061,B,居家服務,新北市,新莊區;五股區,02-7729-1855,antaihsc@gmail.com,劉俊裕,20250101.0,20271231.0,20241205 10:33:29
居達居家職能治療所,B50200016,B5,新北市,汐止區,新北市汐止區復興里023鄰新台五路一段159號12樓,121.6537704468,25.062417984,B,專業照護服務,新北市,三重區;新店區;三峽區;汐止區,0963227177,rehabilition@gmail.com,吳育學,20250101.0,20271231.0,20241225 11:51:54
居達居家職能治療所,B50200016,B5,新北市,汐止區,新北市汐止區復興里023鄰新台五路一段159號12樓,121.6537704468,25.062417984,B,專業照護服務,新北市,三重區;新店區;三峽區;汐止區,0963227177,rehabilition@gmail.com,吳育學,20231123.0,20241231.0,20231124 15:53:22
新北市永和區桂林里辦公處(社照C),BG0200067,BG,新北市,永和區,新北市永和區桂林里竹林路91巷60弄3號,121.5218658447,25.0129337311,C,巷弄長照站,新北市,永和區,0909062595,pikachu851997@gmail.com,盧宣蓉,20230801.0,20231231.0,20230801 14:18:33
新北市三峽區二鬮里辦公處(社照C),BG0200070,BG,新北市,三峽區,新北市三峽區大埔里中正路二段449號,121.3627548218,24.9067001343,C,巷弄長照站,新北市,三峽區,0930289876,king620722@gmail.com,陳孝皇,20240101.0,20241231.0,20240707 14:46:51
社團法人善志生命教育發展協會 (永和新生分站)(社照C),BE0200094,BE,新北市,永和區,新北市永和區新生里永平路368號2樓,121.5058746338,25.0138320923,C,巷弄長照站,新北市,永和區,02-2929-8973,mike9255@gmail.com,鄭明哲,20230101.0,20241231.0,20230908 21:08:19
新北市三重區慈祐里辦公處(社照C),BF0200287,BF,新北市,三重區,新北市三重區慈祐里仁愛街425巷9之1號,121.490852356,25.0818138123,C,巷弄長照站,新北市,三重區,02-8985-9241,j6rmp4u4571@gmail.com,謝豪能,20230801.0,20231231.0,20230915 19:34:17
新北市淡水區沙崙里辦公處(社照C),BF0200289,BF,新北市,淡水區,新北市淡水區沙崙里淡海路221號,,,C,巷弄長照站,新北市,淡水區,0933507344,yuzhu0857@gmail.com,彭瑀筑,20230901.0,20231231.0,20231031 20:00:27
喜苑健康股份有限公司附設新北市私立喜苑居家長照機構,1R0200071,1,新北市,板橋區,新北市板橋區溪城路71號8樓(A室),121.4706420898,25.0144062042,B,居家服務,新北市,板橋區;樹林區,02-2675-1797,xiyuan10150309@gmail.com,林德財,20250101.0,20271231.0,20241227 11:22:11
新北市三重區五常里辦公處(社照C),BF0200281,BF,新北市,三重區,新北市三重區五常里仁義街157巷96號1樓,121.4990005493,25.0820465088,C,巷弄長照站,新北市,三重區,02-2986-0420,lin0917995137@gmail.com,林忠諺,20230801.0,20230831.0,20230903 14:07:37
社團法人中華善德關懷協會(三峽站)(社照C),BF0200285,BF,新北市,三峽區,新北市三峽區溪南里介壽路二段136巷63號,121.3927154541,24.9331989288,C,巷弄長照站,新北市,三峽區,0975821326,peter.lee0326@gmail.com,李函軒,20240101.0,20241231.0,20240707 14:30:25
嘉寧居家護理所,B10200101,B1,新北市,中和區,新北市中和區建八路217號12樓,121.4906845093,24.9994239807,B,專業照護服務,新北市,板橋區;中和區;永和區;新店區;土城區;深坑區,02-22259895,hcwithyou@gmail.com,游巧齡,20230825.0,20241231.0,20230830 10:06:31
嘉寧居家護理所,B10200101,B1,新北市,中和區,新北市中和區建八路217號12樓,121.4906845093,24.9994239807,B,專業照護服務,新北市,板橋區;中和區;永和區;新店區;土城區,02-22259895,hcwithyou@gmail.com,游巧齡,20250101.0,20271231.0,20241219 11:14:27
瑞和診所,B20200255,B2,新北市,深坑區,新北市深坑區北深路三段99號6樓,121.605796814,25.0016670227,B,居家失能個案家庭醫師照護服務,新北市,深坑區;石碇區,02-2662-3302,juihoclinic@gmail.com,洪瑞苑,20250101.0,20271231.0,20241220 10:47:40
家佳健康股份有限公司附設新北市私立品綸居家長照機構,1V0200088,1,新北市,蘆洲區,新北市蘆洲區集賢路209號4樓,121.4834442139,25.087146759,B,喘息服務,新北市,三重區;蘆洲區,8286-1851,pinlun213@hotmail.com.tw,朱瑜慈,20250101.0,20271231.0,20250109 15:52:15
社團法人中華民國士林靈糧堂社會福利協會附設新北市私立石門社區長照機構,2R0200018,2,新北市,石門區,新北市石門區石門里中山路34號1樓,121.5664291382,25.2901630402,B,日間照顧服務,新北市,三芝區;石門區,26380085,shimen@slsc.org.tw,劉群茂,20250101.0,20271231.0,20241227 16:10:01
日馨居服實業有限公司附設新北市私立日馨居家長照機構,1R0200070,1,新北市,中和區,新北市中和區捷運路8-21號12樓,121.5104141235,24.9897651672,B,居家服務,新北市,板橋區;三重區;中和區,2943-0133,dayshinhomecare@gmail.com,傅翰強,20250101.0,20271231.0,20241217 14:40:55
福鷺社會企業有限公司附設新北市私立三重福鷺社區長照機構,2V0200007,2,新北市,三重區,新北市三重區正義北路195號4樓、4樓之1,121.4962615967,25.0682086945,B,日間照顧服務,新北市,板橋區;三重區;新莊區;蘆洲區;五股區,2988-0501,fuluseltc@gmail.com,張凱智,20250101.0,20271231.0,20241231 11:49:30
喜苑健康股份有限公司附設新北市私立喜苑居家長照機構,1R0200071,1,新北市,板橋區,新北市板橋區溪城路71號8樓(A室),121.4706420898,25.0144062042,B,喘息服務,新北市,板橋區;樹林區,02-2675-1797,xiyuan10150309@gmail.com,林德財,20250101.0,20271231.0,20241227 11:23:00
新北市中和區秀義里辦公處(社照C),BG0200072,BG,新北市,中和區,新北市中和區秀義里秀朗路三段66巷23號,121.5255584717,24.9946308136,C,巷弄長照站,新北市,中和區,0936119594,cargolf1168@yahoo.com.tw,張文亮,20230801.0,20231231.0,20230905 18:23:48
象心力股份有限公司附設新北市私立象心力居家長照機構,1V0200102,1,新北市,新店區,新北市新店區中正路619號1樓,121.5338058472,24.9889221191,B,喘息服務,新北市,中和區;新店區,(02)2218-8655,a0903830680@gmail.com,陳佑玶,20250101.0,20271231.0,20241204 10:14:42
居達居家職能治療所,B50200016,B5,新北市,汐止區,新北市汐止區復興里023鄰新台五路一段159號12樓,121.6537704468,25.062417984,B,專業照護服務(CC01),新北市,三重區;新店區;三峽區;汐止區,0963227177,rehabilition@gmail.com,吳育學,20231123.0,20241231.0,20240529 14:40:17
新北市私立秝達居家長照機構,1X0200143,1,新北市,板橋區,新北市板橋區新海路330號2樓,121.4604644775,25.0240898132,B,居家服務,新北市,板橋區,0909040908,ball658@yahoo.com.tw,郭宜錚,20250101.0,20271231.0,20241223 11:48:01
新北市私立秝達居家長照機構,1X0200143,1,新北市,板橋區,新北市板橋區新海路330號2樓,121.4604644775,25.0240898132,B,專業照護服務,新北市,板橋區,0909040908,ball658@yahoo.com.tw,郭宜錚,20240402.0,20241231.0,20240403 14:28:41
新北市三重區溪美里辦公處(社照C),BF0200273,BF,新北市,三重區,新北市三重區溪美里仁政街82號,121.4925918579,25.0775909424,C,巷弄長照站,新北市,三重區,02-89850578,j6rmp4u4571@gmail.com,葉仁德,20230701.0,20231231.0,20230802 15:40:44
翎果有限公司附設新北市私立翎果居家長照機構,1V0200103,1,新北市,蘆洲區,新北市蘆洲區中山一路161號3樓R10室,121.4749984741,25.0809993744,B,專業照護服務,新北市,三重區;蘆洲區,0936338360,Yiyi101786@gmail.com,張碩麟,20231207.0,20241231.0,20240527 14:51:52
翎果有限公司附設新北市私立翎果居家長照機構,1V0200103,1,新北市,蘆洲區,新北市蘆洲區中山一路161號3樓R10室,121.4749984741,25.0809993744,B,專業照護服務,新北市,三重區;蘆洲區,0936338360,Yiyi101786@gmail.com,張碩麟,20250101.0,20271231.0,20241226 10:56:28
翎果有限公司附設新北市私立翎果居家長照機構,1V0200103,1,新北市,蘆洲區,新北市蘆洲區中山一路161號3樓R10室,121.4749984741,25.0809993744,B,居家服務,新北市,三重區;蘆洲區,0936338360,Yiyi101786@gmail.com,張碩麟,20250101.0,20271231.0,20241226 10:56:48
立安健康事業有限公司附設新北市私立立安居家長照機構,1V0200105,1,新北市,蘆洲區,新北市蘆洲區中山一路161號3樓R09室,121.4749984741,25.0809993744,B,居家服務,新北市,三重區;蘆洲區;五股區;泰山區,0937908239,liancare2023@gmail.com,李淑珍,20250101.0,20271231.0,20241225 09:52:40
立安健康事業有限公司附設新北市私立立安居家長照機構,1V0200105,1,新北市,蘆洲區,新北市蘆洲區中山一路161號3樓R09室,121.4749984741,25.0809993744,B,喘息服務,新北市,三重區;蘆洲區;五股區;泰山區,0937908239,liancare2023@gmail.com,李淑珍,20250101.0,20271231.0,20241225 09:53:06
立詒長照有限公司附設新北市私立宥典居家長照機構,1R0200073,1,新北市,板橋區,新北市板橋區裕民街151號2樓,121.4586257935,25.0270347595,B,喘息服務,新北市,板橋區;樹林區;鶯歌區,02-22781719,liyi.longcare@gmail.com,蔣曉文,20250101.0,20271231.0,20241226 10:07:07
知恩長期照護有限公司附設新北市私立知恩居家長照機構,1V0200092,1,新北市,三峽區,新北市三峽區三峽區民生街106-2號3樓(E18),121.4593734741,25.0074157715,B,居家服務,新北市,板橋區;三峽區,0980-427-952,ases50424@gmail.com,吳詩婕,20250101.0,20271231.0,20241226 09:41:25
知恩長期照護有限公司附設新北市私立知恩居家長照機構,1V0200092,1,新北市,三峽區,新北市三峽區三峽區民生街106-2號3樓(E18),121.4593734741,25.0074157715,B,喘息服務,新北市,板橋區;三峽區,0980-427-952,ases50424@gmail.com,吳詩婕,20250101.0,20271231.0,20241226 09:41:51
新北市市敏動齡健康關懷協會(板橋文化站) (社照C),BF0200276,BF,新北市,板橋區,新北市板橋區文化里光武街48巷47弄7號2樓,121.4679718018,25.0273208618,C,巷弄長照站,新北市,板橋區,02-2253-2808,sandy955215@gmail.com,陳惠仙,20240101.0,20241231.0,20240531 21:29:07
日馨居服實業有限公司附設新北市私立日馨居家長照機構,1R0200070,1,新北市,中和區,新北市中和區捷運路8-21號12樓,121.5104141235,24.9897651672,B,喘息服務,新北市,板橋區;三重區;中和區,2943-0133,dayshinhomecare@gmail.com,傅翰強,20250101.0,20271231.0,20241217 14:41:26
煦橙股份有限公司附設新北市私立新店煦橙綜合長照機構,4V0200003,4,新北市,新店區,新北市新店區廣明里光明街98之1號4樓,121.5391159058,24.9603748322,B,居家服務,新北市,新店區,(02)8919-3656,morange3656@gmail.com,蔡雅伶,20250101.0,20271231.0,20241227 09:52:51
煦橙股份有限公司附設新北市私立新店煦橙綜合長照機構,4V0200003,4,新北市,新店區,新北市新店區廣明里光明街98之1號4樓,121.5391159058,24.9603748322,B,日間照顧服務,新北市,中和區;永和區;新店區,(02)8919-3656,morange3656@gmail.com,蔡雅伶,20250101.0,20271231.0,20241227 09:52:08
社團法人中華善德關懷協會(鶯歌站)(社照C),BE0200088,BE,新北市,鶯歌區,新北市鶯歌區鳳鳴里鳳鳴路547號,121.3300018311,24.9699993134,C,巷弄長照站,新北市,鶯歌區,0975821326,sd.shande@gmail.com,李函軒,20240101.0,20241231.0,20240707 14:29:33
元荷國際貿易有限公司附設新北市私立元荷居家長照機構,1R0200076,1,新北市,板橋區,新北市板橋區中山路一段293-1號7樓之1(701室),121.4585189819,25.012298584,B,居家服務,新北市,板橋區;三重區;中和區;林口區,02-22427675,glotus678@gmail.com,陳乙菲,20250101.0,20271231.0,20250114 10:00:19
浩盛國際人力顧問股份有限公司附設新北市私立浩盛居家長照機構,1V0200108,1,新北市,新莊區,新北市新莊區新北大道四段171號2樓YS201室,121.44581604,25.058631897,B,喘息服務,新北市,三重區;新莊區;泰山區,0903516204,haosheng11211@gmail.com,黃瑋翔,20250101.0,20271231.0,20241219 14:39:16
抵家長期照顧股份有限公司附設新北市私立抵家居家長照機構,1V0200089,1,新北市,三重區,新北市三重區三民街317巷1號,121.4909591675,25.0805015564,B,居家服務,新北市,板橋區;三重區;新莊區;蘆洲區,2989-0001,dijia2023@gmail.com,林思巧,20250101.0,20271231.0,20241218 14:28:01
抵家長期照顧股份有限公司附設新北市私立抵家居家長照機構,1V0200089,1,新北市,三重區,新北市三重區三民街317巷1號,121.4909591675,25.0805015564,B,喘息服務,新北市,板橋區;三重區;新莊區;蘆洲區,2989-0001,dijia2023@gmail.com,林思巧,20250101.0,20271231.0,20241218 14:28:32
惠生活事業股份有限公司附設新北市私立惠生活居家長照機構,1V0200104,1,新北市,板橋區,新北市板橋區中山路一段10號11樓1150室,121.4601211548,25.0079612732,B,喘息服務,新北市,板橋區;樹林區,0229557698,meifen0529@gmail.com,王惠如,20250101.0,20271231.0,20241216 10:49:20
居達居家職能治療所,B50200016,B5,新北市,汐止區,新北市汐止區復興里023鄰新台五路一段159號12樓,121.6537704468,25.062417984,B,專業照護服務(CC01),新北市,三重區;新店區;三峽區;汐止區,0963227177,rehabilition@gmail.com,吳育學,20250101.0,20271231.0,20241225 11:52:48
慈馨健康有限公司附設新北市私立康乃馨居家長照機構,1V0200099,1,新北市,蘆洲區,新北市蘆洲區環堤大道174號4樓,121.4564590454,25.0899047852,B,居家服務,新北市,三重區;蘆洲區;五股區,82820382,piju660717@gmail.com,湯素菊,20250101.0,20271231.0,20241227 11:02:40
安泰居家有限公司附設新北市私立安泰居家長照機構,1V0200100,1,新北市,新莊區,新北市新莊區思源路601號5樓A9,121.4417648315,25.0845375061,B,喘息服務,新北市,新莊區;五股區,02-7729-1855,antaihsc@gmail.com,劉俊裕,20250101.0,20271231.0,20241205 10:34:20
新北市私立秝達居家長照機構,1X0200143,1,新北市,板橋區,新北市板橋區新海路330號2樓,121.4604644775,25.0240898132,B,喘息服務,新北市,板橋區,0909040908,ball658@yahoo.com.tw,郭宜錚,20250101.0,20271231.0,20241223 11:48:20
翎果有限公司附設新北市私立翎果居家長照機構,1V0200103,1,新北市,蘆洲區,新北市蘆洲區中山一路161號3樓R10室,121.4749984741,25.0809993744,B,喘息服務,新北市,三重區;蘆洲區,0936338360,Yiyi101786@gmail.com,張碩麟,20250101.0,20271231.0,20241226 10:57:18
惠生活事業股份有限公司附設新北市私立惠生活居家長照機構,1V0200104,1,新北市,板橋區,新北市板橋區中山路一段10號11樓1150室,121.4601211548,25.0079612732,B,居家服務,新北市,板橋區;樹林區,0229557698,meifen0529@gmail.com,王惠如,20250101.0,20271231.0,20241216 10:48:46
社團法人輕安健康關懷協會新北市私立輕安汐止綜合長照機構,4R0200006,4,新北市,汐止區,新北市汐止區環河里福德一路392巷52號,121.6264038086,25.0634498596,B,日間照顧服務,新北市,汐止區;瑞芳區;深坑區;平溪區;金山區;萬里區,0912412600*6103,ltc001690@tzuchi.org.tw,林碧玉,20250101.0,20271231.0,20241226 15:37:06
社團法人輕安健康關懷協會新北市私立輕安汐止綜合長照機構,4R0200006,4,新北市,汐止區,新北市汐止區環河里福德一路392巷52號,121.6264038086,25.0634498596,B,喘息服務,新北市,汐止區;瑞芳區;深坑區;平溪區;金山區;萬里區,0912412600*6103,ltc001690@tzuchi.org.tw,林碧玉,20250101.0,20271231.0,20241226 15:37:46
立詒長照有限公司附設新北市私立宥典居家長照機構,1R0200073,1,新北市,板橋區,新北市板橋區裕民街151號2樓,121.4586257935,25.0270347595,B,居家服務,新北市,板橋區;樹林區;鶯歌區,02-22781719,liyi.longcare@gmail.com,蔣曉文,20250101.0,20271231.0,20241226 10:06:28
一斗長期照護股份有限公司附設新北市私立一斗居家長照機構,1R0200078,1,新北市,板橋區,新北市板橋區三民路二段33號14樓(A02室),121.4794158936,25.0176620483,B,喘息服務,新北市,板橋區;瑞芳區;雙溪區,0930365022,istilllove10917@gmail.com,游采玲,20250101.0,20271231.0,20241219 14:13:03
澄和有限公司附設新北市私立宜和居家長照機構,1R0200074,1,新北市,板橋區,新北市板橋區漢生東路21號9樓,121.6577911377,24.9181995392,B,居家服務,新北市,板橋區;中和區;永和區;新莊區,0932281127,yiho2310@gmail.com,吳聲朋,20250101.0,20271231.0,20241216 15:44:39
新北市板橋莒光天上聖母會,BF0200253,BF,新北市,板橋區,新北市板橋區莒光里文化路二段124巷8號,121.4705581665,25.0259037018,C,巷弄長照站,新北市,板橋區,0932947902,k0932947902@gmail.com,戴圭柱,20240101.0,20241231.0,20240531 21:23:32
福鷺社會企業有限公司附設新北市私立三重福鷺社區長照機構,2V0200007,2,新北市,三重區,新北市三重區正義北路195號4樓、4樓之1,121.4962615967,25.0682086945,B,喘息服務,新北市,板橋區;三重區;新莊區;蘆洲區;五股區,2988-0501,fuluseltc@gmail.com,張凱智,20250101.0,20271231.0,20241231 11:49:56
煦橙股份有限公司附設新北市私立新店煦橙綜合長照機構,4V0200003,4,新北市,新店區,新北市新店區廣明里光明街98之1號4樓,121.5391159058,24.9603748322,B,喘息服務,新北市,中和區;永和區;新店區,(02)8919-3656,morange3656@gmail.com,蔡雅伶,20250101.0,20271231.0,20241227 09:53:13
眾心企業股份有限公司附設新北市私立樂安居家長照機構,1V0200111,1,新北市,中和區,新北市中和區廣福路12-3號1樓,121.5053405762,25.0028591156,B,喘息服務,新北市,板橋區;中和區,0972533691,Raincy.chang@hotmail.com,白三奇,20250101.0,20271231.0,20241226 14:00:02
社團法人新北市復康愛關懷協會,BE0200096,BE,新北市,三峽區,新北市三峽區介壽路一段276巷108弄12號5樓,121.3797454834,24.9281902313,B,交通接送服務,新北市,樹林區;鶯歌區;三峽區,02-86743999,bd168372@gmail.com,陳歆,20250101.0,20271231.0,20241223 10:33:07
眾心企業股份有限公司附設新北市私立樂安居家長照機構,1V0200111,1,新北市,中和區,新北市中和區廣福路12-3號1樓,121.5053405762,25.0028591156,B,居家服務,新北市,板橋區;中和區,0972533691,Raincy.chang@hotmail.com,白三奇,20250101.0,20271231.0,20241226 13:58:28
澄和有限公司附設新北市私立宜和居家長照機構,1R0200074,1,新北市,板橋區,新北市板橋區漢生東路21號9樓,121.6577911377,24.9181995392,B,喘息服務,新北市,板橋區;中和區;永和區;新莊區,0932281127,yiho2310@gmail.com,吳聲朋,20250101.0,20271231.0,20241216 15:45:08
一斗長期照護股份有限公司附設新北市私立一斗居家長照機構,1R0200078,1,新北市,板橋區,新北市板橋區三民路二段33號14樓(A02室),121.4794158936,25.0176620483,B,居家服務,新北市,板橋區;瑞芳區;雙溪區,0930365022,istilllove10917@gmail.com,游采玲,20250101.0,20271231.0,20241219 14:12:01
達心居家護理所,B10200103,B1,新北市,三重區,新北市三重區重陽路二段52巷83弄3號2樓,121.4843521118,25.0656356812,B,專業照護服務,新北市,板橋區;三重區;土城區,02-29849640,dasin.nursing@gmail.com,林宜丹,20231218.0,20241231.0,20231221 09:16:34
新北市永和區中興里辦公處(社照C),BG0200060,BG,新北市,永和區,新北市永和區中興里復興街88號1樓,121.5172958374,25.0136299133,C,巷弄長照站,新北市,永和區,02-29266550,j6rmp4u4571@gmail.com,林東誼,20230101.0,20231231.0,20230530 21:19:51
幼恩診所,B20200256,B2,新北市,深坑區,新北市深坑區北深路三段173號,121.6017150879,25.0034942627,B,居家失能個案家庭醫師照護服務,新北市,深坑區,02-26625951,ho_yhs@yahoo.com.tw,何延祥,20250101.0,20271231.0,20250110 14:52:46
新北市樹林區東昇里辦公處(社照C),BF0200262,BF,新北市,樹林區,新北市樹林區東昇里3鄰中山路二段78-1號1樓(巡守隊辦公室),121.4153060913,24.9840679169,C,巷弄長照站,新北市,樹林區,(02)8685-6377,Power0922988383@gmail.com,詹麒叡,20230501.0,20231231.0,20230531 10:42:40
新北市永和區店街里辦公處(社照C),BG0200062,BG,新北市,永和區,新北市永和區店街里中正路465巷18號,121.516418457,25.0060062408,C,巷弄長照站,新北市,永和區,02-2920-7089,wanghsinjen@gmail.com,王訢人,20230501.0,20231231.0,20230531 20:32:29
恆愛實業有限公司附設新北市私立恆愛居家長照機構,1V0200109,1,新北市,三重區,新北市三重區重新路四段89號10樓A室,121.4861297607,25.0555782318,B,喘息服務,新北市,三重區;新莊區;蘆洲區;五股區;泰山區,2977-5001,hengai2023@gmail.com,張幼枝,20250101.0,20271231.0,20250204 11:51:53
承羲有限公司附設新北市私立承羲居家長照機構,1V0200113,1,新北市,板橋區,新北市板橋區文化路一段329號4樓(A05室),121.4663085938,25.0206661224,B,居家服務,新北市,板橋區;永和區,0956727686,chengxi5398@gmail.com,洪若婷,20250101.0,20271231.0,20241217 10:08:05
日日好日社會企業有限公司附設新北市私立時時好時社區長照機構,2V0200009,2,新北市,蘆洲區,新北市蘆洲區長樂路93號2樓,121.4624099731,25.0871315002,B,日間照顧服務,新北市,板橋區;三重區;新莊區;蘆洲區;五股區,82867600,haoday93@gmail.com,陳芷璿,20250101.0,20271231.0,20241227 14:28:00
光慈全人關懷股份有限公司附設新北市私立東昇社區長照機構,2V0200008,2,新北市,新店區,新北市新店區江陵里中正路500號1樓,121.5342636108,24.9823894501,B,日間照顧服務,新北市,板橋區;中和區;永和區;新店區;土城區;烏來區,8667-1018,lightlove8888@gmail.com,蘇燕玲,20250101.0,20271231.0,20241227 10:31:57
光慈全人關懷股份有限公司附設新北市私立東昇社區長照機構,2V0200008,2,新北市,新店區,新北市新店區江陵里中正路500號1樓,121.5342636108,24.9823894501,B,喘息服務,新北市,板橋區;中和區;永和區;新店區;土城區;烏來區,8667-1018,lightlove8888@gmail.com,蘇燕玲,20250101.0,20271231.0,20241227 10:32:27
新北市私立新莊不老社區長照機構,2X0200025,2,新北市,新莊區,新北市新莊區興漢里中正路160號3樓,121.4512939453,25.0360031128,B,喘息服務,新北市,新莊區,0937917829,longtermcare.xz2@gmail.com,陳昱翔,20250101.0,20271231.0,20250106 11:29:15
社團法人台灣微光行動協會(基隆市),BA0200036,BA,新北市,新店區,新北市新店區文化路80巷11號,121.4971466064,24.9469852448,B,交通接送服務(DA01),基隆市,中正區;七堵區;暖暖區;仁愛區;中山區;安樂區;信義區,02-29127989,allenwu@bethelight.org.tw,李嘉峰,20250101.0,20271231.0,20250305 18:22:23
社團法人台灣微光行動協會(基隆市),BA0200036,BA,新北市,新店區,新北市新店區文化路80巷11號,121.4971466064,24.9469852448,B,社區式交通接送服務(BD03),基隆市,中正區;七堵區;暖暖區;仁愛區;中山區;安樂區;信義區,02-29127989,allenwu@bethelight.org.tw,李嘉峰,20250101.0,20271231.0,20250305 18:22:23
全醫好健康有限公司附設新北市私立十全居家長照機構,1V0200116,1,新北市,蘆洲區,新北市蘆洲區中山一路161號3樓R11室,121.475479126,25.0814914703,B,專業照護服務,新北市,三重區;蘆洲區,0925790290,gsk.md.ada@gmail.com,俞政文,20250101.0,20271231.0,20250306 15:22:58
全醫好健康有限公司附設新北市私立十全居家長照機構,1V0200116,1,新北市,蘆洲區,新北市蘆洲區中山一路161號3樓R11室,121.475479126,25.0814914703,B,喘息服務,新北市,三重區;蘆洲區,0925790290,gsk.md.ada@gmail.com,俞政文,20250101.0,20271231.0,20241217 11:35:00
中華璟濰長照發展協會(社照C),BF0200265,BF,新北市,中和區,新北市中和區安順里安平路40號,121.5101089478,24.995267868,C,巷弄長照站,新北市,中和區,02-82458585,cwcare2019@gmail.com,王瑀潔,20230101.0,20231231.0,20230531 16:57:16
擁心健康事業有限公司附設新北市私立瓏寶居家式長照機構,1R0200079,1,新北市,淡水區,新北市淡水區民權路111號3樓B03室,121.4602661133,25.137462616,B,居家服務,新北市,淡水區;蘆洲區;五股區,0975506075,yungshin2001@gmail.com,魏向岑,20250101.0,20271231.0,20250110 14:11:40
福善有限公司附設新北市私立福善居家長照機構,1R0200088,1,新北市,金山區,新北市金山區中山路316號1樓,121.6341781616,25.2249698639,B,居家服務,新北市,金山區;萬里區,0958-660812,sunny37470@yahoo.com.tw,陳宥羚,20250101.0,20271231.0,20241226 10:45:27
恆愛實業有限公司附設新北市私立恆愛居家長照機構,1V0200109,1,新北市,三重區,新北市三重區重新路四段89號10樓A室,121.4861297607,25.0555782318,B,居家服務,新北市,三重區;新莊區;蘆洲區;五股區;泰山區,2977-5001,hengai2023@gmail.com,張幼枝,20250101.0,20271231.0,20250204 11:51:02
承羲有限公司附設新北市私立承羲居家長照機構,1V0200113,1,新北市,板橋區,新北市板橋區文化路一段329號4樓(A05室),121.4663085938,25.0206661224,B,喘息服務,新北市,板橋區;永和區,0956727686,chengxi5398@gmail.com,洪若婷,20250101.0,20271231.0,20241217 10:09:11
沐松有限公司附設新北市私立沐松居家長照機構,1R0200075,1,新北市,板橋區,新北市板橋區三民路二段33號14樓(B5室),121.4655303955,25.0134391785,B,居家服務,新北市,板橋區;三重區,0961199163,maison199163@gmail.com,莊婷茹,20250101.0,20271231.0,20241226 10:21:19
沛熙居家護理所,B10200105,B1,新北市,汐止區,新北市汐止區新台五路一段95號16樓之1(R3室),121.6479644775,25.0616207123,B,專業照護服務,新北市,汐止區,0986-125697,peiyi1121106@gmail.com,陳沛希,20240322.0,20241231.0,20240325 10:08:23
沐松有限公司附設新北市私立沐松居家長照機構,1R0200075,1,新北市,板橋區,新北市板橋區三民路二段33號14樓(B5室),121.4655303955,25.0134391785,B,喘息服務,新北市,板橋區;三重區,0961199163,maison199163@gmail.com,莊婷茹,20250101.0,20271231.0,20241226 10:22:08
元荷國際貿易有限公司附設新北市私立元荷居家長照機構,1R0200076,1,新北市,板橋區,新北市板橋區中山路一段293-1號7樓之1(701室),121.4585189819,25.012298584,B,喘息服務,新北市,板橋區;三重區;中和區;林口區,02-22427675,glotus678@gmail.com,陳乙菲,20250101.0,20271231.0,20250114 10:00:54
雙寶醫療器材有限公司,BB0200008,BB,新北市,三峽區,新北市三峽區復興路485號1樓,121.3613433838,24.9383716583,B,輔具及居家無障礙環境服務,臺中市,中區;東區;南區;西區;北區;西屯區;南屯區;北屯區;豐原區;東勢區;大甲區;清水區;沙鹿區;梧棲區;后里區;神岡區;潭子區;大雅區;新社區;石岡區;外埔區;大安區;烏日區;大肚區;龍井區;霧峰區;太平區;大里區;和平區,02-2671-2002,bbhomecare5888@gmail.com,詹雅惠,20240701.0,20270630.0,20240621 10:28:52
浩盛國際人力顧問股份有限公司附設新北市私立浩盛居家長照機構,1V0200108,1,新北市,新莊區,新北市新莊區新北大道四段171號2樓YS201室,121.44581604,25.058631897,B,居家服務,新北市,三重區;新莊區;泰山區,0903516204,haosheng11211@gmail.com,黃瑋翔,20250101.0,20271231.0,20241219 14:38:54
擁心健康事業有限公司附設新北市私立瓏寶居家式長照機構,1R0200079,1,新北市,淡水區,新北市淡水區民權路111號3樓B03室,121.4602661133,25.137462616,B,喘息服務,新北市,新莊區;淡水區;五股區,0975506075,yungshin2001@gmail.com,魏向岑,20250101.0,20271231.0,20250110 14:12:16
新北市私立新莊不老社區長照機構,2X0200025,2,新北市,新莊區,新北市新莊區興漢里中正路160號3樓,121.4512939453,25.0360031128,B,日間照顧服務,新北市,新莊區,0937917829,longtermcare.xz2@gmail.com,陳昱翔,20250101.0,20271231.0,20250106 11:28:43
全醫好健康有限公司附設新北市私立十全居家長照機構,1V0200116,1,新北市,蘆洲區,新北市蘆洲區中山一路161號3樓R11室,121.475479126,25.0814914703,B,專業照護服務,新北市,三重區;蘆洲區,0925790290,gsk.md.ada@gmail.com,俞政文,20240516.0,20241231.0,20240520 09:38:03
全醫好健康有限公司附設新北市私立十全居家長照機構,1V0200116,1,新北市,蘆洲區,新北市蘆洲區中山一路161號3樓R11室,121.475479126,25.0814914703,B,居家服務,新北市,三重區;蘆洲區,0925790290,gsk.md.ada@gmail.com,俞政文,20250101.0,20271231.0,20241217 11:34:37
日日好日社會企業有限公司附設新北市私立時時好時社區長照機構,2V0200009,2,新北市,蘆洲區,新北市蘆洲區長樂路93號2樓,121.4624099731,25.0871315002,B,喘息服務,新北市,板橋區;三重區;新莊區;蘆洲區;五股區,82867600,haoday93@gmail.com,陳芷璿,20250101.0,20271231.0,20241227 14:28:44
品佳居家有限公司附設新北市私立品佳居家長照機構,1R0200083,1,新北市,淡水區,新北市淡水區民權路111號3樓B06室,121.4602661133,25.137462616,B,居家服務,新北市,淡水區;三芝區;八里區,0978907689,huang.cleo@gmail.com,黃怡仁,20250101.0,20271231.0,20241204 11:21:50
品佳居家有限公司附設新北市私立品佳居家長照機構,1R0200083,1,新北市,淡水區,新北市淡水區民權路111號3樓B06室,121.4602661133,25.137462616,B,喘息服務,新北市,淡水區;三芝區;八里區,0978907689,huang.cleo@gmail.com,黃怡仁,20250101.0,20271231.0,20241204 11:22:34
京安居家照護有限公司附設新北市私立京安居家長照機構,1R0200067,1,新北市,三峽區,新北市三峽區民生街152-2號2樓,121.3720474243,24.9351577759,B,喘息服務,新北市,鶯歌區;三峽區,02-86720586,jingan86720586@gmail.com,林朋蓁,20250101.0,20271231.0,20250110 16:07:09
新北市疼厝邊關懷協會(社照C),BF0200267,BF,新北市,新莊區,新北市新莊區興漢里武前街27號,121.4503555298,25.032743454,C,巷弄長照站,新北市,新莊區,29928506,sjpct.mail@msa.hinet.net,柯賢仁,20230501.0,20231231.0,20230531 19:10:26
京安居家照護有限公司附設新北市私立京安居家長照機構,1R0200067,1,新北市,三峽區,新北市三峽區民生街152-2號2樓,121.3720474243,24.9351577759,B,居家服務,新北市,鶯歌區;三峽區,02-86720586,jingan86720586@gmail.com,林朋蓁,20250101.0,20271231.0,20250110 16:06:22
聯安長照股份有限公司附設新北市私立聯安居家長照機構,1R0200087,1,新北市,新莊區,新北市新莊區中港路240號2樓,121.4539871216,25.0432090759,B,居家服務,新北市,新莊區,0922-585639,miss681208@yahoo.com.tw,林雅貞,20250101.0,20271231.0,20241204 15:57:22
璟宇股份有限公司附設新北市私立不老居家長照機構,1V0200117,1,新北市,新店區,新北市新店區北新路二段21號3樓,121.5426635742,24.9717292786,B,喘息服務,新北市,新店區,0956599593,gyu94230151@gmail.com,楊宇娟,20250101.0,20271231.0,20241217 11:20:57
新北市三重區三民里辦公處(社照C),BF0200296,BF,新北市,三重區,新北市三重區三民里重陽路二段34巷11號1樓,121.4865875244,25.0633392334,C,巷弄長照站,新北市,三重區,0933131966,k598388@yahoo.com.tw,謝素玲,20240101.0,20241231.0,20240509 10:43:11
社團法人愛福家協會附設新北市私立永和愛活樂園社區長照機構,2R0200017,2,新北市,永和區,新北市永和區保順里仁愛路306巷62號、66號,121.5020980835,25.0094947815,B,日間照顧服務,新北市,板橋區;中和區;永和區,2231-0080,rd11@ilive.org.tw,涂林德媛,20250101.0,20271231.0,20241227 09:28:48
百恩居家長照有限公司附設新北市私立百恩居家長照機構,1R0200084,1,新北市,汐止區,新北市汐止區建成路59巷89號1樓,121.6606063843,25.0719871521,B,居家服務,新北市,汐止區,0919988079,biowon5989@gmail.com,吳秀梅,20250101.0,20271231.0,20241217 14:30:02
百恩居家長照有限公司附設新北市私立百恩居家長照機構,1R0200084,1,新北市,汐止區,新北市汐止區建成路59巷89號1樓,121.6606063843,25.0719871521,B,喘息服務,新北市,汐止區,0919988079,biowon5989@gmail.com,吳秀梅,20250101.0,20271231.0,20241217 14:30:31
新北市三峽區老人會(溪北站)(社照C),BF0200271,BF,新北市,三峽區,新北市三峽區溪北里介壽路三段148號1-2樓,121.4013137817,24.943189621,C,巷弄長照站,新北市,三峽區,0901315119,a0901315119@gmail.com,劉清盛,20240101.0,20241231.0,20240707 14:43:17
明倉健康事業股份有限公司附設新北市私立恩倉居家長照機構,1V0200115,1,新北市,林口區,新北市林口區湖南里仁愛路二段502號13樓之3(1306D室),121.3754348755,25.0764636993,B,喘息服務,新北市,林口區,0935304859,encangcare@gmail.com,黃周月桂,20250101.0,20271231.0,20241216 15:26:59
新北市三重區永發里辦公處(社照C),BF0200298,BF,新北市,三重區,新北市三重區永發里中正北路193巷45號2樓,121.4755859375,25.0710811615,C,巷弄長照站,新北市,三重區,0921927189,as29845190@yahoo.com,陳綉娜,20240101.0,20241231.0,20240509 10:52:13
晴天長照服務股份有限公司附設新北市私立晴天居家長照機構,1V0200114,1,新北市,汐止區,新北市汐止區新台五路一段95號24樓(A室),121.6356201172,25.0565872192,B,喘息服務,新北市,汐止區,0987691886,tpnh2501@gmail.com,朱豫章,20250101.0,20271231.0,20241227 11:26:32
安陽永興健康有限公司附設新北市私立安陽社區長照機構,2V0200010,2,新北市,三重區,新北市三重區重新路五段637號3樓,121.4669723511,25.0435504913,B,日間照顧服務,新北市,板橋區;三重區;新莊區;樹林區;蘆洲區;五股區;泰山區,2999-4689,anyangdaycare@gmail.com,蔡季蓉,20250101.0,20271231.0,20241213 10:46:26
安陽永興健康有限公司附設新北市私立安陽社區長照機構,2V0200010,2,新北市,三重區,新北市三重區重新路五段637號3樓,121.4669723511,25.0435504913,B,喘息服務,新北市,板橋區;三重區;新莊區;樹林區;蘆洲區;五股區;泰山區,2999-4689,anyangdaycare@gmail.com,蔡季蓉,20250101.0,20271231.0,20241213 10:47:02
晴天長照服務股份有限公司附設新北市私立晴天居家長照機構,1V0200114,1,新北市,汐止區,新北市汐止區新台五路一段95號24樓(A室),121.6356201172,25.0565872192,B,居家服務,新北市,汐止區,0987691886,tpnh2501@gmail.com,朱豫章,20250101.0,20271231.0,20241227 11:26:12
明倉健康事業股份有限公司附設新北市私立恩倉居家長照機構,1V0200115,1,新北市,林口區,新北市林口區湖南里仁愛路二段502號13樓之3(1306D室),121.3754348755,25.0764636993,B,居家服務,新北市,林口區,0935304859,encangcare@gmail.com,黃周月桂,20250101.0,20271231.0,20241216 15:26:32
衛生福利部雙和醫院附設居家護理所(委託臺北醫學大學興建經營),B10200104,B1,新北市,中和區,新北市中和區中正路291號B1(第二醫療大樓B1社區醫學部),121.4940795898,24.9937458038,B,居家失能個案家庭醫師照護服務,新北市,中和區;永和區;深坑區,02-2249-0088,12049@s.tmu.edu.tw,蘇韻如,20250101.0,20271231.0,20241225 14:54:19
躍旭居家物理治療所,B40200035,B4,新北市,三芝區,新北市三芝區淡金路二段67號4樓之1,121.5042266846,25.2601070404,B,專業照護服務,新北市,板橋區;三重區;新莊區;新店區;樹林區;淡水區;土城區;蘆洲區;五股區;三芝區;石門區;八里區;金山區;萬里區,0958259580,yxlc2024@gmail.com,林育名,20240307.0,20241231.0,20240311 13:54:14
新北市私立立新居家長照機構,1X0200151,1,新北市,新莊區,新北市新莊區中原里新北大道四段179號16樓之5,121.4459152222,25.0583133698,B,喘息服務,新北市,新莊區,0975824913,s.naamaa11@gmail.com,蘇新麒,20250101.0,20271231.0,20241204 13:59:19
社團法人中華善德關懷協會(永和站)(社照C),BE0200091,BE,新北市,永和區,新北市永和區秀林里永元路122號2樓,121.5228881836,25.0027885437,C,巷弄長照站,新北市,永和區,0905196636,ann.joue222@gmail.com,李函軒,20240701.0,20240801.0,20230726 12:27:24
新北市金山區萬壽社區發展協會,BF0200272,BF,新北市,金山區,新北市金山區萬壽里海興路116號,121.6318359375,25.2381877899,C,巷弄長照站,新北市,金山區,0958565930,rabbit64413@hotmail.com,趙士超,20230701.0,20231231.0,20230728 14:11:23
承源資業股份有限公司附設新北市私立聯恩居家長照機構,1V0200098,1,新北市,三重區,新北市三重區重陽路三段115號2樓,121.4907684326,25.0685806274,B,居家服務,新北市,三重區;淡水區;蘆洲區,82588088,service@thn-buurtzorg.com,張宏庠,20250101.0,20271231.0,20241204 14:30:55
承源資業股份有限公司附設新北市私立聯恩居家長照機構,1V0200098,1,新北市,三重區,新北市三重區重陽路三段115號2樓,121.4907684326,25.0685806274,B,喘息服務,新北市,三重區;淡水區;蘆洲區,82588088,service@thn-buurtzorg.com,張宏庠,20250101.0,20271231.0,20241204 14:31:46
躍旭居家物理治療所,B40200035,B4,新北市,三芝區,新北市三芝區淡金路二段67號4樓之1,121.5042266846,25.2601070404,B,專業照護服務(CC01),新北市,板橋區;三重區;新莊區;新店區;樹林區;淡水區;土城區;蘆洲區;五股區;三芝區;石門區;八里區;金山區;萬里區,0958259580,yxlc2024@gmail.com,林育名,20240307.0,20241231.0,20240508 11:58:15
躍旭居家物理治療所,B40200035,B4,新北市,三芝區,新北市三芝區淡金路二段67號4樓之1,121.5042266846,25.2601070404,B,專業照護服務,新北市,板橋區;三重區;新莊區;新店區;樹林區;淡水區;土城區;蘆洲區;五股區;三芝區;石門區;八里區;金山區;萬里區,0958259580,yxlc2024@gmail.com,林育名,20250101.0,20271231.0,20241213 14:44:20
躍旭居家物理治療所,B40200035,B4,新北市,三芝區,新北市三芝區淡金路二段67號4樓之1,121.5042266846,25.2601070404,B,專業照護服務(CC01),新北市,板橋區;三重區;新莊區;新店區;樹林區;淡水區;土城區;蘆洲區;五股區;三芝區;石門區;八里區;金山區;萬里區,0958259580,yxlc2024@gmail.com,林育名,20250101.0,20271231.0,20241213 14:45:22
新北市私立立新居家長照機構,1X0200151,1,新北市,新莊區,新北市新莊區中原里新北大道四段179號16樓之5,121.4459152222,25.0583133698,B,居家服務,新北市,新莊區,0975824913,s.naamaa11@gmail.com,蘇新麒,20250101.0,20271231.0,20241204 13:58:48
新北市三峽區中埔里辦公處(社照C),BG0200071,BG,新北市,三峽區,新北市三峽區中埔里大同路266-268號1樓,121.3655395508,24.9253463745,C,巷弄長照站,新北市,三峽區,0987008319,AR3745@ntpc.gov.tw,翁聖濰,20240101.0,20241231.0,20240707 14:47:43
財團法人恆安社會福利慈善事業基金會附設新北市私立恆安住宿長照機構,3S0200001,3,新北市,中和區,新北市中和區立德街200巷12號2至6樓,121.4853210449,25.0097007751,B,喘息服務,新北市,板橋區;三重區;中和區;永和區;新莊區;新店區;樹林區;鶯歌區;三峽區;淡水區;汐止區;瑞芳區;土城區;蘆洲區;五股區;泰山區;林口區;深坑區;石碇區;坪林區;三芝區;石門區;八里區;平溪區;雙溪區;貢寮區;金山區;萬里區;烏來區,(02)22217989,1050901168@hangan.org,胡世賢,20250101.0,20271231.0,20250102 10:23:46
新北市政府社會局委託財團法人伊甸社會福利基金會辦理新店中正社區長照機構(新店中正障礙者日間照顧中心),2S0200038,2,新北市,新店區,新北市新店區中正里中正路263巷16號4樓,121.5380325317,24.9729232788,B,喘息服務,新北市,板橋區;三重區;中和區;永和區;新店區;鶯歌區;三峽區;汐止區;土城區,0229113067,dep546@eden.org.tw,陳宇昭,20250101.0,20271231.0,20241220 10:52:04
新北市三重區正安里辦公處(社照C),BF0200288,BF,新北市,三重區,新北市三重區正安里大智街45-2號4樓,121.4934387207,25.0666027069,C,巷弄長照站,新北市,三重區,02-2984-2688,j6rmp4u4571@gmail.com,高素梅,20230801.0,20230831.0,20230915 19:39:04
財團法人新北市精睿照護教育基金會,BF0200293,BF,新北市,板橋區,新北市板橋區忠誠里文化路一段309號1樓,121.464630127,25.0195178986,C,巷弄長照站,新北市,板橋區,0911172328,yehshuhui@mmc.edu.tw,楊崑德,20240401.0,20241231.0,20240531 21:30:32
新北市三峽區老人會(秀川站)(社照C),BF0200290,BF,新北市,三峽區,新北市三峽區秀川里忠孝街25之5號1樓、2樓,121.3711700439,24.9342727661,C,巷弄長照站,新北市,三峽區,0986198672,a0901315119@gmail.com,駱傳承,20240501.0,20241231.0,20240412 20:49:14
新北市丰恩社會關懷協會(社照C),BF0200291,BF,新北市,三重區,新北市三重區碧華里集智街5號,0.0,0.0,C,巷弄長照站,新北市,三重區,02-22831223,jerrylovesnow@gmail.com,李朱秦,20240401.0,20241231.0,20240419 11:43:21
社團法人振生長期照顧協會,BE0200095,BE,新北市,板橋區,新北市板橋區新生里新生街23巷1弄4號4樓,121.4559020996,25.0215568542,B,交通接送服務(DA01),新北市,板橋區;三重區;中和區;永和區;新莊區;新店區;樹林區;三峽區;土城區;蘆洲區,0987456405,allen07731@gmail.com,黃郁珊,20250101.0,20271231.0,20250109 11:38:26
社團法人振生長期照顧協會,BE0200095,BE,新北市,板橋區,新北市板橋區新生里新生街23巷1弄4號4樓,121.4559020996,25.0215568542,B,社區式交通接送服務(BD03),新北市,板橋區;三重區;中和區;永和區;新莊區;新店區;樹林區;三峽區;土城區;蘆洲區,0987456405,allen07731@gmail.com,黃郁珊,20250101.0,20271231.0,20250109 11:38:45
社團法人新北市銀髮族關懷推廣協會(中和仁和分站)(社照C),BE0200093,BE,新北市,中和區,新北市中和區仁和里連城路477巷6弄1號,121.4830780029,24.9950027466,C,巷弄長照站,新北市,中和區,0909706558,bo987018250@gmail.com,林培修,20230901.0,20231231.0,20230905 18:15:46
慈家居家護理所,B10200106,B1,新北市,林口區,新北市林口區文化三路一段39巷283號12樓,121.3603134155,25.0687713623,B,專業照護服務,新北市,新莊區;林口區,02-26009118,cijia1121016@gmail.com,曾麗芬,20241016.0,20241231.0,20241022 10:49:28
慈家居家護理所,B10200106,B1,新北市,林口區,新北市林口區文化三路一段39巷283號12樓,121.3603134155,25.0687713623,B,居家失能個案家庭醫師照護服務,新北市,新莊區;樹林區;泰山區;林口區,02-26009118,cijia1121016@gmail.com,曾麗芬,20250101.0,20271231.0,20241227 09:49:40
真祐居家有限公司附設新北市私立真祐居家長照機構,1V0200120,1,新北市,林口區,新北市林口區文化三路一段165號2樓(A室),121.3616790771,25.0692653656,B,居家服務,新北市,林口區,0901-315-657,zhenyou2024@gmail.com,詹翔凱,20250101.0,20271231.0,20241220 11:17:20
真祐居家有限公司附設新北市私立真祐居家長照機構,1V0200120,1,新北市,林口區,新北市林口區文化三路一段165號2樓(A室),121.3616790771,25.0692653656,B,喘息服務,新北市,林口區,0901-315-657,zhenyou2024@gmail.com,詹翔凱,20250101.0,20271231.0,20241220 11:18:22
聯安長照股份有限公司附設新北市私立聯安居家長照機構,1R0200087,1,新北市,新莊區,新北市新莊區中港路240號2樓,121.4539871216,25.0432090759,B,喘息服務,新北市,新莊區,0922-585639,miss681208@yahoo.com.tw,林雅貞,20250101.0,20271231.0,20241204 15:58:10
璟宇股份有限公司附設新北市私立不老居家長照機構,1V0200117,1,新北市,新店區,新北市新店區北新路二段21號3樓,121.5426635742,24.9717292786,B,居家服務,新北市,新店區,0956599593,gyu94230151@gmail.com,楊宇娟,20250101.0,20271231.0,20241217 11:19:11
中化銀髮事業股份有限公司附設新北市私立土城暖時光社區長照機構,2R0200022,2,新北市,土城區,新北市土城區莊園街157號1樓,121.4477005005,24.9824619293,B,喘息服務,新北市,板橋區;中和區;樹林區;土城區,2263-0958,chienwen.ni@ccpc.com.tw,王謝怡貞,20250101.0,20271231.0,20241216 09:55:14
中華民國樂齡生活規劃協會(中港第二站)(社照C),BF0200299,BF,新北市,新莊區,新北市新莊區中華里中港路350號4樓,121.451965332,25.0463123322,C,巷弄長照站,新北市,新莊區,02-8521-0176,nhppkn@gmail.com,陳宏定,20240101.0,20241231.0,20240509 21:47:27
新北市香柏樹樂齡關懷協會(社照C),BF0200292,BF,新北市,三重區,新北市三重區永德里自強路三段42巷11號1樓,121.4859695435,25.0726394653,C,巷弄長照站,新北市,三重區,0988652575,cheriehsiao@gmail.com,林世賢,20240301.0,20241231.0,20240419 11:48:22
新北市愛笑瑜伽協會(五谷站)(社照C),BF0200295,BF,新北市,三重區,新北市三重區五谷里五谷王北街48巷18號2樓,121.4751739502,25.050775528,C,巷弄長照站,新北市,三重區,89883840,smile.yoga.xinbei2017@gmail.com,黃金柱,20240101.0,20241231.0,20240509 09:54:56
珍玉長照有限公司附設新北市私立珍玉居家長照機構,1V0200121,1,新北市,新莊區,新北市新莊區思源路502號3樓,121.4605255127,25.0550575256,B,居家服務,新北市,新莊區,02-85213236,chi.333383@gmail.com,呂秀珍,20250101.0,20271231.0,20241226 09:58:15
健康啟動管理顧問有限公司附設新北市私立穩健居家長照機構,1V0200118,1,新北市,五股區,新北市五股區登林路96號6樓,121.4284515381,25.069852829,B,居家服務,新北市,五股區,02-22929155,healthactivation2024@gmail.com,卓淑渝,20250101.0,20271231.0,20241217 11:53:43
新北市永和區大新里辦公處(社照C),BG0200081,BG,新北市,永和區,新北市永和區大新里大新街45巷1之1號1樓,121.5156021118,25.008769989,C,巷弄長照站,新北市,永和區,02-29270468,aa5770@ntpc.gov.tw,朱文燦,20240101.0,20241231.0,20240508 18:26:13
財團法人伊甸社會福利基金會附設新北市私立樹林居家長照機構,1S0200022,1,新北市,樹林區,新北市樹林區日新街30號1樓,121.4227600098,24.9925403595,B,居家服務,新北市,樹林區,02-86741338,eden5060@eden.org.tw,陳宇昭,20250101.0,20271231.0,20241224 15:41:35
新北市蘆洲區仁復社區發展協會,BG0200074,BG,新北市,蘆洲區,新北市蘆洲區仁復里中山二路36巷7號,121.4743270874,25.0826435089,C,巷弄長照站,新北市,蘆洲區,8285-7595,yawen18180@gmail.com,吳世界,20230101.0,20231231.0,20230908 20:52:10
新北市中和區福和里辦公處,BG0200077,BG,新北市,中和區,新北市中和區福和里中山路二段131巷,121.5025634766,25.0020980835,C,巷弄長照站,新北市,中和區,0916807347,amiu.lu.831@gmail.com,簡健翔,20231001.0,20231231.0,20231101 15:32:18
福善有限公司附設新北市私立福善居家長照機構,1R0200088,1,新北市,金山區,新北市金山區中山路316號1樓,121.6341781616,25.2249698639,B,喘息服務,新北市,金山區;萬里區,0958-660812,sunny37470@yahoo.com.tw,陳宥羚,20250101.0,20271231.0,20241226 10:46:00
熊樂心有限公司附設新北市私立熊樂心居家長照機構,1V0200101,1,新北市,蘆洲區,新北市蘆洲區中山一路161號3樓R03室,121.4753036499,25.0816001892,B,居家服務,新北市,三重區;新莊區;蘆洲區,0958135505,Blshome1999@gmail.com,陳欣怡,20250101.0,20271231.0,20241219 11:12:04
大立亨租賃有限公司,BA0200037,BA,新北市,新店區,新北市新店區北新路三段40號,121.5423202515,24.9797668457,B,交通接送服務(DA01),臺北市,松山區;信義區;大安區;中山區;中正區;大同區;萬華區;文山區;南港區;內湖區;士林區;北投區,02-2917-5757,a0922455004@gmail.com,林勝文,20240101.0,20261231.0,20240625 13:19:12
新北市政府社會局委託財團法人伊甸社會福利基金會辦理新店中正社區長照機構(新店中正障礙者日間照顧中心),2S0200038,2,新北市,新店區,新北市新店區中正里中正路263巷16號4樓,121.5380325317,24.9729232788,B,日間照顧服務,新北市,板橋區;三重區;中和區;永和區;新店區;鶯歌區;三峽區;汐止區;土城區,0229113067,dep546@eden.org.tw,陳宇昭,20250101.0,20271231.0,20241220 10:50:56
瑞齡日照股份有限公司附設新北市私立惠國社區長照機構,2V0200012,2,新北市,新店區,新北市新店區中正路54巷28號4樓,121.5455245972,24.9705104828,B,日間照顧服務,新北市,中和區;永和區;新店區,0973211212,raec0825@gmail.com,楊茜茜,20250101.0,20271231.0,20241216 10:21:11
新北市中和區福南里辦公處(社照C),BG0200078,BG,新北市,中和區,新北市中和區福南里興南路二段34巷60號,121.5046691895,24.9885597229,C,巷弄長照站,新北市,中和區,0920859710,sylvica.chiou@msa.hinet.net,邱淑芬,20231001.0,20231231.0,20231101 15:41:52
新北市私立御安居家長照機構,1X0200145,1,新北市,板橋區,新北市板橋區雙十路二段10-1號7樓,121.4564590454,25.0130767822,B,喘息服務,新北市,板橋區,02-82581066,yuan1966.1121128@gmail.com,張美慧,20250101.0,20271231.0,20241218 11:02:38
拾光健康事業有限公司附設新北市私立拾光居家長照機構,1V0200107,1,新北市,新莊區,新北市新莊區中華路二段7號6樓(YS402),121.4535293579,25.0453166962,B,居家服務,新北市,板橋區;三重區;新莊區;蘆洲區,29908931,01011007love@gmail.com,呂雅婷,20250101.0,20271231.0,20241225 10:44:48
拾光健康事業有限公司附設新北市私立拾光居家長照機構,1V0200107,1,新北市,新莊區,新北市新莊區中華路二段7號6樓(YS402),121.4535293579,25.0453166962,B,喘息服務,新北市,板橋區;三重區;新莊區;蘆洲區,29908931,01011007love@gmail.com,呂雅婷,20250101.0,20271231.0,20241225 10:45:32
賀芯居家有限公司附設新北市私立賀芯居家長照機構,1R0200081,1,新北市,五股區,新北市五股區新城六路251號1樓(含夾層),121.4478530884,25.0933113098,B,喘息服務,新北市,中和區;永和區;新莊區;五股區;泰山區;林口區,0986360980,hoxin202309@gmail.com,許恬琪,20250101.0,20271231.0,20241226 14:47:55
賀芯居家有限公司附設新北市私立賀芯居家長照機構,1R0200081,1,新北市,五股區,新北市五股區新城六路251號1樓(含夾層),121.4478530884,25.0933113098,B,居家服務,新北市,中和區;永和區;新莊區;五股區;泰山區;林口區,0986360980,hoxin202309@gmail.com,許恬琪,20250101.0,20271231.0,20241226 14:47:30
瑞齡日照股份有限公司附設新北市私立惠國社區長照機構,2V0200012,2,新北市,新店區,新北市新店區中正路54巷28號4樓,121.5455245972,24.9705104828,B,喘息服務,新北市,中和區;永和區;新店區,0973211212,raec0825@gmail.com,楊茜茜,20250101.0,20271231.0,20241216 10:21:36
新北市私立銨芯居家長照機構,1X0200152,1,新北市,鶯歌區,新北市鶯歌區中山路143號1樓,121.349105835,24.9569149017,B,居家服務,新北市,鶯歌區,0906485921,anxinjujiamechanism@gmail.com,黃勝偉,20250101.0,20271231.0,20241203 16:05:43
和芸居家有限公司附設新北市私立和芸居家長照機構,1V0200124,1,新北市,汐止區,新北市汐止區新台五路一段95號20樓之6  (辦公室編號:XZ2-C1),121.6479644775,25.0616207123,B,喘息服務,新北市,汐止區,0912498681,qaz0912498681@gmail.com,唐文勇,20250101.0,20271231.0,20241213 11:34:28
財團法人伊甸社會福利基金會附設新北市私立樹林居家長照機構,1S0200022,1,新北市,樹林區,新北市樹林區日新街30號1樓,121.4227600098,24.9925403595,B,喘息服務,新北市,樹林區,02-86741338,eden5060@eden.org.tw,陳宇昭,20250101.0,20271231.0,20241224 15:42:05
健康啟動管理顧問有限公司附設新北市私立穩健居家長照機構,1V0200118,1,新北市,五股區,新北市五股區登林路96號6樓,121.4284515381,25.069852829,B,喘息服務,新北市,五股區,02-22929155,healthactivation2024@gmail.com,卓淑渝,20250101.0,20271231.0,20241217 11:54:28
新北市私立銨芯居家長照機構,1X0200152,1,新北市,鶯歌區,新北市鶯歌區中山路143號1樓,121.349105835,24.9569149017,B,喘息服務,新北市,鶯歌區,0906485921,anxinjujiamechanism@gmail.com,黃勝偉,20250101.0,20271231.0,20241203 16:06:12
新北市愛笑瑜伽協會(崇德站)(社照C),BF0200306,BF,新北市,三重區,新北市三重區崇德里仁孝街62號3樓,121.4973144531,25.0744590759,C,巷弄長照站,新北市,三重區,02-29730288,smile.yoga.xinbei2017@gmail.com,黃金柱,20240701.0,20241231.0,20240628 14:18:54
和芸居家有限公司附設新北市私立和芸居家長照機構,1V0200124,1,新北市,汐止區,新北市汐止區新台五路一段95號20樓之6  (辦公室編號:XZ2-C1),121.6479644775,25.0616207123,B,居家服務,新北市,汐止區,0912498681,qaz0912498681@gmail.com,唐文勇,20250101.0,20271231.0,20241213 11:34:08
新北市私立快樂之家社區長照機構,2X0200026,2,新北市,蘆洲區,新北市蘆洲區長安街220巷7號1樓,121.459236145,25.0850276947,B,家庭托顧服務,新北市,10;15;5;三重區;新莊區;蘆洲區;五股區;泰山區,0973-613277,a0930384188@gmail.com,魏淑苹,20250101.0,20271231.0,20241227 14:01:07
銳辛居家護理所,B10200107,B1,新北市,土城區,新北市土城區金城路三段26號1樓,121.4653320312,24.9862556458,B,專業照護服務,新北市,板橋區;中和區;樹林區;鶯歌區;三峽區;土城區,02-82628990,rayxin2024@gmail.com,盧鈺彬,20250101.0,20271231.0,20241225 11:20:41
承濤有限公司附設新北市私立承濤居家長照機構,1R0200090,1,新北市,樹林區,新北市樹林區中山路1段42號3樓,121.4238128662,24.9923343658,B,喘息服務,新北市,板橋區;樹林區,0912-878936,kenjifang@gmail.com,方科霽,20250101.0,20271231.0,20241220 16:13:39
沁耘健康企業有限公司附設新北市私立土城和果社區長照機構,2R0200023,2,新北市,土城區,新北市土城區學海街3號1樓及1樓夾層,121.4501724243,24.9809017181,B,日間照顧服務,新北市,板橋區;三重區;中和區;永和區;新莊區;新店區;樹林區;鶯歌區;三峽區;土城區;蘆洲區,02-82620558,hechodaycare@qinyunhealth.com,朱俐瑜,20250101.0,20271231.0,20241204 15:24:21
慈家居家護理所,B10200106,B1,新北市,林口區,新北市林口區文化三路一段39巷283號12樓,121.3603134155,25.0687713623,B,專業照護服務,新北市,新莊區;林口區,02-26009118,cijia1121016@gmail.com,曾麗芬,20250101.0,20271231.0,20241227 09:48:58
財團法人天主教主顧修女會(社照C),BD0200069,BD,新北市,泰山區,新北市泰山區泰友里新生路4號2樓,121.428237915,25.0448722839,C,巷弄長照站,新北市,泰山區,02-2906-2242,hsuan.hsieh@sp-mh.org,馬玉潔,20240101.0,20241231.0,20240509 20:31:08
蘇診所,B20200259,B2,新北市,新莊區,新北市新莊區民安路109號1樓,121.424697876,25.0249538422,B,居家失能個案家庭醫師照護服務,桃園市,龜山區,0988206936,min123an456road@gmail.com,蘇石泉,20240101.0,20251231.0,20240510 12:29:46
蘇診所,B20200259,B2,新北市,新莊區,新北市新莊區民安路109號1樓,121.424697876,25.0249538422,B,居家失能個案家庭醫師照護服務,臺北市,中正區;大同區;萬華區,0988206936,min123an456road@gmail.com,蘇石泉,20250101.0,20261231.0,20241231 12:38:44
銳辛居家護理所,B10200107,B1,新北市,土城區,新北市土城區金城路三段26號1樓,121.4653320312,24.9862556458,B,專業照護服務,新北市,板橋區;中和區;樹林區;鶯歌區;三峽區;土城區,02-82628990,rayxin2024@gmail.com,盧鈺彬,20240603.0,20241231.0,20240605 08:21:12
沁耘健康企業有限公司附設新北市私立土城和果社區長照機構,2R0200023,2,新北市,土城區,新北市土城區學海街3號1樓及1樓夾層,121.4501724243,24.9809017181,B,喘息服務,新北市,板橋區;三重區;中和區;永和區;新莊區;新店區;樹林區;鶯歌區;三峽區;土城區;蘆洲區,02-82620558,hechodaycare@qinyunhealth.com,朱俐瑜,20250101.0,20271231.0,20241204 15:25:09
大齡青松股份有限公司附設新北市私立崁頂社區長照機構,2R0200024,2,新北市,淡水區,新北市淡水區崁頂三路1號3樓,121.429977417,25.1957988739,B,日間照顧服務,新北市,淡水區;蘆洲區;五股區;三芝區;八里區,28059917,kandingmaster@qingsong.com.tw,陳央儒,20250101.0,20271231.0,20241213 11:24:49
中化銀髮事業股份有限公司附設新北市私立土城暖時光社區長照機構,2R0200022,2,新北市,土城區,新北市土城區莊園街157號1樓,121.4477005005,24.9824619293,B,日間照顧服務,新北市,板橋區;中和區;樹林區;土城區,2263-0958,chienwen.ni@ccpc.com.tw,王謝怡貞,20250101.0,20271231.0,20241216 09:54:49
社團法人台灣新住民生活成長協會(社照C),BF0200300,BF,新北市,三重區,新北市三重區二重里頂崁街192巷15號4樓,121.4766540527,25.0664539337,C,巷弄長照站,新北市,三重區,0972-105-585,Tnilge20230218@gmail.com,黃品溱,20240101.0,20241231.0,20240603 11:21:11
天使居長照財團法人附設新北市私立鑫淼天使居綜合長照機構,4J0200001,4,新北市,林口區,新北市林口區湖南里文林二街85號(2樓、3樓及4樓),121.3759841919,25.0873851776,B,日間照顧服務,新北市,新莊區;五股區;泰山區;林口區;八里區,26029262,xmangelhouse@gmail.com,姚霽光,20250101.0,20271231.0,20241218 09:56:44
熊樂心有限公司附設新北市私立熊樂心居家長照機構,1V0200101,1,新北市,蘆洲區,新北市蘆洲區中山一路161號3樓R03室,121.4753036499,25.0816001892,B,喘息服務,新北市,三重區;新莊區;蘆洲區,0958135505,Blshome1999@gmail.com,陳欣怡,20250101.0,20271231.0,20241219 11:12:31
天使居長照財團法人附設新北市私立鑫淼天使居綜合長照機構,4J0200001,4,新北市,林口區,新北市林口區湖南里文林二街85號(2樓、3樓及4樓),121.3759841919,25.0873851776,B,喘息服務,新北市,新莊區;五股區;泰山區;林口區;八里區,26029262,xmangelhouse@gmail.com,姚霽光,20250101.0,20271231.0,20241218 09:57:35
靜新居家護理所,B10200108,B1,新北市,林口區,新北市林口區文化二路一段390號5樓517室,121.3751754761,25.0771617889,B,專業照護服務,新北市,林口區,0985654159,Jx654159@gmail.com,劉藍羲,20250101.0,20271231.0,20250110 12:00:39
靜新居家護理所,B10200108,B1,新北市,林口區,新北市林口區文化二路一段390號5樓517室,121.3751754761,25.0771617889,B,專業照護服務,新北市,林口區,0985654159,Jx654159@gmail.com,劉藍羲,20240814.0,20241231.0,20240821 13:39:48
新北市三重區永煇里辦公處(社照C),BF0200312,BF,新北市,三重區,新北市三重區永煇里力行路二段9巷6號1樓,121.482673645,25.0722293854,C,巷弄長照站,新北市,三重區,02-29875124,p29875124@yahoo.com.tw,黃志明,20240901.0,20241231.0,20240905 11:21:07
財團法人伊甸社會福利基金會附設新北市私立坪林居家長照機構,1J0200001,1,新北市,坪林區,新北市坪林區坪林里北宜路八段186號1樓,121.7079467773,24.9345607758,B,居家服務,新北市,坪林區,2665-6032,eden9884@eden.org.tw,陳宇昭,20250124.0,20271231.0,20250203 08:58:58
財團法人伊甸社會福利基金會附設新北市私立坪林居家長照機構,1J0200001,1,新北市,坪林區,新北市坪林區坪林里北宜路八段186號1樓,121.7079467773,24.9345607758,B,喘息服務,新北市,坪林區,2665-6032,eden9884@eden.org.tw,陳宇昭,20250124.0,20271231.0,20250203 08:59:40
四季長期照顧股份有限公司附設新北市私立芊芊居家長照機構,1V0200128,1,新北市,板橋區,新北市板橋區中正路341巷24號(B05室),121.454208374,25.0201644897,B,喘息服務,新北市,板橋區;中和區,0987405437,siji20241314@gmail.com,邱詠蓁,20250101.0,20271231.0,20250110 13:39:45
台灣智慧自立樂活協會(社照C),BF0200316,BF,新北市,中和區,新北市中和區嘉穗里民利街49巷4號,121.4795837402,24.9985122681,C,巷弄長照站,新北市,中和區,0920880045,silatwn@gmail.com,郝德慧,20241001.0,20241231.0,20240924 16:14:50
四季長期照顧股份有限公司附設新北市私立芊芊居家長照機構,1V0200128,1,新北市,板橋區,新北市板橋區中正路341巷24號(B05室),121.454208374,25.0201644897,B,居家服務,新北市,板橋區;中和區,0987405437,siji20241314@gmail.com,邱詠蓁,20250101.0,20271231.0,20250110 13:39:22
社團法人中華民國全人全家全社區長照發展協會,BE0200098,BE,新北市,三芝區,新北市三芝區埔坪里忠孝街51號1樓,121.5061416626,25.256105423,C,巷弄長照站,新北市,三芝區,0920357246,cmp85910@gmail.com,王致雅,20240601.0,20241231.0,20240514 14:08:30
樂智實業有限公司附設新北市私立樂智社區長照機構,2V0200013,2,新北市,三重區,新北市三重區重新路五段637號2樓,121.4669723511,25.0435504913,B,日間照顧服務,新北市,板橋區;三重區;中和區;新莊區;樹林區;蘆洲區;五股區,29980113,yaya99a@gmail.com,田雅蘋,20250101.0,20271231.0,20250205 09:50:14
花甲樂股份有限公司附設新北市私立新店花甲樂社區長照機構,2R0200030,2,新北市,新店區,新北市新店區中興路一段282號2樓,121.5457077026,24.9684391022,B,喘息服務,新北市,板橋區;三重區;中和區;永和區;新莊區;新店區;樹林區;土城區;烏來區,0930576589,xindianhjl@gmail.com,唐于婷,20250101.0,20271231.0,20241220 09:19:48
奇恩健康有限公司附設新北市私立育富居家長照機構,1R0200091,1,新北市,五股區,新北市五股區民義路一段46之1號,121.4368896484,25.0844345093,B,喘息服務,新北市,五股區;泰山區,0968719893,7ng9202409@gmail.com,馮兆筠,20250101.0,20271231.0,20250102 10:11:17
耆寓股份有限公司附設新北市私立多好事綜合長照機構,4V0200006,4,新北市,中和區,新北市中和區中山路二段362號7樓,121.4925842285,25.002779007,B,日間照顧服務,新北市,板橋區;中和區;永和區;新店區;土城區,0989819520,ben.lin@vanyi.com.tw,盧允中,20250101.0,20271231.0,20241220 09:09:31
耆寓股份有限公司附設新北市私立多好事綜合長照機構,4V0200006,4,新北市,中和區,新北市中和區中山路二段362號7樓,121.4925842285,25.002779007,B,喘息服務,新北市,板橋區;中和區;永和區;新店區;土城區,0989819520,ben.lin@vanyi.com.tw,盧允中,20250101.0,20271231.0,20241220 09:09:57
社團法人台灣元通協會,BE0200100,BE,新北市,板橋區,新北市板橋區中正路216巷76號4樓,121.4579696655,25.0189418793,B,交通接送服務,新北市,板橋區,02-29664826,yuan20240520@gmail.com,謝欣樺,20250101.0,20271231.0,20241218 10:51:36
奇恩健康有限公司附設新北市私立育富居家長照機構,1R0200091,1,新北市,五股區,新北市五股區民義路一段46之1號,121.4368896484,25.0844345093,B,居家服務,新北市,五股區;泰山區,0968719893,7ng9202409@gmail.com,馮兆筠,20250101.0,20271231.0,20250102 10:10:47
耆寓股份有限公司附設新北市私立樂福家綜合長照機構,4V0200007,4,新北市,新店區,新北市新店區寶橋路88號5至8樓,121.546585083,24.975610733,B,日間照顧服務,新北市,中和區;永和區;新店區,02-2912-6088,f05@qi-yu.com.tw,盧允中,20250101.0,20271231.0,20241220 15:22:25
耆寓股份有限公司附設新北市私立樂福家綜合長照機構,4V0200007,4,新北市,新店區,新北市新店區寶橋路88號5至8樓,121.546585083,24.975610733,B,喘息服務,新北市,中和區;永和區;新店區,02-2912-6088,f05@qi-yu.com.tw,盧允中,20250101.0,20271231.0,20241220 15:22:49
新北市私立御安居家長照機構,1X0200145,1,新北市,板橋區,新北市板橋區雙十路二段10-1號7樓,121.4564590454,25.0130767822,B,居家服務,新北市,板橋區,02-82581066,yuan1966.1121128@gmail.com,張美慧,20250101.0,20271231.0,20241218 11:02:13
社團法人新北市照顧服務協會附設新北市私立金禾心居家長照機構,1R0200077,1,新北市,中和區,新北市中和區圓通路182號2樓,121.4765548706,25.0268192291,B,居家服務,新北市,板橋區;中和區;永和區,02-82452889,Jinansin168@gmail.com,王坤昊,20250101.0,20271231.0,20241205 14:38:48
社團法人新北市照顧服務協會附設新北市私立金禾心居家長照機構,1R0200077,1,新北市,中和區,新北市中和區圓通路182號2樓,121.4765548706,25.0268192291,B,喘息服務,新北市,板橋區;中和區;永和區,02-82452889,Jinansin168@gmail.com,王坤昊,20250101.0,20271231.0,20241205 14:39:38
社團法人新北市陽春麵里長銀髮婦幼發展協會(樹林樂山站)(社照C),BF0200320,BF,新北市,樹林區,新北市樹林區樂山里中和街38號2樓,121.3898544312,24.9736366272,C,巷弄長照站,新北市,樹林區,(02)2680-1590,qangelalove1115@gmail.com,許建強,20240901.0,20241231.0,20241015 17:54:10
樂智實業有限公司附設新北市私立樂智社區長照機構,2V0200013,2,新北市,三重區,新北市三重區重新路五段637號2樓,121.4669723511,25.0435504913,B,喘息服務,新北市,板橋區;三重區;中和區;新莊區;樹林區;蘆洲區;五股區,29980113,yaya99a@gmail.com,田雅蘋,20250101.0,20271231.0,20250205 09:50:14
新北市淡水區新春里辦公處(社照C),BF0200301,BF,新北市,淡水區,新北市淡水區新春里新春街46-1號,121.4375686646,25.1817321777,C,巷弄長照站,新北市,淡水區,0933088288,a0933088288@yahoo.com.tw,莊志文,20231101.0,20241231.0,20240606 18:59:39
財團法人新北市中華基督教長老會國語禮拜堂(社照C),BF0200302,BF,新北市,新店區,新北市新店區德安里2鄰安康路2段234巷1號1樓,121.5092010498,24.959564209,C,巷弄長照站,新北市,新店區,02-8666-4783,AO5799@ntpc.gov.tw,周育賢,20240201.0,20241231.0,20240607 10:54:23
花甲樂股份有限公司附設新北市私立新店花甲樂社區長照機構,2R0200030,2,新北市,新店區,新北市新店區中興路一段282號2樓,121.5457077026,24.9684391022,B,日間照顧服務,新北市,板橋區;三重區;中和區;永和區;新莊區;新店區;樹林區;土城區;烏來區,0930576589,xindianhjl@gmail.com,唐于婷,20250101.0,20271231.0,20241220 09:19:14
新北市三重區永興里辦公處(社照C),BF0200318,BF,新北市,三重區,新北市三重區永興里福德南路8巷20號,121.5037307739,25.063659668,C,巷弄長照站,新北市,三重區,0939800143,p919254105@gmail.com,李金壖,20241001.0,20241231.0,20241001 14:44:16
歡喜學堂推廣協會(三重區富貴里社照C),BF0200317,BF,新北市,三重區,新北市三重區富貴里環河北路三段288號1樓,121.4924621582,25.0894813538,C,巷弄長照站,新北市,三重區,0973000549,happy.corner.sayciao@gmail.com,吳忠泰,20241001.0,20241231.0,20241001 13:57:40
樂輔股份有限公司,BB0200010,BB,新北市,新店區,新北市新店區寶興路45巷8弄3號3樓,121.5504302979,24.9748058319,B,輔具及居家無障礙環境服務,臺中市,中區;東區;南區;西區;北區;西屯區;南屯區;北屯區;豐原區;東勢區;大甲區;清水區;沙鹿區;梧棲區;后里區;神岡區;潭子區;大雅區;新社區;石岡區;外埔區;大安區;烏日區;大肚區;龍井區;霧峰區;太平區;大里區;和平區,02-29111923,berton.chu@bestcore-md.com,朱迺易,20240809.0,20270630.0,20240822 10:59:57
好芝芯股份有限公司附設新北市私立好芝芯居家長照機構,1V0200131,1,新北市,三重區,新北市三重區福德北路12號3樓（空間編號：gogoro）,121.5022659302,25.064453125,B,居家服務,新北市,三重區;蘆洲區,02-2984-9570,2025soulmate@gmail.com,蔡世宏,20250217.0,20271231.0,20250218 16:44:19
好芝芯股份有限公司附設新北市私立好芝芯居家長照機構,1V0200131,1,新北市,三重區,新北市三重區福德北路12號3樓（空間編號：gogoro）,121.5022659302,25.064453125,B,喘息服務,新北市,三重區;蘆洲區,02-2984-9570,2025soulmate@gmail.com,蔡世宏,20250217.0,20271231.0,20250218 16:44:49
台灣福祉車租賃有限公司,BA0200038,BA,新北市,新莊區,新北市新莊區新泰路502巷6號2樓,121.4427642822,25.0463123322,B,交通接送服務(DA01),臺北市,松山區;信義區;大安區;中山區;中正區;大同區;萬華區;文山區;南港區;內湖區;士林區;北投區,02-77519007,a0906888505@gmail.com,林垂穎,20240101.0,20261231.0,20240625 13:23:13
全備聖恩健康福祉股份有限公司附設新北市私立愛加倍居家長照機構,1X0200146,1,新北市,汐止區,新北市汐止區新台五路一段159號13樓之10,121.6537857056,25.0624866486,B,喘息服務,新北市,汐止區;瑞芳區,0905565151,ane4450@gmail.com,張博鑫,20250101.0,20271231.0,20241226 10:49:06
嘉麗有限公司附設新北市私立嘉麗居家長照機構,1R0200080,1,新北市,土城區,新北市土城區裕民路136巷33號1樓,121.4503860474,24.9848308563,B,居家服務,新北市,土城區,0916974022,Mountain7250@gmail.com,林麗甄,20250101.0,20271231.0,20241203 13:44:53
嘉麗有限公司附設新北市私立嘉麗居家長照機構,1R0200080,1,新北市,土城區,新北市土城區裕民路136巷33號1樓,121.4503860474,24.9848308563,B,喘息服務,新北市,土城區,0916974022,Mountain7250@gmail.com,林麗甄,20250101.0,20271231.0,20241203 13:45:26
泉益居家有限公司附設新北市私立鑫益居家長照機構,1R0200082,1,新北市,土城區,新北市土城區清水路47之1號1樓,121.4552154541,24.9809970856,B,居家服務,新北市,三峽區;土城區,0917738763,shinyi11210@gmail.com,詹弘毅,20250101.0,20271231.0,20241213 15:43:22
如己居家護理所,B10200109,B1,新北市,三重區,新北市三重區光華里3鄰福德北路12號5樓,121.5022659302,25.064453125,B,專業照護服務,桃園市,龜山區,0938-102940,ruji.care@gmail.com,李佩怡,20241114.0,20251231.0,20241114 16:48:55
宏庭長照有限公司附設新北市私立宏庭居家長照機構,1V0200125,1,新北市,新莊區,新北市新莊區中正路234號3樓303室,121.4484176636,25.0353775024,B,喘息服務,新北市,新莊區,22776978,hongting168888@gmail.com,樊有忠,20250101.0,20271231.0,20241226 14:55:39
喜臨國際有限公司附設新北市私立惜鄰居家長照機構,1R0200092,1,新北市,板橋區,新北市板橋區文化路二段285號21樓(A38室),121.4713592529,25.0292282104,B,居家服務,新北市,板橋區,02-29518898,Seedling2099@gmail.com,陳玫如,20250116.0,20271231.0,20250120 10:37:31
喜臨國際有限公司附設新北市私立惜鄰居家長照機構,1R0200092,1,新北市,板橋區,新北市板橋區文化路二段285號21樓(A38室),121.4713592529,25.0292282104,B,喘息服務,新北市,板橋區,02-29518898,Seedling2099@gmail.com,陳玫如,20250116.0,20271231.0,20250120 10:38:06
滴勤有限公司附設新北市私立榮芳居家長照機構,1V0200130,1,新北市,永和區,新北市永和區福和路309巷1號2樓,121.5162887573,25.0071582794,B,居家服務,新北市,中和區;永和區,2921-2335,w0937514137@yahoo.com.tw,陳杰宏,20250210.0,20271231.0,20250212 15:22:39
益心交通有限公司,BA0200041,BA,新北市,蘆洲區,新北市蘆洲區復興路87巷6號3樓,121.4764633179,25.0877361298,B,交通接送服務,新北市,三重區;蘆洲區,0916297739,test13929@gmail.com,張聿翎,20250101.0,20271231.0,20241218 14:22:35
享享健康有限公司附設新北市私立享享居家長照機構,1R0200094,1,新北市,板橋區,新北市板橋區三民路二段28號11樓(A室),121.4790725708,25.01811409,B,居家服務,新北市,板橋區;樹林區,89520789,g52350z@yahoo.com.tw,黃夢君,20250310.0,20271231.0,20250312 10:07:19
宏康健康事業股份有限公司附設新北市私立宏康健康居家長照機構,1V0200132,1,新北市,新莊區,新北市新莊區瓊泰路12號1樓,121.4447479248,25.0287094116,B,居家服務,新北市,新莊區,25450095,liya.lee0223@gmail.com,李亞真,20250401.0,20271231.0,20250408 08:28:37
宏康健康事業股份有限公司附設新北市私立宏康健康居家長照機構,1V0200132,1,新北市,新莊區,新北市新莊區瓊泰路12號1樓,121.4447479248,25.0287094116,B,喘息服務,新北市,新莊區,25450095,liya.lee0223@gmail.com,李亞真,20250401.0,20271231.0,20250408 08:29:03
長耘股份有限公司附設新北市私立協樂居家長照機構,1V0200110,1,新北市,新莊區,新北市新莊區思源路601號13樓A7,121.4595718384,25.0602169037,B,居家服務,新北市,板橋區;新莊區,0911102728,hs@happysynergy.com.tw,戴雋財,20250101.0,20271231.0,20241219 15:05:11
大齡青松股份有限公司附設新北市私立崁頂社區長照機構,2R0200024,2,新北市,淡水區,新北市淡水區崁頂三路1號3樓,121.429977417,25.1957988739,B,喘息服務,新北市,淡水區;蘆洲區;五股區;三芝區;八里區,28059917,kandingmaster@qingsong.com.tw,陳央儒,20250101.0,20271231.0,20241213 11:25:43
新北市三峽區礁溪里辦公處(社照C),BG0200083,BG,新北市,三峽區,新北市三峽區礁溪里長泰街33巷3號1樓,,,C,巷弄長照站,新北市,三峽區,0918-662-797,arimesandy@gmail.com,周志鴻,20240701.0,20241231.0,20240701 15:49:06
滴勤有限公司附設新北市私立榮芳居家長照機構,1V0200130,1,新北市,永和區,新北市永和區福和路309巷1號2樓,121.5162887573,25.0071582794,B,喘息服務,新北市,中和區;永和區,2921-2335,w0937514137@yahoo.com.tw,陳杰宏,20250210.0,20271231.0,20250212 15:23:01
珍玉長照有限公司附設新北市私立珍玉居家長照機構,1V0200121,1,新北市,新莊區,新北市新莊區思源路502號3樓,121.4605255127,25.0550575256,B,喘息服務,新北市,新莊區,02-85213236,chi.333383@gmail.com,呂秀珍,20250101.0,20271231.0,20241226 09:58:41
承濤有限公司附設新北市私立承濤居家長照機構,1R0200090,1,新北市,樹林區,新北市樹林區中山路1段42號3樓,121.4238128662,24.9923343658,B,居家服務,新北市,板橋區;樹林區,0912-878936,kenjifang@gmail.com,方科霽,20250101.0,20271231.0,20241220 16:13:12
長耘股份有限公司附設新北市私立協樂居家長照機構,1V0200110,1,新北市,新莊區,新北市新莊區思源路601號13樓A7,121.4595718384,25.0602169037,B,喘息服務,新北市,板橋區;新莊區,0911102728,hs@happysynergy.com.tw,戴雋財,20250101.0,20271231.0,20241219 15:05:56
泉益居家有限公司附設新北市私立鑫益居家長照機構,1R0200082,1,新北市,土城區,新北市土城區清水路47之1號1樓,121.4552154541,24.9809970856,B,喘息服務,新北市,三峽區;土城區,0917738763,shinyi11210@gmail.com,詹弘毅,20250101.0,20271231.0,20241213 15:44:04
財團法人新北市台北基督徒環西禮拜堂(社照C),BF0200307,BF,新北市,永和區,新北市永和區保順里環河西路二段235號B1,121.5008773804,25.0098724365,C,巷弄長照站,新北市,永和區,0912033433,huanwchurch@gmail.com,張寶棣,20240301.0,20241231.0,20240703 14:53:17
社團法人台灣永寧快樂行善會(社照C),BF0200315,BF,新北市,土城區,新北市土城區頂福里中央路4段226號1樓,121.415473938,24.9572963715,C,巷弄長照站,新北市,土城區,0908903672,phone0908903672@gmail.com,李亞端,20241001.0,20241231.0,20241015 08:55:15
滙眾內科診所,B20200261,B2,新北市,淡水區,新北市淡水區中山北路一段101號,121.4423904419,25.1764621735,B,居家失能個案家庭醫師照護服務,新北市,淡水區,02-2622-9773,biggoldenfish@gmail.com,王國鈐,20250101.0,20271231.0,20250109 15:19:15
享享健康有限公司附設新北市私立享享居家長照機構,1R0200094,1,新北市,板橋區,新北市板橋區三民路二段28號11樓(A室),121.4790725708,25.01811409,B,喘息服務,新北市,板橋區;樹林區,89520789,g52350z@yahoo.com.tw,黃夢君,20250310.0,20271231.0,20250312 10:07:41
全備聖恩健康福祉股份有限公司附設新北市私立愛加倍居家長照機構,1X0200146,1,新北市,汐止區,新北市汐止區新台五路一段159號13樓之10,121.6537857056,25.0624866486,B,居家服務,新北市,汐止區;瑞芳區,0905565151,ane4450@gmail.com,張博鑫,20250101.0,20271231.0,20241226 10:48:45
善誠健康事業股份有限公司附設新北市私立永和善誠社區長照機構,2V0200011,2,新北市,永和區,新北市永和區保安里中山路一段220號3樓,121.5082244873,25.0082988739,B,日間照顧服務,新北市,板橋區;中和區;永和區;新店區,02-22310116,ltcservice@suncherish.com.tw,林仁德,20250101.0,20271231.0,20241217 10:12:40
善誠健康事業股份有限公司附設新北市私立永和善誠社區長照機構,2V0200011,2,新北市,永和區,新北市永和區保安里中山路一段220號3樓,121.5082244873,25.0082988739,B,喘息服務,新北市,板橋區;中和區;永和區;新店區,02-22310116,ltcservice@suncherish.com.tw,林仁德,20250101.0,20271231.0,20241217 10:13:07
益巨股份有限公司附設新北市私立安康社區長照機構,2V0200014,2,新北市,新店區,新北市新店區安德街156號3樓,121.5083312988,24.9594268799,B,喘息服務,新北市,中和區;永和區;新店區,02-22112130,ankang.daycare01@gmail.com,陳威男,20250101.0,20271231.0,20241227 09:14:08
新北市淡水區樹興社區發展協會(社照C),BF0200308,BF,新北市,淡水區,新北市淡水區樹興里糞箕湖２５號２樓,121.4867401123,25.1695652008,C,巷弄長照站,新北市,淡水區,０２－８６２６０２９１,happyevery1062@gmail.com,許秋芳,20240801.0,20241231.0,20240730 10:30:03
耆寓股份有限公司附設新北市私立重新綜合長照機構,4V0200005,4,新北市,三重區,新北市三重區重新路二段1號10樓,121.4996643066,25.062997818,B,日間照顧服務,新北市,三重區;新莊區;蘆洲區,29862688,f02@qi-yu.com.tw,盧允中,20250101.0,20271231.0,20241220 10:41:18
耆寓股份有限公司附設新北市私立添運綜合長照機構,4V0200004,4,新北市,泰山區,新北市泰山區貴子里明志路三段148號3樓,121.424621582,25.0397815704,B,日間照顧服務,新北市,中和區;新莊區;五股區;泰山區;林口區,02-2906-2068,f03@qi-yu.com.tw,盧允中,20250101.0,20271231.0,20241220 10:37:17
耆寓股份有限公司附設新北市私立添運綜合長照機構,4V0200004,4,新北市,泰山區,新北市泰山區貴子里明志路三段148號3樓,121.424621582,25.0397815704,B,喘息服務,新北市,中和區;新莊區;五股區;泰山區;林口區,02-2906-2068,f03@qi-yu.com.tw,盧允中,20250101.0,20271231.0,20241220 10:37:45
禾申事業有限公司附設新北市私立禾申居家長照機構,1R0200086,1,新北市,泰山區,新北市泰山區楓江路26巷19號1樓,121.4483642578,25.0571098328,B,喘息服務,新北市,五股區;泰山區,85312525,heshen2525@gmail.com,鄭雅文,20250101.0,20271231.0,20241224 15:55:21
新北市中和區山北社區發展協會(社照c),BG0200079,BG,新北市,中和區,新北市中和區福美里莊敬路49巷29弄2號1樓,121.5016784668,25.0064601898,C,巷弄長照站,新北市,中和區,0960543710,katty700506@yahoo.com.tw,王順發,20240101.0,20241231.0,20240506 10:17:32
新北市中和區忠孝里辦公處(社照c),BG0200080,BG,新北市,中和區,新北市中和區忠孝里忠孝街31巷1號1樓,121.5103759766,24.9831485748,C,巷弄長照站,新北市,中和區,0935146333,bonnie561728@gmail.com,李柏雲,20240501.0,20241231.0,20240506 10:21:55
新北市蘆洲區民和里辦公處(社照C),BG0200082,BG,新北市,蘆洲區,新北市蘆洲區民和里信義路30巷100號1、2樓,121.4749450684,25.0773239136,C,巷弄長照站,新北市,蘆洲區,(02)2281-1803,AL6918@ntpc.gov.tw,李進誠,20240401.0,20241231.0,20240509 09:59:01
耆寓股份有限公司附設新北市私立重新綜合長照機構,4V0200005,4,新北市,三重區,新北市三重區重新路二段1號10樓,121.4996643066,25.062997818,B,喘息服務,新北市,三重區;新莊區;蘆洲區,29862688,f02@qi-yu.com.tw,盧允中,20250101.0,20271231.0,20241220 10:42:04
聖光長照有限公司附設新北市私立聖光居家長照機構,1V0200119,1,新北市,三重區,新北市三重區力行路二段176號2樓1室,121.4831237793,25.0771656036,B,喘息服務,新北市,三重區;蘆洲區,0911183048,t0911183048@gmail.com,王潔,20250101.0,20271231.0,20241219 14:35:48
新店必談語言治療所,B70200011,B7,新北市,新店區,新北市新店區文化路75巷7號1樓,121.5448608398,24.9829769135,B,專業照護服務,新北市,永和區;新店區,0918600736,cmjj231@gmail.com,江孟蓉,20250101.0,20271231.0,20241226 11:44:53
財團法人基督教台灣崇真會(社照C),BF0200303,BF,新北市,鶯歌區,新北市鶯歌區二橋里國中街134號1樓、136號1樓,121.3393325806,24.9399833679,C,巷弄長照站,新北市,鶯歌區,02-26700127,moriahlight8581@gmail.com,邱福全,20240701.0,20241231.0,20240618 18:39:27
禾申事業有限公司附設新北市私立禾申居家長照機構,1R0200086,1,新北市,泰山區,新北市泰山區楓江路26巷19號1樓,121.4483642578,25.0571098328,B,居家服務,新北市,五股區;泰山區,85312525,heshen2525@gmail.com,鄭雅文,20250101.0,20271231.0,20241224 15:54:56
宏庭長照有限公司附設新北市私立宏庭居家長照機構,1V0200125,1,新北市,新莊區,新北市新莊區中正路234號3樓303室,121.4484176636,25.0353775024,B,居家服務,新北市,新莊區,22776978,hongting168888@gmail.com,樊有忠,20250101.0,20271231.0,20241226 14:54:26
益巨股份有限公司附設新北市私立安康社區長照機構,2V0200014,2,新北市,新店區,新北市新店區安德街156號3樓,121.5083312988,24.9594268799,B,日間照顧服務,新北市,中和區;永和區;新店區,02-22112130,ankang.daycare01@gmail.com,陳威男,20250101.0,20271231.0,20241227 09:13:33
新北市三重區六合里辦公處(社照C),BF0200305,BF,新北市,三重區,新北市三重區六合里自強路二段50巷22號1樓,121.4883499146,25.0694217682,C,巷弄長照站,新北市,三重區,02-29896777,one541203@gmail.com,許萬金,20240627.0,20241231.0,20240625 15:43:35
守歲健康股份有限公司附設新北市私立守歲居家長照機構,1V0200126,1,新北市,三重區,新北市三重區中正北路15號4樓D室,121.4926376343,25.0616798401,B,居家服務,新北市,三重區;蘆洲區,29855399,sslongcare@gmail.com,林奕彤,20250101.0,20271231.0,20241217 11:29:10
守歲健康股份有限公司附設新北市私立守歲居家長照機構,1V0200126,1,新北市,三重區,新北市三重區中正北路15號4樓D室,121.4926376343,25.0616798401,B,喘息服務,新北市,三重區;蘆洲區,29855399,sslongcare@gmail.com,林奕彤,20250101.0,20271231.0,20241217 11:29:38
好晨欣租賃有限公司,BA0200040,BA,新北市,淡水區,新北市淡水區濱海路三段148巷89號4樓,121.4270858765,25.1934814453,B,交通接送服務,新北市,淡水區;三芝區;八里區,02-26220788,lina250180@gmail.com,賴莉娜,20250101.0,20271231.0,20241226 15:10:57
家和生活健康事業有限公司附設新北市私立家和居家長照機構,1V0200122,1,新北市,三重區,新北市三重區福隆路9號2樓,121.4896011353,25.0770969391,B,居家服務,新北市,三重區;蘆洲區,0953069369,a72962002@gmail.com,李思諭,20250101.0,20271231.0,20241212 15:16:37
家和生活健康事業有限公司附設新北市私立家和居家長照機構,1V0200122,1,新北市,三重區,新北市三重區福隆路9號2樓,121.4896011353,25.0770969391,B,喘息服務,新北市,三重區;蘆洲區,0953069369,a72962002@gmail.com,李思諭,20250101.0,20271231.0,20241212 15:17:05
聖光長照有限公司附設新北市私立聖光居家長照機構,1V0200119,1,新北市,三重區,新北市三重區力行路二段176號2樓1室,121.4831237793,25.0771656036,B,居家服務,新北市,三重區;蘆洲區,0911183048,t0911183048@gmail.com,王潔,20250101.0,20271231.0,20241219 14:35:23
新店必談語言治療所,B70200011,B7,新北市,新店區,新北市新店區文化路75巷7號1樓,121.5448608398,24.9829769135,B,專業照護服務,新北市,永和區;新店區,0918600736,cmjj231@gmail.com,江孟蓉,20240503.0,20241231.0,20240507 13:36:27
社團法人臺灣腦身心機能認知協會(中和秀福站)(社照c),BE0200097,BE,新北市,中和區,新北市中和區秀福里秀朗路三段10巷16弄1之5號1樓,121.5238037109,24.9961490631,C,巷弄長照站,新北市,中和區,0919563050,tnca.service@gmail.com,陳怡璇,20240101.0,20241231.0,20240508 15:59:02
新北市貢寮區守望相助協會(社照C),BF0200294,BF,新北市,貢寮區,新北市貢寮區仁里里仁和路106巷5號,121.9245986938,25.0512657166,C,巷弄長照站,新北市,貢寮區,0935-154-745,liwen1118@gmail.com,吳勝福,20240101.0,20241231.0,20240508 19:11:22
新北市三重區五順里辦公處(社照C),BF0200297,BF,新北市,三重區,新北市三重區五順里仁義街211巷13號1樓,121.4973678589,25.0821380615,C,巷弄長照站,新北市,三重區,0937035755,hungren2002@yahoo.com.tw,洪文珍,20240101.0,20241231.0,20240509 10:46:29
新北市三峽區八張里辦公處(社照C),BG0200084,BG,新北市,三峽區,新北市三峽區八張里清水街434號1樓,121.3685073853,24.9256191254,C,巷弄長照站,新北市,三峽區,0912-083-535,king620722@gmail.com,謝麗玲,20240801.0,20241231.0,20240701 16:13:15
康恬長照事業有限公司附設新北市私立康恬居家長照機構,1V0200123,1,新北市,三重區,新北市三重區同安東街76號1樓,121.4985733032,25.0574550629,B,居家服務,新北市,三重區;蘆洲區,0978932923,feng151005@gmail.com,楊復豪,20250101.0,20271231.0,20241223 14:20:54
新北市三重區福民里辦公處(社照C),BF0200310,BF,新北市,三重區,新北市三重區福民里環河南路221巷40號1樓,121.4907836914,25.0528297424,C,巷弄長照站,新北市,三重區,02-29764185,S21840@gmail.com,林麗枝,20240901.0,20241231.0,20240807 16:14:23
康恬長照事業有限公司附設新北市私立康恬居家長照機構,1V0200123,1,新北市,三重區,新北市三重區同安東街76號1樓,121.4985733032,25.0574550629,B,喘息服務,新北市,三重區;蘆洲區,0978932923,feng151005@gmail.com,楊復豪,20250101.0,20271231.0,20241223 14:21:17
安昱汽車租賃有限公司,BA0200039,BA,新北市,板橋區,新北市板橋區忠翠里雙十路二段79號9樓之1,121.4760360718,25.0270233154,B,交通接送服務,新北市,板橋區;中和區;新莊區;土城區,02-22550961,jimmy0624@gmail.com,黃秀圓,20250101.0,20271231.0,20241218 10:55:33
社團法人中華民國新生活社會福利發展促進會(三芝新庄站)(社照C),BF0200309,BF,新北市,三芝區,新北市三芝區埔坪里淡金路二段97號1樓,121.5042877197,25.2609786987,C,巷弄長照站,新北市,三芝區,02-2636-2978,newlifesw@newlifesw.org.tw,蘇興李,20240704.0,20241231.0,20240801 10:25:49
宗齡藥局,B30200034,B3,新北市,汐止區,新北市汐止區康寧街459巷22號1樓,121.6312713623,25.0697422028,B,專業照護服務,新北市,汐止區,02-26952788,hollypharm1@gmail.com,謝宗霖,20240813.0,20241231.0,20240814 08:34:38
新北市托老互照志工協會(社照C),BF0200313,BF,新北市,三峽區,新北市三峽區嘉添里白雞路127號1樓,121.3692932129,24.9111213684,C,巷弄長照站,新北市,三峽區,02-2668-9439,jason3533@gmail.com,關崢,20240911.0,20241231.0,20240912 15:00:39
欣亞長期照顧事業有限公司附設新北市私立中和圓通居家長照機構,1X0200153,1,新北市,中和區,新北市中和區正行里圓通路231號,121.4963607788,24.9942207336,B,居家服務,新北市,中和區,0932941165,xinya22455133@gmail.com,譚兆華,20250101.0,20271231.0,20241219 10:27:54
社團法人台灣活出愛服務發展協會(社照C),BF0200314,BF,新北市,土城區,新北市土城區瑞興里廣明街63巷2弄7號1樓,121.454536438,24.9937210083,C,巷弄長照站,新北市,土城區,0975672670,o1219.shaw@gmail.com,邵國強,20240901.0,20241231.0,20241015 09:10:14
耆寓股份有限公司附設新北市私立一銀綜合長照機構,4R0200007,4,新北市,鶯歌區,新北市鶯歌區仁愛路1號3樓,121.3536529541,24.9568576813,B,喘息服務,新北市,樹林區;鶯歌區;三峽區;土城區,02-2677-1488,f07@qi-yu.com.tw,盧允中,20250101.0,20271231.0,20241220 15:19:54
欣亞長期照顧事業有限公司附設新北市私立中和圓通居家長照機構,1X0200153,1,新北市,中和區,新北市中和區正行里圓通路231號,121.4963607788,24.9942207336,B,喘息服務,新北市,中和區,0932941165,xinya22455133@gmail.com,譚兆華,20250101.0,20271231.0,20241219 10:28:18
玥亮有限公司附設新北市私立玥亮居家長照機構,1X0200154,1,新北市,中和區,新北市中和區廟美里景平路666號3樓313室,121.4974517822,25.0007820129,B,喘息服務,新北市,中和區;永和區,0917500935,rtyu5321@gmail.com,洪婉綾,20250116.0,20271231.0,20250121 15:31:11
新北市中華藝術交流推廣協會(土城頂埔分站),BF0200319,BF,新北市,土城區,新北市土城區頂埔里中央路4段188號1樓,121.4163513184,24.9578819275,C,巷弄長照站,新北市,土城區,0986398880,art.dance168@yahoo.com.tw,何鶯鷺,20241001.0,20241231.0,20241014 20:32:16
財團法人天下為公社會福利慈善事業基金會附設新北市私立萬里社區長照機構,2S0200039,2,新北市,萬里區,新北市萬里區瑪鋉路123號6樓,121.6891860962,25.1782474518,B,喘息服務,新北市,金山區;萬里區,02-86488388,wba81597922@gmail.com,胡世賢,20241112.0,20271231.0,20250417 10:12:05
思暮長期照護有限公司附設新北市私立思暮居家長照機構,1V0200129,1,新北市,新店區,新北市新店區北新路二段262號3樓之3,121.5429077148,24.9783344269,B,居家服務,新北市,新店區,0970392582,Smooth.home99@gmail.com,洪惠觀,20250101.0,20271231.0,20241220 14:17:50
耆寓股份有限公司附設新北市私立館前東綜合長照機構,4R0200008,4,新北市,板橋區,新北市板橋區館前東路26號5樓,121.4604873657,25.0071315765,B,喘息服務,新北市,板橋區;中和區;永和區;新莊區;土城區,02-29636358,f08@qi-yu.com.tw,盧允中,20250101.0,20271231.0,20241220 15:08:50
財團法人天下為公社會福利慈善事業基金會附設新北市私立萬里社區長照機構,2S0200039,2,新北市,萬里區,新北市萬里區瑪鋉路123號6樓,121.6891860962,25.1782474518,B,日間照顧服務,新北市,金山區;萬里區,02-86488388,wba81597922@gmail.com,胡世賢,20241112.0,20271231.0,20250417 10:12:05
同仁康拓長照社團法人附設新北市私立土城永寧社區長照機構,2R0200029,2,新北市,土城區,新北市土城區中央路三段130之5號、6號2樓,121.434425354,24.9659328461,B,日間照顧服務,新北市,板橋區;樹林區;三峽區;土城區,02-22685596,yndc5596@gmail.com,張維剛,20250101.0,20271231.0,20250110 14:38:04
耆寓股份有限公司附設新北市私立一銀綜合長照機構,4R0200007,4,新北市,鶯歌區,新北市鶯歌區仁愛路1號3樓,121.3536529541,24.9568576813,B,日間照顧服務,新北市,樹林區;鶯歌區;三峽區;土城區,02-2677-1488,f07@qi-yu.com.tw,盧允中,20250101.0,20271231.0,20241220 15:19:19
和鄰長照股份有限公司附設新北市私立土城和鄰社區長照機構,2R0200027,2,新北市,土城區,新北市土城區中華路一段176號、178號1樓,121.4409866333,24.9825248718,B,日間照顧服務,新北市,板橋區;三重區;中和區;永和區;新莊區;新店區;樹林區;鶯歌區;三峽區;土城區;蘆洲區;五股區;泰山區;林口區,02-22701298,honearbonnie@gmail.com,邱青萸,20250101.0,20271231.0,20241223 15:20:48
和鄰長照股份有限公司附設新北市私立土城和鄰社區長照機構,2R0200027,2,新北市,土城區,新北市土城區中華路一段176號、178號1樓,121.4409866333,24.9825248718,B,喘息服務,新北市,板橋區;三重區;中和區;永和區;新莊區;新店區;樹林區;鶯歌區;三峽區;土城區;蘆洲區;五股區;泰山區;林口區,02-22701298,honearbonnie@gmail.com,邱青萸,20250101.0,20271231.0,20241223 15:21:21
財團法人天下為公社會福利慈善事業基金會附設新北市私立萬里社區長照機構,2S0200039,2,新北市,萬里區,新北市萬里區瑪鋉路123號6樓,121.6891860962,25.1782474518,B,日間照顧服務,基隆市,中正區;七堵區;暖暖區;仁愛區;中山區;安樂區;信義區,02-86488388,wba81597922@gmail.com,胡世賢,20241230.0,20260318.0,20250124 15:37:31
財團法人天下為公社會福利慈善事業基金會附設新北市私立萬里社區長照機構,2S0200039,2,新北市,萬里區,新北市萬里區瑪鋉路123號6樓,121.6891860962,25.1782474518,B,喘息服務,基隆市,中正區;七堵區;暖暖區;仁愛區;中山區;安樂區;信義區,02-86488388,wba81597922@gmail.com,胡世賢,20241230.0,20260318.0,20250124 15:37:50
新北市淡水區興仁里辦公處,BG0200085,BG,新北市,淡水區,新北市淡水區興仁里興仁路95號1樓,121.4516296387,25.2178840637,C,巷弄長照站,新北市,淡水區,02-26212641,chuan635566@gmail.com,盧仁澤,20240101.0,20311231.0,20241024 16:30:08
語治波語言治療所,B70200012,B7,新北市,三峽區,新北市三峽區三樹一街2號1樓,121.3765640259,24.937297821,B,專業照護服務,新北市,板橋區;樹林區;鶯歌區;三峽區;汐止區;土城區,0925391015,st.pro1015@gmail.com,吳柏逸,20241106.0,20241231.0,20241111 14:36:41
首席國際開發有限公司,BB0200011,BB,新北市,樹林區,新北市樹林區大安路526號2樓,121.4131164551,24.9862651825,B,輔具及居家無障礙環境服務,臺中市,中區;東區;南區;西區;北區;西屯區;南屯區;北屯區;豐原區;東勢區;大甲區;清水區;沙鹿區;梧棲區;后里區;神岡區;潭子區;大雅區;新社區;石岡區;外埔區;大安區;烏日區;大肚區;龍井區;霧峰區;太平區;大里區;和平區,02-2683-3655,a80144280@gmail.com,陳豪毅,20241126.0,20270630.0,20241203 16:12:28
沁心居家護理所,B10200110,B1,新北市,三重區,新北市三重區自強路三段62巷11號1樓,121.4860992432,25.073059082,B,專業照護服務,新北市,三重區;蘆洲區,02-29861977,cinsin0907@gmail.com,辜品熙,20250101.0,20271231.0,20241224 14:16:58
豐年文化藝術團-新北市樹林區豐年部落文化健康站(原民C),BF0200322,BF,新北市,樹林區,新北市樹林區和平里忠孝街30號,121.4234390259,24.9819297791,B,喘息服務,新北市,樹林區,02-89705689,u0989302816@gmail.com,陳家梅,20250101.0,20271231.0,20241204 16:01:59
同仁康拓長照社團法人附設新北市私立土城永寧社區長照機構,2R0200029,2,新北市,土城區,新北市土城區中央路三段130之5號、6號2樓,121.434425354,24.9659328461,B,喘息服務,新北市,板橋區;樹林區;三峽區;土城區,02-22685596,yndc5596@gmail.com,張維剛,20250101.0,20271231.0,20250110 14:38:30
語治波語言治療所,B70200012,B7,新北市,三峽區,新北市三峽區三樹一街2號1樓,121.3765640259,24.937297821,B,專業照護服務,新北市,板橋區;樹林區;鶯歌區;三峽區;汐止區;土城區,0925391015,st.pro1015@gmail.com,吳柏逸,20250101.0,20271231.0,20241204 16:25:34
萓品管理顧問有限公司附設新北市私立禾善居家長照機構,1R0200095,1,新北市,樹林區,新北市樹林區仁愛街3號1樓,121.4213943481,24.9816493988,B,喘息服務,新北市,樹林區,02-86861187,hs86861187@gmail.com,林哲玄,20250213.0,20271231.0,20250217 15:39:54
萓品管理顧問有限公司附設新北市私立禾善居家長照機構,1R0200095,1,新北市,樹林區,新北市樹林區仁愛街3號1樓,121.4213943481,24.9816493988,B,居家服務,新北市,樹林區,02-86861187,hs86861187@gmail.com,林哲玄,20250213.0,20271231.0,20250217 15:39:05
長樂健康事業有限公司附設新北市私立三峽長樂社區長照機構,2R0200025,2,新北市,三峽區,新北市三峽區龍學里大觀路9號2樓,121.3754806519,24.9439716339,B,日間照顧服務,新北市,樹林區;鶯歌區;三峽區;土城區,02-77527659,clltcserv@gmail.com,張美琳,20250101.0,20271231.0,20241218 14:10:20
長樂健康事業有限公司附設新北市私立三峽長樂社區長照機構,2R0200025,2,新北市,三峽區,新北市三峽區龍學里大觀路9號2樓,121.3754806519,24.9439716339,B,喘息服務,新北市,樹林區;鶯歌區;三峽區;土城區,02-77527659,clltcserv@gmail.com,張美琳,20250101.0,20271231.0,20241218 14:11:08
新北市私立風鈴玫園社區長照機構,2X0200028,2,新北市,三重區,新北市三重區光明里重安街53巷9號1樓,121.4913787842,25.0562839508,B,家庭托顧服務,新北市,10;15;5;三重區;新莊區;蘆洲區;五股區;泰山區,0960-570-903,Amyho922@hotmail.com,何晏玫,20250101.0,20271231.0,20241227 10:57:18
愛寧診所,B20200260,B2,新北市,新莊區,新北市新莊區中央路289號4樓,121.4524002075,25.058675766,B,居家失能個案家庭醫師照護服務,新北市,板橋區;新莊區;五股區;泰山區;八里區,02-85220307,drsf@ainehcc.onmicrosoft.com,廖少鋒,20250101.0,20271231.0,20241203 14:34:37
愛寧診所,B20200260,B2,新北市,新莊區,新北市新莊區中央路289號4樓,121.4524002075,25.058675766,B,專業照護服務,新北市,板橋區;三重區;新莊區;土城區;蘆洲區;五股區;泰山區;林口區,02-85220307,drsf@ainehcc.onmicrosoft.com,廖少鋒,20250217.0,20271231.0,20250219 08:57:18
玥亮有限公司附設新北市私立玥亮居家長照機構,1X0200154,1,新北市,中和區,新北市中和區廟美里景平路666號3樓313室,121.4974517822,25.0007820129,B,居家服務,新北市,中和區;永和區,0917500935,rtyu5321@gmail.com,洪婉綾,20250116.0,20271231.0,20250121 15:30:50
思暮長期照護有限公司附設新北市私立思暮居家長照機構,1V0200129,1,新北市,新店區,新北市新店區北新路二段262號3樓之3,121.5429077148,24.9783344269,B,喘息服務,新北市,新店區,0970392582,Smooth.home99@gmail.com,洪惠觀,20250101.0,20271231.0,20241220 14:18:47
耆寓股份有限公司附設新北市私立館前東綜合長照機構,4R0200008,4,新北市,板橋區,新北市板橋區館前東路26號5樓,121.4604873657,25.0071315765,B,日間照顧服務,新北市,板橋區;中和區;永和區;新莊區;土城區,02-29636358,f08@qi-yu.com.tw,盧允中,20250101.0,20271231.0,20241220 15:08:20
樂源企業股份有限公司附設新北市私立康廷居家長照機構,1V0200127,1,新北市,板橋區,新北市板橋區民族路228號2樓(203室),121.4688110352,25.0072841644,B,居家服務,新北市,板橋區,0921435387,ariesbaby0416@yahoo.com.tw,林彥丰,20250124.0,20271231.0,20250204 15:02:51
新北市私立美樂社區長照機構,2X0200029,2,新北市,土城區,新北市土城區平和里延和路105巷7弄2號1樓,121.4671096802,24.9914608002,B,家庭托顧服務,新北市,10;15;5;板橋區;中和區;新莊區;樹林區;土城區,0913-144-924,gogobig0625@gmail.com,曾翠華,20250101.0,20271231.0,20241220 11:49:51
耆寓股份有限公司附設新北市私立鎮前綜合長照機構,4R0200009,4,新北市,樹林區,新北市樹林區鎮前街29巷1號4樓之1、5樓之1,121.4259185791,24.9918727875,B,日間照顧服務,新北市,板橋區;新莊區;樹林區;鶯歌區;三峽區;土城區,02-26821288,f09@qi-yu.com.tw,盧允中,20250411.0,20271231.0,20250415 15:07:50
耆寓股份有限公司附設新北市私立鎮前綜合長照機構,4R0200009,4,新北市,樹林區,新北市樹林區鎮前街29巷1號4樓之1、5樓之1,121.4259185791,24.9918727875,B,喘息服務,新北市,板橋區;新莊區;樹林區;鶯歌區;三峽區;土城區,02-26821288,f09@qi-yu.com.tw,盧允中,20250411.0,20271231.0,20250415 15:08:31
社團法人中華躍樂齡創新服務發展協會-三重福德據點(社照C),BE0200099,BE,新北市,三重區,新北市三重區福德里集美街75巷27號1樓,121.4879608154,25.0529785156,B,喘息服務,新北市,三重區,02-87733752,yjhomecare@gmail.com,施福忠,20250101.0,20271231.0,20241217 09:51:51
新北市山上樂齡才藝長照協會(社照C),BF0200311,BF,新北市,三重區,新北市三重區長泰里長樂街55-2號1樓,121.5005722046,25.0692234039,C,巷弄長照站,新北市,三重區,0910039297,j6rmp4u4571@gmail.com,吳俊毅,20240901.0,20241231.0,20240903 14:20:55
台灣社會福利及社會工作發展協會附設新北市私立有伴社區長照機構,2N0200003,2,新北市,板橋區,新北市板橋區大觀路三段236號2樓,121.4297943115,24.992225647,B,喘息服務,新北市,板橋區;中和區;永和區;樹林區;鶯歌區;三峽區;土城區;泰山區,02-26851825,staywithu20@gmail.com,黃成德,20250101.0,20271231.0,20241220 09:06:25
樂源企業股份有限公司附設新北市私立康廷居家長照機構,1V0200127,1,新北市,板橋區,新北市板橋區民族路228號2樓(203室),121.4688110352,25.0072841644,B,喘息服務,新北市,板橋區,0921435387,ariesbaby0416@yahoo.com.tw,林彥丰,20250124.0,20271231.0,20250204 15:03:17
福鷺社會企業有限公司附設新北市私立五股福鷺社區長照機構,2R0200026,2,新北市,五股區,新北市五股區成泰路二段7號、9號,121.4369277954,25.0813941956,B,喘息服務,新北市,三重區;蘆洲區;五股區;泰山區,0983357813,FULUSELTC@gmail.com,張凱智,20250101.0,20271231.0,20241231 13:59:03
昌明耳鼻喉科診所,B20200263,B2,新北市,新莊區,新北市新莊區昌明街80號1樓,121.4550247192,25.0523605347,B,居家失能個案家庭醫師照護服務,新北市,新莊區,02-89920100,chilong1126@gmail.com,曾志龍,20250124.0,20271231.0,20250204 15:16:47
社團法人中華基督教新海社區發展協會(社照C),BE0200101,BE,新北市,淡水區,新北市淡水區大庄里沙崙路181巷30號1樓,121.4234313965,25.1848945618,C,巷弄長照站,新北市,淡水區,02-2805-5345,eei1015@gmail.com,蔡辰怡,20250208.0,20251231.0,20250212 17:37:04
(基隆市)北台灣無障礙運輸產業工會,BA0200042,BA,新北市,中和區,新北市中和區連勝街159號5樓,121.4942245483,24.9965553284,B,社區式交通接送服務(BD03),基隆市,中正區;七堵區;暖暖區;仁愛區;中山區;安樂區;信義區,02-77522000,a0906888505@gmail.com,林垂穎,20250212.0,20271231.0,20250217 11:42:28
(基隆市)北台灣無障礙運輸產業工會,BA0200042,BA,新北市,中和區,新北市中和區連勝街159號5樓,121.4942245483,24.9965553284,B,交通接送服務(DA01),基隆市,中正區;七堵區;暖暖區;仁愛區;中山區;安樂區;信義區,02-77522000,a0906888505@gmail.com,林垂穎,20250212.0,20271231.0,20250217 11:42:53
新北市中和區崇南里辦公處(社照C),BG0200086,BG,新北市,中和區,新北市中和區崇南里景新街496巷35弄1號2樓,121.5135955811,24.9856529236,C,巷弄長照站,新北市,中和區,0935209479,m0935209479@gmail.com,林秀貞,20240923.0,20241231.0,20241024 15:29:43
永愛診所,B20200262,B2,新北市,永和區,新北市永和區永平路282之1號,121.5078277588,25.0119495392,B,居家失能個案家庭醫師照護服務,新北市,中和區;永和區;新店區,02-29258680,b8301027@hotmail.com,黃心平,20250116.0,20271231.0,20250121 15:27:08
財團法人明倫社會福利慈善事業基金會附設新北市私立明倫社區長照機構,2R0200028,2,新北市,板橋區,新北市板橋區浮洲里合安一路27號1樓,121.4566040039,25.0123500824,B,日間照顧服務,新北市,板橋區;樹林區;土城區,02-29681515,Wuchang140@gmail.com,董定宇,20250101.0,20271231.0,20241227 08:57:45
福鷺社會企業有限公司附設新北市私立五股福鷺社區長照機構,2R0200026,2,新北市,五股區,新北市五股區成泰路二段7號、9號,121.4369277954,25.0813941956,B,日間照顧服務,新北市,三重區;蘆洲區;五股區;泰山區,0983357813,FULUSELTC@gmail.com,張凱智,20250101.0,20271231.0,20241231 13:58:33
台灣社會福利及社會工作發展協會附設新北市私立有伴社區長照機構,2N0200003,2,新北市,板橋區,新北市板橋區大觀路三段236號2樓,121.4297943115,24.992225647,B,日間照顧服務,新北市,板橋區;中和區;永和區;樹林區;鶯歌區;三峽區;土城區;泰山區,02-26851825,staywithu20@gmail.com,黃成德,20250101.0,20271231.0,20241220 09:05:57
新北市社區家庭關懷協會,BF0200321,BF,新北市,淡水區,新北市淡水區新生里文化路59巷5號1樓,121.4386672974,25.1724739075,C,巷弄長照站,新北市,淡水區,02-2625-0849,o952652587@gmail.com,鄭賢美,20241001.0,20310101.0,20241022 19:13:52
新北市新店區長春里辦公處,BG0200087,BG,新北市,新店區,新北市新店區長春里新坡一街39號2樓,121.5489501953,24.9627761841,C,巷弄長照站,新北市,新店區,02-2910-9066,leejierken@gmail.com,李傳傑,20240101.0,20241231.0,20241024 16:59:34
逐夢國際生活健康事業有限公司附設新北市私立金幸福居家長照機構,1R0200098,1,新北市,三峽區,新北市三峽區中華路121號1樓,121.3712463379,24.9278964996,B,居家服務,新北市,三峽區;土城區,0968166622,sd578721@gmail.com,陳賴勇,20250519.0,20271231.0,20250521 11:02:57
千田照服股份有限公司附設新北市私立千田社區長照機構,2R0200032,2,新北市,土城區,新北市土城區金城路二段209號3樓、209之1號3樓,121.4543838501,24.9818916321,B,喘息服務,新北市,板橋區;土城區,02-66050777,chientien9356@gmail.com,陳峻廣,20250411.0,20271231.0,20250423 16:47:33
新北市中和區安穗里辦公處(社照C),BG0200088,BG,新北市,中和區,新北市中和區安穗里員山路294巷7號1樓,121.481842041,25.0024681091,C,巷弄長照站,新北市,中和區,0931285110,sarah940801@gmail.com,周靜萱,20250101.0,20251231.0,20250310 15:16:49
新北市永和區河濱里辦公處(社照C),BF0200324,BF,新北市,永和區,新北市永和區河濱里林森路10巷18弄6號,121.5260162354,25.0065746307,C,巷弄長照站,新北市,永和區,0932-129368,AJ2624@NTPC.GOV.TW,孫黃秋月,20250101.0,20251231.0,20250311 16:38:44
良興康健醫護管理顧問股份有限公司附設新北市私立板橋玩學樂園社區長照機構,2V0200015,2,新北市,板橋區,新北市板橋區振興里中山路二段443巷75、77、79號4樓,121.480682373,25.0225257874,B,日間照顧服務,新北市,板橋區;三重區;中和區;永和區;新莊區;土城區,2953-0678,manager@funcarehome.com,吳良生,20250204.0,20271231.0,20250227 15:18:36
新北市中和區積穗里辦公處(社照C),BG0200089,BG,新北市,中和區,新北市中和區積穗里員山路394巷5號1樓,121.4808654785,25.0046844482,C,巷弄長照站,新北市,中和區,0989094762,af77129@yahoo.com.tw,陳致廷,20250101.0,20251231.0,20250310 15:22:42
新北市私立潔翎居家長照機構,1X0200157,1,新北市,新店區,新北市新店區民權路153號4樓,121.534362793,24.9826583862,B,喘息服務,新北市,新店區;烏來區,02-22183033,jljj2025@gmail.com,鄭琪翎,20250101.0,20271231.0,20250205 16:33:21
肯康樂活股份有限公司附設新北市私立肯康居家長照機構,1R0200096,1,新北市,三峽區,新北市三峽區民生街106-2號3樓,121.3736877441,24.9355068207,B,喘息服務,新北市,鶯歌區;三峽區,02-86723456,kkhomecare2024@gmail.com,謝宗運,20250225.0,20271231.0,20250227 10:23:00
新北市私立銀光親心社區長照機構,2X0200031,2,新北市,新店區,新北市新店區寶興里文化路80巷11號1樓,121.5448303223,24.9814319611,B,家庭托顧服務,新北市,10;15;5;新店區;深坑區;石碇區,0938-311-994,houihsia@gmail.com,侯屹霞,20250220.0,20271231.0,20250224 08:32:41
新北市私立潔翎居家長照機構,1X0200157,1,新北市,新店區,新北市新店區民權路153號4樓,121.534362793,24.9826583862,B,居家服務,新北市,新店區;烏來區,02-22183033,jljj2025@gmail.com,鄭琪翎,20250101.0,20271231.0,20250205 16:32:11
肯康樂活股份有限公司附設新北市私立肯康居家長照機構,1R0200096,1,新北市,三峽區,新北市三峽區民生街106-2號3樓,121.3736877441,24.9355068207,B,居家服務,新北市,鶯歌區;三峽區,02-86723456,kkhomecare2024@gmail.com,謝宗運,20250225.0,20271231.0,20250227 10:19:40
新北市私立長仁居家長照機構,1X0200158,1,新北市,新莊區,新北市新莊區中德路39號6樓,121.4507293701,25.057888031,B,喘息服務,新北市,新莊區;八里區,66057805,changren1966@gmail.com,李書婷,20250310.0,20271231.0,20250312 14:54:26
良興康健醫護管理顧問股份有限公司附設新北市私立板橋玩學樂園社區長照機構,2V0200015,2,新北市,板橋區,新北市板橋區振興里中山路二段443巷75、77、79號4樓,121.480682373,25.0225257874,B,喘息服務,新北市,板橋區;三重區;中和區;永和區;新莊區;土城區,2953-0678,manager@funcarehome.com,吳良生,20250204.0,20271231.0,20250227 15:19:11
財團法人私立廣恩老人養護中心附設新北市私立新店馬公社區長照機構,2S0200040,2,新北市,新店區,新北市新店區北新路一段88巷11號1至3樓,121.5430145264,24.9672756195,B,喘息服務,新北市,新店區,02-29107888,gnba3@guannenn.org.tw,林偉峰,20250320.0,20271231.0,20250325 13:37:07
社團法人中華民國老吾老福利協會附設新北市私立兆恩居家長照機構,1R0200097,1,新北市,三重區,新北市三重區福德北路12號5樓（空間編號：Quanta室）,121.5022659302,25.064453125,B,居家服務,新北市,三重區;蘆洲區,0955568486,hsiuchin0623@gmail.com,王怡分,20250225.0,20271231.0,20250227 10:37:26
社團法人中華民國老吾老福利協會附設新北市私立兆恩居家長照機構,1R0200097,1,新北市,三重區,新北市三重區福德北路12號5樓（空間編號：Quanta室）,121.5022659302,25.064453125,B,喘息服務,新北市,三重區;蘆洲區,0955568486,hsiuchin0623@gmail.com,王怡分,20250225.0,20271231.0,20250227 10:39:53
新北市私立長仁居家長照機構,1X0200158,1,新北市,新莊區,新北市新莊區中德路39號6樓,121.4507293701,25.057888031,B,居家服務,新北市,新莊區;八里區,66057805,changren1966@gmail.com,李書婷,20250310.0,20271231.0,20250312 14:54:02
逐夢國際生活健康事業有限公司附設新北市私立金幸福居家長照機構,1R0200098,1,新北市,三峽區,新北市三峽區中華路121號1樓,121.3712463379,24.9278964996,B,喘息服務,新北市,三峽區;土城區,0968166622,sd578721@gmail.com,陳賴勇,20250519.0,20271231.0,20250521 11:03:10
千田照服股份有限公司附設新北市私立千田社區長照機構,2R0200032,2,新北市,土城區,新北市土城區金城路二段209號3樓、209之1號3樓,121.4543838501,24.9818916321,B,日間照顧服務,新北市,板橋區;土城區,02-66050777,chientien9356@gmail.com,陳峻廣,20250411.0,20271231.0,20250423 16:47:16
(新北)全心居家護理所,B10200111,B1,新北市,三重區,新北市三重區重新路二段21號12樓1218室,121.4980392456,25.0624084473,B,專業照護服務,新北市,板橋區;三重區;新莊區;土城區;蘆洲區,0925790290,gsk.md.ada@gmail.com,許秀芬,20250225.0,20271231.0,20250227 10:44:50
裕康健康有限公司附設新北市私立仁叡居家長照機構,1R0200100,1,新北市,新店區,新北市新店區北新路二段262號3樓之3(306室),121.5429077148,24.9783344269,B,喘息服務,新北市,新店區,02-2926-1298,yukang1966@gmail.com,林哲宇,20250423.0,20271231.0,20250430 11:44:55
新北市三重區中山里辦公處(設照C),BG0200092,BG,新北市,三重區,新北市三重區中山里4鄰大同北路34巷11號1樓,121.4946136475,25.0624732971,C,巷弄長照站,新北市,三重區,02-2985-0059,jack@bellat.com.tw,黃弘毅,20250101.0,20251231.0,20250407 09:35:46
社團法人中華民國照顧服務員專業發展協會附設新北市私立照顧服務員居家式服務類長期照顧服務機構-貢寮福隆據點(社照C),1R0200103,1,新北市,貢寮區,新北市貢寮區福隆里福隆街60號2樓,121.9457321167,25.0183773041,B,喘息服務,新北市,貢寮區,02-22651680,careworkertw@yahoo.com.tw,許婉菁,20250101.0,20271231.0,20250425 13:52:03
新北市私立旺福居家長照機構-三重溪美據點(醫事C),1X0200161,1,新北市,三重區,新北市三重區溪美里福隆路107號1樓,121.4925689697,25.0783538818,B,喘息服務,新北市,三重區,02-28571526,wfservice2@gmail.com,黃雅萍,20250101.0,20251231.0,20250425 14:32:27
齡活股份有限公司附設新北市私立齡活居家長照機構-板橋深丘據點(醫事C),1V0200137,1,新北市,板橋區,新北市板橋區深丘里011鄰海山路19號1樓,121.454208374,25.0201644897,B,喘息服務,新北市,板橋區,7751-8056,ntpcltc@seniorlife.com.tw,彭紹宇,20250101.0,20271231.0,20250425 15:02:52
社團法人台灣幸扶公益協會附設新北市私立汐止民權社區長照機構,2R0200031,2,新北市,汐止區,新北市汐止區民權街二段108號1樓,121.6184921265,25.046672821,B,喘息服務,新北市,汐止區;瑞芳區;石碇區,02-2691-9122,happinesshelpxizhi@gmail.com,鄭正,20250411.0,20271231.0,20250421 15:05:53
(新北)如己居家護理所,B10200112,B1,新北市,三重區,新北市三重區福德北路12號5樓,121.5022659302,25.064453125,B,專業照護服務,新北市,板橋區;三重區;中和區;永和區;新莊區;新店區;樹林區;鶯歌區;三峽區;淡水區;土城區;蘆洲區;五股區;泰山區;林口區;八里區,0938102940,ruji.care@gmail.com,李佩怡,20250225.0,20271231.0,20250227 10:48:04
金大心股份有限公司附設新北市私立金大心居家長照機構-永和智光據點(醫事C),1V0200135,1,新北市,永和區,新北市永和區智光里民享街1巷12號1號,121.5151672363,24.9961128235,B,喘息服務,新北市,永和區,0988190973,jindaxin520@gmail.com,吳秉珊,20250101.0,20271231.0,20250425 14:28:06
新北市私立璟馨居家長照機構-土城金城據點(醫事C),1X0200162,1,新北市,土城區,新北市土城區金城里明德路一段29巷16號,121.4655380249,24.9852848053,B,喘息服務,新北市,土城區,02-77230968,jxabccare@gmail.com,洪慧珍,20250101.0,20271231.0,20250425 15:32:25
祝三實業股份有限公司,BB0200014,BB,新北市,板橋區,新北市板橋區遠東路1號,121.4565963745,24.9987220764,B,輔具及居家無障礙環境服務,臺北市,松山區;信義區;大安區;中山區;中正區;大同區;萬華區;文山區;南港區;內湖區;士林區;北投區,29661009,junyan.chen@trihce.com,蕭中正,20250408.0,20251231.0,20250430 16:21:12
財團法人私立廣恩老人養護中心附設新北市私立新店馬公社區長照機構,2S0200040,2,新北市,新店區,新北市新店區北新路一段88巷11號1至3樓,121.5430145264,24.9672756195,B,日間照顧服務,新北市,新店區,02-29107888,gnba3@guannenn.org.tw,林偉峰,20250320.0,20271231.0,20250325 13:36:37
耆寓股份有限公司附設新北市私立勤樸社區長照機構,2V0200016,2,新北市,汐止區,新北市汐止區忠孝里大同路一段499號1樓,121.6447067261,25.0621852875,B,日間照顧服務,新北市,汐止區,8692-3518,f01@qi-yu.com.tw,盧允中,20250304.0,20271231.0,20250519 09:25:52
安忻診所,B20200264,B2,新北市,五股區,新北市五股區水碓路7號1樓,121.4336776733,25.0723133087,B,居家失能個案家庭醫師照護服務,新北市,三重區;新莊區;蘆洲區;五股區;泰山區;林口區;三芝區;石門區;八里區,02-2295-1729,anxinlmd1201@gmail.com,黃毓棻,20250408.0,20271231.0,20250410 10:14:21
社團法人台灣幸扶公益協會附設新北市私立汐止民權社區長照機構,2R0200031,2,新北市,汐止區,新北市汐止區民權街二段108號1樓,121.6184921265,25.046672821,B,日間照顧服務,新北市,汐止區;瑞芳區;石碇區,02-2691-9122,happinesshelpxizhi@gmail.com,鄭正,20250411.0,20271231.0,20250421 15:05:38
新北市中和區景平里辦公處(社照C),BG0200090,BG,新北市,中和區,新北市中和區景平里景平路159巷2號B1,121.5125198364,24.992307663,C,巷弄長照站,新北市,中和區,0988385007,kekky3310@gmail.com,游一龍,20250101.0,20251231.0,20250310 15:27:16
新北市土城區青山里辦公處(社照C),BF0200326,BF,新北市,土城區,新北市土城區青山里明德路一段74-1號,121.4644470215,24.9803085327,C,巷弄長照站,新北市,土城區,097684999,bbb22520088@yahoo.com.tw,姚韋華,20250401.0,20261231.0,20250416 18:25:15
清新居家物理治療所,B40200036,B4,新北市,永和區,新北市永和區保安路270號14樓,121.5056304932,25.0122566223,B,專業照護服務,新北市,中和區;永和區;新店區;深坑區;石碇區,02-29267829,refreshtherapy.2025@gmail.com,龔則先,20250417.0,20271231.0,20250421 09:14:15
台灣受恩整合服務股份有限公司附設新北市私立受恩居家長照機構-三重光華據點(醫事C),1V0200134,1,新北市,三重區,新北市三重區光華里重新路一段87號1樓,121.5012283325,25.0635929108,B,喘息服務,新北市,三重區,8660-5972,eric.li@stipendiary.tw,劉庭軒,20250101.0,20271231.0,20250425 14:07:21
新北市大德愛心推廣協會,BF0200327,BF,新北市,板橋區,新北市板橋區國光里16鄰國光路76號1樓,121.4583358765,25.0177612305,C,巷弄長照站,新北市,板橋區,02-8953-9960,chuma1311@gmail.com,錢素貞,20250401.0,20261231.0,20250418 16:54:24
耆寓股份有限公司附設新北市私立勤樸社區長照機構,2V0200016,2,新北市,汐止區,新北市汐止區忠孝里大同路一段499號1樓,121.6447067261,25.0621852875,B,喘息服務,新北市,汐止區,8692-3518,f01@qi-yu.com.tw,盧允中,20250304.0,20271231.0,20250519 09:26:06
裕康健康有限公司附設新北市私立仁叡居家長照機構,1R0200100,1,新北市,新店區,新北市新店區北新路二段262號3樓之3(306室),121.5429077148,24.9783344269,B,居家服務,新北市,新店區,02-2926-1298,yukang1966@gmail.com,林哲宇,20250423.0,20271231.0,20250430 11:44:46
新北市板橋區德翠社區發展協會(社照C),BF0200323,BF,新北市,板橋區,新北市板橋區朝陽里四維路291巷1號1樓,121.4620132446,25.02825737,C,巷弄長照站,新北市,板橋區,0932227607,hoohoojane@yahoo.com.tw,陳雲英,20250101.0,20251231.0,20250310 15:34:46
新北市私立全益居家長照機構,1X0200159,1,新北市,新店區,新北市新店區北新路一段12號16樓(12室),121.5409088135,24.9655056,B,居家服務,新北市,新店區;石碇區,02-8665-6079,LJHLTCS_NT@outlook.com,程啓鴻,20250411.0,20271231.0,20250415 10:54:41
新北市私立全益居家長照機構,1X0200159,1,新北市,新店區,新北市新店區北新路一段12號16樓(12室),121.5409088135,24.9655056,B,喘息服務,新北市,新店區;石碇區,02-8665-6079,LJHLTCS_NT@outlook.com,程啓鴻,20250411.0,20271231.0,20250415 10:55:32
財團法人中華民國佛教慈濟慈善事業基金會新北市私立慈濟蘆洲綜合長照機構-雙和靜思堂(醫事C),4S0200005,4,新北市,中和區,新北市中和區積穗里中山路三段41號4樓,121.4618911743,25.0877399445,B,喘息服務,新北市,中和區,(02)2289-1198#108,tzuchi198@gmail.com,釋證嚴,20250101.0,20271231.0,20250425 15:20:09
新北市三重區瑞德里辦公處(設照C),BG0200093,BG,新北市,三重區,新北市三重區瑞德里仁昌街83號1樓,121.499168396,25.0748119354,C,巷弄長照站,新北市,三重區,0920-384-699,AE9996@ntpc.gov.tw,陳仕宏,20250101.0,20251231.0,20250407 10:19:24
財團法人台灣省私立健順養護中心附設新北市私立新店柴埕社區長照機構-新店柴埕據點(社照C),2S0200041,2,新北市,新店區,新北市新店區柴埕里安民街79號5樓,121.5165710449,24.9675579071,B,喘息服務,新北市,新店區,02-22121753,Chiche.daycare@msa.hinet.net,廖慧媛,20250101.0,20271231.0,20250425 11:30:31
利鎮物業管理顧問有限公司附設新北市私立淡水義山綜合長照機構-淡水義山據點(醫事C),4V0200008,4,新北市,淡水區,新北市淡水區義山里奎柔山路3號1樓,121.4499664307,25.2068138123,B,喘息服務,新北市,淡水區,0932908325,coco.a5340@gmail.com,張萬利,20250101.0,20271231.0,20250429 08:25:40
長樂健康事業有限公司附設新北市私立長樂居家長照機構-樹林南園據點(醫事C),1V0200138,1,新北市,樹林區,新北市樹林區南園里大有路63號1樓,121.3837051392,24.9481868744,B,喘息服務,新北市,樹林區,02-77527659,clltcserv@gmail.com,張美琳,20250101.0,20271231.0,20250425 16:34:37
新北市土城區平和社區發展協會,BF0200330,BF,新北市,土城區,新北市土城區平和里延和路156巷7號1樓,121.4684677124,24.9899501801,C,巷弄長照站,新北市,土城區,2262-6328,a0920811535@gmail.com,歐寶諭,20250101.0,20251231.0,20250505 16:55:59
永心健康事業有限公司,BB0200016,BB,新北市,林口區,新北市林口區麗園一街6巷3號3樓之3,121.3760070801,25.0699539185,B,輔具及居家無障礙環境服務,臺北市,松山區;信義區;大安區;中山區;中正區;大同區;萬華區;文山區;南港區;內湖區;士林區;北投區,29800539,yongxin99888@gmail.com,潘浤明,20250423.0,20271231.0,20250505 16:48:47
社團法人中華民國紅心字會附設新北市私立存德居家式服務類長期照顧服務機構-板橋崑崙據點(社照C),1R0200104,1,新北市,板橋區,新北市板橋區崑崙里存德街29號,121.4306335449,24.9917297363,B,喘息服務,新北市,板橋區,02-26815518,redheart.ntpc@gmail.com,劉緒倫,20250101.0,20271231.0,20250425 15:26:50
愛寧居家護理所,B10200113,B1,新北市,新莊區,新北市新莊區新北大道四段179號10樓之7,121.4459152222,25.0583133698,B,專業照護服務,新北市,板橋區;三重區;中和區;永和區;新莊區;土城區;蘆洲區;五股區;泰山區,02-8522-1905,13lin@ainehcc.onmicrosoft.com,林怡珊,20250505.0,20271231.0,20250508 14:09:29
財團法人新北市私立雙連社會福利慈善事業基金會附設新北市新莊頭前社區長照機構-新莊思賢據點(社照C),2S0200042,2,新北市,新莊區,新北市新莊區思賢里長青街30號3樓,121.4565429688,25.0423221588,B,喘息服務,新北市,新莊區,02-85217872#316,joanna@slswf.org.tw,蔡政道,20250101.0,20271231.0,20250425 11:39:20
新北市私立樂智居家長照機構-中和民生據點(醫事C),1X0200160,1,新北市,中和區,新北市中和區民生里5鄰民生街28巷2-1號1樓,121.4800033569,25.0101394653,B,喘息服務,新北市,中和區,02-22710871,aa5174aa@gmail.com,許雅婷,20250101.0,20271231.0,20250425 11:46:55
衛生福利部雙和醫院(委託臺北醫學大學興建經營)-中和錦盛據點(醫事C),B20200265,B2,新北市,中和區,新北市中和區錦盛里圓通路335巷37弄12號,121.4937286377,24.988904953,B,喘息服務,新北市,中和區,02-22490088,12049@s.tmu.edu.tw,李明哲,20250101.0,20271231.0,20250424 10:00:34
亞德醫療器材有限公司,BB0200012,BB,新北市,板橋區,新北市板橋區溪頭里宏國路68號,121.4692993164,25.0320072174,B,輔具及居家無障礙環境服務,臺中市,中區;東區;南區;西區;北區;西屯區;南屯區;北屯區;豐原區;東勢區;大甲區;清水區;沙鹿區;梧棲區;后里區;神岡區;潭子區;大雅區;新社區;石岡區;外埔區;大安區;烏日區;大肚區;龍井區;霧峰區;太平區;大里區;和平區,02-8257-0353,uryard7737@gmail.com,林辰育,20250227.0,20270630.0,20250313 15:10:56
新北市社區工作者協會(雙溪魚行站)(社照C),BF0200329,BF,新北市,雙溪區,新北市雙溪區魚行里新店26號1樓,121.8690795898,25.0328292847,C,巷弄長照站,新北市,雙溪區,0932-049501,tallest999@gmail.com,丘燕武,20250401.0,20251231.0,20250429 16:23:12
齡活股份有限公司附設新北市私立齡活居家長照機構-中和正行據點(醫事C),1V0200136,1,新北市,中和區,新北市中和區正行里013鄰中正路158號1樓,121.4986495972,24.9939079285,B,喘息服務,新北市,中和區,7751-8056,ntpcltc@seniorlife.com.tw,彭紹宇,20250101.0,20271231.0,20250425 14:58:12
新北市烏來區福山社區發展協會-烏來福山據點(原民C),BF0200328,BF,新北市,烏來區,新北市烏來區福山里李茂岸51號,121.5027542114,24.7775745392,B,喘息服務,新北市,烏來區,0925-311-953,yahaiy0721@gmail.com,陳歡,20250423.0,20271231.0,20250429 08:32:30
社團法人中華仁親社區關懷協會(三重慈愛站)(社照C),BE0200104,BE,新北市,三重區,新北市三重區慈愛里仁美街108巷13號1樓,121.4851074219,25.0806846619,C,巷弄長照站,新北市,三重區,0911761708,johnu0423@gmail.com,陳瓊芳,20250101.0,20251231.0,20250505 16:09:29
新北市土城區長風社區發展協會,BF0200332,BF,新北市,土城區,新北市土城區長風里順風路27號,121.4403457642,24.976852417,C,巷弄長照站,新北市,土城區,0961335606,lcf540106@gmail.com,林淑華,20250602.0,20251231.0,20250528 16:01:33
新北市崇德光慧經典教育推廣協會(廣福站),BF0200333,BF,新北市,土城區,新北市土城區廣福里學府路一段23巷21之1號,121.4579086304,24.9870052338,C,巷弄長照站,新北市,土城區,0973623715,cpu335@gmail.com,石伯珍,20250602.0,20251231.0,20250528 16:09:27
新北市三峽區溪東社區發展協會(社照C),BF0200325,BF,新北市,三峽區,新北市三峽區溪東里溪東路218巷1號1樓,121.4076538086,24.9316616058,C,巷弄長照站,新北市,三峽區,0979336337,j138355@gmail.com,劉陳玉卿,20250101.0,20251231.0,20250327 10:08:11
社團法人台灣樂芯長期照顧暨全人健康教育慈善關懷協會-中和清穗分站(社照C),BE0200103,BE,新北市,中和區,新北市中和區清穗里民德路197號1樓,121.4683837891,24.9983005524,C,巷弄長照站,新北市,中和區,0903417519,lexin202110@gmail.com,邱詠蓁,20250101.0,20251231.0,20250505 15:52:37
台灣樂活社區福田公益協會,BF0200331,BF,新北市,三重區,新北市三重區福田里自由街18巷13號1樓,121.4792022705,25.0664653778,C,巷弄長照站,新北市,三重區,0937856390,a3477a3477@gmail.com,羅香蘭,20250101.0,20251231.0,20250505 16:24:41
衛生福利部雙和醫院(委託臺北醫學大學興建經營)-中和秀峰據點(醫事C),B20200266,B2,新北市,中和區,新北市中和區秀峰里景德街17號,121.5185852051,24.9903640747,B,喘息服務,新北市,中和區,02-22490088,12049@s.tmu.edu.tw,李明哲,20250101.0,20271231.0,20250424 10:02:17
洪石數位生活股份有限公司附設新北市私立到咖手居家長照機構-板橋挹秀據點(醫事C),1V0200133,1,新北市,板橋區,新北市板橋區挹秀里府後街2號1樓,121.4592819214,25.0100479126,B,喘息服務,新北市,板橋區,2272-6233,info@docaso885.com,林昌坤,20250101.0,20271231.0,20250425 11:52:43
