itemvalue1,itemvalue2,itemvalue3,itemvalue4,itemvalue5,itemvalue6,itemvalue7,itemvalue8,itemvalue9,itemvalue10,itemvalue11,itemvalue12,itemvalue13,itemvalue14,itemvalue15,itemvalue16,itemvalue17,itemvalue18,itemvalue19,itemvalue20,itemvalue21,itemvalue22
2003," 新北市"," 計",36030,11627,3269,1118,1019,149,315,80,126,42,14,57,-,-,-,-,-,8,18206
2003," 新北市"," 男",17216,5643,1455,483,406,60,148,35,56,16,7,34,-,-,-,-,-,3,8870
2003," 新北市"," 女",18814,5984,1814,635,613,89,167,45,70,26,7,23,-,-,-,-,-,5,9336
2003," 板橋區"," 計",2549,753,137,84,69,3,34,8,4,5,3,7,-,-,-,-,-,0,1442
2003," 板橋區"," 男",1115,343,50,32,24,1,13,4,3,2,1,5,-,-,-,-,-,0,637
2003," 板橋區"," 女",1434,410,87,52,45,2,21,4,1,3,2,2,-,-,-,-,-,0,805
2003," 三重區"," 計",1187,278,76,59,36,3,25,5,5,5,6,2,-,-,-,-,-,0,687
2003," 三重區"," 男",492,117,24,23,11,2,15,1,2,3,5,1,-,-,-,-,-,0,288
2003," 三重區"," 女",695,161,52,36,25,1,10,4,3,2,1,1,-,-,-,-,-,0,399
2003," 中和區"," 計",1711,591,221,65,57,11,31,7,11,4,0,0,-,-,-,-,-,0,713
2003," 中和區"," 男",741,282,77,28,22,3,16,3,4,1,0,0,-,-,-,-,-,0,305
2003," 中和區"," 女",970,309,144,37,35,8,15,4,7,3,0,0,-,-,-,-,-,0,408
2003," 永和區"," 計",538,77,50,25,11,0,8,2,8,1,3,0,-,-,-,-,-,0,353
2003," 永和區"," 男",213,33,10,8,3,0,5,0,4,0,1,0,-,-,-,-,-,0,149
2003," 永和區"," 女",325,44,40,17,8,0,3,2,4,1,2,0,-,-,-,-,-,0,204
2003," 新莊區"," 計",3473,1146,205,247,131,26,46,8,33,4,1,6,-,-,-,-,-,0,1620
2003," 新莊區"," 男",1639,541,81,115,56,13,21,2,17,2,0,3,-,-,-,-,-,0,788
2003," 新莊區"," 女",1834,605,124,132,75,13,25,6,16,2,1,3,-,-,-,-,-,0,832
2003," 新店區"," 計",2358,252,133,27,11,0,5,3,4,0,0,2,-,-,-,-,-,0,1921
2003," 新店區"," 男",1117,104,54,13,3,0,3,2,1,0,0,1,-,-,-,-,-,0,936
2003," 新店區"," 女",1241,148,79,14,8,0,2,1,3,0,0,1,-,-,-,-,-,0,985
2003," 樹林區"," 計",4540,1426,99,90,130,9,48,0,20,0,1,14,-,-,-,-,-,4,2699
2003," 樹林區"," 男",2246,674,43,46,47,2,28,0,12,0,0,6,-,-,-,-,-,0,1388
2003," 樹林區"," 女",2294,752,56,44,83,7,20,0,8,0,1,8,-,-,-,-,-,4,1311
2003," 鶯歌區"," 計",1724,467,100,41,27,12,4,5,3,5,0,2,-,-,-,-,-,0,1015
2003," 鶯歌區"," 男",872,254,55,18,27,5,1,1,0,3,0,1,-,-,-,-,-,0,507
2003," 鶯歌區"," 女",852,213,45,23,43,7,3,4,3,2,0,1,-,-,-,-,-,0,508
2003," 三峽區"," 計",1360,507,84,35,24,1,3,5,6,2,0,4,-,-,-,-,-,0,689
2003," 三峽區"," 男",665,247,34,13,10,0,1,1,5,0,0,3,-,-,-,-,-,0,351
2003," 三峽區"," 女",695,260,50,22,14,1,2,4,1,2,0,1,-,-,-,-,-,0,338
2003," 淡水區"," 計",948,409,89,44,163,8,12,0,3,0,0,8,-,-,-,-,-,0,212
2003," 淡水區"," 男",445,210,35,17,70,5,7,0,0,0,0,6,-,-,-,-,-,0,95
2003," 淡水區"," 女",503,199,54,27,93,3,5,0,3,0,0,2,-,-,-,-,-,0,117
2003," 汐止區"," 計",3206,1614,88,43,51,5,13,5,6,2,0,0,-,-,-,-,-,0,1379
2003," 汐止區"," 男",1591,805,33,17,22,1,7,4,2,0,0,0,-,-,-,-,-,0,700
2003," 汐止區"," 女",1615,809,55,26,29,4,6,1,4,2,0,0,-,-,-,-,-,0,679
2003," 瑞芳區"," 計",1160,770,18,10,6,1,8,0,4,1,0,0,-,-,-,-,-,0,342
2003," 瑞芳區"," 男",593,411,4,2,1,1,1,0,1,0,0,0,-,-,-,-,-,0,172
2003," 瑞芳區"," 女",567,359,14,8,5,0,7,0,3,1,0,0,-,-,-,-,-,0,170
2003," 土城區"," 計",3601,1782,184,100,108,17,25,13,6,7,0,3,-,-,-,-,-,4,1352
2003," 土城區"," 男",1761,871,75,47,53,6,8,10,2,3,0,1,-,-,-,-,-,3,682
2003," 土城區"," 女",1840,911,109,53,55,11,17,3,4,4,0,2,-,-,-,-,-,1,670
2003," 蘆洲區"," 計",1409,315,64,33,14,1,13,5,0,2,0,0,-,-,-,-,-,0,962
2003," 蘆洲區"," 男",675,136,26,16,6,1,5,1,0,0,0,0,-,-,-,-,-,0,484
2003," 蘆洲區"," 女",734,179,38,17,8,0,8,4,0,2,0,0,-,-,-,-,-,0,478
2003," 五股區"," 計",1144,395,90,77,36,29,11,0,0,2,0,3,-,-,-,-,-,0,501
2003," 五股區"," 男",537,198,38,29,15,10,5,0,0,1,0,3,-,-,-,-,-,0,238
2003," 五股區"," 女",607,197,52,48,21,19,6,0,0,1,0,0,-,-,-,-,-,0,263
2003," 泰山區"," 計",817,173,21,28,10,10,1,1,1,0,0,2,-,-,-,-,-,0,570
2003," 泰山區"," 男",397,79,7,13,3,4,0,0,0,0,0,1,-,-,-,-,-,0,290
2003," 泰山區"," 女",420,94,14,15,7,6,1,1,1,0,0,1,-,-,-,-,-,0,280
2003," 林口區"," 計",860,209,19,13,19,6,6,5,3,2,0,1,-,-,-,-,-,0,577
2003," 林口區"," 男",401,103,9,4,5,3,1,1,0,1,0,0,-,-,-,-,-,0,274
2003," 林口區"," 女",459,106,10,9,14,3,5,4,3,1,0,1,-,-,-,-,-,0,303
2003," 深坑區"," 計",136,69,23,13,6,0,4,2,2,0,0,0,-,-,-,-,-,0,17
2003," 深坑區"," 男",53,27,8,5,1,0,2,1,0,0,0,0,-,-,-,-,-,0,9
2003," 深坑區"," 女",83,42,15,8,5,0,2,1,2,0,0,0,-,-,-,-,-,0,8
2003," 石碇區"," 計",16,6,9,0,0,1,0,0,0,0,0,0,-,-,-,-,-,0,0
2003," 石碇區"," 男",8,5,3,0,0,0,0,0,0,0,0,0,-,-,-,-,-,0,0
2003," 石碇區"," 女",8,1,6,0,0,1,0,0,0,0,0,0,-,-,-,-,-,0,0
2003," 坪林區"," 計",11,1,3,2,1,0,0,0,0,0,0,0,-,-,-,-,-,0,4
2003," 坪林區"," 男",8,1,3,2,0,0,0,0,0,0,0,0,-,-,-,-,-,0,2
2003," 坪林區"," 女",3,0,0,0,1,0,0,0,0,0,0,0,-,-,-,-,-,0,2
2003," 三芝區"," 計",222,59,18,14,17,3,7,0,0,0,0,0,-,-,-,-,-,0,104
2003," 三芝區"," 男",103,30,8,8,7,2,6,0,0,0,0,0,-,-,-,-,-,0,42
2003," 三芝區"," 女",119,29,10,6,10,1,1,0,0,0,0,0,-,-,-,-,-,0,62
2003," 石門區"," 計",37,11,12,0,3,0,4,0,1,0,0,0,-,-,-,-,-,0,6
2003," 石門區"," 男",13,5,3,0,0,0,2,0,0,0,0,0,-,-,-,-,-,0,3
2003," 石門區"," 女",24,6,9,0,3,0,2,0,1,0,0,0,-,-,-,-,-,0,3
2003," 八里區"," 計",473,104,15,32,19,0,2,0,0,0,0,3,-,-,-,-,-,0,298
2003," 八里區"," 男",243,55,9,14,10,0,0,0,0,0,0,3,-,-,-,-,-,0,152
2003," 八里區"," 女",230,49,6,18,9,0,2,0,0,0,0,0,-,-,-,-,-,0,146
2003," 平溪區"," 計",22,12,7,2,0,0,0,0,0,0,0,0,-,-,-,-,-,0,1
2003," 平溪區"," 男",9,5,3,0,0,0,0,0,0,0,0,0,-,-,-,-,-,0,1
2003," 平溪區"," 女",13,7,4,2,0,0,0,0,0,0,0,0,-,-,-,-,-,0,0
2003," 雙溪區"," 計",15,11,0,2,0,0,1,0,0,0,0,0,-,-,-,-,-,0,1
2003," 雙溪區"," 男",7,5,0,0,0,0,1,0,0,0,0,0,-,-,-,-,-,0,1
2003," 雙溪區"," 女",8,6,0,2,0,0,0,0,0,0,0,0,-,-,-,-,-,0,0
2003," 貢寮區"," 計",63,26,2,8,5,0,0,0,0,0,0,0,-,-,-,-,-,0,22
2003," 貢寮區"," 男",28,14,0,3,2,0,0,0,0,0,0,0,-,-,-,-,-,0,9
2003," 貢寮區"," 女",35,12,2,5,3,0,0,0,0,0,0,0,-,-,-,-,-,0,13
2003," 金山區"," 計",74,8,5,13,0,0,1,0,0,0,0,0,-,-,-,-,-,0,47
2003," 金山區"," 男",29,4,1,5,0,0,0,0,0,0,0,0,-,-,-,-,-,0,19
2003," 金山區"," 女",45,4,4,8,0,0,1,0,0,0,0,0,-,-,-,-,-,0,28
2003," 萬里區"," 計",227,109,6,8,4,0,0,0,0,0,0,0,-,-,-,-,-,0,100
2003," 萬里區"," 男",122,62,0,4,2,0,0,0,0,0,0,0,-,-,-,-,-,0,54
2003," 萬里區"," 女",105,47,6,4,2,0,0,0,0,0,0,0,-,-,-,-,-,0,46
2003," 烏來區"," 計",2149,47,1491,3,18,3,3,6,6,0,0,0,-,-,-,-,-,0,572
2003," 烏來區"," 男",1093,22,762,1,6,1,0,4,3,0,0,0,-,-,-,-,-,0,294
2003," 烏來區"," 女",1056,25,729,2,12,2,3,2,3,0,0,0,-,-,-,-,-,0,278
2004," 新北市"," 計",38152,19181,4499,2047,1878,278,534,121,249,64,20,161,448,-,-,-,-,9,8663
2004," 新北市"," 男",18136,9400,1982,918,812,111,247,51,112,20,10,91,181,-,-,-,-,2,4199
2004," 新北市"," 女",20016,9781,2517,1129,1066,167,287,70,137,44,10,70,267,-,-,-,-,7,4464
2004," 板橋區"," 計",2711,1176,179,133,117,8,52,15,18,6,3,22,17,-,-,-,-,0,965
2004," 板橋區"," 男",1191,544,65,53,42,3,20,9,10,0,1,15,7,-,-,-,-,0,422
2004," 板橋區"," 女",1520,632,114,80,75,5,32,6,8,6,2,7,10,-,-,-,-,0,543
2004," 三重區"," 計",1275,516,134,112,86,15,35,7,12,4,7,2,19,-,-,-,-,0,326
2004," 三重區"," 男",531,227,42,46,35,6,22,2,4,3,5,1,5,-,-,-,-,0,133
2004," 三重區"," 女",744,289,92,66,51,9,13,5,8,1,2,1,14,-,-,-,-,0,193
2004," 中和區"," 計",1840,822,273,102,95,22,56,12,10,6,0,1,22,-,-,-,-,0,419
2004," 中和區"," 男",801,389,104,40,37,9,28,5,3,2,0,0,8,-,-,-,-,0,176
2004," 中和區"," 女",1039,433,169,62,58,13,28,7,7,4,0,1,14,-,-,-,-,0,243
2004," 永和區"," 計",567,187,109,73,36,3,26,0,7,1,3,1,13,-,-,-,-,0,108
2004," 永和區"," 男",228,76,36,30,13,0,10,0,4,0,1,0,8,-,-,-,-,0,50
2004," 永和區"," 女",339,111,73,43,23,3,16,0,3,1,2,1,5,-,-,-,-,0,58
2004," 新莊區"," 計",3602,1854,287,336,192,31,67,11,47,5,1,8,83,-,-,-,-,0,680
2004," 新莊區"," 男",1703,892,111,163,88,15,32,5,23,1,0,3,37,-,-,-,-,0,333
2004," 新莊區"," 女",1899,962,176,173,104,16,35,6,24,4,1,5,46,-,-,-,-,0,347
2004," 新店區"," 計",2493,939,338,122,121,3,25,12,20,2,0,5,42,-,-,-,-,0,864
2004," 新店區"," 男",1156,428,147,47,57,1,13,3,6,0,0,1,17,-,-,-,-,0,436
2004," 新店區"," 女",1337,511,191,75,64,2,12,9,14,2,0,4,25,-,-,-,-,0,428
2004," 樹林區"," 計",4832,3269,170,219,297,10,63,4,38,2,3,71,46,-,-,-,-,4,636
2004," 樹林區"," 男",2390,1628,75,97,133,2,35,2,23,0,1,39,22,-,-,-,-,0,333
2004," 樹林區"," 女",2442,1641,95,122,164,8,28,2,15,2,2,32,24,-,-,-,-,4,303
2004," 鶯歌區"," 計",1897,948,180,85,177,32,12,6,18,6,0,8,18,-,-,-,-,0,407
2004," 鶯歌區"," 男",944,485,86,44,72,15,3,2,7,3,0,6,8,-,-,-,-,0,213
2004," 鶯歌區"," 女",953,463,94,41,105,17,9,4,11,3,0,2,10,-,-,-,-,0,194
2004," 三峽區"," 計",1475,914,156,97,35,2,15,8,15,4,0,8,9,-,-,-,-,0,212
2004," 三峽區"," 男",718,454,61,43,17,0,10,1,9,0,0,6,2,-,-,-,-,0,115
2004," 三峽區"," 女",757,460,95,54,18,2,5,7,6,4,0,2,7,-,-,-,-,0,97
2004," 淡水區"," 計",1020,459,87,74,198,12,16,0,3,0,0,9,15,-,-,-,-,0,147
2004," 淡水區"," 男",479,235,34,30,89,7,8,0,0,0,0,6,7,-,-,-,-,0,63
2004," 淡水區"," 女",541,224,53,44,109,5,8,0,3,0,0,3,8,-,-,-,-,0,84
2004," 汐止區"," 計",3349,2127,120,61,82,6,29,9,13,2,0,5,8,-,-,-,-,5,882
2004," 汐止區"," 男",1646,1075,50,25,42,2,13,4,3,0,0,2,1,-,-,-,-,2,427
2004," 汐止區"," 女",1703,1052,70,36,40,4,16,5,10,2,0,3,7,-,-,-,-,3,455
2004," 瑞芳區"," 計",1164,841,23,9,7,0,11,0,4,3,0,0,1,-,-,-,-,0,265
2004," 瑞芳區"," 男",598,442,5,3,1,0,1,0,1,1,0,0,0,-,-,-,-,0,144
2004," 瑞芳區"," 女",566,399,18,6,6,0,10,0,3,2,0,0,1,-,-,-,-,0,121
2004," 土城區"," 計",3701,2233,217,149,138,27,31,10,10,8,0,10,20,-,-,-,-,0,848
2004," 土城區"," 男",1804,1104,82,72,65,12,9,8,3,3,0,4,4,-,-,-,-,0,438
2004," 土城區"," 女",1897,1129,135,77,73,15,22,2,7,5,0,6,16,-,-,-,-,0,410
2004," 蘆洲區"," 計",1556,789,93,59,42,0,27,6,1,6,0,1,9,-,-,-,-,0,523
2004," 蘆洲區"," 男",735,384,39,26,18,0,10,2,1,3,0,0,1,-,-,-,-,0,251
2004," 蘆洲區"," 女",821,405,54,33,24,0,17,4,0,3,0,1,8,-,-,-,-,0,272
2004," 五股區"," 計",1215,544,98,126,47,53,15,1,8,3,0,3,32,-,-,-,-,0,285
2004," 五股區"," 男",567,280,39,54,20,20,9,1,3,2,0,3,10,-,-,-,-,0,126
2004," 五股區"," 女",648,264,59,72,27,33,6,0,5,1,0,0,22,-,-,-,-,0,159
2004," 泰山區"," 計",905,392,65,63,39,31,7,6,10,3,0,2,19,-,-,-,-,0,268
2004," 泰山區"," 男",425,184,26,30,19,13,2,3,6,1,0,1,10,-,-,-,-,0,130
2004," 泰山區"," 女",480,208,39,33,20,18,5,3,4,2,0,1,9,-,-,-,-,0,138
2004," 林口區"," 計",920,397,48,33,40,10,15,6,4,2,0,1,14,-,-,-,-,0,350
2004," 林口區"," 男",427,195,21,12,13,3,8,1,1,1,0,0,6,-,-,-,-,0,166
2004," 林口區"," 女",493,202,27,21,27,7,7,5,3,1,0,1,8,-,-,-,-,0,184
2004," 深坑區"," 計",160,99,30,13,7,0,4,2,1,0,0,0,0,-,-,-,-,0,4
2004," 深坑區"," 男",67,46,10,6,2,0,2,0,0,0,0,0,0,-,-,-,-,0,1
2004," 深坑區"," 女",93,53,20,7,5,0,2,2,1,0,0,0,0,-,-,-,-,0,3
2004," 石碇區"," 計",20,6,13,0,0,1,0,0,0,0,0,0,0,-,-,-,-,0,0
2004," 石碇區"," 男",10,5,5,0,0,0,0,0,0,0,0,0,0,-,-,-,-,0,0
2004," 石碇區"," 女",10,1,8,0,0,1,0,0,0,0,0,0,0,-,-,-,-,0,0
2004," 坪林區"," 計",7,2,0,2,3,0,0,0,0,0,0,0,0,-,-,-,-,0,0
2004," 坪林區"," 男",5,1,0,2,2,0,0,0,0,0,0,0,0,-,-,-,-,0,0
2004," 坪林區"," 女",2,1,0,0,1,0,0,0,0,0,0,0,0,-,-,-,-,0,0
2004," 三芝區"," 計",254,85,23,49,24,3,10,0,0,0,0,0,7,-,-,-,-,0,53
2004," 三芝區"," 男",125,42,11,31,10,2,6,0,0,0,0,0,4,-,-,-,-,0,19
2004," 三芝區"," 女",129,43,12,18,14,1,4,0,0,0,0,0,3,-,-,-,-,0,34
2004," 石門區"," 計",40,14,11,0,3,0,4,0,1,0,0,0,3,-,-,-,-,0,4
2004," 石門區"," 男",16,7,3,0,0,0,2,0,0,0,0,0,2,-,-,-,-,0,2
2004," 石門區"," 女",24,7,8,0,3,0,2,0,1,0,0,0,1,-,-,-,-,0,2
2004," 八里區"," 計",534,250,32,78,51,4,9,0,3,0,3,3,36,-,-,-,-,0,65
2004," 八里區"," 男",272,125,19,40,21,0,3,0,2,0,2,3,19,-,-,-,-,0,38
2004," 八里區"," 女",262,125,13,38,30,4,6,0,1,0,1,0,17,-,-,-,-,0,27
2004," 平溪區"," 計",20,12,4,2,0,0,0,0,0,0,0,0,0,-,-,-,-,0,2
2004," 平溪區"," 男",6,4,1,0,0,0,0,0,0,0,0,0,0,-,-,-,-,0,1
2004," 平溪區"," 女",14,8,3,2,0,0,0,0,0,0,0,0,0,-,-,-,-,0,1
2004," 雙溪區"," 計",14,10,0,2,0,0,1,0,0,0,0,0,0,-,-,-,-,0,1
2004," 雙溪區"," 男",8,6,0,0,0,0,1,0,0,0,0,0,0,-,-,-,-,0,1
2004," 雙溪區"," 女",6,4,0,2,0,0,0,0,0,0,0,0,0,-,-,-,-,0,0
2004," 貢寮區"," 計",68,32,3,8,11,0,0,0,0,0,0,0,0,-,-,-,-,0,14
2004," 貢寮區"," 男",29,14,0,3,5,0,0,0,0,0,0,0,0,-,-,-,-,0,7
2004," 貢寮區"," 女",39,18,3,5,6,0,0,0,0,0,0,0,0,-,-,-,-,0,7
2004," 金山區"," 計",74,23,12,19,4,0,1,0,0,0,0,0,5,-,-,-,-,0,10
2004," 金山區"," 男",27,8,2,11,2,0,0,0,0,0,0,0,2,-,-,-,-,0,2
2004," 金山區"," 女",47,15,10,8,2,0,1,0,0,0,0,0,3,-,-,-,-,0,8
2004," 萬里區"," 計",234,168,6,16,4,0,0,0,0,1,0,0,6,-,-,-,-,0,33
2004," 萬里區"," 男",118,87,1,8,2,0,0,0,0,0,0,0,1,-,-,-,-,0,19
2004," 萬里區"," 女",116,81,5,8,2,0,0,0,0,1,0,0,5,-,-,-,-,0,14
2004," 烏來區"," 計",2205,73,1788,5,22,5,3,6,6,0,0,1,4,-,-,-,-,0,292
2004," 烏來區"," 男",1110,33,907,2,7,1,0,3,3,0,0,1,0,-,-,-,-,0,153
2004," 烏來區"," 女",1095,40,881,3,15,4,3,3,3,0,0,0,4,-,-,-,-,0,139
2005," 新北市"," 計",39741,21519,4961,2330,2184,323,646,138,285,84,22,172,673,-,-,-,-,3,6401
2005," 新北市"," 男",18805,10494,2192,1058,961,137,304,56,120,25,10,94,277,-,-,-,-,0,3077
2005," 新北市"," 女",20936,11025,2769,1272,1223,186,342,82,165,59,12,78,396,-,-,-,-,3,3324
2005," 板橋區"," 計",2858,1344,206,166,130,11,66,18,23,8,2,27,26,-,-,-,-,0,831
2005," 板橋區"," 男",1268,624,72,71,49,5,24,10,11,0,1,17,15,-,-,-,-,0,369
2005," 板橋區"," 女",1590,720,134,95,81,6,42,8,12,8,1,10,11,-,-,-,-,0,462
2005," 三重區"," 計",1399,652,151,130,105,19,56,11,15,7,7,4,43,-,-,-,-,0,199
2005," 三重區"," 男",601,296,52,57,44,8,32,3,6,4,5,1,18,-,-,-,-,0,75
2005," 三重區"," 女",798,356,99,73,61,11,24,8,9,3,2,3,25,-,-,-,-,0,124
2005," 中和區"," 計",1904,881,305,120,110,30,55,11,12,8,3,1,46,-,-,-,-,0,322
2005," 中和區"," 男",806,404,114,45,46,12,29,4,4,2,1,0,17,-,-,-,-,0,128
2005," 中和區"," 女",1098,477,191,75,64,18,26,7,8,6,2,1,29,-,-,-,-,0,194
2005," 永和區"," 計",613,224,119,72,43,4,32,0,9,1,0,1,19,-,-,-,-,0,89
2005," 永和區"," 男",242,86,43,31,17,0,15,0,4,0,0,0,9,-,-,-,-,0,37
2005," 永和區"," 女",371,138,76,41,26,4,17,0,5,1,0,1,10,-,-,-,-,0,52
2005," 新莊區"," 計",3751,2064,296,366,228,36,77,13,55,8,2,9,109,-,-,-,-,0,488
2005," 新莊區"," 男",1756,971,115,177,114,17,37,7,23,1,0,4,45,-,-,-,-,0,245
2005," 新莊區"," 女",1995,1093,181,189,114,19,40,6,32,7,2,5,64,-,-,-,-,0,243
2005," 新店區"," 計",2563,1109,388,150,137,4,47,14,24,3,0,5,47,-,-,-,-,0,635
2005," 新店區"," 男",1165,513,161,56,63,1,21,2,7,1,0,1,18,-,-,-,-,0,321
2005," 新店區"," 女",1398,596,227,94,74,3,26,12,17,2,0,4,29,-,-,-,-,0,314
2005," 樹林區"," 計",5060,3691,191,231,354,10,74,4,42,4,4,75,53,-,-,-,-,3,324
2005," 樹林區"," 男",2464,1832,73,105,156,2,40,2,27,1,1,42,24,-,-,-,-,0,159
2005," 樹林區"," 女",2596,1859,118,126,198,8,34,2,15,3,3,33,29,-,-,-,-,3,165
2005," 鶯歌區"," 計",2016,1083,207,105,200,39,17,6,20,6,0,5,43,-,-,-,-,0,285
2005," 鶯歌區"," 男",991,549,98,50,86,21,6,2,6,3,0,4,20,-,-,-,-,0,146
2005," 鶯歌區"," 女",1025,534,109,55,114,18,11,4,14,3,0,1,23,-,-,-,-,0,139
2005," 三峽區"," 計",1579,1006,167,100,45,5,19,7,10,5,0,8,14,-,-,-,-,0,193
2005," 三峽區"," 男",770,511,65,45,21,1,11,1,4,0,0,6,5,-,-,-,-,0,100
2005," 三峽區"," 女",809,495,102,55,24,4,8,6,6,5,0,2,9,-,-,-,-,0,93
2005," 淡水區"," 計",1076,491,97,88,226,11,16,1,3,0,0,9,23,-,-,-,-,0,111
2005," 淡水區"," 男",505,249,37,38,99,7,8,1,0,0,0,6,12,-,-,-,-,0,48
2005," 淡水區"," 女",571,242,60,50,127,4,8,0,3,0,0,3,11,-,-,-,-,0,63
2005," 汐止區"," 計",3486,2360,141,65,90,6,30,11,15,2,0,7,25,-,-,-,-,0,734
2005," 汐止區"," 男",1703,1176,57,30,45,2,16,4,4,0,0,2,9,-,-,-,-,0,358
2005," 汐止區"," 女",1783,1184,84,35,45,4,14,7,11,2,0,5,16,-,-,-,-,0,376
2005," 瑞芳區"," 計",1162,889,24,10,8,0,11,0,3,3,0,0,3,-,-,-,-,0,211
2005," 瑞芳區"," 男",593,462,5,3,2,0,2,0,1,1,0,0,0,-,-,-,-,0,117
2005," 瑞芳區"," 女",569,427,19,7,6,0,9,0,2,2,0,0,3,-,-,-,-,0,94
2005," 土城區"," 計",3760,2426,224,159,155,26,39,11,10,10,1,11,34,-,-,-,-,0,654
2005," 土城區"," 男",1839,1211,85,81,71,13,15,9,4,3,0,4,9,-,-,-,-,0,334
2005," 土城區"," 女",1921,1215,139,78,84,13,24,2,6,7,1,7,25,-,-,-,-,0,320
2005," 蘆洲區"," 計",1592,910,109,82,58,4,41,6,6,6,0,1,18,-,-,-,-,0,351
2005," 蘆洲區"," 男",758,450,43,33,29,2,19,2,4,3,0,0,5,-,-,-,-,0,168
2005," 蘆洲區"," 女",834,460,66,49,29,2,22,4,2,3,0,1,13,-,-,-,-,0,183
2005," 五股區"," 計",1223,588,100,125,59,56,16,1,7,3,0,4,51,-,-,-,-,0,213
2005," 五股區"," 男",556,287,40,55,20,21,9,1,3,2,0,3,19,-,-,-,-,0,96
2005," 五股區"," 女",667,301,60,70,39,35,7,0,4,1,0,1,32,-,-,-,-,0,117
2005," 泰山區"," 計",926,472,68,78,46,29,7,7,9,7,0,0,34,-,-,-,-,0,169
2005," 泰山區"," 男",432,225,27,38,23,13,2,3,5,3,0,0,16,-,-,-,-,0,77
2005," 泰山區"," 女",494,247,41,40,23,16,5,4,4,4,0,0,18,-,-,-,-,0,92
2005," 林口區"," 計",996,515,64,53,56,20,10,6,7,2,0,1,21,-,-,-,-,0,241
2005," 林口區"," 男",461,250,32,23,21,8,5,1,2,1,0,0,8,-,-,-,-,0,110
2005," 林口區"," 女",535,265,32,30,35,12,5,5,5,1,0,1,13,-,-,-,-,0,131
2005," 深坑區"," 計",174,104,39,11,4,0,3,3,3,0,0,0,0,-,-,-,-,0,7
2005," 深坑區"," 男",79,48,18,7,1,0,1,1,0,0,0,0,0,-,-,-,-,0,3
2005," 深坑區"," 女",95,56,21,4,3,0,2,2,3,0,0,0,0,-,-,-,-,0,4
2005," 石碇區"," 計",20,7,10,1,2,0,0,0,0,0,0,0,0,-,-,-,-,0,0
2005," 石碇區"," 男",11,6,4,1,0,0,0,0,0,0,0,0,0,-,-,-,-,0,0
2005," 石碇區"," 女",9,1,6,0,2,0,0,0,0,0,0,0,0,-,-,-,-,0,0
2005," 坪林區"," 計",9,3,0,2,3,0,0,0,0,0,0,0,0,-,-,-,-,0,1
2005," 坪林區"," 男",7,2,0,2,2,0,0,0,0,0,0,0,0,-,-,-,-,0,1
2005," 坪林區"," 女",2,1,0,0,1,0,0,0,0,0,0,0,0,-,-,-,-,0,0
2005," 三芝區"," 計",261,95,29,61,29,3,10,0,0,0,0,0,7,-,-,-,-,0,27
2005," 三芝區"," 男",125,44,14,34,14,2,6,0,0,0,0,0,4,-,-,-,-,0,7
2005," 三芝區"," 女",136,51,15,27,15,1,4,0,0,0,0,0,3,-,-,-,-,0,20
2005," 石門區"," 計",44,16,10,0,2,0,5,0,3,0,0,0,4,-,-,-,-,0,4
2005," 石門區"," 男",18,9,3,0,0,0,2,0,0,0,0,0,2,-,-,-,-,0,2
2005," 石門區"," 女",26,7,7,0,2,0,3,0,3,0,0,0,2,-,-,-,-,0,2
2005," 八里區"," 計",538,253,41,95,51,4,9,0,3,0,3,3,26,-,-,-,-,0,50
2005," 八里區"," 男",280,126,27,48,22,0,3,0,2,0,2,3,14,-,-,-,-,0,33
2005," 八里區"," 女",258,127,14,47,29,4,6,0,1,0,1,0,12,-,-,-,-,0,17
2005," 平溪區"," 計",26,16,6,2,0,0,0,0,0,0,0,0,0,-,-,-,-,0,2
2005," 平溪區"," 男",9,6,2,0,0,0,0,0,0,0,0,0,0,-,-,-,-,0,1
2005," 平溪區"," 女",17,10,4,2,0,0,0,0,0,0,0,0,0,-,-,-,-,0,1
2005," 雙溪區"," 計",22,8,1,2,5,0,1,0,0,0,0,0,0,-,-,-,-,0,5
2005," 雙溪區"," 男",10,4,1,0,1,0,1,0,0,0,0,0,0,-,-,-,-,0,3
2005," 雙溪區"," 女",12,4,0,2,4,0,0,0,0,0,0,0,0,-,-,-,-,0,2
2005," 貢寮區"," 計",76,38,3,11,10,0,1,0,0,0,0,0,0,-,-,-,-,0,13
2005," 貢寮區"," 男",34,17,0,5,4,0,0,0,0,0,0,0,0,-,-,-,-,0,8
2005," 貢寮區"," 女",42,21,3,6,6,0,1,0,0,0,0,0,0,-,-,-,-,0,5
2005," 金山區"," 計",76,25,14,20,3,0,1,0,0,0,0,0,5,-,-,-,-,0,8
2005," 金山區"," 男",29,10,2,11,2,0,0,0,0,0,0,0,2,-,-,-,-,0,2
2005," 金山區"," 女",47,15,12,9,1,0,1,0,0,0,0,0,3,-,-,-,-,0,6
2005," 萬里區"," 計",236,175,7,16,4,0,0,0,0,1,0,0,8,-,-,-,-,0,25
2005," 萬里區"," 男",119,90,2,8,2,0,0,0,0,0,0,0,2,-,-,-,-,0,15
2005," 萬里區"," 女",117,85,5,8,2,0,0,0,0,1,0,0,6,-,-,-,-,0,10
2005," 烏來區"," 計",2295,74,1944,9,21,6,3,8,6,0,0,1,14,-,-,-,-,0,209
2005," 烏來區"," 男",1174,36,1000,4,7,2,0,3,3,0,0,1,4,-,-,-,-,0,114
2005," 烏來區"," 女",1121,38,944,5,14,4,3,5,3,0,0,0,10,-,-,-,-,0,95
2006," 新北市"," 計",41949,23476,5325,2614,2437,358,732,159,294,88,25,191,823,-,-,-,-,2,5425
2006," 新北市"," 男",19800,11398,2336,1218,1063,152,345,64,129,27,12,105,331,-,-,-,-,0,2620
2006," 新北市"," 女",22149,12078,2989,1396,1374,206,387,95,165,61,13,86,492,-,-,-,-,2,2805
2006," 板橋區"," 計",3035,1530,227,172,167,16,73,23,22,10,2,27,44,-,-,-,-,0,722
2006," 板橋區"," 男",1346,699,87,82,64,7,26,11,10,1,1,17,19,-,-,-,-,0,322
2006," 板橋區"," 女",1689,831,140,90,103,9,47,12,12,9,1,10,25,-,-,-,-,0,400
2006," 三重區"," 計",1525,729,187,142,116,27,57,13,15,8,7,4,46,-,-,-,-,0,174
2006," 三重區"," 男",660,339,62,62,47,8,34,4,8,2,5,1,17,-,-,-,-,0,71
2006," 三重區"," 女",865,390,125,80,69,19,23,9,7,6,2,3,29,-,-,-,-,0,103
2006," 中和區"," 計",2056,966,340,136,121,36,66,13,11,8,3,1,69,-,-,-,-,0,286
2006," 中和區"," 男",871,436,122,58,54,15,35,5,3,2,1,0,25,-,-,-,-,0,115
2006," 中和區"," 女",1185,530,218,78,67,21,31,8,8,6,2,1,44,-,-,-,-,0,171
2006," 永和區"," 計",639,241,127,59,49,5,41,1,9,0,0,1,19,-,-,-,-,0,87
2006," 永和區"," 男",251,90,42,23,20,0,22,1,4,0,0,0,9,-,-,-,-,0,40
2006," 永和區"," 女",388,151,85,36,29,5,19,0,5,0,0,1,10,-,-,-,-,0,47
2006," 新莊區"," 計",3948,2208,304,402,242,38,91,20,57,11,3,14,120,-,-,-,-,0,438
2006," 新莊區"," 男",1868,1042,121,198,121,17,45,9,28,3,1,8,49,-,-,-,-,0,226
2006," 新莊區"," 女",2080,1166,183,204,121,21,46,11,29,8,2,6,71,-,-,-,-,0,212
2006," 新店區"," 計",2629,1199,423,154,149,3,45,17,24,0,0,5,68,-,-,-,-,0,542
2006," 新店區"," 男",1186,553,171,59,67,0,18,4,6,0,0,1,30,-,-,-,-,0,277
2006," 新店區"," 女",1443,646,252,95,82,3,27,13,18,0,0,4,38,-,-,-,-,0,265
2006," 樹林區"," 計",5343,3955,213,257,389,11,88,4,37,4,5,79,60,-,-,-,-,2,239
2006," 樹林區"," 男",2593,1962,85,115,164,3,47,2,25,1,2,44,28,-,-,-,-,0,115
2006," 樹林區"," 女",2750,1993,128,142,225,8,41,2,12,3,3,35,32,-,-,-,-,2,124
2006," 鶯歌區"," 計",2152,1205,223,113,233,43,19,6,21,6,1,7,54,-,-,-,-,0,221
2006," 鶯歌區"," 男",1046,604,101,60,103,23,4,2,7,3,0,5,26,-,-,-,-,0,108
2006," 鶯歌區"," 女",1106,601,122,53,130,20,15,4,14,3,1,2,28,-,-,-,-,0,113
2006," 三峽區"," 計",1781,1211,197,119,69,9,17,7,12,7,0,8,16,-,-,-,-,0,109
2006," 三峽區"," 男",869,618,74,57,31,3,9,1,4,2,0,5,6,-,-,-,-,0,59
2006," 三峽區"," 女",912,593,123,62,38,6,8,6,8,5,0,3,10,-,-,-,-,0,50
2006," 淡水區"," 計",1142,530,104,105,226,13,17,1,3,0,0,9,31,-,-,-,-,0,103
2006," 淡水區"," 男",532,261,43,45,100,9,8,1,0,0,0,6,13,-,-,-,-,0,46
2006," 淡水區"," 女",610,269,61,60,126,4,9,0,3,0,0,3,18,-,-,-,-,0,57
2006," 汐止區"," 計",3679,2551,156,97,100,9,41,12,12,2,0,12,27,-,-,-,-,0,660
2006," 汐止區"," 男",1771,1250,63,43,46,5,24,5,3,0,0,5,8,-,-,-,-,0,319
2006," 汐止區"," 女",1908,1301,93,54,54,4,17,7,9,2,0,7,19,-,-,-,-,0,341
2006," 瑞芳區"," 計",1163,927,25,11,11,0,13,0,3,5,0,0,2,-,-,-,-,0,166
2006," 瑞芳區"," 男",596,486,6,5,3,0,3,0,1,2,0,0,0,-,-,-,-,0,90
2006," 瑞芳區"," 女",567,441,19,6,8,0,10,0,2,3,0,0,2,-,-,-,-,0,76
2006," 土城區"," 計",3764,2515,246,175,166,24,37,10,13,7,1,13,33,-,-,-,-,0,524
2006," 土城區"," 男",1842,1262,92,90,74,11,14,8,5,1,0,6,12,-,-,-,-,0,267
2006," 土城區"," 女",1922,1253,154,85,92,13,23,2,8,6,1,7,21,-,-,-,-,0,257
2006," 蘆洲區"," 計",1688,990,113,102,57,2,50,7,6,4,0,1,24,-,-,-,-,0,332
2006," 蘆洲區"," 男",798,483,44,51,26,2,22,2,4,3,0,0,5,-,-,-,-,0,156
2006," 蘆洲區"," 女",890,507,69,51,31,0,28,5,2,1,0,1,19,-,-,-,-,0,176
2006," 五股區"," 計",1327,650,112,138,76,57,13,1,7,3,0,4,66,-,-,-,-,0,200
2006," 五股區"," 男",618,323,43,62,31,22,8,1,4,2,0,3,26,-,-,-,-,0,93
2006," 五股區"," 女",709,327,69,76,45,35,5,0,3,1,0,1,40,-,-,-,-,0,107
2006," 泰山區"," 計",971,488,74,101,53,31,6,6,17,7,0,0,40,-,-,-,-,0,148
2006," 泰山區"," 男",452,235,31,46,26,13,2,3,10,3,0,0,17,-,-,-,-,0,66
2006," 泰山區"," 女",519,253,43,55,27,18,4,3,7,4,0,0,23,-,-,-,-,0,82
2006," 林口區"," 計",1112,636,64,69,69,21,17,6,9,2,0,1,19,-,-,-,-,0,199
2006," 林口區"," 男",518,305,31,32,26,10,8,1,2,1,0,0,6,-,-,-,-,0,96
2006," 林口區"," 女",594,331,33,37,43,11,9,5,7,1,0,1,13,-,-,-,-,0,103
2006," 深坑區"," 計",183,114,26,18,5,0,3,3,4,0,0,0,4,-,-,-,-,0,6
2006," 深坑區"," 男",74,49,9,10,1,0,1,1,0,0,0,0,1,-,-,-,-,0,2
2006," 深坑區"," 女",109,65,17,8,4,0,2,2,4,0,0,0,3,-,-,-,-,0,4
2006," 石碇區"," 計",32,17,11,2,2,0,0,0,0,0,0,0,0,-,-,-,-,0,0
2006," 石碇區"," 男",12,7,4,1,0,0,0,0,0,0,0,0,0,-,-,-,-,0,0
2006," 石碇區"," 女",20,10,7,1,2,0,0,0,0,0,0,0,0,-,-,-,-,0,0
2006," 坪林區"," 計",9,1,2,2,3,0,0,0,0,0,0,0,0,-,-,-,-,0,1
2006," 坪林區"," 男",7,0,2,2,2,0,0,0,0,0,0,0,0,-,-,-,-,0,1
2006," 坪林區"," 女",2,1,0,0,1,0,0,0,0,0,0,0,0,-,-,-,-,0,0
2006," 三芝區"," 計",279,112,28,75,30,3,13,0,0,0,0,1,8,-,-,-,-,0,9
2006," 三芝區"," 男",132,48,12,40,15,2,8,0,0,0,0,0,4,-,-,-,-,0,3
2006," 三芝區"," 女",147,64,16,35,15,1,5,0,0,0,0,1,4,-,-,-,-,0,6
2006," 石門區"," 計",46,18,10,0,2,0,5,0,4,0,0,0,5,-,-,-,-,0,2
2006," 石門區"," 男",19,11,3,0,0,0,2,0,0,0,0,0,2,-,-,-,-,0,1
2006," 石門區"," 女",27,7,7,0,2,0,3,0,4,0,0,0,3,-,-,-,-,0,1
2006," 八里區"," 計",604,289,42,97,55,4,14,1,3,2,3,3,27,-,-,-,-,0,64
2006," 八里區"," 男",313,145,27,48,26,0,5,0,2,1,2,3,14,-,-,-,-,0,40
2006," 八里區"," 女",291,144,15,49,29,4,9,1,1,1,1,0,13,-,-,-,-,0,24
2006," 平溪區"," 計",22,12,7,2,0,0,0,0,0,1,0,0,0,-,-,-,-,0,0
2006," 平溪區"," 男",6,4,2,0,0,0,0,0,0,0,0,0,0,-,-,-,-,0,0
2006," 平溪區"," 女",16,8,5,2,0,0,0,0,0,1,0,0,0,-,-,-,-,0,0
2006," 雙溪區"," 計",21,7,4,3,5,0,0,0,0,0,0,0,0,-,-,-,-,0,2
2006," 雙溪區"," 男",7,2,3,0,1,0,0,0,0,0,0,0,0,-,-,-,-,0,1
2006," 雙溪區"," 女",14,5,1,3,4,0,0,0,0,0,0,0,0,-,-,-,-,0,1
2006," 貢寮區"," 計",74,37,7,10,10,0,1,0,0,0,0,0,0,-,-,-,-,0,9
2006," 貢寮區"," 男",31,16,2,4,4,0,0,0,0,0,0,0,0,-,-,-,-,0,5
2006," 貢寮區"," 女",43,21,5,6,6,0,1,0,0,0,0,0,0,-,-,-,-,0,4
2006," 金山區"," 計",85,33,11,25,4,0,1,0,0,0,0,0,6,-,-,-,-,0,5
2006," 金山區"," 男",31,15,1,10,2,0,0,0,0,0,0,0,2,-,-,-,-,0,1
2006," 金山區"," 女",54,18,10,15,2,0,1,0,0,0,0,0,4,-,-,-,-,0,4
2006," 萬里區"," 計",246,198,6,14,5,0,1,0,0,1,0,0,9,-,-,-,-,0,12
2006," 萬里區"," 男",129,105,1,8,3,0,0,0,0,0,0,0,2,-,-,-,-,0,10
2006," 萬里區"," 女",117,93,5,6,2,0,1,0,0,1,0,0,7,-,-,-,-,0,2
2006," 烏來區"," 計",2394,107,2036,14,23,6,3,8,5,0,0,1,26,-,-,-,-,0,165
2006," 烏來區"," 男",1222,48,1052,7,6,2,0,3,3,0,0,1,10,-,-,-,-,0,90
2006," 烏來區"," 女",1172,59,984,7,17,4,3,5,2,0,0,0,16,-,-,-,-,0,75
2007," 新北市"," 計",43865,24833,5618,2838,2626,392,853,160,322,107,30,208,1030,-,-,-,-,5,4843
2007," 新北市"," 男",20676,12064,2466,1314,1142,167,396,67,145,42,14,112,421,-,-,-,-,2,2324
2007," 新北市"," 女",23189,12769,3152,1524,1484,225,457,93,177,65,16,96,609,-,-,-,-,3,2519
2007," 板橋區"," 計",3232,1674,278,200,179,17,96,23,27,12,0,22,73,-,-,-,-,3,628
2007," 板橋區"," 男",1412,758,99,90,72,8,36,13,13,3,0,14,30,-,-,-,-,2,274
2007," 板橋區"," 女",1820,916,179,110,107,9,60,10,14,9,0,8,43,-,-,-,-,1,354
2007," 三重區"," 計",1667,790,216,160,126,31,60,15,16,10,7,4,69,-,-,-,-,0,163
2007," 三重區"," 男",726,364,76,74,56,12,34,4,8,2,5,1,24,-,-,-,-,0,66
2007," 三重區"," 女",941,426,140,86,70,19,26,11,8,8,2,3,45,-,-,-,-,0,97
2007," 中和區"," 計",2150,1044,330,152,141,33,69,15,12,8,9,2,85,-,-,-,-,0,250
2007," 中和區"," 男",914,474,124,57,64,12,33,6,3,2,3,0,35,-,-,-,-,0,101
2007," 中和區"," 女",1236,570,206,95,77,21,36,9,9,6,6,2,50,-,-,-,-,0,149
2007," 永和區"," 計",652,252,131,63,52,4,33,1,9,1,0,1,21,-,-,-,-,0,84
2007," 永和區"," 男",249,93,46,22,19,0,14,1,4,1,0,0,10,-,-,-,-,0,39
2007," 永和區"," 女",403,159,85,41,33,4,19,0,5,0,0,1,11,-,-,-,-,0,45
2007," 新莊區"," 計",4162,2382,318,414,257,40,110,19,59,14,2,18,141,-,-,-,-,1,387
2007," 新莊區"," 男",1946,1128,121,207,123,18,50,9,29,5,1,11,57,-,-,-,-,0,187
2007," 新莊區"," 女",2216,1254,197,207,134,22,60,10,30,9,1,7,84,-,-,-,-,1,200
2007," 新店區"," 計",2790,1274,481,165,170,9,60,14,23,1,0,9,84,-,-,-,-,1,499
2007," 新店區"," 男",1246,574,203,63,77,2,28,2,7,1,0,2,32,-,-,-,-,0,255
2007," 新店區"," 女",1544,700,278,102,93,7,32,12,16,0,0,7,52,-,-,-,-,1,244
2007," 樹林區"," 計",5501,4060,223,274,404,12,109,4,44,6,7,85,67,-,-,-,-,0,206
2007," 樹林區"," 男",2696,2029,95,123,176,3,57,2,28,2,3,46,30,-,-,-,-,0,102
2007," 樹林區"," 女",2805,2031,128,151,228,9,52,2,16,4,4,39,37,-,-,-,-,0,104
2007," 鶯歌區"," 計",2317,1299,239,125,252,43,27,7,21,6,1,9,81,-,-,-,-,0,207
2007," 鶯歌區"," 男",1135,656,115,65,107,25,9,2,7,3,0,7,41,-,-,-,-,0,98
2007," 鶯歌區"," 女",1182,643,124,60,145,18,18,5,14,3,1,2,40,-,-,-,-,0,109
2007," 三峽區"," 計",1912,1295,207,131,71,11,25,7,17,6,0,9,35,-,-,-,-,0,98
2007," 三峽區"," 男",932,663,71,63,31,2,15,1,9,2,0,6,14,-,-,-,-,0,55
2007," 三峽區"," 女",980,632,136,68,40,9,10,6,8,4,0,3,21,-,-,-,-,0,43
2007," 淡水區"," 計",1214,586,121,102,229,12,17,1,3,0,0,9,34,-,-,-,-,0,100
2007," 淡水區"," 男",560,284,55,46,98,8,8,1,0,0,0,6,13,-,-,-,-,0,41
2007," 淡水區"," 女",654,302,66,56,131,4,9,0,3,0,0,3,21,-,-,-,-,0,59
2007," 汐止區"," 計",3799,2667,164,103,110,11,41,11,11,3,0,14,45,-,-,-,-,0,619
2007," 汐止區"," 男",1842,1318,69,45,48,6,24,6,3,1,0,6,15,-,-,-,-,0,301
2007," 汐止區"," 女",1957,1349,95,58,62,5,17,5,8,2,0,8,30,-,-,-,-,0,318
2007," 瑞芳區"," 計",1168,952,21,13,13,0,13,0,3,5,0,0,10,-,-,-,-,0,138
2007," 瑞芳區"," 男",606,501,5,6,4,0,3,0,1,2,0,0,4,-,-,-,-,0,80
2007," 瑞芳區"," 女",562,451,16,7,9,0,10,0,2,3,0,0,6,-,-,-,-,0,58
2007," 土城區"," 計",3858,2641,255,196,175,27,40,10,14,12,1,15,37,-,-,-,-,0,435
2007," 土城區"," 男",1898,1325,99,104,78,14,15,7,6,5,0,7,15,-,-,-,-,0,223
2007," 土城區"," 女",1960,1316,156,92,97,13,25,3,8,7,1,8,22,-,-,-,-,0,212
2007," 蘆洲區"," 計",1745,1054,105,108,59,4,55,8,6,5,0,1,38,-,-,-,-,0,302
2007," 蘆洲區"," 男",815,501,38,56,27,2,25,2,4,4,0,0,13,-,-,-,-,0,143
2007," 蘆洲區"," 女",930,553,67,52,32,2,30,6,2,1,0,1,25,-,-,-,-,0,159
2007," 五股區"," 計",1370,684,114,143,94,67,14,1,8,3,0,3,61,-,-,-,-,0,178
2007," 五股區"," 男",635,343,42,65,42,26,7,1,4,2,0,2,21,-,-,-,-,0,80
2007," 五股區"," 女",735,341,72,78,52,41,7,0,4,1,0,1,40,-,-,-,-,0,98
2007," 泰山區"," 計",1036,525,92,107,56,32,23,6,17,5,0,0,39,-,-,-,-,0,134
2007," 泰山區"," 男",479,250,38,47,25,13,14,3,10,2,0,0,19,-,-,-,-,0,58
2007," 泰山區"," 女",557,275,54,60,31,19,9,3,7,3,0,0,20,-,-,-,-,0,76
2007," 林口區"," 計",1180,681,79,96,77,22,17,6,11,2,0,1,11,-,-,-,-,0,177
2007," 林口區"," 男",543,324,33,43,30,11,8,1,3,1,0,0,3,-,-,-,-,0,86
2007," 林口區"," 女",637,357,46,53,47,11,9,5,8,1,0,1,8,-,-,-,-,0,91
2007," 深坑區"," 計",209,128,23,22,7,0,0,4,7,0,0,0,10,-,-,-,-,0,8
2007," 深坑區"," 男",98,64,6,12,0,0,0,2,2,0,0,0,8,-,-,-,-,0,4
2007," 深坑區"," 女",111,64,17,10,7,0,0,2,5,0,0,0,2,-,-,-,-,0,4
2007," 石碇區"," 計",29,16,9,2,2,0,0,0,0,0,0,0,0,-,-,-,-,0,0
2007," 石碇區"," 男",12,7,4,1,0,0,0,0,0,0,0,0,0,-,-,-,-,0,0
2007," 石碇區"," 女",17,9,5,1,2,0,0,0,0,0,0,0,0,-,-,-,-,0,0
2007," 坪林區"," 計",10,2,3,2,3,0,0,0,0,0,0,0,0,-,-,-,-,0,0
2007," 坪林區"," 男",7,1,2,2,2,0,0,0,0,0,0,0,0,-,-,-,-,0,0
2007," 坪林區"," 女",3,1,1,0,1,0,0,0,0,0,0,0,0,-,-,-,-,0,0
2007," 三芝區"," 計",291,118,27,82,30,2,13,0,1,0,0,1,8,-,-,-,-,0,9
2007," 三芝區"," 男",132,52,9,41,14,1,8,0,0,0,0,0,4,-,-,-,-,0,3
2007," 三芝區"," 女",159,66,18,41,16,1,5,0,1,0,0,1,4,-,-,-,-,0,6
2007," 石門區"," 計",53,17,13,6,2,0,5,0,4,0,0,0,5,-,-,-,-,0,1
2007," 石門區"," 男",21,11,3,2,0,0,2,0,0,0,0,0,2,-,-,-,-,0,1
2007," 石門區"," 女",32,6,10,4,2,0,3,0,4,0,0,0,3,-,-,-,-,0,0
2007," 八里區"," 計",652,295,52,108,67,9,15,1,3,3,3,3,27,-,-,-,-,0,66
2007," 八里區"," 男",338,151,32,53,31,2,5,0,2,2,2,3,12,-,-,-,-,0,43
2007," 八里區"," 女",314,144,20,55,36,7,10,1,1,1,1,0,15,-,-,-,-,0,23
2007," 平溪區"," 計",22,12,6,1,0,0,0,0,0,3,0,0,0,-,-,-,-,0,0
2007," 平溪區"," 男",7,4,2,0,0,0,0,0,0,1,0,0,0,-,-,-,-,0,0
2007," 平溪區"," 女",15,8,4,1,0,0,0,0,0,2,0,0,0,-,-,-,-,0,0
2007," 雙溪區"," 計",24,10,6,1,5,0,0,0,0,0,0,0,0,-,-,-,-,0,2
2007," 雙溪區"," 男",11,4,5,0,1,0,0,0,0,0,0,0,0,-,-,-,-,0,1
2007," 雙溪區"," 女",13,6,1,1,4,0,0,0,0,0,0,0,0,-,-,-,-,0,1
2007," 貢寮區"," 計",73,39,10,4,10,0,2,0,0,1,0,0,0,-,-,-,-,0,7
2007," 貢寮區"," 男",31,17,3,2,4,0,0,0,0,1,0,0,0,-,-,-,-,0,4
2007," 貢寮區"," 女",42,22,7,2,6,0,2,0,0,0,0,0,0,-,-,-,-,0,3
2007," 金山區"," 計",87,34,11,19,5,0,4,0,0,0,0,1,10,-,-,-,-,0,3
2007," 金山區"," 男",32,15,1,7,2,0,1,0,0,0,0,0,5,-,-,-,-,0,1
2007," 金山區"," 女",55,19,10,12,3,0,3,0,0,0,0,1,5,-,-,-,-,0,2
2007," 萬里區"," 計",252,202,7,18,7,0,1,0,0,1,0,0,13,-,-,-,-,0,3
2007," 萬里區"," 男",126,110,1,7,3,0,0,0,0,0,0,0,3,-,-,-,-,0,2
2007," 萬里區"," 女",126,92,6,11,4,0,1,0,0,1,0,0,10,-,-,-,-,0,1
2007," 烏來區"," 計",2410,100,2077,21,23,6,4,7,6,0,0,1,26,-,-,-,-,0,139
2007," 烏來區"," 男",1227,43,1069,11,8,2,0,4,2,0,0,1,11,-,-,-,-,0,76
2007," 烏來區"," 女",1183,57,1008,10,15,4,4,3,4,0,0,0,15,-,-,-,-,0,63
2008," 新北市"," 計",45985,26189,5948,3134,2803,430,932,166,365,110,37,232,1221,12,-,-,-,20,4386
2008," 新北市"," 男",21537,12668,2582,1422,1211,178,433,69,163,43,18,123,492,7,-,-,-,12,2116
2008," 新北市"," 女",24448,13521,3366,1712,1592,252,499,97,202,67,19,109,729,5,-,-,-,8,2270
2008," 板橋區"," 計",3443,1841,288,230,186,20,105,24,30,12,0,26,95,3,-,-,-,1,582
2008," 板橋區"," 男",1483,822,101,93,80,10,41,14,14,3,0,16,33,2,-,-,-,0,254
2008," 板橋區"," 女",1960,1019,187,137,106,10,64,10,16,9,0,10,62,1,-,-,-,1,328
2008," 三重區"," 計",1748,852,232,162,144,28,64,15,17,11,7,4,74,0,-,-,-,0,138
2008," 三重區"," 男",761,394,79,75,66,9,37,3,7,4,5,1,24,0,-,-,-,0,57
2008," 三重區"," 女",987,458,153,87,78,19,27,12,10,7,2,3,50,0,-,-,-,0,81
2008," 中和區"," 計",2262,1092,361,172,154,35,70,9,26,9,5,1,96,0,-,-,-,1,231
2008," 中和區"," 男",965,504,140,67,65,10,33,4,8,2,2,0,39,0,-,-,-,0,91
2008," 中和區"," 女",1297,588,221,105,89,25,37,5,18,7,3,1,57,0,-,-,-,1,140
2008," 永和區"," 計",708,280,147,73,58,4,40,0,6,1,0,1,22,0,-,-,-,2,74
2008," 永和區"," 男",269,105,52,28,22,0,15,0,3,1,0,0,9,0,-,-,-,1,33
2008," 永和區"," 女",439,175,95,45,36,4,25,0,3,0,0,1,13,0,-,-,-,1,41
2008," 新莊區"," 計",4411,2512,335,470,294,37,116,22,74,13,2,22,168,1,-,-,-,4,341
2008," 新莊區"," 男",2045,1189,131,224,136,16,50,9,37,4,1,13,66,0,-,-,-,3,166
2008," 新莊區"," 女",2366,1323,204,246,158,21,66,13,37,9,1,9,102,1,-,-,-,1,175
2008," 新店區"," 計",2863,1312,473,195,175,11,62,20,28,4,0,10,99,1,-,-,-,1,472
2008," 新店區"," 男",1271,590,197,82,75,2,28,4,9,1,0,2,41,0,-,-,-,0,240
2008," 新店區"," 女",1592,722,276,113,100,9,34,16,19,3,0,8,58,1,-,-,-,1,232
2008," 樹林區"," 計",5751,4208,234,307,429,14,120,4,46,7,9,93,86,0,-,-,-,3,191
2008," 樹林區"," 男",2791,2097,91,135,177,5,61,3,28,3,4,50,43,0,-,-,-,2,92
2008," 樹林區"," 女",2960,2111,143,172,252,9,59,1,18,4,5,43,43,0,-,-,-,1,99
2008," 鶯歌區"," 計",2378,1303,257,140,261,48,35,9,21,5,0,9,105,3,-,-,-,0,182
2008," 鶯歌區"," 男",1152,643,118,70,114,27,16,4,7,2,0,7,50,2,-,-,-,0,92
2008," 鶯歌區"," 女",1226,660,139,70,147,21,19,5,14,3,0,2,55,1,-,-,-,0,90
2008," 三峽區"," 計",2194,1506,231,149,73,14,34,8,19,7,4,10,39,3,-,-,-,0,97
2008," 三峽區"," 男",1060,757,82,65,37,5,18,1,10,3,1,7,14,2,-,-,-,0,58
2008," 三峽區"," 女",1134,749,149,84,36,9,16,7,9,4,3,3,25,1,-,-,-,0,39
2008," 淡水區"," 計",1277,625,129,101,232,10,16,1,4,0,0,9,46,0,-,-,-,0,104
2008," 淡水區"," 男",575,292,55,47,99,5,8,1,0,0,0,6,16,0,-,-,-,0,46
2008," 淡水區"," 女",702,333,74,54,133,5,8,0,4,0,0,3,30,0,-,-,-,0,58
2008," 汐止區"," 計",3917,2785,183,133,125,13,37,12,12,6,5,15,55,0,-,-,-,0,536
2008," 汐止區"," 男",1874,1359,69,56,53,6,21,8,6,3,3,6,19,0,-,-,-,0,265
2008," 汐止區"," 女",2043,1426,114,77,72,7,16,4,6,3,2,9,36,0,-,-,-,0,271
2008," 瑞芳區"," 計",1155,956,21,13,11,0,15,0,3,3,0,0,9,0,-,-,-,0,124
2008," 瑞芳區"," 男",610,510,7,7,4,0,4,0,1,1,0,0,4,0,-,-,-,0,72
2008," 瑞芳區"," 女",545,446,14,6,7,0,11,0,2,2,0,0,5,0,-,-,-,0,52
2008," 土城區"," 計",3951,2699,263,211,192,29,36,9,16,13,1,20,66,0,-,-,-,0,396
2008," 土城區"," 男",1957,1362,102,112,86,15,15,6,6,6,0,9,28,0,-,-,-,0,210
2008," 土城區"," 女",1994,1337,161,99,106,14,21,3,10,7,1,11,38,0,-,-,-,0,186
2008," 蘆洲區"," 計",1801,1112,113,109,61,5,60,7,5,9,0,1,32,1,-,-,-,0,286
2008," 蘆洲區"," 男",825,520,38,56,28,2,28,2,4,5,0,0,9,1,-,-,-,0,132
2008," 蘆洲區"," 女",976,592,75,53,33,3,32,5,1,4,0,1,23,0,-,-,-,0,154
2008," 五股區"," 計",1442,722,134,153,101,74,19,1,8,3,0,3,69,0,-,-,-,0,155
2008," 五股區"," 男",663,362,54,69,38,29,8,1,4,2,0,2,25,0,-,-,-,0,69
2008," 五股區"," 女",779,360,80,84,63,45,11,0,4,1,0,1,44,0,-,-,-,0,86
2008," 泰山區"," 計",1074,562,113,117,51,42,27,6,17,0,0,0,32,0,-,-,-,5,102
2008," 泰山區"," 男",503,271,49,50,22,18,15,3,9,0,0,0,18,0,-,-,-,4,44
2008," 泰山區"," 女",571,291,64,67,29,24,12,3,8,0,0,0,14,0,-,-,-,1,58
2008," 林口區"," 計",1344,795,97,119,87,27,20,9,14,0,0,1,19,0,-,-,-,0,156
2008," 林口區"," 男",628,387,40,53,34,14,11,2,4,0,0,0,7,0,-,-,-,0,76
2008," 林口區"," 女",716,408,57,66,53,13,9,7,10,0,0,1,12,0,-,-,-,0,80
2008," 深坑區"," 計",213,142,15,22,7,0,0,2,3,0,1,0,9,0,-,-,-,3,9
2008," 深坑區"," 男",98,68,4,11,1,0,0,0,1,0,0,0,7,0,-,-,-,2,4
2008," 深坑區"," 女",115,74,11,11,6,0,0,2,2,0,1,0,2,0,-,-,-,1,5
2008," 石碇區"," 計",26,13,10,2,1,0,0,0,0,0,0,0,0,0,-,-,-,0,0
2008," 石碇區"," 男",11,6,4,1,0,0,0,0,0,0,0,0,0,0,-,-,-,0,0
2008," 石碇區"," 女",15,7,6,1,1,0,0,0,0,0,0,0,0,0,-,-,-,0,0
2008," 坪林區"," 計",10,4,3,2,1,0,0,0,0,0,0,0,0,0,-,-,-,0,0
2008," 坪林區"," 男",7,2,2,2,1,0,0,0,0,0,0,0,0,0,-,-,-,0,0
2008," 坪林區"," 女",3,2,1,0,0,0,0,0,0,0,0,0,0,0,-,-,-,0,0
2008," 三芝區"," 計",302,119,30,85,32,3,12,0,1,0,0,1,11,0,-,-,-,0,8
2008," 三芝區"," 男",137,50,11,43,16,1,8,0,0,0,0,0,5,0,-,-,-,0,3
2008," 三芝區"," 女",165,69,19,42,16,2,4,0,1,0,0,1,6,0,-,-,-,0,5
2008," 石門區"," 計",50,15,11,6,2,0,5,0,4,0,0,0,6,0,-,-,-,0,1
2008," 石門區"," 男",20,10,3,2,0,0,2,0,0,0,0,0,2,0,-,-,-,0,1
2008," 石門區"," 女",30,5,8,4,2,0,3,0,4,0,0,0,4,0,-,-,-,0,0
2008," 八里區"," 計",667,314,44,99,74,8,26,1,3,3,3,3,29,0,-,-,-,0,60
2008," 八里區"," 男",342,164,25,48,35,1,11,0,2,2,2,3,11,0,-,-,-,0,38
2008," 八里區"," 女",325,150,19,51,39,7,15,1,1,1,1,0,18,0,-,-,-,0,22
2008," 平溪區"," 計",23,13,5,2,0,0,0,0,0,3,0,0,0,0,-,-,-,0,0
2008," 平溪區"," 男",7,4,2,0,0,0,0,0,0,1,0,0,0,0,-,-,-,0,0
2008," 平溪區"," 女",16,9,3,2,0,0,0,0,0,2,0,0,0,0,-,-,-,0,0
2008," 雙溪區"," 計",22,7,7,1,5,0,1,0,0,0,0,0,0,0,-,-,-,0,1
2008," 雙溪區"," 男",10,3,5,0,1,0,1,0,0,0,0,0,0,0,-,-,-,0,0
2008," 雙溪區"," 女",12,4,2,1,4,0,0,0,0,0,0,0,0,0,-,-,-,0,1
2008," 貢寮區"," 計",81,49,9,3,10,0,2,0,0,0,0,1,0,0,-,-,-,0,7
2008," 貢寮區"," 男",36,23,3,2,4,0,0,0,0,0,0,0,0,0,-,-,-,0,4
2008," 貢寮區"," 女",45,26,6,1,6,0,2,0,0,0,0,1,0,0,-,-,-,0,3
2008," 金山區"," 計",92,35,13,20,7,0,4,0,0,0,0,1,10,0,-,-,-,0,2
2008," 金山區"," 男",35,15,2,7,4,0,1,0,0,0,0,0,5,0,-,-,-,0,1
2008," 金山區"," 女",57,20,11,13,3,0,3,0,0,0,0,1,5,0,-,-,-,0,1
2008," 萬里區"," 計",264,212,9,17,6,1,1,0,0,1,0,0,13,0,-,-,-,0,4
2008," 萬里區"," 男",133,116,2,7,3,0,0,0,0,0,0,0,3,0,-,-,-,0,2
2008," 萬里區"," 女",131,96,7,10,3,1,1,0,0,1,0,0,10,0,-,-,-,0,2
2008," 烏來區"," 計",2516,104,2181,21,24,7,5,7,8,0,0,1,31,0,-,-,-,0,127
2008," 烏來區"," 男",1269,43,1114,10,10,3,1,4,3,0,0,1,14,0,-,-,-,0,66
2008," 烏來區"," 女",1247,61,1067,11,14,4,4,3,5,0,0,0,17,0,-,-,-,0,61
2009," 新北市"," 計",47484,27737,6204,3363,2931,439,985,172,385,100,41,233,1376,18,58,-,-,0,3442
2009," 新北市"," 男",22169,13320,2698,1527,1284,177,452,73,166,42,20,127,564,11,29,-,-,0,1679
2009," 新北市"," 女",25315,14417,3506,1836,1647,262,533,99,219,58,21,106,812,7,29,-,-,0,1763
2009," 板橋區"," 計",3616,2020,332,269,200,26,114,26,34,11,2,32,96,3,7,-,-,0,444
2009," 板橋區"," 男",1555,896,115,111,94,14,46,15,16,2,1,17,29,2,2,-,-,0,195
2009," 板橋區"," 女",2061,1124,217,158,106,12,68,11,18,9,1,15,67,1,5,-,-,0,249
2009," 三重區"," 計",1846,944,239,176,161,29,73,12,20,9,8,4,84,0,0,-,-,0,87
2009," 三重區"," 男",809,437,76,88,74,9,39,2,9,3,5,1,31,0,0,-,-,0,35
2009," 三重區"," 女",1037,507,163,88,87,20,34,10,11,6,3,3,53,0,0,-,-,0,52
2009," 中和區"," 計",2413,1175,389,195,164,30,79,9,32,8,6,4,106,0,4,-,-,0,212
2009," 中和區"," 男",1030,530,153,75,69,7,37,4,10,2,3,3,48,0,2,-,-,0,87
2009," 中和區"," 女",1383,645,236,120,95,23,42,5,22,6,3,1,58,0,2,-,-,0,125
2009," 永和區"," 計",775,328,163,85,63,4,38,1,7,1,0,1,34,0,3,-,-,0,47
2009," 永和區"," 男",294,127,60,33,24,0,15,1,3,1,0,0,10,0,1,-,-,0,19
2009," 永和區"," 女",481,201,103,52,39,4,23,0,4,0,0,1,24,0,2,-,-,0,28
2009," 新莊區"," 計",4527,2659,352,471,291,33,131,24,61,10,3,28,159,1,12,-,-,0,292
2009," 新莊區"," 男",2076,1234,141,225,139,13,50,10,30,6,2,16,64,0,6,-,-,0,140
2009," 新莊區"," 女",2451,1425,211,246,152,20,81,14,31,4,1,12,95,1,6,-,-,0,152
2009," 新店區"," 計",2954,1424,473,217,173,11,62,22,40,0,0,7,115,1,3,-,-,0,406
2009," 新店區"," 男",1307,651,187,91,72,1,26,6,13,0,0,2,47,0,1,-,-,0,210
2009," 新店區"," 女",1647,773,286,126,101,10,36,16,27,0,0,5,68,1,2,-,-,0,196
2009," 樹林區"," 計",5785,4229,226,313,445,14,114,7,47,11,9,80,112,0,7,-,-,0,171
2009," 樹林區"," 男",2822,2109,95,137,187,5,61,5,28,4,4,43,52,0,3,-,-,0,89
2009," 樹林區"," 女",2963,2120,131,176,258,9,53,2,19,7,5,37,60,0,4,-,-,0,82
2009," 鶯歌區"," 計",2446,1416,249,145,278,49,40,9,24,5,0,9,112,3,3,-,-,0,104
2009," 鶯歌區"," 男",1189,705,114,72,122,27,19,3,7,2,0,7,51,2,3,-,-,0,55
2009," 鶯歌區"," 女",1257,711,135,73,156,22,21,6,17,3,0,2,61,1,0,-,-,0,49
2009," 三峽區"," 計",2373,1688,229,168,76,13,37,8,17,4,3,11,34,4,0,-,-,0,81
2009," 三峽區"," 男",1158,854,80,75,40,5,20,1,9,1,0,7,14,2,0,-,-,0,50
2009," 三峽區"," 女",1215,834,149,93,36,8,17,7,8,3,3,4,20,2,0,-,-,0,31
2009," 淡水區"," 計",1382,693,142,109,245,12,15,0,5,0,0,8,52,0,2,-,-,0,99
2009," 淡水區"," 男",617,318,57,49,111,5,8,0,0,0,0,6,20,0,2,-,-,0,41
2009," 淡水區"," 女",765,375,85,60,134,7,7,0,5,0,0,2,32,0,0,-,-,0,58
2009," 汐止區"," 計",4012,2975,199,140,132,11,36,10,15,6,5,17,74,2,0,-,-,0,390
2009," 汐止區"," 男",1921,1439,84,59,57,6,19,7,7,3,3,8,29,1,0,-,-,0,199
2009," 汐止區"," 女",2091,1536,115,81,75,5,17,3,8,3,2,9,45,1,0,-,-,0,191
2009," 瑞芳區"," 計",1186,992,24,20,7,0,17,0,3,0,0,0,12,0,0,-,-,0,111
2009," 瑞芳區"," 男",618,519,10,11,3,0,4,0,1,0,0,0,4,0,0,-,-,0,66
2009," 瑞芳區"," 女",568,473,14,9,4,0,13,0,2,0,0,0,8,0,0,-,-,0,45
2009," 土城區"," 計",4023,2772,260,221,208,30,42,10,22,12,1,18,81,3,5,-,-,0,338
2009," 土城區"," 男",1979,1386,105,116,89,14,18,6,10,7,0,9,35,3,2,-,-,0,179
2009," 土城區"," 女",2044,1386,155,105,119,16,24,4,12,5,1,9,46,0,3,-,-,0,159
2009," 蘆洲區"," 計",1819,1163,119,132,73,5,63,8,7,13,0,1,35,1,1,-,-,0,198
2009," 蘆洲區"," 男",832,541,40,70,34,2,31,2,5,6,0,0,12,1,0,-,-,0,88
2009," 蘆洲區"," 女",987,622,79,62,39,3,32,6,2,7,0,1,23,0,1,-,-,0,110
2009," 五股區"," 計",1456,735,149,165,99,78,25,1,7,3,0,3,80,0,0,-,-,0,111
2009," 五股區"," 男",664,355,59,74,38,33,12,1,4,2,0,2,34,0,0,-,-,0,50
2009," 五股區"," 女",792,380,90,91,61,45,13,0,3,1,0,1,46,0,0,-,-,0,61
2009," 泰山區"," 計",1118,598,129,125,63,41,31,6,10,0,0,0,44,0,7,-,-,0,64
2009," 泰山區"," 男",521,286,58,55,27,16,17,3,3,0,0,0,23,0,5,-,-,0,28
2009," 泰山區"," 女",597,312,71,70,36,25,14,3,7,0,0,0,21,0,2,-,-,0,36
2009," 林口區"," 計",1393,871,91,119,104,32,18,8,15,0,0,2,21,0,0,-,-,0,112
2009," 林口區"," 男",636,418,36,44,41,15,11,2,5,0,0,1,9,0,0,-,-,0,54
2009," 林口區"," 女",757,453,55,75,63,17,7,6,10,0,0,1,12,0,0,-,-,0,58
2009," 深坑區"," 計",222,130,23,29,9,2,0,1,3,0,1,0,11,0,3,-,-,0,10
2009," 深坑區"," 男",103,61,9,13,3,1,0,0,1,0,0,0,7,0,2,-,-,0,6
2009," 深坑區"," 女",119,69,14,16,6,1,0,1,2,0,1,0,4,0,1,-,-,0,4
2009," 石碇區"," 計",26,13,10,1,1,0,0,1,0,0,0,0,0,0,0,-,-,0,0
2009," 石碇區"," 男",9,5,4,0,0,0,0,0,0,0,0,0,0,0,0,-,-,0,0
2009," 石碇區"," 女",17,8,6,1,1,0,0,1,0,0,0,0,0,0,0,-,-,0,0
2009," 坪林區"," 計",10,3,4,2,1,0,0,0,0,0,0,0,0,0,0,-,-,0,0
2009," 坪林區"," 男",7,1,3,2,1,0,0,0,0,0,0,0,0,0,0,-,-,0,0
2009," 坪林區"," 女",3,2,1,0,0,0,0,0,0,0,0,0,0,0,0,-,-,0,0
2009," 三芝區"," 計",314,123,40,92,22,3,13,0,1,0,0,1,16,0,1,-,-,0,2
2009," 三芝區"," 男",140,51,17,47,9,1,8,0,0,0,0,0,6,0,0,-,-,0,1
2009," 三芝區"," 女",174,72,23,45,13,2,5,0,1,0,0,1,10,0,1,-,-,0,1
2009," 石門區"," 計",50,13,13,6,2,0,5,0,4,0,0,0,6,0,0,-,-,0,1
2009," 石門區"," 男",20,9,4,2,0,0,2,0,0,0,0,0,2,0,0,-,-,0,1
2009," 石門區"," 女",30,4,9,4,2,0,3,0,4,0,0,0,4,0,0,-,-,0,0
2009," 八里區"," 計",685,337,54,97,68,8,18,2,3,3,3,4,37,0,0,-,-,0,51
2009," 八里區"," 男",348,179,28,48,30,0,6,1,2,2,2,4,15,0,0,-,-,0,31
2009," 八里區"," 女",337,158,26,49,38,8,12,1,1,1,1,0,22,0,0,-,-,0,20
2009," 平溪區"," 計",24,11,6,2,0,0,0,0,0,3,0,0,0,0,0,-,-,0,2
2009," 平溪區"," 男",7,3,2,0,0,0,0,0,0,1,0,0,0,0,0,-,-,0,1
2009," 平溪區"," 女",17,8,4,2,0,0,0,0,0,2,0,0,0,0,0,-,-,0,1
2009," 雙溪區"," 計",25,10,11,1,1,0,1,0,0,0,0,0,0,0,0,-,-,0,1
2009," 雙溪區"," 男",10,3,6,0,0,0,1,0,0,0,0,0,0,0,0,-,-,0,0
2009," 雙溪區"," 女",15,7,5,1,1,0,0,0,0,0,0,0,0,0,0,-,-,0,1
2009," 貢寮區"," 計",68,44,5,2,9,0,1,0,0,0,0,1,0,0,0,-,-,0,6
2009," 貢寮區"," 男",29,19,1,1,4,0,0,0,0,0,0,0,0,0,0,-,-,0,4
2009," 貢寮區"," 女",39,25,4,1,5,0,1,0,0,0,0,1,0,0,0,-,-,0,2
2009," 金山區"," 計",104,39,18,19,8,0,6,0,0,0,0,1,11,0,0,-,-,0,2
2009," 金山區"," 男",38,16,3,7,4,0,1,0,0,0,0,0,6,0,0,-,-,0,1
2009," 金山區"," 女",66,23,15,12,4,0,5,0,0,0,0,1,5,0,0,-,-,0,1
2009," 萬里區"," 計",268,215,9,21,3,1,1,0,0,1,0,0,14,0,0,-,-,0,3
2009," 萬里區"," 男",139,120,2,11,1,0,0,0,0,0,0,0,3,0,0,-,-,0,2
2009," 萬里區"," 女",129,95,7,10,2,1,1,0,0,1,0,0,11,0,0,-,-,0,1
2009," 烏來區"," 計",2564,117,2246,21,25,7,5,7,8,0,0,1,30,0,0,-,-,0,97
2009," 烏來區"," 男",1291,48,1149,11,11,3,1,4,3,0,0,1,13,0,0,-,-,0,47
2009," 烏來區"," 女",1273,69,1097,10,14,4,4,3,5,0,0,0,17,0,0,-,-,0,50
2010," 新北市"," 計",48844,28601,6426,3620,3103,459,1025,186,413,90,38,235,1498,20,88,-,-,0,3042
2010," 新北市"," 男",22758,13710,2795,1641,1362,186,467,75,182,38,20,124,622,12,37,-,-,0,1487
2010," 新北市"," 女",26086,14891,3631,1979,1741,273,558,111,231,52,18,111,876,8,51,-,-,0,1555
2010," 板橋區"," 計",3745,2123,364,275,218,24,118,25,39,11,2,31,112,3,12,-,-,0,388
2010," 板橋區"," 男",1619,948,126,111,96,12,51,15,17,2,1,16,40,2,4,-,-,0,178
2010," 板橋區"," 女",2126,1175,238,164,122,12,67,10,22,9,1,15,72,1,8,-,-,0,210
2010," 三重區"," 計",1907,949,251,201,170,29,79,17,22,10,6,4,85,0,3,-,-,0,81
2010," 三重區"," 男",828,436,84,98,78,10,39,2,9,5,4,1,32,0,0,-,-,0,30
2010," 三重區"," 女",1079,513,167,103,92,19,40,15,13,5,2,3,53,0,3,-,-,0,51
2010," 中和區"," 計",2474,1200,401,210,176,33,87,11,35,8,5,4,121,0,6,-,-,0,177
2010," 中和區"," 男",1061,544,161,83,75,7,37,4,13,2,3,3,55,0,4,-,-,0,70
2010," 中和區"," 女",1413,656,240,127,101,26,50,7,22,6,2,1,66,0,2,-,-,0,107
2010," 永和區"," 計",806,331,166,105,73,4,42,1,8,1,0,1,30,0,4,-,-,0,40
2010," 永和區"," 男",323,140,64,42,28,0,16,1,5,1,0,0,8,0,1,-,-,0,17
2010," 永和區"," 女",483,191,102,63,45,4,26,0,3,0,0,1,22,0,3,-,-,0,23
2010," 新莊區"," 計",4669,2745,341,511,323,40,130,29,62,4,1,25,187,1,21,-,-,0,249
2010," 新莊區"," 男",2143,1284,136,243,150,16,49,13,32,1,1,13,75,0,10,-,-,0,120
2010," 新莊區"," 女",2526,1461,205,268,173,24,81,16,30,3,0,12,112,1,11,-,-,0,129
2010," 新店區"," 計",3049,1482,515,241,165,13,64,22,47,3,0,7,122,1,4,-,-,0,363
2010," 新店區"," 男",1343,669,197,100,73,3,29,6,16,1,0,2,50,0,1,-,-,0,196
2010," 新店區"," 女",1706,813,318,141,92,10,35,16,31,2,0,5,72,1,3,-,-,0,167
2010," 樹林區"," 計",5984,4342,251,347,464,14,119,5,45,4,8,87,131,0,7,-,-,0,160
2010," 樹林區"," 男",2897,2147,105,153,197,5,66,3,28,1,4,46,60,0,3,-,-,0,79
2010," 樹林區"," 女",3087,2195,146,194,267,9,53,2,17,3,4,41,71,0,4,-,-,0,81
2010," 鶯歌區"," 計",2449,1408,249,152,289,49,41,8,23,5,0,7,125,3,3,-,-,0,87
2010," 鶯歌區"," 男",1171,688,109,75,127,27,20,4,7,3,0,5,53,2,3,-,-,0,48
2010," 鶯歌區"," 女",1278,720,140,77,162,22,21,4,16,2,0,2,72,1,0,-,-,0,39
2010," 三峽區"," 計",2531,1772,257,196,81,10,34,8,20,7,3,10,49,5,0,-,-,0,79
2010," 三峽區"," 男",1229,906,94,83,39,5,16,1,8,4,0,6,19,2,0,-,-,0,46
2010," 三峽區"," 女",1302,866,163,113,42,5,18,7,12,3,3,4,30,3,0,-,-,0,33
2010," 淡水區"," 計",1451,718,156,109,265,12,21,3,6,0,3,8,62,0,1,-,-,0,87
2010," 淡水區"," 男",653,333,64,48,120,5,11,0,1,0,2,6,25,0,1,-,-,0,37
2010," 淡水區"," 女",798,385,92,61,145,7,10,3,5,0,1,2,37,0,0,-,-,0,50
2010," 汐止區"," 計",4100,3096,207,150,131,9,41,14,14,7,5,16,79,3,0,-,-,0,328
2010," 汐止區"," 男",1953,1498,85,66,56,2,21,8,7,3,3,8,32,2,0,-,-,0,162
2010," 汐止區"," 女",2147,1598,122,84,75,7,20,6,7,4,2,8,47,1,0,-,-,0,166
2010," 瑞芳區"," 計",1174,983,19,19,11,0,17,0,3,1,0,0,12,0,0,-,-,0,109
2010," 瑞芳區"," 男",614,512,10,10,5,0,5,0,1,1,0,0,5,0,0,-,-,0,65
2010," 瑞芳區"," 女",560,471,9,9,6,0,12,0,2,0,0,0,7,0,0,-,-,0,44
2010," 土城區"," 計",4027,2791,251,232,216,32,42,14,26,8,1,20,79,3,10,-,-,0,302
2010," 土城區"," 男",1972,1392,102,123,93,14,16,8,13,4,0,10,33,3,2,-,-,0,159
2010," 土城區"," 女",2055,1399,149,109,123,18,26,6,13,4,1,10,46,0,8,-,-,0,143
2010," 蘆洲區"," 計",1897,1211,147,138,77,6,67,7,10,10,0,1,40,1,3,-,-,0,179
2010," 蘆洲區"," 男",882,569,60,73,38,3,33,2,6,5,0,0,14,1,0,-,-,0,78
2010," 蘆洲區"," 女",1015,642,87,65,39,3,34,5,4,5,0,1,26,0,3,-,-,0,101
2010," 五股區"," 計",1539,795,154,179,98,83,27,1,7,4,0,4,87,0,0,-,-,0,100
2010," 五股區"," 男",716,390,62,79,44,34,13,1,4,2,0,3,39,0,0,-,-,0,45
2010," 五股區"," 女",823,405,92,100,54,49,14,0,3,2,0,1,48,0,0,-,-,0,55
2010," 泰山區"," 計",1140,617,130,129,68,49,29,1,10,1,0,0,43,0,8,-,-,0,55
2010," 泰山區"," 男",526,293,57,58,27,21,16,0,3,1,0,0,21,0,5,-,-,0,24
2010," 泰山區"," 女",614,324,73,71,41,28,13,1,7,0,0,0,22,0,3,-,-,0,31
2010," 林口區"," 計",1485,936,104,135,116,29,20,8,18,2,0,2,14,0,2,-,-,0,99
2010," 林口區"," 男",675,439,41,55,49,16,12,2,6,0,0,1,4,0,1,-,-,0,49
2010," 林口區"," 女",810,497,63,80,67,13,8,6,12,2,0,1,10,0,1,-,-,0,50
2010," 深坑區"," 計",225,129,20,34,9,2,0,1,3,0,1,0,15,0,3,-,-,0,8
2010," 深坑區"," 男",105,59,8,15,4,1,0,0,1,0,0,0,11,0,2,-,-,0,4
2010," 深坑區"," 女",120,70,12,19,5,1,0,1,2,0,1,0,4,0,1,-,-,0,4
2010," 石碇區"," 計",33,17,13,1,1,0,0,1,0,0,0,0,0,0,0,-,-,0,0
2010," 石碇區"," 男",11,7,4,0,0,0,0,0,0,0,0,0,0,0,0,-,-,0,0
2010," 石碇區"," 女",22,10,9,1,1,0,0,1,0,0,0,0,0,0,0,-,-,0,0
2010," 坪林區"," 計",10,3,3,2,2,0,0,0,0,0,0,0,0,0,0,-,-,0,0
2010," 坪林區"," 男",6,1,2,2,1,0,0,0,0,0,0,0,0,0,0,-,-,0,0
2010," 坪林區"," 女",4,2,1,0,1,0,0,0,0,0,0,0,0,0,0,-,-,0,0
2010," 三芝區"," 計",301,123,36,87,21,4,14,0,1,0,0,1,12,0,1,-,-,0,1
2010," 三芝區"," 男",141,51,19,45,9,2,9,0,0,0,0,0,5,0,0,-,-,0,1
2010," 三芝區"," 女",160,72,17,42,12,2,5,0,1,0,0,1,7,0,1,-,-,0,0
2010," 石門區"," 計",53,15,12,6,2,0,5,0,5,0,0,0,5,0,0,-,-,0,3
2010," 石門區"," 男",19,9,2,2,0,0,2,0,1,0,0,0,2,0,0,-,-,0,1
2010," 石門區"," 女",34,6,10,4,2,0,3,0,4,0,0,0,3,0,0,-,-,0,2
2010," 八里區"," 計",710,364,53,88,75,9,14,3,3,3,3,4,35,0,0,-,-,0,56
2010," 八里區"," 男",353,187,28,44,31,0,3,1,2,2,2,3,16,0,0,-,-,0,34
2010," 八里區"," 女",357,177,25,44,44,9,11,2,1,1,1,1,19,0,0,-,-,0,22
2010," 平溪區"," 計",22,13,4,2,0,0,1,0,0,0,0,0,0,0,0,-,-,0,2
2010," 平溪區"," 男",6,3,2,0,0,0,0,0,0,0,0,0,0,0,0,-,-,0,1
2010," 平溪區"," 女",16,10,2,2,0,0,1,0,0,0,0,0,0,0,0,-,-,0,1
2010," 雙溪區"," 計",27,11,12,4,0,0,0,0,0,0,0,0,0,0,0,-,-,0,0
2010," 雙溪區"," 男",12,4,6,2,0,0,0,0,0,0,0,0,0,0,0,-,-,0,0
2010," 雙溪區"," 女",15,7,6,2,0,0,0,0,0,0,0,0,0,0,0,-,-,0,0
2010," 貢寮區"," 計",68,38,6,3,13,0,1,0,0,0,0,1,1,0,0,-,-,0,5
2010," 貢寮區"," 男",27,15,1,2,6,0,0,0,0,0,0,0,0,0,0,-,-,0,3
2010," 貢寮區"," 女",41,23,5,1,7,0,1,0,0,0,0,1,1,0,0,-,-,0,2
2010," 金山區"," 計",101,39,18,19,7,0,5,0,0,0,0,1,11,0,0,-,-,0,1
2010," 金山區"," 男",36,15,3,7,3,0,1,0,0,0,0,0,6,0,0,-,-,0,1
2010," 金山區"," 女",65,24,15,12,4,0,4,0,0,0,0,1,5,0,0,-,-,0,0
2010," 萬里區"," 計",284,227,15,20,4,1,1,0,0,1,0,0,13,0,0,-,-,0,2
2010," 萬里區"," 男",143,124,5,9,1,0,0,0,0,0,0,0,3,0,0,-,-,0,1
2010," 萬里區"," 女",141,103,10,11,3,1,1,0,0,1,0,0,10,0,0,-,-,0,1
2010," 烏來區"," 計",2583,123,2271,25,28,7,6,7,6,0,0,1,28,0,0,-,-,0,81
2010," 烏來區"," 男",1294,47,1158,13,12,3,2,4,2,0,0,1,14,0,0,-,-,0,38
2010," 烏來區"," 女",1289,76,1113,12,16,4,4,3,4,0,0,0,14,0,0,-,-,0,43
2011," 新北市"," 計",50488,29619,6649,3784,3283,472,1095,179,436,79,46,244,1648,28,135,-,-,0,2791
2011," 新北市"," 男",23518,14202,2892,1708,1453,196,501,71,181,30,23,127,679,20,53,-,-,0,1382
2011," 新北市"," 女",26970,15417,3757,2076,1830,276,594,108,255,49,23,117,969,8,82,-,-,0,1409
2011," 板橋區"," 計",3865,2204,372,290,235,24,129,25,39,7,5,31,116,3,20,-,-,0,365
2011," 板橋區"," 男",1680,987,135,123,106,11,58,14,15,2,1,16,41,2,7,-,-,0,162
2011," 板橋區"," 女",2185,1217,237,167,129,13,71,11,24,5,4,15,75,1,13,-,-,0,203
2011," 三重區"," 計",2010,1003,247,197,189,31,85,16,23,7,6,4,109,2,6,-,-,0,85
2011," 三重區"," 男",873,457,83,93,85,10,42,3,9,1,4,2,45,1,2,-,-,0,36
2011," 三重區"," 女",1137,546,164,104,104,21,43,13,14,6,2,2,64,1,4,-,-,0,49
2011," 中和區"," 計",2547,1265,402,213,179,30,86,11,36,9,5,6,132,1,6,-,-,0,166
2011," 中和區"," 男",1102,585,164,83,74,7,33,3,11,2,3,3,64,1,5,-,-,0,64
2011," 中和區"," 女",1445,680,238,130,105,23,53,8,25,7,2,3,68,0,1,-,-,0,102
2011," 永和區"," 計",833,337,168,104,85,4,39,1,9,0,0,1,37,1,5,-,-,0,42
2011," 永和區"," 男",329,140,63,41,33,0,14,1,5,0,0,0,10,1,1,-,-,0,20
2011," 永和區"," 女",504,197,105,63,52,4,25,0,4,0,0,1,27,0,4,-,-,0,22
2011," 新莊區"," 計",4829,2803,385,516,347,38,151,25,77,6,3,28,201,1,27,-,-,0,221
2011," 新莊區"," 男",2193,1306,154,238,162,14,57,10,38,2,2,13,78,0,12,-,-,0,107
2011," 新莊區"," 女",2636,1497,231,278,185,24,94,15,39,4,1,15,123,1,15,-,-,0,114
2011," 新店區"," 計",3175,1532,536,265,177,14,65,16,48,4,0,9,145,1,8,-,-,0,355
2011," 新店區"," 男",1399,696,210,104,82,5,30,3,16,1,0,3,58,0,1,-,-,0,190
2011," 新店區"," 女",1776,836,326,161,95,9,35,13,32,3,0,6,87,1,7,-,-,0,165
2011," 樹林區"," 計",6078,4411,268,348,469,13,123,5,48,3,8,87,134,0,12,-,-,0,149
2011," 樹林區"," 男",2949,2186,107,155,201,5,66,3,29,0,4,46,65,0,6,-,-,0,76
2011," 樹林區"," 女",3129,2225,161,193,268,8,57,2,19,3,4,41,69,0,6,-,-,0,73
2011," 鶯歌區"," 計",2617,1524,237,169,317,55,47,9,27,6,0,6,123,3,14,-,-,0,80
2011," 鶯歌區"," 男",1262,743,111,84,140,30,24,3,9,3,0,4,55,2,6,-,-,0,48
2011," 鶯歌區"," 女",1355,781,126,85,177,25,23,6,18,3,0,2,68,1,8,-,-,0,32
2011," 三峽區"," 計",2605,1814,256,204,100,10,36,9,23,6,3,10,54,5,0,-,-,0,75
2011," 三峽區"," 男",1273,928,98,87,51,5,17,2,9,3,0,6,20,2,0,-,-,0,45
2011," 三峽區"," 女",1332,886,158,117,49,5,19,7,14,3,3,4,34,3,0,-,-,0,30
2011," 淡水區"," 計",1504,747,165,124,274,12,20,1,6,0,3,9,64,0,3,-,-,0,76
2011," 淡水區"," 男",677,342,66,57,128,6,11,0,1,0,2,6,26,0,1,-,-,0,31
2011," 淡水區"," 女",827,405,99,67,146,6,9,1,5,0,1,3,38,0,2,-,-,0,45
2011," 汐止區"," 計",4252,3252,222,162,137,9,54,16,14,7,6,16,86,2,1,-,-,0,268
2011," 汐止區"," 男",2025,1579,91,68,59,2,27,8,6,3,3,8,31,2,1,-,-,0,137
2011," 汐止區"," 女",2227,1673,131,94,78,7,27,8,8,4,3,8,55,0,0,-,-,0,131
2011," 瑞芳區"," 計",1158,969,18,18,15,0,16,0,3,1,0,0,14,0,0,-,-,0,104
2011," 瑞芳區"," 男",604,504,11,10,6,0,5,0,1,1,0,0,5,0,0,-,-,0,61
2011," 瑞芳區"," 女",554,465,7,8,9,0,11,0,2,0,0,0,9,0,0,-,-,0,43
2011," 土城區"," 計",4138,2872,265,252,219,36,45,15,21,6,1,20,93,3,13,-,-,0,277
2011," 土城區"," 男",1990,1407,106,135,92,16,19,9,8,2,0,11,35,3,2,-,-,0,145
2011," 土城區"," 女",2148,1465,159,117,127,20,26,6,13,4,1,9,58,0,11,-,-,0,132
2011," 蘆洲區"," 計",1923,1244,159,143,74,7,64,6,6,8,0,1,49,4,3,-,-,0,155
2011," 蘆洲區"," 男",916,600,66,75,38,3,29,2,5,5,0,0,19,4,0,-,-,0,70
2011," 蘆洲區"," 女",1007,644,93,68,36,4,35,4,1,3,0,1,30,0,3,-,-,0,85
2011," 五股區"," 計",1638,843,157,197,116,81,34,3,8,4,2,4,103,0,0,-,-,0,86
2011," 五股區"," 男",768,417,64,88,46,36,20,2,4,2,2,3,46,0,0,-,-,0,38
2011," 五股區"," 女",870,426,93,109,70,45,14,1,4,2,0,1,57,0,0,-,-,0,48
2011," 泰山區"," 計",1168,637,122,132,74,52,30,1,11,0,0,0,44,0,9,-,-,0,56
2011," 泰山區"," 男",535,296,54,62,31,22,16,0,3,0,0,0,21,0,5,-,-,0,25
2011," 泰山區"," 女",633,341,68,70,43,30,14,1,8,0,0,0,23,0,4,-,-,0,31
2011," 林口區"," 計",1589,1009,111,157,117,34,24,6,19,0,0,2,23,0,4,-,-,0,83
2011," 林口區"," 男",729,481,41,66,52,18,14,1,6,0,0,0,6,0,2,-,-,0,42
2011," 林口區"," 女",860,528,70,91,65,16,10,5,13,0,0,2,17,0,2,-,-,0,41
2011," 深坑區"," 計",230,134,16,35,10,2,0,1,3,0,1,0,12,0,3,-,-,0,13
2011," 深坑區"," 男",112,65,5,18,4,1,0,1,1,0,0,0,8,0,2,-,-,0,7
2011," 深坑區"," 女",118,69,11,17,6,1,0,0,2,0,1,0,4,0,1,-,-,0,6
2011," 石碇區"," 計",30,14,13,1,0,0,0,1,0,0,0,0,0,0,0,-,-,0,1
2011," 石碇區"," 男",11,6,4,0,0,0,0,0,0,0,0,0,0,0,0,-,-,0,1
2011," 石碇區"," 女",19,8,9,1,0,0,0,1,0,0,0,0,0,0,0,-,-,0,0
2011," 坪林區"," 計",13,6,2,2,3,0,0,0,0,0,0,0,0,0,0,-,-,0,0
2011," 坪林區"," 男",6,2,1,2,1,0,0,0,0,0,0,0,0,0,0,-,-,0,0
2011," 坪林區"," 女",7,4,1,0,2,0,0,0,0,0,0,0,0,0,0,-,-,0,0
2011," 三芝區"," 計",308,133,35,87,19,4,14,0,1,0,0,2,11,0,1,-,-,0,1
2011," 三芝區"," 男",145,55,19,45,8,2,9,0,0,0,0,1,5,0,0,-,-,0,1
2011," 三芝區"," 女",163,78,16,42,11,2,5,0,1,0,0,1,6,0,1,-,-,0,0
2011," 石門區"," 計",54,17,12,6,2,0,5,0,5,0,0,0,4,0,0,-,-,0,3
2011," 石門區"," 男",20,11,2,2,0,0,2,0,1,0,0,0,1,0,0,-,-,0,1
2011," 石門區"," 女",34,6,10,4,2,0,3,0,4,0,0,0,3,0,0,-,-,0,2
2011," 八里區"," 計",756,389,62,91,77,8,14,3,3,4,3,5,41,2,0,-,-,0,54
2011," 八里區"," 男",371,193,30,43,34,0,5,1,2,3,2,4,18,2,0,-,-,0,34
2011," 八里區"," 女",385,196,32,48,43,8,9,2,1,1,1,1,23,0,0,-,-,0,20
2011," 平溪區"," 計",23,12,6,2,0,0,1,0,0,0,0,0,0,0,0,-,-,0,2
2011," 平溪區"," 男",6,3,2,0,0,0,0,0,0,0,0,0,0,0,0,-,-,0,1
2011," 平溪區"," 女",17,9,4,2,0,0,1,0,0,0,0,0,0,0,0,-,-,0,1
2011," 雙溪區"," 計",27,11,13,2,0,0,0,0,0,0,0,0,0,0,0,-,-,0,1
2011," 雙溪區"," 男",10,4,6,0,0,0,0,0,0,0,0,0,0,0,0,-,-,0,0
2011," 雙溪區"," 女",17,7,7,2,0,0,0,0,0,0,0,0,0,0,0,-,-,0,1
2011," 貢寮區"," 計",71,41,6,2,12,0,1,2,0,0,0,1,1,0,0,-,-,0,5
2011," 貢寮區"," 男",32,20,1,1,6,0,0,1,0,0,0,0,0,0,0,-,-,0,3
2011," 貢寮區"," 女",39,21,5,1,6,0,1,1,0,0,0,1,1,0,0,-,-,0,2
2011," 金山區"," 計",102,41,16,22,3,0,5,0,0,0,0,1,12,0,0,-,-,0,2
2011," 金山區"," 男",36,15,3,8,1,0,1,0,0,0,0,0,6,0,0,-,-,0,2
2011," 金山區"," 女",66,26,13,14,2,0,4,0,0,0,0,1,6,0,0,-,-,0,0
2011," 萬里區"," 計",279,223,16,18,4,2,1,0,0,1,0,0,12,0,0,-,-,0,2
2011," 萬里區"," 男",139,122,4,7,1,1,0,0,0,0,0,0,3,0,0,-,-,0,1
2011," 萬里區"," 女",140,101,12,11,3,1,1,0,0,1,0,0,9,0,0,-,-,0,1
2011," 烏來區"," 計",2666,132,2362,25,29,6,6,7,6,0,0,1,28,0,0,-,-,0,64
2011," 烏來區"," 男",1326,52,1191,13,12,2,2,4,2,0,0,1,13,0,0,-,-,0,34
2011," 烏來區"," 女",1340,80,1171,12,17,4,4,3,4,0,0,0,15,0,0,-,-,0,30
2012," 新北市"," 計",51923,30577,6812,3995,3385,489,1142,191,461,59,43,257,1756,29,182,-,-,0,2545
2012," 新北市"," 男",24159,14631,2977,1814,1502,203,530,76,189,22,22,135,721,21,72,-,-,0,1244
2012," 新北市"," 女",27764,15946,3835,2181,1883,286,612,115,272,37,21,122,1035,8,110,-,-,0,1301
2012," 板橋區"," 計",3935,2224,396,314,240,29,136,27,39,5,5,34,120,4,24,-,-,0,338
2012," 板橋區"," 男",1717,989,147,140,115,13,63,13,14,1,1,18,44,3,7,-,-,0,149
2012," 板橋區"," 女",2218,1235,249,174,125,16,73,14,25,4,4,16,76,1,17,-,-,0,189
2012," 三重區"," 計",2076,1049,250,198,195,32,83,18,27,6,5,2,120,2,7,-,-,0,82
2012," 三重區"," 男",897,481,83,93,86,9,41,3,10,1,3,1,48,1,2,-,-,0,35
2012," 三重區"," 女",1179,568,167,105,109,23,42,15,17,5,2,1,72,1,5,-,-,0,47
2012," 中和區"," 計",2660,1349,420,222,167,28,93,12,31,8,6,8,150,1,6,-,-,0,159
2012," 中和區"," 男",1150,615,172,94,68,6,39,3,9,2,3,5,66,1,4,-,-,0,63
2012," 中和區"," 女",1510,734,248,128,99,22,54,9,22,6,3,3,84,0,2,-,-,0,96
2012," 永和區"," 計",886,354,169,114,94,3,41,4,10,0,0,1,42,1,7,-,-,0,46
2012," 永和區"," 男",345,139,66,43,39,0,16,3,5,0,0,0,11,1,3,-,-,0,19
2012," 永和區"," 女",541,215,103,71,55,3,25,1,5,0,0,1,31,0,4,-,-,0,27
2012," 新莊區"," 計",4969,2867,381,564,367,36,154,27,78,5,3,29,228,1,33,-,-,0,196
2012," 新莊區"," 男",2285,1363,146,265,170,15,62,10,38,2,2,12,88,0,16,-,-,0,96
2012," 新莊區"," 女",2684,1504,235,299,197,21,92,17,40,3,1,17,140,1,17,-,-,0,100
2012," 新店區"," 計",3266,1640,544,262,178,17,61,16,52,0,0,9,150,1,15,-,-,0,321
2012," 新店區"," 男",1420,735,217,98,77,7,26,4,16,0,0,3,63,0,3,-,-,0,171
2012," 新店區"," 女",1846,905,327,164,101,10,35,12,36,0,0,6,87,1,12,-,-,0,150
2012," 樹林區"," 計",6250,4566,265,329,486,16,130,2,48,3,8,90,151,0,14,-,-,0,142
2012," 樹林區"," 男",3008,2247,103,143,209,7,69,1,29,0,4,48,73,0,8,-,-,0,67
2012," 樹林區"," 女",3242,2319,162,186,277,9,61,1,19,3,4,42,78,0,6,-,-,0,75
2012," 鶯歌區"," 計",2669,1548,240,174,336,58,53,7,25,5,0,7,125,3,18,-,-,0,70
2012," 鶯歌區"," 男",1265,739,116,86,143,30,25,3,7,3,0,4,56,2,9,-,-,0,42
2012," 鶯歌區"," 女",1404,809,124,88,193,28,28,4,18,2,0,3,69,1,9,-,-,0,28
2012," 三峽區"," 計",2700,1890,258,223,95,9,42,12,23,5,1,12,56,5,0,-,-,0,69
2012," 三峽區"," 男",1335,973,106,99,49,4,20,3,9,2,0,7,20,2,0,-,-,0,41
2012," 三峽區"," 女",1365,917,152,124,46,5,22,9,14,3,1,5,36,3,0,-,-,0,28
2012," 淡水區"," 計",1588,786,175,141,289,12,19,1,6,0,3,9,64,0,6,-,-,0,77
2012," 淡水區"," 男",718,360,71,68,137,6,9,0,1,0,2,6,26,0,2,-,-,0,30
2012," 淡水區"," 女",870,426,104,73,152,6,10,1,5,0,1,3,38,0,4,-,-,0,47
2012," 汐止區"," 計",4335,3331,229,177,137,9,52,15,17,6,6,15,89,2,6,-,-,0,244
2012," 汐止區"," 男",2085,1627,103,71,63,2,28,8,9,3,3,8,32,2,3,-,-,0,123
2012," 汐止區"," 女",2250,1704,126,106,74,7,24,7,8,3,3,7,57,0,3,-,-,0,121
2012," 瑞芳區"," 計",1162,976,17,20,16,2,14,0,3,0,0,1,14,0,2,-,-,0,97
2012," 瑞芳區"," 男",591,500,8,10,7,1,4,0,1,0,0,0,5,0,1,-,-,0,54
2012," 瑞芳區"," 女",571,476,9,10,9,1,10,0,2,0,0,1,9,0,1,-,-,0,43
2012," 土城區"," 計",4186,2923,257,260,209,41,51,17,21,3,1,19,100,3,19,-,-,0,262
2012," 土城區"," 男",2038,1442,108,140,90,17,24,10,8,1,0,11,42,3,4,-,-,0,138
2012," 土城區"," 女",2148,1481,149,120,119,24,27,7,13,2,1,8,58,0,15,-,-,0,124
2012," 蘆洲區"," 計",2007,1290,170,164,82,6,65,5,14,4,0,2,54,4,4,-,-,0,143
2012," 蘆洲區"," 男",950,618,70,87,43,3,29,1,8,2,0,1,20,4,0,-,-,0,64
2012," 蘆洲區"," 女",1057,672,100,77,39,3,36,4,6,2,0,1,34,0,4,-,-,0,79
2012," 五股區"," 計",1689,858,170,220,113,85,40,4,9,4,2,7,110,0,0,-,-,0,67
2012," 五股區"," 男",788,416,70,99,49,36,22,3,5,2,2,4,50,0,0,-,-,0,30
2012," 五股區"," 女",901,442,100,121,64,49,18,1,4,2,0,3,60,0,0,-,-,0,37
2012," 泰山區"," 計",1244,696,121,144,80,51,36,1,14,0,0,0,46,0,9,-,-,0,46
2012," 泰山區"," 男",576,332,58,63,33,22,18,0,5,0,0,0,21,0,5,-,-,0,19
2012," 泰山區"," 女",668,364,63,81,47,29,18,1,9,0,0,0,25,0,4,-,-,0,27
2012," 林口區"," 計",1664,1061,120,174,123,32,21,5,22,0,0,2,22,0,4,-,-,0,78
2012," 林口區"," 男",760,505,39,76,53,19,14,1,7,0,0,1,5,0,2,-,-,0,38
2012," 林口區"," 女",904,556,81,98,70,13,7,4,15,0,0,1,17,0,2,-,-,0,40
2012," 深坑區"," 計",233,127,22,36,17,2,1,3,3,0,0,0,13,0,3,-,-,0,6
2012," 深坑區"," 男",106,57,9,18,7,1,0,1,1,0,0,0,8,0,2,-,-,0,2
2012," 深坑區"," 女",127,70,13,18,10,1,1,2,2,0,0,0,5,0,1,-,-,0,4
2012," 石碇區"," 計",34,14,13,1,2,0,0,3,0,0,0,0,0,0,0,-,-,0,1
2012," 石碇區"," 男",13,6,4,0,0,0,0,2,0,0,0,0,0,0,0,-,-,0,1
2012," 石碇區"," 女",21,8,9,1,2,0,0,1,0,0,0,0,0,0,0,-,-,0,0
2012," 坪林區"," 計",20,9,3,5,3,0,0,0,0,0,0,0,0,0,0,-,-,0,0
2012," 坪林區"," 男",7,3,1,2,1,0,0,0,0,0,0,0,0,0,0,-,-,0,0
2012," 坪林區"," 女",13,6,2,3,2,0,0,0,0,0,0,0,0,0,0,-,-,0,0
2012," 三芝區"," 計",299,134,30,86,20,1,12,0,2,0,0,2,10,0,1,-,-,0,1
2012," 三芝區"," 男",142,59,14,46,8,1,8,0,0,0,0,1,4,0,0,-,-,0,1
2012," 三芝區"," 女",157,75,16,40,12,0,4,0,2,0,0,1,6,0,1,-,-,0,0
2012," 石門區"," 計",56,18,11,7,2,0,6,0,5,0,0,0,4,0,0,-,-,0,3
2012," 石門區"," 男",22,11,3,2,0,0,3,0,1,0,0,0,1,0,0,-,-,0,1
2012," 石門區"," 女",34,7,8,5,2,0,3,0,4,0,0,0,3,0,0,-,-,0,2
2012," 八里區"," 計",782,396,73,94,80,10,18,3,3,4,3,5,37,2,0,-,-,0,54
2012," 八里區"," 男",380,196,33,43,34,0,7,2,2,3,2,4,17,2,0,-,-,0,35
2012," 八里區"," 女",402,200,40,51,46,10,11,1,1,1,1,1,20,0,0,-,-,0,19
2012," 平溪區"," 計",27,14,8,2,0,0,1,0,0,0,0,0,0,0,0,-,-,0,2
2012," 平溪區"," 男",7,3,3,0,0,0,0,0,0,0,0,0,0,0,0,-,-,0,1
2012," 平溪區"," 女",20,11,5,2,0,0,1,0,0,0,0,0,0,0,0,-,-,0,1
2012," 雙溪區"," 計",28,13,12,2,0,0,0,0,0,0,0,0,0,0,0,-,-,0,1
2012," 雙溪區"," 男",11,6,5,0,0,0,0,0,0,0,0,0,0,0,0,-,-,0,0
2012," 雙溪區"," 女",17,7,7,2,0,0,0,0,0,0,0,0,0,0,0,-,-,0,1
2012," 貢寮區"," 計",73,41,6,2,13,0,1,2,1,0,0,1,1,0,0,-,-,0,5
2012," 貢寮區"," 男",31,18,1,1,6,0,0,1,1,0,0,0,0,0,0,-,-,0,3
2012," 貢寮區"," 女",42,23,5,1,7,0,1,1,0,0,0,1,1,0,0,-,-,0,2
2012," 金山區"," 計",103,45,16,18,4,0,5,0,0,0,0,1,12,0,0,-,-,0,2
2012," 金山區"," 男",38,18,3,7,1,0,1,0,0,0,0,0,6,0,0,-,-,0,2
2012," 金山區"," 女",65,27,13,11,3,0,4,0,0,0,0,1,6,0,0,-,-,0,0
2012," 萬里區"," 計",287,228,15,19,6,3,1,0,0,1,0,0,12,0,0,-,-,0,2
2012," 萬里區"," 男",141,121,5,7,2,2,0,0,0,0,0,0,3,0,0,-,-,0,1
2012," 萬里區"," 女",146,107,10,12,4,1,1,0,0,1,0,0,9,0,0,-,-,0,1
2012," 烏來區"," 計",2695,130,2421,23,31,7,6,7,8,0,0,1,26,0,4,-,-,0,31
2012," 烏來區"," 男",1333,52,1213,13,12,2,2,4,3,0,0,1,12,0,1,-,-,0,18
2012," 烏來區"," 女",1362,78,1208,10,19,5,4,3,5,0,0,0,14,0,3,-,-,0,13
2013," 新北市"," 計",52892,31174,6969,4114,3482,508,1179,184,474,68,43,273,1840,38,201,-,-,0,2345
2013," 新北市"," 男",24567,14876,3039,1878,1557,215,544,71,196,28,24,136,756,28,78,-,-,0,1141
2013," 新北市"," 女",28325,16298,3930,2236,1925,293,635,113,278,40,19,137,1084,10,123,-,-,0,1204
2013," 板橋區"," 計",4001,2249,420,314,243,32,152,25,41,6,5,33,134,5,27,-,-,0,315
2013," 板橋區"," 男",1743,1000,153,144,112,15,68,11,15,2,1,19,53,4,8,-,-,0,138
2013," 板橋區"," 女",2258,1249,267,170,131,17,84,14,26,4,4,14,81,1,19,-,-,0,177
2013," 三重區"," 計",2124,1055,267,213,204,33,72,14,26,5,5,2,142,4,6,-,-,0,76
2013," 三重區"," 男",913,469,95,95,93,10,35,2,10,1,3,1,61,3,2,-,-,0,33
2013," 三重區"," 女",1211,586,172,118,111,23,37,12,16,4,2,1,81,1,4,-,-,0,43
2013," 中和區"," 計",2704,1388,410,232,188,28,99,12,30,6,6,11,134,2,11,-,-,0,147
2013," 中和區"," 男",1166,625,172,100,78,7,40,3,10,0,4,5,58,2,5,-,-,0,57
2013," 中和區"," 女",1538,763,238,132,110,21,59,9,20,6,2,6,76,0,6,-,-,0,90
2013," 永和區"," 計",909,364,173,119,96,3,42,2,13,0,0,1,47,1,7,-,-,0,41
2013," 永和區"," 男",358,141,68,51,43,0,15,2,4,0,0,0,13,1,2,-,-,0,18
2013," 永和區"," 女",551,223,105,68,53,3,27,0,9,0,0,1,34,0,5,-,-,0,23
2013," 新莊區"," 計",5115,2932,387,587,378,43,163,28,84,10,3,33,251,4,34,-,-,0,178
2013," 新莊區"," 男",2349,1387,154,269,178,18,66,11,42,6,2,10,97,2,15,-,-,0,92
2013," 新莊區"," 女",2766,1545,233,318,200,25,97,17,42,4,1,23,154,2,19,-,-,0,86
2013," 新店區"," 計",3358,1707,545,258,186,21,67,16,51,6,0,9,173,2,14,-,-,0,303
2013," 新店區"," 男",1491,781,222,103,79,9,32,3,16,3,0,3,76,0,4,-,-,0,160
2013," 新店區"," 女",1867,926,323,155,107,12,35,13,35,3,0,6,97,2,10,-,-,0,143
2013," 樹林區"," 計",6314,4575,267,351,526,17,131,1,50,2,8,91,140,0,14,-,-,0,141
2013," 樹林區"," 男",3039,2246,99,160,238,6,68,0,31,0,4,47,64,0,9,-,-,0,67
2013," 樹林區"," 女",3275,2329,168,191,288,11,63,1,19,2,4,44,76,0,5,-,-,0,74
2013," 鶯歌區"," 計",2723,1593,251,175,342,63,52,7,26,2,0,7,118,3,23,-,-,0,61
2013," 鶯歌區"," 男",1294,766,117,86,152,33,24,3,7,1,0,4,52,2,10,-,-,0,37
2013," 鶯歌區"," 女",1429,827,134,89,190,30,28,4,19,1,0,3,66,1,13,-,-,0,24
2013," 三峽區"," 計",2764,1925,267,226,107,10,47,11,28,7,0,14,51,5,2,-,-,0,64
2013," 三峽區"," 男",1364,995,109,100,51,4,23,2,10,2,0,9,19,2,1,-,-,0,37
2013," 三峽區"," 女",1400,930,158,126,56,6,24,9,18,5,0,5,32,3,1,-,-,0,27
2013," 淡水區"," 計",1642,824,186,150,290,12,20,1,6,0,3,10,68,0,7,-,-,0,65
2013," 淡水區"," 男",736,368,77,73,136,6,11,0,1,0,2,6,29,0,2,-,-,0,25
2013," 淡水區"," 女",906,456,109,77,154,6,9,1,5,0,1,4,39,0,5,-,-,0,40
2013," 汐止區"," 計",4402,3402,234,183,132,9,52,15,17,4,7,17,93,3,7,-,-,0,227
2013," 汐止區"," 男",2124,1679,104,72,60,3,30,8,9,3,4,8,31,3,4,-,-,0,106
2013," 汐止區"," 女",2278,1723,130,111,72,6,22,7,8,1,3,9,62,0,3,-,-,0,121
2013," 瑞芳區"," 計",1202,1014,19,23,16,2,14,0,3,0,0,0,19,0,2,-,-,0,90
2013," 瑞芳區"," 男",611,521,9,11,7,1,4,0,1,0,0,0,7,0,1,-,-,0,49
2013," 瑞芳區"," 女",591,493,10,12,9,1,10,0,2,0,0,0,12,0,1,-,-,0,41
2013," 土城區"," 計",4215,2945,279,270,209,38,51,16,20,2,1,21,105,3,20,-,-,0,235
2013," 土城區"," 男",2029,1445,117,137,87,15,23,10,8,1,0,11,42,3,4,-,-,0,126
2013," 土城區"," 女",2186,1500,162,133,122,23,28,6,12,1,1,10,63,0,16,-,-,0,109
2013," 蘆洲區"," 計",2030,1288,185,169,84,10,58,7,12,9,0,4,58,4,4,-,-,0,138
2013," 蘆洲區"," 男",962,616,77,93,42,5,28,1,6,4,0,1,23,4,0,-,-,0,62
2013," 蘆洲區"," 女",1068,672,108,76,42,5,30,6,6,5,0,3,35,0,4,-,-,0,76
2013," 五股區"," 計",1751,907,165,234,113,87,49,4,9,4,2,7,109,0,0,-,-,0,61
2013," 五股區"," 男",814,440,69,103,50,39,25,3,5,2,2,4,47,0,0,-,-,0,25
2013," 五股區"," 女",937,467,96,131,63,48,24,1,4,2,0,3,62,0,0,-,-,0,36
2013," 泰山區"," 計",1240,721,108,146,75,43,36,1,15,0,0,0,49,0,8,-,-,0,38
2013," 泰山區"," 男",576,345,49,65,31,19,17,0,5,0,0,0,24,0,5,-,-,0,16
2013," 泰山區"," 女",664,376,59,81,44,24,19,1,10,0,0,0,25,0,3,-,-,0,22
2013," 林口區"," 計",1747,1122,131,177,126,30,23,5,24,0,0,2,27,0,7,-,-,0,73
2013," 林口區"," 男",784,523,39,79,54,18,15,1,10,0,0,1,7,0,3,-,-,0,34
2013," 林口區"," 女",963,599,92,98,72,12,8,4,14,0,0,1,20,0,4,-,-,0,39
2013," 深坑區"," 計",225,125,25,31,9,2,1,3,3,0,0,0,15,0,3,-,-,0,8
2013," 深坑區"," 男",104,57,11,15,5,1,0,1,1,0,0,0,8,0,2,-,-,0,3
2013," 深坑區"," 女",121,68,14,16,4,1,1,2,2,0,0,0,7,0,1,-,-,0,5
2013," 石碇區"," 計",34,14,12,1,2,0,0,4,0,0,0,0,0,0,0,-,-,0,1
2013," 石碇區"," 男",13,5,4,0,0,0,0,3,0,0,0,0,0,0,0,-,-,0,1
2013," 石碇區"," 女",21,9,8,1,2,0,0,1,0,0,0,0,0,0,0,-,-,0,0
2013," 坪林區"," 計",18,7,2,5,4,0,0,0,0,0,0,0,0,0,0,-,-,0,0
2013," 坪林區"," 男",6,2,1,2,1,0,0,0,0,0,0,0,0,0,0,-,-,0,0
2013," 坪林區"," 女",12,5,1,3,3,0,0,0,0,0,0,0,0,0,0,-,-,0,0
2013," 三芝區"," 計",294,136,32,74,18,4,13,0,2,0,0,1,12,0,1,-,-,0,1
2013," 三芝區"," 男",134,56,15,38,8,2,8,0,0,0,0,0,6,0,0,-,-,0,1
2013," 三芝區"," 女",160,80,17,36,10,2,5,0,2,0,0,1,6,0,1,-,-,0,0
2013," 石門區"," 計",53,17,9,7,3,0,6,0,5,0,0,0,3,0,0,-,-,0,3
2013," 石門區"," 男",17,9,1,2,0,0,3,0,1,0,0,0,0,0,0,-,-,0,1
2013," 石門區"," 女",36,8,8,5,3,0,3,0,4,0,0,0,3,0,0,-,-,0,2
2013," 八里區"," 計",792,404,73,102,77,11,16,3,2,4,3,3,42,2,0,-,-,0,50
2013," 八里區"," 男",381,196,33,51,30,0,7,2,1,3,2,3,18,2,0,-,-,0,33
2013," 八里區"," 女",411,208,40,51,47,11,9,1,1,1,1,0,24,0,0,-,-,0,17
2013," 平溪區"," 計",27,16,6,2,0,0,1,0,0,0,0,0,0,0,0,-,-,0,2
2013," 平溪區"," 男",7,4,2,0,0,0,0,0,0,0,0,0,0,0,0,-,-,0,1
2013," 平溪區"," 女",20,12,4,2,0,0,1,0,0,0,0,0,0,0,0,-,-,0,1
2013," 雙溪區"," 計",21,11,7,2,0,0,0,0,0,0,0,0,0,0,0,-,-,0,1
2013," 雙溪區"," 男",6,3,3,0,0,0,0,0,0,0,0,0,0,0,0,-,-,0,0
2013," 雙溪區"," 女",15,8,4,2,0,0,0,0,0,0,0,0,0,0,0,-,-,0,1
2013," 貢寮區"," 計",73,39,9,2,12,0,1,2,0,0,0,1,1,0,0,-,-,0,6
2013," 貢寮區"," 男",27,15,1,1,6,0,0,1,0,0,0,0,0,0,0,-,-,0,3
2013," 貢寮區"," 女",46,24,8,1,6,0,1,1,0,0,0,1,1,0,0,-,-,0,3
2013," 金山區"," 計",110,50,19,18,4,0,4,0,0,0,0,1,12,0,0,-,-,0,2
2013," 金山區"," 男",40,18,4,8,1,0,1,0,0,0,0,0,6,0,0,-,-,0,2
2013," 金山區"," 女",70,32,15,10,3,0,3,0,0,0,0,1,6,0,0,-,-,0,0
2013," 萬里區"," 計",277,214,15,19,8,3,2,0,1,1,0,4,8,0,0,-,-,0,2
2013," 萬里區"," 男",135,112,5,7,3,2,0,0,0,0,0,3,2,0,0,-,-,0,1
2013," 萬里區"," 女",142,102,10,12,5,1,2,0,1,1,0,1,6,0,0,-,-,0,1
2013," 烏來區"," 計",2727,130,2466,24,30,7,7,7,6,0,0,1,29,0,4,-,-,0,16
2013," 烏來區"," 男",1344,52,1229,13,12,2,1,4,3,0,0,1,13,0,1,-,-,0,13
2013," 烏來區"," 女",1383,78,1237,11,18,5,6,3,3,0,0,0,16,0,3,-,-,0,3
2014," 新北市"," 計",53418,31555,7036,4169,3523,499,1222,186,481,79,47,278,1891,41,214,3,0,0,2194
2014," 新北市"," 男",24849,15077,3086,1907,1593,218,555,71,196,33,25,138,769,29,87,2,0,0,1063
2014," 新北市"," 女",28569,16478,3950,2262,1930,281,667,115,285,46,22,140,1122,12,127,1,0,0,1131
2014," 板橋區"," 計",4103,2312,426,335,254,30,149,30,34,7,6,34,157,5,29,0,0,0,295
2014," 板橋區"," 男",1774,1022,151,148,116,16,66,15,13,1,1,18,67,4,8,0,0,0,128
2014," 板橋區"," 女",2329,1290,275,187,138,14,83,15,21,6,5,16,90,1,21,0,0,0,167
2014," 三重區"," 計",2176,1091,260,232,203,35,73,13,24,8,5,2,150,3,3,0,0,0,74
2014," 三重區"," 男",942,485,92,108,96,13,34,2,8,3,3,1,64,2,2,0,0,0,29
2014," 三重區"," 女",1234,606,168,124,107,22,39,11,16,5,2,1,86,1,1,0,0,0,45
2014," 中和區"," 計",2748,1409,424,239,191,26,105,12,30,6,9,8,134,2,16,0,0,0,137
2014," 中和區"," 男",1186,626,179,104,81,8,41,3,9,0,5,6,56,2,10,0,0,0,56
2014," 中和區"," 女",1562,783,245,135,110,18,64,9,21,6,4,2,78,0,6,0,0,0,81
2014," 永和區"," 計",921,370,173,125,103,4,43,4,9,0,0,1,41,1,9,0,0,0,38
2014," 永和區"," 男",363,151,65,55,43,0,15,2,2,0,0,0,10,1,3,0,0,0,16
2014," 永和區"," 女",558,219,108,70,60,4,28,2,7,0,0,1,31,0,6,0,0,0,22
2014," 新莊區"," 計",5172,2998,369,584,384,44,178,28,87,7,3,34,250,6,30,0,0,0,170
2014," 新莊區"," 男",2378,1407,154,271,182,19,73,9,43,5,2,10,99,3,15,0,0,0,86
2014," 新莊區"," 女",2794,1591,215,313,202,25,105,19,44,2,1,24,151,3,15,0,0,0,84
2014," 新店區"," 計",3377,1749,543,261,185,20,71,15,49,8,0,10,174,3,11,0,0,0,278
2014," 新店區"," 男",1499,798,227,105,76,8,35,3,16,4,0,3,73,0,4,0,0,0,147
2014," 新店區"," 女",1878,951,316,156,109,12,36,12,33,4,0,7,101,3,7,0,0,0,131
2014," 樹林區"," 計",6281,4565,271,345,499,17,130,1,55,4,8,93,142,0,14,0,0,0,137
2014," 樹林區"," 男",3053,2251,102,158,237,6,66,0,34,1,4,50,68,0,8,0,0,0,68
2014," 樹林區"," 女",3228,2314,169,187,262,11,64,1,21,3,4,43,74,0,6,0,0,0,69
2014," 鶯歌區"," 計",2709,1581,245,173,343,58,58,5,28,3,0,7,130,3,25,0,0,0,50
2014," 鶯歌區"," 男",1280,757,113,87,152,31,29,2,7,1,0,4,54,2,10,0,0,0,31
2014," 鶯歌區"," 女",1429,824,132,86,191,27,29,3,21,2,0,3,76,1,15,0,0,0,19
2014," 三峽區"," 計",2805,1947,270,229,119,10,45,9,30,7,0,13,53,5,1,3,0,0,64
2014," 三峽區"," 男",1384,1012,106,102,58,4,23,0,11,2,0,8,21,2,0,2,0,0,33
2014," 三峽區"," 女",1421,935,164,127,61,6,22,9,19,5,0,5,32,3,1,1,0,0,31
2014," 淡水區"," 計",1706,845,203,151,299,13,24,1,9,0,3,12,70,0,11,0,0,0,65
2014," 淡水區"," 男",767,385,80,70,145,6,10,0,2,0,2,8,29,0,3,0,0,0,27
2014," 淡水區"," 女",939,460,123,81,154,7,14,1,7,0,1,4,41,0,8,0,0,0,38
2014," 汐止區"," 計",4359,3372,232,180,139,7,51,15,18,6,7,17,91,4,9,0,0,0,211
2014," 汐止區"," 男",2110,1673,101,72,62,3,29,8,9,4,4,8,29,4,5,0,0,0,99
2014," 汐止區"," 女",2249,1699,131,108,77,4,22,7,9,2,3,9,62,0,4,0,0,0,112
2014," 瑞芳區"," 計",1237,1050,20,19,16,2,12,0,3,0,0,2,22,0,2,0,0,0,89
2014," 瑞芳區"," 男",644,553,9,9,8,1,3,0,2,0,0,1,8,0,1,0,0,0,49
2014," 瑞芳區"," 女",593,497,11,10,8,1,9,0,1,0,0,1,14,0,1,0,0,0,40
2014," 土城區"," 計",4233,2947,299,272,217,35,47,16,23,2,1,18,117,3,19,0,0,0,217
2014," 土城區"," 男",2034,1442,132,138,87,15,23,10,9,1,0,7,47,3,4,0,0,0,116
2014," 土城區"," 女",2199,1505,167,134,130,20,24,6,14,1,1,11,70,0,15,0,0,0,101
2014," 蘆洲區"," 計",2022,1283,182,162,84,11,68,6,16,10,0,4,61,4,4,0,0,0,127
2014," 蘆洲區"," 男",944,602,82,86,43,5,32,1,7,4,0,1,20,4,0,0,0,0,57
2014," 蘆洲區"," 女",1078,681,100,76,41,6,36,5,9,6,0,3,41,0,4,0,0,0,70
2014," 五股區"," 計",1764,920,164,237,102,89,50,4,10,5,2,8,113,0,2,0,0,0,58
2014," 五股區"," 男",836,456,69,107,47,40,25,3,5,3,2,4,49,0,1,0,0,0,25
2014," 五股區"," 女",928,464,95,130,55,49,25,1,5,2,0,4,64,0,1,0,0,0,33
2014," 泰山區"," 計",1293,750,119,157,79,45,41,1,15,0,0,0,39,0,9,0,0,0,38
2014," 泰山區"," 男",593,359,50,72,33,20,18,0,6,0,0,0,15,0,5,0,0,0,15
2014," 泰山區"," 女",700,391,69,85,46,25,23,1,9,0,0,0,24,0,4,0,0,0,23
2014," 林口區"," 計",1790,1162,134,190,126,28,20,6,21,0,0,2,26,0,9,0,0,0,66
2014," 林口區"," 男",807,547,40,88,55,15,11,2,8,0,0,1,6,0,4,0,0,0,30
2014," 林口區"," 女",983,615,94,102,71,13,9,4,13,0,0,1,20,0,5,0,0,0,36
2014," 深坑區"," 計",217,128,18,31,9,1,1,3,4,0,0,0,14,0,2,0,0,0,6
2014," 深坑區"," 男",102,59,9,14,5,1,0,1,1,0,0,0,8,0,2,0,0,0,2
2014," 深坑區"," 女",115,69,9,17,4,0,1,2,3,0,0,0,6,0,0,0,0,0,4
2014," 石碇區"," 計",34,14,10,1,2,0,1,5,0,0,0,0,0,0,0,0,0,0,1
2014," 石碇區"," 男",9,2,3,0,0,0,0,3,0,0,0,0,0,0,0,0,0,0,1
2014," 石碇區"," 女",25,12,7,1,2,0,1,2,0,0,0,0,0,0,0,0,0,0,0
2014," 坪林區"," 計",18,6,2,6,4,0,0,0,0,0,0,0,0,0,0,0,0,0,0
2014," 坪林區"," 男",6,2,1,2,1,0,0,0,0,0,0,0,0,0,0,0,0,0,0
2014," 坪林區"," 女",12,4,1,4,3,0,0,0,0,0,0,0,0,0,0,0,0,0,0
2014," 三芝區"," 計",301,143,31,74,18,4,14,0,2,0,0,1,12,0,1,0,0,0,1
2014," 三芝區"," 男",139,63,14,37,8,2,8,0,0,0,0,0,6,0,0,0,0,0,1
2014," 三芝區"," 女",162,80,17,37,10,2,6,0,2,0,0,1,6,0,1,0,0,0,0
2014," 石門區"," 計",47,14,6,7,3,0,7,0,4,0,0,0,3,0,0,0,0,0,3
2014," 石門區"," 男",14,7,1,2,0,0,3,0,0,0,0,0,0,0,0,0,0,0,1
2014," 石門區"," 女",33,7,5,5,3,0,4,0,4,0,0,0,3,0,0,0,0,0,2
2014," 八里區"," 計",806,424,69,92,89,10,19,3,2,5,3,4,38,2,2,0,0,0,44
2014," 八里區"," 男",391,211,32,44,35,1,9,2,1,4,2,3,16,2,0,0,0,0,29
2014," 八里區"," 女",415,213,37,48,54,9,10,1,1,1,1,1,22,0,2,0,0,0,15
2014," 平溪區"," 計",26,16,6,2,0,0,1,0,0,0,0,0,0,0,0,0,0,0,1
2014," 平溪區"," 男",6,3,2,0,0,0,0,0,0,0,0,0,0,0,0,0,0,0,1
2014," 平溪區"," 女",20,13,4,2,0,0,1,0,0,0,0,0,0,0,0,0,0,0,0
2014," 雙溪區"," 計",22,12,4,2,0,0,0,0,0,0,0,0,3,0,0,0,0,0,1
2014," 雙溪區"," 男",7,4,2,0,0,0,0,0,0,0,0,0,1,0,0,0,0,0,0
2014," 雙溪區"," 女",15,8,2,2,0,0,0,0,0,0,0,0,2,0,0,0,0,0,1
2014," 貢寮區"," 計",75,38,12,3,11,0,1,2,0,0,0,1,1,0,0,0,0,0,6
2014," 貢寮區"," 男",28,14,3,1,6,0,0,1,0,0,0,0,0,0,0,0,0,0,3
2014," 貢寮區"," 女",47,24,9,2,5,0,1,1,0,0,0,1,1,0,0,0,0,0,3
2014," 金山區"," 計",111,53,18,20,3,0,4,0,0,0,0,1,10,0,0,0,0,0,2
2014," 金山區"," 男",41,20,4,8,0,0,1,0,0,0,0,0,6,0,0,0,0,0,2
2014," 金山區"," 女",70,33,14,12,3,0,3,0,0,0,0,1,4,0,0,0,0,0,0
2014," 萬里區"," 計",290,226,16,16,9,3,2,0,1,1,0,5,9,0,0,0,0,0,2
2014," 萬里區"," 男",137,113,6,6,3,2,0,0,0,0,0,4,2,0,0,0,0,0,1
2014," 萬里區"," 女",153,113,10,10,6,1,2,0,1,1,0,1,7,0,0,0,0,0,1
2014," 烏來區"," 計",2775,130,2510,24,32,7,7,7,7,0,0,1,31,0,6,0,0,0,13
2014," 烏來區"," 男",1375,53,1257,13,14,2,1,4,3,0,0,1,15,0,2,0,0,0,10
2014," 烏來區"," 女",1400,77,1253,11,18,5,6,3,4,0,0,0,16,0,4,0,0,0,3
2015," 新北市"," 計",54162,31969,7204,4241,3616,509,1240,189,485,74,50,285,1939,45,242,5,0,0,2069
2015," 新北市"," 男",25163,15264,3158,1926,1628,222,561,73,195,31,27,135,793,28,102,3,0,0,1017
2015," 新北市"," 女",28999,16705,4046,2315,1988,287,679,116,290,43,23,150,1146,17,140,2,0,0,1052
2015," 板橋區"," 計",4162,2368,416,345,265,41,156,31,33,4,9,33,147,6,36,0,0,0,272
2015," 板橋區"," 男",1807,1050,146,152,123,21,70,15,11,2,3,17,63,4,12,0,0,0,118
2015," 板橋區"," 女",2355,1318,270,193,142,20,86,16,22,2,6,16,84,2,24,0,0,0,154
2015," 三重區"," 計",2215,1122,287,225,203,37,68,15,22,7,6,2,144,3,4,0,0,0,70
2015," 三重區"," 男",969,497,110,107,96,15,32,3,7,2,3,1,64,2,3,0,0,0,27
2015," 三重區"," 女",1246,625,177,118,107,22,36,12,15,5,3,1,80,1,1,0,0,0,43
2015," 中和區"," 計",2815,1430,456,249,193,30,109,9,26,6,9,8,146,0,18,1,0,0,125
2015," 中和區"," 男",1203,629,190,107,82,9,41,3,6,0,5,6,62,0,10,1,0,0,52
2015," 中和區"," 女",1612,801,266,142,111,21,68,6,20,6,4,2,84,0,8,0,0,0,73
2015," 永和區"," 計",910,355,183,133,101,5,39,4,9,0,0,1,41,1,8,0,0,0,30
2015," 永和區"," 男",361,140,72,61,44,0,13,2,2,0,0,0,12,1,2,0,0,0,12
2015," 永和區"," 女",549,215,111,72,57,5,26,2,7,0,0,1,29,0,6,0,0,0,18
2015," 新莊區"," 計",5229,3001,391,583,401,43,182,24,94,8,0,35,262,7,38,0,0,0,160
2015," 新莊區"," 男",2386,1413,164,267,184,18,76,7,46,3,0,8,99,3,18,0,0,0,80
2015," 新莊區"," 女",2843,1588,227,316,217,25,106,17,48,5,0,27,163,4,20,0,0,0,80
2015," 新店區"," 計",3377,1757,559,270,182,12,68,16,46,7,0,9,171,5,18,0,0,0,257
2015," 新店區"," 男",1487,804,229,108,71,3,32,3,15,3,0,2,70,0,8,0,0,0,139
2015," 新店區"," 女",1890,953,330,162,111,9,36,13,31,4,0,7,101,5,10,0,0,0,118
2015," 樹林區"," 計",6317,4591,260,362,506,21,129,6,49,6,7,95,133,0,16,0,0,0,136
2015," 樹林區"," 男",3080,2271,101,165,239,7,66,1,30,2,4,51,64,0,10,0,0,0,69
2015," 樹林區"," 女",3237,2320,159,197,267,14,63,5,19,4,3,44,69,0,6,0,0,0,67
2015," 鶯歌區"," 計",2878,1699,258,170,356,52,63,9,30,4,0,7,151,3,24,0,0,0,52
2015," 鶯歌區"," 男",1381,829,122,85,157,30,34,4,8,1,0,4,61,2,10,0,0,0,34
2015," 鶯歌區"," 女",1497,870,136,85,199,22,29,5,22,3,0,3,90,1,14,0,0,0,18
2015," 三峽區"," 計",2793,1925,277,217,133,8,45,9,33,6,0,13,56,6,1,4,0,0,60
2015," 三峽區"," 男",1374,999,106,99,60,2,22,2,13,2,0,7,24,2,0,2,0,0,34
2015," 三峽區"," 女",1419,926,171,118,73,6,23,7,20,4,0,6,32,4,1,2,0,0,26
2015," 淡水區"," 計",1770,882,195,159,312,15,27,1,12,0,3,14,78,0,9,0,0,0,63
2015," 淡水區"," 男",790,398,73,71,152,8,11,0,3,0,2,8,34,0,2,0,0,0,28
2015," 淡水區"," 女",980,484,122,88,160,7,16,1,9,0,1,6,44,0,7,0,0,0,35
2015," 汐止區"," 計",4430,3412,254,189,144,8,48,15,19,5,7,17,95,5,12,0,0,0,200
2015," 汐止區"," 男",2122,1671,109,74,68,3,28,7,10,3,4,8,33,5,5,0,0,0,94
2015," 汐止區"," 女",2308,1741,145,115,76,5,20,8,9,2,3,9,62,0,7,0,0,0,106
2015," 瑞芳區"," 計",1255,1056,26,22,21,4,13,0,3,0,0,2,21,0,2,0,0,0,85
2015," 瑞芳區"," 男",652,556,13,9,9,1,3,0,2,0,0,1,7,0,1,0,0,0,50
2015," 瑞芳區"," 女",603,500,13,13,12,3,10,0,1,0,0,1,14,0,1,0,0,0,35
2015," 土城區"," 計",4230,2932,301,284,215,31,50,16,24,1,1,19,129,3,13,0,0,0,211
2015," 土城區"," 男",2041,1448,131,142,84,11,25,9,10,1,0,7,54,3,3,0,0,0,113
2015," 土城區"," 女",2189,1484,170,142,131,20,25,7,14,0,1,12,75,0,10,0,0,0,98
2015," 蘆洲區"," 計",2077,1302,196,166,87,11,75,6,19,8,2,4,68,4,6,0,0,0,123
2015," 蘆洲區"," 男",970,613,85,87,44,5,37,2,9,4,1,1,23,4,0,0,0,0,55
2015," 蘆洲區"," 女",1107,689,111,79,43,6,38,4,10,4,1,3,45,0,6,0,0,0,68
2015," 五股區"," 計",1779,931,170,237,102,93,47,4,12,7,2,8,110,0,2,0,0,0,54
2015," 五股區"," 男",818,446,69,101,45,43,22,3,5,5,2,4,48,0,1,0,0,0,24
2015," 五股區"," 女",961,485,101,136,57,50,25,1,7,2,0,4,62,0,1,0,0,0,30
2015," 泰山區"," 計",1290,756,116,150,74,47,44,1,15,0,1,0,39,0,9,0,0,0,38
2015," 泰山區"," 男",594,362,50,69,31,21,19,0,6,0,1,0,16,0,5,0,0,0,14
2015," 泰山區"," 女",696,394,66,81,43,26,25,1,9,0,0,0,23,0,4,0,0,0,24
2015," 林口區"," 計",1837,1212,140,189,132,26,21,6,19,0,0,3,21,0,9,0,0,0,59
2015," 林口區"," 男",832,569,43,89,60,15,10,2,7,0,0,1,4,0,4,0,0,0,28
2015," 林口區"," 女",1005,643,97,100,72,11,11,4,12,0,0,2,17,0,5,0,0,0,31
2015," 深坑區"," 計",222,131,20,31,8,1,2,0,5,0,0,0,15,0,3,0,0,0,6
2015," 深坑區"," 男",105,61,11,14,4,1,0,0,2,0,0,0,8,0,2,0,0,0,2
2015," 深坑區"," 女",117,70,9,17,4,0,2,0,3,0,0,0,7,0,1,0,0,0,4
2015," 石碇區"," 計",35,14,10,1,2,0,1,4,0,0,0,0,2,0,0,0,0,0,1
2015," 石碇區"," 男",10,2,3,0,0,0,0,3,0,0,0,0,1,0,0,0,0,0,1
2015," 石碇區"," 女",25,12,7,1,2,0,1,1,0,0,0,0,1,0,0,0,0,0,0
2015," 坪林區"," 計",18,6,2,6,4,0,0,0,0,0,0,0,0,0,0,0,0,0,0
2015," 坪林區"," 男",6,2,1,2,1,0,0,0,0,0,0,0,0,0,0,0,0,0,0
2015," 坪林區"," 女",12,4,1,4,3,0,0,0,0,0,0,0,0,0,0,0,0,0,0
2015," 三芝區"," 計",318,149,31,78,25,4,13,0,3,0,0,1,12,0,1,0,0,0,1
2015," 三芝區"," 男",151,66,16,39,14,2,7,0,0,0,0,0,6,0,0,0,0,0,1
2015," 三芝區"," 女",167,83,15,39,11,2,6,0,3,0,0,1,6,0,1,0,0,0,0
2015," 石門區"," 計",52,14,9,7,5,0,7,0,4,0,0,0,3,0,0,0,0,0,3
2015," 石門區"," 男",15,6,2,2,1,0,3,0,0,0,0,0,0,0,0,0,0,0,1
2015," 石門區"," 女",37,8,7,5,4,0,4,0,4,0,0,0,3,0,0,0,0,0,2
2015," 八里區"," 計",828,443,68,96,89,8,17,3,2,4,3,5,40,2,5,0,0,0,43
2015," 八里區"," 男",402,217,31,45,37,2,8,2,1,3,2,4,18,2,3,0,0,0,27
2015," 八里區"," 女",426,226,37,51,52,6,9,1,1,1,1,1,22,0,2,0,0,0,16
2015," 平溪區"," 計",25,15,6,2,0,0,1,0,0,0,0,0,0,0,0,0,0,0,1
2015," 平溪區"," 男",6,3,2,0,0,0,0,0,0,0,0,0,0,0,0,0,0,0,1
2015," 平溪區"," 女",19,12,4,2,0,0,1,0,0,0,0,0,0,0,0,0,0,0,0
2015," 雙溪區"," 計",14,7,1,2,0,0,0,0,0,0,0,0,3,0,0,0,0,0,1
2015," 雙溪區"," 男",5,4,0,0,0,0,0,0,0,0,0,0,1,0,0,0,0,0,0
2015," 雙溪區"," 女",9,3,1,2,0,0,0,0,0,0,0,0,2,0,0,0,0,0,1
2015," 貢寮區"," 計",77,38,13,3,12,0,1,2,0,0,0,1,2,0,0,0,0,0,5
2015," 貢寮區"," 男",26,13,4,1,5,0,0,1,0,0,0,0,0,0,0,0,0,0,2
2015," 貢寮區"," 女",51,25,9,2,7,0,1,1,0,0,0,1,2,0,0,0,0,0,3
2015," 金山區"," 計",110,55,17,22,2,0,5,0,0,0,0,1,6,0,0,0,0,0,2
2015," 金山區"," 男",44,22,4,10,0,0,1,0,0,0,0,0,5,0,0,0,0,0,2
2015," 金山區"," 女",66,33,13,12,2,0,4,0,0,0,0,1,1,0,0,0,0,0,0
2015," 萬里區"," 計",307,238,17,16,9,3,2,0,1,1,0,6,12,0,0,0,0,0,2
2015," 萬里區"," 男",146,123,6,6,3,2,0,0,0,0,0,4,1,0,0,0,0,0,1
2015," 萬里區"," 女",161,115,11,10,6,1,2,0,1,1,0,2,11,0,0,0,0,0,1
2015," 烏來區"," 計",2792,128,2525,27,33,9,7,8,5,0,0,1,32,0,8,0,0,0,9
2015," 烏來區"," 男",1380,50,1265,14,14,3,1,4,2,0,0,1,15,0,3,0,0,0,8
2015," 烏來區"," 女",1412,78,1260,13,19,6,6,4,3,0,0,0,17,0,5,0,0,0,1
2016," 新北市"," 計",54882,32444,7265,4336,3650,534,1277,196,509,70,51,294,1976,46,259,5,0,0,1970
2016," 新北市"," 男",25541,15546,3168,1971,1650,237,581,76,207,29,27,137,795,27,112,3,0,0,975
2016," 新北市"," 女",29341,16898,4097,2365,2000,297,696,120,302,41,24,157,1181,19,147,2,0,0,995
2016," 板橋區"," 計",4178,2384,404,370,268,43,157,26,33,5,3,29,156,6,36,0,0,0,258
2016," 板橋區"," 男",1816,1060,141,166,127,20,71,13,11,1,0,15,63,4,12,0,0,0,112
2016," 板橋區"," 女",2362,1324,263,204,141,23,86,13,22,4,3,14,93,2,24,0,0,0,146
2016," 三重區"," 計",2291,1187,286,241,203,42,68,14,24,4,7,2,134,3,6,0,0,0,70
2016," 三重區"," 男",1029,539,117,107,96,20,32,1,9,1,4,1,64,2,5,0,0,0,31
2016," 三重區"," 女",1262,648,169,134,107,22,36,13,15,3,3,1,70,1,1,0,0,0,39
2016," 中和區"," 計",2889,1448,469,253,202,33,116,9,32,5,10,8,155,0,25,1,0,0,123
2016," 中和區"," 男",1238,635,198,107,88,10,41,3,9,0,6,6,68,0,13,1,0,0,53
2016," 中和區"," 女",1651,813,271,146,114,23,75,6,23,5,4,2,87,0,12,0,0,0,70
2016," 永和區"," 計",946,367,183,145,103,4,43,4,13,1,0,1,45,1,6,0,0,0,30
2016," 永和區"," 男",373,145,69,69,45,0,15,2,3,0,0,0,11,1,1,0,0,0,12
2016," 永和區"," 女",573,222,114,76,58,4,28,2,10,1,0,1,34,0,5,0,0,0,18
2016," 新莊區"," 計",5271,3041,392,581,410,42,188,27,98,10,5,44,247,7,41,0,0,0,138
2016," 新莊區"," 男",2414,1430,163,264,192,19,79,8,49,4,3,13,99,3,19,0,0,0,69
2016," 新莊區"," 女",2857,1611,229,317,218,23,109,19,49,6,2,31,148,4,22,0,0,0,69
2016," 新店區"," 計",3454,1845,541,263,183,20,71,15,45,7,0,9,178,5,17,0,0,0,255
2016," 新店區"," 男",1520,846,215,104,71,9,33,3,14,3,0,1,73,0,7,0,0,0,141
2016," 新店區"," 女",1934,999,326,159,112,11,38,12,31,4,0,8,105,5,10,0,0,0,114
2016," 樹林區"," 計",6380,4646,265,366,507,23,127,7,50,3,7,99,138,0,19,0,0,0,123
2016," 樹林區"," 男",3111,2310,103,166,236,10,65,1,31,1,3,52,61,0,11,0,0,0,61
2016," 樹林區"," 女",3269,2336,162,200,271,13,62,6,19,2,4,47,77,0,8,0,0,0,62
2016," 鶯歌區"," 計",2895,1718,250,184,354,47,64,9,33,1,0,7,152,3,23,0,0,0,50
2016," 鶯歌區"," 男",1383,829,121,94,158,25,36,4,11,1,0,4,57,2,10,0,0,0,31
2016," 鶯歌區"," 女",1512,889,129,90,196,22,28,5,22,0,0,3,95,1,13,0,0,0,19
2016," 三峽區"," 計",2871,1978,293,218,127,9,50,10,34,7,0,14,62,6,2,4,0,0,57
2016," 三峽區"," 男",1410,1030,105,94,60,3,25,5,14,2,0,7,26,2,1,2,0,0,34
2016," 三峽區"," 女",1461,948,188,124,67,6,25,5,20,5,0,7,36,4,1,2,0,0,23
2016," 淡水區"," 計",1835,925,188,164,306,22,28,1,16,0,3,14,93,0,8,0,0,0,67
2016," 淡水區"," 男",834,426,73,74,153,11,11,0,3,0,2,8,42,0,2,0,0,0,29
2016," 淡水區"," 女",1001,499,115,90,153,11,17,1,13,0,1,6,51,0,6,0,0,0,38
2016," 汐止區"," 計",4502,3449,259,201,153,9,52,19,19,4,8,22,89,6,17,0,0,0,195
2016," 汐止區"," 男",2164,1703,107,82,70,4,29,8,10,3,4,11,32,4,6,0,0,0,91
2016," 汐止區"," 女",2338,1746,152,119,83,5,23,11,9,1,4,11,57,2,11,0,0,0,104
2016," 瑞芳區"," 計",1231,1045,25,22,20,4,14,0,1,0,0,2,21,0,1,0,0,0,76
2016," 瑞芳區"," 男",642,554,12,9,9,1,3,0,1,0,0,1,8,0,1,0,0,0,43
2016," 瑞芳區"," 女",589,491,13,13,11,3,11,0,0,0,0,1,13,0,0,0,0,0,33
2016," 土城區"," 計",4206,2893,328,282,219,32,47,20,25,6,1,19,111,3,16,0,0,0,204
2016," 土城區"," 男",2021,1422,143,141,85,11,25,11,10,4,0,7,42,3,5,0,0,0,112
2016," 土城區"," 女",2185,1471,185,141,134,21,22,9,15,2,1,12,69,0,11,0,0,0,92
2016," 蘆洲區"," 計",2088,1310,206,174,90,11,74,6,20,6,2,4,66,4,7,0,0,0,108
2016," 蘆洲區"," 男",965,607,88,97,45,5,37,2,9,2,1,1,19,4,1,0,0,0,47
2016," 蘆洲區"," 女",1123,703,118,77,45,6,37,4,11,4,1,3,47,0,6,0,0,0,61
2016," 五股區"," 計",1836,979,169,228,111,90,56,4,12,4,1,8,122,0,2,0,0,0,50
2016," 五股區"," 男",846,473,66,99,48,43,29,3,5,2,1,4,49,0,1,0,0,0,23
2016," 五股區"," 女",990,506,103,129,63,47,27,1,7,2,0,4,73,0,1,0,0,0,27
2016," 泰山區"," 計",1295,747,113,147,75,49,41,1,15,0,1,0,58,0,12,0,0,0,36
2016," 泰山區"," 男",613,368,49,71,33,22,18,0,5,0,1,0,25,0,7,0,0,0,14
2016," 泰山區"," 女",682,379,64,76,42,27,23,1,10,0,0,0,33,0,5,0,0,0,22
2016," 林口區"," 計",1860,1215,150,197,128,29,19,6,22,0,0,3,26,0,6,0,0,0,59
2016," 林口區"," 男",840,580,45,88,56,15,8,2,8,0,0,1,7,0,3,0,0,0,27
2016," 林口區"," 女",1020,635,105,109,72,14,11,4,14,0,0,2,19,0,3,0,0,0,32
2016," 深坑區"," 計",225,138,18,27,11,1,1,0,5,0,0,0,15,0,3,0,0,0,6
2016," 深坑區"," 男",104,62,9,13,5,1,0,0,2,0,0,0,8,0,2,0,0,0,2
2016," 深坑區"," 女",121,76,9,14,6,0,1,0,3,0,0,0,7,0,1,0,0,0,4
2016," 石碇區"," 計",34,9,13,4,1,0,1,4,0,0,0,0,1,0,0,0,0,0,1
2016," 石碇區"," 男",12,2,4,2,0,0,0,3,0,0,0,0,0,0,0,0,0,0,1
2016," 石碇區"," 女",22,7,9,2,1,0,1,1,0,0,0,0,1,0,0,0,0,0,0
2016," 坪林區"," 計",21,7,2,7,3,0,1,0,0,0,0,0,0,0,0,0,0,0,1
2016," 坪林區"," 男",7,2,1,2,1,0,0,0,0,0,0,0,0,0,0,0,0,0,1
2016," 坪林區"," 女",14,5,1,5,2,0,1,0,0,0,0,0,0,0,0,0,0,0,0
2016," 三芝區"," 計",326,159,34,78,25,1,13,0,2,0,0,1,11,0,1,0,0,0,1
2016," 三芝區"," 男",150,73,15,37,11,1,7,0,0,0,0,0,5,0,0,0,0,0,1
2016," 三芝區"," 女",176,86,19,41,14,0,6,0,2,0,0,1,6,0,1,0,0,0,0
2016," 石門區"," 計",55,17,9,6,5,2,7,0,3,0,0,0,4,0,0,0,0,0,2
2016," 石門區"," 男",16,7,2,2,1,0,3,0,0,0,0,0,0,0,0,0,0,0,1
2016," 石門區"," 女",39,10,7,4,4,2,4,0,3,0,0,0,4,0,0,0,0,0,1
2016," 八里區"," 計",833,449,67,98,87,9,22,3,2,6,3,5,35,2,5,0,0,0,40
2016," 八里區"," 男",413,228,31,47,34,2,11,2,1,5,2,4,15,2,3,0,0,0,26
2016," 八里區"," 女",420,221,36,51,53,7,11,1,1,1,1,1,20,0,2,0,0,0,14
2016," 平溪區"," 計",24,15,5,2,0,0,1,0,0,0,0,0,0,0,0,0,0,0,1
2016," 平溪區"," 男",6,3,2,0,0,0,0,0,0,0,0,0,0,0,0,0,0,0,1
2016," 平溪區"," 女",18,12,3,2,0,0,1,0,0,0,0,0,0,0,0,0,0,0,0
2016," 雙溪區"," 計",16,9,1,2,0,0,0,0,0,0,0,0,3,0,0,0,0,0,1
2016," 雙溪區"," 男",4,3,0,0,0,0,0,0,0,0,0,0,1,0,0,0,0,0,0
2016," 雙溪區"," 女",12,6,1,2,0,0,0,0,0,0,0,0,2,0,0,0,0,0,1
2016," 貢寮區"," 計",74,35,14,3,12,0,1,2,0,0,0,1,1,0,0,0,0,0,5
2016," 貢寮區"," 男",26,12,5,1,5,0,0,1,0,0,0,0,0,0,0,0,0,0,2
2016," 貢寮區"," 女",48,23,9,2,7,0,1,1,0,0,0,1,1,0,0,0,0,0,3
2016," 金山區"," 計",125,59,19,30,2,0,5,0,0,0,0,1,7,0,0,0,0,0,2
2016," 金山區"," 男",51,23,6,14,0,0,1,0,0,0,0,0,5,0,0,0,0,0,2
2016," 金山區"," 女",74,36,13,16,2,0,4,0,0,0,0,1,2,0,0,0,0,0,0
2016," 萬里區"," 計",304,238,18,15,9,3,2,0,1,1,0,0,15,0,0,0,0,0,2
2016," 萬里區"," 男",141,120,7,6,3,2,0,0,0,0,0,0,2,0,0,0,0,0,1
2016," 萬里區"," 女",163,118,11,9,6,1,2,0,1,1,0,0,13,0,0,0,0,0,1
2016," 烏來區"," 計",2817,132,2544,28,36,9,8,9,4,0,0,1,31,0,6,0,0,0,9
2016," 烏來區"," 男",1392,54,1271,15,18,3,2,4,2,0,0,1,13,0,2,0,0,0,7
2016," 烏來區"," 女",1425,78,1273,13,18,6,6,5,2,0,0,0,18,0,4,0,0,0,2
2017," 新北市"," 計",55376,32668,7374,4410,3678,556,1316,207,518,84,46,288,2038,50,282,6,0,0,1855
2017," 新北市"," 男",25760,15635,3206,2038,1655,253,594,84,213,36,22,134,826,29,121,4,0,0,910
2017," 新北市"," 女",29616,17033,4168,2372,2023,303,722,123,305,48,24,154,1212,21,161,2,0,0,945
2017," 板橋區"," 計",4244,2465,423,358,271,30,156,26,32,8,3,30,157,6,33,0,0,0,246
2017," 板橋區"," 男",1844,1098,149,164,126,14,70,12,11,2,0,15,61,4,10,0,0,0,108
2017," 板橋區"," 女",2400,1367,274,194,145,16,86,14,21,6,3,15,96,2,23,0,0,0,138
2017," 三重區"," 計",2371,1205,309,262,216,45,70,16,24,6,7,1,132,6,6,0,0,0,66
2017," 三重區"," 男",1070,552,130,116,99,22,34,3,9,2,4,1,62,4,5,0,0,0,27
2017," 三重區"," 女",1301,653,179,146,117,23,36,13,15,4,3,0,70,2,1,0,0,0,39
2017," 中和區"," 計",2959,1455,488,264,208,46,120,10,41,6,6,7,159,0,29,1,0,0,119
2017," 中和區"," 男",1261,631,206,108,92,18,41,3,13,0,4,6,72,0,17,1,0,0,49
2017," 中和區"," 女",1698,824,282,156,116,28,79,7,28,6,2,1,87,0,12,0,0,0,70
2017," 永和區"," 計",995,384,197,147,104,6,47,2,15,0,2,1,47,1,9,0,0,0,33
2017," 永和區"," 男",398,153,74,71,46,1,18,1,5,0,0,0,12,1,1,0,0,0,15
2017," 永和區"," 女",597,231,123,76,58,5,29,1,10,0,2,1,35,0,8,0,0,0,18
2017," 新莊區"," 計",5334,3101,402,584,404,45,190,27,93,10,5,40,249,7,47,0,0,0,130
2017," 新莊區"," 男",2446,1464,167,265,191,20,78,8,45,5,3,13,97,3,20,0,0,0,67
2017," 新莊區"," 女",2888,1637,235,319,213,25,112,19,48,5,2,27,152,4,27,0,0,0,63
2017," 新店區"," 計",3468,1863,521,276,185,19,68,18,44,8,0,9,195,5,18,0,0,0,239
2017," 新店區"," 男",1544,857,214,116,71,9,33,6,15,4,0,1,81,0,8,0,0,0,129
2017," 新店區"," 女",1924,1006,307,160,114,10,35,12,29,4,0,8,114,5,10,0,0,0,110
2017," 樹林區"," 計",6389,4640,267,377,504,26,130,11,52,3,6,95,144,1,25,0,0,0,108
2017," 樹林區"," 男",3118,2311,101,175,229,13,66,4,31,1,2,51,66,0,14,0,0,0,54
2017," 樹林區"," 女",3271,2329,166,202,275,13,64,7,21,2,4,44,78,1,11,0,0,0,54
2017," 鶯歌區"," 計",2887,1734,243,190,347,43,60,9,31,1,0,7,150,3,23,0,0,0,46
2017," 鶯歌區"," 男",1370,834,111,98,154,23,33,4,11,1,0,4,57,2,10,0,0,0,28
2017," 鶯歌區"," 女",1517,900,132,92,193,20,27,5,20,0,0,3,93,1,13,0,0,0,18
2017," 三峽區"," 計",2913,1978,297,225,135,11,55,10,40,6,0,12,70,6,2,5,0,0,61
2017," 三峽區"," 男",1438,1029,108,100,67,5,27,5,18,2,0,7,29,2,1,3,0,0,35
2017," 三峽區"," 女",1475,949,189,125,68,6,28,5,22,4,0,5,41,4,1,2,0,0,26
2017," 淡水區"," 計",1880,962,192,173,301,17,31,1,16,0,2,16,99,0,8,0,0,0,62
2017," 淡水區"," 男",843,441,74,80,147,8,12,0,3,0,1,9,40,0,2,0,0,0,26
2017," 淡水區"," 女",1037,521,118,93,154,9,19,1,13,0,1,7,59,0,6,0,0,0,36
2017," 汐止區"," 計",4480,3421,269,194,150,9,57,22,17,5,8,22,96,6,18,0,0,0,186
2017," 汐止區"," 男",2138,1674,110,81,67,3,33,10,9,3,4,9,37,4,7,0,0,0,87
2017," 汐止區"," 女",2342,1747,159,113,83,6,24,12,8,2,4,13,59,2,11,0,0,0,99
2017," 瑞芳區"," 計",1244,1059,24,23,21,3,17,0,1,0,0,2,22,0,1,0,0,0,71
2017," 瑞芳區"," 男",642,559,11,9,8,1,4,0,1,0,0,1,8,0,1,0,0,0,39
2017," 瑞芳區"," 女",602,500,13,14,13,2,13,0,0,0,0,1,14,0,0,0,0,0,32
2017," 土城區"," 計",4182,2861,331,285,222,31,53,19,26,9,1,20,117,3,18,0,0,0,186
2017," 土城區"," 男",2010,1413,135,146,89,11,26,11,10,5,0,6,46,3,5,0,0,0,104
2017," 土城區"," 女",2172,1448,196,139,133,20,27,8,16,4,1,14,71,0,13,0,0,0,82
2017," 蘆洲區"," 計",2097,1318,206,176,90,11,79,7,19,10,2,3,69,4,7,0,0,0,96
2017," 蘆洲區"," 男",976,612,91,102,45,5,37,2,9,5,1,0,23,4,1,0,0,0,39
2017," 蘆洲區"," 女",1121,706,115,74,45,6,42,5,10,5,1,3,46,0,6,0,0,0,57
2017," 五股區"," 計",1841,996,163,225,104,104,51,4,12,4,0,6,121,0,2,0,0,0,49
2017," 五股區"," 男",864,488,65,103,47,49,28,3,5,2,0,3,47,0,1,0,0,0,23
2017," 五股區"," 女",977,508,98,122,57,55,23,1,7,2,0,3,74,0,1,0,0,0,26
2017," 泰山區"," 計",1271,737,104,145,73,48,44,1,14,0,1,0,63,0,11,0,0,0,30
2017," 泰山區"," 男",591,354,42,71,31,22,19,0,5,0,1,0,27,0,7,0,0,0,12
2017," 泰山區"," 女",680,383,62,74,42,26,25,1,9,0,0,0,36,0,4,0,0,0,18
2017," 林口區"," 計",1890,1212,157,198,147,33,20,7,23,0,0,6,23,0,9,0,0,0,55
2017," 林口區"," 男",856,579,50,89,64,18,9,2,8,0,0,1,7,0,4,0,0,0,25
2017," 林口區"," 女",1034,633,107,109,83,15,11,5,15,0,0,5,16,0,5,0,0,0,30
2017," 深坑區"," 計",214,126,18,28,11,1,2,0,5,0,0,0,14,0,3,0,0,0,6
2017," 深坑區"," 男",98,55,9,14,5,1,1,0,2,0,0,0,7,0,2,0,0,0,2
2017," 深坑區"," 女",116,71,9,14,6,0,1,0,3,0,0,0,7,0,1,0,0,0,4
2017," 石碇區"," 計",36,11,13,4,1,0,1,4,0,0,0,0,1,0,0,0,0,0,1
2017," 石碇區"," 男",13,3,4,2,0,0,0,3,0,0,0,0,0,0,0,0,0,0,1
2017," 石碇區"," 女",23,8,9,2,1,0,1,1,0,0,0,0,1,0,0,0,0,0,0
2017," 坪林區"," 計",17,5,2,4,4,0,1,0,0,0,0,0,0,0,0,0,0,0,1
2017," 坪林區"," 男",5,0,1,2,1,0,0,0,0,0,0,0,0,0,0,0,0,0,1
2017," 坪林區"," 女",12,5,1,2,3,0,1,0,0,0,0,0,0,0,0,0,0,0,0
2017," 三芝區"," 計",350,172,33,86,25,4,15,0,2,0,0,1,8,0,3,0,0,0,1
2017," 三芝區"," 男",161,79,13,40,12,2,8,0,0,0,0,0,6,0,0,0,0,0,1
2017," 三芝區"," 女",189,93,20,46,13,2,7,0,2,0,0,1,2,0,3,0,0,0,0
2017," 石門區"," 計",49,15,9,2,5,2,7,0,3,0,0,0,4,0,0,0,0,0,2
2017," 石門區"," 男",13,6,2,0,1,0,3,0,0,0,0,0,0,0,0,0,0,0,1
2017," 石門區"," 女",36,9,7,2,4,2,4,0,3,0,0,0,4,0,0,0,0,0,1
2017," 八里區"," 計",857,452,66,110,89,10,24,3,3,6,3,5,38,2,5,0,0,0,41
2017," 八里區"," 男",416,223,30,55,35,3,11,2,1,4,2,4,16,2,3,0,0,0,25
2017," 八里區"," 女",441,229,36,55,54,7,13,1,2,2,1,1,22,0,2,0,0,0,16
2017," 平溪區"," 計",24,15,5,2,0,0,1,0,0,0,0,0,0,0,0,0,0,0,1
2017," 平溪區"," 男",5,3,1,0,0,0,0,0,0,0,0,0,0,0,0,0,0,0,1
2017," 平溪區"," 女",19,12,4,2,0,0,1,0,0,0,0,0,0,0,0,0,0,0,0
2017," 雙溪區"," 計",20,13,1,2,0,0,0,0,0,0,0,0,3,0,0,0,0,0,1
2017," 雙溪區"," 男",6,5,0,0,0,0,0,0,0,0,0,0,1,0,0,0,0,0,0
2017," 雙溪區"," 女",14,8,1,2,0,0,0,0,0,0,0,0,2,0,0,0,0,0,1
2017," 貢寮區"," 計",84,39,11,5,14,0,2,2,0,0,0,3,1,0,0,0,0,0,7
2017," 貢寮區"," 男",31,14,3,2,7,0,0,1,0,0,0,2,0,0,0,0,0,0,2
2017," 貢寮區"," 女",53,25,8,3,7,0,2,1,0,0,0,1,1,0,0,0,0,0,5
2017," 金山區"," 計",126,60,22,26,2,0,5,0,0,0,0,1,8,0,0,0,0,0,2
2017," 金山區"," 男",53,22,9,13,0,0,1,0,0,0,0,0,6,0,0,0,0,0,2
2017," 金山區"," 女",73,38,13,13,2,0,4,0,0,0,0,1,2,0,0,0,0,0,0
2017," 萬里區"," 計",296,235,14,16,8,3,2,0,1,1,0,0,15,0,0,0,0,0,1
2017," 萬里區"," 男",138,118,5,7,3,2,0,0,0,0,0,0,3,0,0,0,0,0,0
2017," 萬里區"," 女",158,117,9,9,5,1,2,0,1,1,0,0,12,0,0,0,0,0,1
2017," 烏來區"," 計",2858,134,2587,23,37,9,8,8,4,1,0,1,33,0,5,0,0,0,8
2017," 烏來區"," 男",1412,58,1291,9,18,3,2,4,2,0,0,1,15,0,2,0,0,0,7
2017," 烏來區"," 女",1446,76,1296,14,19,6,6,4,2,1,0,0,18,0,3,0,0,0,1
2018," 新北市"," 計",55607,32812,7431,4409,3691,569,1339,215,515,86,45,285,2094,55,301,11,0,0,1749
2018," 新北市"," 男",25775,15648,3228,2021,1659,257,602,86,209,40,19,132,857,31,127,7,0,0,852
2018," 新北市"," 女",29832,17164,4203,2388,2032,312,737,129,306,46,26,153,1237,24,174,4,0,0,897
2018," 板橋區"," 計",4294,2478,440,373,270,32,156,29,33,4,5,30,169,8,32,0,0,0,235
2018," 板橋區"," 男",1862,1106,148,172,125,15,69,13,12,1,0,15,67,4,9,0,0,0,106
2018," 板橋區"," 女",2432,1372,292,201,145,17,87,16,21,3,5,15,102,4,23,0,0,0,129
2018," 三重區"," 計",2416,1242,309,262,224,48,69,17,21,5,9,1,131,6,9,0,0,0,63
2018," 三重區"," 男",1065,554,127,118,98,23,33,3,8,1,4,1,61,4,5,0,0,0,25
2018," 三重區"," 女",1351,688,182,144,126,25,36,14,13,4,5,0,70,2,4,0,0,0,38
2018," 中和區"," 計",2996,1517,478,265,200,42,120,12,39,7,5,7,159,0,31,1,0,0,113
2018," 中和區"," 男",1259,646,202,102,87,16,42,4,14,2,3,6,70,0,20,1,0,0,44
2018," 中和區"," 女",1737,871,276,163,113,26,78,8,25,5,2,1,89,0,11,0,0,0,69
2018," 永和區"," 計",1023,406,187,157,98,8,53,1,13,0,2,1,53,2,10,0,0,0,32
2018," 永和區"," 男",406,167,73,68,42,1,21,0,3,0,0,0,15,1,2,0,0,0,13
2018," 永和區"," 女",617,239,114,89,56,7,32,1,10,0,2,1,38,1,8,0,0,0,19
2018," 新莊區"," 計",5311,3102,407,572,394,53,190,25,93,12,5,40,243,6,45,2,0,0,122
2018," 新莊區"," 男",2423,1454,163,270,182,25,75,8,43,6,3,13,94,3,18,0,0,0,66
2018," 新莊區"," 女",2888,1648,244,302,212,28,115,17,50,6,2,27,149,3,27,2,0,0,56
2018," 新店區"," 計",3493,1895,526,271,190,22,71,16,45,10,0,9,194,6,17,0,0,0,221
2018," 新店區"," 男",1543,865,212,116,71,10,33,4,15,5,0,2,84,0,5,0,0,0,121
2018," 新店區"," 女",1950,1030,314,155,119,12,38,12,30,5,0,7,110,6,12,0,0,0,100
2018," 樹林區"," 計",6298,4565,262,371,498,29,140,11,61,4,3,88,143,1,27,0,0,0,95
2018," 樹林區"," 男",3072,2268,102,172,226,14,73,4,36,2,0,46,68,0,17,0,0,0,44
2018," 樹林區"," 女",3226,2297,160,199,272,15,67,7,25,2,3,42,75,1,10,0,0,0,51
2018," 鶯歌區"," 計",2832,1686,246,182,338,41,61,9,29,1,0,9,157,3,26,0,0,0,44
2018," 鶯歌區"," 男",1346,818,114,88,154,22,33,4,9,1,0,6,58,2,10,0,0,0,27
2018," 鶯歌區"," 女",1486,868,132,94,184,19,28,5,20,0,0,3,99,1,16,0,0,0,17
2018," 三峽區"," 計",2991,2058,295,219,140,12,57,9,34,7,0,14,74,5,3,5,0,0,59
2018," 三峽區"," 男",1471,1062,106,94,71,6,31,4,15,2,0,9,31,2,1,3,0,0,34
2018," 三峽區"," 女",1520,996,189,125,69,6,26,5,19,5,0,5,43,3,2,2,0,0,25
2018," 淡水區"," 計",1911,965,190,174,311,18,32,6,16,0,2,19,107,0,9,0,0,0,62
2018," 淡水區"," 男",863,450,68,80,151,8,14,4,3,0,1,9,46,0,2,0,0,0,27
2018," 淡水區"," 女",1048,515,122,94,160,10,18,2,13,0,1,10,61,0,7,0,0,0,35
2018," 汐止區"," 計",4408,3387,246,187,151,7,63,24,18,5,7,21,102,6,18,0,0,0,166
2018," 汐止區"," 男",2131,1673,103,80,68,3,35,13,9,3,4,9,42,4,7,0,0,0,78
2018," 汐止區"," 女",2277,1714,143,107,83,4,28,11,9,2,3,12,60,2,11,0,0,0,88
2018," 瑞芳區"," 計",1254,1065,26,23,20,3,17,0,1,0,0,3,28,0,1,0,0,0,67
2018," 瑞芳區"," 男",639,557,12,8,7,1,4,0,1,0,0,1,10,0,1,0,0,0,37
2018," 瑞芳區"," 女",615,508,14,15,13,2,13,0,0,0,0,2,18,0,0,0,0,0,30
2018," 土城區"," 計",4180,2866,339,273,228,24,54,20,28,9,1,19,115,5,19,0,0,0,180
2018," 土城區"," 男",2007,1405,145,139,96,7,25,11,11,5,0,6,46,5,6,0,0,0,100
2018," 土城區"," 女",2173,1461,194,134,132,17,29,9,17,4,1,13,69,0,13,0,0,0,80
2018," 蘆洲區"," 計",2090,1292,215,185,94,9,83,7,19,9,2,4,65,5,7,0,0,0,94
2018," 蘆洲區"," 男",955,586,99,100,47,3,40,2,9,6,1,0,21,4,1,0,0,0,36
2018," 蘆洲區"," 女",1135,706,116,85,47,6,43,5,10,3,1,4,44,1,6,0,0,0,58
2018," 五股區"," 計",1872,1006,155,243,115,110,45,4,12,4,0,7,124,0,2,0,0,0,45
2018," 五股區"," 男",879,500,65,105,53,52,24,3,5,2,0,4,46,0,1,0,0,0,19
2018," 五股區"," 女",993,506,90,138,62,58,21,1,7,2,0,3,78,0,1,0,0,0,26
2018," 泰山區"," 計",1268,717,116,136,62,49,46,3,15,1,1,0,70,0,18,3,0,0,31
2018," 泰山區"," 男",588,337,49,69,27,23,21,0,5,1,1,0,30,0,11,3,0,0,11
2018," 泰山區"," 女",680,380,67,67,35,26,25,3,10,0,0,0,40,0,7,0,0,0,20
2018," 林口區"," 計",1962,1249,172,207,150,35,17,7,21,1,0,5,29,0,13,0,0,0,56
2018," 林口區"," 男",898,601,60,94,66,18,6,2,7,0,0,1,10,0,6,0,0,0,27
2018," 林口區"," 女",1064,648,112,113,84,17,11,5,14,1,0,4,19,0,7,0,0,0,29
2018," 深坑區"," 計",214,122,22,29,12,1,2,1,5,0,0,0,12,0,3,0,0,0,5
2018," 深坑區"," 男",96,52,11,14,5,1,1,0,2,0,0,0,6,0,2,0,0,0,2
2018," 深坑區"," 女",118,70,11,15,7,0,1,1,3,0,0,0,6,0,1,0,0,0,3
2018," 石碇區"," 計",38,16,13,5,1,0,1,0,0,0,0,0,2,0,0,0,0,0,0
2018," 石碇區"," 男",11,3,4,3,0,0,0,0,0,0,0,0,1,0,0,0,0,0,0
2018," 石碇區"," 女",27,13,9,2,1,0,1,0,0,0,0,0,1,0,0,0,0,0,0
2018," 坪林區"," 計",14,3,2,4,3,0,1,0,0,0,0,0,0,0,0,0,0,0,1
2018," 坪林區"," 男",5,0,1,2,1,0,0,0,0,0,0,0,0,0,0,0,0,0,1
2018," 坪林區"," 女",9,3,1,2,2,0,1,0,0,0,0,0,0,0,0,0,0,0,0
2018," 三芝區"," 計",348,170,32,84,29,4,15,0,1,0,0,1,8,0,4,0,0,0,0
2018," 三芝區"," 男",164,81,13,40,14,2,8,0,0,0,0,0,6,0,0,0,0,0,0
2018," 三芝區"," 女",184,89,19,44,15,2,7,0,1,0,0,1,2,0,4,0,0,0,0
2018," 石門區"," 計",54,13,14,2,7,2,7,0,3,0,0,0,4,0,0,0,0,0,2
2018," 石門區"," 男",15,6,2,0,3,0,3,0,0,0,0,0,0,0,0,0,0,0,1
2018," 石門區"," 女",39,7,12,2,4,2,4,0,3,0,0,0,4,0,0,0,0,0,1
2018," 八里區"," 計",876,477,64,105,94,9,20,3,3,5,3,4,44,2,5,0,0,0,38
2018," 八里區"," 男",417,229,29,55,37,3,7,2,1,3,2,3,19,2,3,0,0,0,22
2018," 八里區"," 女",459,248,35,50,57,6,13,1,2,2,1,1,25,0,2,0,0,0,16
2018," 平溪區"," 計",23,16,4,2,0,0,1,0,0,0,0,0,0,0,0,0,0,0,0
2018," 平溪區"," 男",4,3,1,0,0,0,0,0,0,0,0,0,0,0,0,0,0,0,0
2018," 平溪區"," 女",19,13,3,2,0,0,1,0,0,0,0,0,0,0,0,0,0,0,0
2018," 雙溪區"," 計",25,16,1,4,0,0,0,0,0,0,0,0,3,0,0,0,0,0,1
2018," 雙溪區"," 男",7,6,0,0,0,0,0,0,0,0,0,0,1,0,0,0,0,0,0
2018," 雙溪區"," 女",18,10,1,4,0,0,0,0,0,0,0,0,2,0,0,0,0,0,1
2018," 貢寮區"," 計",87,42,12,5,15,0,2,2,0,0,0,1,1,0,0,0,0,0,7
2018," 貢寮區"," 男",33,16,4,2,8,0,0,1,0,0,0,0,0,0,0,0,0,0,2
2018," 貢寮區"," 女",54,26,8,3,7,0,2,1,0,0,0,1,1,0,0,0,0,0,5
2018," 金山區"," 計",136,68,18,30,3,0,5,0,0,0,0,1,9,0,0,0,0,0,2
2018," 金山區"," 男",53,23,6,15,0,0,1,0,0,0,0,0,6,0,0,0,0,0,2
2018," 金山區"," 女",83,45,12,15,3,0,4,0,0,0,0,1,3,0,0,0,0,0,0
2018," 萬里區"," 計",292,230,16,15,8,4,2,0,1,1,0,0,14,0,0,0,0,0,1
2018," 萬里區"," 男",138,118,6,6,3,2,0,0,0,0,0,0,3,0,0,0,0,0,0
2018," 萬里區"," 女",154,112,10,9,5,2,2,0,1,1,0,0,11,0,0,0,0,0,1
2018," 烏來區"," 計",2901,143,2624,24,36,7,9,9,4,1,0,1,34,0,2,0,0,0,7
2018," 烏來區"," 男",1425,62,1303,9,17,2,3,4,1,0,0,1,16,0,0,0,0,0,7
2018," 烏來區"," 女",1476,81,1321,15,19,5,6,5,3,1,0,0,18,0,2,0,0,0,0
2019," 新北市"," 計",56592,33382,7588,4532,3771,561,1358,223,536,91,46,303,2132,52,319,14,0,0,1684
2019," 新北市"," 男",26184,15889,3295,2067,1703,246,607,86,216,43,21,143,886,30,131,8,0,0,813
2019," 新北市"," 女",30408,17493,4293,2465,2068,315,751,137,320,48,25,160,1246,22,188,6,0,0,871
2019," 板橋區"," 計",4301,2496,444,361,282,27,164,27,36,4,4,28,165,8,40,0,0,0,215
2019," 板橋區"," 男",1857,1102,158,158,132,13,76,12,13,1,0,14,67,4,11,0,0,0,96
2019," 板橋區"," 女",2444,1394,286,203,150,14,88,15,23,3,4,14,98,4,29,0,0,0,119
2019," 三重區"," 計",2497,1291,313,271,234,46,72,16,18,9,9,4,133,6,13,0,0,0,62
2019," 三重區"," 男",1081,566,122,118,103,20,34,2,7,5,4,3,62,4,8,0,0,0,23
2019," 三重區"," 女",1416,725,191,153,131,26,38,14,11,4,5,1,71,2,5,0,0,0,39
2019," 中和區"," 計",3070,1555,499,279,204,40,109,13,47,6,2,7,163,0,35,1,0,0,110
2019," 中和區"," 男",1282,663,214,106,87,15,38,4,17,0,1,6,67,0,22,1,0,0,41
2019," 中和區"," 女",1788,892,285,173,117,25,71,9,30,6,1,1,96,0,13,0,0,0,69
2019," 永和區"," 計",1037,417,190,156,99,9,55,2,12,3,4,1,48,3,10,0,0,0,28
2019," 永和區"," 男",409,171,69,68,41,2,21,1,4,2,1,0,14,1,2,0,0,0,12
2019," 永和區"," 女",628,246,121,88,58,7,34,1,8,1,3,1,34,2,8,0,0,0,16
2019," 新莊區"," 計",5354,3112,432,581,390,55,189,24,95,11,5,39,248,4,45,2,0,0,122
2019," 新莊區"," 男",2462,1470,172,278,185,27,74,8,43,4,3,15,98,2,19,0,0,0,64
2019," 新莊區"," 女",2892,1642,260,303,205,28,115,16,52,7,2,24,150,2,26,2,0,0,58
2019," 新店區"," 計",3506,1891,509,280,209,22,81,22,47,9,0,8,194,5,16,0,0,0,213
2019," 新店區"," 男",1558,867,214,124,80,9,36,6,14,4,0,2,84,0,4,0,0,0,114
2019," 新店區"," 女",1948,1024,295,156,129,13,45,16,33,5,0,6,110,5,12,0,0,0,99
2019," 樹林區"," 計",6330,4574,277,386,475,26,133,11,64,4,5,92,162,1,28,0,0,0,92
2019," 樹林區"," 男",3089,2282,107,179,211,13,73,4,37,2,2,48,77,0,16,0,0,0,38
2019," 樹林區"," 女",3241,2292,170,207,264,13,60,7,27,2,3,44,85,1,12,0,0,0,54
2019," 鶯歌區"," 計",2867,1723,239,193,343,42,62,9,32,1,0,10,142,3,23,0,0,0,45
2019," 鶯歌區"," 男",1354,833,110,91,156,22,34,4,9,1,0,6,49,2,10,0,0,0,27
2019," 鶯歌區"," 女",1513,890,129,102,187,20,28,5,23,0,0,4,93,1,13,0,0,0,18
2019," 三峽區"," 計",3041,2108,279,232,143,16,58,8,33,7,0,15,76,4,3,6,0,0,53
2019," 三峽區"," 男",1506,1083,107,101,71,10,32,4,15,2,0,10,33,2,1,3,0,0,32
2019," 三峽區"," 女",1535,1025,172,131,72,6,26,4,18,5,0,5,43,2,2,3,0,0,21
2019," 淡水區"," 計",2041,1026,201,193,319,16,40,7,14,1,2,21,128,0,10,0,0,0,63
2019," 淡水區"," 男",924,480,71,88,158,8,15,4,4,0,1,9,56,0,2,0,0,0,28
2019," 淡水區"," 女",1117,546,130,105,161,8,25,3,10,1,1,12,72,0,8,0,0,0,35
2019," 汐止區"," 計",4484,3446,246,187,168,9,69,23,20,2,7,26,95,6,20,0,0,0,160
2019," 汐止區"," 男",2153,1692,102,81,77,4,36,12,10,1,4,12,38,4,7,0,0,0,73
2019," 汐止區"," 女",2331,1754,144,106,91,5,33,11,10,1,3,14,57,2,13,0,0,0,87
2019," 瑞芳區"," 計",1237,1048,33,25,21,3,16,0,1,0,0,3,18,0,1,0,0,0,68
2019," 瑞芳區"," 男",630,546,16,8,6,1,3,0,1,0,0,1,8,0,1,0,0,0,39
2019," 瑞芳區"," 女",607,502,17,17,15,2,13,0,0,0,0,2,10,0,0,0,0,0,29
2019," 土城區"," 計",4172,2868,349,268,221,22,57,20,28,9,1,21,110,6,19,0,0,0,173
2019," 土城區"," 男",1989,1393,144,136,95,6,24,10,10,7,0,7,49,6,4,0,0,0,98
2019," 土城區"," 女",2183,1475,205,132,126,16,33,10,18,2,1,14,61,0,15,0,0,0,75
2019," 蘆洲區"," 計",2104,1298,219,189,91,12,79,7,20,8,2,5,77,4,8,0,0,0,85
2019," 蘆洲區"," 男",957,583,100,98,46,4,41,2,9,5,1,0,29,3,1,0,0,0,35
2019," 蘆洲區"," 女",1147,715,119,91,45,8,38,5,11,3,1,5,48,1,7,0,0,0,50
2019," 五股區"," 計",1940,1049,164,249,131,102,46,4,11,5,0,7,126,0,2,0,0,0,44
2019," 五股區"," 男",905,517,70,109,61,43,23,3,5,3,0,4,47,0,1,0,0,0,19
2019," 五股區"," 女",1035,532,94,140,70,59,23,1,6,2,0,3,79,0,1,0,0,0,25
2019," 泰山區"," 計",1295,710,137,137,71,53,46,3,17,1,1,0,71,0,19,3,0,0,26
2019," 泰山區"," 男",610,340,60,72,31,24,21,0,6,1,1,0,32,0,11,3,0,0,8
2019," 泰山區"," 女",685,370,77,65,40,29,25,3,11,0,0,0,39,0,8,0,0,0,18
2019," 林口區"," 計",2219,1418,199,227,161,37,18,7,23,2,0,7,47,0,12,0,0,0,61
2019," 林口區"," 男",1014,679,70,105,72,17,6,2,8,0,0,1,19,0,5,0,0,0,30
2019," 林口區"," 女",1205,739,129,122,89,20,12,5,15,2,0,6,28,0,7,0,0,0,31
2019," 深坑區"," 計",233,135,23,27,14,1,3,4,6,0,0,0,12,0,3,0,0,0,5
2019," 深坑區"," 男",105,58,12,13,7,1,1,1,2,0,0,0,6,0,2,0,0,0,2
2019," 深坑區"," 女",128,77,11,14,7,0,2,3,4,0,0,0,6,0,1,0,0,0,3
2019," 石碇區"," 計",38,16,11,6,1,0,1,0,0,0,1,0,2,0,0,0,0,0,0
2019," 石碇區"," 男",14,4,4,4,0,0,0,0,0,0,1,0,1,0,0,0,0,0,0
2019," 石碇區"," 女",24,12,7,2,1,0,1,0,0,0,0,0,1,0,0,0,0,0,0
2019," 坪林區"," 計",20,8,2,4,4,0,1,0,0,0,0,0,0,0,0,0,0,0,1
2019," 坪林區"," 男",9,4,1,2,1,0,0,0,0,0,0,0,0,0,0,0,0,0,1
2019," 坪林區"," 女",11,4,1,2,3,0,1,0,0,0,0,0,0,0,0,0,0,0,0
2019," 三芝區"," 計",356,172,38,85,29,4,15,0,1,0,0,1,9,0,2,0,0,0,0
2019," 三芝區"," 男",165,81,15,40,14,2,7,0,0,0,0,0,6,0,0,0,0,0,0
2019," 三芝區"," 女",191,91,23,45,15,2,8,0,1,0,0,1,3,0,2,0,0,0,0
2019," 石門區"," 計",52,14,12,3,7,2,6,0,3,0,0,0,4,0,0,0,0,0,1
2019," 石門區"," 男",15,7,2,0,3,0,2,0,0,0,0,0,0,0,0,0,0,0,1
2019," 石門區"," 女",37,7,10,3,4,2,4,0,3,0,0,0,4,0,0,0,0,0,0
2019," 八里區"," 計",906,496,71,109,93,6,17,3,3,7,3,5,44,2,8,0,0,0,39
2019," 八里區"," 男",429,236,34,55,38,1,5,2,1,5,2,4,19,2,4,0,0,0,21
2019," 八里區"," 女",477,260,37,54,55,5,12,1,2,2,1,1,25,0,4,0,0,0,18
2019," 平溪區"," 計",22,15,4,2,0,0,1,0,0,0,0,0,0,0,0,0,0,0,0
2019," 平溪區"," 男",4,3,1,0,0,0,0,0,0,0,0,0,0,0,0,0,0,0,0
2019," 平溪區"," 女",18,12,3,2,0,0,1,0,0,0,0,0,0,0,0,0,0,0,0
2019," 雙溪區"," 計",26,17,1,4,0,0,0,0,0,0,0,0,3,0,0,0,0,0,1
2019," 雙溪區"," 男",8,7,0,0,0,0,0,0,0,0,0,0,1,0,0,0,0,0,0
2019," 雙溪區"," 女",18,10,1,4,0,0,0,0,0,0,0,0,2,0,0,0,0,0,1
2019," 貢寮區"," 計",87,41,12,8,14,0,2,2,0,0,0,1,1,0,0,0,0,0,6
2019," 貢寮區"," 男",34,16,4,3,8,0,0,1,0,0,0,0,0,0,0,0,0,0,2
2019," 貢寮區"," 女",53,25,8,5,6,0,2,1,0,0,0,1,1,0,0,0,0,0,4
2019," 金山區"," 計",133,64,18,29,3,0,7,0,0,0,0,1,7,0,0,2,0,0,2
2019," 金山區"," 男",51,21,6,14,0,0,2,0,0,0,0,0,5,0,0,1,0,0,2
2019," 金山區"," 女",82,43,12,15,3,0,5,0,0,0,0,1,2,0,0,1,0,0,0
2019," 萬里區"," 計",298,235,16,15,8,4,2,0,1,1,0,0,15,0,0,0,0,0,1
2019," 萬里區"," 男",143,123,5,6,3,2,0,0,0,0,0,0,4,0,0,0,0,0,0
2019," 萬里區"," 女",155,112,11,9,5,2,2,0,1,1,0,0,11,0,0,0,0,0,1
2019," 烏來區"," 計",2926,139,2650,26,36,7,9,11,4,1,0,1,32,0,2,0,0,0,8
2019," 烏來區"," 男",1427,62,1305,10,17,2,3,4,1,0,0,1,15,0,0,0,0,0,7
2019," 烏來區"," 女",1499,77,1345,16,19,5,6,7,3,1,0,0,17,0,2,0,0,0,1
2020," 新北市"," 計",57407,33855,7695,4654,3843,569,1379,230,552,82,43,298,2167,55,340,14,0,0,1631
2020," 新北市"," 男",26559,16111,3354,2115,1745,244,620,86,224,32,19,144,892,34,145,8,0,0,786
2020," 新北市"," 女",30848,17744,4341,2539,2098,325,759,144,328,50,24,154,1275,21,195,6,0,0,845
2020," 板橋區"," 計",4436,2538,497,357,297,27,163,25,39,7,4,25,189,8,52,0,0,0,208
2020," 板橋區"," 男",1918,1117,182,156,145,13,76,12,15,4,0,14,71,4,16,0,0,0,93
2020," 板橋區"," 女",2518,1421,315,201,152,14,87,13,24,3,4,11,118,4,36,0,0,0,115
2020," 三重區"," 計",2518,1292,307,300,235,45,72,16,21,4,9,4,132,9,15,0,0,0,57
2020," 三重區"," 男",1118,581,124,133,105,20,34,2,10,2,5,3,61,7,10,0,0,0,21
2020," 三重區"," 女",1400,711,183,167,130,25,38,14,11,2,4,1,71,2,5,0,0,0,36
2020," 中和區"," 計",3138,1598,509,291,200,41,109,17,49,6,2,7,165,1,34,1,0,0,108
2020," 中和區"," 男",1320,687,221,108,84,15,38,4,18,0,1,7,71,1,21,1,0,0,43
2020," 中和區"," 女",1818,911,288,183,116,26,71,13,31,6,1,0,94,0,13,0,0,0,65
2020," 永和區"," 計",1055,438,183,163,97,9,57,1,10,3,3,1,44,3,15,0,0,0,28
2020," 永和區"," 男",417,176,68,73,40,2,22,0,3,2,1,0,14,1,5,0,0,0,10
2020," 永和區"," 女",638,262,115,90,57,7,35,1,7,1,2,1,30,2,10,0,0,0,18
2020," 新莊區"," 計",5351,3158,430,545,389,58,185,24,91,7,4,35,256,4,43,2,0,0,120
2020," 新莊區"," 男",2464,1494,177,258,186,26,72,8,41,2,3,12,101,2,18,0,0,0,64
2020," 新莊區"," 女",2887,1664,253,287,203,32,113,16,50,5,1,23,155,2,25,2,0,0,56
2020," 新店區"," 計",3577,1922,527,295,215,24,88,23,47,9,0,8,188,7,17,0,0,0,207
2020," 新店區"," 男",1573,868,220,128,86,9,39,6,14,4,0,2,78,1,4,0,0,0,114
2020," 新店區"," 女",2004,1054,307,167,129,15,49,17,33,5,0,6,110,6,13,0,0,0,93
2020," 樹林區"," 計",6254,4505,285,411,467,27,125,8,64,4,5,91,139,2,29,0,0,0,92
2020," 樹林區"," 男",3048,2246,108,190,207,14,66,3,36,2,2,49,68,1,16,0,0,0,40
2020," 樹林區"," 女",3206,2259,177,221,260,13,59,5,28,2,3,42,71,1,13,0,0,0,52
2020," 鶯歌區"," 計",2968,1782,239,206,356,41,65,10,33,1,0,12,155,2,20,0,0,0,46
2020," 鶯歌區"," 男",1403,849,111,105,162,21,37,4,9,1,0,7,59,1,10,0,0,0,27
2020," 鶯歌區"," 女",1565,933,128,101,194,20,28,6,24,0,0,5,96,1,10,0,0,0,19
2020," 三峽區"," 計",3095,2138,284,243,140,15,60,12,33,8,0,15,77,4,4,6,0,0,56
2020," 三峽區"," 男",1510,1088,109,101,66,8,32,6,15,2,0,10,33,2,2,3,0,0,33
2020," 三峽區"," 女",1585,1050,175,142,74,7,28,6,18,6,0,5,44,2,2,3,0,0,23
2020," 淡水區"," 計",2177,1080,221,206,335,17,46,8,16,5,4,21,142,0,14,0,0,0,62
2020," 淡水區"," 男",986,494,90,95,164,8,18,4,6,1,1,9,66,0,5,0,0,0,25
2020," 淡水區"," 女",1191,586,131,111,171,9,28,4,10,4,3,12,76,0,9,0,0,0,37
2020," 汐止區"," 計",4498,3462,235,194,175,11,79,22,21,5,3,25,92,3,22,0,0,0,149
2020," 汐止區"," 男",2163,1715,94,82,82,4,39,11,10,2,1,11,34,3,7,0,0,0,68
2020," 汐止區"," 女",2335,1747,141,112,93,7,40,11,11,3,2,14,58,0,15,0,0,0,81
2020," 瑞芳區"," 計",1247,1072,33,24,16,1,15,0,1,1,0,2,17,0,1,0,0,0,64
2020," 瑞芳區"," 男",643,566,15,8,5,1,2,0,1,1,0,1,7,0,1,0,0,0,35
2020," 瑞芳區"," 女",604,506,18,16,11,0,13,0,0,0,0,1,10,0,0,0,0,0,29
2020," 土城區"," 計",4191,2873,343,287,224,28,59,21,28,4,2,23,104,6,17,0,0,0,172
2020," 土城區"," 男",1997,1397,146,145,95,7,25,10,10,3,0,8,44,6,5,0,0,0,96
2020," 土城區"," 女",2194,1476,197,142,129,21,34,11,18,1,2,15,60,0,12,0,0,0,76
2020," 蘆洲區"," 計",2130,1316,206,195,101,11,78,7,21,5,2,6,91,4,10,0,0,0,77
2020," 蘆洲區"," 男",974,598,98,99,49,4,43,2,9,3,1,1,33,3,1,0,0,0,30
2020," 蘆洲區"," 女",1156,718,108,96,52,7,35,5,12,2,1,5,58,1,9,0,0,0,47
2020," 五股區"," 計",1948,1066,162,244,142,92,45,4,15,3,0,7,123,0,3,0,0,0,42
2020," 五股區"," 男",907,520,70,110,67,40,24,3,6,0,0,4,44,0,1,0,0,0,18
2020," 五股區"," 女",1041,546,92,134,75,52,21,1,9,3,0,3,79,0,2,0,0,0,24
2020," 泰山區"," 計",1300,709,136,148,72,51,46,4,18,1,1,0,69,0,17,3,0,0,25
2020," 泰山區"," 男",615,344,60,75,34,22,22,1,8,0,1,0,27,0,11,3,0,0,7
2020," 泰山區"," 女",685,365,76,73,38,29,24,3,10,1,0,0,42,0,6,0,0,0,18
2020," 林口區"," 計",2375,1525,225,220,175,42,21,8,25,2,0,7,54,0,12,0,0,0,59
2020," 林口區"," 男",1077,735,73,96,77,19,9,2,8,0,0,1,23,0,5,0,0,0,29
2020," 林口區"," 女",1298,790,152,124,98,23,12,6,17,2,0,6,31,0,7,0,0,0,30
2020," 深坑區"," 計",229,133,24,23,14,3,2,4,6,0,0,0,13,0,3,0,0,0,4
2020," 深坑區"," 男",104,58,12,12,7,2,0,1,2,0,0,0,6,0,2,0,0,0,2
2020," 深坑區"," 女",125,75,12,11,7,1,2,3,4,0,0,0,7,0,1,0,0,0,2
2020," 石碇區"," 計",38,14,11,7,1,0,1,0,0,0,1,0,3,0,0,0,0,0,0
2020," 石碇區"," 男",15,3,4,5,0,0,0,0,0,0,1,0,2,0,0,0,0,0,0
2020," 石碇區"," 女",23,11,7,2,1,0,1,0,0,0,0,0,1,0,0,0,0,0,0
2020," 坪林區"," 計",17,6,1,3,4,1,1,0,0,0,0,0,0,0,0,0,0,0,1
2020," 坪林區"," 男",8,2,1,2,1,1,0,0,0,0,0,0,0,0,0,0,0,0,1
2020," 坪林區"," 女",9,4,0,1,3,0,1,0,0,0,0,0,0,0,0,0,0,0,0
2020," 三芝區"," 計",363,176,42,92,25,4,14,0,1,0,0,1,6,0,2,0,0,0,0
2020," 三芝區"," 男",167,84,16,42,13,2,6,0,0,0,0,0,4,0,0,0,0,0,0
2020," 三芝區"," 女",196,92,26,50,12,2,8,0,1,0,0,1,2,0,2,0,0,0,0
2020," 石門區"," 計",52,13,12,2,9,2,7,0,3,0,0,0,3,0,0,0,0,0,1
2020," 石門區"," 男",17,7,2,0,5,0,2,0,0,0,0,0,0,0,0,0,0,0,1
2020," 石門區"," 女",35,6,10,2,4,2,5,0,3,0,0,0,3,0,0,0,0,0,0
2020," 八里區"," 計",950,528,75,115,89,8,22,3,5,5,3,5,43,2,9,0,0,0,38
2020," 八里區"," 男",454,253,36,60,35,2,9,2,1,3,2,4,19,2,5,0,0,0,21
2020," 八里區"," 女",496,275,39,55,54,6,13,1,4,2,1,1,24,0,4,0,0,0,17
2020," 平溪區"," 計",22,14,5,2,0,0,1,0,0,0,0,0,0,0,0,0,0,0,0
2020," 平溪區"," 男",4,3,1,0,0,0,0,0,0,0,0,0,0,0,0,0,0,0,0
2020," 平溪區"," 女",18,11,4,2,0,0,1,0,0,0,0,0,0,0,0,0,0,0,0
2020," 雙溪區"," 計",27,20,0,3,0,0,0,0,0,0,0,0,3,0,0,0,0,0,1
2020," 雙溪區"," 男",8,7,0,0,0,0,0,0,0,0,0,0,1,0,0,0,0,0,0
2020," 雙溪區"," 女",19,13,0,3,0,0,0,0,0,0,0,0,2,0,0,0,0,0,1
2020," 貢寮區"," 計",90,42,15,9,14,0,2,2,0,0,0,1,1,0,0,0,0,0,4
2020," 貢寮區"," 男",34,17,5,2,8,0,0,1,0,0,0,0,0,0,0,0,0,0,1
2020," 貢寮區"," 女",56,25,10,7,6,0,2,1,0,0,0,1,1,0,0,0,0,0,3
2020," 金山區"," 計",127,60,17,27,5,0,7,0,0,0,0,1,7,0,0,2,0,0,1
2020," 金山區"," 男",46,19,4,13,1,0,2,0,0,0,0,0,5,0,0,1,0,0,1
2020," 金山區"," 女",81,41,13,14,4,0,5,0,0,0,0,1,2,0,0,1,0,0,0
2020," 萬里區"," 計",299,234,18,15,7,4,1,0,1,1,0,0,17,0,0,0,0,0,1
2020," 萬里區"," 男",139,119,5,6,3,2,0,0,0,0,0,0,4,0,0,0,0,0,0
2020," 萬里區"," 女",160,115,13,9,4,2,1,0,1,1,0,0,13,0,0,0,0,0,1
2020," 烏來區"," 計",2935,141,2653,27,39,7,8,11,4,1,0,1,34,0,1,0,0,0,8
2020," 烏來區"," 男",1430,64,1302,11,18,2,3,4,2,0,0,1,17,0,0,0,0,0,6
2020," 烏來區"," 女",1505,77,1351,16,21,5,5,7,2,1,0,0,17,0,1,0,0,0,2
2021," 新北市"," 計",57717,34013,7792,4684,3823,566,1403,236,567,88,52,300,2233,58,345,15,0,0,1542
2021," 新北市"," 男",26680,16175,3398,2116,1740,247,628,90,227,37,24,141,941,38,144,8,0,0,726
2021," 新北市"," 女",31037,17838,4394,2568,2083,319,775,146,340,51,28,159,1292,20,201,7,0,0,816
2021," 板橋區"," 計",4443,2530,517,358,295,27,161,25,42,10,4,30,179,8,52,0,0,0,205
2021," 板橋區"," 男",1904,1099,192,158,140,12,74,12,18,5,0,16,66,4,18,0,0,0,90
2021," 板橋區"," 女",2539,1431,325,200,155,15,87,13,24,5,4,14,113,4,34,0,0,0,115
2021," 三重區"," 計",2545,1313,313,296,239,45,71,13,28,7,9,4,135,10,10,0,0,0,52
2021," 三重區"," 男",1112,582,129,121,109,21,34,2,10,3,5,2,62,7,6,0,0,0,19
2021," 三重區"," 女",1433,731,184,175,130,24,37,11,18,4,4,2,73,3,4,0,0,0,33
2021," 中和區"," 計",3171,1597,516,292,209,41,116,16,47,10,2,7,181,1,35,0,0,0,101
2021," 中和區"," 男",1345,687,225,109,92,16,41,5,17,5,1,7,81,1,21,0,0,0,37
2021," 中和區"," 女",1826,910,291,183,117,25,75,11,30,5,1,0,100,0,14,0,0,0,64
2021," 永和區"," 計",1083,447,191,160,98,13,58,2,11,2,5,1,48,2,15,0,0,0,30
2021," 永和區"," 男",429,181,70,74,41,3,23,0,3,1,2,0,15,2,5,0,0,0,9
2021," 永和區"," 女",654,266,121,86,57,10,35,2,8,1,3,1,33,0,10,0,0,0,21
2021," 新莊區"," 計",5385,3178,463,536,388,54,187,22,95,6,5,33,258,4,42,2,0,0,112
2021," 新莊區"," 男",2492,1522,184,254,183,25,76,6,44,2,4,11,107,2,15,0,0,0,57
2021," 新莊區"," 女",2893,1656,279,282,205,29,111,16,51,4,1,22,151,2,27,2,0,0,55
2021," 新店區"," 計",3594,1931,533,300,211,22,87,23,49,9,0,9,191,6,21,0,0,0,202
2021," 新店區"," 男",1582,873,218,134,84,9,37,6,16,4,0,2,84,1,6,0,0,0,108
2021," 新店區"," 女",2012,1058,315,166,127,13,50,17,33,5,0,7,107,5,15,0,0,0,94
2021," 樹林區"," 計",6189,4493,276,390,443,27,123,8,65,3,5,87,149,2,29,0,0,0,89
2021," 樹林區"," 男",3023,2252,105,179,194,15,64,3,34,1,2,47,71,0,17,0,0,0,39
2021," 樹林區"," 女",3166,2241,171,211,249,12,59,5,31,2,3,40,78,2,12,0,0,0,50
2021," 鶯歌區"," 計",3004,1784,230,227,372,39,68,9,33,1,0,13,161,4,21,0,0,0,42
2021," 鶯歌區"," 男",1416,851,109,114,167,21,39,3,9,1,0,7,60,3,9,0,0,0,23
2021," 鶯歌區"," 女",1588,933,121,113,205,18,29,6,24,0,0,6,101,1,12,0,0,0,19
2021," 三峽區"," 計",3095,2146,290,235,136,15,60,14,32,5,0,15,77,3,5,9,0,0,53
2021," 三峽區"," 男",1510,1094,111,96,66,8,30,6,13,1,0,10,35,1,2,4,0,0,33
2021," 三峽區"," 女",1585,1052,179,139,70,7,30,8,19,4,0,5,42,2,3,5,0,0,20
2021," 淡水區"," 計",2258,1152,238,217,327,17,45,10,16,6,8,20,130,0,16,0,0,0,56
2021," 淡水區"," 男",1017,526,95,95,161,8,18,6,6,1,4,8,63,0,5,0,0,0,21
2021," 淡水區"," 女",1241,626,143,122,166,9,27,4,10,5,4,12,67,0,11,0,0,0,35
2021," 汐止區"," 計",4492,3468,250,194,168,12,78,23,21,4,3,24,86,3,21,0,0,0,137
2021," 汐止區"," 男",2164,1713,106,85,77,4,38,12,10,1,1,11,33,3,8,0,0,0,62
2021," 汐止區"," 女",2328,1755,144,109,91,8,40,11,11,3,2,13,53,0,13,0,0,0,75
2021," 瑞芳區"," 計",1219,1052,29,26,15,1,14,0,1,1,0,2,20,0,0,0,0,0,58
2021," 瑞芳區"," 男",627,554,13,9,5,1,2,0,1,1,0,1,7,0,0,0,0,0,33
2021," 瑞芳區"," 女",592,498,16,17,10,0,12,0,0,0,0,1,13,0,0,0,0,0,25
2021," 土城區"," 計",4184,2886,333,281,231,30,57,20,24,5,3,24,109,6,13,0,0,0,162
2021," 土城區"," 男",1996,1397,142,145,101,9,23,10,9,4,0,8,47,6,4,0,0,0,91
2021," 土城區"," 女",2188,1489,191,136,130,21,34,10,15,1,3,16,62,0,9,0,0,0,71
2021," 蘆洲區"," 計",2149,1316,205,206,105,11,84,7,22,6,2,6,89,4,15,1,0,0,70
2021," 蘆洲區"," 男",980,591,98,106,51,4,46,2,9,4,1,1,31,3,4,1,0,0,28
2021," 蘆洲區"," 女",1169,725,107,100,54,7,38,5,13,2,1,5,58,1,11,0,0,0,42
2021," 五股區"," 計",1989,1061,166,258,142,96,53,5,16,3,0,8,141,0,3,0,0,0,37
2021," 五股區"," 男",918,515,72,118,65,40,26,3,6,0,0,4,54,0,0,0,0,0,15
2021," 五股區"," 女",1071,546,94,140,77,56,27,2,10,3,0,4,87,0,3,0,0,0,22
2021," 泰山區"," 計",1287,708,116,149,66,51,40,4,21,2,1,0,84,0,17,3,0,0,25
2021," 泰山區"," 男",606,344,48,70,34,22,18,0,10,0,1,0,38,0,11,3,0,0,7
2021," 泰山區"," 女",681,364,68,79,32,29,22,4,11,2,0,0,46,0,6,0,0,0,18
2021," 林口區"," 計",2479,1573,265,231,172,40,24,9,24,1,1,7,62,0,15,0,0,0,55
2021," 林口區"," 男",1135,766,92,99,77,19,11,3,8,0,0,1,29,0,6,0,0,0,24
2021," 林口區"," 女",1344,807,173,132,95,21,13,6,16,1,1,6,33,0,9,0,0,0,31
2021," 深坑區"," 計",228,126,23,25,13,2,3,5,7,0,0,0,13,4,3,0,0,0,4
2021," 深坑區"," 男",100,51,12,11,6,2,0,2,3,0,0,0,5,4,2,0,0,0,2
2021," 深坑區"," 女",128,75,11,14,7,0,3,3,4,0,0,0,8,0,1,0,0,0,2
2021," 石碇區"," 計",41,17,11,6,1,0,1,0,1,0,1,0,3,0,0,0,0,0,0
2021," 石碇區"," 男",13,3,3,4,0,0,0,0,0,0,1,0,2,0,0,0,0,0,0
2021," 石碇區"," 女",28,14,8,2,1,0,1,0,1,0,0,0,1,0,0,0,0,0,0
2021," 坪林區"," 計",15,4,1,3,4,1,1,0,0,0,0,0,0,0,0,0,0,0,1
2021," 坪林區"," 男",8,2,1,2,1,1,0,0,0,0,0,0,0,0,0,0,0,0,1
2021," 坪林區"," 女",7,2,0,1,3,0,1,0,0,0,0,0,0,0,0,0,0,0,0
2021," 三芝區"," 計",351,168,42,85,26,0,17,0,1,0,0,1,9,0,2,0,0,0,0
2021," 三芝區"," 男",162,81,16,39,13,0,8,0,0,0,0,0,5,0,0,0,0,0,0
2021," 三芝區"," 女",189,87,26,46,13,0,9,0,1,0,0,1,4,0,2,0,0,0,0
2021," 石門區"," 計",52,11,13,1,8,3,8,0,3,0,0,1,3,0,0,0,0,0,1
2021," 石門區"," 男",16,5,2,0,4,1,3,0,0,0,0,0,0,0,0,0,0,0,1
2021," 石門區"," 女",36,6,11,1,4,2,5,0,3,0,0,1,3,0,0,0,0,0,0
2021," 八里區"," 計",950,530,67,121,83,8,28,4,5,5,3,5,45,1,9,0,0,0,36
2021," 八里區"," 男",452,253,33,62,34,2,12,2,1,3,2,4,20,1,5,0,0,0,18
2021," 八里區"," 女",498,277,34,59,49,6,16,2,4,2,1,1,25,0,4,0,0,0,18
2021," 平溪區"," 計",17,9,4,3,0,0,1,0,0,0,0,0,0,0,0,0,0,0,0
2021," 平溪區"," 男",4,3,1,0,0,0,0,0,0,0,0,0,0,0,0,0,0,0,0
2021," 平溪區"," 女",13,6,3,3,0,0,1,0,0,0,0,0,0,0,0,0,0,0,0
2021," 雙溪區"," 計",29,20,0,3,2,0,0,0,0,0,0,0,3,0,0,0,0,0,1
2021," 雙溪區"," 男",7,5,0,0,1,0,0,0,0,0,0,0,1,0,0,0,0,0,0
2021," 雙溪區"," 女",22,15,0,3,1,0,0,0,0,0,0,0,2,0,0,0,0,0,1
2021," 貢寮區"," 計",100,47,15,9,16,0,2,5,0,0,0,1,1,0,0,0,0,0,4
2021," 貢寮區"," 男",39,19,5,2,10,0,0,2,0,0,0,0,0,0,0,0,0,0,1
2021," 貢寮區"," 女",61,28,10,7,6,0,2,3,0,0,0,1,1,0,0,0,0,0,3
2021," 金山區"," 計",123,59,15,27,6,0,8,0,0,0,0,1,6,0,0,0,0,0,1
2021," 金山區"," 男",44,18,4,13,2,0,2,0,0,0,0,0,4,0,0,0,0,0,1
2021," 金山區"," 女",79,41,11,14,4,0,6,0,0,0,0,1,2,0,0,0,0,0,0
2021," 萬里區"," 計",311,247,17,15,7,4,0,0,1,1,0,0,18,0,0,0,0,0,1
2021," 萬里區"," 男",146,126,5,5,3,2,0,0,0,0,0,0,5,0,0,0,0,0,0
2021," 萬里區"," 女",165,121,12,10,4,2,0,0,1,1,0,0,13,0,0,0,0,0,1
2021," 烏來區"," 計",2934,140,2653,30,40,7,8,12,2,1,0,1,32,0,1,0,0,0,7
2021," 烏來區"," 男",1433,62,1307,12,19,2,3,5,0,0,0,1,16,0,0,0,0,0,6
2021," 烏來區"," 女",1501,78,1346,18,21,5,5,7,2,1,0,0,16,0,1,0,0,0,1
2022," 新北市"," 計",57906,33999,7934,4745,3800,557,1445,243,566,90,50,297,2268,63,357,17,0,0,1475
2022," 新北市"," 男",26737,16156,3462,2143,1723,246,644,92,229,36,23,135,959,42,147,9,0,0,691
2022," 新北市"," 女",31169,17843,4472,2602,2077,311,801,151,337,54,27,162,1309,21,210,8,0,0,784
2022," 板橋區"," 計",4423,2497,533,360,298,27,168,24,44,7,3,26,173,7,58,0,0,0,198
2022," 板橋區"," 男",1898,1105,194,154,135,12,76,11,19,4,0,13,66,4,19,0,0,0,86
2022," 板橋區"," 女",2525,1392,339,206,163,15,92,13,25,3,3,13,107,3,39,0,0,0,112
2022," 三重區"," 計",2595,1340,326,300,251,41,71,12,33,7,7,5,138,11,9,0,0,0,44
2022," 三重區"," 男",1145,594,138,129,114,20,35,1,12,3,4,2,61,8,6,0,0,0,18
2022," 三重區"," 女",1450,746,188,171,137,21,36,11,21,4,3,3,77,3,3,0,0,0,26
2022," 中和區"," 計",3183,1597,522,313,193,42,113,16,53,7,3,5,183,1,32,0,0,0,103
2022," 中和區"," 男",1338,689,220,120,81,15,41,5,21,2,2,5,80,1,18,0,0,0,38
2022," 中和區"," 女",1845,908,302,193,112,27,72,11,32,5,1,0,103,0,14,0,0,0,65
2022," 永和區"," 計",1137,467,213,172,108,12,56,1,11,0,4,1,45,2,16,0,0,0,29
2022," 永和區"," 男",455,188,83,79,47,3,22,1,3,0,1,0,11,2,6,0,0,0,9
2022," 永和區"," 女",682,279,130,93,61,9,34,0,8,0,3,1,34,0,10,0,0,0,20
2022," 新莊區"," 計",5326,3142,457,548,384,54,189,25,88,14,5,33,241,4,38,0,0,0,104
2022," 新莊區"," 男",2445,1496,182,251,182,26,74,5,40,6,4,11,102,2,12,0,0,0,52
2022," 新莊區"," 女",2881,1646,275,297,202,28,115,20,48,8,1,22,139,2,26,0,0,0,52
2022," 新店區"," 計",3626,1938,566,300,209,25,86,22,47,9,0,7,196,6,21,0,0,0,194
2022," 新店區"," 男",1597,862,235,137,85,10,38,6,15,4,0,2,91,1,6,0,0,0,105
2022," 新店區"," 女",2029,1076,331,163,124,15,48,16,32,5,0,5,105,5,15,0,0,0,89
2022," 樹林區"," 計",6200,4507,285,399,414,26,124,11,70,4,5,89,149,0,25,2,0,0,90
2022," 樹林區"," 男",3036,2258,114,184,184,15,66,3,38,2,2,46,68,0,15,0,0,0,41
2022," 樹林區"," 女",3164,2249,171,215,230,11,58,8,32,2,3,43,81,0,10,2,0,0,49
2022," 鶯歌區"," 計",3017,1789,240,219,370,37,73,8,31,1,0,13,165,4,27,0,0,0,40
2022," 鶯歌區"," 男",1414,860,112,108,161,21,39,2,9,1,0,7,58,3,12,0,0,0,21
2022," 鶯歌區"," 女",1603,929,128,111,209,16,34,6,22,0,0,6,107,1,15,0,0,0,19
2022," 三峽區"," 計",3070,2118,280,244,132,12,62,13,27,5,0,14,94,3,6,9,0,0,51
2022," 三峽區"," 男",1511,1080,111,101,67,7,30,5,12,1,0,9,48,1,3,4,0,0,32
2022," 三峽區"," 女",1559,1038,169,143,65,5,32,8,15,4,0,5,46,2,3,5,0,0,19
2022," 淡水區"," 計",2282,1160,242,211,336,22,51,16,16,6,8,17,127,2,19,0,0,0,49
2022," 淡水區"," 男",1024,530,94,92,164,13,21,9,5,1,4,7,57,2,7,0,0,0,18
2022," 淡水區"," 女",1258,630,148,119,172,9,30,7,11,5,4,10,70,0,12,0,0,0,31
2022," 汐止區"," 計",4464,3449,242,182,164,14,84,22,19,3,2,23,104,3,20,0,0,0,133
2022," 汐止區"," 男",2153,1699,103,79,77,5,41,12,9,0,1,10,44,3,8,0,0,0,62
2022," 汐止區"," 女",2311,1750,139,103,87,9,43,10,10,3,1,13,60,0,12,0,0,0,71
2022," 瑞芳區"," 計",1221,1052,29,28,16,1,15,0,1,0,0,3,21,0,0,0,0,0,55
2022," 瑞芳區"," 男",625,554,13,9,6,1,2,0,1,0,0,1,8,0,0,0,0,0,30
2022," 瑞芳區"," 女",596,498,16,19,10,0,13,0,0,0,0,2,13,0,0,0,0,0,25
2022," 土城區"," 計",4167,2860,338,278,234,30,60,18,21,4,4,22,117,10,18,0,0,0,153
2022," 土城區"," 男",1993,1386,147,148,103,9,26,11,6,3,0,8,51,6,6,0,0,0,83
2022," 土城區"," 女",2174,1474,191,130,131,21,34,7,15,1,4,14,66,4,12,0,0,0,70
2022," 蘆洲區"," 計",2137,1300,220,202,108,10,83,7,20,3,3,7,86,4,14,2,0,0,68
2022," 蘆洲區"," 男",973,586,105,99,51,4,43,2,9,2,1,2,33,3,4,2,0,0,27
2022," 蘆洲區"," 女",1164,714,115,103,57,6,40,5,11,1,2,5,53,1,10,0,0,0,41
2022," 五股區"," 計",2029,1062,179,274,135,86,67,7,17,4,0,8,154,0,3,0,0,0,33
2022," 五股區"," 男",931,511,74,129,62,35,35,4,6,0,0,4,59,0,0,0,0,0,12
2022," 五股區"," 女",1098,551,105,145,73,51,32,3,11,4,0,4,95,0,3,0,0,0,21
2022," 泰山區"," 計",1269,708,117,146,62,50,32,4,20,7,1,0,75,0,17,4,0,0,26
2022," 泰山區"," 男",591,334,50,72,32,21,14,0,9,3,1,0,33,0,11,3,0,0,8
2022," 泰山區"," 女",678,374,67,74,30,29,18,4,11,4,0,0,42,0,6,1,0,0,18
2022," 林口區"," 計",2558,1606,279,244,172,41,32,10,28,1,1,9,64,1,18,0,0,0,52
2022," 林口區"," 男",1162,779,98,104,74,18,14,4,11,0,0,2,28,1,7,0,0,0,22
2022," 林口區"," 女",1396,827,181,140,98,23,18,6,17,1,1,7,36,0,11,0,0,0,30
2022," 深坑區"," 計",235,132,23,25,17,2,5,4,7,0,0,0,10,4,3,0,0,0,3
2022," 深坑區"," 男",105,54,12,10,10,2,2,2,3,0,0,0,3,4,2,0,0,0,1
2022," 深坑區"," 女",130,78,11,15,7,0,3,2,4,0,0,0,7,0,1,0,0,0,2
2022," 石碇區"," 計",40,16,9,5,2,0,0,2,1,0,1,0,4,0,0,0,0,0,0
2022," 石碇區"," 男",14,3,3,3,1,0,0,0,0,0,1,0,3,0,0,0,0,0,0
2022," 石碇區"," 女",26,13,6,2,1,0,0,2,1,0,0,0,1,0,0,0,0,0,0
2022," 坪林區"," 計",16,4,1,3,5,1,1,0,0,0,0,0,0,0,0,0,0,0,1
2022," 坪林區"," 男",7,1,1,2,1,1,0,0,0,0,0,0,0,0,0,0,0,0,1
2022," 坪林區"," 女",9,3,0,1,4,0,1,0,0,0,0,0,0,0,0,0,0,0,0
2022," 三芝區"," 計",358,179,41,80,27,0,16,0,1,0,0,3,9,0,2,0,0,0,0
2022," 三芝區"," 男",163,84,17,37,13,0,7,0,0,0,0,0,5,0,0,0,0,0,0
2022," 三芝區"," 女",195,95,24,43,14,0,9,0,1,0,0,3,4,0,2,0,0,0,0
2022," 石門區"," 計",49,9,12,1,8,4,7,0,3,0,0,1,3,0,0,0,0,0,1
2022," 石門區"," 男",14,3,2,0,4,2,2,0,0,0,0,0,0,0,0,0,0,0,1
2022," 石門區"," 女",35,6,10,1,4,2,5,0,3,0,0,1,3,0,0,0,0,0,0
2022," 八里區"," 計",991,546,74,128,87,9,30,4,5,5,3,8,46,1,10,0,0,0,35
2022," 八里區"," 男",474,267,35,65,35,2,11,2,1,3,2,5,23,1,5,0,0,0,17
2022," 八里區"," 女",517,279,39,63,52,7,19,2,4,2,1,3,23,0,5,0,0,0,18
2022," 平溪區"," 計",19,10,4,3,1,0,1,0,0,0,0,0,0,0,0,0,0,0,0
2022," 平溪區"," 男",4,3,1,0,0,0,0,0,0,0,0,0,0,0,0,0,0,0,0
2022," 平溪區"," 女",15,7,3,3,1,0,1,0,0,0,0,0,0,0,0,0,0,0,0
2022," 雙溪區"," 計",31,21,0,1,2,0,0,0,0,0,0,0,6,0,0,0,0,0,1
2022," 雙溪區"," 男",9,6,0,0,1,0,0,0,0,0,0,0,2,0,0,0,0,0,0
2022," 雙溪區"," 女",22,15,0,1,1,0,0,0,0,0,0,0,4,0,0,0,0,0,1
2022," 貢寮區"," 計",105,51,16,10,15,0,2,5,0,0,0,1,1,0,0,0,0,0,4
2022," 貢寮區"," 男",42,21,5,3,10,0,0,2,0,0,0,0,0,0,0,0,0,0,1
2022," 貢寮區"," 女",63,30,11,7,5,0,2,3,0,0,0,1,1,0,0,0,0,0,3
2022," 金山區"," 計",116,56,15,26,6,0,8,0,0,0,0,1,4,0,0,0,0,0,0
2022," 金山區"," 男",42,18,4,13,2,0,2,0,0,0,0,0,3,0,0,0,0,0,0
2022," 金山區"," 女",74,38,11,13,4,0,6,0,0,0,0,1,1,0,0,0,0,0,0
2022," 萬里區"," 計",308,240,19,13,6,4,1,0,1,1,0,0,22,0,0,0,0,0,1
2022," 萬里區"," 男",148,124,7,4,3,2,0,0,0,0,0,0,8,0,0,0,0,0,0
2022," 萬里區"," 女",160,116,12,9,3,2,1,0,1,1,0,0,14,0,0,0,0,0,1
2022," 烏來區"," 計",2934,143,2652,30,38,7,8,12,2,2,0,1,31,0,1,0,0,0,7
2022," 烏來區"," 男",1424,61,1302,11,18,2,3,5,0,1,0,1,14,0,0,0,0,0,6
2022," 烏來區"," 女",1510,82,1350,19,20,5,5,7,2,1,0,0,17,0,1,0,0,0,1
2023," 新北市"," 計",58372,34214,8030,4886,3824,562,1426,242,569,90,48,302,2299,63,368,17,0,0,1432
2023," 新北市"," 男",26928,16241,3513,2193,1731,246,643,101,233,38,21,136,960,41,158,9,0,0,664
2023," 新北市"," 女",31444,17973,4517,2693,2093,316,783,141,336,52,27,166,1339,22,210,8,0,0,768
2023," 板橋區"," 計",4507,2540,533,378,304,32,164,28,48,7,3,27,180,5,58,0,0,0,200
2023," 板橋區"," 男",1946,1129,199,161,139,14,77,15,19,4,0,13,70,3,19,0,0,0,84
2023," 板橋區"," 女",2561,1411,334,217,165,18,87,13,29,3,3,14,110,2,39,0,0,0,116
2023," 三重區"," 計",2648,1367,333,320,244,37,72,14,29,8,7,5,143,11,15,0,0,0,43
2023," 三重區"," 男",1145,595,138,136,108,18,34,2,12,3,4,2,58,8,9,0,0,0,18
2023," 三重區"," 女",1503,772,195,184,136,19,38,12,17,5,3,3,85,3,6,0,0,0,25
2023," 中和區"," 計",3170,1599,528,309,193,41,113,15,52,8,5,3,165,1,35,0,0,0,103
2023," 中和區"," 男",1334,692,226,114,81,14,42,4,21,2,3,2,76,1,19,0,0,0,37
2023," 中和區"," 女",1836,907,302,195,112,27,71,11,31,6,2,1,89,0,16,0,0,0,66
2023," 永和區"," 計",1154,468,225,173,111,12,52,1,7,0,3,1,57,1,17,0,0,0,26
2023," 永和區"," 男",462,188,86,77,48,3,25,1,2,0,1,0,17,1,6,0,0,0,7
2023," 永和區"," 女",692,280,139,96,63,9,27,0,5,0,2,1,40,0,11,0,0,0,19
2023," 新莊區"," 計",5326,3125,466,578,382,48,189,23,87,11,4,32,247,4,37,0,0,0,93
2023," 新莊區"," 男",2448,1488,187,267,185,20,72,6,40,4,3,10,102,1,17,0,0,0,46
2023," 新莊區"," 女",2878,1637,279,311,197,28,117,17,47,7,1,22,145,3,20,0,0,0,47
2023," 新店區"," 計",3702,1972,578,330,213,29,88,21,48,7,1,7,197,6,18,0,0,0,187
2023," 新店區"," 男",1628,878,244,147,84,13,39,7,16,3,0,2,89,0,6,0,0,0,100
2023," 新店區"," 女",2074,1094,334,183,129,16,49,14,32,4,1,5,108,6,12,0,0,0,87
2023," 樹林區"," 計",6182,4479,283,396,423,25,129,10,70,4,5,92,149,1,27,2,0,0,87
2023," 樹林區"," 男",3013,2241,111,183,182,14,69,3,39,2,2,46,65,1,16,0,0,0,39
2023," 樹林區"," 女",3169,2238,172,213,241,11,60,7,31,2,3,46,84,0,11,2,0,0,48
2023," 鶯歌區"," 計",3046,1808,242,222,376,36,71,9,36,1,0,14,155,4,36,0,0,0,36
2023," 鶯歌區"," 男",1430,863,112,110,165,20,39,4,12,1,0,8,57,3,16,0,0,0,20
2023," 鶯歌區"," 女",1616,945,130,112,211,16,32,5,24,0,0,6,98,1,20,0,0,0,16
2023," 三峽區"," 計",3066,2130,269,242,127,12,57,14,27,7,0,14,96,3,5,9,0,0,54
2023," 三峽區"," 男",1502,1072,109,101,64,7,30,6,12,3,0,9,48,1,3,4,0,0,33
2023," 三峽區"," 女",1564,1058,160,141,63,5,27,8,15,4,0,5,48,2,2,5,0,0,21
2023," 淡水區"," 計",2310,1172,262,223,339,20,52,8,17,6,5,15,121,2,19,0,0,0,49
2023," 淡水區"," 男",1041,541,108,96,166,13,21,6,5,1,2,7,49,2,7,0,0,0,17
2023," 淡水區"," 女",1269,631,154,127,173,7,31,2,12,5,3,8,72,0,12,0,0,0,32
2023," 汐止區"," 計",4495,3475,247,188,160,18,84,25,18,4,2,20,107,3,13,0,0,0,131
2023," 汐止區"," 男",2174,1715,108,81,77,6,40,14,8,1,1,9,45,3,5,0,0,0,61
2023," 汐止區"," 女",2321,1760,139,107,83,12,44,11,10,3,1,11,62,0,8,0,0,0,70
2023," 瑞芳區"," 計",1197,1027,27,28,16,1,13,0,3,0,0,5,22,0,2,0,0,0,53
2023," 瑞芳區"," 男",608,535,12,10,5,1,3,0,2,0,0,2,6,0,2,0,0,0,30
2023," 瑞芳區"," 女",589,492,15,18,11,0,10,0,1,0,0,3,16,0,0,0,0,0,23
2023," 土城區"," 計",4178,2866,342,290,228,32,62,18,21,5,4,21,119,11,16,0,0,0,143
2023," 土城區"," 男",1982,1389,141,148,101,10,27,11,6,3,0,8,50,7,5,0,0,0,76
2023," 土城區"," 女",2196,1477,201,142,127,22,35,7,15,2,4,13,69,4,11,0,0,0,67
2023," 蘆洲區"," 計",2155,1309,216,193,118,10,81,7,27,6,3,7,90,4,13,2,0,0,69
2023," 蘆洲區"," 男",990,592,108,98,53,4,41,2,13,5,1,2,34,3,3,2,0,0,29
2023," 蘆洲區"," 女",1165,717,108,95,65,6,40,5,14,1,2,5,56,1,10,0,0,0,40
2023," 五股區"," 計",2051,1075,183,274,140,90,59,5,13,4,0,11,160,0,7,0,0,0,30
2023," 五股區"," 男",942,517,76,126,66,38,29,4,5,0,0,5,65,0,1,0,0,0,10
2023," 五股區"," 女",1109,558,107,148,74,52,30,1,8,4,0,6,95,0,6,0,0,0,20
2023," 泰山區"," 計",1269,715,111,146,65,49,33,4,19,2,1,0,75,0,17,4,0,0,28
2023," 泰山區"," 男",587,338,47,72,32,21,14,0,8,1,1,0,30,0,11,3,0,0,9
2023," 泰山區"," 女",682,377,64,74,33,28,19,4,11,1,0,0,45,0,6,1,0,0,19
2023," 林口區"," 計",2628,1644,283,261,178,39,32,13,25,2,1,10,72,1,18,0,0,0,49
2023," 林口區"," 男",1202,800,103,112,75,19,15,5,8,1,0,2,32,1,6,0,0,0,23
2023," 林口區"," 女",1426,844,180,149,103,20,17,8,17,1,1,8,40,0,12,0,0,0,26
2023," 深坑區"," 計",235,133,24,26,15,3,5,5,7,0,0,0,8,4,2,0,0,0,3
2023," 深坑區"," 男",109,57,12,11,10,2,2,2,3,0,0,0,3,4,2,0,0,0,1
2023," 深坑區"," 女",126,76,12,15,5,1,3,3,4,0,0,0,5,0,0,0,0,0,2
2023," 石碇區"," 計",40,17,10,2,2,0,1,2,0,0,1,0,5,0,0,0,0,0,0
2023," 石碇區"," 男",12,4,3,1,0,0,0,0,0,0,1,0,3,0,0,0,0,0,0
2023," 石碇區"," 女",28,13,7,1,2,0,1,2,0,0,0,0,2,0,0,0,0,0,0
2023," 坪林區"," 計",14,6,1,3,2,1,0,0,0,0,0,0,0,0,0,0,0,0,1
2023," 坪林區"," 男",8,3,1,2,0,1,0,0,0,0,0,0,0,0,0,0,0,0,1
2023," 坪林區"," 女",6,3,0,1,2,0,0,0,0,0,0,0,0,0,0,0,0,0,0
2023," 三芝區"," 計",366,184,40,84,24,0,16,0,1,0,0,3,12,0,2,0,0,0,0
2023," 三芝區"," 男",174,91,16,41,13,0,8,0,0,0,0,0,5,0,0,0,0,0,0
2023," 三芝區"," 女",192,93,24,43,11,0,8,0,1,0,0,3,7,0,2,0,0,0,0
2023," 石門區"," 計",52,9,14,1,8,4,8,0,4,0,0,1,2,0,0,0,0,0,1
2023," 石門區"," 男",17,3,4,0,4,2,3,0,0,0,0,0,0,0,0,0,0,0,1
2023," 石門區"," 女",35,6,10,1,4,2,5,0,4,0,0,1,2,0,0,0,0,0,0
2023," 八里區"," 計",1028,567,81,133,90,10,27,4,7,5,3,9,47,2,10,0,0,0,33
2023," 八里區"," 男",489,276,35,68,39,2,10,2,2,3,2,6,22,2,5,0,0,0,15
2023," 八里區"," 女",539,291,46,65,51,8,17,2,5,2,1,3,25,0,5,0,0,0,18
2023," 平溪區"," 計",17,9,4,2,1,0,1,0,0,0,0,0,0,0,0,0,0,0,0
2023," 平溪區"," 男",4,3,1,0,0,0,0,0,0,0,0,0,0,0,0,0,0,0,0
2023," 平溪區"," 女",13,6,3,2,1,0,1,0,0,0,0,0,0,0,0,0,0,0,0
2023," 雙溪區"," 計",35,21,3,1,2,0,0,0,0,0,0,0,7,0,0,0,0,0,1
2023," 雙溪區"," 男",9,5,0,0,1,0,0,0,0,0,0,0,3,0,0,0,0,0,0
2023," 雙溪區"," 女",26,16,3,1,1,0,0,0,0,0,0,0,4,0,0,0,0,0,1
2023," 貢寮區"," 計",107,57,16,10,13,0,2,5,0,0,0,1,0,0,0,0,0,0,3
2023," 貢寮區"," 男",46,25,6,3,9,0,0,2,0,0,0,0,0,0,0,0,0,0,1
2023," 貢寮區"," 女",61,32,10,7,4,0,2,3,0,0,0,1,0,0,0,0,0,0,2
2023," 金山區"," 計",115,55,15,27,6,0,7,0,0,0,0,1,4,0,0,0,0,0,0
2023," 金山區"," 男",40,17,3,13,3,0,1,0,0,0,0,0,3,0,0,0,0,0,0
2023," 金山區"," 女",75,38,12,14,3,0,6,0,0,0,0,1,1,0,0,0,0,0,0
2023," 萬里區"," 計",317,246,17,14,6,4,1,0,1,1,0,2,24,0,0,0,0,0,1
2023," 萬里區"," 男",152,125,6,4,3,2,0,0,0,0,0,2,10,0,0,0,0,0,0
2023," 萬里區"," 女",165,121,11,10,3,2,1,0,1,1,0,0,14,0,0,0,0,0,1
2023," 烏來區"," 計",2962,139,2677,32,38,9,7,11,2,2,0,1,35,0,1,0,0,0,8
2023," 烏來區"," 男",1434,59,1311,11,18,2,2,5,0,1,0,1,18,0,0,0,0,0,6
2023," 烏來區"," 女",1528,80,1366,21,20,7,5,6,2,1,0,0,17,0,1,0,0,0,2
