itemvalue1,itemvalue2,itemvalue3,itemvalue4,itemvalue5,itemvalue6,itemvalue7,itemvalue8,itemvalue9,itemvalue10,itemvalue11,itemvalue12,itemvalue13,itemvalue14,itemvalue15,itemvalue16,itemvalue17,itemvalue18,itemvalue19,itemvalue20,itemvalue21,itemvalue22,itemvalue23,itemvalue24,itemvalue25,itemvalue26,itemvalue27,itemvalue28,itemvalue29,itemvalue30,itemvalue31,itemvalue32,itemvalue33,itemvalue34,itemvalue35,itemvalue36,itemvalue37,itemvalue38,itemvalue39,itemvalue40,itemvalue41,itemvalue42,itemvalue43,itemvalue44,itemvalue45,itemvalue46,itemvalue47,itemvalue48,itemvalue49,itemvalue50,itemvalue51,itemvalue52,itemvalue53,itemvalue54,itemvalue55,itemvalue56,itemvalue57,itemvalue58,itemvalue59,itemvalue60,itemvalue61,itemvalue62,itemvalue63
2003," 新北市"," 計",36030,2689,4081,4163,3571,3675,3056,3155,3247,2973,2397,1400,684,438,241,143,76,29,10,2,-,-,-,-,-,-,-,-,-,-,-,-,-,-,-,-,-,-,-,-,-,-,-,-,-,-,-,-,-,-,-,-,-,-,-,-,-,-,-,-
2003," 新北市"," 男",17216,1386,2090,2169,1792,1822,1314,1220,1335,1357,1142,769,363,215,122,65,37,13,4,1,-,-,-,-,-,-,-,-,-,-,-,-,-,-,-,-,-,-,-,-,-,-,-,-,-,-,-,-,-,-,-,-,-,-,-,-,-,-,-,-
2003," 新北市"," 女",18814,1303,1991,1994,1779,1853,1742,1935,1912,1616,1255,631,321,223,119,78,39,16,6,1,-,-,-,-,-,-,-,-,-,-,-,-,-,-,-,-,-,-,-,-,-,-,-,-,-,-,-,-,-,-,-,-,-,-,-,-,-,-,-,-
2003," 板橋區"," 計",2549,172,263,321,268,251,204,237,255,218,163,102,45,29,10,5,4,0,2,0,-,-,-,-,-,-,-,-,-,-,-,-,-,-,-,-,-,-,-,-,-,-,-,-,-,-,-,-,-,-,-,-,-,-,-,-,-,-,-,-
2003," 板橋區"," 男",1115,85,134,162,123,107,80,75,89,93,82,45,18,15,4,1,2,0,0,0,-,-,-,-,-,-,-,-,-,-,-,-,-,-,-,-,-,-,-,-,-,-,-,-,-,-,-,-,-,-,-,-,-,-,-,-,-,-,-,-
2003," 板橋區"," 女",1434,87,129,159,145,144,124,162,166,125,81,57,27,14,6,4,2,0,2,0,-,-,-,-,-,-,-,-,-,-,-,-,-,-,-,-,-,-,-,-,-,-,-,-,-,-,-,-,-,-,-,-,-,-,-,-,-,-,-,-
2003," 三重區"," 計",1187,84,135,140,119,121,123,132,107,109,62,31,16,4,2,1,1,0,0,0,-,-,-,-,-,-,-,-,-,-,-,-,-,-,-,-,-,-,-,-,-,-,-,-,-,-,-,-,-,-,-,-,-,-,-,-,-,-,-,-
2003," 三重區"," 男",492,47,66,70,56,47,37,39,33,42,25,16,9,4,0,0,1,0,0,0,-,-,-,-,-,-,-,-,-,-,-,-,-,-,-,-,-,-,-,-,-,-,-,-,-,-,-,-,-,-,-,-,-,-,-,-,-,-,-,-
2003," 三重區"," 女",695,37,69,70,63,74,86,93,74,67,37,15,7,0,2,1,0,0,0,0,-,-,-,-,-,-,-,-,-,-,-,-,-,-,-,-,-,-,-,-,-,-,-,-,-,-,-,-,-,-,-,-,-,-,-,-,-,-,-,-
2003," 中和區"," 計",1711,108,150,164,162,172,165,180,156,156,137,86,44,16,6,6,2,1,0,0,-,-,-,-,-,-,-,-,-,-,-,-,-,-,-,-,-,-,-,-,-,-,-,-,-,-,-,-,-,-,-,-,-,-,-,-,-,-,-,-
2003," 中和區"," 男",741,68,70,82,80,80,70,67,46,59,57,35,20,2,2,2,1,0,0,0,-,-,-,-,-,-,-,-,-,-,-,-,-,-,-,-,-,-,-,-,-,-,-,-,-,-,-,-,-,-,-,-,-,-,-,-,-,-,-,-
2003," 中和區"," 女",970,40,80,82,82,92,95,113,110,97,80,51,24,14,4,4,1,1,0,0,-,-,-,-,-,-,-,-,-,-,-,-,-,-,-,-,-,-,-,-,-,-,-,-,-,-,-,-,-,-,-,-,-,-,-,-,-,-,-,-
2003," 永和區"," 計",538,27,53,60,47,50,47,56,50,64,31,11,20,10,5,3,4,0,0,0,-,-,-,-,-,-,-,-,-,-,-,-,-,-,-,-,-,-,-,-,-,-,-,-,-,-,-,-,-,-,-,-,-,-,-,-,-,-,-,-
2003," 永和區"," 男",213,13,33,31,20,23,14,16,15,27,10,2,4,1,1,2,1,0,0,0,-,-,-,-,-,-,-,-,-,-,-,-,-,-,-,-,-,-,-,-,-,-,-,-,-,-,-,-,-,-,-,-,-,-,-,-,-,-,-,-
2003," 永和區"," 女",325,14,20,29,27,27,33,40,35,37,21,9,16,9,4,1,3,0,0,0,-,-,-,-,-,-,-,-,-,-,-,-,-,-,-,-,-,-,-,-,-,-,-,-,-,-,-,-,-,-,-,-,-,-,-,-,-,-,-,-
2003," 新莊區"," 計",3473,274,418,464,394,338,290,331,287,283,201,97,48,24,12,7,2,3,0,0,-,-,-,-,-,-,-,-,-,-,-,-,-,-,-,-,-,-,-,-,-,-,-,-,-,-,-,-,-,-,-,-,-,-,-,-,-,-,-,-
2003," 新莊區"," 男",1639,144,228,227,200,153,113,127,104,136,94,60,29,11,6,3,2,2,0,0,-,-,-,-,-,-,-,-,-,-,-,-,-,-,-,-,-,-,-,-,-,-,-,-,-,-,-,-,-,-,-,-,-,-,-,-,-,-,-,-
2003," 新莊區"," 女",1834,130,190,237,194,185,177,204,183,147,107,37,19,13,6,4,0,1,0,0,-,-,-,-,-,-,-,-,-,-,-,-,-,-,-,-,-,-,-,-,-,-,-,-,-,-,-,-,-,-,-,-,-,-,-,-,-,-,-,-
2003," 新店區"," 計",2358,161,242,200,231,273,213,199,201,175,188,117,67,49,17,17,5,2,1,0,-,-,-,-,-,-,-,-,-,-,-,-,-,-,-,-,-,-,-,-,-,-,-,-,-,-,-,-,-,-,-,-,-,-,-,-,-,-,-,-
2003," 新店區"," 男",1117,81,121,108,106,146,103,78,78,70,79,68,31,24,9,10,3,1,1,0,-,-,-,-,-,-,-,-,-,-,-,-,-,-,-,-,-,-,-,-,-,-,-,-,-,-,-,-,-,-,-,-,-,-,-,-,-,-,-,-
2003," 新店區"," 女",1241,80,121,92,125,127,110,121,123,105,109,49,36,25,8,7,2,1,0,0,-,-,-,-,-,-,-,-,-,-,-,-,-,-,-,-,-,-,-,-,-,-,-,-,-,-,-,-,-,-,-,-,-,-,-,-,-,-,-,-
2003," 樹林區"," 計",4540,396,580,569,485,478,364,349,434,357,265,145,59,26,18,5,7,2,0,1,-,-,-,-,-,-,-,-,-,-,-,-,-,-,-,-,-,-,-,-,-,-,-,-,-,-,-,-,-,-,-,-,-,-,-,-,-,-,-,-
2003," 樹林區"," 男",2246,192,293,321,244,233,160,140,188,176,133,94,40,17,6,4,3,1,0,1,-,-,-,-,-,-,-,-,-,-,-,-,-,-,-,-,-,-,-,-,-,-,-,-,-,-,-,-,-,-,-,-,-,-,-,-,-,-,-,-
2003," 樹林區"," 女",2294,204,287,248,241,245,204,209,246,181,132,51,19,9,12,1,4,1,0,0,-,-,-,-,-,-,-,-,-,-,-,-,-,-,-,-,-,-,-,-,-,-,-,-,-,-,-,-,-,-,-,-,-,-,-,-,-,-,-,-
2003," 鶯歌區"," 計",1724,149,214,232,184,171,133,141,147,153,96,40,29,17,8,9,0,1,0,0,-,-,-,-,-,-,-,-,-,-,-,-,-,-,-,-,-,-,-,-,-,-,-,-,-,-,-,-,-,-,-,-,-,-,-,-,-,-,-,-
2003," 鶯歌區"," 男",872,77,114,114,98,99,62,57,60,76,56,25,16,10,5,3,0,0,0,0,-,-,-,-,-,-,-,-,-,-,-,-,-,-,-,-,-,-,-,-,-,-,-,-,-,-,-,-,-,-,-,-,-,-,-,-,-,-,-,-
2003," 鶯歌區"," 女",852,72,100,118,86,72,71,84,87,77,40,15,13,7,3,6,0,1,0,0,-,-,-,-,-,-,-,-,-,-,-,-,-,-,-,-,-,-,-,-,-,-,-,-,-,-,-,-,-,-,-,-,-,-,-,-,-,-,-,-
2003," 三峽區"," 計",1360,114,190,198,144,125,95,117,125,86,87,44,18,12,2,2,0,1,0,0,-,-,-,-,-,-,-,-,-,-,-,-,-,-,-,-,-,-,-,-,-,-,-,-,-,-,-,-,-,-,-,-,-,-,-,-,-,-,-,-
2003," 三峽區"," 男",665,63,95,101,71,70,37,42,56,38,43,32,9,7,1,0,0,0,0,0,-,-,-,-,-,-,-,-,-,-,-,-,-,-,-,-,-,-,-,-,-,-,-,-,-,-,-,-,-,-,-,-,-,-,-,-,-,-,-,-
2003," 三峽區"," 女",695,51,95,97,73,55,58,75,69,48,44,12,9,5,1,2,0,1,0,0,-,-,-,-,-,-,-,-,-,-,-,-,-,-,-,-,-,-,-,-,-,-,-,-,-,-,-,-,-,-,-,-,-,-,-,-,-,-,-,-
2003," 淡水區"," 計",948,69,119,106,98,100,86,77,100,69,60,37,14,7,4,1,1,0,0,0,-,-,-,-,-,-,-,-,-,-,-,-,-,-,-,-,-,-,-,-,-,-,-,-,-,-,-,-,-,-,-,-,-,-,-,-,-,-,-,-
2003," 淡水區"," 男",445,37,68,59,43,55,31,30,33,22,32,18,9,5,2,0,1,0,0,0,-,-,-,-,-,-,-,-,-,-,-,-,-,-,-,-,-,-,-,-,-,-,-,-,-,-,-,-,-,-,-,-,-,-,-,-,-,-,-,-
2003," 淡水區"," 女",503,32,51,47,55,45,55,47,67,47,28,19,5,2,2,1,0,0,0,0,-,-,-,-,-,-,-,-,-,-,-,-,-,-,-,-,-,-,-,-,-,-,-,-,-,-,-,-,-,-,-,-,-,-,-,-,-,-,-,-
2003," 汐止區"," 計",3206,206,313,315,247,309,302,311,312,263,215,164,97,77,44,18,5,6,2,0,-,-,-,-,-,-,-,-,-,-,-,-,-,-,-,-,-,-,-,-,-,-,-,-,-,-,-,-,-,-,-,-,-,-,-,-,-,-,-,-
2003," 汐止區"," 男",1591,111,161,172,136,160,135,145,149,119,102,73,43,43,24,14,2,2,0,0,-,-,-,-,-,-,-,-,-,-,-,-,-,-,-,-,-,-,-,-,-,-,-,-,-,-,-,-,-,-,-,-,-,-,-,-,-,-,-,-
2003," 汐止區"," 女",1615,95,152,143,111,149,167,166,163,144,113,91,54,34,20,4,3,4,2,0,-,-,-,-,-,-,-,-,-,-,-,-,-,-,-,-,-,-,-,-,-,-,-,-,-,-,-,-,-,-,-,-,-,-,-,-,-,-,-,-
2003," 瑞芳區"," 計",1160,87,104,78,100,125,128,92,85,77,104,72,32,26,21,14,11,3,1,0,-,-,-,-,-,-,-,-,-,-,-,-,-,-,-,-,-,-,-,-,-,-,-,-,-,-,-,-,-,-,-,-,-,-,-,-,-,-,-,-
2003," 瑞芳區"," 男",593,43,47,39,48,68,66,40,51,35,49,45,20,11,14,7,7,2,1,0,-,-,-,-,-,-,-,-,-,-,-,-,-,-,-,-,-,-,-,-,-,-,-,-,-,-,-,-,-,-,-,-,-,-,-,-,-,-,-,-
2003," 瑞芳區"," 女",567,44,57,39,52,57,62,52,34,42,55,27,12,15,7,7,4,1,0,0,-,-,-,-,-,-,-,-,-,-,-,-,-,-,-,-,-,-,-,-,-,-,-,-,-,-,-,-,-,-,-,-,-,-,-,-,-,-,-,-
2003," 土城區"," 計",3601,213,397,383,372,424,318,270,298,295,317,157,67,37,22,15,11,5,0,0,-,-,-,-,-,-,-,-,-,-,-,-,-,-,-,-,-,-,-,-,-,-,-,-,-,-,-,-,-,-,-,-,-,-,-,-,-,-,-,-
2003," 土城區"," 男",1761,103,206,185,203,217,154,102,118,141,148,96,46,19,10,6,4,3,0,0,-,-,-,-,-,-,-,-,-,-,-,-,-,-,-,-,-,-,-,-,-,-,-,-,-,-,-,-,-,-,-,-,-,-,-,-,-,-,-,-
2003," 土城區"," 女",1840,110,191,198,169,207,164,168,180,154,169,61,21,18,12,9,7,2,0,0,-,-,-,-,-,-,-,-,-,-,-,-,-,-,-,-,-,-,-,-,-,-,-,-,-,-,-,-,-,-,-,-,-,-,-,-,-,-,-,-
2003," 蘆洲區"," 計",1409,107,157,187,118,150,117,140,143,116,90,48,13,9,7,2,2,2,1,0,-,-,-,-,-,-,-,-,-,-,-,-,-,-,-,-,-,-,-,-,-,-,-,-,-,-,-,-,-,-,-,-,-,-,-,-,-,-,-,-
2003," 蘆洲區"," 男",675,58,78,97,55,74,54,50,63,48,47,32,6,6,4,1,0,1,1,0,-,-,-,-,-,-,-,-,-,-,-,-,-,-,-,-,-,-,-,-,-,-,-,-,-,-,-,-,-,-,-,-,-,-,-,-,-,-,-,-
2003," 蘆洲區"," 女",734,49,79,90,63,76,63,90,80,68,43,16,7,3,3,1,2,1,0,0,-,-,-,-,-,-,-,-,-,-,-,-,-,-,-,-,-,-,-,-,-,-,-,-,-,-,-,-,-,-,-,-,-,-,-,-,-,-,-,-
2003," 五股區"," 計",1144,106,185,167,97,94,87,95,107,98,58,26,14,6,2,1,0,0,1,0,-,-,-,-,-,-,-,-,-,-,-,-,-,-,-,-,-,-,-,-,-,-,-,-,-,-,-,-,-,-,-,-,-,-,-,-,-,-,-,-
2003," 五股區"," 男",537,47,96,81,43,45,40,30,50,47,28,15,10,2,1,1,0,0,1,0,-,-,-,-,-,-,-,-,-,-,-,-,-,-,-,-,-,-,-,-,-,-,-,-,-,-,-,-,-,-,-,-,-,-,-,-,-,-,-,-
2003," 五股區"," 女",607,59,89,86,54,49,47,65,57,51,30,11,4,4,1,0,0,0,0,0,-,-,-,-,-,-,-,-,-,-,-,-,-,-,-,-,-,-,-,-,-,-,-,-,-,-,-,-,-,-,-,-,-,-,-,-,-,-,-,-
2003," 泰山區"," 計",817,61,119,104,92,75,55,73,71,80,42,23,10,6,1,2,3,0,0,0,-,-,-,-,-,-,-,-,-,-,-,-,-,-,-,-,-,-,-,-,-,-,-,-,-,-,-,-,-,-,-,-,-,-,-,-,-,-,-,-
2003," 泰山區"," 男",397,32,58,63,48,38,23,31,24,33,19,14,7,5,0,0,2,0,0,0,-,-,-,-,-,-,-,-,-,-,-,-,-,-,-,-,-,-,-,-,-,-,-,-,-,-,-,-,-,-,-,-,-,-,-,-,-,-,-,-
2003," 泰山區"," 女",420,29,61,41,44,37,32,42,47,47,23,9,3,1,1,2,1,0,0,0,-,-,-,-,-,-,-,-,-,-,-,-,-,-,-,-,-,-,-,-,-,-,-,-,-,-,-,-,-,-,-,-,-,-,-,-,-,-,-,-
2003," 林口區"," 計",860,79,116,106,87,87,51,83,59,69,51,24,19,14,5,6,3,1,0,0,-,-,-,-,-,-,-,-,-,-,-,-,-,-,-,-,-,-,-,-,-,-,-,-,-,-,-,-,-,-,-,-,-,-,-,-,-,-,-,-
2003," 林口區"," 男",401,30,55,55,38,37,18,33,31,39,27,14,9,7,2,2,3,1,0,0,-,-,-,-,-,-,-,-,-,-,-,-,-,-,-,-,-,-,-,-,-,-,-,-,-,-,-,-,-,-,-,-,-,-,-,-,-,-,-,-
2003," 林口區"," 女",459,49,61,51,49,50,33,50,28,30,24,10,10,7,3,4,0,0,0,0,-,-,-,-,-,-,-,-,-,-,-,-,-,-,-,-,-,-,-,-,-,-,-,-,-,-,-,-,-,-,-,-,-,-,-,-,-,-,-,-
2003," 深坑區"," 計",136,5,9,14,11,16,13,15,14,11,15,6,3,2,2,0,0,0,0,0,-,-,-,-,-,-,-,-,-,-,-,-,-,-,-,-,-,-,-,-,-,-,-,-,-,-,-,-,-,-,-,-,-,-,-,-,-,-,-,-
2003," 深坑區"," 男",53,4,6,6,7,7,2,2,4,3,6,2,1,1,2,0,0,0,0,0,-,-,-,-,-,-,-,-,-,-,-,-,-,-,-,-,-,-,-,-,-,-,-,-,-,-,-,-,-,-,-,-,-,-,-,-,-,-,-,-
2003," 深坑區"," 女",83,1,3,8,4,9,11,13,10,8,9,4,2,1,0,0,0,0,0,0,-,-,-,-,-,-,-,-,-,-,-,-,-,-,-,-,-,-,-,-,-,-,-,-,-,-,-,-,-,-,-,-,-,-,-,-,-,-,-,-
2003," 石碇區"," 計",16,2,4,3,1,1,1,1,0,3,0,0,0,0,0,0,0,0,0,0,-,-,-,-,-,-,-,-,-,-,-,-,-,-,-,-,-,-,-,-,-,-,-,-,-,-,-,-,-,-,-,-,-,-,-,-,-,-,-,-
2003," 石碇區"," 男",8,2,1,3,1,0,0,0,0,1,0,0,0,0,0,0,0,0,0,0,-,-,-,-,-,-,-,-,-,-,-,-,-,-,-,-,-,-,-,-,-,-,-,-,-,-,-,-,-,-,-,-,-,-,-,-,-,-,-,-
2003," 石碇區"," 女",8,0,3,0,0,1,1,1,0,2,0,0,0,0,0,0,0,0,0,0,-,-,-,-,-,-,-,-,-,-,-,-,-,-,-,-,-,-,-,-,-,-,-,-,-,-,-,-,-,-,-,-,-,-,-,-,-,-,-,-
2003," 坪林區"," 計",11,1,1,1,0,3,2,0,1,0,2,0,0,0,0,0,0,0,0,0,-,-,-,-,-,-,-,-,-,-,-,-,-,-,-,-,-,-,-,-,-,-,-,-,-,-,-,-,-,-,-,-,-,-,-,-,-,-,-,-
2003," 坪林區"," 男",8,1,1,1,0,2,1,0,1,0,1,0,0,0,0,0,0,0,0,0,-,-,-,-,-,-,-,-,-,-,-,-,-,-,-,-,-,-,-,-,-,-,-,-,-,-,-,-,-,-,-,-,-,-,-,-,-,-,-,-
2003," 坪林區"," 女",3,0,0,0,0,1,1,0,0,0,1,0,0,0,0,0,0,0,0,0,-,-,-,-,-,-,-,-,-,-,-,-,-,-,-,-,-,-,-,-,-,-,-,-,-,-,-,-,-,-,-,-,-,-,-,-,-,-,-,-
2003," 三芝區"," 計",222,19,18,47,23,19,9,22,24,21,10,4,4,2,0,0,0,0,0,0,-,-,-,-,-,-,-,-,-,-,-,-,-,-,-,-,-,-,-,-,-,-,-,-,-,-,-,-,-,-,-,-,-,-,-,-,-,-,-,-
2003," 三芝區"," 男",103,6,11,25,13,11,2,8,7,9,6,4,1,0,0,0,0,0,0,0,-,-,-,-,-,-,-,-,-,-,-,-,-,-,-,-,-,-,-,-,-,-,-,-,-,-,-,-,-,-,-,-,-,-,-,-,-,-,-,-
2003," 三芝區"," 女",119,13,7,22,10,8,7,14,17,12,4,0,3,2,0,0,0,0,0,0,-,-,-,-,-,-,-,-,-,-,-,-,-,-,-,-,-,-,-,-,-,-,-,-,-,-,-,-,-,-,-,-,-,-,-,-,-,-,-,-
2003," 石門區"," 計",37,1,1,3,2,7,4,7,3,3,3,0,3,0,0,0,0,0,0,0,-,-,-,-,-,-,-,-,-,-,-,-,-,-,-,-,-,-,-,-,-,-,-,-,-,-,-,-,-,-,-,-,-,-,-,-,-,-,-,-
2003," 石門區"," 男",13,1,0,3,1,1,0,2,0,2,3,0,0,0,0,0,0,0,0,0,-,-,-,-,-,-,-,-,-,-,-,-,-,-,-,-,-,-,-,-,-,-,-,-,-,-,-,-,-,-,-,-,-,-,-,-,-,-,-,-
2003," 石門區"," 女",24,0,1,0,1,6,4,5,3,1,0,0,3,0,0,0,0,0,0,0,-,-,-,-,-,-,-,-,-,-,-,-,-,-,-,-,-,-,-,-,-,-,-,-,-,-,-,-,-,-,-,-,-,-,-,-,-,-,-,-
2003," 八里區"," 計",473,44,59,68,59,43,38,28,39,47,28,11,4,2,1,1,1,0,0,0,-,-,-,-,-,-,-,-,-,-,-,-,-,-,-,-,-,-,-,-,-,-,-,-,-,-,-,-,-,-,-,-,-,-,-,-,-,-,-,-
2003," 八里區"," 男",243,23,32,35,31,21,16,13,16,26,13,9,4,1,1,1,1,0,0,0,-,-,-,-,-,-,-,-,-,-,-,-,-,-,-,-,-,-,-,-,-,-,-,-,-,-,-,-,-,-,-,-,-,-,-,-,-,-,-,-
2003," 八里區"," 女",230,21,27,33,28,22,22,15,23,21,15,2,0,1,0,0,0,0,0,0,-,-,-,-,-,-,-,-,-,-,-,-,-,-,-,-,-,-,-,-,-,-,-,-,-,-,-,-,-,-,-,-,-,-,-,-,-,-,-,-
2003," 平溪區"," 計",22,3,2,1,1,0,4,0,3,1,0,2,3,2,0,0,0,0,0,0,-,-,-,-,-,-,-,-,-,-,-,-,-,-,-,-,-,-,-,-,-,-,-,-,-,-,-,-,-,-,-,-,-,-,-,-,-,-,-,-
2003," 平溪區"," 男",9,1,0,1,0,0,1,0,3,0,0,1,1,1,0,0,0,0,0,0,-,-,-,-,-,-,-,-,-,-,-,-,-,-,-,-,-,-,-,-,-,-,-,-,-,-,-,-,-,-,-,-,-,-,-,-,-,-,-,-
2003," 平溪區"," 女",13,2,2,0,1,0,3,0,0,1,0,1,2,1,0,0,0,0,0,0,-,-,-,-,-,-,-,-,-,-,-,-,-,-,-,-,-,-,-,-,-,-,-,-,-,-,-,-,-,-,-,-,-,-,-,-,-,-,-,-
2003," 雙溪區"," 計",15,4,2,1,0,2,0,1,2,3,0,0,0,0,0,0,0,0,0,0,-,-,-,-,-,-,-,-,-,-,-,-,-,-,-,-,-,-,-,-,-,-,-,-,-,-,-,-,-,-,-,-,-,-,-,-,-,-,-,-
2003," 雙溪區"," 男",7,1,2,1,0,0,0,0,1,2,0,0,0,0,0,0,0,0,0,0,-,-,-,-,-,-,-,-,-,-,-,-,-,-,-,-,-,-,-,-,-,-,-,-,-,-,-,-,-,-,-,-,-,-,-,-,-,-,-,-
2003," 雙溪區"," 女",8,3,0,0,0,2,0,1,1,1,0,0,0,0,0,0,0,0,0,0,-,-,-,-,-,-,-,-,-,-,-,-,-,-,-,-,-,-,-,-,-,-,-,-,-,-,-,-,-,-,-,-,-,-,-,-,-,-,-,-
2003," 貢寮區"," 計",63,5,11,5,5,8,6,8,8,2,5,0,0,0,0,0,0,0,0,0,-,-,-,-,-,-,-,-,-,-,-,-,-,-,-,-,-,-,-,-,-,-,-,-,-,-,-,-,-,-,-,-,-,-,-,-,-,-,-,-
2003," 貢寮區"," 男",28,3,5,2,3,1,2,4,4,1,3,0,0,0,0,0,0,0,0,0,-,-,-,-,-,-,-,-,-,-,-,-,-,-,-,-,-,-,-,-,-,-,-,-,-,-,-,-,-,-,-,-,-,-,-,-,-,-,-,-
2003," 貢寮區"," 女",35,2,6,3,2,7,4,4,4,1,2,0,0,0,0,0,0,0,0,0,-,-,-,-,-,-,-,-,-,-,-,-,-,-,-,-,-,-,-,-,-,-,-,-,-,-,-,-,-,-,-,-,-,-,-,-,-,-,-,-
2003," 金山區"," 計",74,7,8,13,7,4,6,8,9,5,3,3,0,1,0,0,0,0,0,0,-,-,-,-,-,-,-,-,-,-,-,-,-,-,-,-,-,-,-,-,-,-,-,-,-,-,-,-,-,-,-,-,-,-,-,-,-,-,-,-
2003," 金山區"," 男",29,4,3,8,2,1,2,1,3,3,0,1,0,1,0,0,0,0,0,0,-,-,-,-,-,-,-,-,-,-,-,-,-,-,-,-,-,-,-,-,-,-,-,-,-,-,-,-,-,-,-,-,-,-,-,-,-,-,-,-
2003," 金山區"," 女",45,3,5,5,5,3,4,7,6,2,3,2,0,0,0,0,0,0,0,0,-,-,-,-,-,-,-,-,-,-,-,-,-,-,-,-,-,-,-,-,-,-,-,-,-,-,-,-,-,-,-,-,-,-,-,-,-,-,-,-
2003," 萬里區"," 計",227,14,39,25,23,21,15,15,25,19,16,8,3,1,2,0,1,0,0,0,-,-,-,-,-,-,-,-,-,-,-,-,-,-,-,-,-,-,-,-,-,-,-,-,-,-,-,-,-,-,-,-,-,-,-,-,-,-,-,-
2003," 萬里區"," 男",122,9,21,15,12,13,5,7,9,13,11,3,2,0,1,0,1,0,0,0,-,-,-,-,-,-,-,-,-,-,-,-,-,-,-,-,-,-,-,-,-,-,-,-,-,-,-,-,-,-,-,-,-,-,-,-,-,-,-,-
2003," 萬里區"," 女",105,5,18,10,11,8,10,8,16,6,5,5,1,1,1,0,0,0,0,0,-,-,-,-,-,-,-,-,-,-,-,-,-,-,-,-,-,-,-,-,-,-,-,-,-,-,-,-,-,-,-,-,-,-,-,-,-,-,-,-
2003," 烏來區"," 計",2149,171,172,188,194,208,180,167,182,190,148,142,52,59,50,28,13,2,2,1,-,-,-,-,-,-,-,-,-,-,-,-,-,-,-,-,-,-,-,-,-,-,-,-,-,-,-,-,-,-,-,-,-,-,-,-,-,-,-,-
2003," 烏來區"," 男",1093,100,85,102,110,113,86,81,99,96,68,65,28,22,27,8,3,0,0,0,-,-,-,-,-,-,-,-,-,-,-,-,-,-,-,-,-,-,-,-,-,-,-,-,-,-,-,-,-,-,-,-,-,-,-,-,-,-,-,-
2003," 烏來區"," 女",1056,71,87,86,84,95,94,86,83,94,80,77,24,37,23,20,10,2,2,1,-,-,-,-,-,-,-,-,-,-,-,-,-,-,-,-,-,-,-,-,-,-,-,-,-,-,-,-,-,-,-,-,-,-,-,-,-,-,-,-
2004," 新北市"," 計",38152,2776,4137,4440,3720,3798,3344,3311,3372,3170,2594,1630,811,466,310,148,80,30,12,3,-,-,-,-,-,-,-,-,-,-,-,-,-,-,-,-,-,-,-,-,-,-,-,-,-,-,-,-,-,-,-,-,-,-,-,-,-,-,-,-
2004," 新北市"," 男",18136,1434,2111,2302,1850,1881,1452,1322,1366,1406,1226,854,429,235,149,64,36,14,3,2,-,-,-,-,-,-,-,-,-,-,-,-,-,-,-,-,-,-,-,-,-,-,-,-,-,-,-,-,-,-,-,-,-,-,-,-,-,-,-,-
2004," 新北市"," 女",20016,1342,2026,2138,1870,1917,1892,1989,2006,1764,1368,776,382,231,161,84,44,16,9,1,-,-,-,-,-,-,-,-,-,-,-,-,-,-,-,-,-,-,-,-,-,-,-,-,-,-,-,-,-,-,-,-,-,-,-,-,-,-,-,-
2004," 板橋區"," 計",2711,171,281,318,286,279,211,259,264,222,195,105,61,31,16,6,2,2,2,0,-,-,-,-,-,-,-,-,-,-,-,-,-,-,-,-,-,-,-,-,-,-,-,-,-,-,-,-,-,-,-,-,-,-,-,-,-,-,-,-
2004," 板橋區"," 男",1191,89,146,153,136,113,82,99,92,87,95,43,32,15,6,1,1,1,0,0,-,-,-,-,-,-,-,-,-,-,-,-,-,-,-,-,-,-,-,-,-,-,-,-,-,-,-,-,-,-,-,-,-,-,-,-,-,-,-,-
2004," 板橋區"," 女",1520,82,135,165,150,166,129,160,172,135,100,62,29,16,10,5,1,1,2,0,-,-,-,-,-,-,-,-,-,-,-,-,-,-,-,-,-,-,-,-,-,-,-,-,-,-,-,-,-,-,-,-,-,-,-,-,-,-,-,-
2004," 三重區"," 計",1275,85,161,144,125,116,132,139,127,106,71,41,17,6,3,1,0,1,0,0,-,-,-,-,-,-,-,-,-,-,-,-,-,-,-,-,-,-,-,-,-,-,-,-,-,-,-,-,-,-,-,-,-,-,-,-,-,-,-,-
2004," 三重區"," 男",531,43,78,78,56,54,38,46,38,36,31,19,9,4,0,0,0,1,0,0,-,-,-,-,-,-,-,-,-,-,-,-,-,-,-,-,-,-,-,-,-,-,-,-,-,-,-,-,-,-,-,-,-,-,-,-,-,-,-,-
2004," 三重區"," 女",744,42,83,66,69,62,94,93,89,70,40,22,8,2,3,1,0,0,0,0,-,-,-,-,-,-,-,-,-,-,-,-,-,-,-,-,-,-,-,-,-,-,-,-,-,-,-,-,-,-,-,-,-,-,-,-,-,-,-,-
2004," 中和區"," 計",1840,112,163,154,179,196,166,191,165,167,145,100,59,24,10,6,1,1,1,0,-,-,-,-,-,-,-,-,-,-,-,-,-,-,-,-,-,-,-,-,-,-,-,-,-,-,-,-,-,-,-,-,-,-,-,-,-,-,-,-
2004," 中和區"," 男",801,70,83,81,81,96,70,72,52,60,57,47,18,9,2,2,1,0,0,0,-,-,-,-,-,-,-,-,-,-,-,-,-,-,-,-,-,-,-,-,-,-,-,-,-,-,-,-,-,-,-,-,-,-,-,-,-,-,-,-
2004," 中和區"," 女",1039,42,80,73,98,100,96,119,113,107,88,53,41,15,8,4,0,1,1,0,-,-,-,-,-,-,-,-,-,-,-,-,-,-,-,-,-,-,-,-,-,-,-,-,-,-,-,-,-,-,-,-,-,-,-,-,-,-,-,-
2004," 永和區"," 計",567,26,54,59,61,44,45,60,47,79,35,17,14,10,7,4,4,1,0,0,-,-,-,-,-,-,-,-,-,-,-,-,-,-,-,-,-,-,-,-,-,-,-,-,-,-,-,-,-,-,-,-,-,-,-,-,-,-,-,-
2004," 永和區"," 男",228,10,35,37,26,21,11,21,12,27,15,4,3,1,2,1,2,0,0,0,-,-,-,-,-,-,-,-,-,-,-,-,-,-,-,-,-,-,-,-,-,-,-,-,-,-,-,-,-,-,-,-,-,-,-,-,-,-,-,-
2004," 永和區"," 女",339,16,19,22,35,23,34,39,35,52,20,13,11,9,5,3,2,1,0,0,-,-,-,-,-,-,-,-,-,-,-,-,-,-,-,-,-,-,-,-,-,-,-,-,-,-,-,-,-,-,-,-,-,-,-,-,-,-,-,-
2004," 新莊區"," 計",3602,298,413,474,392,345,309,324,299,287,223,125,52,29,16,10,3,2,1,0,-,-,-,-,-,-,-,-,-,-,-,-,-,-,-,-,-,-,-,-,-,-,-,-,-,-,-,-,-,-,-,-,-,-,-,-,-,-,-,-
2004," 新莊區"," 男",1703,152,222,240,199,159,124,120,113,138,110,69,27,14,7,5,2,1,1,0,-,-,-,-,-,-,-,-,-,-,-,-,-,-,-,-,-,-,-,-,-,-,-,-,-,-,-,-,-,-,-,-,-,-,-,-,-,-,-,-
2004," 新莊區"," 女",1899,146,191,234,193,186,185,204,186,149,113,56,25,15,9,5,1,1,0,0,-,-,-,-,-,-,-,-,-,-,-,-,-,-,-,-,-,-,-,-,-,-,-,-,-,-,-,-,-,-,-,-,-,-,-,-,-,-,-,-
2004," 新店區"," 計",2493,140,264,223,217,257,256,223,195,209,185,143,73,52,30,17,6,1,1,1,-,-,-,-,-,-,-,-,-,-,-,-,-,-,-,-,-,-,-,-,-,-,-,-,-,-,-,-,-,-,-,-,-,-,-,-,-,-,-,-
2004," 新店區"," 男",1156,73,137,107,104,140,117,94,71,84,68,74,34,25,13,9,4,1,1,0,-,-,-,-,-,-,-,-,-,-,-,-,-,-,-,-,-,-,-,-,-,-,-,-,-,-,-,-,-,-,-,-,-,-,-,-,-,-,-,-
2004," 新店區"," 女",1337,67,127,116,113,117,139,129,124,125,117,69,39,27,17,8,2,0,0,1,-,-,-,-,-,-,-,-,-,-,-,-,-,-,-,-,-,-,-,-,-,-,-,-,-,-,-,-,-,-,-,-,-,-,-,-,-,-,-,-
2004," 樹林區"," 計",4832,408,590,630,480,520,423,355,445,387,302,158,72,28,18,7,6,1,1,1,-,-,-,-,-,-,-,-,-,-,-,-,-,-,-,-,-,-,-,-,-,-,-,-,-,-,-,-,-,-,-,-,-,-,-,-,-,-,-,-
2004," 樹林區"," 男",2390,211,291,350,245,251,178,154,194,184,156,93,48,19,8,3,3,1,0,1,-,-,-,-,-,-,-,-,-,-,-,-,-,-,-,-,-,-,-,-,-,-,-,-,-,-,-,-,-,-,-,-,-,-,-,-,-,-,-,-
2004," 樹林區"," 女",2442,197,299,280,235,269,245,201,251,203,146,65,24,9,10,4,3,0,1,0,-,-,-,-,-,-,-,-,-,-,-,-,-,-,-,-,-,-,-,-,-,-,-,-,-,-,-,-,-,-,-,-,-,-,-,-,-,-,-,-
2004," 鶯歌區"," 計",1897,155,239,249,200,189,148,156,167,162,104,57,31,17,12,9,1,1,0,0,-,-,-,-,-,-,-,-,-,-,-,-,-,-,-,-,-,-,-,-,-,-,-,-,-,-,-,-,-,-,-,-,-,-,-,-,-,-,-,-
2004," 鶯歌區"," 男",944,80,128,118,101,104,76,70,63,73,60,33,19,10,7,2,0,0,0,0,-,-,-,-,-,-,-,-,-,-,-,-,-,-,-,-,-,-,-,-,-,-,-,-,-,-,-,-,-,-,-,-,-,-,-,-,-,-,-,-
2004," 鶯歌區"," 女",953,75,111,131,99,85,72,86,104,89,44,24,12,7,5,7,1,1,0,0,-,-,-,-,-,-,-,-,-,-,-,-,-,-,-,-,-,-,-,-,-,-,-,-,-,-,-,-,-,-,-,-,-,-,-,-,-,-,-,-
2004," 三峽區"," 計",1475,126,186,206,164,130,110,138,117,111,88,56,24,10,6,2,0,1,0,0,-,-,-,-,-,-,-,-,-,-,-,-,-,-,-,-,-,-,-,-,-,-,-,-,-,-,-,-,-,-,-,-,-,-,-,-,-,-,-,-
2004," 三峽區"," 男",718,66,102,104,80,70,51,49,48,46,45,34,15,5,3,0,0,0,0,0,-,-,-,-,-,-,-,-,-,-,-,-,-,-,-,-,-,-,-,-,-,-,-,-,-,-,-,-,-,-,-,-,-,-,-,-,-,-,-,-
2004," 三峽區"," 女",757,60,84,102,84,60,59,89,69,65,43,22,9,5,3,2,0,1,0,0,-,-,-,-,-,-,-,-,-,-,-,-,-,-,-,-,-,-,-,-,-,-,-,-,-,-,-,-,-,-,-,-,-,-,-,-,-,-,-,-
2004," 淡水區"," 計",1020,73,119,122,96,111,80,95,104,73,65,45,19,12,4,1,1,0,0,0,-,-,-,-,-,-,-,-,-,-,-,-,-,-,-,-,-,-,-,-,-,-,-,-,-,-,-,-,-,-,-,-,-,-,-,-,-,-,-,-
2004," 淡水區"," 男",479,37,62,70,42,61,31,39,36,23,34,23,12,6,2,0,1,0,0,0,-,-,-,-,-,-,-,-,-,-,-,-,-,-,-,-,-,-,-,-,-,-,-,-,-,-,-,-,-,-,-,-,-,-,-,-,-,-,-,-
2004," 淡水區"," 女",541,36,57,52,54,50,49,56,68,50,31,22,7,6,2,1,0,0,0,0,-,-,-,-,-,-,-,-,-,-,-,-,-,-,-,-,-,-,-,-,-,-,-,-,-,-,-,-,-,-,-,-,-,-,-,-,-,-,-,-
2004," 汐止區"," 計",3349,211,293,364,259,300,327,310,319,275,240,182,102,82,55,16,7,5,2,0,-,-,-,-,-,-,-,-,-,-,-,-,-,-,-,-,-,-,-,-,-,-,-,-,-,-,-,-,-,-,-,-,-,-,-,-,-,-,-,-
2004," 汐止區"," 男",1646,109,151,194,137,158,151,138,148,127,117,79,46,44,31,13,1,2,0,0,-,-,-,-,-,-,-,-,-,-,-,-,-,-,-,-,-,-,-,-,-,-,-,-,-,-,-,-,-,-,-,-,-,-,-,-,-,-,-,-
2004," 汐止區"," 女",1703,102,142,170,122,142,176,172,171,148,123,103,56,38,24,3,6,3,2,0,-,-,-,-,-,-,-,-,-,-,-,-,-,-,-,-,-,-,-,-,-,-,-,-,-,-,-,-,-,-,-,-,-,-,-,-,-,-,-,-
2004," 瑞芳區"," 計",1164,86,90,83,101,123,134,94,78,77,105,80,40,21,25,13,11,2,1,0,-,-,-,-,-,-,-,-,-,-,-,-,-,-,-,-,-,-,-,-,-,-,-,-,-,-,-,-,-,-,-,-,-,-,-,-,-,-,-,-
2004," 瑞芳區"," 男",598,48,41,40,47,64,73,40,46,37,49,44,28,10,16,6,6,2,1,0,-,-,-,-,-,-,-,-,-,-,-,-,-,-,-,-,-,-,-,-,-,-,-,-,-,-,-,-,-,-,-,-,-,-,-,-,-,-,-,-
2004," 瑞芳區"," 女",566,38,49,43,54,59,61,54,32,40,56,36,12,11,9,7,5,0,0,0,-,-,-,-,-,-,-,-,-,-,-,-,-,-,-,-,-,-,-,-,-,-,-,-,-,-,-,-,-,-,-,-,-,-,-,-,-,-,-,-
2004," 土城區"," 計",3701,233,370,397,380,415,344,271,302,304,305,199,86,36,25,14,13,6,1,0,-,-,-,-,-,-,-,-,-,-,-,-,-,-,-,-,-,-,-,-,-,-,-,-,-,-,-,-,-,-,-,-,-,-,-,-,-,-,-,-
2004," 土城區"," 男",1804,112,186,200,194,220,165,104,121,142,141,121,56,18,10,6,5,3,0,0,-,-,-,-,-,-,-,-,-,-,-,-,-,-,-,-,-,-,-,-,-,-,-,-,-,-,-,-,-,-,-,-,-,-,-,-,-,-,-,-
2004," 土城區"," 女",1897,121,184,197,186,195,179,167,181,162,164,78,30,18,15,8,8,3,1,0,-,-,-,-,-,-,-,-,-,-,-,-,-,-,-,-,-,-,-,-,-,-,-,-,-,-,-,-,-,-,-,-,-,-,-,-,-,-,-,-
2004," 蘆洲區"," 計",1556,102,174,207,140,148,142,149,169,127,100,59,17,8,8,1,3,2,0,0,-,-,-,-,-,-,-,-,-,-,-,-,-,-,-,-,-,-,-,-,-,-,-,-,-,-,-,-,-,-,-,-,-,-,-,-,-,-,-,-
2004," 蘆洲區"," 男",735,56,76,108,68,69,64,55,73,58,47,39,8,5,7,0,1,1,0,0,-,-,-,-,-,-,-,-,-,-,-,-,-,-,-,-,-,-,-,-,-,-,-,-,-,-,-,-,-,-,-,-,-,-,-,-,-,-,-,-
2004," 蘆洲區"," 女",821,46,98,99,72,79,78,94,96,69,53,20,9,3,1,1,2,1,0,0,-,-,-,-,-,-,-,-,-,-,-,-,-,-,-,-,-,-,-,-,-,-,-,-,-,-,-,-,-,-,-,-,-,-,-,-,-,-,-,-
2004," 五股區"," 計",1215,105,173,192,101,97,104,102,107,103,64,31,18,11,3,3,0,0,0,1,-,-,-,-,-,-,-,-,-,-,-,-,-,-,-,-,-,-,-,-,-,-,-,-,-,-,-,-,-,-,-,-,-,-,-,-,-,-,-,-
2004," 五股區"," 男",567,51,87,99,43,47,44,37,45,49,30,17,9,6,0,2,0,0,0,1,-,-,-,-,-,-,-,-,-,-,-,-,-,-,-,-,-,-,-,-,-,-,-,-,-,-,-,-,-,-,-,-,-,-,-,-,-,-,-,-
2004," 五股區"," 女",648,54,86,93,58,50,60,65,62,54,34,14,9,5,3,1,0,0,0,0,-,-,-,-,-,-,-,-,-,-,-,-,-,-,-,-,-,-,-,-,-,-,-,-,-,-,-,-,-,-,-,-,-,-,-,-,-,-,-,-
2004," 泰山區"," 計",905,70,130,118,90,87,67,79,77,84,53,23,15,7,0,2,3,0,0,0,-,-,-,-,-,-,-,-,-,-,-,-,-,-,-,-,-,-,-,-,-,-,-,-,-,-,-,-,-,-,-,-,-,-,-,-,-,-,-,-
2004," 泰山區"," 男",425,34,63,64,48,42,27,33,30,31,23,11,11,5,0,1,2,0,0,0,-,-,-,-,-,-,-,-,-,-,-,-,-,-,-,-,-,-,-,-,-,-,-,-,-,-,-,-,-,-,-,-,-,-,-,-,-,-,-,-
2004," 泰山區"," 女",480,36,67,54,42,45,40,46,47,53,30,12,4,2,0,1,1,0,0,0,-,-,-,-,-,-,-,-,-,-,-,-,-,-,-,-,-,-,-,-,-,-,-,-,-,-,-,-,-,-,-,-,-,-,-,-,-,-,-,-
2004," 林口區"," 計",920,71,109,130,83,94,57,84,81,71,59,29,21,12,9,6,3,1,0,0,-,-,-,-,-,-,-,-,-,-,-,-,-,-,-,-,-,-,-,-,-,-,-,-,-,-,-,-,-,-,-,-,-,-,-,-,-,-,-,-
2004," 林口區"," 男",427,33,55,61,37,37,21,33,39,38,30,16,11,5,5,2,3,1,0,0,-,-,-,-,-,-,-,-,-,-,-,-,-,-,-,-,-,-,-,-,-,-,-,-,-,-,-,-,-,-,-,-,-,-,-,-,-,-,-,-
2004," 林口區"," 女",493,38,54,69,46,57,36,51,42,33,29,13,10,7,4,4,0,0,0,0,-,-,-,-,-,-,-,-,-,-,-,-,-,-,-,-,-,-,-,-,-,-,-,-,-,-,-,-,-,-,-,-,-,-,-,-,-,-,-,-
2004," 深坑區"," 計",160,11,11,14,16,19,17,16,14,9,16,7,6,2,2,0,0,0,0,0,-,-,-,-,-,-,-,-,-,-,-,-,-,-,-,-,-,-,-,-,-,-,-,-,-,-,-,-,-,-,-,-,-,-,-,-,-,-,-,-
2004," 深坑區"," 男",67,5,8,7,10,9,7,2,4,2,5,2,3,1,2,0,0,0,0,0,-,-,-,-,-,-,-,-,-,-,-,-,-,-,-,-,-,-,-,-,-,-,-,-,-,-,-,-,-,-,-,-,-,-,-,-,-,-,-,-
2004," 深坑區"," 女",93,6,3,7,6,10,10,14,10,7,11,5,3,1,0,0,0,0,0,0,-,-,-,-,-,-,-,-,-,-,-,-,-,-,-,-,-,-,-,-,-,-,-,-,-,-,-,-,-,-,-,-,-,-,-,-,-,-,-,-
2004," 石碇區"," 計",20,1,4,7,1,1,1,1,1,2,1,0,0,0,0,0,0,0,0,0,-,-,-,-,-,-,-,-,-,-,-,-,-,-,-,-,-,-,-,-,-,-,-,-,-,-,-,-,-,-,-,-,-,-,-,-,-,-,-,-
2004," 石碇區"," 男",10,1,1,6,1,0,0,0,0,1,0,0,0,0,0,0,0,0,0,0,-,-,-,-,-,-,-,-,-,-,-,-,-,-,-,-,-,-,-,-,-,-,-,-,-,-,-,-,-,-,-,-,-,-,-,-,-,-,-,-
2004," 石碇區"," 女",10,0,3,1,0,1,1,1,1,1,1,0,0,0,0,0,0,0,0,0,-,-,-,-,-,-,-,-,-,-,-,-,-,-,-,-,-,-,-,-,-,-,-,-,-,-,-,-,-,-,-,-,-,-,-,-,-,-,-,-
2004," 坪林區"," 計",7,1,0,0,0,2,2,0,0,1,1,0,0,0,0,0,0,0,0,0,-,-,-,-,-,-,-,-,-,-,-,-,-,-,-,-,-,-,-,-,-,-,-,-,-,-,-,-,-,-,-,-,-,-,-,-,-,-,-,-
2004," 坪林區"," 男",5,1,0,0,0,2,1,0,0,1,0,0,0,0,0,0,0,0,0,0,-,-,-,-,-,-,-,-,-,-,-,-,-,-,-,-,-,-,-,-,-,-,-,-,-,-,-,-,-,-,-,-,-,-,-,-,-,-,-,-
2004," 坪林區"," 女",2,0,0,0,0,0,1,0,0,0,1,0,0,0,0,0,0,0,0,0,-,-,-,-,-,-,-,-,-,-,-,-,-,-,-,-,-,-,-,-,-,-,-,-,-,-,-,-,-,-,-,-,-,-,-,-,-,-,-,-
2004," 三芝區"," 計",254,17,23,48,33,23,11,16,29,30,13,6,2,2,1,0,0,0,0,0,-,-,-,-,-,-,-,-,-,-,-,-,-,-,-,-,-,-,-,-,-,-,-,-,-,-,-,-,-,-,-,-,-,-,-,-,-,-,-,-
2004," 三芝區"," 男",125,8,13,27,15,15,5,5,10,13,6,6,1,1,0,0,0,0,0,0,-,-,-,-,-,-,-,-,-,-,-,-,-,-,-,-,-,-,-,-,-,-,-,-,-,-,-,-,-,-,-,-,-,-,-,-,-,-,-,-
2004," 三芝區"," 女",129,9,10,21,18,8,6,11,19,17,7,0,1,1,1,0,0,0,0,0,-,-,-,-,-,-,-,-,-,-,-,-,-,-,-,-,-,-,-,-,-,-,-,-,-,-,-,-,-,-,-,-,-,-,-,-,-,-,-,-
2004," 石門區"," 計",40,0,2,2,4,8,4,5,3,5,4,0,2,1,0,0,0,0,0,0,-,-,-,-,-,-,-,-,-,-,-,-,-,-,-,-,-,-,-,-,-,-,-,-,-,-,-,-,-,-,-,-,-,-,-,-,-,-,-,-
2004," 石門區"," 男",16,0,1,2,3,1,0,1,1,4,3,0,0,0,0,0,0,0,0,0,-,-,-,-,-,-,-,-,-,-,-,-,-,-,-,-,-,-,-,-,-,-,-,-,-,-,-,-,-,-,-,-,-,-,-,-,-,-,-,-
2004," 石門區"," 女",24,0,1,0,1,7,4,4,2,1,1,0,2,1,0,0,0,0,0,0,-,-,-,-,-,-,-,-,-,-,-,-,-,-,-,-,-,-,-,-,-,-,-,-,-,-,-,-,-,-,-,-,-,-,-,-,-,-,-,-
2004," 八里區"," 計",534,60,59,79,59,49,42,31,36,54,35,18,6,1,2,1,2,0,0,0,-,-,-,-,-,-,-,-,-,-,-,-,-,-,-,-,-,-,-,-,-,-,-,-,-,-,-,-,-,-,-,-,-,-,-,-,-,-,-,-
2004," 八里區"," 男",272,27,28,48,29,26,18,12,15,29,14,15,6,0,2,1,2,0,0,0,-,-,-,-,-,-,-,-,-,-,-,-,-,-,-,-,-,-,-,-,-,-,-,-,-,-,-,-,-,-,-,-,-,-,-,-,-,-,-,-
2004," 八里區"," 女",262,33,31,31,30,23,24,19,21,25,21,3,0,1,0,0,0,0,0,0,-,-,-,-,-,-,-,-,-,-,-,-,-,-,-,-,-,-,-,-,-,-,-,-,-,-,-,-,-,-,-,-,-,-,-,-,-,-,-,-
2004," 平溪區"," 計",20,2,3,0,1,0,2,3,1,2,0,1,3,1,1,0,0,0,0,0,-,-,-,-,-,-,-,-,-,-,-,-,-,-,-,-,-,-,-,-,-,-,-,-,-,-,-,-,-,-,-,-,-,-,-,-,-,-,-,-
2004," 平溪區"," 男",6,1,0,0,0,0,0,1,1,1,0,0,1,1,0,0,0,0,0,0,-,-,-,-,-,-,-,-,-,-,-,-,-,-,-,-,-,-,-,-,-,-,-,-,-,-,-,-,-,-,-,-,-,-,-,-,-,-,-,-
2004," 平溪區"," 女",14,1,3,0,1,0,2,2,0,1,0,1,2,0,1,0,0,0,0,0,-,-,-,-,-,-,-,-,-,-,-,-,-,-,-,-,-,-,-,-,-,-,-,-,-,-,-,-,-,-,-,-,-,-,-,-,-,-,-,-
2004," 雙溪區"," 計",14,4,2,0,0,2,0,1,1,2,2,0,0,0,0,0,0,0,0,0,-,-,-,-,-,-,-,-,-,-,-,-,-,-,-,-,-,-,-,-,-,-,-,-,-,-,-,-,-,-,-,-,-,-,-,-,-,-,-,-
2004," 雙溪區"," 男",8,2,2,0,0,0,0,0,1,1,2,0,0,0,0,0,0,0,0,0,-,-,-,-,-,-,-,-,-,-,-,-,-,-,-,-,-,-,-,-,-,-,-,-,-,-,-,-,-,-,-,-,-,-,-,-,-,-,-,-
2004," 雙溪區"," 女",6,2,0,0,0,2,0,1,0,1,0,0,0,0,0,0,0,0,0,0,-,-,-,-,-,-,-,-,-,-,-,-,-,-,-,-,-,-,-,-,-,-,-,-,-,-,-,-,-,-,-,-,-,-,-,-,-,-,-,-
2004," 貢寮區"," 計",68,8,12,5,7,8,6,4,9,4,3,2,0,0,0,0,0,0,0,0,-,-,-,-,-,-,-,-,-,-,-,-,-,-,-,-,-,-,-,-,-,-,-,-,-,-,-,-,-,-,-,-,-,-,-,-,-,-,-,-
2004," 貢寮區"," 男",29,4,7,1,4,2,1,1,5,2,2,0,0,0,0,0,0,0,0,0,-,-,-,-,-,-,-,-,-,-,-,-,-,-,-,-,-,-,-,-,-,-,-,-,-,-,-,-,-,-,-,-,-,-,-,-,-,-,-,-
2004," 貢寮區"," 女",39,4,5,4,3,6,5,3,4,2,1,2,0,0,0,0,0,0,0,0,-,-,-,-,-,-,-,-,-,-,-,-,-,-,-,-,-,-,-,-,-,-,-,-,-,-,-,-,-,-,-,-,-,-,-,-,-,-,-,-
2004," 金山區"," 計",74,5,7,11,7,7,5,10,9,6,1,3,2,1,0,0,0,0,0,0,-,-,-,-,-,-,-,-,-,-,-,-,-,-,-,-,-,-,-,-,-,-,-,-,-,-,-,-,-,-,-,-,-,-,-,-,-,-,-,-
2004," 金山區"," 男",27,3,2,6,2,2,1,2,4,3,0,1,0,1,0,0,0,0,0,0,-,-,-,-,-,-,-,-,-,-,-,-,-,-,-,-,-,-,-,-,-,-,-,-,-,-,-,-,-,-,-,-,-,-,-,-,-,-,-,-
2004," 金山區"," 女",47,2,5,5,5,5,4,8,5,3,1,2,2,0,0,0,0,0,0,0,-,-,-,-,-,-,-,-,-,-,-,-,-,-,-,-,-,-,-,-,-,-,-,-,-,-,-,-,-,-,-,-,-,-,-,-,-,-,-,-
2004," 萬里區"," 計",234,13,33,25,29,21,15,18,24,19,22,8,4,0,2,1,0,0,0,0,-,-,-,-,-,-,-,-,-,-,-,-,-,-,-,-,-,-,-,-,-,-,-,-,-,-,-,-,-,-,-,-,-,-,-,-,-,-,-,-
2004," 萬里區"," 男",118,5,22,11,15,8,8,9,10,9,13,5,2,0,0,1,0,0,0,0,-,-,-,-,-,-,-,-,-,-,-,-,-,-,-,-,-,-,-,-,-,-,-,-,-,-,-,-,-,-,-,-,-,-,-,-,-,-,-,-
2004," 萬里區"," 女",116,8,11,14,14,13,7,9,14,10,9,3,2,0,2,0,0,0,0,0,-,-,-,-,-,-,-,-,-,-,-,-,-,-,-,-,-,-,-,-,-,-,-,-,-,-,-,-,-,-,-,-,-,-,-,-,-,-,-,-
2004," 烏來區"," 計",2205,182,172,179,209,207,184,177,182,192,157,135,65,62,55,28,14,3,2,0,-,-,-,-,-,-,-,-,-,-,-,-,-,-,-,-,-,-,-,-,-,-,-,-,-,-,-,-,-,-,-,-,-,-,-,-,-,-,-,-
2004," 烏來區"," 男",1110,103,84,90,127,110,88,85,94,100,73,59,30,30,26,9,2,0,0,0,-,-,-,-,-,-,-,-,-,-,-,-,-,-,-,-,-,-,-,-,-,-,-,-,-,-,-,-,-,-,-,-,-,-,-,-,-,-,-,-
2004," 烏來區"," 女",1095,79,88,89,82,97,96,92,88,92,84,76,35,32,29,19,12,3,2,0,-,-,-,-,-,-,-,-,-,-,-,-,-,-,-,-,-,-,-,-,-,-,-,-,-,-,-,-,-,-,-,-,-,-,-,-,-,-,-,-
2005," 新北市"," 計",39741,2756,4202,4609,3996,3839,3557,3333,3436,3400,2718,1845,950,476,322,161,95,27,17,2,-,-,-,-,-,-,-,-,-,-,-,-,-,-,-,-,-,-,-,-,-,-,-,-,-,-,-,-,-,-,-,-,-,-,-,-,-,-,-,-
2005," 新北市"," 男",18805,1421,2156,2372,2011,1911,1550,1329,1379,1484,1246,939,486,237,155,73,37,12,6,1,-,-,-,-,-,-,-,-,-,-,-,-,-,-,-,-,-,-,-,-,-,-,-,-,-,-,-,-,-,-,-,-,-,-,-,-,-,-,-,-
2005," 新北市"," 女",20936,1335,2046,2237,1985,1928,2007,2004,2057,1916,1472,906,464,239,167,88,58,15,11,1,-,-,-,-,-,-,-,-,-,-,-,-,-,-,-,-,-,-,-,-,-,-,-,-,-,-,-,-,-,-,-,-,-,-,-,-,-,-,-,-
2005," 板橋區"," 計",2858,178,285,337,311,279,234,245,266,259,190,143,69,27,22,4,5,2,2,0,-,-,-,-,-,-,-,-,-,-,-,-,-,-,-,-,-,-,-,-,-,-,-,-,-,-,-,-,-,-,-,-,-,-,-,-,-,-,-,-
2005," 板橋區"," 男",1268,93,147,170,153,118,94,91,99,98,83,63,34,13,9,0,2,1,0,0,-,-,-,-,-,-,-,-,-,-,-,-,-,-,-,-,-,-,-,-,-,-,-,-,-,-,-,-,-,-,-,-,-,-,-,-,-,-,-,-
2005," 板橋區"," 女",1590,85,138,167,158,161,140,154,167,161,107,80,35,14,13,4,3,1,2,0,-,-,-,-,-,-,-,-,-,-,-,-,-,-,-,-,-,-,-,-,-,-,-,-,-,-,-,-,-,-,-,-,-,-,-,-,-,-,-,-
2005," 三重區"," 計",1399,88,164,169,152,140,125,145,137,121,80,41,23,10,1,3,0,0,0,0,-,-,-,-,-,-,-,-,-,-,-,-,-,-,-,-,-,-,-,-,-,-,-,-,-,-,-,-,-,-,-,-,-,-,-,-,-,-,-,-
2005," 三重區"," 男",601,50,81,92,72,63,38,50,41,38,39,19,10,6,1,1,0,0,0,0,-,-,-,-,-,-,-,-,-,-,-,-,-,-,-,-,-,-,-,-,-,-,-,-,-,-,-,-,-,-,-,-,-,-,-,-,-,-,-,-
2005," 三重區"," 女",798,38,83,77,80,77,87,95,96,83,41,22,13,4,0,2,0,0,0,0,-,-,-,-,-,-,-,-,-,-,-,-,-,-,-,-,-,-,-,-,-,-,-,-,-,-,-,-,-,-,-,-,-,-,-,-,-,-,-,-
2005," 中和區"," 計",1904,109,178,159,201,193,173,176,168,181,136,119,60,26,14,7,2,1,1,0,-,-,-,-,-,-,-,-,-,-,-,-,-,-,-,-,-,-,-,-,-,-,-,-,-,-,-,-,-,-,-,-,-,-,-,-,-,-,-,-
2005," 中和區"," 男",806,64,93,84,90,96,63,70,54,54,53,54,14,11,3,2,1,0,0,0,-,-,-,-,-,-,-,-,-,-,-,-,-,-,-,-,-,-,-,-,-,-,-,-,-,-,-,-,-,-,-,-,-,-,-,-,-,-,-,-
2005," 中和區"," 女",1098,45,85,75,111,97,110,106,114,127,83,65,46,15,11,5,1,1,1,0,-,-,-,-,-,-,-,-,-,-,-,-,-,-,-,-,-,-,-,-,-,-,-,-,-,-,-,-,-,-,-,-,-,-,-,-,-,-,-,-
2005," 永和區"," 計",613,28,50,70,65,40,56,59,51,80,50,20,19,10,9,2,2,2,0,0,-,-,-,-,-,-,-,-,-,-,-,-,-,-,-,-,-,-,-,-,-,-,-,-,-,-,-,-,-,-,-,-,-,-,-,-,-,-,-,-
2005," 永和區"," 男",242,12,34,37,29,18,17,16,16,27,20,8,3,1,2,0,1,1,0,0,-,-,-,-,-,-,-,-,-,-,-,-,-,-,-,-,-,-,-,-,-,-,-,-,-,-,-,-,-,-,-,-,-,-,-,-,-,-,-,-
2005," 永和區"," 女",371,16,16,33,36,22,39,43,35,53,30,12,16,9,7,2,1,1,0,0,-,-,-,-,-,-,-,-,-,-,-,-,-,-,-,-,-,-,-,-,-,-,-,-,-,-,-,-,-,-,-,-,-,-,-,-,-,-,-,-
2005," 新莊區"," 計",3751,305,414,470,403,360,350,315,310,321,232,153,58,30,14,10,2,2,2,0,-,-,-,-,-,-,-,-,-,-,-,-,-,-,-,-,-,-,-,-,-,-,-,-,-,-,-,-,-,-,-,-,-,-,-,-,-,-,-,-
2005," 新莊區"," 男",1756,154,219,241,202,173,134,117,119,145,111,82,27,16,7,4,1,2,2,0,-,-,-,-,-,-,-,-,-,-,-,-,-,-,-,-,-,-,-,-,-,-,-,-,-,-,-,-,-,-,-,-,-,-,-,-,-,-,-,-
2005," 新莊區"," 女",1995,151,195,229,201,187,216,198,191,176,121,71,31,14,7,6,1,0,0,0,-,-,-,-,-,-,-,-,-,-,-,-,-,-,-,-,-,-,-,-,-,-,-,-,-,-,-,-,-,-,-,-,-,-,-,-,-,-,-,-
2005," 新店區"," 計",2563,146,262,259,220,245,249,221,200,218,193,157,82,46,33,17,11,2,1,1,-,-,-,-,-,-,-,-,-,-,-,-,-,-,-,-,-,-,-,-,-,-,-,-,-,-,-,-,-,-,-,-,-,-,-,-,-,-,-,-
2005," 新店區"," 男",1165,75,138,117,107,127,110,92,75,92,64,77,35,23,13,11,6,2,1,0,-,-,-,-,-,-,-,-,-,-,-,-,-,-,-,-,-,-,-,-,-,-,-,-,-,-,-,-,-,-,-,-,-,-,-,-,-,-,-,-
2005," 新店區"," 女",1398,71,124,142,113,118,139,129,125,126,129,80,47,23,20,6,5,0,0,1,-,-,-,-,-,-,-,-,-,-,-,-,-,-,-,-,-,-,-,-,-,-,-,-,-,-,-,-,-,-,-,-,-,-,-,-,-,-,-,-
2005," 樹林區"," 計",5060,409,617,619,517,531,458,388,428,431,327,174,88,36,18,10,6,1,1,1,-,-,-,-,-,-,-,-,-,-,-,-,-,-,-,-,-,-,-,-,-,-,-,-,-,-,-,-,-,-,-,-,-,-,-,-,-,-,-,-
2005," 樹林區"," 男",2464,206,315,325,274,250,199,150,183,199,162,104,56,24,7,5,3,1,0,1,-,-,-,-,-,-,-,-,-,-,-,-,-,-,-,-,-,-,-,-,-,-,-,-,-,-,-,-,-,-,-,-,-,-,-,-,-,-,-,-
2005," 樹林區"," 女",2596,203,302,294,243,281,259,238,245,232,165,70,32,12,11,5,3,0,1,0,-,-,-,-,-,-,-,-,-,-,-,-,-,-,-,-,-,-,-,-,-,-,-,-,-,-,-,-,-,-,-,-,-,-,-,-,-,-,-,-
2005," 鶯歌區"," 計",2016,159,259,278,204,188,164,159,180,166,120,60,35,22,11,7,3,0,1,0,-,-,-,-,-,-,-,-,-,-,-,-,-,-,-,-,-,-,-,-,-,-,-,-,-,-,-,-,-,-,-,-,-,-,-,-,-,-,-,-
2005," 鶯歌區"," 男",991,75,131,141,101,109,84,66,73,78,64,30,18,13,6,2,0,0,0,0,-,-,-,-,-,-,-,-,-,-,-,-,-,-,-,-,-,-,-,-,-,-,-,-,-,-,-,-,-,-,-,-,-,-,-,-,-,-,-,-
2005," 鶯歌區"," 女",1025,84,128,137,103,79,80,93,107,88,56,30,17,9,5,5,3,0,1,0,-,-,-,-,-,-,-,-,-,-,-,-,-,-,-,-,-,-,-,-,-,-,-,-,-,-,-,-,-,-,-,-,-,-,-,-,-,-,-,-
2005," 三峽區"," 計",1579,121,200,207,184,132,125,137,148,122,94,61,31,6,7,1,3,0,0,0,-,-,-,-,-,-,-,-,-,-,-,-,-,-,-,-,-,-,-,-,-,-,-,-,-,-,-,-,-,-,-,-,-,-,-,-,-,-,-,-
2005," 三峽區"," 男",770,59,112,104,89,76,58,55,56,52,47,32,22,3,4,1,0,0,0,0,-,-,-,-,-,-,-,-,-,-,-,-,-,-,-,-,-,-,-,-,-,-,-,-,-,-,-,-,-,-,-,-,-,-,-,-,-,-,-,-
2005," 三峽區"," 女",809,62,88,103,95,56,67,82,92,70,47,29,9,3,3,0,3,0,0,0,-,-,-,-,-,-,-,-,-,-,-,-,-,-,-,-,-,-,-,-,-,-,-,-,-,-,-,-,-,-,-,-,-,-,-,-,-,-,-,-
2005," 淡水區"," 計",1076,73,125,135,111,109,90,74,109,85,71,53,23,12,4,1,1,0,0,0,-,-,-,-,-,-,-,-,-,-,-,-,-,-,-,-,-,-,-,-,-,-,-,-,-,-,-,-,-,-,-,-,-,-,-,-,-,-,-,-
2005," 淡水區"," 男",505,38,66,72,54,57,40,27,35,29,35,29,14,6,2,0,1,0,0,0,-,-,-,-,-,-,-,-,-,-,-,-,-,-,-,-,-,-,-,-,-,-,-,-,-,-,-,-,-,-,-,-,-,-,-,-,-,-,-,-
2005," 淡水區"," 女",571,35,59,63,57,52,50,47,74,56,36,24,9,6,2,1,0,0,0,0,-,-,-,-,-,-,-,-,-,-,-,-,-,-,-,-,-,-,-,-,-,-,-,-,-,-,-,-,-,-,-,-,-,-,-,-,-,-,-,-
2005," 汐止區"," 計",3486,212,303,378,293,301,337,331,312,304,241,187,114,84,56,20,6,6,1,0,-,-,-,-,-,-,-,-,-,-,-,-,-,-,-,-,-,-,-,-,-,-,-,-,-,-,-,-,-,-,-,-,-,-,-,-,-,-,-,-
2005," 汐止區"," 男",1703,99,167,205,151,159,149,146,148,142,110,85,51,44,32,13,1,1,0,0,-,-,-,-,-,-,-,-,-,-,-,-,-,-,-,-,-,-,-,-,-,-,-,-,-,-,-,-,-,-,-,-,-,-,-,-,-,-,-,-
2005," 汐止區"," 女",1783,113,136,173,142,142,188,185,164,162,131,102,63,40,24,7,5,5,1,0,-,-,-,-,-,-,-,-,-,-,-,-,-,-,-,-,-,-,-,-,-,-,-,-,-,-,-,-,-,-,-,-,-,-,-,-,-,-,-,-
2005," 瑞芳區"," 計",1162,86,83,75,100,127,133,96,80,76,95,93,44,22,23,14,13,1,1,0,-,-,-,-,-,-,-,-,-,-,-,-,-,-,-,-,-,-,-,-,-,-,-,-,-,-,-,-,-,-,-,-,-,-,-,-,-,-,-,-
2005," 瑞芳區"," 男",593,45,43,33,48,61,77,40,44,41,43,48,28,11,14,8,8,0,1,0,-,-,-,-,-,-,-,-,-,-,-,-,-,-,-,-,-,-,-,-,-,-,-,-,-,-,-,-,-,-,-,-,-,-,-,-,-,-,-,-
2005," 瑞芳區"," 女",569,41,40,42,52,66,56,56,36,35,52,45,16,11,9,6,5,1,0,0,-,-,-,-,-,-,-,-,-,-,-,-,-,-,-,-,-,-,-,-,-,-,-,-,-,-,-,-,-,-,-,-,-,-,-,-,-,-,-,-
2005," 土城區"," 計",3760,224,352,406,387,411,359,294,281,307,319,220,99,38,26,15,15,5,2,0,-,-,-,-,-,-,-,-,-,-,-,-,-,-,-,-,-,-,-,-,-,-,-,-,-,-,-,-,-,-,-,-,-,-,-,-,-,-,-,-
2005," 土城區"," 男",1839,118,169,208,204,217,170,126,110,146,141,122,64,19,13,4,5,2,1,0,-,-,-,-,-,-,-,-,-,-,-,-,-,-,-,-,-,-,-,-,-,-,-,-,-,-,-,-,-,-,-,-,-,-,-,-,-,-,-,-
2005," 土城區"," 女",1921,106,183,198,183,194,189,168,171,161,178,98,35,19,13,11,10,3,1,0,-,-,-,-,-,-,-,-,-,-,-,-,-,-,-,-,-,-,-,-,-,-,-,-,-,-,-,-,-,-,-,-,-,-,-,-,-,-,-,-
2005," 蘆洲區"," 計",1592,92,173,220,160,146,137,140,174,138,103,58,27,7,10,2,3,0,2,0,-,-,-,-,-,-,-,-,-,-,-,-,-,-,-,-,-,-,-,-,-,-,-,-,-,-,-,-,-,-,-,-,-,-,-,-,-,-,-,-
2005," 蘆洲區"," 男",758,57,79,113,79,69,62,56,70,59,47,36,16,4,8,1,1,0,1,0,-,-,-,-,-,-,-,-,-,-,-,-,-,-,-,-,-,-,-,-,-,-,-,-,-,-,-,-,-,-,-,-,-,-,-,-,-,-,-,-
2005," 蘆洲區"," 女",834,35,94,107,81,77,75,84,104,79,56,22,11,3,2,1,2,0,1,0,-,-,-,-,-,-,-,-,-,-,-,-,-,-,-,-,-,-,-,-,-,-,-,-,-,-,-,-,-,-,-,-,-,-,-,-,-,-,-,-
2005," 五股區"," 計",1223,80,163,182,114,103,110,100,115,103,72,36,25,13,3,4,0,0,0,0,-,-,-,-,-,-,-,-,-,-,-,-,-,-,-,-,-,-,-,-,-,-,-,-,-,-,-,-,-,-,-,-,-,-,-,-,-,-,-,-
2005," 五股區"," 男",556,39,75,98,46,50,43,39,47,50,31,19,11,5,1,2,0,0,0,0,-,-,-,-,-,-,-,-,-,-,-,-,-,-,-,-,-,-,-,-,-,-,-,-,-,-,-,-,-,-,-,-,-,-,-,-,-,-,-,-
2005," 五股區"," 女",667,41,88,84,68,53,67,61,68,53,41,17,14,8,2,2,0,0,0,0,-,-,-,-,-,-,-,-,-,-,-,-,-,-,-,-,-,-,-,-,-,-,-,-,-,-,-,-,-,-,-,-,-,-,-,-,-,-,-,-
2005," 泰山區"," 計",926,69,119,127,87,84,83,80,83,77,53,31,20,7,1,1,3,1,0,0,-,-,-,-,-,-,-,-,-,-,-,-,-,-,-,-,-,-,-,-,-,-,-,-,-,-,-,-,-,-,-,-,-,-,-,-,-,-,-,-
2005," 泰山區"," 男",432,33,58,64,44,44,32,34,32,30,23,16,14,4,1,1,1,1,0,0,-,-,-,-,-,-,-,-,-,-,-,-,-,-,-,-,-,-,-,-,-,-,-,-,-,-,-,-,-,-,-,-,-,-,-,-,-,-,-,-
2005," 泰山區"," 女",494,36,61,63,43,40,51,46,51,47,30,15,6,3,0,0,2,0,0,0,-,-,-,-,-,-,-,-,-,-,-,-,-,-,-,-,-,-,-,-,-,-,-,-,-,-,-,-,-,-,-,-,-,-,-,-,-,-,-,-
2005," 林口區"," 計",996,67,128,130,93,98,72,87,87,80,64,37,18,12,14,5,3,1,0,0,-,-,-,-,-,-,-,-,-,-,-,-,-,-,-,-,-,-,-,-,-,-,-,-,-,-,-,-,-,-,-,-,-,-,-,-,-,-,-,-
2005," 林口區"," 男",461,35,60,60,45,43,28,32,42,37,31,20,12,4,7,1,3,1,0,0,-,-,-,-,-,-,-,-,-,-,-,-,-,-,-,-,-,-,-,-,-,-,-,-,-,-,-,-,-,-,-,-,-,-,-,-,-,-,-,-
2005," 林口區"," 女",535,32,68,70,48,55,44,55,45,43,33,17,6,8,7,4,0,0,0,0,-,-,-,-,-,-,-,-,-,-,-,-,-,-,-,-,-,-,-,-,-,-,-,-,-,-,-,-,-,-,-,-,-,-,-,-,-,-,-,-
2005," 深坑區"," 計",174,9,14,19,19,23,17,13,14,11,16,9,8,1,0,0,0,0,1,0,-,-,-,-,-,-,-,-,-,-,-,-,-,-,-,-,-,-,-,-,-,-,-,-,-,-,-,-,-,-,-,-,-,-,-,-,-,-,-,-
2005," 深坑區"," 男",79,5,10,13,11,11,8,1,4,3,6,3,4,0,0,0,0,0,0,0,-,-,-,-,-,-,-,-,-,-,-,-,-,-,-,-,-,-,-,-,-,-,-,-,-,-,-,-,-,-,-,-,-,-,-,-,-,-,-,-
2005," 深坑區"," 女",95,4,4,6,8,12,9,12,10,8,10,6,4,1,0,0,0,0,1,0,-,-,-,-,-,-,-,-,-,-,-,-,-,-,-,-,-,-,-,-,-,-,-,-,-,-,-,-,-,-,-,-,-,-,-,-,-,-,-,-
2005," 石碇區"," 計",20,0,5,8,1,1,0,1,1,2,1,0,0,0,0,0,0,0,0,0,-,-,-,-,-,-,-,-,-,-,-,-,-,-,-,-,-,-,-,-,-,-,-,-,-,-,-,-,-,-,-,-,-,-,-,-,-,-,-,-
2005," 石碇區"," 男",11,0,2,6,1,0,0,0,0,1,1,0,0,0,0,0,0,0,0,0,-,-,-,-,-,-,-,-,-,-,-,-,-,-,-,-,-,-,-,-,-,-,-,-,-,-,-,-,-,-,-,-,-,-,-,-,-,-,-,-
2005," 石碇區"," 女",9,0,3,2,0,1,0,1,1,1,0,0,0,0,0,0,0,0,0,0,-,-,-,-,-,-,-,-,-,-,-,-,-,-,-,-,-,-,-,-,-,-,-,-,-,-,-,-,-,-,-,-,-,-,-,-,-,-,-,-
2005," 坪林區"," 計",9,1,0,0,0,2,0,2,0,2,0,2,0,0,0,0,0,0,0,0,-,-,-,-,-,-,-,-,-,-,-,-,-,-,-,-,-,-,-,-,-,-,-,-,-,-,-,-,-,-,-,-,-,-,-,-,-,-,-,-
2005," 坪林區"," 男",7,1,0,0,0,2,0,1,0,2,0,1,0,0,0,0,0,0,0,0,-,-,-,-,-,-,-,-,-,-,-,-,-,-,-,-,-,-,-,-,-,-,-,-,-,-,-,-,-,-,-,-,-,-,-,-,-,-,-,-
2005," 坪林區"," 女",2,0,0,0,0,0,0,1,0,0,0,1,0,0,0,0,0,0,0,0,-,-,-,-,-,-,-,-,-,-,-,-,-,-,-,-,-,-,-,-,-,-,-,-,-,-,-,-,-,-,-,-,-,-,-,-,-,-,-,-
2005," 三芝區"," 計",261,15,19,38,45,25,15,12,28,33,18,7,3,2,1,0,0,0,0,0,-,-,-,-,-,-,-,-,-,-,-,-,-,-,-,-,-,-,-,-,-,-,-,-,-,-,-,-,-,-,-,-,-,-,-,-,-,-,-,-
2005," 三芝區"," 男",125,6,10,23,21,14,9,2,8,16,8,5,2,1,0,0,0,0,0,0,-,-,-,-,-,-,-,-,-,-,-,-,-,-,-,-,-,-,-,-,-,-,-,-,-,-,-,-,-,-,-,-,-,-,-,-,-,-,-,-
2005," 三芝區"," 女",136,9,9,15,24,11,6,10,20,17,10,2,1,1,1,0,0,0,0,0,-,-,-,-,-,-,-,-,-,-,-,-,-,-,-,-,-,-,-,-,-,-,-,-,-,-,-,-,-,-,-,-,-,-,-,-,-,-,-,-
2005," 石門區"," 計",44,2,3,2,5,6,5,2,3,9,4,0,2,1,0,0,0,0,0,0,-,-,-,-,-,-,-,-,-,-,-,-,-,-,-,-,-,-,-,-,-,-,-,-,-,-,-,-,-,-,-,-,-,-,-,-,-,-,-,-
2005," 石門區"," 男",18,1,1,1,4,1,0,1,1,5,3,0,0,0,0,0,0,0,0,0,-,-,-,-,-,-,-,-,-,-,-,-,-,-,-,-,-,-,-,-,-,-,-,-,-,-,-,-,-,-,-,-,-,-,-,-,-,-,-,-
2005," 石門區"," 女",26,1,2,1,1,5,5,1,2,4,1,0,2,1,0,0,0,0,0,0,-,-,-,-,-,-,-,-,-,-,-,-,-,-,-,-,-,-,-,-,-,-,-,-,-,-,-,-,-,-,-,-,-,-,-,-,-,-,-,-
2005," 八里區"," 計",538,53,57,77,65,52,34,37,39,51,38,20,9,2,1,1,2,0,0,0,-,-,-,-,-,-,-,-,-,-,-,-,-,-,-,-,-,-,-,-,-,-,-,-,-,-,-,-,-,-,-,-,-,-,-,-,-,-,-,-
2005," 八里區"," 男",280,29,25,43,34,27,16,17,16,27,19,15,8,0,1,1,2,0,0,0,-,-,-,-,-,-,-,-,-,-,-,-,-,-,-,-,-,-,-,-,-,-,-,-,-,-,-,-,-,-,-,-,-,-,-,-,-,-,-,-
2005," 八里區"," 女",258,24,32,34,31,25,18,20,23,24,19,5,1,2,0,0,0,0,0,0,-,-,-,-,-,-,-,-,-,-,-,-,-,-,-,-,-,-,-,-,-,-,-,-,-,-,-,-,-,-,-,-,-,-,-,-,-,-,-,-
2005," 平溪區"," 計",26,2,4,1,1,2,2,2,2,3,1,1,1,2,2,0,0,0,0,0,-,-,-,-,-,-,-,-,-,-,-,-,-,-,-,-,-,-,-,-,-,-,-,-,-,-,-,-,-,-,-,-,-,-,-,-,-,-,-,-
2005," 平溪區"," 男",9,2,0,1,0,2,0,0,1,1,0,0,0,1,1,0,0,0,0,0,-,-,-,-,-,-,-,-,-,-,-,-,-,-,-,-,-,-,-,-,-,-,-,-,-,-,-,-,-,-,-,-,-,-,-,-,-,-,-,-
2005," 平溪區"," 女",17,0,4,0,1,0,2,2,1,2,1,1,1,1,1,0,0,0,0,0,-,-,-,-,-,-,-,-,-,-,-,-,-,-,-,-,-,-,-,-,-,-,-,-,-,-,-,-,-,-,-,-,-,-,-,-,-,-,-,-
2005," 雙溪區"," 計",22,4,3,3,1,2,1,1,1,4,1,1,0,0,0,0,0,0,0,0,-,-,-,-,-,-,-,-,-,-,-,-,-,-,-,-,-,-,-,-,-,-,-,-,-,-,-,-,-,-,-,-,-,-,-,-,-,-,-,-
2005," 雙溪區"," 男",10,1,1,2,1,0,1,0,0,3,1,0,0,0,0,0,0,0,0,0,-,-,-,-,-,-,-,-,-,-,-,-,-,-,-,-,-,-,-,-,-,-,-,-,-,-,-,-,-,-,-,-,-,-,-,-,-,-,-,-
2005," 雙溪區"," 女",12,3,2,1,0,2,0,1,1,1,0,1,0,0,0,0,0,0,0,0,-,-,-,-,-,-,-,-,-,-,-,-,-,-,-,-,-,-,-,-,-,-,-,-,-,-,-,-,-,-,-,-,-,-,-,-,-,-,-,-
2005," 貢寮區"," 計",76,5,15,7,7,6,6,7,7,9,4,2,0,0,0,1,0,0,0,0,-,-,-,-,-,-,-,-,-,-,-,-,-,-,-,-,-,-,-,-,-,-,-,-,-,-,-,-,-,-,-,-,-,-,-,-,-,-,-,-
2005," 貢寮區"," 男",34,4,7,2,4,2,0,2,5,4,4,0,0,0,0,0,0,0,0,0,-,-,-,-,-,-,-,-,-,-,-,-,-,-,-,-,-,-,-,-,-,-,-,-,-,-,-,-,-,-,-,-,-,-,-,-,-,-,-,-
2005," 貢寮區"," 女",42,1,8,5,3,4,6,5,2,5,0,2,0,0,0,1,0,0,0,0,-,-,-,-,-,-,-,-,-,-,-,-,-,-,-,-,-,-,-,-,-,-,-,-,-,-,-,-,-,-,-,-,-,-,-,-,-,-,-,-
2005," 金山區"," 計",76,2,7,15,8,6,4,9,10,7,3,4,1,0,0,0,0,0,0,0,-,-,-,-,-,-,-,-,-,-,-,-,-,-,-,-,-,-,-,-,-,-,-,-,-,-,-,-,-,-,-,-,-,-,-,-,-,-,-,-
2005," 金山區"," 男",29,1,5,5,3,2,0,2,5,4,0,2,0,0,0,0,0,0,0,0,-,-,-,-,-,-,-,-,-,-,-,-,-,-,-,-,-,-,-,-,-,-,-,-,-,-,-,-,-,-,-,-,-,-,-,-,-,-,-,-
2005," 金山區"," 女",47,1,2,10,5,4,4,7,5,3,3,2,1,0,0,0,0,0,0,0,-,-,-,-,-,-,-,-,-,-,-,-,-,-,-,-,-,-,-,-,-,-,-,-,-,-,-,-,-,-,-,-,-,-,-,-,-,-,-,-
2005," 萬里區"," 計",236,12,25,28,32,22,16,18,21,19,23,11,6,0,1,2,0,0,0,0,-,-,-,-,-,-,-,-,-,-,-,-,-,-,-,-,-,-,-,-,-,-,-,-,-,-,-,-,-,-,-,-,-,-,-,-,-,-,-,-
2005," 萬里區"," 男",119,7,15,14,16,9,9,12,6,8,12,8,2,0,0,1,0,0,0,0,-,-,-,-,-,-,-,-,-,-,-,-,-,-,-,-,-,-,-,-,-,-,-,-,-,-,-,-,-,-,-,-,-,-,-,-,-,-,-,-
2005," 萬里區"," 女",117,5,10,14,16,13,7,6,15,11,11,3,4,0,1,1,0,0,0,0,-,-,-,-,-,-,-,-,-,-,-,-,-,-,-,-,-,-,-,-,-,-,-,-,-,-,-,-,-,-,-,-,-,-,-,-,-,-,-,-
2005," 烏來區"," 計",2295,205,175,190,210,205,202,182,181,181,169,145,85,60,51,34,15,3,2,0,-,-,-,-,-,-,-,-,-,-,-,-,-,-,-,-,-,-,-,-,-,-,-,-,-,-,-,-,-,-,-,-,-,-,-,-,-,-,-,-
2005," 烏來區"," 男",1174,112,93,98,128,111,109,84,89,93,88,61,41,28,23,15,1,0,0,0,-,-,-,-,-,-,-,-,-,-,-,-,-,-,-,-,-,-,-,-,-,-,-,-,-,-,-,-,-,-,-,-,-,-,-,-,-,-,-,-
2005," 烏來區"," 女",1121,93,82,92,82,94,93,98,92,88,81,84,44,32,28,19,14,3,2,0,-,-,-,-,-,-,-,-,-,-,-,-,-,-,-,-,-,-,-,-,-,-,-,-,-,-,-,-,-,-,-,-,-,-,-,-,-,-,-,-
2006," 新北市"," 計",41949,2808,4282,4874,4328,3865,3842,3529,3589,3479,2914,2106,1122,514,362,173,103,45,10,4,-,-,-,-,-,-,-,-,-,-,-,-,-,-,-,-,-,-,-,-,-,-,-,-,-,-,-,-,-,-,-,-,-,-,-,-,-,-,-,-
2006," 新北市"," 男",19800,1472,2210,2474,2192,1930,1721,1454,1420,1486,1285,1040,554,260,167,76,38,18,3,0,-,-,-,-,-,-,-,-,-,-,-,-,-,-,-,-,-,-,-,-,-,-,-,-,-,-,-,-,-,-,-,-,-,-,-,-,-,-,-,-
2006," 新北市"," 女",22149,1336,2072,2400,2136,1935,2121,2075,2169,1993,1629,1066,568,254,195,97,65,27,7,4,-,-,-,-,-,-,-,-,-,-,-,-,-,-,-,-,-,-,-,-,-,-,-,-,-,-,-,-,-,-,-,-,-,-,-,-,-,-,-,-
2006," 板橋區"," 計",3035,174,297,360,334,276,284,245,264,279,203,158,86,33,25,5,7,3,1,1,-,-,-,-,-,-,-,-,-,-,-,-,-,-,-,-,-,-,-,-,-,-,-,-,-,-,-,-,-,-,-,-,-,-,-,-,-,-,-,-
2006," 板橋區"," 男",1346,94,148,185,160,131,111,99,102,99,84,64,37,16,11,2,2,1,0,0,-,-,-,-,-,-,-,-,-,-,-,-,-,-,-,-,-,-,-,-,-,-,-,-,-,-,-,-,-,-,-,-,-,-,-,-,-,-,-,-
2006," 板橋區"," 女",1689,80,149,175,174,145,173,146,162,180,119,94,49,17,14,3,5,2,1,1,-,-,-,-,-,-,-,-,-,-,-,-,-,-,-,-,-,-,-,-,-,-,-,-,-,-,-,-,-,-,-,-,-,-,-,-,-,-,-,-
2006," 三重區"," 計",1525,101,176,184,175,134,145,152,156,113,93,53,24,13,3,2,0,1,0,0,-,-,-,-,-,-,-,-,-,-,-,-,-,-,-,-,-,-,-,-,-,-,-,-,-,-,-,-,-,-,-,-,-,-,-,-,-,-,-,-
2006," 三重區"," 男",660,61,91,91,90,59,39,54,47,42,40,26,11,7,2,0,0,0,0,0,-,-,-,-,-,-,-,-,-,-,-,-,-,-,-,-,-,-,-,-,-,-,-,-,-,-,-,-,-,-,-,-,-,-,-,-,-,-,-,-
2006," 三重區"," 女",865,40,85,93,85,75,106,98,109,71,53,27,13,6,1,2,0,1,0,0,-,-,-,-,-,-,-,-,-,-,-,-,-,-,-,-,-,-,-,-,-,-,-,-,-,-,-,-,-,-,-,-,-,-,-,-,-,-,-,-
2006," 中和區"," 計",2056,134,172,178,230,195,196,186,167,168,157,134,78,27,20,8,4,1,1,0,-,-,-,-,-,-,-,-,-,-,-,-,-,-,-,-,-,-,-,-,-,-,-,-,-,-,-,-,-,-,-,-,-,-,-,-,-,-,-,-
2006," 中和區"," 男",871,75,94,92,103,98,74,77,51,55,55,58,21,10,4,1,3,0,0,0,-,-,-,-,-,-,-,-,-,-,-,-,-,-,-,-,-,-,-,-,-,-,-,-,-,-,-,-,-,-,-,-,-,-,-,-,-,-,-,-
2006," 中和區"," 女",1185,59,78,86,127,97,122,109,116,113,102,76,57,17,16,7,1,1,1,0,-,-,-,-,-,-,-,-,-,-,-,-,-,-,-,-,-,-,-,-,-,-,-,-,-,-,-,-,-,-,-,-,-,-,-,-,-,-,-,-
2006," 永和區"," 計",639,30,59,72,56,44,57,59,69,74,47,25,19,11,12,3,0,2,0,0,-,-,-,-,-,-,-,-,-,-,-,-,-,-,-,-,-,-,-,-,-,-,-,-,-,-,-,-,-,-,-,-,-,-,-,-,-,-,-,-
2006," 永和區"," 男",251,15,37,37,25,19,23,12,25,23,17,10,3,2,2,0,0,1,0,0,-,-,-,-,-,-,-,-,-,-,-,-,-,-,-,-,-,-,-,-,-,-,-,-,-,-,-,-,-,-,-,-,-,-,-,-,-,-,-,-
2006," 永和區"," 女",388,15,22,35,31,25,34,47,44,51,30,15,16,9,10,3,0,1,0,0,-,-,-,-,-,-,-,-,-,-,-,-,-,-,-,-,-,-,-,-,-,-,-,-,-,-,-,-,-,-,-,-,-,-,-,-,-,-,-,-
2006," 新莊區"," 計",3948,297,439,473,439,387,364,331,331,331,250,160,81,30,19,9,4,2,1,0,-,-,-,-,-,-,-,-,-,-,-,-,-,-,-,-,-,-,-,-,-,-,-,-,-,-,-,-,-,-,-,-,-,-,-,-,-,-,-,-
2006," 新莊區"," 男",1868,161,230,248,220,189,146,130,129,137,119,89,37,17,9,4,0,2,1,0,-,-,-,-,-,-,-,-,-,-,-,-,-,-,-,-,-,-,-,-,-,-,-,-,-,-,-,-,-,-,-,-,-,-,-,-,-,-,-,-
2006," 新莊區"," 女",2080,136,209,225,219,198,218,201,202,194,131,71,44,13,10,5,4,0,0,0,-,-,-,-,-,-,-,-,-,-,-,-,-,-,-,-,-,-,-,-,-,-,-,-,-,-,-,-,-,-,-,-,-,-,-,-,-,-,-,-
2006," 新店區"," 計",2629,128,258,275,233,243,258,237,212,197,211,160,93,51,36,22,10,4,0,1,-,-,-,-,-,-,-,-,-,-,-,-,-,-,-,-,-,-,-,-,-,-,-,-,-,-,-,-,-,-,-,-,-,-,-,-,-,-,-,-
2006," 新店區"," 男",1186,62,129,125,122,122,113,106,87,79,70,76,36,25,16,10,4,4,0,0,-,-,-,-,-,-,-,-,-,-,-,-,-,-,-,-,-,-,-,-,-,-,-,-,-,-,-,-,-,-,-,-,-,-,-,-,-,-,-,-
2006," 新店區"," 女",1443,66,129,150,111,121,145,131,125,118,141,84,57,26,20,12,6,0,0,1,-,-,-,-,-,-,-,-,-,-,-,-,-,-,-,-,-,-,-,-,-,-,-,-,-,-,-,-,-,-,-,-,-,-,-,-,-,-,-,-
2006," 樹林區"," 計",5343,411,616,644,562,541,480,441,442,459,344,215,109,43,17,8,7,3,1,0,-,-,-,-,-,-,-,-,-,-,-,-,-,-,-,-,-,-,-,-,-,-,-,-,-,-,-,-,-,-,-,-,-,-,-,-,-,-,-,-
2006," 樹林區"," 男",2593,208,325,317,302,255,233,172,180,205,160,121,70,27,9,3,5,1,0,0,-,-,-,-,-,-,-,-,-,-,-,-,-,-,-,-,-,-,-,-,-,-,-,-,-,-,-,-,-,-,-,-,-,-,-,-,-,-,-,-
2006," 樹林區"," 女",2750,203,291,327,260,286,247,269,262,254,184,94,39,16,8,5,2,2,1,0,-,-,-,-,-,-,-,-,-,-,-,-,-,-,-,-,-,-,-,-,-,-,-,-,-,-,-,-,-,-,-,-,-,-,-,-,-,-,-,-
2006," 鶯歌區"," 計",2152,154,270,290,236,196,182,170,180,172,135,84,37,21,12,7,6,0,0,0,-,-,-,-,-,-,-,-,-,-,-,-,-,-,-,-,-,-,-,-,-,-,-,-,-,-,-,-,-,-,-,-,-,-,-,-,-,-,-,-
2006," 鶯歌區"," 男",1046,71,132,155,116,111,85,76,71,73,72,42,22,11,5,3,1,0,0,0,-,-,-,-,-,-,-,-,-,-,-,-,-,-,-,-,-,-,-,-,-,-,-,-,-,-,-,-,-,-,-,-,-,-,-,-,-,-,-,-
2006," 鶯歌區"," 女",1106,83,138,135,120,85,97,94,109,99,63,42,15,10,7,4,5,0,0,0,-,-,-,-,-,-,-,-,-,-,-,-,-,-,-,-,-,-,-,-,-,-,-,-,-,-,-,-,-,-,-,-,-,-,-,-,-,-,-,-
2006," 三峽區"," 計",1781,128,217,244,216,153,133,148,166,147,105,75,31,6,8,1,3,0,0,0,-,-,-,-,-,-,-,-,-,-,-,-,-,-,-,-,-,-,-,-,-,-,-,-,-,-,-,-,-,-,-,-,-,-,-,-,-,-,-,-
2006," 三峽區"," 男",869,69,114,126,110,74,72,64,54,69,51,35,21,4,5,1,0,0,0,0,-,-,-,-,-,-,-,-,-,-,-,-,-,-,-,-,-,-,-,-,-,-,-,-,-,-,-,-,-,-,-,-,-,-,-,-,-,-,-,-
2006," 三峽區"," 女",912,59,103,118,106,79,61,84,112,78,54,40,10,2,3,0,3,0,0,0,-,-,-,-,-,-,-,-,-,-,-,-,-,-,-,-,-,-,-,-,-,-,-,-,-,-,-,-,-,-,-,-,-,-,-,-,-,-,-,-
2006," 淡水區"," 計",1142,65,138,145,120,98,109,83,112,86,73,66,28,11,4,3,0,1,0,0,-,-,-,-,-,-,-,-,-,-,-,-,-,-,-,-,-,-,-,-,-,-,-,-,-,-,-,-,-,-,-,-,-,-,-,-,-,-,-,-
2006," 淡水區"," 男",532,35,69,72,61,55,51,30,38,29,31,40,13,5,2,0,0,1,0,0,-,-,-,-,-,-,-,-,-,-,-,-,-,-,-,-,-,-,-,-,-,-,-,-,-,-,-,-,-,-,-,-,-,-,-,-,-,-,-,-
2006," 淡水區"," 女",610,30,69,73,59,43,58,53,74,57,42,26,15,6,2,3,0,0,0,0,-,-,-,-,-,-,-,-,-,-,-,-,-,-,-,-,-,-,-,-,-,-,-,-,-,-,-,-,-,-,-,-,-,-,-,-,-,-,-,-
2006," 汐止區"," 計",3679,217,303,402,308,291,344,364,325,317,274,204,129,91,70,21,10,7,1,1,-,-,-,-,-,-,-,-,-,-,-,-,-,-,-,-,-,-,-,-,-,-,-,-,-,-,-,-,-,-,-,-,-,-,-,-,-,-,-,-
2006," 汐止區"," 男",1771,100,165,216,163,146,157,170,145,148,120,87,51,46,39,11,5,2,0,0,-,-,-,-,-,-,-,-,-,-,-,-,-,-,-,-,-,-,-,-,-,-,-,-,-,-,-,-,-,-,-,-,-,-,-,-,-,-,-,-
2006," 汐止區"," 女",1908,117,138,186,145,145,187,194,180,169,154,117,78,45,31,10,5,5,1,1,-,-,-,-,-,-,-,-,-,-,-,-,-,-,-,-,-,-,-,-,-,-,-,-,-,-,-,-,-,-,-,-,-,-,-,-,-,-,-,-
2006," 瑞芳區"," 計",1163,89,85,84,101,115,120,105,84,76,75,102,50,27,19,13,15,2,1,0,-,-,-,-,-,-,-,-,-,-,-,-,-,-,-,-,-,-,-,-,-,-,-,-,-,-,-,-,-,-,-,-,-,-,-,-,-,-,-,-
2006," 瑞芳區"," 男",596,51,47,34,46,54,74,46,45,44,30,47,34,15,11,10,6,1,1,0,-,-,-,-,-,-,-,-,-,-,-,-,-,-,-,-,-,-,-,-,-,-,-,-,-,-,-,-,-,-,-,-,-,-,-,-,-,-,-,-
2006," 瑞芳區"," 女",567,38,38,50,55,61,46,59,39,32,45,55,16,12,8,3,9,1,0,0,-,-,-,-,-,-,-,-,-,-,-,-,-,-,-,-,-,-,-,-,-,-,-,-,-,-,-,-,-,-,-,-,-,-,-,-,-,-,-,-
2006," 土城區"," 計",3764,211,333,412,381,392,384,281,301,286,331,237,113,37,28,16,10,10,1,0,-,-,-,-,-,-,-,-,-,-,-,-,-,-,-,-,-,-,-,-,-,-,-,-,-,-,-,-,-,-,-,-,-,-,-,-,-,-,-,-
2006," 土城區"," 男",1842,122,158,201,198,221,187,121,113,127,147,129,76,20,10,7,2,3,0,0,-,-,-,-,-,-,-,-,-,-,-,-,-,-,-,-,-,-,-,-,-,-,-,-,-,-,-,-,-,-,-,-,-,-,-,-,-,-,-,-
2006," 土城區"," 女",1922,89,175,211,183,171,197,160,188,159,184,108,37,17,18,9,8,7,1,0,-,-,-,-,-,-,-,-,-,-,-,-,-,-,-,-,-,-,-,-,-,-,-,-,-,-,-,-,-,-,-,-,-,-,-,-,-,-,-,-
2006," 蘆洲區"," 計",1688,88,183,212,188,144,161,143,166,144,122,72,36,12,9,3,1,2,2,0,-,-,-,-,-,-,-,-,-,-,-,-,-,-,-,-,-,-,-,-,-,-,-,-,-,-,-,-,-,-,-,-,-,-,-,-,-,-,-,-
2006," 蘆洲區"," 男",798,57,87,118,88,64,71,56,68,59,52,41,20,7,6,2,1,0,1,0,-,-,-,-,-,-,-,-,-,-,-,-,-,-,-,-,-,-,-,-,-,-,-,-,-,-,-,-,-,-,-,-,-,-,-,-,-,-,-,-
2006," 蘆洲區"," 女",890,31,96,94,100,80,90,87,98,85,70,31,16,5,3,1,0,2,1,0,-,-,-,-,-,-,-,-,-,-,-,-,-,-,-,-,-,-,-,-,-,-,-,-,-,-,-,-,-,-,-,-,-,-,-,-,-,-,-,-
2006," 五股區"," 計",1327,89,156,205,132,105,113,119,121,112,77,54,23,13,6,2,0,0,0,0,-,-,-,-,-,-,-,-,-,-,-,-,-,-,-,-,-,-,-,-,-,-,-,-,-,-,-,-,-,-,-,-,-,-,-,-,-,-,-,-
2006," 五股區"," 男",618,43,75,110,59,54,41,51,51,53,35,27,10,7,1,1,0,0,0,0,-,-,-,-,-,-,-,-,-,-,-,-,-,-,-,-,-,-,-,-,-,-,-,-,-,-,-,-,-,-,-,-,-,-,-,-,-,-,-,-
2006," 五股區"," 女",709,46,81,95,73,51,72,68,70,59,42,27,13,6,5,1,0,0,0,0,-,-,-,-,-,-,-,-,-,-,-,-,-,-,-,-,-,-,-,-,-,-,-,-,-,-,-,-,-,-,-,-,-,-,-,-,-,-,-,-
2006," 泰山區"," 計",971,69,120,135,88,91,88,81,85,78,60,40,22,7,3,0,3,1,0,0,-,-,-,-,-,-,-,-,-,-,-,-,-,-,-,-,-,-,-,-,-,-,-,-,-,-,-,-,-,-,-,-,-,-,-,-,-,-,-,-
2006," 泰山區"," 男",452,32,61,68,47,38,43,32,30,29,28,19,16,5,2,0,1,1,0,0,-,-,-,-,-,-,-,-,-,-,-,-,-,-,-,-,-,-,-,-,-,-,-,-,-,-,-,-,-,-,-,-,-,-,-,-,-,-,-,-
2006," 泰山區"," 女",519,37,59,67,41,53,45,49,55,49,32,21,6,2,1,0,2,0,0,0,-,-,-,-,-,-,-,-,-,-,-,-,-,-,-,-,-,-,-,-,-,-,-,-,-,-,-,-,-,-,-,-,-,-,-,-,-,-,-,-
2006," 林口區"," 計",1112,86,132,152,113,85,92,86,104,88,73,45,19,14,13,4,5,1,0,0,-,-,-,-,-,-,-,-,-,-,-,-,-,-,-,-,-,-,-,-,-,-,-,-,-,-,-,-,-,-,-,-,-,-,-,-,-,-,-,-
2006," 林口區"," 男",518,45,66,75,52,40,37,28,49,45,34,21,11,4,7,0,4,0,0,0,-,-,-,-,-,-,-,-,-,-,-,-,-,-,-,-,-,-,-,-,-,-,-,-,-,-,-,-,-,-,-,-,-,-,-,-,-,-,-,-
2006," 林口區"," 女",594,41,66,77,61,45,55,58,55,43,39,24,8,10,6,4,1,1,0,0,-,-,-,-,-,-,-,-,-,-,-,-,-,-,-,-,-,-,-,-,-,-,-,-,-,-,-,-,-,-,-,-,-,-,-,-,-,-,-,-
2006," 深坑區"," 計",183,16,12,16,16,25,24,11,15,13,11,13,9,2,0,0,0,0,0,0,-,-,-,-,-,-,-,-,-,-,-,-,-,-,-,-,-,-,-,-,-,-,-,-,-,-,-,-,-,-,-,-,-,-,-,-,-,-,-,-
2006," 深坑區"," 男",74,5,9,8,9,10,11,2,4,4,3,5,3,1,0,0,0,0,0,0,-,-,-,-,-,-,-,-,-,-,-,-,-,-,-,-,-,-,-,-,-,-,-,-,-,-,-,-,-,-,-,-,-,-,-,-,-,-,-,-
2006," 深坑區"," 女",109,11,3,8,7,15,13,9,11,9,8,8,6,1,0,0,0,0,0,0,-,-,-,-,-,-,-,-,-,-,-,-,-,-,-,-,-,-,-,-,-,-,-,-,-,-,-,-,-,-,-,-,-,-,-,-,-,-,-,-
2006," 石碇區"," 計",32,1,5,6,4,6,1,2,2,1,3,1,0,0,0,0,0,0,0,0,-,-,-,-,-,-,-,-,-,-,-,-,-,-,-,-,-,-,-,-,-,-,-,-,-,-,-,-,-,-,-,-,-,-,-,-,-,-,-,-
2006," 石碇區"," 男",12,0,2,3,3,1,0,0,0,1,1,1,0,0,0,0,0,0,0,0,-,-,-,-,-,-,-,-,-,-,-,-,-,-,-,-,-,-,-,-,-,-,-,-,-,-,-,-,-,-,-,-,-,-,-,-,-,-,-,-
2006," 石碇區"," 女",20,1,3,3,1,5,1,2,2,0,2,0,0,0,0,0,0,0,0,0,-,-,-,-,-,-,-,-,-,-,-,-,-,-,-,-,-,-,-,-,-,-,-,-,-,-,-,-,-,-,-,-,-,-,-,-,-,-,-,-
2006," 坪林區"," 計",9,1,0,2,0,1,1,2,0,1,0,1,0,0,0,0,0,0,0,0,-,-,-,-,-,-,-,-,-,-,-,-,-,-,-,-,-,-,-,-,-,-,-,-,-,-,-,-,-,-,-,-,-,-,-,-,-,-,-,-
2006," 坪林區"," 男",7,1,0,2,0,1,1,1,0,1,0,0,0,0,0,0,0,0,0,0,-,-,-,-,-,-,-,-,-,-,-,-,-,-,-,-,-,-,-,-,-,-,-,-,-,-,-,-,-,-,-,-,-,-,-,-,-,-,-,-
2006," 坪林區"," 女",2,0,0,0,0,0,0,1,0,0,0,1,0,0,0,0,0,0,0,0,-,-,-,-,-,-,-,-,-,-,-,-,-,-,-,-,-,-,-,-,-,-,-,-,-,-,-,-,-,-,-,-,-,-,-,-,-,-,-,-
2006," 三芝區"," 計",279,13,21,38,42,31,21,14,26,25,28,10,5,3,2,0,0,0,0,0,-,-,-,-,-,-,-,-,-,-,-,-,-,-,-,-,-,-,-,-,-,-,-,-,-,-,-,-,-,-,-,-,-,-,-,-,-,-,-,-
2006," 三芝區"," 男",132,5,10,24,18,20,10,2,8,12,11,6,4,1,1,0,0,0,0,0,-,-,-,-,-,-,-,-,-,-,-,-,-,-,-,-,-,-,-,-,-,-,-,-,-,-,-,-,-,-,-,-,-,-,-,-,-,-,-,-
2006," 三芝區"," 女",147,8,11,14,24,11,11,12,18,13,17,4,1,2,1,0,0,0,0,0,-,-,-,-,-,-,-,-,-,-,-,-,-,-,-,-,-,-,-,-,-,-,-,-,-,-,-,-,-,-,-,-,-,-,-,-,-,-,-,-
2006," 石門區"," 計",46,2,2,4,6,5,4,3,3,7,7,0,2,1,0,0,0,0,0,0,-,-,-,-,-,-,-,-,-,-,-,-,-,-,-,-,-,-,-,-,-,-,-,-,-,-,-,-,-,-,-,-,-,-,-,-,-,-,-,-
2006," 石門區"," 男",19,1,0,2,5,1,0,0,1,3,6,0,0,0,0,0,0,0,0,0,-,-,-,-,-,-,-,-,-,-,-,-,-,-,-,-,-,-,-,-,-,-,-,-,-,-,-,-,-,-,-,-,-,-,-,-,-,-,-,-
2006," 石門區"," 女",27,1,2,2,1,4,4,3,2,4,1,0,2,1,0,0,0,0,0,0,-,-,-,-,-,-,-,-,-,-,-,-,-,-,-,-,-,-,-,-,-,-,-,-,-,-,-,-,-,-,-,-,-,-,-,-,-,-,-,-
2006," 八里區"," 計",604,63,61,83,76,55,41,43,35,58,47,25,10,3,1,1,1,1,0,0,-,-,-,-,-,-,-,-,-,-,-,-,-,-,-,-,-,-,-,-,-,-,-,-,-,-,-,-,-,-,-,-,-,-,-,-,-,-,-,-
2006," 八里區"," 男",313,32,30,43,41,29,22,19,15,30,22,16,9,1,1,1,1,1,0,0,-,-,-,-,-,-,-,-,-,-,-,-,-,-,-,-,-,-,-,-,-,-,-,-,-,-,-,-,-,-,-,-,-,-,-,-,-,-,-,-
2006," 八里區"," 女",291,31,31,40,35,26,19,24,20,28,25,9,1,2,0,0,0,0,0,0,-,-,-,-,-,-,-,-,-,-,-,-,-,-,-,-,-,-,-,-,-,-,-,-,-,-,-,-,-,-,-,-,-,-,-,-,-,-,-,-
2006," 平溪區"," 計",22,1,4,2,0,2,0,3,2,2,0,1,1,2,2,0,0,0,0,0,-,-,-,-,-,-,-,-,-,-,-,-,-,-,-,-,-,-,-,-,-,-,-,-,-,-,-,-,-,-,-,-,-,-,-,-,-,-,-,-
2006," 平溪區"," 男",6,1,1,1,0,0,0,0,1,0,0,0,0,1,1,0,0,0,0,0,-,-,-,-,-,-,-,-,-,-,-,-,-,-,-,-,-,-,-,-,-,-,-,-,-,-,-,-,-,-,-,-,-,-,-,-,-,-,-,-
2006," 平溪區"," 女",16,0,3,1,0,2,0,3,1,2,0,1,1,1,1,0,0,0,0,0,-,-,-,-,-,-,-,-,-,-,-,-,-,-,-,-,-,-,-,-,-,-,-,-,-,-,-,-,-,-,-,-,-,-,-,-,-,-,-,-
2006," 雙溪區"," 計",21,2,2,3,2,2,1,2,1,3,2,1,0,0,0,0,0,0,0,0,-,-,-,-,-,-,-,-,-,-,-,-,-,-,-,-,-,-,-,-,-,-,-,-,-,-,-,-,-,-,-,-,-,-,-,-,-,-,-,-
2006," 雙溪區"," 男",7,0,0,1,1,0,0,1,0,2,2,0,0,0,0,0,0,0,0,0,-,-,-,-,-,-,-,-,-,-,-,-,-,-,-,-,-,-,-,-,-,-,-,-,-,-,-,-,-,-,-,-,-,-,-,-,-,-,-,-
2006," 雙溪區"," 女",14,2,2,2,1,2,1,1,1,1,0,1,0,0,0,0,0,0,0,0,-,-,-,-,-,-,-,-,-,-,-,-,-,-,-,-,-,-,-,-,-,-,-,-,-,-,-,-,-,-,-,-,-,-,-,-,-,-,-,-
2006," 貢寮區"," 計",74,3,15,12,7,3,8,4,9,8,2,2,0,0,0,1,0,0,0,0,-,-,-,-,-,-,-,-,-,-,-,-,-,-,-,-,-,-,-,-,-,-,-,-,-,-,-,-,-,-,-,-,-,-,-,-,-,-,-,-
2006," 貢寮區"," 男",31,3,6,5,4,2,1,0,4,4,2,0,0,0,0,0,0,0,0,0,-,-,-,-,-,-,-,-,-,-,-,-,-,-,-,-,-,-,-,-,-,-,-,-,-,-,-,-,-,-,-,-,-,-,-,-,-,-,-,-
2006," 貢寮區"," 女",43,0,9,7,3,1,7,4,5,4,0,2,0,0,0,1,0,0,0,0,-,-,-,-,-,-,-,-,-,-,-,-,-,-,-,-,-,-,-,-,-,-,-,-,-,-,-,-,-,-,-,-,-,-,-,-,-,-,-,-
2006," 金山區"," 計",85,4,9,14,9,6,4,5,15,6,9,3,1,0,0,0,0,0,0,0,-,-,-,-,-,-,-,-,-,-,-,-,-,-,-,-,-,-,-,-,-,-,-,-,-,-,-,-,-,-,-,-,-,-,-,-,-,-,-,-
2006," 金山區"," 男",31,1,6,5,3,3,0,2,5,1,4,1,0,0,0,0,0,0,0,0,-,-,-,-,-,-,-,-,-,-,-,-,-,-,-,-,-,-,-,-,-,-,-,-,-,-,-,-,-,-,-,-,-,-,-,-,-,-,-,-
2006," 金山區"," 女",54,3,3,9,6,3,4,3,10,5,5,2,1,0,0,0,0,0,0,0,-,-,-,-,-,-,-,-,-,-,-,-,-,-,-,-,-,-,-,-,-,-,-,-,-,-,-,-,-,-,-,-,-,-,-,-,-,-,-,-
2006," 萬里區"," 計",246,16,20,31,33,28,15,16,19,24,19,11,8,1,2,3,0,0,0,0,-,-,-,-,-,-,-,-,-,-,-,-,-,-,-,-,-,-,-,-,-,-,-,-,-,-,-,-,-,-,-,-,-,-,-,-,-,-,-,-
2006," 萬里區"," 男",129,10,14,15,15,13,10,10,7,9,11,9,3,0,1,2,0,0,0,0,-,-,-,-,-,-,-,-,-,-,-,-,-,-,-,-,-,-,-,-,-,-,-,-,-,-,-,-,-,-,-,-,-,-,-,-,-,-,-,-
2006," 萬里區"," 女",117,6,6,16,18,15,5,6,12,15,8,2,5,1,1,1,0,0,0,0,-,-,-,-,-,-,-,-,-,-,-,-,-,-,-,-,-,-,-,-,-,-,-,-,-,-,-,-,-,-,-,-,-,-,-,-,-,-,-,-
2006," 烏來區"," 計",2394,215,177,196,221,211,212,193,177,204,156,154,108,55,51,41,17,4,1,1,-,-,-,-,-,-,-,-,-,-,-,-,-,-,-,-,-,-,-,-,-,-,-,-,-,-,-,-,-,-,-,-,-,-,-,-,-,-,-,-
2006," 烏來區"," 男",1222,112,104,95,131,120,109,93,90,103,78,70,46,28,22,18,3,0,0,0,-,-,-,-,-,-,-,-,-,-,-,-,-,-,-,-,-,-,-,-,-,-,-,-,-,-,-,-,-,-,-,-,-,-,-,-,-,-,-,-
2006," 烏來區"," 女",1172,103,73,101,90,91,103,100,87,101,78,84,62,27,29,23,14,4,1,1,-,-,-,-,-,-,-,-,-,-,-,-,-,-,-,-,-,-,-,-,-,-,-,-,-,-,-,-,-,-,-,-,-,-,-,-,-,-,-,-
2007," 新北市"," 計",43865,2922,4239,5037,4684,3853,4172,3657,3653,3620,3097,2294,1290,580,398,176,126,51,11,5,-,-,-,-,-,-,-,-,-,-,-,-,-,-,-,-,-,-,-,-,-,-,-,-,-,-,-,-,-,-,-,-,-,-,-,-,-,-,-,-
2007," 新北市"," 男",20676,1537,2157,2548,2410,1913,1911,1535,1453,1505,1352,1098,635,279,188,81,48,21,5,0,-,-,-,-,-,-,-,-,-,-,-,-,-,-,-,-,-,-,-,-,-,-,-,-,-,-,-,-,-,-,-,-,-,-,-,-,-,-,-,-
2007," 新北市"," 女",23189,1385,2082,2489,2274,1940,2261,2122,2200,2115,1745,1196,655,301,210,95,78,30,6,5,-,-,-,-,-,-,-,-,-,-,-,-,-,-,-,-,-,-,-,-,-,-,-,-,-,-,-,-,-,-,-,-,-,-,-,-,-,-,-,-
2007," 板橋區"," 計",3232,205,281,389,369,277,318,251,295,290,208,165,103,38,25,7,7,2,0,2,-,-,-,-,-,-,-,-,-,-,-,-,-,-,-,-,-,-,-,-,-,-,-,-,-,-,-,-,-,-,-,-,-,-,-,-,-,-,-,-
2007," 板橋區"," 男",1412,106,139,191,182,130,129,98,108,102,83,70,41,17,10,5,1,0,0,0,-,-,-,-,-,-,-,-,-,-,-,-,-,-,-,-,-,-,-,-,-,-,-,-,-,-,-,-,-,-,-,-,-,-,-,-,-,-,-,-
2007," 板橋區"," 女",1820,99,142,198,187,147,189,153,187,188,125,95,62,21,15,2,6,2,0,2,-,-,-,-,-,-,-,-,-,-,-,-,-,-,-,-,-,-,-,-,-,-,-,-,-,-,-,-,-,-,-,-,-,-,-,-,-,-,-,-
2007," 三重區"," 計",1667,109,191,203,187,153,161,152,165,127,110,55,32,13,5,1,1,2,0,0,-,-,-,-,-,-,-,-,-,-,-,-,-,-,-,-,-,-,-,-,-,-,-,-,-,-,-,-,-,-,-,-,-,-,-,-,-,-,-,-
2007," 三重區"," 男",726,69,93,102,105,68,47,49,51,49,39,28,14,7,4,0,0,1,0,0,-,-,-,-,-,-,-,-,-,-,-,-,-,-,-,-,-,-,-,-,-,-,-,-,-,-,-,-,-,-,-,-,-,-,-,-,-,-,-,-
2007," 三重區"," 女",941,40,98,101,82,85,114,103,114,78,71,27,18,6,1,1,1,1,0,0,-,-,-,-,-,-,-,-,-,-,-,-,-,-,-,-,-,-,-,-,-,-,-,-,-,-,-,-,-,-,-,-,-,-,-,-,-,-,-,-
2007," 中和區"," 計",2150,131,169,186,236,202,212,179,183,173,183,134,85,43,19,6,7,1,1,0,-,-,-,-,-,-,-,-,-,-,-,-,-,-,-,-,-,-,-,-,-,-,-,-,-,-,-,-,-,-,-,-,-,-,-,-,-,-,-,-
2007," 中和區"," 男",914,75,95,98,112,95,87,66,63,51,66,55,29,14,4,1,3,0,0,0,-,-,-,-,-,-,-,-,-,-,-,-,-,-,-,-,-,-,-,-,-,-,-,-,-,-,-,-,-,-,-,-,-,-,-,-,-,-,-,-
2007," 中和區"," 女",1236,56,74,88,124,107,125,113,120,122,117,79,56,29,15,5,4,1,1,0,-,-,-,-,-,-,-,-,-,-,-,-,-,-,-,-,-,-,-,-,-,-,-,-,-,-,-,-,-,-,-,-,-,-,-,-,-,-,-,-
2007," 永和區"," 計",652,29,49,75,63,47,54,68,66,60,55,31,25,12,10,5,0,2,1,0,-,-,-,-,-,-,-,-,-,-,-,-,-,-,-,-,-,-,-,-,-,-,-,-,-,-,-,-,-,-,-,-,-,-,-,-,-,-,-,-
2007," 永和區"," 男",249,14,26,41,28,13,26,19,22,19,19,14,5,1,1,0,0,1,0,0,-,-,-,-,-,-,-,-,-,-,-,-,-,-,-,-,-,-,-,-,-,-,-,-,-,-,-,-,-,-,-,-,-,-,-,-,-,-,-,-
2007," 永和區"," 女",403,15,23,34,35,34,28,49,44,41,36,17,20,11,9,5,0,1,1,0,-,-,-,-,-,-,-,-,-,-,-,-,-,-,-,-,-,-,-,-,-,-,-,-,-,-,-,-,-,-,-,-,-,-,-,-,-,-,-,-
2007," 新莊區"," 計",4162,311,445,496,470,399,378,362,337,325,279,187,94,41,19,10,6,2,1,0,-,-,-,-,-,-,-,-,-,-,-,-,-,-,-,-,-,-,-,-,-,-,-,-,-,-,-,-,-,-,-,-,-,-,-,-,-,-,-,-
2007," 新莊區"," 男",1946,163,222,260,235,200,149,147,130,128,129,96,44,25,7,6,2,2,1,0,-,-,-,-,-,-,-,-,-,-,-,-,-,-,-,-,-,-,-,-,-,-,-,-,-,-,-,-,-,-,-,-,-,-,-,-,-,-,-,-
2007," 新莊區"," 女",2216,148,223,236,235,199,229,215,207,197,150,91,50,16,12,4,4,0,0,0,-,-,-,-,-,-,-,-,-,-,-,-,-,-,-,-,-,-,-,-,-,-,-,-,-,-,-,-,-,-,-,-,-,-,-,-,-,-,-,-
2007," 新店區"," 計",2790,146,244,301,261,236,272,256,223,216,206,186,109,55,37,19,17,4,1,1,-,-,-,-,-,-,-,-,-,-,-,-,-,-,-,-,-,-,-,-,-,-,-,-,-,-,-,-,-,-,-,-,-,-,-,-,-,-,-,-
2007," 新店區"," 男",1246,78,112,146,136,107,131,116,86,89,68,72,47,23,17,8,5,4,1,0,-,-,-,-,-,-,-,-,-,-,-,-,-,-,-,-,-,-,-,-,-,-,-,-,-,-,-,-,-,-,-,-,-,-,-,-,-,-,-,-
2007," 新店區"," 女",1544,68,132,155,125,129,141,140,137,127,138,114,62,32,20,11,12,0,0,1,-,-,-,-,-,-,-,-,-,-,-,-,-,-,-,-,-,-,-,-,-,-,-,-,-,-,-,-,-,-,-,-,-,-,-,-,-,-,-,-
2007," 樹林區"," 計",5501,406,602,674,596,527,531,454,444,446,385,231,118,46,19,11,9,2,0,0,-,-,-,-,-,-,-,-,-,-,-,-,-,-,-,-,-,-,-,-,-,-,-,-,-,-,-,-,-,-,-,-,-,-,-,-,-,-,-,-
2007," 樹林區"," 男",2696,209,317,334,330,256,249,197,186,197,173,122,75,28,12,4,6,1,0,0,-,-,-,-,-,-,-,-,-,-,-,-,-,-,-,-,-,-,-,-,-,-,-,-,-,-,-,-,-,-,-,-,-,-,-,-,-,-,-,-
2007," 樹林區"," 女",2805,197,285,340,266,271,282,257,258,249,212,109,43,18,7,7,3,1,0,0,-,-,-,-,-,-,-,-,-,-,-,-,-,-,-,-,-,-,-,-,-,-,-,-,-,-,-,-,-,-,-,-,-,-,-,-,-,-,-,-
2007," 鶯歌區"," 計",2317,164,303,308,255,196,204,186,189,179,146,99,37,20,20,4,6,1,0,0,-,-,-,-,-,-,-,-,-,-,-,-,-,-,-,-,-,-,-,-,-,-,-,-,-,-,-,-,-,-,-,-,-,-,-,-,-,-,-,-
2007," 鶯歌區"," 男",1135,79,155,160,128,102,101,91,76,67,79,51,24,10,9,2,1,0,0,0,-,-,-,-,-,-,-,-,-,-,-,-,-,-,-,-,-,-,-,-,-,-,-,-,-,-,-,-,-,-,-,-,-,-,-,-,-,-,-,-
2007," 鶯歌區"," 女",1182,85,148,148,127,94,103,95,113,112,67,48,13,10,11,2,5,1,0,0,-,-,-,-,-,-,-,-,-,-,-,-,-,-,-,-,-,-,-,-,-,-,-,-,-,-,-,-,-,-,-,-,-,-,-,-,-,-,-,-
2007," 三峽區"," 計",1912,143,215,259,225,151,167,145,171,165,118,89,39,9,13,1,2,0,0,0,-,-,-,-,-,-,-,-,-,-,-,-,-,-,-,-,-,-,-,-,-,-,-,-,-,-,-,-,-,-,-,-,-,-,-,-,-,-,-,-
2007," 三峽區"," 男",932,70,116,138,110,71,83,61,69,76,52,48,25,4,8,1,0,0,0,0,-,-,-,-,-,-,-,-,-,-,-,-,-,-,-,-,-,-,-,-,-,-,-,-,-,-,-,-,-,-,-,-,-,-,-,-,-,-,-,-
2007," 三峽區"," 女",980,73,99,121,115,80,84,84,102,89,66,41,14,5,5,0,2,0,0,0,-,-,-,-,-,-,-,-,-,-,-,-,-,-,-,-,-,-,-,-,-,-,-,-,-,-,-,-,-,-,-,-,-,-,-,-,-,-,-,-
2007," 淡水區"," 計",1214,71,140,154,137,98,118,90,105,102,69,66,41,12,7,3,0,1,0,0,-,-,-,-,-,-,-,-,-,-,-,-,-,-,-,-,-,-,-,-,-,-,-,-,-,-,-,-,-,-,-,-,-,-,-,-,-,-,-,-
2007," 淡水區"," 男",560,34,64,84,68,51,56,29,39,39,27,40,19,5,3,1,0,1,0,0,-,-,-,-,-,-,-,-,-,-,-,-,-,-,-,-,-,-,-,-,-,-,-,-,-,-,-,-,-,-,-,-,-,-,-,-,-,-,-,-
2007," 淡水區"," 女",654,37,76,70,69,47,62,61,66,63,42,26,22,7,4,2,0,0,0,0,-,-,-,-,-,-,-,-,-,-,-,-,-,-,-,-,-,-,-,-,-,-,-,-,-,-,-,-,-,-,-,-,-,-,-,-,-,-,-,-
2007," 汐止區"," 計",3799,233,306,391,340,284,350,386,320,331,279,211,154,92,76,25,11,6,3,1,-,-,-,-,-,-,-,-,-,-,-,-,-,-,-,-,-,-,-,-,-,-,-,-,-,-,-,-,-,-,-,-,-,-,-,-,-,-,-,-
2007," 汐止區"," 男",1842,109,165,210,178,143,170,179,141,157,120,95,63,45,45,12,7,1,2,0,-,-,-,-,-,-,-,-,-,-,-,-,-,-,-,-,-,-,-,-,-,-,-,-,-,-,-,-,-,-,-,-,-,-,-,-,-,-,-,-
2007," 汐止區"," 女",1957,124,141,181,162,141,180,207,179,174,159,116,91,47,31,13,4,5,1,1,-,-,-,-,-,-,-,-,-,-,-,-,-,-,-,-,-,-,-,-,-,-,-,-,-,-,-,-,-,-,-,-,-,-,-,-,-,-,-,-
2007," 瑞芳區"," 計",1168,91,84,88,94,107,133,101,78,75,75,108,54,26,22,14,13,5,0,0,-,-,-,-,-,-,-,-,-,-,-,-,-,-,-,-,-,-,-,-,-,-,-,-,-,-,-,-,-,-,-,-,-,-,-,-,-,-,-,-
2007," 瑞芳區"," 男",606,50,44,40,47,58,68,53,42,46,32,47,32,15,13,10,7,2,0,0,-,-,-,-,-,-,-,-,-,-,-,-,-,-,-,-,-,-,-,-,-,-,-,-,-,-,-,-,-,-,-,-,-,-,-,-,-,-,-,-
2007," 瑞芳區"," 女",562,41,40,48,47,49,65,48,36,29,43,61,22,11,9,4,6,3,0,0,-,-,-,-,-,-,-,-,-,-,-,-,-,-,-,-,-,-,-,-,-,-,-,-,-,-,-,-,-,-,-,-,-,-,-,-,-,-,-,-
2007," 土城區"," 計",3858,208,306,422,401,382,420,300,279,304,331,267,123,46,28,18,11,12,0,0,-,-,-,-,-,-,-,-,-,-,-,-,-,-,-,-,-,-,-,-,-,-,-,-,-,-,-,-,-,-,-,-,-,-,-,-,-,-,-,-
2007," 土城區"," 男",1898,123,153,203,204,216,218,138,102,125,150,134,77,29,12,6,3,5,0,0,-,-,-,-,-,-,-,-,-,-,-,-,-,-,-,-,-,-,-,-,-,-,-,-,-,-,-,-,-,-,-,-,-,-,-,-,-,-,-,-
2007," 土城區"," 女",1960,85,153,219,197,166,202,162,177,179,181,133,46,17,16,12,8,7,0,0,-,-,-,-,-,-,-,-,-,-,-,-,-,-,-,-,-,-,-,-,-,-,-,-,-,-,-,-,-,-,-,-,-,-,-,-,-,-,-,-
2007," 蘆洲區"," 計",1745,98,172,192,214,143,175,141,165,160,128,77,44,17,9,2,3,2,3,0,-,-,-,-,-,-,-,-,-,-,-,-,-,-,-,-,-,-,-,-,-,-,-,-,-,-,-,-,-,-,-,-,-,-,-,-,-,-,-,-
2007," 蘆洲區"," 男",815,56,84,101,109,64,78,57,67,63,55,38,27,7,4,2,2,0,1,0,-,-,-,-,-,-,-,-,-,-,-,-,-,-,-,-,-,-,-,-,-,-,-,-,-,-,-,-,-,-,-,-,-,-,-,-,-,-,-,-
2007," 蘆洲區"," 女",930,42,88,91,105,79,97,84,98,97,73,39,17,10,5,0,1,2,2,0,-,-,-,-,-,-,-,-,-,-,-,-,-,-,-,-,-,-,-,-,-,-,-,-,-,-,-,-,-,-,-,-,-,-,-,-,-,-,-,-
2007," 五股區"," 計",1370,86,158,207,160,93,112,118,111,136,83,52,28,14,8,4,0,0,0,0,-,-,-,-,-,-,-,-,-,-,-,-,-,-,-,-,-,-,-,-,-,-,-,-,-,-,-,-,-,-,-,-,-,-,-,-,-,-,-,-
2007," 五股區"," 男",635,46,71,103,84,41,51,48,47,59,41,21,14,6,2,1,0,0,0,0,-,-,-,-,-,-,-,-,-,-,-,-,-,-,-,-,-,-,-,-,-,-,-,-,-,-,-,-,-,-,-,-,-,-,-,-,-,-,-,-
2007," 五股區"," 女",735,40,87,104,76,52,61,70,64,77,42,31,14,8,6,3,0,0,0,0,-,-,-,-,-,-,-,-,-,-,-,-,-,-,-,-,-,-,-,-,-,-,-,-,-,-,-,-,-,-,-,-,-,-,-,-,-,-,-,-
2007," 泰山區"," 計",1036,89,105,137,98,100,99,80,91,87,63,45,27,5,5,0,4,1,0,0,-,-,-,-,-,-,-,-,-,-,-,-,-,-,-,-,-,-,-,-,-,-,-,-,-,-,-,-,-,-,-,-,-,-,-,-,-,-,-,-
2007," 泰山區"," 男",479,43,59,63,50,46,47,27,37,29,28,25,16,3,4,0,1,1,0,0,-,-,-,-,-,-,-,-,-,-,-,-,-,-,-,-,-,-,-,-,-,-,-,-,-,-,-,-,-,-,-,-,-,-,-,-,-,-,-,-
2007," 泰山區"," 女",557,46,46,74,48,54,52,53,54,58,35,20,11,2,1,0,3,0,0,0,-,-,-,-,-,-,-,-,-,-,-,-,-,-,-,-,-,-,-,-,-,-,-,-,-,-,-,-,-,-,-,-,-,-,-,-,-,-,-,-
2007," 林口區"," 計",1180,85,135,160,122,80,107,91,121,93,77,49,20,15,16,2,7,0,0,0,-,-,-,-,-,-,-,-,-,-,-,-,-,-,-,-,-,-,-,-,-,-,-,-,-,-,-,-,-,-,-,-,-,-,-,-,-,-,-,-
2007," 林口區"," 男",543,51,58,77,55,39,43,29,55,48,38,22,11,5,8,0,4,0,0,0,-,-,-,-,-,-,-,-,-,-,-,-,-,-,-,-,-,-,-,-,-,-,-,-,-,-,-,-,-,-,-,-,-,-,-,-,-,-,-,-
2007," 林口區"," 女",637,34,77,83,67,41,64,62,66,45,39,27,9,10,8,2,3,0,0,0,-,-,-,-,-,-,-,-,-,-,-,-,-,-,-,-,-,-,-,-,-,-,-,-,-,-,-,-,-,-,-,-,-,-,-,-,-,-,-,-
2007," 深坑區"," 計",209,19,18,18,17,28,26,16,15,17,10,13,6,5,1,0,0,0,0,0,-,-,-,-,-,-,-,-,-,-,-,-,-,-,-,-,-,-,-,-,-,-,-,-,-,-,-,-,-,-,-,-,-,-,-,-,-,-,-,-
2007," 深坑區"," 男",98,9,11,10,11,12,15,6,5,7,2,5,2,2,1,0,0,0,0,0,-,-,-,-,-,-,-,-,-,-,-,-,-,-,-,-,-,-,-,-,-,-,-,-,-,-,-,-,-,-,-,-,-,-,-,-,-,-,-,-
2007," 深坑區"," 女",111,10,7,8,6,16,11,10,10,10,8,8,4,3,0,0,0,0,0,0,-,-,-,-,-,-,-,-,-,-,-,-,-,-,-,-,-,-,-,-,-,-,-,-,-,-,-,-,-,-,-,-,-,-,-,-,-,-,-,-
2007," 石碇區"," 計",29,0,3,7,5,5,1,1,2,0,4,1,0,0,0,0,0,0,0,0,-,-,-,-,-,-,-,-,-,-,-,-,-,-,-,-,-,-,-,-,-,-,-,-,-,-,-,-,-,-,-,-,-,-,-,-,-,-,-,-
2007," 石碇區"," 男",12,0,2,2,4,1,0,0,0,0,2,1,0,0,0,0,0,0,0,0,-,-,-,-,-,-,-,-,-,-,-,-,-,-,-,-,-,-,-,-,-,-,-,-,-,-,-,-,-,-,-,-,-,-,-,-,-,-,-,-
2007," 石碇區"," 女",17,0,1,5,1,4,1,1,2,0,2,0,0,0,0,0,0,0,0,0,-,-,-,-,-,-,-,-,-,-,-,-,-,-,-,-,-,-,-,-,-,-,-,-,-,-,-,-,-,-,-,-,-,-,-,-,-,-,-,-
2007," 坪林區"," 計",10,1,0,2,0,1,1,3,0,1,0,1,0,0,0,0,0,0,0,0,-,-,-,-,-,-,-,-,-,-,-,-,-,-,-,-,-,-,-,-,-,-,-,-,-,-,-,-,-,-,-,-,-,-,-,-,-,-,-,-
2007," 坪林區"," 男",7,1,0,2,0,1,1,1,0,1,0,0,0,0,0,0,0,0,0,0,-,-,-,-,-,-,-,-,-,-,-,-,-,-,-,-,-,-,-,-,-,-,-,-,-,-,-,-,-,-,-,-,-,-,-,-,-,-,-,-
2007," 坪林區"," 女",3,0,0,0,0,0,0,2,0,0,0,1,0,0,0,0,0,0,0,0,-,-,-,-,-,-,-,-,-,-,-,-,-,-,-,-,-,-,-,-,-,-,-,-,-,-,-,-,-,-,-,-,-,-,-,-,-,-,-,-
2007," 三芝區"," 計",291,12,24,32,50,35,23,13,26,19,32,15,4,4,2,0,0,0,0,0,-,-,-,-,-,-,-,-,-,-,-,-,-,-,-,-,-,-,-,-,-,-,-,-,-,-,-,-,-,-,-,-,-,-,-,-,-,-,-,-
2007," 三芝區"," 男",132,6,9,21,20,21,11,3,6,5,16,8,4,1,1,0,0,0,0,0,-,-,-,-,-,-,-,-,-,-,-,-,-,-,-,-,-,-,-,-,-,-,-,-,-,-,-,-,-,-,-,-,-,-,-,-,-,-,-,-
2007," 三芝區"," 女",159,6,15,11,30,14,12,10,20,14,16,7,0,3,1,0,0,0,0,0,-,-,-,-,-,-,-,-,-,-,-,-,-,-,-,-,-,-,-,-,-,-,-,-,-,-,-,-,-,-,-,-,-,-,-,-,-,-,-,-
2007," 石門區"," 計",53,3,2,8,7,3,5,2,4,8,7,1,0,3,0,0,0,0,0,0,-,-,-,-,-,-,-,-,-,-,-,-,-,-,-,-,-,-,-,-,-,-,-,-,-,-,-,-,-,-,-,-,-,-,-,-,-,-,-,-
2007," 石門區"," 男",21,0,1,2,6,0,1,0,1,3,6,1,0,0,0,0,0,0,0,0,-,-,-,-,-,-,-,-,-,-,-,-,-,-,-,-,-,-,-,-,-,-,-,-,-,-,-,-,-,-,-,-,-,-,-,-,-,-,-,-
2007," 石門區"," 女",32,3,1,6,1,3,4,2,3,5,1,0,0,3,0,0,0,0,0,0,-,-,-,-,-,-,-,-,-,-,-,-,-,-,-,-,-,-,-,-,-,-,-,-,-,-,-,-,-,-,-,-,-,-,-,-,-,-,-,-
2007," 八里區"," 計",652,60,73,78,85,59,50,44,45,58,44,35,12,5,1,1,1,1,0,0,-,-,-,-,-,-,-,-,-,-,-,-,-,-,-,-,-,-,-,-,-,-,-,-,-,-,-,-,-,-,-,-,-,-,-,-,-,-,-,-
2007," 八里區"," 男",338,31,36,42,44,30,25,20,21,30,23,20,9,3,1,1,1,1,0,0,-,-,-,-,-,-,-,-,-,-,-,-,-,-,-,-,-,-,-,-,-,-,-,-,-,-,-,-,-,-,-,-,-,-,-,-,-,-,-,-
2007," 八里區"," 女",314,29,37,36,41,29,25,24,24,28,21,15,3,2,0,0,0,0,0,0,-,-,-,-,-,-,-,-,-,-,-,-,-,-,-,-,-,-,-,-,-,-,-,-,-,-,-,-,-,-,-,-,-,-,-,-,-,-,-,-
2007," 平溪區"," 計",22,1,4,2,2,0,0,3,1,2,1,1,0,3,2,0,0,0,0,0,-,-,-,-,-,-,-,-,-,-,-,-,-,-,-,-,-,-,-,-,-,-,-,-,-,-,-,-,-,-,-,-,-,-,-,-,-,-,-,-
2007," 平溪區"," 男",7,1,1,0,2,0,0,0,0,1,0,0,0,1,1,0,0,0,0,0,-,-,-,-,-,-,-,-,-,-,-,-,-,-,-,-,-,-,-,-,-,-,-,-,-,-,-,-,-,-,-,-,-,-,-,-,-,-,-,-
2007," 平溪區"," 女",15,0,3,2,0,0,0,3,1,1,1,1,0,2,1,0,0,0,0,0,-,-,-,-,-,-,-,-,-,-,-,-,-,-,-,-,-,-,-,-,-,-,-,-,-,-,-,-,-,-,-,-,-,-,-,-,-,-,-,-
2007," 雙溪區"," 計",24,1,4,2,3,2,3,3,1,0,4,1,0,0,0,0,0,0,0,0,-,-,-,-,-,-,-,-,-,-,-,-,-,-,-,-,-,-,-,-,-,-,-,-,-,-,-,-,-,-,-,-,-,-,-,-,-,-,-,-
2007," 雙溪區"," 男",11,0,1,1,1,0,2,2,0,0,4,0,0,0,0,0,0,0,0,0,-,-,-,-,-,-,-,-,-,-,-,-,-,-,-,-,-,-,-,-,-,-,-,-,-,-,-,-,-,-,-,-,-,-,-,-,-,-,-,-
2007," 雙溪區"," 女",13,1,3,1,2,2,1,1,1,0,0,1,0,0,0,0,0,0,0,0,-,-,-,-,-,-,-,-,-,-,-,-,-,-,-,-,-,-,-,-,-,-,-,-,-,-,-,-,-,-,-,-,-,-,-,-,-,-,-,-
2007," 貢寮區"," 計",73,4,10,12,7,5,6,9,7,7,3,1,1,0,0,1,0,0,0,0,-,-,-,-,-,-,-,-,-,-,-,-,-,-,-,-,-,-,-,-,-,-,-,-,-,-,-,-,-,-,-,-,-,-,-,-,-,-,-,-
2007," 貢寮區"," 男",31,4,5,5,4,3,0,3,2,2,3,0,0,0,0,0,0,0,0,0,-,-,-,-,-,-,-,-,-,-,-,-,-,-,-,-,-,-,-,-,-,-,-,-,-,-,-,-,-,-,-,-,-,-,-,-,-,-,-,-
2007," 貢寮區"," 女",42,0,5,7,3,2,6,6,5,5,0,1,1,0,0,1,0,0,0,0,-,-,-,-,-,-,-,-,-,-,-,-,-,-,-,-,-,-,-,-,-,-,-,-,-,-,-,-,-,-,-,-,-,-,-,-,-,-,-,-
2007," 金山區"," 計",87,5,7,12,14,5,6,5,12,10,7,2,2,0,0,0,0,0,0,0,-,-,-,-,-,-,-,-,-,-,-,-,-,-,-,-,-,-,-,-,-,-,-,-,-,-,-,-,-,-,-,-,-,-,-,-,-,-,-,-
2007," 金山區"," 男",32,3,4,4,6,2,1,2,2,4,3,1,0,0,0,0,0,0,0,0,-,-,-,-,-,-,-,-,-,-,-,-,-,-,-,-,-,-,-,-,-,-,-,-,-,-,-,-,-,-,-,-,-,-,-,-,-,-,-,-
2007," 金山區"," 女",55,2,3,8,8,3,5,3,10,6,4,1,2,0,0,0,0,0,0,0,-,-,-,-,-,-,-,-,-,-,-,-,-,-,-,-,-,-,-,-,-,-,-,-,-,-,-,-,-,-,-,-,-,-,-,-,-,-,-,-
2007," 萬里區"," 計",252,15,12,34,33,27,18,17,17,28,21,13,10,1,3,3,0,0,0,0,-,-,-,-,-,-,-,-,-,-,-,-,-,-,-,-,-,-,-,-,-,-,-,-,-,-,-,-,-,-,-,-,-,-,-,-,-,-,-,-
2007," 萬里區"," 男",126,8,7,17,16,15,9,8,7,10,10,11,4,1,1,2,0,0,0,0,-,-,-,-,-,-,-,-,-,-,-,-,-,-,-,-,-,-,-,-,-,-,-,-,-,-,-,-,-,-,-,-,-,-,-,-,-,-,-,-
2007," 萬里區"," 女",126,7,5,17,17,12,9,9,10,18,11,2,6,0,2,1,0,0,0,0,-,-,-,-,-,-,-,-,-,-,-,-,-,-,-,-,-,-,-,-,-,-,-,-,-,-,-,-,-,-,-,-,-,-,-,-,-,-,-,-
2007," 烏來區"," 計",2410,196,177,188,233,208,222,181,180,201,169,158,122,55,51,39,21,7,1,1,-,-,-,-,-,-,-,-,-,-,-,-,-,-,-,-,-,-,-,-,-,-,-,-,-,-,-,-,-,-,-,-,-,-,-,-,-,-,-,-
2007," 烏來區"," 男",1227,99,107,91,135,128,113,86,88,98,84,73,53,27,20,19,5,1,0,0,-,-,-,-,-,-,-,-,-,-,-,-,-,-,-,-,-,-,-,-,-,-,-,-,-,-,-,-,-,-,-,-,-,-,-,-,-,-,-,-
2007," 烏來區"," 女",1183,97,70,97,98,80,109,95,92,103,85,85,69,28,31,20,16,6,1,1,-,-,-,-,-,-,-,-,-,-,-,-,-,-,-,-,-,-,-,-,-,-,-,-,-,-,-,-,-,-,-,-,-,-,-,-,-,-,-,-
2008," 新北市"," 計",45985,3038,4348,5070,5122,3924,4376,3835,3761,3703,3313,2539,1457,679,416,195,125,64,16,4,-,-,-,-,-,-,-,-,-,-,-,-,-,-,-,-,-,-,-,-,-,-,-,-,-,-,-,-,-,-,-,-,-,-,-,-,-,-,-,-
2008," 新北市"," 男",21537,1587,2222,2541,2636,1909,2038,1638,1478,1504,1438,1144,722,321,182,94,49,28,6,0,-,-,-,-,-,-,-,-,-,-,-,-,-,-,-,-,-,-,-,-,-,-,-,-,-,-,-,-,-,-,-,-,-,-,-,-,-,-,-,-
2008," 新北市"," 女",24448,1451,2126,2529,2486,2015,2338,2197,2283,2199,1875,1395,735,358,234,101,76,36,10,4,-,-,-,-,-,-,-,-,-,-,-,-,-,-,-,-,-,-,-,-,-,-,-,-,-,-,-,-,-,-,-,-,-,-,-,-,-,-,-,-
2008," 板橋區"," 計",3443,205,294,394,410,285,348,284,288,305,222,194,120,48,22,11,8,2,1,2,-,-,-,-,-,-,-,-,-,-,-,-,-,-,-,-,-,-,-,-,-,-,-,-,-,-,-,-,-,-,-,-,-,-,-,-,-,-,-,-
2008," 板橋區"," 男",1483,104,147,186,203,129,138,114,106,107,86,79,49,16,11,6,2,0,0,0,-,-,-,-,-,-,-,-,-,-,-,-,-,-,-,-,-,-,-,-,-,-,-,-,-,-,-,-,-,-,-,-,-,-,-,-,-,-,-,-
2008," 板橋區"," 女",1960,101,147,208,207,156,210,170,182,198,136,115,71,32,11,5,6,2,1,2,-,-,-,-,-,-,-,-,-,-,-,-,-,-,-,-,-,-,-,-,-,-,-,-,-,-,-,-,-,-,-,-,-,-,-,-,-,-,-,-
2008," 三重區"," 計",1748,116,185,184,239,146,164,161,172,125,131,57,43,14,7,1,1,1,1,0,-,-,-,-,-,-,-,-,-,-,-,-,-,-,-,-,-,-,-,-,-,-,-,-,-,-,-,-,-,-,-,-,-,-,-,-,-,-,-,-
2008," 三重區"," 男",761,64,105,91,136,63,60,47,49,41,47,24,21,8,4,0,0,1,0,0,-,-,-,-,-,-,-,-,-,-,-,-,-,-,-,-,-,-,-,-,-,-,-,-,-,-,-,-,-,-,-,-,-,-,-,-,-,-,-,-
2008," 三重區"," 女",987,52,80,93,103,83,104,114,123,84,84,33,22,6,3,1,1,0,1,0,-,-,-,-,-,-,-,-,-,-,-,-,-,-,-,-,-,-,-,-,-,-,-,-,-,-,-,-,-,-,-,-,-,-,-,-,-,-,-,-
2008," 中和區"," 計",2262,144,160,196,243,218,219,194,196,171,198,139,90,56,21,7,6,3,1,0,-,-,-,-,-,-,-,-,-,-,-,-,-,-,-,-,-,-,-,-,-,-,-,-,-,-,-,-,-,-,-,-,-,-,-,-,-,-,-,-
2008," 中和區"," 男",965,80,93,91,125,104,98,74,66,49,68,56,36,17,3,1,3,1,0,0,-,-,-,-,-,-,-,-,-,-,-,-,-,-,-,-,-,-,-,-,-,-,-,-,-,-,-,-,-,-,-,-,-,-,-,-,-,-,-,-
2008," 中和區"," 女",1297,64,67,105,118,114,121,120,130,122,130,83,54,39,18,6,3,2,1,0,-,-,-,-,-,-,-,-,-,-,-,-,-,-,-,-,-,-,-,-,-,-,-,-,-,-,-,-,-,-,-,-,-,-,-,-,-,-,-,-
2008," 永和區"," 計",708,39,55,78,69,51,60,62,74,64,63,35,23,16,10,5,1,2,1,0,-,-,-,-,-,-,-,-,-,-,-,-,-,-,-,-,-,-,-,-,-,-,-,-,-,-,-,-,-,-,-,-,-,-,-,-,-,-,-,-
2008," 永和區"," 男",269,19,27,44,34,15,26,17,27,18,18,15,5,1,2,0,0,1,0,0,-,-,-,-,-,-,-,-,-,-,-,-,-,-,-,-,-,-,-,-,-,-,-,-,-,-,-,-,-,-,-,-,-,-,-,-,-,-,-,-
2008," 永和區"," 女",439,20,28,34,35,36,34,45,47,46,45,20,18,15,8,5,1,1,1,0,-,-,-,-,-,-,-,-,-,-,-,-,-,-,-,-,-,-,-,-,-,-,-,-,-,-,-,-,-,-,-,-,-,-,-,-,-,-,-,-
2008," 新莊區"," 計",4411,304,484,496,513,404,421,393,354,324,300,221,104,51,23,10,6,2,1,0,-,-,-,-,-,-,-,-,-,-,-,-,-,-,-,-,-,-,-,-,-,-,-,-,-,-,-,-,-,-,-,-,-,-,-,-,-,-,-,-
2008," 新莊區"," 男",2045,160,251,248,260,191,178,162,134,120,140,101,52,27,10,6,2,2,1,0,-,-,-,-,-,-,-,-,-,-,-,-,-,-,-,-,-,-,-,-,-,-,-,-,-,-,-,-,-,-,-,-,-,-,-,-,-,-,-,-
2008," 新莊區"," 女",2366,144,233,248,253,213,243,231,220,204,160,120,52,24,13,4,4,0,0,0,-,-,-,-,-,-,-,-,-,-,-,-,-,-,-,-,-,-,-,-,-,-,-,-,-,-,-,-,-,-,-,-,-,-,-,-,-,-,-,-
2008," 新店區"," 計",2863,154,224,313,282,234,267,249,253,215,207,194,116,73,42,18,14,7,1,0,-,-,-,-,-,-,-,-,-,-,-,-,-,-,-,-,-,-,-,-,-,-,-,-,-,-,-,-,-,-,-,-,-,-,-,-,-,-,-,-
2008," 新店區"," 男",1271,80,109,151,142,100,134,116,98,88,77,60,56,26,17,8,4,4,1,0,-,-,-,-,-,-,-,-,-,-,-,-,-,-,-,-,-,-,-,-,-,-,-,-,-,-,-,-,-,-,-,-,-,-,-,-,-,-,-,-
2008," 新店區"," 女",1592,74,115,162,140,134,133,133,155,127,130,134,60,47,25,10,10,3,0,0,-,-,-,-,-,-,-,-,-,-,-,-,-,-,-,-,-,-,-,-,-,-,-,-,-,-,-,-,-,-,-,-,-,-,-,-,-,-,-,-
2008," 樹林區"," 計",5751,425,616,682,646,518,584,470,437,462,411,270,129,53,25,10,7,5,1,0,-,-,-,-,-,-,-,-,-,-,-,-,-,-,-,-,-,-,-,-,-,-,-,-,-,-,-,-,-,-,-,-,-,-,-,-,-,-,-,-
2008," 樹林區"," 男",2791,212,305,334,352,261,274,216,171,203,184,135,86,32,15,3,5,2,1,0,-,-,-,-,-,-,-,-,-,-,-,-,-,-,-,-,-,-,-,-,-,-,-,-,-,-,-,-,-,-,-,-,-,-,-,-,-,-,-,-
2008," 樹林區"," 女",2960,213,311,348,294,257,310,254,266,259,227,135,43,21,10,7,2,3,0,0,-,-,-,-,-,-,-,-,-,-,-,-,-,-,-,-,-,-,-,-,-,-,-,-,-,-,-,-,-,-,-,-,-,-,-,-,-,-,-,-
2008," 鶯歌區"," 計",2378,177,281,306,284,195,207,197,194,184,166,95,41,20,20,6,5,0,0,0,-,-,-,-,-,-,-,-,-,-,-,-,-,-,-,-,-,-,-,-,-,-,-,-,-,-,-,-,-,-,-,-,-,-,-,-,-,-,-,-
2008," 鶯歌區"," 男",1152,79,146,161,138,101,103,92,84,70,81,52,23,10,8,4,0,0,0,0,-,-,-,-,-,-,-,-,-,-,-,-,-,-,-,-,-,-,-,-,-,-,-,-,-,-,-,-,-,-,-,-,-,-,-,-,-,-,-,-
2008," 鶯歌區"," 女",1226,98,135,145,146,94,104,105,110,114,85,43,18,10,12,2,5,0,0,0,-,-,-,-,-,-,-,-,-,-,-,-,-,-,-,-,-,-,-,-,-,-,-,-,-,-,-,-,-,-,-,-,-,-,-,-,-,-,-,-
2008," 三峽區"," 計",2194,173,257,285,249,184,182,169,183,181,130,111,47,21,13,5,3,1,0,0,-,-,-,-,-,-,-,-,-,-,-,-,-,-,-,-,-,-,-,-,-,-,-,-,-,-,-,-,-,-,-,-,-,-,-,-,-,-,-,-
2008," 三峽區"," 男",1060,90,132,143,119,87,91,70,78,86,61,53,30,8,9,2,1,0,0,0,-,-,-,-,-,-,-,-,-,-,-,-,-,-,-,-,-,-,-,-,-,-,-,-,-,-,-,-,-,-,-,-,-,-,-,-,-,-,-,-
2008," 三峽區"," 女",1134,83,125,142,130,97,91,99,105,95,69,58,17,13,4,3,2,1,0,0,-,-,-,-,-,-,-,-,-,-,-,-,-,-,-,-,-,-,-,-,-,-,-,-,-,-,-,-,-,-,-,-,-,-,-,-,-,-,-,-
2008," 淡水區"," 計",1277,66,137,155,152,108,127,94,99,118,77,67,47,16,9,3,0,2,0,0,-,-,-,-,-,-,-,-,-,-,-,-,-,-,-,-,-,-,-,-,-,-,-,-,-,-,-,-,-,-,-,-,-,-,-,-,-,-,-,-
2008," 淡水區"," 男",575,28,68,77,78,47,64,30,38,41,30,36,20,10,5,2,0,1,0,0,-,-,-,-,-,-,-,-,-,-,-,-,-,-,-,-,-,-,-,-,-,-,-,-,-,-,-,-,-,-,-,-,-,-,-,-,-,-,-,-
2008," 淡水區"," 女",702,38,69,78,74,61,63,64,61,77,47,31,27,6,4,1,0,1,0,0,-,-,-,-,-,-,-,-,-,-,-,-,-,-,-,-,-,-,-,-,-,-,-,-,-,-,-,-,-,-,-,-,-,-,-,-,-,-,-,-
2008," 汐止區"," 計",3917,230,321,392,389,269,354,370,344,331,298,230,167,94,74,31,14,3,5,1,-,-,-,-,-,-,-,-,-,-,-,-,-,-,-,-,-,-,-,-,-,-,-,-,-,-,-,-,-,-,-,-,-,-,-,-,-,-,-,-
2008," 汐止區"," 男",1874,107,157,214,199,139,181,156,157,147,126,110,71,44,40,14,10,0,2,0,-,-,-,-,-,-,-,-,-,-,-,-,-,-,-,-,-,-,-,-,-,-,-,-,-,-,-,-,-,-,-,-,-,-,-,-,-,-,-,-
2008," 汐止區"," 女",2043,123,164,178,190,130,173,214,187,184,172,120,96,50,34,17,4,3,3,1,-,-,-,-,-,-,-,-,-,-,-,-,-,-,-,-,-,-,-,-,-,-,-,-,-,-,-,-,-,-,-,-,-,-,-,-,-,-,-,-
2008," 瑞芳區"," 計",1155,75,92,87,91,101,126,106,84,70,73,101,67,28,20,14,11,9,0,0,-,-,-,-,-,-,-,-,-,-,-,-,-,-,-,-,-,-,-,-,-,-,-,-,-,-,-,-,-,-,-,-,-,-,-,-,-,-,-,-
2008," 瑞芳區"," 男",610,48,47,42,49,52,68,60,39,42,32,42,42,16,9,11,6,5,0,0,-,-,-,-,-,-,-,-,-,-,-,-,-,-,-,-,-,-,-,-,-,-,-,-,-,-,-,-,-,-,-,-,-,-,-,-,-,-,-,-
2008," 瑞芳區"," 女",545,27,45,45,42,49,58,46,45,28,41,59,25,12,11,3,5,4,0,0,-,-,-,-,-,-,-,-,-,-,-,-,-,-,-,-,-,-,-,-,-,-,-,-,-,-,-,-,-,-,-,-,-,-,-,-,-,-,-,-
2008," 土城區"," 計",3951,209,297,407,420,388,422,331,286,303,305,313,147,57,26,17,12,11,0,0,-,-,-,-,-,-,-,-,-,-,-,-,-,-,-,-,-,-,-,-,-,-,-,-,-,-,-,-,-,-,-,-,-,-,-,-,-,-,-,-
2008," 土城區"," 男",1957,126,155,209,212,215,216,163,107,120,144,142,83,38,13,5,4,5,0,0,-,-,-,-,-,-,-,-,-,-,-,-,-,-,-,-,-,-,-,-,-,-,-,-,-,-,-,-,-,-,-,-,-,-,-,-,-,-,-,-
2008," 土城區"," 女",1994,83,142,198,208,173,206,168,179,183,161,171,64,19,13,12,8,6,0,0,-,-,-,-,-,-,-,-,-,-,-,-,-,-,-,-,-,-,-,-,-,-,-,-,-,-,-,-,-,-,-,-,-,-,-,-,-,-,-,-
2008," 蘆洲區"," 計",1801,106,153,196,229,148,184,145,158,167,134,96,48,17,10,2,3,2,3,0,-,-,-,-,-,-,-,-,-,-,-,-,-,-,-,-,-,-,-,-,-,-,-,-,-,-,-,-,-,-,-,-,-,-,-,-,-,-,-,-
2008," 蘆洲區"," 男",825,56,75,104,118,69,79,59,59,69,46,47,28,6,5,2,2,0,1,0,-,-,-,-,-,-,-,-,-,-,-,-,-,-,-,-,-,-,-,-,-,-,-,-,-,-,-,-,-,-,-,-,-,-,-,-,-,-,-,-
2008," 蘆洲區"," 女",976,50,78,92,111,79,105,86,99,98,88,49,20,11,5,0,1,2,2,0,-,-,-,-,-,-,-,-,-,-,-,-,-,-,-,-,-,-,-,-,-,-,-,-,-,-,-,-,-,-,-,-,-,-,-,-,-,-,-,-
2008," 五股區"," 計",1442,87,157,203,188,95,123,113,112,136,102,58,35,16,11,4,2,0,0,0,-,-,-,-,-,-,-,-,-,-,-,-,-,-,-,-,-,-,-,-,-,-,-,-,-,-,-,-,-,-,-,-,-,-,-,-,-,-,-,-
2008," 五股區"," 男",663,48,75,101,95,37,55,50,43,59,49,23,16,8,2,1,1,0,0,0,-,-,-,-,-,-,-,-,-,-,-,-,-,-,-,-,-,-,-,-,-,-,-,-,-,-,-,-,-,-,-,-,-,-,-,-,-,-,-,-
2008," 五股區"," 女",779,39,82,102,93,58,68,63,69,77,53,35,19,8,9,3,1,0,0,0,-,-,-,-,-,-,-,-,-,-,-,-,-,-,-,-,-,-,-,-,-,-,-,-,-,-,-,-,-,-,-,-,-,-,-,-,-,-,-,-
2008," 泰山區"," 計",1074,91,112,138,120,89,97,89,86,86,72,45,27,10,7,0,2,3,0,0,-,-,-,-,-,-,-,-,-,-,-,-,-,-,-,-,-,-,-,-,-,-,-,-,-,-,-,-,-,-,-,-,-,-,-,-,-,-,-,-
2008," 泰山區"," 男",503,49,57,67,62,42,39,37,40,32,32,20,15,6,3,0,0,2,0,0,-,-,-,-,-,-,-,-,-,-,-,-,-,-,-,-,-,-,-,-,-,-,-,-,-,-,-,-,-,-,-,-,-,-,-,-,-,-,-,-
2008," 泰山區"," 女",571,42,55,71,58,47,58,52,46,54,40,25,12,4,4,0,2,1,0,0,-,-,-,-,-,-,-,-,-,-,-,-,-,-,-,-,-,-,-,-,-,-,-,-,-,-,-,-,-,-,-,-,-,-,-,-,-,-,-,-
2008," 林口區"," 計",1344,107,158,168,133,105,108,97,147,110,91,53,24,17,15,4,5,2,0,0,-,-,-,-,-,-,-,-,-,-,-,-,-,-,-,-,-,-,-,-,-,-,-,-,-,-,-,-,-,-,-,-,-,-,-,-,-,-,-,-
2008," 林口區"," 男",628,68,82,75,58,50,44,37,57,54,46,26,10,9,7,2,1,2,0,0,-,-,-,-,-,-,-,-,-,-,-,-,-,-,-,-,-,-,-,-,-,-,-,-,-,-,-,-,-,-,-,-,-,-,-,-,-,-,-,-
2008," 林口區"," 女",716,39,76,93,75,55,64,60,90,56,45,27,14,8,8,2,4,0,0,0,-,-,-,-,-,-,-,-,-,-,-,-,-,-,-,-,-,-,-,-,-,-,-,-,-,-,-,-,-,-,-,-,-,-,-,-,-,-,-,-
2008," 深坑區"," 計",213,20,21,15,21,22,32,15,14,14,12,15,7,4,0,1,0,0,0,0,-,-,-,-,-,-,-,-,-,-,-,-,-,-,-,-,-,-,-,-,-,-,-,-,-,-,-,-,-,-,-,-,-,-,-,-,-,-,-,-
2008," 深坑區"," 男",98,12,12,11,9,10,16,5,3,6,4,4,4,1,0,1,0,0,0,0,-,-,-,-,-,-,-,-,-,-,-,-,-,-,-,-,-,-,-,-,-,-,-,-,-,-,-,-,-,-,-,-,-,-,-,-,-,-,-,-
2008," 深坑區"," 女",115,8,9,4,12,12,16,10,11,8,8,11,3,3,0,0,0,0,0,0,-,-,-,-,-,-,-,-,-,-,-,-,-,-,-,-,-,-,-,-,-,-,-,-,-,-,-,-,-,-,-,-,-,-,-,-,-,-,-,-
2008," 石碇區"," 計",26,0,3,6,5,3,2,0,2,0,3,2,0,0,0,0,0,0,0,0,-,-,-,-,-,-,-,-,-,-,-,-,-,-,-,-,-,-,-,-,-,-,-,-,-,-,-,-,-,-,-,-,-,-,-,-,-,-,-,-
2008," 石碇區"," 男",11,0,2,2,3,1,0,0,0,0,2,1,0,0,0,0,0,0,0,0,-,-,-,-,-,-,-,-,-,-,-,-,-,-,-,-,-,-,-,-,-,-,-,-,-,-,-,-,-,-,-,-,-,-,-,-,-,-,-,-
2008," 石碇區"," 女",15,0,1,4,2,2,2,0,2,0,1,1,0,0,0,0,0,0,0,0,-,-,-,-,-,-,-,-,-,-,-,-,-,-,-,-,-,-,-,-,-,-,-,-,-,-,-,-,-,-,-,-,-,-,-,-,-,-,-,-
2008," 坪林區"," 計",10,1,1,2,1,1,1,3,0,0,0,0,0,0,0,0,0,0,0,0,-,-,-,-,-,-,-,-,-,-,-,-,-,-,-,-,-,-,-,-,-,-,-,-,-,-,-,-,-,-,-,-,-,-,-,-,-,-,-,-
2008," 坪林區"," 男",7,1,1,2,1,0,1,1,0,0,0,0,0,0,0,0,0,0,0,0,-,-,-,-,-,-,-,-,-,-,-,-,-,-,-,-,-,-,-,-,-,-,-,-,-,-,-,-,-,-,-,-,-,-,-,-,-,-,-,-
2008," 坪林區"," 女",3,0,0,0,0,1,0,2,0,0,0,0,0,0,0,0,0,0,0,0,-,-,-,-,-,-,-,-,-,-,-,-,-,-,-,-,-,-,-,-,-,-,-,-,-,-,-,-,-,-,-,-,-,-,-,-,-,-,-,-
2008," 三芝區"," 計",302,19,23,26,52,37,24,11,24,27,31,18,5,3,2,0,0,0,0,0,-,-,-,-,-,-,-,-,-,-,-,-,-,-,-,-,-,-,-,-,-,-,-,-,-,-,-,-,-,-,-,-,-,-,-,-,-,-,-,-
2008," 三芝區"," 男",137,6,8,17,24,22,11,3,9,7,15,10,4,1,0,0,0,0,0,0,-,-,-,-,-,-,-,-,-,-,-,-,-,-,-,-,-,-,-,-,-,-,-,-,-,-,-,-,-,-,-,-,-,-,-,-,-,-,-,-
2008," 三芝區"," 女",165,13,15,9,28,15,13,8,15,20,16,8,1,2,2,0,0,0,0,0,-,-,-,-,-,-,-,-,-,-,-,-,-,-,-,-,-,-,-,-,-,-,-,-,-,-,-,-,-,-,-,-,-,-,-,-,-,-,-,-
2008," 石門區"," 計",50,1,3,6,7,5,3,2,4,7,6,3,0,3,0,0,0,0,0,0,-,-,-,-,-,-,-,-,-,-,-,-,-,-,-,-,-,-,-,-,-,-,-,-,-,-,-,-,-,-,-,-,-,-,-,-,-,-,-,-
2008," 石門區"," 男",20,0,1,1,5,2,1,0,1,2,5,2,0,0,0,0,0,0,0,0,-,-,-,-,-,-,-,-,-,-,-,-,-,-,-,-,-,-,-,-,-,-,-,-,-,-,-,-,-,-,-,-,-,-,-,-,-,-,-,-
2008," 石門區"," 女",30,1,2,5,2,3,2,2,3,5,1,1,0,3,0,0,0,0,0,0,-,-,-,-,-,-,-,-,-,-,-,-,-,-,-,-,-,-,-,-,-,-,-,-,-,-,-,-,-,-,-,-,-,-,-,-,-,-,-,-
2008," 八里區"," 計",667,57,75,69,87,66,51,44,40,61,55,37,16,7,0,0,1,1,0,0,-,-,-,-,-,-,-,-,-,-,-,-,-,-,-,-,-,-,-,-,-,-,-,-,-,-,-,-,-,-,-,-,-,-,-,-,-,-,-,-
2008," 八里區"," 男",342,26,37,34,47,36,25,21,18,29,32,19,11,5,0,0,1,1,0,0,-,-,-,-,-,-,-,-,-,-,-,-,-,-,-,-,-,-,-,-,-,-,-,-,-,-,-,-,-,-,-,-,-,-,-,-,-,-,-,-
2008," 八里區"," 女",325,31,38,35,40,30,26,23,22,32,23,18,5,2,0,0,0,0,0,0,-,-,-,-,-,-,-,-,-,-,-,-,-,-,-,-,-,-,-,-,-,-,-,-,-,-,-,-,-,-,-,-,-,-,-,-,-,-,-,-
2008," 平溪區"," 計",23,1,3,1,3,1,0,3,2,1,2,0,1,3,2,0,0,0,0,0,-,-,-,-,-,-,-,-,-,-,-,-,-,-,-,-,-,-,-,-,-,-,-,-,-,-,-,-,-,-,-,-,-,-,-,-,-,-,-,-
2008," 平溪區"," 男",7,1,1,0,2,0,0,0,0,1,0,0,0,1,1,0,0,0,0,0,-,-,-,-,-,-,-,-,-,-,-,-,-,-,-,-,-,-,-,-,-,-,-,-,-,-,-,-,-,-,-,-,-,-,-,-,-,-,-,-
2008," 平溪區"," 女",16,0,2,1,1,1,0,3,2,0,2,0,1,2,1,0,0,0,0,0,-,-,-,-,-,-,-,-,-,-,-,-,-,-,-,-,-,-,-,-,-,-,-,-,-,-,-,-,-,-,-,-,-,-,-,-,-,-,-,-
2008," 雙溪區"," 計",22,1,3,1,4,0,4,3,1,1,3,1,0,0,0,0,0,0,0,0,-,-,-,-,-,-,-,-,-,-,-,-,-,-,-,-,-,-,-,-,-,-,-,-,-,-,-,-,-,-,-,-,-,-,-,-,-,-,-,-
2008," 雙溪區"," 男",10,0,1,0,2,0,1,2,0,1,3,0,0,0,0,0,0,0,0,0,-,-,-,-,-,-,-,-,-,-,-,-,-,-,-,-,-,-,-,-,-,-,-,-,-,-,-,-,-,-,-,-,-,-,-,-,-,-,-,-
2008," 雙溪區"," 女",12,1,2,1,2,0,3,1,1,0,0,1,0,0,0,0,0,0,0,0,-,-,-,-,-,-,-,-,-,-,-,-,-,-,-,-,-,-,-,-,-,-,-,-,-,-,-,-,-,-,-,-,-,-,-,-,-,-,-,-
2008," 貢寮區"," 計",81,4,12,14,6,5,6,9,8,9,2,4,1,0,0,1,0,0,0,0,-,-,-,-,-,-,-,-,-,-,-,-,-,-,-,-,-,-,-,-,-,-,-,-,-,-,-,-,-,-,-,-,-,-,-,-,-,-,-,-
2008," 貢寮區"," 男",36,4,7,6,4,3,0,3,2,3,1,3,0,0,0,0,0,0,0,0,-,-,-,-,-,-,-,-,-,-,-,-,-,-,-,-,-,-,-,-,-,-,-,-,-,-,-,-,-,-,-,-,-,-,-,-,-,-,-,-
2008," 貢寮區"," 女",45,0,5,8,2,2,6,6,6,6,1,1,1,0,0,1,0,0,0,0,-,-,-,-,-,-,-,-,-,-,-,-,-,-,-,-,-,-,-,-,-,-,-,-,-,-,-,-,-,-,-,-,-,-,-,-,-,-,-,-
2008," 金山區"," 計",92,7,7,12,14,6,6,5,11,11,8,2,3,0,0,0,0,0,0,0,-,-,-,-,-,-,-,-,-,-,-,-,-,-,-,-,-,-,-,-,-,-,-,-,-,-,-,-,-,-,-,-,-,-,-,-,-,-,-,-
2008," 金山區"," 男",35,5,4,4,7,2,1,1,2,4,4,0,1,0,0,0,0,0,0,0,-,-,-,-,-,-,-,-,-,-,-,-,-,-,-,-,-,-,-,-,-,-,-,-,-,-,-,-,-,-,-,-,-,-,-,-,-,-,-,-
2008," 金山區"," 女",57,2,3,8,7,4,5,4,9,7,4,2,2,0,0,0,0,0,0,0,-,-,-,-,-,-,-,-,-,-,-,-,-,-,-,-,-,-,-,-,-,-,-,-,-,-,-,-,-,-,-,-,-,-,-,-,-,-,-,-
2008," 萬里區"," 計",264,15,13,35,29,28,26,17,18,25,20,18,9,4,2,4,0,1,0,0,-,-,-,-,-,-,-,-,-,-,-,-,-,-,-,-,-,-,-,-,-,-,-,-,-,-,-,-,-,-,-,-,-,-,-,-,-,-,-,-
2008," 萬里區"," 男",133,9,8,19,18,12,12,7,8,9,10,11,3,4,0,3,0,0,0,0,-,-,-,-,-,-,-,-,-,-,-,-,-,-,-,-,-,-,-,-,-,-,-,-,-,-,-,-,-,-,-,-,-,-,-,-,-,-,-,-
2008," 萬里區"," 女",131,6,5,16,11,16,14,10,10,16,10,7,6,0,2,1,0,1,0,0,-,-,-,-,-,-,-,-,-,-,-,-,-,-,-,-,-,-,-,-,-,-,-,-,-,-,-,-,-,-,-,-,-,-,-,-,-,-,-,-
2008," 烏來區"," 計",2516,204,201,203,236,212,228,199,170,195,191,160,140,48,55,41,24,7,1,1,-,-,-,-,-,-,-,-,-,-,-,-,-,-,-,-,-,-,-,-,-,-,-,-,-,-,-,-,-,-,-,-,-,-,-,-,-,-,-,-
2008," 烏來區"," 男",1269,105,109,107,134,119,122,95,82,96,95,73,56,27,18,23,7,1,0,0,-,-,-,-,-,-,-,-,-,-,-,-,-,-,-,-,-,-,-,-,-,-,-,-,-,-,-,-,-,-,-,-,-,-,-,-,-,-,-,-
2008," 烏來區"," 女",1247,99,92,96,102,93,106,104,88,99,96,87,84,21,37,18,17,6,1,1,-,-,-,-,-,-,-,-,-,-,-,-,-,-,-,-,-,-,-,-,-,-,-,-,-,-,-,-,-,-,-,-,-,-,-,-,-,-,-,-
2009," 新北市"," 計",47484,3120,4201,5055,5512,4046,4421,4091,3847,3753,3453,2680,1635,786,415,250,126,70,17,6,-,-,-,-,-,-,-,-,-,-,-,-,-,-,-,-,-,-,-,-,-,-,-,-,-,-,-,-,-,-,-,-,-,-,-,-,-,-,-,-
2009," 新北市"," 男",22169,1628,2168,2535,2815,1984,2059,1740,1528,1511,1479,1180,778,375,190,115,48,31,5,0,-,-,-,-,-,-,-,-,-,-,-,-,-,-,-,-,-,-,-,-,-,-,-,-,-,-,-,-,-,-,-,-,-,-,-,-,-,-,-,-
2009," 新北市"," 女",25315,1492,2033,2520,2697,2062,2362,2351,2319,2242,1974,1500,857,411,225,135,78,39,12,6,-,-,-,-,-,-,-,-,-,-,-,-,-,-,-,-,-,-,-,-,-,-,-,-,-,-,-,-,-,-,-,-,-,-,-,-,-,-,-,-
2009," 板橋區"," 計",3616,228,288,396,464,314,346,301,297,313,230,208,118,59,25,14,8,4,1,2,-,-,-,-,-,-,-,-,-,-,-,-,-,-,-,-,-,-,-,-,-,-,-,-,-,-,-,-,-,-,-,-,-,-,-,-,-,-,-,-
2009," 板橋區"," 男",1555,114,146,193,229,141,132,117,114,116,80,89,37,26,11,7,2,1,0,0,-,-,-,-,-,-,-,-,-,-,-,-,-,-,-,-,-,-,-,-,-,-,-,-,-,-,-,-,-,-,-,-,-,-,-,-,-,-,-,-
2009," 板橋區"," 女",2061,114,142,203,235,173,214,184,183,197,150,119,81,33,14,7,6,3,1,2,-,-,-,-,-,-,-,-,-,-,-,-,-,-,-,-,-,-,-,-,-,-,-,-,-,-,-,-,-,-,-,-,-,-,-,-,-,-,-,-
2009," 三重區"," 計",1846,108,184,213,252,160,162,170,182,142,127,68,46,17,8,3,1,2,1,0,-,-,-,-,-,-,-,-,-,-,-,-,-,-,-,-,-,-,-,-,-,-,-,-,-,-,-,-,-,-,-,-,-,-,-,-,-,-,-,-
2009," 三重區"," 男",809,55,110,110,146,65,66,48,55,50,39,30,19,8,4,2,0,2,0,0,-,-,-,-,-,-,-,-,-,-,-,-,-,-,-,-,-,-,-,-,-,-,-,-,-,-,-,-,-,-,-,-,-,-,-,-,-,-,-,-
2009," 三重區"," 女",1037,53,74,103,106,95,96,122,127,92,88,38,27,9,4,1,1,0,1,0,-,-,-,-,-,-,-,-,-,-,-,-,-,-,-,-,-,-,-,-,-,-,-,-,-,-,-,-,-,-,-,-,-,-,-,-,-,-,-,-
2009," 中和區"," 計",2413,152,173,185,255,229,265,211,211,178,201,144,101,64,24,11,6,2,0,1,-,-,-,-,-,-,-,-,-,-,-,-,-,-,-,-,-,-,-,-,-,-,-,-,-,-,-,-,-,-,-,-,-,-,-,-,-,-,-,-
2009," 中和區"," 男",1030,76,108,82,123,111,125,84,75,52,64,56,43,18,9,1,2,1,0,0,-,-,-,-,-,-,-,-,-,-,-,-,-,-,-,-,-,-,-,-,-,-,-,-,-,-,-,-,-,-,-,-,-,-,-,-,-,-,-,-
2009," 中和區"," 女",1383,76,65,103,132,118,140,127,136,126,137,88,58,46,15,10,4,1,0,1,-,-,-,-,-,-,-,-,-,-,-,-,-,-,-,-,-,-,-,-,-,-,-,-,-,-,-,-,-,-,-,-,-,-,-,-,-,-,-,-
2009," 永和區"," 計",775,41,60,89,86,57,60,65,80,60,76,42,22,14,10,7,3,1,2,0,-,-,-,-,-,-,-,-,-,-,-,-,-,-,-,-,-,-,-,-,-,-,-,-,-,-,-,-,-,-,-,-,-,-,-,-,-,-,-,-
2009," 永和區"," 男",294,20,25,49,45,21,24,14,28,20,24,15,5,1,1,1,0,1,0,0,-,-,-,-,-,-,-,-,-,-,-,-,-,-,-,-,-,-,-,-,-,-,-,-,-,-,-,-,-,-,-,-,-,-,-,-,-,-,-,-
2009," 永和區"," 女",481,21,35,40,41,36,36,51,52,40,52,27,17,13,9,6,3,0,2,0,-,-,-,-,-,-,-,-,-,-,-,-,-,-,-,-,-,-,-,-,-,-,-,-,-,-,-,-,-,-,-,-,-,-,-,-,-,-,-,-
2009," 新莊區"," 計",4527,311,461,529,525,428,415,412,366,323,313,223,126,49,29,8,5,3,1,0,-,-,-,-,-,-,-,-,-,-,-,-,-,-,-,-,-,-,-,-,-,-,-,-,-,-,-,-,-,-,-,-,-,-,-,-,-,-,-,-
2009," 新莊區"," 男",2076,167,237,277,258,199,169,166,135,111,143,105,60,25,13,5,4,2,0,0,-,-,-,-,-,-,-,-,-,-,-,-,-,-,-,-,-,-,-,-,-,-,-,-,-,-,-,-,-,-,-,-,-,-,-,-,-,-,-,-
2009," 新莊區"," 女",2451,144,224,252,267,229,246,246,231,212,170,118,66,24,16,3,1,1,1,0,-,-,-,-,-,-,-,-,-,-,-,-,-,-,-,-,-,-,-,-,-,-,-,-,-,-,-,-,-,-,-,-,-,-,-,-,-,-,-,-
2009," 新店區"," 計",2954,159,223,298,310,232,273,265,243,220,224,201,145,72,39,28,14,8,0,0,-,-,-,-,-,-,-,-,-,-,-,-,-,-,-,-,-,-,-,-,-,-,-,-,-,-,-,-,-,-,-,-,-,-,-,-,-,-,-,-
2009," 新店區"," 男",1307,81,115,151,144,103,134,122,101,84,93,55,65,25,16,10,3,5,0,0,-,-,-,-,-,-,-,-,-,-,-,-,-,-,-,-,-,-,-,-,-,-,-,-,-,-,-,-,-,-,-,-,-,-,-,-,-,-,-,-
2009," 新店區"," 女",1647,78,108,147,166,129,139,143,142,136,131,146,80,47,23,18,11,3,0,0,-,-,-,-,-,-,-,-,-,-,-,-,-,-,-,-,-,-,-,-,-,-,-,-,-,-,-,-,-,-,-,-,-,-,-,-,-,-,-,-
2009," 樹林區"," 計",5785,424,562,657,683,493,580,503,440,485,410,295,149,55,23,11,11,3,1,0,-,-,-,-,-,-,-,-,-,-,-,-,-,-,-,-,-,-,-,-,-,-,-,-,-,-,-,-,-,-,-,-,-,-,-,-,-,-,-,-
2009," 樹林區"," 男",2822,221,289,320,370,253,276,227,181,215,177,151,87,32,13,3,4,2,1,0,-,-,-,-,-,-,-,-,-,-,-,-,-,-,-,-,-,-,-,-,-,-,-,-,-,-,-,-,-,-,-,-,-,-,-,-,-,-,-,-
2009," 樹林區"," 女",2963,203,273,337,313,240,304,276,259,270,233,144,62,23,10,8,7,1,0,0,-,-,-,-,-,-,-,-,-,-,-,-,-,-,-,-,-,-,-,-,-,-,-,-,-,-,-,-,-,-,-,-,-,-,-,-,-,-,-,-
2009," 鶯歌區"," 計",2446,177,254,309,304,210,216,206,185,185,179,103,55,28,19,9,5,2,0,0,-,-,-,-,-,-,-,-,-,-,-,-,-,-,-,-,-,-,-,-,-,-,-,-,-,-,-,-,-,-,-,-,-,-,-,-,-,-,-,-
2009," 鶯歌區"," 男",1189,90,128,162,151,106,104,98,86,69,86,52,31,11,10,5,0,0,0,0,-,-,-,-,-,-,-,-,-,-,-,-,-,-,-,-,-,-,-,-,-,-,-,-,-,-,-,-,-,-,-,-,-,-,-,-,-,-,-,-
2009," 鶯歌區"," 女",1257,87,126,147,153,104,112,108,99,116,93,51,24,17,9,4,5,2,0,0,-,-,-,-,-,-,-,-,-,-,-,-,-,-,-,-,-,-,-,-,-,-,-,-,-,-,-,-,-,-,-,-,-,-,-,-,-,-,-,-
2009," 三峽區"," 計",2373,196,256,295,291,193,198,180,199,173,164,111,68,24,11,9,4,1,0,0,-,-,-,-,-,-,-,-,-,-,-,-,-,-,-,-,-,-,-,-,-,-,-,-,-,-,-,-,-,-,-,-,-,-,-,-,-,-,-,-
2009," 三峽區"," 男",1158,102,133,159,141,93,92,78,82,80,77,56,38,14,7,5,1,0,0,0,-,-,-,-,-,-,-,-,-,-,-,-,-,-,-,-,-,-,-,-,-,-,-,-,-,-,-,-,-,-,-,-,-,-,-,-,-,-,-,-
2009," 三峽區"," 女",1215,94,123,136,150,100,106,102,117,93,87,55,30,10,4,4,3,1,0,0,-,-,-,-,-,-,-,-,-,-,-,-,-,-,-,-,-,-,-,-,-,-,-,-,-,-,-,-,-,-,-,-,-,-,-,-,-,-,-,-
2009," 淡水區"," 計",1382,72,138,162,173,103,141,114,103,127,101,66,44,24,9,3,0,1,1,0,-,-,-,-,-,-,-,-,-,-,-,-,-,-,-,-,-,-,-,-,-,-,-,-,-,-,-,-,-,-,-,-,-,-,-,-,-,-,-,-
2009," 淡水區"," 男",617,38,64,79,87,46,73,43,35,43,35,33,21,12,6,1,0,1,0,0,-,-,-,-,-,-,-,-,-,-,-,-,-,-,-,-,-,-,-,-,-,-,-,-,-,-,-,-,-,-,-,-,-,-,-,-,-,-,-,-
2009," 淡水區"," 女",765,34,74,83,86,57,68,71,68,84,66,33,23,12,3,2,0,0,1,0,-,-,-,-,-,-,-,-,-,-,-,-,-,-,-,-,-,-,-,-,-,-,-,-,-,-,-,-,-,-,-,-,-,-,-,-,-,-,-,-
2009," 汐止區"," 計",4012,236,303,357,422,287,357,374,358,339,300,248,186,102,75,42,14,6,5,1,-,-,-,-,-,-,-,-,-,-,-,-,-,-,-,-,-,-,-,-,-,-,-,-,-,-,-,-,-,-,-,-,-,-,-,-,-,-,-,-
2009," 汐止區"," 男",1921,116,147,189,219,150,186,159,160,149,133,108,82,49,39,22,11,0,2,0,-,-,-,-,-,-,-,-,-,-,-,-,-,-,-,-,-,-,-,-,-,-,-,-,-,-,-,-,-,-,-,-,-,-,-,-,-,-,-,-
2009," 汐止區"," 女",2091,120,156,168,203,137,171,215,198,190,167,140,104,53,36,20,3,6,3,1,-,-,-,-,-,-,-,-,-,-,-,-,-,-,-,-,-,-,-,-,-,-,-,-,-,-,-,-,-,-,-,-,-,-,-,-,-,-,-,-
2009," 瑞芳區"," 計",1186,71,105,88,101,97,119,124,86,64,68,108,67,34,16,20,10,8,0,0,-,-,-,-,-,-,-,-,-,-,-,-,-,-,-,-,-,-,-,-,-,-,-,-,-,-,-,-,-,-,-,-,-,-,-,-,-,-,-,-
2009," 瑞芳區"," 男",618,42,58,41,52,50,63,69,36,40,34,44,37,23,7,13,5,4,0,0,-,-,-,-,-,-,-,-,-,-,-,-,-,-,-,-,-,-,-,-,-,-,-,-,-,-,-,-,-,-,-,-,-,-,-,-,-,-,-,-
2009," 瑞芳區"," 女",568,29,47,47,49,47,56,55,50,24,34,64,30,11,9,7,5,4,0,0,-,-,-,-,-,-,-,-,-,-,-,-,-,-,-,-,-,-,-,-,-,-,-,-,-,-,-,-,-,-,-,-,-,-,-,-,-,-,-,-
2009," 土城區"," 計",4023,225,285,382,445,389,417,338,297,306,313,305,173,76,28,18,12,12,1,1,-,-,-,-,-,-,-,-,-,-,-,-,-,-,-,-,-,-,-,-,-,-,-,-,-,-,-,-,-,-,-,-,-,-,-,-,-,-,-,-
2009," 土城區"," 男",1979,122,150,195,231,212,219,166,116,121,139,136,94,48,13,7,4,6,0,0,-,-,-,-,-,-,-,-,-,-,-,-,-,-,-,-,-,-,-,-,-,-,-,-,-,-,-,-,-,-,-,-,-,-,-,-,-,-,-,-
2009," 土城區"," 女",2044,103,135,187,214,177,198,172,181,185,174,169,79,28,15,11,8,6,1,1,-,-,-,-,-,-,-,-,-,-,-,-,-,-,-,-,-,-,-,-,-,-,-,-,-,-,-,-,-,-,-,-,-,-,-,-,-,-,-,-
2009," 蘆洲區"," 計",1819,110,135,192,237,156,175,155,164,158,143,104,53,20,7,6,1,2,1,0,-,-,-,-,-,-,-,-,-,-,-,-,-,-,-,-,-,-,-,-,-,-,-,-,-,-,-,-,-,-,-,-,-,-,-,-,-,-,-,-
2009," 蘆洲區"," 男",832,55,65,93,126,76,75,65,61,64,59,43,30,9,4,5,0,1,1,0,-,-,-,-,-,-,-,-,-,-,-,-,-,-,-,-,-,-,-,-,-,-,-,-,-,-,-,-,-,-,-,-,-,-,-,-,-,-,-,-
2009," 蘆洲區"," 女",987,55,70,99,111,80,100,90,103,94,84,61,23,11,3,1,1,1,0,0,-,-,-,-,-,-,-,-,-,-,-,-,-,-,-,-,-,-,-,-,-,-,-,-,-,-,-,-,-,-,-,-,-,-,-,-,-,-,-,-
2009," 五股區"," 計",1456,84,141,198,200,105,107,130,108,132,108,67,32,26,14,3,1,0,0,0,-,-,-,-,-,-,-,-,-,-,-,-,-,-,-,-,-,-,-,-,-,-,-,-,-,-,-,-,-,-,-,-,-,-,-,-,-,-,-,-
2009," 五股區"," 男",664,46,65,98,107,41,49,56,43,51,54,26,13,10,4,0,1,0,0,0,-,-,-,-,-,-,-,-,-,-,-,-,-,-,-,-,-,-,-,-,-,-,-,-,-,-,-,-,-,-,-,-,-,-,-,-,-,-,-,-
2009," 五股區"," 女",792,38,76,100,93,64,58,74,65,81,54,41,19,16,10,3,0,0,0,0,-,-,-,-,-,-,-,-,-,-,-,-,-,-,-,-,-,-,-,-,-,-,-,-,-,-,-,-,-,-,-,-,-,-,-,-,-,-,-,-
2009," 泰山區"," 計",1118,90,116,149,134,88,95,99,95,85,64,51,26,16,6,1,1,2,0,0,-,-,-,-,-,-,-,-,-,-,-,-,-,-,-,-,-,-,-,-,-,-,-,-,-,-,-,-,-,-,-,-,-,-,-,-,-,-,-,-
2009," 泰山區"," 男",521,48,59,67,67,47,41,42,43,32,23,23,14,11,3,0,0,1,0,0,-,-,-,-,-,-,-,-,-,-,-,-,-,-,-,-,-,-,-,-,-,-,-,-,-,-,-,-,-,-,-,-,-,-,-,-,-,-,-,-
2009," 泰山區"," 女",597,42,57,82,67,41,54,57,52,53,41,28,12,5,3,1,1,1,0,0,-,-,-,-,-,-,-,-,-,-,-,-,-,-,-,-,-,-,-,-,-,-,-,-,-,-,-,-,-,-,-,-,-,-,-,-,-,-,-,-
2009," 林口區"," 計",1393,115,155,176,152,92,112,107,131,124,83,69,33,19,11,6,4,3,1,0,-,-,-,-,-,-,-,-,-,-,-,-,-,-,-,-,-,-,-,-,-,-,-,-,-,-,-,-,-,-,-,-,-,-,-,-,-,-,-,-
2009," 林口區"," 男",636,68,80,73,63,41,41,40,48,62,45,37,15,10,4,5,1,2,1,0,-,-,-,-,-,-,-,-,-,-,-,-,-,-,-,-,-,-,-,-,-,-,-,-,-,-,-,-,-,-,-,-,-,-,-,-,-,-,-,-
2009," 林口區"," 女",757,47,75,103,89,51,71,67,83,62,38,32,18,9,7,1,3,1,0,0,-,-,-,-,-,-,-,-,-,-,-,-,-,-,-,-,-,-,-,-,-,-,-,-,-,-,-,-,-,-,-,-,-,-,-,-,-,-,-,-
2009," 深坑區"," 計",222,13,21,22,25,19,33,21,15,14,10,14,6,7,0,2,0,0,0,0,-,-,-,-,-,-,-,-,-,-,-,-,-,-,-,-,-,-,-,-,-,-,-,-,-,-,-,-,-,-,-,-,-,-,-,-,-,-,-,-
2009," 深坑區"," 男",103,7,9,16,12,11,15,9,4,5,5,3,3,3,0,1,0,0,0,0,-,-,-,-,-,-,-,-,-,-,-,-,-,-,-,-,-,-,-,-,-,-,-,-,-,-,-,-,-,-,-,-,-,-,-,-,-,-,-,-
2009," 深坑區"," 女",119,6,12,6,13,8,18,12,11,9,5,11,3,4,0,1,0,0,0,0,-,-,-,-,-,-,-,-,-,-,-,-,-,-,-,-,-,-,-,-,-,-,-,-,-,-,-,-,-,-,-,-,-,-,-,-,-,-,-,-
2009," 石碇區"," 計",26,0,2,4,7,5,2,0,1,1,2,1,1,0,0,0,0,0,0,0,-,-,-,-,-,-,-,-,-,-,-,-,-,-,-,-,-,-,-,-,-,-,-,-,-,-,-,-,-,-,-,-,-,-,-,-,-,-,-,-
2009," 石碇區"," 男",9,0,1,1,4,1,0,0,0,0,1,0,1,0,0,0,0,0,0,0,-,-,-,-,-,-,-,-,-,-,-,-,-,-,-,-,-,-,-,-,-,-,-,-,-,-,-,-,-,-,-,-,-,-,-,-,-,-,-,-
2009," 石碇區"," 女",17,0,1,3,3,4,2,0,1,1,1,1,0,0,0,0,0,0,0,0,-,-,-,-,-,-,-,-,-,-,-,-,-,-,-,-,-,-,-,-,-,-,-,-,-,-,-,-,-,-,-,-,-,-,-,-,-,-,-,-
2009," 坪林區"," 計",10,3,1,1,0,1,1,3,0,0,0,0,0,0,0,0,0,0,0,0,-,-,-,-,-,-,-,-,-,-,-,-,-,-,-,-,-,-,-,-,-,-,-,-,-,-,-,-,-,-,-,-,-,-,-,-,-,-,-,-
2009," 坪林區"," 男",7,3,1,1,0,0,1,1,0,0,0,0,0,0,0,0,0,0,0,0,-,-,-,-,-,-,-,-,-,-,-,-,-,-,-,-,-,-,-,-,-,-,-,-,-,-,-,-,-,-,-,-,-,-,-,-,-,-,-,-
2009," 坪林區"," 女",3,0,0,0,0,1,0,2,0,0,0,0,0,0,0,0,0,0,0,0,-,-,-,-,-,-,-,-,-,-,-,-,-,-,-,-,-,-,-,-,-,-,-,-,-,-,-,-,-,-,-,-,-,-,-,-,-,-,-,-
2009," 三芝區"," 計",314,31,19,24,47,42,27,16,20,27,32,22,4,2,1,0,0,0,0,0,-,-,-,-,-,-,-,-,-,-,-,-,-,-,-,-,-,-,-,-,-,-,-,-,-,-,-,-,-,-,-,-,-,-,-,-,-,-,-,-
2009," 三芝區"," 男",140,14,5,11,25,22,14,5,6,7,18,9,3,1,0,0,0,0,0,0,-,-,-,-,-,-,-,-,-,-,-,-,-,-,-,-,-,-,-,-,-,-,-,-,-,-,-,-,-,-,-,-,-,-,-,-,-,-,-,-
2009," 三芝區"," 女",174,17,14,13,22,20,13,11,14,20,14,13,1,1,1,0,0,0,0,0,-,-,-,-,-,-,-,-,-,-,-,-,-,-,-,-,-,-,-,-,-,-,-,-,-,-,-,-,-,-,-,-,-,-,-,-,-,-,-,-
2009," 石門區"," 計",50,1,3,4,10,6,4,1,3,4,8,3,0,2,1,0,0,0,0,0,-,-,-,-,-,-,-,-,-,-,-,-,-,-,-,-,-,-,-,-,-,-,-,-,-,-,-,-,-,-,-,-,-,-,-,-,-,-,-,-
2009," 石門區"," 男",20,0,0,1,6,3,1,0,0,1,6,2,0,0,0,0,0,0,0,0,-,-,-,-,-,-,-,-,-,-,-,-,-,-,-,-,-,-,-,-,-,-,-,-,-,-,-,-,-,-,-,-,-,-,-,-,-,-,-,-
2009," 石門區"," 女",30,1,3,3,4,3,3,1,3,3,2,1,0,2,1,0,0,0,0,0,-,-,-,-,-,-,-,-,-,-,-,-,-,-,-,-,-,-,-,-,-,-,-,-,-,-,-,-,-,-,-,-,-,-,-,-,-,-,-,-
2009," 八里區"," 計",685,50,80,59,99,65,58,52,37,53,58,37,22,10,1,1,2,1,0,0,-,-,-,-,-,-,-,-,-,-,-,-,-,-,-,-,-,-,-,-,-,-,-,-,-,-,-,-,-,-,-,-,-,-,-,-,-,-,-,-
2009," 八里區"," 男",348,26,38,29,57,31,30,25,15,25,29,17,15,8,0,1,1,1,0,0,-,-,-,-,-,-,-,-,-,-,-,-,-,-,-,-,-,-,-,-,-,-,-,-,-,-,-,-,-,-,-,-,-,-,-,-,-,-,-,-
2009," 八里區"," 女",337,24,42,30,42,34,28,27,22,28,29,20,7,2,1,0,1,0,0,0,-,-,-,-,-,-,-,-,-,-,-,-,-,-,-,-,-,-,-,-,-,-,-,-,-,-,-,-,-,-,-,-,-,-,-,-,-,-,-,-
2009," 平溪區"," 計",24,0,2,3,3,1,0,3,3,1,2,0,1,3,1,1,0,0,0,0,-,-,-,-,-,-,-,-,-,-,-,-,-,-,-,-,-,-,-,-,-,-,-,-,-,-,-,-,-,-,-,-,-,-,-,-,-,-,-,-
2009," 平溪區"," 男",7,0,1,0,2,0,0,0,0,1,1,0,0,1,1,0,0,0,0,0,-,-,-,-,-,-,-,-,-,-,-,-,-,-,-,-,-,-,-,-,-,-,-,-,-,-,-,-,-,-,-,-,-,-,-,-,-,-,-,-
2009," 平溪區"," 女",17,0,1,3,1,1,0,3,3,0,1,0,1,2,0,1,0,0,0,0,-,-,-,-,-,-,-,-,-,-,-,-,-,-,-,-,-,-,-,-,-,-,-,-,-,-,-,-,-,-,-,-,-,-,-,-,-,-,-,-
2009," 雙溪區"," 計",25,3,2,2,3,0,4,1,3,2,2,3,0,0,0,0,0,0,0,0,-,-,-,-,-,-,-,-,-,-,-,-,-,-,-,-,-,-,-,-,-,-,-,-,-,-,-,-,-,-,-,-,-,-,-,-,-,-,-,-
2009," 雙溪區"," 男",10,0,1,1,2,0,1,1,0,1,2,1,0,0,0,0,0,0,0,0,-,-,-,-,-,-,-,-,-,-,-,-,-,-,-,-,-,-,-,-,-,-,-,-,-,-,-,-,-,-,-,-,-,-,-,-,-,-,-,-
2009," 雙溪區"," 女",15,3,1,1,1,0,3,0,3,1,0,2,0,0,0,0,0,0,0,0,-,-,-,-,-,-,-,-,-,-,-,-,-,-,-,-,-,-,-,-,-,-,-,-,-,-,-,-,-,-,-,-,-,-,-,-,-,-,-,-
2009," 貢寮區"," 計",68,2,8,12,5,5,5,5,8,7,5,2,3,0,0,1,0,0,0,0,-,-,-,-,-,-,-,-,-,-,-,-,-,-,-,-,-,-,-,-,-,-,-,-,-,-,-,-,-,-,-,-,-,-,-,-,-,-,-,-
2009," 貢寮區"," 男",29,1,7,4,2,3,1,2,1,4,2,1,1,0,0,0,0,0,0,0,-,-,-,-,-,-,-,-,-,-,-,-,-,-,-,-,-,-,-,-,-,-,-,-,-,-,-,-,-,-,-,-,-,-,-,-,-,-,-,-
2009," 貢寮區"," 女",39,1,1,8,3,2,4,3,7,3,3,1,2,0,0,1,0,0,0,0,-,-,-,-,-,-,-,-,-,-,-,-,-,-,-,-,-,-,-,-,-,-,-,-,-,-,-,-,-,-,-,-,-,-,-,-,-,-,-,-
2009," 金山區"," 計",104,6,10,12,15,9,10,7,13,9,8,2,2,1,0,0,0,0,0,0,-,-,-,-,-,-,-,-,-,-,-,-,-,-,-,-,-,-,-,-,-,-,-,-,-,-,-,-,-,-,-,-,-,-,-,-,-,-,-,-
2009," 金山區"," 男",38,3,6,5,6,4,3,0,3,4,3,0,1,0,0,0,0,0,0,0,-,-,-,-,-,-,-,-,-,-,-,-,-,-,-,-,-,-,-,-,-,-,-,-,-,-,-,-,-,-,-,-,-,-,-,-,-,-,-,-
2009," 金山區"," 女",66,3,4,7,9,5,7,7,10,5,5,2,1,1,0,0,0,0,0,0,-,-,-,-,-,-,-,-,-,-,-,-,-,-,-,-,-,-,-,-,-,-,-,-,-,-,-,-,-,-,-,-,-,-,-,-,-,-,-,-
2009," 萬里區"," 計",268,13,15,32,30,30,21,17,23,23,20,23,11,4,1,3,2,0,0,0,-,-,-,-,-,-,-,-,-,-,-,-,-,-,-,-,-,-,-,-,-,-,-,-,-,-,-,-,-,-,-,-,-,-,-,-,-,-,-,-
2009," 萬里區"," 男",139,10,7,21,17,15,7,8,12,9,8,14,5,3,0,1,2,0,0,0,-,-,-,-,-,-,-,-,-,-,-,-,-,-,-,-,-,-,-,-,-,-,-,-,-,-,-,-,-,-,-,-,-,-,-,-,-,-,-,-
2009," 萬里區"," 女",129,3,8,11,13,15,14,9,11,14,12,9,6,1,1,2,0,0,0,0,-,-,-,-,-,-,-,-,-,-,-,-,-,-,-,-,-,-,-,-,-,-,-,-,-,-,-,-,-,-,-,-,-,-,-,-,-,-,-,-
2009," 烏來區"," 計",2564,199,199,205,234,230,218,211,176,198,202,160,141,58,56,43,22,9,2,1,-,-,-,-,-,-,-,-,-,-,-,-,-,-,-,-,-,-,-,-,-,-,-,-,-,-,-,-,-,-,-,-,-,-,-,-,-,-,-,-
2009," 烏來區"," 男",1291,103,113,107,123,139,117,95,88,95,99,74,58,27,25,20,7,1,0,0,-,-,-,-,-,-,-,-,-,-,-,-,-,-,-,-,-,-,-,-,-,-,-,-,-,-,-,-,-,-,-,-,-,-,-,-,-,-,-,-
2009," 烏來區"," 女",1273,96,86,98,111,91,101,116,88,103,103,86,83,31,31,23,15,8,2,1,-,-,-,-,-,-,-,-,-,-,-,-,-,-,-,-,-,-,-,-,-,-,-,-,-,-,-,-,-,-,-,-,-,-,-,-,-,-,-,-
2010," 新北市"," 計",48844,3139,4062,5060,5620,4387,4436,4300,3843,3808,3649,2799,1835,956,429,291,126,79,18,7,-,-,-,-,-,-,-,-,-,-,-,-,-,-,-,-,-,-,-,-,-,-,-,-,-,-,-,-,-,-,-,-,-,-,-,-,-,-,-,-
2010," 新北市"," 男",22758,1631,2109,2551,2819,2164,2107,1841,1556,1515,1546,1193,859,444,202,131,51,29,9,1,-,-,-,-,-,-,-,-,-,-,-,-,-,-,-,-,-,-,-,-,-,-,-,-,-,-,-,-,-,-,-,-,-,-,-,-,-,-,-,-
2010," 新北市"," 女",26086,1508,1953,2509,2801,2223,2329,2459,2287,2293,2103,1606,976,512,227,160,75,50,9,6,-,-,-,-,-,-,-,-,-,-,-,-,-,-,-,-,-,-,-,-,-,-,-,-,-,-,-,-,-,-,-,-,-,-,-,-,-,-,-,-
2010," 板橋區"," 計",3745,256,281,396,457,359,328,338,288,308,259,198,143,74,24,22,6,5,1,2,-,-,-,-,-,-,-,-,-,-,-,-,-,-,-,-,-,-,-,-,-,-,-,-,-,-,-,-,-,-,-,-,-,-,-,-,-,-,-,-
2010," 板橋區"," 男",1619,128,149,198,225,163,132,130,114,109,93,74,52,29,9,11,2,1,0,0,-,-,-,-,-,-,-,-,-,-,-,-,-,-,-,-,-,-,-,-,-,-,-,-,-,-,-,-,-,-,-,-,-,-,-,-,-,-,-,-
2010," 板橋區"," 女",2126,128,132,198,232,196,196,208,174,199,166,124,91,45,15,11,4,4,1,2,-,-,-,-,-,-,-,-,-,-,-,-,-,-,-,-,-,-,-,-,-,-,-,-,-,-,-,-,-,-,-,-,-,-,-,-,-,-,-,-
2010," 三重區"," 計",1907,115,165,207,263,175,182,173,179,150,134,80,43,25,9,2,2,1,2,0,-,-,-,-,-,-,-,-,-,-,-,-,-,-,-,-,-,-,-,-,-,-,-,-,-,-,-,-,-,-,-,-,-,-,-,-,-,-,-,-
2010," 三重區"," 男",828,62,99,108,144,76,73,47,57,50,42,32,19,10,6,1,0,1,1,0,-,-,-,-,-,-,-,-,-,-,-,-,-,-,-,-,-,-,-,-,-,-,-,-,-,-,-,-,-,-,-,-,-,-,-,-,-,-,-,-
2010," 三重區"," 女",1079,53,66,99,119,99,109,126,122,100,92,48,24,15,3,1,2,0,1,0,-,-,-,-,-,-,-,-,-,-,-,-,-,-,-,-,-,-,-,-,-,-,-,-,-,-,-,-,-,-,-,-,-,-,-,-,-,-,-,-
2010," 中和區"," 計",2474,143,176,194,265,242,261,224,191,194,205,147,122,61,22,17,6,3,0,1,-,-,-,-,-,-,-,-,-,-,-,-,-,-,-,-,-,-,-,-,-,-,-,-,-,-,-,-,-,-,-,-,-,-,-,-,-,-,-,-
2010," 中和區"," 男",1061,76,108,88,128,117,122,91,68,66,63,50,56,15,8,2,2,1,0,0,-,-,-,-,-,-,-,-,-,-,-,-,-,-,-,-,-,-,-,-,-,-,-,-,-,-,-,-,-,-,-,-,-,-,-,-,-,-,-,-
2010," 中和區"," 女",1413,67,68,106,137,125,139,133,123,128,142,97,66,46,14,15,4,2,0,1,-,-,-,-,-,-,-,-,-,-,-,-,-,-,-,-,-,-,-,-,-,-,-,-,-,-,-,-,-,-,-,-,-,-,-,-,-,-,-,-
2010," 永和區"," 計",806,41,56,83,93,68,60,76,72,68,78,48,21,19,10,9,2,0,2,0,-,-,-,-,-,-,-,-,-,-,-,-,-,-,-,-,-,-,-,-,-,-,-,-,-,-,-,-,-,-,-,-,-,-,-,-,-,-,-,-
2010," 永和區"," 男",323,24,25,47,45,28,28,24,26,21,27,16,8,2,0,1,0,0,1,0,-,-,-,-,-,-,-,-,-,-,-,-,-,-,-,-,-,-,-,-,-,-,-,-,-,-,-,-,-,-,-,-,-,-,-,-,-,-,-,-
2010," 永和區"," 女",483,17,31,36,48,40,32,52,46,47,51,32,13,17,10,8,2,0,1,0,-,-,-,-,-,-,-,-,-,-,-,-,-,-,-,-,-,-,-,-,-,-,-,-,-,-,-,-,-,-,-,-,-,-,-,-,-,-,-,-
2010," 新莊區"," 計",4669,301,447,534,530,457,429,421,381,321,346,240,150,60,31,11,6,2,1,1,-,-,-,-,-,-,-,-,-,-,-,-,-,-,-,-,-,-,-,-,-,-,-,-,-,-,-,-,-,-,-,-,-,-,-,-,-,-,-,-
2010," 新莊區"," 男",2143,161,223,285,268,217,187,166,145,123,135,106,71,28,17,6,3,1,1,0,-,-,-,-,-,-,-,-,-,-,-,-,-,-,-,-,-,-,-,-,-,-,-,-,-,-,-,-,-,-,-,-,-,-,-,-,-,-,-,-
2010," 新莊區"," 女",2526,140,224,249,262,240,242,255,236,198,211,134,79,32,14,5,3,1,0,1,-,-,-,-,-,-,-,-,-,-,-,-,-,-,-,-,-,-,-,-,-,-,-,-,-,-,-,-,-,-,-,-,-,-,-,-,-,-,-,-
2010," 新店區"," 計",3049,162,222,314,323,240,258,269,253,228,228,203,159,90,40,33,15,11,1,0,-,-,-,-,-,-,-,-,-,-,-,-,-,-,-,-,-,-,-,-,-,-,-,-,-,-,-,-,-,-,-,-,-,-,-,-,-,-,-,-
2010," 新店區"," 男",1343,85,111,156,152,110,123,123,103,84,100,62,65,31,18,10,5,4,1,0,-,-,-,-,-,-,-,-,-,-,-,-,-,-,-,-,-,-,-,-,-,-,-,-,-,-,-,-,-,-,-,-,-,-,-,-,-,-,-,-
2010," 新店區"," 女",1706,77,111,158,171,130,135,146,150,144,128,141,94,59,22,23,10,7,0,0,-,-,-,-,-,-,-,-,-,-,-,-,-,-,-,-,-,-,-,-,-,-,-,-,-,-,-,-,-,-,-,-,-,-,-,-,-,-,-,-
2010," 樹林區"," 計",5984,426,549,639,701,550,588,540,461,460,449,330,164,75,22,16,7,6,1,0,-,-,-,-,-,-,-,-,-,-,-,-,-,-,-,-,-,-,-,-,-,-,-,-,-,-,-,-,-,-,-,-,-,-,-,-,-,-,-,-
2010," 樹林區"," 男",2897,222,289,319,350,289,279,249,186,190,204,155,94,46,13,6,3,2,1,0,-,-,-,-,-,-,-,-,-,-,-,-,-,-,-,-,-,-,-,-,-,-,-,-,-,-,-,-,-,-,-,-,-,-,-,-,-,-,-,-
2010," 樹林區"," 女",3087,204,260,320,351,261,309,291,275,270,245,175,70,29,9,10,4,4,0,0,-,-,-,-,-,-,-,-,-,-,-,-,-,-,-,-,-,-,-,-,-,-,-,-,-,-,-,-,-,-,-,-,-,-,-,-,-,-,-,-
2010," 鶯歌區"," 計",2449,173,231,288,311,215,218,202,189,185,186,120,57,36,22,11,2,3,0,0,-,-,-,-,-,-,-,-,-,-,-,-,-,-,-,-,-,-,-,-,-,-,-,-,-,-,-,-,-,-,-,-,-,-,-,-,-,-,-,-
2010," 鶯歌區"," 男",1171,81,116,141,157,105,117,96,77,76,85,60,29,17,9,5,0,0,0,0,-,-,-,-,-,-,-,-,-,-,-,-,-,-,-,-,-,-,-,-,-,-,-,-,-,-,-,-,-,-,-,-,-,-,-,-,-,-,-,-
2010," 鶯歌區"," 女",1278,92,115,147,154,110,101,106,112,109,101,60,28,19,13,6,2,3,0,0,-,-,-,-,-,-,-,-,-,-,-,-,-,-,-,-,-,-,-,-,-,-,-,-,-,-,-,-,-,-,-,-,-,-,-,-,-,-,-,-
2010," 三峽區"," 計",2531,197,248,318,315,209,212,192,195,213,169,112,85,38,13,9,3,3,0,0,-,-,-,-,-,-,-,-,-,-,-,-,-,-,-,-,-,-,-,-,-,-,-,-,-,-,-,-,-,-,-,-,-,-,-,-,-,-,-,-
2010," 三峽區"," 男",1229,106,131,165,155,96,105,87,80,91,76,57,42,23,9,6,0,0,0,0,-,-,-,-,-,-,-,-,-,-,-,-,-,-,-,-,-,-,-,-,-,-,-,-,-,-,-,-,-,-,-,-,-,-,-,-,-,-,-,-
2010," 三峽區"," 女",1302,91,117,153,160,113,107,105,115,122,93,55,43,15,4,3,3,3,0,0,-,-,-,-,-,-,-,-,-,-,-,-,-,-,-,-,-,-,-,-,-,-,-,-,-,-,-,-,-,-,-,-,-,-,-,-,-,-,-,-
2010," 淡水區"," 計",1451,87,119,181,165,119,139,135,97,130,113,71,52,27,10,3,0,1,2,0,-,-,-,-,-,-,-,-,-,-,-,-,-,-,-,-,-,-,-,-,-,-,-,-,-,-,-,-,-,-,-,-,-,-,-,-,-,-,-,-
2010," 淡水區"," 男",653,47,61,89,80,57,68,57,33,42,41,30,27,12,6,2,0,1,0,0,-,-,-,-,-,-,-,-,-,-,-,-,-,-,-,-,-,-,-,-,-,-,-,-,-,-,-,-,-,-,-,-,-,-,-,-,-,-,-,-
2010," 淡水區"," 女",798,40,58,92,85,62,71,78,64,88,72,41,25,15,4,1,0,0,2,0,-,-,-,-,-,-,-,-,-,-,-,-,-,-,-,-,-,-,-,-,-,-,-,-,-,-,-,-,-,-,-,-,-,-,-,-,-,-,-,-
2010," 汐止區"," 計",4100,242,305,343,425,322,340,371,381,332,325,262,177,120,86,43,16,6,3,1,-,-,-,-,-,-,-,-,-,-,-,-,-,-,-,-,-,-,-,-,-,-,-,-,-,-,-,-,-,-,-,-,-,-,-,-,-,-,-,-
2010," 汐止區"," 男",1953,116,144,187,218,158,186,147,181,148,145,106,80,55,42,26,10,2,2,0,-,-,-,-,-,-,-,-,-,-,-,-,-,-,-,-,-,-,-,-,-,-,-,-,-,-,-,-,-,-,-,-,-,-,-,-,-,-,-,-
2010," 汐止區"," 女",2147,126,161,156,207,164,154,224,200,184,180,156,97,65,44,17,6,4,1,1,-,-,-,-,-,-,-,-,-,-,-,-,-,-,-,-,-,-,-,-,-,-,-,-,-,-,-,-,-,-,-,-,-,-,-,-,-,-,-,-
2010," 瑞芳區"," 計",1174,74,86,85,103,106,107,115,85,72,67,100,81,38,18,17,11,9,0,0,-,-,-,-,-,-,-,-,-,-,-,-,-,-,-,-,-,-,-,-,-,-,-,-,-,-,-,-,-,-,-,-,-,-,-,-,-,-,-,-
2010," 瑞芳區"," 男",614,42,44,43,50,59,61,65,34,42,36,43,40,25,8,10,7,5,0,0,-,-,-,-,-,-,-,-,-,-,-,-,-,-,-,-,-,-,-,-,-,-,-,-,-,-,-,-,-,-,-,-,-,-,-,-,-,-,-,-
2010," 瑞芳區"," 女",560,32,42,42,53,47,46,50,51,30,31,57,41,13,10,7,4,4,0,0,-,-,-,-,-,-,-,-,-,-,-,-,-,-,-,-,-,-,-,-,-,-,-,-,-,-,-,-,-,-,-,-,-,-,-,-,-,-,-,-
2010," 土城區"," 計",4027,228,253,372,452,393,409,355,292,283,313,307,206,89,29,23,9,10,3,1,-,-,-,-,-,-,-,-,-,-,-,-,-,-,-,-,-,-,-,-,-,-,-,-,-,-,-,-,-,-,-,-,-,-,-,-,-,-,-,-
2010," 土城區"," 男",1972,124,140,185,227,210,210,176,133,108,138,133,100,54,16,10,2,5,1,0,-,-,-,-,-,-,-,-,-,-,-,-,-,-,-,-,-,-,-,-,-,-,-,-,-,-,-,-,-,-,-,-,-,-,-,-,-,-,-,-
2010," 土城區"," 女",2055,104,113,187,225,183,199,179,159,175,175,174,106,35,13,13,7,5,2,1,-,-,-,-,-,-,-,-,-,-,-,-,-,-,-,-,-,-,-,-,-,-,-,-,-,-,-,-,-,-,-,-,-,-,-,-,-,-,-,-
2010," 蘆洲區"," 計",1897,117,135,199,243,186,180,168,149,163,147,107,58,28,4,9,1,2,0,1,-,-,-,-,-,-,-,-,-,-,-,-,-,-,-,-,-,-,-,-,-,-,-,-,-,-,-,-,-,-,-,-,-,-,-,-,-,-,-,-
2010," 蘆洲區"," 男",882,57,70,103,131,94,77,74,59,61,60,43,32,10,2,7,0,1,0,1,-,-,-,-,-,-,-,-,-,-,-,-,-,-,-,-,-,-,-,-,-,-,-,-,-,-,-,-,-,-,-,-,-,-,-,-,-,-,-,-
2010," 蘆洲區"," 女",1015,60,65,96,112,92,103,94,90,102,87,64,26,18,2,2,1,1,0,0,-,-,-,-,-,-,-,-,-,-,-,-,-,-,-,-,-,-,-,-,-,-,-,-,-,-,-,-,-,-,-,-,-,-,-,-,-,-,-,-
2010," 五股區"," 計",1539,104,149,194,204,116,111,140,110,140,119,70,37,26,12,6,1,0,0,0,-,-,-,-,-,-,-,-,-,-,-,-,-,-,-,-,-,-,-,-,-,-,-,-,-,-,-,-,-,-,-,-,-,-,-,-,-,-,-,-
2010," 五股區"," 男",716,58,73,91,112,49,49,61,48,56,60,28,15,10,4,1,1,0,0,0,-,-,-,-,-,-,-,-,-,-,-,-,-,-,-,-,-,-,-,-,-,-,-,-,-,-,-,-,-,-,-,-,-,-,-,-,-,-,-,-
2010," 五股區"," 女",823,46,76,103,92,67,62,79,62,84,59,42,22,16,8,5,0,0,0,0,-,-,-,-,-,-,-,-,-,-,-,-,-,-,-,-,-,-,-,-,-,-,-,-,-,-,-,-,-,-,-,-,-,-,-,-,-,-,-,-
2010," 泰山區"," 計",1140,73,120,144,140,87,99,115,92,93,67,51,27,21,5,3,0,3,0,0,-,-,-,-,-,-,-,-,-,-,-,-,-,-,-,-,-,-,-,-,-,-,-,-,-,-,-,-,-,-,-,-,-,-,-,-,-,-,-,-
2010," 泰山區"," 男",526,38,59,68,69,46,46,46,38,39,24,23,12,14,3,0,0,1,0,0,-,-,-,-,-,-,-,-,-,-,-,-,-,-,-,-,-,-,-,-,-,-,-,-,-,-,-,-,-,-,-,-,-,-,-,-,-,-,-,-
2010," 泰山區"," 女",614,35,61,76,71,41,53,69,54,54,43,28,15,7,2,3,0,2,0,0,-,-,-,-,-,-,-,-,-,-,-,-,-,-,-,-,-,-,-,-,-,-,-,-,-,-,-,-,-,-,-,-,-,-,-,-,-,-,-,-
2010," 林口區"," 計",1485,113,155,189,155,116,117,121,123,138,97,71,42,20,10,10,4,3,1,0,-,-,-,-,-,-,-,-,-,-,-,-,-,-,-,-,-,-,-,-,-,-,-,-,-,-,-,-,-,-,-,-,-,-,-,-,-,-,-,-
2010," 林口區"," 男",675,59,85,75,66,53,47,41,42,72,50,35,22,12,5,7,1,2,1,0,-,-,-,-,-,-,-,-,-,-,-,-,-,-,-,-,-,-,-,-,-,-,-,-,-,-,-,-,-,-,-,-,-,-,-,-,-,-,-,-
2010," 林口區"," 女",810,54,70,114,89,63,70,80,81,66,47,36,20,8,5,3,3,1,0,0,-,-,-,-,-,-,-,-,-,-,-,-,-,-,-,-,-,-,-,-,-,-,-,-,-,-,-,-,-,-,-,-,-,-,-,-,-,-,-,-
2010," 深坑區"," 計",225,10,22,20,27,18,31,25,12,19,10,14,8,5,1,2,1,0,0,0,-,-,-,-,-,-,-,-,-,-,-,-,-,-,-,-,-,-,-,-,-,-,-,-,-,-,-,-,-,-,-,-,-,-,-,-,-,-,-,-
2010," 深坑區"," 男",105,6,9,15,13,12,16,10,3,6,5,4,3,2,0,1,0,0,0,0,-,-,-,-,-,-,-,-,-,-,-,-,-,-,-,-,-,-,-,-,-,-,-,-,-,-,-,-,-,-,-,-,-,-,-,-,-,-,-,-
2010," 深坑區"," 女",120,4,13,5,14,6,15,15,9,13,5,10,5,3,1,1,1,0,0,0,-,-,-,-,-,-,-,-,-,-,-,-,-,-,-,-,-,-,-,-,-,-,-,-,-,-,-,-,-,-,-,-,-,-,-,-,-,-,-,-
2010," 石碇區"," 計",33,2,1,7,7,5,3,1,2,1,2,1,1,0,0,0,0,0,0,0,-,-,-,-,-,-,-,-,-,-,-,-,-,-,-,-,-,-,-,-,-,-,-,-,-,-,-,-,-,-,-,-,-,-,-,-,-,-,-,-
2010," 石碇區"," 男",11,1,1,2,4,1,0,0,0,0,1,0,1,0,0,0,0,0,0,0,-,-,-,-,-,-,-,-,-,-,-,-,-,-,-,-,-,-,-,-,-,-,-,-,-,-,-,-,-,-,-,-,-,-,-,-,-,-,-,-
2010," 石碇區"," 女",22,1,0,5,3,4,3,1,2,1,1,1,0,0,0,0,0,0,0,0,-,-,-,-,-,-,-,-,-,-,-,-,-,-,-,-,-,-,-,-,-,-,-,-,-,-,-,-,-,-,-,-,-,-,-,-,-,-,-,-
2010," 坪林區"," 計",10,2,1,1,1,1,1,1,2,0,0,0,0,0,0,0,0,0,0,0,-,-,-,-,-,-,-,-,-,-,-,-,-,-,-,-,-,-,-,-,-,-,-,-,-,-,-,-,-,-,-,-,-,-,-,-,-,-,-,-
2010," 坪林區"," 男",6,2,1,0,1,0,1,0,1,0,0,0,0,0,0,0,0,0,0,0,-,-,-,-,-,-,-,-,-,-,-,-,-,-,-,-,-,-,-,-,-,-,-,-,-,-,-,-,-,-,-,-,-,-,-,-,-,-,-,-
2010," 坪林區"," 女",4,0,0,1,0,1,0,1,1,0,0,0,0,0,0,0,0,0,0,0,-,-,-,-,-,-,-,-,-,-,-,-,-,-,-,-,-,-,-,-,-,-,-,-,-,-,-,-,-,-,-,-,-,-,-,-,-,-,-,-
2010," 三芝區"," 計",301,26,19,22,39,46,28,16,13,23,36,22,8,2,1,0,0,0,0,0,-,-,-,-,-,-,-,-,-,-,-,-,-,-,-,-,-,-,-,-,-,-,-,-,-,-,-,-,-,-,-,-,-,-,-,-,-,-,-,-
2010," 三芝區"," 男",141,13,6,12,20,23,13,7,5,6,18,12,5,1,0,0,0,0,0,0,-,-,-,-,-,-,-,-,-,-,-,-,-,-,-,-,-,-,-,-,-,-,-,-,-,-,-,-,-,-,-,-,-,-,-,-,-,-,-,-
2010," 三芝區"," 女",160,13,13,10,19,23,15,9,8,17,18,10,3,1,1,0,0,0,0,0,-,-,-,-,-,-,-,-,-,-,-,-,-,-,-,-,-,-,-,-,-,-,-,-,-,-,-,-,-,-,-,-,-,-,-,-,-,-,-,-
2010," 石門區"," 計",53,2,4,5,11,6,4,1,3,2,8,5,0,1,1,0,0,0,0,0,-,-,-,-,-,-,-,-,-,-,-,-,-,-,-,-,-,-,-,-,-,-,-,-,-,-,-,-,-,-,-,-,-,-,-,-,-,-,-,-
2010," 石門區"," 男",19,0,0,3,5,3,1,0,0,0,4,3,0,0,0,0,0,0,0,0,-,-,-,-,-,-,-,-,-,-,-,-,-,-,-,-,-,-,-,-,-,-,-,-,-,-,-,-,-,-,-,-,-,-,-,-,-,-,-,-
2010," 石門區"," 女",34,2,4,2,6,3,3,1,3,2,4,2,0,1,1,0,0,0,0,0,-,-,-,-,-,-,-,-,-,-,-,-,-,-,-,-,-,-,-,-,-,-,-,-,-,-,-,-,-,-,-,-,-,-,-,-,-,-,-,-
2010," 八里區"," 計",710,48,83,59,91,71,65,52,47,52,62,37,27,11,2,0,2,1,0,0,-,-,-,-,-,-,-,-,-,-,-,-,-,-,-,-,-,-,-,-,-,-,-,-,-,-,-,-,-,-,-,-,-,-,-,-,-,-,-,-
2010," 八里區"," 男",353,26,37,28,47,38,34,24,21,23,29,19,16,9,0,0,1,1,0,0,-,-,-,-,-,-,-,-,-,-,-,-,-,-,-,-,-,-,-,-,-,-,-,-,-,-,-,-,-,-,-,-,-,-,-,-,-,-,-,-
2010," 八里區"," 女",357,22,46,31,44,33,31,28,26,29,33,18,11,2,2,0,1,0,0,0,-,-,-,-,-,-,-,-,-,-,-,-,-,-,-,-,-,-,-,-,-,-,-,-,-,-,-,-,-,-,-,-,-,-,-,-,-,-,-,-
2010," 平溪區"," 計",22,0,2,3,1,1,1,2,2,2,2,0,1,1,2,2,0,0,0,0,-,-,-,-,-,-,-,-,-,-,-,-,-,-,-,-,-,-,-,-,-,-,-,-,-,-,-,-,-,-,-,-,-,-,-,-,-,-,-,-
2010," 平溪區"," 男",6,0,1,0,1,0,0,0,0,1,1,0,0,0,1,1,0,0,0,0,-,-,-,-,-,-,-,-,-,-,-,-,-,-,-,-,-,-,-,-,-,-,-,-,-,-,-,-,-,-,-,-,-,-,-,-,-,-,-,-
2010," 平溪區"," 女",16,0,1,3,0,1,1,2,2,1,1,0,1,1,1,1,0,0,0,0,-,-,-,-,-,-,-,-,-,-,-,-,-,-,-,-,-,-,-,-,-,-,-,-,-,-,-,-,-,-,-,-,-,-,-,-,-,-,-,-
2010," 雙溪區"," 計",27,2,1,4,1,2,4,2,3,2,2,4,0,0,0,0,0,0,0,0,-,-,-,-,-,-,-,-,-,-,-,-,-,-,-,-,-,-,-,-,-,-,-,-,-,-,-,-,-,-,-,-,-,-,-,-,-,-,-,-
2010," 雙溪區"," 男",12,0,0,2,1,1,0,2,1,0,2,3,0,0,0,0,0,0,0,0,-,-,-,-,-,-,-,-,-,-,-,-,-,-,-,-,-,-,-,-,-,-,-,-,-,-,-,-,-,-,-,-,-,-,-,-,-,-,-,-
2010," 雙溪區"," 女",15,2,1,2,0,1,4,0,2,2,0,1,0,0,0,0,0,0,0,0,-,-,-,-,-,-,-,-,-,-,-,-,-,-,-,-,-,-,-,-,-,-,-,-,-,-,-,-,-,-,-,-,-,-,-,-,-,-,-,-
2010," 貢寮區"," 計",68,2,6,11,6,5,8,3,9,6,6,3,2,0,0,0,1,0,0,0,-,-,-,-,-,-,-,-,-,-,-,-,-,-,-,-,-,-,-,-,-,-,-,-,-,-,-,-,-,-,-,-,-,-,-,-,-,-,-,-
2010," 貢寮區"," 男",27,1,3,5,2,2,4,1,1,3,3,1,1,0,0,0,0,0,0,0,-,-,-,-,-,-,-,-,-,-,-,-,-,-,-,-,-,-,-,-,-,-,-,-,-,-,-,-,-,-,-,-,-,-,-,-,-,-,-,-
2010," 貢寮區"," 女",41,1,3,6,4,3,4,2,8,3,3,2,1,0,0,0,1,0,0,0,-,-,-,-,-,-,-,-,-,-,-,-,-,-,-,-,-,-,-,-,-,-,-,-,-,-,-,-,-,-,-,-,-,-,-,-,-,-,-,-
2010," 金山區"," 計",101,5,6,11,18,11,8,7,9,10,7,5,2,2,0,0,0,0,0,0,-,-,-,-,-,-,-,-,-,-,-,-,-,-,-,-,-,-,-,-,-,-,-,-,-,-,-,-,-,-,-,-,-,-,-,-,-,-,-,-
2010," 金山區"," 男",36,2,2,7,6,4,4,0,2,4,3,0,1,1,0,0,0,0,0,0,-,-,-,-,-,-,-,-,-,-,-,-,-,-,-,-,-,-,-,-,-,-,-,-,-,-,-,-,-,-,-,-,-,-,-,-,-,-,-,-
2010," 金山區"," 女",65,3,4,4,12,7,4,7,7,6,4,5,1,1,0,0,0,0,0,0,-,-,-,-,-,-,-,-,-,-,-,-,-,-,-,-,-,-,-,-,-,-,-,-,-,-,-,-,-,-,-,-,-,-,-,-,-,-,-,-
2010," 萬里區"," 計",284,18,16,26,37,31,26,16,23,22,23,21,11,5,1,5,3,0,0,0,-,-,-,-,-,-,-,-,-,-,-,-,-,-,-,-,-,-,-,-,-,-,-,-,-,-,-,-,-,-,-,-,-,-,-,-,-,-,-,-
2010," 萬里區"," 男",143,8,10,17,21,15,9,8,14,6,10,12,7,2,0,2,2,0,0,0,-,-,-,-,-,-,-,-,-,-,-,-,-,-,-,-,-,-,-,-,-,-,-,-,-,-,-,-,-,-,-,-,-,-,-,-,-,-,-,-
2010," 萬里區"," 女",141,10,6,9,16,16,17,8,9,16,13,9,4,3,1,3,1,0,0,0,-,-,-,-,-,-,-,-,-,-,-,-,-,-,-,-,-,-,-,-,-,-,-,-,-,-,-,-,-,-,-,-,-,-,-,-,-,-,-,-
2010," 烏來區"," 計",2583,170,204,211,236,230,219,219,180,191,189,170,151,82,54,38,28,10,1,0,-,-,-,-,-,-,-,-,-,-,-,-,-,-,-,-,-,-,-,-,-,-,-,-,-,-,-,-,-,-,-,-,-,-,-,-,-,-,-,-
2010," 烏來區"," 男",1294,86,112,112,121,138,115,109,84,88,91,86,61,36,26,16,12,1,0,0,-,-,-,-,-,-,-,-,-,-,-,-,-,-,-,-,-,-,-,-,-,-,-,-,-,-,-,-,-,-,-,-,-,-,-,-,-,-,-,-
2010," 烏來區"," 女",1289,84,92,99,115,92,104,110,96,103,98,84,90,46,28,22,16,9,1,0,-,-,-,-,-,-,-,-,-,-,-,-,-,-,-,-,-,-,-,-,-,-,-,-,-,-,-,-,-,-,-,-,-,-,-,-,-,-,-,-
2011," 新北市"," 計",50488,3244,4049,4910,5827,4703,4441,4540,3986,3890,3702,3006,2064,1078,475,328,137,76,28,4,-,-,-,-,-,-,-,-,-,-,-,-,-,-,-,-,-,-,-,-,-,-,-,-,-,-,-,-,-,-,-,-,-,-,-,-,-,-,-,-
2011," 新北市"," 男",23518,1669,2102,2491,2914,2336,2094,1980,1661,1528,1556,1266,960,486,229,143,56,30,16,1,-,-,-,-,-,-,-,-,-,-,-,-,-,-,-,-,-,-,-,-,-,-,-,-,-,-,-,-,-,-,-,-,-,-,-,-,-,-,-,-
2011," 新北市"," 女",26970,1575,1947,2419,2913,2367,2347,2560,2325,2362,2146,1740,1104,592,246,185,81,46,12,3,-,-,-,-,-,-,-,-,-,-,-,-,-,-,-,-,-,-,-,-,-,-,-,-,-,-,-,-,-,-,-,-,-,-,-,-,-,-,-,-
2011," 板橋區"," 計",3865,272,286,372,467,382,335,375,296,293,279,209,155,79,30,23,4,5,2,1,-,-,-,-,-,-,-,-,-,-,-,-,-,-,-,-,-,-,-,-,-,-,-,-,-,-,-,-,-,-,-,-,-,-,-,-,-,-,-,-
2011," 板橋區"," 男",1680,135,150,180,236,169,143,163,115,99,99,78,58,27,13,11,2,2,0,0,-,-,-,-,-,-,-,-,-,-,-,-,-,-,-,-,-,-,-,-,-,-,-,-,-,-,-,-,-,-,-,-,-,-,-,-,-,-,-,-
2011," 板橋區"," 女",2185,137,136,192,231,213,192,212,181,194,180,131,97,52,17,12,2,3,2,1,-,-,-,-,-,-,-,-,-,-,-,-,-,-,-,-,-,-,-,-,-,-,-,-,-,-,-,-,-,-,-,-,-,-,-,-,-,-,-,-
2011," 三重區"," 計",2010,128,172,209,258,214,177,196,173,158,132,102,47,24,13,4,1,1,1,0,-,-,-,-,-,-,-,-,-,-,-,-,-,-,-,-,-,-,-,-,-,-,-,-,-,-,-,-,-,-,-,-,-,-,-,-,-,-,-,-
2011," 三重區"," 男",873,70,96,113,142,100,67,56,57,44,47,39,21,8,8,3,0,1,1,0,-,-,-,-,-,-,-,-,-,-,-,-,-,-,-,-,-,-,-,-,-,-,-,-,-,-,-,-,-,-,-,-,-,-,-,-,-,-,-,-
2011," 三重區"," 女",1137,58,76,96,116,114,110,140,116,114,85,63,26,16,5,1,1,0,0,0,-,-,-,-,-,-,-,-,-,-,-,-,-,-,-,-,-,-,-,-,-,-,-,-,-,-,-,-,-,-,-,-,-,-,-,-,-,-,-,-
2011," 中和區"," 計",2547,139,208,186,265,258,254,237,205,177,195,168,125,78,24,19,5,3,1,0,-,-,-,-,-,-,-,-,-,-,-,-,-,-,-,-,-,-,-,-,-,-,-,-,-,-,-,-,-,-,-,-,-,-,-,-,-,-,-,-
2011," 中和區"," 男",1102,76,120,90,131,120,120,93,85,63,57,57,53,21,10,3,1,2,0,0,-,-,-,-,-,-,-,-,-,-,-,-,-,-,-,-,-,-,-,-,-,-,-,-,-,-,-,-,-,-,-,-,-,-,-,-,-,-,-,-
2011," 中和區"," 女",1445,63,88,96,134,138,134,144,120,114,138,111,72,57,14,16,4,1,1,0,-,-,-,-,-,-,-,-,-,-,-,-,-,-,-,-,-,-,-,-,-,-,-,-,-,-,-,-,-,-,-,-,-,-,-,-,-,-,-,-
2011," 永和區"," 計",833,42,54,89,85,72,72,72,67,85,66,61,27,18,7,11,3,0,2,0,-,-,-,-,-,-,-,-,-,-,-,-,-,-,-,-,-,-,-,-,-,-,-,-,-,-,-,-,-,-,-,-,-,-,-,-,-,-,-,-
2011," 永和區"," 男",329,26,24,44,39,31,29,31,20,27,24,19,13,1,0,0,0,0,1,0,-,-,-,-,-,-,-,-,-,-,-,-,-,-,-,-,-,-,-,-,-,-,-,-,-,-,-,-,-,-,-,-,-,-,-,-,-,-,-,-
2011," 永和區"," 女",504,16,30,45,46,41,43,41,47,58,42,42,14,17,7,11,3,0,1,0,-,-,-,-,-,-,-,-,-,-,-,-,-,-,-,-,-,-,-,-,-,-,-,-,-,-,-,-,-,-,-,-,-,-,-,-,-,-,-,-
2011," 新莊區"," 計",4829,315,445,547,545,452,450,442,398,348,347,244,163,77,35,13,5,2,1,0,-,-,-,-,-,-,-,-,-,-,-,-,-,-,-,-,-,-,-,-,-,-,-,-,-,-,-,-,-,-,-,-,-,-,-,-,-,-,-,-
2011," 新莊區"," 男",2193,161,224,297,272,218,197,161,159,133,128,100,79,35,19,7,2,0,1,0,-,-,-,-,-,-,-,-,-,-,-,-,-,-,-,-,-,-,-,-,-,-,-,-,-,-,-,-,-,-,-,-,-,-,-,-,-,-,-,-
2011," 新莊區"," 女",2636,154,221,250,273,234,253,281,239,215,219,144,84,42,16,6,3,2,0,0,-,-,-,-,-,-,-,-,-,-,-,-,-,-,-,-,-,-,-,-,-,-,-,-,-,-,-,-,-,-,-,-,-,-,-,-,-,-,-,-
2011," 新店區"," 計",3175,170,225,302,356,243,261,291,264,233,236,211,171,94,49,36,22,9,2,0,-,-,-,-,-,-,-,-,-,-,-,-,-,-,-,-,-,-,-,-,-,-,-,-,-,-,-,-,-,-,-,-,-,-,-,-,-,-,-,-
2011," 新店區"," 男",1399,84,104,151,167,122,118,128,117,90,108,64,68,33,20,12,8,3,2,0,-,-,-,-,-,-,-,-,-,-,-,-,-,-,-,-,-,-,-,-,-,-,-,-,-,-,-,-,-,-,-,-,-,-,-,-,-,-,-,-
2011," 新店區"," 女",1776,86,121,151,189,121,143,163,147,143,128,147,103,61,29,24,14,6,0,0,-,-,-,-,-,-,-,-,-,-,-,-,-,-,-,-,-,-,-,-,-,-,-,-,-,-,-,-,-,-,-,-,-,-,-,-,-,-,-,-
2011," 樹林區"," 計",6078,420,517,590,736,588,575,560,481,464,460,346,194,92,28,15,6,5,1,0,-,-,-,-,-,-,-,-,-,-,-,-,-,-,-,-,-,-,-,-,-,-,-,-,-,-,-,-,-,-,-,-,-,-,-,-,-,-,-,-
2011," 樹林區"," 男",2949,215,280,300,355,313,267,272,198,194,205,159,103,59,15,7,2,4,1,0,-,-,-,-,-,-,-,-,-,-,-,-,-,-,-,-,-,-,-,-,-,-,-,-,-,-,-,-,-,-,-,-,-,-,-,-,-,-,-,-
2011," 樹林區"," 女",3129,205,237,290,381,275,308,288,283,270,255,187,91,33,13,8,4,1,0,0,-,-,-,-,-,-,-,-,-,-,-,-,-,-,-,-,-,-,-,-,-,-,-,-,-,-,-,-,-,-,-,-,-,-,-,-,-,-,-,-
2011," 鶯歌區"," 計",2617,196,231,296,325,256,229,212,190,185,193,153,74,33,23,14,2,5,0,0,-,-,-,-,-,-,-,-,-,-,-,-,-,-,-,-,-,-,-,-,-,-,-,-,-,-,-,-,-,-,-,-,-,-,-,-,-,-,-,-
2011," 鶯歌區"," 男",1262,93,116,148,176,118,119,98,81,74,83,86,38,15,10,5,1,1,0,0,-,-,-,-,-,-,-,-,-,-,-,-,-,-,-,-,-,-,-,-,-,-,-,-,-,-,-,-,-,-,-,-,-,-,-,-,-,-,-,-
2011," 鶯歌區"," 女",1355,103,115,148,149,138,110,114,109,111,110,67,36,18,13,9,1,4,0,0,-,-,-,-,-,-,-,-,-,-,-,-,-,-,-,-,-,-,-,-,-,-,-,-,-,-,-,-,-,-,-,-,-,-,-,-,-,-,-,-
2011," 三峽區"," 計",2605,206,224,288,331,241,212,193,202,219,177,133,98,48,13,12,4,3,1,0,-,-,-,-,-,-,-,-,-,-,-,-,-,-,-,-,-,-,-,-,-,-,-,-,-,-,-,-,-,-,-,-,-,-,-,-,-,-,-,-
2011," 三峽區"," 男",1273,108,128,147,165,115,97,90,93,88,82,68,47,28,9,8,0,0,0,0,-,-,-,-,-,-,-,-,-,-,-,-,-,-,-,-,-,-,-,-,-,-,-,-,-,-,-,-,-,-,-,-,-,-,-,-,-,-,-,-
2011," 三峽區"," 女",1332,98,96,141,166,126,115,103,109,131,95,65,51,20,4,4,4,3,1,0,-,-,-,-,-,-,-,-,-,-,-,-,-,-,-,-,-,-,-,-,-,-,-,-,-,-,-,-,-,-,-,-,-,-,-,-,-,-,-,-
2011," 淡水區"," 計",1504,102,113,185,164,130,127,150,108,130,110,71,69,28,10,4,1,0,2,0,-,-,-,-,-,-,-,-,-,-,-,-,-,-,-,-,-,-,-,-,-,-,-,-,-,-,-,-,-,-,-,-,-,-,-,-,-,-,-,-
2011," 淡水區"," 男",677,56,58,93,76,63,57,69,42,44,37,25,38,10,5,2,1,0,1,0,-,-,-,-,-,-,-,-,-,-,-,-,-,-,-,-,-,-,-,-,-,-,-,-,-,-,-,-,-,-,-,-,-,-,-,-,-,-,-,-
2011," 淡水區"," 女",827,46,55,92,88,67,70,81,66,86,73,46,31,18,5,2,0,0,1,0,-,-,-,-,-,-,-,-,-,-,-,-,-,-,-,-,-,-,-,-,-,-,-,-,-,-,-,-,-,-,-,-,-,-,-,-,-,-,-,-
2011," 汐止區"," 計",4252,224,299,369,438,346,344,380,405,352,316,280,191,130,90,58,18,8,3,1,-,-,-,-,-,-,-,-,-,-,-,-,-,-,-,-,-,-,-,-,-,-,-,-,-,-,-,-,-,-,-,-,-,-,-,-,-,-,-,-
2011," 汐止區"," 男",2025,105,144,197,224,176,172,164,187,151,147,119,90,54,46,31,10,5,3,0,-,-,-,-,-,-,-,-,-,-,-,-,-,-,-,-,-,-,-,-,-,-,-,-,-,-,-,-,-,-,-,-,-,-,-,-,-,-,-,-
2011," 汐止區"," 女",2227,119,155,172,214,170,172,216,218,201,169,161,101,76,44,27,8,3,0,1,-,-,-,-,-,-,-,-,-,-,-,-,-,-,-,-,-,-,-,-,-,-,-,-,-,-,-,-,-,-,-,-,-,-,-,-,-,-,-,-
2011," 瑞芳區"," 計",1158,65,88,80,104,104,93,120,83,75,73,81,92,43,21,16,11,8,1,0,-,-,-,-,-,-,-,-,-,-,-,-,-,-,-,-,-,-,-,-,-,-,-,-,-,-,-,-,-,-,-,-,-,-,-,-,-,-,-,-
2011," 瑞芳區"," 男",604,34,52,39,49,56,53,70,38,38,41,34,39,31,9,9,8,3,1,0,-,-,-,-,-,-,-,-,-,-,-,-,-,-,-,-,-,-,-,-,-,-,-,-,-,-,-,-,-,-,-,-,-,-,-,-,-,-,-,-
2011," 瑞芳區"," 女",554,31,36,41,55,48,40,50,45,37,32,47,53,12,12,7,3,5,0,0,-,-,-,-,-,-,-,-,-,-,-,-,-,-,-,-,-,-,-,-,-,-,-,-,-,-,-,-,-,-,-,-,-,-,-,-,-,-,-,-
2011," 土城區"," 計",4138,248,259,355,467,399,405,382,286,319,294,316,224,105,31,25,10,6,6,1,-,-,-,-,-,-,-,-,-,-,-,-,-,-,-,-,-,-,-,-,-,-,-,-,-,-,-,-,-,-,-,-,-,-,-,-,-,-,-,-
2011," 土城區"," 男",1990,134,132,178,223,203,220,187,130,121,122,134,107,64,16,10,3,3,3,0,-,-,-,-,-,-,-,-,-,-,-,-,-,-,-,-,-,-,-,-,-,-,-,-,-,-,-,-,-,-,-,-,-,-,-,-,-,-,-,-
2011," 土城區"," 女",2148,114,127,177,244,196,185,195,156,198,172,182,117,41,15,15,7,3,3,1,-,-,-,-,-,-,-,-,-,-,-,-,-,-,-,-,-,-,-,-,-,-,-,-,-,-,-,-,-,-,-,-,-,-,-,-,-,-,-,-
2011," 蘆洲區"," 計",1923,123,135,191,242,201,155,184,150,157,143,124,68,31,6,7,3,1,1,1,-,-,-,-,-,-,-,-,-,-,-,-,-,-,-,-,-,-,-,-,-,-,-,-,-,-,-,-,-,-,-,-,-,-,-,-,-,-,-,-
2011," 蘆洲區"," 男",916,60,77,94,139,99,73,79,62,60,62,49,38,13,3,5,1,1,0,1,-,-,-,-,-,-,-,-,-,-,-,-,-,-,-,-,-,-,-,-,-,-,-,-,-,-,-,-,-,-,-,-,-,-,-,-,-,-,-,-
2011," 蘆洲區"," 女",1007,63,58,97,103,102,82,105,88,97,81,75,30,18,3,2,2,0,1,0,-,-,-,-,-,-,-,-,-,-,-,-,-,-,-,-,-,-,-,-,-,-,-,-,-,-,-,-,-,-,-,-,-,-,-,-,-,-,-,-
2011," 五股區"," 計",1638,104,161,171,222,153,123,135,124,136,131,78,53,24,14,8,1,0,0,0,-,-,-,-,-,-,-,-,-,-,-,-,-,-,-,-,-,-,-,-,-,-,-,-,-,-,-,-,-,-,-,-,-,-,-,-,-,-,-,-
2011," 五股區"," 男",768,58,77,76,123,74,58,55,63,53,61,33,22,7,7,0,1,0,0,0,-,-,-,-,-,-,-,-,-,-,-,-,-,-,-,-,-,-,-,-,-,-,-,-,-,-,-,-,-,-,-,-,-,-,-,-,-,-,-,-
2011," 五股區"," 女",870,46,84,95,99,79,65,80,61,83,70,45,31,17,7,8,0,0,0,0,-,-,-,-,-,-,-,-,-,-,-,-,-,-,-,-,-,-,-,-,-,-,-,-,-,-,-,-,-,-,-,-,-,-,-,-,-,-,-,-
2011," 泰山區"," 計",1168,73,117,133,147,91,106,116,96,95,73,56,37,15,6,4,0,3,0,0,-,-,-,-,-,-,-,-,-,-,-,-,-,-,-,-,-,-,-,-,-,-,-,-,-,-,-,-,-,-,-,-,-,-,-,-,-,-,-,-
2011," 泰山區"," 男",535,37,60,70,70,52,42,49,35,41,24,24,15,11,4,0,0,1,0,0,-,-,-,-,-,-,-,-,-,-,-,-,-,-,-,-,-,-,-,-,-,-,-,-,-,-,-,-,-,-,-,-,-,-,-,-,-,-,-,-
2011," 泰山區"," 女",633,36,57,63,77,39,64,67,61,54,49,32,22,4,2,4,0,2,0,0,-,-,-,-,-,-,-,-,-,-,-,-,-,-,-,-,-,-,-,-,-,-,-,-,-,-,-,-,-,-,-,-,-,-,-,-,-,-,-,-
2011," 林口區"," 計",1589,115,161,187,181,123,109,136,136,135,116,83,52,21,14,11,3,5,1,0,-,-,-,-,-,-,-,-,-,-,-,-,-,-,-,-,-,-,-,-,-,-,-,-,-,-,-,-,-,-,-,-,-,-,-,-,-,-,-,-
2011," 林口區"," 男",729,61,88,82,78,58,42,52,43,64,63,40,28,12,6,8,0,3,1,0,-,-,-,-,-,-,-,-,-,-,-,-,-,-,-,-,-,-,-,-,-,-,-,-,-,-,-,-,-,-,-,-,-,-,-,-,-,-,-,-
2011," 林口區"," 女",860,54,73,105,103,65,67,84,93,71,53,43,24,9,8,3,3,2,0,0,-,-,-,-,-,-,-,-,-,-,-,-,-,-,-,-,-,-,-,-,-,-,-,-,-,-,-,-,-,-,-,-,-,-,-,-,-,-,-,-
2011," 深坑區"," 計",230,10,20,20,32,19,26,25,14,23,12,9,11,5,2,1,1,0,0,0,-,-,-,-,-,-,-,-,-,-,-,-,-,-,-,-,-,-,-,-,-,-,-,-,-,-,-,-,-,-,-,-,-,-,-,-,-,-,-,-
2011," 深坑區"," 男",112,6,10,15,17,14,13,12,3,7,6,3,3,1,1,1,0,0,0,0,-,-,-,-,-,-,-,-,-,-,-,-,-,-,-,-,-,-,-,-,-,-,-,-,-,-,-,-,-,-,-,-,-,-,-,-,-,-,-,-
2011," 深坑區"," 女",118,4,10,5,15,5,13,13,11,16,6,6,8,4,1,0,1,0,0,0,-,-,-,-,-,-,-,-,-,-,-,-,-,-,-,-,-,-,-,-,-,-,-,-,-,-,-,-,-,-,-,-,-,-,-,-,-,-,-,-
2011," 石碇區"," 計",30,1,0,6,7,5,4,1,0,2,1,1,1,1,0,0,0,0,0,0,-,-,-,-,-,-,-,-,-,-,-,-,-,-,-,-,-,-,-,-,-,-,-,-,-,-,-,-,-,-,-,-,-,-,-,-,-,-,-,-
2011," 石碇區"," 男",11,1,0,2,3,2,0,0,0,1,1,0,1,0,0,0,0,0,0,0,-,-,-,-,-,-,-,-,-,-,-,-,-,-,-,-,-,-,-,-,-,-,-,-,-,-,-,-,-,-,-,-,-,-,-,-,-,-,-,-
2011," 石碇區"," 女",19,0,0,4,4,3,4,1,0,1,0,1,0,1,0,0,0,0,0,0,-,-,-,-,-,-,-,-,-,-,-,-,-,-,-,-,-,-,-,-,-,-,-,-,-,-,-,-,-,-,-,-,-,-,-,-,-,-,-,-
2011," 坪林區"," 計",13,1,2,2,1,0,1,3,3,0,0,0,0,0,0,0,0,0,0,0,-,-,-,-,-,-,-,-,-,-,-,-,-,-,-,-,-,-,-,-,-,-,-,-,-,-,-,-,-,-,-,-,-,-,-,-,-,-,-,-
2011," 坪林區"," 男",6,1,2,1,0,0,0,1,1,0,0,0,0,0,0,0,0,0,0,0,-,-,-,-,-,-,-,-,-,-,-,-,-,-,-,-,-,-,-,-,-,-,-,-,-,-,-,-,-,-,-,-,-,-,-,-,-,-,-,-
2011," 坪林區"," 女",7,0,0,1,1,0,1,2,2,0,0,0,0,0,0,0,0,0,0,0,-,-,-,-,-,-,-,-,-,-,-,-,-,-,-,-,-,-,-,-,-,-,-,-,-,-,-,-,-,-,-,-,-,-,-,-,-,-,-,-
2011," 三芝區"," 計",308,25,19,22,41,43,36,16,11,24,30,28,9,3,1,0,0,0,0,0,-,-,-,-,-,-,-,-,-,-,-,-,-,-,-,-,-,-,-,-,-,-,-,-,-,-,-,-,-,-,-,-,-,-,-,-,-,-,-,-
2011," 三芝區"," 男",145,13,7,10,23,19,21,4,3,9,15,14,5,2,0,0,0,0,0,0,-,-,-,-,-,-,-,-,-,-,-,-,-,-,-,-,-,-,-,-,-,-,-,-,-,-,-,-,-,-,-,-,-,-,-,-,-,-,-,-
2011," 三芝區"," 女",163,12,12,12,18,24,15,12,8,15,15,14,4,1,1,0,0,0,0,0,-,-,-,-,-,-,-,-,-,-,-,-,-,-,-,-,-,-,-,-,-,-,-,-,-,-,-,-,-,-,-,-,-,-,-,-,-,-,-,-
2011," 石門區"," 計",54,2,3,3,12,8,1,2,4,4,6,6,1,1,1,0,0,0,0,0,-,-,-,-,-,-,-,-,-,-,-,-,-,-,-,-,-,-,-,-,-,-,-,-,-,-,-,-,-,-,-,-,-,-,-,-,-,-,-,-
2011," 石門區"," 男",20,0,0,1,6,5,1,0,0,0,2,5,0,0,0,0,0,0,0,0,-,-,-,-,-,-,-,-,-,-,-,-,-,-,-,-,-,-,-,-,-,-,-,-,-,-,-,-,-,-,-,-,-,-,-,-,-,-,-,-
2011," 石門區"," 女",34,2,3,2,6,3,0,2,4,4,4,1,1,1,1,0,0,0,0,0,-,-,-,-,-,-,-,-,-,-,-,-,-,-,-,-,-,-,-,-,-,-,-,-,-,-,-,-,-,-,-,-,-,-,-,-,-,-,-,-
2011," 八里區"," 計",756,50,84,61,86,78,76,57,50,46,71,49,29,11,4,1,2,0,1,0,-,-,-,-,-,-,-,-,-,-,-,-,-,-,-,-,-,-,-,-,-,-,-,-,-,-,-,-,-,-,-,-,-,-,-,-,-,-,-,-
2011," 八里區"," 男",371,30,35,25,47,40,42,23,24,19,33,23,18,8,1,1,1,0,1,0,-,-,-,-,-,-,-,-,-,-,-,-,-,-,-,-,-,-,-,-,-,-,-,-,-,-,-,-,-,-,-,-,-,-,-,-,-,-,-,-
2011," 八里區"," 女",385,20,49,36,39,38,34,34,26,27,38,26,11,3,3,0,1,0,0,0,-,-,-,-,-,-,-,-,-,-,-,-,-,-,-,-,-,-,-,-,-,-,-,-,-,-,-,-,-,-,-,-,-,-,-,-,-,-,-,-
2011," 平溪區"," 計",23,0,1,3,2,0,2,2,3,2,1,1,1,1,2,2,0,0,0,0,-,-,-,-,-,-,-,-,-,-,-,-,-,-,-,-,-,-,-,-,-,-,-,-,-,-,-,-,-,-,-,-,-,-,-,-,-,-,-,-
2011," 平溪區"," 男",6,0,0,1,1,0,0,0,0,1,0,1,0,0,1,1,0,0,0,0,-,-,-,-,-,-,-,-,-,-,-,-,-,-,-,-,-,-,-,-,-,-,-,-,-,-,-,-,-,-,-,-,-,-,-,-,-,-,-,-
2011," 平溪區"," 女",17,0,1,2,1,0,2,2,3,1,1,0,1,1,1,1,0,0,0,0,-,-,-,-,-,-,-,-,-,-,-,-,-,-,-,-,-,-,-,-,-,-,-,-,-,-,-,-,-,-,-,-,-,-,-,-,-,-,-,-
2011," 雙溪區"," 計",27,2,1,5,1,2,5,2,2,2,1,4,0,0,0,0,0,0,0,0,-,-,-,-,-,-,-,-,-,-,-,-,-,-,-,-,-,-,-,-,-,-,-,-,-,-,-,-,-,-,-,-,-,-,-,-,-,-,-,-
2011," 雙溪區"," 男",10,0,0,2,1,1,0,2,0,0,1,3,0,0,0,0,0,0,0,0,-,-,-,-,-,-,-,-,-,-,-,-,-,-,-,-,-,-,-,-,-,-,-,-,-,-,-,-,-,-,-,-,-,-,-,-,-,-,-,-
2011," 雙溪區"," 女",17,2,1,3,0,1,5,0,2,2,0,1,0,0,0,0,0,0,0,0,-,-,-,-,-,-,-,-,-,-,-,-,-,-,-,-,-,-,-,-,-,-,-,-,-,-,-,-,-,-,-,-,-,-,-,-,-,-,-,-
2011," 貢寮區"," 計",71,4,5,6,8,10,5,4,7,10,5,4,2,0,0,0,1,0,0,0,-,-,-,-,-,-,-,-,-,-,-,-,-,-,-,-,-,-,-,-,-,-,-,-,-,-,-,-,-,-,-,-,-,-,-,-,-,-,-,-
2011," 貢寮區"," 男",32,2,4,3,3,7,4,1,1,3,2,1,1,0,0,0,0,0,0,0,-,-,-,-,-,-,-,-,-,-,-,-,-,-,-,-,-,-,-,-,-,-,-,-,-,-,-,-,-,-,-,-,-,-,-,-,-,-,-,-
2011," 貢寮區"," 女",39,2,1,3,5,3,1,3,6,7,3,3,1,0,0,0,1,0,0,0,-,-,-,-,-,-,-,-,-,-,-,-,-,-,-,-,-,-,-,-,-,-,-,-,-,-,-,-,-,-,-,-,-,-,-,-,-,-,-,-
2011," 金山區"," 計",102,3,7,8,18,13,8,9,4,14,6,7,3,2,0,0,0,0,0,0,-,-,-,-,-,-,-,-,-,-,-,-,-,-,-,-,-,-,-,-,-,-,-,-,-,-,-,-,-,-,-,-,-,-,-,-,-,-,-,-
2011," 金山區"," 男",36,1,2,6,6,4,5,1,1,5,2,1,1,1,0,0,0,0,0,0,-,-,-,-,-,-,-,-,-,-,-,-,-,-,-,-,-,-,-,-,-,-,-,-,-,-,-,-,-,-,-,-,-,-,-,-,-,-,-,-
2011," 金山區"," 女",66,2,5,2,12,9,3,8,3,9,4,6,2,1,0,0,0,0,0,0,-,-,-,-,-,-,-,-,-,-,-,-,-,-,-,-,-,-,-,-,-,-,-,-,-,-,-,-,-,-,-,-,-,-,-,-,-,-,-,-
2011," 萬里區"," 計",279,18,10,22,40,30,28,17,21,21,25,21,9,8,1,5,3,0,0,0,-,-,-,-,-,-,-,-,-,-,-,-,-,-,-,-,-,-,-,-,-,-,-,-,-,-,-,-,-,-,-,-,-,-,-,-,-,-,-,-
2011," 萬里區"," 男",139,8,7,13,23,14,10,10,12,8,10,12,6,2,0,2,2,0,0,0,-,-,-,-,-,-,-,-,-,-,-,-,-,-,-,-,-,-,-,-,-,-,-,-,-,-,-,-,-,-,-,-,-,-,-,-,-,-,-,-
2011," 萬里區"," 女",140,10,3,9,17,16,18,7,9,13,15,9,3,6,1,3,1,0,0,0,-,-,-,-,-,-,-,-,-,-,-,-,-,-,-,-,-,-,-,-,-,-,-,-,-,-,-,-,-,-,-,-,-,-,-,-,-,-,-,-
2011," 烏來區"," 計",2666,186,202,202,246,242,222,221,203,181,203,160,158,106,50,39,31,12,2,0,-,-,-,-,-,-,-,-,-,-,-,-,-,-,-,-,-,-,-,-,-,-,-,-,-,-,-,-,-,-,-,-,-,-,-,-,-,-,-,-
2011," 烏來區"," 男",1326,94,105,113,119,143,124,109,91,91,94,75,68,43,26,17,13,1,0,0,-,-,-,-,-,-,-,-,-,-,-,-,-,-,-,-,-,-,-,-,-,-,-,-,-,-,-,-,-,-,-,-,-,-,-,-,-,-,-,-
2011," 烏來區"," 女",1340,92,97,89,127,99,98,112,112,90,109,85,90,63,24,22,18,11,2,0,-,-,-,-,-,-,-,-,-,-,-,-,-,-,-,-,-,-,-,-,-,-,-,-,-,-,-,-,-,-,-,-,-,-,-,-,-,-,-,-
2012," 新北市"," 計",51923,3424,3986,4780,5883,5042,4345,4777,4133,3928,3788,3172,2276,1211,551,359,144,90,28,6,-,-,-,-,-,-,-,-,-,-,-,-,-,-,-,-,-,-,-,-,-,-,-,-,-,-,-,-,-,-,-,-,-,-,-,-,-,-,-,-
2012," 新北市"," 男",24159,1746,2070,2427,2925,2547,2033,2129,1744,1558,1548,1344,1017,562,242,158,61,28,17,3,-,-,-,-,-,-,-,-,-,-,-,-,-,-,-,-,-,-,-,-,-,-,-,-,-,-,-,-,-,-,-,-,-,-,-,-,-,-,-,-
2012," 新北市"," 女",27764,1678,1916,2353,2958,2495,2312,2648,2389,2370,2240,1828,1259,649,309,201,83,62,11,3,-,-,-,-,-,-,-,-,-,-,-,-,-,-,-,-,-,-,-,-,-,-,-,-,-,-,-,-,-,-,-,-,-,-,-,-,-,-,-,-
2012," 板橋區"," 計",3935,278,279,343,462,414,325,376,317,297,300,202,173,93,40,24,6,5,0,1,-,-,-,-,-,-,-,-,-,-,-,-,-,-,-,-,-,-,-,-,-,-,-,-,-,-,-,-,-,-,-,-,-,-,-,-,-,-,-,-
2012," 板橋區"," 男",1717,145,143,172,226,199,134,152,130,107,105,72,67,33,16,11,3,2,0,0,-,-,-,-,-,-,-,-,-,-,-,-,-,-,-,-,-,-,-,-,-,-,-,-,-,-,-,-,-,-,-,-,-,-,-,-,-,-,-,-
2012," 板橋區"," 女",2218,133,136,171,236,215,191,224,187,190,195,130,106,60,24,13,3,3,0,1,-,-,-,-,-,-,-,-,-,-,-,-,-,-,-,-,-,-,-,-,-,-,-,-,-,-,-,-,-,-,-,-,-,-,-,-,-,-,-,-
2012," 三重區"," 計",2076,136,161,213,262,221,184,206,162,172,129,122,54,31,15,5,1,0,2,0,-,-,-,-,-,-,-,-,-,-,-,-,-,-,-,-,-,-,-,-,-,-,-,-,-,-,-,-,-,-,-,-,-,-,-,-,-,-,-,-
2012," 三重區"," 男",897,67,92,108,145,109,66,73,50,54,45,41,24,11,6,4,0,0,2,0,-,-,-,-,-,-,-,-,-,-,-,-,-,-,-,-,-,-,-,-,-,-,-,-,-,-,-,-,-,-,-,-,-,-,-,-,-,-,-,-
2012," 三重區"," 女",1179,69,69,105,117,112,118,133,112,118,84,81,30,20,9,1,1,0,0,0,-,-,-,-,-,-,-,-,-,-,-,-,-,-,-,-,-,-,-,-,-,-,-,-,-,-,-,-,-,-,-,-,-,-,-,-,-,-,-,-
2012," 中和區"," 計",2660,169,190,184,258,270,253,265,212,201,188,192,123,85,41,17,7,4,1,0,-,-,-,-,-,-,-,-,-,-,-,-,-,-,-,-,-,-,-,-,-,-,-,-,-,-,-,-,-,-,-,-,-,-,-,-,-,-,-,-
2012," 中和區"," 男",1150,88,103,95,124,135,117,113,87,74,48,69,50,26,15,3,1,2,0,0,-,-,-,-,-,-,-,-,-,-,-,-,-,-,-,-,-,-,-,-,-,-,-,-,-,-,-,-,-,-,-,-,-,-,-,-,-,-,-,-
2012," 中和區"," 女",1510,81,87,89,134,135,136,152,125,127,140,123,73,59,26,14,6,2,1,0,-,-,-,-,-,-,-,-,-,-,-,-,-,-,-,-,-,-,-,-,-,-,-,-,-,-,-,-,-,-,-,-,-,-,-,-,-,-,-,-
2012," 永和區"," 計",886,52,76,85,84,76,63,86,73,79,65,70,29,20,12,9,3,2,2,0,-,-,-,-,-,-,-,-,-,-,-,-,-,-,-,-,-,-,-,-,-,-,-,-,-,-,-,-,-,-,-,-,-,-,-,-,-,-,-,-
2012," 永和區"," 男",345,27,37,43,40,33,23,31,23,25,22,23,14,3,0,0,0,0,1,0,-,-,-,-,-,-,-,-,-,-,-,-,-,-,-,-,-,-,-,-,-,-,-,-,-,-,-,-,-,-,-,-,-,-,-,-,-,-,-,-
2012," 永和區"," 女",541,25,39,42,44,43,40,55,50,54,43,47,15,17,12,9,3,2,1,0,-,-,-,-,-,-,-,-,-,-,-,-,-,-,-,-,-,-,-,-,-,-,-,-,-,-,-,-,-,-,-,-,-,-,-,-,-,-,-,-
2012," 新莊區"," 計",4969,330,438,534,539,492,439,454,417,371,342,276,190,76,43,16,6,5,1,0,-,-,-,-,-,-,-,-,-,-,-,-,-,-,-,-,-,-,-,-,-,-,-,-,-,-,-,-,-,-,-,-,-,-,-,-,-,-,-,-
2012," 新莊區"," 男",2285,159,227,289,272,238,207,178,165,149,124,117,89,35,23,8,3,1,1,0,-,-,-,-,-,-,-,-,-,-,-,-,-,-,-,-,-,-,-,-,-,-,-,-,-,-,-,-,-,-,-,-,-,-,-,-,-,-,-,-
2012," 新莊區"," 女",2684,171,211,245,267,254,232,276,252,222,218,159,101,41,20,8,3,4,0,0,-,-,-,-,-,-,-,-,-,-,-,-,-,-,-,-,-,-,-,-,-,-,-,-,-,-,-,-,-,-,-,-,-,-,-,-,-,-,-,-
2012," 新店區"," 計",3266,184,220,264,366,275,262,293,279,260,235,204,193,104,53,42,16,13,3,0,-,-,-,-,-,-,-,-,-,-,-,-,-,-,-,-,-,-,-,-,-,-,-,-,-,-,-,-,-,-,-,-,-,-,-,-,-,-,-,-
2012," 新店區"," 男",1420,85,108,124,174,137,111,134,122,98,101,72,66,42,18,17,6,2,3,0,-,-,-,-,-,-,-,-,-,-,-,-,-,-,-,-,-,-,-,-,-,-,-,-,-,-,-,-,-,-,-,-,-,-,-,-,-,-,-,-
2012," 新店區"," 女",1846,99,112,140,192,138,151,159,157,162,134,132,127,62,35,25,10,11,0,0,-,-,-,-,-,-,-,-,-,-,-,-,-,-,-,-,-,-,-,-,-,-,-,-,-,-,-,-,-,-,-,-,-,-,-,-,-,-,-,-
2012," 樹林區"," 計",6250,447,514,566,742,614,558,613,507,455,459,386,222,106,32,12,10,5,2,0,-,-,-,-,-,-,-,-,-,-,-,-,-,-,-,-,-,-,-,-,-,-,-,-,-,-,-,-,-,-,-,-,-,-,-,-,-,-,-,-
2012," 樹林區"," 男",3008,222,278,285,354,328,266,291,216,192,206,172,105,65,15,5,3,4,1,0,-,-,-,-,-,-,-,-,-,-,-,-,-,-,-,-,-,-,-,-,-,-,-,-,-,-,-,-,-,-,-,-,-,-,-,-,-,-,-,-
2012," 樹林區"," 女",3242,225,236,281,388,286,292,322,291,263,253,214,117,41,17,7,7,1,1,0,-,-,-,-,-,-,-,-,-,-,-,-,-,-,-,-,-,-,-,-,-,-,-,-,-,-,-,-,-,-,-,-,-,-,-,-,-,-,-,-
2012," 鶯歌區"," 計",2669,200,228,295,333,279,219,211,195,191,197,159,85,33,19,17,3,5,0,0,-,-,-,-,-,-,-,-,-,-,-,-,-,-,-,-,-,-,-,-,-,-,-,-,-,-,-,-,-,-,-,-,-,-,-,-,-,-,-,-
2012," 鶯歌區"," 男",1265,98,112,152,168,140,98,99,82,76,74,88,44,19,6,6,2,1,0,0,-,-,-,-,-,-,-,-,-,-,-,-,-,-,-,-,-,-,-,-,-,-,-,-,-,-,-,-,-,-,-,-,-,-,-,-,-,-,-,-
2012," 鶯歌區"," 女",1404,102,116,143,165,139,121,112,113,115,123,71,41,14,13,11,1,4,0,0,-,-,-,-,-,-,-,-,-,-,-,-,-,-,-,-,-,-,-,-,-,-,-,-,-,-,-,-,-,-,-,-,-,-,-,-,-,-,-,-
2012," 三峽區"," 計",2700,214,216,288,337,265,210,219,207,197,196,149,109,55,17,15,3,3,0,0,-,-,-,-,-,-,-,-,-,-,-,-,-,-,-,-,-,-,-,-,-,-,-,-,-,-,-,-,-,-,-,-,-,-,-,-,-,-,-,-
2012," 三峽區"," 男",1335,118,119,147,176,129,94,103,100,83,84,74,58,33,9,8,0,0,0,0,-,-,-,-,-,-,-,-,-,-,-,-,-,-,-,-,-,-,-,-,-,-,-,-,-,-,-,-,-,-,-,-,-,-,-,-,-,-,-,-
2012," 三峽區"," 女",1365,96,97,141,161,136,116,116,107,114,112,75,51,22,8,7,3,3,0,0,-,-,-,-,-,-,-,-,-,-,-,-,-,-,-,-,-,-,-,-,-,-,-,-,-,-,-,-,-,-,-,-,-,-,-,-,-,-,-,-
2012," 淡水區"," 計",1588,110,118,186,181,136,123,146,122,134,119,84,66,39,14,8,1,0,1,0,-,-,-,-,-,-,-,-,-,-,-,-,-,-,-,-,-,-,-,-,-,-,-,-,-,-,-,-,-,-,-,-,-,-,-,-,-,-,-,-
2012," 淡水區"," 男",718,61,60,91,89,66,51,70,43,49,45,30,35,15,8,3,1,0,1,0,-,-,-,-,-,-,-,-,-,-,-,-,-,-,-,-,-,-,-,-,-,-,-,-,-,-,-,-,-,-,-,-,-,-,-,-,-,-,-,-
2012," 淡水區"," 女",870,49,58,95,92,70,72,76,79,85,74,54,31,24,6,5,0,0,0,0,-,-,-,-,-,-,-,-,-,-,-,-,-,-,-,-,-,-,-,-,-,-,-,-,-,-,-,-,-,-,-,-,-,-,-,-,-,-,-,-
2012," 汐止區"," 計",4335,227,283,348,440,396,323,398,410,361,325,281,213,145,87,64,22,9,0,3,-,-,-,-,-,-,-,-,-,-,-,-,-,-,-,-,-,-,-,-,-,-,-,-,-,-,-,-,-,-,-,-,-,-,-,-,-,-,-,-
2012," 汐止區"," 男",2085,113,135,188,231,201,156,188,190,155,150,119,103,61,39,39,10,5,0,2,-,-,-,-,-,-,-,-,-,-,-,-,-,-,-,-,-,-,-,-,-,-,-,-,-,-,-,-,-,-,-,-,-,-,-,-,-,-,-,-
2012," 汐止區"," 女",2250,114,148,160,209,195,167,210,220,206,175,162,110,84,48,25,12,4,0,1,-,-,-,-,-,-,-,-,-,-,-,-,-,-,-,-,-,-,-,-,-,-,-,-,-,-,-,-,-,-,-,-,-,-,-,-,-,-,-,-
2012," 瑞芳區"," 計",1162,63,80,85,104,95,95,119,92,72,72,77,98,48,24,17,12,5,4,0,-,-,-,-,-,-,-,-,-,-,-,-,-,-,-,-,-,-,-,-,-,-,-,-,-,-,-,-,-,-,-,-,-,-,-,-,-,-,-,-
2012," 瑞芳區"," 男",591,31,45,40,51,48,54,64,45,34,43,32,41,30,13,8,9,1,2,0,-,-,-,-,-,-,-,-,-,-,-,-,-,-,-,-,-,-,-,-,-,-,-,-,-,-,-,-,-,-,-,-,-,-,-,-,-,-,-,-
2012," 瑞芳區"," 女",571,32,35,45,53,47,41,55,47,38,29,45,57,18,11,9,3,4,2,0,-,-,-,-,-,-,-,-,-,-,-,-,-,-,-,-,-,-,-,-,-,-,-,-,-,-,-,-,-,-,-,-,-,-,-,-,-,-,-,-
2012," 土城區"," 計",4186,254,263,335,478,397,397,404,291,294,305,308,251,120,37,26,14,6,6,0,-,-,-,-,-,-,-,-,-,-,-,-,-,-,-,-,-,-,-,-,-,-,-,-,-,-,-,-,-,-,-,-,-,-,-,-,-,-,-,-
2012," 土城區"," 男",2038,143,139,172,228,200,214,211,146,109,121,134,108,71,23,11,4,1,3,0,-,-,-,-,-,-,-,-,-,-,-,-,-,-,-,-,-,-,-,-,-,-,-,-,-,-,-,-,-,-,-,-,-,-,-,-,-,-,-,-
2012," 土城區"," 女",2148,111,124,163,250,197,183,193,145,185,184,174,143,49,14,15,10,5,3,0,-,-,-,-,-,-,-,-,-,-,-,-,-,-,-,-,-,-,-,-,-,-,-,-,-,-,-,-,-,-,-,-,-,-,-,-,-,-,-,-
2012," 蘆洲區"," 計",2007,126,143,197,231,220,153,203,149,168,154,127,72,38,10,9,3,2,1,1,-,-,-,-,-,-,-,-,-,-,-,-,-,-,-,-,-,-,-,-,-,-,-,-,-,-,-,-,-,-,-,-,-,-,-,-,-,-,-,-
2012," 蘆洲區"," 男",950,59,77,95,130,112,71,87,67,67,69,51,33,19,4,5,2,1,0,1,-,-,-,-,-,-,-,-,-,-,-,-,-,-,-,-,-,-,-,-,-,-,-,-,-,-,-,-,-,-,-,-,-,-,-,-,-,-,-,-
2012," 蘆洲區"," 女",1057,67,66,102,101,108,82,116,82,101,85,76,39,19,6,4,1,1,1,0,-,-,-,-,-,-,-,-,-,-,-,-,-,-,-,-,-,-,-,-,-,-,-,-,-,-,-,-,-,-,-,-,-,-,-,-,-,-,-,-
2012," 五股區"," 計",1689,103,147,179,226,181,117,143,132,117,146,86,57,25,18,8,4,0,0,0,-,-,-,-,-,-,-,-,-,-,-,-,-,-,-,-,-,-,-,-,-,-,-,-,-,-,-,-,-,-,-,-,-,-,-,-,-,-,-,-
2012," 五股區"," 男",788,56,72,85,114,95,51,63,64,44,65,39,21,8,8,2,1,0,0,0,-,-,-,-,-,-,-,-,-,-,-,-,-,-,-,-,-,-,-,-,-,-,-,-,-,-,-,-,-,-,-,-,-,-,-,-,-,-,-,-
2012," 五股區"," 女",901,47,75,94,112,86,66,80,68,73,81,47,36,17,10,6,3,0,0,0,-,-,-,-,-,-,-,-,-,-,-,-,-,-,-,-,-,-,-,-,-,-,-,-,-,-,-,-,-,-,-,-,-,-,-,-,-,-,-,-
2012," 泰山區"," 計",1244,79,138,126,161,96,104,115,105,103,85,54,41,23,5,5,0,4,0,0,-,-,-,-,-,-,-,-,-,-,-,-,-,-,-,-,-,-,-,-,-,-,-,-,-,-,-,-,-,-,-,-,-,-,-,-,-,-,-,-
2012," 泰山區"," 男",576,36,72,71,76,50,47,50,39,44,30,24,16,15,3,1,0,2,0,0,-,-,-,-,-,-,-,-,-,-,-,-,-,-,-,-,-,-,-,-,-,-,-,-,-,-,-,-,-,-,-,-,-,-,-,-,-,-,-,-
2012," 泰山區"," 女",668,43,66,55,85,46,57,65,66,59,55,30,25,8,2,4,0,2,0,0,-,-,-,-,-,-,-,-,-,-,-,-,-,-,-,-,-,-,-,-,-,-,-,-,-,-,-,-,-,-,-,-,-,-,-,-,-,-,-,-
2012," 林口區"," 計",1664,136,161,195,190,127,106,146,138,135,117,95,57,22,17,14,1,5,2,0,-,-,-,-,-,-,-,-,-,-,-,-,-,-,-,-,-,-,-,-,-,-,-,-,-,-,-,-,-,-,-,-,-,-,-,-,-,-,-,-
2012," 林口區"," 男",760,75,93,87,82,57,47,49,42,63,63,44,28,11,8,7,0,3,1,0,-,-,-,-,-,-,-,-,-,-,-,-,-,-,-,-,-,-,-,-,-,-,-,-,-,-,-,-,-,-,-,-,-,-,-,-,-,-,-,-
2012," 林口區"," 女",904,61,68,108,108,70,59,97,96,72,54,51,29,11,9,7,1,2,1,0,-,-,-,-,-,-,-,-,-,-,-,-,-,-,-,-,-,-,-,-,-,-,-,-,-,-,-,-,-,-,-,-,-,-,-,-,-,-,-,-
2012," 深坑區"," 計",233,15,13,20,27,24,24,29,15,19,14,11,11,5,3,1,1,1,0,0,-,-,-,-,-,-,-,-,-,-,-,-,-,-,-,-,-,-,-,-,-,-,-,-,-,-,-,-,-,-,-,-,-,-,-,-,-,-,-,-
2012," 深坑區"," 男",106,9,6,11,13,18,12,14,3,5,6,3,3,1,1,1,0,0,0,0,-,-,-,-,-,-,-,-,-,-,-,-,-,-,-,-,-,-,-,-,-,-,-,-,-,-,-,-,-,-,-,-,-,-,-,-,-,-,-,-
2012," 深坑區"," 女",127,6,7,9,14,6,12,15,12,14,8,8,8,4,2,0,1,1,0,0,-,-,-,-,-,-,-,-,-,-,-,-,-,-,-,-,-,-,-,-,-,-,-,-,-,-,-,-,-,-,-,-,-,-,-,-,-,-,-,-
2012," 石碇區"," 計",34,3,0,3,8,7,4,3,0,2,0,2,1,1,0,0,0,0,0,0,-,-,-,-,-,-,-,-,-,-,-,-,-,-,-,-,-,-,-,-,-,-,-,-,-,-,-,-,-,-,-,-,-,-,-,-,-,-,-,-
2012," 石碇區"," 男",13,3,0,2,2,3,0,0,0,1,0,1,1,0,0,0,0,0,0,0,-,-,-,-,-,-,-,-,-,-,-,-,-,-,-,-,-,-,-,-,-,-,-,-,-,-,-,-,-,-,-,-,-,-,-,-,-,-,-,-
2012," 石碇區"," 女",21,0,0,1,6,4,4,3,0,1,0,1,0,1,0,0,0,0,0,0,-,-,-,-,-,-,-,-,-,-,-,-,-,-,-,-,-,-,-,-,-,-,-,-,-,-,-,-,-,-,-,-,-,-,-,-,-,-,-,-
2012," 坪林區"," 計",20,6,2,1,2,1,2,3,2,0,1,0,0,0,0,0,0,0,0,0,-,-,-,-,-,-,-,-,-,-,-,-,-,-,-,-,-,-,-,-,-,-,-,-,-,-,-,-,-,-,-,-,-,-,-,-,-,-,-,-
2012," 坪林區"," 男",7,3,2,0,0,0,0,1,1,0,0,0,0,0,0,0,0,0,0,0,-,-,-,-,-,-,-,-,-,-,-,-,-,-,-,-,-,-,-,-,-,-,-,-,-,-,-,-,-,-,-,-,-,-,-,-,-,-,-,-
2012," 坪林區"," 女",13,3,0,1,2,1,2,2,1,0,1,0,0,0,0,0,0,0,0,0,-,-,-,-,-,-,-,-,-,-,-,-,-,-,-,-,-,-,-,-,-,-,-,-,-,-,-,-,-,-,-,-,-,-,-,-,-,-,-,-
2012," 三芝區"," 計",299,15,15,27,31,51,38,16,11,25,24,28,14,3,1,0,0,0,0,0,-,-,-,-,-,-,-,-,-,-,-,-,-,-,-,-,-,-,-,-,-,-,-,-,-,-,-,-,-,-,-,-,-,-,-,-,-,-,-,-
2012," 三芝區"," 男",142,10,5,9,18,24,24,6,2,9,9,16,7,3,0,0,0,0,0,0,-,-,-,-,-,-,-,-,-,-,-,-,-,-,-,-,-,-,-,-,-,-,-,-,-,-,-,-,-,-,-,-,-,-,-,-,-,-,-,-
2012," 三芝區"," 女",157,5,10,18,13,27,14,10,9,16,15,12,7,0,1,0,0,0,0,0,-,-,-,-,-,-,-,-,-,-,-,-,-,-,-,-,-,-,-,-,-,-,-,-,-,-,-,-,-,-,-,-,-,-,-,-,-,-,-,-
2012," 石門區"," 計",56,1,3,3,13,7,2,3,3,5,5,6,3,0,2,0,0,0,0,0,-,-,-,-,-,-,-,-,-,-,-,-,-,-,-,-,-,-,-,-,-,-,-,-,-,-,-,-,-,-,-,-,-,-,-,-,-,-,-,-
2012," 石門區"," 男",22,0,0,2,6,6,0,1,0,0,1,5,1,0,0,0,0,0,0,0,-,-,-,-,-,-,-,-,-,-,-,-,-,-,-,-,-,-,-,-,-,-,-,-,-,-,-,-,-,-,-,-,-,-,-,-,-,-,-,-
2012," 石門區"," 女",34,1,3,1,7,1,2,2,3,5,4,1,2,0,2,0,0,0,0,0,-,-,-,-,-,-,-,-,-,-,-,-,-,-,-,-,-,-,-,-,-,-,-,-,-,-,-,-,-,-,-,-,-,-,-,-,-,-,-,-
2012," 八里區"," 計",782,60,76,57,86,88,75,61,52,49,71,53,34,12,4,1,2,0,1,0,-,-,-,-,-,-,-,-,-,-,-,-,-,-,-,-,-,-,-,-,-,-,-,-,-,-,-,-,-,-,-,-,-,-,-,-,-,-,-,-
2012," 八里區"," 男",380,35,33,22,48,45,37,28,24,20,30,26,20,8,1,1,1,0,1,0,-,-,-,-,-,-,-,-,-,-,-,-,-,-,-,-,-,-,-,-,-,-,-,-,-,-,-,-,-,-,-,-,-,-,-,-,-,-,-,-
2012," 八里區"," 女",402,25,43,35,38,43,38,33,28,29,41,27,14,4,3,0,1,0,0,0,-,-,-,-,-,-,-,-,-,-,-,-,-,-,-,-,-,-,-,-,-,-,-,-,-,-,-,-,-,-,-,-,-,-,-,-,-,-,-,-
2012," 平溪區"," 計",27,0,3,4,1,2,2,1,2,3,1,2,1,0,3,2,0,0,0,0,-,-,-,-,-,-,-,-,-,-,-,-,-,-,-,-,-,-,-,-,-,-,-,-,-,-,-,-,-,-,-,-,-,-,-,-,-,-,-,-
2012," 平溪區"," 男",7,0,1,1,0,1,0,0,0,0,1,1,0,0,1,1,0,0,0,0,-,-,-,-,-,-,-,-,-,-,-,-,-,-,-,-,-,-,-,-,-,-,-,-,-,-,-,-,-,-,-,-,-,-,-,-,-,-,-,-
2012," 平溪區"," 女",20,0,2,3,1,1,2,1,2,3,0,1,1,0,2,1,0,0,0,0,-,-,-,-,-,-,-,-,-,-,-,-,-,-,-,-,-,-,-,-,-,-,-,-,-,-,-,-,-,-,-,-,-,-,-,-,-,-,-,-
2012," 雙溪區"," 計",28,2,1,6,2,1,3,3,2,2,1,5,0,0,0,0,0,0,0,0,-,-,-,-,-,-,-,-,-,-,-,-,-,-,-,-,-,-,-,-,-,-,-,-,-,-,-,-,-,-,-,-,-,-,-,-,-,-,-,-
2012," 雙溪區"," 男",11,0,0,2,2,0,0,2,0,1,0,4,0,0,0,0,0,0,0,0,-,-,-,-,-,-,-,-,-,-,-,-,-,-,-,-,-,-,-,-,-,-,-,-,-,-,-,-,-,-,-,-,-,-,-,-,-,-,-,-
2012," 雙溪區"," 女",17,2,1,4,0,1,3,1,2,1,1,1,0,0,0,0,0,0,0,0,-,-,-,-,-,-,-,-,-,-,-,-,-,-,-,-,-,-,-,-,-,-,-,-,-,-,-,-,-,-,-,-,-,-,-,-,-,-,-,-
2012," 貢寮區"," 計",73,7,4,4,9,11,7,4,8,7,5,4,2,0,0,0,1,0,0,0,-,-,-,-,-,-,-,-,-,-,-,-,-,-,-,-,-,-,-,-,-,-,-,-,-,-,-,-,-,-,-,-,-,-,-,-,-,-,-,-
2012," 貢寮區"," 男",31,3,2,2,4,6,5,2,1,2,1,2,1,0,0,0,0,0,0,0,-,-,-,-,-,-,-,-,-,-,-,-,-,-,-,-,-,-,-,-,-,-,-,-,-,-,-,-,-,-,-,-,-,-,-,-,-,-,-,-
2012," 貢寮區"," 女",42,4,2,2,5,5,2,2,7,5,4,2,1,0,0,0,1,0,0,0,-,-,-,-,-,-,-,-,-,-,-,-,-,-,-,-,-,-,-,-,-,-,-,-,-,-,-,-,-,-,-,-,-,-,-,-,-,-,-,-
2012," 金山區"," 計",103,3,6,7,17,17,6,13,6,10,8,5,3,2,0,0,0,0,0,0,-,-,-,-,-,-,-,-,-,-,-,-,-,-,-,-,-,-,-,-,-,-,-,-,-,-,-,-,-,-,-,-,-,-,-,-,-,-,-,-
2012," 金山區"," 男",38,2,2,5,6,7,3,4,2,2,3,1,1,0,0,0,0,0,0,0,-,-,-,-,-,-,-,-,-,-,-,-,-,-,-,-,-,-,-,-,-,-,-,-,-,-,-,-,-,-,-,-,-,-,-,-,-,-,-,-
2012," 金山區"," 女",65,1,4,2,11,10,3,9,4,8,5,4,2,2,0,0,0,0,0,0,-,-,-,-,-,-,-,-,-,-,-,-,-,-,-,-,-,-,-,-,-,-,-,-,-,-,-,-,-,-,-,-,-,-,-,-,-,-,-,-
2012," 萬里區"," 計",287,19,10,15,48,31,27,21,21,18,24,23,11,9,2,6,2,0,0,0,-,-,-,-,-,-,-,-,-,-,-,-,-,-,-,-,-,-,-,-,-,-,-,-,-,-,-,-,-,-,-,-,-,-,-,-,-,-,-,-
2012," 萬里區"," 男",141,8,8,9,26,14,13,9,10,9,9,11,8,3,1,2,1,0,0,0,-,-,-,-,-,-,-,-,-,-,-,-,-,-,-,-,-,-,-,-,-,-,-,-,-,-,-,-,-,-,-,-,-,-,-,-,-,-,-,-
2012," 萬里區"," 女",146,11,2,6,22,17,14,12,11,9,15,12,3,6,1,4,1,0,0,0,-,-,-,-,-,-,-,-,-,-,-,-,-,-,-,-,-,-,-,-,-,-,-,-,-,-,-,-,-,-,-,-,-,-,-,-,-,-,-,-
2012," 烏來區"," 計",2695,185,198,210,245,248,224,223,203,181,200,161,163,116,52,41,26,16,2,1,-,-,-,-,-,-,-,-,-,-,-,-,-,-,-,-,-,-,-,-,-,-,-,-,-,-,-,-,-,-,-,-,-,-,-,-,-,-,-,-
2012," 烏來區"," 男",1333,90,99,118,120,146,132,106,90,86,93,73,73,50,24,15,14,3,1,0,-,-,-,-,-,-,-,-,-,-,-,-,-,-,-,-,-,-,-,-,-,-,-,-,-,-,-,-,-,-,-,-,-,-,-,-,-,-,-,-
2012," 烏來區"," 女",1362,95,99,92,125,102,92,117,113,95,107,88,90,66,28,26,12,13,1,1,-,-,-,-,-,-,-,-,-,-,-,-,-,-,-,-,-,-,-,-,-,-,-,-,-,-,-,-,-,-,-,-,-,-,-,-,-,-,-,-
2013," 新北市"," 計",52892,3524,3884,4695,5709,5356,4302,4919,4274,3948,3789,3350,2488,1347,637,380,155,92,36,7,36647,2346,2494,3049,3821,3715,2961,3472,3008,2770,2730,2436,1880,1010,487,273,103,58,30,4,16245,1178,1390,1646,1888,1641,1341,1447,1266,1178,1059,914,608,337,150,107,52,34,6,3
2013," 新北市"," 男",24567,1809,1994,2376,2842,2710,2001,2254,1814,1575,1529,1422,1049,635,283,155,70,28,18,3,17458,1201,1265,1539,1896,1882,1405,1653,1352,1141,1181,1097,848,527,239,140,51,23,16,2,7109,608,729,837,946,828,596,601,462,434,348,325,201,108,44,15,19,5,2,1
2013," 新北市"," 女",28325,1715,1890,2319,2867,2646,2301,2665,2460,2373,2260,1928,1439,712,354,225,85,64,18,4,19189,1145,1229,1510,1925,1833,1556,1819,1656,1629,1549,1339,1032,483,248,133,52,35,14,2,9136,570,661,809,942,813,745,846,804,744,711,589,407,229,106,92,33,29,4,2
2013," 板橋區"," 計",4001,276,293,331,451,436,314,385,344,296,305,205,182,104,39,23,11,5,0,1,2825,176,193,224,318,308,215,282,239,214,233,148,137,77,31,19,7,4,0,0,1176,100,100,107,133,128,99,103,105,82,72,57,45,27,8,4,4,1,0,1
2013," 板橋區"," 男",1743,134,157,162,219,218,126,144,154,109,105,75,69,39,14,12,4,2,0,0,1261,87,99,111,162,150,85,108,114,80,83,65,55,33,12,12,3,2,0,0,482,47,58,51,57,68,41,36,40,29,22,10,14,6,2,0,1,0,0,0
2013," 板橋區"," 女",2258,142,136,169,232,218,188,241,190,187,200,130,113,65,25,11,7,3,0,1,1564,89,94,113,156,158,130,174,125,134,150,83,82,44,19,7,4,2,0,0,694,53,42,56,76,60,58,67,65,53,50,47,31,21,6,4,3,1,0,1
2013," 三重區"," 計",2124,150,148,220,251,242,179,208,165,180,133,133,63,30,14,5,1,0,2,0,1314,97,97,110,140,158,117,127,102,108,90,86,46,22,9,4,0,0,1,0,810,53,51,110,111,84,62,81,63,72,43,47,17,8,5,1,1,0,1,0
2013," 三重區"," 男",913,76,73,124,135,123,67,74,48,57,45,43,26,11,7,2,0,0,2,0,584,51,42,67,75,87,47,46,36,34,34,29,19,8,6,2,0,0,1,0,329,25,31,57,60,36,20,28,12,23,11,14,7,3,1,0,0,0,1,0
2013," 三重區"," 女",1211,74,75,96,116,119,112,134,117,123,88,90,37,19,7,3,1,0,0,0,730,46,55,43,65,71,70,81,66,74,56,57,27,14,3,2,0,0,0,0,481,28,20,53,51,48,42,53,51,49,32,33,10,5,4,1,1,0,0,0
2013," 中和區"," 計",2704,181,173,181,245,275,260,274,220,209,180,197,139,84,55,18,6,5,2,0,1739,119,96,99,151,175,163,188,142,138,117,130,103,59,40,10,4,3,2,0,965,62,77,82,94,100,97,86,78,71,63,67,36,25,15,8,2,2,0,0
2013," 中和區"," 男",1166,97,86,99,113,133,115,126,95,78,51,65,52,32,17,3,1,2,1,0,757,61,46,49,67,86,74,90,65,53,32,47,39,26,15,3,1,2,1,0,409,36,40,50,46,47,41,36,30,25,19,18,13,6,2,0,0,0,0,0
2013," 中和區"," 女",1538,84,87,82,132,142,145,148,125,131,129,132,87,52,38,15,5,3,1,0,982,58,50,50,84,89,89,98,77,85,85,83,64,33,25,7,3,1,1,0,556,26,37,32,48,53,56,50,48,46,44,49,23,19,13,8,2,2,0,0
2013," 永和區"," 計",909,58,71,76,88,74,66,93,78,75,66,74,39,19,15,8,4,2,3,0,508,35,38,32,45,49,38,61,41,40,31,47,24,14,6,3,0,2,2,0,401,23,33,44,43,25,28,32,37,35,35,27,15,5,9,5,4,0,1,0
2013," 永和區"," 男",358,26,36,39,44,36,26,37,20,27,23,24,15,4,0,0,0,0,1,0,201,15,22,17,20,24,12,25,11,14,11,15,11,3,0,0,0,0,1,0,157,11,14,22,24,12,14,12,9,13,12,9,4,1,0,0,0,0,0,0
2013," 永和區"," 女",551,32,35,37,44,38,40,56,58,48,43,50,24,15,15,8,4,2,2,0,307,20,16,15,25,25,26,36,30,26,20,32,13,11,6,3,0,2,1,0,244,12,19,22,19,13,14,20,28,22,23,18,11,4,9,5,4,0,1,0
2013," 新莊區"," 計",5115,333,431,522,547,520,444,476,446,366,353,290,212,90,48,21,8,5,3,0,3547,222,279,331,354,362,312,338,306,250,256,219,166,75,43,19,8,5,2,0,1568,111,152,191,193,158,132,138,140,116,97,71,46,15,5,2,0,0,1,0
2013," 新莊區"," 男",2349,165,229,281,272,257,201,192,181,147,127,127,83,46,25,9,4,1,2,0,1673,109,147,184,172,178,143,150,137,107,96,104,66,40,24,9,4,1,2,0,676,56,82,97,100,79,58,42,44,40,31,23,17,6,1,0,0,0,0,0
2013," 新莊區"," 女",2766,168,202,241,275,263,243,284,265,219,226,163,129,44,23,12,4,4,1,0,1874,113,132,147,182,184,169,188,169,143,160,115,100,35,19,10,4,4,0,0,892,55,70,94,93,79,74,96,96,76,66,48,29,9,4,2,0,0,1,0
2013," 新店區"," 計",3358,203,232,254,363,295,255,298,284,272,237,204,199,121,65,43,16,15,2,0,2172,135,130,142,216,202,163,190,177,175,168,148,138,90,45,32,10,9,2,0,1186,68,102,112,147,93,92,108,107,97,69,56,61,31,20,11,6,6,0,0
2013," 新店區"," 男",1491,100,119,123,176,148,107,139,131,105,98,82,63,54,22,16,5,2,1,0,1008,70,66,64,107,97,69,97,89,65,79,65,54,46,18,14,5,2,1,0,483,30,53,59,69,51,38,42,42,40,19,17,9,8,4,2,0,0,0,0
2013," 新店區"," 女",1867,103,113,131,187,147,148,159,153,167,139,122,136,67,43,27,11,13,1,0,1164,65,64,78,109,105,94,93,88,110,89,83,84,44,27,18,5,7,1,0,703,38,49,53,78,42,54,66,65,57,50,39,52,23,16,9,6,6,0,0
2013," 樹林區"," 計",6314,444,483,565,718,650,538,627,512,454,454,414,264,121,40,15,8,4,3,0,5105,351,368,445,572,523,423,518,412,382,381,340,220,107,37,15,6,2,3,0,1209,93,115,120,146,127,115,109,100,72,73,74,44,14,3,0,2,2,0,0
2013," 樹林區"," 男",3039,230,242,281,350,346,264,302,224,185,201,184,121,76,20,7,2,3,1,0,2502,176,178,213,281,285,220,248,192,163,181,159,108,68,19,7,1,2,1,0,537,54,64,68,69,61,44,54,32,22,20,25,13,8,1,0,1,1,0,0
2013," 樹林區"," 女",3275,214,241,284,368,304,274,325,288,269,253,230,143,45,20,8,6,1,2,0,2603,175,190,232,291,238,203,270,220,219,200,181,112,39,18,8,5,0,2,0,672,39,51,52,77,66,71,55,68,50,53,49,31,6,2,0,1,1,0,0
2013," 鶯歌區"," 計",2723,205,230,295,313,289,216,241,202,186,184,184,96,32,20,22,3,5,0,0,1834,118,139,187,210,188,142,156,145,133,131,132,78,27,19,21,3,5,0,0,889,87,91,108,103,101,74,85,57,53,53,52,18,5,1,1,0,0,0,0
2013," 鶯歌區"," 男",1294,116,114,142,161,143,101,112,83,77,65,94,50,17,6,10,2,1,0,0,890,68,66,92,114,96,63,75,61,57,51,70,42,16,6,10,2,1,0,0,404,48,48,50,47,47,38,37,22,20,14,24,8,1,0,0,0,0,0,0
2013," 鶯歌區"," 女",1429,89,116,153,152,146,115,129,119,109,119,90,46,15,14,12,1,4,0,0,944,50,73,95,96,92,79,81,84,76,80,62,36,11,13,11,1,4,0,0,485,39,43,58,56,54,36,48,35,33,39,28,10,4,1,1,0,0,0,0
2013," 三峽區"," 計",2764,223,208,286,325,284,222,221,213,196,208,155,122,58,24,14,1,4,0,0,2127,159,155,211,258,215,168,159,177,148,168,116,103,51,23,12,1,3,0,0,637,64,53,75,67,69,54,62,36,48,40,39,19,7,1,2,0,1,0,0
2013," 三峽區"," 男",1364,117,114,146,174,134,113,104,102,79,92,74,60,36,12,7,0,0,0,0,1093,85,90,106,132,105,90,84,88,64,84,60,52,34,12,7,0,0,0,0,271,32,24,40,42,29,23,20,14,15,8,14,8,2,0,0,0,0,0,0
2013," 三峽區"," 女",1400,106,94,140,151,150,109,117,111,117,116,81,62,22,12,7,1,4,0,0,1034,74,65,105,126,110,78,75,89,84,84,56,51,17,11,5,1,3,0,0,366,32,29,35,25,40,31,42,22,33,32,25,11,5,1,2,0,1,0,0
2013," 淡水區"," 計",1642,124,107,167,181,158,130,146,138,124,136,91,65,42,20,8,4,0,1,0,966,76,51,99,89,83,77,97,85,68,76,60,48,33,15,5,3,0,1,0,676,48,56,68,92,75,53,49,53,56,60,31,17,9,5,3,1,0,0,0
2013," 淡水區"," 男",736,64,60,84,87,78,47,76,52,45,49,31,30,16,11,4,1,0,1,0,439,39,22,58,44,34,28,56,32,28,29,20,21,12,10,4,1,0,1,0,297,25,38,26,43,44,19,20,20,17,20,11,9,4,1,0,0,0,0,0
2013," 淡水區"," 女",906,60,47,83,94,80,83,70,86,79,87,60,35,26,9,4,3,0,0,0,527,37,29,41,45,49,49,41,53,40,47,40,27,21,5,1,2,0,0,0,379,23,18,42,49,31,34,29,33,39,40,20,8,5,4,3,1,0,0,0
2013," 汐止區"," 計",4402,215,274,346,412,428,317,404,408,388,328,310,211,160,95,68,26,8,0,4,3775,184,226,285,344,361,268,352,351,330,291,268,186,146,89,59,24,7,0,4,627,31,48,61,68,67,49,52,57,58,37,42,25,14,6,9,2,1,0,0
2013," 汐止區"," 男",2124,103,136,177,214,220,160,206,178,176,145,135,103,72,42,36,14,5,0,2,1864,88,111,146,182,191,139,183,152,158,133,122,93,68,41,36,14,5,0,2,260,15,25,31,32,29,21,23,26,18,12,13,10,4,1,0,0,0,0,0
2013," 汐止區"," 女",2278,112,138,169,198,208,157,198,230,212,183,175,108,88,53,32,12,3,0,2,1911,96,115,139,162,170,129,169,199,172,158,146,93,78,48,23,10,2,0,2,367,16,23,30,36,38,28,29,31,40,25,29,15,10,5,9,2,1,0,0
2013," 瑞芳區"," 計",1202,75,61,92,119,87,102,116,97,86,66,76,101,57,28,17,10,7,5,0,1120,65,52,85,106,81,94,107,92,77,62,74,101,57,28,17,10,7,5,0,82,10,9,7,13,6,8,9,5,9,4,2,0,0,0,0,0,0,0,0
2013," 瑞芳區"," 男",611,36,38,45,53,47,51,67,52,37,39,35,40,36,15,7,8,3,2,0,574,32,31,42,47,45,48,63,49,33,39,34,40,36,15,7,8,3,2,0,37,4,7,3,6,2,3,4,3,4,0,1,0,0,0,0,0,0,0,0
2013," 瑞芳區"," 女",591,39,23,47,66,40,51,49,45,49,27,41,61,21,13,10,2,4,3,0,546,33,21,43,59,36,46,44,43,44,23,40,61,21,13,10,2,4,3,0,45,6,2,4,7,4,5,5,2,5,4,1,0,0,0,0,0,0,0,0
2013," 土城區"," 計",4215,263,260,317,449,423,384,408,313,285,305,280,288,133,51,30,15,6,5,0,3368,217,183,248,343,321,303,329,263,235,242,234,245,111,45,26,14,4,5,0,847,46,77,69,106,102,81,79,50,50,63,46,43,22,6,4,1,2,0,0
2013," 土城區"," 男",2029,150,137,161,212,209,203,219,150,109,116,124,119,66,32,14,5,1,2,0,1657,121,97,127,159,152,163,183,133,96,98,105,110,61,30,14,5,1,2,0,372,29,40,34,53,57,40,36,17,13,18,19,9,5,2,0,0,0,0,0
2013," 土城區"," 女",2186,113,123,156,237,214,181,189,163,176,189,156,169,67,19,16,10,5,3,0,1711,96,86,121,184,169,140,146,130,139,144,129,135,50,15,12,9,3,3,0,475,17,37,35,53,45,41,43,33,37,45,27,34,17,4,4,1,2,0,0
2013," 蘆洲區"," 計",2030,118,152,196,220,240,149,203,153,152,156,135,86,43,14,6,3,2,1,1,1519,84,105,138,165,177,106,148,117,119,125,109,62,40,12,6,3,2,1,0,511,34,47,58,55,63,43,55,36,33,31,26,24,3,2,0,0,0,0,1
2013," 蘆洲區"," 男",962,55,75,100,120,125,75,91,67,58,71,50,40,23,5,3,2,1,0,1,732,38,53,67,85,97,59,67,53,46,59,42,32,23,5,3,2,1,0,0,230,17,22,33,35,28,16,24,14,12,12,8,8,0,0,0,0,0,0,1
2013," 蘆洲區"," 女",1068,63,77,96,100,115,74,112,86,94,85,85,46,20,9,3,1,1,1,0,787,46,52,71,80,80,47,81,64,73,66,67,30,17,7,3,1,1,1,0,281,17,25,25,20,35,27,31,22,21,19,18,16,3,2,0,0,0,0,0
2013," 五股區"," 計",1751,107,149,182,216,197,120,156,124,130,136,102,62,37,21,10,2,0,0,0,1115,64,77,102,128,137,85,97,87,78,97,73,44,28,12,5,1,0,0,0,636,43,72,80,88,60,35,59,37,52,39,29,18,9,9,5,1,0,0,0
2013," 五股區"," 男",814,62,73,88,109,102,46,72,56,52,63,47,21,12,9,2,0,0,0,0,537,33,42,49,63,71,33,48,44,27,49,39,20,10,7,2,0,0,0,0,277,29,31,39,46,31,13,24,12,25,14,8,1,2,2,0,0,0,0,0
2013," 五股區"," 女",937,45,76,94,107,95,74,84,68,78,73,55,41,25,12,8,2,0,0,0,578,31,35,53,65,66,52,49,43,51,48,34,24,18,5,3,1,0,0,0,359,14,41,41,42,29,22,35,25,27,25,21,17,7,7,5,1,0,0,0
2013," 泰山區"," 計",1240,92,124,121,152,106,99,113,106,98,87,61,46,19,7,6,0,1,2,0,837,65,80,76,94,70,68,83,64,68,63,49,34,13,4,3,0,1,2,0,403,27,44,45,58,36,31,30,42,30,24,12,12,6,3,3,0,0,0,0
2013," 泰山區"," 男",576,43,65,57,76,56,49,46,44,45,33,21,19,13,5,2,0,1,1,0,399,31,39,37,42,39,33,35,28,34,28,19,16,12,2,2,0,1,1,0,177,12,26,20,34,17,16,11,16,11,5,2,3,1,3,0,0,0,0,0
2013," 泰山區"," 女",664,49,59,64,76,50,50,67,62,53,54,40,27,6,2,4,0,0,1,0,438,34,41,39,52,31,35,48,36,34,35,30,18,1,2,1,0,0,1,0,226,15,18,25,24,19,15,19,26,19,19,10,9,5,0,3,0,0,0,0
2013," 林口區"," 計",1747,127,175,208,191,146,106,151,148,150,114,106,61,24,17,13,3,3,4,0,1297,92,141,135,136,114,76,110,105,112,84,86,52,20,14,10,3,3,4,0,450,35,34,73,55,32,30,41,43,38,30,20,9,4,3,3,0,0,0,0
2013," 林口區"," 男",784,64,97,94,84,68,43,48,47,65,63,52,26,12,10,5,2,1,3,0,611,50,78,68,60,53,30,34,36,52,48,46,25,11,9,5,2,1,3,0,173,14,19,26,24,15,13,14,11,13,15,6,1,1,1,0,0,0,0,0
2013," 林口區"," 女",963,63,78,114,107,78,63,103,101,85,51,54,35,12,7,8,1,2,1,0,686,42,63,67,76,61,46,76,69,60,36,40,27,9,5,5,1,2,1,0,277,21,15,47,31,17,17,27,32,25,15,14,8,3,2,3,0,0,0,0
2013," 深坑區"," 計",225,19,10,17,26,28,20,27,13,18,13,10,14,5,3,0,2,0,0,0,146,9,6,13,13,19,15,20,10,9,9,6,9,4,2,0,2,0,0,0,79,10,4,4,13,9,5,7,3,9,4,4,5,1,1,0,0,0,0,0
2013," 深坑區"," 男",104,13,3,9,17,15,12,14,3,5,4,3,3,1,1,0,1,0,0,0,63,7,0,5,8,10,8,11,3,2,3,1,2,1,1,0,1,0,0,0,41,6,3,4,9,5,4,3,0,3,1,2,1,0,0,0,0,0,0,0
2013," 深坑區"," 女",121,6,7,8,9,13,8,13,10,13,9,7,11,4,2,0,1,0,0,0,83,2,6,8,5,9,7,9,7,7,6,5,7,3,1,0,1,0,0,0,38,4,1,0,4,4,1,4,3,6,3,2,4,1,1,0,0,0,0,0
2013," 石碇區"," 計",34,3,0,3,6,6,5,5,0,2,0,2,1,1,0,0,0,0,0,0,15,0,0,2,1,4,2,3,0,0,0,2,1,0,0,0,0,0,0,0,19,3,0,1,5,2,3,2,0,2,0,0,0,1,0,0,0,0,0,0
2013," 石碇區"," 男",13,3,0,2,2,2,1,0,0,1,0,1,1,0,0,0,0,0,0,0,5,0,0,1,0,2,0,0,0,0,0,1,1,0,0,0,0,0,0,0,8,3,0,1,2,0,1,0,0,1,0,0,0,0,0,0,0,0,0,0
2013," 石碇區"," 女",21,0,0,1,4,4,4,5,0,1,0,1,0,1,0,0,0,0,0,0,10,0,0,1,1,2,2,3,0,0,0,1,0,0,0,0,0,0,0,0,11,0,0,0,3,2,2,2,0,1,0,0,0,1,0,0,0,0,0,0
2013," 坪林區"," 計",18,6,1,2,2,1,0,3,2,0,1,0,0,0,0,0,0,0,0,0,7,2,0,1,1,1,0,0,1,0,1,0,0,0,0,0,0,0,0,0,11,4,1,1,1,0,0,3,1,0,0,0,0,0,0,0,0,0,0,0
2013," 坪林區"," 男",6,2,1,1,0,0,0,1,1,0,0,0,0,0,0,0,0,0,0,0,2,2,0,0,0,0,0,0,0,0,0,0,0,0,0,0,0,0,0,0,4,0,1,1,0,0,0,1,1,0,0,0,0,0,0,0,0,0,0,0
2013," 坪林區"," 女",12,4,0,1,2,1,0,2,1,0,1,0,0,0,0,0,0,0,0,0,5,0,0,1,1,1,0,0,1,0,1,0,0,0,0,0,0,0,0,0,7,4,0,0,1,0,0,2,0,0,0,0,0,0,0,0,0,0,0,0
2013," 三芝區"," 計",294,12,21,16,25,55,38,24,9,19,22,28,20,4,0,1,0,0,0,0,220,7,12,13,19,39,29,20,6,16,15,22,18,4,0,0,0,0,0,0,74,5,9,3,6,16,9,4,3,3,7,6,2,0,0,1,0,0,0,0
2013," 三芝區"," 男",134,8,6,4,15,26,23,12,0,5,8,14,9,4,0,0,0,0,0,0,101,4,5,4,12,16,18,10,0,4,6,10,8,4,0,0,0,0,0,0,33,4,1,0,3,10,5,2,0,1,2,4,1,0,0,0,0,0,0,0
2013," 三芝區"," 女",160,4,15,12,10,29,15,12,9,14,14,14,11,0,0,1,0,0,0,0,119,3,7,9,7,23,11,10,6,12,9,12,10,0,0,0,0,0,0,0,41,1,8,3,3,6,4,2,3,2,5,2,1,0,0,1,0,0,0,0
2013," 石門區"," 計",53,1,1,4,11,6,2,4,2,6,5,4,5,0,2,0,0,0,0,0,30,1,1,3,5,4,0,3,2,3,1,3,4,0,0,0,0,0,0,0,23,0,0,1,6,2,2,1,0,3,4,1,1,0,2,0,0,0,0,0
2013," 石門區"," 男",17,0,0,1,6,3,0,1,0,0,1,3,2,0,0,0,0,0,0,0,14,0,0,0,5,3,0,1,0,0,0,3,2,0,0,0,0,0,0,0,3,0,0,1,1,0,0,0,0,0,1,0,0,0,0,0,0,0,0,0
2013," 石門區"," 女",36,1,1,3,5,3,2,3,2,6,4,1,3,0,2,0,0,0,0,0,16,1,1,3,0,1,0,2,2,3,1,0,2,0,0,0,0,0,0,0,20,0,0,0,5,2,2,1,0,3,3,1,1,0,2,0,0,0,0,0
2013," 八里區"," 計",792,65,67,57,79,97,68,65,51,46,73,61,38,16,5,1,2,1,0,0,547,42,39,39,47,72,50,41,41,34,53,39,30,14,3,1,1,1,0,0,245,23,28,18,32,25,18,24,10,12,20,22,8,2,2,0,1,0,0,0
2013," 八里區"," 男",381,33,28,25,42,48,34,33,22,23,26,34,19,10,2,1,0,1,0,0,268,24,18,16,23,35,25,20,19,14,22,25,15,9,1,1,0,1,0,0,113,9,10,9,19,13,9,13,3,9,4,9,4,1,1,0,0,0,0,0
2013," 八里區"," 女",411,32,39,32,37,49,34,32,29,23,47,27,19,6,3,0,2,0,0,0,279,18,21,23,24,37,25,21,22,20,31,14,15,5,2,0,1,0,0,0,132,14,18,9,13,12,9,11,7,3,16,13,4,1,1,0,1,0,0,0
2013," 平溪區"," 計",27,0,2,3,2,2,2,1,3,4,1,2,0,1,3,1,0,0,0,0,21,0,2,1,0,1,2,1,2,4,1,2,0,1,3,1,0,0,0,0,6,0,0,2,2,1,0,0,1,0,0,0,0,0,0,0,0,0,0,0
2013," 平溪區"," 男",7,0,1,1,0,1,0,0,0,1,1,1,0,0,1,0,0,0,0,0,5,0,1,0,0,0,0,0,0,1,1,1,0,0,1,0,0,0,0,0,2,0,0,1,0,1,0,0,0,0,0,0,0,0,0,0,0,0,0,0
2013," 平溪區"," 女",20,0,1,2,2,1,2,1,3,3,0,1,0,1,2,1,0,0,0,0,16,0,1,1,0,1,2,1,2,3,0,1,0,1,2,1,0,0,0,0,4,0,0,1,2,0,0,0,1,0,0,0,0,0,0,0,0,0,0,0
2013," 雙溪區"," 計",21,2,1,2,0,2,1,3,3,2,0,4,1,0,0,0,0,0,0,0,17,0,1,2,0,2,1,3,3,1,0,3,1,0,0,0,0,0,0,0,4,2,0,0,0,0,0,0,0,1,0,1,0,0,0,0,0,0,0,0
2013," 雙溪區"," 男",6,0,0,0,0,1,0,1,1,0,0,3,0,0,0,0,0,0,0,0,5,0,0,0,0,1,0,1,1,0,0,2,0,0,0,0,0,0,0,0,1,0,0,0,0,0,0,0,0,0,0,1,0,0,0,0,0,0,0,0
2013," 雙溪區"," 女",15,2,1,2,0,1,1,2,2,2,0,1,1,0,0,0,0,0,0,0,12,0,1,2,0,1,1,2,2,1,0,1,1,0,0,0,0,0,0,0,3,2,0,0,0,0,0,0,0,1,0,0,0,0,0,0,0,0,0,0
2013," 貢寮區"," 計",73,5,5,6,9,9,6,6,5,5,9,5,3,0,0,0,0,0,0,0,45,2,4,6,7,5,2,3,5,3,4,1,3,0,0,0,0,0,0,0,28,3,1,0,2,4,4,3,0,2,5,4,0,0,0,0,0,0,0,0
2013," 貢寮區"," 男",27,1,2,3,4,5,2,4,0,0,3,1,2,0,0,0,0,0,0,0,17,0,2,3,3,3,0,2,0,0,2,0,2,0,0,0,0,0,0,0,10,1,0,0,1,2,2,2,0,0,1,1,0,0,0,0,0,0,0,0
2013," 貢寮區"," 女",46,4,3,3,5,4,4,2,5,5,6,4,1,0,0,0,0,0,0,0,28,2,2,3,4,2,2,1,5,3,2,1,1,0,0,0,0,0,0,0,18,2,1,0,1,2,2,1,0,2,4,3,0,0,0,0,0,0,0,0
2013," 金山區"," 計",110,8,5,5,16,19,9,9,9,8,8,9,2,3,0,0,0,0,0,0,61,6,2,5,7,9,4,8,7,2,3,5,0,3,0,0,0,0,0,0,49,2,3,0,9,10,5,1,2,6,5,4,2,0,0,0,0,0,0,0
2013," 金山區"," 男",40,3,1,4,6,8,3,4,4,0,2,4,0,1,0,0,0,0,0,0,22,1,0,4,3,3,1,3,3,0,1,2,0,1,0,0,0,0,0,0,18,2,1,0,3,5,2,1,1,0,1,2,0,0,0,0,0,0,0,0
2013," 金山區"," 女",70,5,4,1,10,11,6,5,5,8,6,5,2,2,0,0,0,0,0,0,39,5,2,1,4,6,3,5,4,2,2,3,0,2,0,0,0,0,0,0,31,0,2,0,6,5,3,0,1,6,4,2,2,0,0,0,0,0,0,0
2013," 萬里區"," 計",277,15,8,10,47,30,28,23,19,19,20,22,16,8,4,4,4,0,0,0,227,13,7,5,33,27,26,20,12,13,17,21,15,7,4,4,3,0,0,0,50,2,1,5,14,3,2,3,7,6,3,1,1,1,0,0,1,0,0,0
2013," 萬里區"," 男",135,11,5,4,25,18,10,9,7,10,9,10,9,2,3,1,2,0,0,0,118,9,5,2,21,16,10,9,4,7,9,9,9,2,3,1,2,0,0,0,17,2,0,2,4,2,0,0,3,3,0,1,0,0,0,0,0,0,0,0
2013," 萬里區"," 女",142,4,3,6,22,12,18,14,12,9,11,12,7,6,1,3,2,0,0,0,109,4,2,3,12,11,16,11,8,6,8,12,6,5,1,3,1,0,0,0,33,0,1,3,10,1,2,3,4,3,3,0,1,1,0,0,1,0,0,0
2013," 烏來區"," 計",2727,194,192,211,245,251,222,229,207,172,189,186,152,135,47,46,26,19,3,1,143,5,10,10,19,8,12,8,14,10,11,13,12,7,3,1,0,0,0,0,2584,189,182,201,226,243,210,221,193,162,178,173,140,128,44,45,26,19,3,1
2013," 烏來區"," 男",1344,97,96,119,126,140,122,120,92,79,89,85,67,52,24,14,17,4,1,0,56,0,5,7,9,3,7,4,2,2,3,2,6,3,2,1,0,0,0,0,1288,97,91,112,117,137,115,116,90,77,86,83,61,49,22,13,17,4,1,0
2013," 烏來區"," 女",1383,97,96,92,119,111,100,109,115,93,100,101,85,83,23,32,9,15,2,1,87,5,5,3,10,5,5,4,12,8,8,11,6,4,1,0,0,0,0,0,1296,92,91,89,109,106,95,105,103,85,92,90,79,79,22,32,9,15,2,1
2014," 新北市"," 計",53418,3593,3888,4511,5567,5547,4369,4875,4317,3956,3796,3380,2615,1532,730,392,211,94,38,7,36974,2394,2510,2899,3728,3818,3001,3443,3055,2755,2760,2405,1975,1150,554,294,140,58,31,4,16444,1199,1378,1612,1839,1729,1368,1432,1262,1201,1036,975,640,382,176,98,71,36,7,3
2014," 新北市"," 男",24849,1840,2018,2310,2775,2796,2070,2243,1841,1603,1512,1415,1091,702,326,168,94,27,16,2,17626,1208,1300,1473,1860,1950,1436,1627,1399,1145,1173,1066,880,574,278,146,75,21,14,1,7223,632,718,837,915,846,634,616,442,458,339,349,211,128,48,22,19,6,2,1
2014," 新北市"," 女",28569,1753,1870,2201,2792,2751,2299,2632,2476,2353,2284,1965,1524,830,404,224,117,67,22,5,19348,1186,1210,1426,1868,1868,1565,1816,1656,1610,1587,1339,1095,576,276,148,65,37,17,3,9221,567,660,775,924,883,734,816,820,743,697,626,429,254,128,76,52,30,5,2
2014," 板橋區"," 計",4103,293,302,321,438,454,339,377,347,316,302,213,198,107,50,23,15,5,2,1,2876,185,198,211,309,324,223,266,249,229,227,155,147,79,39,20,9,4,2,0,1227,108,104,110,129,130,116,111,98,87,75,58,51,28,11,3,6,1,0,1
2014," 板橋區"," 男",1774,134,164,158,216,218,146,139,146,121,107,70,78,35,23,10,7,1,1,0,1275,82,107,105,156,157,95,98,111,90,84,60,63,28,21,10,6,1,1,0,499,52,57,53,60,61,51,41,35,31,23,10,15,7,2,0,1,0,0,0
2014," 板橋區"," 女",2329,159,138,163,222,236,193,238,201,195,195,143,120,72,27,13,8,4,1,1,1601,103,91,106,153,167,128,168,138,139,143,95,84,51,18,10,3,3,1,0,728,56,47,57,69,69,65,70,63,56,52,48,36,21,9,3,5,1,0,1
2014," 三重區"," 計",2176,155,147,203,259,239,197,207,170,182,145,132,72,42,17,4,3,0,2,0,1347,96,94,105,137,158,126,129,108,109,100,85,52,30,12,3,2,0,1,0,829,59,53,98,122,81,71,78,62,73,45,47,20,12,5,1,1,0,1,0
2014," 三重區"," 男",942,88,69,116,141,125,72,85,46,56,48,38,33,14,7,0,2,0,2,0,601,55,42,66,75,88,49,54,32,34,38,24,24,11,6,0,2,0,1,0,341,33,27,50,66,37,23,31,14,22,10,14,9,3,1,0,0,0,1,0
2014," 三重區"," 女",1234,67,78,87,118,114,125,122,124,126,97,94,39,28,10,4,1,0,0,0,746,41,52,39,62,70,77,75,76,75,62,61,28,19,6,3,0,0,0,0,488,26,26,48,56,44,48,47,48,51,35,33,11,9,4,1,1,0,0,0
2014," 中和區"," 計",2748,200,157,198,225,257,257,300,222,208,190,198,139,99,65,18,8,6,1,0,1759,136,91,105,132,167,162,201,145,137,121,119,102,71,48,12,6,3,1,0,989,64,66,93,93,90,95,99,77,71,69,79,37,28,17,6,2,3,0,0
2014," 中和區"," 男",1186,103,76,116,106,116,116,138,97,80,59,60,52,39,20,5,1,2,0,0,763,66,46,53,63,76,74,92,71,51,37,38,39,32,17,5,1,2,0,0,423,37,30,63,43,40,42,46,26,29,22,22,13,7,3,0,0,0,0,0
2014," 中和區"," 女",1562,97,81,82,119,141,141,162,125,128,131,138,87,60,45,13,7,4,1,0,996,70,45,52,69,91,88,109,74,86,84,81,63,39,31,7,5,1,1,0,566,27,36,30,50,50,53,53,51,42,47,57,24,21,14,6,2,3,0,0
2014," 永和區"," 計",921,55,75,73,94,80,66,80,78,75,63,75,50,22,14,10,5,3,2,1,520,33,37,36,53,44,41,52,44,40,36,41,31,17,7,4,0,2,1,1,401,22,38,37,41,36,25,28,34,35,27,34,19,5,7,6,5,1,1,0
2014," 永和區"," 男",363,23,38,33,46,40,28,34,19,27,22,29,17,5,1,0,0,0,1,0,213,12,22,13,26,24,15,26,13,12,15,15,13,5,1,0,0,0,1,0,150,11,16,20,20,16,13,8,6,15,7,14,4,0,0,0,0,0,0,0
2014," 永和區"," 女",558,32,37,40,48,40,38,46,59,48,41,46,33,17,13,10,5,3,1,1,307,21,15,23,27,20,26,26,31,28,21,26,18,12,6,4,0,2,0,1,251,11,22,17,21,20,12,20,28,20,20,20,15,5,7,6,5,1,1,0
2014," 新莊區"," 計",5172,359,421,523,552,513,460,466,464,357,343,291,216,114,43,33,9,5,3,0,3624,248,287,322,363,344,332,353,310,246,253,225,167,90,36,31,9,5,3,0,1548,111,134,201,189,169,128,113,154,111,90,66,49,24,7,2,0,0,0,0
2014," 新莊區"," 男",2378,181,222,276,280,252,213,190,191,138,129,122,87,54,18,16,5,2,2,0,1693,123,147,174,183,169,147,152,143,99,100,100,69,45,17,16,5,2,2,0,685,58,75,102,97,83,66,38,48,39,29,22,18,9,1,0,0,0,0,0
2014," 新莊區"," 女",2794,178,199,247,272,261,247,276,273,219,214,169,129,60,25,17,4,3,1,0,1931,125,140,148,180,175,185,201,167,147,153,125,98,45,19,15,4,3,1,0,863,53,59,99,92,86,62,75,106,72,61,44,31,15,6,2,0,0,0,0
2014," 新店區"," 計",3377,207,227,254,333,310,249,303,280,263,238,220,205,139,70,41,22,13,3,0,2199,135,130,143,198,218,157,194,174,180,171,151,139,104,50,31,15,7,2,0,1178,72,97,111,135,92,92,109,106,83,67,69,66,35,20,10,7,6,1,0
2014," 新店區"," 男",1499,105,116,131,170,140,109,141,127,109,91,92,60,57,25,17,7,1,1,0,1020,71,69,74,102,95,68,97,85,76,71,69,51,48,20,15,7,1,1,0,479,34,47,57,68,45,41,44,42,33,20,23,9,9,5,2,0,0,0,0
2014," 新店區"," 女",1878,102,111,123,163,170,140,162,153,154,147,128,145,82,45,24,15,12,2,0,1179,64,61,69,96,123,89,97,89,104,100,82,88,56,30,16,8,6,1,0,699,38,50,54,67,47,51,65,64,50,47,46,57,26,15,8,7,6,1,0
2014," 樹林區"," 計",6281,434,481,526,700,675,512,604,527,445,463,397,301,138,47,14,8,6,3,0,5090,341,368,409,553,551,412,498,429,364,398,321,252,125,43,12,7,4,3,0,1191,93,113,117,147,124,100,106,98,81,65,76,49,13,4,2,1,2,0,0
2014," 樹林區"," 男",3053,229,247,271,342,360,269,279,234,186,201,175,144,76,25,8,3,3,1,0,2510,175,182,204,270,295,225,230,204,157,181,154,127,69,24,7,3,2,1,0,543,54,65,67,72,65,44,49,30,29,20,21,17,7,1,1,0,1,0,0
2014," 樹林區"," 女",3228,205,234,255,358,315,243,325,293,259,262,222,157,62,22,6,5,3,2,0,2580,166,186,205,283,256,187,268,225,207,217,167,125,56,19,5,4,2,2,0,648,39,48,50,75,59,56,57,68,52,45,55,32,6,3,1,1,1,0,0
2014," 鶯歌區"," 計",2709,206,209,273,316,293,230,233,205,181,177,188,102,42,22,21,7,3,1,0,1817,115,129,176,206,192,150,144,147,130,127,133,84,34,19,20,7,3,1,0,892,91,80,97,110,101,80,89,58,51,50,55,18,8,3,1,0,0,0,0
2014," 鶯歌區"," 男",1280,112,107,134,163,147,102,106,84,80,64,86,52,24,5,10,3,0,1,0,881,63,66,87,110,100,66,70,61,58,52,63,45,21,5,10,3,0,1,0,399,49,41,47,53,47,36,36,23,22,12,23,7,3,0,0,0,0,0,0
2014," 鶯歌區"," 女",1429,94,102,139,153,146,128,127,121,101,113,102,50,18,17,11,4,3,0,0,936,52,63,89,96,92,84,74,86,72,75,70,39,13,14,10,4,3,0,0,493,42,39,50,57,54,44,53,35,29,38,32,11,5,3,1,0,0,0,0
2014," 三峽區"," 計",2805,220,229,262,311,317,217,218,210,214,194,173,116,72,29,12,5,6,0,0,2140,159,163,202,232,238,162,158,166,165,157,129,97,64,28,11,4,5,0,0,665,61,66,60,79,79,55,60,44,49,37,44,19,8,1,1,1,1,0,0
2014," 三峽區"," 男",1384,118,122,136,168,154,107,102,99,91,83,83,57,39,17,5,3,0,0,0,1107,87,93,105,124,117,85,78,88,74,77,69,50,35,17,5,3,0,0,0,277,31,29,31,44,37,22,24,11,17,6,14,7,4,0,0,0,0,0,0
2014," 三峽區"," 女",1421,102,107,126,143,163,110,116,111,123,111,90,59,33,12,7,2,6,0,0,1033,72,70,97,108,121,77,80,78,91,80,60,47,29,11,6,1,5,0,0,388,30,37,29,35,42,33,36,33,32,31,30,12,4,1,1,1,1,0,0
2014," 淡水區"," 計",1706,126,118,158,184,181,125,156,144,125,135,100,59,49,27,12,5,1,1,0,997,78,59,89,102,91,65,105,91,69,75,60,47,34,21,7,3,0,1,0,709,48,59,69,82,90,60,51,53,56,60,40,12,15,6,5,2,1,0,0
2014," 淡水區"," 男",767,62,65,77,88,94,49,82,58,44,46,34,25,21,14,6,1,0,1,0,456,39,28,49,48,46,23,57,40,26,29,18,19,14,13,5,1,0,1,0,311,23,37,28,40,48,26,25,18,18,17,16,6,7,1,1,0,0,0,0
2014," 淡水區"," 女",939,64,53,81,96,87,76,74,86,81,89,66,34,28,13,6,4,1,0,0,541,39,31,40,54,45,42,48,51,43,46,42,28,20,8,2,2,0,0,0,398,25,22,41,42,42,34,26,35,38,43,24,6,8,5,4,2,1,0,0
2014," 汐止區"," 計",4359,216,272,327,391,439,333,405,366,382,337,282,226,163,97,74,35,10,2,2,3727,181,226,260,333,368,279,349,313,329,296,249,197,146,91,67,31,8,2,2,632,35,46,67,58,71,54,56,53,53,41,33,29,17,6,7,4,2,0,0
2014," 汐止區"," 男",2110,99,146,166,197,231,168,201,170,176,142,128,101,74,47,38,19,6,0,1,1851,81,120,131,168,204,145,181,147,159,129,118,91,68,45,38,19,6,0,1,259,18,26,35,29,27,23,20,23,17,13,10,10,6,2,0,0,0,0,0
2014," 汐止區"," 女",2249,117,126,161,194,208,165,204,196,206,195,154,125,89,50,36,16,4,2,1,1876,100,106,129,165,164,134,168,166,170,167,131,106,78,46,29,12,2,2,1,373,17,20,32,29,44,31,36,30,36,28,23,19,11,4,7,4,2,0,0
2014," 瑞芳區"," 計",1237,72,70,96,102,106,92,115,103,92,70,69,112,63,33,18,13,7,4,0,1156,65,57,90,88,99,88,106,95,86,65,68,111,63,33,18,13,7,4,0,81,7,13,6,14,7,4,9,8,6,5,1,1,0,0,0,0,0,0,0
2014," 瑞芳區"," 男",644,39,40,53,46,57,50,63,62,38,41,34,44,35,21,8,9,3,1,0,607,36,30,50,41,53,50,59,58,35,41,33,44,35,21,8,9,3,1,0,37,3,10,3,5,4,0,4,4,3,0,1,0,0,0,0,0,0,0,0
2014," 瑞芳區"," 女",593,33,30,43,56,49,42,52,41,54,29,35,68,28,12,10,4,4,3,0,549,29,27,40,47,46,38,47,37,51,24,35,67,28,12,10,4,4,3,0,44,4,3,3,9,3,4,5,4,3,5,0,1,0,0,0,0,0,0,0
2014," 土城區"," 計",4233,262,269,286,435,435,393,410,318,291,296,286,272,160,64,28,17,5,5,1,3355,214,187,218,337,318,310,335,262,227,239,238,230,135,56,24,15,4,5,1,878,48,82,68,98,117,83,75,56,64,57,48,42,25,8,4,2,1,0,0
2014," 土城區"," 男",2034,139,144,147,209,215,203,215,158,115,114,122,113,84,36,11,6,1,2,0,1642,113,99,111,162,153,165,175,140,93,96,103,102,77,34,11,5,1,2,0,392,26,45,36,47,62,38,40,18,22,18,19,11,7,2,0,1,0,0,0
2014," 土城區"," 女",2199,123,125,139,226,220,190,195,160,176,182,164,159,76,28,17,11,4,3,1,1713,101,88,107,175,165,145,160,122,134,143,135,128,58,22,13,10,3,3,1,486,22,37,32,51,55,45,35,38,42,39,29,31,18,6,4,1,1,0,0
2014," 蘆洲區"," 計",2022,118,156,160,231,234,152,190,162,156,147,140,93,51,18,6,6,0,1,1,1515,86,109,109,178,170,113,138,124,116,117,116,69,42,15,6,6,0,1,0,507,32,47,51,53,64,39,52,38,40,30,24,24,9,3,0,0,0,0,1
2014," 蘆洲區"," 男",944,50,77,83,117,127,76,90,68,59,61,59,37,27,6,2,4,0,0,1,715,37,53,52,87,97,61,64,55,42,50,52,30,23,6,2,4,0,0,0,229,13,24,31,30,30,15,26,13,17,11,7,7,4,0,0,0,0,0,1
2014," 蘆洲區"," 女",1078,68,79,77,114,107,76,100,94,97,86,81,56,24,12,4,2,0,1,0,800,49,56,57,91,73,52,74,69,74,67,64,39,19,9,4,2,0,1,0,278,19,23,20,23,34,24,26,25,23,19,17,17,5,3,0,0,0,0,0
2014," 五股區"," 計",1764,103,148,170,223,214,127,136,132,124,130,113,71,37,21,13,2,0,0,0,1134,60,83,93,132,143,92,84,98,74,97,76,53,28,11,9,1,0,0,0,630,43,65,77,91,71,35,52,34,50,33,37,18,9,10,4,1,0,0,0
2014," 五股區"," 男",836,59,72,79,113,118,52,69,61,56,52,55,26,13,6,5,0,0,0,0,556,31,42,43,64,81,38,46,50,34,39,43,25,11,4,5,0,0,0,0,280,28,30,36,49,37,14,23,11,22,13,12,1,2,2,0,0,0,0,0
2014," 五股區"," 女",928,44,76,91,110,96,75,67,71,68,78,58,45,24,15,8,2,0,0,0,578,29,41,50,68,62,54,38,48,40,58,33,28,17,7,4,1,0,0,0,350,15,35,41,42,34,21,29,23,28,20,25,17,7,8,4,1,0,0,0
2014," 泰山區"," 計",1293,98,114,133,152,129,96,114,109,106,90,62,49,18,13,5,2,1,2,0,868,70,70,85,101,77,64,84,73,68,64,47,37,13,8,4,0,1,2,0,425,28,44,48,51,52,32,30,36,38,26,15,12,5,5,1,2,0,0,0
2014," 泰山區"," 男",593,48,60,63,72,63,49,50,46,42,36,19,21,10,10,2,0,1,1,0,411,34,33,38,49,36,33,40,33,30,30,17,18,9,7,2,0,1,1,0,182,14,27,25,23,27,16,10,13,12,6,2,3,1,3,0,0,0,0,0
2014," 泰山區"," 女",700,50,54,70,80,66,47,64,63,64,54,43,28,8,3,3,2,0,1,0,457,36,37,47,52,41,31,44,40,38,34,30,19,4,1,2,0,0,1,0,243,14,17,23,28,25,16,20,23,26,20,13,9,4,2,1,2,0,0,0
2014," 林口區"," 計",1790,131,184,200,199,160,102,149,151,128,140,95,79,29,21,10,7,3,2,0,1335,97,138,134,140,127,75,111,112,94,105,73,70,23,17,9,5,3,2,0,455,34,46,66,59,33,27,38,39,34,35,22,9,6,4,1,2,0,0,0
2014," 林口區"," 男",807,65,106,92,88,73,42,51,46,48,75,48,36,16,11,4,4,1,1,0,631,48,85,69,60,60,30,40,34,39,59,38,34,15,10,4,4,1,1,0,176,17,21,23,28,13,12,11,12,9,16,10,2,1,1,0,0,0,0,0
2014," 林口區"," 女",983,66,78,108,111,87,60,98,105,80,65,47,43,13,10,6,3,2,1,0,704,49,53,65,80,67,45,71,78,55,46,35,36,8,7,5,1,2,1,0,279,17,25,43,31,20,15,27,27,25,19,12,7,5,3,1,2,0,0,0
2014," 深坑區"," 計",217,16,8,17,24,30,20,21,14,19,13,10,13,7,4,0,1,0,0,0,149,9,5,12,13,19,16,17,13,10,9,7,10,5,3,0,1,0,0,0,68,7,3,5,11,11,4,4,1,9,4,3,3,2,1,0,0,0,0,0
2014," 深坑區"," 男",102,10,4,7,18,16,12,11,4,4,5,4,2,3,1,0,1,0,0,0,65,6,1,2,9,11,9,10,4,2,3,2,1,3,1,0,1,0,0,0,37,4,3,5,9,5,3,1,0,2,2,2,1,0,0,0,0,0,0,0
2014," 深坑區"," 女",115,6,4,10,6,14,8,10,10,15,8,6,11,4,3,0,0,0,0,0,84,3,4,10,4,8,7,7,9,8,6,5,9,2,2,0,0,0,0,0,31,3,0,0,2,6,1,3,1,7,2,1,2,2,1,0,0,0,0,0
2014," 石碇區"," 計",34,4,0,2,4,3,7,5,2,2,1,2,0,1,1,0,0,0,0,0,16,1,0,1,1,1,4,3,1,1,0,2,0,1,0,0,0,0,0,0,18,3,0,1,3,2,3,2,1,1,1,0,0,0,1,0,0,0,0,0
2014," 石碇區"," 男",9,3,0,1,1,1,1,0,0,1,0,0,0,1,0,0,0,0,0,0,2,0,0,0,1,0,0,0,0,0,0,0,0,1,0,0,0,0,0,0,7,3,0,1,0,1,1,0,0,1,0,0,0,0,0,0,0,0,0,0
2014," 石碇區"," 女",25,1,0,1,3,2,6,5,2,1,1,2,0,0,1,0,0,0,0,0,14,1,0,1,0,1,4,3,1,1,0,2,0,0,0,0,0,0,0,0,11,0,0,0,3,1,2,2,1,0,1,0,0,0,1,0,0,0,0,0
2014," 坪林區"," 計",18,6,1,2,2,1,1,3,1,0,1,0,0,0,0,0,0,0,0,0,6,2,0,1,1,1,0,0,0,0,1,0,0,0,0,0,0,0,0,0,12,4,1,1,1,0,1,3,1,0,0,0,0,0,0,0,0,0,0,0
2014," 坪林區"," 男",6,2,1,1,0,0,0,1,1,0,0,0,0,0,0,0,0,0,0,0,2,2,0,0,0,0,0,0,0,0,0,0,0,0,0,0,0,0,0,0,4,0,1,1,0,0,0,1,1,0,0,0,0,0,0,0,0,0,0,0
2014," 坪林區"," 女",12,4,0,1,2,1,1,2,0,0,1,0,0,0,0,0,0,0,0,0,4,0,0,1,1,1,0,0,0,0,1,0,0,0,0,0,0,0,0,0,8,4,0,0,1,0,1,2,0,0,0,0,0,0,0,0,0,0,0,0
2014," 三芝區"," 計",301,13,25,18,25,49,41,28,14,13,22,28,20,3,1,1,0,0,0,0,228,9,16,13,20,37,29,22,11,10,18,22,17,3,1,0,0,0,0,0,73,4,9,5,5,12,12,6,3,3,4,6,3,0,0,1,0,0,0,0
2014," 三芝區"," 男",139,9,9,8,12,26,21,16,3,4,5,15,7,3,1,0,0,0,0,0,107,6,7,8,10,17,15,13,3,3,5,10,6,3,1,0,0,0,0,0,32,3,2,0,2,9,6,3,0,1,0,5,1,0,0,0,0,0,0,0
2014," 三芝區"," 女",162,4,16,10,13,23,20,12,11,9,17,13,13,0,0,1,0,0,0,0,121,3,9,5,10,20,14,9,8,7,13,12,11,0,0,0,0,0,0,0,41,1,7,5,3,3,6,3,3,2,4,1,2,0,0,1,0,0,0,0
2014," 石門區"," 計",47,0,2,3,7,8,2,3,2,5,3,6,4,1,1,0,0,0,0,0,25,0,2,2,3,4,0,2,2,2,1,3,3,1,0,0,0,0,0,0,22,0,0,1,4,4,2,1,0,3,2,3,1,0,1,0,0,0,0,0
2014," 石門區"," 男",14,0,0,1,4,3,0,1,0,0,0,3,2,0,0,0,0,0,0,0,11,0,0,0,3,3,0,1,0,0,0,2,2,0,0,0,0,0,0,0,3,0,0,1,1,0,0,0,0,0,0,1,0,0,0,0,0,0,0,0
2014," 石門區"," 女",33,0,2,2,3,5,2,2,2,5,3,3,2,1,1,0,0,0,0,0,14,0,2,2,0,1,0,1,2,2,1,1,1,1,0,0,0,0,0,0,19,0,0,0,3,4,2,1,0,3,2,2,1,0,1,0,0,0,0,0
2014," 八里區"," 計",806,66,55,75,68,104,65,67,60,42,63,68,38,23,7,1,2,2,0,0,560,43,32,54,40,72,52,45,44,32,44,48,25,20,5,1,1,2,0,0,246,23,23,21,28,32,13,22,16,10,19,20,13,3,2,0,1,0,0,0
2014," 八里區"," 男",391,39,26,31,30,59,31,38,21,24,26,32,15,13,4,0,1,1,0,0,280,28,16,23,17,39,25,26,16,18,20,25,10,12,3,0,1,1,0,0,111,11,10,8,13,20,6,12,5,6,6,7,5,1,1,0,0,0,0,0
2014," 八里區"," 女",415,27,29,44,38,45,34,29,39,18,37,36,23,10,3,1,1,1,0,0,280,15,16,31,23,33,27,19,28,14,24,23,15,8,2,1,0,1,0,0,135,12,13,13,15,12,7,10,11,4,13,13,8,2,1,0,1,0,0,0
2014," 平溪區"," 計",26,0,1,2,4,1,2,1,2,5,1,2,0,1,3,0,1,0,0,0,20,0,1,0,2,0,2,1,1,5,1,2,0,1,3,0,1,0,0,0,6,0,0,2,2,1,0,0,1,0,0,0,0,0,0,0,0,0,0,0
2014," 平溪區"," 男",6,0,0,1,0,1,0,0,0,1,1,1,0,0,1,0,0,0,0,0,4,0,0,0,0,0,0,0,0,1,1,1,0,0,1,0,0,0,0,0,2,0,0,1,0,1,0,0,0,0,0,0,0,0,0,0,0,0,0,0
2014," 平溪區"," 女",20,0,1,1,4,0,2,1,2,4,0,1,0,1,2,0,1,0,0,0,16,0,1,0,2,0,2,1,1,4,0,1,0,1,2,0,1,0,0,0,4,0,0,1,2,0,0,0,1,0,0,0,0,0,0,0,0,0,0,0
2014," 雙溪區"," 計",22,0,3,2,0,2,1,3,3,3,0,2,3,0,0,0,0,0,0,0,18,0,1,2,0,2,1,3,3,2,0,1,3,0,0,0,0,0,0,0,4,0,2,0,0,0,0,0,0,1,0,1,0,0,0,0,0,0,0,0
2014," 雙溪區"," 男",7,0,0,0,0,1,0,1,2,0,0,2,1,0,0,0,0,0,0,0,6,0,0,0,0,1,0,1,2,0,0,1,1,0,0,0,0,0,0,0,1,0,0,0,0,0,0,0,0,0,0,1,0,0,0,0,0,0,0,0
2014," 雙溪區"," 女",15,0,3,2,0,1,1,2,1,3,0,0,2,0,0,0,0,0,0,0,12,0,1,2,0,1,1,2,1,2,0,0,2,0,0,0,0,0,0,0,3,0,2,0,0,0,0,0,0,1,0,0,0,0,0,0,0,0,0,0
2014," 貢寮區"," 計",75,4,5,5,8,8,6,11,3,7,9,5,2,2,0,0,0,0,0,0,44,2,4,4,7,3,4,4,3,5,3,2,1,2,0,0,0,0,0,0,31,2,1,1,1,5,2,7,0,2,6,3,1,0,0,0,0,0,0,0
2014," 貢寮區"," 男",28,1,2,3,4,4,2,5,0,0,4,1,1,1,0,0,0,0,0,0,16,0,2,2,3,3,1,1,0,0,2,0,1,1,0,0,0,0,0,0,12,1,0,1,1,1,1,4,0,0,2,1,0,0,0,0,0,0,0,0
2014," 貢寮區"," 女",47,3,3,2,4,4,4,6,3,7,5,4,1,1,0,0,0,0,0,0,28,2,2,2,4,0,3,3,3,5,1,2,0,1,0,0,0,0,0,0,19,1,1,0,0,4,1,3,0,2,4,2,1,0,0,0,0,0,0,0
2014," 金山區"," 計",111,11,5,5,12,17,12,11,6,9,7,10,1,3,1,0,1,0,0,0,64,7,3,5,5,9,5,9,5,3,3,6,0,2,1,0,1,0,0,0,47,4,2,0,7,8,7,2,1,6,4,4,1,1,0,0,0,0,0,0
2014," 金山區"," 男",41,5,1,4,5,7,4,5,1,2,2,4,0,1,0,0,0,0,0,0,24,2,0,4,2,3,2,3,1,2,1,3,0,1,0,0,0,0,0,0,17,3,1,0,3,4,2,2,0,0,1,1,0,0,0,0,0,0,0,0
2014," 金山區"," 女",70,6,4,1,7,10,8,6,5,7,5,6,1,2,1,0,1,0,0,0,40,5,3,1,3,6,3,6,4,1,2,3,0,1,1,0,1,0,0,0,30,1,1,0,4,4,5,0,1,6,3,3,1,1,0,0,0,0,0,0
2014," 萬里區"," 計",290,19,12,10,36,37,32,24,19,21,21,18,21,9,4,3,4,0,0,0,241,16,11,6,26,32,29,20,15,13,20,16,19,8,4,3,3,0,0,0,49,3,1,4,10,5,3,4,4,8,1,2,2,1,0,0,1,0,0,0
2014," 萬里區"," 男",137,13,7,3,24,20,12,5,8,11,9,7,11,3,2,1,1,0,0,0,120,10,6,2,21,17,12,5,6,8,9,7,10,3,2,1,1,0,0,0,17,3,1,1,3,3,0,0,2,3,0,0,1,0,0,0,0,0,0,0
2014," 萬里區"," 女",153,6,5,7,12,17,20,19,11,10,12,11,10,6,2,2,3,0,0,0,121,6,5,4,5,15,17,15,9,5,11,9,9,5,2,2,2,0,0,0,32,0,0,3,7,2,3,4,2,5,1,2,1,1,0,0,1,0,0,0
2014," 烏來區"," 計",2775,199,192,207,232,251,233,235,203,185,195,195,153,137,57,45,33,18,4,1,144,6,9,12,16,9,8,10,17,9,12,10,12,9,3,2,0,0,0,0,2631,193,183,195,216,242,225,225,186,176,183,185,141,128,54,43,33,18,4,1
2014," 烏來區"," 男",1375,104,97,119,115,128,136,125,89,90,89,92,69,54,25,20,17,5,1,0,57,1,4,8,6,5,3,8,2,2,4,1,5,4,2,2,0,0,0,0,1318,103,93,111,109,123,133,117,87,88,85,91,64,50,23,18,17,5,1,0
2014," 烏來區"," 女",1400,95,95,88,117,123,97,110,114,95,106,103,84,83,32,25,16,13,3,1,87,5,5,4,10,4,5,2,15,7,8,9,7,5,1,0,0,0,0,0,1313,90,90,84,107,119,92,108,99,88,98,94,77,78,31,25,16,13,3,1
2015," 新北市"," 計",54162,3772,3732,4253,5558,5638,4556,4733,4477,3939,3820,3584,2708,1720,884,404,244,92,38,10,37368,2472,2441,2690,3663,3847,3166,3321,3180,2742,2731,2568,2029,1302,657,299,168,54,30,8,16794,1300,1291,1563,1895,1791,1390,1412,1297,1197,1089,1016,679,418,227,105,76,38,8,2
2015," 新北市"," 男",25163,1934,1931,2181,2811,2811,2166,2218,1919,1607,1503,1494,1100,792,375,171,103,29,13,5,17791,1246,1250,1388,1841,1945,1522,1612,1449,1153,1146,1132,873,648,316,147,88,19,12,4,7372,688,681,793,970,866,644,606,470,454,357,362,227,144,59,24,15,10,1,1
2015," 新北市"," 女",28999,1838,1801,2072,2747,2827,2390,2515,2558,2332,2317,2090,1608,928,509,233,141,63,25,5,19577,1226,1191,1302,1822,1902,1644,1709,1731,1589,1585,1436,1156,654,341,152,80,35,18,4,9422,612,610,770,925,925,746,806,827,743,732,654,452,274,168,81,61,28,7,1
2015," 板橋區"," 計",4162,307,290,300,442,457,357,352,377,305,290,253,188,129,61,22,23,5,2,2,2929,196,201,195,303,328,233,257,273,218,217,186,139,93,48,19,17,4,1,1,1233,111,89,105,139,129,124,95,104,87,73,67,49,36,13,3,6,1,1,1
2015," 板橋區"," 男",1807,156,154,153,213,220,158,139,155,115,99,86,66,48,24,9,10,1,0,1,1304,93,106,100,151,158,108,99,123,82,76,75,56,34,23,9,9,1,0,1,503,63,48,53,62,62,50,40,32,33,23,11,10,14,1,0,1,0,0,0
2015," 板橋區"," 女",2355,151,136,147,229,237,199,213,222,190,191,167,122,81,37,13,13,4,2,1,1625,103,95,95,152,170,125,158,150,136,141,111,83,59,25,10,8,3,1,0,730,48,41,52,77,67,74,55,72,54,50,56,39,22,12,3,5,1,1,1
2015," 三重區"," 計",2215,165,154,193,265,254,184,201,169,176,151,136,90,42,23,5,5,1,1,0,1365,97,96,102,134,158,125,125,106,112,101,88,65,27,21,3,4,0,1,0,850,68,58,91,131,96,59,76,63,64,50,48,25,15,2,2,1,1,0,0
2015," 三重區"," 男",969,84,80,116,156,129,69,78,44,57,49,40,37,18,7,2,2,0,1,0,606,47,49,66,78,85,52,49,28,41,34,26,28,12,7,1,2,0,1,0,363,37,31,50,78,44,17,29,16,16,15,14,9,6,0,1,0,0,0,0
2015," 三重區"," 女",1246,81,74,77,109,125,115,123,125,119,102,96,53,24,16,3,3,1,0,0,759,50,47,36,56,73,73,76,78,71,67,62,37,15,14,2,2,0,0,0,487,31,27,41,53,52,42,47,47,48,35,34,16,9,2,1,1,1,0,0
2015," 中和區"," 計",2815,215,168,176,234,270,258,294,236,196,197,204,140,109,77,20,13,6,2,0,1791,136,99,94,128,180,155,197,155,133,133,124,99,79,49,18,7,4,1,0,1024,79,69,82,106,90,103,97,81,63,64,80,41,30,28,2,6,2,1,0
2015," 中和區"," 男",1203,104,90,99,111,121,120,130,101,74,67,61,47,50,18,6,2,2,0,0,766,62,52,50,59,82,70,89,75,50,43,36,33,40,15,6,2,2,0,0,437,42,38,49,52,39,50,41,26,24,24,25,14,10,3,0,0,0,0,0
2015," 中和區"," 女",1612,111,78,77,123,149,138,164,135,122,130,143,93,59,59,14,11,4,2,0,1025,74,47,44,69,98,85,108,80,83,90,88,66,39,34,12,5,2,1,0,587,37,31,33,54,51,53,56,55,39,40,55,27,20,25,2,6,2,1,0
2015," 永和區"," 計",910,64,54,73,94,84,61,80,78,67,71,72,51,24,14,10,7,3,1,2,494,36,24,31,52,46,42,47,41,35,37,39,28,19,9,3,1,2,0,2,416,28,30,42,42,38,19,33,37,32,34,33,23,5,5,7,6,1,1,0
2015," 永和區"," 男",361,28,28,35,47,41,21,34,26,26,22,30,16,6,0,0,0,0,0,1,196,12,14,13,24,24,12,25,14,11,13,16,11,6,0,0,0,0,0,1,165,16,14,22,23,17,9,9,12,15,9,14,5,0,0,0,0,0,0,0
2015," 永和區"," 女",549,36,26,38,47,43,40,46,52,41,49,42,35,18,14,10,7,3,1,1,298,24,10,18,28,22,30,22,27,24,24,23,17,13,9,3,1,2,0,1,251,12,16,20,19,21,10,24,25,17,25,19,18,5,5,7,6,1,1,0
2015," 新莊區"," 計",5229,377,392,495,571,494,487,465,457,379,325,322,222,136,55,35,8,7,2,0,3621,254,259,311,369,324,346,335,322,253,224,253,167,111,44,32,8,7,2,0,1608,123,133,184,202,170,141,130,135,126,101,69,55,25,11,3,0,0,0,0
2015," 新莊區"," 男",2386,184,200,253,292,249,220,202,186,148,126,123,95,63,21,18,4,1,1,0,1691,122,129,169,184,165,147,156,148,103,96,102,74,53,19,18,4,1,1,0,695,62,71,84,108,84,73,46,38,45,30,21,21,10,2,0,0,0,0,0
2015," 新莊區"," 女",2843,193,192,242,279,245,267,263,271,231,199,199,127,73,34,17,4,6,1,0,1930,132,130,142,185,159,199,179,174,150,128,151,93,58,25,14,4,6,1,0,913,61,62,100,94,86,68,84,97,81,71,48,34,15,9,3,0,0,0,0
2015," 新店區"," 計",3377,193,213,238,329,320,259,277,277,279,243,224,210,152,85,37,29,6,6,0,2184,117,126,129,188,215,177,175,173,187,169,155,146,112,60,26,21,3,5,0,1193,76,87,109,141,105,82,102,104,92,74,69,64,40,25,11,8,3,1,0
2015," 新店區"," 男",1487,98,107,118,164,152,118,122,120,119,91,97,67,65,27,13,7,1,1,0,1011,66,65,63,94,103,80,82,84,80,69,72,54,57,22,11,7,1,1,0,476,32,42,55,70,49,38,40,36,39,22,25,13,8,5,2,0,0,0,0
2015," 新店區"," 女",1890,95,106,120,165,168,141,155,157,160,152,127,143,87,58,24,22,5,5,0,1173,51,61,66,94,112,97,93,89,107,100,83,92,55,38,15,14,2,4,0,717,44,45,54,71,56,44,62,68,53,52,44,51,32,20,9,8,3,1,0
2015," 樹林區"," 計",6317,456,452,513,657,693,541,582,550,439,447,427,309,154,65,16,7,5,4,0,5113,359,354,387,538,543,436,480,457,353,380,340,258,141,60,13,7,3,4,0,1204,97,98,126,119,150,105,102,93,86,67,87,51,13,5,3,0,2,0,0
2015," 樹林區"," 男",3080,244,227,269,338,355,285,273,252,179,190,194,138,85,36,8,3,2,2,0,2530,186,175,195,271,283,234,233,217,150,170,170,120,80,33,7,3,1,2,0,550,58,52,74,67,72,51,40,35,29,20,24,18,5,3,1,0,1,0,0
2015," 樹林區"," 女",3237,212,225,244,319,338,256,309,298,260,257,233,171,69,29,8,4,3,2,0,2583,173,179,192,267,260,202,247,240,203,210,170,138,61,27,6,4,2,2,0,654,39,46,52,52,78,54,62,58,57,47,63,33,8,2,2,0,1,0,0
2015," 鶯歌區"," 計",2878,222,228,259,323,317,248,244,211,194,183,200,124,54,32,22,11,4,2,0,1935,126,139,157,205,218,169,153,146,140,135,139,100,45,27,20,11,3,2,0,943,96,89,102,118,99,79,91,65,54,48,61,24,9,5,2,0,1,0,0
2015," 鶯歌區"," 男",1381,123,119,124,164,165,112,124,91,78,75,94,54,29,13,10,4,1,1,0,956,74,69,75,107,118,76,85,65,59,58,68,48,26,12,10,4,1,1,0,425,49,50,49,57,47,36,39,26,19,17,26,6,3,1,0,0,0,0,0
2015," 鶯歌區"," 女",1497,99,109,135,159,152,136,120,120,116,108,106,70,25,19,12,7,3,1,0,979,52,70,82,98,100,93,68,81,81,77,71,52,19,15,10,7,2,1,0,518,47,39,53,61,52,43,52,39,35,31,35,18,6,4,2,0,1,0,0
2015," 三峽區"," 計",2793,216,211,245,331,314,221,214,223,191,214,169,106,81,39,10,5,1,2,0,2116,156,148,184,244,231,170,162,170,152,164,131,84,67,38,9,4,1,1,0,677,60,63,61,87,83,51,52,53,39,50,38,22,14,1,1,1,0,1,0
2015," 三峽區"," 男",1374,125,103,132,178,152,103,109,104,87,85,74,52,39,23,5,3,0,0,0,1090,95,76,97,131,113,85,88,87,73,74,63,44,33,23,5,3,0,0,0,284,30,27,35,47,39,18,21,17,14,11,11,8,6,0,0,0,0,0,0
2015," 三峽區"," 女",1419,91,108,113,153,162,118,105,119,104,129,95,54,42,16,5,2,1,2,0,1026,61,72,87,113,118,85,74,83,79,90,68,40,34,15,4,1,1,1,0,393,30,36,26,40,44,33,31,36,25,39,27,14,8,1,1,1,0,1,0
2015," 淡水區"," 計",1770,135,123,144,195,178,136,147,165,121,142,114,66,58,26,13,4,2,1,0,1047,81,68,76,111,94,69,103,100,72,81,66,51,43,21,7,2,1,1,0,723,54,55,68,84,84,67,44,65,49,61,48,15,15,5,6,2,1,0,0
2015," 淡水區"," 男",790,70,62,68,94,88,63,78,71,41,44,43,21,26,12,6,2,0,1,0,474,40,31,37,58,44,29,58,46,24,30,24,16,18,11,5,2,0,1,0,316,30,31,31,36,44,34,20,25,17,14,19,5,8,1,1,0,0,0,0
2015," 淡水區"," 女",980,65,61,76,101,90,73,69,94,80,98,71,45,32,14,7,2,2,0,0,573,41,37,39,53,50,40,45,54,48,51,42,35,25,10,2,0,1,0,0,407,24,24,37,48,40,33,24,40,32,47,29,10,7,4,5,2,1,0,0
2015," 汐止區"," 計",4430,238,235,313,381,447,365,379,386,390,337,319,241,160,110,81,32,12,3,1,3755,195,193,243,312,368,316,322,332,334,292,276,213,142,100,75,28,10,3,1,675,43,42,70,69,79,49,57,54,56,45,43,28,18,10,6,4,2,0,0
2015," 汐止區"," 男",2122,108,127,154,196,238,177,203,160,180,145,140,101,76,50,40,20,6,1,0,1843,85,102,119,161,204,159,181,139,160,132,126,91,68,49,40,20,6,1,0,279,23,25,35,35,34,18,22,21,20,13,14,10,8,1,0,0,0,0,0
2015," 汐止區"," 女",2308,130,108,159,185,209,188,176,226,210,192,179,140,84,60,41,12,6,2,1,1912,110,91,124,151,164,157,141,193,174,160,150,122,74,51,35,8,4,2,1,396,20,17,35,34,45,31,35,33,36,32,29,18,10,9,6,4,2,0,0
2015," 瑞芳區"," 計",1255,83,68,92,102,107,98,102,107,91,79,72,102,82,32,15,15,6,2,0,1164,71,55,85,89,99,92,94,98,88,69,71,101,82,32,15,15,6,2,0,91,12,13,7,13,8,6,8,9,3,10,1,1,0,0,0,0,0,0,0
2015," 瑞芳區"," 男",652,41,39,48,52,54,56,54,65,40,43,38,41,41,20,6,10,3,1,0,614,37,30,46,47,50,55,51,60,38,41,37,41,41,20,6,10,3,1,0,38,4,9,2,5,4,1,3,5,2,2,1,0,0,0,0,0,0,0,0
2015," 瑞芳區"," 女",603,42,29,44,50,53,42,48,42,51,36,34,61,41,12,9,5,3,1,0,550,34,25,39,42,49,37,43,38,50,28,34,60,41,12,9,5,3,1,0,53,8,4,5,8,4,5,5,4,1,8,0,1,0,0,0,0,0,0,0
2015," 土城區"," 計",4230,274,271,260,411,433,383,401,330,300,277,291,281,182,75,29,20,5,4,3,3349,218,197,192,315,327,299,322,270,233,223,245,236,155,63,25,18,4,4,3,881,56,74,68,96,106,84,79,60,67,54,46,45,27,12,4,2,1,0,0
2015," 土城區"," 男",2041,143,153,138,202,206,192,209,164,136,107,121,116,88,41,14,7,1,2,1,1656,117,110,103,155,154,152,170,142,109,92,105,103,83,37,13,7,1,2,1,385,26,43,35,47,52,40,39,22,27,15,16,13,5,4,1,0,0,0,0
2015," 土城區"," 女",2189,131,118,122,209,227,191,192,166,164,170,170,165,94,34,15,13,4,2,2,1693,101,87,89,160,173,147,152,128,124,131,140,133,72,26,12,11,3,2,2,496,30,31,33,49,54,44,40,38,40,39,30,32,22,8,3,2,1,0,0
2015," 蘆洲區"," 計",2077,130,152,142,231,243,182,184,166,146,161,138,105,58,23,5,9,1,0,1,1547,95,112,99,173,180,131,123,136,104,122,114,79,47,19,5,8,0,0,0,530,35,40,43,58,63,51,61,30,42,39,24,26,11,4,0,1,1,0,1
2015," 蘆洲區"," 男",970,59,70,75,116,137,84,88,73,58,61,59,41,33,8,2,5,0,0,1,732,42,50,51,81,105,64,60,64,40,46,53,33,28,8,2,5,0,0,0,238,17,20,24,35,32,20,28,9,18,15,6,8,5,0,0,0,0,0,1
2015," 蘆洲區"," 女",1107,71,82,67,115,106,98,96,93,88,100,79,64,25,15,3,4,1,0,0,815,53,62,48,92,75,67,63,72,64,76,61,46,19,11,3,3,0,0,0,292,18,20,19,23,31,31,33,21,24,24,18,18,6,4,0,1,1,0,0
2015," 五股區"," 計",1779,114,142,154,212,218,133,128,142,116,136,125,72,41,26,16,4,0,0,0,1139,74,78,84,119,145,95,84,96,70,95,88,52,32,15,10,2,0,0,0,640,40,64,70,93,73,38,44,46,46,41,37,20,9,11,6,2,0,0,0
2015," 五股區"," 男",818,53,70,73,100,118,58,61,63,52,53,64,25,14,8,5,1,0,0,0,540,32,36,42,54,78,43,37,49,34,38,48,24,13,6,5,1,0,0,0,278,21,34,31,46,40,15,24,14,18,15,16,1,1,2,0,0,0,0,0
2015," 五股區"," 女",961,61,72,81,112,100,75,67,79,64,83,61,47,27,18,11,3,0,0,0,599,42,42,42,65,67,52,47,47,36,57,40,28,19,9,5,1,0,0,0,362,19,30,39,47,33,23,20,32,28,26,21,19,8,9,6,2,0,0,0
2015," 泰山區"," 計",1290,103,100,126,152,141,89,110,110,100,94,68,52,21,16,5,1,1,1,0,880,73,64,80,101,94,61,79,75,67,68,47,43,12,10,4,0,1,1,0,410,30,36,46,51,47,28,31,35,33,26,21,9,9,6,1,1,0,0,0
2015," 泰山區"," 男",594,53,53,60,76,66,47,50,46,35,40,22,23,8,12,2,0,1,0,0,414,35,28,38,54,38,35,39,33,26,34,16,20,6,9,2,0,1,0,0,180,18,25,22,22,28,12,11,13,9,6,6,3,2,3,0,0,0,0,0
2015," 泰山區"," 女",696,50,47,66,76,75,42,60,64,65,54,46,29,13,4,3,1,0,1,0,466,38,36,42,47,56,26,40,42,41,34,31,23,6,1,2,0,0,1,0,230,12,11,24,29,19,16,20,22,24,20,15,6,7,3,1,1,0,0,0
2015," 林口區"," 計",1837,130,191,195,211,155,116,144,153,130,136,109,77,38,27,9,10,3,2,1,1381,94,145,136,152,117,89,104,119,96,105,79,70,31,22,8,8,3,2,1,456,36,46,59,59,38,27,40,34,34,31,30,7,7,5,1,2,0,0,0
2015," 林口區"," 男",832,66,108,96,90,65,55,50,49,45,75,52,33,19,16,4,6,1,1,1,652,46,90,74,64,50,43,36,39,34,60,39,33,17,14,4,6,1,1,1,180,20,18,22,26,15,12,14,10,11,15,13,0,2,2,0,0,0,0,0
2015," 林口區"," 女",1005,64,83,99,121,90,61,94,104,85,61,57,44,19,11,5,4,2,1,0,729,48,55,62,88,67,46,68,80,62,45,40,37,14,8,4,2,2,1,0,276,16,28,37,33,23,15,26,24,23,16,17,7,5,3,1,2,0,0,0
2015," 深坑區"," 計",222,14,5,17,19,36,19,23,17,14,18,10,14,9,5,1,1,0,0,0,155,8,4,12,12,22,15,19,14,7,11,7,12,7,3,1,1,0,0,0,67,6,1,5,7,14,4,4,3,7,7,3,2,2,2,0,0,0,0,0
2015," 深坑區"," 男",105,10,3,8,13,19,14,12,5,3,6,4,3,3,1,0,1,0,0,0,68,4,2,3,7,12,12,10,4,1,4,2,2,3,1,0,1,0,0,0,37,6,1,5,6,7,2,2,1,2,2,2,1,0,0,0,0,0,0,0
2015," 深坑區"," 女",117,4,2,9,6,17,5,11,12,11,12,6,11,6,4,1,0,0,0,0,87,4,2,9,5,10,3,9,10,6,7,5,10,4,2,1,0,0,0,0,30,0,0,0,1,7,2,2,2,5,5,1,1,2,2,0,0,0,0,0
2015," 石碇區"," 計",35,3,2,0,5,3,6,6,3,2,1,2,0,1,1,0,0,0,0,0,16,0,1,0,2,0,3,4,2,1,0,2,0,1,0,0,0,0,0,0,19,3,1,0,3,3,3,2,1,1,1,0,0,0,1,0,0,0,0,0
2015," 石碇區"," 男",10,3,1,0,2,1,1,0,0,1,0,0,0,1,0,0,0,0,0,0,2,0,0,0,1,0,0,0,0,0,0,0,0,1,0,0,0,0,0,0,8,3,1,0,1,1,1,0,0,1,0,0,0,0,0,0,0,0,0,0
2015," 石碇區"," 女",25,0,1,0,3,2,5,6,3,1,1,2,0,0,1,0,0,0,0,0,14,0,1,0,1,0,3,4,2,1,0,2,0,0,0,0,0,0,0,0,11,0,0,0,2,2,2,2,1,0,1,0,0,0,1,0,0,0,0,0
2015," 坪林區"," 計",18,6,1,2,2,1,1,2,1,1,0,1,0,0,0,0,0,0,0,0,6,2,0,1,1,1,0,0,0,0,0,1,0,0,0,0,0,0,0,0,12,4,1,1,1,0,1,2,1,1,0,0,0,0,0,0,0,0,0,0
2015," 坪林區"," 男",6,2,1,1,0,0,0,1,0,1,0,0,0,0,0,0,0,0,0,0,2,2,0,0,0,0,0,0,0,0,0,0,0,0,0,0,0,0,0,0,4,0,1,1,0,0,0,1,0,1,0,0,0,0,0,0,0,0,0,0
2015," 坪林區"," 女",12,4,0,1,2,1,1,1,1,0,0,1,0,0,0,0,0,0,0,0,4,0,0,1,1,1,0,0,0,0,0,1,0,0,0,0,0,0,0,0,8,4,0,0,1,0,1,1,1,0,0,0,0,0,0,0,0,0,0,0
2015," 三芝區"," 計",318,18,28,17,21,39,49,34,16,13,22,30,22,6,1,1,1,0,0,0,236,12,15,12,18,30,35,25,12,11,16,23,20,5,1,0,1,0,0,0,82,6,13,5,3,9,14,9,4,2,6,7,2,1,0,1,0,0,0,0
2015," 三芝區"," 男",151,12,13,8,12,20,24,20,6,5,3,15,9,3,1,0,0,0,0,0,111,8,6,8,10,15,15,15,5,4,3,10,8,3,1,0,0,0,0,0,40,4,7,0,2,5,9,5,1,1,0,5,1,0,0,0,0,0,0,0
2015," 三芝區"," 女",167,6,15,9,9,19,25,14,10,8,19,15,13,3,0,1,1,0,0,0,125,4,9,4,8,15,20,10,7,7,13,13,12,2,0,0,1,0,0,0,42,2,6,5,1,4,5,4,3,1,6,2,1,1,0,1,0,0,0,0
2015," 石門區"," 計",52,2,2,2,7,6,3,5,2,4,6,6,6,0,1,0,0,0,0,0,24,0,1,1,3,2,1,4,2,2,1,2,5,0,0,0,0,0,0,0,28,2,1,1,4,4,2,1,0,2,5,4,1,0,1,0,0,0,0,0
2015," 石門區"," 男",15,1,0,1,4,1,1,1,0,0,1,2,3,0,0,0,0,0,0,0,10,0,0,0,3,1,1,1,0,0,0,1,3,0,0,0,0,0,0,0,5,1,0,1,1,0,0,0,0,0,1,1,0,0,0,0,0,0,0,0
2015," 石門區"," 女",37,1,2,1,3,5,2,4,2,4,5,4,3,0,1,0,0,0,0,0,14,0,1,1,0,1,0,3,2,2,1,1,2,0,0,0,0,0,0,0,23,1,1,0,3,4,2,1,0,2,4,3,1,0,1,0,0,0,0,0
2015," 八里區"," 計",828,59,57,75,72,99,70,75,56,52,62,69,41,29,8,2,1,1,0,0,581,35,39,52,44,67,53,56,36,41,45,51,27,26,7,1,0,1,0,0,247,24,18,23,28,32,17,19,20,11,17,18,14,3,1,1,1,0,0,0
2015," 八里區"," 男",402,34,28,33,33,53,34,39,25,26,26,31,20,15,5,0,0,0,0,0,286,21,20,25,19,33,28,27,16,20,19,26,14,14,4,0,0,0,0,0,116,13,8,8,14,20,6,12,9,6,7,5,6,1,1,0,0,0,0,0
2015," 八里區"," 女",426,25,29,42,39,46,36,36,31,26,36,38,21,14,3,2,1,1,0,0,295,14,19,27,25,34,25,29,20,21,26,25,13,12,3,1,0,1,0,0,131,11,10,15,14,12,11,7,11,5,10,13,8,2,0,1,1,0,0,0
2015," 平溪區"," 計",25,0,0,2,4,2,1,2,1,5,2,2,0,1,1,2,0,0,0,0,19,0,0,1,1,1,1,2,1,4,2,2,0,1,1,2,0,0,0,0,6,0,0,1,3,1,0,0,0,1,0,0,0,0,0,0,0,0,0,0
2015," 平溪區"," 男",6,0,0,1,0,1,0,0,0,1,1,1,0,0,0,1,0,0,0,0,4,0,0,0,0,0,0,0,0,1,1,1,0,0,0,1,0,0,0,0,2,0,0,1,0,1,0,0,0,0,0,0,0,0,0,0,0,0,0,0
2015," 平溪區"," 女",19,0,0,1,4,1,1,2,1,4,1,1,0,1,1,1,0,0,0,0,15,0,0,1,1,1,1,2,1,3,1,1,0,1,1,1,0,0,0,0,4,0,0,0,3,0,0,0,0,1,0,0,0,0,0,0,0,0,0,0
2015," 雙溪區"," 計",14,0,2,0,0,1,1,3,1,1,1,2,2,0,0,0,0,0,0,0,10,0,0,0,0,1,1,3,1,0,1,1,2,0,0,0,0,0,0,0,4,0,2,0,0,0,0,0,0,1,0,1,0,0,0,0,0,0,0,0
2015," 雙溪區"," 男",5,0,0,0,0,1,0,0,1,0,0,2,1,0,0,0,0,0,0,0,4,0,0,0,0,1,0,0,1,0,0,1,1,0,0,0,0,0,0,0,1,0,0,0,0,0,0,0,0,0,0,1,0,0,0,0,0,0,0,0
2015," 雙溪區"," 女",9,0,2,0,0,0,1,3,0,1,1,0,1,0,0,0,0,0,0,0,6,0,0,0,0,0,1,3,0,0,1,0,1,0,0,0,0,0,0,0,3,0,2,0,0,0,0,0,0,1,0,0,0,0,0,0,0,0,0,0
2015," 貢寮區"," 計",77,5,2,5,12,8,5,12,2,9,5,7,3,2,0,0,0,0,0,0,44,1,2,3,11,3,3,4,2,7,2,2,2,2,0,0,0,0,0,0,33,4,0,2,1,5,2,8,0,2,3,5,1,0,0,0,0,0,0,0
2015," 貢寮區"," 男",26,1,1,2,5,3,2,5,0,1,2,2,1,1,0,0,0,0,0,0,15,0,1,1,4,2,1,1,0,1,1,1,1,1,0,0,0,0,0,0,11,1,0,1,1,1,1,4,0,0,1,1,0,0,0,0,0,0,0,0
2015," 貢寮區"," 女",51,4,1,3,7,5,3,7,2,8,3,5,2,1,0,0,0,0,0,0,29,1,1,2,7,1,2,3,2,6,1,1,1,1,0,0,0,0,0,0,22,3,0,1,0,4,1,4,0,2,2,4,1,0,0,0,0,0,0,0
2015," 金山區"," 計",110,10,6,3,9,19,14,13,7,7,8,8,3,2,0,0,1,0,0,0,67,6,3,3,5,10,6,11,6,5,3,4,2,2,0,0,1,0,0,0,43,4,3,0,4,9,8,2,1,2,5,4,1,0,0,0,0,0,0,0
2015," 金山區"," 男",44,5,1,2,6,8,5,7,0,3,2,4,0,1,0,0,0,0,0,0,26,2,0,2,3,4,2,5,0,3,1,3,0,1,0,0,0,0,0,0,18,3,1,0,3,4,3,2,0,0,1,1,0,0,0,0,0,0,0,0
2015," 金山區"," 女",66,5,5,1,3,11,9,6,7,4,6,4,3,1,0,0,1,0,0,0,41,4,3,1,2,6,4,6,6,2,2,1,2,1,0,0,1,0,0,0,25,1,2,0,1,5,5,0,1,2,4,3,1,0,0,0,0,0,0,0
2015," 萬里區"," 計",307,26,12,9,29,42,39,22,23,20,23,22,19,8,6,1,5,1,0,0,254,23,10,7,21,33,34,19,20,10,20,20,18,7,6,1,4,1,0,0,53,3,2,2,8,9,5,3,3,10,3,2,1,1,0,0,1,0,0,0
2015," 萬里區"," 男",146,18,6,4,18,22,15,7,8,12,8,9,11,4,2,0,2,0,0,0,130,15,5,3,16,18,15,7,8,7,8,9,11,4,2,0,2,0,0,0,16,3,1,1,2,4,0,0,0,5,0,0,0,0,0,0,0,0,0,0
2015," 萬里區"," 女",161,8,6,5,11,20,24,15,15,8,15,13,8,4,4,1,3,1,0,0,124,8,5,4,5,15,19,12,12,3,12,11,7,3,4,1,2,1,0,0,37,0,1,1,6,5,5,3,3,5,3,2,1,1,0,0,1,0,0,0
2015," 烏來區"," 計",2792,207,171,203,237,257,230,232,211,191,189,182,162,141,75,47,32,22,3,0,146,7,8,13,12,10,9,12,15,7,15,12,10,13,1,2,0,0,0,0,2646,200,163,190,225,247,221,220,196,184,174,170,152,128,74,45,32,22,3,0
2015," 烏來區"," 男",1380,109,87,110,129,126,132,122,104,84,82,86,79,56,30,20,14,9,1,0,58,3,4,8,5,5,4,8,2,2,3,2,4,6,0,2,0,0,0,0,1322,106,83,102,124,121,128,114,102,82,79,84,75,50,30,18,14,9,1,0
2015," 烏來區"," 女",1412,98,84,93,108,131,98,110,107,107,107,96,83,85,45,27,18,13,2,0,88,4,4,5,7,5,5,4,13,5,12,10,6,7,1,0,0,0,0,0,1324,94,80,88,101,126,93,106,94,102,95,86,77,78,44,27,18,13,2,0
2016," 新北市"," 計",54882,3875,3736,4068,5327,5788,4822,4554,4625,3998,3861,3592,2867,1923,986,427,275,104,41,13,37861,2545,2459,2585,3496,3954,3310,3194,3280,2801,2737,2589,2117,1451,736,314,189,62,31,11,17021,1330,1277,1483,1831,1834,1512,1360,1345,1197,1124,1003,750,472,250,113,86,42,10,2
2016," 新北市"," 男",25541,2005,1939,2074,2696,2880,2324,2156,2036,1662,1523,1475,1152,855,416,189,107,29,16,7,18083,1312,1265,1330,1758,1989,1622,1549,1543,1196,1144,1132,910,695,349,158,90,21,14,6,7458,693,674,744,938,891,702,607,493,466,379,343,242,160,67,31,17,8,2,1
2016," 新北市"," 女",29341,1870,1797,1994,2631,2908,2498,2398,2589,2336,2338,2117,1715,1068,570,238,168,75,25,6,19778,1233,1194,1255,1738,1965,1688,1645,1737,1605,1593,1457,1207,756,387,156,99,41,17,5,9563,637,603,739,893,943,810,753,852,731,745,660,508,312,183,82,69,34,8,1
2016," 板橋區"," 計",4178,282,309,289,407,471,372,354,391,303,285,251,201,137,67,28,23,5,2,1,2935,188,200,195,280,341,250,251,280,216,212,184,140,100,54,22,17,4,1,0,1243,94,109,94,127,130,122,103,111,87,73,67,61,37,13,6,6,1,1,1
2016," 板橋區"," 男",1816,146,162,141,192,235,163,141,159,125,101,86,66,55,22,11,9,2,0,0,1311,92,107,93,138,173,113,98,118,95,76,73,53,40,22,10,8,2,0,0,505,54,55,48,54,62,50,43,41,30,25,13,13,15,0,1,1,0,0,0
2016," 板橋區"," 女",2362,136,147,148,215,236,209,213,232,178,184,165,135,82,45,17,14,3,2,1,1624,96,93,102,142,168,137,153,162,121,136,111,87,60,32,12,9,2,1,0,738,40,54,46,73,68,72,60,70,57,48,54,48,22,13,5,5,1,1,1
2016," 三重區"," 計",2291,173,162,177,277,259,204,200,181,175,159,134,101,48,24,9,5,2,1,0,1447,111,111,100,145,145,147,126,118,114,101,94,69,33,20,7,4,1,1,0,844,62,51,77,132,114,57,74,63,61,58,40,32,15,4,2,1,1,0,0
2016," 三重區"," 男",1029,93,80,110,166,130,94,84,55,55,51,39,38,19,7,4,2,1,1,0,661,57,55,65,86,76,72,52,42,38,37,26,28,13,7,3,2,1,1,0,368,36,25,45,80,54,22,32,13,17,14,13,10,6,0,1,0,0,0,0
2016," 三重區"," 女",1262,80,82,67,111,129,110,116,126,120,108,95,63,29,17,5,3,1,0,0,786,54,56,35,59,69,75,74,76,76,64,68,41,20,13,4,2,0,0,0,476,26,26,32,52,60,35,42,50,44,44,27,22,9,4,1,1,1,0,0
2016," 中和區"," 計",2889,238,175,192,221,259,282,279,259,199,179,202,155,122,80,21,18,5,2,1,1821,135,105,104,130,161,166,185,172,137,121,131,98,93,51,16,12,2,1,1,1068,103,70,88,91,98,116,94,87,62,58,71,57,29,29,5,6,3,1,0
2016," 中和區"," 男",1238,117,98,105,108,118,125,119,113,79,60,58,55,50,21,7,3,1,1,0,780,62,57,57,62,72,73,80,84,52,39,34,39,41,16,7,3,1,1,0,458,55,41,48,46,46,52,39,29,27,21,24,16,9,5,0,0,0,0,0
2016," 中和區"," 女",1651,121,77,87,113,141,157,160,146,120,119,144,100,72,59,14,15,4,1,1,1041,73,48,47,68,89,93,105,88,85,82,97,59,52,35,9,9,1,0,1,610,48,29,40,45,52,64,55,58,35,37,47,41,20,24,5,6,3,1,0
2016," 永和區"," 計",946,67,70,70,92,80,75,71,82,68,76,62,59,30,17,8,12,4,1,2,518,39,36,31,45,44,49,44,46,39,36,33,35,19,11,2,5,2,0,2,428,28,34,39,47,36,26,27,36,29,40,29,24,11,6,6,7,2,1,0
2016," 永和區"," 男",373,29,38,27,47,33,33,32,32,21,26,25,19,8,1,0,1,0,0,1,206,14,20,11,21,18,21,23,17,11,13,16,12,6,1,0,1,0,0,1,167,15,18,16,26,15,12,9,15,10,13,9,7,2,0,0,0,0,0,0
2016," 永和區"," 女",573,38,32,43,45,47,42,39,50,47,50,37,40,22,16,8,11,4,1,1,312,25,16,20,24,26,28,21,29,28,23,17,23,13,10,2,4,2,0,1,261,13,16,23,21,21,14,18,21,19,27,20,17,9,6,6,7,2,1,0
2016," 新莊區"," 計",5271,384,372,468,562,513,489,464,464,383,343,318,233,153,66,38,13,7,1,0,3668,254,259,300,363,345,338,338,332,251,232,249,173,128,53,32,13,7,1,0,1603,130,113,168,199,168,151,126,132,132,111,69,60,25,13,6,0,0,0,0
2016," 新莊區"," 男",2414,201,181,237,288,262,212,209,194,148,136,120,99,74,26,19,7,1,0,0,1713,129,125,162,180,173,144,159,149,104,98,102,74,65,23,18,7,1,0,0,701,72,56,75,108,89,68,50,45,44,38,18,25,9,3,1,0,0,0,0
2016," 新莊區"," 女",2857,183,191,231,274,251,277,255,270,235,207,198,134,79,40,19,6,6,1,0,1955,125,134,138,183,172,194,179,183,147,134,147,99,63,30,14,6,6,1,0,902,58,57,93,91,79,83,76,87,88,73,51,35,16,10,5,0,0,0,0
2016," 新店區"," 計",3454,208,202,226,319,346,276,258,305,275,254,234,206,165,87,43,32,11,7,0,2279,128,124,136,188,227,190,169,198,182,170,176,141,119,68,29,22,7,5,0,1175,80,78,90,131,119,86,89,107,93,84,58,65,46,19,14,10,4,2,0
2016," 新店區"," 男",1520,105,99,106,154,167,130,118,131,125,96,101,62,68,29,15,10,2,2,0,1058,73,60,65,94,107,89,80,96,84,69,81,50,60,25,13,9,2,1,0,462,32,39,41,60,60,41,38,35,41,27,20,12,8,4,2,1,0,1,0
2016," 新店區"," 女",1934,103,103,120,165,179,146,140,174,150,158,133,144,97,58,28,22,9,5,0,1221,55,64,71,94,120,101,89,102,98,101,95,91,59,43,16,13,5,4,0,713,48,39,49,71,59,45,51,72,52,57,38,53,38,15,12,9,4,1,0
2016," 樹林區"," 計",6380,475,445,471,628,708,574,545,556,455,449,452,319,175,82,26,8,6,6,0,5155,377,352,345,513,562,457,447,464,373,371,361,269,152,72,23,7,5,5,0,1225,98,93,126,115,146,117,98,92,82,78,91,50,23,10,3,1,1,1,0
2016," 樹林區"," 男",3111,245,223,253,326,361,302,256,263,187,195,203,140,88,48,12,4,1,4,0,2560,196,171,177,263,292,247,213,228,161,168,177,125,80,43,12,3,1,3,0,551,49,52,76,63,69,55,43,35,26,27,26,15,8,5,0,1,0,1,0
2016," 樹林區"," 女",3269,230,222,218,302,347,272,289,293,268,254,249,179,87,34,14,4,5,2,0,2595,181,181,168,250,270,210,234,236,212,203,184,144,72,29,11,4,4,2,0,674,49,41,50,52,77,62,55,57,56,51,65,35,15,5,3,0,1,0,0
2016," 鶯歌區"," 計",2895,205,228,249,319,318,262,228,223,198,189,187,150,67,35,21,11,3,2,0,1955,120,141,150,195,226,180,146,147,145,137,132,120,54,29,19,10,2,2,0,940,85,87,99,124,92,82,82,76,53,52,55,30,13,6,2,1,1,0,0
2016," 鶯歌區"," 男",1383,112,119,113,158,168,122,123,101,80,79,71,75,31,16,9,4,1,1,0,954,67,74,66,96,126,85,81,69,58,60,53,63,27,15,8,4,1,1,0,429,45,45,47,62,42,37,42,32,22,19,18,12,4,1,1,0,0,0,0
2016," 鶯歌區"," 女",1512,93,109,136,161,150,140,105,122,118,110,116,75,36,19,12,7,2,1,0,1001,53,67,84,99,100,95,65,78,87,77,79,57,27,14,11,6,1,1,0,511,40,42,52,62,50,45,40,44,31,33,37,18,9,5,1,1,1,0,0
2016," 三峽區"," 計",2871,219,240,222,301,329,251,222,213,205,213,185,119,92,40,11,6,2,0,1,2174,162,170,164,219,250,186,167,158,169,165,139,92,76,39,10,6,1,0,1,697,57,70,58,82,79,65,55,55,36,48,46,27,16,1,1,0,1,0,0
2016," 三峽區"," 男",1410,125,122,123,152,166,126,106,97,105,79,81,51,46,21,6,3,0,0,1,1121,97,90,90,109,123,103,85,84,87,69,71,43,39,21,6,3,0,0,1,289,28,32,33,43,43,23,21,13,18,10,10,8,7,0,0,0,0,0,0
2016," 三峽區"," 女",1461,94,118,99,149,163,125,116,116,100,134,104,68,46,19,5,3,2,0,0,1053,65,80,74,110,127,83,82,74,82,96,68,49,37,18,4,3,1,0,0,408,29,38,25,39,36,42,34,42,18,38,36,19,9,1,1,0,1,0,0
2016," 淡水區"," 計",1835,135,131,127,201,181,159,142,172,131,146,112,77,70,31,12,4,3,0,1,1099,77,74,67,117,103,82,95,115,74,86,65,56,52,26,5,2,2,0,1,736,58,57,60,84,78,77,47,57,57,60,47,21,18,5,7,2,1,0,0
2016," 淡水區"," 男",834,68,71,61,99,87,80,68,79,52,46,45,26,30,12,6,2,1,0,1,507,38,38,32,62,48,37,48,60,27,31,29,17,21,11,4,2,1,0,1,327,30,33,29,37,39,43,20,19,25,15,16,9,9,1,2,0,0,0,0
2016," 淡水區"," 女",1001,67,60,66,102,94,79,74,93,79,100,67,51,40,19,6,2,2,0,0,592,39,36,35,55,55,45,47,55,47,55,36,39,31,15,1,0,1,0,0,409,28,24,31,47,39,34,27,38,32,45,31,12,9,4,5,2,1,0,0
2016," 汐止區"," 計",4502,266,234,305,379,457,375,363,373,391,367,297,270,167,121,72,47,11,6,1,3800,216,192,236,313,369,327,301,320,331,323,255,238,146,109,70,39,9,5,1,702,50,42,69,66,88,48,62,53,60,44,42,32,21,12,2,8,2,1,0
2016," 汐止區"," 男",2164,135,126,153,190,239,191,182,170,179,159,132,113,79,49,37,24,3,3,0,1877,108,102,117,160,200,170,159,151,157,148,118,103,70,47,37,24,3,3,0,287,27,24,36,30,39,21,23,19,22,11,14,10,9,2,0,0,0,0,0
2016," 汐止區"," 女",2338,131,108,152,189,218,184,181,203,212,208,165,157,88,72,35,23,8,3,1,1923,108,90,119,153,169,157,142,169,174,175,137,135,76,62,33,15,6,2,1,415,23,18,33,36,49,27,39,34,38,33,28,22,12,10,2,8,2,1,0
2016," 瑞芳區"," 計",1231,86,61,88,92,113,89,94,116,88,77,74,87,92,38,17,12,6,1,0,1145,76,50,80,81,103,83,89,109,85,65,74,85,91,38,17,12,6,1,0,86,10,11,8,11,10,6,5,7,3,12,0,2,1,0,0,0,0,0,0
2016," 瑞芳區"," 男",642,44,34,49,50,55,49,49,70,42,37,41,36,40,27,7,7,5,0,0,605,39,27,46,45,49,48,47,68,40,34,41,36,39,27,7,7,5,0,0,37,5,7,3,5,6,1,2,2,2,3,0,0,1,0,0,0,0,0,0
2016," 瑞芳區"," 女",589,42,27,39,42,58,40,45,46,46,40,33,51,52,11,10,5,1,1,0,540,37,23,34,36,54,35,42,41,45,31,33,49,52,11,10,5,1,1,0,49,5,4,5,6,4,5,3,5,1,9,0,2,0,0,0,0,0,0,0
2016," 土城區"," 計",4206,264,261,243,387,448,380,373,354,293,282,295,278,187,94,32,20,8,3,4,3299,205,188,175,292,345,288,296,282,234,220,244,231,160,79,28,18,7,3,4,907,59,73,68,95,103,92,77,72,59,62,51,47,27,15,4,2,1,0,0
2016," 土城區"," 男",2021,133,151,124,195,204,189,206,173,139,108,118,113,87,54,16,6,2,1,2,1628,109,106,94,147,153,144,170,146,113,88,101,99,83,49,15,6,2,1,2,393,24,45,30,48,51,45,36,27,26,20,17,14,4,5,1,0,0,0,0
2016," 土城區"," 女",2185,131,110,119,192,244,191,167,181,154,174,177,165,100,40,16,14,6,2,2,1671,96,82,81,145,192,144,126,136,121,132,143,132,77,30,13,12,5,2,2,514,35,28,38,47,52,47,41,45,33,42,34,33,23,10,3,2,1,0,0
2016," 蘆洲區"," 計",2088,124,160,130,226,242,205,161,175,153,146,141,116,66,27,7,4,3,1,1,1538,86,113,93,162,182,143,109,137,109,115,111,89,54,23,6,4,2,0,0,550,38,47,37,64,60,62,52,38,44,31,30,27,12,4,1,0,1,1,1
2016," 蘆洲區"," 男",965,55,71,67,113,136,90,77,78,63,57,60,46,34,10,3,3,1,0,1,718,36,50,49,75,102,68,54,63,43,46,47,39,30,9,3,3,1,0,0,247,19,21,18,38,34,22,23,15,20,11,13,7,4,1,0,0,0,0,1
2016," 蘆洲區"," 女",1123,69,89,63,113,106,115,84,97,90,89,81,70,32,17,4,1,2,1,0,820,50,63,44,87,80,75,55,74,66,69,64,50,24,14,3,1,1,0,0,303,19,26,19,26,26,40,29,23,24,20,17,20,8,3,1,0,1,1,0
2016," 五股區"," 計",1836,126,135,164,179,230,161,134,143,126,131,127,81,56,22,14,7,0,0,0,1189,89,71,91,102,147,114,92,94,84,90,93,54,41,15,8,4,0,0,0,647,37,64,73,77,83,47,42,49,42,41,34,27,15,7,6,3,0,0,0
2016," 五股區"," 男",846,65,69,82,80,125,74,63,61,58,46,61,32,17,5,7,1,0,0,0,571,47,34,48,45,79,55,40,47,42,32,48,27,15,5,6,1,0,0,0,275,18,35,34,35,46,19,23,14,16,14,13,5,2,0,1,0,0,0,0
2016," 五股區"," 女",990,61,66,82,99,105,87,71,82,68,85,66,49,39,17,7,6,0,0,0,618,42,37,43,57,68,59,52,47,42,58,45,27,26,10,2,3,0,0,0,372,19,29,39,42,37,28,19,35,26,27,21,22,13,7,5,3,0,0,0
2016," 泰山區"," 計",1295,99,99,123,145,149,87,116,103,96,98,71,50,33,15,6,2,1,2,0,870,72,65,75,91,95,59,83,73,59,71,49,42,20,9,4,1,0,2,0,425,27,34,48,54,54,28,33,30,37,27,22,8,13,6,2,1,1,0,0
2016," 泰山區"," 男",613,52,52,64,79,71,48,51,47,31,45,25,21,13,10,3,0,0,1,0,422,36,29,38,51,41,34,40,34,21,39,18,18,11,8,3,0,0,1,0,191,16,23,26,28,30,14,11,13,10,6,7,3,2,2,0,0,0,0,0
2016," 泰山區"," 女",682,47,47,59,66,78,39,65,56,65,53,46,29,20,5,3,2,1,1,0,448,36,36,37,40,54,25,43,39,38,32,31,24,9,1,1,1,0,1,0,234,11,11,22,26,24,14,22,17,27,21,15,5,11,4,2,1,1,0,0
2016," 林口區"," 計",1860,139,175,192,208,170,129,115,165,134,136,110,89,47,23,10,9,4,4,1,1388,101,127,139,146,129,99,82,121,95,111,85,73,38,19,8,7,3,4,1,472,38,48,53,62,41,30,33,44,39,25,25,16,9,4,2,2,1,0,0
2016," 林口區"," 男",840,68,99,98,91,75,61,43,55,38,67,57,39,22,15,4,5,0,2,1,659,51,75,76,67,57,50,31,43,26,57,48,34,20,13,3,5,0,2,1,181,17,24,22,24,18,11,12,12,12,10,9,5,2,2,1,0,0,0,0
2016," 林口區"," 女",1020,71,76,94,117,95,68,72,110,96,69,53,50,25,8,6,4,4,2,0,729,50,52,63,79,72,49,51,78,69,54,37,39,18,6,5,2,3,2,0,291,21,24,31,38,23,19,21,32,27,15,16,11,7,2,1,2,1,0,0
2016," 深坑區"," 計",225,9,12,12,21,35,20,23,19,11,22,12,11,12,4,2,0,0,0,0,160,8,9,6,14,20,16,19,17,6,13,8,9,10,3,2,0,0,0,0,65,1,3,6,7,15,4,4,2,5,9,4,2,2,1,0,0,0,0,0
2016," 深坑區"," 男",104,4,8,7,14,18,13,13,8,1,7,5,2,3,0,1,0,0,0,0,69,3,5,1,8,11,11,11,7,1,4,2,1,3,0,1,0,0,0,0,35,1,3,6,6,7,2,2,1,0,3,3,1,0,0,0,0,0,0,0
2016," 深坑區"," 女",121,5,4,5,7,17,7,10,11,10,15,7,9,9,4,1,0,0,0,0,91,5,4,5,6,9,5,8,10,5,9,6,8,7,3,1,0,0,0,0,30,0,0,0,1,8,2,2,1,5,6,1,1,2,1,0,0,0,0,0
2016," 石碇區"," 計",34,6,2,0,6,3,2,5,2,3,2,1,1,0,1,0,0,0,0,0,11,0,2,0,2,0,0,2,1,2,0,1,1,0,0,0,0,0,0,0,23,6,0,0,4,3,2,3,1,1,2,0,0,0,1,0,0,0,0,0
2016," 石碇區"," 男",12,6,1,0,2,1,1,0,0,0,1,0,0,0,0,0,0,0,0,0,2,0,1,0,1,0,0,0,0,0,0,0,0,0,0,0,0,0,0,0,10,6,0,0,1,1,1,0,0,0,1,0,0,0,0,0,0,0,0,0
2016," 石碇區"," 女",22,0,1,0,4,2,1,5,2,3,1,1,1,0,1,0,0,0,0,0,9,0,1,0,1,0,0,2,1,2,0,1,1,0,0,0,0,0,0,0,13,0,0,0,3,2,1,3,1,1,1,0,0,0,1,0,0,0,0,0
2016," 坪林區"," 計",21,7,1,2,2,1,3,1,1,1,0,1,0,1,0,0,0,0,0,0,9,3,0,0,2,0,2,0,0,0,0,1,0,1,0,0,0,0,0,0,12,4,1,2,0,1,1,1,1,1,0,0,0,0,0,0,0,0,0,0
2016," 坪林區"," 男",7,2,0,2,0,0,0,0,1,1,0,0,0,1,0,0,0,0,0,0,3,2,0,0,0,0,0,0,0,0,0,0,0,1,0,0,0,0,0,0,4,0,0,2,0,0,0,0,1,1,0,0,0,0,0,0,0,0,0,0
2016," 坪林區"," 女",14,5,1,0,2,1,3,1,0,0,0,1,0,0,0,0,0,0,0,0,6,1,0,0,2,0,2,0,0,0,0,1,0,0,0,0,0,0,0,0,8,4,1,0,0,1,1,1,0,0,0,0,0,0,0,0,0,0,0,0
2016," 三芝區"," 計",326,25,18,18,24,37,45,45,15,13,25,20,27,10,2,1,1,0,0,0,244,18,11,11,18,30,29,37,12,10,17,16,23,9,2,0,1,0,0,0,82,7,7,7,6,7,16,8,3,3,8,4,4,1,0,1,0,0,0,0
2016," 三芝區"," 男",150,12,8,6,13,21,20,29,5,3,6,10,10,5,2,0,0,0,0,0,115,9,6,5,10,18,10,24,5,2,5,7,7,5,2,0,0,0,0,0,35,3,2,1,3,3,10,5,0,1,1,3,3,0,0,0,0,0,0,0
2016," 三芝區"," 女",176,13,10,12,11,16,25,16,10,10,19,10,17,5,0,1,1,0,0,0,129,9,5,6,8,12,19,13,7,8,12,9,16,4,0,0,1,0,0,0,47,4,5,6,3,4,6,3,3,2,7,1,1,1,0,1,0,0,0,0
2016," 石門區"," 計",55,2,1,3,4,11,4,3,1,4,8,5,7,1,1,0,0,0,0,0,26,0,1,1,2,3,3,2,1,2,3,1,6,1,0,0,0,0,0,0,29,2,0,2,2,8,1,1,0,2,5,4,1,0,1,0,0,0,0,0
2016," 石門區"," 男",16,1,0,1,2,3,1,1,0,0,1,1,5,0,0,0,0,0,0,0,11,0,0,0,2,2,1,1,0,0,0,0,5,0,0,0,0,0,0,0,5,1,0,1,0,1,0,0,0,0,1,1,0,0,0,0,0,0,0,0
2016," 石門區"," 女",39,1,1,2,2,8,3,2,1,4,7,4,2,1,1,0,0,0,0,0,15,0,1,1,0,1,2,1,1,2,3,1,1,1,0,0,0,0,0,0,24,1,0,1,2,7,1,1,0,2,4,3,1,0,1,0,0,0,0,0
2016," 八里區"," 計",833,59,59,76,58,97,73,82,59,57,50,67,49,33,8,4,1,1,0,0,591,35,39,55,36,65,53,62,41,45,37,49,35,28,8,2,0,1,0,0,242,24,20,21,22,32,20,20,18,12,13,18,14,5,0,2,1,0,0,0
2016," 八里區"," 男",413,35,34,34,22,54,37,45,26,28,24,29,24,16,4,1,0,0,0,0,301,23,23,25,13,37,28,33,18,22,17,25,19,14,4,0,0,0,0,0,112,12,11,9,9,17,9,12,8,6,7,4,5,2,0,1,0,0,0,0
2016," 八里區"," 女",420,24,25,42,36,43,36,37,33,29,26,38,25,17,4,3,1,1,0,0,290,12,16,30,23,28,25,29,23,23,20,24,16,14,4,2,0,1,0,0,130,12,9,12,13,15,11,8,10,6,6,14,9,3,0,1,1,0,0,0
2016," 平溪區"," 計",24,0,0,1,3,3,0,3,1,5,2,1,1,1,1,2,0,0,0,0,19,0,0,1,1,1,0,3,1,4,2,1,1,1,1,2,0,0,0,0,5,0,0,0,2,2,0,0,0,1,0,0,0,0,0,0,0,0,0,0
2016," 平溪區"," 男",6,0,0,0,1,1,0,0,0,1,1,0,1,0,0,1,0,0,0,0,4,0,0,0,0,0,0,0,0,1,1,0,1,0,0,1,0,0,0,0,2,0,0,0,1,1,0,0,0,0,0,0,0,0,0,0,0,0,0,0
2016," 平溪區"," 女",18,0,0,1,2,2,0,3,1,4,1,1,0,1,1,1,0,0,0,0,15,0,0,1,1,1,0,3,1,3,1,1,0,1,1,1,0,0,0,0,3,0,0,0,1,1,0,0,0,1,0,0,0,0,0,0,0,0,0,0
2016," 雙溪區"," 計",16,1,2,1,0,0,1,3,2,1,1,2,2,0,0,0,0,0,0,0,12,1,0,1,0,0,1,3,2,0,1,1,2,0,0,0,0,0,0,0,4,0,2,0,0,0,0,0,0,1,0,1,0,0,0,0,0,0,0,0
2016," 雙溪區"," 男",4,0,0,0,0,0,0,0,1,0,0,2,1,0,0,0,0,0,0,0,3,0,0,0,0,0,0,0,1,0,0,1,1,0,0,0,0,0,0,0,1,0,0,0,0,0,0,0,0,0,0,1,0,0,0,0,0,0,0,0
2016," 雙溪區"," 女",12,1,2,1,0,0,1,3,1,1,1,0,1,0,0,0,0,0,0,0,9,1,0,1,0,0,1,3,1,0,1,0,1,0,0,0,0,0,0,0,3,0,2,0,0,0,0,0,0,1,0,0,0,0,0,0,0,0,0,0
2016," 貢寮區"," 計",74,6,1,4,8,9,8,7,4,7,8,6,4,2,0,0,0,0,0,0,41,2,1,3,7,4,4,3,1,7,3,2,2,2,0,0,0,0,0,0,33,4,0,1,1,5,4,4,3,0,5,4,2,0,0,0,0,0,0,0
2016," 貢寮區"," 男",26,2,0,2,4,3,4,4,1,0,2,2,1,1,0,0,0,0,0,0,14,0,0,2,3,2,2,1,0,0,1,1,1,1,0,0,0,0,0,0,12,2,0,0,1,1,2,3,1,0,1,1,0,0,0,0,0,0,0,0
2016," 貢寮區"," 女",48,4,1,2,4,6,4,3,3,7,6,4,3,1,0,0,0,0,0,0,27,2,1,1,4,2,2,2,1,7,2,1,1,1,0,0,0,0,0,0,21,2,0,1,0,4,2,1,2,0,4,3,2,0,0,0,0,0,0,0
2016," 金山區"," 計",125,21,3,4,10,18,16,14,8,6,10,7,5,2,0,0,1,0,0,0,71,8,1,3,7,10,6,10,7,5,5,2,4,2,0,0,1,0,0,0,54,13,2,1,3,8,10,4,1,1,5,5,1,0,0,0,0,0,0,0
2016," 金山區"," 男",51,12,1,0,7,5,6,9,1,3,2,3,1,1,0,0,0,0,0,0,27,3,0,0,5,3,2,5,1,3,1,2,1,1,0,0,0,0,0,0,24,9,1,0,2,2,4,4,0,0,1,1,0,0,0,0,0,0,0,0
2016," 金山區"," 女",74,9,2,4,3,13,10,5,7,3,8,4,4,1,0,0,1,0,0,0,44,5,1,3,2,7,4,5,6,2,4,0,3,1,0,0,1,0,0,0,30,4,1,1,1,6,6,0,1,1,4,4,1,0,0,0,0,0,0,0
2016," 萬里區"," 計",304,28,14,10,20,45,36,26,20,21,22,23,18,8,6,1,5,1,0,0,248,24,10,9,14,35,31,22,18,12,17,19,18,8,5,1,4,1,0,0,56,4,4,1,6,10,5,4,2,9,5,4,0,0,1,0,1,0,0,0
2016," 萬里區"," 男",141,18,8,5,11,25,12,8,9,11,7,9,10,5,1,0,2,0,0,0,123,14,6,4,10,21,12,8,9,6,7,8,10,5,1,0,2,0,0,0,18,4,2,1,1,4,0,0,0,5,0,1,0,0,0,0,0,0,0,0
2016," 萬里區"," 女",163,10,6,5,9,20,24,18,11,10,15,14,8,3,5,1,3,1,0,0,125,10,4,5,4,14,19,14,9,6,10,11,8,3,4,1,2,1,0,0,38,0,2,0,5,6,5,4,2,4,5,3,0,0,1,0,1,0,0,0
2016," 烏來區"," 計",2817,221,164,201,228,256,244,223,218,196,181,195,151,146,94,42,34,21,2,0,149,10,7,14,11,12,7,11,13,11,13,13,11,13,2,1,0,0,0,0,2668,211,157,187,217,244,237,212,205,185,168,182,140,133,92,41,34,21,2,0
2016," 烏來區"," 男",1392,120,84,104,132,117,141,120,106,87,84,91,66,62,36,20,14,8,0,0,60,7,4,7,5,6,3,6,3,2,4,3,4,5,0,1,0,0,0,0,1332,113,80,97,127,111,138,114,103,85,80,88,62,57,36,19,14,8,0,0
2016," 烏來區"," 女",1425,101,80,97,96,139,103,103,112,109,97,104,85,84,58,22,20,13,2,0,89,3,3,7,6,6,4,5,10,9,9,10,7,8,2,0,0,0,0,0,1336,98,77,90,90,133,99,98,102,100,88,94,78,76,56,22,20,13,2,0
2017," 新北市"," 計",55376,3867,3806,3962,5087,5769,5022,4385,4757,4058,3827,3662,2994,2109,1103,494,302,106,51,15,38060,2554,2481,2530,3300,3880,3465,3040,3362,2848,2672,2637,2180,1584,833,373,203,70,35,13,17316,1313,1325,1432,1787,1889,1557,1345,1395,1210,1155,1025,814,525,270,121,99,36,16,2
2017," 新北市"," 男",25760,2005,1936,2052,2588,2847,2484,2060,2138,1720,1509,1447,1206,912,478,210,107,37,17,7,18158,1323,1255,1308,1679,1932,1727,1454,1603,1267,1103,1119,934,735,398,180,94,27,14,6,7602,682,681,744,909,915,757,606,535,453,406,328,272,177,80,30,13,10,3,1
2017," 新北市"," 女",29616,1862,1870,1910,2499,2922,2538,2325,2619,2338,2318,2215,1788,1197,625,284,195,69,34,8,19902,1231,1226,1222,1621,1948,1738,1586,1759,1581,1569,1518,1246,849,435,193,109,43,21,7,9714,631,644,688,878,974,800,739,860,757,749,697,542,348,190,91,86,26,13,1
2017," 板橋區"," 計",4244,257,342,294,388,460,393,348,395,330,278,272,186,162,71,35,23,5,4,1,3004,180,224,201,275,326,272,243,287,238,208,197,131,114,57,28,16,5,2,0,1240,77,118,93,113,134,121,105,108,92,70,75,55,48,14,7,7,0,2,1
2017," 板橋區"," 男",1844,129,181,144,190,219,191,140,154,133,104,95,58,61,23,12,8,2,0,0,1347,88,118,97,142,165,131,98,116,101,79,79,47,44,21,11,8,2,0,0,497,41,63,47,48,54,60,42,38,32,25,16,11,17,2,1,0,0,0,0
2017," 板橋區"," 女",2400,128,161,150,198,241,202,208,241,197,174,177,128,101,48,23,15,3,4,1,1657,92,106,104,133,161,141,145,171,137,129,118,84,70,36,17,8,3,2,0,743,36,55,46,65,80,61,63,70,60,45,59,44,31,12,6,7,0,2,1
2017," 三重區"," 計",2371,195,164,168,279,264,217,185,205,173,164,141,113,54,28,13,5,2,0,1,1473,123,94,106,147,146,151,121,122,109,106,100,71,39,22,10,4,1,0,1,898,72,70,62,132,118,66,64,83,64,58,41,42,15,6,3,1,1,0,0
2017," 三重區"," 男",1070,108,84,98,168,138,101,82,69,54,46,44,38,24,8,5,1,1,0,1,678,68,48,62,89,80,75,51,45,40,34,28,28,16,7,4,1,1,0,1,392,40,36,36,79,58,26,31,24,14,12,16,10,8,1,1,0,0,0,0
2017," 三重區"," 女",1301,87,80,70,111,126,116,103,136,119,118,97,75,30,20,8,4,1,0,0,795,55,46,44,58,66,76,70,77,69,72,72,43,23,15,6,3,0,0,0,506,32,34,26,53,60,40,33,59,50,46,25,32,7,5,2,1,1,0,0
2017," 中和區"," 計",2959,237,203,182,234,248,295,265,273,194,204,188,177,122,76,36,16,6,2,1,1825,132,121,93,123,149,181,166,183,129,137,123,106,90,50,26,10,4,1,1,1134,105,82,89,111,99,114,99,90,65,67,65,71,32,26,10,6,2,1,0
2017," 中和區"," 男",1261,115,104,95,125,116,130,110,112,81,73,48,68,46,21,12,3,1,1,0,769,58,60,47,62,71,78,72,82,52,47,30,42,37,15,11,3,1,1,0,492,57,44,48,63,45,52,38,30,29,26,18,26,9,6,1,0,0,0,0
2017," 中和區"," 女",1698,122,99,87,109,132,165,155,161,113,131,140,109,76,55,24,13,5,1,1,1056,74,61,46,61,78,103,94,101,77,90,93,64,53,35,15,7,3,0,1,642,48,38,41,48,54,62,61,60,36,41,47,45,23,20,9,6,2,1,0
2017," 永和區"," 計",995,69,72,80,90,85,83,66,82,86,74,63,67,29,18,12,12,3,2,2,547,44,38,38,44,43,53,43,50,47,32,35,39,15,15,3,5,0,1,2,448,25,34,42,46,42,30,23,32,39,42,28,28,14,3,9,7,3,1,0
2017," 永和區"," 男",398,34,37,34,43,36,37,28,34,28,29,23,21,8,4,0,1,0,0,1,224,20,18,19,21,18,22,17,21,16,14,14,14,4,4,0,1,0,0,1,174,14,19,15,22,18,15,11,13,12,15,9,7,4,0,0,0,0,0,0
2017," 永和區"," 女",597,35,35,46,47,49,46,38,48,58,45,40,46,21,14,12,11,3,2,1,323,24,20,19,23,25,31,26,29,31,18,21,25,11,11,3,4,0,1,1,274,11,15,27,24,24,15,12,19,27,27,19,21,10,3,9,7,3,1,0
2017," 新莊區"," 計",5334,418,369,438,538,525,501,462,464,397,345,320,241,175,73,39,19,7,3,0,3732,290,253,291,340,353,346,328,333,272,233,246,178,147,60,36,17,6,3,0,1602,128,116,147,198,172,155,134,131,125,112,74,63,28,13,3,2,1,0,0
2017," 新莊區"," 男",2446,216,174,234,271,264,224,212,199,152,143,117,97,82,31,20,8,2,0,0,1749,151,114,159,173,174,152,154,157,114,103,94,77,70,28,19,8,2,0,0,697,65,60,75,98,90,72,58,42,38,40,23,20,12,3,1,0,0,0,0
2017," 新莊區"," 女",2888,202,195,204,267,261,277,250,265,245,202,203,144,93,42,19,11,5,3,0,1983,139,139,132,167,179,194,174,176,158,130,152,101,77,32,17,9,4,3,0,905,63,56,72,100,82,83,76,89,87,72,51,43,16,10,2,2,1,0,0
2017," 新店區"," 計",3468,208,217,229,274,351,293,247,282,273,274,236,204,180,99,47,37,9,7,1,2282,128,140,132,158,230,196,164,187,173,184,176,140,127,76,33,27,6,5,0,1186,80,77,97,116,121,97,83,95,100,90,60,64,53,23,14,10,3,2,1
2017," 新店區"," 男",1544,115,98,118,128,170,144,112,129,124,102,98,69,67,38,17,11,2,1,1,1064,75,65,64,75,110,98,73,97,83,72,79,55,58,33,14,10,2,1,0,480,40,33,54,53,60,46,39,32,41,30,19,14,9,5,3,1,0,0,1
2017," 新店區"," 女",1924,93,119,111,146,181,149,135,153,149,172,138,135,113,61,30,26,7,6,0,1218,53,75,68,83,120,98,91,90,90,112,97,85,69,43,19,17,4,4,0,706,40,44,43,63,61,51,44,63,59,60,41,50,44,18,11,9,3,2,0
2017," 樹林區"," 計",6389,460,438,474,597,707,579,521,573,464,444,436,352,198,93,31,9,7,5,1,5142,356,352,349,481,558,467,430,469,369,366,359,290,168,82,27,8,6,4,1,1247,104,86,125,116,149,112,91,104,95,78,77,62,30,11,4,1,1,1,0
2017," 樹林區"," 男",3118,247,213,258,311,356,310,248,267,194,192,199,153,95,51,12,7,1,4,0,2558,198,169,177,247,283,255,213,222,164,166,177,133,86,46,12,6,1,3,0,560,49,44,81,64,73,55,35,45,30,26,22,20,9,5,0,1,0,1,0
2017," 樹林區"," 女",3271,213,225,216,286,351,269,273,306,270,252,237,199,103,42,19,2,6,1,1,2584,158,183,172,234,275,212,217,247,205,200,182,157,82,36,15,2,5,1,1,687,55,42,44,52,76,57,56,59,65,52,55,42,21,6,4,0,1,0,0
2017," 鶯歌區"," 計",2887,187,227,235,310,317,259,222,241,199,191,183,157,86,34,23,11,3,2,0,1963,115,133,148,196,227,170,147,158,146,135,131,120,73,28,21,10,3,2,0,924,72,94,87,114,90,89,75,83,53,56,52,37,13,6,2,1,0,0,0
2017," 鶯歌區"," 男",1370,97,114,113,155,158,127,110,117,84,80,58,80,42,19,8,5,2,1,0,954,61,69,70,95,124,82,73,77,66,56,48,61,39,18,7,5,2,1,0,416,36,45,43,60,34,45,37,40,18,24,10,19,3,1,1,0,0,0,0
2017," 鶯歌區"," 女",1517,90,113,122,155,159,132,112,124,115,111,125,77,44,15,15,6,1,1,0,1009,54,64,78,101,103,88,74,81,80,79,83,59,34,10,14,5,1,1,0,508,36,49,44,54,56,44,38,43,35,32,42,18,10,5,1,1,0,0,0
2017," 三峽區"," 計",2913,229,236,235,281,325,267,208,216,208,189,209,138,98,49,14,9,2,0,0,2190,168,165,170,206,243,199,155,157,164,150,158,103,85,45,13,8,1,0,0,723,61,71,65,75,82,68,53,59,44,39,51,35,13,4,1,1,1,0,0
2017," 三峽區"," 男",1438,123,126,126,140,177,135,105,99,109,72,83,59,50,25,6,3,0,0,0,1127,91,93,92,102,126,113,80,80,89,61,74,49,44,24,6,3,0,0,0,311,32,33,34,38,51,22,25,19,20,11,9,10,6,1,0,0,0,0,0
2017," 三峽區"," 女",1475,106,110,109,141,148,132,103,117,99,117,126,79,48,24,8,6,2,0,0,1063,77,72,78,104,117,86,75,77,75,89,84,54,41,21,7,5,1,0,0,412,29,38,31,37,31,46,28,40,24,28,42,25,7,3,1,1,1,0,0
2017," 淡水區"," 計",1880,132,132,125,184,193,165,148,162,142,153,116,89,68,46,13,8,3,0,1,1133,82,70,61,112,106,90,96,110,87,88,65,65,50,37,8,3,2,0,1,747,50,62,64,72,87,75,52,52,55,65,51,24,18,9,5,5,1,0,0
2017," 淡水區"," 男",843,64,71,61,86,93,86,60,81,51,55,46,33,29,15,6,4,1,0,1,519,39,39,26,59,49,42,41,62,30,37,29,22,21,13,5,3,1,0,1,324,25,32,35,27,44,44,19,19,21,18,17,11,8,2,1,1,0,0,0
2017," 淡水區"," 女",1037,68,61,64,98,100,79,88,81,91,98,70,56,39,31,7,4,2,0,0,614,43,31,35,53,57,48,55,48,57,51,36,43,29,24,3,0,1,0,0,423,25,30,29,45,43,31,33,33,34,47,34,13,10,7,4,4,1,0,0
2017," 汐止區"," 計",4480,268,237,282,356,436,407,328,384,385,356,320,261,178,133,77,51,14,6,1,3757,214,190,219,284,355,347,276,323,326,307,278,228,156,118,74,43,13,5,1,723,54,47,63,72,81,60,52,61,59,49,42,33,22,15,3,8,1,1,0
2017," 汐止區"," 男",2138,136,123,144,189,219,209,155,188,178,148,139,102,84,55,35,26,5,3,0,1839,108,97,111,152,183,183,136,164,155,136,126,92,75,52,35,26,5,3,0,299,28,26,33,37,36,26,19,24,23,12,13,10,9,3,0,0,0,0,0
2017," 汐止區"," 女",2342,132,114,138,167,217,198,173,196,207,208,181,159,94,78,42,25,9,3,1,1918,106,93,108,132,172,164,140,159,171,171,152,136,81,66,39,17,8,2,1,424,26,21,30,35,45,34,33,37,36,37,29,23,13,12,3,8,1,1,0
2017," 瑞芳區"," 計",1244,83,64,80,96,116,86,98,111,91,83,74,84,93,45,21,11,6,2,0,1155,73,53,71,87,101,82,90,107,86,72,73,83,92,45,21,11,6,2,0,89,10,11,9,9,15,4,8,4,5,11,1,1,1,0,0,0,0,0,0
2017," 瑞芳區"," 男",642,45,33,44,47,57,44,53,62,46,39,43,38,40,28,12,5,5,1,0,606,40,27,40,43,50,43,51,62,43,36,43,38,39,28,12,5,5,1,0,36,5,6,4,4,7,1,2,0,3,3,0,0,1,0,0,0,0,0,0
2017," 瑞芳區"," 女",602,38,31,36,49,59,42,45,49,45,44,31,46,53,17,9,6,1,1,0,549,33,26,31,44,51,39,39,45,43,36,30,45,53,17,9,6,1,1,0,53,5,5,5,5,8,3,6,4,2,8,1,1,0,0,0,0,0,0,0
2017," 土城區"," 計",4182,258,262,245,340,456,378,355,386,295,257,292,271,207,102,38,20,11,5,4,3260,190,192,179,253,346,285,278,306,242,200,230,227,178,85,34,16,10,5,4,922,68,70,66,87,110,93,77,80,53,57,62,44,29,17,4,4,1,0,0
2017," 土城區"," 男",2010,123,144,127,176,208,186,199,194,160,91,108,112,91,56,23,5,3,2,2,1613,94,106,97,132,154,140,159,166,133,72,89,100,87,51,21,5,3,2,2,397,29,38,30,44,54,46,40,28,27,19,19,12,4,5,2,0,0,0,0
2017," 土城區"," 女",2172,135,118,118,164,248,192,156,192,135,166,184,159,116,46,15,15,8,3,2,1647,96,86,82,121,192,145,119,140,109,128,141,127,91,34,13,11,7,3,2,525,39,32,36,43,56,47,37,52,26,38,43,32,25,12,2,4,1,0,0
2017," 蘆洲區"," 計",2097,138,158,140,208,221,223,146,186,139,150,142,121,68,36,11,5,4,1,0,1541,95,112,100,148,168,162,95,140,102,112,111,97,51,31,9,5,3,0,0,556,43,46,40,60,53,61,51,46,37,38,31,24,17,5,2,0,1,1,0
2017," 蘆洲區"," 男",976,70,70,72,102,118,105,68,85,62,59,61,49,29,18,4,2,2,0,0,720,47,48,52,68,86,80,48,64,45,44,49,40,24,17,4,2,2,0,0,256,23,22,20,34,32,25,20,21,17,15,12,9,5,1,0,0,0,0,0
2017," 蘆洲區"," 女",1121,68,88,68,106,103,118,78,101,77,91,81,72,39,18,7,3,2,1,0,821,48,64,48,80,82,82,47,76,57,68,62,57,27,14,5,3,1,0,0,300,20,24,20,26,21,36,31,25,20,23,19,15,12,4,2,0,1,1,0
2017," 五股區"," 計",1841,123,131,143,174,234,185,131,140,131,110,139,89,60,26,17,7,1,0,0,1201,85,76,77,99,141,133,90,96,94,70,101,61,45,19,10,3,1,0,0,640,38,55,66,75,93,52,41,44,37,40,38,28,15,7,7,4,0,0,0
2017," 五股區"," 男",864,67,68,74,84,119,93,57,67,63,39,59,40,18,6,8,2,0,0,0,590,48,36,44,49,70,69,38,51,50,25,47,32,17,5,7,2,0,0,0,274,19,32,30,35,49,24,19,16,13,14,12,8,1,1,1,0,0,0,0
2017," 五股區"," 女",977,56,63,69,90,115,92,74,73,68,71,80,49,42,20,9,5,1,0,0,611,37,40,33,50,71,64,52,45,44,45,54,29,28,14,3,1,1,0,0,366,19,23,36,40,44,28,22,28,24,26,26,20,14,6,6,4,0,0,0
2017," 泰山區"," 計",1271,92,95,118,133,155,93,104,102,88,91,83,49,37,18,5,5,1,2,0,861,68,67,67,85,91,67,76,74,59,60,60,41,25,12,5,2,0,2,0,410,24,28,51,48,64,26,28,28,29,31,23,8,12,6,0,3,1,0,0
2017," 泰山區"," 男",591,47,48,60,74,75,44,47,49,26,40,30,22,13,10,4,1,0,1,0,409,32,30,33,50,37,35,36,35,19,32,25,19,11,9,4,1,0,1,0,182,15,18,27,24,38,9,11,14,7,8,5,3,2,1,0,0,0,0,0
2017," 泰山區"," 女",680,45,47,58,59,80,49,57,53,62,51,53,27,24,8,1,4,1,1,0,452,36,37,34,35,54,32,40,39,40,28,35,22,14,3,1,1,0,1,0,228,9,10,24,24,26,17,17,14,22,23,18,5,10,5,0,3,1,0,0
2017," 林口區"," 計",1890,134,169,172,224,181,127,119,164,142,136,113,102,55,25,10,10,1,4,2,1381,91,122,129,150,134,98,76,122,100,104,88,79,44,23,7,8,1,3,2,509,43,47,43,74,47,29,43,42,42,32,25,23,11,2,3,2,0,1,0
2017," 林口區"," 男",856,61,96,93,95,85,64,47,54,45,64,58,43,25,15,6,3,0,1,1,657,42,74,72,68,63,50,32,42,32,51,48,37,23,13,5,3,0,1,1,199,19,22,21,27,22,14,15,12,13,13,10,6,2,2,1,0,0,0,0
2017," 林口區"," 女",1034,73,73,79,129,96,63,72,110,97,72,55,59,30,10,4,7,1,3,1,724,49,48,57,82,71,48,44,80,68,53,40,42,21,10,2,5,1,2,1,310,24,25,22,47,25,15,28,30,29,19,15,17,9,0,2,2,0,1,0
2017," 深坑區"," 計",214,7,9,15,18,29,22,19,21,14,17,14,12,11,3,3,0,0,0,0,147,7,6,8,12,15,15,16,18,8,9,9,10,9,3,2,0,0,0,0,67,0,3,7,6,14,7,3,3,6,8,5,2,2,0,1,0,0,0,0
2017," 深坑區"," 男",98,4,8,8,11,14,15,10,11,1,5,5,2,3,0,1,0,0,0,0,62,4,5,2,6,7,10,9,9,1,2,3,1,2,0,1,0,0,0,0,36,0,3,6,5,7,5,1,2,0,3,2,1,1,0,0,0,0,0,0
2017," 深坑區"," 女",116,3,1,7,7,15,7,9,10,13,12,9,10,8,3,2,0,0,0,0,85,3,1,6,6,8,5,7,9,7,7,6,9,7,3,1,0,0,0,0,31,0,0,1,1,7,2,2,1,6,5,3,1,1,0,1,0,0,0,0
2017," 石碇區"," 計",36,4,4,1,4,5,2,4,4,3,2,0,2,0,1,0,0,0,0,0,13,0,2,1,2,0,0,1,3,2,0,0,2,0,0,0,0,0,0,0,23,4,2,0,2,5,2,3,1,1,2,0,0,0,1,0,0,0,0,0
2017," 石碇區"," 男",13,4,3,0,2,1,1,0,1,0,1,0,0,0,0,0,0,0,0,0,3,0,1,0,1,0,0,0,1,0,0,0,0,0,0,0,0,0,0,0,10,4,2,0,1,1,1,0,0,0,1,0,0,0,0,0,0,0,0,0
2017," 石碇區"," 女",23,0,1,1,2,4,1,4,3,3,1,0,2,0,1,0,0,0,0,0,10,0,1,1,1,0,0,1,2,2,0,0,2,0,0,0,0,0,0,0,13,0,0,0,1,4,1,3,1,1,1,0,0,0,1,0,0,0,0,0
2017," 坪林區"," 計",17,3,1,2,1,2,3,0,2,1,0,1,0,0,1,0,0,0,0,0,7,1,0,0,1,1,2,0,0,0,0,1,0,0,1,0,0,0,0,0,10,2,1,2,0,1,1,0,2,1,0,0,0,0,0,0,0,0,0,0
2017," 坪林區"," 男",5,0,0,2,0,0,0,0,1,1,0,0,0,0,1,0,0,0,0,0,1,0,0,0,0,0,0,0,0,0,0,0,0,0,1,0,0,0,0,0,4,0,0,2,0,0,0,0,1,1,0,0,0,0,0,0,0,0,0,0
2017," 坪林區"," 女",12,3,1,0,1,2,3,0,1,0,0,1,0,0,0,0,0,0,0,0,6,1,0,0,1,1,2,0,0,0,0,1,0,0,0,0,0,0,0,0,6,2,1,0,0,1,1,0,1,0,0,0,0,0,0,0,0,0,0,0
2017," 三芝區"," 計",350,30,20,15,34,31,52,45,19,14,27,18,26,15,2,1,1,0,0,0,266,22,11,13,24,22,39,36,16,12,18,13,23,14,2,0,1,0,0,0,84,8,9,2,10,9,13,9,3,2,9,5,3,1,0,1,0,0,0,0
2017," 三芝區"," 男",161,15,10,8,14,17,23,29,8,4,7,5,12,7,2,0,0,0,0,0,124,11,7,7,10,13,16,23,8,4,5,3,9,6,2,0,0,0,0,0,37,4,3,1,4,4,7,6,0,0,2,2,3,1,0,0,0,0,0,0
2017," 三芝區"," 女",189,15,10,7,20,14,29,16,11,10,20,13,14,8,0,1,1,0,0,0,142,11,4,6,14,9,23,13,8,8,13,10,14,8,0,0,1,0,0,0,47,4,6,1,6,5,6,3,3,2,7,3,0,0,0,1,0,0,0,0
2017," 石門區"," 計",49,2,1,2,3,7,4,4,2,3,8,4,6,2,0,1,0,0,0,0,25,0,1,1,1,2,3,2,2,2,3,1,5,2,0,0,0,0,0,0,24,2,0,1,2,5,1,2,0,1,5,3,1,0,0,1,0,0,0,0
2017," 石門區"," 男",13,1,0,0,2,1,2,0,1,0,1,0,4,1,0,0,0,0,0,0,10,0,0,0,1,1,2,0,1,0,0,0,4,1,0,0,0,0,0,0,3,1,0,0,1,0,0,0,0,0,1,0,0,0,0,0,0,0,0,0
2017," 石門區"," 女",36,1,1,2,1,6,2,4,1,3,7,4,2,1,0,1,0,0,0,0,15,0,1,1,0,1,1,2,1,2,3,1,1,1,0,0,0,0,0,0,21,1,0,1,1,5,1,2,0,1,4,3,1,0,0,1,0,0,0,0
2017," 八里區"," 計",857,62,63,75,58,94,75,79,67,55,53,63,58,38,11,4,1,1,0,0,606,42,36,50,39,62,56,59,49,41,39,46,42,31,11,2,0,1,0,0,251,20,27,25,19,32,19,20,18,14,14,17,16,7,0,2,1,0,0,0
2017," 八里區"," 男",416,34,33,35,26,52,39,38,31,26,25,24,28,18,6,1,0,0,0,0,300,26,18,24,17,33,30,28,23,20,18,20,21,16,6,0,0,0,0,0,116,8,15,11,9,19,9,10,8,6,7,4,7,2,0,1,0,0,0,0
2017," 八里區"," 女",441,28,30,40,32,42,36,41,36,29,28,39,30,20,5,3,1,1,0,0,306,16,18,26,22,29,26,31,26,21,21,26,21,15,5,2,0,1,0,0,135,12,12,14,10,13,10,10,10,8,7,13,9,5,0,1,1,0,0,0
2017," 平溪區"," 計",24,0,1,1,3,2,1,2,2,3,3,1,2,1,0,2,0,0,0,0,19,0,1,1,1,1,0,2,2,2,3,1,2,1,0,2,0,0,0,0,5,0,0,0,2,1,1,0,0,1,0,0,0,0,0,0,0,0,0,0
2017," 平溪區"," 男",5,0,0,0,0,0,1,0,0,1,0,1,1,0,0,1,0,0,0,0,4,0,0,0,0,0,0,0,0,1,0,1,1,0,0,1,0,0,0,0,1,0,0,0,0,0,1,0,0,0,0,0,0,0,0,0,0,0,0,0
2017," 平溪區"," 女",19,0,1,1,3,2,0,2,2,2,3,0,1,1,0,1,0,0,0,0,15,0,1,1,1,1,0,2,2,1,3,0,1,1,0,1,0,0,0,0,4,0,0,0,2,1,0,0,0,1,0,0,0,0,0,0,0,0,0,0
2017," 雙溪區"," 計",20,2,4,0,1,0,2,3,2,1,1,0,4,0,0,0,0,0,0,0,16,2,2,0,1,0,2,3,2,0,1,0,3,0,0,0,0,0,0,0,4,0,2,0,0,0,0,0,0,1,0,0,1,0,0,0,0,0,0,0
2017," 雙溪區"," 男",6,1,1,0,0,0,0,0,1,0,0,0,3,0,0,0,0,0,0,0,5,1,1,0,0,0,0,0,1,0,0,0,2,0,0,0,0,0,0,0,1,0,0,0,0,0,0,0,0,0,0,0,1,0,0,0,0,0,0,0
2017," 雙溪區"," 女",14,1,3,0,1,0,2,3,1,1,1,0,1,0,0,0,0,0,0,0,11,1,1,0,1,0,2,3,1,0,1,0,1,0,0,0,0,0,0,0,3,0,2,0,0,0,0,0,0,1,0,0,0,0,0,0,0,0,0,0
2017," 貢寮區"," 計",84,8,2,5,9,11,7,7,7,7,7,7,5,2,0,0,0,0,0,0,49,5,1,3,8,7,4,1,4,7,3,2,2,2,0,0,0,0,0,0,35,3,1,2,1,4,3,6,3,0,4,5,3,0,0,0,0,0,0,0
2017," 貢寮區"," 男",31,3,0,3,4,4,4,5,2,0,1,2,2,1,0,0,0,0,0,0,18,1,0,2,3,3,3,1,1,0,1,1,1,1,0,0,0,0,0,0,13,2,0,1,1,1,1,4,1,0,0,1,1,0,0,0,0,0,0,0
2017," 貢寮區"," 女",53,5,2,2,5,7,3,2,5,7,6,5,3,1,0,0,0,0,0,0,31,4,1,1,5,4,1,0,3,7,2,1,1,1,0,0,0,0,0,0,22,1,1,1,0,3,2,2,2,0,4,4,2,0,0,0,0,0,0,0
2017," 金山區"," 計",126,17,4,5,6,17,18,11,15,8,7,10,3,3,1,0,1,0,0,0,72,7,3,3,4,8,10,7,11,6,2,5,3,1,1,0,1,0,0,0,54,10,1,2,2,9,8,4,4,2,5,5,0,2,0,0,0,0,0,0
2017," 金山區"," 男",53,9,2,1,5,6,8,6,5,4,1,4,0,2,0,0,0,0,0,0,26,1,2,0,4,3,3,3,3,3,0,3,0,1,0,0,0,0,0,0,27,8,0,1,1,3,5,3,2,1,1,1,0,1,0,0,0,0,0,0
2017," 金山區"," 女",73,8,2,4,1,11,10,5,10,4,6,6,3,1,1,0,1,0,0,0,46,6,1,3,0,5,7,4,8,3,2,2,3,0,1,0,1,0,0,0,27,2,1,1,1,6,3,1,2,1,4,4,0,1,0,0,0,0,0,0
2017," 萬里區"," 計",296,22,16,9,12,43,36,29,23,18,22,20,19,12,8,0,6,1,0,0,245,20,12,8,7,34,30,26,21,12,15,17,18,12,7,0,5,1,0,0,51,2,4,1,5,9,6,3,2,6,7,3,1,0,1,0,1,0,0,0
2017," 萬里區"," 男",138,13,10,6,6,25,14,12,9,7,8,8,6,9,3,0,2,0,0,0,121,11,7,5,4,23,12,12,9,4,7,7,6,9,3,0,2,0,0,0,17,2,3,1,2,2,2,0,0,3,1,1,0,0,0,0,0,0,0,0
2017," 萬里區"," 女",158,9,6,3,6,18,22,17,14,11,14,12,13,3,5,0,4,1,0,0,124,9,5,3,3,11,18,14,12,8,8,10,12,3,4,0,3,1,0,0,34,0,1,0,3,7,4,3,2,3,6,2,1,0,1,0,1,0,0,0
2017," 烏來區"," 計",2858,222,165,192,232,254,249,229,227,194,181,197,156,155,104,41,35,19,6,0,148,14,4,11,12,11,5,13,10,13,15,11,11,13,3,2,0,0,0,0,2710,208,161,181,220,243,244,216,217,181,166,186,145,142,101,39,35,19,6,0
2017," 烏來區"," 男",1412,124,85,94,134,119,147,127,108,86,84,89,66,67,43,17,10,10,2,0,61,8,3,6,6,6,3,6,4,2,5,2,3,4,2,1,0,0,0,0,1351,116,82,88,128,113,144,121,104,84,79,87,63,63,41,16,10,10,2,0
2017," 烏來區"," 女",1446,98,80,98,98,135,102,102,119,108,97,108,90,88,61,24,25,9,4,0,87,6,1,5,6,5,2,7,6,11,10,9,8,9,1,1,0,0,0,0,1359,92,79,93,92,130,100,95,113,97,87,99,82,79,60,23,25,9,4,0
2018," 新北市"," 計",55607,3952,3885,3854,4900,5507,5225,4269,4871,4118,3765,3605,3083,2267,1234,570,319,113,53,17,38151,2573,2528,2452,3191,3694,3592,2922,3422,2904,2635,2599,2239,1697,928,436,217,77,30,15,17456,1379,1357,1402,1709,1813,1633,1347,1449,1214,1130,1006,844,570,306,134,102,36,23,2
2018," 新北市"," 男",25775,2001,1991,1952,2495,2728,2599,1997,2224,1752,1496,1422,1245,909,545,243,108,43,19,6,18119,1294,1290,1238,1612,1827,1822,1409,1633,1307,1081,1097,964,733,456,206,96,33,15,6,7656,707,701,714,883,901,777,588,591,445,415,325,281,176,89,37,12,10,4,0
2018," 新北市"," 女",29832,1951,1894,1902,2405,2779,2626,2272,2647,2366,2269,2183,1838,1358,689,327,211,70,34,11,20032,1279,1238,1214,1579,1867,1770,1513,1789,1597,1554,1502,1275,964,472,230,121,44,15,9,9800,672,656,688,826,912,856,759,858,769,715,681,563,394,217,97,90,26,19,2
2018," 板橋區"," 計",4294,278,318,301,372,454,421,325,404,351,270,273,200,167,89,37,21,10,2,1,3026,195,209,209,259,323,282,223,293,256,191,204,141,116,72,28,15,8,2,0,1268,83,109,92,113,131,139,102,111,95,79,69,59,51,17,9,6,2,0,1
2018," 板橋區"," 男",1862,142,154,154,188,213,207,132,152,146,101,96,67,58,32,10,8,2,0,0,1355,99,101,104,134,159,142,93,113,110,78,76,57,42,28,9,8,2,0,0,507,43,53,50,54,54,65,39,39,36,23,20,10,16,4,1,0,0,0,0
2018," 板橋區"," 女",2432,136,164,147,184,241,214,193,252,205,169,177,133,109,57,27,13,8,2,1,1671,96,108,105,125,164,140,130,180,146,113,128,84,74,44,19,7,6,2,0,761,40,56,42,59,77,74,63,72,59,56,49,49,35,13,8,6,2,0,1
2018," 三重區"," 計",2416,208,171,159,257,266,234,190,220,167,171,134,127,60,31,12,5,3,0,1,1513,131,100,97,142,151,155,128,134,102,113,97,83,42,22,9,4,2,0,1,903,77,71,62,115,115,79,62,86,65,58,37,44,18,9,3,1,1,0,0
2018," 三重區"," 男",1065,96,92,79,159,136,114,87,81,50,50,39,41,25,7,6,1,1,0,1,680,57,55,44,92,79,82,61,51,37,34,29,28,17,6,5,1,1,0,1,385,39,37,35,67,57,32,26,30,13,16,10,13,8,1,1,0,0,0,0
2018," 三重區"," 女",1351,112,79,80,98,130,120,103,139,117,121,95,86,35,24,6,4,2,0,0,833,74,45,53,50,72,73,67,83,65,79,68,55,25,16,4,3,1,0,0,518,38,34,27,48,58,47,36,56,52,42,27,31,10,8,2,1,1,0,0
2018," 中和區"," 計",2996,247,221,178,238,249,267,268,284,206,202,185,175,128,75,48,16,5,3,1,1895,144,130,95,128,161,174,151,197,145,138,124,110,97,51,33,10,4,2,1,1101,103,91,83,110,88,93,117,87,61,64,61,65,31,24,15,6,1,1,0
2018," 中和區"," 男",1259,115,118,86,123,115,120,116,111,83,74,49,62,44,23,14,3,1,2,0,779,60,65,45,61,73,75,67,82,60,50,29,41,35,18,12,3,1,2,0,480,55,53,41,62,42,45,49,29,23,24,20,21,9,5,2,0,0,0,0
2018," 中和區"," 女",1737,132,103,92,115,134,147,152,173,123,128,136,113,84,52,34,13,4,1,1,1116,84,65,50,67,88,99,84,115,85,88,95,69,62,33,21,7,3,0,1,621,48,38,42,48,46,48,68,58,38,40,41,44,22,19,13,6,1,1,0
2018," 永和區"," 計",1023,74,75,85,86,91,86,70,85,88,67,60,65,39,19,13,12,4,1,3,577,47,44,45,42,48,53,46,48,51,34,33,36,22,15,5,5,0,1,2,446,27,31,40,44,43,33,24,37,37,33,27,29,17,4,8,7,4,0,1
2018," 永和區"," 男",406,38,35,37,43,38,38,26,37,29,28,21,21,9,4,0,1,0,0,1,236,23,20,24,21,19,24,13,23,18,16,12,12,5,4,0,1,0,0,1,170,15,15,13,22,19,14,13,14,11,12,9,9,4,0,0,0,0,0,0
2018," 永和區"," 女",617,36,40,48,43,53,48,44,48,59,39,39,44,30,15,13,11,4,1,2,341,24,24,21,21,29,29,33,25,33,18,21,24,17,11,5,4,0,1,1,276,12,16,27,22,24,19,11,23,26,21,18,20,13,4,8,7,4,0,1
2018," 新莊區"," 計",5311,433,372,406,512,501,519,444,447,409,334,317,267,188,86,48,22,5,1,0,3705,287,251,271,318,331,362,321,322,281,228,235,208,149,73,42,20,5,1,0,1606,146,121,135,194,170,157,123,125,128,106,82,59,39,13,6,2,0,0,0
2018," 新莊區"," 男",2423,220,177,206,265,247,243,194,203,166,130,108,117,73,39,24,10,1,0,0,1730,149,115,133,170,162,172,142,157,125,93,84,97,61,38,21,10,1,0,0,693,71,62,73,95,85,71,52,46,41,37,24,20,12,1,3,0,0,0,0
2018," 新莊區"," 女",2888,213,195,200,247,254,276,250,244,243,204,209,150,115,47,24,12,4,1,0,1975,138,136,138,148,169,190,179,165,156,135,151,111,88,35,21,10,4,1,0,913,75,59,62,99,85,86,71,79,87,69,58,39,27,12,3,2,0,0,0
2018," 新店區"," 計",3493,212,225,230,257,341,312,240,282,272,278,221,209,182,114,62,37,12,7,0,2306,138,138,126,157,220,213,163,178,181,184,160,149,130,84,43,29,9,4,0,1187,74,87,104,100,121,99,77,104,91,94,61,60,52,30,19,8,3,3,0
2018," 新店區"," 男",1543,113,103,111,121,167,155,99,126,128,106,94,71,61,49,24,11,3,1,0,1068,77,67,59,70,109,107,71,88,91,72,73,58,52,40,19,11,3,1,0,475,36,36,52,51,58,48,28,38,37,34,21,13,9,9,5,0,0,0,0
2018," 新店區"," 女",1950,99,122,119,136,174,157,141,156,144,172,127,138,121,65,38,26,9,6,0,1238,61,71,67,87,111,106,92,90,90,112,87,91,78,44,24,18,6,3,0,712,38,51,52,49,63,51,49,66,54,60,40,47,43,21,14,8,3,3,0
2018," 樹林區"," 計",6298,441,441,445,585,681,603,475,587,455,418,431,349,221,104,33,17,5,5,2,5054,321,345,337,467,546,481,382,482,366,351,354,286,185,95,30,16,5,3,2,1244,120,96,108,118,135,122,93,105,89,67,77,63,36,9,3,1,0,2,0
2018," 樹林區"," 男",3072,231,217,229,304,348,320,240,278,199,171,193,155,98,58,14,11,2,3,1,2509,168,172,165,231,278,262,202,235,170,149,171,133,89,55,14,10,2,2,1,563,63,45,64,73,70,58,38,43,29,22,22,22,9,3,0,1,0,1,0
2018," 樹林區"," 女",3226,210,224,216,281,333,283,235,309,256,247,238,194,123,46,19,6,3,2,1,2545,153,173,172,236,268,219,180,247,196,202,183,153,96,40,16,6,3,1,1,681,57,51,44,45,65,64,55,62,60,45,55,41,27,6,3,0,0,1,0
2018," 鶯歌區"," 計",2832,197,206,232,297,299,272,205,235,212,178,172,159,96,32,24,13,3,0,0,1912,118,116,151,193,204,183,135,154,148,127,121,120,81,24,22,12,3,0,0,920,79,90,81,104,95,89,70,81,64,51,51,39,15,8,2,1,0,0,0
2018," 鶯歌區"," 男",1346,100,111,111,137,160,131,106,111,92,77,57,75,44,16,9,7,2,0,0,935,65,67,71,87,113,92,66,73,68,55,48,57,40,16,8,7,2,0,0,411,35,44,40,50,47,39,40,38,24,22,9,18,4,0,1,0,0,0,0
2018," 鶯歌區"," 女",1486,97,95,121,160,139,141,99,124,120,101,115,84,52,16,15,6,1,0,0,977,53,49,80,106,91,91,69,81,80,72,73,63,41,8,14,5,1,0,0,509,44,46,41,54,48,50,30,43,40,29,42,21,11,8,1,1,0,0,0
2018," 三峽區"," 計",2991,238,245,237,277,316,284,236,213,206,185,209,152,114,48,19,10,1,1,0,2266,184,171,172,200,246,206,172,159,164,142,167,112,99,44,19,8,1,0,0,725,54,74,65,77,70,78,64,54,42,43,42,40,15,4,0,2,0,1,0
2018," 三峽區"," 男",1471,120,140,128,142,167,140,125,101,103,69,80,65,56,22,11,2,0,0,0,1162,93,99,100,105,126,112,94,80,84,56,74,54,51,21,11,2,0,0,0,309,27,41,28,37,41,28,31,21,19,13,6,11,5,1,0,0,0,0,0
2018," 三峽區"," 女",1520,118,105,109,135,149,144,111,112,103,116,129,87,58,26,8,8,1,1,0,1104,91,72,72,95,120,94,78,79,80,86,93,58,48,23,8,6,1,0,0,416,27,33,37,40,29,50,33,33,23,30,36,29,10,3,0,2,0,1,0
2018," 淡水區"," 計",1911,130,149,109,175,180,171,154,170,153,142,136,88,73,48,23,7,2,1,0,1136,76,84,56,103,100,92,95,115,90,80,75,58,52,39,17,2,2,0,0,775,54,65,53,72,80,79,59,55,63,62,61,30,21,9,6,5,0,1,0
2018," 淡水區"," 男",863,67,81,55,84,83,92,58,90,54,55,52,31,30,14,13,3,1,0,0,530,39,45,25,55,44,44,39,70,33,37,31,20,21,12,12,2,1,0,0,333,28,36,30,29,39,48,19,20,21,18,21,11,9,2,1,1,0,0,0
2018," 淡水區"," 女",1048,63,68,54,91,97,79,96,80,99,87,84,57,43,34,10,4,1,1,0,606,37,39,31,48,56,48,56,45,57,43,44,38,31,27,5,0,1,0,0,442,26,29,23,43,41,31,40,35,42,44,40,19,12,7,5,4,0,1,0
2018," 汐止區"," 計",4408,257,240,253,363,382,404,315,387,372,369,306,283,173,144,83,54,16,6,1,3706,210,194,200,288,311,342,260,323,318,316,272,246,151,130,78,46,14,6,1,702,47,46,53,75,71,62,55,64,54,53,34,37,22,14,5,8,2,0,0
2018," 汐止區"," 男",2131,134,128,140,180,194,214,155,203,158,158,134,113,83,66,34,25,8,4,0,1831,106,101,111,143,162,183,132,179,139,142,124,102,75,62,33,25,8,4,0,300,28,27,29,37,32,31,23,24,19,16,10,11,8,4,1,0,0,0,0
2018," 汐止區"," 女",2277,123,112,113,183,188,190,160,184,214,211,172,170,90,78,49,29,8,2,1,1875,104,93,89,145,149,159,128,144,179,174,148,144,76,68,45,21,6,2,1,402,19,19,24,38,39,31,32,40,35,37,24,26,14,10,4,8,2,0,0
2018," 瑞芳區"," 計",1254,84,72,67,97,111,85,97,113,94,92,70,76,95,54,26,12,5,4,0,1159,71,62,58,89,96,79,89,109,88,83,66,74,95,53,26,12,5,4,0,95,13,10,9,8,15,6,8,4,6,9,4,2,0,1,0,0,0,0,0
2018," 瑞芳區"," 男",639,45,34,35,52,50,44,51,62,53,39,40,34,37,38,14,5,4,2,0,603,40,30,29,49,44,42,50,61,50,35,40,34,37,37,14,5,4,2,0,36,5,4,6,3,6,2,1,1,3,4,0,0,0,1,0,0,0,0,0
2018," 瑞芳區"," 女",615,39,38,32,45,61,41,46,51,41,53,30,42,58,16,12,7,1,2,0,556,31,32,29,40,52,37,39,48,38,48,26,40,58,16,12,7,1,2,0,59,8,6,3,5,9,4,7,3,3,5,4,2,0,0,0,0,0,0,0
2018," 土城區"," 計",4180,283,271,242,302,431,385,349,391,300,250,281,251,239,118,44,20,12,6,5,3259,209,208,160,233,325,295,263,314,244,200,223,206,206,97,39,17,11,4,5,921,74,63,82,69,106,90,86,77,56,50,58,45,33,21,5,3,1,2,0
2018," 土城區"," 男",2007,141,150,126,153,195,190,194,195,157,99,106,105,98,59,25,7,3,2,2,1600,104,115,86,122,140,145,153,161,132,82,88,90,91,54,23,7,3,2,2,407,37,35,40,31,55,45,41,34,25,17,18,15,7,5,2,0,0,0,0
2018," 土城區"," 女",2173,142,121,116,149,236,195,155,196,143,151,175,146,141,59,19,13,9,4,3,1659,105,93,74,111,185,150,110,153,112,118,135,116,115,43,16,10,8,2,3,514,37,28,42,38,51,45,45,43,31,33,40,30,26,16,3,3,1,2,0
2018," 蘆洲區"," 計",2090,152,144,143,189,202,245,147,186,146,142,145,116,76,36,13,5,2,1,0,1526,102,99,101,134,151,181,103,131,110,105,113,96,53,30,11,5,1,0,0,564,50,45,42,55,51,64,44,55,36,37,32,20,23,6,2,0,1,1,0
2018," 蘆洲區"," 男",955,69,64,68,99,103,117,65,88,65,53,64,40,35,19,4,1,1,0,0,695,44,43,46,66,72,90,51,61,48,39,50,35,27,17,4,1,1,0,0,260,25,21,22,33,31,27,14,27,17,14,14,5,8,2,0,0,0,0,0
2018," 蘆洲區"," 女",1135,83,80,75,90,99,128,82,98,81,89,81,76,41,17,9,4,1,1,0,831,58,56,55,68,79,91,52,70,62,66,63,61,26,13,7,4,0,0,0,304,25,24,20,22,20,37,30,28,19,23,18,15,15,4,2,0,1,1,0
2018," 五股區"," 計",1872,126,137,158,177,205,200,122,153,122,122,131,97,62,34,17,7,1,0,1,1214,90,85,83,101,124,139,81,100,91,68,99,71,43,27,8,2,1,0,1,658,36,52,75,76,81,61,41,53,31,54,32,26,19,7,9,5,0,0,0
2018," 五股區"," 男",879,72,72,79,89,103,98,45,73,58,49,59,45,19,10,7,0,1,0,0,598,51,41,47,49,65,70,31,51,50,23,49,38,17,9,6,0,1,0,0,281,21,31,32,40,38,28,14,22,8,26,10,7,2,1,1,0,0,0,0
2018," 五股區"," 女",993,54,65,79,88,102,102,77,80,64,73,72,52,43,24,10,7,0,0,1,616,39,44,36,52,59,69,50,49,41,45,50,33,26,18,2,2,0,0,1,377,15,21,43,36,43,33,27,31,23,28,22,19,17,6,8,5,0,0,0
2018," 泰山區"," 計",1268,84,113,111,124,139,107,89,108,94,90,81,53,45,16,6,6,1,1,0,836,52,78,65,76,82,69,63,80,58,64,55,44,30,10,6,3,0,1,0,432,32,35,46,48,57,38,26,28,36,26,26,9,15,6,0,3,1,0,0
2018," 泰山區"," 男",588,42,62,57,60,80,51,40,43,35,39,30,17,17,10,3,1,0,1,0,391,24,38,34,35,40,38,28,33,23,32,23,16,13,9,3,1,0,1,0,197,18,24,23,25,40,13,12,10,12,7,7,1,4,1,0,0,0,0,0
2018," 泰山區"," 女",680,42,51,54,64,59,56,49,65,59,51,51,36,28,6,3,5,1,0,0,445,28,40,31,41,42,31,35,47,35,32,32,28,17,1,3,2,0,0,0,235,14,11,23,23,17,25,14,18,24,19,19,8,11,5,0,3,1,0,0
2018," 林口區"," 計",1962,134,174,178,216,181,139,131,178,144,142,113,105,67,28,14,9,4,3,2,1420,84,120,136,146,125,111,87,129,101,109,85,85,54,24,11,6,3,2,2,542,50,54,42,70,56,28,44,49,43,33,28,20,13,4,3,3,1,1,0
2018," 林口區"," 男",898,59,95,98,98,88,69,55,62,45,64,65,48,25,12,10,1,2,1,1,680,36,69,76,72,57,58,38,46,34,52,52,43,23,11,8,1,2,1,1,218,23,26,22,26,31,11,17,16,11,12,13,5,2,1,2,0,0,0,0
2018," 林口區"," 女",1064,75,79,80,118,93,70,76,116,99,78,48,57,42,16,4,8,2,2,1,740,48,51,60,74,68,53,49,83,67,57,33,42,31,13,3,5,1,1,1,324,27,28,20,44,25,17,27,33,32,21,15,15,11,3,1,3,1,1,0
2018," 深坑區"," 計",214,8,9,13,20,28,21,18,23,13,19,12,11,12,4,3,0,0,0,0,142,7,5,7,14,15,12,14,18,9,9,9,7,10,4,2,0,0,0,0,72,1,4,6,6,13,9,4,5,4,10,3,4,2,0,1,0,0,0,0
2018," 深坑區"," 男",96,3,6,7,11,16,11,13,11,2,6,4,3,1,1,1,0,0,0,0,59,3,3,1,6,9,7,10,9,2,2,3,1,1,1,1,0,0,0,0,37,0,3,6,5,7,4,3,2,0,4,1,2,0,0,0,0,0,0,0
2018," 深坑區"," 女",118,5,3,6,9,12,10,5,12,11,13,8,8,11,3,2,0,0,0,0,83,4,2,6,8,6,5,4,9,7,7,6,6,9,3,1,0,0,0,0,35,1,1,0,1,6,5,1,3,4,6,2,2,2,0,1,0,0,0,0
2018," 石碇區"," 計",38,6,2,0,3,5,3,3,6,3,2,1,3,0,1,0,0,0,0,0,18,1,2,0,3,1,1,1,4,1,1,1,2,0,0,0,0,0,0,0,20,5,0,0,0,4,2,2,2,2,1,0,1,0,1,0,0,0,0,0
2018," 石碇區"," 男",11,5,1,0,1,1,0,1,1,1,0,0,0,0,0,0,0,0,0,0,3,0,1,0,1,0,0,0,1,0,0,0,0,0,0,0,0,0,0,0,8,5,0,0,0,1,0,1,0,1,0,0,0,0,0,0,0,0,0,0
2018," 石碇區"," 女",27,1,1,0,2,4,3,2,5,2,2,1,3,0,1,0,0,0,0,0,15,1,1,0,2,1,1,1,3,1,1,1,2,0,0,0,0,0,0,0,12,0,0,0,0,3,2,1,2,1,1,0,1,0,1,0,0,0,0,0
2018," 坪林區"," 計",14,1,1,1,2,2,2,0,2,1,0,1,0,0,1,0,0,0,0,0,5,0,0,0,1,1,1,0,0,0,0,1,0,0,1,0,0,0,0,0,9,1,1,1,1,1,1,0,2,1,0,0,0,0,0,0,0,0,0,0
2018," 坪林區"," 男",5,0,0,1,1,0,0,0,1,1,0,0,0,0,1,0,0,0,0,0,1,0,0,0,0,0,0,0,0,0,0,0,0,0,1,0,0,0,0,0,4,0,0,1,1,0,0,0,1,1,0,0,0,0,0,0,0,0,0,0
2018," 坪林區"," 女",9,1,1,0,1,2,2,0,1,0,0,1,0,0,0,0,0,0,0,0,4,0,0,0,1,1,1,0,0,0,0,1,0,0,0,0,0,0,0,0,5,1,1,0,0,1,1,0,1,0,0,0,0,0,0,0,0,0,0,0
2018," 三芝區"," 計",348,22,19,23,28,27,52,41,25,13,23,24,27,19,4,0,1,0,0,0,261,13,13,16,22,15,39,33,22,11,16,16,23,18,4,0,0,0,0,0,87,9,6,7,6,12,13,8,3,2,7,8,4,1,0,0,1,0,0,0
2018," 三芝區"," 男",164,13,13,9,10,16,26,24,13,4,7,6,12,8,3,0,0,0,0,0,125,8,9,8,9,10,18,20,11,4,5,5,8,7,3,0,0,0,0,0,39,5,4,1,1,6,8,4,2,0,2,1,4,1,0,0,0,0,0,0
2018," 三芝區"," 女",184,9,6,14,18,11,26,17,12,9,16,18,15,11,1,0,1,0,0,0,136,5,4,8,13,5,21,13,11,7,11,11,15,11,1,0,0,0,0,0,48,4,2,6,5,6,5,4,1,2,5,7,0,0,0,0,1,0,0,0
2018," 石門區"," 計",54,2,1,4,5,8,3,3,5,3,6,4,5,4,0,1,0,0,0,0,27,0,1,1,3,3,2,2,4,2,1,1,4,3,0,0,0,0,0,0,27,2,0,3,2,5,1,1,1,1,5,3,1,1,0,1,0,0,0,0
2018," 石門區"," 男",15,1,0,2,1,2,1,1,1,0,1,0,3,2,0,0,0,0,0,0,10,0,0,0,0,2,1,1,1,0,0,0,3,2,0,0,0,0,0,0,5,1,0,2,1,0,0,0,0,0,1,0,0,0,0,0,0,0,0,0
2018," 石門區"," 女",39,1,1,2,4,6,2,2,4,3,5,4,2,2,0,1,0,0,0,0,17,0,1,1,3,1,1,1,3,2,1,1,1,1,0,0,0,0,0,0,22,1,0,1,1,5,1,1,1,1,4,3,1,1,0,1,0,0,0,0
2018," 八里區"," 計",876,52,74,69,65,84,91,71,79,55,49,69,59,36,15,5,1,2,0,0,618,37,45,39,43,53,68,56,54,44,37,52,42,29,14,3,1,1,0,0,258,15,29,30,22,31,23,15,25,11,12,17,17,7,1,2,0,1,0,0
2018," 八里區"," 男",417,29,36,30,32,47,42,34,36,25,25,24,32,15,8,2,0,0,0,0,298,21,22,18,19,27,33,28,24,21,17,21,26,12,8,1,0,0,0,0,119,8,14,12,13,20,9,6,12,4,8,3,6,3,0,1,0,0,0,0
2018," 八里區"," 女",459,23,38,39,33,37,49,37,43,30,24,45,27,21,7,3,1,2,0,0,320,16,23,21,24,26,35,28,30,23,20,31,16,17,6,2,1,1,0,0,139,7,15,18,9,11,14,9,13,7,4,14,11,4,1,1,0,1,0,0
2018," 平溪區"," 計",23,0,1,1,2,2,1,3,1,3,4,1,1,0,1,2,0,0,0,0,19,0,1,1,1,1,0,3,1,2,4,1,1,0,1,2,0,0,0,0,4,0,0,0,1,1,1,0,0,1,0,0,0,0,0,0,0,0,0,0
2018," 平溪區"," 男",4,0,0,0,0,0,1,0,0,0,1,1,0,0,0,1,0,0,0,0,3,0,0,0,0,0,0,0,0,0,1,1,0,0,0,1,0,0,0,0,1,0,0,0,0,0,1,0,0,0,0,0,0,0,0,0,0,0,0,0
2018," 平溪區"," 女",19,0,1,1,2,2,0,3,1,3,3,0,1,0,1,1,0,0,0,0,16,0,1,1,1,1,0,3,1,2,3,0,1,0,1,1,0,0,0,0,3,0,0,0,1,1,0,0,0,1,0,0,0,0,0,0,0,0,0,0
2018," 雙溪區"," 計",25,3,6,2,0,0,3,1,3,0,3,0,3,1,0,0,0,0,0,0,19,2,4,2,0,0,2,1,3,0,2,0,2,1,0,0,0,0,0,0,6,1,2,0,0,0,1,0,0,0,1,0,1,0,0,0,0,0,0,0
2018," 雙溪區"," 男",7,1,2,0,0,0,0,0,1,0,0,0,3,0,0,0,0,0,0,0,6,1,2,0,0,0,0,0,1,0,0,0,2,0,0,0,0,0,0,0,1,0,0,0,0,0,0,0,0,0,0,0,1,0,0,0,0,0,0,0
2018," 雙溪區"," 女",18,2,4,2,0,0,3,1,2,0,3,0,0,1,0,0,0,0,0,0,13,1,2,2,0,0,2,1,2,0,2,0,0,1,0,0,0,0,0,0,5,1,2,0,0,0,1,0,0,0,1,0,0,0,0,0,0,0,0,0
2018," 貢寮區"," 計",87,8,3,5,8,10,9,4,11,5,6,10,5,3,0,0,0,0,0,0,51,5,1,3,7,8,4,0,6,5,4,4,1,3,0,0,0,0,0,0,36,3,2,2,1,2,5,4,5,0,2,6,4,0,0,0,0,0,0,0
2018," 貢寮區"," 男",33,4,0,3,4,4,3,3,5,0,1,3,1,2,0,0,0,0,0,0,19,1,0,2,3,3,2,0,3,0,1,2,0,2,0,0,0,0,0,0,14,3,0,1,1,1,1,3,2,0,0,1,1,0,0,0,0,0,0,0
2018," 貢寮區"," 女",54,4,3,2,4,6,6,1,6,5,5,7,4,1,0,0,0,0,0,0,32,4,1,1,4,5,2,0,3,5,3,2,1,1,0,0,0,0,0,0,22,0,2,1,0,1,4,1,3,0,2,5,3,0,0,0,0,0,0,0
2018," 金山區"," 計",136,18,8,4,7,17,21,11,12,12,5,10,6,1,3,0,1,0,0,0,80,4,6,2,6,7,12,8,10,10,2,5,4,0,3,0,1,0,0,0,56,14,2,2,1,10,9,3,2,2,3,5,2,1,0,0,0,0,0,0
2018," 金山區"," 男",53,8,3,1,4,7,9,5,5,4,0,3,2,0,2,0,0,0,0,0,27,0,2,0,4,3,3,3,4,3,0,2,1,0,2,0,0,0,0,0,26,8,1,1,0,4,6,2,1,1,0,1,1,0,0,0,0,0,0,0
2018," 金山區"," 女",83,10,5,3,3,10,12,6,7,8,5,7,4,1,1,0,1,0,0,0,53,4,4,2,2,4,9,5,6,7,2,3,3,0,1,0,1,0,0,0,30,6,1,1,1,6,3,1,1,1,3,4,1,1,0,0,0,0,0,0
2018," 萬里區"," 計",292,32,16,9,10,38,34,29,23,18,18,19,16,18,6,1,2,3,0,0,240,30,11,9,6,28,27,26,21,12,12,16,16,16,5,1,2,2,0,0,52,2,5,0,4,10,7,3,2,6,6,3,0,2,1,0,0,1,0,0
2018," 萬里區"," 男",138,18,10,5,3,23,19,10,9,6,7,8,6,11,1,1,0,1,0,0,120,16,7,5,2,20,16,10,9,3,6,7,6,10,1,1,0,1,0,0,18,2,3,0,1,3,3,0,0,3,1,1,0,1,0,0,0,0,0,0
2018," 萬里區"," 女",154,14,6,4,7,15,15,19,14,12,11,11,10,7,5,0,2,2,0,0,120,14,4,4,4,8,11,16,12,9,6,9,10,6,4,0,2,1,0,0,34,0,2,0,3,7,4,3,2,3,5,2,0,1,1,0,0,1,0,0
2018," 烏來區"," 計",2901,222,171,189,226,257,251,228,238,201,178,189,175,148,123,36,41,17,11,0,161,15,5,10,9,18,7,16,11,14,14,10,12,12,6,1,1,0,0,0,2740,207,166,179,217,239,244,212,227,187,164,179,163,136,117,35,40,17,11,0
2018," 烏來區"," 男",1425,115,87,95,131,125,144,118,125,88,86,86,76,58,51,16,11,10,3,0,66,9,1,5,6,11,4,6,6,2,4,3,2,3,3,0,1,0,0,0,1359,106,86,90,125,114,140,112,119,86,82,83,74,55,48,16,10,10,3,0
2018," 烏來區"," 女",1476,107,84,94,95,132,107,110,113,113,92,103,99,90,72,20,30,7,8,0,95,6,4,5,3,7,3,10,5,12,10,7,10,9,3,1,0,0,0,0,1381,101,80,89,92,125,104,100,108,101,82,96,89,81,69,19,30,7,8,0
2019," 新北市"," 計",56592,3990,4036,3893,4673,5368,5485,4365,4875,4270,3798,3641,3188,2382,1399,673,330,149,59,18,38773,2574,2624,2520,3011,3599,3749,2992,3410,3016,2641,2635,2267,1781,1059,516,232,97,33,17,17819,1416,1412,1373,1662,1769,1736,1373,1465,1254,1157,1006,921,601,340,157,98,52,26,1
2019," 新北市"," 男",26184,2005,2051,1984,2362,2666,2721,2050,2255,1813,1538,1420,1276,949,605,286,123,53,19,8,18369,1296,1321,1285,1515,1780,1914,1437,1626,1376,1091,1097,952,766,500,245,104,42,14,8,7815,709,730,699,847,886,807,613,629,437,447,323,324,183,105,41,19,11,5,0
2019," 新北市"," 女",30408,1985,1985,1909,2311,2702,2764,2315,2620,2457,2260,2221,1912,1433,794,387,207,96,40,10,20404,1278,1303,1235,1496,1819,1835,1555,1784,1640,1550,1538,1315,1015,559,271,128,55,19,9,10004,707,682,674,815,883,929,760,836,817,710,683,597,418,235,116,79,41,21,1
2019," 板橋區"," 計",4301,275,320,289,357,420,456,337,391,354,272,270,200,176,103,46,19,12,3,1,3033,183,218,197,245,296,320,234,272,260,196,204,146,120,79,36,15,9,3,0,1268,92,102,92,112,124,136,103,119,94,76,66,54,56,24,10,4,3,0,1
2019," 板橋區"," 男",1857,141,148,149,183,200,213,141,148,144,110,99,57,63,33,19,6,3,0,0,1343,94,98,105,126,146,152,98,106,107,84,78,49,46,27,18,6,3,0,0,514,47,50,44,57,54,61,43,42,37,26,21,8,17,6,1,0,0,0,0
2019," 板橋區"," 女",2444,134,172,140,174,220,243,196,243,210,162,171,143,113,70,27,13,9,3,1,1690,89,120,92,119,150,168,136,166,153,112,126,97,74,52,18,9,6,3,0,754,45,52,48,55,70,75,60,77,57,50,45,46,39,18,9,4,3,0,1
2019," 三重區"," 計",2497,215,188,160,234,261,252,209,220,177,179,146,124,64,42,16,5,4,0,1,1570,132,114,101,133,145,157,141,137,110,118,103,80,47,31,14,4,2,0,1,927,83,74,59,101,116,95,68,83,67,61,43,44,17,11,2,1,2,0,0
2019," 三重區"," 男",1081,96,100,75,140,136,114,85,100,57,51,43,36,27,12,6,1,1,0,1,693,53,60,46,85,75,78,63,61,43,35,34,22,19,11,5,1,1,0,1,388,43,40,29,55,61,36,22,39,14,16,9,14,8,1,1,0,0,0,0
2019," 三重區"," 女",1416,119,88,85,94,125,138,124,120,120,128,103,88,37,30,10,4,3,0,0,877,79,54,55,48,70,79,78,76,67,83,69,58,28,20,9,3,1,0,0,539,40,34,30,46,55,59,46,44,53,45,34,30,9,10,1,1,2,0,0
2019," 中和區"," 計",3070,237,237,177,252,241,266,263,292,231,203,175,184,140,82,63,17,5,5,0,1930,130,141,99,135,155,173,155,196,161,132,120,111,104,57,44,10,5,2,0,1140,107,96,78,117,86,93,108,96,70,71,55,73,36,25,19,7,0,3,0
2019," 中和區"," 男",1282,100,121,95,135,117,114,112,114,93,74,49,55,51,27,18,4,1,2,0,794,50,63,53,67,75,75,66,77,72,47,34,31,41,21,15,4,1,2,0,488,50,58,42,68,42,39,46,37,21,27,15,24,10,6,3,0,0,0,0
2019," 中和區"," 女",1788,137,116,82,117,124,152,151,178,138,129,126,129,89,55,45,13,4,3,0,1136,80,78,46,68,80,98,89,119,89,85,86,80,63,36,29,6,4,0,0,652,57,38,36,49,44,54,62,59,49,44,40,49,26,19,16,7,0,3,0
2019," 永和區"," 計",1037,76,78,80,78,89,91,77,84,86,63,66,64,50,22,13,11,5,2,2,589,49,44,43,39,46,56,48,55,50,31,36,32,28,17,6,5,0,2,2,448,27,34,37,39,43,35,29,29,36,32,30,32,22,5,7,6,5,0,0
2019," 永和區"," 男",409,36,39,37,33,40,42,29,37,27,25,21,23,12,5,1,1,0,0,1,242,23,22,25,14,21,28,13,28,17,11,13,11,8,5,1,1,0,0,1,167,13,17,12,19,19,14,16,9,10,14,8,12,4,0,0,0,0,0,0
2019," 永和區"," 女",628,40,39,43,45,49,49,48,47,59,38,45,41,38,17,12,10,5,2,1,347,26,22,18,25,25,28,35,27,33,20,23,21,20,12,5,4,0,2,1,281,14,17,25,20,24,21,13,20,26,18,22,20,18,5,7,6,5,0,0
2019," 新莊區"," 計",5354,427,407,412,486,510,503,447,429,429,338,318,259,199,108,46,28,7,1,0,3722,282,271,280,301,337,341,325,308,293,234,232,200,158,89,38,25,7,1,0,1632,145,136,132,185,173,162,122,121,136,104,86,59,41,19,8,3,0,0,0
2019," 新莊區"," 男",2462,220,205,200,253,250,241,202,188,177,134,119,108,81,49,18,14,3,0,0,1752,149,136,131,161,166,165,146,140,138,94,92,89,69,44,16,13,3,0,0,710,71,69,69,92,84,76,56,48,39,40,27,19,12,5,2,1,0,0,0
2019," 新莊區"," 女",2892,207,202,212,233,260,262,245,241,252,204,199,151,118,59,28,14,4,1,0,1970,133,135,149,140,171,176,179,168,155,140,140,111,89,45,22,12,4,1,0,922,74,67,63,93,89,86,66,73,97,64,59,40,29,14,6,2,0,0,0
2019," 新店區"," 計",3506,213,246,212,262,304,323,236,286,280,261,230,216,181,130,67,34,19,6,0,2305,135,149,120,159,196,220,152,187,178,181,162,150,124,100,48,26,14,4,0,1201,78,97,92,103,108,103,84,99,102,80,68,66,57,30,19,8,5,2,0
2019," 新店區"," 男",1558,117,116,104,125,159,143,111,124,126,109,89,83,54,56,26,10,5,1,0,1068,76,71,60,77,104,97,74,88,89,79,66,60,45,45,22,9,5,1,0,490,41,45,44,48,55,46,37,36,37,30,23,23,9,11,4,1,0,0,0
2019," 新店區"," 女",1948,96,130,108,137,145,180,125,162,154,152,141,133,127,74,41,24,14,5,0,1237,59,78,60,82,92,123,78,99,89,102,96,90,79,55,26,17,9,3,0,711,37,52,48,55,53,57,47,63,65,50,45,43,48,19,15,7,5,2,0
2019," 樹林區"," 計",6330,419,469,464,525,640,629,480,564,488,413,429,369,252,113,43,20,5,6,2,5067,294,355,368,407,517,506,389,462,391,337,363,297,209,105,38,18,5,4,2,1263,125,114,96,118,123,123,91,102,97,76,66,72,43,8,5,2,0,2,0
2019," 樹林區"," 男",3089,223,230,241,277,325,335,257,263,208,172,185,162,115,58,20,11,2,4,1,2524,162,178,184,207,259,275,217,217,182,146,165,140,102,56,18,10,2,3,1,565,61,52,57,70,66,60,40,46,26,26,20,22,13,2,2,1,0,1,0
2019," 樹林區"," 女",3241,196,239,223,248,315,294,223,301,280,241,244,207,137,55,23,9,3,2,1,2543,132,177,184,200,258,231,172,245,209,191,198,157,107,49,20,8,3,1,1,698,64,62,39,48,57,63,51,56,71,50,46,50,30,6,3,1,0,1,0
2019," 鶯歌區"," 計",2867,193,219,222,266,313,285,219,231,201,186,170,173,100,47,26,13,3,0,0,1957,119,117,145,181,207,196,150,151,145,138,123,122,86,38,24,12,3,0,0,910,74,102,77,85,106,89,69,80,56,48,47,51,14,9,2,1,0,0,0
2019," 鶯歌區"," 男",1354,95,107,111,124,161,144,105,114,87,81,60,75,49,24,8,8,1,0,0,951,66,60,72,84,106,102,71,76,63,62,49,56,44,23,8,8,1,0,0,403,29,47,39,40,55,42,34,38,24,19,11,19,5,1,0,0,0,0,0
2019," 鶯歌區"," 女",1513,98,112,111,142,152,141,114,117,114,105,110,98,51,23,18,5,2,0,0,1006,53,57,73,97,101,94,79,75,82,76,74,66,42,15,16,4,2,0,0,507,45,55,38,45,51,47,35,42,32,29,36,32,9,8,2,1,0,0,0
2019," 三峽區"," 計",3041,255,235,237,273,304,301,219,234,199,208,200,168,111,60,25,8,2,2,0,2325,206,168,172,207,227,224,161,177,153,164,161,124,94,53,25,6,2,1,0,716,49,67,65,66,77,77,58,57,46,44,39,44,17,7,0,2,0,1,0
2019," 三峽區"," 男",1506,129,133,125,137,167,155,112,120,95,87,78,72,50,27,15,3,1,0,0,1192,104,97,96,108,120,120,90,89,79,69,73,58,46,25,15,2,1,0,0,314,25,36,29,29,47,35,22,31,16,18,5,14,4,2,0,1,0,0,0
2019," 三峽區"," 女",1535,126,102,112,136,137,146,107,114,104,121,122,96,61,33,10,5,1,2,0,1133,102,71,76,99,107,104,71,88,74,95,88,66,48,28,10,4,1,1,0,402,24,31,36,37,30,42,36,26,30,26,34,30,13,5,0,1,0,1,0
2019," 淡水區"," 計",2041,148,158,122,170,188,197,149,196,151,142,150,100,67,58,31,9,4,1,0,1210,88,93,61,95,110,107,80,130,96,80,86,60,51,43,24,4,2,0,0,831,60,65,61,75,78,90,69,66,55,62,64,40,16,15,7,5,2,1,0
2019," 淡水區"," 男",924,78,86,66,81,84,105,57,98,63,55,51,35,26,20,14,3,2,0,0,562,44,50,30,49,48,55,33,69,46,33,34,20,20,14,13,3,1,0,0,362,34,36,36,32,36,50,24,29,17,22,17,15,6,6,1,0,1,0,0
2019," 淡水區"," 女",1117,70,72,56,89,104,92,92,98,88,87,99,65,41,38,17,6,2,1,0,648,44,43,31,46,62,52,47,61,50,47,52,40,31,29,11,1,1,0,0,469,26,29,25,43,42,40,45,37,38,40,47,25,10,9,6,5,1,1,0
2019," 汐止區"," 計",4484,261,237,250,332,388,432,325,399,358,372,320,284,202,149,85,61,20,6,3,3777,220,192,205,257,325,359,270,336,298,318,282,247,178,133,78,55,16,5,3,707,41,45,45,75,63,73,55,63,60,54,38,37,24,16,7,6,4,1,0
2019," 汐止區"," 男",2153,138,118,141,161,196,231,159,205,159,164,128,120,90,64,35,29,10,4,1,1853,114,91,116,123,167,198,138,184,134,146,117,108,83,58,32,29,10,4,1,300,24,27,25,38,29,33,21,21,25,18,11,12,7,6,3,0,0,0,0
2019," 汐止區"," 女",2331,123,119,109,171,192,201,166,194,199,208,192,164,112,85,50,32,10,2,2,1924,106,101,89,134,158,161,132,152,164,172,165,139,95,75,46,26,6,1,2,407,17,18,20,37,34,40,34,42,35,36,27,25,17,10,4,6,4,1,0
2019," 瑞芳區"," 計",1237,74,65,69,103,100,93,86,113,97,94,69,65,103,56,29,10,8,3,0,1142,61,57,56,93,89,87,80,107,89,87,65,64,102,55,29,10,8,3,0,95,13,8,13,10,11,6,6,6,8,7,4,1,1,1,0,0,0,0,0
2019," 瑞芳區"," 男",630,44,32,35,57,40,51,43,59,57,37,39,30,41,34,20,4,5,2,0,592,38,31,26,53,36,48,43,57,53,33,39,30,41,33,20,4,5,2,0,38,6,1,9,4,4,3,0,2,4,4,0,0,0,1,0,0,0,0,0
2019," 瑞芳區"," 女",607,30,33,34,46,60,42,43,54,40,57,30,35,62,22,9,6,3,1,0,550,23,26,30,40,53,39,37,50,36,54,26,34,61,22,9,6,3,1,0,57,7,7,4,6,7,3,6,4,4,3,4,1,1,0,0,0,0,0,0
2019," 土城區"," 計",4172,281,267,257,279,413,399,341,387,307,252,267,261,218,142,56,20,13,5,7,3259,213,213,178,211,311,297,256,314,253,197,211,211,188,119,48,17,12,3,7,913,68,54,79,68,102,102,85,73,54,55,56,50,30,23,8,3,1,2,0
2019," 土城區"," 男",1989,142,143,129,136,192,202,180,195,153,107,100,108,85,73,31,5,4,1,3,1586,106,118,89,103,138,149,143,161,137,83,82,89,78,69,28,5,4,1,3,403,36,25,40,33,54,53,37,34,16,24,18,19,7,4,3,0,0,0,0
2019," 土城區"," 女",2183,139,124,128,143,221,197,161,192,154,145,167,153,133,69,25,15,9,4,4,1673,107,95,89,108,173,148,113,153,116,114,129,122,110,50,20,12,8,2,4,510,32,29,39,35,48,49,48,39,38,31,38,31,23,19,5,3,1,2,0
2019," 蘆洲區"," 計",2104,149,146,149,161,206,242,165,182,152,143,142,125,77,41,17,4,3,0,0,1526,98,95,106,116,153,173,123,124,117,101,111,104,54,30,14,4,3,0,0,578,51,51,43,45,53,69,42,58,35,42,31,21,23,11,3,0,0,0,0
2019," 蘆洲區"," 男",957,66,61,74,81,101,125,73,88,64,51,60,52,31,22,6,1,1,0,0,693,42,37,52,56,73,95,55,61,50,32,47,45,23,17,6,1,1,0,0,264,24,24,22,25,28,30,18,27,14,19,13,7,8,5,0,0,0,0,0
2019," 蘆洲區"," 女",1147,83,85,75,80,105,117,92,94,88,92,82,73,46,19,11,3,2,0,0,833,56,58,54,60,80,78,68,63,67,69,64,59,31,13,8,3,2,0,0,314,27,27,21,20,25,39,24,31,21,23,18,14,15,6,3,0,0,0,0
2019," 五股區"," 計",1940,123,138,165,174,200,210,135,148,141,123,137,109,67,33,21,13,2,0,1,1263,85,86,88,98,126,142,100,94,102,69,104,79,44,25,10,8,2,0,1,677,38,52,77,76,74,68,35,54,39,54,33,30,23,8,11,5,0,0,0
2019," 五股區"," 男",905,67,78,79,85,99,105,48,74,66,53,56,52,21,12,4,5,1,0,0,617,43,47,44,50,62,77,38,48,56,30,43,42,18,10,3,5,1,0,0,288,24,31,35,35,37,28,10,26,10,23,13,10,3,2,1,0,0,0,0
2019," 五股區"," 女",1035,56,60,86,89,101,105,87,74,75,70,81,57,46,21,17,8,1,0,1,646,42,39,44,48,64,65,62,46,46,39,61,37,26,15,7,3,1,0,1,389,14,21,42,41,37,40,25,28,29,31,20,20,20,6,10,5,0,0,0
2019," 泰山區"," 計",1295,90,106,114,132,137,124,86,109,91,103,76,54,42,15,10,4,2,0,0,827,52,74,61,75,85,73,59,78,61,67,50,42,29,9,9,3,0,0,0,468,38,32,53,57,52,51,27,31,30,36,26,12,13,6,1,1,2,0,0
2019," 泰山區"," 男",610,46,59,62,64,77,61,42,43,36,43,29,17,17,6,7,1,0,0,0,392,27,38,31,34,46,35,30,33,24,31,21,16,13,5,7,1,0,0,0,218,19,21,31,30,31,26,12,10,12,12,8,1,4,1,0,0,0,0,0
2019," 泰山區"," 女",685,44,47,52,68,60,63,44,66,55,60,47,37,25,9,3,3,2,0,0,435,25,36,30,41,39,38,29,45,37,36,29,26,16,4,2,2,0,0,0,250,19,11,22,27,21,25,15,21,18,24,18,11,9,5,1,1,2,0,0
2019," 林口區"," 計",2219,161,197,190,213,202,178,161,189,187,140,138,106,85,35,19,8,5,4,1,1593,105,137,145,144,137,133,110,132,133,102,105,82,71,28,16,7,2,3,1,626,56,60,45,69,65,45,51,57,54,38,33,24,14,7,3,1,3,1,0
2019," 林口區"," 男",1014,76,97,106,96,96,85,69,76,62,55,80,48,35,15,12,2,2,1,1,760,48,69,84,68,61,70,46,60,44,43,65,39,33,14,10,2,2,1,1,254,28,28,22,28,35,15,23,16,18,12,15,9,2,1,2,0,0,0,0
2019," 林口區"," 女",1205,85,100,84,117,106,93,92,113,125,85,58,58,50,20,7,6,3,3,0,833,57,68,61,76,76,63,64,72,89,59,40,43,38,14,6,5,0,2,0,372,28,32,23,41,30,30,28,41,36,26,18,15,12,6,1,1,3,1,0
2019," 深坑區"," 計",233,17,14,9,20,24,27,19,22,14,18,13,12,16,4,4,0,0,0,0,156,14,8,4,13,13,15,16,18,11,8,7,9,13,4,3,0,0,0,0,77,3,6,5,7,11,12,3,4,3,10,6,3,3,0,1,0,0,0,0
2019," 深坑區"," 男",105,8,8,7,8,16,13,14,12,2,5,5,4,1,1,1,0,0,0,0,64,6,4,2,2,9,9,12,9,2,2,2,2,1,1,1,0,0,0,0,41,2,4,5,6,7,4,2,3,0,3,3,2,0,0,0,0,0,0,0
2019," 深坑區"," 女",128,9,6,2,12,8,14,5,10,12,13,8,8,15,3,3,0,0,0,0,92,8,4,2,11,4,6,4,9,9,6,5,7,12,3,2,0,0,0,0,36,1,2,0,1,4,8,1,1,3,7,3,1,3,0,1,0,0,0,0
2019," 石碇區"," 計",38,6,4,0,2,5,5,3,7,2,1,1,2,0,0,0,0,0,0,0,19,1,3,0,2,1,2,1,5,1,1,0,2,0,0,0,0,0,0,0,19,5,1,0,0,4,3,2,2,1,0,1,0,0,0,0,0,0,0,0
2019," 石碇區"," 男",14,5,3,0,0,2,1,1,2,0,0,0,0,0,0,0,0,0,0,0,5,0,2,0,0,1,0,0,2,0,0,0,0,0,0,0,0,0,0,0,9,5,1,0,0,1,1,1,0,0,0,0,0,0,0,0,0,0,0,0
2019," 石碇區"," 女",24,1,1,0,2,3,4,2,5,2,1,1,2,0,0,0,0,0,0,0,14,1,1,0,2,0,2,1,3,1,1,0,2,0,0,0,0,0,0,0,10,0,0,0,0,3,2,1,2,1,0,1,0,0,0,0,0,0,0,0
2019," 坪林區"," 計",20,2,4,1,2,2,2,2,2,1,0,1,0,0,1,0,0,0,0,0,10,1,2,0,1,1,2,1,0,0,0,1,0,0,1,0,0,0,0,0,10,1,2,1,1,1,0,1,2,1,0,0,0,0,0,0,0,0,0,0
2019," 坪林區"," 男",9,0,2,1,1,0,1,1,1,1,0,0,0,0,1,0,0,0,0,0,5,0,2,0,0,0,1,1,0,0,0,0,0,0,1,0,0,0,0,0,4,0,0,1,1,0,0,0,1,1,0,0,0,0,0,0,0,0,0,0
2019," 坪林區"," 女",11,2,2,0,1,2,1,1,1,0,0,1,0,0,0,0,0,0,0,0,5,1,0,0,1,1,1,0,0,0,0,1,0,0,0,0,0,0,0,0,6,1,2,0,0,1,0,1,1,0,0,0,0,0,0,0,0,0,0,0
2019," 三芝區"," 計",356,23,21,25,24,30,44,45,26,20,18,28,26,20,3,1,2,0,0,0,260,14,14,17,18,17,33,32,23,18,9,21,21,18,3,1,1,0,0,0,96,9,7,8,6,13,11,13,3,2,9,7,5,2,0,0,1,0,0,0
2019," 三芝區"," 男",165,13,14,9,11,12,26,21,15,8,5,6,14,8,2,1,0,0,0,0,123,8,10,7,10,8,18,15,13,8,2,6,9,6,2,1,0,0,0,0,42,5,4,2,1,4,8,6,2,0,3,0,5,2,0,0,0,0,0,0
2019," 三芝區"," 女",191,10,7,16,13,18,18,24,11,12,13,22,12,12,1,0,2,0,0,0,137,6,4,10,8,9,15,17,10,10,7,15,12,12,1,0,1,0,0,0,54,4,3,6,5,9,3,7,1,2,6,7,0,0,0,0,1,0,0,0
2019," 石門區"," 計",52,4,0,5,5,6,4,3,5,2,5,4,6,2,0,1,0,0,0,0,27,1,0,2,3,4,2,2,4,2,1,1,4,1,0,0,0,0,0,0,25,3,0,3,2,2,2,1,1,0,4,3,2,1,0,1,0,0,0,0
2019," 石門區"," 男",15,2,0,2,1,2,1,1,1,0,0,1,3,1,0,0,0,0,0,0,10,1,0,0,0,2,1,1,1,0,0,0,3,1,0,0,0,0,0,0,5,1,0,2,1,0,0,0,0,0,0,1,0,0,0,0,0,0,0,0
2019," 石門區"," 女",37,2,0,3,4,4,3,2,4,2,5,3,3,1,0,1,0,0,0,0,17,0,0,2,3,2,1,1,3,2,1,1,1,0,0,0,0,0,0,0,20,2,0,1,1,2,2,1,1,0,4,2,2,1,0,1,0,0,0,0
2019," 八里區"," 計",906,60,73,69,74,77,98,71,73,65,45,62,65,37,23,7,3,2,2,0,633,40,45,38,50,47,72,56,51,50,33,45,49,27,21,5,1,1,2,0,273,20,28,31,24,30,26,15,22,15,12,17,16,10,2,2,2,1,0,0
2019," 八里區"," 男",429,27,39,33,34,39,53,30,38,27,23,24,28,17,12,4,1,0,0,0,301,16,23,19,22,24,37,25,26,22,17,19,24,13,11,3,0,0,0,0,128,11,16,14,12,15,16,5,12,5,6,5,4,4,1,1,1,0,0,0
2019," 八里區"," 女",477,33,34,36,40,38,45,41,35,38,22,38,37,20,11,3,2,2,2,0,332,24,22,19,28,23,35,31,25,28,16,26,25,14,10,2,1,1,2,0,145,9,12,17,12,15,10,10,10,10,6,12,12,6,1,1,1,1,0,0
2019," 平溪區"," 計",22,0,0,2,1,3,1,2,1,2,5,1,1,0,1,2,0,0,0,0,18,0,0,2,0,2,0,2,1,1,5,1,1,0,1,2,0,0,0,0,4,0,0,0,1,1,1,0,0,1,0,0,0,0,0,0,0,0,0,0
2019," 平溪區"," 男",4,0,0,0,0,0,1,0,0,0,1,1,0,0,0,1,0,0,0,0,3,0,0,0,0,0,0,0,0,0,1,1,0,0,0,1,0,0,0,0,1,0,0,0,0,0,1,0,0,0,0,0,0,0,0,0,0,0,0,0
2019," 平溪區"," 女",18,0,0,2,1,3,0,2,1,2,4,0,1,0,1,1,0,0,0,0,15,0,0,2,0,2,0,2,1,1,4,0,1,0,1,1,0,0,0,0,3,0,0,0,1,1,0,0,0,1,0,0,0,0,0,0,0,0,0,0
2019," 雙溪區"," 計",26,4,2,6,0,0,2,2,2,1,3,0,2,2,0,0,0,0,0,0,20,3,2,4,0,0,1,2,2,1,2,0,1,2,0,0,0,0,0,0,6,1,0,2,0,0,1,0,0,0,1,0,1,0,0,0,0,0,0,0
2019," 雙溪區"," 男",8,2,1,1,0,0,0,0,0,1,0,0,2,1,0,0,0,0,0,0,7,2,1,1,0,0,0,0,0,1,0,0,1,1,0,0,0,0,0,0,1,0,0,0,0,0,0,0,0,0,0,0,1,0,0,0,0,0,0,0
2019," 雙溪區"," 女",18,2,1,5,0,0,2,2,2,0,3,0,0,1,0,0,0,0,0,0,13,1,1,3,0,0,1,2,2,0,2,0,0,1,0,0,0,0,0,0,5,1,0,2,0,0,1,0,0,0,1,0,0,0,0,0,0,0,0,0
2019," 貢寮區"," 計",87,7,4,5,7,10,9,3,13,4,6,10,5,2,2,0,0,0,0,0,50,3,1,4,5,9,3,2,5,4,5,4,2,1,2,0,0,0,0,0,37,4,3,1,2,1,6,1,8,0,1,6,3,1,0,0,0,0,0,0
2019," 貢寮區"," 男",34,4,1,2,4,4,3,2,6,1,0,4,1,1,1,0,0,0,0,0,19,1,0,2,2,3,2,1,2,1,0,3,0,1,1,0,0,0,0,0,15,3,1,0,2,1,1,1,4,0,0,1,1,0,0,0,0,0,0,0
2019," 貢寮區"," 女",53,3,3,3,3,6,6,1,7,3,6,6,4,1,1,0,0,0,0,0,31,2,1,2,3,6,1,1,3,3,5,1,2,0,1,0,0,0,0,0,22,1,2,1,0,0,5,0,4,0,1,5,2,1,0,0,0,0,0,0
2019," 金山區"," 計",133,16,6,7,8,11,19,14,14,10,7,8,8,1,2,1,0,1,0,0,78,4,3,4,6,5,11,8,12,8,4,4,5,0,2,1,0,1,0,0,55,12,3,3,2,6,8,6,2,2,3,4,3,1,0,0,0,0,0,0
2019," 金山區"," 男",51,7,4,1,6,4,6,7,5,2,2,2,3,0,1,1,0,0,0,0,26,0,1,0,5,2,2,4,4,1,2,1,2,0,1,1,0,0,0,0,25,7,3,1,1,2,4,3,1,1,0,1,1,0,0,0,0,0,0,0
2019," 金山區"," 女",82,9,2,6,2,7,13,7,9,8,5,6,5,1,1,0,0,1,0,0,52,4,2,4,1,3,9,4,8,7,2,3,3,0,1,0,0,1,0,0,30,5,0,2,1,4,4,3,1,1,3,3,2,1,0,0,0,0,0,0
2019," 萬里區"," 計",298,32,19,13,11,31,39,29,21,17,17,20,13,22,7,2,1,4,0,0,246,29,15,12,7,21,33,25,18,14,9,20,11,20,6,2,1,3,0,0,52,3,4,1,4,10,6,4,3,3,8,0,2,2,1,0,0,1,0,0
2019," 萬里區"," 男",143,18,12,6,3,22,22,11,6,7,7,8,5,12,2,1,0,1,0,0,125,16,9,6,2,19,18,11,6,5,5,8,5,11,2,1,0,1,0,0,18,2,3,0,1,3,4,0,0,2,2,0,0,1,0,0,0,0,0,0
2019," 萬里區"," 女",155,14,7,7,8,9,17,18,15,10,10,12,8,10,5,1,1,3,0,0,121,13,6,6,5,2,15,14,12,9,4,12,6,9,4,1,1,2,0,0,34,1,1,1,3,7,2,4,3,1,6,0,2,1,1,0,0,1,0,0
2019," 烏來區"," 計",2926,222,176,182,222,253,254,237,235,203,181,190,187,146,120,42,40,23,13,0,161,12,7,8,10,17,11,12,11,16,12,13,11,12,8,1,0,0,0,0,2765,210,169,174,212,236,243,225,224,187,169,177,176,134,112,41,40,23,13,0
2019," 烏來區"," 男",1427,105,94,93,126,125,128,137,123,90,87,83,83,60,48,17,14,10,4,0,67,7,3,4,7,9,7,3,8,2,4,5,1,3,4,0,0,0,0,0,1360,98,91,89,119,116,121,134,115,88,83,78,82,57,44,17,14,10,4,0
2019," 烏來區"," 女",1499,117,82,89,96,128,126,100,112,113,94,107,104,86,72,25,26,13,9,0,94,5,4,4,3,8,4,9,3,14,8,8,10,9,4,1,0,0,0,0,1405,112,78,85,93,120,122,91,109,99,86,99,94,77,68,24,26,13,9,0
2020," 新北市"," 計",57407,4025,4231,3809,4454,5363,5495,4634,4718,4508,3763,3618,3338,2480,1568,810,332,176,59,26,39257,2608,2731,2489,2841,3541,3751,3197,3257,3198,2624,2574,2387,1841,1195,615,237,115,34,22,18150,1417,1500,1320,1613,1822,1744,1437,1461,1310,1139,1044,951,639,373,195,95,61,25,4
2020," 新北市"," 男",26559,2022,2137,1949,2242,2699,2694,2199,2222,1941,1541,1402,1343,950,680,328,127,56,19,8,18601,1316,1368,1268,1440,1762,1897,1544,1594,1461,1106,1056,1017,753,561,283,106,49,12,8,7958,706,769,681,802,937,797,655,628,480,435,346,326,197,119,45,21,7,7,0
2020," 新北市"," 女",30848,2003,2094,1860,2212,2664,2801,2435,2496,2567,2222,2216,1995,1530,888,482,205,120,40,18,20656,1292,1363,1221,1401,1779,1854,1653,1663,1737,1518,1518,1370,1088,634,332,131,66,22,14,10192,711,731,639,811,885,947,782,833,830,704,698,625,442,254,150,74,54,18,4
2020," 板橋區"," 計",4436,311,330,305,336,420,448,376,377,389,272,253,225,177,124,52,21,16,3,1,3072,197,225,203,219,283,315,250,262,280,195,190,166,124,92,40,17,11,3,0,1364,114,105,102,117,137,133,126,115,109,77,63,59,53,32,12,4,5,0,1
2020," 板橋區"," 男",1918,157,156,155,176,197,204,160,146,166,113,89,70,55,45,19,7,3,0,0,1363,96,104,102,117,140,145,113,103,126,83,67,64,41,34,18,7,3,0,0,555,61,52,53,59,57,59,47,43,40,30,22,6,14,11,1,0,0,0,0
2020," 板橋區"," 女",2518,154,174,150,160,223,244,216,231,223,159,164,155,122,79,33,14,13,3,1,1709,101,121,101,102,143,170,137,159,154,112,123,102,83,58,22,10,8,3,0,809,53,53,49,58,80,74,79,72,69,47,41,53,39,21,11,4,5,0,1
2020," 三重區"," 計",2518,211,205,152,214,269,264,209,213,177,180,147,128,80,37,24,3,3,1,1,1576,120,127,89,130,148,158,147,123,111,122,105,87,56,25,22,3,2,0,1,942,91,78,63,84,121,106,62,90,66,58,42,41,24,12,2,0,1,1,0
2020," 三重區"," 男",1118,101,104,74,129,153,120,87,101,50,62,47,36,29,14,8,1,1,0,1,714,53,66,43,83,81,81,65,59,38,44,35,23,22,10,8,1,1,0,1,404,48,38,31,46,72,39,22,42,12,18,12,13,7,4,0,0,0,0,0
2020," 三重區"," 女",1400,110,101,78,85,116,144,122,112,127,118,100,92,51,23,16,2,2,1,0,862,67,61,46,47,67,77,82,64,73,78,70,64,34,15,14,2,1,0,0,538,43,40,32,38,49,67,40,48,54,40,30,28,17,8,2,0,1,1,0
2020," 中和區"," 計",3138,245,259,183,225,242,278,281,283,254,187,181,185,137,97,66,18,11,5,1,1973,137,152,108,117,151,188,159,191,170,123,128,113,98,70,43,15,7,3,0,1165,108,107,75,108,91,90,122,92,84,64,53,72,39,27,23,3,4,2,1
2020," 中和區"," 男",1320,111,130,102,116,113,117,129,115,102,68,60,54,42,38,14,5,2,2,0,823,57,68,59,58,67,84,71,78,77,45,41,32,33,32,12,5,2,2,0,497,54,62,43,58,46,33,58,37,25,23,19,22,9,6,2,0,0,0,0
2020," 中和區"," 女",1818,134,129,81,109,129,161,152,168,152,119,121,131,95,59,52,13,9,3,1,1150,80,84,49,59,84,104,88,113,93,78,87,81,65,38,31,10,5,1,0,668,54,45,32,50,45,57,64,55,59,41,34,50,30,21,21,3,4,2,1
2020," 永和區"," 計",1055,77,92,72,76,97,93,73,87,83,58,77,61,44,27,16,12,7,1,2,613,59,52,38,34,54,58,47,52,50,30,42,34,23,22,10,4,1,1,2,442,18,40,34,42,43,35,26,35,33,28,35,27,21,5,6,8,6,0,0
2020," 永和區"," 男",417,36,45,36,32,48,39,29,32,30,22,24,24,10,7,1,1,0,0,1,249,27,24,22,15,27,25,15,22,18,10,15,13,6,7,1,1,0,0,1,168,9,21,14,17,21,14,14,10,12,12,9,11,4,0,0,0,0,0,0
2020," 永和區"," 女",638,41,47,36,44,49,54,44,55,53,36,53,37,34,20,15,11,7,1,1,364,32,28,16,19,27,33,32,30,32,20,27,21,17,15,9,3,1,1,1,274,9,19,20,25,22,21,12,25,21,16,26,16,17,5,6,8,6,0,0
2020," 新莊區"," 計",5351,418,420,378,447,522,480,472,439,420,352,288,296,192,135,54,27,7,4,0,3737,290,277,253,288,333,324,348,306,310,232,204,233,149,112,44,23,7,4,0,1614,128,143,125,159,189,156,124,133,110,120,84,63,43,23,10,4,0,0,0
2020," 新莊區"," 男",2464,218,207,189,227,262,240,208,194,181,135,111,119,79,59,17,13,5,0,0,1758,150,135,123,153,160,173,152,142,147,90,83,97,68,53,15,12,5,0,0,706,68,72,66,74,102,67,56,52,34,45,28,22,11,6,2,1,0,0,0
2020," 新莊區"," 女",2887,200,213,189,220,260,240,264,245,239,217,177,177,113,76,37,14,2,4,0,1979,140,142,130,135,173,151,196,164,163,142,121,136,81,59,29,11,2,4,0,908,60,71,59,85,87,89,68,81,76,75,56,41,32,17,8,3,0,0,0
2020," 新店區"," 計",3577,207,242,211,267,308,325,260,262,298,263,238,223,189,140,78,32,27,3,4,2345,129,142,123,158,194,222,173,175,187,182,165,148,137,106,57,22,20,1,4,1232,78,100,88,109,114,103,87,87,111,81,73,75,52,34,21,10,7,2,0
2020," 新店區"," 男",1573,111,113,100,128,152,153,124,115,127,109,90,90,57,59,28,9,6,1,1,1076,70,65,60,78,95,106,85,80,92,78,66,61,47,53,24,8,6,1,1,497,41,48,40,50,57,47,39,35,35,31,24,29,10,6,4,1,0,0,0
2020," 新店區"," 女",2004,96,129,111,139,156,172,136,147,171,154,148,133,132,81,50,23,21,2,3,1269,59,77,63,80,99,116,88,95,95,104,99,87,90,53,33,14,14,0,3,735,37,52,48,59,57,56,48,52,76,50,49,46,42,28,17,9,7,2,0
2020," 樹林區"," 計",6254,404,470,441,523,615,599,492,525,520,399,404,389,260,130,51,19,6,5,2,5002,281,350,345,393,508,483,404,429,424,322,336,316,217,120,47,16,6,3,2,1252,123,120,96,130,107,116,88,96,96,77,68,73,43,10,4,3,0,2,0
2020," 樹林區"," 男",3048,207,235,224,279,321,312,258,252,231,162,171,181,106,68,24,10,3,3,1,2486,146,180,168,205,260,259,216,213,198,134,152,159,94,65,22,9,3,2,1,562,61,55,56,74,61,53,42,39,33,28,19,22,12,3,2,1,0,1,0
2020," 樹林區"," 女",3206,197,235,217,244,294,287,234,273,289,237,233,208,154,62,27,9,3,2,1,2516,135,170,177,188,248,224,188,216,226,188,184,157,123,55,25,7,3,1,1,690,62,65,40,56,46,63,46,57,63,49,49,51,31,7,2,2,0,1,0
2020," 鶯歌區"," 計",2968,198,219,233,259,309,307,231,232,201,203,174,175,123,53,33,14,4,0,0,2022,127,119,152,168,205,220,153,153,138,150,131,116,99,46,28,13,4,0,0,946,71,100,81,91,104,87,78,79,63,53,43,59,24,7,5,1,0,0,0
2020," 鶯歌區"," 男",1403,99,103,118,119,163,152,107,120,92,85,66,76,57,26,13,6,1,0,0,972,66,61,75,76,104,113,68,82,62,65,51,57,49,23,13,6,1,0,0,431,33,42,43,43,59,39,39,38,30,20,15,19,8,3,0,0,0,0,0
2020," 鶯歌區"," 女",1565,99,116,115,140,146,155,124,112,109,118,108,99,66,27,20,8,3,0,0,1050,61,58,77,92,101,107,85,71,76,85,80,59,50,23,15,7,3,0,0,515,38,58,38,48,45,48,39,41,33,33,28,40,16,4,5,1,0,0,0
2020," 三峽區"," 計",3095,243,229,243,257,317,291,246,232,219,193,202,185,110,74,41,8,4,1,0,2365,197,170,170,195,237,219,183,173,162,153,160,143,89,62,41,6,4,1,0,730,46,59,73,62,80,72,63,59,57,40,42,42,21,12,0,2,0,0,0
2020," 三峽區"," 男",1510,113,138,121,131,177,147,119,125,100,87,71,73,49,32,22,4,1,0,0,1199,92,104,91,100,132,113,96,95,81,72,64,62,43,28,22,3,1,0,0,311,21,34,30,31,45,34,23,30,19,15,7,11,6,4,0,1,0,0,0
2020," 三峽區"," 女",1585,130,91,122,126,140,144,127,107,119,106,131,112,61,42,19,4,3,1,0,1166,105,66,79,95,105,106,87,78,81,81,96,81,46,34,19,3,3,1,0,419,25,25,43,31,35,38,40,29,38,25,35,31,15,8,0,1,0,0,0
2020," 淡水區"," 計",2177,166,176,128,156,203,203,187,186,181,136,149,119,71,64,38,7,5,2,0,1281,98,108,69,81,116,115,98,128,109,76,80,68,50,49,30,3,2,1,0,896,68,68,59,75,87,88,89,58,72,60,69,51,21,15,8,4,3,1,0
2020," 淡水區"," 男",986,82,99,65,75,96,98,86,94,75,52,49,44,24,26,16,2,3,0,0,584,45,59,33,39,54,53,45,67,51,28,31,25,17,18,15,2,2,0,0,402,37,40,32,36,42,45,41,27,24,24,18,19,7,8,1,0,1,0,0
2020," 淡水區"," 女",1191,84,77,63,81,107,105,101,92,106,84,100,75,47,38,22,5,2,2,0,697,53,49,36,42,62,62,53,61,58,48,49,43,33,31,15,1,0,1,0,494,31,28,27,39,45,43,48,31,48,36,51,32,14,7,7,4,2,1,0
2020," 汐止區"," 計",4498,263,265,233,316,364,432,351,369,377,355,325,295,215,142,103,64,20,5,4,3781,215,216,199,247,301,352,297,303,318,303,285,254,190,127,93,57,16,4,4,717,48,49,34,69,63,80,54,66,59,52,40,41,25,15,10,7,4,1,0
2020," 汐止區"," 男",2163,142,133,133,147,187,229,171,202,161,161,138,120,90,64,43,29,10,2,1,1867,120,102,115,112,159,194,150,179,137,143,128,108,81,57,40,29,10,2,1,296,22,31,18,35,28,35,21,23,24,18,10,12,9,7,3,0,0,0,0
2020," 汐止區"," 女",2335,121,132,100,169,177,203,180,167,216,194,187,175,125,78,60,35,10,3,3,1914,95,114,84,135,142,158,147,124,181,160,157,146,109,70,53,28,6,2,3,421,26,18,16,34,35,45,33,43,35,34,30,29,16,8,7,7,4,1,0
2020," 瑞芳區"," 計",1247,67,73,75,96,87,99,90,100,105,95,74,63,95,73,30,12,9,4,0,1159,57,66,61,86,78,91,87,94,98,92,65,63,94,72,30,12,9,4,0,88,10,7,14,10,9,8,3,6,7,3,9,0,1,1,0,0,0,0,0
2020," 瑞芳區"," 男",643,43,34,43,50,40,51,47,51,64,38,40,31,41,37,20,5,5,3,0,607,38,33,34,46,37,47,47,49,61,36,38,31,41,36,20,5,5,3,0,36,5,1,9,4,3,4,0,2,3,2,2,0,0,1,0,0,0,0,0
2020," 瑞芳區"," 女",604,24,39,32,46,47,48,43,49,41,57,34,32,54,36,10,7,4,1,0,552,19,33,27,40,41,44,40,45,37,56,27,32,53,36,10,7,4,1,0,52,5,6,5,6,6,4,3,4,4,1,7,0,1,0,0,0,0,0,0
2020," 土城區"," 計",4191,287,283,253,259,405,412,335,365,310,266,240,273,238,152,66,23,14,4,6,3270,219,221,183,193,295,314,247,292,258,211,191,221,200,127,56,19,13,4,6,921,68,62,70,66,110,98,88,73,52,55,49,52,38,25,10,4,1,0,0
2020," 土城區"," 男",1997,153,146,135,123,186,200,176,191,149,123,95,110,87,72,36,8,4,1,2,1591,118,118,98,95,132,148,134,158,130,97,79,93,76,68,33,7,4,1,2,406,35,28,37,28,54,52,42,33,19,26,16,17,11,4,3,1,0,0,0
2020," 土城區"," 女",2194,134,137,118,136,219,212,159,174,161,143,145,163,151,80,30,15,10,3,4,1679,101,103,85,98,163,166,113,134,128,114,112,128,124,59,23,12,9,3,4,515,33,34,33,38,56,46,46,40,33,29,33,35,27,21,7,3,1,0,0
2020," 蘆洲區"," 計",2130,149,157,139,143,207,240,191,176,163,131,147,122,89,45,22,5,4,0,0,1528,98,98,102,106,148,166,141,117,129,91,108,100,65,34,16,5,4,0,0,602,51,59,37,37,59,74,50,59,34,40,39,22,24,11,6,0,0,0,0
2020," 蘆洲區"," 男",974,67,65,71,74,99,131,85,85,68,50,57,48,38,25,8,1,2,0,0,703,47,36,49,54,69,96,63,60,55,34,40,41,30,19,7,1,2,0,0,271,20,29,22,20,30,35,22,25,13,16,17,7,8,6,1,0,0,0,0
2020," 蘆洲區"," 女",1156,82,92,68,69,108,109,106,91,95,81,90,74,51,20,14,4,2,0,0,825,51,62,53,52,79,70,78,57,74,57,68,59,35,15,9,4,2,0,0,331,31,30,15,17,29,39,28,34,21,24,22,15,16,5,5,0,0,0,0
2020," 五股區"," 計",1948,126,143,150,163,202,197,148,140,153,120,146,116,66,37,25,12,3,0,1,1276,81,91,84,89,126,132,112,92,109,71,107,86,44,29,13,7,2,0,1,672,45,52,66,74,76,65,36,48,44,49,39,30,22,8,12,5,1,0,0
2020," 五股區"," 男",907,71,72,70,79,101,102,55,66,76,55,55,56,22,15,6,5,1,0,0,620,45,45,38,47,64,70,43,42,60,36,43,45,18,13,5,5,1,0,0,287,26,27,32,32,37,32,12,24,16,19,12,11,4,2,1,0,0,0,0
2020," 五股區"," 女",1041,55,71,80,84,101,95,93,74,77,65,91,60,44,22,19,7,2,0,1,656,36,46,46,42,62,62,69,50,49,35,64,41,26,16,8,2,1,0,1,385,19,25,34,42,39,33,24,24,28,30,27,19,18,6,11,5,1,0,0
2020," 泰山區"," 計",1300,77,113,107,129,133,129,86,104,101,99,80,60,44,20,12,4,2,0,0,829,48,74,61,73,81,76,59,68,72,65,54,42,34,10,9,3,0,0,0,471,29,39,46,56,52,53,27,36,29,34,26,18,10,10,3,1,2,0,0
2020," 泰山區"," 男",615,37,64,60,66,69,67,43,44,41,38,29,22,20,6,8,1,0,0,0,399,27,37,31,35,43,36,32,33,28,29,22,16,17,4,8,1,0,0,0,216,10,27,29,31,26,31,11,11,13,9,7,6,3,2,0,0,0,0,0
2020," 泰山區"," 女",685,40,49,47,63,64,62,43,60,60,61,51,38,24,14,4,3,2,0,0,430,21,37,30,38,38,40,27,35,44,36,32,26,17,6,1,2,0,0,0,255,19,12,17,25,26,22,16,25,16,25,19,12,7,8,3,1,2,0,0
2020," 林口區"," 計",2375,175,218,200,215,221,186,170,205,205,143,148,114,88,44,23,8,6,4,2,1704,122,148,150,142,156,133,124,139,152,107,103,85,74,35,19,7,3,3,2,671,53,70,50,73,65,53,46,66,53,36,45,29,14,9,4,1,3,1,0
2020," 林口區"," 男",1077,80,113,107,101,103,80,83,82,75,51,81,51,34,15,14,3,2,1,1,814,57,78,84,70,70,61,65,59,58,43,61,42,33,14,12,3,2,1,1,263,23,35,23,31,33,19,18,23,17,8,20,9,1,1,2,0,0,0,0
2020," 林口區"," 女",1298,95,105,93,114,118,106,87,123,130,92,67,63,54,29,9,5,4,3,1,890,65,70,66,72,86,72,59,80,94,64,42,43,41,21,7,4,1,2,1,408,30,35,27,42,32,34,28,43,36,28,25,20,13,8,2,1,3,1,0
2020," 深坑區"," 計",229,16,11,6,20,22,26,19,24,15,18,15,11,16,6,3,1,0,0,0,150,12,6,4,13,12,12,15,20,11,8,8,7,14,5,2,1,0,0,0,79,4,5,2,7,10,14,4,4,4,10,7,4,2,1,1,0,0,0,0
2020," 深坑區"," 男",104,9,5,5,9,15,13,13,14,2,5,6,4,2,1,1,0,0,0,0,63,7,2,3,3,8,7,11,11,1,1,3,2,2,1,1,0,0,0,0,41,2,3,2,6,7,6,2,3,1,4,3,2,0,0,0,0,0,0,0
2020," 深坑區"," 女",125,7,6,1,11,7,13,6,10,13,13,9,7,14,5,2,1,0,0,0,87,5,4,1,10,4,5,4,9,10,7,5,5,12,4,1,1,0,0,0,38,2,2,0,1,3,8,2,1,3,6,4,2,2,1,1,0,0,0,0
2020," 石碇區"," 計",38,6,3,2,1,5,5,2,5,4,2,1,2,0,0,0,0,0,0,0,17,0,1,2,1,2,2,0,3,3,1,0,2,0,0,0,0,0,0,0,21,6,2,0,0,3,3,2,2,1,1,1,0,0,0,0,0,0,0,0
2020," 石碇區"," 男",15,6,3,1,0,2,1,1,0,1,0,0,0,0,0,0,0,0,0,0,4,0,1,1,0,1,0,0,0,1,0,0,0,0,0,0,0,0,0,0,11,6,2,0,0,1,1,1,0,0,0,0,0,0,0,0,0,0,0,0
2020," 石碇區"," 女",23,0,0,1,1,3,4,1,5,3,2,1,2,0,0,0,0,0,0,0,13,0,0,1,1,1,2,0,3,2,1,0,2,0,0,0,0,0,0,0,10,0,0,0,0,2,2,1,2,1,1,1,0,0,0,0,0,0,0,0
2020," 坪林區"," 計",17,1,1,2,2,2,3,2,1,0,1,1,0,0,1,0,0,0,0,0,8,1,0,0,1,1,2,1,0,0,0,1,0,0,1,0,0,0,0,0,9,0,1,2,1,1,1,1,1,0,1,0,0,0,0,0,0,0,0,0
2020," 坪林區"," 男",8,0,0,1,1,0,3,0,1,0,1,0,0,0,1,0,0,0,0,0,3,0,0,0,0,0,2,0,0,0,0,0,0,0,1,0,0,0,0,0,5,0,0,1,1,0,1,0,1,0,1,0,0,0,0,0,0,0,0,0
2020," 坪林區"," 女",9,1,1,1,1,2,0,2,0,0,0,1,0,0,0,0,0,0,0,0,5,1,0,0,1,1,0,1,0,0,0,1,0,0,0,0,0,0,0,0,4,0,1,1,0,1,0,1,0,0,0,0,0,0,0,0,0,0,0,0
2020," 三芝區"," 計",363,24,20,30,23,24,45,46,33,18,16,31,26,20,5,1,1,0,0,0,270,19,13,19,17,16,32,33,27,16,13,20,20,18,5,1,1,0,0,0,93,5,7,11,6,8,13,13,6,2,3,11,6,2,0,0,0,0,0,0
2020," 三芝區"," 男",167,11,12,12,11,12,24,23,17,7,6,7,13,8,3,1,0,0,0,0,127,9,9,8,10,8,17,17,14,7,5,5,8,6,3,1,0,0,0,0,40,2,3,4,1,4,7,6,3,0,1,2,5,2,0,0,0,0,0,0
2020," 三芝區"," 女",196,13,8,18,12,12,21,23,16,11,10,24,13,12,2,0,1,0,0,0,143,10,4,11,7,8,15,16,13,9,8,15,12,12,2,0,1,0,0,0,53,3,4,7,5,4,6,7,3,2,2,9,1,0,0,0,0,0,0,0
2020," 石門區"," 計",52,3,2,2,7,5,6,2,5,2,3,4,5,5,0,1,0,0,0,0,27,1,0,1,4,2,3,1,5,2,1,0,3,4,0,0,0,0,0,0,25,2,2,1,3,3,3,1,0,0,2,4,2,1,0,1,0,0,0,0
2020," 石門區"," 男",17,2,1,0,3,2,2,1,1,0,0,1,2,2,0,0,0,0,0,0,10,1,0,0,0,2,1,1,1,0,0,0,2,2,0,0,0,0,0,0,7,1,1,0,3,0,1,0,0,0,0,1,0,0,0,0,0,0,0,0
2020," 石門區"," 女",35,1,1,2,4,3,4,1,4,2,3,3,3,3,0,1,0,0,0,0,17,0,0,1,4,0,2,0,4,2,1,0,1,2,0,0,0,0,0,0,18,1,1,1,0,3,2,1,0,0,2,3,2,1,0,1,0,0,0,0
2020," 八里區"," 計",950,69,75,66,79,77,102,76,77,64,55,63,62,44,28,7,2,3,1,0,679,48,46,42,55,48,75,61,55,43,45,47,48,32,25,6,1,1,1,0,271,21,29,24,24,29,27,15,22,21,10,16,14,12,3,1,1,2,0,0
2020," 八里區"," 男",454,37,39,33,36,36,51,37,39,29,26,23,29,20,14,4,1,0,0,0,327,24,23,21,28,21,36,32,26,21,21,18,25,15,13,3,0,0,0,0,127,13,16,12,8,15,15,5,13,8,5,5,4,5,1,1,1,0,0,0
2020," 八里區"," 女",496,32,36,33,43,41,51,39,38,35,29,40,33,24,14,3,1,3,1,0,352,24,23,21,27,27,39,29,29,22,24,29,23,17,12,3,1,1,1,0,144,8,13,12,16,14,12,10,9,13,5,11,10,7,2,0,0,2,0,0
2020," 平溪區"," 計",22,0,0,1,1,4,3,1,1,0,5,2,1,0,1,1,1,0,0,0,17,0,0,1,1,1,2,1,1,0,4,2,1,0,1,1,1,0,0,0,5,0,0,0,0,3,1,0,0,0,1,0,0,0,0,0,0,0,0,0
2020," 平溪區"," 男",4,0,0,0,0,0,1,0,0,0,1,1,0,0,0,0,1,0,0,0,3,0,0,0,0,0,0,0,0,0,1,1,0,0,0,0,1,0,0,0,1,0,0,0,0,0,1,0,0,0,0,0,0,0,0,0,0,0,0,0
2020," 平溪區"," 女",18,0,0,1,1,4,2,1,1,0,4,1,1,0,1,1,0,0,0,0,14,0,0,1,1,1,2,1,1,0,3,1,1,0,1,1,0,0,0,0,4,0,0,0,0,3,0,0,0,0,1,0,0,0,0,0,0,0,0,0
2020," 雙溪區"," 計",27,5,1,7,1,0,0,3,3,1,1,1,1,2,0,1,0,0,0,0,24,5,1,5,1,0,0,3,3,1,1,1,0,2,0,1,0,0,0,0,3,0,0,2,0,0,0,0,0,0,0,0,1,0,0,0,0,0,0,0
2020," 雙溪區"," 男",8,2,1,1,0,0,0,0,0,1,0,0,1,1,0,1,0,0,0,0,7,2,1,1,0,0,0,0,0,1,0,0,0,1,0,1,0,0,0,0,1,0,0,0,0,0,0,0,0,0,0,0,1,0,0,0,0,0,0,0
2020," 雙溪區"," 女",19,3,0,6,1,0,0,3,3,0,1,1,0,1,0,0,0,0,0,0,17,3,0,4,1,0,0,3,3,0,1,1,0,1,0,0,0,0,0,0,2,0,0,2,0,0,0,0,0,0,0,0,0,0,0,0,0,0,0,0
2020," 貢寮區"," 計",90,10,5,3,8,9,10,4,11,4,7,8,7,3,1,0,0,0,0,0,49,3,2,2,5,8,4,2,4,4,6,4,2,2,1,0,0,0,0,0,41,7,3,1,3,1,6,2,7,0,1,4,5,1,0,0,0,0,0,0
2020," 貢寮區"," 男",34,6,1,1,4,5,3,2,5,1,0,3,2,1,0,0,0,0,0,0,19,2,0,1,2,4,2,1,2,1,0,2,1,1,0,0,0,0,0,0,15,4,1,0,2,1,1,1,3,0,0,1,1,0,0,0,0,0,0,0
2020," 貢寮區"," 女",56,4,4,2,4,4,7,2,6,3,7,5,5,2,1,0,0,0,0,0,30,1,2,1,3,4,2,1,2,3,6,2,1,1,1,0,0,0,0,0,26,3,2,1,1,0,5,1,4,0,1,3,4,1,0,0,0,0,0,0
2020," 金山區"," 計",127,18,6,8,5,7,20,13,14,10,4,9,6,3,2,1,0,1,0,0,75,6,3,4,4,4,11,8,12,7,3,4,3,2,2,1,0,1,0,0,52,12,3,4,1,3,9,5,2,3,1,5,3,1,0,0,0,0,0,0
2020," 金山區"," 男",46,8,3,1,3,4,7,4,7,1,2,2,2,0,1,1,0,0,0,0,23,0,1,0,3,2,3,2,5,0,2,1,2,0,1,1,0,0,0,0,23,8,2,1,0,2,4,2,2,1,0,1,0,0,0,0,0,0,0,0
2020," 金山區"," 女",81,10,3,7,2,3,13,9,7,9,2,7,4,3,1,0,0,1,0,0,52,6,2,4,1,2,8,6,7,7,1,3,1,2,1,0,0,1,0,0,29,4,1,3,1,1,5,3,0,2,1,4,3,1,0,0,0,0,0,0
2020," 萬里區"," 計",299,31,19,13,12,26,37,36,19,21,16,19,16,18,6,4,1,3,1,1,244,27,16,11,9,17,30,31,16,19,7,17,14,16,6,4,1,2,1,0,55,4,3,2,3,9,7,5,3,2,9,2,2,2,0,0,0,1,0,1
2020," 萬里區"," 男",139,14,15,4,5,17,21,15,5,8,9,5,6,10,3,1,0,1,0,0,121,12,12,4,4,14,17,15,5,8,5,5,6,9,3,1,0,1,0,0,18,2,3,0,1,3,4,0,0,0,4,0,0,1,0,0,0,0,0,0
2020," 萬里區"," 女",160,17,4,9,7,9,16,21,14,13,7,14,10,8,3,3,1,2,1,1,123,15,4,7,5,3,13,16,11,11,2,12,8,7,3,3,1,1,1,0,37,2,0,2,2,6,3,5,3,2,5,2,2,1,0,0,0,1,0,1
2020," 烏來區"," 計",2935,218,194,166,214,261,255,232,230,213,183,191,172,151,124,57,37,21,15,1,164,11,7,8,11,16,12,12,14,15,10,16,12,8,11,1,0,0,0,0,2771,207,187,158,203,245,243,220,216,198,173,175,160,143,113,56,37,21,15,1
2020," 烏來區"," 男",1430,99,100,87,118,139,126,136,118,103,80,81,79,66,49,22,15,6,6,0,69,5,4,4,7,8,8,5,9,2,4,5,2,1,5,0,0,0,0,0,1361,94,96,83,111,131,118,131,109,101,76,76,77,65,44,22,15,6,6,0
2020," 烏來區"," 女",1505,119,94,79,96,122,129,96,112,110,103,110,93,85,75,35,22,15,9,1,95,6,3,4,4,8,4,7,5,13,6,11,10,7,6,1,0,0,0,0,1410,113,91,75,92,114,125,89,107,97,97,99,83,78,69,34,22,15,9,1
2021," 新北市"," 計",57717,3852,4373,3786,4305,5151,5551,4816,4553,4629,3877,3635,3332,2579,1734,887,353,212,63,29,39414,2499,2831,2490,2749,3378,3763,3264,3155,3258,2726,2568,2386,1905,1311,675,255,138,39,24,18303,1353,1542,1296,1556,1773,1788,1552,1398,1371,1151,1067,946,674,423,212,98,74,24,5
2021," 新北市"," 男",26680,1923,2196,1937,2176,2575,2736,2307,2147,2016,1615,1413,1327,989,731,355,145,65,17,10,18637,1246,1412,1270,1391,1673,1892,1605,1525,1513,1166,1051,1014,775,598,306,122,56,12,10,8043,677,784,667,785,902,844,702,622,503,449,362,313,214,133,49,23,9,5,0
2021," 新北市"," 女",31037,1929,2177,1849,2129,2576,2815,2509,2406,2613,2262,2222,2005,1590,1003,532,208,147,46,19,20777,1253,1419,1220,1358,1705,1871,1659,1630,1745,1560,1517,1372,1130,713,369,133,82,27,14,10260,676,758,629,771,871,944,850,776,868,702,705,633,460,290,163,75,65,19,5
2021," 板橋區"," 計",4443,288,325,319,336,396,438,383,370,404,275,251,231,191,129,64,22,17,2,2,3063,183,219,208,218,267,310,250,250,288,202,185,171,135,95,52,15,12,2,1,1380,105,106,111,118,129,128,133,120,116,73,66,60,56,34,12,7,5,0,1
2021," 板橋區"," 男",1904,139,161,158,171,179,200,171,144,166,116,85,76,60,45,23,7,3,0,0,1341,88,103,104,108,129,143,116,98,123,88,63,66,45,35,23,6,3,0,0,563,51,58,54,63,50,57,55,46,43,28,22,10,15,10,0,1,0,0,0
2021," 板橋區"," 女",2539,149,164,161,165,217,238,212,226,238,159,166,155,131,84,41,15,14,2,2,1722,95,116,104,110,138,167,134,152,165,114,122,105,90,60,29,9,9,2,1,817,54,48,57,55,79,71,78,74,73,45,44,50,41,24,12,6,5,0,1
2021," 三重區"," 計",2545,201,210,151,208,258,270,225,198,195,180,147,131,94,41,22,7,4,2,1,1597,118,125,92,120,147,159,160,124,117,122,99,92,62,30,18,7,3,1,1,948,83,85,59,88,111,111,65,74,78,58,48,39,32,11,4,0,1,1,0
2021," 三重區"," 男",1112,94,96,73,124,146,122,100,94,59,64,46,38,29,16,6,2,1,1,1,709,52,59,45,73,81,80,72,56,41,47,33,24,23,12,6,2,1,1,1,403,42,37,28,51,65,42,28,38,18,17,13,14,6,4,0,0,0,0,0
2021," 三重區"," 女",1433,107,114,78,84,112,148,125,104,136,116,101,93,65,25,16,5,3,1,0,888,66,66,47,47,66,79,88,68,76,75,66,68,39,18,12,5,2,0,0,545,41,48,31,37,46,69,37,36,60,41,35,25,26,7,4,0,1,1,0
2021," 中和區"," 計",3171,224,271,187,237,237,256,291,287,272,198,163,182,144,111,69,24,13,2,3,1972,127,146,120,126,147,158,167,189,179,137,109,120,91,83,44,17,9,2,1,1199,97,125,67,111,90,98,124,98,93,61,54,62,53,28,25,7,4,0,2
2021," 中和區"," 男",1345,103,134,104,120,116,118,132,123,103,78,56,49,46,38,16,5,2,1,1,823,55,62,66,61,66,69,78,82,75,55,37,31,32,32,13,5,2,1,1,522,48,72,38,59,50,49,54,41,28,23,19,18,14,6,3,0,0,0,0
2021," 中和區"," 女",1826,121,137,83,117,121,138,159,164,169,120,107,133,98,73,53,19,11,1,2,1149,72,84,54,65,81,89,89,107,104,82,72,89,59,51,31,12,7,1,0,677,49,53,29,52,40,49,70,57,65,38,35,44,39,22,22,7,4,0,2
2021," 永和區"," 計",1083,68,97,70,80,101,95,82,85,80,68,81,55,50,30,18,7,12,2,2,630,46,65,39,38,50,56,49,54,53,38,43,28,30,21,12,0,5,2,1,453,22,32,31,42,51,39,33,31,27,30,38,27,20,9,6,7,7,0,1
2021," 永和區"," 男",429,32,52,35,35,53,36,31,33,32,21,23,18,16,8,2,0,1,0,1,257,23,32,21,18,27,22,17,23,19,9,15,11,9,7,2,0,1,0,1,172,9,20,14,17,26,14,14,10,13,12,8,7,7,1,0,0,0,0,0
2021," 永和區"," 女",654,36,45,35,45,48,59,51,52,48,47,58,37,34,22,16,7,11,2,1,373,23,33,18,20,23,34,32,31,34,29,28,17,21,14,10,0,4,2,0,281,13,12,17,25,25,25,19,21,14,18,30,20,13,8,6,7,7,0,1
2021," 新莊區"," 計",5385,392,452,384,419,502,498,461,442,444,348,312,296,192,138,63,29,8,5,0,3754,265,298,267,275,321,339,319,322,320,229,220,227,146,117,51,25,8,5,0,1631,127,154,117,144,181,159,142,120,124,119,92,69,46,21,12,4,0,0,0
2021," 新莊區"," 男",2492,201,228,196,212,256,253,200,200,191,132,124,117,77,66,19,15,5,0,0,1785,139,153,132,145,156,179,142,152,149,95,89,96,62,60,17,14,5,0,0,707,62,75,64,67,100,74,58,48,42,37,35,21,15,6,2,1,0,0,0
2021," 新莊區"," 女",2893,191,224,188,207,246,245,261,242,253,216,188,179,115,72,44,14,3,5,0,1969,126,145,135,130,165,160,177,170,171,134,131,131,84,57,34,11,3,5,0,924,65,79,53,77,81,85,84,72,82,82,57,48,31,15,10,3,0,0,0
2021," 新店區"," 計",3594,195,260,197,249,306,332,282,244,311,262,250,221,189,145,79,35,28,6,3,2345,124,152,113,144,192,220,193,159,198,173,168,158,131,109,61,23,20,4,3,1249,71,108,84,105,114,112,89,85,113,89,82,63,58,36,18,12,8,2,0
2021," 新店區"," 男",1582,100,124,96,115,154,149,141,109,135,116,92,91,55,58,27,12,6,1,1,1072,60,74,56,67,99,97,98,78,98,78,66,65,44,50,23,11,6,1,1,510,40,50,40,48,55,52,43,31,37,38,26,26,11,8,4,1,0,0,0
2021," 新店區"," 女",2012,95,136,101,134,152,183,141,135,176,146,158,130,134,87,52,23,22,5,2,1273,64,78,57,77,93,123,95,81,100,95,102,93,87,59,38,12,14,3,2,739,31,58,44,57,59,60,46,54,76,51,56,37,47,28,14,11,8,2,0
2021," 樹林區"," 計",6189,386,467,439,497,571,609,498,482,521,418,386,394,271,151,65,20,6,5,3,4974,281,358,346,364,471,494,402,392,436,338,321,325,226,132,57,19,5,4,3,1215,105,109,93,133,100,115,96,90,85,80,65,69,45,19,8,1,1,1,0
2021," 樹林區"," 男",3023,197,233,213,265,301,319,264,237,247,168,163,176,114,75,33,10,4,2,2,2484,142,185,163,190,249,263,223,192,216,143,144,159,98,70,30,10,3,2,2,539,55,48,50,75,52,56,41,45,31,25,19,17,16,5,3,0,1,0,0
2021," 樹林區"," 女",3166,189,234,226,232,270,290,234,245,274,250,223,218,157,76,32,10,2,3,1,2490,139,173,183,174,222,231,179,200,220,195,177,166,128,62,27,9,2,2,1,676,50,61,43,58,48,59,55,45,54,55,46,52,29,14,5,1,0,1,0
2021," 鶯歌區"," 計",3004,196,227,223,248,308,302,262,224,210,197,177,161,144,66,31,17,9,1,1,2033,123,130,144,162,197,218,177,143,138,149,128,106,114,57,24,15,7,0,1,971,73,97,79,86,111,84,85,81,72,48,49,55,30,9,7,2,2,1,0
2021," 鶯歌區"," 男",1416,101,101,114,114,162,156,120,119,94,77,71,65,71,29,13,6,3,0,0,977,63,61,76,74,98,117,83,76,63,58,54,49,59,26,12,5,3,0,0,439,38,40,38,40,64,39,37,43,31,19,17,16,12,3,1,1,0,0,0
2021," 鶯歌區"," 女",1588,95,126,109,134,146,146,142,105,116,120,106,96,73,37,18,11,6,1,1,1056,60,69,68,88,99,101,94,67,75,91,74,57,55,31,12,10,4,0,1,532,35,57,41,46,47,45,48,38,41,29,32,39,18,6,6,1,2,1,0
2021," 三峽區"," 計",3095,235,226,255,233,295,300,253,241,202,203,195,191,119,86,47,8,5,1,0,2376,187,170,183,172,218,233,189,188,146,161,157,149,94,72,45,6,5,1,0,719,48,56,72,61,77,67,64,53,56,42,38,42,25,14,2,2,0,0,0
2021," 三峽區"," 男",1510,114,126,128,128,150,167,125,121,88,104,64,78,49,37,24,5,2,0,0,1203,91,97,96,94,112,129,104,94,72,84,57,69,43,31,24,4,2,0,0,307,23,29,32,34,38,38,21,27,16,20,7,9,6,6,0,1,0,0,0
2021," 三峽區"," 女",1585,121,100,127,105,145,133,128,120,114,99,131,113,70,49,23,3,3,1,0,1173,96,73,87,78,106,104,85,94,74,77,100,80,51,41,21,2,3,1,0,412,25,27,40,27,39,29,43,26,40,22,31,33,19,8,2,1,0,0,0
2021," 淡水區"," 計",2258,169,181,148,146,205,207,195,195,175,144,162,124,73,75,40,10,6,3,0,1365,103,115,85,80,119,116,104,130,117,81,96,68,51,58,33,5,2,2,0,893,66,66,63,66,86,91,91,65,58,63,66,56,22,17,7,5,4,1,0
2021," 淡水區"," 男",1017,88,90,80,64,101,97,86,94,76,57,59,44,28,30,14,5,3,1,0,617,49,57,44,36,60,50,42,64,59,29,40,26,18,23,13,4,2,1,0,400,39,33,36,28,41,47,44,30,17,28,19,18,10,7,1,1,1,0,0
2021," 淡水區"," 女",1241,81,91,68,82,104,110,109,101,99,87,103,80,45,45,26,5,3,2,0,748,54,58,41,44,59,66,62,66,58,52,56,42,33,35,20,1,0,1,0,493,27,33,27,38,45,44,47,35,41,35,47,38,12,10,6,4,3,1,0
2021," 汐止區"," 計",4492,240,282,234,295,361,430,357,351,369,380,329,274,234,143,114,57,35,4,3,3769,198,229,194,233,294,350,296,287,314,322,293,236,206,128,102,55,26,3,3,723,42,53,40,62,67,80,61,64,55,58,36,38,28,15,12,2,9,1,0
2021," 汐止區"," 男",2164,123,152,137,144,176,226,184,175,172,170,143,119,92,62,45,29,13,1,1,1856,104,116,112,110,148,193,157,154,150,147,133,107,84,56,41,29,13,1,1,308,19,36,25,34,28,33,27,21,22,23,10,12,8,6,4,0,0,0,0
2021," 汐止區"," 女",2328,117,130,97,151,185,204,173,176,197,210,186,155,142,81,69,28,22,3,2,1913,94,113,82,123,146,157,139,133,164,175,160,129,122,72,61,26,13,2,2,415,23,17,15,28,39,47,34,43,33,35,26,26,20,9,8,2,9,1,0
2021," 瑞芳區"," 計",1219,69,64,63,95,82,105,84,88,109,91,78,68,82,81,35,13,8,4,0,1131,62,57,52,85,72,94,79,84,102,88,68,67,81,80,35,13,8,4,0,88,7,7,11,10,10,11,5,4,7,3,10,1,1,1,0,0,0,0,0
2021," 瑞芳區"," 男",627,40,30,38,51,40,51,44,42,66,41,40,34,37,34,25,6,5,3,0,593,37,28,31,48,36,46,44,40,64,39,37,34,37,33,25,6,5,3,0,34,3,2,7,3,4,5,0,2,2,2,3,0,0,1,0,0,0,0,0
2021," 瑞芳區"," 女",592,29,34,25,44,42,54,40,46,43,50,38,34,45,47,10,7,3,1,0,538,25,29,21,37,36,48,35,44,38,49,31,33,44,47,10,7,3,1,0,54,4,5,4,7,6,6,5,2,5,1,7,1,1,0,0,0,0,0,0
2021," 土城區"," 計",4184,286,288,250,244,381,422,330,349,329,269,252,265,234,161,75,26,13,5,5,3263,213,228,179,182,281,326,244,279,262,224,191,217,196,133,63,23,12,5,5,921,73,60,71,62,100,96,86,70,67,45,61,48,38,28,12,3,1,0,0
2021," 土城區"," 男",1996,145,154,130,121,170,199,175,190,159,130,100,102,86,75,44,10,3,2,1,1581,106,125,93,95,121,150,130,156,133,109,76,86,74,71,40,10,3,2,1,415,39,29,37,26,49,49,45,34,26,21,24,16,12,4,4,0,0,0,0
2021," 土城區"," 女",2188,141,134,120,123,211,223,155,159,170,139,152,163,148,86,31,16,10,3,4,1682,107,103,86,87,160,176,114,123,129,115,115,131,122,62,23,13,9,3,4,506,34,31,34,36,51,47,41,36,41,24,37,32,26,24,8,3,1,0,0
2021," 蘆洲區"," 計",2149,156,147,149,137,208,240,208,151,178,134,134,122,99,53,19,8,4,2,0,1537,102,93,110,101,144,170,144,101,134,101,102,94,75,38,16,7,4,1,0,612,54,54,39,36,64,70,64,50,44,33,32,28,24,15,3,1,0,1,0
2021," 蘆洲區"," 男",980,70,68,71,71,98,131,90,71,72,56,53,48,41,26,8,4,2,0,0,704,46,43,49,52,65,95,65,49,57,40,41,35,34,20,7,4,2,0,0,276,24,25,22,19,33,36,25,22,15,16,12,13,7,6,1,0,0,0,0
2021," 蘆洲區"," 女",1169,86,79,78,66,110,109,118,80,106,78,81,74,58,27,11,4,2,2,0,833,56,50,61,49,79,75,79,52,77,61,61,59,41,18,9,3,2,1,0,336,30,29,17,17,31,34,39,28,29,17,20,15,17,9,2,1,0,1,0
2021," 五股區"," 計",1989,113,152,135,178,186,211,168,141,150,133,141,120,70,50,23,14,3,0,1,1285,68,101,69,105,113,133,117,102,95,89,98,87,48,36,13,8,2,0,1,704,45,51,66,73,73,78,51,39,55,44,43,33,22,14,10,6,1,0,0
2021," 五股區"," 男",918,65,73,64,89,91,107,71,63,64,69,50,54,28,19,3,7,1,0,0,617,39,48,31,55,56,67,53,44,47,49,36,44,23,15,3,6,1,0,0,301,26,25,33,34,35,40,18,19,17,20,14,10,5,4,0,1,0,0,0
2021," 五股區"," 女",1071,48,79,71,89,95,104,97,78,86,64,91,66,42,31,20,7,2,0,1,668,29,53,38,50,57,66,64,58,48,40,62,43,25,21,10,2,1,0,1,403,19,26,33,39,38,38,33,20,38,24,29,23,17,10,10,5,1,0,0
2021," 泰山區"," 計",1287,75,117,94,116,127,130,95,102,99,95,87,62,45,27,9,3,3,1,0,825,46,76,58,68,76,71,67,68,72,59,59,43,38,14,6,2,2,0,0,462,29,41,36,48,51,59,28,34,27,36,28,19,7,13,3,1,1,1,0
2021," 泰山區"," 男",606,38,67,50,57,68,71,47,39,42,35,32,23,21,9,5,1,1,0,0,397,25,39,29,31,42,37,33,32,29,26,27,16,17,7,5,1,1,0,0,209,13,28,21,26,26,34,14,7,13,9,5,7,4,2,0,0,0,0,0
2021," 泰山區"," 女",681,37,50,44,59,59,59,48,63,57,60,55,39,24,18,4,2,2,1,0,428,21,37,29,37,34,34,34,36,43,33,32,27,21,7,1,1,1,0,0,253,16,13,15,22,25,25,14,27,14,27,23,12,3,11,3,1,1,1,0
2021," 林口區"," 計",2479,171,223,207,210,222,205,190,186,220,160,163,120,97,56,25,11,8,2,3,1754,111,153,144,148,148,144,143,123,162,111,118,93,75,43,22,8,4,1,3,725,60,70,63,62,74,61,47,63,58,49,45,27,22,13,3,3,4,1,0
2021," 林口區"," 男",1135,85,108,114,104,99,95,90,78,86,52,80,59,41,21,14,4,3,0,2,841,58,74,81,77,67,66,72,53,68,39,61,52,34,19,13,3,2,0,2,294,27,34,33,27,32,29,18,25,18,13,19,7,7,2,1,1,1,0,0
2021," 林口區"," 女",1344,86,115,93,106,123,110,100,108,134,108,83,61,56,35,11,7,5,2,1,913,53,79,63,71,81,78,71,70,94,72,57,41,41,24,9,5,2,1,1,431,33,36,30,35,42,32,29,38,40,36,26,20,15,11,2,2,3,1,0
2021," 深坑區"," 計",228,21,11,8,18,20,27,18,19,16,13,21,10,13,8,3,2,0,0,0,150,17,7,5,9,14,13,13,15,13,7,10,5,11,7,2,2,0,0,0,78,4,4,3,9,6,14,5,4,3,6,11,5,2,1,1,0,0,0,0
2021," 深坑區"," 男",100,9,4,6,10,12,14,10,12,4,2,8,5,2,1,0,1,0,0,0,61,7,2,4,2,8,7,8,10,3,1,3,2,2,1,0,1,0,0,0,39,2,2,2,8,4,7,2,2,1,1,5,3,0,0,0,0,0,0,0
2021," 深坑區"," 女",128,12,7,2,8,8,13,8,7,12,11,13,5,11,7,3,1,0,0,0,89,10,5,1,7,6,6,5,5,10,6,7,3,9,6,2,1,0,0,0,39,2,2,1,1,2,7,3,2,2,5,6,2,2,1,1,0,0,0,0
2021," 石碇區"," 計",41,5,6,2,2,4,5,3,5,3,3,1,1,1,0,0,0,0,0,0,21,1,2,2,2,2,2,1,3,2,2,0,1,1,0,0,0,0,0,0,20,4,4,0,0,2,3,2,2,1,1,1,0,0,0,0,0,0,0,0
2021," 石碇區"," 男",13,3,5,1,0,1,1,1,0,1,0,0,0,0,0,0,0,0,0,0,4,0,1,1,0,1,0,0,0,1,0,0,0,0,0,0,0,0,0,0,9,3,4,0,0,0,1,1,0,0,0,0,0,0,0,0,0,0,0,0
2021," 石碇區"," 女",28,2,1,1,2,3,4,2,5,2,3,1,1,1,0,0,0,0,0,0,17,1,1,1,2,1,2,1,3,1,2,0,1,1,0,0,0,0,0,0,11,1,0,0,0,2,2,1,2,1,1,1,0,0,0,0,0,0,0,0
2021," 坪林區"," 計",15,1,1,0,2,0,3,3,0,2,1,0,1,0,1,0,0,0,0,0,6,1,0,0,0,0,1,2,0,0,0,0,1,0,1,0,0,0,0,0,9,0,1,0,2,0,2,1,0,2,1,0,0,0,0,0,0,0,0,0
2021," 坪林區"," 男",8,0,0,0,2,0,2,1,0,1,1,0,0,0,1,0,0,0,0,0,3,0,0,0,0,0,1,1,0,0,0,0,0,0,1,0,0,0,0,0,5,0,0,0,2,0,1,0,0,1,1,0,0,0,0,0,0,0,0,0
2021," 坪林區"," 女",7,1,1,0,0,0,1,2,0,1,0,0,1,0,0,0,0,0,0,0,3,1,0,0,0,0,0,1,0,0,0,0,1,0,0,0,0,0,0,0,4,0,1,0,0,0,1,1,0,1,0,0,0,0,0,0,0,0,0,0
2021," 三芝區"," 計",351,27,21,24,19,23,42,37,40,20,14,28,21,25,8,1,1,0,0,0,260,21,14,16,14,15,30,23,34,17,11,16,17,22,8,1,1,0,0,0,91,6,7,8,5,8,12,14,6,3,3,12,4,3,0,0,0,0,0,0
2021," 三芝區"," 男",162,16,10,9,8,14,22,16,21,8,3,8,12,9,5,1,0,0,0,0,125,14,7,7,7,9,17,9,19,8,3,5,8,6,5,1,0,0,0,0,37,2,3,2,1,5,5,7,2,0,0,3,4,3,0,0,0,0,0,0
2021," 三芝區"," 女",189,11,11,15,11,9,20,21,19,12,11,20,9,16,3,0,1,0,0,0,135,7,7,9,7,6,13,14,15,9,8,11,9,16,3,0,1,0,0,0,54,4,4,6,4,3,7,7,4,3,3,9,0,0,0,0,0,0,0,0
2021," 石門區"," 計",52,2,2,1,7,5,7,5,2,3,4,5,3,5,0,1,0,0,0,0,26,1,0,1,3,3,3,2,2,3,2,1,1,4,0,0,0,0,0,0,26,1,2,0,4,2,4,3,0,0,2,4,2,1,0,1,0,0,0,0
2021," 石門區"," 男",16,1,1,0,3,1,3,2,1,1,0,1,0,2,0,0,0,0,0,0,9,1,0,0,0,1,2,1,1,1,0,0,0,2,0,0,0,0,0,0,7,0,1,0,3,0,1,1,0,0,0,1,0,0,0,0,0,0,0,0
2021," 石門區"," 女",36,1,1,1,4,4,4,3,1,2,4,4,3,3,0,1,0,0,0,0,17,0,0,1,3,2,1,1,1,2,2,1,1,2,0,0,0,0,0,0,19,1,1,0,1,2,3,2,0,0,2,3,2,1,0,1,0,0,0,0
2021," 八里區"," 計",950,67,79,62,92,62,89,83,80,66,57,56,62,47,31,9,3,4,1,0,691,47,54,39,64,43,62,67,58,48,42,45,46,37,26,9,2,1,1,0,259,20,25,23,28,19,27,16,22,18,15,11,16,10,5,0,1,3,0,0
2021," 八里區"," 男",452,37,37,30,44,28,45,41,45,28,25,24,25,21,15,5,1,1,0,0,329,24,24,18,33,19,30,34,32,22,17,19,21,17,14,5,0,0,0,0,123,13,13,12,11,9,15,7,13,6,8,5,4,4,1,0,1,1,0,0
2021," 八里區"," 女",498,30,42,32,48,34,44,42,35,38,32,32,37,26,16,4,2,3,1,0,362,23,30,21,31,24,32,33,26,26,25,26,25,20,12,4,2,1,1,0,136,7,12,11,17,10,12,9,9,12,7,6,12,6,4,0,0,2,0,0
2021," 平溪區"," 計",17,0,0,0,0,2,3,0,2,0,4,2,1,1,1,0,1,0,0,0,12,0,0,0,0,1,1,0,2,0,3,2,1,0,1,0,1,0,0,0,5,0,0,0,0,1,2,0,0,0,1,0,0,1,0,0,0,0,0,0
2021," 平溪區"," 男",4,0,0,0,0,0,1,0,0,0,1,1,0,0,0,0,1,0,0,0,3,0,0,0,0,0,0,0,0,0,1,1,0,0,0,0,1,0,0,0,1,0,0,0,0,0,1,0,0,0,0,0,0,0,0,0,0,0,0,0
2021," 平溪區"," 女",13,0,0,0,0,2,2,0,2,0,3,1,1,1,1,0,0,0,0,0,9,0,0,0,0,1,1,0,2,0,2,1,1,0,1,0,0,0,0,0,4,0,0,0,0,1,1,0,0,0,1,0,0,1,0,0,0,0,0,0
2021," 雙溪區"," 計",29,3,2,6,4,1,0,4,2,1,1,1,1,2,0,1,0,0,0,0,24,2,2,4,4,1,0,3,2,1,1,1,0,2,0,1,0,0,0,0,5,1,0,2,0,0,0,1,0,0,0,0,1,0,0,0,0,0,0,0
2021," 雙溪區"," 男",7,1,2,1,0,0,0,0,0,0,0,0,1,1,0,1,0,0,0,0,5,0,2,1,0,0,0,0,0,0,0,0,0,1,0,1,0,0,0,0,2,1,0,0,0,0,0,0,0,0,0,0,1,0,0,0,0,0,0,0
2021," 雙溪區"," 女",22,2,0,5,4,1,0,4,2,1,1,1,0,1,0,0,0,0,0,0,19,2,0,3,4,1,0,3,2,1,1,1,0,1,0,0,0,0,0,0,3,0,0,2,0,0,0,1,0,0,0,0,0,0,0,0,0,0,0,0
2021," 貢寮區"," 計",100,10,8,2,9,10,12,7,10,5,7,9,6,4,1,0,0,0,0,0,54,3,4,1,5,9,6,3,3,3,7,5,2,2,1,0,0,0,0,0,46,7,4,1,4,1,6,4,7,2,0,4,4,2,0,0,0,0,0,0
2021," 貢寮區"," 男",39,6,2,0,6,4,4,4,5,2,0,3,2,1,0,0,0,0,0,0,21,2,0,0,4,3,3,2,2,1,0,2,1,1,0,0,0,0,0,0,18,4,2,0,2,1,1,2,3,1,0,1,1,0,0,0,0,0,0,0
2021," 貢寮區"," 女",61,4,6,2,3,6,8,3,5,3,7,6,4,3,1,0,0,0,0,0,33,1,4,1,1,6,3,1,1,2,7,3,1,1,1,0,0,0,0,0,28,3,2,1,2,0,5,2,4,1,0,3,3,2,0,0,0,0,0,0
2021," 金山區"," 計",123,15,10,4,6,8,19,12,12,11,6,6,7,3,2,1,0,1,0,0,73,7,2,1,5,6,10,6,10,9,4,3,3,3,2,1,0,1,0,0,50,8,8,3,1,2,9,6,2,2,2,3,4,0,0,0,0,0,0,0
2021," 金山區"," 男",44,4,7,1,1,5,6,5,5,2,3,1,2,0,1,1,0,0,0,0,22,0,1,0,1,4,2,2,3,2,2,1,2,0,1,1,0,0,0,0,22,4,6,1,0,1,4,3,2,0,1,0,0,0,0,0,0,0,0,0
2021," 金山區"," 女",79,11,3,3,5,3,13,7,7,9,3,5,5,3,1,0,0,1,0,0,51,7,1,1,4,2,8,4,7,7,2,2,1,3,1,0,0,1,0,0,28,4,2,2,1,1,5,3,0,2,1,3,4,0,0,0,0,0,0,0
2021," 萬里區"," 計",311,31,28,16,12,19,37,38,20,17,18,20,19,19,6,5,1,3,1,1,256,29,24,13,10,12,28,32,17,16,11,14,17,17,6,5,1,2,1,1,55,2,4,3,2,7,9,6,3,1,7,6,2,2,0,0,0,1,0,0
2021," 萬里區"," 男",146,17,17,8,5,10,21,15,7,9,9,5,7,10,4,1,0,1,0,0,128,16,14,7,4,8,17,15,7,9,5,4,7,9,4,1,0,1,0,0,18,1,3,1,1,2,4,0,0,0,4,1,0,1,0,0,0,0,0,0
2021," 萬里區"," 女",165,14,11,8,7,9,16,23,13,8,9,15,12,9,2,4,1,2,1,1,128,13,10,6,6,4,11,17,10,7,6,10,10,8,2,4,1,1,1,1,37,1,1,2,1,5,5,6,3,1,3,5,2,1,0,0,0,1,0,0
2021," 烏來區"," 計",2934,206,216,156,206,251,257,242,225,217,194,178,183,131,133,68,34,22,14,1,168,13,7,5,12,15,16,12,14,13,12,16,11,7,13,2,0,0,0,0,2766,193,209,151,194,236,241,230,211,204,182,162,172,124,120,66,34,22,14,1
2021," 烏來區"," 男",1433,94,114,80,112,140,120,141,119,108,85,81,82,52,56,25,14,5,5,0,70,5,5,3,6,8,10,4,8,3,2,7,3,1,5,0,0,0,0,0,1363,89,109,77,106,132,110,137,111,105,83,74,79,51,51,25,14,5,5,0
2021," 烏來區"," 女",1501,112,102,76,94,111,137,101,106,109,109,97,101,79,77,43,20,17,9,1,98,8,2,2,6,7,6,8,6,10,10,9,8,6,8,2,0,0,0,0,1403,104,100,74,88,104,131,93,100,99,99,88,93,73,69,41,20,17,9,1
2022," 新北市"," 計",57906,3782,4325,3877,4159,4920,5504,5000,4437,4794,3899,3631,3326,2672,1868,990,413,212,65,0,39432,2400,2793,2522,2683,3225,3692,3418,3026,3371,2735,2530,2406,1951,1416,754,303,138,46,0,18474,1382,1532,1355,1476,1695,1812,1582,1411,1423,1164,1101,920,721,452,236,110,74,19,0
2022," 新北市"," 男",26737,1889,2182,1954,2128,2479,2672,2460,2056,2119,1652,1429,1271,1034,752,407,162,60,20,0,18624,1207,1392,1268,1371,1617,1820,1715,1437,1586,1209,1038,984,800,618,342,141,53,16,0,8113,682,790,686,757,862,852,745,619,533,443,391,287,234,134,65,21,7,4,0
2022," 新北市"," 女",31169,1893,2143,1923,2031,2441,2832,2540,2381,2675,2247,2202,2055,1638,1116,583,251,152,45,0,20808,1193,1401,1254,1312,1608,1872,1703,1589,1785,1526,1492,1422,1151,798,412,162,85,30,0,10361,700,742,669,719,833,960,837,792,890,721,710,633,487,318,171,89,67,15,0
2022," 板橋區"," 計",4423,282,303,334,341,372,416,395,366,404,289,242,238,175,146,70,28,15,4,0,3029,174,200,215,218,258,285,264,241,290,205,179,181,124,106,54,20,11,2,0,1394,108,103,119,123,114,131,131,125,114,84,63,57,51,40,16,8,4,2,0
2022," 板橋區"," 男",1898,133,146,168,169,180,186,189,140,163,121,86,78,52,50,24,9,3,1,0,1339,88,93,108,107,129,134,128,93,124,89,65,69,39,39,22,8,3,1,0,559,45,53,60,62,51,52,61,47,39,32,21,9,13,11,2,1,0,0,0
2022," 板橋區"," 女",2525,149,157,166,172,192,230,206,226,241,168,156,160,123,96,46,19,12,3,0,1690,86,107,107,111,129,151,136,148,166,116,114,112,85,67,32,12,8,1,0,835,63,50,59,61,63,79,70,78,75,52,42,48,38,29,14,7,4,2,0
2022," 三重區"," 計",2595,214,208,160,189,261,265,236,206,206,171,161,128,105,43,25,13,2,1,0,1628,124,127,91,117,146,162,163,127,130,114,103,94,64,33,20,9,2,1,0,967,90,81,69,72,115,103,73,79,76,57,58,34,41,10,5,4,0,0,0
2022," 三重區"," 男",1145,97,95,80,113,146,127,103,94,83,62,48,34,35,15,7,3,1,1,0,727,52,57,44,67,84,83,75,58,55,47,34,20,27,11,7,3,1,1,0,418,45,38,36,46,62,44,28,36,28,15,14,14,8,4,0,0,0,0,0
2022," 三重區"," 女",1450,117,113,80,76,115,138,133,112,123,109,113,94,70,28,18,10,1,0,0,901,72,70,47,50,62,79,88,69,75,67,69,74,37,22,13,6,1,0,0,549,45,43,33,26,53,59,45,43,48,42,44,20,33,6,5,4,0,0,0
2022," 中和區"," 計",3183,200,260,204,230,234,248,292,285,287,202,186,166,154,105,79,34,12,2,0,1979,107,139,129,125,136,157,178,180,193,135,127,111,93,81,53,24,8,2,0,1204,93,121,75,105,98,91,114,105,94,67,59,55,61,24,26,10,4,0,0
2022," 中和區"," 男",1338,97,134,111,110,116,116,132,119,102,76,66,45,49,32,22,8,1,1,0,830,52,65,69,57,67,72,79,81,73,53,45,28,32,27,19,8,1,1,0,508,45,69,42,53,49,44,53,38,29,23,21,17,17,5,3,0,0,0,0
2022," 中和區"," 女",1845,103,126,93,120,118,132,160,166,185,126,120,121,105,73,57,26,11,1,0,1149,55,74,60,68,69,85,99,99,120,82,82,83,61,54,34,16,7,1,0,696,48,52,33,52,49,47,61,67,65,44,38,38,44,19,23,10,4,0,0
2022," 永和區"," 計",1137,86,101,77,85,91,98,100,73,90,80,72,58,53,30,16,14,10,1,0,648,54,58,47,40,45,51,66,43,59,45,34,31,34,18,13,4,4,0,0,489,32,43,30,45,46,47,34,30,31,35,38,27,19,12,3,10,6,1,0
2022," 永和區"," 男",455,42,55,38,37,45,38,34,30,40,25,25,15,18,9,2,0,1,0,0,261,25,29,23,20,23,20,20,18,26,13,14,9,11,6,2,0,1,0,0,194,17,26,15,17,22,18,14,12,14,12,11,6,7,3,0,0,0,0,0
2022," 永和區"," 女",682,44,46,39,48,46,60,66,43,50,55,47,43,35,21,14,14,9,1,0,387,29,29,24,20,22,31,46,25,33,32,20,22,23,12,11,4,3,0,0,295,15,17,15,28,24,29,20,18,17,23,27,21,12,9,3,10,6,1,0
2022," 新莊區"," 計",5326,364,453,371,411,485,483,469,421,440,363,322,273,199,151,73,31,12,5,0,3710,233,309,256,281,306,324,322,308,316,244,218,213,148,128,61,28,10,5,0,1616,131,144,115,130,179,159,147,113,124,119,104,60,51,23,12,3,2,0,0
2022," 新莊區"," 男",2445,187,227,179,214,245,244,209,194,184,139,133,96,79,70,25,13,7,0,0,1749,126,155,123,148,149,167,144,147,149,101,94,79,64,62,22,12,7,0,0,696,61,72,56,66,96,77,65,47,35,38,39,17,15,8,3,1,0,0,0
2022," 新莊區"," 女",2881,177,226,192,197,240,239,260,227,256,224,189,177,120,81,48,18,5,5,0,1961,107,154,133,133,157,157,178,161,167,143,124,134,84,66,39,16,3,5,0,920,70,72,59,64,83,82,82,66,89,81,65,43,36,15,9,2,2,0,0
2022," 新店區"," 計",3626,201,241,222,247,270,341,299,259,285,267,267,219,180,159,90,43,25,7,0,2336,123,138,134,143,165,223,190,172,183,170,182,157,119,114,70,28,18,4,0,1290,78,103,88,104,105,118,109,87,102,97,85,62,61,45,20,15,7,3,0
2022," 新店區"," 男",1597,92,128,96,123,140,157,152,118,124,121,101,80,57,53,33,15,5,1,0,1060,51,74,60,70,86,100,99,83,93,80,69,58,43,45,29,13,5,1,0,537,41,54,36,53,54,57,53,35,31,41,32,22,14,8,4,2,0,0,0
2022," 新店區"," 女",2029,109,113,126,124,130,184,147,141,161,146,166,139,123,106,57,28,20,6,0,1276,72,64,74,73,79,123,91,89,90,90,113,99,76,69,41,15,13,3,0,753,37,49,52,51,51,61,56,52,71,56,53,40,47,37,16,13,7,3,0
2022," 樹林區"," 計",6200,361,458,431,483,537,620,525,469,557,423,386,374,299,170,73,20,5,6,0,4992,265,344,334,360,440,505,423,386,466,336,330,313,250,142,66,20,4,5,0,1208,96,114,97,123,97,115,102,83,91,87,56,61,49,28,7,0,1,1,0
2022," 樹林區"," 男",3036,185,237,202,262,279,316,283,236,264,181,166,167,128,72,40,11,4,1,0,2496,132,182,155,188,229,262,240,195,229,152,146,153,112,66,38,11,3,1,0,540,53,55,47,74,50,54,43,41,35,29,20,14,16,6,2,0,1,0,0
2022," 樹林區"," 女",3164,176,221,229,221,258,304,242,233,293,242,220,207,171,98,33,9,1,5,0,2496,133,162,179,172,211,243,183,191,237,184,184,160,138,76,28,9,1,4,0,668,43,59,50,49,47,61,59,42,56,58,36,47,33,22,5,0,0,1,0
2022," 鶯歌區"," 計",3017,196,230,222,237,292,303,275,216,222,195,186,162,138,81,31,18,10,2,0,2037,124,134,134,158,188,224,187,134,143,148,130,113,101,70,25,15,7,1,0,980,72,96,88,79,104,79,88,82,79,47,56,49,37,11,6,3,3,1,0
2022," 鶯歌區"," 男",1414,102,102,110,109,155,159,131,110,98,77,75,57,69,38,15,5,2,0,0,983,64,63,72,74,96,124,90,68,64,62,53,47,52,34,14,4,2,0,0,431,38,39,38,35,59,35,41,42,34,15,22,10,17,4,1,1,0,0,0
2022," 鶯歌區"," 女",1603,94,128,112,128,137,144,144,106,124,118,111,105,69,43,16,13,8,2,0,1054,60,71,62,84,92,100,97,66,79,86,77,66,49,36,11,11,5,1,0,549,34,57,50,44,45,44,47,40,45,32,34,39,20,7,5,2,3,1,0
2022," 三峽區"," 計",3070,214,224,246,236,285,286,256,227,222,204,177,195,134,94,52,12,4,2,0,2350,165,171,179,175,213,208,195,176,162,155,143,157,105,82,48,10,4,2,0,720,49,53,67,61,72,78,61,51,60,49,34,38,29,12,4,2,0,0,0
2022," 三峽區"," 男",1511,103,118,130,132,147,156,132,107,102,110,65,77,53,46,27,6,0,0,0,1190,80,90,96,98,113,109,112,82,79,88,56,70,46,40,26,5,0,0,0,321,23,28,34,34,34,47,20,25,23,22,9,7,7,6,1,1,0,0,0
2022," 三峽區"," 女",1559,111,106,116,104,138,130,124,120,120,94,112,118,81,48,25,6,4,2,0,1160,85,81,83,77,100,99,83,94,83,67,87,87,59,42,22,5,4,2,0,399,26,25,33,27,38,31,41,26,37,27,25,31,22,6,3,1,0,0,0
2022," 淡水區"," 計",2282,170,181,153,139,210,208,200,182,188,147,162,115,92,68,49,10,6,2,0,1373,107,113,81,76,130,113,112,115,121,88,89,59,66,52,41,6,2,2,0,909,63,68,72,63,80,95,88,67,67,59,73,56,26,16,8,4,4,0,0
2022," 淡水區"," 男",1024,88,87,85,63,104,100,94,78,82,56,63,39,36,24,16,5,3,1,0,620,53,49,45,33,65,51,51,50,60,32,43,21,25,21,14,4,2,1,0,404,35,38,40,30,39,49,43,28,22,24,20,18,11,3,2,1,1,0,0
2022," 淡水區"," 女",1258,82,94,68,76,106,108,106,104,106,91,99,76,56,44,33,5,3,1,0,753,54,64,36,43,65,62,61,65,61,56,46,38,41,31,27,2,0,1,0,505,28,30,32,33,41,46,45,39,45,35,53,38,15,13,6,3,3,0,0
2022," 汐止區"," 計",4464,253,259,246,264,345,425,374,321,377,360,322,295,228,160,119,67,40,7,0,3750,201,217,199,217,274,344,321,268,316,301,280,261,200,143,104,64,32,6,0,714,52,42,47,47,71,81,53,53,61,59,42,34,28,17,15,3,8,1,0
2022," 汐止區"," 男",2153,137,135,136,135,174,215,196,157,188,159,136,132,87,68,48,29,17,4,0,1843,110,107,106,110,140,185,172,138,164,135,124,121,77,62,42,29,17,4,0,310,27,28,30,25,34,30,24,19,24,24,12,11,10,6,6,0,0,0,0
2022," 汐止區"," 女",2311,116,124,110,129,171,210,178,164,189,201,186,163,141,92,71,38,23,3,0,1907,91,110,93,107,134,159,149,130,152,166,156,140,123,81,62,35,15,2,0,404,25,14,17,22,37,51,29,34,37,35,30,23,18,11,9,3,8,1,0
2022," 瑞芳區"," 計",1221,67,76,60,86,89,110,76,89,114,83,72,73,74,86,41,14,7,3,0,1130,59,68,48,76,80,96,73,82,109,79,63,71,74,86,41,14,7,3,0,91,8,8,12,10,9,14,3,7,5,4,9,2,0,0,0,0,0,0,0
2022," 瑞芳區"," 男",625,38,46,33,47,40,53,41,43,59,42,35,38,36,33,26,8,4,2,0,589,35,41,27,43,37,47,40,41,59,39,32,38,36,33,26,8,4,2,0,36,3,5,6,4,3,6,1,2,0,3,3,0,0,0,0,0,0,0,0
2022," 瑞芳區"," 女",596,29,30,27,39,49,57,35,46,55,41,37,35,38,53,15,6,3,1,0,541,24,27,21,33,43,49,33,41,50,40,31,33,38,53,15,6,3,1,0,55,5,3,6,6,6,8,2,5,5,1,6,2,0,0,0,0,0,0,0
2022," 土城區"," 計",4167,261,284,252,250,338,446,350,321,347,269,242,260,231,176,83,33,13,6,0,3237,197,213,191,179,249,340,258,251,280,225,189,204,188,151,71,29,11,6,0,930,64,71,61,71,89,106,92,70,67,44,53,56,43,25,12,4,2,0,0
2022," 土城區"," 男",1993,139,147,134,129,160,201,175,167,176,141,90,98,89,77,44,19,3,2,0,1570,105,109,103,96,116,148,129,135,148,118,70,78,76,74,41,17,3,2,0,423,34,38,31,33,44,53,46,32,28,23,20,20,13,3,3,2,0,0,0
2022," 土城區"," 女",2174,122,137,118,121,178,245,175,154,171,128,152,162,142,99,39,14,10,4,0,1667,92,104,88,83,133,192,129,116,132,107,119,126,112,77,30,12,8,4,0,507,30,33,30,38,45,53,46,38,39,21,33,36,30,22,9,2,2,0,0
2022," 蘆洲區"," 計",2137,155,160,144,138,192,211,220,130,197,131,133,125,107,56,22,10,4,2,0,1520,102,100,102,100,133,152,153,84,139,101,101,95,87,38,18,9,4,2,0,617,53,60,42,38,59,59,67,46,58,30,32,30,20,18,4,1,0,0,0
2022," 蘆洲區"," 男",973,70,74,68,77,91,108,107,53,84,57,52,47,44,23,12,4,1,1,0,694,45,48,45,56,61,78,76,36,60,45,38,36,36,18,10,4,1,1,0,279,25,26,23,21,30,30,31,17,24,12,14,11,8,5,2,0,0,0,0
2022," 蘆洲區"," 女",1164,85,86,76,61,101,103,113,77,113,74,81,78,63,33,10,6,3,1,0,826,57,52,57,44,72,74,77,48,79,56,63,59,51,20,8,5,3,1,0,338,28,34,19,17,29,29,36,29,34,18,18,19,12,13,2,1,0,0,0
2022," 五股區"," 計",2029,118,151,138,161,186,217,185,149,151,140,125,130,84,49,26,12,5,1,0,1303,75,94,77,93,114,134,123,103,95,99,78,98,61,34,16,5,2,1,0,726,43,57,61,68,72,83,62,46,56,41,47,32,23,15,10,7,3,0,0
2022," 五股區"," 男",931,65,74,68,77,92,104,96,60,64,70,46,53,36,15,5,5,1,0,0,625,41,48,36,47,56,63,68,40,45,54,30,46,29,13,4,4,1,0,0,306,24,26,32,30,36,41,28,20,19,16,16,7,7,2,1,1,0,0,0
2022," 五股區"," 女",1098,53,77,70,84,94,113,89,89,87,70,79,77,48,34,21,7,4,1,0,678,34,46,41,46,58,71,55,63,50,45,48,52,32,21,12,1,1,1,0,420,19,31,29,38,36,42,34,26,37,25,31,25,16,13,9,6,3,0,0
2022," 泰山區"," 計",1269,63,110,93,116,107,132,100,104,95,90,90,78,43,28,12,3,3,2,0,822,42,67,61,65,67,70,73,70,66,59,57,56,37,19,7,3,2,1,0,447,21,43,32,51,40,62,27,34,29,31,33,22,6,9,5,0,1,1,0
2022," 泰山區"," 男",591,31,64,46,55,61,73,47,44,40,30,35,27,19,10,6,2,0,1,0,388,22,36,27,30,39,35,34,33,28,22,28,22,16,8,5,2,0,1,0,203,9,28,19,25,22,38,13,11,12,8,7,5,3,2,1,0,0,0,0
2022," 泰山區"," 女",678,32,46,47,61,46,59,53,60,55,60,55,51,24,18,6,1,3,1,0,434,20,31,34,35,28,35,39,37,38,37,29,34,21,11,2,1,2,0,0,244,12,15,13,26,18,24,14,23,17,23,26,17,3,7,4,0,1,1,0
2022," 林口區"," 計",2558,179,246,217,193,229,225,178,198,221,170,168,116,113,61,22,12,7,1,0,1812,111,171,147,138,156,159,140,129,159,125,117,90,88,47,20,8,5,1,0,746,68,75,70,55,73,66,38,69,62,45,51,26,25,14,2,4,2,0,0
2022," 林口區"," 男",1162,91,117,118,100,96,102,83,84,84,60,79,58,44,28,9,7,1,0,0,862,61,81,82,73,68,71,68,61,64,48,57,50,38,24,8,6,1,0,0,300,30,36,36,27,28,31,15,23,20,12,22,8,6,4,1,1,0,0,0
2022," 林口區"," 女",1396,88,129,99,93,133,123,95,114,137,110,89,58,69,33,13,5,6,1,0,950,50,90,65,65,88,88,72,68,95,77,60,40,50,23,12,2,4,1,0,446,38,39,34,28,45,35,23,46,42,33,29,18,19,10,1,3,2,0,0
2022," 深坑區"," 計",235,18,18,14,15,23,21,22,19,17,15,18,9,12,9,2,3,0,0,0,160,14,15,8,8,17,10,14,13,16,9,8,6,10,8,2,2,0,0,0,75,4,3,6,7,6,11,8,6,1,6,10,3,2,1,0,1,0,0,0
2022," 深坑區"," 男",105,7,10,9,8,13,8,15,10,8,2,6,4,2,2,0,1,0,0,0,66,5,8,6,2,8,3,10,7,7,1,2,3,1,2,0,1,0,0,0,39,2,2,3,6,5,5,5,3,1,1,4,1,1,0,0,0,0,0,0
2022," 深坑區"," 女",130,11,8,5,7,10,13,7,9,9,13,12,5,10,7,2,2,0,0,0,94,9,7,2,6,9,7,4,6,9,8,6,3,9,6,2,1,0,0,0,36,2,1,3,1,1,6,3,3,0,5,6,2,1,1,0,1,0,0,0
2022," 石碇區"," 計",40,5,6,2,4,2,5,3,2,5,2,2,0,2,0,0,0,0,0,0,19,1,2,2,2,1,2,1,0,4,2,0,0,2,0,0,0,0,0,0,21,4,4,0,2,1,3,2,2,1,0,2,0,0,0,0,0,0,0,0
2022," 石碇區"," 男",14,3,5,1,1,1,1,1,0,1,0,0,0,0,0,0,0,0,0,0,4,0,1,1,0,1,0,0,0,1,0,0,0,0,0,0,0,0,0,0,10,3,4,0,1,0,1,1,0,0,0,0,0,0,0,0,0,0,0,0
2022," 石碇區"," 女",26,2,1,1,3,1,4,2,2,4,2,2,0,2,0,0,0,0,0,0,15,1,1,1,2,0,2,1,0,3,2,0,0,2,0,0,0,0,0,0,11,1,0,0,1,1,2,1,2,1,0,2,0,0,0,0,0,0,0,0
2022," 坪林區"," 計",16,1,1,1,2,0,1,4,0,2,1,1,1,0,0,1,0,0,0,0,6,1,0,0,0,0,0,2,0,0,0,1,1,0,0,1,0,0,0,0,10,0,1,1,2,0,1,2,0,2,1,0,0,0,0,0,0,0,0,0
2022," 坪林區"," 男",7,0,0,0,2,0,0,2,0,1,1,0,0,0,0,1,0,0,0,0,2,0,0,0,0,0,0,1,0,0,0,0,0,0,0,1,0,0,0,0,5,0,0,0,2,0,0,1,0,1,1,0,0,0,0,0,0,0,0,0
2022," 坪林區"," 女",9,1,1,1,0,0,1,2,0,1,0,1,1,0,0,0,0,0,0,0,4,1,0,0,0,0,0,1,0,0,0,1,1,0,0,0,0,0,0,0,5,0,1,1,0,0,1,1,0,1,0,0,0,0,0,0,0,0,0,0
2022," 三芝區"," 計",358,26,24,22,15,32,27,44,44,20,11,28,21,28,14,1,1,0,0,0,269,20,17,14,12,24,15,34,35,17,10,16,16,24,13,1,1,0,0,0,89,6,7,8,3,8,12,10,9,3,1,12,5,4,1,0,0,0,0,0
2022," 三芝區"," 男",163,17,11,9,6,14,11,21,24,8,3,7,10,13,8,1,0,0,0,0,126,14,9,6,5,10,7,16,20,8,3,4,6,10,7,1,0,0,0,0,37,3,2,3,1,4,4,5,4,0,0,3,4,3,1,0,0,0,0,0
2022," 三芝區"," 女",195,9,13,13,9,18,16,23,20,12,8,21,11,15,6,0,1,0,0,0,143,6,8,8,7,14,8,18,15,9,7,12,10,14,6,0,1,0,0,0,52,3,5,5,2,4,8,5,5,3,1,9,1,1,0,0,0,0,0,0
2022," 石門區"," 計",49,3,2,1,6,3,7,5,3,3,3,5,3,4,0,0,1,0,0,0,23,1,0,1,3,2,4,2,1,3,2,1,0,3,0,0,0,0,0,0,26,2,2,0,3,1,3,3,2,0,1,4,3,1,0,0,1,0,0,0
2022," 石門區"," 男",14,2,1,0,2,2,1,3,0,1,0,1,0,1,0,0,0,0,0,0,6,1,0,0,0,1,1,1,0,1,0,0,0,1,0,0,0,0,0,0,8,1,1,0,2,1,0,2,0,0,0,1,0,0,0,0,0,0,0,0
2022," 石門區"," 女",35,1,1,1,4,1,6,2,3,2,3,4,3,3,0,0,1,0,0,0,17,0,0,1,3,1,3,1,1,2,2,1,0,2,0,0,0,0,0,0,18,1,1,0,1,0,3,1,2,0,1,3,3,1,0,0,1,0,0,0
2022," 八里區"," 計",991,73,76,73,86,59,91,84,89,76,59,58,64,51,31,14,3,3,1,0,716,45,58,47,60,45,57,69,62,56,44,44,47,40,26,12,2,1,1,0,275,28,18,26,26,14,34,15,27,20,15,14,17,11,5,2,1,2,0,0
2022," 八里區"," 男",474,35,38,35,41,26,49,43,46,36,28,27,23,23,15,7,2,0,0,0,346,19,29,21,30,21,30,36,30,30,20,20,18,20,14,7,1,0,0,0,128,16,9,14,11,5,19,7,16,6,8,7,5,3,1,0,1,0,0,0
2022," 八里區"," 女",517,38,38,38,45,33,42,41,43,40,31,31,41,28,16,7,1,3,1,0,370,26,29,26,30,24,27,33,32,26,24,24,29,20,12,5,1,1,1,0,147,12,9,12,15,9,15,8,11,14,7,7,12,8,4,2,0,2,0,0
2022," 平溪區"," 計",19,0,0,0,0,2,3,2,1,1,3,2,1,2,1,0,1,0,0,0,13,0,0,0,0,1,1,1,1,1,2,2,1,1,1,0,1,0,0,0,6,0,0,0,0,1,2,1,0,0,1,0,0,1,0,0,0,0,0,0
2022," 平溪區"," 男",4,0,0,0,0,0,0,1,0,0,1,0,1,0,0,0,1,0,0,0,3,0,0,0,0,0,0,0,0,0,1,0,1,0,0,0,1,0,0,0,1,0,0,0,0,0,0,1,0,0,0,0,0,0,0,0,0,0,0,0
2022," 平溪區"," 女",15,0,0,0,0,2,3,1,1,1,2,2,0,2,1,0,0,0,0,0,10,0,0,0,0,1,1,1,1,1,1,2,0,1,1,0,0,0,0,0,5,0,0,0,0,1,2,0,0,0,1,0,0,1,0,0,0,0,0,0
2022," 雙溪區"," 計",31,1,3,8,4,1,1,3,2,1,0,2,1,3,0,1,0,0,0,0,23,1,1,5,4,1,0,2,2,1,0,2,1,2,0,1,0,0,0,0,8,0,2,3,0,0,1,1,0,0,0,0,0,1,0,0,0,0,0,0
2022," 雙溪區"," 男",9,0,2,4,0,0,0,0,0,0,0,0,0,2,0,1,0,0,0,0,6,0,1,3,0,0,0,0,0,0,0,0,0,1,0,1,0,0,0,0,3,0,1,1,0,0,0,0,0,0,0,0,0,1,0,0,0,0,0,0
2022," 雙溪區"," 女",22,1,1,4,4,1,1,3,2,1,0,2,1,1,0,0,0,0,0,0,17,1,0,2,4,1,0,2,2,1,0,2,1,1,0,0,0,0,0,0,5,0,1,2,0,0,1,1,0,0,0,0,0,0,0,0,0,0,0,0
2022," 貢寮區"," 計",105,13,9,3,6,11,11,6,10,7,7,7,8,6,1,0,0,0,0,0,58,5,6,1,3,9,7,3,1,5,7,5,2,3,1,0,0,0,0,0,47,8,3,2,3,2,4,3,9,2,0,2,6,3,0,0,0,0,0,0
2022," 貢寮區"," 男",42,7,3,0,4,5,5,3,5,3,0,2,3,2,0,0,0,0,0,0,23,3,1,0,2,4,4,2,1,2,0,2,1,1,0,0,0,0,0,0,19,4,2,0,2,1,1,1,4,1,0,0,2,1,0,0,0,0,0,0
2022," 貢寮區"," 女",63,6,6,3,2,6,6,3,5,4,7,5,5,4,1,0,0,0,0,0,35,2,5,1,1,5,3,1,0,3,7,3,1,2,1,0,0,0,0,0,28,4,1,2,1,1,3,2,5,1,0,2,4,2,0,0,0,0,0,0
2022," 金山區"," 計",116,11,9,4,7,6,16,15,10,14,7,2,9,3,0,2,0,1,0,0,69,4,2,2,5,4,7,8,9,11,5,1,5,3,0,2,0,1,0,0,47,7,7,2,2,2,9,7,1,3,2,1,4,0,0,0,0,0,0,0
2022," 金山區"," 男",42,3,6,1,2,4,6,6,3,4,3,0,3,0,0,1,0,0,0,0,21,0,0,1,1,4,1,3,2,3,2,0,3,0,0,1,0,0,0,0,21,3,6,0,1,0,5,3,1,1,1,0,0,0,0,0,0,0,0,0
2022," 金山區"," 女",74,8,3,3,5,2,10,9,7,10,4,2,6,3,0,1,0,1,0,0,48,4,2,1,4,0,6,5,7,8,3,1,2,3,0,1,0,1,0,0,26,4,1,2,1,2,4,4,0,2,1,1,4,0,0,0,0,0,0,0
2022," 萬里區"," 計",308,35,24,17,16,13,37,35,21,20,17,19,18,15,12,4,0,4,1,0,250,29,20,13,13,7,29,28,19,18,12,13,16,13,12,4,0,3,1,0,58,6,4,4,3,6,8,7,2,2,5,6,2,2,0,0,0,1,0,0
2022," 萬里區"," 男",148,20,12,10,9,6,20,16,12,9,6,7,5,6,9,0,0,1,0,0,126,16,10,7,7,4,18,14,12,9,3,6,5,5,9,0,0,1,0,0,22,4,2,3,2,2,2,2,0,0,3,1,0,1,0,0,0,0,0,0
2022," 萬里區"," 女",160,15,12,7,7,7,17,19,9,11,11,12,13,9,3,4,0,3,1,0,124,13,10,6,6,3,11,14,7,9,9,7,11,8,3,4,0,2,1,0,36,2,2,1,1,4,6,5,2,2,2,5,2,1,0,0,0,1,0,0
2022," 烏來區"," 計",2934,212,208,162,192,245,250,247,220,225,190,174,186,137,137,82,30,24,9,0,170,16,9,4,12,14,13,13,14,12,13,17,7,11,11,3,1,0,0,0,2764,196,199,158,180,231,237,234,206,213,177,157,179,126,126,79,29,24,9,0
2022," 烏來區"," 男",1424,98,108,83,101,137,116,145,122,111,81,78,81,54,55,35,9,5,4,0,69,7,6,2,7,6,7,7,6,5,1,6,2,2,3,2,0,0,0,0,1355,91,102,81,94,131,109,138,116,106,80,72,79,52,52,33,9,5,4,0
2022," 烏來區"," 女",1510,114,100,79,91,108,134,102,98,114,109,96,105,83,82,47,21,19,5,0,101,9,3,2,5,8,6,6,8,7,12,11,5,9,8,1,1,0,0,0,1409,105,97,77,86,100,128,96,90,107,97,85,100,74,74,46,20,19,5,0
2023," 新北市"," 計",58372,3546,4431,3925,4050,4749,5266,5276,4400,4925,4021,3637,3368,2831,2044,1101,488,206,73,35,39638,2199,2855,2543,2614,3119,3520,3582,2976,3454,2818,2534,2413,2061,1532,844,370,128,52,24,18734,1347,1576,1382,1436,1630,1746,1694,1424,1471,1203,1103,955,770,512,257,118,78,21,11
2023," 新北市"," 男",26928,1790,2197,1982,2051,2406,2571,2597,2046,2205,1729,1443,1275,1107,780,466,196,55,21,11,18702,1116,1400,1293,1321,1571,1723,1808,1439,1612,1278,1041,972,857,629,392,172,49,19,10,8226,674,797,689,730,835,848,789,607,593,451,402,303,250,151,74,24,6,2,1
2023," 新北市"," 女",31444,1756,2234,1943,1999,2343,2695,2679,2354,2720,2292,2194,2093,1724,1264,635,292,151,52,24,20936,1083,1455,1250,1293,1548,1797,1774,1537,1842,1540,1493,1441,1204,903,452,198,79,33,14,10508,673,779,693,706,795,898,905,817,878,752,701,652,520,361,183,94,72,19,10
2023," 板橋區"," 計",4507,288,328,327,336,352,404,421,359,415,309,248,238,190,151,82,35,11,9,4,3082,180,218,206,215,251,274,274,244,295,217,179,179,138,105,65,27,6,7,2,1425,108,110,121,121,101,130,147,115,120,92,69,59,52,46,17,8,5,2,2
2023," 板橋區"," 男",1946,137,153,168,169,169,180,206,144,161,135,90,77,61,50,30,12,2,2,0,1368,88,103,108,106,126,128,133,101,119,95,69,62,52,37,26,11,2,2,0,578,49,50,60,63,43,52,73,43,42,40,21,15,9,13,4,1,0,0,0
2023," 板橋區"," 女",2561,151,175,159,167,183,224,215,215,254,174,158,161,129,101,52,23,9,7,4,1714,92,115,98,109,125,146,141,143,176,122,110,117,86,68,39,16,4,5,2,847,59,60,61,58,58,78,74,72,78,52,48,44,43,33,13,7,5,2,2
2023," 三重區"," 計",2648,194,230,171,165,247,261,256,205,233,174,167,124,116,58,30,11,3,3,0,1660,110,139,90,105,144,152,164,138,147,112,113,89,75,44,24,8,3,3,0,988,84,91,81,60,103,109,92,67,86,62,54,35,41,14,6,3,0,0,0
2023," 三重區"," 男",1145,98,95,86,85,145,125,112,88,92,64,52,34,34,23,7,4,0,1,0,729,53,58,46,48,86,77,79,63,59,48,37,22,25,16,7,4,0,1,0,416,45,37,40,37,59,48,33,25,33,16,15,12,9,7,0,0,0,0,0
2023," 三重區"," 女",1503,96,135,85,80,102,136,144,117,141,110,115,90,82,35,23,7,3,2,0,931,57,81,44,57,58,75,85,75,88,64,76,67,50,28,17,4,3,2,0,572,39,54,41,23,44,61,59,42,53,46,39,23,32,7,6,3,0,0,0
2023," 中和區"," 計",3170,169,258,210,214,238,248,276,273,277,224,192,180,158,119,69,49,11,1,4,1983,94,137,130,122,136,158,179,162,189,146,128,121,101,90,49,32,6,1,2,1187,75,121,80,92,102,90,97,111,88,78,64,59,57,29,20,17,5,0,2
2023," 中和區"," 男",1334,86,129,109,101,125,110,125,123,97,86,75,48,49,37,19,11,2,0,2,830,47,58,65,57,70,69,81,79,68,62,51,29,33,30,17,10,2,0,2,504,39,71,44,44,55,41,44,44,29,24,24,19,16,7,2,1,0,0,0
2023," 中和區"," 女",1836,83,129,101,113,113,138,151,150,180,138,117,132,109,82,50,38,9,1,2,1153,47,79,65,65,66,89,98,83,121,84,77,92,68,60,32,22,4,1,0,683,36,50,36,48,47,49,53,67,59,54,40,40,41,22,18,16,5,0,2
2023," 永和區"," 計",1154,81,103,79,81,87,95,115,74,84,88,67,64,49,38,17,16,11,3,2,638,43,63,47,40,39,45,71,44,52,50,33,32,31,22,14,7,3,0,2,516,38,40,32,41,48,50,44,30,32,38,34,32,18,16,3,9,8,3,0
2023," 永和區"," 男",462,40,52,36,37,45,38,44,31,40,26,24,18,15,11,3,1,0,0,1,261,19,30,22,23,20,17,28,17,26,16,13,9,9,7,3,1,0,0,1,201,21,22,14,14,25,21,16,14,14,10,11,9,6,4,0,0,0,0,0
2023," 永和區"," 女",692,41,51,43,44,42,57,71,43,44,62,43,46,34,27,14,15,11,3,1,377,24,33,25,17,19,28,43,27,26,34,20,23,22,15,11,6,3,0,1,315,17,18,18,27,23,29,28,16,18,28,23,23,12,12,3,9,8,3,0
2023," 新莊區"," 計",5326,317,441,376,417,458,453,511,432,446,382,288,290,218,159,81,38,15,4,0,3695,191,301,259,287,281,308,347,319,315,258,204,210,170,130,64,35,12,4,0,1631,126,140,117,130,177,145,164,113,131,124,84,80,48,29,17,3,3,0,0
2023," 新莊區"," 男",2448,167,223,184,209,240,222,240,197,182,155,119,94,99,62,32,15,8,0,0,1735,104,156,123,144,145,151,167,149,140,110,88,72,82,54,28,14,8,0,0,713,63,67,61,65,95,71,73,48,42,45,31,22,17,8,4,1,0,0,0
2023," 新莊區"," 女",2878,150,218,192,208,218,231,271,235,264,227,169,196,119,97,49,23,7,4,0,1960,87,145,136,143,136,157,180,170,175,148,116,138,88,76,36,21,4,4,0,918,63,73,56,65,82,74,91,65,89,79,53,58,31,21,13,2,3,0,0
2023," 新店區"," 計",3702,202,250,230,247,259,329,322,261,303,278,269,209,193,161,100,53,23,9,4,2372,124,144,134,142,161,210,213,167,187,186,179,144,131,112,76,37,17,5,3,1330,78,106,96,105,98,119,109,94,116,92,90,65,62,49,24,16,6,4,1
2023," 新店區"," 男",1628,88,125,101,124,130,161,160,114,132,131,108,79,64,45,39,18,6,2,1,1072,50,73,58,70,80,105,104,79,91,91,71,57,47,38,33,16,6,2,1,556,38,52,43,54,50,56,56,35,41,40,37,22,17,7,6,2,0,0,0
2023," 新店區"," 女",2074,114,125,129,123,129,168,162,147,171,147,161,130,129,116,61,35,17,7,3,1300,74,71,76,72,81,105,109,88,96,95,108,87,84,74,43,21,11,3,2,774,40,54,53,51,48,63,53,59,75,52,53,43,45,42,18,14,6,4,1
2023," 樹林區"," 計",6182,320,445,417,451,530,608,555,432,586,426,380,386,320,194,91,24,9,5,3,4962,234,328,317,342,426,497,447,347,490,341,321,323,266,161,84,23,8,5,2,1220,86,117,100,109,104,111,108,85,96,85,59,63,54,33,7,1,1,0,1
2023," 樹林區"," 男",3013,156,235,208,231,271,314,299,220,278,189,152,168,138,80,53,12,6,1,2,2478,112,175,160,173,212,258,252,186,239,163,133,153,122,70,50,12,5,1,2,535,44,60,48,58,59,56,47,34,39,26,19,15,16,10,3,0,1,0,0
2023," 樹林區"," 女",3169,164,210,209,220,259,294,256,212,308,237,228,218,182,114,38,12,3,4,1,2484,122,153,157,169,214,239,195,161,251,178,188,170,144,91,34,11,3,4,0,685,42,57,52,51,45,55,61,51,57,59,40,48,38,23,4,1,0,0,1
2023," 鶯歌區"," 計",3046,177,245,220,232,300,274,279,219,232,202,178,168,155,98,31,23,10,2,1,2056,113,142,125,161,198,204,192,133,153,149,124,116,111,83,23,20,7,1,1,990,64,103,95,71,102,70,87,86,79,53,54,52,44,15,8,3,3,1,0
2023," 鶯歌區"," 男",1430,88,110,111,110,149,148,131,113,103,88,75,55,77,46,13,10,3,0,0,986,52,68,69,77,98,111,91,64,71,66,52,44,59,40,12,9,3,0,0,444,36,42,42,33,51,37,40,49,32,22,23,11,18,6,1,1,0,0,0
2023," 鶯歌區"," 女",1616,89,135,109,122,151,126,148,106,129,114,103,113,78,52,18,13,7,2,1,1070,61,74,56,84,100,93,101,69,82,83,72,72,52,43,11,11,4,1,1,546,28,61,53,38,51,33,47,37,47,31,31,41,26,9,7,2,3,1,0
2023," 三峽區"," 計",3066,209,250,229,233,254,291,254,242,219,200,182,184,135,111,50,17,4,2,0,2359,152,198,169,171,188,223,198,182,164,153,137,152,105,99,46,17,3,2,0,707,57,52,60,62,66,68,56,60,55,47,45,32,30,12,4,0,1,0,0
2023," 三峽區"," 男",1502,103,121,127,125,133,157,133,120,105,101,67,77,51,51,21,10,0,0,0,1182,76,93,96,94,99,115,110,91,82,79,54,71,44,48,20,10,0,0,0,320,27,28,31,31,34,42,23,29,23,22,13,6,7,3,1,0,0,0,0
2023," 三峽區"," 女",1564,106,129,102,108,121,134,121,122,114,99,115,107,84,60,29,7,4,2,0,1177,76,105,73,77,89,108,88,91,82,74,83,81,61,51,26,7,3,2,0,387,30,24,29,31,32,26,33,31,32,25,32,26,23,9,3,0,1,0,0
2023," 淡水區"," 計",2310,158,183,166,130,198,192,202,183,200,168,156,129,96,75,49,17,6,2,0,1385,93,110,96,75,123,103,116,108,131,99,86,67,64,55,42,12,3,2,0,925,65,73,70,55,75,89,86,75,69,69,70,62,32,20,7,5,3,0,0
2023," 淡水區"," 男",1041,87,86,86,66,95,89,101,76,96,60,64,45,33,28,17,9,2,1,0,630,52,44,49,35,63,44,55,48,69,36,41,25,22,21,15,8,2,1,0,411,35,42,37,31,32,45,46,28,27,24,23,20,11,7,2,1,0,0,0
2023," 淡水區"," 女",1269,71,97,80,64,103,103,101,107,104,108,92,84,63,47,32,8,4,1,0,755,41,66,47,40,60,59,61,60,62,63,45,42,42,34,27,4,1,1,0,514,30,31,33,24,43,44,40,47,42,45,47,42,21,13,5,4,3,0,0
2023," 汐止區"," 計",4495,242,276,250,254,355,375,397,322,374,359,334,292,258,159,128,70,38,9,3,3772,193,223,208,208,283,306,330,267,317,304,285,256,226,143,117,65,31,7,3,723,49,53,42,46,72,69,67,55,57,55,49,36,32,16,11,5,7,2,0
2023," 汐止區"," 男",2174,132,152,123,135,175,191,214,161,194,152,144,123,107,68,54,26,17,5,1,1854,106,116,103,110,139,163,185,137,172,131,126,110,96,62,51,25,16,5,1,320,26,36,20,25,36,28,29,24,22,21,18,13,11,6,3,1,1,0,0
2023," 汐止區"," 女",2321,110,124,127,119,180,184,183,161,180,207,190,169,151,91,74,44,21,4,2,1918,87,107,105,98,144,143,145,130,145,173,159,146,130,81,66,40,15,2,2,403,23,17,22,21,36,41,38,31,35,34,31,23,21,10,8,4,6,2,0
2023," 瑞芳區"," 計",1197,61,73,61,72,94,96,76,90,105,80,86,73,64,90,48,19,5,2,2,1103,52,65,50,62,85,84,72,81,101,76,78,70,64,88,47,19,5,2,2,94,9,8,11,10,9,12,4,9,4,4,8,3,0,2,1,0,0,0,0
2023," 瑞芳區"," 男",608,34,39,31,40,47,46,37,45,56,45,38,38,30,33,34,10,2,2,1,573,30,36,28,33,45,41,36,43,55,43,35,38,30,32,33,10,2,2,1,35,4,3,3,7,2,5,1,2,1,2,3,0,0,1,1,0,0,0,0
2023," 瑞芳區"," 女",589,27,34,30,32,47,50,39,45,49,35,48,35,34,57,14,9,3,0,1,530,22,29,22,29,40,43,36,38,46,33,43,32,34,56,14,9,3,0,1,59,5,5,8,3,7,7,3,7,3,2,5,3,0,1,0,0,0,0,0
2023," 土城區"," 計",4178,242,292,265,253,298,410,375,329,360,279,245,253,214,205,96,39,14,5,4,3249,185,223,207,177,225,312,275,241,290,236,194,201,173,174,81,34,12,5,4,929,57,69,58,76,73,98,100,88,70,43,51,52,41,31,15,5,2,0,0
2023," 土城區"," 男",1982,121,149,144,133,138,184,180,176,175,154,99,94,82,82,43,23,3,1,1,1573,91,115,116,93,105,137,130,138,144,134,80,77,69,77,41,21,3,1,1,409,30,34,28,40,33,47,50,38,31,20,19,17,13,5,2,2,0,0,0
2023," 土城區"," 女",2196,121,143,121,120,160,226,195,153,185,125,146,159,132,123,53,16,11,4,3,1676,94,108,91,84,120,175,145,103,146,102,114,124,104,97,40,13,9,4,3,520,27,35,30,36,40,51,50,50,39,23,32,35,28,26,13,3,2,0,0
2023," 蘆洲區"," 計",2155,151,162,128,154,184,199,249,136,183,141,124,127,113,66,24,9,3,2,0,1527,95,109,88,107,129,141,172,89,127,111,93,96,93,43,21,8,3,2,0,628,56,53,40,47,55,58,77,47,56,30,31,31,20,23,3,1,0,0,0
2023," 蘆洲區"," 男",990,69,78,61,83,94,101,119,57,84,61,44,49,41,30,14,4,0,1,0,700,44,49,40,56,66,68,86,39,58,51,32,38,34,22,12,4,0,1,0,290,25,29,21,27,28,33,33,18,26,10,12,11,7,8,2,0,0,0,0
2023," 蘆洲區"," 女",1165,82,84,67,71,90,98,130,79,99,80,80,78,72,36,10,5,3,1,0,827,51,60,48,51,63,73,86,50,69,60,61,58,59,21,9,4,3,1,0,338,31,24,19,20,27,25,44,29,30,20,19,20,13,15,1,1,0,0,0
2023," 五股區"," 計",2051,112,154,141,150,180,208,188,146,166,131,144,131,96,50,29,15,6,3,1,1301,62,97,82,80,109,125,126,102,106,88,86,102,72,31,23,5,2,2,1,750,50,57,59,70,71,83,62,44,60,43,58,29,24,19,6,10,4,1,0
2023," 五股區"," 男",942,64,75,72,72,90,102,94,54,76,61,55,57,40,15,9,5,0,1,0,622,36,50,39,43,51,60,65,39,49,49,33,50,33,12,8,4,0,1,0,320,28,25,33,29,39,42,29,15,27,12,22,7,7,3,1,1,0,0,0
2023," 五股區"," 女",1109,48,79,69,78,90,106,94,92,90,70,89,74,56,35,20,10,6,2,1,679,26,47,43,37,58,65,61,63,57,39,53,52,39,19,15,1,2,1,1,430,22,32,26,41,32,41,33,29,33,31,36,22,17,16,5,9,4,1,0
2023," 泰山區"," 計",1269,58,99,101,104,117,126,111,98,101,86,87,75,52,35,12,3,2,2,0,831,41,60,70,62,65,75,73,68,75,53,60,51,43,23,7,3,1,1,0,438,17,39,31,42,52,51,38,30,26,33,27,24,9,12,5,0,1,1,0
2023," 泰山區"," 男",587,32,55,55,51,61,67,57,40,37,33,32,28,18,11,7,2,0,1,0,392,25,31,35,29,33,35,41,29,29,22,29,20,17,8,6,2,0,1,0,195,7,24,20,22,28,32,16,11,8,11,3,8,1,3,1,0,0,0,0
2023," 泰山區"," 女",682,26,44,46,53,56,59,54,58,64,53,55,47,34,24,5,1,2,1,0,439,16,29,35,33,32,40,32,39,46,31,31,31,26,15,1,1,1,0,0,243,10,15,11,20,24,19,22,19,18,22,24,16,8,9,4,0,1,1,0
2023," 林口區"," 計",2628,179,240,237,205,208,225,205,196,221,176,182,125,116,62,29,13,5,2,2,1847,110,168,157,146,142,156,152,132,158,127,131,92,88,49,24,9,3,2,1,781,69,72,80,59,66,69,53,64,63,49,51,33,28,13,5,4,2,0,1
2023," 林口區"," 男",1202,95,106,127,110,98,105,90,82,88,61,78,69,44,27,12,8,0,1,1,887,64,73,87,81,72,69,74,59,68,46,61,53,38,23,10,7,0,1,1,315,31,33,40,29,26,36,16,23,20,15,17,16,6,4,2,1,0,0,0
2023," 林口區"," 女",1426,84,134,110,95,110,120,115,114,133,115,104,56,72,35,17,5,5,1,1,960,46,95,70,65,70,87,78,73,90,81,70,39,50,26,14,2,3,1,0,466,38,39,40,30,40,33,37,41,43,34,34,17,22,9,3,3,2,0,1
2023," 深坑區"," 計",235,14,23,15,10,23,23,21,17,18,12,20,10,12,12,3,2,0,0,0,162,10,19,10,5,18,11,14,12,16,10,8,7,7,10,3,2,0,0,0,73,4,4,5,5,5,12,7,5,2,2,12,3,5,2,0,0,0,0,0
2023," 深坑區"," 男",109,8,14,9,6,12,11,11,10,9,2,7,3,3,2,1,1,0,0,0,70,6,12,5,1,8,5,8,6,8,2,2,3,1,1,1,1,0,0,0,39,2,2,4,5,4,6,3,4,1,0,5,0,2,1,0,0,0,0,0
2023," 深坑區"," 女",126,6,9,6,4,11,12,10,7,9,10,13,7,9,10,2,1,0,0,0,92,4,7,5,4,10,6,6,6,8,8,6,4,6,9,2,1,0,0,0,34,2,2,1,0,1,6,4,1,1,2,7,3,3,1,0,0,0,0,0
2023," 石碇區"," 計",40,4,5,3,3,3,4,2,2,6,2,4,0,2,0,0,0,0,0,0,20,1,2,2,2,2,1,1,0,4,1,2,0,2,0,0,0,0,0,0,20,3,3,1,1,1,3,1,2,2,1,2,0,0,0,0,0,0,0,0
2023," 石碇區"," 男",12,1,4,1,1,2,1,0,1,1,0,0,0,0,0,0,0,0,0,0,5,0,1,1,1,1,0,0,0,1,0,0,0,0,0,0,0,0,0,0,7,1,3,0,0,1,1,0,1,0,0,0,0,0,0,0,0,0,0,0
2023," 石碇區"," 女",28,3,1,2,2,1,3,2,1,5,2,4,0,2,0,0,0,0,0,0,15,1,1,1,1,1,1,1,0,3,1,2,0,2,0,0,0,0,0,0,13,2,0,1,1,0,2,1,1,2,1,2,0,0,0,0,0,0,0,0
2023," 坪林區"," 計",14,1,1,0,1,1,1,3,0,1,1,1,2,0,0,1,0,0,0,0,7,1,1,0,0,0,0,1,0,0,0,1,2,0,0,1,0,0,0,0,7,0,0,0,1,1,1,2,0,1,1,0,0,0,0,0,0,0,0,0
2023," 坪林區"," 男",8,0,1,0,1,1,0,2,0,0,1,1,0,0,0,1,0,0,0,0,4,0,1,0,0,0,0,1,0,0,0,1,0,0,0,1,0,0,0,0,4,0,0,0,1,1,0,1,0,0,1,0,0,0,0,0,0,0,0,0
2023," 坪林區"," 女",6,1,0,0,0,0,1,1,0,1,0,0,2,0,0,0,0,0,0,0,3,1,0,0,0,0,0,0,0,0,0,0,2,0,0,0,0,0,0,0,3,0,0,0,0,0,1,1,0,1,0,0,0,0,0,0,0,0,0,0
2023," 三芝區"," 計",366,23,23,22,24,27,22,50,44,24,14,19,23,32,16,2,1,0,0,0,280,19,16,17,16,20,13,39,34,21,12,13,17,25,15,2,1,0,0,0,86,4,7,5,8,7,9,11,10,3,2,6,6,7,1,0,0,0,0,0
2023," 三芝區"," 男",174,14,15,11,8,11,10,27,23,11,4,6,8,16,8,2,0,0,0,0,138,13,11,9,6,8,7,21,19,10,4,4,7,10,7,2,0,0,0,0,36,1,4,2,2,3,3,6,4,1,0,2,1,6,1,0,0,0,0,0
2023," 三芝區"," 女",192,9,8,11,16,16,12,23,21,13,10,13,15,16,8,0,1,0,0,0,142,6,5,8,10,12,6,18,15,11,8,9,10,15,8,0,1,0,0,0,50,3,3,3,6,4,6,5,6,2,2,4,5,1,0,0,0,0,0,0
2023," 石門區"," 計",52,4,2,1,4,4,8,5,4,5,3,4,2,4,1,0,1,0,0,0,24,1,0,1,1,3,5,2,2,4,2,0,0,3,0,0,0,0,0,0,28,3,2,0,3,1,3,3,2,1,1,4,2,1,1,0,1,0,0,0
2023," 石門區"," 男",17,3,1,0,2,1,3,2,1,2,0,1,0,1,0,0,0,0,0,0,7,1,0,0,0,0,2,0,1,2,0,0,0,1,0,0,0,0,0,0,10,2,1,0,2,1,1,2,0,0,0,1,0,0,0,0,0,0,0,0
2023," 石門區"," 女",35,1,1,1,2,3,5,3,3,3,3,3,2,3,1,0,1,0,0,0,17,0,0,1,1,3,3,2,1,2,2,0,0,2,0,0,0,0,0,0,18,1,1,0,1,0,2,1,2,1,1,3,2,1,1,0,1,0,0,0
2023," 八里區"," 計",1028,72,70,79,87,69,92,93,84,83,60,55,69,53,33,19,5,4,0,1,738,42,49,55,57,53,61,72,62,59,47,44,51,37,28,16,4,0,0,1,290,30,21,24,30,16,31,21,22,24,13,11,18,16,5,3,1,4,0,0
2023," 八里區"," 男",489,36,40,36,39,30,51,44,45,39,29,24,23,26,14,10,3,0,0,0,358,19,27,23,28,23,32,36,35,28,24,19,18,22,12,10,2,0,0,0,131,17,13,13,11,7,19,8,10,11,5,5,5,4,2,0,1,0,0,0
2023," 八里區"," 女",539,36,30,43,48,39,41,49,39,44,31,31,46,27,19,9,2,4,0,1,380,23,22,32,29,30,29,36,27,31,23,25,33,15,16,6,2,0,0,1,159,13,8,11,19,9,12,13,12,13,8,6,13,12,3,3,0,4,0,0
2023," 平溪區"," 計",17,0,0,0,0,2,3,2,1,1,2,2,1,1,0,1,1,0,0,0,12,0,0,0,0,1,1,1,1,1,1,2,1,1,0,1,1,0,0,0,5,0,0,0,0,1,2,1,0,0,1,0,0,0,0,0,0,0,0,0
2023," 平溪區"," 男",4,0,0,0,0,0,0,1,0,0,0,1,1,0,0,0,1,0,0,0,3,0,0,0,0,0,0,0,0,0,0,1,1,0,0,0,1,0,0,0,1,0,0,0,0,0,0,1,0,0,0,0,0,0,0,0,0,0,0,0
2023," 平溪區"," 女",13,0,0,0,0,2,3,1,1,1,2,1,0,1,0,1,0,0,0,0,9,0,0,0,0,1,1,1,1,1,1,1,0,1,0,1,0,0,0,0,4,0,0,0,0,1,2,0,0,0,1,0,0,0,0,0,0,0,0,0
2023," 雙溪區"," 計",35,6,4,7,3,1,1,3,1,2,0,2,1,2,1,1,0,0,0,0,23,3,1,4,3,1,0,2,1,2,0,2,1,1,1,1,0,0,0,0,12,3,3,3,0,0,1,1,0,0,0,0,0,1,0,0,0,0,0,0
2023," 雙溪區"," 男",9,1,2,3,0,0,0,0,0,0,0,0,0,2,0,1,0,0,0,0,5,0,1,2,0,0,0,0,0,0,0,0,0,1,0,1,0,0,0,0,4,1,1,1,0,0,0,0,0,0,0,0,0,1,0,0,0,0,0,0
2023," 雙溪區"," 女",26,5,2,4,3,1,1,3,1,2,0,2,1,0,1,0,0,0,0,0,18,3,0,2,3,1,0,2,1,2,0,2,1,0,1,0,0,0,0,0,8,2,2,2,0,0,1,1,0,0,0,0,0,0,0,0,0,0,0,0
2023," 貢寮區"," 計",107,13,10,4,7,10,9,7,6,11,6,5,11,5,2,1,0,0,0,0,62,7,5,2,3,8,8,3,0,6,6,4,5,2,2,1,0,0,0,0,45,6,5,2,4,2,1,4,6,5,0,1,6,3,0,0,0,0,0,0
2023," 貢寮區"," 男",46,7,4,1,4,6,5,3,3,5,1,1,4,1,1,0,0,0,0,0,26,4,0,1,2,5,4,2,0,3,1,1,2,0,1,0,0,0,0,0,20,3,4,0,2,1,1,1,3,2,0,0,2,1,0,0,0,0,0,0
2023," 貢寮區"," 女",61,6,6,3,3,4,4,4,3,6,5,4,7,4,1,1,0,0,0,0,36,3,5,1,1,3,4,1,0,3,5,3,3,2,1,1,0,0,0,0,25,3,1,2,2,1,0,3,3,3,0,1,4,2,0,0,0,0,0,0
2023," 金山區"," 計",115,9,11,5,6,8,13,15,10,11,10,3,6,5,0,2,0,1,0,0,68,3,3,3,3,6,5,8,8,9,9,1,3,4,0,2,0,1,0,0,47,6,8,2,3,2,8,7,2,2,1,2,3,1,0,0,0,0,0,0
2023," 金山區"," 男",40,4,5,2,1,5,5,6,3,4,2,0,2,0,0,1,0,0,0,0,20,1,0,1,0,5,1,2,2,3,2,0,2,0,0,1,0,0,0,0,20,3,5,1,1,0,4,4,1,1,0,0,0,0,0,0,0,0,0,0
2023," 金山區"," 女",75,5,6,3,5,3,8,9,7,7,8,3,4,5,0,1,0,1,0,0,48,2,3,2,3,1,4,6,6,6,7,1,1,4,0,1,0,1,0,0,27,3,3,1,2,2,4,3,1,1,1,2,3,1,0,0,0,0,0,0
2023," 萬里區"," 計",317,33,31,15,14,17,34,34,21,23,16,18,19,17,16,5,0,2,2,0,258,26,26,11,13,11,24,26,20,21,12,13,16,17,14,5,0,2,1,0,59,7,5,4,1,6,10,8,1,2,4,5,3,0,2,0,0,0,1,0
2023," 萬里區"," 男",152,21,15,10,8,6,19,18,9,11,5,6,6,7,10,1,0,0,0,0,129,17,12,7,7,5,15,15,9,11,3,6,5,7,9,1,0,0,0,0,23,4,3,3,1,1,4,3,0,0,2,0,1,0,1,0,0,0,0,0
2023," 萬里區"," 女",165,12,16,5,6,11,15,16,12,12,11,12,13,10,6,4,0,2,2,0,129,9,14,4,6,6,9,11,11,10,9,7,11,10,5,4,0,2,1,0,36,3,2,1,0,5,6,5,1,2,2,5,2,0,1,0,0,0,1,0
2023," 烏來區"," 計",2962,207,222,166,193,225,262,249,213,235,192,175,176,155,132,100,27,23,6,4,162,14,8,3,9,11,18,12,12,14,12,13,9,11,10,5,1,0,0,0,2800,193,214,163,184,214,244,237,201,221,180,162,167,144,122,95,26,23,6,4
2023," 烏來區"," 男",1434,98,113,80,100,127,126,141,110,127,83,80,75,68,46,42,11,4,2,1,65,6,7,0,4,6,9,6,6,7,0,2,4,3,2,3,0,0,0,0,1369,92,106,80,96,121,117,135,104,120,83,78,71,65,44,39,11,4,2,1
2023," 烏來區"," 女",1528,109,109,86,93,98,136,108,103,108,109,95,101,87,86,58,16,19,4,3,97,8,1,3,5,5,9,6,6,7,12,11,5,8,8,2,1,0,0,0,1431,101,108,83,88,93,127,102,97,101,97,84,96,79,78,56,15,19,4,3
