機構名稱,機構代碼,機構種類,縣市,區,地址全址,經度,緯度,O_ABC,特約服務項目
(基隆市)北台灣無障礙運輸產業工會,BA0200042,BA,新北市,中和區,新北市中和區連勝街159號5樓,121.4942245483,24.9965553284,B,社區式交通接送服務(BD03);交通接送服務(DA01)
(新北)全心居家護理所,B10200111,B1,新北市,三重區,新北市三重區重新路二段21號12樓1218室,121.4980392456,25.0624084473,B,專業照護服務
(新北)如己居家護理所,B10200112,B1,新北市,三重區,新北市三重區福德北路12號5樓,121.5022659302,25.064453125,B,專業照護服務
(新北)惠群護理之家,A30200122,A3,新北市,板橋區,新北市板橋區四川路一段159號1-7樓,121.4600524902,25.0040225983,B,喘息服務
(新北)祝三實業股份有限公司,BA0200014,BA,新北市,板橋區,新北市板橋區遠東路1號5樓B室,121.4575424194,24.9988594055,B,交通接送服務
(新北)財團法人老五老基金會,BD0200004,BD,新北市,石碇區,新北市石碇區楓子林32-1號3樓,121.661857605,25.0745601654,B,營養餐飲服務
(桃園特約)鐵牛居家職能治療所,B20200182,B2,新北市,三峽區,新北市三峽區中山路127號11樓之5,121.3653564453,24.93592453,B,專業照護服務;專業照護服務(CC01)
(臺北市)北台灣無障礙運輸產業工會,BA0200026,BA,新北市,中和區,新北市中和區連勝街159號5樓,121.4942245483,24.9965553284,B,交通接送服務(DA01)
一斗長期照護股份有限公司附設新北市私立一斗居家長照機構,1R0200078,1,新北市,板橋區,新北市板橋區三民路二段33號14樓(A02室),121.4794158936,25.0176620483,B,喘息服務;居家服務
丁良文內科診所,B20200179,B2,新北市,蘆洲區,新北市蘆洲區長安街3號1樓,121.4644699097,25.078754425,B,居家失能個案家庭醫師照護服務
三合利計程車客運服務有限公司,BA0200027,BA,新北市,永和區,新北市永和區中正路700號8樓之一,121.5163726807,25.0099277496,B,交通接送服務
三和護理之家,A30200071,A3,新北市,三重區,新北市三重區三和路四段103之2號4、6、7樓,121.4868164062,25.0767879486,B,喘息服務
三峽區龍恩里辦公處(社照C),BG0200037,BG,新北市,三峽區,新北市三峽區龍恩里學成路396號4樓,121.3747024536,24.9413051605,C,巷弄長照站
三木居家長照有限公司附設新北市私立三木居家長照機構,1R0200064,1,新北市,永和區,新北市永和區中山路一段24號2樓(A05室),121.5138397217,25.0106086731,B,居家服務;喘息服務
三芝區三和社區照顧關懷據點(社照C),BF0200051,BF,新北市,三芝區,新北市三芝區新庄里新庄里番社后3-1號,121.5018234253,25.2671985626,C,巷弄長照站
三芳護理之家,A30200033,A3,新北市,板橋區,新北市板橋區大觀路3段236號6樓、6樓之1至之5,121.4296188354,24.9922027588,B,喘息服務
三重中興醫院,B20200103,B2,新北市,三重區,新北市三重區中興北街21號,121.4696578979,25.0465354919,A,個案管理服務
三重中興醫院,B20200103,B2,新北市,三重區,新北市三重區中興北街21號,121.4696578979,25.0465354919,B,專業照護服務
三重中興醫院附設護理之家,A30200055,A3,新北市,三重區,新北市三重區中興北街21號4樓,121.4696731567,25.0465583801,B,喘息服務
上心居家長照服務有限公司附設新北市私立上心居家長照機構,1V0200038,1,新北市,三重區,新北市三重區長元街100號2樓,121.5443954468,24.9796943665,B,居家服務;喘息服務
上新居家職能治療所,B50200004,B5,新北市,新莊區,新北市新莊區福美街62巷6號15樓,121.4614868164,25.0547332764,B,專業照護服務(CC01);專業照護服務
中化銀髮事業股份有限公司附設新北市私立中化銀髮居家長照機構,1V0200032,1,新北市,中和區,新北市中和區安平路89-1號1、2樓,121.5107803345,24.9965553284,B,喘息服務;居家服務
中化銀髮事業股份有限公司附設新北市私立土城暖時光社區長照機構,2R0200022,2,新北市,土城區,新北市土城區莊園街157號1樓,121.4477005005,24.9824619293,B,喘息服務;日間照顧服務
中英醫療社團法人附設居家護理所,B10200010,B1,新北市,新莊區,新北市新莊區恆安里中正路78巷13號,121.4580764771,25.0382633209,C,巷弄長照站
中華全人運動照護管理協會(社照C),BF0200140,BF,新北市,三重區,新北市三重區富貴里三賢街103號1樓,121.4879379272,25.0887184143,C,巷弄長照站
中華全齡關懷協會(三重文化站)(社照C),BF0200248,BF,新北市,三重區,新北市三重區文化里平安街26號,121.4984436035,25.0641803741,C,巷弄長照站
中華全齡關懷協會(三重福樂分站)(社照C),BF0200219,BF,新北市,三重區,新北市三重區福樂里三和路四段125巷85號,121.4875106812,25.0785636902,C,巷弄長照站
中華全齡關懷協會(土城中正站)(社照C),BF0200241,BF,新北市,土城區,新北市土城區中正里裕民路185巷8號,121.4536437988,24.9848976135,C,巷弄長照站
中華民國松村社會福利暨身心障礙發展協會(社照C),BF0200184,BF,新北市,五股區,新北市五股區五股里民義路一段68號,121.4363708496,25.0846824646,C,巷弄長照站
中華民國樂齡生活規劃協會(中港站)(社照C),BE0200026,BE,新北市,新莊區,新北市新莊區自強里中港路288巷53號1樓,121.4544448853,25.0450248718,C,巷弄長照站
中華民國樂齡生活規劃協會(中港第二站)(社照C),BF0200299,BF,新北市,新莊區,新北市新莊區中華里中港路350號4樓,121.451965332,25.0463123322,C,巷弄長照站
中華民國樂齡生活規劃協會(福前站)(社照C),BF0200101,BF,新北市,新莊區,新北市新莊區福基里化成路746巷2號2樓,121.4658737183,25.0576705933,C,巷弄長照站
中華民國樂齡生活規劃協會(福壽站)(社照C),BF0200099,BF,新北市,新莊區,新北市新莊區信義里昌明街1號,121.4576339722,25.0522136688,C,巷弄長照站
中華民國長期照護推廣協會附設新北市私立三重不老社區長照機構,2N0200002,2,新北市,三重區,新北市三重區光陽里三陽路102號2樓,121.4834289551,25.058719635,B,喘息服務;日間照顧服務
中華民國長期照護推廣協會附設新北市私立不老社區長照機構,2N0200001,2,新北市,新莊區,新北市新莊區思源里中安街29號3樓,121.4525680542,25.0462150574,B,喘息服務;日間照顧服務
中華民國長期照護推廣協會附設新北市私立中和不老社區長照機構,2R0200008,2,新北市,中和區,新北市中和區壽德里27鄰民德路360號2樓,121.4661560059,24.9939460754,B,日間照顧服務;喘息服務
中華民國體育運動教練協會(社照C),BF0200254,BF,新北市,三峽區,新北市三峽區鳶山里大勇路18之2號3樓、18之3號3樓,121.3669281006,24.9379749298,C,巷弄長照站
中華璟濰長照發展協會(社照C),BF0200265,BF,新北市,中和區,新北市中和區安順里安平路40號,121.5101089478,24.995267868,C,巷弄長照站
久安事業有限公司附設新北市私立久安居家長照機構,1V0200063,1,新北市,板橋區,新北市板橋區中正路341巷24號A07室,121.454208374,25.0201644897,B,喘息服務;居家服務
九如聯合診所,B20200253,B2,新北市,三重區,新北市三重區仁愛街753號,121.4813766479,25.0803375244,B,居家失能個案家庭醫師照護服務
互照有限公司附設新北市私立春天居家長照機構,1V0200086,1,新北市,板橋區,新北市板橋區縣民大道一段271號4樓,121.4603500366,25.0099182129,B,喘息服務;居家服務
五甘心物理治療所-樹林區(醫事C),B40200028,B4,新北市,樹林區,新北市樹林區潭底里保安街一段274號1樓,121.4195632935,24.9970836639,C,巷弄長照站
亞德醫療器材有限公司,BB0200012,BB,新北市,板橋區,新北市板橋區溪頭里宏國路68號,121.4692993164,25.0320072174,B,輔具及居家無障礙環境服務
享享健康有限公司附設新北市私立享享居家長照機構,1R0200094,1,新北市,板橋區,新北市板橋區三民路二段28號11樓(A室),121.4790725708,25.01811409,B,居家服務;喘息服務
京安居家照護有限公司附設新北市私立京安居家長照機構,1R0200067,1,新北市,三峽區,新北市三峽區民生街152-2號2樓,121.3720474243,24.9351577759,B,喘息服務;居家服務
仁合健康事業有限公司附設新北市私立仁合居家長照機構,1R0200058,1,新北市,板橋區,新北市板橋區長安街331巷30號1樓,121.4738693237,25.0127162933,B,居家服務;喘息服務
仁新小兒科診所,B20200084,B2,新北市,三重區,新北市三重區仁愛街735號,121.4817428589,25.0805492401,B,居家失能個案家庭醫師照護服務
仁禾護理之家,A30200114,A3,新北市,三芝區,新北市三芝區四棧橋53之3號、53之3號二樓、53之3號三樓,121.4837341309,25.2651805878,B,喘息服務
仁邦診所,B20200237,B2,新北市,林口區,新北市林口區中山路534號,121.3785018921,25.083694458,B,居家失能個案家庭醫師照護服務
仁邦診所,B20200242,B2,新北市,林口區,新北市林口區中山路534號,121.3785018921,25.083694458,B,居家失能個案家庭醫師照護服務
佛教慈濟醫療財團法人台北慈濟醫院,B20200029,B2,新北市,新店區,新北市新店區復興里建國路289號,121.5356750488,24.9860630035,A,個案管理服務
佛教慈濟醫療財團法人台北慈濟醫院,B20200029,B2,新北市,新店區,新北市新店區復興里建國路289號,121.5356750488,24.9860630035,B,專業照護服務;專業照護服務(CC01)
佛教慈濟醫療財團法人台北慈濟醫院,B20200029,B2,新北市,新店區,新北市新店區復興里建國路289號,121.5356750488,24.9860630035,C,巷弄長照站
佛教慈濟醫療財團法人附設台北慈濟居家護理所,B10200013,B1,新北市,新店區,新北市新店區明德里建國路289號5樓,121.5370330811,24.9858970642,B,專業照護服務;居家失能個案家庭醫師照護服務
佛教慈濟醫療財團法人附設新北市私立台北慈濟居家式服務類長期照顧服務機構,1S0200003,1,新北市,新店區,新北市新店區明德里建國路289號,121.5370330811,24.9858970642,B,喘息服務;居家服務
佛教慈濟醫療財團法人附設新北市私立台北慈濟社區長照機構,2S0200028,2,新北市,新店區,新北市新店區建國路277號1樓,121.5356140137,24.984128952,B,日間照顧服務;喘息服務
佳合護理之家,A30200072,A3,新北市,板橋區,新北市板橋區江寧路3段29號3樓、29號4樓、39號3樓及39號4樓,121.4710922241,25.0317306519,B,喘息服務
佳新護理之家,A30200021,A3,新北市,新莊區,新北市新莊區復興路三段31號1-4樓及33號3-4樓,121.4611434937,25.0445804596,B,喘息服務
佳藥長照藥局,B30200020,B3,新北市,淡水區,新北市淡水區學府路75號1樓,121.4483795166,25.1699790955,A,個案管理服務
佳藥長照藥局,B30200020,B3,新北市,淡水區,新北市淡水區學府路75號1樓,121.4483795166,25.1699790955,B,專業照護服務
佳醫護理之家,A30200008,A3,新北市,汐止區,新北市汐止區茄苳路296號1-6樓,121.6730270386,25.0670490265,A,個案管理服務
佳醫護理之家,A30200008,A3,新北市,汐止區,新北市汐止區茄苳路296號1-6樓,121.6730270386,25.0670490265,B,喘息服務;日間照顧服務
佳醫長照社團法人附設新北市私立觀海住宿長照機構,3R0200004,3,新北市,八里區,新北市八里區頂罟里新北市八里區博物館路183號1樓至4樓,121.4063720703,25.1566429138,B,喘息服務
健康啟動管理顧問有限公司附設新北市私立穩健居家長照機構,1V0200118,1,新北市,五股區,新北市五股區登林路96號6樓,121.4284515381,25.069852829,B,居家服務;喘息服務
健綸居家護理所,B10200004,B1,新北市,板橋區,新北市板橋區溪福里金門街372巷14號,121.4269561768,24.9843349457,B,專業照護服務
億家人股份有限公司附設新北市私立億家人居家長照機構,1V0200096,1,新北市,新莊區,新北市新莊區立德里中華路一段63巷26號1樓,121.4507217407,25.0395145416,B,居家服務;喘息服務
優居家長照有限公司附設新北市私立優居家長照機構,1V0200064,1,新北市,中和區,新北市中和區員山路109號13樓,121.480796814,24.9946479797,B,專業照護服務;喘息服務;居家服務
優遊小客車租賃有限公司,BA0200012,BA,新北市,新莊區,新北市新莊區中正路700之16號,121.4181518555,25.027759552,B,交通接送服務
允馨居家長照有限公司附設新北市私立允馨居家長照機構,1V0200052,1,新北市,淡水區,新北市淡水區學府里英專路226號1樓,121.4496994019,25.1731472015,B,喘息服務;居家服務
元復醫院附設護理之家,A30200054,A3,新北市,土城區,新北市土城區慶樂街25號1、2、3樓,121.4391326904,24.9727344513,B,喘息服務
元荷國際貿易有限公司附設新北市私立元荷居家長照機構,1R0200076,1,新北市,板橋區,新北市板橋區中山路一段293-1號7樓之1(701室),121.4585189819,25.012298584,B,居家服務;喘息服務
兆興護理之家,A30200077,A3,新北市,三重區,新北市三重區中興北街19巷2號1-3樓,121.4701461792,25.0462684631,B,喘息服務
光慈全人關懷股份有限公司附設新北市私立東昇社區長照機構,2V0200008,2,新北市,新店區,新北市新店區江陵里中正路500號1樓,121.5342636108,24.9823894501,B,日間照顧服務;喘息服務
光田里陪伴站(社照C),BF0200054,BF,新北市,三重區,新北市三重區光田里光田里中華路5號,121.4833984375,25.0602226257,C,巷弄長照站
全人健康管理顧問有限公司附設新北市私立維愛居家長照機構,1R0200050,1,新北市,土城區,新北市土城區青雲路163號8樓,121.445350647,24.9858093262,B,居家服務;喘息服務
全人居家護理所,B10200085,B1,新北市,汐止區,新北市汐止區長興街二段60號2樓之1,121.6746444702,25.0817947388,B,專業照護服務;居家失能個案家庭醫師照護服務
全備聖恩健康福祉股份有限公司附設新北市私立愛加倍居家長照機構,1X0200146,1,新北市,汐止區,新北市汐止區新台五路一段159號13樓之10,121.6537857056,25.0624866486,B,喘息服務;居家服務
全能居家長照有限公司附設新北市私立全能居家長照機構,1V0200025,1,新北市,新莊區,新北市新莊區民安里民安西路38巷19號,121.4267578125,25.0205574036,B,居家服務;喘息服務
全醫好健康有限公司附設新北市私立十全居家長照機構,1V0200116,1,新北市,蘆洲區,新北市蘆洲區中山一路161號3樓R11室,121.475479126,25.0814914703,B,專業照護服務;喘息服務;居家服務
八里佳醫護理之家,A30200015,A3,新北市,八里區,新北市八里區觀海大道185號、185號2樓、185號2樓之1,121.4212341309,25.1623306274,B,喘息服務
六合社區發展協會(社照C),BF0200009,BF,新北市,三重區,新北市三重區六合里自強路2段50巷22號,121.4882583618,25.0691623688,C,巷弄長照站
利鎮物業管理顧問有限公司附設新北市私立利鎮居家長照機構,1R0200038,1,新北市,汐止區,新北市汐止區福安里仁愛路193號1樓,121.6644821167,25.0656604767,B,居家服務;喘息服務
利鎮物業管理顧問有限公司附設新北市私立淡水義山綜合長照機構,4R0200004,4,新北市,淡水區,新北市淡水區奎柔山路3號1樓,121.4499664307,25.2068138123,B,喘息服務;日間照顧服務;居家服務
利鎮物業管理顧問有限公司附設新北市私立淡水義山綜合長照機構-淡水義山據點(醫事C),4V0200008,4,新北市,淡水區,新北市淡水區義山里奎柔山路3號1樓,121.4499664307,25.2068138123,B,喘息服務
力健復健科診所(醫事C),B20200078,B2,新北市,汐止區,新北市汐止區智慧里大同路2段265號1樓,121.653213501,25.0661964417,C,巷弄長照站
勇健居家職能治療所,B50200010,B5,新北市,永和區,新北市永和區仁愛路202巷34號1樓,121.5089645386,25.0132064819,B,專業照護服務(CC01);專業照護服務
勝安租賃有限公司,BA0200023,BA,新北市,新莊區,新北市新莊區新北大道二段187號,121.4637298584,25.0607852936,B,交通接送服務
勝安租賃有限公司,BA0200035,BA,新北市,新莊區,新北市新莊區新北大道二段187號,121.4637298584,25.0607852936,B,交通接送服務(DA01)
北台灣無障礙運輸產業工會,BA0200007,BA,新北市,中和區,新北市中和區連勝街159號5樓,121.4942245483,24.9965553284,B,交通接送服務(DA01);交通接送服務
北醫大管理顧問股份有限公司附設新北市私立萂禾居家長照機構,1V0200030,1,新北市,中和區,新北市中和區景新街347號9樓之9,121.5120544434,24.9909801483,B,居家服務;喘息服務
匯安護理之家,A30200005,A3,新北市,新店區,新北市新店區寶興路37號2樓、3樓、3樓之1,121.5492019653,24.9742774963,B,喘息服務
十全外科婦產科診所,B20200174,B2,新北市,中和區,新北市中和區景新街413號,121.5127792358,24.9895114899,B,居家失能個案家庭醫師照護服務
千歲小兒科診所,B20200091,B2,新北市,樹林區,新北市樹林區千歲街47號1樓,121.4254074097,24.9963874817,B,居家失能個案家庭醫師照護服務
千田照服股份有限公司附設新北市私立千田社區長照機構,2R0200032,2,新北市,土城區,新北市土城區金城路二段209號3樓、209之1號3樓,121.4543838501,24.9818916321,B,喘息服務;日間照顧服務
南丁格爾居家護理所,B10200089,B1,新北市,汐止區,新北市汐止區大同路三段423號,121.6777191162,25.071680069,B,專業照護服務
博思診所,B20200222,B2,新北市,林口區,新北市林口區中正路20號1樓,121.3960571289,25.0775318146,B,居家失能個案家庭醫師照護服務
博森健康有限公司附設新北市私立博森居家長照機構,1V0200075,1,新北市,新店區,新北市新店區百忍里三民路84巷2號1樓,121.5346679688,24.9727325439,B,喘息服務;居家服務
博樂健康股份有限公司附設新北市私立博樂居家長照機構,1V0200013,1,新北市,新莊區,新北市新莊區中華里中安街9號4樓,121.4529800415,25.0455226898,A,個案管理服務
博樂健康股份有限公司附設新北市私立博樂居家長照機構,1V0200013,1,新北市,新莊區,新北市新莊區中華里中安街9號4樓,121.4529800415,25.0455226898,B,喘息服務;居家服務
友伴瑞智居家職能治療所,B50200015,B5,新北市,新莊區,新北市新莊區立言里新泰路253號2樓,121.4214935303,25.0253047943,B,專業照護服務(CC01);專業照護服務
双慈護理之家,A30200066,A3,新北市,中和區,新北市中和區中正路909號8、9樓,121.4835586548,25.006444931,B,喘息服務
古淶稀健康股份有限公司附設新北市私立三峽古淶稀社區長照機構,2R0200006,2,新北市,三峽區,新北市三峽區復興路56、58號2樓,121.374382019,24.9362163544,B,喘息服務;日間照顧服務
可馨居家護理所-樹林區(醫事C),B10200096,B1,新北市,樹林區,新北市樹林區圳福里千歲街61巷12弄28號,121.4279022217,25.199426651,C,巷弄長照站
台灣全齡長照股份有限公司附設新北市私立禾薪居家長照機構,1V0200051,1,新北市,新莊區,新北市新莊區文明里新莊路16之2號1樓,121.4588775635,25.0375823975,B,喘息服務;居家服務
台灣受恩整合服務股份有限公司附設新北市私立三重受恩社區長照機構,2R0200007,2,新北市,三重區,新北市三重區光華里重新路一段87號2樓,121.5012283325,25.0635929108,B,喘息服務;日間照顧服務
台灣受恩整合服務股份有限公司附設新北市私立受恩居家長照機構,1V0200006,1,新北市,永和區,新北市永和區得和路103號3樓,121.5146102905,25.0109806061,A,個案管理服務
台灣受恩整合服務股份有限公司附設新北市私立受恩居家長照機構,1V0200006,1,新北市,永和區,新北市永和區得和路103號3樓,121.5146102905,25.0109806061,B,居家服務;喘息服務
台灣受恩整合服務股份有限公司附設新北市私立受恩居家長照機構-三重光華據點(醫事C),1V0200134,1,新北市,三重區,新北市三重區光華里重新路一段87號1樓,121.5012283325,25.0635929108,B,喘息服務
台灣在地安老推展協會(淡水埤島站)(社照C),BF0200169,BF,新北市,淡水區,新北市淡水區埤島里埤島7-5號,121.4455337524,25.1928501129,C,巷弄長照站
台灣基督徒見證協會(社照C),BG0200029,BG,新北市,淡水區,新北市淡水區學府路36號4樓,121.4482192993,25.1687812805,C,巷弄長照站
台灣基督長老教會馬偕醫療財團法人淡水馬偕紀念醫院,B20200009,B2,新北市,淡水區,新北市淡水區民生里民生路45號,121.4618148804,25.1389274597,A,個案管理服務
台灣基督長老教會馬偕醫療財團法人淡水馬偕紀念醫院,B20200009,B2,新北市,淡水區,新北市淡水區民生里民生路45號,121.4618148804,25.1389274597,B,專業照護服務
台灣基督長老教會馬偕醫療財團法人淡水馬偕紀念醫院八里區龍源里(醫事C),B20200055,B2,新北市,八里區,新北市八里區龍源里龍米路一段223-1號,121.4509277344,25.1319465637,C,巷弄長照站
台灣基督長老教會馬偕醫療財團法人淡水馬偕紀念醫院淡水區油車里(醫事C),B20200047,B2,新北市,淡水區,新北市淡水區油車里淡海路32號,121.4230957031,25.1815643311,C,巷弄長照站
台灣基督長老教會馬偕醫療財團法人淡水馬偕紀念醫院淡水區竹圍里(醫事C),B20200048,B2,新北市,淡水區,新北市淡水區竹圍里民族路31號,121.4610977173,25.1368103027,C,巷弄長照站
台灣基督長老教會馬偕醫療財團法人附設新北市私立三重台北橋社區長照機構,2S0200013,2,新北市,三重區,新北市三重區仁德里重新路一段108號2樓,121.5009307861,25.0630474091,B,日間照顧服務;喘息服務
台灣基督長老教會馬偕醫療財團法人附設新北市私立淡水北海岸社區長照機構,2S0200010,2,新北市,淡水區,新北市淡水區沙崙里沙崙路300號,121.4275588989,25.1871395111,B,日間照顧服務;喘息服務
台灣居護股份有限公司附設新北市私立樹林叁角梅社區長照機構,2R0200010,2,新北市,樹林區,新北市樹林區樹新路40之7號2樓,121.4285202026,24.9961395264,B,日間照顧服務;喘息服務
台灣居護股份有限公司附設新北市私立聯和居家長照機構,1R0200065,1,新北市,中和區,新北市中和區景安路65號2樓,121.4760284424,25.0235729218,B,喘息服務;居家服務
台灣居護股份有限公司附設新北市私立聯宜居家長照機構,1R0200068,1,新北市,樹林區,新北市樹林區樹興里啟智街80巷5號1樓,121.4192657471,24.9920768738,B,居家服務;喘息服務
台灣居護股份有限公司附設新北市私立聯承居家式服務類長期照顧服務機構,1V0200015,1,新北市,板橋區,新北市板橋區永安里萬板路182號1樓,121.4760284424,25.0235729218,A,個案管理服務
台灣居護股份有限公司附設新北市私立聯承居家式服務類長期照顧服務機構,1V0200015,1,新北市,板橋區,新北市板橋區永安里萬板路182號1樓,121.4760284424,25.0235729218,B,居家服務;喘息服務
台灣智慧自立樂活協會(社照C),BF0200316,BF,新北市,中和區,新北市中和區嘉穗里民利街49巷4號,121.4795837402,24.9985122681,C,巷弄長照站
台灣樂活社區福田公益協會,BF0200331,BF,新北市,三重區,新北市三重區福田里自由街18巷13號1樓,121.4792022705,25.0664653778,C,巷弄長照站
台灣環保協會(社照C),BF0200200,BF,新北市,蘆洲區,新北市蘆洲區溪墘里信義路65號,121.4760513306,25.0795707703,C,巷弄長照站
台灣真善美居服股份有限公司附設新北市私立真善美居家長照機構,1V0200004,1,新北市,板橋區,新北市板橋區民生路一段3號16樓之3(H室),121.4620285034,25.0154628754,A,個案管理服務
台灣社會福利及社會工作發展協會附設新北市私立有伴社區長照機構,2N0200003,2,新北市,板橋區,新北市板橋區大觀路三段236號2樓,121.4297943115,24.992225647,B,喘息服務;日間照顧服務
台灣福祉車租賃有限公司,BA0200032,BA,新北市,新莊區,新北市新莊區新泰路502巷6號2樓,121.4427642822,25.0463123322,B,交通接送服務(DA01);社區式交通接送服務(BD03)
台灣福祉車租賃有限公司,BA0200038,BA,新北市,新莊區,新北市新莊區新泰路502巷6號2樓,121.4427642822,25.0463123322,B,交通接送服務(DA01)
台灣頤樂園有限公司附設新北市私立熊大心居家長照機構,1V0200079,1,新北市,新莊區,新北市新莊區中原里新北大道四段171號2樓(YS-206室),121.44581604,25.058631897,B,喘息服務;居家服務
合力旺健康事業股份有限公司附設新北市私立合力旺居家長照機構,1V0200097,1,新北市,瑞芳區,新北市瑞芳區岳王路10之4號1樓,121.8074951172,25.1109256744,B,居家服務;喘息服務
吉雅健康股份有限公司附設新北市私立樂心居家長照機構,1R0200061,1,新北市,永和區,新北市永和區福和路159號3樓,121.520401001,25.0076236725,B,居家服務;喘息服務
同仁康拓長照社團法人附設新北市私立土城永寧社區長照機構,2R0200029,2,新北市,土城區,新北市土城區中央路三段130之5號、6號2樓,121.434425354,24.9659328461,B,日間照顧服務;喘息服務
同仁物理治療所,B40200001,B4,新北市,土城區,新北市土城區埤林里中央路四段127號,121.416305542,24.9575424194,B,專業照護服務;專業照護服務(CC01)
同仁醫院附設土城護理之家,A30200016,A3,新北市,土城區,新北市土城區中央路四段127號1至8樓、2樓之1至8樓之1,121.416305542,24.9575424194,B,喘息服務;日間照顧服務
同佳有限公司附設新北市私立同佳居家長照機構,1V0200060,1,新北市,板橋區,新北市板橋區文化路一段285巷69號1樓,121.4677352905,25.0076694489,A,個案管理服務
同佳有限公司附設新北市私立同佳居家長照機構,1V0200060,1,新北市,板橋區,新北市板橋區文化路一段285巷69號1樓,121.4677352905,25.0076694489,B,居家服務;喘息服務
向安物理治療所,B40200019,B4,新北市,中和區,新北市中和區民享街44巷1號,121.4737701416,25.0026283264,B,專業照護服務(CC01);專業照護服務
和安長照社團法人附設新北市私立和安住宿長照機構,3L0200004,3,新北市,三重區,新北市三重區溪尾街35號,121.4913635254,25.0757484436,B,喘息服務
和敬健康股份有限公司附設新北市私立和敬居家長照機構,1V0200078,1,新北市,板橋區,新北市板橋區中山路一段293-1號7樓之1(705室),121.4706420898,25.0144062042,B,居家服務;喘息服務
和芸居家有限公司附設新北市私立和芸居家長照機構,1V0200124,1,新北市,汐止區,新北市汐止區新台五路一段95號20樓之6  (辦公室編號:XZ2-C1),121.6479644775,25.0616207123,B,喘息服務;居家服務
和鄰居家護理所,B10200019,B1,新北市,鶯歌區,新北市鶯歌區文化路235號1樓,121.3539428711,24.9531135559,B,居家失能個案家庭醫師照護服務
和鄰長照股份有限公司附設新北市私立和鄰居家長照機構,1V0200027,1,新北市,鶯歌區,新北市鶯歌區國慶街172號2樓,121.353843689,24.9532337189,A,個案管理服務
和鄰長照股份有限公司附設新北市私立和鄰居家長照機構,1V0200027,1,新北市,鶯歌區,新北市鶯歌區國慶街172號2樓,121.353843689,24.9532337189,B,專業照護服務;喘息服務;專業照護服務(CC01);居家服務
和鄰長照股份有限公司附設新北市私立和鄰居家長照機構-新店中正據點(醫事C),1V0200048,1,新北市,新店區,新北市新店區中正里華中街42號1樓,121.353843689,24.9532337189,B,喘息服務
和鄰長照股份有限公司附設新北市私立和鄰居家長照機構-新店中正據點(醫事C),1V0200048,1,新北市,新店區,新北市新店區中正里華中街42號1樓,121.353843689,24.9532337189,C,巷弄長照站
和鄰長照股份有限公司附設新北市私立和鄰居家長照機構-樹林樹西據點(醫事C),1X0200025,1,新北市,樹林區,新北市樹林區樹西里啟智街72號1樓,121.4199829102,24.9921760559,B,喘息服務
和鄰長照股份有限公司附設新北市私立和鄰居家長照機構-樹林樹西據點(醫事C),1X0200025,1,新北市,樹林區,新北市樹林區樹西里啟智街72號1樓,121.4199829102,24.9921760559,C,巷弄長照站
和鄰長照股份有限公司附設新北市私立和鄰居家長照機構-鶯歌東鶯據點(醫事C),1X0200079,1,新北市,鶯歌區,新北市鶯歌區東鶯里文化路235號1樓,121.356590271,24.9547843933,B,喘息服務
和鄰長照股份有限公司附設新北市私立和鄰居家長照機構-鶯歌東鶯據點(醫事C),1X0200079,1,新北市,鶯歌區,新北市鶯歌區東鶯里文化路235號1樓,121.356590271,24.9547843933,C,巷弄長照站
和鄰長照股份有限公司附設新北市私立土城和鄰社區長照機構,2R0200027,2,新北市,土城區,新北市土城區中華路一段176號、178號1樓,121.4409866333,24.9825248718,B,日間照顧服務;喘息服務
品佳居家有限公司附設新北市私立品佳居家長照機構,1R0200083,1,新北市,淡水區,新北市淡水區民權路111號3樓B06室,121.4602661133,25.137462616,B,居家服務;喘息服務
品安診所,B20200197,B2,新北市,板橋區,新北市板橋區忠孝路96號1樓,121.4618225098,25.0020141602,B,居家失能個案家庭醫師照護服務
善和居家長照有限公司附設新北市私立善和居家長照機構,1R0200028,1,新北市,板橋區,新北市板橋區雙十路二段176號4樓,121.4670028687,25.0216732025,B,居家服務;喘息服務
善興緣長期照護有限公司附設新北市私立善興緣居家長照機構,1R0200072,1,新北市,永和區,新北市永和區國中路30號1樓,121.5247268677,25.0055274963,B,居家服務;喘息服務
善誠健康事業股份有限公司附設新北市私立三重善誠居家長照機構,1R0200054,1,新北市,三重區,新北市三重區仁愛街99號1樓,121.495765686,25.0738239288,B,居家服務;喘息服務;專業照護服務
善誠健康事業股份有限公司附設新北市私立善誠居家長照機構,1V0200067,1,新北市,板橋區,新北市板橋區長江路二段142號1樓,121.4661636353,25.0317649841,B,居家服務;喘息服務
善誠健康事業股份有限公司附設新北市私立林口善誠居家長照機構,1V0200082,1,新北市,林口區,新北市林口區湖南里文化三路二段77巷29號1樓,121.3735275269,25.0804481506,B,居家服務;喘息服務
善誠健康事業股份有限公司附設新北市私立林口善誠社區長照機構,2V0200006,2,新北市,林口區,新北市林口區湖南里文化三路二段298號1樓,121.377166748,25.0834999084,B,喘息服務;日間照顧服務
善誠健康事業股份有限公司附設新北市私立永和善誠社區長照機構,2V0200011,2,新北市,永和區,新北市永和區保安里中山路一段220號3樓,121.5082244873,25.0082988739,B,日間照顧服務;喘息服務
喜臨國際有限公司附設新北市私立惜鄰居家長照機構,1R0200092,1,新北市,板橋區,新北市板橋區文化路二段285號21樓(A38室),121.4713592529,25.0292282104,B,居家服務;喘息服務
喜苑健康股份有限公司附設新北市私立喜苑居家長照機構,1R0200071,1,新北市,板橋區,新北市板橋區溪城路71號8樓(A室),121.4706420898,25.0144062042,B,居家服務;喘息服務
嘉寧居家護理所,B10200101,B1,新北市,中和區,新北市中和區建八路217號12樓,121.4906845093,24.9994239807,B,專業照護服務
嘉陞健康事業股份有限公司附設新北市私立嘉陞居家長照機構,1R0200037,1,新北市,三重區,新北市三重區錦通里重陽路2段46號1樓,121.5004348755,25.0641498566,B,喘息服務;居家服務
嘉麗有限公司附設新北市私立嘉麗居家長照機構,1R0200080,1,新北市,土城區,新北市土城區裕民路136巷33號1樓,121.4503860474,24.9848308563,B,居家服務;喘息服務
四季長期照顧股份有限公司附設新北市私立芊芊居家長照機構,1V0200128,1,新北市,板橋區,新北市板橋區中正路341巷24號(B05室),121.454208374,25.0201644897,B,喘息服務;居家服務
固的診所,B20200243,B2,新北市,三重區,新北市三重區正義北路312號1~2樓,121.495010376,25.0701732635,B,居家失能個案家庭醫師照護服務
國泰醫療財團法人汐止國泰綜合醫院,B20200032,B2,新北市,汐止區,新北市汐止區建成路59巷2號,121.6611938477,25.0725364685,A,個案管理服務
國立臺灣大學醫學院附設醫院金山分院,B20200031,B2,新北市,金山區,新北市金山區五湖里11鄰玉爐路7號,121.6283416748,25.2194690704,A,個案管理服務
國立臺灣大學醫學院附設醫院金山分院,B20200031,B2,新北市,金山區,新北市金山區五湖里11鄰玉爐路7號,121.6283416748,25.2194690704,B,專業照護服務;專業照護服務(CC01);居家失能個案家庭醫師照護服務
國立臺灣大學醫學院附設醫院金山分院附設居家護理所,B10200011,B1,新北市,金山區,新北市金山區五湖里玉爐路7號,121.62840271,25.2195529938,B,專業照護服務
國軍退除役官兵輔導委員會板橋榮譽國民之家附設新北市板橋憶樂社區長照機構(板橋憶樂公共托老中心),2F0200001,2,新北市,板橋區,新北市板橋區大觀路二段32號,121.4455337524,25.0012245178,B,日間照顧服務
國際奔享體驗教育發展協會(社照C),BE0200027,BE,新北市,新莊區,新北市新莊區丹鳳里天祥街120巷6號,121.4147033691,25.0299625397,C,巷弄長照站
土城區部落文化健康站,BF0200119,BF,新北市,土城區,新北市土城區中央路四段283之1號3樓,121.4118347168,24.95271492,C,巷弄長照站
大允有限公司附設新北市私立大允居家長照機構,1V0200028,1,新北市,板橋區,新北市板橋區民族路276巷1弄13號1、2樓,121.4701766968,25.0065021515,B,喘息服務;居家服務;專業照護服務
大天使長照有限公司附設新北市私立大天使居家長照機構,1V0200066,1,新北市,新店區,新北市新店區北新路1段10號16樓,121.5408554077,24.9653949738,B,專業照護服務;居家服務;喘息服務
大心居家護理所-樹林柑園據點(醫事C),B10200099,B1,新北市,樹林區,新北市樹林區柑園里大義路238號1樓,121.3782653809,24.945936203,B,居家失能個案家庭醫師照護服務;喘息服務
大心管理顧問股份有限公司附設新北市私立誠心居家長照機構,1V0200054,1,新北市,永和區,新北市永和區保生路46號2樓,121.505821228,25.0085964203,B,居家服務;喘息服務
大立亨租賃有限公司,BA0200003,BA,新北市,新店區,新北市新店區北新路三段40號,121.5423202515,24.9797668457,B,交通接送服務
大立亨租賃有限公司,BA0200037,BA,新北市,新店區,新北市新店區北新路三段40號,121.5423202515,24.9797668457,B,交通接送服務(DA01)
大齡青松股份有限公司附設新北市私立崁頂社區長照機構,2R0200024,2,新北市,淡水區,新北市淡水區崁頂三路1號3樓,121.429977417,25.1957988739,B,日間照顧服務;喘息服務
天主教耕莘醫療財團法人永和耕莘醫院,B20200030,B2,新北市,永和區,新北市永和區永興里中興街80號,121.5177307129,25.0118751526,A,個案管理服務
天主教耕莘醫療財團法人永和耕莘醫院,B20200030,B2,新北市,永和區,新北市永和區永興里中興街80號,121.5177307129,25.0118751526,B,營養餐飲服務;專業照護服務;專業照護服務(CC01);喘息服務
天主教耕莘醫療財團法人永和耕莘醫院-中和景平據點(醫事C),B20200129,B2,新北市,中和區,新北市中和區景平里景平路440號1樓,121.5069198608,24.9934673309,B,喘息服務
天主教耕莘醫療財團法人永和耕莘醫院-永和永興據點(醫事C),B20200192,B2,新北市,永和區,新北市永和區永興里國光路116巷2號1樓,121.5181045532,25.0114898682,B,喘息服務
天主教耕莘醫療財團法人永和耕莘醫院-永和永興據點(醫事C),B20200192,B2,新北市,永和區,新北市永和區永興里國光路116巷2號1樓,121.5181045532,25.0114898682,C,巷弄長照站
天主教耕莘醫療財團法人耕莘醫院,B20200008,B2,新北市,新店區,新北市新店區百和里中正路362號,121.5357513428,24.9762935638,A,個案管理服務
天主教耕莘醫療財團法人耕莘醫院,B20200008,B2,新北市,新店區,新北市新店區百和里中正路362號,121.5357513428,24.9762935638,B,喘息服務;專業照護服務;居家失能個案家庭醫師照護服務
天主教耕莘醫療財團法人耕莘醫院-烏來據點(醫事C),B20200036,B2,新北市,烏來區,新北市烏來區烏來里溫泉街90、100、102號,121.5514755249,24.861125946,B,喘息服務
天主教耕莘醫療財團法人耕莘醫院-烏來據點(醫事C),B20200036,B2,新北市,烏來區,新北市烏來區烏來里溫泉街90、100、102號,121.5514755249,24.861125946,C,巷弄長照站
天主教耕莘醫療財團法人附設新北市私立新店央北社區長照機構,2U0200001,2,新北市,新店區,新北市新店區和平里008鄰中山路137號2樓之1,121.5264129639,24.9812545776,B,日間照顧服務;喘息服務
天主教耕莘醫療財團法人附設新北市私立新店安康社區長照機構,2S0200015,2,新北市,新店區,新北市新店區德安里車子路15號13樓,121.50390625,24.9534225464,B,團體家屋服務
天主教耕莘醫療財團法人附設新北市私立新店碧潭社區長照機構,2S0200006,2,新北市,新店區,新北市新店區新店路159號2樓,121.5369720459,24.9552516937,B,喘息服務;日間照顧服務
天主教耕莘醫療財團法人附設新北市私立新店耕莘居家式服務類長期照顧服務機構,1S0200010,1,新北市,新店區,新北市新店區百和里民族路160巷4號,121.5370025635,24.9769706726,B,居家服務;喘息服務
天主教耕莘醫療財團法人附設新北市私立永和中興社區長照機構,2null0200001,2,新北市,永和區,新北市永和區國光路116巷2號1樓,121.5181045532,25.0114917755,B,日間照顧服務;喘息服務
天主教耕莘醫療財團法人附設新北市私立永和耕莘居家式服務類長期照顧服務機構,1S0200009,1,新北市,永和區,新北市永和區中興街52巷1弄12號,121.5171661377,25.01121521,B,喘息服務;居家服務
天主教耕莘醫療財團法人附設永和耕莘居家護理所,B10200032,B1,新北市,永和區,新北市永和區竹林路91巷3之1號1樓,121.5198440552,25.0123500824,B,專業照護服務
天主教耕莘醫療財團法人附設耕莘居家護理所,B10200009,B1,新北市,新店區,新北市新店區百和里民族路160巷2號,121.5370407104,24.9770317078,B,專業照護服務
天主教耕莘醫療財團法人附設耕莘護理之家,A30200013,A3,新北市,新店區,新北市新店區中正路362號C棟1~2樓,121.5357513428,24.9762935638,B,喘息服務
天使居長照財團法人附設新北市私立天使居居家長照機構,1S0200021,1,新北市,林口區,新北市林口區東勢里文化一路一段150之2號,121.3787765503,25.0720329285,B,居家服務;喘息服務
天使居長照財團法人附設新北市私立鑫淼天使居綜合長照機構,4J0200001,4,新北市,林口區,新北市林口區湖南里文林二街85號(2樓、3樓及4樓),121.3759841919,25.0873851776,B,日間照顧服務;喘息服務
天勤健康生活事業有限公司附設新北市私立天勤居家長照機構,1V0200070,1,新北市,板橋區,新北市板橋區文化路一段189號7樓之1,121.4629974365,25.0165367126,A,個案管理服務
天勤健康生活事業有限公司附設新北市私立天勤居家長照機構,1V0200070,1,新北市,板橋區,新北市板橋區文化路一段189號7樓之1,121.4629974365,25.0165367126,B,喘息服務;居家服務
天天關懷健康生活股份有限公司附設新北市私立真承居家長照機構,1R0200031,1,新北市,土城區,新北市土城區中央路四段76-9號2樓,121.4185638428,24.9599533081,B,居家服務;喘息服務
天文大藥局,B30200010,B3,新北市,淡水區,新北市淡水區新春街136號,121.4412384033,25.181596756,A,個案管理服務
天文大藥局,B30200010,B3,新北市,淡水區,新北市淡水區新春街136號,121.4412384033,25.181596756,B,專業照護服務
天賜藥局(醫事C),B30200032,B3,新北市,蘆洲區,新北市蘆洲區正義里5鄰長興路292號1樓,121.4604492188,25.0894126892,C,巷弄長照站
太陽長照社團法人附設新北市私立林口住宿長照機構,3L0200001,3,新北市,林口區,新北市林口區西林里14鄰吉林街30號,121.3845291138,25.0763454437,B,喘息服務
奇恩健康有限公司附設新北市私立奇恩居家長照機構,1R0200049,1,新北市,三重區,新北市三重區成功路68之3號1樓,121.4883499146,25.0505943298,B,居家服務;喘息服務
奇恩健康有限公司附設新北市私立育富居家長照機構,1R0200091,1,新北市,五股區,新北市五股區民義路一段46之1號,121.4368896484,25.0844345093,B,喘息服務;居家服務
好家人健康長期照護事業有限公司附設新北市私立延吉居家長照機構,1V0200010,1,新北市,土城區,新北市土城區廷寮里延吉街253巷20號1樓,121.4677734375,24.9840564728,A,個案管理服務
好家人健康長期照護事業有限公司附設新北市私立延吉居家長照機構,1V0200010,1,新北市,土城區,新北市土城區廷寮里延吉街253巷20號1樓,121.4677734375,24.9840564728,B,居家服務;喘息服務
好家人健康長期照護事業有限公司附設新北市私立延吉居家長照機構-土城廷寮據點(醫事C),1V0200036,1,新北市,土城區,新北市土城區廷寮里延吉街253巷20號1樓,121.4677734375,24.9840564728,B,喘息服務
好家人健康長期照護事業有限公司附設新北市私立延吉居家長照機構-土城廷寮據點(醫事C),1V0200036,1,新北市,土城區,新北市土城區廷寮里延吉街253巷20號1樓,121.4677734375,24.9840564728,C,巷弄長照站
好日子心理治療所,B20200001,B2,新北市,三重區,新北市三重區田心里正義北路227號,121.4959945679,25.0690002441,B,專業照護服務
好日居家長照有限公司附設新北市私立好日居家長照機構,1X0200124,1,新北市,蘆洲區,新北市蘆洲區中山一路161號3樓R05室,121.475479126,25.0814914703,B,居家服務;喘息服務
好晨欣租賃有限公司,BA0200040,BA,新北市,淡水區,新北市淡水區濱海路三段148巷89號4樓,121.4270858765,25.1934814453,B,交通接送服務
好窩居家職能治療所,B50200007,B5,新北市,新店區,新北市新店區中興路二段67巷11號1樓,121.5460968018,24.9710102081,A,個案管理服務
好窩居家職能治療所,B50200007,B5,新北市,新店區,新北市新店區中興路二段67巷11號1樓,121.5460968018,24.9710102081,B,專業照護服務;專業照護服務(CC01)
好芝芯股份有限公司附設新北市私立好芝芯居家長照機構,1V0200131,1,新北市,三重區,新北市三重區福德北路12號3樓（空間編號：gogoro）,121.5022659302,25.064453125,B,居家服務;喘息服務
如原診所,B20200066,B2,新北市,三峽區,新北市三峽區文化路264-1號,121.3667831421,24.9358386993,B,居家失能個案家庭醫師照護服務
如己居家護理所,B10200109,B1,新北市,三重區,新北市三重區光華里3鄰福德北路12號5樓,121.5022659302,25.064453125,B,專業照護服務
宇婕居家長照有限公司附設新北市私立宇婕居家長照機構,1N0200003,1,新北市,瑞芳區,新北市瑞芳區中山路5號3樓,121.805015564,25.1080417633,A,個案管理服務
宇婕居家長照有限公司附設新北市私立宇婕居家長照機構,1N0200003,1,新北市,瑞芳區,新北市瑞芳區中山路5號3樓,121.805015564,25.1080417633,B,居家服務;喘息服務
守歲健康股份有限公司附設新北市私立守歲居家長照機構,1V0200126,1,新北市,三重區,新北市三重區中正北路15號4樓D室,121.4926376343,25.0616798401,B,居家服務;喘息服務
安加社會企業股份有限公司附設新北市私立安加居家長照機構-三重區信安里(醫事C),1V0200044,1,新北市,三重區,新北市三重區信安里6鄰正義北路364巷62號1樓,121.5146102905,25.0109806061,C,巷弄長照站
安加社會企業股份有限公司附設新北市私立安加居家長照機構-三重區培德里(醫事C),1V0200045,1,新北市,三重區,新北市三重區培德里17鄰車頭路街4巷5號1樓,121.4869689941,25.0716114044,C,巷弄長照站
安加社會企業股份有限公司附設新北市私立安加居家長照機構-新店區新和里(醫事C),1V0200046,1,新北市,新店區,新北市新店區新和里12鄰新和街120號1樓,121.5212631226,24.9865074158,C,巷弄長照站
安心好生活股份有限公司附設新北市私立佳醫居家長照機構,1R0200043,1,新北市,三重區,新北市三重區永福街46巷22弄5號,121.4918899536,25.0599155426,B,專業照護服務;居家服務;喘息服務
安忻診所,B20200264,B2,新北市,五股區,新北市五股區水碓路7號1樓,121.4336776733,25.0723133087,B,居家失能個案家庭醫師照護服務
安忻顧問股份有限公司附設新北市私立安忻居家長照機構,1V0200095,1,新北市,板橋區,新北市板橋區中山路二段361號8樓02室,121.4796600342,25.0191516876,B,居家服務;喘息服務
安星居服股份有限公司附設新北市私立安星居家長照機構,1R0200029,1,新北市,淡水區,新北市淡水區新生里文化路63號8樓,121.4382171631,25.172794342,B,喘息服務;居家服務
安昱汽車租賃有限公司,BA0200039,BA,新北市,板橋區,新北市板橋區忠翠里雙十路二段79號9樓之1,121.4760360718,25.0270233154,B,交通接送服務
安泰居家有限公司附設新北市私立安泰居家長照機構,1V0200100,1,新北市,新莊區,新北市新莊區思源路601號5樓A9,121.4417648315,25.0845375061,B,居家服務;喘息服務
安陽永興健康有限公司附設新北市私立安陽社區長照機構,2V0200010,2,新北市,三重區,新北市三重區重新路五段637號3樓,121.4669723511,25.0435504913,B,日間照顧服務;喘息服務
安養照護發展促進協會(社照C),BF0200092,BF,新北市,林口區,新北市林口區菁湖里中山路188號1樓之3,121.3893508911,25.0790843964,C,巷弄長照站
宏十字護理之家,A30200003,A3,新北市,深坑區,新北市深坑區北深路三段99至105號7、8樓,121.6059265137,25.0017147064,B,喘息服務
宏庭長照有限公司附設新北市私立宏庭居家長照機構,1V0200125,1,新北市,新莊區,新北市新莊區中正路234號3樓303室,121.4484176636,25.0353775024,B,喘息服務;居家服務
宏康健康事業股份有限公司附設新北市私立宏康健康居家長照機構,1V0200132,1,新北市,新莊區,新北市新莊區瓊泰路12號1樓,121.4447479248,25.0287094116,B,居家服務;喘息服務
宗齡藥局,B30200034,B3,新北市,汐止區,新北市汐止區康寧街459巷22號1樓,121.6312713623,25.0697422028,B,專業照護服務
宜禾診所,B20200093,B2,新北市,淡水區,新北市淡水區新市一路3段105號1樓,121.4465637207,25.1831378937,B,居家失能個案家庭醫師照護服務
家佳健康股份有限公司附設新北市私立品綸居家長照機構,1V0200088,1,新北市,蘆洲區,新北市蘆洲區集賢路209號4樓,121.4834442139,25.087146759,B,居家服務;喘息服務
家和生活健康事業有限公司附設新北市私立家和居家長照機構,1V0200122,1,新北市,三重區,新北市三重區福隆路9號2樓,121.4896011353,25.0770969391,B,居家服務;喘息服務
家嘉藥局(醫事C),B30200033,B3,新北市,中和區,新北市中和區嘉新里6鄰員山路355號1樓,121.4811553955,25.0019226074,C,巷弄長照站
家心照服庭院股份有限公司附設新北市私立家心居家長照機構,1V0200011,1,新北市,永和區,新北市永和區中正路666巷27號1樓,121.5177688599,25.0091762543,B,居家服務;喘息服務
寓安有限公司附設新北市私立愛瑞家居家長照機構,1V0200050,1,新北市,新莊區,新北市新莊區中安街3號6樓之1,121.4528579712,25.0453548431,B,專業照護服務;居家服務;喘息服務
寶珠居家職能治療所,B50200012,B5,新北市,瑞芳區,新北市瑞芳區瑞芳街38號1樓1室,121.8065795898,25.109828949,A,個案管理服務
寶興護理之家,A30200006,A3,新北市,新店區,新北市新店區寶興路39號2樓至4樓、41號2樓至5樓,121.5491333008,24.9742088318,B,喘息服務
寶興護理之家-新店寶福據點(醫事C),A30200174,A3,新北市,新店區,新北市新店區寶福里寶興路39號1樓,121.5491333008,24.9742088318,B,喘息服務
寶興護理之家-新店寶福據點(醫事C),A30200174,A3,新北市,新店區,新北市新店區寶福里寶興路39號1樓,121.5491333008,24.9742088318,C,巷弄長照站
寶護企業社附設新北市私立寶護居家長照機構,1X0200021,1,新北市,蘆洲區,新北市蘆洲區恆德里中山二路12號2樓,121.4753417969,25.0819358826,A,個案管理服務
寶護企業社附設新北市私立寶護居家長照機構,1X0200021,1,新北市,蘆洲區,新北市蘆洲區恆德里中山二路12號2樓,121.4753417969,25.0819358826,B,喘息服務;居家服務
小驢駒小客車租賃有限公司,BA0200020,BA,新北市,新莊區,新北市新莊區復興路三段196巷2弄9之3號,121.4617843628,25.0450134277,B,交通接送服務(DA01)
小驢駒小客車租賃有限公司,BF0200060,BF,新北市,新莊區,新北市新莊區復興路二段196巷2弄9-3號,121.4589538574,25.0440597534,B,交通接送服務
小驢駒小客車租賃有限公司(屏東縣),BA0200018,BA,新北市,新莊區,新北市新莊區復興路2段196巷2弄9之3號,121.4589614868,25.0440979004,B,交通接送服務
居芮股份有限公司附設新北市私立和芮居家長照機構,1V0200008,1,新北市,新店區,新北市新店區中興路三段138號9樓之1,121.5446548462,24.9803009033,A,個案管理服務
居芮股份有限公司附設新北市私立和芮居家長照機構,1V0200008,1,新北市,新店區,新北市新店區中興路三段138號9樓之1,121.5446548462,24.9803009033,B,居家服務;喘息服務
居達居家職能治療所,B50200016,B5,新北市,汐止區,新北市汐止區復興里023鄰新台五路一段159號12樓,121.6537704468,25.062417984,B,專業照護服務;專業照護服務(CC01)
崇文診所,B20200254,B2,新北市,鶯歌區,新北市鶯歌區國慶街141號,121.3509674072,24.9535503387,B,居家失能個案家庭醫師照護服務
巴歌浪,BF0200069,BF,新北市,中和區,新北市中和區連和里建康路270號4樓,121.4929962158,25.0001068115,C,巷弄長照站
常樂企業有限公司(新北),BA0200033,BA,新北市,新店區,新北市新店區民權路153號4樓,121.534362793,24.9826583862,B,交通接送服務(DA01)
幸福時光居家護理所,B10200100,B1,新北市,三重區,新北市三重區捷運路19巷13號1樓及15號1樓,121.4850463867,25.057050705,B,專業照護服務
幼恩診所,B20200256,B2,新北市,深坑區,新北市深坑區北深路三段173號,121.6017150879,25.0034942627,B,居家失能個案家庭醫師照護服務
庭芳居家護理所,B10200031,B1,新北市,三重區,新北市三重區成功路110號2樓之20,121.4870605469,25.0516357422,B,專業照護服務
康健家庭醫學科診所,B20200207,B2,新北市,鶯歌區,新北市鶯歌區建國路231號,121.3485183716,24.9534130096,B,居家失能個案家庭醫師照護服務
康健小客車租賃有限公司,BB0200001,BA,新北市,三峽區,新北市三峽區中正路一段26號,121.3758773804,24.9310398102,B,交通接送服務(DA01)
康園護理之家,A30200029,A3,新北市,新店區,新北市新店區安興路91巷31號1至5樓,121.5142364502,24.9746894836,B,日間照顧服務;喘息服務
康恬長照事業有限公司附設新北市私立康恬居家長照機構,1V0200123,1,新北市,三重區,新北市三重區同安東街76號1樓,121.4985733032,25.0574550629,B,居家服務;喘息服務
康杏銀髮事業股份有限公司附設新北市私立康杏銀髮居家長照機構,1V0200057,1,新北市,中和區,新北市中和區中山路二段296號14樓之4,121.4836196899,25.0080986023,B,居家服務;喘息服務
康禾護理之家,A30200059,A3,新北市,鶯歌區,新北市鶯歌區建國路85號8樓,121.3530502319,24.9539718628,B,喘息服務
康齡永安居家物理治療所,B40200003,B4,新北市,永和區,新北市永和區店街里福和路389號2樓之4,121.5141220093,25.0077114105,B,專業照護服務(CC01);專業照護服務
康齡聯合健康事業股份有限公司附設新北市私立康齡家美社區長照機構,2V0200005,2,新北市,中和區,新北市中和區連和里17鄰中山路2段327巷3號5樓,121.4934082031,25.00141716,B,日間照顧服務;喘息服務
廣全診所,B20200096,B2,新北市,土城區,新北市土城區學成路2號1樓,121.4538879395,24.9866123199,B,居家失能個案家庭醫師照護服務
廣川醫院,B20200002,B2,新北市,土城區,新北市土城區裕民路276號,121.4549713135,24.9823818207,B,專業照護服務
廣權護理之家,A30200004,A3,新北市,板橋區,新北市板橋區廣權路6號2樓、5樓,121.4605102539,24.9908809662,B,喘息服務
弘一診所,B20200213,B2,新北市,蘆洲區,新北市蘆洲區重陽街82號1樓,121.4820251465,25.0844326019,B,居家失能個案家庭醫師照護服務
微笑長照整合服務股份有限公司附設新北市私立微笑居家長照機構,1V0200029,1,新北市,泰山區,新北市泰山區新明里民國街48號1樓,121.4498977661,25.0378360748,B,居家服務;喘息服務
微笑長照整合服務股份有限公司附設新北市私立微笑居家長照機構-泰山新明據點(醫事C),1V0200047,1,新北市,泰山區,新北市泰山區新明里民國街48號1樓,121.4258117676,25.0437030792,B,喘息服務
微笑長照整合服務股份有限公司附設新北市私立微笑居家長照機構-泰山新明據點(醫事C),1V0200047,1,新北市,泰山區,新北市泰山區新明里民國街48號1樓,121.4258117676,25.0437030792,C,巷弄長照站
微笑關懷健康有限公司附設新北市私立馨悅居家長照機構,1V0200065,1,新北市,永和區,新北市永和區福和路309巷20弄9號1樓,121.5146102905,25.0109806061,B,居家服務;喘息服務
德安婦產科診所,B20200071,B2,新北市,新莊區,新北市新莊區新泰路31號,121.4495773315,25.0331459045,B,居家失能個案家庭醫師照護服務
德興診所(醫事C),B20200076,B2,新北市,蘆洲區,新北市蘆洲區仁德里三民路26巷31弄10號及12號1樓,121.4760055542,25.0873088837,C,巷弄長照站
心悅居家長照有限公司附設新北市私立心悅居家長照機構,1V0200024,1,新北市,汐止區,新北市汐止區大同里大同路二段322巷8號1樓,121.6564712524,25.066444397,B,喘息服務;居家服務
志安診所,B20200190,B2,新北市,新莊區,新北市新莊區幸福路521號,121.4556503296,25.0492801666,B,居家失能個案家庭醫師照護服務
忠孝復健專科診所,B20200102,B2,新北市,林口區,新北市林口區文化二路一段527號,121.373550415,25.0761375427,A,個案管理服務
忠孝復健專科診所,B20200102,B2,新北市,林口區,新北市林口區文化二路一段527號,121.373550415,25.0761375427,B,專業照護服務;專業照護服務(CC01)
忠祥居家護理所,B10200027,B1,新北市,中和區,新北市中和區 中山路二段144號1樓 ,121.5019073486,25.0031528473,A,個案管理服務
忠祥居家護理所,B10200027,B1,新北市,中和區,新北市中和區 中山路二段144號1樓 ,121.5019073486,25.0031528473,B,專業照護服務
思暮長期照護有限公司附設新北市私立思暮居家長照機構,1V0200129,1,新北市,新店區,新北市新店區北新路二段262號3樓之3,121.5429077148,24.9783344269,B,居家服務;喘息服務
恆愛實業有限公司附設新北市私立恆愛居家長照機構,1V0200109,1,新北市,三重區,新北市三重區重新路四段89號10樓A室,121.4861297607,25.0555782318,B,喘息服務;居家服務
恩耆股份有限公司附設新北市私立惠澤居家長照機構,1R0200014,1,新北市,板橋區,新北市板橋區新興里南雅南路一段3巷4號2樓,121.4563217163,25.0062465668,B,居家服務;喘息服務;專業照護服務
悠康事業有限公司附設新北市私立悠康居家長照機構,1V0200023,1,新北市,三重區,新北市三重區自強路三段61號2樓,121.4445343018,25.0336742401,A,個案管理服務
悠康事業有限公司附設新北市私立悠康居家長照機構,1V0200023,1,新北市,三重區,新北市三重區自強路三段61號2樓,121.4445343018,25.0336742401,B,喘息服務;居家服務
惠恩居家職能治療所,B50200013,B5,新北市,金山區,新北市金山區仁愛路19號1樓,121.637550354,25.2191791534,B,專業照護服務(CC01);專業照護服務
惠生活事業股份有限公司附設新北市私立惠生活居家長照機構,1V0200104,1,新北市,板橋區,新北市板橋區中山路一段10號11樓1150室,121.4601211548,25.0079612732,B,喘息服務;居家服務
愛佳生活居家護理所-樹林圳福據點(醫事C),B10200092,B1,新北市,樹林區,新北市樹林區圳福里千歲街61巷12弄28號1樓,121.4268569946,24.9987945557,B,喘息服務
愛佳生活股份有限公司附設新北市私立樹林愛佳生活社區長照機構,2V0200004,2,新北市,樹林區,新北市樹林區三龍里2鄰中正路632巷1號3樓,121.4103240967,25.016418457,B,小規模多機能服務;日間照顧服務;喘息服務
愛寧居家護理所,B10200113,B1,新北市,新莊區,新北市新莊區新北大道四段179號10樓之7,121.4459152222,25.0583133698,B,專業照護服務
愛寧診所,B20200260,B2,新北市,新莊區,新北市新莊區中央路289號4樓,121.4524002075,25.058675766,B,居家失能個案家庭醫師照護服務;專業照護服務
愛樂親子診所,B20200219,B2,新北市,蘆洲區,新北市蘆洲區長樂路168號1樓,121.4626083374,25.0909729004,B,居家失能個案家庭醫師照護服務
愛無限整合服務有限公司附設新北市私立愛無限居家長照機構,1V0200040,1,新北市,新店區,新北市新店區中興路二段67巷11號1樓,121.5217971802,24.9861030579,B,專業照護服務;居家服務;喘息服務
愛無限整合服務有限公司附設新北市私立愛無限居家長照機構(醫事C),1V0200049,1,新北市,新店區,新北市新店區國校里3鄰北宜路一段76號1樓,121.5384979248,24.9557590485,C,巷弄長照站
慈家居家護理所,B10200106,B1,新北市,林口區,新北市林口區文化三路一段39巷283號12樓,121.3603134155,25.0687713623,B,專業照護服務;居家失能個案家庭醫師照護服務
慈益長照社團法人附設新北市私立慈益住宿長照機構,3R0200002,3,新北市,汐止區,新北市汐止區勤進路83巷3號,121.6625976562,25.0588932037,B,喘息服務
慈英居家護理所,B10200075,B1,新北市,泰山區,新北市泰山區貴子路9巷10弄6號,121.4255828857,25.0426712036,B,專業照護服務
慈馨健康有限公司附設新北市私立康乃馨居家長照機構,1V0200099,1,新北市,蘆洲區,新北市蘆洲區環堤大道174號4樓,121.4564590454,25.0899047852,B,喘息服務;居家服務
慧民居家護理所,B10200102,B1,新北市,三峽區,新北市三峽區龍埔里三樹路7巷3號1樓,121.376701355,24.9374008179,B,專業照護服務
承源資業股份有限公司附設新北市私立聯恩居家長照機構,1V0200098,1,新北市,三重區,新北市三重區重陽路三段115號2樓,121.4907684326,25.0685806274,B,居家服務;喘息服務
承濤有限公司附設新北市私立承濤居家長照機構,1R0200090,1,新北市,樹林區,新北市樹林區中山路1段42號3樓,121.4238128662,24.9923343658,B,喘息服務;居家服務
承羲有限公司附設新北市私立承羲居家長照機構,1V0200113,1,新北市,板橋區,新北市板橋區文化路一段329號4樓(A05室),121.4663085938,25.0206661224,B,居家服務;喘息服務
抵家長期照顧股份有限公司附設新北市私立抵家居家長照機構,1V0200089,1,新北市,三重區,新北市三重區三民街317巷1號,121.4909591675,25.0805015564,B,居家服務;喘息服務
拾光健康事業有限公司附設新北市私立拾光居家長照機構,1V0200107,1,新北市,新莊區,新北市新莊區中華路二段7號6樓(YS402),121.4535293579,25.0453166962,B,居家服務;喘息服務
擁心健康事業有限公司附設新北市私立瓏寶居家式長照機構,1R0200079,1,新北市,淡水區,新北市淡水區民權路111號3樓B03室,121.4602661133,25.137462616,B,居家服務;喘息服務
敏家診所,B20200092,B2,新北市,三峽區,新北市三峽區復興路106、108號1~2樓,121.3726348877,24.9378223419,B,居家失能個案家庭醫師照護服務
新北仁康醫院,B20200044,B2,新北市,新店區,新北市新店區安康路二段323號,121.4996490479,24.9555416107,B,專業照護服務
新北仁康醫院附設護理之家,A30200058,A3,新北市,新店區,新北市新店區安康路二段323號3樓及325號,121.4997406006,24.9555587769,B,喘息服務
新北市三峽區中埔里辦公處(社照C),BG0200071,BG,新北市,三峽區,新北市三峽區中埔里大同路266-268號1樓,121.3655395508,24.9253463745,C,巷弄長照站
新北市三峽區二鬮里辦公處(社照C),BG0200070,BG,新北市,三峽區,新北市三峽區大埔里中正路二段449號,121.3627548218,24.9067001343,C,巷弄長照站
新北市三峽區八張里辦公處(社照C),BG0200084,BG,新北市,三峽區,新北市三峽區八張里清水街434號1樓,121.3685073853,24.9256191254,C,巷弄長照站
新北市三峽區原住民族發展協進會(社照C),BF0200047,BF,新北市,三峽區,新北市三峽區鳶山里介壽里中山路257巷35號7樓,121.3624343872,24.937335968,C,巷弄長照站
新北市三峽區溪東社區發展協會(社照C),BF0200325,BF,新北市,三峽區,新北市三峽區溪東里溪東路218巷1號1樓,121.4076538086,24.9316616058,C,巷弄長照站
新北市三峽區老人會(溪北站)(社照C),BF0200271,BF,新北市,三峽區,新北市三峽區溪北里介壽路三段148號1-2樓,121.4013137817,24.943189621,C,巷弄長照站
新北市三峽區老人會(秀川站)(社照C),BF0200290,BF,新北市,三峽區,新北市三峽區秀川里忠孝街25之5號1樓、2樓,121.3711700439,24.9342727661,C,巷弄長照站
新北市三峽區衛生所,B20200090,B2,新北市,三峽區,新北市三峽區光明路71號3樓,121.3761291504,24.9282970428,B,居家失能個案家庭醫師照護服務
新北市三峽區鳶山里辦公處(社照C),BG0200066,BG,新北市,三峽區,新北市三峽區鳶山里大勇路36巷2號、2-1號1-2樓,121.3667831421,24.9372901917,C,巷弄長照站
新北市三芝區樂天社區發展協會(社照C),BF0200160,BF,新北市,三芝區,新北市三芝區興華里楓子林47-1號,121.5017776489,25.2066745758,C,巷弄長照站
新北市三芝區衛生所,B20200064,B2,新北市,三芝區,新北市三芝區埔坪里中山路一段12號,121.5038299561,25.2564544678,A,個案管理服務
新北市三芝區衛生所,B20200064,B2,新北市,三芝區,新北市三芝區埔坪里中山路一段12號,121.5038299561,25.2564544678,B,居家失能個案家庭醫師照護服務
新北市三芝區衛生所(醫事C),B20200241,B2,新北市,三芝區,新北市三芝區埔坪里民生街31號3樓,121.5035629272,25.256401062,C,巷弄長照站
新北市三重區三民里辦公處(社照C),BF0200296,BF,新北市,三重區,新北市三重區三民里重陽路二段34巷11號1樓,121.4865875244,25.0633392334,C,巷弄長照站
新北市三重區中山里辦公處(設照C),BG0200092,BG,新北市,三重區,新北市三重區中山里4鄰大同北路34巷11號1樓,121.4946136475,25.0624732971,C,巷弄長照站
新北市三重區五常里辦公處(社照C),BF0200281,BF,新北市,三重區,新北市三重區五常里仁義街157巷96號1樓,121.4990005493,25.0820465088,C,巷弄長照站
新北市三重區五順里辦公處(社照C),BF0200297,BF,新北市,三重區,新北市三重區五順里仁義街211巷13號1樓,121.4973678589,25.0821380615,C,巷弄長照站
新北市三重區六合里辦公處(社照C),BF0200305,BF,新北市,三重區,新北市三重區六合里自強路二段50巷22號1樓,121.4883499146,25.0694217682,C,巷弄長照站
新北市三重區厚德里辦公處(社照C),BF0200260,BF,新北市,三重區,新北市三重區厚德里三和路三段170巷49號,121.4908370972,25.0726795197,C,巷弄長照站
新北市三重區培德里辦公處(社照C),BF0200282,BF,新北市,三重區,新北市三重區培德里忠孝路二段35號B1,121.4859695435,25.0715084076,C,巷弄長照站
新北市三重區富華里辦公處(社照C),BF0200274,BF,新北市,三重區,新北市三重區富華里五華街109號,121.4915084839,25.0839672089,C,巷弄長照站
新北市三重區慈祐里辦公處(社照C),BF0200287,BF,新北市,三重區,新北市三重區慈祐里仁愛街425巷9之1號,121.490852356,25.0818138123,C,巷弄長照站
新北市三重區成功里辦公處(社照C),BF0200280,BF,新北市,三重區,新北市三重區成功里昌隆街36號,121.4917144775,25.0518836975,C,巷弄長照站
新北市三重區正安里辦公處(社照C),BF0200288,BF,新北市,三重區,新北市三重區正安里大智街45-2號4樓,121.4934387207,25.0666027069,C,巷弄長照站
新北市三重區民俗文化協會(社照C),BF0200010,BF,新北市,三重區,新北市三重區承德里龍門路272-1號3樓,121.501449585,25.0741767883,C,巷弄長照站
新北市三重區永吉里辦公處(社照C),BF0200279,BF,新北市,三重區,新北市三重區永吉里自強路三段110巷15-2號1樓,121.4864349365,25.0747756958,C,巷弄長照站
新北市三重區永安里辦公處(社照C),BF0200256,BF,新北市,三重區,新北市三重區永安里力行路二段63巷7號,121.4826965332,25.0748710632,C,巷弄長照站
新北市三重區永煇里辦公處(社照C),BF0200312,BF,新北市,三重區,新北市三重區永煇里力行路二段9巷6號1樓,121.482673645,25.0722293854,C,巷弄長照站
新北市三重區永發里辦公處(社照C),BF0200298,BF,新北市,三重區,新北市三重區永發里中正北路193巷45號2樓,121.4755859375,25.0710811615,C,巷弄長照站
新北市三重區永興里辦公處(社照C),BF0200318,BF,新北市,三重區,新北市三重區永興里福德南路8巷20號,121.5037307739,25.063659668,C,巷弄長照站
新北市三重區溪美里辦公處(社照C),BF0200273,BF,新北市,三重區,新北市三重區溪美里仁政街82號,121.4925918579,25.0775909424,C,巷弄長照站
新北市三重區瑞德里辦公處(設照C),BG0200093,BG,新北市,三重區,新北市三重區瑞德里仁昌街83號1樓,121.499168396,25.0748119354,C,巷弄長照站
新北市三重區田中里辦公處(社照C),BF0200201,BF,新北市,三重區,新北市三重區田中里忠孝路三段40巷51號,121.4831390381,25.0655384064,C,巷弄長照站
新北市三重區福民里辦公處(社照C),BF0200310,BF,新北市,三重區,新北市三重區福民里環河南路221巷40號1樓,121.4907836914,25.0528297424,C,巷弄長照站
新北市三重區自強里辦公處(社照C),BF0200278,BF,新北市,三重區,新北市三重區自強里正義北路256巷133號,121.4932403564,25.0678424835,C,巷弄長照站
新北市三重區衛生所,B20200059,B2,新北市,三重區,新北市三重區中山里新北大道一段一號,121.491394043,25.0611915588,B,居家失能個案家庭醫師照護服務
新北市三重區錦通里辦公處(社照C),BF0200263,BF,新北市,三重區,新北市三重區錦通里中央北路26號4樓,121.5008010864,25.0643234253,C,巷弄長照站
新北市三重區開元里辦公處(社照C),BF0200264,BF,新北市,三重區,新北市三重區開元里開元街1號,121.5035476685,25.0665798187,C,巷弄長照站
新北市三重活躍樂齡協會(社照C),BF0200189,BF,新北市,三重區,新北市三重區重明里重陽路1段60巷101號1樓,121.4846420288,25.0581874847,C,巷弄長照站
新北市中和區世紀皇家管理委員會,BF0200208,BF,新北市,中和區,新北市中和區力行里連勝街9號,121.4991149902,24.9985313416,C,巷弄長照站
新北市中和區壽德里辦公處(社照C),BG0200043,BG,新北市,中和區,新北市中和區壽德里華順街138號,121.4646759033,24.9960746765,C,巷弄長照站
新北市中和區安穗里辦公處(社照C),BG0200088,BG,新北市,中和區,新北市中和區安穗里員山路294巷7號1樓,121.481842041,25.0024681091,C,巷弄長照站
新北市中和區山北社區發展協會(社照c),BG0200079,BG,新北市,中和區,新北市中和區福美里莊敬路49巷29弄2號1樓,121.5016784668,25.0064601898,C,巷弄長照站
新北市中和區崇南里辦公處(社照C),BG0200086,BG,新北市,中和區,新北市中和區崇南里景新街496巷35弄1號2樓,121.5135955811,24.9856529236,C,巷弄長照站
新北市中和區廟美里辦公處(社照C),BG0200065,BG,新北市,中和區,新北市中和區廟美里廟美街6巷3號5樓,121.5012054443,25.0015220642,C,巷弄長照站
新北市中和區忠孝里辦公處(社照c),BG0200080,BG,新北市,中和區,新北市中和區忠孝里忠孝街31巷1號1樓,121.5103759766,24.9831485748,C,巷弄長照站
新北市中和區慈心關懷協會(社照C),BF0200212,BF,新北市,中和區,新北市中和區員山里員山路466巷19號,121.480758667,25.006685257,C,巷弄長照站
新北市中和區明德里辦公處(社照C),BG0200039,BG,新北市,中和區,新北市中和區明德里民德路311號2樓,121.4673461914,24.9947834015,C,巷弄長照站
新北市中和區景平里辦公處(社照C),BG0200090,BG,新北市,中和區,新北市中和區景平里景平路159巷2號B1,121.5125198364,24.992307663,C,巷弄長照站
新北市中和區碧湖社區發展協會(社照C),BF0200012,BF,新北市,中和區,新北市中和區錦昌里圓通路367巷15-1號4樓、5樓,121.492225647,24.9883556366,C,巷弄長照站
新北市中和區福南里辦公處(社照C),BG0200078,BG,新北市,中和區,新北市中和區福南里興南路二段34巷60號,121.5046691895,24.9885597229,C,巷弄長照站
新北市中和區福和里辦公處,BG0200077,BG,新北市,中和區,新北市中和區福和里中山路二段131巷,121.5025634766,25.0020980835,C,巷弄長照站
新北市中和區福美里辦公處(社照C),BF0200266,BF,新北市,中和區,新北市中和區福美里勝利路35巷9弄4號1樓,121.4995574951,25.0069923401,C,巷弄長照站
新北市中和區秀義里辦公處(社照C),BG0200072,BG,新北市,中和區,新北市中和區秀義里秀朗路三段66巷23號,121.5255584717,24.9946308136,C,巷弄長照站
新北市中和區積穗里辦公處(社照C),BG0200089,BG,新北市,中和區,新北市中和區積穗里員山路394巷5號1樓,121.4808654785,25.0046844482,C,巷弄長照站
新北市中和區莒東社區發展協會(社照C),BF0200251,BF,新北市,中和區,新北市中和區民有里民享街37號2樓,121.4741287231,25.003572464,C,巷弄長照站
新北市中和區莒西社區發展協會(社照C),BF0200136,BF,新北市,中和區,新北市中和區自強里莒光路200號之3,121.4720230103,24.9988994598,C,巷弄長照站
新北市中和區衛生所,B20200081,B2,新北市,中和區,新北市中和區南山路4巷3號,121.5016403198,24.9986915588,B,居家失能個案家庭醫師照護服務
新北市中和區連和里辦公處(社照C),BF0200211,BF,新北市,中和區,新北市中和區連和里連城路54號,121.4980392456,25.0018844604,C,巷弄長照站
新北市中華藝術交流推廣協會(土城頂埔分站),BF0200319,BF,新北市,土城區,新北市土城區頂埔里中央路4段188號1樓,121.4163513184,24.9578819275,C,巷弄長照站
新北市丰恩社會關懷協會(社照C),BF0200291,BF,新北市,三重區,新北市三重區碧華里集智街5號,0.0,0.0,C,巷弄長照站
新北市五股區五股社區發展協會,BF0200246,BF,新北市,五股區,新北市五股區民義里工商路127號1樓,121.4610443115,25.0203838348,C,巷弄長照站
新北市五股區成州社區發展協會(社照C),BF0200014,BF,新北市,五股區,新北市五股區成州里西雲路267號,121.4493408203,25.0980892181,C,巷弄長照站
新北市五股區衛生所,B20200112,B2,新北市,五股區,新北市五股區新城三路11號,121.4476394653,25.0942363739,B,居家失能個案家庭醫師照護服務
新北市五股區貿商社區發展協會(社照C),BF0200013,BF,新北市,五股區,新北市五股區貿商里登林路貿商巷8弄10號,121.4311218262,25.0706214905,C,巷弄長照站
新北市光塩愛心關懷協會(社照C),BF0200178,BF,新北市,新莊區,新北市新莊區立廷里立信三街25-3號1樓,121.4421157837,25.0504112244,C,巷弄長照站
新北市全能銀色樂活關懷協會(社照C),BF0200183,BF,新北市,新莊區,新北市新莊區民安里民安西路38巷19號,121.4267578125,25.0205574036,C,巷弄長照站
新北市八德愛心關懷協會(社照C),BF0200226,BF,新北市,板橋區,新北市板橋區忠翠里雙十路二段47巷2弄33號,121.4750213623,25.0266990662,C,巷弄長照站
新北市八里區大崁里辦公處(社照C),BG0200034,BG,新北市,八里區,新北市八里區大崁里中山路一段21號,121.4220962524,25.1589241028,C,巷弄長照站
新北市八里區衛生所,B20200065,B2,新北市,八里區,新北市八里區舊城里舊城路16號,121.4001312256,25.146522522,A,個案管理服務
新北市八里區衛生所,B20200065,B2,新北市,八里區,新北市八里區舊城里舊城路16號,121.4001312256,25.146522522,B,居家失能個案家庭醫師照護服務
新北市原住民家庭關懷協會,BF0200073,BF,新北市,汐止區,新北市汐止區山光里樟樹一路137巷26號2樓,121.6416931152,25.0693473816,C,巷弄長照站
新北市土城區平和社區發展協會,BF0200330,BF,新北市,土城區,新北市土城區平和里延和路156巷7號1樓,121.4684677124,24.9899501801,C,巷弄長照站
新北市土城區延吉社區發展協會(社照C),BF0200199,BF,新北市,土城區,新北市土城區延吉里延吉街113號,121.471244812,24.9865779877,C,巷弄長照站
新北市土城區日新里辦公處(社照C),BF0200159,BF,新北市,土城區,新北市土城區日新里裕生路100巷7號,121.4462051392,24.9850902557,C,巷弄長照站
新北市土城區永寧社區發展協會(社照C),BF0200117,BF,新北市,土城區,新北市土城區永平街1號,121.4275360107,24.9634571075,C,巷弄長照站
新北市土城區清化里辦公處-土城清和據點(社照C),BG0200007,BG,新北市,土城區,新北市土城區清和里青雲路368號4樓,121.4586029053,24.9738388062,B,喘息服務
新北市土城區祖田里辦公處-土城祖田據點(社照C),BF0200002,BF,新北市,土城區,新北市土城區祖田里溪頭路129號,121.4127578735,24.9539470673,B,喘息服務
新北市土城區祖田里辦公處-土城祖田據點(社照C),BF0200002,BF,新北市,土城區,新北市土城區祖田里溪頭路129號,121.4127578735,24.9539470673,C,巷弄長照站
新北市土城區衛生所,B20200229,B2,新北市,土城區,新北市土城區和平路26號,121.4431915283,24.9728565216,B,居家失能個案家庭醫師照護服務
新北市土城區長風社區發展協會,BF0200332,BF,新北市,土城區,新北市土城區長風里順風路27號,121.4403457642,24.976852417,C,巷弄長照站
新北市土城區雲溪社區發展協會(社照C),BF0200011,BF,新北市,土城區,新北市土城區清溪里清水路243號1樓,121.4614944458,24.9834327698,C,巷弄長照站
新北市土城區青山里辦公處(社照C),BF0200326,BF,新北市,土城區,新北市土城區青山里明德路一段74-1號,121.4644470215,24.9803085327,C,巷弄長照站
新北市土城區頂欣社區發展協會(社照C),BF0200143,BF,新北市,土城區,新北市土城區頂新里中央路四段283-1號1樓,121.4118347168,24.95271492,C,巷弄長照站
新北市坪林區老人會(社照C),BF0200102,BF,新北市,坪林區,新北市坪林區大林里逮魚堀33-4號,121.6978607178,24.9253921509,C,巷弄長照站
新北市坪林區衛生所,B20200020,B2,新北市,坪林區,新北市坪林區坪林街104號,121.7116546631,24.9359226227,A,個案管理服務
新北市坪林區衛生所,B20200020,B2,新北市,坪林區,新北市坪林區坪林街104號,121.7116546631,24.9359226227,B,居家失能個案家庭醫師照護服務;交通接送服務
新北市多元智能老幼暨兒童教育發展協會(三峽站)(社照C),BF0200186,BF,新北市,三峽區,新北市三峽區安溪里中正路一段200號,121.3723220825,24.9281044006,C,巷弄長照站
新北市多元智能老幼暨兒童教育發展協會(社照C),BF0200098,BF,新北市,中和區,新北市中和區福善里景平路736巷5弄2號,121.4975280762,25.003364563,C,巷弄長照站
新北市多元智能老幼暨兒童教育發展協會(鶯歌站)(社照C),BF0200141,BF,新北市,鶯歌區,新北市鶯歌區鳳福里福隆一街14號,121.3255310059,24.9716682434,C,巷弄長照站
新北市大德愛心推廣協會,BF0200327,BF,新北市,板橋區,新北市板橋區國光里16鄰國光路76號1樓,121.4583358765,25.0177612305,C,巷弄長照站
新北市大新板愛心關懷協會(板橋懷翠站)(社照C),BE0200073,BE,新北市,板橋區,新北市板橋區懷翠里懷德街191巷26弄1號,121.4806671143,25.0297641754,C,巷弄長照站
新北市大有忘年協會(社照C),BF0200191,BF,新北市,三重區,新北市三重區二重里疏洪東路2段131號,121.4752655029,25.0666103363,C,巷弄長照站
新北市大社后愛心關懷協會(北極壇)(社照C),BF0200128,BF,新北市,板橋區,新北市板橋區社後里中正路80巷1弄1號1樓,121.4569396973,25.0150051117,C,巷弄長照站
新北市大社后愛心關懷協會(板橋民權站)(社照C),BF0200163,BF,新北市,板橋區,新北市板橋區民權里民權路202巷9弄39號1樓,121.459312439,25.0156364441,C,巷弄長照站
新北市奇布施老人養生協會(社照C),BF0200059,BF,新北市,新店區,新北市新店區信義里寶興里寶慶街10號23樓-1,121.5434646606,24.9869728088,C,巷弄長照站
新北市山上樂齡才藝長照協會(社照C),BF0200311,BF,新北市,三重區,新北市三重區長泰里長樂街55-2號1樓,121.5005722046,25.0692234039,C,巷弄長照站
新北市崇德光慧經典教育推廣協會(廣福站),BF0200333,BF,新北市,土城區,新北市土城區廣福里學府路一段23巷21之1號,121.4579086304,24.9870052338,C,巷弄長照站
新北市崇德光慧經典教育推廣協會(社照C),BF0200164,BF,新北市,土城區,新北市土城區中華路一段36號6樓,121.4463043213,24.9897232056,C,巷弄長照站
新北市市敏動齡健康關懷協會(板橋文化站) (社照C),BF0200276,BF,新北市,板橋區,新北市板橋區文化里光武街48巷47弄7號2樓,121.4679718018,25.0273208618,C,巷弄長照站
新北市市敏動齡健康關懷協會(泰山全興站),BF0200277,BF,新北市,泰山區,新北市泰山區全興里仁義路11巷1號,121.4322509766,25.0556182861,C,巷弄長照站
新北市平溪區南山社區發展協會(社照C),BF0200252,BF,新北市,平溪區,新北市平溪區南山里靜安路三段232號,121.7762756348,25.0394001007,C,巷弄長照站
新北市平溪區老人會(社照C),BF0200192,BF,新北市,平溪區,新北市平溪區嶺腳里靜安路二段531號,121.7474365234,25.0280952454,C,巷弄長照站
新北市平溪區菁桐社區發展協會(社照C),BF0200065,BF,新北市,平溪區,新北市平溪區菁桐里菁桐街65-1號,121.7261657715,25.0235347748,C,巷弄長照站
新北市平溪區衛生所,B20200016,B2,新北市,平溪區,新北市平溪區公園街17號,121.7378234863,25.0250587463,A,個案管理服務
新北市平溪區衛生所,B20200016,B2,新北市,平溪區,新北市平溪區公園街17號,121.7378234863,25.0250587463,B,居家失能個案家庭醫師照護服務
新北市平溪區衛生所,B20200016,B2,新北市,平溪區,新北市平溪區公園街17號,121.7378234863,25.0250587463,C,巷弄長照站
新北市愛笑瑜伽協會(五谷站)(社照C),BF0200295,BF,新北市,三重區,新北市三重區五谷里五谷王北街48巷18號2樓,121.4751739502,25.050775528,C,巷弄長照站
新北市愛笑瑜伽協會(奕壽站)(社照C),BF0200250,BF,新北市,三重區,新北市三重區奕壽里新北市三重區介壽路26號,121.4882125854,25.0631847382,C,巷弄長照站
新北市愛笑瑜伽協會(崇德站)(社照C),BF0200306,BF,新北市,三重區,新北市三重區崇德里仁孝街62號3樓,121.4973144531,25.0744590759,C,巷弄長照站
新北市慈光身心障礙者公益服務協會(社照C),BF0200213,BF,新北市,中和區,新北市中和區佳和里中山路二段2巷5弄11號1樓,121.5042953491,25.006029129,C,巷弄長照站
新北市托老互照志工協會(社照C),BF0200313,BF,新北市,三峽區,新北市三峽區嘉添里白雞路127號1樓,121.3692932129,24.9111213684,C,巷弄長照站
新北市政府社會局委託財團法人中華民國唐氏症基金會辦理三重重新社區長照機構(三重重新障礙者日間照顧中心),2S0200032,2,新北市,三重區,新北市三重區重新路1段87號4樓,121.5012283325,25.0635929108,B,日間照顧服務;喘息服務
新北市政府社會局委託財團法人伊甸社會福利基金會辦理新店中正社區長照機構(新店中正障礙者日間照顧中心),2S0200038,2,新北市,新店區,新北市新店區中正里中正路263巷16號4樓,121.5380325317,24.9729232788,B,喘息服務;日間照顧服務
新北市政府社會局委託財團法人伊甸社會福利基金會辦理新莊頭前庄社區長照機構(新莊頭前庄障礙者日間照顧中心),2S0200024,2,新北市,新莊區,新北市新莊區幸福東路7號4樓,121.4669952393,25.0491485596,B,日間照顧服務;喘息服務
新北市新住民促進會(社照C),BF0200126,BF,新北市,板橋區,新北市板橋區廣新里永豐街124號,121.4787826538,25.0186672211,C,巷弄長照站
新北市新店區下城社區發展協會(社照C),BF0200130,BF,新北市,新店區,新北市新店區下城里安康路1段281巷6號,121.523651123,24.9627780914,C,巷弄長照站
新北市新店區北宜社區發展協會-新店美潭據點(社照C),BF0200001,BF,新北市,新店區,新北市新店區美潭里001鄰北宜路二段11號,121.5478439331,24.9519901276,B,喘息服務
新北市新店區北宜社區發展協會-新店美潭據點(社照C),BF0200001,BF,新北市,新店區,新北市新店區美潭里001鄰北宜路二段11號,121.5478439331,24.9519901276,C,巷弄長照站
新北市新店區北新社區發展協會(社照C),BF0200129,BF,新北市,新店區,新北市新店區張北里德正街23巷25號,121.5448074341,24.9726810455,C,巷弄長照站
新北市新店區大鵬忠孝社區發展協會(社照C),BF0200224,BF,新北市,新店區,"新北市新店區大鵬里4鄰中正路700巷26號2,3樓",121.534942627,24.9914226532,C,巷弄長照站
新北市新店區玫瑰社區發展協會,BF0200036,BF,新北市,新店區,新北市新店區玫瑰里富貴街9巷31號,121.4949493408,24.9489326477,C,巷弄長照站
新北市新店區衛生所,B20200187,B2,新北市,新店區,新北市新店區北新路一段86號12樓,121.5430145264,24.9672756195,B,居家失能個案家庭醫師照護服務
新北市新店區長春里辦公處,BG0200087,BG,新北市,新店區,新北市新店區長春里新坡一街39號2樓,121.5489501953,24.9627761841,C,巷弄長照站
新北市新莊區原住民族發展協進會,BF0200045,BF,新北市,新莊區,新北市新莊區裕民里裕民街128號6樓,121.4179000854,25.0224266052,C,巷弄長照站
新北市新莊區牡丹心社區發展協會-新莊雙鳳據點(社照C),BF0200037,BF,新北市,新莊區,新北市新莊區雙鳳里新北大道七段718巷45號,121.4149627686,25.0252876282,B,喘息服務;營養餐飲服務
新北市新莊區牡丹心社區發展協會-新莊雙鳳據點(社照C),BF0200037,BF,新北市,新莊區,新北市新莊區雙鳳里新北大道七段718巷45號,121.4149627686,25.0252876282,C,巷弄長照站
新北市新莊區衛生所,B20200194,B2,新北市,新莊區,新北市新莊區中華路一段2號,121.4522476196,25.0364074707,B,居家失能個案家庭醫師照護服務
新北市未來市樂活長青關懷協會(社照C),BF0200093,BF,新北市,林口區,新北市林口區湖南里文化二路一段557號3樓之2,121.3743972778,25.0774879456,C,巷弄長照站
新北市村里長交流協會(社照C),BF0200243,BF,新北市,板橋區,新北市板橋區介壽里民生路2段119號,121.4710998535,25.018699646,C,巷弄長照站
新北市板橋區三民社區展協會(社照C),BF0200158,BF,新北市,板橋區,新北市板橋區東丘里新北市板橋區民生路1段30-1號,121.4768218994,25.0136604309,C,巷弄長照站
新北市板橋區勞工志工服務協會(板橋廣德站)(社照C),BF0200152,BF,新北市,板橋區,新北市板橋區廣德里重慶路245巷32弄18號,121.4646911621,25.0002155304,C,巷弄長照站
新北市板橋區勞工志工服務協會(板橋華德站)(社照C),BF0200198,BF,新北市,板橋區,新北市板橋區華德里四川路二段245巷125號,121.4539337158,24.9943447113,C,巷弄長照站
新北市板橋區大後埔文化關懷協進會(板橋民族站)(社照C),BF0200150,BF,新北市,板橋區,新北市板橋區民族里漢生東路326巷2弄11號1樓,121.471206665,25.008398056,C,巷弄長照站
新北市板橋區大後埔文化關懷協進會(港尾站)(社照C),BF0200149,BF,新北市,板橋區,新北市板橋區港尾里中正路336之1號1樓,121.4551544189,25.0224170685,C,巷弄長照站
新北市板橋區大後埔文化關懷協進會(華興)(社照C),BF0200127,BF,新北市,板橋區,新北市板橋區華興里南亞南路2段1-1號,121.4546737671,25.0034046173,C,巷弄長照站
新北市板橋區大浮洲發展協進會(板橋大安站)(社照C),BF0200151,BF,新北市,板橋區,新北市板橋區大安里大觀路二段7巷14號1樓,121.4475326538,25.0034179688,C,巷弄長照站
新北市板橋區大浮洲發展協進會(板橋龍安站)(社照C),BF0200161,BF,新北市,板橋區,新北市板橋區龍安里大觀路二段174巷118弄12號1樓,121.4426879883,25.0012073517,C,巷弄長照站
新北市板橋區德翠社區發展協會(社照C),BF0200323,BF,新北市,板橋區,新北市板橋區朝陽里四維路291巷1號1樓,121.4620132446,25.02825737,C,巷弄長照站
新北市板橋區板新社區發展協會(社照C),BF0200022,BF,新北市,板橋區,新北市板橋區西安里民生路二段89號之1號,121.4727859497,25.0156497955,C,巷弄長照站
新北市板橋區歡園社區發展協會(社照C),BF0200110,BF,新北市,板橋區,新北市板橋區重慶路10號8樓,121.4607086182,25.0079536438,C,巷弄長照站
新北市板橋區玉山青年會(後埔)(社照C),BF0200115,BF,新北市,板橋區,新北市板橋區重慶路89巷9弄2號,121.4624176025,25.0066184998,C,巷弄長照站
新北市板橋區玉山青年會(華中)(社照C),BF0200114,BF,新北市,板橋區,新北市板橋區僑中一街102巷7弄3號,121.4466171265,25.0128536224,C,巷弄長照站
新北市板橋區福泰社區發展協會(社照C),BF0200125,BF,新北市,板橋區,新北市板橋區福德里忠孝路忠義巷9弄1-1號,121.4651260376,25.0045566559,C,巷弄長照站
新北市板橋區耆光協會(社照C),BF0200147,BF,新北市,板橋區,新北市板橋區文翠里仁化街63號1樓,121.4754333496,25.031835556,C,巷弄長照站
新北市板橋區衛生所,B20200108,B2,新北市,板橋區,新北市板橋區英士路192號,121.4583282471,25.0233154297,B,居家失能個案家庭醫師照護服務
新北市板橋區親子服務協會(社照C),BF0200021,BF,新北市,板橋區,新北市板橋區中正里中正路413巷2弄26號B1,121.4531326294,25.0234489441,C,巷弄長照站
新北市板橋大後埔文化關懷協進會(板橋和平站)(社照C),BF0200113,BF,新北市,板橋區,新北市板橋區和平路安樂巷51號 ,121.4622955322,24.9931621552,C,巷弄長照站
新北市板橋大後埔文化關懷協進會(板橋重慶站)(社照C),BF0200146,BF,新北市,板橋區,新北市板橋區重慶里國慶路149巷3弄7號,121.4609375,24.9967765808,C,巷弄長照站
新北市板橋新埔商圈協會(社照C),BF0200142,BF,新北市,板橋區,新北市板橋區新埔里文化路1段421巷34-1號1樓,121.4664916992,25.0231971741,C,巷弄長照站
新北市板橋深埔港人文推廣協會-板橋居仁站(社照C),BF0200197,BF,新北市,板橋區,新北市板橋區居仁里光環路2段58號,121.4813690186,25.0145683289,C,巷弄長照站
新北市板橋深埔港人文推廣協會-板橋香丘站(社照C),BF0200196,BF,新北市,板橋區,新北市板橋區香丘里板新路221號,121.4681472778,25.0157852173,C,巷弄長照站
新北市板橋溪崑關懷慈善會(崑崙)(社照C),BF0200111,BF,新北市,板橋區,新北市板橋區篤行路二段131巷17號,121.4316177368,24.9904632568,C,巷弄長照站
新北市板橋溪崑關懷慈善會(溪福)(社照C),BF0200023,BF,新北市,板橋區,新北市板橋區溪福里金門街366巷7號,121.4273147583,24.9840145111,C,巷弄長照站
新北市板橋莒光天上聖母會,BF0200253,BF,新北市,板橋區,新北市板橋區莒光里文化路二段124巷8號,121.4705581665,25.0259037018,C,巷弄長照站
新北市板橋雙玉環保協會(社照C),BF0200122,BF,新北市,板橋區,新北市板橋區雙玉里永豐街251號,121.4777374268,25.0213489532,C,巷弄長照站
新北市林口區嘉瑞社區發展協會(社照C),BF0200210,BF,新北市,林口區,新北市林口區嘉寶里1鄰22號,121.3393249512,25.1083450317,C,巷弄長照站
新北市林口區衛生所,B20200113,B2,新北市,林口區,新北市林口區忠孝二路55號1樓,121.3640594482,25.0698413849,B,居家失能個案家庭醫師照護服務
新北市樹林區原住民族發展協進會-新北市樹林區部落文化健康站(原民C),BF0200075,BF,新北市,樹林區,新北市樹林區中山里中山路三段40號3樓,121.3946685791,24.9726524353,B,喘息服務
新北市樹林區原住民族發展協進會-新北市樹林區部落文化健康站(原民C),BF0200075,BF,新北市,樹林區,新北市樹林區中山里中山路三段40號3樓,121.3946685791,24.9726524353,C,巷弄長照站
新北市樹林區山佳社區發展協會(社照C),BF0200038,BF,新北市,樹林區,新北市樹林區中山里地政街12號,121.3946609497,24.971572876,C,巷弄長照站
新北市樹林區彭厝社區發展協會(社照C),BF0200135,BF,新北市,樹林區,新北市樹林區大同里太平路56巷43號2樓,121.4177703857,24.9813213348,C,巷弄長照站
新北市樹林區東昇里辦公處(社照C),BF0200262,BF,新北市,樹林區,新北市樹林區東昇里3鄰中山路二段78-1號1樓(巡守隊辦公室),121.4153060913,24.9840679169,C,巷弄長照站
新北市樹林區樹人里辦公處(社照C),BG0200038,BG,新北市,樹林區,新北市樹林區樹人里復興路308巷2弄6號,121.4168548584,24.9874076843,C,巷弄長照站
新北市樹林區衛生所,B20200117,B2,新北市,樹林區,新北市樹林區樹新路40-7號,121.4285202026,24.9961395264,B,居家失能個案家庭醫師照護服務
新北市毘努伊勒兒少關懷協會(社照C),BF0200245,BF,新北市,淡水區,新北市淡水區新民里新民街120巷43號B1,121.4417495728,25.1798706055,C,巷弄長照站
新北市民俗活動發展協會(社照C),BF0200190,BF,新北市,淡水區,新北市淡水區北投里淡金路二段223號,121.4470443726,25.1844844818,C,巷弄長照站
新北市永和區中興里辦公處(社照C),BG0200060,BG,新北市,永和區,新北市永和區中興里復興街88號1樓,121.5172958374,25.0136299133,C,巷弄長照站
新北市永和區保平里辦公處(社照C),BF0200206,BF,新北市,永和區,新北市永和區保平里保平路268巷28號1樓,121.5076675415,25.0064258575,C,巷弄長照站
新北市永和區光明里辦公處(社照C),BG0200054,BG,新北市,永和區,新北市永和區光明里中正路654巷58號1、2樓,121.5183639526,25.0084819794,C,巷弄長照站
新北市永和區和平里辦公處(社照C),BG0200063,BG,新北市,永和區,新北市永和區和平里保平路214巷12弄3號2樓,121.5089874268,25.0069046021,C,巷弄長照站
新北市永和區大新里辦公處(社照C),BG0200081,BG,新北市,永和區,新北市永和區大新里大新街45巷1之1號1樓,121.5156021118,25.008769989,C,巷弄長照站
新北市永和區店街里辦公處(社照C),BG0200062,BG,新北市,永和區,新北市永和區店街里中正路465巷18號,121.516418457,25.0060062408,C,巷弄長照站
新北市永和區得和社區發展協會(社照C),BF0200016,BF,新北市,永和區,新北市永和區永元里秀朗路2段24巷35號,121.5202636719,25.0019626617,C,巷弄長照站
新北市永和區忠孝社區發展協會(社照C),BF0200089,BF,新北市,永和區,新北市永和區頂溪里忠孝街26巷8號6樓,121.5153121948,25.0168552399,C,巷弄長照站
新北市永和區桂林里辦公處(社照C),BG0200067,BG,新北市,永和區,新北市永和區桂林里竹林路91巷60弄3號,121.5218658447,25.0129337311,C,巷弄長照站
新北市永和區民權社區發展協會(社照C),BF0200006,BF,新北市,永和區,新北市永和區民族里民權路60號4樓,121.5199203491,24.9980163574,C,巷弄長照站
新北市永和區民生里辦公處(社照C),BG0200069,BG,新北市,永和區,新北市永和區民生里民生路67巷45號1樓,121.5251617432,24.9975719452,C,巷弄長照站
新北市永和區永樂里辦公處(社照C),BG0200059,BG,新北市,永和區,新北市永和區永樂里永和路1段18巷8號1樓,121.5133590698,25.0043792725,C,巷弄長照站
新北市永和區河濱里辦公處(社照C),BF0200324,BF,新北市,永和區,新北市永和區河濱里林森路10巷18弄6號,121.5260162354,25.0065746307,C,巷弄長照站
新北市永和區福林里辦公處(社照C),BG0200061,BG,新北市,永和區,新北市永和區福林里福和路122號1樓,121.5218582153,25.0081195831,C,巷弄長照站
新北市永和區秀朗社區發展協會(社照C),BF0200017,BF,新北市,永和區,新北市永和區秀朗里成功路1段20號-1,121.5269927979,25.0049877167,C,巷弄長照站
新北市永和區衛生所,B20200083,B2,新北市,永和區,新北市永和區秀朗路一段137號,121.5162353516,25.0049705505,B,居家失能個案家庭醫師照護服務
新北市永和區雙和里辦公處(社照C),BF0200205,BF,新北市,永和區,新北市永和區雙和里中和路335巷18弄1號1樓,121.5075149536,25.0003986359,C,巷弄長照站
新北市永樂環保協會(社照C),BF0200244,BF,新北市,板橋區,新北市板橋區嵐翠里文聖街89巷4號1樓,121.4776687622,25.0300064087,C,巷弄長照站
新北市汐止區保長里辦公處(社照C),BG0200033,BG,新北市,汐止區,新北市汐止區保長里保長路51巷11、13號,121.6733627319,25.0788764954,C,巷弄長照站
新北市汐止區湖蓮里辦公處(社照C),BG0200011,BG,新北市,汐止區,新北市汐止區湖蓮里湖前街110巷97弄24號B2(中餐廳大廳及才藝教室),121.6325683594,25.0761909485,C,巷弄長照站
新北市汐止區衛生所,B20200106,B2,新北市,汐止區,新北市汐止區新台五路一段266號,121.658531189,25.0635128021,B,居家失能個案家庭醫師照護服務
新北市汐止區鄉長社區發展協會(社照C),BF0200087,BF,新北市,汐止區,新北市汐止區鄉長里長江街287-1號,121.6648254395,25.0816917419,C,巷弄長照站
新北市泰山區大科社區發展協會(社照C),BF0200033,BF,新北市,泰山區,新北市泰山區大科里大科一路69號,121.4047698975,25.0552253723,C,巷弄長照站
新北市泰山區衛生所,B20200060,B2,新北市,泰山區,新北市泰山區全興路212號3樓,121.4336547852,25.0561313629,B,居家失能個案家庭醫師照護服務
新北市淡水區中和里辦公處(社照C),BG0200057,BG,新北市,淡水區,新北市淡水區中和里小中寮12-5號1樓,121.4861068726,25.231760025,C,巷弄長照站
新北市淡水區屯山里辦公處(社照C),BG0200035,BG,新北市,淡水區,新北市淡水區屯山里石頭厝9-3號,121.4502639771,25.2406978607,C,巷弄長照站
新北市淡水區幸福里辦公處(社照C),BG0200058,BG,新北市,淡水區,新北市淡水區幸福里學府路51巷3弄2號2樓,121.4479904175,25.1698207855,C,巷弄長照站
新北市淡水區新春里辦公處(社照C),BF0200301,BF,新北市,淡水區,新北市淡水區新春里新春街46-1號,121.4375686646,25.1817321777,C,巷弄長照站
新北市淡水區新興里辦公處(社照C),BG0200049,BG,新北市,淡水區,新北市淡水區新興里新春街138號,121.4415664673,25.1816082001,C,巷弄長照站
新北市淡水區樹興社區發展協會(社照C),BF0200308,BF,新北市,淡水區,新北市淡水區樹興里糞箕湖２５號２樓,121.4867401123,25.1695652008,C,巷弄長照站
新北市淡水區正德里辦公處-淡水正德據點(社照C),BF0200172,BF,新北市,淡水區,新北市淡水區正德里北新路141巷27號,121.450012207,25.1795539856,B,喘息服務
新北市淡水區正德里辦公處-淡水正德據點(社照C),BF0200172,BF,新北市,淡水區,新北市淡水區正德里北新路141巷27號,121.450012207,25.1795539856,C,巷弄長照站
新北市淡水區民權里辦公處(社照C),BG0200052,BG,新北市,淡水區,新北市淡水區民權里民權路179巷12號1樓,121.4603347778,25.134771347,C,巷弄長照站
新北市淡水區福德里辦公處(社照C),BF0200173,BF,新北市,淡水區,新北市淡水區福德里自強路307巷4號,121.4623031616,25.1319580078,C,巷弄長照站
新北市淡水區興仁里辦公處,BG0200085,BG,新北市,淡水區,新北市淡水區興仁里興仁路95號1樓,121.4516296387,25.2178840637,C,巷弄長照站
新北市淡水區衛生所,B20200104,B2,新北市,淡水區,新北市淡水區中山路158號,121.4408416748,25.1727771759,B,居家失能個案家庭醫師照護服務
新北市淡水區賢孝里辦公處(社照C),BG0200064,BG,新北市,淡水區,新北市淡水區賢孝里淡金路四段600號,121.4517364502,25.2289066315,C,巷弄長照站
新北市深坑區衛生所,B20200005,B2,新北市,深坑區,新北市深坑區深坑里深坑街165號,121.6125717163,25.00091362,A,個案管理服務
新北市深坑區衛生所,B20200005,B2,新北市,深坑區,新北市深坑區深坑里深坑街165號,121.6125717163,25.00091362,B,居家失能個案家庭醫師照護服務
新北市深坑區衛生所,B20200005,B2,新北市,深坑區,新北市深坑區深坑里深坑街165號,121.6125717163,25.00091362,C,巷弄長照站
新北市深坑區衛生所-深坑第一市民活動中心(醫事C),B20200195,B2,新北市,深坑區,新北市深坑區深坑里平埔街16號6樓,121.6154327393,25.0015945435,C,巷弄長照站
新北市烏來區福山社區發展協會-烏來福山據點(原民C),BF0200328,BF,新北市,烏來區,新北市烏來區福山里李茂岸51號,121.5027542114,24.7775745392,B,喘息服務
新北市烏來區衛生所,B20200061,B2,新北市,烏來區,新北市烏來區新烏路五段109號,121.5476074219,24.8710193634,A,個案管理服務
新北市烏來區衛生所,B20200061,B2,新北市,烏來區,新北市烏來區新烏路五段109號,121.5476074219,24.8710193634,B,交通接送服務;居家失能個案家庭醫師照護服務
新北市熱心慈善關懷協會(社照C),BF0200188,BF,新北市,新莊區,新北市新莊區海山里瓊泰路211號2樓,121.4430770874,25.0317935944,C,巷弄長照站
新北市瑞芳區傑魚社區發展協會(社照C),BF0200132,BF,新北市,瑞芳區,新北市瑞芳區傑魚里傑魚坑路245巷2-1號,121.7880325317,25.1064777374,C,巷弄長照站
新北市瑞芳區老人會(社照C),BF0200225,BF,新北市,瑞芳區,新北市瑞芳區龍興里明燈路三段2號3樓,121.8088989258,25.1077690125,C,巷弄長照站
新北市瑞芳區衛生所,B20200012,B2,新北市,瑞芳區,新北市瑞芳區龍興里明燈路三段1號,121.8090744019,25.1073799133,A,個案管理服務
新北市瑞芳區衛生所,B20200012,B2,新北市,瑞芳區,新北市瑞芳區龍興里明燈路三段1號,121.8090744019,25.1073799133,B,居家失能個案家庭醫師照護服務
新北市瑞芳區衛生所附設物理治療所,B40200025,B4,新北市,瑞芳區,新北市瑞芳區明燈路二段46號,121.8097610474,25.108127594,B,專業照護服務
新北市瑞芳區龍川社區發展協會(社照C),BF0200104,BF,新北市,瑞芳區,新北市瑞芳區龍川里一坑路70之7號,121.8035888672,25.1082820892,C,巷弄長照站
新北市環保志工協會(社照C),2X0200013,2,新北市,三重區,新北市三重區錦安里16鄰長生街1號,121.4988708496,25.0662403107,C,巷弄長照站
新北市生活關懷協會,BF0200085,BF,新北市,新莊區,新北市新莊區四維路125巷15之3號,121.423614502,25.0226707458,B,營養餐飲服務
新北市畫眉鳥晚香玉協會(社照C),BF0200088,BF,新北市,樹林區,新北市樹林區東陽里前鎮街467號,121.4126052856,24.9821853638,C,巷弄長照站
新北市疼厝邊關懷協會(社照C),BF0200267,BF,新北市,新莊區,新北市新莊區興漢里武前街27號,121.4503555298,25.032743454,C,巷弄長照站
新北市石碇區烏塗社區發展協會(社照C),BF0200167,BF,新北市,石碇區,新北市石碇區烏塗里烏塗窟20之1號,121.6567077637,24.9749889374,C,巷弄長照站
新北市石碇區衛生所,B20200026,B2,新北市,石碇區,新北市石碇區潭邊里碇坪路一段82號 ,121.6576080322,24.9913482666,A,個案管理服務
新北市石碇區衛生所,B20200026,B2,新北市,石碇區,新北市石碇區潭邊里碇坪路一段82號 ,121.6576080322,24.9913482666,B,居家失能個案家庭醫師照護服務
新北市石碇區衛生所(醫事C),B20200239,B2,新北市,石碇區,新北市石碇區中民里011鄰靜安路1段242號,121.6576080322,24.9913482666,C,巷弄長照站
新北市石門區衛生所,B20200063,B2,新北市,石門區,新北市石門區中山路28-1號,121.5659713745,25.2901649475,A,個案管理服務
新北市石門區衛生所,B20200063,B2,新北市,石門區,新北市石門區中山路28-1號,121.5659713745,25.2901649475,B,居家失能個案家庭醫師照護服務
新北市社區家庭關懷協會,BF0200321,BF,新北市,淡水區,新北市淡水區新生里文化路59巷5號1樓,121.4386672974,25.1724739075,C,巷弄長照站
新北市社區工作者協會(雙溪魚行站)(社照C),BF0200329,BF,新北市,雙溪區,新北市雙溪區魚行里新店26號1樓,121.8690795898,25.0328292847,C,巷弄長照站
新北市社區工作者協會-萬里站(社照C),BF0200181,BF,新北市,萬里區,新北市萬里區北基里孝六街5號,121.6831970215,25.1760406494,C,巷弄長照站
新北市福祉關懷推廣協會(社照C),BF0200220,BF,新北市,三重區,新北市三重區福祉里重新路四段214巷15弄2號1樓集美街55號,121.4870986938,25.0543079376,C,巷弄長照站
新北市福齡松青會(社照C),BF0200107,BF,新北市,三重區,新北市三重區民生里大同北路186號B1、1樓,121.4907073975,25.0662956238,C,巷弄長照站
新北市私立一德老人長期照顧中心(養護型),A10200346,A1,新北市,中和區,新北市中和區中原里中山路二段560號7樓,121.4831771851,25.0052185059,B,喘息服務
新北市私立一芯居家長照機構,1X0200041,1,新北市,深坑區,新北市深坑區埔新街58巷38號,121.6200637817,25.0034370422,B,居家服務;專業照護服務;喘息服務
新北市私立上好居家長照機構,1X0200092,1,新北市,土城區,新北市土城區中央路二段191號8樓之6,121.4421234131,24.9755172729,B,喘息服務;居家服務
新北市私立中原老人長期照顧中心(養護型),A10200348,A1,新北市,中和區,新北市中和區中山路2段560號6樓、6樓之1,121.4831237793,25.005235672,B,喘息服務
新北市私立中山老人長期照顧中心(養護型),A10200123,A1,新北市,中和區,新北市中和區橋安街6號2、3樓,121.4928665161,25.0037841797,B,喘息服務
新北市私立中英老人養護中心,A10200210,A1,新北市,新莊區,新北市新莊區中正路544-36號2樓,121.4298706055,25.0316200256,B,喘息服務
新北市私立五棵松居家長照機構,1X0200035,1,新北市,新店區,新北市新店區中正路125號3樓,121.5419769287,24.9711704254,A,個案管理服務
新北市私立五棵松居家長照機構,1X0200035,1,新北市,新店區,新北市新店區中正路125號3樓,121.5419769287,24.9711704254,B,喘息服務;居家服務
新北市私立亞恩老人長期照顧中心(養護型),A10200199,A1,新北市,新店區,新北市新店區復興里民權路42巷59弄2號5樓,121.5381546021,24.9840278625,B,喘息服務
新北市私立仁惠老人長期照顧中心(養護型),A10200336,A1,新北市,三芝區,新北市三芝區古庄里四棧橋53之11號1樓,121.4829940796,25.2651329041,B,喘息服務
新北市私立仁英老人養護中心,A10200211,A1,新北市,新莊區,新北市新莊區中正路544-36號4樓,121.4298706055,25.0316200256,B,喘息服務
新北市私立佐臨服務居家長照機構,1X0200043,1,新北市,板橋區,新北市板橋區富貴里三民路2段37號23樓之1,121.4794540405,25.0173912048,B,居家服務;喘息服務
新北市私立佳和護理之家,A30200080,A3,新北市,板橋區,新北市板橋區江寧路3段29號2樓,121.4710922241,25.0317306519,B,喘息服務
新北市私立佳嘉居家長照機構,1X0200027,1,新北市,八里區,新北市八里區荖阡里訊塘路3號3樓,121.3981323242,25.1445636749,B,喘息服務;居家服務
新北市私立佳康老人長期照顧中心(養護型),A10200220,A1,新北市,新莊區,新北市新莊區雙鳳路109號4樓、111號4樓、113號4樓,121.4140167236,25.028011322,B,喘息服務
新北市私立佳恩居家長照機構,1X0200101,1,新北市,中和區,新北市中和區中正里中正路500號2樓(第2房),121.5409088135,24.9655056,B,居家服務;喘息服務
新北市私立佳緣老人長期照顧中心(養護型),A10200247,A1,新北市,鶯歌區,新北市鶯歌區西鶯里中山路41號,121.3517990112,24.9566955566,B,喘息服務
新北市私立佳耀居家長照機構,1X0200033,1,新北市,淡水區,新北市淡水區幸福里學府路75號1樓,121.4483795166,25.1699790955,A,個案管理服務
新北市私立佳耀居家長照機構,1X0200033,1,新北市,淡水區,新北市淡水區幸福里學府路75號1樓,121.4483795166,25.1699790955,B,居家服務;專業照護服務;喘息服務
新北市私立佳耀居家長照機構-淡水新春據點(醫事C),1X0200093,1,新北市,淡水區,新北市淡水區新春里010鄰中山北路一段275巷16號1樓,121.4433364868,25.1814537048,B,喘息服務
新北市私立佳耀居家長照機構-淡水新春據點(醫事C),1X0200093,1,新北市,淡水區,新北市淡水區新春里010鄰中山北路一段275巷16號1樓,121.4433364868,25.1814537048,C,巷弄長照站
新北市私立佳護居家長照機構,1X0200050,1,新北市,三重區,新北市三重區永豐里永福街47號4樓,121.4811019897,25.0780506134,B,居家服務;喘息服務
新北市私立保安老人長期照顧中心(養護型),A10200232,A1,新北市,樹林區,新北市樹林區保安街二段64號4樓、64號5樓、64號6樓,121.4155426025,25.0026454926,B,喘息服務
新北市私立信福居家長照機構,1X0200099,1,新北市,淡水區,新北市淡水區淡金路38巷96號1樓,121.4585800171,25.1615600586,B,居家服務;喘息服務
新北市私立健安老人長期照顧中心(養護型),A10200357,A1,新北市,新莊區,新北市新莊區雙鳳路121號,121.4134902954,25.0278835297,B,喘息服務
新北市私立健宜居居家長照機構,1X0200141,1,新北市,中和區,新北市中和區自立路113號,121.514755249,24.9867858887,B,居家服務;喘息服務
新北市私立傅英老人長期照顧中心(養護型),A10200212,A1,新北市,新莊區,新北市新莊區中正路544-36號3樓,121.4298706055,25.0316200256,B,喘息服務
新北市私立光塩社區長照機構,2X0200004,2,新北市,淡水區,新北市淡水區新民里新民街222巷16弄12號2樓(第3層),121.4371643066,25.1800308228,B,家庭托顧服務
新北市私立全家居家長照機構,1X0200097,1,新北市,板橋區,新北市板橋區四川路二段237號6樓之2,121.4509277344,24.9939098358,B,喘息服務;居家服務
新北市私立全心居家長照機構,1X0200055,1,新北市,三重區,新北市三重區長壽西街107號,121.4945907593,25.0668697357,A,個案管理服務
新北市私立全心居家長照機構,1X0200055,1,新北市,三重區,新北市三重區長壽西街107號,121.4945907593,25.0668697357,B,專業照護服務;居家服務;喘息服務
新北市私立全曜居家式服務類長期照顧服務機構,1X0200002,1,新北市,三重區,新北市三重區長江里長元街100之2號1、2樓,121.5028076172,25.0667877197,A,個案管理服務
新北市私立全曜居家式服務類長期照顧服務機構,1X0200002,1,新北市,三重區,新北市三重區長江里長元街100之2號1、2樓,121.5028076172,25.0667877197,B,喘息服務;居家服務
新北市私立全益居家長照機構,1X0200159,1,新北市,新店區,新北市新店區北新路一段12號16樓(12室),121.5409088135,24.9655056,B,居家服務;喘息服務
新北市私立再芳老人長期照顧中心(養護型),A10200351,A1,新北市,五股區,新北市五股區集福里成泰路四段10號3樓之2,121.453338623,25.1066036224,B,喘息服務
新北市私立匯安老人長期照顧中心(養護型),A10200353,A1,新北市,新店區,新北市新店區國豐里中正路399巷7號,121.5342178345,24.9769248962,B,喘息服務;交通接送服務
新北市私立匯福老人長期照顧中心(養護型),A10200354,A1,新北市,新店區,新北市新店區青潭里竹林路99號,121.5545501709,24.9504032135,B,喘息服務
新北市私立十方倉居家長照機構,1X0200142,1,新北市,中和區,新北市中和區景安路167巷30號1樓,121.5068817139,24.994808197,B,居家服務;喘息服務
新北市私立友福居家長照機構,1X0200051,1,新北市,淡水區,新北市淡水區竿蓁里淡金路38巷104號1樓,121.4578857422,25.1611309052,A,個案管理服務
新北市私立友福居家長照機構,1X0200051,1,新北市,淡水區,新北市淡水區竿蓁里淡金路38巷104號1樓,121.4578857422,25.1611309052,B,居家服務;喘息服務
新北市私立友達居家長照機構,1X0200047,1,新北市,三重區,新北市三重區中央里正義北路123號2樓之3,121.4980392456,25.0624084473,B,居家服務;喘息服務
新北市私立双慈老人長期照顧中心(養護型),A10200251,A1,新北市,中和區,新北市中和區中正路909號5樓,121.4835205078,25.006401062,B,喘息服務
新北市私立合樂老人長期照顧中心(養護型),A10200293,A1,新北市,中和區,新北市中和區中山路二段327巷11弄17號3樓,121.4932250977,25.0000839233,B,喘息服務
新北市私立吉家居家長照機構,1X0200129,1,新北市,板橋區,新北市板橋區四維路291巷4弄12號1樓,121.4623641968,25.0285282135,B,居家服務;喘息服務
新北市私立同心老人長期照顧中心(養護型),A10200345,A1,新北市,土城區,新北市土城區中央路四段127號9-10樓、9樓之1、10樓之1、11樓之1,121.416305542,24.9575424194,B,喘息服務
新北市私立和樂老人長期照顧中心(養護型),A10200292,A1,新北市,中和區,新北市中和區中山路2段327巷11弄17號5樓,121.4932250977,25.0000839233,B,喘息服務
新北市私立喜臨居家長照機構,1X0200038,1,新北市,板橋區,新北市板橋區和平路安樂巷6弄6號1樓,121.464881897,24.9929885864,A,個案管理服務
新北市私立喜臨居家長照機構,1X0200038,1,新北市,板橋區,新北市板橋區和平路安樂巷6弄6號1樓,121.464881897,24.9929885864,B,專業照護服務;居家服務;喘息服務
新北市私立嘉豐居家長照機構,1X0200042,1,新北市,板橋區,新北市板橋區崑崙里沙崙街29-7號1樓,121.4309158325,24.9942703247,B,居家服務;喘息服務
新北市私立圓滿老人長期照顧中心(養護型),A10200073,A1,新北市,三重區,新北市三重區重新路5段639號10樓、639之1號10樓,121.4668197632,25.0433864594,B,喘息服務
新北市私立均安居家長照機構,1X0200082,1,新北市,鶯歌區,新北市鶯歌區二橋里二甲路30號,121.3386230469,24.9400081635,B,居家服務;喘息服務
新北市私立大坪林老人長期照顧中心(養護型),A10200352,A1,新北市,新店區,新北市新店區明德里民權路58號,121.5386657715,24.9830856323,B,喘息服務
新北市私立大德老人長期照顧中心(養護型),A10200343,A1,新北市,三重區,新北市三重區福隆里三和路四段103之1號,121.4868164062,25.0767879486,B,喘息服務
新北市私立大心居家長照機構,1X0200069,1,新北市,樹林區,新北市樹林區南園里大義路238號1樓,121.3777923584,24.9460945129,A,個案管理服務
新北市私立大心居家長照機構,1X0200069,1,新北市,樹林區,新北市樹林區南園里大義路238號1樓,121.3777923584,24.9460945129,B,專業照護服務;居家服務;喘息服務
新北市私立大漢老人長期照顧中心(養護型),A10200040,A1,新北市,汐止區,新北市汐止區興福里福德路38號5樓之1,121.6359100342,25.0668201447,B,喘息服務
新北市私立天晴居家長照機構,1X0200123,1,新北市,新店區,新北市新店區安德街85號2樓,121.5095748901,24.9609375,B,居家服務;喘息服務
新北市私立好家園老人長期照顧中心(養護型),A10200328,A1,新北市,汐止區,新北市汐止區興福里福德路38號2樓,121.635635376,25.0672550201,B,喘息服務
新北市私立好家在居家長照機構,1X0200048,1,新北市,鶯歌區,新北市鶯歌區光復街74巷10號1樓,121.3517227173,24.9565734863,A,個案管理服務
新北市私立好家在居家長照機構,1X0200048,1,新北市,鶯歌區,新北市鶯歌區光復街74巷10號1樓,121.3517227173,24.9565734863,B,專業照護服務;居家服務;喘息服務
新北市私立安怡老人長期照顧中心(養護型),A10200117,A1,新北市,中和區,新北市中和區建一路87號3樓,121.4882125854,25.0024547577,B,喘息服務
新北市私立安新老人長期照顧中心(養護型),A10200094,A1,新北市,三峽區,新北市三峽區民生街85號4樓、83號4樓,121.3746871948,24.935792923,B,喘息服務
新北市私立安毅居家長照機構,1X0200111,1,新北市,板橋區,新北市板橋區金門街372巷13號1樓,121.4266738892,24.9845314026,B,居家服務;喘息服務
新北市私立安濟老人長期照顧中心(養護型),A10200286,A1,新北市,汐止區,新北市汐止區福德一路351巷11弄18號2樓,121.6304244995,25.0615024567,B,喘息服務
新北市私立安豐居家長照機構,1X0200114,1,新北市,永和區,新北市永和區永和路一段69號3樓(AL02),121.513130188,25.0072612762,B,喘息服務;居家服務
新北市私立宏國老人長期照顧中心(養護型),A10200161,A1,新北市,板橋區,新北市板橋區四川路2段16巷10號7樓,121.4562683105,24.9972610474,B,喘息服務
新北市私立宏德老人長期照顧中心(養護型),A10200130,A1,新北市,永和區,新北市永和區永平路81巷2號(2層)、4號(2層)、12號2樓(2層),121.5116043091,25.008266449,B,喘息服務
新北市私立宜安老人長期照顧中心(養護型),A10200350,A1,新北市,中和區,新北市中和區泰安里景安路48號7樓,121.5067749023,24.9980201721,B,喘息服務
新北市私立宜家居家長照機構,1X0200057,1,新北市,三重區,新北市三重區福德里集美街75巷27號1樓,121.4980392456,25.0624084473,B,居家服務;喘息服務;專業照護服務
新北市私立宜真宜家社區長照機構,2X0200020,2,新北市,三重區,新北市三重區忠孝路三段36號1、2樓,121.4812545776,25.0665740967,B,喘息服務;日間照顧服務
新北市私立宜真宜悅社區長照機構,2X0200021,2,新北市,板橋區,新北市板橋區鄉雲里010鄰四川路二段16巷5號2樓,121.4558105469,24.9971981049,B,日間照顧服務;喘息服務
新北市私立宜真宜樂社區長照機構,2X0200014,2,新北市,新莊區,新北市新莊區中原里中原路253巷2弄2號1樓及4號1樓,121.4487915039,25.054058075,B,日間照顧服務;喘息服務
新北市私立宥馨居家長照機構,1X0200116,1,新北市,三重區,新北市三重區中正北路71巷5號,121.490814209,25.063325882,B,居家服務;喘息服務
新北市私立家安居家長照機構,1X0200103,1,新北市,蘆洲區,新北市蘆洲區正義里光榮路101巷52-1號1樓,121.4633560181,25.0909404755,A,個案管理服務
新北市私立家安居家長照機構,1X0200103,1,新北市,蘆洲區,新北市蘆洲區正義里光榮路101巷52-1號1樓,121.4633560181,25.0909404755,B,居家服務;喘息服務
新北市私立家安老人長期照顧中心(養護型),A10200215,A1,新北市,新莊區,新北市新莊區思源路117號(2層)、119號、119號2樓、121號2樓、123號2樓,121.460067749,25.0491962433,B,喘息服務
新北市私立家悅社區長照機構,2X0200015,2,新北市,鶯歌區,新北市鶯歌區建國里新北市鶯歌區光明街74號1樓,121.3434295654,24.9548530579,B,家庭托顧服務
新北市私立家興居家長照機構,1X0200026,1,新北市,板橋區,新北市板橋區重慶路278巷6號1樓,121.4492492676,24.9938049316,B,喘息服務;居家服務
新北市私立寶喜悅居家長照機構,1X0200119,1,新北市,永和區,新北市永和區中山路一段311號6樓(B室),121.5059967041,25.0064868927,B,居家服務;喘息服務
新北市私立寶安老人長期照顧中心(養護型),A10200279,A1,新北市,永和區,新北市永和區竹林路73號2樓、3樓,121.5191116333,25.013168335,B,喘息服務
新北市私立寸草心居家長照機構,1X0200062,1,新北市,新店區,新北市新店區建國路198巷25號1樓,121.5356750488,24.9829769135,B,喘息服務;居家服務
新北市私立尚杰居家長照機構,1X0200065,1,新北市,土城區,新北市土城區金城里金城路3段4號8樓,121.4644622803,24.9858436584,B,喘息服務;居家服務
新北市私立崇惠老人長期照顧中心(養護型),A10200189,A1,新北市,淡水區,新北市淡水區竿蓁里淡金路16巷117號,121.4605560303,25.1621894836,B,喘息服務
新北市私立常春藤居家長照機構,1X0200030,1,新北市,汐止區,新北市汐止區中興里汐止區福德二路215號5樓之2,121.6384811401,25.0801506042,A,個案管理服務
新北市私立常春藤居家長照機構,1X0200030,1,新北市,汐止區,新北市汐止區中興里汐止區福德二路215號5樓之2,121.6384811401,25.0801506042,B,居家服務;喘息服務;專業照護服務(CC01);營養餐飲服務;專業照護服務
新北市私立常春藤居家長照機構-汐止湖興據點(醫事C),1X0200081,1,新北市,汐止區,新北市汐止區湖興里伯爵街54巷6號B1樓,121.6386032104,25.0807094574,B,喘息服務
新北市私立常春藤居家長照機構-汐止湖興據點(醫事C),1X0200081,1,新北市,汐止區,新北市汐止區湖興里伯爵街54巷6號B1樓,121.6386032104,25.0807094574,C,巷弄長照站
新北市私立常春藤居家長照機構-瑞芳吉安據點(醫事C),1X0200094,1,新北市,瑞芳區,新北市瑞芳區吉安里大埔路178號1樓,121.7621612549,25.1019287109,B,喘息服務
新北市私立常春藤居家長照機構-瑞芳吉安據點(醫事C),1X0200094,1,新北市,瑞芳區,新北市瑞芳區吉安里大埔路178號1樓,121.7621612549,25.1019287109,C,巷弄長照站
新北市私立常錦居家長照機構,1X0200036,1,新北市,板橋區,新北市板橋區重慶里國慶路149巷1弄12號1號,121.4616165161,24.9972286224,A,個案管理服務
新北市私立常錦居家長照機構,1X0200036,1,新北市,板橋區,新北市板橋區重慶里國慶路149巷1弄12號1號,121.4616165161,24.9972286224,B,喘息服務;專業照護服務(CC01);專業照護服務;居家服務
新北市私立幸心綜合長照機構,4X0200001,4,新北市,新莊區,新北市新莊區文明里中正路55之1號1樓,121.4621429443,25.0396938324,B,喘息服務;居家服務;日間照顧服務
新北市私立幸福家園老人長期照顧中心(養護型),A10200144,A1,新北市,汐止區,新北市汐止區興福里福德路38號12樓,121.6363830566,25.0673294067,B,喘息服務
新北市私立幸福居家長照機構,1X0200106,1,新北市,板橋區,新北市板橋區互助街17號1樓,121.4630355835,25.0275802612,B,居家服務;喘息服務
新北市私立康圓居家長照機構,1X0200083,1,新北市,中和區,新北市中和區中山路2段228號12樓之15,121.4989395142,25.0027809143,B,喘息服務;居家服務
新北市私立康悅居家長照機構,1X0200071,1,新北市,五股區,新北市五股區新城八路336號1樓,121.4299926758,25.0903491974,B,喘息服務;居家服務
新北市私立廣權老人長期照顧中心(養護型),A10200302,A1,新北市,板橋區,新北市板橋區廣權路2號5樓,121.4602966309,24.9908828735,B,喘息服務
新北市私立廣福老人長期照顧中心(養護型),A10200003,A1,新北市,板橋區,新北市板橋區留侯里廣權路2號4樓,121.4603881836,24.9909706116,B,喘息服務
新北市私立御安居家長照機構,1X0200145,1,新北市,板橋區,新北市板橋區雙十路二段10-1號7樓,121.4564590454,25.0130767822,B,喘息服務;居家服務
新北市私立德馨老人長期照顧中心(養護型),A10200298,A1,新北市,汐止區,新北市汐止區和平街8號5樓,121.6632156372,25.0710277557,B,喘息服務
新北市私立心田老人長期照顧中心(養護型),A10200177,A1,新北市,板橋區,新北市板橋區廣權路2號3樓、6號3樓F,121.4603881836,24.9909706116,B,喘息服務
新北市私立忠祥居家長照機構,1X0200034,1,新北市,中和區,新北市中和區中山路2段144號1樓,121.5019073486,25.0031528473,B,居家服務;喘息服務
新北市私立忠祥老人長期照顧中心(養護型),A10200046,A1,新北市,中和區,新北市中和區中山路2段327巷1號4樓,121.4933776855,25.0018424988,B,喘息服務
新北市私立快樂之家社區長照機構,2X0200026,2,新北市,蘆洲區,新北市蘆洲區長安街220巷7號1樓,121.459236145,25.0850276947,B,家庭托顧服務
新北市私立思源老人養護中心,A10200186,A1,新北市,淡水區,新北市淡水區義山里下圭柔山114之8號,121.4461517334,25.2086334229,B,喘息服務
新北市私立思福老人長期照顧中心(養護型),A10200185,A1,新北市,淡水區,新北市淡水區義山里下圭柔山114之7號,121.4461517334,25.2086334229,B,喘息服務
新北市私立思親老人長期照顧中心(養護型),A10200184,A1,新北市,淡水區,新北市淡水區下圭柔山114之6號,121.4461517334,25.2086334229,B,喘息服務
新北市私立恩典居家長照機構,1X0200088,1,新北市,板橋區,新北市板橋區文化路二段451號4樓之1,121.4752731323,25.0335159302,B,居家服務;喘息服務
新北市私立恩勤居家長照機構,1X0200037,1,新北市,板橋區,新北市板橋區文化路一段189號7樓,121.4630584717,25.0165557861,A,個案管理服務
新北市私立恩勤居家長照機構,1X0200037,1,新北市,板橋區,新北市板橋區文化路一段189號7樓,121.4630584717,25.0165557861,B,喘息服務;居家服務
新北市私立恩祥老人長期照顧中心(養護型),A10200233,A1,新北市,蘆洲區,新北市蘆洲區仁德里三民路26巷51號3樓,121.4780502319,25.0834026337,B,喘息服務
新北市私立悠樂活居家長照機構,1X0200023,1,新北市,林口區,新北市林口區麗園一街6巷7號1樓之2,121.3753204346,25.0708503723,B,喘息服務;居家服務
新北市私立惠眾居家長照機構,1X0200132,1,新北市,淡水區,新北市淡水區民權路111號3樓C06室,121.4602737427,25.1374797821,B,居家服務;喘息服務
新北市私立愛迪樂居家長照機構,1X0200017,1,新北市,林口區,新北市林口區文化一路一段190巷6-2號,121.3757476807,25.0730800629,A,個案管理服務
新北市私立愛迪樂居家長照機構,1X0200017,1,新北市,林口區,新北市林口區文化一路一段190巷6-2號,121.3757476807,25.0730800629,B,居家服務;喘息服務
新北市私立愛迪樂居家長照機構-林口西林據點(醫事C),1X0200078,1,新北市,林口區,新北市林口區西林里文化一路一段190巷6之2號,121.3797607422,25.0744438171,B,喘息服務
新北市私立愛迪樂居家長照機構-林口西林據點(醫事C),1X0200078,1,新北市,林口區,新北市林口區西林里文化一路一段190巷6之2號,121.3797607422,25.0744438171,C,巷弄長照站
新北市私立愛鄰田園老人長期照顧中心(養護型),A10200236,A1,新北市,鶯歌區,"新北市鶯歌區永昌里建國路596巷38,40號",121.3407440186,24.9517459869,B,喘息服務
新北市私立愷立居家長照機構,1X0200105,1,新北市,永和區,新北市永和區保平路268巷28號1樓,121.5076675415,25.0064258575,B,居家服務;喘息服務
新北市私立慈和老人長期照顧中心(養護型),A10200113,A1,新北市,中和區,新北市中和區中正路909號2樓,121.4835205078,25.006401062,B,喘息服務
新北市私立慈安老人長期照顧中心(養護型),A10200114,A1,新北市,中和區,新北市中和區中正路909號3樓,121.4835205078,25.006401062,B,喘息服務
新北市私立慈美老人養護中心,A10200008,A1,新北市,中和區,新北市中和區連和里中山路二段315巷2號6樓,121.4940261841,25.0017356873,B,喘息服務
新北市私立慈美護理之家,A30200001,A3,新北市,中和區,新北市中和區中山路2段315巷2號4樓、317號6樓,121.4940261841,25.0017356873,B,喘息服務
新北市私立慈鴻老人長期照顧中心(養護型),A10200244,A1,新北市,中和區,新北市中和區中正路909號4樓,121.4835205078,25.006401062,B,喘息服務
新北市私立慧心老人長期照顧中心(養護型),A10200176,A1,新北市,板橋區,新北市板橋區廣權路2號2樓,121.4603881836,24.9909706116,B,喘息服務
新北市私立慶安居家長照機構,1X0200084,1,新北市,林口區,新北市林口區文化二路一段266號地下1層之13-06室,121.3723526001,25.0737266541,B,居家服務;喘息服務
新北市私立慷德居家長照機構,1X0200112,1,新北市,三重區,新北市三重區重新路5段525號9樓之1,121.4711456299,25.0463657379,B,專業照護服務;居家服務;喘息服務
新北市私立捷安護理之家,A30200030,A3,新北市,蘆洲區,新北市蘆洲區中山一路300號,121.470123291,25.0780754089,B,喘息服務
新北市私立文昌居家長照機構,1X0200068,1,新北市,樹林區,新北市樹林區中山路一段186-1號3樓,121.4215011597,24.9886207581,B,居家服務;喘息服務
新北市私立文華居家長照機構,1X0200059,1,新北市,板橋區,新北市板橋區民治街8巷2號2樓,121.4553070068,25.0248908997,B,喘息服務;居家服務
新北市私立新明厚老人長期照顧中心(養護型),A10200260,A1,新北市,淡水區,新北市淡水區竿蓁里中正東路一段27號、27號2樓之1,121.4520339966,25.1633586884,B,喘息服務
新北市私立新莊不老社區長照機構,2X0200025,2,新北市,新莊區,新北市新莊區興漢里中正路160號3樓,121.4512939453,25.0360031128,B,喘息服務;日間照顧服務
新北市私立新頤居家長照機構,1X0200125,1,新北市,蘆洲區,新北市蘆洲區仁愛街116號1樓,121.4697647095,25.0951900482,B,喘息服務;居家服務
新北市私立旺福居家長照機構,1X0200001,1,新北市,三重區,新北市三重區溪美里福隆路48號1樓,121.492477417,25.078578949,A,個案管理服務
新北市私立旺福居家長照機構,1X0200001,1,新北市,三重區,新北市三重區溪美里福隆路48號1樓,121.492477417,25.078578949,B,專業照護服務;居家服務;喘息服務
新北市私立旺福居家長照機構-三重溪美據點(醫事C),1X0200161,1,新北市,三重區,新北市三重區溪美里福隆路107號1樓,121.4925689697,25.0783538818,B,喘息服務
新北市私立旺福綜合長照機構,4X0200002,4,新北市,貢寮區,新北市貢寮區朝陽街70巷10號1、2樓,121.9094619751,25.0225753784,A,個案管理服務
新北市私立旺福綜合長照機構,4X0200002,4,新北市,貢寮區,新北市貢寮區朝陽街70巷10號1、2樓,121.9094619751,25.0225753784,B,居家服務;喘息服務;日間照顧服務
新北市私立昕悅居家長照機構,1X0200072,1,新北市,新莊區,新北市新莊區中正路新建巷41號1樓,121.4146499634,25.0208969116,B,喘息服務;居家服務
新北市私立晨曦居家長照機構,1X0200126,1,新北市,淡水區,新北市淡水區濱海路3段146號2樓,121.4602661133,25.137462616,B,居家服務;喘息服務
新北市私立景翔社區長照機構,2X0200006,2,新北市,汐止區,新北市汐止區白雲里水源路二段72巷6弄1號2樓,121.6555709839,25.0558433533,B,家庭托顧服務
新北市私立景頤老人長期照顧中心(養護型),A10200223,A1,新北市,新莊區,新北市新莊區思源路87巷18號3樓之1,121.4584197998,25.0413093567,B,喘息服務
新北市私立景馨護理之家,A30200051,A3,新北市,新莊區,新北市新莊區化成路63巷41號1、2樓,121.4635467529,25.0456790924,B,喘息服務
新北市私立智英老人長期照護中心,A10200209,A1,新北市,新莊區,新北市新莊區中正路544-36號1樓,121.4298706055,25.0316200256,B,喘息服務
新北市私立木新居護理之家,A30200031,A3,新北市,土城區,新北市土城區清水路114號3至5樓,121.4580459595,24.981426239,B,喘息服務
新北市私立松和老人長期照顧中心(養護型),A10200154,A1,新北市,板橋區,新北市板橋區大觀路3段236號7樓,121.430557251,24.9920520782,B,喘息服務
新北市私立松園老人長期照顧中心(養護型),A10200171,A1,新北市,板橋區,新北市板橋區四川路2段16巷8號7樓,121.4562683105,24.9970264435,B,喘息服務
新北市私立松林老人長期照顧中心(養護型),A10200155,A1,新北市,板橋區,新北市板橋區大觀路3段236號7樓之2,121.430557251,24.9920520782,B,喘息服務
新北市私立松樹老人長期照顧中心(養護型),A10200179,A1,新北市,板橋區,新北市板橋區大觀路3段236號7樓之1,121.430557251,24.9920520782,B,喘息服務
新北市私立松永老人長期照顧中心(養護型),A10200128,A1,新北市,永和區,新北市永和區店街里中正路455號8樓、8樓之1、8樓之2、8樓之3、8樓之4、8樓之5、8樓之6,121.5168457031,25.0055294037,B,喘息服務
新北市私立桐心老人長期照顧中心(養護型),A10200006,A1,新北市,板橋區,新北市板橋區湳興里中正路302號2樓,121.4466247559,25.0350265503,B,喘息服務
新北市私立棠菓居家長照機構,1X0200128,1,新北市,板橋區,新北市板橋區中山路一段293之1號10樓之1(A09室),121.4706420898,25.0144062042,B,喘息服務;居家服務
新北市私立樂智居家長照機構,1X0200018,1,新北市,中和區,新北市中和區中正路1207號2樓之2,121.4800033569,25.0101394653,B,居家服務;喘息服務
新北市私立樂智居家長照機構-中和民生據點(醫事C),1X0200160,1,新北市,中和區,新北市中和區民生里5鄰民生街28巷2-1號1樓,121.4800033569,25.0101394653,B,喘息服務
新北市私立樂活社區長照機構,2X0200009,2,新北市,鶯歌區,新北市鶯歌區國際二路4巷3號1樓,121.3386154175,24.9733562469,B,家庭托顧服務
新北市私立樂福社區長照機構,2X0200011,2,新北市,鶯歌區,新北市鶯歌區西鶯里中山路142號2樓,121.3499526978,24.9571285248,B,喘息服務;日間照顧服務
新北市私立樂舒活居家長照機構,1X0200089,1,新北市,淡水區,新北市淡水區崁頂里新市二路一段106號1樓（含夾層）,121.4256515503,25.1961307526,B,居家服務;喘息服務
新北市私立樂齡居家長照機構,1X0200086,1,新北市,三重區,新北市三重區重新路三段105號3樓,121.4913024902,25.0599308014,B,喘息服務;居家服務
新北市私立永安居家長照機構,1X0200007,1,新北市,新店區,新北市新店區國豐里中正路399巷13號,121.5341110229,24.9768562317,A,個案管理服務
新北市私立永安居家長照機構,1X0200007,1,新北市,新店區,新北市新店區國豐里中正路399巷13號,121.5341110229,24.9768562317,B,居家服務;喘息服務
新北市私立永康居家長照機構,1X0200137,1,新北市,淡水區,新北市淡水區重建街186號1樓,121.4409179688,25.1742095947,B,喘息服務;居家服務
新北市私立永瑞老人長期照顧中心(養護型),A10200356,A1,新北市,新莊區,新北市新莊區化成里化成路354號,121.4659194946,25.0492477417,B,喘息服務
新北市私立永順老人養護中心,A10200005,A1,新北市,中和區,新北市中和區平河里建康路2號,121.4858169556,24.9999980927,B,喘息服務
新北市私立沐心老人長期照顧中心(養護型),A10200344,A1,新北市,三重區,新北市三重區中興里重新路五段635之2號1-3樓,121.467338562,25.0439090729,B,喘息服務
新北市私立添吉社區長照機構,2X0200019,2,新北市,板橋區,新北市板橋區五權里和平路31號、33號5樓,121.4600372314,24.9953937531,B,喘息服務;日間照顧服務
新北市私立清水居家長照機構,1X0200054,1,新北市,淡水區,新北市淡水區北新路184巷124-1號1樓,121.4401397705,25.1712684631,B,居家服務;喘息服務
新北市私立溫馨園老人長期照顧中心(養護型),A10200237,A1,新北市,鶯歌區,新北市鶯歌區建國路85號4樓,121.3530502319,24.9539718628,B,喘息服務
新北市私立溫馨居家長照機構,1X0200028,1,新北市,樹林區,新北市樹林區和平里中華路61號1樓,121.4233932495,24.9832019806,A,個案管理服務
新北市私立溫馨居家長照機構,1X0200028,1,新北市,樹林區,新北市樹林區和平里中華路61號1樓,121.4233932495,24.9832019806,B,居家服務;喘息服務
新北市私立潔翎居家長照機構,1X0200157,1,新北市,新店區,新北市新店區民權路153號4樓,121.534362793,24.9826583862,B,喘息服務;居家服務
新北市私立珍珍老人長期照顧中心(養護型),A10200342,A1,新北市,新莊區,新北市新莊區化成里化成路354號3樓,121.4659194946,25.0492477417,B,喘息服務
新北市私立璟濰居家長照機構,1X0200029,1,新北市,中和區,新北市中和區安平路40號1樓,121.5101089478,24.995267868,B,居家服務;喘息服務;專業照護服務
新北市私立璟馨居家式服務類長期照顧服務機構(醫事C),1X0200080,1,新北市,土城區,新北市土城區延吉里延吉街76號,121.4710235596,24.9866790771,C,巷弄長照站
新北市私立璟馨居家長照機構,1X0200005,1,新北市,土城區,新北市土城區延峯街24巷5號1樓,121.4687805176,24.9858112335,A,個案管理服務
新北市私立璟馨居家長照機構,1X0200005,1,新北市,土城區,新北市土城區延峯街24巷5號1樓,121.4687805176,24.9858112335,B,喘息服務;專業照護服務;居家服務
新北市私立璟馨居家長照機構-土城金城據點(醫事C),1X0200162,1,新北市,土城區,新北市土城區金城里明德路一段29巷16號,121.4655380249,24.9852848053,B,喘息服務
新北市私立百禾居家長照機構,1X0200073,1,新北市,板橋區,新北市板橋區四川路二段16巷10號9樓,121.4550323486,25.0033779144,B,居家服務;喘息服務
新北市私立皇佳老人長期照顧中心(養護型),A10200347,A1,新北市,中和區,新北市中和區中原里中山路二段562號,121.4830093384,25.005197525,B,喘息服務
新北市私立皇冠老人養護中心,A10200001,A1,新北市,新店區,新北市新店區明德里民權路60號4樓,121.5385818481,24.9830913544,B,喘息服務
新北市私立盛禾老人長期照顧中心(養護型),A10200245,A1,新北市,新莊區,新北市新莊區雙鳳路119號4樓,121.4136123657,25.0278682709,B,喘息服務
新北市私立真開欣社區長照機構,2X0200017,2,新北市,蘆洲區,新北市蘆洲區正義里永樂街2號2樓,121.4607772827,25.093082428,B,日間照顧服務;喘息服務
新北市私立碧辰社區長照機構,2X0200016,2,新北市,中和區,新北市中和區文元里新北市中和區連城路477巷6弄22號1樓,121.4824066162,24.9951972961,B,家庭托顧服務
新北市私立祐安老人長期照顧中心(養護型),A10200323,A1,新北市,三重區,新北市三重區自強路四段6、8號3樓,121.4902191162,25.0786361694,B,喘息服務
新北市私立福泰老人長期照顧中心(養護型),A10200111,A1,新北市,中和區,新北市中和區中山路2段371號4樓,121.4873657227,25.0045776367,B,喘息服務
新北市私立禾九居家長照機構,1X0200098,1,新北市,蘆洲區,新北市蘆洲區水河里民族路422巷53號2樓,121.4729232788,25.0940475464,B,居家服務;喘息服務
新北市私立禾安居家長照機構,1X0200024,1,新北市,板橋區,新北市板橋區柏翠里華江一路578號8樓,121.4735794067,25.0354099274,B,喘息服務;居家服務
新北市私立禾康居家長照機構,1X0200070,1,新北市,板橋區,新北市板橋區重慶路345號2樓,121.4641494751,24.9980621338,B,喘息服務;居家服務
新北市私立禾心居家長照機構,1X0200122,1,新北市,板橋區,新北市板橋區文化路一段178號3樓,121.4592437744,24.9786453247,B,喘息服務;居家服務
新北市私立禾順居家長照機構,1X0200064,1,新北市,蘆洲區,新北市蘆洲區正義里三民路581-1號3樓,121.4617233276,25.092754364,B,居家服務;喘息服務
新北市私立秀心居家長照機構,1X0200108,1,新北市,樹林區,新北市樹林區保安街2段24號3樓,121.4155578613,25.0017776489,B,居家服務;喘息服務
新北市私立秝豐居家長照機構,1X0200076,1,新北市,板橋區,新北市板橋區溪崑二街73巷11號1樓,121.4285430908,24.9898433685,B,喘息服務;居家服務
新北市私立秝達居家長照機構,1X0200143,1,新北市,板橋區,新北市板橋區新海路330號2樓,121.4604644775,25.0240898132,B,居家服務;專業照護服務;喘息服務
新北市私立立新居家長照機構,1X0200151,1,新北市,新莊區,新北市新莊區中原里新北大道四段179號16樓之5,121.4459152222,25.0583133698,B,喘息服務;居家服務
新北市私立立穎居家長照機構,1X0200020,1,新北市,中和區,新北市中和區立德街204號3樓,121.5117874146,24.9852313995,A,個案管理服務
新北市私立立穎居家長照機構,1X0200020,1,新北市,中和區,新北市中和區立德街204號3樓,121.5117874146,24.9852313995,B,喘息服務;居家服務;營養餐飲服務
新北市私立立穎居家長照機構-烏來忠治據點(醫事C),1X0200095,1,新北市,烏來區,新北市烏來區忠治里新烏路五段98號,121.5471801758,24.8658599854,B,喘息服務
新北市私立立穎居家長照機構-烏來忠治據點(醫事C),1X0200095,1,新北市,烏來區,新北市烏來區忠治里新烏路五段98號,121.5471801758,24.8658599854,C,巷弄長照站
新北市私立童心老人長期照顧中心(養護型),A10200141,A1,新北市,汐止區,新北市汐止區環河里南陽街90巷14號,121.622795105,25.0618877411,B,喘息服務
新北市私立美心居家長照機構,1X0200109,1,新北市,新莊區,新北市新莊區中原東路141號1、2樓,121.3928909302,24.9696216583,B,喘息服務;居家服務
新北市私立美樂社區長照機構,2X0200029,2,新北市,土城區,新北市土城區平和里延和路105巷7弄2號1樓,121.4671096802,24.9914608002,B,家庭托顧服務
新北市私立美麗家園老人長期照顧中心(養護型),A10200264,A1,新北市,汐止區,新北市汐止區興福里福德路38號7樓、7樓之1-7,121.6359100342,25.0668201447,B,喘息服務
新北市私立老吾老護理之家,A30200025,A3,新北市,新莊區,新北市新莊區新樹路315巷1號、1號2、3樓,121.4338150024,25.0192832947,B,喘息服務
新北市私立聯順居家式服務類長期照顧服務機構,1X0200003,1,新北市,板橋區,新北市板橋區永安里萬板路186號1樓,121.4761886597,25.0237064362,A,個案管理服務
新北市私立聯順居家式服務類長期照顧服務機構-景福里巷弄長照(醫事C),B10200083,B1,新北市,中和區,新北市中和區景福里捷運路109號1樓,121.5078277588,24.9901046753,C,巷弄長照站
新北市私立聯順居家式服務類長期照顧服務機構-永安里巷弄長照站(醫事C),B10200081,B1,新北市,板橋區,新北市板橋區永安里萬板路186號1樓,121.4761886597,25.0237064362,C,巷弄長照站
新北市私立聯順居家式服務類長期照顧服務機構-漢生里巷弄長照站(醫事C),B10200082,B1,新北市,板橋區,新北市板橋區漢生里文化路一段45巷1弄1號,121.4603729248,25.0137004852,C,巷弄長照站
新北市私立至傑護理之家,A30200007,A3,新北市,板橋區,新北市板橋區和平路14巷9號1-2樓、9之1號1樓,121.461517334,24.9928741455,B,喘息服務
新北市私立芸安居家長照機構,1X0200120,1,新北市,樹林區,新北市樹林區八德街652號1樓(含夾層),121.3965377808,24.9692935944,B,喘息服務;居家服務
新北市私立莊敬老人長期照顧中心(養護型),A10200355,A1,新北市,新店區,新北市新店區明德里中正路521巷1號、3號3樓,121.5334854126,24.9852390289,B,喘息服務
新北市私立萬眾居家長照機構,1X0200008,1,新北市,三重區,新北市三重區福德南路41號7樓,121.5029067993,25.0620708466,A,個案管理服務
新北市私立萬眾居家長照機構,1X0200008,1,新北市,三重區,新北市三重區福德南路41號7樓,121.5029067993,25.0620708466,B,居家服務;喘息服務
新北市私立蓮愛老人養護中心,A10200074,A1,新北市,三重區,新北市三重區溪尾街41號2樓,121.4914398193,25.0765132904,B,喘息服務
新北市私立蕙心居家式服務類長期照顧服務機構,1X0200012,1,新北市,蘆洲區,新北市蘆洲區民權路174巷14號3樓,121.4724655151,25.0904884338,B,居家服務;喘息服務
新北市私立衡安老人長期照顧中心(養護型),A10200309,A1,新北市,三峽區,新北市三峽區永舘里文化路59號7樓-1、8樓-2,121.3721466064,24.9360809326,B,喘息服務
新北市私立衡安護理之家,A30200042,A3,新北市,三峽區,新北市三峽區文化路59號5樓之1、6樓之1、6樓之2、7樓之1,121.3722763062,24.9359111786,B,喘息服務
新北市私立親齡居家長照機構,1X0200056,1,新北市,三芝區,新北市三芝區埔頭里長安街53巷6號1樓,121.501083374,25.2564640045,B,居家服務;喘息服務
新北市私立諭安居家長照機構,1X0200063,1,新北市,新莊區,新北市新莊區中原里中信街176號12樓之7,121.4481201172,25.0574131012,B,喘息服務;居家服務
新北市私立護老安心居家長照機構,1X0200117,1,新北市,新莊區,新北市新莊區中隆里中華路二段147號2樓,121.4594497681,25.060251236,B,居家服務;喘息服務
新北市私立迦勒老人長期照顧中心(養護型),A10200322,A1,新北市,土城區,新北市土城區延壽路9號,121.4713287354,24.9903087616,B,喘息服務
新北市私立迦蜜老人長期照顧中心(養護型),A10200174,A1,新北市,板橋區,新北市板橋區廣權路10號2、3樓,121.4609375,24.9912586212,B,喘息服務
新北市私立逢源老人長期照顧中心(養護型),A10200124,A1,新北市,中和區,新北市中和區中山路2段327巷9號3樓,121.493598938,25.0009822845,B,喘息服務
新北市私立連城老人長期照顧中心(養護型),A10200324,A1,新北市,中和區,新北市中和區板南路337號4樓,121.493850708,24.9981784821,B,喘息服務
新北市私立連旺老人長期照顧中心(養護型),A10200160,A1,新北市,板橋區,新北市板橋區中山路1段311號、313號、315之1號,121.484085083,25.0220222473,B,喘息服務
新北市私立達霖居家長照機構,1X0200096,1,新北市,板橋區,新北市板橋區篤行路三段18號2樓,121.4287185669,24.987323761,B,喘息服務;居家服務
新北市私立醒吾高級中學,BF0200057,BF,新北市,林口區,新北市林口區東林里東林里粉寮路1段75巷80號,121.3972396851,25.0790691376,C,巷弄長照站
新北市私立金安心居家長照機構,1X0200066,1,新北市,永和區,新北市永和區永和路1段2號9樓之1,121.485244751,25.001159668,A,個案管理服務
新北市私立金安心居家長照機構,1X0200066,1,新北市,永和區,新北市永和區永和路1段2號9樓之1,121.485244751,25.001159668,B,居家服務;喘息服務
新北市私立金田居家長照機構,1X0200075,1,新北市,深坑區,新北市深坑區埔新街95巷5號1樓,121.6195526123,25.0017261505,B,居家服務;喘息服務
新北市私立金順居家長照機構,1X0200045,1,新北市,三重區,新北市三重區仁德里安慶街120號,121.4980392456,25.0624084473,A,個案管理服務
新北市私立金順居家長照機構,1X0200045,1,新北市,三重區,新北市三重區仁德里安慶街120號,121.4980392456,25.0624084473,B,專業照護服務;居家服務;喘息服務
新北市私立銀享家園老人長期照顧中心(養護型),A10200284,A1,新北市,土城區,"新北市土城區日新里日新街33巷8號1,2樓",121.4426651001,24.987537384,B,喘息服務
新北市私立銀享樂園老人長期照顧中心(養護型),A10200280,A1,新北市,土城區,新北市土城區日新里日新街33巷8號3-4樓,121.4426651001,24.987537384,B,喘息服務
新北市私立銀光親心社區長照機構,2X0200031,2,新北市,新店區,新北市新店區寶興里文化路80巷11號1樓,121.5448303223,24.9814319611,B,家庭托顧服務
新北市私立銨芯居家長照機構,1X0200152,1,新北市,鶯歌區,新北市鶯歌區中山路143號1樓,121.349105835,24.9569149017,B,居家服務;喘息服務
新北市私立長仁居家長照機構,1X0200158,1,新北市,新莊區,新北市新莊區中德路39號6樓,121.4507293701,25.057888031,B,喘息服務;居家服務
新北市私立長勤老人長期照顧中心(養護型),A10200325,A1,新北市,三芝區,新北市三芝區長勤街63號,121.4998626709,25.2559719086,B,喘息服務
新北市私立長恩老人長期照顧中心(養護型),A10200319,A1,新北市,新莊區,新北市新莊區海山里中正路387、389、393號4樓,121.4642944336,25.0405483246,B,喘息服務
新北市私立闔樂老人長期照顧中心(養護型),A10200294,A1,新北市,中和區,新北市中和區中山路二段327巷1號號2樓,121.4934005737,25.0015621185,B,喘息服務
新北市私立陽光居家長照機構,1X0200113,1,新北市,中和區,新北市中和區安樂路18-1號7樓,121.5118408203,24.9921112061,B,喘息服務;居家服務
新北市私立雙和老人長期照顧中心(養護型),A10200105,A1,新北市,中和區,新北市中和區福和里中山路2段133號2樓,121.5022583008,25.00299263,B,喘息服務
新北市私立風鈴玫園社區長照機構,2X0200028,2,新北市,三重區,新北市三重區光明里重安街53巷9號1樓,121.4913787842,25.0562839508,B,家庭托顧服務
新北市私立馨中居家長照機構,1X0200133,1,新北市,鶯歌區,新北市鶯歌區信義街54號1樓,121.3532485962,24.9551773071,B,居家服務;喘息服務
新北市私立馨樂居家長照機構,1X0200118,1,新北市,鶯歌區,新北市鶯歌區重慶街42號2樓,121.3500366211,24.9520721436,B,居家服務;喘息服務
新北市私立鴻祥老人長期照顧中心(養護型),A10200172,A1,新北市,板橋區,新北市板橋區四川路2段16巷9號8樓,121.455619812,24.9970722198,B,喘息服務
新北市立聯合醫院,B20200006,B2,新北市,三重區,新北市三重區中山里新北大道一段3號,121.4906845093,25.0607795715,A,個案管理服務
新北市立聯合醫院,B20200006,B2,新北市,三重區,新北市三重區中山里新北大道一段3號,121.4906845093,25.0607795715,B,喘息服務;專業照護服務(CC01);專業照護服務;居家失能個案家庭醫師照護服務
新北市立聯合醫院-三重重陽據點(醫事C),B20200082,B2,新北市,三重區,新北市三重區重陽里明志街112、114號,121.4904251099,25.063583374,B,喘息服務
新北市立聯合醫院-三重重陽據點(醫事C),B20200082,B2,新北市,三重區,新北市三重區重陽里明志街112、114號,121.4904251099,25.063583374,C,巷弄長照站
新北市立聯合醫院附設居家護理所,B10200020,B1,新北市,三重區,新北市三重區新北大道一段3號5樓,121.4576721191,25.0235824585,B,專業照護服務
新北市立聯合醫院附設護理之家,A30200028,A3,新北市,板橋區,新北市板橋區英士路198號5樓,121.4576721191,25.0235824585,B,喘息服務
新北市耆光協會(社照C),BF0200112,BF,新北市,板橋區,新北市板橋區港嘴里文聖街227號1樓,121.4804992676,25.025718689,C,巷弄長照站
新北市華福關懷協會(社照C),BF0200123,BF,新北市,板橋區,新北市板橋區華福里大華街居安巷31號,121.4579162598,25.0050182343,C,巷弄長照站
新北市萬里區衛生所,B20200062,B2,新北市,萬里區,新北市萬里區瑪鋉路157號,121.6897125244,25.1783313751,A,個案管理服務
新北市萬里區衛生所,B20200062,B2,新北市,萬里區,新北市萬里區瑪鋉路157號,121.6897125244,25.1783313751,B,喘息服務;居家失能個案家庭醫師照護服務
新北市萬里區衛生所-萬里據點(醫事C),B20200196,B2,新北市,萬里區,新北市萬里區萬里里瑪鍊路157號2樓,121.6897125244,25.1783313751,B,喘息服務
新北市萬里區衛生所-萬里據點(醫事C),B20200196,B2,新北市,萬里區,新北市萬里區萬里里瑪鍊路157號2樓,121.6897125244,25.1783313751,C,巷弄長照站
新北市蘆洲區仁復社區發展協會,BG0200074,BG,新北市,蘆洲區,新北市蘆洲區仁復里中山二路36巷7號,121.4743270874,25.0826435089,C,巷弄長照站
新北市蘆洲區仁義里辦公處(社照C),BG0200040,BG,新北市,蘆洲區,新北市蘆洲區仁義里集賢路245號7樓,121.4816665649,25.0846862793,C,巷弄長照站
新北市蘆洲區信義里辦公處(社照C),BG0200042,BG,新北市,蘆洲區,新北市蘆洲區信義里民族路167巷10號,121.4784622192,25.0883483887,C,巷弄長照站
新北市蘆洲區光明里辦公處(社照C),BG0200027,BG,新北市,蘆洲區,新北市蘆洲區中原里9鄰中正路241號3樓,121.4678268433,25.0867271423,C,巷弄長照站
新北市蘆洲區愛心關懷協會(永安站)(社照C),BF0200221,BF,新北市,蘆洲區,新北市蘆洲區延平里永安南路二段134號,121.4625854492,25.0785884857,C,巷弄長照站
新北市蘆洲區民和里辦公處(社照C),BG0200082,BG,新北市,蘆洲區,新北市蘆洲區民和里信義路30巷100號1、2樓,121.4749450684,25.0773239136,C,巷弄長照站
新北市蘆洲區永安里辦公處(社照C),BG0200041,BG,新北市,蘆洲區,新北市蘆洲區永安里永安南路二段16巷9號1樓,121.4677200317,25.0775108337,C,巷弄長照站
新北市蘆洲區永樂里辦公處(社照C),BF0200247,BF,新北市,蘆洲區,新北市蘆洲區永樂里永樂街38巷57弄30號,121.4571609497,25.0912303925,C,巷弄長照站
新北市蘆洲區福祿壽協會(社照C),BF0200084,BF,新北市,蘆洲區,新北市蘆洲區南港里永平街32巷69弄5號3樓,121.4597244263,25.0932731628,C,巷弄長照站
新北市蘆洲區衛生所,B20200115,B2,新北市,蘆洲區,新北市蘆洲區中央路58號,121.4732666016,25.0839443207,B,居家失能個案家庭醫師照護服務
新北市蘆洲區長安里辦公處,BG0200073,BG,新北市,蘆洲區,新北市蘆洲區忠義里長安街96號4樓,121.4619369507,25.0807323456,C,巷弄長照站
新北市豐樂藝術文化愛心關懷協會(社照C),BF0200187,BF,新北市,土城區,新北市土城區明德里學士路100號,121.4501876831,24.9798526764,C,巷弄長照站
新北市貢寮區守望相助協會(社照C),BF0200294,BF,新北市,貢寮區,新北市貢寮區仁里里仁和路106巷5號,121.9245986938,25.0512657166,C,巷弄長照站
新北市貢寮區衛生所,B20200017,B2,新北市,貢寮區,新北市貢寮區真理里仁愛路128號,121.927520752,25.0549755096,A,個案管理服務
新北市貢寮區衛生所,B20200017,B2,新北市,貢寮區,新北市貢寮區真理里仁愛路128號,121.927520752,25.0549755096,B,居家失能個案家庭醫師照護服務;交通接送服務
新北市貢寮區衛生所(醫事C),B20200240,B2,新北市,貢寮區,新北市貢寮區和美里和美街35-2號,121.9127120972,25.0840778351,C,巷弄長照站
新北市貢寮區衛生所附設物理治療所,B40200030,B4,新北市,貢寮區,新北市貢寮區仁愛路128號3樓,121.9275741577,25.0549545288,B,專業照護服務
新北市貢寮區雙玉社區發展協會(社照C),BE0200074,BE,新北市,貢寮區,新北市貢寮區雙玉里田寮洋街12-2號,121.9224777222,25.0257263184,C,巷弄長照站
新北市運動樂活促進會,BG0200056,BG,新北市,三重區,新北市三重區五華里五華街71巷86號,121.4941482544,25.0843048096,C,巷弄長照站
新北市金山區兩湖里辦公處(社照C),BF0200216,BF,新北市,金山區,新北市金山區兩湖里倒照湖6鄰33-2號,121.591217041,25.2376594543,C,巷弄長照站
新北市金山區六三社區發展協會(社照C),BF0200218,BF,新北市,金山區,新北市金山區三界里三界壇路101之1號,121.6207122803,25.2300930023,C,巷弄長照站
新北市金山區六股里辦公處(社照C),BF0200217,BF,新北市,金山區,新北市金山區六股里頂六股6鄰3號,121.6144714355,25.2231712341,C,巷弄長照站
新北市金山區磺港里辦公處(社照C),BF0200215,BF,新北市,金山區,新北市金山區磺港里磺港路171-1號1樓,121.6439666748,25.2241535187,C,巷弄長照站
新北市金山區美田社區發展協會(社照C),BF0200214,BF,新北市,金山區,新北市金山區美田里中山路236號2樓,121.6361541748,25.2233924866,C,巷弄長照站
新北市金山區萬壽社區發展協會,BF0200272,BF,新北市,金山區,新北市金山區萬壽里海興路116號,121.6318359375,25.2381877899,C,巷弄長照站
新北市金山區衛生所,B20200022,B2,新北市,金山區,新北市金山區民生路59號,121.6411514282,25.2206497192,A,個案管理服務
新北市金山區衛生所,B20200022,B2,新北市,金山區,新北市金山區民生路59號,121.6411514282,25.2206497192,B,居家失能個案家庭醫師照護服務
新北市銀光志工協會(東安站)(社照C),BF0200235,BF,新北市,板橋區,新北市板橋區海山里漢生東路313巷2弄22號1樓,121.472366333,25.0077800751,C,巷弄長照站
新北市關懷社會福利服務協會(社照C),BF0200195,BF,新北市,板橋區,新北市板橋區滿翠里民生路3段270之1號1樓,121.4636611938,25.0290126801,C,巷弄長照站
新北市陽春麵里長銀髮婦幼發展協會(社照C),BF0200268,BF,新北市,樹林區,新北市樹林區山佳里新興街3-3號1樓,121.4008102417,24.9740428925,C,巷弄長照站
新北市雙溪區中正社區發展協會(社照C),BF0200193,BF,新北市,雙溪區,新北市雙溪區牡丹里中正路64號,121.8514862061,25.0609912872,C,巷弄長照站
新北市雙溪區平林里辦公處(社照C),BG0200050,BG,新北市,雙溪區,新北市雙溪區平林里外平林17號,121.8571243286,25.0379829407,C,巷弄長照站
新北市雙溪區牡丹社區發展協會(社照C),BF0200194,BF,新北市,雙溪區,新北市雙溪區牡丹里下坑36號,121.8499603271,25.056848526,C,巷弄長照站
新北市雙溪區衛生所,B20200007,B2,新北市,雙溪區,新北市雙溪區新基里新基南街18號,121.8662567139,25.0379886627,A,個案管理服務
新北市雙溪區衛生所,B20200007,B2,新北市,雙溪區,新北市雙溪區新基里新基南街18號,121.8662567139,25.0379886627,B,居家失能個案家庭醫師照護服務;交通接送服務
新北市雙溪區衛生所,B20200007,B2,新北市,雙溪區,新北市雙溪區新基里新基南街18號,121.8662567139,25.0379886627,C,巷弄長照站
新北市雙溪區衛生所附設物理治療所,B40200024,B4,新北市,雙溪區,新北市雙溪區新基南街18號2樓,121.8664474487,25.0379161835,B,專業照護服務(CC01)
新北市雙溪區長源社區發展協會(社照C),BG0200046,BG,新北市,雙溪區,新北市雙溪區長源里柑腳19號,121.8049087524,25.014591217,C,巷弄長照站
新北市雲彩全人關懷協會(三峽站)(社照C),BF0200255,BF,新北市,三峽區,新北市三峽區永舘里復興路31號,121.3735351562,24.9363765717,C,巷弄長照站
新北市香柏樹樂齡關懷協會(社照C),BF0200292,BF,新北市,三重區,新北市三重區永德里自強路三段42巷11號1樓,121.4859695435,25.0726394653,C,巷弄長照站
新北市鶯歌區大湖社區發展協會(社照C),BF0200134,BF,新北市,鶯歌區,新北市鶯歌區大湖里國際二路68號,121.3350982666,24.9762477875,C,巷弄長照站
新北市鶯歌區建德社區發展協會(社照C),BF0200042,BF,新北市,鶯歌區,新北市鶯歌區建德里中正一路建德巷22號,121.3647079468,24.9573135376,C,巷弄長照站
新北市鶯歌區永吉社區發展協會(社照C),BF0200105,BF,新北市,鶯歌區,新北市鶯歌區德昌街3巷1號之1,121.332321167,24.9599552155,C,巷弄長照站
新北市鶯歌區永昌社區發展協會(社照C),BF0200041,BF,新北市,鶯歌區,新北市鶯歌區永昌里永昌街36-1號,121.3426589966,24.950088501,C,巷弄長照站
新北市鶯歌區衛生所,B20200171,B2,新北市,鶯歌區,新北市鶯歌區文化路389號,121.3524627686,24.9505653381,B,居家失能個案家庭醫師照護服務
新北市龍馬湖發展協進會(社照C),BF0200131,BF,新北市,汐止區,新北市汐止區忠山里忠山街8號,121.6244125366,25.0783557892,C,巷弄長照站
新印象居家職能治療所,B50200008,B5,新北市,新店區,新北市新店區安德街85號2樓(B室),121.5095748901,24.9609375,B,專業照護服務(CC01);專業照護服務
新店區中山里辦公處(社照C),BG0200028,BG,新北市,新店區,新北市新店區中山里溪園路361號1F,121.5233688354,24.9808616638,C,巷弄長照站
新店必談語言治療所,B70200011,B7,新北市,新店區,新北市新店區文化路75巷7號1樓,121.5448608398,24.9829769135,B,專業照護服務
旅北都蘭部落文化藝術團-新北市三峽區三鶯文化健站(原住C),BF0200076,BF,新北市,三峽區,新北市三峽區龍學里隆恩街158巷3弄50號,121.365562439,24.9457302094,B,喘息服務
旅北都蘭部落文化藝術團-新北市三峽區三鶯文化健站(原住C),BF0200076,BF,新北市,三峽區,新北市三峽區龍學里隆恩街158巷3弄50號,121.365562439,24.9457302094,C,巷弄長照站
日日好日社會企業有限公司附設新北市私立時時好時社區長照機構,2V0200009,2,新北市,蘆洲區,新北市蘆洲區長樂路93號2樓,121.4624099731,25.0871315002,B,日間照顧服務;喘息服務
日馨居服實業有限公司附設新北市私立日馨居家長照機構,1R0200070,1,新北市,中和區,新北市中和區捷運路8-21號12樓,121.5104141235,24.9897651672,B,居家服務;喘息服務
昀心居家物理治療所,B40200023,B4,新北市,中和區,新北市中和區中正路65巷2弄8號2樓,121.5009918213,24.9931411743,B,專業照護服務(CC01);專業照護服務
昌明耳鼻喉科診所,B20200263,B2,新北市,新莊區,新北市新莊區昌明街80號1樓,121.4550247192,25.0523605347,B,居家失能個案家庭醫師照護服務
明倉健康事業股份有限公司附設新北市私立恩倉居家長照機構,1V0200115,1,新北市,林口區,新北市林口區湖南里仁愛路二段502號13樓之3(1306D室),121.3754348755,25.0764636993,B,喘息服務;居家服務
明倉健康事業股份有限公司附設新北市私立明倉居家長照機構,1R0200056,1,新北市,林口區,新北市林口區麗林里忠孝路376巷53號1樓,121.3683395386,25.0703430176,B,喘息服務;專業照護服務;居家服務
明新幫老人服務事業股份有限公司附設新北市私立明新幫居家長照機構,1V0200056,1,新北市,新莊區,新北市新莊區中原里中信街176號24樓之3,121.4479064941,25.0576324463,B,居家服務;喘息服務
明智銀髮股份有限公司附設新北市私立明志居家長照機構,1R0200030,1,新北市,三重區,新北市三重區中正北路15號4樓F室,121.4249038696,25.0414543152,B,喘息服務;居家服務
明曜長期照護有限公司附設新北市私立明曜居家長照機構,1V0200073,1,新北市,新莊區,新北市新莊區信義里思源路331號8樓之2,121.4596099854,25.0497398376,B,居家服務;專業照護服務;喘息服務
春暖居家護理所,B10200001,B1,新北市,汐止區,新北市汐止區保長里大同路二段458號2樓,121.6835861206,25.0731182098,B,專業照護服務
晏康股份有限公司附設新北市私立新店晏康社區長照機構,2V0200003,2,新北市,新店區,新北市新店區復興里民權路42巷59弄3號3樓,121.5383529663,24.9836158752,B,喘息服務;日間照顧服務
景安護理之家,A30200020,A3,新北市,中和區,新北市中和區景安路42號5樓、46號4~5樓、50號3~4樓,121.5068817139,24.9981422424,B,喘息服務
景得居家呼吸照護所,B80200001,B8,新北市,板橋區,新北市板橋區仁愛路59號2樓,121.4604034424,24.9995994568,B,專業照護服務
晴天長照服務股份有限公司附設新北市私立晴天居家長照機構,1V0200114,1,新北市,汐止區,新北市汐止區新台五路一段95號24樓(A室),121.6356201172,25.0565872192,B,喘息服務;居家服務
暖和有限公司附設新北市私立溫佳居家長照機構,1V0200069,1,新北市,板橋區,新北市板橋區建國街45號,121.4759368896,25.0120124817,B,喘息服務;居家服務
曉依語言治療所,B70200003,B7,新北市,新莊區,新北市新莊區中央路303號3樓,121.4514312744,25.0588188171,B,專業照護服務
月上營養照護諮詢機構,B60200003,B6,新北市,林口區,新北市林口區文化三路2段32號3樓之8,121.3741378784,25.078502655,B,專業照護服務
有新藥局,B30200025,B3,新北市,三峽區,新北市三峽區學勤路18號,121.3741531372,24.9453983307,B,專業照護服務
有限責任新北市全人長照服務勞動合作社附設新北市私立全人居家長照機構,1T0200001,1,新北市,三重區,新北市三重區光明里集美街112巷51號,121.4910583496,25.0544052124,B,喘息服務;居家服務
有限責任新北市愛齡照護服務勞動合作社附設新北市私立到咖手居家長照機構,1R0200007,1,新北市,板橋區,新北市板橋區明德街21號2樓,121.4592819214,25.0100479126,B,居家服務;喘息服務
有限責任新北市溫馨照顧服務勞動合作社,BF0200008,BF,新北市,中和區,新北市中和區景新街347號9樓之8,121.5120544434,24.9909801483,B,營養餐飲服務
有限責任新北市溫馨照顧服務勞動合作社附設新北市私立達漾好居家長照機構,1R0200017,1,新北市,中和區,新北市中和區景新街347號9樓之8,121.537109375,24.9628067017,B,居家服務;喘息服務
有限責任臺南市第一照顧服務勞動合作社附設新北市私立第一居家長照機構,1T0200002,1,新北市,樹林區,新北市樹林區樹南里中山路一段306巷1號1樓,121.4198226929,24.9865531921,B,居家服務;喘息服務
本一診所,B20200221,B2,新北市,蘆洲區,新北市蘆洲區長榮路43-1號,121.4629669189,25.0827159882,B,居家失能個案家庭醫師照護服務
東南社區發展協會(社照c),BF0200028,BF,新北市,林口區,新北市林口區東勢里麗園二街1巷4號,121.3774032593,25.0700035095,C,巷弄長照站
松和護理之家,A30200098,A3,新北市,板橋區,新北市板橋區大觀路三段236號7樓之3,121.430557251,24.9920520782,B,喘息服務
板橋中興醫院附設居家護理所,B10200012,B1,新北市,板橋區,新北市板橋區福星里忠孝路28號5樓,121.4602813721,25.0017642975,C,巷弄長照站
板橋區部落文化健康站,BF0200118,BF,新北市,板橋區,新北市板橋區溪崑二街113號,121.426612854,24.988571167,C,巷弄長照站
柏愛健康產業股份有限公司附設新北市私立柏愛居家長照機構,1V0200017,1,新北市,坪林區,新北市坪林區北宜路八段176號3樓,121.5186157227,25.0157566071,A,個案管理服務
柏愛健康產業股份有限公司附設新北市私立柏愛居家長照機構,1V0200017,1,新北市,坪林區,新北市坪林區北宜路八段176號3樓,121.5186157227,25.0157566071,B,專業照護服務;喘息服務;居家服務
柏愛藥局-永和復興據點(醫事C),B30200001,B3,新北市,永和區,新北市永和區復興里博愛街26號,121.518447876,25.0157623291,B,專業照護服務;喘息服務
格霖有限公司附設新北市私立格霖居家長照機構,1R0200042,1,新北市,三重區,新北市三重區重新路4段97號22樓之一,121.485786438,25.0547790527,B,居家服務;喘息服務
梁診所,B20200209,B2,新北市,土城區,新北市土城區中央路四段75號,121.4172210693,24.958158493,B,居家失能個案家庭醫師照護服務
樂意健康生活有限公司附設新北市私立樂意居家長照機構,1V0200077,1,新北市,新莊區,新北市新莊區中原里新北大道四段179號10樓之2,121.4459152222,25.0583133698,B,居家服務;喘息服務
樂智實業有限公司附設新北市私立樂智社區長照機構,2V0200013,2,新北市,三重區,新北市三重區重新路五段637號2樓,121.4669723511,25.0435504913,B,日間照顧服務;喘息服務
樂格適小客車租賃有限公司,BA0200005,BA,新北市,新莊區,新北市新莊區復興路二段196巷2弄9-3號,121.4589614868,25.0440998077,B,交通接送服務
樂活醫美診所,B20200107,B2,新北市,板橋區,新北市板橋區民族路89－2號1樓,121.4663696289,25.0084438324,B,居家失能個案家庭醫師照護服務
樂源企業股份有限公司附設新北市私立康廷居家長照機構,1V0200127,1,新北市,板橋區,新北市板橋區民族路228號2樓(203室),121.4688110352,25.0072841644,B,居家服務;喘息服務
樂玲社會企業股份有限公司附設新北市私立老同學社區長照機構,2V0200001,2,新北市,淡水區,新北市淡水區幸福里水源街一段106號一樓,121.4465179443,25.1719760895,B,日間照顧服務;喘息服務
樂田健康生活有限公司附設新北市私立樂田居家長照機構,1X0200104,1,新北市,樹林區,新北市樹林區柑園里學林路13號2樓,121.3774642944,24.9488887787,A,個案管理服務
樂田健康生活有限公司附設新北市私立樂田居家長照機構,1X0200104,1,新北市,樹林區,新北市樹林區柑園里學林路13號2樓,121.3774642944,24.9488887787,B,居家服務;喘息服務
樂輔股份有限公司,BB0200010,BB,新北市,新店區,新北市新店區寶興路45巷8弄3號3樓,121.5504302979,24.9748058319,B,輔具及居家無障礙環境服務
樂銓管理顧問股份有限公司附設新北市私立樂銓居家長照機構,1V0200018,1,新北市,三重區,新北市三重區正安里正義北路210號9樓,121.4962005615,25.0675258636,B,喘息服務;居家服務
樂齡智慧有限公司附設新北市私立里好綜合式長照機構,4R0200003,4,新北市,三重區,新北市三重區三和路二段30號5樓,121.5001678467,25.0676879883,B,居家服務;喘息服務;日間照顧服務
樺屋長照有限公司附設新北市私立樺屋居家長照機構,1V0200090,1,新北市,中和區,新北市中和區景平路666號3樓(306室),121.4527893066,25.0452613831,B,居家服務;喘息服務
橙松有限公司附設新北市私立橙松居家長照機構,1R0200063,1,新北市,中和區,新北市中和區中正路515號2樓-2室,121.4882507324,24.9940357208,B,居家服務;喘息服務
欣亞長期照顧事業有限公司附設新北市私立中和圓通居家長照機構,1X0200153,1,新北市,中和區,新北市中和區正行里圓通路231號,121.4963607788,24.9942207336,B,居家服務;喘息服務
欣庭有限公司附設新北市私立欣庭居家長照機構,1V0200094,1,新北市,林口區,新北市林口區湖南里仁愛路二段502號13樓1305C室,121.3754348755,25.0764636993,B,喘息服務;居家服務
歡喜學堂推廣協會(三重區富貴里社照C),BF0200317,BF,新北市,三重區,新北市三重區富貴里環河北路三段288號1樓,121.4924621582,25.0894813538,C,巷弄長照站
正生婦幼聯合診所(醫事C),B20200079,B2,新北市,中和區,新北市中和區和興里中正路122號3樓,121.5031204224,24.9937534332,C,巷弄長照站
民族骨科診所(醫事C),B20200075,B2,新北市,蘆洲區,新北市蘆洲區仁義里集賢路336巷7號,121.4794311523,25.0862140656,C,巷弄長照站
永宜居家呼吸照護所,B80200003,B8,新北市,永和區,新北市永和區成功路一段14號2樓,121.5269699097,25.0052566528,B,專業照護服務
永康居家護理所,B20200185,B2,新北市,淡水區,新北市淡水區重建街186號1樓,121.4409179688,25.1742095947,B,專業照護服務
永心健康事業有限公司,BB0200016,BB,新北市,林口區,新北市林口區麗園一街6巷3號3樓之3,121.3760070801,25.0699539185,B,輔具及居家無障礙環境服務
永愛居家長照有限公司附設新北市私立永愛居家長照機構,1X0200019,1,新北市,汐止區,新北市汐止區復興里新台五路一段159號14樓,121.6567840576,25.0633678436,B,喘息服務;居家服務
永愛診所,B20200262,B2,新北市,永和區,新北市永和區永平路282之1號,121.5078277588,25.0119495392,B,居家失能個案家庭醫師照護服務
永欣居家護理所,B10200041,B1,新北市,永和區,新北市永和區林森路41巷11號3樓,121.525604248,25.0044746399,B,專業照護服務
永盛里社區關懷據點(社照C),BF0200053,BF,新北市,三重區,新北市三重區永盛里車路頭街133號,121.4846343994,25.0763149261,C,巷弄長照站
沁心居家護理所,B10200110,B1,新北市,三重區,新北市三重區自強路三段62巷11號1樓,121.4860992432,25.073059082,B,專業照護服務
沁耘健康企業有限公司附設新北市私立土城和果社區長照機構,2R0200023,2,新北市,土城區,新北市土城區學海街3號1樓及1樓夾層,121.4501724243,24.9809017181,B,日間照顧服務;喘息服務
沃恩有限公司附設新北市私立耆樂居家長照機構,1N0200002,1,新北市,汐止區,新北市汐止區復興里新台五路一段79號7樓B室,121.6458740234,25.0617275238,A,個案管理服務
沃恩有限公司附設新北市私立耆樂居家長照機構,1N0200002,1,新北市,汐止區,新北市汐止區復興里新台五路一段79號7樓B室,121.6458740234,25.0617275238,B,喘息服務;居家服務
沐松有限公司附設新北市私立沐松居家長照機構,1R0200075,1,新北市,板橋區,新北市板橋區三民路二段33號14樓(B5室),121.4655303955,25.0134391785,B,居家服務;喘息服務
沛熙居家護理所,B10200105,B1,新北市,汐止區,新北市汐止區新台五路一段95號16樓之1(R3室),121.6479644775,25.0616207123,B,專業照護服務
沛迪兒物理治療所,B40200008,B4,新北市,淡水區,新北市淡水區清水街34巷9號1樓,121.4446411133,25.1708507538,B,專業照護服務(CC01);專業照護服務
泉益居家有限公司附設新北市私立鑫益居家長照機構,1R0200082,1,新北市,土城區,新北市土城區清水路47之1號1樓,121.4552154541,24.9809970856,B,居家服務;喘息服務
泰康診所,B20200199,B2,新北市,土城區,新北市土城區中央路二段238號,121.4418640137,24.9749641418,B,居家失能個案家庭醫師照護服務
泰林中西藥局,B30100004,B3,新北市,泰山區,新北市泰山區泰林路2段206號,121.4333724976,25.0614356995,B,專業照護服務
洪石數位生活股份有限公司附設新北市私立到咖手居家長照機構,1V0200007,1,新北市,板橋區,新北市板橋區文化路一段32巷10號1樓,121.4619827271,25.0091362,A,個案管理服務
洪石數位生活股份有限公司附設新北市私立到咖手居家長照機構,1V0200007,1,新北市,板橋區,新北市板橋區文化路一段32巷10號1樓,121.4619827271,25.0091362,B,專業照護服務(CC01);喘息服務;專業照護服務;居家服務
洪石數位生活股份有限公司附設新北市私立到咖手居家長照機構-板橋挹秀據點(醫事C),1V0200133,1,新北市,板橋區,新北市板橋區挹秀里府後街2號1樓,121.4592819214,25.0100479126,B,喘息服務
浩盛國際人力顧問股份有限公司附設新北市私立浩盛居家長照機構,1V0200108,1,新北市,新莊區,新北市新莊區新北大道四段171號2樓YS201室,121.44581604,25.058631897,B,喘息服務;居家服務
海山護理之家,A30200070,A3,新北市,板橋區,新北市板橋區漢生東路163號4樓、4樓之1、5樓、5樓之1,121.4692611694,25.0124855042,B,喘息服務
淡水區正德里辦公處(社照C),BG0200013,BG,新北市,淡水區,新北市淡水區正德里北新路141巷27號1樓,121.448348999,25.1795005798,C,巷弄長照站
淡水區部落文化健康站,BF0200120,BF,新北市,淡水區,新北市淡水區義山里圭柔山路1號,121.4498062134,25.2068443298,C,巷弄長照站
清佳居家服務股份有限公司附設新北市私立清佳居家長照機構,1R0200016,1,新北市,板橋區,新北市板橋區中正路364號1樓,121.4544677734,25.0240688324,B,喘息服務;居家服務
清新居家物理治療所,B40200036,B4,新北市,永和區,新北市永和區保安路270號14樓,121.5056304932,25.0122566223,B,專業照護服務
清福醫院,B20200056,B2,新北市,三峽區,新北市三峽區介壽路一段286號2樓,121.3801803589,24.9290332794,A,個案管理服務
湖水綠簡單生活有限公司附設新北市私立中和連城社區長照機構,2V0200002,2,新北市,中和區,新北市中和區中正路689號1樓,121.4849395752,24.9981040955,B,日間照顧服務;喘息服務
湖水綠簡單生活有限公司附設新北市私立佑明居家長照機構,1R0200036,1,新北市,三峽區,新北市三峽區復興路365號5樓,121.3636169434,24.9385070801,B,居家服務;喘息服務
湖水綠簡單生活有限公司附設新北市私立連城居家長照機構,1R0200012,1,新北市,中和區,新北市中和區中正路689號2樓,121.4849395752,24.9981040955,B,專業照護服務;喘息服務;居家服務
湖水綠簡單生活有限公司附設新北市私立連城居家長照機構,1R0200012,1,新北市,中和區,新北市中和區中正路689號2樓,121.4849395752,24.9981040955,C,巷弄長照站
溫昕護理之家,A30200023,A3,新北市,新店區,新北市新店區中正路539之3號3樓、4樓、5樓,121.5334701538,24.9862308502,B,喘息服務
滙眾內科診所,B20200261,B2,新北市,淡水區,新北市淡水區中山北路一段101號,121.4423904419,25.1764621735,B,居家失能個案家庭醫師照護服務
滴勤有限公司附設新北市私立榮芳居家長照機構,1V0200130,1,新北市,永和區,新北市永和區福和路309巷1號2樓,121.5162887573,25.0071582794,B,居家服務;喘息服務
潤康長期照護有限公司附設新北市私立潤康居家長照機構,1V0200034,1,新北市,中和區,新北市中和區景平路431巷68號1樓,121.500617981,24.9956111908,B,專業照護服務;居家服務;喘息服務
澄和有限公司附設新北市私立宜和居家長照機構,1R0200074,1,新北市,板橋區,新北市板橋區漢生東路21號9樓,121.6577911377,24.9181995392,B,居家服務;喘息服務
烏來區福山部落文化健康站,BF0200121,BF,新北市,板橋區,新北市板橋區中山路一段161號,121.4656219482,25.0120792389,C,巷弄長照站
煦橙股份有限公司附設新北市私立新店煦橙綜合長照機構,4V0200003,4,新北市,新店區,新北市新店區廣明里光明街98之1號4樓,121.5391159058,24.9603748322,B,居家服務;日間照顧服務;喘息服務
熊大心有限公司附設新北市私立熊大心居家長照機構,1R0200052,1,新北市,汐止區,新北市汐止區中興里福德一路262號3樓,121.6329498291,25.0643692017,B,喘息服務;居家服務
熊樂心有限公司附設新北市私立熊樂心居家長照機構,1V0200101,1,新北市,蘆洲區,新北市蘆洲區中山一路161號3樓R03室,121.4753036499,25.0816001892,B,居家服務;喘息服務
牧羊人居家服務整合有限公司附設新北市私立牧羊人居家長照機構,1V0200001,1,新北市,新莊區,新北市新莊區昌平里中央路287號3樓,121.4524765015,25.0586795807,A,個案管理服務
牧羊人居家服務整合有限公司附設新北市私立牧羊人居家長照機構,1V0200001,1,新北市,新莊區,新北市新莊區昌平里中央路287號3樓,121.4524765015,25.0586795807,B,喘息服務;專業照護服務;居家服務
玖龍國際有限公司,BA0200034,BA,新北市,汐止區,新北市汐止區新台五路一段188號4樓之1,121.6550369263,25.0626392365,B,交通接送服務
玥亮有限公司附設新北市私立玥亮居家長照機構,1X0200154,1,新北市,中和區,新北市中和區廟美里景平路666號3樓313室,121.4974517822,25.0007820129,B,喘息服務;居家服務
珍玉長照有限公司附設新北市私立珍玉居家長照機構,1V0200121,1,新北市,新莊區,新北市新莊區思源路502號3樓,121.4605255127,25.0550575256,B,居家服務;喘息服務
理馨心理諮商所,B20200230,B2,新北市,土城區,新北市土城區永安街103號5樓,121.4298934937,24.9641304016,B,專業照護服務
瑞之盟居家語言治療所(新北市),B70200010,B7,新北市,林口區,新北市林口區文化二路一段390號5樓511室,121.3751754761,25.0771617889,B,專業照護服務(CC01);專業照護服務
瑞和診所,B20200255,B2,新北市,深坑區,新北市深坑區北深路三段99號6樓,121.605796814,25.0016670227,B,居家失能個案家庭醫師照護服務
瑞齡日照股份有限公司附設新北市私立惠國社區長照機構,2V0200012,2,新北市,新店區,新北市新店區中正路54巷28號4樓,121.5455245972,24.9705104828,B,日間照顧服務;喘息服務
璟宇股份有限公司附設新北市私立不老居家長照機構,1V0200117,1,新北市,新店區,新北市新店區北新路二段21號3樓,121.5426635742,24.9717292786,B,喘息服務;居家服務
璟馨居家護理所,B10200086,B1,新北市,土城區,新北市土城區延吉里延吉街76號3樓,121.4710083008,24.9866199493,B,專業照護服務
發隆興小客車租賃有限公司,BA0200010,BA,新北市,新莊區,新北市新莊區復興路二段196巷2弄9之3號,121.4589614868,25.0440998077,B,交通接送服務
百恩居家長照有限公司附設新北市私立百恩居家長照機構,1R0200084,1,新北市,汐止區,新北市汐止區建成路59巷89號1樓,121.6606063843,25.0719871521,B,居家服務;喘息服務
百禾長照社團法人附設新北市私立百禾住宿長照機構,3K0200001,3,新北市,板橋區,新北市板橋區南雅南路1段8號2 、3、4樓本號及8號2 、3、4樓之1至66,121.4560317993,25.0066184998,B,喘息服務
皇家護理之家,A30200024,A3,新北市,中和區,新北市中和區中山路2段560號5樓、562號5樓、7樓、7樓之1、8樓,121.4831771851,25.0052185059,B,喘息服務
皇誼藥局,B30200002,B3,新北市,永和區,新北市永和區上溪里文化路33號,121.5146942139,25.015007019,B,專業照護服務
皓仁健康照護事業有限公司附設新北市私立皓仁居家式服務類長期照顧服務機構,1X0200015,1,新北市,汐止區,新北市汐止區大同里大同路二段240號11樓,121.6540374756,25.0654830933,B,居家服務;喘息服務
益勤小客車租賃有限公司,BA0200002,BA,新北市,三峽區,新北市三峽區大觀路96號,121.3738021851,24.946811676,B,交通接送服務
益巨股份有限公司附設新北市私立安康社區長照機構,2V0200014,2,新北市,新店區,新北市新店區安德街156號3樓,121.5083312988,24.9594268799,B,喘息服務;日間照顧服務
益心交通有限公司,BA0200041,BA,新北市,蘆洲區,新北市蘆洲區復興路87巷6號3樓,121.4764633179,25.0877361298,B,交通接送服務
真祐居家有限公司附設新北市私立真祐居家長照機構,1V0200120,1,新北市,林口區,新北市林口區文化三路一段165號2樓(A室),121.3616790771,25.0692653656,B,居家服務;喘息服務
眾心企業股份有限公司附設新北市私立樂安居家長照機構,1V0200111,1,新北市,中和區,新北市中和區廣福路12-3號1樓,121.5053405762,25.0028591156,B,喘息服務;居家服務
知心居家長照有限公司附設新北市私立知心居家長照機構,1V0200022,1,新北市,樹林區,新北市樹林區金寮里保安街二段31巷3號1樓,121.4160003662,24.9996757507,B,居家服務;專業照護服務;喘息服務
知恩長期照護有限公司附設新北市私立知恩居家長照機構,1V0200092,1,新北市,三峽區,新北市三峽區三峽區民生街106-2號3樓(E18),121.4593734741,25.0074157715,B,居家服務;喘息服務
知足居家物理治療所,B40200015,B4,新北市,泰山區,新北市泰山區民國街2號,121.4251480103,25.043548584,B,專業照護服務(CC01);專業照護服務
石碇區老人會(社照C),BE0200052,BE,新北市,石碇區,新北市石碇區楓子林32-1號4樓,121.6423110962,25.0101356506,C,巷弄長照站
碧華居家職能治療所,B50200014,B5,新北市,三重區,新北市三重區富華街98號,121.4912338257,25.0836734772,B,專業照護服務(CC01);專業照護服務
社團法人中華仁親社區關懷協會(三重慈愛站)(社照C),BE0200104,BE,新北市,三重區,新北市三重區慈愛里仁美街108巷13號1樓,121.4851074219,25.0806846619,C,巷弄長照站
社團法人中華仁親社區關懷協會(社照C),BF0200174,BF,新北市,淡水區,新北市淡水區水碓里北新路2-1號2樓,121.4443435669,25.1776828766,C,巷弄長照站
社團法人中華兩岸養老產業發展協會附設新北市私立板橋海山社區長照機構,2R0200003,2,新北市,板橋區,新北市板橋區深丘里長安街253號1樓及2樓,121.4727859497,25.0102138519,B,日間照顧服務;喘息服務
社團法人中華利仁社會福利協會(社照C),BE0200051,BE,新北市,土城區,新北市土城區員林里中正路1號6樓之1,121.4423065186,24.9751110077,C,巷弄長照站
社團法人中華利仁社會福利協會附設新北市私立利仁居家長照機構,1R0200040,1,新北市,土城區,新北市土城區中正路1號6樓之1,121.4423065186,24.9751091003,B,喘息服務;居家服務
社團法人中華善德關懷協會(三峽站)(社照C),BF0200285,BF,新北市,三峽區,新北市三峽區溪南里介壽路二段136巷63號,121.3927154541,24.9331989288,C,巷弄長照站
社團法人中華善德關懷協會(樹林站)(社照C),BF0200286,BF,新北市,樹林區,新北市樹林區樹興里大安路291號1樓,121.4183425903,24.9927558899,C,巷弄長照站
社團法人中華善德關懷協會(永和站)(社照C),BE0200091,BE,新北市,永和區,新北市永和區秀林里永元路122號2樓,121.5228881836,25.0027885437,C,巷弄長照站
社團法人中華善德關懷協會(鶯歌站)(社照C),BE0200088,BE,新北市,鶯歌區,新北市鶯歌區鳳鳴里鳳鳴路547號,121.3300018311,24.9699993134,C,巷弄長照站
社團法人中華培愛全人關懷協會中華培愛全人關懷協會(社照C),BE0200014,BE,新北市,新莊區,新北市新莊區雙鳳里中正路708號3樓,121.4165496826,25.0251464844,C,巷弄長照站
社團法人中華基督教521福緣全人關懷協會-中興據點(社照C),BE0200069,BE,新北市,五股區,新北市五股區五股里中興路4段19-1號,121.439239502,25.0824127197,C,巷弄長照站
社團法人中華基督教新海社區發展協會(社照C),BE0200101,BE,新北市,淡水區,新北市淡水區大庄里沙崙路181巷30號1樓,121.4234313965,25.1848945618,C,巷弄長照站
社團法人中華小兔子新生命協會,BF0200261,BF,新北市,板橋區,新北市板橋區光仁里15鄰中山路二段255巷2號1樓,121.4772262573,25.0178928375,C,巷弄長照站
社團法人中華慈雲慈善利生推廣協會-樹林彭福據點(社照C),BE0200015,BE,新北市,樹林區,新北市樹林區彭福里太平路127巷14號1樓,121.4194793701,24.9805431366,B,喘息服務
社團法人中華慈雲慈善利生推廣協會-樹林彭福據點(社照C),BE0200015,BE,新北市,樹林區,新北市樹林區彭福里太平路127巷14號1樓,121.4194793701,24.9805431366,C,巷弄長照站
社團法人中華民國全人全家全社區長照發展協會,BE0200098,BE,新北市,三芝區,新北市三芝區埔坪里忠孝街51號1樓,121.5061416626,25.256105423,C,巷弄長照站
社團法人中華民國士林靈糧堂社會福利協會附設新北市私立三芝綜合長照機構,4R0200002,4,新北市,三芝區,新北市三芝區埔坪里民生街31號1樓,121.5035629272,25.256401062,A,個案管理服務
社團法人中華民國士林靈糧堂社會福利協會附設新北市私立三芝綜合長照機構,4R0200002,4,新北市,三芝區,新北市三芝區埔坪里民生街31號1樓,121.5035629272,25.256401062,B,小規模多機能服務;喘息服務;居家服務
社團法人中華民國士林靈糧堂社會福利協會附設新北市私立三重興穀社區長照機構,2R0200014,2,新北市,三重區,新北市三重區五谷里五谷王北街48巷18號1樓,121.4751739502,25.050775528,B,小規模多機能服務;日間照顧服務;喘息服務
社團法人中華民國士林靈糧堂社會福利協會附設新北市私立新店七張社區長照機構,2R0200001,2,新北市,新店區,新北市新店區國豐里建國路102巷6、8號,121.540222168,24.977930069,B,團體家屋服務
社團法人中華民國士林靈糧堂社會福利協會附設新北市私立石門社區長照機構,2R0200018,2,新北市,石門區,新北市石門區石門里中山路34號1樓,121.5664291382,25.2901630402,B,喘息服務;日間照顧服務
社團法人中華民國天元慈善功德會(社照C),BE0200050,BE,新北市,板橋區,新北市板橋區鄉雲里四川路2段16巷5號10樓,121.4558105469,24.9971981049,C,巷弄長照站
社團法人中華民國新希望關懷協會(社照C),BE0200059,BE,新北市,林口區,新北市林口區湖南里文林六街62巷11號1樓,121.3717727661,25.08177948,C,巷弄長照站
社團法人中華民國新生活社會福利促進會(社照C),BD0200064,BD,新北市,三芝區,新北市三芝區埔頭里43-1號,121.4991836548,25.2616138458,C,巷弄長照站
社團法人中華民國新生活社會福利發展促進會(三芝新庄站)(社照C),BF0200309,BF,新北市,三芝區,新北市三芝區埔坪里淡金路二段97號1樓,121.5042877197,25.2609786987,C,巷弄長照站
社團法人中華民國新生活社會福利發展促進會(石門尖鹿站)(社照C),BE0200075,BE,新北市,石門區,新北市石門區尖鹿里新北市石門區尖鹿里中山路68號,121.5678939819,25.2915306091,C,巷弄長照站
社團法人中華民國新生活社會福利發展促進會(金山豐漁站)(社照C),BE0200085,BE,新北市,金山區,新北市金山區豐漁里民生路190號,121.6466598511,25.2228126526,C,巷弄長照站
社團法人中華民國照顧服務員專業發展協會新北市貢寮福隆公共托老中心(社照C),BE0200025,BE,新北市,貢寮區,新北市貢寮區福隆里福隆街60號2樓,121.9457321167,25.0183792114,C,巷弄長照站
社團法人中華民國照顧服務員專業發展協會附設新北市私立照顧服務員居家式服務類長期照顧服務機構,1R0200003,1,新北市,土城區,新北市土城區青仁路22號1樓,121.4607696533,24.9791526794,A,個案管理服務
社團法人中華民國照顧服務員專業發展協會附設新北市私立照顧服務員居家式服務類長期照顧服務機構,1R0200003,1,新北市,土城區,新北市土城區青仁路22號1樓,121.4607696533,24.9791526794,B,居家服務;營養餐飲服務;喘息服務
社團法人中華民國照顧服務員專業發展協會附設新北市私立照顧服務員居家式服務類長期照顧服務機構-貢寮福隆據點(社照C),1R0200103,1,新北市,貢寮區,新北市貢寮區福隆里福隆街60號2樓,121.9457321167,25.0183773041,B,喘息服務
社團法人中華民國紅心字會附設新北市私立存德居家式服務類長期照顧服務機構,1R0200004,1,新北市,板橋區,新北市板橋區崑崙里存德街29號,121.4306335449,24.9917297363,A,個案管理服務
社團法人中華民國紅心字會附設新北市私立存德居家式服務類長期照顧服務機構,1R0200004,1,新北市,板橋區,新北市板橋區崑崙里存德街29號,121.4306335449,24.9917297363,B,喘息服務;居家服務
社團法人中華民國紅心字會附設新北市私立存德居家式服務類長期照顧服務機構-板橋崑崙據點(社照C),1R0200104,1,新北市,板橋區,新北市板橋區崑崙里存德街29號,121.4306335449,24.9917297363,B,喘息服務
社團法人中華民國紳士協會(社照C),BE0200063,BE,新北市,樹林區,新北市樹林區三福里福興街17號,121.4043426514,25.0166110992,C,巷弄長照站
社團法人中華民國老吾老福利協會附設新北市私立兆恩居家長照機構,1R0200097,1,新北市,三重區,新北市三重區福德北路12號5樓（空間編號：Quanta室）,121.5022659302,25.064453125,B,居家服務;喘息服務
社團法人中華民國金燈台幸福關懷協會(社照C),BF0200269,BF,新北市,淡水區,新北市淡水區竹圍里民族路31號、民權路153號7樓(僅限週五),121.3986587524,25.1471366882,C,巷弄長照站
社團法人中華民國長者照顧關懷協會-三重長江據點(社照C),BE0200079,BE,新北市,三重區,新北市三重區長江里長安街112號,121.5026779175,25.0678253174,B,喘息服務
社團法人中華民國長者照顧關懷協會-三重長江據點(社照C),BE0200079,BE,新北市,三重區,新北市三重區長江里長安街112號,121.5026779175,25.0678253174,C,巷弄長照站
社團法人中華民國香柏樹長者社區關懷協會(社照C),BE0200034,BE,新北市,新店區,新北市新店區復興里北新路三段225號3樓,121.5398406982,24.986082077,C,巷弄長照站
社團法人中華躍樂齡創新服務發展協會-三重福德據點(社照C),BE0200099,BE,新北市,三重區,新北市三重區福德里集美街75巷27號1樓,121.4879608154,25.0529785156,B,喘息服務
社團法人中華長照協會(社照C),BE0200089,BE,新北市,永和區,新北市永和區文化里文化路155號,121.5104141235,25.016254425,C,巷弄長照站
社團法人中華長照協會附設新北市私立永恩居家長照機構,1R0200062,1,新北市,中和區,新北市中和區南山路127巷21號,121.5031661987,24.9974784851,B,居家服務;喘息服務
社團法人中華長照協會附設新北市私立永樂居家式服務類長期照顧服務機構,1R0200001,1,新北市,永和區,新北市永和區文化里文化路155號,121.5028076172,25.0667877197,A,個案管理服務
社團法人中華長照協會附設新北市私立永樂居家式服務類長期照顧服務機構,1R0200001,1,新北市,永和區,新北市永和區文化里文化路155號,121.5028076172,25.0667877197,B,專業照護服務;居家服務;喘息服務
社團法人中華長照協會附設新北市私立永樂居家式服務類長期照顧服務機構,1R0200001,1,新北市,永和區,新北市永和區文化里文化路155號,121.5028076172,25.0667877197,C,巷弄長照站
社團法人中華關懷身心促進發展協會(大同站)(社照C),BE0200062,BE,新北市,汐止區,新北市汐止區大同里大同路二段312巷16弄35號1樓,121.6550216675,25.0653629303,C,巷弄長照站
社團法人中華關懷身心促進發展協會(秀山站)(社照C),BF0200207,BF,新北市,汐止區,新北市汐止區秀山里秀峰路149號1樓,121.6606216431,25.0621585846,C,巷弄長照站
社團法人中華關懷身心促進發展協會(秀峰站)(社照C),BE0200082,BE,新北市,汐止區,新北市汐止區忠孝東路9號,121.6574707031,25.0643291473,C,巷弄長照站
社團法人中華麥田關懷協會(社照C),BE0200012,BE,新北市,新店區,新北市新店區明德里明德路34號,121.5416946411,24.9778079987,C,巷弄長照站
社團法人博芳照顧關懷及共享協會(社照C),BE0200035,BE,新北市,三峽區,新北市三峽區礁溪里中華路15巷13號,121.3738632202,24.9314861298,C,巷弄長照站
社團法人台北市康復之友協會(慈芳關懷中心)(社照C),BE0200043,BE,新北市,土城區,新北市土城區員信里中正路18號6樓,121.4430084229,24.9750747681,C,巷弄長照站
社團法人台北市營養師公會,BE0200005,BE,新北市,板橋區,新北市板橋區港尾里館前東路116號,121.4636764526,25.0076141357,B,專業照護服務
社團法人台灣元通協會,BE0200100,BE,新北市,板橋區,新北市板橋區中正路216巷76號4樓,121.4579696655,25.0189418793,B,交通接送服務
社團法人台灣多元社會福利協會(三重過田站)(社照C),BF0200209,BF,新北市,三重區,新北市三重區過田里新北市三重區過田里過圳街7巷5號1樓,121.4894714355,25.0590419769,C,巷弄長照站
社團法人台灣多元社會福利協會(中和秀士站)(社照C),BE0200064,BE,新北市,中和區,新北市中和區秀士里景平路151巷59之1號1樓,121.5150375366,24.9900817871,C,巷弄長照站
社團法人台灣多元社會福利協會(永和禧德站)(社照C),BE0200057,BE,新北市,永和區,新北市永和區新廍里文化路90巷33號1樓,121.5129623413,25.0165691376,C,巷弄長照站
社團法人台灣多元社會福利協會(淡水民權站)(社照C),BF0200156,BF,新北市,淡水區,新北市淡水區民權里民權路177巷10號,121.4603271484,25.1350898743,C,巷弄長照站
社團法人台灣多元社會福利協會-蘆洲安德(社照C),BE0200045,BE,新北市,蘆洲區,新北市蘆洲區樓厝里復興路274號1樓,121.4804763794,25.0897636414,C,巷弄長照站
社團法人台灣幸扶公益協會(社照C),BF0200249,BF,新北市,汐止區,新北市汐止區新昌里仁愛路318號,121.6648635864,25.0675411224,C,巷弄長照站
社團法人台灣幸扶公益協會附設新北市私立汐止民權社區長照機構,2R0200031,2,新北市,汐止區,新北市汐止區民權街二段108號1樓,121.6184921265,25.046672821,B,喘息服務;日間照顧服務
社團法人台灣幸扶公益協會附設新北市私立汐止社區長照機構,2R0200009,2,新北市,汐止區,新北市汐止區新昌里新台五路二段81號,121.6641616821,25.0668487549,B,日間照顧服務;喘息服務
社團法人台灣微光行動協會,BE0200060,BE,新北市,新店區,新北市新店區文化路80巷11號1樓,121.5448303223,24.9814319611,B,交通接送服務(DA01);社區式交通接送服務(BD03)
社團法人台灣微光行動協會(基隆市),BA0200036,BA,新北市,新店區,新北市新店區文化路80巷11號,121.4971466064,24.9469852448,B,交通接送服務(DA01);社區式交通接送服務(BD03)
社團法人台灣微光行動協會(臺北市),BA0200024,BA,新北市,新店區,新北市新店區文化路80巷11號,121.5448303223,24.9814319611,B,交通接送服務(DA01)
社團法人台灣新住民生活成長協會(社照C),BF0200300,BF,新北市,三重區,新北市三重區二重里頂崁街192巷15號4樓,121.4766540527,25.0664539337,C,巷弄長照站
社團法人台灣新住民關懷協會(興福站)(社照C),BE0200068,BE,新北市,汐止區,新北市汐止區興福里福德一路141巷52號,121.6374664307,25.0665054321,C,巷弄長照站
社團法人台灣新住民關懷協會-中和中正站(社照C),BF0200137,BF,新北市,中和區,新北市中和區連城路389巷22號1樓,121.4864959717,24.9950199127,C,巷弄長照站
社團法人台灣新住民關懷協會-中和區瑞穗站,BE0200076,BE,新北市,中和區,新北市中和區瑞穗里莒光路3巷6號1樓,121.4723358154,25.0059490204,C,巷弄長照站
社團法人台灣新希望社區關懷協會(三民站)(社照C),BG0200045,BG,新北市,蘆洲區,新北市蘆洲區保和里三民路96號,121.4730072021,25.0864601135,C,巷弄長照站
社團法人台灣新希望社區關懷協會(社照C),BE0200016,BE,新北市,蘆洲區,新北市蘆洲區中原里9鄰中正路241號3樓,121.4678344727,25.0866680145,C,巷弄長照站
社團法人台灣新希望社區關懷協會-得仁站(社照C),BE0200055,BE,新北市,蘆洲區,新北市蘆洲區得仁里民生街129巷14號,121.4728393555,25.0784130096,C,巷弄長照站
社團法人台灣新希望社區關懷協會-鷺江站(社照C),BE0200046,BE,新北市,蘆洲區,新北市蘆洲區鷺江里民族路7號(鷺江國小),121.4761352539,25.084356308,C,巷弄長照站
社團法人台灣樂活協會,BA0200028,BA,新北市,板橋區,新北市板橋區東丘里大觀路二段153巷39弄7之4號5樓,121.4463729858,25.0006217957,B,交通接送服務
社團法人台灣樂活協會,BA0200030,BA,新北市,板橋區,新北市板橋區篤行路2段57巷4號5樓,121.4320602417,24.9923706055,B,交通接送服務(DA01)
社團法人台灣樂活服務發展協會(汐止信望站)(社照C),BE0200080,BE,新北市,汐止區,新北市汐止區信望里信義路1號2樓,121.6620025635,25.0685710907,C,巷弄長照站
社團法人台灣樂活服務發展協會(汐止盼望站)(社照C),BE0200061,BE,新北市,汐止區,新北市汐止區保安里汐平路一段6巷4號1樓,121.6805648804,25.0708751678,C,巷弄長照站
社團法人台灣樂活服務發展協會中和連城站(社照C),BE0200029,BE,新北市,中和區,新北市中和區連城里新北市中和區連城里連城路89巷36號,121.4973983765,24.9987411499,C,巷弄長照站
社團法人台灣樂活服務發展協會道生莒光教會社區關懷站(社照C),BE0200028,BE,新北市,中和區,新北市中和區明穗里新北市中和區民享街90巷16號,121.4738693237,25.0002250671,C,巷弄長照站
社團法人台灣樂芯長期照顧暨全人健康教育慈善關懷協會-中和清穗分站(社照C),BE0200103,BE,新北市,中和區,新北市中和區清穗里民德路197號1樓,121.4683837891,24.9983005524,C,巷弄長照站
社團法人台灣永寧快樂行善會(社照C),BF0200315,BF,新北市,土城區,新北市土城區頂福里中央路4段226號1樓,121.415473938,24.9572963715,C,巷弄長照站
社團法人台灣活出愛服務發展協會(社照C),BF0200314,BF,新北市,土城區,新北市土城區瑞興里廣明街63巷2弄7號1樓,121.454536438,24.9937210083,C,巷弄長照站
社團法人台灣生活復能健康促進協會附設新北市私立愛迪樂東湖國小社區長照機構,2R0200020,2,新北市,林口區,新北市林口區西林里四維路201號3樓,121.3808822632,25.0759487152,B,日間照顧服務;喘息服務
社團法人台灣立享長照服務教育發展協會附設新北市私立立享居家長照機構,1R0200010,1,新北市,中和區,新北市中和區橋安街9號7樓,121.4973449707,25.0067481995,A,個案管理服務
社團法人台灣立享長照服務教育發展協會附設新北市私立立享居家長照機構,1R0200010,1,新北市,中和區,新北市中和區橋安街9號7樓,121.4973449707,25.0067481995,B,居家服務;喘息服務
社團法人台灣罕病蝴蝶寶貝醫護促進會附設新北市私立迦美居家長照機構,1R0200005,1,新北市,板橋區,新北市板橋區赤松里重慶路274巷7之3號,121.4626235962,25.0001354218,B,喘息服務;居家服務
社團法人台灣雙福禮拜堂協會(社照C),BE0200030,BE,新北市,中和區,新北市中和區漳和里新北市中和區漳和里中和路102號B1樓,121.5022735596,24.9996604919,C,巷弄長照站
社團法人善志生命教育發展協會 (永和新生分站)(社照C),BE0200094,BE,新北市,永和區,新北市永和區新生里永平路368號2樓,121.5058746338,25.0138320923,C,巷弄長照站
社團法人大中華婦幼關懷成長協會(社照C),BE0200054,BE,新北市,汐止區,新北市汐止區茄苳里茄苳路225巷35號3樓,121.6720352173,25.0691509247,C,巷弄長照站
社團法人愛福家協會,BE0200024,BE,新北市,板橋區,新北市板橋區雙十路二段217號,121.4732284546,25.0290489197,B,喘息服務
社團法人愛福家協會(瑞芳站)(社照C),BE0200044,BE,新北市,瑞芳區,新北市瑞芳區爪峯里三爪子坑路18號1樓,121.8103408813,25.1065006256,C,巷弄長照站
社團法人愛福家協會附設新北市私立中和大同社區長照機構,2G0200004,2,新北市,中和區,新北市中和區圓通路121巷5號,121.4995422363,24.9955883026,B,喘息服務;日間照顧服務
社團法人愛福家協會附設新北市私立愛福家居家式服務類長期照顧服務機構,1R0100007,1,新北市,板橋區,新北市板橋區雙十路二段217號4樓,121.4752655029,25.0337276459,A,個案管理服務
社團法人愛福家協會附設新北市私立愛福家居家式服務類長期照顧服務機構,1R0100007,1,新北市,板橋區,新北市板橋區雙十路二段217號4樓,121.4752655029,25.0337276459,B,居家服務;喘息服務
社團法人愛福家協會附設新北市私立新莊愛活樂園社區長照機構,2G0200001,2,新北市,新莊區,新北市新莊區四維里四維路21號,121.4240112305,25.0239372253,B,日間照顧服務;喘息服務
社團法人愛福家協會附設新北市私立新莊新豐社區長照機構,2R0200002,2,新北市,新莊區,新北市新莊區西盛里樹新路226號4樓,121.4313583374,25.0001468658,B,日間照顧服務;喘息服務
社團法人愛福家協會附設新北市私立板橋愛活樂園社區長照機構(新北市板橋愛活樂園公共托老中心),2G0200005,2,新北市,板橋區,新北市板橋區忠翠里雙十路二段215號4樓,121.4729766846,25.0289154053,B,日間照顧服務;喘息服務
社團法人愛福家協會附設新北市私立永和愛活樂園社區長照機構,2R0200017,2,新北市,永和區,新北市永和區保順里仁愛路306巷62號、66號,121.5020980835,25.0094947815,B,日間照顧服務
社團法人振生長期照顧協會,BE0200095,BE,新北市,板橋區,新北市板橋區新生里新生街23巷1弄4號4樓,121.4559020996,25.0215568542,B,交通接送服務(DA01);社區式交通接送服務(BD03)
社團法人新北市健安樂活迎老服務協會(社照C),BE0200065,BE,新北市,中和區,新北市中和區枋寮里枋寮街33號,121.5018463135,25.0005893707,C,巷弄長照站
社團法人新北市博德書院文教公益推廣協會(學府站)(社照C),BF0200153,BF,新北市,淡水區,新北市淡水區學府里水源街1段143巷2號1樓,121.4472579956,25.1721458435,C,巷弄長照站
社團法人新北市博德書院文教公益推廣協會(崁頂站)(社照C),BF0200154,BF,新北市,淡水區,新北市淡水區崁頂里中山北路二段381巷128號1樓,121.4429244995,25.1859931946,C,巷弄長照站
社團法人新北市國度關懷協會(社照C),BE0200031,BE,新北市,三重區,新北市三重區過田里重新路四段39-1號4樓,121.4881057739,25.0577259064,C,巷弄長照站
社團法人新北市復康愛關懷協會,BE0200096,BE,新北市,三峽區,新北市三峽區介壽路一段276巷108弄12號5樓,121.3797454834,24.9281902313,B,交通接送服務
社團法人新北市恩典慈善協會(社照C),BE0200047,BE,新北市,三重區,新北市三重區光明里重安街46號1樓,121.4907608032,25.0576934814,C,巷弄長照站
社團法人新北市新店區喜樂心靈關懷協會(社照C),BE0200013,BE,新北市,新店區,新北市新店區公崙里安康路1段207巷4鄰8-1號,121.5161743164,24.9636764526,C,巷弄長照站
社團法人新北市汐止區基督教全人關懷福音發展協會(建成站)(社照C),BF0200020,BF,新北市,汐止區,新北市汐止區建成里建成路152號B1,121.6619338989,25.0733795166,C,巷弄長照站
社團法人新北市照顧服務協會附設新北市私立金禾心居家長照機構,1R0200077,1,新北市,中和區,新北市中和區圓通路182號2樓,121.4765548706,25.0268192291,B,居家服務;喘息服務
社團法人新北市社區工作者協會(社照C),BE0200011,BE,新北市,貢寮區,新北市貢寮區貢寮里29巷14之一號,121.9079284668,25.0190372467,C,巷弄長照站
社團法人新北市臨床心理師公會,BE0200001,BE,新北市,永和區,新北市永和區文化里博愛街20巷1號,121.5180664062,25.0157432556,B,專業照護服務
社團法人新北市銀髮族推廣協會(中和景安分站)(社照C),BE0200090,BE,新北市,中和區,新北市中和區景安里景安路167巷11號,121.5060272217,24.9947948456,C,巷弄長照站
社團法人新北市銀髮族關懷推廣協會(中和仁和分站)(社照C),BE0200093,BE,新北市,中和區,新北市中和區仁和里連城路477巷6弄1號,121.4830780029,24.9950027466,C,巷弄長照站
社團法人新北市陽春麵里長銀髮婦幼發展協會(樹林樂山站)(社照C),BF0200320,BF,新北市,樹林區,新北市樹林區樂山里中和街38號2樓,121.3898544312,24.9736366272,C,巷弄長照站
社團法人燈塔全人關懷協會(社照C),BE0200049,BE,新北市,蘆洲區,新北市蘆洲區永康里長安街220巷14號,121.4591217041,25.084821701,C,巷弄長照站
社團法人臺北市心藝社會關懷協會(汐止福安站)(社照C),BE0200056,BE,新北市,汐止區,新北市汐止區福安里福安街57巷2號1樓,121.6639709473,25.0638217926,C,巷弄長照站
社團法人臺灣大米一山健康促進協會,BE0200087,BE,新北市,中和區,新北市中和區立德街204號3樓,121.4845809937,25.0094947815,B,營養餐飲服務
社團法人臺灣大米一山健康促進協會附設新北市私立中和壹山社區長照機構,2R0200005,2,新北市,中和區,新北市中和區立德街204號1、2樓,121.4845809937,25.0094947815,B,日間照顧服務;喘息服務
社團法人臺灣大米一山健康促進協會附設新北市私立烏來區Rahaw信賢社區長照機構,2R0200015,2,新北市,烏來區,新北市烏來區信福路28號,121.5259857178,24.8365097046,B,日間照顧服務;喘息服務
社團法人臺灣腦身心機能認知協會(中和秀福站)(社照c),BE0200097,BE,新北市,中和區,新北市中和區秀福里秀朗路三段10巷16弄1之5號1樓,121.5238037109,24.9961490631,C,巷弄長照站
社團法人臺灣腦身心機能認知協會(社照C),BF0200148,BF,新北市,中和區,新北市中和區秀山里景平路64巷13弄18號,121.5216674805,24.9915027618,C,巷弄長照站
社團法人輕安健康關懷協會新北市私立輕安汐止綜合長照機構,4R0200006,4,新北市,汐止區,新北市汐止區環河里福德一路392巷52號,121.6264038086,25.0634498596,B,日間照顧服務;喘息服務
祝三實業股份有限公司,BA0200025,BA,新北市,板橋區,新北市板橋區遠東路3號4樓,121.4567489624,24.9983654022,B,交通接送服務(DA01)
祝三實業股份有限公司,BB0200014,BB,新北市,板橋區,新北市板橋區遠東路1號,121.4565963745,24.9987220764,B,輔具及居家無障礙環境服務
祥蕙護理之家,A30200018,A3,新北市,板橋區,新北市板橋區廣和街100號、100號2樓至5樓、102號,121.4624099731,24.993314743,B,喘息服務
福善有限公司附設新北市私立福善居家長照機構,1R0200088,1,新北市,金山區,新北市金山區中山路316號1樓,121.6341781616,25.2249698639,B,居家服務;喘息服務
福康居家護理所,B10200077,B1,新北市,土城區,新北市土城區學享街58號9樓之9,121.4522323608,24.9863758087,B,專業照護服務
福耕居家護理所,B10200048,B1,新北市,新莊區,新北市新莊區新樹路609之14號,121.4345016479,25.0041370392,B,專業照護服務
福雲添健康事業企業社附設新北市私立福雲添居家長照機構,1V0200076,1,新北市,新莊區,新北市新莊區西盛里新樹路613之11號1樓,121.4339599609,25.003780365,B,居家服務;喘息服務
福鷺社會企業有限公司附設新北市私立三重福鷺社區長照機構,2V0200007,2,新北市,三重區,新北市三重區正義北路195號4樓、4樓之1,121.4962615967,25.0682086945,B,日間照顧服務;喘息服務
福鷺社會企業有限公司附設新北市私立五股福鷺社區長照機構,2R0200026,2,新北市,五股區,新北市五股區成泰路二段7號、9號,121.4369277954,25.0813941956,B,喘息服務;日間照顧服務
福鷺社會企業有限公司附設新北市私立希望城市社區長照機構,2R0200013,2,新北市,蘆洲區,新北市蘆洲區保新里三民路368-2號1樓,121.4645843506,25.0905418396,B,喘息服務;日間照顧服務
福鷺社會企業有限公司附設新北市私立福鷺居家長照機構,1V0200093,1,新北市,蘆洲區,新北市蘆洲區復興路105巷7號,121.4764175415,25.0882282257,B,居家服務;喘息服務
福鷺社會企業有限公司附設新北市私立福鷺社區長照機構,2R0200004,2,新北市,蘆洲區,新北市蘆洲區中原里中正路241號5樓,121.4678344727,25.086681366,B,日間照顧服務;喘息服務
禾倉健康事業有限公司附設新北市私立禾倉居家長照機構,1V0200074,1,新北市,林口區,新北市林口區東勢里忠孝路605號1樓,121.3779983521,25.0680007935,B,居家服務;喘息服務
禾申事業有限公司附設新北市私立禾申居家長照機構,1R0200086,1,新北市,泰山區,新北市泰山區楓江路26巷19號1樓,121.4483642578,25.0571098328,B,喘息服務;居家服務
私立三民護理之家,A30200101,A3,新北市,蘆洲區,新北市蘆洲區三民路26巷51號1樓、2樓,121.4780502319,25.0834026337,B,喘息服務
私立健安護理之家,A30200034,A3,新北市,板橋區,新北市板橋區民權路174號1-6樓,121.4597015381,25.0132312775,B,喘息服務
私立健生護理之家,A30200032,A3,新北市,土城區,新北市土城區中華路一段14號1、2、3樓,121.4475860596,24.9907131195,B,喘息服務
私立再生護理之家,A30200009,A3,新北市,新店區,新北市新店區寶高路6號1樓、2樓、2樓之1、3樓、3樓之1、4樓、4樓之1,121.5505142212,24.9782714844,B,喘息服務
私立大愛護理之家,A30200010,A3,新北市,三重區,新北市三重區三和路4段103之1號1樓-3樓,121.4869995117,25.0768146515,B,喘息服務
私立新生活居家護理所,B10200015,B1,新北市,板橋區,新北市板橋區長江路一段146巷8號,121.4609832764,25.0298099518,B,專業照護服務
立安健康事業有限公司附設新北市私立立安居家長照機構,1V0200105,1,新北市,蘆洲區,新北市蘆洲區中山一路161號3樓R09室,121.4749984741,25.0809993744,B,居家服務;喘息服務
立穎居家護理所,B10200003,B1,新北市,中和區,新北市中和區漳和里立德街204號3樓,121.5118484497,24.9853191376,B,專業照護服務
立詒長照有限公司附設新北市私立宥典居家長照機構,1R0200073,1,新北市,板橋區,新北市板橋區裕民街151號2樓,121.4586257935,25.0270347595,B,喘息服務;居家服務
築燭有限公司附設新北市私立心地居家長照機構,1R0200060,1,新北市,中和區,新北市中和區健康路89號3樓11室,121.4879379272,25.0002422333,B,喘息服務;居家服務
紅樹林護理之家,A30200073,A3,新北市,淡水區,新北市淡水區中正東路一段111巷22號1至7樓,121.4551849365,25.1608352661,B,喘息服務
純馨居家物理治療所,B40200017,B4,新北市,三峽區,新北市三峽區學勤路182-6號6樓,121.3767547607,24.9462146759,B,專業照護服務(CC01);專業照護服務
縉澄居家長照有限公司附設新北市私立合禧居家長照機構,1V0200012,1,新北市,樹林區,新北市樹林區中山路一段217號3樓之3,121.4209365845,24.9871006012,B,喘息服務;居家服務
美事居家長照有限公司附設新北市私立美事居家長照機構,1X0200085,1,新北市,蘆洲區,新北市蘆洲區永康里永安南路二段328巷17弄8號1樓,121.4562530518,25.0840187073,B,喘息服務;居家服務
美樺股份有限公司附設新北市私立美樺居家長照機構,1V0200031,1,新北市,三重區,新北市三重區福德里重新路四段53號11樓,121.4866104126,25.0524196625,A,個案管理服務
美樺股份有限公司附設新北市私立美樺居家長照機構,1V0200031,1,新北市,三重區,新北市三重區福德里重新路四段53號11樓,121.4866104126,25.0524196625,B,居家服務;喘息服務
翁華宗小兒科診所,B20200085,B2,新北市,三重區,新北市三重區正義北路324號,121.4948654175,25.0703887939,B,居家失能個案家庭醫師照護服務
翎果有限公司附設新北市私立翎果居家長照機構,1V0200103,1,新北市,蘆洲區,新北市蘆洲區中山一路161號3樓R10室,121.4749984741,25.0809993744,B,專業照護服務;居家服務;喘息服務
耀程耳鼻喉科診所,B20200210,B2,新北市,新店區,新北市新店區三民路66號1樓,121.5350570679,24.9723358154,B,居家失能個案家庭醫師照護服務
耆寓股份有限公司附設新北市私立一銀綜合長照機構,4R0200007,4,新北市,鶯歌區,新北市鶯歌區仁愛路1號3樓,121.3536529541,24.9568576813,B,喘息服務;日間照顧服務
耆寓股份有限公司附設新北市私立勤樸社區長照機構,2V0200016,2,新北市,汐止區,新北市汐止區忠孝里大同路一段499號1樓,121.6447067261,25.0621852875,B,日間照顧服務;喘息服務
耆寓股份有限公司附設新北市私立多好事綜合長照機構,4V0200006,4,新北市,中和區,新北市中和區中山路二段362號7樓,121.4925842285,25.002779007,B,日間照顧服務;喘息服務
耆寓股份有限公司附設新北市私立樂福家綜合長照機構,4V0200007,4,新北市,新店區,新北市新店區寶橋路88號5至8樓,121.546585083,24.975610733,B,日間照顧服務;喘息服務
耆寓股份有限公司附設新北市私立添運綜合長照機構,4V0200004,4,新北市,泰山區,新北市泰山區貴子里明志路三段148號3樓,121.424621582,25.0397815704,B,日間照顧服務;喘息服務
耆寓股份有限公司附設新北市私立重新綜合長照機構,4V0200005,4,新北市,三重區,新北市三重區重新路二段1號10樓,121.4996643066,25.062997818,B,日間照顧服務;喘息服務
耆寓股份有限公司附設新北市私立鎮前綜合長照機構,4R0200009,4,新北市,樹林區,新北市樹林區鎮前街29巷1號4樓之1、5樓之1,121.4259185791,24.9918727875,B,日間照顧服務;喘息服務
耆寓股份有限公司附設新北市私立館前東綜合長照機構,4R0200008,4,新北市,板橋區,新北市板橋區館前東路26號5樓,121.4604873657,25.0071315765,B,喘息服務;日間照顧服務
聖光長照有限公司附設新北市私立聖光居家長照機構,1V0200119,1,新北市,三重區,新北市三重區力行路二段176號2樓1室,121.4831237793,25.0771656036,B,喘息服務;居家服務
聯合營養諮詢中心,B60200002,B6,新北市,新店區,新北市新店區寶宏路5-1號4樓,121.549369812,24.9761791229,B,專業照護服務
聯安診所(醫事C),B20200193,B2,新北市,新莊區,新北市新莊區忠孝里建中街116巷3弄2號,121.4456939697,25.0365409851,C,巷弄長照站
聯安長照股份有限公司附設新北市私立聯安居家長照機構,1R0200087,1,新北市,新莊區,新北市新莊區中港路240號2樓,121.4539871216,25.0432090759,B,居家服務;喘息服務
聯心健康顧問有限公司附設新北市私立聯心居家長照機構,1V0200042,1,新北市,板橋區,新北市板橋區民生路一段3號13樓之6,121.4762115479,25.0119171143,B,專業照護服務;居家服務;喘息服務
聯順居家護理所,B10200065,B1,新北市,板橋區,新北市板橋區玉光里永豐街75巷17號2樓,121.4729766846,25.0187625885,B,專業照護服務
肯康樂活股份有限公司附設新北市私立肯康三峽社區長照機構,2R0200012,2,新北市,三峽區,新北市三峽區礁溪里29鄰中華路13-5號2樓,121.3736038208,24.9320068359,B,喘息服務;日間照顧服務
肯康樂活股份有限公司附設新北市私立肯康居家長照機構,1R0200096,1,新北市,三峽區,新北市三峽區民生街106-2號3樓,121.3736877441,24.9355068207,B,喘息服務;居家服務
自己人居家物理治療所,B40200027,B4,新北市,鶯歌區,新北市鶯歌區南鶯里育才街90號1樓,121.3473510742,24.9547290802,C,巷弄長照站
自己人居家物理治療所-鶯歌南鶯據點(醫事C),B40200011,B4,新北市,鶯歌區,新北市鶯歌區南鶯里育才街90號1樓,121.3486404419,24.9549636841,B,喘息服務
良田健康照護社附設新北市私立良田健康照護居家長照機構,1U0200002,1,新北市,中和區,新北市中和區連城路446之2號2樓,121.5045394897,24.9966373444,B,專業照護服務;居家服務;喘息服務
良興康健醫護管理顧問股份有限公司附設新北市私立板橋玩學樂園社區長照機構,2V0200015,2,新北市,板橋區,新北市板橋區振興里中山路二段443巷75、77、79號4樓,121.480682373,25.0225257874,B,日間照顧服務;喘息服務
花甲樂股份有限公司附設新北市私立新店花甲樂社區長照機構,2R0200030,2,新北市,新店區,新北市新店區中興路一段282號2樓,121.5457077026,24.9684391022,B,喘息服務;日間照顧服務
華特藥局,B30200028,B3,新北市,泰山區,新北市泰山區明志路一段260號,121.4320907593,25.0605239868,B,專業照護服務
萓品管理顧問有限公司附設新北市私立禾善居家長照機構,1R0200095,1,新北市,樹林區,新北市樹林區仁愛街3號1樓,121.4213943481,24.9816493988,B,喘息服務;居家服務
萬眾居家護理所,B10200095,B1,新北市,三重區,新北市三重區福德南路41號7樓,121.5029067993,25.0620708466,B,專業照護服務
蕭中正醫院,B20200028,B2,新北市,板橋區,新北市板橋區南雅南路一段1巷30號2樓,121.4571609497,25.0066566467,A,個案管理服務
蕭正貴小兒科家庭醫學科診所,B20200217,B2,新北市,永和區,新北市永和區得和路198號,121.5202255249,24.9999446869,B,居家失能個案家庭醫師照護服務
蘇診所,B20200070,B2,新北市,新莊區,新北市新莊區民安路109號1樓,121.424697876,25.0249557495,B,居家失能個案家庭醫師照護服務
蘇診所,B20200259,B2,新北市,新莊區,新北市新莊區民安路109號1樓,121.424697876,25.0249538422,B,居家失能個案家庭醫師照護服務
行天宮醫療志業醫療財團法人恩主公醫院,B20200004,B2,新北市,三峽區,新北市三峽區鳶山里復興路399號,121.3629074097,24.9383068085,A,個案管理服務
行天宮醫療志業醫療財團法人恩主公醫院,B20200004,B2,新北市,三峽區,新北市三峽區鳶山里復興路399號,121.3629074097,24.9383068085,B,居家失能個案家庭醫師照護服務
行天宮醫療志業醫療財團法人附設恩主公居家護理所,B10200091,B1,新北市,三峽區,新北市三峽區復興路367巷4號1~2樓,121.3633346558,24.9382572174,B,專業照護服務
衛生福利部八里療養院,B20200010,B2,新北市,八里區,新北市八里區舊城里華富山33號,121.5016403198,24.9986915588,A,個案管理服務
衛生福利部八里療養院,B20200010,B2,新北市,八里區,新北市八里區舊城里華富山33號,121.5016403198,24.9986915588,B,專業照護服務
衛生福利部八里療養院-中和區(醫事C),B20200238,B2,新北市,中和區,新北市中和區南山里南山路4巷3號4樓,121.5024795532,24.9975128174,C,巷弄長照站
衛生福利部北區老人之家,A10200059,A1,新北市,新店區,新北市新店區屈尺里屈尺路83號,121.5450897217,24.9218406677,B,日間照顧服務
衛生福利部樂生療養院,B20200052,B2,新北市,新莊區,新北市新莊區中正路794號,121.4098510742,25.0216217041,B,專業照護服務;專業照護服務(CC01)
衛生福利部樂生療養院附設居家護理所,B10200023,B1,新北市,新莊區,新北市新莊區中正路794號,121.4098510742,25.0216217041,B,專業照護服務
衛生福利部臺北醫院,A30200039,B2,新北市,新莊區,新北市新莊區思源路127號,121.4596252441,25.0432415009,A,個案管理服務
衛生福利部臺北醫院,A30200039,B2,新北市,新莊區,新北市新莊區思源路127號,121.4596252441,25.0432415009,B,居家失能個案家庭醫師照護服務;專業照護服務(CC01);專業照護服務
衛生福利部臺北醫院附設居家護理所,B10200098,B1,新北市,新莊區,新北市新莊區長青街6號2樓,121.4596252441,25.0432395935,B,專業照護服務
衛生福利部臺北醫院附設新莊悅心社區長照機構,2A0200001,2,新北市,新莊區,新北市新莊區思賢里長青街6號1樓,121.4576416016,25.042339325,B,日間照顧服務
衛生福利部臺北醫院附設新莊悅心社區長照機構(醫事C),2A0200002,2,新北市,新莊區,新北市新莊區思賢里長青街6號1樓,121.4576416016,25.042339325,C,巷弄長照站
衛生福利部雙和醫院(委託臺北醫學大學興建經營),B20200011,B2,新北市,中和區,新北市中和區中正里中正路291號,121.493522644,24.9926986694,A,個案管理服務
衛生福利部雙和醫院(委託臺北醫學大學興建經營),B20200011,B2,新北市,中和區,新北市中和區中正里中正路291號,121.493522644,24.9926986694,B,喘息服務
衛生福利部雙和醫院(委託臺北醫學大學興建經營)-中和秀峰據點(醫事C),B20200266,B2,新北市,中和區,新北市中和區秀峰里景德街17號,121.5185852051,24.9903640747,B,喘息服務
衛生福利部雙和醫院(委託臺北醫學大學興建經營)-中和錦盛據點(醫事C),B20200265,B2,新北市,中和區,新北市中和區錦盛里圓通路335巷37弄12號,121.4937286377,24.988904953,B,喘息服務
衛生福利部雙和醫院附設居家護理所(委託臺北醫學大學興建經營),B10200104,B1,新北市,中和區,新北市中和區中正路291號B1(第二醫療大樓B1社區醫學部),121.4940795898,24.9937458038,B,居家失能個案家庭醫師照護服務
裕康健康有限公司附設新北市私立仁叡居家長照機構,1R0200100,1,新北市,新店區,新北市新店區北新路二段262號3樓之3(306室),121.5429077148,24.9783344269,B,喘息服務;居家服務
觀海護理之家(醫事C),A30200175,A3,新北市,八里區,新北市八里區訊塘里訊塘路78號1樓,121.3977584839,25.1461772919,C,巷弄長照站
詠林長照社團法人附設新北市私立詠林綜合長照機構,4L0200001,4,新北市,淡水區,新北市淡水區竿蓁里中正東路一段111巷20號1至6樓,121.4551239014,25.1608772278,B,喘息服務;日間照顧服務
詠靜護理之家,A30200027,A3,新北市,深坑區,新北市深坑區萬順里北深路三段99、101、103號3、4樓及105號1、3、4樓,121.605796814,25.0016670227,B,日間照顧服務;喘息服務
語治波語言治療所,B70200012,B7,新北市,三峽區,新北市三峽區三樹一街2號1樓,121.3765640259,24.937297821,B,專業照護服務
謝坤川診所,B20200244,B2,新北市,板橋區,新北市板橋區陽明街10號,121.4666519165,25.0217533112,B,居家失能個案家庭醫師照護服務
護老福祉股份有限公司附設新北市私立護老樂活居家長照機構,1V0200026,1,新北市,蘆洲區,新北市蘆洲區水湳里水湳街65號1樓,121.4717483521,25.0877380371,B,居家服務;喘息服務
豐年文化藝術團-新北市樹林區豐年部落文化健康站(原民C),BF0200322,BF,新北市,樹林區,新北市樹林區和平里忠孝街30號,121.4234390259,24.9819297791,B,喘息服務
豐悠活有限公司附設新北市私立豐悠活居家長照機構,1V0200061,1,新北市,中和區,新北市中和區中正路920號3樓308室,121.482963562,25.0083770752,B,喘息服務;居家服務
豐榮醫院,B20200141,B2,新北市,新店區,新北市新店區安德街 26巷3號(B棟),121.5115737915,24.9632415771,A,個案管理服務
豐榮醫院,B20200141,B2,新北市,新店區,新北市新店區安德街 26巷3號(B棟),121.5115737915,24.9632415771,B,專業照護服務
象心力股份有限公司附設新北市私立象心力居家長照機構,1V0200102,1,新北市,新店區,新北市新店區中正路619號1樓,121.5338058472,24.9889221191,B,居家服務;喘息服務
財團法人一粒麥子社會福利慈善事業基金會(嶺腳里)(社照C),BD0200028,BD,新北市,新店區,新北市新店區民權路42巷59弄12號5樓,121.5378189087,24.9811306,B,交通接送服務;營養餐飲服務
財團法人一粒麥子社會福利慈善事業基金會(嶺腳里)(社照C),BD0200028,BD,新北市,新店區,新北市新店區民權路42巷59弄12號5樓,121.5378189087,24.9811306,C,巷弄長照站
財團法人一粒麥子社會福利慈善事業基金會(平溪十分站)(社照C),BD0200045,BD,新北市,平溪區,新北市平溪區十分里十分街66巷1號,121.7758026123,25.041929245,C,巷弄長照站
財團法人一粒麥子社會福利慈善事業基金會附設新北市私立有福居家式服務類長期照顧服務機構,1S0200011,1,新北市,新店區,新北市新店區民權路103號3樓,121.7391738892,25.0249118805,A,個案管理服務
財團法人一粒麥子社會福利慈善事業基金會附設新北市私立有福居家式服務類長期照顧服務機構,1S0200011,1,新北市,新店區,新北市新店區民權路103號3樓,121.7391738892,25.0249118805,B,喘息服務;居家服務;到宅沐浴車服務
財團法人中保關懷社會福利基金會附設新北市私立泰山中保社區長照機構,2S0200016,2,新北市,泰山區,新北市泰山區貴子里明志路三段142巷8號,121.4245147705,25.0400352478,B,日間照顧服務;喘息服務
財團法人中華文化社會福利事業基金會附設新北市私立翠柏新村老人安養中心,A10200364,A1,新北市,汐止區,新北市汐止區長青里永春一路5號,121.6032180786,25.1125164032,B,喘息服務;交通接送服務
財團法人中華民國佛教慈濟慈善事業基金會-三重靜思堂關懷據點(社照C),BD0200038,BD,新北市,三重區,新北市三重區大有里中正北路450號,121.4738235474,25.0713596344,C,巷弄長照站
財團法人中華民國佛教慈濟慈善事業基金會-板橋靜思堂(社照C),BD0200048,BD,新北市,板橋區,新北市板橋區大觀路二段265巷15號,121.4429397583,24.9961032867,C,巷弄長照站
財團法人中華民國佛教慈濟慈善事業基金會-蘆洲靜思堂(社照C),BD0200049,BD,新北市,蘆洲區,新北市蘆洲區長樂路125號,121.4618911743,25.0877399445,C,巷弄長照站
財團法人中華民國佛教慈濟慈善事業基金會新北市私立慈濟三重社區長照機構,2S0200033,2,新北市,三重區,新北市三重區大有里中正北路472號1樓,121.4730072021,25.0714912415,B,喘息服務;日間照顧服務
財團法人中華民國佛教慈濟慈善事業基金會新北市私立慈濟中和社區長照機構,2S0200031,2,新北市,中和區,新北市中和區民生里中山路3段41號1樓,121.4709472656,25.0065059662,B,喘息服務;日間照顧服務
財團法人中華民國佛教慈濟慈善事業基金會新北市私立慈濟蘆洲綜合長照機構,4S0200002,4,新北市,蘆洲區,新北市蘆洲區正義里長樂路125號,121.4618911743,25.0877399445,A,個案管理服務
財團法人中華民國佛教慈濟慈善事業基金會新北市私立慈濟蘆洲綜合長照機構,4S0200002,4,新北市,蘆洲區,新北市蘆洲區正義里長樂路125號,121.4618911743,25.0877399445,B,日間照顧服務;喘息服務;居家服務
財團法人中華民國佛教慈濟慈善事業基金會新北市私立慈濟蘆洲綜合長照機構-三峽園區(醫事C),1R0200025,1,新北市,三峽區,新北市三峽區介壽里介壽路一段498號,121.3857727051,24.9321670532,C,巷弄長照站
財團法人中華民國佛教慈濟慈善事業基金會新北市私立慈濟蘆洲綜合長照機構-埔墘共修處(醫事C),1R0200020,1,新北市,板橋區,新北市板橋區東丘里中山路二段60巷1弄22號1樓,121.4750442505,25.0156536102,C,巷弄長照站
財團法人中華民國佛教慈濟慈善事業基金會新北市私立慈濟蘆洲綜合長照機構-新永和聯絡處(醫事C),1R0200022,1,新北市,永和區,新北市永和區中溪里中山路一段130號,121.510383606,25.0100650787,C,巷弄長照站
財團法人中華民國佛教慈濟慈善事業基金會新北市私立慈濟蘆洲綜合長照機構-林口靜思書軒(醫事C),1R0200023,1,新北市,林口區,新北市林口區西林里佳林路166號2樓,121.3835372925,25.0766563416,C,巷弄長照站
財團法人中華民國佛教慈濟慈善事業基金會新北市私立慈濟蘆洲綜合長照機構-海山聯絡處(醫事C),1R0200026,1,新北市,土城區,新北市土城區大安里中央路三段42號5樓之1,121.4372940063,24.9679756165,C,巷弄長照站
財團法人中華民國佛教慈濟慈善事業基金會新北市私立慈濟蘆洲綜合長照機構-淡水共修處(醫事C),1R0200027,1,新北市,淡水區,新北市淡水區埤島里2鄰中山北路三段102號,121.4444046021,25.1910018921,C,巷弄長照站
財團法人中華民國佛教慈濟慈善事業基金會新北市私立慈濟蘆洲綜合長照機構-舊永和聯絡處(醫事C),1R0200021,1,新北市,永和區,新北市永和區正興里4鄰永和路二段92巷1號4樓,121.5154571533,25.0116386414,B,喘息服務
財團法人中華民國佛教慈濟慈善事業基金會新北市私立慈濟蘆洲綜合長照機構-舊永和聯絡處(醫事C),1R0200021,1,新北市,永和區,新北市永和區正興里4鄰永和路二段92巷1號4樓,121.5154571533,25.0116386414,C,巷弄長照站
財團法人中華民國佛教慈濟慈善事業基金會新北市私立慈濟蘆洲綜合長照機構-雙和靜思堂(醫事C),4S0200005,4,新北市,中和區,新北市中和區積穗里中山路三段41號4樓,121.4618911743,25.0877399445,B,喘息服務
財團法人中華民國佛教慈濟慈善事業基金會新北市私立慈濟蘆洲綜合長照機構-鳳鳴共修處(醫事C),1R0200024,1,新北市,鶯歌區,新北市鶯歌區鳳鳴里永和街184號1樓,121.3363113403,24.9704551697,C,巷弄長照站
財團法人介惠社會福利慈善基金會新北市萬里瑪鋉公共托老中心(社照C),BD0200021,BD,新北市,萬里區,新北市萬里區萬里里瑪鋉路221號3F,121.689743042,25.179813385,C,巷弄長照站
財團法人介惠社會福利慈善基金會新北市金山金包里公共托老中心(社照C),BD0200015,BD,新北市,金山區,新北市金山區金美里中山路257號1、2樓,121.6368255615,25.2221260071,C,巷弄長照站
財團法人伊甸社會服務基金會-鶯歌大湖公共托老中心(醫事C),BD0200042,BD,新北市,鶯歌區,新北市鶯歌區中湖里大湖路338巷2號,121.346244812,24.971075058,C,巷弄長照站
財團法人伊甸社會福利基金會(新北市三峽北大公共托老中心)(醫事C),BD0200046,BD,新北市,三峽區,新北市三峽區龍學里學成路396號2樓之1,121.3777694702,24.944196701,C,巷弄長照站
財團法人伊甸社會福利基金會-坪林水柳腳公共托老中心(社照C),BD0200036,BD,新北市,坪林區,新北市坪林區坪林里坪碇路6號,121.7052993774,24.9354152679,C,巷弄長照站
財團法人伊甸社會福利基金會附設新北市三峽身心障礙福利服務中心,A20200059,A2,新北市,三峽區,新北市三峽區龍埔里國光街12巷10號1樓,121.3760528564,24.9372653961,B,營養餐飲服務
財團法人伊甸社會福利基金會附設新北市私立三峽北大社區長照機構,2G0200002,2,新北市,三峽區,新北市三峽區龍恩里學成路396號2樓之1,121.3779525757,24.9439907074,B,喘息服務;日間照顧服務
財團法人伊甸社會福利基金會附設新北市私立三峽身心障礙福利服務中心(社照C),BD0200009,BD,新北市,三峽區,新北市三峽區龍埔里國光街12巷10號1樓,121.376083374,24.9371700287,C,巷弄長照站
財團法人伊甸社會福利基金會附設新北市私立八里耆福綜合長照機構,4S0200004,4,新北市,八里區,新北市八里區舊城路19號3樓,121.3998641968,25.1465816498,B,日間照顧服務;喘息服務;居家服務
財團法人伊甸社會福利基金會附設新北市私立坪林居家長照機構,1J0200001,1,新北市,坪林區,新北市坪林區坪林里北宜路八段186號1樓,121.7079467773,24.9345607758,B,居家服務;喘息服務
財團法人伊甸社會福利基金會附設新北市私立居家式服務類長期照顧服務機構,1S0200004,1,新北市,三峽區,新北市三峽區介壽里大同路64號2樓,121.3748245239,24.9374752045,A,個案管理服務
財團法人伊甸社會福利基金會附設新北市私立居家式服務類長期照顧服務機構,1S0200004,1,新北市,三峽區,新北市三峽區介壽里大同路64號2樓,121.3748245239,24.9374752045,B,居家服務;喘息服務
財團法人伊甸社會福利基金會附設新北市私立樹林居家長照機構,1S0200022,1,新北市,樹林區,新北市樹林區日新街30號1樓,121.4227600098,24.9925403595,B,居家服務;喘息服務
財團法人伊甸社會福利基金會附設新北市私立鶯歌大湖社區長照機構,2G0200003,2,新北市,鶯歌區,新北市鶯歌區中湖里大湖路338巷2號,121.3466949463,24.9691009521,B,喘息服務;日間照顧服務
財團法人佳醫健康基金會附設新北市私立三峽佳醫社區長照機構,2S0200025,2,新北市,三峽區,新北市三峽區永舘里文化路59號5樓之2,121.3722763062,24.9359111786,B,喘息服務;日間照顧服務
財團法人北部台灣基督長老教會(三重埔教會)(社照C),BF0200258,BF,新北市,三重區,新北市三重區中央里自強路一段65號4樓,121.4976348877,25.0671863556,C,巷弄長照站
財團法人台北市基督教台灣貴格會國光教會(社照C),BF0200144,BF,新北市,板橋區,新北市板橋區流芳里東門街30-2號4樓,121.4579620361,25.0084629059,C,巷弄長照站
財團法人台北市立心慈善基金會附設新北市私立三重溪美社區長照機構,2S0200017,2,新北市,三重區,新北市三重區溪美里溪尾街73號5樓,121.4906005859,25.0778560638,B,日間照顧服務;喘息服務
財團法人台北市立心慈善基金會附設新北市私立居家式服務類長期照顧服務機構,1S0200008,1,新北市,淡水區,新北市淡水區中正路55號6樓,121.4830627441,25.0609664917,A,個案管理服務
財團法人台北市立心慈善基金會附設新北市私立居家式服務類長期照顧服務機構,1S0200008,1,新北市,淡水區,新北市淡水區中正路55號6樓,121.4830627441,25.0609664917,B,居家服務;喘息服務
財團法人台北市立心慈善基金會附設新北市私立立心居家長照機構,1R0200046,1,新北市,三重區,新北市三重區中華路22號1樓,121.4830322266,25.0609970093,B,喘息服務;居家服務
財團法人台灣基督長老教會泰雅爾中會烏來教會,BD0200034,BD,新北市,烏來區,新北市烏來區烏來里環山路82巷3號,121.5485458374,24.8633842468,C,巷弄長照站
財團法人台灣省私立健順養護中心,A10200303,A1,新北市,深坑區,新北市深坑區昇高里王軍寮9號,121.6163024902,24.9824542999,A,個案管理服務
財團法人台灣省私立健順養護中心,A10200303,A1,新北市,深坑區,新北市深坑區昇高里王軍寮9號,121.6163024902,24.9824542999,B,喘息服務
財團法人台灣省私立健順養護中心(新店柴埕公共托老中心)(社照C),BF0200155,BF,新北市,新店區,新北市新店區柴埕里安民街79號5樓,121.5165710449,24.9673786163,C,巷弄長照站
財團法人台灣省私立健順養護中心附設新北市私立健順居家式服務類長期照顧服務機構,1S0200002,1,新北市,中和區,新北市中和區大勇街96號2樓,121.5261077881,24.9936561584,A,個案管理服務
財團法人台灣省私立健順養護中心附設新北市私立健順居家式服務類長期照顧服務機構,1S0200002,1,新北市,中和區,新北市中和區大勇街96號2樓,121.5261077881,24.9936561584,B,居家服務;專業照護服務;喘息服務
財團法人台灣省私立健順養護中心附設新北市私立新店柴埕社區長照機構,2S0200004,2,新北市,新店區,新北市新店區安民街79號4樓、5樓,121.5165710449,24.9675579071,B,喘息服務;小規模多機能服務
財團法人台灣省私立健順養護中心附設新北市私立新店柴埕社區長照機構-新店柴埕據點(社照C),2S0200041,2,新北市,新店區,新北市新店區柴埕里安民街79號5樓,121.5165710449,24.9675579071,B,喘息服務
財團法人台灣省私立健順養護中心附設新北市私立板橋頤安社區長照機構,2S0200005,2,新北市,板橋區,新北市板橋區五權里廣權路130號2樓,121.4655532837,24.9930744171,B,日間照顧服務;喘息服務;小規模多機能服務
財團法人台灣省私立健順養護中心附設新北市私立永和民權社區長照機構,2S0200003,2,新北市,永和區,新北市永和區民權路60號5樓,121.5199432373,24.9977760315,B,日間照顧服務;喘息服務
財團法人台灣老人急重症基金會(社照C) ,BF0200162,BF,新北市,三芝區,新北市三芝區埔坪里中山路二段18號,121.5027542114,25.2556648254,C,巷弄長照站
財團法人基督教台灣崇真會(社照C),BF0200303,BF,新北市,鶯歌區,新北市鶯歌區二橋里國中街134號1樓、136號1樓,121.3393325806,24.9399833679,C,巷弄長照站
財團法人天下為公社會福利慈善事業基金會-雙溪新基據點(社照C),BD0200040,BD,新北市,雙溪區,新北市雙溪區新基里016鄰新基西街19號,121.8653793335,25.0375728607,B,喘息服務
財團法人天下為公社會福利慈善事業基金會附設新北市私立南丁格爾住宿長照機構,3J0200001,3,新北市,汐止區,新北市汐止區大同路三段421號1樓及425號2樓,121.677772522,25.0716876984,B,喘息服務
財團法人天下為公社會福利慈善事業基金會附設新北市私立天下為公居家式服務類長期照顧服務機構,1S0200001,1,新北市,汐止區,新北市汐止區保安里大同路三段423號1樓,121.677482605,25.0716438293,A,個案管理服務
財團法人天下為公社會福利慈善事業基金會附設新北市私立天下為公居家式服務類長期照顧服務機構,1S0200001,1,新北市,汐止區,新北市汐止區保安里大同路三段423號1樓,121.677482605,25.0716438293,B,喘息服務;營養餐飲服務;居家服務
財團法人天下為公社會福利慈善事業基金會附設新北市私立萬里社區長照機構,2S0200039,2,新北市,萬里區,新北市萬里區瑪鋉路123號6樓,121.6891860962,25.1782474518,B,喘息服務;日間照顧服務
財團法人天下為公社會福利慈善事業基金會附設新北市私立雙溪社區長照機構,2S0200036,2,新北市,雙溪區,新北市雙溪區新基里新基西街19號1、2樓,121.8653793335,25.0375728607,B,日間照顧服務;喘息服務
財團法人天主教主顧修女會(社照C),BD0200069,BD,新北市,泰山區,新北市泰山區泰友里新生路4號2樓,121.428237915,25.0448722839,C,巷弄長照站
財團法人天主教主顧修女會附設新北市私立泰山奇蹟之家綜合長照機構,1S0200012,4,新北市,泰山區,新北市泰山區泰友里新生路4號,121.428237915,25.0448722839,A,個案管理服務
財團法人天主教主顧修女會附設新北市私立泰山奇蹟之家綜合長照機構,1S0200012,4,新北市,泰山區,新北市泰山區泰友里新生路4號,121.428237915,25.0448722839,B,營養餐飲服務;日間照顧服務;喘息服務;居家服務
財團法人天主教失智老人社會福利基金會附設新北市私立聖若瑟居家長照機構,1S0200016,1,新北市,永和區,新北市永和區中正路354號3樓,121.5177688599,25.0007152557,A,個案管理服務
財團法人天主教失智老人社會福利基金會附設新北市私立聖若瑟居家長照機構,1S0200016,1,新北市,永和區,新北市永和區中正路354號3樓,121.5177688599,25.0007152557,B,喘息服務;居家服務
財團法人弘道老人福利基金會附設新北市私立弘道居家式服務類長期照顧服務機構,1S0200007,1,新北市,新莊區,新北市新莊區思源里思源路38號,121.4602279663,25.0426292419,A,個案管理服務
財團法人弘道老人福利基金會附設新北市私立弘道居家式服務類長期照顧服務機構,1S0200007,1,新北市,新莊區,新北市新莊區思源里思源路38號,121.4602279663,25.0426292419,B,喘息服務;居家服務
財團法人弘道老人福利基金會附設新北市私立金山老拾光社區長照機構,2S0200035,2,新北市,金山區,新北市金山區民生路59號4樓,121.6411361694,25.2204380035,B,日間照顧服務;喘息服務
財團法人志浩慈善基金會(社照C),BD0200055,BD,新北市,三重區,新北市三重區中興里重新路五段609巷10號2樓-2,121.4685058594,25.0459003448,C,巷弄長照站
財團法人恆安社會福利慈善事業基金會附設新北市私立大同老人長期照顧中心(養護型),A10200301,A1,新北市,汐止區,新北市汐止區大同路三段425號,121.6777420044,25.071680069,B,喘息服務
財團法人恆安社會福利慈善事業基金會附設新北市私立恆安住宿長照機構,3S0200001,3,新北市,中和區,新北市中和區立德街200巷12號2至6樓,121.4853210449,25.0097007751,B,喘息服務
財團法人恆安社會福利慈善事業基金會附設新北市私立恆安居家長照機構,1S0200017,1,新北市,板橋區,新北市板橋區民生路一段57、59號12樓,121.4752197266,25.0131855011,A,個案管理服務
財團法人恆安社會福利慈善事業基金會附設新北市私立恆安居家長照機構,1S0200017,1,新北市,板橋區,新北市板橋區民生路一段57、59號12樓,121.4752197266,25.0131855011,B,營養餐飲服務;居家服務;喘息服務
財團法人新光保全關懷社會福利基金會附設新北市私立枋橋社區長照機構,2S0200037,2,新北市,板橋區,新北市板橋區文化路一段120號2樓,121.465057373,25.0185012817,B,日間照顧服務;喘息服務
財團法人新北市中華基督教長老會國語禮拜堂(社照C),BF0200302,BF,新北市,新店區,新北市新店區德安里2鄰安康路2段234巷1號1樓,121.5092010498,24.959564209,C,巷弄長照站
財團法人新北市中華基督教青潭浸信會(社照C),BF0200170,BF,新北市,新店區,新北市新店區美潭里北宜路二段267巷2號1樓,121.5546188354,24.9538784027,C,巷弄長照站
財團法人新北市台北基督徒環西禮拜堂(社照C),BF0200307,BF,新北市,永和區,新北市永和區保順里環河西路二段235號B1,121.5008773804,25.0098724365,C,巷弄長照站
財團法人新北市台灣基督長老教會幸福教會(社照C),BD0200058,BD,新北市,新莊區,新北市新莊區仁義里福樂街74號2樓,121.4578323364,25.0467395782,C,巷弄長照站
財團法人新北市基督徒蘆洲禮拜堂(社照C),BD0200037,BD,新北市,蘆洲區,新北市蘆洲區仁德里三民路26巷71弄2號B1,121.4785690308,25.0834770203,C,巷弄長照站
財團法人新北市基督教新希望教會(土城清水站)(社照C),BF0200165,BF,新北市,土城區,新北市土城區明德路一段240巷26弄5號,121.4604110718,24.9781894684,C,巷弄長照站
財團法人新北市基督教新希望教會(淡水大庄站)(社照C),BF0200175,BF,新北市,淡水區,新北市淡水區大庄里沙崙路181巷30號,121.4234313965,25.1848945618,C,巷弄長照站
財團法人新北市基督教新希望教會(環河站)(社照C),BD0200059,BD,新北市,永和區,"新北市永和區永成里環河西路2段9-2號1, 2樓",121.5085678101,25.016412735,C,巷弄長照站
財團法人新北市大樹社會福利基金會(林口仁愛托老中心)(社照C),BF0200284,BF,新北市,林口區,新北市林口區仁愛里文化一路一段137號1樓,121.3739089966,25.0719661713,C,巷弄長照站
財團法人新北市大樹社會福利基金會附設新北市私立林口仁愛綜合長照機構,4S0200003,4,新北市,林口區,新北市林口區仁愛里文化一路一段137號1樓,121.3738327026,25.0719070435,B,喘息服務;日間照顧服務;居家服務
財團法人新北市新莊基督教後港主恩教會(社照C),BD0200060,BD,新北市,新莊區,新北市新莊區成德里八德街113巷3號、5號,121.4244003296,25.0208301544,C,巷弄長照站
財團法人新北市私立新希望基金會(社照C),BD0200020,BD,新北市,新店區,新北市新店區福民里三民路151號,121.5335693359,24.9732055664,C,巷弄長照站
財團法人新北市私立雙連社會福利慈善事業基金會-頭前站(社照C),BE0200019,BE,新北市,新莊區,新北市新莊區思賢里昌平里長青街30號3樓,121.4565582275,25.0422515869,C,巷弄長照站
財團法人新北市私立雙連社會福利慈善事業基金會附設新北市新莊昌平社區長照機構,2S0200021,2,新北市,新莊區,新北市新莊區昌平里中央路51號2樓,121.4569778442,25.0585861206,B,營養餐飲服務;日間照顧服務;喘息服務
財團法人新北市私立雙連社會福利慈善事業基金會附設新北市新莊頭前社區長照機構,2S0200022,2,新北市,新莊區,新北市新莊區思賢里長青街30號1至3樓,121.4565429688,25.0423221588,B,日間照顧服務;喘息服務
財團法人新北市私立雙連社會福利慈善事業基金會附設新北市新莊頭前社區長照機構-新莊思賢據點(社照C),2S0200042,2,新北市,新莊區,新北市新莊區思賢里長青街30號3樓,121.4565429688,25.0423221588,B,喘息服務
財團法人新北市私立雙連社會福利慈善事業基金會附設新北市私立雙連居家長照機構,1S0200006,1,新北市,新莊區,新北市新莊區昌平里中央路51號3樓,121.4569778442,25.0585861206,A,個案管理服務
財團法人新北市私立雙連社會福利慈善事業基金會附設新北市私立雙連居家長照機構,1S0200006,1,新北市,新莊區,新北市新莊區昌平里中央路51號3樓,121.4569778442,25.0585861206,B,喘息服務;營養餐飲服務;居家服務
財團法人新北市私立馨園老人養護中心,A10200362,A1,新北市,萬里區,新北市萬里區磺潭里公舘崙23之1號,121.6274032593,25.2062263489,B,喘息服務
財團法人新北市精睿照護教育基金會,BF0200293,BF,新北市,板橋區,新北市板橋區忠誠里文化路一段309號1樓,121.464630127,25.0195178986,C,巷弄長照站
財團法人新北市自強基督教板橋浸禮聖經會(社照C),BD0200061,BD,新北市,板橋區,新北市板橋區自強里大智街13號,121.4557418823,25.0148181915,C,巷弄長照站
財團法人新北市金包里慈護宮(社照C),BF0200100,BF,新北市,金山區,新北市金山區和平里金包里街1-1號,121.6401367188,25.2205047607,C,巷弄長照站
財團法人新北市雙連社會福利慈善事業基金會新北市私立新莊昌平社區長照機構(新莊昌平公共托老中心)(社照C),BD0200050,BD,新北市,新莊區,新北市新莊區中央路51號,121.4569778442,25.0585861206,C,巷弄長照站
財團法人明倫社會福利慈善事業基金會附設新北市私立明倫社區長照機構,2R0200028,2,新北市,板橋區,新北市板橋區浮洲里合安一路27號1樓,121.4566040039,25.0123500824,B,日間照顧服務
財團法人私立廣恩老人養護中心,A10200361,A1,新北市,新店區,新北市新店區員潭里員潭里北宜路2段579巷45號,121.809135437,25.1075363159,A,個案管理服務
財團法人私立廣恩老人養護中心,A10200361,A1,新北市,新店區,新北市新店區員潭里員潭里北宜路2段579巷45號,121.809135437,25.1075363159,B,居家服務;喘息服務
財團法人私立廣恩老人養護中心附設新北市私立五股獅子頭社區長照機構,2S0200034,2,新北市,五股區,新北市五股區集福里孝義路30號,121.4526596069,25.1077404022,B,小規模多機能服務;喘息服務
財團法人私立廣恩老人養護中心附設新北市私立土城頂埔社區長照機構,2S0200030,2,新北市,土城區,新北市土城區中央路四段271巷12號,121.4147644043,24.9538173676,B,日間照顧服務;喘息服務
財團法人私立廣恩老人養護中心附設新北市私立土城頂埔社區長照機構,2S0200030,2,新北市,土城區,新北市土城區中央路四段271巷12號,121.4147644043,24.9538173676,C,巷弄長照站
財團法人私立廣恩老人養護中心附設新北市私立新店馬公社區長照機構,2S0200040,2,新北市,新店區,新北市新店區北新路一段88巷11號1至3樓,121.5430145264,24.9672756195,B,喘息服務;日間照顧服務
財團法人私立廣恩老人養護中心附設新北市私立新莊新樹社區長照機構,2S0200026,2,新北市,新莊區,新北市新莊區西盛里新樹路222號4樓、5樓,121.4336547852,25.0201797485,B,日間照顧服務;喘息服務
財團法人私立廣恩老人養護中心附設新北市私立瑞芳明燈社區長照機構,2S0200018,2,新北市,瑞芳區,新北市瑞芳區龍興里明燈路三段2號2樓,121.8088989258,25.1077709198,B,喘息服務;社區式交通接送服務(BD03);小規模多機能服務
財團法人私立廣恩老人養護中心附設新北市私立瑞芳明燈社區長照機構,2S0200018,2,新北市,瑞芳區,新北市瑞芳區龍興里明燈路三段2號2樓,121.8088989258,25.1077709198,C,巷弄長照站
財團法人老五老基金會新北市石碇楓子林公共托老中心(社照C),BD0200063,BD,新北市,石碇區,新北市石碇區楓子林32-1號3樓,121.6423110962,25.0101356506,C,巷弄長照站
財團法人老五老基金會附設新北市私立石碇楓子林社區長照機構(石碇楓子林公共托老中心),2S0200027,2,新北市,石碇區,新北市石碇區豐林里楓子林32-1號2-3樓,121.6423110962,25.0101356506,B,喘息服務;日間照顧服務
財團法人老五老基金會附設新北市私立老五老居家式服務類長期照顧服務機構,1S0200005,1,新北市,汐止區,新北市汐止區新昌里忠孝東路286號2樓,121.661857605,25.0745601654,A,個案管理服務
財團法人老五老基金會附設新北市私立老五老居家式服務類長期照顧服務機構,1S0200005,1,新北市,汐止區,新北市汐止區新昌里忠孝東路286號2樓,121.661857605,25.0745601654,B,喘息服務;居家服務
財團法人豐榮護理之家,A30200019,A3,新北市,新店區,新北市新店區安德街60巷26、28、30號及26號2樓、3樓、3樓之1,121.5114059448,24.9634552002,B,喘息服務
財團法人錸德文教基金會附設新北市私立永和錸工場社區長照機構,2S0200009,2,新北市,永和區,新北市永和區永和路二段116號3樓,121.5149459839,25.0129718781,B,日間照顧服務;喘息服務
賀康居家有限公司附設新北市私立賀康居家長照機構,1R0200047,1,新北市,永和區,新北市永和區保福路三段1之3號,121.5127410889,25.0079174042,A,個案管理服務
賀康居家有限公司附設新北市私立賀康居家長照機構,1R0200047,1,新北市,永和區,新北市永和區保福路三段1之3號,121.5127410889,25.0079174042,B,專業照護服務;居家服務;喘息服務
賀芯居家有限公司附設新北市私立賀芯居家長照機構,1R0200081,1,新北市,五股區,新北市五股區新城六路251號1樓(含夾層),121.4478530884,25.0933113098,B,喘息服務;居家服務
資深國明股份有限公司附設新北市私立國明居家長照機構,1V0200083,1,新北市,新莊區,新北市新莊區中華路二段7號5樓(YS-5401室),121.4706192017,25.0144271851,B,喘息服務;居家服務
躍旭居家物理治療所,B40200035,B4,新北市,三芝區,新北市三芝區淡金路二段67號4樓之1,121.5042266846,25.2601070404,B,專業照護服務;專業照護服務(CC01)
輔仁大學學校財團法人輔仁大學附設醫院,B20200248,B2,新北市,泰山區,新北市泰山區貴子路69號,121.4308013916,25.0396766663,A,個案管理服務
輔仁大學學校財團法人輔仁大學附設醫院,B20200248,B2,新北市,泰山區,新北市泰山區貴子路69號,121.4308013916,25.0396766663,B,專業照護服務;居家失能個案家庭醫師照護服務
輔仁大學學校財團法人輔仁大學附設醫院附設居家護理所,B10200059,B1,新北市,泰山區,新北市泰山區貴子路69號6樓,121.4310150146,25.0400562286,B,專業照護服務
逐夢國際生活健康事業有限公司附設新北市私立金幸福居家長照機構,1R0200098,1,新北市,三峽區,新北市三峽區中華路121號1樓,121.3712463379,24.9278964996,B,居家服務;喘息服務
連網健康科技股份有限公司附設新北市私立八八居家長照機構,1V0200055,1,新北市,新店區,新北市新店區寶慶街39號1樓,121.5275192261,24.9737796783,B,喘息服務;居家服務
逸居股份有限公司附設新北市私立幸福時光居家長照機構,1R0200015,1,新北市,三重區,新北市三重區重明里捷運路19巷13號,121.4850463867,25.057050705,B,居家服務;喘息服務
達心居家護理所,B10200103,B1,新北市,三重區,新北市三重區重陽路二段52巷83弄3號2樓,121.4843521118,25.0656356812,B,專業照護服務
達特窩可事業有限公司附設新北市私立賴夫居家長照機構,1V0200041,1,新北市,新莊區,新北市新莊區思源里自立街250號2樓,121.4588851929,25.0454883575,B,喘息服務;專業照護服務;居家服務
達特窩可居家物理治療所,B40200005,B4,新北市,三峽區,新北市三峽區介壽路一段276巷108弄1號,121.3798751831,24.9277610779,B,專業照護服務;專業照護服務(CC01)
遠東護理之家,A30200002,A3,新北市,新店區,新北市新店區民權路129號2樓、131號2樓、133號2樓及129號4床,121.5352325439,24.9826316833,B,喘息服務
邦鄰居家服務有限公司附設新北市私立邦鄰居家長照機構,1R0200059,1,新北市,中和區,新北市中和區健康路89號3樓,121.4879379272,25.0002422333,B,居家服務;喘息服務
鄭骨科耳鼻喉科診所,B20200013,B2,新北市,新莊區,新北市新莊區中港路263號,121.453666687,25.0434093475,B,專業照護服務;居家失能個案家庭醫師照護服務
醫療財團法人徐元智先生醫藥基金會亞東紀念醫院,B20200003,B2,新北市,板橋區,新北市板橋區華東里南雅南路二段21號及高爾富路300號,121.4527740479,24.9972648621,A,個案管理服務
醫療財團法人徐元智先生醫藥基金會亞東紀念醫院(醫事C),B20200043,B2,新北市,板橋區,新北市板橋區華東里南雅南路二段118號1樓,121.4530563354,25.0002307892,C,巷弄長照站
醫療財團法人徐元智先生醫藥基金會附設亞東居家護理所,B10200006,B1,新北市,板橋區,新北市板橋區華東里南雅南路二段21號,121.4527740479,24.9972648621,B,專業照護服務
醫療財團法人徐元智先生醫藥基金會附設新北市私立亞東居家長照機構,1S0200015,1,新北市,板橋區,新北市板橋區南雅南路二段144巷6號2樓,121.4512252808,24.9961032867,B,居家服務;喘息服務
金包里社區發展協會(社照C),BF0200032,BF,新北市,金山區,新北市金山區大同里9鄰溫泉路2巷9號,121.6380767822,25.2220020294,C,巷弄長照站
金大心股份有限公司附設新北市私立金大心居家長照機構,1V0200005,1,新北市,新莊區,新北市新莊區西盛里新樹路515之36號1至4樓,121.4328308105,25.0109882355,A,個案管理服務
金大心股份有限公司附設新北市私立金大心居家長照機構,1V0200005,1,新北市,新莊區,新北市新莊區西盛里新樹路515之36號1至4樓,121.4328308105,25.0109882355,B,喘息服務;專業照護服務;居家服務
金大心股份有限公司附設新北市私立金大心居家長照機構,1V0200005,1,新北市,新莊區,新北市新莊區西盛里新樹路515之36號1至4樓,121.4328308105,25.0109882355,C,巷弄長照站
金大心股份有限公司附設新北市私立金大心居家長照機構-新莊西盛據點(醫事C),1V0200035,1,新北市,新莊區,新北市新莊區西盛里新樹路515之36號1樓,121.4328308105,25.0109882355,B,喘息服務
金大心股份有限公司附設新北市私立金大心居家長照機構-永和智光據點(醫事C),1V0200135,1,新北市,永和區,新北市永和區智光里民享街1巷12號1號,121.5151672363,24.9961128235,B,喘息服務
金大心股份有限公司附設新北市私立金大心綜合長照機構,4R0200001,4,新北市,樹林區,新北市樹林區東昇里大安路577號1至2樓,121.4120101929,24.9834747314,B,居家服務;專業照護服務;日間照顧服務;喘息服務
鈺心股份有限公司附設新北市私立蘆洲集賢社區長照機構,2R0200016,2,新北市,蘆洲區,新北市蘆洲區集賢路245號3樓,121.4816207886,25.0848293304,B,日間照顧服務;喘息服務
銳辛居家護理所,B10200107,B1,新北市,土城區,新北市土城區金城路三段26號1樓,121.4653320312,24.9862556458,B,專業照護服務
鐵牛居家職能治療所,B50200011,B5,新北市,三峽區,新北市三峽區中山路127號11樓之5,121.3653564453,24.93592453,B,專業照護服務(CC01);專業照護服務
鑫福居家物理治療所,B40200026,B4,新北市,新莊區,新北市新莊區龍鳳里001鄰中正路新旺巷11號2樓,121.4595565796,25.0495548248,B,專業照護服務(CC01);專業照護服務
長安骨科診所(醫事C),B20200077,B2,新北市,蘆洲區,新北市蘆洲區永康里長安街277號2樓,121.458366394,25.0841674805,C,巷弄長照站
長樂健康事業有限公司附設新北市私立三峽長樂社區長照機構,2R0200025,2,新北市,三峽區,新北市三峽區龍學里大觀路9號2樓,121.3754806519,24.9439716339,B,日間照顧服務;喘息服務
長樂健康事業有限公司附設新北市私立長樂居家長照機構,1R0200034,1,新北市,樹林區,新北市樹林區大有路63號1樓,121.3837051392,24.9481868744,A,個案管理服務
長樂健康事業有限公司附設新北市私立長樂居家長照機構,1R0200034,1,新北市,樹林區,新北市樹林區大有路63號1樓,121.3837051392,24.9481868744,B,居家服務;專業照護服務;喘息服務
長樂健康事業有限公司附設新北市私立長樂居家長照機構-樹林南園據點(醫事C),1V0200138,1,新北市,樹林區,新北市樹林區南園里大有路63號1樓,121.3837051392,24.9481868744,B,喘息服務
長耘股份有限公司附設新北市私立協樂居家長照機構,1V0200110,1,新北市,新莊區,新北市新莊區思源路601號13樓A7,121.4595718384,25.0602169037,B,居家服務;喘息服務
陳敏玲內科診所,B20200067,B2,新北市,板橋區,新北市板橋區溪崑二街97號,121.4269866943,24.9891548157,B,居家失能個案家庭醫師照護服務
陽光藥師藥局,B30200027,B3,新北市,三重區,新北市三重區三和路二段182號1樓,121.4987258911,25.0688610077,B,專業照護服務
雙寶醫療器材有限公司,BB0200008,BB,新北市,三峽區,新北市三峽區復興路485號1樓,121.3613433838,24.9383716583,B,輔具及居家無障礙環境服務
霖口居家語言治療所,B70200008,B7,新北市,林口區,新北市林口區仁愛路2段62巷26號3樓,121.3530883789,25.1193313599,B,專業照護服務;專業照護服務(CC01)
青悠事業有限公司附設新北市私立青悠居家長照機構,1V0200084,1,新北市,泰山區,新北市泰山區明志路三段145巷8弄2號1樓,121.4257125854,25.0396366119,B,居家服務;喘息服務
青華家鏈照股份有限公司附設新北市私立青華樂活居家長照機構,1V0200080,1,新北市,永和區,新北市永和區永和路二段233號5樓508室,121.5154647827,25.0141735077,B,居家服務;喘息服務
靜新居家護理所,B10200108,B1,新北市,林口區,新北市林口區文化二路一段390號5樓517室,121.3751754761,25.0771617889,B,專業照護服務
頂埔中心診所,B20200068,B2,新北市,土城區,新北市土城區中央路四段286號,121.4143066406,24.9564285278,B,居家失能個案家庭醫師照護服務
順享有限公司附設新北市私立順享居家長照機構,1R0200055,1,新北市,三重區,新北市三重區三寧街31號1樓,121.4903335571,25.0599193573,B,居家服務;喘息服務
順康醫療器材有限公司三峽分公司,BB0200005,BB,新北市,三峽區,新北市三峽區中山路238巷9號,121.3626098633,24.9379043579,B,輔具及居家無障礙環境服務
順心居家長照有限公司附設新北市私立順心居家長照機構,1R0200045,1,新北市,板橋區,新北市板橋區和平路安樂巷53號1樓,121.4623641968,24.9931755066,B,喘息服務;居家服務
顏鴻仁家庭醫學科診所,B20200172,B2,新北市,蘆洲區,新北市蘆洲區民族路127號1號,121.4797286987,25.0872402191,B,居家失能個案家庭醫師照護服務
顧佳居家長照事業附設新北市私立顧佳居家長照機構,1V0200039,1,新北市,淡水區,新北市淡水區新民里新民街120巷21號2樓,121.4382553101,25.1781387329,B,喘息服務;居家服務
顧佳股份有限公司附設新北市私立顧好佳居家長照機構,1R0200039,1,新北市,三重區,新北市三重區溪美里仁政街82號2樓,121.4925918579,25.0775909424,B,喘息服務;居家服務
首席國際開發有限公司,BB0200011,BB,新北市,樹林區,新北市樹林區大安路526號2樓,121.4131164551,24.9862651825,B,輔具及居家無障礙環境服務
駿德租賃有限公司,BA0200001,BA,新北市,土城區,新北市土城區福仁街60巷1號,121.4393920898,24.9746723175,B,交通接送服務
駿騰物理治療所,B40200032,B4,新北市,土城區,新北市土城區青雲路352之1號1樓,121.458442688,24.9744186401,B,專業照護服務(CC01);專業照護服務
鴻基居家物理治療所,B40200029,B4,新北市,汐止區,新北市汐止區福德一路201巷17弄,121.636138916,25.0650348663,B,專業照護服務;專業照護服務(CC01)
鴻昇診所,B20200202,B2,新北市,蘆洲區,新北市蘆洲區中原路51號,121.4592208862,25.0822372437,B,居家失能個案家庭醫師照護服務
鴻欣護理之家,A30200014,A3,新北市,三峽區,新北市三峽區三樹路168巷48號,121.3798828125,24.9403152466,B,喘息服務
黃志勳診所,B20200198,B2,新北市,五股區,新北市五股區成泰路二段69號1樓,121.4379577637,25.0837211609,B,居家失能個案家庭醫師照護服務
齡活股份有限公司附設新北市私立齡活居家長照機構,1X0200044,1,新北市,板橋區,新北市板橋區香社里海山路19號1樓(103室),121.454208374,25.0201644897,A,個案管理服務
齡活股份有限公司附設新北市私立齡活居家長照機構,1X0200044,1,新北市,板橋區,新北市板橋區香社里海山路19號1樓(103室),121.454208374,25.0201644897,B,居家服務;專業照護服務;喘息服務
齡活股份有限公司附設新北市私立齡活居家長照機構,1X0200044,1,新北市,板橋區,新北市板橋區香社里海山路19號1樓(103室),121.454208374,25.0201644897,C,巷弄長照站
齡活股份有限公司附設新北市私立齡活居家長照機構-中和正行據點(醫事C),1V0200136,1,新北市,中和區,新北市中和區正行里013鄰中正路158號1樓,121.4986495972,24.9939079285,B,喘息服務
齡活股份有限公司附設新北市私立齡活居家長照機構-板橋深丘據點(醫事C),1V0200137,1,新北市,板橋區,新北市板橋區深丘里011鄰海山路19號1樓,121.454208374,25.0201644897,B,喘息服務
齡活長照股份有限公司附設新北市私立府中社區長照機構,2R0200019,2,新北市,板橋區,新北市板橋區館前東路13號4樓之一,121.4599533081,25.0072650909,B,喘息服務;日間照顧服務
龍騰長期照護有限公司附設新北市私立童馨園居家長照機構,1V0200016,1,新北市,板橋區,新北市板橋區東門街32號3樓,121.4571380615,25.0069179535,A,個案管理服務
龍騰長期照護有限公司附設新北市私立童馨園居家長照機構,1V0200016,1,新北市,板橋區,新北市板橋區東門街32號3樓,121.4571380615,25.0069179535,B,專業照護服務;居家服務;喘息服務
