場所名稱,場所地址,區域代碼,緯度,經度,場所分類,場所類型,AED放置地點
國立臺灣師範大學校本部(和平東路1段162號) ,和平東路1段162號,63000030,25.02603,121.528283,學校、大型集會場所,大專院校,校本部體育館2樓
國立故宮博物院,至善路2段221號,63000110,25.10235,121.548432,大型休閒場所,博物館,國立故宮博物院研究大樓1樓大廳
國立故宮博物院,至善路2段221號,63000110,25.10235,121.548432,大型休閒場所,博物館,地下一樓醫務室醫務室
中國文化大學 大恩館,華岡路55號,63000110,25.136543,121.538749,學校、大型集會場所,大專院校,大孝館(體育館)
福容大飯店股份有限公司台北分公司,建國南路一段266號,63000030,25.036628,121.53721,其他,其他場所,一樓大廳櫃檯前方
新光三越百貨（股）公司台北南西分公司,南京西路12號1樓服務台,63000040,25.052266,121.521052,大型購物場所,百貨業,1樓服務台
市府轉運站,忠孝東路五段六號,63000020,25.040914,121.565136,交通要衝,轉運站,售票大廳
統一百華股份有限公司(統一時代百貨公司台北店),忠孝東路5段8號,63000020,25.040587,121.565888,大型購物場所,百貨業,一樓服務台
交通部民用航空局臺北國際航空站(松山機場),敦化北路340-9號,63000010,25.06369,121.552742,交通要衝,機場,國際線2樓內候機室(東)
財團法人臺灣敦睦聯誼會所屬作業組織圓山大飯店,中山北路4段1巷1號,63000040,25.078611,121.526287,旅宿場所,旅館,聯誼會游泳池
國立臺灣大學(校總區),羅斯福路4段1號,63000030,25.016323,121.534463,學校、大型集會場所,大專院校,管理研教館
國立臺灣大學(醫學校區),仁愛路1段1號,63000050,25.040772,121.520655,學校、大型集會場所,大專院校,醫學體育館
國立臺灣大學(醫學校區),仁愛路1段1號,63000050,25.040772,121.520655,學校、大型集會場所,大專院校,醫學基醫大樓
國立臺灣大學(醫學校區),仁愛路1段1號,63000050,25.040772,121.520655,學校、大型集會場所,大專院校,醫學國際會議中心
新光三越百貨(股)公司台北南西分公司三館,南京西路15號4樓,63000040,25.052708,121.520607,大型購物場所,百貨業,4F顧客服務中心
中國文化大學推廣教育部 大新館,延平南路127號一樓,63000050,25.038274,121.50869,學校、大型集會場所,大專院校,大新館一樓
國立臺北護理健康大學,明德路365號,63000120,25.117539,121.520679,學校、大型集會場所,大專院校,科技大樓一樓健康中心對面
中國文化大學推廣教育部 大夏館,建國南路2段231號1樓,63000030,25.026078,121.538016,學校、大型集會場所,大專院校,六樓電梯口處
臺北市南港運動中心,玉成街69號,63000090,25.048938,121.58184,學校、大型集會場所,健身中心,二樓健身入口處
台北凱撒大飯店,忠孝西路1段38號,63000050,25.046259,121.516422,旅宿場所,飯店,飯店大廳
臺北表演藝術中心,劍潭路1號,63000110,25.0846148,121.5241572,大型休閒場所,演藝廳,10樓辦公區
松山文創園區,光復南路133號,63000020,25.044363,121.559901,觀光旅遊地區,文化園區,育嬰室
松山文創園區,光復南路133號,63000020,25.044363,121.559901,觀光旅遊地區,文化園區,二號倉庫旁
交通部民用航空局臺北國際航空站(松山機場),敦化北路340-9號,63000010,25.06369,121.552742,交通要衝,機場,國際線3樓環亞貴賓室
中租控股股份有限公司,瑞光路362號,63000100,25.077252,121.572369,其他,其他場所,公司咖啡廳門口
臺灣當代文化實驗場,建國南路一段177號,63000030,25.038984,121.538886,其他,其他場所,圖書館大門旁
寒居酒店,松江路116號,63000040,25.0518068,121.5325824,旅宿場所,飯店,健身中心
寒居酒店,松江路116號,63000040,25.0518068,121.5325824,旅宿場所,飯店,飯店大廳
潤泰旭展股份有限公司(CITYLINK南港店),忠孝東路七段369號,63000090,25.05267019,121.6072083,大型購物場所,商場,A棟7F
臺北表演藝術中心,劍潭路1號,63000110,25.0846148,121.5241572,大型休閒場所,演藝廳,5F 大劇院門口
統一百華股份有限公司(統一時代百貨公司台北店),忠孝東路5段8號,63000020,25.040587,121.565888,大型購物場所,百貨業,7樓
日勝生加賀屋國際溫泉飯店,光明路236號,63000120,25.135921,121.50689,大型公眾浴場或溫泉區,溫泉區,2樓手扶梯上來右側
臺北表演藝術中心,劍潭路1號,63000110,25.0846148,121.5241572,大型休閒場所,演藝廳,1F大廳 服務台旁
松山文創園區,光復南路133號,63000020,25.044363,121.559901,觀光旅遊地區,文化園區,北二門
臺北表演藝術中心,劍潭路1號,63000110,25.0846148,121.5241572,大型休閒場所,演藝廳,7樓後場
臺北表演藝術中心,劍潭路1號,63000110,25.0846148,121.5241572,大型休閒場所,演藝廳,本館4樓藍盒子劇場
臺北表演藝術中心,劍潭路1號,63000110,25.0846148,121.5241572,大型休閒場所,演藝廳,2樓大廳
臺北市立信義幼兒園,基隆路一段364巷24號,63000020,25.0349859,121.559024,其他,其他場所,台北市信義區基隆路一段364巷24號
台北世貿中心展覽大樓,信義路5段5號,63000020,25.03317,121.562245,其他,其他場所,世貿中心展覽大樓南大門哺乳室旁
台北世貿中心展覽大樓,信義路5段5號,63000020,25.03317,121.562245,其他,其他場所,世貿中心展覽大樓西大門郵局旁
台北世貿中心展覽大樓,信義路5段5號,63000020,25.03317,121.562245,其他,其他場所,世貿中心展覽大樓二樓貴賓室旁
台北世貿中心展覽大樓,信義路5段5號,63000020,25.03317,121.562245,其他,其他場所,展覽大樓5樓D區21室前
外貿協會台北國際會議中心,信義路5段1號,63000020,25.03369,121.561022,大型休閒場所,演藝廳,1樓大廳服務台
台北世界貿易中心國際貿易大樓,基隆路1段333號,63000020,25.034417,121.560814,其他,其他場所,一樓大廳服務台
臺北農產運銷股份有限公司,民族東路336號,63000040,25.067471,121.537218,其他,其他場所,中控室旁
臺北農產運銷股份有限公司(第一果菜批發市場),萬大路533號,63000070,25.016648,121.496902,其他,其他場所,前大門一樓業管組辦公室
Curves女性專用30分鐘健身中心捷運中山店,承德路一段77-1號2樓,63000060,25.052264,121.517719,學校、大型集會場所,健身房,店內
香港商世界健身事業有限公司西門分公司,西寧南路36號B1,63000070,25.045226,121.506498,學校、大型集會場所,健身房,會員休息區
香港商世界健身事業有限公司台北分公司,忠孝西路1段50號地下二樓,63000050,25.04630432,121.515823,學校、大型集會場所,健身房,忠孝西路店客服櫃台前方
信義房屋股份有限公司,信義路五段100號1樓,63000020,25.032515,121.565783,其他,其他場所,1樓
大潤發流通事業股份有限公司南湖分公司,舊宗路1段188號,63000100,25.062902,121.575896,大型購物場所,賣場,賣場的入口直走進來的正前方
香港商世界健身事業有限公司內湖分公司,康寧路3段72號6樓,63000100,25.070238,121.611276,學校、大型集會場所,健身房,內湖店6樓心肺區
潤泰創新國際股份有限公司中崙分公司,八德路二段306號地下三樓,63000040,25.046873,121.542555,大型購物場所,商場,B2賣場出口
洛碁大飯店南港館,忠孝東路七段528號,63000090,25.0523268,121.6115069,旅宿場所,旅館,本館大廳座位區
洛碁大飯店南京館,南京東路三段8號,63000040,25.0517484,121.5373432,旅宿場所,旅館,本館大廳座位區
京庚健康世界股份有限公司民生分公司,民生東路3段156號地下1樓,63000010,25.057461,121.547572,學校、大型集會場所,健身房,地下1樓入口左側
教育部,中山南路5號,63000050,25.04275,121.519083,其他,其他場所,大廳右側
台北花園大酒店股份有限公司,中華路二段1號,63000050,25.03645563,121.5068646,旅宿場所,飯店,本館大廳
臺北市政府環境保護局山豬窟游泳池館,舊莊街一段290巷32號,63000090,25.032825,121.624634,學校、大型集會場所,健身房,一樓大廳
臺北市至善老人安養護中心,仰德大道二段二巷50號,63000110,25.101951,121.543237,其他,其他場所,中心大廳
博嘉運動公園,木柵路4段159巷16號,63000080,25.000284,121.575257,學校、大型集會場所,健身中心,B1泳池櫃檯
TutorABC  麥奇數位股份有限公司,和平西路一段3號2樓,63000050,25.0271784,121.5219939,其他,其他場所,2樓辦公室內
臺北市士林區士東國民小學,中山北路六段392號,63000110,25.112934,121.526814,其他,其他場所,士東國小健康中心
Curves女性專用30分鐘健身中心台大公館店,羅斯福路4段64號4樓,63000050,25.014576,121.53419,學校、大型集會場所,健身房,櫃檯後方
臺北南港展覽館1館,經貿二路1號,63000090,25.056902,121.618175,其他,其他場所,1樓大廳
臺北南港展覽館1館,經貿二路1號,63000090,25.056902,121.618175,其他,其他場所,4樓服務台
大潤發流通事業股份有限公司南湖分公司,舊宗路1段188號,63000100,25.062902,121.575896,大型購物場所,賣場,3F未購物出口(食品入口)對面柱子上
西門就業服務站,峨嵋街81號,63000070,25.044067,121.505259,其他,其他場所,西門就業服務站
統一大樓管理委員會,東興路8號,63000010,25.050314,121.565037,其他,其他場所,10樓梯廳
台北海洋科技大學,延平北路9段212號,63000110,25.108098,121.471255,學校、大型集會場所,大專院校,台北海洋技術學院士林校區樂群樓101教室旁
國立政治大學附設實驗國民小學,指南路三段12號,63000080,24.984837,121.57996,其他,其他場所,健康中心
慈濟內湖聯絡處環保站,成功路5段168號,63000100,25.083426,121.605294,其他,其他場所,環保站
慈濟內湖聯絡處人文館,成功路5段168號,63000100,25.083426,121.605294,其他,其他場所,人文館入口左側
悅庭牙醫診所,中山北路五段472號6樓,63000110,25.09243604,121.5281604,其他,其他場所,櫃台右側後方牆上
臺北市立大學博愛校區,愛國西路1號,63000050,25.037044,121.51333,學校、大型集會場所,大專院校,勤樸樓一樓健康促進中心門外
Curves女性專用30分鐘健身中心萬華青年公園店,青年路30巷2-3號1樓,63000070,25.025995,121.504789,學校、大型集會場所,健身房,環狀運動圈內
臺北市議會,仁愛路4段507號,63000020,25.038463,121.562251,學校、大型集會場所,議會,1樓大廳右側警衛台旁
最高法院第二辦公室寶慶院區,長沙街一段27號,63000050,25.040388,121.509748,學校、大型集會場所,法院,最高法院第二辦公室寶慶院區
國立臺灣科學教育館,士商路189號,63000110,25.095757,121.516602,大型休閒場所,博物館,本館1樓服務台旁
凱羅斯健康有限公司（練健康),南京東路三段29號B1,63000040,25.052245,121.537984,學校、大型集會場所,健身房,台北市中山區南京東路三段29號B1
國家文官學院,忠孝東路7段576號,63000090,25.052806,121.612808,其他,其他場所,教學大樓1樓服務中心前
臺北市私立復興實驗高級中學,敦化南路一段262號,63000030,25.039435,121.548432,學校、大型集會場所,高中職,學校慎思樓四樓電梯口
吸引力生活事業股份有限公司 ATT 4 FUN,松壽路12號,63000020,25.035666,121.566075,大型購物場所,百貨業,ATT 4 FUN B2F
幼華學校財團法人臺北市幼華高級中等學校,北投路二段55號,63000120,25.133393,121.49689,學校、大型集會場所,高中職,教學大樓保健室內
國立臺灣藝術教育館,南海路43號,63000050,25.032293,121.512074,大型休閒場所,美術館,南海書院1樓警衛室旁
臺灣土地銀行和平分行,和平東路三段15號,63000030,25.02483356,121.547465,其他,其他場所,1樓營業廳
鼎鼎大飯店股份有限公司(香格里拉台北遠東國際大飯店),敦化南路二段201號,63000030,25.026612,121.549282,旅宿場所,飯店,1F 客務部辦公室
美麗華大直影城,敬業三路22號6樓,63000040,25.08324,121.557863,大型休閒場所,電影片映演場所(戲院、電影院),6樓客梯左方
管家婆科技股份有限公司(禮客時尚館公館店),思源街16號1F,63000050,25.0143914,121.5307463,大型購物場所,百貨業,特賣區正對面走道上
禮客Outlet內湖一館,民善街205號1F,63000100,25.064243,121.57476,大型購物場所,商場,禮客內湖一館西雅圖旁
三軍總醫院汀州院區,汀州路三段40號,63000050,25.016476,121.529829,其他,其他場所,綜合大樓1樓門診大廳
三軍總醫院汀州院區,汀州路三段40號,63000050,25.016476,121.529829,其他,其他場所,綜合大樓2樓大廳
三軍總醫院汀州院區,汀州路三段40號,63000050,25.016476,121.529829,其他,其他場所,介壽大樓1樓大廳
大同大學,中山北路3段40號,63000040,25.06684013,121.5222096,學校、大型集會場所,大專院校,德惠宿舍
財團法人台北市松山慈祐宮,八德路4段761號,63000010,25.051054,121.577742,其他,其他場所,服務台正前方
松山慈惠堂,福德街251巷33號,63000020,25.03652,121.587484,其他,其他場所,服務台外左側
台北美國學校,11152 中山北路六段 800號,63000110,25.1164004,121.5301123,學校、大型集會場所,高中職,LS Playground Entrance
台北美國學校,11152 中山北路六段 800號,63000110,25.1164004,121.5301123,學校、大型集會場所,高中職,US Entrance Foyer
彩色人生興業股份有限公司(三二行館),中山路32號,63000120,25.137778,121.510497,大型公眾浴場或溫泉區,大型公眾浴場,二樓迎賓櫃檯旁
彩色人生興業股份有限公司(三二行館),中山路32號,63000120,25.137778,121.510497,大型公眾浴場或溫泉區,大型公眾浴場,3F VIP室
台北偶戲館,市民大道五段99號2樓,63000010,25.047712,121.561213,大型休閒場所,博物館,2樓展場大門旁
臺北市立萬芳高級中學,興隆路3段115巷1號,63000080,25.000625,121.558914,學校、大型集會場所,高中職,警衛室
臺北市文山區戶政事務所（景美辦事處） ,興隆路二段160號3樓,63000080,25.001643,121.551576,其他,其他場所,3樓戶政事務所民眾等待區
臺北市南港區公所,南港路1段360號,63000090,25.054514,121.606781,其他,其他場所,2樓服務台旁
臺北市立麗山國民中學,內湖路一段629巷42號,63000100,25.081617,121.575688,其他,其他場所,健康中心
臺北市內湖區公所,民權東路六段99號,63000100,25.069231,121.589099,其他,其他場所,1樓駐警台旁
臺北市立松山高級中學,基隆路一段156號,63000020,25.043646,121.565588,學校、大型集會場所,高中職,本校穿堂
臺北市大同區戶政事務所,昌吉街57號三樓之1,63000060,25.06606,121.515119,其他,其他場所,大門入口明顯處
臺北市大同區公所,昌吉街57號4樓,63000060,25.066061,121.515106,其他,其他場所,為民服務區(西側入口)
臺北市大同運動中心,大龍街51號,63000060,25.064769,121.516146,學校、大型集會場所,健身中心,B2泳池館救護站
臺北市松山區戶政事務所,八德路4段692號4樓,63000010,25.049907,121.57726,其他,其他場所,4樓入口處進門右側服務檯內
臺北市南港運動中心,玉成街69號,63000090,25.048938,121.58184,學校、大型集會場所,健身中心,六樓羽球場
臺北市松山區公所,八德路4段692號7樓,63000010,25.049768,121.577126,其他,其他場所,7樓電梯口
臺北市寧夏商圈發展協會,位於民生西路至南京西路間。,63000060,25.062724,121.511306,其他,其他場所,台北市寧夏夜市協會
臺北市信義運動中心,松勤街100號,63000020,25.03180456,121.5667558,學校、大型集會場所,健身中心,本館四樓
臺北市大安區戶政事務所,新生南路二段86號一樓,63000030,25.02642,121.534511,其他,其他場所,一樓志工服務台旁
臺北市中正區戶政事務所,忠孝東路一段108號7樓,63000050,25.044253,121.524689,其他,其他場所,AED放置7樓大廳門口電梯旁
臺北市中正區公所,忠孝東路一段108號8樓,63000050,25.032193,121.518325,其他,其他場所,8樓洽公大廳
臺北市大安區公所,新生南路2段86號,63000030,25.02642,121.534511,其他,其他場所,區公所8樓大廳(電梯出口)
臺北市立大安高級工業職業學校,復興南路2段52號,63000030,25.032033,121.54336,學校、大型集會場所,高中職,大安高工健康中心
國立政治大學,指南路2段64號,63000080,24.986398,121.574983,學校、大型集會場所,大專院校,體育館大門入口處
臺北市文山區公所,木柵路3段220號8.9樓,63000080,24.98964,121.570083,其他,其他場所,行政中心8樓區公所大門口入口
臺北市文山運動中心,興隆路三段222號,63000080,24.997017,121.559673,學校、大型集會場所,健身中心,三樓游泳池
臺北市立中崙高級中學,八德路四段101號,63000010,25.049505,121.562213,學校、大型集會場所,高中職,1樓川堂
台北美國學校,11152 中山北路六段 800號,63000110,25.1164004,121.5301123,學校、大型集會場所,高中職,MS Outside Entrance
台北美國學校,11152 中山北路六段 800號,63000110,25.1164004,121.5301123,學校、大型集會場所,高中職,LS Gym Back Foyer
台北美國學校,11152 中山北路六段 800號,63000110,25.1164004,121.5301123,學校、大型集會場所,高中職,Tech Cube
台北美國學校,11152 中山北路六段 800號,63000110,25.1164004,121.5301123,學校、大型集會場所,高中職,Mobile Nurse’s AED
台北美國學校,11152 中山北路六段 800號,63000110,25.1164004,121.5301123,學校、大型集會場所,高中職,US 4th Floor
台北美國學校,11152 中山北路六段 800號,63000110,25.1164004,121.5301123,學校、大型集會場所,高中職,Pool Deck
教育部體育署,朱崙街20號,63000040,25.049685,121.539728,其他,其他場所,教育部體育署
臺北市立復興高級中學,復興四路70號,63000120,25.143591,121.5018,學校、大型集會場所,高中職,校門入口右側勤學樓1樓
國立臺灣師範大學附屬高中,信義路三段143號(師大附中),63000030,25.033674,121.540411,學校、大型集會場所,高中職,中正樓穿堂
臺北市萬華運動中心,西寧南路6-1號,63000070,25.047075,121.50674,學校、大型集會場所,健身中心,B1游泳池
臺北市信義區公所,福德街86號,63000020,25.03772618,121.5819729,其他,其他場所,1樓大廳
臺北體育園區田徑場,敦化北路3號,63000010,25.049461,121.551034,大型休閒場所,運動場館(如小巨蛋),臺北田徑場行政廊道
臺北市立大安國民中學,四維路156號,63000030,25.030721,121.547793,學校、大型集會場所,國中,五育樓1樓樓梯間
臺北市立聯合醫院松德院區,松德路309號,63000020,25.030508,121.574895,其他,其他場所,松德院區第三院區一樓
臺北市立明湖國民中學,康寧路3段60號,63000100,25.07062,121.610643,其他,其他場所,健康中心內
臺北體育館羽球場,南京東路4段10號7樓,63000010,25.051292,121.552094,大型休閒場所,運動場館(如小巨蛋),7樓羽球場
臺北市北投運動中心,石牌路1段39巷100號,63000120,25.116473,121.509762,學校、大型集會場所,健身中心,一樓中控室前方
臺北市北投區公所,新市街30號4樓,63000120,25.132426,121.503,其他,其他場所,北投區公所4樓服務台旁
臺北市政府體育局體育行政樓,南京東路4段10號1樓,63000010,25.051292,121.552094,其他,其他場所,1樓電梯旁
臺北巿松山運動中心,敦化北路1號,63000010,25.048607,121.550231,學校、大型集會場所,健身中心,一樓泳池
臺北市立松山高級工農職業學校,忠孝東路5段236巷15號,63000020,25.039645,121.57203,學校、大型集會場所,高中職,松山工農警衛室
三軍總醫院,成功路二段325號,63000100,25.071562,121.593965,其他,其他場所,女醫護宿舍
臺北市立聯合醫院陽明院區,雨聲街105號,63000110,25.104846,121.531212,其他,其他場所,健檢中心入口左側櫃檯旁
臺北市花卉批發市場,新湖三路28號,63000100,25.062877,121.574525,其他,其他場所,A館管理室入口旁
臺北巿立介壽國民中學,延壽街401號,63000010,25.056421,121.55628,學校、大型集會場所,國中,校門口穿堂活動教室(二)藍廳門口前
臺北市中山區公所,松江路367號,63000040,25.064408,121.533456,其他,其他場所,臺北市中山區行政中心1樓大廳
臺北市立第一女子高級中學,重慶南路一段165號,63000050,25.038561,121.513103,學校、大型集會場所,高中職,大門口內的會客室
臺北市公有環南市場 ,環河南路二段245號,63000070,25.029942,121.489814,其他,其他場所,環南市場清潔辦公室前
臺北市士林區公所,中正路439號1樓,63000110,25.092762,121.519559,其他,其他場所,9樓洽公民眾區
臺北市公有建國市場,伊通街94號,63000040,25.053519,121.534265,其他,其他場所,公廁外
財團法人台北市私立愛愛院,大理街175巷27號,63000070,25.034614,121.495453,其他,其他場所,愛愛院入口1樓接待大廳
臺北市政府市政大樓,臺北市市府路1號,63000020,25.038211,121.564359,其他,其他場所,B2員工健康教室
國立臺灣戲曲學院-內湖校區,內湖路2段177號,63000100,25.08146821,121.5865892,學校、大型集會場所,大專院校,警衛室
三軍總醫院,成功路二段325號,63000100,25.071562,121.593965,其他,其他場所,西迴二樓入口
臺北市立西松高級中學,健康路325巷7號,63000010,25.055551,121.567082,學校、大型集會場所,高中職,活動中心一樓
臺北市萬華區戶政事務所,和平西路三段120號4樓,63000070,25.03467,121.499877,其他,其他場所,4樓服務台旁
臺北市立大同高級中學,長春路167號,63000040,25.055031,121.535198,學校、大型集會場所,高中職,活動中心３樓
三軍總醫院,成功路二段325號,63000100,25.071562,121.593965,其他,其他場所,牙科門診入口
臺北市立士林高級商業職業學校,士商路150號,63000110,25.095825,121.515731,學校、大型集會場所,高中職,體育組
臺北市立西松高級中學,健康路325巷7號,63000010,25.055551,121.567082,學校、大型集會場所,高中職,一樓穿堂
三軍總醫院,成功路二段325號,63000100,25.071562,121.593965,其他,其他場所,一樓門診大廳入口
臺北市立明倫高級中學,承德路3段336號,63000060,25.075448,121.519905,學校、大型集會場所,高中職,1樓健康中心門口旁
華西街臨時攤販集中場,華西街，位於廣州街至西園路一段72巷口,63000070,25.037647,121.498361,其他,其他場所,華西街商圈區協會辦公室(台北市華西街28之1號2樓)
臺北市立華江高級中學,西藏路213號,63000070,25.028594,121.496058,學校、大型集會場所,高中職,健康中心
臺北市立建國高級中學,南海路56號,63000050,25.0312,121.512152,學校、大型集會場所,高中職,建國中學校門
臺北市立西湖國民中學,環山路一段27號,63000100,25.085027,121.565695,學校、大型集會場所,國中,大門口穿堂
臺北市立聯合醫院附設萬華門診部,東園街152號,63000070,25.023174,121.497642,其他,其他場所,大門入口右側
臺北市立大同高級中學,長春路167號,63000040,25.055031,121.535198,學校、大型集會場所,高中職,健康中心前走廊
三軍總醫院,成功路二段325號,63000100,25.071562,121.593965,其他,其他場所,能源事務室2樓
臺北市中山區戶政事務所,松江路367號2樓,63000040,25.064408,121.533456,其他,其他場所,電機室門口
國立臺灣戲曲學院-木柵校區,木柵路三段66巷8之1號,63000080,24.986627,121.566231,學校、大型集會場所,大專院校,木柵校區警衛室
三軍總醫院,成功路二段325號,63000100,25.071562,121.593965,其他,其他場所,正子中心1樓
臺北市立建國高級中學,南海路56號,63000050,25.0312,121.512152,學校、大型集會場所,高中職,體育組
臺北市立松山高級商業家事職業學校,松山路655號,63000020,25.035129,121.58005,學校、大型集會場所,高中職,健康中心
三軍總醫院,成功路二段325號,63000100,25.071562,121.593965,其他,其他場所,B1演講廳大廳
臺北市萬華區公所,和平西路3段120號11樓,63000070,25.035002,121.499888,其他,其他場所,11樓服務台
臺北市立懷生國民中學,忠孝東路3段248巷30號,63000030,25.04015,121.540847,學校、大型集會場所,國中,2F學務處內
新光信義傑仕堡,信義路5段126-128號,63000020,25.032515,121.569156,其他,其他場所,正門進入1樓大廳
內政部國家公園署陽明山國家公園管理處遊客中心,竹子湖路1-20號,63000120,25.155336,121.546662,觀光旅遊地區,國家公園,遊客中心服務台旁
陽明山國家公園小油坑遊客服務站,竹子湖路69號,63000120,25.176434,121.546896,觀光旅遊地區,國家公園,小油坑遊客服務站內
內政部國家公園署陽明山國家公園管理處-擎天崗遊客服務站,菁山路101巷246號,63000110,25.167212,121.574182,觀光旅遊地區,國家公園,服務站大門入口處
陽明山國家公園冷水坑遊客服務站,菁山路101巷170號,63000110,25.165613,121.56391,觀光旅遊地區,國家公園,一樓展場內
交通部民用航空局臺北國際航空站(松山機場),敦化北路340-9號,63000010,25.06369,121.552742,交通要衝,機場,國內線報到大廳
交通部民用航空局臺北國際航空站(松山機場),敦化北路340-9號,63000010,25.06369,121.552742,交通要衝,機場,國內線內候機室1樓
交通部民用航空局臺北國際航空站(松山機場),敦化北路340-9號,63000010,25.06369,121.552742,交通要衝,機場,國際線3樓入境廊道:昇恒昌對面
交通部民用航空局臺北國際航空站(松山機場),敦化北路340-9號,63000010,25.06369,121.552742,交通要衝,機場,國內線內候機室2樓
交通部民用航空局臺北國際航空站(松山機場),敦化北路340-9號,63000010,25.06369,121.552742,交通要衝,機場,國際線2樓內候機室:8R登機門東側
交通部臺灣鐵路管理局臺北運務段萬華站,康定路382號,63000070,25.033349,121.500442,交通要衝,台鐵車站,一月台行車室
交通部臺灣鐵路管理局臺北運務段臺北站,北平西路3號1樓,63000050,25.047924,121.517081,交通要衝,台鐵車站,B1F西側出口內方
國營臺灣鐵路股份有限公司北區營運處臺北運務段松山站,永吉里松山路11號,63000020,25.049263,121.578054,交通要衝,台鐵車站,松山站旅客諮詢服務中心旁
國家文官學院,忠孝東路7段576號,63000090,25.052806,121.612808,其他,其他場所,行政大樓1樓菁英講堂前
行政院人事行政總處公務人力發展學院福華國際文教會館,新生南路3段30號,63000030,25.022831,121.534192,旅宿場所,飯店,1樓大廳東側
誠品生活股份有限公司204號辦公室,松德路204號B1,63000020,25.034413,121.574268,其他,其他場所,大會議室1門口
誠品生活股份有限公司西門店,峨眉街52號B1F-3F,63000070,25.043798,121.505412,大型購物場所,百貨業,誠品生活西門店B1F
誠品生活股份有限公司武昌店,武昌街2段77號,63000070,25.04517,121.505568,大型購物場所,百貨業,誠品武昌店4F服務台旁
重生REBORN體能工作室,民權東路6段56巷1弄4號1樓,63000100,25.068474,121.584753,其他,其他場所,櫃台旁牆上(壁掛式)
誠品生活股份有限公司台大店,新生南路3段98號,63000030,25.016996,121.533065,大型購物場所,百貨業,誠品書店台大店1F緊急逃生出口處
豐隆大飯店股份有限公司(台北君悅酒店)1樓商務中心,松壽路2號,63000020,25.035255,121.562439,旅宿場所,飯店,一樓商務中心旁
學校財團法人中華浸信會基督教台灣浸會神學院,吳興街394巷1號,63000020,25.023742,121.566763,學校、大型集會場所,大專院校,二號辦公室
武甲運動事業有限公司古亭營業所,羅斯福路二段93號B1,63000030,25.025228,121.524275,學校、大型集會場所,健身房,台北市羅斯福路二段93號B1
天成大飯店,忠孝西路一段四十三號,63000050,25.0467151,121.5156511,旅宿場所,旅館,飯店一樓大廳
全聯實業股份有限公司(大直總部),敬業四路31、33號1樓,63000040,25.08076,121.557519,其他,其他場所,1樓電梯口旁走廊
臺北市政府衛生局社區心理衛生中心,金山南路一段5號,63000050,25.041679,121.529652,其他,其他場所,1樓大廳
臺北市中正區健康服務中心,牯嶺街24號,63000050,25.031667,121.516389,其他,其他場所,側門入口電梯旁
交通部公路總局臺北市區監理所,八德路4段21號,63000010,25.048478,121.558997,其他,其他場所,監理所1樓
GYMEFIT健康店,台北市松山區健康路227號,63000010,25.0543148,121.5626807,其他,其他場所,入們扣口左側牆上
臺北市士林區公所,中正路439號1樓,63000110,25.092762,121.519559,其他,其他場所,士林行政中心一樓電梯左側
香港商世界健身事業有限公司台北松仁分公司,松仁路277號B1.1樓,63000020,25.024338,121.569739,學校、大型集會場所,健身房,健身中心B1
臺北南港展覽館2館,經貿二路2號,63000090,25.056239,121.615618,其他,其他場所,展覽館7樓
臺北市北投區公所,新市街30號4樓,63000120,25.132426,121.503,其他,其他場所,北投區行政中心1樓
Curves 女性30分鐘環狀運動 大安店,信義路三段192號2樓,63000030,25.0331889,121.5430092,學校、大型集會場所,健身房,台北市大安區信義路三段192號2樓
交通部觀光署,忠孝東路4段290號9樓,63000030,25.041247,121.555697,其他,其他場所,9樓服務台
台北亞都麗緻大飯店,民權東路2段41號,63000040,25.06282,121.530058,其他,其他場所,台北市民權東路二段41號
宸光體適能有限公司,鄭州路119號B1,63000060,25.050333,121.51099,學校、大型集會場所,健身房,櫃檯前方
香港商世界健身事業有限公司忠孝分公司,忠孝東路4段201號3樓,63000030,25.041677,121.551655,學校、大型集會場所,健身房,健身中心三樓洽談區
香港商世界健身事業有限公司飛動公館分公司,羅斯福路三段281號,63000030,25.018002,121.531381,學校、大型集會場所,健身房,櫃台大廳
嘉禾新村,永春街131巷,63000050,25.0156342,121.5269975,觀光旅遊地區,文化園區,嘉禾故事館服務台
臺北市私立延平高級中學,建國南路1段275號,63000030,25.036378,121.538413,學校、大型集會場所,高中職,操場 司令台
LIGHT WORKER 私人運動招待所,中山區樂群二路187號五樓之2,63000040,25.079966,121.558521,其他,其他場所,台北市中山區樂群二路187號五樓之2
根基營造-民權東案,民權東路三段175巷旁工地,63000010,25.0626529,121.5479408,其他,其他場所,1F組合屋休息區
臺北市萬華老人服務中心,開封街二段39號3樓,63000070,25.04714076,121.5064315,其他,其他場所,萬華老人中心3樓公共區域辦公室旁
臺北市立石牌國民中學,石牌路一段139號,63000120,25.114965,121.514231,學校、大型集會場所,國中,總務前穿堂(701教室旁)
GonnaFat-權宇,長安東路二段99號2樓,63000040,25.0485735,121.5349587,學校、大型集會場所,健身房,二樓櫃台旁
財團法人台北市文化基金會台北當代藝術館,長安西路39號,63000060,25.050725,121.518975,大型休閒場所,美術館,售票大廳處
醫療財團法人好心肝基金會好心肝診所,公園路30號2樓之2,63000050,25.044454,121.516835,其他,其他場所,醫療財團法人好心肝基金會好心肝診所
衛生福利部中央健康保險署臺北業務組,公園路15之1號5樓,63000050,25.044786,121.517406,其他,其他場所,聯合服務中心五樓服務台前方
公務人員保障暨培訓委員會,試院路1之3號,63000080,24.987862,121.549293,其他,其他場所,玉衡樓1樓大廳
衛生福利部疾病管制署研檢南港臨時辦公室,研究院路二段128號(中央研究院院區內),63000090,25.04201962,121.6166635,其他,其他場所,研檢南港臨時辦公室一樓大廳
國營臺灣鐵路股份有限公司北區營運處臺北運務段 南港站,南港路1段313號,63000090,25.053216,121.607058,交通要衝,台鐵車站,第二月台行車室門前
衛生福利部,忠孝東路六段488號,63000090,25.050197,121.595335,其他,其他場所,1樓東側梯廳前
衛生福利部,忠孝東路六段488號,63000090,25.050197,121.595335,其他,其他場所,8樓西側公共空間
衛生福利部,忠孝東路六段488號,63000090,25.050197,121.595335,其他,其他場所,3樓西側哺乳室前
中國科技大學臺北校區,興隆路3段56號,63000080,24.997535,121.554239,學校、大型集會場所,大專院校,中山育樂館2樓
實踐大學台北校區,大直街70號,63000040,25.084817,121.544749,學校、大型集會場所,大專院校,G棟1樓衛生保健一組前
愛健康肌力教室,內湖路二段73號1樓,63000100,25.079821,121.5823711,其他,其他場所,門口
臺北市立金華國民中學,新生南路二段32號,63000030,25.031201,121.533178,其他,其他場所,中穿堂樓梯旁廊道
財團法人臺灣敦睦聯誼會所屬作業組織圓山大飯店,中山北路4段1巷1號,63000040,25.078611,121.526287,旅宿場所,旅館,本館2樓健身房
虎鐵健身工作室,重慶南路一段88號2樓,63000050,25.043012,121.512982,大型休閒場所,運動場館(如小巨蛋),入口處
潤泰百益股份有限公司/CITYLINK松山壹號店,松山路11號,63000020,25.04919,121.578299,大型購物場所,商場,2樓服務台 右方
欣欣大眾市場股份有限公司,林森北路247號,63000040,25.05421,121.525601,大型購物場所,百貨業,B1美食街
春天酒店股份有限公司,幽雅路18號,63000120,25.137585,121.513555,旅宿場所,旅館,1樓大廳櫃台
華山1914文化創意產業園區,八德路一段一號,63000050,25.04413,121.529399,觀光旅遊地區,文化園區,紅磚區哨所
剝皮寮歷史街區西側,廣州街151號,63000070,25.036768,121.501879,觀光旅遊地區,文化園區,廣州街155號
國立臺灣師範大學公館校區(汀州路4段88號),汀州路4段88號,63000080,25.007963,121.536905,學校、大型集會場所,大專院校,公館校區學七舍1樓
台北京站威秀影城,市民大道一段209號5F,63000060,25.049369,121.517479,大型休閒場所,電影片映演場所(戲院、電影院),5F大廳
銘傳大學台北校區(士林區中山北路5段),中山北路5段250號,63000110,25.086068,121.527551,學校、大型集會場所,大專院校,男生宿舍2樓
華山1914文化創意產業園區,八德路一段一號,63000050,25.04413,121.529399,觀光旅遊地區,文化園區,側門警衛室
臺北市立中山幼兒園,大直街25號1樓,63000040,25.0819332,121.5467679,其他,其他場所,幼兒園 大門口
台灣水泥股份有限公司,中山北路2段113號,63000040,25.060735,121.52322,其他,其他場所,大廳右側入口
台灣水泥股份有限公司,中山北路2段113號,63000040,25.060735,121.52322,其他,其他場所,3樓前廳
威秀影城股份有限公司信義分公司,松壽路20號,63000020,25.035636,121.567099,大型休閒場所,電影片映演場所(戲院、電影院),2F售票處
中國文化大學 大恩館,華岡路55號,63000110,25.136543,121.538749,學校、大型集會場所,大專院校,大恩館
財團法人國家實驗研究院國家實驗動物中心-台北中心,中南里研究院路1段130巷111號,63000090,25.04703,121.610717,其他,其他場所,國家實驗動物中心1樓大廳
台南海鮮會館,基河路130號B1,63000110,25.089169,121.523022,其他,其他場所,會館大廳櫃檯
臺北市立中崙高級中學,八德路四段101號,63000010,25.049505,121.562213,學校、大型集會場所,高中職,1樓健康中心門口
臺北市立中山國民中學,復興北路361巷7號,63000010,25.060537,121.54535,其他,其他場所,健康中心內
臺北醫學大學 環保暨安全衛生處,吳興街250號,63000020,25.025685,121.561929,學校、大型集會場所,大專院校,綜合大樓
臺北醫學大學 環保暨安全衛生處,吳興街250號,63000020,25.025685,121.561929,學校、大型集會場所,大專院校,體育館
臺北醫學大學 環保暨安全衛生處,吳興街250號,63000020,25.025685,121.561929,學校、大型集會場所,大專院校,拇山學院
臺北市內湖國中,台北市內湖區陽光街1號,63000100,25.077035,121.58869,學校、大型集會場所,國中,學務處走廊
臺北市立麗山高級中學,環山路2段100號,63000100,25.08437,121.577969,學校、大型集會場所,高中職,學務處門口
好市多股份有限公司內湖分公司,舊宗路1段268號,63000100,25.063967,121.576059,大型購物場所,賣場,3樓藥局櫃台旁
臺北市立三民國中,114台北市內湖區民權東路六段45號,63000100,25.0698092,121.5860526,學校、大型集會場所,國中,穿堂
臺北市中山運動中心,中山北路2段44巷2號,63000040,25.054844,121.521326,學校、大型集會場所,健身中心,1樓客梯旁
臺北市立動物園,新光路二段30號,63000080,24.998347,121.581036,其他,其他場所,大門入口服務台
臺北市士林運動中心,士商路一號,63000110,25.089668,121.521411,學校、大型集會場所,健身中心,二樓健身房設施
臺北市內湖運動中心,洲子街12號,63000100,25.078266,121.575229,學校、大型集會場所,健身中心,5樓健身房
好市多股份有限公司內湖分公司,舊宗路1段268號,63000100,25.063967,121.576059,大型購物場所,賣場,1樓賣場大門出入口旁
臺北市公有永樂市場(布業商場),迪化街1段21號,63000060,25.054862,121.51055,其他,其他場所,永樂市場布業商場二樓自治會辦公室
臺北市立仁愛國民中學,仁愛路4段130號,63000030,25.037529,121.550674,其他,其他場所,司令台後方
國立政治大學附屬高級中學,政大一街353號,63000080,24.98668,121.583376,學校、大型集會場所,高中職,籃球場
臺北市龍山寺地下街商場,西園路1段145號 B1 行政中心,63000070,25.036085,121.499544,大型購物場所,地下街,B1 B區廣場
國立臺灣師範大學校本部(和平東路1段162號) ,和平東路1段162號,63000030,25.02603,121.528283,學校、大型集會場所,大專院校,校本部誠大樓5樓走廊
臺北市懷愛館,辛亥路3段330號,63000030,25.013535,121.552553,學校、大型集會場所,殯儀館,第二殯儀館駐警室入口處
臺北市松山區松山國民小學,八德路4段746號,63000010,25.051109,121.579143,其他,其他場所,游泳池
臺北市大同區健康服務中心,昌吉街52號,63000060,25.065792,121.516316,其他,其他場所,大門入口處
士林官邸正館,福林路60號,63000110,25.094898,121.530152,觀光旅遊地區,地方政府主管風景區,正館一樓
臺北市大安區健康服務中心,臥龍里辛亥路三段15號,63000030,25.021577,121.544274,其他,其他場所,1樓服務台
國立政治大學,指南路2段64號,63000080,24.986398,121.574983,學校、大型集會場所,大專院校,百年樓(文學院)1樓門口
臺北孔廟,大龍街275號,63000060,25.072762,121.516179,觀光旅遊地區,文化園區,孔廟明倫堂1樓近劇院
臨江街夜市,大安區臨江街，位於通化街至基隆路口間。,63000030,25.028995,121.552906,其他,其他場所,臺北市大安區臨江街89之5號
保證責任臺北市站前地下街場地利用合作社,忠孝西路1段50-1號 B1,63000050,25.04691,121.51532,大型購物場所,地下街,控制中心門口
臺北市立圖書館總館,建國南路二段125號,63000030,25.029152,121.538369,大型休閒場所,圖書館,總館1樓 (通往2樓樓梯旁)
臺北市懷愛館,辛亥路3段330號,63000030,25.013535,121.552553,學校、大型集會場所,殯儀館,景行樓1F駐警室旁
大同大學,中山北路3段40號,63000040,25.06684013,121.5222096,學校、大型集會場所,大專院校,大同大學警衛室
臺北市公有水源市場,羅斯福路4段92號,63000050,25.013743,121.535005,其他,其他場所,水源市場一樓機房旁走道
天母運動場區棒球場,忠誠路二段77號,63000110,25.113451,121.532875,大型休閒場所,運動場館(如小巨蛋),行政辦公室入口右側
臺北市中正運動中心,信義路一段1號,63000050,25.038234,121.519291,學校、大型集會場所,健身中心,7樓羽球場
臺北市中山堂管理所,延平南路98號,63000050,25.043085,121.510168,大型休閒場所,演藝廳,中正廳入口
臺北市公有永春市場,松山路294號,63000020,25.043229,121.577153,其他,其他場所,永春市場一樓128攤位旁
國立臺灣師範大學校本部(和平東路1段162號) ,和平東路1段162號,63000030,25.02603,121.528283,學校、大型集會場所,大專院校,校本部誠大樓6樓
臺北市立啟明學校,忠誠路二段207巷1號,63000110,25.116621,121.534969,學校、大型集會場所,高中職,本校學務處旁川堂
臺北市立啟聰學校,重慶北路3段320號,63000060,25.074684,121.513385,學校、大型集會場所,高中職,一樓健康中心
財團法人臺北市會展產業發展基金會(花博公園圓山園區),玉門街一號,63000040,25.070064,121.520483,其他,其他場所,爭豔館內
臺北自來水園區,思源街1號(臺北自來水園區),63000050,25.013286,121.530253,觀光旅遊地區,地方政府主管風景區,思源票口
臺北市北投區健康服務中心,石牌路二段111號,63000120,25.118031,121.517118,其他,其他場所,1樓服務台
臺北市饒河街觀光夜市,饒河街186號2樓,63000010,25.0506881,121.5765572,其他,其他場所,藥局前
中國文化大學 大恩館,華岡路55號,63000110,25.136543,121.538749,學校、大型集會場所,大專院校,曉峰紀念館(圖書館)
台北二二八紀念館,凱達格蘭大道3號,63000050,25.040363,121.515469,大型休閒場所,博物館,1樓服務台
陽明公園,湖山路2段26號,63000120,25.159213,121.540131,其他,其他場所,遊客服務中心
臺北市立臺北特殊教育學校,忠誠路二段207巷3號,63000110,25.116617,121.536225,學校、大型集會場所,高中職,一樓健康中心
財團法人台北市文化基金會西門紅樓,成都路10號1樓,63000070,25.042065,121.506935,其他,其他場所,西門紅樓八角樓
東吳大學(雙溪校區),臨溪路70號,63000110,25.094004,121.546276,學校、大型集會場所,大專院校,第一教研大樓門口
天母運動場區網球場,忠誠路二段77號,63000110,25.113749,121.535564,其他,其他場所,網球場辦公室南側大門旁
臺北市立天文科學教育館,基河路363號,63000110,25.095829,121.518299,大型休閒場所,博物館,一樓大廳哺集乳室旁
南機場臨時攤販集中場,中華路2段313巷30號1樓,63000050,25.028629,121.506825,其他,其他場所,南機場夜市自治會辦公室(台北市中華路2段309巷26號)
關渡自然公園,關渡路55號,63000120,25.119378,121.471433,觀光旅遊地區,地方政府主管風景區,自然中心一樓
國立臺灣師範大學校本部(和平東路1段162號) ,和平東路1段162號,63000030,25.02603,121.528283,學校、大型集會場所,大專院校,本校游泳館內
臺北市公有長春市場,長春路299號,63000040,25.054729,121.542336,其他,其他場所,長春路側出入口
統一綜合證券股份有限公司,東興路8號1樓,63000010,25.050271,121.565177,其他,其他場所,1樓大廳
中央研究院,研究院路2段128號,63000090,25.042905,121.613095,其他,其他場所,綜合體育館大廳
中國信託商業銀行 (行政大樓),安康路22巷33號,63000100,25.0614696,121.5941194,其他,其他場所,行政大樓大廳
教育部第三辦公室,徐州路48-1號,63000050,25.040115,121.525078,其他,其他場所,2樓大廳正面左側
合作金庫商業銀行-員工訓練中心,中山北路七段81巷49號,63000110,25.12302961,121.5287632,其他,其他場所,1樓警衛櫃台前
臺北市立大同幼兒園,南京西路64巷9弄8號,63000060,25.0523135,121.5190018,其他,其他場所,臺北市立大同幼兒園內的接送室走廊處
臺北市立石牌國民中學,石牌路一段139號,63000120,25.114965,121.514231,學校、大型集會場所,國中,操場內的司令台後方
凱基證券(台開大樓),重慶南路1段2號14樓,63000050,25.0468931,121.5134161,其他,其他場所,台開大樓14樓
台北遠百信義A13威秀影城,松仁路58號10樓,63000020,25.036882,121.568314,大型購物場所,商場,售票大廳
國立臺灣師範大學校本部(師大路11號) ,師大路11號,63000030,25.025765,121.528664,學校、大型集會場所,大專院校,校本部男一舍1樓
臺北市萬華運動中心,西寧南路6-1號,63000070,25.047075,121.50674,學校、大型集會場所,健身中心,3F
體育客體適能學院,和平東路三段246號1樓,63000030,25.02174455,121.5550488,其他,其他場所,大廳
洛碁大飯店忠孝館,忠孝東路四段180號,63000030,25.0411234,121.5515646,旅宿場所,旅館,本館4樓
臺灣集中保管結算所股份有限公司,復興北路363號2樓,63000010,25.060561,121.544388,其他,其他場所,台北市松山區復興北路365號2樓
中央研究院,研究院路2段128號,63000090,25.042905,121.613095,其他,其他場所,學術活動中心
臺北市大同區雙蓮國民小學,錦西街51號,63000060,25.060161,121.51669,其他,其他場所,警衛室
台灣高速鐵路(股)公司-台北車站,北平西路3號,63000050,25.047916,121.517002,交通要衝,高鐵站,一月台站務室北側柱面
台灣高速鐵路(股)公司-台北車站,北平西路3號,63000050,25.047916,121.517002,交通要衝,高鐵站,二月台站務室北側柱面
台灣高速鐵路公司,經貿二路66號,63000090,25.057297,121.61647,長距離交通工具,高鐵,11號車列車長室(6.7車間)
台灣高速鐵路公司,經貿二路66號,63000090,25.057297,121.61647,長距離交通工具,高鐵,23號車列車長室(6.7車間)
台灣高速鐵路公司,經貿二路66號,63000090,25.057297,121.61647,長距離交通工具,高鐵,25號車列車長室(6.7車間)
台灣高速鐵路公司,經貿二路66號,63000090,25.057297,121.61647,長距離交通工具,高鐵,16號車列車長室(6.7車間)
台灣高速鐵路公司,經貿二路66號,63000090,25.057297,121.61647,長距離交通工具,高鐵,20號車列車長室(6.7車間)
台灣高速鐵路公司,經貿二路66號,63000090,25.057297,121.61647,長距離交通工具,高鐵,4號車列車長室(6.7車間)
台灣高速鐵路公司,經貿二路66號,63000090,25.057297,121.61647,長距離交通工具,高鐵,6號車列車長室(6.7車間)
台灣高速鐵路公司,經貿二路66號,63000090,25.057297,121.61647,長距離交通工具,高鐵,30號車列車長室(6.7車間)
台灣高速鐵路公司,經貿二路66號,63000090,25.057297,121.61647,長距離交通工具,高鐵,26號車列車長室(6.7車間)
台灣高速鐵路公司,經貿二路66號,63000090,25.057297,121.61647,長距離交通工具,高鐵,21號車列車長室(6.7車間)
台灣高速鐵路公司,經貿二路66號,63000090,25.057297,121.61647,長距離交通工具,高鐵,29號車列車長室(6.7車間)
台灣高速鐵路公司,經貿二路66號,63000090,25.057297,121.61647,長距離交通工具,高鐵,9號車列車長室(6.7車間)
台灣高速鐵路公司,經貿二路66號,63000090,25.057297,121.61647,長距離交通工具,高鐵,32號車列車長室(6.7車間)
台灣高速鐵路公司,經貿二路66號,63000090,25.057297,121.61647,長距離交通工具,高鐵,33號車列車長室(6.7車間)
台灣高鐵 營運列車,經貿二路66號,63000090,25.057065,121.616403,交通要衝,高鐵站,34號車列車長室(6.7車間)
台灣高速鐵路公司,經貿二路66號,63000090,25.057297,121.61647,長距離交通工具,高鐵,10號車列車長室(6.7車間)
台灣高速鐵路公司,經貿二路66號,63000090,25.057297,121.61647,長距離交通工具,高鐵,18號車列車長室(6.7車間)
台灣高速鐵路公司,經貿二路66號,63000090,25.057297,121.61647,長距離交通工具,高鐵,2號車列車長室(6.7車間)
台灣高速鐵路公司,經貿二路66號,63000090,25.057297,121.61647,長距離交通工具,高鐵,31號車列車長室(6.7車間)
台灣高速鐵路公司,經貿二路66號,63000090,25.057297,121.61647,長距離交通工具,高鐵,27號車列車長室(6.7車間)
台灣高速鐵路公司,經貿二路66號,63000090,25.057297,121.61647,長距離交通工具,高鐵,12號車列車長室(6.7車間)
台灣高速鐵路公司,經貿二路66號,63000090,25.057297,121.61647,長距離交通工具,高鐵,15號車列車長室(6.7車間)
台灣高速鐵路公司,經貿二路66號,63000090,25.057297,121.61647,長距離交通工具,高鐵,7號車列車長室(6.7車間)
台灣高速鐵路公司,經貿二路66號,63000090,25.057297,121.61647,長距離交通工具,高鐵,28號車列車長室(6.7車間)
台灣高速鐵路公司,經貿二路66號,63000090,25.057297,121.61647,長距離交通工具,高鐵,22號車列車長室(6.7車間)
台灣高速鐵路公司,經貿二路66號,63000090,25.057297,121.61647,長距離交通工具,高鐵,14號車列車長室(6.7車間)
台灣高速鐵路公司,經貿二路66號,63000090,25.057297,121.61647,長距離交通工具,高鐵,13號車列車長室(6.7車間)
台灣高速鐵路公司,經貿二路66號,63000090,25.057297,121.61647,長距離交通工具,高鐵,24號車列車長室(6.7車間)
台灣高速鐵路公司,經貿二路66號,63000090,25.057297,121.61647,長距離交通工具,高鐵,19號車列車長室(6.7車間)
台灣高速鐵路公司,經貿二路66號,63000090,25.057297,121.61647,長距離交通工具,高鐵,3號車列車長室(6.7車間)
台灣高速鐵路公司,經貿二路66號,63000090,25.057297,121.61647,長距離交通工具,高鐵,1號車列車長室(6.7車間)
台灣高速鐵路公司,經貿二路66號,63000090,25.057297,121.61647,長距離交通工具,高鐵,5號車列車長室(6.7車間)
台灣高速鐵路公司,經貿二路66號,63000090,25.057297,121.61647,長距離交通工具,高鐵,17號車列車長室(6.7車間)
台灣高速鐵路公司,經貿二路66號,63000090,25.057297,121.61647,長距離交通工具,高鐵,8號車列車長室(6.7車間)
慈濟中山八德聯絡處,八德路二段118號,63000040,25.046084,121.537041,其他,其他場所,一樓大廳
臺北高等行政法院,福國路101號,63000110,25.101359,121.518767,學校、大型集會場所,法院,本院1樓法警室
水美溫泉浴室企業股份有限公司,光明路224號,63000120,25.136189,121.505068,大型公眾浴場或溫泉區,溫泉區,大廳右方
最高法院-6樓東側,長沙街1段6號,63000050,25.040018,121.509905,學校、大型集會場所,法院,本院辦公室6樓東側電梯前空地
新光三越百貨股份有限公司台北天母分公司-一館,天母東路68號地下一樓.地上1樓至7樓,63000110,25.11795,121.533924,大型購物場所,商場,A棟6樓醫護室
東吳大學(雙溪校區),臨溪路70號,63000110,25.094004,121.546276,學校、大型集會場所,大專院校,雙溪校區綜合大樓1樓軍訓室門口
東吳大學(城中校區),貴陽街1段56號,63000050,25.037856,121.509663,學校、大型集會場所,大專院校,第六大樓門口
豐隆大飯店股份有限公司(台北君悅酒店)1樓商務中心,松壽路2號,63000020,25.035255,121.562439,旅宿場所,飯店,5樓健身中心
故宮晶華股份有限公司,至善路二段221號,63000110,25.101359,121.547821,其他,其他場所,故宮晶華股份有限公司
交通部臺灣鐵路管理局臺北運務段臺北站,北平西路3號1樓,63000050,25.047924,121.517081,交通要衝,台鐵車站,1F值班站長室旁
交通部臺灣鐵路管理局臺北運務段臺北站,北平西路3號1樓,63000050,25.047924,121.517081,交通要衝,台鐵車站,B3F捷運共構轉乘處候車休息區內
銘傳大學台北校區(士林區中山北路5段),中山北路5段250號,63000110,25.086068,121.527551,學校、大型集會場所,大專院校,A棟學務處1樓誠實商店
臺北市北投運動中心,石牌路1段39巷100號,63000120,25.116473,121.509762,學校、大型集會場所,健身中心,5F大廳樓梯旁
今日秀泰影城,峨眉街52號,63000070,25.043788,121.505393,大型休閒場所,電影片映演場所(戲院、電影院),四樓大廳休息區
國家圖書館,中山南路20號,63000050,25.037241,121.516883,大型休閒場所,圖書館,入口左側
臺北市立圖書館景新分館,景後街151號5-10樓,63000080,24.990124,121.542015,其他,其他場所,7樓的落地窗旁
臺灣高等法院民事庭大廈,貴陽路1段233號,63000050,25.039805,121.510763,學校、大型集會場所,法院,1樓大廳
臺北市立動物園,新光路二段30號,63000080,24.998347,121.581036,其他,其他場所,新光特展館
臺灣臺北地方法院寶慶院區,長沙街一段27號,63000050,25.040388,121.509748,學校、大型集會場所,法院,一樓孺慕堂大門入口左側
三德觀光大飯店股份有限公司,承德路3段49號,63000060,25.064848,121.518555,旅宿場所,飯店,一樓大廳
交通部民用航空局臺北國際航空站(松山機場),敦化北路340-9號,63000010,25.06369,121.552742,交通要衝,機場,國際線報到大廳
交通部民用航空局臺北國際航空站(松山機場),敦化北路340-9號,63000010,25.06369,121.552742,交通要衝,機場,國際線共用貴賓室
交通部民用航空局臺北國際航空站(松山機場),敦化北路340-9號,63000010,25.06369,121.552742,交通要衝,機場,國際線3樓入境廊道-6號入境門對面
交通部民用航空局臺北國際航空站(松山機場),敦化北路340-9號,63000010,25.06369,121.552742,交通要衝,機場,國際線入境證照查驗大廳
交通部民用航空局臺北國際航空站(松山機場),敦化北路340-9號,63000010,25.06369,121.552742,交通要衝,機場,國際線入境大廳
中國文化大學推廣教育部 大夏館,建國南路2段231號1樓,63000030,25.026078,121.538016,學校、大型集會場所,大專院校,"大夏館一樓,C樓梯梯間"
松山文創園區,光復南路133號,63000020,25.044363,121.559901,觀光旅遊地區,文化園區,辦公區
交通部民用航空局臺北國際航空站(松山機場),敦化北路340-9號,63000010,25.06369,121.552742,交通要衝,機場,國際線入境行李提領大廳
臺北市公有東門市場,信義路二段81號,63000050,25.034539,121.526707,其他,其他場所,自治會辦公室
臺北轉運站,市民大道一段209號1樓,63000060,25.048786,121.518569,交通要衝,轉運站,1樓大廳
臺北市中山運動中心,中山北路2段44巷2號,63000040,25.054844,121.521326,學校、大型集會場所,健身中心,2樓健身房旁
監察院,忠孝東路一段2號,63000050,25.045221,121.519995,其他,其他場所,大門入口
立偉電子股份有限公司,鄭州路139號3樓,63000060,25.050395,121.510304,其他,其他場所,3樓辦公室內
華信航空股份有限公司,台北市松山區敦化北路405巷123弄3號,63000010,25.06304,121.557636,長距離交通工具,航空器,B-16858飛機
全真概念健康事業股份有限公司-忠孝分公司,忠孝東路4段563號地下一樓,63000020,25.041589,121.56405,其他,其他場所,地下一樓教練部櫃檯旁
忠順里辦公處,興隆路四段145巷30號,63000080,24.98512,121.563104,其他,其他場所,興隆路四段145巷30號
臺北市立五常國民中學,復興北路430巷1號,63000040,25.063482,121.5431,其他,其他場所,1樓東側川堂男廁旁
臺北市職能發展學院,士東路301號,63000110,25.11374,121.537773,其他,其他場所,行政大樓1樓志工服務台旁
全真概念健康事業股份有限公司-古亭館,和平西路一段2號,63000050,25.026785,121.521713,學校、大型集會場所,健身房,1F櫃檯旁
越練越好運動事業有限公司,基隆路二段51號B1,63000020,25.0309321,121.558469,學校、大型集會場所,大專院校,櫃檯
臺北市大同區雙蓮國民小學,錦西街51號,63000060,25.060161,121.51669,其他,其他場所,活動中心三樓
交通部公路總局台北市區監理所士林監理站,承德路5段80號,63000110,25.094378,121.51417,其他,其他場所,行政大樓1樓
臺北市至善老人安養護中心,仰德大道二段二巷50號,63000110,25.101946,121.543183,其他,其他場所,安養3樓服務台前
漾館時尚溫泉飯店,溫泉路63號,63000120,25.135224,121.504667,大型公眾浴場或溫泉區,溫泉區,大廳公廁前方
德明財經科技大學(綜合大樓),環山路1段56號,63000100,25.086706,121.565225,學校、大型集會場所,大專院校,又新樓1樓電梯旁
北投公園露天溫泉浴池,中山路6號旁,63000120,25.137023,121.508675,大型公眾浴場或溫泉區,大型公眾浴場,整容區
民航人員訓練所,濱江街362號,63000010,25.071722,121.550707,其他,其他場所,105教室前面
臺北市客家文化主題公園,汀州路3段2號,63000050,25.019752,121.525715,觀光旅遊地區,文化園區,客家文化中心
國立臺灣大學(校總區),羅斯福路4段1號,63000030,25.016323,121.534463,學校、大型集會場所,大專院校,工學院綜合大樓
全真概念健康事業股份有限公司-內湖分公司,內湖路1段659號B1,63000100,25.080302,121.575345,學校、大型集會場所,健身房,電腦訂課區
德明財經科技大學(綜合大樓),環山路1段56號,63000100,25.086706,121.565225,學校、大型集會場所,大專院校,綜合大樓學務處衛保組
香港商世界健身事業有限公司大安分公司,信義路四段6號3樓,63000030,25.033176,121.544145,學校、大型集會場所,健身房,健身中心三樓入口大廳
德明財經科技大學(綜合大樓),環山路1段56號,63000100,25.086706,121.565225,學校、大型集會場所,大專院校,綜合大樓六樓重量訓練室門口處
博嘉運動公園,木柵路4段159巷16號,63000080,25.000284,121.575257,學校、大型集會場所,健身中心,1F服務臺後方
臺北市大同區雙蓮國民小學,錦西街51號,63000060,25.060161,121.51669,其他,其他場所,健康中心內
台北 NPO 聚落,重慶南路三段2號,63000050,25.0295551,121.5151256,學校、大型集會場所,大專院校,四樓櫃檯旁
葫蘆國小-鷹萬游泳學苑,環河北路三段95號1F,63000110,25.0841054,121.5071659,學校、大型集會場所,健身中心,救生員辦公室
臺北市萬華親子館,水源路199號2樓,63000070,25.02386,121.506936,其他,其他場所,服務台左側
剝皮寮歷史街區西側,廣州街151號,63000070,25.036768,121.501879,觀光旅遊地區,文化園區,遊客諮詢中心
南港老爺行旅,台北市南港區經貿二路196號10樓,63000090,25.0598354,121.6148153,旅宿場所,旅館,10樓健身房
臺北市立動物園,新光路二段30號,63000080,24.998347,121.581036,其他,其他場所,爬蟲館
臺北市立大理高級中學,長順街2號,63000070,25.03022,121.490958,學校、大型集會場所,高中職,勤學樓穿堂
松山慈惠堂,福德街251巷33號,63000020,25.03652,121.587484,其他,其他場所,義消辦公室外左側
國營臺灣鐵路股份有限公司北區營運處臺北運務段 南港站,南港路1段313號,63000090,25.053216,121.607058,交通要衝,台鐵車站,南港火車站B2營運層旅客出口處
臺北市松山區美仁里里民活動場所(久石讓大樓),南京東路4段118號,63000010,25.051478,121.554888,其他,其他場所,南京東路4段118號
松山慈惠堂,福德街251巷33號,63000020,25.03652,121.587484,其他,其他場所,文昌帝君殿左側
財團法人台北市木柵忠順廟,中崙路13號,63000080,24.983651,121.564602,其他,其他場所,大廳金紙放置旁
寧安街8號1樓,寧安街8號1樓,63000010,25.048789,121.55412,其他,其他場所,寧安街8號1樓
臺北市松山區美仁里里民活動場所(敦北傑座大樓),八德路3段97號,63000010,25.048342,121.55344,其他,其他場所,八德路3段97號
臺北市松山區美仁里里民活動場所(敦傑大樓),南京東路4段52巷8號,63000010,25.05076,121.553489,其他,其他場所,南京東路4段52巷8號
臺北市松山區美仁里里民活動場所(祥園),北寧路66---66-1號,63000010,25.050896,121.552842,其他,其他場所,北寧路66---66-1號
臺北市松山區美仁里里民活動場所(敦化林園大樓),北寧路62號,63000010,25.050614,121.553013,其他,其他場所,北寧路62號
臺北市松山區美仁里里民活動場所(詠堅商業大樓),八德路3段27號,63000010,25.048393,121.552728,其他,其他場所,八德路3段27號
臺北市松山區美仁里里民活動場所 (福之鄉大廈),八德路3段75號,63000010,25.048356,121.553028,其他,其他場所,八德路3段75號
安橋綜合設施管理服務,八德路三段20號10樓之1及之2,63000010,25.04807,121.551105,其他,其他場所,公司門口
Curves女性專用30分鐘健身中心南京三民店,南京東路5段202號3F-5,63000010,25.051193,121.564752,學校、大型集會場所,健身房,環狀運動區
李長榮化學工業股份有限公司,八德路4段85號3樓,63000010,25.048609,121.560537,其他,其他場所,85號3樓電梯旁
私立稻江商業職業學校,民權西路225巷24號,63000060,25.06419,121.512032,學校、大型集會場所,高中職,警衛室
臺北市藝文推廣處-大稻埕戲苑,迪化街一段21號8、9樓,63000060,25.054862,121.51055,其他,其他場所,9樓劇場服務台後方
臺北市大龍養護中心,民族西路105號1樓,63000060,25.062724,121.511306,其他,其他場所,1樓護理站
香港商世界健身事業有限公司南京分公司,南京東路5段196號1樓,63000010,25.051197,121.564067,學校、大型集會場所,健身房,一樓櫃檯
交通部民用航空局臺北國際航空站(松山機場),敦化北路340-9號,63000010,25.06369,121.552742,交通要衝,機場,本站停車場
交通部民用航空局臺北國際航空站(松山機場),敦化北路340-9號,63000010,25.06369,121.552742,交通要衝,機場,本站停車場
妮飛健身空間,瑞湖街99號,63000100,25.073447,121.576145,學校、大型集會場所,健身房,妮飛健身空間
臺北市中正區東門國民小學,仁愛路一段2-4號,63000050,25.038642,121.520876,其他,其他場所,川堂
台北市私立崇生康復之家,重慶北路2段188號3樓,63000060,25.062297,121.513358,其他,其他場所,機構活動區
微風廣場實業股份有限公司台大分公司,中山南路7號B1,63000050,25.040274,121.519159,大型購物場所,商場,微風台大醫院商場服務台左側
陽昇牙醫診所,忠孝東路路四段216巷11弄6號3樓,63000030,25.04068859,121.5532909,其他,其他場所,台北市大安區仁愛路四段345巷15弄14號1樓
交通部民用航空局臺北國際航空站(松山機場),敦化北路340-9號,63000010,25.06369,121.552742,交通要衝,機場,國際線2樓外候機室
臺北市湖田實驗國民小學,竹子湖路17-2號,63000120,25.168429,121.538771,其他,其他場所,1樓走廊校長室門口
中華民國紅十字會台灣省分會,博愛路230巷6號,63000050,25.033752,121.509952,其他,其他場所,走道
臺北市北投區文林國民小學,文林北路155號,63000120,25.106183,121.513674,其他,其他場所,警衛室內
臺北市北投區關渡國民小學,中央北路4段581號,63000120,25.126631,121.466292,學校、大型集會場所,國小,穿堂走廊
淡江大學台北校園,金華街199巷5號,63000030,25.031176,121.528366,學校、大型集會場所,大專院校,大門警衛台旁
臺北市立明德國民中學,明德路50號,63000120,25.108023,121.51866,其他,其他場所,四維樓1樓
國立臺灣師範大學校本部(和平東路1段162號) ,和平東路1段162號,63000030,25.02603,121.528283,學校、大型集會場所,大專院校,校本部樸大樓2樓
臺北市北投區文化國民小學,文化三路一號,63000120,25.137094,121.496669,其他,其他場所,學校正門穿堂
臺北市私立靜修高級中學,寧夏路59號,63000060,25.057931,121.515496,學校、大型集會場所,高中職,警衛室
國立臺北藝術大學_展演中心,學園路1號展演中心,63000120,25.132457,121.469349,學校、大型集會場所,大專院校,展演中心大門入口處
天母國際聯誼會,中山北路六段88號B1,63000110,25.104917,121.525007,學校、大型集會場所,健身房,B2游泳池旁
臺北市士林區天母國民小學,天玉街12號,63000110,25.120167,121.527422,其他,其他場所,警衛室內
體線運動工作室,南京東路4段186號6F之9,63000010,25.05135843,121.5574794,學校、大型集會場所,健身房,櫃檯
台灣高速鐵路(股)公司-台北車站,北平西路3號,63000050,25.047916,121.517002,交通要衝,高鐵站,B1西進候車區
台北文華東方酒店,敦化北路158號,63000010,25.055711,121.54811,旅宿場所,飯店,6F SPA 辦公室
台北文華東方酒店,敦化北路158號,63000010,25.055726,121.548336,旅宿場所,飯店,一樓客務部辦公室
台北文華東方酒店,敦化北路158號,63000010,25.055779,121.548384,旅宿場所,飯店,B3 安全辦公室
財團法人中華民國佛教慈濟慈善事業基金會-台北東區聯絡處,松隆路327號1樓,63000020,25.048578,121.578673,其他,其他場所,台北市信義區松隆路327號1樓
陽明海運股份有限公司台灣營業部,重慶北路2段243號,63000060,25.062502,121.5139,其他,其他場所,陽明海運重慶大樓一樓大廳
Fit Five Fitness,濟南路三段28號1樓,63000030,25.040063,121.53504,學校、大型集會場所,健身房,大門口
大地清旅旅店,長安東路2段246號4樓,63000040,25.048092,121.543139,其他,其他場所,4樓大廳
臺北市教師研習中心,建國街2號,63000120,25.151185,121.549653,其他,其他場所,研習大樓
家福股份有限公司北投分公司(家樂福北投店),中和街366號B1F,63000120,25.141693,121.499305,大型購物場所,商場,B1F服務中心
臺北市朱崙老人公寓,龍江路15號4樓,63000040,25.047436,121.540497,其他,其他場所,朱崙老人公寓4樓大廳
交通部觀光署,忠孝東路4段290號9樓,63000030,25.041247,121.555697,其他,其他場所,6樓服務台
行政院,忠孝東路一段1號,63000050,25.046317,121.520956,其他,其他場所,1樓會客室
臺北大巨蛋,忠孝東路4段545號,63000020,25.04260664,121.5614553,大型休閒場所,運動場館(如小巨蛋),巨蛋廣場B2
于賓診所,忠孝東路3段305號7樓之5,63000030,25.041809,121.543397,其他,其他場所,一診診療室
臺北市政府環境保護局內湖垃圾焚化廠,安康路290號,63000100,25.062515,121.605298,其他,其他場所,管理大樓1樓廠房電梯前
臺北市中山區永安國民小學,明水路397巷19弄1號,63000040,25.078776,121.549406,其他,其他場所,健康中心前走廊
城市學校財團法人臺北城市科技大學,學園路2號,63000120,25.133617,121.468879,學校、大型集會場所,大專院校,財經大樓大廳
華信航空股份有限公司,台北市松山區敦化北路405巷123弄3號,63000010,25.06304,121.557636,長距離交通工具,航空器,B16855飛機
臺北市大龍老人住宅,民族西路105號4樓,63000060,25.068726,121.517358,其他,其他場所,臺北市大龍老人住宅
臺灣當代文化實驗場,建國南路一段177號,63000030,25.038984,121.538886,其他,其他場所,中正堂門口
糖部文化園區,大理街132-10號,63000070,25.033203,121.495065,觀光旅遊地區,文化園區,糖業文化展示館左邊大門入口右側
華信航空股份有限公司,台北市松山區敦化北路405巷123弄3號,63000010,25.06304,121.557636,長距離交通工具,航空器,B16856飛機
臺北大巨蛋,忠孝東路4段545號,63000020,25.04260664,121.5614553,大型休閒場所,運動場館(如小巨蛋),80米通廊
華信航空股份有限公司,台北市松山區敦化北路405巷123弄3號,63000010,25.06304,121.557636,長距離交通工具,航空器,B-16852飛機
台北府城隍廟,虎林街3號,63000010,25.047184,121.577092,其他,其他場所,福德正神旁
臺北大巨蛋,忠孝東路4段545號,63000020,25.04260664,121.5614553,大型休閒場所,運動場館(如小巨蛋),GATE 7 出口
臺北大巨蛋,忠孝東路4段545號,63000020,25.04260664,121.5614553,大型休閒場所,運動場館(如小巨蛋),GATE 8
臺北大巨蛋,忠孝東路4段545號,63000020,25.04260664,121.5614553,大型休閒場所,運動場館(如小巨蛋),B1職場辦公室
國立臺北藝術大學_游泳館大門外,學園路1號游泳館大門外,63000120,25.132518,121.469682,學校、大型集會場所,大專院校,北藝大游泳館大門外
台灣虎航股份有限公司,敦化北路405巷123弄3號,63000010,25.06304,121.557636,長距離交通工具,航空器,"B-50006航機, 第13排 DEF行李艙"
臺北大巨蛋,忠孝東路4段545號,63000020,25.04260664,121.5614553,大型休閒場所,運動場館(如小巨蛋),影城棟停車場1F出口
臺北市內湖區康寧國民小學,星雲街121號,63000100,25.080064,121.594819,其他,其他場所,活動中心平台
華信航空股份有限公司,台北市松山區敦化北路405巷123弄3號,63000010,25.06304,121.557636,長距離交通工具,航空器,B-16853飛機
華信航空股份有限公司,台北市松山區敦化北路405巷123弄3號,63000010,25.06304,121.557636,長距離交通工具,航空器,B-16851飛機
華信航空股份有限公司,台北市松山區敦化北路405巷123弄3號,63000010,25.06304,121.557636,長距離交通工具,航空器,B16861飛機
臺北大巨蛋,忠孝東路4段545號,63000020,25.04260664,121.5614553,大型休閒場所,運動場館(如小巨蛋),棒球博物館入口
華信航空股份有限公司,台北市松山區敦化北路405巷123弄3號,63000010,25.06304,121.557636,長距離交通工具,航空器,B16860飛機
凱達格蘭文化館,中山路3-1號,63000120,25.137067,121.505788,大型休閒場所,博物館,一樓大廳大門左側
台北市河濱自行車租借站大稻埕站,民生西路底，大稻埕疏散門進入，大稻埕碼頭旁。,63000060,25.056367,121.507598,其他,其他場所,大稻埕租車站貨櫃內
台北市河濱自行車租借站馬場町站,開車請由青年路底水源路交叉口，馬場疏散門進入。,63000070,25.019772,121.504435,其他,其他場所,櫃台右側
台北市河濱自行車租借站景福站,自來水園區公館水岸廣場上(思源路底)永福橋旁,63000050,25.011213,121.528235,其他,其他場所,景福租借站內
台北市河濱自行車租借站木柵站,新光路2段，動物園前方道南河濱公園廣場上。,63000080,24.999429,121.580152,其他,其他場所,台北市河濱自行車租借站木柵站
台北市河濱自行車租借站觀山站,塔悠路轉入塔悠疏散門往大直橋方向，高速公路橋下方。,63000060,25.071062,121.570179,其他,其他場所,櫃檯後方
台北市河濱自行車租借站大佳站,大佳河濱公園九號水門旁,63000010,25.07469,121.541101,其他,其他場所,櫃檯後方
台北市河濱自行車租借站彩虹站,開車經越堤坡道(新湖2路與堤頂大道交會口臨河側附近)轉入河濱公園於麥帥一橋右岸下、步行由彩虹橋或行善路前往麥帥一橋右岸),63000010,25.052849,121.573795,其他,其他場所,彩虹租車站內
台北市河濱自行車租借站美堤站,美堤疏散門(敬業三路底)進入後左轉，土坡曲道賽場旁。,63000040,25.075376,121.558549,其他,其他場所,台北市河濱自行車租借站美堤站
台北市河濱自行車租借站關渡站,知行路上，關渡宮北側，關渡碼頭旁。,63000120,25.12242,121.461888,其他,其他場所,櫃台右側
臺北市立松山高級商業家事職業學校,松山路655號,63000020,25.035129,121.58005,學校、大型集會場所,高中職,傳達室
臺北市松山區美仁里里民活動場所(3鄰鄰長住宅),寧安街68巷15-1號1樓,63000010,25.051284,121.554335,其他,其他場所,寧安街68巷15-1號1樓
臺北市松山區美仁里里民活動場所(敦北園中園大樓),北寧路58號,63000010,25.050254,121.552833,其他,其他場所,北寧路58號
育達學校財團法人臺北市私立育達高級中等學校,寧安街12號,63000010,25.04992,121.554447,學校、大型集會場所,高中職,學校健康中心
臺北市松山區美仁里里民活動場所,八德路3段99巷12-8號,63000010,25.049193,121.553517,其他,其他場所,八德路3段99巷12-8號1樓
臺北自來水園區環境教育中心,思源街1號,63000050,25.012506,121.532342,觀光旅遊地區,地方政府主管風景區,環教中心1樓
統一超商股份有限公司總公司,東興路65號2F,63000020,25.046907,121.566594,其他,其他場所,總公司辦公室2F
NisoroFit 台北南京三民店,南京東路五段176號,63000010,25.051278,121.563409,學校、大型集會場所,健身房,運動區
財團法人台北市文化基金會臺北市影視音實驗教育機構,汀州路三段230巷18弄5-2號,63000050,25.010089,121.532141,其他,其他場所,台北市中正區汀州路三段230巷18弄5-2號
欣葉國際餐飲-台灣料理創始店,雙城街34-1號,63000040,25.066547,121.524153,其他,其他場所,1樓門市入口處
臺北市私立滬江高級中學,羅斯福路六段336號,63000080,24.989488,121.538885,學校、大型集會場所,高中職,滬江高中信義樓一樓
國泰商旅股份有限公司敦南分公司(慕軒飯店),敦化南路1段331號,63000030,25.033942,121.54929,其他,其他場所,一樓大廳走道
前港公園游泳池,前港街45號,63000110,25.085832,121.521127,其他,其他場所,入口大廳右側
台灣新光保全股份有限公司科技總部,行愛路128號1樓,63000100,25.063894,121.580118,其他,其他場所,大門入口右側
台灣新光保全股份有限公司2館優勢領航大樓,新湖二路128號3樓,63000100,25.062436,121.578749,其他,其他場所,3樓左側屋內
臺北市私立南華高級中學職業進修學校,汀州路三段58號,63000050,25.01568,121.531079,學校、大型集會場所,高中職,一樓川堂
財團法人台北市南海普陀山慧濟寺,中山北路七段190巷34-1號,63000110,25.12634,121.536201,其他,其他場所,寺務處門口
澤力有限公司,仁愛路四段407-1號,63000030,25.038069,121.555829,其他,其他場所,休息區
sky fitness,承德路三段9-1號,63000060,25.063301,121.518681,其他,其他場所,入口右手邊
臺北市萬華區龍山國民小學,和平西路3段235號,63000070,25.036439,121.495917,其他,其他場所,健康中心內
長庚生物科技公司-身心靈轉化中心,民生東路4段54號1樓,63000010,25.057665,121.551118,學校、大型集會場所,健身房,健身房入口
家福股份有限公司台北桂林分公司(家樂福桂林店),桂林路1號,63000070,25.037743,121.50629,大型購物場所,賣場,3F
家福股份有限公司臺北重慶分公司(家樂福重慶店),重慶北路二段171號,63000060,25.059148,121.513807,大型購物場所,賣場,B1收銀線
欣葉國際餐飲-台灣料理忠孝店,忠孝東路4段112號2樓,63000030,25.041364,121.546893,其他,其他場所,餐廳櫃檯前與#10桌間”大柱子”上
臺灣士林地方法院,士東路190號,63000110,25.112514,121.53308,學校、大型集會場所,法院,法警室門口
欣葉國際餐飲-日本料理健康店,健康路156號,63000010,25.053597,121.557174,其他,其他場所,餐廳入口處
臺北市中山區吉林國民小學,長春路116號,63000040,25.054721,121.52963,其他,其他場所,穿堂
馬偕學校財團法人馬偕醫護管理專科學校(關渡校區),聖景路92號,63000120,25.12194737,121.4645596,學校、大型集會場所,大專院校,關渡校區慈輝樓1樓
臺北市私立金甌女子高級中學,杭州南路2段1號,63000030,25.034768,121.524182,學校、大型集會場所,高中職,警衛室
台灣虎航股份有限公司,敦化北路405巷123弄3號,63000010,25.06304,121.557636,長距離交通工具,航空器,B-50001航機，第13排 DEF行李艙
台灣虎航股份有限公司,敦化北路405巷123弄3號,63000010,25.06304,121.557636,長距離交通工具,航空器,"B-50016航機, 第13排 DEF行李艙"
日勝生加賀屋國際溫泉飯店,光明路236號,63000120,25.135921,121.50689,大型公眾浴場或溫泉區,溫泉區,5樓櫃台後方逃生口旁走道
國立臺北藝術大學_警衛室,學園路1號警衛室,63000120,25.130315,121.466847,學校、大型集會場所,大專院校,警衛室
台灣虎航股份有限公司,敦化北路405巷123弄3號,63000010,25.06304,121.557636,長距離交通工具,航空器,"B-50018航機, 第13排 DEF行李艙"
臺北大巨蛋,忠孝東路4段545號,63000020,25.04260664,121.5614553,大型休閒場所,運動場館(如小巨蛋),巨蛋國際中心一樓大廳
凱基證券(大直 總公司),明水路700號4樓,63000040,25.085031,121.551862,其他,其他場所,四樓電梯出口左方
臺灣當代文化實驗場,建國南路一段177號,63000030,25.038984,121.538886,其他,其他場所,面會吧內
中國文化大學 大恩館,華岡路55號,63000110,25.136543,121.538749,學校、大型集會場所,大專院校,大雅館（女生宿舍）
國立臺灣師範大學公館校區(汀州路4段88號),汀州路4段88號,63000080,25.007963,121.536905,學校、大型集會場所,大專院校,公館校區體育運動大樓一樓
臺北市私立薇閣高級中學,珠海路50號,63000120,25.138874,121.503907,學校、大型集會場所,高中職,進德樓一樓
國立臺灣大學(校總區),羅斯福路4段1號,63000030,25.016323,121.534463,學校、大型集會場所,大專院校,社科學院警衛室
國立臺北藝術大學_衛生保健組,學園路1號衛生保健組,63000120,25.132518,121.469682,學校、大型集會場所,大專院校,衛生保健組
特力屋股份有限公司士林分公司,基河路258號1F,63000110,25.092605,121.5202,大型購物場所,賣場,1F入口處
臺北市松山區東昌里民活動場所,民生東路4段112巷7弄24號,63000010,25.056572,121.555272,其他,其他場所,台北市松山區東昌里里辦公處大門口
臺北市政府青年局,仁愛路一段17號,63000050,25.038999,121.522365,其他,其他場所,本局1樓大廳
臺北市中山區行孝里辦公處,民族東路282號5樓,63000040,25.068077,121.534973,其他,其他場所,行孝里辦公處
大同大學,中山北路3段40號,63000040,25.06684013,121.5222096,學校、大型集會場所,大專院校,體育室-辦公室
臺北市政府青年局,仁愛路一段17號,63000050,25.038999,121.522365,其他,其他場所,本局地下1樓直排輪場域
國立政治大學,指南路2段64號,63000080,24.986398,121.574983,學校、大型集會場所,大專院校,環山網球場管理室
臺北市立內湖高級工業職業學校,內湖路一段520號,63000100,25.079369,121.575514,學校、大型集會場所,高中職,行政大樓1樓川堂
國立政治大學,指南路2段64號,63000080,24.986398,121.574983,學校、大型集會場所,大專院校,商學院1樓管理室外面
臺北市私立東方高級工商職業學校,信義路四段186巷8號,63000030,25.032235,121.551453,學校、大型集會場所,高中職,大門口警衛室內
國立政治大學,指南路2段64號,63000080,24.986398,121.574983,學校、大型集會場所,大專院校,行政大樓2樓大廳
兄弟大飯店,南京東路三段255號,63000010,25.051998,121.544478,旅宿場所,飯店,商店部門口
國都汽車陽明服務廠,大業路6號,63000120,25.121955,121.499694,其他,其他場所,服務廠客休室
臺北市私立稻江高級護理家事職業學校,新生北路3段55號,63000040,25.065354,121.528616,學校、大型集會場所,高中職,稻江護家警衛室
福容大飯店股份有限公司台北分公司,建國南路一段266號,63000030,25.036628,121.53721,其他,其他場所,三樓麗泉俱樂部內
國立教育廣播電臺,南海路45號,63000050,25.032621,121.51123,其他,其他場所,大門進入後之大廳右側
臺北市私立志仁高級中學職業進修學校,南京西路64巷17號,63000060,25.052162,121.518758,學校、大型集會場所,高中職,1樓辦公室
開南學校財團法人臺北市開南高級中等學校,濟南路一段6號,63000050,25.04242,121.521821,學校、大型集會場所,高中職,健康中心
臺北市立百齡高級中學,承德路四段177號,63000110,25.08699,121.523062,學校、大型集會場所,高中職,一樓穿堂 公用電話旁
臺北市私立泰北高級中學,福林路240號,63000110,25.097366,121.533946,學校、大型集會場所,高中職,泰北高中向榮樓健康中心前方
健身銀行(在一起運動工作室),忠孝東路五段423巷4弄16號,63000020,25.0412995,121.5762301,其他,其他場所,忠孝東路5段423巷4弄16號
臺北市私立華岡藝術學校,建業路73巷8號,63000110,25.137145,121.549095,學校、大型集會場所,高中職,保健室
臺北市私立大誠高級中學,秀明路2段175號,63000080,24.991053,121.578524,學校、大型集會場所,高中職,健康中心
臺北市私立東山高級中學,老泉街26巷3號,63000080,24.972689,121.561698,學校、大型集會場所,高中職,健康中心外
國立政治大學,指南路2段64號,63000080,24.986398,121.574983,學校、大型集會場所,大專院校,政治大學游泳館大門內側
臺北市立大學博愛校區,愛國西路1號,63000050,25.037044,121.51333,學校、大型集會場所,大專院校,公誠樓地下2樓游泳池櫃台對面
健身工廠信義廠,松壽路22號4樓,63000020,25.035532,121.568102,學校、大型集會場所,健身房,櫃台前方
臺北市公有士林市場,基河路101號,63000110,25.087887,121.52411,其他,其他場所,士林市場清潔室入口
臺北市立動物園,新光路二段30號,63000080,24.998347,121.581036,其他,其他場所,保養場
臺北市立動物園,新光路二段30號,63000080,24.998347,121.581036,其他,其他場所,企鵝館
臺北市立動物園,新光路二段30號,63000080,24.998347,121.581036,其他,其他場所,溫帶區
臺北市立動物園,新光路二段30號,63000080,24.998347,121.581036,其他,其他場所,溫帶區
臺北市立動物園,新光路二段30號,63000080,24.998347,121.581036,其他,其他場所,非洲區
臺北市立動物園,新光路二段30號,63000080,24.998347,121.581036,其他,其他場所,非洲區
臺北市立動物園,新光路二段30號,63000080,24.998347,121.581036,其他,其他場所,非洲區
臺北市立動物園,新光路二段30號,63000080,24.998347,121.581036,其他,其他場所,非洲區
臺北市立動物園,新光路二段30號,63000080,24.998347,121.581036,其他,其他場所,澳洲區
臺北市立動物園,新光路二段30號,63000080,24.998347,121.581036,其他,其他場所,沙澳區
臺北市立動物園,新光路二段30號,63000080,24.998347,121.581036,其他,其他場所,鳥園
臺北市立動物園,新光路二段30號,63000080,24.998347,121.581036,其他,其他場所,亞洲熱帶雨林區
臺北市立動物園,新光路二段30號,63000080,24.998347,121.581036,其他,其他場所,亞洲熱帶雨林區
臺北市立動物園,新光路二段30號,63000080,24.998347,121.581036,其他,其他場所,穿山甲館
臺北市立動物園,新光路二段30號,63000080,24.998347,121.581036,其他,其他場所,鳥園車站
臺北市立動物園,新光路二段30號,63000080,24.998347,121.581036,其他,其他場所,園內站
臺北市立動物園,新光路二段30號,63000080,24.998347,121.581036,其他,其他場所,列車總站
臺北市立動物園,新光路二段30號,63000080,24.998347,121.581036,其他,其他場所,大門廣場
臺北市立動物園,新光路二段30號,63000080,24.998347,121.581036,其他,其他場所,兒童動物區
臺北市立動物園,新光路二段30號,63000080,24.998347,121.581036,其他,其他場所,兒童動物區
臺北市立動物園,新光路二段30號,63000080,24.998347,121.581036,其他,其他場所,臺灣動物區
臺北市立動物園,新光路二段30號,63000080,24.998347,121.581036,其他,其他場所,臺灣動物區
臺北市立動物園,新光路二段30號,63000080,24.998347,121.581036,其他,其他場所,昆蟲館
臺北市立動物園,新光路二段30號,63000080,24.998347,121.581036,其他,其他場所,昆蟲館
臺北市立動物園,新光路二段30號,63000080,24.998347,121.581036,其他,其他場所,蟲蟲探索谷
臺北市立動物園,新光路二段30號,63000080,24.998347,121.581036,其他,其他場所,圖書館
臺北市立動物園,新光路二段30號,63000080,24.998347,121.581036,其他,其他場所,教育中心
臺北市立動物園,新光路二段30號,63000080,24.998347,121.581036,其他,其他場所,教育中心
臺北市立動物園,新光路二段30號,63000080,24.998347,121.581036,其他,其他場所,行政大樓
臺北市立動物園,新光路二段30號,63000080,24.998347,121.581036,其他,其他場所,新光特展館
臺北市私立達人高級中學,內湖路2段314號,63000100,25.081253,121.587643,學校、大型集會場所,高中職,輔導中心前
哈拉數位影城,康寧路3段72號,63000100,25.06982,121.611421,大型休閒場所,電影片映演場所(戲院、電影院),四樓大廳中間
交通部臺灣鐵路管理局臺北運務段萬華站,康定路382號,63000070,25.033349,121.500442,交通要衝,台鐵車站,萬華站西剪票口
交通部臺灣鐵路管理局臺北運務段臺北站,北平西路3號1樓,63000050,25.047924,121.517081,交通要衝,台鐵車站,B2F月台層第三月台旅客響導室內
交通部臺灣鐵路管理局臺北運務段臺北站,北平西路3號1樓,63000050,25.047924,121.517081,交通要衝,台鐵車站,1樓北側鐵路警察局外
交通部臺灣鐵路管理局臺北運務段臺北站,北平西路3號1樓,63000050,25.047924,121.517081,交通要衝,台鐵車站,1樓大廳南側服務中心內
臺北市私立大同高級中學,中山北路三段40號,63000040,25.066838,121.522184,學校、大型集會場所,高中職,健康中心櫃架
交通部臺灣鐵路管理局臺北運務段臺北站,北平西路3號1樓,63000050,25.047924,121.517081,交通要衝,台鐵車站,B2F月台層第四月台嚮導室內
國營臺灣鐵路股份有限公司北區營運處臺北運務段松山站,永吉里松山路11號,63000020,25.049263,121.578054,交通要衝,台鐵車站,東邊剪收票口入口右前方
艾瑞斯健身工作室,忠孝東路四段54號四樓,63000030,25.041372,121.545089,其他,其他場所,健身區
北都汽車股份有限公司-lexus內湖所廠,瑞光路356號,63000100,25.077034,121.572925,其他,其他場所,入口玻璃門旁
首都飯店松山館,八德路四段658號,63000010,25.0498897,121.5756847,旅宿場所,旅館,旅館大廳
北都汽車股份有限公司-lexus大安所,忠孝東路三段1號億光大樓,63000010,25.042019,121.538104,其他,其他場所,展示間
國都汽車L松江營所,松江路433號,63000040,25.06575046,121.5334977,其他,其他場所,營業所展間
北都汽車股份有限公司-內湖所廠,內湖路一段91巷34號,63000100,25.085628,121.56227,其他,其他場所,營業櫃檯後方
北都汽車股份有限公司-敦化所,八德路三段2號1樓,63000010,25.048114,121.549426,其他,其他場所,展示間吧台處
中國石油化學工業開發股份有限公司臺北營業所,東興路12號,63000010,25.0496968,121.5650519,其他,其他場所,本棟大樓9樓
北都汽車雙園所,西園路2段161號,63000070,25.028871,121.495889,其他,其他場所,1樓櫃台後方
臺北市信義區吳興國民小學,松仁路226號,63000020,25.025743,121.568716,其他,其他場所,交通安全室外
焠齡運動空間,景興路59、61號1樓,63000080,24.996541,121.5448579,學校、大型集會場所,健身房,本館飲水機上方
洛碁大飯店中華館,中華路一段41號13樓,63000050,25.044924,121.509441,旅宿場所,旅館,飯店大廳 電梯口
北都汽車股份有限公司-光復所廠,光復北路15號,63000010,25.049718,121.558073,其他,其他場所,1樓結帳辦公室
北都汽車股份有限公司-松山廠,基隆路一段88號,63000020,25.046411,121.567326,其他,其他場所,3樓結帳櫃檯後方
北都汽車股份有限公司中古車所,南港路3段92號,63000090,25.053879,121.590551,其他,其他場所,接洽大廳
北都汽車總公司大樓,南港路2段312號,63000090,25.054884,121.59429,其他,其他場所,客戶休息室內
北都汽車股份有限公司-中正廠,忠孝東路2段122號,63000050,25.042475,121.531596,其他,其他場所,1樓辦公室結帳櫃檯後方
北都汽車股份有限公司-萬大廠,艋舺大道91號,63000070,25.033782,121.502704,其他,其他場所,客戶休息室
hamerfitness石牌店,東華街二段6號2樓,63000120,25.1157933,121.5150171,學校、大型集會場所,健身房,場館進門左手邊
天溪綠地游泳池,中山北路7段219巷3弄170號,63000110,25.128423,121.53118,其他,其他場所,盥洗室出路口
國都汽車士林營業所,文昌路69號,63000110,25.095783,121.521022,其他,其他場所,營業所展示間
桑富士運動俱樂部,平陽街29號,63000060,25.055138,121.516998,學校、大型集會場所,健身房,一樓櫃台正前方牆面
臺北市立大學附設實驗國民小學,公園路29號,63000050,25.036073,121.515246,其他,其他場所,教務處前飲水機旁
北都汽車股份有限公司-撫遠廠,撫遠街419號,63000010,25.067394,121.566188,其他,其他場所,服務接待櫃台後方
國都L濱江廠,濱江街251號,63000040,25.072852,121.541586,其他,其他場所,服務廠客休室
臺北市私立華興小學,仰德大道一段101號,63000110,25.104975,121.538437,其他,其他場所,教學大樓鐵捲門旁
Curves女性專用30分鐘健身中心-信義通化店,信義路四段263號3樓之1,63000030,25.033406,121.553989,學校、大型集會場所,健身房,大門入口側邊櫃子上
上引水產有限公司(台北漁市),民族東路410巷2弄18號,63000040,25.066673,121.537108,大型購物場所,商場,賣場中央位置區
國都汽車南松江營業所,松江路127號,63000040,25.053374,121.533248,其他,其他場所,營業所展示間
Curves可爾姿女性30分鐘環狀運動 內湖西湖店,內湖路1段360巷15號7樓之4,63000100,25.081241,121.571049,學校、大型集會場所,健身房,辦公室冰箱上面
嘉賓閣旅館股份有限公司,光明路230號,63000120,25.135904,121.506039,大型公眾浴場或溫泉區,溫泉區,光明路230號3樓
南山人壽保險股份有限公司(南山人壽大樓),民權東路二段144號,63000040,25.062269,121.533887,其他,其他場所,1樓大廳
家福股份有限公司台北內湖分公司(家樂福內湖店),民善街88號,63000100,25.060415,121.575298,大型購物場所,賣場,2F收銀線結帳處
Curves女性專用30分鐘健身中心忠孝新生店,新生南路1段60號3樓,63000050,25.040679,121.53245,學校、大型集會場所,健身房,店內櫃台旁
Curves女性專用30分鐘健身中心信義永康店,信義路二段222號2樓,63000030,25.033409,121.531367,學校、大型集會場所,健身房,辦公室
南港轉運站西站,忠孝東路七段359號,63000090,25.052485,121.606593,交通要衝,轉運站,1樓大廳
臺北市公有華山市場,忠孝東路1段108號,63000050,25.044194,121.524834,其他,其他場所,2樓1號攤前公共走道
台北之家（光點台北）,中山北路二段18號,63000040,25.053279,121.522161,大型休閒場所,電影片映演場所(戲院、電影院),1F入口處
世正經貿大樓,經貿二路66號,63000090,25.057065,121.616403,其他,其他場所,台北市南港區經貿二路66號2樓服務台旁
勁能健身俱樂部,八德路四段465號2樓,63000010,25.050068,121.570909,學校、大型集會場所,健身房,健身區
臺北市立景興國民中學,景興路46巷2號,63000080,24.996187,121.544225,學校、大型集會場所,國中,健康中心外走廊
臺北市文山區萬興國民小學,秀明路2段114號,63000080,24.990429,121.576593,其他,其他場所,活動中心1樓游泳池入口處
財團法人台灣文學發展基金會市定古蹟紀州庵及新館營運管理處,同安街107號,63000050,25.021649,121.520421,大型休閒場所,博物館,2F
美麗信酒店股份有限公司,市民大道三段83號,63000040,25.044986,121.537029,其他,其他場所,飯店大廳
臺北市政府工務局衛生下水道工程處,酒泉街235號,63000060,25.0725688,121.5104486,其他,其他場所,本處一樓大廳
東南亞秀泰影城,羅斯福路4段136巷3號,63000050,25.012775,121.535355,大型休閒場所,電影片映演場所(戲院、電影院),2樓販賣部旁邊
大直橋下基層訓練站,基隆河左岸大佳段大直橋下貨櫃屋,63000040,25.074788,121.531518,其他,其他場所,基隆河左岸大佳段大直橋下貨櫃屋
青年公園棒球場,水源路199號,63000070,25.022052,121.506905,大型休閒場所,運動場館(如小巨蛋),正門入口處
臺北網球場,南京東路四段6號,63000010,25.051289,121.551796,大型休閒場所,運動場館(如小巨蛋),台北網球場
臺北市極限運動訓練中心,忠孝東路七段382號,63000090,25.051855,121.607311,學校、大型集會場所,健身房,訓練中心一樓重訓室
臺北體育館技擊館,南京東路4段10號4樓,63000010,25.051128,121.552002,學校、大型集會場所,健身中心,4樓球場東側走道
新生公園棒球場,新生北路3段105號,63000040,25.068958,121.532543,其他,其他場所,正門入口處
台北大倉久和大飯店健身俱樂部,南京東路1段9號20樓,63000040,25.052506,121.523313,學校、大型集會場所,健身房,20樓健身房入口正前方
臺北市松山區美仁里里民活動場所,八德路3段99巷12-8號,63000010,25.049193,121.553517,其他,其他場所,八德路3段99巷12-8號
臺北市松山區美仁里里民活動場所,八德路3段99巷12-8號,63000010,25.049193,121.553517,其他,其他場所,八德路3段99巷12-8號
北投焚化廠回饋設施洲美運動公園(主題館),洲美街271號(洲美運動公園),63000120,25.109602,121.499364,學校、大型集會場所,健身中心,游泳館飲水機旁
南港東明青銀就業服務站,南港路二段60巷19號1、2樓,63000090,25.054443,121.604794,其他,其他場所,南港東明青銀就業服務站2樓
臺北市私立華興高級中等學校,仰德大道1段101號,63000110,25.095049,121.524608,學校、大型集會場所,大專院校,美齡樓4樓
香港商世界健身事業有限公司天母分公司,中山北路7段34號,63000110,25.119924,121.531148,學校、大型集會場所,健身房,1樓洽談區
寒舍國際酒店股份有限公司,松高路18號,63000020,25.038884,121.567516,其他,其他場所,8樓健身中心器材區域
300壯士跨時代健身中心,漢口街2段73號B1,63000070,25.046304,121.504496,學校、大型集會場所,健身房,健身房入口處
國都濱江服務廠,濱江街269號,63000040,25.072604,121.542531,其他,其他場所,服務廠展間
中央研究院,研究院路2段128號,63000090,25.042905,121.613095,其他,其他場所,生化所一樓櫃台旁
Curves女性專用30分鐘環狀運動北投店,磺港路8號4樓,63000120,25.133249,121.502095,學校、大型集會場所,健身房,置物櫃旁
Curves女性專用30分鐘健身中心內湖成功店,成功路四段34號二樓,63000100,25.081816,121.591676,學校、大型集會場所,健身房,Curves女性30分鐘環狀運動
臺北市政府警察局松山分局東社派出所,敦化北路199巷5號,63000010,25.056688,121.550213,公眾服務單位設施,派出所,值班台旁
臺北市政府警察局信義分局六張犁派出所,嘉興街301號,63000020,25.02367434,121.5551985,公眾服務單位設施,派出所,派出所大門進入直走到底後門旁
臺北市政府警察局松山分局松山派出所,八德路4段692號,63000010,25.049957,121.577389,公眾服務單位設施,派出所,值班台旁
臺北市政府警察局中山分局建國派出所,民族東路284號,63000040,25.068007,121.536047,公眾服務單位設施,派出所,1樓門口
臺北市政府警察局信義分局五分埔派出所,永吉路333號,63000020,25.045646,121.575887,公眾服務單位設施,派出所,一樓半
臺北市政府警察局南港分局玉成派出所,向陽路150號,63000090,25.055028,121.594756,公眾服務單位設施,派出所,受理報案區內
交通部高速公路局北區養護工程分局,成功路2段193巷12號,63000100,25.066261,121.591331,其他,其他場所,行政大樓1樓大廳
臺北市政府警察局南港分局南港派出所,經貿二路239號,63000090,25.06086616,121.6146164,公眾服務單位設施,派出所,1樓大廳值班台旁
臺北市政府警察局中山分局圓山派出所,中山北路3段62號,63000040,25.072731,121.523861,公眾服務單位設施,派出所,一樓值班檯旁
臺北市政府警察局南港分局舊莊派出所,舊莊街一段213號,63000090,25.038431,121.622663,公眾服務單位設施,派出所,一樓大門入口左側，值勤檯前
臺北市政府警察局中山分局長安東路派出所,長安東路2段165號,63000040,25.048447,121.540529,公眾服務單位設施,派出所,值班台旁
台北大倉久和大飯店,南京東路一段9號1樓,63000040,25.052401,121.523334,旅宿場所,旅館,大廳
臺北市政府警察局信義分局吳興街派出所,吳興街262號,63000020,25.026586,121.563928,公眾服務單位設施,派出所,派出所大門進入右方
臺北市政府警察局松山分局三民派出所,三民路5段163之1號,63000010,25.059536,121.563066,公眾服務單位設施,派出所,三民派出所備勤室內
臺北市政府警察局信義分局福德街派出所,福德街86號(福德街派出所),63000020,25.03772618,121.5819729,公眾服務單位設施,派出所,1樓值班台後方
臺北市政府警察局交通警察大隊信義分隊,信義路5段17號西側,63000020,25.03317,121.567508,其他,其他場所,一樓辦公室為民服務區
臺北市中山區力行里固定里民活動場所,遼寧街45巷24號,63000040,25.048745,121.542948,其他,其他場所,力行里固定里民活動場所
臺北市政府警察局中山分局警備隊,長安西路3號五樓,63000040,25.05016305,121.5212012,公眾服務單位設施,派出所,一樓辦公室(大門入口左側)
臺北市政府警察局中山分局長春路派出所,長春路206號1樓,63000040,25.05464,121.536047,公眾服務單位設施,派出所,值班台旁
Curves女性專用30分鐘健身中心古亭店,羅斯福路二段116號3樓之1,63000050,25.026369,121.52274,學校、大型集會場所,健身房,置物櫃左側
英業達股份有限公司A棟,後港街66號,63000110,25.085703,121.52206,其他,其他場所,台北市士林區後港街66號
Curves 女性專用30分鐘健身中心東湖店,東湖路33巷17號,63000100,25.069596,121.613479,學校、大型集會場所,健身房,運動區
英業達股份有限公司D棟,承德路四段166號,63000110,25.085741,121.523071,其他,其他場所,公司D棟大廳
北都汽車股份有限公司-大安所廠,和平東路二段128號,63000030,25.024602,121.543701,其他,其他場所,A廠出入口
南京雙星國宅,南京東路五段四十五號、四十七號,63000010,25.051731,121.558625,其他,其他場所,南京雙星管委會會議室
Curves 女性專用30分鐘健身中心忠孝敦化店,忠孝東路4段250號2樓之3,63000030,25.041271,121.554177,學校、大型集會場所,健身房,健身區
寶藏巖國際藝術村,汀洲路3段230巷14弄2號,63000050,25.010654,121.532383,觀光旅遊地區,文化園區,寶藏巖國際藝術村
楓肌力MP Health Fitness,富康街21號1樓,63000090,25.053742,121.617389,其他,其他場所,接待區
臺北市立大同高級中學,長春路167號,63000040,25.055031,121.535198,學校、大型集會場所,高中職,臺北市立大同高級中學游泳池
臺北市大安區古亭國民小學,羅斯福路三段201號,63000030,25.020583,121.528777,其他,其他場所,健康中心
香港商世界健身事業有限公司公館分公司,羅斯福路四段68號2F,63000050,25.014616,121.53423,學校、大型集會場所,健身房,2F櫃檯飲料販賣機旁邊
優力國際安全認證有限公司,大業路260號1F,63000120,25.126384,121.498596,其他,其他場所,一樓逃生疏散樓梯旁
Curves女性30分鐘環狀運動和平科技店,和平東路二段257號3樓,63000030,25.024857,121.543868,學校、大型集會場所,健身房,"3F大門進入,櫃台前方約200公分距離"
臺北市立兒童新樂園,承德路5段55號,63000110,25.097094,121.514709,觀光旅遊地區,民營遊樂業,2樓美食街外廣場
行政院人事行政總處公務人力發展學院福華國際文教會館,新生南路3段30號,63000030,25.022831,121.534192,旅宿場所,飯店,地下室一樓休閒中心櫃檯旁
國立臺北教育大學(體育館),和平東路2段134號,63000030,25.022729,121.545103,學校、大型集會場所,大專院校,體育館一樓體育室門口
臺北市政府社會局委託財團法人台北市自閉兒社會福利基金會經營管理臺北市東湖發展中心,東湖路1號4、5樓,63000100,25.049847,121.57685,其他,其他場所,3樓辦公室
大同股份有限公司,中山北路3段22號,63000040,25.064449,121.521711,其他,其他場所,新設工2樓餐廳內
大同股份有限公司,中山北路3段22號,63000040,25.064449,121.521711,其他,其他場所,北設工大樓一樓大廳
臺北市立民生國民中學,新東街30巷1號,63000010,25.059805,121.566737,其他,其他場所,民生國中室內游泳池
臺北市政府警察局信義分局三張犁派出所,信義路五段17號1樓,63000020,25.0332045,121.5676304,公眾服務單位設施,派出所,臺北市信義區信義路五段17號1樓(三張犁派出所)
財團法人國家實驗研究院國家地震工程研究中心,辛亥路三段200號,63000030,25.017325,121.547896,其他,其他場所,本中心大廳
中華郵政股份有限公司金山大樓,金山南路二段55號,63000030,25.0322008,121.5272488,其他,其他場所,本棟大樓大廳
Curves女性專用30分鐘健身中心天母店,天母西路3號3樓之11,63000110,25.119208,121.529596,其他,其他場所,3樓健身房面向運動區左方柱子後側
家福股份有限公司台北天母分公司(家樂福天母店),德行西路47號,63000110,25.105749,121.52274,大型購物場所,賣場,2F收銀線外
天溪綠地游泳池,中山北路7段219巷3弄170號,63000110,25.128423,121.53118,其他,其他場所,游泳池入口進入泳池旁
臺北南港展覽館2館,經貿二路2號,63000090,25.056239,121.615618,其他,其他場所,展覽館1樓
交通部運輸研究所,敦化北路240號,63000010,25.060121,121.549497,其他,其他場所,1樓大廳
超越體能顧問有限公司,南京東路四段17號b1,63000010,25.051908,121.550245,學校、大型集會場所,健身房,下樓梯右側
財團法人台灣文學發展基金會市定古蹟紀州庵及新館營運管理處,同安街107號,63000050,25.021649,121.520421,大型休閒場所,博物館,1F
台北美福大飯店,樂群二路55號,63000040,25.080489,121.553897,其他,其他場所,1樓商務中心
誠品行旅,菸廠路98號,63000020,25.0445736,121.5614532,旅宿場所,旅館,飯店入口服務中心
沃田有限公司,中山北路7段127號,63000110,25.122814,121.531848,旅宿場所,旅館,1樓櫃檯
老爺榮康股份有限公司(北投老爺酒店),中和街2號,63000120,25.138848,121.501697,大型公眾浴場或溫泉區,溫泉區,1F大廳
禮客Outlet內湖二館,民善街215號1F,63000100,25.064639,121.574767,大型購物場所,商場,禮客內湖二館服務台前
臺北市政府警察局刑事警察大隊,重慶北路二段219號,63000060,25.06095826,121.5137266,公眾服務單位設施,警察分局,1樓值班台及3樓特勤中隊值班台入口
臺北市政府警察局大同分局寧夏路派出所,錦西街200號,63000060,25.05222458,121.5117383,公眾服務單位設施,派出所,一樓值勤臺右斜前方
臺北市政府警察局中正第二分局廈門街派出所,廈門街43號,63000050,25.025864,121.517685,公眾服務單位設施,派出所,值班台旁
臺北市政府警察局大同分局民生西路派出所,保安街47-1號,63000060,25.059224,121.512054,公眾服務單位設施,派出所,值班台左後方，受理報案區
臺北市政府警察局大安分局羅斯福路派出所,羅斯福路4段113巷13號(羅斯福路派出所),63000030,25.011194,121.538127,公眾服務單位設施,派出所,派出所一樓值班台旁
臺北市政府警察局交通警察大隊大安分隊,新生南路1段157巷19號4樓,63000030,25.035039,121.535775,其他,其他場所,值班台旁
臺北市政府警察局中正第一分局仁愛路派出所,仁愛路1段19號,63000050,25.039163,121.522573,公眾服務單位設施,派出所,值班臺旁
臺北市政府警察局中正第一分局忠孝東路派出所,忠孝東路二段10號,63000050,25.043674,121.527171,公眾服務單位設施,派出所,大門口旁
臺北市政府警察局中正第二分局思源街派出所,汀州路三段72號,63000050,25.015134,121.532063,公眾服務單位設施,派出所,值班台右前方
臺北市政府警察局大同分局民族路派出所,重慶北路三段168號,63000060,25.068829,121.51348,公眾服務單位設施,派出所,進門右手邊角落(警報台旁)
臺北市政府警察局松山分局中崙派出所,南京東路4段12號,63000010,25.050613,121.552391,公眾服務單位設施,派出所,大門入口右側
臺北市政府警察局松山分局民有派出所,民權東路3段162號,63000010,25.061853,121.54812,公眾服務單位設施,派出所,民有派所值班台旁
臺北市政府警察局內湖分局潭美派出所,新明路324號,63000100,25.055359,121.581576,公眾服務單位設施,派出所,辦公室內
臺北市政府警察局中正第一分局忠孝西路派出所,公園路15號,63000050,25.045088,121.517314,公眾服務單位設施,派出所,一樓值勤台旁
臺北市政府警察局南港分局同德派出所,同德路83號,63000090,25.046109,121.585677,公眾服務單位設施,派出所,1樓辦公室內
臺北市政府警察局中山分局,中山北路2段1號,63000040,25.05260935,121.5228309,公眾服務單位設施,警察分局,1樓大廳出入口右側
臺北市政府警察局交通警察大隊大同分隊,昌吉街57號5樓之2,63000060,25.066061,121.515106,其他,其他場所,民眾洽公服務區
臺北市政府警察局大同分局延平派出所,延平北路一段86號,63000060,25.052166,121.511693,公眾服務單位設施,派出所,值班台旁
臺北市政府警察局大同分局建成派出所,承德路1段80號,63000060,25.052725,121.517341,公眾服務單位設施,派出所,值班台右後側
臺北市政府警察局中山分局中山一派出所,中山北路一段110號,63000040,25.050006,121.521431,公眾服務單位設施,派出所,志工服務台左側
臺北市政府警察局大同分局重慶北路派出所,重慶北路三段320之2號,63000060,25.075351,121.513553,公眾服務單位設施,派出所,值勤臺右側
臺北市政府警察局保安警察大隊,延壽街339號,63000010,25.0568,121.559617,公眾服務單位設施,警察分局,2樓大廳入口處(中庭右側)
臺北市政府警察局萬華分局青年路派出所,萬大路423巷112號,63000070,25.021913,121.50212,其他,其他場所,1樓值勤臺旁
臺北市政府警察局交通警察大隊直屬第三分隊,泉州街40號10樓,63000050,25.024225,121.512129,其他,其他場所,10樓值班台前
臺北市政府警察局刑事警察大隊,重慶北路二段219號,63000060,25.06095826,121.5137266,公眾服務單位設施,警察分局,1樓入口右邊
臺北市政府警察局中正第二分局泉州街派出所,中華路二段503號,63000050,25.024304,121.512073,公眾服務單位設施,派出所,值班台旁
臺北市政府警察局交通警察大隊中正第二分隊,泉州街40號8樓,63000050,25.024511,121.512328,其他,其他場所,8樓勤臺旁
臺北市政府警察局,延平南路96號1樓,63000050,25.0439422,121.5095664,公眾服務單位設施,警察分局,外事服務中心
臺北市政府警察局中正第二分局南昌路派出所,南昌路1段7號,63000050,25.032327,121.516608,公眾服務單位設施,派出所,值班台後方往二樓樓梯間。
臺北市政府警察局中正第一分局博愛路派出所,博愛路119號,63000050,25.041737,121.511619,公眾服務單位設施,派出所,民眾服務區櫃檯前
臺北市政府警察局交通警察大隊中正第一交通分隊,北平東路1號,63000050,25.047222,121.520938,其他,其他場所,駐地大門外側
臺北市政府警察局交通警察大隊中山分隊,長安西路3號3樓,63000040,25.050229,121.521122,公眾服務單位設施,派出所,值班台右側
臺北市政府警察局中正第二分局南海路派出所,南海路35號,63000050,25.032041,121.513975,公眾服務單位設施,派出所,值班台旁
臺北市政府警察局萬華分局莒光派出所,莒光路171號,63000070,25.031112,121.502761,其他,其他場所,一樓大門旁
臺北市政府警察局萬華分局西園路派出所,東園街17號,63000070,25.028137,121.495632,其他,其他場所,值勤臺後方
臺北市政府警察局萬華分局東園街派出所,長泰街130號,63000070,25.022316,121.498205,其他,其他場所,值勤臺旁
臺北市政府警察局內湖分局西湖派出所,瑞光路515號,63000100,25.079179,121.569151,公眾服務單位設施,派出所,派出所備勤室
臺北市政府警察局萬華分局龍山機動派出所,昆明街245號,63000070,25.037834,121.503935,其他,其他場所,1樓電腦桌辦公室內
臺北市政府警察局內湖分局(本部),民權東路6段101號,63000100,25.069189,121.589565,公眾服務單位設施,警察分局,1樓便民服務臺後面
臺北市政府警察局內湖分局文德派出所,民權東路6段26號,63000100,25.066589,121.578944,公眾服務單位設施,派出所,派出所值班台後方
臺北市政府警察局萬華分局西門町派出所,康定路22號1樓,63000070,25.045083,121.502865,其他,其他場所,值勤臺旁
臺北市政府警察局萬華分局西門町機動所,漢中街122號,63000070,25.042099,121.507367,其他,其他場所,1樓值勤臺旁
臺北市政府警察局萬華分局龍山派出所,桂林路135號1樓,63000070,25.03858,121.499354,其他,其他場所,一樓值班台旁
臺北市政府警察局萬華分局大理街派出所,大理街99號,63000070,25.034403,121.498298,其他,其他場所,大門入口左側
臺北市政府警察局中山分局民權一派出所,新生北路二段127之1號,63000040,25.059955,121.527944,公眾服務單位設施,派出所,派出所內，詳洽值班台
臺北市政府警察局萬華分局西門町機動所,漢中街122號,63000070,25.042099,121.507367,其他,其他場所,進大門口右側受理報案區前方
臺北市政府警察局萬華分局華江派出所,環河南路2段196號,63000070,25.034285,121.493218,其他,其他場所,值勤台右側
臺北市政府警察局交通警察大隊萬華分隊,環河南路2段102號6樓,63000070,25.036893,121.495492,其他,其他場所,值班台入口前
臺北市政府警察局交通警察大隊,愛國西路26號,63000050,25.035289,121.510978,公眾服務單位設施,警察分局,1樓值勤臺左側門旁
臺北市政府警察局萬華分局康定路派出所,和平西路3段112號,63000070,25.035082,121.50051,其他,其他場所,辦公室內
臺北市政府警察局中正第一分局介壽路派出所,公園路54號,63000050,25.039994,121.515535,公眾服務單位設施,派出所,派出所1樓辦公室後方
臺北市政府警察局大安分局敦化南路派出所,復興南路1段219-1號,63000030,25.040373,121.546911,公眾服務單位設施,派出所,值班臺旁
臺北市政府警察局大安分局,仁愛路3段2號,63000030,25.037872,121.533106,公眾服務單位設施,警察分局,1樓大廳值班臺旁
國立政治大學,指南路2段64號,63000080,24.986398,121.574983,學校、大型集會場所,大專院校,政治大學自強二舍大門內側
臺灣警察專科學校,興隆路三段153號,63000080,24.998038,121.561478,學校、大型集會場所,大專院校,樂群樓2樓
社團法人中華民國軍人之友社台北國軍英雄館,長沙街1段20號,63000050,25.040286,121.508698,其他,其他場所,7樓1至3號電梯外
臺灣警察專科學校,興隆路三段153號,63000080,24.998038,121.561478,學校、大型集會場所,大專院校,游泳池入口處
臺灣警察專科學校,興隆路三段153號,63000080,24.998038,121.561478,學校、大型集會場所,大專院校,大禮堂1樓
臺北市政府警察局士林分局後港派出所,福港街151號1樓,63000110,25.08728,121.517957,其他,其他場所,大門右邊
臺灣警察專科學校,興隆路三段153號,63000080,24.998038,121.561478,學校、大型集會場所,大專院校,民生樓1樓
臺北市政府警察局大安分局和平東路派出所,和平東路1段143號,63000030,25.026615,121.530509,公眾服務單位設施,派出所,1樓門口值班臺前
臺北市政府警察局大安分局臥龍街派出所,臥龍街185號,63000030,25.018001,121.551835,公眾服務單位設施,派出所,大門入口處
臺北市政府警察局婦幼警察隊,信義路5段180號,63000020,25.033095,121.574318,其他,其他場所,1樓大廳右方
臺北市政府警察局大安分局安和路派出所,信義路四段216號,63000030,25.032995,121.552185,公眾服務單位設施,派出所,一樓值班臺旁
臺北市政府警察局大安分局瑞安街派出所,瑞安街23巷17號,63000030,25.031193,121.545068,公眾服務單位設施,派出所,值班台旁鏡子前
臺北市政府警察局內湖分局康寧派出所,金湖路83號,63000100,25.081261,121.597549,公眾服務單位設施,派出所,值勤臺後方
臺北市稅捐稽徵處,北平東路7之2號,63000050,25.046835,121.523005,其他,其他場所,前棟1樓東側走廊
國立政治大學,指南路2段64號,63000080,24.986398,121.574983,學校、大型集會場所,大專院校,研究總中心
臺北市政府警察局內湖分局康樂派出所,康樂街110巷16弄20號,63000100,25.070427,121.618388,公眾服務單位設施,派出所,一樓值班臺
臺北市政府警察局士林分局山仔后派出所,格致路39號,63000110,25.137285,121.546359,公眾服務單位設施,派出所,派出所內值班台旁
臺北市政府警察局文山第一分局指南派出所,指南路2段177號1樓,63000080,24.987381,121.577867,公眾服務單位設施,派出所,值班台後方
臺北市政府警察局北投分局光明派出所,泉源路14號,63000120,25.13737,121.504243,公眾服務單位設施,派出所,大門進入右側
臺北市政府警察局士林分局芝山岩派出所,仰德大道一段16號,63000110,25.101122,121.537886,其他,其他場所,一樓便民服務區內
臺北市政府警察局士林分局天母派出所,中山北路七段192號,63000110,25.125001,121.532966,公眾服務單位設施,派出所,派出所內值勤台旁
臺北市政府警察局北投分局奇岩派出所,公館路209巷11號,63000120,25.127651,121.508044,公眾服務單位設施,派出所,1樓值班台旁
臺北市政府警察局北投分局石牌派出所,文林北路296號,63000120,25.109935,121.512507,公眾服務單位設施,派出所,1樓偵詢室旁
臺北市政府警察局交通警察大隊士林分隊,福港街151號6樓,63000110,25.08728,121.517957,其他,其他場所,交通分隊辦公室值勤台後方
臺北市政府警察局中山分局大直派出所,北安路456號,63000040,25.079511,121.544124,公眾服務單位設施,派出所,大門口旁
臺北市政府警察局交通警察大隊文山第二分隊,興隆路2段95巷8號,63000080,25.000021,121.546886,公眾服務單位設施,派出所,1樓辦公室內
臺北市政府警察局北投分局公園派出所,紗帽路110號,63000120,25.148752,121.548615,公眾服務單位設施,派出所,門口旁
臺北市政府警察局文山第二分局景美派出所,景中街2號,63000080,24.992734,121.541107,公眾服務單位設施,派出所,值班臺旁邊
臺北市政府警察局士林分局翠山派出所,中社路一段56號,63000110,25.108126,121.560262,其他,其他場所,值班台左前方
臺北市政府警察局文山第一分局木柵派出所,木柵路二段202號,63000080,24.988789,121.563546,公眾服務單位設施,派出所,木柵派出所大門旁(由外面對大門，門內右邊)
臺北市政府警察局文山第二分局萬盛派出所,羅斯福路5段151號,63000080,25.003904,121.538908,公眾服務單位設施,派出所,一樓受理報案區旁
臺北市政府警察局北投分局長安派出所,中央北路1段1號1樓,63000120,25.133282,121.501298,公眾服務單位設施,派出所,入口進門左手邊
臺北市政府警察局士林分局溪山派出所平等駐在所,平等里平菁街86號,63000110,25.131156,121.576473,其他,其他場所,值勤臺後方
臺北市政府警察局北投分局關渡派出所,關渡里大度路3段305號,63000120,25.122997,121.465947,公眾服務單位設施,派出所,值班台右側
臺北市政府警察局士林分局溪山派出所,至善路3段263號,63000110,25.119736,121.584527,其他,其他場所,大門入口右側
臺北市政府警察局士林分局永福派出所,仰德大道三段49號,63000110,25.118447,121.552328,公眾服務單位設施,派出所,值班台旁
臺北市政府警察局文山第一分局復興派出所,木柵路一段54號,63000080,24.986769,121.547017,公眾服務單位設施,派出所,受理民眾E化報案區旁
臺北市政府警察局內湖分局東湖派出所,五分街10號,63000100,25.067469,121.61299,公眾服務單位設施,派出所,進門左側
臺北市政府警察局文山第一分局木新派出所,恆光街45號,63000080,24.982404,121.567298,公眾服務單位設施,派出所,一樓為民服務區內
臺北市政府警察局文山第二分局興隆派出所,興隆路2段156號,63000080,25.001512,121.551187,公眾服務單位設施,派出所,派出所大門口
臺北市政府警察局士林分局文林派出所,文林路235號,63000110,25.090688,121.526763,其他,其他場所,一樓值勤台旁
臺北市政府警察局交通警察大隊文山一分隊,萬美街1段50號3樓,63000080,25.002266,121.566897,公眾服務單位設施,派出所,辦公室門口
臺北市政府警察局北投分局大屯派出所,中和街534號,63000120,25.145513,121.49335,公眾服務單位設施,派出所,值班台後方
臺北市政府警察局內湖分局港墘派出所,內湖路1段550號,63000100,25.078846,121.576762,公眾服務單位設施,派出所,值勤臺後方
臺北市政府警察局北投分局竹子湖派出所,竹子湖路16號,63000120,25.167467,121.540207,公眾服務單位設施,派出所,派出所內值班台左側
臺北市政府警察局內湖分局內湖派出所,內湖路二段261號,63000100,25.082075,121.590133,公眾服務單位設施,派出所,便民服務室內
臺北市政府警察局士林分局蘭雅派出所,中山北路6段153號,63000110,25.106571,121.524685,其他,其他場所,大門口右側，民眾服務區後方
臺北市政府警察局士林分局社子派出所,延平北路6段200號,63000110,25.08965604,121.5055377,其他,其他場所,值勤台旁
臺北市政府警察局北投分局永明派出所,石牌路2段101號,63000120,25.117934,121.516949,公眾服務單位設施,派出所,值勤臺旁
臺北市立美術館,中山北路三段181號,63000040,25.072594,121.524852,其他,其他場所,大門入口
臺北市私立強恕高級中學,汀州路2段143號,63000050,25.025111,121.520172,學校、大型集會場所,高中職,健康中心內
外貿協會台北國際會議中心,信義路5段1號,63000020,25.03369,121.561022,大型休閒場所,演藝廳,2樓
北都汽車股份有限公司(文山所廠),羅斯福路六段92巷2號B1,63000080,24.998245,121.540099,其他,其他場所,一樓辦公室左側
外貿協會台北國際會議中心,信義路5段1號,63000020,25.03369,121.561022,大型休閒場所,演藝廳,3樓
國家表演藝術中心國家兩廳院(國家音樂廳),中山南路21-1號,63000050,25.037355,121.519244,大型休閒場所,電影片映演場所(戲院、電影院),音樂廳1樓
外貿協會台北國際會議中心,信義路5段1號,63000020,25.03369,121.561022,大型休閒場所,演藝廳,4樓
北都汽車股份有限公司-信義廠,基隆路二段149-36號,63000020,25.02652,121.555235,其他,其他場所,客休室助理背後
臺北市立萬華國民中學,西藏路201號,63000070,25.029107,121.498835,其他,其他場所,健康中心內
北都汽車股份有限公司-東湖廠,潭美街791號,63000100,25.063786,121.610599,其他,其他場所,工廠內客戶休息室
國家表演藝術中心國家兩廳院(國家音樂廳),中山南路21-1號,63000050,25.037355,121.519244,大型休閒場所,電影片映演場所(戲院、電影院),音樂廳一號門售票口
英業達股份有限公司D棟,承德路四段166號,63000110,25.085741,121.523071,其他,其他場所,公司D棟大廳
STEPX FITNESS,南京東路二段八號B1,63000040,25.05188954,121.5283693,學校、大型集會場所,健身房,健身房內
漢杰健康事業股份有限公司(HowHowGym好好健身),光復南路180巷6號2樓,63000030,25.042523,121.557303,學校、大型集會場所,健身房,飲水機上方
體育客團體教室,富陽街90號1樓,63000020,25.02116541,121.5564462,其他,其他場所,本院大廳
耐森健身工作室,三合街二段435號1樓,63000120,25.1265032,121.5024596,學校、大型集會場所,健身房,大廳
香港商世界健身事業有限公司台北通化分公司,臨江街87號2樓,63000030,25.0302378,121.5550116,學校、大型集會場所,健身房,2樓大廳
香港商世界健身事業有限公司內湖分公司,康寧路3段72號6樓,63000100,25.070238,121.611276,學校、大型集會場所,健身房,8F教練部重訓區
臺北市士林區士東國民小學,中山北路六段392號,63000110,25.112934,121.526814,其他,其他場所,士東國小附設幼兒園內
臺北市政府警察局文山第一分局萬芳派出所,萬美街1段50號,63000080,25.002266,121.566897,公眾服務單位設施,派出所,大門入口左側
臺北市政府警察局,延平南路96號1樓,63000050,25.0439422,121.5095664,公眾服務單位設施,警察分局,本局大廳
臺北市政府警察局內湖分局大湖派出所,成功路五段1號,63000100,25.084248,121.601403,公眾服務單位設施,派出所,大湖所值班台左側
臺北市政府警察局大安分局新生南路派出所,仁愛路3段18號,63000030,25.037815,121.534012,公眾服務單位設施,派出所,1樓大門出入口旁
臺北市政府警察局交通警察大隊內湖分隊,五分街8號六樓,63000100,25.067475,121.612902,其他,其他場所,值班台正後方
內政部移民署台北市服務站,廣州街15號,63000050,25.036052,121.507998,其他,其他場所,一樓大廳服務台旁邊
內政部國土管理署,八德路二段342號,63000010,25.04757307,121.5444254,其他,其他場所,一樓大門口
臺北市松山區民生國民小學,敦化北路199巷18號,63000010,25.056463,121.552226,其他,其他場所,本校正門進入左側警衛室外
及人大廈,民生東路4段80巷7號,63000010,25.057108,121.553116,其他,其他場所,大門左側
臺北市國語實驗國民小學,南海路58號,63000050,25.0304771,121.5108887,其他,其他場所,健康中心走廊
中國文化大學推廣教育部 忠孝館,忠孝東路1段41號1樓,63000050,25.044512,121.525817,學校、大型集會場所,大專院校,忠孝分部國際語言中心一樓服務櫃台旁
鳳凰體能訓練中心,柳州街31-1,63000070,25.0386173,121.5054883,學校、大型集會場所,健身房,進門右手邊
香港商世界健身事業有限公司台北松隆分公司,松隆路125號,63000020,25.046793,121.571808,學校、大型集會場所,健身房,香港商世界健身事業有限公司台北松隆分公司
中國石油化學工業開發股份有限公司臺北營業所,東興路12號,63000010,25.0496968,121.5650519,其他,其他場所,本棟大樓10樓
Marriott Taipei 台北萬豪酒店,樂群二路199號,63000040,25.08048916,121.5589431,旅宿場所,飯店,一樓FO櫃檯辦公室
Marriott Taipei 台北萬豪酒店,樂群二路199號,63000040,25.08048916,121.5589431,旅宿場所,飯店,一樓安全部
台北市中華基督教青年會永吉會館,永吉路500號,63000020,25.045231,121.579912,其他,其他場所,一樓櫃台右側
臺北流行音樂中心,市民大道八段99號,63000090,25.052319,121.59861,大型休閒場所,演藝廳,表演廳1樓前廳
榕錦時光生活園區-遊客服務中心,金華街167號,63000030,25.0304773,121.5256839,觀光旅遊地區,文化園區,台北市大安區金華街167號
德立莊酒店,秀山街4號,63000050,25.042787,121.509309,旅宿場所,旅館,一樓大廳
Marriott Taipei 台北萬豪酒店,樂群二路199號,63000040,25.08048916,121.5589431,旅宿場所,飯店,萬豪酒店19F健身房大門旁
臺北市立蘭州國民中學,大龍街187巷1號,63000060,25.069322,121.516736,其他,其他場所,本校大門口穿堂
成德國中運動中心-舞動陽光,東新街108巷23號,63000090,25.045059,121.587751,學校、大型集會場所,健身中心,1樓大廳
內政部警政署保安警察第六總隊第二大隊第三中隊,自祥街36號,63000110,25.096268,121.534825,其他,其他場所,保六二大三中備勤室
Dr.Nail足研所,南京東路五段108號6樓,63000010,25.051215,121.562072,其他,其他場所,大門進入後的右前方
臺北南港展覽館2館,經貿二路2號,63000090,25.056239,121.615618,其他,其他場所,展覽館4樓
中興保全股份有限公司(1樓接待大廳),鄭州路139號,63000060,25.050491,121.510105,其他,其他場所,大廳入口左側
頗行健體運動空間,長春路61巷27號,63000040,25.055722,121.526375,學校、大型集會場所,健身中心,入口右側
國家表演藝術中心國家兩廳院(國家戲劇院),中山南路21-1號,63000050,25.037355,121.519244,大型休閒場所,電影片映演場所(戲院、電影院),戲劇院大廳
果毅健身有限公司（O.M Fit 運動空間),林森北路147號2樓,63000040,25.050904,121.523097,學校、大型集會場所,健身房,健身運動教室
香港商世界健身事業有限公司內湖民權分公司,民權東路六段180巷6號B2,63000100,25.068201,121.592457,學校、大型集會場所,健身房,櫃檯前方
臺北流行音樂中心,市民大道八段99號,63000090,25.052319,121.59861,大型休閒場所,演藝廳,表演廳1樓後場
臺北市文山區萬和里辦公處,汀洲路4段251號1樓,63000080,25.002948,121.535594,其他,其他場所,關懷據點內
臺北市金龍發展中心,金龍路136-1號,63000100,25.085765,121.590059,其他,其他場所,本棟2樓
臺灣菸酒股份有限公司,南昌路1段四號,63000050,25.03407,121.514877,其他,其他場所,法務處門口右側
碧湖公園,內湖路2段175號,63000100,25.082751,121.582899,其他,其他場所,管理室(小白宮)
南港公園,東新街170之1號,63000090,25.045919,121.591476,其他,其他場所,南港公園駐警室內
前山公園男公共浴室,建國街7-1號,63000120,25.150242,121.548548,大型公眾浴場或溫泉區,大型公眾浴場,管理室內
前山公園女公共浴室,紗帽路108-1號,63000120,25.149135,121.548604,大型公眾浴場或溫泉區,大型公眾浴場,管理室內
社子公園,永平街20巷37弄對面,63000110,25.090899,121.506612,其他,其他場所,社子公園圖書讀書閱覽室
鼎鼎大飯店股份有限公司(香格里拉台北遠東國際大飯店),敦化南路二段201號,63000030,25.026612,121.549282,旅宿場所,飯店,6樓健身中心
微風置地股份有限公司信義分公司,忠孝東路五段68號3F,63000020,25.041035,121.567002,大型購物場所,百貨業,3F服務台旁
台灣虎航股份有限公司,敦化北路405巷123弄3號,63000010,25.06304,121.557636,長距離交通工具,航空器,"B-50008航機, 第13排 DEF行李艙"
國立臺北護理健康大學(城區部),內江街89號,63000070,25.041755,121.503359,學校、大型集會場所,大專院校,學生活動中心外
中國科技大學臺北校區,興隆路3段56號,63000080,24.997535,121.554239,學校、大型集會場所,大專院校,格致樓3樓
微風置地股份有限公司信義分公司,忠孝東路五段68號3F,63000020,25.041035,121.567002,大型購物場所,百貨業,45樓電梯出口右手邊
交通部航港局,和平東路3段1巷1號,63000030,25.025368,121.547303,其他,其他場所,一樓大廳
國立臺灣師範大學圖書館校區(和平東路1段129號) ,和平東路1段129號,63000030,25.026732,121.528263,學校、大型集會場所,大專院校,圖書館校區教育學院一樓大廳左側
台灣虎航股份有限公司,敦化北路405巷123弄3號,63000010,25.06304,121.557636,長距離交通工具,航空器,"B-50011航機, 第13排 DEF行李艙"
台灣虎航股份有限公司,敦化北路405巷123弄3號,63000010,25.06304,121.557636,長距離交通工具,航空器,B-50027航機，第13排 DEF行李艙
中國科技大學臺北校區,興隆路3段56號,63000080,24.997535,121.554239,學校、大型集會場所,大專院校,自強樓1樓
微風置地股份有限公司南京分公司,南京東路三段337號,63000010,25.052006,121.548289,大型購物場所,百貨業,3F贈獎處旁
臺北市立格致國民中學,仰德大道四段75號健康中心,63000110,25.13085,121.546354,其他,其他場所,格致國中健康中心外走廊牆上
財團法人臺灣敦睦聯誼會所屬作業組織圓山大飯店,中山北路4段1巷1號,63000040,25.078611,121.526287,旅宿場所,旅館,B1西側3.4號電梯右手邊
新北投71園區,開明街71號,63000120,25.141611,121.502361,其他,其他場所,臺北市北投區開明街71靠
臺北市立福安國民中學,延平北路七段250號,63000110,25.102855,121.488071,學校、大型集會場所,國中,總務處走廊
臺灣警察專科學校,興隆路三段153號,63000080,24.998038,121.561478,學校、大型集會場所,大專院校,莊敬樓1樓
海軍司令部醫務所,北安路305號,63000040,25.0809269,121.5380262,特殊機構,軍營,醫務所大門(室內)
臺灣警察專科學校,興隆路三段153號,63000080,24.998038,121.561478,學校、大型集會場所,大專院校,後操場司令台
臺北市松山區新東里辦公處,延壽街3號,63000010,25.057429,121.568992,其他,其他場所,里辦公處大門口左側
國立政治大學,指南路2段64號,63000080,24.986398,121.574983,學校、大型集會場所,大專院校,綜合院館(北棟)
國立政治大學,指南路2段64號,63000080,24.986398,121.574983,學校、大型集會場所,大專院校,傳播學院
臺灣警察專科學校,興隆路三段153號,63000080,24.998038,121.561478,學校、大型集會場所,大專院校,民族樓3樓
臺灣警察專科學校,興隆路三段153號,63000080,24.998038,121.561478,學校、大型集會場所,大專院校,樹人樓1樓
國立政治大學,指南路2段64號,63000080,24.986398,121.574983,學校、大型集會場所,大專院校,藝文中心
國立政治大學,指南路2段64號,63000080,24.986398,121.574983,學校、大型集會場所,大專院校,後山警衛室
臺灣警察專科學校,興隆路三段153號,63000080,24.998038,121.561478,學校、大型集會場所,大專院校,中興樓1樓
國立政治大學,指南路2段64號,63000080,24.986398,121.574983,學校、大型集會場所,大專院校,國立政治大學(四維網球場)
臺北市立聯合醫院昆明大樓,昆明街100號,63000070,25.0443436,121.5047367,其他,其他場所,昆明大樓一樓大廳
MAJI MAJI集食行樂,玉門街1號,63000040,25.070457,121.520461,大型購物場所,商場,服務台前
全真概念健康事業股份有限公司-天母分公司,忠誠路二段188號B1,63000110,25.116401,121.533665,學校、大型集會場所,健身房,B1入口櫃台正對面
香港商世界健身事業有限公司台北民權東分公司,民權東路三段72號地下1樓,63000040,25.062119,121.543117,學校、大型集會場所,健身房,健身中心B1樓
香港商世界健身事業有限公司天母德行分公司,德行東路331巷35號,63000110,25.111802,121.537904,學校、大型集會場所,健身房,健身中心一樓
Curves女性專用30分鐘健身中心松山店,八德路四段666號4樓,63000010,25.04988,121.576095,學校、大型集會場所,健身房,櫃台旁置物櫃
臺灣菸酒股份有限公司台北啤酒工場,八德路二段85號,63000040,25.047119,121.534198,觀光旅遊地區,文化園區,打卡室內
維康生活股份有限公司,忠孝東路5段970號B1,63000090,25.044263,121.582314,學校、大型集會場所,健身房,門口左邊
臺北市中正運動中心,信義路一段1號,63000050,25.038234,121.519291,學校、大型集會場所,健身中心,3樓籃球場
臺北市中正運動中心,信義路一段1號,63000050,25.038234,121.519291,學校、大型集會場所,健身中心,2樓體適能中心
臺北市立百齡高級中學,承德路四段177號,63000110,25.08699,121.523062,學校、大型集會場所,高中職,活動中心2樓樓梯口右側
臺灣集中保管結算所股份有限公司,復興北路363號2樓,63000010,25.060561,121.544388,其他,其他場所,台北市松山區復興北路363號11樓
臺灣集中保管結算所股份有限公司,復興北路363號2樓,63000010,25.060561,121.544388,其他,其他場所,台北市松山區復興北路363號3樓
臺灣集中保管結算所股份有限公司,復興北路363號2樓,63000010,25.060561,121.544388,其他,其他場所,台北市松山區復興北路363號9樓
誠隆汽車股份有限公司新生展示中心,新生南路一段175號,63000030,25.034032,121.532956,其他,其他場所,新生展示中心
布勒斯運動顧問,復興北路446號,63000040,25.059159,121.547119,學校、大型集會場所,健身房,布勒斯運動顧問
臺灣集中保管結算所股份有限公司,復興北路363號2樓,63000010,25.060561,121.544388,其他,其他場所,台北市松山區復興北路363號7樓
香港商世界健身事業有限公司內湖港墘分公司,港墘路221巷33號2-4樓,63000100,25.0738669,121.5747656,學校、大型集會場所,健身房,3樓客服櫃台旁
裕融企業股份有限公司,敦化南路二段2號13樓,63000030,25.033037,121.54904,其他,其他場所,13樓電梯出口左手處
臺灣集中保管結算所股份有限公司-南港,三重路19 之6 號C 棟5. 樓,63000090,25.05712634,121.6129441,其他,其他場所,C 棟5. 樓
臺灣集中保管結算所股份有限公司,復興北路363號2樓,63000010,25.060561,121.544388,其他,其他場所,台北市松山區復興北路363號10樓
臺北市私立開平餐飲職業學校,復興南路二段148巷24號,63000030,25.028796,121.542081,學校、大型集會場所,高中職,校本部1樓
臺北市立復興高級中學,復興四路70號,63000120,25.143591,121.5018,學校、大型集會場所,高中職,藝術大樓一樓
統一健身俱樂部-京站館,市民大道1段209號8樓,63000060,25.048786,121.518569,學校、大型集會場所,健身房,京站館8樓心肺區
臺北市立復興高級中學,復興四路70號,63000120,25.143591,121.5018,學校、大型集會場所,高中職,篤行1樓男側外
臺北市南港區舊莊國民小學,舊莊街一段100號,63000090,25.040245,121.619539,其他,其他場所,健康中心
臺北市立復興高級中學,復興四路70號,63000120,25.143591,121.5018,學校、大型集會場所,高中職,復興大川堂
欣葉國際餐飲股份有限公司新中山門市部,南京西路62號4樓,63000060,25.05275198,121.519042,其他,其他場所,臺北市大同區南京西路62號4樓
義華酒店,樂群二路197號,63000040,25.0805494,121.5596698,旅宿場所,旅館,2F義華俱樂部
臺北市建成地政事務所,和平西路3段120號7-9樓,63000070,25.035002,121.499888,其他,其他場所,8樓民眾服務區
全真概念健康事業股份有限公司-環亞分公司,南京東路四段2號1樓 14號店鋪,63000010,25.05135558,121.5499539,學校、大型集會場所,健身房,台北市南京東路四段2號1樓14號店鋪
香港商世界健身事業有限公司台北寧夏分公司,寧夏路11號地下1樓,63000060,25.05471528,121.5150037,學校、大型集會場所,健身房,B1心肺區
梅庭,中山路6號,63000120,25.136932,121.508762,其他,其他場所,梅庭
臺北市大安地政事務所,信義路4段335巷6號,63000030,25.033834,121.556434,其他,其他場所,1樓大廳
晶華國際酒店股份有限公司,中山北路2段39巷3號,63000040,25.054187,121.52424,旅宿場所,飯店,20樓往游泳池樓梯口
台灣高速鐵路(股)公司-南港車站,南港路一段313號,63000090,25.053189,121.607064,交通要衝,高鐵站,台灣高速鐵路(股)公司-南港車站
台灣高速鐵路(股)公司-南港車站,南港路一段313號,63000090,25.053189,121.607064,交通要衝,高鐵站,台灣高速鐵路(股)公司-南港車站
台灣高速鐵路(股)公司-南港車站,南港路一段313號,63000090,25.053189,121.607064,交通要衝,高鐵站,台灣高速鐵路(股)公司-南港車站
台灣高速鐵路(股)公司-南港車站,南港路一段313號,63000090,25.053189,121.607064,交通要衝,高鐵站,台灣高速鐵路(股)公司-南港車站
Force Fitness 小巨蛋,八德路三段120號2樓,63000010,25.0480485,121.5540851,大型休閒場所,運動場館(如小巨蛋),台北市松山區八德路三段120號2樓
陽明山國家公園龍鳳谷遊客服務站,泉源路200號,63000120,25.143153,121.526371,觀光旅遊地區,國家公園,服務站入口處右方
臺北市中正運動中心,信義路一段1號,63000050,25.038234,121.519291,學校、大型集會場所,健身中心,B1游泳池入口
臺北市信義區興雅國民小學,基隆路一段83巷9號,63000020,25.046751,121.570022,學校、大型集會場所,國小,臺北市信義區興雅國民小學
好市多股份有限公司北投分公司,立德路117號,63000120,25.126936,121.471839,大型購物場所,賣場,賣場B1
臺北市信義區博愛國民小學,松仁路95巷20號(博愛國小),63000020,25.036184,121.570456,其他,其他場所,1F前穿堂
臺北市松山地政事務所,莊敬路391巷11弄2號,63000020,25.028846,121.566153,其他,其他場所,一樓大廳
誠品生活股份有限公司南西店,南京西路14號,63000040,25.052254,121.520509,大型購物場所,商場,4F
誠品生活股份有限公司南西店,南京西路14號,63000040,25.052254,121.520509,大型購物場所,商場,1F
臺北市大安區仁愛國民小學,安和路1段60號,63000030,25.035773,121.55235,其他,其他場所,進穿堂左邊佈告欄旁
國立臺北科技大學,忠孝東路3 段1號,63000030,25.04246,121.53565,學校、大型集會場所,大專院校,中正館
臺北市中正區忠義國民小學,中華路二段307巷17號,63000050,25.02963,121.506346,其他,其他場所,川堂
陽明山國家公園竹子湖蓬萊米原種田故事館,竹子湖路15-1號,63000120,25.168282,121.539439,觀光旅遊地區,國家公園,竹子湖路15-1號
內政部國家公園署陽明山國家公園管理處行政中心,竹子湖路1-20號,63000120,25.155667,121.54769,觀光旅遊地區,國家公園,大門進入後右側
臺北市士林區雙溪國民小學,中社路2段66號,63000110,25.106069,121.563886,其他,其他場所,吟風樓大門
臺北市信義區福德國民小學,福德街253號,63000020,25.038899,121.586503,其他,其他場所,福德國小校門口川堂
臺北市中山區濱江國民小學,樂群二路266巷99號,63000040,25.078001,121.561637,其他,其他場所,1樓聯合辦公室(靠近總務處)入口處
國立臺北護理健康大學水療中心(展昭國際企業(股)公司),明德路365號(水療中心),63000120,25.117796,121.518053,學校、大型集會場所,大專院校,水療中心
臺北市中正區永功里民活動場所,汀州路1段324號,63000050,25.026566,121.512237,其他,其他場所,永功里民活動場所入口飲水機旁
臺北市私立開平餐飲職業學校(主廚之家),復興南路2段148巷15號,63000030,25.028543,121.542372,學校、大型集會場所,高中職,主廚之家1樓
社團法人愛福家協會附設私立愛活樂園社區長照機構,羅斯福路2段5號2樓,63000050,25.029217,121.521134,其他,其他場所,中正多元照顧中心
BELLAVITA 寶麗廣場,松仁路28號,63000020,25.039668,121.567733,大型購物場所,百貨業,B1F客服中心
城市商旅股份有限公司昆明分公司,昆明街46號,63000070,25.046776,121.505801,旅宿場所,旅館,大廳入口詢問處旁
誠隆汽車股份有限公司木柵服務廠,木柵路一段257巷1號,63000080,24.988156,121.553019,其他,其他場所,木柵服務廠出納櫃台
誠隆汽車股份有限公司大安服務廠,和平東路三段268號,63000030,25.021244,121.555587,其他,其他場所,大安服務廠客休室
南港國小運動中心(緯創運動行銷公司),惠民街67號,63000090,25.057163,121.610384,學校、大型集會場所,健身中心,活動中心
臺北市大安老人服務暨日間照顧中心,四維路76巷12號,63000030,25.034215,121.547473,其他,其他場所,5樓交誼廳
香港商世界健身事業有限公司台北木柵分公司,木柵路三段96號B1、B2,63000080,24.9885015,121.5672288,學校、大型集會場所,健身房,B1教練櫃台旁
誠隆汽車股份有限公司萬華服務廠,莒光路328號,63000070,25.031299,121.497335,其他,其他場所,萬華服務廠終檢區
臺北市立福安國民中學,延平北路七段250號,63000110,25.102855,121.488071,學校、大型集會場所,國中,健康中心外走廊
臺北市士林區文昌國民小學,文林路615巷20號,63000110,25.09941,121.521296,其他,其他場所,健康中心門口外之牆邊
勞動部,松江路207號,63000040,25.05716156,121.5333292,其他,其他場所,1樓大廳服務台旁
佳齡診所,台北市大安區敦化南路一段205號B1,63000030,25.0399743,121.5486089,學校、大型集會場所,健身房,佳齡診所附設加力運醫
麗舍整形外科診所,基隆路二段172-1號6樓,63000030,25.02618,121.5541741,其他,其他場所,本院恢復室
城市學校財團法人臺北城市科技大學,學園路2號,63000120,25.133617,121.468879,學校、大型集會場所,大專院校,愛園大樓2樓宿舍旁
中國文化大學 大恩館,華岡路55號,63000110,25.136543,121.538749,學校、大型集會場所,大專院校,大慈館 (女生宿舍)
士林203號公園,中山北路五段378巷26號,63000110,25.090522,121.530027,其他,其他場所,陽明山公園管理所
新生公園(閱覽室),新生北路3段105號,63000040,25.068582,121.529609,其他,其他場所,新生公園圓山所辦公室1樓
B.P.Y220,忠孝東路四段220號10樓,63000030,25.041149,121.553232,學校、大型集會場所,健身房,場館大廳
中國文化大學 大恩館,華岡路55號,63000110,25.136543,121.538749,學校、大型集會場所,大專院校,大倫館 (男生宿舍)
臺北市政府工務局公園路燈工程管理處花卉試驗中心,仰德大道四段175巷32號,63000110,25.134983,121.54381,其他,其他場所,綠化教室
士林官邸公園,福林路60-1號,63000110,25.09458725,121.530248,觀光旅遊地區,地方政府主管風景區,駐衛警室
衛生福利部國民健康署台北辦公室,塔城街36號,63000060,25.051644,121.510316,其他,其他場所,1樓梯廳北側
臺北市南港運動中心,玉成街69號,63000090,25.048938,121.58184,學校、大型集會場所,健身中心,3樓籃球場
潤泰旭展股份有限公司(CITYLINK南港店),忠孝東路七段369號,63000090,25.05267019,121.6072083,大型購物場所,商場,B棟3樓服務台旁
萬海航運股份有限公司(松江辦公室),松江路136號9樓,63000040,25.053026,121.532776,其他,其他場所,大門左側
萬海航運股份有限公司(內湖辦公室),新湖一路361號,63000100,25.06365669,121.5843356,其他,其他場所,新湖一路361號1F 大廳 Logo 旁
萬華靜思堂,莒光路222號,63000070,25.031333,121.500265,其他,其他場所,大廳
臺北市萬華區福星國民小學,中華路一段66號,63000070,25.046784,121.507931,其他,其他場所,校門警衛室旁
臺北市內湖區內湖國民小學,內湖路2段41號,63000100,25.079126,121.580239,學校、大型集會場所,國小,一樓北側門警衛室旁
臺北市萬華區老松國民小學,桂林路64號,63000070,25.038046,121.502725,其他,其他場所,川堂
森蒲有限公司（Energym),南京東路五段123巷1弄4號1F,63000010,25.051912,121.560518,學校、大型集會場所,健身房,店裡室內
臺北市立龍山國民中學,南寧路46號,63000070,25.036077,121.504618,其他,其他場所,穿堂
臺北市中正區螢橋國民小學,詔安街29號,63000050,25.025138,121.514353,其他,其他場所,穿堂
臺北市立中正國民中學,愛國東路158號,63000050,25.032339,121.522007,學校、大型集會場所,大專院校,大門口
臺北市萬華區新和國民小學,西藏路125巷31號,63000070,25.025983,121.503337,學校、大型集會場所,國小,校門口穿堂
50+健身薈,南京東路一段138號4樓,63000040,25.051807,121.5273834,其他,其他場所,門口櫃台左側
臺北市立永春高級中學,松山路654號,63000020,25.032801,121.578562,學校、大型集會場所,高中職,行政大樓1樓穿堂
京庚健康世界股份有限公司101分公司,市府路45號6樓之2,63000020,25.033493,121.564101,學校、大型集會場所,健身房,6F教練櫃台右前方
摩莎曼拉精品旅館-台北車站館,開封街一段33號,63000050,25.04614,121.512947,其他,其他場所,台北市中正區開封街一段33號
高絲旅股份有限公司漢口館,漢口街二段54號,63000070,25.045673,121.505792,其他,其他場所,台北市萬華區漢口街二段54號
臺北市政府公務人員訓練處,萬美街2段21巷20號,63000080,25.004577,121.56104,其他,其他場所,B區-體育館
臺北市文山老人服務暨日間照顧中心,興隆路2段88號1樓之3,63000080,25.00027763,121.5488165,其他,其他場所,中心內大廳
國立臺灣師範大學校本部(和平東路1段162號) ,和平東路1段162號,63000030,25.02603,121.528283,學校、大型集會場所,大專院校,校本部勤大樓一樓
好時光女生運動樂園(古亭樂園),南昌路二段53號1樓,63000050,25.0363,121.555713,學校、大型集會場所,健身房,櫃檯旁邊
奎山學校財團法人臺北市奎山實驗高級中等學校,明德路200號,63000120,25.111304,121.521025,學校、大型集會場所,高中職,健康中心
財團法人台北市私立陽明養護中心,公館路209巷18號,63000120,25.121445,121.502713,其他,其他場所,辦公室前
臺北市士林區劍潭國民小學,通河街16號,63000110,25.079924,121.522887,其他,其他場所,川堂
臺北市士林區雨聲國民小學,至誠路一段62巷70號,63000110,25.102662,121.535265,其他,其他場所,穿堂
臺北市立新興國民中學,林森北路511號,63000040,25.062062,121.526717,學校、大型集會場所,國中,臺北市立新興國民中學健康中心外走廊
臺北市文山區溪口國民小學,景福街225號,63000080,24.99413,121.538757,其他,其他場所,健康中心走廊
臺北市文山區武功國民小學,興隆路一段68號,63000080,25.003889,121.540493,其他,其他場所,警衛室外牆
臺北市博嘉實驗國民小學,木柵路4段159巷14-1號,63000080,25.001764,121.57582,其他,其他場所,校門口警衛室內
臺北市中正區忠孝國民小學,忠孝東路二段101號,63000050,25.042927,121.531533,其他,其他場所,忠孝國小
臺北市大同區永樂國民小學,延平北路二段266號,63000060,25.061297,121.511085,學校、大型集會場所,國小,一樓健康中心門口(靠近體育器材室)
臺北市大同區蓬萊國民小學,寧夏路35號,63000060,25.056387,121.51571,其他,其他場所,臺北市大同區蓬萊國民小學太原門穿堂
臺北市濱江實驗國民中學,樂群二路262號,63000040,25.07955,121.56075,學校、大型集會場所,國中,文樓協和廣場
臺北市士林區士林國民小學,大東路165號,63000110,25.095049,121.524608,其他,其他場所,士林國小健康中心
臺北市萬華區福星國民小學,中華路一段66號,63000070,25.046784,121.507931,其他,其他場所,健康中心
臺北市萬華區福星國民小學,中華路一段66號,63000070,25.046784,121.507931,其他,其他場所,學群大樓五樓游泳池旁
臺北市萬華區福星國民小學,中華路一段66號,63000070,25.046784,121.507931,其他,其他場所,活動中心1樓球場
台灣虎航股份有限公司,敦化北路405巷123弄3號,63000010,25.06304,121.557636,長距離交通工具,航空器,"B-50021航機, 第13排 DEF行李艙"
麥克王運動訓練有公司,江南街65巷6號1樓,63000100,25.077287,121.578194,學校、大型集會場所,健身房,店內一樓
國立臺北護理健康大學,明德路365號,63000120,25.117539,121.520679,學校、大型集會場所,大專院校,學生餐廳一樓外
臺北市南海發展中心,延平南路207號1、2樓,63000050,25.032802,121.507474,其他,其他場所,2樓交誼廳
臺北市立大安高級工業職業學校,復興南路2段52號,63000030,25.032033,121.54336,學校、大型集會場所,高中職,大安高工活動中心管控室
臺北市立永春高級中學,松山路654號,63000020,25.032801,121.578562,學校、大型集會場所,高中職,英華樓圖書館前
臺北市中正區南門國民小學,廣州街6號,63000050,25.042079,121.519891,其他,其他場所,學務處外走廊
臺北市私立再興小學,興隆路四段2號,63000080,24.990051,121.559309,其他,其他場所,小學部大樓1樓
榕錦時光生活園區-遊客服務中心,金華街167號,63000030,25.0304773,121.5256839,觀光旅遊地區,文化園區,幸福逸居辦公室
華山1914文化創意產業園區,八德路一段一號,63000050,25.04413,121.529399,觀光旅遊地區,文化園區,遊客服務中心
臺北市立景興國民中學,景興路46巷2號,63000080,24.996187,121.544225,學校、大型集會場所,國中,體育組後門
臺灣士林地方法院民事庭,民權東路六段91號,63000100,25.068942,121.590903,學校、大型集會場所,法院,1F法警室外面
臺北市文山區興隆國民小學,福興路2號,63000080,25.002436,121.551888,其他,其他場所,大門口警衛室
永豐餘消費品實業股份有限公司(臺北市),重慶南路二段51號(16F),63000050,25.035013,121.510282,其他,其他場所,台北市中正區重慶南路二段51號17F
信義就業服務站,福德街86號8樓,63000020,25.03772618,121.5819729,其他,其他場所,信義就業服務站
騰富科技大樓,新湖二路168號六樓,63000100,25.06307,121.579677,其他,其他場所,大廳一樓
華山1914文化創意產業園區,八德路一段一號,63000050,25.04413,121.529399,觀光旅遊地區,文化園區,中4-2樓文化部小客廳外公共區
臺北市立北投國民中學,溫泉路62號,63000120,25.134939,121.50461,其他,其他場所,操場1F體育組外
臺北市萬華龍山老人服務中心,梧州街36號3樓,63000070,25.037357,121.497388,其他,其他場所,中庭角落
臺北市南港區胡適國民小學,舊莊街1段一號,63000090,25.042389,121.617235,其他,其他場所,聯合辦公室外牆面上
景美就業服務站,羅斯福路6段393號2樓,63000080,24.992148,121.54074,其他,其他場所,景美就業服務站
臺北市鄉土教育中心,廣州街101號,63000070,25.036655,121.503279,其他,其他場所,服務台
全球人壽保險股份有限公司,市民大道六段288號4樓,63000020,25.049366,121.579005,其他,其他場所,4樓大廳
臺北市中山區長安國民小學,吉林路15號,63000040,25.049769,121.530163,學校、大型集會場所,國小,本校活力新天地大樓1樓
臺北市中山區懷生國民小學,安東街16巷2號,63000040,25.04524,121.541784,其他,其他場所,懷生國小健康中心走廊
臺北市中山區長春國民小學,長春路165號,63000040,25.054936,121.533901,其他,其他場所,信義樓一樓樓梯間
臺北市南港區東新國民小學,興南街62號,63000090,25.054423,121.596285,其他,其他場所,信義樓及和平樓轉角處
臺北市松山區三民國民小學,民權東路5段1號,63000010,25.063178,121.564286,其他,其他場所,三民國小校門口
臺北市內湖區明湖國民小學,康寧路三段105號,63000100,25.071323,121.610761,其他,其他場所,明湖國小警衛室
臺北市松山區民族國民小學,民生東路4段97巷7號,63000010,25.05935,121.551337,其他,其他場所,校門警衛室樓梯旁
臺北市信義區光復國民小學,光復南路271號,63000020,25.04027,121.557853,其他,其他場所,明德樓一樓
臺北市內湖區麗山國民小學,港華街100號,63000100,25.083679,121.572465,其他,其他場所,前棟穿堂(進校門右側)
臺北市中山區大直國民小學,大直街2號,63000040,25.080638,121.545851,其他,其他場所,健康中心前走廊
美麗華城市發展股份有限公司(美麗華百樂園),敬業三路20號,63000040,25.083307,121.557165,大型購物場所,百貨業,本館2F
臺北市大安區建安國民小學,大安路二段99號,63000030,25.029397,121.54617,其他,其他場所,博思樓一樓學務處前的走廊
臺北市信義區興雅國民小學,基隆路一段83巷9號,63000020,25.046751,121.570022,學校、大型集會場所,國小,臺北市信義區興雅國民小學
美麗華城市發展股份有限公司(美麗華百樂園),敬業三路20號,63000040,25.083307,121.557165,大型購物場所,百貨業,本館4F
臺北市內湖區潭美國民小學,行善路179號,63000100,25.059121,121.581583,其他,其他場所,健康中心外
美麗華城市發展股份有限公司(美麗華百樂園),敬業三路20號,63000040,25.083307,121.557165,大型購物場所,百貨業,本館B1
臺北市信義區吳興國民小學,松仁路226號,63000020,25.025743,121.568716,其他,其他場所,一樓電腦教室2的走廊
美麗華城市發展股份有限公司(美麗華百樂園),敬業三路20號,63000040,25.083307,121.557165,大型購物場所,百貨業,本館1F
臺北市中山區中正國民小學,龍江路62號,63000040,25.05049,121.540072,其他,其他場所,1樓C側樓梯口(健康中心旁)
臺北市南港區修德國民小學,東新街118巷86號,63000090,25.045532,121.589636,其他,其他場所,1樓視聽教室前
國立臺北教育大學附設實驗國民小學,和平東路二段94號,63000030,25.025043,121.540946,其他,其他場所,健康中心
臺北市松山區民權國民小學,民權東路4段200號,63000010,25.062525,121.562292,其他,其他場所,南大門川堂
台北美國學校,11152 中山北路六段 800號,63000110,25.1164004,121.5301123,學校、大型集會場所,高中職,US Gym
國立政治大學,指南路2段64號,63000080,24.986398,121.574983,學校、大型集會場所,大專院校,中正圖書館入門左側壁
內政部警政署警察廣播電臺,廣州街17號,63000050,25.035916,121.507491,其他,其他場所,1樓大廳
臺北市南港區成德國民小學,東新街65號,63000090,25.04709,121.586873,其他,其他場所,前穿堂右側
臺北市信義區三興國民小學,基隆路二段99號,63000020,25.029467,121.558267,其他,其他場所,忠孝樓一樓健康中心
美麗華城市發展股份有限公司(美麗華百樂園),敬業三路20號,63000040,25.083307,121.557165,大型購物場所,百貨業,本館3F
達新壯股份有限公司(Hypercore超核心健身中心台北忠孝市府館),基隆路一段200號地下2樓,63000020,25.040191,121.563556,學校、大型集會場所,健身房,有氧器材區
台北北投雅樂軒酒店,大業路300巷1號,63000120,25.12839,121.498579,旅宿場所,飯店,1F櫃檯旁
台北北投雅樂軒酒店,大業路300巷1號,63000120,25.12839,121.498579,旅宿場所,飯店,地下一樓B1保安室旁(員工打卡處)
台北北投雅樂軒酒店,大業路300巷1號,63000120,25.12839,121.498579,旅宿場所,飯店,19樓健身房
臺北市文山區木柵國民小學,木柵路3段191號,63000080,24.99027,121.570149,其他,其他場所,穿堂
臺北市文山區興華國民小學,興隆路3段125巷6號,63000080,24.99975,121.558903,學校、大型集會場所,國小,學校健康中心
臺北市松山區西松國民小學,三民路5號,63000010,25.054159,121.563862,其他,其他場所,總務處
臺北市南港區成德國民小學,東新街65號,63000090,25.04709,121.586873,其他,其他場所,幼兒園辦公室前
臺北市南港區修德國民小學,東新街118巷86號,63000090,25.045532,121.589636,其他,其他場所,臺北市南港區修德國小健康中心
松山奉天宮,福德街221巷12號,63000020,25.037385,121.584669,其他,其他場所,1樓大殿東側樓梯旁
第一商業銀行萬華分行,康定路87號,63000070,25.039973,121.502116,其他,其他場所,一樓營業廳
台北文華東方酒店,敦化北路158號,63000010,25.055726,121.548336,旅宿場所,飯店,地下2樓宴會廳辦公室
桃園大眾捷運股份有限公司(桃園捷運A1台北車站),鄭州路8號,63000050,25.048674,121.514239,交通要衝,捷運站,B2寫字檯前(非付費區)
桃園大眾捷運股份有限公司(桃園捷運A1台北車站),鄭州路8號,63000050,25.048674,121.514239,交通要衝,捷運站,B1預辦登機層預辦登機區販賣店前(非付費區)
桃園大眾捷運股份有限公司(桃園捷運A1台北車站),鄭州路8號,63000050,25.048674,121.514239,交通要衝,捷運站,B1PAO男廁前(非付費區)
桃園大眾捷運股份有限公司(桃園捷運A1台北車站),鄭州路8號,63000050,25.048674,121.514239,交通要衝,捷運站,B1預辦登機層遺失物中心前(非付費區)
統一百華股份有限公司(統一時代百貨公司台北店),忠孝東路5段8號,63000020,25.040587,121.565888,大型購物場所,百貨業,B2樓
二二八國家紀念館,南海路54號,63000050,25.031614,121.51379,大型休閒場所,博物館,一樓大廳右側(志工服務台前方)
錢穆故居（館所施工中，暫不對外開放）,臨溪路72號,63000110,25.094169,121.548009,大型休閒場所,博物館,館所施工中，暫不對外開放，已移置保管。
芝山巖惠濟宮,至誠路一段326巷26號,63000110,25.103178,121.530618,其他,其他場所,芝山巖惠濟宮福德殿
環球世貿大樓,信義路5段150巷2號,63000020,25.028196,121.570994,其他,其他場所,台北市信義路五段150巷2號
轉捩點健康工作室,內湖路二段395號2樓,63000100,25.084202,121.59278,學校、大型集會場所,健身房,入門右手邊
臺北市東明扶愛家園,南港路二段38巷8弄1號,63000090,25.05506,121.604757,其他,其他場所,一樓咖啡小棧
財團法人陽光社會福利基金會附設臺北市私立陽光重建中心 ,南京東路三段91號3樓,63000040,25.052205,121.539206,其他,其他場所,國泰南京商業大樓
成功高中運動中心(舞動陽光有限公司),濟南路一段71號,63000050,25.042334,121.523687,學校、大型集會場所,健身中心,綜合大樓B1游泳池
成功高中運動中心(舞動陽光有限公司),濟南路一段71號,63000050,25.042334,121.523687,學校、大型集會場所,健身中心,綜合大樓8F球場
臺北市文山區景美國民小學,景文街108號,63000080,24.989527,121.540781,其他,其他場所,忠孝樓1樓穿堂
國立臺北教育大學(學生活動中心),和平東路二段134號,63000030,25.023455,121.546274,學校、大型集會場所,大專院校,國立臺北教育大學(學生活動中心)
嘉新水泥股份有限公司,中山北路二段96號,63000040,25.059418,121.522528,其他,其他場所,一樓大廳
BOSS健身工作室,雨農路19號,63000110,25.097959,121.532188,學校、大型集會場所,健身房,啞鈴區旁
臺北市士林老人服務暨日間照顧中心,忠誠路二段53巷7號6樓,63000110,25.111436,121.532287,其他,其他場所,日照大廳廁所旁
正能量Fitness,內湖路一段322號2樓,63000100,25.081603,121.569847,學校、大型集會場所,健身房,健身區
臺北市大同區大橋國民小學,重慶北路三段2號,63000060,25.06428715,121.5133787,學校、大型集會場所,國小,台北市大橋國小川堂
安心食品服務股份有限公司總部2樓201室,仁愛路三段136號2樓201室,63000030,25.0375121,121.5414198,其他,其他場所,安心食品服務股份有限公司2樓(201室)總機位置前方
國立故宮博物院,至善路2段221號,63000110,25.10235,121.548432,大型休閒場所,博物館,南側藝文園區圖書館
總統府,重慶南路一段122號,63000050,25.039065,121.511856,其他,其他場所,醫務所
臺北市中山區金泰里辦公處,敬業三路160號2樓,63000040,25.079526,121.556865,其他,其他場所,里辦公處門口
台大兒醫杏一商場,中山南路8號B1,63000050,25.0442304,121.5188189,大型購物場所,商場,台大兒醫杏一商場B1客席區
台北健身中心有限公司,民生東路一段29號B1,63000040,25.058208,121.525247,學校、大型集會場所,健身房,樓梯口
遠傳電信台北資訊園區,市民大道三段2號1樓,63000050,25.045482,121.531127,其他,其他場所,包膜櫃台旁
遠傳股份有限公司-台北館前門市,館前路43號,63000050,25.045439,121.515142,其他,其他場所,櫃檯後方
遠傳股份有限公司-台北西寧南門市,西寧南路56號,63000070,25.04408744,121.5062103,其他,其他場所,櫃檯右後方
新生高架橋下運動場,八德路一段1號附近,63000050,25.045092,121.530429,其他,其他場所,滑板場與籃球場中間
練一下GYMCUBE,成功路三段145號B1,63000100,25.079713,121.590033,學校、大型集會場所,健身房,消防栓下方
夢啟動健身事業有限公司,內湖路一段118號 1樓,63000100,25.08318814,121.5632798,學校、大型集會場所,健身房,櫃台右側
citizenM Taipei Northgate世民酒店,中華路一段3號,63000050,25.047181,121.510506,旅宿場所,飯店,飯店 1F 大廳
臺北市北投區逸仙國民小學,新民路2號,63000120,25.138372,121.505163,其他,其他場所,川堂
HiFIT運動空間,復興南路一段125號3樓,63000030,25.043336,121.544038,學校、大型集會場所,健身房,櫃檯旁
陽光汽車美容中心和平店,建國南路二段280號,63000030,25.0249847,121.5374156,其他,其他場所,客戶休息室
馥裕商旅股份有限公司萬大分公司(凱達大飯店),艋舺大道167號,63000070,25.033267,121.499664,旅宿場所,飯店,一樓大廳門口
馥裕商旅股份有限公司萬大分公司(凱達大飯店),艋舺大道167號,63000070,25.033267,121.499664,旅宿場所,飯店,3樓手扶梯旁
馥裕商旅股份有限公司萬大分公司(凱達大飯店),艋舺大道167號,63000070,25.033267,121.499664,旅宿場所,飯店,7樓健身中心游泳池
馥裕商旅股份有限公司萬大分公司(凱達大飯店),艋舺大道167號,63000070,25.033267,121.499664,旅宿場所,飯店,停車塔警衛室旁邊的電梯間
桃園大眾捷運股份有限公司(桃園捷運A1台北車站),鄭州路8號,63000050,25.048674,121.514239,交通要衝,捷運站,B1臨停車道P3前(非付費區)
國泰世紀產物保險股份有限公司,台北市大安區仁愛路四段296號7樓,63000030,25.0374016,121.5535462,其他,其他場所,5樓電梯口旁
誠隆汽車股份有限公司民權分公司,民權東路六段23號2樓,63000100,25.068579,121.5828,其他,其他場所,服務廠客休室
誠隆汽車股份有限公司濱江分公司,濱江街213號,63000040,25.072733,121.540775,其他,其他場所,服務廠客休室
誠隆汽車股份有限公司交車中心,濱江街199巷1號,63000040,25.073389,121.540041,其他,其他場所,交車中心辦公室
誠隆汽車股份有限公司南港服務廠,南港路三段168號,63000090,25.053155,121.587507,其他,其他場所,展廳內
誠隆汽車股份有限公司承德服務廠,承德路6段339號,63000120,25.103888,121.511629,其他,其他場所,承德服務廠客休室
誠隆汽車股份有限公司北投分公司,大業路265號,63000120,25.126846,121.497744,其他,其他場所,展示中心
香港商世界健身事業有限公司大直分公司,堤頂大道二段588號、590號,63000040,25.084132,121.560893,學校、大型集會場所,健身房,一樓心肺區
國立陽明交通大學-陽明校區,立農街2段155號（陽明交通大學）,63000120,25.120313,121.514794,學校、大型集會場所,大專院校,博雅中心
財團法人基督教台灣信義會 思恩堂,星雲街９０號,63000100,25.079074,121.593268,其他,其他場所,思恩堂教會門廳內
臺北市文山老人養護中心,興隆路二段95巷8號三樓,63000080,24.999915,121.545908,其他,其他場所,4樓交誼廳
臺北市和平實驗國民小學學生活動中心(暖身球場),敦南街76巷28號,63000030,25.021364,121.545327,學校、大型集會場所,健身中心,二樓暖身球場進出口
臺北和平籃球館,敦南街76巷28號,63000030,25.021364,121.545327,學校、大型集會場所,健身中心,場館二樓東側
臺北和平籃球館,敦南街76巷28號,63000030,25.021364,121.545327,學校、大型集會場所,健身中心,場館二樓西側
台灣基督長老教會-台北和平教會,和平東路一段183巷9號,63000030,25.027614,121.5330062,學校、大型集會場所,宗教聚會場所,本會一樓大廳
窩糕運動事業有限公司,南京東路五段84號2樓,63000010,25.051262,121.561403,學校、大型集會場所,健身房,窩糕運動事業有限公司
臺北孔廟,大龍街275號,63000060,25.072762,121.516179,觀光旅遊地區,文化園區,孔廟東苑側門入口
臺北市民生社區中心(民政局管理樓層),民生東路5段163之1號,63000010,25.059315,121.562908,學校、大型集會場所,健身房,民生社區中心(民政局管理樓層)
藝響空間-林森59,林森北路5巷9號,63000050,25.0453245,121.524221,其他,其他場所,1樓梯間
SoulFit健身魂,信義路三段109號B1,63000030,25.033718,121.539119,學校、大型集會場所,健身房,台北市大安區信義路三段109號B1
國立政治大學,指南路2段64號,63000080,24.986398,121.574983,學校、大型集會場所,大專院校,校門口
臺北市民生社區中心(民政局管理樓層),民生東路5段163之1號,63000010,25.059315,121.562908,學校、大型集會場所,健身房,民生社區中心(民政局管理樓層)
林安泰古厝民俗文物館,濱江街5號,63000040,25.072262,121.530628,觀光旅遊地區,文化園區,書房
臺北市網球中心,民權東路六段208號,63000100,25.067445,121.596653,學校、大型集會場所,健身中心,體適能中心
臺北市松山區東光里辦公處,南京東路5段123巷41號,63000010,25.053297,121.560762,其他,其他場所,臺北市松山區東光里辦公處
富德靈骨樓,木柵路五段43巷190號,63000080,25.011621,121.591557,學校、大型集會場所,殯儀館,大門入口左方辦公室外牆
臺北市網球中心,民權東路六段208號,63000100,25.067445,121.596653,學校、大型集會場所,健身中心,美食餐飲區
國泰世紀產物保險股份有限公司,台北市大安區仁愛路四段296號7樓,63000030,25.0374016,121.5535462,其他,其他場所,7樓電梯口前
臺北市懷愛館,辛亥路3段330號,63000030,25.013535,121.552553,學校、大型集會場所,殯儀館,景行樓B2F家屬休息區
臺北市懷愛館,辛亥路3段330號,63000030,25.013535,121.552553,學校、大型集會場所,殯儀館,B2化妝室入口處
國泰世紀產物保險股份有限公司-北區行政分公司,南京東路四段16號4樓,63000010,25.0512958,121.5530311,其他,其他場所,公司入口處
59 Fitness 客制化運動空間,敦化南路2段59號地下1樓,63000030,25.03119634,121.5491942,大型休閒場所,運動場館(如小巨蛋),B1大門入口處
實踐大學台北校區,大直街70號,63000040,25.084817,121.544749,學校、大型集會場所,大專院校,體育館1F
台北美國學校,11152 中山北路六段 800號,63000110,25.1164004,121.5301123,學校、大型集會場所,高中職,Main Lobby Entrance
享樂文旅飯店股份有限公司康定分公司,康定路32號,63000070,25.044001,121.502627,其他,其他場所,台北市萬華區康定路32號
臺北市私立東山高級中學,老泉街26巷3號,63000080,24.972689,121.561698,學校、大型集會場所,高中職,後山運動場
綺樂文旅飯店股份有限公司,開封街一段35號,63000050,25.046128,121.512766,其他,其他場所,享樂文旅開封館
阿基里斯 Fitness GYM,敦化北路207號地下之一、地下一層,63000010,25.057968,121.550117,學校、大型集會場所,健身房,置物櫃區
臺北市一壽照顧中心,一壽街22號4樓,63000080,24.979629,121.556314,其他,其他場所,台北市文山區一壽街22號4樓
財團法人生物技術開發中心,研究院路一段130巷107號,63000090,25.049267,121.610177,其他,其他場所,一樓出入口處服務台旁
臺北市大同區大同國民小學,大龍街51號健康中心,63000060,25.065022,121.516938,其他,其他場所,大同國小健康中心
臺北市內湖運動中心,洲子街12號,63000100,25.078266,121.575229,學校、大型集會場所,健身中心,7樓游泳池
桃園大眾捷運股份有限公司(桃園捷運A1台北車站),鄭州路8號,63000050,25.048674,121.514239,交通要衝,捷運站,B1層地下街Y24U入口旁 (非付費區)
TMMA台北格鬥運動館 內科館,內湖路一段411巷10-2號,63000100,25.0822673,121.5710139,其他,其他場所,TMMA內科館一樓
臺北流行音樂中心,市民大道八段99號,63000090,25.052319,121.59861,大型休閒場所,演藝廳,表演廳2樓CD入口旁
家福股份有限公司,大業路136號5樓,63000120,25.124433,121.4993,其他,其他場所,5樓總機
絲瓜運動股份有限公司,八德路二段309號,63000040,25.047373,121.542645,學校、大型集會場所,健身房,八德路二段309號
臺北流行音樂中心,市民大道八段99號,63000090,25.052319,121.59861,大型休閒場所,演藝廳,表演廳3樓CD入口及DE入口間
市定古蹟臺北撫臺街洋樓,延平南路26號,63000050,25.046713,121.510806,其他,其他場所,一樓閱覽室
臺北市立圖書館木柵分館,保儀路13巷三號3、4樓,63000080,24.988513,121.56916,大型休閒場所,圖書館,三樓
臺北市立圖書館力行分館,台北市文山區一壽街22號5樓,63000080,24.979629,121.556314,大型休閒場所,圖書館,圖書館五樓
國立政治大學,指南路2段64號,63000080,24.986398,121.574983,學校、大型集會場所,大專院校,自強十舍服務中心外面
臺北市立圖書館景美分館,羅斯福路五段176巷50號2樓,63000080,25.003607,121.536345,大型休閒場所,圖書館,2樓出入門口
臺北市立圖書館萬興分館,萬壽路27號4-5樓,63000080,24.988685,121.576501,大型休閒場所,圖書館,4樓圖書館
臺北市立圖書館萬芳民眾閱覽室,萬美街一段25號1樓,63000080,25.002215,121.569178,大型休閒場所,圖書館,閱覽室一樓門口
臺北市立圖書館安康民眾閱覽室,興隆路4段105巷1號4樓,63000080,24.987525,121.560875,大型休閒場所,圖書館,4樓入口右側
力坊體適能產業有限公司(忠孝復興),忠孝東路三段203號2樓,63000030,25.04198,121.539119,學校、大型集會場所,健身房,進門口左手邊地上
最高行政法院,重慶南路1段126巷1號,63000050,25.037313,121.511829,學校、大型集會場所,法院,法院5樓
香港商世界健身事業有限公司光復分公司,忠孝東路四段330號B1,63000030,25.041049,121.557385,學校、大型集會場所,健身房,健身中心B1
香港商世界健身事業有限公司台北麗水分公司,麗水街18號1樓,63000030,25.026158,121.542709,學校、大型集會場所,健身房,健身中心B2
波爾管理顧問有限公司,大北路72號1樓,63000110,25.090228,121.525113,學校、大型集會場所,健身房,櫃台旁
達新壯股份有限公司(Hypercore超核心健身中心台北信義松仁館),松仁路89號地下一樓,63000020,25.037165,121.568747,學校、大型集會場所,健身房,有氧器材區
南港生技育成中心,園區街3號17樓,63000090,25.058486,121.611882,其他,其他場所,育成中心17樓電梯口旁
諧動健康科技股份有限公司,信義路2段74號10樓,63000030,25.037401,121.518083,其他,其他場所,場館正門口
國立臺灣師範大學公館校區(汀州路4段88號),汀州路4段88號,63000080,25.007963,121.536905,學校、大型集會場所,大專院校,理學院大樓B棟1樓(健康中心門口)
Master fitness專業健身職人,信義路三段106號6樓,63000030,25.0332922,121.5384056,其他,其他場所,台北市大安區信義路三段106號6樓
欣亞國際酒店股份有限公司(北投亞太飯店),幽雅路31號,63000120,25.137099,121.515089,大型公眾浴場或溫泉區,溫泉區,大廳大門旁
芳鄰健身事業有限公司(景美店),羅斯福路六段130號地下一樓,63000080,24.997128,121.54067,學校、大型集會場所,健身房,櫃台旁
台北世界貿易中心國際貿易大樓,基隆路1段333號,63000020,25.034417,121.560814,其他,其他場所,一樓大廳警衛服務台
鏡電視股份有限公司,堤頂大道一段365號1、3、4樓,63000100,25.0636933,121.5728212,其他,其他場所,台北市內湖區堤頂大道一段365號3樓大廳
鏡電視股份有限公司,堤頂大道一段365號1、3、4樓,63000100,25.0636933,121.5728212,其他,其他場所,台北市內湖區堤頂大道一段365號4樓大廳
鏡電視股份有限公司,堤頂大道一段365號1、3、4樓,63000100,25.0636933,121.5728212,其他,其他場所,台北市內湖區堤頂大道一段365號1樓大廳
薇閣旅館股份有限公司,林森北路419號,63000040,25.060423,121.525762,其他,其他場所,櫃檯區
中華民國紅十字會台灣省分會(中正區老人服務暨日間照顧中心)(貴陽街),貴陽街一段60號,63000050,25.039029,121.509673,其他,其他場所,大廳
家福股份有限公司南港二分公司(家樂福南港店),南港路二段146號B1,63000090,25.053782,121.600503,大型購物場所,賣場,B1賣場入口旁
Curves社子延北店,延平北路五段307號2樓,63000110,25.086201,121.509312,學校、大型集會場所,健身房,運動圈
香港商世界健身事業有限公司飛動天母分公司,中山北路七段73號.75號,63000110,25.121245,121.531248,學校、大型集會場所,健身房,大廳
香港商世界健身事業有限公司台北景美分公司,景後街95號2樓,63000080,24.9919383,121.5429252,學校、大型集會場所,健身房,客服櫃檯前方
臺北市文山區華興里辦公處,木柵路一段264號,63000080,24.987956,121.554476,其他,其他場所,華興里辦公處
北投晶泉丰旅,泉源路19號,63000120,25.1382859,121.504675,旅宿場所,飯店,5F湯屋接待櫃檯
北投晶泉丰旅,泉源路19號,63000120,25.1382859,121.504675,旅宿場所,飯店,1F溫泉接待櫃檯
臺灣土地銀行,館前路46號,63000050,25.044113,121.514734,其他,其他場所,大樓1樓川堂
臺北市政府環境保護局環保稽查大隊,重慶北路3段347號4樓,63000060,25.0748652,121.5140597,其他,其他場所,4樓服務臺
臺北體育園區田徑場(暖身場),敦化北路3號(暖身場),63000010,25.048835,121.549624,大型休閒場所,運動場館(如小巨蛋),暖身場警衛亭
十勻有限公司(PB Sport),金山南路二段33號B1,63000030,25.032877,121.527473,其他,其他場所,櫃台旁
DHL_洋基通運股份有限公司_台北服務中心,建國北路二段82號地下一樓,63000040,25.05554676,121.5364955,其他,其他場所,B1貨件分流區
臺北捷運台北車站BL12,忠孝西路1段49號,63000050,25.046273,121.517498,交通要衝,捷運站,捷運板南線台北車站B2層3號詢問處旁(付費區)
健身工廠健康廠,健康路156號B1,63000010,25.053563,121.557207,其他,其他場所,氣密門旁
漢杰健康事業股份有限公司東門分公司,信義路二段36號,63000030,25.034604,121.525599,學校、大型集會場所,健身房,2樓
肌擊有限公司,民生東路5段204號1樓2室,63000010,25.058261,121.564911,學校、大型集會場所,健身房,大門右側
韻鏗學校財團法人臺北市協和祐德高級中等學校,忠孝東路5段790巷27號,63000020,25.041676,121.583725,學校、大型集會場所,高中職,臺北市協和祐德高中校門口警衛室內
臺北市立圖書館文山分館,興隆路2段160號7樓,63000080,25.001497,121.551575,大型休閒場所,圖書館,臺北市立圖書館文山分館7樓
台北國泰萬怡酒店(國泰飯店管理顧問事業(股)公司民生建國分公司),民生東路三段6號1樓及地下1層,63000040,25.057614,121.53821,旅宿場所,旅館,一樓大廳
風暴體適能股份有限公司,市民大道八段360號2樓,63000090,25.053124,121.608466,大型購物場所,商場,二樓櫃檯
元大人壽保險股份有限公司,民生東路3段156號17樓,63000010,25.057202,121.547794,其他,其他場所,元大人壽保險股份有限公司
本部槓鈴有限公司,福國路100-3號,63000110,25.102629,121.521789,其他,其他場所,台北市士林區福國路100-3號
最高行政法院,重慶南路1段126巷1號,63000050,25.037313,121.511829,學校、大型集會場所,法院,法院1樓
臺北市立北安國民中學,明水路325號,63000040,25.0777879,121.5416244,學校、大型集會場所,國中,北安運動休閒會館櫃檯旁
臺北市立浩然敬老院 廣慈園區B棟,大道路116號,63000020,25.0388955,121.5832762,其他,其他場所,2樓迎賓大廳
臺北市私立復興實驗高級中學(小學部),敦化南路一段262號,63000030,25.03936,121.548383,其他,其他場所,學校慎思樓一樓電梯口
智澄體能有限公司,金門街2-5號1樓,63000050,25.023107,121.524693,其他,其他場所,櫃檯後側
生命焠鍊體能顧問有限公司,忠孝東路四段303號b1,63000030,25.0416,121.55541,學校、大型集會場所,健身房,櫃台旁
康寧學校財團法人康寧大學,康寧路3段75巷137號,63000100,25.076465,121.610531,學校、大型集會場所,大專院校,宿舍門口
康寧學校財團法人康寧大學,康寧路3段75巷137號,63000100,25.076465,121.610531,學校、大型集會場所,大專院校,野聲館門口
Curves可爾姿芝山文林店,文林路762號2樓,63000110,25.10350813,121.5197885,學校、大型集會場所,健身中心,本店櫃檯
Surmount運動空間-芝山店(巧翊體適能館),中山北路6段35巷18號,63000110,25.10297085,121.5245638,學校、大型集會場所,健身房,中山北路6段35巷18號
康璽運動行銷有限公司(Monkey Training猴子體能訓練),松江路276號6樓,63000040,25.059861,121.53295,學校、大型集會場所,健身房,門口
駿騰事業有限公司(鍛鍊基地Workout Base),長春路410號2樓,63000040,25.054416,121.543749,學校、大型集會場所,健身房,門口
Surmount運動空間-天母店(巧翊體適能館),忠誠路一段30號,63000110,25.10440302,121.5262081,學校、大型集會場所,健身房,櫃檯旁
承新國際管理股份有限公司文山分公司(in gym樂康健身俱樂部),景隆街36巷2號2樓,63000080,24.998606,121.543303,學校、大型集會場所,健身房,場館入口處
吸引力生活事業股份有限公司 ATT 4 FUN,松壽路12號,63000020,25.035666,121.566075,大型購物場所,百貨業,ATT4FUN 6F
臺北市復華長青多元服務中心,遼寧街185巷11號,63000040,25.053436,121.542805,其他,其他場所,一樓
台北中山九昱希爾頓逸林酒店,中山北路一段123號,63000040,25.079202,121.542709,旅宿場所,飯店,一樓大廳
新榮恩資產管理有限公司,信義路四段413號2樓,63000020,25.0332978,121.5589862,學校、大型集會場所,健身房,本院大廳
國立臺北藝術大學(女生第一宿舍),學園路1號 女生第一宿舍,63000120,25.136049,121.471599,學校、大型集會場所,大專院校,女生第一宿舍
全創適能有限公司 / 橡體有限公司,中山北路1段33巷25號,63000040,25.048546,121.523022,學校、大型集會場所,健身房,面對啞鈴區左側柱上
硫磺谷泡腳池,泉源路77號斜對面，陽明山國家公園硫磺谷遊憩區內,63000120,25.143561,121.521943,大型公眾浴場或溫泉區,溫泉區,管理室旁置物櫃上
復興公園泡腳池,中和街61號對面,63000120,25.138819,121.502198,大型公眾浴場或溫泉區,溫泉區,管理室前置物櫃上
泉源公園泡腳池,珠海路155號(義方國小)正對面,63000120,25.141783,121.509722,大型公眾浴場或溫泉區,溫泉區,置櫃物旁
臺北市立桃源國民中學,中央北路4段48號,63000120,25.134647,121.4773,其他,其他場所,學務處
臺北市大同運動中心,大龍街51號,63000060,25.064769,121.516146,學校、大型集會場所,健身中心,1樓梯廳
陽光健身(Sunshine Fitness),忠孝東路4段60號2樓,63000030,25.041393,121.545321,學校、大型集會場所,健身房,2樓健身房入口門後
臺北市大安區公館國民小學,基隆路4段41巷68弄2號,63000030,25.012408,121.542808,其他,其他場所,學校穿堂
健安新城D社區管理委員會,三民路35巷2號,63000010,25.055708,121.563252,其他,其他場所,管理中心門外
拳適能館,景美街1-4號,63000080,24.99422,121.541732,學校、大型集會場所,健身房,台北市文山區景美街1-4號
Curves女性專用30分鐘健身中心市府永春店,忠孝東路5段259號3樓,63000020,25.041187,121.570785,學校、大型集會場所,健身房,門口進來右側
Curves女性30分鐘環狀運動石牌店,裕民一路30號2樓,63000120,25.11654743,121.516985,學校、大型集會場所,健身房,櫃台左前方
台灣歐姆龍健康事業股份有限公司,復興北路367號9樓,63000010,25.061747,121.544499,其他,其他場所,辦公區
潤泰建設股份有限公司(CITYLINK內湖店),成功路四段188號1樓,63000100,25.083992,121.594264,大型購物場所,商場,一樓服務台旁
香港商世界健身事業有限公司台北民權西分公司,民權西路136號一樓,63000060,25.062735,121.516484,學校、大型集會場所,健身房,B1入口處
Curves可爾姿女性專用30分鐘環狀運動圓山花博店,承德路三段223-1號1樓,63000060,25.07012863,121.5186544,學校、大型集會場所,健身房,運動區落地窗角落
曼都整形外科診所,南京東路二段76號7樓,63000040,25.051901,121.530769,其他,其他場所,櫃台旁
沅利建設股份有限公司,汀洲路四段281號,63000080,25.000028,121.535611,其他,其他場所,一樓警衛室
Force Fitness 中正,南昌路一段123號2樓之2,63000050,25.029942,121.518307,學校、大型集會場所,健身房,置物櫃門前
健身工廠石牌廠,裕民六路2號B1,63000120,25.114496,121.515561,其他,其他場所,啞鈴區牆上
穆樂牙醫診所,敬業二路69巷61號,63000040,25.082035,121.552802,其他,其他場所,牙醫診所玄關
國立歷史博物館南海行政辦公室,南海路20號9樓,63000050,25.03249266,121.5170109,其他,其他場所,9樓大門入口旁
To Do Fitness,南京東路四段15號3樓之一,63000010,25.051923,121.550034,學校、大型集會場所,健身房,店門口旁
臺北市立木柵高級工業職業學校,木柵路四段77號,63000080,24.996002,121.571925,學校、大型集會場所,高中職,健康中心
神旺商務酒店,南京東路1段128號,63000040,25.051864,121.527041,其他,其他場所,一樓柏晶廳
Curves女性專用30分鐘健身中心復興民權店,復興北路331號2樓,63000010,25.059676,121.544425,大型休閒場所,運動場館(如小巨蛋),Curves復興民權店
Curves女性專用30分鐘健身中心中山錦州店,中山北路二段115巷45號1樓,63000040,25.060968,121.524667,學校、大型集會場所,健身房,門口進入左前方
華信航空股份有限公司,台北市松山區敦化北路405巷123弄3號,63000010,25.06304,121.557636,長距離交通工具,航空器,B-16857飛機
雙園國中室內綜合球館-舞動陽光有限公司,西園路二段320巷55弄3號5樓,63000070,25.027812,121.491591,學校、大型集會場所,健身中心,雙園國中綜合大樓5樓
Start Fitness,金山南路二段134號,63000030,25.029581,121.526323,學校、大型集會場所,健身房,地下一樓
臺北巿松山運動中心,敦化北路1號,63000010,25.048607,121.550231,學校、大型集會場所,健身中心,一樓大廳
臺北市私立光仁國民小學,萬大路423巷15號,63000070,25.021416,121.499571,其他,其他場所,校門口警衛室
國立傳統藝術中心臺灣戲曲中心,文林路751號,63000110,25.10234,121.519078,大型休閒場所,演藝廳,小表演廳
國立傳統藝術中心臺灣戲曲中心,文林路751號,63000110,25.10234,121.519078,大型休閒場所,演藝廳,大表演廳
國立傳統藝術中心臺灣音樂館,文林路751號,63000110,25.102218,121.520049,大型休閒場所,演藝廳,臺灣音樂館
國立傳統藝術中心臺灣戲曲中心,文林路751號,63000110,25.10234,121.519078,大型休閒場所,演藝廳,B2停車場管理室
衛生福利部中央健康保險署臺北業務組,公園路15之1號5樓,63000050,25.044786,121.517406,其他,其他場所,聯合服務中心一樓領卡櫃台左側
臺北市南港老人服務暨日間照顧中心,重陽路187巷5號,63000090,25.057718,121.598498,其他,其他場所,二樓日間照顧中心外
微風置地股份有限公司南山分公司,松智路17號,63000020,25.034307,121.565955,大型購物場所,百貨業,ATRE 3F
微風置地股份有限公司南山分公司,松智路17號,63000020,25.034307,121.565955,大型購物場所,百貨業,B2F服務台旁
微風置地股份有限公司南山分公司,松智路17號,63000020,25.034307,121.565955,大型購物場所,百貨業,微風南山46電梯旁
國立臺北大學民生校區,民生東路3段67 號,63000040,25.057956,121.54237,學校、大型集會場所,大專院校,校門口警衛室
內湖郵局,民權東路六段83號,63000100,25.0693178,121.5880759,其他,其他場所,後門警衛室
森林跑站大安館,新生南路二段60號1樓,63000030,25.02841,121.534155,其他,其他場所,運動按摩室
內政部警政署保安警察第六總隊第二大隊第四中隊,瑞光路63號,63000100,25.070544,121.582828,其他,其他場所,值班台左側牆面
英雄豪傑體能訓練有限公司（YELLOW training studio）,濟南路三段31號1樓,63000030,25.0403206,121.5353615,大型休閒場所,運動場館(如小巨蛋),台北市大安區濟南路三段31號1樓
臺北郵局快捷郵件科快捷收發股,忠孝西路一段120號,63000050,25.04729395,121.5114587,其他,其他場所,臺北郵局快捷郵件科快捷收發股
臺北典藏植物園,濱江街16號,63000040,25.07120249,121.5319132,其他,其他場所,臺北典藏植物園 服務台
臺北市文山運動中心,興隆路三段222號,63000080,24.997017,121.559673,學校、大型集會場所,健身中心,六樓綜合球場外
台灣虎航股份有限公司,敦化北路405巷123弄3號,63000010,25.06304,121.557636,長距離交通工具,航空器,"B-50005航機, 第13排 DEF行李艙"
台灣虎航股份有限公司,敦化北路405巷123弄3號,63000010,25.06304,121.557636,長距離交通工具,航空器,"B-50017航機, 第13排 DEF行李艙"
好習慣健康企業有限公司（好習慣運動教室),復興北路217號,63000010,25.054159,121.563862,學校、大型集會場所,健身房,側門門口
台北美福大飯店,樂群二路55號,63000040,25.080489,121.553897,其他,其他場所,4樓健身中心護理站門旁邊
臺北市私立文德女子高級中學,成功路3段70號,63000100,25.077971,121.588976,學校、大型集會場所,高中職,海星樓一樓穿堂
世新大學,試院路148號,63000080,24.989821,121.54634,學校、大型集會場所,大專院校,大禮堂4樓體育館
萬海航運股份有限公司(敦北辦公室),敦化北路122號10樓,63000010,25.054305,121.548439,其他,其他場所,大門右側
康博健康生技股份有限公司,復興南路一段227號1樓,63000030,25.03853238,121.5439129,其他,其他場所,1樓走廊前
陽明山國家公園擎天崗中央步道0.5K處牧場教育解說中心(亞洲形上觀音山揹水隊捐贈),菁山路101巷246號,63000110,25.16720989,121.5742138,其他,其他場所,陽明山國家公園擎天崗中央步道0.5K處牧場教育解說中心(亞洲形上觀音山揹水隊捐贈)
臺北市政府工務局道路挖掘管理中心,和平西路一段59號,63000050,25.026712,121.519489,其他,其他場所,台北市中正區和平西路一段59號
臺北市政府工務局新建工程處養護工程隊第五分隊,致遠三路158號,63000120,25.121837,121.508934,其他,其他場所,北投區致遠三路158號2樓
臺北市政府工務局新建工程處養護工程隊第三分隊,中華路二段680號,63000070,25.024133,121.51169,其他,其他場所,2樓
超越體能顧問有限公司東門門市,信義路二段28號一樓,63000030,25.0346715,121.5253249,學校、大型集會場所,健身房,前區蹲舉架旁
台灣人壽保險股份有限公司(台北分公司),許昌街17號16樓,63000050,25.034594,121.521664,其他,其他場所,保戶櫃台大廳
大湖璞旅,成功路五段462號3樓,63000100,25.0733914,121.6064016,旅宿場所,旅館,一樓大廳
財團法人臺灣敦睦聯誼會所屬作業組織圓山大飯店,中山北路4段1巷1號,63000040,25.078611,121.526287,旅宿場所,旅館,1樓大廳諮詢櫃檯旁邊
臺北市政府工務局新建工程處養護工程隊(南港保養場),向陽路139號,63000090,25.05542,121.593863,其他,其他場所,辦公樓二樓入口處
臺北市萬華區西門國民小學,成都路98號,63000070,25.043172,121.503597,其他,其他場所,游泳池
南湖高中運動中心,康寧路三段220號,63000100,25.066822,121.610897,學校、大型集會場所,健身中心,游泳池階梯看台
臺北市南海發展中心,延平南路207號1、2樓,63000050,25.032802,121.507474,其他,其他場所,1樓公共走道
元大金控大樓暨元大銀行,敦化南路一段66號,63000010,25.04732,121.548438,其他,其他場所,B1公共空間
台北君品大酒店,承德路一段三號,63000060,25.049469,121.516874,旅宿場所,飯店,六樓大廳
台北君品大酒店,承德路一段三號,63000060,25.049469,121.516874,旅宿場所,飯店,B3F中控室
台北君品大酒店,承德路一段三號,63000060,25.049469,121.516874,旅宿場所,飯店,17樓健身房
臺北捷運台北車站R10,忠孝西路1段49號,63000050,25.04623,121.517646,交通要衝,捷運站,捷運淡水信義線台北車站B3層1號詢問處旁(付費區)
潤泰建設股份有限公司(CITYLINK松山貳號店),市民大道六段131號1樓,63000010,25.049634,121.579136,其他,其他場所,1樓電梯旁
陽明山臻愛樓,泉源路220號,63000120,25.1412,121.527217,學校、大型集會場所,殯儀館,大廳電梯旁
冠樺生活股份有限公司(環球購物中心南港車站店),忠孝東路七段371號B1,63000090,25.052896,121.60726,大型購物場所,商場,B1A層中央旋轉樓梯後方
七星公園-苗圃涼亭(亞洲形上觀音山揹水隊捐贈), ,63000120,25.15149182,121.5465617,其他,其他場所,七星公園-苗圃涼亭(亞洲形上觀音山揹水隊捐贈)
七星山公園-七星山公園廁所旁(亞洲形上觀音山揹水隊捐贈), ,63000110,25.16405687,121.5570392,交通要衝,機場,七星山公園-七星山公園廁所旁(亞洲形上觀音山揹水隊捐贈)
七星公園-雙層涼亭(亞洲形上觀音山揹水隊捐贈), ,63000110,25.16567508,121.5640096,其他,其他場所,七星公園-雙層涼亭(亞洲形上觀音山揹水隊捐贈)
星宇航空股份有限公司,忠孝東路四段525號11樓,63000020,25.04216558,121.5615707,長距離交通工具,航空器,星宇客機B-58206
星宇航空股份有限公司,忠孝東路四段525號11樓,63000020,25.04216558,121.5615707,長距離交通工具,航空器,星宇客機B-58210
星宇航空股份有限公司,忠孝東路四段525號11樓,63000020,25.04216558,121.5615707,長距離交通工具,航空器,星宇客機B-58302
德明財經科技大學(綜合大樓),環山路1段56號,63000100,25.086706,121.565225,學校、大型集會場所,大專院校,學生宿舍1F電梯口
臺北市私立薇閣高級中學,珠海路50號,63000120,25.138874,121.503907,學校、大型集會場所,高中職,綜合大樓一樓健康中心前
臺北市北投區湖山里辦公處,湖山路一段48之2號,63000120,25.154443,121.540675,其他,其他場所,湖山路一段48-2號
山水樂會館,中和街20巷6號,63000120,25.1382,121.504,旅宿場所,飯店,山水樂1F櫃台
台灣虎航股份有限公司,敦化北路405巷123弄3號,63000010,25.06304,121.557636,長距離交通工具,航空器,"B-50015航機, 第13排 DEF行李艙"
故事工廠永安藝文館,木新路二段156-1號,63000080,24.98445,121.568944,大型休閒場所,博物館,故事工廠永安藝文館
第一商業銀行信用卡處(中山大樓),中山北路二段61號5樓,63000040,25.056177,121.522992,其他,其他場所,中山大樓5樓
台灣飛利浦股份有限公司(台北),市民大道六段288號10樓之6,63000020,25.04921453,121.5791373,其他,其他場所,台灣飛利浦接待大廳
皇池溫泉御膳館,行義路402巷42之1號,63000120,25.139586,121.53015,大型公眾浴場或溫泉區,大型公眾浴場,1館櫃台旁
跑者肌地有限公司(跑者肌地),新生北路三段84巷47號,63000040,25.067585,121.526121,學校、大型集會場所,健身房,進門左側
四獸山-象山95峰(亞洲形上觀音山揹水隊捐贈), ,63000020,25.03661554,121.5875426,其他,其他場所,四獸山-象山95峰(亞洲形上觀音山揹水隊捐贈)
國立政治大學,指南路2段64號,63000080,24.986398,121.574983,學校、大型集會場所,大專院校,達賢圖書館2樓
台灣之星電信股份有限公司,堤頂大道2段239號6樓,63000100,25.078695,121.567116,其他,其他場所,6樓梯廳
馬槽花藝商行陽明營業所,竹子湖路251巷20號,63000110,25.188826,121.569343,大型公眾浴場或溫泉區,大型公眾浴場,大眾池收票台左側
超力達工作室(臺北市健力訓練站),大同街137號,63000120,25.135034,121.498594,學校、大型集會場所,健身房,進門右側
全球人壽保險股份有限公司,市民大道六段288號4樓,63000020,25.049366,121.579005,其他,其他場所,全球人壽17樓
臺北市立北投幼兒園,明德路208巷5號1樓,63000120,25.113142,121.522624,其他,其他場所,1樓活動室
陽明山國家公園冷水坑遊客服務站,菁山路101巷170號,63000110,25.165613,121.56391,觀光旅遊地區,國家公園,冷水坑公共溫泉浴室
V Line Fitmess,中正路187巷2號1樓,63000110,25.095354,121.5271348,學校、大型集會場所,健身房,沙發旁
臺北市文山區明道國民小學,木柵路二段138巷61號,63000080,24.98732,121.562581,其他,其他場所,明道國小明道樓1樓
健生活 Living Fitness(艾斯克健身有限公司),林森北路96號2樓,63000040,25.049954,121.524643,其他,其他場所,進門左轉柱子旁
東吳大學(雙溪校區),臨溪路70號,63000110,25.094004,121.546276,學校、大型集會場所,大專院校,機車停車場管理哨
亞東百貨股份有限公司遠企分公司,敦化南路二段203號,63000030,25.0263107,121.5493623,大型購物場所,百貨業,遠企購物中心
華信航空股份有限公司,台北市松山區敦化北路405巷123弄3號,63000010,25.06304,121.557636,長距離交通工具,航空器,B16859飛機
金普頓大安酒店(KIMPTON DA NA HOTEL),仁愛路四段27巷25號,63000030,25.040425,121.545523,旅宿場所,旅館,二樓健身房
衛生福利部食品藥物管理署(昆陽大樓),昆陽街161之2號,63000090,25.048951,121.594442,其他,其他場所,本署大門右側
衛生福利部食品藥物管理署(F棟),研究院路一段130巷109號,63000090,25.04767825,121.6112851,其他,其他場所,大門右側
合作金庫商業銀行-西門分行,昆明街77號,63000070,25.04320749,121.5049533,其他,其他場所,1樓往2樓櫃台旁
椰子林溫泉會館,行義路269號,63000120,25.137625,121.527753,大型公眾浴場或溫泉區,溫泉區,6號間
櫻崗溫泉會館有限公司,行義路300巷3之1號1、2樓,63000120,25.139728,121.528991,大型公眾浴場或溫泉區,溫泉區,櫻崗溫泉會館
山之林SPA溫泉美食餐廳,行義路402巷15號,63000120,25.141605,121.52962,大型公眾浴場或溫泉區,溫泉區,櫃台
祿翊健康事業有限公司（FOCUS TRAINING專注訓練空間),南京東路五段208號2樓,63000010,25.051162,121.564946,學校、大型集會場所,健身房,門口
台北記憶倉庫,忠孝西路一段265號,63000050,25.047901,121.51217,大型休閒場所,博物館,記憶倉庫
給力健身房林森店,林森北路381號B1,63000040,25.058537,121.525639,大型休閒場所,運動場館(如小巨蛋),健身區
臺北市立萬華幼兒園,梧州街36號,63000050,25.0373367,121.497512,學校、大型集會場所,國小,台北市萬華區梧州街36號
台北美國學校,11152 中山北路六段 800號,63000110,25.1164004,121.5301123,學校、大型集會場所,高中職,Mobile Athletic Trainer’s AED
臺北市文山區萬福國民小學,羅斯福路5段170巷32號,63000080,25.004893,121.536712,學校、大型集會場所,國小,川堂
聖宜診所(忠孝),敦化南路一段232巷8號1樓,63000030,25.04081019,121.5476622,其他,其他場所,聖宜診所
豪景大酒店,環河南路一段77號,63000070,25.044624,121.501439,其他,其他場所,四F健身房內
豪景大酒店,環河南路一段77號,63000070,25.044624,121.501439,其他,其他場所,大廳大門左方等待區電腦旁
臺北市文山運動中心,興隆路三段222號,63000080,24.997017,121.559673,學校、大型集會場所,健身中心,2樓大廳
臺北市立大學天母校區,忠誠路二段101號,63000110,25.115897,121.537253,學校、大型集會場所,大專院校,行政大樓一樓警衛室
菲律賓首都銀行台北分行,忠孝東路四段107號2樓,63000030,25.041841,121.548326,其他,其他場所,2樓營業大廳
交通部高速公路局北區養護工程分局木柵工務段,新光路2段100號,63000080,25.001125,121.596603,其他,其他場所,辦公大1樓入口大廳
交通部高速公路局北區養護工程分局內湖工務段,民權東路6段206巷143弄93號,63000100,25.06466,121.598111,其他,其他場所,交通部高速公路局北區養護工程分局內湖工務段
台糖台北會館,光復里中華路一段39號,63000050,25.04542,121.509521,其他,其他場所,台糖台北會館
動動MoveMove體適能教室,士東路９１巷３６號1F,63000110,25.112997,121.528655,學校、大型集會場所,健身房,動動櫃檯旁邊
合作金庫商業銀行集中作業中心,延平南路85號6樓,63000050,25.04338689,121.5108022,其他,其他場所,台北市中正區延平南路85號6樓
家福股份有限公司三民分公司(家樂福三民店),三民路160號,63000010,25.061641,121.563347,大型購物場所,賣場,地下一樓賣場入口
社團法人中華民國軍人之友社台北國軍英雄館,長沙街1段20號,63000050,25.040286,121.508698,其他,其他場所,一樓大廳服務櫃檯旁
美亞商旅股份有限公司,忠孝西路1段50號3~5F,63000050,25.046495,121.515575,旅宿場所,飯店,5樓大廳
內政部國家公園署陽明山國家公園管理處陽明書屋管理站,台北市北投區中興路12號,63000120,25.162652,121.540594,觀光旅遊地區,國家公園,服務站內
陽明山國家公園天溪園生態教育中心,至善路3段336巷45號,63000110,25.132304,121.592613,觀光旅遊地區,國家公園,服務站入口進入左側處
絕色影城股份有限公司,漢中街52號10樓,63000070,25.043824,121.507196,大型休閒場所,電影片映演場所(戲院、電影院),10樓
台北漁產運銷股份有限公司,萬大路華中橋下堤外拍賣場,63000070,25.013594,121.495496,其他,其他場所,拍賣場
台北捷運行政大樓,中山北路2段48巷7號,63000040,25.055752,121.521197,其他,其他場所,捷運行政大樓一樓大廳
國立臺北商業大學,濟南路一段321號,63000050,25.041874,121.525656,學校、大型集會場所,大專院校,環境暨健康保健組
銓敘部,試院路1-2號,63000080,24.988883,121.548751,其他,其他場所,銓敘部銓政樓1樓
日勝生加賀屋國際溫泉飯店,光明路236號,63000120,25.135921,121.50689,大型公眾浴場或溫泉區,溫泉區,4樓櫃檯後方
臺北市民族實驗國民中學,羅斯福路4段113巷13號,63000030,25.011186,121.538874,學校、大型集會場所,國中,警衛室
臺北市立仁愛國民中學(藍鯨游泳學校仁愛校區),仁愛路四段130號,63000030,25.036522,121.551945,其他,其他場所,藍鯨游泳學校仁愛校區櫃台
臺北市私立喬治高級工商職業學校,基隆路二段155號,63000020,25.025907,121.554505,學校、大型集會場所,高中職,浩然樓1樓教務處內
國泰商旅股份有限公司民生分公司(和逸飯店台北民生館),民生東路二段178號,63000040,25.057653,121.536162,其他,其他場所,2F The Lounge
Xjumping 68跳床俱樂部南京店,南京東路五段268號三樓,63000010,25.051139,121.566723,學校、大型集會場所,健身中心,休憩區
國泰商旅股份有限公司忠孝分公司(和逸飯店台北忠孝館),忠孝東路1段31號,63000050,25.04246,121.53565,其他,其他場所,2樓餐廳
天龍興業股份有限公司(天龍三溫暖),重慶北路一段73號9樓,63000060,25.052151,121.514191,大型公眾浴場或溫泉區,大型公眾浴場,大廳
艋舺就業服務站,艋舺大道101號3樓,63000070,25.033444,121.501374,其他,其他場所,艋舺就業服務站
臺北市立興雅國民中學,松德路168巷15號,63000020,25.03642,121.572237,學校、大型集會場所,國中,川堂
天母國際聯誼會,中山北路六段88號B1,63000110,25.104917,121.525007,學校、大型集會場所,健身房,B2健身房前
斜槓人生實業有限公司（FITLAB健身試驗所),東湖路126號2樓,63000100,25.06805,121.616441,學校、大型集會場所,健身房,櫃檯旁
新動力體能顧問有限公司,八德路三段212號4樓,63000010,25.048003,121.556747,其他,其他場所,入口左側
布勒斯運動顧問,復興北路446號,63000040,25.059159,121.547119,學校、大型集會場所,健身房,健身房
飛健身合作社,永興路一段32巷3弄14號,63000120,25.138462,121.500866,學校、大型集會場所,健身房,飛健身合作社
找時間動一動俱樂部,明水路581巷25號地下一樓,63000040,25.080141,121.550504,學校、大型集會場所,健身房,找時間動一動俱樂部櫃台前
REFINE FITNESS,中正路122號及122號之一地下一樓,63000110,25.094737,121.524813,學校、大型集會場所,健身房,入口閘門左側柱子
中華學校財團法人中華科技大學,研究院路3段245號,63000090,25.033596,121.609889,學校、大型集會場所,大專院校,圖書館一樓
中華學校財團法人中華科技大學,研究院路3段245號,63000090,25.033596,121.609889,學校、大型集會場所,大專院校,學苑一樓入口(男生宿舍)
國立臺灣藝術教育館-南海劇場,南海路47號,63000050,25.031741,121.511894,大型休閒場所,演藝廳,南海劇場1樓大廳
元大銀行中正分行,漢口街一段45號3樓,63000050,25.045296,121.512606,其他,其他場所,3樓辦公場所
Fun Fitness運動旅程 士林館,中山北路5段519號2樓,63000110,25.094023,121.527813,其他,其他場所,櫃檯
威利體有限公司,景文街41號2樓,63000080,24.992921,121.57125,其他,其他場所,二樓
時代國際飯店股份有限公司(台北W飯店)安全部,忠孝東路5段10號,63000020,25.039943,121.56688,旅宿場所,飯店,12F
台北市中山區錦州街基地公共住宅新建工程,吉林段三小段982地號土地,63000040,25.05908,121.526982,其他,其他場所,台北市中山區吉林段三小段982地號土地
釋放體能工作室,昆明街79號2樓之2,63000070,25.04286349,121.5048711,學校、大型集會場所,健身房,工作室門口
喬傑瑞國際有限公司(HIVE FITNESS瘋動健身工作室),興隆路四段54-8號,63000080,24.985844,121.561032,其他,其他場所,櫃台處
至上電子股份有限公司,港墘路189號6樓,63000100,25.075678,121.574767,其他,其他場所,六樓
Fun Fitness運動旅程 公館館,羅斯福路三段272號7樓,63000050,25.016753,121.531941,其他,其他場所,櫃檯
晶華國際酒店股份有限公司,中山北路2段39巷3號,63000040,25.054187,121.52424,旅宿場所,飯店,飯店大廳
晶華國際酒店股份有限公司,中山北路2段39巷3號,63000040,25.054187,121.52424,旅宿場所,飯店,員工出入口
晶華國際酒店股份有限公司,中山北路2段39巷3號,63000040,25.054187,121.52424,旅宿場所,飯店,地下三樓健身房
健鑫體適能有限公司(FREE POWER 器材代購買賣),新生北路一段83號地下室,63000040,25.05085,121.528306,學校、大型集會場所,健身房,地下室
F45 Training Neihu,瑞光路358巷38弄一號1F,63000100,25.075892,121.57279,其他,其他場所,健身工作室
時代國際飯店股份有限公司(台北W飯店)安全部,忠孝東路5段10號,63000020,25.039943,121.56688,旅宿場所,飯店,10樓迎賓櫃檯後方
第一商業銀行延平大樓,延平南路38號,63000050,25.04618843,121.5106789,其他,其他場所,大門入口左側、客戶等候椅旁邊
第一商業銀行永春分行,忠孝東路五段451號,63000020,25.041104,121.576252,其他,其他場所,大門進入右側數位體驗區處
第一商業銀行延吉分行,忠孝東路四段289號,63000030,25.041701,121.554714,其他,其他場所,一樓大廳進入後左側
第一商業銀行內湖分行,成功路3段143、145號,63000100,25.07958,121.590008,其他,其他場所,一樓大廳右側客戶寫字檯旁邊
第一商業銀行民生分行,民生東路3段131號,63000010,25.057932,121.547848,其他,其他場所,大門進入後右側、數位體驗區旁邊
第一商業銀行新生分行,南京東路二段8號,63000040,25.051905,121.528598,其他,其他場所,一樓大廳進入後右側
第一商業銀行華山分行,長安東路1段22號,63000040,25.048894,121.525036,其他,其他場所,一樓大廳進入後右側
第一商業銀行總行營業部,重慶南路1段30號,63000050,25.041934,121.513307,其他,其他場所,一樓營業大廳左側健康量測站旁邊
第一商業銀行天母分行,忠誠路一段62號,63000110,25.104853,121.527387,其他,其他場所,大門進入後左側、客戶公用電腦旁邊
第一商業銀行敦化分行,敦化南路2段267號,63000030,25.02525,121.549142,其他,其他場所,大門左側上二樓樓梯旁
時代國際飯店股份有限公司(台北W飯店) 健身房,忠孝東路5段10號,63000020,25.040671,121.565975,旅宿場所,飯店,12樓健身中心
國立臺灣大學(校總區),羅斯福路4段1號,63000030,25.016323,121.534463,學校、大型集會場所,大專院校,研一女舍
國立臺灣大學(長興校區),長興街50號,63000030,25.016473,121.544436,學校、大型集會場所,大專院校,男一舍
國立臺灣大學(校總區),羅斯福路4段1號,63000030,25.016323,121.534463,學校、大型集會場所,大專院校,女一舍
國立臺灣大學(校總區),羅斯福路4段1號,63000030,25.016323,121.534463,學校、大型集會場所,大專院校,圖書館
國立臺灣大學(校總區),羅斯福路4段1號,63000030,25.016323,121.534463,學校、大型集會場所,大專院校,國青宿舍
國立臺灣大學(水源校區),思源街18號,63000050,25.013948,121.530447,學校、大型集會場所,大專院校,水源校區修齊會館
財團法人臺灣敦睦聯誼會所屬作業組織圓山大飯店,中山北路4段1巷1號,63000040,25.078611,121.526287,旅宿場所,旅館,聯誼會孔二故居
華信航空股份有限公司,台北市松山區敦化北路405巷123弄3號,63000010,25.06304,121.557636,長距離交通工具,航空器,B-16862飛機
國立臺灣大學(校總區),羅斯福路4段1號,63000030,25.016323,121.534463,學校、大型集會場所,大專院校,女九舍
馬偕學校財團法人馬偕醫護管理專科學校(關渡校區),聖景路92號,63000120,25.12194737,121.4645596,學校、大型集會場所,大專院校,關渡校區警衛室
國立臺灣大學(校總區),羅斯福路4段1號,63000030,25.016323,121.534463,學校、大型集會場所,大專院校,女四舍
國立臺灣大學(校總區),羅斯福路4段1號,63000030,25.016323,121.534463,學校、大型集會場所,大專院校,新生大樓
國立臺灣大學(校總區),羅斯福路4段1號,63000030,25.016323,121.534463,學校、大型集會場所,大專院校,語文中心
國立臺灣大學(校總區),羅斯福路4段1號,63000030,25.016323,121.534463,學校、大型集會場所,大專院校,舊體育館
國立臺灣大學(水源校區),思源街18號,63000050,25.013948,121.530447,學校、大型集會場所,大專院校,水源校區C棟宿舍
國立臺灣大學(長興校區),長興街50號,63000030,25.016473,121.544436,學校、大型集會場所,大專院校,男七舍
國立臺灣大學(校總區),羅斯福路4段1號,63000030,25.016323,121.534463,學校、大型集會場所,大專院校,普通大樓
城市學校財團法人臺北城市科技大學,學園路2號,63000120,25.133617,121.468879,學校、大型集會場所,大專院校,圖資大樓3樓入口處
彰化商業銀行中崙分行,八德路二段201號,63000040,25.0467443,121.5392342,其他,其他場所,接待大廳保全座位旁
馬偕學校財團法人馬偕醫護管理專科學校(關渡校區),聖景路92號,63000120,25.12194737,121.4645596,學校、大型集會場所,大專院校,關渡校區慈輝樓4樓
太平洋崇光百貨股份有限公司天母分公司,中山北路六段77號,63000110,25.104745,121.524536,大型購物場所,百貨業,SOGO天母店1樓北大門旁
太平洋崇光百貨股份有限公司敦化分公司,敦化南路一段246號,63000030,25.040432,121.548315,大型購物場所,百貨業,4樓貴賓廳前
太平洋崇光百貨股份有限公司,忠孝東路四段45號,63000030,25.041893,121.544667,大型購物場所,百貨業,1樓西後出口
太平洋崇光百貨股份有限公司復興分公司,忠孝東路三段300號,63000030,25.041442,121.543082,大型購物場所,百貨業,B2樓手扶梯旁
推動力體適能運動有限公司（PUSH Fitness),和平東路二段163號1樓,63000030,25.025329,121.541535,學校、大型集會場所,健身房,台北市大安區和平東路二段163號1樓
長源汽車台北服務廠,濱江街321號,63000040,25.0725,121.547395,其他,其他場所,1F
臺北市立美術館,中山北路三段181號,63000040,25.072594,121.524852,其他,其他場所,南進門入口
動動MOVEMOVE體適能教室-天母館,士林區士東路91巷49號,63000110,25.113727,121.529745,學校、大型集會場所,健身房,台北市士林區士東路91巷49號
台北寒舍喜來登大飯店,忠孝東路1段12號,63000050,25.044786,121.522318,旅宿場所,飯店,一樓安全室外面
和泰汽車股份有限公司,松江路121號4樓,63000040,25.052523,121.533406,其他,其他場所,4樓大廳
北投麗禧溫泉酒店,幽雅路30號,63000120,25.137952,121.514833,旅宿場所,旅館,一樓大廳櫃台旁
臺北市立美術館,中山北路三段181號,63000040,25.072594,121.524852,其他,其他場所,D展間
寒舍台北喜來登大飯店,忠孝東路一段12號,63000050,25.044742,121.522243,旅宿場所,旅館,17樓會員俱樂部內
傑克在健身（敦南館）,忠孝東路四段147巷1號11樓,63000030,25.0417539,121.5497725,學校、大型集會場所,健身房,入口旁
台北寒舍喜來登大飯店,忠孝東路1段12號,63000050,25.044786,121.522318,旅宿場所,飯店,一樓團體報到櫃檯旁
達康勁健康事業股份有限公司,新生南路一段155號B1,63000030,25.0351496,121.5330041,大型休閒場所,運動場館(如小巨蛋),門口
模範體能實業社,東湖路11號二樓,63000100,25.068894,121.612816,學校、大型集會場所,健身房,櫃台
AXIS FITNESS 亞西斯VIP私人健身會館,忠孝東路三段249-1號2樓,63000030,25.041891,121.541498,學校、大型集會場所,健身房,心肺區
台北運動健身中心,長安東路一段21號B1,63000040,25.049707,121.523316,學校、大型集會場所,健身房,櫃台左前方
曌躍股份有限公司,文德路108號B1,63000100,25.07818,121.583154,學校、大型集會場所,健身房,櫃台入口處
好時光松江樂園,長安東路二段49號2樓,63000030,25.048574,121.5324,學校、大型集會場所,健身房,健身用具的架子上
好時光南京樂園,龍江路96號4樓,63000040,25.052397,121.540351,學校、大型集會場所,健身房,辦公室牆上
好時光西湖樂園,內湖路一段321號2樓,63000100,25.082385,121.567905,學校、大型集會場所,健身房,辦公室內櫃子上
好時光民權樂園,中山區中山北路三段1號,63000050,25.063935,121.522626,學校、大型集會場所,健身房,休息區椅子上
柯達大飯店 台北天津,中山北路一段53巷22號,63000040,25.048823,121.523208,其他,其他場所,一樓大廳旁
臺北市私立惇?高級工商職業學校,泉源路221號,63000120,25.144847,121.52698,學校、大型集會場所,高中職,學務處
達新壯股份有限公司(Hypercore超核心健身中心台北內湖成功館),成功路4段168號地下二層,63000100,25.083084,121.593307,學校、大型集會場所,健身房,有氧器材區
列特博運動健身機構,大業路700號 (列特博運動健身機構),63000120,25.1370121,121.5022063,學校、大型集會場所,健身房,列特博運動健身機構休息區
臺北市中山區濱江國民小學,樂群二路266巷99號,63000040,25.078001,121.561637,其他,其他場所,泳池場館(觀看休息室)
PulseGym建國店,建國北路一段96號1樓,63000040,25.050301,121.536327,學校、大型集會場所,健身房,入門左側
嘉和智能科技股份有限公司 中山營業處（PULSE GYM)中山店,南京西路32號2樓,63000060,25.052635,121.519713,學校、大型集會場所,健身房,櫃台左側
傑瑞運動整合有限公司,汀州路三段61號,63000040,25.018151,121.528203,學校、大型集會場所,健身房,門口
初健身TRUE GYM,中山北路二段59巷28號,63000040,25.055819,121.5241,其他,其他場所,門口
YOGA EDITION,忠孝東路四段151號3樓,63000030,25.041702,121.549793,學校、大型集會場所,健身房,三樓櫃台
和怡商旅股份有限公司,重陽路122號,63000090,25.056819,121.599957,旅宿場所,旅館,B1健身房
全真概念健康事業股份有限公司-南港分公司,經貿二路188號B棟4樓,63000090,25.058113,121.616748,大型購物場所,商場,全真瑜珈南港館
臺灣集中保管結算所股份有限公司,復興北路363號2樓,63000010,25.060561,121.544388,其他,其他場所,台北市松山區復興北路365號8樓
英屬維京群島商李肇勳國際室內設計顧問股份有限公司台灣分公司,復興北路420號5樓,63000040,25.062783,121.543869,其他,其他場所,辦公室外面
加減健康管理顧問有限公司台北信義分公司,基隆路一段135號1樓,63000020,25.044072,121.56645,其他,其他場所,健身房內櫃檯旁
臺北市私立延平高級中學,建國南路1段275號,63000030,25.036378,121.538413,學校、大型集會場所,高中職,昭陽樓3樓
PFC肌力與體能訓練,忠孝東路四段250號2樓之4,63000030,25.041122,121.55412,學校、大型集會場所,健身房,PFC肌力與體能訓練
三健客體能顧問工作室,港華街18號1樓,63000100,25.082189,121.577277,學校、大型集會場所,健身房,休息室外
超越健身工坊,仁愛路四段341號2樓,63000030,25.038108,121.553906,學校、大型集會場所,健身房,超越健身工坊
運動皮質區體適能訓練所,和平東路一段274之1號4樓,63000030,25.02595039,121.5340927,學校、大型集會場所,健身房,門口
Blitz,光復北路129號地下,63000010,25.0525144,121.5572099,大型休閒場所,運動場館(如小巨蛋),一下樓梯右手邊
香港商世界健身事業有限公司北投中和分公司,中和街366-1號,63000120,25.141857,121.499229,學校、大型集會場所,健身房,健身房1樓
AT力場，絕對領域健康股份有限公司,忠孝東路四段223巷10弄2號2樓,63000030,25.041953,121.553165,學校、大型集會場所,健身房,入口處
臺北市大同區公所建功里里民活動場所,重慶北路一段83巷37號,63000060,25.052949,121.515472,其他,其他場所,重慶北路一段83巷37號
Goal Fitness 走！健身,大安路一段85號2樓,63000030,25.040895,121.546262,其他,其他場所,台北市大安區大安路一段85號2樓
仙妮蕾德餐旅管理有限公司 茹曦酒店,敦化北路100號,63000010,25.052339,121.548598,旅宿場所,飯店,1樓大廳
潤泰旭展股份有限公司(CITYLINK南港店),台北市南港區忠孝東路七段299號,63000090,25.052558,121.604518,大型購物場所,商場,C棟5樓洗手間入口處
BIG BOSS SPORTS CENTER大老闆運動中心,舊莊街一段196號2樓,63000090,25.038552,121.622085,其他,其他場所,櫃台休息區
CV玩家體適能訓練室(貴子體適能工作室),昆明街222號2F,63000070,25.040537,121.504248,學校、大型集會場所,健身房,入口前方
麥威肌力體能股份有限公司(MYWAY Fitness),復興南路一段2號B1,63000040,25.047122,121.543635,學校、大型集會場所,健身房,大門前柱
群康彼拉提斯(大東),大東路162號2樓,63000110,25.09258425,121.5253362,學校、大型集會場所,健身房,行政櫃台旁
關渡自然公園,關渡路55號,63000120,25.119378,121.471433,觀光旅遊地區,地方政府主管風景區,票亭
台北市立中正國中游泳池,愛國東路158號-游泳池,63000050,25.0323216,121.5220569,學校、大型集會場所,國中,藍鯨游泳學校(中正國中校區)
良想貴工作室,成功路二段309號1樓,63000100,25.06964,121.590844,其他,其他場所,Charles Fitness
萬泰物流供應鏈股份有限公司,八德路二段308號5樓,63000040,25.0455188,121.5428451,其他,其他場所,G樓大廳
臺北市立成功高級中學,濟南路一段71號,63000050,25.042334,121.523687,學校、大型集會場所,高中職,學務處前走廊
加勒比健康事業股份有限公司(日本伊藤萬台北艋舺校),西園路二段320巷55弄3號B1,63000070,25.027829,121.491611,其他,其他場所,休息區
遊戲橘子數位科技股份有限公司,瑞湖街111號,63000100,25.071724,121.576463,其他,其他場所,1樓大廳右側匝門口
Jessica’s fitness,中南街140-5號1樓,63000090,25.052024,121.615153,其他,其他場所,台北市南港區中南街140-5號1樓
優競健身事業股份有限公司,安和路一段27號B1,63000030,25.03932,121.550473,學校、大型集會場所,健身房,安和路一段27號B2
優競健身事業股份有限公司,安和路一段27號B1,63000030,25.03932,121.550473,學校、大型集會場所,健身房,VIP室
國民革命忠烈祠,北安路139號,63000040,25.078381,121.533128,觀光旅遊地區,文化園區,安管桌後
群安健康事業有限公司,長春路368號2樓之1,63000040,25.035513,121.543927,學校、大型集會場所,健身房,台北市中山區長春路368號2樓之1
菲特邦健康管理,中山北路二段77巷14號3樓,63000040,25.05737,121.524349,學校、大型集會場所,健身房,運動教室內
臺北市市場處所屬公有環南市場改建工程主體工程,環河南路二段245號,63000070,25.029251,121.4906,其他,其他場所,1號門出入口
星宇航空股份有限公司,忠孝東路四段525號11樓,63000020,25.04216558,121.5615707,長距離交通工具,航空器,星宇客機B-58301
臺北市立新民國民中學,新民路10號,63000120,25.138039,121.507974,其他,其他場所,健康中心門口
香港商世界健身事業有限公司台北長春分公司,長春路90號1樓,63000040,25.054791,121.527053,學校、大型集會場所,健身房,一樓大廳處
柯達大飯店股份有限公司中山分公司,中山北路二段139號,63000040,25.061986,121.523074,旅宿場所,旅館,接待大廳自動門左側
柯達大飯店台北一店,中山北路二段11巷1號,63000040,25.052813,121.523346,其他,其他場所,一樓商務中心內
柯達大飯店股份有限公司松江分公司,松江路251號,63000040,25.05933,121.533459,旅宿場所,旅館,一樓電梯口左側
台北寒舍喜來登大飯店,忠孝東路1段12號,63000050,25.044786,121.522318,旅宿場所,飯店,B2宴會廳吸菸室旁
OPTiMAX動作重塑與肌力訓練,明水路678號,63000040,25.0838246,121.5512333,學校、大型集會場所,健身房,一樓場館大廳
狂潮健身事業有限公司,信義路四段456號B1,63000020,25.03288,121.558182,學校、大型集會場所,健身房,櫃台
Curves可爾姿 建國長春店,建國北路二段74號3F,63000040,25.055047,121.536437,學校、大型集會場所,健身房,Curves可爾姿 建國長春店
跨越體適能有限公司,和平東路三段333號地下,63000020,25.018705,121.558744,學校、大型集會場所,健身房,場所大廳
宏匯瑞光廣場335號B棟,瑞光路335號,63000100,25.0774077,121.5750805,其他,其他場所,本棟一樓大廳
尋動率,廈門街75-1號1樓,63000050,25.024734,121.517503,學校、大型集會場所,健身房,健身房門口
有道工作室,木柵路三段48巷1弄7號,63000080,24.987783,121.564992,學校、大型集會場所,健身房,鏡牆左側
Curves女性專用30分鐘健身中心民生圓環店,富錦街505號1樓,63000010,25.061145,121.564352,學校、大型集會場所,健身房,櫃台前
PQ FITNESS,忠誠路一段60號B1F,63000110,25.1048744,121.5272749,其他,其他場所,櫃檯前方
彰化商業銀行中正分行,金山南路一段47號1樓,63000050,25.0392718,121.5289071,其他,其他場所,一樓營業廳大門進入左側
台北健身院八德店,台北市松山區八德路四段656號,63000010,25.0498402,121.5754394,其他,其他場所,機械拉背的後方走道
臺北市士林區社子國民小學,延平北路六段308號,63000110,25.085495,121.507988,其他,其他場所,民生樓 游泳池
臺北市大安區大安國民小學,臥龍街129號,63000030,25.020012,121.549076,其他,其他場所,學務處旁
臺北市大安區大安國民小學,臥龍街129號,63000030,25.020012,121.549076,其他,其他場所,游泳池2樓
臺北市溪山實驗國民小學,至善路3段199號,63000110,25.095049,121.524608,其他,其他場所,校園內健康中心門口
臺北市文山區力行國民小學,木新路三段155巷7號2樓,63000080,24.980969,121.561162,其他,其他場所,臺北市文山區力行國民小學
新光三越百貨股份有限公司台北信義分公司三館,松壽路9號,63000020,25.036086,121.566478,大型購物場所,百貨業,3樓醫務室
Hotel Indigo Taipei North 台北大直英迪格酒店,植福路200號,63000040,25.083544,121.559553,旅宿場所,飯店,飯店大廳櫃台辦公室
TeamLift運動空間士林館,文林路205號3樓,63000110,25.0901023,121.5270008,學校、大型集會場所,健身房,場館內
宏匯瑞光廣場333號A棟,瑞光路333號,63000100,25.07702458,121.5744301,其他,其他場所,本棟一樓大廳
國家表演藝術中心國家兩廳院(國家戲劇院),中山南路21-1號,63000050,25.037355,121.519244,大型休閒場所,電影片映演場所(戲院、電影院),實驗劇場
臺北市指南實驗國民小學,指南路三段38巷5-2號,63000080,24.992921,121.57125,其他,其他場所,活動中心大門旁
臺北巿士林區陽明山國民小學,仰德大道3段61號,63000110,25.119332,121.552817,其他,其他場所,活動中心一樓
臺北市私立薇閣國民小學,育仁路106號,63000120,25.135958,121.501023,學校、大型集會場所,國小,健康中心
遠雄房地產發展股份有限公司,基隆路一段200號,63000020,25.040171,121.563538,其他,其他場所,遠雄房地產發展股份有限公司
臺北市士林運動中心,士商路一號,63000110,25.089668,121.521411,學校、大型集會場所,健身中心,"放置三樓游泳池場館,靠近服務櫃檯處"
雀客國際酒店股份有限公司雀客藏居台北陽明山,格致路237號,63000110,25.14344075,121.548864,大型公眾浴場或溫泉區,溫泉區,111台北市士林區格致路237號 一樓櫃台
Uniqlo西門店,漢中街52號,63000070,25.043897,121.507113,大型購物場所,商場,大門口右側
力平方有限公司,忠孝東路三段303號,63000030,25.041865,121.543516,學校、大型集會場所,健身房,忠孝東路三段303號
臺北市勞動力重建運用處,艋舺大道101號4樓、5樓,63000070,25.03335,121.499863,其他,其他場所,5樓
久舜營造股份有限公司,新湖二路257號2F,63000100,25.063758,121.581773,其他,其他場所,大門右側
蟾蜍山｜煥民新村,羅斯福路四段119巷66弄12號,63000030,25.0094299,121.539334,觀光旅遊地區,文化園區,蟾蜍山大客廳
大稻埕碼頭貨櫃市集,民生西路底(5號水門-大稻埕碼頭貨櫃市集),63000060,25.0561283,121.5074276,觀光旅遊地區,地方政府主管風景區,服務台
her fitness她的專屬健身空間(忠孝店),忠孝東路四段226號8樓,63000030,25.04121218,121.5536711,其他,其他場所,本場館入口處
奧斯卡建設股份有限公司,南京東路二段206號9樓之1,63000040,25.051839,121.535847,其他,其他場所,辦公室門口右側
香港商鈦澤集團有限公司-台灣分公司,民權東路三段2-1號2樓,63000040,25.0621,121.537862,其他,其他場所,進門靠左側1號櫃檯旁
Sweet*慢走體適能,中山北路六段284號,63000110,25.110115,121.52568,學校、大型集會場所,健身房,櫃檯前方
建南區民活動中心,信義路3段134巷82號2樓,63000030,25.029428,121.53928,其他,其他場所,活動中心內
臺北市政府環境保護局北投垃圾焚化廠,洲美街271號,63000120,25.100116,121.498582,其他,其他場所,值班宿舍1樓辦公室
冠競健康事業股份有限公司,洲子街55號1樓,63000100,25.079305,121.573572,學校、大型集會場所,健身房,台北市內湖區洲子街55號一樓
天天健體能訓練,民生東路二段64號,63000040,25.057855,121.529734,學校、大型集會場所,健身房,櫃台門口
楷沐好好股份有限公司,信義路三段202號2樓,63000030,25.03307,121.543226,學校、大型集會場所,健身房,入口處右手邊
雞心崙觀景平台﹝冷水坑遊客中心﹞-(亞洲形上觀音山揹水隊捐贈), ,63000110,25.16564164,121.5639497,交通要衝,機場,雞心崙觀景平台﹝冷水坑遊客中心﹞-(亞洲形上觀音山揹水隊捐贈)
新生公園游泳池,新生北路三段105號,63000040,25.070256,121.528776,大型休閒場所,運動場館(如小巨蛋),本池櫃台
碧湖公園游泳池,內湖路二段103巷66號,63000100,25.08284723,121.5809774,觀光旅遊地區,民營遊樂業,本池櫃台
財團法人台北市中華基督教青年會萬華會館,昆明街290號,63000070,25.038275,121.503806,學校、大型集會場所,健身房,1樓泳池櫃台
嘉興區民活動中心,樂業街97號地下1樓,63000030,25.021089,121.551905,其他,其他場所,活動中心內
中國石油化學工業開發股份有限公司臺北營業所,東興路12號,63000010,25.0496968,121.5650519,其他,其他場所,本棟大樓11樓
Circus Corner,承德路二段67號1樓,63000060,25.055749,121.518345,學校、大型集會場所,健身中心,台北市大同區承德路二段67號1樓
群康健康事業股份有限公司,天母西路41巷2號B1,63000110,25.1188588,121.5275888,學校、大型集會場所,健身房,群康彼拉提斯
交通部臺灣鐵路管理局臺北運務段臺北站,北平西路3號1樓,63000050,25.047924,121.517081,交通要衝,台鐵車站,B1南迴廊
大湖公園游泳池,成功路五段31號,63000100,25.08283517,121.6039818,大型公眾浴場或溫泉區,大型公眾浴場,二樓健身房
站前聖宜診所,許昌街42號7樓,63000050,25.045406,121.515506,其他,其他場所,站前聖宜診所
昌隆區民活動中心,市民大道3段206號4樓之1,63000030,25.044319,121.539878,其他,其他場所,活動中心內
光信區民活動中心,延吉街236巷17號2樓,63000030,25.03613,121.555014,其他,其他場所,活動中心內
瑞安區民活動中心,瑞安街71巷2號3樓,63000030,25.028037,121.541423,其他,其他場所,活動中心內
微風廣場實業股份有限公司三總分公司(微風三總商店街),成功路二段325號B1,63000100,25.072194,121.593775,大型購物場所,商場,B1服務台
臺北市士林區雨農國民小學,忠義街1號,63000110,25.105257,121.529834,學校、大型集會場所,國小,學校小穿堂
辛亥區民活動中心,辛亥路1段臨141號,63000030,25.022429,121.5327,其他,其他場所,活動中心內
中華郵政股份有限公司臺北郵件處理中心,金山南路二段86號,63000030,25.0312712,121.5262341,其他,其他場所,警衛室
大河之戀皇后號,關渡碼頭,63000120,25.120927,121.461921,長距離交通工具,客船,大河之戀皇后號
臺北市內湖區湖濱里區民活動中心,內湖路2段346號1樓,63000100,25.081888,121.589994,其他,其他場所,內湖路2段346號1樓
臺北市內湖區紫陽里里民活動場所,文德路210巷30弄27號,63000100,25.07707,121.584762,其他,其他場所,文德路210巷30弄27號
七星山主峰(冷水坑遊客服務站)-(亞洲形上觀音山揹水隊捐贈), ,63000110,25.16564018,121.5639337,其他,其他場所,陽明山主峰(冷水坑遊客服務站)-(亞洲形上觀音山揹水隊捐贈)
臺北市政府市政大樓,臺北市市府路1號,63000020,25.038211,121.564359,其他,其他場所,西大門服務臺
境力健康事業有限公司,中山北路六段258號,63000110,25.109536,121.525579,學校、大型集會場所,健身房,境FITNESS
柯達大飯店台北敦南,敦化南路二段238號,63000030,25.021106,121.548324,旅宿場所,旅館,一樓接待大廳
永豐餘營運管理顧問股份有限公司(臺北市),重慶南路二段51號1F,63000050,25.031284,121.514891,其他,其他場所,1樓大廳
和苑三井花園飯店 台北忠孝,忠孝東路三段30號,63000030,25.0418375,121.5343789,旅宿場所,飯店,本樓1樓大廳
臺北市文山區永建國民小學,木柵路1段311巷1號,63000080,24.988241,121.554541,學校、大型集會場所,國小,總務處旁走廊牆上
海克利斯運動器材有限公司,民族東路10號4樓,63000040,25.068251,121.523837,其他,其他場所,4樓入口大廳
北投青磺名湯(沉逸齋有限公司),中央北路1段12號1樓,63000120,25.133906,121.501112,大型公眾浴場或溫泉區,溫泉區,北投青磺名湯一樓大廳
南陽實業股份有限公司台北分公司 內湖服務廠,內湖路1段332號,63000100,25.081281,121.570091,大型購物場所,商場,休息區旁邊
南陽實業 現代汽車北投廠,承德路七段95號,63000120,25.111542,121.509732,大型購物場所,商場,休息區旁邊
忠初我有限公司,光復北路30號2樓,63000010,25.044526,121.534645,大型休閒場所,運動場館(如小巨蛋),啞鈴放置區
合作金庫人壽保險股份有限公司,南京東路二段85.87號5樓,63000040,25.05223435,121.5361858,其他,其他場所,台北市中山區南京東路二段85.87號5樓
新光三越百貨股份有限公司台北信義分公司,松壽路11號,63000020,25.036218,121.567269,大型購物場所,百貨業,6F醫務室
Power Bank運動教室,辛亥路五段35號1樓,63000080,24.9995279,121.554033,學校、大型集會場所,健身房,場館進出口左側
臺北市中山區大佳國民小學,濱江街107號,63000040,25.073294,121.536367,其他,其他場所,穿堂
財團法人台北市文化基金會北投中心新村,新民路22巷9號,63000120,25.138994,121.507484,其他,其他場所,展區入口服務台前
德明財經科技大學(綜合大樓),環山路1段56號,63000100,25.086706,121.565225,學校、大型集會場所,大專院校,四合院服務樓2樓川堂走道處
天成大飯店,忠孝西路一段四十三號,63000050,25.0467151,121.5156511,旅宿場所,旅館,17樓健身房
合作金庫商業銀行,台北市松山區長安東路2段225號,63000010,25.048797,121.545474,其他,其他場所,合作金庫商業銀行總行大樓A棟1樓
統一速達股份有限公司,重陽路200號5樓,63000090,25.057802,121.602424,其他,其他場所,台北市南港區重陽路200號5樓電梯口
國家攝影文化中心,忠孝西路一段70號,63000050,25.0467,121.514495,大型休閒場所,美術館,忠孝西路側出入口走廊
星宇航空股份有限公司,忠孝東路四段525號11樓,63000020,25.04216558,121.5615707,長距離交通工具,航空器,星宇客機B-58205
合作金庫資產管理股份有限公司,館前路77號3樓,63000050,25.043675,121.515185,其他,其他場所,合作金庫資產管理股份有限公司辦公室內
上竣運動有限公司,成功路三段141號3樓,63000100,25.079545,121.589978,學校、大型集會場所,健身房,壁掛露臺
JR東日本大飯店 台北,南京東路三段133號,63000040,25.052302,121.541329,交通要衝,捷運站,13F
JR東日本大飯店 台北,南京東路三段133號,63000040,25.052302,121.541329,交通要衝,捷運站,9F
JR東日本大飯店 台北,南京東路三段133號,63000040,25.052302,121.541329,交通要衝,捷運站,1F
JR東日本大飯店 台北,南京東路三段133號,63000040,25.052302,121.541329,交通要衝,捷運站,B1
心安實業(X-Fitstudio體適能健體空間),中山北路二段56號3樓,63000040,25.056511,121.522525,其他,其他場所,台北市中山區中山北路二段56號三樓
柯達大飯店股份有限公司長安分公司,松江路61-1號,63000040,25.04874,121.533163,其他,其他場所,一樓接待大廳
RNA,南京東路五段62號2樓,63000010,25.05128,121.560603,學校、大型集會場所,健身房,RNA重訓教室
JUNGLE CENTER,台北市松山區光復南路1號B1,63000010,25.047991,121.557989,其他,其他場所,台北市松山區光復南路1號B1
宏匯瑞光廣場337號C棟,瑞光路337號,63000100,25.07786514,121.5755459,其他,其他場所,本棟一樓大廳
誠品股份有限公司–誠品電影院,菸廠路88號,63000020,25.044561,121.561351,大型休閒場所,電影片映演場所(戲院、電影院),B2F誠品電影院
微風置地股份有限公司松高分公司,松高路16號,63000020,25.038983,121.567273,大型購物場所,百貨業,3F女廁前面
萬美社區管理委員會,萬美街2段2巷1號,63000080,25.003439,121.562612,其他,其他場所,1號1樓樓梯間
臺北流行音樂中心,市民大道八段99號,63000090,25.052319,121.59861,大型休閒場所,演藝廳,哺集乳室（市民大道側）
國立臺北科技大學,忠孝東路3 段1號,63000030,25.04246,121.53565,學校、大型集會場所,大專院校,第3教學大樓
國立臺北科技大學,忠孝東路3 段1號,63000030,25.04246,121.53565,學校、大型集會場所,大專院校,學生宿舍二舍
國立臺灣大學(校總區),羅斯福路4段1號,63000030,25.016323,121.534463,學校、大型集會場所,大專院校,新體育館
台灣虎航股份有限公司,敦化北路405巷123弄3號,63000010,25.06304,121.557636,長距離交通工具,航空器,"B-50022航機, 第13排 DEF行李艙"
國立臺北科技大學,忠孝東路3 段1號,63000030,25.04246,121.53565,學校、大型集會場所,大專院校,土木館
臺北流行音樂中心,市民大道八段99號,63000090,25.052319,121.59861,大型休閒場所,演藝廳,文化館4樓
臺北流行音樂中心,市民大道八段99號,63000090,25.052319,121.59861,大型休閒場所,演藝廳,產業區1樓梯廳（忠孝東路側）
國立臺北科技大學,忠孝東路3 段1號,63000030,25.04246,121.53565,學校、大型集會場所,大專院校,設計館
臺北流行音樂中心,市民大道八段99號,63000090,25.052319,121.59861,大型休閒場所,演藝廳,產業區1樓梯廳（市民大道側）
國立臺灣大學(校總區),羅斯福路4段1號,63000030,25.016323,121.534463,學校、大型集會場所,大專院校,第2活動中心
國立臺北科技大學,忠孝東路3 段1號,63000030,25.04246,121.53565,學校、大型集會場所,大專院校,綜合科館
國立臺灣大學(校總區),羅斯福路4段1號,63000030,25.016323,121.534463,學校、大型集會場所,大專院校,天文數學館
國立臺灣大學(校總區),羅斯福路4段1號,63000030,25.016323,121.534463,學校、大型集會場所,大專院校,辛亥路警衛室內
國立臺灣大學(校總區),羅斯福路4段1號,63000030,25.016323,121.534463,學校、大型集會場所,大專院校,羅斯福路崗亭
國立臺灣大學(校總區),羅斯福路4段1號,63000030,25.016323,121.534463,學校、大型集會場所,大專院校,電機2館
國立臺灣大學(醫學校區),仁愛路1段1號,63000050,25.040772,121.520655,學校、大型集會場所,大專院校,公衛學院
國立臺灣大學(校總區),羅斯福路4段1號,63000030,25.016323,121.534463,學校、大型集會場所,大專院校,禮賢樓
健身工廠長春廠,遼寧街177號B2、B3、B3-2,63000040,25.05279586,121.5423653,學校、大型集會場所,健身房,B2櫃檯右方直行
青年公園游泳池,水源路199號,63000070,25.022041,121.506907,其他,其他場所,游泳池一樓大廳
德明財經科技大學(綜合大樓),環山路1段56號,63000100,25.086706,121.565225,學校、大型集會場所,大專院校,研究推廣大樓1F警衛室門口
德明財經科技大學(綜合大樓),環山路1段56號,63000100,25.086706,121.565225,學校、大型集會場所,大專院校,研究推廣大樓7F電梯出口左側
德明財經科技大學(綜合大樓),環山路1段56號,63000100,25.086706,121.565225,學校、大型集會場所,大專院校,中正樓1F大門口內左側
德明財經科技大學(綜合大樓),環山路1段56號,63000100,25.086706,121.565225,學校、大型集會場所,大專院校,又新樓4F財務經融系辦門口外
臺北市政府社會局委託財團法人伊甸社會福利基金會經營管理臺北市興隆照顧中心,興隆路4段105巷45號2樓,63000080,24.9882386,121.5627241,其他,其他場所,興隆照顧中心大門入口處
臺北市政府社會局委託財團法人伊甸社會福利基金會經營管理臺北市興隆照顧中心,興隆路4段105巷45號2樓,63000080,24.9882386,121.5627241,其他,其他場所,興隆照顧中心內護理站旁
Bounce8,天母東路8巷80號,63000110,25.115072,121.530555,其他,其他場所,教室門口邊
慈音山莊休閒農場,老泉街26巷11號,63000080,24.9662587,121.5662608,觀光旅遊地區,農場,農場景觀餐廳門口
馥森梧桐墅（老泉休閒農場）,老泉街26巷27號,63000080,24.9711096,121.5678778,觀光旅遊地區,農場,馥森梧桐墅餐廳（老泉休閒農場）
好時光健身房大安樂園,復興南路一段249號4樓,63000030,25.03691763,121.5438761,其他,其他場所,休息區旁的鞋盒櫃上
coffit健身咖,中山北路六段184號,63000110,25.1076519,121.5252606,學校、大型集會場所,健身房,進門左手邊器材後方牆面
Curves女性專用30分鐘健身中心景美店,景文街46-1號3樓,63000080,24.991344,121.541208,學校、大型集會場所,健身房,店內儲藏室旁
美商泰優股份有限公司台灣分公司,民權東路三段2號5樓,63000040,25.0621023,121.5376446,其他,其他場所,公司大廳
萬海航運股份有限公司(內湖辦公室),新湖一路361號,63000100,25.06365669,121.5843356,其他,其他場所,新湖一路361號4F
育達高級中等學校-雙語國小/國中/高中部,寧安街52號,63000010,25.05054908,121.5545238,學校、大型集會場所,國中,思源大樓
臺北市政府社會局委託財團法人伊甸社會福利基金會經營管理臺北市興隆團體家庭,木柵路2段138巷33號3樓,63000080,24.9887036,121.5617427,其他,其他場所,機構辦公室
擊客基地,復興北路369號B1,63000010,25.0626001,121.5447579,其他,其他場所,入口處
家福股份有限公司台北桂林分公司(家樂福桂林店),桂林路1號,63000070,25.037743,121.50629,大型購物場所,賣場,三樓扶梯口
虎鐵健身工作室,重慶南路一段88號2樓,63000050,25.043012,121.512982,大型休閒場所,運動場館(如小巨蛋),辦公室內
華信航空股份有限公司,台北市松山區敦化北路405巷123弄3號,63000010,25.06304,121.557636,長距離交通工具,航空器,B-16863飛機
臺北市政府環境保護局內湖垃圾焚化廠(葫蘆洲運動公園),安康路228巷20號,63000100,25.061926,121.604383,學校、大型集會場所,健身中心,游泳池
元大人壽元泰廣場,南京東路二段77號,63000040,25.0523188,121.5310963,其他,其他場所,台北市南京東路二段77號
臺北市立景美國民中學,景中街27號,63000080,24.993264,121.543062,學校、大型集會場所,國中,景美國中
香港商鈦澤集團有限公司-台灣分公司,民權東路三段2-1號2樓,63000040,25.0621,121.537862,其他,其他場所,進門右手邊走到底課表公布欄旁
長榮海運股份有限公司(臺北市),民生東路二段166號,63000040,25.057692,121.53409,其他,其他場所,一樓大廳
中鼎工程公司,中山北路六段89號,63000110,25.105726,121.524397,其他,其他場所,1F大廳服務台旁
臺北市立實踐國民中學,辛亥路7段67號,63000080,24.9834247,121.5547619,學校、大型集會場所,國中,實踐國中實踐樓2樓川堂
臺北市立實踐國民中學,辛亥路7段67號,63000080,24.9834247,121.5547619,學校、大型集會場所,國中,活動中心2樓通廊
交通部臺灣鐵路管理局臺北運務段臺北站,北平西路3號1樓,63000050,25.047924,121.517081,交通要衝,台鐵車站,B1剪票口
More Fit 松江店,南京東路二段125號B1,63000040,25.052255,121.5342129,學校、大型集會場所,健身房,門口左手邊
Switch ON 妳的運動空間,忠孝東路五段625號,63000020,25.041791,121.579242,學校、大型集會場所,健身房,受信總機上
Joysport樂適能運動,民生東路五段206-6至8號一樓,63000010,25.05817763,121.5557131,其他,其他場所,門口
台北市中華基督教青年會唭哩岸會館,承德路七段312號,63000120,25.117058,121.504508,學校、大型集會場所,健身房,1樓櫃台旁
WEEEFITNESS,市民大道三段143號2F,63000040,25.0448961,121.5392718,學校、大型集會場所,健身房,櫃檯
漢普頓酒店,建國北路二段7號,63000040,25.0527114,121.5372562,旅宿場所,旅館,飯店大廳
超人運動事業有限公司,南京東路五段202號2樓,63000010,25.0512257,121.5647943,其他,其他場所,教室櫃台
明曜百貨股份有限公司,忠孝東路4段200號1樓,63000030,25.041232,121.552014,大型購物場所,百貨業,明曜百貨大門口
財團法人基督教臺北市私立伯大尼兒少家園,保儀路129號,63000080,24.9848065,121.5670808,其他,其他場所,本園大廳
喜都(男仕)三溫暖,南京東路五段38號B1,63000010,25.051244,121.559476,,,B區影片室門口
交通部臺灣鐵路管理局臺北運務段臺北站,北平西路3號1樓,63000050,25.047924,121.517081,交通要衝,台鐵車站,B1東出口
和泰興業股份有限公司,新湖一路36巷18號1樓,63000100,25.0588277,121.5744262,其他,其他場所,1樓大廳
香港商世界健身事業有限公司大直北安分公司,北安路554巷19號B1,63000040,25.0801763,121.5489498,學校、大型集會場所,健身房,台北市中山區北安路554巷19號B1
星宇航空股份有限公司,忠孝東路四段525號11樓,63000020,25.04216558,121.5615707,長距離交通工具,航空器,星宇客機B-58201
臺北市立大學天母校區,忠誠路二段101號,63000110,25.115897,121.537253,學校、大型集會場所,大專院校,體育館一樓保全櫃台旁
內雙溪自然中心,至善路三段150巷27號,63000110,25.114503,121.577824,其他,其他場所,辦公室旁
臺北市鐵觀音包種茶研發推廣中心,指南路三段40巷8-2號,63000080,24.96910948,121.5943158,其他,其他場所,大廳
貴子坑露營場,秀山路161號,63000120,25.14857336,121.4934427,其他,其他場所,露營區入口處
圓山風景區藍鵲地景區,中山北路4段1號,63000040,25.080496,121.52845,其他,其他場所,藍鵲地景區
仙跡岩風景區仙岩廟,景興路243巷,63000080,24.992613,121.548003,觀光旅遊地區,地方政府主管風景區,仙岩廟
九蓮寺,劍南路203巷6號,63000110,25.1002116,121.5554774,其他,其他場所,正殿
樟山寺,老泉街45巷29號,63000080,24.97301951,121.57935,其他,其他場所,主殿旁建築物
象山步道代天殿靈雲宮,信義路五段150巷22弄43號,63000020,25.0275872,121.5711121,其他,其他場所,代天殿靈雲宮
台北市政府松德辦公大樓,松德路300號,63000020,25.0320284,121.5743011,其他,其他場所,3樓大地工程處
台北市政府松德辦公大樓,松德路300號,63000020,25.0320284,121.5743011,其他,其他場所,3樓大地工程處
宜家家居股份有限公司台北城市店小巨蛋分公司,敦化北路100號B1、B2,63000010,25.052651,121.548262,大型購物場所,商場,IKEA B2入口
宜家家居股份有限公司台北城市店小巨蛋分公司,敦化北路100號B1、B2,63000010,25.052651,121.548262,大型購物場所,商場,IKEA B1顧客服務區
北興宮步道之北興宮,成福路272號,63000090,25.037736,121.590396,其他,其他場所,南港區北興宮步道之北興宮
內溝溪生態展示館,康樂街236之3號,63000100,25.087244,121.622896,其他,其他場所,1樓大門入口右側
米鈦工作室,林森北路100號8樓之6,63000040,25.0506452,121.5248543,其他,其他場所,進門左手邊櫃子
臺北市中山區五常國民小學,五常街16號,63000040,25.064084,121.541528,其他,其他場所,川堂至健康中心之走廊上
香港商世界健身事業有限公司民生圓環分公司,民生東路五段196號B1,63000010,25.058566,121.5644021,學校、大型集會場所,健身房,客服櫃台前方
微風廣場實業股份有限公司 ,復興南路一段39號,63000010,25.045943,121.545251,大型購物場所,百貨業,1樓服務台旁
黑松股份有限公司,信義路四段296號3樓,63000030,25.033016,121.554463,其他,其他場所,台北市大安區信義路四段296號5樓
星宇航空股份有限公司,忠孝東路四段525號11樓,63000020,25.04216558,121.5615707,長距離交通工具,航空器,星宇客機B-58209
臺北市立南港高級工業職業學校,興中路29號,63000090,25.056498,121.607859,學校、大型集會場所,高中職,宿舍一樓管理室旁
臺北市立木柵國民中學,木柵路3段102巷12號,63000080,24.987413,121.567643,學校、大型集會場所,國中,木柵國中警衛室門口外牆
瀚宇彩晶內湖總部,行善路168巷15號,63000100,25.05885107,121.5787424,其他,其他場所,瀚宇彩晶內湖總部5樓公共區域
臺灣警察專科學校,興隆路三段153號,63000080,24.998038,121.561478,學校、大型集會場所,大專院校,醫務室外傷處理室
臺北市政府社會局老人自費安養中心,興隆路4段109巷30弄6號,63000080,24.986284,121.562475,其他,其他場所,松柏1樓服務台前
臺北市新生老人日間照顧中心,新生南路三段52-5號5樓,63000030,25.021147,121.533915,其他,其他場所,第三小家教室櫃子
台北金融大樓股份有限公司(辦公大樓),信義路五段7號59樓,63000020,25.033718,121.56481,其他,其他場所,辦公大樓59樓櫃台
台北金融大樓股份有限公司(辦公大樓),信義路五段7號59樓,63000020,25.033718,121.56481,其他,其他場所,辦公大樓1樓圓形櫃台
台北金融大樓股份有限公司(觀景台),信義路5段7號,63000020,25.03388,121.564751,觀光旅遊地區,民營遊樂業,91樓南面出口旁
台北金融大樓股份有限公司(購物中心),市府路45號,63000020,25.033719,121.564735,大型購物場所,百貨業,商場1樓員工出入口
台北金融大樓股份有限公司(購物中心),市府路45號,63000020,25.033719,121.564735,大型購物場所,百貨業,6樓台北101尊榮俱樂部
台北金融大樓股份有限公司(辦公大樓),信義路五段7號59樓,63000020,25.033718,121.56481,其他,其他場所,辦公大樓35樓
台北金融大樓股份有限公司(觀景台),信義路5段7號,63000020,25.03388,121.564751,觀光旅遊地區,民營遊樂業,89樓西面服務台
台北金融大樓股份有限公司(購物中心),市府路45號,63000020,25.033719,121.564735,大型購物場所,百貨業,商場B2停車場
台北金融大樓股份有限公司(購物中心),市府路45號,63000020,25.033719,121.564735,大型購物場所,百貨業,B2停車場
台北金融大樓股份有限公司(購物中心),市府路45號,63000020,25.033719,121.564735,大型購物場所,百貨業,商場2樓
台北金融大樓股份有限公司(觀景台),信義路5段7號,63000020,25.03388,121.564751,觀光旅遊地區,民營遊樂業,101樓西面
台北金融大樓股份有限公司(購物中心),市府路45號,63000020,25.033719,121.564735,大型購物場所,百貨業,商場B1
台北金融大樓股份有限公司(觀景台),信義路5段7號,63000020,25.03388,121.564751,觀光旅遊地區,民營遊樂業,觀景台五樓購票口旁
台北金融大樓股份有限公司(購物中心),市府路45號,63000020,25.033719,121.564735,大型購物場所,百貨業,商場B1美食街
台北金融大樓股份有限公司(觀景台),信義路5段7號,63000020,25.03388,121.564751,觀光旅遊地區,民營遊樂業,88樓西面出口
台北金融大樓股份有限公司(辦公大樓),信義路五段7號59樓,63000020,25.033718,121.56481,其他,其他場所,辦公大樓B2F貨梯管制站
台北金融大樓股份有限公司(購物中心),市府路45號,63000020,25.033719,121.564735,大型購物場所,百貨業,商場4樓都會廣場
台北金融大樓股份有限公司(購物中心),市府路45號,63000020,25.033719,121.564735,大型購物場所,百貨業,商場3樓
第一銀行大稻埕分行,迪化街一段63號,63000060,25.0557807,121.5101501,其他,其他場所,一樓大廳進入後右側
窩WoFITNESS,羅斯福路三段79號,63000030,25.022751,121.52619,學校、大型集會場所,健身中心,本館地下一樓
星宇航空股份有限公司,忠孝東路四段525號11樓,63000020,25.04216558,121.5615707,長距離交通工具,航空器,星宇客機B-58504
星宇航空股份有限公司,忠孝東路四段525號11樓,63000020,25.04216558,121.5615707,長距離交通工具,航空器,星宇客機B-58208
芮宜股份有限公司,信義路2段104號8樓,63000030,25.0338325,121.527538,學校、大型集會場所,健身房,入口左邊
唯欣健康股份有限公司,南京東路四段137號7樓,63000010,25.0518323,121.5553266,其他,其他場所,休息區
鴻鑫運動企業社,忠孝東路一段15號3樓,63000050,25.0448673,121.5241242,其他,其他場所,台北市中正區忠孝東路一段15號3樓
鎔德股份有限公司(內湖展示中心),舊宗路一段36號,63000100,25.0581736,121.5804359,大型購物場所,商場,1F入口處
鎔德股份有限公司(行善服務中心),行善路48巷9號,63000100,25.0572132,121.575533,其他,其他場所,1F電梯前
指南宮管理委員會,萬壽路115號,63000080,24.979845,121.586632,其他,其他場所,純陽寶殿茶亭內
臺北市非政府組織NGO會館,青島東路8號,63000050,25.04358799,121.5221648,其他,其他場所,臺北市青島東路8號
國家住宅及都市更新中心,民生東路一段21號,63000040,25.058223,121.524257,其他,其他場所,1F大廳
臺北市政府身心障礙綜合服務中心,長安西路5巷2號,63000040,25.050578,121.52082,其他,其他場所,1樓大廳
現代化食品藥物國家級實驗大樓暨行政及訓練大樓興建工程,昆陽街161-2號旁工地,63000090,25.0489186,121.594862,其他,其他場所,保全亭旁
楷穎運動國際有限公司,中山北路七段156-1號一樓,63000110,25.1238679,121.532749,其他,其他場所,本場所大廳
臺北市立中正國民中學,愛國東路158號,63000050,25.032339,121.522007,學校、大型集會場所,大專院校,中正國中活動中心2樓
台灣虎航股份有限公司,敦化北路405巷123弄3號,63000010,25.06304,121.557636,長距離交通工具,航空器,"B-50023航機, 第13排 DEF行李艙"
台灣虎航股份有限公司,敦化北路405巷123弄3號,63000010,25.06304,121.557636,長距離交通工具,航空器,"B-50025航機,第13排 DEF行李艙"
臺北市內湖區西湖國民小學,環山路一段25號,63000100,25.08383,121.565699,其他,其他場所,大門口川堂
臺北市內湖區新湖國民小學,民權東路6段138號,63000100,25.068226,121.588549,學校、大型集會場所,國小,學務處前
巨平方健身房,中山北路二段183之5號,63000040,25.0636027,121.5227989,其他,其他場所,二樓
臺北市士林區社子國民小學,延平北路六段308號,63000110,25.085495,121.507988,其他,其他場所,校門口左方民族樓穿堂
Curves 女性專用30分鐘健身中心文山保儀店,保儀路11號4F-1,63000080,24.988546,121.568673,學校、大型集會場所,健身房,可爾姿文山保儀店
城市學校財團法人臺北城市科技大學,學園路2號,63000120,25.133617,121.468879,學校、大型集會場所,大專院校,行政大樓一樓學務處旁
臺北市政府社會局松山老人服務中心,健康路317號2樓,63000010,25.054432,121.566513,其他,其他場所,臺北市松山老人服務暨日間照顧中心
星宇航空股份有限公司,忠孝東路四段525號11樓,63000020,25.04216558,121.5615707,長距離交通工具,航空器,星宇客機B-58202
保證責任臺北市台北地下街場地利用合作社,市民大道1段100號B1,63000050,25.04844486,121.5174799,大型購物場所,地下街,B2停車管理處
觀示苑股份有限公司忠孝分公司,忠孝東路四段200號13樓,63000030,25.04124061,121.552113,其他,其他場所,會館大廳
觀示苑股份有限公司附設臺北市私立觀示苑瑜珈技藝短期補習班敦化分班,安和路一段27號16樓,63000030,25.03916964,121.5503725,其他,其他場所,會館大廳
觀示苑股份有限公司天母分公司,忠誠路2段二十一巷二十七號1樓,63000110,25.1113989,121.5299913,其他,其他場所,會館大廳
永春活力館,松山路342巷13號1樓,63000020,25.0413976,121.5772589,學校、大型集會場所,健身中心,本館二樓
榮星花園游泳池,建國北路三段39號,63000040,25.0638648,121.5378032,大型休閒場所,運動場館(如小巨蛋),2F健身房
榮星花園游泳池,建國北路三段39號,63000040,25.0638648,121.5378032,大型休閒場所,運動場館(如小巨蛋),1F櫃台旁
合作金庫商業銀行-資訊部,信義路四段30巷9號,63000030,25.03272182,121.5446863,其他,其他場所,1樓大廳
國立中正紀念堂管理處,中山南路21號,63000050,25.034594,121.521664,觀光旅遊地區,國家級風景區,大孝門廳護理站前
國立中正紀念堂管理處,中山南路21號,63000050,25.034594,121.521664,觀光旅遊地區,國家級風景區,國立中正紀念堂4樓上廳
奇林樂活股份有限公司,瑞光路337號8樓,63000100,25.0770378,121.5736941,大型休閒場所,運動場館(如小巨蛋),Precap休息區
永動定律健身訓練工作室,長安東路二段204號,63000040,25.0481827,121.5418473,其他,其他場所,入門後右手邊牆壁上
臺北市北投區湖山國民小學,湖底路11號,63000120,25.150082,121.535783,學校、大型集會場所,國小,保健室旁梯間
美福食集,民善街128號1樓,63000100,25.0612852,121.5748708,大型購物場所,商場,美福食集入口
星宇航空股份有限公司,忠孝東路四段525號11樓,63000020,25.04216558,121.5615707,長距離交通工具,航空器,星宇客機B-58303
探索國際開股份有限公司新舍商旅林森分公司(新舍商旅xinshe_linsen),林森北路477號,63000040,25.060814,121.525722,旅宿場所,旅館,旅館櫃檯旁
玉山銀行股份有限公司(第二總部大樓A棟),敦化北路315號,63000010,25.05935517,121.5502723,其他,其他場所,進大門後左手邊。
玉山商業銀行股份有限公司(博愛大樓),永綏街5號,63000050,25.043193,121.511074,其他,其他場所,進大門後右手邊。
玉山商業銀行股份有限公司(總部大樓),民生東路3段115號,63000010,25.057932,121.546642,其他,其他場所,進大門後右手邊。
玉山銀行股份有限公司(第二總部大樓B棟),敦化北路313巷2號,63000010,25.05885949,121.5502014,其他,其他場所,進大門後右側。
玉山商業銀行股份有限公司(登峰大樓),撫順街四十一巷十三號,63000040,25.06427,121.519508,其他,其他場所,進大門後左手邊。
玉山商業銀行股份有限公司(科技大樓),天祥路86巷1號,63000040,25.064295,121.520376,其他,其他場所,進大門後左手邊。
進化論Evolution Fitness健身房,復興南路一段380,63000030,25.0341439,121.543263,學校、大型集會場所,健身房,進化論健身房B2櫃台
瓶蓋工廠台北製造所,南港路二段13號,63000090,25.05375837,121.6042036,觀光旅遊地區,文化園區,I棟服務台
瓶蓋工廠台北製造所,南港路二段13號,63000090,25.05375837,121.6042036,觀光旅遊地區,文化園區,實證場域服務台
微風場站開發股份有限公司,北平西路3號2樓,63000050,25.048203,121.516535,大型購物場所,商場,二樓東北角落
星宇航空股份有限公司,忠孝東路四段525號11樓,63000020,25.04216558,121.5615707,長距離交通工具,航空器,星宇客機B-58508
星宇航空股份有限公司,忠孝東路四段525號11樓,63000020,25.04216558,121.5615707,長距離交通工具,航空器,星宇客機B-58207
星宇航空股份有限公司,忠孝東路四段525號11樓,63000020,25.04216558,121.5615707,長距離交通工具,航空器,星宇客機B-58506
星宇航空股份有限公司,忠孝東路四段525號11樓,63000020,25.04216558,121.5615707,長距離交通工具,航空器,星宇客機B-58211
星宇航空股份有限公司,忠孝東路四段525號11樓,63000020,25.04216558,121.5615707,長距離交通工具,航空器,星宇客機B-58203
星宇航空股份有限公司,忠孝東路四段525號11樓,63000020,25.04216558,121.5615707,長距離交通工具,航空器,星宇客機B-58501
星宇航空股份有限公司,忠孝東路四段525號11樓,63000020,25.04216558,121.5615707,長距離交通工具,航空器,星宇客機B-58213
野村證券投資信託股份有限公司(臺北市),信義路5段7號30樓,63000020,25.033964,121.564472,其他,其他場所,野村證券投資信託股份有限公司
臺北捷運動物園站BR01,新光路2段32號,63000080,24.998269,121.579412,交通要衝,捷運站,捷運文湖線動物園站
臺北捷運木柵站BR02,木柵路4段135號,63000080,24.998241,121.573145,交通要衝,捷運站,捷運文湖線木柵站
臺北捷運萬芳社區站BR03,萬芳路60號,63000080,24.998605,121.568058,交通要衝,捷運站,捷運文湖線萬芳社區站
臺北捷運萬芳醫院站BR04,興隆路3段113號,63000080,24.999386,121.558152,交通要衝,捷運站,捷運文湖線萬芳醫院站
臺北捷運辛亥站BR05,辛亥路4段128號,63000080,25.005475,121.557107,交通要衝,捷運站,捷運文湖線辛亥站
臺北捷運麟光站BR06,和平東路3段410號,63000030,25.018535,121.558791,交通要衝,捷運站,捷運文湖線麟光站
臺北捷運六張犁站BR07,和平東路3段168號,63000030,25.023749,121.552984,交通要衝,捷運站,捷運文湖線六張犁站
臺北捷運科技大樓站BR08,復興南路2段235號,63000030,25.026146,121.543647,交通要衝,捷運站,捷運文湖線科技大樓站
臺北捷運忠孝復興站BR10,忠孝東路3段302號,63000030,25.041643,121.543768,交通要衝,捷運站,捷運忠孝復興站3樓大廳
臺北捷運大安站BR09,信義路4段2號,63000030,25.033246,121.543572,交通要衝,捷運站,捷運大安站一樓
臺北捷運南京復興站BR11,南京東路3段253號,63000010,25.052256,121.543969,交通要衝,捷運站,捷運文湖線南京復興站
臺北捷運中山國中站BR12,復興北路376號,63000040,25.060809,121.544151,交通要衝,捷運站,捷運文湖線中山國中站三樓大廳
臺北捷運松山機場站BR13,敦化北路338號,63000010,25.063039,121.551919,交通要衝,捷運站,捷運松山機場站地下二樓大廳層
臺北捷運大直站BR14,北安路534-1號,63000040,25.079497,121.546844,交通要衝,捷運站,詢問處附近
臺北捷運劍南路站BR15,北安路798號,63000040,25.084875,121.555537,交通要衝,捷運站,主詢問處附近
臺北捷運西湖站BR16,內湖路1段256號,63000100,25.082159,121.56717,交通要衝,捷運站,主詢問處附近
臺北捷運港墘站BR17,內湖路1段663號,63000100,25.080048,121.575024,交通要衝,捷運站,主詢問處附近
臺北捷運文德站BR18,文德路214號,63000100,25.078552,121.584714,交通要衝,捷運站,主詢問處附近
臺北捷運內湖站BR19,成功路4段186號,63000100,25.083682,121.594368,交通要衝,捷運站,主詢問處附近
臺北捷運大湖公園站BR20,成功路5段11號,63000100,25.083867,121.60209,交通要衝,捷運站,主詢問處附近
臺北捷運葫洲站BR21,康寧路3段16號,63000100,25.072723,121.607111,交通要衝,捷運站,主詢問處附近
臺北捷運東湖站BR22,康寧路3段235號,63000100,25.067274,121.611483,交通要衝,捷運站,主詢問處附近
臺北捷運南港軟體園區站BR23,經貿二路183號,63000090,25.059968,121.6159,交通要衝,捷運站,主詢問處附近
臺北捷運南港展覽館站BR24,南港路1段32號,63000090,25.05539,121.617555,交通要衝,捷運站,主詢問處附近
臺北捷運龍山寺站BL10,西園路1段153號,63000070,25.035338,121.499814,交通要衝,捷運站,捷運龍山寺站B1層
臺北捷運西門站BL11,寶慶路32之1號,63000050,25.04205,121.508178,交通要衝,捷運站,捷運西門站B1層
臺北捷運善導寺站BL13,忠孝東路1段58號B1,63000050,25.044746,121.523133,交通要衝,捷運站,善導寺站出口3進入
臺北捷運忠孝新生站BL14,新生南路1段67號B1,63000050,25.042378,121.532862,交通要衝,捷運站,忠孝新生站出口2進入
臺北捷運忠孝復興站BL15,忠孝東路4段47號B1,63000030,25.041654,121.543706,交通要衝,捷運站,忠孝復興站出口2進入
臺北捷運忠孝敦化站BL16,忠孝東路4段182號B1,63000030,25.041498,121.55105,交通要衝,捷運站,忠孝敦化站出口3進入
臺北捷運國父紀念館站BL17,忠孝東路4段400號B1,63000020,25.04137,121.557764,交通要衝,捷運站,國父紀念館站出口3進入
臺北捷運市政府站BL18,忠孝東路5段2號B1,63000020,25.041192,121.565172,交通要衝,捷運站,市政府站出口3進入
臺北捷運永春站BL19,忠孝東路5段455號B1,63000020,25.040879,121.576233,交通要衝,捷運站,永春站出口5進入
臺北捷運後山埤站BL20,忠孝東路6段2號B1,63000090,25.045083,121.582453,交通要衝,捷運站,後山埤站出口4進入
臺北捷運昆陽站BL21,忠孝東路6段451號,63000090,25.050461,121.593268,交通要衝,捷運站,昆陽站出口4進入
臺北捷運南港站BL22,忠孝東路7段380號B1,63000090,25.052139,121.606652,交通要衝,捷運站,南港站出口2進入
臺北捷運南港展覽館站BL23,研究院路1段1號B1,63000090,25.055288,121.61744,交通要衝,捷運站,南港展覽館站出口5進入
臺北捷運景美站G05,羅斯福路6段393號B1,63000080,24.992807,121.540836,交通要衝,捷運站,地下1樓大廳層詢問處附近
臺北捷運萬隆站G06,羅斯路5段214號B1,63000080,25.001811,121.538937,交通要衝,捷運站,地下1樓大廳層詢問處附近
臺北捷運公館站G07,羅斯路4段74號,63000030,25.014981,121.534222,交通要衝,捷運站,地下1樓大廳層詢問處附近
臺北捷運台電大樓站G08,羅斯福3段126之5號,63000050,25.020785,121.528176,交通要衝,捷運站,地下1樓大廳層詢問處附近
臺北捷運古亭站G09,羅斯福路2段164-1號,63000050,25.026377,121.522814,交通要衝,捷運站,地下1樓大廳層詢問處附近
臺北捷運小南門站G11,愛國西路22號,63000050,25.035569,121.510817,交通要衝,捷運站,地下1樓大廳層詢問處附近
臺北捷運北門站G13,塔城街10號,63000060,25.049425,121.510243,交通要衝,捷運站,北門站大廳層
臺北捷運中山站G14,南京西路55號,63000060,25.052654,121.520331,交通要衝,捷運站,綠線中山站大廳層
舞動陽光-師大附中運動中心,信義路三段143號,63000030,25.03367504,121.5403964,學校、大型集會場所,健身中心,1樓櫃台大廳
世新大學,試院路148號,63000080,24.989821,121.54634,學校、大型集會場所,大專院校,世新大學管理學院
世新大學,試院路148號,63000080,24.989821,121.54634,學校、大型集會場所,大專院校,世新大學前門警衛室內
世新大學,試院路148號,63000080,24.989821,121.54634,學校、大型集會場所,大專院校,世新大學學務處
世新大學,試院路148號,63000080,24.989821,121.54634,學校、大型集會場所,大專院校,世新大學後門警衛室
世新大學,試院路148號,63000080,24.989821,121.54634,學校、大型集會場所,大專院校,衛生保健組保健室內
世新大學,試院路148號,63000080,24.989821,121.54634,學校、大型集會場所,大專院校,學生宿舍
世新大學,試院路148號,63000080,24.989821,121.54634,學校、大型集會場所,大專院校,傳播大樓一樓
臺北市北投區義方國民小學,珠海路155號,63000120,25.141948,121.509851,其他,其他場所,健康中心
中國航運大樓,濟南路一段15號,63000050,25.042619,121.5223842,觀光旅遊地區,全區域,本棟4樓
臺北市私立再興高級中學,興隆路四段二號,63000080,24.990528,121.558974,學校、大型集會場所,高中職,B3球場
臺北市私立再興高級中學,興隆路四段二號,63000080,24.990528,121.558974,學校、大型集會場所,高中職,5樓電梯前牆壁
臺北市私立再興高級中學,興隆路四段二號,63000080,24.990528,121.558974,學校、大型集會場所,高中職,秀榮大樓1樓
臺北市私立再興小學,興隆路四段2號,63000080,24.990051,121.559309,其他,其他場所,顧正秋大樓4樓
Curves 女性30分鐘環形運動 北醫世貿店,莊敬路325巷60號3樓,63000020,25.028979,121.565036,學校、大型集會場所,健身房,臺北市信義區莊敬路325巷60號
臺北市立龍門國民中學游泳池(委外),建國南路二段269號,63000030,25.026158,121.542709,大型休閒場所,運動場館(如小巨蛋),體育館泳池入口
臺北捷運松江南京站G15,南京東路2段108號B1,63000040,25.052035,121.533039,交通要衝,捷運站,綠線松江南京站大廳
臺北捷運台北小巨蛋站G17,南京東路4段10-1號,63000010,25.051687,121.551833,交通要衝,捷運站,台北小巨蛋站大廳層
臺北捷運南京三民站G18,南京東路5段237號,63000010,25.051449,121.563804,交通要衝,捷運站,南京三民站大廳層
臺北捷運松山站G19,八德路4段742號,63000010,25.050042,121.577631,交通要衝,捷運站,松山站大廳層
臺北捷運忠孝新生站O07,新生南路1段67號,63000030,25.042303,121.532816,交通要衝,捷運站,臺北捷運忠孝新生站O07詢問處附近
臺北捷運松江南京站O08,松江路126號,63000040,25.052042,121.533028,交通要衝,捷運站,橘線松江南京站大廳層
臺北捷運行天宮站O09,松江路316號,63000040,25.059759,121.533095,交通要衝,捷運站,臺北捷運行天宮站O09主詢問處附近
臺北捷運中山國小站O10,民權東路一段71號,63000040,25.062646,121.526417,交通要衝,捷運站,臺北捷運中山國小站O10詢問處附近
臺北捷運民權西路站O11,民權西路72號,63000060,25.062724,121.519531,交通要衝,捷運站,臺北捷運民權西路站O11主詢問處附近
臺北捷運大橋頭站O12,民權西路223號,63000060,25.063176,121.513109,交通要衝,捷運站,臺北捷運大橋頭站O12主詢問處附近
臺北捷運象山站R02,信義路5段152號,63000020,25.032806,121.57026,交通要衝,捷運站,台北捷運象山站
臺北捷運台北101/世貿站R03,信義路5段20號,63000020,25.032981,121.562503,交通要衝,捷運站,捷運台北101世貿站
臺北捷運信義安和站R04,信義路4段212之1號,63000030,25.033128,121.552768,交通要衝,捷運站,捷運信義安和站
臺北捷運大安站R05,信義路3段180號,63000030,25.033259,121.543557,交通要衝,捷運站,捷運淡水信義線大安站
臺北捷運大安森林公園站R06,信義路3段100號,63000030,25.033544,121.534851,交通要衝,捷運站,捷運大安森林公園站
臺北捷運東門站R07,信義路2段166號,63000030,25.033868,121.528699,交通要衝,捷運站,捷運東門站
臺北捷運中正紀念堂站R08,羅斯福路1段8-1號,63000050,25.032755,121.51822,交通要衝,捷運站,捷運中正紀念堂站
臺北捷運臺大醫院站R09,公園路52號,63000050,25.041297,121.515967,交通要衝,捷運站,捷運台大醫院站
臺北捷運中山站R11,南京西路16號,63000040,25.052694,121.520369,交通要衝,捷運站,紅線中山站大廳層
臺北捷運雙連站R12,民生西路47號,63000060,25.057779,121.520661,交通要衝,捷運站,捷運淡水信義線雙連站B1大廳層南非付費區通道
臺北捷運民權西路站R13,民權西路72號,63000060,25.062612,121.519528,交通要衝,捷運站,捷運淡水信義線民權西路站1F大廳層C016儲藏室旁(付費區)
臺北捷運圓山站R14,酒泉街9之1號,63000060,25.071353,121.520118,交通要衝,捷運站,捷運淡水信義線圓山站1號出口女廁旁(付費區)
臺北捷運劍潭站R15,中山北路5段65號,63000110,25.084873,121.525078,交通要衝,捷運站,捷運淡水信義線劍潭站1號出口詢問處旁(付費區)
臺北捷運士林站R16,福德路1號,63000110,25.093535,121.52623,交通要衝,捷運站,捷運淡水信義線士林站2號出口男廁旁(付費區)
臺北捷運芝山站R17,福國路70號,63000110,25.10306,121.522514,交通要衝,捷運站,捷運淡水信義線芝山站1號出口詢問處旁(付費區)
臺北捷運明德站R18,明德路95號,63000120,25.109721,121.518848,交通要衝,捷運站,捷運淡水信義線明德站詢問處旁(付費區)
臺北捷運石牌站R19,石牌路1段200號,63000120,25.114523,121.515559,交通要衝,捷運站,捷運石牌站一出口一樓大廳
臺北捷運唭哩岸站R20,東華街2段301號,63000120,25.120872,121.506252,交通要衝,捷運站,捷運唭哩岸站1號出口一樓大廳
臺北捷運奇岩站R21,三合街2段489號,63000120,25.125543,121.501021,交通要衝,捷運站,捷運奇岩站一樓大廳
臺北捷運北投站R22,光明路1號,63000120,25.131956,121.498645,交通要衝,捷運站,捷運北投站1號出口大廳付費區詢問處旁
臺北捷運新北投站R22A,大業路700號,63000120,25.136933,121.50253,交通要衝,捷運站,捷運新北投站_大廳
臺北捷運復興崗站R23,中央北路3段53巷10號,63000120,25.137474,121.485444,交通要衝,捷運站,捷運復興崗站一月台樓梯旁
臺北捷運忠義站R24,中央北路4段301號,63000120,25.130969,121.47341,交通要衝,捷運站,捷運忠義站一月台樓梯旁
臺北捷運關渡站R25,大度路3段296巷51號,63000120,25.125651,121.46712,交通要衝,捷運站,捷運關渡站二月台樓梯旁
臺北捷運南京復興站G16,南京東路3段172號,63000040,25.05227,121.543883,交通要衝,捷運站,綠線南京復興站大廳層
星宇航空股份有限公司,忠孝東路四段525號11樓,63000020,25.04216558,121.5615707,長距離交通工具,航空器,星宇客機B-58503
星宇航空股份有限公司,忠孝東路四段525號11樓,63000020,25.04216558,121.5615707,長距離交通工具,航空器,星宇客機B-58305
Marriott Taipei 台北萬豪酒店,樂群二路199號,63000040,25.08048916,121.5589431,旅宿場所,飯店,5F宴會廳休息區
臺北市南港銀髮人才服務據點,南港路二段60巷18號,63000090,25.0545932,121.6039951,其他,其他場所,臺北市南港銀髮人才服務據點
國立臺灣大學(校總區),羅斯福路4段1號,63000030,25.016323,121.534463,學校、大型集會場所,大專院校,法律霖澤館
臺北市萬華區新和國民小學(活動中心),西藏路125巷31號,63000070,25.02600586,121.5033349,學校、大型集會場所,國小,新和國小活動中心一樓
作伙CrossFit,和平東路二段46巷11號,63000030,25.0252636,121.5382499,學校、大型集會場所,健身房,二樓
國立臺北教育大學泳健館-恆動力,和平東路二段134號1樓,63000030,25.0246244,121.5446374,學校、大型集會場所,大專院校,泳健館泳池區出入口旁
台灣飛軒理股份有限公司,仁愛,63000030,25.0373714,121.5573414,其他,其他場所,公司櫃檯販賣機旁
星球健身股份有限公司,光復南路547號,63000020,25.0315514,121.5576494,學校、大型集會場所,健身中心,一樓大廳
Fitnexx私人健身空間,安和路一段137號2樓,63000030,25.0341092,121.5527305,學校、大型集會場所,健身房,2F入口
台北大安伊普索酒店,復興南路一段219-2號5樓,63000030,25.0388565,121.5439576,旅宿場所,旅館,飯店5樓健身房內
優勢開發管理顧問有限公司-南京館,敦化北路100號1樓,63000010,25.05280224,121.5485686,學校、大型集會場所,健身房,跑步機旁
馬偕學校財團法人馬偕醫護管理專科學校(關渡校區),聖景路92號,63000120,25.12194737,121.4645596,學校、大型集會場所,大專院校,關渡校區綜合大樓2樓大廳(電梯口旁)
國立臺北教育大學(學生活動中心),和平東路二段134號,63000030,25.023455,121.546274,學校、大型集會場所,大專院校,衛保組門口
台北福華大飯店,仁愛路3段160號,63000030,25.037704,121.543377,旅宿場所,飯店,飯店大廳
國立臺灣大學(校總區),羅斯福路4段1號,63000030,25.016323,121.534463,學校、大型集會場所,大專院校,凝態物理館
A fitness,基河路138號1樓,63000110,25.0892243,121.5224909,其他,其他場所,健身房內部
小觀音棧,竹子湖路64之13號,63000120,25.1790735,121.5443799,觀光旅遊地區,國家公園,入口進入後右轉牆上
Ynot Fitness 何不相信健身房,信義路五段8巷15號14樓,63000020,25.0323537,121.5606691,學校、大型集會場所,健身房,健身房裡面
國立臺灣大學(校總區),羅斯福路4段1號,63000030,25.016323,121.534463,學校、大型集會場所,大專院校,應力館
國立臺灣大學(校總區),羅斯福路4段1號,63000030,25.016323,121.534463,學校、大型集會場所,大專院校,土木館
國立臺灣大學(長興校區),長興街50號,63000030,25.016473,121.544436,學校、大型集會場所,大專院校,男八宿舍
國立臺灣大學(校總區),羅斯福路4段1號,63000030,25.016323,121.534463,學校、大型集會場所,大專院校,第一活動中心
國立臺灣大學(校總區),羅斯福路4段1號,63000030,25.016323,121.534463,學校、大型集會場所,大專院校,管理1號館
百齡左岸河濱公園(社子岸)網球場,通河西街二段10號堤外(百齡橋下),63000110,25.0883275,121.5116571,其他,其他場所,百齡左岸河濱公園(社子岸)網球場
百齡左岸河濱公園(社子岸)棒球場,通河西街二段126號堤外,63000110,25.09287155,121.5064568,其他,其他場所,百齡左岸河濱公園棒球G場
國立臺灣大學(校總區),羅斯福路4段1號,63000030,25.016323,121.534463,學校、大型集會場所,大專院校,文學院大樓
國立臺灣大學(校總區),羅斯福路4段1號,63000030,25.016323,121.534463,學校、大型集會場所,大專院校,動科畜產館
國立臺灣大學(校總區),羅斯福路4段1號,63000030,25.016323,121.534463,學校、大型集會場所,大專院校,化學思亮館
台灣西鐵國際旅館,中華路一段88號6樓,63000070,25.045066,121.508594,旅宿場所,飯店,6樓大廳
More Fit 萬芳店,興隆路三段71號,63000080,25.00015598,121.5563562,學校、大型集會場所,健身房,進門正前方
NOWGO 健身工作室,羅斯福路三段312號8樓,63000050,25.01609713,121.53263,其他,其他場所,NOWGO健身工作室
新光三越百貨股份有限公司台北站前分公司,忠孝西路1段66號8F,63000050,25.046245,121.515283,大型購物場所,百貨業,8樓育嬰室內醫護室
國立臺灣科技大學,基隆路4段43號,63000030,25.014169,121.542993,學校、大型集會場所,大專院校,綜合研究大樓一樓
國立臺灣科技大學,基隆路4段43號,63000030,25.014169,121.542993,學校、大型集會場所,大專院校,國際大樓
國立臺灣科技大學,基隆路4段43號,63000030,25.014169,121.542993,學校、大型集會場所,大專院校,工程二館
國立臺灣科技大學,基隆路4段43號,63000030,25.014169,121.542993,學校、大型集會場所,大專院校,電資學院
國立臺灣科技大學,基隆路4段43號,63000030,25.014169,121.542993,學校、大型集會場所,大專院校,大門警衛室
國立臺灣科技大學,基隆路4段43號,63000030,25.014169,121.542993,學校、大型集會場所,大專院校,研揚大樓1F川堂
國立臺灣科技大學,基隆路4段43號,63000030,25.014169,121.542993,學校、大型集會場所,大專院校,體育館
國立臺灣科技大學,基隆路4段43號,63000030,25.014169,121.542993,學校、大型集會場所,大專院校,第四教學大樓
國立臺灣科技大學,基隆路4段43號,63000030,25.014169,121.542993,學校、大型集會場所,大專院校,第三宿舍一樓
國立臺灣科技大學,基隆路4段43號,63000030,25.014169,121.542993,學校、大型集會場所,大專院校,管理大樓
國立臺灣科技大學,基隆路4段43號,63000030,25.014169,121.542993,學校、大型集會場所,大專院校,健康中心
國立臺灣科技大學,基隆路4段43號,63000030,25.014169,121.542993,學校、大型集會場所,大專院校,學生活動中心一樓
國立臺灣科技大學,基隆路4段43號,63000030,25.014169,121.542993,學校、大型集會場所,大專院校,第二宿舍一樓
國立臺灣科技大學,基隆路4段43號,63000030,25.014169,121.542993,學校、大型集會場所,大專院校,第一宿舍一樓
國立臺北科技大學,忠孝東路3 段1號,63000030,25.04246,121.53565,學校、大型集會場所,大專院校,先鋒國際研發大樓1樓
國立陽明交通大學-陽明校區,立農街2段155號（陽明交通大學）,63000120,25.120313,121.514794,學校、大型集會場所,大專院校,活動中心2樓
施達實業有限公司附設臺北市私立施達社區長照機構,德行東路109巷104號2樓,63000110,25.1109832,121.5289077,學校、大型集會場所,健身中心,辦公室 (近大門口)
臺北市立南港高級工業職業學校,興中路29號,63000090,25.056498,121.607859,學校、大型集會場所,高中職,警衛室(傳達室內)
瓦城安和店,安和路二段133號1樓,63000030,25.0290777,121.5511697,大型休閒場所,電影片映演場所(戲院、電影院),餐廳內
臺北市北投區清江國民小學,公?路220號,63000120,25.12683,121.507488,其他,其他場所,本校後穿堂
宜家家居股份有限公司內湖店,舊宗路一段128號,63000100,25.0609683,121.5780389,大型購物場所,賣場,1F的2號門入口
宜家家居股份有限公司內湖店,舊宗路一段128號,63000100,25.0609683,121.5780389,大型購物場所,賣場,3F斯慕蘭兒童遊樂場前
宜家家居股份有限公司內湖店,舊宗路一段128號,63000100,25.0609683,121.5780389,大型購物場所,賣場,2F的瑞典餐廳入口處
臺北市立建成國民中學,長安西路37之1號,63000060,25.051648,121.518626,學校、大型集會場所,國中,建成國中警衛室
閃電肌力體能訓練,復興南路二段65號2樓之2,63000030,25.0307551,121.5436883,學校、大型集會場所,健身房,臺北市大安區復興南路二段65號2樓之2
臺北市立誠正國民中學,富康街1巷24號,63000090,25.054232,121.618819,學校、大型集會場所,國中,1樓穿堂
臺北流行音樂中心,市民大道八段99號,63000090,25.052319,121.59861,大型休閒場所,演藝廳,文化館1樓大廳
星宇航空股份有限公司,忠孝東路四段525號11樓,63000020,25.04216558,121.5615707,長距離交通工具,航空器,星宇客機B-58505
星宇航空股份有限公司,忠孝東路四段525號11樓,63000020,25.04216558,121.5615707,長距離交通工具,航空器,星宇客機B-58304
星宇航空股份有限公司,忠孝東路四段525號11樓,63000020,25.04216558,121.5615707,長距離交通工具,航空器,星宇客機B-58212
星宇航空股份有限公司,忠孝東路四段525號11樓,63000020,25.04216558,121.5615707,長距離交通工具,航空器,星宇客機B-58502
新光三越百貨股份有限公司台北天母分公司-二館,忠誠路二段200號1樓.202號1樓.206號地下1樓.地上1樓至3樓,63000110,25.117942,121.53383,大型購物場所,商場,B館1F服務台後方
臺北市立大學天母校區,忠誠路二段101號,63000110,25.115897,121.537253,學校、大型集會場所,大專院校,綜合運動館(詩欣館)一樓保全櫃台
好團健身空間,承德路三段244號一樓,63000060,25.0731552,121.5188064,其他,其他場所,飲水機上方
拿鐵健身工作室,仁愛路3段143巷21號,63000030,25.0395052,121.5431425,學校、大型集會場所,健身房,一樓
週美里里民活動場所,南京東路六段330巷18弄12號,63000100,25.0576522,121.5840989,其他,其他場所,里辦公處內
台灣虎航股份有限公司,敦化北路405巷123弄3號,63000010,25.06304,121.557636,長距離交通工具,航空器,"B-50026航機, 第13排 DEF行李艙"
臺北市北投區北投國民小學,中央北路1段73號,63000120,25.134142,121.500216,學校、大型集會場所,國小,川堂
K區東森廣場,忠孝西路一段47號B1,63000050,25.0465183,121.5174415,大型購物場所,商場,東森商場
國立陽明交通大學台北北門校區,忠孝西路1段118號,63000050,25.047245,121.511884,學校、大型集會場所,大專院校,警衛室後方
臺北市藝文推廣處,八德路3段25號3樓,63000010,25.0483521,121.5523144,大型休閒場所,演藝廳,藝文大樓4樓
洲尾庄興安宮,潭美街183號,63000100,25.05525672,121.5833534,其他,其他場所,放置於廟公辦公室
景美游泳池,羅斯福路五段176巷50號,63000080,25.003607,121.536345,大型休閒場所,運動場館(如小巨蛋),泳池入口處
臺北市立景美女子高級中學,木新路3段312號,63000080,24.980744,121.556181,學校、大型集會場所,高中職,景美女中
國立臺灣大學(校總區),羅斯福路4段1號,63000030,25.016323,121.534463,學校、大型集會場所,大專院校,生科館
臺北市立南海實驗幼兒園,西藏路424號,63000070,25.0296732,121.4976095,其他,其他場所,穿堂
國立臺灣大學(長興校區),長興街50號,63000030,25.016473,121.544436,學校、大型集會場所,大專院校,生技中心
臺北市立天母國民中學,天母東路120號,63000110,25.117097,121.538127,學校、大型集會場所,國中,天母國中
臺北市政府工務局新建工程處養護工程隊第一分隊,新生北路二段78號,63000040,25.057205,121.526986,其他,其他場所,台北市中山區新生北路二段78號
國立臺灣大學(校總區),羅斯福路4段1號,63000030,25.016323,121.534463,學校、大型集會場所,大專院校,資工德田館
臺北市政府工務局新建工程處養護工程隊第六分隊,景後街151號3樓,63000080,24.99000107,121.5419161,其他,其他場所,本棟三樓
K區東森廣場,忠孝西路一段47號B1,63000050,25.0465183,121.5174415,大型購物場所,商場,東森K區商場
臺北市政府工務局新建工程處養護工程隊第四分隊,港東街,63000090,25.059942,121.620638,其他,其他場所,1樓辦公室外
臺北市濱江實驗國民中學,樂群二路262號,63000040,25.07955,121.56075,學校、大型集會場所,國中,體三樓左側
臺北市萬華區萬大國民小學,萬大路346號,63000070,25.022984,121.499323,其他,其他場所,哺集乳室外門廊
臺北市藝文推廣處,八德路3段25號3樓,63000010,25.0483521,121.5523144,大型休閒場所,演藝廳,城市舞台後台
國立臺灣大學(校總區),羅斯福路4段1號,63000030,25.016323,121.534463,學校、大型集會場所,大專院校,工科海洋館
國立臺灣大學(校總區),羅斯福路4段1號,63000030,25.016323,121.534463,學校、大型集會場所,大專院校,博雅教學館
臺北市大安區幸安國民小學,仁愛路三段22號,63000030,25.03758,121.534866,學校、大型集會場所,國小,臺北市大安區幸安國民小學游泳池(B1)
臺北市北投區石牌國民小學,致遠二路80號,63000120,25.115729,121.511757,其他,其他場所,石牌國小警衛室
臺北市立興福國民中學,福興路80號,63000080,25.004723,121.54995,學校、大型集會場所,國中,行政大樓川堂一側
臺北市藝文推廣處,八德路3段25號3樓,63000010,25.0483521,121.5523144,大型休閒場所,演藝廳,城市舞台前台
國立臺灣大學(芳蘭校區),芳蘭路71號,63000030,25.011865,121.545055,學校、大型集會場所,大專院校,環研大樓
國立臺灣大學(校總區),羅斯福路4段1號,63000030,25.016323,121.534463,學校、大型集會場所,大專院校,電機明達館
臺北市立北政國民中學,指南路3段2巷14號,63000080,24.98498,121.578255,學校、大型集會場所,國中,警衛室旁邊
臺北市北投區立農國民小學,立農街一段250號,63000120,25.119147,121.505128,其他,其他場所,立農國小
臺北市藝文推廣處-文山劇場,景文街32號,63000080,24.991961,121.541233,大型休閒場所,演藝廳,文山劇場1樓大廳戲林區
國立臺灣大學(校總區),羅斯福路4段1號,63000030,25.016323,121.534463,學校、大型集會場所,大專院校,社工館
臺北市藝文推廣處,八德路3段25號3樓,63000010,25.0483521,121.5523144,大型休閒場所,演藝廳,藝文大樓5樓
國立臺灣大學(校總區),羅斯福路4段1號,63000030,25.016323,121.534463,學校、大型集會場所,大專院校,第二行政大樓（東）
國立臺灣大學(校總區),羅斯福路4段1號,63000030,25.016323,121.534463,學校、大型集會場所,大專院校,戲劇1號館
臺北市藝文推廣處,八德路3段25號3樓,63000010,25.0483521,121.5523144,大型休閒場所,演藝廳,藝文大樓3樓電梯旁
臺北市立陽明教養院華岡院區,凱旋路61巷4弄9號,63000110,25.135194,121.541256,其他,其他場所,文康大樓1樓
國立臺灣大學(校總區),羅斯福路4段1號,63000030,25.016323,121.534463,學校、大型集會場所,大專院校,管理2號館
臺北市南港區戶政事務所,南港路1段360號4樓,63000090,25.053315,121.607409,其他,其他場所,民眾洽公區
臺北市政府工務局新建工程處養護工程隊第二分隊,民權東路六段臨8-1號,63000100,25.065479,121.574173,其他,其他場所,大門口
臺北市政府環境保護局內湖垃圾焚化廠,安康路290號,63000100,25.062515,121.605298,其他,其他場所,管理大樓
臺北市大安區幸安國民小學,仁愛路三段22號,63000030,25.03758,121.534866,學校、大型集會場所,國小,臺北市大安區幸安國民小學穿堂
國立臺灣大學(校總區),羅斯福路4段1號,63000030,25.016323,121.534463,學校、大型集會場所,大專院校,化學積學館
國立臺灣大學(校總區),羅斯福路4段1號,63000030,25.016323,121.534463,學校、大型集會場所,大專院校,法律萬才館
國立臺灣大學(校總區),羅斯福路4段1號,63000030,25.016323,121.534463,學校、大型集會場所,大專院校,園藝加工館
臺北市立陽明教養院華岡院區,凱旋路61巷4弄9號,63000110,25.135194,121.541256,其他,其他場所,行政大樓1樓大廳
國立臺灣師範大學公館校區(汀州路4段88號),汀州路4段88號,63000080,25.007963,121.536905,學校、大型集會場所,大專院校,女2舍1樓
國立臺灣師範大學公館校區(汀州路4段88號),汀州路4段88號,63000080,25.007963,121.536905,學校、大型集會場所,大專院校,男2舍1樓
交通部民用航空局臺北國際航空站(松山機場),敦化北路340-9號,63000010,25.06369,121.552742,交通要衝,機場,國內線2樓美食街
立榮航空股份有限公司,長安東路二段117號8樓,63000040,25.048501,121.535545,長距離交通工具,航空器,立榮客機
立榮航空股份有限公司,長安東路二段117號8樓,63000040,25.048501,121.535545,長距離交通工具,航空器,立榮客機
立榮航空股份有限公司,長安東路二段117號8樓,63000040,25.048501,121.535545,長距離交通工具,航空器,立榮客機
立榮航空股份有限公司,長安東路二段117號8樓,63000040,25.048501,121.535545,長距離交通工具,航空器,立榮客機
立榮航空股份有限公司,長安東路二段117號8樓,63000040,25.048501,121.535545,長距離交通工具,航空器,立榮客機
立榮航空股份有限公司,長安東路二段117號8樓,63000040,25.048501,121.535545,長距離交通工具,航空器,立榮客機
立榮航空股份有限公司,長安東路二段117號8樓,63000040,25.048501,121.535545,長距離交通工具,航空器,立榮客機
立榮航空股份有限公司,長安東路二段117號8樓,63000040,25.048501,121.535545,長距離交通工具,航空器,立榮客機
立榮航空股份有限公司,長安東路二段117號8樓,63000040,25.048501,121.535545,長距離交通工具,航空器,立榮客機
立榮航空股份有限公司,長安東路二段117號8樓,63000040,25.048501,121.535545,長距離交通工具,航空器,立榮客機
立榮航空股份有限公司,長安東路二段117號8樓,63000040,25.048501,121.535545,長距離交通工具,航空器,立榮客機
立榮航空股份有限公司,長安東路二段117號8樓,63000040,25.048501,121.535545,長距離交通工具,航空器,立榮客機
立榮航空股份有限公司,長安東路二段117號8樓,63000040,25.048501,121.535545,長距離交通工具,航空器,立榮客機
立榮航空股份有限公司,長安東路二段117號8樓,63000040,25.048501,121.535545,長距離交通工具,航空器,立榮客機
立榮航空股份有限公司,長安東路二段117號8樓,63000040,25.048501,121.535545,長距離交通工具,航空器,立榮客機
立榮航空股份有限公司,長安東路二段117號8樓,63000040,25.048501,121.535545,長距離交通工具,航空器,立榮客機
立榮航空股份有限公司,長安東路二段117號8樓,63000040,25.048501,121.535545,長距離交通工具,航空器,立榮客機
立榮航空股份有限公司,長安東路二段117號8樓,63000040,25.048501,121.535545,長距離交通工具,航空器,立榮客機
立榮航空股份有限公司,長安東路二段117號8樓,63000040,25.048501,121.535545,長距離交通工具,航空器,立榮客機
立榮航空股份有限公司,長安東路二段117號8樓,63000040,25.048501,121.535545,長距離交通工具,航空器,立榮客機
臺北市信義運動中心,松勤街100號,63000020,25.03180456,121.5667558,學校、大型集會場所,健身中心,本館二樓
打鐵健身 南港店,興華路77號地下一樓,63000090,25.0552523,121.606102,大型休閒場所,運動場館(如小巨蛋),B1樓層
打鐵健身-松山店,八德路三段36號地下一樓,63000010,25.0480798,121.5521964,交通要衝,捷運站,B1樓層
小油坑往七星山主峰0.6k處觀景平台(亞洲形上觀音山揹水隊捐贈), ,63000120,25.15150071,121.5465583,其他,其他場所,小油坑往七星山主峰0.6k處觀景平台(亞洲形上觀音山揹水隊捐贈)
栖里健身事業股份有限公司,公館路427號b1,63000120,25.1205827,121.5024249,學校、大型集會場所,健身房,本館b1教練櫃台
芝山國小,德行東路285號,63000110,25.1102978,121.536354,其他,其他場所,芝山國小穿堂右側
優勢開發管理顧問有限公司-內科館,瑞光路550號1樓,63000100,25.0797799,121.5669661,學校、大型集會場所,健身房,電視牆後方
Pro Space,復興南路一段62號2樓之1,63000030,25.0445894,121.5436541,大型休閒場所,運動場館(如小巨蛋),門口
松山奉天宮,福德街221巷12號,63000020,25.037385,121.584669,其他,其他場所,香客大樓1樓餐廳外
臺北市松山區敦化國民小學,敦化北路2號,63000010,25.049244,121.547884,其他,其他場所,至忠樓穿堂
臺北市松山區敦化國民小學,敦化北路2號,63000010,25.049244,121.547884,其他,其他場所,學生活動中心一樓穿堂
臺北市立敦化國民中學,南京東路三段300號,63000010,25.051542,121.546707,學校、大型集會場所,國中,1樓穿堂
Fitness Hub,南京東路四段130號B1,63000010,25.0513946,121.555723,學校、大型集會場所,健身房,大廳電視旁
臺北市立敦化國民中學,南京東路三段300號,63000010,25.051542,121.546707,學校、大型集會場所,國中,游泳池入口
可爾姿女性30分鐘環狀運動 西門漢中店,漢中街157號2樓-1,63000070,25.041502,121.507173,學校、大型集會場所,健身房,Curves 可爾姿女性30分鐘環狀運動西門漢中店
遠東百貨股份有限公司信義分公司,松仁路58號,63000020,25.036718,121.568131,大型購物場所,百貨業,9樓服務台旁
遠東百貨股份有限公司信義分公司,松仁路58號,63000020,25.036718,121.568131,大型購物場所,百貨業,1樓服務台旁
波克萊體能顧問有限公司,金山南路一段65號1樓,63000050,25.03789699,121.5283754,學校、大型集會場所,健身房,進入門口左手邊置物櫃上方
森運動工作室,基隆路二段23號b1,63000020,25.0317389,121.559118,學校、大型集會場所,健身房,訓練區域
臺灣臺北地方法院,博愛路131號,63000050,25.036728,121.511059,學校、大型集會場所,法院,二樓開庭等候區
臺灣臺北地方法院,博愛路131號,63000050,25.036728,121.511059,學校、大型集會場所,法院,地下一樓
臺北市立士林國民中學,中正路345號,63000110,25.094366,121.52257,學校、大型集會場所,國中,騰雲館
臺北市立景興國民中學,景興路46巷2號,63000080,24.996187,121.544225,學校、大型集會場所,國中,警衛室
臺北市萬華區東園國民小學,東園街195號,63000070,25.022987,121.497953,其他,其他場所,總務處外走廊
1010湘(復北店),復興北路301號,63000010,25.05817995,121.5444084,其他,其他場所,餐廳內
瓦城泰國料理 天母店,天母西路111號,63000120,25.11889814,121.5234467,其他,其他場所,天母西路111號
瓦城泰國料理 - 西湖店,內湖路一段246-1號,63000100,25.08201156,121.5663634,其他,其他場所,餐廳內
臺北市立士林國民中學,中正路345號,63000110,25.094366,121.52257,學校、大型集會場所,國中,繁星樓地下室1樓
臺北市立士林國民中學,中正路345號,63000110,25.094366,121.52257,學校、大型集會場所,國中,士林國中中正樓
BeeFit蜂運動寧波教室,寧波西街79號,63000050,25.03035872,121.516797,學校、大型集會場所,健身房,櫃台後方
臺北市萬華區華江國民小學,環河南路2段250巷42弄2號,63000070,25.0340872,121.4912696,學校、大型集會場所,國小,穿堂
More Fit 市府店,基隆路一段139號B1,63000020,25.04305517,121.565885,學校、大型集會場所,健身房,櫃檯前
國家表演藝術中心國家兩廳院(國家戲劇院),中山南路21-1號,63000050,25.037355,121.519244,大型休閒場所,電影片映演場所(戲院、電影院),戲劇院一號門售票口
觀音佛祖慈聖宮,內湖路三段256巷16號,63000100,25.0940759,121.5847057,其他,其他場所,主殿2樓
碧山露營場,碧山路26之7號,63000100,25.10417567,121.5811509,其他,其他場所,服務中心(管理室)
金面山步道竹月寺,環山路二段50巷14弄14號之7號,63000100,25.0897944,121.5716043,其他,其他場所,正殿
南港茶葉製造示範場,舊莊街二段336號,63000090,25.02742432,121.6640314,其他,其他場所,大廳
圓覺寺,碧山路39號,63000100,25.09765387,121.5907961,其他,其他場所,寺廟後方涼亭
靜修宮,劍南路336巷6號,63000040,25.08888454,121.551394,其他,其他場所,左廂房
友訊科技股份有限公司,新湖三路289號1樓,63000100,25.065901,121.582898,其他,其他場所,1樓服務台旁
友訊科技股份有限公司,新湖三路289號1樓,63000100,25.065901,121.582898,其他,其他場所,4樓醫務室前
臺北市立士林高級商業職業學校,士商路150號,63000110,25.095825,121.515731,學校、大型集會場所,高中職,行政大樓1樓廣場
陽明山大屯山面天山觀景平台(亞洲形上觀音山揹水隊捐贈),竹子湖路1-20號,63000110,25.1836815,121.5712272,其他,其他場所,陽明山大屯山面天山觀景平台(亞洲形上觀音山揹水隊捐贈)
臺北市數位實驗高級中等學校,吉林路110號5樓,63000040,25.0536299,121.5298914,學校、大型集會場所,高中職,電梯出入口處
Anytime Fitness 信義安和店,信義路四段279號B1-1,63000030,25.033374,121.554724,學校、大型集會場所,健身房,Anytime Fitness信義安和店
臺市立華江高級中學運動中心(舞動陽光有限公司),西藏路213號,63000070,25.028594,121.496058,學校、大型集會場所,高中職,華江高中運動中心
臺北市立圖書館大直分館,大直街25號3-5樓,63000040,25.0819332,121.5467679,大型休閒場所,圖書館,本館3樓
保證責任臺北市台北地下街場地利用合作社,市民大道1段100號B1,63000050,25.04844486,121.5174799,大型購物場所,地下街,Y28出口
保證責任臺北市台北地下街場地利用合作社,市民大道1段100號B1,63000050,25.04844486,121.5174799,大型購物場所,地下街,Y2出口
保證責任臺北市台北地下街場地利用合作社,市民大道1段100號B1,63000050,25.04844486,121.5174799,大型購物場所,地下街,Y8出口
保證責任臺北市台北地下街場地利用合作社,市民大道1段100號B1,63000050,25.04844486,121.5174799,大型購物場所,地下街,Y21廁所
保證責任臺北市台北地下街場地利用合作社,市民大道1段100號B1,63000050,25.04844486,121.5174799,大型購物場所,地下街,Y22出口
保證責任臺北市台北地下街場地利用合作社,市民大道1段100號B1,63000050,25.04844486,121.5174799,大型購物場所,地下街,Y13廁所
保證責任臺北市台北地下街場地利用合作社,市民大道1段100號B1,63000050,25.04844486,121.5174799,大型購物場所,地下街,Y17廁所
保證責任臺北市台北地下街場地利用合作社,市民大道1段100號B1,63000050,25.04844486,121.5174799,大型購物場所,地下街,Y5廁所
川復有限公司,金山南路二段222號B1,63000030,25.0275294,121.5258961,其他,其他場所,本場館多功能訓練區
407肌力訓練,中正路407號1樓,63000110,25.0937342,121.5210223,學校、大型集會場所,健身房,場所門口
臺北市信義區信義國民小學,松勤街60號,63000020,25.03186,121.563206,其他,其他場所,活動中心一樓
臺灣臺北地方法院,博愛路131號,63000050,25.036728,121.511059,學校、大型集會場所,法院,四樓開庭等候區
臺灣臺北地方法院,博愛路131號,63000050,25.036728,121.511059,學校、大型集會場所,法院,一樓大廳
K·Ｄ+ Fitness,南京東路四段51號2樓之1,63000010,25.052025,121.551041,其他,其他場所,休息區
BeeFit蜂運動古亭教室,羅斯福路二段35巷13號,63000030,25.02797065,121.522776,學校、大型集會場所,健身房,教室落地玻璃旁
臺北市內湖國中,台北市內湖區陽光街1號,63000100,25.077035,121.58869,學校、大型集會場所,國中,游泳池旁
臺北市立北投國民中學,溫泉路62號,63000120,25.134939,121.50461,其他,其他場所,活動中心一樓
台達電子工業股份有限公司,瑞光路186號,63000100,25.074192,121.577812,其他,其他場所,1F大廳
中華學校財團法人中華科技大學,研究院路3段245號,63000090,25.033596,121.609889,學校、大型集會場所,大專院校,日新樓一樓
臺北市玉成國小,臺北市南港區向陽路31號,63000090,25.0537916,121.5935424,學校、大型集會場所,大專院校,四維樓一樓
臺北市文山區景興國民小學,景華街150巷21號,63000080,24.996434,121.548293,學校、大型集會場所,國小,警衛室外
北投溫泉博物館,中山路2號,63000120,25.136692,121.507149,大型休閒場所,博物館,哺集乳室門口
南湖國小運動中心,康寧路三段200號運動中心2F,63000100,25.0679496,121.6106211,學校、大型集會場所,健身中心,臺北市內湖區康寧路三段200號運動中心2F
中華郵政股份有限公司愛國大樓,愛國東路216號,63000030,25.031288,121.5243144,其他,其他場所,本公司1樓大廳
Marriott Taipei 台北萬豪酒店,樂群二路199號,63000040,25.08048916,121.5589431,旅宿場所,飯店,中城廣場
臺北市大同區大龍國民小學,哈密街47號,63000060,25.073409,121.516692,其他,其他場所,"臺北市大同區大龍國民小學	北側警衛室外"
誠品股份有限公司196號辦公室,松德路196號B1F,63000020,25.034946,121.574281,其他,其他場所,松德辦公室門口
Jexer Fitness & Spa 南京復興,南京東路三段133號B2,63000040,25.0521556,121.5411467,學校、大型集會場所,健身房,出館手扶提附近
健身工廠-中山北廠,中山北路二段59巷45號B1F-B2F,63000040,25.0560956,121.5245047,學校、大型集會場所,健身房,B2F出入口
上海商業儲蓄銀行股份有限公司(總行大樓),民權東路一段2號,63000040,25.06256997,121.5230853,其他,其他場所,上海商業儲蓄銀行 總行大樓
台北市立圖書館廣慈分館,福德街86號3-4樓,63000020,25.0377261,121.5819728,大型休閒場所,圖書館,4樓櫃檯旁
Transcend勸世健身,撫順街31號1樓,63000040,25.0636004,121.5199973,學校、大型集會場所,健身中心,健身房內休息區角落
財團法人陽光社會福利基金會陽光活力中心,松江路122號B1,63000040,25.0524582,121.5328065,學校、大型集會場所,健身中心,台北市中山區松江路122號
低氧喜客,仁愛路四段411號B1,63000030,25.0380945,121.5559627,大型休閒場所,運動場館(如小巨蛋),本場所後方
臺北市大安區建安國民小學,大安路二段99號,63000030,25.029397,121.54617,其他,其他場所,藝術教學大樓B1游泳池
大地國際酒店股份有限公司,奇岩路1號,63000120,25.134518,121.50748,大型公眾浴場或溫泉區,溫泉區,本飯店獨立湯屋
大地國際酒店股份有限公司,奇岩路1號,63000120,25.134518,121.50748,大型公眾浴場或溫泉區,溫泉區,三樓游泳池區
欣欣秀泰影城,林森北路247號3~5樓,63000040,25.05421,121.525601,大型休閒場所,電影片映演場所(戲院、電影院),5樓客梯左側
構韋有限公司,光復南路578號2樓,63000030,25.033661,121.5572279,其他,其他場所,卡蒂雅大廈２樓
臺北市大安運動中心,辛亥路3段55號,63000030,25.020777,121.545636,學校、大型集會場所,健身中心,一樓大廳
臺北市大安運動中心,辛亥路3段55號,63000030,25.020777,121.545636,學校、大型集會場所,健身中心,中心三樓
台北漢來大飯店GRAND HILAI TAIPEI,經貿一路168號,63000090,25.0584249,121.6193534,旅宿場所,飯店,五樓俱樂部
台北漢來大飯店GRAND HILAI TAIPEI,經貿一路168號,63000090,25.0584249,121.6193534,旅宿場所,飯店,一樓大廳櫃台
臺北市立關渡國民中學,知行路212號,63000120,25.119885,121.467145,其他,其他場所,學務處走廊
臺北市立古亭國民中學,中華路二段465號,63000050,25.024756,121.509983,學校、大型集會場所,國中,綜合大樓一樓
臺北市立東湖國民中學,康樂街131號,63000100,25.072199,121.619458,其他,其他場所,穿堂電梯旁
臺北市內湖區大湖國民小學,大湖山莊街170號,63000100,25.088121,121.60048,其他,其他場所,台北市內湖區大湖山莊街170號
臺北市大同區日新國民小學,太原路151號,63000060,25.054389,121.516476,其他,其他場所,日新國小紅樓外走廊(鄰近太原路門口)
梅庭,中山路6號,63000120,25.136932,121.508762,其他,其他場所,北投梅庭
臺北市立東湖國民中學,康樂街131號,63000100,25.072199,121.619458,其他,其他場所,東湖國中活動中心1樓(大樓內)
齊天健身,明水路567號一樓,63000040,25.0794661,121.55143,其他,其他場所,館內大廳
德立莊酒店,秀山街4號,63000050,25.042787,121.509309,旅宿場所,旅館,飯店大廳
洛碁大飯店新仕界,昆明街141號,63000070,25.040944,121.504555,旅宿場所,旅館,本館大廳座位區
臺北市立中正高級中學,文林北路77號,63000120,25.104472,121.516541,學校、大型集會場所,高中職,校門口警衛室內
臺灣集中保管結算所股份有限公司,復興北路363號2樓,63000010,25.060561,121.544388,其他,其他場所,台北市松山區復興北路365號5樓
捷絲旅西門館,中華路一段41號5樓,63000050,25.0450456,121.5095859,旅宿場所,旅館,大門入口左邊休息區
臺北市政府環境保護局南港區清潔隊停車場,南深路37號之1,63000090,25.03642717,121.6204805,其他,其他場所,1F電箱旁
臺北市政府環境保護局中正區清潔隊區隊部,重慶南路三段6號,63000050,25.02936973,121.5151892,其他,其他場所,大門旁
臺北市政府環境保護局大安區清潔隊臥龍分隊,基隆路三段臨24號,63000030,25.020008,121.5473457,其他,其他場所,在休息室
臺北市政府環境保護局大同區清潔隊大龍分隊,承德路3段303之1號,63000060,25.076082,121.520677,其他,其他場所,在會議室
臺北市政府環境保護局萬華區清潔隊青年分隊,成都路臨173號之1,63000070,25.04427837,121.5016253,其他,其他場所,大門右側
臺北市政府環境保護局大安區清潔隊台大分隊,辛亥路一段臨138號,63000030,25.022008,121.533814,其他,其他場所,休息室
臺北市政府環境保護局中山區清潔隊停車場,濱江街301巷內,63000040,25.0727943,121.5456244,其他,其他場所,警衛室內
臺北市政府環境保護局文山區清潔隊復興分隊,忠順街二段22號2樓,63000080,24.984612,121.563185,其他,其他場所,點名場所
臺北市政府環境保護局信義區清潔隊吳興分隊,松仁路240巷19號3樓之3,63000020,25.02445119,121.5687938,其他,其他場所,大門左方
臺北市政府環境保護局中正區清潔隊博愛分隊,懷寧街58號1樓,63000050,25.04435575,121.5140559,其他,其他場所,辦公室門口
臺北市政府環境保護局大安區清潔隊敦化分隊,忠孝東路三段31號,63000030,25.04225546,121.5369241,其他,其他場所,大門右側
臺北市政府環境保護局松山區清潔隊停車場,濱江街301巷底,63000010,25.073015,121.545716,其他,其他場所,辦公室右側
臺北市政府環境保護局大安區清潔隊瑞安分隊,建國南路二段臨263號,63000030,25.025078,121.537891,其他,其他場所,辦公室內
臺北市政府環境保護局中正區清潔隊仁愛分隊,林森北路5巷7號,63000050,25.04531265,121.5240874,其他,其他場所,辦公室
臺北市政府環境保護局北投區清潔隊光明分隊,磺港路275號,63000120,25.12312,121.502975,其他,其他場所,辦公區
臺北市政府環境保護局士林區清潔隊停車場(大度),大度路1段150巷11號,63000120,25.12364462,121.4934382,其他,其他場所,辦公室
臺北市政府環境保護局文山區清潔隊木柵分隊,木柵路二段138巷26號,63000080,24.987285,121.562422,其他,其他場所,3F會議室
臺北市政府環境保護局北投區清潔隊關渡分隊,大渡路3段臨250號,63000120,25.122937,121.467323,其他,其他場所,辦公室
臺北市政府環境保護局士林區清潔隊草山分隊,格致路 34 號,63000110,25.137067,121.54656,其他,其他場所,辦公休息區
臺北市政府環境保護局北投區清潔隊陽明分隊二班,新民路73-7號,63000120,25.14114335,121.5127477,其他,其他場所,辦公室
臺北市政府環境保護局萬華區清潔隊武昌分隊,西寧南路4號2F,63000070,25.04793247,121.5070448,其他,其他場所,大門右大門
臺北市政府環境保護局內湖區清潔隊內湖分隊,大湖山莊街117號,63000100,25.08604543,121.6017439,其他,其他場所,1F梯間
臺北市政府環境保護局中山區清潔隊中山分隊,新生北路二段臨30-1號,63000040,25.077181,121.520136,其他,其他場所,大門右側
臺北市政府環境保護局中正區清潔隊公館分隊,水源路臨2號,63000050,25.013179,121.527439,其他,其他場所,大門進去右手邊
臺北市政府環境保護局大安區清潔隊和平分隊,辛亥路一段臨143號,63000030,25.022699,121.532337,其他,其他場所,點名室內
臺北市政府環境保護局信義區清潔隊五分埔分隊,忠孝東路5段257巷2號,63000020,25.041175,121.570669,其他,其他場所,放梯廳間
臺北市政府環境保護局士林區清潔隊天母分隊,承德路7段413巷內,63000110,25.09058619,121.5174605,其他,其他場所,左側休息室
臺北市政府環境保護局士林區清潔隊社子分隊葫蘆班,中正路 臨707-1號,63000110,25.08589695,121.506607,其他,其他場所,辦公室
臺北市政府環境保護局環保稽查大隊,重慶北路3段347號4樓,63000060,25.0748652,121.5140597,其他,其他場所,2樓勤務中心
臺北市藝文推廣處,八德路3段25號3樓,63000010,25.0483521,121.5523144,大型休閒場所,演藝廳,藝文大樓1樓
臺北市政府環境保護局萬華區清潔隊昆明分隊,和平西路三段251號1樓,63000070,25.03554096,121.4947582,其他,其他場所,入口左側
臺北市政府環境保護局內湖區清潔隊科技分隊,瑞光路160號B1,63000100,25.073419,121.579137,其他,其他場所,辦公室
臺北市政府環境保護局廢棄物處理場行政辦公大樓,南深路37 號,63000090,25.028922,121.622895,其他,其他場所,閱覽室內
臺北市政府環境保護局中山區清潔隊民權二分隊,錦州街臨306號,63000040,25.06025335,121.5369868,其他,其他場所,大門左側
臺北市政府環境保護局文山區清潔隊景美分隊,溪州街臨220號,63000080,24.999599,121.535308,其他,其他場所,辦公室外
臺北市政府環境保護局中正區清潔隊南昌分隊,三元街131號7樓,63000050,25.02829299,121.51099,其他,其他場所,辦公室
臺北市政府環境保護局資源回收隊內湖再生家具,行忠路178巷1號,63000100,25.06644882,121.5842632,其他,其他場所,展示場一樓
臺北市政府環境保護局大安區清潔隊安和分隊,通化街120巷20號,63000030,25.02941352,121.5532348,其他,其他場所,在門口正對面
臺北市政府環境保護局中正區清潔隊忠孝分隊,台北市中正區忠孝東路一段108號3樓之3,63000050,25.044355,121.524593,其他,其他場所,辦公室門口
臺北市政府環境保護局松山區清潔隊松山分隊,南京東路5段372號,63000010,25.051439,121.568676,其他,其他場所,辦公室門口
臺北市立南湖高級中學,康寧路3段220號,63000100,25.066494,121.610413,學校、大型集會場所,高中職,東風樓3樓學務處
臺北市立新民國民中學,新民路10號,63000120,25.138039,121.507974,其他,其他場所,新民國中活動中心
臺北市政府環境保護局直屬隊機動二分隊,大度路150巷11號,63000120,25.122762,121.471399,其他,其他場所,一樓大門入口處
臺北市政府環境保護局大同區清潔隊蘭州分隊,敦煌路 臨151-1號,63000060,25.07651073,121.5116733,其他,其他場所,大門右前方
臺北市政府環境保護局南港區清潔隊玉成分隊,向陽路49號,63000090,25.053992,121.594465,其他,其他場所,地下一樓
臺北市政府環境保護局萬華區清潔隊東園分隊,寶興街222巷11-1號,63000070,25.022115,121.495051,其他,其他場所,備勤室內
臺北市政府環境保護局信義區清潔隊四號停車場,木柵路5段151號往前500公尺,63000080,24.99896,121.593804,其他,其他場所,辦公室外
臺北市政府環境保護局北投區清潔隊陽明分隊一班,紗帽路141巷23號,63000120,25.148526,121.533669,其他,其他場所,辦公區休息區
臺北市政府環境保護局大同區清潔隊延平分隊,環河北路一段 臨63-1號,63000060,25.05258854,121.507413,其他,其他場所,大門進去正前方
臺北市政府環境保護局萬華區清潔隊漢中分隊,環河南路一段臨280-1號,63000070,25.041776,121.499802,其他,其他場所,入口左側
臺北市政府環境保護局中山區清潔隊長安分隊,建國北路一段臨5-1號,63000040,25.082404,121.529693,其他,其他場所,在大門左邊
臺北市政府環境保護局內湖區清潔隊區隊部,成功路二段320巷19號4樓,63000100,25.06769,121.589987,其他,其他場所,辦公室
臺北市政府環境保護局信義區清潔隊福德分隊,松山路658號2樓,63000020,25.031523,121.57859,其他,其他場所,在大廳
臺北市政府環境保護局內湖區清潔隊文德分隊,民權東路六段臨10-2號,63000100,25.068942,121.590903,其他,其他場所,辦公室
臺北市政府環境保護局士林區清潔隊文林分隊文外班,中山北路五段376號6樓,63000110,25.08995592,121.5278416,其他,其他場所,辦公區
臺北市政府環境保護局文山區清潔隊區隊部,木柵路三段220號7樓,63000080,24.98964,121.570083,其他,其他場所,辦公室
臺北市政府環境保護局大安區清潔隊新生分隊,建國南路一段臨173號,63000030,25.040966,121.53781,其他,其他場所,大門左側
臺北市政府環境保護局中山區清潔隊圓山分隊,新生北路三段 51 -3號,63000040,25.071894,121.531294,其他,其他場所,大門進去左前方
臺北市政府環境保護局信義區清潔隊六張犁分隊,松仁路240巷19號6樓,63000020,25.02445119,121.5687938,其他,其他場所,大門左邊
臺北市政府環境保護局大安區清潔隊建南停車場,建國南路二段臨149號,63000030,25.02913727,121.5381993,其他,其他場所,警衛室
臺北市政府環境保護局資源回收隊木柵回收場,木柵路五段151號,63000080,24.99896,121.593804,其他,其他場所,地磅室外
臺北市政府環境保護局中正區清潔隊泉州分隊,惠安街47號,63000050,25.02867945,121.5075731,其他,其他場所,大門右側
臺北市政府環境保護局公廁管理隊,重慶北路三段347號2樓,63000060,25.074865,121.51406,其他,其他場所,門口左側
意寬精品旅館(HOME HOTEL),松仁路90號,63000020,25.0351042,121.5679889,旅宿場所,旅館,進門右手邊
臺北市政府環境保護局直屬隊機動分隊,鄭州路 臨50號,63000060,25.05021259,121.508718,其他,其他場所,警衛室門口
臺北市政府環境保護局士林區清潔隊社子分隊社子班,中正路臨692號對面,63000110,25.08579,121.50642,其他,其他場所,辦公室
臺北市政府環境保護局北投區清潔隊石牌分隊,承德路7段393巷200號,63000120,25.11328784,121.4985667,其他,其他場所,辦公室
臺北市政府環境保護局資源回收隊萬華展示場,環河南路2段102號1.2樓,63000070,25.03693,121.495459,其他,其他場所,展示場二樓
臺北市政府環境保護局溝渠清理第一隊停車場,建國北路2段及興安街交叉橋孔下,63000040,25.056054,121.53713,其他,其他場所,辦公室
臺北市政府環境保護局士林區清潔隊蘭雅分隊,文昌路臨211號,63000110,25.09999615,121.52014,其他,其他場所,辦公室
臺北市政府環境保護局萬華區清潔隊大理分隊,長順街臨131號,63000070,25.032546,121.488772,其他,其他場所,辦公室內
臺北市政府環境保護局中正區清潔隊停車場(辛亥),辛亥路1段臨136號,63000050,25.022008,121.533814,其他,其他場所,辦公室
臺北市政府環境保護局溝渠清理第二隊停車場,建國北路3段96-1號,63000040,25.06703,121.53406,其他,其他場所,貨櫃門口
臺北市內湖區南湖國民小學（五樓體育科辦公室外）,康寧路三段200號,63000100,25.068697,121.612033,其他,其他場所,五樓體育組辦公室外
臺北市政府環境保護局萬華區清潔隊停車場,鄭州路底三號水門外,63000070,25.02753,121.474113,其他,其他場所,臺北市萬華區鄭州路底三號水門外
臺北市政府環境保護局山水綠生態公園,南深路37號,63000090,25.029077,121.622338,其他,其他場所,管理室
臺北市政府環境保護局內湖區清潔隊西湖分隊,瑞光路160號B1F,63000100,25.07335225,121.579352,其他,其他場所,B1F辦公室
臺北市政府環境保護局文山區清潔隊博嘉分隊,木柵路五段52號,63000080,25.002578,121.5881,其他,其他場所,入口處左轉茶水間外
臺北市政府環境保護局中山區清潔隊南京分隊,長春路350號2樓,63000040,25.05450328,121.541728,其他,其他場所,大門左側
臺北市政府環境保護局文山區清潔隊停車場,木柵路5段151號(福德坑),63000080,25.00740975,121.589319,其他,其他場所,員工休息室
臺北市政府環境保護局士林區清潔隊停車場(臨江),延平北路7段224號,63000110,25.10185101,121.489133,其他,其他場所,辦公室
臺北市政府環境保護局中正區清潔隊停車場(師大),師大路臨241號,63000050,25.020418,121.522569,其他,其他場所,分隊長辦公室門口
臺北市立三民國中,114台北市內湖區民權東路六段45號,63000100,25.0698092,121.5860526,學校、大型集會場所,國中,活動中心
臺北市立內湖高級中學,文德路218號,63000100,25.078396,121.586581,學校、大型集會場所,高中職,校門口警衛室
臺北市立懷生國民中學,忠孝東路3段248巷30號,63000030,25.04015,121.540847,學校、大型集會場所,國中,二樓體育館室內籃球場
臺北市政府環境保護局松山區清潔隊東社分隊,光復北路190巷39號5樓,63000010,25.054676,121.553696,其他,其他場所,走廊
臺北市政府環境保護局大同區清潔隊建成分隊,民權西路194號之1,63000060,25.062771,121.514414,其他,其他場所,大門進去直走左邊
臺北市政府環境保護局南港區清潔隊南港分隊,松河街699號,63000090,25.061139,121.611194,其他,其他場所,1F左側
臺北市政府環境保護局北投區清潔隊停車場,洲美街271號(北投焚化廠內),63000120,25.107949,121.49926,其他,其他場所,辦公室
臺北市政府環境保護局士林區清潔隊文林分隊文內班,文昌路臨159-1號,63000110,25.097786,121.520591,其他,其他場所,辦公室
臺北市政府環境保護局松山區清潔隊上塔悠分隊,民權東路5段臨94號,63000010,25.063475,121.567835,其他,其他場所,辦公室右側
臺北市政府環境保護局中山區清潔隊大直分隊,大直街21巷2號1樓,63000040,25.077802,121.527002,其他,其他場所,大門進去正左方
臺北市政府環境保護局內湖區清潔隊東湖分隊,康樂街150號4F之1,63000100,25.073111,121.621004,其他,其他場所,辦公室
臺北市政府環境保護局內湖區清潔隊停車場,舊宗路二段158號,63000100,25.070676,121.574832,其他,其他場所,辦公室
臺北市政府環境保護局文山區清潔隊興隆分隊,興隆路二段97號後棟4樓,63000080,24.999001,121.547842,其他,其他場所,點名場所
臺北市政府環境保護局廢棄物處理場福德坑復育園區,木柵路5段151號,63000080,25.00740975,121.589319,其他,其他場所,復育園區辦公室
臺北市政府環境保護局環保稽查大隊,重慶北路3段347號4樓,63000060,25.0748652,121.5140597,其他,其他場所,5樓梯廳
臺北市內湖區文湖國民小學,文湖街15號,63000100,25.085771,121.560122,其他,其他場所,本校穿堂外側
公館計程車服務站,汀州路3段230巷15號,63000050,25.0110471,121.5354606,其他,其他場所,建物大門左側繳費機旁
臺北市內湖區碧湖國民小學,金龍路100號,63000100,25.083976,121.591632,其他,其他場所,健康中心
臺北市中山區大佳國民小學,濱江街107號,63000040,25.073294,121.536367,其他,其他場所,幼兒園
臺北市中山區五常國民小學,五常街16號,63000040,25.064084,121.541528,其他,其他場所,本校5樓活動中心
臺北市中山區大直國民小學,大直街2號,63000040,25.080638,121.545851,其他,其他場所,游泳池入口處
新光三越Diamond Towers,忠孝東路三段268號,63000030,25.0414375,121.5421391,大型購物場所,商場,新光三越Diamond Towers 一館2樓醫護室
新光三越Diamond Towers,忠孝東路三段268號,63000030,25.0414375,121.5421391,大型購物場所,商場,新光三越Diamond towers 2館3樓梯廳處
歐華酒店,林森北路646號,63000040,25.0681206,121.5255369,旅宿場所,飯店,飯店大廳
東元電機股份有限公司,三重路19-9號5樓,63000090,25.0584693,121.6137978,其他,其他場所,台北市南港區三重路19-9號5樓
臺北市景文高級中學,保儀路127號,63000080,24.985368,121.567395,學校、大型集會場所,高中職,創新樓一樓
臺北市立松山幼兒園,敦化北路199巷5號2樓,63000010,25.0567523,121.5515059,其他,其他場所,臺北市松山區敦化北路199巷5號2樓
相鐵Grand Fresa台北西門,中華路一段57號,63000050,25.0416743,121.5085894,旅宿場所,飯店,飯店2樓大廳
好享健身有限公司,經貿二路235巷60弄2號、6號1樓,63000090,25.0625012,121.6156885,學校、大型集會場所,健身房,場館運動按摩區
頂碩區民活動中心,興寧街2號3樓,63000070,25.0322385,121.5020158,其他,其他場所,頂碩區民活動中心
臺北市松山區松山國民小學,八德路4段746號,63000010,25.051109,121.579143,其他,其他場所,健康中心
臺北市立聯合醫院附設政大門診部,指南路2段117號,63000080,24.987703,121.575646,其他,其他場所,1樓門診大廳
臺北市文山區景美國民小學,景文街108號,63000080,24.989527,121.540781,其他,其他場所,游泳池
臺北市政府客家事務委員會(文化會館),信義路3段157巷11號,63000030,25.03447307,121.5430792,其他,其他場所,保全桌旁邊
臺北市立中正高級中學,文林北路77號,63000120,25.104472,121.516541,學校、大型集會場所,高中職,健康中心
臺北市立龍門國民中學,建國南路2段269號,63000030,25.024673,121.538208,學校、大型集會場所,國中,學務處外走廊
臺北市信義區光復國民小學,光復南路271號,63000020,25.04027,121.557853,其他,其他場所,圓樓1樓
臺北市立大安高級工業職業學校,復興南路2段52號,63000030,25.032033,121.54336,學校、大型集會場所,高中職,大安高工游泳池
臺北市士林區戶政事務所,中正路439號3樓,63000110,25.092762,121.519559,其他,其他場所,3樓民眾等待區
臺北市文山區實踐國民小學,忠順街1段4號,63000080,24.983727,121.557639,學校、大型集會場所,國小,實踐國小前門穿堂
臺北市文山區興德國民小學,興隆路二段235號,63000080,25.001622,121.55077,其他,其他場所,本校1樓健康中心外
臺北市文山區萬芳國民小學,萬和街1號,63000080,25.003231,121.567433,其他,其他場所,穿堂右側
臺北市政府公務人員訓練處,萬美街2段21巷20號,63000080,25.004577,121.56104,其他,其他場所,C區-客服中心前
臺北市立至善國民中學,至善路二段360號,63000110,25.103587,121.555425,其他,其他場所,至善國中健康中心走廊
臺北市士林區平等國民小學,平菁街101號,63000110,25.129443,121.576607,其他,其他場所,一樓穿堂警衛室門前
臺北巿士林區福林國民小學,福志路75號,63000110,25.098216,121.529446,其他,其他場所,健康中心
台北士林萬麗酒店,中山北路5段470巷8號,63000110,25.0931135,121.5290463,旅宿場所,旅館,台北市士林區中山北路5段470巷8號
鴻名企業股份有限公司,東興路59號6樓,63000020,25.0474544,121.5667523,其他,其他場所,本公司六樓
臺北大巨蛋,忠孝東路4段515號,63000020,25.04231503,121.5595295,大型休閒場所,運動場館(如小巨蛋),體育館_2F_三壘側_通廊
臺北大巨蛋,忠孝東路4段515號,63000020,25.04231503,121.5595295,大型休閒場所,運動場館(如小巨蛋),體育館_2F_內野_一壘側_救護站
臺北大巨蛋,忠孝東路4段515號,63000020,25.04231503,121.5595295,大型休閒場所,運動場館(如小巨蛋),體育館_B2_本後_GATE5內通廊
臺北大巨蛋,忠孝東路4段515號,63000020,25.04231503,121.5595295,大型休閒場所,運動場館(如小巨蛋),體育館_B2_藥檢室
臺北大巨蛋,忠孝東路4段515號,63000020,25.04231503,121.5595295,大型休閒場所,運動場館(如小巨蛋),體育館_B2_維修室
臺北大巨蛋,忠孝東路4段515號,63000020,25.04231503,121.5595295,大型休閒場所,運動場館(如小巨蛋),體育館_B2_三壘側_重量訓練室
臺北大巨蛋,忠孝東路4段515號,63000020,25.04231503,121.5595295,大型休閒場所,運動場館(如小巨蛋),體育館_B2_GATE7旁
臺北大巨蛋,忠孝東路4段515號,63000020,25.04231503,121.5595295,大型休閒場所,運動場館(如小巨蛋),體育館_B1_內野_一壘側_救護站
臺北大巨蛋,忠孝東路4段515號,63000020,25.04231503,121.5595295,大型休閒場所,運動場館(如小巨蛋),體育館_3F_內野_三壘側_通廊
臺北大巨蛋,忠孝東路4段515號,63000020,25.04231503,121.5595295,大型休閒場所,運動場館(如小巨蛋),體育館_2F_左外野_通廊
臺北大巨蛋,忠孝東路4段515號,63000020,25.04231503,121.5595295,大型休閒場所,運動場館(如小巨蛋),體育館_3F_救護站旁通廊
臺北大巨蛋,忠孝東路4段515號,63000020,25.04231503,121.5595295,大型休閒場所,運動場館(如小巨蛋),體育館_4F_內野_三壘側_通廊
臺北大巨蛋,忠孝東路4段515號,63000020,25.04231503,121.5595295,大型休閒場所,運動場館(如小巨蛋),體育館_4F_內野_一壘側_救護站前
臺北大巨蛋,忠孝東路4段515號,63000020,25.04231503,121.5595295,大型休閒場所,運動場館(如小巨蛋),體育館_3F_左外野_VIP電梯口
臺北大巨蛋,忠孝東路4段515號,63000020,25.04231503,121.5595295,大型休閒場所,運動場館(如小巨蛋),體育館_B2_重量訓練室
臺北大巨蛋,忠孝東路4段515號,63000020,25.04231503,121.5595295,大型休閒場所,運動場館(如小巨蛋),體育館_B1_右外野_GATE8旁
臺北大巨蛋,忠孝東路4段515號,63000020,25.04231503,121.5595295,大型休閒場所,運動場館(如小巨蛋),體育館_B1_內野_三壘_通廊
臺北大巨蛋,忠孝東路4段515號,63000020,25.04231503,121.5595295,大型休閒場所,運動場館(如小巨蛋),體育館_B1_左外野_GATE6旁
碩天科技股份有限公司,金莊路26號11樓,63000100,25.0622627,121.5876463,其他,其他場所,12樓
臺北大巨蛋,忠孝東路4段515號,63000020,25.04231503,121.5595295,大型休閒場所,運動場館(如小巨蛋),體育館_1F_GATE1_入口
好習慣運動教室｜滬江高中館,羅斯福路六段336號(游泳池),63000080,24.9895191,121.5388848,大型休閒場所,運動場館(如小巨蛋),泳池櫃檯
漢來美食股份有限公司台北南港分公司,經貿一路168號2樓,63000090,25.05813637,121.619435,其他,其他場所,大廳二樓
臺北市動物之家,安美街191號,63000100,25.0604342,121.603348,其他,其他場所,服務台大廳
臺北市南港區南港國民小學,惠民街67號,63000090,25.057163,121.610384,其他,其他場所,南港國小健康中心走廊
臺北市立永吉國民中學,松隆路161號,63000020,25.048236,121.574145,其他,其他場所,A1開放廁所入口右側
臺北市立陽明高級中學,中正路510號,63000110,25.09185101,121.5172056,學校、大型集會場所,高中職,健康中心
臺北市立聯合醫院中興院區,鄭州路145號,63000060,25.051196,121.50865,其他,其他場所,急診櫃台旁
臺北市立和平高級中學,臥龍街100號,63000030,25.019627,121.549148,學校、大型集會場所,高中職,台北市立和平高中活動中心4樓(靠近廁所)
臺北市立景興國民中學,景興路46巷2號,63000080,24.996187,121.544225,學校、大型集會場所,國中,活動中心3樓
臺北市文山區辛亥國民小學,辛亥路4段103號,63000080,25.006502,121.559178,其他,其他場所,警衛室
臺北市內湖區公所,民權東路六段99號,63000100,25.069231,121.589099,其他,其他場所,114台北市內湖區民權東路六段99號
臺北市立中正高級中學,文林北路77號,63000120,25.104472,121.516541,學校、大型集會場所,高中職,中正高中迎曦樓
永福之家廣慈園區,大道路110號,63000020,25.03923282,121.5822926,其他,其他場所,護理站
臺北市大同區日新國民小學,太原路151號,63000060,25.054389,121.516476,其他,其他場所,旺台樓一樓(通往游泳池梯間)
臺北市立南港高級中學,向陽路21號,63000090,25.052412,121.595027,學校、大型集會場所,高中職,健康中心和補校中間的文化走廊
臺北市立南港高級中學,向陽路21號,63000090,25.052412,121.595027,學校、大型集會場所,高中職,研發處和幼兒園間的文化走廊
臺北市立南港高級中學,向陽路21號,63000090,25.052412,121.595027,學校、大型集會場所,高中職,活動中心
臺北市立南港高級中學,向陽路21號,63000090,25.052412,121.595027,學校、大型集會場所,高中職,游泳池
台北美侖大飯店,復興南路一段317號,63000030,25.0342927,121.5439804,旅宿場所,飯店,一樓大廳電梯口對面
台北金融大樓股份有限公司(辦公大樓),信義路五段7號59樓,63000020,25.033718,121.56481,其他,其他場所,88樓
趣旅館．林森館,林森北路487號1樓,63000040,25.0613556,121.5257759,旅宿場所,旅館,本旅館1樓大廳
臺北市士林地政事務所,中正路439號5樓,63000110,25.0927846,121.5196248,其他,其他場所,本所5樓服務中心旁
中山計程車服務站,新生北路3段170號,63000040,25.070196,121.5280762,其他,其他場所,男廁
臺北市芳和實驗中學,臥龍街170號,63000030,25.018672,121.55032,其他,其他場所,本校一樓穿堂往二棟
臺北小巨蛋,南京東路4段2號,63000010,25.051346,121.549767,大型休閒場所,運動場館(如小巨蛋),2樓售票櫃台前
臺北市松山區健康國民小學,延壽街168號,63000010,25.056667,121.562785,其他,其他場所,健康國小一樓
博嘉運動公園,木柵路4段159巷16號,63000080,25.000284,121.575257,學校、大型集會場所,健身中心,游泳池櫃台B1
臺北市政府市政大樓,臺北市市府路1號,63000020,25.038211,121.564359,其他,其他場所,市政大樓南門
臺北市大安區新生國民小學,新生南路二段36號,63000030,25.02982,121.53362,其他,其他場所,健康中心門口
臺北市政府市政大樓,臺北市市府路1號,63000020,25.038211,121.564359,其他,其他場所,本市政大樓2樓親子劇場門口
臺北市立長安國民中學,松江路70巷11號,63000040,25.046389,121.533164,其他,其他場所,學務處前樓梯轉角處
臺北市公有光復市場,仁愛路4段496巷19號,63000020,25.038218,121.544771,其他,其他場所,市場內47號攤
臺北小巨蛋,南京東路4段2號,63000010,25.051346,121.549767,大型休閒場所,運動場館(如小巨蛋),1樓北大廳
臺北市立大直高級中學警衛室旁,北安路420號,63000040,25.07922,121.542837,學校、大型集會場所,高中職,台北市立大直高級中學
臺北市立和平高級中學,臥龍街100號,63000030,25.019627,121.549148,學校、大型集會場所,高中職,本校學務處門口(靠近教官室)
臺北市北投區戶政事務所,新市街30號3樓,63000120,25.132426,121.503,其他,其他場所,服務櫃檯旁
臺北市立和平高級中學,臥龍街100號,63000030,25.019627,121.549148,學校、大型集會場所,高中職,本校懷德樓1樓版畫教室(靠近基隆路)
臺北市立桃源國民中學,中央北路4段48號,63000120,25.134647,121.4773,其他,其他場所,本校育才樓一樓，健康中心內
臺北市公有永吉市場,永吉路278巷1弄30號,63000020,25.044334,121.574385,其他,其他場所,永吉市場自治會辦公室
臺北市立弘道國民中學,公園路21號,63000050,25.037488,121.515293,其他,其他場所,川堂
博嘉運動公園,木柵路4段159巷16號,63000080,25.000284,121.575257,學校、大型集會場所,健身中心,服務台1F
臺北市北投區明德國民小學,明德路190號,63000120,25.112123,121.521788,其他,其他場所,仁愛一樓--健康中心--前走廊
建國計程車服務站,建國南路一段63號之1(對面),63000030,25.0442235,121.537021,其他,其他場所,女化粧室門口
臺北市政府市政大樓,臺北市市府路1號,63000020,25.038211,121.564359,其他,其他場所,市政大樓地下1樓府宴餐廳門口
臺北市士林區葫蘆國民小學,環河北路三段95號,63000110,25.084102,121.507947,學校、大型集會場所,國小,中正樓一樓學務處門外
台北市廣州街臨時攤販集中場,廣州街220號,63000070,25.0367026,121.4970056,其他,其他場所,台北市廣州街220號
臺北市政府市政大樓,臺北市市府路1號,63000020,25.038211,121.564359,其他,其他場所,市政大樓地下2樓市府生活廣場
臺北市內湖區碧湖國民小學,金龍路100號,63000100,25.083976,121.591632,其他,其他場所,警衛室
臺北市政府市政大樓,臺北市市府路1號,63000020,25.038211,121.564359,其他,其他場所,市政大樓1樓北門
臺北市南港區成德國民小學,東新街65號,63000090,25.04709,121.586873,其他,其他場所,四維樓4樓活動中心
臺北市大安區新生國民小學,新生南路二段36號,63000030,25.02982,121.53362,其他,其他場所,B1游泳池
臺北市大安區新生國民小學,新生南路二段36號,63000030,25.02982,121.53362,其他,其他場所,4樓活動中心
臺北市公共運輸處瑞光計程車服務站,瑞光路160號2樓,63000100,25.0734188,121.5791368,其他,其他場所,本站閱覽室大廳
臺北市政府環境保護局木柵垃圾焚化廠,木柵路5段53號,63000080,25.00515962,121.5864873,其他,其他場所,廠房2樓中控室
臺北市政府市政大樓,臺北市市府路1號,63000020,25.038211,121.564359,其他,其他場所,市政大樓東門(服務臺旁邊)
臺北市公有士林市場,基河路101號,63000110,25.087887,121.52411,其他,其他場所,士林市場清潔室入口
大直計程車服務站,北安路676號,63000040,25.0842757,121.5498998,其他,其他場所,閱覽室門口
臺北市立中山國民中學,復興北路361巷7號,63000010,25.060537,121.54535,其他,其他場所,本校大門川堂
臺北市中山區永安國民小學,明水路397巷19弄1號,63000040,25.078776,121.549406,其他,其他場所,一年1班教室旁走廊
臺北市立北安國民中學,明水路325號,63000040,25.0777879,121.5416244,學校、大型集會場所,國中,校門口入口川堂
臺北市濱江實驗國民中學,樂群二路262號,63000040,25.07955,121.56075,學校、大型集會場所,國中,B1游泳池
台北美國學校,11152 中山北路六段 800號,63000110,25.1164004,121.5301123,學校、大型集會場所,高中職,Performing Arts Hallway
台北美國學校,11152 中山北路六段 800號,63000110,25.1164004,121.5301123,學校、大型集會場所,高中職,LS Stairwell
台北美國學校,11152 中山北路六段 800號,63000110,25.1164004,121.5301123,學校、大型集會場所,高中職,MS Gym Entrance
台北美國學校,11152 中山北路六段 800號,63000110,25.1164004,121.5301123,學校、大型集會場所,高中職,Art Hallway C-block
台北美國學校,11152 中山北路六段 800號,63000110,25.1164004,121.5301123,學校、大型集會場所,高中職,Mobile US Gym AED
新光三越百貨股份有限公司台北信義分公司四館,松高路19號,63000020,25.039329,121.567026,大型購物場所,百貨業,3F醫護室
台北美國學校,11152 中山北路六段 800號,63000110,25.1164004,121.5301123,學校、大型集會場所,高中職,MS Library Entrance
臺北市立兒童新樂園,承德路5段55號,63000110,25.097094,121.514709,觀光旅遊地區,民營遊樂業,兒童新樂園一樓緊急救護站前方
臺北市立兒童新樂園,承德路5段55號,63000110,25.097094,121.514709,觀光旅遊地區,民營遊樂業,三樓第二出入口
博愛國小運動中心-舞動陽光有限公司,松仁路95巷20號,63000020,25.036375,121.570903,學校、大型集會場所,健身中心,B1游泳池
世貿公園地下停車場,經貿2路88巷1號B1,63000090,25.057702,121.616513,其他,其他場所,經貿2路88巷1號B1
興中立體停車場,興中路44巷1號,63000090,25.056157,121.606489,其他,其他場所,興中路44巷1號
南港國小地下停車場,興東街59號B1,63000090,25.056674,121.611801,其他,其他場所,興東街59號B1
前港公園地下停車場,前港街45號B1,63000110,25.08583,121.52113,其他,其他場所,士林區前港街45號B1
大豐公園地下停車場,大興街145號B1,63000120,25.131119,121.504245,其他,其他場所,大興街145號B1
蘭雅公園地下停車場,德行東路129巷31號B1,63000110,25.109618,121.529277,其他,其他場所,德行東路129巷31號B1
福林公園地下停車場,中正路17號B1,63000110,25.09603,121.530587,其他,其他場所,中正路17號B1
洛陽立體停車場,環河南路1段1號,63000070,25.048335,121.505865,其他,其他場所,環河南路1段1號
海光公園地下停車場,葫蘆街83號B1,63000110,25.080934,121.508492,其他,其他場所,葫蘆街83號B1
五分埔公園地下停車場,中坡北路57號口B1,63000020,25.046731,121.580466,其他,其他場所,中坡北路57號口B1
臺北市災害應變中心地下停車場,莊敬路391巷11弄2號B1,63000020,25.028846,121.566153,其他,其他場所,莊敬路391巷11弄2號B1
松山車站地下停車場,松山路11號B1,63000020,25.04919,121.578299,其他,其他場所,松山路11號B1
臺北市停車管理工程處,松德路300號6樓,63000020,25.032054,121.574243,其他,其他場所,松德路300號6樓
南方桃花源社區管理委員會,木柵路二段109巷27弄2號,63000080,24.990486,121.563053,其他,其他場所,文山區木柵路2段109巷27弄2號
敦南莊子社區管理室,木柵路二段109巷100弄1號,63000080,24.991445,121.563018,其他,其他場所,文山區木柵路2段109巷100弄1號
沛力訓練,瑞光路443號1F,63000100,25.078798,121.5704511,學校、大型集會場所,健身房,本店中心
台北互舍酒店,台北市大同區重慶北路二段172號,63000060,25.0593921,121.5133139,旅宿場所,旅館,本飯店大廳
古亭國中地下停車場,中華路2段606巷1號B1,63000070,25.023892,121.510056,其他,其他場所,中華路2段606巷1號B1
萬華國中地下停車場,西藏路201號B1,63000070,25.027835,121.49926,其他,其他場所,西藏路201號B1
塔城公園地下停車場,塔城街11號B1,63000060,25.05094,121.510732,其他,其他場所,塔城街11號B1
青年公園棒球場地下停車場,青年路69號B1,63000070,25.023826,121.502906,其他,其他場所,青年路69號B1
興雅國中地下停車場,松德路200巷18號B1,63000020,25.034837,121.572799,其他,其他場所,松德路200巷18號B1
信義廣場地下停車場,信義路5段11號B1,63000020,25.033211,121.567712,其他,其他場所,信義路5段11號B1
忠信公園地下停車場,松仁路2號B1,63000020,25.040234,121.56822,其他,其他場所,松仁路2號B1
信義國小地下停車場,松勤街60號B1,63000020,25.031566,121.563181,其他,其他場所,松勤街60號B1
松山高中地下停車場,基隆路1段156號B1,63000020,25.043505,121.565387,其他,其他場所,基隆路1段156號B1
建成國中地下停車場,長安西路37號之1 B1,63000060,25.050409,121.519657,其他,其他場所,長安西路37號之1 B1
?聰學校地下停車場,延平北路4段205號B1,63000060,25.074343,121.511706,其他,其他場所,延平北路4段205號B1
大龍國小地下停車場,哈密街47號B1,63000060,25.073409,121.516693,其他,其他場所,哈密街47號B1
永盛公園地下停車場,中山北路2段93巷30號B1,63000040,25.059242,121.524747,其他,其他場所,中山北路2段93巷30號B1
文山雅筑社區管理委員會,興隆路四段29巷4弄1號,63000080,24.990773,121.559839,其他,其他場所,文山區興隆路4段29巷4弄1號
明興社區巷弄長照站,興隆路4段61號,63000080,24.9894423,121.5600007,其他,其他場所,文山區興隆路4段61號
臺北市文山區明興里辦公處,木柵路二段109巷25弄6號,63000080,24.990145,121.562851,其他,其他場所,木柵路2段109巷25弄6號
太子新城建設,興隆路四段33號,63000080,24.990387,121.559581,其他,其他場所,文山區興隆路4段33號
西松高中地下停車場,健康路325巷19弄1號B1,63000010,25.05584,121.566093,其他,其他場所,健康路325巷19弄1號B1
民生立體停車場,民生東路5段84號,63000010,25.058343,121.559462,其他,其他場所,民生東路5段84號
民有市場地下停車場,民權東路3段140巷15號B1,63000010,25.060401,121.547074,其他,其他場所,民權東路3段140巷15號B1
松山國小地下停車場,八德路4段746號B1,63000010,25.050016,121.577642,其他,其他場所,八德路4段746號B1
龍門國中地下停車場,建國南路2段269號B1,63000030,25.024673,121.538208,其他,其他場所,建國南路2段269號B1
金華公園地下停車場,金華街190號B1,63000030,25.029574,121.531614,其他,其他場所,金華街190號B1
大安森林公園地下停車場,建國南路2段2號B1,63000030,25.033303,121.535844,其他,其他場所,建國南路2段2號B1
雙園國中地下停車場,西園路2段320巷55弄3號B1,63000070,25.027829,121.491611,其他,其他場所,西園路2段320巷55弄3號B1
青年公園高爾夫球場地下停車場,國興路5號B1,63000070,25.024366,121.507451,其他,其他場所,國興路5號B1
洲子立體停車場,瑞光路513巷22弄2號2樓,63000100,25.079278,121.569436,其他,其他場所,瑞光路513巷22弄2號2樓
港富立體停車場,內湖路1段737巷50弄32號,63000100,25.080523,121.578365,其他,其他場所,內湖路1段737巷50弄32號
松山工農地下停車場,忠孝東路5段236巷15號B1,63000020,25.03918,121.572231,其他,其他場所,忠孝東路5段236巷15號B1
東湖國小地下停車場,東湖路115號之1B1,63000100,25.06916,121.616068,其他,其他場所,東湖路115號之1B1
玉成公園附建地下停車場,成福路118號B1,63000090,25.042236,121.587151,其他,其他場所,成福路118號B1
萬興國小地下停車場,秀明路2段116號B1,63000080,24.989465,121.576716,其他,其他場所,秀明路2段116號B1
興隆公園地下停車場,仙岩路128號B1,63000080,25.000594,121.551195,其他,其他場所,仙岩路128號B1
長安國小地下停車場,吉林路15號B1,63000040,25.049816,121.530187,其他,其他場所,吉林路15號B1
臺北市立民生國民中學,新東街30巷1號,63000010,25.059805,121.566737,其他,其他場所,警衛室旁
台北松山意舍酒店,市民大道七段8號17樓,63000090,25.0492807,121.5805022,旅宿場所,飯店,酒店大廳
台北西門町意舍酒店,武昌街二段77號5樓,63000070,25.0451667,121.5055703,旅宿場所,飯店,酒店5樓大廳
台北中山意舍酒店,中山北路二段57-1號,63000040,25.0556973,121.5230674,旅宿場所,飯店,酒店大廳
觀星台北社區管理委員會(D棟閱報室),木柵路二段109巷100弄66號1樓,63000080,24.992593,121.561685,其他,其他場所,文山區木柵路2段109巷100弄66號
幸福社區管理委員會,木柵路二段109巷25弄69號,63000080,24.990285,121.561821,其他,其他場所,文山區木柵路2段109巷25弄69號
觀星台北社區C棟閱報室,木柵路二段109巷100弄30號,63000080,24.992453,121.562121,其他,其他場所,文山區木柵路2段109巷100弄30號
臺北市北投區桃源國民小學,中央北路三段40巷45號,63000120,25.139607,121.484481,其他,其他場所,教務處走廊
臺北市立蘭雅國民中學,忠誠路2段51號,63000110,25.110656,121.531042,學校、大型集會場所,國中,一樓川堂(校門口)
博俊體能事業有限公司,永吉路302號B1,63000020,25.045326,121.574878,學校、大型集會場所,健身房,櫃台右側
郵政博物館,重慶南路2段45號,63000050,25.0317071,121.5148529,大型休閒場所,博物館,郵政博物館一樓
臺北市萬華區西門國民小學,成都路98號,63000070,25.043172,121.503597,其他,其他場所,本校川堂
慧誠老人養護所,木柵路二段163號,63000080,24.98918745,121.5631236,其他,其他場所,文山區木柵路2段163號
臺北市北投區大屯國民小學,復興三路312號,63000120,25.154895,121.503983,其他,其他場所,大屯國小警衛室對面的牆壁
時代國際飯店股份有限公司(台北W飯店)安全部,忠孝東路5段10號,63000020,25.039943,121.56688,旅宿場所,飯店,1F
臺北市立石牌國民中學,石牌路一段139號,63000120,25.114965,121.514231,學校、大型集會場所,國中,體育館1樓
日本伊藤萬游泳學校-陽明營業所,台北市北投區立農街二段155號,63000120,25.1205388,121.51353,其他,其他場所,本場所二樓大廳
陪你健身運動空間,水源路91號,63000050,25.0212387,121.5192452,學校、大型集會場所,健身房,台北市中正區水源路91號
舞動陽光有限公司關渡國小,中央北路四段581號,63000120,25.1263557,121.4661942,學校、大型集會場所,健身中心,運動中心一樓櫃台
臺北市大安區銘傳國民小學,羅斯福路4段21號,63000030,25.014065,121.535576,其他,其他場所,一樓警衛室旁的川堂
旭昇健康有限公司,天母東路50巷8號,63000110,25.117664,121.533357,學校、大型集會場所,健身房,旭昇健康有限公司
燦坤內湖旗艦店,堤頂大道一段331號,63000100,25.0627834,121.5729501,其他,其他場所,賣場A棟2樓
燦坤內湖旗艦店,堤頂大道一段331號,63000100,25.0627834,121.5729501,其他,其他場所,1樓大門口電梯右側WanDau門市前
全球動競健康有限公司,興隆路二段252號B1,63000080,25.000676,121.554242,學校、大型集會場所,健身房,全球動競健康有限公司
燦坤實業股份有限公司,堤頂大道一段331號5樓,63000100,25.06271,121.573044,其他,其他場所,總部5樓會客大廳
大葉高島屋百貨股份有限公司,忠誠路2段55號,63000110,25.111857,121.531367,大型購物場所,百貨業,1F員工出入口安全門旁
臺北捷運北投會館,大業路527巷88號,63000120,25.13455,121.483311,學校、大型集會場所,健身中心,北投會館捷之旅
臺北捷運北投會館,大業路527巷88號,63000120,25.13455,121.483311,學校、大型集會場所,健身中心,北投會館B1層
仙細工作室,忠孝東路四段59號6樓之5,63000030,25.0419062,121.5460543,學校、大型集會場所,健身房,本場館玄關
臺北市立浩然敬老院,福德街84巷36號2樓,63000020,25.0383539,121.5814527,其他,其他場所,2樓護理站
臺北市大安區新生國民小學,新生南路二段36號,63000030,25.02982,121.53362,其他,其他場所,南側三樓電梯消防栓旁
臺北市立成德國民中學,東新街108巷23號,63000090,25.045021,121.587729,其他,其他場所,公民培力中心教室
台灣大昌華嘉股份有限公司,堤頂大道２段407巷22號10樓,63000100,25.0811548,121.5637103,其他,其他場所,9F進門處
台灣大昌華嘉股份有限公司,堤頂大道２段407巷22號10樓,63000100,25.0811548,121.5637103,其他,其他場所,5F 大廳
台灣大昌華嘉股份有限公司,堤頂大道２段407巷22號10樓,63000100,25.0811548,121.5637103,其他,其他場所,10F大廳
臺北市士林區百齡國民小學,福港街205號,63000110,25.086207,121.51785,其他,其他場所,百齡國小健康中心內
新驛旅店復興北路店,復興北路338號,63000040,25.0595347,121.5439625,旅宿場所,旅館,旅店1樓辦公室
臺北市萬華區雙園國民小學,莒光路315號,63000070,25.030891,121.497964,其他,其他場所,警衛室進門處
臺北市立雙園國民中學,興義街2號,63000070,25.027554,121.492646,學校、大型集會場所,國中,大門警衛室旁
臺北市立人國際國民中小學,安和路二段99號,63000030,25.0298352,121.5519283,學校、大型集會場所,國小,中央川堂
臺北市立第一女子高級中學,重慶南路一段165號,63000050,25.038561,121.513103,學校、大型集會場所,高中職,至善樓扇形廣場
臺北市中正區河堤國民小學,汀州路2段180號,63000050,25.042141,121.519872,其他,其他場所,河堤國小警衛室外牆
臺北市信義區雙永國民小學,松山路287巷5號,63000020,25.04308,121.579487,其他,其他場所,體育器材室走廊
臺北市立?公國民中學,福德街221巷15號,63000020,25.03682,121.586144,其他,其他場所,健康中心外走廊
臺北市中山地政事務所,臺北市中山區松江路357巷1號,63000040,25.0636234,121.5340184,其他,其他場所,臺北市中山地政事務所1樓洽公大廳
內政部警政署保安警察第六總隊,南昌路一段10號,63000050,25.032884,121.515826,其他,其他場所,保六總隊大樓1樓大廳
臺灣新文化運動紀念館,寧夏路87號,63000060,25.059009,121.51515,大型休閒場所,博物館,1樓遊客休憩區
財團法人臺灣敦睦聯誼會所屬作業組織圓山大飯店,中山北路4段1巷1號,63000040,25.078611,121.526287,旅宿場所,旅館,聯誼會健身房
臺北市立信義國民中學,松仁路158巷1號,63000020,25.028601,121.568125,其他,其他場所,信義國中門口警衛室
臺北市立螢橋國民中學,汀州路三段4號,63000050,25.019355,121.526235,學校、大型集會場所,國中,螢橋國中學務處前走廊
臺北市內湖區戶政事務所,民權東路六段99號三樓,63000100,25.069294,121.589172,其他,其他場所,3樓入口服務臺旁
台北市建國假日玉市A區,建國南路一段高架橋下第五橋孔,63000030,25.03969,121.5374948,大型購物場所,商場,台北市建國假日玉市A區服務台
光華數位新天地,市民大道三段8號,63000050,25.045059,121.53191,大型購物場所,商場,一樓服務台
臺北市信義區戶政事務所,福德街86號6樓,63000020,25.03772618,121.5819729,其他,其他場所,信義區行政中心6樓戶政事務所
凱基證券股份有限公司(宏啟大樓13樓),忠孝西路1段100號13樓,63000050,25.04715446,121.5127069,其他,其他場所,13樓梯廳
臺北市國語實驗國民小學,南海路58號,63000050,25.0304771,121.5108887,其他,其他場所,游泳池
財團法人伊甸社會福利基金會附設臺北市私立頤福社區式長期照顧服務機構,裕民六路120號3樓,63000120,25.114535,121.517648,其他,其他場所,臺北市北投區裕民六路120號3樓
燦路都飯店,民權東路一段9號,63000040,25.0629726,121.5233404,旅宿場所,旅館,1樓大廳
國營臺灣鐵路股份有限公司北區營運處臺北運務段松山站,永吉里松山路11號,63000020,25.049263,121.578054,交通要衝,台鐵車站,松山車站B1F東剪票口
星聚點壹號文創股份有限公司延平分公司,延平北路二段83號,63000060,25.0563616,121.5121508,大型休閒場所,視聽歌唱場所,左手處櫃台
植健身 敦南店,敦化南路二段59號B1,63000030,25.03119634,121.5491942,學校、大型集會場所,健身房,地下一樓休息區（按摩床旁）
國立臺北科技大學,忠孝東路3 段1號,63000030,25.04246,121.53565,學校、大型集會場所,大專院校,行政大樓一樓電梯旁
國立臺北科技大學,忠孝東路3 段1號,63000030,25.04246,121.53565,學校、大型集會場所,大專院校,先鋒國際研發大樓9樓
臺北市立文山特殊教育學校,秀明路一段169號,63000080,24.99154,121.567807,學校、大型集會場所,高中職,本校大廳
中鼎工程公司,中山北路六段89號,63000110,25.105726,121.524397,其他,其他場所,中鼎大樓10F觀景窗旁
臺北市中山區中山國民小學,民權東路1段69號,63000040,25.063005,121.526449,其他,其他場所,一樓川堂
BELIEF_IT運動工作室,和平東路四段389號1樓,63000080,24.9990355,121.574283,學校、大型集會場所,健身房,櫃檯前方
臺北市士林區蘭雅國民小學,磺溪街57號,63000110,25.10841,121.523137,其他,其他場所,蘭雅國民小學 一樓穿堂
Curves社子延北店,延平北路五段307號2樓,63000110,25.086201,121.509312,學校、大型集會場所,健身房,健身中心
臺北市立兒童新樂園,承德路5段55號,63000110,25.097094,121.514709,觀光旅遊地區,民營遊樂業,1樓停車場停管室旁
Curves可爾姿士林店,中山北路五段687號2樓之1,63000110,25.097215,121.527219,學校、大型集會場所,健身房,臺北市士林區中山北路五段687號2樓之1
特力屋股份有限公司士林分公司,基河路258號1F,63000110,25.092605,121.5202,大型購物場所,賣場,1F入口處
臺北市中山老人住宅暨服務中心,新生北路2段101巷2號,63000040,25.057314,121.528413,其他,其他場所,1F大廳接待區
森蒲有限公司（Energym),南京東路五段123巷1弄4號1F,63000010,25.051912,121.560518,學校、大型集會場所,健身房,訓練區內
Curves女性專用30分鐘健身中心南京復興店,南京東路三段208號五樓,63000040,25.051672,121.543218,學校、大型集會場所,健身房,伸展區右方
世正南軟大樓,三重路66號2樓,63000090,25.057111,121.614302,其他,其他場所,台北市南港區三重路66號2樓服務台旁
國立臺灣文學館 臺北分館（臺灣文學基地）,濟南路二段27號,63000050,25.0412035,121.5285113,大型休閒場所,博物館,悅讀館
象山步道,象山步道,63000020,25.0269,121.5744552,觀光旅遊地區,全區域,象山步道-攝手平台
象山步道,象山步道,63000020,25.0269,121.5744552,觀光旅遊地區,全區域,六巨石
象山步道,象山步道,63000020,25.0269,121.5744552,觀光旅遊地區,全區域,六巨石往逸賢亭的交叉路口
象山步道,象山步道,63000020,25.0269,121.5744552,觀光旅遊地區,全區域,超然亭
象山步道,象山步道,63000020,25.0269,121.5744552,觀光旅遊地區,全區域,永春亭
維克訓練Victor’s Training,南京東路二段216號B1,63000040,25.0517133,121.5361642,學校、大型集會場所,健身房,場館顯眼位置
新光人壽保險股份有限公司,忠孝西路一段66號,63000050,25.046245,121.515283,其他,其他場所,一樓大廳左側
新光人壽保險股份有限公司_松山金融大樓,南京東路五段125號11樓,63000010,25.0516691,121.5611154,其他,其他場所,台北市松山區南京東路五段125號
臺北市立文山幼兒園,興隆路4段105巷1號,63000080,24.9877892,121.5607501,其他,其他場所,本園側門入口處
臺北捷運中山地下街,南京西路16號B1樓,63000040,25.052429,121.520526,大型購物場所,地下街,中山地下街書街R8逃生出口旁
新芳春茶行,民生西路309號,63000060,25.057081,121.512548,大型休閒場所,博物館,新芳春茶行
臺北市立民權國民中學,重慶北路3段1號,63000060,25.063802,121.513866,其他,其他場所,民權國中校門口警衛室內沙發椅旁邊
臺北捷運東區地下街,大安路1段77號地下1樓,63000030,25.041695,121.546424,大型購物場所,地下街,第四廣場10號出入口
臺北市立育成高級中學,重陽路366號,63000090,25.033608,121.608512,學校、大型集會場所,高中職,校門口1F穿堂
合作金庫資產管理股份有限公司,館前路77號3樓,63000050,25.043675,121.515185,其他,其他場所,合作金庫資產管理公司三樓辦公室
臺北巿大安區龍安國民小學,新生南路3段33號,63000030,25.023922,121.534885,其他,其他場所,台北市大安區龍安國民小學
臺北市大同區延平國民小學,昌吉街97號,63000060,25.066047,121.512454,其他,其他場所,學務處門旁
臺北市內湖區麗湖國民小學,金湖路363巷8號,63000100,25.072992,121.601146,其他,其他場所,1樓風雨操場(健康中心旁)
臺北市內湖區麗湖國民小學,金湖路363巷8號,63000100,25.072992,121.601146,其他,其他場所,3樓游泳池
甲山林湯旅(JSL HOTEL),興安街60號,63000040,25.0559733,121.5397017,旅宿場所,旅館,一樓大廳
健身工廠萬隆廠,興隆路一段15號2樓,63000080,25.0043458,121.5405182,大型休閒場所,運動場館(如小巨蛋),台北市文山區興隆路一段15號2樓
BEYOND FITNESS,安和路二段81號B1,63000030,25.0301277,121.5522728,學校、大型集會場所,健身房,櫃台旁櫃子
臺北市立重慶國民中學,敦煌路19號,63000060,25.076266,121.518102,學校、大型集會場所,國中,中庭/總務處外牆
藍陽國際有限公司,基隆路一段25號1樓,63000020,25.048408,121.569123,學校、大型集會場所,健身房,體能王區
臺北農產運銷股份有限公司,民族東路336號,63000040,25.067471,121.537218,其他,其他場所,5樓行政中心
臺北市立成淵高級中學,承德路2段235號,63000060,25.061177,121.518454,學校、大型集會場所,高中職,健康中心前走廊
交通部民用航空局臺北國際航空站(松山機場),敦化北路340-9號,63000010,25.06369,121.552742,交通要衝,機場,國際線出境大廳自動查驗通關道後方
臺北市立南門國民中學,廣州街6號,63000050,25.033992,121.509089,其他,其他場所,南門國中
世方旅居文旅,松江路485號,63000040,25.0672047,121.5336575,旅宿場所,旅館,一樓大廳進門左手邊
樸苒安有限公司,承德路三段25號2.3樓,63000060,25.0640643,121.5185486,學校、大型集會場所,健身中心,櫃台左前方
永安棧 WESTGATEHOTEL,中華路一段150號,63000070,25.0428894,121.5080496,旅宿場所,旅館,中華路一段150號
國立故宮博物院,至善路2段221號,63000110,25.10235,121.548432,大型休閒場所,博物館,第1展覽館1樓大廳
富驛時尚酒店,南京東路三段131號,63000040,25.0522472,121.5406666,旅宿場所,旅館,進門左側
第一商業銀行信用卡處(八德大樓),八德路二段203號10樓,63000040,25.046957,121.539723,其他,其他場所,八德大樓10樓
柯旅天閣股份有限公司,忠孝東路五段297號,63000020,25.04114669,121.5728493,旅宿場所,旅館,交誼廳
臺北市士林區富安國民小學,延平北路8段135號,63000110,25.105869,121.482442,其他,其他場所,學校穿堂
承攜行旅台北重慶館,重慶北路一段62號,63000060,25.0518459,121.5138259,旅宿場所,旅館,旅館大廳
城市商旅台北南東館,南京東路五段411號,63000010,25.0515071,121.570012,旅宿場所,旅館,一樓大廳
希芙健康股份有限公司,南京東路二段100號,63000040,25.0517577,121.5319808,大型休閒場所,運動場館(如小巨蛋),櫃台前方
中山國中星耀樓,民權東路三段106巷3弄2號,63000010,25.0613514,121.5456185,大型休閒場所,運動場館(如小巨蛋),1樓電梯旁
台北時代寓所,幸福里林森南路7號,63000050,25.0439639,121.5235742,旅宿場所,旅館,本館3F健身房
台北時代寓所,幸福里林森南路7號,63000050,25.0439639,121.5235742,旅宿場所,旅館,本館大廳
阿樹國際旅店,八德路三段76號,63000010,25.0480759,121.5526449,旅宿場所,飯店,飯店4樓大廳
國立故宮博物院,至善路2段221號,63000110,25.10235,121.548432,大型休閒場所,博物館,至善園入口
國揚健康事業有限公司,松德路65號B1,63000020,25.0384449,121.576699,學校、大型集會場所,健身中心,右側入口
Curves 女性專用30分鐘健身中心南京小巨蛋店,南京東路4段50號4樓之2,63000010,25.05143,121.55342,學校、大型集會場所,健身房,伸展區前方
臺北市立古亭國民中學,中華路二段465號,63000050,25.024756,121.509983,學校、大型集會場所,國中,古亭國中一校健康中心門口
第一華僑大飯店,南京東路二段63號,63000040,25.0522811,121.530225,旅宿場所,飯店,進門後右前方
給力健身房民生店,民生東路三段128號B1,63000010,25.057173,121.546995,學校、大型集會場所,健身房,健身區
台新國際商業銀行建北分行,建國北路２段17號,63000040,25.054128,121.537452,其他,其他場所,分行大廳右側
台新國際商業銀行敦南分行,仁愛路四段118號1樓,63000030,25.037574,121.550076,其他,其他場所,分行主要出入口
台新國際商業銀行內湖大樓,舊宗路２段207號1樓,63000100,25.072963,121.574025,其他,其他場所,1樓大廳電梯旁
台新國際商業銀行忠孝分行,忠孝東路４段282號1樓,63000030,25.041196,121.555495,其他,其他場所,忠孝分行1樓大廳
星宇航空股份有限公司,忠孝東路四段525號11樓,63000020,25.04216558,121.5615707,長距離交通工具,航空器,星宇客機B-58204
星宇航空股份有限公司,忠孝東路四段525號11樓,63000020,25.04216558,121.5615707,長距離交通工具,航空器,星宇客機B-58507
星宇航空股份有限公司,忠孝東路四段525號11樓,63000020,25.04216558,121.5615707,長距離交通工具,航空器,星宇客機B-58509
台北桃禧大飯店,重慶北路一段73號,63000060,25.0522756,121.5142533,旅宿場所,飯店,櫃台旁
國立臺灣大學(校總區),羅斯福路4段1號,63000030,25.016323,121.534463,學校、大型集會場所,大專院校,戶外游泳池
國立臺北科技大學,忠孝東路3 段1號,63000030,25.04246,121.53565,學校、大型集會場所,大專院校,學生宿舍一舍電梯旁
青年公園,水源路199號-駐警隊,63000070,25.021782,121.506684,其他,其他場所,青年公園駐警室
中國文化大學 大恩館,華岡路55號,63000110,25.136543,121.538749,學校、大型集會場所,大專院校,本校大孝館8樓
中國文化大學 大恩館,華岡路55號,63000110,25.136543,121.538749,學校、大型集會場所,大專院校,大義館
艋舺公園,西園路1段145號,63000070,25.036085,121.499544,其他,其他場所,艋舺公園駐警室
國立臺北科技大學,忠孝東路3 段1號,63000030,25.04246,121.53565,學校、大型集會場所,大專院校,宏裕科技研究大樓1樓電梯旁
大安森林公園,新生南路2段1號,63000030,25.030199,121.535496,其他,其他場所,大安森林公園音樂台辦公室
中國文化大學 大恩館,華岡路55號,63000110,25.136543,121.538749,學校、大型集會場所,大專院校,本校大成館
臺北市古亭地政事務所,萬隆街47之12號3樓,63000080,25.000662,121.536974,其他,其他場所,本所3F入口處
和平青草園,西園路二段42號,63000070,25.03271143,121.4973483,其他,其他場所,和平青草園綠化教室門口
青年公園,水源路199號-駐警隊,63000070,25.021782,121.506684,其他,其他場所,青年公園管理所辦公室
二二八和平公園,懷寧街103號,63000050,25.04184,121.514159,其他,其他場所,二二八和平公園駐警室
國立臺北科技大學,忠孝東路3 段1號,63000030,25.04246,121.53565,學校、大型集會場所,大專院校,億光大樓
國立臺北科技大學,忠孝東路3 段1號,63000030,25.04246,121.53565,學校、大型集會場所,大專院校,忠孝東路警衛室
國立臺北科技大學,忠孝東路3 段1號,63000030,25.04246,121.53565,學校、大型集會場所,大專院校,衛生保健組
南港公園,東新街170之1號,63000090,25.045919,121.591476,其他,其他場所,南港公園駐警室內
臺北市立忠孝國民中學,西寧北路32號,63000060,25.051223,121.508218,學校、大型集會場所,國中,穿堂
臺北市立圖書館大同分館,重慶北路3段318號,63000060,25.074304,121.513555,大型休閒場所,圖書館,臺北市立圖書館大同分館入口處右側，服務台旁之牆面。
臺北市文山區志清國民小學,景福街21巷5號,63000080,24.998665,121.538908,其他,其他場所,川堂
臺北市立圖書館東湖分館,五分街6號,63000100,25.067415,121.61261,大型休閒場所,圖書館,圖書館大門口內
臺北市立圖書館三民分館,民生東路5段163-1號5樓,63000010,25.0587,121.563141,其他,其他場所,5樓資訊檢索區
臺北市立圖書館葫蘆堵分館,延平北路五段136巷1號5樓,63000110,25.082193,121.510873,大型休閒場所,圖書館,5樓服務台後方
臺北市立永吉國民中學,松隆路161號,63000020,25.048236,121.574145,其他,其他場所,活動中心一樓，游泳池外川堂
中國信託商業銀行,台北市南港區經貿二路168號1樓,63000090,25.0589412,121.616187,其他,其他場所,A棟1樓大廳
中國信託商業銀行,台北市南港區經貿二路168號1樓,63000090,25.0589412,121.616187,其他,其他場所,經貿二路168號Ｃ棟１樓(服務台旁)
中國信託商業銀行,台北市南港區經貿二路168號1樓,63000090,25.0589412,121.616187,其他,其他場所,台北市南港區經貿二路188號1F
中國信託商業銀行,台北市南港區經貿二路168號1樓,63000090,25.0589412,121.616187,其他,其他場所,台北市南港區經貿二路168號2樓
中國信託商業銀行,台北市南港區經貿二路168號1樓,63000090,25.0589412,121.616187,其他,其他場所,經貿二路168號B棟3F
長順區民活動中心,長順街臨127號,63000070,25.031361,121.4907293,其他,其他場所,活動中心內
臺北市信義公民會館（四四南村）,松勤街52號,63000020,25.0314202,121.5620206,其他,其他場所,入口大廳左側
潤泰旭展股份有限公司(CITYLINK南港店),忠孝東路七段369號,63000090,25.05267019,121.6072083,大型購物場所,商場,C棟11F
第一商業銀行中山分行,中山北路二段61號,63000040,25.056177,121.522992,其他,其他場所,第一銀行中山分行營業廳
見潭璞旅,承德路四段250號,63000110,25.0891784,121.5204553,旅宿場所,旅館,旅館大廳
圓山步道,中山北路四段登山步道,63000040,25.0769595,121.5256057,其他,其他場所,初二觀景平台
圓山步道,中山北路四段登山步道,63000040,25.0769595,121.5256057,其他,其他場所,微風平台
圓山步道,中山北路四段登山步道,63000040,25.0769595,121.5256057,其他,其他場所,台北市中山區中山北路四段
格拉斯麗台北飯店,忠孝東路二段89號3樓,63000050,25.0431085,121.530698,旅宿場所,飯店,飯店3樓大廳禮賓桌旁
台北生技園區,忠孝東路七段508號2樓,63000090,25.0522286,121.6099135,其他,其他場所,2樓大廳
?體能工作室,成功路五段79號,63000100,25.0741169,121.605437,其他,其他場所,本館進門左側
圓山步道,中山北路四段登山步道,63000040,25.0769595,121.5256057,其他,其他場所,老地方
圓山步道,中山北路四段登山步道,63000040,25.0769595,121.5256057,其他,其他場所,繁榮台北
臺北市私立喬治高級工商職業學校,基隆路二段155號,63000020,25.025907,121.554505,學校、大型集會場所,高中職,浩然樓1F實習處辦公室前
臺北市私立喬治高級工商職業學校,基隆路二段155號,63000020,25.025907,121.554505,學校、大型集會場所,高中職,霞雲樓1F梯廳
臺北市私立衛理女子高級中學,至善路2段321號,63000110,25.101757,121.55231,學校、大型集會場所,高中職,家長會辦公室外
臺北市私立衛理女子高級中學,至善路2段321號,63000110,25.101757,121.55231,學校、大型集會場所,高中職,桌球教室外面
強大肌力訓練中心有限公司,樂群二路265巷32號,63000040,25.081045,121.572785,其他,其他場所,台北市中山區樂群二路265巷32號 本中心櫃台上方
洛碁大飯店驛,黎明里重慶南路一段21號,63000050,25.0458122,121.5133545,旅宿場所,旅館,大廳座位區
瀚寓酒店,基隆路一段206號,63000020,25.0397795,121.563133,旅宿場所,飯店,酒店大廳
臺北捷運南港展覽館站BR24,南港路1段32號,63000090,25.05539,121.617555,交通要衝,捷運站,地下1樓
台北中山雅樂軒酒店,雙城街一號,63000040,25.0658309,121.5243036,旅宿場所,飯店,台北中山雅樂軒 - 一樓大廳電梯前方
立法院(中山南路1號),中山南路1號,63000050,25.043902,121.519537,學校、大型集會場所,立法院,本院會客室
煦陽適能空間,汀洲路四段173號1樓,63000080,25.004467,121.5357806,學校、大型集會場所,健身房,櫃台
立法院(中山南路1號),中山南路1號,63000050,25.043902,121.519537,學校、大型集會場所,立法院,醫務室
立法院(濟南路一段1號),濟南路一段1號,63000050,25.043252,121.519895,學校、大型集會場所,立法院,群賢樓-1樓
中山國中星耀樓,民權東路三段106巷3弄2號,63000010,25.0613514,121.5456185,大型休閒場所,運動場館(如小巨蛋),2樓電梯旁
畢人體能有限公司Berenfit,信義路四段199巷32號,63000030,25.0353243,121.5515828,學校、大型集會場所,健身房,健身房放鬆區
臺北市私立新民國民小學,辛亥路一段113號,63000030,25.022224,121.531661,其他,其他場所,學務處-健康中心
力康健康事業股份有限公司,內湖路一段356號2樓,63000100,25.081453,121.5705162,其他,其他場所,健康管理中心內
力康運動醫學機構天母館,明德路365號學思樓3樓,63000120,25.1186138,121.5192037,其他,其他場所,運動教室
力康運動醫學機構萬隆館,羅斯福路五段127號1樓,63000080,25.004707,121.539156,其他,其他場所,本館教室內
新光三越百貨股份有限公司台北信義分公司二館,松高路12號,63000020,25.038021,121.56673,大型購物場所,百貨業,4F醫務室
維京健身工作室,義理街81號,63000120,25.1180834,121.5159794,學校、大型集會場所,健身房,大廳
柯旅天閣股份有限公司開封分公司,開封街一段33號1樓,63000050,25.04606111,121.512915,旅宿場所,飯店,本館大廳
英屬百慕達商友邦人壽保險股份有限公司台灣分公司(松江路),松江路223號4樓,63000040,25.058616,121.533479,其他,其他場所,台北市松江路223號4樓
英屬百慕達商友邦人壽保險股份有限公司台灣分公司(敦化南路),敦化南路二段333號17樓,63000030,25.022086,121.549117,其他,其他場所,台北市大安區敦化南路二段333號17樓
臺北市立文獻館,中華路一段174-1號,63000070,25.040198,121.507287,大型休閒場所,博物館,臺北市立文獻館
臺北市立南港高級工業職業學校,興中路29號,63000090,25.056498,121.607859,學校、大型集會場所,高中職,教室區大樓1樓健康中心前走廊
國立陽明交通大學-陽明校區,立農街2段155號（陽明交通大學）,63000120,25.120313,121.514794,學校、大型集會場所,大專院校,陽明校區-軍艦岩親山步道入口
國立陽明交通大學-陽明校區,立農街2段155號（陽明交通大學）,63000120,25.120313,121.514794,學校、大型集會場所,大專院校,陽明校區守仁樓一樓駐警隊值班室
國立陽明交通大學-陽明校區,立農街2段155號（陽明交通大學）,63000120,25.120313,121.514794,學校、大型集會場所,大專院校,男一舍一樓門口
國立陽明交通大學-陽明校區,立農街2段155號（陽明交通大學）,63000120,25.120313,121.514794,學校、大型集會場所,大專院校,男五舍一樓門口外
國立陽明交通大學-陽明校區,立農街2段155號（陽明交通大學）,63000120,25.120313,121.514794,學校、大型集會場所,大專院校,陽明校區山頂操場
國立陽明交通大學-陽明校區,立農街2段155號（陽明交通大學）,63000120,25.120313,121.514794,學校、大型集會場所,大專院校,生物醫學大樓一樓外面風雨走廊
國立陽明交通大學-陽明校區,立農街2段155號（陽明交通大學）,63000120,25.120313,121.514794,學校、大型集會場所,大專院校,醫學二館一樓門口外
國立陽明交通大學-陽明校區,立農街2段155號（陽明交通大學）,63000120,25.120313,121.514794,學校、大型集會場所,大專院校,知行樓前棟，人社院一樓音前廳
國立陽明交通大學-陽明校區,立農街2段155號（陽明交通大學）,63000120,25.120313,121.514794,學校、大型集會場所,大專院校,實驗大樓一樓東側走廊
臺北市大同區太平國民小學,延平北路二段239號,63000060,25.061411,121.511471,其他,其他場所,行政大樓一樓
臺北市大安區金華國民小學,愛國東路79巷11號,63000030,25.032275,121.527675,其他,其他場所,川堂左側/警衛室門旁
臺北市內湖區東湖國民小學,東湖路115號,63000100,25.06916,121.616068,其他,其他場所,健康中心外走廊
臺北市內湖區東湖國民小學,東湖路115號,63000100,25.06916,121.616068,其他,其他場所,穿堂
中國科技大學臺北校區,興隆路3段56號,63000080,24.997535,121.554239,學校、大型集會場所,大專院校,中正樓2樓系辦公室門外
臺北嘉佩樂酒吧 Capella Glasshouse,敦化北路129號1F,63000010,25.0523227,121.5494055,旅宿場所,旅館,敦化北路129號1F
新北投車站,七星街1號1樓,63000120,25.13661816,121.5034783,觀光旅遊地區,地方政府主管風景區,車站展覽大廳
臺北嘉佩樂酒店 Capella Taipei,"敦化北路139號1-2,14樓",63000010,25.053229,121.5499151,旅宿場所,飯店,酒店大廳1樓
臺北市萬華區西園國民小學,東園街73巷65號,63000070,25.026663,121.498884,其他,其他場所,書香樓一樓走廊(靠近警衛室)
臺北市士林區三玉國民小學,天母東路116號,63000110,25.118013,121.537344,其他,其他場所,健康中心
光點華山電影館,八德路1段1號(中六電影館),63000050,25.044983,121.529005,大型休閒場所,電影片映演場所(戲院、電影院),光點華山電影館(售票櫃台)
臺北市萬華區龍山國民小學,和平西路3段235號,63000070,25.036439,121.495917,其他,其他場所,臺北市龍山國小健康中心
臺北市勞動檢查處,艋舺大道101號7樓,63000070,25.03346,121.501347,其他,其他場所,7樓
國立國父紀念館,仁愛路4段505號,63000020,25.03955,121.560265,觀光旅遊地區,文化園區,臨時辦公室-短棟近園區門內側
國立國父紀念館,仁愛路4段505號,63000020,25.03955,121.560265,觀光旅遊地區,文化園區,臨時辦公室-長棟服務台前
誠品生活股份有限公司松菸店,菸廠路88號,63000020,25.043938,121.559302,大型購物場所,商場,3F讀者服務中心
艾奕康工程顧問股份有限公司,信義路五段8號16樓,63000020,25.03275,121.561219,其他,其他場所,辦公室管制門內
星宇航空股份有限公司,忠孝東路四段525號11樓,63000020,25.04216558,121.5615707,長距離交通工具,航空器,星宇客機B-58510
臺北市水源劇場,羅斯福路四段92號10樓,63000050,25.013651,121.534973,大型休閒場所,演藝廳,水源劇場大廳走廊
台北中山雅樂軒酒店,雙城街一號,63000040,25.0658309,121.5243036,旅宿場所,飯店,台北中山雅樂軒16樓健身房
老爺大酒店股份有限公司,中山北路2段37-1號,63000040,25.053924,121.522844,其他,其他場所,在1樓大廳
GYM RULES 健身規則,農安街9號2樓,63000040,25.0651017,121.5233558,學校、大型集會場所,健身房,櫃台旁
誠品生活股份有限公司松菸店,菸廠路88號,63000020,25.043938,121.559302,大型購物場所,商場,B1F美食街手扶梯口
京站實業股份有限公司,承德路一段一號,63000060,25.062724,121.511306,大型購物場所,百貨業,1FQ1出入口
京站實業股份有限公司,承德路一段一號,63000060,25.062724,121.511306,大型購物場所,百貨業,B3東側
元大人壽金星大樓,(104)臺北市中山區松江路106號,63000040,25.0511593,121.5327385,其他,其他場所,1F信箱區
中國科技大學臺北校區,興隆路3段56號,63000080,24.997535,121.554239,學校、大型集會場所,大專院校,中國科技大學格致樓1樓大廳正門電視牆旁
臺北市立中山女子高級中學,長安東路2段141號,63000040,25.079202,121.542709,學校、大型集會場所,高中職,莊敬樓1樓入口
貓空纜車動物園站,新光路2段8號,63000080,24.99569,121.577094,交通要衝,捷運站,貓空纜車動物園站
貓空纜車動物園南站,新光路2段30-2號,63000080,24.990172,121.587576,交通要衝,捷運站,貓空纜車動物園南站
貓空纜車指南宮站,指南路3段157巷200號,63000080,24.979041,121.589698,交通要衝,捷運站,貓空纜車指南宮站
貓空纜車貓空站,指南路3段38巷35號,63000080,24.968914,121.588297,交通要衝,捷運站,貓空纜車貓空站
臺北市政府消防局信義分隊,松仁路1號,63000020,25.040833,121.568976,其他,其他場所,1樓值班室
臺北市政府消防局城中分隊,忠孝西路1段86號,63000050,25.046998,121.513444,其他,其他場所,1樓值班室
臺北市政府消防局防災科學教育館,成功路二段376號,63000100,25.069339,121.590343,大型休閒場所,博物館,1樓入口處
臺北市災害應變中心,莊敬路391巷11弄2號(臺北市災害應變中心),63000020,25.028846,121.566153,其他,其他場所,5樓整備應變科門口
臺北市立中山女子高級中學,長安東路2段141號,63000040,25.079202,121.542709,學校、大型集會場所,高中職,逸仙樓一樓
